0.9556146037111231 -0.07702295281612996 0.28437339178318527 -0.11144424032440992 0.0599677721270459 0.9958667255697117 0.06821496332461933 -0.30438214430087196 -0.28845213965160144 -0.04813397744371541 0.9562836848470122 -0.07713134002863932 0.0 0.0 0.0 1.0
0.9639062747263137 -0.09287811799775698 0.24951618524700936 -0.10358250279004944 0.07341453559619235 0.9935666115527682 0.08623035464354047 -0.3090253115236631 -0.25591989286532246 -0.06479985948434043 0.964523691351762 -0.07069837195494105 0.0 0.0 0.0 1.0
0.9584299056628687 -0.0794308329866689 0.27404905636789784 -0.11286177353618025 0.05906487507515273 0.9948973708923974 0.08179552069560993 -0.31849895078785534 -0.2791478025973339 -0.0622086029633217 0.9582309784657215 -0.08463040655187465 0.0 0.0 0.0 1.0
0.9577605509703246 -0.062263000506353125 0.2807455998017063 -0.10899392231777504 0.0545061731135451 0.9978871021821866 0.03536150269369684 -0.2954417683366989 -0.2823540946541777 -0.018565486329110786 0.9591305876946257 -0.1081531003093798 0.0 0.0 0.0 1.0
0.9417210871711604 -0.07227139875707532 0.3285395742686426 -0.22523972693107375 0.05737747650128963 0.9968464212703606 0.054818077147948785 -0.2939442383736724 -0.3314652631488283 -0.032772567168747074 0.9428980669084467 -0.08716638970814758 0.0 0.0 0.0 1.0
0.9208559490272424 -0.0694230461660597 0.3836727333960158 -0.2539971685940533 0.04123015025678744 0.9958418680279266 0.08123420603756998 -0.31114991831223776 -0.38771693695189036 -0.05898612068443034 0.9198892892259264 -0.0610437416185726 0.0 0.0 0.0 1.0
0.9005502978312883 -0.0852399454595152 0.42631360649289946 -0.25700404418111317 0.047515795970467366 0.9940142255698491 0.0983767788652084 -0.3037517325117421 -0.4321474514965659 -0.06833661299673027 0.8992100534874659 -0.0369097637517022 0.0 0.0 0.0 1.0
0.9105873407943946 -0.06940231758690914 0.40744813486775955 -0.24958576530077844 0.013816140106362219 0.9903615862693191 0.13781530775510537 -0.3343390543523231 -0.4130856981654668 -0.11986351171254024 0.9027696410295359 -0.031940853172100894 0.0 0.0 0.0 1.0
0.9220523423258757 -0.035434409214297906 0.38543979545159274 -0.23191524370113673 -0.03040332302492693 0.9860938164174756 0.16338506526428 -0.3576092625972852 -0.38586923528772743 -0.1623682332138353 0.9081527481421777 -0.04243395060180022 0.0 0.0 0.0 1.0
0.9257304919858168 0.054667161900359314 0.37421186877211554 -0.21416512978180693 -0.1404452477910817 0.9684291932088079 0.2059613492451806 -0.40994915854911906 -0.3511383621535666 -0.24322096659993586 0.9041821483756118 -0.02807711647179169 0.0 0.0 0.0 1.0
0.9597058918287685 0.06099232200723347 0.27430727723539966 -0.18767403928210166 -0.1458313014393921 0.9425216146048742 0.30064308964538283 -0.4708079479399479 -0.24020360733159662 -0.3285315772892317 0.9134381449284606 -0.03488808284105107 0.0 0.0 0.0 1.0
0.9672468473963918 0.09149065417753657 0.23677616513265692 -0.18784682904954714 -0.16671627129562808 0.9323657780586084 0.32077987490849574 -0.4962534807265718 -0.19141362431251918 -0.349747806969699 0.9170808402068462 -0.04718999596796762 0.0 0.0 0.0 1.0
0.9897107152846742 0.09470437824942375 0.10725580610392703 -0.14115403831559506 -0.12694939628910903 0.927004557178716 0.3529113692691881 -0.5049117243979933 -0.06600437368413944 -0.36289624791424 0.9294889906232345 -0.051034374730158025 0.0 0.0 0.0 1.0
0.9910660715189998 0.0678700017365471 0.11481175168986346 -0.12085382526989337 -0.10488586572810264 0.9283519054003256 0.3565974159521383 -0.5140109075529967 -0.08238342832635931 -0.365453734279867 0.9271766487272618 -0.040346073960504505 0.0 0.0 0.0 1.0
0.9920036931282358 0.06084483213314119 0.11057392612817309 -0.11644515353789217 -0.09707794127692801 0.9277187070524522 0.3604356704577064 -0.5460661091872757 -0.0806508497249453 -0.36828782787528147 0.926207062833462 -0.04968513109949098 0.0 0.0 0.0 1.0
0.9884126750403042 0.08382618807236909 0.12654465718681415 -0.11272859453007246 -0.12466903381788763 0.9239027901301098 0.36174747795919954 -0.5358527415889534 -0.08659106500650542 -0.37333202036598034 0.9236477767198964 -0.03905368291280059 0.0 0.0 0.0 1.0
0.990132407253021 0.043010780494865 0.13337129849190915 -0.11463991978699364 -0.09259419386549078 0.9151762578228766 0.3922737783453896 -0.5550446910681748 -0.10518625414291932 -0.40075238094137733 0.9101282034129946 -0.009267561333106808 0.0 0.0 0.0 1.0
0.967967500700044 -0.2479565316811795 0.039451839896466945 -0.046222334640211804 0.24389155437652354 0.891272277700184 -0.38229644515751415 0.2779621895449398 0.059630578631780416 0.3796725514179678 0.9231971416656444 -0.06408113768153395 0.0 0.0 0.0 1.0
0.9790749456988226 -0.16199326194387123 0.12316827749026357 -0.03799707454480414 0.19753953353889975 0.9019637167768054 -0.38397858508221433 0.28962753858529444 -0.04889138062574476 0.400274445073441 0.9150901547763147 -0.05893613813512313 0.0 0.0 0.0 1.0
0.9993989382255754 -0.01082717472717585 -0.032931550904958105 0.016350495663461632 0.008309146817217873 0.9970990152520063 -0.075660322210991 0.06463587929183048 0.03365520266778124 0.07534121398500435 0.9965896723664109 0.0015996251208539637 0.0 0.0 0.0 1.0
0.9999782279668203 0.0065957048231757645 -5.0692883259343705e-05 0.029732907282493642 -0.006590731193350655 0.9988610028145649 -0.04725736895497652 0.045642649293790354 -0.0002610605230992812 0.04725667594382826 0.9988827262509926 0.0019042825454599183 0.0 0.0 0.0 1.0
0.9998146723224343 0.017193403597766138 0.00865808116130742 0.025244614516532086 -0.017028955497283536 0.9996797247033163 -0.018721974070632762 0.03649807988914554 -0.008977202909986695 0.018571069069063143 0.9997872265954661 0.009940622249108785 0.0 0.0 0.0 1.0
0.9851842863786451 0.13113682589185433 0.11052164609735346 0.011250242877815071 -0.14828723591695403 0.9751112914836317 0.16482987850709702 -0.09151002492282528 -0.08615563724297924 -0.1787767605005619 0.9801102412042362 0.12099340651729686 0.0 0.0 0.0 1.0
0.9787675955572043 0.15725414658164816 0.13147302622567036 0.014361058174857503 -0.19342022344054483 0.920878640113342 0.3384835818547172 -0.16424702196649454 -0.06784274718877883 -0.3567263026283292 0.9317423196539653 0.16753129370952016 0.0 0.0 0.0 1.0
0.9744972838480217 0.15996767346322413 0.15737036655746756 0.016057688570801587 -0.20950941258171854 0.8997978412696427 0.38271345623652686 -0.18492394795089295 -0.0803797243570457 -0.405923784907094 0.9103653231434934 0.17588617421104707 0.0 0.0 0.0 1.0
0.9699057003227385 0.14365905552066316 0.19658340027798565 0.016990189845422825 -0.21611424968692597 0.8798352664840079 0.42330195180322006 -0.1964126784139029 -0.112149861517357 -0.4530474301169638 0.8844039874957254 0.18139189525286586 0.0 0.0 0.0 1.0
0.9693472371778726 0.15851492624567243 0.1877202683324012 0.018944558431932757 -0.225993337982601 0.8750207396365396 0.4280954705451497 -0.20865393174865254 -0.09639959616063655 -0.45739667028928105 0.8840222737216059 0.18810649850890418 0.0 0.0 0.0 1.0
0.9644937330470463 0.1736913719450507 0.1989552798590677 0.019513060395553235 -0.25056163002750353 0.8399218066612452 0.48140446758274064 -0.2473009669239119 -0.0834910736796235 -0.5141621299323638 0.8536196481870549 0.2193015950732895 0.0 0.0 0.0 1.0
0.9633517385664252 0.1773981589005355 0.2012046005411708 0.020049313940453065 -0.25708160023019766 0.8247004963335473 0.5037639375581899 -0.26048616623713966 -0.07656672576606867 -0.537027899581242 0.8400824800126117 0.23755459510307791 0.0 0.0 0.0 1.0
0.9631949319570805 0.18698352335843058 0.1931132447827055 0.01679096694634334 -0.2624194815518248 0.8097445056186208 0.5248332145179873 -0.26949244527617144 -0.05823725689524831 -0.5561932811505809 0.8290099233718031 0.24584668602030071 0.0 0.0 0.0 1.0
0.9628935354628216 0.18668036188466144 0.19490130762887065 0.01634655504877449 -0.2642860580533693 0.7985304516568527 0.5408345636902001 -0.2792503799549148 -0.054671413076104555 -0.5722758201181837 0.8182367813191702 0.2585952656743337 0.0 0.0 0.0 1.0
0.9638942333789384 0.18877299371660547 0.18781004871796939 0.019517066973438947 -0.2603950242213818 0.8157266973005448 0.5165116811581038 -0.26303209887094664 -0.055698213741648545 -0.5467674817604109 0.8354298677082055 0.25340223271659224 0.0 0.0 0.0 1.0
0.9674167191023157 0.19286921406436427 0.16403157989975048 0.029776694528817385 -0.24928375612098216 0.8389252178053282 0.4837996618780677 -0.24573846139098476 -0.044300172190590015 -0.5089262412960865 0.8596694625708619 0.2525708929170659 0.0 0.0 0.0 1.0
0.9748816830516042 0.206013903804472 0.08464031724970815 0.050068101575844376 -0.22216880915377982 0.8726958493512647 0.43479075394977496 -0.21871130952041745 0.015707685139977345 -0.4426739421240373 0.8965450555566732 0.23761613962059547 0.0 0.0 0.0 1.0
0.8915694266932059 0.45165450988604866 0.03334798413483935 -0.025164709339868474 -0.41948867037403553 0.7958321767010046 0.43666956566014165 -0.21883350314360406 0.1706844183947495 -0.4033103064023528 0.8990036504356138 0.31039174137142506 0.0 0.0 0.0 1.0
0.8675728241568785 0.4891625896366941 0.089651585541374 -0.04825129505988711 -0.46643218585619706 0.7378410199064427 0.48788483723354675 -0.2894708043576518 0.1725063778185521 -0.4650919469453623 0.8682920115554071 0.3292356440734547 0.0 0.0 0.0 1.0
0.8845789343416914 0.4605934341128069 0.07330651525327805 -0.03291307036716944 -0.4349144682497781 0.7578633818540764 0.4863049636915387 -0.2855245010093076 0.1684325740074516 -0.4620571838112065 0.8707086569468956 0.30321125480493655 0.0 0.0 0.0 1.0
0.8889092239025377 0.4575672726879507 0.021738033903313327 -0.017316000299547052 -0.4234244193270277 0.8026207454774167 0.4201329367919906 -0.2663527378073498 0.17479168148720328 -0.38266445589106163 0.9072021523988597 0.2878099538934652 0.0 0.0 0.0 1.0
0.8944391871524572 0.4470802685917733 -0.009887914097605331 0.0020117343575134228 -0.4022195313901228 0.8139599288863755 0.41915227549689793 -0.24771921435862365 0.19544310939312376 -0.3709290913121145 0.9078620612001667 0.30417404353414906 0.0 0.0 0.0 1.0
0.8942697819988127 0.4426619869122994 -0.06581699978418619 0.014717217524323437 -0.3649228918128329 0.8064085796375375 0.4653346383844572 -0.27189116024278753 0.259061406517697 -0.39211657812751394 0.8826843200624002 0.3373303020000736 0.0 0.0 0.0 1.0
0.8624252104657805 0.5047960983373886 0.03746500510343126 -0.03219949989376975 -0.46898940866691347 0.7690135952432681 0.43435802747728763 -0.28697423907186514 0.1904511594627714 -0.392171968578685 0.8999607274333007 0.30172647553905774 0.0 0.0 0.0 1.0
0.980891715043034 -0.11258605570789115 0.1586688411478686 0.06751407955698521 0.09865213077874099 0.9907538667866898 0.0931374188519856 -0.07661080451424096 -0.16768776072814964 -0.07570476974137863 0.9829290732010204 0.1280366282591019 0.0 0.0 0.0 1.0
0.6549455819256154 0.6569247837461715 0.3734918113945174 -0.12376222291143713 -0.7555612154992877 0.5778892754343985 0.3084984041022986 -0.09286948465025596 -0.013176707270426798 -0.4842455714134207 0.8748329243969075 0.338964107176795 0.0 0.0 0.0 1.0
0.6798882990131057 0.6692399540898624 0.29978292977642435 -0.09932883783012854 -0.7327462900161914 0.6361059819642981 0.2417685920124984 -0.05453407945084754 -0.028892591731754232 -0.38404047127761853 0.9228640837497093 0.3253559648926631 0.0 0.0 0.0 1.0
0.790380568475922 0.5371246878057694 0.2946109754506403 -0.10625677428748102 -0.6040969510133212 0.7632687446549082 0.2291021347183498 -0.025950910818483386 -0.10181091923031833 -0.3590514001968212 0.927748155237312 0.20666899964137886 0.0 0.0 0.0 1.0
0.7727304863804119 0.5218559735545172 0.36132262595579434 -0.11806220653476167 -0.6305862084200009 0.6961333615442189 0.3431611041402639 -0.08868930395580832 -0.07244810817314223 -0.49301605745268917 0.8669985331139934 0.20039171576967973 0.0 0.0 0.0 1.0
0.7770279061229999 0.4750680478829589 0.4129625404111547 -0.13525715861483253 -0.6251187900661752 0.6593569288643222 0.4177019666297832 -0.1325825387560769 -0.07385282767159564 -0.5827167019432059 0.8093126893438205 0.1987666870495336 0.0 0.0 0.0 1.0
0.7259391150463038 0.47930975204924325 0.49322865559297296 -0.15421460650916002 -0.6875969556105944 0.5213647515836786 0.5053604501447027 -0.2071639052607 -0.014927860357924273 -0.7060034842925451 0.7080510118841316 0.25013224691177904 0.0 0.0 0.0 1.0
0.7008361563589709 0.499113886275869 0.5096214332862284 -0.1766633998679174 -0.7129701339195526 0.467689703385148 0.5224364689101887 -0.22638625639182447 0.022410672881597007 -0.7294871853006811 0.6836271346173683 0.2800187429462894 0.0 0.0 0.0 1.0
0.6354404260085139 0.5106372289048502 0.5791935093179297 -0.17476664428475466 -0.7674514630904039 0.3350485454391597 0.5465901013349368 -0.2425435221711416 0.08505135225659603 -0.7918283240153212 0.60479269047182 0.3322372696330836 0.0 0.0 0.0 1.0
0.5962265006508207 0.5180681644018117 0.6132856877470056 -0.21571071503043043 -0.7946498721380094 0.27215618516414664 0.5426440929183481 -0.2673718081909903 0.11421712969300597 -0.8108861248878677 0.5739495674410056 0.3285260439052311 0.0 0.0 0.0 1.0
0.6747379119336957 0.5039432559395647 0.5392308124782415 -0.19286699353090564 -0.7347842363595238 0.38993399542807794 0.555016788808808 -0.2620329937077418 0.06943251063182264 -0.7707091800929156 0.6333927662273497 0.31503728760685423 0.0 0.0 0.0 1.0
0.6264742728781277 0.5475941676664323 0.5546806017087014 -0.20583902947400942 -0.7664557995156468 0.30343169501159467 0.5661048754271024 -0.2706339420166233 0.14168799487654324 -0.7797882838121178 0.609798944673944 0.3340704092756695 0.0 0.0 0.0 1.0
0.571780145068972 0.5296786289541867 0.6265046654632401 -0.2182554857766335 -0.8001883926906798 0.19156872473642156 0.5683309476148966 -0.30423285466195316 0.18101394714480776 -0.8262820473504123 0.5333778858490521 0.36329550733902555 0.0 0.0 0.0 1.0
0.5509455233671596 0.5278983385106273 0.646360883503096 -0.2239388800224623 -0.7944687632601172 0.09465449540071971 0.5998832741167072 -0.33740551824479975 0.255496395778542 -0.8440165096545869 0.47154818724178693 0.39880875227462087 0.0 0.0 0.0 1.0
0.5277456498632432 0.5428006757911056 0.6533390175372605 -0.2329395162112337 -0.7564910002617315 -0.04942793037303362 0.6521335962033704 -0.380825197440277 0.3862718307555566 -0.8384057632348252 0.38453848552140024 0.4355937536566839 0.0 0.0 0.0 1.0
0.5553832251220503 0.5555090174786668 0.6188369754664557 -0.2465610089242184 -0.7254789178794977 -0.04008782128326627 0.6870758975422371 -0.36397612332758 0.406484633864975 -0.8305436380642408 0.38074602894925513 0.44383760870863714 0.0 0.0 0.0 1.0
0.5142093253146153 0.5536560872426153 0.6550219561652059 -0.24796707275059462 -0.6975471239915378 -0.1743883178952239 0.6949940792722329 -0.3911014957346591 0.49901585587373704 -0.8142810923889333 0.2965291306776668 0.4769234905138285 0.0 0.0 0.0 1.0
0.592331557638172 0.5175940747155116 0.6174461505298809 -0.22379852755838056 -0.5594446679751072 -0.2872632571988022 0.7774969358554853 -0.428412638565755 0.5797974186314137 -0.8059629004849825 0.11941014926014763 0.551587650744561 0.0 0.0 0.0 1.0
0.7176162930377296 0.5154831663900624 0.4682989733396678 -0.09767622114918789 -0.30161303139609796 -0.37605573396244996 0.8761344581232972 -0.46234269716780735 0.627739094350985 -0.7699734777664072 -0.11438726999445237 0.7318691241773744 0.0 0.0 0.0 1.0
0.730904985360078 0.5166334839794573 0.44594582506444347 -0.08556416647954668 -0.3438465861607684 -0.28567098333067703 0.8945175352720338 -0.5078555547801697 0.5895314732152155 -0.8071442975275777 -0.031155663366081502 0.7341265311625309 0.0 0.0 0.0 1.0
0.7637332105813984 0.4911891480930121 0.4188612972297667 -0.06878433139268852 -0.3401592837960888 -0.24524543038112143 0.9078250954633397 -0.5298322636457268 0.5486376366248376 -0.8358157256665856 -0.020219525775644596 0.7438794566950271 0.0 0.0 0.0 1.0
0.7837083388509284 0.4510311460559213 0.42705056673109215 -0.07530123279673834 -0.37987672042877424 -0.19591462760292844 0.9040525652593835 -0.5105803039295409 0.4914213117080525 -0.870740148451931 0.017796347522413228 0.7019829418046717 0.0 0.0 0.0 1.0
0.8000189639260172 0.41531288874859823 0.4329952045914112 -0.06672826128893222 -0.4209664437442914 -0.1256668722719311 0.8983290876135662 -0.5127317208110913 0.4275008081371337 -0.900956739602025 0.0742968548083522 0.6794257189230379 0.0 0.0 0.0 1.0
0.8670294890549788 0.30999004959766335 0.3900846246695978 -0.04366225956507391 -0.42758897725581496 0.061001844549044275 0.901912702128059 -0.5349089249400544 0.25578808402317993 -0.9487807570406489 0.18543876993308178 0.6275570462635436 0.0 0.0 0.0 1.0
0.9051478273821029 0.28830829025118315 0.31238709569396306 -0.03003957152264486 -0.379779964362555 0.21829402854879384 0.8989520750691466 -0.5581259917745087 0.19098315239480196 -0.9323229321788846 0.3070821072615013 0.561620319866581 0.0 0.0 0.0 1.0
0.9242900043682305 0.2800570695232672 0.2593375806812897 -0.02879481141274287 -0.3430396087610512 0.3115738690101566 0.8861407565384702 -0.56074019077844 0.1673671502692901 -0.9080142048972 0.38405531017658856 0.5372867748300351 0.0 0.0 0.0 1.0
0.8840766336979313 0.3312651235702258 0.3296541262201796 -0.055779601222945174 -0.4094697256920538 0.20905916352222945 0.8880477169228514 -0.5570711854064814 0.22526205810592037 -0.9200856806117411 0.32046738261576935 0.550215828914169 0.0 0.0 0.0 1.0
0.5830876537202091 0.5107498692433966 0.631777929621135 -0.3174544784303835 -0.5501796742308692 -0.3239326234369817 0.7696557557023522 -0.44400061621901843 0.5977550780933907 -0.7963681544496286 0.09212310191788713 0.614164178441964 0.0 0.0 0.0 1.0
0.5189330242411275 0.5071919693845925 0.6880878289427568 -0.3533819868425422 -0.5943757744873043 -0.36442423200368984 0.716876875171388 -0.4192809306659496 0.6143500845337858 -0.7809937876572267 0.11235083216084699 0.5760141685000923 0.0 0.0 0.0 1.0
0.22725027842336068 0.3385683205422952 0.91308751829207 -0.4529787094338506 -0.32257844305079425 -0.8585149129037554 0.3986167616000819 -0.23250659052537803 0.9188582179549959 -0.38512810493200544 -0.08588291924472906 0.6192050706191918 0.0 0.0 0.0 1.0
0.22461424266247942 0.3424634456710774 0.9122868187910881 -0.4524227269300867 -0.3286137443415629 -0.8547470812796417 0.4017716556599353 -0.22735943908122552 0.9173665932845249 -0.39003359510045565 -0.07945017738611689 0.6027521511453088 0.0 0.0 0.0 1.0
0.2316987785174006 0.3449006449016027 0.9095928772325494 -0.4380688395520931 -0.3606514837459902 -0.8379477964173805 0.4096022162004042 -0.2212428922834121 0.9034634325089566 -0.4229503435322829 -0.06976254930063602 0.5680310468804758 0.0 0.0 0.0 1.0
0.23235330156923542 0.3988867403915844 0.8870745918672271 -0.42528692473350377 -0.4059401639340334 -0.789032503916233 0.461129355849101 -0.22374826367154255 0.883869062423 -0.4672441149888663 -0.021410158056105806 0.5350228812602982 0.0 0.0 0.0 1.0
0.10742943047658499 0.3664462587613299 0.9242164276602765 -0.4180142079649864 -0.45811090604403654 -0.8067861924659826 0.37313594094212915 -0.1974943507879019 0.8823793866504477 -0.4634793891236453 0.08120045827349645 0.5397312318699403 0.0 0.0 0.0 1.0
0.23363347615369337 0.20028623879749258 0.9514729933097648 -0.43892236128496104 -0.4176816842530912 -0.8629944256881698 0.2842228190696472 -0.11604670107141069 0.8780417801388727 -0.46381682963930215 -0.11796849106600854 0.6772587057577316 0.0 0.0 0.0 1.0
0.24057623824648916 0.19422873284779235 0.9509985529884261 -0.44011607170876543 -0.4126613062867499 -0.8663502795307849 0.28133227940412125 -0.11915187417023246 0.8785407128458902 -0.46012218544697625 -0.12827261476533502 0.6826328285532732 0.0 0.0 0.0 1.0
0.15418960533561624 0.1416721964623351 0.977831578395721 -0.4630460942154012 -0.35609928327249946 -0.9151872514902779 0.18874761972619267 -0.096988405802288 0.9216392534405651 -0.3773080345202455 -0.09066297612193443 0.6251824514894184 0.0 0.0 0.0 1.0
0.1477745143778088 0.1409873719126619 0.9789204299644206 -0.46861439536355376 -0.3636872021832934 -0.912691290712568 0.1863498158636513 -0.09160351826333146 0.9197250879346065 -0.38355856964730783 -0.08359722749077307 0.6046457458447311 0.0 0.0 0.0 1.0
0.061989662029349524 0.21091159109339774 0.9755375562864654 -0.4914379385006928 -0.3170238301055143 -0.9226391511063373 0.2196199174191309 -0.09104505727624501 0.9463895321535056 -0.3228827713937235 0.00966990787956617 0.5070692155736494 0.0 0.0 0.0 1.0
0.051724992689751656 0.18532113271549958 0.9813157320193652 -0.4822274481259159 -0.30746679476418864 -0.9319451612742583 0.1922040264649932 -0.08701923645850783 0.9501519667378944 -0.3116637353129275 0.008775230365758736 0.48544475972946866 0.0 0.0 0.0 1.0
-0.0821179325846533 0.15643343396243228 0.984268901100985 -0.4303588181212887 -0.44189748594277983 -0.8909309798947466 0.10473122559272664 -0.018953343610377676 0.8932991129908671 -0.4263456139488621 0.14228895043163103 0.45795567362086886 0.0 0.0 0.0 1.0
-0.08822868256479635 0.1674531020942617 0.9819242086459713 -0.4247234759083037 -0.4494234394701562 -0.8864227496730794 0.11078472592649101 -0.012094072882843594 0.8889511987169559 -0.4315253507466628 0.15346526885987172 0.45050990127748736 0.0 0.0 0.0 1.0
-0.03309555773620013 0.19319647335578177 0.9806017757983077 -0.4194908927960969 -0.563312190256918 -0.8140596907403856 0.14137270691684317 -0.03240157721905634 0.8255810514691878 -0.5477061160802947 0.135771686719834 0.4561123780023543 0.0 0.0 0.0 1.0
0.01782060539459409 0.19579034721846109 0.9804838601536738 -0.41088881339078437 -0.7019321819825617 -0.6958967744398361 0.15171971987829386 -0.042606353339918426 0.7120207921958247 -0.6909368918098177 0.1250302501536962 0.45165316309424736 0.0 0.0 0.0 1.0
0.27110841813353365 0.216276388970384 0.9379364383184627 -0.3994902442956759 -0.7542937160041471 -0.5575922261236689 0.34660067279576906 -0.18502520650425758 0.5979476018718679 -0.8014459109922742 0.011967977313321184 0.5144877365884195 0.0 0.0 0.0 1.0
0.42388779841980295 0.44353651421193824 0.7896799740138958 -0.33407819707952136 -0.6440220660178536 -0.46544201442778677 0.6071238620831443 -0.3071096191035797 0.6368317973963749 -0.7659237913008429 0.08835205222141565 0.4811050704496874 0.0 0.0 0.0 1.0
0.38324314267586723 0.5155035754509041 0.7664077198100737 -0.3385924399595255 -0.6996858873635872 -0.3796435254660358 0.6052359680871947 -0.28292340427061546 0.6029629801025382 -0.7681971546978995 0.21519472403863138 0.49210150853265044 0.0 0.0 0.0 1.0
0.394731582413058 0.5354084158608975 0.7466758944078857 -0.3335315611499817 -0.699602813821757 -0.35165965399144744 0.6220059765839528 -0.28865053431467 0.5956030111828651 -0.7679019390998483 0.23576198130700463 0.4785135976218772 0.0 0.0 0.0 1.0
0.5036780326379416 0.5762931231817844 0.6435796392385498 -0.28564192422173534 -0.5429300582427394 -0.3683034582981362 0.7547049184392406 -0.35449386128164395 0.671963810441841 -0.7295470916581929 0.12738050056091477 0.5346091826140968 0.0 0.0 0.0 1.0
0.5111717551469527 0.5620573912192681 0.6502268360555168 -0.2574944777045435 -0.5600103254977375 -0.3560922489819282 0.7480554777213958 -0.3334074661476255 0.6519907052652947 -0.7465186246494938 0.13273365387890912 0.5237037361447291 0.0 0.0 0.0 1.0
0.5336272070454096 0.5324932943544504 0.657033449692418 -0.25951635126167205 -0.6183082840919428 -0.2844054749149201 0.7326722056888054 -0.3461054725320172 0.5770068227933839 -0.7972231410129976 0.17747841304457426 0.5049606156128909 0.0 0.0 0.0 1.0
0.49254087112861467 0.5665258619674582 0.66064517099552 -0.25558178949898175 -0.5676030996776574 -0.36632829553442164 0.7373128212833998 -0.323238860947073 0.6597198148552609 -0.7381409435167491 0.141130189640148 0.48473422297960955 0.0 0.0 0.0 1.0
0.4932831053584538 0.47103100004128706 0.7313013508567638 -0.3183983754441344 -0.5771532126134127 -0.45177141082375666 0.6802917377454658 -0.34240787760768787 0.6508194655075217 -0.7576493437357009 0.04900574729234238 0.5371109747227586 0.0 0.0 0.0 1.0
0.4325807852347434 0.40284983093047366 0.8065889993874955 -0.36989933495973515 -0.6035931993552114 -0.5351608452874136 0.5909977648886497 -0.3128051324506024 0.6697381543009607 -0.7425058942072077 0.011657099134493162 0.6018210428441517 0.0 0.0 0.0 1.0
0.5291214320435577 0.2758657418471484 0.8024516618708146 -0.3969463237614097 -0.2785645244354676 -0.8367965064747898 0.4713529221763472 -0.23595863938443506 0.8015188460344782 -0.4729373992520568 -0.3659205559293144 0.7381994421621766 0.0 0.0 0.0 1.0
0.558321141623015 0.21776248245012583 0.800535401984588 -0.36650021520439857 -0.2787182893123338 -0.859617371157768 0.42822180808273547 -0.23213210577381482 0.7814049058999244 -0.4622092324273863 -0.41924816220542416 0.7470574053969379 0.0 0.0 0.0 1.0
0.5329318756005027 0.28500222100309436 0.796716624528683 -0.3622306294486693 -0.37423831142674635 -0.7650824881219501 0.5240178192979709 -0.26960257005221444 0.7589000777308388 -0.5774276296515716 -0.30107809013580733 0.835854355678048 0.0 0.0 0.0 1.0
0.523490474334679 0.3002257432976874 0.7973845633614661 -0.40410135949856746 -0.405830065883185 -0.7350239146601925 0.543177347085853 -0.28534991692279976 0.7491726400796677 -0.6079508422052808 -0.26293727924005234 0.8539722042227167 0.0 0.0 0.0 1.0
0.4783593076754304 0.2180571296990183 0.8506606277764548 -0.412843701000845 -0.4381778119093185 -0.7802086303111492 0.44640191156458653 -0.260288022004207 0.7610339260813023 -0.5862810663763972 -0.27767220222270955 0.8809694621578872 0.0 0.0 0.0 1.0
0.4728185063634829 0.003859180290714698 0.881151420729868 -0.41702594223586176 -0.32867227058755555 -0.9270502140262253 0.18042294837443507 -0.15216736445873913 0.8175678684067879 -0.37491733609216205 -0.4370581423578476 0.8597628081612736 0.0 0.0 0.0 1.0
0.5225888343390442 -0.01534918821809244 0.8524466758373792 -0.4208045882492836 -0.2189290523204783 -0.9687282786073472 0.11677058193064536 -0.1152961138861508 0.8239969382833775 -0.247648366051301 -0.5096069853110963 0.8611080646881862 0.0 0.0 0.0 1.0
0.39604195710746465 0.041411088111617735 0.9172981807824867 -0.39899544267547027 -0.20596318775112593 -0.9695214065529795 0.13269299078923735 -0.10596844237399775 0.8948351118356512 -0.24148161180362163 -0.3754419693026295 0.8329616673641769 0.0 0.0 0.0 1.0
0.2022133053829898 -0.30301425744203553 0.9312852238825124 -0.25076072140322525 0.009067767447418367 -0.9503099506118066 -0.31117329893256734 0.125356015059083 0.9792995257236649 0.07136808309107447 -0.18941764745464268 0.8039363196713665 0.0 0.0 0.0 1.0
0.20268831383487693 -0.261527239004094 0.9436741649558266 -0.25744220224433645 0.04626888647162881 -0.9600428636254411 -0.27600154187295534 0.13263446936150683 0.9781496026282569 0.09960502393801664 -0.18248889850856292 0.7946138449567377 0.0 0.0 0.0 1.0
-0.02482364648239093 -0.16616235116709163 0.9857859022906635 -0.33734262596031633 0.32197940712430256 -0.9348728238597337 -0.1494725757537117 0.1157957725701947 0.9464211625426002 0.3136923089706511 0.07670781112477362 0.6865743893058235 0.0 0.0 0.0 1.0
0.03414122263456411 -0.1982324161683791 0.9795602745441164 -0.3252476367053517 0.2932538737585139 -0.935001277934047 -0.1994360445369055 0.11956043445853726 0.95542477457052 0.29406883373644593 0.026210335899498866 0.6849583899460574 0.0 0.0 0.0 1.0
0.12159232007117142 -0.2028098472158572 0.9716395994233744 -0.33809377005650093 0.2012892685431336 -0.9535244026052567 -0.224218296640067 0.12607475839989993 0.9719557454899072 0.22284383874176966 -0.075117798924877 0.6973432749385258 0.0 0.0 0.0 1.0
0.1825475316220162 -0.4420213669773487 0.8782331795750729 -0.3014264708580754 0.22152805972487316 -0.851782368488326 -0.4747547787006553 0.23719302855842922 0.9579153084592037 0.28121860420611655 -0.05757063673512621 0.6448512874493137 0.0 0.0 0.0 1.0
0.23099017986713677 -0.47810574359817837 0.8473833160516375 -0.2925525232518439 0.28148663442010097 -0.8008525050390425 -0.5285834945537431 0.25899158463845734 0.9313478362043174 0.3606246715232663 -0.05040869915993292 0.6298852437234893 0.0 0.0 0.0 1.0
0.377212868095235 -0.6112203400198355 0.6957874256244175 -0.1912756419800196 0.49759786624134916 -0.49987571809189696 -0.7088868836514046 0.3563680423575195 0.7810933451239211 0.6136235609830085 0.11558239407161237 0.5332021627474651 0.0 0.0 0.0 1.0
0.3825146245750344 -0.6078316919744325 0.6958614726177824 -0.18940384800473709 0.5208811903444565 -0.4801838448309616 -0.7057663901517712 0.3719869220698332 0.7631286210645427 0.6324271559078151 0.13293075080455222 0.51541005728579 0.0 0.0 0.0 1.0
0.0848037869774212 -0.3464100553391381 0.9342421397645333 -0.6148770864394303 0.30128533668835045 -0.8848140588235202 -0.35543099865629857 -0.1650204650054744 0.9497554873831434 0.3116153624804315 0.02933269382322706 0.6495694046140982 0.0 0.0 0.0 1.0
0.07930895967071748 -0.3801960438297619 0.9214993814043166 -0.5702303390752196 0.40321621317594614 -0.8331779956642777 -0.3784588964002662 -0.12475443559608762 0.9116615338592672 0.4015786524311603 0.08722271444129259 0.6571189788930064 0.0 0.0 0.0 1.0
0.21164368944468362 -0.48932534239809333 0.8460304921267044 -0.4518376015535617 0.36885907452850725 -0.7616318235322994 -0.5327851016187314 0.09083501892326237 0.9050690320679989 0.42482661938484695 0.019297534288459466 0.6510134583553702 0.0 0.0 0.0 1.0
0.3241016909178627 -0.5558555814574094 0.7654950181322763 -0.37777004795734614 0.4844607720758975 -0.5974963786616897 -0.6389803013764948 0.1535000687007173 0.8125612603498633 0.577946918418331 0.07564064166194258 0.6353621647221182 0.0 0.0 0.0 1.0
0.45420464620891465 -0.5911311193714722 0.6665299651463212 -0.29135547888914853 0.6661171574340721 -0.2714731766758561 -0.6946871361993734 0.24847874235447837 0.5915961599896084 0.7595171807519758 0.27045821793249053 0.5545623194510857 0.0 0.0 0.0 1.0
0.4452795142821589 -0.5359610487151808 0.7172670216456376 -0.3180152662063122 0.6131486842859378 -0.40125604031835643 -0.6804720947685485 0.26157260505716234 0.6525142242455667 0.7427915637848165 0.14995271646488728 0.6066715083738214 0.0 0.0 0.0 1.0
0.3628334114703499 -0.41533426303532345 0.8341758973809363 -0.43543684221682527 0.608826985884035 -0.5720420832070379 -0.5496340098221832 0.14237177193865092 0.7054655128643983 0.7072944104466797 0.04531069500475745 0.683281800145611 0.0 0.0 0.0 1.0
0.2696887149965815 -0.35784309619738364 0.8939890121410646 -0.5412578475199178 0.6076837008051783 -0.6569322171335165 -0.4462740921999941 -0.11920039097764928 0.7469862482462288 0.663617640547779 0.040288227965505595 0.8372598128058247 0.0 0.0 0.0 1.0
0.4390835218884636 -0.5259412272293423 0.7284171109590384 -0.24396047455362802 0.5325965636018154 -0.500570801755046 -0.6824732782053979 0.35362309402755415 0.7235651609700949 0.6876152115588963 0.06032209184626149 0.5929561861675061 0.0 0.0 0.0 1.0
0.33992160544640604 -0.5359132609880627 0.772819696621569 -0.25877862983432803 0.5283260462775685 -0.5710077235508209 -0.6283484766629351 0.34701783570266204 0.7780263218706526 0.6218899658427901 0.08903903773283793 0.6246959670507333 0.0 0.0 0.0 1.0
0.34177395187750953 -0.5018434017415984 0.7945714230548954 -0.26872920862803684 0.49924031914647965 -0.6193648137543925 -0.6059259783732475 0.3336713246514107 0.7962095549073289 0.6037718155930073 0.03885770893070445 0.6402431971841789 0.0 0.0 0.0 1.0
0.34079942366814164 -0.3956461605165793 0.8528304853080118 -0.3264825671968952 0.26980497812228843 -0.8278167222690753 -0.4918584451379048 -0.10214284613960484 0.9005892564699869 0.39772299424418 -0.17537217878320227 0.7041424357377486 0.0 0.0 0.0 1.0
0.27973277775951166 -0.39950401966854415 0.8730098093977737 -0.28184350596332913 0.2611540602712128 -0.8433617162830245 -0.4696164338454864 -0.05642830501818996 0.9238766899093637 0.35935714013435555 -0.13158383504587365 0.7118458344589843 0.0 0.0 0.0 1.0
0.24422256453396154 -0.42899469567563686 0.869665971414735 -0.33609995864384246 0.35203453094975884 -0.796417762426232 -0.491721879556897 -0.0019044940954693335 0.9035635525247545 0.4262420075702817 -0.043482235637524486 0.7505247200995371 0.0 0.0 0.0 1.0
0.26387301609929 -0.42776187555366496 0.8645176724653566 -0.39156165783117103 0.3314077334342497 -0.8015126799285163 -0.4977412321170163 -0.014373347453077667 0.905836584613619 0.4178483621643876 -0.06973397649977071 0.8065357620223037 0.0 0.0 0.0 1.0
0.44747493796496707 -0.3305697445488397 0.8309571631656947 -0.4917402812257454 0.19263561339349963 -0.871732538721513 -0.45052624712567446 -0.10846431602880463 0.8733027526639346 0.3616711382149872 -0.326398936499747 1.0151133771020433 0.0 0.0 0.0 1.0
0.6037010197013446 -0.33690791265337117 0.7225220794496152 -0.43901595085231326 0.09712991517246551 -0.8684762773103716 -0.48612213970904233 -0.07588699747558386 0.7912716579102641 0.36365093710385865 -0.4915761994241083 1.0613793725854372 0.0 0.0 0.0 1.0
0.6067899538739903 -0.3300063720846848 0.7231194811641525 -0.43800824929442317 0.15508338130407318 -0.843106288114699 -0.5148990062604438 -0.09575779362145703 0.7795865111329388 0.4245793391065399 -0.46040991795488234 1.0721148949721508 0.0 0.0 0.0 1.0
0.5937647509307832 -0.338271207006626 0.7300794593010549 -0.44233428145287024 0.10984907931220628 -0.8647651382738449 -0.4900146978637317 -0.13051399067579345 0.7971051081133541 0.37115202288888793 -0.4763083123168088 1.1146859099479784 0.0 0.0 0.0 1.0
0.5971111799794158 -0.3981668113534086 0.6963630213991814 -0.3791938542839888 0.13297289496047213 -0.8069690497687084 -0.575429561073777 -0.054924541626179435 0.7910603659387017 0.4361928361133998 -0.4289048263993954 1.0687664016824197 0.0 0.0 0.0 1.0
0.5970326758361939 -0.3745989335020746 0.7093854093083124 -0.4404692976153005 0.13426917217092008 -0.8251460022650416 -0.548731196669599 -0.09668809056679456 0.7909006055240252 0.4228590420749702 -0.442342043208489 1.1267872844869111 0.0 0.0 0.0 1.0
0.5945639186560346 -0.4008667369456847 0.6969932557484477 -0.40970646535423405 0.11877453380297183 -0.8135564899672254 -0.5692261409687607 -0.03549397289593387 0.7952272571131752 0.4212263671803595 -0.4360985690580423 1.0551611472059244 0.0 0.0 0.0 1.0
0.606599033297335 -0.3545469270729711 0.7115715582514549 -0.49112704268350516 0.1715736672831133 -0.8155747950877645 -0.5526302587527285 -0.10940170253620546 0.7762732083757761 0.45731190816297224 -0.4338959732668471 1.109254729517706 0.0 0.0 0.0 1.0
0.7818512275946575 -0.47323734132333833 0.40590034186539714 -0.011515443856619012 0.4062116512531536 -0.10722660024984373 -0.9074659971033906 0.4387781860287642 0.4729701181960731 0.8743848482358136 0.10839925533746153 0.5691163464465904 0.0 0.0 0.0 1.0
0.7870397663540968 -0.22113262020733038 0.5759068837261702 0.04741259799991515 0.39282013504531804 -0.5401773078460234 -0.7442451239580615 0.221726754727303 0.475668703442044 0.811978356056602 -0.3382756802036655 0.706958928097626 0.0 0.0 0.0 1.0
0.7882434687565136 -0.29052724895699905 0.5424630057117542 0.06513434487465666 0.3725540372262722 -0.47631037672398485 -0.7964495450844208 0.26616906844532023 0.48977107806164877 0.8298929573860321 -0.2672114513025084 0.6648515608258597 0.0 0.0 0.0 1.0
0.7690999334589309 -0.32119483727916454 0.5525569345775857 0.060043055249734634 0.35641663841630195 -0.5020917832328924 -0.7879536764603062 0.26758644520481994 0.5305209714835887 0.8029556261429621 -0.2716795585063346 0.686618603205181 0.0 0.0 0.0 1.0
0.7461179209207394 -0.33982338602940737 0.572562725953164 0.04232266482212735 0.30299639702997855 -0.5924416017473793 -0.7464623872927841 0.24309284489658542 0.5928753755027132 0.7304334200997992 -0.33906604033057575 0.7208810650194133 0.0 0.0 0.0 1.0
0.7494343614462914 -0.36301058953142523 0.5536889459338429 0.03362967980797174 0.27516168833713717 -0.5898693364301957 -0.7591707074908262 0.26087240117877414 0.6021911764089393 0.7213025857309532 -0.34218173451569456 0.7269670337164305 0.0 0.0 0.0 1.0
0.7970919958627519 -0.3540119281264738 0.4892033115952493 0.07524506553223992 0.25120643651235297 -0.5423063240817386 -0.8017475843146896 0.27171414531780747 0.5491262519545191 0.7619575834041828 -0.3433379799211042 0.7152220079903049 0.0 0.0 0.0 1.0
0.8035637183565223 -0.2876979088106486 0.5210713200240827 0.07675430131753286 0.28182348823639375 -0.5871820552797498 -0.7588101128085829 0.2674321897629404 0.5242718058636515 0.7566023815022412 -0.390758154448986 0.738371475330413 0.0 0.0 0.0 1.0
0.8055728638265277 -0.2235653405454549 0.5486993068035003 0.07992250580286958 0.30552298898954916 -0.6367221463822718 -0.7079835051343287 0.24135106258323066 0.5076495806563852 0.737972504846569 -0.4446217291973626 0.7430122907042171 0.0 0.0 0.0 1.0
0.8230790531852114 -0.20405702786689386 0.5300015295789782 0.06657499704002257 0.23457159217535864 -0.7277532718259246 -0.6444775947070256 0.18294251913914997 0.5172205338054114 0.6547793213897432 -0.551132464669451 0.7927375608539786 0.0 0.0 0.0 1.0
0.7540818113855223 -0.19688435547567934 0.6265757712977263 0.034706519257503565 0.28204493623384846 -0.7644898366959898 -0.5796601665044235 0.1480622027098097 0.59313684645334 0.613833712679074 -0.5209576673148831 0.81544199566843 0.0 0.0 0.0 1.0
0.6754536462703069 -0.36658457766110814 0.6398266224462628 -0.12861766856761103 0.3930648945262543 -0.55514396380452 -0.7330178404544333 0.21572785455415816 0.6239089286720967 0.7466129619610916 -0.2308824867824727 0.8748998351351543 0.0 0.0 0.0 1.0
0.6799950610483028 -0.3889492261285814 0.6215506365042364 -0.13119937028117454 0.3834706147176967 -0.5338729109632261 -0.7536112985550516 0.2507481256693779 0.6249455752793629 0.7507983811450373 -0.21388034490415359 0.8095425557695729 0.0 0.0 0.0 1.0
0.7883251540094625 -0.5165914761257322 0.3341806436338405 -0.07384816860269938 0.30199008789968157 -0.14834012278307024 -0.9416991231084004 0.37527844634978086 0.5360461120862695 0.8432843491520429 0.039065265465701826 0.6698166591134844 0.0 0.0 0.0 1.0
0.7884446265283019 -0.5142177253547914 0.3375429397865038 -0.06952594165209225 0.30960057950948494 -0.14241997168597292 -0.9401404119266402 0.3756393926902707 0.5315097222786626 0.8457521743377322 0.046911836024226404 0.6675420638207405 0.0 0.0 0.0 1.0
0.8324184135839616 -0.46948439957844584 0.2943874736067467 -0.02439711996792565 0.2939955601523654 -0.07615920938575815 -0.9527677731997111 0.4057515771931319 0.46972986327862604 0.8796500470481233 0.0746300183580309 0.664638885056558 0.0 0.0 0.0 1.0
0.832359493720071 -0.4969061950313416 0.24548302643903258 0.015089213477061714 0.2584410955718815 -0.043837306691952745 -0.9650318616684446 0.44174191712181743 0.49029161641401575 0.866696332694091 0.09193257464867803 0.6756761163437752 0.0 0.0 0.0 1.0
0.8540715695091681 -0.5175771531936947 0.051726321818240356 0.14926005056633437 0.03953564510018402 -0.034562338389000705 -0.9986202094929262 0.5047776202973611 0.5186507855607595 0.8549382069424794 -0.009055993862270779 0.7137010394970631 0.0 0.0 0.0 1.0
0.8591863657575856 -0.5108011018969191 -0.029682955323041906 0.19323426831341514 0.0016768296379909818 0.06082346018763749 -0.9981471565508523 0.4067482148272258 0.511660075041849 0.8575446380910808 0.05311516428913387 0.714545038721424 0.0 0.0 0.0 1.0
0.8742686842633153 -0.47765735122611486 -0.0865892354590833 0.22181400041872745 -0.041887397810234116 0.10347826484567604 -0.9937492934160507 0.3943634386021835 0.48363177816638403 0.8724308874122656 0.07045999746394332 0.7348397897304892 0.0 0.0 0.0 1.0
0.8739979629070126 -0.4800154899483455 -0.07558218357280416 0.2570457679463031 -0.057089396159184264 0.053032329490782966 -0.9969595831785434 0.38318631481888166 0.48256430622821744 0.8756556434340956 0.018946394859147828 0.7589297228231653 0.0 0.0 0.0 1.0
0.8723569744658766 -0.48365564956349444 -0.07120763774056679 0.2587063339668384 -0.04696384198856669 0.06207383150231655 -0.9969660218513352 0.3883862188450562 0.4866083685058903 0.8730544492641517 0.03143623482132098 0.7611221591768206 0.0 0.0 0.0 1.0
0.8769239660865142 -0.4720227122364053 -0.09054774198476373 0.287578479965063 -0.007872725756142332 0.17426208685503014 -0.9846678039111635 0.35720604525359645 0.48056461167087533 0.8641917007562245 0.14909850797050966 0.7678275661201133 0.0 0.0 0.0 1.0
0.8824574297185981 -0.46085528570940915 -0.09424037968321 0.29097057809794163 0.0042577895289281145 0.2081617056954091 -0.9780851754055365 0.35027242487939925 0.47037294151611764 0.8627172664307672 0.18565609348332826 0.7691959643527793 0.0 0.0 0.0 1.0
0.8770738041806129 -0.48019602075988016 -0.012383329861181777 0.23595767758293368 0.07645730039228699 0.16500660682884166 -0.9833245204873287 0.35737482572039525 0.4742318587329647 0.8615013546569192 0.18143747535744265 0.7398661895227445 0.0 0.0 0.0 1.0
0.8534487733845961 -0.5203367204044854 0.02957874323341584 0.18822434159058515 0.0830475959241461 0.07974608971443121 -0.9933497360591672 0.3919891930803166 0.5145175669456606 0.8502294969521988 0.11127191284688472 0.7409434058108588 0.0 0.0 0.0 1.0
0.832594132516437 -0.5171786357311096 0.19827571722533083 0.1490741099327174 0.040681827935748774 -0.29990659895523974 -0.9531007448761907 0.3837424167167821 0.5523875509828837 0.8016122623034354 -0.2286606688455376 0.7841631336151667 0.0 0.0 0.0 1.0
0.8431289992594319 -0.5071316393623023 0.1787485178465146 0.14220013688381142 0.03793902092221709 -0.27549109290105717 -0.9605546866810704 0.3764972845193717 0.5363712989046266 0.8166530336778322 -0.21303441362640735 0.8016570426342482 0.0 0.0 0.0 1.0
0.8385691859867834 -0.5172012286698112 0.1711858593039279 0.12887938867054635 0.04621290451424427 -0.24555832178940956 -0.9682796660208092 0.37621626041651957 0.5428315264467053 0.8198804797608523 -0.182016276596974 0.8064705353755067 0.0 0.0 0.0 1.0
0.8366043028958288 -0.5172381215672335 0.1804380153445891 0.12117190093845967 0.08342821254143086 -0.20523934653940004 -0.9751494803604074 0.3717264340673834 0.5414175084465902 0.8308678545868032 -0.1285518723426239 0.8240392560489489 0.0 0.0 0.0 1.0
0.8329561632718417 -0.5273031052935421 0.1677361761368 0.1179255343420148 0.06120477496915998 -0.21347635296056505 -0.9750291357821267 0.37079967864812907 0.5499436031096158 0.8224227991900928 -0.14554300160825584 0.8267272931782474 0.0 0.0 0.0 1.0
0.8293533347060956 -0.5320138076028826 0.1706879206150805 0.12126107541714651 0.04741412994450532 -0.23737829761537851 -0.9702594960763877 0.36929005360828987 0.5567090417241514 0.8127809995035473 -0.17164547504647976 0.8280285069426359 0.0 0.0 0.0 1.0
0.824537361754417 -0.5305183385096579 0.19669377498648685 0.1136131792275352 0.11920517104522527 -0.1769507865028797 -0.9769741691237159 0.3747706051666922 0.5531078504319498 0.8289985770023842 -0.08266197173372686 0.8245351303811491 0.0 0.0 0.0 1.0
0.8706038121831646 -0.45393049283971576 0.18972633640096703 0.07274989258080855 0.14308371551295354 -0.13535254364514165 -0.9804115251604263 0.3484403506527415 0.47071862538938536 0.8806967496974566 -0.05288837890344446 0.7308379593826491 0.0 0.0 0.0 1.0
0.8808764541705819 -0.45544024333850275 0.1289605531262768 0.05255531837348271 0.11781668685949925 -0.052912601777586145 -0.991624646161586 0.3476650096187586 0.45844941335082867 0.8886925604438769 0.00704901888029897 0.6897938648708579 0.0 0.0 0.0 1.0
0.8812661552185086 -0.4626332270232196 0.09664584575760142 0.044698075726814335 0.1118280411736449 0.005429934753637288 -0.9937127617934417 0.38133238540295716 0.4591997502204566 0.8865331206036738 0.05652058036966065 0.6827473779803207 0.0 0.0 0.0 1.0
0.8765616088005728 -0.4617760374428277 0.13565628967810012 0.049254272409223476 0.1609422313594818 0.015602101196580514 -0.9868404808735524 0.39111550339189316 0.45358278090141346 0.8868593343668653 0.0879954306644132 0.6935794490908854 0.0 0.0 0.0 1.0
0.8599384257882325 -0.4763231538618121 0.18336350277505092 0.034390151701447325 0.17242712363524595 -0.06701730609299156 -0.9827398173875668 0.40657189157602613 0.480390290519896 0.8767125302797093 0.024500265336261155 0.7197669581128884 0.0 0.0 0.0 1.0
0.8564014454664298 -0.4782422566449821 0.19457880137042835 0.02810344773821083 0.17652002574958314 -0.0829496627124508 -0.9807955811920966 0.4141976960848843 0.4851981431356513 0.874301844558491 0.013381124814791362 0.7342582308649669 0.0 0.0 0.0 1.0
0.8613975559906145 -0.482942709052356 0.15735500481648249 0.03228060274946909 0.18694994653220706 0.013400883875002819 -0.9822780009801908 0.42067917883576006 0.4722753183082957 0.8755493926682889 0.10182957423104784 0.7432231644156972 0.0 0.0 0.0 1.0
0.8841744796339146 -0.43850129412176986 0.16109651535283742 0.05754541093356 0.20783491296970696 0.06039707235738868 -0.9762975229388666 0.41088022902229615 0.41837797037054786 0.8966988183460219 0.14453742961211946 0.7223211750577132 0.0 0.0 0.0 1.0
0.9129015947500603 -0.3886712068486597 0.12468114529797569 0.09015676126939368 0.18161515323739358 0.11321763149854662 -0.9768304718970827 0.41330315586606764 0.3655497854295512 0.914394021038954 0.17394513410466228 0.6511740121413903 0.0 0.0 0.0 1.0
0.9351892055876995 -0.353541200433444 0.02073099262598034 0.11487404843997587 0.09565823035860094 0.19580693057545207 -0.9759657505012818 0.43957302858742875 0.34098485023411795 0.9146957156328916 0.21693563200160432 0.6083772044909259 0.0 0.0 0.0 1.0
0.9704856275609565 -0.24113342249458214 0.0035064371231703136 0.13380932472003015 0.10399741945019995 0.40534963819323466 -0.9082269619314276 0.4077194859597088 0.21758254318562958 0.8817858566668886 0.4184632703172954 0.5759106389893411 0.0 0.0 0.0 1.0
0.9856771012441171 -0.16837903853566077 0.009440623280624833 0.14490069117586782 0.08298156882840849 0.4355108447495701 -0.8963505852558334 0.36005130221549625 0.14681516123048033 0.8842956740598632 0.4432454217842043 0.5272017752306707 0.0 0.0 0.0 1.0
0.9922007796354415 -0.11335761718728361 -0.05184265335987764 0.1776330798195188 0.023810028678780727 0.5806036810986658 -0.8138381203905448 0.30460589440986735 0.1223547932670069 0.806256443754646 0.5787744719075147 0.47380613903590363 0.0 0.0 0.0 1.0
0.9926402891048729 -0.10676325487542233 -0.05715638995053034 0.183305294929278 0.014547120990800771 0.5736822500123646 -0.8189487466681517 0.30127672469710043 0.12022323145092315 0.8120900375516684 0.571013240386939 0.47062481005602674 0.0 0.0 0.0 1.0
0.9997786598413116 0.008471816633580324 -0.019257965022219044 0.2021981131351454 -0.020033871100807493 0.6628947208296272 -0.7484445749577662 0.27582230753018394 0.006425313116542195 0.7486647345684829 0.6629177224212705 0.48245990533974675 0.0 0.0 0.0 1.0
0.9944168854193528 -0.03836515707507071 -0.09830144066924117 0.22671573642589826 -0.051974218939619295 0.6326579878246642 -0.7726852914003656 0.25324440037144913 0.09183541807852481 0.7734804050232434 0.6271317804206817 0.4800376566742218 0.0 0.0 0.0 1.0
0.9306256669821384 -0.2670106752328458 -0.250282084384271 0.27989849332799527 -0.04140133881236866 0.6026815609091171 -0.7969070325903503 0.2684706289981807 0.3636230821896783 0.7519841994843673 0.5498163435903858 0.5197735210745458 0.0 0.0 0.0 1.0
0.9275973023565666 -0.2946137492977168 -0.22970843666430663 0.3043161445838693 -0.004531653727057961 0.6059627286880302 -0.795480127141753 0.26362711509280395 0.37355412695734114 0.738926199057083 0.5607543032056393 0.5324508713726438 0.0 0.0 0.0 1.0
0.911773276383408 -0.32467231988379847 -0.2515101470056809 0.31816267068006404 -9.181154445784044e-05 0.6122417831266275 -0.7906705850741783 0.2575128538023334 0.4106938693413449 0.7209354178164723 0.5581959094331652 0.5508639815459138 0.0 0.0 0.0 1.0
0.9217989210421378 -0.29499458433044096 -0.2515251534270558 0.3235653107613121 0.0026528457080889963 0.6536001903474508 -0.7568353802606529 0.27059567513020477 0.3876591897557461 0.6969827740904758 0.60327055073142 0.5217199256217051 0.0 0.0 0.0 1.0
0.8873607408198665 -0.3969265136001627 -0.23460668740645008 0.3001960673793741 0.048485836646735087 0.5863338053394728 -0.8086171915159837 0.30224477678833517 0.4585194342805493 0.7061600186015489 0.5395348918200876 0.5568268062062225 0.0 0.0 0.0 1.0
0.888610959714867 -0.40313259930816403 -0.2187569859365323 0.2931488125086469 0.0576498678586605 0.5713325580120769 -0.8186913999275851 0.31033944194727914 0.45502420685103034 0.7148868621048672 0.5309329217092449 0.5666443202058087 0.0 0.0 0.0 1.0
0.8823592541318537 -0.4139492057333949 -0.2238038521634519 0.2959509794613036 0.046289582540016465 0.5496397938012597 -0.8341182937899113 0.3191149049176706 0.46829411740291677 0.7256322461830291 0.5041412811062519 0.5713488240760182 0.0 0.0 0.0 1.0
0.8894532809011575 -0.41792619383958424 -0.18496103902193864 0.300188799461079 0.06984681949974784 0.524256005445522 -0.8486913998048161 0.33284166441064855 0.45165731272222853 0.7419523503340304 0.4954920397673442 0.5807203659122827 0.0 0.0 0.0 1.0
0.8734004788916072 -0.43158922935936056 -0.22561532391041983 0.2990577655834401 0.05567592666885951 0.5487248673436117 -0.8341469894058265 0.3264221472154414 0.4838095998096176 0.7159830628458647 0.5032857091401275 0.5728709356407156 0.0 0.0 0.0 1.0
0.8928608336203029 -0.402043435933544 -0.20288085016146787 0.29053929032697934 0.05276070807956368 0.5408006003421016 -0.8394945277155031 0.324847782790489 0.4472313592456033 0.7388476300383635 0.5040717567206766 0.5738314364142172 0.0 0.0 0.0 1.0
0.900843310984724 -0.3877154323008405 -0.1953409544913022 0.28753175573464385 0.03945656410680301 0.5211986651151975 -0.8525227921068347 0.3442977700718729 0.432347685901656 0.7602819650896466 0.48481624520995137 0.6103556501967783 0.0 0.0 0.0 1.0
0.7541670482658822 -0.5822208535145502 -0.3037283833087364 0.34178154184280435 -0.07619581576880448 0.3818107218079292 -0.9210943077283165 0.4094315738682302 0.6522470932422312 0.7178017687813398 0.24358627159319166 0.6416891515568801 0.0 0.0 0.0 1.0
0.7227871685605887 -0.6167389260752423 -0.3117881336243307 0.3695896358585441 -0.08852015251510997 0.364825708274603 -0.9268583445204845 0.4131824474309764 0.6853779230446998 0.6975208818963088 0.2090975090157224 0.6583721311384421 0.0 0.0 0.0 1.0
0.6708351222938957 -0.612225225547514 -0.41852180607611855 0.3851398479546696 -0.27858091483944875 0.3149816569363063 -0.9072922304545495 0.39740335849048547 0.6872939055535718 0.7252356811483209 0.04074648517621419 0.6881128021313618 0.0 0.0 0.0 1.0
0.645049216837545 -0.6013688068880545 -0.47145199238540364 0.39220868046104584 -0.29374923857655433 0.3744137984603356 -0.8795030865695289 0.40542030941452123 0.7054238895424595 0.7058114332487321 0.06486366156684902 0.6761259079616477 0.0 0.0 0.0 1.0
0.6711604918969636 -0.5875352217534799 -0.45204643932548755 0.38910085191838517 -0.2710514445836038 0.373073060667583 -0.8873260617507625 0.4012115543584391 0.6899816896177631 0.7180660434398516 0.09113966292807592 0.681428801556218 0.0 0.0 0.0 1.0
0.6773859405631728 -0.5778803447935668 -0.4551950602178852 0.3922549146132146 -0.2692811702401178 0.3810476393048888 -0.8844717150226459 0.3995999194632158 0.6845698628197453 0.7217041806702383 0.10250403382949444 0.6799599859791958 0.0 0.0 0.0 1.0
0.6942815649434706 -0.5638933382835659 -0.44721079336914477 0.39116445432453595 -0.2725292346356463 0.3691227118207027 -0.8885247281885554 0.40119145536540607 0.6661088371632012 0.7387643928719521 0.10259768822592026 0.6876516323889563 0.0 0.0 0.0 1.0
0.6998644792894 -0.5571026366209816 -0.4470194390682136 0.3862078621927644 -0.2652067261293161 0.3784223249045164 -0.8868269058318085 0.3939443922487586 0.6632157425510319 0.7392111852010879 0.11709701228195428 0.6922151292645472 0.0 0.0 0.0 1.0
0.7765909792328206 -0.4111137512890523 -0.4773802594615901 0.40404253381834665 -0.24516822168160787 0.5007994126887525 -0.8301159447538621 0.36696894136393465 0.5803438221887305 0.7616990513606691 0.2881242694454341 0.6617798163548047 0.0 0.0 0.0 1.0
0.794453214418284 -0.2919146542023236 -0.5325691489139073 0.44179548884397774 -0.2868239757872635 0.5926111103349453 -0.7526912205775915 0.37639593889036904 0.5353279795762327 0.7507315744825993 0.3870736978427442 0.5934755552824877 0.0 0.0 0.0 1.0
0.820596889347812 -0.26054122428143567 -0.5086639150185965 0.4412604249422867 -0.2880593714198799 0.5801543088221065 -0.7618679665867327 0.3537810772948584 0.49360156520818144 0.7717119256947264 0.4010214442005407 0.58629604677113 0.0 0.0 0.0 1.0
0.802486987031769 -0.28156261685186235 -0.5260580866359235 0.4393859483255286 -0.29359072781266765 0.5812101014498398 -0.7589461646486007 0.34854293443087464 0.5194411414774963 0.7634902099782249 0.3837493816577573 0.5907676122091815 0.0 0.0 0.0 1.0
0.798389355235062 -0.28043028088028477 -0.532853944041514 0.44887941024517963 -0.27381294017070146 0.6190633802664504 -0.736061867501624 0.35581626884256107 0.5362843636051435 0.7335662416381762 0.4174681657027057 0.5802803022492863 0.0 0.0 0.0 1.0
0.8108181009039899 -0.18528010946561657 -0.5551984312820516 0.46120155779847954 -0.3220364773015379 0.6508622371140286 -0.6875106360574263 0.3067513744961662 0.488739751477225 0.7362401807655796 0.46806389834137346 0.5439174933054683 0.0 0.0 0.0 1.0
0.8356386002482085 -0.1515522755253375 -0.527958336289793 0.4600862800730486 -0.3262306585913369 0.636355442338898 -0.6990173665211813 0.2980732915724295 0.4419068357278639 0.7563621071059851 0.48232217711924635 0.5418071585072098 0.0 0.0 0.0 1.0
0.826009596330107 -0.06633005863088945 -0.5597396185115081 0.4721364767996413 -0.34206797056016636 0.7302857720461068 -0.5913308715271728 0.2775670019760044 0.44799289856884233 0.6799139871373409 0.5805336360153065 0.5215778619440549 0.0 0.0 0.0 1.0
0.8169928410053752 -0.06754658299669661 -0.5726780819404893 0.47746553479555964 -0.3153405247481755 0.7791326703512031 -0.5417680659239037 0.2449707416854352 0.4827867944689007 0.6232092371138787 0.6152456337313937 0.5037160966475603 0.0 0.0 0.0 1.0
0.813815287530954 0.07319805926487018 -0.576495206437278 0.48380269239319873 -0.3703886515778273 0.8297587204410807 -0.4175077952557138 0.16514078942648946 0.4477911339887465 0.5533015174595062 0.702382068368346 0.4923162744134875 0.0 0.0 0.0 1.0
0.9529388133152014 -0.2579523446568213 -0.15927367233573828 0.18228941604468984 0.08902751289075213 0.740319738765334 -0.6663338347649065 0.317711701645623 0.28979584266825004 0.6207956444776681 0.728444302208521 0.4588658276450364 0.0 0.0 0.0 1.0
0.9483544530524017 -0.30973140339684796 -0.0684860083998962 0.13822679078319527 0.18413485367679006 0.7133170048718611 -0.6762198109994053 0.3190519000261681 0.2582987119680912 0.6286853936454488 0.7335097091495981 0.45713567093081264 0.0 0.0 0.0 1.0
0.9907990187303499 -0.12251400440030269 -0.057511405517755576 0.13916071529262158 0.08409091219248138 0.8902231063945492 -0.447695828278651 0.16056443646478327 0.10604697446071354 0.438740434551495 0.8923345126817133 0.3474866488466972 0.0 0.0 0.0 1.0
0.9693477528444531 -0.18508907813909498 -0.16157651697999242 0.1793857026406277 0.12526796487806055 0.9380575342226702 -0.323041801383154 0.09039665009910319 0.21135957108241218 0.29289947286680296 0.932489722710163 0.34645085924106045 0.0 0.0 0.0 1.0
0.9668808247906862 -0.1904400877280403 -0.16992353490579193 0.18608027693181683 0.1284765446804512 0.9384296778376784 -0.3206922251956158 0.08682240682403067 0.22053392565894195 0.2882399541574687 0.9318167986163793 0.3511972285407474 0.0 0.0 0.0 1.0
0.9711987223661608 -0.17877150626415497 -0.1575240221176984 0.19305756551486308 0.1226596035337553 0.9418986622976426 -0.312700367749634 0.08429033269726821 0.20427358041564583 0.2843723693668059 0.9366988089404967 0.3537265269821942 0.0 0.0 0.0 1.0
0.9714279120281712 -0.1519477697348958 -0.18231749720662235 0.20397415775540817 0.08885749242952586 0.9451656335313289 -0.3142710702810653 0.08380756376455029 0.22007300489590176 0.289091429722524 0.9316619444114889 0.35817608936759343 0.0 0.0 0.0 1.0
0.9729046227433762 -0.14849463222886095 -0.17721718437792983 0.19374209290289585 0.0857360514178973 0.9435500604950627 -0.3199415225892125 0.08713071118595785 0.21472283164224096 0.2960786916280469 0.9307155922757536 0.3549575165244001 0.0 0.0 0.0 1.0
0.9875801076500244 -0.10204860344000921 -0.11946382258968523 0.1552638512937623 0.06335189453890666 0.9544430657673919 -0.29159044274647994 0.08627949708671505 0.14377780730598538 0.28040068740626 0.9490539258599402 0.3684658907567084 0.0 0.0 0.0 1.0
0.9999159319050147 -0.01249541984200403 -0.003463238413757441 0.09905340981486392 0.010365131501727218 0.9307496067504726 -0.36551020704809734 0.10199603287203202 0.007790613278187101 0.36544357267454103 0.9308009018653737 0.3778284734698925 0.0 0.0 0.0 1.0
0.9970455302178917 -0.07398118305652049 -0.020663437651336363 0.12064504945417212 0.06088588872610716 0.9251871122993786 -0.37459544181492627 0.10554887038181208 0.04683055823986575 0.3722306067008906 0.9269580835593302 0.37827508595229137 0.0 0.0 0.0 1.0
0.9943504804620311 -0.10515268322662213 -0.014493655995403055 0.12544757968143364 0.09222321332653295 0.9234316796141588 -0.3725167929493483 0.11486847743620328 0.05255504445729338 0.369075592090699 0.9279122449825371 0.37894182905547846 0.0 0.0 0.0 1.0
0.9945418468540639 -0.10191275901644958 -0.022366272507640325 0.12862301166592002 0.08584804107012976 0.921106832130164 -0.3797265963268655 0.12764933987210583 0.059300710273083174 0.37573388771468447 0.9248283560049311 0.3804513954639004 0.0 0.0 0.0 1.0
0.9903010122858258 -0.11540886414037096 -0.07736064965178649 0.14607252067279036 0.07268493295870683 0.904862379380001 -0.4194531990171053 0.1476691476626128 0.11840935579592209 0.409761986924996 0.9044746197500207 0.39203555974893484 0.0 0.0 0.0 1.0
0.9604294520321908 -0.25065600666304627 -0.12143676070381648 0.16314647365002982 0.1415737058708978 0.8148177946394135 -0.5621644486240599 0.20946833001890802 0.23985872734362554 0.5227269962087558 0.8180613004614093 0.4089274728957921 0.0 0.0 0.0 1.0
0.9688884030335667 -0.22171901373650785 -0.10998147556688881 0.15660602401682855 0.13753396901381615 0.8517740906025151 -0.5055346411039378 0.2259659703978565 0.20576602264193217 0.4746804743213908 0.8557679325801392 0.41571266156093994 0.0 0.0 0.0 1.0
0.9665284649627082 -0.23421558289946837 -0.10471780796424832 0.16080378766110992 0.1558334310601883 0.8601817440257798 -0.4855957669116207 0.225058069241032 0.20381045648961957 0.453023592377592 0.8678887458739759 0.41060525501273715 0.0 0.0 0.0 1.0
0.9746276809978887 -0.20579307688323928 -0.08803462747136923 0.15522789124882563 0.14216515241087008 0.8729256763732218 -0.4666795949915876 0.2074185832759531 0.1728871127601667 0.44232339279933985 0.880034128330318 0.40029384536025786 0.0 0.0 0.0 1.0
0.9997781941653313 -0.016980689850021175 -0.012458221714074527 0.09597465092632729 0.014291509277546648 0.9815052695808718 -0.19090102443478413 0.045727665237905446 0.015469438460652083 0.19068064118280376 0.9815302211920375 0.42690583539599875 0.0 0.0 0.0 1.0
0.9958092754319534 -0.04837197773983684 -0.07761504580384848 0.11857865697706829 0.04105829264276775 0.9947999085020198 -0.09320627586637388 0.009101010056144568 0.08172000999872009 0.08962891238668133 0.9926170125761855 0.41821687648855493 0.0 0.0 0.0 1.0
0.9949060611127242 -0.07542277865707651 -0.06688271370565334 0.1582481859932554 0.06634064970115434 0.9894324612556467 -0.12892761283239595 0.014424668167949545 0.07590000698326387 0.12383381799263796 0.9893959334679934 0.41008563742665516 0.0 0.0 0.0 1.0
0.9923223920079145 -0.07426177089035409 -0.0989012209222776 0.16280273260640657 0.06102040529240387 0.9895340127261795 -0.13076308648035223 0.014626620625569839 0.10757680921623948 0.12372417215062571 0.9864682568458741 0.4109237350116553 0.0 0.0 0.0 1.0
0.9904630506833063 -0.06954346799309295 -0.1189397210303031 0.16405693295440027 0.054857028801959765 0.9909413792202054 -0.12258010880199517 0.020484310577385423 0.12638693424372602 0.11488637396401838 0.985305776126443 0.4067190995579862 0.0 0.0 0.0 1.0
0.9921137715227153 -0.0729310411514835 -0.10193762630010478 0.16334280328866924 0.05736743016622533 0.9873159478167375 -0.1480411417562955 0.024957638002444882 0.111441434192291 0.1410257417672006 0.9837136556471029 0.4028604183886448 0.0 0.0 0.0 1.0
0.9918770931002064 -0.06055577490004322 -0.11186056605758751 0.1597686862574111 0.04875444833402847 0.9932362171048089 -0.10537916576405063 0.017524522990574776 0.11748528623246376 0.0990694466844636 0.9881206536385543 0.4024339768844428 0.0 0.0 0.0 1.0
0.9996766610403295 0.021262400510982223 -0.01394395351574949 0.13285736039260473 -0.020611587195363757 0.9987623806828302 0.045264325122265345 -0.0032826238307045452 0.014889125962741868 -0.04496229331015796 0.9988777167240539 0.4074771848631388 0.0 0.0 0.0 1.0
0.997328156356768 0.048482144398274155 -0.05464503382318915 0.13419745948128084 -0.045626876230385735 0.9975864213318959 0.052340812455299465 -0.022427768605109588 0.05705073876160289 -0.04970766456926141 0.9971330826079511 0.41375171113886955 0.0 0.0 0.0 1.0
0.9951580000622343 0.04920877411425781 -0.08508295131383782 0.13257689926861785 -0.03947667256400392 0.9928667056888345 0.11250470201628303 -0.03987336578617423 0.09001225181437675 -0.1086011710988968 0.9900018149697913 0.4121302417994333 0.0 0.0 0.0 1.0
0.9893431501833656 0.10767771341625237 -0.09800833084148741 0.12088696933818653 -0.07989805777027052 0.9642113108620687 0.2528098778256217 -0.07553495184948229 0.12172272932084938 -0.2422850433763561 0.962539094907418 0.4296210715027032 0.0 0.0 0.0 1.0
0.9911723792139505 0.11426356111899229 -0.06723982859091739 0.12161314993742296 -0.08944776785047195 0.9506801141836374 0.2969956826466387 -0.08410769042982273 0.09785935038291704 -0.2883594947811628 0.9525084795458594 0.4305489373059005 0.0 0.0 0.0 1.0
0.9919691449886493 0.12222498530697931 -0.03253073528789042 0.11712040887521695 -0.10401086380325349 0.9346451372400357 0.34002972125835323 -0.09904609951936656 0.07196481978170374 -0.33391545985739085 0.9398518755935454 0.4376600099555219 0.0 0.0 0.0 1.0
0.9911936422422208 0.12756635213458173 -0.03552481139751051 0.10850603031300363 -0.1010452961028967 0.9020096283569635 0.4197242942406069 -0.12489603201377333 0.08558641617993795 -0.41243843405985164 0.9069561812598851 0.4537630092653645 0.0 0.0 0.0 1.0
0.9943207471524517 0.10642096634807706 0.0009346460938335707 0.10981940700980805 -0.0934290764754253 0.868660990236116 0.4865172880930969 -0.19418109066331424 0.05096375250213431 -0.4838415582620031 0.8736704164599524 0.45633351787486365 0.0 0.0 0.0 1.0
0.9941939507733809 0.10717074235540038 0.00963586382333604 0.11107189830781537 -0.09657407776757788 0.8492149221578474 0.5191411263436416 -0.19734458467973262 0.04745381960430287 -0.517057547417498 0.8546342191321661 0.46109214374621693 0.0 0.0 0.0 1.0
0.9935625707017888 0.11312099401220711 0.006089672632815581 0.11316769272737445 -0.09955835481566577 0.8462641913160864 0.523378483890407 -0.2002019859233441 0.054051623672810516 -0.5206155352404531 0.8520785670448934 0.4588525859846114 0.0 0.0 0.0 1.0
0.9931343517969925 0.11686804572234002 0.0050986667495012275 0.10971817079687037 -0.1016252561021372 0.840375520043452 0.5323920316169408 -0.19806844833969595 0.05793482231995006 -0.5292549834409619 0.8464825377474812 0.4646495579625275 0.0 0.0 0.0 1.0
0.993072657733607 0.11707447002484686 -0.010015740603515944 0.109266549967202 -0.09237105498981636 0.8305190853911587 0.549277369919749 -0.20046802911730893 0.07262462199494847 -0.5445471489840588 0.8355800864269401 0.4707092553240366 0.0 0.0 0.0 1.0
0.9922213705185337 0.12342903642458539 0.016188352693501294 0.10103187173336742 -0.10975314386485222 0.8059963170660125 0.5816563973261022 -0.20286575298516107 0.058745538055205763 -0.57890862364249 0.8132734881004101 0.4743389958095229 0.0 0.0 0.0 1.0
0.9834016909263512 0.14878359328688592 0.1038485053259307 0.09602176937944537 -0.18102267856151064 0.7656623682486215 0.6172454436401127 -0.20799856769325611 0.012323096974613782 -0.6257991422822871 0.779886916574038 0.4940465184535627 0.0 0.0 0.0 1.0
0.9856187109036406 0.15395977352985532 0.06965767819483729 0.09022278976285655 -0.16356817413241934 0.7656727747492115 0.6220857419515454 -0.22806877768892847 0.04244119254823054 -0.6245331353806426 0.7798442968930911 0.48865104984679697 0.0 0.0 0.0 1.0
0.9856587948529242 0.15889610139322274 0.05682220458907593 0.08173029677278318 -0.15995111971607257 0.7723911023723926 0.6146768635895327 -0.23075042308343635 0.05378079016714627 -0.6149504261353821 0.7867297098622168 0.4896117969756386 0.0 0.0 0.0 1.0
0.9862351584356726 0.15012750670678315 0.06929633105039747 0.07763177776666214 -0.15802171467602788 0.7323914178757531 0.6622929719979065 -0.2377364015665414 0.048676354209620104 -0.6641269398111753 0.746033512984303 0.4922726601153938 0.0 0.0 0.0 1.0
0.9229179610428502 0.38248167499857944 0.04393355109957667 0.09663748933815297 -0.28354144595780245 0.5980742625812546 0.7496073587219595 -0.28153077119818715 0.2604356543573424 -0.7042831303437808 0.660422993406918 0.45322071842704764 0.0 0.0 0.0 1.0
0.9248173597780514 0.3710124838159941 0.08403969012458397 0.07962145506892754 -0.27648970864669836 0.5038323371097886 0.818355972237542 -0.3483945867969874 0.2612783114269706 -0.7800659302240937 0.5685339743435174 0.49123072560220743 0.0 0.0 0.0 1.0
0.8768498114536853 0.4317671927058711 0.21145114089373307 -0.026945799168646478 -0.3481853091664838 0.26704021674002 0.8985858567757732 -0.4815735585583922 0.33151387573750607 -0.8615490345671667 0.3844891149840216 0.5692766219020899 0.0 0.0 0.0 1.0
0.8698784002353437 0.448870728070661 0.20451574502030426 -0.007146328992485962 -0.3500044048840933 0.2695273270273528 0.897135352607101 -0.4834746117693785 0.34757523019626746 -0.8519801431831284 0.39156268934716504 0.5823625122580761 0.0 0.0 0.0 1.0
0.8818583238843936 0.41913538630083114 0.21598953465483917 0.002795070363652341 -0.3260676866514112 0.21120017514751407 0.9214523065251803 -0.49855381396509457 0.3405961957945277 -0.8830176435892227 0.32291514804104243 0.6080544048666315 0.0 0.0 0.0 1.0
0.8785713346023172 0.4253873674444401 0.21715890025921006 -0.005566773754319243 -0.31358086971894367 0.1708116566848392 0.9340719392578252 -0.4935636891610395 0.3602491154052375 -0.8887457358719264 0.28346354985057826 0.6262967765552152 0.0 0.0 0.0 1.0
0.8586282268823958 0.4595633602039008 0.2270661858593823 -0.014663036107099792 -0.31557859027990554 0.1248462228705379 0.9406505180801258 -0.49682502358604136 0.4039402083725441 -0.8793263984656667 0.2522248355102717 0.6443669387484945 0.0 0.0 0.0 1.0
0.8523276497968277 0.4636944938610826 0.24191956677986762 -0.018486141389909894 -0.3124408440057504 0.08048375728694131 0.9465216026014825 -0.4970016061586147 0.4194262435633627 -0.8823320438789022 0.21347558235981628 0.6630730005104812 0.0 0.0 0.0 1.0
0.8417654427358987 0.4954602518878357 0.2143597289754138 -0.013940958871804743 -0.28221899227689023 0.06538224703505963 0.9571194425591084 -0.4798298055418267 0.46019930304712703 -0.8661664722091664 0.19486488302889224 0.6652231212634655 0.0 0.0 0.0 1.0
0.8441551993367532 0.49308319165737163 0.2104067993973362 -0.01685836329022966 -0.25940572178140975 0.032220983140964936 0.9652308225635172 -0.4617520389115489 0.46915952166247027 -0.86938533502925 0.15510814439072312 0.7227577576460007 0.0 0.0 0.0 1.0
0.9059325106550191 0.37103725660013565 0.20400402886837396 0.030544330400176956 -0.23917367320411867 0.050840434484988116 0.9696448857437673 -0.4776090177670447 0.34940270240966126 -0.9272252462165927 0.13480037789553484 0.7315592494048533 0.0 0.0 0.0 1.0
0.9135157663552353 0.3744170547991184 0.1590625187502401 0.03176145849325279 -0.21089946743303417 0.1015343266469909 0.9722202250720781 -0.4633341567084763 0.3478654969253807 -0.9216846825415311 0.17171759636557724 0.7260693350352305 0.0 0.0 0.0 1.0
0.9237884083186867 0.3686442046641092 0.10351995708366724 0.05727777772142739 -0.1611012420172859 0.12893543759593776 0.9784794078811585 -0.47859016967681667 0.3473633770473109 -0.9205851744838677 0.17849812473575377 0.7425354732487565 0.0 0.0 0.0 1.0
0.9257428227038035 0.34788175164692187 0.14825168589836396 0.0641356241155881 -0.2010484259186134 0.12073596444901384 0.9721123307202878 -0.4702492282882585 0.32028079989492486 -0.9297317349256451 0.1817115379519203 0.7378881676248608 0.0 0.0 0.0 1.0
0.9201958978662751 0.347642029431947 0.17995719150453232 0.041307279842115685 -0.23011547335422183 0.10848857872092776 0.967097259869278 -0.47143874762674864 0.3166803416799634 -0.9313298421730191 0.1798285448364986 0.7360347047686999 0.0 0.0 0.0 1.0
0.9098074954347177 0.3561650143026788 0.21306534778440245 0.019013147971644995 -0.2741224041782866 0.13022646367459742 0.952836738532365 -0.4718439464474895 0.31162043927243255 -0.9253039832393003 0.21611379396981803 0.7213620178961697 0.0 0.0 0.0 1.0
0.9127051592996318 0.37466451888304686 0.16308245307351593 0.043405751160485395 -0.2293646958622733 0.13944467566264732 0.9633000615977585 -0.47337405068369265 0.3381733132723827 -0.9166143418313634 0.21320668650648014 0.7250112866797044 0.0 0.0 0.0 1.0
0.9002343913251933 0.385484227807533 0.20243513818179074 0.039483541956915974 -0.2628127975361325 0.11039880506466268 0.9585100454639246 -0.5008761511065359 0.34714194316280655 -0.9160862551958303 0.2006949726519733 0.7260462975316497 0.0 0.0 0.0 1.0
0.909755513297422 0.3755449755009339 0.17694883041377235 0.1633014601888209 -0.21979998958424066 0.07413735437498033 0.9727237808915262 -0.48444592234787337 0.35218300554791576 -0.923834242656982 0.14999161727388785 0.7415579012642497 0.0 0.0 0.0 1.0
0.8987407884250529 0.4083437254462665 0.15975104497244208 0.16144331293817488 -0.20152900402776322 0.06110983382899802 0.9775744275392871 -0.49391228352581623 0.3894239575767718 -0.9107804751480049 0.1372150138079501 0.7475932306499402 0.0 0.0 0.0 1.0
0.905077452683444 0.4103298031271904 0.11164336169107399 0.1656413446390297 -0.14431595937401853 0.0494246581639735 0.9882965597275227 -0.4907021966460648 0.40000959955555354 -0.9105968292826535 0.10395027076539114 0.7565724607647145 0.0 0.0 0.0 1.0
0.8994323398087065 0.4353743103519562 0.03834887658225615 0.17299458048938837 -0.08096025936284355 0.07974247614347774 0.9935223319019685 -0.48737074830119 0.4294960761913621 -0.8967108342956952 0.10697099034377622 0.7528760174345006 0.0 0.0 0.0 1.0
0.9001065878599546 0.4344350154875993 0.03277687866410018 0.179664592780928 -0.0810204887067957 0.09299538569211602 0.9923646106275033 -0.4917685735642519 0.42806988264738477 -0.8958894992293852 0.11890388468015542 0.7499749876110544 0.0 0.0 0.0 1.0
0.8995192725592465 0.43198992548127535 0.06519058674583307 0.17313412211344165 -0.10110193272883272 0.060666470787987696 0.9930246999539502 -0.48237355065774046 0.42502173694561945 -0.89983576570657 0.09824564889689386 0.7531087929590111 0.0 0.0 0.0 1.0
0.8786150593813752 0.45957700777412036 0.12970938413258265 0.14038586640611855 -0.18566071305032547 0.0785014347961625 0.9794731375172071 -0.4680662675610287 0.4399609558627164 -0.884661790290866 0.15429793184541002 0.73240091784505 0.0 0.0 0.0 1.0
0.844900693168208 0.4713335174641989 0.25295763197513177 0.07436462543738293 -0.2977534975082166 0.02153332718590983 0.9543999540060953 -0.4523429723946316 0.4443936255344831 -0.881692169877771 0.15853477952089037 0.6971354792864947 0.0 0.0 0.0 1.0
0.8183248045216374 0.4971955680541795 0.2883418583083807 0.029909128244657857 -0.3417970115176427 0.017644225732799338 0.9396081730877589 -0.43653238162932284 0.4620814439902734 -0.8674590408746465 0.18437868343622477 0.6768210719886072 0.0 0.0 0.0 1.0
0.5812845463929538 0.3924584456662887 0.71280057734271 -0.22421456096624673 -0.6259012215038372 -0.3441117787561347 0.6998819333460721 -0.30936293055943087 0.519957667145181 -0.8529732897343665 0.045613383086704096 0.7210748929500785 0.0 0.0 0.0 1.0
0.513890595077939 0.4012831190516248 0.7582138463492336 -0.31818964978045094 -0.7172944024334255 -0.28379644940873894 0.6363554828158713 -0.2866627114467185 0.4705371143292131 -0.8708797214429725 0.14199782224180207 0.659799961143343 0.0 0.0 0.0 1.0
0.5011499124497344 0.32980969835215684 0.800046454573248 -0.3486001085092779 -0.717731682251962 -0.3580713918670357 0.5971985454302807 -0.27666691894614276 0.48343563662421357 -0.8735047063723369 0.05726744629267391 0.7191446768038869 0.0 0.0 0.0 1.0
0.3868268127838959 0.2821167321582171 0.8779379732948512 -0.39963886976310625 -0.6801464734388063 -0.555614107450102 0.47821929134207875 -0.23442128008731916 0.622708385428254 -0.7821145237996406 -0.023045742029328284 0.6978695995683332 0.0 0.0 0.0 1.0
0.45411925603104714 0.118563795234453 0.8830166290369837 -0.3700464277144384 -0.46065342911515095 -0.8171008390616022 0.3466188377395016 -0.12029992089558798 0.76261008361839 -0.564170887859306 -0.31644443206432266 0.8534419559009332 0.0 0.0 0.0 1.0
0.45183345380089573 0.04062768418545682 0.8911766887078361 -0.3848839624776431 -0.4187519890110091 -0.8724110708334991 0.25208268228225783 -0.10715247044096503 0.787713954757977 -0.487081392586985 -0.37717159266084516 0.849748104108866 0.0 0.0 0.0 1.0
0.37117243422231777 0.10137433828236866 0.9230137002706821 -0.40888837924755067 -0.38135449036220787 -0.8896817516697834 0.25106796446695706 -0.04979579553323607 0.8466402985935814 -0.4451849098590813 -0.29156580274962896 0.8574858272159027 0.0 0.0 0.0 1.0
0.4072898147405356 0.036184874295273055 0.9125818817827855 -0.371488947241722 -0.3180036228393074 -0.9310683896089039 0.1788444756214563 -0.05207735234663294 0.8561476062970083 -0.3630458546611788 -0.36770774986415966 0.8297271150979447 0.0 0.0 0.0 1.0
0.39870262981103616 0.03873404729105402 0.9162619247378067 -0.3701693190771088 -0.3232613377015467 -0.9290448167123255 0.1799385245845814 -0.0478962356527359 0.858218134556423 -0.3679340235269807 -0.35789139456955205 0.8316135308263135 0.0 0.0 0.0 1.0
0.3866161478030862 0.027705332928027602 0.92182448305453 -0.3727215786533835 -0.3253351051467135 -0.9311920755089051 0.16443348670847274 -0.04344604106991065 0.8629513304877275 -0.36347449918478514 -0.35100037842211973 0.8316641409232437 0.0 0.0 0.0 1.0
0.3800258083188376 0.03512854818440745 0.9243086011834051 -0.3682227062471476 -0.335494181498327 -0.9259966148946346 0.1731297673257864 -0.04882253081550475 0.8619883986469901 -0.3758939712598223 -0.34011715953625254 0.8289956040284402 0.0 0.0 0.0 1.0
0.2610652299207048 -0.29937385169679964 0.917725607350315 -0.3163408472720855 0.0345739058973284 -0.9471847883113733 -0.3188190331766557 0.16328345884761478 0.9647018070427885 0.11496192287225544 -0.23692648191849974 0.8362590276795718 0.0 0.0 0.0 1.0
0.27162583042574084 -0.285056537220073 0.919218244496892 -0.30965729463204955 0.04389615219994082 -0.9504646839258761 -0.3077174147901501 0.15904912521153705 0.9614013572881299 0.1239341524975004 -0.24565784713438873 0.8342928149604649 0.0 0.0 0.0 1.0
0.2789039524688036 -0.18590049731324704 0.9421536647527217 -0.33604698981390413 0.12372403750079727 -0.965951583908952 -0.22722194450431835 0.13198361602981581 0.9523155760468849 0.1799401465823468 -0.24640731346531514 0.7558635567768188 0.0 0.0 0.0 1.0
0.6202776479840101 0.11425083462306405 0.7760170124905853 -0.38925607978783244 -0.45053338884350896 -0.7579648024451251 0.4717086061410925 -0.13610775377419798 0.6420867014736824 -0.6422118617594896 -0.4186748101228954 0.8447880556771616 0.0 0.0 0.0 1.0
0.5544262014292171 0.12555390985545467 0.8227075950913477 -0.3093197839825468 -0.48813230431023663 -0.7515957713060067 0.44365598279490587 -0.1929738382023923 0.6740462775400934 -0.6475646485286649 -0.35541749684925217 0.9203589507197708 0.0 0.0 0.0 1.0
0.6500530557494791 0.14027843810023197 0.7468286047877665 -0.2777140019698828 -0.40715016979396335 -0.7655342145472079 0.4981827788753592 -0.19734012692513475 0.6416071710193433 -0.6279166393998389 -0.44052346431462697 0.9432871941126331 0.0 0.0 0.0 1.0
0.6483222561009531 0.17642944512639616 0.7406422309606426 -0.22843368140566894 -0.34175555093567844 -0.801837475192553 0.49016306819839506 -0.2060506007382215 0.6803538810168419 -0.5709022243193563 -0.45955333158897904 0.9749612270142402 0.0 0.0 0.0 1.0
0.7410188901771724 0.20563047472256246 0.6392238446474073 -0.17555805078462192 -0.2686459926672584 -0.7816629296312769 0.5628786668306318 -0.21404522927931383 0.6154025864124187 -0.5888286567041046 -0.5239851766308145 1.005287771166908 0.0 0.0 0.0 1.0
0.741517035155301 0.20068804190574574 0.6402162290358584 -0.16808523983380813 -0.27004531845258334 -0.784239339773797 0.5586091831007893 -0.2162909798919721 0.6141889128302903 -0.5871056233794407 -0.527331955572681 1.0028058026212492 0.0 0.0 0.0 1.0
0.7483206268968599 0.20195487335732948 0.6318468687735972 -0.15246784536086033 -0.2556416465864259 -0.7911472978732533 0.5556377196518143 -0.22265275006573343 0.612097711118151 -0.5773215438352525 -0.5404037496622185 1.0048379707719939 0.0 0.0 0.0 1.0
0.7825025480835909 0.1707976852052742 0.5987636620929522 -0.1274177641733848 -0.2759901853023373 -0.7668693195048888 0.5794315287779369 -0.24713050914033102 0.5581390121959635 -0.6186595498709824 -0.5529387174294232 1.0092452240217762 0.0 0.0 0.0 1.0
0.8508480869708546 0.135297486484285 0.5076929997075506 -0.08319390592971698 -0.2645350688273186 -0.7245559710979151 0.6364274179973557 -0.2884313390779748 0.45395902001703303 -0.6758056380142928 -0.5806961033088454 1.0225324546486074 0.0 0.0 0.0 1.0
0.8558158294832796 0.09796725204704164 0.5079189606228268 -0.07416521189648626 -0.308248113397126 -0.6919392572270965 0.652842350957508 -0.3016750080530136 0.4154062347081243 -0.7152778589965746 -0.5619743791510506 1.025595846355713 0.0 0.0 0.0 1.0
0.8660429249476973 0.18323623694641655 0.4651818553027193 -0.12744997190638127 -0.2698079687331464 -0.6120272203785768 0.7433884408288138 -0.38037579686636747 0.4209196524234424 -0.7693160550092119 -0.4806033117529259 1.0623303860924138 0.0 0.0 0.0 1.0
0.8418595358979095 0.11312224334946801 0.5277081740632117 -0.1319629706888593 -0.34378909926066825 -0.6413333571298078 0.685930481852775 -0.3764432717684557 0.41603087876158157 -0.7588774158488835 -0.5010223606178489 1.069265925006807 0.0 0.0 0.0 1.0
0.811241825986363 0.056255427045901016 0.58199832138609 -0.09501240144341588 -0.35957293450762773 -0.7369037525766905 0.5724335323271046 -0.3459378216458098 0.4610792772136235 -0.6736528778143773 -0.5775791927580873 1.0740943787300286 0.0 0.0 0.0 1.0
0.8339644664098259 0.09379435742228523 0.5437884719855264 -0.10470328698560652 -0.33314450754717545 -0.7000164670713883 0.6316578486584807 -0.3566711202617625 0.4399068491605343 -0.7079403698437543 -0.552541767073937 1.0724181891090796 0.0 0.0 0.0 1.0
0.8714959081760085 0.1671228771226855 0.4610474425274577 -0.10756817848152206 -0.2659334411791213 -0.6288537429972857 0.7306314677511012 -0.3961956939651531 0.41203666706623776 -0.7593502987158921 -0.50359992619069 1.0847155204241337 0.0 0.0 0.0 1.0
0.8466084073090364 0.15821542604136277 0.5081555711248554 -0.09843087497577122 -0.3089974584554613 -0.6312699199599164 0.7113500085327902 -0.4043407250748582 0.4333298547052095 -0.7592536710246276 -0.4855503091729355 1.0801088304778395 0.0 0.0 0.0 1.0
0.8777507653901765 0.13216384697039424 0.4605282596061808 -0.07236286516945228 -0.29651365551304143 -0.605167825711819 0.7388176463134737 -0.4111368639096241 0.3763418253704012 -0.7850507053711734 -0.4919981413684896 1.0856865898532706 0.0 0.0 0.0 1.0
0.8881431697126524 0.06036500911746589 0.45558493539099154 -0.05215016114305554 -0.334798200375144 -0.5941142107776572 0.7313948765432343 -0.3990256904338275 0.3148202232404043 -0.8021124242700671 -0.5074483939792099 1.088319604275153 0.0 0.0 0.0 1.0
0.8712989427800198 0.04161691136653364 0.4889848657161383 -0.02738572523162136 -0.3535909430646442 -0.6377124056338307 0.6843218206962188 -0.4134513300559258 0.34031108944656396 -0.7691495196871151 -0.5409227683573373 1.0874015446990428 0.0 0.0 0.0 1.0
0.8675035659920929 0.07283819381512112 0.4920692878167646 -0.06060708347074373 -0.34047466515359665 -0.6342403351090219 0.6941297559041547 -0.39788729865445394 0.36264937728014174 -0.7696971523148475 -0.5254061654951677 1.0641012176262925 0.0 0.0 0.0 1.0
0.8976566410742209 0.12838555946810293 0.4215799887402806 -0.10496574020102933 -0.215319870754144 -0.7068956109547564 0.6737476539439936 -0.3542007960687835 0.3845125251715682 -0.6955686230596982 -0.6069055355085617 1.024020415620241 0.0 0.0 0.0 1.0
0.8421611284183557 0.20677479256336614 0.4980048305396107 -0.15469119990203817 -0.24703568527502617 -0.6729856834211742 0.6971826481110487 -0.3280550768496423 0.4793099268773452 -0.7101650776044612 -0.5156816350379964 0.9925042894565128 0.0 0.0 0.0 1.0
0.23636196581885285 0.29297555866443575 0.9264439343137949 -0.4851403560926285 -0.5040385184799635 -0.7781762679481348 0.3746823327773206 -0.10725700765800902 0.8307094214931423 -0.5555240676545028 -0.036260308917559055 0.7802663536912613 0.0 0.0 0.0 1.0
0.4063442548415433 0.30308264762108367 0.8619891043025704 -0.44987164162558263 -0.710220439725889 -0.4887631032698705 0.5066533015700893 -0.17068319124818024 0.5748662853928096 -0.8180780126465644 0.01664939207992353 0.7170587791733941 0.0 0.0 0.0 1.0
0.4712745246463465 0.34464236499701834 0.8118632839003596 -0.4093634098965192 -0.6566990033621828 -0.47735767795333495 0.5838460056430889 -0.18399600593914187 0.5887671531964174 -0.8083015662541331 0.0013597504547531204 0.7416240841554498 0.0 0.0 0.0 1.0
0.4070996263988586 0.21417868252333705 0.8879174934113251 -0.41478051741004895 -0.6082452056424126 -0.6616490685328564 0.43847265267312274 -0.129064706353029 0.6814012440197434 -0.7185736198172411 -0.13908391408945375 0.7825693672405967 0.0 0.0 0.0 1.0
0.2236063090074976 0.08217054687461553 0.9712096692759679 -0.4769547160160311 -0.5585196715225488 -0.8058152332476163 0.19676782776100707 -0.04655798305200082 0.7987840801233878 -0.5864382596014867 -0.13429147080676526 0.8404417114423133 0.0 0.0 0.0 1.0
0.2982764200294233 0.24730211673988348 0.9218854123794514 -0.36548746087148165 -0.6014863089037309 -0.7012395140898429 0.3827234090358243 -0.16684966054458172 0.7411109485749805 -0.6686588892636222 -0.06041434782629481 0.7230503692010002 0.0 0.0 0.0 1.0
0.3703388385756337 0.05608307432930209 0.9272021182080816 -0.4299351745002117 -0.30255981852501324 -0.936458700890506 0.17749004323321937 -0.06669444020254445 0.8782406293978042 -0.34626552562107754 -0.329838455568332 0.9329377689521865 0.0 0.0 0.0 1.0
0.18489405634837208 -0.056851971503171596 0.9811126172231077 -0.3447030837743754 -0.2129265721432782 -0.9769290479888164 -0.016482854136439982 0.09263235861021824 0.9594145812029664 -0.20585739086482524 -0.19273359994574185 0.7671528758928703 0.0 0.0 0.0 1.0
0.13410920498435971 -0.06643811519826383 0.9887369116155316 -0.3434606987415848 -0.25449050033651466 -0.9665963073192578 -0.030432083438865883 0.09210448607354949 0.9577313223575065 -0.24754288598073493 -0.14653731828538186 0.7678077274153807 0.0 0.0 0.0 1.0
0.061962335188598 -0.09123268973063985 0.9939000468682339 -0.34028801455893876 -0.28256418960121144 -0.9566763163745626 -0.0701999595634971 0.11764525816780974 0.9572450516804635 -0.2764908546592941 -0.08505695519376395 0.7445511812616448 0.0 0.0 0.0 1.0
-0.08015676710243008 -0.1702324817448594 0.9821383722608942 -0.27950279715199616 -0.2304774941200037 -0.9554428373488519 -0.1844156916095182 0.17043182075896604 0.9697706235942714 -0.24114292460316494 0.03735044996568827 0.7014344207350235 0.0 0.0 0.0 1.0
-0.10777728352514625 -0.17866568061967852 0.9779890567403601 -0.2773492800036008 -0.21216206950604152 -0.9569245487302109 -0.19819835691578538 0.17361036797987098 0.9712729911949385 -0.22885347611715962 0.0652286877836151 0.6918740628460903 0.0 0.0 0.0 1.0
0.6072385868542104 -0.5556233722608853 0.5679295335023838 -0.251924770014219 0.5226255114078732 -0.25906374135018967 -0.8122490498288069 0.3978132854952905 0.5984345087562163 0.790043463084498 0.13306944458976805 0.6096499625107363 0.0 0.0 0.0 1.0
0.5512421469982444 -0.5608178202433775 0.6177503406241797 -0.2722763048071832 0.4807996670304694 -0.3915861099701952 -0.7845330060971984 0.36503607321174686 0.6818825192587926 0.7294817974271237 0.053782263135292906 0.6321877435551657 0.0 0.0 0.0 1.0
0.35486236359611545 -0.541051608159794 0.7624538462473494 -0.3601322803105532 0.27249492650831175 -0.7202646527455795 -0.6379383365966517 0.31938181942722765 0.8943261327629974 0.4341450887562184 -0.10816098860943425 0.7168960594515394 0.0 0.0 0.0 1.0
0.3392325548488998 -0.5263364174038327 0.7796738107547773 -0.35115412252894623 0.3530050514034103 -0.6970254496473063 -0.6241337485950598 0.32982795321180847 0.8719568232698514 0.48695530279723953 -0.0506543427321169 0.67845548044822 0.0 0.0 0.0 1.0
0.2571793301534447 -0.5869834146871664 0.7676648362328111 -0.33900430951762334 0.336247503812774 -0.6903909153813327 -0.6405451002875991 0.33999007756262667 0.9059781230923666 0.42286033170272097 0.019817438810876623 0.6684028281113212 0.0 0.0 0.0 1.0
0.26264399334227373 -0.3352995267681404 0.9047609261052353 -0.4077633685466423 0.23419758070210114 -0.8874879365975957 -0.3968836700578438 0.20531556527430528 0.9360393115942547 0.3161319758981818 -0.15456702934492292 0.8211191950289096 0.0 0.0 0.0 1.0
0.31894007984079303 -0.3618402622541012 0.8759845116798657 -0.4191166937031602 0.264558002109824 -0.8535272995081505 -0.4488877109151011 0.23983719294346273 0.9101023511312587 0.37491701359829177 -0.1764963308771722 0.826478999224088 0.0 0.0 0.0 1.0
0.3143324448492018 -0.3794544561534461 0.8701778023421157 -0.40477768280143095 0.30401814168433056 -0.8281253290897254 -0.4709366276449356 0.28220976455216856 0.899315350834444 0.41258053664838007 -0.14494562143331535 0.793621509309398 0.0 0.0 0.0 1.0
0.3017200117959305 -0.3858776069937358 0.8718162328908864 -0.4005767542259393 0.2965041186330656 -0.8311073904584028 -0.47047409274496776 0.29032586648897485 0.9061183158825729 0.4004485878253842 -0.13634742956866217 0.7855119677875682 0.0 0.0 0.0 1.0
0.31801113029409667 -0.39940938535475945 0.8598494513356364 -0.39772447958603313 0.3121861272242621 -0.8122394302728064 -0.4927544949823752 0.28954128804059204 0.8952143840761443 0.42513451281469966 -0.13361111643204698 0.7865290724636297 0.0 0.0 0.0 1.0
0.45503363756437737 -0.1998009208114175 0.8677695854869383 -0.21864127941563105 0.44300006437074413 -0.7945600169143504 -0.4152412555843989 0.20969559590202486 0.7724605923852218 0.573370722050455 -0.27303969942941886 0.8529418897580433 0.0 0.0 0.0 1.0
0.5229054878638921 -0.16904934812544464 0.835459220397483 -0.18677203932534878 0.39977301230347767 -0.8170160061885023 -0.4155313943125244 0.1911536975551405 0.7528289397703981 0.5512776952177447 -0.35964076887207735 0.8872999319750513 0.0 0.0 0.0 1.0
0.6261757934921075 -0.18995803438468273 0.7561876529789677 -0.15733828577037398 0.2454476588496317 -0.8725292116091025 -0.42243128580251615 0.19799608829593968 0.7400400480050049 0.45012074523999057 -0.4997319293012826 0.9493124923917805 0.0 0.0 0.0 1.0
0.6585454907035171 -0.1673110667553652 0.7337062170415838 -0.12471934380482118 0.2715706349475162 -0.8564374627244707 -0.4390491061066846 0.18914692370402214 0.7018313764495482 0.48838687223766386 -0.5185662785670887 1.0043572731048085 0.0 0.0 0.0 1.0
0.6722579880517392 -0.3188601742666086 0.668129760266943 -0.06115544232504308 0.2948353147452635 -0.712518919024523 -0.6367016015206342 0.26045205545261996 0.6790738739118398 0.6250160002413878 -0.3849852890026398 0.8940261015821913 0.0 0.0 0.0 1.0
0.6807274018636658 -0.3331237336285378 0.6524100202316544 -0.03935854238527445 0.3132093254519757 -0.6727437559913837 -0.6703102063374928 0.28238212830882703 0.6622009927122416 0.6606394099579382 -0.3536176514084772 0.8526056775471832 0.0 0.0 0.0 1.0
0.6786452759920653 -0.3828912871966337 0.6267654070984157 -0.03704022381629246 0.27726778379200784 -0.6566587083214575 -0.7013714819778664 0.3018325177494229 0.680119993205101 0.6497642720337637 -0.3394748970838636 0.8424004935874635 0.0 0.0 0.0 1.0
0.6829429933882742 -0.35023668270172864 0.6410328797576459 -0.04828643089281906 0.26897207128435147 -0.6953306780704861 -0.6664602276205955 0.2646967710490323 0.6791486838043473 0.6275742548784202 -0.3806673250575857 0.8684030085885095 0.0 0.0 0.0 1.0
0.664787747780927 -0.3336815430292424 0.6683666407739114 -0.06651527085237147 0.2650915647682643 -0.7310948320535553 -0.6286706270049213 0.2664450913903862 0.6984151811998721 0.5951108854482235 -0.39756674516390483 0.9045699039251033 0.0 0.0 0.0 1.0
0.6925870681753983 -0.26630222065780795 0.6703777242251951 -0.09644501537206152 0.23733811250325124 -0.7934832885569894 -0.5604059721529621 0.2616755249866493 0.6811708641440968 0.5472361304568619 -0.4863526374152934 0.9945028443546156 0.0 0.0 0.0 1.0
0.6914878752417681 -0.3306535457740399 0.6422715738398681 -0.062121763715649175 0.2133216000014788 -0.7559797209186961 -0.6188607518770443 0.28914567352370035 0.690172774797592 0.5649450982571906 -0.45221522946180287 0.9525294615321447 0.0 0.0 0.0 1.0
0.6812713764320706 -0.2740548813028141 0.6787954207828394 -0.134036444092403 0.18263069275016075 -0.8343236744957606 -0.5201443250183333 0.23082213402254748 0.7088831391801902 0.4783282888530148 -0.5183499835456623 1.0454684202273004 0.0 0.0 0.0 1.0
0.7090111517938041 -0.29842114205735837 0.6389428611171649 -0.12702832858916785 0.10837364123363175 -0.8491765006262063 -0.5168698515127286 0.2322217648108164 0.6968201548074555 0.4357111005406187 -0.5697346020214582 1.0852018281061433 0.0 0.0 0.0 1.0
0.728105408450464 -0.379590688110358 0.5707655839735887 -0.13682676309900527 -0.05472125740049256 -0.8621996123145091 -0.5036044182881756 0.20277778665484864 0.6832774254980113 0.33544410773567546 -0.6485438709695002 1.1453698296495198 0.0 0.0 0.0 1.0
0.7231420557669804 -0.40564298596750864 0.5590342982763368 -0.1012671576950536 -0.0717729503467184 -0.8491242564780141 -0.5232939743902134 0.24960253659032072 0.6869601545263007 0.33829234255062796 -0.6431516592387851 1.1426664883532514 0.0 0.0 0.0 1.0
0.7095724690760343 -0.4062498106562727 0.5757325636277152 -0.14077813848239787 -0.13235814611819205 -0.8793687730191131 -0.4573750051124464 0.20099394148077726 0.6920897368409012 0.24833787201156765 -0.677746330437695 1.1990207765314638 0.0 0.0 0.0 1.0
0.7076101364824183 -0.4644517798979168 0.5325151212531337 -0.13024854962418242 -0.1548139000328096 -0.8372209237871477 -0.524493793789895 0.2307079804137141 0.6894349174772922 0.2886963715910917 -0.664329623815052 1.196172522881265 0.0 0.0 0.0 1.0
0.6825003161208664 -0.7104434220318246 0.17164933108752722 0.007903811277649608 -0.2970294648547655 -0.48419119214607703 -0.8230021015364603 0.43281167990308 0.667807480898413 0.5107142802831571 -0.5414833203615733 1.2190903874974817 0.0 0.0 0.0 1.0
0.6807101288505901 -0.6810951396005478 0.2697092417142236 0.001748232292796137 -0.2679413709555467 -0.574155097455721 -0.7736622898253387 0.4214008759637158 0.6817925646952312 0.4543734908301357 -0.5733267942334369 1.2380665023264723 0.0 0.0 0.0 1.0
0.6964343129814281 -0.6730727517454727 0.24890228702618133 0.017951025463754183 -0.2429307563658824 -0.5474890899721889 -0.8007748321828955 0.42369597389665226 0.6752510141619692 0.4972210277967116 -0.5448002571791655 1.2495228974805093 0.0 0.0 0.0 1.0
0.6801079339847526 -0.6949577141995356 0.23342447384581097 0.015708560497903284 -0.23967884186691915 -0.5116831537406399 -0.8250662926738405 0.42582401183043717 0.6928255927127716 0.5051872181488382 -0.5145663760613112 1.2263771254240659 0.0 0.0 0.0 1.0
0.5495910049284769 -0.5882107153630983 0.5932604010486029 -0.16867825207194162 0.27097679322520424 -0.5462195052602336 -0.7926006742825983 0.47462760100872553 0.7902666383332918 0.5963658984012224 -0.1408058856006566 0.9100340770025881 0.0 0.0 0.0 1.0
0.3828993156355925 -0.6549024535130735 0.6515296804375774 -0.35891314757385795 0.40790149658312314 -0.5129426509695849 -0.755318721637193 0.35835021665462446 0.8288573804495889 0.5549708957389271 0.07073024085085709 0.8022336409699444 0.0 0.0 0.0 1.0
0.3782230120737978 -0.6378567794243071 0.670884550031624 -0.34969490276493254 0.45120899337125053 -0.5057773910230967 -0.7352548167068316 0.385442623457891 0.8083055126172595 0.5807994442421274 0.09651005144095424 0.7953884168710287 0.0 0.0 0.0 1.0
0.4452695001507023 -0.5959646505585625 0.6682523841776864 -0.40726101818488303 0.3591172144537084 -0.5648007325658455 -0.7429905189511804 0.37132284182085173 0.8202255661697678 0.5708119086598138 -0.03746736162485382 0.8520437633543063 0.0 0.0 0.0 1.0
0.7482506506931966 -0.5316032579498693 0.3968865509023136 -0.4347950956200536 0.0885609466550643 -0.5128527656350904 -0.8538964268921456 0.34479258041338423 0.6574784466978408 0.6740772138836875 -0.3366631047626769 0.9394225033326602 0.0 0.0 0.0 1.0
0.7683947649270783 -0.5018744691694508 0.3971038575283343 -0.4189329573209357 0.09142024086613977 -0.5280559088795589 -0.8442744335859217 0.29986980597740376 0.633412849346129 0.685039358642649 -0.35987390949664694 0.9746370597642913 0.0 0.0 0.0 1.0
0.7500511569769442 -0.5270235415047135 0.399586591664642 -0.4093589797480068 0.09339716678606443 -0.5137147243684611 -0.8528623888119522 0.3385607633449571 0.6547520791178918 0.6770106088696922 -0.3360898138824865 0.9593053666487038 0.0 0.0 0.0 1.0
0.5890478676377474 -0.4768731794764601 0.6523914345425892 -0.5386946658091618 0.19547578478763003 -0.6992565562809954 -0.6876259734432532 0.05418055282024483 0.7840993547316484 0.5325713706874445 -0.3186784503882242 0.953382342781448 0.0 0.0 0.0 1.0
0.620675658329477 -0.34018193412303727 0.7064261919676563 -0.6826672830395779 0.1938641427825869 -0.8064180539019193 -0.5586650226936335 -0.1400964551599403 0.7597225670061603 0.4837004844672646 -0.43457502622505634 1.01197991393965 0.0 0.0 0.0 1.0
0.5961724532054291 -0.4032878696639384 0.6942170388712314 -0.6400493720186746 0.1721333995574545 -0.7803701998302321 -0.6011592859928572 -0.05331153074400502 0.7841865146213135 0.47789255030021854 -0.39581590891883767 0.9707092148995506 0.0 0.0 0.0 1.0
0.5976186383307469 -0.40578643090907707 0.6915123283153163 -0.6409383445835415 0.17153559150344225 -0.7777923115674737 -0.6046607996635593 -0.058958208102352805 0.7832160892755629 0.47997553266875986 -0.39521638064679243 0.9619378045333847 0.0 0.0 0.0 1.0
0.7152620616416064 -0.5024594274236023 0.48573114748780116 -0.336791111291964 0.08612495332756039 -0.6263638247844275 -0.7747585571057575 0.440142495835193 0.6935291486328953 0.5959889792839715 -0.40473996830608416 0.9659531188997221 0.0 0.0 0.0 1.0
0.7009056586803205 -0.4818353790698364 0.5258953423225096 -0.2078714031228353 -0.04021629714104995 -0.7628431031110935 -0.645331718766474 0.42392498841518766 0.7121192852708357 0.43116709850849194 -0.5540586851468898 1.1264248861765438 0.0 0.0 0.0 1.0
0.734133404259426 -0.5549942420844225 0.3911898744352756 -0.06076058939911641 -0.16482107253107645 -0.7045476765042946 -0.6902511108810775 0.39350038552465827 0.6586973199455702 0.4422600453488878 -0.6087067160736196 1.2213394502165846 0.0 0.0 0.0 1.0
0.7469305199561569 -0.5173558498335019 0.4176574439112427 -0.07113217961274432 -0.28936147147893415 -0.8184721997658592 -0.4963599941443422 0.34639830411123895 0.5986357247010103 0.24989246230188866 -0.7610447130107211 1.2778528753033347 0.0 0.0 0.0 1.0
0.7281693252195889 -0.5240407024405965 0.441758745464742 -0.10396485656623947 -0.32385387407304994 -0.831105907566445 -0.4520858623531521 0.2859739240951816 0.6040597152714707 0.18612976147817045 -0.7748984444456118 1.33086503644393 0.0 0.0 0.0 1.0
0.7206539837977514 -0.5188679105386997 0.45981940296961565 -0.11768675911148477 -0.3331915901432836 -0.8408268185212472 -0.42660706525842723 0.2704496830647026 0.6079812242044214 0.1542281276800036 -0.7788276249060011 1.340085186438441 0.0 0.0 0.0 1.0
0.7953704785393962 -0.46635195188836853 0.38717137913566985 -0.10172474178606611 -0.29484015152212095 -0.8557792055021165 -0.4251014982478334 0.2738453882239089 0.529580111808938 0.22395951685001356 -0.8181607803981937 1.3622760117967283 0.0 0.0 0.0 1.0
0.8093470041827021 -0.4236443317714263 0.40679594373517003 -0.06398635348367132 -0.30785089709921215 -0.8958431960294506 -0.3204571967153743 0.2565487219956803 0.5001852569844116 0.13412857816085796 -0.8554672587982224 1.287123767049758 0.0 0.0 0.0 1.0
0.7399123375767097 -0.4701317054081698 0.4811506168422973 -0.09775669969251133 -0.3230083405214543 -0.8756953920102328 -0.35891944929848496 0.24461605360059865 0.5900808159320915 0.11015325789177041 -0.7997942837620928 1.3020425712731853 0.0 0.0 0.0 1.0
0.7036836540164747 -0.48130311025536054 0.5226630325506089 -0.1955800188062748 -0.24963448920785836 -0.856192662954761 -0.452345869855238 0.2676616858680442 0.6652157068183414 0.18783368000062312 -0.7226386227761594 1.276307056938513 0.0 0.0 0.0 1.0
0.5975781793486236 -0.45189266890868524 0.662339301094674 -0.26772478357152063 -0.3306248287965639 -0.8914318762584433 -0.3098975563915848 0.23063238443104542 0.7304707592073137 -0.03379780530490323 -0.6821071724983528 1.2961217356683927 0.0 0.0 0.0 1.0
0.6178547723819939 -0.4230460319053302 0.6627876957867349 -0.2748320765934947 -0.34900824917183887 -0.9028929116575862 -0.2509534425601156 0.21981045536253965 0.7045911780293683 -0.07626557394175658 -0.7055032336794627 1.307243870574127 0.0 0.0 0.0 1.0
0.5957677720992614 -0.4249665472657607 0.6815160960669148 -0.2850271734251271 -0.40233261861074643 -0.8923148821956142 -0.20470119750130322 0.13780082499184185 0.6951181132297715 -0.1522417925569121 -0.7025903759164787 1.3445952999272759 0.0 0.0 0.0 1.0
0.6571262145525006 -0.3803918098463308 0.6507589381784188 -0.2707068774420426 -0.38028023919114806 -0.9127070349575976 -0.1495087525380837 0.10278195962557665 0.6508241564983129 -0.14922466097700823 -0.7444191702109666 1.368469891336427 0.0 0.0 0.0 1.0
0.6738892288130826 -0.35754514627355705 0.6465560972179875 -0.24939207239054006 -0.35310014008351526 -0.924553757523924 -0.14325022710450067 0.07454948651316054 0.6489942552983191 -0.131764252172253 -0.7492960964616857 1.3811061393267836 0.0 0.0 0.0 1.0
0.6911002086567926 -0.30021908447804396 0.6574564453206413 -0.23490803276795913 -0.3428743724399266 -0.9369580336746841 -0.06742978918623518 0.049180615297767905 0.6362528068566479 -0.17882426722952705 -0.750469353550098 1.3691506366239161 0.0 0.0 0.0 1.0
0.6039436914789487 -0.36785380578691773 0.7070612402424082 -0.2342343852877923 -0.5100525118841642 -0.8600624566199884 -0.011787195976558602 0.015200020643819145 0.6124528342910404 -0.3535195481893429 -0.707054058419557 1.3322228420526188 0.0 0.0 0.0 1.0
0.5533334821821642 -0.46300560716032774 0.6924217325443887 -0.24747508669557491 -0.41528894900498675 -0.8739404239107589 -0.2525138014808356 0.10977702701724906 0.7220506827110565 -0.14783075954837235 -0.6758615784282288 1.3163247484053324 0.0 0.0 0.0 1.0
0.6687071988190252 -0.44098040743272326 0.598637587055919 -0.24089784624165145 -0.2414347769297077 -0.8902889128701902 -0.38612807981158864 0.2209606128595361 0.7032353204556601 0.11367468929573309 -0.7018106110194313 1.2791079485610197 0.0 0.0 0.0 1.0
0.7423460635161223 -0.3987673652645124 0.5384300233616394 -0.24641608967418965 -0.1946533796853114 -0.8973026378461069 -0.39617928555806775 0.2538986921511711 0.6411180697093667 0.1892949263354132 -0.7437304815280569 1.2665606707506274 0.0 0.0 0.0 1.0
0.7323818289276267 -0.40026295973449155 0.5508234630409271 -0.24433788437269058 -0.18005584819061218 -0.8940224579394603 -0.41024841607873636 0.25524661308407093 0.6566557686837627 0.20127950777608214 -0.7268354475607304 1.2624001990527753 0.0 0.0 0.0 1.0
0.7309859108334651 -0.39417173921091403 0.5570352207780778 -0.24176574989617608 -0.160795875843972 -0.8928065206252529 -0.4207626312821384 0.25636702559613167 0.6631774200734751 0.21800258499355854 -0.7160101958817029 1.261432814721557 0.0 0.0 0.0 1.0
0.7248522168699769 -0.36941342801906996 0.5814834616448249 -0.23992275277043257 -0.11716807890685353 -0.8978800816212358 -0.42436188590983387 0.25361100945355547 0.6788673900016254 0.23946835211144935 -0.6941137908281159 1.2570691734689212 0.0 0.0 0.0 1.0
0.6950355612607558 -0.37049463685345524 0.6161649930086317 -0.24775324744388771 -0.17125348588808845 -0.9176483934885559 -0.3585996433705255 0.2347239959887442 0.6982820537975701 0.14371908291698401 -0.7012467292274344 1.263261098071565 0.0 0.0 0.0 1.0
0.6316034231757852 -0.36375046403461003 0.6846624876754442 -0.26871369409086354 -0.30491551638889086 -0.9284832655185776 -0.2120030760598782 0.14418413941019217 0.7128138702568677 -0.07486236328840865 -0.6973464154502282 1.2664144551363283 0.0 0.0 0.0 1.0
0.5697032022735061 -0.3369666196170311 0.7495944358312846 -0.2624543564811238 -0.45936932247505996 -0.8868625061548187 -0.04954529610016161 0.06882965485579007 0.6814823113449232 -0.3161145662678419 -0.6600404900132222 1.264108009614375 0.0 0.0 0.0 1.0
0.5780220306296119 -0.4160885754733969 0.7019692641125025 -0.26371853053589206 -0.5190251207913396 -0.8512653401257761 -0.07720254302421195 0.055457946282157444 0.6296851846030952 -0.31971491408570957 -0.7080105573903642 1.2552335957444913 0.0 0.0 0.0 1.0
0.606374363011778 -0.40804209624067805 0.6825040671604644 -0.2648834355312008 -0.5156875694699506 -0.8551306626287682 -0.053083339777095236 0.04002709612046862 0.6052904334136043 -0.31977048727150614 -0.7289515282066512 1.2515651792743772 0.0 0.0 0.0 1.0
0.7218353743921053 -0.2125970593423549 0.6586016823868182 -0.18340459024869937 -0.3444634181233005 -0.9357611802722834 0.07547175004491022 -0.04274292761458759 0.6002488052209701 -0.2813423530239778 -0.748697446555192 1.31676133604149 0.0 0.0 0.0 1.0
0.7320641250748271 -0.2422633549481253 0.6367028450928851 -0.18038897031577694 -0.3581204923137905 -0.9319238239999711 0.05716350563406672 -0.03723500057742246 0.5795099528820136 -0.26986372300967193 -0.7689874912773105 1.3165692918840062 0.0 0.0 0.0 1.0
0.7389871475817036 -0.2422067446641729 0.6286762993276959 -0.17951738121488522 -0.3542577795371102 -0.9334210079112741 0.05680362647991667 -0.03564155715360165 0.5730614261133482 -0.2646906464255792 -0.7755897608876977 1.321286574331617 0.0 0.0 0.0 1.0
0.7494159852762564 -0.25012266084670215 0.6130369907884243 -0.18564224767526585 -0.3459812800230064 -0.9373669366770272 0.040498654910124145 -0.02729537749585642 0.5645109745986242 -0.242449661592809 -0.7890155612245023 1.3199012897443845 0.0 0.0 0.0 1.0
0.7624225842169782 -0.23873889536440204 0.6014279462166379 -0.1916768284439704 -0.33469833843544455 -0.9409562830138883 0.050776979345259626 -0.0025123906081363223 0.5537949604155753 -0.24001043667496316 -0.7973118263755068 1.316160624079148 0.0 0.0 0.0 1.0
0.6862060449058428 -0.38042202159373467 0.6200003251064438 -0.24333596538259045 -0.29493711234560355 -0.9246466123132603 -0.24091650297597858 0.18757136600129287 0.6649311518089307 -0.017542742450574165 -0.7466986139528647 1.2975653317841318 0.0 0.0 0.0 1.0
0.7031714479413277 -0.3428587787442801 0.6228947168720721 -0.2639965879718942 -0.021274853102443626 -0.8858108492908178 -0.4635585718422269 0.2615088040578647 0.7107020027037312 0.3127091481727487 -0.6301711435047156 1.2640511842975257 0.0 0.0 0.0 1.0
0.6338304959754478 -0.3651144810047175 0.681872680009863 -0.24479191423315122 0.029058707866194557 -0.8697108510984665 -0.492705402902373 0.2966899048515085 0.7729259315775255 0.3321060266828346 -0.5406395529446286 1.2243417412382407 0.0 0.0 0.0 1.0
0.9012452740194563 -0.23021910651574842 0.36709142916963244 -0.18225319427758274 -0.1848680130543113 -0.9704993285770545 -0.15477360843422422 0.21369505638485983 0.3918938272665943 0.07162552007970624 -0.9172180833833059 1.2039884707129103 0.0 0.0 0.0 1.0
0.830668622546944 -0.3894901478490815 0.39785312778307863 -0.035618008302555265 -0.3206081830605767 -0.9188318132947081 -0.23012709353890362 0.15199645031499778 0.45519236093381826 0.06360437506206035 -0.8881184586925152 1.167339646820139 0.0 0.0 0.0 1.0
0.8448971713632081 -0.40337681267467645 0.35133441102815244 -0.07446832921358108 -0.3001626590770677 -0.901145600028557 -0.3127921660311115 0.18142139298661064 0.4427765727967806 0.15881976529714503 -0.8824540492803886 1.305673498131971 0.0 0.0 0.0 1.0
0.8511902427594502 -0.4082911646731271 0.32980827334826635 -0.08114800716636607 -0.32783046373643254 -0.904307183278431 -0.27341499596721547 0.18923347499490337 0.40988090891861856 0.12460697059451867 -0.9035876999766004 1.3481035363097449 0.0 0.0 0.0 1.0
0.8488215787014299 -0.374724232565365 0.3729392279105213 -0.0777054095932823 -0.28263810640482057 -0.9177891075393579 -0.27888857344393214 0.1981468127736302 0.4467858602781218 0.1313198056010888 -0.8849505819292005 1.2867755109652999 0.0 0.0 0.0 1.0
0.7995895356023099 -0.40757168860935905 0.44106908549802953 -0.09097732515743895 -0.31165411284822125 -0.9094185824951023 -0.2753716411540098 0.20405628678708074 0.5133501155255145 0.08272328066138344 -0.854182951586462 1.2434516973411371 0.0 0.0 0.0 1.0
