path	bytes_or_kind	sha256_or_target	status
./aligned_Cours.ply	软链	dense_Cours.ply	软链(无数据)
./aligned_P16k.ply	软链	dense_P16k.ply	软链(无数据)
./aligned_blend.ply	软链	dense_blend.ply	软链(无数据)
./aligned_blendmvg.ply	软链	dense_blendmvg.ply	软链(无数据)
./aligned_dtu.ply	软链	dense_dtu.ply	软链(无数据)
./aligned_mvgZeroDTU.ply	软链	dense_mvgZeroDTU.ply	软链(无数据)
./casdiffmvs_mvgZeroDTU.ckpt	11766857	78304b0c8019aac3ce5f41c6c71d8e5d115398ed02c57d20c7115db6edd0c70c	未入库:第二档,暂留本地待定
./cloud_vs_ref.json	616	cbf0c5dbe53a1d7eaddba64431c72e119931e6e1b31651797a96208a638624c8	已入库
./compare_cuda_5090.html	软链	~/Documents/progecttwo/_artifacts/lightglue_spike/compare_cuda_5090.html	软链(无数据)
./compare_mvs_ablation.html	53488386	4dffee77c48d8fbcf0f9c11ac21944fd754b5af38af1b5fe0ec73692cd922c0d	未入库:第二档,暂留本地待定
./dense_Cours.ply	459600977	224b8f44abd00a78c9f82ebe86b367d92fe109a403c4e103d6bc03623c8e3f64	未入库:第二档,暂留本地待定
./dense_P16k.ply	软链	~/Documents/progecttwo/_host_experiments.nosync/pose_ablation_20260818/dense_Cours.ply	软链(无数据)
./dense_P16kH.ply	447348827	7992d9103dca71c2f8df2c1beaee82e4a3707a8d7bc9df9686d85576ad4a5170	未入库:第二档,暂留本地待定
./dense_P8k.ply	430875407	6ddda43225015c32af5413823bff4cdaedeacc8112ae578f6d7b009e91e9b213	未入库:第二档,暂留本地待定
./dense_blend.ply	369061907	cb36155f65613e71281f1af8f0590ba12ff4c5c6d7da1f8aa2e513ed8e541768	未入库:第二档,暂留本地待定
./dense_blendmvg.ply	350847182	5a39733e9d1564f731f36fd986d1f9e60ec17ba01bcb7d9022ef44c3df6a8fbf	未入库:第二档,暂留本地待定
./dense_dtu.ply	279517337	fac2aa06b1419389e1729f0981fa3992958f83291ad4c6721d3b075f120e7318	未入库:第二档,暂留本地待定
./dense_mvgZeroDTU.ply	417901322	27b7fcee34f6b96579559a221cb3a3d2c390832f40ca85c312306ff0488505a1	未入库:第二档,暂留本地待定
./dense_official.ply	449957882	6fa5d694409050e3a9f65a5fca17272c6e886f4bfec4667dbe0510a8ffb75064	未入库:第二档,暂留本地待定
./gauge_P16kH.npz	828	b74d1356975187ee5ad707f29be67fab76cb1bd72fc4e23797d78ddb6f7befb1	未入库:第二档,暂留本地待定
./gauge_P8k.npz	828	afcb37304699dd580319cf32e2f062f99acc077f1ff019d8dd4e476ef8d7b0f6	未入库:第二档,暂留本地待定
./ghost_mass.json	567	ae3333797a8e6d7b9f84ced525b8b9e1a1a3844451e1ddc39f17b651d9ad297e	已入库
./measure.json	1038	2c9fe466a97ad1a1cf99cf17af8ff0c6bbe6c491cad74edea5bae62c59851ca1	已入库
./measure.log	1477	dd6dda160d9bf0e7a32915e6aa8be3f7e3e06e452533e472c6dee000e7938d53	已入库
./metrics.json	737	9fcd36af42930b2548a56a3c24345849365e6e6e3f51762fef5a1bd929e4acce	已入库
./verdict_vs_ref.json	801	693fe11d8da4b1f7064398ab3f6ad01a1aecc2d9371fa7b7bd7b9bd5da19cc51	已入库
./wall_flatness.json	715	d92891e493d35867eae94254613062e5e72f7f2425dcefcce44b7bb83b856e61	已入库
./wall_flatness2.json	711	f148e97b15f2d513c6440ff251a46e363171c67c744d4c5c06a9a5ef7af495f6	已入库
./mvs_P16k/pair.txt	20399	bec7a2368f5404bfda54182f5e7e8e518dc62cc5702acc4764ed9c66f5881cc4	未入库:拍摄原片/相机(本地保留)
./mvs_P16k/images/00000000.jpg	1432877	26730b12920cfa14a5e7978c011661b54f0270fe9bc616af3ae1905aacddb22b	未入库:拍摄原片/相机(本地保留)
./mvs_P16k/images/00000001.jpg	1159702	32fd5c746bcb49c6f85c18979ed6107a199931e1b50714cf676d7ab6cae532f1	未入库:拍摄原片/相机(本地保留)
./mvs_P16k/images/00000002.jpg	1046026	269c53a450bad76d7d0cf364b76631355797331aae83f2e166ba2cd398c5faaa	未入库:拍摄原片/相机(本地保留)
./mvs_P16k/images/00000003.jpg	1241243	16f12f4fa1ac0e4cdbbd942e29d039277531a4c48ece55acea8d61114ed2e295	未入库:拍摄原片/相机(本地保留)
./mvs_P16k/images/00000004.jpg	1578777	9ba69e9a2a3cbcfdbde9aebe0d231506e62c9308790c7fd9245c2939aecb7f06	未入库:拍摄原片/相机(本地保留)
./mvs_P16k/images/00000005.jpg	1016111	9d0dbe52d951ccac1d31125b848e67efcd33a5437772686537dda54816fabb0d	未入库:拍摄原片/相机(本地保留)
./mvs_P16k/images/00000006.jpg	1346258	2dfb5663c6c482dfc7aca53f0969c89a9dd37e4d7d950d5470c45c033c90279e	未入库:拍摄原片/相机(本地保留)
./mvs_P16k/images/00000007.jpg	1073651	42855dd82f2c7eb05b760d9e41dfc32c39628f67daf2b0958ce6c76126c03d2c	未入库:拍摄原片/相机(本地保留)
./mvs_P16k/images/00000008.jpg	1021486	4b3a48b6de9f1b6f801a91da897b134791a420b7fee8063d73e2bec1fc28c1bf	未入库:拍摄原片/相机(本地保留)
./mvs_P16k/images/00000009.jpg	1466069	1bc99a578ee480dc1834536694b5645c51de13b61684fd88aefcaf6b731ab2e8	未入库:拍摄原片/相机(本地保留)
./mvs_P16k/images/00000010.jpg	1232893	21dc59a7fed31ccc4c5e3503bf57eb475d5994e1d31d363bbea0dd4578162f34	未入库:拍摄原片/相机(本地保留)
./mvs_P16k/images/00000011.jpg	1294706	741726141b3a1823d2ebf1ad543385852f5f8544e5a3a37c415c16fed0683e63	未入库:拍摄原片/相机(本地保留)
./mvs_P16k/images/00000012.jpg	1093410	31cc9524cd6afd9a0b351b76708118b5114335c030091502ebe718463e2beeeb	未入库:拍摄原片/相机(本地保留)
./mvs_P16k/images/00000013.jpg	934982	6bd0016bd200f54bfc3e02a62bd160caaa80c06d363e0f5238a17e20f833ec4a	未入库:拍摄原片/相机(本地保留)
./mvs_P16k/images/00000014.jpg	1053866	4cf75315a20a7495d78e2f76e17d223fca57b02b37486965b5c3a8ab1d501331	未入库:拍摄原片/相机(本地保留)
./mvs_P16k/images/00000015.jpg	1176913	3a304cec3b00f6bec6f0132e403b44058174fe108cb0f0f48ea376c38dc93599	未入库:拍摄原片/相机(本地保留)
./mvs_P16k/images/00000016.jpg	1313866	68d17454f3be6142befe676eb8a07e4778bf670b2316e7717186d86e545ed466	未入库:拍摄原片/相机(本地保留)
./mvs_P16k/images/00000017.jpg	1226142	cc983487a1593503184d3149371c1de5781491ddda77b0f0eab56822e4b75ea6	未入库:拍摄原片/相机(本地保留)
./mvs_P16k/images/00000018.jpg	938599	ae3412cb96a0c60eddca89515ba6a7c1b54af0cefc6cef716ddd5c3dc4520416	未入库:拍摄原片/相机(本地保留)
./mvs_P16k/images/00000019.jpg	1087223	40319eaa76118cf8e4134153bfa6c7e84985d21c153096e66eedf79cd7cb9661	未入库:拍摄原片/相机(本地保留)
./mvs_P16k/images/00000020.jpg	1329182	4c3ea7587564f46c9665cb407a1854a8697a5dd5e1a45cdfe3235e9a4bc301cf	未入库:拍摄原片/相机(本地保留)
./mvs_P16k/images/00000021.jpg	1101981	e0c2102126e09d3412a6bcc538f32a0a05a5066a26851e066af31aefdcdb004d	未入库:拍摄原片/相机(本地保留)
./mvs_P16k/images/00000022.jpg	1149872	b2af33c7ba24e12704bfbbfc612ddd432d16159b6207aca9d154762efae67776	未入库:拍摄原片/相机(本地保留)
./mvs_P16k/images/00000023.jpg	1199780	ba695ef4c56c4d5acdff2de23f7a229f734445d87b8fd27fd795978303cc6a43	未入库:拍摄原片/相机(本地保留)
./mvs_P16k/images/00000024.jpg	1054641	86ba4ae70ae36eef6e40ff362f3b360e3b76459a4ee1dd917fc6e099de9a8274	未入库:拍摄原片/相机(本地保留)
./mvs_P16k/images/00000025.jpg	1030192	0149918d67c0f87a50cd5577cb21e55d7dc9a8d4d074d68b0d12fdbfbc7185c6	未入库:拍摄原片/相机(本地保留)
./mvs_P16k/images/00000026.jpg	872795	f8e9b9cf67ed84b63660487036af4b2fdf52e09c719b602c7155a0e33ca549da	未入库:拍摄原片/相机(本地保留)
./mvs_P16k/images/00000027.jpg	984250	2984fd57539c1dd8f73684363ceb1b369de66438365d10a0e0c23c302a7e5d56	未入库:拍摄原片/相机(本地保留)
./mvs_P16k/images/00000028.jpg	1016191	0e03ece689da276c069813d5ef1b4e7a1b051cf4d115861390ff6bd353e8e6f5	未入库:拍摄原片/相机(本地保留)
./mvs_P16k/images/00000029.jpg	1019115	25cdea5be84f80e1252e72f6c39e460f2a8e83d74a645afaf9edce5428aa10f3	未入库:拍摄原片/相机(本地保留)
./mvs_P16k/images/00000030.jpg	1325882	d9575ba084b35d62c02535a7010ca0daed73542ac6142a426d361cabb73ce37e	未入库:拍摄原片/相机(本地保留)
./mvs_P16k/images/00000031.jpg	1211003	9b47ceb207d2b51bf533682e28ee7c7e20c55053f226e05cc3e853080e023b76	未入库:拍摄原片/相机(本地保留)
./mvs_P16k/images/00000032.jpg	909816	f803033972edca69518b1e7caea6078809532997416fe628fac2c11f31494a41	未入库:拍摄原片/相机(本地保留)
./mvs_P16k/images/00000033.jpg	1049134	75b0a86107ce149afd8db2f170c112b0a6c10b833330996332e3c09b1bff6634	未入库:拍摄原片/相机(本地保留)
./mvs_P16k/images/00000034.jpg	1105843	d6bf5bd4f9e05ac2f9fee339d5fc41611e4442764dcb944d192bd59890d80ce9	未入库:拍摄原片/相机(本地保留)
./mvs_P16k/images/00000035.jpg	1331611	56d2a3a4c5e1c9f831ab6a7d5d164ae508095cf203bb6964bbe38304ccefa3e6	未入库:拍摄原片/相机(本地保留)
./mvs_P16k/images/00000036.jpg	1169052	6abce3a99194a533d7f7f02c1292ccfbeb0ead688dcad02e316fadafd132fee1	未入库:拍摄原片/相机(本地保留)
./mvs_P16k/images/00000037.jpg	871852	e8fb2052689944507eadc709e6e629625c07b0d5efc672a51e613940b374bb49	未入库:拍摄原片/相机(本地保留)
./mvs_P16k/images/00000038.jpg	1113244	06e2e61bc7339195e7f22483762ea6c7d7685ecb31509dbe774737b2723ad660	未入库:拍摄原片/相机(本地保留)
./mvs_P16k/images/00000039.jpg	868440	a952c29c4e8fac5cb5d933bf85de43b5ed1c14b230762992bf8125b063179b51	未入库:拍摄原片/相机(本地保留)
./mvs_P16k/images/00000040.jpg	1100458	13cf41705b501e67875cc02574e4d3641525aac0871908ce67569a5861769c7e	未入库:拍摄原片/相机(本地保留)
./mvs_P16k/images/00000041.jpg	1319359	485fa03d0acea2631784714a47d46011f9dd8a57f387b0990ac6c9b2c85b78d0	未入库:拍摄原片/相机(本地保留)
./mvs_P16k/images/00000042.jpg	1005699	a6edb53987a35a5d11de5541de5676b1cb177f5caaa67b81e7530445678ce6a7	未入库:拍摄原片/相机(本地保留)
./mvs_P16k/images/00000043.jpg	639767	428dd6fb90a68a1611ab6d19f945cbd3f4abb0c1d74143af4c46355b514ed78b	未入库:拍摄原片/相机(本地保留)
./mvs_P16k/images/00000044.jpg	1055121	9df975f32ee1896208c5d78b9e7899b4a44ef503a9620874a78750fa5c5d2325	未入库:拍摄原片/相机(本地保留)
./mvs_P16k/images/00000045.jpg	1081743	8fa83909cc83d40800d21b3f84113679f39b890fe423c17610f584cf8ef0f6a2	未入库:拍摄原片/相机(本地保留)
./mvs_P16k/images/00000046.jpg	1060584	c98f8b864f537023726325637666a97fdbf036a49f98694b11b444af2a308d9e	未入库:拍摄原片/相机(本地保留)
./mvs_P16k/images/00000047.jpg	821649	6cd8708a5cf2da515607a277d7b9fd561b51f5778b4af7f8880a28a96d5eb610	未入库:拍摄原片/相机(本地保留)
./mvs_P16k/images/00000048.jpg	1054907	0f821e1adeefa0b7dac17d8c976342dfb45afab857c0b2e4d7c769da5a7c9e37	未入库:拍摄原片/相机(本地保留)
./mvs_P16k/images/00000049.jpg	908041	cf920f10248e9463f8178985ed04dd43f785c9104c7db684c99d39133b4a127a	未入库:拍摄原片/相机(本地保留)
./mvs_P16k/images/00000050.jpg	901268	4eaae0cf669799e39fddb0d93f34d2724e4f50a9797f62078bb6917f74fdbd32	未入库:拍摄原片/相机(本地保留)
./mvs_P16k/images/00000051.jpg	1100028	50a1796195d3c7256bb3f27ce0690dc0716b14b0c895c48c03b2312d668b54b5	未入库:拍摄原片/相机(本地保留)
./mvs_P16k/images/00000052.jpg	849876	434f466cc5743a8bf2113050a95d00e98e77f2e64e7a6ea0bb46910a172124d4	未入库:拍摄原片/相机(本地保留)
./mvs_P16k/images/00000053.jpg	1252819	b1ee2f922857bf70dc361b9520f1b72353a81a200be9d80d8084a27b4ffc6a04	未入库:拍摄原片/相机(本地保留)
./mvs_P16k/images/00000054.jpg	1177080	b136ad5c30fd88e3ba4fd4876fec6e6cb0cbc31ba0645b5270eb5983af500d05	未入库:拍摄原片/相机(本地保留)
./mvs_P16k/images/00000055.jpg	1078359	a1c14b5c53a411d6968a4a4590899e3629aba8ce402142e0464726fecf5d6bb0	未入库:拍摄原片/相机(本地保留)
./mvs_P16k/images/00000056.jpg	894535	d1e0626d242c05dbee15d8fe7529b7e76b51890517bf470b609aa35cb4e17081	未入库:拍摄原片/相机(本地保留)
./mvs_P16k/images/00000057.jpg	894265	8f87596b7e3ed0b9407a2ca5a5344ac86fce62651315141760ebc8e6e449450b	未入库:拍摄原片/相机(本地保留)
./mvs_P16k/images/00000058.jpg	808398	0e141ed15f5fa670cc076d43747e9c4a405d4deab6016d613c8ba459ba932ba5	未入库:拍摄原片/相机(本地保留)
./mvs_P16k/images/00000059.jpg	1095677	8586733fa04237756744ad62b2a04e0257e81ea908d2cdb5991e05f14993ba52	未入库:拍摄原片/相机(本地保留)
./mvs_P16k/images/00000060.jpg	851608	da19f6ffabf3f3d7d8863e569fe51517bb6e86cb165b53ba2cd0db77ba5cdfc8	未入库:拍摄原片/相机(本地保留)
./mvs_P16k/images/00000061.jpg	1041610	88573272ad77d2753567bb955e8aa0c268b7601da864570c30ac12f23c8bfd8f	未入库:拍摄原片/相机(本地保留)
./mvs_P16k/images/00000062.jpg	892352	ec116ce694edfff070334cdcd6cce818d365a1f7b1119eb42dfb96956a790dcd	未入库:拍摄原片/相机(本地保留)
./mvs_P16k/images/00000063.jpg	1109087	0d1c703ba295496ab03269d956c90406e6a06379c0ebb4c9e40c0c1457c5cf13	未入库:拍摄原片/相机(本地保留)
./mvs_P16k/images/00000064.jpg	1120793	b664bf74a2e82209f62b2192ce1b56751bf9805d485a046a0e3c264a7fae35f3	未入库:拍摄原片/相机(本地保留)
./mvs_P16k/images/00000065.jpg	798476	c3a64c52211a3b40caa24cd09deb46048ae08f062c4c36b3226c00ce075a8f5e	未入库:拍摄原片/相机(本地保留)
./mvs_P16k/images/00000066.jpg	1088513	2283a32a06011c9035a91004445422f8f8f21c8a8ecdf06a68e430ea0fa9e68c	未入库:拍摄原片/相机(本地保留)
./mvs_P16k/images/00000067.jpg	819328	8dbe144c603019d71b8cc1df24cb8fbc358e261f5a703156711205804e2c517d	未入库:拍摄原片/相机(本地保留)
./mvs_P16k/images/00000068.jpg	951046	c01ca7811cbe4e14979316ba66348a29df5575124b750522420590b5b84d0892	未入库:拍摄原片/相机(本地保留)
./mvs_P16k/images/00000069.jpg	1054173	bf985bdb2722ebae3fc02965ffa3e4222477e460f5d8fb846794b6edbb16777e	未入库:拍摄原片/相机(本地保留)
./mvs_P16k/images/00000070.jpg	673450	ac0c8135645f64bfd5aa62d8377c79daf13978b676e92e0e4830b6a23f05b303	未入库:拍摄原片/相机(本地保留)
./mvs_P16k/images/00000071.jpg	899691	9411a455b413373581f8160223822ad4cd7d70102e5c32f0b3bc389205569f31	未入库:拍摄原片/相机(本地保留)
./mvs_P16k/images/00000072.jpg	771044	4a44e667d718be41134d7c018c24dfcb68a7031b1ec1c27b62239ff1ec880b7e	未入库:拍摄原片/相机(本地保留)
./mvs_P16k/images/00000073.jpg	984864	7ee16386a0dcba4ca5e8993c135b95cddeaebee10760fc7961295420002825fc	未入库:拍摄原片/相机(本地保留)
./mvs_P16k/images/00000074.jpg	972750	24d97322b4dfc9ca286d06b3161c1f9872d0d04539ee1f26071f45729d640c97	未入库:拍摄原片/相机(本地保留)
./mvs_P16k/images/00000075.jpg	970053	a138febd24dff81b94df46997683a06f787d88db0837eb37d0cff5237ea92d29	未入库:拍摄原片/相机(本地保留)
./mvs_P16k/images/00000076.jpg	610775	961b8d3e4f1389b94521f3ea1367d7e50e5302c4823f68686296c6e737a11cc6	未入库:拍摄原片/相机(本地保留)
./mvs_P16k/images/00000077.jpg	1103391	ab3c46861280b37492ecf4e4ff6367d6a6cd03e80b39ba764195b6b5474cfe58	未入库:拍摄原片/相机(本地保留)
./mvs_P16k/images/00000078.jpg	999630	7c41de058773f4646e581a5aa4713ae1c77665b73b5be9717dd63e0b9506bce2	未入库:拍摄原片/相机(本地保留)
./mvs_P16k/images/00000079.jpg	942072	dce601863a817c6e747e52ebdf7f88890892a05ea284739158c37f1592b1a1be	未入库:拍摄原片/相机(本地保留)
./mvs_P16k/images/00000080.jpg	1279220	336cdd095571c5f7dbf5d4da00ad6eac21ba0c30c5efb08975d413481879aec3	未入库:拍摄原片/相机(本地保留)
./mvs_P16k/images/00000081.jpg	1089271	5e8bf9cb341c5ed7b7516ae9c928f843d7fa7979838728d72feea1b7fb56c458	未入库:拍摄原片/相机(本地保留)
./mvs_P16k/images/00000082.jpg	955370	5c4afad9387e430ede8c191e82b3d1066d850e8c7baedbc1a952813414e5749c	未入库:拍摄原片/相机(本地保留)
./mvs_P16k/images/00000083.jpg	729571	39c48b219611c25dd6c4aa4c4b546caafb765926546b31786cac6fc43e2e4c98	未入库:拍摄原片/相机(本地保留)
./mvs_P16k/images/00000084.jpg	899803	6d980df928490444737d7f1534e8b8e001278791b13e1d429229c9d589093aba	未入库:拍摄原片/相机(本地保留)
./mvs_P16k/images/00000085.jpg	1254854	31753020c483737a127ef383572548dfc1aefa8fd8a0b92154215d61a663f18f	未入库:拍摄原片/相机(本地保留)
./mvs_P16k/images/00000086.jpg	713710	6a4aacf68f898fc7c2242625a699ec995b0e918b7359885dcb29cf6020cb0d1f	未入库:拍摄原片/相机(本地保留)
./mvs_P16k/images/00000087.jpg	973894	86d752f4bf734615770e1322301b89c30c042f5f007a3428cd6d52851d6d9803	未入库:拍摄原片/相机(本地保留)
./mvs_P16k/images/00000088.jpg	803647	72090f5a22203b9c8074744edf03cf12ad5191bf7c5e740c005a15a1c06e25da	未入库:拍摄原片/相机(本地保留)
./mvs_P16k/images/00000089.jpg	941446	685f50a0a2053753f10d2d6e7f2f1ac6772ea171df91e5b4e92f4cd68fde7230	未入库:拍摄原片/相机(本地保留)
./mvs_P16k/images/00000090.jpg	1059071	953ea6c01890ffc5d263e9cdb3d3ef0de9869c40efd2f5d4d56575273af36ceb	未入库:拍摄原片/相机(本地保留)
./mvs_P16k/images/00000091.jpg	962475	bd392a20ec42af935936c14992a2507727ce38edc8d85052c630d27b43dc22fb	未入库:拍摄原片/相机(本地保留)
./mvs_P16k/images/00000092.jpg	1367321	eb117a74c1443950f0bc744ed80acd28e8fca8c96ff81e50cb89e0441028bdd6	未入库:拍摄原片/相机(本地保留)
./mvs_P16k/images/00000093.jpg	1053979	eb5acc0f96922e139ccc0a8d7d8c7370080bb4fdd41720a6e12d80cb11549284	未入库:拍摄原片/相机(本地保留)
./mvs_P16k/images/00000094.jpg	684227	49f2587bc398aed503228710e8a45899661326aa452d5205130d2256470efabe	未入库:拍摄原片/相机(本地保留)
./mvs_P16k/images/00000095.jpg	801212	6c333471c157c38fcf228b8230ffcafee252c37348f5765b068ec8fce21923c7	未入库:拍摄原片/相机(本地保留)
./mvs_P16k/images/00000096.jpg	848474	0933279de3993e1e0974c898818699894391ab107a5e6169f60c134fcc0e821b	未入库:拍摄原片/相机(本地保留)
./mvs_P16k/images/00000097.jpg	1075510	abd151cc302ac7f0070f0a8fe2e73cc91c0f9b02c32c8ffbd3f99bce813284f3	未入库:拍摄原片/相机(本地保留)
./mvs_P16k/images/00000098.jpg	831785	dfc5e97b279cdca02ef8e8569c2dbebc3df02b6e2d4cba8c3567998d6c2a6855	未入库:拍摄原片/相机(本地保留)
./mvs_P16k/images/00000099.jpg	1191314	fd494d7bfef6d4f68853dfafa5b60fe941eeedb78607392e914638edcfc1b48e	未入库:拍摄原片/相机(本地保留)
./mvs_P16k/images/00000100.jpg	1176272	3d5c81e54d9b6ee7e313037a09c881f26920ac077d86c06056f2c4c964d9eee9	未入库:拍摄原片/相机(本地保留)
./mvs_P16k/images/00000101.jpg	988267	0f5f6e1b74fc9daf87b61d253c540910e0c71fd69a3a7f15251cc5b03746b397	未入库:拍摄原片/相机(本地保留)
./mvs_P16k/images/00000102.jpg	949025	f3bdcf2920aeae7a7c4fe2ab89d2a9058c3f21e0db93c794211929cb47cf78b8	未入库:拍摄原片/相机(本地保留)
./mvs_P16k/images/00000103.jpg	1201039	405c28e27ff6cc141877b7e32238c9c1d0611a48c182a476aaf557b3870d62e8	未入库:拍摄原片/相机(本地保留)
./mvs_P16k/images/00000104.jpg	1007091	eae5419ab08a7291b24296ad7dbf61d4776421d98ab21573b33bceca48c362a1	未入库:拍摄原片/相机(本地保留)
./mvs_P16k/images/00000105.jpg	774867	78342f4f8011242da80a1912114dc334cad72292fe591c9711bf73147b3e7ff3	未入库:拍摄原片/相机(本地保留)
./mvs_P16k/images/00000106.jpg	1124067	f87f52c971b4fe02b5a4162b6af788158d591b645c490bcd925a80efac923878	未入库:拍摄原片/相机(本地保留)
./mvs_P16k/images/00000107.jpg	785686	9391bb2f6d5a667c4f39b56037ab3a1e633b2834cec68ed5cef3e220c9abecea	未入库:拍摄原片/相机(本地保留)
./mvs_P16k/images/00000108.jpg	1159649	d97d8b074c446c0f01cfb2884420b01b31c77764d8640b5fd6ba52cf88ec9cb1	未入库:拍摄原片/相机(本地保留)
./mvs_P16k/images/00000109.jpg	906414	a3c84e80f9713fb260ca9deb0d5232a80a163ddd4c14b55a314d002685129ed0	未入库:拍摄原片/相机(本地保留)
./mvs_P16k/images/00000110.jpg	716718	1c4cf5ee3fa8fc34992661b5f3e022dd60ff50372c007e9ce2c950b33d8f012b	未入库:拍摄原片/相机(本地保留)
./mvs_P16k/images/00000111.jpg	900213	9d389f12575132260e704255fd5f11448b33f4b366cc216f2b7cfb75731baa19	未入库:拍摄原片/相机(本地保留)
./mvs_P16k/images/00000112.jpg	1006470	6bcb90acfa68e6f9a08aaa994eacd5cf20010609d1018b3fcc8734390d0db2ff	未入库:拍摄原片/相机(本地保留)
./mvs_P16k/images/00000113.jpg	826633	ffd360fd9228ee4f844c0c51127c17ccfe3765a1803b2f53b4962b3f1860b557	未入库:拍摄原片/相机(本地保留)
./mvs_P16k/images/00000114.jpg	823514	bd078fb87ebe883c552afeebbc0682583f8e35312b3ace8c1a1156eb7d8b3ffd	未入库:拍摄原片/相机(本地保留)
./mvs_P16k/images/00000115.jpg	706411	55568d171c76979f51b1fa94fc878d7eb01615069f5a9bb1778dc5e93ed66909	未入库:拍摄原片/相机(本地保留)
./mvs_P16k/images/00000116.jpg	720325	742d0235fdeef7b1ff8cc08889a5dbf53827f7d1277ec492b869522b5551bee6	未入库:拍摄原片/相机(本地保留)
./mvs_P16k/images/00000117.jpg	1181151	d6b552472935af39941cc576b28f3e910af2e6103e63d84b920e6ce77b48e41e	未入库:拍摄原片/相机(本地保留)
./mvs_P16k/images/00000118.jpg	1224512	e2cb21647be27bf84d62a886a9cbc5aa4d52f931bfc2dd5d58fd22648ab597d7	未入库:拍摄原片/相机(本地保留)
./mvs_P16k/images/00000119.jpg	599291	208b0b0619c4e1fb93fd9cfc9a0630eb36f4da16aad2445d3177198db689db70	未入库:拍摄原片/相机(本地保留)
./mvs_P16k/images/00000120.jpg	676740	d46ff05187f046fc4e48d87ef1c9be8882f88d6cf7df5f2f52d7d9dfb0ee2725	未入库:拍摄原片/相机(本地保留)
./mvs_P16k/images/00000121.jpg	659625	866d95e7c743b5d72c8b905cef4bbdfb254980dbc430edf779440c0eb41932d6	未入库:拍摄原片/相机(本地保留)
./mvs_P16k/images/00000122.jpg	639819	342d16f21e2470b5fb5abd394b1fc4cde3db7eb25e89b5af5c98b3750a811a47	未入库:拍摄原片/相机(本地保留)
./mvs_P16k/images/00000123.jpg	1375872	9183f6e066bb3653e1ba656ba5d7c432b6c03dc1c4f2e2ae8fa15874c9711605	未入库:拍摄原片/相机(本地保留)
./mvs_P16k/images/00000124.jpg	981306	ecceecb9f4cbfbea8410added5f84efda12504570e7a830c0f6b6c44a1d21d25	未入库:拍摄原片/相机(本地保留)
./mvs_P16k/images/00000125.jpg	719817	208670317762ae99e93c126ffaf286e9d7c0506fa187beda43b2a0258c9edd2f	未入库:拍摄原片/相机(本地保留)
./mvs_P16k/images/00000126.jpg	831604	3be7b1fe9697ae0e88b214568b08b4c589fd9a9523796cbe6fb0ed691007266b	未入库:拍摄原片/相机(本地保留)
./mvs_P16k/images/00000127.jpg	1313244	3e1504b3458c4220ca129901f2ddb48c81d496a52d5ddf6abda9497234a02878	未入库:拍摄原片/相机(本地保留)
./mvs_P16k/images/00000128.jpg	1153555	b948a7c0000c19a90a3d219fa6e2b3f977833a4165795a6e02b333bf672b7981	未入库:拍摄原片/相机(本地保留)
./mvs_P16k/images/00000129.jpg	1200029	115216eb5c6390f10fd36c7bbf64bce7755ba5e35a03ebdeb6642c5d934b643f	未入库:拍摄原片/相机(本地保留)
./mvs_P16k/images/00000130.jpg	513189	11521353d7e8239ad3ac9a73a34d14286ca84b4a31048c659da3ad1501b58810	未入库:拍摄原片/相机(本地保留)
./mvs_P16k/images/00000131.jpg	463269	b111fb1a2ca148fdf6ef3a00c0c6ad99a1e0026c78e05acdf4597fee5a6f38dd	未入库:拍摄原片/相机(本地保留)
./mvs_P16k/cams/00000000_cam.txt	399	e5310761df865d1bb16924959eb25d7620981ece067fab0e56acc712c6e54a65	未入库:拍摄原片/相机(本地保留)
./mvs_P16k/cams/00000001_cam.txt	396	792b36941392f3c64f5d6f4b34b236ddb658cc2260c53f42443fc721d7dbda5f	未入库:拍摄原片/相机(本地保留)
./mvs_P16k/cams/00000002_cam.txt	397	e798f29e46d6f319daa457e48720db8c2d07ba01af2cb631510b545dbf854deb	未入库:拍摄原片/相机(本地保留)
./mvs_P16k/cams/00000003_cam.txt	390	d95a36fdef2b024bece7430d63f976de4f463bdd8f9f1022561893c44d4aa6ad	未入库:拍摄原片/相机(本地保留)
./mvs_P16k/cams/00000004_cam.txt	390	9188fdef262cd03483156cec62dd36f6ab3514f09058f4220823dc7c16729149	未入库:拍摄原片/相机(本地保留)
./mvs_P16k/cams/00000005_cam.txt	386	99cbb417fafb8e4512ffc5addbcf31351b1d9727a5e21f5c967f63949073410d	未入库:拍摄原片/相机(本地保留)
./mvs_P16k/cams/00000006_cam.txt	393	35026163a8804e4bacae106f3e6e6d8f7d0ea0d6446d0f143690266344effdd9	未入库:拍摄原片/相机(本地保留)
./mvs_P16k/cams/00000007_cam.txt	393	413fb80b82e4b54adfa9953a2c88e2d20e857c9abff58df50d5d6c99c3ed4269	未入库:拍摄原片/相机(本地保留)
./mvs_P16k/cams/00000008_cam.txt	391	78b4e21173362a095b33b6608ad2bf43c8eb1c51aa134a20d7b9ebfd74d7aec1	未入库:拍摄原片/相机(本地保留)
./mvs_P16k/cams/00000009_cam.txt	393	cfa41eab0d84ed118328f36b708b1bf597d2aaa562ab4638a7a95cc3d21beff2	未入库:拍摄原片/相机(本地保留)
./mvs_P16k/cams/00000010_cam.txt	388	2c41dc135460dd7eca5be7b29397fbec9e34a4fba48416baa4d380b5d19fbed6	未入库:拍摄原片/相机(本地保留)
./mvs_P16k/cams/00000011_cam.txt	392	0f5735203c12c28c8cb1a1a94c740a52692bfea416534d1c07e893894d3a976c	未入库:拍摄原片/相机(本地保留)
./mvs_P16k/cams/00000012_cam.txt	393	1abe379597aaba7edf0af24729a23d0374d1b2d1ec4e3168a244d158b4567176	未入库:拍摄原片/相机(本地保留)
./mvs_P16k/cams/00000013_cam.txt	391	b1b1c2f636e0bdbaae9bea4b9ac709d1598f850b99dbb92e4e9fffbe6c52f1da	未入库:拍摄原片/相机(本地保留)
./mvs_P16k/cams/00000014_cam.txt	395	64ee866b9c8d04a37fa09374545fe89fee17c0041cb9eb19214786aaa4107420	未入库:拍摄原片/相机(本地保留)
./mvs_P16k/cams/00000015_cam.txt	395	31275a1bd5b45fe0a2ccd25eb17361b18caf88f1183e50adbf36897442ad6cb1	未入库:拍摄原片/相机(本地保留)
./mvs_P16k/cams/00000016_cam.txt	397	cfbb3026b814966c7d0ed358eb8aa7989c3652c814563dc4892538faf02c3319	未入库:拍摄原片/相机(本地保留)
./mvs_P16k/cams/00000017_cam.txt	391	9dd52a9dec1c223b90a9521c46a2223ecd7dea7424191d1b42084615b0e9a1db	未入库:拍摄原片/相机(本地保留)
./mvs_P16k/cams/00000018_cam.txt	391	ef1e70334973ef6d3925182310c4e037e912448bcc5e1ae6f36d07a266156d12	未入库:拍摄原片/相机(本地保留)
./mvs_P16k/cams/00000019_cam.txt	395	3a717dc024435d0df5d8269ab374d827e76d978657acefaf7715b1e9f266360a	未入库:拍摄原片/相机(本地保留)
./mvs_P16k/cams/00000020_cam.txt	397	b49e5154f7bcf01a854a8d65910e381963a06e1fa11c0376da21b1d1babaede1	未入库:拍摄原片/相机(本地保留)
./mvs_P16k/cams/00000021_cam.txt	390	06baa2ba2d8e81613f1b6eb8b353eb367c82368813496bd599190e91f854158a	未入库:拍摄原片/相机(本地保留)
./mvs_P16k/cams/00000022_cam.txt	397	dfa6282230e10765e83e2f591599d0b5821b18642cc874b1079ee12ef31d59c6	未入库:拍摄原片/相机(本地保留)
./mvs_P16k/cams/00000023_cam.txt	396	7be559d1764276597137d67c5dcfd3b66729b823c22e9f1cf074dd0b5abe5d60	未入库:拍摄原片/相机(本地保留)
./mvs_P16k/cams/00000024_cam.txt	398	ff8ec9d2a6fe6855b7b7ae6601f3e3758a5b426d13fd34d4714c0b6f5532a6b0	未入库:拍摄原片/相机(本地保留)
./mvs_P16k/cams/00000025_cam.txt	396	5b77ec098fb0fb9297bdd876989ceedda842ba8bda4cf6d23279455e4f1b6e1f	未入库:拍摄原片/相机(本地保留)
./mvs_P16k/cams/00000026_cam.txt	396	838bdf80bf20293915a7a6c92522aca9f10c7fee589263a2d9c99ef52da63754	未入库:拍摄原片/相机(本地保留)
./mvs_P16k/cams/00000027_cam.txt	394	8a968778c5cd98dd8fd34f4be7f558aeb0a8536c4033f4048524e004ef7ad6e1	未入库:拍摄原片/相机(本地保留)
./mvs_P16k/cams/00000028_cam.txt	395	e44636f5ef7cb81cc59138bff8e691f9126db292c0e85addb265f3d04edac914	未入库:拍摄原片/相机(本地保留)
./mvs_P16k/cams/00000029_cam.txt	394	03640827435f6b34450eeb88e7ed32ef2c1540665b862fe404c03535b8aba8b4	未入库:拍摄原片/相机(本地保留)
./mvs_P16k/cams/00000030_cam.txt	399	72d78d8b01dca3076971657f4854523da01f54b5c5758a5c00b7f0c5d7eb84ec	未入库:拍摄原片/相机(本地保留)
./mvs_P16k/cams/00000031_cam.txt	392	f82295ae869f95e979ebd014166850e65941ace07496f65cd81860159b78fa0b	未入库:拍摄原片/相机(本地保留)
./mvs_P16k/cams/00000032_cam.txt	392	8e293a822d91ea5923d0479ad83384690ef9125ed00ff3a5a3685a30753329e0	未入库:拍摄原片/相机(本地保留)
./mvs_P16k/cams/00000033_cam.txt	385	8f5df0fae1556f76bda4f3223e7fcbf1d82c73b5ecf60202ba78a35916cf9ceb	未入库:拍摄原片/相机(本地保留)
./mvs_P16k/cams/00000034_cam.txt	393	cc2f2aa011cba04a719cd32947425ddd1ecf9b1962720ee29e0c450a5724bc85	未入库:拍摄原片/相机(本地保留)
./mvs_P16k/cams/00000035_cam.txt	395	717a8981bbcbf635097ea70b34550c9742fd774b2c01163e2b72179aeca72919	未入库:拍摄原片/相机(本地保留)
./mvs_P16k/cams/00000036_cam.txt	390	a23e32982d29f1903d208bd6172a8601ab34c1a77754d862b6d0d0fdfd696c64	未入库:拍摄原片/相机(本地保留)
./mvs_P16k/cams/00000037_cam.txt	396	a9da4c438464ad03e120f2edf99fe0c4c7487ba7371b1d263bfa8c5a1905ad3e	未入库:拍摄原片/相机(本地保留)
./mvs_P16k/cams/00000038_cam.txt	397	23f870c44678a5cd6c91035f16ef8ad8a14f5f20d7f05a5b8a8ab1c79703734c	未入库:拍摄原片/相机(本地保留)
./mvs_P16k/cams/00000039_cam.txt	393	9eb7d61b10b2aaf6980f71f6eac4522c35468f56b824a5eece0d1c51713dd2c6	未入库:拍摄原片/相机(本地保留)
./mvs_P16k/cams/00000040_cam.txt	392	0db4c20745248629aca4edaf955745784ce1f6a66bda0f723a0f0e7e73af10ad	未入库:拍摄原片/相机(本地保留)
./mvs_P16k/cams/00000041_cam.txt	392	daa588e9ab05042aa38d26b08f8f7ecc9ad80d1c02930dd418ac3f18aee84c9d	未入库:拍摄原片/相机(本地保留)
./mvs_P16k/cams/00000042_cam.txt	393	9038c51b7823026dc23e21f57d6958cf0f239215bea28e4c9e1ca3eb7fe90e0f	未入库:拍摄原片/相机(本地保留)
./mvs_P16k/cams/00000043_cam.txt	388	bf1181aca3f96756a4e66375ecc225707f99cb43f57e7ae15aef329c2c360d5a	未入库:拍摄原片/相机(本地保留)
./mvs_P16k/cams/00000044_cam.txt	389	9417a887878b12093e339adba81e095dbf92c75fd528fcc93643acf909954ec1	未入库:拍摄原片/相机(本地保留)
./mvs_P16k/cams/00000045_cam.txt	382	c58651491cea3f1ca159f2ecfb93c03dc41115484a9a99e0b1265d5c7b5626a4	未入库:拍摄原片/相机(本地保留)
./mvs_P16k/cams/00000046_cam.txt	393	aef8d34d963c3090c36a6586670938931a42e1b4559dc1f49191de73f3adecca	未入库:拍摄原片/相机(本地保留)
./mvs_P16k/cams/00000047_cam.txt	392	987cff9a9ba8fe77c601001a53650eb1969a4bcd62cf8a343558a6ecacf10b1d	未入库:拍摄原片/相机(本地保留)
./mvs_P16k/cams/00000048_cam.txt	393	6964a7abe408b416af0cc997daaee98339f74e5978357eacf636c5dafdca2f7b	未入库:拍摄原片/相机(本地保留)
./mvs_P16k/cams/00000049_cam.txt	396	13a83d08eeb1c3de37d2b29adf7dae80a860caca16d4f634e681b2499ad2a6c5	未入库:拍摄原片/相机(本地保留)
./mvs_P16k/cams/00000050_cam.txt	396	60660e247b25b7bc17349b73b5205cd431af509013bb63783f499fb63d358740	未入库:拍摄原片/相机(本地保留)
./mvs_P16k/cams/00000051_cam.txt	390	46aab00d11126c392f894bbd3b46f5fde095add53caf21343541b73dbbb42bd7	未入库:拍摄原片/相机(本地保留)
./mvs_P16k/cams/00000052_cam.txt	392	17ef559f6fbec93bd74e09441c137e6d6deee77fb75a8546e7c6225d4eb7762f	未入库:拍摄原片/相机(本地保留)
./mvs_P16k/cams/00000053_cam.txt	392	8ccc3ccdf08bdffb76787c6a9f6dcba6762a124538616eaf875cdab986b0e777	未入库:拍摄原片/相机(本地保留)
./mvs_P16k/cams/00000054_cam.txt	387	60625f211605e571eaa0b54f95e4660c18e60277d71b22efbe96b224f90fbeb4	未入库:拍摄原片/相机(本地保留)
./mvs_P16k/cams/00000055_cam.txt	394	7ad44bb3ef83edc499b060fe7d7abb72077759f4867fafd1edde078e551dd5d7	未入库:拍摄原片/相机(本地保留)
./mvs_P16k/cams/00000056_cam.txt	394	938ac17cbfcd7ef0e2ea077a94d566e9ddcd72d9e8cd625aa6cfdede8499df8e	未入库:拍摄原片/相机(本地保留)
./mvs_P16k/cams/00000057_cam.txt	394	dea1daf22e5bfea446ad7b3aed44aff95936763022c644258f886c24dd766624	未入库:拍摄原片/相机(本地保留)
./mvs_P16k/cams/00000058_cam.txt	396	d5aeaff25c0c44c6dadeb19b4cc61c8c96a3c574368d5dd1072bfef4ed2e72c6	未入库:拍摄原片/相机(本地保留)
./mvs_P16k/cams/00000059_cam.txt	386	096e6d3fe473e1405e89cd455921fe4d5ee8be706948fd876a63ff6215bf7605	未入库:拍摄原片/相机(本地保留)
./mvs_P16k/cams/00000060_cam.txt	385	d06096371c30bf37a67f1c1fbc2a2bc2b77651f45a0bbcb118573de034127cef	未入库:拍摄原片/相机(本地保留)
./mvs_P16k/cams/00000061_cam.txt	393	7af29d7191507010d8069adb3061f2f832218620750c1bff4b38adcac5b1006c	未入库:拍摄原片/相机(本地保留)
./mvs_P16k/cams/00000062_cam.txt	392	dae0dd10f111b58c568c43c4658dc2e853c9280641ac67c424e73624f692e41d	未入库:拍摄原片/相机(本地保留)
./mvs_P16k/cams/00000063_cam.txt	392	9fe9621a2b500b36d274d394028d60606c8625ed58b973a22535f2993c6ec8c1	未入库:拍摄原片/相机(本地保留)
./mvs_P16k/cams/00000064_cam.txt	392	b9595745fcd5a74892f5c735c42ad2408fa7eab836fe9397f679af39f3f93bc8	未入库:拍摄原片/相机(本地保留)
./mvs_P16k/cams/00000065_cam.txt	390	e61f63dba74dc7b0790fddcc1859f049a946b5a70fa7e1401811a23bbe7e639b	未入库:拍摄原片/相机(本地保留)
./mvs_P16k/cams/00000066_cam.txt	387	08c29e98a5ab6cfb77c1f89dc6bed8aa6ae1cafe97e6bcc03520898f26c35bce	未入库:拍摄原片/相机(本地保留)
./mvs_P16k/cams/00000067_cam.txt	394	0d1ce1f6e5d811a223e88d414a3f7eaeb8ceab4d4369adf9dcc8269adcd52d6e	未入库:拍摄原片/相机(本地保留)
./mvs_P16k/cams/00000068_cam.txt	390	e1b63e5eb1a7a2cee85edd4bc0c77f03a5991c386024b5c5f57f853885bca6c6	未入库:拍摄原片/相机(本地保留)
./mvs_P16k/cams/00000069_cam.txt	395	d262294f03d36823fa9cf677481cd200137e93a809c90cc1d74ef049dff9eccd	未入库:拍摄原片/相机(本地保留)
./mvs_P16k/cams/00000070_cam.txt	392	457d5d0128966fd23402b1a3f39c570269dc5cb8dbb9da292513471c406a64f7	未入库:拍摄原片/相机(本地保留)
./mvs_P16k/cams/00000071_cam.txt	390	f8bc6487d95e5cd32f896ed680d188e61f5f498b76ad892b906ce5b30bf260bb	未入库:拍摄原片/相机(本地保留)
./mvs_P16k/cams/00000072_cam.txt	390	2e4da5a4ec0e888e2f77ff56a799768386af4015b07bfa06bf55dd7dd7fc603f	未入库:拍摄原片/相机(本地保留)
./mvs_P16k/cams/00000073_cam.txt	390	d2094a97421572996c925ca7eeeee33811060ea4b2d4a22c9e474ce8fbd03912	未入库:拍摄原片/相机(本地保留)
./mvs_P16k/cams/00000074_cam.txt	393	4a211b822efaad654cabf63a5da8d054ebb59f4f3ab068a4ba3dbdcbb1e4e858	未入库:拍摄原片/相机(本地保留)
./mvs_P16k/cams/00000075_cam.txt	392	f93c783fb7c36ccf556b10c33cae9ef630b928c93c431058050aaa0a2f408824	未入库:拍摄原片/相机(本地保留)
./mvs_P16k/cams/00000076_cam.txt	392	ffc332f4d02750e061f2e4140cdfd4194fdf28b377b08c1793fbf3a47179d164	未入库:拍摄原片/相机(本地保留)
./mvs_P16k/cams/00000077_cam.txt	391	e2eddf119284c85db5cf7bb46420ae8280f40d0cf79eda6549eee2a7f263c4f7	未入库:拍摄原片/相机(本地保留)
./mvs_P16k/cams/00000078_cam.txt	388	d50e44c25efd3f019683aade8bf21e2281da4364a979b01d352e93b7076b2c22	未入库:拍摄原片/相机(本地保留)
./mvs_P16k/cams/00000079_cam.txt	384	8c3e9a37f4037c1804009372c8e055bdbeb704ba220a546d42cf1c3b45215a8e	未入库:拍摄原片/相机(本地保留)
./mvs_P16k/cams/00000080_cam.txt	388	29a6a153708a18af0239f374a71d822cc231ac5aec0ffb4317f5daf5f3c18a64	未入库:拍摄原片/相机(本地保留)
./mvs_P16k/cams/00000081_cam.txt	388	34cc2a40b16f58217b8555ff152d0b3849a4911f20436bf8d34fb1f78107ddf9	未入库:拍摄原片/相机(本地保留)
./mvs_P16k/cams/00000082_cam.txt	390	fee84486503bab1df5f1e2fafce00b167c952f264d049758a523c5efd41dd653	未入库:拍摄原片/相机(本地保留)
./mvs_P16k/cams/00000083_cam.txt	388	8f9518378f1261a2367bdfe9dcc62f28cd6469283d8b3fb4f7db22f1d8aa5d9a	未入库:拍摄原片/相机(本地保留)
./mvs_P16k/cams/00000084_cam.txt	388	22183d64548ff3f070309baf666bed30ac79b6535d82d7ce0a7d318f7bbf7cff	未入库:拍摄原片/相机(本地保留)
./mvs_P16k/cams/00000085_cam.txt	393	5bbd1f237b5d2d85ccd0bd67fe0aefefa426f45a03b1b33f99f94ec730390d5a	未入库:拍摄原片/相机(本地保留)
./mvs_P16k/cams/00000086_cam.txt	382	0eb73b24fb857add3f0f8c8a42da39d297d8fcb19ab6df83d21f92729bd520c1	未入库:拍摄原片/相机(本地保留)
./mvs_P16k/cams/00000087_cam.txt	392	b48adbb75106681b84169cbc1a52fbcabe55c9fad32e40c3a9f2941d8a540a97	未入库:拍摄原片/相机(本地保留)
./mvs_P16k/cams/00000088_cam.txt	388	1250fee33811f14047fc828cc538c228cf630acdf0b9cddd70c84aa722fc2c97	未入库:拍摄原片/相机(本地保留)
./mvs_P16k/cams/00000089_cam.txt	391	ca6ed069bff3b0ccff663429a0edbd785becca3396f1a58581f69025d57f1942	未入库:拍摄原片/相机(本地保留)
./mvs_P16k/cams/00000090_cam.txt	392	cf7f852237be85a98d1a773c6d33cf05ab79a7aadb3170fd05493ccd356f27ef	未入库:拍摄原片/相机(本地保留)
./mvs_P16k/cams/00000091_cam.txt	391	285060416e9b1f62bfd61406b91aecdaeb1936ba993d8eb648e5885623e84162	未入库:拍摄原片/相机(本地保留)
./mvs_P16k/cams/00000092_cam.txt	390	daad1aa0044276c5abfcee297a598914e3a854490ca6c947b9c64488add380eb	未入库:拍摄原片/相机(本地保留)
./mvs_P16k/cams/00000093_cam.txt	390	2cfb35683050c4524372eb5e74adb0572ae35fe00284f184a590f90854e3c343	未入库:拍摄原片/相机(本地保留)
./mvs_P16k/cams/00000094_cam.txt	384	17aa7f1fa0258cde940d21b24825b0540aabe378a53907a8e6ec3a45e2c18cc4	未入库:拍摄原片/相机(本地保留)
./mvs_P16k/cams/00000095_cam.txt	387	1323e74fef1afc31c4eff669862263c6712bcdb0aea2d69fae7d70e1124cfea6	未入库:拍摄原片/相机(本地保留)
./mvs_P16k/cams/00000096_cam.txt	386	eb0aa96b8088d761ff32b829b8ed72ee4ecb79579f18ee207cc928902e2879a6	未入库:拍摄原片/相机(本地保留)
./mvs_P16k/cams/00000097_cam.txt	386	db2b61f9521b484614837c6b40e5221a5073f7a133a5f8ca97d0e1b9e5c6992e	未入库:拍摄原片/相机(本地保留)
./mvs_P16k/cams/00000098_cam.txt	389	cf88e9d2478c81f7399f9ee5e69ad911196464bd6a733e6bb501a44b190040b0	未入库:拍摄原片/相机(本地保留)
./mvs_P16k/cams/00000099_cam.txt	398	60b392e2e6e4c693eede30108e9cf657ad5ca69874f96fdddbd8f56eb32b3bb7	未入库:拍摄原片/相机(本地保留)
./mvs_P16k/cams/00000100_cam.txt	383	a48ac3f25483a7f66d3d244dba95ffea1fecb5873032aeb317f26c974cfe8297	未入库:拍摄原片/相机(本地保留)
./mvs_P16k/cams/00000101_cam.txt	392	b6e9f16990e2ae845ab1bdf4b11b1b781bf1346f39b5cae7527d5a4d171747a7	未入库:拍摄原片/相机(本地保留)
./mvs_P16k/cams/00000102_cam.txt	388	92c8984c864821b0719d75370f12b1b9d79e50f7f6afc84dfa34f3d0610edf83	未入库:拍摄原片/相机(本地保留)
./mvs_P16k/cams/00000103_cam.txt	388	6a35eb609fdbf963e2ddfdd51538dbf242d21f886cc74baf80639bb7c61cf086	未入库:拍摄原片/相机(本地保留)
./mvs_P16k/cams/00000104_cam.txt	396	7546159af87bf25054b44b69d66fae1c62d5cda2486128fb63c309a151da2b04	未入库:拍摄原片/相机(本地保留)
./mvs_P16k/cams/00000105_cam.txt	390	79a6453ad77f47a29763ea124165553cc16d44b58584f7b89e51fe939b581a87	未入库:拍摄原片/相机(本地保留)
./mvs_P16k/cams/00000106_cam.txt	394	10cb48df1ac280e555d5e8c13eb97c4766d9a27b2b721f85f25d01d40d36171c	未入库:拍摄原片/相机(本地保留)
./mvs_P16k/cams/00000107_cam.txt	389	9e901743838b65c6edd7752c601759f142fb211a13c2f52e2c645664073df448	未入库:拍摄原片/相机(本地保留)
./mvs_P16k/cams/00000108_cam.txt	396	eddee610fe89224c084b1a9b5a947ce60dce53f813cef77741fedcce4164a3c5	未入库:拍摄原片/相机(本地保留)
./mvs_P16k/cams/00000109_cam.txt	391	da81549bb8e725b7626d5cd8449a66eadf47a778d046f5bf82e0ff39584b9a85	未入库:拍摄原片/相机(本地保留)
./mvs_P16k/cams/00000110_cam.txt	387	9e083fd2c6dc69bf31670d1e33b8038c490533843b822d153ec85798f6bd6518	未入库:拍摄原片/相机(本地保留)
./mvs_P16k/cams/00000111_cam.txt	391	fc4d5b31126d405ad02f94ee2968e0df7b41b62873885ac1c6aae14044a99b2d	未入库:拍摄原片/相机(本地保留)
./mvs_P16k/cams/00000112_cam.txt	385	a2d05341ae33e71d052c674133301d245c86f4d21967700f5fdd106b5cc2c7e7	未入库:拍摄原片/相机(本地保留)
./mvs_P16k/cams/00000113_cam.txt	400	e261798d5f84d1ac0c979bcbec006874c53571d9b091d528b7ebca20f0137e1f	未入库:拍摄原片/相机(本地保留)
./mvs_P16k/cams/00000114_cam.txt	388	919dc527e55dfee0f8a25e2dd1f564dc88c2e2e11ce240b4ead793638980ee7c	未入库:拍摄原片/相机(本地保留)
./mvs_P16k/cams/00000115_cam.txt	391	e098b200a13fd849ef4e0066b9a0876398e113b7120444e95e7cb2e5c4097a50	未入库:拍摄原片/相机(本地保留)
./mvs_P16k/cams/00000116_cam.txt	391	c07ebb64ef17c537d22f98b481419a13da6bdcbae5e2d350079a4ab2bf14625a	未入库:拍摄原片/相机(本地保留)
./mvs_P16k/cams/00000117_cam.txt	390	398030b34eeb7c678c4aadc08421d8d3677bddbe86c36b5689bb56a650cfb317	未入库:拍摄原片/相机(本地保留)
./mvs_P16k/cams/00000118_cam.txt	400	f2c17e510a39d54f2e90e7802161ceb639209baf2014eb689222bd09a139c8b5	未入库:拍摄原片/相机(本地保留)
./mvs_P16k/cams/00000119_cam.txt	388	0e0a67e27be991d1378c21fdb041366c61f31249e31022f7c33293a81bcc05cc	未入库:拍摄原片/相机(本地保留)
./mvs_P16k/cams/00000120_cam.txt	391	472629c3b33157a170d2d4a857258d8b9d1592f8157661dcb6b6eb9f383deee9	未入库:拍摄原片/相机(本地保留)
./mvs_P16k/cams/00000121_cam.txt	388	7b1e69ebc77ef889f4e8e5b387dfb78198e29b2d728a84f8718d168a634ae846	未入库:拍摄原片/相机(本地保留)
./mvs_P16k/cams/00000122_cam.txt	390	3c15f8bc6b4089cbeca578948148787c470aafac3ba1ab1251157867ac297151	未入库:拍摄原片/相机(本地保留)
./mvs_P16k/cams/00000123_cam.txt	396	58171b349f9d6186419348c8092ee45c7907162229258ff88317d59e4af1010d	未入库:拍摄原片/相机(本地保留)
./mvs_P16k/cams/00000124_cam.txt	392	b07bec6a3973cf39ad3809ad517bc8ebab0626b9497dccaa81a7a8132d4c75e0	未入库:拍摄原片/相机(本地保留)
./mvs_P16k/cams/00000125_cam.txt	389	f82ac91f618c432c65e661bc4d032d78b06b1aad73d0de8177c7f16bdd4f6119	未入库:拍摄原片/相机(本地保留)
./mvs_P16k/cams/00000126_cam.txt	391	5d289b0c820b9313ccbb82c2c54b9985e6dd69081cb3e40bf3bad852439c5e74	未入库:拍摄原片/相机(本地保留)
./mvs_P16k/cams/00000127_cam.txt	391	c1727969b794e3ac4fa156ca575d26d91bf29ba4ed27e1b6119dad2f1281dbd2	未入库:拍摄原片/相机(本地保留)
./mvs_P16k/cams/00000128_cam.txt	391	70830bd459e83cadbca54314e768699f8c80e199171d2225acfce86d2b2834f2	未入库:拍摄原片/相机(本地保留)
./mvs_P16k/cams/00000129_cam.txt	389	bd35c65b58a12defaeb838803bc3124911af6a4de31d3ee5aa4e226f9d5d9384	未入库:拍摄原片/相机(本地保留)
./mvs_P16k/cams/00000130_cam.txt	395	6e7aaa32a48f86e9b452db213da77e1e7474b6262ab334e408784ee0da54ad96	未入库:拍摄原片/相机(本地保留)
./mvs_P16k/cams/00000131_cam.txt	391	0fa244a333d8074684543d4e39ec982caa5089bd46b378785bd6c78f42c7a79d	未入库:拍摄原片/相机(本地保留)
./fourway/index.html	8807	1128a1eb7325e00854758a358074c412582308fda52bb124836e0f92784623ae	已入库
./fourway/bin/Cours.col	91920159	fefac8e6bddf79de50eb52e71d717ab6654c193d82521ffcbb6503cc47a0fde7	未入库:第二档,暂留本地待定
./fourway/bin/Cours.pos	367680636	b454c966c847c4839b9162da2ef8ea15f40b5a20f8a6b6cebbd75f63479cea4a	未入库:第二档,暂留本地待定
./fourway/bin/blend.col	73812345	1936b7e11c5f775868583d23b3cf248cf635d0a3c85664873f7bad63d76e214d	未入库:第二档,暂留本地待定
./fourway/bin/blend.pos	295249380	2b6adca1b3aa21b3265214ae16b456aeb180557f1fda658d1ffe49ab91f6b144	未入库:第二档,暂留本地待定
./fourway/bin/blendmvg.col	70169400	e37da8adc60b3c9727ca64d7fd10dfa74e5c99e2c9af264116f1501ffa962217	未入库:第二档,暂留本地待定
./fourway/bin/blendmvg.pos	280677600	605886f1e192e2ab54f09d246198daa7043eace43faccd83a20c5570c16eb0f5	未入库:第二档,暂留本地待定
./fourway/bin/dtu.col	55903431	501485568043d6223075b0ae04f015d3b0e380db60b2304deddb9bd9d0c7ae32	未入库:第二档,暂留本地待定
./fourway/bin/dtu.pos	223613724	2abd9cf5f33cb35402f22e6217a8e46fff69d97c8c53c2eb09d4bf999f278490	未入库:第二档,暂留本地待定
./fourway/bin/meta.json	1051	43e97df06169447faa259c082e933019d58536bb15ca3c57e49260875e3d7557	已入库
./colmap_ws_casdiff_20260907/delaunay.log	23389	8815f5c660216ae6af0545e537f444cfcd0b33336544a312504f4de7c04046b0	已入库
./colmap_ws_casdiff_20260907/delaunay2.log	22991	0dba23559e2764d6c44b2afbde23786749752e4a861b142f139525712801382b	已入库
./colmap_ws_casdiff_20260907/fused.ply	176742181	7b69e5831b330a2ec5d12c78b96180ef4f1293249e0ceeed5cae177cab64dd56	未入库:第二档,暂留本地待定
./colmap_ws_casdiff_20260907/fused.ply.vis	378011264	ea6f3673062924b89c06e5443e148595b642016d6e9a932b833984d273ac2940	未入库:第二档,暂留本地待定
./colmap_ws_casdiff_20260907/mem_watch.log	121879	62e9bfb872e9275dfcd95d4bb974b3f74a1ae3f57616c0fe26b9ebde5eb8d7d0	已入库
./colmap_ws_casdiff_20260907/mem_watch2.log	44056	08863be893dca5abec2a29443ca838e235864481940c1a570073631c80685ac8	已入库
./colmap_ws_casdiff_20260907/merged_rgb.npy	19638122	2b0491eb71edde3b48c6b0611833b92b45718b25025be38e87d89667aca9a78d	未入库:第二档,暂留本地待定
./colmap_ws_casdiff_20260907/merged_xyz.npy	78552104	3cfee65b8a0caddfe3c0b483211b824bbb4c4879090eea5c1fad96431aba15d1	未入库:第二档,暂留本地待定
./colmap_ws_casdiff_20260907/meshed-delaunay_dd005.ply	4209013	d8c41f88d5fec228e53fbb6bf161d87f310e1803eb1dfa80d373154bfbf30f0c	未入库:第二档,暂留本地待定
./colmap_ws_casdiff_20260907/stereo/fusion.cfg	1716	74f2797ea6116a4454fdafa8ce4dacbad0cced5f886788a43b2a2cdf4322bd46	已入库
./colmap_ws_casdiff_20260907/stereo/patch-match.cfg	20064	1afae3f5cd76a0afa77ed54ec9a2cf64af11e930c3a4ea0516cc5bdab4cb8287	已入库
./colmap_ws_casdiff_20260907/stereo/depth_maps/00000000.jpg.geometric.bin	1769482	0ce745ec4398873c952bba64fa6141dfaf807eeae3a59e59ddc721fe2d7ac1dc	未入库:第二档,暂留本地待定
./colmap_ws_casdiff_20260907/stereo/depth_maps/00000001.jpg.geometric.bin	1769482	3e07cf2b31de34e99c9dddd684c294c313d644ff71dd4e63327fa19138154d5a	未入库:第二档,暂留本地待定
./colmap_ws_casdiff_20260907/stereo/depth_maps/00000002.jpg.geometric.bin	1769482	fc3cdeff6c65e37dba1be4a0515cfebc1ac54a02241256aa231161565bd8f814	未入库:第二档,暂留本地待定
./colmap_ws_casdiff_20260907/stereo/depth_maps/00000003.jpg.geometric.bin	1769482	ae7e43b645fe04caf8fc9dc3e8a4f3a0bb7e52e7ecbb0d03ddfc17a742beb4df	未入库:第二档,暂留本地待定
./colmap_ws_casdiff_20260907/stereo/depth_maps/00000004.jpg.geometric.bin	1769482	26608694d239f4a3d2528b281a491f040552923ae86e9ea5d28d8db899d060db	未入库:第二档,暂留本地待定
./colmap_ws_casdiff_20260907/stereo/depth_maps/00000005.jpg.geometric.bin	1769482	13b7baf47b114380400d6d689fed4a8bef2850e8ff41a3654e76e9bac5c1b7c7	未入库:第二档,暂留本地待定
./colmap_ws_casdiff_20260907/stereo/depth_maps/00000006.jpg.geometric.bin	1769482	098bfae937ce74b7239db9be58fa331e2f8143cf3c6000ebaea22432fbf30d63	未入库:第二档,暂留本地待定
./colmap_ws_casdiff_20260907/stereo/depth_maps/00000007.jpg.geometric.bin	1769482	911c4916f5e9e88b3202d453cfe3637aa34fc86efe915d75f4873c63c9f7aea6	未入库:第二档,暂留本地待定
./colmap_ws_casdiff_20260907/stereo/depth_maps/00000008.jpg.geometric.bin	1769482	3becff57b11fa6550e2e5aaaaf8562adb7a1e6ce5d88c1649bea4f157e039ed7	未入库:第二档,暂留本地待定
./colmap_ws_casdiff_20260907/stereo/depth_maps/00000009.jpg.geometric.bin	1769482	4123ee5de33b6f02ddafd0eacd2357abddbfb48847ad9e33846f4cd69c79b516	未入库:第二档,暂留本地待定
./colmap_ws_casdiff_20260907/stereo/depth_maps/00000010.jpg.geometric.bin	1769482	a825ac43cc1e60fbb19cc4476b6068fcd3929004b06e34bebcf1205571cf4f3e	未入库:第二档,暂留本地待定
./colmap_ws_casdiff_20260907/stereo/depth_maps/00000011.jpg.geometric.bin	1769482	8dcafb91c322cf497f76fa79b6428b4f8585df2d1d6c267ef8a1171f3d563ef4	未入库:第二档,暂留本地待定
./colmap_ws_casdiff_20260907/stereo/depth_maps/00000012.jpg.geometric.bin	1769482	ed3b4f58109643c1cc5204f62de74ea769c8c6d024516d0db5e1dbb34a1784e7	未入库:第二档,暂留本地待定
./colmap_ws_casdiff_20260907/stereo/depth_maps/00000013.jpg.geometric.bin	1769482	5af6e75c86e071f1737185d50d7a2eb1f3de7ac7d020e3c0fd015d9d72188c45	未入库:第二档,暂留本地待定
./colmap_ws_casdiff_20260907/stereo/depth_maps/00000014.jpg.geometric.bin	1769482	be363beb0590434798a28e60684175a02d367ca3e576c06f1acc99a4a28a728d	未入库:第二档,暂留本地待定
./colmap_ws_casdiff_20260907/stereo/depth_maps/00000015.jpg.geometric.bin	1769482	5c341f1e08b90cf52e4168a899be5d276abca2159875fd93f0189da83c62b13e	未入库:第二档,暂留本地待定
./colmap_ws_casdiff_20260907/stereo/depth_maps/00000016.jpg.geometric.bin	1769482	2b0555b7607712c78fc0591679295528302ddd9735b01872c6094ee6f1331f3d	未入库:第二档,暂留本地待定
./colmap_ws_casdiff_20260907/stereo/depth_maps/00000017.jpg.geometric.bin	1769482	1fbc9f508f943f72ac10de119334bd9f0b32f7314e2f19e8a649b017b177e9e3	未入库:第二档,暂留本地待定
./colmap_ws_casdiff_20260907/stereo/depth_maps/00000018.jpg.geometric.bin	1769482	d4cf6f6eae972a7d06d28055421af0b87c48d93ae5dbe4581c9c2ea78bc6dcdb	未入库:第二档,暂留本地待定
./colmap_ws_casdiff_20260907/stereo/depth_maps/00000019.jpg.geometric.bin	1769482	c511359014f449a1ef46ac5d4999a04e14855ae22ce96d5237e9d7b0f5cb606a	未入库:第二档,暂留本地待定
./colmap_ws_casdiff_20260907/stereo/depth_maps/00000020.jpg.geometric.bin	1769482	2c795b5612d94516b3e6957ca82d575299a5f84f719b08e837bf429ebe333dab	未入库:第二档,暂留本地待定
./colmap_ws_casdiff_20260907/stereo/depth_maps/00000021.jpg.geometric.bin	1769482	dda05e476e9b2483c0c5eebfaaafe969c644f774e0ea95382285aff2f8fa306e	未入库:第二档,暂留本地待定
./colmap_ws_casdiff_20260907/stereo/depth_maps/00000022.jpg.geometric.bin	1769482	7e09ebea5567300c8856189d325a4e35b65b4d4fa4b57e9f48bf18edc83d8ac4	未入库:第二档,暂留本地待定
./colmap_ws_casdiff_20260907/stereo/depth_maps/00000023.jpg.geometric.bin	1769482	f229e15439ae8cc403232d7f54d6f5318a8a2e0bf3b24807db88d6dacf92ed3c	未入库:第二档,暂留本地待定
./colmap_ws_casdiff_20260907/stereo/depth_maps/00000024.jpg.geometric.bin	1769482	996e36baa89bff24b761ce748a3ccbbe8a06b383df56243446698172d5407126	未入库:第二档,暂留本地待定
./colmap_ws_casdiff_20260907/stereo/depth_maps/00000025.jpg.geometric.bin	1769482	d2c974ea14a0c4de59bea87ad1e44b378e65d9c8af1fa003bd8251b3e1191aee	未入库:第二档,暂留本地待定
./colmap_ws_casdiff_20260907/stereo/depth_maps/00000026.jpg.geometric.bin	1769482	ec43ab80c241287e36de14cc52e139e45e0a208e12b51693bcd83779e9c04ded	未入库:第二档,暂留本地待定
./colmap_ws_casdiff_20260907/stereo/depth_maps/00000027.jpg.geometric.bin	1769482	8e47f6a0fe73d6addd1413230abd4e39bb2abc063f553ef882c1a648baacbefc	未入库:第二档,暂留本地待定
./colmap_ws_casdiff_20260907/stereo/depth_maps/00000028.jpg.geometric.bin	1769482	72540ef1305c698b9e253bc901ee2bdcb293b2512cd26ad34a5dcbf4f461ea72	未入库:第二档,暂留本地待定
./colmap_ws_casdiff_20260907/stereo/depth_maps/00000029.jpg.geometric.bin	1769482	59298f2cc7a2ea2fdf367b5b61fc5d447f828ec0a9af6caf1588630060906167	未入库:第二档,暂留本地待定
./colmap_ws_casdiff_20260907/stereo/depth_maps/00000030.jpg.geometric.bin	1769482	f971a32f22df90091c12eded4352c1cbadb8b05b66d44b1c8964916257d7f9b1	未入库:第二档,暂留本地待定
./colmap_ws_casdiff_20260907/stereo/depth_maps/00000031.jpg.geometric.bin	1769482	f66ef7b914d5a33e6f1ef5549454479f5f3ff7f3be759d4fbdee1ee80fc5f88c	未入库:第二档,暂留本地待定
./colmap_ws_casdiff_20260907/stereo/depth_maps/00000032.jpg.geometric.bin	1769482	2b8c25982a988fa018de71c76c239b9e2f07a355fe113ddfd4e0e3c3c6df5b5c	未入库:第二档,暂留本地待定
./colmap_ws_casdiff_20260907/stereo/depth_maps/00000033.jpg.geometric.bin	1769482	723bf516df27bba536b697475651c8d945f856bb404da640e4ad991b8ad1a50b	未入库:第二档,暂留本地待定
./colmap_ws_casdiff_20260907/stereo/depth_maps/00000034.jpg.geometric.bin	1769482	a92958e6fbf143313b50a264b52e41a31d87b92452c6d0d21aa0067d8f9dfb29	未入库:第二档,暂留本地待定
./colmap_ws_casdiff_20260907/stereo/depth_maps/00000035.jpg.geometric.bin	1769482	215b3a0ad534faf0e66d8f0be002a72a9cf43bf76ac1034c7cae38ad8b754f27	未入库:第二档,暂留本地待定
./colmap_ws_casdiff_20260907/stereo/depth_maps/00000036.jpg.geometric.bin	1769482	ca5e96fa351a3b351813245fbf406b0d212a45455f15f7d2fe17e483777b1dfe	未入库:第二档,暂留本地待定
./colmap_ws_casdiff_20260907/stereo/depth_maps/00000037.jpg.geometric.bin	1769482	250d58889172d3f5d3088e2c25561b9397cda9d35bf6f01b7bc2d83ec9ddc487	未入库:第二档,暂留本地待定
./colmap_ws_casdiff_20260907/stereo/depth_maps/00000038.jpg.geometric.bin	1769482	a5d8fe14b949463308b652d51834db2de111ce2cb26a98bd57bc75fa3941dddd	未入库:第二档,暂留本地待定
./colmap_ws_casdiff_20260907/stereo/depth_maps/00000039.jpg.geometric.bin	1769482	ab0e2211132670f0d5881b8b9a23f554269aada5790703dcc3566f2b5096f2c1	未入库:第二档,暂留本地待定
./colmap_ws_casdiff_20260907/stereo/depth_maps/00000040.jpg.geometric.bin	1769482	828027ea7a1a6658f11e48478888780ae60adde1a05afee83da44b6cf90b0fd4	未入库:第二档,暂留本地待定
./colmap_ws_casdiff_20260907/stereo/depth_maps/00000041.jpg.geometric.bin	1769482	562225367f004d8f9cb5d466f4f350234131e3572a367813d4bb3e8d3a4468f3	未入库:第二档,暂留本地待定
./colmap_ws_casdiff_20260907/stereo/depth_maps/00000042.jpg.geometric.bin	1769482	3a4452b7c69cd059a2bc80f957496404e725c9e30949b6bdde0f4d0ec149533d	未入库:第二档,暂留本地待定
./colmap_ws_casdiff_20260907/stereo/depth_maps/00000043.jpg.geometric.bin	1769482	bd67bf8269670281269358d0651431a64e6b4062c2df61925dfa56bae82f1a47	未入库:第二档,暂留本地待定
./colmap_ws_casdiff_20260907/stereo/depth_maps/00000044.jpg.geometric.bin	1769482	48ec54707f5a74aaaee260948a56e04deb8ee339f2a9ada7a1f99b328b49c205	未入库:第二档,暂留本地待定
./colmap_ws_casdiff_20260907/stereo/depth_maps/00000045.jpg.geometric.bin	1769482	955ae351e5a71efa5b717dba4c72f12d7fd49ee2fc1f44c8e09bcc7283ea6537	未入库:第二档,暂留本地待定
./colmap_ws_casdiff_20260907/stereo/depth_maps/00000046.jpg.geometric.bin	1769482	902980275cb0d0f88eb1cd3e9ccfdc91495e57b7862bf8d16fa0bf279bf1ca3d	未入库:第二档,暂留本地待定
./colmap_ws_casdiff_20260907/stereo/depth_maps/00000047.jpg.geometric.bin	1769482	0852a0a5eac8866d81a39bda9a59776693ec4c54c77470e9436ee0e77cbf32d9	未入库:第二档,暂留本地待定
./colmap_ws_casdiff_20260907/stereo/depth_maps/00000048.jpg.geometric.bin	1769482	12cd0b00ff05d2e90692ac22e8c63926e5854019c738aa6451969f5de70deeb6	未入库:第二档,暂留本地待定
./colmap_ws_casdiff_20260907/stereo/depth_maps/00000049.jpg.geometric.bin	1769482	f0d3825f8ad59895e7007ca7092af092a53ecfc7f3f7bf14f009f47cef06c1ac	未入库:第二档,暂留本地待定
./colmap_ws_casdiff_20260907/stereo/depth_maps/00000050.jpg.geometric.bin	1769482	74a7428f7acc51f9576303b6b83341f248f6ccfc8079e78c722b1f84c9b03e5d	未入库:第二档,暂留本地待定
./colmap_ws_casdiff_20260907/stereo/depth_maps/00000051.jpg.geometric.bin	1769482	15b2fa40ac8d486e4fad88caa304151a6546537723029d65045f2dbe1c223a57	未入库:第二档,暂留本地待定
./colmap_ws_casdiff_20260907/stereo/depth_maps/00000052.jpg.geometric.bin	1769482	ec43ab80c241287e36de14cc52e139e45e0a208e12b51693bcd83779e9c04ded	未入库:第二档,暂留本地待定
./colmap_ws_casdiff_20260907/stereo/depth_maps/00000053.jpg.geometric.bin	1769482	c3db54630cc882d9c365ebc2b7362441782cfe16a1b3a239aba7a0fbe8b2dc50	未入库:第二档,暂留本地待定
./colmap_ws_casdiff_20260907/stereo/depth_maps/00000054.jpg.geometric.bin	1769482	d6b6c68f6e52a4527e7e4ad143ad5c109205eab8804742876aa54b13cec385a6	未入库:第二档,暂留本地待定
./colmap_ws_casdiff_20260907/stereo/depth_maps/00000055.jpg.geometric.bin	1769482	f2859115dca5215ee93f87b3f5720f0b5bc63527f463abb39d4f56511048ae15	未入库:第二档,暂留本地待定
./colmap_ws_casdiff_20260907/stereo/depth_maps/00000056.jpg.geometric.bin	1769482	36f2dd1a7a42db826ee8c1eb41cb7cefdec51934053d12dd60e43ab7f03abf0b	未入库:第二档,暂留本地待定
./colmap_ws_casdiff_20260907/stereo/depth_maps/00000057.jpg.geometric.bin	1769482	17044c63fdbb35efb83502ff22ed3c5c01eef872e4ef5a47080e041a447748d2	未入库:第二档,暂留本地待定
./colmap_ws_casdiff_20260907/stereo/depth_maps/00000058.jpg.geometric.bin	1769482	8e0b33a9ec85d42a59f78f41f1a4f16d897f5de11e375eab238789c5c9165f7e	未入库:第二档,暂留本地待定
./colmap_ws_casdiff_20260907/stereo/depth_maps/00000059.jpg.geometric.bin	1769482	689bd6a305ce4bce951393631c1e66bae4848693e1912acc6ad3e94a803043e6	未入库:第二档,暂留本地待定
./colmap_ws_casdiff_20260907/stereo/depth_maps/00000060.jpg.geometric.bin	1769482	e6d46284ed67a937be1d1a0b937b546da70f2c5b671c7e162fd9a9a4d8ae53ef	未入库:第二档,暂留本地待定
./colmap_ws_casdiff_20260907/stereo/depth_maps/00000061.jpg.geometric.bin	1769482	9eebdba9915b666c40719ddcac35e013efc0dc885e769b129058afbf21fb0b6d	未入库:第二档,暂留本地待定
./colmap_ws_casdiff_20260907/stereo/depth_maps/00000062.jpg.geometric.bin	1769482	a39e3feaa46532576e0d03005f83cd1a3191a94e7703856cd7eb3c3410fbe80b	未入库:第二档,暂留本地待定
./colmap_ws_casdiff_20260907/stereo/depth_maps/00000063.jpg.geometric.bin	1769482	802b32a33befc3ef2ad6dae166c44c9d8f111679bc36801044fa43322acbb701	未入库:第二档,暂留本地待定
./colmap_ws_casdiff_20260907/stereo/depth_maps/00000064.jpg.geometric.bin	1769482	af42439e7d6ea422e9a7cd72406c04319277c8f0aaa28f6d191f1ae188e11238	未入库:第二档,暂留本地待定
./colmap_ws_casdiff_20260907/stereo/depth_maps/00000065.jpg.geometric.bin	1769482	c3059074f0776de953aa1b52d268988c3c88253c81e2c8a0d16b8b392eec4655	未入库:第二档,暂留本地待定
./colmap_ws_casdiff_20260907/stereo/depth_maps/00000066.jpg.geometric.bin	1769482	84f3e3d45ef566c15fc3ee728f7433c33bc4c47fb612248e50a60274078ccdce	未入库:第二档,暂留本地待定
./colmap_ws_casdiff_20260907/stereo/depth_maps/00000067.jpg.geometric.bin	1769482	0cf2c2616107700507092665f63d1cc0f48fae91b03a435700d14f48189acb60	未入库:第二档,暂留本地待定
./colmap_ws_casdiff_20260907/stereo/depth_maps/00000068.jpg.geometric.bin	1769482	3f45c8e0cc27e59d921788928cb1183b755f03f30f820095d294abacabaa67cf	未入库:第二档,暂留本地待定
./colmap_ws_casdiff_20260907/stereo/depth_maps/00000069.jpg.geometric.bin	1769482	2b20f644a8ea63945b2d146c59d99a32bb1899ef2dcbe4203073b94c6702f820	未入库:第二档,暂留本地待定
./colmap_ws_casdiff_20260907/stereo/depth_maps/00000070.jpg.geometric.bin	1769482	979ffe7071a11d8caf8f5e5c66132064036590da5a6a322963e6e36f191ecb8f	未入库:第二档,暂留本地待定
./colmap_ws_casdiff_20260907/stereo/depth_maps/00000071.jpg.geometric.bin	1769482	88236bf634bab86c7b13f00873a5da1bebb1ee3ffe1cab68664a5e02e4beddee	未入库:第二档,暂留本地待定
./colmap_ws_casdiff_20260907/stereo/depth_maps/00000072.jpg.geometric.bin	1769482	c07a428d551e86e475d88dfb66cee8abdc9fea75e60e9a19085b49b74ad5ceb5	未入库:第二档,暂留本地待定
./colmap_ws_casdiff_20260907/stereo/depth_maps/00000073.jpg.geometric.bin	1769482	54fa47139a5a43e3e64da6fe658d67a20c9eb5d3fda10a516e9c015ab3a67f30	未入库:第二档,暂留本地待定
./colmap_ws_casdiff_20260907/stereo/depth_maps/00000074.jpg.geometric.bin	1769482	ddc83ad2e031b4004906530b6d3ff99411a9c581eb8a59b349609695cfed7b02	未入库:第二档,暂留本地待定
./colmap_ws_casdiff_20260907/stereo/depth_maps/00000075.jpg.geometric.bin	1769482	c99640df12bd8de325da50aac2db5433e6285320e29151f6f63d277f90943f52	未入库:第二档,暂留本地待定
./colmap_ws_casdiff_20260907/stereo/depth_maps/00000076.jpg.geometric.bin	1769482	5f144f2aa768bfa330fe53fef0dd8e91fd2c2e7e47764785d757939bd25ae7a7	未入库:第二档,暂留本地待定
./colmap_ws_casdiff_20260907/stereo/depth_maps/00000077.jpg.geometric.bin	1769482	0c7136b08a9494e58b45aa92ce21613711eda90d85d270f444480382e8c78734	未入库:第二档,暂留本地待定
./colmap_ws_casdiff_20260907/stereo/depth_maps/00000078.jpg.geometric.bin	1769482	c2bee0ef22a38ca9677bf9d18325ca7e73a9adf42d2e5c07adce95df981588ec	未入库:第二档,暂留本地待定
./colmap_ws_casdiff_20260907/stereo/depth_maps/00000079.jpg.geometric.bin	1769482	9b33c677b00c3f167ad91c544fb5a29f1c9a1862cbac26b76929db0b9559fb38	未入库:第二档,暂留本地待定
./colmap_ws_casdiff_20260907/stereo/depth_maps/00000080.jpg.geometric.bin	1769482	21dd795c513ac2ed3fff1ae099b366cc066afa1fe0b087fd89fdd53e8b3d7da3	未入库:第二档,暂留本地待定
./colmap_ws_casdiff_20260907/stereo/depth_maps/00000081.jpg.geometric.bin	1769482	daace9fcdc03817d30d46676ab8e63a12d59e86f904ab1ad4defdf9b7310eee2	未入库:第二档,暂留本地待定
./colmap_ws_casdiff_20260907/stereo/depth_maps/00000082.jpg.geometric.bin	1769482	496399f1547e275f0afe1730ad3f64db764b47a96b3c056010fbd13c5ce3bd12	未入库:第二档,暂留本地待定
./colmap_ws_casdiff_20260907/stereo/depth_maps/00000083.jpg.geometric.bin	1769482	2d572bebea4fc976d1c106b514e825e7ae5fff8a4cafacb5b21d573df865b204	未入库:第二档,暂留本地待定
./colmap_ws_casdiff_20260907/stereo/depth_maps/00000084.jpg.geometric.bin	1769482	eee5b5947bd8430b60e18a894740b108333152e3cb16453a987e79893a76dd74	未入库:第二档,暂留本地待定
./colmap_ws_casdiff_20260907/stereo/depth_maps/00000085.jpg.geometric.bin	1769482	c1c31bed8c9c1452dd171a9aef4a96af07dcc67ece196e8d5ed2d7febcd0f5c5	未入库:第二档,暂留本地待定
./colmap_ws_casdiff_20260907/stereo/depth_maps/00000086.jpg.geometric.bin	1769482	89210a3ec22572ed866a371f7249d1565a29310573cc9400085af515475123b1	未入库:第二档,暂留本地待定
./colmap_ws_casdiff_20260907/stereo/depth_maps/00000087.jpg.geometric.bin	1769482	888332a1f490ae2303078374660a07b8833ab29fd951296b0fd04f8671abd125	未入库:第二档,暂留本地待定
./colmap_ws_casdiff_20260907/stereo/depth_maps/00000088.jpg.geometric.bin	1769482	504c3d4d82e07e9ee7e0ed2e227c80506e098e352049d7ef53efc4d74698582a	未入库:第二档,暂留本地待定
./colmap_ws_casdiff_20260907/stereo/depth_maps/00000089.jpg.geometric.bin	1769482	08486976f085d17f1b6031b1370226580810df037541aca36ae9f0d70d678b95	未入库:第二档,暂留本地待定
./colmap_ws_casdiff_20260907/stereo/depth_maps/00000090.jpg.geometric.bin	1769482	c89c44eb46d51bbc9a698080054393aee93a975788fb1c7570ea531b4e345e26	未入库:第二档,暂留本地待定
./colmap_ws_casdiff_20260907/stereo/depth_maps/00000091.jpg.geometric.bin	1769482	80a796408eaec977cfa4ea46665bc65ce8d3f92634069237aba878b231a93138	未入库:第二档,暂留本地待定
./colmap_ws_casdiff_20260907/stereo/depth_maps/00000092.jpg.geometric.bin	1769482	98e7ff0318ff73623e8526881e1bbf93022245b1d0ffbe860e8dbbf33ce7dfa1	未入库:第二档,暂留本地待定
./colmap_ws_casdiff_20260907/stereo/depth_maps/00000093.jpg.geometric.bin	1769482	79cffd931efe8bd90e52b6ec15b79be7849a832fdbc4c44152525b82f80144d3	未入库:第二档,暂留本地待定
./colmap_ws_casdiff_20260907/stereo/depth_maps/00000094.jpg.geometric.bin	1769482	69efd32ff8d1db12861d8a68592a3bef57a8351feee7342b49fa71f483f54720	未入库:第二档,暂留本地待定
./colmap_ws_casdiff_20260907/stereo/depth_maps/00000095.jpg.geometric.bin	1769482	ee556c5b5f90ac4472be00994d66557ab44de485490f367160bd92058e990664	未入库:第二档,暂留本地待定
./colmap_ws_casdiff_20260907/stereo/depth_maps/00000096.jpg.geometric.bin	1769482	4fc486fe997d44f5d7926262bf7ea40cff5692e861b0f119ae1313416e98b3df	未入库:第二档,暂留本地待定
./colmap_ws_casdiff_20260907/stereo/depth_maps/00000097.jpg.geometric.bin	1769482	0cc86f049df3881b7ca1843ed8fd48c2042eb527b1df912a2a055f7459dec70c	未入库:第二档,暂留本地待定
./colmap_ws_casdiff_20260907/stereo/depth_maps/00000098.jpg.geometric.bin	1769482	1e053a8327ceb088cd6a0eb153897462cdc135651130332e7052fdf386b0c3a7	未入库:第二档,暂留本地待定
./colmap_ws_casdiff_20260907/stereo/depth_maps/00000099.jpg.geometric.bin	1769482	216803f1d9c8b239c2611c26ca38b4290cd59a2c1f46232c21718f0b2567afcd	未入库:第二档,暂留本地待定
./colmap_ws_casdiff_20260907/stereo/depth_maps/00000100.jpg.geometric.bin	1769482	5b45ec5369ba2313198fbe5eb0d439bd4f1f107abd5f63fb2d973aaf4bccfabe	未入库:第二档,暂留本地待定
./colmap_ws_casdiff_20260907/stereo/depth_maps/00000101.jpg.geometric.bin	1769482	43d75cddd5793de4f0e78277334b5ec167c098d8656d30e3c6ea32b37c40b2ba	未入库:第二档,暂留本地待定
./colmap_ws_casdiff_20260907/stereo/depth_maps/00000102.jpg.geometric.bin	1769482	372e403424d09bbdfc380c2ce40797ef641f59217d84b7acbb8fba923ff9b4f7	未入库:第二档,暂留本地待定
./colmap_ws_casdiff_20260907/stereo/depth_maps/00000103.jpg.geometric.bin	1769482	ae00a8a683f0a7e9bac7ce3be0508f7e1b4662547e77c58ba213e07fa8e9c0d8	未入库:第二档,暂留本地待定
./colmap_ws_casdiff_20260907/stereo/depth_maps/00000104.jpg.geometric.bin	1769482	aee9d34afaaf4bae4f134b48cda3fa4fda89c15947f7be2b1e74681d75e1437e	未入库:第二档,暂留本地待定
./colmap_ws_casdiff_20260907/stereo/depth_maps/00000105.jpg.geometric.bin	1769482	dc5e51af20e2f45615f515521b3141583ff105772ea94736b68070bdec2f723b	未入库:第二档,暂留本地待定
./colmap_ws_casdiff_20260907/stereo/depth_maps/00000106.jpg.geometric.bin	1769482	12685427dea0e654eb118ef9b38411d608cbc73a842491beab83d745b892e6db	未入库:第二档,暂留本地待定
./colmap_ws_casdiff_20260907/stereo/depth_maps/00000107.jpg.geometric.bin	1769482	0af304cde5f8c41350143fd3f10fb4a6ddbaaac9f8587082a172b98635104227	未入库:第二档,暂留本地待定
./colmap_ws_casdiff_20260907/stereo/depth_maps/00000108.jpg.geometric.bin	1769482	87d3f07db86263c349b9ea360bf3b394f0d7b117348ebfbd199cedff2ee32a47	未入库:第二档,暂留本地待定
./colmap_ws_casdiff_20260907/stereo/depth_maps/00000109.jpg.geometric.bin	1769482	f5368de43f4810c34557df87f909806e62a576312f1921dbf3d002835242ee7d	未入库:第二档,暂留本地待定
./colmap_ws_casdiff_20260907/stereo/depth_maps/00000110.jpg.geometric.bin	1769482	0022ca0b56ff5b65f77e75037fa68c909aac470ed98632d1295a091e124a5d2b	未入库:第二档,暂留本地待定
./colmap_ws_casdiff_20260907/stereo/depth_maps/00000111.jpg.geometric.bin	1769482	e1dd3863546d45f58e321445f6ebef0af40a6aa2768e1bc2a2cecf486def12ee	未入库:第二档,暂留本地待定
./colmap_ws_casdiff_20260907/stereo/depth_maps/00000112.jpg.geometric.bin	1769482	ccdfb053941701e004e5dff69e1990854d5739e19e68fc407e6d337f38de8ebc	未入库:第二档,暂留本地待定
./colmap_ws_casdiff_20260907/stereo/depth_maps/00000113.jpg.geometric.bin	1769482	14e7f5d0236f48d29ce4590f57db575f8330faa52a63177f1d0bcee7e3dcbce2	未入库:第二档,暂留本地待定
./colmap_ws_casdiff_20260907/stereo/depth_maps/00000114.jpg.geometric.bin	1769482	c2b3436df818d91b6c7332819efe29d2257ce97a711a4f050cc6cd86b4ef2d5d	未入库:第二档,暂留本地待定
./colmap_ws_casdiff_20260907/stereo/depth_maps/00000115.jpg.geometric.bin	1769482	ae43fe31ebfe70e83b5889fae85a82041982e98373aa57ba294d66a05714431c	未入库:第二档,暂留本地待定
./colmap_ws_casdiff_20260907/stereo/depth_maps/00000116.jpg.geometric.bin	1769482	8c719e090298e4da299235a7c24322fc9e3d39018d3acb0aa2b810d212cd08f5	未入库:第二档,暂留本地待定
./colmap_ws_casdiff_20260907/stereo/depth_maps/00000117.jpg.geometric.bin	1769482	bd58a23606c622baef2e16ff161aae308a465e4c66767b9ffe2c179ef0824232	未入库:第二档,暂留本地待定
./colmap_ws_casdiff_20260907/stereo/depth_maps/00000118.jpg.geometric.bin	1769482	524e7a8353930bd5166a810729067560531ea7f09f7d976efdd100647ec31e27	未入库:第二档,暂留本地待定
./colmap_ws_casdiff_20260907/stereo/depth_maps/00000119.jpg.geometric.bin	1769482	ec43ab80c241287e36de14cc52e139e45e0a208e12b51693bcd83779e9c04ded	未入库:第二档,暂留本地待定
./colmap_ws_casdiff_20260907/stereo/depth_maps/00000120.jpg.geometric.bin	1769482	52daad06ef44a56d8857c5e43e81beb3f0f0d6b8bf358265c842e4ba27719fa0	未入库:第二档,暂留本地待定
./colmap_ws_casdiff_20260907/stereo/depth_maps/00000121.jpg.geometric.bin	1769482	de29e809adc844b4a550841397ac5a4013bf0c05366d781f064b0a22a8d4f9d4	未入库:第二档,暂留本地待定
./colmap_ws_casdiff_20260907/stereo/depth_maps/00000122.jpg.geometric.bin	1769482	fb2f38aea90a2f483f1d710f79e4cdfd99acb6911563b56ce457ed1c9a71fc7c	未入库:第二档,暂留本地待定
./colmap_ws_casdiff_20260907/stereo/depth_maps/00000123.jpg.geometric.bin	1769482	b7e4c92f7a57bd1af76f77c750b3c3d72e471f1f24b3e7604984eb76f740a862	未入库:第二档,暂留本地待定
./colmap_ws_casdiff_20260907/stereo/depth_maps/00000124.jpg.geometric.bin	1769482	e15d98b082e4429ecf13fffd5f587151bd1532dbfb294d45ffd7f852ad0a01f1	未入库:第二档,暂留本地待定
./colmap_ws_casdiff_20260907/stereo/depth_maps/00000125.jpg.geometric.bin	1769482	ac05e8726ea2bfc328343c50e55aaeb4c92bdbb9aa9d4f2878132c0b1baa6877	未入库:第二档,暂留本地待定
./colmap_ws_casdiff_20260907/stereo/depth_maps/00000126.jpg.geometric.bin	1769482	0982a233b4b08b39647341c23c2ff27c9662ddcfac16d42726718f6a4b804cbf	未入库:第二档,暂留本地待定
./colmap_ws_casdiff_20260907/stereo/depth_maps/00000127.jpg.geometric.bin	1769482	8fcb280510cc5fd3163cfeed3d2cf56e3d18e5a18023691c1a935109a360e1f6	未入库:第二档,暂留本地待定
./colmap_ws_casdiff_20260907/stereo/depth_maps/00000128.jpg.geometric.bin	1769482	dcb0e16218ac130b694b637dfc86bdbcc9d8dd10f2281272f7333d4219706aae	未入库:第二档,暂留本地待定
./colmap_ws_casdiff_20260907/stereo/depth_maps/00000129.jpg.geometric.bin	1769482	7314c2b729d9d0de52e15cab11daa0ecf065ecdcfc05c9e22d80cfa342653acd	未入库:第二档,暂留本地待定
./colmap_ws_casdiff_20260907/stereo/depth_maps/00000130.jpg.geometric.bin	1769482	5b70a2be900be8e810f1dae917e0251b6e5a288d0a6e0d84056f4f736c2123cd	未入库:第二档,暂留本地待定
./colmap_ws_casdiff_20260907/stereo/depth_maps/00000131.jpg.geometric.bin	1769482	aad1ce1852c1c481fe8d3c3bd825504646f23428a92ddb5fee374579f4399539	未入库:第二档,暂留本地待定
./colmap_ws_casdiff_20260907/stereo/normal_maps/00000000.jpg.geometric.bin	5308426	523576f2724a2006f1c48f951306833fbb4e1c8ffebc606c8cdb0b673c9d6bc3	未入库:第二档,暂留本地待定
./colmap_ws_casdiff_20260907/stereo/normal_maps/00000001.jpg.geometric.bin	5308426	bddcfc90d0c3db0dc7e3b8e915efd4a5168fdf67040e0051628e1ca21d501d57	未入库:第二档,暂留本地待定
./colmap_ws_casdiff_20260907/stereo/normal_maps/00000002.jpg.geometric.bin	5308426	952bb31472f4c54335a88aae4ba85c76a13b63646de142090748d10f5c7c71d5	未入库:第二档,暂留本地待定
./colmap_ws_casdiff_20260907/stereo/normal_maps/00000003.jpg.geometric.bin	5308426	59ea3228c8d08f448875baa1536ae109e8bd98913662659d4871d9e7f4b76640	未入库:第二档,暂留本地待定
./colmap_ws_casdiff_20260907/stereo/normal_maps/00000004.jpg.geometric.bin	5308426	c9c37a347c504c3b9d3fb4855a0658f6baeebaac3116c46264b6e53ba44446cf	未入库:第二档,暂留本地待定
./colmap_ws_casdiff_20260907/stereo/normal_maps/00000005.jpg.geometric.bin	5308426	97f8784f7b349ecceb541b5a74d67f86403a2a1517e9698958e767b7181d218a	未入库:第二档,暂留本地待定
./colmap_ws_casdiff_20260907/stereo/normal_maps/00000006.jpg.geometric.bin	5308426	14fec99ba68aaf8a0483312a9fb5234b962ff1a29cdddffc623d01e56065818f	未入库:第二档,暂留本地待定
./colmap_ws_casdiff_20260907/stereo/normal_maps/00000007.jpg.geometric.bin	5308426	832aad946453c9f9602ae26936e13d9855d80a9f0e2e8fcb3eb12cdd7c4825bb	未入库:第二档,暂留本地待定
./colmap_ws_casdiff_20260907/stereo/normal_maps/00000008.jpg.geometric.bin	5308426	6f328ea9f2681f9df7c6fac67144a693250ce8603b756ef1960e515f673bbeff	未入库:第二档,暂留本地待定
./colmap_ws_casdiff_20260907/stereo/normal_maps/00000009.jpg.geometric.bin	5308426	05ffc42b549244c0af143a22af329b03fa2bde73ae07195962f2aa7a688e55a8	未入库:第二档,暂留本地待定
./colmap_ws_casdiff_20260907/stereo/normal_maps/00000010.jpg.geometric.bin	5308426	f90878180a987817586d5d7e3810e1bca52e440cfe4b0d794098fb249b109b2d	未入库:第二档,暂留本地待定
./colmap_ws_casdiff_20260907/stereo/normal_maps/00000011.jpg.geometric.bin	5308426	06b76db066020919a665dddbf85a8b18cf76afba11897fd3d7c01723bf3c4a24	未入库:第二档,暂留本地待定
./colmap_ws_casdiff_20260907/stereo/normal_maps/00000012.jpg.geometric.bin	5308426	d1d3938ccaf116dca351f83d589daa26941cdfc4567645fb01e1db231b08dda3	未入库:第二档,暂留本地待定
./colmap_ws_casdiff_20260907/stereo/normal_maps/00000013.jpg.geometric.bin	5308426	5f5dee0f1865409d69ff19260321bb3d83fe1af84e6748580a74d59a2ccef6d6	未入库:第二档,暂留本地待定
./colmap_ws_casdiff_20260907/stereo/normal_maps/00000014.jpg.geometric.bin	5308426	84fe20b6c7b7c09fe94866e88c9c56ffc9108f4b4ca442202bbfe70d0bee946c	未入库:第二档,暂留本地待定
./colmap_ws_casdiff_20260907/stereo/normal_maps/00000015.jpg.geometric.bin	5308426	c06d57750b550bc6d4db7a030d71a3f6d526a5bc8086f62ed1374901f94fdcc9	未入库:第二档,暂留本地待定
./colmap_ws_casdiff_20260907/stereo/normal_maps/00000016.jpg.geometric.bin	5308426	ddfa7d7b20828f691b6eefce3809d7a4594d50079a658d2348a8e5b566d2ec7d	未入库:第二档,暂留本地待定
./colmap_ws_casdiff_20260907/stereo/normal_maps/00000017.jpg.geometric.bin	5308426	58212e54bcecf10781ac400481aa5eba403a7884d2ca38e309effeab64f84a82	未入库:第二档,暂留本地待定
./colmap_ws_casdiff_20260907/stereo/normal_maps/00000018.jpg.geometric.bin	5308426	346221bd502b0a370be539106a69848403ed14ddb15c514cfe13964467c2a3bb	未入库:第二档,暂留本地待定
./colmap_ws_casdiff_20260907/stereo/normal_maps/00000019.jpg.geometric.bin	5308426	27582d9943c8cf39095667d07d53dfef651bd31a0f7d06b34942713bcb3ec3ed	未入库:第二档,暂留本地待定
./colmap_ws_casdiff_20260907/stereo/normal_maps/00000020.jpg.geometric.bin	5308426	1f0ec1f2324f2053d2d28a939249ba328390de9670ceb7a48d44e01063c4f99b	未入库:第二档,暂留本地待定
./colmap_ws_casdiff_20260907/stereo/normal_maps/00000021.jpg.geometric.bin	5308426	469f1b6be39713902c62c21071ed963feb0afeb438c6a1b883ff1866b7a1619f	未入库:第二档,暂留本地待定
./colmap_ws_casdiff_20260907/stereo/normal_maps/00000022.jpg.geometric.bin	5308426	48a72ff1985045f0fe4a2453911067d2db9f351a2d9d25dc7372a65e6ab91e6b	未入库:第二档,暂留本地待定
./colmap_ws_casdiff_20260907/stereo/normal_maps/00000023.jpg.geometric.bin	5308426	4efd31694a1f2c0bbbe08689334d344cfd5517cb88a652972371f948947c50a7	未入库:第二档,暂留本地待定
./colmap_ws_casdiff_20260907/stereo/normal_maps/00000024.jpg.geometric.bin	5308426	2d9e25d9b622455540f6773d8913f24b5b0e4bcd59f60ce88cc42c886792098f	未入库:第二档,暂留本地待定
./colmap_ws_casdiff_20260907/stereo/normal_maps/00000025.jpg.geometric.bin	5308426	638273f01911f8050af7ea6ff1aaa64a0eae435ed261572d8722c12b3290449d	未入库:第二档,暂留本地待定
./colmap_ws_casdiff_20260907/stereo/normal_maps/00000026.jpg.geometric.bin	5308426	26afcb6ba226715a86d06bee11bb4b427783c9edfffdb1fd77026bc93de1d81a	未入库:第二档,暂留本地待定
./colmap_ws_casdiff_20260907/stereo/normal_maps/00000027.jpg.geometric.bin	5308426	34071f62c024aeb646994a4bd602f8fd3b6b2972720fa3244dc0b3480cd9ad97	未入库:第二档,暂留本地待定
./colmap_ws_casdiff_20260907/stereo/normal_maps/00000028.jpg.geometric.bin	5308426	0ffebedab343f1b4e7716e64877f0e8c50e79c4175237d7770ea27d446115202	未入库:第二档,暂留本地待定
./colmap_ws_casdiff_20260907/stereo/normal_maps/00000029.jpg.geometric.bin	5308426	10ca7553dbf27aeb539b3ea8bfbe1b11944773efa65f1f135aa718a15d14f62f	未入库:第二档,暂留本地待定
./colmap_ws_casdiff_20260907/stereo/normal_maps/00000030.jpg.geometric.bin	5308426	10d8b1be0ab5ce46d6d7ad3ec67e22e3345d51113795679681deb107343910c8	未入库:第二档,暂留本地待定
./colmap_ws_casdiff_20260907/stereo/normal_maps/00000031.jpg.geometric.bin	5308426	8fd09b7c434febc9f4cb6b11f2cc2f4ac48975abf646c49b78427195fb72a117	未入库:第二档,暂留本地待定
./colmap_ws_casdiff_20260907/stereo/normal_maps/00000032.jpg.geometric.bin	5308426	4f16266e79b6097dcb05eb011db15f0450f36bb8121d5eb1dcbd284236892259	未入库:第二档,暂留本地待定
./colmap_ws_casdiff_20260907/stereo/normal_maps/00000033.jpg.geometric.bin	5308426	5fbcaa8579c4e49e1f3097693adf64e7cf096295f1fc078b1c737f7917743dc9	未入库:第二档,暂留本地待定
./colmap_ws_casdiff_20260907/stereo/normal_maps/00000034.jpg.geometric.bin	5308426	39d71012db51d9147747a052e09e240d2e7b2593ec13884ffc6f9d4b39cf309d	未入库:第二档,暂留本地待定
./colmap_ws_casdiff_20260907/stereo/normal_maps/00000035.jpg.geometric.bin	5308426	7ab06ff53abfb0d89f10761b7b3f7dda1727a49b9fdb8b40316672abbb5a8edb	未入库:第二档,暂留本地待定
./colmap_ws_casdiff_20260907/stereo/normal_maps/00000036.jpg.geometric.bin	5308426	e2e60abe1d2bf78980fe75a8ac8c87f83f6a03f750bf6b835b440486038698a5	未入库:第二档,暂留本地待定
./colmap_ws_casdiff_20260907/stereo/normal_maps/00000037.jpg.geometric.bin	5308426	003e69e7511b56378761e379f8427fa6adbb82d4e00bbd5542ed7711cfb64239	未入库:第二档,暂留本地待定
./colmap_ws_casdiff_20260907/stereo/normal_maps/00000038.jpg.geometric.bin	5308426	48c4c05151c8ad76a27cd5c0df29a6c8ce3964585b1d84c0e7751cd3d0f07414	未入库:第二档,暂留本地待定
./colmap_ws_casdiff_20260907/stereo/normal_maps/00000039.jpg.geometric.bin	5308426	e28840ece2db4c236168986871a843d5bb752a29ad112d66806b5db70e0e48f1	未入库:第二档,暂留本地待定
./colmap_ws_casdiff_20260907/stereo/normal_maps/00000040.jpg.geometric.bin	5308426	6a9dcb24a6c94909df8a8b3cf7874ffb5ff271885ef355941e43ff34850122ce	未入库:第二档,暂留本地待定
./colmap_ws_casdiff_20260907/stereo/normal_maps/00000041.jpg.geometric.bin	5308426	0d73f07820bbc6508c8d2d41ac9fe6d11ce8f5101677c9fbfbeb65483a159b18	未入库:第二档,暂留本地待定
./colmap_ws_casdiff_20260907/stereo/normal_maps/00000042.jpg.geometric.bin	5308426	8b7883e2a7c7a688bfeb8c2114aaaec02b2a9d6bb33271f87d082c7a9937e023	未入库:第二档,暂留本地待定
./colmap_ws_casdiff_20260907/stereo/normal_maps/00000043.jpg.geometric.bin	5308426	74fef4362641f1a5b187bcf31f4cd57d1bfdd5393e98b66f5ed32609cc82d88e	未入库:第二档,暂留本地待定
./colmap_ws_casdiff_20260907/stereo/normal_maps/00000044.jpg.geometric.bin	5308426	c9a4d386cdb1d696c05f75b69595bcc35251aae37d690b111aaa50dcaef1a1a5	未入库:第二档,暂留本地待定
./colmap_ws_casdiff_20260907/stereo/normal_maps/00000045.jpg.geometric.bin	5308426	dc81f5af6f1fc0d30646a70e97eec228a35dd1194c61a9c287fad6ac6eb950d8	未入库:第二档,暂留本地待定
./colmap_ws_casdiff_20260907/stereo/normal_maps/00000046.jpg.geometric.bin	5308426	9c592dcd15e8cb3be5c8991e51e00462ff8240fc557847de5429d9583cb6fbf8	未入库:第二档,暂留本地待定
./colmap_ws_casdiff_20260907/stereo/normal_maps/00000047.jpg.geometric.bin	5308426	2b97ebd99c8cf9403ed4572f0521f3439f52231223276ba176e298c01e1eb6f6	未入库:第二档,暂留本地待定
./colmap_ws_casdiff_20260907/stereo/normal_maps/00000048.jpg.geometric.bin	5308426	57fcaa50c3c2960216dcb7b62ce4c73606e9b9f092437a64b8d4608b61446561	未入库:第二档,暂留本地待定
./colmap_ws_casdiff_20260907/stereo/normal_maps/00000049.jpg.geometric.bin	5308426	125f3a3d85929c684314718718f3d1621c11d91e74fb472981bb65a947b4f1b2	未入库:第二档,暂留本地待定
./colmap_ws_casdiff_20260907/stereo/normal_maps/00000050.jpg.geometric.bin	5308426	e14284259b3f89695f410ec708919e9e5586b15526a3766be8fbb6173733ca23	未入库:第二档,暂留本地待定
./colmap_ws_casdiff_20260907/stereo/normal_maps/00000051.jpg.geometric.bin	5308426	c4f853ee7ecfb52cfd59846d8531d7777bb1616bfc57af93c5b0bd0594e5a48d	未入库:第二档,暂留本地待定
./colmap_ws_casdiff_20260907/stereo/normal_maps/00000052.jpg.geometric.bin	5308426	26afcb6ba226715a86d06bee11bb4b427783c9edfffdb1fd77026bc93de1d81a	未入库:第二档,暂留本地待定
./colmap_ws_casdiff_20260907/stereo/normal_maps/00000053.jpg.geometric.bin	5308426	43e3ef704772ba559d4d73c8593d16ce9cd38b21c26babe90a87fd2b0eec4254	未入库:第二档,暂留本地待定
./colmap_ws_casdiff_20260907/stereo/normal_maps/00000054.jpg.geometric.bin	5308426	3186c56e53ca21348e3d8b66368c30b9684b0c8038d33716ed74f729f6e73aba	未入库:第二档,暂留本地待定
./colmap_ws_casdiff_20260907/stereo/normal_maps/00000055.jpg.geometric.bin	5308426	7b91462aca352b96b074c424b1d0c5ce7c4d7cbc95a60b11638e053dffe3cdcc	未入库:第二档,暂留本地待定
./colmap_ws_casdiff_20260907/stereo/normal_maps/00000056.jpg.geometric.bin	5308426	65de717cfab533e3f78c0c4431f089811c6bb67fc852af49238ef41b04e1ae58	未入库:第二档,暂留本地待定
./colmap_ws_casdiff_20260907/stereo/normal_maps/00000057.jpg.geometric.bin	5308426	122e2539f55f308a0cbbbd5ab9bcd047630815af1928984ecca802405f80a057	未入库:第二档,暂留本地待定
./colmap_ws_casdiff_20260907/stereo/normal_maps/00000058.jpg.geometric.bin	5308426	48fc279b96da4c9701b4538bbf5f9f4335f64662875ab6ca0f2602e937def292	未入库:第二档,暂留本地待定
./colmap_ws_casdiff_20260907/stereo/normal_maps/00000059.jpg.geometric.bin	5308426	76f2e8ebbc6d99b88ddfccdbb9df436073d3e5d0891375aa7ada550ac3a44bb7	未入库:第二档,暂留本地待定
./colmap_ws_casdiff_20260907/stereo/normal_maps/00000060.jpg.geometric.bin	5308426	86dc97cf4a7cca01325bfd287128f924de9660049981894c10b0176f52829109	未入库:第二档,暂留本地待定
./colmap_ws_casdiff_20260907/stereo/normal_maps/00000061.jpg.geometric.bin	5308426	fa590bd255bfa9a92f540b41d41deda4a70ed357f8a45aa58da658668c2a6119	未入库:第二档,暂留本地待定
./colmap_ws_casdiff_20260907/stereo/normal_maps/00000062.jpg.geometric.bin	5308426	031f6fc506b1dbd027b078afdb81a0adb82275beeaceb8a3fc1608ad08b9f76d	未入库:第二档,暂留本地待定
./colmap_ws_casdiff_20260907/stereo/normal_maps/00000063.jpg.geometric.bin	5308426	cbf68e59c21d1de31d226850a91605b3c4a23db594a7e73979be21dab063746d	未入库:第二档,暂留本地待定
./colmap_ws_casdiff_20260907/stereo/normal_maps/00000064.jpg.geometric.bin	5308426	5cd4025a92ea6e3b060ed717a43d1856ef7914e79dc7234b6393f87e04ba142b	未入库:第二档,暂留本地待定
./colmap_ws_casdiff_20260907/stereo/normal_maps/00000065.jpg.geometric.bin	5308426	f814ed4e972f6246737877f9d61c29f89febcb3e606799b01b3cfd95d59f7621	未入库:第二档,暂留本地待定
./colmap_ws_casdiff_20260907/stereo/normal_maps/00000066.jpg.geometric.bin	5308426	17defc6623306c6a7824da27f6924cd6fb1f7714876802344445750341df1ba5	未入库:第二档,暂留本地待定
./colmap_ws_casdiff_20260907/stereo/normal_maps/00000067.jpg.geometric.bin	5308426	87c4f29a71afa3a24cbaccdf17022f278cab9397a3457e84c6818353a5fd1ba8	未入库:第二档,暂留本地待定
./colmap_ws_casdiff_20260907/stereo/normal_maps/00000068.jpg.geometric.bin	5308426	4a939e905ee96e5ec866fcc3498b2f2ff87bf762664b08e92a91b015bf5b41fc	未入库:第二档,暂留本地待定
./colmap_ws_casdiff_20260907/stereo/normal_maps/00000069.jpg.geometric.bin	5308426	ead7bfcad85783e4063febbbb1d1947b27718f74993c3032667105191013f27c	未入库:第二档,暂留本地待定
./colmap_ws_casdiff_20260907/stereo/normal_maps/00000070.jpg.geometric.bin	5308426	3de1cf85658aa44ef1cf75985a6a18bc0fa563317f26a78e1030de6aadd75e7b	未入库:第二档,暂留本地待定
./colmap_ws_casdiff_20260907/stereo/normal_maps/00000071.jpg.geometric.bin	5308426	fc174bab82867a1bf890028add723e3a368e8081bab1f11e87b0081af060f74c	未入库:第二档,暂留本地待定
./colmap_ws_casdiff_20260907/stereo/normal_maps/00000072.jpg.geometric.bin	5308426	bdf2c9abc5016843f845f1b6f7a1d652a3942d4fa1f864badcda990bbcbe00c0	未入库:第二档,暂留本地待定
./colmap_ws_casdiff_20260907/stereo/normal_maps/00000073.jpg.geometric.bin	5308426	78144a6c0637a94cf406469b18ce158ed0887a1919ee9a2d99db8ac41ad352aa	未入库:第二档,暂留本地待定
./colmap_ws_casdiff_20260907/stereo/normal_maps/00000074.jpg.geometric.bin	5308426	fb099006f637de38f4eeaa1b3cf157c4b2707d147d6ed678a663f0a0375ec2dc	未入库:第二档,暂留本地待定
./colmap_ws_casdiff_20260907/stereo/normal_maps/00000075.jpg.geometric.bin	5308426	067e93feb0184c1f9b8122d6c046f607ccebcc459e3e52eaa7786d1580197e48	未入库:第二档,暂留本地待定
./colmap_ws_casdiff_20260907/stereo/normal_maps/00000076.jpg.geometric.bin	5308426	792f3d7528bc59931173618e0889c583fe020273585901d4ead1839019466bbb	未入库:第二档,暂留本地待定
./colmap_ws_casdiff_20260907/stereo/normal_maps/00000077.jpg.geometric.bin	5308426	4defe856439eb29b0727ba160950cf218270509a95094b8e0b1932295e178575	未入库:第二档,暂留本地待定
./colmap_ws_casdiff_20260907/stereo/normal_maps/00000078.jpg.geometric.bin	5308426	0b6cb5ea6e0223b4cbedc354c93a4233da30ac64edf09908b4a0c3ba44f7ce12	未入库:第二档,暂留本地待定
./colmap_ws_casdiff_20260907/stereo/normal_maps/00000079.jpg.geometric.bin	5308426	d06abcb0d9d76d23cd4947d06ec9dc66aea732b7c7f500fc42053e1f577044ce	未入库:第二档,暂留本地待定
./colmap_ws_casdiff_20260907/stereo/normal_maps/00000080.jpg.geometric.bin	5308426	29a83c5a092a8291c1bc9bb23743392e7c461e0040b25c7762c3a54fbc102592	未入库:第二档,暂留本地待定
./colmap_ws_casdiff_20260907/stereo/normal_maps/00000081.jpg.geometric.bin	5308426	12a4956edbe7baf06a80571cc215f2549da417aacab46a35e1d6b91c04bc482c	未入库:第二档,暂留本地待定
./colmap_ws_casdiff_20260907/stereo/normal_maps/00000082.jpg.geometric.bin	5308426	a8f45420c5363e05a3bf4a44482f816d39b92503c3e2601d406fe9440f7727e3	未入库:第二档,暂留本地待定
./colmap_ws_casdiff_20260907/stereo/normal_maps/00000083.jpg.geometric.bin	5308426	d25cd465782551e589bb6346f9b82cd4a0833bfba66e8964700f8a5cfbf6d8f0	未入库:第二档,暂留本地待定
./colmap_ws_casdiff_20260907/stereo/normal_maps/00000084.jpg.geometric.bin	5308426	cb419997cb6a7a146d16e72a6f5bfb0b6b72b2978b3c8a61a707fccfd6261efa	未入库:第二档,暂留本地待定
./colmap_ws_casdiff_20260907/stereo/normal_maps/00000085.jpg.geometric.bin	5308426	f472eae81e52954014ba11df8646d73e1d89a749ed5f428d4ddf2d9be54563b7	未入库:第二档,暂留本地待定
./colmap_ws_casdiff_20260907/stereo/normal_maps/00000086.jpg.geometric.bin	5308426	512e0e76006b8ae52b2c0bab90d2cb4b996589ed9039d463d2c0b301b9df5ce6	未入库:第二档,暂留本地待定
./colmap_ws_casdiff_20260907/stereo/normal_maps/00000087.jpg.geometric.bin	5308426	b6c09883f8ac861d9780f59e514b66e8bf4e0862144546ca4c8662425f4fd0ff	未入库:第二档,暂留本地待定
./colmap_ws_casdiff_20260907/stereo/normal_maps/00000088.jpg.geometric.bin	5308426	2a8ef96d488883fb490972b2600b565c27abea027d064ccda3cd5acbdd5d0e24	未入库:第二档,暂留本地待定
./colmap_ws_casdiff_20260907/stereo/normal_maps/00000089.jpg.geometric.bin	5308426	557483793127c8b6649070caa6c689623d68a0cc6c5966fbd8c490e32e11a111	未入库:第二档,暂留本地待定
./colmap_ws_casdiff_20260907/stereo/normal_maps/00000090.jpg.geometric.bin	5308426	c480acb99a74b760eabdd5ac0f8c105573067a920ee7afd1338baa77ee6b58b4	未入库:第二档,暂留本地待定
./colmap_ws_casdiff_20260907/stereo/normal_maps/00000091.jpg.geometric.bin	5308426	4f99ef9f76d60757f79d78a254619b69708ab91008719ba9c41554a90ff21839	未入库:第二档,暂留本地待定
./colmap_ws_casdiff_20260907/stereo/normal_maps/00000092.jpg.geometric.bin	5308426	fd41f72e08a8f5b1f269e891ea72169294c0308fc8f5c371a41cf69392a2855e	未入库:第二档,暂留本地待定
./colmap_ws_casdiff_20260907/stereo/normal_maps/00000093.jpg.geometric.bin	5308426	5bb54ec15d9d64c5ecce4e042fe00df6b977993ec593a46b997027c09c9e0b40	未入库:第二档,暂留本地待定
./colmap_ws_casdiff_20260907/stereo/normal_maps/00000094.jpg.geometric.bin	5308426	6582d99d76eefb6e5aa1b34285ab622b5234205fa92df0b5a7e9806d6077ad34	未入库:第二档,暂留本地待定
./colmap_ws_casdiff_20260907/stereo/normal_maps/00000095.jpg.geometric.bin	5308426	6bf08b458eaf62d214fd0c549a41d949f97357ec07e6facaf6de1a57c9b96e1a	未入库:第二档,暂留本地待定
./colmap_ws_casdiff_20260907/stereo/normal_maps/00000096.jpg.geometric.bin	5308426	a8260ca03dc626ae5a6e5ff3f70fe3bddb727efe2e99a590b13a528ad1046498	未入库:第二档,暂留本地待定
./colmap_ws_casdiff_20260907/stereo/normal_maps/00000097.jpg.geometric.bin	5308426	a7cb28f64e73dcaaa43a35fe8e7c8131f1ecfd09c6e9c11cc0fd244f450b1d60	未入库:第二档,暂留本地待定
./colmap_ws_casdiff_20260907/stereo/normal_maps/00000098.jpg.geometric.bin	5308426	cf743d2b6391ce1393aae41078b98f11dbea36c0b090723fd8c231179bad2c6b	未入库:第二档,暂留本地待定
./colmap_ws_casdiff_20260907/stereo/normal_maps/00000099.jpg.geometric.bin	5308426	42cfa1e20c4d7020c1f41235e6f5610d7ccb9bd7f724277a6d0919c54bd0106e	未入库:第二档,暂留本地待定
./colmap_ws_casdiff_20260907/stereo/normal_maps/00000100.jpg.geometric.bin	5308426	705987edca143c52188ec4700c672f4495401e9fdcdc78aa15538953c0bdcdf8	未入库:第二档,暂留本地待定
./colmap_ws_casdiff_20260907/stereo/normal_maps/00000101.jpg.geometric.bin	5308426	e45e62b864120132d13246a76c79c699ea97cdc3c6775697d77a033e4c13c1fa	未入库:第二档,暂留本地待定
./colmap_ws_casdiff_20260907/stereo/normal_maps/00000102.jpg.geometric.bin	5308426	3d8b5233cf429fc8447eaf34a48bb89c8dc951778abc6cd7426332c7f06f049b	未入库:第二档,暂留本地待定
./colmap_ws_casdiff_20260907/stereo/normal_maps/00000103.jpg.geometric.bin	5308426	85dc493cad8d10129f72f89500908cdb75de92923d3078358554e5579507d4d0	未入库:第二档,暂留本地待定
./colmap_ws_casdiff_20260907/stereo/normal_maps/00000104.jpg.geometric.bin	5308426	20dabbef3302899149c28bc49549dcfd6530d797c3585862b74a7e1d9032dce6	未入库:第二档,暂留本地待定
./colmap_ws_casdiff_20260907/stereo/normal_maps/00000105.jpg.geometric.bin	5308426	8a113e412ec81d6284a3d7a6e1480bc3dcc1e23f6258bf5d170bac0ab124d3cc	未入库:第二档,暂留本地待定
./colmap_ws_casdiff_20260907/stereo/normal_maps/00000106.jpg.geometric.bin	5308426	94297dd82b40aa5850f8f1fb9d3da79a97b62d5d198efbe9d0f0ff481d7d6f93	未入库:第二档,暂留本地待定
./colmap_ws_casdiff_20260907/stereo/normal_maps/00000107.jpg.geometric.bin	5308426	2346b5916ca7c7d178c2eaaa8d217e5f008bf53c7760705219da545e2497fd62	未入库:第二档,暂留本地待定
./colmap_ws_casdiff_20260907/stereo/normal_maps/00000108.jpg.geometric.bin	5308426	0019ec1c59e214307dcf7f12dfbe7b8629f522294860bc5f2d3ec3c4e960aee8	未入库:第二档,暂留本地待定
./colmap_ws_casdiff_20260907/stereo/normal_maps/00000109.jpg.geometric.bin	5308426	065ba590a0a4d813fe18192923664b878135baea32f3dba2d1f25a81d64e0720	未入库:第二档,暂留本地待定
./colmap_ws_casdiff_20260907/stereo/normal_maps/00000110.jpg.geometric.bin	5308426	c0c9fe19126dfe6bba649175424c5f4b63c9bbe51adb34fcf580e17e848dd2da	未入库:第二档,暂留本地待定
./colmap_ws_casdiff_20260907/stereo/normal_maps/00000111.jpg.geometric.bin	5308426	593e66c4613e2d0e4dead00a19e31a5c8fcd7a89519b8314c46b605958d2ff69	未入库:第二档,暂留本地待定
./colmap_ws_casdiff_20260907/stereo/normal_maps/00000112.jpg.geometric.bin	5308426	244fa8daba3f39975cfd2cf059e4245ce5a19bfdc224619584fea2066ac3150c	未入库:第二档,暂留本地待定
./colmap_ws_casdiff_20260907/stereo/normal_maps/00000113.jpg.geometric.bin	5308426	0de86682e045d7c81cf845a791856ab9318d21182615c205050dd4e724e4a970	未入库:第二档,暂留本地待定
./colmap_ws_casdiff_20260907/stereo/normal_maps/00000114.jpg.geometric.bin	5308426	ee0ba0f8fb274d986921f3e650dacafb08c3a10af5799b682be5c4a481f7d036	未入库:第二档,暂留本地待定
./colmap_ws_casdiff_20260907/stereo/normal_maps/00000115.jpg.geometric.bin	5308426	1e92a7e552680b7feb8cd43e192bb865ff2d17a15c6c10e0e11232857ff0a841	未入库:第二档,暂留本地待定
./colmap_ws_casdiff_20260907/stereo/normal_maps/00000116.jpg.geometric.bin	5308426	82015276da0163b353bec22e6df75ee05e24510451a29fc9d9b49ce565e38e46	未入库:第二档,暂留本地待定
./colmap_ws_casdiff_20260907/stereo/normal_maps/00000117.jpg.geometric.bin	5308426	12b8c5f1ee0a8238bc39b91fea1f05a7e00e97de8a71adf0045e3ca4a8105e5e	未入库:第二档,暂留本地待定
./colmap_ws_casdiff_20260907/stereo/normal_maps/00000118.jpg.geometric.bin	5308426	763d8752198dc2dcea605f0e5486ccd9946a2cbad28d59fbe03ce1d7a95a2775	未入库:第二档,暂留本地待定
./colmap_ws_casdiff_20260907/stereo/normal_maps/00000119.jpg.geometric.bin	5308426	26afcb6ba226715a86d06bee11bb4b427783c9edfffdb1fd77026bc93de1d81a	未入库:第二档,暂留本地待定
./colmap_ws_casdiff_20260907/stereo/normal_maps/00000120.jpg.geometric.bin	5308426	03f95078cfdaa0fb2e10e26a0d0c10ab06ec8329aeaa199100906952e7c6105e	未入库:第二档,暂留本地待定
./colmap_ws_casdiff_20260907/stereo/normal_maps/00000121.jpg.geometric.bin	5308426	79298a0e18af956c3e8f7d3dc34e2cbcb5ae7fd240f7787eb338fb9eac5b00b6	未入库:第二档,暂留本地待定
./colmap_ws_casdiff_20260907/stereo/normal_maps/00000122.jpg.geometric.bin	5308426	53fddc9bd10a27b998702e07e052e8beb4ce6504c7213b4446acddce4586dce8	未入库:第二档,暂留本地待定
./colmap_ws_casdiff_20260907/stereo/normal_maps/00000123.jpg.geometric.bin	5308426	a910ba4e7f10ef06b2347d176403d51e1df87e58014515cc17327bec3d1f5d99	未入库:第二档,暂留本地待定
./colmap_ws_casdiff_20260907/stereo/normal_maps/00000124.jpg.geometric.bin	5308426	a4e82de3db75f5257e89847d048f7d68047ca8f3b60818d327bea7a0d3d000dd	未入库:第二档,暂留本地待定
./colmap_ws_casdiff_20260907/stereo/normal_maps/00000125.jpg.geometric.bin	5308426	9c10dc01ad11f26c823747dbcb045de70a49b5e841dc97810dce75fc3550897c	未入库:第二档,暂留本地待定
./colmap_ws_casdiff_20260907/stereo/normal_maps/00000126.jpg.geometric.bin	5308426	cae7fe58c2dec6dd8b7fe58a9712008ecb8e4b282fbca72ffa50aa2c493ce214	未入库:第二档,暂留本地待定
./colmap_ws_casdiff_20260907/stereo/normal_maps/00000127.jpg.geometric.bin	5308426	1a0723aa76949b0c91ef1a91dd5da66545f48597522b9f8731d414d5e5cddb9a	未入库:第二档,暂留本地待定
./colmap_ws_casdiff_20260907/stereo/normal_maps/00000128.jpg.geometric.bin	5308426	e6cdd6bca03280b1b04cc9094c129e84759b245f1df10b41b3200e59224f8f74	未入库:第二档,暂留本地待定
./colmap_ws_casdiff_20260907/stereo/normal_maps/00000129.jpg.geometric.bin	5308426	0521dd6c6cda60821f5cde7d238aa2580c9beb619f77f3262377e659f176f523	未入库:第二档,暂留本地待定
./colmap_ws_casdiff_20260907/stereo/normal_maps/00000130.jpg.geometric.bin	5308426	ee48a759fa9837b0b5b13c3f3b71fa7a574dd40ac4f04532ecbc3881d04a24a8	未入库:第二档,暂留本地待定
./colmap_ws_casdiff_20260907/stereo/normal_maps/00000131.jpg.geometric.bin	5308426	d682024d8e988fb482cf60e846f90b41278f6a4af3e923c6bb98a7ef05f3babe	未入库:第二档,暂留本地待定
./colmap_ws_casdiff_20260907/images/00000000.jpg	200165	b620a9c297f686ef9542e0a8b937e2dbdaab3dcfff43b14b79df917ef6db5dbb	未入库:拍摄原片/相机(本地保留)
./colmap_ws_casdiff_20260907/images/00000001.jpg	186159	becfc11ca2e640f7a54d6c27d24d80ad0328823d7b78ea4d3fba1ef6703afbb0	未入库:拍摄原片/相机(本地保留)
./colmap_ws_casdiff_20260907/images/00000002.jpg	182363	21569a523c835f6def180ad639cdb61cff9fe539c10bdea39f6feb29ab804bce	未入库:拍摄原片/相机(本地保留)
./colmap_ws_casdiff_20260907/images/00000003.jpg	198624	e3b6fd6ad814842fcf53b88edf70d29202a5ac11a88e2e7236d339a06e3b78a0	未入库:拍摄原片/相机(本地保留)
./colmap_ws_casdiff_20260907/images/00000004.jpg	211862	0256c2d571eb549e4ffc007149c8ebbfd9fa9fd1604ba7bfe1569c0dc0687aa5	未入库:拍摄原片/相机(本地保留)
./colmap_ws_casdiff_20260907/images/00000005.jpg	174317	a6566e172fe2be5fe17da09fbb44f61517591bc0898ab8ad3b99952ff56f4fcb	未入库:拍摄原片/相机(本地保留)
./colmap_ws_casdiff_20260907/images/00000006.jpg	197002	8f9e445dd9b269e01e3504c5911b5566107f42a8447f13869de030dee4402e11	未入库:拍摄原片/相机(本地保留)
./colmap_ws_casdiff_20260907/images/00000007.jpg	187320	39248fca08403689bfbca1c1ec699a3000f69890f89c4b5aacd6943dd6901e88	未入库:拍摄原片/相机(本地保留)
./colmap_ws_casdiff_20260907/images/00000008.jpg	172190	6a6305a7620631e945510b95be77df07de1d8fbbe8f48b41e6b6cae39ca11f27	未入库:拍摄原片/相机(本地保留)
./colmap_ws_casdiff_20260907/images/00000009.jpg	199826	12cbfd53b8d315f499e7ba14971d167c0ba98e691a98f144ce177bbbc01a51a5	未入库:拍摄原片/相机(本地保留)
./colmap_ws_casdiff_20260907/images/00000010.jpg	191305	53c453a497dde8a89e84061422046bed051a448be70d022099b8bcd7ff1513e9	未入库:拍摄原片/相机(本地保留)
./colmap_ws_casdiff_20260907/images/00000011.jpg	193019	b51137b3454af16ab144acabb977a6b1e7544f40e3116b08879b12b23a3515ce	未入库:拍摄原片/相机(本地保留)
./colmap_ws_casdiff_20260907/images/00000012.jpg	179455	dd12fa916cdac980e7043d81c204529e994fb8aa62bf3c81ea87d4f2e9a9e5b8	未入库:拍摄原片/相机(本地保留)
./colmap_ws_casdiff_20260907/images/00000013.jpg	168241	a06da4e49f76ef49be458d66d150b00806b0859f0ea630db7a1fb49926f94c6f	未入库:拍摄原片/相机(本地保留)
./colmap_ws_casdiff_20260907/images/00000014.jpg	175715	6bcda888d59638812f2ba5ec2cbee09246e024264ebae6dac1727257535ff4ae	未入库:拍摄原片/相机(本地保留)
./colmap_ws_casdiff_20260907/images/00000015.jpg	187826	ff09a657e4111f54e9ca83bcaa252ffb46bea77387127495d6c70b0dc563af07	未入库:拍摄原片/相机(本地保留)
./colmap_ws_casdiff_20260907/images/00000016.jpg	193848	6c6586c691b83b44c17b521a5b2492b181f1e5f100bc16c51ebab370e0076019	未入库:拍摄原片/相机(本地保留)
./colmap_ws_casdiff_20260907/images/00000017.jpg	184482	c0a04a4768b3fd98b6119d3812819c20c4ad4ca04427ed6558fa336897653335	未入库:拍摄原片/相机(本地保留)
./colmap_ws_casdiff_20260907/images/00000018.jpg	163082	86d814bbf155a944a22cd9d643156031fd7d4221ec322611116c8c1aeaf427ed	未入库:拍摄原片/相机(本地保留)
./colmap_ws_casdiff_20260907/images/00000019.jpg	178347	7077b0c95e3e6f476c0657a63e0203b797e24c123339cfdb4010b2ed4ee81af1	未入库:拍摄原片/相机(本地保留)
./colmap_ws_casdiff_20260907/images/00000020.jpg	196282	05ba4df2190d524be628c13343ab050e7bc7f562bd6a52a91f09c9b0f7671999	未入库:拍摄原片/相机(本地保留)
./colmap_ws_casdiff_20260907/images/00000021.jpg	182195	aebc5c50530a86236e994cce41d20b57d9908a66a425481c341d521299ada2c2	未入库:拍摄原片/相机(本地保留)
./colmap_ws_casdiff_20260907/images/00000022.jpg	184546	9cd417907589c6af8dfd459d0a507fb6a9358103dca7d9436c2e5872b3f00930	未入库:拍摄原片/相机(本地保留)
./colmap_ws_casdiff_20260907/images/00000023.jpg	187053	42f675f297e11d7dc39fb789300f1d5b5fa949e3760c369e3e0c4b2c54100119	未入库:拍摄原片/相机(本地保留)
./colmap_ws_casdiff_20260907/images/00000024.jpg	175945	9fd9a01a03c8a8048f2fa19506f448032a69bf00d537c0052b390366f0efd8b2	未入库:拍摄原片/相机(本地保留)
./colmap_ws_casdiff_20260907/images/00000025.jpg	177185	ac532fdc643d282569b9326383b6ea58d73976a9270ecadf35a6d69d16d0f4e5	未入库:拍摄原片/相机(本地保留)
./colmap_ws_casdiff_20260907/images/00000026.jpg	160064	2f48e5c1ff804ae8f22537fbdce658274e3953719a66409a91a54c6cd937c87f	未入库:拍摄原片/相机(本地保留)
./colmap_ws_casdiff_20260907/images/00000027.jpg	175032	fdb94f077ca47291732ea148a759385e9a4d7e0776bec5724dc7d3cbd0361102	未入库:拍摄原片/相机(本地保留)
./colmap_ws_casdiff_20260907/images/00000028.jpg	177276	e3e25236b2e265ff121801b172a77cd4949b34de1209d0d426d19c428ddd3d8d	未入库:拍摄原片/相机(本地保留)
./colmap_ws_casdiff_20260907/images/00000029.jpg	173421	7db4a268560aba5da8ff4b10e4a40ce41c8f9f75a9de2dc8e7d7f09c9462c9d5	未入库:拍摄原片/相机(本地保留)
./colmap_ws_casdiff_20260907/images/00000030.jpg	189690	356d12e7637724bcce77e86ab895979edf3d457a2fb922d7727786b0272bca15	未入库:拍摄原片/相机(本地保留)
./colmap_ws_casdiff_20260907/images/00000031.jpg	182464	190ff601b201d69318502297e3dae7fbb986d33f8b921867cbe513332f47aae1	未入库:拍摄原片/相机(本地保留)
./colmap_ws_casdiff_20260907/images/00000032.jpg	158761	e02c423df32efa76c7caa6168893e12b6de96e44304092e1146525d8074f2229	未入库:拍摄原片/相机(本地保留)
./colmap_ws_casdiff_20260907/images/00000033.jpg	179701	3e8a886e9578a03c8c3292a4bf457d3034f40bc3f0b255b31beaa4ac8e0d0c96	未入库:拍摄原片/相机(本地保留)
./colmap_ws_casdiff_20260907/images/00000034.jpg	176391	64144675e01207042ba6ec6c74b8a78f5aff0a46c6afaa9ff808b020261e3926	未入库:拍摄原片/相机(本地保留)
./colmap_ws_casdiff_20260907/images/00000035.jpg	190240	787fdb004c12cfd9653164e99d7c794ada36c42208eac375bcd2ad7f4d1579d3	未入库:拍摄原片/相机(本地保留)
./colmap_ws_casdiff_20260907/images/00000036.jpg	179664	9b8ebe328cf6b1da72e9395ffaaf3e32b070dcde99b127d2c4b0f19c538efb97	未入库:拍摄原片/相机(本地保留)
./colmap_ws_casdiff_20260907/images/00000037.jpg	158416	5f29c5dfa96485ad904eafa7984a6a22c56e3b46e9f7d0e88ac8391c7cc5f73f	未入库:拍摄原片/相机(本地保留)
./colmap_ws_casdiff_20260907/images/00000038.jpg	173064	1214ac10ee538ed6ecff883ae1b855782406f9806431d87cf65cd1add9f021dc	未入库:拍摄原片/相机(本地保留)
./colmap_ws_casdiff_20260907/images/00000039.jpg	159420	5de00c4a855ee27b3b69e79b2c1536c19ff3be307453a1ca1ffd75a935617ac7	未入库:拍摄原片/相机(本地保留)
./colmap_ws_casdiff_20260907/images/00000040.jpg	178270	39debf83a4823ef7ebb5571ba351f5b5aa3df368ff3799d3f68f0fd8d1ce8446	未入库:拍摄原片/相机(本地保留)
./colmap_ws_casdiff_20260907/images/00000041.jpg	183663	89bb6fb7d5eaecf2fcf1a5e861e5cdb9b0ee616ffa6757a375afff28f99f1b69	未入库:拍摄原片/相机(本地保留)
./colmap_ws_casdiff_20260907/images/00000042.jpg	172178	202be54b5c513f9af44fa234176450d6796fd6fc4f61f718079054d9cabffea3	未入库:拍摄原片/相机(本地保留)
./colmap_ws_casdiff_20260907/images/00000043.jpg	127269	e72b6fc6e1d342b08cdfad34bd1f6491124ddaf6e318c50988a296111bd49fc4	未入库:拍摄原片/相机(本地保留)
./colmap_ws_casdiff_20260907/images/00000044.jpg	177371	d79436d5f4baa4ab445e645958279a0c3c1cc9c20e094d7ec0ef5df85aa252ba	未入库:拍摄原片/相机(本地保留)
./colmap_ws_casdiff_20260907/images/00000045.jpg	174058	5a2cc34cd7b61231d3b115ee7c3a0291f9ccfdaef33b625e4730bfeda58713f2	未入库:拍摄原片/相机(本地保留)
./colmap_ws_casdiff_20260907/images/00000046.jpg	169553	643e7de998df3f872812e168d471aa95a77bd37ebdd11f1f68bd475595d06117	未入库:拍摄原片/相机(本地保留)
./colmap_ws_casdiff_20260907/images/00000047.jpg	152415	7e7250145f6c447bd8d63406a980a992e6d2e4e2403e32e01e0ab86dec6b5330	未入库:拍摄原片/相机(本地保留)
./colmap_ws_casdiff_20260907/images/00000048.jpg	171581	96577197fe61b8993db4ced69e28ff4ac08b246c29fce24ba2aa9ff02697f42e	未入库:拍摄原片/相机(本地保留)
./colmap_ws_casdiff_20260907/images/00000049.jpg	162677	fbe7bcfb94c54ea5e077c637937e95d6bc299110593ebba7c95000f963dd9201	未入库:拍摄原片/相机(本地保留)
./colmap_ws_casdiff_20260907/images/00000050.jpg	159339	949cb7e70a1271cebdb3413e1efde5d77529c98f62519788b3ddaf4965c88fd1	未入库:拍摄原片/相机(本地保留)
./colmap_ws_casdiff_20260907/images/00000051.jpg	173624	b3f2e9e55934430fbd39cff05843b032c3c2b171ace9988e4d4d118ff03dffe1	未入库:拍摄原片/相机(本地保留)
./colmap_ws_casdiff_20260907/images/00000052.jpg	154972	6fae771810adea72b7b4572822e5781b7022035e6f9d26ba5af1b98a4916423b	未入库:拍摄原片/相机(本地保留)
./colmap_ws_casdiff_20260907/images/00000053.jpg	185464	27ea21a24a724101205f663f5a0c670933dfe3c83428c4ae09ef05e1b5560494	未入库:拍摄原片/相机(本地保留)
./colmap_ws_casdiff_20260907/images/00000054.jpg	176977	2089eceeb9a2710dcbfc0a885e8f71c29ba6c4ea532aad812d51692096ed3085	未入库:拍摄原片/相机(本地保留)
./colmap_ws_casdiff_20260907/images/00000055.jpg	176567	deddb6b2d1aff623d4d8a7da8402ccb089cf1f9552f9c49cf65d97750d7c5b46	未入库:拍摄原片/相机(本地保留)
./colmap_ws_casdiff_20260907/images/00000056.jpg	161617	46c922025cc7c4474ecb2dc829fadfbae17c98946144bf5bf5c61958d4368721	未入库:拍摄原片/相机(本地保留)
./colmap_ws_casdiff_20260907/images/00000057.jpg	155790	38c3eb58671f1b13ad1095705d82df8da2ac0f492521fa0342321a83cd345e8c	未入库:拍摄原片/相机(本地保留)
./colmap_ws_casdiff_20260907/images/00000058.jpg	150228	6ac5dca4510629ad8571e8e596f9784b39373c0379169de11f16214581e9bdf5	未入库:拍摄原片/相机(本地保留)
./colmap_ws_casdiff_20260907/images/00000059.jpg	169046	c615a3093088ad847a8aa1b4195dfdb3f489f72141968aa8c366f0d3588e59b7	未入库:拍摄原片/相机(本地保留)
./colmap_ws_casdiff_20260907/images/00000060.jpg	145646	a4aea940d5f835f714cefc7dba3be5610fd39e41f9af4989dfeeb0e8f0a68f36	未入库:拍摄原片/相机(本地保留)
./colmap_ws_casdiff_20260907/images/00000061.jpg	169479	c8d86110efbe201db61f756933b4c64903cae7f489a84807005528f053a4e624	未入库:拍摄原片/相机(本地保留)
./colmap_ws_casdiff_20260907/images/00000062.jpg	153769	21799cb8e78676c553c92798a2f981b56467e3e25644f9e1560f3972c2344ce7	未入库:拍摄原片/相机(本地保留)
./colmap_ws_casdiff_20260907/images/00000063.jpg	177340	af595b29d0312fff1bed74aa88627c5fdf86d22666b93cdd865397f283421125	未入库:拍摄原片/相机(本地保留)
./colmap_ws_casdiff_20260907/images/00000064.jpg	165916	f5642df819fc2784232ac468f9692099127aeef6c30e10be26e0a4cacfc6db17	未入库:拍摄原片/相机(本地保留)
./colmap_ws_casdiff_20260907/images/00000065.jpg	147453	f534d6a6beaab6098aa5b52e2ea822479f99d8170f8ab87f5482ac99bbde43e7	未入库:拍摄原片/相机(本地保留)
./colmap_ws_casdiff_20260907/images/00000066.jpg	173368	096e93fc5af976004ec50d42cde6a8a1da71e7c12c98ea9ac179d127a49a7bcf	未入库:拍摄原片/相机(本地保留)
./colmap_ws_casdiff_20260907/images/00000067.jpg	139171	1a6b7e8da56a598246f04b3fe3a6b920558965d021db6adb423661af86ce3119	未入库:拍摄原片/相机(本地保留)
./colmap_ws_casdiff_20260907/images/00000068.jpg	152377	6d6d503623caf2bb8771daf4fdaebe1c2408a360e465a61dfc93833b1f49a576	未入库:拍摄原片/相机(本地保留)
./colmap_ws_casdiff_20260907/images/00000069.jpg	162037	2410a7df0a1fea0af6a50c963758a2ccac7343926ab3f71a215e8e3c0190e63d	未入库:拍摄原片/相机(本地保留)
./colmap_ws_casdiff_20260907/images/00000070.jpg	135051	0c4d05cf61ff8064bf9f12f807bad5da1b33c7f8cfa6a06198abe803ac15ddf8	未入库:拍摄原片/相机(本地保留)
./colmap_ws_casdiff_20260907/images/00000071.jpg	161955	138d65b0c2a00d0844974c2ae9f499e56d60f81e32bff2e3012b29109b9bddbd	未入库:拍摄原片/相机(本地保留)
./colmap_ws_casdiff_20260907/images/00000072.jpg	145809	8155e256cc5fd4c25b0e616375d9f92454d6e65810025e6cc6319354a83d3cf6	未入库:拍摄原片/相机(本地保留)
./colmap_ws_casdiff_20260907/images/00000073.jpg	169003	1b099f97740137899e8a17fe36e5e2f3ac392419367035430d0d89814655126f	未入库:拍摄原片/相机(本地保留)
./colmap_ws_casdiff_20260907/images/00000074.jpg	169600	11b756505ffeea1659d42dbefe2b18abbba60bddb6ffbbd34c4590568ec53773	未入库:拍摄原片/相机(本地保留)
./colmap_ws_casdiff_20260907/images/00000075.jpg	164823	5be0cb248df373a459d6107233f9cf4e3f5be099985bce2044645b6b53a55bac	未入库:拍摄原片/相机(本地保留)
./colmap_ws_casdiff_20260907/images/00000076.jpg	125622	ced0daa76a8950ea9dca7067e9c71be0f4f635c86f606cbda4d5e1445ba3d72c	未入库:拍摄原片/相机(本地保留)
./colmap_ws_casdiff_20260907/images/00000077.jpg	172947	86ec07955bc76a8b774e8d0c583848f59728c1a9ea949bb02e94dda3acbc4006	未入库:拍摄原片/相机(本地保留)
./colmap_ws_casdiff_20260907/images/00000078.jpg	167977	3a4e05842fe7cf97e6f4b2415755f0641567866f41107ef1c796a91370bc3a8c	未入库:拍摄原片/相机(本地保留)
./colmap_ws_casdiff_20260907/images/00000079.jpg	168817	912e69cda1247907c51bf7352c2af66ec1b6d1b4af88ef56c616dc4bc522f7db	未入库:拍摄原片/相机(本地保留)
./colmap_ws_casdiff_20260907/images/00000080.jpg	184125	3f2d00907aa2d77abe2a7ea7dcc58c1623baab052f130eee7195972cd79e07b1	未入库:拍摄原片/相机(本地保留)
./colmap_ws_casdiff_20260907/images/00000081.jpg	181241	f1fdb34c86384b9a67e5d5f7b23c6e1c84286c24289de20d92589761d6e039dd	未入库:拍摄原片/相机(本地保留)
./colmap_ws_casdiff_20260907/images/00000082.jpg	171420	475e686287d4874070928923dd8385f2a96f7588b27ed56b8cf3b0d30f2339ee	未入库:拍摄原片/相机(本地保留)
./colmap_ws_casdiff_20260907/images/00000083.jpg	140710	7e8502c7e8daf8fabd587e46f4ce89e07008101398a0c6987f360a42d8563b56	未入库:拍摄原片/相机(本地保留)
./colmap_ws_casdiff_20260907/images/00000084.jpg	161103	f425a85a962a49bc3468fc634edbd59ad5ae9fe5f74e9d6e5f96565816bd62f4	未入库:拍摄原片/相机(本地保留)
./colmap_ws_casdiff_20260907/images/00000085.jpg	176988	09839f30848064a186378a7dfd892b0e324985c5cce6d4cbaf430b7077a4bc76	未入库:拍摄原片/相机(本地保留)
./colmap_ws_casdiff_20260907/images/00000086.jpg	135130	78a62e56339cc6016b1ed6258abf2c2f2a0966d63373d31afb460e4146170a0e	未入库:拍摄原片/相机(本地保留)
./colmap_ws_casdiff_20260907/images/00000087.jpg	170478	3819c79ccf850b5c4ac570c63909a7314aa23ec828e46d68f611d38305956e7c	未入库:拍摄原片/相机(本地保留)
./colmap_ws_casdiff_20260907/images/00000088.jpg	154377	0e2e0cf89fd889f25a9e8d5fb2cab51737f8a050431f21531b6c886112d643b1	未入库:拍摄原片/相机(本地保留)
./colmap_ws_casdiff_20260907/images/00000089.jpg	169687	ed664334ff08d8834406b32335621c32f37b85b86255ecb6ac03977903e677dd	未入库:拍摄原片/相机(本地保留)
./colmap_ws_casdiff_20260907/images/00000090.jpg	168474	189321c19701c335d5119a69ab195b2b8586abb62d3e3a1f4cf05b22891bc031	未入库:拍摄原片/相机(本地保留)
./colmap_ws_casdiff_20260907/images/00000091.jpg	167686	a369e83712b1ed1af0a87434a8b1aebd6551567d1c981a44c2f675fbc9ef3656	未入库:拍摄原片/相机(本地保留)
./colmap_ws_casdiff_20260907/images/00000092.jpg	191636	f5d04d5796264f854f4dba61cdff32876b0369162072952e03dcef1225a11140	未入库:拍摄原片/相机(本地保留)
./colmap_ws_casdiff_20260907/images/00000093.jpg	179942	0e51ea46bdbd555ebee5607eaed69a5971c62c38edbfd6af71f2ef47718b8e8b	未入库:拍摄原片/相机(本地保留)
./colmap_ws_casdiff_20260907/images/00000094.jpg	137746	3f531a8cbcec46ec8770be586d67d0b2f948f0d5f57fcf3356c931aa434929f3	未入库:拍摄原片/相机(本地保留)
./colmap_ws_casdiff_20260907/images/00000095.jpg	147041	5443da5f45573e531768e59cfc080e544ce85196d637b611e026e741452a11f4	未入库:拍摄原片/相机(本地保留)
./colmap_ws_casdiff_20260907/images/00000096.jpg	159276	0a8ca11be135e2462e3faddcd8015b5f6f7770a0744a675a6f16143211a4d112	未入库:拍摄原片/相机(本地保留)
./colmap_ws_casdiff_20260907/images/00000097.jpg	160334	bb4ae75e600e97641f1660e3f50b620391d1591ab79b3a2e80cb1af058cbd6d8	未入库:拍摄原片/相机(本地保留)
./colmap_ws_casdiff_20260907/images/00000098.jpg	143000	9fd9550a0b802b482027ea67adc0e3b36130e0ae4319b07218b444d3c9969b16	未入库:拍摄原片/相机(本地保留)
./colmap_ws_casdiff_20260907/images/00000099.jpg	177733	fdfd95adb832346b31b916a0ee344dd5e82a2cf722355859a9e691670b91f534	未入库:拍摄原片/相机(本地保留)
./colmap_ws_casdiff_20260907/images/00000100.jpg	182447	a9c245332d14675fb091ee4fce4eedc90ad8a9ef9a71717d8bb9d47d76efda99	未入库:拍摄原片/相机(本地保留)
./colmap_ws_casdiff_20260907/images/00000101.jpg	150371	8fef1b69b63ba0cd9719fa5620677849bf24a1f24e97ac4a2b14bbd84038ec47	未入库:拍摄原片/相机(本地保留)
./colmap_ws_casdiff_20260907/images/00000102.jpg	148024	7df9bcef057618088dc91b1059bbc403437e74819c90999f4011a71786ee1eb6	未入库:拍摄原片/相机(本地保留)
./colmap_ws_casdiff_20260907/images/00000103.jpg	174883	03789e959df9d397c47936168d014d3e5cc2ee1032fa520ae9f9e6a6b1e7453e	未入库:拍摄原片/相机(本地保留)
./colmap_ws_casdiff_20260907/images/00000104.jpg	160327	c26d6b2bdb6b86c3b22693ac85d2bf679f109a8ce7f813c6574d28b217e6d9f0	未入库:拍摄原片/相机(本地保留)
./colmap_ws_casdiff_20260907/images/00000105.jpg	129203	10a8d2b639bd5a8a8f2f963bd9c456531e21bbaff86801dac1a7951c61715791	未入库:拍摄原片/相机(本地保留)
./colmap_ws_casdiff_20260907/images/00000106.jpg	171950	fac0f5382fac243b4243358fefe9dd4c49f30aca0ff00eeb49c73826563e42d5	未入库:拍摄原片/相机(本地保留)
./colmap_ws_casdiff_20260907/images/00000107.jpg	147055	153a79d413484227b979d74f496d4d0bed02e13d0593a99c7036831d5d0e6254	未入库:拍摄原片/相机(本地保留)
./colmap_ws_casdiff_20260907/images/00000108.jpg	169038	75e1e171e4861470942cb2e9feb1351ed2aa9f8b291ac0dc9d5e158a6f7d4da5	未入库:拍摄原片/相机(本地保留)
./colmap_ws_casdiff_20260907/images/00000109.jpg	155735	d6cbe197a71959b69ab4f3ea17b9497057062286ca0fac93b326d5ef1fee8b08	未入库:拍摄原片/相机(本地保留)
./colmap_ws_casdiff_20260907/images/00000110.jpg	133007	fdd204fce88ac61a078e9ff50544318aaf09a0664a6ef2a8d6846e82ef99da5a	未入库:拍摄原片/相机(本地保留)
./colmap_ws_casdiff_20260907/images/00000111.jpg	139355	84faaa683788bf4167ac58aa242752b130da2facf03c7354bc24d20e2b5601d1	未入库:拍摄原片/相机(本地保留)
./colmap_ws_casdiff_20260907/images/00000112.jpg	147023	a9cf9efa8b668d5c247d326be7a439901f0d0d25dae1055587ebb299d4c7725a	未入库:拍摄原片/相机(本地保留)
./colmap_ws_casdiff_20260907/images/00000113.jpg	147333	41fcd04bb04f16853fbbfbaee4bf88f904f02ffe38a23e0b2c20e55c83945538	未入库:拍摄原片/相机(本地保留)
./colmap_ws_casdiff_20260907/images/00000114.jpg	148473	1996d4534daedd6a1a5f2bd20e9bb89e81fce40318ca706a84965aff70abaf29	未入库:拍摄原片/相机(本地保留)
./colmap_ws_casdiff_20260907/images/00000115.jpg	134091	277114c03c83ebd058d550225c0e810f3ccefd7aa0558c805e3b1779bc88e2d4	未入库:拍摄原片/相机(本地保留)
./colmap_ws_casdiff_20260907/images/00000116.jpg	136576	c55215613b81cf5e3ed2495e0e687ca923e1cf35c462d35fb0dffda48988a77c	未入库:拍摄原片/相机(本地保留)
./colmap_ws_casdiff_20260907/images/00000117.jpg	171764	886a9567c373c0bdfbdbef3967cf3b8f158b3c691d94a5bbc20ec6bf99a04148	未入库:拍摄原片/相机(本地保留)
./colmap_ws_casdiff_20260907/images/00000118.jpg	171095	69fd5a02a87fca41e60895820189f05f4262c0191a7f6f38c794ae9c5440e298	未入库:拍摄原片/相机(本地保留)
./colmap_ws_casdiff_20260907/images/00000119.jpg	120003	b99a0774267f30c43489e47c73a9089ad5de22aa57c6a30b32b68f495d97c1c4	未入库:拍摄原片/相机(本地保留)
./colmap_ws_casdiff_20260907/images/00000120.jpg	128936	d2c468025ced6bc4f7047b0244c38c54f8c025fe67b7c47c2f832cdf4bf21634	未入库:拍摄原片/相机(本地保留)
./colmap_ws_casdiff_20260907/images/00000121.jpg	118295	1def13ca87b27bc6627b6596b4b03867f5f4ed520a20a791201e0ba45a0e2308	未入库:拍摄原片/相机(本地保留)
./colmap_ws_casdiff_20260907/images/00000122.jpg	127785	3da72f73232b4b1e3efbba1a518ce8b3c7cbb79625c329f7623eade234866a3b	未入库:拍摄原片/相机(本地保留)
./colmap_ws_casdiff_20260907/images/00000123.jpg	170781	4a2fb50c670ccf683f2bda5fb3485e91accf51af7c3cc396b7882708c3ec5f04	未入库:拍摄原片/相机(本地保留)
./colmap_ws_casdiff_20260907/images/00000124.jpg	143598	745585c71f3521eb1c25675612c6ce2a1dd8842801e91348492001d28ff8dd16	未入库:拍摄原片/相机(本地保留)
./colmap_ws_casdiff_20260907/images/00000125.jpg	128633	f89f5b7beb6efc8098781cca30b249d1ffe4635f87a8a1349bf81efddf5f10aa	未入库:拍摄原片/相机(本地保留)
./colmap_ws_casdiff_20260907/images/00000126.jpg	156133	f5d00f2c7457adadbdc5309a0c87a0bca947018042a250bcecaba05f59937a6e	未入库:拍摄原片/相机(本地保留)
./colmap_ws_casdiff_20260907/images/00000127.jpg	182412	18d653a3bb93ceb3a981c007d7861de6a321997fad3b38b4b91f24148d1e69e6	未入库:拍摄原片/相机(本地保留)
./colmap_ws_casdiff_20260907/images/00000128.jpg	186587	38232b86744083e448ed5bf2c26e20027b43f1410c7d429beea0d1a1ccedb0e3	未入库:拍摄原片/相机(本地保留)
./colmap_ws_casdiff_20260907/images/00000129.jpg	185023	dc50ee22f4abf8f670adc6531786fd2bf00025bc6533301ece3b8ce901c90a22	未入库:拍摄原片/相机(本地保留)
./colmap_ws_casdiff_20260907/images/00000130.jpg	105791	124ca12f319aa5a294755bf534297bdc434d5bfa476c2c09b6325b3e1739dd0b	未入库:拍摄原片/相机(本地保留)
./colmap_ws_casdiff_20260907/images/00000131.jpg	94072	d8c89e40fdda7bdc2c94d3315a35b713005b70f68e72bb3e09c378c11d8a8089	未入库:拍摄原片/相机(本地保留)
./colmap_ws_casdiff_20260907/sparse_txt_check/cameras.txt	12131	7bb563c35ef843c9e7ea48c26f368c958c8cd8a3538cae24df5b1c3753b70515	已入库
./colmap_ws_casdiff_20260907/sparse_txt_check/frames.txt	20689	53130a62fc10b8429af618618c2a933ebe8b87b81809676b7e89dcfe5792f693	已入库
./colmap_ws_casdiff_20260907/sparse_txt_check/images.txt	20509	1f56b50dba321afb576e046dbb33001aba790d689bfce3554882ea944eb8eb3b	已入库
./colmap_ws_casdiff_20260907/sparse_txt_check/points3D.txt	169	cd9eeaa6c5f4543e9f5b23b5c7cb94f7aa978f1f17fbd0e7fdb70a142c3a4aed	已入库
./colmap_ws_casdiff_20260907/sparse_txt_check/rigs.txt	2235	f3c51dd06e50a91e6284067e502d2ad049791575ded2b599616c507814ddbf5d	已入库
./colmap_ws_casdiff_20260907/sparse/cameras.bin	7400	f0d294fea9f0262e4c165478fbfa68b222447af8563fe6014888dd77518207d1	未入库:第二档,暂留本地待定
./colmap_ws_casdiff_20260907/sparse/images.bin	11228	a3ccafc6d752b3e9d32dd84aeb58d05dec3ae4d4716f36a753e79738071df453	未入库:第二档,暂留本地待定
./colmap_ws_casdiff_20260907/sparse/points3D.bin	8	af5570f5a1810b7af78caf4bc70a660f0df51e42baf91d4de5b2328de0e83dfc	未入库:第二档,暂留本地待定
./in_P16kH/sparse	软链	~/Documents/progecttwo/_host_experiments/pose_ablation_20260818/work_P16kH/sparse/0	软链(无数据)
./frames/frame_000001.jpg	1313866	68d17454f3be6142befe676eb8a07e4778bf670b2316e7717186d86e545ed466	未入库:拍摄原片/相机(本地保留)
./frames/frame_000002.jpg	1294706	741726141b3a1823d2ebf1ad543385852f5f8544e5a3a37c415c16fed0683e63	未入库:拍摄原片/相机(本地保留)
./frames/frame_000003.jpg	1232893	21dc59a7fed31ccc4c5e3503bf57eb475d5994e1d31d363bbea0dd4578162f34	未入库:拍摄原片/相机(本地保留)
./frames/frame_000004.jpg	1329182	4c3ea7587564f46c9665cb407a1854a8697a5dd5e1a45cdfe3235e9a4bc301cf	未入库:拍摄原片/相机(本地保留)
./frames/frame_000005.jpg	872795	f8e9b9cf67ed84b63660487036af4b2fdf52e09c719b602c7155a0e33ca549da	未入库:拍摄原片/相机(本地保留)
./frames/frame_000006.jpg	984250	2984fd57539c1dd8f73684363ceb1b369de66438365d10a0e0c23c302a7e5d56	未入库:拍摄原片/相机(本地保留)
./frames/frame_000007.jpg	1016191	0e03ece689da276c069813d5ef1b4e7a1b051cf4d115861390ff6bd353e8e6f5	未入库:拍摄原片/相机(本地保留)
./frames/frame_000008.jpg	1087223	40319eaa76118cf8e4134153bfa6c7e84985d21c153096e66eedf79cd7cb9661	未入库:拍摄原片/相机(本地保留)
./frames/frame_000009.jpg	1226142	cc983487a1593503184d3149371c1de5781491ddda77b0f0eab56822e4b75ea6	未入库:拍摄原片/相机(本地保留)
./frames/frame_000010.jpg	1093410	31cc9524cd6afd9a0b351b76708118b5114335c030091502ebe718463e2beeeb	未入库:拍摄原片/相机(本地保留)
./frames/frame_000011.jpg	1191314	fd494d7bfef6d4f68853dfafa5b60fe941eeedb78607392e914638edcfc1b48e	未入库:拍摄原片/相机(本地保留)
./frames/frame_000012.jpg	972750	24d97322b4dfc9ca286d06b3161c1f9872d0d04539ee1f26071f45729d640c97	未入库:拍摄原片/相机(本地保留)
./frames/frame_000013.jpg	934982	6bd0016bd200f54bfc3e02a62bd160caaa80c06d363e0f5238a17e20f833ec4a	未入库:拍摄原片/相机(本地保留)
./frames/frame_000014.jpg	1053866	4cf75315a20a7495d78e2f76e17d223fca57b02b37486965b5c3a8ab1d501331	未入库:拍摄原片/相机(本地保留)
./frames/frame_000015.jpg	1055121	9df975f32ee1896208c5d78b9e7899b4a44ef503a9620874a78750fa5c5d2325	未入库:拍摄原片/相机(本地保留)
./frames/frame_000016.jpg	984864	7ee16386a0dcba4ca5e8993c135b95cddeaebee10760fc7961295420002825fc	未入库:拍摄原片/相机(本地保留)
./frames/frame_000017.jpg	826633	ffd360fd9228ee4f844c0c51127c17ccfe3765a1803b2f53b4962b3f1860b557	未入库:拍摄原片/相机(本地保留)
./frames/frame_000018.jpg	513189	11521353d7e8239ad3ac9a73a34d14286ca84b4a31048c659da3ad1501b58810	未入库:拍摄原片/相机(本地保留)
./frames/frame_000019.jpg	639819	342d16f21e2470b5fb5abd394b1fc4cde3db7eb25e89b5af5c98b3750a811a47	未入库:拍摄原片/相机(本地保留)
./frames/frame_000020.jpg	1073651	42855dd82f2c7eb05b760d9e41dfc32c39628f67daf2b0958ce6c76126c03d2c	未入库:拍摄原片/相机(本地保留)
./frames/frame_000021.jpg	1578777	9ba69e9a2a3cbcfdbde9aebe0d231506e62c9308790c7fd9245c2939aecb7f06	未入库:拍摄原片/相机(本地保留)
./frames/frame_000022.jpg	1054641	86ba4ae70ae36eef6e40ff362f3b360e3b76459a4ee1dd917fc6e099de9a8274	未入库:拍摄原片/相机(本地保留)
./frames/frame_000023.jpg	1325882	d9575ba084b35d62c02535a7010ca0daed73542ac6142a426d361cabb73ce37e	未入库:拍摄原片/相机(本地保留)
./frames/frame_000024.jpg	909816	f803033972edca69518b1e7caea6078809532997416fe628fac2c11f31494a41	未入库:拍摄原片/相机(本地保留)
./frames/frame_000025.jpg	1211003	9b47ceb207d2b51bf533682e28ee7c7e20c55053f226e05cc3e853080e023b76	未入库:拍摄原片/相机(本地保留)
./frames/frame_000026.jpg	1105843	d6bf5bd4f9e05ac2f9fee339d5fc41611e4442764dcb944d192bd59890d80ce9	未入库:拍摄原片/相机(本地保留)
./frames/frame_000027.jpg	639767	428dd6fb90a68a1611ab6d19f945cbd3f4abb0c1d74143af4c46355b514ed78b	未入库:拍摄原片/相机(本地保留)
./frames/frame_000028.jpg	1159702	32fd5c746bcb49c6f85c18979ed6107a199931e1b50714cf676d7ab6cae532f1	未入库:拍摄原片/相机(本地保留)
./frames/frame_000029.jpg	1046026	269c53a450bad76d7d0cf364b76631355797331aae83f2e166ba2cd398c5faaa	未入库:拍摄原片/相机(本地保留)
./frames/frame_000030.jpg	1241243	16f12f4fa1ac0e4cdbbd942e29d039277531a4c48ece55acea8d61114ed2e295	未入库:拍摄原片/相机(本地保留)
./frames/frame_000031.jpg	1016111	9d0dbe52d951ccac1d31125b848e67efcd33a5437772686537dda54816fabb0d	未入库:拍摄原片/相机(本地保留)
./frames/frame_000032.jpg	1021486	4b3a48b6de9f1b6f801a91da897b134791a420b7fee8063d73e2bec1fc28c1bf	未入库:拍摄原片/相机(本地保留)
./frames/frame_000033.jpg	1466069	1bc99a578ee480dc1834536694b5645c51de13b61684fd88aefcaf6b731ab2e8	未入库:拍摄原片/相机(本地保留)
./frames/frame_000034.jpg	1101981	e0c2102126e09d3412a6bcc538f32a0a05a5066a26851e066af31aefdcdb004d	未入库:拍摄原片/相机(本地保留)
./frames/frame_000035.jpg	1149872	b2af33c7ba24e12704bfbbfc612ddd432d16159b6207aca9d154762efae67776	未入库:拍摄原片/相机(本地保留)
./frames/frame_000036.jpg	970053	a138febd24dff81b94df46997683a06f787d88db0837eb37d0cff5237ea92d29	未入库:拍摄原片/相机(本地保留)
./frames/frame_000037.jpg	981306	ecceecb9f4cbfbea8410added5f84efda12504570e7a830c0f6b6c44a1d21d25	未入库:拍摄原片/相机(本地保留)
./frames/frame_000038.jpg	1375872	9183f6e066bb3653e1ba656ba5d7c432b6c03dc1c4f2e2ae8fa15874c9711605	未入库:拍摄原片/相机(本地保留)
./frames/frame_000039.jpg	1224512	e2cb21647be27bf84d62a886a9cbc5aa4d52f931bfc2dd5d58fd22648ab597d7	未入库:拍摄原片/相机(本地保留)
./frames/frame_000040.jpg	831604	3be7b1fe9697ae0e88b214568b08b4c589fd9a9523796cbe6fb0ed691007266b	未入库:拍摄原片/相机(本地保留)
./frames/frame_000041.jpg	1313244	3e1504b3458c4220ca129901f2ddb48c81d496a52d5ddf6abda9497234a02878	未入库:拍摄原片/相机(本地保留)
./frames/frame_000042.jpg	1200029	115216eb5c6390f10fd36c7bbf64bce7755ba5e35a03ebdeb6642c5d934b643f	未入库:拍摄原片/相机(本地保留)
./frames/frame_000043.jpg	1153555	b948a7c0000c19a90a3d219fa6e2b3f977833a4165795a6e02b333bf672b7981	未入库:拍摄原片/相机(本地保留)
./frames/frame_000044.jpg	1199780	ba695ef4c56c4d5acdff2de23f7a229f734445d87b8fd27fd795978303cc6a43	未入库:拍摄原片/相机(本地保留)
./frames/frame_000045.jpg	1346258	2dfb5663c6c482dfc7aca53f0969c89a9dd37e4d7d950d5470c45c033c90279e	未入库:拍摄原片/相机(本地保留)
./frames/frame_000046.jpg	1176913	3a304cec3b00f6bec6f0132e403b44058174fe108cb0f0f48ea376c38dc93599	未入库:拍摄原片/相机(本地保留)
./frames/frame_000047.jpg	894535	d1e0626d242c05dbee15d8fe7529b7e76b51890517bf470b609aa35cb4e17081	未入库:拍摄原片/相机(本地保留)
./frames/frame_000048.jpg	1181151	d6b552472935af39941cc576b28f3e910af2e6103e63d84b920e6ce77b48e41e	未入库:拍摄原片/相机(本地保留)
./frames/frame_000049.jpg	1331611	56d2a3a4c5e1c9f831ab6a7d5d164ae508095cf203bb6964bbe38304ccefa3e6	未入库:拍摄原片/相机(本地保留)
./frames/frame_000050.jpg	938599	ae3412cb96a0c60eddca89515ba6a7c1b54af0cefc6cef716ddd5c3dc4520416	未入库:拍摄原片/相机(本地保留)
./frames/frame_000051.jpg	673450	ac0c8135645f64bfd5aa62d8377c79daf13978b676e92e0e4830b6a23f05b303	未入库:拍摄原片/相机(本地保留)
./frames/frame_000052.jpg	610775	961b8d3e4f1389b94521f3ea1367d7e50e5302c4823f68686296c6e737a11cc6	未入库:拍摄原片/相机(本地保留)
./frames/frame_000053.jpg	720325	742d0235fdeef7b1ff8cc08889a5dbf53827f7d1277ec492b869522b5551bee6	未入库:拍摄原片/相机(本地保留)
./frames/frame_000054.jpg	1432877	26730b12920cfa14a5e7978c011661b54f0270fe9bc616af3ae1905aacddb22b	未入库:拍摄原片/相机(本地保留)
./frames/frame_000055.jpg	892352	ec116ce694edfff070334cdcd6cce818d365a1f7b1119eb42dfb96956a790dcd	未入库:拍摄原片/相机(本地保留)
./frames/frame_000056.jpg	871852	e8fb2052689944507eadc709e6e629625c07b0d5efc672a51e613940b374bb49	未入库:拍摄原片/相机(本地保留)
./frames/frame_000057.jpg	1319359	485fa03d0acea2631784714a47d46011f9dd8a57f387b0990ac6c9b2c85b78d0	未入库:拍摄原片/相机(本地保留)
./frames/frame_000058.jpg	1113244	06e2e61bc7339195e7f22483762ea6c7d7685ecb31509dbe774737b2723ad660	未入库:拍摄原片/相机(本地保留)
./frames/frame_000059.jpg	1169052	6abce3a99194a533d7f7f02c1292ccfbeb0ead688dcad02e316fadafd132fee1	未入库:拍摄原片/相机(本地保留)
./frames/frame_000060.jpg	1100458	13cf41705b501e67875cc02574e4d3641525aac0871908ce67569a5861769c7e	未入库:拍摄原片/相机(本地保留)
./frames/frame_000061.jpg	1060584	c98f8b864f537023726325637666a97fdbf036a49f98694b11b444af2a308d9e	未入库:拍摄原片/相机(本地保留)
./frames/frame_000062.jpg	1054907	0f821e1adeefa0b7dac17d8c976342dfb45afab857c0b2e4d7c769da5a7c9e37	未入库:拍摄原片/相机(本地保留)
./frames/frame_000063.jpg	901268	4eaae0cf669799e39fddb0d93f34d2724e4f50a9797f62078bb6917f74fdbd32	未入库:拍摄原片/相机(本地保留)
./frames/frame_000064.jpg	849876	434f466cc5743a8bf2113050a95d00e98e77f2e64e7a6ea0bb46910a172124d4	未入库:拍摄原片/相机(本地保留)
./frames/frame_000065.jpg	1041610	88573272ad77d2753567bb955e8aa0c268b7601da864570c30ac12f23c8bfd8f	未入库:拍摄原片/相机(本地保留)
./frames/frame_000066.jpg	894265	8f87596b7e3ed0b9407a2ca5a5344ac86fce62651315141760ebc8e6e449450b	未入库:拍摄原片/相机(本地保留)
./frames/frame_000067.jpg	899691	9411a455b413373581f8160223822ad4cd7d70102e5c32f0b3bc389205569f31	未入库:拍摄原片/相机(本地保留)
./frames/frame_000068.jpg	771044	4a44e667d718be41134d7c018c24dfcb68a7031b1ec1c27b62239ff1ec880b7e	未入库:拍摄原片/相机(本地保留)
./frames/frame_000069.jpg	906414	a3c84e80f9713fb260ca9deb0d5232a80a163ddd4c14b55a314d002685129ed0	未入库:拍摄原片/相机(本地保留)
./frames/frame_000070.jpg	1019115	25cdea5be84f80e1252e72f6c39e460f2a8e83d74a645afaf9edce5428aa10f3	未入库:拍摄原片/相机(本地保留)
./frames/frame_000071.jpg	1124067	f87f52c971b4fe02b5a4162b6af788158d591b645c490bcd925a80efac923878	未入库:拍摄原片/相机(本地保留)
./frames/frame_000072.jpg	1081743	8fa83909cc83d40800d21b3f84113679f39b890fe423c17610f584cf8ef0f6a2	未入库:拍摄原片/相机(本地保留)
./frames/frame_000073.jpg	1159649	d97d8b074c446c0f01cfb2884420b01b31c77764d8640b5fd6ba52cf88ec9cb1	未入库:拍摄原片/相机(本地保留)
./frames/frame_000074.jpg	1049134	75b0a86107ce149afd8db2f170c112b0a6c10b833330996332e3c09b1bff6634	未入库:拍摄原片/相机(本地保留)
./frames/frame_000075.jpg	1078359	a1c14b5c53a411d6968a4a4590899e3629aba8ce402142e0464726fecf5d6bb0	未入库:拍摄原片/相机(本地保留)
./frames/frame_000076.jpg	1252819	b1ee2f922857bf70dc361b9520f1b72353a81a200be9d80d8084a27b4ffc6a04	未入库:拍摄原片/相机(本地保留)
./frames/frame_000077.jpg	1100028	50a1796195d3c7256bb3f27ce0690dc0716b14b0c895c48c03b2312d668b54b5	未入库:拍摄原片/相机(本地保留)
./frames/frame_000078.jpg	1177080	b136ad5c30fd88e3ba4fd4876fec6e6cb0cbc31ba0645b5270eb5983af500d05	未入库:拍摄原片/相机(本地保留)
./frames/frame_000079.jpg	1095677	8586733fa04237756744ad62b2a04e0257e81ea908d2cdb5991e05f14993ba52	未入库:拍摄原片/相机(本地保留)
./frames/frame_000080.jpg	851608	da19f6ffabf3f3d7d8863e569fe51517bb6e86cb165b53ba2cd0db77ba5cdfc8	未入库:拍摄原片/相机(本地保留)
./frames/frame_000081.jpg	1120793	b664bf74a2e82209f62b2192ce1b56751bf9805d485a046a0e3c264a7fae35f3	未入库:拍摄原片/相机(本地保留)
./frames/frame_000082.jpg	819328	8dbe144c603019d71b8cc1df24cb8fbc358e261f5a703156711205804e2c517d	未入库:拍摄原片/相机(本地保留)
./frames/frame_000083.jpg	774867	78342f4f8011242da80a1912114dc334cad72292fe591c9711bf73147b3e7ff3	未入库:拍摄原片/相机(本地保留)
./frames/frame_000084.jpg	951046	c01ca7811cbe4e14979316ba66348a29df5575124b750522420590b5b84d0892	未入库:拍摄原片/相机(本地保留)
./frames/frame_000085.jpg	908041	cf920f10248e9463f8178985ed04dd43f785c9104c7db684c99d39133b4a127a	未入库:拍摄原片/相机(本地保留)
./frames/frame_000086.jpg	1005699	a6edb53987a35a5d11de5541de5676b1cb177f5caaa67b81e7530445678ce6a7	未入库:拍摄原片/相机(本地保留)
./frames/frame_000087.jpg	868440	a952c29c4e8fac5cb5d933bf85de43b5ed1c14b230762992bf8125b063179b51	未入库:拍摄原片/相机(本地保留)
./frames/frame_000088.jpg	808398	0e141ed15f5fa670cc076d43747e9c4a405d4deab6016d613c8ba459ba932ba5	未入库:拍摄原片/相机(本地保留)
./frames/frame_000089.jpg	1007091	eae5419ab08a7291b24296ad7dbf61d4776421d98ab21573b33bceca48c362a1	未入库:拍摄原片/相机(本地保留)
./frames/frame_000090.jpg	599291	208b0b0619c4e1fb93fd9cfc9a0630eb36f4da16aad2445d3177198db689db70	未入库:拍摄原片/相机(本地保留)
./frames/frame_000091.jpg	676740	d46ff05187f046fc4e48d87ef1c9be8882f88d6cf7df5f2f52d7d9dfb0ee2725	未入库:拍摄原片/相机(本地保留)
./frames/frame_000092.jpg	821649	6cd8708a5cf2da515607a277d7b9fd561b51f5778b4af7f8880a28a96d5eb610	未入库:拍摄原片/相机(本地保留)
./frames/frame_000093.jpg	1030192	0149918d67c0f87a50cd5577cb21e55d7dc9a8d4d074d68b0d12fdbfbc7185c6	未入库:拍摄原片/相机(本地保留)
./frames/frame_000094.jpg	1054173	bf985bdb2722ebae3fc02965ffa3e4222477e460f5d8fb846794b6edbb16777e	未入库:拍摄原片/相机(本地保留)
./frames/frame_000095.jpg	798476	c3a64c52211a3b40caa24cd09deb46048ae08f062c4c36b3226c00ce075a8f5e	未入库:拍摄原片/相机(本地保留)
./frames/frame_000096.jpg	1088513	2283a32a06011c9035a91004445422f8f8f21c8a8ecdf06a68e430ea0fa9e68c	未入库:拍摄原片/相机(本地保留)
./frames/frame_000097.jpg	1109087	0d1c703ba295496ab03269d956c90406e6a06379c0ebb4c9e40c0c1457c5cf13	未入库:拍摄原片/相机(本地保留)
./frames/frame_000098.jpg	1254854	31753020c483737a127ef383572548dfc1aefa8fd8a0b92154215d61a663f18f	未入库:拍摄原片/相机(本地保留)
./frames/frame_000099.jpg	729571	39c48b219611c25dd6c4aa4c4b546caafb765926546b31786cac6fc43e2e4c98	未入库:拍摄原片/相机(本地保留)
./frames/frame_000100.jpg	713710	6a4aacf68f898fc7c2242625a699ec995b0e918b7359885dcb29cf6020cb0d1f	未入库:拍摄原片/相机(本地保留)
./frames/frame_000101.jpg	1279220	336cdd095571c5f7dbf5d4da00ad6eac21ba0c30c5efb08975d413481879aec3	未入库:拍摄原片/相机(本地保留)
./frames/frame_000102.jpg	942072	dce601863a817c6e747e52ebdf7f88890892a05ea284739158c37f1592b1a1be	未入库:拍摄原片/相机(本地保留)
./frames/frame_000103.jpg	1176272	3d5c81e54d9b6ee7e313037a09c881f26920ac077d86c06056f2c4c964d9eee9	未入库:拍摄原片/相机(本地保留)
./frames/frame_000104.jpg	1089271	5e8bf9cb341c5ed7b7516ae9c928f843d7fa7979838728d72feea1b7fb56c458	未入库:拍摄原片/相机(本地保留)
./frames/frame_000105.jpg	1059071	953ea6c01890ffc5d263e9cdb3d3ef0de9869c40efd2f5d4d56575273af36ceb	未入库:拍摄原片/相机(本地保留)
./frames/frame_000106.jpg	973894	86d752f4bf734615770e1322301b89c30c042f5f007a3428cd6d52851d6d9803	未入库:拍摄原片/相机(本地保留)
./frames/frame_000107.jpg	803647	72090f5a22203b9c8074744edf03cf12ad5191bf7c5e740c005a15a1c06e25da	未入库:拍摄原片/相机(本地保留)
./frames/frame_000108.jpg	941446	685f50a0a2053753f10d2d6e7f2f1ac6772ea171df91e5b4e92f4cd68fde7230	未入库:拍摄原片/相机(本地保留)
./frames/frame_000109.jpg	962475	bd392a20ec42af935936c14992a2507727ce38edc8d85052c630d27b43dc22fb	未入库:拍摄原片/相机(本地保留)
./frames/frame_000110.jpg	801212	6c333471c157c38fcf228b8230ffcafee252c37348f5765b068ec8fce21923c7	未入库:拍摄原片/相机(本地保留)
./frames/frame_000111.jpg	716718	1c4cf5ee3fa8fc34992661b5f3e022dd60ff50372c007e9ce2c950b33d8f012b	未入库:拍摄原片/相机(本地保留)
./frames/frame_000112.jpg	706411	55568d171c76979f51b1fa94fc878d7eb01615069f5a9bb1778dc5e93ed66909	未入库:拍摄原片/相机(本地保留)
./frames/frame_000113.jpg	659625	866d95e7c743b5d72c8b905cef4bbdfb254980dbc430edf779440c0eb41932d6	未入库:拍摄原片/相机(本地保留)
./frames/frame_000114.jpg	463269	b111fb1a2ca148fdf6ef3a00c0c6ad99a1e0026c78e05acdf4597fee5a6f38dd	未入库:拍摄原片/相机(本地保留)
./frames/frame_000115.jpg	719817	208670317762ae99e93c126ffaf286e9d7c0506fa187beda43b2a0258c9edd2f	未入库:拍摄原片/相机(本地保留)
./frames/frame_000116.jpg	823514	bd078fb87ebe883c552afeebbc0682583f8e35312b3ace8c1a1156eb7d8b3ffd	未入库:拍摄原片/相机(本地保留)
./frames/frame_000117.jpg	785686	9391bb2f6d5a667c4f39b56037ab3a1e633b2834cec68ed5cef3e220c9abecea	未入库:拍摄原片/相机(本地保留)
./frames/frame_000118.jpg	848474	0933279de3993e1e0974c898818699894391ab107a5e6169f60c134fcc0e821b	未入库:拍摄原片/相机(本地保留)
./frames/frame_000119.jpg	684227	49f2587bc398aed503228710e8a45899661326aa452d5205130d2256470efabe	未入库:拍摄原片/相机(本地保留)
./frames/frame_000120.jpg	1053979	eb5acc0f96922e139ccc0a8d7d8c7370080bb4fdd41720a6e12d80cb11549284	未入库:拍摄原片/相机(本地保留)
./frames/frame_000121.jpg	1367321	eb117a74c1443950f0bc744ed80acd28e8fca8c96ff81e50cb89e0441028bdd6	未入库:拍摄原片/相机(本地保留)
./frames/frame_000122.jpg	899803	6d980df928490444737d7f1534e8b8e001278791b13e1d429229c9d589093aba	未入库:拍摄原片/相机(本地保留)
./frames/frame_000123.jpg	1075510	abd151cc302ac7f0070f0a8fe2e73cc91c0f9b02c32c8ffbd3f99bce813284f3	未入库:拍摄原片/相机(本地保留)
./frames/frame_000124.jpg	988267	0f5f6e1b74fc9daf87b61d253c540910e0c71fd69a3a7f15251cc5b03746b397	未入库:拍摄原片/相机(本地保留)
./frames/frame_000125.jpg	1006470	6bcb90acfa68e6f9a08aaa994eacd5cf20010609d1018b3fcc8734390d0db2ff	未入库:拍摄原片/相机(本地保留)
./frames/frame_000126.jpg	900213	9d389f12575132260e704255fd5f11448b33f4b366cc216f2b7cfb75731baa19	未入库:拍摄原片/相机(本地保留)
./frames/frame_000127.jpg	831785	dfc5e97b279cdca02ef8e8569c2dbebc3df02b6e2d4cba8c3567998d6c2a6855	未入库:拍摄原片/相机(本地保留)
./frames/frame_000128.jpg	949025	f3bdcf2920aeae7a7c4fe2ab89d2a9058c3f21e0db93c794211929cb47cf78b8	未入库:拍摄原片/相机(本地保留)
./frames/frame_000129.jpg	1103391	ab3c46861280b37492ecf4e4ff6367d6a6cd03e80b39ba764195b6b5474cfe58	未入库:拍摄原片/相机(本地保留)
./frames/frame_000130.jpg	999630	7c41de058773f4646e581a5aa4713ae1c77665b73b5be9717dd63e0b9506bce2	未入库:拍摄原片/相机(本地保留)
./frames/frame_000131.jpg	1201039	405c28e27ff6cc141877b7e32238c9c1d0611a48c182a476aaf557b3870d62e8	未入库:拍摄原片/相机(本地保留)
./frames/frame_000132.jpg	955370	5c4afad9387e430ede8c191e82b3d1066d850e8c7baedbc1a952813414e5749c	未入库:拍摄原片/相机(本地保留)
./in_P8k/sparse	软链	~/Documents/progecttwo/_host_experiments/pose_ablation_20260818/work_P8k/sparse/0	软链(无数据)
./in_P16k/sparse	软链	~/Documents/progecttwo/_host_experiments/pose_ablation_20260818/work_P16k/sparse/0	软链(无数据)
./out_official/depth_est/00000000.pfm	1769493	e04ac3abd1707108af01c339e6571d3a3822bbb6bdbe83fe5f25d282a61bc4aa	未入库:第二档,暂留本地待定
./out_official/depth_est/00000001.pfm	1769493	80a9c10c9531b213955db2dc447110290efce5e8374f62296c9855139365f149	未入库:第二档,暂留本地待定
./out_official/depth_est/00000002.pfm	1769493	c94e0900bf9708c06b207e9c95c80d29e100d829a7688c23e52af7982d2dd284	未入库:第二档,暂留本地待定
./out_official/depth_est/00000003.pfm	1769493	9e1ebe03162e9a20b542978152436566ee493683f2394d96a951ee1957fbbc71	未入库:第二档,暂留本地待定
./out_official/depth_est/00000004.pfm	1769493	62ee3eab749e41a1b6c3f337347784aac0f1064d4d8d0712d4b3c1158c84d116	未入库:第二档,暂留本地待定
./out_official/depth_est/00000005.pfm	1769493	ce093918d0f5155f0ce1cb16662ac5591c40099dcabae87f8400f314d4cf3b73	未入库:第二档,暂留本地待定
./out_official/depth_est/00000006.pfm	1769493	a2ba6cb38efa1bb5e3328cf4e64560217889d4ce820d08561655428b038588da	未入库:第二档,暂留本地待定
./out_official/depth_est/00000007.pfm	1769493	771ae389095dfa7eadd778240f439a1d7c1e1c21b7432c5312f86547e24769f0	未入库:第二档,暂留本地待定
./out_official/depth_est/00000008.pfm	1769493	2fd10462d4677027244ff72217ed0828ea8d9c1af5e923f324a185ee62e36e89	未入库:第二档,暂留本地待定
./out_official/depth_est/00000009.pfm	1769493	b34e23240dd7a87aa7578de9694f47b8182117a1c96a12940da941fe3719a63f	未入库:第二档,暂留本地待定
./out_official/depth_est/00000010.pfm	1769493	837f5a37b4051a10089b1ec92fa4271762bd6d95254ea17e31a661cbd35e427b	未入库:第二档,暂留本地待定
./out_official/depth_est/00000011.pfm	1769493	e352fd3dcd05fab708c303e933ef8315dfc17379945cde0e0955bf31b92668a7	未入库:第二档,暂留本地待定
./out_official/depth_est/00000012.pfm	1769493	137483a1d59ecd1319491680604cd4db6785967db472ae4e3389fbd58df3f1b7	未入库:第二档,暂留本地待定
./out_official/depth_est/00000013.pfm	1769493	bc258e6d14fc13545f01a0c69bce95ca604d5c0bb15d15737b5cbf0895069e57	未入库:第二档,暂留本地待定
./out_official/depth_est/00000014.pfm	1769493	af81d9c408d5474344e3f0c428a6fc4124d3ea9fd22e651a318573a70ed7b55d	未入库:第二档,暂留本地待定
./out_official/depth_est/00000015.pfm	1769493	a90d027d3a74f043e3126901d4d5e6a478f951091f70686c8aef7731ff39a0de	未入库:第二档,暂留本地待定
./out_official/depth_est/00000016.pfm	1769493	78c1bdae05e6dbeeb063cc36eaac061f732b00aa31a4d19142a72c2c81395c2b	未入库:第二档,暂留本地待定
./out_official/depth_est/00000017.pfm	1769493	8040296101d2de3dcc97e4f7775bfe17790b8e6bf4e33985288af89610727dd2	未入库:第二档,暂留本地待定
./out_official/depth_est/00000018.pfm	1769493	1e3781771ebc47b54c9a9a7d3d8615cc2f7860cb4cb59bdb4b7c2aa3e00f1579	未入库:第二档,暂留本地待定
./out_official/depth_est/00000019.pfm	1769493	8574b995eeafa730eacc6fe68b1380a6b9b89a82beba987e44ce20e4f2e521e2	未入库:第二档,暂留本地待定
./out_official/depth_est/00000020.pfm	1769493	7b39d25ccba31755d99d795613ce4fb55886c0c47ec416bc8a3b9635b34ac21d	未入库:第二档,暂留本地待定
./out_official/depth_est/00000021.pfm	1769493	8b6eae00ff9d4b5887749800949cc80a46254f0fb717c1add7320cedd08e020a	未入库:第二档,暂留本地待定
./out_official/depth_est/00000022.pfm	1769493	7a4a56d0ce019a93307e07d799846db2e568c608cd27b8c657114b271313a5be	未入库:第二档,暂留本地待定
./out_official/depth_est/00000023.pfm	1769493	387e20e15344fa255d66a9bac7a923e90117b79b68d30f304b1d08f85fc08c31	未入库:第二档,暂留本地待定
./out_official/depth_est/00000024.pfm	1769493	8ce84cf481ce78ffac2f4fe264597afbc0b85c103694816fa9370db0770cac98	未入库:第二档,暂留本地待定
./out_official/depth_est/00000025.pfm	1769493	81aaab23f0fa28fe3eca4ada9f779ed38919bc2c4ce42a54071b0b2c16157790	未入库:第二档,暂留本地待定
./out_official/depth_est/00000026.pfm	1769493	56f0776db5299ef8e3d01755e50408e95ef72338c1eeec2a7f569f8b4cfaaa5c	未入库:第二档,暂留本地待定
./out_official/depth_est/00000027.pfm	1769493	a69b29df8a9a01e6ea7fbab35c8ac34485699c1aba563e53a2267673cb95540f	未入库:第二档,暂留本地待定
./out_official/depth_est/00000028.pfm	1769493	8f065f1ff40dca5380855893f914217bd28962e59e20ca3e8b60309fc9347c1e	未入库:第二档,暂留本地待定
./out_official/depth_est/00000029.pfm	1769493	795d8318c0e4a7f8df7c37c37ada6ea2e5e54c84fa5522ded83c56452be958df	未入库:第二档,暂留本地待定
./out_official/depth_est/00000030.pfm	1769493	f66c490432fa253bc65c48f0b4ceee8953ab495d33db2e01d1992ea3a61b19de	未入库:第二档,暂留本地待定
./out_official/depth_est/00000031.pfm	1769493	63a449c476801359246cbeb09b3ad077173c93449bc8f36170f3e339f63524f2	未入库:第二档,暂留本地待定
./out_official/depth_est/00000032.pfm	1769493	fdae6440a0b43dec5c2cb2c984b3171b566f5506b90ee4a9ae20cacdb28d9fd4	未入库:第二档,暂留本地待定
./out_official/depth_est/00000033.pfm	1769493	6ea71feddce1f6e4dd84aa4f20b5235dc76ece2cbf3c61911fded464fa9184af	未入库:第二档,暂留本地待定
./out_official/depth_est/00000034.pfm	1769493	d3eddc93f5a7ad2574270f5d7679f892e1e4cff2f54b9e5d4f043b414fa26f41	未入库:第二档,暂留本地待定
./out_official/depth_est/00000035.pfm	1769493	a47dd90d957e64138b06505e52cca423a66f34f23fcb3a835e8365788fad2b3c	未入库:第二档,暂留本地待定
./out_official/depth_est/00000036.pfm	1769493	fbe32e7ac78eaf59c5bdce39a62c611f690965bcf53ebd743b98b2df65c5e062	未入库:第二档,暂留本地待定
./out_official/depth_est/00000037.pfm	1769493	eef94bc543c867c0f589bdc519567452f4d9dc2b007e2e12d3487b7f61b69d2d	未入库:第二档,暂留本地待定
./out_official/depth_est/00000038.pfm	1769493	9775b0ec90f31fab297a7ef35420d7903fc1987830342578f1d77539086b58d1	未入库:第二档,暂留本地待定
./out_official/depth_est/00000039.pfm	1769493	24baf4f8019abc7f0a4cc677b6c51fbcdc3df55866f8eef873fdbd57840c0d43	未入库:第二档,暂留本地待定
./out_official/depth_est/00000040.pfm	1769493	b1033e015a94c18a9996d4ea80edab2d8f2e48735eefdb7065f68c340e0d033b	未入库:第二档,暂留本地待定
./out_official/depth_est/00000041.pfm	1769493	bc86b0e3311e839ea92b66a4b1c99446b2e5a1ee8b4ca1224726b3a0f83390ea	未入库:第二档,暂留本地待定
./out_official/depth_est/00000042.pfm	1769493	5365926f2308a320f05458c9e5b302dc83e475d3d7e1f095eca4e3ed2d3f2f1e	未入库:第二档,暂留本地待定
./out_official/depth_est/00000043.pfm	1769493	8cc44e8f3c6d680d0b8d860acedd51736e2e446808a67d90717fd50029b4aba6	未入库:第二档,暂留本地待定
./out_official/depth_est/00000044.pfm	1769493	de2bf87dfd402398b27933415940e14545c25793dfd5a8b9297971b9a343e52c	未入库:第二档,暂留本地待定
./out_official/depth_est/00000045.pfm	1769493	b6b3b1c82fd08d735d2694bbd40725096574e748128800ca7317d6bfa7ee8bd6	未入库:第二档,暂留本地待定
./out_official/depth_est/00000046.pfm	1769493	1e29b073442ddc9eb0f3d0f6009c81b7163471fb9a13e27d2aadf11250eb3818	未入库:第二档,暂留本地待定
./out_official/depth_est/00000047.pfm	1769493	08f14754fcd2731eeda2a920a3ae39c0246d8fbe32070b35ede92780c8a50df2	未入库:第二档,暂留本地待定
./out_official/depth_est/00000048.pfm	1769493	7dc32301791853cf73ef026fe3e15eed8dd7dbe05a46c8c2fe165bc371cee6dc	未入库:第二档,暂留本地待定
./out_official/depth_est/00000049.pfm	1769493	367e67e7767fb5ed730e4c9f0ab11dfd57fb79ed663dfd9271b110e1e2416f47	未入库:第二档,暂留本地待定
./out_official/depth_est/00000050.pfm	1769493	5ba41513b26d74d173b3adfce39da25fc6434aea5b820e5dc49261835611b49f	未入库:第二档,暂留本地待定
./out_official/depth_est/00000051.pfm	1769493	e6b29cd2ee649975a67ef599b05cb87e681a2ce9223cc45287c4e388565c63ed	未入库:第二档,暂留本地待定
./out_official/depth_est/00000052.pfm	1769493	ac523201432076feff56995847e3d75fc8f7901b2ccfe0408d2831824b73bfcf	未入库:第二档,暂留本地待定
./out_official/depth_est/00000053.pfm	1769493	65f64bdddd3e7c2dc95006b058ee567308b7408fa02db5bb3c4cec85f5d1af26	未入库:第二档,暂留本地待定
./out_official/depth_est/00000054.pfm	1769493	83784640de9bc9382e1856a9091322807a88819e52733e28dee466c762a0cf5e	未入库:第二档,暂留本地待定
./out_official/depth_est/00000055.pfm	1769493	2a94bf62d9fd283b52a1b35a30b3197ea5606fa526597c9cf0d07355b44c6580	未入库:第二档,暂留本地待定
./out_official/depth_est/00000056.pfm	1769493	19d7ab313548458593a19210665d4cd797c89bccdbe85088f13dce6b0b31dd63	未入库:第二档,暂留本地待定
./out_official/depth_est/00000057.pfm	1769493	8407f282912b255c4a6474ad61e105ae89fd9c117a79c3eee764b55b2fecad56	未入库:第二档,暂留本地待定
./out_official/depth_est/00000058.pfm	1769493	f63ab483014cb6f8457f0303fc2452c46b5be766d89097991e37a334fb88daaf	未入库:第二档,暂留本地待定
./out_official/depth_est/00000059.pfm	1769493	e6c3310f94b625c80343fef892932438640bddc446e5f46a045968bc2a2fc1b1	未入库:第二档,暂留本地待定
./out_official/depth_est/00000060.pfm	1769493	8d61a30b50e9ab18bd559b811217fb549e942052937241963b14e81faf53f03c	未入库:第二档,暂留本地待定
./out_official/depth_est/00000061.pfm	1769493	6d6005ef0610b6bd2f1dc10d5c3682b992694a8b1cdb5cd7bed85a12cdf2bf46	未入库:第二档,暂留本地待定
./out_official/depth_est/00000062.pfm	1769493	5a9ba4133d6bf40d4e5d856bc2237897340a598a0c3f04498f74d8241a6f0064	未入库:第二档,暂留本地待定
./out_official/depth_est/00000063.pfm	1769493	9c9b30cecb65547b924f127de79e5ef57907624b99ac2732230d99ab4c7a95aa	未入库:第二档,暂留本地待定
./out_official/depth_est/00000064.pfm	1769493	0395744492de1dc68edb48bfe018e5be32b80c5d5529e7cf991ce885ef179372	未入库:第二档,暂留本地待定
./out_official/depth_est/00000065.pfm	1769493	6cbd97deaebf2dd69f0464b00189f117b63374852f8eab61bc7cb1150f215c8d	未入库:第二档,暂留本地待定
./out_official/depth_est/00000066.pfm	1769493	502fa30d1b83e27a640d99e76928330ee7cbce4222a4645e5977c9608069d05a	未入库:第二档,暂留本地待定
./out_official/depth_est/00000067.pfm	1769493	e08eb93636b2f8cba0c8e0b2cd6372005f719422118935241813b12c6e125be6	未入库:第二档,暂留本地待定
./out_official/depth_est/00000068.pfm	1769493	2a4a28c3beaa40e6bf75847a1511d8de711f4c40c98e8d1c1228d5548ac9d1b6	未入库:第二档,暂留本地待定
./out_official/depth_est/00000069.pfm	1769493	22f4f96ffe26fb9697bcec044c7a2851f4af60b21efb0808ba7898c0a8286d38	未入库:第二档,暂留本地待定
./out_official/depth_est/00000070.pfm	1769493	8f1f6be466d0881200ca76a6a7857118e10ec5c3a9624461cc6c4a6827a92579	未入库:第二档,暂留本地待定
./out_official/depth_est/00000071.pfm	1769493	cb20b55371fa35299b726dcfb26d60e44ff9f730f3137be99434e949c3ad316e	未入库:第二档,暂留本地待定
./out_official/depth_est/00000072.pfm	1769493	78af037f7402fdfa75a6e4f460b4dd6da315b16b9727d291261bb517b372f5ba	未入库:第二档,暂留本地待定
./out_official/depth_est/00000073.pfm	1769493	048dea73497fb930e8233d228c2be92665125e6bacefbe18b4b6239b9cde32d1	未入库:第二档,暂留本地待定
./out_official/depth_est/00000074.pfm	1769493	725e0d0752916ccdb8f269f005803c40fe2029b872d96269ba7e28683531dd27	未入库:第二档,暂留本地待定
./out_official/depth_est/00000075.pfm	1769493	88301ba3443948994daeccd88392b0f112c37832070e8566e5f77edf78f00353	未入库:第二档,暂留本地待定
./out_official/depth_est/00000076.pfm	1769493	38e03a7eb5ef9c59372bb252240b7c44811cdcc4af0a68f9e4f3b8cdbfb4df4c	未入库:第二档,暂留本地待定
./out_official/depth_est/00000077.pfm	1769493	f6b4c5c9a43270816dd01f8b00e5c7611e890d5571a654bacac4d1bdcafabf35	未入库:第二档,暂留本地待定
./out_official/depth_est/00000078.pfm	1769493	f324cdfab43911dcd5bddcc970569c34611a09a143d20059d004d8bcaeb410f9	未入库:第二档,暂留本地待定
./out_official/depth_est/00000079.pfm	1769493	c91a17b56defdeb83f116c80171cbc559e0aaf0ea35d9cdb8440e02470aa0f05	未入库:第二档,暂留本地待定
./out_official/depth_est/00000080.pfm	1769493	15708db85641cd9ebabf1497d1aa053e267816370975ea534dc8c63bf4c2a7d8	未入库:第二档,暂留本地待定
./out_official/depth_est/00000081.pfm	1769493	4e3e58f254dac916a2849d0b5800d51fc2ca06ba9f8fad4f2f569c21e2e47a01	未入库:第二档,暂留本地待定
./out_official/depth_est/00000082.pfm	1769493	867456fbf8ae3ddc40c12b318b4dbdffd40dfd8fd9c94958d82c2c64dfcea114	未入库:第二档,暂留本地待定
./out_official/depth_est/00000083.pfm	1769493	7b09c8d9d8d4bd2285f61103d645ac039b904bde8b31d88e1a19cc5a79d098f9	未入库:第二档,暂留本地待定
./out_official/depth_est/00000084.pfm	1769493	97b86b8e07a6859628186dc85c03c88b7b50436931fe55bae03221dbfaa7b0f0	未入库:第二档,暂留本地待定
./out_official/depth_est/00000085.pfm	1769493	0675ed410cf889a16741ca4f8788c434d989b6dc5a2d793519a6253c6d044d43	未入库:第二档,暂留本地待定
./out_official/depth_est/00000086.pfm	1769493	c5b0bc691fa008380a61f0b21cf54bcce9d14ec3558fb82b5dae030629e6c9e8	未入库:第二档,暂留本地待定
./out_official/depth_est/00000087.pfm	1769493	3b8ddb14675735568303a12ec7bb090133403b1651c31fd8b2b82a3c9986124e	未入库:第二档,暂留本地待定
./out_official/depth_est/00000088.pfm	1769493	29eb29e920679fe3dc4c269b7b75c1bae161ac69c5348244e0211badb12822d1	未入库:第二档,暂留本地待定
./out_official/depth_est/00000089.pfm	1769493	8d0a972da68d822c1d78352744050a677b764ee5ebc2a326eb5fc4bd049fbbf1	未入库:第二档,暂留本地待定
./out_official/depth_est/00000090.pfm	1769493	e47fefba18d564ea35ed966020ff61157e67a6051f07043333d55c567d3618c0	未入库:第二档,暂留本地待定
./out_official/depth_est/00000091.pfm	1769493	e319bcc07991fea0a304bd65fb4647bef7c8c52cb6dd07f64bb9c07fcb7808de	未入库:第二档,暂留本地待定
./out_official/depth_est/00000092.pfm	1769493	ce7b2f1cff07d5ce7f72d1763cca32063d865fc52de519137efc4d7925dfc10c	未入库:第二档,暂留本地待定
./out_official/depth_est/00000093.pfm	1769493	38ca6cbb6a87d1fb9eddd44bfd00973392c540850f4f7abdaaf6652965143307	未入库:第二档,暂留本地待定
./out_official/depth_est/00000094.pfm	1769493	20bbf9d9e1ce6123aa9708dc7f54ed76280a259c79b5351cc4e0982b0c3d8c17	未入库:第二档,暂留本地待定
./out_official/depth_est/00000095.pfm	1769493	7dcc54158aac14ad494ace34cf88b273060de47650183239e1d1da8881711b61	未入库:第二档,暂留本地待定
./out_official/depth_est/00000096.pfm	1769493	9d4a5c29780fccd4bb04927f5ab98127e91b2bbd3375ea2314d12ebccd845a4c	未入库:第二档,暂留本地待定
./out_official/depth_est/00000097.pfm	1769493	e14d61021ad53a48f9decb9e413093a9b956b6c88ce972781123dab8abf63e76	未入库:第二档,暂留本地待定
./out_official/depth_est/00000098.pfm	1769493	a9980ea7563d7a303cd810be9f72a941f4168120b717e0a721dbbdfc77fe83c0	未入库:第二档,暂留本地待定
./out_official/depth_est/00000099.pfm	1769493	e7b0934e125d4a2c06fe88d8a8c5543f7dac21eb050be8a9760bfc82e9d5d28b	未入库:第二档,暂留本地待定
./out_official/depth_est/00000100.pfm	1769493	6af5dacb88b7a968b6a028afa38a873a95bcc3da9ed45d95a43f0adaf3b1659a	未入库:第二档,暂留本地待定
./out_official/depth_est/00000101.pfm	1769493	88d327f5cc6e078b2e641fb8a5db9633fbd71517d7c0e6ec8c81eaaa7f035c32	未入库:第二档,暂留本地待定
./out_official/depth_est/00000102.pfm	1769493	4c68fad0b2e01eafc20e22d32d9e14ac8b5dd88c779000594b59218fda28aaf0	未入库:第二档,暂留本地待定
./out_official/depth_est/00000103.pfm	1769493	50242766d254310a23b9c6afa2c4e516b8284e3b8e7ecd33a8baa5c074847615	未入库:第二档,暂留本地待定
./out_official/depth_est/00000104.pfm	1769493	192603e8a5624a65ffa91259aa9cb6229c270ba4e26e573015c6a4e086a62454	未入库:第二档,暂留本地待定
./out_official/depth_est/00000105.pfm	1769493	347c55ebba3c8c624c76e4a50918b56e48544625766bdaae01a35f49f25ddbef	未入库:第二档,暂留本地待定
./out_official/depth_est/00000106.pfm	1769493	325736ee4b756956cc796e9f68caee9ba122285c3fda40c1d49296a5f6401d7d	未入库:第二档,暂留本地待定
./out_official/depth_est/00000107.pfm	1769493	bbf773cb53672d26d7014d005e9415960f79d010cae55dd50e6baf92469c9f65	未入库:第二档,暂留本地待定
./out_official/depth_est/00000108.pfm	1769493	43f289316357a3591dc77ec7d0ff71a554b898df0e6dd601b401537314965df5	未入库:第二档,暂留本地待定
./out_official/depth_est/00000109.pfm	1769493	5f63463db24cf12e7a2b250ec68aed1acdb7af0fde986b80212cfb97d3487f91	未入库:第二档,暂留本地待定
./out_official/depth_est/00000110.pfm	1769493	62eaf131d7a5268d0c0f31f502c7929c744813767147423c13d7663f23f30b68	未入库:第二档,暂留本地待定
./out_official/depth_est/00000111.pfm	1769493	8e9b6145c17ee4ff9fcb509d7ecb5ba5ec4a29d5ff2638ebdd0e62f5762ca139	未入库:第二档,暂留本地待定
./out_official/depth_est/00000112.pfm	1769493	324d59e6723c17e25a0cdfb20aa8f1d5c9cc205490b3d87a9dc27038b97d39f6	未入库:第二档,暂留本地待定
./out_official/depth_est/00000113.pfm	1769493	93091f1e50e5f5cd1f40b38e68def7740c3ab7a3c8501c338c079e56d7bbfa4a	未入库:第二档,暂留本地待定
./out_official/depth_est/00000114.pfm	1769493	6ddaac41a6d529fe7028ef87f82485dc04c638649ccf14b77d90dcc4040dba57	未入库:第二档,暂留本地待定
./out_official/depth_est/00000115.pfm	1769493	d2da23854a55a8010c6fed8ca8d44fa205690be29de8689d63bf8693a092d16c	未入库:第二档,暂留本地待定
./out_official/depth_est/00000116.pfm	1769493	f38ae6fd1dd7a1dfa38979beed3a04a541efffc993b02c8caf22c17ea860091f	未入库:第二档,暂留本地待定
./out_official/depth_est/00000117.pfm	1769493	0ea9e95124ad78936514a45c48d73b578a7064e2c6636105ec862a82b420d921	未入库:第二档,暂留本地待定
./out_official/depth_est/00000118.pfm	1769493	1066a5d4279260e37e5dafe5bd279671ac8a6972b6354050c808fce80c77930c	未入库:第二档,暂留本地待定
./out_official/depth_est/00000119.pfm	1769493	1e6e5dca017599ee525c6fc7deed71a7d444079d7743650729667c74f70d1c08	未入库:第二档,暂留本地待定
./out_official/depth_est/00000120.pfm	1769493	628b9dcac6c4b7632c9341c5bb510196974bccc4136d55e675f7f970655dcb4e	未入库:第二档,暂留本地待定
./out_official/depth_est/00000121.pfm	1769493	4c42e91fb1efb5f47a278ca9f16cef92a76f6c220ec07c5d3a8b64939b2a9622	未入库:第二档,暂留本地待定
./out_official/depth_est/00000122.pfm	1769493	b18b176418fe7d748a63dbbf18d4a10406f44c7ca27fbe267a9e1cf989aa1ab2	未入库:第二档,暂留本地待定
./out_official/depth_est/00000123.pfm	1769493	fdf6e72ec5af9a57e48abf503be94e40a8e0ee58a87cef2fb9aec2a7a754b544	未入库:第二档,暂留本地待定
./out_official/depth_est/00000124.pfm	1769493	86ce45ab3bbf128fc288d35e6fadb696556b615a6709a531af82d7fcf940d174	未入库:第二档,暂留本地待定
./out_official/depth_est/00000125.pfm	1769493	3126d19117ef3bcf1a2bd77886b8b78b07fec00b6e95a0d27b3a321d8b55273a	未入库:第二档,暂留本地待定
./out_official/depth_est/00000126.pfm	1769493	3d6b735232b6479d12ab5499bce6d6c6a25a50e2ab1444e4e8d21ca9bd52fd3b	未入库:第二档,暂留本地待定
./out_official/depth_est/00000127.pfm	1769493	58d31f0f85b7aa91ecea642eaf751a440c7314caa247fe1f19762145bab9a9a3	未入库:第二档,暂留本地待定
./out_official/depth_est/00000128.pfm	1769493	80f004b90c1ef9090e87458b2f3f52039dbd20b7da237f6affb331f88421a4de	未入库:第二档,暂留本地待定
./out_official/depth_est/00000129.pfm	1769493	394f537e53e5160ce8cc7814dba0a7aba5c45bb66d55fcdb6db8877f00d5b5c1	未入库:第二档,暂留本地待定
./out_official/depth_est/00000130.pfm	1769493	f8b87c91f17f3053e6f94b4c22d9b05054347fa147592b954890c7ffe021ad0f	未入库:第二档,暂留本地待定
./out_official/depth_est/00000131.pfm	1769493	d53568b5e2e8b6c74f75dc78660138baaf74931c1400b3f803f1ac0fca742ef4	未入库:第二档,暂留本地待定
./out_official/images/00000000.jpg	200235	f63cef79ff6ea40134e2cfaa1be2262194620b9440735bab313ac7903e241017	未入库:第二档,暂留本地待定
./out_official/images/00000001.jpg	186298	959e9c5fddd8b6332266619daccbb918984c3053ad8b035c26bc89f401e46344	未入库:第二档,暂留本地待定
./out_official/images/00000002.jpg	182447	51f7dcdddf95fd3803e0262acdf8c1c8c733b816632761e137025373292f79ea	未入库:第二档,暂留本地待定
./out_official/images/00000003.jpg	198831	92e53ae220bd5459d244d87562349fa64d705ed113f3fb6f1ff0e0a70d3c4ef0	未入库:第二档,暂留本地待定
./out_official/images/00000004.jpg	212047	c3050c3009128f6ebd949d9cb87c26c145e215a3bf1cd7840f3c59d0953ffe43	未入库:第二档,暂留本地待定
./out_official/images/00000005.jpg	174462	e58bacbf60c39a4f68de3c34fa3189836dfdfaa36cbd93da3e4bd1e777024f7d	未入库:第二档,暂留本地待定
./out_official/images/00000006.jpg	197147	c15ebd24ee2111ff8e8832163c8e9736c8f779a1dd31fcbb1ccf44e6094eaafa	未入库:第二档,暂留本地待定
./out_official/images/00000007.jpg	187459	bedba832c276eb51e8be55665c3b5671b82879d166af00355ffe47634e716a90	未入库:第二档,暂留本地待定
./out_official/images/00000008.jpg	172297	70812b3810548adfe42ab9bbd53a3f3a6e789db049b811d92569589ecde5f8d4	未入库:第二档,暂留本地待定
./out_official/images/00000009.jpg	200038	a75713b95170f7628e57fc334b0912f9ba5c8f4b1f4fc34221bea67db85ec72a	未入库:第二档,暂留本地待定
./out_official/images/00000010.jpg	191554	a49e9c18cee4a608a39d19c505797eaebb96e961d7bad81f36853bc38c7c4b16	未入库:第二档,暂留本地待定
./out_official/images/00000011.jpg	193173	01cc86867cfb77869d2503dc6ebf3913488713516317ecea68a2ee7a8ee8630c	未入库:第二档,暂留本地待定
./out_official/images/00000012.jpg	179563	416b248675eb1453a79463a020158311046c78544df0abb0fb7181e6db87dc76	未入库:第二档,暂留本地待定
./out_official/images/00000013.jpg	168291	666c9092a0c9adf839a88f4e1947474f39a0bf4e30012d1a21a077d660d55f01	未入库:第二档,暂留本地待定
./out_official/images/00000014.jpg	175836	2b37a2f484690e5b930e4085c047ec90c51970b72525aeb74a301c917d66b2d6	未入库:第二档,暂留本地待定
./out_official/images/00000015.jpg	187938	7c797351c1e652a9ac8574ce8084ca4abfa271e247ec109e98ed5fea90135b39	未入库:第二档,暂留本地待定
./out_official/images/00000016.jpg	193927	fb85057a92faf8c3d4ebc3947229229e66a35a825f36610a75000a63216aa230	未入库:第二档,暂留本地待定
./out_official/images/00000017.jpg	184676	ac5b1bba909f76203231e868fd3aeb81c4c195fb2a4707ab7edc3069a11440f9	未入库:第二档,暂留本地待定
./out_official/images/00000018.jpg	163018	e72bb7ee3bf6bbc366fd8965e2831be8661f74e19ba97037e488622f219caa7d	未入库:第二档,暂留本地待定
./out_official/images/00000019.jpg	178455	f76b43f158bf5a5a287afe1801772711bf2cc6729c8fe675a2f6ff5072cf49c5	未入库:第二档,暂留本地待定
./out_official/images/00000020.jpg	196380	a4964a49ceb8f613f1b8a3f9b6a382c56302f57e03d3414286bdbd488b986558	未入库:第二档,暂留本地待定
./out_official/images/00000021.jpg	182350	9d03826aca9af66aa4032eda86c19a2c25e246dba975e45f0920e428d2b1adb8	未入库:第二档,暂留本地待定
./out_official/images/00000022.jpg	184700	4abdca30abaff6d048f6291fa560ee70c12b4c1ff58cb3e245803b742cee8386	未入库:第二档,暂留本地待定
./out_official/images/00000023.jpg	187123	4501102cf10b64a3d9bb4d02ff9230bef7d4402d8e9315a73630dd1e92da7f8f	未入库:第二档,暂留本地待定
./out_official/images/00000024.jpg	175969	5c4f22783584ea6e72dfca0d3d27a2c38d9104640c7557663d174afce033aba4	未入库:第二档,暂留本地待定
./out_official/images/00000025.jpg	177341	315f0049f11b9c67c98fc870d08990f18670c2e329e436c3986715c64d29e887	未入库:第二档,暂留本地待定
./out_official/images/00000026.jpg	160082	7e95449eabf47f5990009bec18940e2d9da300b3bc9e76813307ed4a91fd250b	未入库:第二档,暂留本地待定
./out_official/images/00000027.jpg	175295	7f803798bcc92658f9b54787a12691be6e7429bae29cc0897d67c7b760454410	未入库:第二档,暂留本地待定
./out_official/images/00000028.jpg	177361	58ce42e17abd5e20217a94f771fd1ca99179f21f7b374785b4c2888070bfe764	未入库:第二档,暂留本地待定
./out_official/images/00000029.jpg	173545	4efc29026d3862f34791130abc5da5330090f29a921ce425cfa4d7693140f142	未入库:第二档,暂留本地待定
./out_official/images/00000030.jpg	189750	92b231f5eed9322c2cb4032ead22c72ba3c9f53a00eb4b8133deff937d4eb87c	未入库:第二档,暂留本地待定
./out_official/images/00000031.jpg	182470	1b51b4a73a8ff40e6b4a89f6f041ef12409647afc701276f999baac5a9e09359	未入库:第二档,暂留本地待定
./out_official/images/00000032.jpg	158808	b8c53d602a1cd8de1beedb5c12845ddb786446e2a13984796322a5c604c99727	未入库:第二档,暂留本地待定
./out_official/images/00000033.jpg	179746	fdd69073a34cedd13853d00dd73f626d43bb08c17af689f94b9823a9e5a43404	未入库:第二档,暂留本地待定
./out_official/images/00000034.jpg	176429	fb77183e9f60f302443cf10461ecb152cfa538933ffcf597cc1be43ad95104db	未入库:第二档,暂留本地待定
./out_official/images/00000035.jpg	190414	30cac63154ebda3a630fe3f84849a62018196960ba6e85ec3f0885bffbd3ecc9	未入库:第二档,暂留本地待定
./out_official/images/00000036.jpg	179629	c7c5b1cf9693e1f0c62e6b063b688db18f5868fed52a72cebbeac96ea1dbf1b0	未入库:第二档,暂留本地待定
./out_official/images/00000037.jpg	158396	94fc14cf03019a3d3134eee4ce3ed8ea190c7e88e87dcddd61dec3114d93a4ed	未入库:第二档,暂留本地待定
./out_official/images/00000038.jpg	173051	c6fdf873e57c91a9c08ffd87596d34105c61d46d0d70fdc696d106e75ca02ab9	未入库:第二档,暂留本地待定
./out_official/images/00000039.jpg	159444	7b5295ff5ce01a5e698d142faf2528b824f9ea38bc3cee0e4698e3b91252c158	未入库:第二档,暂留本地待定
./out_official/images/00000040.jpg	178376	1ea13ce6b00ad4f374f7add24a4844b5e269e5b469817b35f37fa417ff00f106	未入库:第二档,暂留本地待定
./out_official/images/00000041.jpg	183755	ba37bd0f0706ff4f5d14b2b00d959215e947253bb01f2abf6b37e6f14d606c04	未入库:第二档,暂留本地待定
./out_official/images/00000042.jpg	172330	2fd762c1d3236c892bd002d6bb47c6126f2819b66e0fe60b063b89a2f720d9ad	未入库:第二档,暂留本地待定
./out_official/images/00000043.jpg	127143	14905deab325c32378e9d02fb9d824be2e0119e06205e5f67acc39d9973847ad	未入库:第二档,暂留本地待定
./out_official/images/00000044.jpg	177385	aabc0e1289e536ad056b918a9c1dd87c74b9957b30b4b471e122a20b82a9b9f4	未入库:第二档,暂留本地待定
./out_official/images/00000045.jpg	174180	05e51d5105f3c0ca377e0a5d26e04e378560e38a1fdf53c0d7b6b500c87b6d29	未入库:第二档,暂留本地待定
./out_official/images/00000046.jpg	169563	a100492298a9386a134dfa874aeef57a54c1113c919546cacab9169f753602b2	未入库:第二档,暂留本地待定
./out_official/images/00000047.jpg	152415	ab5fe33b37744e80bcdcb5a318a1e031793d2ef2be4697e248d2dd966db9f879	未入库:第二档,暂留本地待定
./out_official/images/00000048.jpg	171724	da3ca2595974e3b5d9ace5f51092deb6fe046339345064a68aa59bf002de45d0	未入库:第二档,暂留本地待定
./out_official/images/00000049.jpg	162756	9510d46ddf0b08306be692a77e361bd15f963b4e034a49aff74208191d8f7171	未入库:第二档,暂留本地待定
./out_official/images/00000050.jpg	159500	06f805f869b68456d2505b3f06756078fb8f315a30f6e26eb3a9f34e49bfe483	未入库:第二档,暂留本地待定
./out_official/images/00000051.jpg	173551	c8301178cea993fb1ccbee4d3495fc40419ceeee392d9bd92c6be853e4832df6	未入库:第二档,暂留本地待定
./out_official/images/00000052.jpg	155006	68d1b42987745037f52f5cbb9ae808f3887dfd0885af4e2cabedb64de82f7d32	未入库:第二档,暂留本地待定
./out_official/images/00000053.jpg	185431	6b4ebf02283508412e98490d0180464437ef185f8c46a04eb94863f05b62da20	未入库:第二档,暂留本地待定
./out_official/images/00000054.jpg	177092	15ad4ad634284a5464048e5abcb1fe69ba6d652e20cb3165c5dc42109d94ff81	未入库:第二档,暂留本地待定
./out_official/images/00000055.jpg	176578	6c8fcdae13a30fa30b0c16dad5cb51d3526f7536b6d2534f965fad916817cb30	未入库:第二档,暂留本地待定
./out_official/images/00000056.jpg	161639	920d9d0bca6dd2569ec69e9d531dd644782ac94a966f89915ef6f956e9cdf8ac	未入库:第二档,暂留本地待定
./out_official/images/00000057.jpg	155801	57ebd0a64320a756a105c492dac894416380c9c42dfa85c4852bb4a9560c4713	未入库:第二档,暂留本地待定
./out_official/images/00000058.jpg	150243	7adba0ba13d207b73900a502590db4f9992202d9effc615061bc9be9c3323a0a	未入库:第二档,暂留本地待定
./out_official/images/00000059.jpg	169240	c793948128e61181994f606b2dc017190500f4a5c969b236fe214710f1efa27a	未入库:第二档,暂留本地待定
./out_official/images/00000060.jpg	145739	8915601530f603aa84f926c5eb6332a8407057ba24e6335b5f5dc92974a29158	未入库:第二档,暂留本地待定
./out_official/images/00000061.jpg	169616	6549f612f9c4e206cf5d6a9d17e55f97559d7e7f173f50966bcb3de83ddce8c0	未入库:第二档,暂留本地待定
./out_official/images/00000062.jpg	153669	07fdf4c97a7cddeba1bafb81edf0177873058c888cba6b041d8f6bd6b361820b	未入库:第二档,暂留本地待定
./out_official/images/00000063.jpg	177541	c1affa4572f1d1ed345c8994b1003bd40417bcafd47c252ebf8635f65ab56146	未入库:第二档,暂留本地待定
./out_official/images/00000064.jpg	166035	0f58123fbaecf1fe7f5183bbba16fb579000d5d980fc9f44d523ce8042a47484	未入库:第二档,暂留本地待定
./out_official/images/00000065.jpg	147494	d0f4b5a9c839cd733a0d38e171229fd7135a60b820c48aa1c9decf35d7a713a7	未入库:第二档,暂留本地待定
./out_official/images/00000066.jpg	173377	ca05ad262832f914e03057ab0258e8ea7d61fdcb71a1581f8e4be5c7555ba63d	未入库:第二档,暂留本地待定
./out_official/images/00000067.jpg	139166	c5178593d9fec75cac78e2b3a6a7f72110dab2a557f04c94ed3f1d3cb70a1a2a	未入库:第二档,暂留本地待定
./out_official/images/00000068.jpg	152641	de7a0a6cd1a02fa4cb72b0873b75a4991f525ce80c2d1b432947cc2a8ed44e7d	未入库:第二档,暂留本地待定
./out_official/images/00000069.jpg	161973	a57c39c7ffbc5d93d2b9f5c7affa96448567e1ef6f4316e125e1cbcbe0792cf5	未入库:第二档,暂留本地待定
./out_official/images/00000070.jpg	134990	16741625f2d4388818a40e63fa65dbb16ff4387002fe4c3011a8e7d5bf68b622	未入库:第二档,暂留本地待定
./out_official/images/00000071.jpg	162033	251b4f5ebef8065d2fbfde362be26b8864bfb7d3a2f49751f7993cf2de383809	未入库:第二档,暂留本地待定
./out_official/images/00000072.jpg	145798	6a402c7a963aec91bc601dd6938c3b7a003abb20a35fcdc8d8ecd701100b1f1d	未入库:第二档,暂留本地待定
./out_official/images/00000073.jpg	169018	e57a43dc9f06d6e6d236673e00157112ea8809024603ecd38d5d0b781e030d7c	未入库:第二档,暂留本地待定
./out_official/images/00000074.jpg	169714	25081974819f2c4ee54aa61bab0bcb0a566a8a3d0c96c05e2cd3688150cd0832	未入库:第二档,暂留本地待定
./out_official/images/00000075.jpg	164832	f0ebdda3cba91e8846844cca0ba2923607c2b288625cf9031bc67848684b0e35	未入库:第二档,暂留本地待定
./out_official/images/00000076.jpg	125525	9cee2eb4792514495e32255a4ce463c2cf42ea6f39fe1d8de671f2175968c89c	未入库:第二档,暂留本地待定
./out_official/images/00000077.jpg	173028	ee3c045269faf801c9211a03ebe4ff37fc0405378694a18397360446bafaafe7	未入库:第二档,暂留本地待定
./out_official/images/00000078.jpg	168096	aed74dc959cf1327c91617511f55a5e4a61e93d4932fce7d336a5c38eafc3563	未入库:第二档,暂留本地待定
./out_official/images/00000079.jpg	168935	95fa3c013c696972d811883c6a2d326b3e09b927aecad98b672b35e3ea5dc4d2	未入库:第二档,暂留本地待定
./out_official/images/00000080.jpg	184282	f7f0e1fc7b55e5d75d6c97e22e679abe5acb99ac2e91b95d369bcc1dd1afca8a	未入库:第二档,暂留本地待定
./out_official/images/00000081.jpg	181383	f37649e47082a434e5f8eb23cadc7fc7dfc0f5ede6af5f82ca3e1d4bbb4e7d57	未入库:第二档,暂留本地待定
./out_official/images/00000082.jpg	171495	7b1cbebc9f33a11d563382add3728a86aca764914762f93399069958e92d7102	未入库:第二档,暂留本地待定
./out_official/images/00000083.jpg	140796	9ca0eb1e75313f3a949d9b76ce7395b5ed807de34babbcbb7ef11682c84b11a0	未入库:第二档,暂留本地待定
./out_official/images/00000084.jpg	161213	46289ab2a6a19c114e510e91b476a8a9f2aa83b31875b956dc718a4ca7cf79e8	未入库:第二档,暂留本地待定
./out_official/images/00000085.jpg	177173	5e8977994922de2e44e58ac30a5e1977df2137fa09fc1e4171205f722c23d8db	未入库:第二档,暂留本地待定
./out_official/images/00000086.jpg	135149	cd8acac6b83bcec0175a7e61993b81e7e69133a0db9a4074e07f42a6bec5bfb6	未入库:第二档,暂留本地待定
./out_official/images/00000087.jpg	170612	0dc1ad9f94e1013080cf83eff404660bedc1db57fb7a7235bc77928b2f636953	未入库:第二档,暂留本地待定
./out_official/images/00000088.jpg	154631	76b31a00d1f016970e08ab97f6a3fcd7275179571bddbe83acee4100db0254b5	未入库:第二档,暂留本地待定
./out_official/images/00000089.jpg	169857	5277b56a218e488f5b7b0dc6060d5a9b7771f6b9cd0445e65b7ab8353479ccc2	未入库:第二档,暂留本地待定
./out_official/images/00000090.jpg	168580	5a620610b17c2be61ee29795f874c2668d65c88025e3cf50872bfa3de79db7cf	未入库:第二档,暂留本地待定
./out_official/images/00000091.jpg	167757	00a142a8e60b42d01e5c4d2168e4a2aeb7099606436b051b9cc154e0866f0a27	未入库:第二档,暂留本地待定
./out_official/images/00000092.jpg	191730	d127cd1f6565bcafde9406978963fc174b56d570a90e877083a469172ef6c2b7	未入库:第二档,暂留本地待定
./out_official/images/00000093.jpg	180193	131df4eb7470d6dce60335497b5c4567c403717f519a9e5b6ad08c7ad7009e7c	未入库:第二档,暂留本地待定
./out_official/images/00000094.jpg	137832	127429d9a44c1b7f565d94b1f438e3ba11a29ba25fcf72b07ef6f0d57059bcd9	未入库:第二档,暂留本地待定
./out_official/images/00000095.jpg	147093	9770593cfc74a0bade26f015f93ba53aa86b95b2488f1c333590f33cc8836edf	未入库:第二档,暂留本地待定
./out_official/images/00000096.jpg	159363	2942a118121e0fcda0077fa470261a4fc44f8bdd12212e81317f1d79a22afdd4	未入库:第二档,暂留本地待定
./out_official/images/00000097.jpg	160373	288f82932bd4e8650292051b66dec91ff9d01a9d93b2a03c18488ddd9a0866a2	未入库:第二档,暂留本地待定
./out_official/images/00000098.jpg	143009	71a306444bb795fe7dd64bae0eb8ea52dd9700bb0a7e662b82786cda88dd50f1	未入库:第二档,暂留本地待定
./out_official/images/00000099.jpg	177729	389d6d51d49f7b3db8d55adcc575727888e800d0f795276453763915e94b2f81	未入库:第二档,暂留本地待定
./out_official/images/00000100.jpg	182438	d4e1b6610458fa3e14839b1744c27961fd0204e258fdbc0dcf813de70b5c2310	未入库:第二档,暂留本地待定
./out_official/images/00000101.jpg	150387	d6ad29b83723d0af5b157daeedcdeda9f150a46ca8dc56c9e98e4ef8282b7b80	未入库:第二档,暂留本地待定
./out_official/images/00000102.jpg	147967	09d6174e40c86fe3aa84594df4ae96deb17a2d0788f3c900360e89cf1bbe32ba	未入库:第二档,暂留本地待定
./out_official/images/00000103.jpg	174797	b2cd40a2eb91d0fef1f14396617298d5048e1200ad61e0c4f076fdd1bd648c56	未入库:第二档,暂留本地待定
./out_official/images/00000104.jpg	160348	cfb9391619018d927aef35fdf9888f2e6fc0878d775505ba11ec4c12174b0d00	未入库:第二档,暂留本地待定
./out_official/images/00000105.jpg	129278	df7378ae90a9dc0bbae74390dc47a2d04474e7d671a403922ecd95d7dc047d19	未入库:第二档,暂留本地待定
./out_official/images/00000106.jpg	171930	d7699148befb57768366b94b7a900212c3b204f79e8aab31ffc47e8b5f1b90e3	未入库:第二档,暂留本地待定
./out_official/images/00000107.jpg	147138	0b381b2933c974989c5aa031d3f5832f159bb216aea2685d6c1d18948b9ea199	未入库:第二档,暂留本地待定
./out_official/images/00000108.jpg	169214	533f70bb93c8e5dd47b2541f79844513de55b73686ed93fba5b1ae9a5bdfc28c	未入库:第二档,暂留本地待定
./out_official/images/00000109.jpg	155796	2989f8f54224c7bc6d247df0efef1f87a1d5f267d9a325b51d78057efd0ee1e1	未入库:第二档,暂留本地待定
./out_official/images/00000110.jpg	132930	19d8865a61d859b57db9cd822dc9f7601d0efd7fa9818ba612e2907eae13f0ba	未入库:第二档,暂留本地待定
./out_official/images/00000111.jpg	139268	4fe4429ac5217935a64385366169acb65d2eab7c02085a55eba59a97d425319c	未入库:第二档,暂留本地待定
./out_official/images/00000112.jpg	147018	12a7fe7cd28d09b9481725cc667d705854f3e79c2e2baef6d60a0262ca5653ac	未入库:第二档,暂留本地待定
./out_official/images/00000113.jpg	147223	9e050a21a7e56dc753cb35b3ba6c23eb8a14612685ab1d905a9a74b80e2b46cf	未入库:第二档,暂留本地待定
./out_official/images/00000114.jpg	148465	e67b027cc8a2dbc8c60ff5d5d7140a9a69d56f629cda8de62cd6b9e5bf06a9ed	未入库:第二档,暂留本地待定
./out_official/images/00000115.jpg	134070	eae00ccd361d258501381641f5ffe59fe871949e383ca03ee9732660560b945b	未入库:第二档,暂留本地待定
./out_official/images/00000116.jpg	136426	73eb757e3b84ed69bf89f6c5b300ca995b44e87830a0237801d1e7cf090a04d6	未入库:第二档,暂留本地待定
./out_official/images/00000117.jpg	171725	498a689e2be93b6175848ac1613b2f799aeca81ba3d8d0a6d66d1fe5ebf792f3	未入库:第二档,暂留本地待定
./out_official/images/00000118.jpg	171115	ee26028c690756604b3a4024a62e8432ae8b99c3dd509603cb3636b808adc1cc	未入库:第二档,暂留本地待定
./out_official/images/00000119.jpg	119844	5957bb229059fad1063e70fb971f613b2382619aad64b00c66fe3ec59e836e37	未入库:第二档,暂留本地待定
./out_official/images/00000120.jpg	128768	12bf5c6d16e84997e901bbdc94eca642fe621c686f7fa978eb3060ea73a6a22e	未入库:第二档,暂留本地待定
./out_official/images/00000121.jpg	118152	1a686465229367e4506d2c57426f6c4c9284439395692484d42c15b6bff1b86e	未入库:第二档,暂留本地待定
./out_official/images/00000122.jpg	127685	cbf1d79ac559f0d2713faeab63f2e8399f4062930bfc78ad3051b8d8ef889127	未入库:第二档,暂留本地待定
./out_official/images/00000123.jpg	170696	de34e135a4c7e4b5284f258a3db365de6f61e8196f8bc720cbe4dc80bd8d6bef	未入库:第二档,暂留本地待定
./out_official/images/00000124.jpg	143434	14da6f2178d8fd9e88f5225b9be2b0b4f7c392620d8ea7ef7a7e9fde6f2a5eef	未入库:第二档,暂留本地待定
./out_official/images/00000125.jpg	128699	cad9c6d31fce3a6239838c5b3bc3a5632e43b499118b8e2840fa9646a73a9949	未入库:第二档,暂留本地待定
./out_official/images/00000126.jpg	156415	7976a5f49f27614e8b085c295927f23eb8f03c8ebd644d871fd2018e87b220aa	未入库:第二档,暂留本地待定
./out_official/images/00000127.jpg	182458	e43f2abda67e26ed248ff532ade21d65c9c0e2be779beba7fbf335a826b8bd28	未入库:第二档,暂留本地待定
./out_official/images/00000128.jpg	186815	941ba716b11d8849841ab9642cd1d64620954330f1e871ada80da4bb521e0021	未入库:第二档,暂留本地待定
./out_official/images/00000129.jpg	185034	35187960a722b78d8f74e2665dc59dec2d9853631007d4e85f0fe5ab9774f665	未入库:第二档,暂留本地待定
./out_official/images/00000130.jpg	105586	3b11351397a4e9bfd836ae3ed26f73744c16639bf84dedcf2aac5e5c4beb205b	未入库:第二档,暂留本地待定
./out_official/images/00000131.jpg	93848	540c05b571c3f41cd0b4d2aa94e241d39191db687f187aad4e5c3f729a61e78d	未入库:第二档,暂留本地待定
./out_official/conf2/00000000.pfm	1769493	de9c445861758088ec0678049d92a0905953109990012536c28e1449b3f533d8	未入库:第二档,暂留本地待定
./out_official/conf2/00000001.pfm	1769493	6bcbbd2916c16f3b030d2039b9ffafa992ea2c129f6da9be7a7268ca90832dc8	未入库:第二档,暂留本地待定
./out_official/conf2/00000002.pfm	1769493	5fbbaffb8b89eaabe933780ee1f1ef79cf06b8a61a74d1cf00c5453013c45957	未入库:第二档,暂留本地待定
./out_official/conf2/00000003.pfm	1769493	5d8d01a5e5e6ebca251e949c99e5dd7a8f8f5192c1e414f7a215cdd9c4b29dd0	未入库:第二档,暂留本地待定
./out_official/conf2/00000004.pfm	1769493	ce1fd4433f410b367ed3d3b4c651895d14292596f1f5de9a65d3357543bd8834	未入库:第二档,暂留本地待定
./out_official/conf2/00000005.pfm	1769493	646755dd4d09bf5de1799356277ffe7eb1eced67abbd631e7629194df9ccde0d	未入库:第二档,暂留本地待定
./out_official/conf2/00000006.pfm	1769493	57ad5f79a1567e9a6dcd760c9f14f8809d44bae849f6e0d338fd9dca1666ac26	未入库:第二档,暂留本地待定
./out_official/conf2/00000007.pfm	1769493	f1fe0f54ae76f9ac8ab56a0164aaf66d54d694873fa2ce3727d928ed6a175c10	未入库:第二档,暂留本地待定
./out_official/conf2/00000008.pfm	1769493	dc199d6f895c063e73390b4ccb9c767883dc8956d121684b7261053bfc556aae	未入库:第二档,暂留本地待定
./out_official/conf2/00000009.pfm	1769493	a319b7193fa448b61e1e1f1f84ea314f7239f4c8fd4f788abf38d1d235c9ecd0	未入库:第二档,暂留本地待定
./out_official/conf2/00000010.pfm	1769493	11252a5e73d5bd0d3e9efa121edb395a10c5aee6a19400bcf2b6def7513a06d8	未入库:第二档,暂留本地待定
./out_official/conf2/00000011.pfm	1769493	e6444be69b18b9488c4145f60969ebbd4a195a90ef90775022676dbbe00b376f	未入库:第二档,暂留本地待定
./out_official/conf2/00000012.pfm	1769493	fb2748f87a5428d824ca8f67ac14f5f500618df0bca69df93a89b973bd4a5bac	未入库:第二档,暂留本地待定
./out_official/conf2/00000013.pfm	1769493	6543a38ab853ee625dec08970760a84504563c1e6cfc96a1933877df25c8e1e5	未入库:第二档,暂留本地待定
./out_official/conf2/00000014.pfm	1769493	5a43203beb7673c955604aaddcc3de4abe5fa86562e0533a74a650a1b4267735	未入库:第二档,暂留本地待定
./out_official/conf2/00000015.pfm	1769493	99cd85227ffa8e26f981139765a34ae06727e4c2d561f525938ec99a395aa29f	未入库:第二档,暂留本地待定
./out_official/conf2/00000016.pfm	1769493	227f8ab76a97f64d40b0462bf0ffedc929096f43103c4850d036fadd7ce823dd	未入库:第二档,暂留本地待定
./out_official/conf2/00000017.pfm	1769493	a344d30cd6f763f48e6660a09d09e8e7c3cee1c44dc707e2718c5eab8ea3bc77	未入库:第二档,暂留本地待定
./out_official/conf2/00000018.pfm	1769493	631e40acfe6dc63a55906e1fa846ea3a9c17de9369bd5848b3d2952ea85a17fb	未入库:第二档,暂留本地待定
./out_official/conf2/00000019.pfm	1769493	965e328d61ec395d6fa65949cb14c1e393b9f4dee704d8ca17c3379ab01e8ff7	未入库:第二档,暂留本地待定
./out_official/conf2/00000020.pfm	1769493	1c7c337f0d06c0bea0dfbfd988fa052501b7f0e4fbde859f90f0d2b6defe1aaa	未入库:第二档,暂留本地待定
./out_official/conf2/00000021.pfm	1769493	2781d8d7a231ab304cfd16f1c419b664fc183b6e4c30ddaeeeec6a3fcbc7b82d	未入库:第二档,暂留本地待定
./out_official/conf2/00000022.pfm	1769493	c531baf0b43fe16c1cfd610a29ca2fc761a671717e69b7a74b42e8691c191689	未入库:第二档,暂留本地待定
./out_official/conf2/00000023.pfm	1769493	8b6623e12e099081d41d8a5d8862c2d31c560d287c905cd13a538a0762e4c23f	未入库:第二档,暂留本地待定
./out_official/conf2/00000024.pfm	1769493	3a48510fda94dbb31153db52b0268c9696e41dfecd37e1db2984a93d7e9c1ef0	未入库:第二档,暂留本地待定
./out_official/conf2/00000025.pfm	1769493	84767f3898c58a1ae8393da5274f1a4e83896f0f4010ab44b8586fc33ea58b16	未入库:第二档,暂留本地待定
./out_official/conf2/00000026.pfm	1769493	859371f45fd1cb17f36d41ab589603a699d8301d27b9b3a45323b5e175ad8120	未入库:第二档,暂留本地待定
./out_official/conf2/00000027.pfm	1769493	1d9c4535e73bf7043bff0d0056cef37d49ae439e0014e4a7ec84bfabd828959c	未入库:第二档,暂留本地待定
./out_official/conf2/00000028.pfm	1769493	203129825c47e2ab6cb367e835528723615616e21536c5e6e16c1f83bbbae956	未入库:第二档,暂留本地待定
./out_official/conf2/00000029.pfm	1769493	936548ae01d0e4cd2b19a4da7907f93db0d05b03b54f4a92d2d2829772b680e3	未入库:第二档,暂留本地待定
./out_official/conf2/00000030.pfm	1769493	7cef006610e54395c6c6173caf050fa19db8838da755daec0cc584ac8cff796e	未入库:第二档,暂留本地待定
./out_official/conf2/00000031.pfm	1769493	8f7b38a1d99e5f68ba234c86162bc843971627d9c407fbda54f001dd02f5a172	未入库:第二档,暂留本地待定
./out_official/conf2/00000032.pfm	1769493	226d8e13c91d72b2022af01c0ae1f68bddc6c45ef68f6b0b0ec143d2d673aa26	未入库:第二档,暂留本地待定
./out_official/conf2/00000033.pfm	1769493	69ebec0873db9c495a3462ba176994533e3341ffbd4892a11b80575af0324bf3	未入库:第二档,暂留本地待定
./out_official/conf2/00000034.pfm	1769493	de714f3f6fe7bfd4d1c3469d2f60a124b29dc7fa60df18f798c95638a62a25d3	未入库:第二档,暂留本地待定
./out_official/conf2/00000035.pfm	1769493	24393cd73a13eda676f6fa8485cc808c907b374757bf3320514a7a7898bc8cae	未入库:第二档,暂留本地待定
./out_official/conf2/00000036.pfm	1769493	d046b5c3f930c286fdb2b79f84009170d531e822f3c0c619fc709b5aad2b6d6e	未入库:第二档,暂留本地待定
./out_official/conf2/00000037.pfm	1769493	c43f41acb477ce2e38a2ffdf90178985bd0a7d1d044651ae60dc609b46063165	未入库:第二档,暂留本地待定
./out_official/conf2/00000038.pfm	1769493	0cc1e542da0ffa07030122ca645b1f5bb11a5a17f0bb6427240fb20c1b5c2529	未入库:第二档,暂留本地待定
./out_official/conf2/00000039.pfm	1769493	1e433426099ac7c4b6c463b2830da5411477f901bf063ea376a7b82f64e62458	未入库:第二档,暂留本地待定
./out_official/conf2/00000040.pfm	1769493	f34254b7fcea14334920e23bdc7b11c3b0abe86f6f2268437f18c3ead14352af	未入库:第二档,暂留本地待定
./out_official/conf2/00000041.pfm	1769493	a545a11e25a64ddc64514d44c64839739d060a61698f99e7eee97fb59ce1230c	未入库:第二档,暂留本地待定
./out_official/conf2/00000042.pfm	1769493	6a7e25aac87a11b2aa4bd8707837c783270bd12ce34240dcc1e2b588b18b35fc	未入库:第二档,暂留本地待定
./out_official/conf2/00000043.pfm	1769493	b7219b127f85f181d5cb09a487c2b9e64f564ab2f44cacb6a1fd53073b9bdeb6	未入库:第二档,暂留本地待定
./out_official/conf2/00000044.pfm	1769493	880c7a6b96eb98b318185fc20f18d4d3399305a82eada52972838168b2272d9b	未入库:第二档,暂留本地待定
./out_official/conf2/00000045.pfm	1769493	b216bd3aa92025c29df7bf0e29e95f1ca671fcb4c753534f9adbdd1474d01297	未入库:第二档,暂留本地待定
./out_official/conf2/00000046.pfm	1769493	1693e19f96400786af853a82db5d768b5a38ef9472aac71b3754653aa6de167d	未入库:第二档,暂留本地待定
./out_official/conf2/00000047.pfm	1769493	f88948961067b29705ab175f05920de12d155f2a8267a992afff45d01752f5a9	未入库:第二档,暂留本地待定
./out_official/conf2/00000048.pfm	1769493	8554436b57672226c4e3f9ab44db8b7b2b9c1d482a6b30c94dc1475275614cfd	未入库:第二档,暂留本地待定
./out_official/conf2/00000049.pfm	1769493	11e066eefd57ae13163f88e6bcd74b60c6d0861c7d0e680580cad7d90adbaaaa	未入库:第二档,暂留本地待定
./out_official/conf2/00000050.pfm	1769493	8e4dda937ad38c82edc7d4ba90a9c23ccd2148238a9014ec6186b759c8c60c87	未入库:第二档,暂留本地待定
./out_official/conf2/00000051.pfm	1769493	b93a6d8662535825017534b39c4669838ee97f3c41522f4916c070ffb4a9ce7a	未入库:第二档,暂留本地待定
./out_official/conf2/00000052.pfm	1769493	01d208c1a63cc076f4713e4956b15c4877c567e9ec82e9180fd9adab099ec771	未入库:第二档,暂留本地待定
./out_official/conf2/00000053.pfm	1769493	c9f14888b1457c8ef839d445bfcbca986a962b8f2a7c988fd59e0d62e02e6aa5	未入库:第二档,暂留本地待定
./out_official/conf2/00000054.pfm	1769493	fa8722a8a58de6b794ca3c5a83db39a081d802e53c53276734252fb76241c628	未入库:第二档,暂留本地待定
./out_official/conf2/00000055.pfm	1769493	9b9039ed6878cd2d213c3c23fa2d62b83f70d1de1c988d0afbd4c7d6a080fdf2	未入库:第二档,暂留本地待定
./out_official/conf2/00000056.pfm	1769493	219be09892fc5134b9161564780f81f2ffae109f3d8dc56d2621086dbf78ce7f	未入库:第二档,暂留本地待定
./out_official/conf2/00000057.pfm	1769493	420f684d713224d0e6f9718b8e57fcc044c00e60e3c35cebddcf6580d74f2513	未入库:第二档,暂留本地待定
./out_official/conf2/00000058.pfm	1769493	5653788cc852852c025134af051c3de3b3e1b18741c8559899b15a1b3424a8f2	未入库:第二档,暂留本地待定
./out_official/conf2/00000059.pfm	1769493	ce43bff3ef162e69ad05b857f31b851358d9fa29f56c1d498689a4f341fd52b3	未入库:第二档,暂留本地待定
./out_official/conf2/00000060.pfm	1769493	a1eb08a5f1927cb9e02c0293829a5d36401bcb5c7cceeed1d6dd51dc3a412de6	未入库:第二档,暂留本地待定
./out_official/conf2/00000061.pfm	1769493	8cc30f77232de85684f1f2d0cf543c7d74f3e3c01b0d500742701e081df1d5ca	未入库:第二档,暂留本地待定
./out_official/conf2/00000062.pfm	1769493	f80b1a38fea78809b161cccaa01fbed8c530e5431e4806f325c9474918ed2f95	未入库:第二档,暂留本地待定
./out_official/conf2/00000063.pfm	1769493	03818aef9dbb2b6926854f0c270d413db27af2a3b48e80cf6c2b3e477f143568	未入库:第二档,暂留本地待定
./out_official/conf2/00000064.pfm	1769493	68e29557e3d1c693d1200b44b159071ace49bf45231614210e58b8186bc9c31b	未入库:第二档,暂留本地待定
./out_official/conf2/00000065.pfm	1769493	8165bf2c4fe2de9f8cc14e9c6e9ffacfd86446ce92c077cfa43ae5732871bc74	未入库:第二档,暂留本地待定
./out_official/conf2/00000066.pfm	1769493	f64505fe5f27a8721cd78cfe6f008095eefec0735a3307cb7b78a14b2966017b	未入库:第二档,暂留本地待定
./out_official/conf2/00000067.pfm	1769493	29d6a35abe511f572d4e42c78e61254eff6392a151b29a5488a32854563a916a	未入库:第二档,暂留本地待定
./out_official/conf2/00000068.pfm	1769493	06ab5924c48ef4499e2f660883fcccf6f7216a2fffa0860a7a18005832371a16	未入库:第二档,暂留本地待定
./out_official/conf2/00000069.pfm	1769493	363fe2bd8b3407349e430ce8819b964143021cc409265f721b6c3210c8ae7b91	未入库:第二档,暂留本地待定
./out_official/conf2/00000070.pfm	1769493	bf8a1cf45f523de8dad3b25bea7aed4eb2ba8bb7bb80080959f7acd044eb64e3	未入库:第二档,暂留本地待定
./out_official/conf2/00000071.pfm	1769493	0396275a7ffdd0f2b2820645eb52b2e6b062a7f318fe01cacc6b166284057050	未入库:第二档,暂留本地待定
./out_official/conf2/00000072.pfm	1769493	42298eeb7031b802ba3cc421d159787738722193f8c62c83f87ffcfb7535d706	未入库:第二档,暂留本地待定
./out_official/conf2/00000073.pfm	1769493	74b3815523db9b10d5b172c9e253f4986c37883fccb4ed7135cd9a6a9cd3412c	未入库:第二档,暂留本地待定
./out_official/conf2/00000074.pfm	1769493	81c2bbf6829fb4d4fd109e5d6b6e7f3c2bc237fbba7f14cb60fe1653e8d24887	未入库:第二档,暂留本地待定
./out_official/conf2/00000075.pfm	1769493	14e3c917894f234d5b5cecc7cc8513adda0581fb66b8c6bcdfcf1670ef399598	未入库:第二档,暂留本地待定
./out_official/conf2/00000076.pfm	1769493	e7e1a6507e2e84974333b332c83773c737a0b303990cb04ba541c5f8758df535	未入库:第二档,暂留本地待定
./out_official/conf2/00000077.pfm	1769493	e2c38c87f2de8a14af2064e655c15d9d19ab5b4c27c2009e7e5b060a87df97e4	未入库:第二档,暂留本地待定
./out_official/conf2/00000078.pfm	1769493	42dd1956d77949880a4b0d67d6c23b30ddf29e913ac3a3d695bf42f2d66e37fb	未入库:第二档,暂留本地待定
./out_official/conf2/00000079.pfm	1769493	1f87fce0d8e443d55fdc23b9506bcfa921cbf0a6505f642e766dfad7d3352b20	未入库:第二档,暂留本地待定
./out_official/conf2/00000080.pfm	1769493	10cf8da4035c8c6e8196df7bd952469f13511a319fbbfb621e3d5e8c2735a2bd	未入库:第二档,暂留本地待定
./out_official/conf2/00000081.pfm	1769493	8a88361083df3261885cd1f8c68139d34999f90b5fd3d205d2bce589032b2a6a	未入库:第二档,暂留本地待定
./out_official/conf2/00000082.pfm	1769493	5e3e286fa6b85c88c5dd2e4eddf47c3b1ee4356d19fbe5bcd09bd16ddbcab4dc	未入库:第二档,暂留本地待定
./out_official/conf2/00000083.pfm	1769493	b0e94860cbad3381a6255ff4a66b9477b2ade5f4eef018ec2299d52e1e0104dd	未入库:第二档,暂留本地待定
./out_official/conf2/00000084.pfm	1769493	a05d961391b949f00442a825d727ea621dc4960f849f765b5b2e6ce843c997c6	未入库:第二档,暂留本地待定
./out_official/conf2/00000085.pfm	1769493	013a867d1d81dfbbc1c183277ad421e6fd71613c4927d41c2a63008653e6d780	未入库:第二档,暂留本地待定
./out_official/conf2/00000086.pfm	1769493	c1fd3de365f434520ecb7981ef55e5fd8d9d05bfa30697b95c27f7ed27dda1ee	未入库:第二档,暂留本地待定
./out_official/conf2/00000087.pfm	1769493	8cfcaa0d0fa572c5b879244629037ec5003e3d396d8a2ab9e3b74cf80204fa8d	未入库:第二档,暂留本地待定
./out_official/conf2/00000088.pfm	1769493	3696d1f1fe9677a007a788b8c45cff4fea91e1982cfc4da3f67668ee98eca36d	未入库:第二档,暂留本地待定
./out_official/conf2/00000089.pfm	1769493	089511b591f317761bf23b3399a6118d9f703f87881534cab059aee3d287a175	未入库:第二档,暂留本地待定
./out_official/conf2/00000090.pfm	1769493	5fa1bc5605d90104343ec149cf1e942b512b63707177dd431e7035b0826dd37d	未入库:第二档,暂留本地待定
./out_official/conf2/00000091.pfm	1769493	921be25de7f29c5ad73e10c7724f0a229df6011bb23af404dbd7710290688768	未入库:第二档,暂留本地待定
./out_official/conf2/00000092.pfm	1769493	ee6dee736409a0ac053cb79db9752a99885bce5784bb4ea6426f48c3b8545e57	未入库:第二档,暂留本地待定
./out_official/conf2/00000093.pfm	1769493	ef2f2bbbcf36c8280842e7a213dce7264a0c81cb9eec1110abee1df78a7c47b8	未入库:第二档,暂留本地待定
./out_official/conf2/00000094.pfm	1769493	95ec88138a6200b22c19ec8e60308e669e6f9badd949fdcd74010ef0f816d513	未入库:第二档,暂留本地待定
./out_official/conf2/00000095.pfm	1769493	b74f93124969593aedc08c3110c4a7c89f064e14d045e7d619c6e2e47bdd8e1f	未入库:第二档,暂留本地待定
./out_official/conf2/00000096.pfm	1769493	a5484dfe3ef75da6031dddfa22dc02ff1940de2626aa0b9535ac57121b410b7e	未入库:第二档,暂留本地待定
./out_official/conf2/00000097.pfm	1769493	766229c82b125e217aa84352c5e92a47fe20aaae95acf9667416f9b2f5fe1c51	未入库:第二档,暂留本地待定
./out_official/conf2/00000098.pfm	1769493	6b50f5fb9f7522dd1c323175fbe96db719cfb972ca5371ff0f4bf59fb96ae9d2	未入库:第二档,暂留本地待定
./out_official/conf2/00000099.pfm	1769493	2a18793a86602f1633e5e815e49a38f72a832925389cab5ccd7ef39dba2b0795	未入库:第二档,暂留本地待定
./out_official/conf2/00000100.pfm	1769493	8a7120e97d89b7b8a12ad97da34ae4f73ea942eff27e4efe475dceaf21965a40	未入库:第二档,暂留本地待定
./out_official/conf2/00000101.pfm	1769493	76c92c07d22122411e5b5862e650941a7dfea36d4668ad86dd684a70ef479641	未入库:第二档,暂留本地待定
./out_official/conf2/00000102.pfm	1769493	61d2b2be12e6cc856dce7a47f58ce6a391c66f12043794a4a321b8b6d71e984a	未入库:第二档,暂留本地待定
./out_official/conf2/00000103.pfm	1769493	54824c05291ddaae214cb635e59a33560a91a5e2cfbb9cf9b02cdb1f3d4da05d	未入库:第二档,暂留本地待定
./out_official/conf2/00000104.pfm	1769493	fab9f79a017c418fd9e63ee279655c9686d473c1f59cf9e72848ab2dce97c343	未入库:第二档,暂留本地待定
./out_official/conf2/00000105.pfm	1769493	b7a4ce1d0ee15215aaf9c8b0b178a58d6116f51ef0131d3a214f2cb8f99ee1a5	未入库:第二档,暂留本地待定
./out_official/conf2/00000106.pfm	1769493	893d7820fe771cd13abd08353f007a250df36b0c31ee55978d126d431b07c6c4	未入库:第二档,暂留本地待定
./out_official/conf2/00000107.pfm	1769493	0c83ac85d1726210f9b72b3e6444949adb7b9519206be64fdd35520554acafed	未入库:第二档,暂留本地待定
./out_official/conf2/00000108.pfm	1769493	c6372db7573290b36e9ef5ea8d8f13cc76e83421e53070f7bda1130d28539803	未入库:第二档,暂留本地待定
./out_official/conf2/00000109.pfm	1769493	76b50ecc12fed2188e12e52f79963ff856504ead28e4183f5578da8432d23fb7	未入库:第二档,暂留本地待定
./out_official/conf2/00000110.pfm	1769493	b118b56652a99db875c7d900b9f7f5cf1b1da69445fbd175831b78d7c1b4a4cf	未入库:第二档,暂留本地待定
./out_official/conf2/00000111.pfm	1769493	d3fe1922f84f3c1e5c4260694dc21b64c6705e0494e02644e85fcd74ecd33afa	未入库:第二档,暂留本地待定
./out_official/conf2/00000112.pfm	1769493	09afe66e2ea6747c471ef1ea94fd67c04f0ca79132f9652cb7591eb22fc1d536	未入库:第二档,暂留本地待定
./out_official/conf2/00000113.pfm	1769493	3308f1c6963048c35a5e0aca3a0fd9ff8d9d4a8f94de7276547f7fbdec565208	未入库:第二档,暂留本地待定
./out_official/conf2/00000114.pfm	1769493	0aa2cc55730b68fb4f39d888b9db3e878894027f4702d54d3e9d17b7bd71922a	未入库:第二档,暂留本地待定
./out_official/conf2/00000115.pfm	1769493	cfe19517ec9ace3b87ab4876c79a995649d4054ad1ed140e32fdcbdcf809c185	未入库:第二档,暂留本地待定
./out_official/conf2/00000116.pfm	1769493	a05c5de7e9ad3d82a0c814e11746beeb6f03de53e03777ae463d2f3b4f037bd9	未入库:第二档,暂留本地待定
./out_official/conf2/00000117.pfm	1769493	348535e7d7602d957ab413da2cb537fde3b55523ad67d35ce382ea83b4202ae6	未入库:第二档,暂留本地待定
./out_official/conf2/00000118.pfm	1769493	103490b960079791bf1c5c517362bc74c4b9e00141e4a2c8e2ded740ea977d38	未入库:第二档,暂留本地待定
./out_official/conf2/00000119.pfm	1769493	8133790967ace510260cedbe7b4d1886fa00db1d3bc4b315fb103cc61f4abc89	未入库:第二档,暂留本地待定
./out_official/conf2/00000120.pfm	1769493	2d2b43842fffd6d1304d206cf99b728aa14337727047abe511afd8337bb18c63	未入库:第二档,暂留本地待定
./out_official/conf2/00000121.pfm	1769493	953fb3ae16d04349a3d2c2091883084b3300825a5a54877a045d88767d16fe72	未入库:第二档,暂留本地待定
./out_official/conf2/00000122.pfm	1769493	6dd6d65ad924699eb89fccdde3ea48edfcdac78085b236f28cea5326d83578a9	未入库:第二档,暂留本地待定
./out_official/conf2/00000123.pfm	1769493	bcb6b0854654e0ef055f75c6dfd81a7ef3f610caad3053e58db44ff864d42f34	未入库:第二档,暂留本地待定
./out_official/conf2/00000124.pfm	1769493	df32464e83641d4f3f3089aa22b374b3a39c8a9883138c94ab66f3aba79144c4	未入库:第二档,暂留本地待定
./out_official/conf2/00000125.pfm	1769493	c648646d71084afb78ee3bb74ad9d2e58742bf4a4c5a52ece32444abde971d6b	未入库:第二档,暂留本地待定
./out_official/conf2/00000126.pfm	1769493	c00792ef8540ba359b69aa813c47d45e919d4c8bdbca2a80e23b9b03a8be9ca1	未入库:第二档,暂留本地待定
./out_official/conf2/00000127.pfm	1769493	80019b499c4c2f2293a5858306d1269b6880054fdd5d903a2c5c2b164cf53c26	未入库:第二档,暂留本地待定
./out_official/conf2/00000128.pfm	1769493	f38760ef330c294858ddaef4043c7a2b40f9d3434d67dd8d9c68d6068de1ef53	未入库:第二档,暂留本地待定
./out_official/conf2/00000129.pfm	1769493	70bd3775bd500d69f88043eff212518aed59eef5a4617c936376b1ab3baaa8f1	未入库:第二档,暂留本地待定
./out_official/conf2/00000130.pfm	1769493	cc39ed1cbdaebab264d805e8096c5617c12e1c9c1207388aa1d5b97db105466c	未入库:第二档,暂留本地待定
./out_official/conf2/00000131.pfm	1769493	c62e2a59dc01031aa04f37fdfaf0ebebe8ccbb95bfdfa8b9b61822e68f50b8de	未入库:第二档,暂留本地待定
./out_official/mask/00000000_final.png	12402	9cd9b39fb020731a635b13b8b6575d4a8cec7236bf91615f7abeedb918cfb879	未入库:第二档,暂留本地待定
./out_official/mask/00000000_geo.png	14198	3d0dcbd5e00c819648ef35b3be81dd1116ac87aa0ec8e6362408b4d2c125ff9c	未入库:第二档,暂留本地待定
./out_official/mask/00000000_photo.png	4043	c9b7c89dc79f2e65a34aca12d73a5c00c5558c353e2bcbe54706dfdda26a9315	未入库:第二档,暂留本地待定
./out_official/mask/00000001_final.png	11984	3500a100f2a05e00bbef018303b3a468d5990ed268c587f5fa1d6166db70fcfe	未入库:第二档,暂留本地待定
./out_official/mask/00000001_geo.png	12410	965ed55fc11a816f47e96079580e5920956f40538b48a15ee01dbbcf906a57f3	未入库:第二档,暂留本地待定
./out_official/mask/00000001_photo.png	3285	95f7a1f761998d7d05fd0ac6dbbd3a0546a27d9ac9135102a241866d064353cb	未入库:第二档,暂留本地待定
./out_official/mask/00000002_final.png	11902	c16e9c22c0f53c87a6b97ac50edafeba08739815231624bbbe25155bccc0331a	未入库:第二档,暂留本地待定
./out_official/mask/00000002_geo.png	12513	a4925066da1c38f663625a87a9ca7c0bcdd73882466366be6dac534143b33fcd	未入库:第二档,暂留本地待定
./out_official/mask/00000002_photo.png	3422	a7c3c789a6c50cf92a35a48f8b5ae52eea151d0cd72f21741290f742ddcd39fd	未入库:第二档,暂留本地待定
./out_official/mask/00000003_final.png	9312	dfc4d94e615ecc7094ac3deab91732ab80ae2550b3230470388f34da02367e86	未入库:第二档,暂留本地待定
./out_official/mask/00000003_geo.png	10242	98c3b9db5487518cfc94a9608fe65eedc185d2ecdd88584345b5ffdc9c1a40a4	未入库:第二档,暂留本地待定
./out_official/mask/00000003_photo.png	3596	3e38d7351b8c4b7deb815d960c07241ba6c83a97753b0bb7af3819e977415272	未入库:第二档,暂留本地待定
./out_official/mask/00000004_final.png	3463	55cde0f6027d34577f665474be3eebb3902ca7cd0fb0a390e63aedf205c1b1c1	未入库:第二档,暂留本地待定
./out_official/mask/00000004_geo.png	10690	271b3f08a4c53b57e2a31c2c08459c67fc62c078155090bc399e321b6032fd4c	未入库:第二档,暂留本地待定
./out_official/mask/00000004_photo.png	2942	b8d29bc986257789fac82273b762d6499baf5d17e6f94b48f8f9dd39796327a7	未入库:第二档,暂留本地待定
./out_official/mask/00000005_final.png	11267	45ed30481743ce72209e7bc22c8632890748427afa05e9697640d06a43c90130	未入库:第二档,暂留本地待定
./out_official/mask/00000005_geo.png	13005	5dc9dd9ba763e4b810325b00ad8fb5669e5b5530b187a7b619621f3272f10c80	未入库:第二档,暂留本地待定
./out_official/mask/00000005_photo.png	4074	7a654d9ee07c4e5246eec3f8bbb3903d6d380e9187a359386bbce1e94e2e44c5	未入库:第二档,暂留本地待定
./out_official/mask/00000006_final.png	13355	c6911fbe1fac3cccbd3b2387059ac4d3527a367c13c43b3ee85c0f43b9500d66	未入库:第二档,暂留本地待定
./out_official/mask/00000006_geo.png	14993	b87bf610f731ae5ec6ce6f68fa832b7388d4b2b723763a8686223df0e74d6a6a	未入库:第二档,暂留本地待定
./out_official/mask/00000006_photo.png	4310	c751e12ab77bc4ce8af90fba2e1d32860a273e2ab2aea1b7fb9746aaa19201ed	未入库:第二档,暂留本地待定
./out_official/mask/00000007_final.png	14215	9b21d295c571cb8af052292a8f37c0479353241f9f105745e62e5a3dfbd17915	未入库:第二档,暂留本地待定
./out_official/mask/00000007_geo.png	15381	e1e89cafccfa6c719ecbf4c09af6c6bce679bd578bb2ee104e8ee4bb64b015f6	未入库:第二档,暂留本地待定
./out_official/mask/00000007_photo.png	3846	8927f2f1758cb7516c850542a1a42abf93fecaefd600e89867098a7fbc5c3493	未入库:第二档,暂留本地待定
./out_official/mask/00000008_final.png	10458	2f9fc60fcbb60e2f1d49dab7c0cf13777c1393e848edc25d355c3420ba1aa742	未入库:第二档,暂留本地待定
./out_official/mask/00000008_geo.png	12813	32e6e14e922acc0732138b5951bbaf8c5ef3447717a691dbb3a6b753aa9cbba2	未入库:第二档,暂留本地待定
./out_official/mask/00000008_photo.png	3912	e5b48ff447e7ad611451c56a66b899a21c6e08da82f884db4ff3255a8e43b023	未入库:第二档,暂留本地待定
./out_official/mask/00000009_final.png	11776	16dac29f263f7b9bf5608500e8bc669c8026707d8a699529cfcbeae79e042f52	未入库:第二档,暂留本地待定
./out_official/mask/00000009_geo.png	13981	652e494e4ff5ad21e41e6c0989935b89ebd3e8f5fd506988852adbf15bf8989b	未入库:第二档,暂留本地待定
./out_official/mask/00000009_photo.png	3906	10b400e078b208396b0c96065302c3c23c725fc4581f2ccda9d0baca95a47708	未入库:第二档,暂留本地待定
./out_official/mask/00000010_final.png	11924	cbb33cc112a02be43be4dc5b87a4c333bd50adff010b3359ecbec1f94c580e77	未入库:第二档,暂留本地待定
./out_official/mask/00000010_geo.png	13311	72085880914f457bd1092adb7aadba6da5fd335b19ec32a273f0d1e1b9e4306b	未入库:第二档,暂留本地待定
./out_official/mask/00000010_photo.png	4677	361a3af0089f142627a0d6a45ed7dc64995cc82382c0f98525fb8a285f49eb61	未入库:第二档,暂留本地待定
./out_official/mask/00000011_final.png	2979	bb6417b8c7f597cf5f96b3080045bfff801184253136d2845031fcec4ecf1cdd	未入库:第二档,暂留本地待定
./out_official/mask/00000011_geo.png	17118	e829fbe234daf6a5dde1c6126cd636a2007633c88c5da2999ba109791a67b3d4	未入库:第二档,暂留本地待定
./out_official/mask/00000011_photo.png	2696	0ffc93cf682c7b8bb117fbdf02dfc1833091df0cc3bd31de4c6b1777ba01346b	未入库:第二档,暂留本地待定
./out_official/mask/00000012_final.png	9813	1884e012c992639f9189795371ba0467763fd3ae77e25ae78647a627d03d4c14	未入库:第二档,暂留本地待定
./out_official/mask/00000012_geo.png	21494	3c45c720051b3fea91864867435037634f8c5b9e8ed54492bd5da42e2d027f80	未入库:第二档,暂留本地待定
./out_official/mask/00000012_photo.png	6989	4d69256497edd55da441606acf2aa74015e4b7c4a7d8a80b945cebf4df4c116f	未入库:第二档,暂留本地待定
./out_official/mask/00000013_final.png	11273	437e1bcf352f71fd2e4c76ff77b630e1c3289c9a2befd96c0f94b01b4501b140	未入库:第二档,暂留本地待定
./out_official/mask/00000013_geo.png	22352	6a012867211ffb18cbf0685fe963ef7bc37a997e797447c0478f73a15fa39358	未入库:第二档,暂留本地待定
./out_official/mask/00000013_photo.png	7223	ded156de6f519eab4cb338678eb8975804b71a7a8e00dd339305f7df02ffb129	未入库:第二档,暂留本地待定
./out_official/mask/00000014_final.png	16665	01119757ce328ad6a6e4b759b4476a967ffc4d890d8704520403b59a63086501	未入库:第二档,暂留本地待定
./out_official/mask/00000014_geo.png	17830	d7da5fa717fefc578cabc8de1db2ec04159a9ebff1d3e39badce66c2e592fcf0	未入库:第二档,暂留本地待定
./out_official/mask/00000014_photo.png	3730	dcf1758a2ba9feda787b4817a1a7f738be02553efb88a518c86a552d3683d243	未入库:第二档,暂留本地待定
./out_official/mask/00000015_final.png	13936	43bbb8d626e927add151b95f2a4af3128ef8dfc6d4a4466c6dea840f50d07a12	未入库:第二档,暂留本地待定
./out_official/mask/00000015_geo.png	14732	71143de18e0ff5ee6db0cbde92a87696a24c44bf7f9943ee49cd72188b37f85a	未入库:第二档,暂留本地待定
./out_official/mask/00000015_photo.png	3896	e4f6b2aba619d7cec00d7b238e09dd121ddd8d1164e797ffcf835e735743cedd	未入库:第二档,暂留本地待定
./out_official/mask/00000016_final.png	10473	230921ddd8f013621d51b644d039410fadbd4f09df378132172f81d2c2b7d732	未入库:第二档,暂留本地待定
./out_official/mask/00000016_geo.png	12082	40e7ef46820bed9837398cb8ee6f82ca5eeb41e0773f39d84c11713b6a5b73fc	未入库:第二档,暂留本地待定
./out_official/mask/00000016_photo.png	4330	870989b9961ea042ac565090dc101aac20f65533646f45718b90bcf447f9ef9a	未入库:第二档,暂留本地待定
./out_official/mask/00000017_final.png	16403	5c611d06bf39a48649441ae010704c9aab491bc47b40697da84451647bf3da2e	未入库:第二档,暂留本地待定
./out_official/mask/00000017_geo.png	17940	0804220bbc632006f8c1e524c3aaf33d9f1add23de00278a8d95bd4ef21f03ec	未入库:第二档,暂留本地待定
./out_official/mask/00000017_photo.png	4293	d58d501da72b0664a512951a391f1f8784f37d3a8b6ae0e52ebbf23d206b233a	未入库:第二档,暂留本地待定
./out_official/mask/00000018_final.png	3769	0acf060dffe262b22e061db055a08a3f10717d1e8bbd4b4cf733cd3502e0711f	未入库:第二档,暂留本地待定
./out_official/mask/00000018_geo.png	16828	16ca123b955f680af3dc374f5ff257fe54c39d0fcddbd1cdf81329d25826bed2	未入库:第二档,暂留本地待定
./out_official/mask/00000018_photo.png	3065	f86b53607f69de6a171dcc184aba3a8732672ecf8c301a582d4bfeef70e9422f	未入库:第二档,暂留本地待定
./out_official/mask/00000019_final.png	18130	9a6c91fac4cd8a02c86b1413e71de7224a85958ce9e5dc4a70067bbbf86ccad1	未入库:第二档,暂留本地待定
./out_official/mask/00000019_geo.png	19178	560eb1fdd3f57a9d39cd5f2280e6b6a3d2e267c5274d6f2d75ccbfef91df7586	未入库:第二档,暂留本地待定
./out_official/mask/00000019_photo.png	4227	4a713789beba03955baef4802aaba780a043b04a08ab7453fa7f1dd1e61af9b2	未入库:第二档,暂留本地待定
./out_official/mask/00000020_final.png	12143	4acf7d7ec28be8f26cdd9e1b7328b9d082e49c0aadd5ce0e0918af7bd2126fc4	未入库:第二档,暂留本地待定
./out_official/mask/00000020_geo.png	14195	a53aec6ac676da4d4b6386c6057fff9e90074f34041f188b7aeeaea1c655688c	未入库:第二档,暂留本地待定
./out_official/mask/00000020_photo.png	4370	3bfb5928f71593f4e1d93742218d2f0c3160213c305767b32fed315c63252130	未入库:第二档,暂留本地待定
./out_official/mask/00000021_final.png	16865	6f61a624dbe27a5a2ea534ed7254c5f9b25cf374096594b77bcf69a1035d3a13	未入库:第二档,暂留本地待定
./out_official/mask/00000021_geo.png	17858	f24432e093135f00e2db96899b6dc01e32fc83aae5f43e7759125ea05cfcc152	未入库:第二档,暂留本地待定
./out_official/mask/00000021_photo.png	4372	83ba1d16bcbc368d529169975debc49cb86ea4cd943ce4b9f3ee1088b011cd49	未入库:第二档,暂留本地待定
./out_official/mask/00000022_final.png	11109	f2772a0f75d0094351fb7e83d7b53f2bcc83747f19ebe04714c99e390043222d	未入库:第二档,暂留本地待定
./out_official/mask/00000022_geo.png	26778	53c54c6aa237407deb58c9e9097e72481e9e6e309a094231a9e3783f68015a61	未入库:第二档,暂留本地待定
./out_official/mask/00000022_photo.png	7271	6bbfbcb9b0a86116f96923d5e5c1db775c9ed022e0648736e3c8d0dd254cad8b	未入库:第二档,暂留本地待定
./out_official/mask/00000023_final.png	10971	30c830f09d2179523c10be1528911d083085064e52dfaa77401467c9fb7af832	未入库:第二档,暂留本地待定
./out_official/mask/00000023_geo.png	12880	c715afeb81e09ea939e494dfa77cb98374c0c59d328d8096400b42f0f7efe169	未入库:第二档,暂留本地待定
./out_official/mask/00000023_photo.png	4403	c548e2407ac3785872f36d9c2a5bbcb3357fb2038ee05004e0223a146f554c8e	未入库:第二档,暂留本地待定
./out_official/mask/00000024_final.png	9717	1dbe16d6271878917887e743d30bb8de4a82d20733e6c2ec4b9bc2ecd0ab722b	未入库:第二档,暂留本地待定
./out_official/mask/00000024_geo.png	11934	917483c9d3a68fede3eaf9db79facc6c013306ea28710bcd3b6568b6ee4f3c2b	未入库:第二档,暂留本地待定
./out_official/mask/00000024_photo.png	4730	eae0a8557b99f68b6936c83731abc02cbeda66b2a9e8b70c4336714bba17e085	未入库:第二档,暂留本地待定
./out_official/mask/00000025_final.png	11106	fe308f2c80409a5081144c1281699c4d273ff7af9ae634bd2c8f1255d3730226	未入库:第二档,暂留本地待定
./out_official/mask/00000025_geo.png	21539	e7efef20ba1a0d8f56af97e63d1176b152b66cc475565d41b775c1dc1c61608d	未入库:第二档,暂留本地待定
./out_official/mask/00000025_photo.png	7774	ddfb5726f1b972a948e750c21299377c4d1e5a547487dee8c65907f1e6dd47ee	未入库:第二档,暂留本地待定
./out_official/mask/00000026_final.png	509	24afda3e5ca5c0a82abba4235c86cf4e376df823eff75c2b14c26a423b01541d	未入库:第二档,暂留本地待定
./out_official/mask/00000026_geo.png	8848	78468b5c8a1c05c13b66c156d7cb9ee7f624d3f02c96ff6f696baa77bed3a3be	未入库:第二档,暂留本地待定
./out_official/mask/00000026_photo.png	733	68305a19c306f63efe61360f43adfeb94535fe8a07336fdc57d2370d33781eeb	未入库:第二档,暂留本地待定
./out_official/mask/00000027_final.png	14421	4e90267eaaead93945c297d0c9670fe9ed6b60e33d8ca10126de8740282715d3	未入库:第二档,暂留本地待定
./out_official/mask/00000027_geo.png	16095	573febfbbaa4293d097c01198930b09517ee52d3856752a0f337427f63bac348	未入库:第二档,暂留本地待定
./out_official/mask/00000027_photo.png	4463	1d7e266b6edb1b1988fd23d0e52bd048320a4555ed795c1e9068d9567442c1b2	未入库:第二档,暂留本地待定
./out_official/mask/00000028_final.png	14552	5a03aa288bef9b3bdee14f68b799a4443ba43e0da4de1a57186c8befa44e5238	未入库:第二档,暂留本地待定
./out_official/mask/00000028_geo.png	16253	9656f4c73a3b353bd7d4f035e14394b3f65e74cfeb0cdf77e1b327d391e1a3c7	未入库:第二档,暂留本地待定
./out_official/mask/00000028_photo.png	4367	88c0f328991ed80cf6abb633a3f472581c2e1f7eab2e205f801b3a102500b506	未入库:第二档,暂留本地待定
./out_official/mask/00000029_final.png	18479	9b123ccfa89daa6929e9c5676d4f422484f5e3d6b1cdc4531c2b68e28155616b	未入库:第二档,暂留本地待定
./out_official/mask/00000029_geo.png	19361	6467394d06401e55e7784197d1f74c501acc1ea743fc85159830b657347dfe13	未入库:第二档,暂留本地待定
./out_official/mask/00000029_photo.png	4293	4a02bdb9a37fa9ffeacd9b3c9b3e46e0980824cd41ea1ffa6834236c07a93626	未入库:第二档,暂留本地待定
./out_official/mask/00000030_final.png	10741	5fad4abd9e0e5945d40ef66f4ba6b9bff87837e598abb9da1325755d197024cf	未入库:第二档,暂留本地待定
./out_official/mask/00000030_geo.png	12863	8d9927a0b8f26146432ba42e67fa3bc9108701c7dcf54a13047ffd886cc0b511	未入库:第二档,暂留本地待定
./out_official/mask/00000030_photo.png	4762	5699e4370bb26d95e6490cee08be408b7a2b18ef58f7f71b77a2312ba8eaefea	未入库:第二档,暂留本地待定
./out_official/mask/00000031_final.png	9643	9443f9e8d1ed00a76173b4f7e6ba9e0ab25f3c3f99ef71f6cb16a5f8c512f3bb	未入库:第二档,暂留本地待定
./out_official/mask/00000031_geo.png	12250	63981caa8f047b8b6f5af3581a9a7b90571d3221d460221cb7e7dfb3b0d01f36	未入库:第二档,暂留本地待定
./out_official/mask/00000031_photo.png	3809	0f315fce2dfd3f31a99ffed82b584e51359b8d1450979895810d0e85105e8f2c	未入库:第二档,暂留本地待定
./out_official/mask/00000032_final.png	9665	54315057872442cdc25b1bc8f73adee72e31f0fa2358fff455b5fc9af228b0d1	未入库:第二档,暂留本地待定
./out_official/mask/00000032_geo.png	12450	1657d2752f727c9073c983d33e43d36b5c1f1e75e8381d1ebd00a95a75d20ca9	未入库:第二档,暂留本地待定
./out_official/mask/00000032_photo.png	4197	76b5115ae9c6ab70ccd368fcf62f68d9cdc1f8b60d3f601d913d7a79fe22d815	未入库:第二档,暂留本地待定
./out_official/mask/00000033_final.png	10455	17faad4bbada76365fbd12cccf8dc5d3628aa1028d7b089049a081c953c6fdf4	未入库:第二档,暂留本地待定
./out_official/mask/00000033_geo.png	13909	1265ea2c9227eda92c476c3042c8bb6f8c1646f8e52c2444edc27ebee74f8ff8	未入库:第二档,暂留本地待定
./out_official/mask/00000033_photo.png	4970	7911093b1e2276ff1f41af91507ae336d8bdf3078bb901bebfe11ce6a4415b31	未入库:第二档,暂留本地待定
./out_official/mask/00000034_final.png	11066	2af38d5f0d4bee5145f76951299ea97368b60ceb2948f006185fb85372369fa1	未入库:第二档,暂留本地待定
./out_official/mask/00000034_geo.png	13168	3e7e715e8be41613dae4c66ce931f7c28f64bd7f71f0660bb648b71d84b26045	未入库:第二档,暂留本地待定
./out_official/mask/00000034_photo.png	3501	41e9dec1313abcee3bd7c94283c9284be7dfb6367fcfca5ead9fa65269e92dce	未入库:第二档,暂留本地待定
./out_official/mask/00000035_final.png	3713	5559a9c349d1dedd072e3923b7a9074ea7a4d4f6692f00e327e8501f310052a9	未入库:第二档,暂留本地待定
./out_official/mask/00000035_geo.png	14826	b2ade3ea41a065d3b007e9ab49430432496634c1f7ae231c36cd0edb9ce22565	未入库:第二档,暂留本地待定
./out_official/mask/00000035_photo.png	3157	b5537b94876109f75fe7a9c43942a0dcd7dab0d01f73cc38c930f2acf2066ff5	未入库:第二档,暂留本地待定
./out_official/mask/00000036_final.png	9690	405b42f6b028311dbb55ca9cf60c0c1e67f7baebeca168cf381f38e981890415	未入库:第二档,暂留本地待定
./out_official/mask/00000036_geo.png	12082	b54393228d27b92febabd76c3a757be870c3860a733c10141034e53a9ffb9a6e	未入库:第二档,暂留本地待定
./out_official/mask/00000036_photo.png	3447	a4c075028038b34a1f43f37e0d78ec94eb4bf3c2a99e37ce8d9681d32dc1eb79	未入库:第二档,暂留本地待定
./out_official/mask/00000037_final.png	10181	f53a122cbc34c1dd22482e35be5a44b901bb08726b9562e5608ce1df3c623e1e	未入库:第二档,暂留本地待定
./out_official/mask/00000037_geo.png	12672	15f1cccb77f7615350beb6f5c3afecbf6448e3101f8898bc23021a20b6e3de8f	未入库:第二档,暂留本地待定
./out_official/mask/00000037_photo.png	4024	7ac7e77afa7a871382d330f5acfa63216ce7e0e3562dc0fcbec5d29910f2f9da	未入库:第二档,暂留本地待定
./out_official/mask/00000038_final.png	10361	18bfb38925e90f4e729f7e8f9d28f162df16732d7ab0297c8fa3e60bca2d927c	未入库:第二档,暂留本地待定
./out_official/mask/00000038_geo.png	12633	57ed8d33d770e50762c99fd34fbc78190beba3dd94fe2ea6873f00096c424939	未入库:第二档,暂留本地待定
./out_official/mask/00000038_photo.png	3699	453b2088df8a652b127368775735b46d9253ac119b3021bea8a1ef951c982c3c	未入库:第二档,暂留本地待定
./out_official/mask/00000039_final.png	10793	89b975fa5bafe28166e266b5c63f4ef5142c6d9f609a1bbfba57509a6e378661	未入库:第二档,暂留本地待定
./out_official/mask/00000039_geo.png	11759	3c47fddf3631a974e6a6c8aecc192b29dc53ac2f5fc994e619ccaa91de93d785	未入库:第二档,暂留本地待定
./out_official/mask/00000039_photo.png	3323	e7d942592ecd2a0fcd29a81d10a890919f6fa07666b4c619db83c1763f8b5b47	未入库:第二档,暂留本地待定
./out_official/mask/00000040_final.png	12101	b9c33e3830fbdddfbc8cf9b40f55af0736a1489576fdcbdb14f32bb1ed0679ae	未入库:第二档,暂留本地待定
./out_official/mask/00000040_geo.png	12977	2af8eacaa49b2c50fccb316ad05450379f3a46eb66983ebf85e217595315c21b	未入库:第二档,暂留本地待定
./out_official/mask/00000040_photo.png	3861	31bfe9383375c45f5faa3d4bb76142d4fc4a9c860744746ba7d0409530978638	未入库:第二档,暂留本地待定
./out_official/mask/00000041_final.png	9717	afb68d97c3b8038362cfc2bce7ce76343e9bbd60af66fce63de36fd262ffd755	未入库:第二档,暂留本地待定
./out_official/mask/00000041_geo.png	11372	3d2fd74445e51bd32932d50242c4084def9e7ff77acbe2f1fdcae3a546ccf27c	未入库:第二档,暂留本地待定
./out_official/mask/00000041_photo.png	3610	d334451734e1f2b193811fb9b03724fe2d44df05bb19cb374d1e08ff2c6819f8	未入库:第二档,暂留本地待定
./out_official/mask/00000042_final.png	10623	4cfa1d1e33a159d41c1c9a80baa78028e89791a963e8e42eeaa7556df04c6d13	未入库:第二档,暂留本地待定
./out_official/mask/00000042_geo.png	12302	d357869c0f1e4e1aed3ef054c7c2a8d46c1c3a7773020c4a91a0bb59daf5a889	未入库:第二档,暂留本地待定
./out_official/mask/00000042_photo.png	3726	4cb17364415672d6579d55476e610b18643cb1ffe5485cbe06ea9e93b9b952c4	未入库:第二档,暂留本地待定
./out_official/mask/00000043_final.png	13492	77969c84b902e63c5809b33ee5a15ebcfac1d975f3f98937226969a9279d1934	未入库:第二档,暂留本地待定
./out_official/mask/00000043_geo.png	15096	d4f17799d1281b3606c222909eae324c784d6d241fbc68ba3ab68dca4c141e02	未入库:第二档,暂留本地待定
./out_official/mask/00000043_photo.png	3370	10ca3c4ff20624d4b96b4a87d16ef42220d81308a9706eda2259ee9b969253d4	未入库:第二档,暂留本地待定
./out_official/mask/00000044_final.png	19463	2df75a15e1da54fd6b28ae5b1986cad391daf734cf2b6ee60ea53ac9238f32b6	未入库:第二档,暂留本地待定
./out_official/mask/00000044_geo.png	21684	58ed3591c56840dd2c1bc6378183d340fc8eb4444241cb8c3297d606a9c6bbd5	未入库:第二档,暂留本地待定
./out_official/mask/00000044_photo.png	4298	2106b13cf976654e1da27e5ccf382c11b3e577ee4ac5d3ad136909e6e04ab3dd	未入库:第二档,暂留本地待定
./out_official/mask/00000045_final.png	15631	891fd60ad6d37a268c1f213386407f34ff09e8d8549ff2bb49d8223c0b0eb4eb	未入库:第二档,暂留本地待定
./out_official/mask/00000045_geo.png	16980	c4bd5b4bf8047a66d22ba73ab85297d172862d3d6f820b267f096c160c0199f1	未入库:第二档,暂留本地待定
./out_official/mask/00000045_photo.png	4086	83608c22ba711b649d95202fdbab73d4ccdd5144f2be9a1ec3b511c1289f8b18	未入库:第二档,暂留本地待定
./out_official/mask/00000046_final.png	10896	87553e3739e65dc352f3bdc41577586830a7b0f3055029756796f7481e0fb307	未入库:第二档,暂留本地待定
./out_official/mask/00000046_geo.png	12388	dc4c27382353e08593bc4e1f6f25d2d34ce965e2a75f03b02b65e5ecd974615d	未入库:第二档,暂留本地待定
./out_official/mask/00000046_photo.png	4370	6229d9d98ccb93314c32e882d96d7647648829178f6092ca08509a6c70474a8d	未入库:第二档,暂留本地待定
./out_official/mask/00000047_final.png	11758	460114c0e12fa06b5e959692d8734ffe8e41d4dada58d57c79851b489ba840b1	未入库:第二档,暂留本地待定
./out_official/mask/00000047_geo.png	13538	8f29a808f59d9f7e3e3574aa8b1f232f54c40570c297a8efe286dd5696157bda	未入库:第二档,暂留本地待定
./out_official/mask/00000047_photo.png	4677	b87fad690e0dcbc621d66d3199ba2008befb8f7b523ddf180f397a707e44a10c	未入库:第二档,暂留本地待定
./out_official/mask/00000048_final.png	11324	8ad0e66441eba768d1f7ed4249fd08096de88ff28eb1a3713321259375bf4364	未入库:第二档,暂留本地待定
./out_official/mask/00000048_geo.png	13717	9d2bc82abde722c217aef507c51148d6e8674d0d929105a0fae691205b3bd61e	未入库:第二档,暂留本地待定
./out_official/mask/00000048_photo.png	4494	ed0c331d636e124c0f7113f0e1a6a9681f3bdbd3b1556e36338fb656e704e107	未入库:第二档,暂留本地待定
./out_official/mask/00000049_final.png	10912	abea906566df0912e2e6343212c0ebe9d3a0928241707db0788326d77f34ff7f	未入库:第二档,暂留本地待定
./out_official/mask/00000049_geo.png	13107	d702d97badebb0c751549b2b409fab0b6554e8f09b3703e2468677d5f076abe5	未入库:第二档,暂留本地待定
./out_official/mask/00000049_photo.png	4668	6d04656d89387dbf8413f6a247a38b21a578c905bc7c9ad598ee243dea43afca	未入库:第二档,暂留本地待定
./out_official/mask/00000050_final.png	12364	f31ff4eb94b1a169acf6337bb9d32bd65ba703dfdad88aa60dba75d0ae6872ec	未入库:第二档,暂留本地待定
./out_official/mask/00000050_geo.png	14963	3f237c2c1360a4d8fd5c6c2f81df4d5bd82881e78e282f743dd2a6f394fa3a06	未入库:第二档,暂留本地待定
./out_official/mask/00000050_photo.png	4795	7479b44d2a9c234f71095541ba8a0399cf120a1ad74b6f061446487ac212b730	未入库:第二档,暂留本地待定
./out_official/mask/00000051_final.png	11204	fe5e6fa622b7ea4f2cf67a18da9e1cdc68354a77879da3456214b89ee55aacdd	未入库:第二档,暂留本地待定
./out_official/mask/00000051_geo.png	14437	476e8afa70c041976eb7b9c8d386026a0a0c9cb0174ac0df8621dc1d09a3350a	未入库:第二档,暂留本地待定
./out_official/mask/00000051_photo.png	4846	bd6bab9738e22799810d84233102e401f7c60b81133c516c3a183ef91302e1d0	未入库:第二档,暂留本地待定
./out_official/mask/00000052_final.png	509	24afda3e5ca5c0a82abba4235c86cf4e376df823eff75c2b14c26a423b01541d	未入库:第二档,暂留本地待定
./out_official/mask/00000052_geo.png	11088	c6546f9d61351d8a242e6ebc03488ca11de3c27a8e2e07716f2d81bfb527ac2b	未入库:第二档,暂留本地待定
./out_official/mask/00000052_photo.png	509	24afda3e5ca5c0a82abba4235c86cf4e376df823eff75c2b14c26a423b01541d	未入库:第二档,暂留本地待定
./out_official/mask/00000053_final.png	3237	2ad11787972d3d77f69f0ae4a7b41ca7c8dd6a5951fb1da0d945f61d11b8a34f	未入库:第二档,暂留本地待定
./out_official/mask/00000053_geo.png	11361	7739ee6ca8d3f1cb8f2a07cdcc18930863a5f4979f24f473073c2979b6947a8d	未入库:第二档,暂留本地待定
./out_official/mask/00000053_photo.png	2946	afb9acbc9ca55f308eebe2129a78fbe7f754c08063310cd310e0e241374e8168	未入库:第二档,暂留本地待定
./out_official/mask/00000054_final.png	8762	ed1a139786b7ff9e5ea04bd3d8502fdff0919bce37129f1970fad8a6a43ad0b8	未入库:第二档,暂留本地待定
./out_official/mask/00000054_geo.png	13945	d333659489d4370810e1cf65a52c973cd53b7ed0ad706dd6b3ab11d35f74834b	未入库:第二档,暂留本地待定
./out_official/mask/00000054_photo.png	4906	24967bca6899ab7790d5a31ffbdbe78f6921ce4aa6386b767a20be8b63a8a801	未入库:第二档,暂留本地待定
./out_official/mask/00000055_final.png	1156	acb969500ad201ae78f772659469bd47e3be6d4d02c578e52de4103028bd8fdd	未入库:第二档,暂留本地待定
./out_official/mask/00000055_geo.png	14675	450cd68b4a21753a4ace80ce3eb71b0c9e31834bc6f813c771b1aa3b9a7d84a0	未入库:第二档,暂留本地待定
./out_official/mask/00000055_photo.png	1213	6616372e1392478b815fc099a03a64ecf843f61b49025cd71ca9633f896ad081	未入库:第二档,暂留本地待定
./out_official/mask/00000056_final.png	13735	d0826cfbe8402cd48c9f502385de134f008338c6c25069011ed384d4d4ca0d87	未入库:第二档,暂留本地待定
./out_official/mask/00000056_geo.png	16122	0e771a9dfb34c618f87582e4115edee8d4cf6e8ca647c40f2175700f10007a06	未入库:第二档,暂留本地待定
./out_official/mask/00000056_photo.png	3983	1ff440482ab84fbdc652c0d478e06eed841d28ffa87c8acc084911fadc825b2f	未入库:第二档,暂留本地待定
./out_official/mask/00000057_final.png	1280	f9856bee5c3b0ae2fcb1906a46676a147f62434b25f32aa7b38053cfcaea7b27	未入库:第二档,暂留本地待定
./out_official/mask/00000057_geo.png	18523	af6416059df41ad496fe0b4b4d9ace5b0289b79b3c465567ba32e0f24191ff8e	未入库:第二档,暂留本地待定
./out_official/mask/00000057_photo.png	1310	73a0bf57273ac6a73413b8e0381f4a539d6ac351be181ee58823eb33f06c6691	未入库:第二档,暂留本地待定
./out_official/mask/00000058_final.png	15548	3d83f291a5cae35be043ef172fece8e8d5a48255738bb0a8093b5132247856c0	未入库:第二档,暂留本地待定
./out_official/mask/00000058_geo.png	15983	140d15d3268ef6d5e90e96e16bcd96f702b9fc543db8a030cf1d6a3a368cd528	未入库:第二档,暂留本地待定
./out_official/mask/00000058_photo.png	3501	099759539fb1b4b1dde2d46b0ddc217b5c9b83cc8ecb60856290a8baa80cf7e0	未入库:第二档,暂留本地待定
./out_official/mask/00000059_final.png	9868	8e12379351edf5e5324efb3549d3b206b9bab6f566fe207d88d1adea1a359c95	未入库:第二档,暂留本地待定
./out_official/mask/00000059_geo.png	14118	fd6d29cf2c8b3793f8683fb779c6b15cc58eed3dd0de23cfbb022a37430b0389	未入库:第二档,暂留本地待定
./out_official/mask/00000059_photo.png	4805	610f0a5932b226042461fa8881333ed5cba41c446aa5550f55f0b75aa05b22f5	未入库:第二档,暂留本地待定
./out_official/mask/00000060_final.png	9197	cdb2f339e9be23f889527c55b2611c523b9b0a8a022208bbc34a20caecfedd46	未入库:第二档,暂留本地待定
./out_official/mask/00000060_geo.png	12771	12a1f114189d08c8b70b9ca09060dac6c775134e61e88e19afbe99818ee916de	未入库:第二档,暂留本地待定
./out_official/mask/00000060_photo.png	4779	a8e1e722ad1ccac57c8a7100b6779dd7f4c28b52bdbdcd19725eab9a13088428	未入库:第二档,暂留本地待定
./out_official/mask/00000061_final.png	19855	dd24873867ba34a174f34795d12b4ba26e4b4a01adff96d7ac85b547c1c5c607	未入库:第二档,暂留本地待定
./out_official/mask/00000061_geo.png	22577	964eee255871ff9c7a87956738fd245f633a5bb9b05a48cb958a83d5c98646b9	未入库:第二档,暂留本地待定
./out_official/mask/00000061_photo.png	5046	022b3d156a37ab67e78bbc8a5ff8d059ba056ee187cdb4ee1f57881d1458367f	未入库:第二档,暂留本地待定
./out_official/mask/00000062_final.png	8896	7085996ee40780e4b6d140e8195d793801251107ae1f07796613d99d5c415dce	未入库:第二档,暂留本地待定
./out_official/mask/00000062_geo.png	11252	41a25c2aedfc66690f86059dfc7ebe3fd7296127e4211b542fddd56ea17bcc27	未入库:第二档,暂留本地待定
./out_official/mask/00000062_photo.png	4423	ded8a640e4f6bffd24213767e41e8598995c8dcb4843021e3a1f8f4746919326	未入库:第二档,暂留本地待定
./out_official/mask/00000063_final.png	12716	e63a4abdca6856334ea55c4f69660ae0580d74c1bf7c7ccf1ef1822f11938b3a	未入库:第二档,暂留本地待定
./out_official/mask/00000063_geo.png	15718	3cbf6020a0ce1287ecd3069e1a1630065882223099d42477096aef2b737c8ed4	未入库:第二档,暂留本地待定
./out_official/mask/00000063_photo.png	5536	d892b0f00862b031c1673989492bada3cbf3d68cf62961c58aeee3f67dfaf242	未入库:第二档,暂留本地待定
./out_official/mask/00000064_final.png	9226	8a502790b1dcedab5cb24211e0dc743231b3b4b526c4421b187868f2155e1ad2	未入库:第二档,暂留本地待定
./out_official/mask/00000064_geo.png	11719	ab8730757d2960f2687eeb2271ebc1b51e8901f015ee92693816e071dae381cb	未入库:第二档,暂留本地待定
./out_official/mask/00000064_photo.png	4671	be75320c28a0958f9f731969795d59b3ea69bd15ea3be4d615e805dad766333a	未入库:第二档,暂留本地待定
./out_official/mask/00000065_final.png	9839	cc0ed3454cc0561a7270cd5c432e438220b098e1ff12ef4b2c8001ec1f526063	未入库:第二档,暂留本地待定
./out_official/mask/00000065_geo.png	15235	11b5a8252657b7ff85022b45f4d72fd490ae9620b5dd1e97ae14a4bca0df2aae	未入库:第二档,暂留本地待定
./out_official/mask/00000065_photo.png	4957	fc636fb0f44b65eb945ddabb8a240ff0a703b3d626fcd791ff30772ca9c66511	未入库:第二档,暂留本地待定
./out_official/mask/00000066_final.png	12232	c1a0697174b94d87c8a3a5c6dbbd6372dbac58bd06a30e2433261b50d555622d	未入库:第二档,暂留本地待定
./out_official/mask/00000066_geo.png	16232	cba7d0787d385e582df47d4e2994026d00f6a8cec75538aa10065ced1c92aee5	未入库:第二档,暂留本地待定
./out_official/mask/00000066_photo.png	4529	694afd610ee2549cad634ac0f32c42490bc4fd09dfb81340e22134e5e37ec913	未入库:第二档,暂留本地待定
./out_official/mask/00000067_final.png	8711	6c4c62733e3d7a0f5d814938d2e3143e2399d9221bee256739727611f2a415ab	未入库:第二档,暂留本地待定
./out_official/mask/00000067_geo.png	11311	9b1ed0bdc2110e2791288ec0a3badccea27d5822bf48ee30c8c681505240d55f	未入库:第二档,暂留本地待定
./out_official/mask/00000067_photo.png	4388	8d23e8ad9614b08ce0a2eaa7020efe9ab7b8fb0be1fc4a2cd1e1c306c3a871ea	未入库:第二档,暂留本地待定
./out_official/mask/00000068_final.png	9982	3a90ddba695ed57c07bcc91a41fb655df09148f43a97bde75e72d940ad73dbc9	未入库:第二档,暂留本地待定
./out_official/mask/00000068_geo.png	13970	07b8a7ee44d7741a45b95a950ef98d61f50f6b332b7e0db1df757e7ee033d15c	未入库:第二档,暂留本地待定
./out_official/mask/00000068_photo.png	4762	095be46689b3fecbe63f48f2f57ec04aff17d72145be2a84f7ba3dd708a45052	未入库:第二档,暂留本地待定
./out_official/mask/00000069_final.png	2838	0559927ab46ae5c3a573890e22476421a3f67ff83d7a480f80004119a211a337	未入库:第二档,暂留本地待定
./out_official/mask/00000069_geo.png	10165	ab708f17f80051f11114e8a55313230ff25c45696d9ea9c0a53adca8911816fb	未入库:第二档,暂留本地待定
./out_official/mask/00000069_photo.png	2541	bce3c341fb2a9ca0f1b61cf8f4ea72e21ba0a55f5d052acd812fd76b00e4786f	未入库:第二档,暂留本地待定
./out_official/mask/00000070_final.png	16965	f3d392dcb07db7cebe3468cdbe7985394129abc68c2dcf93c426077425543960	未入库:第二档,暂留本地待定
./out_official/mask/00000070_geo.png	18742	db055acdbf08e0d8fa74450d8ed5b52358aab71348eb4c2c897a465c49957381	未入库:第二档,暂留本地待定
./out_official/mask/00000070_photo.png	3258	7fac5a81d819638240c5ed5fe7051502d3c599897f2df429a9f1d35622a40219	未入库:第二档,暂留本地待定
./out_official/mask/00000071_final.png	19967	a0c6efbaa195018d47075482cdb7669f6d73c36afa859ec19e301ac3cab918c6	未入库:第二档,暂留本地待定
./out_official/mask/00000071_geo.png	21626	49b250e7b0bce7f6d5ff536729038c7ee07d8de436aa2c1c3174e4cb7a8d5f18	未入库:第二档,暂留本地待定
./out_official/mask/00000071_photo.png	4809	278fc3ab8e9abd57a4dce6e343ee7e6767e456719cb15fe1586f7d5d58cbbb1f	未入库:第二档,暂留本地待定
./out_official/mask/00000072_final.png	16229	3c1ec6d6a160aa762b36e17ca83e1fa3186485f91574fc69098aa2be1dce1c73	未入库:第二档,暂留本地待定
./out_official/mask/00000072_geo.png	17915	fea84ccf1deac2600395816342f9114f0d873a11b9fb98987e81491ef1d61ff2	未入库:第二档,暂留本地待定
./out_official/mask/00000072_photo.png	4419	e15c42f7c6def8348a1c66b3e95d11c1291cf5f5dc436db62c56780d0d6524cc	未入库:第二档,暂留本地待定
./out_official/mask/00000073_final.png	17471	b0131ad533b1a1f99c9ec4cad3dba7e1c7b5a8f4b7106ab3823a5628687de28b	未入库:第二档,暂留本地待定
./out_official/mask/00000073_geo.png	20247	76b0ec909cb13013bc6749dca331ca903242759faa314b94dfb704e8d501e07f	未入库:第二档,暂留本地待定
./out_official/mask/00000073_photo.png	4461	0f1bc5baf32731fd0054a47c78e66fad88ff4a085a3e653886b311a6682207e5	未入库:第二档,暂留本地待定
./out_official/mask/00000074_final.png	14217	a711b9cf1a77286a62225f0426fc74f7e6a2d52889143646c85f9c70bc7dbe32	未入库:第二档,暂留本地待定
./out_official/mask/00000074_geo.png	17213	8d0239c6892edc0a2fdcefe382c2a3c4c987fa5e6bf19257caff3194ebcc88e0	未入库:第二档,暂留本地待定
./out_official/mask/00000074_photo.png	4634	65f5d8a90d88001a43fa1fddd83e0c80b5b0c2d995270b3303720613692c713e	未入库:第二档,暂留本地待定
./out_official/mask/00000075_final.png	14724	8c1eac2053e091768e08bce5b92800ae9035a6250862decd0bc8481f3b8d9888	未入库:第二档,暂留本地待定
./out_official/mask/00000075_geo.png	16434	5b195a66028540c2b511e16828c81a6bd930e2edb131185b80abbf9c16605ee7	未入库:第二档,暂留本地待定
./out_official/mask/00000075_photo.png	4493	f1ef9f5b938855c848be7ba539f76a2e2f11fc2c6ea6f972eda118a59788a750	未入库:第二档,暂留本地待定
./out_official/mask/00000076_final.png	1374	97c779a0b8227865121794bd9c37d9986cf7857bccd8c998955dbb0d74cf8239	未入库:第二档,暂留本地待定
./out_official/mask/00000076_geo.png	12749	c26d85ac0ed6a92070e63a582caa15a2eb6b3a5eafff6db311536750275f9a6b	未入库:第二档,暂留本地待定
./out_official/mask/00000076_photo.png	2051	19bb0f92d86a494263c62f9ef5f308c7fb65239e60e286cb0dc325845c8afd67	未入库:第二档,暂留本地待定
./out_official/mask/00000077_final.png	9484	6dc2a76b27303067d288328ec64a98077f7c7a4799e08e29565dfc0f0a2c22a5	未入库:第二档,暂留本地待定
./out_official/mask/00000077_geo.png	11986	0997746100d0538f43f36bfbe4665645d76e7d047f377e0af646878dd421cc1a	未入库:第二档,暂留本地待定
./out_official/mask/00000077_photo.png	4612	830d6b70a2e885afbbf195b968e6285b82f0a73f9d7bc6902ad7468ab1306685	未入库:第二档,暂留本地待定
./out_official/mask/00000078_final.png	9567	2ff004a13676432bd929e78ac631cbeab42ddd18969428c8b58efc11cfe41f07	未入库:第二档,暂留本地待定
./out_official/mask/00000078_geo.png	11253	fc4544fa34de82c531776a5a45b5f03d1c8da156c44a9619792482747b9fff90	未入库:第二档,暂留本地待定
./out_official/mask/00000078_photo.png	3946	0f4af743eb054c9a37c2be3dd7cf924d5b247ae4594bb82c6fdfe16215137d78	未入库:第二档,暂留本地待定
./out_official/mask/00000079_final.png	13946	359c3a44d970d2ec369723a14b6c6e298fc117a0d2d6faae169c513a93e7ce4d	未入库:第二档,暂留本地待定
./out_official/mask/00000079_geo.png	16059	695025eb1d28780ec5dc9743dd38cd3d1c5b1707daa53cf34760b6e71be3512a	未入库:第二档,暂留本地待定
./out_official/mask/00000079_photo.png	4510	ff9ebefd9d91064c2163647cb0bb11cf6200e818d8ef7ec532b3036a579b68a7	未入库:第二档,暂留本地待定
./out_official/mask/00000080_final.png	11730	cf8e1e8412b50dc4086c46dd3dc12092c1454fa2725855f6463668c62d1cf60a	未入库:第二档,暂留本地待定
./out_official/mask/00000080_geo.png	14143	9db6d4373054eb588e3968267ac640de76a52224c7ecc20c935611c61824dc21	未入库:第二档,暂留本地待定
./out_official/mask/00000080_photo.png	4082	7e74694c6b51652ae158b66b36be9534906ff683806a82050bed45b78d7babb6	未入库:第二档,暂留本地待定
./out_official/mask/00000081_final.png	13982	c2eaabd830e3e40dc32aa7d24473c3f64092d3ba8b6bdc40f676654db1c2de91	未入库:第二档,暂留本地待定
./out_official/mask/00000081_geo.png	16840	83d2d5bba4637d11fb6614e5a67251c1c74ed65663819a136a0d32f77a706ccc	未入库:第二档,暂留本地待定
./out_official/mask/00000081_photo.png	4420	3b72d2fa504fdd12c11c3ec78904b8221f96f1bd45e6fffc317527e3584d3d8e	未入库:第二档,暂留本地待定
./out_official/mask/00000082_final.png	15110	7933cfce88d1d5df0f0c3473799d85edf0bf70d0398a61eac454d65020b5896d	未入库:第二档,暂留本地待定
./out_official/mask/00000082_geo.png	16932	400783d2f3fd5563f31c6bfcd442537c3b9484dda78fefe0876c6ef6edcb234f	未入库:第二档,暂留本地待定
./out_official/mask/00000082_photo.png	4277	07db33065e65f657069cb52c72603f43ef046dcd0d4e4e42b43838a7c4fcbf94	未入库:第二档,暂留本地待定
./out_official/mask/00000083_final.png	9438	8095c148bdbddf8013fd5824d8a700d6ab9360679642ca2b566cbe17038a2768	未入库:第二档,暂留本地待定
./out_official/mask/00000083_geo.png	12431	8c22162bcae984f96411659b1ecbf455f0bde448fd6ee37d6597656d20d1f1e0	未入库:第二档,暂留本地待定
./out_official/mask/00000083_photo.png	4448	2ceff6d82f3f4b5cbf8d06033ea0d9b96049b167b74a4290db01211d08a749c3	未入库:第二档,暂留本地待定
./out_official/mask/00000084_final.png	10084	b40bd896ae5f64ac4d26068a8cff1fab1d5895c00c33ddfc6746aad685c2b336	未入库:第二档,暂留本地待定
./out_official/mask/00000084_geo.png	13008	35f61362c2f943abb7dabae2e4e7b944a48e655ae9ea0ef4de53ff3b4f745f2d	未入库:第二档,暂留本地待定
./out_official/mask/00000084_photo.png	4657	6ececf39287cc3753757687e9f00669dbb5001ee990842a2ba3852e8ea824d40	未入库:第二档,暂留本地待定
./out_official/mask/00000085_final.png	9966	1874f01edfded53458e32df84ffabb3e17eaaf07e782a477b1241b3bb85ba194	未入库:第二档,暂留本地待定
./out_official/mask/00000085_geo.png	12664	9f055ec9d58c59623cce3fcd3455c8aa63c7d39996dcb71ead0f3d917a9338ea	未入库:第二档,暂留本地待定
./out_official/mask/00000085_photo.png	4668	7cf758e18fab04c573a29ea2e09c3022bfc7ec431c34d71fc9eeaf1e72237666	未入库:第二档,暂留本地待定
./out_official/mask/00000086_final.png	11752	41465e08a10ef8a9f05e209a7e8a2e6269de37a6d9e049ecca2dddc83ecb4806	未入库:第二档,暂留本地待定
./out_official/mask/00000086_geo.png	14358	cfd6cbd650e8d2e5282e5939a3dafc5111498fb1259901e79f2cc89e76049e87	未入库:第二档,暂留本地待定
./out_official/mask/00000086_photo.png	4270	d88a79d9771cb3952b82bf0da431d3739407ae36cd3d41420574097eb1da25a6	未入库:第二档,暂留本地待定
./out_official/mask/00000087_final.png	15241	5ee5d974fa03c0434578d177b7ab7c976cc30bd838274dbad3b62629a3b0d6eb	未入库:第二档,暂留本地待定
./out_official/mask/00000087_geo.png	18006	63e08df024ee711cf0d602da71558ff59bf67678ff92591422bb816ac2d38f28	未入库:第二档,暂留本地待定
./out_official/mask/00000087_photo.png	4432	1e44947bb79fe9629f34eb38324fe8ce5a6bd44f1c47a9b65f3e45ac4a4eb4fe	未入库:第二档,暂留本地待定
./out_official/mask/00000088_final.png	15118	b763c2ee36cce2939e59494f54b69114e9d38aa642f0aaacf2d8f65767a252e0	未入库:第二档,暂留本地待定
./out_official/mask/00000088_geo.png	17915	9b93f0e68af8bf8b87ef117489057391bd564381aab8753361ae62e98272d80c	未入库:第二档,暂留本地待定
./out_official/mask/00000088_photo.png	4734	0e0954eb3a9870342ca75c0148e91b29626203665817c404fba4612baa0293f9	未入库:第二档,暂留本地待定
./out_official/mask/00000089_final.png	14109	50a3ec792e49ef103a2bda584e6019be759490e0bcc558d5a66ff0b873fde2ef	未入库:第二档,暂留本地待定
./out_official/mask/00000089_geo.png	16702	3bfc75dda6a3788132d63d3d3ef7b5385193e754a1a57f8a8efb9eb6edf016f9	未入库:第二档,暂留本地待定
./out_official/mask/00000089_photo.png	4541	f7d00bc1d4194edf459e7bbf8cb806d30ec31d837886701e4656536c09c0480e	未入库:第二档,暂留本地待定
./out_official/mask/00000090_final.png	2260	e32f94f97a39fa6e046b3bb63b86a2b3da13bfff74d77621b77fb5c201407579	未入库:第二档,暂留本地待定
./out_official/mask/00000090_geo.png	15666	2b5dd037df4a789cd200d6ce4323225b01f3a83a5f44e9cafbfee4945874afed	未入库:第二档,暂留本地待定
./out_official/mask/00000090_photo.png	2247	389ead86b939e5acf975cdbce6c80de9b5c4ce0f98fb352ca4f2bbd4008edcb1	未入库:第二档,暂留本地待定
./out_official/mask/00000091_final.png	14992	08d314d1d163298b11d94c3629e898b90dd72e9964c6d69260021b1eaff445ed	未入库:第二档,暂留本地待定
./out_official/mask/00000091_geo.png	16874	20525be3dbaea1d61c737c7ae2ba817213e64798c4ac0d9d99a9e224fd3da368	未入库:第二档,暂留本地待定
./out_official/mask/00000091_photo.png	4803	ea78268d253f20f5ec527903d8c6d57b390cb338e220a88b7c904a52af8d4e72	未入库:第二档,暂留本地待定
./out_official/mask/00000092_final.png	2043	28ce0d8ff6ceb822645b305433ff671bd55f9cd3347b3869be3cc69d28b7b7e4	未入库:第二档,暂留本地待定
./out_official/mask/00000092_geo.png	17245	7ca7e39f613518ac54fcb30b07c01804cd8b580c9a261cc29a4a6aa30af439c6	未入库:第二档,暂留本地待定
./out_official/mask/00000092_photo.png	2268	1e7d2379424906632d3a62aa708ff0a9b2e6d25ddf399eb341da9df426bf36a4	未入库:第二档,暂留本地待定
./out_official/mask/00000093_final.png	12727	e6a8ec1d4b7a3c003404a8ba89160d46a8ade0a0046453531e83b98f16cb85f2	未入库:第二档,暂留本地待定
./out_official/mask/00000093_geo.png	17014	db970135c2ea299ae4385f9f20d472ede3fcc55a4f032be38ab301fc0d427bd1	未入库:第二档,暂留本地待定
./out_official/mask/00000093_photo.png	4924	63869d85b080adbc93382ab2d81a370b7db2a0cc852cd72b8e544ecf45363c7a	未入库:第二档,暂留本地待定
./out_official/mask/00000094_final.png	13263	c5abf53cb76948a387419e20621083f659a931798805cb46e19a4278a4e99812	未入库:第二档,暂留本地待定
./out_official/mask/00000094_geo.png	17212	e82f712e9620626f2d759e8731da56733562f076b44f923f856f9bc242fa7dcb	未入库:第二档,暂留本地待定
./out_official/mask/00000094_photo.png	4602	a3ef3a49f1e9b86be26b22d9547c1f597b4329f2cfa8563f0c750bfc8982bb86	未入库:第二档,暂留本地待定
./out_official/mask/00000095_final.png	16186	aeb9b45339100ebf73110548b98ff696685fe248daca57e1e2770054a6e3d686	未入库:第二档,暂留本地待定
./out_official/mask/00000095_geo.png	18850	44c0c28cabd7cf3fdc2385dec3f1f6d5e7a8a8c0cc390b2016a21f7a4a7d8674	未入库:第二档,暂留本地待定
./out_official/mask/00000095_photo.png	5277	20908df6bf120c0789c04c5219705a477d719dc3793b265c2fef86241c8ce2dc	未入库:第二档,暂留本地待定
./out_official/mask/00000096_final.png	16037	c41b4bb9c4f934c0db4bb4e1365856baa6186b68e685f09e473ff5bef23ccd96	未入库:第二档,暂留本地待定
./out_official/mask/00000096_geo.png	19090	b599788c52728cc0628360c87c65960ab4654aa8d6ebbe19e3f2eaef19eca3b6	未入库:第二档,暂留本地待定
./out_official/mask/00000096_photo.png	4586	639061ff9e4f19c01c95f70d0fe512aca3e30a7ea679aa6925773ee5476f91b1	未入库:第二档,暂留本地待定
./out_official/mask/00000097_final.png	8027	0c1deed1c521cdd947e7668461f50803e1367d969ae2ca75630df91ad3065a27	未入库:第二档,暂留本地待定
./out_official/mask/00000097_geo.png	11277	108489299bbb5098168e9ac7c1d168aaa4339f62bf152cf63aedf970ad4b3d35	未入库:第二档,暂留本地待定
./out_official/mask/00000097_photo.png	4409	454c80b2d80d238bd17d1efa4a2d5c94a3f5d602b314e0a62b0c8f03b8082add	未入库:第二档,暂留本地待定
./out_official/mask/00000098_final.png	8826	cfbe2b1041c8073df7b551876253b794e466266e8f5f5532d1c18a5103b92b7e	未入库:第二档,暂留本地待定
./out_official/mask/00000098_geo.png	12028	81967f40e166dd3c0ec20d0bc56dd1cdfbece6e0861371b6cabeb4f285badc83	未入库:第二档,暂留本地待定
./out_official/mask/00000098_photo.png	4379	3a39073f9570242152dd608f47420aa0a9b3ef1dceba7ed64aa40a6eac4638a3	未入库:第二档,暂留本地待定
./out_official/mask/00000099_final.png	11564	1f89d3b4692ff726924aefa802a38d3750884a6d101e2126f1b552564dd9c7ea	未入库:第二档,暂留本地待定
./out_official/mask/00000099_geo.png	14635	fdbc363314d829ecf88de1b19ac139dd2610fdb1cc91755273a5a6726b3836c0	未入库:第二档,暂留本地待定
./out_official/mask/00000099_photo.png	4244	07d774179e06a31233ca7fb99e5a1d02d88b8cd179175a3324ac7448f5197e14	未入库:第二档,暂留本地待定
./out_official/mask/00000100_final.png	11558	7ce18f32a87b90e46b8199ee1035217962b40c9f38d7c2d04b06962d010a56ad	未入库:第二档,暂留本地待定
./out_official/mask/00000100_geo.png	12273	6e914b520e4294d14f06b76eddcade7000194e033dcfcabc9a394403244f4432	未入库:第二档,暂留本地待定
./out_official/mask/00000100_photo.png	3803	fcfdc358f5c36461d38816ac227ad908bf154f458399fee39141d1e34479fe05	未入库:第二档,暂留本地待定
./out_official/mask/00000101_final.png	10671	330d19eb206e191b2f8fad90a2369ea36a69ef3fe38a1ee8721a72319f239014	未入库:第二档,暂留本地待定
./out_official/mask/00000101_geo.png	14579	189fa6796a8033e5b3b81295814f80ad4f42819c5397b084aa9ff058fbaebbd4	未入库:第二档,暂留本地待定
./out_official/mask/00000101_photo.png	4499	516a3b5998bbe9c1a757b2288f5e46b459c94dd5410ff296f01e2954193e4a35	未入库:第二档,暂留本地待定
./out_official/mask/00000102_final.png	8817	c2d11989242a23eeee30a0208496292f25d32b67b4983896a54c0688e693ec20	未入库:第二档,暂留本地待定
./out_official/mask/00000102_geo.png	12045	79cd63a0f1308a94b92e01756ef921763f444658dbc4a98a07214a64f932d0d0	未入库:第二档,暂留本地待定
./out_official/mask/00000102_photo.png	4234	0dcb226159667586bc8d4217ddec84cff5168bb6bb396d5de4bc09f4d8bf1814	未入库:第二档,暂留本地待定
./out_official/mask/00000103_final.png	7817	4d0016557f00db49d1fdb9a6bdf53c5ca1ebe2d7e64f4a2895431b26a77a6fd6	未入库:第二档,暂留本地待定
./out_official/mask/00000103_geo.png	17247	84cf03e1fa899aafc8877af53614919a954c025fa0ad096f70f48612278b1191	未入库:第二档,暂留本地待定
./out_official/mask/00000103_photo.png	6619	407cb6a3d0ab4bd6d50cf925f13ddd6c925785d1e424ff81a5bd7937b19410d8	未入库:第二档,暂留本地待定
./out_official/mask/00000104_final.png	13384	606f8852f1a35a4dfec752109f9fb3065c4abb43d4806a92568bbb517baae016	未入库:第二档,暂留本地待定
./out_official/mask/00000104_geo.png	13805	bc6fd20eca164924a0a24a36f92dc4d9faa84435d5bbe805511a2df59df29d11	未入库:第二档,暂留本地待定
./out_official/mask/00000104_photo.png	3456	f3b6c45aa97667df5b5b1547753023a90e0ea3c75f3543e101ec525bcdaf5ae0	未入库:第二档,暂留本地待定
./out_official/mask/00000105_final.png	7911	499fcc077044cdce1c9e67827374f4f82253d939e5fbe6284eedc2ecfeac0ea7	未入库:第二档,暂留本地待定
./out_official/mask/00000105_geo.png	10545	6535d264d7a68bea0082bccc0447dc263145e5e085da791b6ada8adf037295aa	未入库:第二档,暂留本地待定
./out_official/mask/00000105_photo.png	3953	b3a2bf2def5ca683993454abf80a6c54514624f8edf10e73d7c3ae4ac8cf3e1f	未入库:第二档,暂留本地待定
./out_official/mask/00000106_final.png	13786	39179c7ea5c93f9ede586c7da07a06fcfaddb31768f8b2540cae096d5c393417	未入库:第二档,暂留本地待定
./out_official/mask/00000106_geo.png	16347	fd4b67b93793ef8400383ab2df84d48d2814004240e63c6a3eb7989ab0db825b	未入库:第二档,暂留本地待定
./out_official/mask/00000106_photo.png	4704	03af6b425b5d356df6ffa2319200221a057ff1b0465044797b6957aca52dfc05	未入库:第二档,暂留本地待定
./out_official/mask/00000107_final.png	1895	ff4ed0d5ae97a299742607fce00509cd37d5706effa87953531b802b2784b47c	未入库:第二档,暂留本地待定
./out_official/mask/00000107_geo.png	7668	5c7f114e2eb0627aaced0b4409d9ed5d2c34e114cc9e3493b0489d85e0847c57	未入库:第二档,暂留本地待定
./out_official/mask/00000107_photo.png	1577	93333850f6532d404f74b5f40faff8e8fe0961d61118d425f8977676336f17b0	未入库:第二档,暂留本地待定
./out_official/mask/00000108_final.png	16712	fe3b65ada2276f9cdf70d5c49b39b320bd3000ffe1886a2ca1feb1cee8773d2c	未入库:第二档,暂留本地待定
./out_official/mask/00000108_geo.png	17907	18139b1da2b07b1e2892d6434d41e2d122c67b5e33b5d893086408e55c82e480	未入库:第二档,暂留本地待定
./out_official/mask/00000108_photo.png	4144	626ee29aa689f4db23fef8f63359fa09fbf6137433e5967340e4f3714d11441d	未入库:第二档,暂留本地待定
./out_official/mask/00000109_final.png	15149	dc23d39adfc44bf65f08a92e9b0ac1e7bd962277c1420ebc01909e8d0531ab2a	未入库:第二档,暂留本地待定
./out_official/mask/00000109_geo.png	16336	55b38044612aa946795a30609c5c8501790ba8e29e48100cabeae48d00e2b4e8	未入库:第二档,暂留本地待定
./out_official/mask/00000109_photo.png	4055	a5a9736effbf76f33f9ff2da74beb265bc0bb9985990d6f184f6e8cb5bafe020	未入库:第二档,暂留本地待定
./out_official/mask/00000110_final.png	16438	6452b6e6d3f7de8d0b2e978441c88296081bada65b350e4d3762e9dd7cbc6885	未入库:第二档,暂留本地待定
./out_official/mask/00000110_geo.png	19026	1af6a80f5ffd9f3ad835fe60bac7c2775009e5554f6d7efdb0b4e179e30175c2	未入库:第二档,暂留本地待定
./out_official/mask/00000110_photo.png	5060	5dd9960e0488289831949c5961bd46d0e963e09a616d556063b7a3f5482421f6	未入库:第二档,暂留本地待定
./out_official/mask/00000111_final.png	8048	1d32406ec2525f16da511a43763df68fe4b48e92ca5ba1ec64b2e9ccfdb484c9	未入库:第二档,暂留本地待定
./out_official/mask/00000111_geo.png	12434	c7eeb23dabbb0025db02bf6961a2171c31e6765f1510ff25f13a101cb3c53541	未入库:第二档,暂留本地待定
./out_official/mask/00000111_photo.png	4129	db2e609a3b35157de5fc56d3f747c3171e17c8759572a5607bcf58a01906df5d	未入库:第二档,暂留本地待定
./out_official/mask/00000112_final.png	8495	e2cc29c60c68af17c43a663505500b25ee3a9e448986f8be52e0de989f152a16	未入库:第二档,暂留本地待定
./out_official/mask/00000112_geo.png	12769	6aa714929d3a6981ce3128e05eb5a18a8f0de66f23c60f52eb00ac3900f16167	未入库:第二档,暂留本地待定
./out_official/mask/00000112_photo.png	4162	0afe2b323de7f24a7ab11572f9ccc1c1ec2d67d7aad45096ae7aea3af0795dd2	未入库:第二档,暂留本地待定
./out_official/mask/00000113_final.png	1380	38de777d6228b52186a02b0c4b36915da722bb338d368baf2be0b070e8d3c8eb	未入库:第二档,暂留本地待定
./out_official/mask/00000113_geo.png	5447	fe406dfa12923dd7ce01ed10a1252fb8f52fa34bd5e5c5fa6086f6462989f9e7	未入库:第二档,暂留本地待定
./out_official/mask/00000113_photo.png	1491	80cd451ded71ebd01608ee5903774ea2e61d4e4fe91b8bcf4cb0ddb8dec6c2c9	未入库:第二档,暂留本地待定
./out_official/mask/00000114_final.png	18383	9e1e912ccddabc71db217dd6c2bba509211108c17208fe085618a6b50d0f5776	未入库:第二档,暂留本地待定
./out_official/mask/00000114_geo.png	19892	5fe24b9a8763e925c1534a7c19011c2298fcebe8f528770c27ef7e71ed7469de	未入库:第二档,暂留本地待定
./out_official/mask/00000114_photo.png	4952	49638b9dc777275e8cb01bcad7b66fc722f2ccf7a3e6495eca57915f16905af8	未入库:第二档,暂留本地待定
./out_official/mask/00000115_final.png	2378	c071bc13effa661f1741340da0d2441adef44bb2277196ae0d1e3b518e2f4456	未入库:第二档,暂留本地待定
./out_official/mask/00000115_geo.png	14530	f02546e3f3924f6e9d31c51504c452e7d24d399d076346f84d35abc0470e878b	未入库:第二档,暂留本地待定
./out_official/mask/00000115_photo.png	2291	b281d69e01ce823a6d74401a1c8bf5daba05723ded4c438a25a1d162270d52fa	未入库:第二档,暂留本地待定
./out_official/mask/00000116_final.png	12236	fb1690bbed4328ddbd00fa724f6729ff16805b9fb81008ae570fd10a18c2edff	未入库:第二档,暂留本地待定
./out_official/mask/00000116_geo.png	12919	61dd39ea9b51f2f9597495de5e5c06fa307ae66a5e45638b6e7c2f2701b5e9be	未入库:第二档,暂留本地待定
./out_official/mask/00000116_photo.png	3868	20503eca6b4d9c27a94f485008f67c6384b9b1f817df0b4a8bc25b413a822bdf	未入库:第二档,暂留本地待定
./out_official/mask/00000117_final.png	8342	8c8c5a3a52b5060186dc5353c39c265522025201c802c4dcc34d70b5325690d8	未入库:第二档,暂留本地待定
./out_official/mask/00000117_geo.png	9794	73a7373073e39020c4a406d551a8d9de3de81a1f82521f14aca7144cf56f63af	未入库:第二档,暂留本地待定
./out_official/mask/00000117_photo.png	2866	8cb9a7d946f3534eb5a20a4fd5f98616586c219bbf7248dd059e8074a5d865bb	未入库:第二档,暂留本地待定
./out_official/mask/00000118_final.png	12834	aee3e2b7cda7523792f1c69f8003cf311af83252027548625ea83263eeb0d55d	未入库:第二档,暂留本地待定
./out_official/mask/00000118_geo.png	16585	eda5449a65ccb6a65adce5cf3b00b7ddab4501730985dc100ad3a8942da88814	未入库:第二档,暂留本地待定
./out_official/mask/00000118_photo.png	4210	5fbd5f9ab849b67d450c1ac0b68620bd15b6514dc3934b15fc1af0f9db80016c	未入库:第二档,暂留本地待定
./out_official/mask/00000119_final.png	509	24afda3e5ca5c0a82abba4235c86cf4e376df823eff75c2b14c26a423b01541d	未入库:第二档,暂留本地待定
./out_official/mask/00000119_geo.png	2735	189ffe6346f5f6d1f4e0608114e862756dc200c00c8807184a997664ecf55e5b	未入库:第二档,暂留本地待定
./out_official/mask/00000119_photo.png	509	24afda3e5ca5c0a82abba4235c86cf4e376df823eff75c2b14c26a423b01541d	未入库:第二档,暂留本地待定
./out_official/mask/00000120_final.png	1607	fd992fb4a04b182f6c173d34c951e0dc465ecf2017a99caa43422584cb6120b1	未入库:第二档,暂留本地待定
./out_official/mask/00000120_geo.png	8213	353235675064954ddbcffb284dbde284d4dbc0720a3c4991a1a99a3a88808b30	未入库:第二档,暂留本地待定
./out_official/mask/00000120_photo.png	3698	93fadfef0576cdf7acce8f0481e4de800f9b053654b5d4368cef71ecf516de14	未入库:第二档,暂留本地待定
./out_official/mask/00000121_final.png	12216	8d76bf1bc0f9ce1b55b58e1dc6ba5a2350ccaa7bb029452e523e730782432533	未入库:第二档,暂留本地待定
./out_official/mask/00000121_geo.png	15807	189ba838f3834af696a5e45463685e9546f17b69863d438e18da1466b8b837e4	未入库:第二档,暂留本地待定
./out_official/mask/00000121_photo.png	3991	0a10a0365aea1599595601de6256c2f52e23f60b81459614da212daf6a819cfb	未入库:第二档,暂留本地待定
./out_official/mask/00000122_final.png	3703	1cc90ef83ea20f5dfde7941de2830d974f125e51583be668c0c6b3042cee5531	未入库:第二档,暂留本地待定
./out_official/mask/00000122_geo.png	4570	670a5af09713db46cfc2acb11bdc8c0b985b396c3e7318083b2157709c35f7e6	未入库:第二档,暂留本地待定
./out_official/mask/00000122_photo.png	2845	2ae237abb7738ff8d70e83db0e4a33a4a4ebda73f29e5d2f9dcd40a23dca85b5	未入库:第二档,暂留本地待定
./out_official/mask/00000123_final.png	7436	9f38ccd76905c968b54320306aa378355ca54fe8d2264efdf38fc33a78e8ca8e	未入库:第二档,暂留本地待定
./out_official/mask/00000123_geo.png	9064	447e87e37cdfd7b73a165c1e3f2bdeab90a1bdca737ed7e50dc2e13048ec0b59	未入库:第二档,暂留本地待定
./out_official/mask/00000123_photo.png	2922	52017e962f4dbe6c737bdd2cdaf16f2f6a1360a02305ea3a27586293ece0d8e3	未入库:第二档,暂留本地待定
./out_official/mask/00000124_final.png	1856	ef6a89bc94deb48624d2784aa92b12fc64ebcfd7b2971eda7a8b3d91e0ddfb94	未入库:第二档,暂留本地待定
./out_official/mask/00000124_geo.png	7483	02591217a539d99ade31b3cf0c1c286fddd9c9cd1135c1bb6a070c21e131621f	未入库:第二档,暂留本地待定
./out_official/mask/00000124_photo.png	1600	e5bf773b1e151eb2535d6a410a2ee9ceb3eba3c74207e814cdb02bc084819056	未入库:第二档,暂留本地待定
./out_official/mask/00000125_final.png	1561	ec48120d88e84e68ae3e5503112aa987766ebafdde9551557eb79955e9bd1df7	未入库:第二档,暂留本地待定
./out_official/mask/00000125_geo.png	7610	ffc3f25ad6d3e9152a026417b410bc63adbe38a3813361721fa2cd18478ce399	未入库:第二档,暂留本地待定
./out_official/mask/00000125_photo.png	1179	da7aa11ddc96f202516500ec04076e5a7e796c5f781ba2484af8f6a1d09c9782	未入库:第二档,暂留本地待定
./out_official/mask/00000126_final.png	14581	2f80d281d4e84e820531a24966aceadc67a923196b4fafe7becc6abecfcf4497	未入库:第二档,暂留本地待定
./out_official/mask/00000126_geo.png	15777	1673f92299bd461381ca81fc2db03d744c8f79935d8d423cc10b3c6a578beb6b	未入库:第二档,暂留本地待定
./out_official/mask/00000126_photo.png	3583	7eba186a0742ded721423e10582b37f23d801d5900c7604b98d051d7ccca3e7c	未入库:第二档,暂留本地待定
./out_official/mask/00000127_final.png	12319	117fcff15fc36e824191c6a64d1cb149c61d15769d8328b70772f2ad33f1a50b	未入库:第二档,暂留本地待定
./out_official/mask/00000127_geo.png	13180	5e52928be933f2a0adecbb0c947939799d7a9cb6abc278c4b60187be55a51677	未入库:第二档,暂留本地待定
./out_official/mask/00000127_photo.png	3274	53a0f1af479df370326b32a5d32e9713ba72978b94c554e23e0946ddf00bc1e9	未入库:第二档,暂留本地待定
./out_official/mask/00000128_final.png	13856	c312071eb7ae9ed4c66b28964bbc9cee3f2ec8d83dddf10637ebecef09f59e62	未入库:第二档,暂留本地待定
./out_official/mask/00000128_geo.png	15326	46bdf842c8d89e4cd0766535bced136d0633c7f7b8c3e4cf341b840db12e0c23	未入库:第二档,暂留本地待定
./out_official/mask/00000128_photo.png	3951	ed4ae4eaae157828761da9a167a64f610cd6e9c4bae5bdf49b7b4ebe528fca46	未入库:第二档,暂留本地待定
./out_official/mask/00000129_final.png	12936	c0237e90380a39c11d298e2bab64d66aabcaae7ee972913a40d6a8e0238e3de1	未入库:第二档,暂留本地待定
./out_official/mask/00000129_geo.png	13823	3a18b7ff28feb4ff3c3ce0a64ede5b952d3746e56c7ae799e3aa1adc989d41e9	未入库:第二档,暂留本地待定
./out_official/mask/00000129_photo.png	3527	06a19dfd99f0f8f38eb940a20228e68e04e4369b7faf73c2aea75e495a65520f	未入库:第二档,暂留本地待定
./out_official/mask/00000130_final.png	5789	40f5718a465f7c0e9908d41dfee542d2148b524d6fd1d2b2d4e8ff16185054da	未入库:第二档,暂留本地待定
./out_official/mask/00000130_geo.png	6376	b0d5ea5877cb1bde0ad9f2f725afae2d64e993588e6233caf861607cbd31faab	未入库:第二档,暂留本地待定
./out_official/mask/00000130_photo.png	3490	c62c96f1f09b8a1f66e8d54f959b57bcd6783a50092dafc27ca8254b9e072a59	未入库:第二档,暂留本地待定
./out_official/mask/00000131_final.png	10417	ba98d9448521430bc8b9331763bfa23415b748ac1a5a0e1e043c19151159a0ee	未入库:第二档,暂留本地待定
./out_official/mask/00000131_geo.png	13122	4dc08bfa3c5643be914409a677d15b66c6eaabe14537b457b51f8ce6edbdc62a	未入库:第二档,暂留本地待定
./out_official/mask/00000131_photo.png	3208	1688dff2726f58e360be37bad3d684d2a7c11057522a6c766cc3ef0ea3f13853	未入库:第二档,暂留本地待定
./out_official/conf0/00000000.pfm	1769493	b8c5a4e999f008823b65ef128ce920cbea085d54cf9493d57429bce31c39f3f9	未入库:第二档,暂留本地待定
./out_official/conf0/00000001.pfm	1769493	baa5256fc8485587f2733607b5893054d926eba2e9c363dba24d6a7a9640cbba	未入库:第二档,暂留本地待定
./out_official/conf0/00000002.pfm	1769493	7c11acceabdc59e53122a6f68722eeaa8f7c706cc8bdb71339d5d097b3cf318b	未入库:第二档,暂留本地待定
./out_official/conf0/00000003.pfm	1769493	de376274de5e9963ce55f36ba5e7e76148ea943d1add9e378bdea62a68375147	未入库:第二档,暂留本地待定
./out_official/conf0/00000004.pfm	1769493	d5358e32fda02f04f2b8e60ae4769cfaebdb286f1ba7749a6a516d32d23a1b93	未入库:第二档,暂留本地待定
./out_official/conf0/00000005.pfm	1769493	ed274dbe32a58fa57392e9ca0fb23854238c9e77be30b7363d3c5151723dd29e	未入库:第二档,暂留本地待定
./out_official/conf0/00000006.pfm	1769493	25d92f840a018aad7d36fd9fdca05a63f0dd028db63d9033450de8b83f27c6e0	未入库:第二档,暂留本地待定
./out_official/conf0/00000007.pfm	1769493	7ed14689ffde848f0ec5d4bc820022ec9f611806ffd00caf48ede285ff7012c2	未入库:第二档,暂留本地待定
./out_official/conf0/00000008.pfm	1769493	0ed22c31a42b5c3c547b7ab1b6e4e063934fc4a3189574faa7e22ce1c4b9058f	未入库:第二档,暂留本地待定
./out_official/conf0/00000009.pfm	1769493	bafbc048a53fe58527939a6400f0eb861aae191f84ba3a0753b09f7dbc82df3c	未入库:第二档,暂留本地待定
./out_official/conf0/00000010.pfm	1769493	3ad7852a196ad1e2c1876dd76af80c6ea01fe8613538c33db0bbdf660b0acae5	未入库:第二档,暂留本地待定
./out_official/conf0/00000011.pfm	1769493	07cdeb5ff0b1ef3e2a052f109777ad515f346c113bd901655da67bc7158a2242	未入库:第二档,暂留本地待定
./out_official/conf0/00000012.pfm	1769493	c1e25022b6f3107e939b8f1b784f52b14381cd4ca2a1bc1f5139ddae4f8924fb	未入库:第二档,暂留本地待定
./out_official/conf0/00000013.pfm	1769493	f40df11894fedbed098ce10b6149832743e9053a264adf48d943b15c63061136	未入库:第二档,暂留本地待定
./out_official/conf0/00000014.pfm	1769493	c785bab923f04bb95a11aac425af07d3b344199a89695302c631c79e09220b32	未入库:第二档,暂留本地待定
./out_official/conf0/00000015.pfm	1769493	34f1d5ced0f6653904ef8ae7438b96c2a76dad484ddc27cc19a45b6f79244c45	未入库:第二档,暂留本地待定
./out_official/conf0/00000016.pfm	1769493	c5dd42a28d43b2effb1a8cec7011dd0bf8503e2a7c65e799bda720d2c786ae42	未入库:第二档,暂留本地待定
./out_official/conf0/00000017.pfm	1769493	fb0ccdc1484e79122930106443911758982979358055f5b1dfcf7c3552d9d800	未入库:第二档,暂留本地待定
./out_official/conf0/00000018.pfm	1769493	0a005ca7b0a7525ed44489ca2e8c1c497090a31628323253c09239050845adfd	未入库:第二档,暂留本地待定
./out_official/conf0/00000019.pfm	1769493	290c066429f3686cae4922ae555a830882b5e8c768c10fb8c60c166b3915cc51	未入库:第二档,暂留本地待定
./out_official/conf0/00000020.pfm	1769493	667b139958a34ff1a1eaae2a69d18c262008a2e9a8c289008ff6175827d00780	未入库:第二档,暂留本地待定
./out_official/conf0/00000021.pfm	1769493	9a32c12539a45998763c507883a14c70537e14f0f88033c36b43686294d3eb0d	未入库:第二档,暂留本地待定
./out_official/conf0/00000022.pfm	1769493	2a46d15ff793374977b2afa00290fedead8265faff2981bde354fa02f6a7d245	未入库:第二档,暂留本地待定
./out_official/conf0/00000023.pfm	1769493	3b9352447a3717f2d3e59a272fbecb314bc8ad42df2f2b4449f5abfb89b6f1f8	未入库:第二档,暂留本地待定
./out_official/conf0/00000024.pfm	1769493	043c98c7aaf1ea1f12fe0046091bf81e888eb2a0aab3e171d63d1de09b36d968	未入库:第二档,暂留本地待定
./out_official/conf0/00000025.pfm	1769493	8e882e0cc3a3bcc07e18e53724d30539a0daa519141a7569bea70738048f7892	未入库:第二档,暂留本地待定
./out_official/conf0/00000026.pfm	1769493	952bfeef4fd9bf9941467ff26854166b5b3ba4b567088dda40004beaf4d0541b	未入库:第二档,暂留本地待定
./out_official/conf0/00000027.pfm	1769493	74e68fe77818140ca99b7ae71c8d84fb19c2782b6b542b546664b70d7546e2a6	未入库:第二档,暂留本地待定
./out_official/conf0/00000028.pfm	1769493	459e585cb821df9ca88923ef4030708592dedf77f8029e60ec3e32d76f110ae5	未入库:第二档,暂留本地待定
./out_official/conf0/00000029.pfm	1769493	495a0923715bac3bd0dcbba73554aa20574da935f08d0bb8b35053ae01377e28	未入库:第二档,暂留本地待定
./out_official/conf0/00000030.pfm	1769493	55059019306520f968ce932360bf5a6cfb5d4ad08424c85de558ded3d0a3562e	未入库:第二档,暂留本地待定
./out_official/conf0/00000031.pfm	1769493	08bd32c2cc98e8c2cde9c25fe7fb8e6037bd6719b74aebf3b96bfb108ab1c2be	未入库:第二档,暂留本地待定
./out_official/conf0/00000032.pfm	1769493	860604f1fd53fd6a591516b46b561e2508196588828ad7a3bfbec90d1c37839c	未入库:第二档,暂留本地待定
./out_official/conf0/00000033.pfm	1769493	2a0895d7e37f9bdc532c65b3e1a8acd4ebaa08a5863a58fa70caa039af0a2b00	未入库:第二档,暂留本地待定
./out_official/conf0/00000034.pfm	1769493	36be700e9e84ab261655398c753d4dbab8d7a4ff9d9b04ab63867d6d724251d6	未入库:第二档,暂留本地待定
./out_official/conf0/00000035.pfm	1769493	1ae63c2a5efa09308da7ea3673ae0faad7538bc24a926e00acc063e9cdd40895	未入库:第二档,暂留本地待定
./out_official/conf0/00000036.pfm	1769493	82b9aabdcc42d67b00f2b41365afc6892eb9b923db08bc3ecf140f94619b1c64	未入库:第二档,暂留本地待定
./out_official/conf0/00000037.pfm	1769493	4d1c1dd5a673fe9ceb2062c873f92759e44dce288e20a0d6655f07bb8ad048e8	未入库:第二档,暂留本地待定
./out_official/conf0/00000038.pfm	1769493	404dceb56a861ea3415ba04a882f21274f84c9aa01d962b12beca2bdc8898285	未入库:第二档,暂留本地待定
./out_official/conf0/00000039.pfm	1769493	f6dfb6354fbd5da3a1a01a854757196bdc1c532c4bd5be9e8ab38ea7fa40dec3	未入库:第二档,暂留本地待定
./out_official/conf0/00000040.pfm	1769493	dc713fbe7631f570a1c56a8a95f436cc1fe64f958cb465590b464f0fa44b4bfc	未入库:第二档,暂留本地待定
./out_official/conf0/00000041.pfm	1769493	45abb97ff806608acf72d05c7945338a2525e23a93e9ac10f4401e33738f0c3e	未入库:第二档,暂留本地待定
./out_official/conf0/00000042.pfm	1769493	fed69efb8ebe8f818f0dc9414e5b54536ddcf5451395a13b7b7907c07fc368f0	未入库:第二档,暂留本地待定
./out_official/conf0/00000043.pfm	1769493	e05cfdb1df11db3aa51f05704336209ac59069778c0c5ede993492e03849c0ab	未入库:第二档,暂留本地待定
./out_official/conf0/00000044.pfm	1769493	986e00f6e4a7ca6cc63731e36e253cefe41040f35d4c853b74de7fb1356fd615	未入库:第二档,暂留本地待定
./out_official/conf0/00000045.pfm	1769493	0bba2318e8df4f35f13337f3933e8475c02068b7c5ccdce5fe790aa83c2f3801	未入库:第二档,暂留本地待定
./out_official/conf0/00000046.pfm	1769493	d13f16f253ef9a8178bb0b4c031e1516bf9fc4efa7b5368d52d728ddb5b5aa02	未入库:第二档,暂留本地待定
./out_official/conf0/00000047.pfm	1769493	c5359789cefc149b9307d99cbebd5ee3289a51b2b74b208cc996da98facc9987	未入库:第二档,暂留本地待定
./out_official/conf0/00000048.pfm	1769493	313bf9f920082182c27fe0b72869b4df9a96bc1858fd0d6ff402de189ec56964	未入库:第二档,暂留本地待定
./out_official/conf0/00000049.pfm	1769493	425c0bdeef86121cdb4d8a2d2e0efa11e435ed2b28e72e4a5eafcba710275945	未入库:第二档,暂留本地待定
./out_official/conf0/00000050.pfm	1769493	10a85c1ae645412dcaf26cd7b8d0b889cd9cec16f09d83aafc88015bb68724ec	未入库:第二档,暂留本地待定
./out_official/conf0/00000051.pfm	1769493	6822c79da4b0d01510c4178e67a81ea4b76ec2ff978ec559e52ab647a58e0a8f	未入库:第二档,暂留本地待定
./out_official/conf0/00000052.pfm	1769493	0d3040514334e84d9c5befcdf2e0651d2872979bec155ed38544e2603664a329	未入库:第二档,暂留本地待定
./out_official/conf0/00000053.pfm	1769493	3285d98dec03c1519195e4c1348638ccf978e9001fff5cd1b0c6426044cfd5d2	未入库:第二档,暂留本地待定
./out_official/conf0/00000054.pfm	1769493	f46b35db55417ac79d1fbee113305c9644c23cb9eee3d9e98236fab562c8d203	未入库:第二档,暂留本地待定
./out_official/conf0/00000055.pfm	1769493	beec6b94a534b6d0a75eed6b5d7058c240737ab8304c42749215883af606ab53	未入库:第二档,暂留本地待定
./out_official/conf0/00000056.pfm	1769493	4785e8d56abfed2245c0265f5d2e440ead053d0d77fbccbf0cda6cceee81b5de	未入库:第二档,暂留本地待定
./out_official/conf0/00000057.pfm	1769493	6cd650687ded430b12535502f219fb6bf1233ed70999ccff9bc771b04f4ee1dd	未入库:第二档,暂留本地待定
./out_official/conf0/00000058.pfm	1769493	9d4b436c922a3411e50d926d6a51bf0037c57bcb0240710220fe3d5a1b7af953	未入库:第二档,暂留本地待定
./out_official/conf0/00000059.pfm	1769493	06f09cdfc5861841375d17f9f48d420a3598931284bc5edb11ef6e169a89e295	未入库:第二档,暂留本地待定
./out_official/conf0/00000060.pfm	1769493	c8d46d2f9b2d7b63905d65df4cf6ffe4fa021fdc48e7c88a2d1c96173a5b23a2	未入库:第二档,暂留本地待定
./out_official/conf0/00000061.pfm	1769493	7852933a8a95f622596db6486bd1239e13ce773c9b0b1ea18749573f8cab8358	未入库:第二档,暂留本地待定
./out_official/conf0/00000062.pfm	1769493	93d59f8f177d821d5e5d915bc7cb9e60007e210333fd1b0f18dc1419d38f0863	未入库:第二档,暂留本地待定
./out_official/conf0/00000063.pfm	1769493	04b239a3fa0acddd5dd43939dab9d4c29a000af2607fbb775df6c04635315d5e	未入库:第二档,暂留本地待定
./out_official/conf0/00000064.pfm	1769493	0c0aabf79dfba077e4ee79cea57673e1051661bd3d39a9b1585e2beeebec4e79	未入库:第二档,暂留本地待定
./out_official/conf0/00000065.pfm	1769493	2bb45e28938dbd87e2eac05a36ba1421e4ef9e12eec00a17b5f4c5405f1e28f4	未入库:第二档,暂留本地待定
./out_official/conf0/00000066.pfm	1769493	37788d7c2279aecfc6aa44f3c930a6db37fa11443a808ae5798b27acd45c1470	未入库:第二档,暂留本地待定
./out_official/conf0/00000067.pfm	1769493	5c7034a5667879f565930356ed76dbe8612fb4486981af1765ca38121faa009f	未入库:第二档,暂留本地待定
./out_official/conf0/00000068.pfm	1769493	ae699ec676c75ab2711dcf1d709f84b7471198ce7c633af46f0bf968f69aa64b	未入库:第二档,暂留本地待定
./out_official/conf0/00000069.pfm	1769493	75c1e3cf55c838f5392439d312083ac222dcd3198b90a47c56518ed725775c07	未入库:第二档,暂留本地待定
./out_official/conf0/00000070.pfm	1769493	34b0913cd19c80fcf5fb8dd2d1fa2d1c6d525ff988afc3ec2bf6682f75cdebbb	未入库:第二档,暂留本地待定
./out_official/conf0/00000071.pfm	1769493	e78d1a45faccac5d54acfd0a61bf2ab1b5f07ea4e4ab4bc7f8c1e2187323c5a0	未入库:第二档,暂留本地待定
./out_official/conf0/00000072.pfm	1769493	d73adcbeb40f91462fbb080b76b1642d6d754a1c55332509230a4b90e71b6793	未入库:第二档,暂留本地待定
./out_official/conf0/00000073.pfm	1769493	b1a11d0ae3c8b4d4aafc3d8d0d7a9ae94db23864e50d8443fd8275235b0594ac	未入库:第二档,暂留本地待定
./out_official/conf0/00000074.pfm	1769493	0e836240fdc08832e3d3a014bea4cc6dfc98ca2f026ce1b66c12e43c3bcecb70	未入库:第二档,暂留本地待定
./out_official/conf0/00000075.pfm	1769493	b894c4c442e221365ae069a9a199f5289f397c5c189b7c6bda733fe4bbe69244	未入库:第二档,暂留本地待定
./out_official/conf0/00000076.pfm	1769493	b009742c421a801590d60497cf826e757a366b1a97cfad757c8e6b4699d13b27	未入库:第二档,暂留本地待定
./out_official/conf0/00000077.pfm	1769493	7543fa782f04ff5e26fc9538eb8ebfa03f5aa5fc1f2bca3389fbde06b291cc80	未入库:第二档,暂留本地待定
./out_official/conf0/00000078.pfm	1769493	ca5b42197445bbd5cb151437884670cc930bc3382f7d383a355e977113826534	未入库:第二档,暂留本地待定
./out_official/conf0/00000079.pfm	1769493	4133dbdb184553eb796a323885be5480cbcda421116b111cbd38491d28cc6b76	未入库:第二档,暂留本地待定
./out_official/conf0/00000080.pfm	1769493	de017da9924fb07373c9068a2dd83759d775c3247092fccd039fa8a5831a46af	未入库:第二档,暂留本地待定
./out_official/conf0/00000081.pfm	1769493	4b54c42fbbcaf10a9b5d20316dfeb435a468351b81c139059a329eb28013979e	未入库:第二档,暂留本地待定
./out_official/conf0/00000082.pfm	1769493	4b6d6954f46f6754c83246f6b1fe1b17dc0e601674530e4780ea76719797adda	未入库:第二档,暂留本地待定
./out_official/conf0/00000083.pfm	1769493	6242744905fe821d2c18ead71242801d3ea2a3619011b38b4f42924dffd05ec0	未入库:第二档,暂留本地待定
./out_official/conf0/00000084.pfm	1769493	0a21ff7372f9506b3b5469497bf57ee58f4654b3bec896ad97ca73a56d784b21	未入库:第二档,暂留本地待定
./out_official/conf0/00000085.pfm	1769493	c6016e5fab7703be90f529238d7fde49ecbf332e07c19b352e98c37be90d9d6d	未入库:第二档,暂留本地待定
./out_official/conf0/00000086.pfm	1769493	934621647df0506a56618962ea923bdc4013bea0431c65dacdc03440acd43f77	未入库:第二档,暂留本地待定
./out_official/conf0/00000087.pfm	1769493	9ae90c2fb34f29b336a8b80e558be0671b5f30ea738e70a4d03b9cbd113c8377	未入库:第二档,暂留本地待定
./out_official/conf0/00000088.pfm	1769493	867ced8405442463207313f7fd784d54816131426b7bccde3f6a9948815ca534	未入库:第二档,暂留本地待定
./out_official/conf0/00000089.pfm	1769493	0bd9334c08a9eb77e4b388f1552be94ecdad000a6c7d57af6e76b0a2f32e49a2	未入库:第二档,暂留本地待定
./out_official/conf0/00000090.pfm	1769493	0f358c29b0f6abaa184ea6d163d28847cc928bc8518bc73228ff5c37529c1ac9	未入库:第二档,暂留本地待定
./out_official/conf0/00000091.pfm	1769493	fd579889e7ae948755b6dab7492fc5a800c2483a8166537f6a4a4757514ca96b	未入库:第二档,暂留本地待定
./out_official/conf0/00000092.pfm	1769493	4d03fc0870fc2a76710c3062a0a8a69f94f13350cad18f64615638dff1cd8ef1	未入库:第二档,暂留本地待定
./out_official/conf0/00000093.pfm	1769493	b0b8ef262f5151fbe8e1ac356b4ded5b81d37426f89f6d7732ff02535a7723ca	未入库:第二档,暂留本地待定
./out_official/conf0/00000094.pfm	1769493	75d5ba9c862548a8b372cc9e3d4fc5de80cecb75ff4b40a7408bd9dad6ccf0f2	未入库:第二档,暂留本地待定
./out_official/conf0/00000095.pfm	1769493	1452897a479e0d89bcda98d61dfc57eb2593b0cb63a46272206086e571798aae	未入库:第二档,暂留本地待定
./out_official/conf0/00000096.pfm	1769493	2f491047266f17cb244ce574d66e9948359af49b2473ad520f2e536767418c4b	未入库:第二档,暂留本地待定
./out_official/conf0/00000097.pfm	1769493	f5c4291ca4879cc117da02d739ddc67e2a03149edd583f071624d05ed1953305	未入库:第二档,暂留本地待定
./out_official/conf0/00000098.pfm	1769493	3a7decaf4f2bfbb74a3296b2d9512632d4fc0f4ecdbbd6b7ae2c92d8afb2b0ea	未入库:第二档,暂留本地待定
./out_official/conf0/00000099.pfm	1769493	eec13f26152e3f7f6e07ac160d4735697cd1019d5403dcf6b7f06f1b78902f0a	未入库:第二档,暂留本地待定
./out_official/conf0/00000100.pfm	1769493	408ad5b7273cd2166e84373be39359903dc56689ae5163797214735648ecf33d	未入库:第二档,暂留本地待定
./out_official/conf0/00000101.pfm	1769493	d8cb8064832ba9dcb60cbd908480bdef4204af7d6e2ad4d05a5a30a2fa37209c	未入库:第二档,暂留本地待定
./out_official/conf0/00000102.pfm	1769493	357ae5107106c20c2db8b00281c01d4b697be17e5f9974f098c1284caf8765f3	未入库:第二档,暂留本地待定
./out_official/conf0/00000103.pfm	1769493	04ceb1bebf92a7627dbd8a9320c8c89ea63c697c85990cdc8c775c226535b413	未入库:第二档,暂留本地待定
./out_official/conf0/00000104.pfm	1769493	aa13e7aa1172ec4fbbee7879bb69e5bd84f4bfc9791f17ee46545b3c3cd6dcd0	未入库:第二档,暂留本地待定
./out_official/conf0/00000105.pfm	1769493	889acddc56a31e0b05ff12aeeefccb31b67c99f56e94250f74c2b7cb2008515d	未入库:第二档,暂留本地待定
./out_official/conf0/00000106.pfm	1769493	9ac48c1fa981897573f9209ab19ad24e507400d3f9c6b93dd93ed4b4609fcfd9	未入库:第二档,暂留本地待定
./out_official/conf0/00000107.pfm	1769493	c87a5eca1934716af59f398e691ffa3e191979cb7a8ce12c41d9232003da154a	未入库:第二档,暂留本地待定
./out_official/conf0/00000108.pfm	1769493	0ee52cb372f77b55f4d199c582b45aaceafb5633687b61c8b5149795ceea8d60	未入库:第二档,暂留本地待定
./out_official/conf0/00000109.pfm	1769493	aa3e8b578212d716e25cb9f076243304aee4f8bd5c279d2774c2dbdb24d0b901	未入库:第二档,暂留本地待定
./out_official/conf0/00000110.pfm	1769493	eea4d0a9255145841a063286104f8d9d1bbec817ff4173a80a7a4e367d89097b	未入库:第二档,暂留本地待定
./out_official/conf0/00000111.pfm	1769493	36636cfd76b8eafae57e5d8b7ebde5bec3a5b75ee249dd141f5051edba4c4c59	未入库:第二档,暂留本地待定
./out_official/conf0/00000112.pfm	1769493	1459db7f485b24d6ab9176b50be1a874dd59f8bdc9b76c43a26dd9f406e2e1b4	未入库:第二档,暂留本地待定
./out_official/conf0/00000113.pfm	1769493	e235ff019ae00645deb065fa94498f4082e15c4b0e66c38198138d84f7ff4c92	未入库:第二档,暂留本地待定
./out_official/conf0/00000114.pfm	1769493	88c0794716b4e28ab1141fc7cefe92f13eaf2fa55916e51b7d5311b02795edb5	未入库:第二档,暂留本地待定
./out_official/conf0/00000115.pfm	1769493	f7680d4f02bbee799358a4bbd3c4390d9c111f80fd86e23e55d2dc4216a991e4	未入库:第二档,暂留本地待定
./out_official/conf0/00000116.pfm	1769493	11cf41bdd982c64b0aa4cc5151b21df859d6b731da9c3f8865b61bbe08679e3f	未入库:第二档,暂留本地待定
./out_official/conf0/00000117.pfm	1769493	eb68949f52c05050d7cbafe573d420c2bbef38877f672c926c8a04aa2f868484	未入库:第二档,暂留本地待定
./out_official/conf0/00000118.pfm	1769493	0d3820e0c7c0a88d7cc5d62859689d966c20550f59e564ea08a164037d201546	未入库:第二档,暂留本地待定
./out_official/conf0/00000119.pfm	1769493	223f44a1d1566cc4b63d3e016eb48ac1187814be614face6aec5778b6294dfd5	未入库:第二档,暂留本地待定
./out_official/conf0/00000120.pfm	1769493	512a69633e08500651e502ae4ab33cb16265ce0364350ca0b19f7533c087d64f	未入库:第二档,暂留本地待定
./out_official/conf0/00000121.pfm	1769493	04aaa9016fe28df11d543177b0bfe7120ae410dade47caf31790558bc9158017	未入库:第二档,暂留本地待定
./out_official/conf0/00000122.pfm	1769493	3d506cd78dfe1fcb719b3dccf8d8d7bcb5e5b1dcb77490e9965eb907fbae9e9d	未入库:第二档,暂留本地待定
./out_official/conf0/00000123.pfm	1769493	07349248abce7f40860d40e5a16383d02635fb5a56a90ed398a21344bbcd67df	未入库:第二档,暂留本地待定
./out_official/conf0/00000124.pfm	1769493	c45a9d01afdf703e6598cc6bd7ba036b3b86010a634d94e616ad096f2fddf665	未入库:第二档,暂留本地待定
./out_official/conf0/00000125.pfm	1769493	755f5012bc1ea056b6de28651129096d1be8535e13e6c62a4ff3cd1f650798dc	未入库:第二档,暂留本地待定
./out_official/conf0/00000126.pfm	1769493	32c11b97d3a3356077bc59c6dc2a5085b0d865e3cc8e9db10fb5e2157a77f096	未入库:第二档,暂留本地待定
./out_official/conf0/00000127.pfm	1769493	9384c49aed0a8b7d00b0255228d13d562d2d74bb7447709c239f7004145bb878	未入库:第二档,暂留本地待定
./out_official/conf0/00000128.pfm	1769493	6f6b5c47fe352b501a90e5fc3b50e466754b1c65cd53549a9eec019a60e9b512	未入库:第二档,暂留本地待定
./out_official/conf0/00000129.pfm	1769493	7b01155eee1860c730cbbed8d916cd4d4dce3ba5adfde89099a66e2b729d6074	未入库:第二档,暂留本地待定
./out_official/conf0/00000130.pfm	1769493	de933e8705d3c6322f4d05dc2d51d41cdce1f5686a97a426827912341e01105a	未入库:第二档,暂留本地待定
./out_official/conf0/00000131.pfm	1769493	fd01e237dc6491beaaf64fcb5f752c6d1bbf726f41233eef4ea537c9b227e51c	未入库:第二档,暂留本地待定
./out_official/conf1/00000000.pfm	1769493	2a272c5fee15917ef362f428153ed877db01164d339f202642a1b059d211aea7	未入库:第二档,暂留本地待定
./out_official/conf1/00000001.pfm	1769493	18eb4434820e3479756af9cca0115515cd755542b17f616c2220c7a45d9a92e3	未入库:第二档,暂留本地待定
./out_official/conf1/00000002.pfm	1769493	54e63299c8948597439df247d11642c43cc91854f8aa63389c0f2b0932bf7b4c	未入库:第二档,暂留本地待定
./out_official/conf1/00000003.pfm	1769493	865862b6b59ac6148ebfc230faf2aa5eda6c2d7e5dd5de0ba96ce261ba2172ce	未入库:第二档,暂留本地待定
./out_official/conf1/00000004.pfm	1769493	02cdf46458842885ed63c11202049d8a462a875b5f7db7eb0402f3cb8998d523	未入库:第二档,暂留本地待定
./out_official/conf1/00000005.pfm	1769493	8f47113505ec76abc47ad11fc94c0c94d54c2b37819a3cbc4b497f7f255ea819	未入库:第二档,暂留本地待定
./out_official/conf1/00000006.pfm	1769493	42bb49485bbd968b4e831bcdfa6213a3cbd69c680cc5d8ccfde8314bb30be6bc	未入库:第二档,暂留本地待定
./out_official/conf1/00000007.pfm	1769493	1c03101cfea0ef5fcad6182767205589661b5c75ef2550fe2e0ef0f294501cd1	未入库:第二档,暂留本地待定
./out_official/conf1/00000008.pfm	1769493	e096f7b8a3de2278c1639322860001f143ed9107af6b388434645b53e11478f3	未入库:第二档,暂留本地待定
./out_official/conf1/00000009.pfm	1769493	39ea51381df8e9d8146e554214d28bb00750e70c0ef43e6098637d9b423465ba	未入库:第二档,暂留本地待定
./out_official/conf1/00000010.pfm	1769493	60da8a1438f4c649243cd51117952e0fea3ccbbf1a07340f8d649864ef826cbf	未入库:第二档,暂留本地待定
./out_official/conf1/00000011.pfm	1769493	f470d2189d1041d75637127b6dddfb673871761ece31661237bc78d2ebabc84b	未入库:第二档,暂留本地待定
./out_official/conf1/00000012.pfm	1769493	bf452107344e7377fcf523618e6fb8322abb0381fec60bc34f4ac0df5a5298db	未入库:第二档,暂留本地待定
./out_official/conf1/00000013.pfm	1769493	9ecb252a2ec5f668f8526d9387601f18941f5f1b09a74425638ff511c50eceed	未入库:第二档,暂留本地待定
./out_official/conf1/00000014.pfm	1769493	0a361a5d5e7190156b02b57a364a2a2ca67f95110f36bb70a252ca8ebfb7a8b7	未入库:第二档,暂留本地待定
./out_official/conf1/00000015.pfm	1769493	d76790d83790ead1542b7c05eaeb521ececd7e3752d78fb11ab66be5fc882801	未入库:第二档,暂留本地待定
./out_official/conf1/00000016.pfm	1769493	4da9935bc0348187286cff7ca736d126fe80d28451ba514bb090fee0ca7070fc	未入库:第二档,暂留本地待定
./out_official/conf1/00000017.pfm	1769493	53718a71acc7a1b7d47e7d77805177ea7ce80d744ee19a1a1431e132d31aa790	未入库:第二档,暂留本地待定
./out_official/conf1/00000018.pfm	1769493	902f1a950d95c5a118177a58343f7d4a8481954b47b604dc2986de24db0e898c	未入库:第二档,暂留本地待定
./out_official/conf1/00000019.pfm	1769493	68caae7e524a334182c7f35f8ab117c18b4a8c09b4fe66e0888bc25f122e0da2	未入库:第二档,暂留本地待定
./out_official/conf1/00000020.pfm	1769493	0cf17dbd397c19e340443fb7143dace92e00df50d815ad7593cbeee3d0e29a4a	未入库:第二档,暂留本地待定
./out_official/conf1/00000021.pfm	1769493	03f3d806f2297a98b8615b9bdf6799048ad8767bab563ec55196c28c8676b783	未入库:第二档,暂留本地待定
./out_official/conf1/00000022.pfm	1769493	05859d64b0cf9dd365117c74267dd3eff1dd02aaf403a63f0143c08a3c9a6da4	未入库:第二档,暂留本地待定
./out_official/conf1/00000023.pfm	1769493	2178327f2a1371a7d530d2382c533bad0042b022f7894473cb1f355d0c3d912f	未入库:第二档,暂留本地待定
./out_official/conf1/00000024.pfm	1769493	8cf5fa7e47a3e5ddbf5d898a73c210ffb2561e3b38938439bb2f9abfa7dce8c0	未入库:第二档,暂留本地待定
./out_official/conf1/00000025.pfm	1769493	2605ff8845c94cfa0d22d13c34be1d8165cf7b15554f6ce21800a5ad1460067a	未入库:第二档,暂留本地待定
./out_official/conf1/00000026.pfm	1769493	866a63d832dd32cf125cde427d0c05ee0bcb656d47789201b62e3f57968c4ddb	未入库:第二档,暂留本地待定
./out_official/conf1/00000027.pfm	1769493	116e00bc524c1e8da0b312dd7fe0898b652f176bb7b8ecae783f53ef243f299f	未入库:第二档,暂留本地待定
./out_official/conf1/00000028.pfm	1769493	50379a54c9bd5e9e600f8cf1c9d82a886cfd30fb5e780405ec056776b69f1be6	未入库:第二档,暂留本地待定
./out_official/conf1/00000029.pfm	1769493	beeea5cb0ee62a5f44dc6993a00e82471b80a6bf5575ac8e5b7b383cc73ec1aa	未入库:第二档,暂留本地待定
./out_official/conf1/00000030.pfm	1769493	45e03c706807c4114bc03e449dbeb06e4be6eb5f64dc759f85dc9cf87bea39b2	未入库:第二档,暂留本地待定
./out_official/conf1/00000031.pfm	1769493	3b39bb426091ce940bef6cc4bb9a3764d946f1dfa42fc1f08d8407ae295e8a09	未入库:第二档,暂留本地待定
./out_official/conf1/00000032.pfm	1769493	16cee3b31e78556ec533295de18d1a01ab3bd5abc14a7009038bdefcaa04546a	未入库:第二档,暂留本地待定
./out_official/conf1/00000033.pfm	1769493	1bd5d28977576103cd03e79d6288033ba762cf696d02586193692884262f50c1	未入库:第二档,暂留本地待定
./out_official/conf1/00000034.pfm	1769493	aaf0128ca92c469817007723d7da99ccdaca3d79c4229cde67ee4f9dfa397fbd	未入库:第二档,暂留本地待定
./out_official/conf1/00000035.pfm	1769493	d356654b264fe5d84fe994596bc3579b21f565d2107ec59807784810a4c45608	未入库:第二档,暂留本地待定
./out_official/conf1/00000036.pfm	1769493	39f453e0e2fc700b2e8cdbce7f172e057034f0b939cc76ddacd4d36e12fc3517	未入库:第二档,暂留本地待定
./out_official/conf1/00000037.pfm	1769493	24ffe95c8995b1302412448067603e83139f1ccd1231f185f4222cf675670d5e	未入库:第二档,暂留本地待定
./out_official/conf1/00000038.pfm	1769493	50d5ac4f69e0ad2608ecb9440912ee9175001b9ff042f105964f2e60338f3b3f	未入库:第二档,暂留本地待定
./out_official/conf1/00000039.pfm	1769493	54ba9bf58aa837416ca9468a4b9f61113da140c5a2395e667a064dcb99870e6d	未入库:第二档,暂留本地待定
./out_official/conf1/00000040.pfm	1769493	5f60a0d3bc151eacfbfe4c67b133a34261584d717f2314f798ebff1887b335d1	未入库:第二档,暂留本地待定
./out_official/conf1/00000041.pfm	1769493	60fad72af43c2554693fc1d4ba0edf3d685a662ae909fac45bbbd250bccedb61	未入库:第二档,暂留本地待定
./out_official/conf1/00000042.pfm	1769493	20af41160832360f1bb36bf2f573ad9c3518496c9b88a93149fb3f8d511581a5	未入库:第二档,暂留本地待定
./out_official/conf1/00000043.pfm	1769493	5afaac208c536a0d0ecceb8f5d54c71bc6bfacb9f1d42cf0ccbe7864fe554e71	未入库:第二档,暂留本地待定
./out_official/conf1/00000044.pfm	1769493	5c3b6926bb4a6cab5f8cb79e8631d8081d206a0f5c8d695979484d9abed4bb1d	未入库:第二档,暂留本地待定
./out_official/conf1/00000045.pfm	1769493	42ff8c7b993023d17451ef33b3b5fdd18ba62a52d44e1749416b640d96debcfe	未入库:第二档,暂留本地待定
./out_official/conf1/00000046.pfm	1769493	81a39e00bab6d3e0886f0cd0cb683ff549491e2dc0268607bdd3ec9985af2b28	未入库:第二档,暂留本地待定
./out_official/conf1/00000047.pfm	1769493	f246ec00eaa96ccdf68e9121a943a67426599fc1a87ed6121f9a2ea1db5b3e02	未入库:第二档,暂留本地待定
./out_official/conf1/00000048.pfm	1769493	d173e72d7819f7e01fe9d20ad244e20aff78174f57ecf2eb6aa4a1a7d906e31a	未入库:第二档,暂留本地待定
./out_official/conf1/00000049.pfm	1769493	fb6ab3814df7e689f9203243d93a0b19aba0cc010d386b0c01c730744dd6b6f3	未入库:第二档,暂留本地待定
./out_official/conf1/00000050.pfm	1769493	cef695e86f8b0774e93415cd67ae992ed5b984d53c61dc06ec05204cda6375c8	未入库:第二档,暂留本地待定
./out_official/conf1/00000051.pfm	1769493	5f0c9902066d25ede34fecf554f85521cea4c89e6adb6708de599972f7661c55	未入库:第二档,暂留本地待定
./out_official/conf1/00000052.pfm	1769493	781251885413f4cf06bf5507f9b7d9898015ff8f8eaf3b2f01250f0345adb8fa	未入库:第二档,暂留本地待定
./out_official/conf1/00000053.pfm	1769493	1f8ccafa4f052c60cab73995d0085cc67b0cfd476c257e9e6e1e6755642d0f68	未入库:第二档,暂留本地待定
./out_official/conf1/00000054.pfm	1769493	79d1a1a2e72d43e0dd38a17f3bbadc74ef8382d4a70a2f56d0f4191eef812563	未入库:第二档,暂留本地待定
./out_official/conf1/00000055.pfm	1769493	fd5e58cb0c098513ea66bc7af101130051d01855bcdf56c71c41e20e359355cf	未入库:第二档,暂留本地待定
./out_official/conf1/00000056.pfm	1769493	af6357a754806b08a582a33d8fb4fc56b6eb4ec9eb76e275ccddae8fe3c19082	未入库:第二档,暂留本地待定
./out_official/conf1/00000057.pfm	1769493	8c5d157a1a5f1705cc9f88296bdb07822ed9eb7d8558fd8ca9bdda812c1ee99e	未入库:第二档,暂留本地待定
./out_official/conf1/00000058.pfm	1769493	4a76ccc9e6aef6e77ad45c5336bbd4fa8e049328f65ef975b5dcf5957e5fadaf	未入库:第二档,暂留本地待定
./out_official/conf1/00000059.pfm	1769493	37971b497a55f9fa170e5bb275b06617df094f33fde5e67c059021c7ac42cdf5	未入库:第二档,暂留本地待定
./out_official/conf1/00000060.pfm	1769493	d35ba4048905bbf41a24c68eb2ba166f944184f64d2b7fb2a02a20099c290674	未入库:第二档,暂留本地待定
./out_official/conf1/00000061.pfm	1769493	c0b8aa7c16b22a0831735cd2e9b2eb031e7c9be39d66b9f10d2a9363e1b2c7b6	未入库:第二档,暂留本地待定
./out_official/conf1/00000062.pfm	1769493	7776a3ab6cd6aa5a40f05e26813042df7b006a3a4d4a169e191245f6a1a33848	未入库:第二档,暂留本地待定
./out_official/conf1/00000063.pfm	1769493	9956db7b4a22bc88caf653aa0a08d93b18ede9717ecb71329ee5dfab6fe3521b	未入库:第二档,暂留本地待定
./out_official/conf1/00000064.pfm	1769493	7f03bcdf66807e74735f69dc8d6426bc18993556becc686e769bf1a7c69e7de3	未入库:第二档,暂留本地待定
./out_official/conf1/00000065.pfm	1769493	cbd511f3d0858f2c9043298e3218f1659f3600bafd7c79eb3fe0f40ba7b9cda3	未入库:第二档,暂留本地待定
./out_official/conf1/00000066.pfm	1769493	ca9179b64ff6b22f207f9395b63b1e784378ae50cd72daf76c76e513a4848a88	未入库:第二档,暂留本地待定
./out_official/conf1/00000067.pfm	1769493	a6c62e1ee358cb61ea91fc60eac0384785e086508c9648ed9cd0df676dd700a0	未入库:第二档,暂留本地待定
./out_official/conf1/00000068.pfm	1769493	a587ca7df5c7e0602fcb6bd16e3b00921f18e2ab94a3883f897e88c4f5e1c668	未入库:第二档,暂留本地待定
./out_official/conf1/00000069.pfm	1769493	1f242cfff344fc9d1687e91430036af22bd805470ca7255a19f93310b4ce3352	未入库:第二档,暂留本地待定
./out_official/conf1/00000070.pfm	1769493	08434787cc325bdf3a42d95f0858d459d4742cb73524f0772c062ec97224f1f4	未入库:第二档,暂留本地待定
./out_official/conf1/00000071.pfm	1769493	f2d06b17c08e6d69924d494d864d3caf6a9876d69fd666eb03a0a800022dab21	未入库:第二档,暂留本地待定
./out_official/conf1/00000072.pfm	1769493	e21ed45720906ab1b524c214a0aca5ce3cb0426bca03516fb729eb603de81318	未入库:第二档,暂留本地待定
./out_official/conf1/00000073.pfm	1769493	52cf40a6128388081d9bee3ba69c1a175070584d821b495cdc2d6f6a75d52ed5	未入库:第二档,暂留本地待定
./out_official/conf1/00000074.pfm	1769493	e55b453b786eb17cd7e8dfa760ca04b09eec5112cd448250923996b90de40098	未入库:第二档,暂留本地待定
./out_official/conf1/00000075.pfm	1769493	06be0628f9222f24b319789a18edc288559d6461da6fecf4369da0ca35e0ad79	未入库:第二档,暂留本地待定
./out_official/conf1/00000076.pfm	1769493	e29592054861f1bd2ad93a4de9c4a65045650985612549a411366f5e1d703f2b	未入库:第二档,暂留本地待定
./out_official/conf1/00000077.pfm	1769493	f65f58a016f4d92165e8d5568f427e9fcb596e899f600590422e1b2955a20d8b	未入库:第二档,暂留本地待定
./out_official/conf1/00000078.pfm	1769493	91011409b5de6c749d10038f6e00f377fb706b0b88c057c19a2e43caa9198d90	未入库:第二档,暂留本地待定
./out_official/conf1/00000079.pfm	1769493	9b1555f4bb18d7ef07fb031b63ffe9bb5f2880b029b47789008d19451a46fde5	未入库:第二档,暂留本地待定
./out_official/conf1/00000080.pfm	1769493	46a189f34f80115436747add68a8b4dc205d173614cae0fcd42700bfbabddde6	未入库:第二档,暂留本地待定
./out_official/conf1/00000081.pfm	1769493	944bc9d1c4c5b213796fcb1a10d2ee5ac8dc6f22642f6d33b0fa5ed13d4f4379	未入库:第二档,暂留本地待定
./out_official/conf1/00000082.pfm	1769493	d589fd008d7a56206bb813a02c8842d2f98ad89541c970ca8b0be43865f16008	未入库:第二档,暂留本地待定
./out_official/conf1/00000083.pfm	1769493	72051f7f2e2b97416eb04b07ff4cd697324267e115765f8cd7c14225a205d9b8	未入库:第二档,暂留本地待定
./out_official/conf1/00000084.pfm	1769493	8ee063b71c5e38680e9ad9ffd910bc554dbfe68085b951db0d3012a22e02bb95	未入库:第二档,暂留本地待定
./out_official/conf1/00000085.pfm	1769493	67ce26c892ac3731930110ffadb0664b34dc6b8164b748120353bada847577a1	未入库:第二档,暂留本地待定
./out_official/conf1/00000086.pfm	1769493	0389910f9fe8eaa389d3500af77d9e487955cad510b90d9fd61d2d28f795763d	未入库:第二档,暂留本地待定
./out_official/conf1/00000087.pfm	1769493	64192f5957592ad222132fa63e326262d825be3660fde01e3aa94709d4cbde65	未入库:第二档,暂留本地待定
./out_official/conf1/00000088.pfm	1769493	a8616d06e5e32585ce54475d4bf2bc9f9f49243970fd790749e6ee55cccbdb9a	未入库:第二档,暂留本地待定
./out_official/conf1/00000089.pfm	1769493	5d9f1d915215ea7aba3996b96827d1168635425211a9a0e9f2e656cc937ea34b	未入库:第二档,暂留本地待定
./out_official/conf1/00000090.pfm	1769493	54ea3be5568f26e6cc925a48db3bb4d1306e177f79a7a83b042060968b272dad	未入库:第二档,暂留本地待定
./out_official/conf1/00000091.pfm	1769493	15e197de2c8e26e2b5e8d51c6f9548b100309e31f68dbfb8f453484787fdcd52	未入库:第二档,暂留本地待定
./out_official/conf1/00000092.pfm	1769493	eb24d4a21a70617a1b879d27e2083c7e5a97231f44eb8f06b37a654d2cfe318a	未入库:第二档,暂留本地待定
./out_official/conf1/00000093.pfm	1769493	f3d23b3a243a15b90aa94cd9055020712b290eaa7d48636f3d8755218d9bdd5c	未入库:第二档,暂留本地待定
./out_official/conf1/00000094.pfm	1769493	fc2eef1727c4162f0513f3269dbf54aa64a0dba1a5d357e1312412c6110302e4	未入库:第二档,暂留本地待定
./out_official/conf1/00000095.pfm	1769493	e4d730933b2ef50df99471204bb4f9b22e7f926902198d45368751aec0d609ed	未入库:第二档,暂留本地待定
./out_official/conf1/00000096.pfm	1769493	8f056956c05b29593f11011a7ad15da2643e4a527de9e4bce8ee6fc3cf01e7d9	未入库:第二档,暂留本地待定
./out_official/conf1/00000097.pfm	1769493	76db98589446fb8a744c5a836a554e8f0b6d6e22a20b153ccf2ff5ae4249cd8c	未入库:第二档,暂留本地待定
./out_official/conf1/00000098.pfm	1769493	e96105a3fef0a12eaceb2a5e5831b2b3d5ec4a283223661f795f9c7fc46dba54	未入库:第二档,暂留本地待定
./out_official/conf1/00000099.pfm	1769493	9234db11f431106ca786465134f0c135f3372bc61282a41ceef2094b8bd3ef08	未入库:第二档,暂留本地待定
./out_official/conf1/00000100.pfm	1769493	ba2f958f1e493184385bd6634b129a5ff9df21213f7659e753c96bd41645d266	未入库:第二档,暂留本地待定
./out_official/conf1/00000101.pfm	1769493	4b98b59b66e0ebde0c7c8758bd0e210865b389aa218338feb23d12ac88911f3e	未入库:第二档,暂留本地待定
./out_official/conf1/00000102.pfm	1769493	efde0460dd33829d0be240b26d2acb0e6786e4618f8add30a2b2ab135d7ab681	未入库:第二档,暂留本地待定
./out_official/conf1/00000103.pfm	1769493	231b31fe03049c70b52a7e7c7c8c82f066365a73a682f15a4342203779b3bb6e	未入库:第二档,暂留本地待定
./out_official/conf1/00000104.pfm	1769493	38459fba2842b8db706086ddfcbd551a97672596f7ab11c91dd2eaab097d79d7	未入库:第二档,暂留本地待定
./out_official/conf1/00000105.pfm	1769493	3a9f5eff6be48cf3b2141a3553597cfe38b8de024e73679ea72c678bd378a3b7	未入库:第二档,暂留本地待定
./out_official/conf1/00000106.pfm	1769493	da8f7dd45d96cea47f2a7a069eb73eaa80bc43b886d5d873bf534fccce475fd8	未入库:第二档,暂留本地待定
./out_official/conf1/00000107.pfm	1769493	d7096669da194accea8ab4c65c7e5b56a2711f9840256692be6568f4567344b9	未入库:第二档,暂留本地待定
./out_official/conf1/00000108.pfm	1769493	33f6dd592d30e140af3cd25b04532a513cc371afb53ad1f0e2938ab0661fd84d	未入库:第二档,暂留本地待定
./out_official/conf1/00000109.pfm	1769493	642c5311b36380ae667905136581633a5ebe96e2a7bd5343af16b59f67e480a6	未入库:第二档,暂留本地待定
./out_official/conf1/00000110.pfm	1769493	24facc82061810046165828f65a50c1278bcd4ac2b786a79bbd5f61461e112aa	未入库:第二档,暂留本地待定
./out_official/conf1/00000111.pfm	1769493	dae639dc362eb2e3fd7ef3e205b9caebfc32a47a42b07659d9da3392f17741ac	未入库:第二档,暂留本地待定
./out_official/conf1/00000112.pfm	1769493	c354935873cabd749e3a824c53050afade1455b60e328eac68266178afc08829	未入库:第二档,暂留本地待定
./out_official/conf1/00000113.pfm	1769493	5f4c782615ae439933e6590ed6064964c0af2c51a7e94d926ba2ac5d70340447	未入库:第二档,暂留本地待定
./out_official/conf1/00000114.pfm	1769493	cb014a164b2292ac793b8126faca038063cff3be50b4fcba145d7305aa16e62c	未入库:第二档,暂留本地待定
./out_official/conf1/00000115.pfm	1769493	ad7598c712fac39f07f76f60e94fa82c2fa4b5fdbe5dc9767e50c1a4c766eb28	未入库:第二档,暂留本地待定
./out_official/conf1/00000116.pfm	1769493	e51c4ef9284ae6a8c54c35e2783bbab51993d5f6278a755586119c0e4bb4da01	未入库:第二档,暂留本地待定
./out_official/conf1/00000117.pfm	1769493	30882798d127214edabd4605762b241f2cc4046839697539c57ca8fe9af17484	未入库:第二档,暂留本地待定
./out_official/conf1/00000118.pfm	1769493	f36e2da4d6795f3fee021f3ae767410c83dcc182d7095af43b720160886577b3	未入库:第二档,暂留本地待定
./out_official/conf1/00000119.pfm	1769493	8a5c25c31d260a650d8fe9d880f0cb76d8198615a28c39838f86dc3936d91d10	未入库:第二档,暂留本地待定
./out_official/conf1/00000120.pfm	1769493	c174eb6f9e5112edd0e006f6df8ccaa0682f234ff7a05d1cd54d17f2edd6354b	未入库:第二档,暂留本地待定
./out_official/conf1/00000121.pfm	1769493	6c033e12e8c8e6384035c98800d28acda0576d99af0761f8735497f8b84de53b	未入库:第二档,暂留本地待定
./out_official/conf1/00000122.pfm	1769493	7ced2112c5c105c5740f9dbcdb4af56eb2d72890899398b15d2071275e7fd27c	未入库:第二档,暂留本地待定
./out_official/conf1/00000123.pfm	1769493	0552088fab9e04565b8742c736fddceb14d643f252ec4869b18c61501b227e49	未入库:第二档,暂留本地待定
./out_official/conf1/00000124.pfm	1769493	562310cef7ce60df7e0dec9a6dee64e2642929e712981d544a185d919939e7a7	未入库:第二档,暂留本地待定
./out_official/conf1/00000125.pfm	1769493	a5a97e99cfb31f544c84db462d83e357a669e502cfb3b1c6bbeec6e86ec29f3d	未入库:第二档,暂留本地待定
./out_official/conf1/00000126.pfm	1769493	5b4cccc0d9f82026815a6d5be89d84e088b3a75884923c1f7f3467497369c639	未入库:第二档,暂留本地待定
./out_official/conf1/00000127.pfm	1769493	d910a209821abb7808dfb3b518fd527179e3349ce97b32c127ef2fdf1d256c0e	未入库:第二档,暂留本地待定
./out_official/conf1/00000128.pfm	1769493	e5285a3adc8af68cde98263c51e06cc50d556e98198c1e20b6233be371686cb7	未入库:第二档,暂留本地待定
./out_official/conf1/00000129.pfm	1769493	0051412ef733816bbab2f9c4e596a3305dd481142a4a3b9297d47535e40f1c98	未入库:第二档,暂留本地待定
./out_official/conf1/00000130.pfm	1769493	c4ea7d38e1c115d115b1fe07ac2a9f4ef79ca73aa4b71bda3f9bf89e5db21bce	未入库:第二档,暂留本地待定
./out_official/conf1/00000131.pfm	1769493	e44ff9cefb5941043524365890618d2473e623d5d6ef8809b846f7fc07bbda81	未入库:第二档,暂留本地待定
./out_official/cams/00000000_cam.txt	260	b0e0b4d2fbaf2bf2f59f86035ed9e5bbb491b729cc419e51415d7edf9f77c424	已入库
./out_official/cams/00000001_cam.txt	253	bcb70c480741700898e6d96b505a9ba4a1f068c9e9bba772ecdc2a95a89f8d36	已入库
./out_official/cams/00000002_cam.txt	256	3a0b4a7ef6198c091b6b14c04de877399e11f696e05813c91847c481bd2d104f	已入库
./out_official/cams/00000003_cam.txt	251	40c3b1173f1b414f1e88a8b3f656842c9b2a7ea3ea21906a75843d9be67dc269	已入库
./out_official/cams/00000004_cam.txt	251	b6490005427329a787a87e258f690e74b692625466d54b84679421ed2cecad6f	已入库
./out_official/cams/00000005_cam.txt	251	a387c20822b922afcb17fb997bfa12bf8d36d6521bd0f7d803ada6f53c613ea9	已入库
./out_official/cams/00000006_cam.txt	252	9754204d2b2dd105e5217fef508e3ce55c9653b743bf532e9e124abdd2cc5fb4	已入库
./out_official/cams/00000007_cam.txt	251	940aeef2ee6b669ba6d7e84964a31d201095b44632374f19716fd8fdbb4f9a2c	已入库
./out_official/cams/00000008_cam.txt	252	311d633ebabca467a607137fde95fc01fa3caf086aaa9302f2d314d0ebe30470	已入库
./out_official/cams/00000009_cam.txt	254	61cc435248a75b9a43f7cb1053230ccef7994aaf9db1fcd545f30437f4a5cb49	已入库
./out_official/cams/00000010_cam.txt	252	58979fbb038b81aed4c81d29655436336366feed14a5a93c868aa884fe81f255	已入库
./out_official/cams/00000011_cam.txt	256	3592931c366475308271039a774af92047d5a9ef3a67b4d621530cb922b46f8b	已入库
./out_official/cams/00000012_cam.txt	257	6a0e167df44c8866cecb6c6beb38288c54b9759d63ce02315ef3f80251b728d7	已入库
./out_official/cams/00000013_cam.txt	256	2f658e13ae5999d41d51e2546270886ce710a488d9b6960a60bf7ec9767c1bbe	已入库
./out_official/cams/00000014_cam.txt	256	a488a5c7f5175fd15175cc8324bc1d560b48cbff6feb1cb0f184faefa922a09b	已入库
./out_official/cams/00000015_cam.txt	254	e0294ba72422d738a7098aa554d9ba0dca701e3efb27fb1ed5a6e4e9e75a7eb3	已入库
./out_official/cams/00000016_cam.txt	254	59727a6caa1024d2811f842982c4ae6420af30004dacff3ef48726ea64ef56c5	已入库
./out_official/cams/00000017_cam.txt	253	9a66efea6f674dde0a92a45c2de62f46509972e2d3427bf218add20e5a7f749c	已入库
./out_official/cams/00000018_cam.txt	252	70d99a9290442a155dd4880f3af142d37c4b854407b63c0136480560967190c0	已入库
./out_official/cams/00000019_cam.txt	254	54809fcf0c265d934b9ecb48c3310eb734bf892a9310de7dedcf8925770fd6e6	已入库
./out_official/cams/00000020_cam.txt	258	48130db037ee7569b50bd8c4b779c317e3ea6ae10fb84db3969e7240f2a82713	已入库
./out_official/cams/00000021_cam.txt	249	7f9d05225bbf0d213bc3cfc3158430fec81afcb96952be3958cc762a99e3c790	已入库
./out_official/cams/00000022_cam.txt	251	07c39ca2178133f64bc77a330f89a2d0db8b6f9746df4135c621819fc0efa94c	已入库
./out_official/cams/00000023_cam.txt	255	4473a2d051d7c42ce48d1c7e10010950da4300166bf4fca6285cde94c110b32d	已入库
./out_official/cams/00000024_cam.txt	254	a6b2a39dce8b0773a6f61ae6e1abb27ab0363007777746ae65abe5bae871af3e	已入库
./out_official/cams/00000025_cam.txt	254	338255a12a7f3e7ef3cc48101e5de4e44ea5410a39f8039e109650a9124490d3	已入库
./out_official/cams/00000026_cam.txt	253	305c0e596110e03fb1a6f5d436eb3f82fee15e3cd30abc75278ef548c5e8ed47	已入库
./out_official/cams/00000027_cam.txt	255	8bc4e1e15d24c6c78fae7a00a26d10f0588786ae2849fb1700d3ba3a39ab174e	已入库
./out_official/cams/00000028_cam.txt	257	0d6723513eefbed0aaa1560c4eed0e77813561c89e66cbc79e744bcc172f80c2	已入库
./out_official/cams/00000029_cam.txt	252	e8e86e660e0d45ca92a068fcf8c0f624fc06d3b60272ef6de236e0f949256d39	已入库
./out_official/cams/00000030_cam.txt	255	2e8d12eddd6c9bbc899ed2a819ac8b13af97697dcedbed4f26fff105fe5f192c	已入库
./out_official/cams/00000031_cam.txt	253	12590b038bcde6af964e09a20bfce37ffb657da45f75e89b4b4efb22553a66ad	已入库
./out_official/cams/00000032_cam.txt	256	ae7c90b9809deb976906c57f827061644193546b1d9dee2bcb4da009291018fe	已入库
./out_official/cams/00000033_cam.txt	253	675aeb8a0416a917c521b4931384e590c9b0e43966ada935799928e6376d4cd1	已入库
./out_official/cams/00000034_cam.txt	251	de31a467b2844253f952d71873023094341b08a277d717378f668a4ad6b7b9df	已入库
./out_official/cams/00000035_cam.txt	255	fd77787f5000cd78efc03f96d83b2d77eb5deea7ebb7f789966053b636c52ff8	已入库
./out_official/cams/00000036_cam.txt	255	11f89543a3ab98d5cf724bfee4d975962f811d89a8f809c0e69a039f95dd6cb4	已入库
./out_official/cams/00000037_cam.txt	254	ac7ae605512640ec89ab4b5171e004aff87cd72cb9e4cd5d84f02d5f58b36f7d	已入库
./out_official/cams/00000038_cam.txt	252	b82f989c6352346d72f43e349c6df309e29098a0a04c94f3911450d9d8e01f37	已入库
./out_official/cams/00000039_cam.txt	252	b53ad33fbce30055418e46d32db2b7b1d68e4c47f26a35660a40ca0adbd04f35	已入库
./out_official/cams/00000040_cam.txt	259	0e10301aa5e227ca5fa66164d8162356acd8906f37df48a3222e7053dbe8c19e	已入库
./out_official/cams/00000041_cam.txt	252	7f591b93f31aefc9680b702d3afac8362cb6f96428a2b1144a552f394bf65feb	已入库
./out_official/cams/00000042_cam.txt	252	3ba395192b04e4c1e6ca29df5eddff2c7dece588957776cefb1df41f54dcf843	已入库
./out_official/cams/00000043_cam.txt	253	b718a2feb2742f34d690c7c104e2a47190384e6f4dfce972af60dfb71d4af995	已入库
./out_official/cams/00000044_cam.txt	254	7a92a0f67fe42ed08c00c7aa1ceef7633ab75f745ea1dd47de6857c26e65318a	已入库
./out_official/cams/00000045_cam.txt	251	ca8357fc788b3cb196c41ad52ddffbef47cb9585c1a4645b734cee1b8e0eedf2	已入库
./out_official/cams/00000046_cam.txt	250	1a599701023b963c7cac72debda96f1749d950568f74b341e3cb4d9976b31aa4	已入库
./out_official/cams/00000047_cam.txt	252	6ea39ed7649be6e1a6d8ceda2bc793893cb994d5b35b385816d87fe60d50442b	已入库
./out_official/cams/00000048_cam.txt	254	ba56cc84630315095bd22786b4c837d0d01911e5bb564e46e20f0ff72dbd7961	已入库
./out_official/cams/00000049_cam.txt	252	6acd0b03682e50a2ecc3f79a312627524b04e4c29d3463469259ed84206bb6d1	已入库
./out_official/cams/00000050_cam.txt	252	d067156bf63ebca8f8d81ca1ce56c93956e267e4afe629b9ddacfff767feb987	已入库
./out_official/cams/00000051_cam.txt	251	ae44a64fac8383e3b05b82fb308f92ab306522a42dcb699c27bd0b00372d601d	已入库
./out_official/cams/00000052_cam.txt	253	f8115a457ae373dc8b09fbdbe60868c48a63d6d23e07855253d8b4f915ede292	已入库
./out_official/cams/00000053_cam.txt	252	ab288919ede97dc90c92e67c7c7c57cfe3c2c16e829779a72b4e5ab906ac7709	已入库
./out_official/cams/00000054_cam.txt	255	f0d258fe47393d4aa207abdecc72fdc66f544966a6a238e0524544b2bf574a36	已入库
./out_official/cams/00000055_cam.txt	254	14a8c677dc0e7cc94e8f4a62831c26868bbca83e6dd6a7a6d4807a2ad7774006	已入库
./out_official/cams/00000056_cam.txt	252	30812235aa09bf646ad2b98058930e4f26b7a78d862b7bdfe75517516102e497	已入库
./out_official/cams/00000057_cam.txt	248	d96fc68661b7c16b161fc947e5305d1ab4ecc240e1e5a7e8665bdd3218616fc9	已入库
./out_official/cams/00000058_cam.txt	251	7a0e0d506f92a21d4de6e20dc9d54b80a3ec00eb1ea32bb3dfc6bdfae1384241	已入库
./out_official/cams/00000059_cam.txt	249	5816f46dc1be972a6e6107dcf7d6c74737f5605013a3be7f12629ac90514e2ec	已入库
./out_official/cams/00000060_cam.txt	252	ed1cfe3075646b8c6e66933733fe0847b709b864f2684de9cc9ef68f7074597d	已入库
./out_official/cams/00000061_cam.txt	254	3b7a55197ce15d43c350d08ed1d63d127fcd7530a5fa6dcee9bc1dfa84c0ad78	已入库
./out_official/cams/00000062_cam.txt	254	f3f90587c5c26a0c11bbf1ee29e5e5ec087bc722ac99df89954acb3ae93e8994	已入库
./out_official/cams/00000063_cam.txt	256	025cc4ed2b3c69d3da0a8b3e348605a25844b503fb6ac620fca41fc6797527be	已入库
./out_official/cams/00000064_cam.txt	250	d3ec0bcb6a547fb287af32079d40dd37beab0c1907a76b7510cb155dd59315e8	已入库
./out_official/cams/00000065_cam.txt	253	e4d746d5d261fdf5b14494a15d787146dc5ee5da47ef1663c40961a2182cdb8d	已入库
./out_official/cams/00000066_cam.txt	251	cfea88b6ec1ce5742e7a6e6ff3e9e3b01c621c0937f8e4d3e4a3954af3f73068	已入库
./out_official/cams/00000067_cam.txt	254	05cfeb99282c5a6b48ea3e5fc7e28d3f56abd440d521177060c760c9b197eb9d	已入库
./out_official/cams/00000068_cam.txt	250	d70ac34405476e6cf93efef4977210b9c0cc2bdc639d18c74c20ed7b70a05644	已入库
./out_official/cams/00000069_cam.txt	254	005b477e90588387816f7bb032b6213d33bd8a03a59456989dfebef3948469de	已入库
./out_official/cams/00000070_cam.txt	252	6e344e86b43c2b027578531f3e530fd7ff0bd748d2ed8e27ab1765170826661f	已入库
./out_official/cams/00000071_cam.txt	250	0dc9d5b8802fc015bdc5481eab065190ef52ca07d8ebb6d05fc627fe5c460ae2	已入库
./out_official/cams/00000072_cam.txt	252	642e94401231210975afb15eb4984fb736256cf92205f6b6ead877ac909ff978	已入库
./out_official/cams/00000073_cam.txt	251	a94a583a670421871c049b2e41c5cff039b458ac4e23b58985949359f0afacaf	已入库
./out_official/cams/00000074_cam.txt	254	2e7f402f22cc100304e2b52d2c41060f64f38bde5ca53ffcc79e9651af7c73ec	已入库
./out_official/cams/00000075_cam.txt	254	9cf1f748ab9e7899f40e37c63528e7f663e0b987928637946f4457870dbc1785	已入库
./out_official/cams/00000076_cam.txt	255	3d0a3dc1167ff54157e870cb2f733d76fe06d913abee4666bfb52601a4ab9b12	已入库
./out_official/cams/00000077_cam.txt	251	c5a4624d406e741773fadf46a41d194ab47095c122f3c66f8630f1ba44b0a966	已入库
./out_official/cams/00000078_cam.txt	248	213920f12936e3f5f7c1e61e45b2d754f2d6a854f3d3fce914e46552d36969ae	已入库
./out_official/cams/00000079_cam.txt	244	c0484395d12c409b7d0699b745c221a80af8bfb79ccaef739c277e352933c943	已入库
./out_official/cams/00000080_cam.txt	249	de32cea1be02f3b7226a2bc2da9a498573f8b4021c7a5e450b7b02f36440000e	已入库
./out_official/cams/00000081_cam.txt	248	8470dbff75732764956e26b64953709e66225261145e7fcb9dea19717ad33f4e	已入库
./out_official/cams/00000082_cam.txt	250	7a1d03a4e2d69b006e0ccb0676476760353a3c089840f58ca87fff27f5ae974b	已入库
./out_official/cams/00000083_cam.txt	245	540ea8d06e4fe9b6dc01e7b79a381e6456c7d2906cae757948660dac911387dd	已入库
./out_official/cams/00000084_cam.txt	248	c7e750eb6289a9915dd416e94c38177e9d0cb45dac6d97941b979f391e9fe6d9	已入库
./out_official/cams/00000085_cam.txt	248	92a73f1d87da3ce8a5a6592169883b8f7ba12cae59f33c0738adc197126bec6d	已入库
./out_official/cams/00000086_cam.txt	249	42127686022f58e2c1b2e16dceff90a5531e3dce8d94baa2888006d1b3ec017f	已入库
./out_official/cams/00000087_cam.txt	255	9cdb8e9f698c73f1be1686cdf29353e07e2dee45e48ea9c27e031c5b5e898987	已入库
./out_official/cams/00000088_cam.txt	252	27d5615cd699db9cdaee813feec31e0038653b483b357a67c60c86fd70351b76	已入库
./out_official/cams/00000089_cam.txt	248	77e4abe075c031636a3f71936a0ca830155cf40327e8adf5906011fce413eb0a	已入库
./out_official/cams/00000090_cam.txt	251	a3a40f6c10aaa73370c7e17d0e34525e3147b3cd76ed4df015be16c770ab491e	已入库
./out_official/cams/00000091_cam.txt	250	c864860a5ea4a67ba48df435800d9dfb112f6fa9d52d58992252db01fff79ef5	已入库
./out_official/cams/00000092_cam.txt	252	569afe15cce46e72d0c000b218affeded08252135c28841fccb369cba531af23	已入库
./out_official/cams/00000093_cam.txt	245	7d64d315f34e617c4986c5b187051c714188f27ae74a1813912add0ce327d80f	已入库
./out_official/cams/00000094_cam.txt	244	ac36ca8c7d0d8d8b49ab48f2e282a7c0f810bf2382748845d2dd556572d83b06	已入库
./out_official/cams/00000095_cam.txt	249	322045256d4da78086bd48843d94a6492e5279079500a343907940d08a8fb9a5	已入库
./out_official/cams/00000096_cam.txt	246	b1fa7a4d7ec75fc3ef5b1074d9fca89abd8184799214d0090cff16fdfe6333a6	已入库
./out_official/cams/00000097_cam.txt	246	ba04827ae4ada84ae4ce2767539cf4e617508ff39b9eda2deb219168ade9b3e3	已入库
./out_official/cams/00000098_cam.txt	249	5ae1444a72766f64e9fe9d74b6fad1e1727b637aee0cc46cf3e3f5a7c0c5a253	已入库
./out_official/cams/00000099_cam.txt	254	251981796c453bfc59c19284934f16308e9fb624071005f570c6660fd3052bc4	已入库
./out_official/cams/00000100_cam.txt	248	687b32ec38509b363793e7513157dbebb18cb599aaa779cb4a36eac74f532b7c	已入库
./out_official/cams/00000101_cam.txt	246	2b49497150bd0215fd51df6640b627a041ae2f82791aaa9fe6d321ec467ec2d0	已入库
./out_official/cams/00000102_cam.txt	250	06fbaa3c2eb78c0420be6aef5d9ce303177c43aec672c90fe07e00ff9ebfac55	已入库
./out_official/cams/00000103_cam.txt	250	837150028d3af621f3cff6d32de2a98eef8897d34f569bb1cd186667cefc354d	已入库
./out_official/cams/00000104_cam.txt	255	69d0badeee1fc92e301c44d05c4d8a8b9519cafb18d81c5017ec8c29f18b04a2	已入库
./out_official/cams/00000105_cam.txt	252	7c29fa7f4146fb93b29dee6f29946a268a55a74ffcb7deef713da3668b037e5c	已入库
./out_official/cams/00000106_cam.txt	256	8a49333be28189bbf39e9a58e2852d1006bb0e2357fc7635ef5599ec116df50d	已入库
./out_official/cams/00000107_cam.txt	253	c765ec1eaf5edf01aa050bae7dca12edefe1928eeb0cfbd7ab1429bb1cd88271	已入库
./out_official/cams/00000108_cam.txt	250	613fecfae156ac8ca306ef7a160457828beb7c2ed7b52b85a2247120ef0ebb4c	已入库
./out_official/cams/00000109_cam.txt	255	08ed00789489fd38e5b3141795d20f7d34baa9e43ba0323c186d75cdf2006332	已入库
./out_official/cams/00000110_cam.txt	251	f5f757fc1100d1c816a953ce50939688a5a33d33dd90dcb19c3a98fc74c55a07	已入库
./out_official/cams/00000111_cam.txt	249	516cbe6c6104e4cd9648a365e9f614842b26dd2e62a436782b3602015a3eb48a	已入库
./out_official/cams/00000112_cam.txt	253	7ccacffaf92d0f1ee2089a07f466827bc183ed583238d0f120d6fc5d1834b134	已入库
./out_official/cams/00000113_cam.txt	256	a21395b4b3ad88bf6fa4dceeb8a74a6ac805a58548668cd726ebe71b37b1f1b4	已入库
./out_official/cams/00000114_cam.txt	251	0b8a83afbde6350863fa2be62d7584b2a9730b50f1d0d73574d832d735f8595b	已入库
./out_official/cams/00000115_cam.txt	251	27b579becbca457657804a6d8b78901e940a171f58bfa2a963652f2ca2821778	已入库
./out_official/cams/00000116_cam.txt	250	77ca69de6e8cf364a1083c6d5ae020e1d7ac798281d45f5856656419fb1f0325	已入库
./out_official/cams/00000117_cam.txt	255	8579c83d8d7bcc5ad3bf042f3ba77475e91215bc86421901f00769eba49b158b	已入库
./out_official/cams/00000118_cam.txt	257	4ed7b6f3fc9260490776a7b26e91821c3cff893b9609a60987387b860e2ae4a3	已入库
./out_official/cams/00000119_cam.txt	251	80f68f8ad781aace519d63bbf732c9ddbc0dcd660d64d861db90ab114511e07d	已入库
./out_official/cams/00000120_cam.txt	250	fdad6ed4b4618ea93884c1a1f0b3eeaa1a873724d38ce20a5e8b3867dd56cc2c	已入库
./out_official/cams/00000121_cam.txt	246	94b58cf102799ab08f1f1c0dfc98db0e2c7a924a9cd0a52067251ec39b6c662e	已入库
./out_official/cams/00000122_cam.txt	254	39a9062a7e6861eafc151bcf34afac5a88e6b73d376e098f6814b0019b365508	已入库
./out_official/cams/00000123_cam.txt	256	557dab8aef17d2f3393112b103180315539531e4b6110279d63982d2ff83063b	已入库
./out_official/cams/00000124_cam.txt	256	a2d610d2f6bb6b3b1ab08ddc1fbe72d23c79f0aebc3abc92c3ed0b250ba4a4b9	已入库
./out_official/cams/00000125_cam.txt	249	5360d4cef75cc5e9099d4e2524b70bf7a5b421060fb5e62362bfa25a46ff89ef	已入库
./out_official/cams/00000126_cam.txt	256	dac863d16582b42b5017e165a2ab8240cc832f26b2917864e5737cf79e3976e5	已入库
./out_official/cams/00000127_cam.txt	253	45eca7c54d4402b135fd0407b34b2da57b9005fe4c14acd632b240c9722a2e24	已入库
./out_official/cams/00000128_cam.txt	246	b4d0979b6996f3a1941145c4d05ee17393174428801e352d42105732ac1cafda	已入库
./out_official/cams/00000129_cam.txt	250	c24a2ad529d5d8ff27d7b96761d6de0e4bc89387a796957c37fb1c95b6578cdb	已入库
./out_official/cams/00000130_cam.txt	256	79a5a0d1ad60d1d5903a7234e4c2a369269d56312ae695b6e1dae15602450d43	已入库
./out_official/cams/00000131_cam.txt	249	9e2e8b4c8d3fba8b9052f0a5481b86e3487ea2794c33441593e6026105693fd8	已入库
./verdict_page/build_page_cli.py	12783	ee40c6c6220ab62a16276cd983994c28619f19b4716ef9756a7c82980ce68b03	已入库
./verdict_page/build_page_cli.py.bak	11683	a0a462852fc24296ef1291d01deb6334b71c9922136f4076bd0424be80f148fb	未入库:第二档,暂留本地待定
./verdict_page/build_page_fullres.py	10511	8ed820a4cc9f799d317ac497b7358ccf6a5dc76caa50da1e9dcfef94674f519e	已入库
./verdict_page/build_page_mesh.py	16265	5ea78490720b0caf0b9dcc2994906795b773cf3467de2719c2a65959848c2ef3	已入库
./verdict_page/build_page_texmesh.py	19403	7cfd03d465e1e0abeb74905a8e546f09d06b495b5a37376dc2038325d8c90532	已入库
./verdict_page/export_bins.py	2808	d05fd187653f5cdb8db8e2c80a7658958e19dfb56da5dc3efd35e1b27d052ae5	已入库
./verdict_page/index.html	9176	6ce0aeb77d8f4d2519b85d5ac6f2f76bcc6f39ecfd8f86819a37891a52d44bdb	已入库
./verdict_page/mapanything_casdiff_fusion	软链	/private/tmp/mapanything_casdiff_page	软链(无数据)
./verdict_page/mapanything_mvconf	软链	/private/tmp/mapanything_mvconf_page	软链(无数据)
./verdict_page/serve.log	107641	a66ef2cbaed855b1dedeb1f4fe713cf38a60d59765122762df8d60a6cb3251af	已入库
./verdict_page/serve.sh	640	9f791c5aa7e5b10a0bf1afd596c0da6b624bb88a8b608b67feb48f22c734a56b	已入库
./verdict_page/mapanything_official_native_colmap/build_page.py	4227	9ba68d3dcabe59e2f669849d3af91602f582e5b77b49bd4cfc67fba88e052736	已入库
./verdict_page/mapanything_official_native_colmap/index.html	7800	96286670f7681a9a5a68ed06994a10be08d8d7ee0324fe910bd5cd530f39287e	已入库
./verdict_page/mapanything_official_native_colmap/test_page.py	1091	78313032d663bd12b4ffe734c6f4cf5a0c501724f65c9c27c5365d60a50c35ed	已入库
./verdict_page/mapanything_official_native_colmap/bin/mapanything_native_colmap.col	4216716	63e882930f1528b128fedc460f9de5779b637a331df65fcee955a963c63eddb7	未入库:第二档,暂留本地待定
./verdict_page/mapanything_official_native_colmap/bin/mapanything_native_colmap.pos	16866864	0e37ef310a36668f3cd37a7900f865b1484809e5062707290b584ddbf7631da2	未入库:第二档,暂留本地待定
./verdict_page/mapanything_official_native_colmap/bin/meta.json	385	de04f0923925d388fd9c74bb155bc79fc1adfb9ea7a423bcf54503fc80ecf098	已入库
./verdict_page/neuralfusion_20260908/index.html	9506	3242d714127d25e2cf8f198e7665427b0433364d7ff3484367d85aec69bbfc16	已入库
./verdict_page/neuralfusion_20260908/bin/cas_raw.col	软链	~/Documents/progecttwo/_host_experiments.nosync/pose_ablation_20260818/verdict_page/carving_20260908/bin/casdiff_raw.col	软链(无数据)
./verdict_page/neuralfusion_20260908/bin/cas_raw.pos	软链	~/Documents/progecttwo/_host_experiments.nosync/pose_ablation_20260818/verdict_page/carving_20260908/bin/casdiff_raw.pos	软链(无数据)
./verdict_page/neuralfusion_20260908/bin/meta.json	811	8cedb88fa09f989399b75846ebd5f191a631b404aeb93f8e440f8924c316e5e4	已入库
./verdict_page/neuralfusion_20260908/bin/meta_nf99_occ50.json	272	058d8573a6a3acd33f15fe916290f4c68a25587fd3c2be2b6e3d37d95cdd994f	已入库
./verdict_page/neuralfusion_20260908/bin/meta_nf99_sdf1.json	271	8bebe0acc7ccf11469e3e57ea6bb1e7c45e13df1cfab77321c017efe94af604d	已入库
./verdict_page/neuralfusion_20260908/bin/nf99_occ50.col	13752960	83bd4b307a831d5845dd3c7a336a8fe8d630c15ef459341dbd31eaf6d87bb632	未入库:第二档,暂留本地待定
./verdict_page/neuralfusion_20260908/bin/nf99_occ50.pos	55011840	c9cc27430083a69cf0dce1af66a42b744c1e55dff73b744248a5228ade1e69c1	未入库:第二档,暂留本地待定
./verdict_page/neuralfusion_20260908/bin/nf99_sdf1.col	44223288	42cbeefd4be67c2fd4ccaca46d395c6e3d331cb26dfedec4a69f5d0d62b74373	未入库:第二档,暂留本地待定
./verdict_page/neuralfusion_20260908/bin/nf99_sdf1.pos	176893152	0ee8df99d69b7cdc8f379b9adbae2a6b6e65c55de40449c06efb860521e9a6f8	未入库:第二档,暂留本地待定
./verdict_page/gc_verdict_20260920/index.html	10036	580afa6b0f8e3788c8b5ee428ede219f7a96e776227067cbebac567341987c73	已入库
./verdict_page/gc_verdict_20260920/bin/.done	0	e3b0c44298fc1c149afbf4c8996fb92427ae41e4649b934ca495991b7852b855	未入库:第二档,暂留本地待定
./verdict_page/gc_verdict_20260920/bin/ep6_base.col	115328535	a68128b97993f270e6aff22e993af7b6fb16b384f04aff1b41558d3a5ad17f49	第一档:可重生,待删|full_ep6.ckpt e68754ad
./verdict_page/gc_verdict_20260920/bin/ep6_base.pos	461314140	fd1db8e0d0b5a89fe91745ad67bd6bf5662f80f08a249253358bcbddd40ca753	第一档:可重生,待删|full_ep6.ckpt e68754ad
./verdict_page/gc_verdict_20260920/bin/full_ep0.col	软链	~/Documents/progecttwo/_host_experiments.nosync/pose_ablation_20260818/verdict_page/full_ep0_20260916/bin/full_ep0.col	软链(无数据)
./verdict_page/gc_verdict_20260920/bin/full_ep0.pos	软链	~/Documents/progecttwo/_host_experiments.nosync/pose_ablation_20260818/verdict_page/full_ep0_20260916/bin/full_ep0.pos	软链(无数据)
./verdict_page/gc_verdict_20260920/bin/full_ep5.col	软链	~/Documents/progecttwo/_host_experiments.nosync/pose_ablation_20260818/verdict_page/ep0_vs_ep5_20260919/bin/full_ep5.col	软链(无数据)
./verdict_page/gc_verdict_20260920/bin/full_ep5.pos	软链	~/Documents/progecttwo/_host_experiments.nosync/pose_ablation_20260818/verdict_page/ep0_vs_ep5_20260919/bin/full_ep5.pos	软链(无数据)
./verdict_page/gc_verdict_20260920/bin/gc_ep6.col	软链	~/Documents/progecttwo/_host_experiments.nosync/pose_ablation_20260818/verdict_page/gc_ep6_20260919/bin/gc_ep6.col	软链(无数据)
./verdict_page/gc_verdict_20260920/bin/gc_ep6.pos	软链	~/Documents/progecttwo/_host_experiments.nosync/pose_ablation_20260818/verdict_page/gc_ep6_20260919/bin/gc_ep6.pos	软链(无数据)
./verdict_page/gc_verdict_20260920/bin/meta.json	1078	201e6641d847f04d472cccf17fd34a2f6f6f6cdb5f73c87bd71659f2af410f92	已入库
./verdict_page/openmvs_20260908/index.html	8833	ee525f7ca15c379fcdf994c35550633240cd22df602c2b0ed882fe138b3de139	已入库
./verdict_page/openmvs_20260908/bin/meta.json	271	ea65b9f05f95e46b66d714f9973da2f456c7056d52e1ae9c1ef8ef377d866ede	已入库
./verdict_page/openmvs_20260908/bin/meta_openmvs_dense.json	271	ea65b9f05f95e46b66d714f9973da2f456c7056d52e1ae9c1ef8ef377d866ede	已入库
./verdict_page/openmvs_20260908/bin/openmvs_dense.col	114815682	b863f990956c6d542ec8ff440937e1f15360435f954e46be8f74c13526725922	未入库:第二档,暂留本地待定
./verdict_page/openmvs_20260908/bin/openmvs_dense.pos	459262728	df76e198c48687b28a0c378cf9ce5dd33f10087b76321d776b7fc8f99b7d5928	未入库:第二档,暂留本地待定
./verdict_page/ep0_vs_ep1_20260918/index.html	9241	4b7178e10636b2c4bb8e5d665fb622242daffa250bbb5e410c7a7408965818ba	已入库
./verdict_page/ep0_vs_ep1_20260918/bin/full_ep0.col	软链	~/Documents/progecttwo/_host_experiments.nosync/pose_ablation_20260818/verdict_page/full_ep0_20260916/bin/full_ep0.col	软链(无数据)
./verdict_page/ep0_vs_ep1_20260918/bin/full_ep0.pos	软链	~/Documents/progecttwo/_host_experiments.nosync/pose_ablation_20260818/verdict_page/full_ep0_20260916/bin/full_ep0.pos	软链(无数据)
./verdict_page/ep0_vs_ep1_20260918/bin/full_ep1.col	软链	~/Documents/progecttwo/_host_experiments.nosync/pose_ablation_20260818/verdict_page/full_ep1_20260916/bin/full_ep1.col	软链(无数据)
./verdict_page/ep0_vs_ep1_20260918/bin/full_ep1.pos	软链	~/Documents/progecttwo/_host_experiments.nosync/pose_ablation_20260818/verdict_page/full_ep1_20260916/bin/full_ep1.pos	软链(无数据)
./verdict_page/ep0_vs_ep1_20260918/bin/meta.json	541	6bdb8e03b41a5a6b9c491bbb5a1dec10d12c2077255c9e59ca84feb844a2cab8	已入库
./verdict_page/full_ep0_meshroom_20260917/index.html	17053	8d7a9c90afdbde1ac99c2447fd3bd36555cb861ca574465533bbf065c8ffd463	已入库
./verdict_page/full_ep0_meshroom_20260917/bin/full_ep0_meshroom.idx	软链	~/Documents/progecttwo/_host_experiments.nosync/pose_ablation_20260818/verdict_page/full_ep0_meshroom3_20260917/bin/mr_masked.idx	软链(无数据)
./verdict_page/full_ep0_meshroom_20260917/bin/full_ep0_meshroom.pos	软链	~/Documents/progecttwo/_host_experiments.nosync/pose_ablation_20260818/verdict_page/full_ep0_meshroom3_20260917/bin/mr_masked.pos	软链(无数据)
./verdict_page/full_ep0_meshroom_20260917/bin/full_ep0_meshroom.uvl	软链	~/Documents/progecttwo/_host_experiments.nosync/pose_ablation_20260818/verdict_page/full_ep0_meshroom3_20260917/bin/mr_masked.uvl	软链(无数据)
./verdict_page/full_ep0_meshroom_20260917/bin/full_ep0_tsdf3.col	软链	~/Documents/progecttwo/_host_experiments.nosync/pose_ablation_20260818/verdict_page/full_ep0_tsdf_20260917/bin/full_ep0_tsdf3.col	软链(无数据)
./verdict_page/full_ep0_meshroom_20260917/bin/full_ep0_tsdf3.col.0	软链	~/Documents/progecttwo/_host_experiments.nosync/pose_ablation_20260818/verdict_page/full_ep0_tsdf_20260917/bin/full_ep0_tsdf3.col.0	软链(无数据)
./verdict_page/full_ep0_meshroom_20260917/bin/full_ep0_tsdf3.col.1	软链	~/Documents/progecttwo/_host_experiments.nosync/pose_ablation_20260818/verdict_page/full_ep0_tsdf_20260917/bin/full_ep0_tsdf3.col.1	软链(无数据)
./verdict_page/full_ep0_meshroom_20260917/bin/full_ep0_tsdf3.pos	软链	~/Documents/progecttwo/_host_experiments.nosync/pose_ablation_20260818/verdict_page/full_ep0_tsdf_20260917/bin/full_ep0_tsdf3.pos	软链(无数据)
./verdict_page/full_ep0_meshroom_20260917/bin/full_ep0_tsdf3.pos.0	软链	~/Documents/progecttwo/_host_experiments.nosync/pose_ablation_20260818/verdict_page/full_ep0_tsdf_20260917/bin/full_ep0_tsdf3.pos.0	软链(无数据)
./verdict_page/full_ep0_meshroom_20260917/bin/full_ep0_tsdf3.pos.1	软链	~/Documents/progecttwo/_host_experiments.nosync/pose_ablation_20260818/verdict_page/full_ep0_tsdf_20260917/bin/full_ep0_tsdf3.pos.1	软链(无数据)
./verdict_page/full_ep0_meshroom_20260917/bin/md5_full_ep0_meshroom.txt	428	bdb706fab3daf1d1957353e616ee39e4d8a4e7ad813e47e8e149f2f5423331c1	已入库
./verdict_page/full_ep0_meshroom_20260917/bin/meta.json	864	8df99f092d720d659288031c7bfb9df8173b0eb07bd3c420f5672b0aee033d3e	已入库
./verdict_page/full_ep0_meshroom_20260917/bin/meta_tex.json	532	55110c1ed69ed9ec1816f630d90ff6dd0a0a8278a657126da0a0ec347fcda5f7	已入库
./verdict_page/full_ep0_meshroom_20260917/bin/tex/full_ep0_meshroom_1001.png	15552411	b7e1b741a6afa00d5ac376d789d02ec717bed088e7ca84e282662d300f7b506e	未入库:第二档,暂留本地待定
./verdict_page/full_ep0_meshroom_20260917/bin/tex/full_ep0_meshroom_1002.png	14905231	1355843dc913f359fd2d234b270ae1abc3d9392ea323f349f8fac72e6de501b5	未入库:第二档,暂留本地待定
./verdict_page/full_ep0_meshroom_20260917/bin/tex/full_ep0_meshroom_1003.png	20708580	f4b470557ccba83a3eb16ebcb0b684719a3b67ba6a2de606442c804b8e7fbbba	未入库:第二档,暂留本地待定
./verdict_page/full_ep0_meshroom_20260917/bin/tex/full_ep0_meshroom_1004.png	9998202	356d9eca9e1fef435218bcfc688cdc1a0eb6f3b3e81fe7a0b563c83eee6aa4a5	未入库:第二档,暂留本地待定
./verdict_page/full_ep1_20260916/index.html	9378	fce053699cd2e5c504ad330d00c9a59573e5a7b7117c5f6f6916513f9c57f7a1	已入库
./verdict_page/full_ep1_20260916/bin/ab_ep2.col	软链	~/Documents/progecttwo/_host_experiments.nosync/pose_ablation_20260818/verdict_page/simpleproc_20260912/bin/ab_ep2.col	软链(无数据)
./verdict_page/full_ep1_20260916/bin/ab_ep2.pos	软链	~/Documents/progecttwo/_host_experiments.nosync/pose_ablation_20260818/verdict_page/simpleproc_20260912/bin/ab_ep2.pos	软链(无数据)
./verdict_page/full_ep1_20260916/bin/full_ep0.col	软链	~/Documents/progecttwo/_host_experiments.nosync/pose_ablation_20260818/verdict_page/full_ep0_20260916/bin/full_ep0.col	软链(无数据)
./verdict_page/full_ep1_20260916/bin/full_ep0.pos	软链	~/Documents/progecttwo/_host_experiments.nosync/pose_ablation_20260818/verdict_page/full_ep0_20260916/bin/full_ep0.pos	软链(无数据)
./verdict_page/full_ep1_20260916/bin/full_ep1.col	113817816	5ac08660fa611e7a9e03596b973738039236bdc08e4cff8b28bbaf520a2b8098	第一档:可重生,待删|full_ep1.ckpt d2225704
./verdict_page/full_ep1_20260916/bin/full_ep1.pos	455271264	20b383004da3edcf429b1026275225a8f3956605efe99591712e3b58e6b2419c	第一档:可重生,待删|full_ep1.ckpt d2225704
./verdict_page/full_ep1_20260916/bin/meta.json	807	d246a1f5c0de1faa1432b79ec12f9a609c388460d3708585f9b68a3d05260a6e	已入库
./verdict_page/full_ep0_20260916/index.html	9448	3642bfbc593d859a3c70002c9e3f3a259a2f490afb8369da0e94ab5f49f03478	已入库
./verdict_page/full_ep0_20260916/bin/ab_ep2.col	软链	~/Documents/progecttwo/_host_experiments.nosync/pose_ablation_20260818/verdict_page/simpleproc_20260912/bin/ab_ep2.col	软链(无数据)
./verdict_page/full_ep0_20260916/bin/ab_ep2.pos	软链	~/Documents/progecttwo/_host_experiments.nosync/pose_ablation_20260818/verdict_page/simpleproc_20260912/bin/ab_ep2.pos	软链(无数据)
./verdict_page/full_ep0_20260916/bin/full_ep0.col	108698379	da735ee2351ab1ccd36416c1e90107341191f6679cf511529f81c9d05cb7d0fe	第一档:可重生,待删|full_ep0.ckpt e71dc850
./verdict_page/full_ep0_20260916/bin/full_ep0.pos	434793516	8b7bf1b74cc387a8804dc1d0350c9732e4d420f2d364cfc753477b1ba7eece15	第一档:可重生,待删|full_ep0.ckpt e71dc850
./verdict_page/full_ep0_20260916/bin/meta.json	809	9011a27be523144743701888d45d1852eba33a22f63d90960f589eb5697f85bd	已入库
./verdict_page/full_ep0_20260916/bin/official768.col	软链	~/Documents/progecttwo/_host_experiments.nosync/pose_ablation_20260818/verdict_page/official768_vs_hypersim_20260908/bin/official768.col	软链(无数据)
./verdict_page/full_ep0_20260916/bin/official768.pos	软链	~/Documents/progecttwo/_host_experiments.nosync/pose_ablation_20260818/verdict_page/official768_vs_hypersim_20260908/bin/official768.pos	软链(无数据)
./verdict_page/mapanything_official_known_pose/build_page.py	4055	504111ce3f2fd3dd503a5b1781f622d1b70d6fb61dbcfb87aed7268c062e41bc	已入库
./verdict_page/mapanything_official_known_pose/index.html	7703	a0e85815825057b5537d004121334f702142cd62c14de285894406436f6438d0	已入库
./verdict_page/mapanything_official_known_pose/test_page.py	1011	19a968654e7df323291ad307a8f2343d588f7eef0fe150b910f67a9f952c411a	已入库
./verdict_page/mapanything_official_known_pose/bin/mapanything_official_pose.col	3597444	270627e2b2bd8aa76ed8578286c5fa1b15d68de78330655822850ba6b1658cc1	未入库:第二档,暂留本地待定
./verdict_page/mapanything_official_known_pose/bin/mapanything_official_pose.pos	14389776	54c3c16fd9d93a36db446f2e68d146591d830b1b5c019b9cb53a75207c365f96	未入库:第二档,暂留本地待定
./verdict_page/mapanything_official_known_pose/bin/meta.json	386	7744a9a75d4d6b881e2125036cbc76ffd74e6645bd3315f75a80978d2706face	已入库
./verdict_page/casdiffmvs_tsdf_20260905/index.html	9093	4e29b21ab16e6ba1a905c7bec37f51ab514cf3f31bbb5f3c6d729193e7eb7a6a	已入库
./verdict_page/casdiffmvs_tsdf_20260905/bin/casdiff.col	软链	~/Documents/progecttwo/_host_experiments.nosync/pose_ablation_20260818/verdict_page/casdiffmvs_official_blendmvg_20260903/bin/official_colmap_native.col	软链(无数据)
./verdict_page/casdiffmvs_tsdf_20260905/bin/casdiff.pos	442140468	902cc1aa0b8bbceeb8cab6f7f6b2fe0daa0244905107297811593f1305734b8b	未入库:第二档,暂留本地待定
./verdict_page/casdiffmvs_tsdf_20260905/bin/meta.json	645	7f30ffa5f949d31720aef1f9e3b8d9a49e5d6f93c0bce9f54f29a5b69f1207db	已入库
./verdict_page/sfm_official_20260917/index.html	9530	7c0209c32be1d5315890d576646293f5da7a065ca9191d7e4587d1702070be01	已入库
./verdict_page/sfm_official_20260917/bin/meta.json	652	7967f164e7710f8e0cea1faa99ffd7378ae3f3d4f304e9b7f10887fdbdc8675f	已入库
./verdict_page/sfm_official_20260917/bin/sfm_colmap768.col	55272	69e7969e4ac71c538c2c6d79cf85c2745cf5fc24b7d61acb435964f7ddd9e6e3	未入库:第二档,暂留本地待定
./verdict_page/sfm_official_20260917/bin/sfm_colmap768.pos	221088	b400d5dcfecb7d9701c750b8e34daf5f50deebf95158895a28b4e493f40cebea	未入库:第二档,暂留本地待定
./verdict_page/sfm_official_20260917/bin/sfm_official.col	386427	25d2b85e58e2c27f67eb6fa625f46a788c21f3f21910c4daf81b98d9132067d9	未入库:第二档,暂留本地待定
./verdict_page/sfm_official_20260917/bin/sfm_official.pos	1545708	9e5ac7d8624547372854a5c374fa951ab893fc2ae97b80eaf897d57f6418639a	未入库:第二档,暂留本地待定
./verdict_page/mapanything_anchored_to_casdiff_20260903/index.html	8028	4984d65c3359888d499ef83cd937c336bf9c3c548d8bd4035b5b33d416b69ab9	已入库
./verdict_page/mapanything_anchored_to_casdiff_20260903/bin/meta.json	1452	9fca0d4e826b07eb254609898a03ec81b7d76e4654b81ec724f659ffa416e0d3	已入库
./verdict_page/mapanything_anchored_to_casdiff_20260903/bin/official_colmap_native.col	75452562	032587ec7bb3224c4e9a74f15d35046a249cf24b2989fe08766be3505d71561e	未入库:第二档,暂留本地待定
./verdict_page/mapanything_anchored_to_casdiff_20260903/bin/official_colmap_native.pos	301810248	b32f9d3666910b7d491d3c97d751161737db969814dcc70722727faf9b14cf82	未入库:第二档,暂留本地待定
./verdict_page/mono_20260910/index.html	8943	f609032435bcfa206defacae08573fa09ab004ffb89cfb2f441fed3403ee84c8	已入库
./verdict_page/mono_20260910/bin/cas.col	软链	~/Documents/progecttwo/_host_experiments.nosync/pose_ablation_20260818/verdict_page/quad_20260909/bin/off768.col	软链(无数据)
./verdict_page/mono_20260910/bin/cas.pos	442143108	28dba6c02853fd74a9dfe269e9eda8c140b14bdf5910380ad53ffb9f3a12363c	未入库:第二档,暂留本地待定
./verdict_page/mono_20260910/bin/monodtu.col	11575641	091127f1a5b1158fce8fee02c7dda67baa6031a72bfcb9dfd171b09a3905b727	未入库:第二档,暂留本地待定
./verdict_page/mono_20260910/bin/monodtu.pos	46302564	551d4e065c83cd9ed30a231dcfe221b4c8d40145ecdf5c927a8796bf668565d5	未入库:第二档,暂留本地待定
./verdict_page/mono_20260910/bin/monodypcd.col	126758208	4cc594543b5c5411802498848ad44e58358c08bbfdce9d60185667e41a36df4b	未入库:第二档,暂留本地待定
./verdict_page/mono_20260910/bin/monodypcd.pos	507032832	5bbef71deea8653e7fb38c28ef8f5184531c0d52bc67a771262ad143b96be64a	未入库:第二档,暂留本地待定
./verdict_page/mono_20260910/bin/monoep0.col	137614011	c43b4a1da7eb320e20eab8f18b770d87723454ec96d71a84ac157d2bbac7ed87	未入库:第二档,暂留本地待定
./verdict_page/mono_20260910/bin/monoep0.pos	550456044	c5b751198ace11789b034f5d1359a47af57941cb1c99bfd0f62c50d8ba6aaa27	未入库:第二档,暂留本地待定
./verdict_page/mono_20260910/bin/monov4ep0.col	137454600	19b9e32defbcae5b34447891f4f007bc8eb79a5bb5cea8e3089cae113888f5f3	未入库:第二档,暂留本地待定
./verdict_page/mono_20260910/bin/monov4ep0.pos	549818400	64fce39764500e27248d58bbaecc901655e4a22e916cd3260721fcf2fb372128	未入库:第二档,暂留本地待定
./verdict_page/mesh_20260909/index.html	11923	1368778c217c398b58227d1cd90f099735483159290f76215b511e47179f0248	已入库
./verdict_page/mesh_20260909/bin/mesh.glb	95896800	b5063978136f7694cc2f871d11ff51568917d73c1e3c78a559880554baddc9a9	未入库:第二档,暂留本地待定
./verdict_page/meshgeo_20260909/index.html	8368	dbed003cb6e77546aca169b9126f25034d68a619ebd85668098daa42a7a6d97e	已入库
./verdict_page/meshgeo_20260909/bin/geo768.glb	46179520	968f9d9d007c388b627f9d7a7082f0f8369bf67aba378260cbb95fc1f8a880d3	未入库:第二档,暂留本地待定
./verdict_page/meshgeo_20260909/bin/geonative.glb	148596824	271cfc8141b7d47b138324e180d22b3b441867fcbc832f79f6459fc94bb6e1cf	未入库:第二档,暂留本地待定
./verdict_page/meshgeo_20260909/bin/geoofficial.glb	9557696	5fc2c85e1a3e57490be24b0c59361c36dd9dd77fba53d69d8a8d09e0dcfd7e2d	未入库:第二档,暂留本地待定
./verdict_page/full_ep0_meshroom3_20260917/index.html	17447	0811bc9cb75fa4e7cfe6e79fba4a3627cd720df84e3541a8b90a3ffa66830c0d	已入库
./verdict_page/full_ep0_meshroom3_20260917/bin/full_ep0_tsdf3.col	软链	~/Documents/progecttwo/_host_experiments.nosync/pose_ablation_20260818/verdict_page/full_ep0_tsdf_20260917/bin/full_ep0_tsdf3.col	软链(无数据)
./verdict_page/full_ep0_meshroom3_20260917/bin/full_ep0_tsdf3.col.0	软链	~/Documents/progecttwo/_host_experiments.nosync/pose_ablation_20260818/verdict_page/full_ep0_tsdf_20260917/bin/full_ep0_tsdf3.col.0	软链(无数据)
./verdict_page/full_ep0_meshroom3_20260917/bin/full_ep0_tsdf3.col.1	软链	~/Documents/progecttwo/_host_experiments.nosync/pose_ablation_20260818/verdict_page/full_ep0_tsdf_20260917/bin/full_ep0_tsdf3.col.1	软链(无数据)
./verdict_page/full_ep0_meshroom3_20260917/bin/full_ep0_tsdf3.pos	软链	~/Documents/progecttwo/_host_experiments.nosync/pose_ablation_20260818/verdict_page/full_ep0_tsdf_20260917/bin/full_ep0_tsdf3.pos	软链(无数据)
./verdict_page/full_ep0_meshroom3_20260917/bin/full_ep0_tsdf3.pos.0	软链	~/Documents/progecttwo/_host_experiments.nosync/pose_ablation_20260818/verdict_page/full_ep0_tsdf_20260917/bin/full_ep0_tsdf3.pos.0	软链(无数据)
./verdict_page/full_ep0_meshroom3_20260917/bin/full_ep0_tsdf3.pos.1	软链	~/Documents/progecttwo/_host_experiments.nosync/pose_ablation_20260818/verdict_page/full_ep0_tsdf_20260917/bin/full_ep0_tsdf3.pos.1	软链(无数据)
./verdict_page/full_ep0_meshroom3_20260917/bin/md5_mr_masked.txt	372	2afaacf7254b3e014877b5b3af07b381607a71f2ea5532d071ca658c2e2e6512	已入库
./verdict_page/full_ep0_meshroom3_20260917/bin/md5_mr_raw.txt	405	bb50dfb2d1013be7fc74ba4ba28be463a3bc7116ba84c01ba742d1216fc8f0d5	已入库
./verdict_page/full_ep0_meshroom3_20260917/bin/meta.json	1387	3af254628c87f0c2fd006c8251a29f560cbdc1303d7621039f6a4311aeed6996	已入库
./verdict_page/full_ep0_meshroom3_20260917/bin/meta_mr_masked.json	524	8330c0c0ff7caa9e5541e1ed131025e05537752742c3f7ad58b01a6c1fc26db8	已入库
./verdict_page/full_ep0_meshroom3_20260917/bin/meta_mr_raw.json	533	c072abaa86fdb9c22fb274c78da1cf0afbd70b2993f0a325225d18d43ea02113	已入库
./verdict_page/full_ep0_meshroom3_20260917/bin/mr_masked.idx	28615392	37d3f139ee97ac6bfac1fb07af2ec845a7ba592684e3d26b22044a440b6bc0a0	未入库:第二档,暂留本地待定
./verdict_page/full_ep0_meshroom3_20260917/bin/mr_masked.pos	19224060	ddc71ae4327bf1caee85c0f9ef3e9c5fd4d37c6306a771233b805bb688064070	未入库:第二档,暂留本地待定
./verdict_page/full_ep0_meshroom3_20260917/bin/mr_masked.uvl	19224060	657bf859665d957c542494ae83ec4848b75f4e3e621217e66075249dd4b2a7e9	未入库:第二档,暂留本地待定
./verdict_page/full_ep0_meshroom3_20260917/bin/mr_raw.idx	32932524	6f43786f42a04bc0407b7877a48819a7b4bdc262887a517eb77caf2d7ef9aa00	未入库:第二档,暂留本地待定
./verdict_page/full_ep0_meshroom3_20260917/bin/mr_raw.pos	22425420	9f1bccf9182fae4f0ab591fe8c6cbc794f6b333f6f756a484105ff75e2d1647f	未入库:第二档,暂留本地待定
./verdict_page/full_ep0_meshroom3_20260917/bin/mr_raw.uvl	22425420	a3f4f30b76de75cffe70b9fccd988e537809886d9a257db0cb71f41dd60dbf75	未入库:第二档,暂留本地待定
./verdict_page/full_ep0_meshroom3_20260917/bin/tex/mr_masked_1001.png	15552411	b7e1b741a6afa00d5ac376d789d02ec717bed088e7ca84e282662d300f7b506e	未入库:第二档,暂留本地待定
./verdict_page/full_ep0_meshroom3_20260917/bin/tex/mr_masked_1002.png	14905231	1355843dc913f359fd2d234b270ae1abc3d9392ea323f349f8fac72e6de501b5	未入库:第二档,暂留本地待定
./verdict_page/full_ep0_meshroom3_20260917/bin/tex/mr_masked_1003.png	20708580	f4b470557ccba83a3eb16ebcb0b684719a3b67ba6a2de606442c804b8e7fbbba	未入库:第二档,暂留本地待定
./verdict_page/full_ep0_meshroom3_20260917/bin/tex/mr_masked_1004.png	9998202	356d9eca9e1fef435218bcfc688cdc1a0eb6f3b3e81fe7a0b563c83eee6aa4a5	未入库:第二档,暂留本地待定
./verdict_page/full_ep0_meshroom3_20260917/bin/tex/mr_raw_1001.png	16595952	deb02230c2b711c4cb17a542ef4c9546482c0c90f6c251265b790cc877f4bd86	未入库:第二档,暂留本地待定
./verdict_page/full_ep0_meshroom3_20260917/bin/tex/mr_raw_1002.png	12705573	f80fed25b7516e4f67900ba0e616c662047fa5cc9abb6c200df0aec5152318df	未入库:第二档,暂留本地待定
./verdict_page/full_ep0_meshroom3_20260917/bin/tex/mr_raw_1003.png	16125557	747fe191df3f5d5a32d96c7730470464be44fae04825d0f097981c85435de552	未入库:第二档,暂留本地待定
./verdict_page/full_ep0_meshroom3_20260917/bin/tex/mr_raw_1004.png	21802795	bf757e1c041cfe99c02719f1ef54a4151843d0fc238a64e4fa9a55db8c0ced1d	未入库:第二档,暂留本地待定
./verdict_page/full_ep0_meshroom3_20260917/bin/tex/mr_raw_1005.png	9330077	255ab2e01fc8ad12e2285f43dc4c54a00b39eebfb6de2d52d4f3c0c3e35a2f4e	未入库:第二档,暂留本地待定
./verdict_page/regionmerge_20260908/index.html	9513	2ecae96845aed2345f643d7a1dee3f627efbf103d70dd82302a52c10cd66ee6e	已入库
./verdict_page/regionmerge_20260908/bin/casdiff.col	软链	~/Documents/progecttwo/_host_experiments.nosync/pose_ablation_20260818/verdict_page/casdiffmvs_official_blendmvg_20260903/bin/official_colmap_native.col	软链(无数据)
./verdict_page/regionmerge_20260908/bin/casdiff.pos	软链	~/Documents/progecttwo/_host_experiments.nosync/pose_ablation_20260818/verdict_page/casdiffmvs_tsdf_20260905/bin/casdiff.pos	软链(无数据)
./verdict_page/regionmerge_20260908/bin/meta.json	803	e230e3ec976f778644bc88bed6fc317aedcd151d6fdcff11d629965af96d9d42	已入库
./verdict_page/regionmerge_20260908/bin/meta_pdafuse.json	264	234266ac0ded24d5d18e2b1bf7918edc194b44163d422bfc22acaf42dbb2b0dd	已入库
./verdict_page/regionmerge_20260908/bin/pdafuse.col	81555633	87f181e99c8ea3e7aacd96dbb5ec5fa4ff586b3bf56d9f0d96203ab456a8f006	未入库:第二档,暂留本地待定
./verdict_page/regionmerge_20260908/bin/pdafuse.pos	326222532	78c639b441198de6f50cdd8d9c625bc8b86403d76946bdd70e929195d3285c93	未入库:第二档,暂留本地待定
./verdict_page/regionmerge_20260908/bin/up15_hyst.col	软链	~/Documents/progecttwo/_host_experiments.nosync/pose_ablation_20260818/verdict_page/ma_in_casdiff_cov_20260906/bin/up15_hyst.col	软链(无数据)
./verdict_page/regionmerge_20260908/bin/up15_hyst.pos	软链	~/Documents/progecttwo/_host_experiments.nosync/pose_ablation_20260818/verdict_page/ma_in_casdiff_cov_20260906/bin/up15_hyst.pos	软链(无数据)
./verdict_page/official768_vs_hypersim_20260908/index.html	9369	2c05537a18ed447fb8b64855b423973a3c63448c1763e3059510b45f1e074954	已入库
./verdict_page/official768_vs_hypersim_20260908/bin/meta.json	539	4a9ceb13c0c83c52a5fed705d09ca881934dc4e290bd03f6e33b903ea0d0d83c	已入库
./verdict_page/official768_vs_hypersim_20260908/bin/mvsa.col	软链	~/Documents/progecttwo/_host_experiments.nosync/pose_ablation_20260818/verdict_page/mvsanywhere_20260908/bin/mvsa.col	软链(无数据)
./verdict_page/official768_vs_hypersim_20260908/bin/mvsa.pos	软链	~/Documents/progecttwo/_host_experiments.nosync/pose_ablation_20260818/verdict_page/mvsanywhere_20260908/bin/mvsa.pos	软链(无数据)
./verdict_page/official768_vs_hypersim_20260908/bin/official768.col	软链	~/Documents/progecttwo/_host_experiments.nosync/pose_ablation_20260818/verdict_page/casdiffmvs_official_blendmvg_20260903/bin/official_colmap_native.col	软链(无数据)
./verdict_page/official768_vs_hypersim_20260908/bin/official768.pos	软链	~/Documents/progecttwo/_host_experiments.nosync/pose_ablation_20260818/verdict_page/casdiffmvs_tsdf_20260905/bin/casdiff.pos	软链(无数据)
./verdict_page/mesh_ablation_20260918/index.html	18020	1f47e7d934058be8ba3b52e47a2ed437e803bb00ca54ba2b870719bc90fce041	已入库
./verdict_page/mesh_ablation_20260918/bin/md5.txt	1174	a6a491db53d9d9f48db6b3af7e83bb67453dd31cef1c9b4b596c29650e9b350d	已入库
./verdict_page/mesh_ablation_20260918/bin/mesh_delaunay.idx	21798564	42f735a0aecb09439f4c063dc0fcb2e8035f4eafa4a112f5631ffa76c7864868	未入库:第二档,暂留本地待定
./verdict_page/mesh_ablation_20260918/bin/mesh_delaunay.pos	16115160	7a3f5bf2dfc379ecfd8151a625fe5b5b8960ededfb573ae99af99d4fa7124752	未入库:第二档,暂留本地待定
./verdict_page/mesh_ablation_20260918/bin/mesh_delaunay.uvl	16115160	86cacc4ed068bde5a00e4079e9fbbadb07d7a9112be343ccae4a901381b294b3	未入库:第二档,暂留本地待定
./verdict_page/mesh_ablation_20260918/bin/mesh_delaunay_full.idx	27738312	0b39593d72bb0146d6a9e94271874cd2639c32eae1fdff5835c9de1d6659f6df	未入库:第二档,暂留本地待定
./verdict_page/mesh_ablation_20260918/bin/mesh_delaunay_full.pos	19775760	873e37ef1bb1314410e2d5a17826a5cb68731c156e8e80fbb0e378bfe230392a	未入库:第二档,暂留本地待定
./verdict_page/mesh_ablation_20260918/bin/mesh_delaunay_full.uvl	19775760	eeeea3906e9fd2c4ec8838a3f532e70420fd4ea1035a3edebdb3ba7b099731c3	未入库:第二档,暂留本地待定
./verdict_page/mesh_ablation_20260918/bin/mesh_tsdf_dec.idx	17928264	731874deb5259c20a0d3bf430b13c1b753e6667b4cccb9daad03d90d12f83dcf	未入库:第二档,暂留本地待定
./verdict_page/mesh_ablation_20260918/bin/mesh_tsdf_dec.pos	11495748	0e2c47c1fc29983badd9655b0c73eb20eec2d4e804442a120c1c8884ad76f6e6	未入库:第二档,暂留本地待定
./verdict_page/mesh_ablation_20260918/bin/mesh_tsdf_dec.uvl	11495748	6755c90936038c41a2228b9c86d23df81f1fce3015447fde28f44a502f9d1f85	未入库:第二档,暂留本地待定
./verdict_page/mesh_ablation_20260918/bin/meta.json	1578	8041c6aadaceb5d050a5214dad54b9c49586be1774f2cd10dd1eb64cf32b1d24	已入库
./verdict_page/mesh_ablation_20260918/bin/meta_box.json	1578	8041c6aadaceb5d050a5214dad54b9c49586be1774f2cd10dd1eb64cf32b1d24	已入库
./verdict_page/mesh_ablation_20260918/bin/tex/mesh_delaunay_1001.png	13822785	9ff3c6a0bd67694b9c7abfc7f322ff56d4c5dbfb3b9ad4101d7dade32f0d2957	未入库:第二档,暂留本地待定
./verdict_page/mesh_ablation_20260918/bin/tex/mesh_delaunay_1002.png	17039863	894172b4e60a356f117a34a50e0946f2a15108f60f932d26083d37438c4efd43	未入库:第二档,暂留本地待定
./verdict_page/mesh_ablation_20260918/bin/tex/mesh_delaunay_1003.png	24800395	fdcd81658571245b93aec5c588d7a4170b91b5d630ffd2147da1535f96f40cea	未入库:第二档,暂留本地待定
./verdict_page/mesh_ablation_20260918/bin/tex/mesh_delaunay_1004.png	3103219	ab78b8e6207dcbf5de70528d0cb380bde27b322f529c2dabeed54b620d8f94d0	未入库:第二档,暂留本地待定
./verdict_page/mesh_ablation_20260918/bin/tex/mesh_delaunay_full_1001.png	13460650	70f3b4b8cf2c885672f5ac4300ceb442bbd4d5872e96c5468c66bd62223ebf40	未入库:第二档,暂留本地待定
./verdict_page/mesh_ablation_20260918/bin/tex/mesh_delaunay_full_1002.png	17451694	b467ddfeb86a68433146c49ff897f42714deac39d6a3969ba635fdd535eb6308	未入库:第二档,暂留本地待定
./verdict_page/mesh_ablation_20260918/bin/tex/mesh_delaunay_full_1003.png	25110336	7d6eebf166c2b50c1f86935e96e24afaf05d2a5eda661a53b05743a66e7397b1	未入库:第二档,暂留本地待定
./verdict_page/mesh_ablation_20260918/bin/tex/mesh_delaunay_full_1004.png	2839842	7b6ab748b64b878d317bd1d0da943e082921e9da7dda2a82b59e9772afbc3cc6	未入库:第二档,暂留本地待定
./verdict_page/mesh_ablation_20260918/bin/tex/mesh_tsdf_dec_1001.png	3050797	a10861219ef8e92f0007ead58abfe93151ddc6621894ee3f445dee4a3cd19855	未入库:第二档,暂留本地待定
./verdict_page/mesh_ablation_20260918/bin/tex/mesh_tsdf_dec_1002.png	49052	d8ffb978208aab25dfcccd00332c42c9d26c1fefd249ed4d514f993194e33181	未入库:第二档,暂留本地待定
./verdict_page/mesh_ablation_20260918/bin/tex/mesh_tsdf_dec_1003.png	49052	d8ffb978208aab25dfcccd00332c42c9d26c1fefd249ed4d514f993194e33181	未入库:第二档,暂留本地待定
./verdict_page/monov4_20260911/index.html	9213	9ea82046094f961cffc660d95881bdb65ae836e3b0d3e9b1d78616e2defcc642	已入库
./verdict_page/monov4_20260911/bin/cas.col	软链	../../mono_20260910/bin/cas.col	软链(无数据)
./verdict_page/monov4_20260911/bin/cas.pos	软链	../../mono_20260910/bin/cas.pos	软链(无数据)
./verdict_page/monov4_20260911/bin/monodypcd.col	软链	../../mono_20260910/bin/monodypcd.col	软链(无数据)
./verdict_page/monov4_20260911/bin/monodypcd.pos	软链	../../mono_20260910/bin/monodypcd.pos	软链(无数据)
./verdict_page/monov4_20260911/bin/monoep0.col	软链	../../mono_20260910/bin/monoep0.col	软链(无数据)
./verdict_page/monov4_20260911/bin/monoep0.pos	软链	../../mono_20260910/bin/monoep0.pos	软链(无数据)
./verdict_page/monov4_20260911/bin/monov4ep0.col	软链	../../mono_20260910/bin/monov4ep0.col	软链(无数据)
./verdict_page/monov4_20260911/bin/monov4ep0.pos	软链	../../mono_20260910/bin/monov4ep0.pos	软链(无数据)
./verdict_page/depth_engines_20260907/index.html	8601	8748c14beb56f024d2790b7ec4e9d480fe22af05e4b94e07fa36a459493cd20c	已入库
./verdict_page/depth_engines_20260907/bin/casdiff.col	软链	~/Documents/progecttwo/_host_experiments.nosync/pose_ablation_20260818/verdict_page/casdiffmvs_tsdf_20260905/bin/casdiff.col	软链(无数据)
./verdict_page/depth_engines_20260907/bin/casdiff.pos	软链	~/Documents/progecttwo/_host_experiments.nosync/pose_ablation_20260818/verdict_page/casdiffmvs_tsdf_20260905/bin/casdiff.pos	软链(无数据)
./verdict_page/depth_engines_20260907/bin/colmapdense.col	111043821	4efb71a60e3c6ddc77abd3a8a044dca80f2f64cd750b745ed6a83801938d7e43	未入库:第二档,暂留本地待定
./verdict_page/depth_engines_20260907/bin/colmapdense.pos	444175284	3dd952841500753ea09b4ac90b126a702bbd84072d9c3feae3a245f752304b35	未入库:第二档,暂留本地待定
./verdict_page/depth_engines_20260907/bin/meta.json	650	e3e27a196c75ff89f65f735e6c9dad1a47d58afbfa41f7c2b5e678997577e5ff	已入库
./verdict_page/depth_engines_20260907/bin/meta_colmapdense.json	272	0a617b6fb3049a7291a5975a935029fb13c40b588ba75189646bf64ccc71b302	已入库
./verdict_page/mapanything_official_image_only/build_page.py	4003	ba9f9c6e759a1b8578e043ef16dbdc0b3490b1e10149c434ad4a4f9c48aa6a37	已入库
./verdict_page/mapanything_official_image_only/index.html	7661	b5d3c582969066504e5372725d09cdd410bd41faff299a279bc9b63da73f229c	已入库
./verdict_page/mapanything_official_image_only/test_page.py	1007	b00a7bf78814df3124362ed1c11646d258bbbd7cdfad6177ae565b573b5b6f94	已入库
./verdict_page/mapanything_official_image_only/bin/mapanything_official.col	2594214	7299bd4d74918243af1e70e233fccdf798d3aae3f02b3c7769cb1814197bfda7	未入库:第二档,暂留本地待定
./verdict_page/mapanything_official_image_only/bin/mapanything_official.pos	10376856	37265a189164c99cd9f58caba03adb3eb391123087c635207e2d5a0d1c44d09d	未入库:第二档,暂留本地待定
./verdict_page/mapanything_official_image_only/bin/meta.json	379	6f0907eea628fdfe687b6d5cb51cdf7a517a874a0aaeeac21c98ed83331592e4	已入库
./verdict_page/mesh_official_20260918/index.html	16417	685f6064d9df00bda180bdff177eb558a85828441ffedd057168578035dfd567	已入库
./verdict_page/mesh_official_20260918/bin/mesh_delaunay.idx	软链	~/Documents/progecttwo/_host_experiments.nosync/pose_ablation_20260818/verdict_page/mesh_ablation_20260918/bin/mesh_delaunay.idx	软链(无数据)
./verdict_page/mesh_official_20260918/bin/mesh_delaunay.pos	软链	~/Documents/progecttwo/_host_experiments.nosync/pose_ablation_20260818/verdict_page/mesh_ablation_20260918/bin/mesh_delaunay.pos	软链(无数据)
./verdict_page/mesh_official_20260918/bin/mesh_delaunay.uvl	软链	~/Documents/progecttwo/_host_experiments.nosync/pose_ablation_20260818/verdict_page/mesh_ablation_20260918/bin/mesh_delaunay.uvl	软链(无数据)
./verdict_page/mesh_official_20260918/bin/meta.json	531	6eda1d591f04bcb39be700b44b10c4e4ca1a4a6b9d0d2bcd901b417aa88ec474	已入库
./verdict_page/mesh_official_20260918/bin/tex/mesh_delaunay_1001.png	软链	~/Documents/progecttwo/_host_experiments.nosync/pose_ablation_20260818/verdict_page/mesh_ablation_20260918/bin/tex/mesh_delaunay_1001.png	软链(无数据)
./verdict_page/mesh_official_20260918/bin/tex/mesh_delaunay_1002.png	软链	~/Documents/progecttwo/_host_experiments.nosync/pose_ablation_20260818/verdict_page/mesh_ablation_20260918/bin/tex/mesh_delaunay_1002.png	软链(无数据)
./verdict_page/mesh_official_20260918/bin/tex/mesh_delaunay_1003.png	软链	~/Documents/progecttwo/_host_experiments.nosync/pose_ablation_20260818/verdict_page/mesh_ablation_20260918/bin/tex/mesh_delaunay_1003.png	软链(无数据)
./verdict_page/mesh_official_20260918/bin/tex/mesh_delaunay_1004.png	软链	~/Documents/progecttwo/_host_experiments.nosync/pose_ablation_20260818/verdict_page/mesh_ablation_20260918/bin/tex/mesh_delaunay_1004.png	软链(无数据)
./verdict_page/dynamic_20260908/index.html	9280	935835e12feae5b8a9f1c9acc88a7f50262c011de5c84688a2af517a3b6db2b2	已入库
./verdict_page/dynamic_20260908/bin/cas_dyn.col	68530974	e0967f0b453645e52130476fb579f5782a64743fd628e4d0e66ec6018fbd2c2c	未入库:第二档,暂留本地待定
./verdict_page/dynamic_20260908/bin/cas_dyn.pos	274123896	a13fc51fefd27bf6bb97dbc67e509d4ed058feea129a52e22324ca55645a516d	未入库:第二档,暂留本地待定
./verdict_page/dynamic_20260908/bin/cas_static.col	软链	~/Documents/progecttwo/_host_experiments.nosync/pose_ablation_20260818/verdict_page/carving_20260908/bin/casdiff_raw.col	软链(无数据)
./verdict_page/dynamic_20260908/bin/cas_static.pos	软链	~/Documents/progecttwo/_host_experiments.nosync/pose_ablation_20260818/verdict_page/carving_20260908/bin/casdiff_raw.pos	软链(无数据)
./verdict_page/dynamic_20260908/bin/meta.json	539	3530f9b5f3e3993ed460b5d38168a01e6a3fc0114f0716b8ab308ca05a63c99b	已入库
./verdict_page/dynamic_20260908/bin/meta_cas_dyn.json	268	fd927b87baffc7c1fee1fe4a43df8ce8fa4dcea44af9231eb32e34a3cda76dc3	已入库
./verdict_page/full_ep2_20260917/index.html	9714	23c5a063af35401982178bf7ab1739541824bd98afa44c8aa50a69155c6e8be5	已入库
./verdict_page/full_ep2_20260917/bin/ab_ep2.col	软链	~/Documents/progecttwo/_host_experiments.nosync/pose_ablation_20260818/verdict_page/full_ep1_20260916/bin/ab_ep2.col	软链(无数据)
./verdict_page/full_ep2_20260917/bin/ab_ep2.pos	软链	~/Documents/progecttwo/_host_experiments.nosync/pose_ablation_20260818/verdict_page/full_ep1_20260916/bin/ab_ep2.pos	软链(无数据)
./verdict_page/full_ep2_20260917/bin/full_ep0.col	软链	~/Documents/progecttwo/_host_experiments.nosync/pose_ablation_20260818/verdict_page/full_ep1_20260916/bin/full_ep0.col	软链(无数据)
./verdict_page/full_ep2_20260917/bin/full_ep0.pos	软链	~/Documents/progecttwo/_host_experiments.nosync/pose_ablation_20260818/verdict_page/full_ep1_20260916/bin/full_ep0.pos	软链(无数据)
./verdict_page/full_ep2_20260917/bin/full_ep1.col	软链	~/Documents/progecttwo/_host_experiments.nosync/pose_ablation_20260818/verdict_page/full_ep1_20260916/bin/full_ep1.col	软链(无数据)
./verdict_page/full_ep2_20260917/bin/full_ep1.pos	软链	~/Documents/progecttwo/_host_experiments.nosync/pose_ablation_20260818/verdict_page/full_ep1_20260916/bin/full_ep1.pos	软链(无数据)
./verdict_page/full_ep2_20260917/bin/full_ep2.col	112065816	7af988ba07bb52999d141ec78a9b9b8a29c68d0e28e4ca6cef053410e0cbb8d2	第一档:可重生,待删|full_ep2.ckpt 27ce2217
./verdict_page/full_ep2_20260917/bin/full_ep2.pos	448263264	7ee9074b73feb5d2d0cad2b514066e086c1f362f02e2a3b3375b2dc011433984	第一档:可重生,待删|full_ep2.ckpt 27ce2217
./verdict_page/full_ep2_20260917/bin/meta.json	1078	53e971bf5296374c4811055f2051aa511a69061ac19f350176690f3da4d67456	已入库
./verdict_page/full_ep3_20260917/index.html	10006	6e7dfaf3c4bb60bd9cc40d307a07385f711be9f58aa5b2e20375c8cd2565756f	已入库
./verdict_page/full_ep3_20260917/bin/ab_ep2.col	软链	~/Documents/progecttwo/_host_experiments.nosync/pose_ablation_20260818/verdict_page/simpleproc_20260912/bin/ab_ep2.col	软链(无数据)
./verdict_page/full_ep3_20260917/bin/ab_ep2.pos	软链	~/Documents/progecttwo/_host_experiments.nosync/pose_ablation_20260818/verdict_page/simpleproc_20260912/bin/ab_ep2.pos	软链(无数据)
./verdict_page/full_ep3_20260917/bin/full_ep0.col	软链	~/Documents/progecttwo/_host_experiments.nosync/pose_ablation_20260818/verdict_page/full_ep0_20260916/bin/full_ep0.col	软链(无数据)
./verdict_page/full_ep3_20260917/bin/full_ep0.pos	软链	~/Documents/progecttwo/_host_experiments.nosync/pose_ablation_20260818/verdict_page/full_ep0_20260916/bin/full_ep0.pos	软链(无数据)
./verdict_page/full_ep3_20260917/bin/full_ep1.col	软链	~/Documents/progecttwo/_host_experiments.nosync/pose_ablation_20260818/verdict_page/full_ep1_20260916/bin/full_ep1.col	软链(无数据)
./verdict_page/full_ep3_20260917/bin/full_ep1.pos	软链	~/Documents/progecttwo/_host_experiments.nosync/pose_ablation_20260818/verdict_page/full_ep1_20260916/bin/full_ep1.pos	软链(无数据)
./verdict_page/full_ep3_20260917/bin/full_ep2.col	软链	~/Documents/progecttwo/_host_experiments.nosync/pose_ablation_20260818/verdict_page/full_ep2_20260917/bin/full_ep2.col	软链(无数据)
./verdict_page/full_ep3_20260917/bin/full_ep2.pos	软链	~/Documents/progecttwo/_host_experiments.nosync/pose_ablation_20260818/verdict_page/full_ep2_20260917/bin/full_ep2.pos	软链(无数据)
./verdict_page/full_ep3_20260917/bin/full_ep3.col	115150251	e01c61edbf3ea99f5126d64d68de3aa665afdaa27007d1af620f2b3ee52dd224	第一档:可重生,待删|full_ep3.ckpt f2bd4b74
./verdict_page/full_ep3_20260917/bin/full_ep3.pos	460601004	4d6019f8596a365f4b5f337dde653b6975fedebe55ac16c060d7673776c6b950	第一档:可重生,待删|full_ep3.ckpt f2bd4b74
./verdict_page/full_ep3_20260917/bin/md5_full_ep3.txt	94	7039de000f9f37aa3efabfa5edbdc8476226909138394f254da3db30ace5c920	已入库
./verdict_page/full_ep3_20260917/bin/meta.json	1617	25f1798fca1239e8edd733c5623e1bd6401afa9bdb6a484fddb395cb5cc56533	已入库
./verdict_page/full_ep3_20260917/bin/meta_box.json	1298	db7cd63a2d8da97467e4fee037b3ee0974a220c3fa7fb7ea53bc6eae00eca999	已入库
./verdict_page/ma_hyst_20260906/index.html	8836	c1d010c9b54fec31d3f087ef5274cc98a30fa518e6f7ef15706cbe76d32a873c	已入库
./verdict_page/ma_hyst_20260906/bin/meta.json	649	beb2269f9fae9548e36a1a48729104323c95a0269a617ac992d982d096a961d1	已入库
./verdict_page/ma_hyst_20260906/bin/up15_gated.col	软链	~/Documents/progecttwo/_host_experiments.nosync/pose_ablation_20260818/verdict_page/ma_in_casdiff_cov_20260906/bin/up15_gated.col	软链(无数据)
./verdict_page/ma_hyst_20260906/bin/up15_gated.pos	软链	~/Documents/progecttwo/_host_experiments.nosync/pose_ablation_20260818/verdict_page/ma_in_casdiff_cov_20260906/bin/up15_gated.pos	软链(无数据)
./verdict_page/ma_hyst_20260906/bin/up15_hyst.col	软链	~/Documents/progecttwo/_host_experiments.nosync/pose_ablation_20260818/verdict_page/ma_in_casdiff_cov_20260906/bin/up15_hyst.col	软链(无数据)
./verdict_page/ma_hyst_20260906/bin/up15_hyst.pos	软链	~/Documents/progecttwo/_host_experiments.nosync/pose_ablation_20260818/verdict_page/ma_in_casdiff_cov_20260906/bin/up15_hyst.pos	软链(无数据)
./verdict_page/full_ep0_tsdf_20260917/index.html	10198	17d94a1bf184312ec36fb24a84fa3edde91d8a717c755f3b1059a309eba48b18	已入库
./verdict_page/full_ep0_tsdf_20260917/bin/full_ep0_rerun.col	108699159	f7e885bca3cdfb767b9265dcab33e1ab0d6b53b4f5c79db6e60a244f0b978cba	第一档:可重生,待删|full_ep0 + tsdf_ep_mesh.py
./verdict_page/full_ep0_tsdf_20260917/bin/full_ep0_rerun.pos	434796636	06ec55ffc267908fc01cf8d5d75a5d0ca7fc88526e5f315ab6e9a1ba4631653d	第一档:可重生,待删|full_ep0 + tsdf_ep_mesh.py
./verdict_page/full_ep0_tsdf_20260917/bin/full_ep0_tsdf2.col.0	120000000	9f320af00cfff5be8f90fa2d2e9b4a40c97a72ce77242bf6b729800b585a6e33	第一档:可重生,待删|full_ep0 + tsdf_ep_mesh.py
./verdict_page/full_ep0_tsdf_20260917/bin/full_ep0_tsdf2.col.1	120000000	5375cacdc34e20d736fae835946eae20fd192ff1f1c0c3f3ce596b05a6fc7bc4	第一档:可重生,待删|full_ep0 + tsdf_ep_mesh.py
./verdict_page/full_ep0_tsdf_20260917/bin/full_ep0_tsdf2.col.2	13958667	bc8d1da5d849bf06d5bc03b516e6729835cd7f41cf6f8c92bcb59308473f09f4	第一档:可重生,待删|full_ep0 + tsdf_ep_mesh.py
./verdict_page/full_ep0_tsdf_20260917/bin/full_ep0_tsdf2.pos.0	480000000	33775eeb75dcf96463464a3e43f3138ae1fee6fb5a8c71c541877e32a7af697f	第一档:可重生,待删|full_ep0 + tsdf_ep_mesh.py
./verdict_page/full_ep0_tsdf_20260917/bin/full_ep0_tsdf2.pos.1	480000000	b0b87bbd97d7b647c434fbdcea4c808610396b9fc81b2cb43cb740098c3d9fc1	第一档:可重生,待删|full_ep0 + tsdf_ep_mesh.py
./verdict_page/full_ep0_tsdf_20260917/bin/full_ep0_tsdf2.pos.2	55834668	cc38e881cbeb94546222a338e349092f6f4884b6d6080879976beaff4be594db	第一档:可重生,待删|full_ep0 + tsdf_ep_mesh.py
./verdict_page/full_ep0_tsdf_20260917/bin/full_ep0_tsdf3.col.0	120000000	73b183f96b04ffbca6d6abc7528b7e1775aa823ee82901c787376a88e10391e0	第一档:可重生,待删|full_ep0 + tsdf_ep_mesh.py
./verdict_page/full_ep0_tsdf_20260917/bin/full_ep0_tsdf3.col.1	15921312	afde28b9b07403a714b149ae16d8d1fd9f8e93755412709f9f2d90e92821cadd	第一档:可重生,待删|full_ep0 + tsdf_ep_mesh.py
./verdict_page/full_ep0_tsdf_20260917/bin/full_ep0_tsdf3.pos.0	480000000	b8505661683dcb73ad5637e4090cba3584c1b4bbbda5cc40638dfcc506c7dd91	第一档:可重生,待删|full_ep0 + tsdf_ep_mesh.py
./verdict_page/full_ep0_tsdf_20260917/bin/full_ep0_tsdf3.pos.1	63685248	9700300411ccd0a9ba397570587026757cf0ec01de1cb1194e2e3583c8c34e6f	第一档:可重生,待删|full_ep0 + tsdf_ep_mesh.py
./verdict_page/full_ep0_tsdf_20260917/bin/md5_box.txt	362	3c2c022e7cec008ead7c0e685db1af1227177eae0536a312909fd70360850432	已入库
./verdict_page/full_ep0_tsdf_20260917/bin/md5_box_part1.txt	212	3396b9b3943db0024b6efa0812981d9d3cce9cdb3be2aad1af97d26c1ba74c8c	已入库
./verdict_page/full_ep0_tsdf_20260917/bin/meta.json	990	235ed83dc9b984a637d736845397302ec8d107976e411eed57b4ec1627e9d500	已入库
./verdict_page/carving_20260908/index.html	9458	583af77a91b1c6342b2267b765817b40231e75378be92bd402fbedbb0046a8aa	已入库
./verdict_page/carving_20260908/bin/casdiff_carved.col	75842700	53eaa9da5b0764ac4281aef2d6b3e5c271e28ea3781b016f33c87b11f58aedaa	未入库:第二档,暂留本地待定
./verdict_page/carving_20260908/bin/casdiff_carved.pos	303370800	f93718dc9650d6cb714842c7cff6ce0976f7be9c5d72aad2dd84c9b2c506fea6	未入库:第二档,暂留本地待定
./verdict_page/carving_20260908/bin/casdiff_nocarve.col	76804908	c0a26558397be0a158a59cfdf2204beefa234fd5c5d6f7df9a1f112a5ad60bb2	未入库:第二档,暂留本地待定
./verdict_page/carving_20260908/bin/casdiff_nocarve.pos	307219632	3ec58d9ed5889308b27d1f5f5ae8460a63d551d10bb811b3bbc7921af857ddd1	未入库:第二档,暂留本地待定
./verdict_page/carving_20260908/bin/casdiff_raw.col	89841375	84507577fc6b7ef98b2f67d57de37de67355ac74fce1b166033210b4ef0badc2	未入库:第二档,暂留本地待定
./verdict_page/carving_20260908/bin/casdiff_raw.pos	359365500	389c8109bc5c52895d7a773118b22439aee33767a93bd7631a8d9ff12e5fbc59	未入库:第二档,暂留本地待定
./verdict_page/carving_20260908/bin/meta.json	828	edec8b22c2203873bddad598dfdb315ec1371cf3fd1202cc3a10b3d313ce6fc1	已入库
./verdict_page/carving_20260908/bin/meta_casdiff_carved.json	277	fb8131bf2b7e528ff08f92c7ef77ac0e3592de8c51d1ac1c5cf05a49fd144629	已入库
./verdict_page/carving_20260908/bin/meta_casdiff_nocarve.json	279	37b28b267a680adaff060798a919e1727b687bd3f2e3f6fbc1c4507a5a505c1e	已入库
./verdict_page/carving_20260908/bin/meta_casdiff_raw.json	272	985c108d9d5a4823c2aa0d9ddeef536f401cd53f818c2cf0a8a963343ce8d4dd	已入库
./verdict_page/mapanything_colmap_sparse_stereofusion_full132_v1_20260902/index.html	7819	5f1041925f881fd27e5ead65e191476c3d37cdf35d628832f2efdd81ee506f03	已入库
./verdict_page/mapanything_colmap_sparse_stereofusion_full132_v1_20260902/bin/depth_anchor_summary.json	284	225bde8d6e7859c11933997c951264a82348c6650a284abb5f4d98bc7d853094	已入库
./verdict_page/mapanything_colmap_sparse_stereofusion_full132_v1_20260902/bin/fused.col	1527216	bccaffd557695a8ce548218249aac5c837f9767debfd4e123a27eceec1bbef45	未入库:第二档,暂留本地待定
./verdict_page/mapanything_colmap_sparse_stereofusion_full132_v1_20260902/bin/fused.pos	6108864	efd8289bfe5f33a41b8883ea2fd7b75d4943c82aca7128ea73103b4d1c4b9e99	未入库:第二档,暂留本地待定
./verdict_page/mapanything_colmap_sparse_stereofusion_full132_v1_20260902/bin/mapanything_colmap_sparse_stereofusion.ply	13745178	9b53e4fb5f9b938c8f071a0a18143e84f05f6ebd6abb8d07da67a9e064ec8a23	未入库:第二档,暂留本地待定
./verdict_page/mapanything_colmap_sparse_stereofusion_full132_v1_20260902/bin/meta.json	951	a06f7730111bf8f5ae7df46e9d28ab40ad18ca91c3ac1aa86b1bb3f93dc165eb	已入库
./verdict_page/mapanything_colmap_sparse_stereofusion_full132_v1_20260902/bin/result.json	566	bc79c92a5080cb28a50ad6235ee6152330bdb3c8cee2301a3c47b1094bfbe7a4	已入库
./verdict_page/vargate_20260909/index.html	9390	1e5d0bed003d3b9867a48b20e390ce30c4cb7f600d096f9ad777ab6645cc9190	已入库
./verdict_page/vargate_20260909/bin/meta.json	527	91648f007a30bb301b09c7a896c5e4c3c6e366ed3ddd0116296abc1811ee906e	已入库
./verdict_page/vargate_20260909/bin/off768.col	软链	~/Documents/progecttwo/_host_experiments.nosync/pose_ablation_20260818/verdict_page/quad_20260909/bin/off768.col	软链(无数据)
./verdict_page/vargate_20260909/bin/off768.pos	软链	~/Documents/progecttwo/_host_experiments.nosync/pose_ablation_20260818/verdict_page/quad_20260909/bin/off768.pos	软链(无数据)
./verdict_page/vargate_20260909/bin/varA.col	软链	~/Documents/progecttwo/_host_experiments.nosync/pose_ablation_20260818/verdict_page/quad_20260909/bin/varA.col	软链(无数据)
./verdict_page/vargate_20260909/bin/varA.pos	软链	~/Documents/progecttwo/_host_experiments.nosync/pose_ablation_20260818/verdict_page/quad_20260909/bin/varA.pos	软链(无数据)
./verdict_page/weight_sweep_20260908/index.html	9690	1b22c5f79056f7a367aacd929712df5387d35482706df69a326d23749b0ff91d	已入库
./verdict_page/weight_sweep_20260908/bin/cas_w1.col	软链	../../tsdf3mm_20260908/bin/casdiff_t3.col	软链(无数据)
./verdict_page/weight_sweep_20260908/bin/cas_w1.pos	软链	../../tsdf3mm_20260908/bin/casdiff_t3.pos	软链(无数据)
./verdict_page/weight_sweep_20260908/bin/cas_w3.col	83628903	8148013bac5c364b3c040dcd5182c9b649ba3ee6293b7180d08a1ce1d09ea83a	未入库:第二档,暂留本地待定
./verdict_page/weight_sweep_20260908/bin/cas_w3.pos	334515612	76cac11913a2ccf95780245c9c253d93aa2a9404db55abb5f9ba61e4e233af19	未入库:第二档,暂留本地待定
./verdict_page/weight_sweep_20260908/bin/cas_w5.col	62872083	b0c89ed5f4302e1aa0483a91d7e2823d7cd01541a5d52e75e73f2e057541ad75	未入库:第二档,暂留本地待定
./verdict_page/weight_sweep_20260908/bin/cas_w5.pos	251488332	a9ad943a4af7ddcfe8db6ace6d1b1a2eda0a9400950eea692c610667b6b464d1	未入库:第二档,暂留本地待定
./verdict_page/weight_sweep_20260908/bin/cas_w8.col	45159015	dff39c991064d8f16b1b6529be0cfe4e838c5b5ce97afcd57ad3e07e8a893a90	未入库:第二档,暂留本地待定
./verdict_page/weight_sweep_20260908/bin/cas_w8.pos	180636060	115dc3fd9df0046e04bf020d4e60b888df6d8d3ffdd1d4ea6bb1a2ce3ba86bbc	未入库:第二档,暂留本地待定
./verdict_page/weight_sweep_20260908/bin/meta.json	1072	53c0c771022d2b855ecc51439246865e82ce152d319a0587a04070d26240b8d0	已入库
./verdict_page/weight_sweep_20260908/bin/meta_cas_w3.json	270	8dea99f97ff833a2de5703cf346ecd80c192a8a7f56f7050178bdbbcd00b6ae0	已入库
./verdict_page/weight_sweep_20260908/bin/meta_cas_w5.json	269	5585fef26ed1b6fd0147db48f552f20a6da5cec3117986bae98b4bc2b3cde02d	已入库
./verdict_page/weight_sweep_20260908/bin/meta_cas_w8.json	265	96388f9afe111e808f2aefc9a89de76757415f5dea3692ca50bd6d6f8df6838f	已入库
./verdict_page/full_ep0_mesh_20260917/index.html	13052	57fbaf84edf6d8067a0c24d14a51b67aa5e223eccf792e484c235ce434b4e364	已入库
./verdict_page/full_ep0_mesh_20260917/bin/full_ep0_mesh3_filled.col	135685368	d6ed8312fcb580e2d2c422923bf10bb487df91f6a510142aad2acc7f5bc5276a	第一档:可重生,待删|full_ep0 + tsdf_ep_mesh.py
./verdict_page/full_ep0_mesh_20260917/bin/full_ep0_mesh3_filled.idx.0	480000000	432151aa14f9f619cbf31341710e014a1838c839d76602d2700f400f4fef61cc	第一档:可重生,待删|full_ep0 + tsdf_ep_mesh.py
./verdict_page/full_ep0_mesh_20260917/bin/full_ep0_mesh3_filled.idx.1	480000000	4b172d943f2cffe3ee31c174e1eb20552ce95e151fda7bec45d9d8f1c5dfd544	第一档:可重生,待删|full_ep0 + tsdf_ep_mesh.py
./verdict_page/full_ep0_mesh_20260917/bin/full_ep0_mesh3_filled.idx.2	85666392	3f3d8a80501b895233c3070e6d05517b671695937de4a59bc9ac7ae094886aee	第一档:可重生,待删|full_ep0 + tsdf_ep_mesh.py
./verdict_page/full_ep0_mesh_20260917/bin/full_ep0_mesh3_filled.nrm	135685368	70adcb2856708b67bfc28c10cd0c458cf13794a6ef965e689096d01f43abfc1a	第一档:可重生,待删|full_ep0 + tsdf_ep_mesh.py
./verdict_page/full_ep0_mesh_20260917/bin/full_ep0_mesh3_filled.pos	542741472	993d8e36518303456b94df3617c8326448e06a09596b030e6dbab49d155f9c2a	第一档:可重生,待删|full_ep0 + tsdf_ep_mesh.py
./verdict_page/full_ep0_mesh_20260917/bin/full_ep0_tsdf3.col.0	软链	~/Documents/progecttwo/_host_experiments.nosync/pose_ablation_20260818/verdict_page/full_ep0_tsdf_20260917/bin/full_ep0_tsdf3.col.0	软链(无数据)
./verdict_page/full_ep0_mesh_20260917/bin/full_ep0_tsdf3.col.1	软链	~/Documents/progecttwo/_host_experiments.nosync/pose_ablation_20260818/verdict_page/full_ep0_tsdf_20260917/bin/full_ep0_tsdf3.col.1	软链(无数据)
./verdict_page/full_ep0_mesh_20260917/bin/full_ep0_tsdf3.pos.0	软链	~/Documents/progecttwo/_host_experiments.nosync/pose_ablation_20260818/verdict_page/full_ep0_tsdf_20260917/bin/full_ep0_tsdf3.pos.0	软链(无数据)
./verdict_page/full_ep0_mesh_20260917/bin/full_ep0_tsdf3.pos.1	软链	~/Documents/progecttwo/_host_experiments.nosync/pose_ablation_20260818/verdict_page/full_ep0_tsdf_20260917/bin/full_ep0_tsdf3.pos.1	软链(无数据)
./verdict_page/full_ep0_mesh_20260917/bin/md5_full_ep0_mesh3_filled.txt	366	6ba08f85d20c6a851de865f1d8d5d850ab5252682715d2e42184c9a5ce2a925e	已入库
./verdict_page/full_ep0_mesh_20260917/bin/meta.json	729	736bcac80b9f3365edffc5910151ef1edb7be66d255331d62e61e449fb1954b7	已入库
./verdict_page/full_ep0_mesh_20260917/bin/meta_mesh.json	397	570cd6be4172273aec8806a3c91e322bacb9f617f2e6427f56bffc22f2291802	已入库
./verdict_page/tsdf/index.html	10428	d0e1ab43a737b051cfd209845e8c8fbab66ad771c426b0673a4f64193140e052	已入库
./verdict_page/tsdf/bin/meta.json	1893	85d1057fcebefcf362606936c16b1e65ce7d3a88e810a1393c46cb54472dd8d2	已入库
./verdict_page/tsdf/bin/tsdf.col	36369414	fa28ab1d013b01cc95c973997f88a19d0f59a7c28eb720aa7a84648cb7f4e18b	未入库:第二档,暂留本地待定
./verdict_page/tsdf/bin/tsdf.idx	271625868	e728ff806716d65d63ed4245d865b9ef52fc6e4f84c63f6c9b5cbc20bec0b0f7	未入库:第二档,暂留本地待定
./verdict_page/tsdf/bin/tsdf.pos	145477656	078af320f2250dd632c1f64b829b1f5fc8625c3487bb194cfe4fbdc40891dad1	未入库:第二档,暂留本地待定
./verdict_page/tsdf/bin/tsdf_clean.col	31305201	f6c97ddbcdc0073f0054c6fdf0ce63d5e291b63397029579e6860dbde48e1436	未入库:第二档,暂留本地待定
./verdict_page/tsdf/bin/tsdf_clean.idx	241053648	c7ce03c54b07d72dfe0bc614afe2796efd263bd6ff04fb133a1e9f7429b03ef6	未入库:第二档,暂留本地待定
./verdict_page/tsdf/bin/tsdf_clean.pos	125220804	b62b28fe71e940df687f527489a919e3f804a9e41aeca36c9d5d5efaa36d5c32	未入库:第二档,暂留本地待定
./verdict_page/tsdf3mm_20260908/index.html	9197	df1c440c74656acda05932bf7d314dfaa05a636004f6aa6e1b233aa9963de75d	已入库
./verdict_page/tsdf3mm_20260908/bin/casdiff_t3.col	118836693	ef454f4f78a662b7d56dcd6efdc2a7aa6ea425d21d2350f1314b72b87ae03d46	未入库:第二档,暂留本地待定
./verdict_page/tsdf3mm_20260908/bin/casdiff_t3.pos	475346772	a682061e634b3d118d818319778b466850a515c9be973aa0ee77627f6e8b483c	未入库:第二档,暂留本地待定
./verdict_page/tsdf3mm_20260908/bin/maprime_t3.col	94572294	409325275d096bca1f4db7de876ce3e6814c88a543c2adfe35fa716ef62d5010	未入库:第二档,暂留本地待定
./verdict_page/tsdf3mm_20260908/bin/maprime_t3.pos	378289176	9b33242d3a7b083616d0f9c0d7ebe1176720e5f012f31b2f72c76767d82ed07a	未入库:第二档,暂留本地待定
./verdict_page/tsdf3mm_20260908/bin/meta.json	545	da5fdde93d09ad0a927eae0cbe174275bdb53898812c2315512dfce0506d7e2d	已入库
./verdict_page/tsdf3mm_20260908/bin/meta_casdiff_t3.json	272	e8580efb06eb6264b7c1b807ddca42023f6067de13b70252a6a111c06f599580	已入库
./verdict_page/tsdf3mm_20260908/bin/meta_maprime_t3.json	273	f7d86de7412a482779daea6b0b7c7d9e86887669b99593eb2afa7e320b6b65c0	已入库
./verdict_page/texgate_official_20260909/index.html	9989	e5842d8a7e03c5829567e7c740006a2f637ae96e03bd8baa5ed55c1f9b0b6426	已入库
./verdict_page/texgate_official_20260909/bin/meta.json	1051	c365b40cac138985ab842074544efd260541be246365ce982980e2802df998b3	已入库
./verdict_page/texgate_official_20260909/bin/off768.col	软链	~/Documents/progecttwo/_host_experiments.nosync/pose_ablation_20260818/verdict_page/quad_20260909/bin/off768.col	软链(无数据)
./verdict_page/texgate_official_20260909/bin/off768.pos	软链	~/Documents/progecttwo/_host_experiments.nosync/pose_ablation_20260818/verdict_page/quad_20260909/bin/off768.pos	软链(无数据)
./verdict_page/texgate_official_20260909/bin/t015.col	90678054	62904f9c1d4fc90840a74854c40cab72f2c941eccaa5c3ffb3603fd0bf0576d0	未入库:第二档,暂留本地待定
./verdict_page/texgate_official_20260909/bin/t015.pos	362712216	c0c07feb1ce528af87d6e5e3beeceec19765be02ca62fab2840477289582953b	未入库:第二档,暂留本地待定
./verdict_page/texgate_official_20260909/bin/t025.col	71655420	fc201d1b4d78f2d7f2244d83331d164cf7ab17bc4df67c95ffa33863e79d35f7	未入库:第二档,暂留本地待定
./verdict_page/texgate_official_20260909/bin/t025.pos	286621680	cf0a8e737173a8722eb09b1906e0ee7c2aee61f9bdf7f27e422ec74fd46ed356	未入库:第二档,暂留本地待定
./verdict_page/texgate_official_20260909/bin/t040.col	47614341	b8e2f8115956c1327202747d9622882f9adec03110addbc4fd75bea129b138a2	未入库:第二档,暂留本地待定
./verdict_page/texgate_official_20260909/bin/t040.pos	190457364	c9f2cefe28fee2c8f11511cd92a828b4815e199dec6da796102f02ed079123cd	未入库:第二档,暂留本地待定
./verdict_page/ep0_vs_ep5_20260919/index.html	9331	ba8d58e5478652a7311f0d01f5cb51141b9111b9b212ca3bdf4102605194e4cb	已入库
./verdict_page/ep0_vs_ep5_20260919/bin/.done	0	e3b0c44298fc1c149afbf4c8996fb92427ae41e4649b934ca495991b7852b855	未入库:第二档,暂留本地待定
./verdict_page/ep0_vs_ep5_20260919/bin/full_ep0.col	软链	~/Documents/progecttwo/_host_experiments.nosync/pose_ablation_20260818/verdict_page/full_ep0_20260916/bin/full_ep0.col	软链(无数据)
./verdict_page/ep0_vs_ep5_20260919/bin/full_ep0.pos	软链	~/Documents/progecttwo/_host_experiments.nosync/pose_ablation_20260818/verdict_page/full_ep0_20260916/bin/full_ep0.pos	软链(无数据)
./verdict_page/ep0_vs_ep5_20260919/bin/full_ep5.col	113572728	339ffc9b91b0b969cdedec867048069ea697e16149332bbb3c1d9bb1d11e48a5	第一档:可重生,待删|full_ep5.ckpt e0d79dc7
./verdict_page/ep0_vs_ep5_20260919/bin/full_ep5.pos	454290912	778f6a91398750927fcf7c05f432c6d234c5987e38ddf92136bbe61b3c271607	第一档:可重生,待删|full_ep5.ckpt e0d79dc7
./verdict_page/ep0_vs_ep5_20260919/bin/meta.json	539	d0530dd3e4edc927a28e950cd78857486fffe9a7cde82212bfdcb1db16365f55	已入库
./verdict_page/mvsanywhere_20260908/index.html	9298	d09d6716bb0b1e14164161b1d139e621ef0e5e66ffdbb7d74c76e5f8d3da0306	已入库
./verdict_page/mvsanywhere_20260908/bin/cas_raw.col	软链	~/Documents/progecttwo/_host_experiments.nosync/pose_ablation_20260818/verdict_page/carving_20260908/bin/casdiff_raw.col	软链(无数据)
./verdict_page/mvsanywhere_20260908/bin/cas_raw.pos	软链	~/Documents/progecttwo/_host_experiments.nosync/pose_ablation_20260818/verdict_page/carving_20260908/bin/casdiff_raw.pos	软链(无数据)
./verdict_page/mvsanywhere_20260908/bin/meta.json	533	acfe89c15fe772e21d964caa1341a8a23b795343e6965a449259fc30d40f7176	已入库
./verdict_page/mvsanywhere_20260908/bin/meta_mvsa.json	265	1d07781f92cb6f3d00adcbf9f993c8d135a63ce166ea33a8fbec4bd17181b923	已入库
./verdict_page/mvsanywhere_20260908/bin/mvsa.col	50669490	5f12d978649f5d8d7c7fc27b493d70276e5515764eea0f579918fec568a89e9b	未入库:第二档,暂留本地待定
./verdict_page/mvsanywhere_20260908/bin/mvsa.pos	202677960	331afbe7b2efe51f74e352d5cae2556fdd6c31bd7e5f5fe51f047865c70b46e9	未入库:第二档,暂留本地待定
./verdict_page/quad_20260909/index.html	10078	346cefcf7500c6aa06e127817e81e3d915b17b6c76811e8dc9073792b8a03956	已入库
./verdict_page/quad_20260909/bin/meta.json	1052	d25e4114c3f822a0d2783a896778ed104de7ea848bfe440bc1b6f9d0c8fdaaab	已入库
./verdict_page/quad_20260909/bin/native.col	243341388	a826651e77e8bb359085a4a5367fe4a5ef5298f81d384a5679c87567e14a46fe	未入库:第二档,暂留本地待定
./verdict_page/quad_20260909/bin/native.pos	973365552	3fbe052cbad60b787147586a341112570f12c5d2b9a316a92d5d14f1e7c1e7ce	未入库:第二档,暂留本地待定
./verdict_page/quad_20260909/bin/off768.col	110535777	37ee670e04c81b429feea7cd3fc3064146902d23f9164ad55199e66fd2165e4e	未入库:第二档,暂留本地待定
./verdict_page/quad_20260909/bin/off768.pos	442143108	2a2d889e7ce26cea54dabf129a07e3e8639dbbf26a37f3aa0ff18ff0b641e119	未入库:第二档,暂留本地待定
./verdict_page/quad_20260909/bin/p95.col	48265254	201fb27aa812d7063e6c118e3d74b45750b398360a94644902dfe645e4b3e09a	未入库:第二档,暂留本地待定
./verdict_page/quad_20260909/bin/p95.pos	193061016	69371cfeb9480c3f66d50702b2662af9385f58623d1a56ab5623404a5e569f4f	未入库:第二档,暂留本地待定
./verdict_page/quad_20260909/bin/varA.col	84710028	48278fada8f57915a4a8f8c0417e362e0c21438e7d355615a5f13d2e600facd2	未入库:第二档,暂留本地待定
./verdict_page/quad_20260909/bin/varA.pos	338840112	000c9c163e3ea0348ffcbe65a50b739ca6ce6c22bf5c2daf37baf7b68d1ab144	未入库:第二档,暂留本地待定
./verdict_page/mapanything_official_colmap_native_20260901/extract_glb_points.py	7598	a48d279515e12dc9e4e7405142f1a9297bb9377186e1c89e8679ad39e568dba3	已入库
./verdict_page/mapanything_official_colmap_native_20260901/index.html	7725	195b58d29904f6e5d38e88521d48c970d0461ede73cd51c5cd9080c42a0c5b4d	已入库
./verdict_page/mapanything_official_colmap_native_20260901/bin/meta.json	1181	07d2ea3366cec1d8743971c4749a6dce870f4c5cc6f12ed5b3e9f4887fd4ce4a	已入库
./verdict_page/mapanything_official_colmap_native_20260901/bin/official_colmap_native.col	74099820	22008ee81c015c82facf09388ee059501b245be46c3ce5093c4c225b30d65b7f	未入库:第二档,暂留本地待定
./verdict_page/mapanything_official_colmap_native_20260901/bin/official_colmap_native.pos	296399280	998f02f61f530b398e054ec8e5d458c6bafa34afbe4eb2fbaf136679b6135473	未入库:第二档,暂留本地待定
./verdict_page/colmap2000_20260908/index.html	8881	31da930a016b5d45f36922f2475bfea73277eb172d8e90cc925ce1210372638f	已入库
./verdict_page/colmap2000_20260908/bin/colmap2000.col.0	120000000	5b63baadcf940b71f30829141ef3e3b9359c9394af2eb150347f6aa2b609cf64	未入库:第二档,暂留本地待定
./verdict_page/colmap2000_20260908/bin/colmap2000.col.1	120000000	4fd0d3f25fa1d5af05ba496c053ebe8427661abe16747a8b92de99065f61106b	未入库:第二档,暂留本地待定
./verdict_page/colmap2000_20260908/bin/colmap2000.col.2	120000000	80a930fd29da8d4d9035782f5bfb667375e8e8f78de1b6285aade2328ab14d65	未入库:第二档,暂留本地待定
./verdict_page/colmap2000_20260908/bin/colmap2000.col.3	120000000	d0ab58ab2c0a2c8c95fcc1193e0a05a18db7f4e7845fde51e38d3e5b385f1a29	未入库:第二档,暂留本地待定
./verdict_page/colmap2000_20260908/bin/colmap2000.col.4	57417462	6e51e22581f0c6affb078a4ba8b6e8ee56f62eec222b308e77220b29bf8e0883	未入库:第二档,暂留本地待定
./verdict_page/colmap2000_20260908/bin/colmap2000.pos.0	480000000	f4b3d947721d8d3506a3802f9d61455f3f4337703fc0858945bd17275c4546d5	未入库:第二档,暂留本地待定
./verdict_page/colmap2000_20260908/bin/colmap2000.pos.1	480000000	8c5939bfda5e7b56c6d2ba1131415e370320fce02e10b9c2c72ead62f2cd2d36	未入库:第二档,暂留本地待定
./verdict_page/colmap2000_20260908/bin/colmap2000.pos.2	480000000	48f64b49f0cfc2dc0108993d4e5369b2795a2402a75061c93a2fe72e5c5fcf7a	未入库:第二档,暂留本地待定
./verdict_page/colmap2000_20260908/bin/colmap2000.pos.3	480000000	682b1367b0d0e74854dfaa946e28e2d296b5ce8985d198fc44039471f3c42661	未入库:第二档,暂留本地待定
./verdict_page/colmap2000_20260908/bin/colmap2000.pos.4	229669848	b2c42fcd62e2ff5d275661effd5c9dfccd70d416ab4014c84412b6d43d952059	未入库:第二档,暂留本地待定
./verdict_page/colmap2000_20260908/bin/meta.json	273	36f0c43518168b15c6a890154b49671e0bb0a2baa4a9df343710a16d2bd17ed6	已入库
./verdict_page/colmap2000_20260908/bin/meta_colmap2000.json	273	36f0c43518168b15c6a890154b49671e0bb0a2baa4a9df343710a16d2bd17ed6	已入库
./verdict_page/fusecut_20260909/bin/fusecut.col	87050793	6b5876eb6f4f1b51c5988d702c1407c67fbc09260e7aa9b1a88a53d4201b84ec	未入库:第二档,暂留本地待定
./verdict_page/fusecut_20260909/bin/fusecut.pos	348203172	713b853f29ee24991a332b1f1b027eae59c76e6f70502df2deee11f21d0d1691	未入库:第二档,暂留本地待定
./verdict_page/fusecut_20260909/bin/fusecut_del.col	2789730	812e52bbaaab061c25816138ac04e869d3a98932013773ba2f52809fd37df061	未入库:第二档,暂留本地待定
./verdict_page/fusecut_20260909/bin/fusecut_del.pos	11158920	fc15562d35e0962eda0d6885694b321c62f0d073c7840ca813d0c6589424a5e9	未入库:第二档,暂留本地待定
./verdict_page/fusecut_20260909/bin/input.col	89840523	face1daf825a739d980a3978ab004d4bf02a03fae36a5371d992ec48214cf190	未入库:第二档,暂留本地待定
./verdict_page/fusecut_20260909/bin/input.pos	359362092	8b6d766d7aa8d1163b0893dbf550ebc97b8581af400c0ce23e24d4c3095ec5a4	未入库:第二档,暂留本地待定
./verdict_page/fusecut_20260909/bin/meta_fusecut.json	268	6c4423681292ced40965975bf09f1fc1165da5ee5169064339b0bd06465cbc36	已入库
./verdict_page/fusecut_20260909/bin/meta_fusecut_del.json	272	8dd8f6e083fb1c5961ff6b4235fb9852154125a0424587194fe6d2264ac39f97	已入库
./verdict_page/fusecut_20260909/bin/meta_input.json	266	aac4c98eaf1bf751c3a97e9016a68a9d2155b5473aa464a0dd8dc6d985a616df	已入库
./verdict_page/casdiffmvs_official_blendmvg_20260903/index.html	7799	d37d83619eea0c8320ac25bc278a47d582ce7caad89ad924920bc05fe28feade	已入库
./verdict_page/casdiffmvs_official_blendmvg_20260903/bin/meta.json	1437	07a3d0725dcb2f8ce0d39edb09ea94464accf4da11a97106fc35e42d25d3e4db	已入库
./verdict_page/casdiffmvs_official_blendmvg_20260903/bin/official_colmap_native.col	110535117	b5a93aa15a6fa1b14fd9bb1819950c72b03ef5733a60b9e05d138888d9388fe8	未入库:第二档,暂留本地待定
./verdict_page/casdiffmvs_official_blendmvg_20260903/bin/official_colmap_native.pos	442140468	d14fd155f557ddeac70b51d4a03ba85e1ca2426ba2921e14f55904a86c5f679b	未入库:第二档,暂留本地待定
./verdict_page/classical_20260907/index.html	8758	abfe9968a3f65b60c619a0eaa3036eaa29dfef7064c50f96f3b68d6eecea76db	已入库
./verdict_page/classical_20260907/bin/casdiff.col	软链	~/Documents/progecttwo/_host_experiments.nosync/pose_ablation_20260818/verdict_page/casdiffmvs_tsdf_20260905/bin/casdiff.col	软链(无数据)
./verdict_page/classical_20260907/bin/casdiff.pos	软链	~/Documents/progecttwo/_host_experiments.nosync/pose_ablation_20260818/verdict_page/casdiffmvs_tsdf_20260905/bin/casdiff.pos	软链(无数据)
./verdict_page/classical_20260907/bin/cd_cut.col	75886377	d7a0fe1316e00324be6885600b39186773075a6f2818b067ff47e45bced616b8	未入库:第二档,暂留本地待定
./verdict_page/classical_20260907/bin/cd_cut.pos	303545508	7fc08ae2e90761e5ae50f0af5aec9e0bea7c749c337f6464f1edf38bd16548c7	未入库:第二档,暂留本地待定
./verdict_page/classical_20260907/bin/colmapdense.col	软链	~/Documents/progecttwo/_host_experiments.nosync/pose_ablation_20260818/verdict_page/depth_engines_20260907/bin/colmapdense.col	软链(无数据)
./verdict_page/classical_20260907/bin/colmapdense.pos	软链	~/Documents/progecttwo/_host_experiments.nosync/pose_ablation_20260818/verdict_page/depth_engines_20260907/bin/colmapdense.pos	软链(无数据)
./verdict_page/classical_20260907/bin/meta.json	969	d0363210d773862e7aa857beaed0ea3e549cd43f4a446d83ba3fa3b72c256410	已入库
./verdict_page/classical_20260907/bin/meta_cd_cut.json	266	ac0a1c6531de745f5345233b2aa005187ac86bc1dbd7b01da8f3b3b74bb16895	已入库
./verdict_page/full_ep4_20260918/index.html	10276	2c7fe947bcded5f99d900b12e71044dfe31feab6b30558d079644be8dd7ef61b	已入库
./verdict_page/full_ep4_20260918/bin/full_ep1.col	软链	~/Documents/progecttwo/_host_experiments.nosync/pose_ablation_20260818/verdict_page/full_ep1_20260916/bin/full_ep1.col	软链(无数据)
./verdict_page/full_ep4_20260918/bin/full_ep1.pos	软链	~/Documents/progecttwo/_host_experiments.nosync/pose_ablation_20260818/verdict_page/full_ep1_20260916/bin/full_ep1.pos	软链(无数据)
./verdict_page/full_ep4_20260918/bin/full_ep2.col	软链	~/Documents/progecttwo/_host_experiments.nosync/pose_ablation_20260818/verdict_page/full_ep2_20260917/bin/full_ep2.col	软链(无数据)
./verdict_page/full_ep4_20260918/bin/full_ep2.pos	软链	~/Documents/progecttwo/_host_experiments.nosync/pose_ablation_20260818/verdict_page/full_ep2_20260917/bin/full_ep2.pos	软链(无数据)
./verdict_page/full_ep4_20260918/bin/full_ep3.col	软链	~/Documents/progecttwo/_host_experiments.nosync/pose_ablation_20260818/verdict_page/full_ep3_20260917/bin/full_ep3.col	软链(无数据)
./verdict_page/full_ep4_20260918/bin/full_ep3.pos	软链	~/Documents/progecttwo/_host_experiments.nosync/pose_ablation_20260818/verdict_page/full_ep3_20260917/bin/full_ep3.pos	软链(无数据)
./verdict_page/full_ep4_20260918/bin/full_ep4.col	111032250	f1da72b4135de691a468d1979c061df9bd73a29418d1bc02d1e10b69d2373ef3	第一档:可重生,待删|full_ep4.ckpt fd7642fd
./verdict_page/full_ep4_20260918/bin/full_ep4.pos	444129000	7ebc5514e215f847f6290608383856b86dbf9cd53a04f2b515499beedee2b7eb	第一档:可重生,待删|full_ep4.ckpt fd7642fd
./verdict_page/full_ep4_20260918/bin/md5_full_ep4.txt	94	af2c3c69d42701ed7c92de911141587b4c4a29b22a50ac8e4d381da2157aa5c2	已入库
./verdict_page/full_ep4_20260918/bin/meta.json	1939	8c0e060553e5d1622af28d1fdee920ff25d6fa6b117cc078bc8018def2ea7253	已入库
./verdict_page/full_ep4_20260918/bin/meta_box.json	1620	8aff630d75ecfdde7c3ae5526ff405d0bf0acaa5aad918a6bfd3e04bce639400	已入库
./verdict_page/gc_ep6_20260919/index.html	9699	97b52448d7da531a293b5d4dbba5bc6d6397d7ca24ca0b29742504e6cb488c76	已入库
./verdict_page/gc_ep6_20260919/bin/.done	0	e3b0c44298fc1c149afbf4c8996fb92427ae41e4649b934ca495991b7852b855	未入库:第二档,暂留本地待定
./verdict_page/gc_ep6_20260919/bin/full_ep0.col	软链	~/Documents/progecttwo/_host_experiments.nosync/pose_ablation_20260818/verdict_page/full_ep0_20260916/bin/full_ep0.col	软链(无数据)
./verdict_page/gc_ep6_20260919/bin/full_ep0.pos	软链	~/Documents/progecttwo/_host_experiments.nosync/pose_ablation_20260818/verdict_page/full_ep0_20260916/bin/full_ep0.pos	软链(无数据)
./verdict_page/gc_ep6_20260919/bin/full_ep5.col	软链	~/Documents/progecttwo/_host_experiments.nosync/pose_ablation_20260818/verdict_page/ep0_vs_ep5_20260919/bin/full_ep5.col	软链(无数据)
./verdict_page/gc_ep6_20260919/bin/full_ep5.pos	软链	~/Documents/progecttwo/_host_experiments.nosync/pose_ablation_20260818/verdict_page/ep0_vs_ep5_20260919/bin/full_ep5.pos	软链(无数据)
./verdict_page/gc_ep6_20260919/bin/gc_ep6.col	115962573	9e8d5a5d033607714a38c5453430f04c0aad888f4507dbf8bb91a08e645ab7ea	未入库:第二档,暂留本地待定
./verdict_page/gc_ep6_20260919/bin/gc_ep6.pos	463850292	2a3f70a65c28446edff0035e3d56306fcb906f59ffaf2f4806066d50054fb453	未入库:第二档,暂留本地待定
./verdict_page/gc_ep6_20260919/bin/meta.json	808	42cf00103b7ea7f8c840a6cb43223dd055aeebc0180cd6c1b0bd2cda3c21a343	已入库
./verdict_page/simpleproc_20260912/index.html	10943	483bd4bbc0cba25136c598583636a8e99485c8fec41a8c2f9547615a3b06fea4	已入库
./verdict_page/simpleproc_20260912/bin/ab_ep0.col	106240410	f73160c8f7f4e571092d0a6253d486ea30dda308a9c6ddc8615f0db271ed8d68	第一档:可重生,待删|ab model_000000 cf1fa042
./verdict_page/simpleproc_20260912/bin/ab_ep0.pos	424961640	320da2a6b418959dc21485e6a9759d8969c3eef729ecef1af8150e21c0d6400b	第一档:可重生,待删|ab model_000000 cf1fa042
./verdict_page/simpleproc_20260912/bin/ab_ep15.col	112964430	19284f0085f3b4dd36130a4fc758e82783e1be257ec185f80c6e6249bf275938	第一档:可重生,待删|ab model_000015 fcaab387
./verdict_page/simpleproc_20260912/bin/ab_ep15.pos	451857720	5a15f2d54f8db8528dddaddb89f6c6b5c07cbb341b2a9269a43a8c0a30d15f66	第一档:可重生,待删|ab model_000015 fcaab387
./verdict_page/simpleproc_20260912/bin/ab_ep2.col	109668585	14f5b6360a5f30155a0163f146e67bb52fec5d9ac08886e8fad1a864f0ef5eb0	第一档:可重生,待删|ab model_000002 13de9afa
./verdict_page/simpleproc_20260912/bin/ab_ep2.pos	438674340	aa51fb0589c66115c950fcc5fcf720d0ebe09987c15c5ab2b6cda2566ea85aca	第一档:可重生,待删|ab model_000002 13de9afa
./verdict_page/simpleproc_20260912/bin/ab_ep3.col	111066018	684cd8c1dfbb243eef4a8204df7f27b986eb1728aa564f6d8a0e50782b0221f6	未入库:第二档,暂留本地待定
./verdict_page/simpleproc_20260912/bin/ab_ep3.pos	444264072	49a9d16a795e3b84e01faa9aca1e8f42d43ebc7521a3a71f7dd408f76acdbd31	未入库:第二档,暂留本地待定
./verdict_page/simpleproc_20260912/bin/ab_ep5.col	109404831	63498fffcee75f8184803cba197309acf1eff2ea88fc39e4cc23fd41a458d327	未入库:第二档,暂留本地待定
./verdict_page/simpleproc_20260912/bin/ab_ep5.pos	437619324	d408009706025c99fb344fca9dec4a0ff7337ef465eb0b0d3805d518439d6383	未入库:第二档,暂留本地待定
./verdict_page/simpleproc_20260912/bin/ab_ep6.col	111009246	2a1394409a3cb4897ee1f86f37a06e85feb845375aaa04e1e09d53d78ee0b0d8	第一档:可重生,待删|ab model_000006 09aee44d
./verdict_page/simpleproc_20260912/bin/ab_ep6.pos	444036984	aedbb3bb0b63d3c50b945d91ca7d9e94a513369664c656ab53e73fb26357260a	第一档:可重生,待删|ab model_000006 09aee44d
./verdict_page/simpleproc_20260912/bin/after_t3.col	112332099	9020f0705c51d0c99366eac00b8e85daa44f13978e5a28c4ee9fedd3d6b1d72c	第一档:可重生,待删|B15_parent 1c95e17a
./verdict_page/simpleproc_20260912/bin/after_t3.pos	449328396	c1c5a8becc24f2857a4706385c2dd4821f5512e7762594db5e247bbe69477d71	第一档:可重生,待删|B15_parent 1c95e17a
./verdict_page/simpleproc_20260912/bin/before_t3.col	108814842	61a57847ef7a2916fbb96eb0c20ce6c3e15e72991f86dbc47ca7c98b03074e6d	未入库:第二档,暂留本地待定
./verdict_page/simpleproc_20260912/bin/before_t3.pos	435259368	c680f2c55486342356464d1638b7a0c8fdd7eca2cf40805bdf5b60458ae14feb	未入库:第二档,暂留本地待定
./verdict_page/simpleproc_20260912/bin/meta.json	2887	b7a4ea50945eb4d5188b76b517de6c2eb94d908da51dbf04a4f31741bcea5458	已入库
./mvs_official/pair.txt	17459	8a4adb81e9f5a1b3f6d369d8a7f655b524dfa53402e9db77b7253b4ed5ee7c6f	未入库:拍摄原片/相机(本地保留)
./mvs_SEL18/pair.txt	17032	71ea1e1439df4d509b1b18d2491b287f253eaa75fca74e52356fdac779b298e4	未入库:拍摄原片/相机(本地保留)
./mvs_SEL18/seed_map.txt	388	8311c82c128c427c648c9ff7c240c07c2267e9df9064cf17ebb951e803ba0002	未入库:拍摄原片/相机(本地保留)
./mvs_P8k/pair.txt	19970	bd3410002fb5fbbaec07e1b7d847b9dfaa461e20f3232de2d0dfaa05276ff394	未入库:拍摄原片/相机(本地保留)
./mvs_P8k/images/00000000.jpg	1054641	86ba4ae70ae36eef6e40ff362f3b360e3b76459a4ee1dd917fc6e099de9a8274	未入库:拍摄原片/相机(本地保留)
./mvs_P8k/images/00000001.jpg	1211003	9b47ceb207d2b51bf533682e28ee7c7e20c55053f226e05cc3e853080e023b76	未入库:拍摄原片/相机(本地保留)
./mvs_P8k/images/00000002.jpg	1325882	d9575ba084b35d62c02535a7010ca0daed73542ac6142a426d361cabb73ce37e	未入库:拍摄原片/相机(本地保留)
./mvs_P8k/images/00000003.jpg	909816	f803033972edca69518b1e7caea6078809532997416fe628fac2c11f31494a41	未入库:拍摄原片/相机(本地保留)
./mvs_P8k/images/00000004.jpg	1313866	68d17454f3be6142befe676eb8a07e4778bf670b2316e7717186d86e545ed466	未入库:拍摄原片/相机(本地保留)
./mvs_P8k/images/00000005.jpg	1232893	21dc59a7fed31ccc4c5e3503bf57eb475d5994e1d31d363bbea0dd4578162f34	未入库:拍摄原片/相机(本地保留)
./mvs_P8k/images/00000006.jpg	1329182	4c3ea7587564f46c9665cb407a1854a8697a5dd5e1a45cdfe3235e9a4bc301cf	未入库:拍摄原片/相机(本地保留)
./mvs_P8k/images/00000007.jpg	1093410	31cc9524cd6afd9a0b351b76708118b5114335c030091502ebe718463e2beeeb	未入库:拍摄原片/相机(本地保留)
./mvs_P8k/images/00000008.jpg	934982	6bd0016bd200f54bfc3e02a62bd160caaa80c06d363e0f5238a17e20f833ec4a	未入库:拍摄原片/相机(本地保留)
./mvs_P8k/images/00000009.jpg	1053866	4cf75315a20a7495d78e2f76e17d223fca57b02b37486965b5c3a8ab1d501331	未入库:拍摄原片/相机(本地保留)
./mvs_P8k/images/00000010.jpg	1294706	741726141b3a1823d2ebf1ad543385852f5f8544e5a3a37c415c16fed0683e63	未入库:拍摄原片/相机(本地保留)
./mvs_P8k/images/00000011.jpg	1073651	42855dd82f2c7eb05b760d9e41dfc32c39628f67daf2b0958ce6c76126c03d2c	未入库:拍摄原片/相机(本地保留)
./mvs_P8k/images/00000012.jpg	1346258	2dfb5663c6c482dfc7aca53f0969c89a9dd37e4d7d950d5470c45c033c90279e	未入库:拍摄原片/相机(本地保留)
./mvs_P8k/images/00000013.jpg	1578777	9ba69e9a2a3cbcfdbde9aebe0d231506e62c9308790c7fd9245c2939aecb7f06	未入库:拍摄原片/相机(本地保留)
./mvs_P8k/images/00000014.jpg	1176913	3a304cec3b00f6bec6f0132e403b44058174fe108cb0f0f48ea376c38dc93599	未入库:拍摄原片/相机(本地保留)
./mvs_P8k/images/00000015.jpg	938599	ae3412cb96a0c60eddca89515ba6a7c1b54af0cefc6cef716ddd5c3dc4520416	未入库:拍摄原片/相机(本地保留)
./mvs_P8k/images/00000016.jpg	1046026	269c53a450bad76d7d0cf364b76631355797331aae83f2e166ba2cd398c5faaa	未入库:拍摄原片/相机(本地保留)
./mvs_P8k/images/00000017.jpg	1241243	16f12f4fa1ac0e4cdbbd942e29d039277531a4c48ece55acea8d61114ed2e295	未入库:拍摄原片/相机(本地保留)
./mvs_P8k/images/00000018.jpg	1016111	9d0dbe52d951ccac1d31125b848e67efcd33a5437772686537dda54816fabb0d	未入库:拍摄原片/相机(本地保留)
./mvs_P8k/images/00000019.jpg	1021486	4b3a48b6de9f1b6f801a91da897b134791a420b7fee8063d73e2bec1fc28c1bf	未入库:拍摄原片/相机(本地保留)
./mvs_P8k/images/00000020.jpg	1466069	1bc99a578ee480dc1834536694b5645c51de13b61684fd88aefcaf6b731ab2e8	未入库:拍摄原片/相机(本地保留)
./mvs_P8k/images/00000021.jpg	1159702	32fd5c746bcb49c6f85c18979ed6107a199931e1b50714cf676d7ab6cae532f1	未入库:拍摄原片/相机(本地保留)
./mvs_P8k/images/00000022.jpg	1226142	cc983487a1593503184d3149371c1de5781491ddda77b0f0eab56822e4b75ea6	未入库:拍摄原片/相机(本地保留)
./mvs_P8k/images/00000023.jpg	1087223	40319eaa76118cf8e4134153bfa6c7e84985d21c153096e66eedf79cd7cb9661	未入库:拍摄原片/相机(本地保留)
./mvs_P8k/images/00000024.jpg	1105843	d6bf5bd4f9e05ac2f9fee339d5fc41611e4442764dcb944d192bd59890d80ce9	未入库:拍摄原片/相机(本地保留)
./mvs_P8k/images/00000025.jpg	1331611	56d2a3a4c5e1c9f831ab6a7d5d164ae508095cf203bb6964bbe38304ccefa3e6	未入库:拍摄原片/相机(本地保留)
./mvs_P8k/images/00000026.jpg	1432877	26730b12920cfa14a5e7978c011661b54f0270fe9bc616af3ae1905aacddb22b	未入库:拍摄原片/相机(本地保留)
./mvs_P8k/images/00000027.jpg	1169052	6abce3a99194a533d7f7f02c1292ccfbeb0ead688dcad02e316fadafd132fee1	未入库:拍摄原片/相机(本地保留)
./mvs_P8k/images/00000028.jpg	871852	e8fb2052689944507eadc709e6e629625c07b0d5efc672a51e613940b374bb49	未入库:拍摄原片/相机(本地保留)
./mvs_P8k/images/00000029.jpg	1199780	ba695ef4c56c4d5acdff2de23f7a229f734445d87b8fd27fd795978303cc6a43	未入库:拍摄原片/相机(本地保留)
./mvs_P8k/images/00000030.jpg	1319359	485fa03d0acea2631784714a47d46011f9dd8a57f387b0990ac6c9b2c85b78d0	未入库:拍摄原片/相机(本地保留)
./mvs_P8k/images/00000031.jpg	1149872	b2af33c7ba24e12704bfbbfc612ddd432d16159b6207aca9d154762efae67776	未入库:拍摄原片/相机(本地保留)
./mvs_P8k/images/00000032.jpg	1101981	e0c2102126e09d3412a6bcc538f32a0a05a5066a26851e066af31aefdcdb004d	未入库:拍摄原片/相机(本地保留)
./mvs_P8k/images/00000033.jpg	1113244	06e2e61bc7339195e7f22483762ea6c7d7685ecb31509dbe774737b2723ad660	未入库:拍摄原片/相机(本地保留)
./mvs_P8k/images/00000034.jpg	872795	f8e9b9cf67ed84b63660487036af4b2fdf52e09c719b602c7155a0e33ca549da	未入库:拍摄原片/相机(本地保留)
./mvs_P8k/images/00000035.jpg	984250	2984fd57539c1dd8f73684363ceb1b369de66438365d10a0e0c23c302a7e5d56	未入库:拍摄原片/相机(本地保留)
./mvs_P8k/images/00000036.jpg	1016191	0e03ece689da276c069813d5ef1b4e7a1b051cf4d115861390ff6bd353e8e6f5	未入库:拍摄原片/相机(本地保留)
./mvs_P8k/images/00000037.jpg	1049134	75b0a86107ce149afd8db2f170c112b0a6c10b833330996332e3c09b1bff6634	未入库:拍摄原片/相机(本地保留)
./mvs_P8k/images/00000038.jpg	1055121	9df975f32ee1896208c5d78b9e7899b4a44ef503a9620874a78750fa5c5d2325	未入库:拍摄原片/相机(本地保留)
./mvs_P8k/images/00000039.jpg	1100458	13cf41705b501e67875cc02574e4d3641525aac0871908ce67569a5861769c7e	未入库:拍摄原片/相机(本地保留)
./mvs_P8k/images/00000040.jpg	868440	a952c29c4e8fac5cb5d933bf85de43b5ed1c14b230762992bf8125b063179b51	未入库:拍摄原片/相机(本地保留)
./mvs_P8k/images/00000041.jpg	1005699	a6edb53987a35a5d11de5541de5676b1cb177f5caaa67b81e7530445678ce6a7	未入库:拍摄原片/相机(本地保留)
./mvs_P8k/images/00000042.jpg	1060584	c98f8b864f537023726325637666a97fdbf036a49f98694b11b444af2a308d9e	未入库:拍摄原片/相机(本地保留)
./mvs_P8k/images/00000043.jpg	1054907	0f821e1adeefa0b7dac17d8c976342dfb45afab857c0b2e4d7c769da5a7c9e37	未入库:拍摄原片/相机(本地保留)
./mvs_P8k/images/00000044.jpg	908041	cf920f10248e9463f8178985ed04dd43f785c9104c7db684c99d39133b4a127a	未入库:拍摄原片/相机(本地保留)
./mvs_P8k/images/00000045.jpg	1030192	0149918d67c0f87a50cd5577cb21e55d7dc9a8d4d074d68b0d12fdbfbc7185c6	未入库:拍摄原片/相机(本地保留)
./mvs_P8k/images/00000046.jpg	821649	6cd8708a5cf2da515607a277d7b9fd561b51f5778b4af7f8880a28a96d5eb610	未入库:拍摄原片/相机(本地保留)
./mvs_P8k/images/00000047.jpg	1100028	50a1796195d3c7256bb3f27ce0690dc0716b14b0c895c48c03b2312d668b54b5	未入库:拍摄原片/相机(本地保留)
./mvs_P8k/images/00000048.jpg	1252819	b1ee2f922857bf70dc361b9520f1b72353a81a200be9d80d8084a27b4ffc6a04	未入库:拍摄原片/相机(本地保留)
./mvs_P8k/images/00000049.jpg	901268	4eaae0cf669799e39fddb0d93f34d2724e4f50a9797f62078bb6917f74fdbd32	未入库:拍摄原片/相机(本地保留)
./mvs_P8k/images/00000050.jpg	1177080	b136ad5c30fd88e3ba4fd4876fec6e6cb0cbc31ba0645b5270eb5983af500d05	未入库:拍摄原片/相机(本地保留)
./mvs_P8k/images/00000051.jpg	849876	434f466cc5743a8bf2113050a95d00e98e77f2e64e7a6ea0bb46910a172124d4	未入库:拍摄原片/相机(本地保留)
./mvs_P8k/images/00000052.jpg	1078359	a1c14b5c53a411d6968a4a4590899e3629aba8ce402142e0464726fecf5d6bb0	未入库:拍摄原片/相机(本地保留)
./mvs_P8k/images/00000053.jpg	639767	428dd6fb90a68a1611ab6d19f945cbd3f4abb0c1d74143af4c46355b514ed78b	未入库:拍摄原片/相机(本地保留)
./mvs_P8k/images/00000054.jpg	894535	d1e0626d242c05dbee15d8fe7529b7e76b51890517bf470b609aa35cb4e17081	未入库:拍摄原片/相机(本地保留)
./mvs_P8k/images/00000055.jpg	892352	ec116ce694edfff070334cdcd6cce818d365a1f7b1119eb42dfb96956a790dcd	未入库:拍摄原片/相机(本地保留)
./mvs_P8k/images/00000056.jpg	1019115	25cdea5be84f80e1252e72f6c39e460f2a8e83d74a645afaf9edce5428aa10f3	未入库:拍摄原片/相机(本地保留)
./mvs_P8k/images/00000057.jpg	894265	8f87596b7e3ed0b9407a2ca5a5344ac86fce62651315141760ebc8e6e449450b	未入库:拍摄原片/相机(本地保留)
./mvs_P8k/images/00000058.jpg	1081743	8fa83909cc83d40800d21b3f84113679f39b890fe423c17610f584cf8ef0f6a2	未入库:拍摄原片/相机(本地保留)
./mvs_P8k/images/00000059.jpg	1095677	8586733fa04237756744ad62b2a04e0257e81ea908d2cdb5991e05f14993ba52	未入库:拍摄原片/相机(本地保留)
./mvs_P8k/images/00000060.jpg	798476	c3a64c52211a3b40caa24cd09deb46048ae08f062c4c36b3226c00ce075a8f5e	未入库:拍摄原片/相机(本地保留)
./mvs_P8k/images/00000061.jpg	808398	0e141ed15f5fa670cc076d43747e9c4a405d4deab6016d613c8ba459ba932ba5	未入库:拍摄原片/相机(本地保留)
./mvs_P8k/images/00000062.jpg	851608	da19f6ffabf3f3d7d8863e569fe51517bb6e86cb165b53ba2cd0db77ba5cdfc8	未入库:拍摄原片/相机(本地保留)
./mvs_P8k/images/00000063.jpg	1041610	88573272ad77d2753567bb955e8aa0c268b7601da864570c30ac12f23c8bfd8f	未入库:拍摄原片/相机(本地保留)
./mvs_P8k/images/00000064.jpg	1120793	b664bf74a2e82209f62b2192ce1b56751bf9805d485a046a0e3c264a7fae35f3	未入库:拍摄原片/相机(本地保留)
./mvs_P8k/images/00000065.jpg	1109087	0d1c703ba295496ab03269d956c90406e6a06379c0ebb4c9e40c0c1457c5cf13	未入库:拍摄原片/相机(本地保留)
./mvs_P8k/images/00000066.jpg	1088513	2283a32a06011c9035a91004445422f8f8f21c8a8ecdf06a68e430ea0fa9e68c	未入库:拍摄原片/相机(本地保留)
./mvs_P8k/images/00000067.jpg	1054173	bf985bdb2722ebae3fc02965ffa3e4222477e460f5d8fb846794b6edbb16777e	未入库:拍摄原片/相机(本地保留)
./mvs_P8k/images/00000068.jpg	819328	8dbe144c603019d71b8cc1df24cb8fbc358e261f5a703156711205804e2c517d	未入库:拍摄原片/相机(本地保留)
./mvs_P8k/images/00000069.jpg	972750	24d97322b4dfc9ca286d06b3161c1f9872d0d04539ee1f26071f45729d640c97	未入库:拍摄原片/相机(本地保留)
./mvs_P8k/images/00000070.jpg	984864	7ee16386a0dcba4ca5e8993c135b95cddeaebee10760fc7961295420002825fc	未入库:拍摄原片/相机(本地保留)
./mvs_P8k/images/00000071.jpg	673450	ac0c8135645f64bfd5aa62d8377c79daf13978b676e92e0e4830b6a23f05b303	未入库:拍摄原片/相机(本地保留)
./mvs_P8k/images/00000072.jpg	610775	961b8d3e4f1389b94521f3ea1367d7e50e5302c4823f68686296c6e737a11cc6	未入库:拍摄原片/相机(本地保留)
./mvs_P8k/images/00000073.jpg	899691	9411a455b413373581f8160223822ad4cd7d70102e5c32f0b3bc389205569f31	未入库:拍摄原片/相机(本地保留)
./mvs_P8k/images/00000074.jpg	951046	c01ca7811cbe4e14979316ba66348a29df5575124b750522420590b5b84d0892	未入库:拍摄原片/相机(本地保留)
./mvs_P8k/images/00000075.jpg	970053	a138febd24dff81b94df46997683a06f787d88db0837eb37d0cff5237ea92d29	未入库:拍摄原片/相机(本地保留)
./mvs_P8k/images/00000076.jpg	831785	dfc5e97b279cdca02ef8e8569c2dbebc3df02b6e2d4cba8c3567998d6c2a6855	未入库:拍摄原片/相机(本地保留)
./mvs_P8k/images/00000077.jpg	1007091	eae5419ab08a7291b24296ad7dbf61d4776421d98ab21573b33bceca48c362a1	未入库:拍摄原片/相机(本地保留)
./mvs_P8k/images/00000078.jpg	771044	4a44e667d718be41134d7c018c24dfcb68a7031b1ec1c27b62239ff1ec880b7e	未入库:拍摄原片/相机(本地保留)
./mvs_P8k/images/00000079.jpg	1103391	ab3c46861280b37492ecf4e4ff6367d6a6cd03e80b39ba764195b6b5474cfe58	未入库:拍摄原片/相机(本地保留)
./mvs_P8k/images/00000080.jpg	999630	7c41de058773f4646e581a5aa4713ae1c77665b73b5be9717dd63e0b9506bce2	未入库:拍摄原片/相机(本地保留)
./mvs_P8k/images/00000081.jpg	949025	f3bdcf2920aeae7a7c4fe2ab89d2a9058c3f21e0db93c794211929cb47cf78b8	未入库:拍摄原片/相机(本地保留)
./mvs_P8k/images/00000082.jpg	1191314	fd494d7bfef6d4f68853dfafa5b60fe941eeedb78607392e914638edcfc1b48e	未入库:拍摄原片/相机(本地保留)
./mvs_P8k/images/00000083.jpg	942072	dce601863a817c6e747e52ebdf7f88890892a05ea284739158c37f1592b1a1be	未入库:拍摄原片/相机(本地保留)
./mvs_P8k/images/00000084.jpg	1279220	336cdd095571c5f7dbf5d4da00ad6eac21ba0c30c5efb08975d413481879aec3	未入库:拍摄原片/相机(本地保留)
./mvs_P8k/images/00000085.jpg	1089271	5e8bf9cb341c5ed7b7516ae9c928f843d7fa7979838728d72feea1b7fb56c458	未入库:拍摄原片/相机(本地保留)
./mvs_P8k/images/00000086.jpg	729571	39c48b219611c25dd6c4aa4c4b546caafb765926546b31786cac6fc43e2e4c98	未入库:拍摄原片/相机(本地保留)
./mvs_P8k/images/00000087.jpg	713710	6a4aacf68f898fc7c2242625a699ec995b0e918b7359885dcb29cf6020cb0d1f	未入库:拍摄原片/相机(本地保留)
./mvs_P8k/images/00000088.jpg	955370	5c4afad9387e430ede8c191e82b3d1066d850e8c7baedbc1a952813414e5749c	未入库:拍摄原片/相机(本地保留)
./mvs_P8k/images/00000089.jpg	899803	6d980df928490444737d7f1534e8b8e001278791b13e1d429229c9d589093aba	未入库:拍摄原片/相机(本地保留)
./mvs_P8k/images/00000090.jpg	973894	86d752f4bf734615770e1322301b89c30c042f5f007a3428cd6d52851d6d9803	未入库:拍摄原片/相机(本地保留)
./mvs_P8k/images/00000091.jpg	803647	72090f5a22203b9c8074744edf03cf12ad5191bf7c5e740c005a15a1c06e25da	未入库:拍摄原片/相机(本地保留)
./mvs_P8k/images/00000092.jpg	941446	685f50a0a2053753f10d2d6e7f2f1ac6772ea171df91e5b4e92f4cd68fde7230	未入库:拍摄原片/相机(本地保留)
./mvs_P8k/images/00000093.jpg	1059071	953ea6c01890ffc5d263e9cdb3d3ef0de9869c40efd2f5d4d56575273af36ceb	未入库:拍摄原片/相机(本地保留)
./mvs_P8k/images/00000094.jpg	962475	bd392a20ec42af935936c14992a2507727ce38edc8d85052c630d27b43dc22fb	未入库:拍摄原片/相机(本地保留)
./mvs_P8k/images/00000095.jpg	1053979	eb5acc0f96922e139ccc0a8d7d8c7370080bb4fdd41720a6e12d80cb11549284	未入库:拍摄原片/相机(本地保留)
./mvs_P8k/images/00000096.jpg	1367321	eb117a74c1443950f0bc744ed80acd28e8fca8c96ff81e50cb89e0441028bdd6	未入库:拍摄原片/相机(本地保留)
./mvs_P8k/images/00000097.jpg	684227	49f2587bc398aed503228710e8a45899661326aa452d5205130d2256470efabe	未入库:拍摄原片/相机(本地保留)
./mvs_P8k/images/00000098.jpg	1254854	31753020c483737a127ef383572548dfc1aefa8fd8a0b92154215d61a663f18f	未入库:拍摄原片/相机(本地保留)
./mvs_P8k/images/00000099.jpg	1075510	abd151cc302ac7f0070f0a8fe2e73cc91c0f9b02c32c8ffbd3f99bce813284f3	未入库:拍摄原片/相机(本地保留)
./mvs_P8k/images/00000100.jpg	801212	6c333471c157c38fcf228b8230ffcafee252c37348f5765b068ec8fce21923c7	未入库:拍摄原片/相机(本地保留)
./mvs_P8k/images/00000101.jpg	848474	0933279de3993e1e0974c898818699894391ab107a5e6169f60c134fcc0e821b	未入库:拍摄原片/相机(本地保留)
./mvs_P8k/images/00000102.jpg	988267	0f5f6e1b74fc9daf87b61d253c540910e0c71fd69a3a7f15251cc5b03746b397	未入库:拍摄原片/相机(本地保留)
./mvs_P8k/images/00000103.jpg	785686	9391bb2f6d5a667c4f39b56037ab3a1e633b2834cec68ed5cef3e220c9abecea	未入库:拍摄原片/相机(本地保留)
./mvs_P8k/images/00000104.jpg	900213	9d389f12575132260e704255fd5f11448b33f4b366cc216f2b7cfb75731baa19	未入库:拍摄原片/相机(本地保留)
./mvs_P8k/images/00000105.jpg	1006470	6bcb90acfa68e6f9a08aaa994eacd5cf20010609d1018b3fcc8734390d0db2ff	未入库:拍摄原片/相机(本地保留)
./mvs_P8k/images/00000106.jpg	774867	78342f4f8011242da80a1912114dc334cad72292fe591c9711bf73147b3e7ff3	未入库:拍摄原片/相机(本地保留)
./mvs_P8k/images/00000107.jpg	1201039	405c28e27ff6cc141877b7e32238c9c1d0611a48c182a476aaf557b3870d62e8	未入库:拍摄原片/相机(本地保留)
./mvs_P8k/images/00000108.jpg	1176272	3d5c81e54d9b6ee7e313037a09c881f26920ac077d86c06056f2c4c964d9eee9	未入库:拍摄原片/相机(本地保留)
./mvs_P8k/images/00000109.jpg	1159649	d97d8b074c446c0f01cfb2884420b01b31c77764d8640b5fd6ba52cf88ec9cb1	未入库:拍摄原片/相机(本地保留)
./mvs_P8k/images/00000110.jpg	1124067	f87f52c971b4fe02b5a4162b6af788158d591b645c490bcd925a80efac923878	未入库:拍摄原片/相机(本地保留)
./mvs_P8k/images/00000111.jpg	716718	1c4cf5ee3fa8fc34992661b5f3e022dd60ff50372c007e9ce2c950b33d8f012b	未入库:拍摄原片/相机(本地保留)
./mvs_P8k/images/00000112.jpg	906414	a3c84e80f9713fb260ca9deb0d5232a80a163ddd4c14b55a314d002685129ed0	未入库:拍摄原片/相机(本地保留)
./mvs_P8k/images/00000113.jpg	823514	bd078fb87ebe883c552afeebbc0682583f8e35312b3ace8c1a1156eb7d8b3ffd	未入库:拍摄原片/相机(本地保留)
./mvs_P8k/images/00000114.jpg	706411	55568d171c76979f51b1fa94fc878d7eb01615069f5a9bb1778dc5e93ed66909	未入库:拍摄原片/相机(本地保留)
./mvs_P8k/images/00000115.jpg	826633	ffd360fd9228ee4f844c0c51127c17ccfe3765a1803b2f53b4962b3f1860b557	未入库:拍摄原片/相机(本地保留)
./mvs_P8k/images/00000116.jpg	599291	208b0b0619c4e1fb93fd9cfc9a0630eb36f4da16aad2445d3177198db689db70	未入库:拍摄原片/相机(本地保留)
./mvs_P8k/images/00000117.jpg	1181151	d6b552472935af39941cc576b28f3e910af2e6103e63d84b920e6ce77b48e41e	未入库:拍摄原片/相机(本地保留)
./mvs_P8k/images/00000118.jpg	720325	742d0235fdeef7b1ff8cc08889a5dbf53827f7d1277ec492b869522b5551bee6	未入库:拍摄原片/相机(本地保留)
./mvs_P8k/images/00000119.jpg	676740	d46ff05187f046fc4e48d87ef1c9be8882f88d6cf7df5f2f52d7d9dfb0ee2725	未入库:拍摄原片/相机(本地保留)
./mvs_P8k/images/00000120.jpg	659625	866d95e7c743b5d72c8b905cef4bbdfb254980dbc430edf779440c0eb41932d6	未入库:拍摄原片/相机(本地保留)
./mvs_P8k/images/00000121.jpg	1224512	e2cb21647be27bf84d62a886a9cbc5aa4d52f931bfc2dd5d58fd22648ab597d7	未入库:拍摄原片/相机(本地保留)
./mvs_P8k/images/00000122.jpg	719817	208670317762ae99e93c126ffaf286e9d7c0506fa187beda43b2a0258c9edd2f	未入库:拍摄原片/相机(本地保留)
./mvs_P8k/images/00000123.jpg	981306	ecceecb9f4cbfbea8410added5f84efda12504570e7a830c0f6b6c44a1d21d25	未入库:拍摄原片/相机(本地保留)
./mvs_P8k/images/00000124.jpg	1375872	9183f6e066bb3653e1ba656ba5d7c432b6c03dc1c4f2e2ae8fa15874c9711605	未入库:拍摄原片/相机(本地保留)
./mvs_P8k/images/00000125.jpg	831604	3be7b1fe9697ae0e88b214568b08b4c589fd9a9523796cbe6fb0ed691007266b	未入库:拍摄原片/相机(本地保留)
./mvs_P8k/images/00000126.jpg	1313244	3e1504b3458c4220ca129901f2ddb48c81d496a52d5ddf6abda9497234a02878	未入库:拍摄原片/相机(本地保留)
./mvs_P8k/images/00000127.jpg	1153555	b948a7c0000c19a90a3d219fa6e2b3f977833a4165795a6e02b333bf672b7981	未入库:拍摄原片/相机(本地保留)
./mvs_P8k/images/00000128.jpg	1200029	115216eb5c6390f10fd36c7bbf64bce7755ba5e35a03ebdeb6642c5d934b643f	未入库:拍摄原片/相机(本地保留)
./mvs_P8k/images/00000129.jpg	639819	342d16f21e2470b5fb5abd394b1fc4cde3db7eb25e89b5af5c98b3750a811a47	未入库:拍摄原片/相机(本地保留)
./mvs_P8k/images/00000130.jpg	513189	11521353d7e8239ad3ac9a73a34d14286ca84b4a31048c659da3ad1501b58810	未入库:拍摄原片/相机(本地保留)
./mvs_P8k/images/00000131.jpg	463269	b111fb1a2ca148fdf6ef3a00c0c6ad99a1e0026c78e05acdf4597fee5a6f38dd	未入库:拍摄原片/相机(本地保留)
./mvs_P8k/cams/00000000_cam.txt	407	208822ce59f3abc17fda0081f6cf562c138de773ac38043dbedb2e41ad09d804	未入库:拍摄原片/相机(本地保留)
./mvs_P8k/cams/00000001_cam.txt	395	d7f473c89f460dbd608107696db03a17e64ed7be52a32cf36b3e722b2d8be5d9	未入库:拍摄原片/相机(本地保留)
./mvs_P8k/cams/00000002_cam.txt	397	3dd764c5263aec289ae8bdda0915746263261411bd7e5b43d3fa4252243e76b0	未入库:拍摄原片/相机(本地保留)
./mvs_P8k/cams/00000003_cam.txt	394	bad70993732c00cf9185d692ce9ff4241ea482d2823761711a00106250b91eb0	未入库:拍摄原片/相机(本地保留)
./mvs_P8k/cams/00000004_cam.txt	394	103f969ad4a9301974acaa88282531fbef035a31eb01f279028611fe179e1183	未入库:拍摄原片/相机(本地保留)
./mvs_P8k/cams/00000005_cam.txt	389	97feae4bd89678c6eb4d593ffc9a2cf0fa1f7f034606400aec179ec7611d9b7f	未入库:拍摄原片/相机(本地保留)
./mvs_P8k/cams/00000006_cam.txt	395	9a00f42b587d4b76d87988af7cbd9bf24624338c370fc9eedb53409ffb38e8cc	未入库:拍摄原片/相机(本地保留)
./mvs_P8k/cams/00000007_cam.txt	395	8a9e8aa28829c731c430a529ba5378cb2cd4a663a0554b1e4f13b2a55183acfd	未入库:拍摄原片/相机(本地保留)
./mvs_P8k/cams/00000008_cam.txt	392	0452f888f91987f1846b6045c8f57794ed89bac8df122879c4c8d242ecaf1bcd	未入库:拍摄原片/相机(本地保留)
./mvs_P8k/cams/00000009_cam.txt	393	debd3d8002d09375506eda20801ef5649a4bbfd08e27e3bf9e0485717a60f2e0	未入库:拍摄原片/相机(本地保留)
./mvs_P8k/cams/00000010_cam.txt	395	91c8320fda4d9819f09fc103cb28a6098a9a47d8fe2e2e333022050f9bc0d2a8	未入库:拍摄原片/相机(本地保留)
./mvs_P8k/cams/00000011_cam.txt	395	97463b045f8e0f85e4983c74c67cf51712218b6e2d691417c95d3dd471a4ad05	未入库:拍摄原片/相机(本地保留)
./mvs_P8k/cams/00000012_cam.txt	393	2f3e159b279cf230b195a1fcbe74cbb7fd1fceac0f46420b08062496cd0eefd2	未入库:拍摄原片/相机(本地保留)
./mvs_P8k/cams/00000013_cam.txt	390	758b89891bc9ab7cdc7a6371e62088d11f4f0e1fd9a014c47250130de4758bca	未入库:拍摄原片/相机(本地保留)
./mvs_P8k/cams/00000014_cam.txt	397	fd468bdd3cfcd20c0c5c29c8f9f04c70dcc00f999f8654a0ebc1bda3f1b7a8dd	未入库:拍摄原片/相机(本地保留)
./mvs_P8k/cams/00000015_cam.txt	394	efc0f4b491de6f0141c3ae52eb7e61aaf57bb432f179a179c0d51541ddc46606	未入库:拍摄原片/相机(本地保留)
./mvs_P8k/cams/00000016_cam.txt	394	1ebb56888ba3be3e88dd93810995f80e83d6bfe7e4d6e92d4e7c5efdc2ccb519	未入库:拍摄原片/相机(本地保留)
./mvs_P8k/cams/00000017_cam.txt	394	0eea3e174b87839be1d30b1a21593909df300236a948adf330620e71a55ddf12	未入库:拍摄原片/相机(本地保留)
./mvs_P8k/cams/00000018_cam.txt	389	e36e33e88eb2dccc3c0b57da7cb5d5c2e28c11b38996ec57579e153fcf534a66	未入库:拍摄原片/相机(本地保留)
./mvs_P8k/cams/00000019_cam.txt	394	ee22d1c0eb13ee194d57774d3eb16c79baa50758a3ae972511eb02503e22d580	未入库:拍摄原片/相机(本地保留)
./mvs_P8k/cams/00000020_cam.txt	396	79a20db94f66b5bfbf8948deec6d75bca252819b0d1589be5b68f6374fca4d11	未入库:拍摄原片/相机(本地保留)
./mvs_P8k/cams/00000021_cam.txt	394	8b00427b126f4909f6fe345c695d8d21512fb03560d6748703000ceddf51c6cf	未入库:拍摄原片/相机(本地保留)
./mvs_P8k/cams/00000022_cam.txt	392	7e6b208132b481e6e18bd0c800a8d501d0bb2570d528bcffacc2616e1c4fd8ec	未入库:拍摄原片/相机(本地保留)
./mvs_P8k/cams/00000023_cam.txt	391	50674cc5435a22c2a7576cb04d4fbd16b37958fb4355c1338b452a5481801a98	未入库:拍摄原片/相机(本地保留)
./mvs_P8k/cams/00000024_cam.txt	391	4c631061927f05bed244274f45bbee62aea2d7545a31161220b99fe5e553b897	未入库:拍摄原片/相机(本地保留)
./mvs_P8k/cams/00000025_cam.txt	394	4008977ce09216e257cbfe6d78c551e6de19774c951c2fd8a4d86b5d380f6bce	未入库:拍摄原片/相机(本地保留)
./mvs_P8k/cams/00000026_cam.txt	397	d904113d6399b67f9b17957da85f7275879c0af20c8b560e9d0c828e907a4e8d	未入库:拍摄原片/相机(本地保留)
./mvs_P8k/cams/00000027_cam.txt	388	923b76804283e496b3c3aede5aacd4a1068e985a7c6a19fa7b1752452c5429ee	未入库:拍摄原片/相机(本地保留)
./mvs_P8k/cams/00000028_cam.txt	396	085915d09c63bb1f4caca686d15fbe5c79fc08147d07b3293823295e41c37d04	未入库:拍摄原片/相机(本地保留)
./mvs_P8k/cams/00000029_cam.txt	394	aa11924de221d160e28236c572ff855a275b33b474576895f7ba40bfcd72a2f6	未入库:拍摄原片/相机(本地保留)
./mvs_P8k/cams/00000030_cam.txt	394	919a583111dee019d7fabdd38edaa9c7400bee8450948a6b5a219571a807cdad	未入库:拍摄原片/相机(本地保留)
./mvs_P8k/cams/00000031_cam.txt	393	ed8677392f255c6ffc7a47cee43593b47ab4a228973e422516da8c2f600b6005	未入库:拍摄原片/相机(本地保留)
./mvs_P8k/cams/00000032_cam.txt	393	60c1fcfca2d13e3e1e32f08a617653b57669c6094608635e89c5559106ddf3db	未入库:拍摄原片/相机(本地保留)
./mvs_P8k/cams/00000033_cam.txt	393	c15e668e83653b0916e89de5185b3b2c294f97f15d01348f5df3a4aaf6c3f63f	未入库:拍摄原片/相机(本地保留)
./mvs_P8k/cams/00000034_cam.txt	395	b871b17d9a811ee981cc9e4e49d56b261b18e34adeb060c14793453d36ca1802	未入库:拍摄原片/相机(本地保留)
./mvs_P8k/cams/00000035_cam.txt	395	2b749fb9b83819b82b15ca110065cffe156e794cfbc59631ca0504b5b3f55738	未入库:拍摄原片/相机(本地保留)
./mvs_P8k/cams/00000036_cam.txt	399	250b022a4bcae14c81b223e8913656210abc75618b6f895f320d9bbc513622d5	未入库:拍摄原片/相机(本地保留)
./mvs_P8k/cams/00000037_cam.txt	386	b4cdab169cabdabd2d37aa926ec1caf0b1f3b8739fad15932385302496b0767a	未入库:拍摄原片/相机(本地保留)
./mvs_P8k/cams/00000038_cam.txt	391	02ca11f462a981ebfdcd6f04feb973e410be8a5385b8719e281267fc756e20da	未入库:拍摄原片/相机(本地保留)
./mvs_P8k/cams/00000039_cam.txt	397	8710674b5efe87233967d1c8ce8880116cf8088eb7f904e4732894c760134ed8	未入库:拍摄原片/相机(本地保留)
./mvs_P8k/cams/00000040_cam.txt	397	e877b4e4d21f2e3181866e95e12ffde79aec4e921c42611be97ae195a86c9441	未入库:拍摄原片/相机(本地保留)
./mvs_P8k/cams/00000041_cam.txt	396	507b1578c7e709e6e50504d5d1aa77458f5a3ff6115fc386408f24e563cae6cf	未入库:拍摄原片/相机(本地保留)
./mvs_P8k/cams/00000042_cam.txt	392	f31eac58548fcc6fbc3c65d11ef9d1546ea28e5fc39498f8952847c5f20f8631	未入库:拍摄原片/相机(本地保留)
./mvs_P8k/cams/00000043_cam.txt	397	62ddff6f990e9df27eb75e4888f7239d98191f019d4ea44194086c46385ddc27	未入库:拍摄原片/相机(本地保留)
./mvs_P8k/cams/00000044_cam.txt	396	bbdeb3b39279ce5ef21b1da42403d8435ffa31013e06d4d000a0f09436ae8bca	未入库:拍摄原片/相机(本地保留)
./mvs_P8k/cams/00000045_cam.txt	396	e74049ed3586f7b6724f009bc02b8c766c7595ba4a09452f3f68897ccd9aaa1b	未入库:拍摄原片/相机(本地保留)
./mvs_P8k/cams/00000046_cam.txt	403	08bf5bbc146a2a1597af142571c3a3175e3cb4bf8526dfc0d15aa20337490c21	未入库:拍摄原片/相机(本地保留)
./mvs_P8k/cams/00000047_cam.txt	391	05d2ba3ef61cd616bbdb872193926aae559c458ed8cf5afb483f06f5a5d2bf1a	未入库:拍摄原片/相机(本地保留)
./mvs_P8k/cams/00000048_cam.txt	394	65824c2e7da129bf61bd940b045c16deb48a13d5db49bf6cbc2a1eb485d9bd5f	未入库:拍摄原片/相机(本地保留)
./mvs_P8k/cams/00000049_cam.txt	393	e565df517ce23b74f2fd9035934b18b812600058bb694e7268704eeeae97974f	未入库:拍摄原片/相机(本地保留)
./mvs_P8k/cams/00000050_cam.txt	388	d118f799f38fb33935e7ac47769f3de7c044bf8b0187e70b57838b236551e6fd	未入库:拍摄原片/相机(本地保留)
./mvs_P8k/cams/00000051_cam.txt	392	00e0ae2cafa5a2089c1032455fb7d44076cafd9ff94754bf4f943534fefe7f87	未入库:拍摄原片/相机(本地保留)
./mvs_P8k/cams/00000052_cam.txt	392	28bcd22222f3225b64bd4d947ef46a5d38cbde8acba609d389f6919f486e9f76	未入库:拍摄原片/相机(本地保留)
./mvs_P8k/cams/00000053_cam.txt	388	f0bd07b1f645178e487192040fe641d9b84939b4f46120f458e6620fb6ae8974	未入库:拍摄原片/相机(本地保留)
./mvs_P8k/cams/00000054_cam.txt	398	9dd040277f52b89f3a770fba7806d928608e3faebbdb67fdf54f90a23702a8f8	未入库:拍摄原片/相机(本地保留)
./mvs_P8k/cams/00000055_cam.txt	391	f61b0898ff4499728956ab585621f2aed4e6270f5a7f26b46b0c1adeab07e4af	未入库:拍摄原片/相机(本地保留)
./mvs_P8k/cams/00000056_cam.txt	394	10dcfa07ef801bc28c5218a830e68e4e1fe57037165f1e2c384eb2d39340a5bd	未入库:拍摄原片/相机(本地保留)
./mvs_P8k/cams/00000057_cam.txt	394	04e3b18a2b2e6dc0153257330c901948bc55bbdf50ebb8a66b1df1d830cd6ea0	未入库:拍摄原片/相机(本地保留)
./mvs_P8k/cams/00000058_cam.txt	381	dfbf268734e5188ecdcfe4e51385b11eb7fff33db2a38c08c4cfc7da35043539	未入库:拍摄原片/相机(本地保留)
./mvs_P8k/cams/00000059_cam.txt	387	8d34a7268a1ad94dc40f561f8dafbd691a7ea65fadffc75a4bb32eae8d57e86e	未入库:拍摄原片/相机(本地保留)
./mvs_P8k/cams/00000060_cam.txt	386	faba4afdc6d492597a7477d0c9c2392d054bd4af5f31cc7d6f9807c25a9f5ca1	未入库:拍摄原片/相机(本地保留)
./mvs_P8k/cams/00000061_cam.txt	400	c56e1138ec6a42e7d305dbf84881c8e7e5b90886cfb6dbc51eacc12d834bbd72	未入库:拍摄原片/相机(本地保留)
./mvs_P8k/cams/00000062_cam.txt	384	a72bc378bb500798c7f3d0094f1d694bcf3827e398f59f58653843d6865c3ca2	未入库:拍摄原片/相机(本地保留)
./mvs_P8k/cams/00000063_cam.txt	389	b35afbc2eff7374fa050837bd443b2efefa75707c773846562f1d81cb1c71450	未入库:拍摄原片/相机(本地保留)
./mvs_P8k/cams/00000064_cam.txt	394	7fecb5f37e9418a8999bc047dabee90d5ef12ffeb6ee4bc7d5b5b6653ca45287	未入库:拍摄原片/相机(本地保留)
./mvs_P8k/cams/00000065_cam.txt	391	314c13aaa644cae4c609e6e6708c23847fd42c4e461ef4532dc248dfe8c85dc9	未入库:拍摄原片/相机(本地保留)
./mvs_P8k/cams/00000066_cam.txt	387	761970f29596628adb5e72b4f3d50a00a23fc08d9c637d9615bf283fad5b3da4	未入库:拍摄原片/相机(本地保留)
./mvs_P8k/cams/00000067_cam.txt	397	3658b137de6064a1266a5684edf6500612608ca1b5c02ee1e81249d11bc51b45	未入库:拍摄原片/相机(本地保留)
./mvs_P8k/cams/00000068_cam.txt	395	90efe5a8de05c6010262b63b5299d56e9a12752acf95044a024b628b12afd964	未入库:拍摄原片/相机(本地保留)
./mvs_P8k/cams/00000069_cam.txt	391	2d2640c0a76d30da24a838232ee74a24428fa566f0417a2b2110de54969cde06	未入库:拍摄原片/相机(本地保留)
./mvs_P8k/cams/00000070_cam.txt	384	34dd5817fcf49984e4997f1698263970f375fa6516d2010cd5ec0244567f67d3	未入库:拍摄原片/相机(本地保留)
./mvs_P8k/cams/00000071_cam.txt	394	3077681b37bf6e5b1880ff3737c4743d84599a9907522706542a485b8ba3deff	未入库:拍摄原片/相机(本地保留)
./mvs_P8k/cams/00000072_cam.txt	395	a3675dac22de7e18da937ce0786e5cb5fbec78c18eddf5133724532cebfe2d84	未入库:拍摄原片/相机(本地保留)
./mvs_P8k/cams/00000073_cam.txt	393	bd6c73acd2bece145fb0eae48dc96f36ea51b3cf8c22b6a27456de1d0a905f89	未入库:拍摄原片/相机(本地保留)
./mvs_P8k/cams/00000074_cam.txt	392	5cbafbddacfc74d8bea6f6fc4d2b0fb894d2b3f2151730178ca6219ac9359534	未入库:拍摄原片/相机(本地保留)
./mvs_P8k/cams/00000075_cam.txt	391	7104bd6e54fc9902e71f1988a31fe521aa7ce3a6ea61442baab881aa73f7cab5	未入库:拍摄原片/相机(本地保留)
./mvs_P8k/cams/00000076_cam.txt	390	2d8842c8e777cd4c971f095de20f13f225c5c8b265ea0ff5a3fe5961650ba146	未入库:拍摄原片/相机(本地保留)
./mvs_P8k/cams/00000077_cam.txt	397	d821845ffe263345eb2083c8fb3419698cadf8ac08a41a1c516b4f9917a50d20	未入库:拍摄原片/相机(本地保留)
./mvs_P8k/cams/00000078_cam.txt	390	a14750759c3ee9998c714a2f752a113a3e8868e0a80340a1189051b0799c3be8	未入库:拍摄原片/相机(本地保留)
./mvs_P8k/cams/00000079_cam.txt	387	4aa38a1c273d1950529eba0608e9ce536fcd87db1b0b04281a9890ef73cc6837	未入库:拍摄原片/相机(本地保留)
./mvs_P8k/cams/00000080_cam.txt	387	5e7e8956270ff474ca6de207d6fbe6c749bcd7f10b03af9f1a14f4679345e08e	未入库:拍摄原片/相机(本地保留)
./mvs_P8k/cams/00000081_cam.txt	388	870774c2e0c08149840af612460a8c6ccefd184e85f1a7beaff2e296d10c3159	未入库:拍摄原片/相机(本地保留)
./mvs_P8k/cams/00000082_cam.txt	393	dc66144a96d38e830edd6c736f418c058023cf2e38858114445593b4bc95c25d	未入库:拍摄原片/相机(本地保留)
./mvs_P8k/cams/00000083_cam.txt	385	e70c63afafc066e5d4dc21acfe17ee8f1c847472e04ad99ee580fbca9f53a5fc	未入库:拍摄原片/相机(本地保留)
./mvs_P8k/cams/00000084_cam.txt	388	ff884a153ae4fea41021567dbbcff14241cf5ed0a2610b89f83066492a252d64	未入库:拍摄原片/相机(本地保留)
./mvs_P8k/cams/00000085_cam.txt	385	7ad9b483545dc9f1b2389865a3f6360cfdf909edd661a4e3bade2a90dccba1d4	未入库:拍摄原片/相机(本地保留)
./mvs_P8k/cams/00000086_cam.txt	387	9a961bcf2a8f338fbde8e2b5825a7ae34ac134308a92248b332e1361ea97617a	未入库:拍摄原片/相机(本地保留)
./mvs_P8k/cams/00000087_cam.txt	384	17c5f6b3ee416b482b31df736cab5098458b9fa9c99e5e2b57b62a73a5a5dffa	未入库:拍摄原片/相机(本地保留)
./mvs_P8k/cams/00000088_cam.txt	391	0523e8afb951b9b466ea337cb8b1f921c6d12ce811a6c9b738df685ec882312d	未入库:拍摄原片/相机(本地保留)
./mvs_P8k/cams/00000089_cam.txt	389	0b80724b9897b3d79078b2debd3a71ec68de1782f58869b6251cdd09579e81aa	未入库:拍摄原片/相机(本地保留)
./mvs_P8k/cams/00000090_cam.txt	390	1360139ac751e29f1ba6debdac39a036704a851c9af622a22958b8fbf8d7f492	未入库:拍摄原片/相机(本地保留)
./mvs_P8k/cams/00000091_cam.txt	387	3aa02e280d11d575ee10a7ecaba885f416d894155ce20df64d2ec987a00fcb83	未入库:拍摄原片/相机(本地保留)
./mvs_P8k/cams/00000092_cam.txt	388	65b7477144b7b16961d09f9dc31b0560d9ba4522b0359dad3f1ab400334194b7	未入库:拍摄原片/相机(本地保留)
./mvs_P8k/cams/00000093_cam.txt	390	903e4e04fe8771b8f718e7d3ad98eba6beab01a91b97530a548de1c76bc1a0b1	未入库:拍摄原片/相机(本地保留)
./mvs_P8k/cams/00000094_cam.txt	389	0de7e1000cbdeff21326db91b7929c8d78af480a0e9df9efbda20e5fb7a58f81	未入库:拍摄原片/相机(本地保留)
./mvs_P8k/cams/00000095_cam.txt	391	7564adea208db7641eb0c06a93cace1a42d299420472731fdcd60612d09ddc12	未入库:拍摄原片/相机(本地保留)
./mvs_P8k/cams/00000096_cam.txt	388	657b80d1dce41be5fbd882db27bb5fa91a35f1d33060930bbaa613f27d272465	未入库:拍摄原片/相机(本地保留)
./mvs_P8k/cams/00000097_cam.txt	385	1467a22cbcb705bf5d5bd27e65e23e9019860735ecea5b63f2bc4ba2abcf6a1b	未入库:拍摄原片/相机(本地保留)
./mvs_P8k/cams/00000098_cam.txt	390	76e127db401d9fa44b3a3cae1b1edf670fdbae5366bd7036aae65c1ab8c1ddb8	未入库:拍摄原片/相机(本地保留)
./mvs_P8k/cams/00000099_cam.txt	385	86df1489a3c79bda7f63c064627144b58a39398dc6d6b3af720baacbb10df4e7	未入库:拍摄原片/相机(本地保留)
./mvs_P8k/cams/00000100_cam.txt	392	23a478ef43380f1a6f3afcce871ed270677f0eb083279af2e61b432fec285d1e	未入库:拍摄原片/相机(本地保留)
./mvs_P8k/cams/00000101_cam.txt	383	5eae7697f632fa22c314e05f1ab6eb3b32846d9fdd095e376483764269aac4ea	未入库:拍摄原片/相机(本地保留)
./mvs_P8k/cams/00000102_cam.txt	383	93c9d966a3fc3c3ea1c4e33c613703890d7ec722cab88aa8dac49d291fd09eb2	未入库:拍摄原片/相机(本地保留)
./mvs_P8k/cams/00000103_cam.txt	391	4f3def0c2cb20cee2930d2eb7b2685be47ebe0ca1ce084e0e50bc0546bd9c7e3	未入库:拍摄原片/相机(本地保留)
./mvs_P8k/cams/00000104_cam.txt	390	6d22d33f3c60f4a56e7366ab113268339173c46945626419ccba34f23f3d5380	未入库:拍摄原片/相机(本地保留)
./mvs_P8k/cams/00000105_cam.txt	384	05a70274606ebe1f42a2fa308e021999357c442d332610bdb4644ecb3ebe2db8	未入库:拍摄原片/相机(本地保留)
./mvs_P8k/cams/00000106_cam.txt	388	734bb31cc8024d97ae1979f9dc8f2239c51208ab280ea52d680f23b4b002945e	未入库:拍摄原片/相机(本地保留)
./mvs_P8k/cams/00000107_cam.txt	392	8d9ba46bd241bc4462edeac18b0fe689146df3c8e081abb5eaf44c53f6514381	未入库:拍摄原片/相机(本地保留)
./mvs_P8k/cams/00000108_cam.txt	391	6b57144d8b0cd2c55700565c1ec4563de1db05a082c1ef0bc7265ca1019eafd6	未入库:拍摄原片/相机(本地保留)
./mvs_P8k/cams/00000109_cam.txt	394	1168c8557b100b8276711f139ad0bc3be18fbf42391a9c745da395715f80ac10	未入库:拍摄原片/相机(本地保留)
./mvs_P8k/cams/00000110_cam.txt	398	edc16d89811b705d577cfa9ab95bd3964666baf91f1538d53708a8715fdccb97	未入库:拍摄原片/相机(本地保留)
./mvs_P8k/cams/00000111_cam.txt	393	33ed3ade738f60c045e99aab76658c53228315dfbc236dae34ae625488e3b103	未入库:拍摄原片/相机(本地保留)
./mvs_P8k/cams/00000112_cam.txt	392	8de30bcf2bf9c525333e3f2d8c207134bb98805c3ce79a99cb46ed6b68006906	未入库:拍摄原片/相机(本地保留)
./mvs_P8k/cams/00000113_cam.txt	389	9bab4173df1747a17209f6f6b3662b3e8025868811a0ea4b3b895c72c177efef	未入库:拍摄原片/相机(本地保留)
./mvs_P8k/cams/00000114_cam.txt	391	d6c7c9d3605f06dd7b287daaf8fffcee3a13756c81f34f84180090a76b85b7ce	未入库:拍摄原片/相机(本地保留)
./mvs_P8k/cams/00000115_cam.txt	401	df0088e882f3096817426fd872e2a4e350f5523e7c5ed7b705f2a7778fe1884c	未入库:拍摄原片/相机(本地保留)
./mvs_P8k/cams/00000116_cam.txt	393	4ef48e0780c701c495b7f6ce4f432a36ecbb9962e3aeb9470a59528526730821	未入库:拍摄原片/相机(本地保留)
./mvs_P8k/cams/00000117_cam.txt	391	c345e54447922b9d14ac19f671066b7d41792a923dfd5595be59b298861e7595	未入库:拍摄原片/相机(本地保留)
./mvs_P8k/cams/00000118_cam.txt	393	35b6076ddd862a562e6ca70f53749899c39299df4659c8d04d2456056df95b43	未入库:拍摄原片/相机(本地保留)
./mvs_P8k/cams/00000119_cam.txt	392	40a50a978c29e7ba13b6fec9b28d4c64a42ea0f45df876ae62788b2854816f2d	未入库:拍摄原片/相机(本地保留)
./mvs_P8k/cams/00000120_cam.txt	392	bb0a7048341b3d5a300a1c40c79605a5af3b6b7d62e98aec093572173e791f0f	未入库:拍摄原片/相机(本地保留)
./mvs_P8k/cams/00000121_cam.txt	394	f2c20774c9c1c7c531448a376ecab32040ce790ae991731ec50bae93be4dfd22	未入库:拍摄原片/相机(本地保留)
./mvs_P8k/cams/00000122_cam.txt	388	6da7e6676747319274d48badc79652a0004797e93ca62e94832593ed9e441e80	未入库:拍摄原片/相机(本地保留)
./mvs_P8k/cams/00000123_cam.txt	395	830eb8d435993f8eac9a5137556a54b5f8a82ff809ff6d819da224e9826c14cb	未入库:拍摄原片/相机(本地保留)
./mvs_P8k/cams/00000124_cam.txt	394	f89b28f994556baa9158bc4e55e35c9843e7320d24d4a77a8839724a3a647e47	未入库:拍摄原片/相机(本地保留)
./mvs_P8k/cams/00000125_cam.txt	388	162a85a7d07b5b8630db749332a382fa915822cb264b4fb0feb1317d8c393d2c	未入库:拍摄原片/相机(本地保留)
./mvs_P8k/cams/00000126_cam.txt	394	dd2a7f04fcbe06970bf30f350b05e9a2a18c71afeb881075ce46feab1443d5b7	未入库:拍摄原片/相机(本地保留)
./mvs_P8k/cams/00000127_cam.txt	388	1763af415a25008cc1be86065075c5004d22987ff06eba060e1c0c4a66c2d923	未入库:拍摄原片/相机(本地保留)
./mvs_P8k/cams/00000128_cam.txt	392	c02d26b2b6ded2a063be4b23299d8e2431754f998186a953bdc29cbf6f6dabdc	未入库:拍摄原片/相机(本地保留)
./mvs_P8k/cams/00000129_cam.txt	396	50ebd9ee2e7c7f8601e1d179a882af77993b4011b87399e4178bd66f67ea0875	未入库:拍摄原片/相机(本地保留)
./mvs_P8k/cams/00000130_cam.txt	399	3bd4727d698294fe7798110beb38b034b55956d6c664079053709f63d2b9bf5a	未入库:拍摄原片/相机(本地保留)
./mvs_P8k/cams/00000131_cam.txt	393	ae54b123840deb7a966b3e317de4f1b3f63e1e26d41f55201c7bb4e34d32d972	未入库:拍摄原片/相机(本地保留)
./b28_named/frame_000000.jpg	软链	~/Documents/progecttwo/_host_experiments/pose_ablation_20260818/frames/frame_000001.jpg	软链(无数据)
./b28_named/frame_000001.jpg	软链	~/Documents/progecttwo/_host_experiments/pose_ablation_20260818/frames/frame_000002.jpg	软链(无数据)
./b28_named/frame_000002.jpg	软链	~/Documents/progecttwo/_host_experiments/pose_ablation_20260818/frames/frame_000003.jpg	软链(无数据)
./b28_named/frame_000003.jpg	软链	~/Documents/progecttwo/_host_experiments/pose_ablation_20260818/frames/frame_000004.jpg	软链(无数据)
./b28_named/frame_000004.jpg	软链	~/Documents/progecttwo/_host_experiments/pose_ablation_20260818/frames/frame_000005.jpg	软链(无数据)
./b28_named/frame_000005.jpg	软链	~/Documents/progecttwo/_host_experiments/pose_ablation_20260818/frames/frame_000006.jpg	软链(无数据)
./b28_named/frame_000006.jpg	软链	~/Documents/progecttwo/_host_experiments/pose_ablation_20260818/frames/frame_000007.jpg	软链(无数据)
./b28_named/frame_000007.jpg	软链	~/Documents/progecttwo/_host_experiments/pose_ablation_20260818/frames/frame_000008.jpg	软链(无数据)
./b28_named/frame_000008.jpg	软链	~/Documents/progecttwo/_host_experiments/pose_ablation_20260818/frames/frame_000009.jpg	软链(无数据)
./b28_named/frame_000009.jpg	软链	~/Documents/progecttwo/_host_experiments/pose_ablation_20260818/frames/frame_000010.jpg	软链(无数据)
./b28_named/frame_000010.jpg	软链	~/Documents/progecttwo/_host_experiments/pose_ablation_20260818/frames/frame_000011.jpg	软链(无数据)
./b28_named/frame_000011.jpg	软链	~/Documents/progecttwo/_host_experiments/pose_ablation_20260818/frames/frame_000012.jpg	软链(无数据)
./b28_named/frame_000012.jpg	软链	~/Documents/progecttwo/_host_experiments/pose_ablation_20260818/frames/frame_000013.jpg	软链(无数据)
./b28_named/frame_000013.jpg	软链	~/Documents/progecttwo/_host_experiments/pose_ablation_20260818/frames/frame_000014.jpg	软链(无数据)
./b28_named/frame_000014.jpg	软链	~/Documents/progecttwo/_host_experiments/pose_ablation_20260818/frames/frame_000015.jpg	软链(无数据)
./b28_named/frame_000015.jpg	软链	~/Documents/progecttwo/_host_experiments/pose_ablation_20260818/frames/frame_000016.jpg	软链(无数据)
./b28_named/frame_000016.jpg	软链	~/Documents/progecttwo/_host_experiments/pose_ablation_20260818/frames/frame_000017.jpg	软链(无数据)
./b28_named/frame_000017.jpg	软链	~/Documents/progecttwo/_host_experiments/pose_ablation_20260818/frames/frame_000018.jpg	软链(无数据)
./b28_named/frame_000018.jpg	软链	~/Documents/progecttwo/_host_experiments/pose_ablation_20260818/frames/frame_000019.jpg	软链(无数据)
./b28_named/frame_000019.jpg	软链	~/Documents/progecttwo/_host_experiments/pose_ablation_20260818/frames/frame_000020.jpg	软链(无数据)
./b28_named/frame_000020.jpg	软链	~/Documents/progecttwo/_host_experiments/pose_ablation_20260818/frames/frame_000021.jpg	软链(无数据)
./b28_named/frame_000021.jpg	软链	~/Documents/progecttwo/_host_experiments/pose_ablation_20260818/frames/frame_000022.jpg	软链(无数据)
./b28_named/frame_000022.jpg	软链	~/Documents/progecttwo/_host_experiments/pose_ablation_20260818/frames/frame_000023.jpg	软链(无数据)
./b28_named/frame_000023.jpg	软链	~/Documents/progecttwo/_host_experiments/pose_ablation_20260818/frames/frame_000024.jpg	软链(无数据)
./b28_named/frame_000024.jpg	软链	~/Documents/progecttwo/_host_experiments/pose_ablation_20260818/frames/frame_000025.jpg	软链(无数据)
./b28_named/frame_000025.jpg	软链	~/Documents/progecttwo/_host_experiments/pose_ablation_20260818/frames/frame_000026.jpg	软链(无数据)
./b28_named/frame_000026.jpg	软链	~/Documents/progecttwo/_host_experiments/pose_ablation_20260818/frames/frame_000027.jpg	软链(无数据)
./b28_named/frame_000027.jpg	软链	~/Documents/progecttwo/_host_experiments/pose_ablation_20260818/frames/frame_000028.jpg	软链(无数据)
./b28_named/frame_000028.jpg	软链	~/Documents/progecttwo/_host_experiments/pose_ablation_20260818/frames/frame_000029.jpg	软链(无数据)
./b28_named/frame_000029.jpg	软链	~/Documents/progecttwo/_host_experiments/pose_ablation_20260818/frames/frame_000030.jpg	软链(无数据)
./b28_named/frame_000030.jpg	软链	~/Documents/progecttwo/_host_experiments/pose_ablation_20260818/frames/frame_000031.jpg	软链(无数据)
./b28_named/frame_000031.jpg	软链	~/Documents/progecttwo/_host_experiments/pose_ablation_20260818/frames/frame_000032.jpg	软链(无数据)
./b28_named/frame_000032.jpg	软链	~/Documents/progecttwo/_host_experiments/pose_ablation_20260818/frames/frame_000033.jpg	软链(无数据)
./b28_named/frame_000033.jpg	软链	~/Documents/progecttwo/_host_experiments/pose_ablation_20260818/frames/frame_000034.jpg	软链(无数据)
./b28_named/frame_000034.jpg	软链	~/Documents/progecttwo/_host_experiments/pose_ablation_20260818/frames/frame_000035.jpg	软链(无数据)
./b28_named/frame_000035.jpg	软链	~/Documents/progecttwo/_host_experiments/pose_ablation_20260818/frames/frame_000036.jpg	软链(无数据)
./b28_named/frame_000036.jpg	软链	~/Documents/progecttwo/_host_experiments/pose_ablation_20260818/frames/frame_000037.jpg	软链(无数据)
./b28_named/frame_000037.jpg	软链	~/Documents/progecttwo/_host_experiments/pose_ablation_20260818/frames/frame_000038.jpg	软链(无数据)
./b28_named/frame_000038.jpg	软链	~/Documents/progecttwo/_host_experiments/pose_ablation_20260818/frames/frame_000039.jpg	软链(无数据)
./b28_named/frame_000039.jpg	软链	~/Documents/progecttwo/_host_experiments/pose_ablation_20260818/frames/frame_000040.jpg	软链(无数据)
./b28_named/frame_000040.jpg	软链	~/Documents/progecttwo/_host_experiments/pose_ablation_20260818/frames/frame_000041.jpg	软链(无数据)
./b28_named/frame_000041.jpg	软链	~/Documents/progecttwo/_host_experiments/pose_ablation_20260818/frames/frame_000042.jpg	软链(无数据)
./b28_named/frame_000042.jpg	软链	~/Documents/progecttwo/_host_experiments/pose_ablation_20260818/frames/frame_000043.jpg	软链(无数据)
./b28_named/frame_000043.jpg	软链	~/Documents/progecttwo/_host_experiments/pose_ablation_20260818/frames/frame_000044.jpg	软链(无数据)
./b28_named/frame_000044.jpg	软链	~/Documents/progecttwo/_host_experiments/pose_ablation_20260818/frames/frame_000045.jpg	软链(无数据)
./b28_named/frame_000045.jpg	软链	~/Documents/progecttwo/_host_experiments/pose_ablation_20260818/frames/frame_000046.jpg	软链(无数据)
./b28_named/frame_000046.jpg	软链	~/Documents/progecttwo/_host_experiments/pose_ablation_20260818/frames/frame_000047.jpg	软链(无数据)
./b28_named/frame_000047.jpg	软链	~/Documents/progecttwo/_host_experiments/pose_ablation_20260818/frames/frame_000048.jpg	软链(无数据)
./b28_named/frame_000048.jpg	软链	~/Documents/progecttwo/_host_experiments/pose_ablation_20260818/frames/frame_000049.jpg	软链(无数据)
./b28_named/frame_000049.jpg	软链	~/Documents/progecttwo/_host_experiments/pose_ablation_20260818/frames/frame_000050.jpg	软链(无数据)
./b28_named/frame_000050.jpg	软链	~/Documents/progecttwo/_host_experiments/pose_ablation_20260818/frames/frame_000051.jpg	软链(无数据)
./b28_named/frame_000051.jpg	软链	~/Documents/progecttwo/_host_experiments/pose_ablation_20260818/frames/frame_000052.jpg	软链(无数据)
./b28_named/frame_000052.jpg	软链	~/Documents/progecttwo/_host_experiments/pose_ablation_20260818/frames/frame_000053.jpg	软链(无数据)
./b28_named/frame_000053.jpg	软链	~/Documents/progecttwo/_host_experiments/pose_ablation_20260818/frames/frame_000054.jpg	软链(无数据)
./b28_named/frame_000054.jpg	软链	~/Documents/progecttwo/_host_experiments/pose_ablation_20260818/frames/frame_000055.jpg	软链(无数据)
./b28_named/frame_000055.jpg	软链	~/Documents/progecttwo/_host_experiments/pose_ablation_20260818/frames/frame_000056.jpg	软链(无数据)
./b28_named/frame_000056.jpg	软链	~/Documents/progecttwo/_host_experiments/pose_ablation_20260818/frames/frame_000057.jpg	软链(无数据)
./b28_named/frame_000057.jpg	软链	~/Documents/progecttwo/_host_experiments/pose_ablation_20260818/frames/frame_000058.jpg	软链(无数据)
./b28_named/frame_000058.jpg	软链	~/Documents/progecttwo/_host_experiments/pose_ablation_20260818/frames/frame_000059.jpg	软链(无数据)
./b28_named/frame_000059.jpg	软链	~/Documents/progecttwo/_host_experiments/pose_ablation_20260818/frames/frame_000060.jpg	软链(无数据)
./b28_named/frame_000060.jpg	软链	~/Documents/progecttwo/_host_experiments/pose_ablation_20260818/frames/frame_000061.jpg	软链(无数据)
./b28_named/frame_000061.jpg	软链	~/Documents/progecttwo/_host_experiments/pose_ablation_20260818/frames/frame_000062.jpg	软链(无数据)
./b28_named/frame_000062.jpg	软链	~/Documents/progecttwo/_host_experiments/pose_ablation_20260818/frames/frame_000063.jpg	软链(无数据)
./b28_named/frame_000063.jpg	软链	~/Documents/progecttwo/_host_experiments/pose_ablation_20260818/frames/frame_000064.jpg	软链(无数据)
./b28_named/frame_000064.jpg	软链	~/Documents/progecttwo/_host_experiments/pose_ablation_20260818/frames/frame_000065.jpg	软链(无数据)
./b28_named/frame_000065.jpg	软链	~/Documents/progecttwo/_host_experiments/pose_ablation_20260818/frames/frame_000066.jpg	软链(无数据)
./b28_named/frame_000066.jpg	软链	~/Documents/progecttwo/_host_experiments/pose_ablation_20260818/frames/frame_000067.jpg	软链(无数据)
./b28_named/frame_000067.jpg	软链	~/Documents/progecttwo/_host_experiments/pose_ablation_20260818/frames/frame_000068.jpg	软链(无数据)
./b28_named/frame_000068.jpg	软链	~/Documents/progecttwo/_host_experiments/pose_ablation_20260818/frames/frame_000069.jpg	软链(无数据)
./b28_named/frame_000069.jpg	软链	~/Documents/progecttwo/_host_experiments/pose_ablation_20260818/frames/frame_000070.jpg	软链(无数据)
./b28_named/frame_000070.jpg	软链	~/Documents/progecttwo/_host_experiments/pose_ablation_20260818/frames/frame_000071.jpg	软链(无数据)
./b28_named/frame_000071.jpg	软链	~/Documents/progecttwo/_host_experiments/pose_ablation_20260818/frames/frame_000072.jpg	软链(无数据)
./b28_named/frame_000072.jpg	软链	~/Documents/progecttwo/_host_experiments/pose_ablation_20260818/frames/frame_000073.jpg	软链(无数据)
./b28_named/frame_000073.jpg	软链	~/Documents/progecttwo/_host_experiments/pose_ablation_20260818/frames/frame_000074.jpg	软链(无数据)
./b28_named/frame_000074.jpg	软链	~/Documents/progecttwo/_host_experiments/pose_ablation_20260818/frames/frame_000075.jpg	软链(无数据)
./b28_named/frame_000075.jpg	软链	~/Documents/progecttwo/_host_experiments/pose_ablation_20260818/frames/frame_000076.jpg	软链(无数据)
./b28_named/frame_000076.jpg	软链	~/Documents/progecttwo/_host_experiments/pose_ablation_20260818/frames/frame_000077.jpg	软链(无数据)
./b28_named/frame_000077.jpg	软链	~/Documents/progecttwo/_host_experiments/pose_ablation_20260818/frames/frame_000078.jpg	软链(无数据)
./b28_named/frame_000078.jpg	软链	~/Documents/progecttwo/_host_experiments/pose_ablation_20260818/frames/frame_000083.jpg	软链(无数据)
./b28_named/frame_000079.jpg	软链	~/Documents/progecttwo/_host_experiments/pose_ablation_20260818/frames/frame_000082.jpg	软链(无数据)
./b28_named/frame_000080.jpg	软链	~/Documents/progecttwo/_host_experiments/pose_ablation_20260818/frames/frame_000084.jpg	软链(无数据)
./b28_named/frame_000081.jpg	软链	~/Documents/progecttwo/_host_experiments/pose_ablation_20260818/frames/frame_000085.jpg	软链(无数据)
./b28_named/frame_000082.jpg	软链	~/Documents/progecttwo/_host_experiments/pose_ablation_20260818/frames/frame_000086.jpg	软链(无数据)
./b28_named/frame_000083.jpg	软链	~/Documents/progecttwo/_host_experiments/pose_ablation_20260818/frames/frame_000087.jpg	软链(无数据)
./b28_named/frame_000084.jpg	软链	~/Documents/progecttwo/_host_experiments/pose_ablation_20260818/frames/frame_000088.jpg	软链(无数据)
./b28_named/frame_000085.jpg	软链	~/Documents/progecttwo/_host_experiments/pose_ablation_20260818/frames/frame_000089.jpg	软链(无数据)
./b28_named/frame_000086.jpg	软链	~/Documents/progecttwo/_host_experiments/pose_ablation_20260818/frames/frame_000090.jpg	软链(无数据)
./b28_named/frame_000087.jpg	软链	~/Documents/progecttwo/_host_experiments/pose_ablation_20260818/frames/frame_000091.jpg	软链(无数据)
./b28_named/frame_000088.jpg	软链	~/Documents/progecttwo/_host_experiments/pose_ablation_20260818/frames/frame_000081.jpg	软链(无数据)
./b28_named/frame_000089.jpg	软链	~/Documents/progecttwo/_host_experiments/pose_ablation_20260818/frames/frame_000080.jpg	软链(无数据)
./b28_named/frame_000090.jpg	软链	~/Documents/progecttwo/_host_experiments/pose_ablation_20260818/frames/frame_000092.jpg	软链(无数据)
./b28_named/frame_000091.jpg	软链	~/Documents/progecttwo/_host_experiments/pose_ablation_20260818/frames/frame_000093.jpg	软链(无数据)
./b28_named/frame_000092.jpg	软链	~/Documents/progecttwo/_host_experiments/pose_ablation_20260818/frames/frame_000094.jpg	软链(无数据)
./b28_named/frame_000093.jpg	软链	~/Documents/progecttwo/_host_experiments/pose_ablation_20260818/frames/frame_000079.jpg	软链(无数据)
./b28_named/frame_000094.jpg	软链	~/Documents/progecttwo/_host_experiments/pose_ablation_20260818/frames/frame_000096.jpg	软链(无数据)
./b28_named/frame_000095.jpg	软链	~/Documents/progecttwo/_host_experiments/pose_ablation_20260818/frames/frame_000097.jpg	软链(无数据)
./b28_named/frame_000096.jpg	软链	~/Documents/progecttwo/_host_experiments/pose_ablation_20260818/frames/frame_000095.jpg	软链(无数据)
./b28_named/frame_000097.jpg	软链	~/Documents/progecttwo/_host_experiments/pose_ablation_20260818/frames/frame_000099.jpg	软链(无数据)
./b28_named/frame_000098.jpg	软链	~/Documents/progecttwo/_host_experiments/pose_ablation_20260818/frames/frame_000100.jpg	软链(无数据)
./b28_named/frame_000099.jpg	软链	~/Documents/progecttwo/_host_experiments/pose_ablation_20260818/frames/frame_000102.jpg	软链(无数据)
./b28_named/frame_000100.jpg	软链	~/Documents/progecttwo/_host_experiments/pose_ablation_20260818/frames/frame_000104.jpg	软链(无数据)
./b28_named/frame_000101.jpg	软链	~/Documents/progecttwo/_host_experiments/pose_ablation_20260818/frames/frame_000106.jpg	软链(无数据)
./b28_named/frame_000102.jpg	软链	~/Documents/progecttwo/_host_experiments/pose_ablation_20260818/frames/frame_000107.jpg	软链(无数据)
./b28_named/frame_000103.jpg	软链	~/Documents/progecttwo/_host_experiments/pose_ablation_20260818/frames/frame_000109.jpg	软链(无数据)
./b28_named/frame_000104.jpg	软链	~/Documents/progecttwo/_host_experiments/pose_ablation_20260818/frames/frame_000112.jpg	软链(无数据)
./b28_named/frame_000105.jpg	软链	~/Documents/progecttwo/_host_experiments/pose_ablation_20260818/frames/frame_000114.jpg	软链(无数据)
./b28_named/frame_000106.jpg	软链	~/Documents/progecttwo/_host_experiments/pose_ablation_20260818/frames/frame_000115.jpg	软链(无数据)
./b28_named/frame_000107.jpg	软链	~/Documents/progecttwo/_host_experiments/pose_ablation_20260818/frames/frame_000118.jpg	软链(无数据)
./b28_named/frame_000108.jpg	软链	~/Documents/progecttwo/_host_experiments/pose_ablation_20260818/frames/frame_000125.jpg	软链(无数据)
./b28_named/frame_000109.jpg	软链	~/Documents/progecttwo/_host_experiments/pose_ablation_20260818/frames/frame_000126.jpg	软链(无数据)
./b28_named/frame_000110.jpg	软链	~/Documents/progecttwo/_host_experiments/pose_ablation_20260818/frames/frame_000127.jpg	软链(无数据)
./b28_named/frame_000111.jpg	软链	~/Documents/progecttwo/_host_experiments/pose_ablation_20260818/frames/frame_000128.jpg	软链(无数据)
./b28_named/frame_000112.jpg	软链	~/Documents/progecttwo/_host_experiments/pose_ablation_20260818/frames/frame_000129.jpg	软链(无数据)
./b28_named/frame_000113.jpg	软链	~/Documents/progecttwo/_host_experiments/pose_ablation_20260818/frames/frame_000131.jpg	软链(无数据)
./b28_named/frame_000114.jpg	软链	~/Documents/progecttwo/_host_experiments/pose_ablation_20260818/frames/frame_000130.jpg	软链(无数据)
./b28_named/frame_000115.jpg	软链	~/Documents/progecttwo/_host_experiments/pose_ablation_20260818/frames/frame_000132.jpg	软链(无数据)
./b28_named/frame_000116.jpg	软链	~/Documents/progecttwo/_host_experiments/pose_ablation_20260818/frames/frame_000098.jpg	软链(无数据)
./b28_named/frame_000117.jpg	软链	~/Documents/progecttwo/_host_experiments/pose_ablation_20260818/frames/frame_000101.jpg	软链(无数据)
./b28_named/frame_000118.jpg	软链	~/Documents/progecttwo/_host_experiments/pose_ablation_20260818/frames/frame_000103.jpg	软链(无数据)
./b28_named/frame_000119.jpg	软链	~/Documents/progecttwo/_host_experiments/pose_ablation_20260818/frames/frame_000105.jpg	软链(无数据)
./b28_named/frame_000120.jpg	软链	~/Documents/progecttwo/_host_experiments/pose_ablation_20260818/frames/frame_000108.jpg	软链(无数据)
./b28_named/frame_000121.jpg	软链	~/Documents/progecttwo/_host_experiments/pose_ablation_20260818/frames/frame_000110.jpg	软链(无数据)
./b28_named/frame_000122.jpg	软链	~/Documents/progecttwo/_host_experiments/pose_ablation_20260818/frames/frame_000111.jpg	软链(无数据)
./b28_named/frame_000123.jpg	软链	~/Documents/progecttwo/_host_experiments/pose_ablation_20260818/frames/frame_000113.jpg	软链(无数据)
./b28_named/frame_000124.jpg	软链	~/Documents/progecttwo/_host_experiments/pose_ablation_20260818/frames/frame_000116.jpg	软链(无数据)
./b28_named/frame_000125.jpg	软链	~/Documents/progecttwo/_host_experiments/pose_ablation_20260818/frames/frame_000117.jpg	软链(无数据)
./b28_named/frame_000126.jpg	软链	~/Documents/progecttwo/_host_experiments/pose_ablation_20260818/frames/frame_000119.jpg	软链(无数据)
./b28_named/frame_000127.jpg	软链	~/Documents/progecttwo/_host_experiments/pose_ablation_20260818/frames/frame_000120.jpg	软链(无数据)
./b28_named/frame_000128.jpg	软链	~/Documents/progecttwo/_host_experiments/pose_ablation_20260818/frames/frame_000121.jpg	软链(无数据)
./b28_named/frame_000129.jpg	软链	~/Documents/progecttwo/_host_experiments/pose_ablation_20260818/frames/frame_000122.jpg	软链(无数据)
./b28_named/frame_000130.jpg	软链	~/Documents/progecttwo/_host_experiments/pose_ablation_20260818/frames/frame_000123.jpg	软链(无数据)
./b28_named/frame_000131.jpg	软链	~/Documents/progecttwo/_host_experiments/pose_ablation_20260818/frames/frame_000124.jpg	软链(无数据)
./mvs_P16kH/pair.txt	20376	6451af5013c5e0b898cf118458dad555c03ed1d3fce3586e96078be06e4f26d6	未入库:拍摄原片/相机(本地保留)
./mvs_P16kH/images/00000000.jpg	1432877	26730b12920cfa14a5e7978c011661b54f0270fe9bc616af3ae1905aacddb22b	未入库:拍摄原片/相机(本地保留)
./mvs_P16kH/images/00000001.jpg	1159702	32fd5c746bcb49c6f85c18979ed6107a199931e1b50714cf676d7ab6cae532f1	未入库:拍摄原片/相机(本地保留)
./mvs_P16kH/images/00000002.jpg	1046026	269c53a450bad76d7d0cf364b76631355797331aae83f2e166ba2cd398c5faaa	未入库:拍摄原片/相机(本地保留)
./mvs_P16kH/images/00000003.jpg	1241243	16f12f4fa1ac0e4cdbbd942e29d039277531a4c48ece55acea8d61114ed2e295	未入库:拍摄原片/相机(本地保留)
./mvs_P16kH/images/00000004.jpg	1578777	9ba69e9a2a3cbcfdbde9aebe0d231506e62c9308790c7fd9245c2939aecb7f06	未入库:拍摄原片/相机(本地保留)
./mvs_P16kH/images/00000005.jpg	1016111	9d0dbe52d951ccac1d31125b848e67efcd33a5437772686537dda54816fabb0d	未入库:拍摄原片/相机(本地保留)
./mvs_P16kH/images/00000006.jpg	1346258	2dfb5663c6c482dfc7aca53f0969c89a9dd37e4d7d950d5470c45c033c90279e	未入库:拍摄原片/相机(本地保留)
./mvs_P16kH/images/00000007.jpg	1021486	4b3a48b6de9f1b6f801a91da897b134791a420b7fee8063d73e2bec1fc28c1bf	未入库:拍摄原片/相机(本地保留)
./mvs_P16kH/images/00000008.jpg	1466069	1bc99a578ee480dc1834536694b5645c51de13b61684fd88aefcaf6b731ab2e8	未入库:拍摄原片/相机(本地保留)
./mvs_P16kH/images/00000009.jpg	1232893	21dc59a7fed31ccc4c5e3503bf57eb475d5994e1d31d363bbea0dd4578162f34	未入库:拍摄原片/相机(本地保留)
./mvs_P16kH/images/00000010.jpg	1294706	741726141b3a1823d2ebf1ad543385852f5f8544e5a3a37c415c16fed0683e63	未入库:拍摄原片/相机(本地保留)
./mvs_P16kH/images/00000011.jpg	1093410	31cc9524cd6afd9a0b351b76708118b5114335c030091502ebe718463e2beeeb	未入库:拍摄原片/相机(本地保留)
./mvs_P16kH/images/00000012.jpg	934982	6bd0016bd200f54bfc3e02a62bd160caaa80c06d363e0f5238a17e20f833ec4a	未入库:拍摄原片/相机(本地保留)
./mvs_P16kH/images/00000013.jpg	1053866	4cf75315a20a7495d78e2f76e17d223fca57b02b37486965b5c3a8ab1d501331	未入库:拍摄原片/相机(本地保留)
./mvs_P16kH/images/00000014.jpg	1073651	42855dd82f2c7eb05b760d9e41dfc32c39628f67daf2b0958ce6c76126c03d2c	未入库:拍摄原片/相机(本地保留)
./mvs_P16kH/images/00000015.jpg	1176913	3a304cec3b00f6bec6f0132e403b44058174fe108cb0f0f48ea376c38dc93599	未入库:拍摄原片/相机(本地保留)
./mvs_P16kH/images/00000016.jpg	1313866	68d17454f3be6142befe676eb8a07e4778bf670b2316e7717186d86e545ed466	未入库:拍摄原片/相机(本地保留)
./mvs_P16kH/images/00000017.jpg	1226142	cc983487a1593503184d3149371c1de5781491ddda77b0f0eab56822e4b75ea6	未入库:拍摄原片/相机(本地保留)
./mvs_P16kH/images/00000018.jpg	938599	ae3412cb96a0c60eddca89515ba6a7c1b54af0cefc6cef716ddd5c3dc4520416	未入库:拍摄原片/相机(本地保留)
./mvs_P16kH/images/00000019.jpg	1329182	4c3ea7587564f46c9665cb407a1854a8697a5dd5e1a45cdfe3235e9a4bc301cf	未入库:拍摄原片/相机(本地保留)
./mvs_P16kH/images/00000020.jpg	1087223	40319eaa76118cf8e4134153bfa6c7e84985d21c153096e66eedf79cd7cb9661	未入库:拍摄原片/相机(本地保留)
./mvs_P16kH/images/00000021.jpg	1149872	b2af33c7ba24e12704bfbbfc612ddd432d16159b6207aca9d154762efae67776	未入库:拍摄原片/相机(本地保留)
./mvs_P16kH/images/00000022.jpg	1101981	e0c2102126e09d3412a6bcc538f32a0a05a5066a26851e066af31aefdcdb004d	未入库:拍摄原片/相机(本地保留)
./mvs_P16kH/images/00000023.jpg	1199780	ba695ef4c56c4d5acdff2de23f7a229f734445d87b8fd27fd795978303cc6a43	未入库:拍摄原片/相机(本地保留)
./mvs_P16kH/images/00000024.jpg	1054641	86ba4ae70ae36eef6e40ff362f3b360e3b76459a4ee1dd917fc6e099de9a8274	未入库:拍摄原片/相机(本地保留)
./mvs_P16kH/images/00000025.jpg	1211003	9b47ceb207d2b51bf533682e28ee7c7e20c55053f226e05cc3e853080e023b76	未入库:拍摄原片/相机(本地保留)
./mvs_P16kH/images/00000026.jpg	1325882	d9575ba084b35d62c02535a7010ca0daed73542ac6142a426d361cabb73ce37e	未入库:拍摄原片/相机(本地保留)
./mvs_P16kH/images/00000027.jpg	909816	f803033972edca69518b1e7caea6078809532997416fe628fac2c11f31494a41	未入库:拍摄原片/相机(本地保留)
./mvs_P16kH/images/00000028.jpg	1105843	d6bf5bd4f9e05ac2f9fee339d5fc41611e4442764dcb944d192bd59890d80ce9	未入库:拍摄原片/相机(本地保留)
./mvs_P16kH/images/00000029.jpg	1331611	56d2a3a4c5e1c9f831ab6a7d5d164ae508095cf203bb6964bbe38304ccefa3e6	未入库:拍摄原片/相机(本地保留)
./mvs_P16kH/images/00000030.jpg	1169052	6abce3a99194a533d7f7f02c1292ccfbeb0ead688dcad02e316fadafd132fee1	未入库:拍摄原片/相机(本地保留)
./mvs_P16kH/images/00000031.jpg	871852	e8fb2052689944507eadc709e6e629625c07b0d5efc672a51e613940b374bb49	未入库:拍摄原片/相机(本地保留)
./mvs_P16kH/images/00000032.jpg	1030192	0149918d67c0f87a50cd5577cb21e55d7dc9a8d4d074d68b0d12fdbfbc7185c6	未入库:拍摄原片/相机(本地保留)
./mvs_P16kH/images/00000033.jpg	1113244	06e2e61bc7339195e7f22483762ea6c7d7685ecb31509dbe774737b2723ad660	未入库:拍摄原片/相机(本地保留)
./mvs_P16kH/images/00000034.jpg	1319359	485fa03d0acea2631784714a47d46011f9dd8a57f387b0990ac6c9b2c85b78d0	未入库:拍摄原片/相机(本地保留)
./mvs_P16kH/images/00000035.jpg	868440	a952c29c4e8fac5cb5d933bf85de43b5ed1c14b230762992bf8125b063179b51	未入库:拍摄原片/相机(本地保留)
./mvs_P16kH/images/00000036.jpg	1100458	13cf41705b501e67875cc02574e4d3641525aac0871908ce67569a5861769c7e	未入库:拍摄原片/相机(本地保留)
./mvs_P16kH/images/00000037.jpg	1005699	a6edb53987a35a5d11de5541de5676b1cb177f5caaa67b81e7530445678ce6a7	未入库:拍摄原片/相机(本地保留)
./mvs_P16kH/images/00000038.jpg	1049134	75b0a86107ce149afd8db2f170c112b0a6c10b833330996332e3c09b1bff6634	未入库:拍摄原片/相机(本地保留)
./mvs_P16kH/images/00000039.jpg	872795	f8e9b9cf67ed84b63660487036af4b2fdf52e09c719b602c7155a0e33ca549da	未入库:拍摄原片/相机(本地保留)
./mvs_P16kH/images/00000040.jpg	984250	2984fd57539c1dd8f73684363ceb1b369de66438365d10a0e0c23c302a7e5d56	未入库:拍摄原片/相机(本地保留)
./mvs_P16kH/images/00000041.jpg	1016191	0e03ece689da276c069813d5ef1b4e7a1b051cf4d115861390ff6bd353e8e6f5	未入库:拍摄原片/相机(本地保留)
./mvs_P16kH/images/00000042.jpg	1019115	25cdea5be84f80e1252e72f6c39e460f2a8e83d74a645afaf9edce5428aa10f3	未入库:拍摄原片/相机(本地保留)
./mvs_P16kH/images/00000043.jpg	1055121	9df975f32ee1896208c5d78b9e7899b4a44ef503a9620874a78750fa5c5d2325	未入库:拍摄原片/相机(本地保留)
./mvs_P16kH/images/00000044.jpg	639767	428dd6fb90a68a1611ab6d19f945cbd3f4abb0c1d74143af4c46355b514ed78b	未入库:拍摄原片/相机(本地保留)
./mvs_P16kH/images/00000045.jpg	1081743	8fa83909cc83d40800d21b3f84113679f39b890fe423c17610f584cf8ef0f6a2	未入库:拍摄原片/相机(本地保留)
./mvs_P16kH/images/00000046.jpg	1060584	c98f8b864f537023726325637666a97fdbf036a49f98694b11b444af2a308d9e	未入库:拍摄原片/相机(本地保留)
./mvs_P16kH/images/00000047.jpg	908041	cf920f10248e9463f8178985ed04dd43f785c9104c7db684c99d39133b4a127a	未入库:拍摄原片/相机(本地保留)
./mvs_P16kH/images/00000048.jpg	1054907	0f821e1adeefa0b7dac17d8c976342dfb45afab857c0b2e4d7c769da5a7c9e37	未入库:拍摄原片/相机(本地保留)
./mvs_P16kH/images/00000049.jpg	821649	6cd8708a5cf2da515607a277d7b9fd561b51f5778b4af7f8880a28a96d5eb610	未入库:拍摄原片/相机(本地保留)
./mvs_P16kH/images/00000050.jpg	901268	4eaae0cf669799e39fddb0d93f34d2724e4f50a9797f62078bb6917f74fdbd32	未入库:拍摄原片/相机(本地保留)
./mvs_P16kH/images/00000051.jpg	1100028	50a1796195d3c7256bb3f27ce0690dc0716b14b0c895c48c03b2312d668b54b5	未入库:拍摄原片/相机(本地保留)
./mvs_P16kH/images/00000052.jpg	849876	434f466cc5743a8bf2113050a95d00e98e77f2e64e7a6ea0bb46910a172124d4	未入库:拍摄原片/相机(本地保留)
./mvs_P16kH/images/00000053.jpg	1252819	b1ee2f922857bf70dc361b9520f1b72353a81a200be9d80d8084a27b4ffc6a04	未入库:拍摄原片/相机(本地保留)
./mvs_P16kH/images/00000054.jpg	1177080	b136ad5c30fd88e3ba4fd4876fec6e6cb0cbc31ba0645b5270eb5983af500d05	未入库:拍摄原片/相机(本地保留)
./mvs_P16kH/images/00000055.jpg	1078359	a1c14b5c53a411d6968a4a4590899e3629aba8ce402142e0464726fecf5d6bb0	未入库:拍摄原片/相机(本地保留)
./mvs_P16kH/images/00000056.jpg	894535	d1e0626d242c05dbee15d8fe7529b7e76b51890517bf470b609aa35cb4e17081	未入库:拍摄原片/相机(本地保留)
./mvs_P16kH/images/00000057.jpg	1095677	8586733fa04237756744ad62b2a04e0257e81ea908d2cdb5991e05f14993ba52	未入库:拍摄原片/相机(本地保留)
./mvs_P16kH/images/00000058.jpg	851608	da19f6ffabf3f3d7d8863e569fe51517bb6e86cb165b53ba2cd0db77ba5cdfc8	未入库:拍摄原片/相机(本地保留)
./mvs_P16kH/images/00000059.jpg	894265	8f87596b7e3ed0b9407a2ca5a5344ac86fce62651315141760ebc8e6e449450b	未入库:拍摄原片/相机(本地保留)
./mvs_P16kH/images/00000060.jpg	1041610	88573272ad77d2753567bb955e8aa0c268b7601da864570c30ac12f23c8bfd8f	未入库:拍摄原片/相机(本地保留)
./mvs_P16kH/images/00000061.jpg	808398	0e141ed15f5fa670cc076d43747e9c4a405d4deab6016d613c8ba459ba932ba5	未入库:拍摄原片/相机(本地保留)
./mvs_P16kH/images/00000062.jpg	892352	ec116ce694edfff070334cdcd6cce818d365a1f7b1119eb42dfb96956a790dcd	未入库:拍摄原片/相机(本地保留)
./mvs_P16kH/images/00000063.jpg	798476	c3a64c52211a3b40caa24cd09deb46048ae08f062c4c36b3226c00ce075a8f5e	未入库:拍摄原片/相机(本地保留)
./mvs_P16kH/images/00000064.jpg	1109087	0d1c703ba295496ab03269d956c90406e6a06379c0ebb4c9e40c0c1457c5cf13	未入库:拍摄原片/相机(本地保留)
./mvs_P16kH/images/00000065.jpg	1120793	b664bf74a2e82209f62b2192ce1b56751bf9805d485a046a0e3c264a7fae35f3	未入库:拍摄原片/相机(本地保留)
./mvs_P16kH/images/00000066.jpg	1088513	2283a32a06011c9035a91004445422f8f8f21c8a8ecdf06a68e430ea0fa9e68c	未入库:拍摄原片/相机(本地保留)
./mvs_P16kH/images/00000067.jpg	1054173	bf985bdb2722ebae3fc02965ffa3e4222477e460f5d8fb846794b6edbb16777e	未入库:拍摄原片/相机(本地保留)
./mvs_P16kH/images/00000068.jpg	819328	8dbe144c603019d71b8cc1df24cb8fbc358e261f5a703156711205804e2c517d	未入库:拍摄原片/相机(本地保留)
./mvs_P16kH/images/00000069.jpg	951046	c01ca7811cbe4e14979316ba66348a29df5575124b750522420590b5b84d0892	未入库:拍摄原片/相机(本地保留)
./mvs_P16kH/images/00000070.jpg	673450	ac0c8135645f64bfd5aa62d8377c79daf13978b676e92e0e4830b6a23f05b303	未入库:拍摄原片/相机(本地保留)
./mvs_P16kH/images/00000071.jpg	972750	24d97322b4dfc9ca286d06b3161c1f9872d0d04539ee1f26071f45729d640c97	未入库:拍摄原片/相机(本地保留)
./mvs_P16kH/images/00000072.jpg	984864	7ee16386a0dcba4ca5e8993c135b95cddeaebee10760fc7961295420002825fc	未入库:拍摄原片/相机(本地保留)
./mvs_P16kH/images/00000073.jpg	899691	9411a455b413373581f8160223822ad4cd7d70102e5c32f0b3bc389205569f31	未入库:拍摄原片/相机(本地保留)
./mvs_P16kH/images/00000074.jpg	771044	4a44e667d718be41134d7c018c24dfcb68a7031b1ec1c27b62239ff1ec880b7e	未入库:拍摄原片/相机(本地保留)
./mvs_P16kH/images/00000075.jpg	970053	a138febd24dff81b94df46997683a06f787d88db0837eb37d0cff5237ea92d29	未入库:拍摄原片/相机(本地保留)
./mvs_P16kH/images/00000076.jpg	610775	961b8d3e4f1389b94521f3ea1367d7e50e5302c4823f68686296c6e737a11cc6	未入库:拍摄原片/相机(本地保留)
./mvs_P16kH/images/00000077.jpg	1103391	ab3c46861280b37492ecf4e4ff6367d6a6cd03e80b39ba764195b6b5474cfe58	未入库:拍摄原片/相机(本地保留)
./mvs_P16kH/images/00000078.jpg	999630	7c41de058773f4646e581a5aa4713ae1c77665b73b5be9717dd63e0b9506bce2	未入库:拍摄原片/相机(本地保留)
./mvs_P16kH/images/00000079.jpg	942072	dce601863a817c6e747e52ebdf7f88890892a05ea284739158c37f1592b1a1be	未入库:拍摄原片/相机(本地保留)
./mvs_P16kH/images/00000080.jpg	1279220	336cdd095571c5f7dbf5d4da00ad6eac21ba0c30c5efb08975d413481879aec3	未入库:拍摄原片/相机(本地保留)
./mvs_P16kH/images/00000081.jpg	1089271	5e8bf9cb341c5ed7b7516ae9c928f843d7fa7979838728d72feea1b7fb56c458	未入库:拍摄原片/相机(本地保留)
./mvs_P16kH/images/00000082.jpg	955370	5c4afad9387e430ede8c191e82b3d1066d850e8c7baedbc1a952813414e5749c	未入库:拍摄原片/相机(本地保留)
./mvs_P16kH/images/00000083.jpg	729571	39c48b219611c25dd6c4aa4c4b546caafb765926546b31786cac6fc43e2e4c98	未入库:拍摄原片/相机(本地保留)
./mvs_P16kH/images/00000084.jpg	899803	6d980df928490444737d7f1534e8b8e001278791b13e1d429229c9d589093aba	未入库:拍摄原片/相机(本地保留)
./mvs_P16kH/images/00000085.jpg	1059071	953ea6c01890ffc5d263e9cdb3d3ef0de9869c40efd2f5d4d56575273af36ceb	未入库:拍摄原片/相机(本地保留)
./mvs_P16kH/images/00000086.jpg	973894	86d752f4bf734615770e1322301b89c30c042f5f007a3428cd6d52851d6d9803	未入库:拍摄原片/相机(本地保留)
./mvs_P16kH/images/00000087.jpg	803647	72090f5a22203b9c8074744edf03cf12ad5191bf7c5e740c005a15a1c06e25da	未入库:拍摄原片/相机(本地保留)
./mvs_P16kH/images/00000088.jpg	941446	685f50a0a2053753f10d2d6e7f2f1ac6772ea171df91e5b4e92f4cd68fde7230	未入库:拍摄原片/相机(本地保留)
./mvs_P16kH/images/00000089.jpg	962475	bd392a20ec42af935936c14992a2507727ce38edc8d85052c630d27b43dc22fb	未入库:拍摄原片/相机(本地保留)
./mvs_P16kH/images/00000090.jpg	1367321	eb117a74c1443950f0bc744ed80acd28e8fca8c96ff81e50cb89e0441028bdd6	未入库:拍摄原片/相机(本地保留)
./mvs_P16kH/images/00000091.jpg	1053979	eb5acc0f96922e139ccc0a8d7d8c7370080bb4fdd41720a6e12d80cb11549284	未入库:拍摄原片/相机(本地保留)
./mvs_P16kH/images/00000092.jpg	684227	49f2587bc398aed503228710e8a45899661326aa452d5205130d2256470efabe	未入库:拍摄原片/相机(本地保留)
./mvs_P16kH/images/00000093.jpg	1254854	31753020c483737a127ef383572548dfc1aefa8fd8a0b92154215d61a663f18f	未入库:拍摄原片/相机(本地保留)
./mvs_P16kH/images/00000094.jpg	713710	6a4aacf68f898fc7c2242625a699ec995b0e918b7359885dcb29cf6020cb0d1f	未入库:拍摄原片/相机(本地保留)
./mvs_P16kH/images/00000095.jpg	801212	6c333471c157c38fcf228b8230ffcafee252c37348f5765b068ec8fce21923c7	未入库:拍摄原片/相机(本地保留)
./mvs_P16kH/images/00000096.jpg	848474	0933279de3993e1e0974c898818699894391ab107a5e6169f60c134fcc0e821b	未入库:拍摄原片/相机(本地保留)
./mvs_P16kH/images/00000097.jpg	1075510	abd151cc302ac7f0070f0a8fe2e73cc91c0f9b02c32c8ffbd3f99bce813284f3	未入库:拍摄原片/相机(本地保留)
./mvs_P16kH/images/00000098.jpg	831785	dfc5e97b279cdca02ef8e8569c2dbebc3df02b6e2d4cba8c3567998d6c2a6855	未入库:拍摄原片/相机(本地保留)
./mvs_P16kH/images/00000099.jpg	1191314	fd494d7bfef6d4f68853dfafa5b60fe941eeedb78607392e914638edcfc1b48e	未入库:拍摄原片/相机(本地保留)
./mvs_P16kH/images/00000100.jpg	1176272	3d5c81e54d9b6ee7e313037a09c881f26920ac077d86c06056f2c4c964d9eee9	未入库:拍摄原片/相机(本地保留)
./mvs_P16kH/images/00000101.jpg	1007091	eae5419ab08a7291b24296ad7dbf61d4776421d98ab21573b33bceca48c362a1	未入库:拍摄原片/相机(本地保留)
./mvs_P16kH/images/00000102.jpg	774867	78342f4f8011242da80a1912114dc334cad72292fe591c9711bf73147b3e7ff3	未入库:拍摄原片/相机(本地保留)
./mvs_P16kH/images/00000103.jpg	988267	0f5f6e1b74fc9daf87b61d253c540910e0c71fd69a3a7f15251cc5b03746b397	未入库:拍摄原片/相机(本地保留)
./mvs_P16kH/images/00000104.jpg	949025	f3bdcf2920aeae7a7c4fe2ab89d2a9058c3f21e0db93c794211929cb47cf78b8	未入库:拍摄原片/相机(本地保留)
./mvs_P16kH/images/00000105.jpg	1201039	405c28e27ff6cc141877b7e32238c9c1d0611a48c182a476aaf557b3870d62e8	未入库:拍摄原片/相机(本地保留)
./mvs_P16kH/images/00000106.jpg	1124067	f87f52c971b4fe02b5a4162b6af788158d591b645c490bcd925a80efac923878	未入库:拍摄原片/相机(本地保留)
./mvs_P16kH/images/00000107.jpg	785686	9391bb2f6d5a667c4f39b56037ab3a1e633b2834cec68ed5cef3e220c9abecea	未入库:拍摄原片/相机(本地保留)
./mvs_P16kH/images/00000108.jpg	1159649	d97d8b074c446c0f01cfb2884420b01b31c77764d8640b5fd6ba52cf88ec9cb1	未入库:拍摄原片/相机(本地保留)
./mvs_P16kH/images/00000109.jpg	906414	a3c84e80f9713fb260ca9deb0d5232a80a163ddd4c14b55a314d002685129ed0	未入库:拍摄原片/相机(本地保留)
./mvs_P16kH/images/00000110.jpg	716718	1c4cf5ee3fa8fc34992661b5f3e022dd60ff50372c007e9ce2c950b33d8f012b	未入库:拍摄原片/相机(本地保留)
./mvs_P16kH/images/00000111.jpg	1006470	6bcb90acfa68e6f9a08aaa994eacd5cf20010609d1018b3fcc8734390d0db2ff	未入库:拍摄原片/相机(本地保留)
./mvs_P16kH/images/00000112.jpg	900213	9d389f12575132260e704255fd5f11448b33f4b366cc216f2b7cfb75731baa19	未入库:拍摄原片/相机(本地保留)
./mvs_P16kH/images/00000113.jpg	826633	ffd360fd9228ee4f844c0c51127c17ccfe3765a1803b2f53b4962b3f1860b557	未入库:拍摄原片/相机(本地保留)
./mvs_P16kH/images/00000114.jpg	706411	55568d171c76979f51b1fa94fc878d7eb01615069f5a9bb1778dc5e93ed66909	未入库:拍摄原片/相机(本地保留)
./mvs_P16kH/images/00000115.jpg	823514	bd078fb87ebe883c552afeebbc0682583f8e35312b3ace8c1a1156eb7d8b3ffd	未入库:拍摄原片/相机(本地保留)
./mvs_P16kH/images/00000116.jpg	720325	742d0235fdeef7b1ff8cc08889a5dbf53827f7d1277ec492b869522b5551bee6	未入库:拍摄原片/相机(本地保留)
./mvs_P16kH/images/00000117.jpg	1181151	d6b552472935af39941cc576b28f3e910af2e6103e63d84b920e6ce77b48e41e	未入库:拍摄原片/相机(本地保留)
./mvs_P16kH/images/00000118.jpg	1224512	e2cb21647be27bf84d62a886a9cbc5aa4d52f931bfc2dd5d58fd22648ab597d7	未入库:拍摄原片/相机(本地保留)
./mvs_P16kH/images/00000119.jpg	599291	208b0b0619c4e1fb93fd9cfc9a0630eb36f4da16aad2445d3177198db689db70	未入库:拍摄原片/相机(本地保留)
./mvs_P16kH/images/00000120.jpg	676740	d46ff05187f046fc4e48d87ef1c9be8882f88d6cf7df5f2f52d7d9dfb0ee2725	未入库:拍摄原片/相机(本地保留)
./mvs_P16kH/images/00000121.jpg	659625	866d95e7c743b5d72c8b905cef4bbdfb254980dbc430edf779440c0eb41932d6	未入库:拍摄原片/相机(本地保留)
./mvs_P16kH/images/00000122.jpg	639819	342d16f21e2470b5fb5abd394b1fc4cde3db7eb25e89b5af5c98b3750a811a47	未入库:拍摄原片/相机(本地保留)
./mvs_P16kH/images/00000123.jpg	1375872	9183f6e066bb3653e1ba656ba5d7c432b6c03dc1c4f2e2ae8fa15874c9711605	未入库:拍摄原片/相机(本地保留)
./mvs_P16kH/images/00000124.jpg	981306	ecceecb9f4cbfbea8410added5f84efda12504570e7a830c0f6b6c44a1d21d25	未入库:拍摄原片/相机(本地保留)
./mvs_P16kH/images/00000125.jpg	719817	208670317762ae99e93c126ffaf286e9d7c0506fa187beda43b2a0258c9edd2f	未入库:拍摄原片/相机(本地保留)
./mvs_P16kH/images/00000126.jpg	831604	3be7b1fe9697ae0e88b214568b08b4c589fd9a9523796cbe6fb0ed691007266b	未入库:拍摄原片/相机(本地保留)
./mvs_P16kH/images/00000127.jpg	1313244	3e1504b3458c4220ca129901f2ddb48c81d496a52d5ddf6abda9497234a02878	未入库:拍摄原片/相机(本地保留)
./mvs_P16kH/images/00000128.jpg	1153555	b948a7c0000c19a90a3d219fa6e2b3f977833a4165795a6e02b333bf672b7981	未入库:拍摄原片/相机(本地保留)
./mvs_P16kH/images/00000129.jpg	1200029	115216eb5c6390f10fd36c7bbf64bce7755ba5e35a03ebdeb6642c5d934b643f	未入库:拍摄原片/相机(本地保留)
./mvs_P16kH/images/00000130.jpg	513189	11521353d7e8239ad3ac9a73a34d14286ca84b4a31048c659da3ad1501b58810	未入库:拍摄原片/相机(本地保留)
./mvs_P16kH/images/00000131.jpg	463269	b111fb1a2ca148fdf6ef3a00c0c6ad99a1e0026c78e05acdf4597fee5a6f38dd	未入库:拍摄原片/相机(本地保留)
./mvs_P16kH/cams/00000000_cam.txt	397	9e6a87e126ead9389aeb21d388ffaf069f9682e67b29f0cf0dbc7fd001db6425	未入库:拍摄原片/相机(本地保留)
./mvs_P16kH/cams/00000001_cam.txt	393	958b486f2ae46427dc93f59ff78a1081b9fbb2ece2d3b5690b06f5c8bb251b72	未入库:拍摄原片/相机(本地保留)
./mvs_P16kH/cams/00000002_cam.txt	391	8a13ca53a2ed457a4e78c85748e165d980bfa7a96e919319330c0b7fe2118415	未入库:拍摄原片/相机(本地保留)
./mvs_P16kH/cams/00000003_cam.txt	393	c3882a8e88a671af3681ffbebdc653628359f3e9f38fc9e95256a8b0fada8c8b	未入库:拍摄原片/相机(本地保留)
./mvs_P16kH/cams/00000004_cam.txt	393	59630d8dffbd60840835976b89087e148147af46aa34f73c44dd8862635ee04c	未入库:拍摄原片/相机(本地保留)
./mvs_P16kH/cams/00000005_cam.txt	388	e3726bb85fa5aa24b7110e9b44fa4413dbc1d52833ebb2d7ac6e721691f8674c	未入库:拍摄原片/相机(本地保留)
./mvs_P16kH/cams/00000006_cam.txt	394	874fb8ab2d3f4c5afe7ad5540de07a699055a35ca4369916bbd8b28848f71b70	未入库:拍摄原片/相机(本地保留)
./mvs_P16kH/cams/00000007_cam.txt	395	4cefb9b82fcd715cb7181587028e327352dbbcdfe751444d1dfcc867407e73c5	未入库:拍摄原片/相机(本地保留)
./mvs_P16kH/cams/00000008_cam.txt	393	4e04c8e33b02b39621a08539af937eb2774017d23c611e77bb2b45f1b0a797f1	未入库:拍摄原片/相机(本地保留)
./mvs_P16kH/cams/00000009_cam.txt	388	a8ac8b0f905b6a72f01bccabb75bfb1567ba8f69d7ae86d012ab972698ff6493	未入库:拍摄原片/相机(本地保留)
./mvs_P16kH/cams/00000010_cam.txt	394	8973b0d3c3cdc84df4d559123b4bbdff8d6942329bc1f0379a882e83d9c214e3	未入库:拍摄原片/相机(本地保留)
./mvs_P16kH/cams/00000011_cam.txt	391	64f9e895d5e117eccef187223b8e10cb01e60a76fd3d0b96de2fdb8dfddb3b8d	未入库:拍摄原片/相机(本地保留)
./mvs_P16kH/cams/00000012_cam.txt	394	eda11a55a793674b1a28b29965e31bc9320c0d0fcc3e0b2a4b98aae299d722e0	未入库:拍摄原片/相机(本地保留)
./mvs_P16kH/cams/00000013_cam.txt	395	daa90468e00e149c5e1e02e7c7a09a6ba8a727aa90a4bbf86fe94aaa8488483a	未入库:拍摄原片/相机(本地保留)
./mvs_P16kH/cams/00000014_cam.txt	396	b3cc88245a8657e5628c65133e28a773c67df1b6c675854324ef5c669ba96214	未入库:拍摄原片/相机(本地保留)
./mvs_P16kH/cams/00000015_cam.txt	397	5895f78160a5ff80490b546772e2df1adfc4ec77449071301571b971c0a67fcc	未入库:拍摄原片/相机(本地保留)
./mvs_P16kH/cams/00000016_cam.txt	400	30b5289677765fe03ec1c83a8382f47577acf88433d5188aaa86ab7feb2d45ac	未入库:拍摄原片/相机(本地保留)
./mvs_P16kH/cams/00000017_cam.txt	389	86d5bc17d0715c7d76c1e79beb5ef126891182481950eb0abbc4cb7a8cbe8a1f	未入库:拍摄原片/相机(本地保留)
./mvs_P16kH/cams/00000018_cam.txt	392	c52d47039ce2e828ce58f2b83268c37d26a8011fe0e15e33697e3d6198182013	未入库:拍摄原片/相机(本地保留)
./mvs_P16kH/cams/00000019_cam.txt	396	f1b9df2cef38487ed935549c1588f4a86be4807928dbe21a40ea7388b39ab1ce	未入库:拍摄原片/相机(本地保留)
./mvs_P16kH/cams/00000020_cam.txt	395	14e9aaea4089d4b8302378ac9c3e964fc2be808c50264441234d13bf6f6e323f	未入库:拍摄原片/相机(本地保留)
./mvs_P16kH/cams/00000021_cam.txt	396	9d629843cd36cb9e4eb6e25c5edc76dbe1d8d31a7c3bcc253c764b9340803df1	未入库:拍摄原片/相机(本地保留)
./mvs_P16kH/cams/00000022_cam.txt	394	7823430a1045c116d8c43c1d050b61f4f521cc4c83588025ad1fbb09803ac095	未入库:拍摄原片/相机(本地保留)
./mvs_P16kH/cams/00000023_cam.txt	395	63e7402d870c0ace4b2e651a826c2daecc281d6f1669c6708f8014906a391c2d	未入库:拍摄原片/相机(本地保留)
./mvs_P16kH/cams/00000024_cam.txt	394	0b8e7a622c8cd7400d2489aa66cf6b93b4df60553c3bebe479ba62733e00aadc	未入库:拍摄原片/相机(本地保留)
./mvs_P16kH/cams/00000025_cam.txt	392	b685cddf7afb1754dd06c57a223db51633546056b57a80e8cf21f45a1133f3f4	未入库:拍摄原片/相机(本地保留)
./mvs_P16kH/cams/00000026_cam.txt	396	17574886af7a0bba24a57ff43ab8d36e5581876656a4e477d2f87d2381bd17d7	未入库:拍摄原片/相机(本地保留)
./mvs_P16kH/cams/00000027_cam.txt	391	ab884a884865d5b3cfc7b9eac5c2720327001729ae45e0d402b4ff743997f029	未入库:拍摄原片/相机(本地保留)
./mvs_P16kH/cams/00000028_cam.txt	388	75e345f1e92c1cca96964df4c756174085f1f520ee6bd3069fc4fb0abc79263a	未入库:拍摄原片/相机(本地保留)
./mvs_P16kH/cams/00000029_cam.txt	395	b3794409e8c89b00a46468f80567b87f0a70b132db0ce01f5e1f5d6dba922601	未入库:拍摄原片/相机(本地保留)
./mvs_P16kH/cams/00000030_cam.txt	388	1e20de30c810fba04048bb70a00eb5cfc96b13240ffd45e5e19ee3a756860a37	未入库:拍摄原片/相机(本地保留)
./mvs_P16kH/cams/00000031_cam.txt	393	0e0ffd71a5a9522e7a40af6e1bc29beb1d3ec379f1d96879698669519de69f6f	未入库:拍摄原片/相机(本地保留)
./mvs_P16kH/cams/00000032_cam.txt	392	d2ea7af0ae7aef9de24625289f3aa0452d968db389bacd37394db78d2605fd1f	未入库:拍摄原片/相机(本地保留)
./mvs_P16kH/cams/00000033_cam.txt	399	50a689a0b015261eefaf20e20c165b0fb8ad97fca886b87092162d5bb7a8b2b2	未入库:拍摄原片/相机(本地保留)
./mvs_P16kH/cams/00000034_cam.txt	394	386c49135dc9664b871d86664596e5c37a3476f6cef619624f96a57de957d2af	未入库:拍摄原片/相机(本地保留)
./mvs_P16kH/cams/00000035_cam.txt	394	a3bdb26d2c9abcfcf30f5a59b88a9e7c04e1ed3055d9571cf96ed832220302ab	未入库:拍摄原片/相机(本地保留)
./mvs_P16kH/cams/00000036_cam.txt	400	218a3ebf3673d2fdb94cac1f8a637052ea6106a14b318c3b2a923d4627e8cccb	未入库:拍摄原片/相机(本地保留)
./mvs_P16kH/cams/00000037_cam.txt	386	f48d8379d286fc3c7352bfaa24e668394c124cbccb5e9114f15384562bc172f8	未入库:拍摄原片/相机(本地保留)
./mvs_P16kH/cams/00000038_cam.txt	389	61e4b49d426640e114f1441f59dfb3818b9584d7197b6a58911750dd5e2d3eba	未入库:拍摄原片/相机(本地保留)
./mvs_P16kH/cams/00000039_cam.txt	395	9e60de83b4fb26cb241b95c01f6855dde14970384a17e50aad993631320c48a2	未入库:拍摄原片/相机(本地保留)
./mvs_P16kH/cams/00000040_cam.txt	397	7756cdf1083816993be599f8e1fccdbdace458b26ff557b46dc5327c267e9992	未入库:拍摄原片/相机(本地保留)
./mvs_P16kH/cams/00000041_cam.txt	396	c66c702f837706681e54cdced67bb8e2b1aecff9e98a1aa3ae922a596d6bad66	未入库:拍摄原片/相机(本地保留)
./mvs_P16kH/cams/00000042_cam.txt	395	86fad979ee6792c85bb579c1c2d1e9992904430857f313f3518c63d57651faf1	未入库:拍摄原片/相机(本地保留)
./mvs_P16kH/cams/00000043_cam.txt	390	19f8e752b7fb73d9f768d4f26bd87c60b1ba3cb254e8458e042eca336d0ac3cd	未入库:拍摄原片/相机(本地保留)
./mvs_P16kH/cams/00000044_cam.txt	385	e11b206b394b42f3755f7458bddb95ed2c4972416305a298518d7836cb18b088	未入库:拍摄原片/相机(本地保留)
./mvs_P16kH/cams/00000045_cam.txt	382	85997bb00e4a3fca79ba1f625223968a6809101e35fec924a042fd0962cf6fe7	未入库:拍摄原片/相机(本地保留)
./mvs_P16kH/cams/00000046_cam.txt	390	d6ce43f8e1518bcd691e7845579360c7eec0153e821dcb1bc2682c3eafcdb1ee	未入库:拍摄原片/相机(本地保留)
./mvs_P16kH/cams/00000047_cam.txt	394	0ceb2b09673a0d8736bc92d4d77be1219d2e320512d06e07ca76cc896cb4e5aa	未入库:拍摄原片/相机(本地保留)
./mvs_P16kH/cams/00000048_cam.txt	389	4c5ffa61e2c9883739d4b27d915a3b78058bc248500a0f69dac253fdc7de19e6	未入库:拍摄原片/相机(本地保留)
./mvs_P16kH/cams/00000049_cam.txt	397	af47ecea325242901400a6c2214ab16aeb250be7fb21ef547f27cba9a461a6b2	未入库:拍摄原片/相机(本地保留)
./mvs_P16kH/cams/00000050_cam.txt	395	55135cc919d6bae581cc637a233142e9110911a30d2e8992c5cd37fa01f87c03	未入库:拍摄原片/相机(本地保留)
./mvs_P16kH/cams/00000051_cam.txt	393	80d4a5ae0aa7f85f07998f97d23498eddf6d38d2f7982200746aa6f2d7fa95d3	未入库:拍摄原片/相机(本地保留)
./mvs_P16kH/cams/00000052_cam.txt	389	116ba54c13c177cbcd4d765d954259b877e211e0989b148bdca51950f184614b	未入库:拍摄原片/相机(本地保留)
./mvs_P16kH/cams/00000053_cam.txt	388	1e5c429a804818b39a6eb982847d1fd191427334c3fe8d5271084075d9590419	未入库:拍摄原片/相机(本地保留)
./mvs_P16kH/cams/00000054_cam.txt	388	365ce900b3f8e348e60a80630dbb0a7f640860548105cec092752dab2588f689	未入库:拍摄原片/相机(本地保留)
./mvs_P16kH/cams/00000055_cam.txt	395	d8b5bc442887d75cbca7b95e9a3c42bd156b2ea54ec9821e1e00e4bcf1bd839d	未入库:拍摄原片/相机(本地保留)
./mvs_P16kH/cams/00000056_cam.txt	393	a515900d3c4c40f1fa54fd7fe391d0ddc2c35e875b3d26f812bea3768bc459e0	未入库:拍摄原片/相机(本地保留)
./mvs_P16kH/cams/00000057_cam.txt	387	fb99730abb662cc16d1bc2ced5f25515839c7dad549551a49086a650a4c52ce2	未入库:拍摄原片/相机(本地保留)
./mvs_P16kH/cams/00000058_cam.txt	386	dc3f280a0f384f483c171b96343d440815bb0647210f2dfb2d6ef2eeba603291	未入库:拍摄原片/相机(本地保留)
./mvs_P16kH/cams/00000059_cam.txt	396	8a90898c90a63cbc2123417629ef975d2a94302265b57fb3c677c24aca8b900a	未入库:拍摄原片/相机(本地保留)
./mvs_P16kH/cams/00000060_cam.txt	387	677bc8cf3c7283c2d5c50dbf85cd4034d809b406bc8fe026e3510357d51cd4fa	未入库:拍摄原片/相机(本地保留)
./mvs_P16kH/cams/00000061_cam.txt	394	81c661ad4210f7f2888784c7dcf9721921157f7cef60d3043cac26a40a44b73f	未入库:拍摄原片/相机(本地保留)
./mvs_P16kH/cams/00000062_cam.txt	387	459ca65118435dc11d3ebb2d11bfed2629cf8281c893e74a1f8eb01fcb48789b	未入库:拍摄原片/相机(本地保留)
./mvs_P16kH/cams/00000063_cam.txt	389	c45ef2f0d99ea71f7218b4eadad19acbfcee79def81fa485d54bb96957066f0e	未入库:拍摄原片/相机(本地保留)
./mvs_P16kH/cams/00000064_cam.txt	390	106031f148405dff4065a8b70cad7b750e285306caab4a1e4a04838d138a6fa1	未入库:拍摄原片/相机(本地保留)
./mvs_P16kH/cams/00000065_cam.txt	393	940bd13084c476b53f9e4b6d608a12fe2f6fc4425fa55a8691248ebde2c76004	未入库:拍摄原片/相机(本地保留)
./mvs_P16kH/cams/00000066_cam.txt	388	45b9fe13ebabb661632a713c3e0e20d7b3cacab4c0205efc29f3d92c4f1fb1a7	未入库:拍摄原片/相机(本地保留)
./mvs_P16kH/cams/00000067_cam.txt	395	19f0dcaa8da5fe0281765ac68d48800eafb496b4660d65b2b08e5cb572af42b2	未入库:拍摄原片/相机(本地保留)
./mvs_P16kH/cams/00000068_cam.txt	394	b46267ec4182a14e83e0a7384f65faa56377611c02e0825d2be555c6142c5153	未入库:拍摄原片/相机(本地保留)
./mvs_P16kH/cams/00000069_cam.txt	391	17e824bc4ccff9f2cc0ce10d8469171f394e780841f82a45d6905cc294de9db4	未入库:拍摄原片/相机(本地保留)
./mvs_P16kH/cams/00000070_cam.txt	394	fef65727558e41f8ff31c2e2bf4c5364dfb96a55af17b15e2256974ee1ce2f70	未入库:拍摄原片/相机(本地保留)
./mvs_P16kH/cams/00000071_cam.txt	390	02742db745cd94ee5d449e87beeec7033e6d8119f2acf2c93e530365e24cdda9	未入库:拍摄原片/相机(本地保留)
./mvs_P16kH/cams/00000072_cam.txt	387	b4b7abf1f508f7512db81250c6c2dbdc59adc180d9db283b55aa72baa5c4aed4	未入库:拍摄原片/相机(本地保留)
./mvs_P16kH/cams/00000073_cam.txt	392	5d39bf744ca5ad4679c728ade73568521f5aaf914f757021ea05e08fde1f831f	未入库:拍摄原片/相机(本地保留)
./mvs_P16kH/cams/00000074_cam.txt	395	2ca6c2834992d1ef7b62f1299b620c823f8c91506cf22163e73a9d1dde0f859e	未入库:拍摄原片/相机(本地保留)
./mvs_P16kH/cams/00000075_cam.txt	389	75abd31d64d11fa1d5933f33c5c02aad27861323a48b549da32bcf80ded20696	未入库:拍摄原片/相机(本地保留)
./mvs_P16kH/cams/00000076_cam.txt	393	db93daeb5c1400355fef177efcc3c92ea7cb43dcc5576123bc82837ed0daf0de	未入库:拍摄原片/相机(本地保留)
./mvs_P16kH/cams/00000077_cam.txt	392	634f5762d03b8bcfe731f044fb86c8c72c1885274b46053d999d4cab139b02ed	未入库:拍摄原片/相机(本地保留)
./mvs_P16kH/cams/00000078_cam.txt	390	772586004d83888587459842b6283f9120a642fd4a7310cf58378809cb9d3b2b	未入库:拍摄原片/相机(本地保留)
./mvs_P16kH/cams/00000079_cam.txt	384	c34c34ae874fc3b45d5bd6b25351cd78946da3742ca50e9ec414563e5100c2cd	未入库:拍摄原片/相机(本地保留)
./mvs_P16kH/cams/00000080_cam.txt	388	48da9589f778f485adbd48d5a68f58efbd951630548eb680299bd01e19c1876d	未入库:拍摄原片/相机(本地保留)
./mvs_P16kH/cams/00000081_cam.txt	389	6469a43d9b408f8a0c48c90424dcc008ce6528bb31f2934ef4e4361a31abf041	未入库:拍摄原片/相机(本地保留)
./mvs_P16kH/cams/00000082_cam.txt	391	b7ea805c70846587f3dea71aee767e0e45fe90ad0bc846a6d03620206d9ec1f5	未入库:拍摄原片/相机(本地保留)
./mvs_P16kH/cams/00000083_cam.txt	390	14d1d69259973d114ee1030fbc2e9564653de0bf0f312126027c8d43f52f0180	未入库:拍摄原片/相机(本地保留)
./mvs_P16kH/cams/00000084_cam.txt	386	4aa263386694de3b891a05d411ac658d8bfff6e135cebd47d493032f99b068d5	未入库:拍摄原片/相机(本地保留)
./mvs_P16kH/cams/00000085_cam.txt	388	cd05ed05d764e9ffd82eaa398847f5079dfc4f8bd8f99704389e7b04a4ea00e2	未入库:拍摄原片/相机(本地保留)
./mvs_P16kH/cams/00000086_cam.txt	391	5890793994f30ca7cd96c9f1e669ed9aa91996693e2b13f1d0efca6a4888e39d	未入库:拍摄原片/相机(本地保留)
./mvs_P16kH/cams/00000087_cam.txt	388	82e253adafdf181f63a22e7391f21a7d9abb02b97e7376c2dcac6f0b6393a93b	未入库:拍摄原片/相机(本地保留)
./mvs_P16kH/cams/00000088_cam.txt	391	64e671bb77033d6a629a4ae0d2a13d998ec45671d6d4c4332d66124e82252f22	未入库:拍摄原片/相机(本地保留)
./mvs_P16kH/cams/00000089_cam.txt	391	722997bff6eabeb46f5cb1c0414c43d56a2aef6113395e79c365cd2ec5761aea	未入库:拍摄原片/相机(本地保留)
./mvs_P16kH/cams/00000090_cam.txt	388	e14e8b93b3472a9bdeeaf1d1359323eb80cd957f4a69b0f1ae792741573e3347	未入库:拍摄原片/相机(本地保留)
./mvs_P16kH/cams/00000091_cam.txt	389	c6f34cef6f5b3326ee866d54da6f09454fd27654a9edbe412bed75744f171502	未入库:拍摄原片/相机(本地保留)
./mvs_P16kH/cams/00000092_cam.txt	382	45a1c3731f6c1a7d4b4ba2fe7587ecd2e566f68e3aee316355aba4d805078c4d	未入库:拍摄原片/相机(本地保留)
./mvs_P16kH/cams/00000093_cam.txt	389	15c933e4934ef38cbbeff9d69d85d015888253b628b605b8bf5bd9c674413565	未入库:拍摄原片/相机(本地保留)
./mvs_P16kH/cams/00000094_cam.txt	386	5e22bd32a726152021c3eadecf54d99cc36e3325d9584c0e77c1858a88fdd755	未入库:拍摄原片/相机(本地保留)
./mvs_P16kH/cams/00000095_cam.txt	386	880cbeff0798313a2bffe65bd9c548408478fdb45ee368b615234bdb9a0592a8	未入库:拍摄原片/相机(本地保留)
./mvs_P16kH/cams/00000096_cam.txt	385	0f7b0dda11190d64ae5dda22e3a91247672d0756a59a0df3481f672d86587b1c	未入库:拍摄原片/相机(本地保留)
./mvs_P16kH/cams/00000097_cam.txt	388	7aceef4c8e8f0dbaca7b94c73d42eb1cc51e6fe018abd5b37f82e75722efe8fd	未入库:拍摄原片/相机(本地保留)
./mvs_P16kH/cams/00000098_cam.txt	386	dae1d14d7f34e5c06749b29402d7acabff8c78c35ac27c1844276f25eb27b87d	未入库:拍摄原片/相机(本地保留)
./mvs_P16kH/cams/00000099_cam.txt	395	b96b1e096b66f6cb1f15b673c9aea8c67229e98f47f8c950fd8a93c597099799	未入库:拍摄原片/相机(本地保留)
./mvs_P16kH/cams/00000100_cam.txt	390	4e3c0ad31baefe6e604f25e8260c660ae1be99e20ddeda43fe2852f96c316376	未入库:拍摄原片/相机(本地保留)
./mvs_P16kH/cams/00000101_cam.txt	393	dafe840c4f9b8ea3439a67048f6d64e0d4a879d2e77717178b666d759ec9faaa	未入库:拍摄原片/相机(本地保留)
./mvs_P16kH/cams/00000102_cam.txt	386	c9951c7886b077b84ee4a75d0b9c2b3f1ed0b0f1435dbf00ded0a2b65c8ca358	未入库:拍摄原片/相机(本地保留)
./mvs_P16kH/cams/00000103_cam.txt	393	36baf059ce9b43fb2a232a211df65c27df93c09b83b6fd2ce6886b473038d71d	未入库:拍摄原片/相机(本地保留)
./mvs_P16kH/cams/00000104_cam.txt	389	a37476714dcb267d096bb1033b63b1fdc4635145ef6f6e1353cd03af3e4dc530	未入库:拍摄原片/相机(本地保留)
./mvs_P16kH/cams/00000105_cam.txt	386	70b55ac31199aa8c08f2b34ae96f445ea5d85f7f7d6979a4fd6e9a28db19cb66	未入库:拍摄原片/相机(本地保留)
./mvs_P16kH/cams/00000106_cam.txt	398	ee53aa0ce38c2e204ce636cc0b7520a99f9a1b983f921a3d6951c7b467b41ed4	未入库:拍摄原片/相机(本地保留)
./mvs_P16kH/cams/00000107_cam.txt	394	8ee2a5182d7d7e042bdebcd7eb1c1a141ee3855750c7d5409c40a59392d1223a	未入库:拍摄原片/相机(本地保留)
./mvs_P16kH/cams/00000108_cam.txt	393	4af05654e76d898e0e6d881562b3d968f322c74f40592f503acf6d7183b39333	未入库:拍摄原片/相机(本地保留)
./mvs_P16kH/cams/00000109_cam.txt	393	66155465c57d09e6c926b0edbb8dd7c8b01f406cbe75af9f45b209102059efd9	未入库:拍摄原片/相机(本地保留)
./mvs_P16kH/cams/00000110_cam.txt	390	012489ed922cf0ab401a52f2c573159d98029ebe6cc4099f57369ce6e16c1178	未入库:拍摄原片/相机(本地保留)
./mvs_P16kH/cams/00000111_cam.txt	391	177567e22ec1356acb2a7620f9f423908e38f9edd7daa58cb7be7825ce031c8f	未入库:拍摄原片/相机(本地保留)
./mvs_P16kH/cams/00000112_cam.txt	388	e91d3c3acbdb7cb6dd637ae852e112319c01c9dbccf682419efd4e8b850d4c9a	未入库:拍摄原片/相机(本地保留)
./mvs_P16kH/cams/00000113_cam.txt	398	622478b2c305dd5b6c5e2175d8f2be924b601d4ba5c5f155d8d5cad50777a571	未入库:拍摄原片/相机(本地保留)
./mvs_P16kH/cams/00000114_cam.txt	388	4022b2c659c979d2751092e8b63e7598bcc366252a7e11660bd15a860f9ccd7a	未入库:拍摄原片/相机(本地保留)
./mvs_P16kH/cams/00000115_cam.txt	391	e7af9ce7610862e5084996c740ba7f693ac5d9661eded3e3fc55b3c8759d1f7e	未入库:拍摄原片/相机(本地保留)
./mvs_P16kH/cams/00000116_cam.txt	393	2d59a26cf5e9f9907a374901a80e55b46911e6dac5ccb9de0c5058e645ce72d7	未入库:拍摄原片/相机(本地保留)
./mvs_P16kH/cams/00000117_cam.txt	393	20124ed3f41c468c8a924be3b84bddf68668dfb1a70d278c058a3dd1db444714	未入库:拍摄原片/相机(本地保留)
./mvs_P16kH/cams/00000118_cam.txt	395	506c5f3fd77a4e0e9fbbd05005b1dc8fe0d6624f09a6a21b79845800a82cec3a	未入库:拍摄原片/相机(本地保留)
./mvs_P16kH/cams/00000119_cam.txt	393	958bea55c5f5a0cb6be0c265b21fba69b31bde625dfc7cebbb416c61472611f9	未入库:拍摄原片/相机(本地保留)
./mvs_P16kH/cams/00000120_cam.txt	391	3ede6ced587c86a9d8f17c69ae4d38947d7a0fa5a095a4dbebf23993cd1d8009	未入库:拍摄原片/相机(本地保留)
./mvs_P16kH/cams/00000121_cam.txt	389	0a1445161ad123f435297d265ce748c0f8c66978245e2f4d80075d8e8c5db01e	未入库:拍摄原片/相机(本地保留)
./mvs_P16kH/cams/00000122_cam.txt	389	87b9a224e0028b27cc7cd66eb5637e4a6c2d53ed5f970007f6135cd7371c3704	未入库:拍摄原片/相机(本地保留)
./mvs_P16kH/cams/00000123_cam.txt	395	9956809620ca49624318b65c76208fd723f13c186ab2e35e83cb4af105ff90da	未入库:拍摄原片/相机(本地保留)
./mvs_P16kH/cams/00000124_cam.txt	394	ec75cc0507aad4ce96079885b0332d8aef3ab52a6022d1b7e05e7c58f2e14c50	未入库:拍摄原片/相机(本地保留)
./mvs_P16kH/cams/00000125_cam.txt	389	88fef1aafc39afd3b646ee57a171a6735997b4b7829b37e882b3b5eeb2843294	未入库:拍摄原片/相机(本地保留)
./mvs_P16kH/cams/00000126_cam.txt	391	1522086cd64f6fd14df3a64e04d891809bb953153a9573e9630975030d891832	未入库:拍摄原片/相机(本地保留)
./mvs_P16kH/cams/00000127_cam.txt	390	5a705988b44896838d5ceb4ddf80c88fd5ba1bd9c9842a3b88dfd420bc40abfe	未入库:拍摄原片/相机(本地保留)
./mvs_P16kH/cams/00000128_cam.txt	390	c34d8971ade2690e51bd676800c4d715d583ee36f23911b44b8b528c63c3d4fb	未入库:拍摄原片/相机(本地保留)
./mvs_P16kH/cams/00000129_cam.txt	388	235e77dd37add731606dad6c3e916545a0386eabb3cfef55844c0edd2db3dd64	未入库:拍摄原片/相机(本地保留)
./mvs_P16kH/cams/00000130_cam.txt	393	87e90b6ad72cb44c0dd7e3fcbf584ee17ec9e012a45e437bab60aa6f10cc1677	未入库:拍摄原片/相机(本地保留)
./mvs_P16kH/cams/00000131_cam.txt	392	bce6ef48cc1273445a5ae07a1465a4bda10c163ea20d3001cabe39219adbfb04	未入库:拍摄原片/相机(本地保留)
./colmap_official_dense_411_20260901/build_colmap_official.sh	105	8dde1ba1f178d414a506f25abfda68b475ab1d3840a9cdabf01ef19e8b759d19	已入库
./colmap_official_dense_411_20260901/colmap_build.conf	416	cd3a11252ceb8ca5e17a6c9a7a5e7e757c60f5616c2ceda1bdca06bb2f0719d6	未入库:第二档,暂留本地待定
./colmap_official_dense_411_20260901/colmap_official_dense.conf	391	d40e13671366141a896c53e8a4b8c55acf3bd9ee29c20d3f55d6b7734bdaddad	未入库:第二档,暂留本地待定
./colmap_official_dense_411_20260901/colmap_official_dense_v3.conf	443	acc4988e3bfdfc971bce20f6b4e8e41e2b7104dd01b992eff812b94c9840b123	未入库:第二档,暂留本地待定
./colmap_official_dense_411_20260901/colmap_official_dense_v4_resume.conf	466	3015a146dda78250279dd8db70305c9ee713a481d48f999a318c0f48cbc73248	未入库:第二档,暂留本地待定
./colmap_official_dense_411_20260901/manifest_json.py	418	14268e41ec0e75fc0c8a8cd3eec8bb863a408b654d6547debed8c13e570bf61f	已入库
./colmap_official_dense_411_20260901/resume_colmap_official_dense_v4.sh	1164	3a1909eee132bfbe068e9326b31087fd192d27a45fd0f700250079252cb68646	已入库
./colmap_official_dense_411_20260901/run_colmap_official_dense_cli.sh	1940	f80945c22236c5f741fdb29e11f5e33db7f0c24a106c9db839148d3e8791dbd0	已入库
./colmap_official_dense_411_20260901/run_official_dense.py	4446	31e42598c98c1cd7c4ea41f07ae68c171855d41d9d642bc87f17758229f209ae	已入库
./colmap_official_dense_411_20260901/test_manifest_json.py	518	4dc44c040a0bb8fb46a89b4f027793560dde6942cc2fe9c23b0bfd6c682e0efa	已入库
./ruler_audit_20260824/cloud_vs_ref_full5.json	801	c2df839a4b3c72bfd1d32da43fe54d59ad694b62416ea579eef09de0a8fa5040	已入库
./ruler_audit_20260824/cloud_vs_ref_full5.log	560	421db79492c30cb85fce261768a7a132cf30a6e5453d7fb4cc4a43e387623963	已入库
./ruler_audit_20260824/density_normalize.log	1031	27039831d6bb2f63c36a463d5f69c95761e73426318dc5b37fb18ffb0c2e3b5f	已入库
./ruler_audit_20260824/density_normalize.py	2775	fcead3548e7f3d49415461d627685bcb6629293f862594aa1658599aa08b1905	已入库
./ruler_audit_20260824/dnorm_cloud_vs_ref.json	804	0b5ad7233dfc43ddebe3af0c2452235297c69fe0a7cac639acb9555bea9c8121	已入库
./ruler_audit_20260824/dnorm_cloud_vs_ref.log	560	edc62f58b0b69b27da8a34c703288310ef4b86a032d0a4db1ab3f93adca1ed47	已入库
./ruler_audit_20260824/dnorm_ghost_mass.json	568	e6e9956204fde6fa69c460ee81cf4f6fff7b4780ba0448dda7e37a8b03d287c2	已入库
./ruler_audit_20260824/dnorm_ghost_mass.log	576	6d56286ef9e0f0d890f49ba847748cb94817ba8b19cd3b76a33e30bb0600be68	已入库
./ruler_audit_20260824/dnorm_wall_flatness.json	897	07f236cbc1a343d66c2d026037b877f53a6b81e59d5cdb490895976189d824d3	已入库
./ruler_audit_20260824/dnorm_wall_flatness.log	601	952e4a00cdda6eb416d45edea1a4b7b37959754a4ecf33cb4f9b3ef45d0b9817	已入库
./ruler_audit_20260824/matrix_cloud_vs_ref.csv	1014	5431defa17ae195eb26ca0ec54e2c8e6242dfb386f549c77e9e77ca1d95336c2	已入库
./ruler_audit_20260824/matrix_ghost_mass.csv	535	3c604084f3f92d03b71272faaef7753a8f7a94f8fef2f5a3f935bb450bef85da	已入库
./ruler_audit_20260824/matrix_summary.py	1485	0eb7c9d6ec0eb37c585104e14e2ea872b6d06d3b0339455297b4b505fb571a2a	已入库
./ruler_audit_20260824/matrix_wall_flatness.csv	1172	1e07fe4c63c6bbc1aa85daed1ea14391e47627018c00789d396a8a26f59f761f	已入库
./ruler_audit_20260824/sanity_cloud_vs_ref.json	616	cbf0c5dbe53a1d7eaddba64431c72e119931e6e1b31651797a96208a638624c8	已入库
./ruler_audit_20260824/sanity_cloud_vs_ref.log	475	fac4c006235e641ee3d7d74c379e85c4faa6b6de9708a5153883ad66a01c3cac	已入库
./ruler_audit_20260824/sanity_ghost_mass.json	567	8fe095e2b440c1f13793a4dc3f7a19ed6d5f3f393fe1303d8ad031cdf6c66184	已入库
./ruler_audit_20260824/sanity_ghost_mass.log	576	56f18a8e01ccb2afe0db7c6a03dc29d99c6d7217ac12f1580307d37184c98f23	已入库
./ruler_audit_20260824/sanity_wall_flatness2_refblendmvg.json	709	c3c08828184ebe49cab2baf9e95e0d5ea023ddc4c5fab84e3809b76acb8413fd	已入库
./ruler_audit_20260824/sanity_wall_flatness2_refblendmvg.log	518	4c709244a250554a1c20746f8c04cdb3dd8882118ed3536f380bce1f6269628a	已入库
./ruler_audit_20260824/sanity_wall_flatness_refblendmvg.json	715	d92891e493d35867eae94254613062e5e72f7f2425dcefcce44b7bb83b856e61	已入库
./ruler_audit_20260824/sanity_wall_flatness_refblendmvg.log	518	08b5b3d2cec480c0b1146cac45352c8d7990d9c6848be74d7df6c24991a0065e	已入库
./ruler_audit_20260824/sanity_wf2_band020.json	706	03043e1f9239bbb19f5db2a878f953c036fe3cf7de8999a1ad292bb9a073a853	已入库
./ruler_audit_20260824/sanity_wf2_band020.log	518	72680c2681d61063f676c19d25f0c33658a7ef1e287369e9afd634f7c00625e7	已入库
./ruler_audit_20260824/sanity_wf2_refC.json	711	b8a362d7cc3d932262ae80654107eb46350d50ac9fed091beaaba4b94d6eeb39	已入库
./ruler_audit_20260824/sanity_wf2_refC.log	511	50b42da0afb5842660e73962da501a39947695cdcbceaba7a908ec129ea0e804	已入库
./ruler_audit_20260824/sanity_wf2_refblend.json	709	87508ab6c4d72cd1d42d0e54b2abf2108077ff9ed0c2636372242929f0577e17	已入库
./ruler_audit_20260824/sanity_wf2_refblend.log	515	534702f3134130e01bdb8984df521d0bab4cb27ee85ca2c963bceb091b2b9985	已入库
./ruler_audit_20260824/sanity_wf2_refdtu.json	714	160b6d2728ec53d0b07435e4cf21a5cada27d685564fe1b86f7bab8bc16e0bd1	已入库
./ruler_audit_20260824/sanity_wf2_refdtu.log	513	1ce53d7b0b66bdeb4f67cd4e8cf27f8ecc1f02648dddba935f145c76fbfdfcc3	已入库
./ruler_audit_20260824/spearman_calib.py	2516	6cc7cdfe495a344b38ee28a44c5145b426362ad9cac02fd2960b9657abf74789	已入库
./ruler_audit_20260824/spearman_calib_output.txt	3292	7c08edc7489aef48e058f8790589473835aa431dfb2227ba98b2c5edd27ab1cb	已入库
./ruler_audit_20260824/wall_flatness_full5.json	906	93e9d211d19d2f993aba23d41ba0e3f3a5ef18a508f3edd73ae97598d1c64457	已入库
./ruler_audit_20260824/wall_flatness_full5.log	601	4bb83632dd1fbed2a5997d7a6b9996d1ee5f1df48540f62d0d0ee2419264b842	已入库
./ruler_audit_20260824/density_norm/dnorm_C.ply	34939831	900d7b0eb42315712946022eb368366590fb7984caea0691f702d43b0abe70b4	未入库:第二档,暂留本地待定
./ruler_audit_20260824/density_norm/dnorm_blend.ply	34939831	a57d59d8e8712a02156d55760b3f5e910bdf2279b136386110aa988b2d251ebc	未入库:第二档,暂留本地待定
./ruler_audit_20260824/density_norm/dnorm_blendmvg.ply	34939831	b271876347747052fa8308e6f4e9d9289e809e524b56231f2b2441859ac4178a	未入库:第二档,暂留本地待定
./ruler_audit_20260824/density_norm/dnorm_dtu.ply	34939831	3e92efb94f479aa0f5952022e22acbc0613139397dfca90418a7c7eaa51ec741	未入库:第二档,暂留本地待定
./ruler_audit_20260824/density_norm/dnorm_mvgZeroDTU.ply	34939831	9b0bb0d30d94b149955c557cb1d26e5803d1323cb5c144d3c8729068ae9f961f	未入库:第二档,暂留本地待定
