[13:46:06.460] [init] [INFO] | Addon antlandscape already in blender local addons, attempt to enable it.
[13:46:06.705] [core] [WARNING] | Could not import infinigen.OcMesher submodule; terrain meshing unavailable
[13:46:06.842] [init] [INFO] | Addon extra_mesh_objects already in blender local addons, attempt to enable it.
[13:46:07.576] [smb_client] [WARNING] | SMB_AUTH envvar is not set, smb_client upload will not work. Ignore this message if not using upload
[13:46:07.686] [ocmesher_utils] [WARNING] | Could not import infinigen.OcMesher submodule; run_ocmesher unavailable
[13:46:08.257] [init] [INFO] | Addon real_snow already in blender local addons, attempt to enable it.
[13:46:08.273] [init] [INFO] | Converted seed='0' to scene_seed=0, parsed as hexadecimal
[13:46:08.279] [resource_reader] [ERROR] | Path not found: configs_nature/base.gin
[13:46:08.283] [resource_reader] [ERROR] | Path not found: configs_nature/performance/fast_terrain_assets.gin
[13:46:08.287] [execute_tasks] [INFO] | infinigen version 1.19.1
[13:46:08.287] [execute_tasks] [INFO] | CUDA_VISIBLE_DEVICES=None
[13:46:08.287] [logging] [INFO] | [MAIN TOTAL]
[13:46:08.290] [logging] [INFO] | [Reading input blendfile]
Read blend: "/root/ig_out/coarse/scene.blend"
[13:46:10.399] [logging] [INFO] | [Reading input blendfile] finished in 0:00:02.108547
[13:46:10.399] [blender] [WARNING] | Re-initialized 0 as trusted. Do not run infinigen on untrusted blend files. 
[13:46:10.399] [execute_tasks] [INFO] | Processing frames 1 through 1 inclusive
HIP hipInit: Invalid device
[13:46:10.523] [init] [INFO] | Available devices have types=['OPTIX', 'CUDA', 'CPU']
[13:46:10.523] [init] [INFO] | Cycles will use use_device_type='OPTIX', len(use_devices)=1
[13:46:10.532] [logging] [INFO] | [Render Frames]
[13:46:10.532] [init] [INFO] | Available devices have types=['OPTIX', 'CUDA', 'CPU']
[13:46:10.533] [init] [INFO] | Cycles will use use_device_type='OPTIX', len(use_devices)=1
[13:46:10.539] [logging] [INFO] | [Set material indices]
[13:46:10.544] [logging] [INFO] | [Set material indices] finished in 0:00:00.005018
[13:46:10.582] [logging] [INFO] | [Actual rendering]
Fra:1 Mem:512.03M (Peak 512.03M) | Time:00:00.78 | Mem:0.00M, Peak:0.00M | Scene, ViewLayer | Synchronizing object | CeilingLightFactory(2243779).spawn_asset(2726692)
Fra:1 Mem:512.03M (Peak 512.03M) | Time:00:00.78 | Mem:0.00M, Peak:0.00M | Scene, ViewLayer | Synchronizing object | CeilingLightFactory(2243779).spawn_asset(4773464)
Fra:1 Mem:514.06M (Peak 514.06M) | Time:00:00.78 | Mem:0.00M, Peak:0.00M | Scene, ViewLayer | Synchronizing object | CeilingLightFactory(2243779).spawn_asset(6537509)
Fra:1 Mem:514.09M (Peak 514.09M) | Time:00:00.78 | Mem:0.00M, Peak:0.00M | Scene, ViewLayer | Synchronizing object | GlassPanelDoorFactory(430087).spawn_asset(3)
Fra:1 Mem:514.11M (Peak 514.11M) | Time:00:00.78 | Mem:0.00M, Peak:0.00M | Scene, ViewLayer | Synchronizing object | PanelDoorFactory(8692110).spawn_asset(4)
Fra:1 Mem:514.26M (Peak 514.26M) | Time:00:00.78 | Mem:0.00M, Peak:0.00M | Scene, ViewLayer | Synchronizing object | skirtingboard_support
Fra:1 Mem:514.88M (Peak 514.88M) | Time:00:00.78 | Mem:0.00M, Peak:0.00M | Scene, ViewLayer | Synchronizing object | PanelDoorFactory(3912436).spawn_asset(1)
Fra:1 Mem:516.72M (Peak 516.72M) | Time:00:00.78 | Mem:0.00M, Peak:0.00M | Scene, ViewLayer | Synchronizing object | PanelDoorFactory(3912436).spawn_asset(2)
Fra:1 Mem:518.09M (Peak 518.09M) | Time:00:00.79 | Mem:0.00M, Peak:0.00M | Scene, ViewLayer | Synchronizing object | WindowFactory(4650).spawn_asset(0)
Fra:1 Mem:522.02M (Peak 522.02M) | Time:00:00.79 | Mem:0.00M, Peak:0.00M | Scene, ViewLayer | Synchronizing object | WindowFactory(4650).spawn_asset(1)
Fra:1 Mem:521.15M (Peak 522.02M) | Time:00:00.79 | Mem:0.00M, Peak:0.00M | Scene, ViewLayer | Synchronizing object | WindowFactory(4650).spawn_asset(2)
Fra:1 Mem:521.25M (Peak 522.02M) | Time:00:00.79 | Mem:0.00M, Peak:0.00M | Scene, ViewLayer | Synchronizing object | WindowFactory(65271).spawn_asset(3)
Fra:1 Mem:521.37M (Peak 522.02M) | Time:00:00.79 | Mem:0.00M, Peak:0.00M | Scene, ViewLayer | Synchronizing object | WindowFactory(65271).spawn_asset(5)
Fra:1 Mem:521.86M (Peak 522.02M) | Time:00:00.79 | Mem:0.00M, Peak:0.00M | Scene, ViewLayer | Synchronizing object | WindowFactory(65271).spawn_asset(6)
Fra:1 Mem:521.87M (Peak 522.02M) | Time:00:00.79 | Mem:0.00M, Peak:0.00M | Scene, ViewLayer | Synchronizing object | WindowFactory(65271).spawn_asset(7)
Fra:1 Mem:521.91M (Peak 522.02M) | Time:00:00.79 | Mem:0.00M, Peak:0.00M | Scene, ViewLayer | Synchronizing object | WindowFactory(65271).spawn_asset(8)
Fra:1 Mem:522.16M (Peak 522.16M) | Time:00:00.79 | Mem:0.00M, Peak:0.00M | Scene, ViewLayer | Synchronizing object | WindowFactory(65271).spawn_asset(9)
Fra:1 Mem:522.27M (Peak 522.27M) | Time:00:00.79 | Mem:0.00M, Peak:0.00M | Scene, ViewLayer | Synchronizing object | WindowFactory(4650).spawn_asset(10)
Fra:1 Mem:523.06M (Peak 523.06M) | Time:00:00.79 | Mem:0.00M, Peak:0.00M | Scene, ViewLayer | Synchronizing object | WindowFactory(4650).spawn_asset(11)
Fra:1 Mem:523.35M (Peak 523.35M) | Time:00:00.79 | Mem:0.00M, Peak:0.00M | Scene, ViewLayer | Synchronizing object | WindowFactory(4650).spawn_asset(12)
Fra:1 Mem:524.75M (Peak 524.75M) | Time:00:00.79 | Mem:0.00M, Peak:0.00M | Scene, ViewLayer | Synchronizing object | WindowFactory(4650).spawn_asset(13)
Fra:1 Mem:525.42M (Peak 525.42M) | Time:00:00.79 | Mem:0.00M, Peak:0.00M | Scene, ViewLayer | Synchronizing object | WindowFactory(4650).spawn_asset(14)
Fra:1 Mem:525.73M (Peak 525.73M) | Time:00:00.79 | Mem:0.00M, Peak:0.00M | Scene, ViewLayer | Synchronizing object | living-room_0/0.wall
Fra:1 Mem:526.62M (Peak 526.62M) | Time:00:00.79 | Mem:0.00M, Peak:0.00M | Scene, ViewLayer | Synchronizing object | bathroom_0/0.wall
Fra:1 Mem:526.64M (Peak 526.64M) | Time:00:00.79 | Mem:0.00M, Peak:0.00M | Scene, ViewLayer | Synchronizing object | bedroom_0/0.wall
Fra:1 Mem:526.64M (Peak 526.64M) | Time:00:00.79 | Mem:0.00M, Peak:0.00M | Scene, ViewLayer | Synchronizing object | kitchen_0/0.wall
Fra:1 Mem:526.74M (Peak 526.74M) | Time:00:00.79 | Mem:0.00M, Peak:0.00M | Scene, ViewLayer | Synchronizing object | living-room_0/0.floor
Fra:1 Mem:526.83M (Peak 526.83M) | Time:00:00.79 | Mem:0.00M, Peak:0.00M | Scene, ViewLayer | Synchronizing object | bedroom_0/0.floor
Fra:1 Mem:526.99M (Peak 526.99M) | Time:00:00.79 | Mem:0.00M, Peak:0.00M | Scene, ViewLayer | Synchronizing object | dining-room_0/0.floor
Fra:1 Mem:526.99M (Peak 526.99M) | Time:00:00.79 | Mem:0.00M, Peak:0.00M | Scene, ViewLayer | Synchronizing object | kitchen_0/0.floor
Fra:1 Mem:526.94M (Peak 526.99M) | Time:00:00.79 | Mem:0.00M, Peak:0.00M | Scene, ViewLayer | Synchronizing object | living-room_0/0.ceiling
Fra:1 Mem:526.95M (Peak 526.99M) | Time:00:00.79 | Mem:0.00M, Peak:0.00M | Scene, ViewLayer | Synchronizing object | bathroom_0/0.ceiling
Fra:1 Mem:526.98M (Peak 526.99M) | Time:00:00.79 | Mem:0.00M, Peak:0.00M | Scene, ViewLayer | Synchronizing object | bedroom_0/0.ceiling
Fra:1 Mem:527.12M (Peak 527.12M) | Time:00:00.79 | Mem:0.00M, Peak:0.00M | Scene, ViewLayer | Synchronizing object | dining-room_0/0.ceiling
Fra:1 Mem:527.12M (Peak 527.12M) | Time:00:00.79 | Mem:0.00M, Peak:0.00M | Scene, ViewLayer | Synchronizing object | kitchen_0/0.ceiling
Fra:1 Mem:527.15M (Peak 527.15M) | Time:00:00.79 | Mem:0.00M, Peak:0.00M | Scene, ViewLayer | Synchronizing object | living-room_0/0.exterior
Fra:1 Mem:527.34M (Peak 527.34M) | Time:00:00.79 | Mem:0.00M, Peak:0.00M | Scene, ViewLayer | Synchronizing object | bedroom_0/0.exterior
Fra:1 Mem:527.67M (Peak 527.67M) | Time:00:00.79 | Mem:0.00M, Peak:0.00M | Scene, ViewLayer | Synchronizing object | dining-room_0/0.exterior
Fra:1 Mem:527.72M (Peak 527.72M) | Time:00:00.79 | Mem:0.00M, Peak:0.00M | Scene, ViewLayer | Synchronizing object | kitchen_0/0.exterior
Fra:1 Mem:527.84M (Peak 527.84M) | Time:00:00.79 | Mem:0.00M, Peak:0.00M | Scene, ViewLayer | Synchronizing object | LargeShelfFactory(2888612).spawn_asset(8567013)
Fra:1 Mem:528.15M (Peak 528.15M) | Time:00:00.79 | Mem:0.00M, Peak:0.00M | Scene, ViewLayer | Synchronizing object | LargeShelfFactory(5078848).spawn_asset(3171633)
Fra:1 Mem:527.87M (Peak 528.15M) | Time:00:00.79 | Mem:0.00M, Peak:0.00M | Scene, ViewLayer | Synchronizing object | SimpleBookcaseFactory(1275616).spawn_asset(1539253)
Fra:1 Mem:528.58M (Peak 528.58M) | Time:00:00.79 | Mem:0.00M, Peak:0.00M | Scene, ViewLayer | Synchronizing object | LargeShelfFactory(49337).spawn_asset(7834357)
Fra:1 Mem:528.59M (Peak 528.59M) | Time:00:00.79 | Mem:0.00M, Peak:0.00M | Scene, ViewLayer | Synchronizing object | SimpleBookcaseFactory(42217).spawn_asset(6899812)
Fra:1 Mem:527.54M (Peak 528.59M) | Time:00:00.79 | Mem:0.00M, Peak:0.00M | Scene, ViewLayer | Synchronizing object | SimpleBookcaseFactory(9577968).spawn_asset(8376098)
Fra:1 Mem:527.78M (Peak 528.59M) | Time:00:00.79 | Mem:0.00M, Peak:0.00M | Scene, ViewLayer | Synchronizing object | LargePlantContainerFactory(321591).spawn_asset(9396367)
Fra:1 Mem:527.83M (Peak 528.59M) | Time:00:00.79 | Mem:0.00M, Peak:0.00M | Scene, ViewLayer | Synchronizing object | TableDiningFactory(7268233).spawn_asset(5458694)
Fra:1 Mem:528.16M (Peak 528.59M) | Time:00:00.79 | Mem:0.00M, Peak:0.00M | Scene, ViewLayer | Synchronizing object | ChairFactory(5481524).spawn_asset(9685802)
Fra:1 Mem:531.62M (Peak 531.62M) | Time:00:00.79 | Mem:0.00M, Peak:0.00M | Scene, ViewLayer | Synchronizing object | ChairFactory(5481524).spawn_asset(4333887)
Fra:1 Mem:531.64M (Peak 531.64M) | Time:00:00.79 | Mem:0.00M, Peak:0.00M | Scene, ViewLayer | Synchronizing object | ChairFactory(5481524).spawn_asset(1030904)
Fra:1 Mem:538.04M (Peak 538.04M) | Time:00:00.79 | Mem:0.00M, Peak:0.00M | Scene, ViewLayer | Synchronizing object | DeskLampFactory(5293206).spawn_asset(2068086)
Fra:1 Mem:544.46M (Peak 544.46M) | Time:00:00.79 | Mem:0.00M, Peak:0.00M | Scene, ViewLayer | Synchronizing object | SpoonFactory(2631509).spawn_asset(4730415)
Fra:1 Mem:544.52M (Peak 544.52M) | Time:00:00.79 | Mem:0.00M, Peak:0.00M | Scene, ViewLayer | Synchronizing object | ChopsticksFactory(6669036).spawn_asset(2044379)
Fra:1 Mem:544.81M (Peak 544.81M) | Time:00:00.79 | Mem:0.00M, Peak:0.00M | Scene, ViewLayer | Synchronizing object | NatureShelfTrinketsFactory(3188039).spawn_asset(1608882)
Fra:1 Mem:546.46M (Peak 546.46M) | Time:00:00.79 | Mem:0.00M, Peak:0.00M | Scene, ViewLayer | Synchronizing object | BookColumnFactory(6774943).spawn_asset(1336388)
Fra:1 Mem:546.79M (Peak 546.79M) | Time:00:00.79 | Mem:0.00M, Peak:0.00M | Scene, ViewLayer | Synchronizing object | BookStackFactory(22916).spawn_asset(5801194)
Fra:1 Mem:546.80M (Peak 546.80M) | Time:00:00.79 | Mem:0.00M, Peak:0.00M | Scene, ViewLayer | Synchronizing object | NatureShelfTrinketsFactory(8013605).spawn_asset(4044291)
Fra:1 Mem:553.17M (Peak 553.26M) | Time:00:00.79 | Mem:0.00M, Peak:0.00M | Scene, ViewLayer | Synchronizing object | NatureShelfTrinketsFactory(8818825).spawn_asset(2348196)
Fra:1 Mem:583.16M (Peak 583.16M) | Time:00:00.80 | Mem:0.00M, Peak:0.00M | Scene, ViewLayer | Synchronizing object | PotFactory(296891).spawn_asset(7320105)
Fra:1 Mem:591.84M (Peak 591.84M) | Time:00:00.80 | Mem:0.00M, Peak:0.00M | Scene, ViewLayer | Synchronizing object | NatureShelfTrinketsFactory(2299297).spawn_asset(8199935)
Fra:1 Mem:594.79M (Peak 594.79M) | Time:00:00.80 | Mem:0.00M, Peak:0.00M | Scene, ViewLayer | Synchronizing object | CupFactory(2431700).spawn_asset(6316295)
Fra:1 Mem:594.79M (Peak 594.79M) | Time:00:00.80 | Mem:0.00M, Peak:0.00M | Scene, ViewLayer | Synchronizing object | PotFactory(296891).spawn_asset(6683733)
Fra:1 Mem:603.05M (Peak 603.05M) | Time:00:00.80 | Mem:0.00M, Peak:0.00M | Scene, ViewLayer | Synchronizing object | BookColumnFactory(9739703).spawn_asset(366805)
Fra:1 Mem:614.20M (Peak 614.20M) | Time:00:00.80 | Mem:0.00M, Peak:0.00M | Scene, ViewLayer | Synchronizing object | BookStackFactory(5631675).spawn_asset(9795330)
Fra:1 Mem:617.68M (Peak 617.68M) | Time:00:00.80 | Mem:0.00M, Peak:0.00M | Scene, ViewLayer | Synchronizing object | NatureShelfTrinketsFactory(2681862).spawn_asset(6921758)
Fra:1 Mem:624.72M (Peak 624.72M) | Time:00:00.80 | Mem:0.00M, Peak:0.00M | Scene, ViewLayer | Synchronizing object | CupFactory(4919284).spawn_asset(6362988)
Fra:1 Mem:624.72M (Peak 624.72M) | Time:00:00.81 | Mem:0.00M, Peak:0.00M | Scene, ViewLayer | Synchronizing object | PotFactory(296891).spawn_asset(2810067)
Fra:1 Mem:627.08M (Peak 627.08M) | Time:00:00.81 | Mem:0.00M, Peak:0.00M | Scene, ViewLayer | Synchronizing object | BowlFactory(4755182).spawn_asset(6634922)
Fra:1 Mem:641.25M (Peak 641.25M) | Time:00:00.81 | Mem:0.00M, Peak:0.00M | Scene, ViewLayer | Synchronizing object | BookStackFactory(3895050).spawn_asset(3090146)
Fra:1 Mem:641.26M (Peak 641.26M) | Time:00:00.81 | Mem:0.00M, Peak:0.00M | Scene, ViewLayer | Synchronizing object | WineglassFactory(1377420).spawn_asset(8789042)
Fra:1 Mem:649.59M (Peak 649.59M) | Time:00:00.81 | Mem:0.00M, Peak:0.00M | Scene, ViewLayer | Synchronizing object | WineglassFactory(1377420).spawn_asset(7189081)
Fra:1 Mem:1001.28M (Peak 1010.97M) | Time:00:01.23 | Mem:0.00M, Peak:0.00M | Scene, ViewLayer | Initializing
Fra:1 Mem:1000.92M (Peak 1010.97M) | Time:00:01.23 | Mem:0.00M, Peak:0.00M | Scene, ViewLayer | Updating Images | Loading text_texture.138
Fra:1 Mem:1000.92M (Peak 1010.97M) | Time:00:01.23 | Mem:0.00M, Peak:0.00M | Scene, ViewLayer | Updating Images | Loading text_texture.040
Fra:1 Mem:1000.92M (Peak 1010.97M) | Time:00:01.23 | Mem:0.00M, Peak:0.00M | Scene, ViewLayer | Updating Images | Loading text_texture.046
Fra:1 Mem:1000.92M (Peak 1010.97M) | Time:00:01.23 | Mem:0.00M, Peak:0.00M | Scene, ViewLayer | Updating Images | Loading text_texture.045
Fra:1 Mem:1000.92M (Peak 1010.97M) | Time:00:01.23 | Mem:0.00M, Peak:0.00M | Scene, ViewLayer | Updating Images | Loading text_texture.044
Fra:1 Mem:1000.92M (Peak 1010.97M) | Time:00:01.23 | Mem:0.00M, Peak:0.00M | Scene, ViewLayer | Updating Images | Loading text_texture.055
Fra:1 Mem:1000.92M (Peak 1010.97M) | Time:00:01.23 | Mem:0.00M, Peak:0.00M | Scene, ViewLayer | Updating Images | Loading text_texture.079
Fra:1 Mem:1003.37M (Peak 1010.97M) | Time:00:01.24 | Mem:0.00M, Peak:0.00M | Scene, ViewLayer | Updating Images | Loading text_texture.080
Fra:1 Mem:1004.59M (Peak 1010.97M) | Time:00:01.24 | Mem:0.00M, Peak:0.00M | Scene, ViewLayer | Updating Images | Loading text_texture.100
Fra:1 Mem:1005.20M (Peak 1010.97M) | Time:00:01.24 | Mem:0.00M, Peak:0.00M | Scene, ViewLayer | Updating Images | Loading text_texture.099
Fra:1 Mem:1007.04M (Peak 1010.97M) | Time:00:01.24 | Mem:0.00M, Peak:0.00M | Scene, ViewLayer | Updating Images | Loading text_texture.101
Fra:1 Mem:1007.04M (Peak 1010.97M) | Time:00:01.24 | Mem:0.00M, Peak:0.00M | Scene, ViewLayer | Updating Images | Loading text_texture.102
Fra:1 Mem:973.46M (Peak 1012.59M) | Time:00:01.33 | Mem:7.94M, Peak:7.94M | Scene, ViewLayer | Waiting for render to start
Fra:1 Mem:973.46M (Peak 1012.59M) | Time:00:01.34 | Mem:7.94M, Peak:7.94M | Scene, ViewLayer | Loading render kernels (may take a few minutes the first time)
Fra:1 Mem:973.46M (Peak 1012.59M) | Time:00:02.28 | Mem:7.95M, Peak:7.95M | Scene, ViewLayer | Updating Scene
Fra:1 Mem:973.46M (Peak 1012.59M) | Time:00:02.28 | Mem:7.95M, Peak:7.95M | Scene, ViewLayer | Updating Shaders
Fra:1 Mem:975.16M (Peak 1012.59M) | Time:00:02.30 | Mem:9.56M, Peak:9.56M | Scene, ViewLayer | Updating Procedurals
Fra:1 Mem:975.16M (Peak 1012.59M) | Time:00:02.30 | Mem:9.56M, Peak:9.56M | Scene, ViewLayer | Updating Background
Fra:1 Mem:975.16M (Peak 1012.59M) | Time:00:02.30 | Mem:9.56M, Peak:9.56M | Scene, ViewLayer | Updating Camera
Fra:1 Mem:975.16M (Peak 1012.59M) | Time:00:02.30 | Mem:9.56M, Peak:9.56M | Scene, ViewLayer | Updating Meshes Flags
Fra:1 Mem:975.16M (Peak 1012.59M) | Time:00:02.30 | Mem:9.56M, Peak:9.56M | Scene, ViewLayer | Updating Objects
Fra:1 Mem:975.16M (Peak 1012.59M) | Time:00:02.30 | Mem:9.56M, Peak:9.56M | Scene, ViewLayer | Updating Objects | Copying Transformations to device
Fra:1 Mem:975.17M (Peak 1012.59M) | Time:00:02.30 | Mem:9.58M, Peak:9.58M | Scene, ViewLayer | Updating Objects | Applying Static Transformations
Fra:1 Mem:975.17M (Peak 1012.59M) | Time:00:02.31 | Mem:9.58M, Peak:9.58M | Scene, ViewLayer | Updating Particle Systems
Fra:1 Mem:975.17M (Peak 1012.59M) | Time:00:02.31 | Mem:9.58M, Peak:9.58M | Scene, ViewLayer | Updating Particle Systems | Copying Particles to device
Fra:1 Mem:975.17M (Peak 1012.59M) | Time:00:02.32 | Mem:9.58M, Peak:9.58M | Scene, ViewLayer | Updating Meshes
Fra:1 Mem:1063.33M (Peak 1063.33M) | Time:00:02.64 | Mem:9.58M, Peak:9.58M | Scene, ViewLayer | Updating Displacement Images
Fra:1 Mem:1063.33M (Peak 1063.33M) | Time:00:02.64 | Mem:9.58M, Peak:9.58M | Scene, ViewLayer | Updating Mesh | Computing normals
Fra:1 Mem:1264.38M (Peak 1264.38M) | Time:00:02.80 | Mem:9.58M, Peak:9.58M | Scene, ViewLayer | Updating Mesh | Copying Mesh to device
Fra:1 Mem:1264.38M (Peak 1264.38M) | Time:00:02.99 | Mem:210.62M, Peak:210.62M | Scene, ViewLayer | Updating Mesh | Computing attributes
Fra:1 Mem:1324.30M (Peak 1324.30M) | Time:00:03.17 | Mem:210.63M, Peak:210.63M | Scene, ViewLayer | Updating Mesh | Copying Attributes to device
Fra:1 Mem:1324.28M (Peak 1324.30M) | Time:00:03.23 | Mem:270.53M, Peak:270.53M | Scene, ViewLayer | Updating Mesh | Computing Displacement Plane.010
Fra:1 Mem:1324.28M (Peak 1324.30M) | Time:00:03.23 | Mem:270.53M, Peak:270.65M | Scene, ViewLayer | Updating Mesh | Computing Displacement Plane.012
Fra:1 Mem:1324.28M (Peak 1324.30M) | Time:00:03.23 | Mem:270.53M, Peak:270.65M | Scene, ViewLayer | Updating Mesh | Computing Displacement Plane.014
Fra:1 Mem:1324.28M (Peak 1324.30M) | Time:00:03.23 | Mem:270.53M, Peak:270.65M | Scene, ViewLayer | Updating Mesh | Computing Displacement Plane.016
Fra:1 Mem:1324.28M (Peak 1324.30M) | Time:00:03.23 | Mem:270.53M, Peak:270.65M | Scene, ViewLayer | Updating Mesh | Computing Displacement Plane.018
Fra:1 Mem:1324.28M (Peak 1324.30M) | Time:00:03.23 | Mem:270.53M, Peak:270.65M | Scene, ViewLayer | Updating Mesh | Computing Displacement Cube.065
Fra:1 Mem:1324.28M (Peak 1324.30M) | Time:00:03.23 | Mem:270.53M, Peak:270.65M | Scene, ViewLayer | Updating Mesh | Computing Displacement Cube.066
Fra:1 Mem:1324.28M (Peak 1324.30M) | Time:00:03.23 | Mem:270.53M, Peak:270.65M | Scene, ViewLayer | Updating Mesh | Computing Displacement Cube.067
Fra:1 Mem:1324.28M (Peak 1324.30M) | Time:00:03.23 | Mem:270.53M, Peak:270.65M | Scene, ViewLayer | Updating Mesh | Computing Displacement Cube.068
Fra:1 Mem:1324.28M (Peak 1324.30M) | Time:00:03.23 | Mem:270.53M, Peak:270.68M | Scene, ViewLayer | Updating Mesh | Computing Displacement Cube.069
Fra:1 Mem:1324.28M (Peak 1324.30M) | Time:00:03.23 | Mem:270.53M, Peak:270.68M | Scene, ViewLayer | Updating Mesh | Computing Displacement Cube.070
Fra:1 Mem:1324.28M (Peak 1324.30M) | Time:00:03.23 | Mem:270.53M, Peak:270.68M | Scene, ViewLayer | Updating Mesh | Computing Displacement Cube.071
Fra:1 Mem:1324.28M (Peak 1324.30M) | Time:00:03.23 | Mem:270.53M, Peak:270.68M | Scene, ViewLayer | Updating Mesh | Computing Displacement Cube.072
Fra:1 Mem:1324.28M (Peak 1324.30M) | Time:00:03.24 | Mem:270.53M, Peak:270.68M | Scene, ViewLayer | Updating Mesh | Computing Displacement Cube.073
Fra:1 Mem:1324.28M (Peak 1324.30M) | Time:00:03.24 | Mem:270.53M, Peak:270.68M | Scene, ViewLayer | Updating Mesh | Computing Displacement Cube.074
Fra:1 Mem:1324.28M (Peak 1324.30M) | Time:00:03.24 | Mem:270.53M, Peak:270.68M | Scene, ViewLayer | Updating Mesh | Computing Displacement Cube.075
Fra:1 Mem:1324.28M (Peak 1324.30M) | Time:00:03.24 | Mem:270.53M, Peak:270.68M | Scene, ViewLayer | Updating Mesh | Computing Displacement Cube.076
Fra:1 Mem:1324.28M (Peak 1324.30M) | Time:00:03.25 | Mem:270.53M, Peak:270.68M | Scene, ViewLayer | Updating Mesh | Computing Displacement Cube.077
Fra:1 Mem:1324.28M (Peak 1324.30M) | Time:00:03.26 | Mem:270.53M, Peak:270.68M | Scene, ViewLayer | Updating Mesh | Computing Displacement Cube.078
Fra:1 Mem:1324.28M (Peak 1324.30M) | Time:00:03.26 | Mem:270.53M, Peak:270.68M | Scene, ViewLayer | Updating Mesh | Computing Displacement Cube.079
Fra:1 Mem:1324.28M (Peak 1324.30M) | Time:00:03.26 | Mem:270.53M, Peak:270.68M | Scene, ViewLayer | Updating Mesh | Computing Displacement Circle.017
Fra:1 Mem:1324.28M (Peak 1324.30M) | Time:00:03.26 | Mem:270.53M, Peak:270.68M | Scene, ViewLayer | Updating Mesh | Computing Displacement Circle.019
Fra:1 Mem:1324.28M (Peak 1324.30M) | Time:00:03.26 | Mem:270.53M, Peak:270.68M | Scene, ViewLayer | Updating Mesh | Computing Displacement Circle.020
Fra:1 Mem:1324.28M (Peak 1324.30M) | Time:00:03.26 | Mem:270.53M, Peak:270.68M | Scene, ViewLayer | Updating Mesh | Computing Displacement Circle.021
Fra:1 Mem:1324.28M (Peak 1324.30M) | Time:00:03.26 | Mem:270.53M, Peak:270.68M | Scene, ViewLayer | Updating Mesh | Computing Displacement Circle.022
Fra:1 Mem:1324.28M (Peak 1324.30M) | Time:00:03.26 | Mem:270.53M, Peak:270.68M | Scene, ViewLayer | Updating Mesh | Computing Displacement Circle.023
Fra:1 Mem:1324.28M (Peak 1324.30M) | Time:00:03.26 | Mem:270.53M, Peak:270.68M | Scene, ViewLayer | Updating Mesh | Computing Displacement Circle.024
Fra:1 Mem:1324.28M (Peak 1324.30M) | Time:00:03.26 | Mem:270.53M, Peak:270.68M | Scene, ViewLayer | Updating Mesh | Computing Displacement Circle.025
Fra:1 Mem:1324.28M (Peak 1324.30M) | Time:00:03.27 | Mem:270.53M, Peak:270.68M | Scene, ViewLayer | Updating Mesh | Computing Displacement Circle.026
Fra:1 Mem:1324.28M (Peak 1324.30M) | Time:00:03.27 | Mem:270.53M, Peak:270.68M | Scene, ViewLayer | Updating Mesh | Computing Displacement Circle.027
Fra:1 Mem:1324.28M (Peak 1324.30M) | Time:00:03.27 | Mem:270.53M, Peak:270.68M | Scene, ViewLayer | Updating Mesh | Computing Displacement Circle.028
Fra:1 Mem:1324.28M (Peak 1324.30M) | Time:00:03.27 | Mem:270.53M, Peak:270.68M | Scene, ViewLayer | Updating Mesh | Computing Displacement Circle.029
Fra:1 Mem:1324.28M (Peak 1324.30M) | Time:00:03.27 | Mem:270.53M, Peak:270.68M | Scene, ViewLayer | Updating Mesh | Computing Displacement Circle.030
Fra:1 Mem:1324.28M (Peak 1324.30M) | Time:00:03.27 | Mem:270.53M, Peak:270.68M | Scene, ViewLayer | Updating Mesh | Computing Displacement Circle.031
Fra:1 Mem:1324.28M (Peak 1324.30M) | Time:00:03.27 | Mem:270.53M, Peak:270.68M | Scene, ViewLayer | Updating Mesh | Computing Displacement Circle.032
Fra:1 Mem:1324.28M (Peak 1324.30M) | Time:00:03.27 | Mem:270.53M, Peak:270.68M | Scene, ViewLayer | Updating Mesh | Computing Displacement Plane
Fra:1 Mem:1324.28M (Peak 1324.30M) | Time:00:03.27 | Mem:270.53M, Peak:270.68M | Scene, ViewLayer | Updating Mesh | Computing Displacement Plane.002
Fra:1 Mem:1324.28M (Peak 1324.30M) | Time:00:03.27 | Mem:270.53M, Peak:270.68M | Scene, ViewLayer | Updating Mesh | Computing Displacement Plane.003
Fra:1 Mem:1324.28M (Peak 1324.30M) | Time:00:03.27 | Mem:270.53M, Peak:270.68M | Scene, ViewLayer | Updating Mesh | Computing Displacement Plane.004
Fra:1 Mem:1324.28M (Peak 1324.30M) | Time:00:03.28 | Mem:270.53M, Peak:270.68M | Scene, ViewLayer | Updating Mesh | Computing Displacement Plane.006
Fra:1 Mem:1324.28M (Peak 1324.30M) | Time:00:03.28 | Mem:270.53M, Peak:270.68M | Scene, ViewLayer | Updating Mesh | Computing Displacement Circle.010
Fra:1 Mem:1324.28M (Peak 1333.97M) | Time:00:03.42 | Mem:270.53M, Peak:280.59M | Scene, ViewLayer | Updating Mesh | Computing Displacement Plane.007
Fra:1 Mem:1324.28M (Peak 1333.97M) | Time:00:03.44 | Mem:270.53M, Peak:280.59M | Scene, ViewLayer | Updating Mesh | Computing Displacement Mesh.001
Fra:1 Mem:1324.28M (Peak 1333.97M) | Time:00:03.53 | Mem:270.53M, Peak:280.59M | Scene, ViewLayer | Updating Mesh | Computing Displacement Mesh.002
Fra:1 Mem:1324.28M (Peak 1333.97M) | Time:00:03.57 | Mem:270.53M, Peak:280.59M | Scene, ViewLayer | Updating Mesh | Computing Displacement Mesh.004
Fra:1 Mem:1324.28M (Peak 1333.97M) | Time:00:03.63 | Mem:270.53M, Peak:280.59M | Scene, ViewLayer | Updating Mesh | Computing Displacement Mesh.005
Fra:1 Mem:1324.28M (Peak 1333.97M) | Time:00:03.66 | Mem:270.53M, Peak:280.59M | Scene, ViewLayer | Updating Mesh | Computing Displacement Grid
Fra:1 Mem:1324.28M (Peak 1333.97M) | Time:00:03.67 | Mem:270.53M, Peak:280.59M | Scene, ViewLayer | Updating Mesh | Computing Displacement Mesh.007
Fra:1 Mem:1324.28M (Peak 1333.97M) | Time:00:03.70 | Mem:270.53M, Peak:280.59M | Scene, ViewLayer | Updating Mesh | Computing Displacement Cube.049
Fra:1 Mem:1324.28M (Peak 1333.97M) | Time:00:03.70 | Mem:270.53M, Peak:280.59M | Scene, ViewLayer | Updating Mesh | Computing Displacement Cube.050
Fra:1 Mem:1324.28M (Peak 1333.97M) | Time:00:03.70 | Mem:270.53M, Peak:280.59M | Scene, ViewLayer | Updating Mesh | Computing Displacement Circle.011
Fra:1 Mem:1324.28M (Peak 1333.97M) | Time:00:03.71 | Mem:270.53M, Peak:280.59M | Scene, ViewLayer | Updating Mesh | Computing Displacement Cube.051
Fra:1 Mem:1324.28M (Peak 1333.97M) | Time:00:03.71 | Mem:270.53M, Peak:280.59M | Scene, ViewLayer | Updating Mesh | Computing Displacement Circle.012
Fra:1 Mem:1324.28M (Peak 1333.97M) | Time:00:03.73 | Mem:270.53M, Peak:280.59M | Scene, ViewLayer | Updating Mesh | Computing Displacement Cube.052
Fra:1 Mem:1324.28M (Peak 1333.97M) | Time:00:03.73 | Mem:270.53M, Peak:280.59M | Scene, ViewLayer | Updating Mesh | Computing Displacement Mesh.008
Fra:1 Mem:1324.28M (Peak 1333.97M) | Time:00:03.78 | Mem:270.53M, Peak:280.59M | Scene, ViewLayer | Updating Mesh | Computing Displacement Circle.013
Fra:1 Mem:1324.28M (Peak 1333.97M) | Time:00:03.80 | Mem:270.53M, Peak:280.59M | Scene, ViewLayer | Updating Mesh | Computing Displacement Cube.053
Fra:1 Mem:1324.28M (Peak 1333.97M) | Time:00:03.82 | Mem:270.53M, Peak:280.59M | Scene, ViewLayer | Updating Mesh | Computing Displacement Cube.054
Fra:1 Mem:1324.28M (Peak 1333.97M) | Time:00:03.82 | Mem:270.53M, Peak:280.59M | Scene, ViewLayer | Updating Mesh | Computing Displacement Mesh.010
Fra:1 Mem:1324.28M (Peak 1333.97M) | Time:00:03.85 | Mem:270.53M, Peak:280.59M | Scene, ViewLayer | Updating Mesh | Computing Displacement Circle.015
Fra:1 Mem:1324.28M (Peak 1333.97M) | Time:00:03.89 | Mem:270.53M, Peak:280.59M | Scene, ViewLayer | Updating Mesh | Computing Displacement Mesh.011
Fra:1 Mem:1324.28M (Peak 1333.97M) | Time:00:03.92 | Mem:270.53M, Peak:280.59M | Scene, ViewLayer | Updating Mesh | Computing Displacement Cube.055
Fra:1 Mem:1324.28M (Peak 1333.97M) | Time:00:03.92 | Mem:270.53M, Peak:280.59M | Scene, ViewLayer | Updating Mesh | Computing Displacement Plane.019
Fra:1 Mem:1063.33M (Peak 1333.97M) | Time:00:04.00 | Mem:9.58M, Peak:280.59M | Scene, ViewLayer | Updating Mesh | Computing attributes
Fra:1 Mem:1123.26M (Peak 1333.97M) | Time:00:04.15 | Mem:9.58M, Peak:280.59M | Scene, ViewLayer | Updating Mesh | Copying Attributes to device
Fra:1 Mem:1123.24M (Peak 1333.97M) | Time:00:04.24 | Mem:69.49M, Peak:280.59M | Scene, ViewLayer | Updating Geometry BVH Plane.019 83/83 | Building BVH
Fra:1 Mem:1123.24M (Peak 1333.97M) | Time:00:04.24 | Mem:69.49M, Peak:280.59M | Scene, ViewLayer | Updating Geometry BVH Plane.019 83/83 | Building OptiX acceleration structure
Fra:1 Mem:1123.81M (Peak 1333.97M) | Time:00:04.24 | Mem:70.05M, Peak:280.59M | Scene, ViewLayer | Updating Geometry BVH Cube.044 1/83 | Building BVH
Fra:1 Mem:1123.81M (Peak 1333.97M) | Time:00:04.24 | Mem:70.05M, Peak:280.59M | Scene, ViewLayer | Updating Geometry BVH Cube.044 1/83 | Building OptiX acceleration structure
Fra:1 Mem:1124.18M (Peak 1333.97M) | Time:00:04.24 | Mem:72.83M, Peak:280.59M | Scene, ViewLayer | Updating Geometry BVH Cube.045 2/83 | Building BVH
Fra:1 Mem:1124.18M (Peak 1333.97M) | Time:00:04.24 | Mem:72.83M, Peak:280.59M | Scene, ViewLayer | Updating Geometry BVH Cube.045 2/83 | Building OptiX acceleration structure
Fra:1 Mem:1124.56M (Peak 1333.97M) | Time:00:04.24 | Mem:72.94M, Peak:280.59M | Scene, ViewLayer | Updating Geometry BVH Cube.047 4/83 | Building BVH
Fra:1 Mem:1124.56M (Peak 1333.97M) | Time:00:04.24 | Mem:72.94M, Peak:280.59M | Scene, ViewLayer | Updating Geometry BVH Cube.046 3/83 | Building BVH
Fra:1 Mem:1124.56M (Peak 1333.97M) | Time:00:04.24 | Mem:72.94M, Peak:280.59M | Scene, ViewLayer | Updating Geometry BVH Cube.046 3/83 | Building OptiX acceleration structure
Fra:1 Mem:1124.66M (Peak 1333.97M) | Time:00:04.24 | Mem:72.94M, Peak:280.59M | Scene, ViewLayer | Updating Geometry BVH Plane.010 5/83 | Building BVH
Fra:1 Mem:1124.66M (Peak 1333.97M) | Time:00:04.24 | Mem:72.94M, Peak:280.59M | Scene, ViewLayer | Updating Geometry BVH Plane.010 5/83 | Building OptiX acceleration structure
Fra:1 Mem:1125.09M (Peak 1333.97M) | Time:00:04.24 | Mem:73.36M, Peak:280.59M | Scene, ViewLayer | Updating Geometry BVH Plane.012 6/83 | Building BVH
Fra:1 Mem:1125.09M (Peak 1333.97M) | Time:00:04.24 | Mem:73.47M, Peak:280.59M | Scene, ViewLayer | Updating Geometry BVH Plane.014 7/83 | Building OptiX acceleration structure
Fra:1 Mem:1125.21M (Peak 1333.97M) | Time:00:04.24 | Mem:73.74M, Peak:280.59M | Scene, ViewLayer | Updating Geometry BVH Plane.016 8/83 | Building BVH
Fra:1 Mem:1125.21M (Peak 1333.97M) | Time:00:04.24 | Mem:73.74M, Peak:280.59M | Scene, ViewLayer | Updating Geometry BVH Plane.016 8/83 | Building OptiX acceleration structure
Fra:1 Mem:1125.21M (Peak 1333.97M) | Time:00:04.24 | Mem:73.74M, Peak:280.59M | Scene, ViewLayer | Updating Geometry BVH Plane.018 9/83 | Building BVH
Fra:1 Mem:1125.32M (Peak 1333.97M) | Time:00:04.24 | Mem:73.77M, Peak:280.59M | Scene, ViewLayer | Updating Geometry BVH Cube.066 11/83 | Building BVH
Fra:1 Mem:1125.32M (Peak 1333.97M) | Time:00:04.24 | Mem:73.86M, Peak:280.59M | Scene, ViewLayer | Updating Geometry BVH Cube.067 12/83 | Building OptiX acceleration structure
Fra:1 Mem:1125.62M (Peak 1333.97M) | Time:00:04.24 | Mem:73.97M, Peak:280.59M | Scene, ViewLayer | Updating Geometry BVH Cube.068 13/83 | Building BVH
Fra:1 Mem:1125.62M (Peak 1333.97M) | Time:00:04.24 | Mem:73.97M, Peak:280.59M | Scene, ViewLayer | Updating Geometry BVH Cube.068 13/83 | Building OptiX acceleration structure
Fra:1 Mem:1125.78M (Peak 1333.97M) | Time:00:04.24 | Mem:73.98M, Peak:280.59M | Scene, ViewLayer | Updating Geometry BVH Cube.069 14/83 | Building BVH
Fra:1 Mem:1125.78M (Peak 1333.97M) | Time:00:04.24 | Mem:73.99M, Peak:280.59M | Scene, ViewLayer | Updating Geometry BVH Cube.069 14/83 | Building OptiX acceleration structure
Fra:1 Mem:1125.88M (Peak 1333.97M) | Time:00:04.24 | Mem:74.27M, Peak:280.59M | Scene, ViewLayer | Updating Geometry BVH Cube.070 15/83 | Building BVH
Fra:1 Mem:1125.88M (Peak 1333.97M) | Time:00:04.24 | Mem:74.27M, Peak:280.59M | Scene, ViewLayer | Updating Geometry BVH Cube.070 15/83 | Building OptiX acceleration structure
Fra:1 Mem:1125.97M (Peak 1333.97M) | Time:00:04.24 | Mem:74.38M, Peak:280.59M | Scene, ViewLayer | Updating Geometry BVH Cube.072 17/83 | Building BVH
Fra:1 Mem:1125.97M (Peak 1333.97M) | Time:00:04.24 | Mem:74.38M, Peak:280.59M | Scene, ViewLayer | Updating Geometry BVH Cube.072 17/83 | Building OptiX acceleration structure
Fra:1 Mem:1126.14M (Peak 1333.97M) | Time:00:04.24 | Mem:74.38M, Peak:280.59M | Scene, ViewLayer | Updating Geometry BVH Cube.073 18/83 | Building BVH
Fra:1 Mem:1126.14M (Peak 1333.97M) | Time:00:04.24 | Mem:74.38M, Peak:280.59M | Scene, ViewLayer | Updating Geometry BVH Cube.073 18/83 | Building OptiX acceleration structure
Fra:1 Mem:1126.14M (Peak 1333.97M) | Time:00:04.24 | Mem:74.38M, Peak:280.59M | Scene, ViewLayer | Updating Geometry BVH Cube.074 19/83 | Building BVH
Fra:1 Mem:1126.29M (Peak 1333.97M) | Time:00:04.24 | Mem:74.38M, Peak:280.59M | Scene, ViewLayer | Updating Geometry BVH Cube.074 19/83 | Building OptiX acceleration structure
Fra:1 Mem:1126.29M (Peak 1333.97M) | Time:00:04.24 | Mem:74.96M, Peak:280.59M | Scene, ViewLayer | Updating Geometry BVH Cube.077 22/83 | Building BVH
Fra:1 Mem:1126.29M (Peak 1333.97M) | Time:00:04.24 | Mem:74.96M, Peak:280.59M | Scene, ViewLayer | Updating Geometry BVH Cube.077 22/83 | Building OptiX acceleration structure
Fra:1 Mem:1126.47M (Peak 1333.97M) | Time:00:04.24 | Mem:74.96M, Peak:280.59M | Scene, ViewLayer | Updating Geometry BVH Cube.078 23/83 | Building BVH
Fra:1 Mem:1126.49M (Peak 1333.97M) | Time:00:04.24 | Mem:74.96M, Peak:280.59M | Scene, ViewLayer | Updating Geometry BVH Cube.078 23/83 | Building OptiX acceleration structure
Fra:1 Mem:1126.50M (Peak 1333.97M) | Time:00:04.24 | Mem:74.99M, Peak:280.59M | Scene, ViewLayer | Updating Geometry BVH Cube.071 16/83 | Building BVH
Fra:1 Mem:1126.50M (Peak 1333.97M) | Time:00:04.24 | Mem:74.99M, Peak:280.59M | Scene, ViewLayer | Updating Geometry BVH Cube.079 24/83 | Building OptiX acceleration structure
Fra:1 Mem:1126.68M (Peak 1333.97M) | Time:00:04.25 | Mem:75.23M, Peak:280.59M | Scene, ViewLayer | Updating Geometry BVH Circle.017 25/83 | Building BVH
Fra:1 Mem:1126.68M (Peak 1333.97M) | Time:00:04.25 | Mem:75.23M, Peak:280.59M | Scene, ViewLayer | Updating Geometry BVH Circle.017 25/83 | Building OptiX acceleration structure
Fra:1 Mem:1126.89M (Peak 1333.97M) | Time:00:04.25 | Mem:75.33M, Peak:280.59M | Scene, ViewLayer | Updating Geometry BVH Circle.019 26/83 | Building BVH
Fra:1 Mem:1126.89M (Peak 1333.97M) | Time:00:04.25 | Mem:75.34M, Peak:280.59M | Scene, ViewLayer | Updating Geometry BVH Circle.020 27/83 | Building OptiX acceleration structure
Fra:1 Mem:1126.99M (Peak 1333.97M) | Time:00:04.25 | Mem:75.44M, Peak:280.59M | Scene, ViewLayer | Updating Geometry BVH Circle.021 28/83 | Building BVH
Fra:1 Mem:1126.99M (Peak 1333.97M) | Time:00:04.25 | Mem:75.59M, Peak:280.59M | Scene, ViewLayer | Updating Geometry BVH Circle.021 28/83 | Building OptiX acceleration structure
Fra:1 Mem:1127.00M (Peak 1333.97M) | Time:00:04.25 | Mem:75.59M, Peak:280.59M | Scene, ViewLayer | Updating Geometry BVH Circle.022 29/83 | Building BVH
Fra:1 Mem:1127.00M (Peak 1333.97M) | Time:00:04.25 | Mem:75.59M, Peak:280.59M | Scene, ViewLayer | Updating Geometry BVH Circle.022 29/83 | Building OptiX acceleration structure
Fra:1 Mem:1127.00M (Peak 1333.97M) | Time:00:04.25 | Mem:75.62M, Peak:280.59M | Scene, ViewLayer | Updating Geometry BVH Circle.023 30/83 | Building BVH
Fra:1 Mem:1127.00M (Peak 1333.97M) | Time:00:04.25 | Mem:75.62M, Peak:280.59M | Scene, ViewLayer | Updating Geometry BVH Circle.023 30/83 | Building OptiX acceleration structure
Fra:1 Mem:1127.01M (Peak 1333.97M) | Time:00:04.25 | Mem:75.62M, Peak:280.59M | Scene, ViewLayer | Updating Geometry BVH Circle.024 31/83 | Building BVH
Fra:1 Mem:1127.01M (Peak 1333.97M) | Time:00:04.25 | Mem:75.62M, Peak:280.59M | Scene, ViewLayer | Updating Geometry BVH Circle.024 31/83 | Building OptiX acceleration structure
Fra:1 Mem:1126.07M (Peak 1333.97M) | Time:00:04.25 | Mem:73.20M, Peak:280.59M | Scene, ViewLayer | Updating Geometry BVH Circle.018 82/83 | Building BVH
Fra:1 Mem:1126.07M (Peak 1333.97M) | Time:00:04.25 | Mem:73.34M, Peak:280.59M | Scene, ViewLayer | Updating Geometry BVH Circle.025 32/83 | Building OptiX acceleration structure
Fra:1 Mem:1131.96M (Peak 1333.97M) | Time:00:04.25 | Mem:72.90M, Peak:280.59M | Scene, ViewLayer | Updating Geometry BVH Circle.026 33/83 | Building BVH
Fra:1 Mem:1131.96M (Peak 1333.97M) | Time:00:04.25 | Mem:72.90M, Peak:280.59M | Scene, ViewLayer | Updating Geometry BVH Circle.026 33/83 | Building OptiX acceleration structure
Fra:1 Mem:1131.96M (Peak 1333.97M) | Time:00:04.25 | Mem:72.90M, Peak:280.59M | Scene, ViewLayer | Updating Geometry BVH Circle.027 34/83 | Building BVH
Fra:1 Mem:1131.96M (Peak 1333.97M) | Time:00:04.25 | Mem:72.90M, Peak:280.59M | Scene, ViewLayer | Updating Geometry BVH Circle.027 34/83 | Building OptiX acceleration structure
Fra:1 Mem:1131.96M (Peak 1333.97M) | Time:00:04.25 | Mem:72.90M, Peak:280.59M | Scene, ViewLayer | Updating Geometry BVH Circle.028 35/83 | Building BVH
Fra:1 Mem:1131.96M (Peak 1333.97M) | Time:00:04.25 | Mem:72.90M, Peak:280.59M | Scene, ViewLayer | Updating Geometry BVH Circle.028 35/83 | Building OptiX acceleration structure
Fra:1 Mem:1131.96M (Peak 1333.97M) | Time:00:04.25 | Mem:72.91M, Peak:280.59M | Scene, ViewLayer | Updating Geometry BVH Circle.029 36/83 | Building BVH
Fra:1 Mem:1131.96M (Peak 1333.97M) | Time:00:04.25 | Mem:72.91M, Peak:280.59M | Scene, ViewLayer | Updating Geometry BVH Circle.029 36/83 | Building OptiX acceleration structure
Fra:1 Mem:1131.96M (Peak 1333.97M) | Time:00:04.26 | Mem:72.91M, Peak:280.59M | Scene, ViewLayer | Updating Geometry BVH Circle.030 37/83 | Building BVH
Fra:1 Mem:1131.96M (Peak 1333.97M) | Time:00:04.26 | Mem:72.91M, Peak:280.59M | Scene, ViewLayer | Updating Geometry BVH Circle.030 37/83 | Building OptiX acceleration structure
Fra:1 Mem:1131.96M (Peak 1333.97M) | Time:00:04.26 | Mem:72.91M, Peak:280.59M | Scene, ViewLayer | Updating Geometry BVH Circle.031 38/83 | Building BVH
Fra:1 Mem:1131.96M (Peak 1333.97M) | Time:00:04.26 | Mem:72.91M, Peak:280.59M | Scene, ViewLayer | Updating Geometry BVH Circle.031 38/83 | Building OptiX acceleration structure
Fra:1 Mem:1131.59M (Peak 1333.97M) | Time:00:04.26 | Mem:72.68M, Peak:280.59M | Scene, ViewLayer | Updating Geometry BVH Circle.032 39/83 | Building BVH
Fra:1 Mem:1131.59M (Peak 1333.97M) | Time:00:04.26 | Mem:72.68M, Peak:280.59M | Scene, ViewLayer | Updating Geometry BVH Circle.032 39/83 | Building OptiX acceleration structure
Fra:1 Mem:1131.46M (Peak 1333.97M) | Time:00:04.26 | Mem:72.63M, Peak:280.59M | Scene, ViewLayer | Updating Geometry BVH Circle.033 40/83 | Building BVH
Fra:1 Mem:1131.46M (Peak 1333.97M) | Time:00:04.26 | Mem:72.63M, Peak:280.59M | Scene, ViewLayer | Updating Geometry BVH Circle.033 40/83 | Building OptiX acceleration structure
Fra:1 Mem:1131.46M (Peak 1333.97M) | Time:00:04.26 | Mem:72.64M, Peak:280.59M | Scene, ViewLayer | Updating Geometry BVH Circle.034 41/83 | Building BVH
Fra:1 Mem:1131.46M (Peak 1333.97M) | Time:00:04.26 | Mem:72.64M, Peak:280.59M | Scene, ViewLayer | Updating Geometry BVH Circle.034 41/83 | Building OptiX acceleration structure
Fra:1 Mem:1131.46M (Peak 1333.97M) | Time:00:04.26 | Mem:72.64M, Peak:280.59M | Scene, ViewLayer | Updating Geometry BVH Circle.035 42/83 | Building BVH
Fra:1 Mem:1131.46M (Peak 1333.97M) | Time:00:04.26 | Mem:72.64M, Peak:280.59M | Scene, ViewLayer | Updating Geometry BVH Circle.035 42/83 | Building OptiX acceleration structure
Fra:1 Mem:1131.46M (Peak 1333.97M) | Time:00:04.26 | Mem:72.65M, Peak:280.59M | Scene, ViewLayer | Updating Geometry BVH Circle.036 43/83 | Building BVH
Fra:1 Mem:1131.46M (Peak 1333.97M) | Time:00:04.26 | Mem:72.65M, Peak:280.59M | Scene, ViewLayer | Updating Geometry BVH Circle.036 43/83 | Building OptiX acceleration structure
Fra:1 Mem:1131.46M (Peak 1333.97M) | Time:00:04.26 | Mem:72.65M, Peak:280.59M | Scene, ViewLayer | Updating Geometry BVH Circle.037 44/83 | Building BVH
Fra:1 Mem:1131.46M (Peak 1333.97M) | Time:00:04.26 | Mem:72.65M, Peak:280.59M | Scene, ViewLayer | Updating Geometry BVH Circle.037 44/83 | Building OptiX acceleration structure
Fra:1 Mem:1135.49M (Peak 1333.97M) | Time:00:04.26 | Mem:72.66M, Peak:280.59M | Scene, ViewLayer | Updating Geometry BVH Plane 45/83 | Building BVH
Fra:1 Mem:1135.49M (Peak 1333.97M) | Time:00:04.26 | Mem:72.66M, Peak:280.59M | Scene, ViewLayer | Updating Geometry BVH Plane 45/83 | Building OptiX acceleration structure
Fra:1 Mem:1135.12M (Peak 1333.97M) | Time:00:04.27 | Mem:72.47M, Peak:280.59M | Scene, ViewLayer | Updating Geometry BVH Plane.001 46/83 | Building BVH
Fra:1 Mem:1135.12M (Peak 1333.97M) | Time:00:04.27 | Mem:72.47M, Peak:280.59M | Scene, ViewLayer | Updating Geometry BVH Plane.001 46/83 | Building OptiX acceleration structure
Fra:1 Mem:1135.12M (Peak 1333.97M) | Time:00:04.27 | Mem:72.52M, Peak:280.59M | Scene, ViewLayer | Updating Geometry BVH Plane.002 47/83 | Building BVH
Fra:1 Mem:1135.12M (Peak 1333.97M) | Time:00:04.27 | Mem:72.52M, Peak:280.59M | Scene, ViewLayer | Updating Geometry BVH Plane.002 47/83 | Building OptiX acceleration structure
Fra:1 Mem:1135.12M (Peak 1333.97M) | Time:00:04.27 | Mem:72.56M, Peak:280.59M | Scene, ViewLayer | Updating Geometry BVH Plane.003 48/83 | Building BVH
Fra:1 Mem:1135.12M (Peak 1333.97M) | Time:00:04.27 | Mem:72.56M, Peak:280.59M | Scene, ViewLayer | Updating Geometry BVH Plane.003 48/83 | Building OptiX acceleration structure
Fra:1 Mem:1135.12M (Peak 1333.97M) | Time:00:04.27 | Mem:72.66M, Peak:280.59M | Scene, ViewLayer | Updating Geometry BVH Plane.004 49/83 | Building BVH
Fra:1 Mem:1135.12M (Peak 1333.97M) | Time:00:04.27 | Mem:72.66M, Peak:280.59M | Scene, ViewLayer | Updating Geometry BVH Plane.004 49/83 | Building OptiX acceleration structure
Fra:1 Mem:1135.12M (Peak 1333.97M) | Time:00:04.27 | Mem:72.72M, Peak:280.59M | Scene, ViewLayer | Updating Geometry BVH Plane.005 50/83 | Building BVH
Fra:1 Mem:1135.12M (Peak 1333.97M) | Time:00:04.27 | Mem:72.72M, Peak:280.59M | Scene, ViewLayer | Updating Geometry BVH Plane.005 50/83 | Building OptiX acceleration structure
Fra:1 Mem:1135.11M (Peak 1333.97M) | Time:00:04.27 | Mem:79.01M, Peak:280.59M | Scene, ViewLayer | Updating Geometry BVH Plane.007 53/83 | Building BVH
Fra:1 Mem:1135.11M (Peak 1333.97M) | Time:00:04.27 | Mem:79.01M, Peak:280.59M | Scene, ViewLayer | Updating Geometry BVH Plane.007 53/83 | Building OptiX acceleration structure
Fra:1 Mem:1136.15M (Peak 1333.97M) | Time:00:04.27 | Mem:80.05M, Peak:280.59M | Scene, ViewLayer | Updating Geometry BVH Plane.006 51/83 | Building BVH
Fra:1 Mem:1136.15M (Peak 1333.97M) | Time:00:04.27 | Mem:80.05M, Peak:280.59M | Scene, ViewLayer | Updating Geometry BVH Plane.006 51/83 | Building OptiX acceleration structure
Fra:1 Mem:1136.24M (Peak 1333.97M) | Time:00:04.28 | Mem:80.05M, Peak:280.59M | Scene, ViewLayer | Updating Geometry BVH Circle.010 52/83 | Building BVH
Fra:1 Mem:1136.24M (Peak 1333.97M) | Time:00:04.28 | Mem:80.05M, Peak:280.59M | Scene, ViewLayer | Updating Geometry BVH Circle.010 52/83 | Building OptiX acceleration structure
Fra:1 Mem:1150.25M (Peak 1333.97M) | Time:00:04.29 | Mem:82.32M, Peak:280.59M | Scene, ViewLayer | Updating Geometry BVH Mesh.001 54/83 | Building BVH
Fra:1 Mem:1150.25M (Peak 1333.97M) | Time:00:04.29 | Mem:82.32M, Peak:280.59M | Scene, ViewLayer | Updating Geometry BVH Mesh.001 54/83 | Building OptiX acceleration structure
Fra:1 Mem:1154.10M (Peak 1333.97M) | Time:00:04.30 | Mem:88.60M, Peak:280.59M | Scene, ViewLayer | Updating Geometry BVH Mesh.002 55/83 | Building BVH
Fra:1 Mem:1154.10M (Peak 1333.97M) | Time:00:04.30 | Mem:88.60M, Peak:280.59M | Scene, ViewLayer | Updating Geometry BVH Mesh.002 55/83 | Building OptiX acceleration structure
Fra:1 Mem:1155.60M (Peak 1333.97M) | Time:00:04.30 | Mem:87.93M, Peak:280.59M | Scene, ViewLayer | Updating Geometry BVH Mesh.004 56/83 | Building BVH
Fra:1 Mem:1157.29M (Peak 1333.97M) | Time:00:04.30 | Mem:87.93M, Peak:280.59M | Scene, ViewLayer | Updating Geometry BVH Mesh.004 56/83 | Building OptiX acceleration structure
Fra:1 Mem:1169.46M (Peak 1333.97M) | Time:00:04.31 | Mem:90.46M, Peak:280.59M | Scene, ViewLayer | Updating Geometry BVH Cube.048 58/83 | Building BVH
Fra:1 Mem:1169.46M (Peak 1333.97M) | Time:00:04.31 | Mem:92.55M, Peak:280.59M | Scene, ViewLayer | Updating Geometry BVH Mesh.005 57/83 | Building OptiX acceleration structure
Fra:1 Mem:1174.82M (Peak 1333.97M) | Time:00:04.31 | Mem:92.18M, Peak:280.59M | Scene, ViewLayer | Updating Geometry BVH Grid 59/83 | Building BVH
Fra:1 Mem:1174.82M (Peak 1333.97M) | Time:00:04.31 | Mem:92.18M, Peak:280.59M | Scene, ViewLayer | Updating Geometry BVH Grid 59/83 | Building OptiX acceleration structure
Fra:1 Mem:1176.51M (Peak 1333.97M) | Time:00:04.32 | Mem:96.53M, Peak:280.59M | Scene, ViewLayer | Updating Geometry BVH Grid.001 60/83 | Building BVH
Fra:1 Mem:1176.51M (Peak 1333.97M) | Time:00:04.32 | Mem:96.53M, Peak:280.59M | Scene, ViewLayer | Updating Geometry BVH Grid.001 60/83 | Building OptiX acceleration structure
Fra:1 Mem:1176.51M (Peak 1333.97M) | Time:00:04.33 | Mem:102.17M, Peak:280.59M | Scene, ViewLayer | Updating Geometry BVH circle 61/83 | Building BVH
Fra:1 Mem:1176.51M (Peak 1333.97M) | Time:00:04.33 | Mem:102.17M, Peak:280.59M | Scene, ViewLayer | Updating Geometry BVH circle 61/83 | Building OptiX acceleration structure
Fra:1 Mem:1183.49M (Peak 1333.97M) | Time:00:04.35 | Mem:116.17M, Peak:280.59M | Scene, ViewLayer | Updating Geometry BVH Cube.049 63/83 | Building BVH
Fra:1 Mem:1183.49M (Peak 1333.97M) | Time:00:04.35 | Mem:116.31M, Peak:280.59M | Scene, ViewLayer | Updating Geometry BVH Mesh.007 62/83 | Building OptiX acceleration structure
Fra:1 Mem:1184.23M (Peak 1333.97M) | Time:00:04.35 | Mem:116.16M, Peak:280.59M | Scene, ViewLayer | Updating Geometry BVH Cube.050 64/83 | Building BVH
Fra:1 Mem:1184.23M (Peak 1333.97M) | Time:00:04.35 | Mem:116.16M, Peak:280.59M | Scene, ViewLayer | Updating Geometry BVH Cube.050 64/83 | Building OptiX acceleration structure
Fra:1 Mem:1184.76M (Peak 1333.97M) | Time:00:04.36 | Mem:127.16M, Peak:280.59M | Scene, ViewLayer | Updating Geometry BVH loft_nurbs 65/83 | Building BVH
Fra:1 Mem:1184.76M (Peak 1333.97M) | Time:00:04.36 | Mem:127.16M, Peak:280.59M | Scene, ViewLayer | Updating Geometry BVH loft_nurbs 65/83 | Building OptiX acceleration structure
Fra:1 Mem:1186.43M (Peak 1333.97M) | Time:00:04.38 | Mem:131.39M, Peak:280.59M | Scene, ViewLayer | Updating Geometry BVH Circle.011 66/83 | Building BVH
Fra:1 Mem:1186.43M (Peak 1333.97M) | Time:00:04.38 | Mem:131.39M, Peak:280.59M | Scene, ViewLayer | Updating Geometry BVH Circle.011 66/83 | Building OptiX acceleration structure
Fra:1 Mem:1187.49M (Peak 1333.97M) | Time:00:04.40 | Mem:138.84M, Peak:280.59M | Scene, ViewLayer | Updating Geometry BVH Cube.051 67/83 | Building BVH
Fra:1 Mem:1187.49M (Peak 1333.97M) | Time:00:04.40 | Mem:138.87M, Peak:280.59M | Scene, ViewLayer | Updating Geometry BVH Cube.051 67/83 | Building OptiX acceleration structure
Fra:1 Mem:1187.50M (Peak 1333.97M) | Time:00:04.40 | Mem:139.13M, Peak:280.59M | Scene, ViewLayer | Updating Geometry BVH Circle.012 68/83 | Building BVH
Fra:1 Mem:1187.50M (Peak 1333.97M) | Time:00:04.40 | Mem:139.13M, Peak:280.59M | Scene, ViewLayer | Updating Geometry BVH Circle.012 68/83 | Building OptiX acceleration structure
Fra:1 Mem:1189.24M (Peak 1333.97M) | Time:00:04.40 | Mem:140.33M, Peak:280.59M | Scene, ViewLayer | Updating Geometry BVH Cube.052 69/83 | Building BVH
Fra:1 Mem:1189.24M (Peak 1333.97M) | Time:00:04.40 | Mem:140.33M, Peak:280.59M | Scene, ViewLayer | Updating Geometry BVH Cube.052 69/83 | Building OptiX acceleration structure
Fra:1 Mem:1189.93M (Peak 1333.97M) | Time:00:04.41 | Mem:141.81M, Peak:280.59M | Scene, ViewLayer | Updating Geometry BVH Mesh.008 71/83 | Building BVH
Fra:1 Mem:1189.93M (Peak 1333.97M) | Time:00:04.41 | Mem:141.81M, Peak:280.59M | Scene, ViewLayer | Updating Geometry BVH Mesh.008 71/83 | Building OptiX acceleration structure
Fra:1 Mem:1193.28M (Peak 1333.97M) | Time:00:04.41 | Mem:141.81M, Peak:280.59M | Scene, ViewLayer | Updating Geometry BVH Circle.013 72/83 | Building BVH
Fra:1 Mem:1193.28M (Peak 1333.97M) | Time:00:04.41 | Mem:141.81M, Peak:280.59M | Scene, ViewLayer | Updating Geometry BVH Circle.013 72/83 | Building OptiX acceleration structure
Fra:1 Mem:1194.68M (Peak 1333.97M) | Time:00:04.41 | Mem:141.81M, Peak:280.59M | Scene, ViewLayer | Updating Geometry BVH Circle.014 70/83 | Building BVH
Fra:1 Mem:1194.68M (Peak 1333.97M) | Time:00:04.41 | Mem:141.81M, Peak:280.59M | Scene, ViewLayer | Updating Geometry BVH Circle.014 70/83 | Building OptiX acceleration structure
Fra:1 Mem:1200.73M (Peak 1333.97M) | Time:00:04.42 | Mem:141.81M, Peak:280.59M | Scene, ViewLayer | Updating Geometry BVH Cube.053 73/83 | Building BVH
Fra:1 Mem:1200.73M (Peak 1333.97M) | Time:00:04.42 | Mem:141.81M, Peak:280.59M | Scene, ViewLayer | Updating Geometry BVH Cube.053 73/83 | Building OptiX acceleration structure
Fra:1 Mem:1200.72M (Peak 1333.97M) | Time:00:04.42 | Mem:141.85M, Peak:280.59M | Scene, ViewLayer | Updating Geometry BVH Cube.054 74/83 | Building BVH
Fra:1 Mem:1200.72M (Peak 1333.97M) | Time:00:04.42 | Mem:141.85M, Peak:280.59M | Scene, ViewLayer | Updating Geometry BVH Cube.054 74/83 | Building OptiX acceleration structure
Fra:1 Mem:1201.66M (Peak 1333.97M) | Time:00:04.43 | Mem:141.88M, Peak:280.59M | Scene, ViewLayer | Updating Geometry BVH Circle.016 75/83 | Building BVH
Fra:1 Mem:1201.66M (Peak 1333.97M) | Time:00:04.43 | Mem:141.88M, Peak:280.59M | Scene, ViewLayer | Updating Geometry BVH Circle.016 75/83 | Building OptiX acceleration structure
Fra:1 Mem:1201.66M (Peak 1333.97M) | Time:00:04.43 | Mem:141.88M, Peak:280.59M | Scene, ViewLayer | Updating Geometry BVH Mesh.010 76/83 | Building BVH
Fra:1 Mem:1201.66M (Peak 1333.97M) | Time:00:04.43 | Mem:141.88M, Peak:280.59M | Scene, ViewLayer | Updating Geometry BVH Mesh.010 76/83 | Building OptiX acceleration structure
Fra:1 Mem:1204.05M (Peak 1333.97M) | Time:00:04.43 | Mem:141.88M, Peak:280.59M | Scene, ViewLayer | Updating Geometry BVH Circle.015 77/83 | Building BVH
Fra:1 Mem:1204.05M (Peak 1333.97M) | Time:00:04.43 | Mem:141.88M, Peak:280.59M | Scene, ViewLayer | Updating Geometry BVH Circle.015 77/83 | Building OptiX acceleration structure
Fra:1 Mem:1219.30M (Peak 1333.97M) | Time:00:04.47 | Mem:153.98M, Peak:280.59M | Scene, ViewLayer | Updating Geometry BVH Mesh.011 78/83 | Building BVH
Fra:1 Mem:1219.30M (Peak 1333.97M) | Time:00:04.47 | Mem:153.98M, Peak:280.59M | Scene, ViewLayer | Updating Geometry BVH Mesh.011 78/83 | Building OptiX acceleration structure
Fra:1 Mem:1224.40M (Peak 1333.97M) | Time:00:04.48 | Mem:156.27M, Peak:280.59M | Scene, ViewLayer | Updating Geometry BVH Cube.055 79/83 | Building BVH
Fra:1 Mem:1224.40M (Peak 1333.97M) | Time:00:04.48 | Mem:156.27M, Peak:280.59M | Scene, ViewLayer | Updating Geometry BVH Cube.055 79/83 | Building OptiX acceleration structure
Fra:1 Mem:1224.40M (Peak 1333.97M) | Time:00:04.48 | Mem:156.30M, Peak:280.59M | Scene, ViewLayer | Updating Geometry BVH Mesh.013 80/83 | Building BVH
Fra:1 Mem:1224.40M (Peak 1333.97M) | Time:00:04.48 | Mem:156.30M, Peak:280.59M | Scene, ViewLayer | Updating Geometry BVH Mesh.013 80/83 | Building OptiX acceleration structure
Fra:1 Mem:1225.90M (Peak 1333.97M) | Time:00:04.50 | Mem:168.17M, Peak:280.59M | Scene, ViewLayer | Updating Geometry BVH Mesh.014 81/83 | Building BVH
Fra:1 Mem:1225.90M (Peak 1333.97M) | Time:00:04.50 | Mem:168.17M, Peak:280.59M | Scene, ViewLayer | Updating Geometry BVH Mesh.014 81/83 | Building OptiX acceleration structure
Fra:1 Mem:1123.24M (Peak 1333.97M) | Time:00:04.66 | Mem:171.46M, Peak:292.28M | Scene, ViewLayer | Updating Scene BVH | Building
Fra:1 Mem:1123.24M (Peak 1333.97M) | Time:00:04.66 | Mem:171.46M, Peak:292.28M | Scene, ViewLayer | Updating Scene BVH | Building OptiX acceleration structure
Fra:1 Mem:1123.24M (Peak 1333.97M) | Time:00:04.66 | Mem:171.47M, Peak:292.28M | Scene, ViewLayer | Updating Scene BVH | Copying BVH to device
Fra:1 Mem:1123.24M (Peak 1333.97M) | Time:00:04.66 | Mem:171.47M, Peak:292.28M | Scene, ViewLayer | Updating Mesh | Computing normals
Fra:1 Mem:1324.29M (Peak 1333.97M) | Time:00:04.84 | Mem:171.47M, Peak:292.28M | Scene, ViewLayer | Updating Mesh | Copying Mesh to device
Fra:1 Mem:1324.29M (Peak 1333.97M) | Time:00:04.95 | Mem:372.52M, Peak:372.52M | Scene, ViewLayer | Updating Objects Flags
Fra:1 Mem:1324.29M (Peak 1333.97M) | Time:00:04.95 | Mem:372.52M, Peak:372.52M | Scene, ViewLayer | Updating Primitive Offsets
Fra:1 Mem:1324.29M (Peak 1333.97M) | Time:00:04.95 | Mem:372.52M, Peak:372.52M | Scene, ViewLayer | Updating Images
Fra:1 Mem:1324.29M (Peak 1333.97M) | Time:00:04.95 | Mem:372.52M, Peak:372.52M | Scene, ViewLayer | Updating Images | Loading sky_nishita
Fra:1 Mem:1325.29M (Peak 1333.97M) | Time:00:05.01 | Mem:373.52M, Peak:373.52M | Scene, ViewLayer | Updating Camera Volume
Fra:1 Mem:1325.29M (Peak 1333.97M) | Time:00:05.01 | Mem:373.52M, Peak:373.52M | Scene, ViewLayer | Updating Lookup Tables
Fra:1 Mem:1325.29M (Peak 1333.97M) | Time:00:05.01 | Mem:373.60M, Peak:373.60M | Scene, ViewLayer | Updating Lights
Fra:1 Mem:1325.29M (Peak 1333.97M) | Time:00:05.01 | Mem:373.60M, Peak:373.60M | Scene, ViewLayer | Updating Lights | Importance map
Fra:1 Mem:1326.30M (Peak 1333.97M) | Time:00:05.02 | Mem:374.61M, Peak:377.10M | Scene, ViewLayer | Updating Lights | Computing tree
Fra:1 Mem:1326.30M (Peak 1333.97M) | Time:00:05.02 | Mem:374.61M, Peak:377.10M | Scene, ViewLayer | Updating Integrator
Fra:1 Mem:1326.30M (Peak 1333.97M) | Time:00:05.02 | Mem:374.61M, Peak:377.10M | Scene, ViewLayer | Updating Film
Fra:1 Mem:1326.30M (Peak 1333.97M) | Time:00:05.02 | Mem:374.53M, Peak:377.10M | Scene, ViewLayer | Updating Lookup Tables
Fra:1 Mem:1326.30M (Peak 1333.97M) | Time:00:05.02 | Mem:374.61M, Peak:377.10M | Scene, ViewLayer | Updating Baking
Fra:1 Mem:1326.30M (Peak 1333.97M) | Time:00:05.02 | Mem:374.61M, Peak:377.10M | Scene, ViewLayer | Updating Device | Writing constant memory
Fra:1 Mem:1326.31M (Peak 1333.97M) | Time:00:05.02 | Mem:374.61M, Peak:377.10M | Scene, ViewLayer | Loading denoising kernels (may take a few minutes the first time)
Fra:1 Mem:1342.41M (Peak 1342.41M) | Time:00:05.03 | Mem:2287.28M, Peak:2287.28M | Scene, ViewLayer | Sample 0/8192
Fra:1 Mem:1549.84M (Peak 1549.84M) | Time:00:05.10 | Remaining:09:10.58 | Mem:2494.70M, Peak:2494.70M | Scene, ViewLayer | Sample 1/8192
Fra:1 Mem:1549.85M (Peak 1549.85M) | Time:00:06.31 | Remaining:02:09.91 | Mem:2494.71M, Peak:2494.71M | Scene, ViewLayer | Sample 80/8192
Fra:1 Mem:1549.85M (Peak 1549.85M) | Time:00:06.69 | Remaining:02:19.56 | Mem:2494.71M, Peak:2494.71M | Scene, ViewLayer | Sample 96/8192
Fra:1 Mem:1549.85M (Peak 1549.85M) | Time:00:07.02 | Remaining:02:23.70 | Mem:2494.71M, Peak:2494.71M | Scene, ViewLayer | Sample 112/8192
Fra:1 Mem:1549.85M (Peak 1549.85M) | Time:00:07.35 | Remaining:02:26.03 | Mem:2494.71M, Peak:2494.71M | Scene, ViewLayer | Sample 128/8192
Fra:1 Mem:1549.85M (Peak 1549.85M) | Time:00:07.71 | Remaining:02:29.58 | Mem:2494.71M, Peak:2494.71M | Scene, ViewLayer | Sample 144/8192
Fra:1 Mem:1549.85M (Peak 1549.85M) | Time:00:08.02 | Remaining:02:30.01 | Mem:2494.71M, Peak:2494.71M | Scene, ViewLayer | Sample 160/8192
Fra:1 Mem:1549.85M (Peak 1549.85M) | Time:00:08.30 | Remaining:02:28.79 | Mem:2494.71M, Peak:2494.71M | Scene, ViewLayer | Sample 176/8192
Fra:1 Mem:1549.85M (Peak 1549.85M) | Time:00:08.58 | Remaining:02:27.92 | Mem:2494.71M, Peak:2494.71M | Scene, ViewLayer | Sample 192/8192
Fra:1 Mem:1549.85M (Peak 1549.85M) | Time:00:08.85 | Remaining:02:26.48 | Mem:2494.71M, Peak:2494.71M | Scene, ViewLayer | Sample 208/8192
Fra:1 Mem:1549.85M (Peak 1549.85M) | Time:00:09.22 | Remaining:02:28.98 | Mem:2494.71M, Peak:2494.71M | Scene, ViewLayer | Sample 224/8192
Fra:1 Mem:1549.85M (Peak 1549.85M) | Time:00:09.48 | Remaining:02:27.51 | Mem:2494.71M, Peak:2494.71M | Scene, ViewLayer | Sample 240/8192
Fra:1 Mem:1549.85M (Peak 1549.85M) | Time:00:09.74 | Remaining:02:26.08 | Mem:2494.71M, Peak:2494.71M | Scene, ViewLayer | Sample 256/8192
Fra:1 Mem:1549.85M (Peak 1549.85M) | Time:00:10.01 | Remaining:02:25.04 | Mem:2494.71M, Peak:2494.71M | Scene, ViewLayer | Sample 272/8192
Fra:1 Mem:1549.85M (Peak 1549.85M) | Time:00:10.28 | Remaining:02:24.09 | Mem:2494.71M, Peak:2494.71M | Scene, ViewLayer | Sample 288/8192
Fra:1 Mem:1549.85M (Peak 1549.85M) | Time:00:10.56 | Remaining:02:23.38 | Mem:2494.71M, Peak:2494.71M | Scene, ViewLayer | Sample 304/8192
Fra:1 Mem:1549.85M (Peak 1549.85M) | Time:00:10.83 | Remaining:02:22.75 | Mem:2494.71M, Peak:2494.71M | Scene, ViewLayer | Sample 320/8192
Fra:1 Mem:1549.85M (Peak 1549.85M) | Time:00:11.11 | Remaining:02:22.08 | Mem:2494.71M, Peak:2494.71M | Scene, ViewLayer | Sample 336/8192
Fra:1 Mem:1549.85M (Peak 1549.85M) | Time:00:11.39 | Remaining:02:21.62 | Mem:2494.71M, Peak:2494.71M | Scene, ViewLayer | Sample 352/8192
Fra:1 Mem:1549.85M (Peak 1549.85M) | Time:00:11.67 | Remaining:02:21.17 | Mem:2494.71M, Peak:2494.71M | Scene, ViewLayer | Sample 368/8192
Fra:1 Mem:1549.85M (Peak 1549.85M) | Time:00:12.04 | Remaining:02:22.51 | Mem:2494.71M, Peak:2494.71M | Scene, ViewLayer | Sample 384/8192
Fra:1 Mem:1549.85M (Peak 1549.85M) | Time:00:12.33 | Remaining:02:22.24 | Mem:2494.71M, Peak:2494.71M | Scene, ViewLayer | Sample 400/8192
Fra:1 Mem:1549.85M (Peak 1549.85M) | Time:00:12.65 | Remaining:02:22.37 | Mem:2494.71M, Peak:2494.71M | Scene, ViewLayer | Sample 416/8192
Fra:1 Mem:1549.85M (Peak 1549.85M) | Time:00:12.92 | Remaining:02:21.69 | Mem:2494.71M, Peak:2494.71M | Scene, ViewLayer | Sample 432/8192
Fra:1 Mem:1549.85M (Peak 1549.85M) | Time:00:13.19 | Remaining:02:21.08 | Mem:2494.71M, Peak:2494.71M | Scene, ViewLayer | Sample 448/8192
Fra:1 Mem:1549.85M (Peak 1549.85M) | Time:00:13.47 | Remaining:02:20.55 | Mem:2494.71M, Peak:2494.71M | Scene, ViewLayer | Sample 464/8192
Fra:1 Mem:1549.85M (Peak 1549.85M) | Time:00:13.74 | Remaining:02:19.93 | Mem:2494.71M, Peak:2494.71M | Scene, ViewLayer | Sample 480/8192
Fra:1 Mem:1549.85M (Peak 1549.85M) | Time:00:14.05 | Remaining:02:19.95 | Mem:2494.71M, Peak:2494.71M | Scene, ViewLayer | Sample 496/8192
Fra:1 Mem:1549.85M (Peak 1549.85M) | Time:00:14.39 | Remaining:02:20.36 | Mem:2494.71M, Peak:2494.71M | Scene, ViewLayer | Sample 512/8192
Fra:1 Mem:1549.85M (Peak 1549.85M) | Time:00:14.68 | Remaining:02:20.10 | Mem:2494.71M, Peak:2494.71M | Scene, ViewLayer | Sample 528/8192
Fra:1 Mem:1549.85M (Peak 1549.85M) | Time:00:14.98 | Remaining:02:19.89 | Mem:2494.71M, Peak:2494.71M | Scene, ViewLayer | Sample 544/8192
Fra:1 Mem:1549.85M (Peak 1549.85M) | Time:00:15.25 | Remaining:02:19.20 | Mem:2494.71M, Peak:2494.71M | Scene, ViewLayer | Sample 560/8192
Fra:1 Mem:1549.85M (Peak 1549.85M) | Time:00:15.53 | Remaining:02:18.84 | Mem:2494.71M, Peak:2494.71M | Scene, ViewLayer | Sample 576/8192
Fra:1 Mem:1549.85M (Peak 1549.85M) | Time:00:15.80 | Remaining:02:18.22 | Mem:2494.71M, Peak:2494.71M | Scene, ViewLayer | Sample 592/8192
Fra:1 Mem:1549.85M (Peak 1549.85M) | Time:00:16.07 | Remaining:02:17.71 | Mem:2494.71M, Peak:2494.71M | Scene, ViewLayer | Sample 608/8192
Fra:1 Mem:1549.85M (Peak 1549.85M) | Time:00:16.44 | Remaining:02:18.38 | Mem:2494.71M, Peak:2494.71M | Scene, ViewLayer | Sample 624/8192
Fra:1 Mem:1549.85M (Peak 1549.85M) | Time:00:16.72 | Remaining:02:17.90 | Mem:2494.71M, Peak:2494.71M | Scene, ViewLayer | Sample 640/8192
Fra:1 Mem:1549.85M (Peak 1549.85M) | Time:00:16.98 | Remaining:02:17.29 | Mem:2494.71M, Peak:2494.71M | Scene, ViewLayer | Sample 656/8192
Fra:1 Mem:1549.85M (Peak 1549.85M) | Time:00:17.26 | Remaining:02:16.82 | Mem:2494.71M, Peak:2494.71M | Scene, ViewLayer | Sample 672/8192
Fra:1 Mem:1549.85M (Peak 1549.85M) | Time:00:17.52 | Remaining:02:16.22 | Mem:2494.71M, Peak:2494.71M | Scene, ViewLayer | Sample 688/8192
Fra:1 Mem:1549.85M (Peak 1549.85M) | Time:00:17.79 | Remaining:02:15.74 | Mem:2494.71M, Peak:2494.71M | Scene, ViewLayer | Sample 704/8192
Fra:1 Mem:1549.85M (Peak 1549.85M) | Time:00:18.11 | Remaining:02:15.72 | Mem:2494.71M, Peak:2494.71M | Scene, ViewLayer | Sample 720/8192
Fra:1 Mem:1549.85M (Peak 1549.85M) | Time:00:18.38 | Remaining:02:15.19 | Mem:2494.71M, Peak:2494.71M | Scene, ViewLayer | Sample 736/8192
Fra:1 Mem:1549.85M (Peak 1549.85M) | Time:00:18.64 | Remaining:02:14.64 | Mem:2494.71M, Peak:2494.71M | Scene, ViewLayer | Sample 752/8192
Fra:1 Mem:1549.85M (Peak 1549.85M) | Time:00:18.92 | Remaining:02:14.22 | Mem:2494.71M, Peak:2494.71M | Scene, ViewLayer | Sample 768/8192
Fra:1 Mem:1549.85M (Peak 1549.85M) | Time:00:19.20 | Remaining:02:13.85 | Mem:2494.71M, Peak:2494.71M | Scene, ViewLayer | Sample 784/8192
Fra:1 Mem:1549.85M (Peak 1549.85M) | Time:00:19.55 | Remaining:02:14.17 | Mem:2494.71M, Peak:2494.71M | Scene, ViewLayer | Sample 800/8192
Fra:1 Mem:1549.85M (Peak 1549.85M) | Time:00:19.84 | Remaining:02:13.84 | Mem:2494.71M, Peak:2494.71M | Scene, ViewLayer | Sample 816/8192
Fra:1 Mem:1549.85M (Peak 1549.85M) | Time:00:20.12 | Remaining:02:13.47 | Mem:2494.71M, Peak:2494.71M | Scene, ViewLayer | Sample 832/8192
Fra:1 Mem:1549.85M (Peak 1549.85M) | Time:00:20.38 | Remaining:02:12.96 | Mem:2494.71M, Peak:2494.71M | Scene, ViewLayer | Sample 848/8192
Fra:1 Mem:1549.85M (Peak 1549.85M) | Time:00:20.66 | Remaining:02:12.57 | Mem:2494.71M, Peak:2494.71M | Scene, ViewLayer | Sample 864/8192
Fra:1 Mem:1549.85M (Peak 1549.85M) | Time:00:21.02 | Remaining:02:12.83 | Mem:2494.71M, Peak:2494.71M | Scene, ViewLayer | Sample 880/8192
Fra:1 Mem:1549.85M (Peak 1549.85M) | Time:00:21.31 | Remaining:02:12.54 | Mem:2494.71M, Peak:2494.71M | Scene, ViewLayer | Sample 896/8192
Fra:1 Mem:1549.85M (Peak 1549.85M) | Time:00:21.58 | Remaining:02:12.10 | Mem:2494.71M, Peak:2494.71M | Scene, ViewLayer | Sample 912/8192
Fra:1 Mem:1549.85M (Peak 1549.85M) | Time:00:21.84 | Remaining:02:11.60 | Mem:2494.71M, Peak:2494.71M | Scene, ViewLayer | Sample 928/8192
Fra:1 Mem:1549.85M (Peak 1549.85M) | Time:00:22.19 | Remaining:02:11.72 | Mem:2494.71M, Peak:2494.71M | Scene, ViewLayer | Sample 944/8192
Fra:1 Mem:1549.85M (Peak 1549.85M) | Time:00:22.45 | Remaining:02:11.23 | Mem:2494.71M, Peak:2494.71M | Scene, ViewLayer | Sample 960/8192
Fra:1 Mem:1549.85M (Peak 1549.85M) | Time:00:22.74 | Remaining:02:10.89 | Mem:2494.71M, Peak:2494.71M | Scene, ViewLayer | Sample 976/8192
Fra:1 Mem:1549.85M (Peak 1549.85M) | Time:00:23.34 | Remaining:02:12.89 | Mem:2494.71M, Peak:2494.71M | Scene, ViewLayer | Sample 992/8192
Fra:1 Mem:1549.85M (Peak 1549.85M) | Time:00:23.66 | Remaining:02:12.79 | Mem:2494.71M, Peak:2494.71M | Scene, ViewLayer | Sample 1008/8192
Fra:1 Mem:1549.85M (Peak 1549.85M) | Time:00:23.94 | Remaining:02:12.36 | Mem:2494.71M, Peak:2494.71M | Scene, ViewLayer | Sample 1024/8192
Fra:1 Mem:1549.85M (Peak 1549.85M) | Time:00:24.22 | Remaining:02:11.95 | Mem:2494.71M, Peak:2494.71M | Scene, ViewLayer | Sample 1040/8192
Fra:1 Mem:1549.85M (Peak 1549.85M) | Time:00:24.58 | Remaining:02:12.11 | Mem:2494.71M, Peak:2494.71M | Scene, ViewLayer | Sample 1056/8192
Fra:1 Mem:1549.85M (Peak 1549.85M) | Time:00:24.86 | Remaining:02:11.68 | Mem:2494.71M, Peak:2494.71M | Scene, ViewLayer | Sample 1072/8192
Fra:1 Mem:1549.85M (Peak 1549.85M) | Time:00:25.13 | Remaining:02:11.20 | Mem:2494.71M, Peak:2494.71M | Scene, ViewLayer | Sample 1088/8192
Fra:1 Mem:1549.85M (Peak 1549.85M) | Time:00:25.40 | Remaining:02:10.76 | Mem:2494.71M, Peak:2494.71M | Scene, ViewLayer | Sample 1104/8192
Fra:1 Mem:1549.85M (Peak 1549.85M) | Time:00:25.70 | Remaining:02:10.49 | Mem:2494.71M, Peak:2494.71M | Scene, ViewLayer | Sample 1120/8192
Fra:1 Mem:1549.85M (Peak 1549.85M) | Time:00:26.03 | Remaining:02:10.42 | Mem:2494.71M, Peak:2494.71M | Scene, ViewLayer | Sample 1136/8192
Fra:1 Mem:1549.85M (Peak 1549.85M) | Time:00:26.40 | Remaining:02:10.56 | Mem:2494.71M, Peak:2494.71M | Scene, ViewLayer | Sample 1152/8192
Fra:1 Mem:1549.85M (Peak 1549.85M) | Time:00:26.66 | Remaining:02:10.07 | Mem:2494.71M, Peak:2494.71M | Scene, ViewLayer | Sample 1168/8192
Fra:1 Mem:1549.85M (Peak 1549.85M) | Time:00:26.92 | Remaining:02:09.56 | Mem:2494.71M, Peak:2494.71M | Scene, ViewLayer | Sample 1184/8192
Fra:1 Mem:1549.85M (Peak 1549.85M) | Time:00:27.19 | Remaining:02:09.11 | Mem:2494.71M, Peak:2494.71M | Scene, ViewLayer | Sample 1200/8192
Fra:1 Mem:1549.85M (Peak 1549.85M) | Time:00:27.46 | Remaining:02:08.65 | Mem:2494.71M, Peak:2494.71M | Scene, ViewLayer | Sample 1216/8192
Fra:1 Mem:1549.85M (Peak 1549.85M) | Time:00:27.73 | Remaining:02:08.20 | Mem:2494.71M, Peak:2494.71M | Scene, ViewLayer | Sample 1232/8192
Fra:1 Mem:1549.85M (Peak 1549.85M) | Time:00:28.00 | Remaining:02:07.79 | Mem:2494.71M, Peak:2494.71M | Scene, ViewLayer | Sample 1248/8192
Fra:1 Mem:1549.85M (Peak 1549.85M) | Time:00:28.30 | Remaining:02:07.52 | Mem:2494.71M, Peak:2494.71M | Scene, ViewLayer | Sample 1264/8192
Fra:1 Mem:1549.85M (Peak 1549.85M) | Time:00:28.56 | Remaining:02:07.07 | Mem:2494.71M, Peak:2494.71M | Scene, ViewLayer | Sample 1280/8192
Fra:1 Mem:1549.85M (Peak 1549.85M) | Time:00:28.83 | Remaining:02:06.61 | Mem:2494.71M, Peak:2494.71M | Scene, ViewLayer | Sample 1296/8192
Fra:1 Mem:1549.85M (Peak 1549.85M) | Time:00:29.09 | Remaining:02:06.14 | Mem:2494.71M, Peak:2494.71M | Scene, ViewLayer | Sample 1312/8192
Fra:1 Mem:1549.85M (Peak 1549.85M) | Time:00:29.36 | Remaining:02:05.76 | Mem:2494.71M, Peak:2494.71M | Scene, ViewLayer | Sample 1328/8192
Fra:1 Mem:1549.85M (Peak 1549.85M) | Time:00:29.73 | Remaining:02:05.83 | Mem:2494.71M, Peak:2494.71M | Scene, ViewLayer | Sample 1344/8192
Fra:1 Mem:1549.85M (Peak 1549.85M) | Time:00:30.01 | Remaining:02:05.45 | Mem:2494.71M, Peak:2494.71M | Scene, ViewLayer | Sample 1360/8192
Fra:1 Mem:1549.85M (Peak 1549.85M) | Time:00:30.36 | Remaining:02:05.44 | Mem:2494.71M, Peak:2494.71M | Scene, ViewLayer | Sample 1376/8192
Fra:1 Mem:1549.85M (Peak 1549.85M) | Time:00:30.64 | Remaining:02:05.10 | Mem:2494.71M, Peak:2494.71M | Scene, ViewLayer | Sample 1392/8192
Fra:1 Mem:1549.85M (Peak 1549.85M) | Time:00:30.90 | Remaining:02:04.65 | Mem:2494.71M, Peak:2494.71M | Scene, ViewLayer | Sample 1408/8192
Fra:1 Mem:1549.85M (Peak 1549.85M) | Time:00:31.17 | Remaining:02:04.20 | Mem:2494.71M, Peak:2494.71M | Scene, ViewLayer | Sample 1424/8192
Fra:1 Mem:1549.85M (Peak 1549.85M) | Time:00:31.53 | Remaining:02:04.25 | Mem:2494.71M, Peak:2494.71M | Scene, ViewLayer | Sample 1440/8192
Fra:1 Mem:1549.85M (Peak 1549.85M) | Time:00:32.00 | Remaining:02:04.74 | Mem:2494.71M, Peak:2494.71M | Scene, ViewLayer | Sample 1456/8192
Fra:1 Mem:1549.85M (Peak 1549.85M) | Time:00:32.39 | Remaining:02:04.89 | Mem:2494.71M, Peak:2494.71M | Scene, ViewLayer | Sample 1472/8192
Fra:1 Mem:1549.85M (Peak 1549.85M) | Time:00:32.73 | Remaining:02:04.79 | Mem:2494.71M, Peak:2494.71M | Scene, ViewLayer | Sample 1488/8192
Fra:1 Mem:1549.85M (Peak 1549.85M) | Time:00:33.08 | Remaining:02:04.72 | Mem:2494.71M, Peak:2494.71M | Scene, ViewLayer | Sample 1504/8192
Fra:1 Mem:1549.85M (Peak 1549.85M) | Time:00:33.35 | Remaining:02:04.29 | Mem:2494.71M, Peak:2494.71M | Scene, ViewLayer | Sample 1520/8192
Fra:1 Mem:1549.85M (Peak 1549.85M) | Time:00:33.63 | Remaining:02:03.92 | Mem:2494.71M, Peak:2494.71M | Scene, ViewLayer | Sample 1536/8192
Fra:1 Mem:1549.85M (Peak 1549.85M) | Time:00:33.89 | Remaining:02:03.45 | Mem:2494.71M, Peak:2494.71M | Scene, ViewLayer | Sample 1552/8192
Fra:1 Mem:1549.85M (Peak 1549.85M) | Time:00:34.16 | Remaining:02:03.02 | Mem:2494.71M, Peak:2494.71M | Scene, ViewLayer | Sample 1568/8192
Fra:1 Mem:1549.85M (Peak 1549.85M) | Time:00:34.41 | Remaining:02:02.56 | Mem:2494.71M, Peak:2494.71M | Scene, ViewLayer | Sample 1584/8192
Fra:1 Mem:1549.85M (Peak 1549.85M) | Time:00:34.76 | Remaining:02:02.47 | Mem:2494.71M, Peak:2494.71M | Scene, ViewLayer | Sample 1600/8192
Fra:1 Mem:1549.85M (Peak 1549.85M) | Time:00:35.04 | Remaining:02:02.10 | Mem:2494.71M, Peak:2494.71M | Scene, ViewLayer | Sample 1616/8192
Fra:1 Mem:1549.85M (Peak 1549.85M) | Time:00:35.31 | Remaining:02:01.70 | Mem:2494.71M, Peak:2494.71M | Scene, ViewLayer | Sample 1632/8192
Fra:1 Mem:1549.85M (Peak 1549.85M) | Time:00:35.61 | Remaining:02:01.41 | Mem:2494.71M, Peak:2494.71M | Scene, ViewLayer | Sample 1648/8192
Fra:1 Mem:1549.85M (Peak 1549.85M) | Time:00:35.92 | Remaining:02:01.16 | Mem:2494.71M, Peak:2494.71M | Scene, ViewLayer | Sample 1664/8192
Fra:1 Mem:1549.85M (Peak 1549.85M) | Time:00:36.23 | Remaining:02:00.91 | Mem:2494.71M, Peak:2494.71M | Scene, ViewLayer | Sample 1680/8192
Fra:1 Mem:1549.85M (Peak 1549.85M) | Time:00:36.50 | Remaining:02:00.53 | Mem:2494.71M, Peak:2494.71M | Scene, ViewLayer | Sample 1696/8192
Fra:1 Mem:1549.85M (Peak 1549.85M) | Time:00:36.75 | Remaining:02:00.06 | Mem:2494.71M, Peak:2494.71M | Scene, ViewLayer | Sample 1712/8192
Fra:1 Mem:1549.85M (Peak 1549.85M) | Time:00:37.01 | Remaining:01:59.62 | Mem:2494.71M, Peak:2494.71M | Scene, ViewLayer | Sample 1728/8192
Fra:1 Mem:1549.85M (Peak 1549.85M) | Time:00:37.27 | Remaining:01:59.19 | Mem:2494.71M, Peak:2494.71M | Scene, ViewLayer | Sample 1744/8192
Fra:1 Mem:1549.85M (Peak 1549.85M) | Time:00:37.54 | Remaining:01:58.80 | Mem:2494.71M, Peak:2494.71M | Scene, ViewLayer | Sample 1760/8192
Fra:1 Mem:1549.85M (Peak 1549.85M) | Time:00:37.82 | Remaining:01:58.43 | Mem:2494.71M, Peak:2494.71M | Scene, ViewLayer | Sample 1776/8192
Fra:1 Mem:1549.85M (Peak 1549.85M) | Time:00:38.10 | Remaining:01:58.08 | Mem:2494.71M, Peak:2494.71M | Scene, ViewLayer | Sample 1792/8192
Fra:1 Mem:1549.85M (Peak 1549.85M) | Time:00:38.42 | Remaining:01:57.89 | Mem:2494.71M, Peak:2494.71M | Scene, ViewLayer | Sample 1808/8192
Fra:1 Mem:1549.85M (Peak 1549.85M) | Time:00:38.68 | Remaining:01:57.47 | Mem:2494.71M, Peak:2494.71M | Scene, ViewLayer | Sample 1824/8192
Fra:1 Mem:1549.85M (Peak 1549.85M) | Time:00:38.94 | Remaining:01:57.06 | Mem:2494.71M, Peak:2494.71M | Scene, ViewLayer | Sample 1840/8192
Fra:1 Mem:1549.85M (Peak 1549.85M) | Time:00:39.21 | Remaining:01:56.67 | Mem:2494.71M, Peak:2494.71M | Scene, ViewLayer | Sample 1856/8192
Fra:1 Mem:1549.85M (Peak 1549.85M) | Time:00:39.46 | Remaining:01:56.23 | Mem:2494.71M, Peak:2494.71M | Scene, ViewLayer | Sample 1872/8192
Fra:1 Mem:1549.85M (Peak 1549.85M) | Time:00:39.80 | Remaining:01:56.10 | Mem:2494.71M, Peak:2494.71M | Scene, ViewLayer | Sample 1888/8192
Fra:1 Mem:1549.85M (Peak 1549.85M) | Time:00:40.09 | Remaining:01:55.76 | Mem:2494.71M, Peak:2494.71M | Scene, ViewLayer | Sample 1904/8192
Fra:1 Mem:1549.85M (Peak 1549.85M) | Time:00:40.44 | Remaining:01:55.65 | Mem:2494.71M, Peak:2494.71M | Scene, ViewLayer | Sample 1920/8192
Fra:1 Mem:1549.85M (Peak 1549.85M) | Time:00:40.71 | Remaining:01:55.29 | Mem:2494.71M, Peak:2494.71M | Scene, ViewLayer | Sample 1936/8192
Fra:1 Mem:1549.85M (Peak 1549.85M) | Time:00:40.97 | Remaining:01:54.87 | Mem:2494.71M, Peak:2494.71M | Scene, ViewLayer | Sample 1952/8192
Fra:1 Mem:1549.85M (Peak 1549.85M) | Time:00:41.34 | Remaining:01:54.81 | Mem:2494.71M, Peak:2494.71M | Scene, ViewLayer | Sample 1968/8192
Fra:1 Mem:1549.85M (Peak 1549.85M) | Time:00:41.60 | Remaining:01:54.41 | Mem:2494.71M, Peak:2494.71M | Scene, ViewLayer | Sample 1984/8192
Fra:1 Mem:1549.85M (Peak 1549.85M) | Time:00:41.91 | Remaining:01:54.16 | Mem:2494.71M, Peak:2494.71M | Scene, ViewLayer | Sample 2000/8192
Fra:1 Mem:1549.85M (Peak 1549.85M) | Time:00:42.16 | Remaining:01:53.74 | Mem:2494.71M, Peak:2494.71M | Scene, ViewLayer | Sample 2016/8192
Fra:1 Mem:1549.85M (Peak 1549.85M) | Time:00:42.43 | Remaining:01:53.37 | Mem:2494.71M, Peak:2494.71M | Scene, ViewLayer | Sample 2032/8192
Fra:1 Mem:1549.85M (Peak 1549.85M) | Time:00:42.70 | Remaining:01:52.99 | Mem:2494.71M, Peak:2494.71M | Scene, ViewLayer | Sample 2048/8192
Fra:1 Mem:1549.85M (Peak 1549.85M) | Time:00:42.96 | Remaining:01:52.61 | Mem:2494.71M, Peak:2494.71M | Scene, ViewLayer | Sample 2064/8192
Fra:1 Mem:1549.85M (Peak 1549.85M) | Time:00:43.22 | Remaining:01:52.20 | Mem:2494.71M, Peak:2494.71M | Scene, ViewLayer | Sample 2080/8192
Fra:1 Mem:1549.85M (Peak 1549.85M) | Time:00:43.51 | Remaining:01:51.89 | Mem:2494.71M, Peak:2494.71M | Scene, ViewLayer | Sample 2096/8192
Fra:1 Mem:1549.85M (Peak 1549.85M) | Time:00:43.77 | Remaining:01:51.52 | Mem:2494.71M, Peak:2494.71M | Scene, ViewLayer | Sample 2112/8192
Fra:1 Mem:1549.85M (Peak 1549.85M) | Time:00:44.04 | Remaining:01:51.16 | Mem:2494.71M, Peak:2494.71M | Scene, ViewLayer | Sample 2128/8192
Fra:1 Mem:1549.85M (Peak 1549.85M) | Time:00:44.32 | Remaining:01:50.82 | Mem:2494.71M, Peak:2494.71M | Scene, ViewLayer | Sample 2144/8192
Fra:1 Mem:1549.85M (Peak 1549.85M) | Time:00:44.58 | Remaining:01:50.43 | Mem:2494.71M, Peak:2494.71M | Scene, ViewLayer | Sample 2160/8192
Fra:1 Mem:1549.85M (Peak 1549.85M) | Time:00:44.85 | Remaining:01:50.08 | Mem:2494.71M, Peak:2494.71M | Scene, ViewLayer | Sample 2176/8192
Fra:1 Mem:1549.85M (Peak 1549.85M) | Time:00:45.11 | Remaining:01:49.69 | Mem:2494.71M, Peak:2494.71M | Scene, ViewLayer | Sample 2192/8192
Fra:1 Mem:1549.85M (Peak 1549.85M) | Time:00:45.47 | Remaining:01:49.58 | Mem:2494.71M, Peak:2494.71M | Scene, ViewLayer | Sample 2208/8192
Fra:1 Mem:1549.85M (Peak 1549.85M) | Time:00:45.80 | Remaining:01:49.38 | Mem:2494.71M, Peak:2494.71M | Scene, ViewLayer | Sample 2224/8192
Fra:1 Mem:1549.85M (Peak 1549.85M) | Time:00:46.14 | Remaining:01:49.22 | Mem:2494.71M, Peak:2494.71M | Scene, ViewLayer | Sample 2240/8192
Fra:1 Mem:1549.85M (Peak 1549.85M) | Time:00:46.43 | Remaining:01:48.93 | Mem:2494.71M, Peak:2494.71M | Scene, ViewLayer | Sample 2256/8192
Fra:1 Mem:1549.85M (Peak 1549.85M) | Time:00:46.91 | Remaining:01:49.10 | Mem:2494.71M, Peak:2494.71M | Scene, ViewLayer | Sample 2272/8192
Fra:1 Mem:1549.85M (Peak 1549.85M) | Time:00:47.32 | Remaining:01:49.12 | Mem:2494.71M, Peak:2494.71M | Scene, ViewLayer | Sample 2288/8192
Fra:1 Mem:1549.85M (Peak 1549.85M) | Time:00:47.70 | Remaining:01:49.03 | Mem:2494.71M, Peak:2494.71M | Scene, ViewLayer | Sample 2304/8192
Fra:1 Mem:1549.85M (Peak 1549.85M) | Time:00:48.20 | Remaining:01:49.26 | Mem:2494.71M, Peak:2494.71M | Scene, ViewLayer | Sample 2320/8192
Fra:1 Mem:1549.85M (Peak 1549.85M) | Time:00:48.65 | Remaining:01:49.34 | Mem:2494.71M, Peak:2494.71M | Scene, ViewLayer | Sample 2336/8192
Fra:1 Mem:1549.85M (Peak 1549.85M) | Time:00:49.01 | Remaining:01:49.18 | Mem:2494.71M, Peak:2494.71M | Scene, ViewLayer | Sample 2352/8192
Fra:1 Mem:1549.85M (Peak 1549.85M) | Time:00:49.26 | Remaining:01:48.78 | Mem:2494.71M, Peak:2494.71M | Scene, ViewLayer | Sample 2368/8192
Fra:1 Mem:1549.85M (Peak 1549.85M) | Time:00:49.55 | Remaining:01:48.46 | Mem:2494.71M, Peak:2494.71M | Scene, ViewLayer | Sample 2384/8192
Fra:1 Mem:1549.85M (Peak 1549.85M) | Time:00:49.81 | Remaining:01:48.05 | Mem:2494.71M, Peak:2494.71M | Scene, ViewLayer | Sample 2400/8192
Fra:1 Mem:1549.85M (Peak 1549.85M) | Time:00:50.11 | Remaining:01:47.77 | Mem:2494.71M, Peak:2494.71M | Scene, ViewLayer | Sample 2416/8192
Fra:1 Mem:1549.85M (Peak 1549.85M) | Time:00:50.37 | Remaining:01:47.38 | Mem:2494.71M, Peak:2494.71M | Scene, ViewLayer | Sample 2432/8192
Fra:1 Mem:1549.85M (Peak 1549.85M) | Time:00:50.64 | Remaining:01:47.01 | Mem:2494.71M, Peak:2494.71M | Scene, ViewLayer | Sample 2448/8192
Fra:1 Mem:1549.85M (Peak 1549.85M) | Time:00:50.91 | Remaining:01:46.64 | Mem:2494.71M, Peak:2494.71M | Scene, ViewLayer | Sample 2464/8192
Fra:1 Mem:1549.85M (Peak 1549.85M) | Time:00:51.23 | Remaining:01:46.39 | Mem:2494.71M, Peak:2494.71M | Scene, ViewLayer | Sample 2480/8192
Fra:1 Mem:1549.85M (Peak 1549.85M) | Time:00:51.63 | Remaining:01:46.33 | Mem:2494.71M, Peak:2494.71M | Scene, ViewLayer | Sample 2496/8192
Fra:1 Mem:1549.85M (Peak 1549.85M) | Time:00:51.99 | Remaining:01:46.18 | Mem:2494.71M, Peak:2494.71M | Scene, ViewLayer | Sample 2512/8192
Fra:1 Mem:1549.85M (Peak 1549.85M) | Time:00:52.30 | Remaining:01:45.91 | Mem:2494.71M, Peak:2494.71M | Scene, ViewLayer | Sample 2528/8192
Fra:1 Mem:1549.85M (Peak 1549.85M) | Time:00:52.57 | Remaining:01:45.53 | Mem:2494.71M, Peak:2494.71M | Scene, ViewLayer | Sample 2544/8192
Fra:1 Mem:1549.85M (Peak 1549.85M) | Time:00:52.82 | Remaining:01:45.12 | Mem:2494.71M, Peak:2494.71M | Scene, ViewLayer | Sample 2560/8192
Fra:1 Mem:1549.85M (Peak 1549.85M) | Time:00:53.07 | Remaining:01:44.73 | Mem:2494.71M, Peak:2494.71M | Scene, ViewLayer | Sample 2576/8192
Fra:1 Mem:1549.85M (Peak 1549.85M) | Time:00:53.32 | Remaining:01:44.32 | Mem:2494.71M, Peak:2494.71M | Scene, ViewLayer | Sample 2592/8192
Fra:1 Mem:1549.85M (Peak 1549.85M) | Time:00:53.56 | Remaining:01:43.91 | Mem:2494.71M, Peak:2494.71M | Scene, ViewLayer | Sample 2608/8192
Fra:1 Mem:1549.85M (Peak 1549.85M) | Time:00:53.81 | Remaining:01:43.50 | Mem:2494.71M, Peak:2494.71M | Scene, ViewLayer | Sample 2624/8192
Fra:1 Mem:1549.85M (Peak 1549.85M) | Time:00:54.06 | Remaining:01:43.10 | Mem:2494.71M, Peak:2494.71M | Scene, ViewLayer | Sample 2640/8192
Fra:1 Mem:1549.85M (Peak 1549.85M) | Time:00:54.31 | Remaining:01:42.69 | Mem:2494.71M, Peak:2494.71M | Scene, ViewLayer | Sample 2656/8192
Fra:1 Mem:1549.85M (Peak 1549.85M) | Time:00:54.55 | Remaining:01:42.29 | Mem:2494.71M, Peak:2494.71M | Scene, ViewLayer | Sample 2672/8192
Fra:1 Mem:1549.85M (Peak 1549.85M) | Time:00:54.80 | Remaining:01:41.89 | Mem:2494.71M, Peak:2494.71M | Scene, ViewLayer | Sample 2688/8192
Fra:1 Mem:1549.85M (Peak 1549.85M) | Time:00:55.04 | Remaining:01:41.49 | Mem:2494.71M, Peak:2494.71M | Scene, ViewLayer | Sample 2704/8192
Fra:1 Mem:1549.85M (Peak 1549.85M) | Time:00:55.31 | Remaining:01:41.14 | Mem:2494.71M, Peak:2494.71M | Scene, ViewLayer | Sample 2720/8192
Fra:1 Mem:1549.85M (Peak 1549.85M) | Time:00:55.57 | Remaining:01:40.77 | Mem:2494.71M, Peak:2494.71M | Scene, ViewLayer | Sample 2736/8192
Fra:1 Mem:1549.85M (Peak 1549.85M) | Time:00:55.87 | Remaining:01:40.48 | Mem:2494.71M, Peak:2494.71M | Scene, ViewLayer | Sample 2752/8192
Fra:1 Mem:1549.85M (Peak 1549.85M) | Time:00:56.14 | Remaining:01:40.14 | Mem:2494.71M, Peak:2494.71M | Scene, ViewLayer | Sample 2768/8192
Fra:1 Mem:1549.85M (Peak 1549.85M) | Time:00:56.46 | Remaining:01:39.89 | Mem:2494.71M, Peak:2494.71M | Scene, ViewLayer | Sample 2784/8192
Fra:1 Mem:1549.85M (Peak 1549.85M) | Time:00:56.77 | Remaining:01:39.62 | Mem:2494.71M, Peak:2494.71M | Scene, ViewLayer | Sample 2800/8192
Fra:1 Mem:1549.85M (Peak 1549.85M) | Time:00:57.19 | Remaining:01:39.56 | Mem:2494.71M, Peak:2494.71M | Scene, ViewLayer | Sample 2816/8192
Fra:1 Mem:1549.85M (Peak 1549.85M) | Time:00:57.51 | Remaining:01:39.31 | Mem:2494.71M, Peak:2494.71M | Scene, ViewLayer | Sample 2832/8192
Fra:1 Mem:1549.85M (Peak 1549.85M) | Time:00:57.90 | Remaining:01:39.19 | Mem:2494.71M, Peak:2494.71M | Scene, ViewLayer | Sample 2848/8192
Fra:1 Mem:1549.85M (Peak 1549.85M) | Time:00:58.18 | Remaining:01:38.87 | Mem:2494.71M, Peak:2494.71M | Scene, ViewLayer | Sample 2864/8192
Fra:1 Mem:1549.85M (Peak 1549.85M) | Time:00:58.47 | Remaining:01:38.56 | Mem:2494.71M, Peak:2494.71M | Scene, ViewLayer | Sample 2880/8192
Fra:1 Mem:1549.85M (Peak 1549.85M) | Time:00:58.80 | Remaining:01:38.31 | Mem:2494.71M, Peak:2494.71M | Scene, ViewLayer | Sample 2896/8192
Fra:1 Mem:1549.85M (Peak 1549.85M) | Time:00:59.13 | Remaining:01:38.08 | Mem:2494.71M, Peak:2494.71M | Scene, ViewLayer | Sample 2912/8192
Fra:1 Mem:1549.85M (Peak 1549.85M) | Time:00:59.40 | Remaining:01:37.74 | Mem:2494.71M, Peak:2494.71M | Scene, ViewLayer | Sample 2928/8192
Fra:1 Mem:1549.85M (Peak 1549.85M) | Time:00:59.65 | Remaining:01:37.35 | Mem:2494.71M, Peak:2494.71M | Scene, ViewLayer | Sample 2944/8192
Fra:1 Mem:1549.85M (Peak 1549.85M) | Time:00:59.90 | Remaining:01:36.98 | Mem:2494.71M, Peak:2494.71M | Scene, ViewLayer | Sample 2960/8192
Fra:1 Mem:1549.85M (Peak 1549.85M) | Time:01:00.15 | Remaining:01:36.59 | Mem:2494.71M, Peak:2494.71M | Scene, ViewLayer | Sample 2976/8192
Fra:1 Mem:1549.85M (Peak 1549.85M) | Time:01:00.40 | Remaining:01:36.21 | Mem:2494.71M, Peak:2494.71M | Scene, ViewLayer | Sample 2992/8192
Fra:1 Mem:1549.85M (Peak 1549.85M) | Time:01:00.65 | Remaining:01:35.85 | Mem:2494.71M, Peak:2494.71M | Scene, ViewLayer | Sample 3008/8192
Fra:1 Mem:1549.85M (Peak 1549.85M) | Time:01:00.89 | Remaining:01:35.45 | Mem:2494.71M, Peak:2494.71M | Scene, ViewLayer | Sample 3024/8192
Fra:1 Mem:1549.85M (Peak 1549.85M) | Time:01:01.15 | Remaining:01:35.10 | Mem:2494.71M, Peak:2494.71M | Scene, ViewLayer | Sample 3040/8192
Fra:1 Mem:1549.85M (Peak 1549.85M) | Time:01:01.39 | Remaining:01:34.71 | Mem:2494.71M, Peak:2494.71M | Scene, ViewLayer | Sample 3056/8192
Fra:1 Mem:1549.85M (Peak 1549.85M) | Time:01:01.75 | Remaining:01:34.52 | Mem:2494.71M, Peak:2494.71M | Scene, ViewLayer | Sample 3072/8192
Fra:1 Mem:1549.85M (Peak 1549.85M) | Time:01:02.07 | Remaining:01:34.26 | Mem:2494.71M, Peak:2494.71M | Scene, ViewLayer | Sample 3088/8192
Fra:1 Mem:1549.85M (Peak 1549.85M) | Time:01:02.42 | Remaining:01:34.07 | Mem:2494.71M, Peak:2494.71M | Scene, ViewLayer | Sample 3104/8192
Fra:1 Mem:1549.85M (Peak 1549.85M) | Time:01:02.66 | Remaining:01:33.68 | Mem:2494.71M, Peak:2494.71M | Scene, ViewLayer | Sample 3120/8192
Fra:1 Mem:1549.85M (Peak 1549.85M) | Time:01:02.89 | Remaining:01:33.28 | Mem:2494.71M, Peak:2494.71M | Scene, ViewLayer | Sample 3136/8192
Fra:1 Mem:1549.85M (Peak 1549.85M) | Time:01:03.12 | Remaining:01:32.88 | Mem:2494.71M, Peak:2494.71M | Scene, ViewLayer | Sample 3152/8192
Fra:1 Mem:1549.85M (Peak 1549.85M) | Time:01:03.35 | Remaining:01:32.48 | Mem:2494.71M, Peak:2494.71M | Scene, ViewLayer | Sample 3168/8192
Fra:1 Mem:1549.85M (Peak 1549.85M) | Time:01:03.59 | Remaining:01:32.09 | Mem:2494.71M, Peak:2494.71M | Scene, ViewLayer | Sample 3184/8192
Fra:1 Mem:1549.85M (Peak 1549.85M) | Time:01:04.01 | Remaining:01:31.99 | Mem:2494.71M, Peak:2494.71M | Scene, ViewLayer | Sample 3200/8192
Fra:1 Mem:1549.85M (Peak 1549.85M) | Time:01:04.31 | Remaining:01:31.71 | Mem:2494.71M, Peak:2494.71M | Scene, ViewLayer | Sample 3216/8192
Fra:1 Mem:1549.85M (Peak 1549.85M) | Time:01:04.55 | Remaining:01:31.33 | Mem:2494.71M, Peak:2494.71M | Scene, ViewLayer | Sample 3232/8192
Fra:1 Mem:1549.85M (Peak 1549.85M) | Time:01:04.78 | Remaining:01:30.93 | Mem:2494.71M, Peak:2494.71M | Scene, ViewLayer | Sample 3248/8192
Fra:1 Mem:1549.85M (Peak 1549.85M) | Time:01:05.01 | Remaining:01:30.54 | Mem:2494.71M, Peak:2494.71M | Scene, ViewLayer | Sample 3264/8192
Fra:1 Mem:1549.85M (Peak 1549.85M) | Time:01:05.24 | Remaining:01:30.16 | Mem:2494.71M, Peak:2494.71M | Scene, ViewLayer | Sample 3280/8192
Fra:1 Mem:1549.85M (Peak 1549.85M) | Time:01:05.64 | Remaining:01:30.02 | Mem:2494.71M, Peak:2494.71M | Scene, ViewLayer | Sample 3296/8192
Fra:1 Mem:1549.85M (Peak 1549.85M) | Time:01:05.95 | Remaining:01:29.75 | Mem:2494.71M, Peak:2494.71M | Scene, ViewLayer | Sample 3312/8192
Fra:1 Mem:1549.85M (Peak 1549.85M) | Time:01:06.18 | Remaining:01:29.36 | Mem:2494.71M, Peak:2494.71M | Scene, ViewLayer | Sample 3328/8192
Fra:1 Mem:1549.85M (Peak 1549.85M) | Time:01:06.51 | Remaining:01:29.11 | Mem:2494.71M, Peak:2494.71M | Scene, ViewLayer | Sample 3344/8192
Fra:1 Mem:1549.85M (Peak 1549.85M) | Time:01:06.77 | Remaining:01:28.77 | Mem:2494.71M, Peak:2494.71M | Scene, ViewLayer | Sample 3360/8192
Fra:1 Mem:1549.85M (Peak 1549.85M) | Time:01:07.11 | Remaining:01:28.55 | Mem:2494.71M, Peak:2494.71M | Scene, ViewLayer | Sample 3376/8192
Fra:1 Mem:1549.85M (Peak 1549.85M) | Time:01:07.49 | Remaining:01:28.38 | Mem:2494.71M, Peak:2494.71M | Scene, ViewLayer | Sample 3392/8192
Fra:1 Mem:1549.85M (Peak 1549.85M) | Time:01:07.74 | Remaining:01:28.02 | Mem:2494.71M, Peak:2494.71M | Scene, ViewLayer | Sample 3408/8192
Fra:1 Mem:1549.85M (Peak 1549.85M) | Time:01:07.97 | Remaining:01:27.64 | Mem:2494.71M, Peak:2494.71M | Scene, ViewLayer | Sample 3424/8192
Fra:1 Mem:1549.85M (Peak 1549.85M) | Time:01:08.21 | Remaining:01:27.26 | Mem:2494.71M, Peak:2494.71M | Scene, ViewLayer | Sample 3440/8192
Fra:1 Mem:1549.85M (Peak 1549.85M) | Time:01:08.60 | Remaining:01:27.10 | Mem:2494.71M, Peak:2494.71M | Scene, ViewLayer | Sample 3456/8192
Fra:1 Mem:1549.85M (Peak 1549.85M) | Time:01:09.03 | Remaining:01:27.00 | Mem:2494.71M, Peak:2494.71M | Scene, ViewLayer | Sample 3472/8192
Fra:1 Mem:1549.85M (Peak 1549.85M) | Time:01:09.58 | Remaining:01:27.05 | Mem:2494.71M, Peak:2494.71M | Scene, ViewLayer | Sample 3488/8192
Fra:1 Mem:1549.85M (Peak 1549.85M) | Time:01:09.88 | Remaining:01:26.76 | Mem:2494.71M, Peak:2494.71M | Scene, ViewLayer | Sample 3504/8192
Fra:1 Mem:1549.85M (Peak 1549.85M) | Time:01:10.11 | Remaining:01:26.37 | Mem:2494.71M, Peak:2494.71M | Scene, ViewLayer | Sample 3520/8192
Fra:1 Mem:1549.85M (Peak 1549.85M) | Time:01:10.37 | Remaining:01:26.02 | Mem:2494.71M, Peak:2494.71M | Scene, ViewLayer | Sample 3536/8192
Fra:1 Mem:1549.85M (Peak 1549.85M) | Time:01:10.61 | Remaining:01:25.65 | Mem:2494.71M, Peak:2494.71M | Scene, ViewLayer | Sample 3552/8192
Fra:1 Mem:1549.85M (Peak 1549.85M) | Time:01:10.83 | Remaining:01:25.27 | Mem:2494.71M, Peak:2494.71M | Scene, ViewLayer | Sample 3568/8192
Fra:1 Mem:1549.85M (Peak 1549.85M) | Time:01:11.07 | Remaining:01:24.90 | Mem:2494.71M, Peak:2494.71M | Scene, ViewLayer | Sample 3584/8192
Fra:1 Mem:1549.85M (Peak 1549.85M) | Time:01:11.30 | Remaining:01:24.53 | Mem:2494.71M, Peak:2494.71M | Scene, ViewLayer | Sample 3600/8192
Fra:1 Mem:1549.85M (Peak 1549.85M) | Time:01:11.55 | Remaining:01:24.17 | Mem:2494.71M, Peak:2494.71M | Scene, ViewLayer | Sample 3616/8192
Fra:1 Mem:1549.85M (Peak 1549.85M) | Time:01:11.77 | Remaining:01:23.79 | Mem:2494.71M, Peak:2494.71M | Scene, ViewLayer | Sample 3632/8192
Fra:1 Mem:1549.85M (Peak 1549.85M) | Time:01:12.01 | Remaining:01:23.43 | Mem:2494.71M, Peak:2494.71M | Scene, ViewLayer | Sample 3648/8192
Fra:1 Mem:1549.85M (Peak 1549.85M) | Time:01:12.24 | Remaining:01:23.05 | Mem:2494.71M, Peak:2494.71M | Scene, ViewLayer | Sample 3664/8192
Fra:1 Mem:1549.85M (Peak 1549.85M) | Time:01:12.56 | Remaining:01:22.78 | Mem:2494.71M, Peak:2494.71M | Scene, ViewLayer | Sample 3680/8192
Fra:1 Mem:1549.85M (Peak 1549.85M) | Time:01:12.97 | Remaining:01:22.63 | Mem:2494.71M, Peak:2494.71M | Scene, ViewLayer | Sample 3696/8192
Fra:1 Mem:1549.85M (Peak 1549.85M) | Time:01:13.21 | Remaining:01:22.28 | Mem:2494.71M, Peak:2494.71M | Scene, ViewLayer | Sample 3712/8192
Fra:1 Mem:1549.85M (Peak 1549.85M) | Time:01:13.43 | Remaining:01:21.89 | Mem:2494.71M, Peak:2494.71M | Scene, ViewLayer | Sample 3728/8192
Fra:1 Mem:1549.85M (Peak 1549.85M) | Time:01:13.67 | Remaining:01:21.54 | Mem:2494.71M, Peak:2494.71M | Scene, ViewLayer | Sample 3744/8192
Fra:1 Mem:1549.85M (Peak 1549.85M) | Time:01:14.00 | Remaining:01:21.29 | Mem:2494.71M, Peak:2494.71M | Scene, ViewLayer | Sample 3760/8192
Fra:1 Mem:1549.85M (Peak 1549.85M) | Time:01:14.24 | Remaining:01:20.94 | Mem:2494.71M, Peak:2494.71M | Scene, ViewLayer | Sample 3776/8192
Fra:1 Mem:1549.85M (Peak 1549.85M) | Time:01:14.58 | Remaining:01:20.69 | Mem:2494.71M, Peak:2494.71M | Scene, ViewLayer | Sample 3792/8192
Fra:1 Mem:1549.85M (Peak 1549.85M) | Time:01:14.89 | Remaining:01:20.42 | Mem:2494.71M, Peak:2494.71M | Scene, ViewLayer | Sample 3808/8192
Fra:1 Mem:1549.85M (Peak 1549.85M) | Time:01:15.13 | Remaining:01:20.06 | Mem:2494.71M, Peak:2494.71M | Scene, ViewLayer | Sample 3824/8192
Fra:1 Mem:1549.85M (Peak 1549.85M) | Time:01:15.42 | Remaining:01:19.76 | Mem:2494.71M, Peak:2494.71M | Scene, ViewLayer | Sample 3840/8192
Fra:1 Mem:1549.85M (Peak 1549.85M) | Time:01:15.69 | Remaining:01:19.44 | Mem:2494.71M, Peak:2494.71M | Scene, ViewLayer | Sample 3856/8192
Fra:1 Mem:1549.85M (Peak 1549.85M) | Time:01:15.91 | Remaining:01:19.07 | Mem:2494.71M, Peak:2494.71M | Scene, ViewLayer | Sample 3872/8192
Fra:1 Mem:1549.85M (Peak 1549.85M) | Time:01:16.13 | Remaining:01:18.70 | Mem:2494.71M, Peak:2494.71M | Scene, ViewLayer | Sample 3888/8192
Fra:1 Mem:1549.85M (Peak 1549.85M) | Time:01:16.36 | Remaining:01:18.33 | Mem:2494.71M, Peak:2494.71M | Scene, ViewLayer | Sample 3904/8192
Fra:1 Mem:1549.85M (Peak 1549.85M) | Time:01:16.60 | Remaining:01:17.99 | Mem:2494.71M, Peak:2494.71M | Scene, ViewLayer | Sample 3920/8192
Fra:1 Mem:1549.85M (Peak 1549.85M) | Time:01:16.84 | Remaining:01:17.64 | Mem:2494.71M, Peak:2494.71M | Scene, ViewLayer | Sample 3936/8192
Fra:1 Mem:1549.85M (Peak 1549.85M) | Time:01:17.07 | Remaining:01:17.28 | Mem:2494.71M, Peak:2494.71M | Scene, ViewLayer | Sample 3952/8192
Fra:1 Mem:1549.85M (Peak 1549.85M) | Time:01:17.46 | Remaining:01:17.09 | Mem:2494.71M, Peak:2494.71M | Scene, ViewLayer | Sample 3968/8192
Fra:1 Mem:1549.85M (Peak 1549.85M) | Time:01:17.78 | Remaining:01:16.83 | Mem:2494.71M, Peak:2494.71M | Scene, ViewLayer | Sample 3984/8192
Fra:1 Mem:1549.85M (Peak 1549.85M) | Time:01:18.08 | Remaining:01:16.55 | Mem:2494.71M, Peak:2494.71M | Scene, ViewLayer | Sample 4000/8192
Fra:1 Mem:1549.85M (Peak 1549.85M) | Time:01:18.37 | Remaining:01:16.25 | Mem:2494.71M, Peak:2494.71M | Scene, ViewLayer | Sample 4016/8192
Fra:1 Mem:1549.85M (Peak 1549.85M) | Time:01:18.60 | Remaining:01:15.89 | Mem:2494.71M, Peak:2494.71M | Scene, ViewLayer | Sample 4032/8192
Fra:1 Mem:1549.85M (Peak 1549.85M) | Time:01:18.82 | Remaining:01:15.53 | Mem:2494.71M, Peak:2494.71M | Scene, ViewLayer | Sample 4048/8192
Fra:1 Mem:1549.85M (Peak 1549.85M) | Time:01:19.03 | Remaining:01:15.16 | Mem:2494.71M, Peak:2494.71M | Scene, ViewLayer | Sample 4064/8192
Fra:1 Mem:1549.85M (Peak 1549.85M) | Time:01:19.25 | Remaining:01:14.79 | Mem:2494.71M, Peak:2494.71M | Scene, ViewLayer | Sample 4080/8192
Fra:1 Mem:1549.85M (Peak 1549.85M) | Time:01:19.47 | Remaining:01:14.43 | Mem:2494.71M, Peak:2494.71M | Scene, ViewLayer | Sample 4096/8192
Fra:1 Mem:1549.85M (Peak 1549.85M) | Time:01:19.69 | Remaining:01:14.07 | Mem:2494.71M, Peak:2494.71M | Scene, ViewLayer | Sample 4112/8192
Fra:1 Mem:1549.85M (Peak 1549.85M) | Time:01:19.91 | Remaining:01:13.71 | Mem:2494.71M, Peak:2494.71M | Scene, ViewLayer | Sample 4128/8192
Fra:1 Mem:1549.85M (Peak 1549.85M) | Time:01:20.12 | Remaining:01:13.34 | Mem:2494.71M, Peak:2494.71M | Scene, ViewLayer | Sample 4144/8192
Fra:1 Mem:1549.85M (Peak 1549.85M) | Time:01:20.34 | Remaining:01:12.98 | Mem:2494.71M, Peak:2494.71M | Scene, ViewLayer | Sample 4160/8192
Fra:1 Mem:1549.85M (Peak 1549.85M) | Time:01:20.56 | Remaining:01:12.62 | Mem:2494.71M, Peak:2494.71M | Scene, ViewLayer | Sample 4176/8192
Fra:1 Mem:1549.85M (Peak 1549.85M) | Time:01:20.77 | Remaining:01:12.26 | Mem:2494.71M, Peak:2494.71M | Scene, ViewLayer | Sample 4192/8192
Fra:1 Mem:1549.85M (Peak 1549.85M) | Time:01:21.04 | Remaining:01:11.96 | Mem:2494.71M, Peak:2494.71M | Scene, ViewLayer | Sample 4208/8192
Fra:1 Mem:1549.85M (Peak 1549.85M) | Time:01:21.30 | Remaining:01:11.64 | Mem:2494.71M, Peak:2494.71M | Scene, ViewLayer | Sample 4224/8192
Fra:1 Mem:1549.85M (Peak 1549.85M) | Time:01:21.55 | Remaining:01:11.31 | Mem:2494.71M, Peak:2494.71M | Scene, ViewLayer | Sample 4240/8192
Fra:1 Mem:1549.85M (Peak 1549.85M) | Time:01:21.82 | Remaining:01:11.00 | Mem:2494.71M, Peak:2494.71M | Scene, ViewLayer | Sample 4256/8192
Fra:1 Mem:1549.85M (Peak 1549.85M) | Time:01:22.05 | Remaining:01:10.66 | Mem:2494.71M, Peak:2494.71M | Scene, ViewLayer | Sample 4272/8192
Fra:1 Mem:1549.85M (Peak 1549.85M) | Time:01:22.27 | Remaining:01:10.31 | Mem:2494.71M, Peak:2494.71M | Scene, ViewLayer | Sample 4288/8192
Fra:1 Mem:1549.85M (Peak 1549.85M) | Time:01:22.60 | Remaining:01:10.06 | Mem:2494.71M, Peak:2494.71M | Scene, ViewLayer | Sample 4304/8192
Fra:1 Mem:1549.85M (Peak 1549.85M) | Time:01:22.82 | Remaining:01:09.71 | Mem:2494.71M, Peak:2494.71M | Scene, ViewLayer | Sample 4320/8192
Fra:1 Mem:1549.85M (Peak 1549.85M) | Time:01:23.04 | Remaining:01:09.36 | Mem:2494.71M, Peak:2494.71M | Scene, ViewLayer | Sample 4336/8192
Fra:1 Mem:1549.85M (Peak 1549.85M) | Time:01:23.28 | Remaining:01:09.04 | Mem:2494.71M, Peak:2494.71M | Scene, ViewLayer | Sample 4352/8192
Fra:1 Mem:1549.85M (Peak 1549.85M) | Time:01:23.57 | Remaining:01:08.75 | Mem:2494.71M, Peak:2494.71M | Scene, ViewLayer | Sample 4368/8192
Fra:1 Mem:1549.85M (Peak 1549.85M) | Time:01:23.80 | Remaining:01:08.41 | Mem:2494.71M, Peak:2494.71M | Scene, ViewLayer | Sample 4384/8192
Fra:1 Mem:1549.85M (Peak 1549.85M) | Time:01:24.01 | Remaining:01:08.06 | Mem:2494.71M, Peak:2494.71M | Scene, ViewLayer | Sample 4400/8192
Fra:1 Mem:1549.85M (Peak 1549.85M) | Time:01:24.23 | Remaining:01:07.71 | Mem:2494.71M, Peak:2494.71M | Scene, ViewLayer | Sample 4416/8192
Fra:1 Mem:1549.85M (Peak 1549.85M) | Time:01:24.44 | Remaining:01:07.36 | Mem:2494.71M, Peak:2494.71M | Scene, ViewLayer | Sample 4432/8192
Fra:1 Mem:1549.85M (Peak 1549.85M) | Time:01:24.73 | Remaining:01:07.08 | Mem:2494.71M, Peak:2494.71M | Scene, ViewLayer | Sample 4448/8192
Fra:1 Mem:1549.85M (Peak 1549.85M) | Time:01:25.05 | Remaining:01:06.82 | Mem:2494.71M, Peak:2494.71M | Scene, ViewLayer | Sample 4464/8192
Fra:1 Mem:1549.85M (Peak 1549.85M) | Time:01:25.26 | Remaining:01:06.47 | Mem:2494.71M, Peak:2494.71M | Scene, ViewLayer | Sample 4480/8192
Fra:1 Mem:1549.85M (Peak 1549.85M) | Time:01:25.48 | Remaining:01:06.13 | Mem:2494.71M, Peak:2494.71M | Scene, ViewLayer | Sample 4496/8192
Fra:1 Mem:1549.85M (Peak 1549.85M) | Time:01:25.70 | Remaining:01:05.78 | Mem:2494.71M, Peak:2494.71M | Scene, ViewLayer | Sample 4512/8192
Fra:1 Mem:1549.85M (Peak 1549.85M) | Time:01:25.91 | Remaining:01:05.44 | Mem:2494.71M, Peak:2494.71M | Scene, ViewLayer | Sample 4528/8192
Fra:1 Mem:1549.85M (Peak 1549.85M) | Time:01:26.13 | Remaining:01:05.10 | Mem:2494.71M, Peak:2494.71M | Scene, ViewLayer | Sample 4544/8192
Fra:1 Mem:1549.85M (Peak 1549.85M) | Time:01:26.40 | Remaining:01:04.80 | Mem:2494.71M, Peak:2494.71M | Scene, ViewLayer | Sample 4560/8192
Fra:1 Mem:1549.85M (Peak 1549.85M) | Time:01:26.67 | Remaining:01:04.50 | Mem:2494.71M, Peak:2494.71M | Scene, ViewLayer | Sample 4576/8192
Fra:1 Mem:1549.85M (Peak 1549.85M) | Time:01:26.87 | Remaining:01:04.15 | Mem:2494.71M, Peak:2494.71M | Scene, ViewLayer | Sample 4592/8192
Fra:1 Mem:1549.85M (Peak 1549.85M) | Time:01:27.08 | Remaining:01:03.80 | Mem:2494.71M, Peak:2494.71M | Scene, ViewLayer | Sample 4608/8192
Fra:1 Mem:1549.85M (Peak 1549.85M) | Time:01:27.29 | Remaining:01:03.47 | Mem:2494.71M, Peak:2494.71M | Scene, ViewLayer | Sample 4624/8192
Fra:1 Mem:1549.85M (Peak 1549.85M) | Time:01:27.50 | Remaining:01:03.12 | Mem:2494.71M, Peak:2494.71M | Scene, ViewLayer | Sample 4640/8192
Fra:1 Mem:1549.85M (Peak 1549.85M) | Time:01:27.73 | Remaining:01:02.80 | Mem:2494.71M, Peak:2494.71M | Scene, ViewLayer | Sample 4656/8192
Fra:1 Mem:1549.85M (Peak 1549.85M) | Time:01:27.96 | Remaining:01:02.47 | Mem:2494.71M, Peak:2494.71M | Scene, ViewLayer | Sample 4672/8192
Fra:1 Mem:1549.85M (Peak 1549.85M) | Time:01:28.26 | Remaining:01:02.20 | Mem:2494.71M, Peak:2494.71M | Scene, ViewLayer | Sample 4688/8192
Fra:1 Mem:1549.85M (Peak 1549.85M) | Time:01:28.48 | Remaining:01:01.87 | Mem:2494.71M, Peak:2494.71M | Scene, ViewLayer | Sample 4704/8192
Fra:1 Mem:1549.85M (Peak 1549.85M) | Time:01:28.69 | Remaining:01:01.53 | Mem:2494.71M, Peak:2494.71M | Scene, ViewLayer | Sample 4720/8192
Fra:1 Mem:1549.85M (Peak 1549.85M) | Time:01:28.90 | Remaining:01:01.19 | Mem:2494.71M, Peak:2494.71M | Scene, ViewLayer | Sample 4736/8192
Fra:1 Mem:1549.85M (Peak 1549.85M) | Time:01:29.10 | Remaining:01:00.85 | Mem:2494.71M, Peak:2494.71M | Scene, ViewLayer | Sample 4752/8192
Fra:1 Mem:1549.85M (Peak 1549.85M) | Time:01:29.41 | Remaining:01:00.58 | Mem:2494.71M, Peak:2494.71M | Scene, ViewLayer | Sample 4768/8192
Fra:1 Mem:1549.85M (Peak 1549.85M) | Time:01:29.61 | Remaining:01:00.24 | Mem:2494.71M, Peak:2494.71M | Scene, ViewLayer | Sample 4784/8192
Fra:1 Mem:1549.85M (Peak 1549.85M) | Time:01:29.81 | Remaining:00:59.90 | Mem:2494.71M, Peak:2494.71M | Scene, ViewLayer | Sample 4800/8192
Fra:1 Mem:1549.85M (Peak 1549.85M) | Time:01:30.04 | Remaining:00:59.58 | Mem:2494.71M, Peak:2494.71M | Scene, ViewLayer | Sample 4816/8192
Fra:1 Mem:1549.85M (Peak 1549.85M) | Time:01:30.28 | Remaining:00:59.27 | Mem:2494.71M, Peak:2494.71M | Scene, ViewLayer | Sample 4832/8192
Fra:1 Mem:1549.85M (Peak 1549.85M) | Time:01:30.56 | Remaining:00:58.99 | Mem:2494.71M, Peak:2494.71M | Scene, ViewLayer | Sample 4848/8192
Fra:1 Mem:1549.85M (Peak 1549.85M) | Time:01:30.81 | Remaining:00:58.68 | Mem:2494.71M, Peak:2494.71M | Scene, ViewLayer | Sample 4864/8192
Fra:1 Mem:1549.85M (Peak 1549.85M) | Time:01:31.08 | Remaining:00:58.39 | Mem:2494.71M, Peak:2494.71M | Scene, ViewLayer | Sample 4880/8192
Fra:1 Mem:1549.85M (Peak 1549.85M) | Time:01:31.34 | Remaining:00:58.09 | Mem:2494.71M, Peak:2494.71M | Scene, ViewLayer | Sample 4896/8192
Fra:1 Mem:1549.85M (Peak 1549.85M) | Time:01:31.61 | Remaining:00:57.81 | Mem:2494.71M, Peak:2494.71M | Scene, ViewLayer | Sample 4912/8192
Fra:1 Mem:1549.85M (Peak 1549.85M) | Time:01:31.88 | Remaining:00:57.52 | Mem:2494.71M, Peak:2494.71M | Scene, ViewLayer | Sample 4928/8192
Fra:1 Mem:1549.85M (Peak 1549.85M) | Time:01:32.07 | Remaining:00:57.17 | Mem:2494.71M, Peak:2494.71M | Scene, ViewLayer | Sample 4944/8192
Fra:1 Mem:1549.85M (Peak 1549.85M) | Time:01:32.27 | Remaining:00:56.83 | Mem:2494.71M, Peak:2494.71M | Scene, ViewLayer | Sample 4960/8192
Fra:1 Mem:1549.85M (Peak 1549.85M) | Time:01:32.46 | Remaining:00:56.50 | Mem:2494.71M, Peak:2494.71M | Scene, ViewLayer | Sample 4976/8192
Fra:1 Mem:1549.85M (Peak 1549.85M) | Time:01:32.66 | Remaining:00:56.16 | Mem:2494.71M, Peak:2494.71M | Scene, ViewLayer | Sample 4992/8192
Fra:1 Mem:1549.85M (Peak 1549.85M) | Time:01:32.85 | Remaining:00:55.83 | Mem:2494.71M, Peak:2494.71M | Scene, ViewLayer | Sample 5008/8192
Fra:1 Mem:1549.85M (Peak 1549.85M) | Time:01:33.04 | Remaining:00:55.49 | Mem:2494.71M, Peak:2494.71M | Scene, ViewLayer | Sample 5024/8192
Fra:1 Mem:1549.85M (Peak 1549.85M) | Time:01:33.25 | Remaining:00:55.16 | Mem:2494.71M, Peak:2494.71M | Scene, ViewLayer | Sample 5040/8192
Fra:1 Mem:1549.85M (Peak 1549.85M) | Time:01:33.45 | Remaining:00:54.84 | Mem:2494.71M, Peak:2494.71M | Scene, ViewLayer | Sample 5056/8192
Fra:1 Mem:1549.85M (Peak 1549.85M) | Time:01:33.73 | Remaining:00:54.56 | Mem:2494.71M, Peak:2494.71M | Scene, ViewLayer | Sample 5072/8192
Fra:1 Mem:1549.85M (Peak 1549.85M) | Time:01:33.95 | Remaining:00:54.24 | Mem:2494.71M, Peak:2494.71M | Scene, ViewLayer | Sample 5088/8192
Fra:1 Mem:1549.85M (Peak 1549.85M) | Time:01:34.17 | Remaining:00:53.92 | Mem:2494.71M, Peak:2494.71M | Scene, ViewLayer | Sample 5104/8192
Fra:1 Mem:1549.85M (Peak 1549.85M) | Time:01:34.38 | Remaining:00:53.60 | Mem:2494.71M, Peak:2494.71M | Scene, ViewLayer | Sample 5120/8192
Fra:1 Mem:1549.85M (Peak 1549.85M) | Time:01:34.63 | Remaining:00:53.30 | Mem:2494.71M, Peak:2494.71M | Scene, ViewLayer | Sample 5136/8192
Fra:1 Mem:1549.85M (Peak 1549.85M) | Time:01:34.84 | Remaining:00:52.98 | Mem:2494.71M, Peak:2494.71M | Scene, ViewLayer | Sample 5152/8192
Fra:1 Mem:1549.85M (Peak 1549.85M) | Time:01:35.07 | Remaining:00:52.67 | Mem:2494.71M, Peak:2494.71M | Scene, ViewLayer | Sample 5168/8192
Fra:1 Mem:1549.85M (Peak 1549.85M) | Time:01:35.30 | Remaining:00:52.37 | Mem:2494.71M, Peak:2494.71M | Scene, ViewLayer | Sample 5184/8192
Fra:1 Mem:1549.85M (Peak 1549.85M) | Time:01:35.52 | Remaining:00:52.06 | Mem:2494.71M, Peak:2494.71M | Scene, ViewLayer | Sample 5200/8192
Fra:1 Mem:1549.85M (Peak 1549.85M) | Time:01:35.72 | Remaining:00:51.74 | Mem:2494.71M, Peak:2494.71M | Scene, ViewLayer | Sample 5216/8192
Fra:1 Mem:1549.85M (Peak 1549.85M) | Time:01:35.94 | Remaining:00:51.42 | Mem:2494.71M, Peak:2494.71M | Scene, ViewLayer | Sample 5232/8192
Fra:1 Mem:1549.85M (Peak 1549.85M) | Time:01:36.14 | Remaining:00:51.10 | Mem:2494.71M, Peak:2494.71M | Scene, ViewLayer | Sample 5248/8192
Fra:1 Mem:1549.85M (Peak 1549.85M) | Time:01:36.35 | Remaining:00:50.78 | Mem:2494.71M, Peak:2494.71M | Scene, ViewLayer | Sample 5264/8192
Fra:1 Mem:1549.85M (Peak 1549.85M) | Time:01:36.53 | Remaining:00:50.45 | Mem:2494.71M, Peak:2494.71M | Scene, ViewLayer | Sample 5280/8192
Fra:1 Mem:1549.85M (Peak 1549.85M) | Time:01:36.75 | Remaining:00:50.14 | Mem:2494.71M, Peak:2494.71M | Scene, ViewLayer | Sample 5296/8192
Fra:1 Mem:1549.85M (Peak 1549.85M) | Time:01:36.96 | Remaining:00:49.83 | Mem:2494.71M, Peak:2494.71M | Scene, ViewLayer | Sample 5312/8192
Fra:1 Mem:1549.85M (Peak 1549.85M) | Time:01:37.20 | Remaining:00:49.53 | Mem:2494.71M, Peak:2494.71M | Scene, ViewLayer | Sample 5328/8192
Fra:1 Mem:1549.85M (Peak 1549.85M) | Time:01:37.46 | Remaining:00:49.25 | Mem:2494.71M, Peak:2494.71M | Scene, ViewLayer | Sample 5344/8192
Fra:1 Mem:1549.85M (Peak 1549.85M) | Time:01:37.65 | Remaining:00:48.93 | Mem:2494.71M, Peak:2494.71M | Scene, ViewLayer | Sample 5360/8192
Fra:1 Mem:1549.85M (Peak 1549.85M) | Time:01:37.84 | Remaining:00:48.61 | Mem:2494.71M, Peak:2494.71M | Scene, ViewLayer | Sample 5376/8192
Fra:1 Mem:1549.85M (Peak 1549.85M) | Time:01:38.02 | Remaining:00:48.28 | Mem:2494.71M, Peak:2494.71M | Scene, ViewLayer | Sample 5392/8192
Fra:1 Mem:1549.85M (Peak 1549.85M) | Time:01:38.28 | Remaining:00:48.00 | Mem:2494.71M, Peak:2494.71M | Scene, ViewLayer | Sample 5408/8192
Fra:1 Mem:1549.85M (Peak 1549.85M) | Time:01:38.48 | Remaining:00:47.68 | Mem:2494.71M, Peak:2494.71M | Scene, ViewLayer | Sample 5424/8192
Fra:1 Mem:1549.85M (Peak 1549.85M) | Time:01:38.67 | Remaining:00:47.36 | Mem:2494.71M, Peak:2494.71M | Scene, ViewLayer | Sample 5440/8192
Fra:1 Mem:1549.85M (Peak 1549.85M) | Time:01:38.90 | Remaining:00:47.07 | Mem:2494.71M, Peak:2494.71M | Scene, ViewLayer | Sample 5456/8192
Fra:1 Mem:1549.85M (Peak 1549.85M) | Time:01:39.15 | Remaining:00:46.77 | Mem:2494.71M, Peak:2494.71M | Scene, ViewLayer | Sample 5472/8192
Fra:1 Mem:1549.85M (Peak 1549.85M) | Time:01:39.32 | Remaining:00:46.45 | Mem:2494.71M, Peak:2494.71M | Scene, ViewLayer | Sample 5488/8192
Fra:1 Mem:1549.85M (Peak 1549.85M) | Time:01:39.50 | Remaining:00:46.13 | Mem:2494.71M, Peak:2494.71M | Scene, ViewLayer | Sample 5504/8192
Fra:1 Mem:1549.85M (Peak 1549.85M) | Time:01:39.68 | Remaining:00:45.81 | Mem:2494.71M, Peak:2494.71M | Scene, ViewLayer | Sample 5520/8192
Fra:1 Mem:1549.85M (Peak 1549.85M) | Time:01:39.85 | Remaining:00:45.48 | Mem:2494.71M, Peak:2494.71M | Scene, ViewLayer | Sample 5536/8192
Fra:1 Mem:1549.85M (Peak 1549.85M) | Time:01:40.03 | Remaining:00:45.16 | Mem:2494.71M, Peak:2494.71M | Scene, ViewLayer | Sample 5552/8192
Fra:1 Mem:1549.85M (Peak 1549.85M) | Time:01:40.21 | Remaining:00:44.84 | Mem:2494.71M, Peak:2494.71M | Scene, ViewLayer | Sample 5568/8192
Fra:1 Mem:1549.85M (Peak 1549.85M) | Time:01:40.39 | Remaining:00:44.53 | Mem:2494.71M, Peak:2494.71M | Scene, ViewLayer | Sample 5584/8192
Fra:1 Mem:1549.85M (Peak 1549.85M) | Time:01:40.56 | Remaining:00:44.21 | Mem:2494.71M, Peak:2494.71M | Scene, ViewLayer | Sample 5600/8192
Fra:1 Mem:1549.85M (Peak 1549.85M) | Time:01:40.75 | Remaining:00:43.90 | Mem:2494.71M, Peak:2494.71M | Scene, ViewLayer | Sample 5616/8192
Fra:1 Mem:1549.85M (Peak 1549.85M) | Time:01:40.93 | Remaining:00:43.58 | Mem:2494.71M, Peak:2494.71M | Scene, ViewLayer | Sample 5632/8192
Fra:1 Mem:1549.85M (Peak 1549.85M) | Time:01:41.10 | Remaining:00:43.27 | Mem:2494.71M, Peak:2494.71M | Scene, ViewLayer | Sample 5648/8192
Fra:1 Mem:1549.85M (Peak 1549.85M) | Time:01:41.29 | Remaining:00:42.95 | Mem:2494.71M, Peak:2494.71M | Scene, ViewLayer | Sample 5664/8192
Fra:1 Mem:1549.85M (Peak 1549.85M) | Time:01:41.46 | Remaining:00:42.64 | Mem:2494.71M, Peak:2494.71M | Scene, ViewLayer | Sample 5680/8192
Fra:1 Mem:1549.85M (Peak 1549.85M) | Time:01:41.64 | Remaining:00:42.32 | Mem:2494.71M, Peak:2494.71M | Scene, ViewLayer | Sample 5696/8192
Fra:1 Mem:1549.85M (Peak 1549.85M) | Time:01:41.81 | Remaining:00:42.01 | Mem:2494.71M, Peak:2494.71M | Scene, ViewLayer | Sample 5712/8192
Fra:1 Mem:1549.85M (Peak 1549.85M) | Time:01:41.99 | Remaining:00:41.70 | Mem:2494.71M, Peak:2494.71M | Scene, ViewLayer | Sample 5728/8192
Fra:1 Mem:1549.85M (Peak 1549.85M) | Time:01:42.16 | Remaining:00:41.39 | Mem:2494.71M, Peak:2494.71M | Scene, ViewLayer | Sample 5744/8192
Fra:1 Mem:1549.85M (Peak 1549.85M) | Time:01:42.33 | Remaining:00:41.07 | Mem:2494.71M, Peak:2494.71M | Scene, ViewLayer | Sample 5760/8192
Fra:1 Mem:1549.85M (Peak 1549.85M) | Time:01:42.51 | Remaining:00:40.76 | Mem:2494.71M, Peak:2494.71M | Scene, ViewLayer | Sample 5776/8192
Fra:1 Mem:1549.85M (Peak 1549.85M) | Time:01:42.68 | Remaining:00:40.45 | Mem:2494.71M, Peak:2494.71M | Scene, ViewLayer | Sample 5792/8192
Fra:1 Mem:1549.85M (Peak 1549.85M) | Time:01:42.85 | Remaining:00:40.14 | Mem:2494.71M, Peak:2494.71M | Scene, ViewLayer | Sample 5808/8192
Fra:1 Mem:1549.85M (Peak 1549.85M) | Time:01:43.02 | Remaining:00:39.83 | Mem:2494.71M, Peak:2494.71M | Scene, ViewLayer | Sample 5824/8192
Fra:1 Mem:1549.85M (Peak 1549.85M) | Time:01:43.19 | Remaining:00:39.53 | Mem:2494.71M, Peak:2494.71M | Scene, ViewLayer | Sample 5840/8192
Fra:1 Mem:1549.85M (Peak 1549.85M) | Time:01:43.36 | Remaining:00:39.22 | Mem:2494.71M, Peak:2494.71M | Scene, ViewLayer | Sample 5856/8192
Fra:1 Mem:1549.85M (Peak 1549.85M) | Time:01:43.53 | Remaining:00:38.91 | Mem:2494.71M, Peak:2494.71M | Scene, ViewLayer | Sample 5872/8192
Fra:1 Mem:1549.85M (Peak 1549.85M) | Time:01:43.71 | Remaining:00:38.60 | Mem:2494.71M, Peak:2494.71M | Scene, ViewLayer | Sample 5888/8192
Fra:1 Mem:1549.85M (Peak 1549.85M) | Time:01:43.89 | Remaining:00:38.30 | Mem:2494.71M, Peak:2494.71M | Scene, ViewLayer | Sample 5904/8192
Fra:1 Mem:1549.85M (Peak 1549.85M) | Time:01:44.05 | Remaining:00:38.00 | Mem:2494.71M, Peak:2494.71M | Scene, ViewLayer | Sample 5920/8192
Fra:1 Mem:1549.85M (Peak 1549.85M) | Time:01:44.23 | Remaining:00:37.69 | Mem:2494.71M, Peak:2494.71M | Scene, ViewLayer | Sample 5936/8192
Fra:1 Mem:1549.85M (Peak 1549.85M) | Time:01:44.41 | Remaining:00:37.39 | Mem:2494.71M, Peak:2494.71M | Scene, ViewLayer | Sample 5952/8192
Fra:1 Mem:1549.85M (Peak 1549.85M) | Time:01:44.60 | Remaining:00:37.09 | Mem:2494.71M, Peak:2494.71M | Scene, ViewLayer | Sample 5968/8192
Fra:1 Mem:1549.85M (Peak 1549.85M) | Time:01:44.77 | Remaining:00:36.79 | Mem:2494.71M, Peak:2494.71M | Scene, ViewLayer | Sample 5984/8192
Fra:1 Mem:1549.85M (Peak 1549.85M) | Time:01:44.93 | Remaining:00:36.49 | Mem:2494.71M, Peak:2494.71M | Scene, ViewLayer | Sample 6000/8192
Fra:1 Mem:1549.85M (Peak 1549.85M) | Time:01:45.10 | Remaining:00:36.19 | Mem:2494.71M, Peak:2494.71M | Scene, ViewLayer | Sample 6016/8192
Fra:1 Mem:1549.85M (Peak 1549.85M) | Time:01:45.29 | Remaining:00:35.89 | Mem:2494.71M, Peak:2494.71M | Scene, ViewLayer | Sample 6032/8192
Fra:1 Mem:1549.85M (Peak 1549.85M) | Time:01:45.45 | Remaining:00:35.59 | Mem:2494.71M, Peak:2494.71M | Scene, ViewLayer | Sample 6048/8192
Fra:1 Mem:1549.85M (Peak 1549.85M) | Time:01:45.63 | Remaining:00:35.29 | Mem:2494.71M, Peak:2494.71M | Scene, ViewLayer | Sample 6064/8192
Fra:1 Mem:1549.85M (Peak 1549.85M) | Time:01:45.87 | Remaining:00:35.02 | Mem:2494.71M, Peak:2494.71M | Scene, ViewLayer | Sample 6080/8192
Fra:1 Mem:1549.85M (Peak 1549.85M) | Time:01:46.04 | Remaining:00:34.72 | Mem:2494.71M, Peak:2494.71M | Scene, ViewLayer | Sample 6096/8192
Fra:1 Mem:1549.85M (Peak 1549.85M) | Time:01:46.21 | Remaining:00:34.43 | Mem:2494.71M, Peak:2494.71M | Scene, ViewLayer | Sample 6112/8192
Fra:1 Mem:1549.85M (Peak 1549.85M) | Time:01:46.38 | Remaining:00:34.13 | Mem:2494.71M, Peak:2494.71M | Scene, ViewLayer | Sample 6128/8192
Fra:1 Mem:1549.85M (Peak 1549.85M) | Time:01:46.55 | Remaining:00:33.83 | Mem:2494.71M, Peak:2494.71M | Scene, ViewLayer | Sample 6144/8192
Fra:1 Mem:1549.85M (Peak 1549.85M) | Time:01:46.71 | Remaining:00:33.53 | Mem:2494.71M, Peak:2494.71M | Scene, ViewLayer | Sample 6160/8192
Fra:1 Mem:1549.85M (Peak 1549.85M) | Time:01:46.88 | Remaining:00:33.24 | Mem:2494.71M, Peak:2494.71M | Scene, ViewLayer | Sample 6176/8192
Fra:1 Mem:1549.85M (Peak 1549.85M) | Time:01:47.05 | Remaining:00:32.94 | Mem:2494.71M, Peak:2494.71M | Scene, ViewLayer | Sample 6192/8192
Fra:1 Mem:1549.85M (Peak 1549.85M) | Time:01:47.21 | Remaining:00:32.65 | Mem:2494.71M, Peak:2494.71M | Scene, ViewLayer | Sample 6208/8192
Fra:1 Mem:1549.85M (Peak 1549.85M) | Time:01:47.38 | Remaining:00:32.36 | Mem:2494.71M, Peak:2494.71M | Scene, ViewLayer | Sample 6224/8192
Fra:1 Mem:1549.85M (Peak 1549.85M) | Time:01:47.55 | Remaining:00:32.06 | Mem:2494.71M, Peak:2494.71M | Scene, ViewLayer | Sample 6240/8192
Fra:1 Mem:1549.85M (Peak 1549.85M) | Time:01:47.72 | Remaining:00:31.77 | Mem:2494.71M, Peak:2494.71M | Scene, ViewLayer | Sample 6256/8192
Fra:1 Mem:1549.85M (Peak 1549.85M) | Time:01:47.89 | Remaining:00:31.48 | Mem:2494.71M, Peak:2494.71M | Scene, ViewLayer | Sample 6272/8192
Fra:1 Mem:1549.85M (Peak 1549.85M) | Time:01:48.06 | Remaining:00:31.19 | Mem:2494.71M, Peak:2494.71M | Scene, ViewLayer | Sample 6288/8192
Fra:1 Mem:1549.85M (Peak 1549.85M) | Time:01:48.22 | Remaining:00:30.90 | Mem:2494.71M, Peak:2494.71M | Scene, ViewLayer | Sample 6304/8192
Fra:1 Mem:1549.85M (Peak 1549.85M) | Time:01:48.39 | Remaining:00:30.61 | Mem:2494.71M, Peak:2494.71M | Scene, ViewLayer | Sample 6320/8192
Fra:1 Mem:1549.85M (Peak 1549.85M) | Time:01:48.55 | Remaining:00:30.32 | Mem:2494.71M, Peak:2494.71M | Scene, ViewLayer | Sample 6336/8192
Fra:1 Mem:1549.85M (Peak 1549.85M) | Time:01:48.72 | Remaining:00:30.03 | Mem:2494.71M, Peak:2494.71M | Scene, ViewLayer | Sample 6352/8192
Fra:1 Mem:1549.85M (Peak 1549.85M) | Time:01:48.88 | Remaining:00:29.74 | Mem:2494.71M, Peak:2494.71M | Scene, ViewLayer | Sample 6368/8192
Fra:1 Mem:1549.85M (Peak 1549.85M) | Time:01:49.07 | Remaining:00:29.46 | Mem:2494.71M, Peak:2494.71M | Scene, ViewLayer | Sample 6384/8192
Fra:1 Mem:1549.85M (Peak 1549.85M) | Time:01:49.23 | Remaining:00:29.17 | Mem:2494.71M, Peak:2494.71M | Scene, ViewLayer | Sample 6400/8192
Fra:1 Mem:1549.85M (Peak 1549.85M) | Time:01:49.40 | Remaining:00:28.88 | Mem:2494.71M, Peak:2494.71M | Scene, ViewLayer | Sample 6416/8192
Fra:1 Mem:1549.85M (Peak 1549.85M) | Time:01:49.56 | Remaining:00:28.59 | Mem:2494.71M, Peak:2494.71M | Scene, ViewLayer | Sample 6432/8192
Fra:1 Mem:1549.85M (Peak 1549.85M) | Time:01:49.73 | Remaining:00:28.31 | Mem:2494.71M, Peak:2494.71M | Scene, ViewLayer | Sample 6448/8192
Fra:1 Mem:1549.85M (Peak 1549.85M) | Time:01:49.90 | Remaining:00:28.03 | Mem:2494.71M, Peak:2494.71M | Scene, ViewLayer | Sample 6464/8192
Fra:1 Mem:1549.85M (Peak 1549.85M) | Time:01:50.06 | Remaining:00:27.74 | Mem:2494.71M, Peak:2494.71M | Scene, ViewLayer | Sample 6480/8192
Fra:1 Mem:1549.85M (Peak 1549.85M) | Time:01:50.24 | Remaining:00:27.46 | Mem:2494.71M, Peak:2494.71M | Scene, ViewLayer | Sample 6496/8192
Fra:1 Mem:1549.85M (Peak 1549.85M) | Time:01:50.41 | Remaining:00:27.18 | Mem:2494.71M, Peak:2494.71M | Scene, ViewLayer | Sample 6512/8192
Fra:1 Mem:1549.85M (Peak 1549.85M) | Time:01:50.60 | Remaining:00:26.90 | Mem:2494.71M, Peak:2494.71M | Scene, ViewLayer | Sample 6528/8192
Fra:1 Mem:1549.85M (Peak 1549.85M) | Time:01:50.83 | Remaining:00:26.64 | Mem:2494.71M, Peak:2494.71M | Scene, ViewLayer | Sample 6544/8192
Fra:1 Mem:1549.85M (Peak 1549.85M) | Time:01:51.08 | Remaining:00:26.38 | Mem:2494.71M, Peak:2494.71M | Scene, ViewLayer | Sample 6560/8192
Fra:1 Mem:1549.85M (Peak 1549.85M) | Time:01:51.33 | Remaining:00:26.12 | Mem:2494.71M, Peak:2494.71M | Scene, ViewLayer | Sample 6576/8192
Fra:1 Mem:1549.85M (Peak 1549.85M) | Time:01:51.57 | Remaining:00:25.85 | Mem:2494.71M, Peak:2494.71M | Scene, ViewLayer | Sample 6592/8192
Fra:1 Mem:1549.85M (Peak 1549.85M) | Time:01:51.80 | Remaining:00:25.59 | Mem:2494.71M, Peak:2494.71M | Scene, ViewLayer | Sample 6608/8192
Fra:1 Mem:1549.85M (Peak 1549.85M) | Time:01:52.12 | Remaining:00:25.34 | Mem:2494.71M, Peak:2494.71M | Scene, ViewLayer | Sample 6624/8192
Fra:1 Mem:1549.85M (Peak 1549.85M) | Time:01:52.36 | Remaining:00:25.08 | Mem:2494.71M, Peak:2494.71M | Scene, ViewLayer | Sample 6640/8192
Fra:1 Mem:1549.85M (Peak 1549.85M) | Time:01:52.60 | Remaining:00:24.82 | Mem:2494.71M, Peak:2494.71M | Scene, ViewLayer | Sample 6656/8192
Fra:1 Mem:1549.85M (Peak 1549.85M) | Time:01:52.89 | Remaining:00:24.56 | Mem:2494.71M, Peak:2494.71M | Scene, ViewLayer | Sample 6672/8192
Fra:1 Mem:1549.85M (Peak 1549.85M) | Time:01:53.04 | Remaining:00:24.28 | Mem:2494.71M, Peak:2494.71M | Scene, ViewLayer | Sample 6688/8192
Fra:1 Mem:1549.85M (Peak 1549.85M) | Time:01:53.20 | Remaining:00:24.00 | Mem:2494.71M, Peak:2494.71M | Scene, ViewLayer | Sample 6704/8192
Fra:1 Mem:1549.85M (Peak 1549.85M) | Time:01:53.35 | Remaining:00:23.72 | Mem:2494.71M, Peak:2494.71M | Scene, ViewLayer | Sample 6720/8192
Fra:1 Mem:1549.85M (Peak 1549.85M) | Time:01:53.50 | Remaining:00:23.44 | Mem:2494.71M, Peak:2494.71M | Scene, ViewLayer | Sample 6736/8192
Fra:1 Mem:1549.85M (Peak 1549.85M) | Time:01:53.67 | Remaining:00:23.16 | Mem:2494.71M, Peak:2494.71M | Scene, ViewLayer | Sample 6752/8192
Fra:1 Mem:1549.85M (Peak 1549.85M) | Time:01:53.82 | Remaining:00:22.88 | Mem:2494.71M, Peak:2494.71M | Scene, ViewLayer | Sample 6768/8192
Fra:1 Mem:1549.85M (Peak 1549.85M) | Time:01:53.99 | Remaining:00:22.61 | Mem:2494.71M, Peak:2494.71M | Scene, ViewLayer | Sample 6784/8192
Fra:1 Mem:1549.85M (Peak 1549.85M) | Time:01:54.15 | Remaining:00:22.33 | Mem:2494.71M, Peak:2494.71M | Scene, ViewLayer | Sample 6800/8192
Fra:1 Mem:1549.85M (Peak 1549.85M) | Time:01:54.31 | Remaining:00:22.05 | Mem:2494.71M, Peak:2494.71M | Scene, ViewLayer | Sample 6816/8192
Fra:1 Mem:1549.85M (Peak 1549.85M) | Time:01:54.55 | Remaining:00:21.79 | Mem:2494.71M, Peak:2494.71M | Scene, ViewLayer | Sample 6832/8192
Fra:1 Mem:1549.85M (Peak 1549.85M) | Time:01:54.73 | Remaining:00:21.52 | Mem:2494.71M, Peak:2494.71M | Scene, ViewLayer | Sample 6848/8192
Fra:1 Mem:1549.85M (Peak 1549.85M) | Time:01:54.92 | Remaining:00:21.25 | Mem:2494.71M, Peak:2494.71M | Scene, ViewLayer | Sample 6864/8192
Fra:1 Mem:1549.85M (Peak 1549.85M) | Time:01:55.07 | Remaining:00:20.98 | Mem:2494.71M, Peak:2494.71M | Scene, ViewLayer | Sample 6880/8192
Fra:1 Mem:1549.85M (Peak 1549.85M) | Time:01:55.22 | Remaining:00:20.70 | Mem:2494.71M, Peak:2494.71M | Scene, ViewLayer | Sample 6896/8192
Fra:1 Mem:1549.85M (Peak 1549.85M) | Time:01:55.37 | Remaining:00:20.43 | Mem:2494.71M, Peak:2494.71M | Scene, ViewLayer | Sample 6912/8192
Fra:1 Mem:1549.85M (Peak 1549.85M) | Time:01:55.52 | Remaining:00:20.15 | Mem:2494.71M, Peak:2494.71M | Scene, ViewLayer | Sample 6928/8192
Fra:1 Mem:1549.85M (Peak 1549.85M) | Time:01:55.67 | Remaining:00:19.88 | Mem:2494.71M, Peak:2494.71M | Scene, ViewLayer | Sample 6944/8192
Fra:1 Mem:1549.85M (Peak 1549.85M) | Time:01:55.82 | Remaining:00:19.60 | Mem:2494.71M, Peak:2494.71M | Scene, ViewLayer | Sample 6960/8192
Fra:1 Mem:1549.85M (Peak 1549.85M) | Time:01:55.97 | Remaining:00:19.33 | Mem:2494.71M, Peak:2494.71M | Scene, ViewLayer | Sample 6976/8192
Fra:1 Mem:1549.85M (Peak 1549.85M) | Time:01:56.13 | Remaining:00:19.06 | Mem:2494.71M, Peak:2494.71M | Scene, ViewLayer | Sample 6992/8192
Fra:1 Mem:1549.85M (Peak 1549.85M) | Time:01:56.28 | Remaining:00:18.79 | Mem:2494.71M, Peak:2494.71M | Scene, ViewLayer | Sample 7008/8192
Fra:1 Mem:1549.85M (Peak 1549.85M) | Time:01:56.44 | Remaining:00:18.52 | Mem:2494.71M, Peak:2494.71M | Scene, ViewLayer | Sample 7024/8192
Fra:1 Mem:1549.85M (Peak 1549.85M) | Time:01:56.59 | Remaining:00:18.25 | Mem:2494.71M, Peak:2494.71M | Scene, ViewLayer | Sample 7040/8192
Fra:1 Mem:1549.85M (Peak 1549.85M) | Time:01:56.77 | Remaining:00:17.98 | Mem:2494.71M, Peak:2494.71M | Scene, ViewLayer | Sample 7056/8192
Fra:1 Mem:1549.85M (Peak 1549.85M) | Time:01:57.01 | Remaining:00:17.73 | Mem:2494.71M, Peak:2494.71M | Scene, ViewLayer | Sample 7072/8192
Fra:1 Mem:1549.85M (Peak 1549.85M) | Time:01:57.16 | Remaining:00:17.46 | Mem:2494.71M, Peak:2494.71M | Scene, ViewLayer | Sample 7088/8192
Fra:1 Mem:1549.85M (Peak 1549.85M) | Time:01:57.31 | Remaining:00:17.19 | Mem:2494.71M, Peak:2494.71M | Scene, ViewLayer | Sample 7104/8192
Fra:1 Mem:1549.85M (Peak 1549.85M) | Time:01:57.46 | Remaining:00:16.92 | Mem:2494.71M, Peak:2494.71M | Scene, ViewLayer | Sample 7120/8192
Fra:1 Mem:1549.85M (Peak 1549.85M) | Time:01:57.62 | Remaining:00:16.65 | Mem:2494.71M, Peak:2494.71M | Scene, ViewLayer | Sample 7136/8192
Fra:1 Mem:1549.85M (Peak 1549.85M) | Time:01:57.76 | Remaining:00:16.39 | Mem:2494.71M, Peak:2494.71M | Scene, ViewLayer | Sample 7152/8192
Fra:1 Mem:1549.85M (Peak 1549.85M) | Time:01:57.92 | Remaining:00:16.12 | Mem:2494.71M, Peak:2494.71M | Scene, ViewLayer | Sample 7168/8192
Fra:1 Mem:1549.85M (Peak 1549.85M) | Time:01:58.06 | Remaining:00:15.85 | Mem:2494.71M, Peak:2494.71M | Scene, ViewLayer | Sample 7184/8192
Fra:1 Mem:1549.85M (Peak 1549.85M) | Time:01:58.23 | Remaining:00:15.59 | Mem:2494.71M, Peak:2494.71M | Scene, ViewLayer | Sample 7200/8192
Fra:1 Mem:1549.85M (Peak 1549.85M) | Time:01:58.44 | Remaining:00:15.33 | Mem:2494.71M, Peak:2494.71M | Scene, ViewLayer | Sample 7216/8192
Fra:1 Mem:1549.85M (Peak 1549.85M) | Time:01:58.60 | Remaining:00:15.07 | Mem:2494.71M, Peak:2494.71M | Scene, ViewLayer | Sample 7232/8192
Fra:1 Mem:1549.85M (Peak 1549.85M) | Time:01:58.75 | Remaining:00:14.81 | Mem:2494.71M, Peak:2494.71M | Scene, ViewLayer | Sample 7248/8192
Fra:1 Mem:1549.85M (Peak 1549.85M) | Time:01:58.90 | Remaining:00:14.54 | Mem:2494.71M, Peak:2494.71M | Scene, ViewLayer | Sample 7264/8192
Fra:1 Mem:1549.85M (Peak 1549.85M) | Time:01:59.05 | Remaining:00:14.28 | Mem:2494.71M, Peak:2494.71M | Scene, ViewLayer | Sample 7280/8192
Fra:1 Mem:1549.85M (Peak 1549.85M) | Time:01:59.20 | Remaining:00:14.01 | Mem:2494.71M, Peak:2494.71M | Scene, ViewLayer | Sample 7296/8192
Fra:1 Mem:1549.85M (Peak 1549.85M) | Time:01:59.34 | Remaining:00:13.75 | Mem:2494.71M, Peak:2494.71M | Scene, ViewLayer | Sample 7312/8192
Fra:1 Mem:1549.85M (Peak 1549.85M) | Time:01:59.62 | Remaining:00:13.50 | Mem:2494.71M, Peak:2494.71M | Scene, ViewLayer | Sample 7328/8192
Fra:1 Mem:1549.85M (Peak 1549.85M) | Time:01:59.80 | Remaining:00:13.25 | Mem:2494.71M, Peak:2494.71M | Scene, ViewLayer | Sample 7344/8192
Fra:1 Mem:1549.85M (Peak 1549.85M) | Time:01:59.94 | Remaining:00:12.98 | Mem:2494.71M, Peak:2494.71M | Scene, ViewLayer | Sample 7360/8192
Fra:1 Mem:1549.85M (Peak 1549.85M) | Time:02:00.08 | Remaining:00:12.72 | Mem:2494.71M, Peak:2494.71M | Scene, ViewLayer | Sample 7376/8192
Fra:1 Mem:1549.85M (Peak 1549.85M) | Time:02:00.28 | Remaining:00:12.47 | Mem:2494.71M, Peak:2494.71M | Scene, ViewLayer | Sample 7392/8192
Fra:1 Mem:1549.85M (Peak 1549.85M) | Time:02:00.54 | Remaining:00:12.22 | Mem:2494.71M, Peak:2494.71M | Scene, ViewLayer | Sample 7408/8192
Fra:1 Mem:1549.85M (Peak 1549.85M) | Time:02:00.77 | Remaining:00:11.97 | Mem:2494.71M, Peak:2494.71M | Scene, ViewLayer | Sample 7424/8192
Fra:1 Mem:1549.85M (Peak 1549.85M) | Time:02:00.93 | Remaining:00:11.71 | Mem:2494.71M, Peak:2494.71M | Scene, ViewLayer | Sample 7440/8192
Fra:1 Mem:1549.85M (Peak 1549.85M) | Time:02:01.07 | Remaining:00:11.45 | Mem:2494.71M, Peak:2494.71M | Scene, ViewLayer | Sample 7456/8192
Fra:1 Mem:1549.85M (Peak 1549.85M) | Time:02:01.21 | Remaining:00:11.19 | Mem:2494.71M, Peak:2494.71M | Scene, ViewLayer | Sample 7472/8192
Fra:1 Mem:1549.85M (Peak 1549.85M) | Time:02:01.35 | Remaining:00:10.93 | Mem:2494.71M, Peak:2494.71M | Scene, ViewLayer | Sample 7488/8192
Fra:1 Mem:1549.85M (Peak 1549.85M) | Time:02:01.50 | Remaining:00:10.67 | Mem:2494.71M, Peak:2494.71M | Scene, ViewLayer | Sample 7504/8192
Fra:1 Mem:1549.85M (Peak 1549.85M) | Time:02:01.64 | Remaining:00:10.41 | Mem:2494.71M, Peak:2494.71M | Scene, ViewLayer | Sample 7520/8192
Fra:1 Mem:1549.85M (Peak 1549.85M) | Time:02:01.86 | Remaining:00:10.16 | Mem:2494.71M, Peak:2494.71M | Scene, ViewLayer | Sample 7536/8192
Fra:1 Mem:1549.85M (Peak 1549.85M) | Time:02:02.08 | Remaining:00:09.91 | Mem:2494.71M, Peak:2494.71M | Scene, ViewLayer | Sample 7552/8192
Fra:1 Mem:1549.85M (Peak 1549.85M) | Time:02:02.22 | Remaining:00:09.66 | Mem:2494.71M, Peak:2494.71M | Scene, ViewLayer | Sample 7568/8192
Fra:1 Mem:1549.85M (Peak 1549.85M) | Time:02:02.36 | Remaining:00:09.40 | Mem:2494.71M, Peak:2494.71M | Scene, ViewLayer | Sample 7584/8192
Fra:1 Mem:1549.85M (Peak 1549.85M) | Time:02:02.50 | Remaining:00:09.14 | Mem:2494.71M, Peak:2494.71M | Scene, ViewLayer | Sample 7600/8192
Fra:1 Mem:1549.85M (Peak 1549.85M) | Time:02:02.64 | Remaining:00:08.89 | Mem:2494.71M, Peak:2494.71M | Scene, ViewLayer | Sample 7616/8192
Fra:1 Mem:1549.85M (Peak 1549.85M) | Time:02:02.79 | Remaining:00:08.63 | Mem:2494.71M, Peak:2494.71M | Scene, ViewLayer | Sample 7632/8192
Fra:1 Mem:1549.85M (Peak 1549.85M) | Time:02:02.93 | Remaining:00:08.38 | Mem:2494.71M, Peak:2494.71M | Scene, ViewLayer | Sample 7648/8192
Fra:1 Mem:1549.85M (Peak 1549.85M) | Time:02:03.08 | Remaining:00:08.13 | Mem:2494.71M, Peak:2494.71M | Scene, ViewLayer | Sample 7664/8192
Fra:1 Mem:1549.85M (Peak 1549.85M) | Time:02:03.22 | Remaining:00:07.87 | Mem:2494.71M, Peak:2494.71M | Scene, ViewLayer | Sample 7680/8192
Fra:1 Mem:1549.85M (Peak 1549.85M) | Time:02:03.36 | Remaining:00:07.62 | Mem:2494.71M, Peak:2494.71M | Scene, ViewLayer | Sample 7696/8192
Fra:1 Mem:1549.85M (Peak 1549.85M) | Time:02:03.51 | Remaining:00:07.37 | Mem:2494.71M, Peak:2494.71M | Scene, ViewLayer | Sample 7712/8192
Fra:1 Mem:1549.85M (Peak 1549.85M) | Time:02:03.64 | Remaining:00:07.12 | Mem:2494.71M, Peak:2494.71M | Scene, ViewLayer | Sample 7728/8192
Fra:1 Mem:1549.85M (Peak 1549.85M) | Time:02:03.79 | Remaining:00:06.86 | Mem:2494.71M, Peak:2494.71M | Scene, ViewLayer | Sample 7744/8192
Fra:1 Mem:1549.85M (Peak 1549.85M) | Time:02:03.96 | Remaining:00:06.62 | Mem:2494.71M, Peak:2494.71M | Scene, ViewLayer | Sample 7760/8192
Fra:1 Mem:1549.85M (Peak 1549.85M) | Time:02:04.22 | Remaining:00:06.37 | Mem:2494.71M, Peak:2494.71M | Scene, ViewLayer | Sample 7776/8192
Fra:1 Mem:1549.85M (Peak 1549.85M) | Time:02:04.37 | Remaining:00:06.12 | Mem:2494.71M, Peak:2494.71M | Scene, ViewLayer | Sample 7792/8192
Fra:1 Mem:1549.85M (Peak 1549.85M) | Time:02:04.59 | Remaining:00:05.87 | Mem:2494.71M, Peak:2494.71M | Scene, ViewLayer | Sample 7808/8192
Fra:1 Mem:1549.85M (Peak 1549.85M) | Time:02:04.73 | Remaining:00:05.62 | Mem:2494.71M, Peak:2494.71M | Scene, ViewLayer | Sample 7824/8192
Fra:1 Mem:1549.85M (Peak 1549.85M) | Time:02:04.86 | Remaining:00:05.37 | Mem:2494.71M, Peak:2494.71M | Scene, ViewLayer | Sample 7840/8192
Fra:1 Mem:1549.85M (Peak 1549.85M) | Time:02:05.01 | Remaining:00:05.13 | Mem:2494.71M, Peak:2494.71M | Scene, ViewLayer | Sample 7856/8192
Fra:1 Mem:1549.85M (Peak 1549.85M) | Time:02:05.18 | Remaining:00:04.88 | Mem:2494.71M, Peak:2494.71M | Scene, ViewLayer | Sample 7872/8192
Fra:1 Mem:1549.85M (Peak 1549.85M) | Time:02:05.41 | Remaining:00:04.63 | Mem:2494.71M, Peak:2494.71M | Scene, ViewLayer | Sample 7888/8192
Fra:1 Mem:1549.85M (Peak 1549.85M) | Time:02:05.55 | Remaining:00:04.39 | Mem:2494.71M, Peak:2494.71M | Scene, ViewLayer | Sample 7904/8192
Fra:1 Mem:1549.85M (Peak 1549.85M) | Time:02:05.70 | Remaining:00:04.14 | Mem:2494.71M, Peak:2494.71M | Scene, ViewLayer | Sample 7920/8192
Fra:1 Mem:1549.85M (Peak 1549.85M) | Time:02:05.88 | Remaining:00:03.89 | Mem:2494.71M, Peak:2494.71M | Scene, ViewLayer | Sample 7936/8192
Fra:1 Mem:1549.85M (Peak 1549.85M) | Time:02:06.11 | Remaining:00:03.65 | Mem:2494.71M, Peak:2494.71M | Scene, ViewLayer | Sample 7952/8192
Fra:1 Mem:1549.85M (Peak 1549.85M) | Time:02:06.33 | Remaining:00:03.40 | Mem:2494.71M, Peak:2494.71M | Scene, ViewLayer | Sample 7968/8192
Fra:1 Mem:1549.85M (Peak 1549.85M) | Time:02:06.46 | Remaining:00:03.16 | Mem:2494.71M, Peak:2494.71M | Scene, ViewLayer | Sample 7984/8192
Fra:1 Mem:1549.85M (Peak 1549.85M) | Time:02:06.59 | Remaining:00:02.91 | Mem:2494.71M, Peak:2494.71M | Scene, ViewLayer | Sample 8000/8192
Fra:1 Mem:1549.85M (Peak 1549.85M) | Time:02:06.71 | Remaining:00:02.67 | Mem:2494.71M, Peak:2494.71M | Scene, ViewLayer | Sample 8016/8192
Fra:1 Mem:1549.85M (Peak 1549.85M) | Time:02:06.84 | Remaining:00:02.42 | Mem:2494.71M, Peak:2494.71M | Scene, ViewLayer | Sample 8032/8192
Fra:1 Mem:1549.85M (Peak 1549.85M) | Time:02:06.97 | Remaining:00:02.18 | Mem:2494.71M, Peak:2494.71M | Scene, ViewLayer | Sample 8048/8192
Fra:1 Mem:1549.85M (Peak 1549.85M) | Time:02:07.10 | Remaining:00:01.93 | Mem:2494.71M, Peak:2494.71M | Scene, ViewLayer | Sample 8064/8192
Fra:1 Mem:1549.85M (Peak 1549.85M) | Time:02:07.23 | Remaining:00:01.69 | Mem:2494.71M, Peak:2494.71M | Scene, ViewLayer | Sample 8080/8192
Fra:1 Mem:1549.85M (Peak 1549.85M) | Time:02:07.42 | Remaining:00:01.45 | Mem:2494.71M, Peak:2494.71M | Scene, ViewLayer | Sample 8096/8192
Fra:1 Mem:1549.85M (Peak 1549.85M) | Time:02:07.55 | Remaining:00:01.20 | Mem:2494.71M, Peak:2494.71M | Scene, ViewLayer | Sample 8112/8192
Fra:1 Mem:1549.85M (Peak 1549.85M) | Time:02:07.69 | Remaining:00:00.96 | Mem:2494.71M, Peak:2494.71M | Scene, ViewLayer | Sample 8128/8192
Fra:1 Mem:1549.85M (Peak 1549.85M) | Time:02:07.84 | Remaining:00:00.72 | Mem:2494.71M, Peak:2494.71M | Scene, ViewLayer | Sample 8144/8192
Fra:1 Mem:1549.85M (Peak 1549.85M) | Time:02:07.97 | Remaining:00:00.48 | Mem:2494.71M, Peak:2494.71M | Scene, ViewLayer | Sample 8160/8192
Fra:1 Mem:1549.85M (Peak 1549.85M) | Time:02:08.10 | Remaining:00:00.24 | Mem:2494.71M, Peak:2494.71M | Scene, ViewLayer | Sample 8176/8192
Fra:1 Mem:1718.62M (Peak 1901.46M) | Time:02:09.30 | Mem:2763.28M, Peak:2784.38M | Scene, ViewLayer | Sample 8192/8192
Fra:1 Mem:1718.62M (Peak 1901.46M) | Time:02:09.30 | Mem:2763.28M, Peak:2784.38M | Scene, ViewLayer | Finished
Fra:1 Mem:872.91M (Peak 1901.46M) | Time:02:09.48 | Compositing
Fra:1 Mem:872.91M (Peak 1901.46M) | Time:02:09.50 | Compositing | Initializing execution
Fra:1 Mem:872.93M (Peak 1901.46M) | Time:02:09.50 | Compositing | Operation 2-32
Fra:1 Mem:887.05M (Peak 1901.46M) | Time:02:09.51 | Compositing | Operation 3-32
Fra:1 Mem:901.12M (Peak 1901.46M) | Time:02:09.51 | Compositing | Operation 4-32
Fra:1 Mem:911.67M (Peak 1901.46M) | Time:02:09.51 | Compositing | Operation 5-32
Fra:1 Mem:922.21M (Peak 1901.46M) | Time:02:09.52 | Compositing | Operation 6-32
Fra:1 Mem:932.76M (Peak 1901.46M) | Time:02:09.52 | Compositing | Operation 7-32
Fra:1 Mem:943.31M (Peak 1901.46M) | Time:02:09.53 | Compositing | Operation 8-32
Fra:1 Mem:953.85M (Peak 1901.46M) | Time:02:09.53 | Compositing | Operation 9-32
Fra:1 Mem:964.40M (Peak 1901.46M) | Time:02:09.54 | Compositing | Operation 10-32
Fra:1 Mem:974.95M (Peak 1901.46M) | Time:02:09.54 | Compositing | Operation 11-32
Fra:1 Mem:985.49M (Peak 1901.46M) | Time:02:09.55 | Compositing | Operation 12-32
Fra:1 Mem:996.04M (Peak 1901.46M) | Time:02:09.55 | Compositing | Operation 13-32
Fra:1 Mem:1006.59M (Peak 1901.46M) | Time:02:09.55 | Compositing | Operation 14-32
Fra:1 Mem:1017.13M (Peak 1901.46M) | Time:02:09.56 | Compositing | Operation 15-32
Fra:1 Mem:1027.68M (Peak 1901.46M) | Time:02:09.56 | Compositing | Operation 16-32
Fra:1 Mem:1038.23M (Peak 1901.46M) | Time:02:09.57 | Compositing | Operation 17-32
Fra:1 Mem:1041.74M (Peak 1901.46M) | Time:02:09.57 | Compositing | Operation 18-32
Fra:1 Mem:1045.26M (Peak 1901.46M) | Time:02:09.58 | Compositing | Operation 19-32
Fra:1 Mem:1048.78M (Peak 1901.46M) | Time:02:09.61 | Compositing | Operation 20-32
Fra:1 Mem:1052.29M (Peak 1901.46M) | Time:02:09.61 | Compositing | Operation 21-32
Fra:1 Mem:1055.81M (Peak 1901.46M) | Time:02:09.61 | Compositing | Operation 22-32
Fra:1 Mem:1059.32M (Peak 1901.46M) | Time:02:09.62 | Compositing | Operation 23-32
Fra:1 Mem:1062.84M (Peak 1901.46M) | Time:02:09.62 | Compositing | Operation 24-32
Fra:1 Mem:1066.35M (Peak 1901.46M) | Time:02:09.62 | Compositing | Operation 25-32
Fra:1 Mem:1069.87M (Peak 1901.46M) | Time:02:09.63 | Compositing | Operation 26-32
Fra:1 Mem:1073.38M (Peak 1901.46M) | Time:02:09.63 | Compositing | Operation 27-32
Fra:1 Mem:1076.90M (Peak 1901.46M) | Time:02:09.64 | Compositing | Operation 28-32
Fra:1 Mem:1080.42M (Peak 1901.46M) | Time:02:09.64 | Compositing | Operation 29-32
Fra:1 Mem:1083.93M (Peak 1901.46M) | Time:02:09.64 | Compositing | Operation 30-32
Fra:1 Mem:1098.02M (Peak 1901.46M) | Time:02:09.96 | Compositing | Operation 31-32
Fra:1 Mem:1101.54M (Peak 1901.46M) | Time:02:09.96 | Compositing | Operation 32-32
Fra:1 Mem:1101.54M (Peak 1901.46M) | Time:02:09.97 | Compositing | Operation 33-32
Saved: '/root/ig_out/f_denoise_on/Image_0_0_0001_0.exr'
Saved: '/root/ig_out/f_denoise_on/Emit_0_0_0001_0.png'
Saved: '/root/ig_out/f_denoise_on/AO_0_0_0001_0.png'
Saved: '/root/ig_out/f_denoise_on/GlossCol_0_0_0001_0.png'
Saved: '/root/ig_out/f_denoise_on/DiffInd_0_0_0001_0.png'
Saved: '/root/ig_out/f_denoise_on/TransCol_0_0_0001_0.png'
Saved: '/root/ig_out/f_denoise_on/DiffCol_0_0_0001_0.png'
Saved: '/root/ig_out/f_denoise_on/DiffDir_0_0_0001_0.png'
Saved: '/root/ig_out/f_denoise_on/IndexMA_0_0_0001_0.exr'
Saved: '/root/ig_out/f_denoise_on/VolumeDir_0_0_0001_0.png'
Saved: '/root/ig_out/f_denoise_on/TransInd_0_0_0001_0.png'
Saved: '/root/ig_out/f_denoise_on/GlossInd_0_0_0001_0.png'
Saved: '/root/ig_out/f_denoise_on/Image_0_0_0001_0.png'
Saved: '/root/ig_out/f_denoise_on/TransDir_0_0_0001_0.png'
Saved: '/root/ig_out/f_denoise_on/GlossDir_0_0_0001_0.png'
Saved: '/root/ig_out/f_denoise_on/Env_0_0_0001_0.png'
Saved: '/root/ig_out/tmp/0001.png'
Time: 02:13.40 (Saving: 00:00.17)

[13:48:24.113] [logging] [INFO] | [Actual rendering] finished in 0:02:13.530576
[13:48:24.114] [logging] [INFO] | [Post Processing]
[13:48:25.074] [logging] [INFO] | [Post Processing] finished in 0:00:00.959929
[13:48:25.096] [render] [INFO] | rendering time: 134.56360244750977
[13:48:25.096] [logging] [INFO] | [Render Frames] finished in 0:02:14.564518
[13:48:25.096] [logging] [INFO] | [MAIN TOTAL] finished in 0:02:16.808977
