-- The C compiler identification is GNU 13.3.0
-- The CXX compiler identification is GNU 13.3.0
-- Detecting C compiler ABI info
-- Detecting C compiler ABI info - done
-- Check for working C compiler: /usr/bin/cc - skipped
-- Detecting C compile features
-- Detecting C compile features - done
-- Detecting CXX compiler ABI info
-- Detecting CXX compiler ABI info - done
-- Check for working CXX compiler: /usr/bin/c++ - skipped
-- Detecting CXX compile features
-- Detecting CXX compile features - done
-- Detected version of GNU GCC: 133 (1303)
Compiling with C++20
-- Performing Test HAVE_CXX_W
-- Performing Test HAVE_CXX_W - Success
-- Performing Test HAVE_C_W
-- Performing Test HAVE_C_W - Success
-- Performing Test HAVE_CXX_WALL
-- Performing Test HAVE_CXX_WALL - Success
-- Performing Test HAVE_C_WALL
-- Performing Test HAVE_C_WALL - Success
-- Performing Test HAVE_CXX_WERROR_ADDRESS
-- Performing Test HAVE_CXX_WERROR_ADDRESS - Success
-- Performing Test HAVE_C_WERROR_ADDRESS
-- Performing Test HAVE_C_WERROR_ADDRESS - Success
-- Performing Test HAVE_CXX_WERROR_SEQUENCE_POINT
-- Performing Test HAVE_CXX_WERROR_SEQUENCE_POINT - Success
-- Performing Test HAVE_C_WERROR_SEQUENCE_POINT
-- Performing Test HAVE_C_WERROR_SEQUENCE_POINT - Success
-- Performing Test HAVE_CXX_WFORMAT
-- Performing Test HAVE_CXX_WFORMAT - Success
-- Performing Test HAVE_C_WFORMAT
-- Performing Test HAVE_C_WFORMAT - Success
-- Performing Test HAVE_CXX_WERROR_FORMAT_SECURITY
-- Performing Test HAVE_CXX_WERROR_FORMAT_SECURITY - Success
-- Performing Test HAVE_C_WERROR_FORMAT_SECURITY
-- Performing Test HAVE_C_WERROR_FORMAT_SECURITY - Success
-- Performing Test HAVE_CXX_WINIT_SELF
-- Performing Test HAVE_CXX_WINIT_SELF - Success
-- Performing Test HAVE_C_WINIT_SELF
-- Performing Test HAVE_C_WINIT_SELF - Success
-- Performing Test HAVE_CXX_WSIGN_PROMO
-- Performing Test HAVE_CXX_WSIGN_PROMO - Success
-- Performing Test HAVE_C_WSIGN_PROMO
-- Performing Test HAVE_C_WSIGN_PROMO - Success
-- Performing Test HAVE_CXX_WREORDER
-- Performing Test HAVE_CXX_WREORDER - Success
-- Performing Test HAVE_C_WREORDER
-- Performing Test HAVE_C_WREORDER - Success
-- Performing Test HAVE_CXX_WNO_UNDEF
-- Performing Test HAVE_CXX_WNO_UNDEF - Success
-- Performing Test HAVE_C_WNO_UNDEF
-- Performing Test HAVE_C_WNO_UNDEF - Success
-- Performing Test HAVE_CXX_WNO_SWITCH
-- Performing Test HAVE_CXX_WNO_SWITCH - Success
-- Performing Test HAVE_C_WNO_SWITCH
-- Performing Test HAVE_C_WNO_SWITCH - Success
-- Performing Test HAVE_CXX_WNO_SWITCH_ENUM
-- Performing Test HAVE_CXX_WNO_SWITCH_ENUM - Success
-- Performing Test HAVE_C_WNO_SWITCH_ENUM
-- Performing Test HAVE_C_WNO_SWITCH_ENUM - Success
-- Performing Test HAVE_CXX_WNO_SWITCH_DEFAULT
-- Performing Test HAVE_CXX_WNO_SWITCH_DEFAULT - Success
-- Performing Test HAVE_C_WNO_SWITCH_DEFAULT
-- Performing Test HAVE_C_WNO_SWITCH_DEFAULT - Success
-- Performing Test HAVE_CXX_WNO_IMPLICIT_FALLTHROUGH
-- Performing Test HAVE_CXX_WNO_IMPLICIT_FALLTHROUGH - Success
-- Performing Test HAVE_C_WNO_IMPLICIT_FALLTHROUGH
-- Performing Test HAVE_C_WNO_IMPLICIT_FALLTHROUGH - Success
-- Performing Test HAVE_CXX_WNO_COMMENT
-- Performing Test HAVE_CXX_WNO_COMMENT - Success
-- Performing Test HAVE_C_WNO_COMMENT
-- Performing Test HAVE_C_WNO_COMMENT - Success
-- Performing Test HAVE_CXX_WNO_NARROWING
-- Performing Test HAVE_CXX_WNO_NARROWING - Success
-- Performing Test HAVE_C_WNO_NARROWING
-- Performing Test HAVE_C_WNO_NARROWING - Success
-- Performing Test HAVE_CXX_WNO_ATTRIBUTES
-- Performing Test HAVE_CXX_WNO_ATTRIBUTES - Success
-- Performing Test HAVE_C_WNO_ATTRIBUTES
-- Performing Test HAVE_C_WNO_ATTRIBUTES - Success
-- Performing Test HAVE_CXX_WNO_IGNORED_ATTRIBUTES
-- Performing Test HAVE_CXX_WNO_IGNORED_ATTRIBUTES - Success
-- Performing Test HAVE_C_WNO_IGNORED_ATTRIBUTES
-- Performing Test HAVE_C_WNO_IGNORED_ATTRIBUTES - Success
-- Performing Test HAVE_CXX_WNO_MAYBE_UNINITIALIZED
-- Performing Test HAVE_CXX_WNO_MAYBE_UNINITIALIZED - Success
-- Performing Test HAVE_C_WNO_MAYBE_UNINITIALIZED
-- Performing Test HAVE_C_WNO_MAYBE_UNINITIALIZED - Success
-- Performing Test HAVE_CXX_WNO_ENUM_COMPARE
-- Performing Test HAVE_CXX_WNO_ENUM_COMPARE - Success
-- Performing Test HAVE_C_WNO_ENUM_COMPARE
-- Performing Test HAVE_C_WNO_ENUM_COMPARE - Success
-- Performing Test HAVE_CXX_WNO_MISLEADING_INDENTATION
-- Performing Test HAVE_CXX_WNO_MISLEADING_INDENTATION - Success
-- Performing Test HAVE_C_WNO_MISLEADING_INDENTATION
-- Performing Test HAVE_C_WNO_MISLEADING_INDENTATION - Success
-- Performing Test HAVE_CXX_WNO_MISSING_FIELD_INITIALIZERS
-- Performing Test HAVE_CXX_WNO_MISSING_FIELD_INITIALIZERS - Success
-- Performing Test HAVE_C_WNO_MISSING_FIELD_INITIALIZERS
-- Performing Test HAVE_C_WNO_MISSING_FIELD_INITIALIZERS - Success
-- Performing Test HAVE_CXX_WNO_UNUSED_RESULT
-- Performing Test HAVE_CXX_WNO_UNUSED_RESULT - Success
-- Performing Test HAVE_C_WNO_UNUSED_RESULT
-- Performing Test HAVE_C_WNO_UNUSED_RESULT - Success
-- Performing Test HAVE_CXX_WNO_UNUSED_FUNCTION
-- Performing Test HAVE_CXX_WNO_UNUSED_FUNCTION - Success
-- Performing Test HAVE_C_WNO_UNUSED_FUNCTION
-- Performing Test HAVE_C_WNO_UNUSED_FUNCTION - Success
-- Performing Test HAVE_CXX_WNO_UNUSED_PARAMETER
-- Performing Test HAVE_CXX_WNO_UNUSED_PARAMETER - Success
-- Performing Test HAVE_C_WNO_UNUSED_PARAMETER
-- Performing Test HAVE_C_WNO_UNUSED_PARAMETER - Success
-- Performing Test HAVE_CXX_WNO_DELETE_INCOMPLETE
-- Performing Test HAVE_CXX_WNO_DELETE_INCOMPLETE - Success
-- Performing Test HAVE_C_WNO_DELETE_INCOMPLETE
-- Performing Test HAVE_C_WNO_DELETE_INCOMPLETE - Success
-- Performing Test HAVE_CXX_WNO_UNNAMED_TYPE_TEMPLATE_ARGS
-- Performing Test HAVE_CXX_WNO_UNNAMED_TYPE_TEMPLATE_ARGS - Failed
-- Performing Test HAVE_C_WNO_UNNAMED_TYPE_TEMPLATE_ARGS
-- Performing Test HAVE_C_WNO_UNNAMED_TYPE_TEMPLATE_ARGS - Failed
-- Performing Test HAVE_CXX_WNO_INT_IN_BOOL_CONTEXT
-- Performing Test HAVE_CXX_WNO_INT_IN_BOOL_CONTEXT - Success
-- Performing Test HAVE_C_WNO_INT_IN_BOOL_CONTEXT
-- Performing Test HAVE_C_WNO_INT_IN_BOOL_CONTEXT - Success
-- Performing Test HAVE_CXX_WNO_DEPRECATED_DECLARATIONS
-- Performing Test HAVE_CXX_WNO_DEPRECATED_DECLARATIONS - Success
-- Performing Test HAVE_C_WNO_DEPRECATED_DECLARATIONS
-- Performing Test HAVE_C_WNO_DEPRECATED_DECLARATIONS - Success
-- Performing Test HAVE_CXX_FDIAGNOSTICS_SHOW_OPTION
-- Performing Test HAVE_CXX_FDIAGNOSTICS_SHOW_OPTION - Success
-- Performing Test HAVE_C_FDIAGNOSTICS_SHOW_OPTION
-- Performing Test HAVE_C_FDIAGNOSTICS_SHOW_OPTION - Success
-- Performing Test HAVE_CXX_FTEMPLATE_BACKTRACE_LIMIT_0
-- Performing Test HAVE_CXX_FTEMPLATE_BACKTRACE_LIMIT_0 - Success
-- Performing Test HAVE_C_FTEMPLATE_BACKTRACE_LIMIT_0
-- Performing Test HAVE_C_FTEMPLATE_BACKTRACE_LIMIT_0 - Success
-- Performing Test HAVE_CXX_WNO_LONG_LONG
-- Performing Test HAVE_CXX_WNO_LONG_LONG - Success
-- Performing Test HAVE_C_WNO_LONG_LONG
-- Performing Test HAVE_C_WNO_LONG_LONG - Success
-- Performing Test HAVE_CXX_PTHREAD
-- Performing Test HAVE_CXX_PTHREAD - Success
-- Performing Test HAVE_C_PTHREAD
-- Performing Test HAVE_C_PTHREAD - Success
-- Performing Test HAVE_CXX_FOMIT_FRAME_POINTER
-- Performing Test HAVE_CXX_FOMIT_FRAME_POINTER - Success
-- Performing Test HAVE_C_FOMIT_FRAME_POINTER
-- Performing Test HAVE_C_FOMIT_FRAME_POINTER - Success
-- Performing Test HAVE_CXX_FROUNDING_MATH
-- Performing Test HAVE_CXX_FROUNDING_MATH - Success
-- Performing Test HAVE_C_FROUNDING_MATH
-- Performing Test HAVE_C_FROUNDING_MATH - Success
-- Performing Test HAVE_CXX_MSSE
-- Performing Test HAVE_CXX_MSSE - Success
-- Performing Test HAVE_C_MSSE
-- Performing Test HAVE_C_MSSE - Success
-- Performing Test HAVE_CXX_MSSE2
-- Performing Test HAVE_CXX_MSSE2 - Success
-- Performing Test HAVE_C_MSSE2
-- Performing Test HAVE_C_MSSE2 - Success
-- Performing Test HAVE_CXX_MSSE3
-- Performing Test HAVE_CXX_MSSE3 - Success
-- Performing Test HAVE_C_MSSE3
-- Performing Test HAVE_C_MSSE3 - Success
-- Performing Test HAVE_CXX_MSSSE3
-- Performing Test HAVE_CXX_MSSSE3 - Success
-- Performing Test HAVE_C_MSSSE3
-- Performing Test HAVE_C_MSSSE3 - Success
-- Performing Test HAVE_CXX_MSSE4_1
-- Performing Test HAVE_CXX_MSSE4_1 - Success
-- Performing Test HAVE_C_MSSE4_1
-- Performing Test HAVE_C_MSSE4_1 - Success
-- Performing Test HAVE_CXX_MSSE4_2
-- Performing Test HAVE_CXX_MSSE4_2 - Success
-- Performing Test HAVE_C_MSSE4_2
-- Performing Test HAVE_C_MSSE4_2 - Success
-- Performing Test HAVE_CXX_FFUNCTION_SECTIONS
-- Performing Test HAVE_CXX_FFUNCTION_SECTIONS - Success
-- Performing Test HAVE_C_FFUNCTION_SECTIONS
-- Performing Test HAVE_C_FFUNCTION_SECTIONS - Success
-- Looking for inttypes.h
-- Looking for inttypes.h - found
-- Found OpenMP_C: -fopenmp (found version "4.5") 
-- Found OpenMP_CXX: -fopenmp (found version "4.5") 
-- Found OpenMP: TRUE (found version "4.5")  
-- Found OpenGL: /usr/lib/x86_64-linux-gnu/libOpenGL.so   
-- WARNING: BREAKPAD was not found: Please specify BREAKPAD directory using BREAKPAD_ROOT env. variable
-- Can't find BreakPad. Continuing without it.
-- Found Python3: /usr/bin/python3 (found version "3.12.3") found components: Interpreter Development Development.Module Development.Embed 
-- Python 3.12 found (include: /usr/include/python3.12)
-- Found Boost: /usr/lib/x86_64-linux-gnu/cmake/Boost-1.83.0/BoostConfig.cmake (found version "1.83.0") found components: iostreams program_options system serialization python312 
-- Found Eigen3: /usr/include/eigen3 (Required is at least version "3.4") 
-- Eigen 3.4.0 found (include: /usr/include/eigen3)
-- Found OpenCV: /usr (found version "4.6.0") 
-- OpenCV 4.6.0 found (include: /usr/include/opencv4)
-- Using header-only CGAL
-- Targeting Unix Makefiles
-- Using /usr/bin/c++ compiler.
-- Found GMP: /usr/lib/x86_64-linux-gnu/libgmp.so  
-- Found MPFR: /usr/lib/x86_64-linux-gnu/libmpfr.so  
-- Found Boost: /usr/lib/x86_64-linux-gnu/cmake/Boost-1.83.0/BoostConfig.cmake (found suitable version "1.83.0", minimum required is "1.66")  
-- Boost include dirs: /usr/include
-- Boost libraries:    
-- Performing Test CMAKE_HAVE_LIBC_PTHREAD
-- Performing Test CMAKE_HAVE_LIBC_PTHREAD - Success
-- Found Threads: TRUE  
-- Using gcc version 4 or later. Adding -frounding-math
-- VCG  found (include: /root/vcglib)
-- GLEW 2.2.0 found (include: /usr/include)
-- GLFW3 3.3.10 found (include: )
-- Configuring done (11.0s)
-- Generating done (0.0s)
CMake Warning:
  Manually-specified variables were not used by the project:

    OpenMVS_BUILD_VIEWER


-- Build files have been written to: /root/openMVS_build
[  1%] Building CXX object libs/Common/CMakeFiles/Common.dir/cmake_pch.hxx.gch
[  2%] Building CXX object libs/Common/CMakeFiles/Common.dir/UtilCUDA.cpp.o
[  7%] Building CXX object libs/Common/CMakeFiles/Common.dir/EventQueue.cpp.o
[  7%] Building CXX object libs/Common/CMakeFiles/Common.dir/Common.cpp.o
[  7%] Building CXX object libs/Common/CMakeFiles/Common.dir/Log.cpp.o
[  7%] Building CXX object libs/Common/CMakeFiles/Common.dir/ConfigTable.cpp.o
[ 10%] Building CXX object libs/Common/CMakeFiles/Common.dir/Timer.cpp.o
[ 10%] Building CXX object libs/Common/CMakeFiles/Common.dir/SML.cpp.o
[ 11%] Building CXX object libs/Common/CMakeFiles/Common.dir/Types.cpp.o
[ 12%] Building CXX object libs/Common/CMakeFiles/Common.dir/Util.cpp.o
/root/openMVS/libs/Common/Log.cpp: In member function ‘SEACAVE::Log::Idx SEACAVE::Log::RegisterType(LPCTSTR)’:
/root/openMVS/libs/Common/Log.cpp:67:17: warning: ‘char* strncpy(char*, const char*, size_t)’ specified bound depends on the length of the source argument [-Wstringop-truncation]
   67 |         _tcsncpy(logType.szName, lt, n);
      |                 ^
/root/openMVS/libs/Common/Log.cpp:66:33: note: length computed here
   66 |         Idx n = MINF((Idx)strlen(lt), (Idx)LOGTYPE_SIZE);
      |                           ~~~~~~^~~~
[ 13%] Linking CXX static library ../../lib/libCommon.a
[ 13%] Built target Common
[ 15%] Building CXX object libs/Math/CMakeFiles/Math.dir/cmake_pch.hxx.gch
[ 16%] Building CXX object libs/IO/CMakeFiles/IO.dir/cmake_pch.hxx.gch
[ 21%] Building CXX object libs/Math/CMakeFiles/Math.dir/LMFit/lmmin.cpp.o
[ 21%] Building CXX object libs/Math/CMakeFiles/Math.dir/SimilarityTransform.cpp.o
[ 21%] Building CXX object libs/Math/CMakeFiles/Math.dir/Common.cpp.o
[ 21%] Building CXX object libs/Math/CMakeFiles/Math.dir/IBFS/IBFS.cpp.o
[ 24%] Building CXX object libs/IO/CMakeFiles/IO.dir/OBJ.cpp.o
[ 24%] Building CXX object libs/IO/CMakeFiles/IO.dir/ImageTIFF.cpp.o
[ 30%] Building CXX object libs/IO/CMakeFiles/IO.dir/ImageBMP.cpp.o
[ 31%] Building CXX object libs/IO/CMakeFiles/IO.dir/ImageJPG.cpp.o
[ 31%] Building CXX object libs/IO/CMakeFiles/IO.dir/PLY.cpp.o
[ 31%] Building CXX object libs/IO/CMakeFiles/IO.dir/ImageDDS.cpp.o
[ 31%] Building CXX object libs/IO/CMakeFiles/IO.dir/Common.cpp.o
[ 31%] Building CXX object libs/IO/CMakeFiles/IO.dir/Image.cpp.o
[ 34%] Building CXX object libs/IO/CMakeFiles/IO.dir/ImagePNG.cpp.o
[ 34%] Building CXX object libs/IO/CMakeFiles/IO.dir/ImageSCI.cpp.o
[ 35%] Building CXX object libs/IO/CMakeFiles/IO.dir/ImageTGA.cpp.o
[ 36%] Building CXX object libs/IO/CMakeFiles/IO.dir/TinyXML2.cpp.o
/root/openMVS/libs/IO/PLY.cpp: In member function ‘char** PLY::get_words(STRISTREAM&, int*, char**)’:
/root/openMVS/libs/IO/PLY.cpp:1403:20: warning: storing the address of local variable ‘str_copy’ in ‘*orig_line’ [-Wdangling-pointer=]
 1403 |         *orig_line = str_copy;
      |         ~~~~~~~~~~~^~~~~~~~~~
/root/openMVS/libs/IO/PLY.cpp:1315:14: note: ‘str_copy’ declared here
 1315 |         char str_copy[BIG_STRING];
      |              ^~~~~~~~
/root/openMVS/libs/IO/PLY.cpp:1311:60: note: ‘orig_line’ declared here
 1311 | char** PLY::get_words(STRISTREAM& sfp, int* nwords, char** orig_line)
      |                                                     ~~~~~~~^~~~~~~~~
/root/openMVS/libs/IO/ImageJPG.cpp: In member function ‘virtual HRESULT SEACAVE::CImageJPG::ReadData(void*, SEACAVE::PIXELFORMAT, SEACAVE::CImage::Size, SEACAVE::CImage::Size)’:
/root/openMVS/libs/IO/ImageJPG.cpp:186:20: warning: variable ‘state’ might be clobbered by ‘longjmp’ or ‘vfork’ [-Wclobbered]
  186 |         JpegState* state = (JpegState*)m_state;
      |                    ^~~~~
[ 37%] Linking CXX static library ../../lib/libIO.a
[ 37%] Built target IO
[ 39%] Linking CXX static library ../../lib/libMath.a
[ 39%] Built target Math
[ 40%] Building CXX object libs/MVS/CMakeFiles/MVS.dir/cmake_pch.hxx.gch
[ 44%] Building CXX object libs/MVS/CMakeFiles/MVS.dir/RectsBinPack.cpp.o
[ 44%] Building CXX object libs/MVS/CMakeFiles/MVS.dir/SceneDensify.cpp.o
[ 44%] Building CXX object libs/MVS/CMakeFiles/MVS.dir/Scene.cpp.o
[ 46%] Building CXX object libs/MVS/CMakeFiles/MVS.dir/SceneRefineCUDA.cpp.o
[ 46%] Building CXX object libs/MVS/CMakeFiles/MVS.dir/SceneReconstruct.cpp.o
[ 54%] Building CXX object libs/MVS/CMakeFiles/MVS.dir/SemiGlobalMatcher.cpp.o
[ 54%] Building CXX object libs/MVS/CMakeFiles/MVS.dir/SceneTexture.cpp.o
[ 54%] Building CXX object libs/MVS/CMakeFiles/MVS.dir/DepthMap.cpp.o
[ 54%] Building CXX object libs/MVS/CMakeFiles/MVS.dir/Image.cpp.o
[ 54%] Building CXX object libs/MVS/CMakeFiles/MVS.dir/Camera.cpp.o
[ 54%] Building CXX object libs/MVS/CMakeFiles/MVS.dir/Common.cpp.o
[ 55%] Building CXX object libs/MVS/CMakeFiles/MVS.dir/Mesh.cpp.o
[ 56%] Building CXX object libs/MVS/CMakeFiles/MVS.dir/PatchMatchCUDA.cpp.o
[ 58%] Building CXX object libs/MVS/CMakeFiles/MVS.dir/PointCloud.cpp.o
[ 59%] Building CXX object libs/MVS/CMakeFiles/MVS.dir/Platform.cpp.o
[ 60%] Building CXX object libs/MVS/CMakeFiles/MVS.dir/SceneRefine.cpp.o
/root/openMVS/libs/MVS/SemiGlobalMatcher.cpp: In member function ‘void MVS::STEREO::SemiGlobalMatcher::Fuse(const MVS::Scene&, MVS::IIndex, MVS::IIndex, unsigned int, MVS::DepthMap&, MVS::ConfidenceMap&)’:
/root/openMVS/libs/MVS/SemiGlobalMatcher.cpp:775:113: warning: dereferencing type-punned pointer will break strict-aliasing rules [-Wstrict-aliasing]
  775 |                         AssembleProjectionMatrix(leftImage.camera.K, poseR, poseC, reinterpret_cast<Matrix3x4&>(P));
      |                                                                                                                 ^
/root/openMVS/libs/MVS/DepthMap.cpp: In function ‘void MVS::EstimatePointNormals(const ImageArr&, PointCloud&, int)’:
/root/openMVS/libs/MVS/DepthMap.cpp:1482:60: warning: dereferencing type-punned pointer will break strict-aliasing rules [-Wstrict-aliasing]
 1482 |                 reinterpret_cast<Point3d&>(pointvectors[i].first) = pointcloud.points[i];
/root/openMVS/libs/MVS/DepthMap.cpp:1510:75: warning: dereferencing type-punned pointer will break strict-aliasing rules [-Wstrict-aliasing]
 1510 |                 normal = reinterpret_cast<const Point3d&>(pointvectors[i].second);
/root/openMVS/libs/MVS/Mesh.cpp: In member function ‘bool MVS::Mesh::SavePLY(const SEACAVE::String&, const SEACAVE::cList<SEACAVE::String>&, bool, bool) const’:
/root/openMVS/libs/MVS/Mesh.cpp:1486:98: warning: passing ‘SEACAVE::cList<SEACAVE::TImage<SEACAVE::TPixel<unsigned char> >, const SEACAVE::TImage<SEACAVE::TPixel<unsigned char> >&, 2, 4, unsigned char>::size_type’ {aka ‘unsigned char’} chooses ‘int’ over ‘unsigned int’ [-Wsign-promo]
 1486 |                     const String textureFileName(Util::getFileFullName(fileName) + std::to_string(texId).c_str() + (bTexLossless?_T(".png"):_T(".jpg")));
      |                                                                                    ~~~~~~~~~~~~~~^~~~~~~
/root/openMVS/libs/MVS/Mesh.cpp:1486:98: warning:   in call to ‘std::string std::__cxx11::to_string(int)’ [-Wsign-promo]
In file included from /root/openMVS/libs/Common/Common.h:176,
                 from /root/openMVS/libs/MVS/Common.h:42,
                 from /root/openMVS_build/libs/MVS/CMakeFiles/MVS.dir/cmake_pch.hxx:5,
                 from <command-line>:
/root/openMVS/libs/MVS/Mesh.cpp: In member function ‘bool MVS::Mesh::SaveOBJ(const SEACAVE::String&) const’:
/root/openMVS/libs/MVS/Mesh.cpp:1573:88: warning: passing ‘SEACAVE::cList<SEACAVE::TImage<SEACAVE::TPixel<unsigned char> >, const SEACAVE::TImage<SEACAVE::TPixel<unsigned char> >&, 2, 4, unsigned char>::size_type’ {aka ‘unsigned char’} chooses ‘int’ over ‘unsigned int’ [-Wsign-promo]
 1573 |                 ObjModel::Group& group = model.AddGroup(_T("material_" + std::to_string(idxTexture)));
      |                                                                          ~~~~~~~~~~~~~~^~~~~~~~~~~~
/root/openMVS/libs/MVS/Mesh.cpp:1573:88: warning:   in call to ‘std::string std::__cxx11::to_string(int)’ [-Wsign-promo]
In file included from /root/openMVS/libs/MVS/Mesh.cpp:64:
/root/vcglib/vcg/complex/algorithms/local_optimization/tri_edge_collapse_quadric.h: In instantiation of ‘vcg::tri::TriEdgeCollapseQuadric<TriMeshType, VertexPair, MYTYPE, HelperType>::ScalarType vcg::tri::TriEdgeCollapseQuadric<TriMeshType, VertexPair, MYTYPE, HelperType>::ComputePriority(vcg::BaseParameterClass*) [with TriMeshType = CLEAN::Mesh; VertexPair = vcg::tri::BasicVertexPair<CLEAN::Vertex>; MYTYPE = CLEAN::TriEdgeCollapse; HelperType = CLEAN::QHelper; ScalarType = float]’:
/root/vcglib/vcg/complex/algorithms/local_optimization/tri_edge_collapse_quadric.h:145:23:   required from ‘vcg::tri::TriEdgeCollapseQuadric<TriMeshType, VertexPair, MYTYPE, HelperType>::TriEdgeCollapseQuadric(const VertexPair&, int, vcg::BaseParameterClass*) [with TriMeshType = CLEAN::Mesh; VertexPair = vcg::tri::BasicVertexPair<CLEAN::Vertex>; MYTYPE = CLEAN::TriEdgeCollapse; HelperType = CLEAN::QHelper]’
/root/openMVS/libs/MVS/Mesh.cpp:709:96:   required from here
/root/vcglib/vcg/complex/algorithms/local_optimization/tri_edge_collapse_quadric.h:381:17: warning: implicitly-declared ‘constexpr vcg::math::Quadric<double>::Quadric(const vcg::math::Quadric<double>&)’ is deprecated [-Wdeprecated-copy]
  381 |     QuadricType qq=QH::Qd(v[0]);
      |                 ^~
In file included from /root/vcglib/vcg/complex/algorithms/local_optimization/tri_edge_collapse_quadric.h:27:
/root/vcglib/vcg/math/quadric.h:123:8: note: because ‘vcg::math::Quadric<double>’ has user-provided ‘void vcg::math::Quadric<_ScalarType>::operator=(const vcg::math::Quadric<_ScalarType>&) [with _ScalarType = double]’
  123 |   void operator = ( const Quadric & q )
      |        ^~~~~~~~
In file included from /root/openMVS/libs/MVS/Mesh.cpp:58:
/root/vcglib/vcg/complex/algorithms/isotropic_remeshing.h: In instantiation of ‘static int vcg::tri::IsotropicRemeshing<TRI_MESH_TYPE>::tagCreaseEdges(MeshType&, Params&, bool) [with TRI_MESH_TYPE = CLEAN::Mesh; MeshType = CLEAN::Mesh; Params = vcg::tri::IsotropicRemeshing<CLEAN::Mesh>::Params]’:
/root/vcglib/vcg/complex/algorithms/isotropic_remeshing.h:288:27:   required from ‘static void vcg::tri::IsotropicRemeshing<TRI_MESH_TYPE>::Do(MeshType&, MeshType&, Params&, bool (*)(int, const char*)) [with TRI_MESH_TYPE = CLEAN::Mesh; MeshType = CLEAN::Mesh; Params = vcg::tri::IsotropicRemeshing<CLEAN::Mesh>::Params; vcg::CallBackPos = bool(int, const char*)]’
/root/openMVS/libs/MVS/Mesh.cpp:949:49:   required from here
/root/vcglib/vcg/complex/algorithms/isotropic_remeshing.h:350:59: warning: suggest parentheses around ‘&&’ within ‘||’ [-Wparentheses]
  350 |             if ((forceTag || !params.userSelectedCreases) && (testCreaseEdge(p, params.creaseAngleCosThr) /*&& areaCheck*/ /* && qualityCheck*/) || p.IsBorder())
      |                 ~~~~~~~~~~~~~~~~~~~~~~~~~~~~~~~~~~~~~~~~~~^~~~~~~~~~~~~~~~~~~~~~~~~~~~~~~~~~~~~~~~~~~~~~~~~~~~~~~~~~~~~~~~~~~~~~~~~~~~~~~~~~~~~~
/root/vcglib/vcg/complex/algorithms/isotropic_remeshing.h:372:39: warning: comparison of integer expressions of different signedness: ‘int’ and ‘std::vector<CLEAN::Face*, std::allocator<CLEAN::Face*> >::size_type’ {aka ‘long unsigned int’} [-Wsign-compare]
  372 |                     for (int i = 0; i < faces.size(); ++i)
      |                                     ~~^~~~~~~~~~~~~~
/root/vcglib/vcg/complex/algorithms/isotropic_remeshing.h:347:24: warning: unused variable ‘qualityCheck’ [-Wunused-variable]
  347 |             const bool qualityCheck = quality > 0.00000001 && qualityAdj > 0.00000001;
      |                        ^~~~~~~~~~~~
/root/vcglib/vcg/complex/algorithms/isotropic_remeshing.h: In instantiation of ‘static void vcg::tri::IsotropicRemeshing<TRI_MESH_TYPE>::ImproveValence(MeshType&, Params&) [with TRI_MESH_TYPE = CLEAN::Mesh; MeshType = CLEAN::Mesh; Params = vcg::tri::IsotropicRemeshing<CLEAN::Mesh>::Params]’:
/root/vcglib/vcg/complex/algorithms/isotropic_remeshing.h:314:31:   required from ‘static void vcg::tri::IsotropicRemeshing<TRI_MESH_TYPE>::Do(MeshType&, MeshType&, Params&, bool (*)(int, const char*)) [with TRI_MESH_TYPE = CLEAN::Mesh; MeshType = CLEAN::Mesh; Params = vcg::tri::IsotropicRemeshing<CLEAN::Mesh>::Params; vcg::CallBackPos = bool(int, const char*)]’
/root/openMVS/libs/MVS/Mesh.cpp:949:49:   required from here
/root/vcglib/vcg/complex/algorithms/isotropic_remeshing.h:673:33: warning: unused variable ‘foldCheckRad’ [-Wunused-variable]
  673 |         const static ScalarType foldCheckRad = math::ToRad(5.);
      |                                 ^~~~~~~~~~~~
/root/vcglib/vcg/complex/algorithms/local_optimization/tri_edge_collapse_quadric.h: In instantiation of ‘void vcg::tri::TriEdgeCollapseQuadric<TriMeshType, VertexPair, MYTYPE, HelperType>::ComputePosition(vcg::BaseParameterClass*) [with TriMeshType = CLEAN::Mesh; VertexPair = vcg::tri::BasicVertexPair<CLEAN::Vertex>; MYTYPE = CLEAN::TriEdgeCollapse; HelperType = CLEAN::QHelper]’:
/root/vcglib/vcg/complex/algorithms/local_optimization/tri_edge_collapse_quadric.h:340:5:   required from ‘vcg::tri::TriEdgeCollapseQuadric<TriMeshType, VertexPair, MYTYPE, HelperType>::ScalarType vcg::tri::TriEdgeCollapseQuadric<TriMeshType, VertexPair, MYTYPE, HelperType>::ComputePriority(vcg::BaseParameterClass*) [with TriMeshType = CLEAN::Mesh; VertexPair = vcg::tri::BasicVertexPair<CLEAN::Vertex>; MYTYPE = CLEAN::TriEdgeCollapse; HelperType = CLEAN::QHelper; ScalarType = float]’
/root/vcglib/vcg/complex/algorithms/local_optimization/tri_edge_collapse_quadric.h:145:23:   required from ‘vcg::tri::TriEdgeCollapseQuadric<TriMeshType, VertexPair, MYTYPE, HelperType>::TriEdgeCollapseQuadric(const VertexPair&, int, vcg::BaseParameterClass*) [with TriMeshType = CLEAN::Mesh; VertexPair = vcg::tri::BasicVertexPair<CLEAN::Vertex>; MYTYPE = CLEAN::TriEdgeCollapse; HelperType = CLEAN::QHelper]’
/root/openMVS/libs/MVS/Mesh.cpp:709:96:   required from here
/root/vcglib/vcg/complex/algorithms/local_optimization/tri_edge_collapse_quadric.h:168:21: warning: implicitly-declared ‘constexpr vcg::math::Quadric<double>::Quadric(const vcg::math::Quadric<double>&)’ is deprecated [-Wdeprecated-copy]
  168 |         QuadricType q=QH::Qd(this->pos.V(0));
      |                     ^
/root/vcglib/vcg/math/quadric.h:123:8: note: because ‘vcg::math::Quadric<double>’ has user-provided ‘void vcg::math::Quadric<_ScalarType>::operator=(const vcg::math::Quadric<_ScalarType>&) [with _ScalarType = double]’
  123 |   void operator = ( const Quadric & q )
      |        ^~~~~~~~
/root/vcglib/vcg/complex/algorithms/isotropic_remeshing.h: In instantiation of ‘static void vcg::tri::IsotropicRemeshing<TRI_MESH_TYPE>::removeColinearFaces(MeshType&, Params&) [with TRI_MESH_TYPE = CLEAN::Mesh; MeshType = CLEAN::Mesh; Params = vcg::tri::IsotropicRemeshing<CLEAN::Mesh>::Params]’:
/root/vcglib/vcg/complex/algorithms/isotropic_remeshing.h:249:28:   required from ‘static void vcg::tri::IsotropicRemeshing<TRI_MESH_TYPE>::cleanMesh(MeshType&, Params&) [with TRI_MESH_TYPE = CLEAN::Mesh; MeshType = CLEAN::Mesh; Params = vcg::tri::IsotropicRemeshing<CLEAN::Mesh>::Params]’
/root/vcglib/vcg/complex/algorithms/isotropic_remeshing.h:281:22:   required from ‘static void vcg::tri::IsotropicRemeshing<TRI_MESH_TYPE>::Do(MeshType&, MeshType&, Params&, bool (*)(int, const char*)) [with TRI_MESH_TYPE = CLEAN::Mesh; MeshType = CLEAN::Mesh; Params = vcg::tri::IsotropicRemeshing<CLEAN::Mesh>::Params; vcg::CallBackPos = bool(int, const char*)]’
/root/openMVS/libs/MVS/Mesh.cpp:949:49:   required from here
/root/vcglib/vcg/complex/algorithms/isotropic_remeshing.h:197:36: warning: variable ‘n1’ set but not used [-Wunused-but-set-variable]
  197 |                         const auto n1 = vcg::TriangleNormal(t1);
      |                                    ^~
/root/vcglib/vcg/complex/algorithms/isotropic_remeshing.h:198:36: warning: variable ‘n2’ set but not used [-Wunused-but-set-variable]
  198 |                         const auto n2 = vcg::TriangleNormal(t2);
      |                                    ^~
/root/vcglib/vcg/complex/algorithms/isotropic_remeshing.h:199:36: warning: variable ‘n3’ set but not used [-Wunused-but-set-variable]
  199 |                         const auto n3 = vcg::TriangleNormal(t3);
      |                                    ^~
/root/vcglib/vcg/complex/algorithms/isotropic_remeshing.h:200:36: warning: variable ‘n4’ set but not used [-Wunused-but-set-variable]
  200 |                         const auto n4 = vcg::TriangleNormal(t4);
      |                                    ^~
/root/vcglib/vcg/complex/algorithms/isotropic_remeshing.h:184:26: warning: unused variable ‘f1’ [-Wunused-variable]
  184 |                     auto f1 = f.cFFp(longestIdx);
      |                          ^~
In file included from /root/vcglib/vcg/complex/algorithms/local_optimization/tri_edge_collapse.h:28,
                 from /root/vcglib/vcg/complex/algorithms/isotropic_remeshing.h:32:
/root/vcglib/vcg/complex/algorithms/edge_collapse.h: In instantiation of ‘static int vcg::tri::EdgeCollapser<TRI_MESH_TYPE, VertexPair>::Do(TriMeshType&, VertexPair&, const vcg::Point3<typename ComputeMeshType::VertexType::ScalarType>&, bool) [with TRI_MESH_TYPE = CLEAN::Mesh; VertexPair = vcg::tri::BasicVertexPair<CLEAN::Vertex>; TriMeshType = CLEAN::Mesh; typename ComputeMeshType::VertexType::ScalarType = float; typename ComputeMeshType::VertexType = CLEAN::Vertex]’:
/root/vcglib/vcg/complex/algorithms/isotropic_remeshing.h:1000:42:   required from ‘static void vcg::tri::IsotropicRemeshing<TRI_MESH_TYPE>::CollapseShortEdges(MeshType&, Params&) [with TRI_MESH_TYPE = CLEAN::Mesh; MeshType = CLEAN::Mesh; Params = vcg::tri::IsotropicRemeshing<CLEAN::Mesh>::Params]’
/root/vcglib/vcg/complex/algorithms/isotropic_remeshing.h:309:35:   required from ‘static void vcg::tri::IsotropicRemeshing<TRI_MESH_TYPE>::Do(MeshType&, MeshType&, Params&, bool (*)(int, const char*)) [with TRI_MESH_TYPE = CLEAN::Mesh; MeshType = CLEAN::Mesh; Params = vcg::tri::IsotropicRemeshing<CLEAN::Mesh>::Params; vcg::CallBackPos = bool(int, const char*)]’
/root/openMVS/libs/MVS/Mesh.cpp:949:49:   required from here
/root/vcglib/vcg/complex/algorithms/edge_collapse.h:276:23: warning: unused variable ‘f’ [-Wunused-variable]
  276 |           FaceType  & f = *((*i).f);
      |                       ^
/root/vcglib/vcg/complex/algorithms/edge_collapse.h:305:27: warning: unused variable ‘f’ [-Wunused-variable]
  305 |               FaceType  & f = *((*i).f);
      |                           ^
/root/vcglib/vcg/complex/algorithms/isotropic_remeshing.h: In instantiation of ‘static bool vcg::tri::IsotropicRemeshing<TRI_MESH_TYPE>::checkCanMoveOnCollapse(const PosType&, const std::vector<typename CleanMeshType::FaceType*>&, const std::vector<int>&, const Params&) [with TRI_MESH_TYPE = CLEAN::Mesh; PosType = vcg::face::Pos<CLEAN::Face>; typename CleanMeshType::FaceType = CLEAN::Face; Params = vcg::tri::IsotropicRemeshing<CLEAN::Mesh>::Params]’:
/root/vcglib/vcg/complex/algorithms/isotropic_remeshing.h:901:54:   required from ‘static bool vcg::tri::IsotropicRemeshing<TRI_MESH_TYPE>::checkCollapseFacesAroundVert1(const PosType&, VertexPair&, vcg::Point3<typename TRI_MESH_TYPE::FaceType::VertexType::ScalarType>&, Params&, bool) [with TRI_MESH_TYPE = CLEAN::Mesh; PosType = vcg::face::Pos<CLEAN::Face>; VertexPair = vcg::tri::BasicVertexPair<CLEAN::Vertex>; typename TRI_MESH_TYPE::FaceType::VertexType::ScalarType = float; typename TRI_MESH_TYPE::FaceType::VertexType = CLEAN::Vertex; typename TRI_MESH_TYPE::FaceType = CLEAN::Face; Params = vcg::tri::IsotropicRemeshing<CLEAN::Mesh>::Params]’
/root/vcglib/vcg/complex/algorithms/isotropic_remeshing.h:930:49:   required from ‘static bool vcg::tri::IsotropicRemeshing<TRI_MESH_TYPE>::testCollapse1(const PosType&, VertexPair&, vcg::Point3<typename TRI_MESH_TYPE::FaceType::VertexType::ScalarType>&, ScalarType, ScalarType, Params&, bool) [with TRI_MESH_TYPE = CLEAN::Mesh; PosType = vcg::face::Pos<CLEAN::Face>; VertexPair = vcg::tri::BasicVertexPair<CLEAN::Vertex>; typename TRI_MESH_TYPE::FaceType::VertexType::ScalarType = float; typename TRI_MESH_TYPE::FaceType::VertexType = CLEAN::Vertex; typename TRI_MESH_TYPE::FaceType = CLEAN::Face; ScalarType = float; Params = vcg::tri::IsotropicRemeshing<CLEAN::Mesh>::Params]’
/root/vcglib/vcg/complex/algorithms/isotropic_remeshing.h:998:41:   required from ‘static void vcg::tri::IsotropicRemeshing<TRI_MESH_TYPE>::CollapseShortEdges(MeshType&, Params&) [with TRI_MESH_TYPE = CLEAN::Mesh; MeshType = CLEAN::Mesh; Params = vcg::tri::IsotropicRemeshing<CLEAN::Mesh>::Params]’
/root/vcglib/vcg/complex/algorithms/isotropic_remeshing.h:309:35:   required from ‘static void vcg::tri::IsotropicRemeshing<TRI_MESH_TYPE>::Do(MeshType&, MeshType&, Params&, bool (*)(int, const char*)) [with TRI_MESH_TYPE = CLEAN::Mesh; MeshType = CLEAN::Mesh; Params = vcg::tri::IsotropicRemeshing<CLEAN::Mesh>::Params; vcg::CallBackPos = bool(int, const char*)]’
/root/openMVS/libs/MVS/Mesh.cpp:949:49:   required from here
/root/vcglib/vcg/complex/algorithms/isotropic_remeshing.h:800:17: warning: variable ‘pi’ set but not used [-Wunused-but-set-variable]
  800 |         PosType pi = p;
      |                 ^~
[ 62%] Linking CXX static library ../../lib/libMVS.a
[ 62%] Built target MVS
[ 64%] Building CXX object apps/TextureMesh/CMakeFiles/TextureMesh.dir/TextureMesh.cpp.o
[ 64%] Building CXX object apps/TransformScene/CMakeFiles/TransformScene.dir/TransformScene.cpp.o
[ 65%] Building CXX object apps/Tests/CMakeFiles/Tests.dir/Tests.cpp.o
[ 69%] Building CXX object apps/RefineMesh/CMakeFiles/RefineMesh.dir/RefineMesh.cpp.o
[ 69%] Building CXX object apps/ReconstructMesh/CMakeFiles/ReconstructMesh.dir/ReconstructMesh.cpp.o
[ 69%] Building CXX object apps/Viewer/CMakeFiles/Viewer.dir/cmake_pch.hxx.gch
[ 70%] Building CXX object libs/MVS/CMakeFiles/pyOpenMVS.dir/PythonWrapper.cpp.o
[ 72%] Building CXX object apps/InterfaceMetashape/CMakeFiles/InterfaceMetashape.dir/InterfaceMetashape.cpp.o
[ 73%] Building CXX object apps/InterfacePolycam/CMakeFiles/InterfacePolycam.dir/InterfacePolycam.cpp.o
[ 77%] Building CXX object apps/InterfaceCOLMAP/CMakeFiles/InterfaceCOLMAP.dir/InterfaceCOLMAP.cpp.o
[ 77%] Building CXX object apps/InterfaceMVSNet/CMakeFiles/InterfaceMVSNet.dir/InterfaceMVSNet.cpp.o
[ 77%] Building CXX object apps/DensifyPointCloud/CMakeFiles/DensifyPointCloud.dir/DensifyPointCloud.cpp.o
In file included from /usr/include/opencv4/opencv2/core/mat.hpp:3773,
                 from /usr/include/opencv4/opencv2/core.hpp:58,
                 from /usr/include/opencv4/opencv2/opencv.hpp:52,
                 from /root/openMVS/apps/Tests/../../libs/MVS/../Common/Types.h:148,
                 from /root/openMVS/apps/Tests/../../libs/MVS/../Common/Common.h:176,
                 from /root/openMVS/apps/Tests/../../libs/MVS/Common.h:42,
                 from /root/openMVS/apps/Tests/Tests.cpp:32:
/usr/include/opencv4/opencv2/core/mat.inl.hpp: In constructor ‘cv::_InputArray::_InputArray(const cv::Mat&)’:
/usr/include/opencv4/opencv2/core/mat.inl.hpp:103:57: warning: arithmetic between different enumeration types ‘cv::_InputArray::KindFlag’ and ‘cv::AccessFlag’ is deprecated [-Wdeprecated-enum-enum-conversion]
  103 | inline _InputArray::_InputArray(const Mat& m) { init(MAT+ACCESS_READ, &m); }
      |                                                      ~~~^~~~~~~~~~~~
/usr/include/opencv4/opencv2/core/mat.inl.hpp: In constructor ‘cv::_InputArray::_InputArray(const std::vector<cv::Mat>&)’:
/usr/include/opencv4/opencv2/core/mat.inl.hpp:104:83: warning: arithmetic between different enumeration types ‘cv::_InputArray::KindFlag’ and ‘cv::AccessFlag’ is deprecated [-Wdeprecated-enum-enum-conversion]
  104 | inline _InputArray::_InputArray(const std::vector<Mat>& vec) { init(STD_VECTOR_MAT+ACCESS_READ, &vec); }
      |                                                                     ~~~~~~~~~~~~~~^~~~~~~~~~~~
/usr/include/opencv4/opencv2/core/mat.inl.hpp: In constructor ‘cv::_InputArray::_InputArray(const cv::UMat&)’:
/usr/include/opencv4/opencv2/core/mat.inl.hpp:105:59: warning: arithmetic between different enumeration types ‘cv::_InputArray::KindFlag’ and ‘cv::AccessFlag’ is deprecated [-Wdeprecated-enum-enum-conversion]
  105 | inline _InputArray::_InputArray(const UMat& m) { init(UMAT+ACCESS_READ, &m); }
      |                                                       ~~~~^~~~~~~~~~~~
/usr/include/opencv4/opencv2/core/mat.inl.hpp: In constructor ‘cv::_InputArray::_InputArray(const std::vector<cv::UMat>&)’:
/usr/include/opencv4/opencv2/core/mat.inl.hpp:106:85: warning: arithmetic between different enumeration types ‘cv::_InputArray::KindFlag’ and ‘cv::AccessFlag’ is deprecated [-Wdeprecated-enum-enum-conversion]
  106 | inline _InputArray::_InputArray(const std::vector<UMat>& vec) { init(STD_VECTOR_UMAT+ACCESS_READ, &vec); }
      |                                                                      ~~~~~~~~~~~~~~~^~~~~~~~~~~~
/usr/include/opencv4/opencv2/core/mat.inl.hpp: In constructor ‘cv::_InputArray::_InputArray(const std::array<cv::Mat, _Nm>&)’:
/usr/include/opencv4/opencv2/core/mat.inl.hpp:118:22: warning: arithmetic between different enumeration types ‘cv::_InputArray::KindFlag’ and ‘cv::AccessFlag’ is deprecated [-Wdeprecated-enum-enum-conversion]
  118 | { init(STD_ARRAY_MAT + ACCESS_READ, arr.data(), Size(1, _Nm)); }
      |        ~~~~~~~~~~~~~~^~~~~~~~~~~~~
/usr/include/opencv4/opencv2/core/mat.inl.hpp: In constructor ‘cv::_InputArray::_InputArray(const cv::cuda::GpuMat&)’:
/usr/include/opencv4/opencv2/core/mat.inl.hpp:148:21: warning: arithmetic between different enumeration types ‘cv::_InputArray::KindFlag’ and ‘cv::AccessFlag’ is deprecated [-Wdeprecated-enum-enum-conversion]
  148 | { init(CUDA_GPU_MAT + ACCESS_READ, &d_mat); }
      |        ~~~~~~~~~~~~~^~~~~~~~~~~~~
/usr/include/opencv4/opencv2/core/mat.inl.hpp: In constructor ‘cv::_InputArray::_InputArray(const std::vector<cv::cuda::GpuMat>&)’:
/usr/include/opencv4/opencv2/core/mat.inl.hpp:151:38: warning: arithmetic between different enumeration types ‘cv::_InputArray::KindFlag’ and ‘cv::AccessFlag’ is deprecated [-Wdeprecated-enum-enum-conversion]
  151 | {       init(STD_VECTOR_CUDA_GPU_MAT + ACCESS_READ, &d_mat);}
      |              ~~~~~~~~~~~~~~~~~~~~~~~~^~~~~~~~~~~~~
/usr/include/opencv4/opencv2/core/mat.inl.hpp: In constructor ‘cv::_InputArray::_InputArray(const cv::ogl::Buffer&)’:
/usr/include/opencv4/opencv2/core/mat.inl.hpp:154:22: warning: arithmetic between different enumeration types ‘cv::_InputArray::KindFlag’ and ‘cv::AccessFlag’ is deprecated [-Wdeprecated-enum-enum-conversion]
  154 | { init(OPENGL_BUFFER + ACCESS_READ, &buf); }
      |        ~~~~~~~~~~~~~~^~~~~~~~~~~~~
/usr/include/opencv4/opencv2/core/mat.inl.hpp: In constructor ‘cv::_InputArray::_InputArray(const cv::cuda::HostMem&)’:
/usr/include/opencv4/opencv2/core/mat.inl.hpp:157:22: warning: arithmetic between different enumeration types ‘cv::_InputArray::KindFlag’ and ‘cv::AccessFlag’ is deprecated [-Wdeprecated-enum-enum-conversion]
  157 | { init(CUDA_HOST_MEM + ACCESS_READ, &cuda_mem); }
      |        ~~~~~~~~~~~~~~^~~~~~~~~~~~~
/usr/include/opencv4/opencv2/core/mat.inl.hpp: In constructor ‘cv::_OutputArray::_OutputArray()’:
/usr/include/opencv4/opencv2/core/mat.inl.hpp:200:49: warning: arithmetic between different enumeration types ‘cv::_InputArray::KindFlag’ and ‘cv::AccessFlag’ is deprecated [-Wdeprecated-enum-enum-conversion]
  200 | inline _OutputArray::_OutputArray() { init(NONE + ACCESS_WRITE, 0); }
      |                                            ~~~~~^~~~~~~~~~~~~~
/usr/include/opencv4/opencv2/core/mat.inl.hpp: In constructor ‘cv::_OutputArray::_OutputArray(cv::Mat&)’:
/usr/include/opencv4/opencv2/core/mat.inl.hpp:202:53: warning: arithmetic between different enumeration types ‘cv::_InputArray::KindFlag’ and ‘cv::AccessFlag’ is deprecated [-Wdeprecated-enum-enum-conversion]
  202 | inline _OutputArray::_OutputArray(Mat& m) { init(MAT+ACCESS_WRITE, &m); }
      |                                                  ~~~^~~~~~~~~~~~~
/usr/include/opencv4/opencv2/core/mat.inl.hpp: In constructor ‘cv::_OutputArray::_OutputArray(std::vector<cv::Mat>&)’:
/usr/include/opencv4/opencv2/core/mat.inl.hpp:203:80: warning: arithmetic between different enumeration types ‘cv::_InputArray::KindFlag’ and ‘cv::AccessFlag’ is deprecated [-Wdeprecated-enum-enum-conversion]
  203 | inline _OutputArray::_OutputArray(std::vector<Mat>& vec) { init(STD_VECTOR_MAT + ACCESS_WRITE, &vec); }
      |                                                                 ~~~~~~~~~~~~~~~^~~~~~~~~~~~~~
/usr/include/opencv4/opencv2/core/mat.inl.hpp: In constructor ‘cv::_OutputArray::_OutputArray(cv::UMat&)’:
/usr/include/opencv4/opencv2/core/mat.inl.hpp:204:56: warning: arithmetic between different enumeration types ‘cv::_InputArray::KindFlag’ and ‘cv::AccessFlag’ is deprecated [-Wdeprecated-enum-enum-conversion]
  204 | inline _OutputArray::_OutputArray(UMat& m) { init(UMAT + ACCESS_WRITE, &m); }
      |                                                   ~~~~~^~~~~~~~~~~~~~
/usr/include/opencv4/opencv2/core/mat.inl.hpp: In constructor ‘cv::_OutputArray::_OutputArray(std::vector<cv::UMat>&)’:
/usr/include/opencv4/opencv2/core/mat.inl.hpp:205:82: warning: arithmetic between different enumeration types ‘cv::_InputArray::KindFlag’ and ‘cv::AccessFlag’ is deprecated [-Wdeprecated-enum-enum-conversion]
  205 | inline _OutputArray::_OutputArray(std::vector<UMat>& vec) { init(STD_VECTOR_UMAT + ACCESS_WRITE, &vec); }
      |                                                                  ~~~~~~~~~~~~~~~~^~~~~~~~~~~~~~
/usr/include/opencv4/opencv2/core/mat.inl.hpp: In constructor ‘cv::_OutputArray::_OutputArray(std::array<cv::Mat, _Nm>&)’:
/usr/include/opencv4/opencv2/core/mat.inl.hpp:217:22: warning: arithmetic between different enumeration types ‘cv::_InputArray::KindFlag’ and ‘cv::AccessFlag’ is deprecated [-Wdeprecated-enum-enum-conversion]
  217 | { init(STD_ARRAY_MAT + ACCESS_WRITE, arr.data(), Size(1, _Nm)); }
      |        ~~~~~~~~~~~~~~^~~~~~~~~~~~~~
/usr/include/opencv4/opencv2/core/mat.inl.hpp: In constructor ‘cv::_OutputArray::_OutputArray(cv::cuda::GpuMat&)’:
/usr/include/opencv4/opencv2/core/mat.inl.hpp:272:21: warning: arithmetic between different enumeration types ‘cv::_InputArray::KindFlag’ and ‘cv::AccessFlag’ is deprecated [-Wdeprecated-enum-enum-conversion]
  272 | { init(CUDA_GPU_MAT + ACCESS_WRITE, &d_mat); }
      |        ~~~~~~~~~~~~~^~~~~~~~~~~~~~
/usr/include/opencv4/opencv2/core/mat.inl.hpp: In constructor ‘cv::_OutputArray::_OutputArray(std::vector<cv::cuda::GpuMat>&)’:
/usr/include/opencv4/opencv2/core/mat.inl.hpp:275:38: warning: arithmetic between different enumeration types ‘cv::_InputArray::KindFlag’ and ‘cv::AccessFlag’ is deprecated [-Wdeprecated-enum-enum-conversion]
  275 | {       init(STD_VECTOR_CUDA_GPU_MAT + ACCESS_WRITE, &d_mat);}
      |              ~~~~~~~~~~~~~~~~~~~~~~~~^~~~~~~~~~~~~~
/usr/include/opencv4/opencv2/core/mat.inl.hpp: In constructor ‘cv::_OutputArray::_OutputArray(cv::ogl::Buffer&)’:
/usr/include/opencv4/opencv2/core/mat.inl.hpp:278:22: warning: arithmetic between different enumeration types ‘cv::_InputArray::KindFlag’ and ‘cv::AccessFlag’ is deprecated [-Wdeprecated-enum-enum-conversion]
  278 | { init(OPENGL_BUFFER + ACCESS_WRITE, &buf); }
      |        ~~~~~~~~~~~~~~^~~~~~~~~~~~~~
/usr/include/opencv4/opencv2/core/mat.inl.hpp: In constructor ‘cv::_OutputArray::_OutputArray(cv::cuda::HostMem&)’:
/usr/include/opencv4/opencv2/core/mat.inl.hpp:281:22: warning: arithmetic between different enumeration types ‘cv::_InputArray::KindFlag’ and ‘cv::AccessFlag’ is deprecated [-Wdeprecated-enum-enum-conversion]
  281 | { init(CUDA_HOST_MEM + ACCESS_WRITE, &cuda_mem); }
      |        ~~~~~~~~~~~~~~^~~~~~~~~~~~~~
/usr/include/opencv4/opencv2/core/mat.inl.hpp: In constructor ‘cv::_InputOutputArray::_InputOutputArray(cv::Mat&)’:
/usr/include/opencv4/opencv2/core/mat.inl.hpp:328:63: warning: arithmetic between different enumeration types ‘cv::_InputArray::KindFlag’ and ‘cv::AccessFlag’ is deprecated [-Wdeprecated-enum-enum-conversion]
  328 | inline _InputOutputArray::_InputOutputArray(Mat& m) { init(MAT+ACCESS_RW, &m); }
      |                                                            ~~~^~~~~~~~~~
/usr/include/opencv4/opencv2/core/mat.inl.hpp: In constructor ‘cv::_InputOutputArray::_InputOutputArray(std::vector<cv::Mat>&)’:
/usr/include/opencv4/opencv2/core/mat.inl.hpp:329:89: warning: arithmetic between different enumeration types ‘cv::_InputArray::KindFlag’ and ‘cv::AccessFlag’ is deprecated [-Wdeprecated-enum-enum-conversion]
  329 | inline _InputOutputArray::_InputOutputArray(std::vector<Mat>& vec) { init(STD_VECTOR_MAT+ACCESS_RW, &vec); }
      |                                                                           ~~~~~~~~~~~~~~^~~~~~~~~~
/usr/include/opencv4/opencv2/core/mat.inl.hpp: In constructor ‘cv::_InputOutputArray::_InputOutputArray(cv::UMat&)’:
/usr/include/opencv4/opencv2/core/mat.inl.hpp:330:65: warning: arithmetic between different enumeration types ‘cv::_InputArray::KindFlag’ and ‘cv::AccessFlag’ is deprecated [-Wdeprecated-enum-enum-conversion]
  330 | inline _InputOutputArray::_InputOutputArray(UMat& m) { init(UMAT+ACCESS_RW, &m); }
      |                                                             ~~~~^~~~~~~~~~
/usr/include/opencv4/opencv2/core/mat.inl.hpp: In constructor ‘cv::_InputOutputArray::_InputOutputArray(std::vector<cv::UMat>&)’:
/usr/include/opencv4/opencv2/core/mat.inl.hpp:331:91: warning: arithmetic between different enumeration types ‘cv::_InputArray::KindFlag’ and ‘cv::AccessFlag’ is deprecated [-Wdeprecated-enum-enum-conversion]
  331 | inline _InputOutputArray::_InputOutputArray(std::vector<UMat>& vec) { init(STD_VECTOR_UMAT+ACCESS_RW, &vec); }
      |                                                                            ~~~~~~~~~~~~~~~^~~~~~~~~~
/usr/include/opencv4/opencv2/core/mat.inl.hpp: In constructor ‘cv::_InputOutputArray::_InputOutputArray(std::array<cv::Mat, _Nm>&)’:
/usr/include/opencv4/opencv2/core/mat.inl.hpp:343:22: warning: arithmetic between different enumeration types ‘cv::_InputArray::KindFlag’ and ‘cv::AccessFlag’ is deprecated [-Wdeprecated-enum-enum-conversion]
  343 | { init(STD_ARRAY_MAT + ACCESS_RW, arr.data(), Size(1, _Nm)); }
      |        ~~~~~~~~~~~~~~^~~~~~~~~~~
/usr/include/opencv4/opencv2/core/mat.inl.hpp: In constructor ‘cv::_InputOutputArray::_InputOutputArray(cv::cuda::GpuMat&)’:
/usr/include/opencv4/opencv2/core/mat.inl.hpp:398:21: warning: arithmetic between different enumeration types ‘cv::_InputArray::KindFlag’ and ‘cv::AccessFlag’ is deprecated [-Wdeprecated-enum-enum-conversion]
  398 | { init(CUDA_GPU_MAT + ACCESS_RW, &d_mat); }
      |        ~~~~~~~~~~~~~^~~~~~~~~~~
/usr/include/opencv4/opencv2/core/mat.inl.hpp: In constructor ‘cv::_InputOutputArray::_InputOutputArray(cv::ogl::Buffer&)’:
/usr/include/opencv4/opencv2/core/mat.inl.hpp:401:22: warning: arithmetic between different enumeration types ‘cv::_InputArray::KindFlag’ and ‘cv::AccessFlag’ is deprecated [-Wdeprecated-enum-enum-conversion]
  401 | { init(OPENGL_BUFFER + ACCESS_RW, &buf); }
      |        ~~~~~~~~~~~~~~^~~~~~~~~~~
/usr/include/opencv4/opencv2/core/mat.inl.hpp: In constructor ‘cv::_InputOutputArray::_InputOutputArray(cv::cuda::HostMem&)’:
/usr/include/opencv4/opencv2/core/mat.inl.hpp:404:22: warning: arithmetic between different enumeration types ‘cv::_InputArray::KindFlag’ and ‘cv::AccessFlag’ is deprecated [-Wdeprecated-enum-enum-conversion]
  404 | { init(CUDA_HOST_MEM + ACCESS_RW, &cuda_mem); }
      |        ~~~~~~~~~~~~~~^~~~~~~~~~~
In file included from /usr/include/opencv4/opencv2/core/mat.hpp:3773,
                 from /usr/include/opencv4/opencv2/core.hpp:58,
                 from /usr/include/opencv4/opencv2/opencv.hpp:52,
                 from /root/openMVS/apps/ReconstructMesh/../../libs/MVS/../Common/Types.h:148,
                 from /root/openMVS/apps/ReconstructMesh/../../libs/MVS/../Common/Common.h:176,
                 from /root/openMVS/apps/ReconstructMesh/../../libs/MVS/Common.h:42,
                 from /root/openMVS/apps/ReconstructMesh/ReconstructMesh.cpp:32:
/usr/include/opencv4/opencv2/core/mat.inl.hpp: In constructor ‘cv::_InputArray::_InputArray(const cv::Mat&)’:
/usr/include/opencv4/opencv2/core/mat.inl.hpp:103:57: warning: arithmetic between different enumeration types ‘cv::_InputArray::KindFlag’ and ‘cv::AccessFlag’ is deprecated [-Wdeprecated-enum-enum-conversion]
  103 | inline _InputArray::_InputArray(const Mat& m) { init(MAT+ACCESS_READ, &m); }
      |                                                      ~~~^~~~~~~~~~~~
/usr/include/opencv4/opencv2/core/mat.inl.hpp: In constructor ‘cv::_InputArray::_InputArray(const std::vector<cv::Mat>&)’:
/usr/include/opencv4/opencv2/core/mat.inl.hpp:104:83: warning: arithmetic between different enumeration types ‘cv::_InputArray::KindFlag’ and ‘cv::AccessFlag’ is deprecated [-Wdeprecated-enum-enum-conversion]
  104 | inline _InputArray::_InputArray(const std::vector<Mat>& vec) { init(STD_VECTOR_MAT+ACCESS_READ, &vec); }
      |                                                                     ~~~~~~~~~~~~~~^~~~~~~~~~~~
/usr/include/opencv4/opencv2/core/mat.inl.hpp: In constructor ‘cv::_InputArray::_InputArray(const cv::UMat&)’:
/usr/include/opencv4/opencv2/core/mat.inl.hpp:105:59: warning: arithmetic between different enumeration types ‘cv::_InputArray::KindFlag’ and ‘cv::AccessFlag’ is deprecated [-Wdeprecated-enum-enum-conversion]
  105 | inline _InputArray::_InputArray(const UMat& m) { init(UMAT+ACCESS_READ, &m); }
      |                                                       ~~~~^~~~~~~~~~~~
/usr/include/opencv4/opencv2/core/mat.inl.hpp: In constructor ‘cv::_InputArray::_InputArray(const std::vector<cv::UMat>&)’:
/usr/include/opencv4/opencv2/core/mat.inl.hpp:106:85: warning: arithmetic between different enumeration types ‘cv::_InputArray::KindFlag’ and ‘cv::AccessFlag’ is deprecated [-Wdeprecated-enum-enum-conversion]
  106 | inline _InputArray::_InputArray(const std::vector<UMat>& vec) { init(STD_VECTOR_UMAT+ACCESS_READ, &vec); }
      |                                                                      ~~~~~~~~~~~~~~~^~~~~~~~~~~~
/usr/include/opencv4/opencv2/core/mat.inl.hpp: In constructor ‘cv::_InputArray::_InputArray(const std::array<cv::Mat, _Nm>&)’:
/usr/include/opencv4/opencv2/core/mat.inl.hpp:118:22: warning: arithmetic between different enumeration types ‘cv::_InputArray::KindFlag’ and ‘cv::AccessFlag’ is deprecated [-Wdeprecated-enum-enum-conversion]
  118 | { init(STD_ARRAY_MAT + ACCESS_READ, arr.data(), Size(1, _Nm)); }
      |        ~~~~~~~~~~~~~~^~~~~~~~~~~~~
/usr/include/opencv4/opencv2/core/mat.inl.hpp: In constructor ‘cv::_InputArray::_InputArray(const cv::cuda::GpuMat&)’:
/usr/include/opencv4/opencv2/core/mat.inl.hpp:148:21: warning: arithmetic between different enumeration types ‘cv::_InputArray::KindFlag’ and ‘cv::AccessFlag’ is deprecated [-Wdeprecated-enum-enum-conversion]
  148 | { init(CUDA_GPU_MAT + ACCESS_READ, &d_mat); }
      |        ~~~~~~~~~~~~~^~~~~~~~~~~~~
/usr/include/opencv4/opencv2/core/mat.inl.hpp: In constructor ‘cv::_InputArray::_InputArray(const std::vector<cv::cuda::GpuMat>&)’:
/usr/include/opencv4/opencv2/core/mat.inl.hpp:151:38: warning: arithmetic between different enumeration types ‘cv::_InputArray::KindFlag’ and ‘cv::AccessFlag’ is deprecated [-Wdeprecated-enum-enum-conversion]
  151 | {       init(STD_VECTOR_CUDA_GPU_MAT + ACCESS_READ, &d_mat);}
      |              ~~~~~~~~~~~~~~~~~~~~~~~~^~~~~~~~~~~~~
/usr/include/opencv4/opencv2/core/mat.inl.hpp: In constructor ‘cv::_InputArray::_InputArray(const cv::ogl::Buffer&)’:
/usr/include/opencv4/opencv2/core/mat.inl.hpp:154:22: warning: arithmetic between different enumeration types ‘cv::_InputArray::KindFlag’ and ‘cv::AccessFlag’ is deprecated [-Wdeprecated-enum-enum-conversion]
  154 | { init(OPENGL_BUFFER + ACCESS_READ, &buf); }
      |        ~~~~~~~~~~~~~~^~~~~~~~~~~~~
/usr/include/opencv4/opencv2/core/mat.inl.hpp: In constructor ‘cv::_InputArray::_InputArray(const cv::cuda::HostMem&)’:
/usr/include/opencv4/opencv2/core/mat.inl.hpp:157:22: warning: arithmetic between different enumeration types ‘cv::_InputArray::KindFlag’ and ‘cv::AccessFlag’ is deprecated [-Wdeprecated-enum-enum-conversion]
  157 | { init(CUDA_HOST_MEM + ACCESS_READ, &cuda_mem); }
      |        ~~~~~~~~~~~~~~^~~~~~~~~~~~~
/usr/include/opencv4/opencv2/core/mat.inl.hpp: In constructor ‘cv::_OutputArray::_OutputArray()’:
/usr/include/opencv4/opencv2/core/mat.inl.hpp:200:49: warning: arithmetic between different enumeration types ‘cv::_InputArray::KindFlag’ and ‘cv::AccessFlag’ is deprecated [-Wdeprecated-enum-enum-conversion]
  200 | inline _OutputArray::_OutputArray() { init(NONE + ACCESS_WRITE, 0); }
      |                                            ~~~~~^~~~~~~~~~~~~~
/usr/include/opencv4/opencv2/core/mat.inl.hpp: In constructor ‘cv::_OutputArray::_OutputArray(cv::Mat&)’:
/usr/include/opencv4/opencv2/core/mat.inl.hpp:202:53: warning: arithmetic between different enumeration types ‘cv::_InputArray::KindFlag’ and ‘cv::AccessFlag’ is deprecated [-Wdeprecated-enum-enum-conversion]
  202 | inline _OutputArray::_OutputArray(Mat& m) { init(MAT+ACCESS_WRITE, &m); }
      |                                                  ~~~^~~~~~~~~~~~~
/usr/include/opencv4/opencv2/core/mat.inl.hpp: In constructor ‘cv::_OutputArray::_OutputArray(std::vector<cv::Mat>&)’:
/usr/include/opencv4/opencv2/core/mat.inl.hpp:203:80: warning: arithmetic between different enumeration types ‘cv::_InputArray::KindFlag’ and ‘cv::AccessFlag’ is deprecated [-Wdeprecated-enum-enum-conversion]
  203 | inline _OutputArray::_OutputArray(std::vector<Mat>& vec) { init(STD_VECTOR_MAT + ACCESS_WRITE, &vec); }
      |                                                                 ~~~~~~~~~~~~~~~^~~~~~~~~~~~~~
/usr/include/opencv4/opencv2/core/mat.inl.hpp: In constructor ‘cv::_OutputArray::_OutputArray(cv::UMat&)’:
/usr/include/opencv4/opencv2/core/mat.inl.hpp:204:56: warning: arithmetic between different enumeration types ‘cv::_InputArray::KindFlag’ and ‘cv::AccessFlag’ is deprecated [-Wdeprecated-enum-enum-conversion]
  204 | inline _OutputArray::_OutputArray(UMat& m) { init(UMAT + ACCESS_WRITE, &m); }
      |                                                   ~~~~~^~~~~~~~~~~~~~
/usr/include/opencv4/opencv2/core/mat.inl.hpp: In constructor ‘cv::_OutputArray::_OutputArray(std::vector<cv::UMat>&)’:
/usr/include/opencv4/opencv2/core/mat.inl.hpp:205:82: warning: arithmetic between different enumeration types ‘cv::_InputArray::KindFlag’ and ‘cv::AccessFlag’ is deprecated [-Wdeprecated-enum-enum-conversion]
  205 | inline _OutputArray::_OutputArray(std::vector<UMat>& vec) { init(STD_VECTOR_UMAT + ACCESS_WRITE, &vec); }
      |                                                                  ~~~~~~~~~~~~~~~~^~~~~~~~~~~~~~
/usr/include/opencv4/opencv2/core/mat.inl.hpp: In constructor ‘cv::_OutputArray::_OutputArray(std::array<cv::Mat, _Nm>&)’:
/usr/include/opencv4/opencv2/core/mat.inl.hpp:217:22: warning: arithmetic between different enumeration types ‘cv::_InputArray::KindFlag’ and ‘cv::AccessFlag’ is deprecated [-Wdeprecated-enum-enum-conversion]
  217 | { init(STD_ARRAY_MAT + ACCESS_WRITE, arr.data(), Size(1, _Nm)); }
      |        ~~~~~~~~~~~~~~^~~~~~~~~~~~~~
/usr/include/opencv4/opencv2/core/mat.inl.hpp: In constructor ‘cv::_OutputArray::_OutputArray(cv::cuda::GpuMat&)’:
/usr/include/opencv4/opencv2/core/mat.inl.hpp:272:21: warning: arithmetic between different enumeration types ‘cv::_InputArray::KindFlag’ and ‘cv::AccessFlag’ is deprecated [-Wdeprecated-enum-enum-conversion]
  272 | { init(CUDA_GPU_MAT + ACCESS_WRITE, &d_mat); }
      |        ~~~~~~~~~~~~~^~~~~~~~~~~~~~
/usr/include/opencv4/opencv2/core/mat.inl.hpp: In constructor ‘cv::_OutputArray::_OutputArray(std::vector<cv::cuda::GpuMat>&)’:
/usr/include/opencv4/opencv2/core/mat.inl.hpp:275:38: warning: arithmetic between different enumeration types ‘cv::_InputArray::KindFlag’ and ‘cv::AccessFlag’ is deprecated [-Wdeprecated-enum-enum-conversion]
  275 | {       init(STD_VECTOR_CUDA_GPU_MAT + ACCESS_WRITE, &d_mat);}
      |              ~~~~~~~~~~~~~~~~~~~~~~~~^~~~~~~~~~~~~~
/usr/include/opencv4/opencv2/core/mat.inl.hpp: In constructor ‘cv::_OutputArray::_OutputArray(cv::ogl::Buffer&)’:
/usr/include/opencv4/opencv2/core/mat.inl.hpp:278:22: warning: arithmetic between different enumeration types ‘cv::_InputArray::KindFlag’ and ‘cv::AccessFlag’ is deprecated [-Wdeprecated-enum-enum-conversion]
  278 | { init(OPENGL_BUFFER + ACCESS_WRITE, &buf); }
      |        ~~~~~~~~~~~~~~^~~~~~~~~~~~~~
/usr/include/opencv4/opencv2/core/mat.inl.hpp: In constructor ‘cv::_OutputArray::_OutputArray(cv::cuda::HostMem&)’:
/usr/include/opencv4/opencv2/core/mat.inl.hpp:281:22: warning: arithmetic between different enumeration types ‘cv::_InputArray::KindFlag’ and ‘cv::AccessFlag’ is deprecated [-Wdeprecated-enum-enum-conversion]
  281 | { init(CUDA_HOST_MEM + ACCESS_WRITE, &cuda_mem); }
      |        ~~~~~~~~~~~~~~^~~~~~~~~~~~~~
In file included from /usr/include/opencv4/opencv2/core/mat.hpp:3773,
                 from /usr/include/opencv4/opencv2/core.hpp:58,
                 from /usr/include/opencv4/opencv2/opencv.hpp:52,
                 from /root/openMVS/apps/RefineMesh/../../libs/MVS/../Common/Types.h:148,
                 from /root/openMVS/apps/RefineMesh/../../libs/MVS/../Common/Common.h:176,
                 from /root/openMVS/apps/RefineMesh/../../libs/MVS/Common.h:42,
                 from /root/openMVS/apps/RefineMesh/RefineMesh.cpp:32:
/usr/include/opencv4/opencv2/core/mat.inl.hpp: In constructor ‘cv::_InputArray::_InputArray(const cv::Mat&)’:
/usr/include/opencv4/opencv2/core/mat.inl.hpp:103:57: warning: arithmetic between different enumeration types ‘cv::_InputArray::KindFlag’ and ‘cv::AccessFlag’ is deprecated [-Wdeprecated-enum-enum-conversion]
  103 | inline _InputArray::_InputArray(const Mat& m) { init(MAT+ACCESS_READ, &m); }
      |                                                      ~~~^~~~~~~~~~~~
/usr/include/opencv4/opencv2/core/mat.inl.hpp: In constructor ‘cv::_InputArray::_InputArray(const std::vector<cv::Mat>&)’:
/usr/include/opencv4/opencv2/core/mat.inl.hpp:104:83: warning: arithmetic between different enumeration types ‘cv::_InputArray::KindFlag’ and ‘cv::AccessFlag’ is deprecated [-Wdeprecated-enum-enum-conversion]
  104 | inline _InputArray::_InputArray(const std::vector<Mat>& vec) { init(STD_VECTOR_MAT+ACCESS_READ, &vec); }
      |                                                                     ~~~~~~~~~~~~~~^~~~~~~~~~~~
/usr/include/opencv4/opencv2/core/mat.inl.hpp: In constructor ‘cv::_InputOutputArray::_InputOutputArray(cv::Mat&)’:
/usr/include/opencv4/opencv2/core/mat.inl.hpp:328:63: warning: arithmetic between different enumeration types ‘cv::_InputArray::KindFlag’ and ‘cv::AccessFlag’ is deprecated [-Wdeprecated-enum-enum-conversion]
  328 | inline _InputOutputArray::_InputOutputArray(Mat& m) { init(MAT+ACCESS_RW, &m); }
      |                                                            ~~~^~~~~~~~~~
/usr/include/opencv4/opencv2/core/mat.inl.hpp: In constructor ‘cv::_InputOutputArray::_InputOutputArray(std::vector<cv::Mat>&)’:
/usr/include/opencv4/opencv2/core/mat.inl.hpp:329:89: warning: arithmetic between different enumeration types ‘cv::_InputArray::KindFlag’ and ‘cv::AccessFlag’ is deprecated [-Wdeprecated-enum-enum-conversion]
  329 | inline _InputOutputArray::_InputOutputArray(std::vector<Mat>& vec) { init(STD_VECTOR_MAT+ACCESS_RW, &vec); }
      |                                                                           ~~~~~~~~~~~~~~^~~~~~~~~~
/usr/include/opencv4/opencv2/core/mat.inl.hpp: In constructor ‘cv::_InputOutputArray::_InputOutputArray(cv::UMat&)’:
/usr/include/opencv4/opencv2/core/mat.inl.hpp:330:65: warning: arithmetic between different enumeration types ‘cv::_InputArray::KindFlag’ and ‘cv::AccessFlag’ is deprecated [-Wdeprecated-enum-enum-conversion]
  330 | inline _InputOutputArray::_InputOutputArray(UMat& m) { init(UMAT+ACCESS_RW, &m); }
      |                                                             ~~~~^~~~~~~~~~
/usr/include/opencv4/opencv2/core/mat.inl.hpp: In constructor ‘cv::_InputOutputArray::_InputOutputArray(std::vector<cv::UMat>&)’:
/usr/include/opencv4/opencv2/core/mat.inl.hpp:331:91: warning: arithmetic between different enumeration types ‘cv::_InputArray::KindFlag’ and ‘cv::AccessFlag’ is deprecated [-Wdeprecated-enum-enum-conversion]
  331 | inline _InputOutputArray::_InputOutputArray(std::vector<UMat>& vec) { init(STD_VECTOR_UMAT+ACCESS_RW, &vec); }
      |                                                                            ~~~~~~~~~~~~~~~^~~~~~~~~~
/usr/include/opencv4/opencv2/core/mat.inl.hpp: In constructor ‘cv::_InputOutputArray::_InputOutputArray(std::array<cv::Mat, _Nm>&)’:
/usr/include/opencv4/opencv2/core/mat.inl.hpp:343:22: warning: arithmetic between different enumeration types ‘cv::_InputArray::KindFlag’ and ‘cv::AccessFlag’ is deprecated [-Wdeprecated-enum-enum-conversion]
  343 | { init(STD_ARRAY_MAT + ACCESS_RW, arr.data(), Size(1, _Nm)); }
      |        ~~~~~~~~~~~~~~^~~~~~~~~~~
/usr/include/opencv4/opencv2/core/mat.inl.hpp: In constructor ‘cv::_InputOutputArray::_InputOutputArray(cv::cuda::GpuMat&)’:
/usr/include/opencv4/opencv2/core/mat.inl.hpp:398:21: warning: arithmetic between different enumeration types ‘cv::_InputArray::KindFlag’ and ‘cv::AccessFlag’ is deprecated [-Wdeprecated-enum-enum-conversion]
  398 | { init(CUDA_GPU_MAT + ACCESS_RW, &d_mat); }
      |        ~~~~~~~~~~~~~^~~~~~~~~~~
/usr/include/opencv4/opencv2/core/mat.inl.hpp: In constructor ‘cv::_InputOutputArray::_InputOutputArray(cv::ogl::Buffer&)’:
/usr/include/opencv4/opencv2/core/mat.inl.hpp:401:22: warning: arithmetic between different enumeration types ‘cv::_InputArray::KindFlag’ and ‘cv::AccessFlag’ is deprecated [-Wdeprecated-enum-enum-conversion]
  401 | { init(OPENGL_BUFFER + ACCESS_RW, &buf); }
      |        ~~~~~~~~~~~~~~^~~~~~~~~~~
/usr/include/opencv4/opencv2/core/mat.inl.hpp: In constructor ‘cv::_InputArray::_InputArray(const cv::UMat&)’:
/usr/include/opencv4/opencv2/core/mat.inl.hpp:105:59: warning: arithmetic between different enumeration types ‘cv::_InputArray::KindFlag’ and ‘cv::AccessFlag’ is deprecated [-Wdeprecated-enum-enum-conversion]
  105 | inline _InputArray::_InputArray(const UMat& m) { init(UMAT+ACCESS_READ, &m); }
      |                                                       ~~~~^~~~~~~~~~~~
/usr/include/opencv4/opencv2/core/mat.inl.hpp: In constructor ‘cv::_InputOutputArray::_InputOutputArray(cv::cuda::HostMem&)’:
/usr/include/opencv4/opencv2/core/mat.inl.hpp:404:22: warning: arithmetic between different enumeration types ‘cv::_InputArray::KindFlag’ and ‘cv::AccessFlag’ is deprecated [-Wdeprecated-enum-enum-conversion]
  404 | { init(CUDA_HOST_MEM + ACCESS_RW, &cuda_mem); }
      |        ~~~~~~~~~~~~~~^~~~~~~~~~~
/usr/include/opencv4/opencv2/core/mat.inl.hpp: In constructor ‘cv::_InputArray::_InputArray(const std::vector<cv::UMat>&)’:
/usr/include/opencv4/opencv2/core/mat.inl.hpp:106:85: warning: arithmetic between different enumeration types ‘cv::_InputArray::KindFlag’ and ‘cv::AccessFlag’ is deprecated [-Wdeprecated-enum-enum-conversion]
  106 | inline _InputArray::_InputArray(const std::vector<UMat>& vec) { init(STD_VECTOR_UMAT+ACCESS_READ, &vec); }
      |                                                                      ~~~~~~~~~~~~~~~^~~~~~~~~~~~
/usr/include/opencv4/opencv2/core/mat.inl.hpp: In constructor ‘cv::_InputArray::_InputArray(const std::array<cv::Mat, _Nm>&)’:
/usr/include/opencv4/opencv2/core/mat.inl.hpp:118:22: warning: arithmetic between different enumeration types ‘cv::_InputArray::KindFlag’ and ‘cv::AccessFlag’ is deprecated [-Wdeprecated-enum-enum-conversion]
  118 | { init(STD_ARRAY_MAT + ACCESS_READ, arr.data(), Size(1, _Nm)); }
      |        ~~~~~~~~~~~~~~^~~~~~~~~~~~~
/usr/include/opencv4/opencv2/core/mat.inl.hpp: In constructor ‘cv::_InputArray::_InputArray(const cv::cuda::GpuMat&)’:
/usr/include/opencv4/opencv2/core/mat.inl.hpp:148:21: warning: arithmetic between different enumeration types ‘cv::_InputArray::KindFlag’ and ‘cv::AccessFlag’ is deprecated [-Wdeprecated-enum-enum-conversion]
  148 | { init(CUDA_GPU_MAT + ACCESS_READ, &d_mat); }
      |        ~~~~~~~~~~~~~^~~~~~~~~~~~~
/usr/include/opencv4/opencv2/core/mat.inl.hpp: In constructor ‘cv::_InputArray::_InputArray(const std::vector<cv::cuda::GpuMat>&)’:
/usr/include/opencv4/opencv2/core/mat.inl.hpp:151:38: warning: arithmetic between different enumeration types ‘cv::_InputArray::KindFlag’ and ‘cv::AccessFlag’ is deprecated [-Wdeprecated-enum-enum-conversion]
  151 | {       init(STD_VECTOR_CUDA_GPU_MAT + ACCESS_READ, &d_mat);}
      |              ~~~~~~~~~~~~~~~~~~~~~~~~^~~~~~~~~~~~~
/usr/include/opencv4/opencv2/core/mat.inl.hpp: In constructor ‘cv::_InputArray::_InputArray(const cv::ogl::Buffer&)’:
/usr/include/opencv4/opencv2/core/mat.inl.hpp:154:22: warning: arithmetic between different enumeration types ‘cv::_InputArray::KindFlag’ and ‘cv::AccessFlag’ is deprecated [-Wdeprecated-enum-enum-conversion]
  154 | { init(OPENGL_BUFFER + ACCESS_READ, &buf); }
      |        ~~~~~~~~~~~~~~^~~~~~~~~~~~~
/usr/include/opencv4/opencv2/core/mat.inl.hpp: In constructor ‘cv::_InputArray::_InputArray(const cv::cuda::HostMem&)’:
/usr/include/opencv4/opencv2/core/mat.inl.hpp:157:22: warning: arithmetic between different enumeration types ‘cv::_InputArray::KindFlag’ and ‘cv::AccessFlag’ is deprecated [-Wdeprecated-enum-enum-conversion]
  157 | { init(CUDA_HOST_MEM + ACCESS_READ, &cuda_mem); }
      |        ~~~~~~~~~~~~~~^~~~~~~~~~~~~
/usr/include/opencv4/opencv2/core/mat.inl.hpp: In constructor ‘cv::_OutputArray::_OutputArray()’:
/usr/include/opencv4/opencv2/core/mat.inl.hpp:200:49: warning: arithmetic between different enumeration types ‘cv::_InputArray::KindFlag’ and ‘cv::AccessFlag’ is deprecated [-Wdeprecated-enum-enum-conversion]
  200 | inline _OutputArray::_OutputArray() { init(NONE + ACCESS_WRITE, 0); }
      |                                            ~~~~~^~~~~~~~~~~~~~
/usr/include/opencv4/opencv2/core/mat.inl.hpp: In constructor ‘cv::_OutputArray::_OutputArray(cv::Mat&)’:
/usr/include/opencv4/opencv2/core/mat.inl.hpp:202:53: warning: arithmetic between different enumeration types ‘cv::_InputArray::KindFlag’ and ‘cv::AccessFlag’ is deprecated [-Wdeprecated-enum-enum-conversion]
  202 | inline _OutputArray::_OutputArray(Mat& m) { init(MAT+ACCESS_WRITE, &m); }
      |                                                  ~~~^~~~~~~~~~~~~
/usr/include/opencv4/opencv2/core/mat.inl.hpp: In constructor ‘cv::_OutputArray::_OutputArray(std::vector<cv::Mat>&)’:
/usr/include/opencv4/opencv2/core/mat.inl.hpp:203:80: warning: arithmetic between different enumeration types ‘cv::_InputArray::KindFlag’ and ‘cv::AccessFlag’ is deprecated [-Wdeprecated-enum-enum-conversion]
  203 | inline _OutputArray::_OutputArray(std::vector<Mat>& vec) { init(STD_VECTOR_MAT + ACCESS_WRITE, &vec); }
      |                                                                 ~~~~~~~~~~~~~~~^~~~~~~~~~~~~~
/usr/include/opencv4/opencv2/core/mat.inl.hpp: In constructor ‘cv::_OutputArray::_OutputArray(cv::UMat&)’:
/usr/include/opencv4/opencv2/core/mat.inl.hpp:204:56: warning: arithmetic between different enumeration types ‘cv::_InputArray::KindFlag’ and ‘cv::AccessFlag’ is deprecated [-Wdeprecated-enum-enum-conversion]
  204 | inline _OutputArray::_OutputArray(UMat& m) { init(UMAT + ACCESS_WRITE, &m); }
      |                                                   ~~~~~^~~~~~~~~~~~~~
/usr/include/opencv4/opencv2/core/mat.inl.hpp: In constructor ‘cv::_OutputArray::_OutputArray(std::vector<cv::UMat>&)’:
/usr/include/opencv4/opencv2/core/mat.inl.hpp:205:82: warning: arithmetic between different enumeration types ‘cv::_InputArray::KindFlag’ and ‘cv::AccessFlag’ is deprecated [-Wdeprecated-enum-enum-conversion]
  205 | inline _OutputArray::_OutputArray(std::vector<UMat>& vec) { init(STD_VECTOR_UMAT + ACCESS_WRITE, &vec); }
      |                                                                  ~~~~~~~~~~~~~~~~^~~~~~~~~~~~~~
/usr/include/opencv4/opencv2/core/mat.inl.hpp: In constructor ‘cv::_OutputArray::_OutputArray(std::array<cv::Mat, _Nm>&)’:
/usr/include/opencv4/opencv2/core/mat.inl.hpp:217:22: warning: arithmetic between different enumeration types ‘cv::_InputArray::KindFlag’ and ‘cv::AccessFlag’ is deprecated [-Wdeprecated-enum-enum-conversion]
  217 | { init(STD_ARRAY_MAT + ACCESS_WRITE, arr.data(), Size(1, _Nm)); }
      |        ~~~~~~~~~~~~~~^~~~~~~~~~~~~~
/usr/include/opencv4/opencv2/core/mat.inl.hpp: In constructor ‘cv::_OutputArray::_OutputArray(cv::cuda::GpuMat&)’:
/usr/include/opencv4/opencv2/core/mat.inl.hpp:272:21: warning: arithmetic between different enumeration types ‘cv::_InputArray::KindFlag’ and ‘cv::AccessFlag’ is deprecated [-Wdeprecated-enum-enum-conversion]
  272 | { init(CUDA_GPU_MAT + ACCESS_WRITE, &d_mat); }
      |        ~~~~~~~~~~~~~^~~~~~~~~~~~~~
/usr/include/opencv4/opencv2/core/mat.inl.hpp: In constructor ‘cv::_OutputArray::_OutputArray(std::vector<cv::cuda::GpuMat>&)’:
/usr/include/opencv4/opencv2/core/mat.inl.hpp:275:38: warning: arithmetic between different enumeration types ‘cv::_InputArray::KindFlag’ and ‘cv::AccessFlag’ is deprecated [-Wdeprecated-enum-enum-conversion]
  275 | {       init(STD_VECTOR_CUDA_GPU_MAT + ACCESS_WRITE, &d_mat);}
      |              ~~~~~~~~~~~~~~~~~~~~~~~~^~~~~~~~~~~~~~
/usr/include/opencv4/opencv2/core/mat.inl.hpp: In constructor ‘cv::_OutputArray::_OutputArray(cv::ogl::Buffer&)’:
/usr/include/opencv4/opencv2/core/mat.inl.hpp:278:22: warning: arithmetic between different enumeration types ‘cv::_InputArray::KindFlag’ and ‘cv::AccessFlag’ is deprecated [-Wdeprecated-enum-enum-conversion]
  278 | { init(OPENGL_BUFFER + ACCESS_WRITE, &buf); }
      |        ~~~~~~~~~~~~~~^~~~~~~~~~~~~~
/usr/include/opencv4/opencv2/core/mat.inl.hpp: In constructor ‘cv::_OutputArray::_OutputArray(cv::cuda::HostMem&)’:
/usr/include/opencv4/opencv2/core/mat.inl.hpp:281:22: warning: arithmetic between different enumeration types ‘cv::_InputArray::KindFlag’ and ‘cv::AccessFlag’ is deprecated [-Wdeprecated-enum-enum-conversion]
  281 | { init(CUDA_HOST_MEM + ACCESS_WRITE, &cuda_mem); }
      |        ~~~~~~~~~~~~~~^~~~~~~~~~~~~~
In file included from /usr/include/opencv4/opencv2/core/mat.hpp:3773,
                 from /usr/include/opencv4/opencv2/core.hpp:58,
                 from /usr/include/opencv4/opencv2/opencv.hpp:52,
                 from /root/openMVS/apps/TransformScene/../../libs/MVS/../Common/Types.h:148,
                 from /root/openMVS/apps/TransformScene/../../libs/MVS/../Common/Common.h:176,
                 from /root/openMVS/apps/TransformScene/../../libs/MVS/Common.h:42,
                 from /root/openMVS/apps/TransformScene/TransformScene.cpp:32:
/usr/include/opencv4/opencv2/core/mat.inl.hpp: In constructor ‘cv::_InputArray::_InputArray(const cv::Mat&)’:
/usr/include/opencv4/opencv2/core/mat.inl.hpp:103:57: warning: arithmetic between different enumeration types ‘cv::_InputArray::KindFlag’ and ‘cv::AccessFlag’ is deprecated [-Wdeprecated-enum-enum-conversion]
  103 | inline _InputArray::_InputArray(const Mat& m) { init(MAT+ACCESS_READ, &m); }
      |                                                      ~~~^~~~~~~~~~~~
/usr/include/opencv4/opencv2/core/mat.inl.hpp: In constructor ‘cv::_InputArray::_InputArray(const std::vector<cv::Mat>&)’:
/usr/include/opencv4/opencv2/core/mat.inl.hpp:104:83: warning: arithmetic between different enumeration types ‘cv::_InputArray::KindFlag’ and ‘cv::AccessFlag’ is deprecated [-Wdeprecated-enum-enum-conversion]
  104 | inline _InputArray::_InputArray(const std::vector<Mat>& vec) { init(STD_VECTOR_MAT+ACCESS_READ, &vec); }
      |                                                                     ~~~~~~~~~~~~~~^~~~~~~~~~~~
/usr/include/opencv4/opencv2/core/mat.inl.hpp: In constructor ‘cv::_InputOutputArray::_InputOutputArray(cv::Mat&)’:
/usr/include/opencv4/opencv2/core/mat.inl.hpp:328:63: warning: arithmetic between different enumeration types ‘cv::_InputArray::KindFlag’ and ‘cv::AccessFlag’ is deprecated [-Wdeprecated-enum-enum-conversion]
  328 | inline _InputOutputArray::_InputOutputArray(Mat& m) { init(MAT+ACCESS_RW, &m); }
      |                                                            ~~~^~~~~~~~~~
/usr/include/opencv4/opencv2/core/mat.inl.hpp: In constructor ‘cv::_InputOutputArray::_InputOutputArray(std::vector<cv::Mat>&)’:
/usr/include/opencv4/opencv2/core/mat.inl.hpp:329:89: warning: arithmetic between different enumeration types ‘cv::_InputArray::KindFlag’ and ‘cv::AccessFlag’ is deprecated [-Wdeprecated-enum-enum-conversion]
  329 | inline _InputOutputArray::_InputOutputArray(std::vector<Mat>& vec) { init(STD_VECTOR_MAT+ACCESS_RW, &vec); }
      |                                                                           ~~~~~~~~~~~~~~^~~~~~~~~~
/usr/include/opencv4/opencv2/core/mat.inl.hpp: In constructor ‘cv::_InputOutputArray::_InputOutputArray(cv::UMat&)’:
/usr/include/opencv4/opencv2/core/mat.inl.hpp:330:65: warning: arithmetic between different enumeration types ‘cv::_InputArray::KindFlag’ and ‘cv::AccessFlag’ is deprecated [-Wdeprecated-enum-enum-conversion]
  330 | inline _InputOutputArray::_InputOutputArray(UMat& m) { init(UMAT+ACCESS_RW, &m); }
      |                                                             ~~~~^~~~~~~~~~
/usr/include/opencv4/opencv2/core/mat.inl.hpp: In constructor ‘cv::_InputOutputArray::_InputOutputArray(std::vector<cv::UMat>&)’:
/usr/include/opencv4/opencv2/core/mat.inl.hpp:331:91: warning: arithmetic between different enumeration types ‘cv::_InputArray::KindFlag’ and ‘cv::AccessFlag’ is deprecated [-Wdeprecated-enum-enum-conversion]
  331 | inline _InputOutputArray::_InputOutputArray(std::vector<UMat>& vec) { init(STD_VECTOR_UMAT+ACCESS_RW, &vec); }
      |                                                                            ~~~~~~~~~~~~~~~^~~~~~~~~~
/usr/include/opencv4/opencv2/core/mat.inl.hpp: In constructor ‘cv::_InputOutputArray::_InputOutputArray(std::array<cv::Mat, _Nm>&)’:
/usr/include/opencv4/opencv2/core/mat.inl.hpp:343:22: warning: arithmetic between different enumeration types ‘cv::_InputArray::KindFlag’ and ‘cv::AccessFlag’ is deprecated [-Wdeprecated-enum-enum-conversion]
  343 | { init(STD_ARRAY_MAT + ACCESS_RW, arr.data(), Size(1, _Nm)); }
      |        ~~~~~~~~~~~~~~^~~~~~~~~~~
/usr/include/opencv4/opencv2/core/mat.inl.hpp: In constructor ‘cv::_InputArray::_InputArray(const cv::UMat&)’:
/usr/include/opencv4/opencv2/core/mat.inl.hpp:105:59: warning: arithmetic between different enumeration types ‘cv::_InputArray::KindFlag’ and ‘cv::AccessFlag’ is deprecated [-Wdeprecated-enum-enum-conversion]
  105 | inline _InputArray::_InputArray(const UMat& m) { init(UMAT+ACCESS_READ, &m); }
      |                                                       ~~~~^~~~~~~~~~~~
/usr/include/opencv4/opencv2/core/mat.inl.hpp: In constructor ‘cv::_InputOutputArray::_InputOutputArray(cv::cuda::GpuMat&)’:
/usr/include/opencv4/opencv2/core/mat.inl.hpp:398:21: warning: arithmetic between different enumeration types ‘cv::_InputArray::KindFlag’ and ‘cv::AccessFlag’ is deprecated [-Wdeprecated-enum-enum-conversion]
  398 | { init(CUDA_GPU_MAT + ACCESS_RW, &d_mat); }
      |        ~~~~~~~~~~~~~^~~~~~~~~~~
/usr/include/opencv4/opencv2/core/mat.inl.hpp: In constructor ‘cv::_InputArray::_InputArray(const std::vector<cv::UMat>&)’:
/usr/include/opencv4/opencv2/core/mat.inl.hpp:106:85: warning: arithmetic between different enumeration types ‘cv::_InputArray::KindFlag’ and ‘cv::AccessFlag’ is deprecated [-Wdeprecated-enum-enum-conversion]
  106 | inline _InputArray::_InputArray(const std::vector<UMat>& vec) { init(STD_VECTOR_UMAT+ACCESS_READ, &vec); }
      |                                                                      ~~~~~~~~~~~~~~~^~~~~~~~~~~~
/usr/include/opencv4/opencv2/core/mat.inl.hpp: In constructor ‘cv::_InputOutputArray::_InputOutputArray(cv::ogl::Buffer&)’:
/usr/include/opencv4/opencv2/core/mat.inl.hpp:401:22: warning: arithmetic between different enumeration types ‘cv::_InputArray::KindFlag’ and ‘cv::AccessFlag’ is deprecated [-Wdeprecated-enum-enum-conversion]
  401 | { init(OPENGL_BUFFER + ACCESS_RW, &buf); }
      |        ~~~~~~~~~~~~~~^~~~~~~~~~~
/usr/include/opencv4/opencv2/core/mat.inl.hpp: In constructor ‘cv::_InputOutputArray::_InputOutputArray(cv::cuda::HostMem&)’:
/usr/include/opencv4/opencv2/core/mat.inl.hpp:404:22: warning: arithmetic between different enumeration types ‘cv::_InputArray::KindFlag’ and ‘cv::AccessFlag’ is deprecated [-Wdeprecated-enum-enum-conversion]
  404 | { init(CUDA_HOST_MEM + ACCESS_RW, &cuda_mem); }
      |        ~~~~~~~~~~~~~~^~~~~~~~~~~
/usr/include/opencv4/opencv2/core/mat.inl.hpp: In constructor ‘cv::_InputArray::_InputArray(const std::array<cv::Mat, _Nm>&)’:
/usr/include/opencv4/opencv2/core/mat.inl.hpp:118:22: warning: arithmetic between different enumeration types ‘cv::_InputArray::KindFlag’ and ‘cv::AccessFlag’ is deprecated [-Wdeprecated-enum-enum-conversion]
  118 | { init(STD_ARRAY_MAT + ACCESS_READ, arr.data(), Size(1, _Nm)); }
      |        ~~~~~~~~~~~~~~^~~~~~~~~~~~~
/usr/include/opencv4/opencv2/core/mat.inl.hpp: In constructor ‘cv::_InputArray::_InputArray(const cv::cuda::GpuMat&)’:
/usr/include/opencv4/opencv2/core/mat.inl.hpp:148:21: warning: arithmetic between different enumeration types ‘cv::_InputArray::KindFlag’ and ‘cv::AccessFlag’ is deprecated [-Wdeprecated-enum-enum-conversion]
  148 | { init(CUDA_GPU_MAT + ACCESS_READ, &d_mat); }
      |        ~~~~~~~~~~~~~^~~~~~~~~~~~~
/usr/include/opencv4/opencv2/core/mat.inl.hpp: In constructor ‘cv::_InputArray::_InputArray(const std::vector<cv::cuda::GpuMat>&)’:
/usr/include/opencv4/opencv2/core/mat.inl.hpp:151:38: warning: arithmetic between different enumeration types ‘cv::_InputArray::KindFlag’ and ‘cv::AccessFlag’ is deprecated [-Wdeprecated-enum-enum-conversion]
  151 | {       init(STD_VECTOR_CUDA_GPU_MAT + ACCESS_READ, &d_mat);}
      |              ~~~~~~~~~~~~~~~~~~~~~~~~^~~~~~~~~~~~~
/usr/include/opencv4/opencv2/core/mat.inl.hpp: In constructor ‘cv::_InputArray::_InputArray(const cv::ogl::Buffer&)’:
/usr/include/opencv4/opencv2/core/mat.inl.hpp:154:22: warning: arithmetic between different enumeration types ‘cv::_InputArray::KindFlag’ and ‘cv::AccessFlag’ is deprecated [-Wdeprecated-enum-enum-conversion]
  154 | { init(OPENGL_BUFFER + ACCESS_READ, &buf); }
      |        ~~~~~~~~~~~~~~^~~~~~~~~~~~~
/usr/include/opencv4/opencv2/core/mat.inl.hpp: In constructor ‘cv::_InputArray::_InputArray(const cv::cuda::HostMem&)’:
/usr/include/opencv4/opencv2/core/mat.inl.hpp:157:22: warning: arithmetic between different enumeration types ‘cv::_InputArray::KindFlag’ and ‘cv::AccessFlag’ is deprecated [-Wdeprecated-enum-enum-conversion]
  157 | { init(CUDA_HOST_MEM + ACCESS_READ, &cuda_mem); }
      |        ~~~~~~~~~~~~~~^~~~~~~~~~~~~
/usr/include/opencv4/opencv2/core/mat.inl.hpp: In constructor ‘cv::_OutputArray::_OutputArray()’:
/usr/include/opencv4/opencv2/core/mat.inl.hpp:200:49: warning: arithmetic between different enumeration types ‘cv::_InputArray::KindFlag’ and ‘cv::AccessFlag’ is deprecated [-Wdeprecated-enum-enum-conversion]
  200 | inline _OutputArray::_OutputArray() { init(NONE + ACCESS_WRITE, 0); }
      |                                            ~~~~~^~~~~~~~~~~~~~
/usr/include/opencv4/opencv2/core/mat.inl.hpp: In constructor ‘cv::_OutputArray::_OutputArray(cv::Mat&)’:
/usr/include/opencv4/opencv2/core/mat.inl.hpp:202:53: warning: arithmetic between different enumeration types ‘cv::_InputArray::KindFlag’ and ‘cv::AccessFlag’ is deprecated [-Wdeprecated-enum-enum-conversion]
  202 | inline _OutputArray::_OutputArray(Mat& m) { init(MAT+ACCESS_WRITE, &m); }
      |                                                  ~~~^~~~~~~~~~~~~
/usr/include/opencv4/opencv2/core/mat.inl.hpp: In constructor ‘cv::_OutputArray::_OutputArray(std::vector<cv::Mat>&)’:
/usr/include/opencv4/opencv2/core/mat.inl.hpp:203:80: warning: arithmetic between different enumeration types ‘cv::_InputArray::KindFlag’ and ‘cv::AccessFlag’ is deprecated [-Wdeprecated-enum-enum-conversion]
  203 | inline _OutputArray::_OutputArray(std::vector<Mat>& vec) { init(STD_VECTOR_MAT + ACCESS_WRITE, &vec); }
      |                                                                 ~~~~~~~~~~~~~~~^~~~~~~~~~~~~~
/usr/include/opencv4/opencv2/core/mat.inl.hpp: In constructor ‘cv::_OutputArray::_OutputArray(cv::UMat&)’:
/usr/include/opencv4/opencv2/core/mat.inl.hpp:204:56: warning: arithmetic between different enumeration types ‘cv::_InputArray::KindFlag’ and ‘cv::AccessFlag’ is deprecated [-Wdeprecated-enum-enum-conversion]
  204 | inline _OutputArray::_OutputArray(UMat& m) { init(UMAT + ACCESS_WRITE, &m); }
      |                                                   ~~~~~^~~~~~~~~~~~~~
/usr/include/opencv4/opencv2/core/mat.inl.hpp: In constructor ‘cv::_OutputArray::_OutputArray(std::vector<cv::UMat>&)’:
/usr/include/opencv4/opencv2/core/mat.inl.hpp:205:82: warning: arithmetic between different enumeration types ‘cv::_InputArray::KindFlag’ and ‘cv::AccessFlag’ is deprecated [-Wdeprecated-enum-enum-conversion]
  205 | inline _OutputArray::_OutputArray(std::vector<UMat>& vec) { init(STD_VECTOR_UMAT + ACCESS_WRITE, &vec); }
      |                                                                  ~~~~~~~~~~~~~~~~^~~~~~~~~~~~~~
/usr/include/opencv4/opencv2/core/mat.inl.hpp: In constructor ‘cv::_OutputArray::_OutputArray(std::array<cv::Mat, _Nm>&)’:
/usr/include/opencv4/opencv2/core/mat.inl.hpp:217:22: warning: arithmetic between different enumeration types ‘cv::_InputArray::KindFlag’ and ‘cv::AccessFlag’ is deprecated [-Wdeprecated-enum-enum-conversion]
  217 | { init(STD_ARRAY_MAT + ACCESS_WRITE, arr.data(), Size(1, _Nm)); }
      |        ~~~~~~~~~~~~~~^~~~~~~~~~~~~~
/usr/include/opencv4/opencv2/core/mat.inl.hpp: In constructor ‘cv::_OutputArray::_OutputArray(cv::cuda::GpuMat&)’:
/usr/include/opencv4/opencv2/core/mat.inl.hpp:272:21: warning: arithmetic between different enumeration types ‘cv::_InputArray::KindFlag’ and ‘cv::AccessFlag’ is deprecated [-Wdeprecated-enum-enum-conversion]
  272 | { init(CUDA_GPU_MAT + ACCESS_WRITE, &d_mat); }
      |        ~~~~~~~~~~~~~^~~~~~~~~~~~~~
/usr/include/opencv4/opencv2/core/mat.inl.hpp: In constructor ‘cv::_OutputArray::_OutputArray(std::vector<cv::cuda::GpuMat>&)’:
/usr/include/opencv4/opencv2/core/mat.inl.hpp:275:38: warning: arithmetic between different enumeration types ‘cv::_InputArray::KindFlag’ and ‘cv::AccessFlag’ is deprecated [-Wdeprecated-enum-enum-conversion]
  275 | {       init(STD_VECTOR_CUDA_GPU_MAT + ACCESS_WRITE, &d_mat);}
      |              ~~~~~~~~~~~~~~~~~~~~~~~~^~~~~~~~~~~~~~
/usr/include/opencv4/opencv2/core/mat.inl.hpp: In constructor ‘cv::_OutputArray::_OutputArray(cv::ogl::Buffer&)’:
/usr/include/opencv4/opencv2/core/mat.inl.hpp:278:22: warning: arithmetic between different enumeration types ‘cv::_InputArray::KindFlag’ and ‘cv::AccessFlag’ is deprecated [-Wdeprecated-enum-enum-conversion]
  278 | { init(OPENGL_BUFFER + ACCESS_WRITE, &buf); }
      |        ~~~~~~~~~~~~~~^~~~~~~~~~~~~~
/usr/include/opencv4/opencv2/core/mat.inl.hpp: In constructor ‘cv::_OutputArray::_OutputArray(cv::cuda::HostMem&)’:
/usr/include/opencv4/opencv2/core/mat.inl.hpp:281:22: warning: arithmetic between different enumeration types ‘cv::_InputArray::KindFlag’ and ‘cv::AccessFlag’ is deprecated [-Wdeprecated-enum-enum-conversion]
  281 | { init(CUDA_HOST_MEM + ACCESS_WRITE, &cuda_mem); }
      |        ~~~~~~~~~~~~~~^~~~~~~~~~~~~~
/usr/include/opencv4/opencv2/core/mat.inl.hpp: In constructor ‘cv::_InputOutputArray::_InputOutputArray(cv::Mat&)’:
/usr/include/opencv4/opencv2/core/mat.inl.hpp:328:63: warning: arithmetic between different enumeration types ‘cv::_InputArray::KindFlag’ and ‘cv::AccessFlag’ is deprecated [-Wdeprecated-enum-enum-conversion]
  328 | inline _InputOutputArray::_InputOutputArray(Mat& m) { init(MAT+ACCESS_RW, &m); }
      |                                                            ~~~^~~~~~~~~~
/usr/include/opencv4/opencv2/core/mat.inl.hpp: In constructor ‘cv::_InputOutputArray::_InputOutputArray(std::vector<cv::Mat>&)’:
/usr/include/opencv4/opencv2/core/mat.inl.hpp:329:89: warning: arithmetic between different enumeration types ‘cv::_InputArray::KindFlag’ and ‘cv::AccessFlag’ is deprecated [-Wdeprecated-enum-enum-conversion]
  329 | inline _InputOutputArray::_InputOutputArray(std::vector<Mat>& vec) { init(STD_VECTOR_MAT+ACCESS_RW, &vec); }
      |                                                                           ~~~~~~~~~~~~~~^~~~~~~~~~
/usr/include/opencv4/opencv2/core/mat.inl.hpp: In constructor ‘cv::_InputOutputArray::_InputOutputArray(cv::UMat&)’:
/usr/include/opencv4/opencv2/core/mat.inl.hpp:330:65: warning: arithmetic between different enumeration types ‘cv::_InputArray::KindFlag’ and ‘cv::AccessFlag’ is deprecated [-Wdeprecated-enum-enum-conversion]
  330 | inline _InputOutputArray::_InputOutputArray(UMat& m) { init(UMAT+ACCESS_RW, &m); }
      |                                                             ~~~~^~~~~~~~~~
/usr/include/opencv4/opencv2/core/mat.inl.hpp: In constructor ‘cv::_InputOutputArray::_InputOutputArray(std::vector<cv::UMat>&)’:
/usr/include/opencv4/opencv2/core/mat.inl.hpp:331:91: warning: arithmetic between different enumeration types ‘cv::_InputArray::KindFlag’ and ‘cv::AccessFlag’ is deprecated [-Wdeprecated-enum-enum-conversion]
  331 | inline _InputOutputArray::_InputOutputArray(std::vector<UMat>& vec) { init(STD_VECTOR_UMAT+ACCESS_RW, &vec); }
      |                                                                            ~~~~~~~~~~~~~~~^~~~~~~~~~
/usr/include/opencv4/opencv2/core/mat.inl.hpp: In constructor ‘cv::_InputOutputArray::_InputOutputArray(std::array<cv::Mat, _Nm>&)’:
/usr/include/opencv4/opencv2/core/mat.inl.hpp:343:22: warning: arithmetic between different enumeration types ‘cv::_InputArray::KindFlag’ and ‘cv::AccessFlag’ is deprecated [-Wdeprecated-enum-enum-conversion]
  343 | { init(STD_ARRAY_MAT + ACCESS_RW, arr.data(), Size(1, _Nm)); }
      |        ~~~~~~~~~~~~~~^~~~~~~~~~~
/usr/include/opencv4/opencv2/core/mat.inl.hpp: In constructor ‘cv::_InputOutputArray::_InputOutputArray(cv::cuda::GpuMat&)’:
/usr/include/opencv4/opencv2/core/mat.inl.hpp:398:21: warning: arithmetic between different enumeration types ‘cv::_InputArray::KindFlag’ and ‘cv::AccessFlag’ is deprecated [-Wdeprecated-enum-enum-conversion]
  398 | { init(CUDA_GPU_MAT + ACCESS_RW, &d_mat); }
      |        ~~~~~~~~~~~~~^~~~~~~~~~~
/usr/include/opencv4/opencv2/core/mat.inl.hpp: In constructor ‘cv::_InputOutputArray::_InputOutputArray(cv::ogl::Buffer&)’:
/usr/include/opencv4/opencv2/core/mat.inl.hpp:401:22: warning: arithmetic between different enumeration types ‘cv::_InputArray::KindFlag’ and ‘cv::AccessFlag’ is deprecated [-Wdeprecated-enum-enum-conversion]
  401 | { init(OPENGL_BUFFER + ACCESS_RW, &buf); }
      |        ~~~~~~~~~~~~~~^~~~~~~~~~~
/usr/include/opencv4/opencv2/core/mat.inl.hpp: In constructor ‘cv::_InputOutputArray::_InputOutputArray(cv::cuda::HostMem&)’:
/usr/include/opencv4/opencv2/core/mat.inl.hpp:404:22: warning: arithmetic between different enumeration types ‘cv::_InputArray::KindFlag’ and ‘cv::AccessFlag’ is deprecated [-Wdeprecated-enum-enum-conversion]
  404 | { init(CUDA_HOST_MEM + ACCESS_RW, &cuda_mem); }
      |        ~~~~~~~~~~~~~~^~~~~~~~~~~
In file included from /usr/include/opencv4/opencv2/core/mat.hpp:3773,
                 from /usr/include/opencv4/opencv2/core.hpp:58,
                 from /usr/include/opencv4/opencv2/opencv.hpp:52,
                 from /root/openMVS/apps/InterfacePolycam/../../libs/MVS/../Common/Types.h:148,
                 from /root/openMVS/apps/InterfacePolycam/../../libs/MVS/../Common/Common.h:176,
                 from /root/openMVS/apps/InterfacePolycam/../../libs/MVS/Common.h:42,
                 from /root/openMVS/apps/InterfacePolycam/InterfacePolycam.cpp:32:
/usr/include/opencv4/opencv2/core/mat.inl.hpp: In constructor ‘cv::_InputArray::_InputArray(const cv::Mat&)’:
/usr/include/opencv4/opencv2/core/mat.inl.hpp:103:57: warning: arithmetic between different enumeration types ‘cv::_InputArray::KindFlag’ and ‘cv::AccessFlag’ is deprecated [-Wdeprecated-enum-enum-conversion]
  103 | inline _InputArray::_InputArray(const Mat& m) { init(MAT+ACCESS_READ, &m); }
      |                                                      ~~~^~~~~~~~~~~~
/usr/include/opencv4/opencv2/core/mat.inl.hpp: In constructor ‘cv::_InputArray::_InputArray(const std::vector<cv::Mat>&)’:
/usr/include/opencv4/opencv2/core/mat.inl.hpp:104:83: warning: arithmetic between different enumeration types ‘cv::_InputArray::KindFlag’ and ‘cv::AccessFlag’ is deprecated [-Wdeprecated-enum-enum-conversion]
  104 | inline _InputArray::_InputArray(const std::vector<Mat>& vec) { init(STD_VECTOR_MAT+ACCESS_READ, &vec); }
      |                                                                     ~~~~~~~~~~~~~~^~~~~~~~~~~~
/usr/include/opencv4/opencv2/core/mat.inl.hpp: In constructor ‘cv::_InputArray::_InputArray(const cv::UMat&)’:
/usr/include/opencv4/opencv2/core/mat.inl.hpp:105:59: warning: arithmetic between different enumeration types ‘cv::_InputArray::KindFlag’ and ‘cv::AccessFlag’ is deprecated [-Wdeprecated-enum-enum-conversion]
  105 | inline _InputArray::_InputArray(const UMat& m) { init(UMAT+ACCESS_READ, &m); }
      |                                                       ~~~~^~~~~~~~~~~~
/usr/include/opencv4/opencv2/core/mat.inl.hpp: In constructor ‘cv::_InputArray::_InputArray(const std::vector<cv::UMat>&)’:
/usr/include/opencv4/opencv2/core/mat.inl.hpp:106:85: warning: arithmetic between different enumeration types ‘cv::_InputArray::KindFlag’ and ‘cv::AccessFlag’ is deprecated [-Wdeprecated-enum-enum-conversion]
  106 | inline _InputArray::_InputArray(const std::vector<UMat>& vec) { init(STD_VECTOR_UMAT+ACCESS_READ, &vec); }
      |                                                                      ~~~~~~~~~~~~~~~^~~~~~~~~~~~
/usr/include/opencv4/opencv2/core/mat.inl.hpp: In constructor ‘cv::_InputArray::_InputArray(const std::array<cv::Mat, _Nm>&)’:
/usr/include/opencv4/opencv2/core/mat.inl.hpp:118:22: warning: arithmetic between different enumeration types ‘cv::_InputArray::KindFlag’ and ‘cv::AccessFlag’ is deprecated [-Wdeprecated-enum-enum-conversion]
  118 | { init(STD_ARRAY_MAT + ACCESS_READ, arr.data(), Size(1, _Nm)); }
      |        ~~~~~~~~~~~~~~^~~~~~~~~~~~~
/usr/include/opencv4/opencv2/core/mat.inl.hpp: In constructor ‘cv::_InputArray::_InputArray(const cv::cuda::GpuMat&)’:
/usr/include/opencv4/opencv2/core/mat.inl.hpp:148:21: warning: arithmetic between different enumeration types ‘cv::_InputArray::KindFlag’ and ‘cv::AccessFlag’ is deprecated [-Wdeprecated-enum-enum-conversion]
  148 | { init(CUDA_GPU_MAT + ACCESS_READ, &d_mat); }
      |        ~~~~~~~~~~~~~^~~~~~~~~~~~~
/usr/include/opencv4/opencv2/core/mat.inl.hpp: In constructor ‘cv::_InputArray::_InputArray(const std::vector<cv::cuda::GpuMat>&)’:
/usr/include/opencv4/opencv2/core/mat.inl.hpp:151:38: warning: arithmetic between different enumeration types ‘cv::_InputArray::KindFlag’ and ‘cv::AccessFlag’ is deprecated [-Wdeprecated-enum-enum-conversion]
  151 | {       init(STD_VECTOR_CUDA_GPU_MAT + ACCESS_READ, &d_mat);}
      |              ~~~~~~~~~~~~~~~~~~~~~~~~^~~~~~~~~~~~~
/usr/include/opencv4/opencv2/core/mat.inl.hpp: In constructor ‘cv::_InputArray::_InputArray(const cv::ogl::Buffer&)’:
/usr/include/opencv4/opencv2/core/mat.inl.hpp:154:22: warning: arithmetic between different enumeration types ‘cv::_InputArray::KindFlag’ and ‘cv::AccessFlag’ is deprecated [-Wdeprecated-enum-enum-conversion]
  154 | { init(OPENGL_BUFFER + ACCESS_READ, &buf); }
      |        ~~~~~~~~~~~~~~^~~~~~~~~~~~~
/usr/include/opencv4/opencv2/core/mat.inl.hpp: In constructor ‘cv::_InputArray::_InputArray(const cv::cuda::HostMem&)’:
/usr/include/opencv4/opencv2/core/mat.inl.hpp:157:22: warning: arithmetic between different enumeration types ‘cv::_InputArray::KindFlag’ and ‘cv::AccessFlag’ is deprecated [-Wdeprecated-enum-enum-conversion]
  157 | { init(CUDA_HOST_MEM + ACCESS_READ, &cuda_mem); }
      |        ~~~~~~~~~~~~~~^~~~~~~~~~~~~
/usr/include/opencv4/opencv2/core/mat.inl.hpp: In constructor ‘cv::_OutputArray::_OutputArray()’:
/usr/include/opencv4/opencv2/core/mat.inl.hpp:200:49: warning: arithmetic between different enumeration types ‘cv::_InputArray::KindFlag’ and ‘cv::AccessFlag’ is deprecated [-Wdeprecated-enum-enum-conversion]
  200 | inline _OutputArray::_OutputArray() { init(NONE + ACCESS_WRITE, 0); }
      |                                            ~~~~~^~~~~~~~~~~~~~
/usr/include/opencv4/opencv2/core/mat.inl.hpp: In constructor ‘cv::_OutputArray::_OutputArray(cv::Mat&)’:
/usr/include/opencv4/opencv2/core/mat.inl.hpp:202:53: warning: arithmetic between different enumeration types ‘cv::_InputArray::KindFlag’ and ‘cv::AccessFlag’ is deprecated [-Wdeprecated-enum-enum-conversion]
  202 | inline _OutputArray::_OutputArray(Mat& m) { init(MAT+ACCESS_WRITE, &m); }
      |                                                  ~~~^~~~~~~~~~~~~
/usr/include/opencv4/opencv2/core/mat.inl.hpp: In constructor ‘cv::_OutputArray::_OutputArray(std::vector<cv::Mat>&)’:
/usr/include/opencv4/opencv2/core/mat.inl.hpp:203:80: warning: arithmetic between different enumeration types ‘cv::_InputArray::KindFlag’ and ‘cv::AccessFlag’ is deprecated [-Wdeprecated-enum-enum-conversion]
  203 | inline _OutputArray::_OutputArray(std::vector<Mat>& vec) { init(STD_VECTOR_MAT + ACCESS_WRITE, &vec); }
      |                                                                 ~~~~~~~~~~~~~~~^~~~~~~~~~~~~~
/usr/include/opencv4/opencv2/core/mat.inl.hpp: In constructor ‘cv::_OutputArray::_OutputArray(cv::UMat&)’:
/usr/include/opencv4/opencv2/core/mat.inl.hpp:204:56: warning: arithmetic between different enumeration types ‘cv::_InputArray::KindFlag’ and ‘cv::AccessFlag’ is deprecated [-Wdeprecated-enum-enum-conversion]
  204 | inline _OutputArray::_OutputArray(UMat& m) { init(UMAT + ACCESS_WRITE, &m); }
      |                                                   ~~~~~^~~~~~~~~~~~~~
/usr/include/opencv4/opencv2/core/mat.inl.hpp: In constructor ‘cv::_OutputArray::_OutputArray(std::vector<cv::UMat>&)’:
/usr/include/opencv4/opencv2/core/mat.inl.hpp:205:82: warning: arithmetic between different enumeration types ‘cv::_InputArray::KindFlag’ and ‘cv::AccessFlag’ is deprecated [-Wdeprecated-enum-enum-conversion]
  205 | inline _OutputArray::_OutputArray(std::vector<UMat>& vec) { init(STD_VECTOR_UMAT + ACCESS_WRITE, &vec); }
      |                                                                  ~~~~~~~~~~~~~~~~^~~~~~~~~~~~~~
/usr/include/opencv4/opencv2/core/mat.inl.hpp: In constructor ‘cv::_OutputArray::_OutputArray(std::array<cv::Mat, _Nm>&)’:
/usr/include/opencv4/opencv2/core/mat.inl.hpp:217:22: warning: arithmetic between different enumeration types ‘cv::_InputArray::KindFlag’ and ‘cv::AccessFlag’ is deprecated [-Wdeprecated-enum-enum-conversion]
  217 | { init(STD_ARRAY_MAT + ACCESS_WRITE, arr.data(), Size(1, _Nm)); }
      |        ~~~~~~~~~~~~~~^~~~~~~~~~~~~~
/usr/include/opencv4/opencv2/core/mat.inl.hpp: In constructor ‘cv::_OutputArray::_OutputArray(cv::cuda::GpuMat&)’:
/usr/include/opencv4/opencv2/core/mat.inl.hpp:272:21: warning: arithmetic between different enumeration types ‘cv::_InputArray::KindFlag’ and ‘cv::AccessFlag’ is deprecated [-Wdeprecated-enum-enum-conversion]
  272 | { init(CUDA_GPU_MAT + ACCESS_WRITE, &d_mat); }
      |        ~~~~~~~~~~~~~^~~~~~~~~~~~~~
/usr/include/opencv4/opencv2/core/mat.inl.hpp: In constructor ‘cv::_OutputArray::_OutputArray(std::vector<cv::cuda::GpuMat>&)’:
/usr/include/opencv4/opencv2/core/mat.inl.hpp:275:38: warning: arithmetic between different enumeration types ‘cv::_InputArray::KindFlag’ and ‘cv::AccessFlag’ is deprecated [-Wdeprecated-enum-enum-conversion]
  275 | {       init(STD_VECTOR_CUDA_GPU_MAT + ACCESS_WRITE, &d_mat);}
      |              ~~~~~~~~~~~~~~~~~~~~~~~~^~~~~~~~~~~~~~
/usr/include/opencv4/opencv2/core/mat.inl.hpp: In constructor ‘cv::_OutputArray::_OutputArray(cv::ogl::Buffer&)’:
/usr/include/opencv4/opencv2/core/mat.inl.hpp:278:22: warning: arithmetic between different enumeration types ‘cv::_InputArray::KindFlag’ and ‘cv::AccessFlag’ is deprecated [-Wdeprecated-enum-enum-conversion]
  278 | { init(OPENGL_BUFFER + ACCESS_WRITE, &buf); }
      |        ~~~~~~~~~~~~~~^~~~~~~~~~~~~~
/usr/include/opencv4/opencv2/core/mat.inl.hpp: In constructor ‘cv::_OutputArray::_OutputArray(cv::cuda::HostMem&)’:
/usr/include/opencv4/opencv2/core/mat.inl.hpp:281:22: warning: arithmetic between different enumeration types ‘cv::_InputArray::KindFlag’ and ‘cv::AccessFlag’ is deprecated [-Wdeprecated-enum-enum-conversion]
  281 | { init(CUDA_HOST_MEM + ACCESS_WRITE, &cuda_mem); }
      |        ~~~~~~~~~~~~~~^~~~~~~~~~~~~~
/usr/include/opencv4/opencv2/core/mat.inl.hpp: In constructor ‘cv::_InputOutputArray::_InputOutputArray(cv::Mat&)’:
/usr/include/opencv4/opencv2/core/mat.inl.hpp:328:63: warning: arithmetic between different enumeration types ‘cv::_InputArray::KindFlag’ and ‘cv::AccessFlag’ is deprecated [-Wdeprecated-enum-enum-conversion]
  328 | inline _InputOutputArray::_InputOutputArray(Mat& m) { init(MAT+ACCESS_RW, &m); }
      |                                                            ~~~^~~~~~~~~~
/usr/include/opencv4/opencv2/core/mat.inl.hpp: In constructor ‘cv::_InputOutputArray::_InputOutputArray(std::vector<cv::Mat>&)’:
/usr/include/opencv4/opencv2/core/mat.inl.hpp:329:89: warning: arithmetic between different enumeration types ‘cv::_InputArray::KindFlag’ and ‘cv::AccessFlag’ is deprecated [-Wdeprecated-enum-enum-conversion]
  329 | inline _InputOutputArray::_InputOutputArray(std::vector<Mat>& vec) { init(STD_VECTOR_MAT+ACCESS_RW, &vec); }
      |                                                                           ~~~~~~~~~~~~~~^~~~~~~~~~
/usr/include/opencv4/opencv2/core/mat.inl.hpp: In constructor ‘cv::_InputOutputArray::_InputOutputArray(cv::UMat&)’:
/usr/include/opencv4/opencv2/core/mat.inl.hpp:330:65: warning: arithmetic between different enumeration types ‘cv::_InputArray::KindFlag’ and ‘cv::AccessFlag’ is deprecated [-Wdeprecated-enum-enum-conversion]
  330 | inline _InputOutputArray::_InputOutputArray(UMat& m) { init(UMAT+ACCESS_RW, &m); }
      |                                                             ~~~~^~~~~~~~~~
/usr/include/opencv4/opencv2/core/mat.inl.hpp: In constructor ‘cv::_InputOutputArray::_InputOutputArray(std::vector<cv::UMat>&)’:
/usr/include/opencv4/opencv2/core/mat.inl.hpp:331:91: warning: arithmetic between different enumeration types ‘cv::_InputArray::KindFlag’ and ‘cv::AccessFlag’ is deprecated [-Wdeprecated-enum-enum-conversion]
  331 | inline _InputOutputArray::_InputOutputArray(std::vector<UMat>& vec) { init(STD_VECTOR_UMAT+ACCESS_RW, &vec); }
      |                                                                            ~~~~~~~~~~~~~~~^~~~~~~~~~
/usr/include/opencv4/opencv2/core/mat.inl.hpp: In constructor ‘cv::_InputOutputArray::_InputOutputArray(std::array<cv::Mat, _Nm>&)’:
/usr/include/opencv4/opencv2/core/mat.inl.hpp:343:22: warning: arithmetic between different enumeration types ‘cv::_InputArray::KindFlag’ and ‘cv::AccessFlag’ is deprecated [-Wdeprecated-enum-enum-conversion]
  343 | { init(STD_ARRAY_MAT + ACCESS_RW, arr.data(), Size(1, _Nm)); }
      |        ~~~~~~~~~~~~~~^~~~~~~~~~~
/usr/include/opencv4/opencv2/core/mat.inl.hpp: In constructor ‘cv::_InputOutputArray::_InputOutputArray(cv::cuda::GpuMat&)’:
/usr/include/opencv4/opencv2/core/mat.inl.hpp:398:21: warning: arithmetic between different enumeration types ‘cv::_InputArray::KindFlag’ and ‘cv::AccessFlag’ is deprecated [-Wdeprecated-enum-enum-conversion]
  398 | { init(CUDA_GPU_MAT + ACCESS_RW, &d_mat); }
      |        ~~~~~~~~~~~~~^~~~~~~~~~~
/usr/include/opencv4/opencv2/core/mat.inl.hpp: In constructor ‘cv::_InputOutputArray::_InputOutputArray(cv::ogl::Buffer&)’:
/usr/include/opencv4/opencv2/core/mat.inl.hpp:401:22: warning: arithmetic between different enumeration types ‘cv::_InputArray::KindFlag’ and ‘cv::AccessFlag’ is deprecated [-Wdeprecated-enum-enum-conversion]
  401 | { init(OPENGL_BUFFER + ACCESS_RW, &buf); }
      |        ~~~~~~~~~~~~~~^~~~~~~~~~~
/usr/include/opencv4/opencv2/core/mat.inl.hpp: In constructor ‘cv::_InputOutputArray::_InputOutputArray(cv::cuda::HostMem&)’:
/usr/include/opencv4/opencv2/core/mat.inl.hpp:404:22: warning: arithmetic between different enumeration types ‘cv::_InputArray::KindFlag’ and ‘cv::AccessFlag’ is deprecated [-Wdeprecated-enum-enum-conversion]
  404 | { init(CUDA_HOST_MEM + ACCESS_RW, &cuda_mem); }
      |        ~~~~~~~~~~~~~~^~~~~~~~~~~
In file included from /usr/include/opencv4/opencv2/core/mat.hpp:3773,
                 from /usr/include/opencv4/opencv2/core.hpp:58,
                 from /usr/include/opencv4/opencv2/opencv.hpp:52,
                 from /root/openMVS/apps/InterfaceMVSNet/../../libs/MVS/../Common/Types.h:148,
                 from /root/openMVS/apps/InterfaceMVSNet/../../libs/MVS/../Common/Common.h:176,
                 from /root/openMVS/apps/InterfaceMVSNet/../../libs/MVS/Common.h:42,
                 from /root/openMVS/apps/InterfaceMVSNet/InterfaceMVSNet.cpp:32:
/usr/include/opencv4/opencv2/core/mat.inl.hpp: In constructor ‘cv::_InputArray::_InputArray(const cv::Mat&)’:
/usr/include/opencv4/opencv2/core/mat.inl.hpp:103:57: warning: arithmetic between different enumeration types ‘cv::_InputArray::KindFlag’ and ‘cv::AccessFlag’ is deprecated [-Wdeprecated-enum-enum-conversion]
  103 | inline _InputArray::_InputArray(const Mat& m) { init(MAT+ACCESS_READ, &m); }
      |                                                      ~~~^~~~~~~~~~~~
/usr/include/opencv4/opencv2/core/mat.inl.hpp: In constructor ‘cv::_InputArray::_InputArray(const std::vector<cv::Mat>&)’:
/usr/include/opencv4/opencv2/core/mat.inl.hpp:104:83: warning: arithmetic between different enumeration types ‘cv::_InputArray::KindFlag’ and ‘cv::AccessFlag’ is deprecated [-Wdeprecated-enum-enum-conversion]
  104 | inline _InputArray::_InputArray(const std::vector<Mat>& vec) { init(STD_VECTOR_MAT+ACCESS_READ, &vec); }
      |                                                                     ~~~~~~~~~~~~~~^~~~~~~~~~~~
/usr/include/opencv4/opencv2/core/mat.inl.hpp: In constructor ‘cv::_InputArray::_InputArray(const cv::UMat&)’:
/usr/include/opencv4/opencv2/core/mat.inl.hpp:105:59: warning: arithmetic between different enumeration types ‘cv::_InputArray::KindFlag’ and ‘cv::AccessFlag’ is deprecated [-Wdeprecated-enum-enum-conversion]
  105 | inline _InputArray::_InputArray(const UMat& m) { init(UMAT+ACCESS_READ, &m); }
      |                                                       ~~~~^~~~~~~~~~~~
/usr/include/opencv4/opencv2/core/mat.inl.hpp: In constructor ‘cv::_InputArray::_InputArray(const std::vector<cv::UMat>&)’:
/usr/include/opencv4/opencv2/core/mat.inl.hpp:106:85: warning: arithmetic between different enumeration types ‘cv::_InputArray::KindFlag’ and ‘cv::AccessFlag’ is deprecated [-Wdeprecated-enum-enum-conversion]
  106 | inline _InputArray::_InputArray(const std::vector<UMat>& vec) { init(STD_VECTOR_UMAT+ACCESS_READ, &vec); }
      |                                                                      ~~~~~~~~~~~~~~~^~~~~~~~~~~~
/usr/include/opencv4/opencv2/core/mat.inl.hpp: In constructor ‘cv::_InputArray::_InputArray(const std::array<cv::Mat, _Nm>&)’:
/usr/include/opencv4/opencv2/core/mat.inl.hpp:118:22: warning: arithmetic between different enumeration types ‘cv::_InputArray::KindFlag’ and ‘cv::AccessFlag’ is deprecated [-Wdeprecated-enum-enum-conversion]
  118 | { init(STD_ARRAY_MAT + ACCESS_READ, arr.data(), Size(1, _Nm)); }
      |        ~~~~~~~~~~~~~~^~~~~~~~~~~~~
/usr/include/opencv4/opencv2/core/mat.inl.hpp: In constructor ‘cv::_InputArray::_InputArray(const cv::cuda::GpuMat&)’:
/usr/include/opencv4/opencv2/core/mat.inl.hpp:148:21: warning: arithmetic between different enumeration types ‘cv::_InputArray::KindFlag’ and ‘cv::AccessFlag’ is deprecated [-Wdeprecated-enum-enum-conversion]
  148 | { init(CUDA_GPU_MAT + ACCESS_READ, &d_mat); }
      |        ~~~~~~~~~~~~~^~~~~~~~~~~~~
/usr/include/opencv4/opencv2/core/mat.inl.hpp: In constructor ‘cv::_InputArray::_InputArray(const std::vector<cv::cuda::GpuMat>&)’:
/usr/include/opencv4/opencv2/core/mat.inl.hpp:151:38: warning: arithmetic between different enumeration types ‘cv::_InputArray::KindFlag’ and ‘cv::AccessFlag’ is deprecated [-Wdeprecated-enum-enum-conversion]
  151 | {       init(STD_VECTOR_CUDA_GPU_MAT + ACCESS_READ, &d_mat);}
      |              ~~~~~~~~~~~~~~~~~~~~~~~~^~~~~~~~~~~~~
/usr/include/opencv4/opencv2/core/mat.inl.hpp: In constructor ‘cv::_InputArray::_InputArray(const cv::ogl::Buffer&)’:
/usr/include/opencv4/opencv2/core/mat.inl.hpp:154:22: warning: arithmetic between different enumeration types ‘cv::_InputArray::KindFlag’ and ‘cv::AccessFlag’ is deprecated [-Wdeprecated-enum-enum-conversion]
  154 | { init(OPENGL_BUFFER + ACCESS_READ, &buf); }
      |        ~~~~~~~~~~~~~~^~~~~~~~~~~~~
/usr/include/opencv4/opencv2/core/mat.inl.hpp: In constructor ‘cv::_InputArray::_InputArray(const cv::cuda::HostMem&)’:
/usr/include/opencv4/opencv2/core/mat.inl.hpp:157:22: warning: arithmetic between different enumeration types ‘cv::_InputArray::KindFlag’ and ‘cv::AccessFlag’ is deprecated [-Wdeprecated-enum-enum-conversion]
  157 | { init(CUDA_HOST_MEM + ACCESS_READ, &cuda_mem); }
      |        ~~~~~~~~~~~~~~^~~~~~~~~~~~~
/usr/include/opencv4/opencv2/core/mat.inl.hpp: In constructor ‘cv::_OutputArray::_OutputArray()’:
/usr/include/opencv4/opencv2/core/mat.inl.hpp:200:49: warning: arithmetic between different enumeration types ‘cv::_InputArray::KindFlag’ and ‘cv::AccessFlag’ is deprecated [-Wdeprecated-enum-enum-conversion]
  200 | inline _OutputArray::_OutputArray() { init(NONE + ACCESS_WRITE, 0); }
      |                                            ~~~~~^~~~~~~~~~~~~~
/usr/include/opencv4/opencv2/core/mat.inl.hpp: In constructor ‘cv::_OutputArray::_OutputArray(cv::Mat&)’:
/usr/include/opencv4/opencv2/core/mat.inl.hpp:202:53: warning: arithmetic between different enumeration types ‘cv::_InputArray::KindFlag’ and ‘cv::AccessFlag’ is deprecated [-Wdeprecated-enum-enum-conversion]
  202 | inline _OutputArray::_OutputArray(Mat& m) { init(MAT+ACCESS_WRITE, &m); }
      |                                                  ~~~^~~~~~~~~~~~~
/usr/include/opencv4/opencv2/core/mat.inl.hpp: In constructor ‘cv::_OutputArray::_OutputArray(std::vector<cv::Mat>&)’:
/usr/include/opencv4/opencv2/core/mat.inl.hpp:203:80: warning: arithmetic between different enumeration types ‘cv::_InputArray::KindFlag’ and ‘cv::AccessFlag’ is deprecated [-Wdeprecated-enum-enum-conversion]
  203 | inline _OutputArray::_OutputArray(std::vector<Mat>& vec) { init(STD_VECTOR_MAT + ACCESS_WRITE, &vec); }
      |                                                                 ~~~~~~~~~~~~~~~^~~~~~~~~~~~~~
/usr/include/opencv4/opencv2/core/mat.inl.hpp: In constructor ‘cv::_OutputArray::_OutputArray(cv::UMat&)’:
/usr/include/opencv4/opencv2/core/mat.inl.hpp:204:56: warning: arithmetic between different enumeration types ‘cv::_InputArray::KindFlag’ and ‘cv::AccessFlag’ is deprecated [-Wdeprecated-enum-enum-conversion]
  204 | inline _OutputArray::_OutputArray(UMat& m) { init(UMAT + ACCESS_WRITE, &m); }
      |                                                   ~~~~~^~~~~~~~~~~~~~
/usr/include/opencv4/opencv2/core/mat.inl.hpp: In constructor ‘cv::_OutputArray::_OutputArray(std::vector<cv::UMat>&)’:
/usr/include/opencv4/opencv2/core/mat.inl.hpp:205:82: warning: arithmetic between different enumeration types ‘cv::_InputArray::KindFlag’ and ‘cv::AccessFlag’ is deprecated [-Wdeprecated-enum-enum-conversion]
  205 | inline _OutputArray::_OutputArray(std::vector<UMat>& vec) { init(STD_VECTOR_UMAT + ACCESS_WRITE, &vec); }
      |                                                                  ~~~~~~~~~~~~~~~~^~~~~~~~~~~~~~
/usr/include/opencv4/opencv2/core/mat.inl.hpp: In constructor ‘cv::_OutputArray::_OutputArray(std::array<cv::Mat, _Nm>&)’:
/usr/include/opencv4/opencv2/core/mat.inl.hpp:217:22: warning: arithmetic between different enumeration types ‘cv::_InputArray::KindFlag’ and ‘cv::AccessFlag’ is deprecated [-Wdeprecated-enum-enum-conversion]
  217 | { init(STD_ARRAY_MAT + ACCESS_WRITE, arr.data(), Size(1, _Nm)); }
      |        ~~~~~~~~~~~~~~^~~~~~~~~~~~~~
/usr/include/opencv4/opencv2/core/mat.inl.hpp: In constructor ‘cv::_OutputArray::_OutputArray(cv::cuda::GpuMat&)’:
/usr/include/opencv4/opencv2/core/mat.inl.hpp:272:21: warning: arithmetic between different enumeration types ‘cv::_InputArray::KindFlag’ and ‘cv::AccessFlag’ is deprecated [-Wdeprecated-enum-enum-conversion]
  272 | { init(CUDA_GPU_MAT + ACCESS_WRITE, &d_mat); }
      |        ~~~~~~~~~~~~~^~~~~~~~~~~~~~
/usr/include/opencv4/opencv2/core/mat.inl.hpp: In constructor ‘cv::_OutputArray::_OutputArray(std::vector<cv::cuda::GpuMat>&)’:
/usr/include/opencv4/opencv2/core/mat.inl.hpp:275:38: warning: arithmetic between different enumeration types ‘cv::_InputArray::KindFlag’ and ‘cv::AccessFlag’ is deprecated [-Wdeprecated-enum-enum-conversion]
  275 | {       init(STD_VECTOR_CUDA_GPU_MAT + ACCESS_WRITE, &d_mat);}
      |              ~~~~~~~~~~~~~~~~~~~~~~~~^~~~~~~~~~~~~~
/usr/include/opencv4/opencv2/core/mat.inl.hpp: In constructor ‘cv::_OutputArray::_OutputArray(cv::ogl::Buffer&)’:
/usr/include/opencv4/opencv2/core/mat.inl.hpp:278:22: warning: arithmetic between different enumeration types ‘cv::_InputArray::KindFlag’ and ‘cv::AccessFlag’ is deprecated [-Wdeprecated-enum-enum-conversion]
  278 | { init(OPENGL_BUFFER + ACCESS_WRITE, &buf); }
      |        ~~~~~~~~~~~~~~^~~~~~~~~~~~~~
/usr/include/opencv4/opencv2/core/mat.inl.hpp: In constructor ‘cv::_OutputArray::_OutputArray(cv::cuda::HostMem&)’:
/usr/include/opencv4/opencv2/core/mat.inl.hpp:281:22: warning: arithmetic between different enumeration types ‘cv::_InputArray::KindFlag’ and ‘cv::AccessFlag’ is deprecated [-Wdeprecated-enum-enum-conversion]
  281 | { init(CUDA_HOST_MEM + ACCESS_WRITE, &cuda_mem); }
      |        ~~~~~~~~~~~~~~^~~~~~~~~~~~~~
/usr/include/opencv4/opencv2/core/mat.inl.hpp: In constructor ‘cv::_InputOutputArray::_InputOutputArray(cv::Mat&)’:
/usr/include/opencv4/opencv2/core/mat.inl.hpp:328:63: warning: arithmetic between different enumeration types ‘cv::_InputArray::KindFlag’ and ‘cv::AccessFlag’ is deprecated [-Wdeprecated-enum-enum-conversion]
  328 | inline _InputOutputArray::_InputOutputArray(Mat& m) { init(MAT+ACCESS_RW, &m); }
      |                                                            ~~~^~~~~~~~~~
/usr/include/opencv4/opencv2/core/mat.inl.hpp: In constructor ‘cv::_InputOutputArray::_InputOutputArray(std::vector<cv::Mat>&)’:
/usr/include/opencv4/opencv2/core/mat.inl.hpp:329:89: warning: arithmetic between different enumeration types ‘cv::_InputArray::KindFlag’ and ‘cv::AccessFlag’ is deprecated [-Wdeprecated-enum-enum-conversion]
  329 | inline _InputOutputArray::_InputOutputArray(std::vector<Mat>& vec) { init(STD_VECTOR_MAT+ACCESS_RW, &vec); }
      |                                                                           ~~~~~~~~~~~~~~^~~~~~~~~~
/usr/include/opencv4/opencv2/core/mat.inl.hpp: In constructor ‘cv::_InputOutputArray::_InputOutputArray(cv::UMat&)’:
/usr/include/opencv4/opencv2/core/mat.inl.hpp:330:65: warning: arithmetic between different enumeration types ‘cv::_InputArray::KindFlag’ and ‘cv::AccessFlag’ is deprecated [-Wdeprecated-enum-enum-conversion]
  330 | inline _InputOutputArray::_InputOutputArray(UMat& m) { init(UMAT+ACCESS_RW, &m); }
      |                                                             ~~~~^~~~~~~~~~
/usr/include/opencv4/opencv2/core/mat.inl.hpp: In constructor ‘cv::_InputOutputArray::_InputOutputArray(std::vector<cv::UMat>&)’:
/usr/include/opencv4/opencv2/core/mat.inl.hpp:331:91: warning: arithmetic between different enumeration types ‘cv::_InputArray::KindFlag’ and ‘cv::AccessFlag’ is deprecated [-Wdeprecated-enum-enum-conversion]
  331 | inline _InputOutputArray::_InputOutputArray(std::vector<UMat>& vec) { init(STD_VECTOR_UMAT+ACCESS_RW, &vec); }
      |                                                                            ~~~~~~~~~~~~~~~^~~~~~~~~~
/usr/include/opencv4/opencv2/core/mat.inl.hpp: In constructor ‘cv::_InputOutputArray::_InputOutputArray(std::array<cv::Mat, _Nm>&)’:
/usr/include/opencv4/opencv2/core/mat.inl.hpp:343:22: warning: arithmetic between different enumeration types ‘cv::_InputArray::KindFlag’ and ‘cv::AccessFlag’ is deprecated [-Wdeprecated-enum-enum-conversion]
  343 | { init(STD_ARRAY_MAT + ACCESS_RW, arr.data(), Size(1, _Nm)); }
      |        ~~~~~~~~~~~~~~^~~~~~~~~~~
/usr/include/opencv4/opencv2/core/mat.inl.hpp: In constructor ‘cv::_InputOutputArray::_InputOutputArray(cv::cuda::GpuMat&)’:
/usr/include/opencv4/opencv2/core/mat.inl.hpp:398:21: warning: arithmetic between different enumeration types ‘cv::_InputArray::KindFlag’ and ‘cv::AccessFlag’ is deprecated [-Wdeprecated-enum-enum-conversion]
  398 | { init(CUDA_GPU_MAT + ACCESS_RW, &d_mat); }
      |        ~~~~~~~~~~~~~^~~~~~~~~~~
/usr/include/opencv4/opencv2/core/mat.inl.hpp: In constructor ‘cv::_InputOutputArray::_InputOutputArray(cv::ogl::Buffer&)’:
/usr/include/opencv4/opencv2/core/mat.inl.hpp:401:22: warning: arithmetic between different enumeration types ‘cv::_InputArray::KindFlag’ and ‘cv::AccessFlag’ is deprecated [-Wdeprecated-enum-enum-conversion]
  401 | { init(OPENGL_BUFFER + ACCESS_RW, &buf); }
      |        ~~~~~~~~~~~~~~^~~~~~~~~~~
/usr/include/opencv4/opencv2/core/mat.inl.hpp: In constructor ‘cv::_InputOutputArray::_InputOutputArray(cv::cuda::HostMem&)’:
/usr/include/opencv4/opencv2/core/mat.inl.hpp:404:22: warning: arithmetic between different enumeration types ‘cv::_InputArray::KindFlag’ and ‘cv::AccessFlag’ is deprecated [-Wdeprecated-enum-enum-conversion]
  404 | { init(CUDA_HOST_MEM + ACCESS_RW, &cuda_mem); }
      |        ~~~~~~~~~~~~~~^~~~~~~~~~~
In file included from /usr/include/opencv4/opencv2/highgui.hpp:51,
                 from /usr/include/opencv4/opencv2/opencv.hpp:68:
/usr/include/opencv4/opencv2/videoio.hpp: At global scope:
/usr/include/opencv4/opencv2/videoio.hpp:306:80: warning: arithmetic between different enumeration types ‘cv::<unnamed enum>’ and ‘cv::<unnamed enum>’ is deprecated [-Wdeprecated-enum-enum-conversion]
  306 | enum { CAP_OPENNI_IMAGE_GENERATOR_PRESENT         = CAP_OPENNI_IMAGE_GENERATOR + CAP_PROP_OPENNI_GENERATOR_PRESENT,
      |                                                     ~~~~~~~~~~~~~~~~~~~~~~~~~~~^~~~~~~~~~~~~~~~~~~~~~~~~~~~~~~~~~~
/usr/include/opencv4/opencv2/videoio.hpp:307:80: warning: arithmetic between different enumeration types ‘cv::<unnamed enum>’ and ‘cv::<unnamed enum>’ is deprecated [-Wdeprecated-enum-enum-conversion]
  307 |        CAP_OPENNI_IMAGE_GENERATOR_OUTPUT_MODE     = CAP_OPENNI_IMAGE_GENERATOR + CAP_PROP_OPENNI_OUTPUT_MODE,
      |                                                     ~~~~~~~~~~~~~~~~~~~~~~~~~~~^~~~~~~~~~~~~~~~~~~~~~~~~~~~~
/usr/include/opencv4/opencv2/videoio.hpp:308:80: warning: arithmetic between different enumeration types ‘cv::<unnamed enum>’ and ‘cv::<unnamed enum>’ is deprecated [-Wdeprecated-enum-enum-conversion]
  308 |        CAP_OPENNI_DEPTH_GENERATOR_PRESENT         = CAP_OPENNI_DEPTH_GENERATOR + CAP_PROP_OPENNI_GENERATOR_PRESENT,
      |                                                     ~~~~~~~~~~~~~~~~~~~~~~~~~~~^~~~~~~~~~~~~~~~~~~~~~~~~~~~~~~~~~~
/usr/include/opencv4/opencv2/videoio.hpp:309:80: warning: arithmetic between different enumeration types ‘cv::<unnamed enum>’ and ‘cv::<unnamed enum>’ is deprecated [-Wdeprecated-enum-enum-conversion]
  309 |        CAP_OPENNI_DEPTH_GENERATOR_BASELINE        = CAP_OPENNI_DEPTH_GENERATOR + CAP_PROP_OPENNI_BASELINE,
      |                                                     ~~~~~~~~~~~~~~~~~~~~~~~~~~~^~~~~~~~~~~~~~~~~~~~~~~~~~
/usr/include/opencv4/opencv2/videoio.hpp:310:80: warning: arithmetic between different enumeration types ‘cv::<unnamed enum>’ and ‘cv::<unnamed enum>’ is deprecated [-Wdeprecated-enum-enum-conversion]
  310 |        CAP_OPENNI_DEPTH_GENERATOR_FOCAL_LENGTH    = CAP_OPENNI_DEPTH_GENERATOR + CAP_PROP_OPENNI_FOCAL_LENGTH,
      |                                                     ~~~~~~~~~~~~~~~~~~~~~~~~~~~^~~~~~~~~~~~~~~~~~~~~~~~~~~~~~
/usr/include/opencv4/opencv2/videoio.hpp:311:80: warning: arithmetic between different enumeration types ‘cv::<unnamed enum>’ and ‘cv::<unnamed enum>’ is deprecated [-Wdeprecated-enum-enum-conversion]
  311 |        CAP_OPENNI_DEPTH_GENERATOR_REGISTRATION    = CAP_OPENNI_DEPTH_GENERATOR + CAP_PROP_OPENNI_REGISTRATION,
      |                                                     ~~~~~~~~~~~~~~~~~~~~~~~~~~~^~~~~~~~~~~~~~~~~~~~~~~~~~~~~~
/usr/include/opencv4/opencv2/videoio.hpp:313:77: warning: arithmetic between different enumeration types ‘cv::<unnamed enum>’ and ‘cv::<unnamed enum>’ is deprecated [-Wdeprecated-enum-enum-conversion]
  313 |        CAP_OPENNI_IR_GENERATOR_PRESENT            = CAP_OPENNI_IR_GENERATOR + CAP_PROP_OPENNI_GENERATOR_PRESENT,
      |                                                     ~~~~~~~~~~~~~~~~~~~~~~~~^~~~~~~~~~~~~~~~~~~~~~~~~~~~~~~~~~~
In file included from /usr/include/opencv4/opencv2/core/mat.hpp:3773,
                 from /usr/include/opencv4/opencv2/core.hpp:58,
                 from /usr/include/opencv4/opencv2/opencv.hpp:52,
                 from /root/openMVS/apps/InterfaceCOLMAP/../../libs/MVS/../Common/Types.h:148,
                 from /root/openMVS/apps/InterfaceCOLMAP/../../libs/MVS/../Common/Common.h:176,
                 from /root/openMVS/apps/InterfaceCOLMAP/../../libs/MVS/Common.h:42,
                 from /root/openMVS/apps/InterfaceCOLMAP/InterfaceCOLMAP.cpp:32:
/usr/include/opencv4/opencv2/core/mat.inl.hpp: In constructor ‘cv::_InputArray::_InputArray(const cv::Mat&)’:
/usr/include/opencv4/opencv2/core/mat.inl.hpp:103:57: warning: arithmetic between different enumeration types ‘cv::_InputArray::KindFlag’ and ‘cv::AccessFlag’ is deprecated [-Wdeprecated-enum-enum-conversion]
  103 | inline _InputArray::_InputArray(const Mat& m) { init(MAT+ACCESS_READ, &m); }
      |                                                      ~~~^~~~~~~~~~~~
/usr/include/opencv4/opencv2/core/mat.inl.hpp: In constructor ‘cv::_InputArray::_InputArray(const std::vector<cv::Mat>&)’:
/usr/include/opencv4/opencv2/core/mat.inl.hpp:104:83: warning: arithmetic between different enumeration types ‘cv::_InputArray::KindFlag’ and ‘cv::AccessFlag’ is deprecated [-Wdeprecated-enum-enum-conversion]
  104 | inline _InputArray::_InputArray(const std::vector<Mat>& vec) { init(STD_VECTOR_MAT+ACCESS_READ, &vec); }
      |                                                                     ~~~~~~~~~~~~~~^~~~~~~~~~~~
/usr/include/opencv4/opencv2/core/mat.inl.hpp: In constructor ‘cv::_InputArray::_InputArray(const cv::UMat&)’:
/usr/include/opencv4/opencv2/core/mat.inl.hpp:105:59: warning: arithmetic between different enumeration types ‘cv::_InputArray::KindFlag’ and ‘cv::AccessFlag’ is deprecated [-Wdeprecated-enum-enum-conversion]
  105 | inline _InputArray::_InputArray(const UMat& m) { init(UMAT+ACCESS_READ, &m); }
      |                                                       ~~~~^~~~~~~~~~~~
/usr/include/opencv4/opencv2/core/mat.inl.hpp: In constructor ‘cv::_InputArray::_InputArray(const std::vector<cv::UMat>&)’:
/usr/include/opencv4/opencv2/core/mat.inl.hpp:106:85: warning: arithmetic between different enumeration types ‘cv::_InputArray::KindFlag’ and ‘cv::AccessFlag’ is deprecated [-Wdeprecated-enum-enum-conversion]
  106 | inline _InputArray::_InputArray(const std::vector<UMat>& vec) { init(STD_VECTOR_UMAT+ACCESS_READ, &vec); }
      |                                                                      ~~~~~~~~~~~~~~~^~~~~~~~~~~~
/usr/include/opencv4/opencv2/core/mat.inl.hpp: In constructor ‘cv::_InputArray::_InputArray(const std::array<cv::Mat, _Nm>&)’:
/usr/include/opencv4/opencv2/core/mat.inl.hpp:118:22: warning: arithmetic between different enumeration types ‘cv::_InputArray::KindFlag’ and ‘cv::AccessFlag’ is deprecated [-Wdeprecated-enum-enum-conversion]
  118 | { init(STD_ARRAY_MAT + ACCESS_READ, arr.data(), Size(1, _Nm)); }
      |        ~~~~~~~~~~~~~~^~~~~~~~~~~~~
/usr/include/opencv4/opencv2/core/mat.inl.hpp: In constructor ‘cv::_InputArray::_InputArray(const cv::cuda::GpuMat&)’:
/usr/include/opencv4/opencv2/core/mat.inl.hpp:148:21: warning: arithmetic between different enumeration types ‘cv::_InputArray::KindFlag’ and ‘cv::AccessFlag’ is deprecated [-Wdeprecated-enum-enum-conversion]
  148 | { init(CUDA_GPU_MAT + ACCESS_READ, &d_mat); }
      |        ~~~~~~~~~~~~~^~~~~~~~~~~~~
/usr/include/opencv4/opencv2/core/mat.inl.hpp: In constructor ‘cv::_InputArray::_InputArray(const std::vector<cv::cuda::GpuMat>&)’:
/usr/include/opencv4/opencv2/core/mat.inl.hpp:151:38: warning: arithmetic between different enumeration types ‘cv::_InputArray::KindFlag’ and ‘cv::AccessFlag’ is deprecated [-Wdeprecated-enum-enum-conversion]
  151 | {       init(STD_VECTOR_CUDA_GPU_MAT + ACCESS_READ, &d_mat);}
      |              ~~~~~~~~~~~~~~~~~~~~~~~~^~~~~~~~~~~~~
/usr/include/opencv4/opencv2/core/mat.inl.hpp: In constructor ‘cv::_InputArray::_InputArray(const cv::ogl::Buffer&)’:
/usr/include/opencv4/opencv2/core/mat.inl.hpp:154:22: warning: arithmetic between different enumeration types ‘cv::_InputArray::KindFlag’ and ‘cv::AccessFlag’ is deprecated [-Wdeprecated-enum-enum-conversion]
  154 | { init(OPENGL_BUFFER + ACCESS_READ, &buf); }
      |        ~~~~~~~~~~~~~~^~~~~~~~~~~~~
/usr/include/opencv4/opencv2/core/mat.inl.hpp: In constructor ‘cv::_InputArray::_InputArray(const cv::cuda::HostMem&)’:
/usr/include/opencv4/opencv2/core/mat.inl.hpp:157:22: warning: arithmetic between different enumeration types ‘cv::_InputArray::KindFlag’ and ‘cv::AccessFlag’ is deprecated [-Wdeprecated-enum-enum-conversion]
  157 | { init(CUDA_HOST_MEM + ACCESS_READ, &cuda_mem); }
      |        ~~~~~~~~~~~~~~^~~~~~~~~~~~~
/usr/include/opencv4/opencv2/core/mat.inl.hpp: In constructor ‘cv::_OutputArray::_OutputArray()’:
/usr/include/opencv4/opencv2/core/mat.inl.hpp:200:49: warning: arithmetic between different enumeration types ‘cv::_InputArray::KindFlag’ and ‘cv::AccessFlag’ is deprecated [-Wdeprecated-enum-enum-conversion]
  200 | inline _OutputArray::_OutputArray() { init(NONE + ACCESS_WRITE, 0); }
      |                                            ~~~~~^~~~~~~~~~~~~~
/usr/include/opencv4/opencv2/core/mat.inl.hpp: In constructor ‘cv::_OutputArray::_OutputArray(cv::Mat&)’:
/usr/include/opencv4/opencv2/core/mat.inl.hpp:202:53: warning: arithmetic between different enumeration types ‘cv::_InputArray::KindFlag’ and ‘cv::AccessFlag’ is deprecated [-Wdeprecated-enum-enum-conversion]
  202 | inline _OutputArray::_OutputArray(Mat& m) { init(MAT+ACCESS_WRITE, &m); }
      |                                                  ~~~^~~~~~~~~~~~~
/usr/include/opencv4/opencv2/core/mat.inl.hpp: In constructor ‘cv::_OutputArray::_OutputArray(std::vector<cv::Mat>&)’:
/usr/include/opencv4/opencv2/core/mat.inl.hpp:203:80: warning: arithmetic between different enumeration types ‘cv::_InputArray::KindFlag’ and ‘cv::AccessFlag’ is deprecated [-Wdeprecated-enum-enum-conversion]
  203 | inline _OutputArray::_OutputArray(std::vector<Mat>& vec) { init(STD_VECTOR_MAT + ACCESS_WRITE, &vec); }
      |                                                                 ~~~~~~~~~~~~~~~^~~~~~~~~~~~~~
/usr/include/opencv4/opencv2/core/mat.inl.hpp: In constructor ‘cv::_OutputArray::_OutputArray(cv::UMat&)’:
/usr/include/opencv4/opencv2/core/mat.inl.hpp:204:56: warning: arithmetic between different enumeration types ‘cv::_InputArray::KindFlag’ and ‘cv::AccessFlag’ is deprecated [-Wdeprecated-enum-enum-conversion]
  204 | inline _OutputArray::_OutputArray(UMat& m) { init(UMAT + ACCESS_WRITE, &m); }
      |                                                   ~~~~~^~~~~~~~~~~~~~
/usr/include/opencv4/opencv2/core/mat.inl.hpp: In constructor ‘cv::_OutputArray::_OutputArray(std::vector<cv::UMat>&)’:
/usr/include/opencv4/opencv2/core/mat.inl.hpp:205:82: warning: arithmetic between different enumeration types ‘cv::_InputArray::KindFlag’ and ‘cv::AccessFlag’ is deprecated [-Wdeprecated-enum-enum-conversion]
  205 | inline _OutputArray::_OutputArray(std::vector<UMat>& vec) { init(STD_VECTOR_UMAT + ACCESS_WRITE, &vec); }
      |                                                                  ~~~~~~~~~~~~~~~~^~~~~~~~~~~~~~
/usr/include/opencv4/opencv2/core/mat.inl.hpp: In constructor ‘cv::_OutputArray::_OutputArray(std::array<cv::Mat, _Nm>&)’:
/usr/include/opencv4/opencv2/core/mat.inl.hpp:217:22: warning: arithmetic between different enumeration types ‘cv::_InputArray::KindFlag’ and ‘cv::AccessFlag’ is deprecated [-Wdeprecated-enum-enum-conversion]
  217 | { init(STD_ARRAY_MAT + ACCESS_WRITE, arr.data(), Size(1, _Nm)); }
      |        ~~~~~~~~~~~~~~^~~~~~~~~~~~~~
/usr/include/opencv4/opencv2/core/mat.inl.hpp: In constructor ‘cv::_OutputArray::_OutputArray(cv::cuda::GpuMat&)’:
/usr/include/opencv4/opencv2/core/mat.inl.hpp:272:21: warning: arithmetic between different enumeration types ‘cv::_InputArray::KindFlag’ and ‘cv::AccessFlag’ is deprecated [-Wdeprecated-enum-enum-conversion]
  272 | { init(CUDA_GPU_MAT + ACCESS_WRITE, &d_mat); }
      |        ~~~~~~~~~~~~~^~~~~~~~~~~~~~
/usr/include/opencv4/opencv2/core/mat.inl.hpp: In constructor ‘cv::_OutputArray::_OutputArray(std::vector<cv::cuda::GpuMat>&)’:
/usr/include/opencv4/opencv2/core/mat.inl.hpp:275:38: warning: arithmetic between different enumeration types ‘cv::_InputArray::KindFlag’ and ‘cv::AccessFlag’ is deprecated [-Wdeprecated-enum-enum-conversion]
  275 | {       init(STD_VECTOR_CUDA_GPU_MAT + ACCESS_WRITE, &d_mat);}
      |              ~~~~~~~~~~~~~~~~~~~~~~~~^~~~~~~~~~~~~~
/usr/include/opencv4/opencv2/core/mat.inl.hpp: In constructor ‘cv::_OutputArray::_OutputArray(cv::ogl::Buffer&)’:
/usr/include/opencv4/opencv2/core/mat.inl.hpp:278:22: warning: arithmetic between different enumeration types ‘cv::_InputArray::KindFlag’ and ‘cv::AccessFlag’ is deprecated [-Wdeprecated-enum-enum-conversion]
  278 | { init(OPENGL_BUFFER + ACCESS_WRITE, &buf); }
      |        ~~~~~~~~~~~~~~^~~~~~~~~~~~~~
/usr/include/opencv4/opencv2/core/mat.inl.hpp: In constructor ‘cv::_OutputArray::_OutputArray(cv::cuda::HostMem&)’:
/usr/include/opencv4/opencv2/core/mat.inl.hpp:281:22: warning: arithmetic between different enumeration types ‘cv::_InputArray::KindFlag’ and ‘cv::AccessFlag’ is deprecated [-Wdeprecated-enum-enum-conversion]
  281 | { init(CUDA_HOST_MEM + ACCESS_WRITE, &cuda_mem); }
      |        ~~~~~~~~~~~~~~^~~~~~~~~~~~~~
/usr/include/opencv4/opencv2/core/mat.inl.hpp: In constructor ‘cv::_InputOutputArray::_InputOutputArray(cv::Mat&)’:
/usr/include/opencv4/opencv2/core/mat.inl.hpp:328:63: warning: arithmetic between different enumeration types ‘cv::_InputArray::KindFlag’ and ‘cv::AccessFlag’ is deprecated [-Wdeprecated-enum-enum-conversion]
  328 | inline _InputOutputArray::_InputOutputArray(Mat& m) { init(MAT+ACCESS_RW, &m); }
      |                                                            ~~~^~~~~~~~~~
/usr/include/opencv4/opencv2/core/mat.inl.hpp: In constructor ‘cv::_InputOutputArray::_InputOutputArray(std::vector<cv::Mat>&)’:
/usr/include/opencv4/opencv2/core/mat.inl.hpp:329:89: warning: arithmetic between different enumeration types ‘cv::_InputArray::KindFlag’ and ‘cv::AccessFlag’ is deprecated [-Wdeprecated-enum-enum-conversion]
  329 | inline _InputOutputArray::_InputOutputArray(std::vector<Mat>& vec) { init(STD_VECTOR_MAT+ACCESS_RW, &vec); }
      |                                                                           ~~~~~~~~~~~~~~^~~~~~~~~~
/usr/include/opencv4/opencv2/core/mat.inl.hpp: In constructor ‘cv::_InputOutputArray::_InputOutputArray(cv::UMat&)’:
/usr/include/opencv4/opencv2/core/mat.inl.hpp:330:65: warning: arithmetic between different enumeration types ‘cv::_InputArray::KindFlag’ and ‘cv::AccessFlag’ is deprecated [-Wdeprecated-enum-enum-conversion]
  330 | inline _InputOutputArray::_InputOutputArray(UMat& m) { init(UMAT+ACCESS_RW, &m); }
      |                                                             ~~~~^~~~~~~~~~
/usr/include/opencv4/opencv2/core/mat.inl.hpp: In constructor ‘cv::_InputOutputArray::_InputOutputArray(std::vector<cv::UMat>&)’:
/usr/include/opencv4/opencv2/core/mat.inl.hpp:331:91: warning: arithmetic between different enumeration types ‘cv::_InputArray::KindFlag’ and ‘cv::AccessFlag’ is deprecated [-Wdeprecated-enum-enum-conversion]
  331 | inline _InputOutputArray::_InputOutputArray(std::vector<UMat>& vec) { init(STD_VECTOR_UMAT+ACCESS_RW, &vec); }
      |                                                                            ~~~~~~~~~~~~~~~^~~~~~~~~~
/usr/include/opencv4/opencv2/core/mat.inl.hpp: In constructor ‘cv::_InputOutputArray::_InputOutputArray(std::array<cv::Mat, _Nm>&)’:
/usr/include/opencv4/opencv2/core/mat.inl.hpp:343:22: warning: arithmetic between different enumeration types ‘cv::_InputArray::KindFlag’ and ‘cv::AccessFlag’ is deprecated [-Wdeprecated-enum-enum-conversion]
  343 | { init(STD_ARRAY_MAT + ACCESS_RW, arr.data(), Size(1, _Nm)); }
      |        ~~~~~~~~~~~~~~^~~~~~~~~~~
/usr/include/opencv4/opencv2/core/mat.inl.hpp: In constructor ‘cv::_InputOutputArray::_InputOutputArray(cv::cuda::GpuMat&)’:
/usr/include/opencv4/opencv2/core/mat.inl.hpp:398:21: warning: arithmetic between different enumeration types ‘cv::_InputArray::KindFlag’ and ‘cv::AccessFlag’ is deprecated [-Wdeprecated-enum-enum-conversion]
  398 | { init(CUDA_GPU_MAT + ACCESS_RW, &d_mat); }
      |        ~~~~~~~~~~~~~^~~~~~~~~~~
/usr/include/opencv4/opencv2/core/mat.inl.hpp: In constructor ‘cv::_InputOutputArray::_InputOutputArray(cv::ogl::Buffer&)’:
/usr/include/opencv4/opencv2/core/mat.inl.hpp:401:22: warning: arithmetic between different enumeration types ‘cv::_InputArray::KindFlag’ and ‘cv::AccessFlag’ is deprecated [-Wdeprecated-enum-enum-conversion]
  401 | { init(OPENGL_BUFFER + ACCESS_RW, &buf); }
      |        ~~~~~~~~~~~~~~^~~~~~~~~~~
/usr/include/opencv4/opencv2/core/mat.inl.hpp: In constructor ‘cv::_InputOutputArray::_InputOutputArray(cv::cuda::HostMem&)’:
/usr/include/opencv4/opencv2/core/mat.inl.hpp:404:22: warning: arithmetic between different enumeration types ‘cv::_InputArray::KindFlag’ and ‘cv::AccessFlag’ is deprecated [-Wdeprecated-enum-enum-conversion]
  404 | { init(CUDA_HOST_MEM + ACCESS_RW, &cuda_mem); }
      |        ~~~~~~~~~~~~~~^~~~~~~~~~~
In file included from /usr/include/opencv4/opencv2/core/mat.hpp:3773,
                 from /usr/include/opencv4/opencv2/core.hpp:58,
                 from /usr/include/opencv4/opencv2/opencv.hpp:52,
                 from /root/openMVS/apps/InterfaceMetashape/../../libs/MVS/../Common/Types.h:148,
                 from /root/openMVS/apps/InterfaceMetashape/../../libs/MVS/../Common/Common.h:176,
                 from /root/openMVS/apps/InterfaceMetashape/../../libs/MVS/Common.h:42,
                 from /root/openMVS/apps/InterfaceMetashape/InterfaceMetashape.cpp:32:
/usr/include/opencv4/opencv2/core/mat.inl.hpp: In constructor ‘cv::_InputArray::_InputArray(const cv::Mat&)’:
/usr/include/opencv4/opencv2/core/mat.inl.hpp:103:57: warning: arithmetic between different enumeration types ‘cv::_InputArray::KindFlag’ and ‘cv::AccessFlag’ is deprecated [-Wdeprecated-enum-enum-conversion]
  103 | inline _InputArray::_InputArray(const Mat& m) { init(MAT+ACCESS_READ, &m); }
      |                                                      ~~~^~~~~~~~~~~~
/usr/include/opencv4/opencv2/core/mat.inl.hpp: In constructor ‘cv::_InputArray::_InputArray(const std::vector<cv::Mat>&)’:
/usr/include/opencv4/opencv2/core/mat.inl.hpp:104:83: warning: arithmetic between different enumeration types ‘cv::_InputArray::KindFlag’ and ‘cv::AccessFlag’ is deprecated [-Wdeprecated-enum-enum-conversion]
  104 | inline _InputArray::_InputArray(const std::vector<Mat>& vec) { init(STD_VECTOR_MAT+ACCESS_READ, &vec); }
      |                                                                     ~~~~~~~~~~~~~~^~~~~~~~~~~~
/usr/include/opencv4/opencv2/core/mat.inl.hpp: In constructor ‘cv::_InputArray::_InputArray(const cv::UMat&)’:
/usr/include/opencv4/opencv2/core/mat.inl.hpp:105:59: warning: arithmetic between different enumeration types ‘cv::_InputArray::KindFlag’ and ‘cv::AccessFlag’ is deprecated [-Wdeprecated-enum-enum-conversion]
  105 | inline _InputArray::_InputArray(const UMat& m) { init(UMAT+ACCESS_READ, &m); }
      |                                                       ~~~~^~~~~~~~~~~~
/usr/include/opencv4/opencv2/core/mat.inl.hpp: In constructor ‘cv::_InputArray::_InputArray(const std::vector<cv::UMat>&)’:
/usr/include/opencv4/opencv2/core/mat.inl.hpp:106:85: warning: arithmetic between different enumeration types ‘cv::_InputArray::KindFlag’ and ‘cv::AccessFlag’ is deprecated [-Wdeprecated-enum-enum-conversion]
  106 | inline _InputArray::_InputArray(const std::vector<UMat>& vec) { init(STD_VECTOR_UMAT+ACCESS_READ, &vec); }
      |                                                                      ~~~~~~~~~~~~~~~^~~~~~~~~~~~
/usr/include/opencv4/opencv2/core/mat.inl.hpp: In constructor ‘cv::_InputArray::_InputArray(const std::array<cv::Mat, _Nm>&)’:
/usr/include/opencv4/opencv2/core/mat.inl.hpp:118:22: warning: arithmetic between different enumeration types ‘cv::_InputArray::KindFlag’ and ‘cv::AccessFlag’ is deprecated [-Wdeprecated-enum-enum-conversion]
  118 | { init(STD_ARRAY_MAT + ACCESS_READ, arr.data(), Size(1, _Nm)); }
      |        ~~~~~~~~~~~~~~^~~~~~~~~~~~~
/usr/include/opencv4/opencv2/core/mat.inl.hpp: In constructor ‘cv::_InputArray::_InputArray(const cv::cuda::GpuMat&)’:
/usr/include/opencv4/opencv2/core/mat.inl.hpp:148:21: warning: arithmetic between different enumeration types ‘cv::_InputArray::KindFlag’ and ‘cv::AccessFlag’ is deprecated [-Wdeprecated-enum-enum-conversion]
  148 | { init(CUDA_GPU_MAT + ACCESS_READ, &d_mat); }
      |        ~~~~~~~~~~~~~^~~~~~~~~~~~~
/usr/include/opencv4/opencv2/core/mat.inl.hpp: In constructor ‘cv::_InputArray::_InputArray(const std::vector<cv::cuda::GpuMat>&)’:
/usr/include/opencv4/opencv2/core/mat.inl.hpp:151:38: warning: arithmetic between different enumeration types ‘cv::_InputArray::KindFlag’ and ‘cv::AccessFlag’ is deprecated [-Wdeprecated-enum-enum-conversion]
  151 | {       init(STD_VECTOR_CUDA_GPU_MAT + ACCESS_READ, &d_mat);}
      |              ~~~~~~~~~~~~~~~~~~~~~~~~^~~~~~~~~~~~~
/usr/include/opencv4/opencv2/core/mat.inl.hpp: In constructor ‘cv::_InputArray::_InputArray(const cv::ogl::Buffer&)’:
/usr/include/opencv4/opencv2/core/mat.inl.hpp:154:22: warning: arithmetic between different enumeration types ‘cv::_InputArray::KindFlag’ and ‘cv::AccessFlag’ is deprecated [-Wdeprecated-enum-enum-conversion]
  154 | { init(OPENGL_BUFFER + ACCESS_READ, &buf); }
      |        ~~~~~~~~~~~~~~^~~~~~~~~~~~~
/usr/include/opencv4/opencv2/core/mat.inl.hpp: In constructor ‘cv::_InputArray::_InputArray(const cv::cuda::HostMem&)’:
/usr/include/opencv4/opencv2/core/mat.inl.hpp:157:22: warning: arithmetic between different enumeration types ‘cv::_InputArray::KindFlag’ and ‘cv::AccessFlag’ is deprecated [-Wdeprecated-enum-enum-conversion]
  157 | { init(CUDA_HOST_MEM + ACCESS_READ, &cuda_mem); }
      |        ~~~~~~~~~~~~~~^~~~~~~~~~~~~
/usr/include/opencv4/opencv2/core/mat.inl.hpp: In constructor ‘cv::_OutputArray::_OutputArray()’:
/usr/include/opencv4/opencv2/core/mat.inl.hpp:200:49: warning: arithmetic between different enumeration types ‘cv::_InputArray::KindFlag’ and ‘cv::AccessFlag’ is deprecated [-Wdeprecated-enum-enum-conversion]
  200 | inline _OutputArray::_OutputArray() { init(NONE + ACCESS_WRITE, 0); }
      |                                            ~~~~~^~~~~~~~~~~~~~
/usr/include/opencv4/opencv2/core/mat.inl.hpp: In constructor ‘cv::_OutputArray::_OutputArray(cv::Mat&)’:
/usr/include/opencv4/opencv2/core/mat.inl.hpp:202:53: warning: arithmetic between different enumeration types ‘cv::_InputArray::KindFlag’ and ‘cv::AccessFlag’ is deprecated [-Wdeprecated-enum-enum-conversion]
  202 | inline _OutputArray::_OutputArray(Mat& m) { init(MAT+ACCESS_WRITE, &m); }
      |                                                  ~~~^~~~~~~~~~~~~
/usr/include/opencv4/opencv2/core/mat.inl.hpp: In constructor ‘cv::_OutputArray::_OutputArray(std::vector<cv::Mat>&)’:
/usr/include/opencv4/opencv2/core/mat.inl.hpp:203:80: warning: arithmetic between different enumeration types ‘cv::_InputArray::KindFlag’ and ‘cv::AccessFlag’ is deprecated [-Wdeprecated-enum-enum-conversion]
  203 | inline _OutputArray::_OutputArray(std::vector<Mat>& vec) { init(STD_VECTOR_MAT + ACCESS_WRITE, &vec); }
      |                                                                 ~~~~~~~~~~~~~~~^~~~~~~~~~~~~~
/usr/include/opencv4/opencv2/core/mat.inl.hpp: In constructor ‘cv::_OutputArray::_OutputArray(cv::UMat&)’:
/usr/include/opencv4/opencv2/core/mat.inl.hpp:204:56: warning: arithmetic between different enumeration types ‘cv::_InputArray::KindFlag’ and ‘cv::AccessFlag’ is deprecated [-Wdeprecated-enum-enum-conversion]
  204 | inline _OutputArray::_OutputArray(UMat& m) { init(UMAT + ACCESS_WRITE, &m); }
      |                                                   ~~~~~^~~~~~~~~~~~~~
/usr/include/opencv4/opencv2/core/mat.inl.hpp: In constructor ‘cv::_OutputArray::_OutputArray(std::vector<cv::UMat>&)’:
/usr/include/opencv4/opencv2/core/mat.inl.hpp:205:82: warning: arithmetic between different enumeration types ‘cv::_InputArray::KindFlag’ and ‘cv::AccessFlag’ is deprecated [-Wdeprecated-enum-enum-conversion]
  205 | inline _OutputArray::_OutputArray(std::vector<UMat>& vec) { init(STD_VECTOR_UMAT + ACCESS_WRITE, &vec); }
      |                                                                  ~~~~~~~~~~~~~~~~^~~~~~~~~~~~~~
/usr/include/opencv4/opencv2/core/mat.inl.hpp: In constructor ‘cv::_OutputArray::_OutputArray(std::array<cv::Mat, _Nm>&)’:
/usr/include/opencv4/opencv2/core/mat.inl.hpp:217:22: warning: arithmetic between different enumeration types ‘cv::_InputArray::KindFlag’ and ‘cv::AccessFlag’ is deprecated [-Wdeprecated-enum-enum-conversion]
  217 | { init(STD_ARRAY_MAT + ACCESS_WRITE, arr.data(), Size(1, _Nm)); }
      |        ~~~~~~~~~~~~~~^~~~~~~~~~~~~~
/usr/include/opencv4/opencv2/core/mat.inl.hpp: In constructor ‘cv::_OutputArray::_OutputArray(cv::cuda::GpuMat&)’:
/usr/include/opencv4/opencv2/core/mat.inl.hpp:272:21: warning: arithmetic between different enumeration types ‘cv::_InputArray::KindFlag’ and ‘cv::AccessFlag’ is deprecated [-Wdeprecated-enum-enum-conversion]
  272 | { init(CUDA_GPU_MAT + ACCESS_WRITE, &d_mat); }
      |        ~~~~~~~~~~~~~^~~~~~~~~~~~~~
/usr/include/opencv4/opencv2/core/mat.inl.hpp: In constructor ‘cv::_OutputArray::_OutputArray(std::vector<cv::cuda::GpuMat>&)’:
/usr/include/opencv4/opencv2/core/mat.inl.hpp:275:38: warning: arithmetic between different enumeration types ‘cv::_InputArray::KindFlag’ and ‘cv::AccessFlag’ is deprecated [-Wdeprecated-enum-enum-conversion]
  275 | {       init(STD_VECTOR_CUDA_GPU_MAT + ACCESS_WRITE, &d_mat);}
      |              ~~~~~~~~~~~~~~~~~~~~~~~~^~~~~~~~~~~~~~
/usr/include/opencv4/opencv2/core/mat.inl.hpp: In constructor ‘cv::_OutputArray::_OutputArray(cv::ogl::Buffer&)’:
/usr/include/opencv4/opencv2/core/mat.inl.hpp:278:22: warning: arithmetic between different enumeration types ‘cv::_InputArray::KindFlag’ and ‘cv::AccessFlag’ is deprecated [-Wdeprecated-enum-enum-conversion]
  278 | { init(OPENGL_BUFFER + ACCESS_WRITE, &buf); }
      |        ~~~~~~~~~~~~~~^~~~~~~~~~~~~~
/usr/include/opencv4/opencv2/core/mat.inl.hpp: In constructor ‘cv::_OutputArray::_OutputArray(cv::cuda::HostMem&)’:
/usr/include/opencv4/opencv2/core/mat.inl.hpp:281:22: warning: arithmetic between different enumeration types ‘cv::_InputArray::KindFlag’ and ‘cv::AccessFlag’ is deprecated [-Wdeprecated-enum-enum-conversion]
  281 | { init(CUDA_HOST_MEM + ACCESS_WRITE, &cuda_mem); }
      |        ~~~~~~~~~~~~~~^~~~~~~~~~~~~~
/usr/include/opencv4/opencv2/core/mat.inl.hpp: In constructor ‘cv::_InputOutputArray::_InputOutputArray(cv::Mat&)’:
/usr/include/opencv4/opencv2/core/mat.inl.hpp:328:63: warning: arithmetic between different enumeration types ‘cv::_InputArray::KindFlag’ and ‘cv::AccessFlag’ is deprecated [-Wdeprecated-enum-enum-conversion]
  328 | inline _InputOutputArray::_InputOutputArray(Mat& m) { init(MAT+ACCESS_RW, &m); }
      |                                                            ~~~^~~~~~~~~~
/usr/include/opencv4/opencv2/core/mat.inl.hpp: In constructor ‘cv::_InputOutputArray::_InputOutputArray(std::vector<cv::Mat>&)’:
/usr/include/opencv4/opencv2/core/mat.inl.hpp:329:89: warning: arithmetic between different enumeration types ‘cv::_InputArray::KindFlag’ and ‘cv::AccessFlag’ is deprecated [-Wdeprecated-enum-enum-conversion]
  329 | inline _InputOutputArray::_InputOutputArray(std::vector<Mat>& vec) { init(STD_VECTOR_MAT+ACCESS_RW, &vec); }
      |                                                                           ~~~~~~~~~~~~~~^~~~~~~~~~
/usr/include/opencv4/opencv2/core/mat.inl.hpp: In constructor ‘cv::_InputOutputArray::_InputOutputArray(cv::UMat&)’:
/usr/include/opencv4/opencv2/core/mat.inl.hpp:330:65: warning: arithmetic between different enumeration types ‘cv::_InputArray::KindFlag’ and ‘cv::AccessFlag’ is deprecated [-Wdeprecated-enum-enum-conversion]
  330 | inline _InputOutputArray::_InputOutputArray(UMat& m) { init(UMAT+ACCESS_RW, &m); }
      |                                                             ~~~~^~~~~~~~~~
/usr/include/opencv4/opencv2/core/mat.inl.hpp: In constructor ‘cv::_InputOutputArray::_InputOutputArray(std::vector<cv::UMat>&)’:
/usr/include/opencv4/opencv2/core/mat.inl.hpp:331:91: warning: arithmetic between different enumeration types ‘cv::_InputArray::KindFlag’ and ‘cv::AccessFlag’ is deprecated [-Wdeprecated-enum-enum-conversion]
  331 | inline _InputOutputArray::_InputOutputArray(std::vector<UMat>& vec) { init(STD_VECTOR_UMAT+ACCESS_RW, &vec); }
      |                                                                            ~~~~~~~~~~~~~~~^~~~~~~~~~
/usr/include/opencv4/opencv2/core/mat.inl.hpp: In constructor ‘cv::_InputOutputArray::_InputOutputArray(std::array<cv::Mat, _Nm>&)’:
/usr/include/opencv4/opencv2/core/mat.inl.hpp:343:22: warning: arithmetic between different enumeration types ‘cv::_InputArray::KindFlag’ and ‘cv::AccessFlag’ is deprecated [-Wdeprecated-enum-enum-conversion]
  343 | { init(STD_ARRAY_MAT + ACCESS_RW, arr.data(), Size(1, _Nm)); }
      |        ~~~~~~~~~~~~~~^~~~~~~~~~~
/usr/include/opencv4/opencv2/core/mat.inl.hpp: In constructor ‘cv::_InputOutputArray::_InputOutputArray(cv::cuda::GpuMat&)’:
/usr/include/opencv4/opencv2/core/mat.inl.hpp:398:21: warning: arithmetic between different enumeration types ‘cv::_InputArray::KindFlag’ and ‘cv::AccessFlag’ is deprecated [-Wdeprecated-enum-enum-conversion]
  398 | { init(CUDA_GPU_MAT + ACCESS_RW, &d_mat); }
      |        ~~~~~~~~~~~~~^~~~~~~~~~~
/usr/include/opencv4/opencv2/core/mat.inl.hpp: In constructor ‘cv::_InputOutputArray::_InputOutputArray(cv::ogl::Buffer&)’:
/usr/include/opencv4/opencv2/core/mat.inl.hpp:401:22: warning: arithmetic between different enumeration types ‘cv::_InputArray::KindFlag’ and ‘cv::AccessFlag’ is deprecated [-Wdeprecated-enum-enum-conversion]
  401 | { init(OPENGL_BUFFER + ACCESS_RW, &buf); }
      |        ~~~~~~~~~~~~~~^~~~~~~~~~~
/usr/include/opencv4/opencv2/core/mat.inl.hpp: In constructor ‘cv::_InputOutputArray::_InputOutputArray(cv::cuda::HostMem&)’:
/usr/include/opencv4/opencv2/core/mat.inl.hpp:404:22: warning: arithmetic between different enumeration types ‘cv::_InputArray::KindFlag’ and ‘cv::AccessFlag’ is deprecated [-Wdeprecated-enum-enum-conversion]
  404 | { init(CUDA_HOST_MEM + ACCESS_RW, &cuda_mem); }
      |        ~~~~~~~~~~~~~~^~~~~~~~~~~
In file included from /usr/include/opencv4/opencv2/highgui.hpp:51,
                 from /usr/include/opencv4/opencv2/opencv.hpp:68:
/usr/include/opencv4/opencv2/videoio.hpp: At global scope:
/usr/include/opencv4/opencv2/videoio.hpp:306:80: warning: arithmetic between different enumeration types ‘cv::<unnamed enum>’ and ‘cv::<unnamed enum>’ is deprecated [-Wdeprecated-enum-enum-conversion]
  306 | enum { CAP_OPENNI_IMAGE_GENERATOR_PRESENT         = CAP_OPENNI_IMAGE_GENERATOR + CAP_PROP_OPENNI_GENERATOR_PRESENT,
      |                                                     ~~~~~~~~~~~~~~~~~~~~~~~~~~~^~~~~~~~~~~~~~~~~~~~~~~~~~~~~~~~~~~
/usr/include/opencv4/opencv2/videoio.hpp:307:80: warning: arithmetic between different enumeration types ‘cv::<unnamed enum>’ and ‘cv::<unnamed enum>’ is deprecated [-Wdeprecated-enum-enum-conversion]
  307 |        CAP_OPENNI_IMAGE_GENERATOR_OUTPUT_MODE     = CAP_OPENNI_IMAGE_GENERATOR + CAP_PROP_OPENNI_OUTPUT_MODE,
      |                                                     ~~~~~~~~~~~~~~~~~~~~~~~~~~~^~~~~~~~~~~~~~~~~~~~~~~~~~~~~
/usr/include/opencv4/opencv2/videoio.hpp:308:80: warning: arithmetic between different enumeration types ‘cv::<unnamed enum>’ and ‘cv::<unnamed enum>’ is deprecated [-Wdeprecated-enum-enum-conversion]
  308 |        CAP_OPENNI_DEPTH_GENERATOR_PRESENT         = CAP_OPENNI_DEPTH_GENERATOR + CAP_PROP_OPENNI_GENERATOR_PRESENT,
      |                                                     ~~~~~~~~~~~~~~~~~~~~~~~~~~~^~~~~~~~~~~~~~~~~~~~~~~~~~~~~~~~~~~
/usr/include/opencv4/opencv2/videoio.hpp:309:80: warning: arithmetic between different enumeration types ‘cv::<unnamed enum>’ and ‘cv::<unnamed enum>’ is deprecated [-Wdeprecated-enum-enum-conversion]
  309 |        CAP_OPENNI_DEPTH_GENERATOR_BASELINE        = CAP_OPENNI_DEPTH_GENERATOR + CAP_PROP_OPENNI_BASELINE,
      |                                                     ~~~~~~~~~~~~~~~~~~~~~~~~~~~^~~~~~~~~~~~~~~~~~~~~~~~~~
/usr/include/opencv4/opencv2/videoio.hpp:310:80: warning: arithmetic between different enumeration types ‘cv::<unnamed enum>’ and ‘cv::<unnamed enum>’ is deprecated [-Wdeprecated-enum-enum-conversion]
  310 |        CAP_OPENNI_DEPTH_GENERATOR_FOCAL_LENGTH    = CAP_OPENNI_DEPTH_GENERATOR + CAP_PROP_OPENNI_FOCAL_LENGTH,
      |                                                     ~~~~~~~~~~~~~~~~~~~~~~~~~~~^~~~~~~~~~~~~~~~~~~~~~~~~~~~~~
/usr/include/opencv4/opencv2/videoio.hpp:311:80: warning: arithmetic between different enumeration types ‘cv::<unnamed enum>’ and ‘cv::<unnamed enum>’ is deprecated [-Wdeprecated-enum-enum-conversion]
  311 |        CAP_OPENNI_DEPTH_GENERATOR_REGISTRATION    = CAP_OPENNI_DEPTH_GENERATOR + CAP_PROP_OPENNI_REGISTRATION,
      |                                                     ~~~~~~~~~~~~~~~~~~~~~~~~~~~^~~~~~~~~~~~~~~~~~~~~~~~~~~~~~
/usr/include/opencv4/opencv2/videoio.hpp:313:77: warning: arithmetic between different enumeration types ‘cv::<unnamed enum>’ and ‘cv::<unnamed enum>’ is deprecated [-Wdeprecated-enum-enum-conversion]
  313 |        CAP_OPENNI_IR_GENERATOR_PRESENT            = CAP_OPENNI_IR_GENERATOR + CAP_PROP_OPENNI_GENERATOR_PRESENT,
      |                                                     ~~~~~~~~~~~~~~~~~~~~~~~~^~~~~~~~~~~~~~~~~~~~~~~~~~~~~~~~~~~
In file included from /usr/include/opencv4/opencv2/highgui.hpp:51,
                 from /usr/include/opencv4/opencv2/opencv.hpp:68:
/usr/include/opencv4/opencv2/videoio.hpp: At global scope:
/usr/include/opencv4/opencv2/videoio.hpp:306:80: warning: arithmetic between different enumeration types ‘cv::<unnamed enum>’ and ‘cv::<unnamed enum>’ is deprecated [-Wdeprecated-enum-enum-conversion]
  306 | enum { CAP_OPENNI_IMAGE_GENERATOR_PRESENT         = CAP_OPENNI_IMAGE_GENERATOR + CAP_PROP_OPENNI_GENERATOR_PRESENT,
      |                                                     ~~~~~~~~~~~~~~~~~~~~~~~~~~~^~~~~~~~~~~~~~~~~~~~~~~~~~~~~~~~~~~
/usr/include/opencv4/opencv2/videoio.hpp:307:80: warning: arithmetic between different enumeration types ‘cv::<unnamed enum>’ and ‘cv::<unnamed enum>’ is deprecated [-Wdeprecated-enum-enum-conversion]
  307 |        CAP_OPENNI_IMAGE_GENERATOR_OUTPUT_MODE     = CAP_OPENNI_IMAGE_GENERATOR + CAP_PROP_OPENNI_OUTPUT_MODE,
      |                                                     ~~~~~~~~~~~~~~~~~~~~~~~~~~~^~~~~~~~~~~~~~~~~~~~~~~~~~~~~
/usr/include/opencv4/opencv2/videoio.hpp:308:80: warning: arithmetic between different enumeration types ‘cv::<unnamed enum>’ and ‘cv::<unnamed enum>’ is deprecated [-Wdeprecated-enum-enum-conversion]
  308 |        CAP_OPENNI_DEPTH_GENERATOR_PRESENT         = CAP_OPENNI_DEPTH_GENERATOR + CAP_PROP_OPENNI_GENERATOR_PRESENT,
      |                                                     ~~~~~~~~~~~~~~~~~~~~~~~~~~~^~~~~~~~~~~~~~~~~~~~~~~~~~~~~~~~~~~
/usr/include/opencv4/opencv2/videoio.hpp:309:80: warning: arithmetic between different enumeration types ‘cv::<unnamed enum>’ and ‘cv::<unnamed enum>’ is deprecated [-Wdeprecated-enum-enum-conversion]
  309 |        CAP_OPENNI_DEPTH_GENERATOR_BASELINE        = CAP_OPENNI_DEPTH_GENERATOR + CAP_PROP_OPENNI_BASELINE,
      |                                                     ~~~~~~~~~~~~~~~~~~~~~~~~~~~^~~~~~~~~~~~~~~~~~~~~~~~~~
/usr/include/opencv4/opencv2/videoio.hpp:310:80: warning: arithmetic between different enumeration types ‘cv::<unnamed enum>’ and ‘cv::<unnamed enum>’ is deprecated [-Wdeprecated-enum-enum-conversion]
  310 |        CAP_OPENNI_DEPTH_GENERATOR_FOCAL_LENGTH    = CAP_OPENNI_DEPTH_GENERATOR + CAP_PROP_OPENNI_FOCAL_LENGTH,
      |                                                     ~~~~~~~~~~~~~~~~~~~~~~~~~~~^~~~~~~~~~~~~~~~~~~~~~~~~~~~~~
/usr/include/opencv4/opencv2/videoio.hpp:311:80: warning: arithmetic between different enumeration types ‘cv::<unnamed enum>’ and ‘cv::<unnamed enum>’ is deprecated [-Wdeprecated-enum-enum-conversion]
  311 |        CAP_OPENNI_DEPTH_GENERATOR_REGISTRATION    = CAP_OPENNI_DEPTH_GENERATOR + CAP_PROP_OPENNI_REGISTRATION,
      |                                                     ~~~~~~~~~~~~~~~~~~~~~~~~~~~^~~~~~~~~~~~~~~~~~~~~~~~~~~~~~
/usr/include/opencv4/opencv2/videoio.hpp:313:77: warning: arithmetic between different enumeration types ‘cv::<unnamed enum>’ and ‘cv::<unnamed enum>’ is deprecated [-Wdeprecated-enum-enum-conversion]
  313 |        CAP_OPENNI_IR_GENERATOR_PRESENT            = CAP_OPENNI_IR_GENERATOR + CAP_PROP_OPENNI_GENERATOR_PRESENT,
      |                                                     ~~~~~~~~~~~~~~~~~~~~~~~~^~~~~~~~~~~~~~~~~~~~~~~~~~~~~~~~~~~
In file included from /usr/include/opencv4/opencv2/highgui.hpp:51,
                 from /usr/include/opencv4/opencv2/opencv.hpp:68:
/usr/include/opencv4/opencv2/videoio.hpp: At global scope:
/usr/include/opencv4/opencv2/videoio.hpp:306:80: warning: arithmetic between different enumeration types ‘cv::<unnamed enum>’ and ‘cv::<unnamed enum>’ is deprecated [-Wdeprecated-enum-enum-conversion]
  306 | enum { CAP_OPENNI_IMAGE_GENERATOR_PRESENT         = CAP_OPENNI_IMAGE_GENERATOR + CAP_PROP_OPENNI_GENERATOR_PRESENT,
      |                                                     ~~~~~~~~~~~~~~~~~~~~~~~~~~~^~~~~~~~~~~~~~~~~~~~~~~~~~~~~~~~~~~
/usr/include/opencv4/opencv2/videoio.hpp:307:80: warning: arithmetic between different enumeration types ‘cv::<unnamed enum>’ and ‘cv::<unnamed enum>’ is deprecated [-Wdeprecated-enum-enum-conversion]
  307 |        CAP_OPENNI_IMAGE_GENERATOR_OUTPUT_MODE     = CAP_OPENNI_IMAGE_GENERATOR + CAP_PROP_OPENNI_OUTPUT_MODE,
      |                                                     ~~~~~~~~~~~~~~~~~~~~~~~~~~~^~~~~~~~~~~~~~~~~~~~~~~~~~~~~
/usr/include/opencv4/opencv2/videoio.hpp:308:80: warning: arithmetic between different enumeration types ‘cv::<unnamed enum>’ and ‘cv::<unnamed enum>’ is deprecated [-Wdeprecated-enum-enum-conversion]
  308 |        CAP_OPENNI_DEPTH_GENERATOR_PRESENT         = CAP_OPENNI_DEPTH_GENERATOR + CAP_PROP_OPENNI_GENERATOR_PRESENT,
      |                                                     ~~~~~~~~~~~~~~~~~~~~~~~~~~~^~~~~~~~~~~~~~~~~~~~~~~~~~~~~~~~~~~
/usr/include/opencv4/opencv2/videoio.hpp:309:80: warning: arithmetic between different enumeration types ‘cv::<unnamed enum>’ and ‘cv::<unnamed enum>’ is deprecated [-Wdeprecated-enum-enum-conversion]
  309 |        CAP_OPENNI_DEPTH_GENERATOR_BASELINE        = CAP_OPENNI_DEPTH_GENERATOR + CAP_PROP_OPENNI_BASELINE,
      |                                                     ~~~~~~~~~~~~~~~~~~~~~~~~~~~^~~~~~~~~~~~~~~~~~~~~~~~~~
/usr/include/opencv4/opencv2/videoio.hpp:310:80: warning: arithmetic between different enumeration types ‘cv::<unnamed enum>’ and ‘cv::<unnamed enum>’ is deprecated [-Wdeprecated-enum-enum-conversion]
  310 |        CAP_OPENNI_DEPTH_GENERATOR_FOCAL_LENGTH    = CAP_OPENNI_DEPTH_GENERATOR + CAP_PROP_OPENNI_FOCAL_LENGTH,
      |                                                     ~~~~~~~~~~~~~~~~~~~~~~~~~~~^~~~~~~~~~~~~~~~~~~~~~~~~~~~~~
/usr/include/opencv4/opencv2/videoio.hpp:311:80: warning: arithmetic between different enumeration types ‘cv::<unnamed enum>’ and ‘cv::<unnamed enum>’ is deprecated [-Wdeprecated-enum-enum-conversion]
  311 |        CAP_OPENNI_DEPTH_GENERATOR_REGISTRATION    = CAP_OPENNI_DEPTH_GENERATOR + CAP_PROP_OPENNI_REGISTRATION,
      |                                                     ~~~~~~~~~~~~~~~~~~~~~~~~~~~^~~~~~~~~~~~~~~~~~~~~~~~~~~~~~
/usr/include/opencv4/opencv2/videoio.hpp:313:77: warning: arithmetic between different enumeration types ‘cv::<unnamed enum>’ and ‘cv::<unnamed enum>’ is deprecated [-Wdeprecated-enum-enum-conversion]
  313 |        CAP_OPENNI_IR_GENERATOR_PRESENT            = CAP_OPENNI_IR_GENERATOR + CAP_PROP_OPENNI_GENERATOR_PRESENT,
      |                                                     ~~~~~~~~~~~~~~~~~~~~~~~~^~~~~~~~~~~~~~~~~~~~~~~~~~~~~~~~~~~
In file included from /usr/include/opencv4/opencv2/highgui.hpp:51,
                 from /usr/include/opencv4/opencv2/opencv.hpp:68:
/usr/include/opencv4/opencv2/videoio.hpp: At global scope:
/usr/include/opencv4/opencv2/videoio.hpp:306:80: warning: arithmetic between different enumeration types ‘cv::<unnamed enum>’ and ‘cv::<unnamed enum>’ is deprecated [-Wdeprecated-enum-enum-conversion]
  306 | enum { CAP_OPENNI_IMAGE_GENERATOR_PRESENT         = CAP_OPENNI_IMAGE_GENERATOR + CAP_PROP_OPENNI_GENERATOR_PRESENT,
      |                                                     ~~~~~~~~~~~~~~~~~~~~~~~~~~~^~~~~~~~~~~~~~~~~~~~~~~~~~~~~~~~~~~
/usr/include/opencv4/opencv2/videoio.hpp:307:80: warning: arithmetic between different enumeration types ‘cv::<unnamed enum>’ and ‘cv::<unnamed enum>’ is deprecated [-Wdeprecated-enum-enum-conversion]
  307 |        CAP_OPENNI_IMAGE_GENERATOR_OUTPUT_MODE     = CAP_OPENNI_IMAGE_GENERATOR + CAP_PROP_OPENNI_OUTPUT_MODE,
      |                                                     ~~~~~~~~~~~~~~~~~~~~~~~~~~~^~~~~~~~~~~~~~~~~~~~~~~~~~~~~
/usr/include/opencv4/opencv2/videoio.hpp:308:80: warning: arithmetic between different enumeration types ‘cv::<unnamed enum>’ and ‘cv::<unnamed enum>’ is deprecated [-Wdeprecated-enum-enum-conversion]
  308 |        CAP_OPENNI_DEPTH_GENERATOR_PRESENT         = CAP_OPENNI_DEPTH_GENERATOR + CAP_PROP_OPENNI_GENERATOR_PRESENT,
      |                                                     ~~~~~~~~~~~~~~~~~~~~~~~~~~~^~~~~~~~~~~~~~~~~~~~~~~~~~~~~~~~~~~
/usr/include/opencv4/opencv2/videoio.hpp:309:80: warning: arithmetic between different enumeration types ‘cv::<unnamed enum>’ and ‘cv::<unnamed enum>’ is deprecated [-Wdeprecated-enum-enum-conversion]
  309 |        CAP_OPENNI_DEPTH_GENERATOR_BASELINE        = CAP_OPENNI_DEPTH_GENERATOR + CAP_PROP_OPENNI_BASELINE,
      |                                                     ~~~~~~~~~~~~~~~~~~~~~~~~~~~^~~~~~~~~~~~~~~~~~~~~~~~~~
/usr/include/opencv4/opencv2/videoio.hpp:310:80: warning: arithmetic between different enumeration types ‘cv::<unnamed enum>’ and ‘cv::<unnamed enum>’ is deprecated [-Wdeprecated-enum-enum-conversion]
  310 |        CAP_OPENNI_DEPTH_GENERATOR_FOCAL_LENGTH    = CAP_OPENNI_DEPTH_GENERATOR + CAP_PROP_OPENNI_FOCAL_LENGTH,
      |                                                     ~~~~~~~~~~~~~~~~~~~~~~~~~~~^~~~~~~~~~~~~~~~~~~~~~~~~~~~~~
/usr/include/opencv4/opencv2/videoio.hpp:311:80: warning: arithmetic between different enumeration types ‘cv::<unnamed enum>’ and ‘cv::<unnamed enum>’ is deprecated [-Wdeprecated-enum-enum-conversion]
  311 |        CAP_OPENNI_DEPTH_GENERATOR_REGISTRATION    = CAP_OPENNI_DEPTH_GENERATOR + CAP_PROP_OPENNI_REGISTRATION,
      |                                                     ~~~~~~~~~~~~~~~~~~~~~~~~~~~^~~~~~~~~~~~~~~~~~~~~~~~~~~~~~
/usr/include/opencv4/opencv2/videoio.hpp:313:77: warning: arithmetic between different enumeration types ‘cv::<unnamed enum>’ and ‘cv::<unnamed enum>’ is deprecated [-Wdeprecated-enum-enum-conversion]
  313 |        CAP_OPENNI_IR_GENERATOR_PRESENT            = CAP_OPENNI_IR_GENERATOR + CAP_PROP_OPENNI_GENERATOR_PRESENT,
      |                                                     ~~~~~~~~~~~~~~~~~~~~~~~~^~~~~~~~~~~~~~~~~~~~~~~~~~~~~~~~~~~
In file included from /usr/include/opencv4/opencv2/highgui.hpp:51,
                 from /usr/include/opencv4/opencv2/opencv.hpp:68:
/usr/include/opencv4/opencv2/videoio.hpp: At global scope:
/usr/include/opencv4/opencv2/videoio.hpp:306:80: warning: arithmetic between different enumeration types ‘cv::<unnamed enum>’ and ‘cv::<unnamed enum>’ is deprecated [-Wdeprecated-enum-enum-conversion]
  306 | enum { CAP_OPENNI_IMAGE_GENERATOR_PRESENT         = CAP_OPENNI_IMAGE_GENERATOR + CAP_PROP_OPENNI_GENERATOR_PRESENT,
      |                                                     ~~~~~~~~~~~~~~~~~~~~~~~~~~~^~~~~~~~~~~~~~~~~~~~~~~~~~~~~~~~~~~
/usr/include/opencv4/opencv2/videoio.hpp:307:80: warning: arithmetic between different enumeration types ‘cv::<unnamed enum>’ and ‘cv::<unnamed enum>’ is deprecated [-Wdeprecated-enum-enum-conversion]
  307 |        CAP_OPENNI_IMAGE_GENERATOR_OUTPUT_MODE     = CAP_OPENNI_IMAGE_GENERATOR + CAP_PROP_OPENNI_OUTPUT_MODE,
      |                                                     ~~~~~~~~~~~~~~~~~~~~~~~~~~~^~~~~~~~~~~~~~~~~~~~~~~~~~~~~
/usr/include/opencv4/opencv2/videoio.hpp:308:80: warning: arithmetic between different enumeration types ‘cv::<unnamed enum>’ and ‘cv::<unnamed enum>’ is deprecated [-Wdeprecated-enum-enum-conversion]
  308 |        CAP_OPENNI_DEPTH_GENERATOR_PRESENT         = CAP_OPENNI_DEPTH_GENERATOR + CAP_PROP_OPENNI_GENERATOR_PRESENT,
      |                                                     ~~~~~~~~~~~~~~~~~~~~~~~~~~~^~~~~~~~~~~~~~~~~~~~~~~~~~~~~~~~~~~
/usr/include/opencv4/opencv2/videoio.hpp:309:80: warning: arithmetic between different enumeration types ‘cv::<unnamed enum>’ and ‘cv::<unnamed enum>’ is deprecated [-Wdeprecated-enum-enum-conversion]
  309 |        CAP_OPENNI_DEPTH_GENERATOR_BASELINE        = CAP_OPENNI_DEPTH_GENERATOR + CAP_PROP_OPENNI_BASELINE,
      |                                                     ~~~~~~~~~~~~~~~~~~~~~~~~~~~^~~~~~~~~~~~~~~~~~~~~~~~~~
/usr/include/opencv4/opencv2/videoio.hpp:310:80: warning: arithmetic between different enumeration types ‘cv::<unnamed enum>’ and ‘cv::<unnamed enum>’ is deprecated [-Wdeprecated-enum-enum-conversion]
  310 |        CAP_OPENNI_DEPTH_GENERATOR_FOCAL_LENGTH    = CAP_OPENNI_DEPTH_GENERATOR + CAP_PROP_OPENNI_FOCAL_LENGTH,
      |                                                     ~~~~~~~~~~~~~~~~~~~~~~~~~~~^~~~~~~~~~~~~~~~~~~~~~~~~~~~~~
/usr/include/opencv4/opencv2/videoio.hpp:311:80: warning: arithmetic between different enumeration types ‘cv::<unnamed enum>’ and ‘cv::<unnamed enum>’ is deprecated [-Wdeprecated-enum-enum-conversion]
  311 |        CAP_OPENNI_DEPTH_GENERATOR_REGISTRATION    = CAP_OPENNI_DEPTH_GENERATOR + CAP_PROP_OPENNI_REGISTRATION,
      |                                                     ~~~~~~~~~~~~~~~~~~~~~~~~~~~^~~~~~~~~~~~~~~~~~~~~~~~~~~~~~
/usr/include/opencv4/opencv2/videoio.hpp:313:77: warning: arithmetic between different enumeration types ‘cv::<unnamed enum>’ and ‘cv::<unnamed enum>’ is deprecated [-Wdeprecated-enum-enum-conversion]
  313 |        CAP_OPENNI_IR_GENERATOR_PRESENT            = CAP_OPENNI_IR_GENERATOR + CAP_PROP_OPENNI_GENERATOR_PRESENT,
      |                                                     ~~~~~~~~~~~~~~~~~~~~~~~~^~~~~~~~~~~~~~~~~~~~~~~~~~~~~~~~~~~
In file included from /usr/include/opencv4/opencv2/highgui.hpp:51,
                 from /usr/include/opencv4/opencv2/opencv.hpp:68:
/usr/include/opencv4/opencv2/videoio.hpp: At global scope:
/usr/include/opencv4/opencv2/videoio.hpp:306:80: warning: arithmetic between different enumeration types ‘cv::<unnamed enum>’ and ‘cv::<unnamed enum>’ is deprecated [-Wdeprecated-enum-enum-conversion]
  306 | enum { CAP_OPENNI_IMAGE_GENERATOR_PRESENT         = CAP_OPENNI_IMAGE_GENERATOR + CAP_PROP_OPENNI_GENERATOR_PRESENT,
      |                                                     ~~~~~~~~~~~~~~~~~~~~~~~~~~~^~~~~~~~~~~~~~~~~~~~~~~~~~~~~~~~~~~
/usr/include/opencv4/opencv2/videoio.hpp:307:80: warning: arithmetic between different enumeration types ‘cv::<unnamed enum>’ and ‘cv::<unnamed enum>’ is deprecated [-Wdeprecated-enum-enum-conversion]
  307 |        CAP_OPENNI_IMAGE_GENERATOR_OUTPUT_MODE     = CAP_OPENNI_IMAGE_GENERATOR + CAP_PROP_OPENNI_OUTPUT_MODE,
      |                                                     ~~~~~~~~~~~~~~~~~~~~~~~~~~~^~~~~~~~~~~~~~~~~~~~~~~~~~~~~
/usr/include/opencv4/opencv2/videoio.hpp:308:80: warning: arithmetic between different enumeration types ‘cv::<unnamed enum>’ and ‘cv::<unnamed enum>’ is deprecated [-Wdeprecated-enum-enum-conversion]
  308 |        CAP_OPENNI_DEPTH_GENERATOR_PRESENT         = CAP_OPENNI_DEPTH_GENERATOR + CAP_PROP_OPENNI_GENERATOR_PRESENT,
      |                                                     ~~~~~~~~~~~~~~~~~~~~~~~~~~~^~~~~~~~~~~~~~~~~~~~~~~~~~~~~~~~~~~
/usr/include/opencv4/opencv2/videoio.hpp:309:80: warning: arithmetic between different enumeration types ‘cv::<unnamed enum>’ and ‘cv::<unnamed enum>’ is deprecated [-Wdeprecated-enum-enum-conversion]
  309 |        CAP_OPENNI_DEPTH_GENERATOR_BASELINE        = CAP_OPENNI_DEPTH_GENERATOR + CAP_PROP_OPENNI_BASELINE,
      |                                                     ~~~~~~~~~~~~~~~~~~~~~~~~~~~^~~~~~~~~~~~~~~~~~~~~~~~~~
/usr/include/opencv4/opencv2/videoio.hpp:310:80: warning: arithmetic between different enumeration types ‘cv::<unnamed enum>’ and ‘cv::<unnamed enum>’ is deprecated [-Wdeprecated-enum-enum-conversion]
  310 |        CAP_OPENNI_DEPTH_GENERATOR_FOCAL_LENGTH    = CAP_OPENNI_DEPTH_GENERATOR + CAP_PROP_OPENNI_FOCAL_LENGTH,
      |                                                     ~~~~~~~~~~~~~~~~~~~~~~~~~~~^~~~~~~~~~~~~~~~~~~~~~~~~~~~~~
/usr/include/opencv4/opencv2/videoio.hpp:311:80: warning: arithmetic between different enumeration types ‘cv::<unnamed enum>’ and ‘cv::<unnamed enum>’ is deprecated [-Wdeprecated-enum-enum-conversion]
  311 |        CAP_OPENNI_DEPTH_GENERATOR_REGISTRATION    = CAP_OPENNI_DEPTH_GENERATOR + CAP_PROP_OPENNI_REGISTRATION,
      |                                                     ~~~~~~~~~~~~~~~~~~~~~~~~~~~^~~~~~~~~~~~~~~~~~~~~~~~~~~~~~
/usr/include/opencv4/opencv2/videoio.hpp:313:77: warning: arithmetic between different enumeration types ‘cv::<unnamed enum>’ and ‘cv::<unnamed enum>’ is deprecated [-Wdeprecated-enum-enum-conversion]
  313 |        CAP_OPENNI_IR_GENERATOR_PRESENT            = CAP_OPENNI_IR_GENERATOR + CAP_PROP_OPENNI_GENERATOR_PRESENT,
      |                                                     ~~~~~~~~~~~~~~~~~~~~~~~~^~~~~~~~~~~~~~~~~~~~~~~~~~~~~~~~~~~
In file included from /usr/include/opencv4/opencv2/highgui.hpp:51,
                 from /usr/include/opencv4/opencv2/opencv.hpp:68:
/usr/include/opencv4/opencv2/videoio.hpp: At global scope:
/usr/include/opencv4/opencv2/videoio.hpp:306:80: warning: arithmetic between different enumeration types ‘cv::<unnamed enum>’ and ‘cv::<unnamed enum>’ is deprecated [-Wdeprecated-enum-enum-conversion]
  306 | enum { CAP_OPENNI_IMAGE_GENERATOR_PRESENT         = CAP_OPENNI_IMAGE_GENERATOR + CAP_PROP_OPENNI_GENERATOR_PRESENT,
      |                                                     ~~~~~~~~~~~~~~~~~~~~~~~~~~~^~~~~~~~~~~~~~~~~~~~~~~~~~~~~~~~~~~
/usr/include/opencv4/opencv2/videoio.hpp:307:80: warning: arithmetic between different enumeration types ‘cv::<unnamed enum>’ and ‘cv::<unnamed enum>’ is deprecated [-Wdeprecated-enum-enum-conversion]
  307 |        CAP_OPENNI_IMAGE_GENERATOR_OUTPUT_MODE     = CAP_OPENNI_IMAGE_GENERATOR + CAP_PROP_OPENNI_OUTPUT_MODE,
      |                                                     ~~~~~~~~~~~~~~~~~~~~~~~~~~~^~~~~~~~~~~~~~~~~~~~~~~~~~~~~
/usr/include/opencv4/opencv2/videoio.hpp:308:80: warning: arithmetic between different enumeration types ‘cv::<unnamed enum>’ and ‘cv::<unnamed enum>’ is deprecated [-Wdeprecated-enum-enum-conversion]
  308 |        CAP_OPENNI_DEPTH_GENERATOR_PRESENT         = CAP_OPENNI_DEPTH_GENERATOR + CAP_PROP_OPENNI_GENERATOR_PRESENT,
      |                                                     ~~~~~~~~~~~~~~~~~~~~~~~~~~~^~~~~~~~~~~~~~~~~~~~~~~~~~~~~~~~~~~
/usr/include/opencv4/opencv2/videoio.hpp:309:80: warning: arithmetic between different enumeration types ‘cv::<unnamed enum>’ and ‘cv::<unnamed enum>’ is deprecated [-Wdeprecated-enum-enum-conversion]
  309 |        CAP_OPENNI_DEPTH_GENERATOR_BASELINE        = CAP_OPENNI_DEPTH_GENERATOR + CAP_PROP_OPENNI_BASELINE,
      |                                                     ~~~~~~~~~~~~~~~~~~~~~~~~~~~^~~~~~~~~~~~~~~~~~~~~~~~~~
/usr/include/opencv4/opencv2/videoio.hpp:310:80: warning: arithmetic between different enumeration types ‘cv::<unnamed enum>’ and ‘cv::<unnamed enum>’ is deprecated [-Wdeprecated-enum-enum-conversion]
  310 |        CAP_OPENNI_DEPTH_GENERATOR_FOCAL_LENGTH    = CAP_OPENNI_DEPTH_GENERATOR + CAP_PROP_OPENNI_FOCAL_LENGTH,
      |                                                     ~~~~~~~~~~~~~~~~~~~~~~~~~~~^~~~~~~~~~~~~~~~~~~~~~~~~~~~~~
/usr/include/opencv4/opencv2/videoio.hpp:311:80: warning: arithmetic between different enumeration types ‘cv::<unnamed enum>’ and ‘cv::<unnamed enum>’ is deprecated [-Wdeprecated-enum-enum-conversion]
  311 |        CAP_OPENNI_DEPTH_GENERATOR_REGISTRATION    = CAP_OPENNI_DEPTH_GENERATOR + CAP_PROP_OPENNI_REGISTRATION,
      |                                                     ~~~~~~~~~~~~~~~~~~~~~~~~~~~^~~~~~~~~~~~~~~~~~~~~~~~~~~~~~
/usr/include/opencv4/opencv2/videoio.hpp:313:77: warning: arithmetic between different enumeration types ‘cv::<unnamed enum>’ and ‘cv::<unnamed enum>’ is deprecated [-Wdeprecated-enum-enum-conversion]
  313 |        CAP_OPENNI_IR_GENERATOR_PRESENT            = CAP_OPENNI_IR_GENERATOR + CAP_PROP_OPENNI_GENERATOR_PRESENT,
      |                                                     ~~~~~~~~~~~~~~~~~~~~~~~~^~~~~~~~~~~~~~~~~~~~~~~~~~~~~~~~~~~
In file included from /usr/include/opencv4/opencv2/core/mat.hpp:3773,
                 from /usr/include/opencv4/opencv2/core.hpp:58,
                 from /usr/include/opencv4/opencv2/opencv.hpp:52,
                 from /root/openMVS/apps/TextureMesh/../../libs/MVS/../Common/Types.h:148,
                 from /root/openMVS/apps/TextureMesh/../../libs/MVS/../Common/Common.h:176,
                 from /root/openMVS/apps/TextureMesh/../../libs/MVS/Common.h:42,
                 from /root/openMVS/apps/TextureMesh/TextureMesh.cpp:32:
/usr/include/opencv4/opencv2/core/mat.inl.hpp: In constructor ‘cv::_InputArray::_InputArray(const cv::Mat&)’:
/usr/include/opencv4/opencv2/core/mat.inl.hpp:103:57: warning: arithmetic between different enumeration types ‘cv::_InputArray::KindFlag’ and ‘cv::AccessFlag’ is deprecated [-Wdeprecated-enum-enum-conversion]
  103 | inline _InputArray::_InputArray(const Mat& m) { init(MAT+ACCESS_READ, &m); }
      |                                                      ~~~^~~~~~~~~~~~
/usr/include/opencv4/opencv2/core/mat.inl.hpp: In constructor ‘cv::_InputArray::_InputArray(const std::vector<cv::Mat>&)’:
/usr/include/opencv4/opencv2/core/mat.inl.hpp:104:83: warning: arithmetic between different enumeration types ‘cv::_InputArray::KindFlag’ and ‘cv::AccessFlag’ is deprecated [-Wdeprecated-enum-enum-conversion]
  104 | inline _InputArray::_InputArray(const std::vector<Mat>& vec) { init(STD_VECTOR_MAT+ACCESS_READ, &vec); }
      |                                                                     ~~~~~~~~~~~~~~^~~~~~~~~~~~
/usr/include/opencv4/opencv2/core/mat.inl.hpp: In constructor ‘cv::_InputArray::_InputArray(const cv::UMat&)’:
/usr/include/opencv4/opencv2/core/mat.inl.hpp:105:59: warning: arithmetic between different enumeration types ‘cv::_InputArray::KindFlag’ and ‘cv::AccessFlag’ is deprecated [-Wdeprecated-enum-enum-conversion]
  105 | inline _InputArray::_InputArray(const UMat& m) { init(UMAT+ACCESS_READ, &m); }
      |                                                       ~~~~^~~~~~~~~~~~
/usr/include/opencv4/opencv2/core/mat.inl.hpp: In constructor ‘cv::_InputArray::_InputArray(const std::vector<cv::UMat>&)’:
/usr/include/opencv4/opencv2/core/mat.inl.hpp:106:85: warning: arithmetic between different enumeration types ‘cv::_InputArray::KindFlag’ and ‘cv::AccessFlag’ is deprecated [-Wdeprecated-enum-enum-conversion]
  106 | inline _InputArray::_InputArray(const std::vector<UMat>& vec) { init(STD_VECTOR_UMAT+ACCESS_READ, &vec); }
      |                                                                      ~~~~~~~~~~~~~~~^~~~~~~~~~~~
/usr/include/opencv4/opencv2/core/mat.inl.hpp: In constructor ‘cv::_InputArray::_InputArray(const std::array<cv::Mat, _Nm>&)’:
/usr/include/opencv4/opencv2/core/mat.inl.hpp:118:22: warning: arithmetic between different enumeration types ‘cv::_InputArray::KindFlag’ and ‘cv::AccessFlag’ is deprecated [-Wdeprecated-enum-enum-conversion]
  118 | { init(STD_ARRAY_MAT + ACCESS_READ, arr.data(), Size(1, _Nm)); }
      |        ~~~~~~~~~~~~~~^~~~~~~~~~~~~
/usr/include/opencv4/opencv2/core/mat.inl.hpp: In constructor ‘cv::_InputArray::_InputArray(const cv::cuda::GpuMat&)’:
/usr/include/opencv4/opencv2/core/mat.inl.hpp:148:21: warning: arithmetic between different enumeration types ‘cv::_InputArray::KindFlag’ and ‘cv::AccessFlag’ is deprecated [-Wdeprecated-enum-enum-conversion]
  148 | { init(CUDA_GPU_MAT + ACCESS_READ, &d_mat); }
      |        ~~~~~~~~~~~~~^~~~~~~~~~~~~
/usr/include/opencv4/opencv2/core/mat.inl.hpp: In constructor ‘cv::_InputArray::_InputArray(const std::vector<cv::cuda::GpuMat>&)’:
/usr/include/opencv4/opencv2/core/mat.inl.hpp:151:38: warning: arithmetic between different enumeration types ‘cv::_InputArray::KindFlag’ and ‘cv::AccessFlag’ is deprecated [-Wdeprecated-enum-enum-conversion]
  151 | {       init(STD_VECTOR_CUDA_GPU_MAT + ACCESS_READ, &d_mat);}
      |              ~~~~~~~~~~~~~~~~~~~~~~~~^~~~~~~~~~~~~
/usr/include/opencv4/opencv2/core/mat.inl.hpp: In constructor ‘cv::_InputArray::_InputArray(const cv::ogl::Buffer&)’:
/usr/include/opencv4/opencv2/core/mat.inl.hpp:154:22: warning: arithmetic between different enumeration types ‘cv::_InputArray::KindFlag’ and ‘cv::AccessFlag’ is deprecated [-Wdeprecated-enum-enum-conversion]
  154 | { init(OPENGL_BUFFER + ACCESS_READ, &buf); }
      |        ~~~~~~~~~~~~~~^~~~~~~~~~~~~
/usr/include/opencv4/opencv2/core/mat.inl.hpp: In constructor ‘cv::_InputArray::_InputArray(const cv::cuda::HostMem&)’:
/usr/include/opencv4/opencv2/core/mat.inl.hpp:157:22: warning: arithmetic between different enumeration types ‘cv::_InputArray::KindFlag’ and ‘cv::AccessFlag’ is deprecated [-Wdeprecated-enum-enum-conversion]
  157 | { init(CUDA_HOST_MEM + ACCESS_READ, &cuda_mem); }
      |        ~~~~~~~~~~~~~~^~~~~~~~~~~~~
/usr/include/opencv4/opencv2/core/mat.inl.hpp: In constructor ‘cv::_OutputArray::_OutputArray()’:
/usr/include/opencv4/opencv2/core/mat.inl.hpp:200:49: warning: arithmetic between different enumeration types ‘cv::_InputArray::KindFlag’ and ‘cv::AccessFlag’ is deprecated [-Wdeprecated-enum-enum-conversion]
  200 | inline _OutputArray::_OutputArray() { init(NONE + ACCESS_WRITE, 0); }
      |                                            ~~~~~^~~~~~~~~~~~~~
/usr/include/opencv4/opencv2/core/mat.inl.hpp: In constructor ‘cv::_OutputArray::_OutputArray(cv::Mat&)’:
/usr/include/opencv4/opencv2/core/mat.inl.hpp:202:53: warning: arithmetic between different enumeration types ‘cv::_InputArray::KindFlag’ and ‘cv::AccessFlag’ is deprecated [-Wdeprecated-enum-enum-conversion]
  202 | inline _OutputArray::_OutputArray(Mat& m) { init(MAT+ACCESS_WRITE, &m); }
      |                                                  ~~~^~~~~~~~~~~~~
/usr/include/opencv4/opencv2/core/mat.inl.hpp: In constructor ‘cv::_OutputArray::_OutputArray(std::vector<cv::Mat>&)’:
/usr/include/opencv4/opencv2/core/mat.inl.hpp:203:80: warning: arithmetic between different enumeration types ‘cv::_InputArray::KindFlag’ and ‘cv::AccessFlag’ is deprecated [-Wdeprecated-enum-enum-conversion]
  203 | inline _OutputArray::_OutputArray(std::vector<Mat>& vec) { init(STD_VECTOR_MAT + ACCESS_WRITE, &vec); }
      |                                                                 ~~~~~~~~~~~~~~~^~~~~~~~~~~~~~
/usr/include/opencv4/opencv2/core/mat.inl.hpp: In constructor ‘cv::_OutputArray::_OutputArray(cv::UMat&)’:
/usr/include/opencv4/opencv2/core/mat.inl.hpp:204:56: warning: arithmetic between different enumeration types ‘cv::_InputArray::KindFlag’ and ‘cv::AccessFlag’ is deprecated [-Wdeprecated-enum-enum-conversion]
  204 | inline _OutputArray::_OutputArray(UMat& m) { init(UMAT + ACCESS_WRITE, &m); }
      |                                                   ~~~~~^~~~~~~~~~~~~~
/usr/include/opencv4/opencv2/core/mat.inl.hpp: In constructor ‘cv::_OutputArray::_OutputArray(std::vector<cv::UMat>&)’:
/usr/include/opencv4/opencv2/core/mat.inl.hpp:205:82: warning: arithmetic between different enumeration types ‘cv::_InputArray::KindFlag’ and ‘cv::AccessFlag’ is deprecated [-Wdeprecated-enum-enum-conversion]
  205 | inline _OutputArray::_OutputArray(std::vector<UMat>& vec) { init(STD_VECTOR_UMAT + ACCESS_WRITE, &vec); }
      |                                                                  ~~~~~~~~~~~~~~~~^~~~~~~~~~~~~~
/usr/include/opencv4/opencv2/core/mat.inl.hpp: In constructor ‘cv::_OutputArray::_OutputArray(std::array<cv::Mat, _Nm>&)’:
/usr/include/opencv4/opencv2/core/mat.inl.hpp:217:22: warning: arithmetic between different enumeration types ‘cv::_InputArray::KindFlag’ and ‘cv::AccessFlag’ is deprecated [-Wdeprecated-enum-enum-conversion]
  217 | { init(STD_ARRAY_MAT + ACCESS_WRITE, arr.data(), Size(1, _Nm)); }
      |        ~~~~~~~~~~~~~~^~~~~~~~~~~~~~
/usr/include/opencv4/opencv2/core/mat.inl.hpp: In constructor ‘cv::_OutputArray::_OutputArray(cv::cuda::GpuMat&)’:
/usr/include/opencv4/opencv2/core/mat.inl.hpp:272:21: warning: arithmetic between different enumeration types ‘cv::_InputArray::KindFlag’ and ‘cv::AccessFlag’ is deprecated [-Wdeprecated-enum-enum-conversion]
  272 | { init(CUDA_GPU_MAT + ACCESS_WRITE, &d_mat); }
      |        ~~~~~~~~~~~~~^~~~~~~~~~~~~~
/usr/include/opencv4/opencv2/core/mat.inl.hpp: In constructor ‘cv::_OutputArray::_OutputArray(std::vector<cv::cuda::GpuMat>&)’:
/usr/include/opencv4/opencv2/core/mat.inl.hpp:275:38: warning: arithmetic between different enumeration types ‘cv::_InputArray::KindFlag’ and ‘cv::AccessFlag’ is deprecated [-Wdeprecated-enum-enum-conversion]
  275 | {       init(STD_VECTOR_CUDA_GPU_MAT + ACCESS_WRITE, &d_mat);}
      |              ~~~~~~~~~~~~~~~~~~~~~~~~^~~~~~~~~~~~~~
/usr/include/opencv4/opencv2/core/mat.inl.hpp: In constructor ‘cv::_OutputArray::_OutputArray(cv::ogl::Buffer&)’:
/usr/include/opencv4/opencv2/core/mat.inl.hpp:278:22: warning: arithmetic between different enumeration types ‘cv::_InputArray::KindFlag’ and ‘cv::AccessFlag’ is deprecated [-Wdeprecated-enum-enum-conversion]
  278 | { init(OPENGL_BUFFER + ACCESS_WRITE, &buf); }
      |        ~~~~~~~~~~~~~~^~~~~~~~~~~~~~
/usr/include/opencv4/opencv2/core/mat.inl.hpp: In constructor ‘cv::_OutputArray::_OutputArray(cv::cuda::HostMem&)’:
/usr/include/opencv4/opencv2/core/mat.inl.hpp:281:22: warning: arithmetic between different enumeration types ‘cv::_InputArray::KindFlag’ and ‘cv::AccessFlag’ is deprecated [-Wdeprecated-enum-enum-conversion]
  281 | { init(CUDA_HOST_MEM + ACCESS_WRITE, &cuda_mem); }
      |        ~~~~~~~~~~~~~~^~~~~~~~~~~~~~
/usr/include/opencv4/opencv2/core/mat.inl.hpp: In constructor ‘cv::_InputOutputArray::_InputOutputArray(cv::Mat&)’:
/usr/include/opencv4/opencv2/core/mat.inl.hpp:328:63: warning: arithmetic between different enumeration types ‘cv::_InputArray::KindFlag’ and ‘cv::AccessFlag’ is deprecated [-Wdeprecated-enum-enum-conversion]
  328 | inline _InputOutputArray::_InputOutputArray(Mat& m) { init(MAT+ACCESS_RW, &m); }
      |                                                            ~~~^~~~~~~~~~
/usr/include/opencv4/opencv2/core/mat.inl.hpp: In constructor ‘cv::_InputOutputArray::_InputOutputArray(std::vector<cv::Mat>&)’:
/usr/include/opencv4/opencv2/core/mat.inl.hpp:329:89: warning: arithmetic between different enumeration types ‘cv::_InputArray::KindFlag’ and ‘cv::AccessFlag’ is deprecated [-Wdeprecated-enum-enum-conversion]
  329 | inline _InputOutputArray::_InputOutputArray(std::vector<Mat>& vec) { init(STD_VECTOR_MAT+ACCESS_RW, &vec); }
      |                                                                           ~~~~~~~~~~~~~~^~~~~~~~~~
/usr/include/opencv4/opencv2/core/mat.inl.hpp: In constructor ‘cv::_InputOutputArray::_InputOutputArray(cv::UMat&)’:
/usr/include/opencv4/opencv2/core/mat.inl.hpp:330:65: warning: arithmetic between different enumeration types ‘cv::_InputArray::KindFlag’ and ‘cv::AccessFlag’ is deprecated [-Wdeprecated-enum-enum-conversion]
  330 | inline _InputOutputArray::_InputOutputArray(UMat& m) { init(UMAT+ACCESS_RW, &m); }
      |                                                             ~~~~^~~~~~~~~~
/usr/include/opencv4/opencv2/core/mat.inl.hpp: In constructor ‘cv::_InputOutputArray::_InputOutputArray(std::vector<cv::UMat>&)’:
/usr/include/opencv4/opencv2/core/mat.inl.hpp:331:91: warning: arithmetic between different enumeration types ‘cv::_InputArray::KindFlag’ and ‘cv::AccessFlag’ is deprecated [-Wdeprecated-enum-enum-conversion]
  331 | inline _InputOutputArray::_InputOutputArray(std::vector<UMat>& vec) { init(STD_VECTOR_UMAT+ACCESS_RW, &vec); }
      |                                                                            ~~~~~~~~~~~~~~~^~~~~~~~~~
/usr/include/opencv4/opencv2/core/mat.inl.hpp: In constructor ‘cv::_InputOutputArray::_InputOutputArray(std::array<cv::Mat, _Nm>&)’:
/usr/include/opencv4/opencv2/core/mat.inl.hpp:343:22: warning: arithmetic between different enumeration types ‘cv::_InputArray::KindFlag’ and ‘cv::AccessFlag’ is deprecated [-Wdeprecated-enum-enum-conversion]
  343 | { init(STD_ARRAY_MAT + ACCESS_RW, arr.data(), Size(1, _Nm)); }
      |        ~~~~~~~~~~~~~~^~~~~~~~~~~
/usr/include/opencv4/opencv2/core/mat.inl.hpp: In constructor ‘cv::_InputOutputArray::_InputOutputArray(cv::cuda::GpuMat&)’:
/usr/include/opencv4/opencv2/core/mat.inl.hpp:398:21: warning: arithmetic between different enumeration types ‘cv::_InputArray::KindFlag’ and ‘cv::AccessFlag’ is deprecated [-Wdeprecated-enum-enum-conversion]
  398 | { init(CUDA_GPU_MAT + ACCESS_RW, &d_mat); }
      |        ~~~~~~~~~~~~~^~~~~~~~~~~
/usr/include/opencv4/opencv2/core/mat.inl.hpp: In constructor ‘cv::_InputOutputArray::_InputOutputArray(cv::ogl::Buffer&)’:
/usr/include/opencv4/opencv2/core/mat.inl.hpp:401:22: warning: arithmetic between different enumeration types ‘cv::_InputArray::KindFlag’ and ‘cv::AccessFlag’ is deprecated [-Wdeprecated-enum-enum-conversion]
  401 | { init(OPENGL_BUFFER + ACCESS_RW, &buf); }
      |        ~~~~~~~~~~~~~~^~~~~~~~~~~
/usr/include/opencv4/opencv2/core/mat.inl.hpp: In constructor ‘cv::_InputOutputArray::_InputOutputArray(cv::cuda::HostMem&)’:
/usr/include/opencv4/opencv2/core/mat.inl.hpp:404:22: warning: arithmetic between different enumeration types ‘cv::_InputArray::KindFlag’ and ‘cv::AccessFlag’ is deprecated [-Wdeprecated-enum-enum-conversion]
  404 | { init(CUDA_HOST_MEM + ACCESS_RW, &cuda_mem); }
      |        ~~~~~~~~~~~~~~^~~~~~~~~~~
In file included from /usr/include/opencv4/opencv2/core/mat.hpp:3773,
                 from /usr/include/opencv4/opencv2/core.hpp:58,
                 from /usr/include/opencv4/opencv2/opencv.hpp:52,
                 from /root/openMVS/apps/DensifyPointCloud/../../libs/MVS/../Common/Types.h:148,
                 from /root/openMVS/apps/DensifyPointCloud/../../libs/MVS/../Common/Common.h:176,
                 from /root/openMVS/apps/DensifyPointCloud/../../libs/MVS/Common.h:42,
                 from /root/openMVS/apps/DensifyPointCloud/DensifyPointCloud.cpp:32:
/usr/include/opencv4/opencv2/core/mat.inl.hpp: In constructor ‘cv::_InputArray::_InputArray(const cv::Mat&)’:
/usr/include/opencv4/opencv2/core/mat.inl.hpp:103:57: warning: arithmetic between different enumeration types ‘cv::_InputArray::KindFlag’ and ‘cv::AccessFlag’ is deprecated [-Wdeprecated-enum-enum-conversion]
  103 | inline _InputArray::_InputArray(const Mat& m) { init(MAT+ACCESS_READ, &m); }
      |                                                      ~~~^~~~~~~~~~~~
/usr/include/opencv4/opencv2/core/mat.inl.hpp: In constructor ‘cv::_InputArray::_InputArray(const std::vector<cv::Mat>&)’:
/usr/include/opencv4/opencv2/core/mat.inl.hpp:104:83: warning: arithmetic between different enumeration types ‘cv::_InputArray::KindFlag’ and ‘cv::AccessFlag’ is deprecated [-Wdeprecated-enum-enum-conversion]
  104 | inline _InputArray::_InputArray(const std::vector<Mat>& vec) { init(STD_VECTOR_MAT+ACCESS_READ, &vec); }
      |                                                                     ~~~~~~~~~~~~~~^~~~~~~~~~~~
/usr/include/opencv4/opencv2/core/mat.inl.hpp: In instantiation of ‘cv::Mat::Mat(const cv::Matx<_Tp, m, n>&, bool) [with _Tp = double; int m = 2; int n = 3]’:
/usr/include/opencv4/opencv2/imgproc.hpp:2529:64:   required from here
/usr/include/opencv4/opencv2/core/mat.inl.hpp:533:23: warning: arithmetic between different enumeration types ‘cv::Mat::<unnamed enum>’ and ‘cv::traits::Type<double>::<unnamed enum>’ is deprecated [-Wdeprecated-enum-enum-conversion]
  533 |     : flags(MAGIC_VAL + traits::Type<_Tp>::value + CV_MAT_CONT_FLAG), dims(2), rows(m), cols(n), data(0),
      |             ~~~~~~~~~~^~~~~~~~~~~~~~~~~~~~~~~~~~
/usr/include/opencv4/opencv2/core/mat.inl.hpp: In constructor ‘cv::_InputArray::_InputArray(const cv::UMat&)’:
/usr/include/opencv4/opencv2/core/mat.inl.hpp:105:59: warning: arithmetic between different enumeration types ‘cv::_InputArray::KindFlag’ and ‘cv::AccessFlag’ is deprecated [-Wdeprecated-enum-enum-conversion]
  105 | inline _InputArray::_InputArray(const UMat& m) { init(UMAT+ACCESS_READ, &m); }
      |                                                       ~~~~^~~~~~~~~~~~
/usr/include/opencv4/opencv2/core/mat.inl.hpp: In constructor ‘cv::_InputArray::_InputArray(const std::vector<cv::UMat>&)’:
/usr/include/opencv4/opencv2/core/mat.inl.hpp:106:85: warning: arithmetic between different enumeration types ‘cv::_InputArray::KindFlag’ and ‘cv::AccessFlag’ is deprecated [-Wdeprecated-enum-enum-conversion]
  106 | inline _InputArray::_InputArray(const std::vector<UMat>& vec) { init(STD_VECTOR_UMAT+ACCESS_READ, &vec); }
      |                                                                      ~~~~~~~~~~~~~~~^~~~~~~~~~~~
/usr/include/opencv4/opencv2/core/mat.inl.hpp: In constructor ‘cv::_InputArray::_InputArray(const std::array<cv::Mat, _Nm>&)’:
/usr/include/opencv4/opencv2/core/mat.inl.hpp:118:22: warning: arithmetic between different enumeration types ‘cv::_InputArray::KindFlag’ and ‘cv::AccessFlag’ is deprecated [-Wdeprecated-enum-enum-conversion]
  118 | { init(STD_ARRAY_MAT + ACCESS_READ, arr.data(), Size(1, _Nm)); }
      |        ~~~~~~~~~~~~~~^~~~~~~~~~~~~
/usr/include/opencv4/opencv2/core/mat.inl.hpp: In constructor ‘cv::_InputArray::_InputArray(const cv::cuda::GpuMat&)’:
/usr/include/opencv4/opencv2/core/mat.inl.hpp:148:21: warning: arithmetic between different enumeration types ‘cv::_InputArray::KindFlag’ and ‘cv::AccessFlag’ is deprecated [-Wdeprecated-enum-enum-conversion]
  148 | { init(CUDA_GPU_MAT + ACCESS_READ, &d_mat); }
      |        ~~~~~~~~~~~~~^~~~~~~~~~~~~
/usr/include/opencv4/opencv2/core/mat.inl.hpp: In constructor ‘cv::_InputArray::_InputArray(const std::vector<cv::cuda::GpuMat>&)’:
/usr/include/opencv4/opencv2/core/mat.inl.hpp:151:38: warning: arithmetic between different enumeration types ‘cv::_InputArray::KindFlag’ and ‘cv::AccessFlag’ is deprecated [-Wdeprecated-enum-enum-conversion]
  151 | {       init(STD_VECTOR_CUDA_GPU_MAT + ACCESS_READ, &d_mat);}
      |              ~~~~~~~~~~~~~~~~~~~~~~~~^~~~~~~~~~~~~
/usr/include/opencv4/opencv2/core/mat.inl.hpp: In constructor ‘cv::_InputArray::_InputArray(const cv::ogl::Buffer&)’:
/usr/include/opencv4/opencv2/core/mat.inl.hpp:154:22: warning: arithmetic between different enumeration types ‘cv::_InputArray::KindFlag’ and ‘cv::AccessFlag’ is deprecated [-Wdeprecated-enum-enum-conversion]
  154 | { init(OPENGL_BUFFER + ACCESS_READ, &buf); }
      |        ~~~~~~~~~~~~~~^~~~~~~~~~~~~
/usr/include/opencv4/opencv2/core/mat.inl.hpp: In constructor ‘cv::_InputArray::_InputArray(const cv::cuda::HostMem&)’:
/usr/include/opencv4/opencv2/core/mat.inl.hpp:157:22: warning: arithmetic between different enumeration types ‘cv::_InputArray::KindFlag’ and ‘cv::AccessFlag’ is deprecated [-Wdeprecated-enum-enum-conversion]
  157 | { init(CUDA_HOST_MEM + ACCESS_READ, &cuda_mem); }
      |        ~~~~~~~~~~~~~~^~~~~~~~~~~~~
/usr/include/opencv4/opencv2/core/mat.inl.hpp: In constructor ‘cv::_OutputArray::_OutputArray()’:
/usr/include/opencv4/opencv2/core/mat.inl.hpp:200:49: warning: arithmetic between different enumeration types ‘cv::_InputArray::KindFlag’ and ‘cv::AccessFlag’ is deprecated [-Wdeprecated-enum-enum-conversion]
  200 | inline _OutputArray::_OutputArray() { init(NONE + ACCESS_WRITE, 0); }
      |                                            ~~~~~^~~~~~~~~~~~~~
/usr/include/opencv4/opencv2/core/mat.inl.hpp: In constructor ‘cv::_OutputArray::_OutputArray(cv::Mat&)’:
/usr/include/opencv4/opencv2/core/mat.inl.hpp:202:53: warning: arithmetic between different enumeration types ‘cv::_InputArray::KindFlag’ and ‘cv::AccessFlag’ is deprecated [-Wdeprecated-enum-enum-conversion]
  202 | inline _OutputArray::_OutputArray(Mat& m) { init(MAT+ACCESS_WRITE, &m); }
      |                                                  ~~~^~~~~~~~~~~~~
/usr/include/opencv4/opencv2/core/mat.inl.hpp: In constructor ‘cv::_OutputArray::_OutputArray(std::vector<cv::Mat>&)’:
/usr/include/opencv4/opencv2/core/mat.inl.hpp:203:80: warning: arithmetic between different enumeration types ‘cv::_InputArray::KindFlag’ and ‘cv::AccessFlag’ is deprecated [-Wdeprecated-enum-enum-conversion]
  203 | inline _OutputArray::_OutputArray(std::vector<Mat>& vec) { init(STD_VECTOR_MAT + ACCESS_WRITE, &vec); }
      |                                                                 ~~~~~~~~~~~~~~~^~~~~~~~~~~~~~
/usr/include/opencv4/opencv2/core/mat.inl.hpp: In constructor ‘cv::_OutputArray::_OutputArray(cv::UMat&)’:
/usr/include/opencv4/opencv2/core/mat.inl.hpp:204:56: warning: arithmetic between different enumeration types ‘cv::_InputArray::KindFlag’ and ‘cv::AccessFlag’ is deprecated [-Wdeprecated-enum-enum-conversion]
  204 | inline _OutputArray::_OutputArray(UMat& m) { init(UMAT + ACCESS_WRITE, &m); }
      |                                                   ~~~~~^~~~~~~~~~~~~~
/usr/include/opencv4/opencv2/core/mat.inl.hpp: In constructor ‘cv::_OutputArray::_OutputArray(std::vector<cv::UMat>&)’:
/usr/include/opencv4/opencv2/core/mat.inl.hpp:205:82: warning: arithmetic between different enumeration types ‘cv::_InputArray::KindFlag’ and ‘cv::AccessFlag’ is deprecated [-Wdeprecated-enum-enum-conversion]
  205 | inline _OutputArray::_OutputArray(std::vector<UMat>& vec) { init(STD_VECTOR_UMAT + ACCESS_WRITE, &vec); }
      |                                                                  ~~~~~~~~~~~~~~~~^~~~~~~~~~~~~~
/usr/include/opencv4/opencv2/core/mat.inl.hpp: In constructor ‘cv::_OutputArray::_OutputArray(std::array<cv::Mat, _Nm>&)’:
/usr/include/opencv4/opencv2/core/mat.inl.hpp:217:22: warning: arithmetic between different enumeration types ‘cv::_InputArray::KindFlag’ and ‘cv::AccessFlag’ is deprecated [-Wdeprecated-enum-enum-conversion]
  217 | { init(STD_ARRAY_MAT + ACCESS_WRITE, arr.data(), Size(1, _Nm)); }
      |        ~~~~~~~~~~~~~~^~~~~~~~~~~~~~
/usr/include/opencv4/opencv2/core/mat.inl.hpp: In constructor ‘cv::_OutputArray::_OutputArray(cv::cuda::GpuMat&)’:
/usr/include/opencv4/opencv2/core/mat.inl.hpp:272:21: warning: arithmetic between different enumeration types ‘cv::_InputArray::KindFlag’ and ‘cv::AccessFlag’ is deprecated [-Wdeprecated-enum-enum-conversion]
  272 | { init(CUDA_GPU_MAT + ACCESS_WRITE, &d_mat); }
      |        ~~~~~~~~~~~~~^~~~~~~~~~~~~~
/usr/include/opencv4/opencv2/core/mat.inl.hpp: In constructor ‘cv::_OutputArray::_OutputArray(std::vector<cv::cuda::GpuMat>&)’:
/usr/include/opencv4/opencv2/core/mat.inl.hpp:275:38: warning: arithmetic between different enumeration types ‘cv::_InputArray::KindFlag’ and ‘cv::AccessFlag’ is deprecated [-Wdeprecated-enum-enum-conversion]
  275 | {       init(STD_VECTOR_CUDA_GPU_MAT + ACCESS_WRITE, &d_mat);}
      |              ~~~~~~~~~~~~~~~~~~~~~~~~^~~~~~~~~~~~~~
/usr/include/opencv4/opencv2/core/mat.inl.hpp: In constructor ‘cv::_OutputArray::_OutputArray(cv::ogl::Buffer&)’:
/usr/include/opencv4/opencv2/core/mat.inl.hpp:278:22: warning: arithmetic between different enumeration types ‘cv::_InputArray::KindFlag’ and ‘cv::AccessFlag’ is deprecated [-Wdeprecated-enum-enum-conversion]
  278 | { init(OPENGL_BUFFER + ACCESS_WRITE, &buf); }
      |        ~~~~~~~~~~~~~~^~~~~~~~~~~~~~
/usr/include/opencv4/opencv2/core/mat.inl.hpp: In constructor ‘cv::_OutputArray::_OutputArray(cv::cuda::HostMem&)’:
/usr/include/opencv4/opencv2/core/mat.inl.hpp:281:22: warning: arithmetic between different enumeration types ‘cv::_InputArray::KindFlag’ and ‘cv::AccessFlag’ is deprecated [-Wdeprecated-enum-enum-conversion]
  281 | { init(CUDA_HOST_MEM + ACCESS_WRITE, &cuda_mem); }
      |        ~~~~~~~~~~~~~~^~~~~~~~~~~~~~
/usr/include/opencv4/opencv2/core/mat.inl.hpp: In constructor ‘cv::_InputOutputArray::_InputOutputArray(cv::Mat&)’:
/usr/include/opencv4/opencv2/core/mat.inl.hpp:328:63: warning: arithmetic between different enumeration types ‘cv::_InputArray::KindFlag’ and ‘cv::AccessFlag’ is deprecated [-Wdeprecated-enum-enum-conversion]
  328 | inline _InputOutputArray::_InputOutputArray(Mat& m) { init(MAT+ACCESS_RW, &m); }
      |                                                            ~~~^~~~~~~~~~
/usr/include/opencv4/opencv2/core/mat.inl.hpp: In constructor ‘cv::_InputOutputArray::_InputOutputArray(std::vector<cv::Mat>&)’:
/usr/include/opencv4/opencv2/core/mat.inl.hpp:329:89: warning: arithmetic between different enumeration types ‘cv::_InputArray::KindFlag’ and ‘cv::AccessFlag’ is deprecated [-Wdeprecated-enum-enum-conversion]
  329 | inline _InputOutputArray::_InputOutputArray(std::vector<Mat>& vec) { init(STD_VECTOR_MAT+ACCESS_RW, &vec); }
      |                                                                           ~~~~~~~~~~~~~~^~~~~~~~~~
/usr/include/opencv4/opencv2/core/mat.inl.hpp: In constructor ‘cv::_InputOutputArray::_InputOutputArray(cv::UMat&)’:
/usr/include/opencv4/opencv2/core/mat.inl.hpp:330:65: warning: arithmetic between different enumeration types ‘cv::_InputArray::KindFlag’ and ‘cv::AccessFlag’ is deprecated [-Wdeprecated-enum-enum-conversion]
  330 | inline _InputOutputArray::_InputOutputArray(UMat& m) { init(UMAT+ACCESS_RW, &m); }
      |                                                             ~~~~^~~~~~~~~~
/usr/include/opencv4/opencv2/core/mat.inl.hpp: In constructor ‘cv::_InputOutputArray::_InputOutputArray(std::vector<cv::UMat>&)’:
/usr/include/opencv4/opencv2/core/mat.inl.hpp:331:91: warning: arithmetic between different enumeration types ‘cv::_InputArray::KindFlag’ and ‘cv::AccessFlag’ is deprecated [-Wdeprecated-enum-enum-conversion]
  331 | inline _InputOutputArray::_InputOutputArray(std::vector<UMat>& vec) { init(STD_VECTOR_UMAT+ACCESS_RW, &vec); }
      |                                                                            ~~~~~~~~~~~~~~~^~~~~~~~~~
/usr/include/opencv4/opencv2/core/mat.inl.hpp: In constructor ‘cv::_InputOutputArray::_InputOutputArray(std::array<cv::Mat, _Nm>&)’:
/usr/include/opencv4/opencv2/core/mat.inl.hpp:343:22: warning: arithmetic between different enumeration types ‘cv::_InputArray::KindFlag’ and ‘cv::AccessFlag’ is deprecated [-Wdeprecated-enum-enum-conversion]
  343 | { init(STD_ARRAY_MAT + ACCESS_RW, arr.data(), Size(1, _Nm)); }
      |        ~~~~~~~~~~~~~~^~~~~~~~~~~
/usr/include/opencv4/opencv2/core/mat.inl.hpp: In constructor ‘cv::_InputOutputArray::_InputOutputArray(cv::cuda::GpuMat&)’:
/usr/include/opencv4/opencv2/core/mat.inl.hpp:398:21: warning: arithmetic between different enumeration types ‘cv::_InputArray::KindFlag’ and ‘cv::AccessFlag’ is deprecated [-Wdeprecated-enum-enum-conversion]
  398 | { init(CUDA_GPU_MAT + ACCESS_RW, &d_mat); }
      |        ~~~~~~~~~~~~~^~~~~~~~~~~
/usr/include/opencv4/opencv2/core/mat.inl.hpp: In constructor ‘cv::_InputOutputArray::_InputOutputArray(cv::ogl::Buffer&)’:
/usr/include/opencv4/opencv2/core/mat.inl.hpp:401:22: warning: arithmetic between different enumeration types ‘cv::_InputArray::KindFlag’ and ‘cv::AccessFlag’ is deprecated [-Wdeprecated-enum-enum-conversion]
  401 | { init(OPENGL_BUFFER + ACCESS_RW, &buf); }
      |        ~~~~~~~~~~~~~~^~~~~~~~~~~
/usr/include/opencv4/opencv2/core/mat.inl.hpp: In constructor ‘cv::_InputOutputArray::_InputOutputArray(cv::cuda::HostMem&)’:
/usr/include/opencv4/opencv2/core/mat.inl.hpp:404:22: warning: arithmetic between different enumeration types ‘cv::_InputArray::KindFlag’ and ‘cv::AccessFlag’ is deprecated [-Wdeprecated-enum-enum-conversion]
  404 | { init(CUDA_HOST_MEM + ACCESS_RW, &cuda_mem); }
      |        ~~~~~~~~~~~~~~^~~~~~~~~~~
/usr/include/opencv4/opencv2/core/mat.inl.hpp: In instantiation of ‘cv::Mat::Mat(const cv::Matx<_Tp, m, n>&, bool) [with _Tp = double; int m = 2; int n = 3]’:
/usr/include/opencv4/opencv2/imgproc.hpp:2529:64:   required from here
/usr/include/opencv4/opencv2/core/mat.inl.hpp:533:23: warning: arithmetic between different enumeration types ‘cv::Mat::<unnamed enum>’ and ‘cv::traits::Type<double>::<unnamed enum>’ is deprecated [-Wdeprecated-enum-enum-conversion]
  533 |     : flags(MAGIC_VAL + traits::Type<_Tp>::value + CV_MAT_CONT_FLAG), dims(2), rows(m), cols(n), data(0),
      |             ~~~~~~~~~~^~~~~~~~~~~~~~~~~~~~~~~~~~
/usr/include/opencv4/opencv2/core/mat.inl.hpp: In instantiation of ‘cv::Mat::Mat(const cv::Matx<_Tp, m, n>&, bool) [with _Tp = double; int m = 2; int n = 3]’:
/usr/include/opencv4/opencv2/imgproc.hpp:2529:64:   required from here
/usr/include/opencv4/opencv2/core/mat.inl.hpp:533:23: warning: arithmetic between different enumeration types ‘cv::Mat::<unnamed enum>’ and ‘cv::traits::Type<double>::<unnamed enum>’ is deprecated [-Wdeprecated-enum-enum-conversion]
  533 |     : flags(MAGIC_VAL + traits::Type<_Tp>::value + CV_MAT_CONT_FLAG), dims(2), rows(m), cols(n), data(0),
      |             ~~~~~~~~~~^~~~~~~~~~~~~~~~~~~~~~~~~~
In file included from /usr/include/opencv4/opencv2/highgui.hpp:51,
                 from /usr/include/opencv4/opencv2/opencv.hpp:68:
/usr/include/opencv4/opencv2/videoio.hpp: At global scope:
/usr/include/opencv4/opencv2/videoio.hpp:306:80: warning: arithmetic between different enumeration types ‘cv::<unnamed enum>’ and ‘cv::<unnamed enum>’ is deprecated [-Wdeprecated-enum-enum-conversion]
  306 | enum { CAP_OPENNI_IMAGE_GENERATOR_PRESENT         = CAP_OPENNI_IMAGE_GENERATOR + CAP_PROP_OPENNI_GENERATOR_PRESENT,
      |                                                     ~~~~~~~~~~~~~~~~~~~~~~~~~~~^~~~~~~~~~~~~~~~~~~~~~~~~~~~~~~~~~~
/usr/include/opencv4/opencv2/videoio.hpp:307:80: warning: arithmetic between different enumeration types ‘cv::<unnamed enum>’ and ‘cv::<unnamed enum>’ is deprecated [-Wdeprecated-enum-enum-conversion]
  307 |        CAP_OPENNI_IMAGE_GENERATOR_OUTPUT_MODE     = CAP_OPENNI_IMAGE_GENERATOR + CAP_PROP_OPENNI_OUTPUT_MODE,
      |                                                     ~~~~~~~~~~~~~~~~~~~~~~~~~~~^~~~~~~~~~~~~~~~~~~~~~~~~~~~~
/usr/include/opencv4/opencv2/videoio.hpp:308:80: warning: arithmetic between different enumeration types ‘cv::<unnamed enum>’ and ‘cv::<unnamed enum>’ is deprecated [-Wdeprecated-enum-enum-conversion]
  308 |        CAP_OPENNI_DEPTH_GENERATOR_PRESENT         = CAP_OPENNI_DEPTH_GENERATOR + CAP_PROP_OPENNI_GENERATOR_PRESENT,
      |                                                     ~~~~~~~~~~~~~~~~~~~~~~~~~~~^~~~~~~~~~~~~~~~~~~~~~~~~~~~~~~~~~~
/usr/include/opencv4/opencv2/videoio.hpp:309:80: warning: arithmetic between different enumeration types ‘cv::<unnamed enum>’ and ‘cv::<unnamed enum>’ is deprecated [-Wdeprecated-enum-enum-conversion]
  309 |        CAP_OPENNI_DEPTH_GENERATOR_BASELINE        = CAP_OPENNI_DEPTH_GENERATOR + CAP_PROP_OPENNI_BASELINE,
      |                                                     ~~~~~~~~~~~~~~~~~~~~~~~~~~~^~~~~~~~~~~~~~~~~~~~~~~~~~
/usr/include/opencv4/opencv2/videoio.hpp:310:80: warning: arithmetic between different enumeration types ‘cv::<unnamed enum>’ and ‘cv::<unnamed enum>’ is deprecated [-Wdeprecated-enum-enum-conversion]
  310 |        CAP_OPENNI_DEPTH_GENERATOR_FOCAL_LENGTH    = CAP_OPENNI_DEPTH_GENERATOR + CAP_PROP_OPENNI_FOCAL_LENGTH,
      |                                                     ~~~~~~~~~~~~~~~~~~~~~~~~~~~^~~~~~~~~~~~~~~~~~~~~~~~~~~~~~
/usr/include/opencv4/opencv2/videoio.hpp:311:80: warning: arithmetic between different enumeration types ‘cv::<unnamed enum>’ and ‘cv::<unnamed enum>’ is deprecated [-Wdeprecated-enum-enum-conversion]
  311 |        CAP_OPENNI_DEPTH_GENERATOR_REGISTRATION    = CAP_OPENNI_DEPTH_GENERATOR + CAP_PROP_OPENNI_REGISTRATION,
      |                                                     ~~~~~~~~~~~~~~~~~~~~~~~~~~~^~~~~~~~~~~~~~~~~~~~~~~~~~~~~~
/usr/include/opencv4/opencv2/videoio.hpp:313:77: warning: arithmetic between different enumeration types ‘cv::<unnamed enum>’ and ‘cv::<unnamed enum>’ is deprecated [-Wdeprecated-enum-enum-conversion]
  313 |        CAP_OPENNI_IR_GENERATOR_PRESENT            = CAP_OPENNI_IR_GENERATOR + CAP_PROP_OPENNI_GENERATOR_PRESENT,
      |                                                     ~~~~~~~~~~~~~~~~~~~~~~~~^~~~~~~~~~~~~~~~~~~~~~~~~~~~~~~~~~~
/usr/include/opencv4/opencv2/core/mat.inl.hpp: In instantiation of ‘cv::Mat::Mat(const cv::Matx<_Tp, m, n>&, bool) [with _Tp = double; int m = 2; int n = 3]’:
/usr/include/opencv4/opencv2/imgproc.hpp:2529:64:   required from here
/usr/include/opencv4/opencv2/core/mat.inl.hpp:533:23: warning: arithmetic between different enumeration types ‘cv::Mat::<unnamed enum>’ and ‘cv::traits::Type<double>::<unnamed enum>’ is deprecated [-Wdeprecated-enum-enum-conversion]
  533 |     : flags(MAGIC_VAL + traits::Type<_Tp>::value + CV_MAT_CONT_FLAG), dims(2), rows(m), cols(n), data(0),
      |             ~~~~~~~~~~^~~~~~~~~~~~~~~~~~~~~~~~~~
/usr/include/opencv4/opencv2/core/mat.inl.hpp: In instantiation of ‘cv::Mat::Mat(const cv::Matx<_Tp, m, n>&, bool) [with _Tp = double; int m = 2; int n = 3]’:
/usr/include/opencv4/opencv2/imgproc.hpp:2529:64:   required from here
/usr/include/opencv4/opencv2/core/mat.inl.hpp:533:23: warning: arithmetic between different enumeration types ‘cv::Mat::<unnamed enum>’ and ‘cv::traits::Type<double>::<unnamed enum>’ is deprecated [-Wdeprecated-enum-enum-conversion]
  533 |     : flags(MAGIC_VAL + traits::Type<_Tp>::value + CV_MAT_CONT_FLAG), dims(2), rows(m), cols(n), data(0),
      |             ~~~~~~~~~~^~~~~~~~~~~~~~~~~~~~~~~~~~
/usr/include/opencv4/opencv2/core/mat.inl.hpp: In instantiation of ‘cv::Mat::Mat(const cv::Matx<_Tp, m, n>&, bool) [with _Tp = double; int m = 2; int n = 3]’:
/usr/include/opencv4/opencv2/imgproc.hpp:2529:64:   required from here
/usr/include/opencv4/opencv2/core/mat.inl.hpp:533:23: warning: arithmetic between different enumeration types ‘cv::Mat::<unnamed enum>’ and ‘cv::traits::Type<double>::<unnamed enum>’ is deprecated [-Wdeprecated-enum-enum-conversion]
  533 |     : flags(MAGIC_VAL + traits::Type<_Tp>::value + CV_MAT_CONT_FLAG), dims(2), rows(m), cols(n), data(0),
      |             ~~~~~~~~~~^~~~~~~~~~~~~~~~~~~~~~~~~~
/usr/include/opencv4/opencv2/core/mat.inl.hpp: In instantiation of ‘cv::Mat::Mat(const cv::Matx<_Tp, m, n>&, bool) [with _Tp = double; int m = 2; int n = 3]’:
/usr/include/opencv4/opencv2/imgproc.hpp:2529:64:   required from here
/usr/include/opencv4/opencv2/core/mat.inl.hpp:533:23: warning: arithmetic between different enumeration types ‘cv::Mat::<unnamed enum>’ and ‘cv::traits::Type<double>::<unnamed enum>’ is deprecated [-Wdeprecated-enum-enum-conversion]
  533 |     : flags(MAGIC_VAL + traits::Type<_Tp>::value + CV_MAT_CONT_FLAG), dims(2), rows(m), cols(n), data(0),
      |             ~~~~~~~~~~^~~~~~~~~~~~~~~~~~~~~~~~~~
In file included from /usr/include/opencv4/opencv2/highgui.hpp:51,
                 from /usr/include/opencv4/opencv2/opencv.hpp:68:
/usr/include/opencv4/opencv2/videoio.hpp: At global scope:
/usr/include/opencv4/opencv2/videoio.hpp:306:80: warning: arithmetic between different enumeration types ‘cv::<unnamed enum>’ and ‘cv::<unnamed enum>’ is deprecated [-Wdeprecated-enum-enum-conversion]
  306 | enum { CAP_OPENNI_IMAGE_GENERATOR_PRESENT         = CAP_OPENNI_IMAGE_GENERATOR + CAP_PROP_OPENNI_GENERATOR_PRESENT,
      |                                                     ~~~~~~~~~~~~~~~~~~~~~~~~~~~^~~~~~~~~~~~~~~~~~~~~~~~~~~~~~~~~~~
/usr/include/opencv4/opencv2/videoio.hpp:307:80: warning: arithmetic between different enumeration types ‘cv::<unnamed enum>’ and ‘cv::<unnamed enum>’ is deprecated [-Wdeprecated-enum-enum-conversion]
  307 |        CAP_OPENNI_IMAGE_GENERATOR_OUTPUT_MODE     = CAP_OPENNI_IMAGE_GENERATOR + CAP_PROP_OPENNI_OUTPUT_MODE,
      |                                                     ~~~~~~~~~~~~~~~~~~~~~~~~~~~^~~~~~~~~~~~~~~~~~~~~~~~~~~~~
/usr/include/opencv4/opencv2/videoio.hpp:308:80: warning: arithmetic between different enumeration types ‘cv::<unnamed enum>’ and ‘cv::<unnamed enum>’ is deprecated [-Wdeprecated-enum-enum-conversion]
  308 |        CAP_OPENNI_DEPTH_GENERATOR_PRESENT         = CAP_OPENNI_DEPTH_GENERATOR + CAP_PROP_OPENNI_GENERATOR_PRESENT,
      |                                                     ~~~~~~~~~~~~~~~~~~~~~~~~~~~^~~~~~~~~~~~~~~~~~~~~~~~~~~~~~~~~~~
/usr/include/opencv4/opencv2/videoio.hpp:309:80: warning: arithmetic between different enumeration types ‘cv::<unnamed enum>’ and ‘cv::<unnamed enum>’ is deprecated [-Wdeprecated-enum-enum-conversion]
  309 |        CAP_OPENNI_DEPTH_GENERATOR_BASELINE        = CAP_OPENNI_DEPTH_GENERATOR + CAP_PROP_OPENNI_BASELINE,
      |                                                     ~~~~~~~~~~~~~~~~~~~~~~~~~~~^~~~~~~~~~~~~~~~~~~~~~~~~~
/usr/include/opencv4/opencv2/videoio.hpp:310:80: warning: arithmetic between different enumeration types ‘cv::<unnamed enum>’ and ‘cv::<unnamed enum>’ is deprecated [-Wdeprecated-enum-enum-conversion]
  310 |        CAP_OPENNI_DEPTH_GENERATOR_FOCAL_LENGTH    = CAP_OPENNI_DEPTH_GENERATOR + CAP_PROP_OPENNI_FOCAL_LENGTH,
      |                                                     ~~~~~~~~~~~~~~~~~~~~~~~~~~~^~~~~~~~~~~~~~~~~~~~~~~~~~~~~~
/usr/include/opencv4/opencv2/videoio.hpp:311:80: warning: arithmetic between different enumeration types ‘cv::<unnamed enum>’ and ‘cv::<unnamed enum>’ is deprecated [-Wdeprecated-enum-enum-conversion]
  311 |        CAP_OPENNI_DEPTH_GENERATOR_REGISTRATION    = CAP_OPENNI_DEPTH_GENERATOR + CAP_PROP_OPENNI_REGISTRATION,
      |                                                     ~~~~~~~~~~~~~~~~~~~~~~~~~~~^~~~~~~~~~~~~~~~~~~~~~~~~~~~~~
/usr/include/opencv4/opencv2/videoio.hpp:313:77: warning: arithmetic between different enumeration types ‘cv::<unnamed enum>’ and ‘cv::<unnamed enum>’ is deprecated [-Wdeprecated-enum-enum-conversion]
  313 |        CAP_OPENNI_IR_GENERATOR_PRESENT            = CAP_OPENNI_IR_GENERATOR + CAP_PROP_OPENNI_GENERATOR_PRESENT,
      |                                                     ~~~~~~~~~~~~~~~~~~~~~~~~^~~~~~~~~~~~~~~~~~~~~~~~~~~~~~~~~~~
/usr/include/opencv4/opencv2/core/mat.inl.hpp: In instantiation of ‘cv::Mat::Mat(const cv::Matx<_Tp, m, n>&, bool) [with _Tp = double; int m = 2; int n = 3]’:
/usr/include/opencv4/opencv2/imgproc.hpp:2529:64:   required from here
/usr/include/opencv4/opencv2/core/mat.inl.hpp:533:23: warning: arithmetic between different enumeration types ‘cv::Mat::<unnamed enum>’ and ‘cv::traits::Type<double>::<unnamed enum>’ is deprecated [-Wdeprecated-enum-enum-conversion]
  533 |     : flags(MAGIC_VAL + traits::Type<_Tp>::value + CV_MAT_CONT_FLAG), dims(2), rows(m), cols(n), data(0),
      |             ~~~~~~~~~~^~~~~~~~~~~~~~~~~~~~~~~~~~
/usr/include/opencv4/opencv2/core/mat.inl.hpp: In instantiation of ‘cv::Mat::Mat(const cv::Matx<_Tp, m, n>&, bool) [with _Tp = float; int m = 3; int n = 1]’:
/usr/include/opencv4/opencv2/core/cvstd.inl.hpp:121:44:   required from ‘std::ostream& cv::operator<<(std::ostream&, const Matx<_Tp, m, n>&) [with _Tp = float; int m = 3; int n = 1; std::ostream = std::basic_ostream<char>]’
/root/openMVS/apps/RefineMesh/../../libs/MVS/../Common/Log.h:71:8:   required from ‘SEACAVE::Log& SEACAVE::Log::operator<<(const T&) [with T = SEACAVE::TMatrix<float, 3, 1>]’
/root/openMVS/apps/RefineMesh/../../libs/MVS/../Common/Rotation.inl:711:2:   required from ‘void SEACAVE::TRMatrixBase<TYPE>::Set(const Vec&, TYPE) [with TYPE = float; Vec = SEACAVE::TMatrix<float, 3, 1>]’
/root/openMVS/apps/RefineMesh/../../libs/MVS/../Common/Rotation.inl:534:2:   required from ‘SEACAVE::TRMatrixBase<TYPE>::TRMatrixBase(const Vec&, TYPE) [with TYPE = float; Vec = SEACAVE::TMatrix<float, 3, 1>]’
/root/openMVS/apps/RefineMesh/../../libs/MVS/DepthMap.h:451:112:   required from here
/usr/include/opencv4/opencv2/core/mat.inl.hpp:533:23: warning: arithmetic between different enumeration types ‘cv::Mat::<unnamed enum>’ and ‘cv::traits::Type<float>::<unnamed enum>’ is deprecated [-Wdeprecated-enum-enum-conversion]
/usr/include/opencv4/opencv2/core/mat.inl.hpp: In instantiation of ‘cv::Mat::Mat(const cv::Matx<_Tp, m, n>&, bool) [with _Tp = float; int m = 3; int n = 1]’:
/usr/include/opencv4/opencv2/core/cvstd.inl.hpp:121:44:   required from ‘std::ostream& cv::operator<<(std::ostream&, const Matx<_Tp, m, n>&) [with _Tp = float; int m = 3; int n = 1; std::ostream = std::basic_ostream<char>]’
/root/openMVS/apps/Tests/../../libs/MVS/../Common/Log.h:71:8:   required from ‘SEACAVE::Log& SEACAVE::Log::operator<<(const T&) [with T = SEACAVE::TMatrix<float, 3, 1>]’
/root/openMVS/apps/Tests/../../libs/MVS/../Common/Rotation.inl:711:2:   required from ‘void SEACAVE::TRMatrixBase<TYPE>::Set(const Vec&, TYPE) [with TYPE = float; Vec = SEACAVE::TMatrix<float, 3, 1>]’
/root/openMVS/apps/Tests/../../libs/MVS/../Common/Rotation.inl:534:2:   required from ‘SEACAVE::TRMatrixBase<TYPE>::TRMatrixBase(const Vec&, TYPE) [with TYPE = float; Vec = SEACAVE::TMatrix<float, 3, 1>]’
/root/openMVS/apps/Tests/../../libs/MVS/DepthMap.h:451:112:   required from here
/usr/include/opencv4/opencv2/core/mat.inl.hpp:533:23: warning: arithmetic between different enumeration types ‘cv::Mat::<unnamed enum>’ and ‘cv::traits::Type<float>::<unnamed enum>’ is deprecated [-Wdeprecated-enum-enum-conversion]
/usr/include/opencv4/opencv2/core/mat.inl.hpp: In instantiation of ‘cv::Mat::Mat(const cv::Matx<_Tp, m, n>&, bool) [with _Tp = float; int m = 3; int n = 1]’:
/usr/include/opencv4/opencv2/core/cvstd.inl.hpp:121:44:   required from ‘std::ostream& cv::operator<<(std::ostream&, const Matx<_Tp, m, n>&) [with _Tp = float; int m = 3; int n = 1; std::ostream = std::basic_ostream<char>]’
/root/openMVS/apps/TransformScene/../../libs/MVS/../Common/Log.h:71:8:   required from ‘SEACAVE::Log& SEACAVE::Log::operator<<(const T&) [with T = SEACAVE::TMatrix<float, 3, 1>]’
/root/openMVS/apps/TransformScene/../../libs/MVS/../Common/Rotation.inl:711:2:   required from ‘void SEACAVE::TRMatrixBase<TYPE>::Set(const Vec&, TYPE) [with TYPE = float; Vec = SEACAVE::TMatrix<float, 3, 1>]’
/root/openMVS/apps/TransformScene/../../libs/MVS/../Common/Rotation.inl:534:2:   required from ‘SEACAVE::TRMatrixBase<TYPE>::TRMatrixBase(const Vec&, TYPE) [with TYPE = float; Vec = SEACAVE::TMatrix<float, 3, 1>]’
/root/openMVS/apps/TransformScene/../../libs/MVS/DepthMap.h:451:112:   required from here
/usr/include/opencv4/opencv2/core/mat.inl.hpp:533:23: warning: arithmetic between different enumeration types ‘cv::Mat::<unnamed enum>’ and ‘cv::traits::Type<float>::<unnamed enum>’ is deprecated [-Wdeprecated-enum-enum-conversion]
/usr/include/opencv4/opencv2/core/mat.inl.hpp: In instantiation of ‘cv::Mat::Mat(const cv::Matx<_Tp, m, n>&, bool) [with _Tp = float; int m = 3; int n = 1]’:
/usr/include/opencv4/opencv2/core/cvstd.inl.hpp:121:44:   required from ‘std::ostream& cv::operator<<(std::ostream&, const Matx<_Tp, m, n>&) [with _Tp = float; int m = 3; int n = 1; std::ostream = std::basic_ostream<char>]’
/root/openMVS/apps/ReconstructMesh/../../libs/MVS/../Common/Log.h:71:8:   required from ‘SEACAVE::Log& SEACAVE::Log::operator<<(const T&) [with T = SEACAVE::TMatrix<float, 3, 1>]’
/root/openMVS/apps/ReconstructMesh/../../libs/MVS/../Common/Rotation.inl:711:2:   required from ‘void SEACAVE::TRMatrixBase<TYPE>::Set(const Vec&, TYPE) [with TYPE = float; Vec = SEACAVE::TMatrix<float, 3, 1>]’
/root/openMVS/apps/ReconstructMesh/../../libs/MVS/../Common/Rotation.inl:534:2:   required from ‘SEACAVE::TRMatrixBase<TYPE>::TRMatrixBase(const Vec&, TYPE) [with TYPE = float; Vec = SEACAVE::TMatrix<float, 3, 1>]’
/root/openMVS/apps/ReconstructMesh/../../libs/MVS/DepthMap.h:451:112:   required from here
/usr/include/opencv4/opencv2/core/mat.inl.hpp:533:23: warning: arithmetic between different enumeration types ‘cv::Mat::<unnamed enum>’ and ‘cv::traits::Type<float>::<unnamed enum>’ is deprecated [-Wdeprecated-enum-enum-conversion]
/usr/include/opencv4/opencv2/core/mat.inl.hpp: In instantiation of ‘cv::Mat::Mat(const cv::Matx<_Tp, m, n>&, bool) [with _Tp = float; int m = 3; int n = 1]’:
/usr/include/opencv4/opencv2/core/cvstd.inl.hpp:121:44:   required from ‘std::ostream& cv::operator<<(std::ostream&, const Matx<_Tp, m, n>&) [with _Tp = float; int m = 3; int n = 1; std::ostream = std::basic_ostream<char>]’
/root/openMVS/apps/InterfaceMetashape/../../libs/MVS/../Common/Log.h:71:8:   required from ‘SEACAVE::Log& SEACAVE::Log::operator<<(const T&) [with T = SEACAVE::TMatrix<float, 3, 1>]’
/root/openMVS/apps/InterfaceMetashape/../../libs/MVS/../Common/Rotation.inl:711:2:   required from ‘void SEACAVE::TRMatrixBase<TYPE>::Set(const Vec&, TYPE) [with TYPE = float; Vec = SEACAVE::TMatrix<float, 3, 1>]’
/root/openMVS/apps/InterfaceMetashape/../../libs/MVS/../Common/Rotation.inl:534:2:   required from ‘SEACAVE::TRMatrixBase<TYPE>::TRMatrixBase(const Vec&, TYPE) [with TYPE = float; Vec = SEACAVE::TMatrix<float, 3, 1>]’
/root/openMVS/apps/InterfaceMetashape/../../libs/MVS/DepthMap.h:451:112:   required from here
/usr/include/opencv4/opencv2/core/mat.inl.hpp:533:23: warning: arithmetic between different enumeration types ‘cv::Mat::<unnamed enum>’ and ‘cv::traits::Type<float>::<unnamed enum>’ is deprecated [-Wdeprecated-enum-enum-conversion]
/usr/include/opencv4/opencv2/core/mat.inl.hpp: In instantiation of ‘cv::Mat::Mat(const cv::Matx<_Tp, m, n>&, bool) [with _Tp = float; int m = 3; int n = 1]’:
/usr/include/opencv4/opencv2/core/cvstd.inl.hpp:121:44:   required from ‘std::ostream& cv::operator<<(std::ostream&, const Matx<_Tp, m, n>&) [with _Tp = float; int m = 3; int n = 1; std::ostream = std::basic_ostream<char>]’
/root/openMVS/apps/InterfaceMVSNet/../../libs/MVS/../Common/Log.h:71:8:   required from ‘SEACAVE::Log& SEACAVE::Log::operator<<(const T&) [with T = SEACAVE::TMatrix<float, 3, 1>]’
/root/openMVS/apps/InterfaceMVSNet/../../libs/MVS/../Common/Rotation.inl:711:2:   required from ‘void SEACAVE::TRMatrixBase<TYPE>::Set(const Vec&, TYPE) [with TYPE = float; Vec = SEACAVE::TMatrix<float, 3, 1>]’
/root/openMVS/apps/InterfaceMVSNet/../../libs/MVS/../Common/Rotation.inl:534:2:   required from ‘SEACAVE::TRMatrixBase<TYPE>::TRMatrixBase(const Vec&, TYPE) [with TYPE = float; Vec = SEACAVE::TMatrix<float, 3, 1>]’
/root/openMVS/apps/InterfaceMVSNet/../../libs/MVS/DepthMap.h:451:112:   required from here
/usr/include/opencv4/opencv2/core/mat.inl.hpp:533:23: warning: arithmetic between different enumeration types ‘cv::Mat::<unnamed enum>’ and ‘cv::traits::Type<float>::<unnamed enum>’ is deprecated [-Wdeprecated-enum-enum-conversion]
/usr/include/opencv4/opencv2/core/mat.inl.hpp: In instantiation of ‘cv::Mat::Mat(const cv::Matx<_Tp, m, n>&, bool) [with _Tp = float; int m = 3; int n = 1]’:
/usr/include/opencv4/opencv2/core/cvstd.inl.hpp:121:44:   required from ‘std::ostream& cv::operator<<(std::ostream&, const Matx<_Tp, m, n>&) [with _Tp = float; int m = 3; int n = 1; std::ostream = std::basic_ostream<char>]’
/root/openMVS/apps/InterfacePolycam/../../libs/MVS/../Common/Log.h:71:8:   required from ‘SEACAVE::Log& SEACAVE::Log::operator<<(const T&) [with T = SEACAVE::TMatrix<float, 3, 1>]’
/root/openMVS/apps/InterfacePolycam/../../libs/MVS/../Common/Rotation.inl:711:2:   required from ‘void SEACAVE::TRMatrixBase<TYPE>::Set(const Vec&, TYPE) [with TYPE = float; Vec = SEACAVE::TMatrix<float, 3, 1>]’
/root/openMVS/apps/InterfacePolycam/../../libs/MVS/../Common/Rotation.inl:534:2:   required from ‘SEACAVE::TRMatrixBase<TYPE>::TRMatrixBase(const Vec&, TYPE) [with TYPE = float; Vec = SEACAVE::TMatrix<float, 3, 1>]’
/root/openMVS/apps/InterfacePolycam/../../libs/MVS/DepthMap.h:451:112:   required from here
/usr/include/opencv4/opencv2/core/mat.inl.hpp:533:23: warning: arithmetic between different enumeration types ‘cv::Mat::<unnamed enum>’ and ‘cv::traits::Type<float>::<unnamed enum>’ is deprecated [-Wdeprecated-enum-enum-conversion]
/usr/include/opencv4/opencv2/core/mat.inl.hpp: In instantiation of ‘cv::Mat::Mat(const cv::Matx<_Tp, m, n>&, bool) [with _Tp = float; int m = 3; int n = 1]’:
/usr/include/opencv4/opencv2/core/cvstd.inl.hpp:121:44:   required from ‘std::ostream& cv::operator<<(std::ostream&, const Matx<_Tp, m, n>&) [with _Tp = float; int m = 3; int n = 1; std::ostream = std::basic_ostream<char>]’
/root/openMVS/apps/InterfaceCOLMAP/../../libs/MVS/../Common/Log.h:71:8:   required from ‘SEACAVE::Log& SEACAVE::Log::operator<<(const T&) [with T = SEACAVE::TMatrix<float, 3, 1>]’
/root/openMVS/apps/InterfaceCOLMAP/../../libs/MVS/../Common/Rotation.inl:711:2:   required from ‘void SEACAVE::TRMatrixBase<TYPE>::Set(const Vec&, TYPE) [with TYPE = float; Vec = SEACAVE::TMatrix<float, 3, 1>]’
/root/openMVS/apps/InterfaceCOLMAP/../../libs/MVS/../Common/Rotation.inl:534:2:   required from ‘SEACAVE::TRMatrixBase<TYPE>::TRMatrixBase(const Vec&, TYPE) [with TYPE = float; Vec = SEACAVE::TMatrix<float, 3, 1>]’
/root/openMVS/apps/InterfaceCOLMAP/../../libs/MVS/DepthMap.h:451:112:   required from here
/usr/include/opencv4/opencv2/core/mat.inl.hpp:533:23: warning: arithmetic between different enumeration types ‘cv::Mat::<unnamed enum>’ and ‘cv::traits::Type<float>::<unnamed enum>’ is deprecated [-Wdeprecated-enum-enum-conversion]
In file included from /usr/include/opencv4/opencv2/core/mat.hpp:3773,
                 from /usr/include/opencv4/opencv2/core.hpp:58,
                 from /usr/include/opencv4/opencv2/opencv.hpp:52,
                 from /root/openMVS/libs/MVS/../Common/Types.h:148,
                 from /root/openMVS/libs/MVS/../Common/Common.h:176,
                 from /root/openMVS/libs/MVS/Common.h:42,
                 from /root/openMVS/libs/MVS/PythonWrapper.cpp:38:
/usr/include/opencv4/opencv2/core/mat.inl.hpp: In constructor ‘cv::_InputArray::_InputArray(const cv::Mat&)’:
/usr/include/opencv4/opencv2/core/mat.inl.hpp:103:57: warning: arithmetic between different enumeration types ‘cv::_InputArray::KindFlag’ and ‘cv::AccessFlag’ is deprecated [-Wdeprecated-enum-enum-conversion]
  103 | inline _InputArray::_InputArray(const Mat& m) { init(MAT+ACCESS_READ, &m); }
      |                                                      ~~~^~~~~~~~~~~~
/usr/include/opencv4/opencv2/core/mat.inl.hpp: In constructor ‘cv::_InputArray::_InputArray(const std::vector<cv::Mat>&)’:
/usr/include/opencv4/opencv2/core/mat.inl.hpp:104:83: warning: arithmetic between different enumeration types ‘cv::_InputArray::KindFlag’ and ‘cv::AccessFlag’ is deprecated [-Wdeprecated-enum-enum-conversion]
  104 | inline _InputArray::_InputArray(const std::vector<Mat>& vec) { init(STD_VECTOR_MAT+ACCESS_READ, &vec); }
      |                                                                     ~~~~~~~~~~~~~~^~~~~~~~~~~~
/usr/include/opencv4/opencv2/core/mat.inl.hpp: In constructor ‘cv::_InputArray::_InputArray(const cv::UMat&)’:
/usr/include/opencv4/opencv2/core/mat.inl.hpp:105:59: warning: arithmetic between different enumeration types ‘cv::_InputArray::KindFlag’ and ‘cv::AccessFlag’ is deprecated [-Wdeprecated-enum-enum-conversion]
  105 | inline _InputArray::_InputArray(const UMat& m) { init(UMAT+ACCESS_READ, &m); }
      |                                                       ~~~~^~~~~~~~~~~~
/usr/include/opencv4/opencv2/core/mat.inl.hpp: In constructor ‘cv::_InputArray::_InputArray(const std::vector<cv::UMat>&)’:
/usr/include/opencv4/opencv2/core/mat.inl.hpp:106:85: warning: arithmetic between different enumeration types ‘cv::_InputArray::KindFlag’ and ‘cv::AccessFlag’ is deprecated [-Wdeprecated-enum-enum-conversion]
  106 | inline _InputArray::_InputArray(const std::vector<UMat>& vec) { init(STD_VECTOR_UMAT+ACCESS_READ, &vec); }
      |                                                                      ~~~~~~~~~~~~~~~^~~~~~~~~~~~
/usr/include/opencv4/opencv2/core/mat.inl.hpp: In constructor ‘cv::_InputArray::_InputArray(const std::array<cv::Mat, _Nm>&)’:
/usr/include/opencv4/opencv2/core/mat.inl.hpp:118:22: warning: arithmetic between different enumeration types ‘cv::_InputArray::KindFlag’ and ‘cv::AccessFlag’ is deprecated [-Wdeprecated-enum-enum-conversion]
  118 | { init(STD_ARRAY_MAT + ACCESS_READ, arr.data(), Size(1, _Nm)); }
      |        ~~~~~~~~~~~~~~^~~~~~~~~~~~~
/usr/include/opencv4/opencv2/core/mat.inl.hpp: In constructor ‘cv::_InputArray::_InputArray(const cv::cuda::GpuMat&)’:
/usr/include/opencv4/opencv2/core/mat.inl.hpp:148:21: warning: arithmetic between different enumeration types ‘cv::_InputArray::KindFlag’ and ‘cv::AccessFlag’ is deprecated [-Wdeprecated-enum-enum-conversion]
  148 | { init(CUDA_GPU_MAT + ACCESS_READ, &d_mat); }
      |        ~~~~~~~~~~~~~^~~~~~~~~~~~~
/usr/include/opencv4/opencv2/core/mat.inl.hpp: In constructor ‘cv::_InputArray::_InputArray(const std::vector<cv::cuda::GpuMat>&)’:
/usr/include/opencv4/opencv2/core/mat.inl.hpp:151:38: warning: arithmetic between different enumeration types ‘cv::_InputArray::KindFlag’ and ‘cv::AccessFlag’ is deprecated [-Wdeprecated-enum-enum-conversion]
  151 | {       init(STD_VECTOR_CUDA_GPU_MAT + ACCESS_READ, &d_mat);}
      |              ~~~~~~~~~~~~~~~~~~~~~~~~^~~~~~~~~~~~~
/usr/include/opencv4/opencv2/core/mat.inl.hpp: In constructor ‘cv::_InputArray::_InputArray(const cv::ogl::Buffer&)’:
/usr/include/opencv4/opencv2/core/mat.inl.hpp:154:22: warning: arithmetic between different enumeration types ‘cv::_InputArray::KindFlag’ and ‘cv::AccessFlag’ is deprecated [-Wdeprecated-enum-enum-conversion]
  154 | { init(OPENGL_BUFFER + ACCESS_READ, &buf); }
      |        ~~~~~~~~~~~~~~^~~~~~~~~~~~~
/usr/include/opencv4/opencv2/core/mat.inl.hpp: In constructor ‘cv::_InputArray::_InputArray(const cv::cuda::HostMem&)’:
/usr/include/opencv4/opencv2/core/mat.inl.hpp:157:22: warning: arithmetic between different enumeration types ‘cv::_InputArray::KindFlag’ and ‘cv::AccessFlag’ is deprecated [-Wdeprecated-enum-enum-conversion]
  157 | { init(CUDA_HOST_MEM + ACCESS_READ, &cuda_mem); }
      |        ~~~~~~~~~~~~~~^~~~~~~~~~~~~
/usr/include/opencv4/opencv2/core/mat.inl.hpp: In constructor ‘cv::_OutputArray::_OutputArray()’:
/usr/include/opencv4/opencv2/core/mat.inl.hpp:200:49: warning: arithmetic between different enumeration types ‘cv::_InputArray::KindFlag’ and ‘cv::AccessFlag’ is deprecated [-Wdeprecated-enum-enum-conversion]
  200 | inline _OutputArray::_OutputArray() { init(NONE + ACCESS_WRITE, 0); }
      |                                            ~~~~~^~~~~~~~~~~~~~
/usr/include/opencv4/opencv2/core/mat.inl.hpp: In constructor ‘cv::_OutputArray::_OutputArray(cv::Mat&)’:
/usr/include/opencv4/opencv2/core/mat.inl.hpp:202:53: warning: arithmetic between different enumeration types ‘cv::_InputArray::KindFlag’ and ‘cv::AccessFlag’ is deprecated [-Wdeprecated-enum-enum-conversion]
  202 | inline _OutputArray::_OutputArray(Mat& m) { init(MAT+ACCESS_WRITE, &m); }
      |                                                  ~~~^~~~~~~~~~~~~
/usr/include/opencv4/opencv2/core/mat.inl.hpp: In constructor ‘cv::_OutputArray::_OutputArray(std::vector<cv::Mat>&)’:
/usr/include/opencv4/opencv2/core/mat.inl.hpp:203:80: warning: arithmetic between different enumeration types ‘cv::_InputArray::KindFlag’ and ‘cv::AccessFlag’ is deprecated [-Wdeprecated-enum-enum-conversion]
  203 | inline _OutputArray::_OutputArray(std::vector<Mat>& vec) { init(STD_VECTOR_MAT + ACCESS_WRITE, &vec); }
      |                                                                 ~~~~~~~~~~~~~~~^~~~~~~~~~~~~~
/usr/include/opencv4/opencv2/core/mat.inl.hpp: In constructor ‘cv::_OutputArray::_OutputArray(cv::UMat&)’:
/usr/include/opencv4/opencv2/core/mat.inl.hpp:204:56: warning: arithmetic between different enumeration types ‘cv::_InputArray::KindFlag’ and ‘cv::AccessFlag’ is deprecated [-Wdeprecated-enum-enum-conversion]
  204 | inline _OutputArray::_OutputArray(UMat& m) { init(UMAT + ACCESS_WRITE, &m); }
      |                                                   ~~~~~^~~~~~~~~~~~~~
/usr/include/opencv4/opencv2/core/mat.inl.hpp: In constructor ‘cv::_OutputArray::_OutputArray(std::vector<cv::UMat>&)’:
/usr/include/opencv4/opencv2/core/mat.inl.hpp:205:82: warning: arithmetic between different enumeration types ‘cv::_InputArray::KindFlag’ and ‘cv::AccessFlag’ is deprecated [-Wdeprecated-enum-enum-conversion]
  205 | inline _OutputArray::_OutputArray(std::vector<UMat>& vec) { init(STD_VECTOR_UMAT + ACCESS_WRITE, &vec); }
      |                                                                  ~~~~~~~~~~~~~~~~^~~~~~~~~~~~~~
/usr/include/opencv4/opencv2/core/mat.inl.hpp: In constructor ‘cv::_OutputArray::_OutputArray(std::array<cv::Mat, _Nm>&)’:
/usr/include/opencv4/opencv2/core/mat.inl.hpp:217:22: warning: arithmetic between different enumeration types ‘cv::_InputArray::KindFlag’ and ‘cv::AccessFlag’ is deprecated [-Wdeprecated-enum-enum-conversion]
  217 | { init(STD_ARRAY_MAT + ACCESS_WRITE, arr.data(), Size(1, _Nm)); }
      |        ~~~~~~~~~~~~~~^~~~~~~~~~~~~~
/usr/include/opencv4/opencv2/core/mat.inl.hpp: In constructor ‘cv::_OutputArray::_OutputArray(cv::cuda::GpuMat&)’:
/usr/include/opencv4/opencv2/core/mat.inl.hpp:272:21: warning: arithmetic between different enumeration types ‘cv::_InputArray::KindFlag’ and ‘cv::AccessFlag’ is deprecated [-Wdeprecated-enum-enum-conversion]
  272 | { init(CUDA_GPU_MAT + ACCESS_WRITE, &d_mat); }
      |        ~~~~~~~~~~~~~^~~~~~~~~~~~~~
/usr/include/opencv4/opencv2/core/mat.inl.hpp: In constructor ‘cv::_OutputArray::_OutputArray(std::vector<cv::cuda::GpuMat>&)’:
/usr/include/opencv4/opencv2/core/mat.inl.hpp:275:38: warning: arithmetic between different enumeration types ‘cv::_InputArray::KindFlag’ and ‘cv::AccessFlag’ is deprecated [-Wdeprecated-enum-enum-conversion]
  275 | {       init(STD_VECTOR_CUDA_GPU_MAT + ACCESS_WRITE, &d_mat);}
      |              ~~~~~~~~~~~~~~~~~~~~~~~~^~~~~~~~~~~~~~
/usr/include/opencv4/opencv2/core/mat.inl.hpp: In constructor ‘cv::_OutputArray::_OutputArray(cv::ogl::Buffer&)’:
/usr/include/opencv4/opencv2/core/mat.inl.hpp:278:22: warning: arithmetic between different enumeration types ‘cv::_InputArray::KindFlag’ and ‘cv::AccessFlag’ is deprecated [-Wdeprecated-enum-enum-conversion]
  278 | { init(OPENGL_BUFFER + ACCESS_WRITE, &buf); }
      |        ~~~~~~~~~~~~~~^~~~~~~~~~~~~~
/usr/include/opencv4/opencv2/core/mat.inl.hpp: In constructor ‘cv::_OutputArray::_OutputArray(cv::cuda::HostMem&)’:
/usr/include/opencv4/opencv2/core/mat.inl.hpp:281:22: warning: arithmetic between different enumeration types ‘cv::_InputArray::KindFlag’ and ‘cv::AccessFlag’ is deprecated [-Wdeprecated-enum-enum-conversion]
  281 | { init(CUDA_HOST_MEM + ACCESS_WRITE, &cuda_mem); }
      |        ~~~~~~~~~~~~~~^~~~~~~~~~~~~~
/usr/include/opencv4/opencv2/core/mat.inl.hpp: In constructor ‘cv::_InputOutputArray::_InputOutputArray(cv::Mat&)’:
/usr/include/opencv4/opencv2/core/mat.inl.hpp:328:63: warning: arithmetic between different enumeration types ‘cv::_InputArray::KindFlag’ and ‘cv::AccessFlag’ is deprecated [-Wdeprecated-enum-enum-conversion]
  328 | inline _InputOutputArray::_InputOutputArray(Mat& m) { init(MAT+ACCESS_RW, &m); }
      |                                                            ~~~^~~~~~~~~~
/usr/include/opencv4/opencv2/core/mat.inl.hpp: In constructor ‘cv::_InputOutputArray::_InputOutputArray(std::vector<cv::Mat>&)’:
/usr/include/opencv4/opencv2/core/mat.inl.hpp:329:89: warning: arithmetic between different enumeration types ‘cv::_InputArray::KindFlag’ and ‘cv::AccessFlag’ is deprecated [-Wdeprecated-enum-enum-conversion]
  329 | inline _InputOutputArray::_InputOutputArray(std::vector<Mat>& vec) { init(STD_VECTOR_MAT+ACCESS_RW, &vec); }
      |                                                                           ~~~~~~~~~~~~~~^~~~~~~~~~
/usr/include/opencv4/opencv2/core/mat.inl.hpp: In constructor ‘cv::_InputOutputArray::_InputOutputArray(cv::UMat&)’:
/usr/include/opencv4/opencv2/core/mat.inl.hpp:330:65: warning: arithmetic between different enumeration types ‘cv::_InputArray::KindFlag’ and ‘cv::AccessFlag’ is deprecated [-Wdeprecated-enum-enum-conversion]
  330 | inline _InputOutputArray::_InputOutputArray(UMat& m) { init(UMAT+ACCESS_RW, &m); }
      |                                                             ~~~~^~~~~~~~~~
/usr/include/opencv4/opencv2/core/mat.inl.hpp: In constructor ‘cv::_InputOutputArray::_InputOutputArray(std::vector<cv::UMat>&)’:
/usr/include/opencv4/opencv2/core/mat.inl.hpp:331:91: warning: arithmetic between different enumeration types ‘cv::_InputArray::KindFlag’ and ‘cv::AccessFlag’ is deprecated [-Wdeprecated-enum-enum-conversion]
  331 | inline _InputOutputArray::_InputOutputArray(std::vector<UMat>& vec) { init(STD_VECTOR_UMAT+ACCESS_RW, &vec); }
      |                                                                            ~~~~~~~~~~~~~~~^~~~~~~~~~
/usr/include/opencv4/opencv2/core/mat.inl.hpp: In constructor ‘cv::_InputOutputArray::_InputOutputArray(std::array<cv::Mat, _Nm>&)’:
/usr/include/opencv4/opencv2/core/mat.inl.hpp:343:22: warning: arithmetic between different enumeration types ‘cv::_InputArray::KindFlag’ and ‘cv::AccessFlag’ is deprecated [-Wdeprecated-enum-enum-conversion]
  343 | { init(STD_ARRAY_MAT + ACCESS_RW, arr.data(), Size(1, _Nm)); }
      |        ~~~~~~~~~~~~~~^~~~~~~~~~~
/usr/include/opencv4/opencv2/core/mat.inl.hpp: In constructor ‘cv::_InputOutputArray::_InputOutputArray(cv::cuda::GpuMat&)’:
/usr/include/opencv4/opencv2/core/mat.inl.hpp:398:21: warning: arithmetic between different enumeration types ‘cv::_InputArray::KindFlag’ and ‘cv::AccessFlag’ is deprecated [-Wdeprecated-enum-enum-conversion]
  398 | { init(CUDA_GPU_MAT + ACCESS_RW, &d_mat); }
      |        ~~~~~~~~~~~~~^~~~~~~~~~~
/usr/include/opencv4/opencv2/core/mat.inl.hpp: In constructor ‘cv::_InputOutputArray::_InputOutputArray(cv::ogl::Buffer&)’:
/usr/include/opencv4/opencv2/core/mat.inl.hpp:401:22: warning: arithmetic between different enumeration types ‘cv::_InputArray::KindFlag’ and ‘cv::AccessFlag’ is deprecated [-Wdeprecated-enum-enum-conversion]
  401 | { init(OPENGL_BUFFER + ACCESS_RW, &buf); }
      |        ~~~~~~~~~~~~~~^~~~~~~~~~~
/usr/include/opencv4/opencv2/core/mat.inl.hpp: In constructor ‘cv::_InputOutputArray::_InputOutputArray(cv::cuda::HostMem&)’:
/usr/include/opencv4/opencv2/core/mat.inl.hpp:404:22: warning: arithmetic between different enumeration types ‘cv::_InputArray::KindFlag’ and ‘cv::AccessFlag’ is deprecated [-Wdeprecated-enum-enum-conversion]
  404 | { init(CUDA_HOST_MEM + ACCESS_RW, &cuda_mem); }
      |        ~~~~~~~~~~~~~~^~~~~~~~~~~
In file included from /usr/include/opencv4/opencv2/highgui.hpp:51,
                 from /usr/include/opencv4/opencv2/opencv.hpp:68:
/usr/include/opencv4/opencv2/videoio.hpp: At global scope:
/usr/include/opencv4/opencv2/videoio.hpp:306:80: warning: arithmetic between different enumeration types ‘cv::<unnamed enum>’ and ‘cv::<unnamed enum>’ is deprecated [-Wdeprecated-enum-enum-conversion]
  306 | enum { CAP_OPENNI_IMAGE_GENERATOR_PRESENT         = CAP_OPENNI_IMAGE_GENERATOR + CAP_PROP_OPENNI_GENERATOR_PRESENT,
      |                                                     ~~~~~~~~~~~~~~~~~~~~~~~~~~~^~~~~~~~~~~~~~~~~~~~~~~~~~~~~~~~~~~
/usr/include/opencv4/opencv2/videoio.hpp:307:80: warning: arithmetic between different enumeration types ‘cv::<unnamed enum>’ and ‘cv::<unnamed enum>’ is deprecated [-Wdeprecated-enum-enum-conversion]
  307 |        CAP_OPENNI_IMAGE_GENERATOR_OUTPUT_MODE     = CAP_OPENNI_IMAGE_GENERATOR + CAP_PROP_OPENNI_OUTPUT_MODE,
      |                                                     ~~~~~~~~~~~~~~~~~~~~~~~~~~~^~~~~~~~~~~~~~~~~~~~~~~~~~~~~
/usr/include/opencv4/opencv2/videoio.hpp:308:80: warning: arithmetic between different enumeration types ‘cv::<unnamed enum>’ and ‘cv::<unnamed enum>’ is deprecated [-Wdeprecated-enum-enum-conversion]
  308 |        CAP_OPENNI_DEPTH_GENERATOR_PRESENT         = CAP_OPENNI_DEPTH_GENERATOR + CAP_PROP_OPENNI_GENERATOR_PRESENT,
      |                                                     ~~~~~~~~~~~~~~~~~~~~~~~~~~~^~~~~~~~~~~~~~~~~~~~~~~~~~~~~~~~~~~
/usr/include/opencv4/opencv2/videoio.hpp:309:80: warning: arithmetic between different enumeration types ‘cv::<unnamed enum>’ and ‘cv::<unnamed enum>’ is deprecated [-Wdeprecated-enum-enum-conversion]
  309 |        CAP_OPENNI_DEPTH_GENERATOR_BASELINE        = CAP_OPENNI_DEPTH_GENERATOR + CAP_PROP_OPENNI_BASELINE,
      |                                                     ~~~~~~~~~~~~~~~~~~~~~~~~~~~^~~~~~~~~~~~~~~~~~~~~~~~~~
/usr/include/opencv4/opencv2/videoio.hpp:310:80: warning: arithmetic between different enumeration types ‘cv::<unnamed enum>’ and ‘cv::<unnamed enum>’ is deprecated [-Wdeprecated-enum-enum-conversion]
  310 |        CAP_OPENNI_DEPTH_GENERATOR_FOCAL_LENGTH    = CAP_OPENNI_DEPTH_GENERATOR + CAP_PROP_OPENNI_FOCAL_LENGTH,
      |                                                     ~~~~~~~~~~~~~~~~~~~~~~~~~~~^~~~~~~~~~~~~~~~~~~~~~~~~~~~~~
/usr/include/opencv4/opencv2/videoio.hpp:311:80: warning: arithmetic between different enumeration types ‘cv::<unnamed enum>’ and ‘cv::<unnamed enum>’ is deprecated [-Wdeprecated-enum-enum-conversion]
  311 |        CAP_OPENNI_DEPTH_GENERATOR_REGISTRATION    = CAP_OPENNI_DEPTH_GENERATOR + CAP_PROP_OPENNI_REGISTRATION,
      |                                                     ~~~~~~~~~~~~~~~~~~~~~~~~~~~^~~~~~~~~~~~~~~~~~~~~~~~~~~~~~
/usr/include/opencv4/opencv2/videoio.hpp:313:77: warning: arithmetic between different enumeration types ‘cv::<unnamed enum>’ and ‘cv::<unnamed enum>’ is deprecated [-Wdeprecated-enum-enum-conversion]
  313 |        CAP_OPENNI_IR_GENERATOR_PRESENT            = CAP_OPENNI_IR_GENERATOR + CAP_PROP_OPENNI_GENERATOR_PRESENT,
      |                                                     ~~~~~~~~~~~~~~~~~~~~~~~~^~~~~~~~~~~~~~~~~~~~~~~~~~~~~~~~~~~
/usr/include/opencv4/opencv2/core/mat.inl.hpp: In instantiation of ‘cv::Mat::Mat(const cv::Matx<_Tp, m, n>&, bool) [with _Tp = double; int m = 2; int n = 3]’:
/usr/include/opencv4/opencv2/imgproc.hpp:2529:64:   required from here
/usr/include/opencv4/opencv2/core/mat.inl.hpp:533:23: warning: arithmetic between different enumeration types ‘cv::Mat::<unnamed enum>’ and ‘cv::traits::Type<double>::<unnamed enum>’ is deprecated [-Wdeprecated-enum-enum-conversion]
  533 |     : flags(MAGIC_VAL + traits::Type<_Tp>::value + CV_MAT_CONT_FLAG), dims(2), rows(m), cols(n), data(0),
      |             ~~~~~~~~~~^~~~~~~~~~~~~~~~~~~~~~~~~~
/usr/include/opencv4/opencv2/core/mat.inl.hpp: In instantiation of ‘cv::Mat::Mat(const cv::Matx<_Tp, m, n>&, bool) [with _Tp = double; int m = 2; int n = 3]’:
/usr/include/opencv4/opencv2/imgproc.hpp:2529:64:   required from here
/usr/include/opencv4/opencv2/core/mat.inl.hpp:533:23: warning: arithmetic between different enumeration types ‘cv::Mat::<unnamed enum>’ and ‘cv::traits::Type<double>::<unnamed enum>’ is deprecated [-Wdeprecated-enum-enum-conversion]
  533 |     : flags(MAGIC_VAL + traits::Type<_Tp>::value + CV_MAT_CONT_FLAG), dims(2), rows(m), cols(n), data(0),
      |             ~~~~~~~~~~^~~~~~~~~~~~~~~~~~~~~~~~~~
[ 78%] Linking CXX executable ../../bin/RefineMesh
/usr/include/opencv4/opencv2/core/mat.inl.hpp: In instantiation of ‘cv::Mat::Mat(const cv::Matx<_Tp, m, n>&, bool) [with _Tp = float; int m = 3; int n = 1]’:
/usr/include/opencv4/opencv2/core/cvstd.inl.hpp:121:44:   required from ‘std::ostream& cv::operator<<(std::ostream&, const Matx<_Tp, m, n>&) [with _Tp = float; int m = 3; int n = 1; std::ostream = std::basic_ostream<char>]’
/root/openMVS/apps/TextureMesh/../../libs/MVS/../Common/Log.h:71:8:   required from ‘SEACAVE::Log& SEACAVE::Log::operator<<(const T&) [with T = SEACAVE::TMatrix<float, 3, 1>]’
/root/openMVS/apps/TextureMesh/../../libs/MVS/../Common/Rotation.inl:711:2:   required from ‘void SEACAVE::TRMatrixBase<TYPE>::Set(const Vec&, TYPE) [with TYPE = float; Vec = SEACAVE::TMatrix<float, 3, 1>]’
/root/openMVS/apps/TextureMesh/../../libs/MVS/../Common/Rotation.inl:534:2:   required from ‘SEACAVE::TRMatrixBase<TYPE>::TRMatrixBase(const Vec&, TYPE) [with TYPE = float; Vec = SEACAVE::TMatrix<float, 3, 1>]’
/root/openMVS/apps/TextureMesh/../../libs/MVS/DepthMap.h:451:112:   required from here
/usr/include/opencv4/opencv2/core/mat.inl.hpp:533:23: warning: arithmetic between different enumeration types ‘cv::Mat::<unnamed enum>’ and ‘cv::traits::Type<float>::<unnamed enum>’ is deprecated [-Wdeprecated-enum-enum-conversion]
[ 79%] Linking CXX executable ../../bin/Tests
[ 81%] Linking CXX executable ../../bin/TransformScene
[ 81%] Built target RefineMesh
[ 81%] Built target Tests
/usr/include/opencv4/opencv2/core/mat.inl.hpp: In instantiation of ‘cv::Mat::Mat(const cv::Matx<_Tp, m, n>&, bool) [with _Tp = float; int m = 3; int n = 1]’:
/usr/include/opencv4/opencv2/core/cvstd.inl.hpp:121:44:   required from ‘std::ostream& cv::operator<<(std::ostream&, const Matx<_Tp, m, n>&) [with _Tp = float; int m = 3; int n = 1; std::ostream = std::basic_ostream<char>]’
/root/openMVS/apps/DensifyPointCloud/../../libs/MVS/../Common/Log.h:71:8:   required from ‘SEACAVE::Log& SEACAVE::Log::operator<<(const T&) [with T = SEACAVE::TMatrix<float, 3, 1>]’
/root/openMVS/apps/DensifyPointCloud/../../libs/MVS/../Common/Rotation.inl:711:2:   required from ‘void SEACAVE::TRMatrixBase<TYPE>::Set(const Vec&, TYPE) [with TYPE = float; Vec = SEACAVE::TMatrix<float, 3, 1>]’
/root/openMVS/apps/DensifyPointCloud/../../libs/MVS/../Common/Rotation.inl:534:2:   required from ‘SEACAVE::TRMatrixBase<TYPE>::TRMatrixBase(const Vec&, TYPE) [with TYPE = float; Vec = SEACAVE::TMatrix<float, 3, 1>]’
/root/openMVS/apps/DensifyPointCloud/../../libs/MVS/DepthMap.h:451:112:   required from here
/usr/include/opencv4/opencv2/core/mat.inl.hpp:533:23: warning: arithmetic between different enumeration types ‘cv::Mat::<unnamed enum>’ and ‘cv::traits::Type<float>::<unnamed enum>’ is deprecated [-Wdeprecated-enum-enum-conversion]
[ 82%] Linking CXX executable ../../bin/ReconstructMesh
[ 82%] Built target TransformScene
/root/openMVS/libs/MVS/PythonWrapper.cpp: In member function ‘void pyMVS::Scene::pyCleanMesh(float, float, bool, unsigned int, unsigned int, float, bool)’:
/root/openMVS/libs/MVS/PythonWrapper.cpp:92:38: warning: unused variable ‘numVertices’ [-Wunused-variable]
   92 |                         const size_t numVertices = mesh.vertices.size();
      |                                      ^~~~~~~~~~~
/root/openMVS/libs/MVS/PythonWrapper.cpp:93:38: warning: unused variable ‘numFaces’ [-Wunused-variable]
   93 |                         const size_t numFaces = mesh.faces.size();
      |                                      ^~~~~~~~
/usr/include/opencv4/opencv2/core/mat.inl.hpp: In instantiation of ‘cv::Mat::Mat(const cv::Matx<_Tp, m, n>&, bool) [with _Tp = double; int m = 2; int n = 3]’:
/usr/include/opencv4/opencv2/imgproc.hpp:2529:64:   required from here
/usr/include/opencv4/opencv2/core/mat.inl.hpp:533:23: warning: arithmetic between different enumeration types ‘cv::Mat::<unnamed enum>’ and ‘cv::traits::Type<double>::<unnamed enum>’ is deprecated [-Wdeprecated-enum-enum-conversion]
  533 |     : flags(MAGIC_VAL + traits::Type<_Tp>::value + CV_MAT_CONT_FLAG), dims(2), rows(m), cols(n), data(0),
      |             ~~~~~~~~~~^~~~~~~~~~~~~~~~~~~~~~~~~~
[ 83%] Linking CXX executable ../../bin/InterfaceMetashape
[ 83%] Built target ReconstructMesh
/usr/include/opencv4/opencv2/core/mat.inl.hpp: In instantiation of ‘cv::Mat::Mat(const cv::Matx<_Tp, m, n>&, bool) [with _Tp = float; int m = 3; int n = 1]’:
/usr/include/opencv4/opencv2/core/cvstd.inl.hpp:121:44:   required from ‘std::ostream& cv::operator<<(std::ostream&, const Matx<_Tp, m, n>&) [with _Tp = float; int m = 3; int n = 1; std::ostream = std::basic_ostream<char>]’
/root/openMVS/libs/MVS/../Common/Log.h:71:8:   required from ‘SEACAVE::Log& SEACAVE::Log::operator<<(const T&) [with T = SEACAVE::TMatrix<float, 3, 1>]’
/root/openMVS/libs/MVS/../Common/Rotation.inl:711:2:   required from ‘void SEACAVE::TRMatrixBase<TYPE>::Set(const Vec&, TYPE) [with TYPE = float; Vec = SEACAVE::TMatrix<float, 3, 1>]’
/root/openMVS/libs/MVS/../Common/Rotation.inl:534:2:   required from ‘SEACAVE::TRMatrixBase<TYPE>::TRMatrixBase(const Vec&, TYPE) [with TYPE = float; Vec = SEACAVE::TMatrix<float, 3, 1>]’
/root/openMVS/libs/MVS/DepthMap.h:451:112:   required from here
/usr/include/opencv4/opencv2/core/mat.inl.hpp:533:23: warning: arithmetic between different enumeration types ‘cv::Mat::<unnamed enum>’ and ‘cv::traits::Type<float>::<unnamed enum>’ is deprecated [-Wdeprecated-enum-enum-conversion]
[ 83%] Built target InterfaceMetashape
[ 84%] Linking CXX executable ../../bin/TextureMesh
[ 86%] Linking CXX executable ../../bin/InterfaceMVSNet
[ 86%] Built target TextureMesh
[ 86%] Built target InterfaceMVSNet
[ 87%] Linking CXX executable ../../bin/DensifyPointCloud
[ 88%] Linking CXX executable ../../bin/InterfaceCOLMAP
[ 89%] Linking CXX executable ../../bin/InterfacePolycam
[ 89%] Built target DensifyPointCloud
[ 89%] Built target InterfaceCOLMAP
[ 91%] Linking CXX shared library ../../lib/pyOpenMVS.so
[ 91%] Built target InterfacePolycam
[ 91%] Built target pyOpenMVS
[ 98%] Building CXX object apps/Viewer/CMakeFiles/Viewer.dir/Window.cpp.o
[ 98%] Building CXX object apps/Viewer/CMakeFiles/Viewer.dir/Common.cpp.o
[ 98%] Building CXX object apps/Viewer/CMakeFiles/Viewer.dir/Image.cpp.o
[ 98%] Building CXX object apps/Viewer/CMakeFiles/Viewer.dir/Scene.cpp.o
[ 98%] Building CXX object apps/Viewer/CMakeFiles/Viewer.dir/Viewer.cpp.o
[ 98%] Building CXX object apps/Viewer/CMakeFiles/Viewer.dir/Camera.cpp.o
[100%] Linking CXX executable ../../bin/Viewer
[100%] Built target Viewer
[ 13%] Built target Common
[ 21%] Built target Math
[ 39%] Built target IO
[ 62%] Built target MVS
[ 64%] Built target pyOpenMVS
[ 67%] Built target InterfaceCOLMAP
[ 69%] Built target InterfaceMetashape
[ 72%] Built target InterfaceMVSNet
[ 74%] Built target InterfacePolycam
[ 77%] Built target DensifyPointCloud
[ 79%] Built target ReconstructMesh
[ 82%] Built target RefineMesh
[ 84%] Built target TextureMesh
[ 87%] Built target TransformScene
[ 97%] Built target Viewer
[100%] Built target Tests
Install the project...
-- Install configuration: "Release"
-- Installing: /usr/local/lib/cmake/OpenMVS/OpenMVSTargets.cmake
-- Installing: /usr/local/lib/cmake/OpenMVS/OpenMVSTargets-release.cmake
-- Installing: /usr/local/include/OpenMVS/ConfigLocal.h
-- Installing: /usr/local/lib/cmake/OpenMVS/OpenMVSConfig.cmake
-- Installing: /usr/local/lib/cmake/OpenMVS/OpenMVSConfigVersion.cmake
-- Installing: /usr/local/include/OpenMVS/MVS.h
-- Installing: /usr/local/lib/OpenMVS/libCommon.a
-- Installing: /usr/local/include/OpenMVS/Common/AABB.h
-- Installing: /usr/local/include/OpenMVS/Common/AABB.inl
-- Up-to-date: /usr/local/include/OpenMVS/Common/AutoEstimator.h
-- Up-to-date: /usr/local/include/OpenMVS/Common/AutoPtr.h
-- Installing: /usr/local/include/OpenMVS/Common/Common.h
-- Installing: /usr/local/include/OpenMVS/Common/Config.h
-- Up-to-date: /usr/local/include/OpenMVS/Common/ConfigTable.h
-- Up-to-date: /usr/local/include/OpenMVS/Common/CriticalSection.h
-- Up-to-date: /usr/local/include/OpenMVS/Common/EventQueue.h
-- Installing: /usr/local/include/OpenMVS/Common/FastDelegate.h
-- Installing: /usr/local/include/OpenMVS/Common/FastDelegateBind.h
-- Installing: /usr/local/include/OpenMVS/Common/FastDelegateCPP11.h
-- Installing: /usr/local/include/OpenMVS/Common/File.h
-- Up-to-date: /usr/local/include/OpenMVS/Common/Filters.h
-- Installing: /usr/local/include/OpenMVS/Common/HTMLDoc.h
-- Up-to-date: /usr/local/include/OpenMVS/Common/HalfFloat.h
-- Up-to-date: /usr/local/include/OpenMVS/Common/Hash.h
-- Up-to-date: /usr/local/include/OpenMVS/Common/Line.h
-- Up-to-date: /usr/local/include/OpenMVS/Common/Line.inl
-- Up-to-date: /usr/local/include/OpenMVS/Common/LinkLib.h
-- Installing: /usr/local/include/OpenMVS/Common/List.h
-- Installing: /usr/local/include/OpenMVS/Common/Log.h
-- Up-to-date: /usr/local/include/OpenMVS/Common/MemFile.h
-- Installing: /usr/local/include/OpenMVS/Common/OBB.h
-- Installing: /usr/local/include/OpenMVS/Common/OBB.inl
-- Up-to-date: /usr/local/include/OpenMVS/Common/Octree.h
-- Installing: /usr/local/include/OpenMVS/Common/Octree.inl
-- Installing: /usr/local/include/OpenMVS/Common/Plane.h
-- Installing: /usr/local/include/OpenMVS/Common/Plane.inl
-- Up-to-date: /usr/local/include/OpenMVS/Common/Queue.h
-- Up-to-date: /usr/local/include/OpenMVS/Common/Random.h
-- Installing: /usr/local/include/OpenMVS/Common/Ray.h
-- Installing: /usr/local/include/OpenMVS/Common/Ray.inl
-- Installing: /usr/local/include/OpenMVS/Common/Rotation.h
-- Installing: /usr/local/include/OpenMVS/Common/Rotation.inl
-- Up-to-date: /usr/local/include/OpenMVS/Common/SML.h
-- Installing: /usr/local/include/OpenMVS/Common/Sampler.inl
-- Up-to-date: /usr/local/include/OpenMVS/Common/Semaphore.h
-- Up-to-date: /usr/local/include/OpenMVS/Common/SharedPtr.h
-- Up-to-date: /usr/local/include/OpenMVS/Common/Sphere.h
-- Up-to-date: /usr/local/include/OpenMVS/Common/Sphere.inl
-- Up-to-date: /usr/local/include/OpenMVS/Common/Streams.h
-- Up-to-date: /usr/local/include/OpenMVS/Common/Strings.h
-- Up-to-date: /usr/local/include/OpenMVS/Common/Thread.h
-- Installing: /usr/local/include/OpenMVS/Common/Timer.h
-- Installing: /usr/local/include/OpenMVS/Common/Types.h
-- Installing: /usr/local/include/OpenMVS/Common/Types.inl
-- Installing: /usr/local/include/OpenMVS/Common/Util.h
-- Installing: /usr/local/include/OpenMVS/Common/Util.inl
-- Installing: /usr/local/include/OpenMVS/Common/UtilCUDA.h
-- Installing: /usr/local/include/OpenMVS/Math/Common.h
-- Installing: /usr/local/include/OpenMVS/Math/LBP.h
-- Up-to-date: /usr/local/include/OpenMVS/Math/RobustNorms.h
-- Installing: /usr/local/include/OpenMVS/Math/SimilarityTransform.h
-- Installing: /usr/local/include/OpenMVS/Math/IBFS/IBFS.h
-- Up-to-date: /usr/local/include/OpenMVS/Math/LMFit/lmmin.h
-- Installing: /usr/local/include/OpenMVS/Math/TRWS/MRFEnergy.h
-- Installing: /usr/local/include/OpenMVS/Math/TRWS/MRFEnergy.inl
-- Installing: /usr/local/include/OpenMVS/Math/TRWS/instances.h
-- Installing: /usr/local/include/OpenMVS/Math/TRWS/minimize.inl
-- Installing: /usr/local/include/OpenMVS/Math/TRWS/ordering.inl
-- Installing: /usr/local/include/OpenMVS/Math/TRWS/treeProbabilities.inl
-- Installing: /usr/local/include/OpenMVS/Math/TRWS/typeBinary.h
-- Installing: /usr/local/include/OpenMVS/Math/TRWS/typeBinaryFast.h
-- Installing: /usr/local/include/OpenMVS/Math/TRWS/typeGeneral.h
-- Installing: /usr/local/include/OpenMVS/Math/TRWS/typePotts.h
-- Installing: /usr/local/include/OpenMVS/Math/TRWS/typeTruncatedLinear.h
-- Installing: /usr/local/include/OpenMVS/Math/TRWS/typeTruncatedLinear2D.h
-- Installing: /usr/local/include/OpenMVS/Math/TRWS/typeTruncatedQuadratic.h
-- Installing: /usr/local/include/OpenMVS/Math/TRWS/typeTruncatedQuadratic2D.h
-- Installing: /usr/local/lib/OpenMVS/libMath.a
-- Installing: /usr/local/lib/OpenMVS/libIO.a
-- Installing: /usr/local/include/OpenMVS/IO/Common.h
-- Installing: /usr/local/include/OpenMVS/IO/Image.h
-- Installing: /usr/local/include/OpenMVS/IO/ImageBMP.h
-- Installing: /usr/local/include/OpenMVS/IO/ImageDDS.h
-- Installing: /usr/local/include/OpenMVS/IO/ImageJPG.h
-- Installing: /usr/local/include/OpenMVS/IO/ImagePNG.h
-- Installing: /usr/local/include/OpenMVS/IO/ImageSCI.h
-- Installing: /usr/local/include/OpenMVS/IO/ImageTGA.h
-- Installing: /usr/local/include/OpenMVS/IO/ImageTIFF.h
-- Up-to-date: /usr/local/include/OpenMVS/IO/OBJ.h
-- Installing: /usr/local/include/OpenMVS/IO/PLY.h
-- Up-to-date: /usr/local/include/OpenMVS/IO/TinyXML2.h
-- Up-to-date: /usr/local/include/OpenMVS/IO/tiny_gltf.h
-- Installing: /usr/local/lib/pyOpenMVS.so
-- Installing: /usr/local/lib/OpenMVS/libMVS.a
-- Installing: /usr/local/include/OpenMVS/MVS/Camera.h
-- Up-to-date: /usr/local/include/OpenMVS/MVS/Common.h
-- Installing: /usr/local/include/OpenMVS/MVS/DepthMap.h
-- Installing: /usr/local/include/OpenMVS/MVS/Image.h
-- Up-to-date: /usr/local/include/OpenMVS/MVS/Interface.h
-- Installing: /usr/local/include/OpenMVS/MVS/Mesh.h
-- Installing: /usr/local/include/OpenMVS/MVS/PatchMatchCUDA.h
-- Installing: /usr/local/include/OpenMVS/MVS/PatchMatchCUDA.inl
-- Up-to-date: /usr/local/include/OpenMVS/MVS/Platform.h
-- Installing: /usr/local/include/OpenMVS/MVS/PointCloud.h
-- Installing: /usr/local/include/OpenMVS/MVS/RectsBinPack.h
-- Installing: /usr/local/include/OpenMVS/MVS/Scene.h
-- Installing: /usr/local/include/OpenMVS/MVS/SceneDensify.h
-- Installing: /usr/local/include/OpenMVS/MVS/SemiGlobalMatcher.h
-- Installing: /usr/local/bin/OpenMVS/InterfaceCOLMAP
-- Installing: /usr/local/bin/OpenMVS/InterfaceMetashape
-- Installing: /usr/local/bin/OpenMVS/InterfaceMVSNet
-- Installing: /usr/local/bin/OpenMVS/InterfacePolycam
-- Installing: /usr/local/bin/OpenMVS/DensifyPointCloud
-- Installing: /usr/local/bin/OpenMVS/ReconstructMesh
-- Installing: /usr/local/bin/OpenMVS/RefineMesh
-- Installing: /usr/local/bin/OpenMVS/TextureMesh
-- Installing: /usr/local/bin/OpenMVS/TransformScene
-- Installing: /usr/local/bin/OpenMVS/Viewer
-- Installing: /usr/local/bin/OpenMVS/Tests
MVS230B_OK
