[DIFFMVS_DIR] /root/diffmvs exists= True
[info] 轨迹总帧数 = 833
[info] 抽帧 stride=5 -> 选中 150 帧: 0..745
[info] 尺寸对齐: 640x640 --crop--> 640x480 (off 0,80) --scale 1.200000--> 768x576
[info] 图像分辨率 = 768x576, 共写出 150 帧 image/depth
[info] 计算共视分数矩阵(几何一致性 + 官方 view-selection score)...
  ref 0/150 done
[DIFFMVS_DIR] /root/diffmvs exists= True
[info] 轨迹总帧数 = 1038
[info] 抽帧 stride=5 -> 选中 150 帧: 0..745
[info] 尺寸对齐: 640x640 --crop--> 640x480 (off 0,80) --scale 1.200000--> 768x576
[info] 图像分辨率 = 768x576, 共写出 150 帧 image/depth
[info] 计算共视分数矩阵(几何一致性 + 官方 view-selection score)...
[DIFFMVS_DIR] /root/diffmvs exists= True
[DIFFMVS_DIR] /root/diffmvs exists= True
[info] 轨迹总帧数 = 1182
[info] 抽帧 stride=5 -> 选中 150 帧: 0..745
[info] 尺寸对齐: 640x640 --crop--> 640x480 (off 0,80) --scale 1.200000--> 768x576
[info] 轨迹总帧数 = 1298
[info] 抽帧 stride=5 -> 选中 150 帧: 0..745
[info] 尺寸对齐: 640x640 --crop--> 640x480 (off 0,80) --scale 1.200000--> 768x576
[info] 图像分辨率 = 768x576, 共写出 150 帧 image/depth
[info] 计算共视分数矩阵(几何一致性 + 官方 view-selection score)...
  ref 0/150 done
[info] 图像分辨率 = 768x576, 共写出 150 帧 image/depth
[info] 计算共视分数矩阵(几何一致性 + 官方 view-selection score)...
[DIFFMVS_DIR] /root/diffmvs exists= True
[info] 轨迹总帧数 = 1587
[info] 抽帧 stride=5 -> 选中 150 帧: 0..745
[info] 尺寸对齐: 640x640 --crop--> 640x480 (off 0,80) --scale 1.200000--> 768x576
  ref 0/150 done
[info] 图像分辨率 = 768x576, 共写出 150 帧 image/depth
[info] 计算共视分数矩阵(几何一致性 + 官方 view-selection score)...
[DIFFMVS_DIR] /root/diffmvs exists= True
[DIFFMVS_DIR] /root/diffmvs exists= True
[info] 轨迹总帧数 = 2516
[info] 抽帧 stride=5 -> 选中 150 帧: 0..745
[info] 尺寸对齐: 640x640 --crop--> 640x480 (off 0,80) --scale 1.200000--> 768x576
  ref 0/150 done
[info] 轨迹总帧数 = 2511
[info] 抽帧 stride=5 -> 选中 150 帧: 0..745
[info] 尺寸对齐: 640x640 --crop--> 640x480 (off 0,80) --scale 1.200000--> 768x576
[info] 图像分辨率 = 768x576, 共写出 150 帧 image/depth
[info] 计算共视分数矩阵(几何一致性 + 官方 view-selection score)...
[info] 图像分辨率 = 768x576, 共写出 150 帧 image/depth
[info] 计算共视分数矩阵(几何一致性 + 官方 view-selection score)...
[DIFFMVS_DIR] /root/diffmvs exists= True
[info] 轨迹总帧数 = 3234
[info] 抽帧 stride=5 -> 选中 150 帧: 0..745
[info] 尺寸对齐: 640x640 --crop--> 640x480 (off 0,80) --scale 1.200000--> 768x576
[info] 图像分辨率 = 768x576, 共写出 150 帧 image/depth
[info] 计算共视分数矩阵(几何一致性 + 官方 view-selection score)...
  ref 0/150 done
  ref 0/150 done
  ref 0/150 done
  ref 0/150 done
  ref 20/150 done
  ref 20/150 done
  ref 20/150 done
  ref 20/150 done
  ref 20/150 done
  ref 20/150 done
  ref 20/150 done
  ref 20/150 done
[DIFFMVS_DIR] /root/diffmvs exists= True
[info] 轨迹总帧数 = 833
[info] 抽帧 stride=5 -> 选中 150 帧: 0..745
[info] 尺寸对齐: 640x640 --crop--> 640x480 (off 0,80) --scale 1.200000--> 768x576
[info] 图像分辨率 = 768x576, 共写出 150 帧 image/depth
[info] 计算共视分数矩阵(几何一致性 + 官方 view-selection score)...
  ref 0/150 done
[DIFFMVS_DIR] /root/diffmvs exists= True
[info] 轨迹总帧数 = 1038
[info] 抽帧 stride=5 -> 选中 150 帧: 0..745
[info] 尺寸对齐: 640x640 --crop--> 640x480 (off 0,80) --scale 1.200000--> 768x576
[info] 图像分辨率 = 768x576, 共写出 150 帧 image/depth
[info] 计算共视分数矩阵(几何一致性 + 官方 view-selection score)...
  ref 0/150 done
[DIFFMVS_DIR] /root/diffmvs exists= True
[info] 轨迹总帧数 = 1182
[info] 抽帧 stride=5 -> 选中 150 帧: 0..745
[info] 尺寸对齐: 640x640 --crop--> 640x480 (off 0,80) --scale 1.200000--> 768x576
[info] 图像分辨率 = 768x576, 共写出 150 帧 image/depth
[DIFFMVS_DIR] /root/diffmvs exists= True
[info] 计算共视分数矩阵(几何一致性 + 官方 view-selection score)...
[info] 轨迹总帧数 = 1298
[info] 抽帧 stride=5 -> 选中 150 帧: 0..745
[info] 尺寸对齐: 640x640 --crop--> 640x480 (off 0,80) --scale 1.200000--> 768x576
[info] 图像分辨率 = 768x576, 共写出 150 帧 image/depth
[info] 计算共视分数矩阵(几何一致性 + 官方 view-selection score)...
  ref 0/150 done
  ref 0/150 done
[DIFFMVS_DIR] /root/diffmvs exists= True
[info] 轨迹总帧数 = 1587
[info] 抽帧 stride=5 -> 选中 150 帧: 0..745
[info] 尺寸对齐: 640x640 --crop--> 640x480 (off 0,80) --scale 1.200000--> 768x576
[info] 图像分辨率 = 768x576, 共写出 150 帧 image/depth
[info] 计算共视分数矩阵(几何一致性 + 官方 view-selection score)...
  ref 0/150 done
[DIFFMVS_DIR] /root/diffmvs exists= True
[DIFFMVS_DIR] /root/diffmvs exists= True
[info] 轨迹总帧数 = 2516
[info] 抽帧 stride=5 -> 选中 150 帧: 0..745
[info] 尺寸对齐: 640x640 --crop--> 640x480 (off 0,80) --scale 1.200000--> 768x576
[info] 轨迹总帧数 = 2511
[info] 抽帧 stride=5 -> 选中 150 帧: 0..745
[info] 尺寸对齐: 640x640 --crop--> 640x480 (off 0,80) --scale 1.200000--> 768x576
[info] 图像分辨率 = 768x576, 共写出 150 帧 image/depth
[info] 计算共视分数矩阵(几何一致性 + 官方 view-selection score)...
[info] 图像分辨率 = 768x576, 共写出 150 帧 image/depth
[info] 计算共视分数矩阵(几何一致性 + 官方 view-selection score)...
  ref 0/150 done
  ref 0/150 done
  ref 20/150 done
[DIFFMVS_DIR] /root/diffmvs exists= True
[info] 轨迹总帧数 = 852
[info] 抽帧 stride=5 -> 选中 150 帧: 0..745
[info] 尺寸对齐: 640x640 --crop--> 640x480 (off 0,80) --scale 1.200000--> 768x576
[info] 图像分辨率 = 768x576, 共写出 150 帧 image/depth
[info] 计算共视分数矩阵(几何一致性 + 官方 view-selection score)...
  ref 0/150 done
  ref 20/150 done
  ref 20/150 done
  ref 20/150 done
  ref 20/150 done
  ref 20/150 done
  ref 20/150 done
  ref 40/150 done
  ref 20/150 done
  ref 40/150 done
  ref 40/150 done
  ref 40/150 done
  ref 60/150 done
  ref 40/150 done
  ref 40/150 done
  ref 40/150 done
  ref 40/150 done
  ref 60/150 done
  ref 80/150 done
  ref 60/150 done
  ref 60/150 done
  ref 60/150 done
  ref 60/150 done
  ref 60/150 done
  ref 80/150 done
  ref 60/150 done
  ref 100/150 done
  ref 80/150 done
  ref 80/150 done
  ref 80/150 done
  ref 80/150 done
  ref 100/150 done
  ref 80/150 done
  ref 80/150 done
  ref 120/150 done
  ref 100/150 done
  ref 100/150 done
  ref 100/150 done
  ref 100/150 done
  ref 100/150 done
  ref 120/150 done
  ref 100/150 done
  ref 140/150 done
[info] 写出 pair.txt: /root/tg_conv/tg_AbandonedCable_omni_P0001/cams/pair.txt
[info] 每 ref 的 src 数: min=10 median=10 max=10; src>=8 的 ref 数 = 150/150
[info] 共视分数矩阵非零条目: 9233/22500, 平均每 ref 可用 src 数 = 61.55
[info] 写出 listfile: /root/tg_conv/lists/train.txt
[done]
  ref 120/150 done
  ref 120/150 done
  ref 120/150 done
[DIFFMVS_DIR] /root/diffmvs exists= True
  ref 120/150 done
[info] 轨迹总帧数 = 545
[info] 抽帧 stride=5 -> 选中 109 帧: 0..540
[info] 尺寸对齐: 640x640 --crop--> 640x480 (off 0,80) --scale 1.200000--> 768x576
[info] 图像分辨率 = 768x576, 共写出 109 帧 image/depth
[info] 计算共视分数矩阵(几何一致性 + 官方 view-selection score)...
  ref 0/109 done
  ref 120/150 done
  ref 120/150 done
  ref 140/150 done
  ref 20/109 done
[info] 写出 pair.txt: /root/tg_conv/tg_AbandonedFactory_omni_P0002/cams/pair.txt
[info] 每 ref 的 src 数: min=10 median=10 max=10; src>=8 的 ref 数 = 150/150
[info] 共视分数矩阵非零条目: 8938/22500, 平均每 ref 可用 src 数 = 59.59
[info] 写出 listfile: /root/tg_conv/lists/train.txt
[done]
  ref 140/150 done
  ref 140/150 done
  ref 140/150 done
  ref 140/150 done
[DIFFMVS_DIR] /root/diffmvs exists= True
[info] 轨迹总帧数 = 1776
[info] 抽帧 stride=5 -> 选中 150 帧: 0..745
[info] 尺寸对齐: 640x640 --crop--> 640x480 (off 0,80) --scale 1.200000--> 768x576
[info] 图像分辨率 = 768x576, 共写出 150 帧 image/depth
[info] 计算共视分数矩阵(几何一致性 + 官方 view-selection score)...
  ref 0/150 done
  ref 140/150 done
  ref 140/150 done
  ref 40/109 done
[info] 写出 pair.txt: /root/tg_conv/tg_AbandonedCable_omni_P0004/cams/pair.txt
[info] 每 ref 的 src 数: min=10 median=10 max=10; src>=8 的 ref 数 = 150/150
[info] 共视分数矩阵非零条目: 10021/22500, 平均每 ref 可用 src 数 = 66.81
[info] 写出 listfile: /root/tg_conv/lists/train.txt
[done]
[info] 写出 pair.txt: /root/tg_conv/tg_AbandonedCable_omni_P0000/cams/pair.txt
[info] 每 ref 的 src 数: min=10 median=10 max=10; src>=8 的 ref 数 = 150/150
[info] 共视分数矩阵非零条目: 15243/22500, 平均每 ref 可用 src 数 = 101.62
[info] 写出 listfile: /root/tg_conv/lists/train.txt
[done]
[DIFFMVS_DIR] /root/diffmvs exists= True
[info] 轨迹总帧数 = 742
[info] 抽帧 stride=5 -> 选中 149 帧: 0..740
[info] 尺寸对齐: 640x640 --crop--> 640x480 (off 0,80) --scale 1.200000--> 768x576
[info] 图像分辨率 = 768x576, 共写出 149 帧 image/depth
[info] 计算共视分数矩阵(几何一致性 + 官方 view-selection score)...
[info] 写出 pair.txt: /root/tg_conv/tg_AbandonedFactory_omni_P0000/cams/pair.txt
[info] 每 ref 的 src 数: min=10 median=10 max=10; src>=8 的 ref 数 = 150/150
[info] 共视分数矩阵非零条目: 12743/22500, 平均每 ref 可用 src 数 = 84.95
[info] 写出 listfile: /root/tg_conv/lists/train.txt
[done]
  ref 0/149 done
[info] 写出 pair.txt: /root/tg_conv/tg_AbandonedFactory2_omni_P0001/cams/pair.txt
[info] 每 ref 的 src 数: min=10 median=10 max=10; src>=8 的 ref 数 = 150/150
[info] 共视分数矩阵非零条目: 10810/22500, 平均每 ref 可用 src 数 = 72.07
[info] 写出 listfile: /root/tg_conv/lists/train.txt
[done]
[DIFFMVS_DIR] /root/diffmvs exists= True
[info] 轨迹总帧数 = 852
[info] 抽帧 stride=5 -> 选中 150 帧: 0..745
[info] 尺寸对齐: 640x640 --crop--> 640x480 (off 0,80) --scale 1.200000--> 768x576
[info] 写出 pair.txt: /root/tg_conv/tg_AbandonedFactory_omni_P0001/cams/pair.txt
[info] 每 ref 的 src 数: min=10 median=10 max=10; src>=8 的 ref 数 = 150/150
[info] 共视分数矩阵非零条目: 12869/22500, 平均每 ref 可用 src 数 = 85.79
[info] 写出 listfile: /root/tg_conv/lists/train.txt
[done]
[info] 图像分辨率 = 768x576, 共写出 150 帧 image/depth
[info] 计算共视分数矩阵(几何一致性 + 官方 view-selection score)...
[info] 写出 pair.txt: /root/tg_conv/tg_AbandonedCable_omni_P0002/cams/pair.txt
[info] 每 ref 的 src 数: min=2 median=10 max=10; src>=8 的 ref 数 = 148/150
[info] 共视分数矩阵非零条目: 12282/22500, 平均每 ref 可用 src 数 = 81.88
[info] 写出 listfile: /root/tg_conv/lists/train.txt
[done]
  ref 0/150 done
[DIFFMVS_DIR] /root/diffmvs exists= True
[info] 轨迹总帧数 = 1090
[info] 抽帧 stride=5 -> 选中 150 帧: 0..745
[info] 尺寸对齐: 640x640 --crop--> 640x480 (off 0,80) --scale 1.200000--> 768x576
[info] 图像分辨率 = 768x576, 共写出 150 帧 image/depth
[info] 计算共视分数矩阵(几何一致性 + 官方 view-selection score)...
[DIFFMVS_DIR] /root/diffmvs exists= True
[info] 轨迹总帧数 = 463
[info] 抽帧 stride=5 -> 选中 93 帧: 0..460
[info] 尺寸对齐: 640x640 --crop--> 640x480 (off 0,80) --scale 1.200000--> 768x576
  ref 0/150 done
[info] 图像分辨率 = 768x576, 共写出 93 帧 image/depth
[info] 计算共视分数矩阵(几何一致性 + 官方 view-selection score)...
[DIFFMVS_DIR] /root/diffmvs exists= True
[info] 轨迹总帧数 = 730
[info] 抽帧 stride=5 -> 选中 146 帧: 0..725
[info] 尺寸对齐: 640x640 --crop--> 640x480 (off 0,80) --scale 1.200000--> 768x576
[info] 图像分辨率 = 768x576, 共写出 146 帧 image/depth
[info] 计算共视分数矩阵(几何一致性 + 官方 view-selection score)...
  ref 0/93 done
  ref 0/146 done
[DIFFMVS_DIR] /root/diffmvs exists= True
[info] 轨迹总帧数 = 2560
[info] 抽帧 stride=5 -> 选中 150 帧: 0..745
[info] 尺寸对齐: 640x640 --crop--> 640x480 (off 0,80) --scale 1.200000--> 768x576
[info] 图像分辨率 = 768x576, 共写出 150 帧 image/depth
[info] 计算共视分数矩阵(几何一致性 + 官方 view-selection score)...
  ref 60/109 done
  ref 0/150 done
  ref 20/150 done
  ref 20/93 done
  ref 20/150 done
  ref 80/109 done
  ref 20/149 done
  ref 20/150 done
  ref 20/146 done
  ref 40/93 done
  ref 20/150 done
  ref 40/150 done
  ref 100/109 done
  ref 40/150 done
  ref 60/93 done
[info] 写出 pair.txt: /root/tg_conv/tg_AbandonedFactory_omni_P0005/cams/pair.txt
[info] 每 ref 的 src 数: min=10 median=10 max=10; src>=8 的 ref 数 = 109/109
[info] 共视分数矩阵非零条目: 4823/11881, 平均每 ref 可用 src 数 = 44.25
[info] 写出 listfile: /root/tg_conv/lists/train.txt
[done]
  ref 40/149 done
[DIFFMVS_DIR] /root/diffmvs exists= True
[info] 轨迹总帧数 = 984
[info] 抽帧 stride=5 -> 选中 150 帧: 0..745
[info] 尺寸对齐: 640x640 --crop--> 640x480 (off 0,80) --scale 1.200000--> 768x576
[info] 图像分辨率 = 768x576, 共写出 150 帧 image/depth
[info] 计算共视分数矩阵(几何一致性 + 官方 view-selection score)...
  ref 0/150 done
  ref 40/150 done
  ref 40/146 done
  ref 40/150 done
  ref 60/150 done
  ref 80/93 done
  ref 60/150 done
  ref 60/150 done
[info] 写出 pair.txt: /root/tg_conv/tg_AbandonedFactory2_omni_P0000/cams/pair.txt
[info] 每 ref 的 src 数: min=10 median=10 max=10; src>=8 的 ref 数 = 93/93
[info] 共视分数矩阵非零条目: 4891/8649, 平均每 ref 可用 src 数 = 52.59
[info] 写出 listfile: /root/tg_conv/lists/train.txt
[done]
  ref 20/150 done
  ref 60/149 done
  ref 60/150 done
  ref 80/150 done
[DIFFMVS_DIR] /root/diffmvs exists= True
[info] 轨迹总帧数 = 2663
[info] 抽帧 stride=5 -> 选中 150 帧: 0..745
[info] 尺寸对齐: 640x640 --crop--> 640x480 (off 0,80) --scale 1.200000--> 768x576
  ref 60/146 done
[info] 图像分辨率 = 768x576, 共写出 150 帧 image/depth
[info] 计算共视分数矩阵(几何一致性 + 官方 view-selection score)...
  ref 0/150 done
  ref 80/150 done
  ref 80/149 done
  ref 80/150 done
  ref 40/150 done
  ref 80/150 done
  ref 100/150 done
  ref 20/150 done
  ref 80/146 done
  ref 100/150 done
  ref 100/149 done
  ref 60/150 done
  ref 120/150 done
  ref 100/150 done
  ref 100/146 done
  ref 100/150 done
  ref 40/150 done
  ref 120/150 done
  ref 120/149 done
  ref 140/150 done
  ref 80/150 done
  ref 120/150 done
  ref 120/146 done
  ref 60/150 done
  ref 120/150 done
[info] 写出 pair.txt: /root/tg_conv/tg_AbandonedSchool_omni_P0000/cams/pair.txt
[info] 每 ref 的 src 数: min=10 median=10 max=10; src>=8 的 ref 数 = 150/150
[info] 共视分数矩阵非零条目: 13996/22500, 平均每 ref 可用 src 数 = 93.31
[info] 写出 listfile: /root/tg_conv/lists/train.txt
[done]
[DIFFMVS_DIR] /root/diffmvs exists= True
[info] 轨迹总帧数 = 895
[info] 抽帧 stride=5 -> 选中 150 帧: 0..745
[info] 尺寸对齐: 640x640 --crop--> 640x480 (off 0,80) --scale 1.200000--> 768x576
[info] 图像分辨率 = 768x576, 共写出 150 帧 image/depth
[info] 计算共视分数矩阵(几何一致性 + 官方 view-selection score)...
  ref 0/150 done
  ref 140/149 done
  ref 140/150 done
  ref 100/150 done
  ref 140/150 done
  ref 80/150 done
  ref 140/146 done
[info] 写出 pair.txt: /root/tg_conv/tg_AbandonedFactory2_omni_P0002/cams/pair.txt
[info] 每 ref 的 src 数: min=10 median=10 max=10; src>=8 的 ref 数 = 149/149
[info] 共视分数矩阵非零条目: 14516/22201, 平均每 ref 可用 src 数 = 97.42
[info] 写出 listfile: /root/tg_conv/lists/train.txt
[done]
[info] 写出 pair.txt: /root/tg_conv/tg_AbandonedFactory2_omni_P0004/cams/pair.txt
[info] 每 ref 的 src 数: min=10 median=10 max=10; src>=8 的 ref 数 = 146/146
[info] 共视分数矩阵非零条目: 13740/21316, 平均每 ref 可用 src 数 = 94.11
[info] 写出 listfile: /root/tg_conv/lists/train.txt
[done]
  ref 140/150 done
[DIFFMVS_DIR] /root/diffmvs exists= True
[info] 轨迹总帧数 = 1669
[info] 抽帧 stride=5 -> 选中 150 帧: 0..745
[info] 尺寸对齐: 640x640 --crop--> 640x480 (off 0,80) --scale 1.200000--> 768x576
[info] 写出 pair.txt: /root/tg_conv/tg_AbandonedFactory_omni_P0004/cams/pair.txt
[info] 每 ref 的 src 数: min=10 median=10 max=10; src>=8 的 ref 数 = 150/150
[info] 共视分数矩阵非零条目: 9782/22500, 平均每 ref 可用 src 数 = 65.21
[info] 写出 listfile: /root/tg_conv/lists/train.txt
[done]
[info] 图像分辨率 = 768x576, 共写出 150 帧 image/depth
[info] 计算共视分数矩阵(几何一致性 + 官方 view-selection score)...
[DIFFMVS_DIR] /root/diffmvs exists= True
[info] 轨迹总帧数 = 525
[info] 抽帧 stride=5 -> 选中 105 帧: 0..520
[info] 尺寸对齐: 640x640 --crop--> 640x480 (off 0,80) --scale 1.200000--> 768x576
[info] 图像分辨率 = 768x576, 共写出 105 帧 image/depth
[info] 计算共视分数矩阵(几何一致性 + 官方 view-selection score)...
  ref 0/105 done
[DIFFMVS_DIR] /root/diffmvs exists= True
[info] 轨迹总帧数 = 1090
[info] 抽帧 stride=5 -> 选中 150 帧: 0..745
[info] 尺寸对齐: 640x640 --crop--> 640x480 (off 0,80) --scale 1.200000--> 768x576
[info] 图像分辨率 = 768x576, 共写出 150 帧 image/depth
[info] 计算共视分数矩阵(几何一致性 + 官方 view-selection score)...
  ref 0/150 done
  ref 20/105 done
[DIFFMVS_DIR] /root/diffmvs exists= True
[info] 轨迹总帧数 = 817
[info] 抽帧 stride=5 -> 选中 150 帧: 0..745
[info] 尺寸对齐: 640x640 --crop--> 640x480 (off 0,80) --scale 1.200000--> 768x576
[info] 图像分辨率 = 768x576, 共写出 150 帧 image/depth
[info] 计算共视分数矩阵(几何一致性 + 官方 view-selection score)...
  ref 0/150 done
[DIFFMVS_DIR] /root/diffmvs exists= True
[info] 轨迹总帧数 = 822
[info] 抽帧 stride=5 -> 选中 150 帧: 0..745
[info] 尺寸对齐: 640x640 --crop--> 640x480 (off 0,80) --scale 1.200000--> 768x576
[info] 图像分辨率 = 768x576, 共写出 150 帧 image/depth
[info] 计算共视分数矩阵(几何一致性 + 官方 view-selection score)...
[DIFFMVS_DIR] /root/diffmvs exists= True
[info] 轨迹总帧数 = 854
[info] 抽帧 stride=5 -> 选中 150 帧: 0..745
[info] 尺寸对齐: 640x640 --crop--> 640x480 (off 0,80) --scale 1.200000--> 768x576
[info] 图像分辨率 = 768x576, 共写出 150 帧 image/depth
[info] 计算共视分数矩阵(几何一致性 + 官方 view-selection score)...
[DIFFMVS_DIR] /root/diffmvs exists= True
  ref 0/150 done
[info] 轨迹总帧数 = 1012
[info] 抽帧 stride=5 -> 选中 150 帧: 0..745
[info] 尺寸对齐: 640x640 --crop--> 640x480 (off 0,80) --scale 1.200000--> 768x576
  ref 0/150 done
[info] 图像分辨率 = 768x576, 共写出 150 帧 image/depth
[info] 计算共视分数矩阵(几何一致性 + 官方 view-selection score)...
[DIFFMVS_DIR] /root/diffmvs exists= True
[info] 轨迹总帧数 = 984
[info] 抽帧 stride=5 -> 选中 150 帧: 0..745
[info] 尺寸对齐: 640x640 --crop--> 640x480 (off 0,80) --scale 1.200000--> 768x576
  ref 0/150 done
[info] 图像分辨率 = 768x576, 共写出 150 帧 image/depth
[DIFFMVS_DIR] /root/diffmvs exists= True
[info] 轨迹总帧数 = 829
[info] 抽帧 stride=5 -> 选中 150 帧: 0..745
[info] 尺寸对齐: 640x640 --crop--> 640x480 (off 0,80) --scale 1.200000--> 768x576
[info] 计算共视分数矩阵(几何一致性 + 官方 view-selection score)...
[DIFFMVS_DIR] /root/diffmvs exists= True
[info] 图像分辨率 = 768x576, 共写出 150 帧 image/depth
[info] 计算共视分数矩阵(几何一致性 + 官方 view-selection score)...
[info] 轨迹总帧数 = 895
[info] 抽帧 stride=5 -> 选中 150 帧: 0..745
[info] 尺寸对齐: 640x640 --crop--> 640x480 (off 0,80) --scale 1.200000--> 768x576
  ref 0/150 done
  ref 0/150 done
[DIFFMVS_DIR] /root/diffmvs exists= True
[info] 轨迹总帧数 = 1345
[info] 抽帧 stride=5 -> 选中 150 帧: 0..745
[info] 尺寸对齐: 640x640 --crop--> 640x480 (off 0,80) --scale 1.200000--> 768x576
[info] 图像分辨率 = 768x576, 共写出 150 帧 image/depth
[info] 计算共视分数矩阵(几何一致性 + 官方 view-selection score)...
[info] 图像分辨率 = 768x576, 共写出 150 帧 image/depth
[info] 计算共视分数矩阵(几何一致性 + 官方 view-selection score)...
  ref 0/150 done
  ref 40/105 done
  ref 0/150 done
[DIFFMVS_DIR] /root/diffmvs exists= True
[info] 轨迹总帧数 = 1668
[info] 抽帧 stride=5 -> 选中 150 帧: 0..745
[info] 尺寸对齐: 640x640 --crop--> 640x480 (off 0,80) --scale 1.200000--> 768x576
[info] 图像分辨率 = 768x576, 共写出 150 帧 image/depth
[info] 计算共视分数矩阵(几何一致性 + 官方 view-selection score)...
  ref 0/150 done
[DIFFMVS_DIR] /root/diffmvs exists= True
[DIFFMVS_DIR] /root/diffmvs exists= True
[info] 轨迹总帧数 = 1669
[info] 抽帧 stride=5 -> 选中 150 帧: 0..745
[info] 尺寸对齐: 640x640 --crop--> 640x480 (off 0,80) --scale 1.200000--> 768x576
[info] 轨迹总帧数 = 1625
[info] 抽帧 stride=5 -> 选中 150 帧: 0..745
[info] 尺寸对齐: 640x640 --crop--> 640x480 (off 0,80) --scale 1.200000--> 768x576
[info] 图像分辨率 = 768x576, 共写出 150 帧 image/depth
[info] 计算共视分数矩阵(几何一致性 + 官方 view-selection score)...
[info] 图像分辨率 = 768x576, 共写出 150 帧 image/depth
[info] 计算共视分数矩阵(几何一致性 + 官方 view-selection score)...
[DIFFMVS_DIR] /root/diffmvs exists= True
[info] 轨迹总帧数 = 2663
[info] 抽帧 stride=5 -> 选中 150 帧: 0..745
[info] 尺寸对齐: 640x640 --crop--> 640x480 (off 0,80) --scale 1.200000--> 768x576
[DIFFMVS_DIR] /root/diffmvs exists= True
[info] 轨迹总帧数 = 2181
[info] 抽帧 stride=5 -> 选中 150 帧: 0..745
[info] 尺寸对齐: 640x640 --crop--> 640x480 (off 0,80) --scale 1.200000--> 768x576
  ref 0/150 done
[info] 图像分辨率 = 768x576, 共写出 150 帧 image/depth
[info] 计算共视分数矩阵(几何一致性 + 官方 view-selection score)...
  ref 20/150 done
[info] 图像分辨率 = 768x576, 共写出 150 帧 image/depth
[info] 计算共视分数矩阵(几何一致性 + 官方 view-selection score)...
  ref 0/150 done
[DIFFMVS_DIR] /root/diffmvs exists= True
  ref 0/150 done
[info] 轨迹总帧数 = 3234
[info] 抽帧 stride=5 -> 选中 150 帧: 0..745
[info] 尺寸对齐: 640x640 --crop--> 640x480 (off 0,80) --scale 1.200000--> 768x576
[info] 图像分辨率 = 768x576, 共写出 150 帧 image/depth
[info] 计算共视分数矩阵(几何一致性 + 官方 view-selection score)...
  ref 0/150 done
  ref 0/150 done
  ref 20/150 done
  ref 20/150 done
  ref 20/150 done
  ref 60/105 done
  ref 20/150 done
  ref 20/150 done
  ref 20/150 done
  ref 20/150 done
  ref 20/150 done
  ref 20/150 done
  ref 20/150 done
  ref 20/150 done
  ref 40/150 done
  ref 20/150 done
  ref 20/150 done
  ref 20/150 done
  ref 40/150 done
  ref 80/105 done
  ref 40/150 done
  ref 40/150 done
  ref 40/150 done
  ref 40/150 done
  ref 40/150 done
  ref 40/150 done
  ref 40/150 done
  ref 40/150 done
  ref 100/105 done
  ref 40/150 done
  ref 40/150 done
  ref 60/150 done
  ref 40/150 done
  ref 40/150 done
  ref 40/150 done
  ref 60/150 done
[info] 写出 pair.txt: /root/tg_conv/tg_AncientTowns_omni_P0001/cams/pair.txt
[info] 每 ref 的 src 数: min=6 median=10 max=10; src>=8 的 ref 数 = 103/105
[info] 共视分数矩阵非零条目: 3439/11025, 平均每 ref 可用 src 数 = 32.75
[info] 写出 listfile: /root/tg_conv/lists/train.txt
[done]
[DIFFMVS_DIR] /root/diffmvs exists= True
[info] 轨迹总帧数 = 674
[info] 抽帧 stride=5 -> 选中 135 帧: 0..670
[info] 尺寸对齐: 640x640 --crop--> 640x480 (off 0,80) --scale 1.200000--> 768x576
[info] 图像分辨率 = 768x576, 共写出 135 帧 image/depth
[info] 计算共视分数矩阵(几何一致性 + 官方 view-selection score)...
  ref 0/135 done
  ref 60/150 done
  ref 60/150 done
  ref 60/150 done
  ref 60/150 done
  ref 60/150 done
  ref 60/150 done
  ref 60/150 done
  ref 60/150 done
  ref 80/150 done
  ref 60/150 done
  ref 60/150 done
  ref 60/150 done
  ref 60/150 done
  ref 80/150 done
  ref 60/150 done
  ref 20/135 done
  ref 80/150 done
  ref 80/150 done
  ref 80/150 done
  ref 80/150 done
  ref 80/150 done
  ref 80/150 done
  ref 80/150 done
  ref 80/150 done
  ref 100/150 done
  ref 40/135 done
  ref 80/150 done
  ref 80/150 done
  ref 100/150 done
  ref 80/150 done
  ref 80/150 done
  ref 80/150 done
  ref 100/150 done
  ref 100/150 done
  ref 100/150 done
  ref 100/150 done
  ref 100/150 done
  ref 100/150 done
  ref 100/150 done
  ref 60/135 done
  ref 100/150 done
  ref 120/150 done
  ref 120/150 done
  ref 100/150 done
  ref 100/150 done
  ref 100/150 done
  ref 100/150 done
  ref 100/150 done
  ref 120/150 done
  ref 120/150 done
  ref 120/150 done
  ref 120/150 done
  ref 120/150 done
  ref 120/150 done
  ref 80/135 done
  ref 120/150 done
  ref 120/150 done
  ref 140/150 done
  ref 140/150 done
  ref 120/150 done
  ref 120/150 done
  ref 120/150 done
  ref 120/150 done
  ref 120/150 done
[info] 写出 pair.txt: /root/tg_conv/tg_Antiquity3D_omni_P0000/cams/pair.txt
[info] 每 ref 的 src 数: min=9 median=10 max=10; src>=8 的 ref 数 = 150/150
[info] 共视分数矩阵非零条目: 6640/22500, 平均每 ref 可用 src 数 = 44.27
[info] 写出 listfile: /root/tg_conv/lists/train.txt
[done]
[info] 写出 pair.txt: /root/tg_conv/tg_AbandonedFactory2_omni_P0003/cams/pair.txt
[info] 每 ref 的 src 数: min=10 median=10 max=10; src>=8 的 ref 数 = 150/150
[info] 共视分数矩阵非零条目: 12707/22500, 平均每 ref 可用 src 数 = 84.71
[info] 写出 listfile: /root/tg_conv/lists/train.txt
[done]
  ref 140/150 done
[DIFFMVS_DIR] /root/diffmvs exists= True
[info] 轨迹总帧数 = 776
[info] 抽帧 stride=5 -> 选中 150 帧: 0..745
[info] 尺寸对齐: 640x640 --crop--> 640x480 (off 0,80) --scale 1.200000--> 768x576
[info] 图像分辨率 = 768x576, 共写出 150 帧 image/depth
[info] 计算共视分数矩阵(几何一致性 + 官方 view-selection score)...
[DIFFMVS_DIR] /root/diffmvs exists= True
  ref 0/150 done
[info] 轨迹总帧数 = 2623
[info] 抽帧 stride=5 -> 选中 150 帧: 0..745
[info] 尺寸对齐: 640x640 --crop--> 640x480 (off 0,80) --scale 1.200000--> 768x576
[info] 图像分辨率 = 768x576, 共写出 150 帧 image/depth
[info] 计算共视分数矩阵(几何一致性 + 官方 view-selection score)...
  ref 0/150 done
  ref 140/150 done
  ref 140/150 done
  ref 100/135 done
  ref 140/150 done
  ref 140/150 done
  ref 140/150 done
  ref 140/150 done
  ref 140/150 done
[info] 写出 pair.txt: /root/tg_conv/tg_AncientTowns_omni_P0002/cams/pair.txt
[info] 每 ref 的 src 数: min=10 median=10 max=10; src>=8 的 ref 数 = 150/150
[info] 共视分数矩阵非零条目: 11517/22500, 平均每 ref 可用 src 数 = 76.78
[info] 写出 listfile: /root/tg_conv/lists/train.txt
[done]
  ref 140/150 done
  ref 140/150 done
[DIFFMVS_DIR] /root/diffmvs exists= True
[info] 轨迹总帧数 = 993
[info] 抽帧 stride=5 -> 选中 150 帧: 0..745
[info] 尺寸对齐: 640x640 --crop--> 640x480 (off 0,80) --scale 1.200000--> 768x576
[info] 图像分辨率 = 768x576, 共写出 150 帧 image/depth
[info] 计算共视分数矩阵(几何一致性 + 官方 view-selection score)...
  ref 140/150 done
  ref 0/150 done
[info] 写出 pair.txt: /root/tg_conv/tg_AncientTowns_omni_P0000/cams/pair.txt
[info] 每 ref 的 src 数: min=10 median=10 max=10; src>=8 的 ref 数 = 150/150
[info] 共视分数矩阵非零条目: 8722/22500, 平均每 ref 可用 src 数 = 58.15
[info] 写出 listfile: /root/tg_conv/lists/train.txt
[done]
[info] 写出 pair.txt: /root/tg_conv/tg_Antiquity3D_omni_P0001/cams/pair.txt
[info] 每 ref 的 src 数: min=10 median=10 max=10; src>=8 的 ref 数 = 150/150
[info] 共视分数矩阵非零条目: 7370/22500, 平均每 ref 可用 src 数 = 49.13
[info] 写出 listfile: /root/tg_conv/lists/train.txt
[done]
[info] 写出 pair.txt: /root/tg_conv/tg_AmusementPark_omni_P0002/cams/pair.txt
[info] 每 ref 的 src 数: min=10 median=10 max=10; src>=8 的 ref 数 = 150/150
[info] 共视分数矩阵非零条目: 13918/22500, 平均每 ref 可用 src 数 = 92.79
[info] 写出 listfile: /root/tg_conv/lists/train.txt
[done]
[DIFFMVS_DIR] /root/diffmvs exists= True
[info] 轨迹总帧数 = 1107
[info] 抽帧 stride=5 -> 选中 150 帧: 0..745
[info] 尺寸对齐: 640x640 --crop--> 640x480 (off 0,80) --scale 1.200000--> 768x576
[info] 写出 pair.txt: /root/tg_conv/tg_AmusementPark_omni_P0004/cams/pair.txt
[info] 每 ref 的 src 数: min=10 median=10 max=10; src>=8 的 ref 数 = 150/150
[info] 共视分数矩阵非零条目: 14552/22500, 平均每 ref 可用 src 数 = 97.01
[info] 写出 listfile: /root/tg_conv/lists/train.txt
[done]
[info] 写出 pair.txt: /root/tg_conv/tg_AbandonedSchool_omni_P0002/cams/pair.txt
[info] 每 ref 的 src 数: min=3 median=10 max=10; src>=8 的 ref 数 = 147/150
[info] 共视分数矩阵非零条目: 10154/22500, 平均每 ref 可用 src 数 = 67.69
[info] 写出 listfile: /root/tg_conv/lists/train.txt
[done]
[info] 图像分辨率 = 768x576, 共写出 150 帧 image/depth
[info] 计算共视分数矩阵(几何一致性 + 官方 view-selection score)...
  ref 140/150 done
  ref 0/150 done
  ref 140/150 done
[info] 写出 pair.txt: /root/tg_conv/tg_AmusementPark_omni_P0003/cams/pair.txt
[info] 每 ref 的 src 数: min=10 median=10 max=10; src>=8 的 ref 数 = 150/150
[info] 共视分数矩阵非零条目: 17371/22500, 平均每 ref 可用 src 数 = 115.81
[info] 写出 listfile: /root/tg_conv/lists/train.txt
[done]
[DIFFMVS_DIR] /root/diffmvs exists= True
[info] 轨迹总帧数 = 966
[info] 抽帧 stride=5 -> 选中 150 帧: 0..745
[info] 尺寸对齐: 640x640 --crop--> 640x480 (off 0,80) --scale 1.200000--> 768x576
[info] 图像分辨率 = 768x576, 共写出 150 帧 image/depth
[info] 计算共视分数矩阵(几何一致性 + 官方 view-selection score)...
[DIFFMVS_DIR] /root/diffmvs exists= True
[info] 写出 pair.txt: /root/tg_conv/tg_AbandonedCable_omni_P0003/cams/pair.txt
[info] 每 ref 的 src 数: min=4 median=10 max=10; src>=8 的 ref 数 = 148/150
[info] 共视分数矩阵非零条目: 8919/22500, 平均每 ref 可用 src 数 = 59.46
[info] 写出 listfile: /root/tg_conv/lists/train.txt
[done]
[info] 轨迹总帧数 = 2322
[info] 抽帧 stride=5 -> 选中 150 帧: 0..745
[info] 尺寸对齐: 640x640 --crop--> 640x480 (off 0,80) --scale 1.200000--> 768x576
[info] 图像分辨率 = 768x576, 共写出 150 帧 image/depth
[info] 计算共视分数矩阵(几何一致性 + 官方 view-selection score)...
  ref 0/150 done
[DIFFMVS_DIR] /root/diffmvs exists= True
[info] 轨迹总帧数 = 1892
[info] 抽帧 stride=5 -> 选中 150 帧: 0..745
[info] 尺寸对齐: 640x640 --crop--> 640x480 (off 0,80) --scale 1.200000--> 768x576
[info] 写出 pair.txt: /root/tg_conv/tg_AbandonedSchool_omni_P0001/cams/pair.txt
[info] 每 ref 的 src 数: min=3 median=10 max=10; src>=8 的 ref 数 = 148/150
[info] 共视分数矩阵非零条目: 6212/22500, 平均每 ref 可用 src 数 = 41.41
[info] 写出 listfile: /root/tg_conv/lists/train.txt
[done]
[info] 写出 pair.txt: /root/tg_conv/tg_AbandonedSchool_omni_P0003/cams/pair.txt
[info] 每 ref 的 src 数: min=10 median=10 max=10; src>=8 的 ref 数 = 150/150
[info] 共视分数矩阵非零条目: 12780/22500, 平均每 ref 可用 src 数 = 85.20
[info] 写出 listfile: /root/tg_conv/lists/train.txt
[done]
[info] 图像分辨率 = 768x576, 共写出 150 帧 image/depth
[info] 计算共视分数矩阵(几何一致性 + 官方 view-selection score)...
  ref 0/150 done
[info] 写出 pair.txt: /root/tg_conv/tg_AncientTowns_omni_P0003/cams/pair.txt
[info] 每 ref 的 src 数: min=10 median=10 max=10; src>=8 的 ref 数 = 150/150
[info] 共视分数矩阵非零条目: 13175/22500, 平均每 ref 可用 src 数 = 87.83
[info] 写出 listfile: /root/tg_conv/lists/train.txt
[done]
  ref 0/150 done
  ref 20/150 done
[DIFFMVS_DIR] /root/diffmvs exists= True
[info] 写出 pair.txt: /root/tg_conv/tg_AmusementPark_omni_P0000/cams/pair.txt
[info] 每 ref 的 src 数: min=10 median=10 max=10; src>=8 的 ref 数 = 150/150
[info] 共视分数矩阵非零条目: 14678/22500, 平均每 ref 可用 src 数 = 97.85
[info] 写出 listfile: /root/tg_conv/lists/train.txt
[done]
[info] 轨迹总帧数 = 2244
[info] 抽帧 stride=5 -> 选中 150 帧: 0..745
[info] 尺寸对齐: 640x640 --crop--> 640x480 (off 0,80) --scale 1.200000--> 768x576
[info] 图像分辨率 = 768x576, 共写出 150 帧 image/depth
[info] 计算共视分数矩阵(几何一致性 + 官方 view-selection score)...
  ref 0/150 done
[DIFFMVS_DIR] /root/diffmvs exists= True
  ref 120/135 done
[info] 轨迹总帧数 = 3441
[info] 抽帧 stride=5 -> 选中 150 帧: 0..745
[info] 尺寸对齐: 640x640 --crop--> 640x480 (off 0,80) --scale 1.200000--> 768x576
[info] 图像分辨率 = 768x576, 共写出 150 帧 image/depth
[info] 计算共视分数矩阵(几何一致性 + 官方 view-selection score)...
  ref 20/150 done
  ref 0/150 done
[DIFFMVS_DIR] /root/diffmvs exists= True
[info] 轨迹总帧数 = 1426
[info] 抽帧 stride=5 -> 选中 150 帧: 0..745
[info] 尺寸对齐: 640x640 --crop--> 640x480 (off 0,80) --scale 1.200000--> 768x576
[info] 图像分辨率 = 768x576, 共写出 150 帧 image/depth
[info] 计算共视分数矩阵(几何一致性 + 官方 view-selection score)...
[DIFFMVS_DIR] /root/diffmvs exists= True
[info] 轨迹总帧数 = 1626
[info] 抽帧 stride=5 -> 选中 150 帧: 0..745
[info] 尺寸对齐: 640x640 --crop--> 640x480 (off 0,80) --scale 1.200000--> 768x576
[DIFFMVS_DIR] /root/diffmvs exists= True
[info] 写出 pair.txt: /root/tg_conv/tg_AmusementPark_omni_P0001/cams/pair.txt
[info] 每 ref 的 src 数: min=10 median=10 max=10; src>=8 的 ref 数 = 150/150
[info] 共视分数矩阵非零条目: 20215/22500, 平均每 ref 可用 src 数 = 134.77
[info] 写出 listfile: /root/tg_conv/lists/train.txt
[done]
[info] 轨迹总帧数 = 1667
[info] 抽帧 stride=5 -> 选中 150 帧: 0..745
[info] 尺寸对齐: 640x640 --crop--> 640x480 (off 0,80) --scale 1.200000--> 768x576
[info] 图像分辨率 = 768x576, 共写出 150 帧 image/depth
[info] 计算共视分数矩阵(几何一致性 + 官方 view-selection score)...
[info] 图像分辨率 = 768x576, 共写出 150 帧 image/depth
[info] 计算共视分数矩阵(几何一致性 + 官方 view-selection score)...
  ref 0/150 done
  ref 0/150 done
  ref 0/150 done
[DIFFMVS_DIR] /root/diffmvs exists= True
[info] 轨迹总帧数 = 2560
[info] 抽帧 stride=5 -> 选中 150 帧: 0..745
[info] 尺寸对齐: 640x640 --crop--> 640x480 (off 0,80) --scale 1.200000--> 768x576
[DIFFMVS_DIR] /root/diffmvs exists= True
[DIFFMVS_DIR] /root/diffmvs exists= True
[info] 图像分辨率 = 768x576, 共写出 150 帧 image/depth
[info] 计算共视分数矩阵(几何一致性 + 官方 view-selection score)...
[info] 轨迹总帧数 = 1125
[info] 抽帧 stride=5 -> 选中 150 帧: 0..745
[info] 尺寸对齐: 640x640 --crop--> 640x480 (off 0,80) --scale 1.200000--> 768x576
[info] 轨迹总帧数 = 2863
[info] 抽帧 stride=5 -> 选中 150 帧: 0..745
[info] 尺寸对齐: 640x640 --crop--> 640x480 (off 0,80) --scale 1.200000--> 768x576
[info] 图像分辨率 = 768x576, 共写出 150 帧 image/depth
[info] 图像分辨率 = 768x576, 共写出 150 帧 image/depth
[info] 计算共视分数矩阵(几何一致性 + 官方 view-selection score)...
[info] 计算共视分数矩阵(几何一致性 + 官方 view-selection score)...
  ref 0/150 done
  ref 0/150 done
  ref 0/150 done
  ref 20/150 done
  ref 20/150 done
[info] 写出 pair.txt: /root/tg_conv/tg_CarWelding_omni_P0002/cams/pair.txt
[info] 每 ref 的 src 数: min=10 median=10 max=10; src>=8 的 ref 数 = 135/135
[info] 共视分数矩阵非零条目: 9719/18225, 平均每 ref 可用 src 数 = 71.99
[info] 写出 listfile: /root/tg_conv/lists/train.txt
[done]
[DIFFMVS_DIR] /root/diffmvs exists= True
  ref 20/150 done
[info] 轨迹总帧数 = 1604
[info] 抽帧 stride=5 -> 选中 150 帧: 0..745
[info] 尺寸对齐: 640x640 --crop--> 640x480 (off 0,80) --scale 1.200000--> 768x576
  ref 20/150 done
[info] 图像分辨率 = 768x576, 共写出 150 帧 image/depth
[info] 计算共视分数矩阵(几何一致性 + 官方 view-selection score)...
  ref 20/150 done
  ref 20/150 done
  ref 0/150 done
  ref 40/150 done
  ref 40/150 done
  ref 20/150 done
  ref 20/150 done
  ref 20/150 done
  ref 20/150 done
  ref 20/150 done
  ref 20/150 done
  ref 40/150 done
  ref 20/150 done
  ref 40/150 done
  ref 40/150 done
  ref 40/150 done
  ref 20/150 done
  ref 40/150 done
  ref 40/150 done
  ref 60/150 done
  ref 60/150 done
  ref 40/150 done
  ref 40/150 done
  ref 40/150 done
  ref 40/150 done
  ref 40/150 done
  ref 60/150 done
  ref 40/150 done
  ref 40/150 done
  ref 60/150 done
  ref 60/150 done
  ref 60/150 done
  ref 60/150 done
  ref 80/150 done
  ref 40/150 done
  ref 60/150 done
  ref 80/150 done
  ref 60/150 done
  ref 60/150 done
  ref 60/150 done
  ref 60/150 done
  ref 60/150 done
  ref 60/150 done
  ref 60/150 done
  ref 80/150 done
  ref 80/150 done
  ref 80/150 done
  ref 80/150 done
  ref 80/150 done
  ref 60/150 done
  ref 80/150 done
  ref 100/150 done
  ref 100/150 done
  ref 80/150 done
  ref 80/150 done
  ref 80/150 done
  ref 80/150 done
  ref 80/150 done
  ref 100/150 done
  ref 80/150 done
  ref 80/150 done
  ref 100/150 done
  ref 100/150 done
  ref 100/150 done
  ref 100/150 done
  ref 80/150 done
  ref 100/150 done
  ref 120/150 done
  ref 120/150 done
  ref 100/150 done
  ref 100/150 done
  ref 100/150 done
  ref 120/150 done
  ref 100/150 done
  ref 100/150 done
  ref 100/150 done
  ref 100/150 done
  ref 120/150 done
  ref 120/150 done
  ref 120/150 done
  ref 120/150 done
  ref 140/150 done
  ref 100/150 done
  ref 120/150 done
  ref 120/150 done
  ref 140/150 done
  ref 120/150 done
  ref 120/150 done
  ref 140/150 done
  ref 120/150 done
  ref 120/150 done
[info] 写出 pair.txt: /root/tg_conv/tg_AncientTowns_omni_P0004/cams/pair.txt
[info] 每 ref 的 src 数: min=3 median=10 max=10; src>=8 的 ref 数 = 138/150
[info] 共视分数矩阵非零条目: 10421/22500, 平均每 ref 可用 src 数 = 69.47
[info] 写出 listfile: /root/tg_conv/lists/train.txt
[done]
  ref 140/150 done
  ref 120/150 done
  ref 120/150 done
[DIFFMVS_DIR] /root/diffmvs exists= True
[info] 轨迹总帧数 = 3476
[info] 抽帧 stride=5 -> 选中 150 帧: 0..745
[info] 尺寸对齐: 640x640 --crop--> 640x480 (off 0,80) --scale 1.200000--> 768x576
[info] 图像分辨率 = 768x576, 共写出 150 帧 image/depth
[info] 计算共视分数矩阵(几何一致性 + 官方 view-selection score)...
[info] 写出 pair.txt: /root/tg_conv/tg_CastleFortress_omni_P0001/cams/pair.txt
[info] 每 ref 的 src 数: min=5 median=10 max=10; src>=8 的 ref 数 = 145/150
[info] 共视分数矩阵非零条目: 6175/22500, 平均每 ref 可用 src 数 = 41.17
[info] 写出 listfile: /root/tg_conv/lists/train.txt
[done]
  ref 0/150 done
[info] 写出 pair.txt: /root/tg_conv/tg_CarWelding_omni_P0003/cams/pair.txt
[info] 每 ref 的 src 数: min=10 median=10 max=10; src>=8 的 ref 数 = 150/150
[info] 共视分数矩阵非零条目: 11532/22500, 平均每 ref 可用 src 数 = 76.88
[info] 写出 listfile: /root/tg_conv/lists/train.txt
[done]
[DIFFMVS_DIR] /root/diffmvs exists= True
[info] 轨迹总帧数 = 530
[info] 抽帧 stride=5 -> 选中 106 帧: 0..525
[info] 尺寸对齐: 640x640 --crop--> 640x480 (off 0,80) --scale 1.200000--> 768x576
[DIFFMVS_DIR] /root/diffmvs exists= True
[info] 图像分辨率 = 768x576, 共写出 106 帧 image/depth
[info] 计算共视分数矩阵(几何一致性 + 官方 view-selection score)...
[info] 轨迹总帧数 = 1743
[info] 抽帧 stride=5 -> 选中 150 帧: 0..745
[info] 尺寸对齐: 640x640 --crop--> 640x480 (off 0,80) --scale 1.200000--> 768x576
[info] 图像分辨率 = 768x576, 共写出 150 帧 image/depth
[info] 计算共视分数矩阵(几何一致性 + 官方 view-selection score)...
  ref 0/106 done
  ref 0/150 done
  ref 140/150 done
[info] 写出 pair.txt: /root/tg_conv/tg_CarWelding_omni_P0001/cams/pair.txt
[info] 每 ref 的 src 数: min=10 median=10 max=10; src>=8 的 ref 数 = 150/150
[info] 共视分数矩阵非零条目: 16781/22500, 平均每 ref 可用 src 数 = 111.87
[info] 写出 listfile: /root/tg_conv/lists/train.txt
[done]
  ref 140/150 done
[DIFFMVS_DIR] /root/diffmvs exists= True
[info] 轨迹总帧数 = 506
[info] 抽帧 stride=5 -> 选中 102 帧: 0..505
[info] 尺寸对齐: 640x640 --crop--> 640x480 (off 0,80) --scale 1.200000--> 768x576
[info] 图像分辨率 = 768x576, 共写出 102 帧 image/depth
[info] 计算共视分数矩阵(几何一致性 + 官方 view-selection score)...
  ref 140/150 done
  ref 0/102 done
  ref 120/150 done
  ref 140/150 done
  ref 140/150 done
  ref 140/150 done
  ref 140/150 done
  ref 140/150 done
[info] 写出 pair.txt: /root/tg_conv/tg_Antiquity3D_omni_P0003/cams/pair.txt
[info] 每 ref 的 src 数: min=10 median=10 max=10; src>=8 的 ref 数 = 150/150
[info] 共视分数矩阵非零条目: 12486/22500, 平均每 ref 可用 src 数 = 83.24
[info] 写出 listfile: /root/tg_conv/lists/train.txt
[done]
  ref 140/150 done
[info] 写出 pair.txt: /root/tg_conv/tg_CastleFortress_omni_P0002/cams/pair.txt
[info] 每 ref 的 src 数: min=2 median=10 max=10; src>=8 的 ref 数 = 138/150
[info] 共视分数矩阵非零条目: 6313/22500, 平均每 ref 可用 src 数 = 42.09
[info] 写出 listfile: /root/tg_conv/lists/train.txt
[done]
[info] 写出 pair.txt: /root/tg_conv/tg_CarWelding_omni_P0000/cams/pair.txt
[info] 每 ref 的 src 数: min=10 median=10 max=10; src>=8 的 ref 数 = 150/150
[info] 共视分数矩阵非零条目: 10875/22500, 平均每 ref 可用 src 数 = 72.50
[info] 写出 listfile: /root/tg_conv/lists/train.txt
[done]
[DIFFMVS_DIR] /root/diffmvs exists= True
  ref 140/150 done
[info] 轨迹总帧数 = 1321
[info] 抽帧 stride=5 -> 选中 150 帧: 0..745
[info] 尺寸对齐: 640x640 --crop--> 640x480 (off 0,80) --scale 1.200000--> 768x576
[info] 图像分辨率 = 768x576, 共写出 150 帧 image/depth
[info] 计算共视分数矩阵(几何一致性 + 官方 view-selection score)...
[DIFFMVS_DIR] /root/diffmvs exists= True
[info] 轨迹总帧数 = 867
[info] 抽帧 stride=5 -> 选中 150 帧: 0..745
[info] 尺寸对齐: 640x640 --crop--> 640x480 (off 0,80) --scale 1.200000--> 768x576
[DIFFMVS_DIR] /root/diffmvs exists= True
[info] 图像分辨率 = 768x576, 共写出 150 帧 image/depth
[info] 计算共视分数矩阵(几何一致性 + 官方 view-selection score)...
[info] 轨迹总帧数 = 1342
[info] 抽帧 stride=5 -> 选中 150 帧: 0..745
[info] 尺寸对齐: 640x640 --crop--> 640x480 (off 0,80) --scale 1.200000--> 768x576
  ref 20/106 done
[info] 图像分辨率 = 768x576, 共写出 150 帧 image/depth
  ref 0/150 done
[info] 计算共视分数矩阵(几何一致性 + 官方 view-selection score)...
  ref 140/150 done
  ref 0/150 done
  ref 0/150 done
  ref 20/102 done
[info] 写出 pair.txt: /root/tg_conv/tg_BrushifyMoon_omni_P0003/cams/pair.txt
[info] 每 ref 的 src 数: min=10 median=10 max=10; src>=8 的 ref 数 = 150/150
[info] 共视分数矩阵非零条目: 22350/22500, 平均每 ref 可用 src 数 = 149.00
[info] 写出 listfile: /root/tg_conv/lists/train.txt
[done]
[info] 写出 pair.txt: /root/tg_conv/tg_CarWelding_omni_P0004/cams/pair.txt
[info] 每 ref 的 src 数: min=10 median=10 max=10; src>=8 的 ref 数 = 150/150
[info] 共视分数矩阵非零条目: 16099/22500, 平均每 ref 可用 src 数 = 107.33
[info] 写出 listfile: /root/tg_conv/lists/train.txt
[done]
  ref 20/150 done
[DIFFMVS_DIR] /root/diffmvs exists= True
[info] 轨迹总帧数 = 1002
[info] 抽帧 stride=5 -> 选中 150 帧: 0..745
[info] 尺寸对齐: 640x640 --crop--> 640x480 (off 0,80) --scale 1.200000--> 768x576
[info] 图像分辨率 = 768x576, 共写出 150 帧 image/depth
[info] 计算共视分数矩阵(几何一致性 + 官方 view-selection score)...
[info] 写出 pair.txt: /root/tg_conv/tg_Antiquity3D_omni_P0004/cams/pair.txt
[info] 每 ref 的 src 数: min=10 median=10 max=10; src>=8 的 ref 数 = 150/150
[info] 共视分数矩阵非零条目: 12660/22500, 平均每 ref 可用 src 数 = 84.40
[info] 写出 listfile: /root/tg_conv/lists/train.txt
[done]
[DIFFMVS_DIR] /root/diffmvs exists= True
[info] 轨迹总帧数 = 1353
[info] 抽帧 stride=5 -> 选中 150 帧: 0..745
[info] 尺寸对齐: 640x640 --crop--> 640x480 (off 0,80) --scale 1.200000--> 768x576
  ref 0/150 done
[info] 图像分辨率 = 768x576, 共写出 150 帧 image/depth
[info] 计算共视分数矩阵(几何一致性 + 官方 view-selection score)...
[info] 写出 pair.txt: /root/tg_conv/tg_BrushifyMoon_omni_P0004/cams/pair.txt
[info] 每 ref 的 src 数: min=10 median=10 max=10; src>=8 的 ref 数 = 150/150
[info] 共视分数矩阵非零条目: 22350/22500, 平均每 ref 可用 src 数 = 149.00
[info] 写出 listfile: /root/tg_conv/lists/train.txt
[done]
[info] 写出 pair.txt: /root/tg_conv/tg_Antiquity3D_omni_P0002/cams/pair.txt
[info] 每 ref 的 src 数: min=10 median=10 max=10; src>=8 的 ref 数 = 150/150
[info] 共视分数矩阵非零条目: 9720/22500, 平均每 ref 可用 src 数 = 64.80
[info] 写出 listfile: /root/tg_conv/lists/train.txt
[done]
  ref 0/150 done
  ref 20/150 done
[info] 写出 pair.txt: /root/tg_conv/tg_BrushifyMoon_omni_P0001/cams/pair.txt
[info] 每 ref 的 src 数: min=10 median=10 max=10; src>=8 的 ref 数 = 150/150
[info] 共视分数矩阵非零条目: 18252/22500, 平均每 ref 可用 src 数 = 121.68
[info] 写出 listfile: /root/tg_conv/lists/train.txt
[done]
[DIFFMVS_DIR] /root/diffmvs exists= True
[info] 轨迹总帧数 = 621
[info] 抽帧 stride=5 -> 选中 125 帧: 0..620
[info] 尺寸对齐: 640x640 --crop--> 640x480 (off 0,80) --scale 1.200000--> 768x576
[info] 图像分辨率 = 768x576, 共写出 125 帧 image/depth
[info] 计算共视分数矩阵(几何一致性 + 官方 view-selection score)...
[info] 写出 pair.txt: /root/tg_conv/tg_AbandonedSchool_omni_P0004/cams/pair.txt
[info] 每 ref 的 src 数: min=7 median=10 max=10; src>=8 的 ref 数 = 149/150
[info] 共视分数矩阵非零条目: 9107/22500, 平均每 ref 可用 src 数 = 60.71
[info] 写出 listfile: /root/tg_conv/lists/train.txt
[done]
  ref 0/125 done
[DIFFMVS_DIR] /root/diffmvs exists= True
[info] 轨迹总帧数 = 836
[info] 抽帧 stride=5 -> 选中 150 帧: 0..745
[info] 尺寸对齐: 640x640 --crop--> 640x480 (off 0,80) --scale 1.200000--> 768x576
[info] 写出 pair.txt: /root/tg_conv/tg_BrushifyMoon_omni_P0002/cams/pair.txt
[info] 每 ref 的 src 数: min=10 median=10 max=10; src>=8 的 ref 数 = 150/150
[info] 共视分数矩阵非零条目: 21800/22500, 平均每 ref 可用 src 数 = 145.33
[info] 写出 listfile: /root/tg_conv/lists/train.txt
[done]
[info] 图像分辨率 = 768x576, 共写出 150 帧 image/depth
[info] 计算共视分数矩阵(几何一致性 + 官方 view-selection score)...
  ref 0/150 done
  ref 140/150 done
[DIFFMVS_DIR] /root/diffmvs exists= True
[info] 轨迹总帧数 = 1311
[info] 抽帧 stride=5 -> 选中 150 帧: 0..745
[info] 尺寸对齐: 640x640 --crop--> 640x480 (off 0,80) --scale 1.200000--> 768x576
[info] 图像分辨率 = 768x576, 共写出 150 帧 image/depth
[info] 计算共视分数矩阵(几何一致性 + 官方 view-selection score)...
[DIFFMVS_DIR] /root/diffmvs exists= True
[info] 轨迹总帧数 = 2610
[info] 抽帧 stride=5 -> 选中 150 帧: 0..745
[info] 尺寸对齐: 640x640 --crop--> 640x480 (off 0,80) --scale 1.200000--> 768x576
[info] 图像分辨率 = 768x576, 共写出 150 帧 image/depth
[info] 计算共视分数矩阵(几何一致性 + 官方 view-selection score)...
[DIFFMVS_DIR] /root/diffmvs exists= True
  ref 0/150 done
  ref 40/102 done
[info] 轨迹总帧数 = 3966
[info] 抽帧 stride=5 -> 选中 150 帧: 0..745
[info] 尺寸对齐: 640x640 --crop--> 640x480 (off 0,80) --scale 1.200000--> 768x576
[info] 图像分辨率 = 768x576, 共写出 150 帧 image/depth
[info] 计算共视分数矩阵(几何一致性 + 官方 view-selection score)...
  ref 40/106 done
  ref 0/150 done
  ref 0/150 done
  ref 20/150 done
  ref 20/150 done
[info] 写出 pair.txt: /root/tg_conv/tg_ConstructionSite_omni_P0003/cams/pair.txt
[info] 每 ref 的 src 数: min=10 median=10 max=10; src>=8 的 ref 数 = 150/150
[info] 共视分数矩阵非零条目: 13590/22500, 平均每 ref 可用 src 数 = 90.60
[info] 写出 listfile: /root/tg_conv/lists/train.txt
[done]
  ref 20/150 done
  ref 40/150 done
[DIFFMVS_DIR] /root/diffmvs exists= True
[info] 轨迹总帧数 = 2431
[info] 抽帧 stride=5 -> 选中 150 帧: 0..745
[info] 尺寸对齐: 640x640 --crop--> 640x480 (off 0,80) --scale 1.200000--> 768x576
[info] 图像分辨率 = 768x576, 共写出 150 帧 image/depth
[info] 计算共视分数矩阵(几何一致性 + 官方 view-selection score)...
  ref 20/150 done
  ref 0/150 done
  ref 40/150 done
  ref 20/125 done
  ref 20/150 done
  ref 60/102 done
[DIFFMVS_DIR] /root/diffmvs exists= True
[info] 轨迹总帧数 = 696
[info] 抽帧 stride=5 -> 选中 140 帧: 0..695
[info] 尺寸对齐: 640x640 --crop--> 640x480 (off 0,80) --scale 1.200000--> 768x576
[info] 图像分辨率 = 768x576, 共写出 140 帧 image/depth
[info] 计算共视分数矩阵(几何一致性 + 官方 view-selection score)...
  ref 60/106 done
  ref 20/150 done
  ref 0/140 done
  ref 20/150 done
  ref 20/150 done
  ref 20/150 done
  ref 40/150 done
  ref 40/150 done
  ref 40/150 done
  ref 60/150 done
  ref 80/102 done
  ref 80/106 done
  ref 40/125 done
  ref 40/150 done
  ref 20/150 done
  ref 60/150 done
  ref 40/150 done
  ref 20/140 done
  ref 40/150 done
  ref 40/150 done
  ref 100/102 done
  ref 40/150 done
[info] 写出 pair.txt: /root/tg_conv/tg_ConstructionSite_omni_P0002/cams/pair.txt
[info] 每 ref 的 src 数: min=7 median=10 max=10; src>=8 的 ref 数 = 101/102
[info] 共视分数矩阵非零条目: 3273/10404, 平均每 ref 可用 src 数 = 32.09
[info] 写出 listfile: /root/tg_conv/lists/train.txt
[done]
  ref 40/150 done
  ref 100/106 done
  ref 60/150 done
[DIFFMVS_DIR] /root/diffmvs exists= True
[info] 轨迹总帧数 = 2850
[info] 抽帧 stride=5 -> 选中 150 帧: 0..745
[info] 尺寸对齐: 640x640 --crop--> 640x480 (off 0,80) --scale 1.200000--> 768x576
[info] 图像分辨率 = 768x576, 共写出 150 帧 image/depth
[info] 计算共视分数矩阵(几何一致性 + 官方 view-selection score)...
  ref 60/125 done
  ref 60/150 done
  ref 60/150 done
[info] 写出 pair.txt: /root/tg_conv/tg_ConstructionSite_omni_P0004/cams/pair.txt
[info] 每 ref 的 src 数: min=7 median=10 max=10; src>=8 的 ref 数 = 105/106
[info] 共视分数矩阵非零条目: 5548/11236, 平均每 ref 可用 src 数 = 52.34
[info] 写出 listfile: /root/tg_conv/lists/train.txt
[done]
  ref 0/150 done
  ref 80/150 done
[DIFFMVS_DIR] /root/diffmvs exists= True
[info] 轨迹总帧数 = 1729
[info] 抽帧 stride=5 -> 选中 150 帧: 0..745
[info] 尺寸对齐: 640x640 --crop--> 640x480 (off 0,80) --scale 1.200000--> 768x576
[info] 图像分辨率 = 768x576, 共写出 150 帧 image/depth
[info] 计算共视分数矩阵(几何一致性 + 官方 view-selection score)...
  ref 60/150 done
  ref 40/150 done
  ref 0/150 done
  ref 80/150 done
  ref 40/140 done
  ref 60/150 done
  ref 60/150 done
  ref 60/150 done
  ref 80/125 done
  ref 60/150 done
  ref 60/150 done
  ref 80/150 done
  ref 80/150 done
  ref 80/150 done
  ref 20/150 done
  ref 100/150 done
  ref 60/150 done
  ref 80/150 done
  ref 60/140 done
  ref 100/150 done
  ref 20/150 done
  ref 80/150 done
  ref 80/150 done
  ref 100/125 done
  ref 80/150 done
  ref 100/150 done
  ref 80/150 done
  ref 80/150 done
  ref 100/150 done
  ref 100/150 done
  ref 40/150 done
  ref 120/150 done
  ref 100/150 done
  ref 80/150 done
  ref 80/140 done
  ref 120/150 done
  ref 40/150 done
  ref 120/125 done
[info] 写出 pair.txt: /root/tg_conv/tg_ConstructionSite_omni_P0000/cams/pair.txt
[info] 每 ref 的 src 数: min=10 median=10 max=10; src>=8 的 ref 数 = 125/125
[info] 共视分数矩阵非零条目: 9849/15625, 平均每 ref 可用 src 数 = 78.79
[info] 写出 listfile: /root/tg_conv/lists/train.txt
[done]
  ref 100/150 done
  ref 100/150 done
[DIFFMVS_DIR] /root/diffmvs exists= True
[info] 轨迹总帧数 = 1550
[info] 抽帧 stride=5 -> 选中 150 帧: 0..745
[info] 尺寸对齐: 640x640 --crop--> 640x480 (off 0,80) --scale 1.200000--> 768x576
[info] 图像分辨率 = 768x576, 共写出 150 帧 image/depth
[info] 计算共视分数矩阵(几何一致性 + 官方 view-selection score)...
  ref 100/150 done
  ref 0/150 done
  ref 100/150 done
  ref 120/150 done
  ref 120/150 done
  ref 100/150 done
  ref 120/150 done
  ref 120/150 done
  ref 60/150 done
  ref 140/150 done
  ref 100/140 done
  ref 100/150 done
  ref 140/150 done
  ref 60/150 done
  ref 120/150 done
  ref 120/150 done
[info] 写出 pair.txt: /root/tg_conv/tg_CastleFortress_omni_P0000/cams/pair.txt
[info] 每 ref 的 src 数: min=10 median=10 max=10; src>=8 的 ref 数 = 150/150
[info] 共视分数矩阵非零条目: 13524/22500, 平均每 ref 可用 src 数 = 90.16
[info] 写出 listfile: /root/tg_conv/lists/train.txt
[done]
  ref 120/150 done
  ref 120/150 done
[info] 写出 pair.txt: /root/tg_conv/tg_CyberPunkDowntown_omni_P0002/cams/pair.txt
[info] 每 ref 的 src 数: min=5 median=10 max=10; src>=8 的 ref 数 = 149/150
[info] 共视分数矩阵非零条目: 10943/22500, 平均每 ref 可用 src 数 = 72.95
[info] 写出 listfile: /root/tg_conv/lists/train.txt
[done]
[DIFFMVS_DIR] /root/diffmvs exists= True
[info] 轨迹总帧数 = 1744
[info] 抽帧 stride=5 -> 选中 150 帧: 0..745
[info] 尺寸对齐: 640x640 --crop--> 640x480 (off 0,80) --scale 1.200000--> 768x576
[info] 图像分辨率 = 768x576, 共写出 150 帧 image/depth
[info] 计算共视分数矩阵(几何一致性 + 官方 view-selection score)...
[DIFFMVS_DIR] /root/diffmvs exists= True
[info] 轨迹总帧数 = 927
[info] 抽帧 stride=5 -> 选中 150 帧: 0..745
[info] 尺寸对齐: 640x640 --crop--> 640x480 (off 0,80) --scale 1.200000--> 768x576
[info] 图像分辨率 = 768x576, 共写出 150 帧 image/depth
[info] 计算共视分数矩阵(几何一致性 + 官方 view-selection score)...
  ref 0/150 done
  ref 20/150 done
  ref 0/150 done
  ref 140/150 done
  ref 120/150 done
  ref 140/150 done
  ref 140/150 done
  ref 140/150 done
  ref 120/140 done
  ref 80/150 done
  ref 120/150 done
  ref 80/150 done
[info] 写出 pair.txt: /root/tg_conv/tg_ConstructionSite_omni_P0001/cams/pair.txt
[info] 每 ref 的 src 数: min=10 median=10 max=10; src>=8 的 ref 数 = 150/150
[info] 共视分数矩阵非零条目: 10384/22500, 平均每 ref 可用 src 数 = 69.23
[info] 写出 listfile: /root/tg_conv/lists/train.txt
[done]
[info] 写出 pair.txt: /root/tg_conv/tg_CastleFortress_omni_P0004/cams/pair.txt
[info] 每 ref 的 src 数: min=7 median=10 max=10; src>=8 的 ref 数 = 148/150
[info] 共视分数矩阵非零条目: 12210/22500, 平均每 ref 可用 src 数 = 81.40
[info] 写出 listfile: /root/tg_conv/lists/train.txt
[done]
[info] 写出 pair.txt: /root/tg_conv/tg_CyberPunkDowntown_omni_P0003/cams/pair.txt
[info] 每 ref 的 src 数: min=8 median=10 max=10; src>=8 的 ref 数 = 150/150
[info] 共视分数矩阵非零条目: 11746/22500, 平均每 ref 可用 src 数 = 78.31
[info] 写出 listfile: /root/tg_conv/lists/train.txt
[done]
  ref 140/150 done
[DIFFMVS_DIR] /root/diffmvs exists= True
[info] 轨迹总帧数 = 1444
[info] 抽帧 stride=5 -> 选中 150 帧: 0..745
[info] 尺寸对齐: 640x640 --crop--> 640x480 (off 0,80) --scale 1.200000--> 768x576
[info] 图像分辨率 = 768x576, 共写出 150 帧 image/depth
[info] 计算共视分数矩阵(几何一致性 + 官方 view-selection score)...
[info] 写出 pair.txt: /root/tg_conv/tg_CoalMine_diff_P1000/cams/pair.txt
[info] 每 ref 的 src 数: min=10 median=10 max=10; src>=8 的 ref 数 = 150/150
[info] 共视分数矩阵非零条目: 8763/22500, 平均每 ref 可用 src 数 = 58.42
[info] 写出 listfile: /root/tg_conv/lists/train.txt
[done]
[DIFFMVS_DIR] /root/diffmvs exists= True
  ref 140/150 done
[info] 轨迹总帧数 = 2283
[info] 抽帧 stride=5 -> 选中 150 帧: 0..745
[info] 尺寸对齐: 640x640 --crop--> 640x480 (off 0,80) --scale 1.200000--> 768x576
  ref 0/150 done
[info] 图像分辨率 = 768x576, 共写出 150 帧 image/depth
[info] 计算共视分数矩阵(几何一致性 + 官方 view-selection score)...
[DIFFMVS_DIR] /root/diffmvs exists= True
[info] 轨迹总帧数 = 1950
[info] 抽帧 stride=5 -> 选中 150 帧: 0..745
[info] 尺寸对齐: 640x640 --crop--> 640x480 (off 0,80) --scale 1.200000--> 768x576
[info] 图像分辨率 = 768x576, 共写出 150 帧 image/depth
[info] 计算共视分数矩阵(几何一致性 + 官方 view-selection score)...
[DIFFMVS_DIR] /root/diffmvs exists= True
[info] 轨迹总帧数 = 1125
[info] 抽帧 stride=5 -> 选中 150 帧: 0..745
[info] 尺寸对齐: 640x640 --crop--> 640x480 (off 0,80) --scale 1.200000--> 768x576
  ref 140/150 done
[info] 图像分辨率 = 768x576, 共写出 150 帧 image/depth
[info] 计算共视分数矩阵(几何一致性 + 官方 view-selection score)...
  ref 0/150 done
  ref 0/150 done
  ref 140/150 done
  ref 0/150 done
  ref 20/150 done
  ref 40/150 done
  ref 20/150 done
  ref 140/150 done
[info] 写出 pair.txt: /root/tg_conv/tg_CyberPunkDowntown_omni_P0000/cams/pair.txt
[info] 每 ref 的 src 数: min=10 median=10 max=10; src>=8 的 ref 数 = 150/150
[info] 共视分数矩阵非零条目: 12836/22500, 平均每 ref 可用 src 数 = 85.57
[info] 写出 listfile: /root/tg_conv/lists/train.txt
[done]
[info] 写出 pair.txt: /root/tg_conv/tg_CoalMine_omni_P0002/cams/pair.txt
[info] 每 ref 的 src 数: min=10 median=10 max=10; src>=8 的 ref 数 = 150/150
[info] 共视分数矩阵非零条目: 10484/22500, 平均每 ref 可用 src 数 = 69.89
[info] 写出 listfile: /root/tg_conv/lists/train.txt
[done]
[info] 写出 pair.txt: /root/tg_conv/tg_CoalMine_omni_P0000/cams/pair.txt
[info] 每 ref 的 src 数: min=6 median=10 max=10; src>=8 的 ref 数 = 136/140
[info] 共视分数矩阵非零条目: 8970/19600, 平均每 ref 可用 src 数 = 64.07
[info] 写出 listfile: /root/tg_conv/lists/train.txt
[done]
[DIFFMVS_DIR] /root/diffmvs exists= True
[info] 轨迹总帧数 = 1727
[info] 抽帧 stride=5 -> 选中 150 帧: 0..745
[info] 尺寸对齐: 640x640 --crop--> 640x480 (off 0,80) --scale 1.200000--> 768x576
[DIFFMVS_DIR] /root/diffmvs exists= True
[info] 图像分辨率 = 768x576, 共写出 150 帧 image/depth
[info] 计算共视分数矩阵(几何一致性 + 官方 view-selection score)...
[info] 轨迹总帧数 = 1508
[info] 抽帧 stride=5 -> 选中 150 帧: 0..745
[info] 尺寸对齐: 640x640 --crop--> 640x480 (off 0,80) --scale 1.200000--> 768x576
[info] 图像分辨率 = 768x576, 共写出 150 帧 image/depth
[info] 计算共视分数矩阵(几何一致性 + 官方 view-selection score)...
[DIFFMVS_DIR] /root/diffmvs exists= True
[info] 写出 pair.txt: /root/tg_conv/tg_BrushifyMoon_omni_P0000/cams/pair.txt
[info] 每 ref 的 src 数: min=4 median=10 max=10; src>=8 的 ref 数 = 147/150
[info] 共视分数矩阵非零条目: 11354/22500, 平均每 ref 可用 src 数 = 75.69
[info] 写出 listfile: /root/tg_conv/lists/train.txt
[done]
[info] 轨迹总帧数 = 1044
[info] 抽帧 stride=5 -> 选中 150 帧: 0..745
[info] 尺寸对齐: 640x640 --crop--> 640x480 (off 0,80) --scale 1.200000--> 768x576
[info] 图像分辨率 = 768x576, 共写出 150 帧 image/depth
[info] 计算共视分数矩阵(几何一致性 + 官方 view-selection score)...
  ref 0/150 done
[DIFFMVS_DIR] /root/diffmvs exists= True
  ref 0/150 done
[info] 轨迹总帧数 = 723
[info] 抽帧 stride=5 -> 选中 145 帧: 0..720
[info] 尺寸对齐: 640x640 --crop--> 640x480 (off 0,80) --scale 1.200000--> 768x576
[info] 图像分辨率 = 768x576, 共写出 145 帧 image/depth
[info] 计算共视分数矩阵(几何一致性 + 官方 view-selection score)...
  ref 0/150 done
[info] 写出 pair.txt: /root/tg_conv/tg_CastleFortress_omni_P0003/cams/pair.txt
[info] 每 ref 的 src 数: min=4 median=10 max=10; src>=8 的 ref 数 = 147/150
[info] 共视分数矩阵非零条目: 10161/22500, 平均每 ref 可用 src 数 = 67.74
[info] 写出 listfile: /root/tg_conv/lists/train.txt
[done]
  ref 140/150 done
  ref 0/145 done
[DIFFMVS_DIR] /root/diffmvs exists= True
  ref 100/150 done
[info] 轨迹总帧数 = 1040
[info] 抽帧 stride=5 -> 选中 150 帧: 0..745
[info] 尺寸对齐: 640x640 --crop--> 640x480 (off 0,80) --scale 1.200000--> 768x576
[info] 图像分辨率 = 768x576, 共写出 150 帧 image/depth
[info] 计算共视分数矩阵(几何一致性 + 官方 view-selection score)...
  ref 0/150 done
  ref 100/150 done
[info] 写出 pair.txt: /root/tg_conv/tg_CoalMine_omni_P0003/cams/pair.txt
[info] 每 ref 的 src 数: min=10 median=10 max=10; src>=8 的 ref 数 = 150/150
[info] 共视分数矩阵非零条目: 14981/22500, 平均每 ref 可用 src 数 = 99.87
[info] 写出 listfile: /root/tg_conv/lists/train.txt
[done]
[DIFFMVS_DIR] /root/diffmvs exists= True
[info] 轨迹总帧数 = 857
[info] 抽帧 stride=5 -> 选中 150 帧: 0..745
[info] 尺寸对齐: 640x640 --crop--> 640x480 (off 0,80) --scale 1.200000--> 768x576
[info] 图像分辨率 = 768x576, 共写出 150 帧 image/depth
[info] 计算共视分数矩阵(几何一致性 + 官方 view-selection score)...
  ref 0/150 done
  ref 20/150 done
[info] 写出 pair.txt: /root/tg_conv/tg_Downtown_omni_P0004/cams/pair.txt
[info] 每 ref 的 src 数: min=10 median=10 max=10; src>=8 的 ref 数 = 150/150
[info] 共视分数矩阵非零条目: 20679/22500, 平均每 ref 可用 src 数 = 137.86
[info] 写出 listfile: /root/tg_conv/lists/train.txt
[done]
  ref 20/150 done
  ref 20/150 done
  ref 20/150 done
  ref 40/150 done
  ref 40/150 done
  ref 60/150 done
[DIFFMVS_DIR] /root/diffmvs exists= True
[info] 轨迹总帧数 = 2944
[info] 抽帧 stride=5 -> 选中 150 帧: 0..745
[info] 尺寸对齐: 640x640 --crop--> 640x480 (off 0,80) --scale 1.200000--> 768x576
[info] 图像分辨率 = 768x576, 共写出 150 帧 image/depth
[info] 计算共视分数矩阵(几何一致性 + 官方 view-selection score)...
  ref 0/150 done
  ref 20/150 done
  ref 20/150 done
  ref 20/150 done
  ref 20/145 done
  ref 120/150 done
  ref 120/150 done
  ref 20/150 done
  ref 20/150 done
  ref 40/150 done
  ref 40/150 done
  ref 40/150 done
  ref 40/150 done
  ref 60/150 done
  ref 60/150 done
  ref 80/150 done
  ref 40/150 done
  ref 40/150 done
  ref 20/150 done
  ref 40/150 done
  ref 40/145 done
  ref 140/150 done
  ref 40/150 done
  ref 140/150 done
  ref 40/150 done
  ref 60/150 done
  ref 60/150 done
[info] 写出 pair.txt: /root/tg_conv/tg_Downtown_omni_P0003/cams/pair.txt
[info] 每 ref 的 src 数: min=10 median=10 max=10; src>=8 的 ref 数 = 150/150
[info] 共视分数矩阵非零条目: 21232/22500, 平均每 ref 可用 src 数 = 141.55
[info] 写出 listfile: /root/tg_conv/lists/train.txt
[done]
  ref 80/150 done
  ref 60/150 done
[info] 写出 pair.txt: /root/tg_conv/tg_EndofTheWorld_omni_P0000/cams/pair.txt
[info] 每 ref 的 src 数: min=10 median=10 max=10; src>=8 的 ref 数 = 150/150
[info] 共视分数矩阵非零条目: 9082/22500, 平均每 ref 可用 src 数 = 60.55
[info] 写出 listfile: /root/tg_conv/lists/train.txt
[done]
  ref 80/150 done
  ref 60/150 done
  ref 100/150 done
  ref 60/150 done
  ref 60/145 done
  ref 60/150 done
  ref 60/150 done
  ref 40/150 done
  ref 60/150 done
  ref 60/150 done
  ref 80/150 done
[DIFFMVS_DIR] /root/diffmvs exists= True
[info] 轨迹总帧数 = 539
[info] 抽帧 stride=5 -> 选中 108 帧: 0..535
[info] 尺寸对齐: 640x640 --crop--> 640x480 (off 0,80) --scale 1.200000--> 768x576
[info] 图像分辨率 = 768x576, 共写出 108 帧 image/depth
[info] 计算共视分数矩阵(几何一致性 + 官方 view-selection score)...
  ref 0/108 done
  ref 80/150 done
  ref 80/150 done
  ref 100/150 done
  ref 100/150 done
  ref 80/150 done
  ref 120/150 done
  ref 80/150 done
  ref 80/150 done
  ref 80/145 done
  ref 60/150 done
[DIFFMVS_DIR] /root/diffmvs exists= True
[info] 轨迹总帧数 = 1594
[info] 抽帧 stride=5 -> 选中 150 帧: 0..745
[info] 尺寸对齐: 640x640 --crop--> 640x480 (off 0,80) --scale 1.200000--> 768x576
[info] 图像分辨率 = 768x576, 共写出 150 帧 image/depth
[info] 计算共视分数矩阵(几何一致性 + 官方 view-selection score)...
  ref 80/150 done
  ref 0/150 done
  ref 80/150 done
  ref 20/108 done
  ref 80/150 done
  ref 100/150 done
  ref 100/150 done
  ref 100/150 done
  ref 120/150 done
  ref 120/150 done
  ref 100/150 done
  ref 140/150 done
  ref 100/150 done
  ref 40/108 done
  ref 100/145 done
  ref 100/150 done
  ref 80/150 done
  ref 100/150 done
  ref 20/150 done
  ref 100/150 done
[info] 写出 pair.txt: /root/tg_conv/tg_Downtown_omni_P0001/cams/pair.txt
[info] 每 ref 的 src 数: min=10 median=10 max=10; src>=8 的 ref 数 = 150/150
[info] 共视分数矩阵非零条目: 13708/22500, 平均每 ref 可用 src 数 = 91.39
[info] 写出 listfile: /root/tg_conv/lists/train.txt
[done]
[DIFFMVS_DIR] /root/diffmvs exists= True
[info] 轨迹总帧数 = 800
[info] 抽帧 stride=5 -> 选中 150 帧: 0..745
[info] 尺寸对齐: 640x640 --crop--> 640x480 (off 0,80) --scale 1.200000--> 768x576
[info] 图像分辨率 = 768x576, 共写出 150 帧 image/depth
[info] 计算共视分数矩阵(几何一致性 + 官方 view-selection score)...
  ref 0/150 done
  ref 100/150 done
  ref 120/150 done
  ref 120/150 done
  ref 60/108 done
  ref 120/150 done
  ref 140/150 done
  ref 140/150 done
  ref 120/150 done
  ref 120/150 done
  ref 120/145 done
  ref 100/150 done
  ref 120/150 done
  ref 120/150 done
[info] 写出 pair.txt: /root/tg_conv/tg_CyberPunkDowntown_omni_P0001/cams/pair.txt
[info] 每 ref 的 src 数: min=10 median=10 max=10; src>=8 的 ref 数 = 150/150
[info] 共视分数矩阵非零条目: 10455/22500, 平均每 ref 可用 src 数 = 69.70
[info] 写出 listfile: /root/tg_conv/lists/train.txt
[done]
  ref 120/150 done
  ref 40/150 done
[DIFFMVS_DIR] /root/diffmvs exists= True
[info] 轨迹总帧数 = 1417
[info] 抽帧 stride=5 -> 选中 150 帧: 0..745
[info] 尺寸对齐: 640x640 --crop--> 640x480 (off 0,80) --scale 1.200000--> 768x576
[info] 图像分辨率 = 768x576, 共写出 150 帧 image/depth
[info] 计算共视分数矩阵(几何一致性 + 官方 view-selection score)...
[info] 写出 pair.txt: /root/tg_conv/tg_EndofTheWorld_omni_P0003/cams/pair.txt
[info] 每 ref 的 src 数: min=2 median=10 max=10; src>=8 的 ref 数 = 146/150
[info] 共视分数矩阵非零条目: 7397/22500, 平均每 ref 可用 src 数 = 49.31
[info] 写出 listfile: /root/tg_conv/lists/train.txt
[done]
  ref 0/150 done
[DIFFMVS_DIR] /root/diffmvs exists= True
[info] 轨迹总帧数 = 502
[info] 抽帧 stride=5 -> 选中 101 帧: 0..500
[info] 尺寸对齐: 640x640 --crop--> 640x480 (off 0,80) --scale 1.200000--> 768x576
  ref 20/150 done
  ref 80/108 done
[info] 图像分辨率 = 768x576, 共写出 101 帧 image/depth
[info] 计算共视分数矩阵(几何一致性 + 官方 view-selection score)...
  ref 0/101 done
  ref 120/150 done
  ref 140/150 done
  ref 140/150 done
  ref 140/150 done
  ref 140/150 done
  ref 140/150 done
  ref 140/145 done
  ref 120/150 done
[info] 写出 pair.txt: /root/tg_conv/tg_DesertGasStation_omni_P0000/cams/pair.txt
[info] 每 ref 的 src 数: min=10 median=10 max=10; src>=8 的 ref 数 = 150/150
[info] 共视分数矩阵非零条目: 17985/22500, 平均每 ref 可用 src 数 = 119.90
[info] 写出 listfile: /root/tg_conv/lists/train.txt
[done]
  ref 140/150 done
[info] 写出 pair.txt: /root/tg_conv/tg_CoalMine_omni_P0001/cams/pair.txt
[info] 每 ref 的 src 数: min=10 median=10 max=10; src>=8 的 ref 数 = 145/145
[info] 共视分数矩阵非零条目: 9765/21025, 平均每 ref 可用 src 数 = 67.34
[info] 写出 listfile: /root/tg_conv/lists/train.txt
[done]
[DIFFMVS_DIR] /root/diffmvs exists= True
[info] 轨迹总帧数 = 2342
[info] 抽帧 stride=5 -> 选中 150 帧: 0..745
[info] 尺寸对齐: 640x640 --crop--> 640x480 (off 0,80) --scale 1.200000--> 768x576
  ref 100/108 done
  ref 140/150 done
[info] 图像分辨率 = 768x576, 共写出 150 帧 image/depth
[info] 计算共视分数矩阵(几何一致性 + 官方 view-selection score)...
[DIFFMVS_DIR] /root/diffmvs exists= True
[info] 写出 pair.txt: /root/tg_conv/tg_Downtown_omni_P0000/cams/pair.txt
[info] 每 ref 的 src 数: min=10 median=10 max=10; src>=8 的 ref 数 = 150/150
[info] 共视分数矩阵非零条目: 11388/22500, 平均每 ref 可用 src 数 = 75.92
[info] 写出 listfile: /root/tg_conv/lists/train.txt
[done]
[info] 轨迹总帧数 = 479
[info] 抽帧 stride=5 -> 选中 96 帧: 0..475
[info] 尺寸对齐: 640x640 --crop--> 640x480 (off 0,80) --scale 1.200000--> 768x576
[info] 图像分辨率 = 768x576, 共写出 96 帧 image/depth
[info] 计算共视分数矩阵(几何一致性 + 官方 view-selection score)...
[info] 写出 pair.txt: /root/tg_conv/tg_EndofTheWorld_omni_P0004/cams/pair.txt
[info] 每 ref 的 src 数: min=10 median=10 max=10; src>=8 的 ref 数 = 150/150
[info] 共视分数矩阵非零条目: 7199/22500, 平均每 ref 可用 src 数 = 47.99
[info] 写出 listfile: /root/tg_conv/lists/train.txt
[done]
  ref 0/150 done
  ref 0/96 done
[DIFFMVS_DIR] /root/diffmvs exists= True
  ref 20/101 done
[info] 轨迹总帧数 = 600
[info] 抽帧 stride=5 -> 选中 120 帧: 0..595
[info] 尺寸对齐: 640x640 --crop--> 640x480 (off 0,80) --scale 1.200000--> 768x576
[info] 图像分辨率 = 768x576, 共写出 120 帧 image/depth
[info] 计算共视分数矩阵(几何一致性 + 官方 view-selection score)...
  ref 0/120 done
  ref 140/150 done
  ref 60/150 done
[info] 写出 pair.txt: /root/tg_conv/tg_DesertGasStation_omni_P0003/cams/pair.txt
[info] 每 ref 的 src 数: min=10 median=10 max=10; src>=8 的 ref 数 = 150/150
[info] 共视分数矩阵非零条目: 16968/22500, 平均每 ref 可用 src 数 = 113.12
[info] 写出 listfile: /root/tg_conv/lists/train.txt
[done]
  ref 20/150 done
[info] 写出 pair.txt: /root/tg_conv/tg_EndofTheWorld_omni_P0001/cams/pair.txt
[info] 每 ref 的 src 数: min=7 median=10 max=10; src>=8 的 ref 数 = 148/150
[info] 共视分数矩阵非零条目: 5082/22500, 平均每 ref 可用 src 数 = 33.88
[info] 写出 listfile: /root/tg_conv/lists/train.txt
[done]
[info] 写出 pair.txt: /root/tg_conv/tg_ForestEnv_omni_P0001/cams/pair.txt
[info] 每 ref 的 src 数: min=10 median=10 max=10; src>=8 的 ref 数 = 108/108
[info] 共视分数矩阵非零条目: 7428/11664, 平均每 ref 可用 src 数 = 68.78
[info] 写出 listfile: /root/tg_conv/lists/train.txt
[done]
  ref 140/150 done
[info] 写出 pair.txt: /root/tg_conv/tg_Downtown_omni_P0002/cams/pair.txt
[info] 每 ref 的 src 数: min=10 median=10 max=10; src>=8 的 ref 数 = 150/150
[info] 共视分数矩阵非零条目: 22321/22500, 平均每 ref 可用 src 数 = 148.81
[info] 写出 listfile: /root/tg_conv/lists/train.txt
[done]
[DIFFMVS_DIR] /root/diffmvs exists= True
[info] 轨迹总帧数 = 569
[info] 抽帧 stride=5 -> 选中 114 帧: 0..565
[info] 尺寸对齐: 640x640 --crop--> 640x480 (off 0,80) --scale 1.200000--> 768x576
[info] 图像分辨率 = 768x576, 共写出 114 帧 image/depth
[info] 计算共视分数矩阵(几何一致性 + 官方 view-selection score)...
  ref 40/150 done
[DIFFMVS_DIR] /root/diffmvs exists= True
[info] 轨迹总帧数 = 654
[info] 抽帧 stride=5 -> 选中 131 帧: 0..650
[info] 尺寸对齐: 640x640 --crop--> 640x480 (off 0,80) --scale 1.200000--> 768x576
[DIFFMVS_DIR] /root/diffmvs exists= True
[info] 图像分辨率 = 768x576, 共写出 131 帧 image/depth
[info] 计算共视分数矩阵(几何一致性 + 官方 view-selection score)...
[info] 轨迹总帧数 = 4213
[info] 抽帧 stride=5 -> 选中 150 帧: 0..745
[info] 尺寸对齐: 640x640 --crop--> 640x480 (off 0,80) --scale 1.200000--> 768x576
  ref 0/114 done
[info] 图像分辨率 = 768x576, 共写出 150 帧 image/depth
[info] 计算共视分数矩阵(几何一致性 + 官方 view-selection score)...
[info] 写出 pair.txt: /root/tg_conv/tg_DesertGasStation_omni_P0001/cams/pair.txt
[info] 每 ref 的 src 数: min=10 median=10 max=10; src>=8 的 ref 数 = 150/150
[info] 共视分数矩阵非零条目: 13338/22500, 平均每 ref 可用 src 数 = 88.92
[info] 写出 listfile: /root/tg_conv/lists/train.txt
[done]
  ref 0/131 done
[info] 写出 pair.txt: /root/tg_conv/tg_CyberPunkDowntown_omni_P0004/cams/pair.txt
[info] 每 ref 的 src 数: min=10 median=10 max=10; src>=8 的 ref 数 = 150/150
[info] 共视分数矩阵非零条目: 12099/22500, 平均每 ref 可用 src 数 = 80.66
[info] 写出 listfile: /root/tg_conv/lists/train.txt
[done]
  ref 0/150 done
  ref 20/96 done
[DIFFMVS_DIR] /root/diffmvs exists= True
[info] 轨迹总帧数 = 3059
[info] 抽帧 stride=5 -> 选中 150 帧: 0..745
[info] 尺寸对齐: 640x640 --crop--> 640x480 (off 0,80) --scale 1.200000--> 768x576
  ref 40/101 done
[info] 图像分辨率 = 768x576, 共写出 150 帧 image/depth
[info] 计算共视分数矩阵(几何一致性 + 官方 view-selection score)...
[DIFFMVS_DIR] /root/diffmvs exists= True
[DIFFMVS_DIR] /root/diffmvs exists= True
  ref 0/150 done
[info] 轨迹总帧数 = 3040
[info] 抽帧 stride=5 -> 选中 150 帧: 0..745
[info] 尺寸对齐: 640x640 --crop--> 640x480 (off 0,80) --scale 1.200000--> 768x576
[info] 轨迹总帧数 = 3840
[info] 抽帧 stride=5 -> 选中 150 帧: 0..745
[info] 尺寸对齐: 640x640 --crop--> 640x480 (off 0,80) --scale 1.200000--> 768x576
[info] 图像分辨率 = 768x576, 共写出 150 帧 image/depth
[info] 计算共视分数矩阵(几何一致性 + 官方 view-selection score)...
[info] 图像分辨率 = 768x576, 共写出 150 帧 image/depth
[info] 计算共视分数矩阵(几何一致性 + 官方 view-selection score)...
  ref 140/150 done
  ref 0/150 done
  ref 0/150 done
[info] 写出 pair.txt: /root/tg_conv/tg_DesertGasStation_omni_P0004/cams/pair.txt
[info] 每 ref 的 src 数: min=10 median=10 max=10; src>=8 的 ref 数 = 150/150
[info] 共视分数矩阵非零条目: 10372/22500, 平均每 ref 可用 src 数 = 69.15
[info] 写出 listfile: /root/tg_conv/lists/train.txt
[done]
  ref 20/150 done
[DIFFMVS_DIR] /root/diffmvs exists= True
[info] 轨迹总帧数 = 1224
[info] 抽帧 stride=5 -> 选中 150 帧: 0..745
[info] 尺寸对齐: 640x640 --crop--> 640x480 (off 0,80) --scale 1.200000--> 768x576
[info] 图像分辨率 = 768x576, 共写出 150 帧 image/depth
[info] 计算共视分数矩阵(几何一致性 + 官方 view-selection score)...
  ref 20/120 done
[DIFFMVS_DIR] /root/diffmvs exists= True
[info] 轨迹总帧数 = 1416
[info] 抽帧 stride=5 -> 选中 150 帧: 0..745
[info] 尺寸对齐: 640x640 --crop--> 640x480 (off 0,80) --scale 1.200000--> 768x576
  ref 0/150 done
[info] 图像分辨率 = 768x576, 共写出 150 帧 image/depth
[info] 计算共视分数矩阵(几何一致性 + 官方 view-selection score)...
  ref 20/114 done
  ref 80/150 done
  ref 0/150 done
[info] 写出 pair.txt: /root/tg_conv/tg_ForestEnv_omni_P0000/cams/pair.txt
[info] 每 ref 的 src 数: min=6 median=10 max=10; src>=8 的 ref 数 = 147/150
[info] 共视分数矩阵非零条目: 20007/22500, 平均每 ref 可用 src 数 = 133.38
[info] 写出 listfile: /root/tg_conv/lists/train.txt
[done]
  ref 40/96 done
  ref 40/150 done
  ref 60/101 done
  ref 20/131 done
  ref 60/150 done
[DIFFMVS_DIR] /root/diffmvs exists= True
[info] 轨迹总帧数 = 3989
[info] 抽帧 stride=5 -> 选中 150 帧: 0..745
[info] 尺寸对齐: 640x640 --crop--> 640x480 (off 0,80) --scale 1.200000--> 768x576
[info] 图像分辨率 = 768x576, 共写出 150 帧 image/depth
[info] 计算共视分数矩阵(几何一致性 + 官方 view-selection score)...
  ref 0/150 done
  ref 20/150 done
  ref 20/150 done
  ref 20/150 done
  ref 20/150 done
  ref 40/120 done
  ref 60/96 done
  ref 40/114 done
  ref 80/101 done
  ref 40/150 done
  ref 20/150 done
  ref 100/150 done
  ref 20/150 done
  ref 40/131 done
  ref 60/150 done
  ref 80/150 done
  ref 80/96 done
  ref 40/150 done
  ref 20/150 done
  ref 60/120 done
  ref 40/150 done
  ref 100/101 done
[info] 写出 pair.txt: /root/tg_conv/tg_ForestEnv_omni_P0004/cams/pair.txt
[info] 每 ref 的 src 数: min=10 median=10 max=10; src>=8 的 ref 数 = 101/101
[info] 共视分数矩阵非零条目: 4495/10201, 平均每 ref 可用 src 数 = 44.50
[info] 写出 listfile: /root/tg_conv/lists/train.txt
[done]
  ref 60/114 done
[DIFFMVS_DIR] /root/diffmvs exists= True
[info] 轨迹总帧数 = 589
[info] 抽帧 stride=5 -> 选中 118 帧: 0..585
[info] 尺寸对齐: 640x640 --crop--> 640x480 (off 0,80) --scale 1.200000--> 768x576
[info] 图像分辨率 = 768x576, 共写出 118 帧 image/depth
[info] 计算共视分数矩阵(几何一致性 + 官方 view-selection score)...
  ref 40/150 done
  ref 0/118 done
  ref 40/150 done
[info] 写出 pair.txt: /root/tg_conv/tg_DesertGasStation_omni_P0002/cams/pair.txt
[info] 每 ref 的 src 数: min=9 median=10 max=10; src>=8 的 ref 数 = 96/96
[info] 共视分数矩阵非零条目: 4162/9216, 平均每 ref 可用 src 数 = 43.35
[info] 写出 listfile: /root/tg_conv/lists/train.txt
[done]
  ref 60/150 done
  ref 120/150 done
  ref 40/150 done
  ref 60/131 done
[DIFFMVS_DIR] /root/diffmvs exists= True
  ref 40/150 done
[info] 轨迹总帧数 = 3322
[info] 抽帧 stride=5 -> 选中 150 帧: 0..745
[info] 尺寸对齐: 640x640 --crop--> 640x480 (off 0,80) --scale 1.200000--> 768x576
[info] 图像分辨率 = 768x576, 共写出 150 帧 image/depth
[info] 计算共视分数矩阵(几何一致性 + 官方 view-selection score)...
  ref 0/150 done
  ref 80/150 done
  ref 80/120 done
  ref 100/150 done
  ref 80/114 done
  ref 60/150 done
  ref 20/118 done
  ref 40/150 done
  ref 60/150 done
  ref 60/150 done
  ref 60/150 done
  ref 140/150 done
  ref 80/131 done
  ref 80/150 done
  ref 60/150 done
  ref 60/150 done
  ref 20/150 done
  ref 100/120 done
  ref 100/114 done
  ref 100/150 done
  ref 40/118 done
[info] 写出 pair.txt: /root/tg_conv/tg_Fantasy_diff_P1000/cams/pair.txt
[info] 每 ref 的 src 数: min=10 median=10 max=10; src>=8 的 ref 数 = 150/150
[info] 共视分数矩阵非零条目: 10931/22500, 平均每 ref 可用 src 数 = 72.87
[info] 写出 listfile: /root/tg_conv/lists/train.txt
[done]
  ref 120/150 done
  ref 80/150 done
  ref 60/150 done
  ref 80/150 done
  ref 80/150 done
[DIFFMVS_DIR] /root/diffmvs exists= True
[info] 轨迹总帧数 = 3727
[info] 抽帧 stride=5 -> 选中 150 帧: 0..745
[info] 尺寸对齐: 640x640 --crop--> 640x480 (off 0,80) --scale 1.200000--> 768x576
[info] 图像分辨率 = 768x576, 共写出 150 帧 image/depth
[info] 计算共视分数矩阵(几何一致性 + 官方 view-selection score)...
[info] 写出 pair.txt: /root/tg_conv/tg_ForestEnv_omni_P0002/cams/pair.txt
[info] 每 ref 的 src 数: min=10 median=10 max=10; src>=8 的 ref 数 = 114/114
[info] 共视分数矩阵非零条目: 9189/12996, 平均每 ref 可用 src 数 = 80.61
[info] 写出 listfile: /root/tg_conv/lists/train.txt
[done]
  ref 0/150 done
  ref 80/150 done
[DIFFMVS_DIR] /root/diffmvs exists= True
[info] 轨迹总帧数 = 1763
[info] 抽帧 stride=5 -> 选中 150 帧: 0..745
[info] 尺寸对齐: 640x640 --crop--> 640x480 (off 0,80) --scale 1.200000--> 768x576
[info] 图像分辨率 = 768x576, 共写出 150 帧 image/depth
[info] 计算共视分数矩阵(几何一致性 + 官方 view-selection score)...
  ref 100/131 done
  ref 0/150 done
  ref 80/150 done
  ref 100/150 done
[info] 写出 pair.txt: /root/tg_conv/tg_Fantasy_omni_P0001/cams/pair.txt
[info] 每 ref 的 src 数: min=1 median=10 max=10; src>=8 的 ref 数 = 118/120
[info] 共视分数矩阵非零条目: 5463/14400, 平均每 ref 可用 src 数 = 45.52
[info] 写出 listfile: /root/tg_conv/lists/train.txt
[done]
  ref 60/118 done
[DIFFMVS_DIR] /root/diffmvs exists= True
[info] 轨迹总帧数 = 1332
[info] 抽帧 stride=5 -> 选中 150 帧: 0..745
[info] 尺寸对齐: 640x640 --crop--> 640x480 (off 0,80) --scale 1.200000--> 768x576
[info] 图像分辨率 = 768x576, 共写出 150 帧 image/depth
[info] 计算共视分数矩阵(几何一致性 + 官方 view-selection score)...
  ref 80/150 done
  ref 0/150 done
  ref 40/150 done
  ref 120/150 done
  ref 100/150 done
  ref 140/150 done
  ref 100/150 done
  ref 100/150 done
  ref 80/150 done
  ref 120/131 done
  ref 20/150 done
[info] 写出 pair.txt: /root/tg_conv/tg_Fantasy_omni_P0002/cams/pair.txt
[info] 每 ref 的 src 数: min=7 median=10 max=10; src>=8 的 ref 数 = 148/150
[info] 共视分数矩阵非零条目: 9117/22500, 平均每 ref 可用 src 数 = 60.78
[info] 写出 listfile: /root/tg_conv/lists/train.txt
[done]
  ref 20/150 done
  ref 80/118 done
  ref 100/150 done
[DIFFMVS_DIR] /root/diffmvs exists= True
  ref 100/150 done
[info] 轨迹总帧数 = 1071
[info] 抽帧 stride=5 -> 选中 150 帧: 0..745
[info] 尺寸对齐: 640x640 --crop--> 640x480 (off 0,80) --scale 1.200000--> 768x576
[info] 图像分辨率 = 768x576, 共写出 150 帧 image/depth
[info] 计算共视分数矩阵(几何一致性 + 官方 view-selection score)...
  ref 120/150 done
  ref 0/150 done
  ref 100/150 done
  ref 60/150 done
[info] 写出 pair.txt: /root/tg_conv/tg_Fantasy_omni_P0003/cams/pair.txt
[info] 每 ref 的 src 数: min=7 median=10 max=10; src>=8 的 ref 数 = 130/131
[info] 共视分数矩阵非零条目: 5290/17161, 平均每 ref 可用 src 数 = 40.38
[info] 写出 listfile: /root/tg_conv/lists/train.txt
[done]
  ref 20/150 done
  ref 140/150 done
[DIFFMVS_DIR] /root/diffmvs exists= True
[info] 轨迹总帧数 = 1529
[info] 抽帧 stride=5 -> 选中 150 帧: 0..745
[info] 尺寸对齐: 640x640 --crop--> 640x480 (off 0,80) --scale 1.200000--> 768x576
[info] 图像分辨率 = 768x576, 共写出 150 帧 image/depth
[info] 计算共视分数矩阵(几何一致性 + 官方 view-selection score)...
  ref 0/150 done
  ref 120/150 done
  ref 120/150 done
  ref 120/150 done
  ref 100/150 done
  ref 100/118 done
[info] 写出 pair.txt: /root/tg_conv/tg_EndofTheWorld_omni_P0002/cams/pair.txt
[info] 每 ref 的 src 数: min=10 median=10 max=10; src>=8 的 ref 数 = 150/150
[info] 共视分数矩阵非零条目: 4419/22500, 平均每 ref 可用 src 数 = 29.46
[info] 写出 listfile: /root/tg_conv/lists/train.txt
[done]
  ref 40/150 done
  ref 40/150 done
  ref 120/150 done
[DIFFMVS_DIR] /root/diffmvs exists= True
[info] 轨迹总帧数 = 1439
[info] 抽帧 stride=5 -> 选中 150 帧: 0..745
[info] 尺寸对齐: 640x640 --crop--> 640x480 (off 0,80) --scale 1.200000--> 768x576
[info] 图像分辨率 = 768x576, 共写出 150 帧 image/depth
[info] 计算共视分数矩阵(几何一致性 + 官方 view-selection score)...
  ref 0/150 done
  ref 20/150 done
  ref 120/150 done
  ref 140/150 done
  ref 120/150 done
  ref 80/150 done
  ref 40/150 done
[info] 写出 pair.txt: /root/tg_conv/tg_HQWesternSaloon_omni_P0000/cams/pair.txt
[info] 每 ref 的 src 数: min=2 median=10 max=10; src>=8 的 ref 数 = 111/118
[info] 共视分数矩阵非零条目: 5837/13924, 平均每 ref 可用 src 数 = 49.47
[info] 写出 listfile: /root/tg_conv/lists/train.txt
[done]
  ref 140/150 done
[DIFFMVS_DIR] /root/diffmvs exists= True
[info] 轨迹总帧数 = 630
[info] 抽帧 stride=5 -> 选中 126 帧: 0..625
[info] 尺寸对齐: 640x640 --crop--> 640x480 (off 0,80) --scale 1.200000--> 768x576
[info] 图像分辨率 = 768x576, 共写出 126 帧 image/depth
[info] 计算共视分数矩阵(几何一致性 + 官方 view-selection score)...
  ref 20/150 done
  ref 0/126 done
  ref 140/150 done
[info] 写出 pair.txt: /root/tg_conv/tg_FactoryWeather_omni_P0001/cams/pair.txt
[info] 每 ref 的 src 数: min=10 median=10 max=10; src>=8 的 ref 数 = 150/150
[info] 共视分数矩阵非零条目: 12350/22500, 平均每 ref 可用 src 数 = 82.33
[info] 写出 listfile: /root/tg_conv/lists/train.txt
[done]
  ref 120/150 done
  ref 140/150 done
[DIFFMVS_DIR] /root/diffmvs exists= True
[info] 轨迹总帧数 = 2807
[info] 抽帧 stride=5 -> 选中 150 帧: 0..745
[info] 尺寸对齐: 640x640 --crop--> 640x480 (off 0,80) --scale 1.200000--> 768x576
[info] 图像分辨率 = 768x576, 共写出 150 帧 image/depth
[info] 计算共视分数矩阵(几何一致性 + 官方 view-selection score)...
[info] 写出 pair.txt: /root/tg_conv/tg_FactoryWeather_omni_P0004/cams/pair.txt
[info] 每 ref 的 src 数: min=7 median=10 max=10; src>=8 的 ref 数 = 149/150
[info] 共视分数矩阵非零条目: 14129/22500, 平均每 ref 可用 src 数 = 94.19
[info] 写出 listfile: /root/tg_conv/lists/train.txt
[done]
[DIFFMVS_DIR] /root/diffmvs exists= True
  ref 0/150 done
[info] 轨迹总帧数 = 533
[info] 抽帧 stride=5 -> 选中 107 帧: 0..530
[info] 尺寸对齐: 640x640 --crop--> 640x480 (off 0,80) --scale 1.200000--> 768x576
[info] 图像分辨率 = 768x576, 共写出 107 帧 image/depth
[info] 计算共视分数矩阵(几何一致性 + 官方 view-selection score)...
  ref 140/150 done
  ref 0/107 done
  ref 60/150 done
  ref 40/150 done
  ref 60/150 done
[info] 写出 pair.txt: /root/tg_conv/tg_GreatMarsh_omni_P0002/cams/pair.txt
[info] 每 ref 的 src 数: min=10 median=10 max=10; src>=8 的 ref 数 = 150/150
[info] 共视分数矩阵非零条目: 12457/22500, 平均每 ref 可用 src 数 = 83.05
[info] 写出 listfile: /root/tg_conv/lists/train.txt
[done]
  ref 20/150 done
  ref 140/150 done
[DIFFMVS_DIR] /root/diffmvs exists= True
[info] 轨迹总帧数 = 1323
[info] 抽帧 stride=5 -> 选中 150 帧: 0..745
[info] 尺寸对齐: 640x640 --crop--> 640x480 (off 0,80) --scale 1.200000--> 768x576
[info] 图像分辨率 = 768x576, 共写出 150 帧 image/depth
[info] 计算共视分数矩阵(几何一致性 + 官方 view-selection score)...
  ref 140/150 done
[info] 写出 pair.txt: /root/tg_conv/tg_FactoryWeather_omni_P0002/cams/pair.txt
[info] 每 ref 的 src 数: min=7 median=10 max=10; src>=8 的 ref 数 = 146/150
[info] 共视分数矩阵非零条目: 12462/22500, 平均每 ref 可用 src 数 = 83.08
[info] 写出 listfile: /root/tg_conv/lists/train.txt
[done]
  ref 0/150 done
  ref 20/126 done
  ref 60/150 done
[info] 写出 pair.txt: /root/tg_conv/tg_Gascola_omni_P0000/cams/pair.txt
[info] 每 ref 的 src 数: min=10 median=10 max=10; src>=8 的 ref 数 = 150/150
[info] 共视分数矩阵非零条目: 11068/22500, 平均每 ref 可用 src 数 = 73.79
[info] 写出 listfile: /root/tg_conv/lists/train.txt
[done]
  ref 100/150 done
[DIFFMVS_DIR] /root/diffmvs exists= True
[info] 轨迹总帧数 = 590
[info] 抽帧 stride=5 -> 选中 118 帧: 0..585
[info] 尺寸对齐: 640x640 --crop--> 640x480 (off 0,80) --scale 1.200000--> 768x576
[info] 图像分辨率 = 768x576, 共写出 118 帧 image/depth
[info] 计算共视分数矩阵(几何一致性 + 官方 view-selection score)...
  ref 0/118 done
  ref 40/150 done
[info] 写出 pair.txt: /root/tg_conv/tg_FactoryWeather_omni_P0000/cams/pair.txt
[info] 每 ref 的 src 数: min=10 median=10 max=10; src>=8 的 ref 数 = 150/150
[info] 共视分数矩阵非零条目: 8661/22500, 平均每 ref 可用 src 数 = 57.74
[info] 写出 listfile: /root/tg_conv/lists/train.txt
[done]
[DIFFMVS_DIR] /root/diffmvs exists= True
  ref 140/150 done
[info] 轨迹总帧数 = 1314
[info] 抽帧 stride=5 -> 选中 150 帧: 0..745
[info] 尺寸对齐: 640x640 --crop--> 640x480 (off 0,80) --scale 1.200000--> 768x576
  ref 20/107 done
[info] 图像分辨率 = 768x576, 共写出 150 帧 image/depth
[info] 计算共视分数矩阵(几何一致性 + 官方 view-selection score)...
  ref 0/150 done
[info] 写出 pair.txt: /root/tg_conv/tg_Fantasy_omni_P0000/cams/pair.txt
[info] 每 ref 的 src 数: min=10 median=10 max=10; src>=8 的 ref 数 = 150/150
[info] 共视分数矩阵非零条目: 9638/22500, 平均每 ref 可用 src 数 = 64.25
[info] 写出 listfile: /root/tg_conv/lists/train.txt
[done]
[DIFFMVS_DIR] /root/diffmvs exists= True
[info] 轨迹总帧数 = 2210
[info] 抽帧 stride=5 -> 选中 150 帧: 0..745
[info] 尺寸对齐: 640x640 --crop--> 640x480 (off 0,80) --scale 1.200000--> 768x576
[info] 图像分辨率 = 768x576, 共写出 150 帧 image/depth
[info] 计算共视分数矩阵(几何一致性 + 官方 view-selection score)...
  ref 0/150 done
[DIFFMVS_DIR] /root/diffmvs exists= True
[info] 轨迹总帧数 = 2097
[info] 抽帧 stride=5 -> 选中 150 帧: 0..745
[info] 尺寸对齐: 640x640 --crop--> 640x480 (off 0,80) --scale 1.200000--> 768x576
[info] 图像分辨率 = 768x576, 共写出 150 帧 image/depth
[info] 计算共视分数矩阵(几何一致性 + 官方 view-selection score)...
  ref 20/150 done
  ref 0/150 done
  ref 60/150 done
  ref 80/150 done
  ref 40/150 done
  ref 80/150 done
[info] 写出 pair.txt: /root/tg_conv/tg_GreatMarsh_omni_P0001/cams/pair.txt
[info] 每 ref 的 src 数: min=10 median=10 max=10; src>=8 的 ref 数 = 150/150
[info] 共视分数矩阵非零条目: 16286/22500, 平均每 ref 可用 src 数 = 108.57
[info] 写出 listfile: /root/tg_conv/lists/train.txt
[done]
  ref 40/126 done
[DIFFMVS_DIR] /root/diffmvs exists= True
[info] 轨迹总帧数 = 470
[info] 抽帧 stride=5 -> 选中 94 帧: 0..465
[info] 尺寸对齐: 640x640 --crop--> 640x480 (off 0,80) --scale 1.200000--> 768x576
[info] 图像分辨率 = 768x576, 共写出 94 帧 image/depth
[info] 计算共视分数矩阵(几何一致性 + 官方 view-selection score)...
  ref 0/94 done
  ref 20/150 done
  ref 40/107 done
  ref 20/118 done
  ref 80/150 done
  ref 120/150 done
  ref 60/150 done
  ref 20/150 done
  ref 20/94 done
  ref 20/150 done
  ref 40/150 done
  ref 20/150 done
  ref 60/126 done
  ref 60/107 done
  ref 100/150 done
  ref 60/150 done
  ref 80/150 done
  ref 40/118 done
  ref 100/150 done
  ref 40/150 done
  ref 100/150 done
  ref 140/150 done
  ref 40/94 done
  ref 80/150 done
  ref 40/150 done
  ref 80/107 done
[info] 写出 pair.txt: /root/tg_conv/tg_FactoryWeather_omni_P0003/cams/pair.txt
[info] 每 ref 的 src 数: min=7 median=10 max=10; src>=8 的 ref 数 = 148/150
[info] 共视分数矩阵非零条目: 19375/22500, 平均每 ref 可用 src 数 = 129.17
[info] 写出 listfile: /root/tg_conv/lists/train.txt
[done]
  ref 80/126 done
  ref 40/150 done
[DIFFMVS_DIR] /root/diffmvs exists= True
[info] 轨迹总帧数 = 2533
[info] 抽帧 stride=5 -> 选中 150 帧: 0..745
[info] 尺寸对齐: 640x640 --crop--> 640x480 (off 0,80) --scale 1.200000--> 768x576
  ref 60/118 done
[info] 图像分辨率 = 768x576, 共写出 150 帧 image/depth
[info] 计算共视分数矩阵(几何一致性 + 官方 view-selection score)...
  ref 60/150 done
  ref 40/150 done
  ref 0/150 done
  ref 80/150 done
  ref 100/150 done
  ref 120/150 done
  ref 60/94 done
  ref 120/150 done
  ref 60/150 done
  ref 120/150 done
  ref 100/150 done
  ref 100/107 done
  ref 100/126 done
  ref 80/94 done
[info] 写出 pair.txt: /root/tg_conv/tg_GothicIsland_omni_P0000/cams/pair.txt
[info] 每 ref 的 src 数: min=5 median=10 max=10; src>=8 的 ref 数 = 105/107
[info] 共视分数矩阵非零条目: 2709/11449, 平均每 ref 可用 src 数 = 25.32
[info] 写出 listfile: /root/tg_conv/lists/train.txt
[done]
  ref 60/150 done
  ref 80/118 done
[DIFFMVS_DIR] /root/diffmvs exists= True
  ref 60/150 done
[info] 轨迹总帧数 = 2012
[info] 抽帧 stride=5 -> 选中 150 帧: 0..745
[info] 尺寸对齐: 640x640 --crop--> 640x480 (off 0,80) --scale 1.200000--> 768x576
[info] 图像分辨率 = 768x576, 共写出 150 帧 image/depth
[info] 计算共视分数矩阵(几何一致性 + 官方 view-selection score)...
  ref 0/150 done
  ref 80/150 done
  ref 20/150 done
  ref 100/150 done
  ref 60/150 done
  ref 140/150 done
  ref 120/150 done
[info] 写出 pair.txt: /root/tg_conv/tg_House_omni_P0001/cams/pair.txt
[info] 每 ref 的 src 数: min=2 median=10 max=10; src>=8 的 ref 数 = 91/94
[info] 共视分数矩阵非零条目: 1879/8836, 平均每 ref 可用 src 数 = 19.99
[info] 写出 listfile: /root/tg_conv/lists/train.txt
[done]
[DIFFMVS_DIR] /root/diffmvs exists= True
  ref 140/150 done
[info] 轨迹总帧数 = 582
[info] 抽帧 stride=5 -> 选中 117 帧: 0..580
[info] 尺寸对齐: 640x640 --crop--> 640x480 (off 0,80) --scale 1.200000--> 768x576
[info] 图像分辨率 = 768x576, 共写出 117 帧 image/depth
[info] 计算共视分数矩阵(几何一致性 + 官方 view-selection score)...
  ref 0/117 done
  ref 80/150 done
  ref 140/150 done
  ref 120/150 done
  ref 120/126 done
[info] 写出 pair.txt: /root/tg_conv/tg_GreatMarsh_omni_P0000/cams/pair.txt
[info] 每 ref 的 src 数: min=10 median=10 max=10; src>=8 的 ref 数 = 150/150
[info] 共视分数矩阵非零条目: 19640/22500, 平均每 ref 可用 src 数 = 130.93
[info] 写出 listfile: /root/tg_conv/lists/train.txt
[done]
  ref 100/118 done
[info] 写出 pair.txt: /root/tg_conv/tg_GreatMarsh_omni_P0003/cams/pair.txt
[info] 每 ref 的 src 数: min=5 median=10 max=10; src>=8 的 ref 数 = 147/150
[info] 共视分数矩阵非零条目: 12466/22500, 平均每 ref 可用 src 数 = 83.11
[info] 写出 listfile: /root/tg_conv/lists/train.txt
[done]
[DIFFMVS_DIR] /root/diffmvs exists= True
[info] 轨迹总帧数 = 356
[info] 抽帧 stride=5 -> 选中 72 帧: 0..355
[info] 尺寸对齐: 640x640 --crop--> 640x480 (off 0,80) --scale 1.200000--> 768x576
[info] 图像分辨率 = 768x576, 共写出 72 帧 image/depth
[info] 计算共视分数矩阵(几何一致性 + 官方 view-selection score)...
  ref 0/72 done
[DIFFMVS_DIR] /root/diffmvs exists= True
[info] 写出 pair.txt: /root/tg_conv/tg_GothicIsland_omni_P0002/cams/pair.txt
[info] 每 ref 的 src 数: min=6 median=10 max=10; src>=8 的 ref 数 = 147/150
[info] 共视分数矩阵非零条目: 4389/22500, 平均每 ref 可用 src 数 = 29.26
[info] 写出 listfile: /root/tg_conv/lists/train.txt
[done]
[info] 轨迹总帧数 = 2050
[info] 抽帧 stride=5 -> 选中 150 帧: 0..745
[info] 尺寸对齐: 640x640 --crop--> 640x480 (off 0,80) --scale 1.200000--> 768x576
[info] 图像分辨率 = 768x576, 共写出 150 帧 image/depth
[info] 计算共视分数矩阵(几何一致性 + 官方 view-selection score)...
  ref 80/150 done
[info] 写出 pair.txt: /root/tg_conv/tg_IndustrialHangar_omni_P0002/cams/pair.txt
[info] 每 ref 的 src 数: min=2 median=10 max=10; src>=8 的 ref 数 = 125/126
[info] 共视分数矩阵非零条目: 5232/15876, 平均每 ref 可用 src 数 = 41.52
[info] 写出 listfile: /root/tg_conv/lists/train.txt
[done]
  ref 0/150 done
[DIFFMVS_DIR] /root/diffmvs exists= True
  ref 80/150 done
[info] 轨迹总帧数 = 524
[info] 抽帧 stride=5 -> 选中 105 帧: 0..520
[info] 尺寸对齐: 640x640 --crop--> 640x480 (off 0,80) --scale 1.200000--> 768x576
[info] 图像分辨率 = 768x576, 共写出 105 帧 image/depth
[info] 计算共视分数矩阵(几何一致性 + 官方 view-selection score)...
[DIFFMVS_DIR] /root/diffmvs exists= True
[info] 轨迹总帧数 = 2619
[info] 抽帧 stride=5 -> 选中 150 帧: 0..745
[info] 尺寸对齐: 640x640 --crop--> 640x480 (off 0,80) --scale 1.200000--> 768x576
  ref 0/105 done
[info] 图像分辨率 = 768x576, 共写出 150 帧 image/depth
[info] 计算共视分数矩阵(几何一致性 + 官方 view-selection score)...
  ref 100/150 done
  ref 20/150 done
  ref 0/150 done
  ref 40/150 done
  ref 20/117 done
  ref 80/150 done
  ref 140/150 done
  ref 120/150 done
  ref 20/72 done
[info] 写出 pair.txt: /root/tg_conv/tg_HQWesternSaloon_omni_P0001/cams/pair.txt
[info] 每 ref 的 src 数: min=10 median=10 max=10; src>=8 的 ref 数 = 118/118
[info] 共视分数矩阵非零条目: 5932/13924, 平均每 ref 可用 src 数 = 50.27
[info] 写出 listfile: /root/tg_conv/lists/train.txt
[done]
  ref 100/150 done
  ref 140/150 done
[info] 写出 pair.txt: /root/tg_conv/tg_GothicIsland_omni_P0003/cams/pair.txt
[info] 每 ref 的 src 数: min=10 median=10 max=10; src>=8 的 ref 数 = 150/150
[info] 共视分数矩阵非零条目: 6072/22500, 平均每 ref 可用 src 数 = 40.48
[info] 写出 listfile: /root/tg_conv/lists/train.txt
[done]
[DIFFMVS_DIR] /root/diffmvs exists= True
[info] 轨迹总帧数 = 2926
[info] 抽帧 stride=5 -> 选中 150 帧: 0..745
[info] 尺寸对齐: 640x640 --crop--> 640x480 (off 0,80) --scale 1.200000--> 768x576
[info] 图像分辨率 = 768x576, 共写出 150 帧 image/depth
[info] 计算共视分数矩阵(几何一致性 + 官方 view-selection score)...
  ref 0/150 done
  ref 40/72 done
  ref 20/105 done
[DIFFMVS_DIR] /root/diffmvs exists= True
[info] 轨迹总帧数 = 2511
[info] 抽帧 stride=5 -> 选中 150 帧: 0..745
[info] 尺寸对齐: 640x640 --crop--> 640x480 (off 0,80) --scale 1.200000--> 768x576
[info] 图像分辨率 = 768x576, 共写出 150 帧 image/depth
[info] 计算共视分数矩阵(几何一致性 + 官方 view-selection score)...
  ref 100/150 done
  ref 0/150 done
  ref 40/117 done
[info] 写出 pair.txt: /root/tg_conv/tg_GothicIsland_omni_P0004/cams/pair.txt
[info] 每 ref 的 src 数: min=2 median=10 max=10; src>=8 的 ref 数 = 147/150
[info] 共视分数矩阵非零条目: 5486/22500, 平均每 ref 可用 src 数 = 36.57
[info] 写出 listfile: /root/tg_conv/lists/train.txt
[done]
  ref 20/150 done
  ref 100/150 done
[DIFFMVS_DIR] /root/diffmvs exists= True
[info] 轨迹总帧数 = 1767
[info] 抽帧 stride=5 -> 选中 150 帧: 0..745
[info] 尺寸对齐: 640x640 --crop--> 640x480 (off 0,80) --scale 1.200000--> 768x576
[info] 图像分辨率 = 768x576, 共写出 150 帧 image/depth
[info] 计算共视分数矩阵(几何一致性 + 官方 view-selection score)...
  ref 120/150 done
  ref 40/150 done
  ref 0/150 done
  ref 20/150 done
  ref 60/150 done
  ref 60/72 done
  ref 100/150 done
  ref 140/150 done
  ref 40/105 done
  ref 120/150 done
[info] 写出 pair.txt: /root/tg_conv/tg_House_omni_P0000/cams/pair.txt
[info] 每 ref 的 src 数: min=4 median=10 max=10; src>=8 的 ref 数 = 61/72
[info] 共视分数矩阵非零条目: 1152/5184, 平均每 ref 可用 src 数 = 16.00
[info] 写出 listfile: /root/tg_conv/lists/train.txt
[done]
[DIFFMVS_DIR] /root/diffmvs exists= True
[info] 轨迹总帧数 = 900
[info] 抽帧 stride=5 -> 选中 150 帧: 0..745
[info] 尺寸对齐: 640x640 --crop--> 640x480 (off 0,80) --scale 1.200000--> 768x576
[info] 图像分辨率 = 768x576, 共写出 150 帧 image/depth
[info] 计算共视分数矩阵(几何一致性 + 官方 view-selection score)...
  ref 0/150 done
  ref 60/117 done
  ref 20/150 done
[info] 写出 pair.txt: /root/tg_conv/tg_ForestEnv_omni_P0003/cams/pair.txt
[info] 每 ref 的 src 数: min=10 median=10 max=10; src>=8 的 ref 数 = 150/150
[info] 共视分数矩阵非零条目: 18633/22500, 平均每 ref 可用 src 数 = 124.22
[info] 写出 listfile: /root/tg_conv/lists/train.txt
[done]
  ref 20/150 done
  ref 120/150 done
  ref 40/150 done
  ref 120/150 done
  ref 20/150 done
  ref 60/150 done
  ref 140/150 done
  ref 60/105 done
[DIFFMVS_DIR] /root/diffmvs exists= True
[info] 轨迹总帧数 = 4288
[info] 抽帧 stride=5 -> 选中 150 帧: 0..745
[info] 尺寸对齐: 640x640 --crop--> 640x480 (off 0,80) --scale 1.200000--> 768x576
[info] 图像分辨率 = 768x576, 共写出 150 帧 image/depth
[info] 计算共视分数矩阵(几何一致性 + 官方 view-selection score)...
  ref 80/150 done
  ref 40/150 done
  ref 0/150 done
  ref 120/150 done
  ref 80/117 done
  ref 140/150 done
  ref 20/150 done
[info] 写出 pair.txt: /root/tg_conv/tg_Gascola_omni_P0002/cams/pair.txt
[info] 每 ref 的 src 数: min=10 median=10 max=10; src>=8 的 ref 数 = 150/150
[info] 共视分数矩阵非零条目: 18362/22500, 平均每 ref 可用 src 数 = 122.41
[info] 写出 listfile: /root/tg_conv/lists/train.txt
[done]
[DIFFMVS_DIR] /root/diffmvs exists= True
[info] 轨迹总帧数 = 633
[info] 抽帧 stride=5 -> 选中 127 帧: 0..630
[info] 尺寸对齐: 640x640 --crop--> 640x480 (off 0,80) --scale 1.200000--> 768x576
[info] 图像分辨率 = 768x576, 共写出 127 帧 image/depth
[info] 计算共视分数矩阵(几何一致性 + 官方 view-selection score)...
  ref 0/127 done
  ref 40/150 done
  ref 80/105 done
[info] 写出 pair.txt: /root/tg_conv/tg_House_omni_P0002/cams/pair.txt
[info] 每 ref 的 src 数: min=5 median=10 max=10; src>=8 的 ref 数 = 148/150
[info] 共视分数矩阵非零条目: 4070/22500, 平均每 ref 可用 src 数 = 27.13
[info] 写出 listfile: /root/tg_conv/lists/train.txt
[done]
  ref 40/150 done
  ref 60/150 done
  ref 140/150 done
[DIFFMVS_DIR] /root/diffmvs exists= True
[info] 轨迹总帧数 = 914
[info] 抽帧 stride=5 -> 选中 150 帧: 0..745
[info] 尺寸对齐: 640x640 --crop--> 640x480 (off 0,80) --scale 1.200000--> 768x576
[info] 图像分辨率 = 768x576, 共写出 150 帧 image/depth
[info] 计算共视分数矩阵(几何一致性 + 官方 view-selection score)...
  ref 40/150 done
  ref 140/150 done
  ref 0/150 done
  ref 80/150 done
  ref 60/150 done
  ref 100/150 done
  ref 20/150 done
  ref 100/117 done
  ref 140/150 done
[info] 写出 pair.txt: /root/tg_conv/tg_Gascola_omni_P0001/cams/pair.txt
[info] 每 ref 的 src 数: min=10 median=10 max=10; src>=8 的 ref 数 = 150/150
[info] 共视分数矩阵非零条目: 13465/22500, 平均每 ref 可用 src 数 = 89.77
[info] 写出 listfile: /root/tg_conv/lists/train.txt
[done]
[info] 写出 pair.txt: /root/tg_conv/tg_Gascola_omni_P0003/cams/pair.txt
[info] 每 ref 的 src 数: min=8 median=10 max=10; src>=8 的 ref 数 = 150/150
[info] 共视分数矩阵非零条目: 10848/22500, 平均每 ref 可用 src 数 = 72.32
[info] 写出 listfile: /root/tg_conv/lists/train.txt
[done]
  ref 20/127 done
[DIFFMVS_DIR] /root/diffmvs exists= True
[info] 轨迹总帧数 = 548
[info] 抽帧 stride=5 -> 选中 110 帧: 0..545
[info] 尺寸对齐: 640x640 --crop--> 640x480 (off 0,80) --scale 1.200000--> 768x576
[DIFFMVS_DIR] /root/diffmvs exists= True
[info] 图像分辨率 = 768x576, 共写出 110 帧 image/depth
[info] 计算共视分数矩阵(几何一致性 + 官方 view-selection score)...
[info] 轨迹总帧数 = 819
[info] 抽帧 stride=5 -> 选中 150 帧: 0..745
[info] 尺寸对齐: 640x640 --crop--> 640x480 (off 0,80) --scale 1.200000--> 768x576
[info] 图像分辨率 = 768x576, 共写出 150 帧 image/depth
[info] 计算共视分数矩阵(几何一致性 + 官方 view-selection score)...
  ref 100/105 done
  ref 0/110 done
  ref 0/150 done
  ref 40/150 done
[info] 写出 pair.txt: /root/tg_conv/tg_MiddleEast_omni_P0003/cams/pair.txt
[info] 每 ref 的 src 数: min=10 median=10 max=10; src>=8 的 ref 数 = 105/105
[info] 共视分数矩阵非零条目: 3870/11025, 平均每 ref 可用 src 数 = 36.86
[info] 写出 listfile: /root/tg_conv/lists/train.txt
[done]
  ref 60/150 done
[info] 写出 pair.txt: /root/tg_conv/tg_GothicIsland_omni_P0001/cams/pair.txt
[info] 每 ref 的 src 数: min=9 median=10 max=10; src>=8 的 ref 数 = 150/150
[info] 共视分数矩阵非零条目: 8711/22500, 平均每 ref 可用 src 数 = 58.07
[info] 写出 listfile: /root/tg_conv/lists/train.txt
[done]
[DIFFMVS_DIR] /root/diffmvs exists= True
[info] 写出 pair.txt: /root/tg_conv/tg_JapaneseCity_omni_P0004/cams/pair.txt
[info] 每 ref 的 src 数: min=10 median=10 max=10; src>=8 的 ref 数 = 117/117
[info] 共视分数矩阵非零条目: 7767/13689, 平均每 ref 可用 src 数 = 66.38
[info] 写出 listfile: /root/tg_conv/lists/train.txt
[done]
[info] 轨迹总帧数 = 1899
[info] 抽帧 stride=5 -> 选中 150 帧: 0..745
[info] 尺寸对齐: 640x640 --crop--> 640x480 (off 0,80) --scale 1.200000--> 768x576
  ref 60/150 done
[info] 图像分辨率 = 768x576, 共写出 150 帧 image/depth
[info] 计算共视分数矩阵(几何一致性 + 官方 view-selection score)...
  ref 80/150 done
  ref 0/150 done
  ref 60/150 done
  ref 20/150 done
[DIFFMVS_DIR] /root/diffmvs exists= True
[info] 轨迹总帧数 = 5331
[info] 抽帧 stride=5 -> 选中 150 帧: 0..745
[info] 尺寸对齐: 640x640 --crop--> 640x480 (off 0,80) --scale 1.200000--> 768x576
[info] 图像分辨率 = 768x576, 共写出 150 帧 image/depth
[info] 计算共视分数矩阵(几何一致性 + 官方 view-selection score)...
  ref 100/150 done
  ref 0/150 done
[DIFFMVS_DIR] /root/diffmvs exists= True
[info] 轨迹总帧数 = 4883
[info] 抽帧 stride=5 -> 选中 150 帧: 0..745
[info] 尺寸对齐: 640x640 --crop--> 640x480 (off 0,80) --scale 1.200000--> 768x576
[info] 图像分辨率 = 768x576, 共写出 150 帧 image/depth
[info] 计算共视分数矩阵(几何一致性 + 官方 view-selection score)...
  ref 80/150 done
  ref 120/150 done
  ref 40/150 done
  ref 0/150 done
  ref 40/127 done
  ref 20/110 done
  ref 20/150 done
  ref 60/150 done
  ref 80/150 done
  ref 80/150 done
  ref 20/150 done
  ref 80/150 done
  ref 40/150 done
  ref 100/150 done
  ref 40/110 done
  ref 20/150 done
  ref 120/150 done
  ref 140/150 done
  ref 100/150 done
  ref 60/127 done
  ref 20/150 done
  ref 60/150 done
  ref 40/150 done
[info] 写出 pair.txt: /root/tg_conv/tg_Gascola_omni_P0004/cams/pair.txt
[info] 每 ref 的 src 数: min=5 median=10 max=10; src>=8 的 ref 数 = 148/150
[info] 共视分数矩阵非零条目: 11735/22500, 平均每 ref 可用 src 数 = 78.23
[info] 写出 listfile: /root/tg_conv/lists/train.txt
[done]
  ref 80/150 done
[DIFFMVS_DIR] /root/diffmvs exists= True
[info] 轨迹总帧数 = 866
[info] 抽帧 stride=5 -> 选中 150 帧: 0..745
[info] 尺寸对齐: 640x640 --crop--> 640x480 (off 0,80) --scale 1.200000--> 768x576
[info] 图像分辨率 = 768x576, 共写出 150 帧 image/depth
[info] 计算共视分数矩阵(几何一致性 + 官方 view-selection score)...
  ref 0/150 done
  ref 60/110 done
  ref 100/150 done
  ref 40/150 done
  ref 100/150 done
  ref 100/150 done
  ref 120/150 done
  ref 80/127 done
  ref 60/150 done
  ref 40/150 done
  ref 140/150 done
  ref 120/150 done
  ref 40/150 done
  ref 80/150 done
  ref 60/150 done
  ref 80/110 done
[info] 写出 pair.txt: /root/tg_conv/tg_Hospital_omni_P0000/cams/pair.txt
[info] 每 ref 的 src 数: min=2 median=10 max=10; src>=8 的 ref 数 = 133/150
[info] 共视分数矩阵非零条目: 2863/22500, 平均每 ref 可用 src 数 = 19.09
[info] 写出 listfile: /root/tg_conv/lists/train.txt
[done]
  ref 100/150 done
[DIFFMVS_DIR] /root/diffmvs exists= True
[info] 轨迹总帧数 = 1383
[info] 抽帧 stride=5 -> 选中 150 帧: 0..745
[info] 尺寸对齐: 640x640 --crop--> 640x480 (off 0,80) --scale 1.200000--> 768x576
[info] 图像分辨率 = 768x576, 共写出 150 帧 image/depth
[info] 计算共视分数矩阵(几何一致性 + 官方 view-selection score)...
  ref 0/150 done
  ref 20/150 done
  ref 100/127 done
  ref 120/150 done
  ref 60/150 done
  ref 120/150 done
  ref 120/150 done
  ref 140/150 done
  ref 80/150 done
  ref 60/150 done
  ref 140/150 done
  ref 60/150 done
  ref 100/110 done
  ref 100/150 done
[info] 写出 pair.txt: /root/tg_conv/tg_IndustrialHangar_omni_P0000/cams/pair.txt
[info] 每 ref 的 src 数: min=10 median=10 max=10; src>=8 的 ref 数 = 150/150
[info] 共视分数矩阵非零条目: 12981/22500, 平均每 ref 可用 src 数 = 86.54
[info] 写出 listfile: /root/tg_conv/lists/train.txt
[done]
  ref 80/150 done
[DIFFMVS_DIR] /root/diffmvs exists= True
[info] 轨迹总帧数 = 1301
[info] 抽帧 stride=5 -> 选中 150 帧: 0..745
[info] 尺寸对齐: 640x640 --crop--> 640x480 (off 0,80) --scale 1.200000--> 768x576
[info] 图像分辨率 = 768x576, 共写出 150 帧 image/depth
[info] 计算共视分数矩阵(几何一致性 + 官方 view-selection score)...
[info] 写出 pair.txt: /root/tg_conv/tg_HongKong_omni_P0001/cams/pair.txt
[info] 每 ref 的 src 数: min=4 median=10 max=10; src>=8 的 ref 数 = 107/110
[info] 共视分数矩阵非零条目: 5093/12100, 平均每 ref 可用 src 数 = 46.30
[info] 写出 listfile: /root/tg_conv/lists/train.txt
[done]
  ref 120/127 done
  ref 0/150 done
  ref 120/150 done
[info] 写出 pair.txt: /root/tg_conv/tg_Hospital_omni_P0002/cams/pair.txt
[info] 每 ref 的 src 数: min=7 median=10 max=10; src>=8 的 ref 数 = 149/150
[info] 共视分数矩阵非零条目: 7176/22500, 平均每 ref 可用 src 数 = 47.84
[info] 写出 listfile: /root/tg_conv/lists/train.txt
[done]
  ref 140/150 done
[DIFFMVS_DIR] /root/diffmvs exists= True
[info] 轨迹总帧数 = 2257
[info] 抽帧 stride=5 -> 选中 150 帧: 0..745
[info] 尺寸对齐: 640x640 --crop--> 640x480 (off 0,80) --scale 1.200000--> 768x576
[info] 图像分辨率 = 768x576, 共写出 150 帧 image/depth
[info] 计算共视分数矩阵(几何一致性 + 官方 view-selection score)...
  ref 0/150 done
  ref 40/150 done
  ref 80/150 done
  ref 20/150 done
[info] 写出 pair.txt: /root/tg_conv/tg_HongKong_omni_P0000/cams/pair.txt
[info] 每 ref 的 src 数: min=10 median=10 max=10; src>=8 的 ref 数 = 127/127
[info] 共视分数矩阵非零条目: 4685/16129, 平均每 ref 可用 src 数 = 36.89
[info] 写出 listfile: /root/tg_conv/lists/train.txt
[done]
  ref 140/150 done
[DIFFMVS_DIR] /root/diffmvs exists= True
[info] 轨迹总帧数 = 757
[info] 抽帧 stride=5 -> 选中 150 帧: 0..745
[info] 尺寸对齐: 640x640 --crop--> 640x480 (off 0,80) --scale 1.200000--> 768x576
[info] 图像分辨率 = 768x576, 共写出 150 帧 image/depth
[info] 计算共视分数矩阵(几何一致性 + 官方 view-selection score)...
  ref 140/150 done
[DIFFMVS_DIR] /root/diffmvs exists= True
[info] 轨迹总帧数 = 1369
[info] 抽帧 stride=5 -> 选中 150 帧: 0..745
[info] 尺寸对齐: 640x640 --crop--> 640x480 (off 0,80) --scale 1.200000--> 768x576
[info] 图像分辨率 = 768x576, 共写出 150 帧 image/depth
[info] 计算共视分数矩阵(几何一致性 + 官方 view-selection score)...
  ref 0/150 done
  ref 100/150 done
  ref 0/150 done
[info] 写出 pair.txt: /root/tg_conv/tg_Hospital_omni_P0003/cams/pair.txt
[info] 每 ref 的 src 数: min=2 median=10 max=10; src>=8 的 ref 数 = 134/150
[info] 共视分数矩阵非零条目: 4946/22500, 平均每 ref 可用 src 数 = 32.97
[info] 写出 listfile: /root/tg_conv/lists/train.txt
[done]
[DIFFMVS_DIR] /root/diffmvs exists= True
  ref 80/150 done
[info] 轨迹总帧数 = 715
[info] 抽帧 stride=5 -> 选中 143 帧: 0..710
[info] 尺寸对齐: 640x640 --crop--> 640x480 (off 0,80) --scale 1.200000--> 768x576
[info] 图像分辨率 = 768x576, 共写出 143 帧 image/depth
[info] 计算共视分数矩阵(几何一致性 + 官方 view-selection score)...
  ref 0/143 done
  ref 80/150 done
[info] 写出 pair.txt: /root/tg_conv/tg_Hospital_omni_P0004/cams/pair.txt
[info] 每 ref 的 src 数: min=7 median=10 max=10; src>=8 的 ref 数 = 147/150
[info] 共视分数矩阵非零条目: 6616/22500, 平均每 ref 可用 src 数 = 44.11
[info] 写出 listfile: /root/tg_conv/lists/train.txt
[done]
  ref 120/150 done
[info] 写出 pair.txt: /root/tg_conv/tg_IndustrialHangar_omni_P0003/cams/pair.txt
[info] 每 ref 的 src 数: min=10 median=10 max=10; src>=8 的 ref 数 = 150/150
[info] 共视分数矩阵非零条目: 13190/22500, 平均每 ref 可用 src 数 = 87.93
[info] 写出 listfile: /root/tg_conv/lists/train.txt
[done]
[DIFFMVS_DIR] /root/diffmvs exists= True
[info] 轨迹总帧数 = 855
[info] 抽帧 stride=5 -> 选中 150 帧: 0..745
[info] 尺寸对齐: 640x640 --crop--> 640x480 (off 0,80) --scale 1.200000--> 768x576
[info] 图像分辨率 = 768x576, 共写出 150 帧 image/depth
  ref 100/150 done
[info] 计算共视分数矩阵(几何一致性 + 官方 view-selection score)...
[DIFFMVS_DIR] /root/diffmvs exists= True
[info] 轨迹总帧数 = 1161
[info] 抽帧 stride=5 -> 选中 150 帧: 0..745
[info] 尺寸对齐: 640x640 --crop--> 640x480 (off 0,80) --scale 1.200000--> 768x576
[info] 图像分辨率 = 768x576, 共写出 150 帧 image/depth
[info] 计算共视分数矩阵(几何一致性 + 官方 view-selection score)...
  ref 0/150 done
  ref 0/150 done
  ref 20/150 done
  ref 140/150 done
  ref 40/150 done
  ref 60/150 done
  ref 100/150 done
  ref 20/150 done
  ref 20/150 done
  ref 120/150 done
  ref 20/150 done
[info] 写出 pair.txt: /root/tg_conv/tg_JapaneseCity_omni_P0003/cams/pair.txt
[info] 每 ref 的 src 数: min=3 median=10 max=10; src>=8 的 ref 数 = 143/150
[info] 共视分数矩阵非零条目: 19656/22500, 平均每 ref 可用 src 数 = 131.04
[info] 写出 listfile: /root/tg_conv/lists/train.txt
[done]
  ref 20/143 done
[DIFFMVS_DIR] /root/diffmvs exists= True
[info] 轨迹总帧数 = 1521
[info] 抽帧 stride=5 -> 选中 150 帧: 0..745
[info] 尺寸对齐: 640x640 --crop--> 640x480 (off 0,80) --scale 1.200000--> 768x576
[info] 图像分辨率 = 768x576, 共写出 150 帧 image/depth
  ref 100/150 done
[info] 计算共视分数矩阵(几何一致性 + 官方 view-selection score)...
  ref 0/150 done
  ref 100/150 done
  ref 140/150 done
  ref 120/150 done
  ref 20/150 done
  ref 20/150 done
  ref 40/150 done
  ref 60/150 done
  ref 80/150 done
[info] 写出 pair.txt: /root/tg_conv/tg_GreatMarsh_omni_P0004/cams/pair.txt
[info] 每 ref 的 src 数: min=6 median=10 max=10; src>=8 的 ref 数 = 149/150
[info] 共视分数矩阵非零条目: 12009/22500, 平均每 ref 可用 src 数 = 80.06
[info] 写出 listfile: /root/tg_conv/lists/train.txt
[done]
  ref 40/150 done
  ref 120/150 done
[DIFFMVS_DIR] /root/diffmvs exists= True
[info] 轨迹总帧数 = 1260
[info] 抽帧 stride=5 -> 选中 150 帧: 0..745
[info] 尺寸对齐: 640x640 --crop--> 640x480 (off 0,80) --scale 1.200000--> 768x576
[info] 图像分辨率 = 768x576, 共写出 150 帧 image/depth
[info] 计算共视分数矩阵(几何一致性 + 官方 view-selection score)...
  ref 0/150 done
  ref 140/150 done
  ref 40/150 done
  ref 40/150 done
  ref 40/143 done
  ref 120/150 done
  ref 140/150 done
  ref 20/150 done
  ref 120/150 done
  ref 40/150 done
[info] 写出 pair.txt: /root/tg_conv/tg_MiddleEast_omni_P0000/cams/pair.txt
[info] 每 ref 的 src 数: min=8 median=10 max=10; src>=8 的 ref 数 = 150/150
[info] 共视分数矩阵非零条目: 8558/22500, 平均每 ref 可用 src 数 = 57.05
[info] 写出 listfile: /root/tg_conv/lists/train.txt
[done]
  ref 60/150 done
  ref 40/150 done
  ref 100/150 done
  ref 140/150 done
[info] 写出 pair.txt: /root/tg_conv/tg_HQWesternSaloon_omni_P0002/cams/pair.txt
[info] 每 ref 的 src 数: min=10 median=10 max=10; src>=8 的 ref 数 = 150/150
[info] 共视分数矩阵非零条目: 10087/22500, 平均每 ref 可用 src 数 = 67.25
[info] 写出 listfile: /root/tg_conv/lists/train.txt
[done]
  ref 80/150 done
  ref 60/150 done
[DIFFMVS_DIR] /root/diffmvs exists= True
[info] 轨迹总帧数 = 1754
[info] 抽帧 stride=5 -> 选中 150 帧: 0..745
[info] 尺寸对齐: 640x640 --crop--> 640x480 (off 0,80) --scale 1.200000--> 768x576
[info] 图像分辨率 = 768x576, 共写出 150 帧 image/depth
[DIFFMVS_DIR] /root/diffmvs exists= True
[info] 计算共视分数矩阵(几何一致性 + 官方 view-selection score)...
[info] 轨迹总帧数 = 6782
[info] 抽帧 stride=5 -> 选中 150 帧: 0..745
[info] 尺寸对齐: 640x640 --crop--> 640x480 (off 0,80) --scale 1.200000--> 768x576
[info] 图像分辨率 = 768x576, 共写出 150 帧 image/depth
[info] 计算共视分数矩阵(几何一致性 + 官方 view-selection score)...
  ref 0/150 done
  ref 20/150 done
  ref 0/150 done
  ref 60/143 done
  ref 60/150 done
  ref 60/150 done
[info] 写出 pair.txt: /root/tg_conv/tg_Hospital_omni_P0001/cams/pair.txt
[info] 每 ref 的 src 数: min=10 median=10 max=10; src>=8 的 ref 数 = 150/150
[info] 共视分数矩阵非零条目: 9801/22500, 平均每 ref 可用 src 数 = 65.34
[info] 写出 listfile: /root/tg_conv/lists/train.txt
[done]
  ref 140/150 done
[DIFFMVS_DIR] /root/diffmvs exists= True
[info] 轨迹总帧数 = 1128
[info] 抽帧 stride=5 -> 选中 150 帧: 0..745
[info] 尺寸对齐: 640x640 --crop--> 640x480 (off 0,80) --scale 1.200000--> 768x576
[info] 图像分辨率 = 768x576, 共写出 150 帧 image/depth
[info] 计算共视分数矩阵(几何一致性 + 官方 view-selection score)...
  ref 40/150 done
  ref 0/150 done
  ref 140/150 done
  ref 60/150 done
  ref 60/150 done
  ref 80/150 done
  ref 120/150 done
[info] 写出 pair.txt: /root/tg_conv/tg_ModularNeighborhood_omni_P0004/cams/pair.txt
[info] 每 ref 的 src 数: min=5 median=10 max=10; src>=8 的 ref 数 = 147/150
[info] 共视分数矩阵非零条目: 19854/22500, 平均每 ref 可用 src 数 = 132.36
[info] 写出 listfile: /root/tg_conv/lists/train.txt
[done]
  ref 80/150 done
[DIFFMVS_DIR] /root/diffmvs exists= True
[info] 轨迹总帧数 = 1160
[info] 抽帧 stride=5 -> 选中 150 帧: 0..745
[info] 尺寸对齐: 640x640 --crop--> 640x480 (off 0,80) --scale 1.200000--> 768x576
[info] 图像分辨率 = 768x576, 共写出 150 帧 image/depth
[info] 计算共视分数矩阵(几何一致性 + 官方 view-selection score)...
[info] 写出 pair.txt: /root/tg_conv/tg_ModularNeighborhood_omni_P0000/cams/pair.txt
[info] 每 ref 的 src 数: min=7 median=10 max=10; src>=8 的 ref 数 = 149/150
[info] 共视分数矩阵非零条目: 11724/22500, 平均每 ref 可用 src 数 = 78.16
[info] 写出 listfile: /root/tg_conv/lists/train.txt
[done]
  ref 100/150 done
[DIFFMVS_DIR] /root/diffmvs exists= True
[info] 轨迹总帧数 = 1072
[info] 抽帧 stride=5 -> 选中 150 帧: 0..745
[info] 尺寸对齐: 640x640 --crop--> 640x480 (off 0,80) --scale 1.200000--> 768x576
  ref 0/150 done
[info] 图像分辨率 = 768x576, 共写出 150 帧 image/depth
[info] 计算共视分数矩阵(几何一致性 + 官方 view-selection score)...
  ref 20/150 done
  ref 20/150 done
  ref 0/150 done
  ref 40/150 done
  ref 80/143 done
  ref 80/150 done
  ref 80/150 done
  ref 60/150 done
  ref 20/150 done
  ref 80/150 done
  ref 80/150 done
  ref 100/150 done
  ref 140/150 done
  ref 100/150 done
  ref 40/150 done
  ref 120/150 done
  ref 20/150 done
  ref 60/150 done
  ref 100/143 done
  ref 20/150 done
  ref 40/150 done
  ref 100/150 done
  ref 100/150 done
[info] 写出 pair.txt: /root/tg_conv/tg_HongKong_omni_P0002/cams/pair.txt
[info] 每 ref 的 src 数: min=4 median=10 max=10; src>=8 的 ref 数 = 141/150
[info] 共视分数矩阵非零条目: 7883/22500, 平均每 ref 可用 src 数 = 52.55
[info] 写出 listfile: /root/tg_conv/lists/train.txt
[done]
[DIFFMVS_DIR] /root/diffmvs exists= True
[info] 轨迹总帧数 = 1667
[info] 抽帧 stride=5 -> 选中 150 帧: 0..745
[info] 尺寸对齐: 640x640 --crop--> 640x480 (off 0,80) --scale 1.200000--> 768x576
[info] 图像分辨率 = 768x576, 共写出 150 帧 image/depth
[info] 计算共视分数矩阵(几何一致性 + 官方 view-selection score)...
  ref 80/150 done
  ref 0/150 done
  ref 40/150 done
  ref 100/150 done
  ref 100/150 done
  ref 120/150 done
  ref 120/150 done
  ref 60/150 done
  ref 40/150 done
  ref 40/150 done
  ref 120/143 done
  ref 140/150 done
  ref 80/150 done
  ref 60/150 done
  ref 120/150 done
  ref 120/150 done
  ref 20/150 done
  ref 100/150 done
  ref 60/150 done
[info] 写出 pair.txt: /root/tg_conv/tg_JapaneseAlley_diff_P1000/cams/pair.txt
[info] 每 ref 的 src 数: min=9 median=10 max=10; src>=8 的 ref 数 = 150/150
[info] 共视分数矩阵非零条目: 12030/22500, 平均每 ref 可用 src 数 = 80.20
[info] 写出 listfile: /root/tg_conv/lists/train.txt
[done]
  ref 120/150 done
  ref 120/150 done
[DIFFMVS_DIR] /root/diffmvs exists= True
  ref 140/150 done
[info] 轨迹总帧数 = 2063
[info] 抽帧 stride=5 -> 选中 150 帧: 0..745
[info] 尺寸对齐: 640x640 --crop--> 640x480 (off 0,80) --scale 1.200000--> 768x576
[info] 图像分辨率 = 768x576, 共写出 150 帧 image/depth
[info] 计算共视分数矩阵(几何一致性 + 官方 view-selection score)...
  ref 0/150 done
  ref 140/150 done
  ref 140/143 done
  ref 60/150 done
  ref 80/150 done
  ref 60/150 done
[info] 写出 pair.txt: /root/tg_conv/tg_MiddleEast_omni_P0001/cams/pair.txt
[info] 每 ref 的 src 数: min=4 median=10 max=10; src>=8 的 ref 数 = 147/150
[info] 共视分数矩阵非零条目: 9538/22500, 平均每 ref 可用 src 数 = 63.59
[info] 写出 listfile: /root/tg_conv/lists/train.txt
[done]
  ref 100/150 done
[info] 写出 pair.txt: /root/tg_conv/tg_JapaneseCity_omni_P0001/cams/pair.txt
[info] 每 ref 的 src 数: min=10 median=10 max=10; src>=8 的 ref 数 = 143/143
[info] 共视分数矩阵非零条目: 12519/20449, 平均每 ref 可用 src 数 = 87.55
[info] 写出 listfile: /root/tg_conv/lists/train.txt
[done]
  ref 140/150 done
[DIFFMVS_DIR] /root/diffmvs exists= True
[info] 轨迹总帧数 = 1175
[info] 抽帧 stride=5 -> 选中 150 帧: 0..745
[info] 尺寸对齐: 640x640 --crop--> 640x480 (off 0,80) --scale 1.200000--> 768x576
  ref 80/150 done
[info] 图像分辨率 = 768x576, 共写出 150 帧 image/depth
[info] 计算共视分数矩阵(几何一致性 + 官方 view-selection score)...
  ref 140/150 done
  ref 0/150 done
[DIFFMVS_DIR] /root/diffmvs exists= True
[info] 轨迹总帧数 = 3518
[info] 抽帧 stride=5 -> 选中 150 帧: 0..745
[info] 尺寸对齐: 640x640 --crop--> 640x480 (off 0,80) --scale 1.200000--> 768x576
[info] 写出 pair.txt: /root/tg_conv/tg_JapaneseAlley_omni_P0001/cams/pair.txt
[info] 每 ref 的 src 数: min=10 median=10 max=10; src>=8 的 ref 数 = 150/150
[info] 共视分数矩阵非零条目: 16195/22500, 平均每 ref 可用 src 数 = 107.97
[info] 写出 listfile: /root/tg_conv/lists/train.txt
[done]
[info] 图像分辨率 = 768x576, 共写出 150 帧 image/depth
[info] 计算共视分数矩阵(几何一致性 + 官方 view-selection score)...
  ref 0/150 done
[DIFFMVS_DIR] /root/diffmvs exists= True
[info] 轨迹总帧数 = 1314
[info] 抽帧 stride=5 -> 选中 150 帧: 0..745
[info] 尺寸对齐: 640x640 --crop--> 640x480 (off 0,80) --scale 1.200000--> 768x576
[info] 图像分辨率 = 768x576, 共写出 150 帧 image/depth
[info] 计算共视分数矩阵(几何一致性 + 官方 view-selection score)...
  ref 120/150 done
  ref 80/150 done
  ref 40/150 done
  ref 0/150 done
  ref 140/150 done
  ref 140/150 done
[info] 写出 pair.txt: /root/tg_conv/tg_JapaneseAlley_omni_P0000/cams/pair.txt
[info] 每 ref 的 src 数: min=2 median=10 max=10; src>=8 的 ref 数 = 146/150
[info] 共视分数矩阵非零条目: 19385/22500, 平均每 ref 可用 src 数 = 129.23
[info] 写出 listfile: /root/tg_conv/lists/train.txt
[done]
[info] 写出 pair.txt: /root/tg_conv/tg_JapaneseCity_omni_P0000/cams/pair.txt
[info] 每 ref 的 src 数: min=9 median=10 max=10; src>=8 的 ref 数 = 150/150
[info] 共视分数矩阵非零条目: 17239/22500, 平均每 ref 可用 src 数 = 114.93
[info] 写出 listfile: /root/tg_conv/lists/train.txt
[done]
  ref 20/150 done
[DIFFMVS_DIR] /root/diffmvs exists= True
[info] 轨迹总帧数 = 944
[info] 抽帧 stride=5 -> 选中 150 帧: 0..745
[info] 尺寸对齐: 640x640 --crop--> 640x480 (off 0,80) --scale 1.200000--> 768x576
[DIFFMVS_DIR] /root/diffmvs exists= True
[info] 图像分辨率 = 768x576, 共写出 150 帧 image/depth
[info] 计算共视分数矩阵(几何一致性 + 官方 view-selection score)...
[info] 轨迹总帧数 = 1129
[info] 抽帧 stride=5 -> 选中 150 帧: 0..745
[info] 尺寸对齐: 640x640 --crop--> 640x480 (off 0,80) --scale 1.200000--> 768x576
[info] 图像分辨率 = 768x576, 共写出 150 帧 image/depth
[info] 计算共视分数矩阵(几何一致性 + 官方 view-selection score)...
  ref 0/150 done
  ref 0/150 done
  ref 100/150 done
[info] 写出 pair.txt: /root/tg_conv/tg_JapaneseCity_omni_P0002/cams/pair.txt
[info] 每 ref 的 src 数: min=9 median=10 max=10; src>=8 的 ref 数 = 150/150
[info] 共视分数矩阵非零条目: 10111/22500, 平均每 ref 可用 src 数 = 67.41
[info] 写出 listfile: /root/tg_conv/lists/train.txt
[done]
[info] 写出 pair.txt: /root/tg_conv/tg_MiddleEast_omni_P0004/cams/pair.txt
[info] 每 ref 的 src 数: min=10 median=10 max=10; src>=8 的 ref 数 = 150/150
[info] 共视分数矩阵非零条目: 11609/22500, 平均每 ref 可用 src 数 = 77.39
[info] 写出 listfile: /root/tg_conv/lists/train.txt
[done]
[DIFFMVS_DIR] /root/diffmvs exists= True
[info] 轨迹总帧数 = 1104
[info] 抽帧 stride=5 -> 选中 150 帧: 0..745
[info] 尺寸对齐: 640x640 --crop--> 640x480 (off 0,80) --scale 1.200000--> 768x576
[info] 图像分辨率 = 768x576, 共写出 150 帧 image/depth
[info] 计算共视分数矩阵(几何一致性 + 官方 view-selection score)...
  ref 80/150 done
[DIFFMVS_DIR] /root/diffmvs exists= True
[info] 轨迹总帧数 = 536
[info] 抽帧 stride=5 -> 选中 108 帧: 0..535
[info] 尺寸对齐: 640x640 --crop--> 640x480 (off 0,80) --scale 1.200000--> 768x576
  ref 80/150 done
[info] 图像分辨率 = 768x576, 共写出 108 帧 image/depth
[info] 计算共视分数矩阵(几何一致性 + 官方 view-selection score)...
  ref 0/150 done
  ref 120/150 done
  ref 0/108 done
  ref 100/150 done
  ref 20/150 done
  ref 140/150 done
  ref 20/150 done
  ref 60/150 done
  ref 20/150 done
  ref 100/150 done
  ref 40/150 done
  ref 20/150 done
  ref 20/150 done
[info] 写出 pair.txt: /root/tg_conv/tg_ModernCityDowntown_omni_P0004/cams/pair.txt
[info] 每 ref 的 src 数: min=10 median=10 max=10; src>=8 的 ref 数 = 150/150
[info] 共视分数矩阵非零条目: 19802/22500, 平均每 ref 可用 src 数 = 132.01
[info] 写出 listfile: /root/tg_conv/lists/train.txt
[done]
[DIFFMVS_DIR] /root/diffmvs exists= True
[info] 轨迹总帧数 = 678
[info] 抽帧 stride=5 -> 选中 136 帧: 0..675
[info] 尺寸对齐: 640x640 --crop--> 640x480 (off 0,80) --scale 1.200000--> 768x576
[info] 图像分辨率 = 768x576, 共写出 136 帧 image/depth
[info] 计算共视分数矩阵(几何一致性 + 官方 view-selection score)...
  ref 20/108 done
  ref 0/136 done
  ref 120/150 done
  ref 100/150 done
  ref 140/150 done
  ref 100/150 done
  ref 20/150 done
  ref 120/150 done
  ref 40/150 done
  ref 40/150 done
  ref 80/150 done
  ref 40/150 done
  ref 120/150 done
  ref 40/108 done
[info] 写出 pair.txt: /root/tg_conv/tg_IndustrialHangar_omni_P0001/cams/pair.txt
[info] 每 ref 的 src 数: min=4 median=10 max=10; src>=8 的 ref 数 = 147/150
[info] 共视分数矩阵非零条目: 7313/22500, 平均每 ref 可用 src 数 = 48.75
[info] 写出 listfile: /root/tg_conv/lists/train.txt
[done]
[DIFFMVS_DIR] /root/diffmvs exists= True
[info] 轨迹总帧数 = 939
[info] 抽帧 stride=5 -> 选中 150 帧: 0..745
[info] 尺寸对齐: 640x640 --crop--> 640x480 (off 0,80) --scale 1.200000--> 768x576
[info] 图像分辨率 = 768x576, 共写出 150 帧 image/depth
[info] 计算共视分数矩阵(几何一致性 + 官方 view-selection score)...
  ref 40/150 done
  ref 0/150 done
  ref 60/150 done
  ref 40/150 done
  ref 20/136 done
  ref 140/150 done
  ref 40/150 done
  ref 120/150 done
  ref 120/150 done
  ref 60/150 done
  ref 60/108 done
  ref 140/150 done
  ref 60/150 done
[info] 写出 pair.txt: /root/tg_conv/tg_IndustrialHangar_omni_P0004/cams/pair.txt
[info] 每 ref 的 src 数: min=10 median=10 max=10; src>=8 的 ref 数 = 150/150
[info] 共视分数矩阵非零条目: 6551/22500, 平均每 ref 可用 src 数 = 43.67
[info] 写出 listfile: /root/tg_conv/lists/train.txt
[done]
  ref 100/150 done
[DIFFMVS_DIR] /root/diffmvs exists= True
[info] 轨迹总帧数 = 724
[info] 抽帧 stride=5 -> 选中 145 帧: 0..720
[info] 尺寸对齐: 640x640 --crop--> 640x480 (off 0,80) --scale 1.200000--> 768x576
[info] 图像分辨率 = 768x576, 共写出 145 帧 image/depth
[info] 计算共视分数矩阵(几何一致性 + 官方 view-selection score)...
  ref 140/150 done
  ref 60/150 done
  ref 0/145 done
  ref 20/150 done
[info] 写出 pair.txt: /root/tg_conv/tg_ModularNeighborhood_omni_P0001/cams/pair.txt
[info] 每 ref 的 src 数: min=10 median=10 max=10; src>=8 的 ref 数 = 150/150
[info] 共视分数矩阵非零条目: 14729/22500, 平均每 ref 可用 src 数 = 98.19
[info] 写出 listfile: /root/tg_conv/lists/train.txt
[done]
  ref 60/150 done
  ref 80/150 done
[DIFFMVS_DIR] /root/diffmvs exists= True
  ref 40/136 done
[info] 轨迹总帧数 = 1246
[info] 抽帧 stride=5 -> 选中 150 帧: 0..745
[info] 尺寸对齐: 640x640 --crop--> 640x480 (off 0,80) --scale 1.200000--> 768x576
[info] 图像分辨率 = 768x576, 共写出 150 帧 image/depth
[info] 计算共视分数矩阵(几何一致性 + 官方 view-selection score)...
  ref 60/150 done
  ref 0/150 done
[info] 写出 pair.txt: /root/tg_conv/tg_JapaneseAlley_diff_P1001/cams/pair.txt
[info] 每 ref 的 src 数: min=10 median=10 max=10; src>=8 的 ref 数 = 150/150
[info] 共视分数矩阵非零条目: 15798/22500, 平均每 ref 可用 src 数 = 105.32
[info] 写出 listfile: /root/tg_conv/lists/train.txt
[done]
  ref 80/108 done
  ref 140/150 done
  ref 60/150 done
  ref 140/150 done
  ref 80/150 done
  ref 80/150 done
  ref 120/150 done
  ref 20/145 done
  ref 80/150 done
[info] 写出 pair.txt: /root/tg_conv/tg_Office_omni_P0001/cams/pair.txt
[info] 每 ref 的 src 数: min=10 median=10 max=10; src>=8 的 ref 数 = 150/150
[info] 共视分数矩阵非零条目: 5085/22500, 平均每 ref 可用 src 数 = 33.90
[info] 写出 listfile: /root/tg_conv/lists/train.txt
[done]
[info] 写出 pair.txt: /root/tg_conv/tg_OldBrickHouseDay_omni_P0000/cams/pair.txt
[info] 每 ref 的 src 数: min=2 median=10 max=10; src>=8 的 ref 数 = 137/150
[info] 共视分数矩阵非零条目: 6192/22500, 平均每 ref 可用 src 数 = 41.28
[info] 写出 listfile: /root/tg_conv/lists/train.txt
[done]
  ref 40/150 done
  ref 100/150 done
  ref 60/136 done
  ref 80/150 done
  ref 20/150 done
  ref 100/108 done
[DIFFMVS_DIR] /root/diffmvs exists= True
[info] 轨迹总帧数 = 1958
[info] 抽帧 stride=5 -> 选中 150 帧: 0..745
[info] 尺寸对齐: 640x640 --crop--> 640x480 (off 0,80) --scale 1.200000--> 768x576
[info] 图像分辨率 = 768x576, 共写出 150 帧 image/depth
[info] 计算共视分数矩阵(几何一致性 + 官方 view-selection score)...
  ref 80/150 done
  ref 0/150 done
[DIFFMVS_DIR] /root/diffmvs exists= True
[info] 轨迹总帧数 = 4312
[info] 抽帧 stride=5 -> 选中 150 帧: 0..745
[info] 尺寸对齐: 640x640 --crop--> 640x480 (off 0,80) --scale 1.200000--> 768x576
[info] 图像分辨率 = 768x576, 共写出 150 帧 image/depth
[info] 计算共视分数矩阵(几何一致性 + 官方 view-selection score)...
[info] 写出 pair.txt: /root/tg_conv/tg_ModularNeighborhoodIntExt_omni_P0000/cams/pair.txt
[info] 每 ref 的 src 数: min=10 median=10 max=10; src>=8 的 ref 数 = 108/108
[info] 共视分数矩阵非零条目: 4894/11664, 平均每 ref 可用 src 数 = 45.31
[info] 写出 listfile: /root/tg_conv/lists/train.txt
[done]
  ref 0/150 done
[DIFFMVS_DIR] /root/diffmvs exists= True
[info] 轨迹总帧数 = 1240
[info] 抽帧 stride=5 -> 选中 150 帧: 0..745
[info] 尺寸对齐: 640x640 --crop--> 640x480 (off 0,80) --scale 1.200000--> 768x576
[info] 图像分辨率 = 768x576, 共写出 150 帧 image/depth
[info] 计算共视分数矩阵(几何一致性 + 官方 view-selection score)...
  ref 80/150 done
  ref 0/150 done
[DIFFMVS_DIR] /root/diffmvs exists= True
[info] 轨迹总帧数 = 651
[info] 抽帧 stride=5 -> 选中 131 帧: 0..650
[info] 尺寸对齐: 640x640 --crop--> 640x480 (off 0,80) --scale 1.200000--> 768x576
[info] 图像分辨率 = 768x576, 共写出 131 帧 image/depth
[info] 计算共视分数矩阵(几何一致性 + 官方 view-selection score)...
  ref 0/131 done
  ref 100/150 done
  ref 100/150 done
  ref 140/150 done
  ref 40/145 done
  ref 100/150 done
  ref 60/150 done
  ref 80/136 done
  ref 120/150 done
  ref 100/150 done
  ref 40/150 done
  ref 100/150 done
  ref 20/150 done
[info] 写出 pair.txt: /root/tg_conv/tg_JapaneseAlley_omni_P0002/cams/pair.txt
[info] 每 ref 的 src 数: min=10 median=10 max=10; src>=8 的 ref 数 = 150/150
[info] 共视分数矩阵非零条目: 16440/22500, 平均每 ref 可用 src 数 = 109.60
[info] 写出 listfile: /root/tg_conv/lists/train.txt
[done]
  ref 20/150 done
[DIFFMVS_DIR] /root/diffmvs exists= True
[info] 轨迹总帧数 = 1523
[info] 抽帧 stride=5 -> 选中 150 帧: 0..745
[info] 尺寸对齐: 640x640 --crop--> 640x480 (off 0,80) --scale 1.200000--> 768x576
[info] 图像分辨率 = 768x576, 共写出 150 帧 image/depth
[info] 计算共视分数矩阵(几何一致性 + 官方 view-selection score)...
  ref 100/150 done
  ref 0/150 done
  ref 20/150 done
  ref 20/131 done
  ref 120/150 done
  ref 120/150 done
  ref 60/145 done
  ref 100/136 done
  ref 120/150 done
  ref 80/150 done
  ref 140/150 done
  ref 120/150 done
  ref 60/150 done
  ref 120/150 done
  ref 40/150 done
  ref 40/150 done
  ref 40/131 done
  ref 120/150 done
  ref 20/150 done
  ref 40/150 done
[info] 写出 pair.txt: /root/tg_conv/tg_ModUrbanCity_omni_P0004/cams/pair.txt
[info] 每 ref 的 src 数: min=3 median=10 max=10; src>=8 的 ref 数 = 119/150
[info] 共视分数矩阵非零条目: 8013/22500, 平均每 ref 可用 src 数 = 53.42
[info] 写出 listfile: /root/tg_conv/lists/train.txt
[done]
[DIFFMVS_DIR] /root/diffmvs exists= True
[info] 轨迹总帧数 = 3182
[info] 抽帧 stride=5 -> 选中 150 帧: 0..745
[info] 尺寸对齐: 640x640 --crop--> 640x480 (off 0,80) --scale 1.200000--> 768x576
[info] 图像分辨率 = 768x576, 共写出 150 帧 image/depth
[info] 计算共视分数矩阵(几何一致性 + 官方 view-selection score)...
  ref 140/150 done
  ref 140/150 done
  ref 0/150 done
  ref 80/145 done
  ref 120/136 done
  ref 100/150 done
  ref 140/150 done
  ref 140/150 done
  ref 60/131 done
[info] 写出 pair.txt: /root/tg_conv/tg_ModernCityDowntown_omni_P0002/cams/pair.txt
[info] 每 ref 的 src 数: min=10 median=10 max=10; src>=8 的 ref 数 = 150/150
[info] 共视分数矩阵非零条目: 12252/22500, 平均每 ref 可用 src 数 = 81.68
[info] 写出 listfile: /root/tg_conv/lists/train.txt
[done]
  ref 140/150 done
  ref 60/150 done
[info] 写出 pair.txt: /root/tg_conv/tg_ModularNeighborhood_omni_P0002/cams/pair.txt
[info] 每 ref 的 src 数: min=10 median=10 max=10; src>=8 的 ref 数 = 150/150
[info] 共视分数矩阵非零条目: 11264/22500, 平均每 ref 可用 src 数 = 75.09
[info] 写出 listfile: /root/tg_conv/lists/train.txt
[done]
  ref 80/150 done
  ref 60/150 done
[DIFFMVS_DIR] /root/diffmvs exists= True
[info] 轨迹总帧数 = 1519
[info] 抽帧 stride=5 -> 选中 150 帧: 0..745
[info] 尺寸对齐: 640x640 --crop--> 640x480 (off 0,80) --scale 1.200000--> 768x576
[info] 图像分辨率 = 768x576, 共写出 150 帧 image/depth
[info] 计算共视分数矩阵(几何一致性 + 官方 view-selection score)...
[DIFFMVS_DIR] /root/diffmvs exists= True
[info] 轨迹总帧数 = 2505
[info] 抽帧 stride=5 -> 选中 150 帧: 0..745
[info] 尺寸对齐: 640x640 --crop--> 640x480 (off 0,80) --scale 1.200000--> 768x576
[info] 图像分辨率 = 768x576, 共写出 150 帧 image/depth
[info] 计算共视分数矩阵(几何一致性 + 官方 view-selection score)...
  ref 0/150 done
  ref 0/150 done
  ref 60/150 done
[info] 写出 pair.txt: /root/tg_conv/tg_ModUrbanCity_omni_P0002/cams/pair.txt
[info] 每 ref 的 src 数: min=10 median=10 max=10; src>=8 的 ref 数 = 150/150
[info] 共视分数矩阵非零条目: 6462/22500, 平均每 ref 可用 src 数 = 43.08
[info] 写出 listfile: /root/tg_conv/lists/train.txt
[done]
  ref 40/150 done
[info] 写出 pair.txt: /root/tg_conv/tg_Office_omni_P0000/cams/pair.txt
[info] 每 ref 的 src 数: min=7 median=10 max=10; src>=8 的 ref 数 = 135/136
[info] 共视分数矩阵非零条目: 6280/18496, 平均每 ref 可用 src 数 = 46.18
[info] 写出 listfile: /root/tg_conv/lists/train.txt
[done]
[info] 写出 pair.txt: /root/tg_conv/tg_ModernCityDowntown_omni_P0001/cams/pair.txt
[info] 每 ref 的 src 数: min=10 median=10 max=10; src>=8 的 ref 数 = 150/150
[info] 共视分数矩阵非零条目: 9323/22500, 平均每 ref 可用 src 数 = 62.15
[info] 写出 listfile: /root/tg_conv/lists/train.txt
[done]
  ref 140/150 done
[DIFFMVS_DIR] /root/diffmvs exists= True
[info] 轨迹总帧数 = 1023
[info] 抽帧 stride=5 -> 选中 150 帧: 0..745
[info] 尺寸对齐: 640x640 --crop--> 640x480 (off 0,80) --scale 1.200000--> 768x576
[info] 图像分辨率 = 768x576, 共写出 150 帧 image/depth
[info] 计算共视分数矩阵(几何一致性 + 官方 view-selection score)...
  ref 0/150 done
[info] 写出 pair.txt: /root/tg_conv/tg_ModUrbanCity_omni_P0001/cams/pair.txt
[info] 每 ref 的 src 数: min=10 median=10 max=10; src>=8 的 ref 数 = 150/150
[info] 共视分数矩阵非零条目: 7962/22500, 平均每 ref 可用 src 数 = 53.08
[info] 写出 listfile: /root/tg_conv/lists/train.txt
[done]
[DIFFMVS_DIR] /root/diffmvs exists= True
[info] 轨迹总帧数 = 2627
[info] 抽帧 stride=5 -> 选中 150 帧: 0..745
[info] 尺寸对齐: 640x640 --crop--> 640x480 (off 0,80) --scale 1.200000--> 768x576
[info] 图像分辨率 = 768x576, 共写出 150 帧 image/depth
[info] 计算共视分数矩阵(几何一致性 + 官方 view-selection score)...
  ref 100/145 done
  ref 0/150 done
  ref 20/150 done
[DIFFMVS_DIR] /root/diffmvs exists= True
[info] 轨迹总帧数 = 3772
[info] 抽帧 stride=5 -> 选中 150 帧: 0..745
[info] 尺寸对齐: 640x640 --crop--> 640x480 (off 0,80) --scale 1.200000--> 768x576
[info] 图像分辨率 = 768x576, 共写出 150 帧 image/depth
[info] 计算共视分数矩阵(几何一致性 + 官方 view-selection score)...
[DIFFMVS_DIR] /root/diffmvs exists= True
  ref 120/150 done
[info] 轨迹总帧数 = 2480
[info] 抽帧 stride=5 -> 选中 150 帧: 0..745
[info] 尺寸对齐: 640x640 --crop--> 640x480 (off 0,80) --scale 1.200000--> 768x576
[info] 图像分辨率 = 768x576, 共写出 150 帧 image/depth
[info] 计算共视分数矩阵(几何一致性 + 官方 view-selection score)...
  ref 0/150 done
  ref 0/150 done
  ref 80/131 done
[info] 写出 pair.txt: /root/tg_conv/tg_ModernCityDowntown_omni_P0003/cams/pair.txt
[info] 每 ref 的 src 数: min=5 median=10 max=10; src>=8 的 ref 数 = 148/150
[info] 共视分数矩阵非零条目: 10010/22500, 平均每 ref 可用 src 数 = 66.73
[info] 写出 listfile: /root/tg_conv/lists/train.txt
[done]
  ref 100/150 done
  ref 80/150 done
[DIFFMVS_DIR] /root/diffmvs exists= True
[info] 轨迹总帧数 = 3567
[info] 抽帧 stride=5 -> 选中 150 帧: 0..745
[info] 尺寸对齐: 640x640 --crop--> 640x480 (off 0,80) --scale 1.200000--> 768x576
[info] 图像分辨率 = 768x576, 共写出 150 帧 image/depth
[info] 计算共视分数矩阵(几何一致性 + 官方 view-selection score)...
  ref 80/150 done
  ref 0/150 done
  ref 20/150 done
  ref 80/150 done
  ref 20/150 done
  ref 60/150 done
  ref 20/150 done
  ref 40/150 done
  ref 120/145 done
  ref 20/150 done
  ref 140/150 done
  ref 100/131 done
  ref 20/150 done
  ref 20/150 done
  ref 120/150 done
  ref 100/150 done
  ref 20/150 done
[info] 写出 pair.txt: /root/tg_conv/tg_MiddleEast_omni_P0002/cams/pair.txt
[info] 每 ref 的 src 数: min=4 median=10 max=10; src>=8 的 ref 数 = 149/150
[info] 共视分数矩阵非零条目: 10164/22500, 平均每 ref 可用 src 数 = 67.76
[info] 写出 listfile: /root/tg_conv/lists/train.txt
[done]
  ref 40/150 done
  ref 100/150 done
  ref 40/150 done
  ref 100/150 done
  ref 80/150 done
  ref 40/150 done
[DIFFMVS_DIR] /root/diffmvs exists= True
[info] 轨迹总帧数 = 6281
[info] 抽帧 stride=5 -> 选中 150 帧: 0..745
[info] 尺寸对齐: 640x640 --crop--> 640x480 (off 0,80) --scale 1.200000--> 768x576
[info] 图像分辨率 = 768x576, 共写出 150 帧 image/depth
[info] 计算共视分数矩阵(几何一致性 + 官方 view-selection score)...
  ref 140/145 done
  ref 60/150 done
  ref 120/131 done
  ref 0/150 done
  ref 40/150 done
  ref 40/150 done
[info] 写出 pair.txt: /root/tg_conv/tg_ModUrbanCity_omni_P0000/cams/pair.txt
[info] 每 ref 的 src 数: min=3 median=10 max=10; src>=8 的 ref 数 = 126/145
[info] 共视分数矩阵非零条目: 5391/21025, 平均每 ref 可用 src 数 = 37.18
[info] 写出 listfile: /root/tg_conv/lists/train.txt
[done]
  ref 40/150 done
[DIFFMVS_DIR] /root/diffmvs exists= True
[info] 轨迹总帧数 = 1645
[info] 抽帧 stride=5 -> 选中 150 帧: 0..745
[info] 尺寸对齐: 640x640 --crop--> 640x480 (off 0,80) --scale 1.200000--> 768x576
[info] 图像分辨率 = 768x576, 共写出 150 帧 image/depth
[info] 计算共视分数矩阵(几何一致性 + 官方 view-selection score)...
  ref 0/150 done
  ref 120/150 done
  ref 40/150 done
[info] 写出 pair.txt: /root/tg_conv/tg_ModernCityDowntown_omni_P0000/cams/pair.txt
[info] 每 ref 的 src 数: min=10 median=10 max=10; src>=8 的 ref 数 = 131/131
[info] 共视分数矩阵非零条目: 8040/17161, 平均每 ref 可用 src 数 = 61.37
[info] 写出 listfile: /root/tg_conv/lists/train.txt
[done]
  ref 60/150 done
  ref 140/150 done
[DIFFMVS_DIR] /root/diffmvs exists= True
[info] 轨迹总帧数 = 2471
[info] 抽帧 stride=5 -> 选中 150 帧: 0..745
[info] 尺寸对齐: 640x640 --crop--> 640x480 (off 0,80) --scale 1.200000--> 768x576
[info] 图像分辨率 = 768x576, 共写出 150 帧 image/depth
[info] 计算共视分数矩阵(几何一致性 + 官方 view-selection score)...
  ref 120/150 done
  ref 120/150 done
  ref 0/150 done
  ref 60/150 done
  ref 60/150 done
  ref 100/150 done
  ref 60/150 done
  ref 80/150 done
  ref 20/150 done
[info] 写出 pair.txt: /root/tg_conv/tg_Office_omni_P0002/cams/pair.txt
[info] 每 ref 的 src 数: min=4 median=10 max=10; src>=8 的 ref 数 = 148/150
[info] 共视分数矩阵非零条目: 8028/22500, 平均每 ref 可用 src 数 = 53.52
[info] 写出 listfile: /root/tg_conv/lists/train.txt
[done]
[DIFFMVS_DIR] /root/diffmvs exists= True
[info] 轨迹总帧数 = 1077
[info] 抽帧 stride=5 -> 选中 150 帧: 0..745
[info] 尺寸对齐: 640x640 --crop--> 640x480 (off 0,80) --scale 1.200000--> 768x576
[info] 图像分辨率 = 768x576, 共写出 150 帧 image/depth
[info] 计算共视分数矩阵(几何一致性 + 官方 view-selection score)...
  ref 60/150 done
  ref 0/150 done
  ref 60/150 done
  ref 20/150 done
  ref 60/150 done
  ref 140/150 done
  ref 80/150 done
  ref 140/150 done
  ref 140/150 done
  ref 80/150 done
  ref 20/150 done
  ref 120/150 done
  ref 80/150 done
  ref 100/150 done
  ref 80/150 done
[info] 写出 pair.txt: /root/tg_conv/tg_OldScandinavia_omni_P0001/cams/pair.txt
[info] 每 ref 的 src 数: min=10 median=10 max=10; src>=8 的 ref 数 = 150/150
[info] 共视分数矩阵非零条目: 13837/22500, 平均每 ref 可用 src 数 = 92.25
[info] 写出 listfile: /root/tg_conv/lists/train.txt
[done]
  ref 40/150 done
[DIFFMVS_DIR] /root/diffmvs exists= True
[info] 轨迹总帧数 = 970
[info] 抽帧 stride=5 -> 选中 150 帧: 0..745
[info] 尺寸对齐: 640x640 --crop--> 640x480 (off 0,80) --scale 1.200000--> 768x576
[info] 图像分辨率 = 768x576, 共写出 150 帧 image/depth
[info] 计算共视分数矩阵(几何一致性 + 官方 view-selection score)...
[info] 写出 pair.txt: /root/tg_conv/tg_OldBrickHouseDay_omni_P0001/cams/pair.txt
[info] 每 ref 的 src 数: min=1 median=10 max=10; src>=8 的 ref 数 = 147/150
[info] 共视分数矩阵非零条目: 9268/22500, 平均每 ref 可用 src 数 = 61.79
[info] 写出 listfile: /root/tg_conv/lists/train.txt
[done]
  ref 0/150 done
[info] 写出 pair.txt: /root/tg_conv/tg_OldIndustrialCity_omni_P0002/cams/pair.txt
[info] 每 ref 的 src 数: min=3 median=10 max=10; src>=8 的 ref 数 = 147/150
[info] 共视分数矩阵非零条目: 8220/22500, 平均每 ref 可用 src 数 = 54.80
[info] 写出 listfile: /root/tg_conv/lists/train.txt
[done]
[DIFFMVS_DIR] /root/diffmvs exists= True
  ref 80/150 done
[info] 轨迹总帧数 = 669
[info] 抽帧 stride=5 -> 选中 134 帧: 0..665
[info] 尺寸对齐: 640x640 --crop--> 640x480 (off 0,80) --scale 1.200000--> 768x576
[info] 图像分辨率 = 768x576, 共写出 134 帧 image/depth
[info] 计算共视分数矩阵(几何一致性 + 官方 view-selection score)...
  ref 20/150 done
  ref 0/134 done
  ref 80/150 done
  ref 40/150 done
[DIFFMVS_DIR] /root/diffmvs exists= True
[info] 轨迹总帧数 = 2530
[info] 抽帧 stride=5 -> 选中 150 帧: 0..745
[info] 尺寸对齐: 640x640 --crop--> 640x480 (off 0,80) --scale 1.200000--> 768x576
[info] 图像分辨率 = 768x576, 共写出 150 帧 image/depth
[info] 计算共视分数矩阵(几何一致性 + 官方 view-selection score)...
  ref 80/150 done
  ref 0/150 done
  ref 100/150 done
  ref 100/150 done
  ref 40/150 done
  ref 100/150 done
  ref 140/150 done
  ref 120/150 done
  ref 100/150 done
  ref 60/150 done
  ref 20/134 done
  ref 20/150 done
  ref 40/150 done
  ref 100/150 done
  ref 100/150 done
[info] 写出 pair.txt: /root/tg_conv/tg_ModUrbanCity_omni_P0003/cams/pair.txt
[info] 每 ref 的 src 数: min=3 median=10 max=10; src>=8 的 ref 数 = 128/150
[info] 共视分数矩阵非零条目: 6758/22500, 平均每 ref 可用 src 数 = 45.05
[info] 写出 listfile: /root/tg_conv/lists/train.txt
[done]
[DIFFMVS_DIR] /root/diffmvs exists= True
[info] 轨迹总帧数 = 857
[info] 抽帧 stride=5 -> 选中 150 帧: 0..745
[info] 尺寸对齐: 640x640 --crop--> 640x480 (off 0,80) --scale 1.200000--> 768x576
  ref 60/150 done
[info] 图像分辨率 = 768x576, 共写出 150 帧 image/depth
[info] 计算共视分数矩阵(几何一致性 + 官方 view-selection score)...
  ref 0/150 done
  ref 100/150 done
  ref 20/150 done
  ref 120/150 done
  ref 60/150 done
  ref 120/150 done
  ref 120/150 done
  ref 120/150 done
  ref 140/150 done
  ref 80/150 done
  ref 40/134 done
  ref 40/150 done
  ref 60/150 done
  ref 120/150 done
  ref 120/150 done
[info] 写出 pair.txt: /root/tg_conv/tg_NordicHarbor_omni_P0000/cams/pair.txt
[info] 每 ref 的 src 数: min=10 median=10 max=10; src>=8 的 ref 数 = 150/150
[info] 共视分数矩阵非零条目: 13237/22500, 平均每 ref 可用 src 数 = 88.25
[info] 写出 listfile: /root/tg_conv/lists/train.txt
[done]
[DIFFMVS_DIR] /root/diffmvs exists= True
  ref 80/150 done
[info] 轨迹总帧数 = 966
[info] 抽帧 stride=5 -> 选中 150 帧: 0..745
[info] 尺寸对齐: 640x640 --crop--> 640x480 (off 0,80) --scale 1.200000--> 768x576
  ref 120/150 done
[info] 图像分辨率 = 768x576, 共写出 150 帧 image/depth
[info] 计算共视分数矩阵(几何一致性 + 官方 view-selection score)...
  ref 0/150 done
  ref 20/150 done
  ref 40/150 done
  ref 140/150 done
  ref 140/150 done
  ref 80/150 done
  ref 140/150 done
  ref 140/150 done
  ref 60/134 done
  ref 100/150 done
  ref 60/150 done
[info] 写出 pair.txt: /root/tg_conv/tg_Office_omni_P0003/cams/pair.txt
[info] 每 ref 的 src 数: min=10 median=10 max=10; src>=8 的 ref 数 = 150/150
[info] 共视分数矩阵非零条目: 10098/22500, 平均每 ref 可用 src 数 = 67.32
[info] 写出 listfile: /root/tg_conv/lists/train.txt
[done]
  ref 140/150 done
  ref 80/150 done
[info] 写出 pair.txt: /root/tg_conv/tg_NordicHarbor_omni_P0003/cams/pair.txt
[info] 每 ref 的 src 数: min=10 median=10 max=10; src>=8 的 ref 数 = 150/150
[info] 共视分数矩阵非零条目: 10437/22500, 平均每 ref 可用 src 数 = 69.58
[info] 写出 listfile: /root/tg_conv/lists/train.txt
[done]
[DIFFMVS_DIR] /root/diffmvs exists= True
[info] 轨迹总帧数 = 1188
[info] 抽帧 stride=5 -> 选中 150 帧: 0..745
[info] 尺寸对齐: 640x640 --crop--> 640x480 (off 0,80) --scale 1.200000--> 768x576
[info] 图像分辨率 = 768x576, 共写出 150 帧 image/depth
[info] 计算共视分数矩阵(几何一致性 + 官方 view-selection score)...
  ref 0/150 done
[info] 写出 pair.txt: /root/tg_conv/tg_ModularNeighborhoodIntExt_omni_P0003/cams/pair.txt
[info] 每 ref 的 src 数: min=10 median=10 max=10; src>=8 的 ref 数 = 150/150
[info] 共视分数矩阵非零条目: 9864/22500, 平均每 ref 可用 src 数 = 65.76
[info] 写出 listfile: /root/tg_conv/lists/train.txt
[done]
  ref 140/150 done
[DIFFMVS_DIR] /root/diffmvs exists= True
[info] 写出 pair.txt: /root/tg_conv/tg_NordicHarbor_omni_P0002/cams/pair.txt
[info] 每 ref 的 src 数: min=10 median=10 max=10; src>=8 的 ref 数 = 150/150
[info] 共视分数矩阵非零条目: 10020/22500, 平均每 ref 可用 src 数 = 66.80
[info] 写出 listfile: /root/tg_conv/lists/train.txt
[done]
[info] 轨迹总帧数 = 2967
[info] 抽帧 stride=5 -> 选中 150 帧: 0..745
[info] 尺寸对齐: 640x640 --crop--> 640x480 (off 0,80) --scale 1.200000--> 768x576
[info] 图像分辨率 = 768x576, 共写出 150 帧 image/depth
[info] 计算共视分数矩阵(几何一致性 + 官方 view-selection score)...
  ref 100/150 done
  ref 140/150 done
[DIFFMVS_DIR] /root/diffmvs exists= True
[info] 轨迹总帧数 = 806
[info] 抽帧 stride=5 -> 选中 150 帧: 0..745
[info] 尺寸对齐: 640x640 --crop--> 640x480 (off 0,80) --scale 1.200000--> 768x576
  ref 0/150 done
[info] 图像分辨率 = 768x576, 共写出 150 帧 image/depth
[info] 计算共视分数矩阵(几何一致性 + 官方 view-selection score)...
  ref 0/150 done
  ref 20/150 done
  ref 40/150 done
[info] 写出 pair.txt: /root/tg_conv/tg_OldIndustrialCity_omni_P0001/cams/pair.txt
[info] 每 ref 的 src 数: min=4 median=10 max=10; src>=8 的 ref 数 = 148/150
[info] 共视分数矩阵非零条目: 12340/22500, 平均每 ref 可用 src 数 = 82.27
[info] 写出 listfile: /root/tg_conv/lists/train.txt
[done]
  ref 60/150 done
  ref 100/150 done
[info] 写出 pair.txt: /root/tg_conv/tg_ModularNeighborhoodIntExt_omni_P0002/cams/pair.txt
[info] 每 ref 的 src 数: min=10 median=10 max=10; src>=8 的 ref 数 = 150/150
[info] 共视分数矩阵非零条目: 16968/22500, 平均每 ref 可用 src 数 = 113.12
[info] 写出 listfile: /root/tg_conv/lists/train.txt
[done]
[DIFFMVS_DIR] /root/diffmvs exists= True
[info] 轨迹总帧数 = 736
[info] 抽帧 stride=5 -> 选中 148 帧: 0..735
[info] 尺寸对齐: 640x640 --crop--> 640x480 (off 0,80) --scale 1.200000--> 768x576
[info] 图像分辨率 = 768x576, 共写出 148 帧 image/depth
[info] 计算共视分数矩阵(几何一致性 + 官方 view-selection score)...
  ref 80/134 done
  ref 0/148 done
[info] 写出 pair.txt: /root/tg_conv/tg_NordicHarbor_omni_P0004/cams/pair.txt
[info] 每 ref 的 src 数: min=5 median=10 max=10; src>=8 的 ref 数 = 146/150
[info] 共视分数矩阵非零条目: 11730/22500, 平均每 ref 可用 src 数 = 78.20
[info] 写出 listfile: /root/tg_conv/lists/train.txt
[done]
[DIFFMVS_DIR] /root/diffmvs exists= True
[info] 轨迹总帧数 = 3046
[info] 抽帧 stride=5 -> 选中 150 帧: 0..745
[info] 尺寸对齐: 640x640 --crop--> 640x480 (off 0,80) --scale 1.200000--> 768x576
[info] 图像分辨率 = 768x576, 共写出 150 帧 image/depth
[info] 计算共视分数矩阵(几何一致性 + 官方 view-selection score)...
[DIFFMVS_DIR] /root/diffmvs exists= True
  ref 0/150 done
[info] 轨迹总帧数 = 1376
[info] 抽帧 stride=5 -> 选中 150 帧: 0..745
[info] 尺寸对齐: 640x640 --crop--> 640x480 (off 0,80) --scale 1.200000--> 768x576
[DIFFMVS_DIR] /root/diffmvs exists= True
[info] 轨迹总帧数 = 958
[info] 抽帧 stride=5 -> 选中 150 帧: 0..745
[info] 尺寸对齐: 640x640 --crop--> 640x480 (off 0,80) --scale 1.200000--> 768x576
[info] 图像分辨率 = 768x576, 共写出 150 帧 image/depth
[info] 计算共视分数矩阵(几何一致性 + 官方 view-selection score)...
[info] 图像分辨率 = 768x576, 共写出 150 帧 image/depth
[info] 计算共视分数矩阵(几何一致性 + 官方 view-selection score)...
  ref 0/150 done
  ref 0/150 done
  ref 80/150 done
  ref 120/150 done
  ref 100/150 done
  ref 120/150 done
  ref 20/150 done
  ref 20/150 done
  ref 60/150 done
  ref 40/150 done
  ref 20/150 done
  ref 80/150 done
  ref 120/150 done
  ref 20/148 done
  ref 100/134 done
  ref 20/150 done
  ref 20/150 done
  ref 20/150 done
  ref 100/150 done
  ref 140/150 done
  ref 120/150 done
  ref 140/150 done
  ref 40/150 done
  ref 80/150 done
  ref 40/150 done
  ref 40/150 done
  ref 60/150 done
[info] 写出 pair.txt: /root/tg_conv/tg_ModularNeighborhood_omni_P0003/cams/pair.txt
[info] 每 ref 的 src 数: min=9 median=10 max=10; src>=8 的 ref 数 = 150/150
[info] 共视分数矩阵非零条目: 16360/22500, 平均每 ref 可用 src 数 = 109.07
[info] 写出 listfile: /root/tg_conv/lists/train.txt
[done]
[DIFFMVS_DIR] /root/diffmvs exists= True
[info] 轨迹总帧数 = 721
[info] 抽帧 stride=5 -> 选中 145 帧: 0..720
[info] 尺寸对齐: 640x640 --crop--> 640x480 (off 0,80) --scale 1.200000--> 768x576
[info] 图像分辨率 = 768x576, 共写出 145 帧 image/depth
[info] 计算共视分数矩阵(几何一致性 + 官方 view-selection score)...
  ref 100/150 done
  ref 0/145 done
  ref 140/150 done
  ref 120/134 done
  ref 40/148 done
[info] 写出 pair.txt: /root/tg_conv/tg_ModularNeighborhoodIntExt_omni_P0001/cams/pair.txt
[info] 每 ref 的 src 数: min=10 median=10 max=10; src>=8 的 ref 数 = 150/150
[info] 共视分数矩阵非零条目: 14751/22500, 平均每 ref 可用 src 数 = 98.34
[info] 写出 listfile: /root/tg_conv/lists/train.txt
[done]
[DIFFMVS_DIR] /root/diffmvs exists= True
[info] 轨迹总帧数 = 1503
[info] 抽帧 stride=5 -> 选中 150 帧: 0..745
[info] 尺寸对齐: 640x640 --crop--> 640x480 (off 0,80) --scale 1.200000--> 768x576
[info] 图像分辨率 = 768x576, 共写出 150 帧 image/depth
[info] 计算共视分数矩阵(几何一致性 + 官方 view-selection score)...
  ref 40/150 done
  ref 0/150 done
  ref 40/150 done
  ref 120/150 done
  ref 40/150 done
[info] 写出 pair.txt: /root/tg_conv/tg_NordicHarbor_omni_P0001/cams/pair.txt
[info] 每 ref 的 src 数: min=5 median=10 max=10; src>=8 的 ref 数 = 149/150
[info] 共视分数矩阵非零条目: 12743/22500, 平均每 ref 可用 src 数 = 84.95
[info] 写出 listfile: /root/tg_conv/lists/train.txt
[done]
  ref 140/150 done
[DIFFMVS_DIR] /root/diffmvs exists= True
[info] 轨迹总帧数 = 672
[info] 抽帧 stride=5 -> 选中 135 帧: 0..670
[info] 尺寸对齐: 640x640 --crop--> 640x480 (off 0,80) --scale 1.200000--> 768x576
[info] 图像分辨率 = 768x576, 共写出 135 帧 image/depth
[info] 计算共视分数矩阵(几何一致性 + 官方 view-selection score)...
  ref 0/135 done
[info] 写出 pair.txt: /root/tg_conv/tg_OldScandinavia_omni_P0002/cams/pair.txt
[info] 每 ref 的 src 数: min=10 median=10 max=10; src>=8 的 ref 数 = 134/134
[info] 共视分数矩阵非零条目: 17819/17956, 平均每 ref 可用 src 数 = 132.98
[info] 写出 listfile: /root/tg_conv/lists/train.txt
[done]
[DIFFMVS_DIR] /root/diffmvs exists= True
[info] 轨迹总帧数 = 2096
[info] 抽帧 stride=5 -> 选中 150 帧: 0..745
[info] 尺寸对齐: 640x640 --crop--> 640x480 (off 0,80) --scale 1.200000--> 768x576
  ref 60/150 done
[info] 图像分辨率 = 768x576, 共写出 150 帧 image/depth
[info] 计算共视分数矩阵(几何一致性 + 官方 view-selection score)...
  ref 60/150 done
  ref 100/150 done
  ref 60/150 done
  ref 0/150 done
  ref 80/150 done
  ref 20/145 done
[info] 写出 pair.txt: /root/tg_conv/tg_OldIndustrialCity_omni_P0003/cams/pair.txt
[info] 每 ref 的 src 数: min=7 median=10 max=10; src>=8 的 ref 数 = 149/150
[info] 共视分数矩阵非零条目: 12049/22500, 平均每 ref 可用 src 数 = 80.33
[info] 写出 listfile: /root/tg_conv/lists/train.txt
[done]
  ref 120/150 done
[DIFFMVS_DIR] /root/diffmvs exists= True
[info] 轨迹总帧数 = 650
[info] 抽帧 stride=5 -> 选中 130 帧: 0..645
[info] 尺寸对齐: 640x640 --crop--> 640x480 (off 0,80) --scale 1.200000--> 768x576
[info] 图像分辨率 = 768x576, 共写出 130 帧 image/depth
[info] 计算共视分数矩阵(几何一致性 + 官方 view-selection score)...
  ref 0/130 done
  ref 60/148 done
  ref 60/150 done
  ref 60/150 done
  ref 20/150 done
  ref 60/150 done
  ref 140/150 done
  ref 20/135 done
  ref 80/150 done
  ref 80/150 done
  ref 120/150 done
  ref 80/150 done
[info] 写出 pair.txt: /root/tg_conv/tg_OldTownSummer_omni_P0003/cams/pair.txt
[info] 每 ref 的 src 数: min=10 median=10 max=10; src>=8 的 ref 数 = 150/150
[info] 共视分数矩阵非零条目: 11064/22500, 平均每 ref 可用 src 数 = 73.76
[info] 写出 listfile: /root/tg_conv/lists/train.txt
[done]
  ref 100/150 done
  ref 40/145 done
  ref 20/130 done
  ref 20/150 done
[DIFFMVS_DIR] /root/diffmvs exists= True
[info] 轨迹总帧数 = 1076
[info] 抽帧 stride=5 -> 选中 150 帧: 0..745
[info] 尺寸对齐: 640x640 --crop--> 640x480 (off 0,80) --scale 1.200000--> 768x576
[info] 图像分辨率 = 768x576, 共写出 150 帧 image/depth
[info] 计算共视分数矩阵(几何一致性 + 官方 view-selection score)...
  ref 140/150 done
  ref 0/150 done
  ref 80/148 done
  ref 80/150 done
  ref 40/150 done
  ref 80/150 done
  ref 80/150 done
  ref 40/135 done
[info] 写出 pair.txt: /root/tg_conv/tg_OldTownNight_diff_P1000/cams/pair.txt
[info] 每 ref 的 src 数: min=7 median=10 max=10; src>=8 的 ref 数 = 149/150
[info] 共视分数矩阵非零条目: 12711/22500, 平均每 ref 可用 src 数 = 84.74
[info] 写出 listfile: /root/tg_conv/lists/train.txt
[done]
[DIFFMVS_DIR] /root/diffmvs exists= True
[info] 轨迹总帧数 = 831
[info] 抽帧 stride=5 -> 选中 150 帧: 0..745
[info] 尺寸对齐: 640x640 --crop--> 640x480 (off 0,80) --scale 1.200000--> 768x576
[info] 图像分辨率 = 768x576, 共写出 150 帧 image/depth
[info] 计算共视分数矩阵(几何一致性 + 官方 view-selection score)...
  ref 0/150 done
  ref 100/150 done
  ref 100/150 done
  ref 40/130 done
  ref 100/150 done
  ref 140/150 done
  ref 120/150 done
  ref 60/145 done
  ref 40/150 done
  ref 100/148 done
  ref 20/150 done
  ref 100/150 done
  ref 60/135 done
  ref 60/150 done
[info] 写出 pair.txt: /root/tg_conv/tg_ModularNeighborhoodIntExt_omni_P0004/cams/pair.txt
[info] 每 ref 的 src 数: min=9 median=10 max=10; src>=8 的 ref 数 = 150/150
[info] 共视分数矩阵非零条目: 10192/22500, 平均每 ref 可用 src 数 = 67.95
[info] 写出 listfile: /root/tg_conv/lists/train.txt
[done]
  ref 100/150 done
  ref 100/150 done
[DIFFMVS_DIR] /root/diffmvs exists= True
[info] 轨迹总帧数 = 1247
[info] 抽帧 stride=5 -> 选中 150 帧: 0..745
[info] 尺寸对齐: 640x640 --crop--> 640x480 (off 0,80) --scale 1.200000--> 768x576
[info] 图像分辨率 = 768x576, 共写出 150 帧 image/depth
[info] 计算共视分数矩阵(几何一致性 + 官方 view-selection score)...
  ref 0/150 done
  ref 20/150 done
  ref 60/130 done
  ref 120/150 done
  ref 120/150 done
  ref 120/150 done
  ref 140/150 done
  ref 80/145 done
  ref 60/150 done
  ref 40/150 done
  ref 120/148 done
  ref 80/135 done
  ref 120/150 done
[info] 写出 pair.txt: /root/tg_conv/tg_OldBrickHouseNight_omni_P0001/cams/pair.txt
[info] 每 ref 的 src 数: min=6 median=10 max=10; src>=8 的 ref 数 = 147/150
[info] 共视分数矩阵非零条目: 4927/22500, 平均每 ref 可用 src 数 = 32.85
[info] 写出 listfile: /root/tg_conv/lists/train.txt
[done]
  ref 120/150 done
  ref 80/150 done
[DIFFMVS_DIR] /root/diffmvs exists= True
[info] 轨迹总帧数 = 1153
[info] 抽帧 stride=5 -> 选中 150 帧: 0..745
[info] 尺寸对齐: 640x640 --crop--> 640x480 (off 0,80) --scale 1.200000--> 768x576
  ref 120/150 done
[info] 图像分辨率 = 768x576, 共写出 150 帧 image/depth
[info] 计算共视分数矩阵(几何一致性 + 官方 view-selection score)...
  ref 0/150 done
  ref 20/150 done
  ref 80/130 done
  ref 40/150 done
  ref 140/150 done
  ref 140/150 done
  ref 100/145 done
  ref 80/150 done
  ref 140/150 done
  ref 60/150 done
  ref 100/135 done
  ref 140/148 done
[info] 写出 pair.txt: /root/tg_conv/tg_OldBrickHouseNight_omni_P0004/cams/pair.txt
[info] 每 ref 的 src 数: min=3 median=10 max=10; src>=8 的 ref 数 = 144/150
[info] 共视分数矩阵非零条目: 5067/22500, 平均每 ref 可用 src 数 = 33.78
[info] 写出 listfile: /root/tg_conv/lists/train.txt
[done]
[info] 写出 pair.txt: /root/tg_conv/tg_OldIndustrialCity_omni_P0004/cams/pair.txt
[info] 每 ref 的 src 数: min=6 median=10 max=10; src>=8 的 ref 数 = 149/150
[info] 共视分数矩阵非零条目: 17366/22500, 平均每 ref 可用 src 数 = 115.77
[info] 写出 listfile: /root/tg_conv/lists/train.txt
[done]
  ref 140/150 done
  ref 140/150 done
[DIFFMVS_DIR] /root/diffmvs exists= True
[info] 轨迹总帧数 = 1386
[info] 抽帧 stride=5 -> 选中 150 帧: 0..745
[info] 尺寸对齐: 640x640 --crop--> 640x480 (off 0,80) --scale 1.200000--> 768x576
[DIFFMVS_DIR] /root/diffmvs exists= True
[info] 图像分辨率 = 768x576, 共写出 150 帧 image/depth
[info] 计算共视分数矩阵(几何一致性 + 官方 view-selection score)...
[info] 轨迹总帧数 = 2294
[info] 抽帧 stride=5 -> 选中 150 帧: 0..745
[info] 尺寸对齐: 640x640 --crop--> 640x480 (off 0,80) --scale 1.200000--> 768x576
  ref 100/150 done
[info] 写出 pair.txt: /root/tg_conv/tg_OldTownFall_omni_P0000/cams/pair.txt
[info] 每 ref 的 src 数: min=7 median=10 max=10; src>=8 的 ref 数 = 149/150
[info] 共视分数矩阵非零条目: 9482/22500, 平均每 ref 可用 src 数 = 63.21
[info] 写出 listfile: /root/tg_conv/lists/train.txt
[done]
[info] 图像分辨率 = 768x576, 共写出 150 帧 image/depth
[info] 计算共视分数矩阵(几何一致性 + 官方 view-selection score)...
  ref 100/130 done
  ref 140/150 done
[info] 写出 pair.txt: /root/tg_conv/tg_OldBrickHouseDay_omni_P0003/cams/pair.txt
[info] 每 ref 的 src 数: min=4 median=10 max=10; src>=8 的 ref 数 = 147/148
[info] 共视分数矩阵非零条目: 8246/21904, 平均每 ref 可用 src 数 = 55.72
[info] 写出 listfile: /root/tg_conv/lists/train.txt
[done]
  ref 20/150 done
  ref 0/150 done
  ref 0/150 done
  ref 60/150 done
  ref 40/150 done
[DIFFMVS_DIR] /root/diffmvs exists= True
[info] 轨迹总帧数 = 1029
[info] 抽帧 stride=5 -> 选中 150 帧: 0..745
[info] 尺寸对齐: 640x640 --crop--> 640x480 (off 0,80) --scale 1.200000--> 768x576
[info] 图像分辨率 = 768x576, 共写出 150 帧 image/depth
[info] 计算共视分数矩阵(几何一致性 + 官方 view-selection score)...
[DIFFMVS_DIR] /root/diffmvs exists= True
[info] 轨迹总帧数 = 559
[info] 抽帧 stride=5 -> 选中 112 帧: 0..555
[info] 尺寸对齐: 640x640 --crop--> 640x480 (off 0,80) --scale 1.200000--> 768x576
[info] 图像分辨率 = 768x576, 共写出 112 帧 image/depth
[info] 计算共视分数矩阵(几何一致性 + 官方 view-selection score)...
  ref 0/150 done
[info] 写出 pair.txt: /root/tg_conv/tg_Prison_omni_P0001/cams/pair.txt
[info] 每 ref 的 src 数: min=10 median=10 max=10; src>=8 的 ref 数 = 150/150
[info] 共视分数矩阵非零条目: 15598/22500, 平均每 ref 可用 src 数 = 103.99
[info] 写出 listfile: /root/tg_conv/lists/train.txt
[done]
  ref 0/112 done
[info] 写出 pair.txt: /root/tg_conv/tg_OldTownNight_omni_P0002/cams/pair.txt
[info] 每 ref 的 src 数: min=8 median=10 max=10; src>=8 的 ref 数 = 150/150
[info] 共视分数矩阵非零条目: 14897/22500, 平均每 ref 可用 src 数 = 99.31
[info] 写出 listfile: /root/tg_conv/lists/train.txt
[done]
[info] 写出 pair.txt: /root/tg_conv/tg_OldIndustrialCity_omni_P0000/cams/pair.txt
[info] 每 ref 的 src 数: min=10 median=10 max=10; src>=8 的 ref 数 = 150/150
[info] 共视分数矩阵非零条目: 7734/22500, 平均每 ref 可用 src 数 = 51.56
[info] 写出 listfile: /root/tg_conv/lists/train.txt
[done]
  ref 120/135 done
  ref 100/150 done
  ref 120/145 done
[DIFFMVS_DIR] /root/diffmvs exists= True
[info] 轨迹总帧数 = 776
[info] 抽帧 stride=5 -> 选中 150 帧: 0..745
[info] 尺寸对齐: 640x640 --crop--> 640x480 (off 0,80) --scale 1.200000--> 768x576
[DIFFMVS_DIR] /root/diffmvs exists= True
[info] 轨迹总帧数 = 1458
[info] 抽帧 stride=5 -> 选中 150 帧: 0..745
[info] 尺寸对齐: 640x640 --crop--> 640x480 (off 0,80) --scale 1.200000--> 768x576
[info] 图像分辨率 = 768x576, 共写出 150 帧 image/depth
[info] 计算共视分数矩阵(几何一致性 + 官方 view-selection score)...
[info] 图像分辨率 = 768x576, 共写出 150 帧 image/depth
[info] 计算共视分数矩阵(几何一致性 + 官方 view-selection score)...
  ref 0/150 done
  ref 80/150 done
[DIFFMVS_DIR] /root/diffmvs exists= True
[info] 轨迹总帧数 = 2479
[info] 抽帧 stride=5 -> 选中 150 帧: 0..745
[info] 尺寸对齐: 640x640 --crop--> 640x480 (off 0,80) --scale 1.200000--> 768x576
  ref 0/150 done
[info] 图像分辨率 = 768x576, 共写出 150 帧 image/depth
[info] 计算共视分数矩阵(几何一致性 + 官方 view-selection score)...
  ref 0/150 done
  ref 120/130 done
  ref 40/150 done
  ref 120/150 done
  ref 20/150 done
  ref 20/150 done
  ref 20/112 done
  ref 60/150 done
[info] 写出 pair.txt: /root/tg_conv/tg_OldBrickHouseNight_omni_P0002/cams/pair.txt
[info] 每 ref 的 src 数: min=2 median=10 max=10; src>=8 的 ref 数 = 128/135
[info] 共视分数矩阵非零条目: 4566/18225, 平均每 ref 可用 src 数 = 33.82
[info] 写出 listfile: /root/tg_conv/lists/train.txt
[done]
  ref 80/150 done
[DIFFMVS_DIR] /root/diffmvs exists= True
[info] 轨迹总帧数 = 2583
[info] 抽帧 stride=5 -> 选中 150 帧: 0..745
[info] 尺寸对齐: 640x640 --crop--> 640x480 (off 0,80) --scale 1.200000--> 768x576
[info] 写出 pair.txt: /root/tg_conv/tg_OldTownSummer_omni_P0000/cams/pair.txt
[info] 每 ref 的 src 数: min=10 median=10 max=10; src>=8 的 ref 数 = 130/130
[info] 共视分数矩阵非零条目: 5369/16900, 平均每 ref 可用 src 数 = 41.30
[info] 写出 listfile: /root/tg_conv/lists/train.txt
[done]
[info] 图像分辨率 = 768x576, 共写出 150 帧 image/depth
[info] 计算共视分数矩阵(几何一致性 + 官方 view-selection score)...
  ref 0/150 done
  ref 20/150 done
  ref 140/145 done
  ref 120/150 done
  ref 20/150 done
  ref 20/150 done
  ref 100/150 done
  ref 20/150 done
[info] 写出 pair.txt: /root/tg_conv/tg_Office_omni_P0004/cams/pair.txt
[info] 每 ref 的 src 数: min=10 median=10 max=10; src>=8 的 ref 数 = 145/145
[info] 共视分数矩阵非零条目: 9107/21025, 平均每 ref 可用 src 数 = 62.81
[info] 写出 listfile: /root/tg_conv/lists/train.txt
[done]
[DIFFMVS_DIR] /root/diffmvs exists= True
[info] 轨迹总帧数 = 2931
[info] 抽帧 stride=5 -> 选中 150 帧: 0..745
[info] 尺寸对齐: 640x640 --crop--> 640x480 (off 0,80) --scale 1.200000--> 768x576
[info] 图像分辨率 = 768x576, 共写出 150 帧 image/depth
[info] 计算共视分数矩阵(几何一致性 + 官方 view-selection score)...
  ref 40/112 done
  ref 0/150 done
  ref 140/150 done
  ref 60/150 done
  ref 40/150 done
  ref 40/150 done
  ref 80/150 done
  ref 100/150 done
  ref 20/150 done
[info] 写出 pair.txt: /root/tg_conv/tg_OldBrickHouseDay_omni_P0002/cams/pair.txt
[info] 每 ref 的 src 数: min=4 median=10 max=10; src>=8 的 ref 数 = 146/150
[info] 共视分数矩阵非零条目: 3452/22500, 平均每 ref 可用 src 数 = 23.01
[info] 写出 listfile: /root/tg_conv/lists/train.txt
[done]
[DIFFMVS_DIR] /root/diffmvs exists= True
  ref 40/150 done
[info] 轨迹总帧数 = 1739
[info] 抽帧 stride=5 -> 选中 150 帧: 0..745
[info] 尺寸对齐: 640x640 --crop--> 640x480 (off 0,80) --scale 1.200000--> 768x576
[info] 图像分辨率 = 768x576, 共写出 150 帧 image/depth
[info] 计算共视分数矩阵(几何一致性 + 官方 view-selection score)...
  ref 120/150 done
  ref 0/150 done
  ref 140/150 done
  ref 40/150 done
  ref 60/112 done
  ref 40/150 done
  ref 40/150 done
  ref 20/150 done
  ref 60/150 done
  ref 60/150 done
  ref 100/150 done
[info] 写出 pair.txt: /root/tg_conv/tg_OldTownSummer_diff_P1000/cams/pair.txt
[info] 每 ref 的 src 数: min=10 median=10 max=10; src>=8 的 ref 数 = 150/150
[info] 共视分数矩阵非零条目: 14957/22500, 平均每 ref 可用 src 数 = 99.71
[info] 写出 listfile: /root/tg_conv/lists/train.txt
[done]
  ref 80/150 done
  ref 120/150 done
[DIFFMVS_DIR] /root/diffmvs exists= True
[info] 轨迹总帧数 = 918
[info] 抽帧 stride=5 -> 选中 150 帧: 0..745
[info] 尺寸对齐: 640x640 --crop--> 640x480 (off 0,80) --scale 1.200000--> 768x576
[info] 图像分辨率 = 768x576, 共写出 150 帧 image/depth
[info] 计算共视分数矩阵(几何一致性 + 官方 view-selection score)...
  ref 40/150 done
  ref 0/150 done
  ref 80/112 done
  ref 60/150 done
  ref 140/150 done
  ref 60/150 done
  ref 60/150 done
  ref 20/150 done
  ref 60/150 done
  ref 80/150 done
[info] 写出 pair.txt: /root/tg_conv/tg_Rome_omni_P0001/cams/pair.txt
[info] 每 ref 的 src 数: min=10 median=10 max=10; src>=8 的 ref 数 = 150/150
[info] 共视分数矩阵非零条目: 7193/22500, 平均每 ref 可用 src 数 = 47.95
[info] 写出 listfile: /root/tg_conv/lists/train.txt
[done]
  ref 100/150 done
  ref 40/150 done
  ref 80/150 done
[DIFFMVS_DIR] /root/diffmvs exists= True
[info] 轨迹总帧数 = 721
[info] 抽帧 stride=5 -> 选中 145 帧: 0..720
[info] 尺寸对齐: 640x640 --crop--> 640x480 (off 0,80) --scale 1.200000--> 768x576
  ref 120/150 done
[info] 图像分辨率 = 768x576, 共写出 145 帧 image/depth
[info] 计算共视分数矩阵(几何一致性 + 官方 view-selection score)...
  ref 0/145 done
  ref 20/150 done
  ref 100/112 done
  ref 140/150 done
  ref 60/150 done
  ref 80/150 done
  ref 80/150 done
  ref 80/150 done
[info] 写出 pair.txt: /root/tg_conv/tg_Rome_omni_P0004/cams/pair.txt
[info] 每 ref 的 src 数: min=3 median=10 max=10; src>=8 的 ref 数 = 106/112
[info] 共视分数矩阵非零条目: 4588/12544, 平均每 ref 可用 src 数 = 40.96
[info] 写出 listfile: /root/tg_conv/lists/train.txt
[done]
  ref 40/150 done
[info] 写出 pair.txt: /root/tg_conv/tg_Restaurant_omni_P0000/cams/pair.txt
[info] 每 ref 的 src 数: min=10 median=10 max=10; src>=8 的 ref 数 = 150/150
[info] 共视分数矩阵非零条目: 9649/22500, 平均每 ref 可用 src 数 = 64.33
[info] 写出 listfile: /root/tg_conv/lists/train.txt
[done]
  ref 80/150 done
[DIFFMVS_DIR] /root/diffmvs exists= True
[DIFFMVS_DIR] /root/diffmvs exists= True
[info] 轨迹总帧数 = 1039
[info] 抽帧 stride=5 -> 选中 150 帧: 0..745
[info] 尺寸对齐: 640x640 --crop--> 640x480 (off 0,80) --scale 1.200000--> 768x576
[info] 轨迹总帧数 = 2367
[info] 抽帧 stride=5 -> 选中 150 帧: 0..745
[info] 尺寸对齐: 640x640 --crop--> 640x480 (off 0,80) --scale 1.200000--> 768x576
[info] 图像分辨率 = 768x576, 共写出 150 帧 image/depth
[info] 计算共视分数矩阵(几何一致性 + 官方 view-selection score)...
[info] 图像分辨率 = 768x576, 共写出 150 帧 image/depth
[info] 计算共视分数矩阵(几何一致性 + 官方 view-selection score)...
  ref 0/150 done
  ref 0/150 done
  ref 100/150 done
  ref 120/150 done
  ref 100/150 done
  ref 60/150 done
  ref 140/150 done
  ref 40/150 done
  ref 20/145 done
  ref 80/150 done
  ref 100/150 done
[info] 写出 pair.txt: /root/tg_conv/tg_OldBrickHouseNight_omni_P0000/cams/pair.txt
[info] 每 ref 的 src 数: min=1 median=10 max=10; src>=8 的 ref 数 = 134/150
[info] 共视分数矩阵非零条目: 3835/22500, 平均每 ref 可用 src 数 = 25.57
[info] 写出 listfile: /root/tg_conv/lists/train.txt
[done]
  ref 100/150 done
  ref 60/150 done
  ref 100/150 done
[DIFFMVS_DIR] /root/diffmvs exists= True
[info] 轨迹总帧数 = 2411
[info] 抽帧 stride=5 -> 选中 150 帧: 0..745
[info] 尺寸对齐: 640x640 --crop--> 640x480 (off 0,80) --scale 1.200000--> 768x576
[info] 图像分辨率 = 768x576, 共写出 150 帧 image/depth
[info] 计算共视分数矩阵(几何一致性 + 官方 view-selection score)...
  ref 0/150 done
  ref 20/150 done
  ref 140/150 done
  ref 100/150 done
  ref 120/150 done
  ref 20/150 done
  ref 60/150 done
  ref 120/150 done
  ref 40/145 done
  ref 80/150 done
  ref 100/150 done
[info] 写出 pair.txt: /root/tg_conv/tg_OldTownFall_omni_P0002/cams/pair.txt
[info] 每 ref 的 src 数: min=10 median=10 max=10; src>=8 的 ref 数 = 150/150
[info] 共视分数矩阵非零条目: 8337/22500, 平均每 ref 可用 src 数 = 55.58
[info] 写出 listfile: /root/tg_conv/lists/train.txt
[done]
[DIFFMVS_DIR] /root/diffmvs exists= True
[info] 轨迹总帧数 = 1702
[info] 抽帧 stride=5 -> 选中 150 帧: 0..745
[info] 尺寸对齐: 640x640 --crop--> 640x480 (off 0,80) --scale 1.200000--> 768x576
[info] 图像分辨率 = 768x576, 共写出 150 帧 image/depth
[info] 计算共视分数矩阵(几何一致性 + 官方 view-selection score)...
  ref 120/150 done
  ref 0/150 done
  ref 120/150 done
  ref 80/150 done
  ref 120/150 done
  ref 20/150 done
  ref 40/150 done
  ref 140/150 done
  ref 120/150 done
  ref 40/150 done
  ref 80/150 done
  ref 140/150 done
  ref 60/145 done
  ref 100/150 done
  ref 120/150 done
[info] 写出 pair.txt: /root/tg_conv/tg_OldTownSummer_omni_P0001/cams/pair.txt
[info] 每 ref 的 src 数: min=10 median=10 max=10; src>=8 的 ref 数 = 150/150
[info] 共视分数矩阵非零条目: 11126/22500, 平均每 ref 可用 src 数 = 74.17
[info] 写出 listfile: /root/tg_conv/lists/train.txt
[done]
[info] 写出 pair.txt: /root/tg_conv/tg_OldTownNight_omni_P0000/cams/pair.txt
[info] 每 ref 的 src 数: min=10 median=10 max=10; src>=8 的 ref 数 = 150/150
[info] 共视分数矩阵非零条目: 10469/22500, 平均每 ref 可用 src 数 = 69.79
[info] 写出 listfile: /root/tg_conv/lists/train.txt
[done]
[DIFFMVS_DIR] /root/diffmvs exists= True
[info] 轨迹总帧数 = 1020
[info] 抽帧 stride=5 -> 选中 150 帧: 0..745
[info] 尺寸对齐: 640x640 --crop--> 640x480 (off 0,80) --scale 1.200000--> 768x576
[info] 图像分辨率 = 768x576, 共写出 150 帧 image/depth
[info] 计算共视分数矩阵(几何一致性 + 官方 view-selection score)...
  ref 140/150 done
  ref 40/150 done
  ref 0/150 done
  ref 20/150 done
  ref 140/150 done
  ref 140/150 done
  ref 100/150 done
[DIFFMVS_DIR] /root/diffmvs exists= True
[info] 轨迹总帧数 = 1655
[info] 抽帧 stride=5 -> 选中 150 帧: 0..745
[info] 尺寸对齐: 640x640 --crop--> 640x480 (off 0,80) --scale 1.200000--> 768x576
[info] 图像分辨率 = 768x576, 共写出 150 帧 image/depth
[info] 计算共视分数矩阵(几何一致性 + 官方 view-selection score)...
  ref 0/150 done
  ref 60/150 done
  ref 140/150 done
[info] 写出 pair.txt: /root/tg_conv/tg_SeasonalForestSummerNight_omni_P0000/cams/pair.txt
[info] 每 ref 的 src 数: min=10 median=10 max=10; src>=8 的 ref 数 = 150/150
[info] 共视分数矩阵非零条目: 17382/22500, 平均每 ref 可用 src 数 = 115.88
[info] 写出 listfile: /root/tg_conv/lists/train.txt
[done]
  ref 60/150 done
  ref 80/145 done
  ref 100/150 done
  ref 120/150 done
[info] 写出 pair.txt: /root/tg_conv/tg_SeasonalForestSpring_omni_P0001/cams/pair.txt
[info] 每 ref 的 src 数: min=10 median=10 max=10; src>=8 的 ref 数 = 150/150
[info] 共视分数矩阵非零条目: 18975/22500, 平均每 ref 可用 src 数 = 126.50
[info] 写出 listfile: /root/tg_conv/lists/train.txt
[done]
[DIFFMVS_DIR] /root/diffmvs exists= True
[info] 轨迹总帧数 = 622
[info] 抽帧 stride=5 -> 选中 125 帧: 0..620
[info] 尺寸对齐: 640x640 --crop--> 640x480 (off 0,80) --scale 1.200000--> 768x576
[info] 图像分辨率 = 768x576, 共写出 125 帧 image/depth
[info] 计算共视分数矩阵(几何一致性 + 官方 view-selection score)...
[info] 写出 pair.txt: /root/tg_conv/tg_OldTownNight_omni_P0001/cams/pair.txt
[info] 每 ref 的 src 数: min=10 median=10 max=10; src>=8 的 ref 数 = 150/150
[info] 共视分数矩阵非零条目: 7556/22500, 平均每 ref 可用 src 数 = 50.37
[info] 写出 listfile: /root/tg_conv/lists/train.txt
[done]
  ref 0/125 done
[info] 写出 pair.txt: /root/tg_conv/tg_Prison_omni_P0004/cams/pair.txt
[info] 每 ref 的 src 数: min=10 median=10 max=10; src>=8 的 ref 数 = 150/150
[info] 共视分数矩阵非零条目: 11188/22500, 平均每 ref 可用 src 数 = 74.59
[info] 写出 listfile: /root/tg_conv/lists/train.txt
[done]
  ref 140/150 done
[DIFFMVS_DIR] /root/diffmvs exists= True
[info] 轨迹总帧数 = 319
[info] 抽帧 stride=5 -> 选中 64 帧: 0..315
[info] 尺寸对齐: 640x640 --crop--> 640x480 (off 0,80) --scale 1.200000--> 768x576
[info] 图像分辨率 = 768x576, 共写出 64 帧 image/depth
[info] 计算共视分数矩阵(几何一致性 + 官方 view-selection score)...
  ref 0/64 done
  ref 60/150 done
  ref 20/150 done
[DIFFMVS_DIR] /root/diffmvs exists= True
[info] 轨迹总帧数 = 2053
[info] 抽帧 stride=5 -> 选中 150 帧: 0..745
[info] 尺寸对齐: 640x640 --crop--> 640x480 (off 0,80) --scale 1.200000--> 768x576
[info] 图像分辨率 = 768x576, 共写出 150 帧 image/depth
[info] 计算共视分数矩阵(几何一致性 + 官方 view-selection score)...
[info] 写出 pair.txt: /root/tg_conv/tg_OldTownFall_diff_P1000/cams/pair.txt
[info] 每 ref 的 src 数: min=7 median=10 max=10; src>=8 的 ref 数 = 148/150
[info] 共视分数矩阵非零条目: 12043/22500, 平均每 ref 可用 src 数 = 80.29
[info] 写出 listfile: /root/tg_conv/lists/train.txt
[done]
  ref 40/150 done
  ref 0/150 done
  ref 120/150 done
[DIFFMVS_DIR] /root/diffmvs exists= True
[info] 轨迹总帧数 = 2703
[info] 抽帧 stride=5 -> 选中 150 帧: 0..745
[info] 尺寸对齐: 640x640 --crop--> 640x480 (off 0,80) --scale 1.200000--> 768x576
  ref 20/64 done
[info] 图像分辨率 = 768x576, 共写出 150 帧 image/depth
[info] 计算共视分数矩阵(几何一致性 + 官方 view-selection score)...
  ref 0/150 done
  ref 80/150 done
  ref 20/150 done
  ref 140/150 done
  ref 20/125 done
  ref 100/145 done
  ref 120/150 done
  ref 80/150 done
[DIFFMVS_DIR] /root/diffmvs exists= True
  ref 40/64 done
[info] 轨迹总帧数 = 2874
[info] 抽帧 stride=5 -> 选中 150 帧: 0..745
[info] 尺寸对齐: 640x640 --crop--> 640x480 (off 0,80) --scale 1.200000--> 768x576
[info] 图像分辨率 = 768x576, 共写出 150 帧 image/depth
[info] 计算共视分数矩阵(几何一致性 + 官方 view-selection score)...
  ref 0/150 done
[info] 写出 pair.txt: /root/tg_conv/tg_OldScandinavia_omni_P0000/cams/pair.txt
[info] 每 ref 的 src 数: min=4 median=10 max=10; src>=8 的 ref 数 = 149/150
[info] 共视分数矩阵非零条目: 19339/22500, 平均每 ref 可用 src 数 = 128.93
[info] 写出 listfile: /root/tg_conv/lists/train.txt
[done]
  ref 80/150 done
  ref 60/64 done
  ref 40/150 done
[DIFFMVS_DIR] /root/diffmvs exists= True
[info] 轨迹总帧数 = 1735
[info] 抽帧 stride=5 -> 选中 150 帧: 0..745
[info] 尺寸对齐: 640x640 --crop--> 640x480 (off 0,80) --scale 1.200000--> 768x576
[info] 写出 pair.txt: /root/tg_conv/tg_SeasideTown_omni_P0002/cams/pair.txt
[info] 每 ref 的 src 数: min=10 median=10 max=10; src>=8 的 ref 数 = 64/64
[info] 共视分数矩阵非零条目: 2035/4096, 平均每 ref 可用 src 数 = 31.80
[info] 写出 listfile: /root/tg_conv/lists/train.txt
[done]
[info] 图像分辨率 = 768x576, 共写出 150 帧 image/depth
[info] 计算共视分数矩阵(几何一致性 + 官方 view-selection score)...
  ref 0/150 done
  ref 60/150 done
  ref 140/150 done
  ref 40/125 done
  ref 20/150 done
  ref 20/150 done
  ref 100/150 done
[DIFFMVS_DIR] /root/diffmvs exists= True
[info] 轨迹总帧数 = 1694
[info] 抽帧 stride=5 -> 选中 150 帧: 0..745
[info] 尺寸对齐: 640x640 --crop--> 640x480 (off 0,80) --scale 1.200000--> 768x576
[info] 图像分辨率 = 768x576, 共写出 150 帧 image/depth
[info] 计算共视分数矩阵(几何一致性 + 官方 view-selection score)...
  ref 100/150 done
  ref 0/150 done
  ref 120/145 done
  ref 140/150 done
  ref 40/150 done
  ref 20/150 done
[info] 写出 pair.txt: /root/tg_conv/tg_OldScandinavia_omni_P0003/cams/pair.txt
[info] 每 ref 的 src 数: min=10 median=10 max=10; src>=8 的 ref 数 = 150/150
[info] 共视分数矩阵非零条目: 18211/22500, 平均每 ref 可用 src 数 = 121.41
[info] 写出 listfile: /root/tg_conv/lists/train.txt
[done]
[DIFFMVS_DIR] /root/diffmvs exists= True
[info] 轨迹总帧数 = 529
[info] 抽帧 stride=5 -> 选中 106 帧: 0..525
[info] 尺寸对齐: 640x640 --crop--> 640x480 (off 0,80) --scale 1.200000--> 768x576
[info] 图像分辨率 = 768x576, 共写出 106 帧 image/depth
[info] 计算共视分数矩阵(几何一致性 + 官方 view-selection score)...
  ref 100/150 done
  ref 0/106 done
[info] 写出 pair.txt: /root/tg_conv/tg_Rome_omni_P0002/cams/pair.txt
[info] 每 ref 的 src 数: min=4 median=10 max=10; src>=8 的 ref 数 = 143/150
[info] 共视分数矩阵非零条目: 5472/22500, 平均每 ref 可用 src 数 = 36.48
[info] 写出 listfile: /root/tg_conv/lists/train.txt
[done]
  ref 20/150 done
  ref 60/150 done
  ref 60/125 done
  ref 40/150 done
  ref 80/150 done
  ref 40/150 done
  ref 120/150 done
  ref 20/150 done
  ref 120/150 done
  ref 140/145 done
  ref 60/150 done
  ref 20/106 done
  ref 40/150 done
[info] 写出 pair.txt: /root/tg_conv/tg_SeasonalForestAutumn_omni_P0002/cams/pair.txt
[info] 每 ref 的 src 数: min=5 median=10 max=10; src>=8 的 ref 数 = 143/145
[info] 共视分数矩阵非零条目: 10075/21025, 平均每 ref 可用 src 数 = 69.48
[info] 写出 listfile: /root/tg_conv/lists/train.txt
[done]
  ref 120/150 done
  ref 80/125 done
  ref 40/150 done
  ref 60/150 done
[DIFFMVS_DIR] /root/diffmvs exists= True
  ref 80/150 done
[info] 轨迹总帧数 = 2330
[info] 抽帧 stride=5 -> 选中 150 帧: 0..745
[info] 尺寸对齐: 640x640 --crop--> 640x480 (off 0,80) --scale 1.200000--> 768x576
[info] 图像分辨率 = 768x576, 共写出 150 帧 image/depth
[info] 计算共视分数矩阵(几何一致性 + 官方 view-selection score)...
  ref 0/150 done
  ref 60/150 done
  ref 100/150 done
  ref 140/150 done
  ref 40/106 done
  ref 40/150 done
  ref 60/150 done
  ref 140/150 done
  ref 80/150 done
[DIFFMVS_DIR] /root/diffmvs exists= True
[info] 轨迹总帧数 = 1954
[info] 抽帧 stride=5 -> 选中 150 帧: 0..745
[info] 尺寸对齐: 640x640 --crop--> 640x480 (off 0,80) --scale 1.200000--> 768x576
[info] 图像分辨率 = 768x576, 共写出 150 帧 image/depth
[info] 计算共视分数矩阵(几何一致性 + 官方 view-selection score)...
  ref 0/150 done
  ref 100/125 done
[info] 写出 pair.txt: /root/tg_conv/tg_SeasideTown_diff_P1000/cams/pair.txt
[info] 每 ref 的 src 数: min=10 median=10 max=10; src>=8 的 ref 数 = 150/150
[info] 共视分数矩阵非零条目: 12934/22500, 平均每 ref 可用 src 数 = 86.23
[info] 写出 listfile: /root/tg_conv/lists/train.txt
[done]
  ref 140/150 done
  ref 60/150 done
  ref 60/106 done
[info] 写出 pair.txt: /root/tg_conv/tg_SeasonalForestSpring_omni_P0000/cams/pair.txt
[info] 每 ref 的 src 数: min=10 median=10 max=10; src>=8 的 ref 数 = 150/150
[info] 共视分数矩阵非零条目: 15892/22500, 平均每 ref 可用 src 数 = 105.95
[info] 写出 listfile: /root/tg_conv/lists/train.txt
[done]
  ref 20/150 done
  ref 80/150 done
  ref 100/150 done
  ref 120/150 done
  ref 80/150 done
[info] 写出 pair.txt: /root/tg_conv/tg_OldTownFall_omni_P0001/cams/pair.txt
[info] 每 ref 的 src 数: min=10 median=10 max=10; src>=8 的 ref 数 = 150/150
[info] 共视分数矩阵非零条目: 8728/22500, 平均每 ref 可用 src 数 = 58.19
[info] 写出 listfile: /root/tg_conv/lists/train.txt
[done]
  ref 60/150 done
  ref 80/150 done
[DIFFMVS_DIR] /root/diffmvs exists= True
[info] 轨迹总帧数 = 1498
[info] 抽帧 stride=5 -> 选中 150 帧: 0..745
[info] 尺寸对齐: 640x640 --crop--> 640x480 (off 0,80) --scale 1.200000--> 768x576
  ref 20/150 done
[info] 图像分辨率 = 768x576, 共写出 150 帧 image/depth
[info] 计算共视分数矩阵(几何一致性 + 官方 view-selection score)...
  ref 100/150 done
[DIFFMVS_DIR] /root/diffmvs exists= True
[info] 轨迹总帧数 = 2287
[info] 抽帧 stride=5 -> 选中 150 帧: 0..745
[info] 尺寸对齐: 640x640 --crop--> 640x480 (off 0,80) --scale 1.200000--> 768x576
[info] 图像分辨率 = 768x576, 共写出 150 帧 image/depth
[info] 计算共视分数矩阵(几何一致性 + 官方 view-selection score)...
  ref 80/106 done
  ref 0/150 done
  ref 0/150 done
  ref 120/125 done
[DIFFMVS_DIR] /root/diffmvs exists= True
[info] 轨迹总帧数 = 3979
[info] 抽帧 stride=5 -> 选中 150 帧: 0..745
[info] 尺寸对齐: 640x640 --crop--> 640x480 (off 0,80) --scale 1.200000--> 768x576
[info] 图像分辨率 = 768x576, 共写出 150 帧 image/depth
[info] 计算共视分数矩阵(几何一致性 + 官方 view-selection score)...
  ref 0/150 done
  ref 100/150 done
  ref 40/150 done
[info] 写出 pair.txt: /root/tg_conv/tg_Sewerage_omni_P0001/cams/pair.txt
[info] 每 ref 的 src 数: min=10 median=10 max=10; src>=8 的 ref 数 = 125/125
[info] 共视分数矩阵非零条目: 5744/15625, 平均每 ref 可用 src 数 = 45.95
[info] 写出 listfile: /root/tg_conv/lists/train.txt
[done]
  ref 80/150 done
[DIFFMVS_DIR] /root/diffmvs exists= True
[info] 轨迹总帧数 = 735
[info] 抽帧 stride=5 -> 选中 147 帧: 0..730
[info] 尺寸对齐: 640x640 --crop--> 640x480 (off 0,80) --scale 1.200000--> 768x576
[info] 图像分辨率 = 768x576, 共写出 147 帧 image/depth
[info] 计算共视分数矩阵(几何一致性 + 官方 view-selection score)...
  ref 0/147 done
  ref 100/150 done
  ref 140/150 done
  ref 80/150 done
  ref 120/150 done
  ref 100/106 done
  ref 100/150 done
  ref 120/150 done
  ref 40/150 done
[info] 写出 pair.txt: /root/tg_conv/tg_OldTownWinter_omni_P0000/cams/pair.txt
[info] 每 ref 的 src 数: min=10 median=10 max=10; src>=8 的 ref 数 = 106/106
[info] 共视分数矩阵非零条目: 4504/11236, 平均每 ref 可用 src 数 = 42.49
[info] 写出 listfile: /root/tg_conv/lists/train.txt
[done]
  ref 20/150 done
[info] 写出 pair.txt: /root/tg_conv/tg_OldTownWinter_diff_P1000/cams/pair.txt
[info] 每 ref 的 src 数: min=10 median=10 max=10; src>=8 的 ref 数 = 150/150
[info] 共视分数矩阵非零条目: 16959/22500, 平均每 ref 可用 src 数 = 113.06
[info] 写出 listfile: /root/tg_conv/lists/train.txt
[done]
  ref 20/150 done
[DIFFMVS_DIR] /root/diffmvs exists= True
  ref 120/150 done
[info] 轨迹总帧数 = 624
[info] 抽帧 stride=5 -> 选中 125 帧: 0..620
[info] 尺寸对齐: 640x640 --crop--> 640x480 (off 0,80) --scale 1.200000--> 768x576
[info] 图像分辨率 = 768x576, 共写出 125 帧 image/depth
[info] 计算共视分数矩阵(几何一致性 + 官方 view-selection score)...
  ref 0/125 done
[DIFFMVS_DIR] /root/diffmvs exists= True
[info] 轨迹总帧数 = 1402
[info] 抽帧 stride=5 -> 选中 150 帧: 0..745
[info] 尺寸对齐: 640x640 --crop--> 640x480 (off 0,80) --scale 1.200000--> 768x576
[info] 图像分辨率 = 768x576, 共写出 150 帧 image/depth
[info] 计算共视分数矩阵(几何一致性 + 官方 view-selection score)...
  ref 20/150 done
  ref 60/150 done
  ref 0/150 done
  ref 100/150 done
  ref 20/147 done
  ref 120/150 done
  ref 140/150 done
  ref 100/150 done
  ref 60/150 done
  ref 140/150 done
  ref 120/150 done
  ref 20/125 done
  ref 40/150 done
[info] 写出 pair.txt: /root/tg_conv/tg_Restaurant_omni_P0002/cams/pair.txt
[info] 每 ref 的 src 数: min=10 median=10 max=10; src>=8 的 ref 数 = 150/150
[info] 共视分数矩阵非零条目: 10793/22500, 平均每 ref 可用 src 数 = 71.95
[info] 写出 listfile: /root/tg_conv/lists/train.txt
[done]
  ref 140/150 done
  ref 80/150 done
  ref 40/150 done
[DIFFMVS_DIR] /root/diffmvs exists= True
[info] 轨迹总帧数 = 1470
[info] 抽帧 stride=5 -> 选中 150 帧: 0..745
[info] 尺寸对齐: 640x640 --crop--> 640x480 (off 0,80) --scale 1.200000--> 768x576
  ref 20/150 done
[info] 图像分辨率 = 768x576, 共写出 150 帧 image/depth
[info] 计算共视分数矩阵(几何一致性 + 官方 view-selection score)...
  ref 0/150 done
  ref 40/150 done
[info] 写出 pair.txt: /root/tg_conv/tg_Prison_omni_P0002/cams/pair.txt
[info] 每 ref 的 src 数: min=10 median=10 max=10; src>=8 的 ref 数 = 150/150
[info] 共视分数矩阵非零条目: 12767/22500, 平均每 ref 可用 src 数 = 85.11
[info] 写出 listfile: /root/tg_conv/lists/train.txt
[done]
  ref 120/150 done
[DIFFMVS_DIR] /root/diffmvs exists= True
[info] 轨迹总帧数 = 578
[info] 抽帧 stride=5 -> 选中 116 帧: 0..575
[info] 尺寸对齐: 640x640 --crop--> 640x480 (off 0,80) --scale 1.200000--> 768x576
[info] 图像分辨率 = 768x576, 共写出 116 帧 image/depth
[info] 计算共视分数矩阵(几何一致性 + 官方 view-selection score)...
  ref 0/116 done
  ref 40/147 done
[info] 写出 pair.txt: /root/tg_conv/tg_SeasonalForestWinterNight_omni_P0002/cams/pair.txt
[info] 每 ref 的 src 数: min=10 median=10 max=10; src>=8 的 ref 数 = 150/150
[info] 共视分数矩阵非零条目: 21949/22500, 平均每 ref 可用 src 数 = 146.33
[info] 写出 listfile: /root/tg_conv/lists/train.txt
[done]
  ref 120/150 done
[DIFFMVS_DIR] /root/diffmvs exists= True
[info] 轨迹总帧数 = 1291
[info] 抽帧 stride=5 -> 选中 150 帧: 0..745
[info] 尺寸对齐: 640x640 --crop--> 640x480 (off 0,80) --scale 1.200000--> 768x576
  ref 140/150 done
[info] 图像分辨率 = 768x576, 共写出 150 帧 image/depth
[info] 计算共视分数矩阵(几何一致性 + 官方 view-selection score)...
  ref 0/150 done
  ref 80/150 done
  ref 40/125 done
  ref 60/150 done
  ref 140/150 done
  ref 60/150 done
[info] 写出 pair.txt: /root/tg_conv/tg_Prison_omni_P0003/cams/pair.txt
[info] 每 ref 的 src 数: min=10 median=10 max=10; src>=8 的 ref 数 = 150/150
[info] 共视分数矩阵非零条目: 19754/22500, 平均每 ref 可用 src 数 = 131.69
[info] 写出 listfile: /root/tg_conv/lists/train.txt
[done]
  ref 20/116 done
[DIFFMVS_DIR] /root/diffmvs exists= True
[info] 轨迹总帧数 = 422
[info] 抽帧 stride=5 -> 选中 85 帧: 0..420
[info] 尺寸对齐: 640x640 --crop--> 640x480 (off 0,80) --scale 1.200000--> 768x576
[info] 图像分辨率 = 768x576, 共写出 85 帧 image/depth
[info] 计算共视分数矩阵(几何一致性 + 官方 view-selection score)...
  ref 100/150 done
  ref 0/85 done
  ref 40/150 done
[info] 写出 pair.txt: /root/tg_conv/tg_Prison_omni_P0000/cams/pair.txt
[info] 每 ref 的 src 数: min=10 median=10 max=10; src>=8 的 ref 数 = 150/150
[info] 共视分数矩阵非零条目: 11892/22500, 平均每 ref 可用 src 数 = 79.28
[info] 写出 listfile: /root/tg_conv/lists/train.txt
[done]
  ref 20/150 done
  ref 60/150 done
  ref 140/150 done
  ref 60/147 done
  ref 20/150 done
  ref 60/125 done
[DIFFMVS_DIR] /root/diffmvs exists= True
[info] 轨迹总帧数 = 2302
[info] 抽帧 stride=5 -> 选中 150 帧: 0..745
[info] 尺寸对齐: 640x640 --crop--> 640x480 (off 0,80) --scale 1.200000--> 768x576
[info] 图像分辨率 = 768x576, 共写出 150 帧 image/depth
[info] 计算共视分数矩阵(几何一致性 + 官方 view-selection score)...
[info] 写出 pair.txt: /root/tg_conv/tg_OldTownSummer_omni_P0002/cams/pair.txt
[info] 每 ref 的 src 数: min=10 median=10 max=10; src>=8 的 ref 数 = 150/150
[info] 共视分数矩阵非零条目: 13329/22500, 平均每 ref 可用 src 数 = 88.86
[info] 写出 listfile: /root/tg_conv/lists/train.txt
[done]
  ref 0/150 done
  ref 20/85 done
  ref 100/150 done
  ref 140/150 done
[DIFFMVS_DIR] /root/diffmvs exists= True
[info] 轨迹总帧数 = 1311
[info] 抽帧 stride=5 -> 选中 150 帧: 0..745
[info] 尺寸对齐: 640x640 --crop--> 640x480 (off 0,80) --scale 1.200000--> 768x576
[info] 图像分辨率 = 768x576, 共写出 150 帧 image/depth
[info] 计算共视分数矩阵(几何一致性 + 官方 view-selection score)...
  ref 40/116 done
  ref 80/150 done
  ref 0/150 done
  ref 80/150 done
  ref 120/150 done
  ref 60/150 done
[info] 写出 pair.txt: /root/tg_conv/tg_SeasonalForestSummerNight_omni_P0003/cams/pair.txt
[info] 每 ref 的 src 数: min=10 median=10 max=10; src>=8 的 ref 数 = 150/150
[info] 共视分数矩阵非零条目: 15325/22500, 平均每 ref 可用 src 数 = 102.17
[info] 写出 listfile: /root/tg_conv/lists/train.txt
[done]
  ref 40/150 done
  ref 40/85 done
[DIFFMVS_DIR] /root/diffmvs exists= True
[info] 轨迹总帧数 = 672
[info] 抽帧 stride=5 -> 选中 135 帧: 0..670
[info] 尺寸对齐: 640x640 --crop--> 640x480 (off 0,80) --scale 1.200000--> 768x576
[info] 图像分辨率 = 768x576, 共写出 135 帧 image/depth
[info] 计算共视分数矩阵(几何一致性 + 官方 view-selection score)...
  ref 0/135 done
  ref 80/150 done
  ref 40/150 done
  ref 80/147 done
  ref 80/125 done
  ref 60/116 done
  ref 20/150 done
  ref 120/150 done
  ref 100/150 done
  ref 20/150 done
  ref 60/85 done
  ref 140/150 done
  ref 100/150 done
  ref 20/135 done
  ref 80/150 done
  ref 60/150 done
  ref 80/116 done
  ref 100/147 done
  ref 100/125 done
  ref 80/85 done
  ref 100/150 done
  ref 60/150 done
[info] 写出 pair.txt: /root/tg_conv/tg_SeasonalForestAutumn_omni_P0003/cams/pair.txt
[info] 每 ref 的 src 数: min=10 median=10 max=10; src>=8 的 ref 数 = 150/150
[info] 共视分数矩阵非零条目: 13229/22500, 平均每 ref 可用 src 数 = 88.19
[info] 写出 listfile: /root/tg_conv/lists/train.txt
[done]
[info] 写出 pair.txt: /root/tg_conv/tg_SeasideTown_omni_P0001/cams/pair.txt
[info] 每 ref 的 src 数: min=4 median=10 max=10; src>=8 的 ref 数 = 78/85
[info] 共视分数矩阵非零条目: 3512/7225, 平均每 ref 可用 src 数 = 41.32
[info] 写出 listfile: /root/tg_conv/lists/train.txt
[done]
  ref 40/150 done
  ref 140/150 done
  ref 120/150 done
  ref 40/150 done
  ref 40/135 done
[info] 写出 pair.txt: /root/tg_conv/tg_SeasonalForestWinter_omni_P0003/cams/pair.txt
[info] 每 ref 的 src 数: min=10 median=10 max=10; src>=8 的 ref 数 = 150/150
[info] 共视分数矩阵非零条目: 16858/22500, 平均每 ref 可用 src 数 = 112.39
[info] 写出 listfile: /root/tg_conv/lists/train.txt
[done]
  ref 100/116 done
  ref 120/147 done
  ref 120/150 done
  ref 120/125 done
  ref 100/150 done
  ref 80/150 done
[info] 写出 pair.txt: /root/tg_conv/tg_SeasideTown_omni_P0000/cams/pair.txt
[info] 每 ref 的 src 数: min=9 median=10 max=10; src>=8 的 ref 数 = 116/116
[info] 共视分数矩阵非零条目: 6315/13456, 平均每 ref 可用 src 数 = 54.44
[info] 写出 listfile: /root/tg_conv/lists/train.txt
[done]
[info] 写出 pair.txt: /root/tg_conv/tg_Rome_omni_P0003/cams/pair.txt
[info] 每 ref 的 src 数: min=0 median=10 max=10; src>=8 的 ref 数 = 109/125
[info] 共视分数矩阵非零条目: 4077/15625, 平均每 ref 可用 src 数 = 32.62
[info] 写出 listfile: /root/tg_conv/lists/train.txt
[done]
  ref 120/150 done
  ref 80/150 done
  ref 140/150 done
  ref 60/150 done
  ref 60/150 done
  ref 60/135 done
[info] 写出 pair.txt: /root/tg_conv/tg_OldTownWinter_omni_P0003/cams/pair.txt
[info] 每 ref 的 src 数: min=10 median=10 max=10; src>=8 的 ref 数 = 150/150
[info] 共视分数矩阵非零条目: 12971/22500, 平均每 ref 可用 src 数 = 86.47
[info] 写出 listfile: /root/tg_conv/lists/train.txt
[done]
  ref 140/147 done
  ref 120/150 done
  ref 140/150 done
[info] 写出 pair.txt: /root/tg_conv/tg_Supermarket_omni_P0002/cams/pair.txt
[info] 每 ref 的 src 数: min=10 median=10 max=10; src>=8 的 ref 数 = 147/147
[info] 共视分数矩阵非零条目: 10501/21609, 平均每 ref 可用 src 数 = 71.44
[info] 写出 listfile: /root/tg_conv/lists/train.txt
[done]
  ref 80/150 done
  ref 140/150 done
[info] 写出 pair.txt: /root/tg_conv/tg_SeasonalForestWinterNight_omni_P0001/cams/pair.txt
[info] 每 ref 的 src 数: min=5 median=10 max=10; src>=8 的 ref 数 = 147/150
[info] 共视分数矩阵非零条目: 21242/22500, 平均每 ref 可用 src 数 = 141.61
[info] 写出 listfile: /root/tg_conv/lists/train.txt
[done]
  ref 100/150 done
[info] 写出 pair.txt: /root/tg_conv/tg_SeasonalForestSummerNight_diff_P1000/cams/pair.txt
[info] 每 ref 的 src 数: min=10 median=10 max=10; src>=8 的 ref 数 = 150/150
[info] 共视分数矩阵非零条目: 16850/22500, 平均每 ref 可用 src 数 = 112.33
[info] 写出 listfile: /root/tg_conv/lists/train.txt
[done]
  ref 100/150 done
  ref 140/150 done
  ref 80/135 done
  ref 100/150 done
  ref 80/150 done
[info] 写出 pair.txt: /root/tg_conv/tg_Ruins_omni_P0002/cams/pair.txt
[info] 每 ref 的 src 数: min=5 median=10 max=10; src>=8 的 ref 数 = 147/150
[info] 共视分数矩阵非零条目: 9314/22500, 平均每 ref 可用 src 数 = 62.09
[info] 写出 listfile: /root/tg_conv/lists/train.txt
[done]
[DIFFMVS_DIR] /root/diffmvs exists= True
[DIFFMVS_DIR] /root/diffmvs exists= True
[info] 轨迹总帧数 = 1336
[info] 抽帧 stride=5 -> 选中 150 帧: 0..745
[info] 尺寸对齐: 640x640 --crop--> 640x480 (off 0,80) --scale 1.200000--> 768x576
[info] 轨迹总帧数 = 461
[info] 抽帧 stride=5 -> 选中 93 帧: 0..460
[info] 尺寸对齐: 640x640 --crop--> 640x480 (off 0,80) --scale 1.200000--> 768x576
[info] 图像分辨率 = 768x576, 共写出 93 帧 image/depth
[info] 计算共视分数矩阵(几何一致性 + 官方 view-selection score)...
[info] 图像分辨率 = 768x576, 共写出 150 帧 image/depth
[info] 计算共视分数矩阵(几何一致性 + 官方 view-selection score)...
  ref 0/93 done
  ref 0/150 done
[DIFFMVS_DIR] /root/diffmvs exists= True
[info] 轨迹总帧数 = 1338
[info] 抽帧 stride=5 -> 选中 150 帧: 0..745
[info] 尺寸对齐: 640x640 --crop--> 640x480 (off 0,80) --scale 1.200000--> 768x576
[info] 图像分辨率 = 768x576, 共写出 150 帧 image/depth
[info] 计算共视分数矩阵(几何一致性 + 官方 view-selection score)...
  ref 100/135 done
[DIFFMVS_DIR] /root/diffmvs exists= True
[info] 轨迹总帧数 = 1189
[info] 抽帧 stride=5 -> 选中 150 帧: 0..745
[info] 尺寸对齐: 640x640 --crop--> 640x480 (off 0,80) --scale 1.200000--> 768x576
  ref 0/150 done
[info] 图像分辨率 = 768x576, 共写出 150 帧 image/depth
[info] 计算共视分数矩阵(几何一致性 + 官方 view-selection score)...
  ref 0/150 done
  ref 120/150 done
[DIFFMVS_DIR] /root/diffmvs exists= True
[info] 轨迹总帧数 = 1012
[info] 抽帧 stride=5 -> 选中 150 帧: 0..745
[info] 尺寸对齐: 640x640 --crop--> 640x480 (off 0,80) --scale 1.200000--> 768x576
[info] 图像分辨率 = 768x576, 共写出 150 帧 image/depth
[info] 计算共视分数矩阵(几何一致性 + 官方 view-selection score)...
[DIFFMVS_DIR] /root/diffmvs exists= True
[info] 轨迹总帧数 = 1170
[info] 抽帧 stride=5 -> 选中 150 帧: 0..745
[info] 尺寸对齐: 640x640 --crop--> 640x480 (off 0,80) --scale 1.200000--> 768x576
  ref 0/150 done
[info] 图像分辨率 = 768x576, 共写出 150 帧 image/depth
[info] 计算共视分数矩阵(几何一致性 + 官方 view-selection score)...
[DIFFMVS_DIR] /root/diffmvs exists= True
  ref 0/150 done
[info] 轨迹总帧数 = 1377
[info] 抽帧 stride=5 -> 选中 150 帧: 0..745
[info] 尺寸对齐: 640x640 --crop--> 640x480 (off 0,80) --scale 1.200000--> 768x576
[info] 图像分辨率 = 768x576, 共写出 150 帧 image/depth
[info] 计算共视分数矩阵(几何一致性 + 官方 view-selection score)...
  ref 120/150 done
[DIFFMVS_DIR] /root/diffmvs exists= True
[info] 轨迹总帧数 = 2395
[info] 抽帧 stride=5 -> 选中 150 帧: 0..745
[info] 尺寸对齐: 640x640 --crop--> 640x480 (off 0,80) --scale 1.200000--> 768x576
  ref 0/150 done
[info] 图像分辨率 = 768x576, 共写出 150 帧 image/depth
[info] 计算共视分数矩阵(几何一致性 + 官方 view-selection score)...
  ref 120/150 done
  ref 100/150 done
  ref 0/150 done
  ref 20/93 done
[DIFFMVS_DIR] /root/diffmvs exists= True
[info] 轨迹总帧数 = 1659
[info] 抽帧 stride=5 -> 选中 150 帧: 0..745
[info] 尺寸对齐: 640x640 --crop--> 640x480 (off 0,80) --scale 1.200000--> 768x576
[info] 图像分辨率 = 768x576, 共写出 150 帧 image/depth
[info] 计算共视分数矩阵(几何一致性 + 官方 view-selection score)...
[DIFFMVS_DIR] /root/diffmvs exists= True
[info] 轨迹总帧数 = 3244
[info] 抽帧 stride=5 -> 选中 150 帧: 0..745
[info] 尺寸对齐: 640x640 --crop--> 640x480 (off 0,80) --scale 1.200000--> 768x576
  ref 0/150 done
[info] 图像分辨率 = 768x576, 共写出 150 帧 image/depth
[info] 计算共视分数矩阵(几何一致性 + 官方 view-selection score)...
  ref 0/150 done
  ref 120/135 done
  ref 20/150 done
  ref 40/93 done
  ref 20/150 done
  ref 20/150 done
  ref 140/150 done
  ref 20/150 done
  ref 20/150 done
  ref 20/150 done
[info] 写出 pair.txt: /root/tg_conv/tg_Sewerage_omni_P0004/cams/pair.txt
[info] 每 ref 的 src 数: min=2 median=10 max=10; src>=8 的 ref 数 = 132/135
[info] 共视分数矩阵非零条目: 8866/18225, 平均每 ref 可用 src 数 = 65.67
[info] 写出 listfile: /root/tg_conv/lists/train.txt
[done]
  ref 140/150 done
[DIFFMVS_DIR] /root/diffmvs exists= True
[info] 轨迹总帧数 = 1019
[info] 抽帧 stride=5 -> 选中 150 帧: 0..745
[info] 尺寸对齐: 640x640 --crop--> 640x480 (off 0,80) --scale 1.200000--> 768x576
  ref 20/150 done
[info] 图像分辨率 = 768x576, 共写出 150 帧 image/depth
[info] 计算共视分数矩阵(几何一致性 + 官方 view-selection score)...
  ref 120/150 done
  ref 0/150 done
  ref 140/150 done
  ref 20/150 done
  ref 20/150 done
[info] 写出 pair.txt: /root/tg_conv/tg_SoulCity_omni_P0003/cams/pair.txt
[info] 每 ref 的 src 数: min=3 median=10 max=10; src>=8 的 ref 数 = 146/150
[info] 共视分数矩阵非零条目: 13133/22500, 平均每 ref 可用 src 数 = 87.55
[info] 写出 listfile: /root/tg_conv/lists/train.txt
[done]
  ref 60/93 done
[DIFFMVS_DIR] /root/diffmvs exists= True
[info] 轨迹总帧数 = 784
[info] 抽帧 stride=5 -> 选中 150 帧: 0..745
[info] 尺寸对齐: 640x640 --crop--> 640x480 (off 0,80) --scale 1.200000--> 768x576
[info] 图像分辨率 = 768x576, 共写出 150 帧 image/depth
[info] 计算共视分数矩阵(几何一致性 + 官方 view-selection score)...
[info] 写出 pair.txt: /root/tg_conv/tg_SeasonalForestWinter_omni_P0001/cams/pair.txt
[info] 每 ref 的 src 数: min=10 median=10 max=10; src>=8 的 ref 数 = 150/150
[info] 共视分数矩阵非零条目: 15269/22500, 平均每 ref 可用 src 数 = 101.79
[info] 写出 listfile: /root/tg_conv/lists/train.txt
[done]
[DIFFMVS_DIR] /root/diffmvs exists= True
[info] 轨迹总帧数 = 761
[info] 抽帧 stride=5 -> 选中 150 帧: 0..745
[info] 尺寸对齐: 640x640 --crop--> 640x480 (off 0,80) --scale 1.200000--> 768x576
  ref 0/150 done
[info] 图像分辨率 = 768x576, 共写出 150 帧 image/depth
[info] 计算共视分数矩阵(几何一致性 + 官方 view-selection score)...
  ref 0/150 done
[info] 写出 pair.txt: /root/tg_conv/tg_Rome_omni_P0000/cams/pair.txt
[info] 每 ref 的 src 数: min=4 median=10 max=10; src>=8 的 ref 数 = 145/150
[info] 共视分数矩阵非零条目: 13137/22500, 平均每 ref 可用 src 数 = 87.58
[info] 写出 listfile: /root/tg_conv/lists/train.txt
[done]
  ref 40/150 done
  ref 40/150 done
  ref 40/150 done
  ref 40/150 done
  ref 40/150 done
  ref 80/93 done
  ref 40/150 done
  ref 20/150 done
[DIFFMVS_DIR] /root/diffmvs exists= True
[info] 轨迹总帧数 = 4551
[info] 抽帧 stride=5 -> 选中 150 帧: 0..745
[info] 尺寸对齐: 640x640 --crop--> 640x480 (off 0,80) --scale 1.200000--> 768x576
[info] 图像分辨率 = 768x576, 共写出 150 帧 image/depth
[info] 计算共视分数矩阵(几何一致性 + 官方 view-selection score)...
  ref 140/150 done
  ref 0/150 done
  ref 40/150 done
  ref 40/150 done
  ref 20/150 done
[info] 写出 pair.txt: /root/tg_conv/tg_Slaughter_omni_P0000/cams/pair.txt
[info] 每 ref 的 src 数: min=4 median=10 max=10; src>=8 的 ref 数 = 91/93
[info] 共视分数矩阵非零条目: 3153/8649, 平均每 ref 可用 src 数 = 33.90
[info] 写出 listfile: /root/tg_conv/lists/train.txt
[done]
  ref 40/150 done
[DIFFMVS_DIR] /root/diffmvs exists= True
[info] 轨迹总帧数 = 1053
[info] 抽帧 stride=5 -> 选中 150 帧: 0..745
[info] 尺寸对齐: 640x640 --crop--> 640x480 (off 0,80) --scale 1.200000--> 768x576
[info] 图像分辨率 = 768x576, 共写出 150 帧 image/depth
[info] 计算共视分数矩阵(几何一致性 + 官方 view-selection score)...
  ref 0/150 done
[info] 写出 pair.txt: /root/tg_conv/tg_Ruins_omni_P0003/cams/pair.txt
[info] 每 ref 的 src 数: min=10 median=10 max=10; src>=8 的 ref 数 = 150/150
[info] 共视分数矩阵非零条目: 18807/22500, 平均每 ref 可用 src 数 = 125.38
[info] 写出 listfile: /root/tg_conv/lists/train.txt
[done]
  ref 20/150 done
  ref 60/150 done
  ref 60/150 done
[DIFFMVS_DIR] /root/diffmvs exists= True
[info] 轨迹总帧数 = 4828
[info] 抽帧 stride=5 -> 选中 150 帧: 0..745
[info] 尺寸对齐: 640x640 --crop--> 640x480 (off 0,80) --scale 1.200000--> 768x576
[info] 图像分辨率 = 768x576, 共写出 150 帧 image/depth
[info] 计算共视分数矩阵(几何一致性 + 官方 view-selection score)...
  ref 60/150 done
  ref 60/150 done
  ref 0/150 done
  ref 60/150 done
  ref 40/150 done
  ref 60/150 done
  ref 20/150 done
  ref 60/150 done
  ref 60/150 done
  ref 60/150 done
  ref 40/150 done
  ref 20/150 done
  ref 40/150 done
  ref 80/150 done
  ref 80/150 done
  ref 80/150 done
  ref 80/150 done
  ref 20/150 done
  ref 80/150 done
  ref 60/150 done
  ref 80/150 done
  ref 80/150 done
  ref 40/150 done
  ref 80/150 done
  ref 80/150 done
  ref 60/150 done
  ref 40/150 done
  ref 100/150 done
  ref 60/150 done
  ref 100/150 done
  ref 100/150 done
  ref 40/150 done
  ref 100/150 done
  ref 100/150 done
  ref 80/150 done
  ref 100/150 done
  ref 60/150 done
  ref 100/150 done
  ref 100/150 done
  ref 100/150 done
  ref 80/150 done
  ref 120/150 done
  ref 60/150 done
  ref 80/150 done
  ref 120/150 done
  ref 120/150 done
  ref 60/150 done
  ref 120/150 done
  ref 120/150 done
  ref 120/150 done
  ref 100/150 done
  ref 80/150 done
  ref 120/150 done
  ref 120/150 done
  ref 120/150 done
  ref 140/150 done
  ref 100/150 done
  ref 100/150 done
  ref 80/150 done
  ref 140/150 done
[info] 写出 pair.txt: /root/tg_conv/tg_Slaughter_omni_P0004/cams/pair.txt
[info] 每 ref 的 src 数: min=10 median=10 max=10; src>=8 的 ref 数 = 150/150
[info] 共视分数矩阵非零条目: 9814/22500, 平均每 ref 可用 src 数 = 65.43
[info] 写出 listfile: /root/tg_conv/lists/train.txt
[done]
[DIFFMVS_DIR] /root/diffmvs exists= True
[info] 轨迹总帧数 = 905
[info] 抽帧 stride=5 -> 选中 150 帧: 0..745
[info] 尺寸对齐: 640x640 --crop--> 640x480 (off 0,80) --scale 1.200000--> 768x576
[info] 图像分辨率 = 768x576, 共写出 150 帧 image/depth
[info] 计算共视分数矩阵(几何一致性 + 官方 view-selection score)...
  ref 140/150 done
  ref 0/150 done
  ref 80/150 done
  ref 120/150 done
[info] 写出 pair.txt: /root/tg_conv/tg_Ruins_omni_P0001/cams/pair.txt
[info] 每 ref 的 src 数: min=10 median=10 max=10; src>=8 的 ref 数 = 150/150
[info] 共视分数矩阵非零条目: 11555/22500, 平均每 ref 可用 src 数 = 77.03
[info] 写出 listfile: /root/tg_conv/lists/train.txt
[done]
  ref 140/150 done
  ref 140/150 done
  ref 140/150 done
  ref 140/150 done
  ref 100/150 done
[info] 写出 pair.txt: /root/tg_conv/tg_SeasonalForestWinter_diff_P1000/cams/pair.txt
[info] 每 ref 的 src 数: min=10 median=10 max=10; src>=8 的 ref 数 = 150/150
[info] 共视分数矩阵非零条目: 22157/22500, 平均每 ref 可用 src 数 = 147.71
[info] 写出 listfile: /root/tg_conv/lists/train.txt
[done]
  ref 140/150 done
  ref 140/150 done
[DIFFMVS_DIR] /root/diffmvs exists= True
[info] 轨迹总帧数 = 517
[info] 抽帧 stride=5 -> 选中 104 帧: 0..515
[info] 尺寸对齐: 640x640 --crop--> 640x480 (off 0,80) --scale 1.200000--> 768x576
[info] 图像分辨率 = 768x576, 共写出 104 帧 image/depth
[info] 计算共视分数矩阵(几何一致性 + 官方 view-selection score)...
  ref 120/150 done
[DIFFMVS_DIR] /root/diffmvs exists= True
[info] 轨迹总帧数 = 3637
[info] 抽帧 stride=5 -> 选中 150 帧: 0..745
[info] 尺寸对齐: 640x640 --crop--> 640x480 (off 0,80) --scale 1.200000--> 768x576
  ref 0/104 done
[info] 图像分辨率 = 768x576, 共写出 150 帧 image/depth
[info] 计算共视分数矩阵(几何一致性 + 官方 view-selection score)...
  ref 0/150 done
  ref 120/150 done
[info] 写出 pair.txt: /root/tg_conv/tg_SeasonalForestAutumn_diff_P1000/cams/pair.txt
[info] 每 ref 的 src 数: min=7 median=10 max=10; src>=8 的 ref 数 = 148/150
[info] 共视分数矩阵非零条目: 13804/22500, 平均每 ref 可用 src 数 = 92.03
[info] 写出 listfile: /root/tg_conv/lists/train.txt
[done]
  ref 100/150 done
[info] 写出 pair.txt: /root/tg_conv/tg_SoulCity_omni_P0002/cams/pair.txt
[info] 每 ref 的 src 数: min=1 median=10 max=10; src>=8 的 ref 数 = 146/150
[info] 共视分数矩阵非零条目: 11939/22500, 平均每 ref 可用 src 数 = 79.59
[info] 写出 listfile: /root/tg_conv/lists/train.txt
[done]
[info] 写出 pair.txt: /root/tg_conv/tg_SeasonalForestSpring_omni_P0003/cams/pair.txt
[info] 每 ref 的 src 数: min=5 median=10 max=10; src>=8 的 ref 数 = 149/150
[info] 共视分数矩阵非零条目: 21672/22500, 平均每 ref 可用 src 数 = 144.48
[info] 写出 listfile: /root/tg_conv/lists/train.txt
[done]
[info] 写出 pair.txt: /root/tg_conv/tg_WaterMillDay_omni_P0003/cams/pair.txt
[info] 每 ref 的 src 数: min=10 median=10 max=10; src>=8 的 ref 数 = 150/150
[info] 共视分数矩阵非零条目: 12850/22500, 平均每 ref 可用 src 数 = 85.67
[info] 写出 listfile: /root/tg_conv/lists/train.txt
[done]
[DIFFMVS_DIR] /root/diffmvs exists= True
[info] 轨迹总帧数 = 595
[info] 抽帧 stride=5 -> 选中 119 帧: 0..590
[info] 尺寸对齐: 640x640 --crop--> 640x480 (off 0,80) --scale 1.200000--> 768x576
[info] 图像分辨率 = 768x576, 共写出 119 帧 image/depth
[info] 计算共视分数矩阵(几何一致性 + 官方 view-selection score)...
[info] 写出 pair.txt: /root/tg_conv/tg_SeasonalForestSummerNight_omni_P0002/cams/pair.txt
[info] 每 ref 的 src 数: min=10 median=10 max=10; src>=8 的 ref 数 = 150/150
[info] 共视分数矩阵非零条目: 13129/22500, 平均每 ref 可用 src 数 = 87.53
[info] 写出 listfile: /root/tg_conv/lists/train.txt
[done]
  ref 0/119 done
[DIFFMVS_DIR] /root/diffmvs exists= True
[info] 轨迹总帧数 = 2602
[info] 抽帧 stride=5 -> 选中 150 帧: 0..745
[info] 尺寸对齐: 640x640 --crop--> 640x480 (off 0,80) --scale 1.200000--> 768x576
[DIFFMVS_DIR] /root/diffmvs exists= True
[info] 图像分辨率 = 768x576, 共写出 150 帧 image/depth
[info] 轨迹总帧数 = 528
[info] 抽帧 stride=5 -> 选中 106 帧: 0..525
[info] 尺寸对齐: 640x640 --crop--> 640x480 (off 0,80) --scale 1.200000--> 768x576
[info] 计算共视分数矩阵(几何一致性 + 官方 view-selection score)...
[info] 写出 pair.txt: /root/tg_conv/tg_SeasonalForestSummerNight_omni_P0001/cams/pair.txt
[info] 每 ref 的 src 数: min=10 median=10 max=10; src>=8 的 ref 数 = 150/150
[info] 共视分数矩阵非零条目: 16221/22500, 平均每 ref 可用 src 数 = 108.14
[info] 写出 listfile: /root/tg_conv/lists/train.txt
[done]
[info] 图像分辨率 = 768x576, 共写出 106 帧 image/depth
[info] 计算共视分数矩阵(几何一致性 + 官方 view-selection score)...
  ref 0/106 done
  ref 0/150 done
[DIFFMVS_DIR] /root/diffmvs exists= True
[info] 轨迹总帧数 = 937
[info] 抽帧 stride=5 -> 选中 150 帧: 0..745
[info] 尺寸对齐: 640x640 --crop--> 640x480 (off 0,80) --scale 1.200000--> 768x576
[info] 图像分辨率 = 768x576, 共写出 150 帧 image/depth
[info] 计算共视分数矩阵(几何一致性 + 官方 view-selection score)...
  ref 20/150 done
  ref 0/150 done
  ref 140/150 done
[DIFFMVS_DIR] /root/diffmvs exists= True
[info] 轨迹总帧数 = 3249
[info] 抽帧 stride=5 -> 选中 150 帧: 0..745
[info] 尺寸对齐: 640x640 --crop--> 640x480 (off 0,80) --scale 1.200000--> 768x576
  ref 100/150 done
[info] 图像分辨率 = 768x576, 共写出 150 帧 image/depth
[info] 计算共视分数矩阵(几何一致性 + 官方 view-selection score)...
  ref 0/150 done
  ref 20/104 done
  ref 120/150 done
  ref 20/119 done
  ref 20/150 done
  ref 140/150 done
[info] 写出 pair.txt: /root/tg_conv/tg_UrbanConstruction_omni_P0000/cams/pair.txt
[info] 每 ref 的 src 数: min=10 median=10 max=10; src>=8 的 ref 数 = 150/150
[info] 共视分数矩阵非零条目: 9683/22500, 平均每 ref 可用 src 数 = 64.55
[info] 写出 listfile: /root/tg_conv/lists/train.txt
[done]
[DIFFMVS_DIR] /root/diffmvs exists= True
  ref 140/150 done
[info] 轨迹总帧数 = 458
[info] 抽帧 stride=5 -> 选中 92 帧: 0..455
[info] 尺寸对齐: 640x640 --crop--> 640x480 (off 0,80) --scale 1.200000--> 768x576
[info] 图像分辨率 = 768x576, 共写出 92 帧 image/depth
[info] 计算共视分数矩阵(几何一致性 + 官方 view-selection score)...
  ref 20/106 done
  ref 0/92 done
  ref 120/150 done
[info] 写出 pair.txt: /root/tg_conv/tg_Slaughter_omni_P0002/cams/pair.txt
[info] 每 ref 的 src 数: min=2 median=10 max=10; src>=8 的 ref 数 = 141/150
[info] 共视分数矩阵非零条目: 4416/22500, 平均每 ref 可用 src 数 = 29.44
[info] 写出 listfile: /root/tg_conv/lists/train.txt
[done]
  ref 20/150 done
  ref 40/104 done
  ref 40/150 done
[DIFFMVS_DIR] /root/diffmvs exists= True
[info] 轨迹总帧数 = 1475
[info] 抽帧 stride=5 -> 选中 150 帧: 0..745
[info] 尺寸对齐: 640x640 --crop--> 640x480 (off 0,80) --scale 1.200000--> 768x576
[info] 图像分辨率 = 768x576, 共写出 150 帧 image/depth
[info] 计算共视分数矩阵(几何一致性 + 官方 view-selection score)...
[info] 写出 pair.txt: /root/tg_conv/tg_VictorianStreet_omni_P0004/cams/pair.txt
[info] 每 ref 的 src 数: min=10 median=10 max=10; src>=8 的 ref 数 = 150/150
[info] 共视分数矩阵非零条目: 11814/22500, 平均每 ref 可用 src 数 = 78.76
[info] 写出 listfile: /root/tg_conv/lists/train.txt
[done]
  ref 0/150 done
  ref 140/150 done
  ref 20/150 done
  ref 40/119 done
  ref 120/150 done
  ref 20/92 done
  ref 20/150 done
  ref 40/106 done
[info] 写出 pair.txt: /root/tg_conv/tg_SeasonalForestAutumn_omni_P0001/cams/pair.txt
[info] 每 ref 的 src 数: min=10 median=10 max=10; src>=8 的 ref 数 = 150/150
[info] 共视分数矩阵非零条目: 14801/22500, 平均每 ref 可用 src 数 = 98.67
[info] 写出 listfile: /root/tg_conv/lists/train.txt
[done]
  ref 40/150 done
  ref 40/92 done
  ref 60/104 done
[DIFFMVS_DIR] /root/diffmvs exists= True
[info] 轨迹总帧数 = 2549
[info] 抽帧 stride=5 -> 选中 150 帧: 0..745
[info] 尺寸对齐: 640x640 --crop--> 640x480 (off 0,80) --scale 1.200000--> 768x576
[info] 图像分辨率 = 768x576, 共写出 150 帧 image/depth
[info] 计算共视分数矩阵(几何一致性 + 官方 view-selection score)...
  ref 0/150 done
  ref 140/150 done
  ref 40/150 done
  ref 60/150 done
  ref 60/119 done
  ref 20/150 done
  ref 40/150 done
  ref 40/150 done
  ref 60/106 done
[info] 写出 pair.txt: /root/tg_conv/tg_UrbanConstruction_omni_P0001/cams/pair.txt
[info] 每 ref 的 src 数: min=10 median=10 max=10; src>=8 的 ref 数 = 150/150
[info] 共视分数矩阵非零条目: 10382/22500, 平均每 ref 可用 src 数 = 69.21
[info] 写出 listfile: /root/tg_conv/lists/train.txt
[done]
  ref 140/150 done
[DIFFMVS_DIR] /root/diffmvs exists= True
[info] 轨迹总帧数 = 757
[info] 抽帧 stride=5 -> 选中 150 帧: 0..745
[info] 尺寸对齐: 640x640 --crop--> 640x480 (off 0,80) --scale 1.200000--> 768x576
[info] 图像分辨率 = 768x576, 共写出 150 帧 image/depth
[info] 计算共视分数矩阵(几何一致性 + 官方 view-selection score)...
  ref 60/92 done
  ref 80/104 done
  ref 0/150 done
  ref 60/150 done
[info] 写出 pair.txt: /root/tg_conv/tg_SeasonalForestSpring_diff_P1000/cams/pair.txt
[info] 每 ref 的 src 数: min=10 median=10 max=10; src>=8 的 ref 数 = 150/150
[info] 共视分数矩阵非零条目: 18381/22500, 平均每 ref 可用 src 数 = 122.54
[info] 写出 listfile: /root/tg_conv/lists/train.txt
[done]
  ref 80/150 done
  ref 20/150 done
[DIFFMVS_DIR] /root/diffmvs exists= True
[info] 轨迹总帧数 = 1045
[info] 抽帧 stride=5 -> 选中 150 帧: 0..745
[info] 尺寸对齐: 640x640 --crop--> 640x480 (off 0,80) --scale 1.200000--> 768x576
[info] 图像分辨率 = 768x576, 共写出 150 帧 image/depth
[info] 计算共视分数矩阵(几何一致性 + 官方 view-selection score)...
  ref 80/119 done
  ref 0/150 done
  ref 60/150 done
  ref 80/106 done
  ref 80/92 done
  ref 60/150 done
  ref 40/150 done
  ref 100/104 done
  ref 60/150 done
[info] 写出 pair.txt: /root/tg_conv/tg_SoulCity_omni_P0000/cams/pair.txt
[info] 每 ref 的 src 数: min=9 median=10 max=10; src>=8 的 ref 数 = 104/104
[info] 共视分数矩阵非零条目: 5696/10816, 平均每 ref 可用 src 数 = 54.77
[info] 写出 listfile: /root/tg_conv/lists/train.txt
[done]
  ref 20/150 done
[DIFFMVS_DIR] /root/diffmvs exists= True
[info] 轨迹总帧数 = 1290
[info] 抽帧 stride=5 -> 选中 150 帧: 0..745
[info] 尺寸对齐: 640x640 --crop--> 640x480 (off 0,80) --scale 1.200000--> 768x576
[info] 写出 pair.txt: /root/tg_conv/tg_WaterMillNight_omni_P0001/cams/pair.txt
[info] 每 ref 的 src 数: min=9 median=10 max=10; src>=8 的 ref 数 = 92/92
[info] 共视分数矩阵非零条目: 5480/8464, 平均每 ref 可用 src 数 = 59.57
[info] 写出 listfile: /root/tg_conv/lists/train.txt
[done]
[info] 图像分辨率 = 768x576, 共写出 150 帧 image/depth
[info] 计算共视分数矩阵(几何一致性 + 官方 view-selection score)...
  ref 0/150 done
  ref 100/119 done
  ref 20/150 done
  ref 100/150 done
  ref 40/150 done
  ref 100/106 done
  ref 80/150 done
  ref 80/150 done
[info] 写出 pair.txt: /root/tg_conv/tg_Sewerage_omni_P0003/cams/pair.txt
[info] 每 ref 的 src 数: min=10 median=10 max=10; src>=8 的 ref 数 = 106/106
[info] 共视分数矩阵非零条目: 3768/11236, 平均每 ref 可用 src 数 = 35.55
[info] 写出 listfile: /root/tg_conv/lists/train.txt
[done]
  ref 80/150 done
  ref 60/150 done
[DIFFMVS_DIR] /root/diffmvs exists= True
[info] 轨迹总帧数 = 808
[info] 抽帧 stride=5 -> 选中 150 帧: 0..745
[info] 尺寸对齐: 640x640 --crop--> 640x480 (off 0,80) --scale 1.200000--> 768x576
[info] 图像分辨率 = 768x576, 共写出 150 帧 image/depth
[info] 计算共视分数矩阵(几何一致性 + 官方 view-selection score)...
  ref 40/150 done
  ref 0/150 done
[info] 写出 pair.txt: /root/tg_conv/tg_VictorianStreet_omni_P0003/cams/pair.txt
[info] 每 ref 的 src 数: min=10 median=10 max=10; src>=8 的 ref 数 = 119/119
[info] 共视分数矩阵非零条目: 4677/14161, 平均每 ref 可用 src 数 = 39.30
[info] 写出 listfile: /root/tg_conv/lists/train.txt
[done]
  ref 80/150 done
  ref 20/150 done
  ref 40/150 done
[DIFFMVS_DIR] /root/diffmvs exists= True
[info] 轨迹总帧数 = 1102
[info] 抽帧 stride=5 -> 选中 150 帧: 0..745
[info] 尺寸对齐: 640x640 --crop--> 640x480 (off 0,80) --scale 1.200000--> 768x576
[info] 图像分辨率 = 768x576, 共写出 150 帧 image/depth
[info] 计算共视分数矩阵(几何一致性 + 官方 view-selection score)...
  ref 0/150 done
  ref 60/150 done
  ref 120/150 done
  ref 100/150 done
  ref 100/150 done
  ref 100/150 done
  ref 60/150 done
  ref 100/150 done
  ref 80/150 done
  ref 60/150 done
  ref 40/150 done
  ref 20/150 done
  ref 20/150 done
  ref 80/150 done
  ref 120/150 done
  ref 140/150 done
  ref 120/150 done
  ref 120/150 done
[info] 写出 pair.txt: /root/tg_conv/tg_VictorianStreet_omni_P0000/cams/pair.txt
[info] 每 ref 的 src 数: min=9 median=10 max=10; src>=8 的 ref 数 = 150/150
[info] 共视分数矩阵非零条目: 12538/22500, 平均每 ref 可用 src 数 = 83.59
[info] 写出 listfile: /root/tg_conv/lists/train.txt
[done]
  ref 100/150 done
  ref 120/150 done
  ref 60/150 done
  ref 80/150 done
[DIFFMVS_DIR] /root/diffmvs exists= True
[info] 轨迹总帧数 = 1235
[info] 抽帧 stride=5 -> 选中 150 帧: 0..745
[info] 尺寸对齐: 640x640 --crop--> 640x480 (off 0,80) --scale 1.200000--> 768x576
[info] 图像分辨率 = 768x576, 共写出 150 帧 image/depth
[info] 计算共视分数矩阵(几何一致性 + 官方 view-selection score)...
  ref 0/150 done
  ref 80/150 done
  ref 40/150 done
  ref 40/150 done
  ref 100/150 done
  ref 140/150 done
  ref 140/150 done
  ref 140/150 done
  ref 20/150 done
  ref 120/150 done
  ref 60/150 done
  ref 140/150 done
[info] 写出 pair.txt: /root/tg_conv/tg_SeasonalForestWinterNight_diff_P1000/cams/pair.txt
[info] 每 ref 的 src 数: min=10 median=10 max=10; src>=8 的 ref 数 = 150/150
[info] 共视分数矩阵非零条目: 19524/22500, 平均每 ref 可用 src 数 = 130.16
[info] 写出 listfile: /root/tg_conv/lists/train.txt
[done]
  ref 80/150 done
[info] 写出 pair.txt: /root/tg_conv/tg_SeasonalForestWinterNight_omni_P0000/cams/pair.txt
[info] 每 ref 的 src 数: min=5 median=10 max=10; src>=8 的 ref 数 = 147/150
[info] 共视分数矩阵非零条目: 20021/22500, 平均每 ref 可用 src 数 = 133.47
[info] 写出 listfile: /root/tg_conv/lists/train.txt
[done]
[DIFFMVS_DIR] /root/diffmvs exists= True
[info] 轨迹总帧数 = 761
[info] 抽帧 stride=5 -> 选中 150 帧: 0..745
[info] 尺寸对齐: 640x640 --crop--> 640x480 (off 0,80) --scale 1.200000--> 768x576
[info] 图像分辨率 = 768x576, 共写出 150 帧 image/depth
[info] 计算共视分数矩阵(几何一致性 + 官方 view-selection score)...
  ref 0/150 done
  ref 100/150 done
  ref 120/150 done
[info] 写出 pair.txt: /root/tg_conv/tg_Sewerage_omni_P0002/cams/pair.txt
[info] 每 ref 的 src 数: min=10 median=10 max=10; src>=8 的 ref 数 = 150/150
[info] 共视分数矩阵非零条目: 8922/22500, 平均每 ref 可用 src 数 = 59.48
[info] 写出 listfile: /root/tg_conv/lists/train.txt
[done]
[DIFFMVS_DIR] /root/diffmvs exists= True
[info] 轨迹总帧数 = 1225
[info] 抽帧 stride=5 -> 选中 150 帧: 0..745
[info] 尺寸对齐: 640x640 --crop--> 640x480 (off 0,80) --scale 1.200000--> 768x576
[info] 图像分辨率 = 768x576, 共写出 150 帧 image/depth
[info] 计算共视分数矩阵(几何一致性 + 官方 view-selection score)...
  ref 0/150 done
  ref 100/150 done
[DIFFMVS_DIR] /root/diffmvs exists= True
[info] 轨迹总帧数 = 1114
[info] 抽帧 stride=5 -> 选中 150 帧: 0..745
[info] 尺寸对齐: 640x640 --crop--> 640x480 (off 0,80) --scale 1.200000--> 768x576
[info] 图像分辨率 = 768x576, 共写出 150 帧 image/depth
[info] 计算共视分数矩阵(几何一致性 + 官方 view-selection score)...
  ref 0/150 done
  ref 60/150 done
[info] 写出 pair.txt: /root/tg_conv/tg_SeasonalForestSpring_omni_P0002/cams/pair.txt
[info] 每 ref 的 src 数: min=5 median=10 max=10; src>=8 的 ref 数 = 149/150
[info] 共视分数矩阵非零条目: 20293/22500, 平均每 ref 可用 src 数 = 135.29
[info] 写出 listfile: /root/tg_conv/lists/train.txt
[done]
[DIFFMVS_DIR] /root/diffmvs exists= True
[info] 轨迹总帧数 = 1357
[info] 抽帧 stride=5 -> 选中 150 帧: 0..745
[info] 尺寸对齐: 640x640 --crop--> 640x480 (off 0,80) --scale 1.200000--> 768x576
[info] 图像分辨率 = 768x576, 共写出 150 帧 image/depth
[info] 计算共视分数矩阵(几何一致性 + 官方 view-selection score)...
  ref 0/150 done
  ref 80/150 done
  ref 140/150 done
  ref 40/150 done
  ref 100/150 done
  ref 140/150 done
  ref 20/150 done
  ref 120/150 done
  ref 20/150 done
[info] 写出 pair.txt: /root/tg_conv/tg_UrbanConstruction_omni_P0003/cams/pair.txt
[info] 每 ref 的 src 数: min=2 median=10 max=10; src>=8 的 ref 数 = 148/150
[info] 共视分数矩阵非零条目: 11780/22500, 平均每 ref 可用 src 数 = 78.53
[info] 写出 listfile: /root/tg_conv/lists/train.txt
[done]
[DIFFMVS_DIR] /root/diffmvs exists= True
[info] 轨迹总帧数 = 736
[info] 抽帧 stride=5 -> 选中 148 帧: 0..735
[info] 尺寸对齐: 640x640 --crop--> 640x480 (off 0,80) --scale 1.200000--> 768x576
[info] 图像分辨率 = 768x576, 共写出 148 帧 image/depth
[info] 计算共视分数矩阵(几何一致性 + 官方 view-selection score)...
  ref 0/148 done
  ref 20/150 done
  ref 120/150 done
[info] 写出 pair.txt: /root/tg_conv/tg_SeasonalForestWinter_omni_P0002/cams/pair.txt
[info] 每 ref 的 src 数: min=10 median=10 max=10; src>=8 的 ref 数 = 150/150
[info] 共视分数矩阵非零条目: 22295/22500, 平均每 ref 可用 src 数 = 148.63
[info] 写出 listfile: /root/tg_conv/lists/train.txt
[done]
  ref 80/150 done
[DIFFMVS_DIR] /root/diffmvs exists= True
[info] 轨迹总帧数 = 840
[info] 抽帧 stride=5 -> 选中 150 帧: 0..745
[info] 尺寸对齐: 640x640 --crop--> 640x480 (off 0,80) --scale 1.200000--> 768x576
[info] 图像分辨率 = 768x576, 共写出 150 帧 image/depth
[info] 计算共视分数矩阵(几何一致性 + 官方 view-selection score)...
  ref 0/150 done
  ref 60/150 done
  ref 100/150 done
  ref 20/150 done
  ref 40/150 done
  ref 120/150 done
  ref 140/150 done
  ref 40/150 done
  ref 20/148 done
  ref 140/150 done
[info] 写出 pair.txt: /root/tg_conv/tg_WaterMillNight_omni_P0002/cams/pair.txt
[info] 每 ref 的 src 数: min=10 median=10 max=10; src>=8 的 ref 数 = 150/150
[info] 共视分数矩阵非零条目: 11477/22500, 平均每 ref 可用 src 数 = 76.51
[info] 写出 listfile: /root/tg_conv/lists/train.txt
[done]
  ref 40/150 done
  ref 100/150 done
  ref 120/150 done
  ref 20/150 done
  ref 80/150 done
[info] 写出 pair.txt: /root/tg_conv/tg_Sewerage_omni_P0000/cams/pair.txt
[info] 每 ref 的 src 数: min=3 median=10 max=10; src>=8 的 ref 数 = 148/150
[info] 共视分数矩阵非零条目: 15289/22500, 平均每 ref 可用 src 数 = 101.93
[info] 写出 listfile: /root/tg_conv/lists/train.txt
[done]
  ref 60/150 done
[DIFFMVS_DIR] /root/diffmvs exists= True
[info] 轨迹总帧数 = 850
[info] 抽帧 stride=5 -> 选中 150 帧: 0..745
[info] 尺寸对齐: 640x640 --crop--> 640x480 (off 0,80) --scale 1.200000--> 768x576
[info] 图像分辨率 = 768x576, 共写出 150 帧 image/depth
[info] 计算共视分数矩阵(几何一致性 + 官方 view-selection score)...
  ref 0/150 done
  ref 40/150 done
  ref 40/148 done
  ref 140/150 done
  ref 60/150 done
  ref 120/150 done
  ref 100/150 done
  ref 140/150 done
  ref 60/150 done
[info] 写出 pair.txt: /root/tg_conv/tg_VictorianStreet_omni_P0001/cams/pair.txt
[info] 每 ref 的 src 数: min=10 median=10 max=10; src>=8 的 ref 数 = 150/150
[info] 共视分数矩阵非零条目: 10872/22500, 平均每 ref 可用 src 数 = 72.48
[info] 写出 listfile: /root/tg_conv/lists/train.txt
[done]
  ref 60/150 done
  ref 40/150 done
[DIFFMVS_DIR] /root/diffmvs exists= True
[info] 轨迹总帧数 = 1689
[info] 抽帧 stride=5 -> 选中 150 帧: 0..745
[info] 尺寸对齐: 640x640 --crop--> 640x480 (off 0,80) --scale 1.200000--> 768x576
[info] 图像分辨率 = 768x576, 共写出 150 帧 image/depth
[info] 计算共视分数矩阵(几何一致性 + 官方 view-selection score)...
  ref 0/150 done
  ref 20/150 done
  ref 80/150 done
[info] 写出 pair.txt: /root/tg_conv/tg_Supermarket_omni_P0004/cams/pair.txt
[info] 每 ref 的 src 数: min=10 median=10 max=10; src>=8 的 ref 数 = 150/150
[info] 共视分数矩阵非零条目: 10945/22500, 平均每 ref 可用 src 数 = 72.97
[info] 写出 listfile: /root/tg_conv/lists/train.txt
[done]
[DIFFMVS_DIR] /root/diffmvs exists= True
  ref 120/150 done
[info] 轨迹总帧数 = 736
[info] 抽帧 stride=5 -> 选中 148 帧: 0..735
[info] 尺寸对齐: 640x640 --crop--> 640x480 (off 0,80) --scale 1.200000--> 768x576
[info] 图像分辨率 = 768x576, 共写出 148 帧 image/depth
[info] 计算共视分数矩阵(几何一致性 + 官方 view-selection score)...
  ref 0/148 done
  ref 60/148 done
  ref 80/150 done
  ref 140/150 done
  ref 80/150 done
  ref 20/150 done
  ref 60/150 done
  ref 80/150 done
[info] 写出 pair.txt: /root/tg_conv/tg_WesternDesertTown_omni_P0004/cams/pair.txt
[info] 每 ref 的 src 数: min=10 median=10 max=10; src>=8 的 ref 数 = 150/150
[info] 共视分数矩阵非零条目: 5425/22500, 平均每 ref 可用 src 数 = 36.17
[info] 写出 listfile: /root/tg_conv/lists/train.txt
[done]
  ref 40/150 done
  ref 80/148 done
  ref 140/150 done
  ref 100/150 done
  ref 20/148 done
[info] 写出 pair.txt: /root/tg_conv/tg_WesternDesertTown_omni_P0001/cams/pair.txt
[info] 每 ref 的 src 数: min=10 median=10 max=10; src>=8 的 ref 数 = 150/150
[info] 共视分数矩阵非零条目: 10095/22500, 平均每 ref 可用 src 数 = 67.30
[info] 写出 listfile: /root/tg_conv/lists/train.txt
[done]
  ref 100/150 done
  ref 80/150 done
  ref 100/148 done
  ref 100/150 done
  ref 60/150 done
  ref 100/150 done
  ref 40/150 done
  ref 120/150 done
  ref 120/148 done
  ref 100/150 done
  ref 120/150 done
  ref 120/150 done
  ref 80/150 done
  ref 40/148 done
  ref 140/150 done
  ref 140/148 done
[info] 写出 pair.txt: /root/tg_conv/tg_Supermarket_omni_P0003/cams/pair.txt
[info] 每 ref 的 src 数: min=10 median=10 max=10; src>=8 的 ref 数 = 150/150
[info] 共视分数矩阵非零条目: 9962/22500, 平均每 ref 可用 src 数 = 66.41
[info] 写出 listfile: /root/tg_conv/lists/train.txt
[done]
  ref 120/150 done
[DIFFMVS_DIR] /root/diffmvs exists= True
[info] 轨迹总帧数 = 628
[info] 抽帧 stride=5 -> 选中 126 帧: 0..625
[info] 尺寸对齐: 640x640 --crop--> 640x480 (off 0,80) --scale 1.200000--> 768x576
[info] 图像分辨率 = 768x576, 共写出 126 帧 image/depth
[info] 计算共视分数矩阵(几何一致性 + 官方 view-selection score)...
[info] 写出 pair.txt: /root/tg_conv/tg_WaterMillNight_diff_P1001/cams/pair.txt
[info] 每 ref 的 src 数: min=10 median=10 max=10; src>=8 的 ref 数 = 148/148
[info] 共视分数矩阵非零条目: 13439/21904, 平均每 ref 可用 src 数 = 90.80
[info] 写出 listfile: /root/tg_conv/lists/train.txt
[done]
  ref 0/126 done
  ref 120/150 done
  ref 140/150 done
  ref 60/150 done
  ref 140/150 done
[info] 写出 pair.txt: /root/tg_conv/tg_SeasonalForestWinterNight_omni_P0003/cams/pair.txt
[info] 每 ref 的 src 数: min=10 median=10 max=10; src>=8 的 ref 数 = 150/150
[info] 共视分数矩阵非零条目: 13214/22500, 平均每 ref 可用 src 数 = 88.09
[info] 写出 listfile: /root/tg_conv/lists/train.txt
[done]
[info] 写出 pair.txt: /root/tg_conv/tg_Supermarket_omni_P0000/cams/pair.txt
[info] 每 ref 的 src 数: min=10 median=10 max=10; src>=8 的 ref 数 = 150/150
[info] 共视分数矩阵非零条目: 10279/22500, 平均每 ref 可用 src 数 = 68.53
[info] 写出 listfile: /root/tg_conv/lists/train.txt
[done]
[DIFFMVS_DIR] /root/diffmvs exists= True
[info] 轨迹总帧数 = 956
[info] 抽帧 stride=5 -> 选中 150 帧: 0..745
[info] 尺寸对齐: 640x640 --crop--> 640x480 (off 0,80) --scale 1.200000--> 768x576
[info] 图像分辨率 = 768x576, 共写出 150 帧 image/depth
[info] 计算共视分数矩阵(几何一致性 + 官方 view-selection score)...
  ref 140/150 done
[DIFFMVS_DIR] /root/diffmvs exists= True
[info] 轨迹总帧数 = 774
[info] 抽帧 stride=5 -> 选中 150 帧: 0..745
[info] 尺寸对齐: 640x640 --crop--> 640x480 (off 0,80) --scale 1.200000--> 768x576
  ref 0/150 done
  ref 20/126 done
[info] 图像分辨率 = 768x576, 共写出 150 帧 image/depth
[info] 计算共视分数矩阵(几何一致性 + 官方 view-selection score)...
  ref 100/150 done
  ref 0/150 done
  ref 60/148 done
  ref 140/150 done
[info] 写出 pair.txt: /root/tg_conv/tg_SoulCity_omni_P0001/cams/pair.txt
[info] 每 ref 的 src 数: min=10 median=10 max=10; src>=8 的 ref 数 = 150/150
[info] 共视分数矩阵非零条目: 11715/22500, 平均每 ref 可用 src 数 = 78.10
[info] 写出 listfile: /root/tg_conv/lists/train.txt
[done]
  ref 80/150 done
[DIFFMVS_DIR] /root/diffmvs exists= True
[info] 轨迹总帧数 = 875
[info] 抽帧 stride=5 -> 选中 150 帧: 0..745
[info] 尺寸对齐: 640x640 --crop--> 640x480 (off 0,80) --scale 1.200000--> 768x576
[info] 图像分辨率 = 768x576, 共写出 150 帧 image/depth
[info] 计算共视分数矩阵(几何一致性 + 官方 view-selection score)...
[info] 写出 pair.txt: /root/tg_conv/tg_Slaughter_omni_P0003/cams/pair.txt
[info] 每 ref 的 src 数: min=8 median=10 max=10; src>=8 的 ref 数 = 150/150
[info] 共视分数矩阵非零条目: 12397/22500, 平均每 ref 可用 src 数 = 82.65
[info] 写出 listfile: /root/tg_conv/lists/train.txt
[done]
  ref 0/150 done
  ref 120/150 done
[DIFFMVS_DIR] /root/diffmvs exists= True
[info] 轨迹总帧数 = 2004
[info] 抽帧 stride=5 -> 选中 150 帧: 0..745
[info] 尺寸对齐: 640x640 --crop--> 640x480 (off 0,80) --scale 1.200000--> 768x576
[info] 图像分辨率 = 768x576, 共写出 150 帧 image/depth
[info] 计算共视分数矩阵(几何一致性 + 官方 view-selection score)...
  ref 0/150 done
  ref 20/150 done
  ref 40/126 done
  ref 100/150 done
  ref 20/150 done
  ref 20/150 done
  ref 140/150 done
  ref 80/148 done
  ref 60/126 done
  ref 20/150 done
  ref 40/150 done
  ref 40/150 done
[info] 写出 pair.txt: /root/tg_conv/tg_Supermarket_omni_P0001/cams/pair.txt
[info] 每 ref 的 src 数: min=10 median=10 max=10; src>=8 的 ref 数 = 150/150
[info] 共视分数矩阵非零条目: 9104/22500, 平均每 ref 可用 src 数 = 60.69
[info] 写出 listfile: /root/tg_conv/lists/train.txt
[done]
  ref 120/150 done
  ref 40/150 done
[DIFFMVS_DIR] /root/diffmvs exists= True
[info] 轨迹总帧数 = 700
[info] 抽帧 stride=5 -> 选中 140 帧: 0..695
[info] 尺寸对齐: 640x640 --crop--> 640x480 (off 0,80) --scale 1.200000--> 768x576
[info] 图像分辨率 = 768x576, 共写出 140 帧 image/depth
[info] 计算共视分数矩阵(几何一致性 + 官方 view-selection score)...
  ref 0/140 done
  ref 100/148 done
  ref 60/150 done
  ref 60/150 done
  ref 80/126 done
  ref 60/150 done
  ref 140/150 done
  ref 40/150 done
  ref 20/140 done
  ref 120/148 done
[info] 写出 pair.txt: /root/tg_conv/tg_WesternDesertTown_omni_P0002/cams/pair.txt
[info] 每 ref 的 src 数: min=3 median=10 max=10; src>=8 的 ref 数 = 149/150
[info] 共视分数矩阵非零条目: 17957/22500, 平均每 ref 可用 src 数 = 119.71
[info] 写出 listfile: /root/tg_conv/lists/train.txt
[done]
  ref 80/150 done
  ref 80/150 done
  ref 40/140 done
  ref 80/150 done
  ref 60/150 done
  ref 100/126 done
  ref 100/150 done
  ref 140/148 done
  ref 100/150 done
  ref 80/150 done
  ref 100/150 done
  ref 60/140 done
  ref 120/150 done
[info] 写出 pair.txt: /root/tg_conv/tg_WaterMillNight_omni_P0000/cams/pair.txt
[info] 每 ref 的 src 数: min=10 median=10 max=10; src>=8 的 ref 数 = 148/148
[info] 共视分数矩阵非零条目: 12957/21904, 平均每 ref 可用 src 数 = 87.55
[info] 写出 listfile: /root/tg_conv/lists/train.txt
[done]
  ref 120/126 done
  ref 100/150 done
  ref 120/150 done
[info] 写出 pair.txt: /root/tg_conv/tg_WaterMillDay_omni_P0004/cams/pair.txt
[info] 每 ref 的 src 数: min=7 median=10 max=10; src>=8 的 ref 数 = 124/126
[info] 共视分数矩阵非零条目: 7662/15876, 平均每 ref 可用 src 数 = 60.81
[info] 写出 listfile: /root/tg_conv/lists/train.txt
[done]
  ref 140/150 done
  ref 80/140 done
  ref 120/150 done
[info] 写出 pair.txt: /root/tg_conv/tg_SoulCity_omni_P0004/cams/pair.txt
[info] 每 ref 的 src 数: min=10 median=10 max=10; src>=8 的 ref 数 = 150/150
[info] 共视分数矩阵非零条目: 10083/22500, 平均每 ref 可用 src 数 = 67.22
[info] 写出 listfile: /root/tg_conv/lists/train.txt
[done]
  ref 140/150 done
  ref 120/150 done
[DIFFMVS_DIR] /root/diffmvs exists= True
[info] 轨迹总帧数 = 613
[info] 抽帧 stride=5 -> 选中 123 帧: 0..610
[info] 尺寸对齐: 640x640 --crop--> 640x480 (off 0,80) --scale 1.200000--> 768x576
[info] 图像分辨率 = 768x576, 共写出 123 帧 image/depth
[info] 计算共视分数矩阵(几何一致性 + 官方 view-selection score)...
  ref 0/123 done
[info] 写出 pair.txt: /root/tg_conv/tg_WaterMillDay_omni_P0001/cams/pair.txt
[info] 每 ref 的 src 数: min=10 median=10 max=10; src>=8 的 ref 数 = 150/150
[info] 共视分数矩阵非零条目: 12611/22500, 平均每 ref 可用 src 数 = 84.07
[info] 写出 listfile: /root/tg_conv/lists/train.txt
[done]
  ref 100/140 done
  ref 140/150 done
  ref 20/123 done
  ref 140/150 done
[info] 写出 pair.txt: /root/tg_conv/tg_VictorianStreet_omni_P0002/cams/pair.txt
[info] 每 ref 的 src 数: min=10 median=10 max=10; src>=8 的 ref 数 = 150/150
[info] 共视分数矩阵非零条目: 11953/22500, 平均每 ref 可用 src 数 = 79.69
[info] 写出 listfile: /root/tg_conv/lists/train.txt
[done]
[DIFFMVS_DIR] /root/diffmvs exists= True
[info] 轨迹总帧数 = 1040
[info] 抽帧 stride=5 -> 选中 150 帧: 0..745
[info] 尺寸对齐: 640x640 --crop--> 640x480 (off 0,80) --scale 1.200000--> 768x576
[info] 图像分辨率 = 768x576, 共写出 150 帧 image/depth
[info] 计算共视分数矩阵(几何一致性 + 官方 view-selection score)...
  ref 0/150 done
[info] 写出 pair.txt: /root/tg_conv/tg_UrbanConstruction_omni_P0004/cams/pair.txt
[info] 每 ref 的 src 数: min=10 median=10 max=10; src>=8 的 ref 数 = 150/150
[info] 共视分数矩阵非零条目: 9056/22500, 平均每 ref 可用 src 数 = 60.37
[info] 写出 listfile: /root/tg_conv/lists/train.txt
[done]
  ref 120/140 done
[DIFFMVS_DIR] /root/diffmvs exists= True
[info] 轨迹总帧数 = 1331
[info] 抽帧 stride=5 -> 选中 150 帧: 0..745
[info] 尺寸对齐: 640x640 --crop--> 640x480 (off 0,80) --scale 1.200000--> 768x576
[info] 图像分辨率 = 768x576, 共写出 150 帧 image/depth
[info] 计算共视分数矩阵(几何一致性 + 官方 view-selection score)...
  ref 40/123 done
  ref 0/150 done
  ref 20/150 done
[info] 写出 pair.txt: /root/tg_conv/tg_WaterMillDay_omni_P0002/cams/pair.txt
[info] 每 ref 的 src 数: min=10 median=10 max=10; src>=8 的 ref 数 = 140/140
[info] 共视分数矩阵非零条目: 12010/19600, 平均每 ref 可用 src 数 = 85.79
[info] 写出 listfile: /root/tg_conv/lists/train.txt
[done]
  ref 60/123 done
  ref 20/150 done
  ref 40/150 done
  ref 80/123 done
  ref 40/150 done
  ref 100/123 done
  ref 60/150 done
  ref 60/150 done
  ref 120/123 done
[info] 写出 pair.txt: /root/tg_conv/tg_WaterMillDay_omni_P0000/cams/pair.txt
[info] 每 ref 的 src 数: min=10 median=10 max=10; src>=8 的 ref 数 = 123/123
[info] 共视分数矩阵非零条目: 6304/15129, 平均每 ref 可用 src 数 = 51.25
[info] 写出 listfile: /root/tg_conv/lists/train.txt
[done]
  ref 80/150 done
  ref 80/150 done
  ref 100/150 done
  ref 100/150 done
  ref 120/150 done
  ref 120/150 done
  ref 140/150 done
  ref 140/150 done
[info] 写出 pair.txt: /root/tg_conv/tg_WesternDesertTown_omni_P0003/cams/pair.txt
[info] 每 ref 的 src 数: min=10 median=10 max=10; src>=8 的 ref 数 = 150/150
[info] 共视分数矩阵非零条目: 12202/22500, 平均每 ref 可用 src 数 = 81.35
[info] 写出 listfile: /root/tg_conv/lists/train.txt
[done]
[info] 写出 pair.txt: /root/tg_conv/tg_WesternDesertTown_omni_P0000/cams/pair.txt
[info] 每 ref 的 src 数: min=7 median=10 max=10; src>=8 的 ref 数 = 148/150
[info] 共视分数矩阵非零条目: 12014/22500, 平均每 ref 可用 src 数 = 80.09
[info] 写出 listfile: /root/tg_conv/lists/train.txt
[done]
