frame,t,wall_ms,cpu_ms,sw_solver_ms,sw_solves,sw_iters,stop_budget,stop_time,stop_iter,stop_conv,init_solver_ms,bk_work_ms,bk_track_ms,bk_track_n
0,5073.252279750,0.2118,0.2125,0.0000,0,0,0,0,0,0,0.0000,0.0000,0.0000,0
1,5073.268948041,0.2176,0.2182,0.0000,0,0,0,0,0,0,0.0000,0.0000,0.0000,0
2,5073.285616333,0.2170,0.2180,0.0000,0,0,0,0,0,0,0.0000,0.0000,0.0000,0
3,5073.302284583,0.2149,0.2157,0.0000,0,0,0,0,0,0,0.0000,0.0000,0.0000,0
4,5073.318952833,102.6172,99.2234,0.0000,0,0,0,0,0,0,0.0000,0.0034,0.0000,0
5,5073.335620958,17.6734,17.6747,0.0000,0,0,0,0,0,0,0.0000,0.0004,0.0000,0
6,5073.352289208,18.5945,18.3259,0.0000,0,0,0,0,0,0,0.0000,0.0007,0.0000,0
7,5073.368957500,18.4562,18.2641,0.0000,0,0,0,0,0,0,0.0000,0.0008,0.0000,0
8,5073.385625750,18.1175,18.0710,0.0000,0,0,0,0,0,0,0.0000,0.0008,0.0000,0
9,5073.402293958,18.2333,18.2170,0.0000,0,0,0,0,0,0,0.0000,0.0007,0.0000,0
10,5073.418962083,17.9471,17.9114,0.0000,0,0,0,0,0,0,0.0000,0.0006,0.0000,0
11,5073.435630375,18.7175,18.5389,0.0000,0,0,0,0,0,0,0.0000,0.0010,0.0000,0
12,5073.452298625,18.8003,18.7222,0.0000,0,0,0,0,0,0,0.0000,0.0007,0.0000,0
13,5073.468966916,18.6860,18.6790,0.0000,0,0,0,0,0,0,0.0000,0.0008,0.0000,0
14,5073.485635166,19.5372,19.2721,0.0000,0,0,0,0,0,0,0.0000,0.0007,0.0000,0
15,5073.502303458,19.2776,19.1147,0.0000,0,0,0,0,0,0,0.0000,0.0005,0.0000,0
16,5073.518971583,18.8380,18.6010,0.0000,0,0,0,0,0,0,0.0000,0.0006,0.0000,0
17,5073.535639833,18.2262,17.7900,0.0000,0,0,0,0,0,0,0.0000,0.0007,0.0000,0
18,5073.552308125,18.6322,18.6155,0.0000,0,0,0,0,0,0,0.0000,0.0008,0.0000,0
19,5073.568976333,19.3299,19.2510,0.0000,0,0,0,0,0,0,0.0000,0.0005,0.0000,0
20,5073.585644625,20.2343,20.0427,0.0000,0,0,0,0,0,0,0.0000,0.0008,0.0000,0
21,5073.602312875,17.1010,17.0403,0.0000,0,0,0,0,0,0,0.0000,0.0007,0.0000,0
22,5073.618981000,17.5516,17.1781,0.0000,0,0,0,0,0,0,0.0000,0.0005,0.0000,0
23,5073.635649291,17.0960,17.0683,0.0000,0,0,0,0,0,0,0.0000,0.0007,0.0000,0
24,5073.652317541,17.6261,17.4930,0.0000,0,0,0,0,0,0,0.0000,0.0007,0.0000,0
25,5073.668985791,17.7219,17.4940,0.0000,0,0,0,0,0,0,0.0000,0.0010,0.0000,0
26,5073.685654083,18.0129,17.6777,0.0000,0,0,0,0,0,0,0.0000,0.0005,0.0000,0
27,5073.702322208,17.3105,17.2352,0.0000,0,0,0,0,0,0,0.0000,0.0006,0.0000,0
28,5073.718990416,17.5217,17.3905,0.0000,0,0,0,0,0,0,0.0000,0.0006,0.0000,0
29,5073.735658708,17.3798,17.2667,0.0000,0,0,0,0,0,0,0.0000,0.0007,0.0000,0
30,5073.752327000,17.5928,17.5721,0.0000,0,0,0,0,0,0,0.0000,0.0007,0.0000,0
31,5073.768995166,17.1333,16.7032,0.0000,0,0,0,0,0,0,0.0000,0.0007,0.0000,0
32,5073.785663541,18.0578,17.7353,0.0000,0,0,0,0,0,0,0.0000,0.0008,0.0000,0
33,5073.802331666,17.2490,17.0665,0.0000,0,0,0,0,0,0,0.0000,0.0007,0.0000,0
34,5073.818999916,17.4127,17.3336,0.0000,0,0,0,0,0,0,0.0000,0.0007,0.0000,0
35,5073.835668208,18.2413,18.1815,0.0000,0,0,0,0,0,0,0.0000,0.3028,0.0000,0
36,5073.852336500,17.6639,17.6110,0.0000,0,0,0,0,0,0,0.0000,0.3648,0.0000,0
37,5073.869004708,17.8933,17.8773,0.0000,0,0,0,0,0,0,0.0000,0.3755,0.0000,0
38,5073.885673000,18.3722,18.2429,0.0000,0,0,0,0,0,0,0.0000,0.3857,0.0000,0
39,5073.902341125,17.8459,17.8052,0.0000,0,0,0,0,0,0,0.0000,0.4017,0.0000,0
40,5073.919009416,17.7100,17.6938,0.0000,0,0,0,0,0,0,0.0000,0.3986,0.0000,0
41,5073.935677708,17.7830,17.7319,0.0000,0,0,0,0,0,0,0.0000,0.4101,0.0000,0
42,5073.952345958,17.6556,17.6569,0.0000,0,0,0,0,0,0,0.0000,0.4097,0.0000,0
43,5073.969014208,17.6632,17.6392,0.0000,0,0,0,0,0,0,0.0000,0.4073,0.0000,0
44,5073.985682333,18.3651,18.3204,0.0000,0,0,0,0,0,0,0.0000,0.4241,0.0000,0
45,5074.002350625,17.7235,17.7000,0.0000,0,0,0,0,0,0,0.0000,0.4376,0.0000,0
46,5074.019018833,17.7179,17.7195,0.0000,0,0,0,0,0,0,0.0000,0.4273,0.0000,0
47,5074.035687166,17.5092,17.4820,0.0000,0,0,0,0,0,0,0.0000,0.4307,0.0000,0
48,5074.052355416,17.8000,17.8036,0.0000,0,0,0,0,0,0,0.0000,0.4365,0.0000,0
49,5074.069023708,17.8342,17.6048,0.0000,0,0,0,0,0,0,0.0000,0.4333,0.0000,0
50,5074.085691791,18.1310,18.0410,0.0000,0,0,0,0,0,0,0.0000,0.4668,0.0000,0
51,5074.102360083,18.2817,18.2834,0.0000,0,0,0,0,0,0,0.0000,0.4377,0.0000,0
52,5074.119028375,19.0455,18.7801,0.0000,0,0,0,0,0,0,0.0000,0.4485,0.0000,0
53,5074.135696625,19.1556,19.1002,0.0000,0,0,0,0,0,0,0.0000,0.4566,0.0000,0
54,5074.152364916,18.3667,18.0425,0.0000,0,0,0,0,0,0,0.0000,0.4302,0.0000,0
55,5074.169033166,18.4957,18.1291,0.0000,0,0,0,0,0,0,0.0000,0.4663,0.0000,0
56,5074.185701333,62.3134,62.0859,0.0000,0,0,0,0,0,0,33.5607,44.5616,0.0000,0
57,5074.202369541,19.2699,19.0077,0.6120,2,4,0,0,0,2,0.0000,0.8847,0.8124,1
58,5074.219037875,19.6942,19.6638,1.4372,2,7,0,0,0,2,0.0000,1.8399,1.7656,1
59,5074.235706125,21.0964,20.9808,1.9379,2,7,0,0,0,2,0.0000,2.4072,2.3340,1
60,5074.252374375,29.3448,29.1164,10.6208,2,14,0,0,1,1,0.0000,11.5775,11.4870,1
61,5074.269042541,18.1610,17.5533,0.5701,2,4,0,0,0,2,0.0000,0.8416,0.7588,1
62,5074.285710791,19.2940,19.1924,1.1330,2,6,0,0,0,2,0.0000,1.4786,1.4060,1
63,5074.302379083,20.4364,20.2384,1.8389,2,7,0,0,0,2,0.0000,2.3018,2.2126,1
64,5074.319047333,35.0919,34.8830,16.8750,2,13,0,0,1,1,0.0000,17.8376,17.7541,1
65,5074.335715625,18.1271,17.7351,0.5579,2,4,0,0,0,2,0.0000,0.8461,0.7627,1
66,5074.352383875,18.7687,18.7493,1.1129,2,6,0,0,0,2,0.0000,1.4592,1.3878,1
67,5074.369052000,19.2845,19.1511,1.7772,2,7,0,0,0,2,0.0000,2.2085,2.1332,1
68,5074.385720291,39.1875,39.1507,18.7852,2,14,0,0,1,1,0.0000,21.7034,21.6218,1
69,5074.402388541,18.0636,18.0282,0.5290,2,4,0,0,0,2,0.0000,0.7895,0.7137,1
70,5074.419056833,18.6990,18.6755,0.9849,2,5,0,0,0,2,0.0000,1.3381,1.2625,1
71,5074.435725083,18.9393,18.9426,1.3802,2,5,0,0,0,2,0.0000,1.8070,1.7375,1
72,5074.469061500,37.6186,37.6052,16.3341,2,14,0,0,1,1,0.0000,20.0122,19.9329,1
73,5074.485729791,18.3703,18.0808,0.6139,2,5,0,0,0,2,0.0000,0.8672,0.7913,1
74,5074.502398000,19.1740,19.0235,1.0591,2,6,0,0,0,2,0.0000,1.4016,1.3240,1
75,5074.519066291,19.7233,19.6441,1.8001,2,7,0,0,0,2,0.0000,2.2454,2.1654,1
76,5074.535734583,38.6240,38.4063,16.3958,2,14,0,0,1,1,0.0000,20.1484,20.0516,1
77,5074.552402708,18.2419,18.1949,0.6430,2,5,0,0,0,2,0.0000,0.9229,0.8373,1
78,5074.569071000,19.8471,19.7037,1.1411,2,6,0,0,0,2,0.0000,1.5219,1.4255,1
79,5074.585739250,19.3437,19.2748,1.4110,2,5,0,0,0,2,0.0000,1.8622,1.7771,1
80,5074.602407500,38.6820,38.5785,16.9408,2,14,0,0,1,1,0.0000,20.7637,20.6745,1
81,5074.619075750,19.3259,19.1888,0.6831,2,5,0,0,0,2,0.0000,0.9867,0.8901,1
82,5074.635744041,19.5032,19.4516,1.0340,2,5,0,0,0,2,0.0000,1.4005,1.3128,1
83,5074.652412208,19.4774,19.4247,1.7650,2,7,0,0,0,2,0.0000,2.2142,2.1300,1
84,5074.669080458,38.4994,38.4553,16.8042,2,13,0,0,1,1,0.0000,20.6620,20.5723,1
85,5074.685748750,18.9691,18.9258,0.6618,2,5,0,0,0,2,0.0000,0.9527,0.8622,1
86,5074.702416958,19.7105,19.6315,1.1280,2,6,0,0,0,2,0.0000,1.4932,1.4092,1
87,5074.719085208,20.3501,20.2901,1.7600,2,7,0,0,0,2,0.0000,2.1958,2.1178,1
88,5074.735753500,39.2165,39.1405,17.0979,2,14,0,0,1,1,0.0000,21.0224,20.9398,1
89,5074.752421625,18.5207,18.4563,0.6089,2,5,0,0,0,2,0.0000,0.8974,0.7943,1
90,5074.769089916,18.8525,18.5107,1.0350,2,6,0,0,0,2,0.0000,1.3764,1.2926,1
91,5074.785758166,20.8216,20.7016,1.6632,2,7,0,0,0,2,0.0000,2.0897,2.0090,1
92,5074.802426416,38.7665,38.6457,16.7117,2,14,0,0,1,1,0.0000,20.6261,20.5308,1
93,5074.819094708,18.3468,18.3375,0.5836,2,5,0,0,0,2,0.0000,0.8382,0.7565,1
94,5074.835762833,19.3441,19.3139,0.9990,2,6,0,0,0,2,0.0000,1.3311,1.2508,1
95,5074.852431041,19.9200,19.8675,1.5781,2,7,0,0,0,2,0.0000,1.9885,1.9052,1
96,5074.869099291,38.3329,38.1786,16.3941,2,14,0,0,1,1,0.0000,20.2676,20.1820,1
97,5074.885767583,18.3659,18.2522,0.5538,2,5,0,0,0,2,0.0000,0.7933,0.7181,1
98,5074.902435833,19.0408,18.7428,0.9410,2,6,0,0,0,2,0.0000,1.2621,1.1768,1
99,5074.919104125,19.1845,19.1328,1.2960,2,6,0,0,0,2,0.0000,1.6921,1.6075,1
100,5074.935772208,37.7448,37.6363,16.0251,2,14,0,0,1,1,0.0000,19.8708,19.7870,1
101,5074.952440500,19.2619,19.1622,0.5670,2,5,0,0,0,2,0.0000,0.8087,0.7315,1
102,5074.969108708,19.2274,18.9989,0.9251,2,6,0,0,0,2,0.0000,1.2352,1.1540,1
103,5074.985777041,19.1858,19.0171,1.1480,2,5,0,0,0,2,0.0000,1.5187,1.4418,1
104,5075.002445291,37.3948,37.2172,15.6119,2,13,0,0,1,1,0.0000,19.4272,19.3468,1
105,5075.019113500,18.3827,18.3331,0.5150,2,5,0,0,0,2,0.0000,0.7485,0.6725,1
106,5075.035781625,18.8668,18.4287,0.9391,2,6,0,0,0,2,0.0000,1.2860,1.1798,1
107,5075.052449916,19.7157,19.6540,1.4110,2,7,0,0,0,2,0.0000,1.7798,1.6964,1
108,5075.069118166,37.1087,36.9344,15.4381,2,14,0,0,1,1,0.0000,19.3342,19.2550,1
109,5075.085786416,18.6055,18.5300,0.5400,2,5,0,0,0,2,0.0000,0.7788,0.6971,1
110,5075.102454625,19.0643,18.4698,0.8891,2,6,0,0,0,2,0.0000,1.1978,1.1154,1
111,5075.119122791,19.1785,19.1560,1.1942,2,6,0,0,0,2,0.0000,1.5700,1.4907,1
112,5075.135791083,36.7977,36.7349,15.1420,2,14,0,0,1,1,0.0000,19.0135,18.9142,1
113,5075.152459250,18.5310,18.4653,0.5429,2,5,0,0,0,2,0.0000,0.7996,0.7103,1
114,5075.169127541,18.9497,18.9027,0.9012,2,6,0,0,0,2,0.0000,1.2272,1.1367,1
115,5075.185795791,19.3455,19.3286,1.4548,2,7,0,0,0,2,0.0000,1.8434,1.7575,1
116,5075.202464083,36.8039,36.7463,15.2309,2,14,0,0,1,1,0.0000,19.0514,18.9588,1
117,5075.219132208,18.4907,18.3466,0.5279,2,5,0,0,0,2,0.0000,0.7758,0.6855,1
118,5075.235800333,19.2156,18.5514,0.9160,2,6,0,0,0,2,0.0000,1.2441,1.1504,1
119,5075.252468666,20.2040,20.0062,1.2453,2,6,0,0,0,2,0.0000,1.6408,1.5507,1
120,5075.269136916,37.2907,37.2521,15.3301,2,14,0,0,1,1,0.0000,19.2687,19.1760,1
121,5075.285805166,18.5321,18.5300,0.5350,2,5,0,0,0,2,0.0000,0.7987,0.7028,1
122,5075.302473416,19.9237,19.7807,0.8891,2,6,0,0,0,2,0.0000,1.2072,1.1183,1
123,5075.319141541,20.9935,20.5717,1.4319,2,7,0,0,0,2,0.0000,1.8244,1.7343,1
124,5075.335809750,36.2216,36.1683,14.4663,2,14,0,0,1,1,0.0000,18.1902,18.0937,1
125,5075.352478000,18.7690,18.7309,0.4489,2,4,0,0,0,2,0.0000,0.6997,0.6075,1
126,5075.369146250,19.4097,19.2257,0.6371,2,4,0,0,0,2,0.0000,0.9488,0.8563,1
127,5075.385814500,19.4710,19.4089,1.1032,2,5,0,0,0,2,0.0000,1.4769,1.3887,1
128,5075.402482625,35.4395,35.3908,13.9081,2,13,0,0,1,1,0.0000,17.6007,17.5041,1
129,5075.419150791,18.4723,18.3940,0.4702,2,5,0,0,0,2,0.0000,0.7136,0.6145,1
130,5075.435819083,19.0373,18.9380,0.8459,2,6,0,0,0,2,0.0000,1.1589,1.0585,1
131,5075.452487333,19.7653,19.7124,1.1702,2,6,0,0,0,2,0.0000,1.5681,1.4630,1
132,5075.469155541,36.5610,36.4521,14.0009,2,14,0,0,1,1,0.0000,17.7391,17.6313,1
133,5075.485823791,18.6343,18.5057,0.5312,2,5,0,0,0,2,0.0000,0.7998,0.6925,1
134,5075.502491958,19.5823,19.4786,0.8793,2,6,0,0,0,2,0.0000,1.2108,1.1037,1
135,5075.519160125,20.1417,20.0017,1.4029,2,7,0,0,0,2,0.0000,1.8064,1.7001,1
136,5075.535828416,35.9828,35.9844,14.1170,2,14,0,0,1,1,0.0000,18.0518,17.9362,1
137,5075.552496625,19.2743,18.9937,0.5751,2,5,0,0,0,2,0.0000,0.8659,0.7549,1
138,5075.569164875,19.4600,19.4240,0.9489,2,6,0,0,0,2,0.0000,1.3081,1.1948,1
139,5075.585833041,19.2807,19.2819,1.3380,2,6,0,0,0,2,0.0000,1.7785,1.6669,1
140,5075.602501208,35.8035,35.8050,14.4279,2,14,0,0,1,1,0.0000,18.2357,18.1204,1
141,5075.619169416,18.9178,18.8739,0.5693,2,5,0,0,0,2,0.0000,0.8636,0.7498,1
142,5075.635837625,18.7052,18.7090,0.9632,2,6,0,0,0,2,0.0000,1.3146,1.2097,1
143,5075.652505875,19.5617,19.3794,1.5070,2,7,0,0,0,2,0.0000,1.9249,1.8270,1
144,5075.669174083,36.5652,36.4843,14.4627,2,14,0,0,1,1,0.0000,18.3054,18.2007,1
145,5075.685842208,18.6749,18.5918,0.5710,2,5,0,0,0,2,0.0000,0.8945,0.7665,1
146,5075.702510458,19.0021,18.8802,0.8810,2,5,0,0,0,2,0.0000,1.2427,1.1288,1
147,5075.719178666,19.3748,18.8975,1.3080,2,6,0,0,0,2,0.0000,1.7451,1.6413,1
148,5075.735846833,37.1593,36.8579,14.9910,2,14,0,0,1,1,0.0000,18.9145,18.7967,1
149,5075.752515166,18.7651,18.5743,0.6368,2,5,0,0,0,2,0.0000,0.9440,0.8417,1
150,5075.769183375,19.3264,19.1426,0.9830,2,6,0,0,0,2,0.0000,1.3484,1.2319,1
151,5075.785851458,19.3529,19.2525,1.3039,2,6,0,0,0,2,0.0000,1.7502,1.6510,1
152,5075.802519708,42.3635,42.2938,20.1859,2,7,1,0,0,1,0.0000,24.2296,24.1112,1
153,5075.819187958,20.0186,19.9625,0.7131,2,6,0,0,0,2,0.0000,1.0250,0.9093,1
154,5075.835856208,21.4842,20.7589,1.0712,2,6,0,0,0,2,0.0000,1.4616,1.3501,1
155,5075.852524416,21.6807,21.2863,1.7571,2,7,0,0,0,2,0.0000,2.2512,2.1315,1
156,5075.869192583,44.7184,44.3780,20.9382,2,7,1,0,0,1,0.0000,25.2059,25.0785,1
157,5075.885860583,21.5628,20.8780,0.8130,2,5,0,0,0,2,0.0000,1.1210,1.0128,1
158,5075.902528916,21.0724,20.8586,1.0781,2,6,0,0,0,2,0.0000,1.4741,1.3611,1
159,5075.919197208,20.1545,19.9796,1.7669,2,7,0,0,0,2,0.0000,2.2336,2.1236,1
160,5075.935865333,38.7272,38.2342,15.3069,2,14,0,0,1,1,0.0000,19.3279,19.1807,1
161,5075.952533666,18.7960,18.7358,0.6039,2,5,0,0,0,2,0.0000,0.8967,0.7875,1
162,5075.969201708,22.2484,22.0005,1.2319,2,7,0,0,0,2,0.0000,1.6143,1.5065,1
163,5075.985869916,20.2442,20.1970,1.6279,2,7,0,0,0,2,0.0000,2.0842,1.9775,1
164,5076.002538166,42.0486,42.0504,20.2191,2,7,1,0,0,1,0.0000,24.2370,24.1220,1
165,5076.019206208,18.9764,18.9520,0.5779,2,5,0,0,0,2,0.0000,0.8740,0.7671,1
166,5076.035874625,20.0010,19.3847,0.9241,2,5,0,0,0,2,0.0000,1.2962,1.1857,1
167,5076.052542791,19.2675,19.2716,1.2858,2,5,0,0,0,2,0.0000,1.7334,1.6319,1
168,5076.069210708,42.7188,42.5758,20.2630,2,6,1,0,0,1,0.0000,24.2732,24.1570,1
169,5076.085879166,19.0743,18.7608,0.5252,2,4,0,0,0,2,0.0000,0.8142,0.7098,1
170,5076.102547291,19.3873,19.3762,0.8137,2,4,0,0,0,2,0.0000,1.2125,1.0999,1
171,5076.119215541,20.1640,20.1252,1.2920,2,5,0,0,0,2,0.0000,1.7504,1.6506,1
172,5076.135883791,42.4563,42.4084,20.2661,2,6,1,0,0,1,0.0000,24.3149,24.1968,1
173,5076.152552000,18.8740,18.7942,0.6511,2,5,0,0,0,2,0.0000,0.9944,0.8565,1
174,5076.169220125,19.4326,19.3421,1.0860,2,6,0,0,0,2,0.0000,1.4930,1.3704,1
175,5076.185888291,20.3315,20.3011,1.7371,2,7,0,0,0,2,0.0000,2.2076,2.1003,1
176,5076.202556500,42.9340,42.8276,20.8778,2,7,1,0,0,1,0.0000,24.8985,24.7437,1
177,5076.219224708,18.9220,18.8955,0.6170,2,5,0,0,0,2,0.0000,0.9253,0.8144,1
178,5076.235893000,19.3319,19.3332,1.2817,2,7,0,0,0,2,0.0000,1.6833,1.5594,1
179,5076.252561208,20.3475,20.2179,1.7083,2,7,0,0,0,2,0.0000,2.1729,2.0713,1
180,5076.269229250,43.0690,43.0527,20.9558,2,7,1,0,0,1,0.0000,24.9673,24.8483,1
181,5076.285897458,18.7605,18.7662,0.5491,2,4,0,0,0,2,0.0000,0.8564,0.7463,1
182,5076.302565708,19.5662,19.2925,1.0638,2,6,0,0,0,2,0.0000,1.4625,1.3411,1
183,5076.319233916,20.7616,20.5820,1.9641,2,8,0,0,0,2,0.0000,2.4509,2.3406,1
184,5076.335902166,44.1718,44.1378,21.4159,2,7,1,0,0,1,0.0000,25.9800,25.8621,1
185,5076.352570250,19.1615,19.0073,0.6380,2,5,0,0,0,2,0.0000,0.9530,0.8372,1
186,5076.369238458,19.9471,19.8619,1.0960,2,6,0,0,0,2,0.0000,1.4955,1.3814,1
187,5076.385906708,21.0156,20.7418,1.7138,2,7,0,0,0,2,0.0000,2.2023,2.0844,1
188,5076.402574916,39.3146,39.2843,16.6399,2,14,0,0,1,1,0.0000,20.8510,20.7303,1
189,5076.419243083,19.5172,19.5198,0.7739,2,6,0,0,0,2,0.0000,1.0950,0.9797,1
190,5076.435911333,19.9693,19.9709,1.1444,2,6,0,0,0,2,0.0000,1.5626,1.4493,1
191,5076.452579375,21.1465,21.0697,1.7378,2,7,0,0,0,2,0.0000,2.2316,2.1137,1
192,5076.469247625,44.1059,43.9172,21.1730,2,7,1,0,0,1,0.0000,25.4644,25.3475,1
193,5076.485915791,19.5540,18.7935,0.6440,2,5,0,0,0,2,0.0000,0.9687,0.8509,1
194,5076.502584041,20.0528,19.9978,1.0879,2,6,0,0,0,2,0.0000,1.4913,1.3724,1
195,5076.519252208,20.7932,20.3360,1.7099,2,7,0,0,0,2,0.0000,2.1977,2.0805,1
196,5076.535920291,43.7623,43.6499,21.1210,2,7,1,0,0,1,0.0000,25.2082,25.0858,1
197,5076.552588583,18.9333,18.7854,0.6402,2,5,0,0,0,2,0.0000,0.9570,0.8387,1
198,5076.569256791,19.7940,19.7330,1.0509,2,6,0,0,0,2,0.0000,1.4477,1.3238,1
199,5076.585925000,20.5125,20.2554,1.6479,2,7,0,0,0,2,0.0000,2.1382,2.0132,1
200,5076.602593166,43.3458,43.0390,21.0423,2,7,1,0,0,1,0.0000,25.1207,25.0118,1
201,5076.619261416,18.8778,18.8423,0.6089,2,5,0,0,0,2,0.0000,0.9208,0.8063,1
202,5076.635929541,19.4385,19.4400,1.2529,2,7,0,0,0,2,0.0000,1.6450,1.5290,1
203,5076.652597708,21.4605,21.2720,1.9641,2,8,0,0,0,2,0.0000,2.4497,2.3305,1
204,5076.669265958,44.9044,44.8910,22.3269,2,7,1,0,0,1,0.0000,26.7337,26.6131,1
205,5076.685934166,19.8896,19.7178,0.7579,2,6,0,0,0,2,0.0000,1.0854,0.9639,1
206,5076.702602333,19.6411,19.4920,1.1148,2,6,0,0,0,2,0.0000,1.5114,1.3975,1
207,5076.719270541,20.8649,20.7590,1.7288,2,7,0,0,0,2,0.0000,2.2273,2.1111,1
208,5076.735938541,40.2937,40.2315,17.4921,2,14,0,0,1,1,0.0000,21.8134,21.6962,1
209,5076.752606875,18.9730,18.7519,0.6280,2,5,0,0,0,2,0.0000,0.9353,0.8265,1
210,5076.769275083,19.7148,19.6384,1.2300,2,7,0,0,0,2,0.0000,1.6221,1.5081,1
211,5076.785943125,21.1590,20.9028,1.9310,2,8,0,0,0,2,0.0000,2.3988,2.2885,1
212,5076.802611500,39.0607,38.9311,16.5648,2,14,0,0,1,1,0.0000,20.7020,20.5965,1
213,5076.819279500,18.6359,18.6120,0.6142,2,5,0,0,0,2,0.0000,0.9184,0.8070,1
214,5076.835947791,19.6784,19.6109,1.2188,2,7,0,0,0,2,0.0000,1.5990,1.4910,1
215,5076.852615958,20.5187,20.4240,1.9047,2,8,0,0,0,2,0.0000,2.3680,2.2596,1
216,5076.869284208,38.5928,38.5675,16.4819,2,14,0,0,1,1,0.0000,20.6100,20.4980,1
217,5076.885952375,19.1168,18.9950,0.6161,2,5,0,0,0,2,0.0000,0.9212,0.8093,1
218,5076.902620583,19.1900,19.1628,1.0419,2,6,0,0,0,2,0.0000,1.4371,1.3247,1
219,5076.919288708,20.3551,20.3037,1.6980,2,7,0,0,0,2,0.0000,2.1823,2.0624,1
220,5076.935956875,40.3529,39.8508,16.8161,2,14,0,0,1,1,0.0000,21.1406,21.0160,1
221,5076.952625041,19.5301,19.2857,0.5281,2,4,0,0,0,2,0.0000,0.8351,0.7236,1
222,5076.969293291,19.9048,19.8820,0.7837,2,4,0,0,0,2,0.0000,1.1743,1.0690,1
223,5076.985961500,19.6643,19.5419,1.2779,2,5,0,0,0,2,0.0000,1.7433,1.6317,1
224,5077.002629708,42.6961,42.6620,20.8440,2,7,1,0,0,1,0.0000,25.1340,25.0193,1
225,5077.019297791,19.6668,19.5966,0.5982,2,5,0,0,0,2,0.0000,0.8910,0.7846,1
226,5077.035965958,19.1992,19.0813,1.0190,2,6,0,0,0,2,0.0000,1.3983,1.2860,1
227,5077.052634166,20.3299,20.0986,1.3697,2,6,0,0,0,2,0.0000,1.8330,1.7215,1
228,5077.069302416,42.4087,42.0613,19.5601,2,7,1,0,0,1,0.0000,23.7220,23.6071,1
229,5077.085970625,19.0205,18.8649,0.6011,2,5,0,0,0,2,0.0000,0.9062,0.7888,1
230,5077.102638708,20.3278,20.1168,1.0071,2,6,0,0,0,2,0.0000,1.3772,1.2673,1
231,5077.119306875,44.1696,44.1180,21.2150,2,7,1,0,0,1,0.0000,25.3457,25.2295,1
232,5077.135975041,46.5408,46.5015,20.9651,2,7,1,0,0,1,0.0000,28.5744,28.4656,1
233,5077.152643291,18.9399,18.9076,0.5741,2,5,0,0,0,2,0.0000,0.8548,0.7523,1
234,5077.169311500,19.3223,19.3138,1.1759,2,7,0,0,0,2,0.0000,1.5370,1.4340,1
235,5077.185979708,20.4979,20.3458,1.5564,2,7,0,0,0,2,0.0000,2.0000,1.8971,1
236,5077.202647791,37.8411,37.8050,15.7979,2,14,0,0,1,1,0.0000,19.9403,19.8332,1
237,5077.219316041,18.2927,18.2950,0.5820,2,5,0,0,0,2,0.0000,0.8659,0.7668,1
238,5077.235984208,19.5085,19.3575,1.0042,2,6,0,0,0,2,0.0000,1.3749,1.2695,1
239,5077.252652375,20.2985,20.2830,1.8232,2,8,0,0,0,2,0.0000,2.2812,2.1799,1
240,5077.269320625,43.0398,43.0278,21.0040,2,7,1,0,0,1,0.0000,25.1364,25.0316,1
241,5077.285988833,19.5350,19.2596,0.6759,2,6,0,0,0,2,0.0000,0.9674,0.8682,1
242,5077.302656916,20.0932,19.8556,1.2960,2,8,0,0,0,2,0.0000,1.6701,1.5711,1
243,5077.319325125,20.8084,20.6884,1.9739,2,9,0,0,0,2,0.0000,2.4473,2.3441,1
244,5077.335993250,43.3809,42.8797,21.2162,2,7,1,0,0,1,0.0000,25.3005,25.1950,1
245,5077.352661500,18.5771,18.5440,0.5748,2,5,0,0,0,2,0.0000,0.8577,0.7628,1
246,5077.369329708,19.6428,19.1832,0.9980,2,6,0,0,0,2,0.0000,1.3668,1.2687,1
247,5077.385997750,19.4072,19.4017,1.5976,2,7,0,0,0,2,0.0000,2.0441,1.9488,1
248,5077.402666000,39.0773,38.9887,17.1962,2,14,0,0,1,1,0.0000,21.5328,21.4311,1
249,5077.419334166,18.8576,18.5377,0.5789,2,5,0,0,0,2,0.0000,0.8614,0.7584,1
250,5077.436002333,19.3712,19.3016,0.9191,2,5,0,0,0,2,0.0000,1.2849,1.1804,1
251,5077.452670541,20.2303,20.2283,1.6808,2,7,0,0,0,2,0.0000,2.1234,2.0223,1
252,5077.469338750,39.4555,39.3999,16.9251,2,14,0,0,1,1,0.0000,21.2112,21.1018,1
253,5077.486006833,19.1655,19.1305,0.6003,2,5,0,0,0,2,0.0000,0.8900,0.7851,1
254,5077.502675083,19.9885,19.8079,0.9770,2,6,0,0,0,2,0.0000,1.3393,1.2340,1
255,5077.519343291,19.5379,19.5029,1.5249,2,7,0,0,0,2,0.0000,1.9525,1.8541,1
256,5077.536011416,42.8515,42.6940,21.1251,2,7,1,0,0,1,0.0000,25.2305,25.1357,1
257,5077.552679583,19.1438,19.0623,0.5879,2,5,0,0,0,2,0.0000,0.8640,0.7682,1
258,5077.569347791,19.9512,19.8735,0.9961,2,6,0,0,0,2,0.0000,1.3567,1.2649,1
259,5077.586015958,19.9464,19.8132,1.5028,2,7,0,0,0,2,0.0000,1.9314,1.8310,1
260,5077.602684083,39.2418,39.1111,16.3152,2,14,0,0,1,1,0.0000,20.4855,20.3825,1
261,5077.619352333,18.6685,18.5741,0.5341,2,4,0,0,0,2,0.0000,0.8345,0.7283,1
262,5077.636020500,18.9281,18.7991,0.7291,2,4,0,0,0,2,0.0000,1.0800,0.9852,1
263,5077.652688708,20.1222,20.0085,1.2789,2,6,0,0,0,2,0.0000,1.7115,1.6179,1
264,5077.669356833,38.4192,38.3466,16.2470,2,14,0,0,1,1,0.0000,20.3998,20.2984,1
265,5077.686024958,18.7117,18.4291,0.5469,2,5,0,0,0,2,0.0000,0.8183,0.7188,1
266,5077.702693250,18.7562,18.7147,0.8898,2,6,0,0,0,2,0.0000,1.2253,1.1281,1
267,5077.719361375,19.6717,19.4529,1.2112,2,6,0,0,0,2,0.0000,1.6276,1.5267,1
268,5077.736029583,37.6235,37.4539,15.7840,2,13,0,0,1,1,0.0000,19.7760,19.6700,1
269,5077.752697750,18.1799,18.1813,0.4721,2,4,0,0,0,2,0.0000,0.7392,0.6423,1
270,5077.769365875,18.9750,18.7639,0.6678,2,4,0,0,0,2,0.0000,0.9999,0.9033,1
271,5077.786034083,19.2249,19.0710,1.1270,2,5,0,0,0,2,0.0000,1.5373,1.4390,1
272,5077.802702208,37.1507,36.8551,15.1529,2,14,0,0,1,1,0.0000,19.1642,19.0673,1
273,5077.819370375,18.5591,18.5053,0.5310,2,5,0,0,0,2,0.0000,0.8044,0.7068,1
274,5077.836038625,18.7855,18.7291,0.9260,2,6,0,0,0,2,0.0000,1.2830,1.1867,1
275,5077.852706833,18.9282,18.8901,1.0829,2,5,0,0,0,2,0.0000,1.4763,1.3765,1
276,5077.869374916,36.2045,36.1703,14.6489,2,13,0,0,1,1,0.0000,18.5494,18.4523,1
277,5077.886043041,18.6005,18.4776,0.4830,2,5,0,0,0,2,0.0000,0.7322,0.6323,1
278,5077.902711291,18.9458,18.8368,0.8340,2,6,0,0,0,2,0.0000,1.1478,1.0504,1
279,5077.919379458,19.2525,19.2295,1.3370,2,7,0,0,0,2,0.0000,1.7446,1.6338,1
280,5077.936047708,39.4136,39.3237,18.3649,2,7,1,0,0,1,0.0000,22.2501,22.1545,1
281,5077.952715708,18.1033,17.9375,0.5007,2,5,0,0,0,2,0.0000,0.7594,0.6615,1
282,5077.969383916,18.4100,18.3491,0.7939,2,6,0,0,0,2,0.0000,1.1029,1.0015,1
283,5077.986052125,19.7868,19.5602,1.0808,2,6,0,0,0,2,0.0000,1.4531,1.3547,1
284,5078.002720291,40.4216,40.3054,18.8339,2,7,1,0,0,1,0.0000,22.6945,22.5877,1
285,5078.019388500,18.3121,18.3135,0.4849,2,5,0,0,0,2,0.0000,0.7362,0.6356,1
286,5078.036056708,18.5793,18.3299,0.6282,2,4,0,0,0,2,0.0000,0.9278,0.8352,1
287,5078.052724791,18.9833,18.8858,0.8109,2,4,0,0,0,2,0.0000,1.1720,1.0803,1
288,5078.069392958,35.8110,34.9724,13.8879,2,13,0,0,1,1,0.0000,17.8177,17.7116,1
289,5078.086061125,18.1298,18.0161,0.3798,2,4,0,0,0,2,0.0000,0.6068,0.5186,1
290,5078.102729375,18.7695,18.6487,0.6158,2,4,0,0,0,2,0.0000,0.9250,0.8227,1
291,5078.119397583,18.5510,18.5523,0.9952,2,5,0,0,0,2,0.0000,1.3699,1.2573,1
292,5078.136065750,37.1066,36.8359,14.1668,2,13,0,0,1,1,0.0000,18.1496,18.0535,1
293,5078.152733833,19.2644,18.8411,0.5431,2,5,0,0,0,2,0.0000,0.7971,0.7035,1
294,5078.169402041,19.9189,19.7055,0.8552,2,6,0,0,0,2,0.0000,1.1852,1.0769,1
295,5078.186070208,18.7603,18.7620,1.1110,2,6,0,0,0,2,0.0000,1.5078,1.4004,1
296,5078.202738416,38.0738,36.9338,14.2121,2,14,0,0,1,1,0.0000,18.0412,17.9385,1
297,5078.219406583,17.9351,17.8093,0.4680,2,5,0,0,0,2,0.0000,0.7010,0.6100,1
298,5078.236074625,18.8567,18.7516,0.7839,2,6,0,0,0,2,0.0000,1.0762,0.9800,1
299,5078.252742833,18.7123,18.6483,1.0002,2,6,0,0,0,2,0.0000,1.3402,1.2505,1
300,5078.269411083,33.9749,33.9762,13.1319,2,14,0,0,1,1,0.0000,16.8558,16.7564,1
301,5078.286079250,18.2740,18.1801,0.3719,2,4,0,0,0,2,0.0000,0.6022,0.5108,1
302,5078.302747416,18.2610,18.2415,0.5441,2,4,0,0,0,2,0.0000,0.8257,0.7260,1
303,5078.319415541,19.8027,19.6458,0.9491,2,5,0,0,0,2,0.0000,1.2959,1.1934,1
304,5078.336083625,34.9331,34.8497,12.9459,2,13,0,0,1,1,0.0000,16.7407,16.6383,1
305,5078.352751833,18.6549,18.5015,0.4370,2,5,0,0,0,2,0.0000,0.6670,0.5717,1
306,5078.369420083,18.2995,18.3010,0.7782,2,6,0,0,0,2,0.0000,1.0716,0.9705,1
307,5078.386088208,18.7165,18.6605,1.2720,2,7,0,0,0,2,0.0000,1.6089,1.5180,1
308,5078.402756416,42.2317,41.9179,21.1060,2,8,1,0,0,1,0.0000,24.7740,24.6604,1
309,5078.419424666,17.7735,17.7768,0.3808,2,4,0,0,0,2,0.0000,0.6069,0.5110,1
310,5078.436092666,18.3040,18.1683,0.5012,2,4,0,0,0,2,0.0000,0.7582,0.6677,1
311,5078.452760875,18.2897,18.0614,0.8140,2,5,0,0,0,2,0.0000,1.1309,1.0298,1
312,5078.469429041,41.4701,41.4186,20.5290,2,7,1,0,0,1,0.0000,24.1443,24.0470,1
313,5078.486097291,17.9451,17.6042,0.3760,2,5,0,0,0,2,0.0000,0.6050,0.4929,1
314,5078.502765500,18.5413,18.1865,0.6490,2,6,0,0,0,2,0.0000,0.9318,0.8138,1
315,5078.519433500,18.2478,18.2046,0.8559,2,6,0,0,0,2,0.0000,1.1607,1.0588,1
316,5078.536101708,33.1164,32.9245,12.1751,2,14,0,0,1,1,0.0000,15.7876,15.6929,1
317,5078.552769875,18.2205,18.1892,0.4160,2,5,0,0,0,2,0.0000,0.6347,0.5436,1
318,5078.569438041,18.4993,18.1277,0.6909,2,6,0,0,0,2,0.0000,0.9648,0.8628,1
319,5078.586106291,19.0695,19.0460,0.8862,2,6,0,0,0,2,0.0000,1.1935,1.1060,1
320,5078.602774458,40.9720,40.9580,19.8290,2,8,1,0,0,1,0.0000,23.4888,23.3978,1
321,5078.619442500,18.4133,18.0763,0.4239,2,5,0,0,0,2,0.0000,0.6443,0.5495,1
322,5078.636110708,19.1302,19.0193,0.8199,2,6,0,0,0,2,0.0000,1.2439,1.0658,1
323,5078.652778916,18.3401,18.1391,0.8249,2,6,0,0,0,2,0.0000,1.1165,1.0253,1
324,5078.669447041,40.0000,39.9237,19.6350,2,8,1,0,0,1,0.0000,23.1474,23.0602,1
325,5078.686115333,18.6998,18.3882,0.3450,2,4,0,0,0,2,0.0000,0.5587,0.4622,1
326,5078.702783500,18.4220,18.2719,0.5729,2,5,0,0,0,2,0.0000,0.8128,0.7254,1
327,5078.719451541,18.0570,18.0501,0.7510,2,5,0,0,0,2,0.0000,1.0254,0.9460,1
328,5078.736119708,31.8430,31.7518,11.3890,2,14,0,0,1,1,0.0000,14.7853,14.7045,1
329,5078.752787916,17.9664,17.9232,0.3650,2,5,0,0,0,2,0.0000,0.5625,0.4758,1
330,5078.769456083,18.0105,17.9147,0.6011,2,6,0,0,0,2,0.0000,0.8410,0.7506,1
331,5078.786124250,16.9596,16.9498,0.8159,2,6,0,0,0,2,0.0000,1.0968,1.0135,1
332,5078.802792333,31.5544,31.4404,11.2340,2,13,0,0,1,1,0.0000,14.6350,14.5365,1
333,5078.819460541,18.0275,17.9344,0.3810,2,5,0,0,0,2,0.0000,0.5834,0.4949,1
334,5078.836128750,18.4825,17.9147,0.5939,2,6,0,0,0,2,0.0000,0.8309,0.7498,1
335,5078.852796916,17.7947,17.7960,0.7861,2,6,0,0,0,2,0.0000,1.0571,0.9771,1
336,5078.869465083,31.9788,31.8830,11.0180,2,13,0,0,1,1,0.0000,14.3810,14.2997,1
337,5078.886133291,17.4833,17.4845,0.3378,2,4,0,0,0,2,0.0000,0.5386,0.4555,1
338,5078.902801375,17.8202,17.7715,0.5150,2,4,0,0,0,2,0.0000,0.7512,0.6696,1
339,5078.919469541,18.9213,18.8478,0.8438,2,6,0,0,0,2,0.0000,1.1368,1.0452,1
340,5078.936137750,31.7369,31.6706,10.9589,2,13,0,0,1,1,0.0000,14.3492,14.2555,1
341,5078.952805875,17.5113,17.4115,0.4020,2,5,0,0,0,2,0.0000,0.6135,0.5233,1
342,5078.969474083,18.7219,18.6072,0.6509,2,6,0,0,0,2,0.0000,0.9050,0.8168,1
343,5078.986142208,18.4743,18.4254,0.8469,2,6,0,0,0,2,0.0000,1.1410,1.0581,1
344,5079.002810291,31.5620,31.5214,11.1868,2,14,0,0,1,1,0.0000,14.7253,14.6309,1
345,5079.019478500,17.6133,17.5204,0.4132,2,5,0,0,0,2,0.0000,0.6280,0.5394,1
346,5079.036146666,17.6607,17.6042,0.6781,2,6,0,0,0,2,0.0000,0.9370,0.8495,1
347,5079.052814875,18.3900,18.3155,0.9682,2,6,0,0,0,2,0.0000,1.2990,1.2051,1
348,5079.069483041,31.5210,31.4254,11.1828,2,14,0,0,1,1,0.0000,14.5504,14.4617,1
349,5079.086151166,18.1132,17.9897,0.4318,2,5,0,0,0,2,0.0000,0.6617,0.5621,1
350,5079.102819250,18.6355,18.5431,0.7169,2,6,0,0,0,2,0.0000,0.9857,0.8958,1
351,5079.119487500,19.0880,18.8498,0.9491,2,6,0,0,0,2,0.0000,1.2752,1.1823,1
352,5079.136155708,32.8830,32.7838,11.5778,2,14,0,0,1,1,0.0000,15.0802,14.9849,1
353,5079.152823875,18.3127,17.9794,0.4470,2,5,0,0,0,2,0.0000,0.6750,0.5788,1
354,5079.169492000,18.3701,18.3643,0.7250,2,6,0,0,0,2,0.0000,0.9915,0.9029,1
355,5079.186160083,18.9977,18.9676,1.0951,2,7,0,0,0,2,0.0000,1.4132,1.3227,1
356,5079.202828291,40.4089,40.3450,19.2840,2,14,0,0,1,1,0.0000,22.7937,22.6944,1
357,5079.219496416,18.3382,18.1174,0.4492,2,5,0,0,0,2,0.0000,0.6781,0.5865,1
358,5079.236164666,18.1239,18.0395,0.7319,2,6,0,0,0,2,0.0000,1.0048,0.9152,1
359,5079.252832875,18.5989,18.2416,0.9611,2,6,0,0,0,2,0.0000,1.2883,1.1963,1
360,5079.269501000,40.2047,40.0903,19.7418,2,7,1,0,0,1,0.0000,23.1895,23.0934,1
361,5079.286169041,17.6417,17.5059,0.3839,2,4,0,0,0,2,0.0000,0.6181,0.5216,1
362,5079.302837291,17.9604,17.8538,0.7310,2,6,0,0,0,2,0.0000,1.0109,0.9215,1
363,5079.319505500,18.1538,18.1046,0.9639,2,6,0,0,0,2,0.0000,1.2943,1.2010,1
364,5079.336173625,32.7721,32.5960,12.0270,2,14,0,0,1,1,0.0000,15.5268,15.4327,1
365,5079.352841791,17.9343,17.9360,0.4640,2,5,0,0,0,2,0.0000,0.7186,0.6004,1
366,5079.369509833,18.4039,18.3551,0.7248,2,6,0,0,0,2,0.0000,0.9980,0.9070,1
367,5079.386178041,33.3830,33.3547,12.1901,2,14,0,0,1,1,0.0000,15.7195,15.6234,1
368,5079.402846250,45.1804,45.1338,21.2750,2,8,1,0,0,1,0.0000,28.0332,27.9497,1
369,5079.419514416,17.6815,17.6203,0.3819,2,4,0,0,0,2,0.0000,0.6146,0.5211,1
370,5079.436182541,17.9240,17.8595,0.7348,2,6,0,0,0,2,0.0000,1.0125,0.9260,1
371,5079.452850708,32.1703,32.1125,12.3439,2,14,0,0,1,1,0.0000,15.9122,15.8190,1
372,5079.469518875,45.4383,45.2512,20.6730,2,6,1,0,0,1,0.0000,28.0001,27.9002,1
373,5079.486187000,19.6002,19.4985,0.5391,2,4,0,0,0,2,0.0000,0.8170,0.7262,1
374,5079.502855166,19.0941,19.0025,0.9270,2,6,0,0,0,2,0.0000,1.2569,1.1670,1
375,5079.519523416,19.8547,19.7773,1.4658,2,7,0,0,0,2,0.0000,1.8615,1.7763,1
376,5079.536191541,41.5496,40.8993,19.0170,2,7,1,0,0,1,0.0000,22.8825,22.7954,1
377,5079.552859666,18.5652,18.4565,0.5929,2,5,0,0,0,2,0.0000,0.8744,0.7906,1
378,5079.569527791,19.7626,19.0527,1.0231,2,6,0,0,0,2,0.0000,1.3546,1.2724,1
379,5079.586195958,19.9225,19.8327,1.6251,2,7,0,0,0,2,0.0000,2.0575,1.9778,1
380,5079.602864166,41.4156,41.3412,20.2022,2,7,1,0,0,1,0.0000,24.0588,23.9782,1
381,5079.619532375,18.0890,17.7342,0.5810,2,5,0,0,0,2,0.0000,0.8396,0.7551,1
382,5079.636200541,18.8697,18.6470,0.9952,2,6,0,0,0,2,0.0000,1.3313,1.2517,1
383,5079.652868583,19.5821,19.5528,1.5910,2,7,0,0,0,2,0.0000,2.0119,1.9275,1
384,5079.669536708,41.5126,41.0639,19.8848,2,7,1,0,0,1,0.0000,23.6999,23.6143,1
385,5079.686204958,18.8154,18.7864,0.6270,2,5,0,0,0,2,0.0000,0.9038,0.8164,1
386,5079.702873083,19.3877,19.3330,1.0440,2,6,0,0,0,2,0.0000,1.3945,1.3110,1
387,5079.719541333,19.9007,19.8280,1.6570,2,7,0,0,0,2,0.0000,2.0882,2.0037,1
388,5079.736209500,43.1057,42.8670,20.9680,2,7,1,0,0,1,0.0000,24.8228,24.7375,1
389,5079.752877541,18.7549,18.6424,0.6151,2,5,0,0,0,2,0.0000,0.8849,0.8011,1
390,5079.769545708,19.0000,18.9423,1.0312,2,6,0,0,0,2,0.0000,1.3710,1.2934,1
391,5079.786213833,19.7855,19.7314,1.6639,2,7,0,0,0,2,0.0000,2.0935,2.0110,1
392,5079.802882083,42.6185,42.5396,20.8743,2,7,1,0,0,1,0.0000,24.7335,24.6483,1
393,5079.819550291,18.5441,18.4812,0.6099,2,5,0,0,0,2,0.0000,0.8787,0.7951,1
394,5079.836218458,20.1591,19.8181,1.2631,2,7,0,0,0,2,0.0000,1.6245,1.5363,1
395,5079.852886500,20.9716,20.3996,1.6651,2,7,0,0,0,2,0.0000,2.0975,2.0132,1
396,5079.869554666,43.3048,43.1774,21.1239,2,7,1,0,0,1,0.0000,25.0031,24.9113,1
397,5079.886222833,18.7604,18.4959,0.6320,2,5,0,0,0,2,0.0000,0.9190,0.8283,1
398,5079.902891041,19.4933,19.2653,1.0669,2,6,0,0,0,2,0.0000,1.4346,1.3435,1
399,5079.919559208,20.6358,19.8291,1.7169,2,7,0,0,0,2,0.0000,2.1859,2.0905,1
400,5079.936227250,43.1025,42.9677,20.9999,2,7,1,0,0,1,0.0000,24.9789,24.8798,1
401,5079.952895458,19.0846,18.8474,0.6521,2,5,0,0,0,2,0.0000,0.9498,0.8468,1
402,5079.969563625,19.7305,18.9432,1.1010,2,6,0,0,0,2,0.0000,1.5193,1.3962,1
403,5079.986231750,19.5757,19.5163,1.7028,2,7,0,0,0,2,0.0000,2.1565,2.0614,1
404,5080.002899916,38.1386,37.9234,16.2249,2,14,0,0,1,1,0.0000,20.2105,20.1114,1
405,5080.019568000,19.4095,18.9882,0.6289,2,5,0,0,0,2,0.0000,0.9210,0.8208,1
406,5080.036236208,19.1003,18.8665,1.2138,2,7,0,0,0,2,0.0000,1.5849,1.4892,1
407,5080.052904375,19.8986,19.7819,1.8630,2,8,0,0,0,2,0.0000,2.3125,2.2177,1
408,5080.069572541,41.2204,41.1972,20.2682,2,7,1,0,0,1,0.0000,24.1169,24.0078,1
409,5080.086240708,18.9703,18.6200,0.6530,2,5,0,0,0,2,0.0000,0.9518,0.8472,1
410,5080.102908875,18.6548,18.6101,0.9971,2,6,0,0,0,2,0.0000,1.3576,1.2603,1
411,5080.119577041,18.6494,18.6294,1.3008,2,6,0,0,0,2,0.0000,1.7377,1.6432,1
412,5080.136245041,41.3958,41.3590,20.2637,2,14,0,0,1,1,0.0000,24.2110,24.1041,1
413,5080.152913333,18.8385,18.6898,0.4649,2,4,0,0,0,2,0.0000,0.7381,0.6384,1
414,5080.169581500,18.0995,18.0250,0.9069,2,6,0,0,0,2,0.0000,1.2502,1.1569,1
415,5080.186249666,18.8287,18.7472,1.2171,2,6,0,0,0,2,0.0000,1.6215,1.5288,1
416,5080.202917875,37.4734,37.1854,15.8191,2,14,0,0,1,1,0.0000,19.9232,19.8241,1
417,5080.219585833,18.2933,18.2954,0.5682,2,5,0,0,0,2,0.0000,0.8464,0.7463,1
418,5080.236254083,19.0155,18.8618,0.9389,2,6,0,0,0,2,0.0000,1.2979,1.1995,1
419,5080.252922208,19.8290,19.7584,1.2467,2,6,0,0,0,2,0.0000,1.6706,1.5764,1
420,5080.269590416,44.7383,44.2905,20.9351,2,6,1,0,0,1,0.0000,25.2175,25.1245,1
421,5080.286258583,19.1199,18.8362,0.5567,2,5,0,0,0,2,0.0000,0.8357,0.7315,1
422,5080.302926750,19.6185,19.4404,0.9499,2,6,0,0,0,2,0.0000,1.3059,1.2017,1
423,5080.319594833,20.4133,20.0897,1.2412,2,6,0,0,0,2,0.0000,1.6645,1.5631,1
424,5080.336263000,43.3872,43.0253,20.6871,2,7,1,0,0,1,0.0000,24.6853,24.5825,1
425,5080.352931208,18.0127,17.9765,0.5641,2,5,0,0,0,2,0.0000,0.8364,0.7380,1
426,5080.369599333,18.4510,18.2698,0.9317,2,6,0,0,0,2,0.0000,1.2661,1.1699,1
427,5080.386267500,18.5771,18.5625,1.2560,2,6,0,0,0,2,0.0000,1.6579,1.5626,1
428,5080.402935708,35.7998,35.7126,14.9081,2,13,0,0,1,1,0.0000,18.7652,18.6712,1
429,5080.419603708,18.0323,17.9832,0.4592,2,4,0,0,0,2,0.0000,0.7114,0.6213,1
430,5080.436271958,18.5618,18.2295,0.8581,2,6,0,0,0,2,0.0000,1.1788,1.0857,1
431,5080.452940041,18.3006,18.2975,1.0440,2,5,0,0,0,2,0.0000,1.4210,1.3338,1
432,5080.469608208,35.5945,35.5551,14.6370,2,13,0,0,1,1,0.0000,18.6133,18.5183,1
433,5080.486276375,18.0995,17.9082,0.5219,2,5,0,0,0,2,0.0000,0.7805,0.6844,1
434,5080.502944458,18.1761,18.1527,0.8392,2,6,0,0,0,2,0.0000,1.1665,1.0645,1
435,5080.519612666,19.1395,18.9410,1.1439,2,6,0,0,0,2,0.0000,1.5454,1.4445,1
436,5080.536280791,35.4176,35.3360,14.3750,2,14,0,0,1,1,0.0000,18.3052,18.2053,1
437,5080.552949041,18.3569,17.9990,0.5181,2,5,0,0,0,2,0.0000,0.7665,0.6747,1
438,5080.569617166,18.5528,18.4015,0.8862,2,6,0,0,0,2,0.0000,1.1883,1.1003,1
439,5080.586285375,18.4188,18.3610,1.0648,2,6,0,0,0,2,0.0000,1.4245,1.3347,1
440,5080.602953416,34.9603,34.9273,14.1833,2,14,0,0,1,1,0.0000,17.9957,17.9066,1
441,5080.619621541,17.8173,17.7592,0.4959,2,5,0,0,0,2,0.0000,0.7412,0.6521,1
442,5080.636289750,18.0386,17.9576,0.7019,2,5,0,0,0,2,0.0000,0.9948,0.9046,1
443,5080.652957916,18.3838,18.2197,0.9859,2,5,0,0,0,2,0.0000,1.3466,1.2472,1
444,5080.669626083,35.1246,35.0336,13.6781,2,13,0,0,1,1,0.0000,17.4794,17.3897,1
445,5080.686294208,18.4023,18.2866,0.3879,2,4,0,0,0,2,0.0000,0.6301,0.5414,1
446,5080.702962291,18.7817,18.5423,0.6750,2,5,0,0,0,2,0.0000,0.9648,0.8742,1
447,5080.719630500,18.4887,18.4728,0.9460,2,5,0,0,0,2,0.0000,1.2860,1.2016,1
448,5080.736298625,35.7732,35.4978,13.6929,2,13,0,0,1,1,0.0000,17.4426,17.3472,1
449,5080.752966833,17.9499,17.8931,0.4051,2,4,0,0,0,2,0.0000,0.6430,0.5540,1
450,5080.769635000,18.2546,18.0643,0.5870,2,4,0,0,0,2,0.0000,0.8697,0.7812,1
451,5080.786303041,19.7085,19.6020,0.9940,2,5,0,0,0,2,0.0000,1.3525,1.2600,1
452,5080.802971208,34.2849,34.2195,13.2871,2,13,0,0,1,1,0.0000,16.9788,16.8804,1
453,5080.819639333,18.0288,17.9893,0.3822,2,4,0,0,0,2,0.0000,0.6159,0.5250,1
454,5080.836307541,18.8535,18.8324,0.7122,2,5,0,0,0,2,0.0000,0.9970,0.9104,1
455,5080.852975708,19.9879,19.8220,0.9451,2,5,0,0,0,2,0.0000,1.2775,1.1942,1
456,5080.869643875,34.2426,34.2241,13.1199,2,13,0,0,1,1,0.0000,16.8613,16.7740,1
457,5080.886311916,18.5694,18.4892,0.3700,2,4,0,0,0,2,0.0000,0.5991,0.5045,1
458,5080.902980000,18.3377,18.2032,0.6382,2,5,0,0,0,2,0.0000,0.9024,0.8180,1
459,5080.919648291,19.8289,19.6556,0.8447,2,5,0,0,0,2,0.0000,1.1579,1.0757,1
460,5080.936316458,34.5958,34.4478,12.8169,2,13,0,0,1,1,0.0000,16.5076,16.4189,1
461,5080.952984583,17.7480,17.7377,0.3788,2,4,0,0,0,2,0.0000,0.6057,0.5120,1
462,5080.969652750,18.0064,17.6298,0.5779,2,4,0,0,0,2,0.0000,0.8504,0.7602,1
463,5080.986320791,18.0341,17.9249,0.8211,2,5,0,0,0,2,0.0000,1.1217,1.0396,1
464,5081.002989000,34.5295,34.4279,12.8851,2,13,0,0,1,1,0.0000,16.6345,16.5395,1
465,5081.019657166,18.1162,17.9780,0.3459,2,4,0,0,0,2,0.0000,0.5571,0.4670,1
466,5081.036325291,18.0246,17.9875,0.4911,2,4,0,0,0,2,0.0000,0.7394,0.6488,1
467,5081.052993458,18.0549,18.0564,0.7918,2,5,0,0,0,2,0.0000,1.0832,0.9936,1
468,5081.069661500,32.6509,32.6144,11.9822,2,13,0,0,1,1,0.0000,15.5189,15.4356,1
469,5081.086329666,17.7424,17.6779,0.3319,2,4,0,0,0,2,0.0000,0.5337,0.4442,1
470,5081.102997833,17.7895,17.7350,0.4549,2,4,0,0,0,2,0.0000,0.6823,0.5996,1
471,5081.119666000,18.1862,18.1397,0.7231,2,5,0,0,0,2,0.0000,0.9919,0.9041,1
472,5081.136334166,32.4770,32.3087,11.5690,2,13,0,0,1,1,0.0000,15.0502,14.9662,1
473,5081.153002375,17.5032,17.5073,0.3850,2,5,0,0,0,2,0.0000,0.5901,0.5013,1
474,5081.169670333,18.3435,18.1884,0.5600,2,5,0,0,0,2,0.0000,0.8050,0.7162,1
475,5081.186338541,18.2353,18.1371,0.7408,2,5,0,0,0,2,0.0000,1.0178,0.9297,1
476,5081.203006750,32.2651,32.2663,11.4820,2,13,0,0,1,1,0.0000,14.9759,14.8821,1
477,5081.219674833,18.3772,18.3252,0.4001,2,5,0,0,0,2,0.0000,0.6164,0.5230,1
478,5081.236343000,18.6569,18.1652,0.5498,2,5,0,0,0,2,0.0000,0.7879,0.7035,1
479,5081.253011166,18.6098,18.5276,0.8011,2,6,0,0,0,2,0.0000,1.0830,0.9937,1
480,5081.269679250,31.5563,31.1651,10.9942,2,13,0,0,1,1,0.0000,14.3820,14.2925,1
481,5081.286347375,18.1391,18.0982,0.3819,2,5,0,0,0,2,0.0000,0.6005,0.5076,1
482,5081.303015583,17.6176,17.3659,0.4301,2,4,0,0,0,2,0.0000,0.6509,0.5714,1
483,5081.319683708,17.7978,17.7755,0.6838,2,5,0,0,0,2,0.0000,0.9419,0.8534,1
484,5081.336351875,30.9705,30.9295,10.6440,2,13,0,0,1,1,0.0000,13.9878,13.9088,1
485,5081.353019916,17.3942,17.3633,0.2758,2,4,0,0,0,2,0.0000,0.4727,0.3804,1
486,5081.369688041,17.6376,17.3215,0.4070,2,4,0,0,0,2,0.0000,0.6172,0.5304,1
487,5081.386356208,17.7265,17.6459,0.5131,2,4,0,0,0,2,0.0000,0.7427,0.6632,1
488,5081.403024416,42.2699,42.1971,21.9550,2,8,1,0,0,1,0.0000,25.3666,25.2818,1
489,5081.419692583,17.9285,17.7949,0.2849,2,4,0,0,0,2,0.0000,0.4714,0.3869,1
490,5081.436360708,18.6896,18.5763,0.4351,2,4,0,0,0,2,0.0000,0.6581,0.5725,1
491,5081.453028750,18.3162,18.2723,0.5510,2,4,0,0,0,2,0.0000,0.8019,0.7177,1
492,5081.469696833,32.0677,31.9740,10.7181,2,13,0,0,1,1,0.0000,14.2097,14.1203,1
493,5081.486365041,18.6297,18.5117,0.3860,2,5,0,0,0,2,0.0000,0.5911,0.5020,1
494,5081.503033250,18.7645,18.4998,0.5529,2,5,0,0,0,2,0.0000,0.7930,0.7080,1
495,5081.519701416,18.2557,18.1765,0.7451,2,5,0,0,0,2,0.0000,1.0206,0.9327,1
496,5081.536369375,41.6045,41.5024,21.0361,2,8,1,0,0,1,0.0000,24.3136,24.2240,1
497,5081.553037625,17.7003,17.5636,0.3512,2,5,0,0,0,2,0.0000,0.5448,0.4555,1
498,5081.569705750,18.0417,17.9575,0.5860,2,6,0,0,0,2,0.0000,0.8186,0.7280,1
499,5081.586373916,18.7717,18.6100,0.6912,2,5,0,0,0,2,0.0000,0.9508,0.8647,1
500,5081.603042041,40.8141,40.7719,20.6408,2,8,1,0,0,1,0.0000,23.9028,23.8097,1
501,5081.619710250,17.4787,17.4189,0.2742,2,4,0,0,0,2,0.0000,0.4577,0.3732,1
502,5081.636378291,18.4044,18.1755,0.5071,2,5,0,0,0,2,0.0000,0.7370,0.6403,1
503,5081.653046416,18.1445,18.0961,0.6740,2,5,0,0,0,2,0.0000,0.9350,0.8397,1
504,5081.669714583,30.7675,30.5623,9.9659,2,13,0,0,1,1,0.0000,13.2730,13.1806,1
505,5081.686382666,17.6765,17.5749,0.3178,2,4,0,0,0,2,0.0000,0.5204,0.4295,1
506,5081.703050916,18.2556,17.9072,0.5209,2,5,0,0,0,2,0.0000,0.7430,0.6608,1
507,5081.719719083,18.1905,18.1578,0.6838,2,5,0,0,0,2,0.0000,0.9432,0.8537,1
508,5081.736387041,30.1136,30.0484,9.7229,2,13,0,0,1,1,0.0000,12.9492,12.8579,1
509,5081.753055250,18.1475,18.1090,0.2890,2,4,0,0,0,2,0.0000,0.4825,0.3910,1
510,5081.769723416,18.4756,18.0351,0.4151,2,4,0,0,0,2,0.0000,0.6378,0.5434,1
511,5081.786391583,18.5293,18.1484,0.6928,2,5,0,0,0,2,0.0000,0.9535,0.8570,1
512,5081.803059666,37.2873,37.1941,16.6583,2,13,0,0,1,1,0.0000,19.9644,19.8774,1
513,5081.819727833,17.9745,17.7054,0.2930,2,4,0,0,0,2,0.0000,0.4859,0.3955,1
514,5081.836395916,19.4525,19.3913,0.5450,2,5,0,0,0,2,0.0000,0.7900,0.6945,1
515,5081.853064000,19.3783,19.2920,0.7119,2,5,0,0,0,2,0.0000,0.9862,0.8913,1
516,5081.869732166,31.2582,31.1902,10.0529,2,13,0,0,1,1,0.0000,13.2704,13.1790,1
517,5081.886400375,18.0419,17.9366,0.3540,2,5,0,0,0,2,0.0000,0.5566,0.4659,1
518,5081.903068541,18.3753,18.2873,0.6330,2,6,0,0,0,2,0.0000,0.8819,0.7870,1
519,5081.919736541,18.7230,18.6272,0.8671,2,6,0,0,0,2,0.0000,1.1563,1.0616,1
520,5081.936404708,41.8478,41.4603,20.9112,2,9,1,0,0,1,0.0000,24.1890,24.0940,1
521,5081.953072875,17.6904,17.5993,0.3450,2,4,0,0,0,2,0.0000,0.5587,0.4644,1
522,5081.969741000,18.3202,18.2258,0.6390,2,6,0,0,0,2,0.0000,0.8948,0.7996,1
523,5081.986409125,18.6847,18.4782,0.8221,2,6,0,0,0,2,0.0000,1.1250,1.0235,1
524,5082.003077333,31.6197,31.4295,10.3900,2,14,0,0,1,1,0.0000,13.7903,13.6982,1
525,5082.019745333,18.6617,18.5307,0.3810,2,5,0,0,0,2,0.0000,0.5998,0.4980,1
526,5082.036413458,19.3524,19.2369,0.6292,2,6,0,0,0,2,0.0000,0.8864,0.7904,1
527,5082.053081666,18.7229,18.7193,0.7780,2,5,0,0,0,2,0.0000,1.0755,0.9824,1
528,5082.069747166,32.1982,32.0851,10.6390,2,13,0,0,1,1,0.0000,14.0246,13.9341,1
529,5082.086417958,18.0826,18.0843,0.3538,2,4,0,0,0,2,0.0000,0.5720,0.4744,1
530,5082.103086083,18.2034,18.2048,0.6568,2,6,0,0,0,2,0.0000,0.9123,0.8211,1
531,5082.119754166,18.8240,18.7594,0.8812,2,6,0,0,0,2,0.0000,1.1838,1.0877,1
532,5082.136422291,34.6695,34.6400,14.1182,2,14,0,0,1,1,0.0000,17.4175,17.3271,1
533,5082.153090333,19.1225,19.0581,0.3617,2,4,0,0,0,2,0.0000,0.5898,0.4910,1
534,5082.169758541,19.0930,19.0611,0.5329,2,4,0,0,0,2,0.0000,0.8370,0.7079,1
535,5082.186426750,18.6247,18.3335,0.7901,2,5,0,0,0,2,0.0000,1.0945,1.0048,1
536,5082.203094708,44.7468,42.7213,21.6889,2,8,1,0,0,1,0.0000,24.9834,24.8854,1
537,5082.219762958,18.5987,18.3160,0.3378,2,4,0,0,0,2,0.0000,0.5522,0.4541,1
538,5082.236431083,18.0504,17.9855,0.5021,2,4,0,0,0,2,0.0000,0.7630,0.6688,1
539,5082.253099208,18.6691,18.5946,0.7780,2,5,0,0,0,2,0.0000,1.0684,0.9744,1
540,5082.269767291,41.3514,41.2316,20.4761,2,8,1,0,0,1,0.0000,23.8002,23.7073,1
541,5082.286435500,17.8324,17.7460,0.4210,2,5,0,0,0,2,0.0000,0.6670,0.5472,1
542,5082.303103541,18.1459,18.0735,0.5300,2,5,0,0,0,2,0.0000,0.7764,0.6854,1
543,5082.319771666,18.5737,18.5362,0.8430,2,6,0,0,0,2,0.0000,1.1367,1.0477,1
544,5082.336439875,31.1472,31.1270,10.4158,2,14,0,0,1,1,0.0000,13.7237,13.6364,1
545,5082.353108000,17.9414,17.8940,0.4191,2,5,0,0,0,2,0.0000,0.6347,0.5444,1
546,5082.369776083,18.6209,18.3140,0.6859,2,6,0,0,0,2,0.0000,0.9493,0.8558,1
547,5082.386444291,18.5424,18.5325,0.9348,2,6,0,0,0,2,0.0000,1.2647,1.1678,1
548,5082.403112333,38.8560,38.8585,18.2309,2,14,0,0,1,1,0.0000,21.6220,21.5308,1
549,5082.419780416,18.2181,18.1106,0.4299,2,5,0,0,0,2,0.0000,0.6602,0.5663,1
550,5082.436448583,18.4165,18.3381,0.6239,2,5,0,0,0,2,0.0000,0.8902,0.7966,1
551,5082.453116750,18.6021,18.6039,0.8559,2,5,0,0,0,2,0.0000,1.1755,1.0798,1
552,5082.469784875,35.9533,35.2703,15.1722,2,13,0,0,1,1,0.0000,18.6689,18.5706,1
553,5082.486452875,18.5366,18.4173,0.4230,2,5,0,0,0,2,0.0000,0.6488,0.5534,1
554,5082.503121041,17.8825,17.8617,0.6521,2,6,0,0,0,2,0.0000,0.9103,0.8212,1
555,5082.519789166,18.0250,18.0076,0.8709,2,6,0,0,0,2,0.0000,1.1890,1.0885,1
556,5082.536457333,39.9101,39.8969,19.6419,2,14,0,0,1,1,0.0000,23.1268,23.0316,1
557,5082.553125458,17.7595,17.7260,0.4122,2,5,0,0,0,2,0.0000,0.6376,0.5412,1
558,5082.569793583,18.6981,18.6161,0.7231,2,6,0,0,0,2,0.0000,1.0086,0.9027,1
559,5082.586461625,19.1540,19.1257,0.9580,2,6,0,0,0,2,0.0000,1.2933,1.1955,1
560,5082.603129750,35.1005,34.6498,12.0230,2,14,0,0,1,1,0.0000,15.7325,15.6331,1
561,5082.619797958,19.5290,18.9154,0.4687,2,6,0,0,0,2,0.0000,0.6998,0.5992,1
562,5082.636466041,19.9197,19.5805,0.7272,2,6,0,0,0,2,0.0000,1.0298,0.9127,1
563,5082.653134208,21.1648,20.5152,0.9491,2,6,0,0,0,2,0.0000,1.2736,1.1788,1
564,5082.669802416,34.5301,34.2236,12.0802,2,14,0,0,1,1,0.0000,15.7590,15.6581,1
565,5082.686470416,19.4650,19.3716,0.4289,2,5,0,0,0,2,0.0000,0.6649,0.5617,1
566,5082.703138500,18.6033,18.6053,0.6888,2,6,0,0,0,2,0.0000,0.9636,0.8660,1
567,5082.719806708,19.3588,19.0057,1.0629,2,7,0,0,0,2,0.0000,1.3825,1.2828,1
568,5082.736474833,32.3610,32.2927,11.4803,2,14,0,0,1,1,0.0000,14.9478,14.8495,1
569,5082.753142958,18.4089,18.3651,0.4210,2,5,0,0,0,2,0.0000,0.6389,0.5444,1
570,5082.769810958,18.3126,18.2788,0.7021,2,6,0,0,0,2,0.0000,0.9725,0.8737,1
571,5082.786479083,19.1092,19.0513,0.8922,2,6,0,0,0,2,0.0000,1.2186,1.1122,1
572,5082.803147291,33.7988,33.6102,11.5762,2,13,0,0,1,1,0.0000,15.1885,15.0668,1
573,5082.819815458,18.3465,18.3191,0.3839,2,4,0,0,0,2,0.0000,0.6190,0.5231,1
574,5082.836483500,17.7466,17.7490,0.5200,2,4,0,0,0,2,0.0000,0.7893,0.6964,1
575,5082.853151666,18.6601,18.6308,0.6802,2,4,0,0,0,2,0.0000,0.9945,0.9034,1
576,5082.869819708,41.3641,41.2385,20.1390,2,13,0,0,1,1,0.0000,23.6982,23.6044,1
577,5082.886487875,17.5578,17.5595,0.4468,2,5,0,0,0,2,0.0000,0.6803,0.5856,1
578,5082.903155958,19.1060,18.6251,0.7389,2,6,0,0,0,2,0.0000,1.0212,0.9245,1
579,5082.919824125,18.9057,18.8278,0.9460,2,6,0,0,0,2,0.0000,1.2788,1.1814,1
580,5082.936492291,40.3957,40.3815,19.6569,2,8,1,0,0,1,0.0000,23.1273,23.0362,1
581,5082.953160375,18.0538,17.9747,0.3660,2,4,0,0,0,2,0.0000,0.5930,0.4972,1
582,5082.969828458,18.2378,18.2425,0.6711,2,5,0,0,0,2,0.0000,0.9605,0.8667,1
583,5082.986496583,19.0835,19.0278,0.8910,2,5,0,0,0,2,0.0000,1.2206,1.1275,1
584,5083.003164666,40.9791,40.2487,19.3491,2,13,0,0,1,1,0.0000,23.0219,22.9292,1
585,5083.019832916,17.8816,17.8434,0.4332,2,5,0,0,0,2,0.0000,0.6575,0.5654,1
586,5083.036501041,18.1001,18.0557,0.7081,2,6,0,0,0,2,0.0000,0.9826,0.8898,1
587,5083.053169041,18.6286,18.5477,0.8998,2,6,0,0,0,2,0.0000,1.2200,1.1270,1
588,5083.069837125,32.2308,32.2322,11.6789,2,14,0,0,1,1,0.0000,15.1547,15.0657,1
589,5083.086505291,18.5136,18.4880,0.4470,2,5,0,0,0,2,0.0000,0.7023,0.5816,1
590,5083.103173458,18.6672,18.6405,0.7031,2,6,0,0,0,2,0.0000,0.9794,0.8880,1
591,5083.119841500,19.6839,19.6004,0.9868,2,6,0,0,0,2,0.0000,1.4536,1.2473,1
592,5083.136509750,33.3127,33.1603,12.1391,2,14,0,0,1,1,0.0000,15.9203,15.8297,1
593,5083.153177750,18.1454,17.7628,0.4361,2,5,0,0,0,2,0.0000,0.6715,0.5715,1
594,5083.169845875,19.1948,19.0848,0.7157,2,6,0,0,0,2,0.0000,0.9935,0.8955,1
595,5083.186514000,19.1960,19.0749,0.8829,2,5,0,0,0,2,0.0000,1.2224,1.1217,1
596,5083.203182125,32.3555,32.3371,11.6248,2,13,0,0,1,1,0.0000,15.0909,14.9950,1
597,5083.219850291,18.0586,17.9366,0.3710,2,4,0,0,0,2,0.0000,0.6098,0.5052,1
598,5083.236518416,19.2773,19.1170,0.5708,2,4,0,0,0,2,0.0000,0.8563,0.7574,1
599,5083.253186416,19.1455,19.0972,0.9608,2,5,0,0,0,2,0.0000,1.3054,1.2069,1
600,5083.269854541,33.7517,33.6905,11.9939,2,13,0,0,1,1,0.0000,15.6491,15.5500,1
601,5083.286522708,18.1848,18.1866,0.3779,2,4,0,0,0,2,0.0000,0.6146,0.5175,1
602,5083.303190875,18.4907,18.4327,0.6421,2,5,0,0,0,2,0.0000,0.9244,0.8243,1
603,5083.319858958,18.4615,18.4631,0.8600,2,5,0,0,0,2,0.0000,1.1787,1.0829,1
604,5083.336527000,35.8059,35.8043,15.3799,2,13,0,0,1,1,0.0000,18.7928,18.7004,1
605,5083.353195083,17.9776,17.9481,0.3681,2,4,0,0,0,2,0.0000,0.5992,0.5002,1
606,5083.369863291,18.0627,18.0647,0.7160,2,6,0,0,0,2,0.0000,0.9926,0.8918,1
607,5083.386531458,18.0890,18.0870,0.8910,2,6,0,0,0,2,0.0000,1.2013,1.1106,1
608,5083.403199375,39.7072,39.5127,18.9869,2,13,0,0,1,1,0.0000,22.4801,22.3817,1
609,5083.419867666,17.6720,17.6762,0.4258,2,5,0,0,0,2,0.0000,0.6592,0.5593,1
610,5083.436535666,18.7445,18.7283,0.6793,2,5,0,0,0,2,0.0000,0.9710,0.8758,1
611,5083.453203791,18.6475,18.6230,0.8709,2,5,0,0,0,2,0.0000,1.1926,1.0970,1
612,5083.469872000,40.1950,39.8113,19.3779,2,13,0,0,1,1,0.0000,22.9359,22.8360,1
613,5083.486540125,18.6758,18.6255,0.4518,2,5,0,0,0,2,0.0000,0.7004,0.5999,1
614,5083.503208250,18.6879,18.4859,0.7110,2,5,0,0,0,2,0.0000,1.0039,0.8915,1
615,5083.519876416,19.2785,18.9424,0.8671,2,5,0,0,0,2,0.0000,1.1878,1.0924,1
616,5083.536544375,42.6965,42.4992,20.5092,2,7,1,0,0,1,0.0000,24.1600,24.0666,1
617,5083.553212458,17.8677,17.8689,0.4458,2,5,0,0,0,2,0.0000,0.6855,0.5881,1
618,5083.569880666,18.8444,18.7611,0.6700,2,5,0,0,0,2,0.0000,0.9886,0.8928,1
619,5083.586548791,18.7465,18.6755,0.9351,2,6,0,0,0,2,0.0000,1.2614,1.1676,1
620,5083.603216958,40.6540,40.5601,19.4638,2,13,0,0,1,1,0.0000,23.0389,22.9486,1
621,5083.619884916,18.2290,18.0805,0.4370,2,5,0,0,0,2,0.0000,0.6664,0.5723,1
622,5083.636553041,18.5851,18.5158,0.7219,2,6,0,0,0,2,0.0000,0.9980,0.9042,1
623,5083.653221208,18.9831,18.9127,0.8562,2,5,0,0,0,2,0.0000,1.1778,1.0864,1
624,5083.669889333,40.4831,40.4802,19.6350,2,7,1,0,0,1,0.0000,23.1808,23.0843,1
625,5083.686557500,18.3285,18.1760,0.4373,2,5,0,0,0,2,0.0000,0.6926,0.5767,1
626,5083.703225625,18.4845,18.3229,0.6349,2,5,0,0,0,2,0.0000,0.9222,0.8232,1
627,5083.719893625,18.9452,18.9064,0.9131,2,6,0,0,0,2,0.0000,1.2393,1.1445,1
628,5083.736561833,40.6866,40.5817,19.5501,2,7,1,0,0,1,0.0000,23.0985,23.0058,1
629,5083.753229916,18.0813,18.0591,0.3691,2,4,0,0,0,2,0.0000,0.6065,0.5058,1
630,5083.769898041,18.0975,18.0537,0.5381,2,4,0,0,0,2,0.0000,0.8126,0.7207,1
631,5083.786566125,18.7054,18.6537,0.9451,2,6,0,0,0,2,0.0000,1.2752,1.1795,1
632,5083.803234291,41.6090,41.4895,20.2470,2,8,1,0,0,1,0.0000,23.8748,23.7804,1
633,5083.819902333,18.8522,18.4189,0.3810,2,4,0,0,0,2,0.0000,0.6103,0.5182,1
634,5083.836570458,18.8123,18.7038,0.7470,2,6,0,0,0,2,0.0000,1.0386,0.9348,1
635,5083.853238625,19.0691,19.0125,0.9491,2,6,0,0,0,2,0.0000,1.2807,1.1823,1
636,5083.869906708,41.1632,41.0842,19.6810,2,8,1,0,0,1,0.0000,23.1795,23.0810,1
637,5083.886574833,18.2415,18.1640,0.4420,2,5,0,0,0,2,0.0000,0.6734,0.5743,1
638,5083.903242875,18.2086,18.1140,0.6211,2,5,0,0,0,2,0.0000,0.8915,0.7963,1
639,5083.919911000,18.8367,18.7919,0.8581,2,5,0,0,0,2,0.0000,1.1810,1.0803,1
640,5083.936579166,40.4756,40.2975,19.2661,2,7,1,0,0,1,0.0000,22.7682,22.6688,1
641,5083.953247250,17.9168,17.7925,0.3769,2,4,0,0,0,2,0.0000,0.6093,0.5104,1
642,5083.969915375,18.1648,18.1290,0.5331,2,4,0,0,0,2,0.0000,0.8190,0.7174,1
643,5083.986583500,18.3863,18.3439,0.8750,2,5,0,0,0,2,0.0000,1.1975,1.1020,1
644,5084.003251583,40.4372,40.3749,19.2981,2,7,1,0,0,1,0.0000,22.7522,22.6517,1
645,5084.019919666,17.9107,17.8467,0.3643,2,4,0,0,0,2,0.0000,0.5987,0.4984,1
646,5084.036587791,18.3974,18.2828,0.6678,2,5,0,0,0,2,0.0000,0.9657,0.8575,1
647,5084.053255958,18.4340,18.3742,0.7150,2,4,0,0,0,2,0.0000,1.0454,0.9481,1
648,5084.069924000,40.2389,40.2159,19.2091,2,7,1,0,0,1,0.0000,22.6934,22.5928,1
649,5084.086592250,18.4300,18.2996,0.3760,2,4,0,0,0,2,0.0000,0.6004,0.5021,1
650,5084.103260208,18.4007,18.3562,0.5102,2,4,0,0,0,2,0.0000,0.7738,0.6797,1
651,5084.119928333,19.6980,19.6797,0.6709,2,4,0,0,0,2,0.0000,0.9793,0.8857,1
652,5084.136596458,44.4210,43.8974,22.8648,2,8,1,0,0,1,0.0000,26.3805,26.2882,1
653,5084.153264666,17.9223,17.8575,0.3512,2,4,0,0,0,2,0.0000,0.5822,0.4834,1
654,5084.169932791,18.1392,17.9485,0.5441,2,4,0,0,0,2,0.0000,0.8377,0.7286,1
655,5084.186600750,18.1617,18.1473,0.8490,2,5,0,0,0,2,0.0000,1.1685,1.0727,1
656,5084.203268916,40.6087,40.5385,19.5281,2,13,0,0,1,1,0.0000,23.1747,23.0809,1
657,5084.219937000,19.3237,19.2832,0.4299,2,4,0,0,0,2,0.0000,0.6858,0.5793,1
658,5084.236605125,19.7122,19.3081,0.5748,2,4,0,0,0,2,0.0000,0.9507,0.8162,1
659,5084.253273291,19.7919,19.3210,0.9212,2,5,0,0,0,2,0.0000,1.2654,1.1591,1
660,5084.269941416,42.0148,41.8639,19.8431,2,13,0,0,1,1,0.0000,23.4972,23.3966,1
661,5084.286609458,19.7373,19.5678,0.3960,2,4,0,0,0,2,0.0000,0.6642,0.5540,1
662,5084.303277541,18.8095,18.7026,0.7570,2,6,0,0,0,2,0.0000,1.0603,0.9519,1
663,5084.319945666,19.2168,19.1768,0.9902,2,6,0,0,0,2,0.0000,1.3419,1.2424,1
664,5084.336613833,33.6028,33.1428,12.0392,2,14,0,0,1,1,0.0000,15.7679,15.6710,1
665,5084.353281916,18.7902,18.6235,0.4520,2,5,0,0,0,2,0.0000,0.7005,0.5976,1
666,5084.369950041,18.7781,18.7765,0.7670,2,6,0,0,0,2,0.0000,1.0727,0.9688,1
667,5084.386618041,19.8996,19.7533,0.9048,2,5,0,0,0,2,0.0000,1.2390,1.1440,1
668,5084.403286208,41.6271,41.4477,19.8963,2,7,1,0,0,1,0.0000,23.6188,23.5114,1
669,5084.419954333,18.5325,18.5210,0.4182,2,4,0,0,0,2,0.0000,0.6675,0.5670,1
670,5084.436622458,19.8757,19.6415,0.7260,2,5,0,0,0,2,0.0000,1.0357,0.9275,1
671,5084.453290583,19.3052,19.3018,0.9272,2,5,0,0,0,2,0.0000,1.2877,1.1780,1
672,5084.469958625,41.2551,41.1824,19.9659,2,14,0,0,1,1,0.0000,23.5495,23.4489,1
673,5084.486626750,18.3627,18.3057,0.4520,2,5,0,0,0,2,0.0000,0.6940,0.5917,1
674,5084.503294875,18.6623,18.5156,0.7501,2,6,0,0,0,2,0.0000,1.0503,0.9427,1
675,5084.519963000,18.9267,18.7851,0.9668,2,6,0,0,0,2,0.0000,1.3084,1.2101,1
676,5084.536631083,41.8238,41.3560,20.2281,2,7,1,0,0,1,0.0000,23.8011,23.7010,1
677,5084.553299250,18.1118,18.0879,0.3722,2,4,0,0,0,2,0.0000,0.6057,0.5043,1
678,5084.569967166,18.0560,18.0573,0.5331,2,4,0,0,0,2,0.0000,0.8196,0.7187,1
679,5084.586635333,18.7452,18.7035,0.8719,2,5,0,0,0,2,0.0000,1.2059,1.1025,1
680,5084.603303541,41.6273,41.2007,19.8491,2,13,0,0,1,1,0.0000,23.4410,23.3387,1
681,5084.619971583,18.0323,18.0337,0.4392,2,5,0,0,0,2,0.0000,0.6873,0.5828,1
682,5084.636639791,18.2370,18.1595,0.5500,2,4,0,0,0,2,0.0000,0.8399,0.7376,1
683,5084.653307916,20.0653,19.9064,0.8981,2,5,0,0,0,2,0.0000,1.2423,1.1350,1
684,5084.669975875,41.8413,41.7490,19.9420,2,13,0,0,1,1,0.0000,23.6390,23.5415,1
685,5084.686644041,18.6021,18.5470,0.3858,2,4,0,0,0,2,0.0000,0.6215,0.5216,1
686,5084.703312166,18.6938,18.3893,0.6180,2,5,0,0,0,2,0.0000,0.9070,0.8044,1
687,5084.719980291,19.3345,19.2334,0.8972,2,6,0,0,0,2,0.0000,1.2232,1.1207,1
688,5084.736648416,41.4913,41.4358,19.8610,2,14,0,0,1,1,0.0000,23.5125,23.4106,1
689,5084.753316416,17.9480,17.9108,0.4411,2,5,0,0,0,2,0.0000,0.6788,0.5770,1
690,5084.769984541,18.4441,18.3808,0.7651,2,6,0,0,0,2,0.0000,1.0622,0.9567,1
691,5084.786652625,18.9691,18.7261,0.9542,2,6,0,0,0,2,0.0000,1.2997,1.1902,1
692,5084.803320833,33.0295,33.0038,11.9741,2,14,0,0,1,1,0.0000,15.5292,15.4188,1
693,5084.819988958,17.9253,17.9243,0.4539,2,5,0,0,0,2,0.0000,0.6942,0.5892,1
694,5084.836657041,18.6445,18.6181,0.7009,2,6,0,0,0,2,0.0000,0.9933,0.8887,1
695,5084.853325083,19.2855,19.2349,0.9379,2,6,0,0,0,2,0.0000,1.2648,1.1677,1
696,5084.869993166,40.9743,40.8586,19.8538,2,14,0,0,1,1,0.0000,23.4249,23.3274,1
697,5084.886661291,18.2552,18.2065,0.4442,2,5,0,0,0,2,0.0000,0.6865,0.5837,1
698,5084.903329416,18.1836,18.1755,0.6719,2,6,0,0,0,2,0.0000,0.9477,0.8470,1
699,5084.919997583,19.2470,18.9759,1.0729,2,7,0,0,0,2,0.0000,1.4086,1.3073,1
700,5084.936665666,41.6097,41.6076,20.2808,2,14,0,0,1,1,0.0000,23.9205,23.8186,1
701,5084.953333666,18.6255,18.4557,0.4108,2,5,0,0,0,2,0.0000,0.6481,0.5414,1
702,5084.970001791,19.3105,18.9501,0.7007,2,6,0,0,0,2,0.0000,0.9880,0.8844,1
703,5084.986669958,19.7415,19.4890,1.0638,2,7,0,0,0,2,0.0000,1.3921,1.2925,1
704,5085.003338041,40.4056,40.1678,19.3319,2,14,0,0,1,1,0.0000,22.8376,22.7401,1
705,5085.020006166,17.7290,17.6891,0.3619,2,4,0,0,0,2,0.0000,0.5940,0.4899,1
706,5085.036674208,18.2864,18.2218,0.6390,2,5,0,0,0,2,0.0000,0.9230,0.8266,1
707,5085.053342333,18.8993,18.7710,0.8631,2,5,0,0,0,2,0.0000,1.1900,1.0949,1
708,5085.070010458,36.4921,36.4038,15.5120,2,13,0,0,1,1,0.0000,19.0320,18.9377,1
709,5085.086678541,17.8098,17.7484,0.3932,2,5,0,0,0,2,0.0000,0.6226,0.5195,1
710,5085.103346708,18.8040,18.7086,0.6750,2,6,0,0,0,2,0.0000,0.9597,0.8548,1
711,5085.120014833,18.6759,18.5864,1.0478,2,7,0,0,0,2,0.0000,1.3708,1.2698,1
712,5085.136682791,40.4101,40.3940,19.5730,2,14,0,0,1,1,0.0000,23.1432,23.0434,1
713,5085.153350958,18.1481,18.0137,0.4063,2,5,0,0,0,2,0.0000,0.6382,0.5365,1
714,5085.170019083,17.9619,17.9361,0.7060,2,6,0,0,0,2,0.0000,0.9925,0.8894,1
715,5085.186687208,18.8687,18.6162,1.0970,2,7,0,0,0,2,0.0000,1.4521,1.3372,1
716,5085.203355333,32.9305,32.9167,12.0111,2,14,0,0,1,1,0.0000,15.5651,15.4625,1
717,5085.220023416,17.9156,17.9052,0.4382,2,5,0,0,0,2,0.0000,0.6855,0.5791,1
718,5085.236691416,18.3011,18.1143,0.7288,2,6,0,0,0,2,0.0000,1.0160,0.9139,1
719,5085.253359541,18.7159,18.4573,0.8800,2,5,0,0,0,2,0.0000,1.2195,1.1143,1
720,5085.270027750,41.0173,40.9583,20.0160,2,7,1,0,0,1,0.0000,23.6025,23.5069,1
721,5085.286695750,17.8727,17.8529,0.4148,2,5,0,0,0,2,0.0000,0.6456,0.5445,1
722,5085.303363875,18.1072,18.1037,0.6890,2,6,0,0,0,2,0.0000,0.9639,0.8669,1
723,5085.320031958,18.0625,18.0307,0.8249,2,5,0,0,0,2,0.0000,1.1466,1.0456,1
724,5085.336700041,41.3070,41.2189,20.3040,2,7,1,0,0,1,0.0000,23.9629,23.8398,1
725,5085.353368166,18.2240,18.1773,0.4032,2,5,0,0,0,2,0.0000,0.6386,0.5278,1
726,5085.370036333,18.3520,18.2859,0.6621,2,6,0,0,0,2,0.0000,0.9347,0.8392,1
727,5085.386704416,18.3707,18.2979,0.8109,2,5,0,0,0,2,0.0000,1.1320,1.0336,1
728,5085.403372583,41.3423,40.9688,20.1721,2,13,0,0,1,1,0.0000,23.7832,23.6823,1
729,5085.420040583,17.6717,17.6735,0.4001,2,5,0,0,0,2,0.0000,0.6243,0.5302,1
730,5085.436708708,18.3245,18.2681,0.6840,2,6,0,0,0,2,0.0000,0.9588,0.8565,1
731,5085.453376791,18.5050,18.4839,0.8891,2,6,0,0,0,2,0.0000,1.2061,1.1080,1
732,5085.470044916,43.7783,43.0360,21.1830,2,7,1,0,0,1,0.0000,24.9662,24.8649,1
733,5085.486713041,18.8276,18.6601,0.4292,2,5,0,0,0,2,0.0000,0.6644,0.5623,1
734,5085.503381166,18.7464,18.6212,0.6218,2,5,0,0,0,2,0.0000,0.9359,0.8165,1
735,5085.520049125,19.2243,19.1178,0.8352,2,5,0,0,0,2,0.0000,1.1532,1.0597,1
736,5085.536717250,42.1510,42.0788,20.4580,2,7,1,0,0,1,0.0000,24.1296,24.0315,1
737,5085.553385375,18.1216,18.0463,0.4139,2,5,0,0,0,2,0.0000,0.6474,0.5421,1
738,5085.570053541,18.5825,17.6734,0.6249,2,5,0,0,0,2,0.0000,0.8935,0.7973,1
739,5085.586721625,18.3831,18.2760,0.7939,2,5,0,0,0,2,0.0000,1.0974,0.9989,1
740,5085.603389666,39.6264,39.6277,19.1450,2,7,1,0,0,1,0.0000,22.5776,22.4798,1
741,5085.620057708,17.4817,17.4562,0.4199,2,5,0,0,0,2,0.0000,0.6467,0.5436,1
742,5085.636725916,18.3360,18.3176,0.6480,2,6,0,0,0,2,0.0000,0.9184,0.8160,1
743,5085.653394000,18.5118,18.1095,0.8562,2,6,0,0,0,2,0.0000,1.1684,1.0648,1
744,5085.670062125,42.5643,42.5080,20.4532,2,8,1,0,0,1,0.0000,24.2078,24.1012,1
745,5085.686730250,19.3843,18.9268,0.3793,2,4,0,0,0,2,0.0000,0.6128,0.5070,1
746,5085.703398250,19.7568,19.3737,0.6421,2,5,0,0,0,2,0.0000,0.9269,0.8189,1
747,5085.720066333,19.1004,19.0521,0.8762,2,6,0,0,0,2,0.0000,1.1953,1.0912,1
748,5085.736734458,41.4535,41.2543,19.0592,2,13,0,0,1,1,0.0000,22.7702,22.6742,1
749,5085.753402583,17.8010,17.6338,0.3171,2,4,0,0,0,2,0.0000,0.5361,0.4311,1
750,5085.770070708,18.0900,18.0324,0.4902,2,4,0,0,0,2,0.0000,0.7585,0.6520,1
751,5085.786738791,18.3153,18.2872,0.6630,2,4,0,0,0,2,0.0000,0.9739,0.8735,1
752,5085.803406875,40.1708,39.9055,18.9369,2,7,1,0,0,1,0.0000,22.4300,22.3270,1
753,5085.820075000,18.0532,18.0379,0.3440,2,4,0,0,0,2,0.0000,0.5690,0.4624,1
754,5085.836743125,17.7350,17.7385,0.4852,2,4,0,0,0,2,0.0000,0.7585,0.6468,1
755,5085.853411208,18.1531,18.1546,0.8090,2,5,0,0,0,2,0.0000,1.1312,1.0252,1
756,5085.870079291,39.6048,39.6063,18.9340,2,7,1,0,0,1,0.0000,22.4169,22.3164,1
757,5085.886747291,18.1450,17.9433,0.3211,2,4,0,0,0,2,0.0000,0.5383,0.4375,1
758,5085.903415416,18.1307,18.0792,0.4990,2,4,0,0,0,2,0.0000,0.7677,0.6677,1
759,5085.920083541,18.7450,18.5205,0.8059,2,5,0,0,0,2,0.0000,1.1125,1.0141,1
760,5085.936751625,39.5358,39.4604,18.5840,2,13,0,0,1,1,0.0000,22.0372,21.9190,1
761,5085.953419750,18.0313,17.7239,0.3390,2,4,0,0,0,2,0.0000,0.5570,0.4588,1
762,5085.970087833,18.6965,18.5731,0.4928,2,4,0,0,0,2,0.0000,0.7552,0.6558,1
763,5085.986755833,18.5527,18.4463,0.8070,2,5,0,0,0,2,0.0000,1.1220,1.0182,1
764,5086.003424000,43.7807,43.5614,22.3119,2,8,1,0,0,1,0.0000,25.8572,25.7563,1
765,5086.020092166,18.2240,18.1128,0.2980,2,4,0,0,0,2,0.0000,0.5288,0.4138,1
766,5086.036760250,17.7916,17.7930,0.4592,2,4,0,0,0,2,0.0000,0.7148,0.6106,1
767,5086.053428333,19.4473,19.2696,0.7570,2,5,0,0,0,2,0.0000,1.0615,0.9588,1
768,5086.070096458,41.4541,41.0556,19.3686,2,7,1,0,0,1,0.0000,22.9853,22.8780,1
769,5086.086764458,18.8871,18.7994,0.3052,2,4,0,0,0,2,0.0000,0.5202,0.4147,1
770,5086.103432541,18.5498,18.5093,0.4871,2,4,0,0,0,2,0.0000,0.7546,0.6417,1
771,5086.120100625,19.0022,18.9353,0.6189,2,4,0,0,0,2,0.0000,0.9128,0.8100,1
772,5086.136768791,43.5792,43.5288,22.5890,2,8,1,0,0,1,0.0000,26.0913,25.9907,1
773,5086.153436958,18.0702,17.8568,0.3159,2,4,0,0,0,2,0.0000,0.5309,0.4290,1
774,5086.170104916,18.4596,18.4330,0.4890,2,4,0,0,0,2,0.0000,0.7490,0.6460,1
775,5086.186773000,18.9013,18.8470,0.6323,2,4,0,0,0,2,0.0000,0.9387,0.8342,1
776,5086.203441166,43.2930,43.2626,22.4700,2,8,1,0,0,1,0.0000,25.9617,25.8624,1
777,5086.220109291,17.8665,17.8228,0.3231,2,4,0,0,0,2,0.0000,0.5405,0.4358,1
778,5086.236777416,18.4338,18.3310,0.4570,2,4,0,0,0,2,0.0000,0.7248,0.6019,1
779,5086.253445458,19.0230,18.9695,0.7451,2,5,0,0,0,2,0.0000,1.0428,0.9311,1
780,5086.270113541,43.7263,43.6034,22.4252,2,8,1,0,0,1,0.0000,25.9169,25.8161,1
781,5086.286781625,18.1112,18.0794,0.2959,2,4,0,0,0,2,0.0000,0.4973,0.3995,1
782,5086.303449708,17.9480,17.9045,0.4342,2,4,0,0,0,2,0.0000,0.6683,0.5711,1
783,5086.320117791,18.4250,18.3622,0.5732,2,4,0,0,0,2,0.0000,0.8485,0.7475,1
784,5086.336785958,31.3942,31.3465,10.7198,2,13,0,0,1,1,0.0000,14.1835,14.0867,1
785,5086.353454083,17.9308,17.8774,0.3192,2,4,0,0,0,2,0.0000,0.5397,0.4319,1
786,5086.370122000,18.3433,18.1002,0.4649,2,4,0,0,0,2,0.0000,0.7115,0.6120,1
787,5086.386790208,18.7883,18.7511,0.5882,2,4,0,0,0,2,0.0000,0.8794,0.7720,1
788,5086.403458291,31.6435,31.6446,10.7572,2,13,0,0,1,1,0.0000,14.2409,14.1387,1
789,5086.420126416,18.0021,17.9416,0.2720,2,4,0,0,0,2,0.0000,0.4807,0.3724,1
790,5086.436794541,18.1570,18.0849,0.4101,2,4,0,0,0,2,0.0000,0.6456,0.5427,1
791,5086.453462500,18.4139,18.3397,0.5450,2,4,0,0,0,2,0.0000,0.8120,0.7112,1
792,5086.470130625,31.2345,31.2233,10.2983,2,13,0,0,1,1,0.0000,13.7963,13.6965,1
793,5086.486798666,18.4311,18.3746,0.2408,2,3,0,0,0,2,0.0000,0.4457,0.3373,1
794,5086.503466875,19.1935,18.9894,0.4261,2,4,0,0,0,2,0.0000,0.6740,0.5616,1
795,5086.520134916,19.3162,19.1931,0.6902,2,5,0,0,0,2,0.0000,0.9673,0.8582,1
796,5086.536803083,31.7017,31.6996,10.5128,2,13,0,0,1,1,0.0000,13.9243,13.8147,1
797,5086.553471083,18.5558,18.4570,0.2770,2,4,0,0,0,2,0.0000,0.4827,0.3761,1
798,5086.570139125,18.8518,18.7533,0.4101,2,4,0,0,0,2,0.0000,0.6572,0.5440,1
799,5086.586807250,18.6316,18.6275,0.5658,2,4,0,0,0,2,0.0000,0.8587,0.7418,1
800,5086.603475375,31.5885,31.5846,10.3188,2,13,0,0,1,1,0.0000,13.8750,13.7697,1
801,5086.620143458,19.2332,19.1217,0.2160,2,3,0,0,0,2,0.0000,0.4230,0.3073,1
802,5086.636811541,19.2352,18.9480,0.4230,2,4,0,0,0,2,0.0000,0.6888,0.5604,1
803,5086.653479625,18.8478,18.4237,0.5538,2,4,0,0,0,2,0.0000,0.8422,0.7193,1
804,5086.670147625,44.1616,44.0467,22.2428,2,8,1,0,0,1,0.0000,26.0349,25.9159,1
805,5086.686815791,19.1253,18.8073,0.2849,2,4,0,0,0,2,0.0000,0.5052,0.3916,1
806,5086.703483875,19.0014,18.8607,0.4539,2,4,0,0,0,2,0.0000,0.7162,0.5994,1
807,5086.720152041,18.8264,18.4115,0.5581,2,4,0,0,0,2,0.0000,0.8372,0.7295,1
808,5086.736819958,32.4784,32.3200,10.4830,2,13,0,0,1,1,0.0000,13.9818,13.8591,1
809,5086.753488166,20.9067,20.8666,0.2992,2,4,0,0,0,2,0.0000,0.5222,0.4051,1
810,5086.770156208,20.1687,19.8693,0.4361,2,4,0,0,0,2,0.0000,0.6898,0.5725,1
811,5086.786824291,19.1578,19.0403,0.5629,2,4,0,0,0,2,0.0000,0.8419,0.7272,1
812,5086.803492500,32.0294,31.9829,10.1771,2,13,0,0,1,1,0.0000,13.6965,13.5791,1
813,5086.820160500,18.5491,18.3049,0.2789,2,4,0,0,0,2,0.0000,0.4966,0.3758,1
814,5086.836828541,18.5431,18.4720,0.4044,2,4,0,0,0,2,0.0000,0.6473,0.5329,1
815,5086.853496666,18.8707,18.6561,0.5620,2,4,0,0,0,2,0.0000,0.8413,0.7242,1
816,5086.870164750,32.2122,31.8749,10.3471,2,13,0,0,1,1,0.0000,13.8655,13.7545,1
817,5086.886832791,18.8010,18.3416,0.2968,2,4,0,0,0,2,0.0000,0.5225,0.4113,1
818,5086.903501000,18.9569,18.9481,0.4520,2,4,0,0,0,2,0.0000,0.7193,0.5987,1
819,5086.920169083,19.5520,19.5001,0.5882,2,4,0,0,0,2,0.0000,0.8935,0.7679,1
820,5086.936837125,43.8555,43.7321,21.9638,2,8,1,0,0,1,0.0000,25.5140,25.3957,1
821,5086.953505208,18.9135,18.7173,0.3219,2,4,0,0,0,2,0.0000,0.5477,0.4338,1
822,5086.970173208,19.2845,19.2051,0.4640,2,4,0,0,0,2,0.0000,0.7643,0.6264,1
823,5086.986841416,19.1982,19.1418,0.7801,2,5,0,0,0,2,0.0000,1.1085,0.9779,1
824,5087.003509541,44.1407,43.9814,22.1629,2,8,1,0,0,1,0.0000,25.7495,25.6166,1
825,5087.020177625,18.2012,18.2029,0.3161,2,4,0,0,0,2,0.0000,0.5517,0.4293,1
826,5087.036845625,18.5766,18.3160,0.4940,2,4,0,0,0,2,0.0000,0.7870,0.6524,1
827,5087.053513708,20.0813,19.9452,0.7780,2,5,0,0,0,2,0.0000,1.1173,0.9761,1
828,5087.070181833,34.6346,34.5965,12.0780,2,13,0,0,1,1,0.0000,15.9200,15.7760,1
829,5087.086849958,20.2919,19.3738,0.3448,2,4,0,0,0,2,0.0000,0.5910,0.4681,1
830,5087.103518041,21.0337,20.4471,0.4570,2,4,0,0,0,2,0.0000,0.7289,0.6060,1
831,5087.120186041,21.2603,20.7001,0.7479,2,5,0,0,0,2,0.0000,1.0654,0.9327,1
832,5087.136854125,34.1353,33.8674,10.6530,2,13,0,0,1,1,0.0000,14.4255,14.2885,1
833,5087.153522166,18.8103,18.6731,0.3138,2,4,0,0,0,2,0.0000,0.5519,0.4264,1
834,5087.170190333,19.1778,19.1646,0.4961,2,4,0,0,0,2,0.0000,0.8010,0.6523,1
835,5087.186858458,20.2842,20.2306,0.7360,2,5,0,0,0,2,0.0000,1.0405,0.9193,1
836,5087.203526541,40.6643,40.3668,17.8821,2,13,0,0,1,1,0.0000,21.5265,21.3951,1
837,5087.220194583,19.5528,19.3363,0.3400,2,4,0,0,0,2,0.0000,0.5850,0.4559,1
838,5087.236862666,19.5978,19.5590,0.4668,2,4,0,0,0,2,0.0000,0.7446,0.6161,1
839,5087.253530750,19.7922,19.7411,0.5929,2,4,0,0,0,2,0.0000,0.9055,0.7723,1
840,5087.270198833,32.2790,32.2839,10.1309,2,13,0,0,1,1,0.0000,13.6637,13.5418,1
841,5087.286866958,18.8537,18.8221,0.3860,2,5,0,0,0,2,0.0000,0.6319,0.5059,1
842,5087.303535000,19.3024,19.2616,0.5651,2,5,0,0,0,2,0.0000,0.8605,0.7327,1
843,5087.320203000,19.5640,19.5000,0.7949,2,5,0,0,0,2,0.0000,1.1388,0.9999,1
844,5087.336871166,31.4349,31.3152,9.8720,2,13,0,0,1,1,0.0000,13.2543,13.1390,1
845,5087.353539250,19.7073,19.5635,0.3159,2,4,0,0,0,2,0.0000,0.5449,0.4266,1
846,5087.370207375,19.3663,19.2447,0.4578,2,4,0,0,0,2,0.0000,0.7362,0.6047,1
847,5087.386875500,19.1714,19.0978,0.6969,2,5,0,0,0,2,0.0000,1.0023,0.8781,1
848,5087.403543208,33.4142,33.1935,9.8901,2,13,0,0,1,1,0.0000,13.4328,13.3017,1
849,5087.420211541,18.9858,18.9555,0.4361,2,5,0,0,0,2,0.0000,0.7102,0.5718,1
850,5087.436879708,19.2715,19.2173,0.5922,2,5,0,0,0,2,0.0000,0.8897,0.7651,1
851,5087.453547625,19.6880,19.6753,0.8991,2,6,0,0,0,2,0.0000,1.2498,1.1155,1
852,5087.470215916,32.7298,32.6988,10.4659,2,13,0,0,1,1,0.0000,14.0406,13.9049,1
853,5087.486884000,21.1808,20.7562,0.3560,2,4,0,0,0,2,0.0000,0.6187,0.4839,1
854,5087.503552000,19.0201,18.9347,0.5171,2,4,0,0,0,2,0.0000,0.8312,0.6897,1
855,5087.520220083,19.3798,19.3510,0.6950,2,4,0,0,0,2,0.0000,1.0579,0.9125,1
856,5087.536888250,32.0766,32.0573,10.1821,2,13,0,0,1,1,0.0000,13.8080,13.6553,1
857,5087.553556291,18.6249,18.6266,0.3579,2,4,0,0,0,2,0.0000,0.6314,0.4938,1
858,5087.570224375,20.5143,20.4311,0.6399,2,5,0,0,0,2,0.0000,0.9789,0.8251,1
859,5087.586892333,20.0039,19.9436,0.8779,2,5,0,0,0,2,0.0000,1.2583,1.1145,1
860,5087.603560500,33.3458,33.3435,11.2438,2,13,0,0,1,1,0.0000,14.9561,14.8032,1
861,5087.620228625,19.9783,19.7788,0.4570,2,5,0,0,0,2,0.0000,0.8171,0.6075,1
862,5087.636896666,19.2406,19.2122,0.7679,2,6,0,0,0,2,0.0000,1.1028,0.9677,1
863,5087.653564791,19.7673,19.5735,0.9511,2,5,0,0,0,2,0.0000,1.3335,1.2087,1
864,5087.670232916,34.6770,34.5146,12.3851,2,13,0,0,1,1,0.0000,16.2177,16.0647,1
865,5087.686900833,19.1622,19.0646,0.3881,2,4,0,0,0,2,0.0000,0.6640,0.5372,1
866,5087.703569000,19.6672,19.5626,0.7012,2,5,0,0,0,2,0.0000,1.0430,0.9026,1
867,5087.720237083,19.8135,19.6451,1.0390,2,6,0,0,0,2,0.0000,1.4262,1.2953,1
868,5087.736905208,43.0185,43.0202,20.7038,2,7,1,0,0,1,0.0000,24.6497,24.4909,1
869,5087.753573291,19.9100,19.1248,0.4139,2,4,0,0,0,2,0.0000,0.7013,0.5674,1
870,5087.770241375,19.9324,19.8950,0.7629,2,5,0,0,0,2,0.0000,1.1210,0.9820,1
871,5087.786909333,20.7133,20.4781,1.1101,2,6,0,0,0,2,0.0000,1.5383,1.3930,1
872,5087.803577500,45.7240,45.5798,21.8511,2,8,1,0,0,1,0.0000,25.8065,25.6733,1
873,5087.820245625,18.9925,18.9539,0.5281,2,5,0,0,0,2,0.0000,0.8274,0.6947,1
874,5087.836913708,19.3473,19.3099,0.8650,2,6,0,0,0,2,0.0000,1.2394,1.1048,1
875,5087.853581750,19.4708,19.3610,1.1168,2,6,0,0,0,2,0.0000,1.5317,1.3997,1
876,5087.870249708,44.3637,44.2731,22.3961,2,7,1,0,0,1,0.0000,26.3290,26.1995,1
877,5087.886917875,18.4867,18.4797,0.4220,2,4,0,0,0,2,0.0000,0.7144,0.5835,1
878,5087.903586000,19.3897,19.1885,0.6070,2,4,0,0,0,2,0.0000,0.9517,0.8243,1
879,5087.920254041,19.4822,19.3002,1.0619,2,5,0,0,0,2,0.0000,1.4924,1.3612,1
880,5087.936922208,45.0509,44.9600,22.3041,2,7,1,0,0,1,0.0000,26.3078,26.1695,1
881,5087.953590250,19.8256,19.5440,0.4320,2,4,0,0,0,2,0.0000,0.7407,0.6048,1
882,5087.970258250,19.9297,19.7618,0.7222,2,5,0,0,0,2,0.0000,1.0764,0.9486,1
883,5087.986926333,19.2736,19.2753,1.0340,2,5,0,0,0,2,0.0000,1.4584,1.3227,1
884,5088.003594458,40.0005,39.9990,18.4071,2,6,1,0,0,1,0.0000,22.3900,22.2486,1
885,5088.020262583,19.1202,19.0829,0.5329,2,5,0,0,0,2,0.0000,0.8292,0.6975,1
886,5088.036930666,19.7822,19.6860,0.8509,2,6,0,0,0,2,0.0000,1.2057,1.0768,1
887,5088.053598708,20.7347,20.4283,1.1501,2,6,0,0,0,2,0.0000,1.5722,1.4387,1
888,5088.070266708,41.2534,41.1134,18.7030,2,7,1,0,0,1,0.0000,22.6988,22.5771,1
889,5088.086934791,18.4912,18.4954,0.4318,2,4,0,0,0,2,0.0000,0.7302,0.6021,1
890,5088.103602916,18.8083,18.7128,0.7441,2,5,0,0,0,2,0.0000,1.0975,0.9654,1
891,5088.120271041,19.2348,19.1605,1.0340,2,5,0,0,0,2,0.0000,1.4479,1.3192,1
892,5088.136939125,44.6706,44.5312,22.5029,2,7,1,0,0,1,0.0000,26.4925,26.3701,1
893,5088.153607083,18.9177,18.9193,0.5178,2,5,0,0,0,2,0.0000,0.8076,0.6800,1
894,5088.170275208,18.9619,18.9649,0.8481,2,6,0,0,0,2,0.0000,1.2233,1.0875,1
895,5088.186943291,19.3527,19.3490,1.0960,2,6,0,0,0,2,0.0000,1.5237,1.3818,1
896,5088.203611375,42.8737,42.8299,21.1201,2,7,1,0,0,1,0.0000,25.1019,24.9663,1
897,5088.220279541,19.0927,19.0273,0.4029,2,4,0,0,0,2,0.0000,0.6965,0.5612,1
898,5088.236947583,19.1735,19.1583,0.7961,2,6,0,0,0,2,0.0000,1.1402,1.0132,1
899,5088.253615541,19.7947,19.7960,1.0808,2,6,0,0,0,2,0.0000,1.4952,1.3618,1
900,5088.270283666,41.4695,41.4153,18.5459,2,7,1,0,0,1,0.0000,22.6520,22.5212,1
901,5088.286951708,20.2207,20.1136,0.4501,2,4,0,0,0,2,0.0000,0.8344,0.6205,1
902,5088.303619875,20.0820,19.9585,0.7350,2,5,0,0,0,2,0.0000,1.0858,0.9515,1
903,5088.320288000,19.5708,19.5677,0.9167,2,5,0,0,0,2,0.0000,1.3006,1.1731,1
904,5088.336955833,43.5006,43.4912,21.8041,2,7,1,0,0,1,0.0000,25.7577,25.6295,1
905,5088.353624000,18.5578,18.4763,0.3602,2,4,0,0,0,2,0.0000,0.6217,0.4942,1
906,5088.370292125,18.4809,18.4074,0.5209,2,4,0,0,0,2,0.0000,0.8260,0.7007,1
907,5088.386960208,19.0346,18.9951,0.8130,2,5,0,0,0,2,0.0000,1.1447,1.0311,1
908,5088.403628333,34.7051,34.5532,12.9898,2,13,0,0,1,1,0.0000,16.8374,16.7297,1
909,5088.420296416,18.1082,18.0745,0.2961,2,4,0,0,0,2,0.0000,0.5062,0.4048,1
910,5088.436964375,18.4962,18.3893,0.4590,2,4,0,0,0,2,0.0000,0.7185,0.6113,1
911,5088.453632458,18.7226,18.6692,0.7169,2,5,0,0,0,2,0.0000,0.9978,0.8988,1
912,5088.470300541,33.7264,33.6825,12.4519,2,13,0,0,1,1,0.0000,16.2147,16.1192,1
913,5088.486968625,18.2812,18.2144,0.2820,2,4,0,0,0,2,0.0000,0.4798,0.3866,1
914,5088.503636791,18.9531,18.9053,0.4430,2,4,0,0,0,2,0.0000,0.6856,0.5894,1
915,5088.520304916,19.7015,19.5597,0.7031,2,5,0,0,0,2,0.0000,0.9828,0.8836,1
916,5088.536972833,35.7760,35.2641,13.0630,2,13,0,0,1,1,0.0000,17.0878,16.9860,1
917,5088.553640916,17.6332,17.5391,0.2890,2,4,0,0,0,2,0.0000,0.4822,0.3956,1
918,5088.570309041,18.6149,18.5192,0.4392,2,4,0,0,0,2,0.0000,0.6781,0.5914,1
919,5088.586977083,18.4964,18.4195,0.6821,2,5,0,0,0,2,0.0000,0.9411,0.8543,1
920,5088.603645208,33.5060,33.4360,11.9538,2,13,0,0,1,1,0.0000,15.7178,15.6288,1
921,5088.620313291,18.3193,18.1845,0.2820,2,4,0,0,0,2,0.0000,0.4862,0.4002,1
922,5088.636981291,17.9238,17.8168,0.4392,2,4,0,0,0,2,0.0000,0.6667,0.5805,1
923,5088.653649375,18.2317,17.9447,0.5269,2,4,0,0,0,2,0.0000,0.7640,0.6855,1
924,5088.670317416,32.3747,32.3483,11.7428,2,13,0,0,1,1,0.0000,15.3891,15.3113,1
925,5088.686985541,17.4956,17.0517,0.2661,2,4,0,0,0,2,0.0000,0.4305,0.3563,1
926,5088.703653666,17.7832,17.3581,0.4120,2,4,0,0,0,2,0.0000,0.6205,0.5392,1
927,5088.720321625,18.4388,18.3695,0.5162,2,4,0,0,0,2,0.0000,0.7365,0.6575,1
928,5088.736989750,32.8560,32.7071,11.1310,2,13,0,0,1,1,0.0000,14.7412,14.6608,1
929,5088.753657791,18.4540,18.3985,0.2840,2,4,0,0,0,2,0.0000,0.4588,0.3805,1
930,5088.770325958,18.0917,18.0472,0.3889,2,4,0,0,0,2,0.0000,0.6005,0.5093,1
931,5088.786993958,18.2825,18.2110,0.4990,2,4,0,0,0,2,0.0000,0.7217,0.6457,1
932,5088.803662125,33.8373,33.5341,11.7400,2,13,0,0,1,1,0.0000,15.4771,15.3915,1
933,5088.820330041,19.3422,19.1491,0.2890,2,4,0,0,0,2,0.0000,0.4768,0.3886,1
934,5088.836998166,19.3107,19.0674,0.4282,2,4,0,0,0,2,0.0000,0.6460,0.5561,1
935,5088.853666291,18.6066,18.6093,0.5159,2,4,0,0,0,2,0.0000,0.7480,0.6645,1
936,5088.870334375,32.4621,32.3994,10.8659,2,13,0,0,1,1,0.0000,14.5694,14.4860,1
937,5088.887002416,18.2748,18.2767,0.2460,2,4,0,0,0,2,0.0000,0.4076,0.3354,1
938,5088.903670458,17.7990,17.7887,0.4091,2,4,0,0,0,2,0.0000,0.6255,0.5371,1
939,5088.920338500,21.1711,20.2423,0.6301,2,5,0,0,0,2,0.0000,0.9495,0.8006,1
940,5088.937006625,34.6072,33.6248,10.5238,2,13,0,0,1,1,0.0000,14.0473,13.9648,1
941,5088.953674708,18.6987,18.3846,0.2892,2,4,0,0,0,2,0.0000,0.4670,0.3857,1
942,5088.970342791,18.5125,18.4363,0.3822,2,4,0,0,0,2,0.0000,0.5771,0.5008,1
943,5088.987010833,23.1045,22.9208,0.5929,2,5,0,0,0,2,0.0000,0.8072,0.7324,1
944,5089.003678875,31.0376,30.9554,10.0231,2,13,0,0,1,1,0.0000,13.4695,13.3971,1
945,5089.020346916,18.6855,18.3682,0.4220,2,6,0,0,0,2,0.0000,0.6204,0.5347,1
946,5089.037015041,18.1705,18.1262,0.4511,2,5,0,0,0,2,0.0000,0.6523,0.5768,1
947,5089.053683041,18.4253,18.3688,0.5341,2,4,0,0,0,2,0.0000,0.7593,0.6870,1
948,5089.070351166,31.2368,31.1091,9.9750,2,13,0,0,1,1,0.0000,13.2692,13.1879,1
949,5089.087019291,18.0627,18.0295,0.3362,2,5,0,0,0,2,0.0000,0.5147,0.4368,1
950,5089.103687291,19.6327,19.3885,0.4668,2,5,0,0,0,2,0.0000,0.6737,0.5947,1
951,5089.120355375,18.4208,18.3683,0.5782,2,5,0,0,0,2,0.0000,0.8156,0.7351,1
952,5089.137023458,30.8948,30.7545,9.6669,2,14,0,0,1,1,0.0000,12.9634,12.8832,1
953,5089.153691541,17.8953,17.8567,0.3600,2,5,0,0,0,2,0.0000,0.5591,0.4722,1
954,5089.170359625,18.1235,18.1132,0.4802,2,5,0,0,0,2,0.0000,0.6931,0.6098,1
955,5089.187027708,18.4607,18.4130,0.7012,2,6,0,0,0,2,0.0000,0.9559,0.8726,1
956,5089.203695666,30.5057,30.4447,9.5198,2,13,0,0,1,1,0.0000,12.7082,12.6235,1
957,5089.220363750,19.2065,19.0892,0.3090,2,4,0,0,0,2,0.0000,0.5019,0.4160,1
958,5089.237031875,18.1876,18.0105,0.4299,2,4,0,0,0,2,0.0000,0.6445,0.5617,1
959,5089.253699916,18.1857,18.0613,0.6492,2,5,0,0,0,2,0.0000,0.8894,0.8028,1
960,5089.270368000,30.0725,29.9916,9.2847,2,13,0,0,1,1,0.0000,12.4955,12.4044,1
961,5089.287036000,17.8580,17.7732,0.3769,2,5,0,0,0,2,0.0000,0.5686,0.4865,1
962,5089.303704125,18.3627,17.9302,0.5081,2,5,0,0,0,2,0.0000,0.7360,0.6475,1
963,5089.320372166,17.7336,17.6837,0.6461,2,5,0,0,0,2,0.0000,0.8878,0.8028,1
964,5089.337040291,29.5198,29.4952,9.2618,2,13,0,0,1,1,0.0000,12.4010,12.3164,1
965,5089.353708416,17.4822,17.4646,0.3028,2,4,0,0,0,2,0.0000,0.5073,0.4171,1
966,5089.370376416,17.2782,17.2794,0.4301,2,4,0,0,0,2,0.0000,0.6596,0.5652,1
967,5089.387044375,18.1047,18.0326,0.5841,2,4,0,0,0,2,0.0000,0.8500,0.7570,1
968,5089.403712541,37.2294,37.0831,16.4390,2,13,0,0,1,1,0.0000,19.7758,19.6844,1
969,5089.420380625,18.7884,18.6399,0.4098,2,5,0,0,0,2,0.0000,0.6352,0.5371,1
970,5089.437048708,18.3661,18.3576,0.5300,2,5,0,0,0,2,0.0000,0.7751,0.6809,1
971,5089.453716750,20.4432,20.1259,0.7110,2,5,0,0,0,2,0.0000,0.9914,0.8939,1
972,5089.470384875,29.8530,29.6261,9.4709,2,13,0,0,1,1,0.0000,12.6682,12.5726,1
973,5089.487052791,17.7734,17.6993,0.3371,2,4,0,0,0,2,0.0000,0.5504,0.4549,1
974,5089.503720916,18.0767,18.0250,0.5050,2,4,0,0,0,2,0.0000,0.7600,0.6601,1
975,5089.520388833,18.3128,18.1878,0.6099,2,4,0,0,0,2,0.0000,0.8981,0.8025,1
976,5089.537057083,29.8975,29.8846,9.4621,2,13,0,0,1,1,0.0000,12.6421,12.5485,1
977,5089.553725166,17.7697,17.7529,0.4408,2,5,0,0,0,2,0.0000,0.6743,0.5710,1
978,5089.570393166,18.3362,18.1573,0.5631,2,5,0,0,0,2,0.0000,0.8240,0.7273,1
979,5089.587061250,18.3593,18.3338,0.8500,2,6,0,0,0,2,0.0000,1.1469,1.0489,1
980,5089.603729333,36.6243,36.5464,16.0623,2,14,0,0,1,1,0.0000,19.2610,19.1598,1
981,5089.620397416,17.6473,17.6101,0.4382,2,5,0,0,0,2,0.0000,0.6700,0.5698,1
982,5089.637065500,18.2794,18.1451,0.6840,2,6,0,0,0,2,0.0000,0.9600,0.8591,1
983,5089.653733583,18.4152,18.2729,0.8960,2,6,0,0,0,2,0.0000,1.2081,1.1099,1
984,5089.670401541,37.4791,37.4806,17.1471,2,14,0,0,1,1,0.0000,20.4493,20.3511,1
985,5089.687069625,18.9145,18.4384,0.4432,2,5,0,0,0,2,0.0000,0.6826,0.5780,1
986,5089.703737708,18.3495,18.3512,0.6890,2,6,0,0,0,2,0.0000,0.9715,0.8677,1
987,5089.720405791,19.2031,18.5053,0.9208,2,6,0,0,0,2,0.0000,1.2418,1.1449,1
988,5089.737073833,39.2255,39.0183,17.9121,2,14,0,0,1,1,0.0000,21.2340,21.1324,1
989,5089.753741916,17.7820,17.7267,0.3591,2,4,0,0,0,2,0.0000,0.6007,0.4999,1
990,5089.770409916,18.4174,18.4192,0.5448,2,4,0,0,0,2,0.0000,0.8417,0.7395,1
991,5089.787078000,18.3562,18.3525,0.8597,2,5,0,0,0,2,0.0000,1.1981,1.0936,1
992,5089.803746125,32.5003,32.4758,11.4169,2,13,0,0,1,1,0.0000,14.8910,14.7836,1
993,5089.820414166,17.8511,17.6782,0.4251,2,5,0,0,0,2,0.0000,0.6555,0.5558,1
994,5089.837082250,18.0801,18.0272,0.6709,2,5,0,0,0,2,0.0000,0.9568,0.8541,1
995,5089.853750250,18.8516,18.3142,0.8819,2,5,0,0,0,2,0.0000,1.2149,1.1095,1
996,5089.870418291,31.6635,31.6327,11.0049,2,13,0,0,1,1,0.0000,14.3805,14.2800,1
997,5089.887086458,17.6007,17.5716,0.3490,2,4,0,0,0,2,0.0000,0.5842,0.4820,1
998,5089.903754416,18.5475,18.4758,0.5639,2,4,0,0,0,2,0.0000,0.8642,0.7564,1
999,5089.920422541,18.7238,18.6058,0.8528,2,5,0,0,0,2,0.0000,1.1903,1.0811,1
1000,5089.937090625,39.5303,39.4957,18.5680,2,14,0,0,1,1,0.0000,21.9776,21.8677,1
1001,5089.953758583,17.9934,17.9946,0.3691,2,4,0,0,0,2,0.0000,0.6217,0.5038,1
1002,5089.970426708,19.1859,19.0490,0.6618,2,5,0,0,0,2,0.0000,0.9546,0.8501,1
1003,5089.987094750,20.5034,20.2330,0.9618,2,6,0,0,0,2,0.0000,1.3155,1.2079,1
1004,5090.003762875,40.5292,40.4988,19.1729,2,13,0,0,1,1,0.0000,22.7076,22.6005,1
1005,5090.020430958,18.4118,18.4172,0.4971,2,5,0,0,0,2,0.0000,0.7597,0.6445,1
1006,5090.037099000,19.2307,19.0445,0.7651,2,6,0,0,0,2,0.0000,1.0739,0.9652,1
1007,5090.053767000,18.7240,18.7254,1.0021,2,6,0,0,0,2,0.0000,1.3532,1.2481,1
1008,5090.070435041,42.3939,42.1820,19.7458,2,7,1,0,0,1,0.0000,23.5402,23.4343,1
1009,5090.087103166,19.7810,19.5960,0.4890,2,5,0,0,0,2,0.0000,0.7611,0.6417,1
1010,5090.103771208,19.4333,19.0915,0.8590,2,6,0,0,0,2,0.0000,1.1839,1.0685,1
1011,5090.120439333,19.2351,19.1459,1.0500,2,6,0,0,0,2,0.0000,1.4163,1.3114,1
1012,5090.137107250,41.7235,41.7033,20.3650,2,14,0,0,1,1,0.0000,24.0023,23.8733,1
1013,5090.153775375,18.2316,18.2335,0.4818,2,5,0,0,0,2,0.0000,0.7430,0.6355,1
1014,5090.170443291,18.4139,18.4183,0.8330,2,6,0,0,0,2,0.0000,1.1570,1.0523,1
1015,5090.187111541,19.3210,19.2670,1.2608,2,7,0,0,0,2,0.0000,1.6406,1.5300,1
1016,5090.203779666,42.4891,42.3659,21.1201,2,8,1,0,0,1,0.0000,24.7285,24.6218,1
1017,5090.220447666,18.5366,18.3837,0.4818,2,5,0,0,0,2,0.0000,0.7473,0.6381,1
1018,5090.237115708,18.7150,18.7168,0.8221,2,6,0,0,0,2,0.0000,1.1441,1.0323,1
1019,5090.253783708,19.1419,19.0997,1.2598,2,7,0,0,0,2,0.0000,1.6486,1.5302,1
1020,5090.270451833,41.8736,41.6403,20.1099,2,8,1,0,0,1,0.0000,23.8506,23.7363,1
1021,5090.287119875,18.1265,18.0473,0.4692,2,5,0,0,0,2,0.0000,0.7281,0.6235,1
1022,5090.303788000,18.7165,18.6658,0.7908,2,6,0,0,0,2,0.0000,1.1051,1.0044,1
1023,5090.320456041,18.8457,18.8131,1.1959,2,7,0,0,0,2,0.0000,1.5657,1.4589,1
1024,5090.337124000,33.5151,33.5122,12.8052,2,14,0,0,1,1,0.0000,16.4782,16.3741,1
1025,5090.353792125,18.0849,18.0691,0.4787,2,5,0,0,0,2,0.0000,0.7432,0.6288,1
1026,5090.370460208,18.5342,18.4913,0.7842,2,6,0,0,0,2,0.0000,1.0914,0.9887,1
1027,5090.387128208,18.7581,18.7593,1.2109,2,7,0,0,0,2,0.0000,1.5734,1.4677,1
1028,5090.403796375,33.5963,33.4458,12.6750,2,14,0,0,1,1,0.0000,16.3623,16.2581,1
1029,5090.420464250,18.2304,18.1848,0.4549,2,5,0,0,0,2,0.0000,0.7059,0.5998,1
1030,5090.437132333,18.8570,18.7625,0.7811,2,6,0,0,0,2,0.0000,1.1489,1.0012,1
1031,5090.453800458,18.8765,18.6809,0.9899,2,6,0,0,0,2,0.0000,1.3371,1.2385,1
1032,5090.470468541,33.5055,33.2441,12.4521,2,13,0,0,1,1,0.0000,16.1226,16.0268,1
1033,5090.487136625,18.2844,17.9210,0.4399,2,5,0,0,0,2,0.0000,0.6866,0.5900,1
1034,5090.503804708,17.7259,17.7276,0.5350,2,4,0,0,0,2,0.0000,0.8240,0.7255,1
1035,5090.520472666,18.8366,18.7667,0.8969,2,5,0,0,0,2,0.0000,1.2348,1.1374,1
1036,5090.537140791,43.3242,43.2129,20.5863,2,7,1,0,0,1,0.0000,25.5186,25.4190,1
1037,5090.553808833,18.6775,18.5123,0.3457,2,4,0,0,0,2,0.0000,0.5775,0.4766,1
1038,5090.570476625,18.4952,18.4325,0.5200,2,4,0,0,0,2,0.0000,0.7917,0.6995,1
1039,5090.587144916,18.8158,18.7999,0.6511,2,4,0,0,0,2,0.0000,0.9521,0.8589,1
1040,5090.603813125,41.6852,41.5112,20.8390,2,7,1,0,0,1,0.0000,24.5627,24.4666,1
1041,5090.620481041,18.0933,18.0451,0.2756,2,3,0,0,0,2,0.0000,0.4824,0.3960,1
1042,5090.637149083,17.7461,17.6060,0.4687,2,4,0,0,0,2,0.0000,0.7175,0.6264,1
1043,5090.653817166,17.8376,17.8065,0.7288,2,5,0,0,0,2,0.0000,1.0030,0.9176,1
1044,5090.670485291,41.6143,41.5341,20.9241,2,7,1,0,0,1,0.0000,24.5826,24.4950,1
1045,5090.687153375,17.8764,17.4317,0.3011,2,4,0,0,0,2,0.0000,0.5005,0.4054,1
1046,5090.703821458,17.6807,17.6530,0.4699,2,4,0,0,0,2,0.0000,0.7114,0.6200,1
1047,5090.720489416,17.7552,17.6680,0.7040,2,5,0,0,0,2,0.0000,0.9654,0.8827,1
1048,5090.737157458,40.2077,40.1685,19.8281,2,7,1,0,0,1,0.0000,23.4598,23.3780,1
1049,5090.753825541,17.2063,17.1610,0.2959,2,4,0,0,0,2,0.0000,0.4925,0.4065,1
1050,5090.770493625,17.7351,17.6554,0.5577,2,5,0,0,0,2,0.0000,0.7975,0.7115,1
1051,5090.787161708,17.8025,17.7064,0.7703,2,5,0,0,0,2,0.0000,1.0742,0.9806,1
1052,5090.803829708,40.7684,40.7399,20.6091,2,7,1,0,0,1,0.0000,24.2220,24.1432,1
1053,5090.820497750,17.2789,17.2337,0.2983,2,4,0,0,0,2,0.0000,0.4957,0.4068,1
1054,5090.837165791,17.4858,17.3955,0.4327,2,4,0,0,0,2,0.0000,0.6646,0.5793,1
1055,5090.853833875,17.8480,17.8373,0.5951,2,4,0,0,0,2,0.0000,0.8666,0.7782,1
1056,5090.870502000,32.7915,32.4138,12.0370,2,13,0,0,1,1,0.0000,15.6529,15.5755,1
1057,5090.887170041,16.6005,16.4050,0.2851,2,4,0,0,0,2,0.0000,0.4728,0.3910,1
1058,5090.903838000,17.5940,17.4997,0.4253,2,4,0,0,0,2,0.0000,0.6560,0.5710,1
1059,5090.920506041,18.0837,18.0362,0.7331,2,5,0,0,0,2,0.0000,1.0093,0.9197,1
1060,5090.937174125,32.3202,32.2613,11.6651,2,13,0,0,1,1,0.0000,15.2370,15.1514,1
1061,5090.953842208,17.3995,17.2316,0.2999,2,4,0,0,0,2,0.0000,0.5006,0.4108,1
1062,5090.970510333,17.7896,17.4339,0.4599,2,4,0,0,0,2,0.0000,0.7009,0.6111,1
1063,5090.987178208,17.9138,17.7448,0.5801,2,4,0,0,0,2,0.0000,0.8503,0.7628,1
1064,5091.003846375,31.5934,31.5947,11.5020,2,13,0,0,1,1,0.0000,15.0121,14.9243,1
1065,5091.020514375,17.7867,17.7348,0.2911,2,4,0,0,0,2,0.0000,0.4933,0.3993,1
1066,5091.037182458,17.6286,17.5390,0.4420,2,4,0,0,0,2,0.0000,0.6840,0.5946,1
1067,5091.053850583,17.9968,17.9433,0.6177,2,4,0,0,0,2,0.0000,0.9019,0.8094,1
1068,5091.070518666,31.3152,31.2740,11.1327,2,13,0,0,1,1,0.0000,14.6230,14.5380,1
1069,5091.087186583,17.4396,17.3783,0.2630,2,4,0,0,0,2,0.0000,0.4546,0.3640,1
1070,5091.103854583,18.2780,18.0383,0.4420,2,4,0,0,0,2,0.0000,0.6792,0.5855,1
1071,5091.120522708,19.3645,19.0331,0.7210,2,5,0,0,0,2,0.0000,1.0023,0.9055,1
1072,5091.137190708,32.2008,32.1547,11.1670,2,13,0,0,1,1,0.0000,14.7248,14.6330,1
1073,5091.153858875,18.1620,17.9698,0.3810,2,5,0,0,0,2,0.0000,0.5875,0.4938,1
1074,5091.170526958,17.7600,17.7617,0.4699,2,4,0,0,0,2,0.0000,0.7145,0.6213,1
1075,5091.187194875,17.9433,17.9067,0.7181,2,5,0,0,0,2,0.0000,0.9919,0.9004,1
1076,5091.203863000,41.7017,41.4949,21.2619,2,8,1,0,0,1,0.0000,24.6280,24.5283,1
1077,5091.220531083,17.7883,17.6619,0.3119,2,4,0,0,0,2,0.0000,0.5173,0.4224,1
1078,5091.237199125,17.9930,17.8011,0.4718,2,4,0,0,0,2,0.0000,0.7141,0.6166,1
1079,5091.253867250,19.4663,19.2814,0.7040,2,5,0,0,0,2,0.0000,0.9722,0.8798,1
1080,5091.270535125,31.3022,31.1920,10.0350,2,13,0,0,1,1,0.0000,13.3033,13.2065,1
1081,5091.287203208,17.7063,17.6335,0.2999,2,4,0,0,0,2,0.0000,0.5028,0.4051,1
1082,5091.303871291,18.3071,18.1500,0.4401,2,4,0,0,0,2,0.0000,0.6720,0.5763,1
1083,5091.320539375,19.2600,19.1735,0.5832,2,4,0,0,0,2,0.0000,0.8510,0.7535,1
1084,5091.337207416,41.4563,41.3912,20.3090,2,8,1,0,0,1,0.0000,23.5656,23.4631,1
1085,5091.353875500,18.2759,18.2058,0.2961,2,4,0,0,0,2,0.0000,0.4943,0.3975,1
1086,5091.370543458,18.1896,18.1579,0.4141,2,4,0,0,0,2,0.0000,0.6368,0.5448,1
1087,5091.387211541,18.1687,17.9433,0.5240,2,4,0,0,0,2,0.0000,0.7761,0.6833,1
1088,5091.403879666,30.4373,30.1716,9.5990,2,13,0,0,1,1,0.0000,12.8442,12.7508,1
1089,5091.420547708,17.7160,17.6283,0.2673,2,4,0,0,0,2,0.0000,0.4588,0.3590,1
1090,5091.437215750,17.8649,17.8523,0.3841,2,4,0,0,0,2,0.0000,0.5945,0.5027,1
1091,5091.453883750,17.7535,17.7533,0.4859,2,4,0,0,0,2,0.0000,0.7202,0.6263,1
1092,5091.470551708,29.6590,29.6576,9.4047,2,13,0,0,1,1,0.0000,12.6291,12.5315,1
1093,5091.487219875,17.3362,17.3057,0.2441,2,4,0,0,0,2,0.0000,0.4219,0.3299,1
1094,5091.503887916,17.7967,17.6774,0.4001,2,4,0,0,0,2,0.0000,0.6264,0.5191,1
1095,5091.520556041,18.5145,18.4081,0.4759,2,4,0,0,0,2,0.0000,0.7119,0.6142,1
1096,5091.537224083,31.0168,30.9385,9.3942,2,13,0,0,1,1,0.0000,12.6822,12.5868,1
1097,5091.553892041,18.0344,18.0090,0.2441,2,4,0,0,0,2,0.0000,0.4227,0.3315,1
1098,5091.570560083,18.2186,18.0356,0.3722,2,4,0,0,0,2,0.0000,0.5820,0.4830,1
1099,5091.587228166,18.2682,18.2190,0.5000,2,4,0,0,0,2,0.0000,0.7470,0.6423,1
1100,5091.603896208,29.6411,29.4204,9.0289,2,13,0,0,1,1,0.0000,12.2688,12.1747,1
1101,5091.620564291,17.9186,17.8910,0.2530,2,4,0,0,0,2,0.0000,0.4340,0.3390,1
1102,5091.637232375,17.8896,17.8060,0.3550,2,4,0,0,0,2,0.0000,0.5503,0.4622,1
1103,5091.653900291,18.1417,18.0984,0.4523,2,4,0,0,0,2,0.0000,0.6736,0.5819,1
1104,5091.670568375,29.8405,29.7996,8.9829,2,13,0,0,1,1,0.0000,12.2895,12.1958,1
1105,5091.687236458,18.7946,18.4857,0.2577,2,4,0,0,0,2,0.0000,0.4520,0.3483,1
1106,5091.703904541,18.8323,18.6797,0.3951,2,4,0,0,0,2,0.0000,0.6461,0.5130,1
1107,5091.720572583,18.8950,18.7235,0.5088,2,4,0,0,0,2,0.0000,0.7558,0.6570,1
1108,5091.737240666,30.4836,30.3978,9.0978,2,13,0,0,1,1,0.0000,12.3796,12.2739,1
1109,5091.753908625,18.2270,17.9467,0.2530,2,4,0,0,0,2,0.0000,0.4375,0.3376,1
1110,5091.770576666,18.4065,18.2645,0.3560,2,4,0,0,0,2,0.0000,0.5538,0.4631,1
1111,5091.787244750,18.3745,18.3585,0.4959,2,4,0,0,0,2,0.0000,0.7295,0.6327,1
1112,5091.803912833,29.6103,29.6096,8.8150,2,13,0,0,1,1,0.0000,12.0656,11.9633,1
1113,5091.820580875,18.5360,18.3393,0.2539,2,4,0,0,0,2,0.0000,0.4554,0.3442,1
1114,5091.837248875,18.2093,18.1340,0.3660,2,4,0,0,0,2,0.0000,0.5813,0.4829,1
1115,5091.853916875,18.5987,18.5046,0.4978,2,4,0,0,0,2,0.0000,0.7493,0.6473,1
1116,5091.870584958,29.5684,29.5551,8.8141,2,13,0,0,1,1,0.0000,11.9617,11.8630,1
1117,5091.887253041,18.6275,18.3168,0.2842,2,4,0,0,0,2,0.0000,0.4816,0.3777,1
1118,5091.903921125,18.8820,18.6713,0.4127,2,4,0,0,0,2,0.0000,0.6378,0.5363,1
1119,5091.920589166,19.2771,19.1524,0.5050,2,4,0,0,0,2,0.0000,0.7493,0.6511,1
1120,5091.937257083,30.3373,30.3046,8.9822,2,13,0,0,1,1,0.0000,12.2416,12.1408,1
1121,5091.953925166,18.2377,17.5423,0.2429,2,4,0,0,0,2,0.0000,0.4232,0.3203,1
1122,5091.970593208,18.0282,18.0096,0.3462,2,4,0,0,0,2,0.0000,0.5446,0.4463,1
1123,5091.987261333,18.1671,18.1270,0.4618,2,4,0,0,0,2,0.0000,0.7143,0.5980,1
1124,5092.003929333,28.5517,28.5258,8.6339,2,13,0,0,1,1,0.0000,11.7886,11.6964,1
1125,5092.020597458,18.5804,18.5179,0.2398,2,4,0,0,0,2,0.0000,0.4166,0.3245,1
1126,5092.037265458,19.0317,18.9631,0.3819,2,4,0,0,0,2,0.0000,0.5970,0.4966,1
1127,5092.053933416,20.4830,20.3146,0.5069,2,4,0,0,0,2,0.0000,0.7529,0.6503,1
1128,5092.070601541,32.3370,31.9051,9.2828,2,13,0,0,1,1,0.0000,12.7330,12.6294,1
1129,5092.087269583,20.1288,19.7980,0.2930,2,4,0,0,0,2,0.0000,0.4835,0.3859,1
1130,5092.103937666,20.0520,18.4253,0.3850,2,4,0,0,0,2,0.0000,0.6032,0.4999,1
1131,5092.120605583,20.1233,19.4795,0.6440,2,4,0,0,0,2,0.0000,0.9192,0.8150,1
1132,5092.137273708,43.3098,43.2552,21.9641,2,9,1,0,0,1,0.0000,25.2129,25.1097,1
1133,5092.153941708,18.4243,18.3474,0.2358,2,4,0,0,0,2,0.0000,0.4180,0.3174,1
1134,5092.170609750,18.4184,18.3429,0.3700,2,4,0,0,0,2,0.0000,0.5810,0.4755,1
1135,5092.187277916,18.4842,18.4859,0.4947,2,4,0,0,0,2,0.0000,0.7395,0.6323,1
1136,5092.203945916,30.6956,30.3042,8.8069,2,13,0,0,1,1,0.0000,12.0288,11.9190,1
1137,5092.220613833,17.9212,17.8492,0.2570,2,4,0,0,0,2,0.0000,0.4682,0.3474,1
1138,5092.237281958,19.3989,19.3267,0.3870,2,4,0,0,0,2,0.0000,0.6084,0.5040,1
1139,5092.253949958,18.0743,18.0437,0.5250,2,4,0,0,0,2,0.0000,0.7771,0.6709,1
1140,5092.270618125,30.9590,30.9471,9.2671,2,13,0,0,1,1,0.0000,12.7318,12.6218,1
1141,5092.287286166,17.6942,17.6682,0.2561,2,4,0,0,0,2,0.0000,0.4592,0.3450,1
1142,5092.303954208,18.6987,18.6776,0.3879,2,4,0,0,0,2,0.0000,0.6169,0.5046,1
1143,5092.320622125,18.7945,18.5265,0.6440,2,5,0,0,0,2,0.0000,0.9065,0.7943,1
1144,5092.337290250,36.4433,36.3575,15.6200,2,13,0,0,1,1,0.0000,18.9065,18.7983,1
1145,5092.353958208,18.4540,18.2801,0.2732,2,4,0,0,0,2,0.0000,0.4777,0.3665,1
1146,5092.370626333,18.5544,18.2785,0.5157,2,5,0,0,0,2,0.0000,0.7605,0.6499,1
1147,5092.387294458,19.0918,18.9616,0.6628,2,5,0,0,0,2,0.0000,0.9337,0.8253,1
1148,5092.403962333,41.1416,41.0872,19.6071,2,8,1,0,0,1,0.0000,22.9493,22.8513,1
1149,5092.420630416,18.2587,18.2500,0.2801,2,4,0,0,0,2,0.0000,0.4869,0.3801,1
1150,5092.437298458,19.0518,18.5004,0.4001,2,4,0,0,0,2,0.0000,0.6447,0.5331,1
1151,5092.453966500,18.2455,18.2409,0.5143,2,4,0,0,0,2,0.0000,0.7744,0.6713,1
1152,5092.470634583,40.5625,40.2315,19.6700,2,8,1,0,0,1,0.0000,22.9776,22.8733,1
1153,5092.487302625,18.4917,18.4734,0.2451,2,4,0,0,0,2,0.0000,0.4184,0.3241,1
1154,5092.503970583,19.3878,19.1128,0.3500,2,4,0,0,0,2,0.0000,0.5176,0.4416,1
1155,5092.520638666,18.8910,18.6986,0.3901,2,4,0,0,0,2,0.0000,0.5616,0.4960,1
1156,5092.537306750,30.1939,29.7593,9.3150,2,13,0,0,1,1,0.0000,12.5581,12.4885,1
1157,5092.553974791,18.5363,18.4022,0.1912,2,4,0,0,0,2,0.0000,0.3269,0.2563,1
1158,5092.570642791,18.0540,18.0555,0.2902,2,4,0,0,0,2,0.0000,0.4378,0.3638,1
1159,5092.587310875,17.8564,17.8137,0.3340,2,4,0,0,0,2,0.0000,0.4838,0.4171,1
1160,5092.603978833,28.9061,28.6839,8.8198,2,13,0,0,1,1,0.0000,11.9914,11.9200,1
1161,5092.620646916,28.7092,28.6670,8.5309,2,13,0,0,1,1,0.0000,11.6038,11.5288,1
1162,5092.637314958,17.7355,17.6789,0.1869,2,4,0,0,0,2,0.0000,0.3291,0.2527,1
1163,5092.653982958,17.2366,17.2380,0.2799,2,4,0,0,0,2,0.0000,0.4324,0.3599,1
1164,5092.670651125,35.0834,35.0282,14.8692,2,13,0,0,1,1,0.0000,18.0210,17.9515,1
1165,5092.687319125,17.6357,17.4823,0.1850,2,4,0,0,0,2,0.0000,0.3221,0.2487,1
1166,5092.703987083,17.8448,17.7878,0.2592,2,4,0,0,0,2,0.0000,0.3932,0.3284,1
1167,5092.720655125,17.6497,17.5075,0.3643,2,4,0,0,0,2,0.0000,0.5376,0.4537,1
1168,5092.737323208,28.6460,28.6052,8.8770,2,13,0,0,1,1,0.0000,12.1209,12.0370,1
1169,5092.753991208,17.0941,17.0955,0.1621,2,4,0,0,0,2,0.0000,0.2868,0.2159,1
1170,5092.770659333,28.6515,28.6530,8.7121,2,13,0,0,1,1,0.0000,11.8858,11.8067,1
1171,5092.787327291,17.4097,17.3917,0.1519,2,3,0,0,0,2,0.0000,0.2922,0.2112,1
1172,5092.803995333,17.6495,17.5424,0.3040,2,4,0,0,0,2,0.0000,0.4623,0.3854,1
1173,5092.820663416,30.0554,29.9767,9.0020,2,13,0,0,1,1,0.0000,12.2709,12.1866,1
1174,5092.837331458,17.8341,17.5362,0.1512,2,3,0,0,0,2,0.0000,0.2965,0.2174,1
1175,5092.853999541,42.4885,42.1792,21.6429,2,9,1,0,0,1,0.0000,24.8198,24.7383,1
1176,5092.870667583,17.8758,17.7096,0.1950,2,4,0,0,0,2,0.0000,0.3423,0.2564,1
1177,5092.887335458,42.7425,42.7281,22.7783,2,10,1,0,0,1,0.0000,25.7361,25.6553,1
1178,5092.904003625,27.4308,27.3617,7.0770,2,13,0,0,1,1,0.0000,9.8789,9.8030,1
1179,5092.920671583,17.7203,17.6791,0.1528,2,3,0,0,0,2,0.0000,0.2849,0.2060,1
1180,5092.937339666,27.1357,27.0712,7.3540,2,13,0,0,1,1,0.0000,10.1091,10.0353,1
1181,5092.954007750,17.7840,17.6590,0.2120,2,4,0,0,0,2,0.0000,0.3530,0.2793,1
1182,5092.970675750,17.6963,17.1796,0.3359,2,4,0,0,0,2,0.0000,0.5011,0.4237,1
1183,5092.987343750,17.5612,17.5062,0.4227,2,4,0,0,0,2,0.0000,0.6133,0.5316,1
1184,5093.004011833,27.7427,27.6777,7.8838,2,13,0,0,1,1,0.0000,10.7002,10.6202,1
1185,5093.020679875,17.2973,17.1760,0.2012,2,4,0,0,0,2,0.0000,0.3540,0.2693,1
1186,5093.037348000,17.4832,17.4419,0.3400,2,4,0,0,0,2,0.0000,0.5150,0.4322,1
1187,5093.054016041,17.7685,17.7045,0.4232,2,4,0,0,0,2,0.0000,0.6098,0.5308,1
1188,5093.070683916,28.2929,28.1870,8.2998,2,13,0,0,1,1,0.0000,11.1797,11.1144,1
1189,5093.087351958,40.5967,40.4690,20.9079,2,13,0,0,1,1,0.0000,23.8188,23.7476,1
1190,5093.104020083,17.4777,17.4032,0.2007,2,3,0,0,0,2,0.0000,0.3537,0.2737,1
1191,5093.120688125,17.6352,17.5772,0.3250,2,4,0,0,0,2,0.0000,0.4858,0.4201,1
1192,5093.137356166,17.9246,17.7954,0.4590,2,4,0,0,0,2,0.0000,0.6522,0.5815,1
1193,5093.154024291,41.8100,41.7240,22.0299,2,9,1,0,0,1,0.0000,25.0673,24.9987,1
1194,5093.170692208,21.4118,18.3973,0.3219,2,5,0,0,0,2,0.0000,0.4862,0.4170,1
1195,5093.187360250,17.7891,17.5945,0.4148,2,4,0,0,0,2,0.0000,0.6145,0.5392,1
1196,5093.204028333,17.7637,17.6828,0.6490,2,5,0,0,0,2,0.0000,0.8732,0.8053,1
1197,5093.220696375,42.2742,42.2053,22.4531,2,9,1,0,0,1,0.0000,25.4721,25.3968,1
1198,5093.237364458,17.1853,17.1383,0.2933,2,4,0,0,0,2,0.0000,0.4750,0.3934,1
1199,5093.254032375,17.6634,17.6103,0.4349,2,4,0,0,0,2,0.0000,0.6359,0.5659,1
1200,5093.270700458,17.7517,17.6452,0.5438,2,4,0,0,0,2,0.0000,0.7751,0.7034,1
1201,5093.287368500,42.2618,42.1875,21.5139,2,9,1,0,0,1,0.0000,24.5345,24.4518,1
1202,5093.304036541,17.6298,17.4553,0.2322,2,4,0,0,0,2,0.0000,0.3848,0.3132,1
1203,5093.320704583,17.6769,17.6464,0.3428,2,4,0,0,0,2,0.0000,0.5186,0.4512,1
1204,5093.337372708,17.6073,17.6043,0.4621,2,4,0,0,0,2,0.0000,0.6609,0.5895,1
1205,5093.354040500,29.0438,28.9930,8.9140,2,13,0,0,1,1,0.0000,11.8445,11.7748,1
1206,5093.370708666,17.4175,17.1899,0.1848,2,3,0,0,0,2,0.0000,0.3305,0.2533,1
1207,5093.387376708,19.1593,18.5979,0.3180,2,4,0,0,0,2,0.0000,0.4833,0.4035,1
1208,5093.404044791,18.9138,18.8325,0.4041,2,4,0,0,0,2,0.0000,0.5881,0.5126,1
1209,5093.420712875,29.8008,29.6495,9.0110,2,13,0,0,1,1,0.0000,12.0235,11.9523,1
1210,5093.437380875,29.7380,29.5917,8.8360,2,13,0,0,1,1,0.0000,11.8182,11.7430,1
1211,5093.454048875,17.6680,17.5772,0.1879,2,3,0,0,0,2,0.0000,0.3324,0.2568,1
1212,5093.470716958,18.1450,18.0299,0.3319,2,4,0,0,0,2,0.0000,0.4953,0.4191,1
1213,5093.487384916,17.8160,17.6847,0.4470,2,4,0,0,0,2,0.0000,0.6317,0.5577,1
1214,5093.504053000,41.5598,41.4265,21.2722,2,9,1,0,0,1,0.0000,24.3020,24.2347,1
1215,5093.520721083,17.0931,17.0768,0.2239,2,4,0,0,0,2,0.0000,0.3631,0.2966,1
1216,5093.537389041,17.4423,17.4020,0.3679,2,4,0,0,0,2,0.0000,0.5459,0.4709,1
1217,5093.554057083,17.4301,17.4079,0.4129,2,4,0,0,0,2,0.0000,0.5901,0.5190,1
1218,5093.570725166,40.1821,40.0928,20.1931,2,9,1,0,0,1,0.0000,23.1055,23.0395,1
1219,5093.587393250,18.0428,17.8648,0.2089,2,4,0,0,0,2,0.0000,0.3442,0.2742,1
1220,5093.604061250,17.4174,17.3075,0.2859,2,4,0,0,0,2,0.0000,0.4370,0.3641,1
1221,5093.620729250,18.1362,17.9892,0.3929,2,4,0,0,0,2,0.0000,0.5656,0.4893,1
1222,5093.637397250,40.5929,39.9837,20.3397,2,9,1,0,0,1,0.0000,23.2420,23.1738,1
1223,5093.654065333,17.2644,17.2417,0.2320,2,4,0,0,0,2,0.0000,0.3822,0.3085,1
1224,5093.670733375,17.7059,17.6361,0.3231,2,4,0,0,0,2,0.0000,0.4916,0.4129,1
1225,5093.687401416,17.3248,17.3228,0.4301,2,4,0,0,0,2,0.0000,0.6256,0.5421,1
1226,5093.704069458,27.6415,27.5796,7.7729,2,13,0,0,1,1,0.0000,10.6840,10.6125,1
1227,5093.720737541,17.2350,17.1365,0.2227,2,4,0,0,0,2,0.0000,0.3713,0.2973,1
1228,5093.737405541,17.2655,17.2065,0.3152,2,4,0,0,0,2,0.0000,0.4757,0.4017,1
1229,5093.754073541,17.2182,16.5827,0.4520,2,4,0,0,0,2,0.0000,0.6418,0.5642,1
1230,5093.770741583,27.4831,27.4232,7.5912,2,13,0,0,1,1,0.0000,10.4533,10.3677,1
1231,5093.787409708,28.0895,27.8602,7.6659,2,13,0,0,1,1,0.0000,10.5082,10.4314,1
1232,5093.804077708,17.2016,17.1615,0.1669,2,3,0,0,0,2,0.0000,0.2981,0.2235,1
1233,5093.820745666,17.3116,16.6054,0.2720,2,4,0,0,0,2,0.0000,0.4205,0.3461,1
1234,5093.837413708,17.5334,17.5257,0.4051,2,4,0,0,0,2,0.0000,0.5815,0.5040,1
1235,5093.854081791,27.3063,27.2937,7.5710,2,13,0,0,1,1,0.0000,10.4578,10.3764,1
1236,5093.870749875,17.0444,17.0484,0.1998,2,4,0,0,0,2,0.0000,0.3548,0.2650,1
1237,5093.887417875,17.4042,17.3938,0.2933,2,4,0,0,0,2,0.0000,0.4550,0.3758,1
1238,5093.904086000,17.6007,17.5133,0.4010,2,4,0,0,0,2,0.0000,0.5886,0.5059,1
1239,5093.920753875,28.0248,27.9596,7.5881,2,13,0,0,1,1,0.0000,10.4538,10.3758,1
1240,5093.937422000,17.5278,17.4898,0.2069,2,4,0,0,0,2,0.0000,0.3536,0.2688,1
1241,5093.954090000,17.7215,17.6789,0.2871,2,4,0,0,0,2,0.0000,0.4452,0.3649,1
1242,5093.970758041,17.1508,17.1471,0.3660,2,4,0,0,0,2,0.0000,0.5402,0.4643,1
1243,5093.987426125,28.1529,27.6386,7.6499,2,13,0,0,1,1,0.0000,10.5953,10.5127,1
1244,5094.004094208,17.8670,17.8439,0.2120,2,4,0,0,0,2,0.0000,0.3622,0.2801,1
1245,5094.020762125,17.9396,17.8512,0.3321,2,4,0,0,0,2,0.0000,0.5082,0.4215,1
1246,5094.037430208,18.1445,17.7186,0.4430,2,4,0,0,0,2,0.0000,0.6399,0.5581,1
1247,5094.054098166,27.9515,27.9530,7.8630,2,13,0,0,1,1,0.0000,10.8717,10.7680,1
1248,5094.070766291,17.9117,17.2991,0.2050,2,4,0,0,0,2,0.0000,0.3511,0.2680,1
1249,5094.087434333,17.6078,17.4914,0.3240,2,4,0,0,0,2,0.0000,0.4902,0.4064,1
1250,5094.104102291,17.9266,17.8381,0.4222,2,4,0,0,0,2,0.0000,0.6212,0.5289,1
1251,5094.120770333,33.2984,33.2667,13.2749,2,13,0,0,1,1,0.0000,16.1891,16.1097,1
1252,5094.137438458,18.1891,17.9632,0.2701,2,4,0,0,0,2,0.0000,0.4707,0.3439,1
1253,5094.154106458,18.4503,18.2766,0.3512,2,4,0,0,0,2,0.0000,0.5577,0.4612,1
1254,5094.170774541,19.0003,18.2905,0.4578,2,4,0,0,0,2,0.0000,0.6535,0.5628,1
1255,5094.187442583,42.5956,42.1607,21.2641,2,9,1,0,0,1,0.0000,24.5273,24.4211,1
1256,5094.204110541,19.2149,18.0477,0.2341,2,4,0,0,0,2,0.0000,0.4334,0.3090,1
1257,5094.220778583,18.1772,18.0331,0.3581,2,4,0,0,0,2,0.0000,0.5493,0.4552,1
1258,5094.237446625,19.4393,19.2208,0.4692,2,4,0,0,0,2,0.0000,0.7186,0.5895,1
1259,5094.254114708,29.7724,29.5617,8.3568,2,13,0,0,1,1,0.0000,11.4473,11.3551,1
1260,5094.270782750,19.0036,18.7413,0.2530,2,4,0,0,0,2,0.0000,0.4265,0.3305,1
1261,5094.287450833,18.7243,18.4761,0.3483,2,4,0,0,0,2,0.0000,0.5402,0.4430,1
1262,5094.304118750,18.0365,17.9451,0.4358,2,4,0,0,0,2,0.0000,0.6490,0.5518,1
1263,5094.320786791,27.6645,27.6411,7.7307,2,13,0,0,1,1,0.0000,10.6910,10.5984,1
1264,5094.337454875,17.8948,17.8715,0.2248,2,4,0,0,0,2,0.0000,0.3931,0.2947,1
1265,5094.354122958,18.3766,18.1187,0.3262,2,4,0,0,0,2,0.0000,0.5139,0.4192,1
1266,5094.370790958,18.1373,18.1135,0.4680,2,4,0,0,0,2,0.0000,0.6767,0.5865,1
1267,5094.387458916,27.9466,27.9301,7.8869,2,13,0,0,1,1,0.0000,10.7674,10.6822,1
1268,5094.404126958,17.2654,17.2676,0.2041,2,4,0,0,0,2,0.0000,0.3579,0.2702,1
1269,5094.420795083,17.7794,17.5441,0.3090,2,4,0,0,0,2,0.0000,0.4769,0.3913,1
1270,5094.437463125,17.6131,17.6005,0.4239,2,4,0,0,0,2,0.0000,0.6165,0.5310,1
1271,5094.454130916,28.0602,28.0289,7.9882,2,13,0,0,1,1,0.0000,10.9477,10.8625,1
1272,5094.470799250,17.4354,17.3909,0.2291,2,4,0,0,0,2,0.0000,0.3948,0.3006,1
1273,5094.487467125,18.0773,17.9976,0.3209,2,4,0,0,0,2,0.0000,0.4976,0.4087,1
1274,5094.504135208,17.4327,17.4093,0.4232,2,4,0,0,0,2,0.0000,0.6178,0.5342,1
1275,5094.520803250,28.2693,28.2315,8.0121,2,13,0,0,1,1,0.0000,11.0170,10.9267,1
1276,5094.537471333,17.6388,17.5941,0.2329,2,4,0,0,0,2,0.0000,0.4000,0.3091,1
1277,5094.554139375,18.1728,18.0385,0.3483,2,4,0,0,0,2,0.0000,0.5388,0.4466,1
1278,5094.570807458,18.0060,17.9478,0.4249,2,4,0,0,0,2,0.0000,0.6337,0.5400,1
1279,5094.587475333,28.4326,28.3186,8.0760,2,13,0,0,1,1,0.0000,11.1587,11.0715,1
1280,5094.604143375,17.6729,17.6525,0.2508,2,4,0,0,0,2,0.0000,0.4191,0.3302,1
1281,5094.620811458,18.3928,18.2590,0.3953,2,4,0,0,0,2,0.0000,0.6020,0.5065,1
1282,5094.637479541,18.0945,18.0288,0.4692,2,4,0,0,0,2,0.0000,0.6887,0.5974,1
1283,5094.654147541,29.8329,29.6235,8.5490,2,13,0,0,1,1,0.0000,11.7966,11.7086,1
1284,5094.670815500,18.6262,18.5207,0.2749,2,4,0,0,0,2,0.0000,0.4604,0.3653,1
1285,5094.687483583,18.4899,18.2806,0.3939,2,4,0,0,0,2,0.0000,0.6101,0.5141,1
1286,5094.704151666,17.9042,17.9061,0.4621,2,4,0,0,0,2,0.0000,0.6811,0.5921,1
1287,5094.720819666,28.5240,28.3851,8.3110,2,13,0,0,1,1,0.0000,11.3935,11.3056,1
1288,5094.737487791,17.8935,17.8544,0.2661,2,4,0,0,0,2,0.0000,0.4409,0.3531,1
1289,5094.754155791,17.5172,17.2913,0.3707,2,4,0,0,0,2,0.0000,0.5644,0.4760,1
1290,5094.770823708,18.5259,18.2957,0.4561,2,4,0,0,0,2,0.0000,0.6720,0.5827,1
1291,5094.787491833,41.3216,41.2958,21.1020,2,9,1,0,0,1,0.0000,24.3200,24.2365,1
1292,5094.804159791,17.8452,17.7415,0.2501,2,4,0,0,0,2,0.0000,0.4234,0.3371,1
1293,5094.820827916,17.7808,17.6508,0.3440,2,4,0,0,0,2,0.0000,0.5383,0.4519,1
1294,5094.837496000,17.6918,17.6220,0.4649,2,4,0,0,0,2,0.0000,0.6851,0.5932,1
1295,5094.854164000,41.4766,41.4435,20.8299,2,9,1,0,0,1,0.0000,23.9383,23.8520,1
1296,5094.870831916,17.3818,17.3203,0.2251,2,4,0,0,0,2,0.0000,0.3876,0.3051,1
1297,5094.887500000,17.8222,17.7660,0.3500,2,4,0,0,0,2,0.0000,0.5393,0.4547,1
1298,5094.904168041,18.1875,18.1300,0.4530,2,4,0,0,0,2,0.0000,0.6696,0.5857,1
1299,5094.920836125,35.6865,35.3549,14.8010,2,13,0,0,1,1,0.0000,18.0059,17.9200,1
1300,5094.937504208,17.3537,17.3384,0.2589,2,4,0,0,0,2,0.0000,0.4403,0.3541,1
1301,5094.954172250,18.0404,17.7363,0.3889,2,4,0,0,0,2,0.0000,0.5898,0.5065,1
1302,5094.970840166,17.6723,17.6160,0.4601,2,4,0,0,0,2,0.0000,0.6794,0.5933,1
1303,5094.987508166,29.2710,29.1231,8.6861,2,13,0,0,1,1,0.0000,11.8294,11.7493,1
1304,5095.004176291,18.6088,18.5720,0.2468,2,4,0,0,0,2,0.0000,0.4125,0.3356,1
1305,5095.020844333,18.3585,18.2538,0.3910,2,4,0,0,0,2,0.0000,0.5996,0.5113,1
1306,5095.037512375,18.1000,17.8003,0.4981,2,4,0,0,0,2,0.0000,0.7179,0.6354,1
1307,5095.054180333,35.8296,35.7122,15.0840,2,13,0,0,1,1,0.0000,18.3535,18.2674,1
1308,5095.070848375,17.5230,17.3479,0.2809,2,4,0,0,0,2,0.0000,0.4695,0.3805,1
1309,5095.087516416,17.8974,17.8643,0.3500,2,4,0,0,0,2,0.0000,0.5297,0.4564,1
1310,5095.104184500,18.2927,18.0504,0.4530,2,4,0,0,0,2,0.0000,0.6604,0.5808,1
1311,5095.120852583,42.4983,42.4659,22.3093,2,9,1,0,0,1,0.0000,25.5674,25.4933,1
1312,5095.137520625,17.9486,17.7264,0.2401,2,4,0,0,0,2,0.0000,0.4022,0.3237,1
1313,5095.154188541,17.4234,17.3941,0.3350,2,4,0,0,0,2,0.0000,0.5210,0.4362,1
1314,5095.170856625,17.7362,17.5495,0.4258,2,4,0,0,0,2,0.0000,0.6269,0.5504,1
1315,5095.187524666,35.9175,35.2237,15.5652,2,13,0,0,1,1,0.0000,18.8502,18.7692,1
1316,5095.204192708,17.8212,17.7620,0.4141,2,6,0,0,0,2,0.0000,0.6272,0.5315,1
1317,5095.220860750,18.3460,18.0711,0.4752,2,5,0,0,0,2,0.0000,0.6988,0.6118,1
1318,5095.237528625,18.4459,18.4186,0.5610,2,4,0,0,0,2,0.0000,0.8281,0.7288,1
1319,5095.254196750,37.9250,37.8296,16.4990,2,13,0,0,1,1,0.0000,19.9405,19.8393,1
1320,5095.270864791,19.1803,19.0603,0.3951,2,5,0,0,0,2,0.0000,0.6142,0.5160,1
1321,5095.287532833,18.3547,17.5502,0.4430,2,4,0,0,0,2,0.0000,0.6905,0.5926,1
1322,5095.304200916,18.5060,18.3989,0.5760,2,4,0,0,0,2,0.0000,0.8650,0.7608,1
1323,5095.320869041,36.7735,36.7324,15.8370,2,13,0,0,1,1,0.0000,19.1690,19.0664,1
1324,5095.337536916,18.1095,18.0362,0.3748,2,5,0,0,0,2,0.0000,0.6003,0.4968,1
1325,5095.354205000,18.5510,18.1801,0.4482,2,4,0,0,0,2,0.0000,0.6989,0.5945,1
1326,5095.370873083,18.4991,18.4743,0.5631,2,4,0,0,0,2,0.0000,0.8385,0.7392,1
1327,5095.387541125,43.5740,43.2062,22.6991,2,9,1,0,0,1,0.0000,25.9959,25.8892,1
1328,5095.404209083,17.9005,17.7240,0.3808,2,5,0,0,0,2,0.0000,0.6022,0.4991,1
1329,5095.420877208,18.3402,18.2384,0.5040,2,5,0,0,0,2,0.0000,0.7542,0.6567,1
1330,5095.437545083,18.3162,18.0985,0.7370,2,5,0,0,0,2,0.0000,1.0278,0.9242,1
1331,5095.454213166,40.8792,40.6104,20.0362,2,8,1,0,0,1,0.0000,23.2909,23.1909,1
1332,5095.470881208,17.9658,17.8797,0.2973,2,4,0,0,0,2,0.0000,0.5193,0.4116,1
1333,5095.487549166,18.5349,18.4619,0.4532,2,4,0,0,0,2,0.0000,0.7000,0.5994,1
1334,5095.504217291,18.8606,18.6700,0.6871,2,5,0,0,0,2,0.0000,0.9625,0.8645,1
1335,5095.520885291,42.9514,42.8381,22.6870,2,9,1,0,0,1,0.0000,25.9825,25.8835,1
1336,5095.537553375,17.9194,17.7737,0.2959,2,4,0,0,0,2,0.0000,0.4980,0.4029,1
1337,5095.554221375,18.9406,18.7313,0.4618,2,4,0,0,0,2,0.0000,0.7231,0.6240,1
1338,5095.570889458,19.0077,18.9086,0.6967,2,5,0,0,0,2,0.0000,0.9768,0.8775,1
1339,5095.587557541,29.8148,29.6925,9.2838,2,13,0,0,1,1,0.0000,12.5090,12.4144,1
1340,5095.604225583,17.7932,17.6358,0.2892,2,4,0,0,0,2,0.0000,0.4860,0.3920,1
1341,5095.620893458,17.8631,17.7873,0.3819,2,4,0,0,0,2,0.0000,0.5921,0.5044,1
1342,5095.637561541,18.3948,18.3118,0.5491,2,4,0,0,0,2,0.0000,0.8137,0.7172,1
1343,5095.654229625,36.3646,36.2018,15.5187,2,13,0,0,1,1,0.0000,18.7359,18.6434,1
1344,5095.670897625,17.4404,17.3180,0.2482,2,4,0,0,0,2,0.0000,0.4241,0.3367,1
1345,5095.687565750,17.5875,17.5513,0.4010,2,4,0,0,0,2,0.0000,0.6185,0.5274,1
1346,5095.704233791,18.0044,17.8822,0.4668,2,4,0,0,0,2,0.0000,0.6890,0.6042,1
1347,5095.720901708,42.4630,42.4242,22.0542,2,9,1,0,0,1,0.0000,25.2468,25.1552,1
1348,5095.737569750,17.7185,17.5989,0.2418,2,4,0,0,0,2,0.0000,0.4128,0.3285,1
1349,5095.754237791,17.9380,17.9177,0.3531,2,4,0,0,0,2,0.0000,0.5495,0.4643,1
1350,5095.770905875,18.8638,18.7985,0.4439,2,4,0,0,0,2,0.0000,0.6553,0.5726,1
1351,5095.787573916,40.5341,40.5352,19.6660,2,8,1,0,0,1,0.0000,23.0572,22.9664,1
1352,5095.804241833,17.9991,17.8091,0.2770,2,4,0,0,0,2,0.0000,0.4670,0.3748,1
1353,5095.820909916,18.6858,18.5626,0.3979,2,4,0,0,0,2,0.0000,0.6321,0.5314,1
1354,5095.837577916,18.0197,17.9549,0.4890,2,4,0,0,0,2,0.0000,0.7283,0.6354,1
1355,5095.854246000,30.8946,30.7765,9.3789,2,13,0,0,1,1,0.0000,12.6967,12.6038,1
1356,5095.870914041,18.4355,18.3714,0.2389,2,4,0,0,0,2,0.0000,0.4220,0.3288,1
1357,5095.887582125,18.5334,18.4953,0.3970,2,4,0,0,0,2,0.0000,0.6204,0.5216,1
1358,5095.904250000,19.9274,19.8775,0.4990,2,4,0,0,0,2,0.0000,0.7475,0.6434,1
1359,5095.920918083,32.5411,31.8413,9.1329,2,13,0,0,1,1,0.0000,12.4579,12.3572,1
1360,5095.937586166,19.1522,18.6405,0.2639,2,4,0,0,0,2,0.0000,0.4560,0.3508,1
1361,5095.954254208,18.6737,18.4411,0.3538,2,4,0,0,0,2,0.0000,0.5552,0.4549,1
1362,5095.970922250,18.2083,18.0632,0.4351,2,4,0,0,0,2,0.0000,0.6597,0.5624,1
1363,5095.987590333,29.5520,29.5110,8.9009,2,13,0,0,1,1,0.0000,12.1555,12.0560,1
1364,5096.004258291,17.8258,17.7554,0.2048,2,4,0,0,0,2,0.0000,0.3836,0.2796,1
1365,5096.020926291,18.1144,18.0422,0.3033,2,4,0,0,0,2,0.0000,0.5069,0.3979,1
1366,5096.037594333,18.3490,18.2691,0.4210,2,4,0,0,0,2,0.0000,0.6451,0.5337,1
1367,5096.054262458,29.0508,28.9647,8.2509,2,13,0,0,1,1,0.0000,11.4294,11.3121,1
1368,5096.070930416,18.3428,18.2246,0.2811,2,4,0,0,0,2,0.0000,0.4851,0.3698,1
1369,5096.087598416,18.4752,18.4016,0.3703,2,4,0,0,0,2,0.0000,0.5955,0.4787,1
1370,5096.104266416,18.0126,18.0140,0.4528,2,4,0,0,0,2,0.0000,0.6936,0.5780,1
1371,5096.120934458,28.9590,28.7914,8.2481,2,13,0,0,1,1,0.0000,11.4650,11.3514,1
1372,5096.137602541,18.4039,18.3004,0.2327,2,4,0,0,0,2,0.0000,0.4284,0.3128,1
1373,5096.154270541,18.6332,18.5660,0.3347,2,4,0,0,0,2,0.0000,0.5453,0.4387,1
1374,5096.170938666,18.6573,18.5810,0.4551,2,4,0,0,0,2,0.0000,0.7017,0.5876,1
1375,5096.187606583,30.4844,30.2456,8.7490,2,13,0,0,1,1,0.0000,12.0717,11.9286,1
1376,5096.204274541,19.6252,19.3310,0.2410,2,4,0,0,0,2,0.0000,0.4334,0.3225,1
1377,5096.220942666,19.5320,19.2575,0.3490,2,4,0,0,0,2,0.0000,0.5640,0.4501,1
1378,5096.237610708,19.8468,19.4704,0.4423,2,4,0,0,0,2,0.0000,0.6776,0.5721,1
1379,5096.254278791,36.0413,36.0432,14.7469,2,13,0,0,1,1,0.0000,18.2173,18.1080,1
1380,5096.270946791,18.9805,18.8721,0.2799,2,4,0,0,0,2,0.0000,0.4843,0.3647,1
1381,5096.287614750,17.8564,17.8585,0.4351,2,5,0,0,0,2,0.0000,0.6569,0.5419,1
1382,5096.304282833,17.8467,17.8510,0.5732,2,5,0,0,0,2,0.0000,0.8163,0.7047,1
1383,5096.320950833,37.6947,37.6937,17.2501,2,13,0,0,1,1,0.0000,20.5361,20.4262,1
1384,5096.337618958,17.7485,17.7452,0.2463,2,4,0,0,0,2,0.0000,0.4386,0.3284,1
1385,5096.354287000,18.7708,18.7574,0.3638,2,4,0,0,0,2,0.0000,0.5829,0.4703,1
1386,5096.370950375,18.7707,18.7199,0.5360,2,4,0,0,0,2,0.0000,0.8071,0.6831,1
1387,5096.387622958,42.9214,42.8283,21.2772,2,9,1,0,0,1,0.0000,24.4916,24.3707,1
1388,5096.404291000,18.8607,18.3253,0.3171,2,4,0,0,0,2,0.0000,0.5236,0.4066,1
1389,5096.420959125,18.8080,18.7663,0.3822,2,4,0,0,0,2,0.0000,0.5990,0.4918,1
1390,5096.437627166,18.6594,18.4370,0.4790,2,4,0,0,0,2,0.0000,0.7226,0.6127,1
1391,5096.454295208,41.0616,41.0525,20.5500,2,9,1,0,0,1,0.0000,23.6723,23.5723,1
1392,5096.470963041,17.5837,17.5714,0.2511,2,4,0,0,0,2,0.0000,0.4450,0.3335,1
1393,5096.487631166,18.9713,18.8248,0.3552,2,4,0,0,0,2,0.0000,0.5611,0.4561,1
1394,5096.504299208,18.3504,18.1313,0.4339,2,4,0,0,0,2,0.0000,0.6580,0.5522,1
1395,5096.520967208,41.6393,41.5209,20.7031,2,9,1,0,0,1,0.0000,23.8825,23.7816,1
1396,5096.537635333,17.9084,17.8537,0.2389,2,4,0,0,0,2,0.0000,0.4080,0.3176,1
1397,5096.554303333,18.1890,18.0839,0.3707,2,4,0,0,0,2,0.0000,0.5838,0.4770,1
1398,5096.570971250,18.3390,18.3363,0.5803,2,5,0,0,0,2,0.0000,0.8085,0.7125,1
1399,5096.587639333,40.4069,40.2516,19.8767,2,8,1,0,0,1,0.0000,23.2472,23.1500,1
1400,5096.604307416,19.2528,18.7938,0.2682,2,4,0,0,0,2,0.0000,0.4484,0.3560,1
1401,5096.620975416,18.9859,18.4218,0.4191,2,4,0,0,0,2,0.0000,0.6564,0.5487,1
1402,5096.637643500,19.1568,19.1493,0.6340,2,5,0,0,0,2,0.0000,0.8887,0.7792,1
1403,5096.654311416,37.5699,36.9869,15.2633,2,13,0,0,1,1,0.0000,18.4685,18.3735,1
1404,5096.670979458,18.6881,18.5901,0.2933,2,4,0,0,0,2,0.0000,0.4917,0.3865,1
1405,5096.687647458,19.6321,19.3288,0.4997,2,5,0,0,0,2,0.0000,0.7456,0.6316,1
1406,5096.704315583,18.2194,18.2153,0.6340,2,5,0,0,0,2,0.0000,0.8822,0.7858,1
1407,5096.720983625,45.0152,44.8820,22.6088,2,9,1,0,0,1,0.0000,25.9180,25.8171,1
1408,5096.737651625,18.5396,18.3074,0.2859,2,4,0,0,0,2,0.0000,0.4833,0.3802,1
1409,5096.754319583,18.1793,18.1107,0.3972,2,4,0,0,0,2,0.0000,0.6117,0.5128,1
1410,5096.770987583,19.2331,19.1735,0.6270,2,5,0,0,0,2,0.0000,0.8660,0.7715,1
1411,5096.787655666,36.4857,36.3007,15.8091,2,13,0,0,1,1,0.0000,19.1240,19.0243,1
1412,5096.804323750,18.4201,18.3009,0.2429,2,4,0,0,0,2,0.0000,0.4217,0.3273,1
1413,5096.820991791,18.3045,18.2033,0.3822,2,4,0,0,0,2,0.0000,0.5927,0.4924,1
1414,5096.837659833,18.3391,17.9825,0.5839,2,5,0,0,0,2,0.0000,0.8194,0.7193,1
1415,5096.854327791,41.4735,41.3045,20.0701,2,8,1,0,0,1,0.0000,23.3540,23.2520,1
1416,5096.870995791,17.8143,17.7990,0.2539,2,4,0,0,0,2,0.0000,0.4380,0.3379,1
1417,5096.887663916,17.6925,17.6895,0.3850,2,4,0,0,0,2,0.0000,0.6033,0.4994,1
1418,5096.904331916,18.4323,18.3852,0.4778,2,4,0,0,0,2,0.0000,0.7071,0.6130,1
1419,5096.920999958,36.8575,36.8590,16.1822,2,13,0,0,1,1,0.0000,19.5583,19.4652,1
1420,5096.937667916,19.5265,18.7934,0.2468,2,4,0,0,0,2,0.0000,0.4411,0.3410,1
1421,5096.954335916,18.8220,18.7262,0.3810,2,4,0,0,0,2,0.0000,0.5974,0.4957,1
1422,5096.971003958,21.0240,20.6605,0.5989,2,5,0,0,0,2,0.0000,0.8388,0.7406,1
1423,5096.987672000,44.7299,42.9027,20.2222,2,8,1,0,0,1,0.0000,23.6642,23.5653,1
1424,5097.004340083,18.4036,18.3487,0.2491,2,4,0,0,0,2,0.0000,0.4262,0.3345,1
1425,5097.021008125,19.1374,19.0715,0.4113,2,4,0,0,0,2,0.0000,0.6389,0.5278,1
1426,5097.037676041,18.6598,18.4875,0.5977,2,5,0,0,0,2,0.0000,0.8271,0.7368,1
1427,5097.054344125,44.1396,43.9699,22.7761,2,9,1,0,0,1,0.0000,26.2398,26.1422,1
1428,5097.071012125,18.4171,18.3259,0.2720,2,4,0,0,0,2,0.0000,0.4689,0.3612,1
1429,5097.087680250,18.3495,18.2907,0.3879,2,4,0,0,0,2,0.0000,0.6023,0.5006,1
1430,5097.104348250,18.7589,18.7046,0.5760,2,5,0,0,0,2,0.0000,0.8126,0.7166,1
1431,5097.121016291,43.0381,43.0152,22.2270,2,9,1,0,0,1,0.0000,25.4609,25.3613,1
1432,5097.137684208,18.3369,18.2019,0.2618,2,4,0,0,0,2,0.0000,0.4480,0.3522,1
1433,5097.154352250,19.4473,19.1405,0.4029,2,4,0,0,0,2,0.0000,0.6248,0.5212,1
1434,5097.171020333,18.6881,18.6715,0.5050,2,4,0,0,0,2,0.0000,0.7440,0.6473,1
1435,5097.187688375,43.5982,43.5396,22.4288,2,9,1,0,0,1,0.0000,25.7141,25.6143,1
1436,5097.204356416,18.2370,18.1016,0.2849,2,4,0,0,0,2,0.0000,0.4806,0.3807,1
1437,5097.221024375,18.5603,18.4722,0.3948,2,4,0,0,0,2,0.0000,0.6194,0.5182,1
1438,5097.237692416,18.5115,18.4700,0.5510,2,4,0,0,0,2,0.0000,0.8181,0.7083,1
1439,5097.254360458,43.4552,43.3878,22.2578,2,9,1,0,0,1,0.0000,25.7500,25.6460,1
1440,5097.271028375,17.9593,17.3869,0.3009,2,4,0,0,0,2,0.0000,0.5050,0.4050,1
1441,5097.287696541,18.3135,18.1840,0.4301,2,4,0,0,0,2,0.0000,0.6662,0.5593,1
1442,5097.304364583,18.6888,18.6249,0.6781,2,5,0,0,0,2,0.0000,0.9462,0.8396,1
1443,5097.321032541,32.4620,32.1575,9.4960,2,13,0,0,1,1,0.0000,12.9339,12.7778,1
1444,5097.337700583,19.6015,19.4403,0.4511,2,5,0,0,0,2,0.0000,0.6780,0.5616,1
1445,5097.354368625,19.8107,19.4346,0.4969,2,4,0,0,0,2,0.0000,0.8216,0.7002,1
1446,5097.371036666,22.4941,21.2315,0.7300,2,5,0,0,0,2,0.0000,1.0493,0.9130,1
1447,5097.387704666,37.7346,35.7126,9.8631,2,13,0,0,1,1,0.0000,13.7355,13.6322,1
1448,5097.404372708,62.8595,22.2779,0.2999,2,4,0,0,0,2,0.0000,0.5013,0.4005,1
1449,5097.421040666,19.6840,19.4456,0.4480,2,4,0,0,0,2,0.0000,0.6950,0.5844,1
1450,5097.437708750,19.7447,19.2642,0.6309,2,5,0,0,0,2,0.0000,0.8786,0.7812,1
1451,5097.454376791,30.5661,30.3705,9.0260,2,13,0,0,1,1,0.0000,12.2867,12.1878,1
1452,5097.471044833,18.3193,17.5797,0.2849,2,4,0,0,0,2,0.0000,0.4747,0.3781,1
1453,5097.487712833,18.3131,18.0720,0.4070,2,4,0,0,0,2,0.0000,0.6195,0.5240,1
1454,5097.504380750,18.6420,18.5356,0.6089,2,5,0,0,0,2,0.0000,0.8428,0.7507,1
1455,5097.521048875,29.9655,29.8742,8.8561,2,13,0,0,1,1,0.0000,12.1903,12.0949,1
1456,5097.537716875,18.1350,18.0740,0.2809,2,4,0,0,0,2,0.0000,0.4749,0.3776,1
1457,5097.554384916,18.5432,18.5006,0.3850,2,4,0,0,0,2,0.0000,0.5964,0.4983,1
1458,5097.571053000,18.1291,17.8912,0.4792,2,4,0,0,0,2,0.0000,0.7148,0.6159,1
1459,5097.587721000,29.6214,29.4729,8.8251,2,13,0,0,1,1,0.0000,12.0840,11.9750,1
1460,5097.604388916,19.0987,18.0331,0.2429,2,4,0,0,0,2,0.0000,0.4282,0.3246,1
1461,5097.621056916,18.5187,18.0656,0.3602,2,4,0,0,0,2,0.0000,0.5635,0.4645,1
1462,5097.637725000,18.2072,18.0460,0.5450,2,5,0,0,0,2,0.0000,0.7676,0.6713,1
1463,5097.654393041,39.9012,39.8094,18.4870,2,13,0,0,1,1,0.0000,21.7213,21.6196,1
1464,5097.671061125,19.1776,18.9504,0.3037,2,4,0,0,0,2,0.0000,0.5494,0.4037,1
1465,5097.687729208,19.0765,18.9365,0.3657,2,4,0,0,0,2,0.0000,0.5683,0.4719,1
1466,5097.704397041,20.0746,19.9045,0.4981,2,4,0,0,0,2,0.0000,0.7344,0.6313,1
1467,5097.721065166,43.0040,42.4547,20.1902,2,8,1,0,0,1,0.0000,23.7300,23.5281,1
1468,5097.737733166,18.9093,18.5663,0.2298,2,3,0,0,0,2,0.0000,0.4231,0.3120,1
1469,5097.754401250,19.1968,19.0315,0.3250,2,4,0,0,0,2,0.0000,0.5293,0.4222,1
1470,5097.771069250,18.2810,18.2426,0.4201,2,4,0,0,0,2,0.0000,0.6310,0.5311,1
1471,5097.787737208,30.3025,30.0953,8.8818,2,13,0,0,1,1,0.0000,12.2115,12.1119,1
1472,5097.804405291,17.9733,17.8255,0.2229,2,4,0,0,0,2,0.0000,0.3992,0.2984,1
1473,5097.821073250,17.7199,17.6151,0.3519,2,4,0,0,0,2,0.0000,0.5531,0.4510,1
1474,5097.837741291,18.0465,17.9453,0.4554,2,4,0,0,0,2,0.0000,0.6774,0.5802,1
1475,5097.854409375,30.6336,30.0465,9.4421,2,13,0,0,1,1,0.0000,12.7949,12.6841,1
1476,5097.871077500,18.6491,18.4097,0.2449,2,4,0,0,0,2,0.0000,0.4337,0.3389,1
1477,5097.887745291,18.6686,18.2453,0.3810,2,4,0,0,0,2,0.0000,0.5987,0.4985,1
1478,5097.904413416,18.2938,18.2346,0.5059,2,4,0,0,0,2,0.0000,0.7528,0.6505,1
1479,5097.921081458,31.2920,31.0314,9.5720,2,13,0,0,1,1,0.0000,12.9733,12.8684,1
1480,5097.937749416,18.3439,18.1072,0.2408,2,4,0,0,0,2,0.0000,0.4164,0.3240,1
1481,5097.954417500,17.9976,17.9345,0.3629,2,4,0,0,0,2,0.0000,0.5745,0.4723,1
1482,5097.971085541,18.4816,18.3744,0.4952,2,4,0,0,0,2,0.0000,0.7327,0.6335,1
1483,5097.987753500,31.6180,31.4967,9.7380,2,13,0,0,1,1,0.0000,13.1939,13.0931,1
1484,5098.004421583,18.6104,18.3345,0.2670,2,4,0,0,0,2,0.0000,0.4866,0.3611,1
1485,5098.021089583,18.8539,18.4904,0.3870,2,4,0,0,0,2,0.0000,0.6160,0.5035,1
1486,5098.037757666,18.8544,18.7768,0.6199,2,5,0,0,0,2,0.0000,0.8821,0.7684,1
1487,5098.054425666,33.2395,32.9321,9.9869,2,13,0,0,1,1,0.0000,13.5015,13.3851,1
1488,5098.071093625,21.3460,20.7267,0.3178,2,4,0,0,0,2,0.0000,0.5925,0.4320,1
1489,5098.087761625,32.2763,24.3473,0.4160,2,4,0,0,0,2,0.0000,0.6505,0.5502,1
1490,5098.104429625,19.4401,19.2506,0.6473,2,5,0,0,0,2,0.0000,0.9129,0.8132,1
1491,5098.121097708,30.9707,30.7113,9.6540,2,13,0,0,1,1,0.0000,13.2675,13.1690,1
1492,5098.137765791,18.6476,18.4582,0.2420,2,4,0,0,0,2,0.0000,0.4233,0.3192,1
1493,5098.154433791,17.8230,17.6992,0.3560,2,4,0,0,0,2,0.0000,0.5559,0.4588,1
1494,5098.171101750,18.1640,17.7010,0.5760,2,5,0,0,0,2,0.0000,0.8030,0.7064,1
1495,5098.187769791,44.0072,43.7251,22.7940,2,9,1,0,0,1,0.0000,26.2071,26.1119,1
1496,5098.204437875,18.6839,18.5683,0.2611,2,4,0,0,0,2,0.0000,0.4516,0.3515,1
1497,5098.221105833,18.3612,18.0100,0.3569,2,4,0,0,0,2,0.0000,0.5530,0.4648,1
1498,5098.237773958,18.4952,18.4557,0.4890,2,4,0,0,0,2,0.0000,0.7401,0.6312,1
1499,5098.254441916,44.5361,44.4443,22.8953,2,9,1,0,0,1,0.0000,26.1663,26.0775,1
1500,5098.271109833,17.8161,17.7011,0.2079,2,4,0,0,0,2,0.0000,0.3582,0.2779,1
1501,5098.287777916,17.9947,17.7770,0.3369,2,4,0,0,0,2,0.0000,0.5121,0.4289,1
1502,5098.304445958,18.4744,17.8571,0.4282,2,4,0,0,0,2,0.0000,0.6464,0.5491,1
1503,5098.321114041,43.2639,42.8963,22.5611,2,9,1,0,0,1,0.0000,25.7416,25.6490,1
1504,5098.337782041,17.7749,17.6272,0.2160,2,4,0,0,0,2,0.0000,0.3631,0.2865,1
1505,5098.354450000,17.8365,17.7964,0.3040,2,4,0,0,0,2,0.0000,0.4615,0.3885,1
1506,5098.371118041,18.5183,17.9013,0.3812,2,4,0,0,0,2,0.0000,0.5431,0.4778,1
1507,5098.387785916,42.4453,42.1874,21.8291,2,9,1,0,0,1,0.0000,24.9865,24.9112,1
1508,5098.404454125,18.7407,18.5548,0.2179,2,4,0,0,0,2,0.0000,0.3552,0.2831,1
1509,5098.421122083,18.8191,18.4472,0.3130,2,4,0,0,0,2,0.0000,0.4629,0.3919,1
1510,5098.437790208,18.6878,18.4356,0.3850,2,4,0,0,0,2,0.0000,0.5415,0.4764,1
1511,5098.454458083,29.2369,29.1152,8.2400,2,13,0,0,1,1,0.0000,11.6939,11.6275,1
1512,5098.471126125,18.8061,17.9500,0.1931,2,4,0,0,0,2,0.0000,0.3261,0.2532,1
1513,5098.487794166,19.1152,17.9820,0.3030,2,4,0,0,0,2,0.0000,0.4568,0.3812,1
1514,5098.504462291,30.4234,29.6789,8.6460,2,13,0,0,1,1,0.0000,11.9116,11.8270,1
1515,5098.521130291,22.0353,21.3181,0.2320,2,4,0,0,0,2,0.0000,0.3832,0.3106,1
1516,5098.537798333,18.6648,18.4726,0.3269,2,4,0,0,0,2,0.0000,0.4848,0.4151,1
1517,5098.554466291,18.1670,18.0231,0.4141,2,4,0,0,0,2,0.0000,0.5823,0.5163,1
1518,5098.571134333,41.5961,41.5579,21.0588,2,9,1,0,0,1,0.0000,24.3476,24.2732,1
1519,5098.587802291,18.5500,18.1650,0.2298,2,4,0,0,0,2,0.0000,0.4049,0.3118,1
1520,5098.604470333,18.1048,17.9230,0.3397,2,4,0,0,0,2,0.0000,0.5141,0.4294,1
1521,5098.621138416,18.6310,18.2546,0.4179,2,4,0,0,0,2,0.0000,0.6074,0.5270,1
1522,5098.637806333,41.3161,41.1676,20.9110,2,9,1,0,0,1,0.0000,24.1183,24.0344,1
1523,5098.654474375,18.8912,18.6000,0.2382,2,4,0,0,0,2,0.0000,0.4040,0.3130,1
1524,5098.671142375,18.2021,18.1243,0.3252,2,4,0,0,0,2,0.0000,0.5029,0.4191,1
1525,5098.687810458,18.9925,18.5092,0.4849,2,4,0,0,0,2,0.0000,0.7856,0.6264,1
1526,5098.704478541,29.8151,29.6047,8.2760,2,13,0,0,1,1,0.0000,11.5853,11.4425,1
1527,5098.721146583,17.8831,17.5367,0.2472,2,4,0,0,0,2,0.0000,0.4253,0.3322,1
1528,5098.737814458,17.9212,17.7694,0.3538,2,4,0,0,0,2,0.0000,0.5500,0.4550,1
1529,5098.754482458,18.2374,18.1393,0.4930,2,4,0,0,0,2,0.0000,0.7290,0.6278,1
1530,5098.771150583,30.4134,30.0234,8.0912,2,13,0,0,1,1,0.0000,11.7225,11.6248,1
1531,5098.787818625,18.9905,18.7491,0.3629,2,4,0,0,0,2,0.0000,0.6234,0.4936,1
1532,5098.804486625,18.3617,18.1914,0.3731,2,4,0,0,0,2,0.0000,0.5792,0.4805,1
1533,5098.821154625,18.8052,18.5559,0.4370,2,4,0,0,0,2,0.0000,0.6482,0.5576,1
1534,5098.837822583,29.1437,28.9432,7.7059,2,13,0,0,1,1,0.0000,10.7313,10.6356,1
1535,5098.854490583,18.4151,17.8980,0.2108,2,4,0,0,0,2,0.0000,0.3787,0.2826,1
1536,5098.871158625,17.7543,17.6952,0.3138,2,4,0,0,0,2,0.0000,0.5009,0.4021,1
1537,5098.887826666,18.1070,18.0185,0.4158,2,4,0,0,0,2,0.0000,0.6283,0.5310,1
1538,5098.904494750,28.2048,28.0703,7.7438,2,13,0,0,1,1,0.0000,10.7884,10.6926,1
1539,5098.921162666,18.6712,18.2318,0.2379,2,4,0,0,0,2,0.0000,0.3980,0.3092,1
1540,5098.937830666,18.1122,17.4398,0.3400,2,4,0,0,0,2,0.0000,0.5262,0.4323,1
1541,5098.954498750,17.6158,17.5980,0.4330,2,4,0,0,0,2,0.0000,0.6512,0.5433,1
1542,5098.971166750,28.4237,28.2176,7.6401,2,13,0,0,1,1,0.0000,10.7468,10.6415,1
1543,5098.987834791,17.5578,17.4134,0.2489,2,4,0,0,0,2,0.0000,0.4418,0.3355,1
1544,5099.004502833,18.3088,17.8719,0.3831,2,4,0,0,0,2,0.0000,0.6071,0.4915,1
1545,5099.021170750,18.5018,18.2565,0.5298,2,5,0,0,0,2,0.0000,0.7414,0.6503,1
1546,5099.037838833,28.7291,28.3647,7.6621,2,13,0,0,1,1,0.0000,10.5860,10.4964,1
1547,5099.054506833,17.9566,17.8953,0.2441,2,4,0,0,0,2,0.0000,0.4191,0.3228,1
1548,5099.071174833,18.0223,17.9904,0.3331,2,4,0,0,0,2,0.0000,0.5185,0.4252,1
1549,5099.087842875,18.5690,18.0484,0.4430,2,4,0,0,0,2,0.0000,0.6471,0.5568,1
1550,5099.104510916,28.0685,27.8796,7.6671,2,13,0,0,1,1,0.0000,10.6140,10.5196,1
1551,5099.121178916,17.6796,17.6027,0.2217,2,4,0,0,0,2,0.0000,0.3811,0.2923,1
1552,5099.137846916,17.5268,17.5261,0.3040,2,4,0,0,0,2,0.0000,0.4701,0.3862,1
1553,5099.154514958,18.0396,17.9498,0.3908,2,4,0,0,0,2,0.0000,0.5733,0.4921,1
1554,5099.171182958,29.3041,29.0521,7.8909,2,13,0,0,1,1,0.0000,10.9078,10.8278,1
1555,5099.187851041,18.5807,18.4317,0.2151,2,4,0,0,0,2,0.0000,0.3665,0.2863,1
1556,5099.204519083,18.4547,18.2755,0.3130,2,4,0,0,0,2,0.0000,0.4814,0.3973,1
1557,5099.221186958,18.1904,18.1842,0.4258,2,4,0,0,0,2,0.0000,0.6224,0.5390,1
1558,5099.237855041,31.0646,30.6220,8.7142,2,13,0,0,1,1,0.0000,11.9130,11.8304,1
1559,5099.254523041,19.1428,18.9927,0.2170,2,4,0,0,0,2,0.0000,0.3619,0.2893,1
1560,5099.271191166,18.9008,18.7519,0.3102,2,4,0,0,0,2,0.0000,0.4722,0.4006,1
1561,5099.287859166,18.8564,18.3143,0.4299,2,4,0,0,0,2,0.0000,0.6071,0.5423,1
1562,5099.304527083,42.9465,42.7295,21.9638,2,9,1,0,0,1,0.0000,25.2673,25.2032,1
1563,5099.321195083,41.1560,41.1514,20.6752,2,8,1,0,0,1,0.0000,23.8914,23.8297,1
1564,5099.337863125,17.6212,17.2243,0.2072,2,3,0,0,0,2,0.0000,0.3543,0.2849,1
1565,5099.354531166,17.6306,17.5962,0.3161,2,4,0,0,0,2,0.0000,0.4655,0.4063,1
1566,5099.371199166,18.9563,18.8881,0.4172,2,4,0,0,0,2,0.0000,0.5853,0.5263,1
1567,5099.387867250,39.8677,39.0465,18.1499,2,13,0,0,1,1,0.0000,21.6900,21.6210,1
1568,5099.404535208,18.6785,18.4625,0.2379,2,4,0,0,0,2,0.0000,0.4017,0.3269,1
1569,5099.421203208,19.0367,18.6493,0.3290,2,4,0,0,0,2,0.0000,0.4987,0.4311,1
1570,5099.437871291,18.5915,18.3220,0.4580,2,4,0,0,0,2,0.0000,0.6465,0.5769,1
1571,5099.454539291,39.9352,39.6685,18.4081,2,13,0,0,1,1,0.0000,21.9848,21.8861,1
1572,5099.471207333,19.1517,18.0280,0.2179,2,3,0,0,0,2,0.0000,0.3893,0.3033,1
1573,5099.487875208,19.3578,19.1195,0.3169,2,4,0,0,0,2,0.0000,0.4831,0.4095,1
1574,5099.504543291,18.2213,18.1816,0.4380,2,4,0,0,0,2,0.0000,0.6333,0.5571,1
1575,5099.521211375,30.3306,30.2981,9.4919,2,13,0,0,1,1,0.0000,12.7303,12.6485,1
1576,5099.537879416,17.8762,17.7472,0.2129,2,4,0,0,0,2,0.0000,0.3676,0.2865,1
1577,5099.554547416,18.0954,17.7899,0.3011,2,4,0,0,0,2,0.0000,0.4690,0.3931,1
1578,5099.571215458,18.1163,17.7926,0.4141,2,4,0,0,0,2,0.0000,0.6068,0.5217,1
1579,5099.587883375,29.1415,29.1430,8.8029,2,13,0,0,1,1,0.0000,11.9424,11.8657,1
1580,5099.604551416,18.1511,17.9404,0.2067,2,4,0,0,0,2,0.0000,0.3527,0.2738,1
1581,5099.621219375,17.7497,17.7513,0.3037,2,4,0,0,0,2,0.0000,0.4695,0.3888,1
1582,5099.637887500,19.3859,19.2125,0.4168,2,4,0,0,0,2,0.0000,0.6063,0.5260,1
1583,5099.654555458,29.5699,29.4279,8.3160,2,13,0,0,1,1,0.0000,11.5258,11.4435,1
1584,5099.671223500,18.5205,18.3759,0.2410,2,4,0,0,0,2,0.0000,0.4264,0.3206,1
1585,5099.687891416,18.5120,18.3608,0.3190,2,4,0,0,0,2,0.0000,0.5032,0.4073,1
1586,5099.704559458,18.6271,18.4690,0.4170,2,4,0,0,0,2,0.0000,0.6355,0.5469,1
1587,5099.721227458,28.8947,28.8334,8.1961,2,13,0,0,1,1,0.0000,11.2206,11.1283,1
1588,5099.737892791,17.6517,17.6561,0.2139,2,4,0,0,0,2,0.0000,0.3764,0.2865,1
1589,5099.754563583,17.9449,17.9460,0.3412,2,4,0,0,0,2,0.0000,0.5272,0.4363,1
1590,5099.771231458,18.4921,18.3038,0.4702,2,4,0,0,0,2,0.0000,0.7158,0.6038,1
1591,5099.787899583,29.7172,29.3920,8.2812,2,13,0,0,1,1,0.0000,11.3694,11.2765,1
1592,5099.804567583,19.2759,19.2306,0.2530,2,4,0,0,0,2,0.0000,0.4436,0.3397,1
1593,5099.821235500,19.4893,19.4218,0.3719,2,4,0,0,0,2,0.0000,0.5831,0.4823,1
1594,5099.837903625,19.2914,19.0580,0.4711,2,4,0,0,0,2,0.0000,0.7128,0.6007,1
1595,5099.854571708,42.5074,42.2256,20.4358,2,9,1,0,0,1,0.0000,23.6426,23.5434,1
1596,5099.871239625,19.6530,19.0312,0.2680,2,4,0,0,0,2,0.0000,0.4724,0.3528,1
1597,5099.887907625,19.6267,19.2055,0.3812,2,4,0,0,0,2,0.0000,0.5920,0.4836,1
1598,5099.904575583,18.8625,18.0232,0.4702,2,4,0,0,0,2,0.0000,0.7050,0.5964,1
1599,5099.921243666,28.9902,28.8675,7.8180,2,13,0,0,1,1,0.0000,10.7952,10.6715,1
1600,5099.937911750,19.2061,19.1770,0.3510,2,4,0,0,0,2,0.0000,0.7131,0.4866,1
1601,5099.954579750,18.4684,18.2715,0.3700,2,4,0,0,0,2,0.0000,0.5908,0.4813,1
1602,5099.971247666,18.7537,18.6588,0.4621,2,4,0,0,0,2,0.0000,0.6931,0.5888,1
1603,5099.987915625,34.6882,34.5189,13.6101,2,13,0,0,1,1,0.0000,16.6167,16.5123,1
1604,5100.004583750,18.5147,18.1677,0.2530,2,4,0,0,0,2,0.0000,0.4522,0.3362,1
1605,5100.021251791,18.8316,18.7085,0.3560,2,4,0,0,0,2,0.0000,0.5612,0.4569,1
1606,5100.037919791,18.4944,18.3457,0.4301,2,4,0,0,0,2,0.0000,0.6595,0.5474,1
1607,5100.054587708,28.6807,28.4870,7.7257,2,13,0,0,1,1,0.0000,10.6816,10.5705,1
1608,5100.071255750,18.0850,18.0067,0.2110,2,4,0,0,0,2,0.0000,0.3832,0.2777,1
1609,5100.087923791,18.1882,18.0946,0.2968,2,4,0,0,0,2,0.0000,0.4868,0.3782,1
1610,5100.104591833,18.5811,18.5229,0.4168,2,4,0,0,0,2,0.0000,0.6496,0.5240,1
1611,5100.121259833,34.3561,34.1644,13.2251,2,13,0,0,1,1,0.0000,16.2395,16.1297,1
1612,5100.137927833,18.0448,17.9514,0.2339,2,4,0,0,0,2,0.0000,0.4225,0.3091,1
1613,5100.154592958,18.2091,18.1406,0.3068,2,4,0,0,0,2,0.0000,0.5030,0.3997,1
1614,5100.171263875,19.0344,18.8178,0.5169,2,5,0,0,0,2,0.0000,0.7456,0.6323,1
1615,5100.187931916,39.8174,39.7521,19.0639,2,13,0,0,1,1,0.0000,22.0802,21.9841,1
1616,5100.204599916,18.2733,18.1655,0.2353,2,4,0,0,0,2,0.0000,0.4271,0.3171,1
1617,5100.221268000,21.0810,20.3290,0.3612,2,4,0,0,0,2,0.0000,0.5697,0.4661,1
1618,5100.237935958,18.5396,17.9998,0.4749,2,4,0,0,0,2,0.0000,0.7174,0.6063,1
1619,5100.254603916,41.2591,41.1150,20.1461,2,9,1,0,0,1,0.0000,23.2743,23.1748,1
1620,5100.271271958,18.1445,18.0348,0.2549,2,4,0,0,0,2,0.0000,0.4460,0.3372,1
1621,5100.287939916,18.2273,18.2160,0.3669,2,4,0,0,0,2,0.0000,0.5968,0.4764,1
1622,5100.304608041,20.3628,20.0726,0.5541,2,5,0,0,0,2,0.0000,0.7775,0.6787,1
1623,5100.321276000,35.1054,35.0473,14.0841,2,13,0,0,1,1,0.0000,17.2393,17.1310,1
1624,5100.337943916,18.2280,18.1101,0.2472,2,4,0,0,0,2,0.0000,0.4251,0.3274,1
1625,5100.354612000,18.4467,18.4050,0.3409,2,4,0,0,0,2,0.0000,0.5422,0.4426,1
1626,5100.371280000,18.7190,18.7206,0.5093,2,5,0,0,0,2,0.0000,0.7220,0.6245,1
1627,5100.387948041,41.6913,41.6355,20.8421,2,9,1,0,0,1,0.0000,24.0662,23.9606,1
1628,5100.404616083,18.6601,18.5711,0.2549,2,4,0,0,0,2,0.0000,0.4419,0.3368,1
1629,5100.421284125,21.1444,20.8376,0.3669,2,4,0,0,0,2,0.0000,0.5807,0.4777,1
1630,5100.437952000,18.8160,18.6115,0.4740,2,4,0,0,0,2,0.0000,0.7109,0.6010,1
1631,5100.454620041,41.8247,41.7354,20.4840,2,13,0,0,1,1,0.0000,23.7367,23.6404,1
1632,5100.471288083,17.7617,17.7664,0.2491,2,4,0,0,0,2,0.0000,0.4275,0.3328,1
1633,5100.487956125,18.4747,18.0808,0.3817,2,4,0,0,0,2,0.0000,0.6146,0.4926,1
1634,5100.504624208,18.4104,18.2733,0.5810,2,5,0,0,0,2,0.0000,0.8125,0.7125,1
1635,5100.521292208,41.9433,41.7228,21.2572,2,9,1,0,0,1,0.0000,24.3908,24.2938,1
1636,5100.537960125,18.2219,18.1802,0.2420,2,4,0,0,0,2,0.0000,0.4283,0.3295,1
1637,5100.554628166,18.0456,18.0053,0.3822,2,4,0,0,0,2,0.0000,0.6009,0.4963,1
1638,5100.571296125,17.8778,17.8795,0.5021,2,4,0,0,0,2,0.0000,0.7537,0.6467,1
1639,5100.587964208,42.3571,42.2401,21.1008,2,9,1,0,0,1,0.0000,24.3036,24.1913,1
1640,5100.604632250,18.2925,18.2445,0.2751,2,4,0,0,0,2,0.0000,0.4752,0.3684,1
1641,5100.621300166,18.2805,18.1807,0.3829,2,4,0,0,0,2,0.0000,0.6037,0.4983,1
1642,5100.637968166,18.2621,18.2528,0.5281,2,4,0,0,0,2,0.0000,0.7851,0.6777,1
1643,5100.654636166,42.4174,42.2663,21.3327,2,9,1,0,0,1,0.0000,24.6078,24.5021,1
1644,5100.671304208,18.6648,18.5818,0.3331,2,5,0,0,0,2,0.0000,0.5409,0.4351,1
1645,5100.687972250,18.5760,18.5483,0.4172,2,4,0,0,0,2,0.0000,0.6521,0.5434,1
1646,5100.704640291,18.7691,18.7015,0.7031,2,5,0,0,0,2,0.0000,0.9761,0.8690,1
1647,5100.721308125,36.7432,36.3648,15.7070,2,13,0,0,1,1,0.0000,19.0369,18.9290,1
1648,5100.737976208,18.4643,18.3832,0.3059,2,4,0,0,0,2,0.0000,0.5243,0.4114,1
1649,5100.754644250,18.6600,18.6206,0.5231,2,5,0,0,0,2,0.0000,0.7750,0.6637,1
1650,5100.771312333,19.1396,19.0943,0.7391,2,5,0,0,0,2,0.0000,1.0456,0.9248,1
1651,5100.787980333,40.4240,40.1315,17.7867,2,13,0,0,1,1,0.0000,21.3929,21.2825,1
1652,5100.804648416,19.2109,19.0609,0.3610,2,5,0,0,0,2,0.0000,0.5773,0.4690,1
1653,5100.821316250,19.5800,19.4689,0.6061,2,6,0,0,0,2,0.0000,0.8698,0.7592,1
1654,5100.837984333,19.8978,19.4335,0.7701,2,6,0,0,0,2,0.0000,1.0590,0.9506,1
1655,5100.854652375,39.4068,39.1107,16.8800,2,13,0,0,1,1,0.0000,20.2338,20.1215,1
1656,5100.871320416,18.7340,18.6764,0.3688,2,5,0,0,0,2,0.0000,0.6001,0.4835,1
1657,5100.887988375,18.8855,18.6810,0.5291,2,5,0,0,0,2,0.0000,0.7780,0.6745,1
1658,5100.904656291,19.0992,18.5893,0.7501,2,5,0,0,0,2,0.0000,1.0634,0.9488,1
1659,5100.921324333,42.0097,42.0111,20.8590,2,8,1,0,0,1,0.0000,24.4031,24.2879,1
1660,5100.937992375,19.1975,19.1653,0.3779,2,5,0,0,0,2,0.0000,0.6201,0.4983,1
1661,5100.954660458,20.1792,19.9482,0.5910,2,5,0,0,0,2,0.0000,0.8660,0.7545,1
1662,5100.971328416,19.6646,19.0751,0.8011,2,5,0,0,0,2,0.0000,1.1235,1.0087,1
1663,5100.987996500,42.9707,42.7856,20.7870,2,8,1,0,0,1,0.0000,24.4265,24.2763,1
1664,5101.004664416,18.3182,18.2353,0.3378,2,4,0,0,0,2,0.0000,0.5673,0.4545,1
1665,5101.021332375,18.5064,18.4465,0.5970,2,5,0,0,0,2,0.0000,0.8885,0.7603,1
1666,5101.038000458,19.1543,19.1203,0.7772,2,5,0,0,0,2,0.0000,1.0920,0.9833,1
1667,5101.054668500,42.8682,42.5733,21.4488,2,8,1,0,0,1,0.0000,24.8934,24.7773,1
1668,5101.071336500,17.5541,17.5158,0.3681,2,4,0,0,0,2,0.0000,0.6234,0.4973,1
1669,5101.088004500,17.9616,17.7426,0.5081,2,4,0,0,0,2,0.0000,0.7910,0.6750,1
1670,5101.104672500,19.1312,18.9281,0.7999,2,5,0,0,0,2,0.0000,1.1352,1.0119,1
1671,5101.121340416,39.9180,39.7615,18.3802,2,13,0,0,1,1,0.0000,22.0270,21.9097,1
1672,5101.138008500,18.2741,17.7590,0.3939,2,5,0,0,0,2,0.0000,0.6279,0.5202,1
1673,5101.154676541,18.6025,18.0479,0.6180,2,6,0,0,0,2,0.0000,0.8828,0.7828,1
1674,5101.171344541,18.9342,18.7863,0.8738,2,6,0,0,0,2,0.0000,1.2016,1.0852,1
1675,5101.188012500,39.7793,39.7230,18.8532,2,14,0,0,1,1,0.0000,22.4555,22.3471,1
1676,5101.204680500,18.2629,18.1275,0.3591,2,4,0,0,0,2,0.0000,0.6082,0.4939,1
1677,5101.221348583,18.4784,18.0457,0.5009,2,4,0,0,0,2,0.0000,0.7848,0.6707,1
1678,5101.238016583,19.0330,18.5821,0.7219,2,5,0,0,0,2,0.0000,1.0236,0.9188,1
1679,5101.254684666,40.9084,40.8201,19.2590,2,7,1,0,0,1,0.0000,23.4067,23.3051,1
1680,5101.271352666,18.1121,17.7132,0.2911,2,4,0,0,0,2,0.0000,0.4856,0.3947,1
1681,5101.288020583,18.7044,18.5491,0.4690,2,4,0,0,0,2,0.0000,0.7061,0.6097,1
1682,5101.304688583,18.7417,18.6817,0.5391,2,4,0,0,0,2,0.0000,0.7914,0.6988,1
1683,5101.321356583,43.0955,42.6400,20.1561,2,7,1,0,0,1,0.0000,23.9838,23.8909,1
1684,5101.338024666,18.0061,17.8906,0.2949,2,4,0,0,0,2,0.0000,0.4870,0.3994,1
1685,5101.354692583,18.3773,18.3081,0.4392,2,4,0,0,0,2,0.0000,0.6893,0.5783,1
1686,5101.371360708,18.0958,17.9798,0.5269,2,4,0,0,0,2,0.0000,0.7740,0.6851,1
1687,5101.388028625,33.1608,32.7651,11.6019,2,13,0,0,1,1,0.0000,15.3275,15.2394,1
1688,5101.404696666,18.0801,18.0020,0.2749,2,4,0,0,0,2,0.0000,0.4687,0.3768,1
1689,5101.421364666,18.5520,18.3597,0.4008,2,4,0,0,0,2,0.0000,0.5980,0.5200,1
1690,5101.438032708,17.8875,17.8725,0.4861,2,4,0,0,0,2,0.0000,0.7103,0.6321,1
1691,5101.454700750,40.6430,40.5116,19.1877,2,7,1,0,0,1,0.0000,22.7957,22.7152,1
1692,5101.471368666,17.6597,17.6129,0.2558,2,4,0,0,0,2,0.0000,0.4359,0.3564,1
1693,5101.488036708,18.0689,17.9714,0.3488,2,4,0,0,0,2,0.0000,0.5299,0.4509,1
1694,5101.504704541,18.5487,18.4392,0.4539,2,4,0,0,0,2,0.0000,0.6621,0.5768,1
1695,5101.521372708,42.7117,42.4428,19.9010,2,7,1,0,0,1,0.0000,23.8475,23.7679,1
1696,5101.538040791,18.6922,18.4964,0.2589,2,4,0,0,0,2,0.0000,0.4441,0.3594,1
1697,5101.554708791,18.6638,18.4329,0.3572,2,4,0,0,0,2,0.0000,0.5386,0.4679,1
1698,5101.571376708,18.0499,17.7206,0.4518,2,4,0,0,0,2,0.0000,0.6504,0.5775,1
1699,5101.588044750,42.9778,42.9526,21.8949,2,8,1,0,0,1,0.0000,25.4305,25.3587,1
1700,5101.604712750,18.0815,18.0352,0.2501,2,4,0,0,0,2,0.0000,0.4101,0.3403,1
1701,5101.621380791,17.7579,17.6965,0.3719,2,4,0,0,0,2,0.0000,0.5713,0.4837,1
