frame,t,wall_ms,cpu_ms,sw_solver_ms,sw_solves,sw_iters,stop_budget,stop_time,stop_iter,stop_conv,init_solver_ms,bk_work_ms,bk_track_ms,bk_track_n
0,5073.252279750,0.2791,0.2803,0.0000,0,0,0,0,0,0,0.0000,0.0000,0.0000,0
1,5073.268948041,0.2168,0.2177,0.0000,0,0,0,0,0,0,0.0000,0.0000,0.0000,0
2,5073.285616333,0.6447,0.5195,0.0000,0,0,0,0,0,0,0.0000,0.0000,0.0000,0
3,5073.302284583,0.3421,0.3434,0.0000,0,0,0,0,0,0,0.0000,0.0000,0.0000,0
4,5073.318952833,110.2850,105.4802,0.0000,0,0,0,0,0,0,0.0000,0.0057,0.0000,0
5,5073.335620958,19.0095,18.8565,0.0000,0,0,0,0,0,0,0.0000,0.0005,0.0000,0
6,5073.352289208,20.8680,20.0693,0.0000,0,0,0,0,0,0,0.0000,0.0007,0.0000,0
7,5073.368957500,19.1747,19.0541,0.0000,0,0,0,0,0,0,0.0000,0.0008,0.0000,0
8,5073.385625750,18.9005,18.8248,0.0000,0,0,0,0,0,0,0.0000,0.0006,0.0000,0
9,5073.402293958,21.0640,20.5507,0.0000,0,0,0,0,0,0,0.0000,0.0010,0.0000,0
10,5073.418962083,19.8669,19.4588,0.0000,0,0,0,0,0,0,0.0000,0.0009,0.0000,0
11,5073.435630375,20.3052,20.0497,0.0000,0,0,0,0,0,0,0.0000,0.0010,0.0000,0
12,5073.452298625,19.4157,19.2651,0.0000,0,0,0,0,0,0,0.0000,0.0008,0.0000,0
13,5073.468966916,20.0539,19.9641,0.0000,0,0,0,0,0,0,0.0000,0.0009,0.0000,0
14,5073.485635166,20.3721,20.2349,0.0000,0,0,0,0,0,0,0.0000,0.0007,0.0000,0
15,5073.502303458,19.5971,19.4503,0.0000,0,0,0,0,0,0,0.0000,0.0013,0.0000,0
16,5073.518971583,22.8362,21.3765,0.0000,0,0,0,0,0,0,0.0000,0.0008,0.0000,0
17,5073.535639833,20.0585,19.9259,0.0000,0,0,0,0,0,0,0.0000,0.0012,0.0000,0
18,5073.552308125,21.1461,20.5358,0.0000,0,0,0,0,0,0,0.0000,0.0015,0.0000,0
19,5073.568976333,21.0934,19.6026,0.0000,0,0,0,0,0,0,0.0000,0.0005,0.0000,0
20,5073.585644625,20.5745,19.8164,0.0000,0,0,0,0,0,0,0.0000,0.0007,0.0000,0
21,5073.602312875,20.3033,19.2070,0.0000,0,0,0,0,0,0,0.0000,0.0008,0.0000,0
22,5073.618981000,19.5941,19.4543,0.0000,0,0,0,0,0,0,0.0000,0.0007,0.0000,0
23,5073.635649291,20.0764,19.1239,0.0000,0,0,0,0,0,0,0.0000,0.0010,0.0000,0
24,5073.652317541,19.4113,18.5714,0.0000,0,0,0,0,0,0,0.0000,0.0007,0.0000,0
25,5073.668985791,20.7185,20.0717,0.0000,0,0,0,0,0,0,0.0000,0.0012,0.0000,0
26,5073.685654083,24.8139,20.7279,0.0000,0,0,0,0,0,0,0.0000,0.0015,0.0000,0
27,5073.702322208,18.9702,18.8547,0.0000,0,0,0,0,0,0,0.0000,0.0007,0.0000,0
28,5073.718990416,18.7367,18.2713,0.0000,0,0,0,0,0,0,0.0000,0.0009,0.0000,0
29,5073.735658708,18.9053,18.4260,0.0000,0,0,0,0,0,0,0.0000,0.0010,0.0000,0
30,5073.752327000,19.8718,19.2914,0.0000,0,0,0,0,0,0,0.0000,0.0007,0.0000,0
31,5073.768995166,20.3890,19.0328,0.0000,0,0,0,0,0,0,0.0000,0.0007,0.0000,0
32,5073.785663541,19.9710,19.3645,0.0000,0,0,0,0,0,0,0.0000,0.0012,0.0000,0
33,5073.802331666,20.7527,19.9512,0.0000,0,0,0,0,0,0,0.0000,0.0011,0.0000,0
34,5073.818999916,20.1508,19.9373,0.0000,0,0,0,0,0,0,0.0000,0.0015,0.0000,0
35,5073.835668208,19.6580,19.5896,0.0000,0,0,0,0,0,0,0.0000,0.3365,0.0000,0
36,5073.852336500,20.2578,19.7489,0.0000,0,0,0,0,0,0,0.0000,0.4155,0.0000,0
37,5073.869004708,21.9129,21.3781,0.0000,0,0,0,0,0,0,0.0000,0.3868,0.0000,0
38,5073.885673000,23.2012,21.0265,0.0000,0,0,0,0,0,0,0.0000,0.3893,0.0000,0
39,5073.902341125,20.3739,20.1168,0.0000,0,0,0,0,0,0,0.0000,0.4141,0.0000,0
40,5073.919009416,19.8924,19.6908,0.0000,0,0,0,0,0,0,0.0000,0.4196,0.0000,0
41,5073.935677708,20.5200,19.8430,0.0000,0,0,0,0,0,0,0.0000,0.4197,0.0000,0
42,5073.952345958,19.7685,19.6978,0.0000,0,0,0,0,0,0,0.0000,0.4198,0.0000,0
43,5073.969014208,18.6333,18.2400,0.0000,0,0,0,0,0,0,0.0000,0.4348,0.0000,0
44,5073.985682333,18.8185,18.6429,0.0000,0,0,0,0,0,0,0.0000,0.4459,0.0000,0
45,5074.002350625,19.7513,19.4249,0.0000,0,0,0,0,0,0,0.0000,0.5051,0.0000,0
46,5074.019018833,20.7440,20.4300,0.0000,0,0,0,0,0,0,0.0000,0.4530,0.0000,0
47,5074.035687166,19.1512,18.9993,0.0000,0,0,0,0,0,0,0.0000,0.4453,0.0000,0
48,5074.052355416,20.0086,19.6978,0.0000,0,0,0,0,0,0,0.0000,0.4457,0.0000,0
49,5074.069023708,18.4784,18.4713,0.0000,0,0,0,0,0,0,0.0000,0.4497,0.0000,0
50,5074.085691791,18.4543,18.4065,0.0000,0,0,0,0,0,0,0.0000,0.4479,0.0000,0
51,5074.102360083,20.2231,19.8544,0.0000,0,0,0,0,0,0,0.0000,0.4689,0.0000,0
52,5074.119028375,22.8285,22.1349,0.0000,0,0,0,0,0,0,0.0000,0.4480,0.0000,0
53,5074.135696625,20.3050,20.1647,0.0000,0,0,0,0,0,0,0.0000,0.4824,0.0000,0
54,5074.152364916,21.9667,21.0952,0.0000,0,0,0,0,0,0,0.0000,0.4282,0.0000,0
55,5074.169033166,21.5401,20.7838,0.0000,0,0,0,0,0,0,0.0000,0.5293,0.0000,0
56,5074.185701333,67.1755,65.5875,0.0000,0,0,0,0,0,0,35.3377,47.6727,0.0000,0
57,5074.202369541,21.4722,21.2916,0.6502,2,4,0,0,0,2,0.0000,0.9430,0.8776,1
58,5074.219037875,21.5688,21.4236,1.5030,2,7,0,0,0,2,0.0000,1.8873,1.8182,1
59,5074.235706125,24.6159,23.1062,2.0263,2,7,0,0,0,2,0.0000,2.5297,2.4604,1
60,5074.252374375,35.1874,34.4000,11.8079,2,14,0,0,1,1,0.0000,12.8267,12.7352,1
61,5074.269042541,21.0808,20.8451,0.5727,2,4,0,0,0,2,0.0000,0.8482,0.7673,1
62,5074.285710791,22.2023,21.6577,1.1640,2,6,0,0,0,2,0.0000,1.5546,1.4577,1
63,5074.302379083,21.9188,21.1014,1.8392,2,7,0,0,0,2,0.0000,2.2876,2.2164,1
64,5074.319047333,37.5351,36.9687,17.7588,2,13,0,0,1,1,0.0000,18.7148,18.6375,1
65,5074.335715625,19.9865,19.7907,0.5703,2,4,0,0,0,2,0.0000,0.8353,0.7601,1
66,5074.352383875,20.2800,20.0526,1.1480,2,6,0,0,0,2,0.0000,1.5087,1.4281,1
67,5074.369052000,23.5890,22.6560,1.8740,2,7,0,0,0,2,0.0000,2.3447,2.2563,1
68,5074.385720291,41.6418,41.6437,19.8309,2,14,0,0,1,1,0.0000,22.8568,22.7754,1
69,5074.402388541,21.2742,21.0087,0.5770,2,4,0,0,0,2,0.0000,0.8639,0.7761,1
70,5074.419056833,22.0879,21.5404,1.1029,2,5,0,0,0,2,0.0000,1.4849,1.3870,1
71,5074.435725083,22.0818,21.7999,1.5550,2,5,0,0,0,2,0.0000,2.0610,1.9588,1
72,5074.469061500,40.9632,40.8379,17.6299,2,14,0,0,1,1,0.0000,21.6937,21.5994,1
73,5074.485729791,20.4007,20.1824,0.6642,2,5,0,0,0,2,0.0000,0.9466,0.8575,1
74,5074.502398000,21.0365,20.5461,1.1189,2,6,0,0,0,2,0.0000,1.5061,1.4160,1
75,5074.519066291,21.5036,21.3356,1.9650,2,7,0,0,0,2,0.0000,2.4543,2.3475,1
76,5074.535734583,39.9613,39.7990,17.2191,2,14,0,0,1,1,0.0000,21.1358,21.0148,1
77,5074.552402708,20.6089,20.2283,0.6433,2,5,0,0,0,2,0.0000,0.9289,0.8360,1
78,5074.569071000,21.0434,20.7605,1.1780,2,6,0,0,0,2,0.0000,1.5871,1.4785,1
79,5074.585739250,20.9301,20.1834,1.4279,2,5,0,0,0,2,0.0000,1.9197,1.8018,1
80,5074.602407500,39.8368,39.7004,17.2741,2,14,0,0,1,1,0.0000,21.1758,21.0786,1
81,5074.619075750,20.2649,19.7805,0.6630,2,5,0,0,0,2,0.0000,0.9540,0.8660,1
82,5074.635744041,21.1484,21.0254,1.0939,2,5,0,0,0,2,0.0000,1.4828,1.3950,1
83,5074.652412208,21.8955,21.8042,1.9557,2,7,0,0,0,2,0.0000,2.4757,2.3527,1
84,5074.669080458,40.9985,40.7675,17.1480,2,13,0,0,1,1,0.0000,21.0386,20.9444,1
85,5074.685748750,24.0274,23.1324,0.6862,2,5,0,0,0,2,0.0000,1.0045,0.9009,1
86,5074.702416958,23.5480,23.2810,1.1652,2,6,0,0,0,2,0.0000,1.5506,1.4581,1
87,5074.719085208,22.7873,22.2083,1.8132,2,7,0,0,0,2,0.0000,2.2658,2.1773,1
88,5074.735753500,39.7460,39.7025,17.1490,2,14,0,0,1,1,0.0000,20.9545,20.8705,1
89,5074.752421625,19.1020,19.0438,0.6480,2,5,0,0,0,2,0.0000,0.9286,0.8378,1
90,5074.769089916,21.4160,21.0227,1.0710,2,6,0,0,0,2,0.0000,1.4491,1.3543,1
91,5074.785758166,21.6908,21.3755,1.6701,2,7,0,0,0,2,0.0000,2.1122,2.0271,1
92,5074.802426416,40.5789,40.5429,16.9518,2,14,0,0,1,1,0.0000,21.0417,20.9582,1
93,5074.819094708,21.4950,21.3431,0.7238,2,5,0,0,0,2,0.0000,1.0855,0.9470,1
94,5074.835762833,22.8049,22.1234,1.0769,2,6,0,0,0,2,0.0000,1.4428,1.3487,1
95,5074.852431041,22.6827,22.0386,1.6050,2,7,0,0,0,2,0.0000,2.0220,1.9354,1
96,5074.869099291,40.2763,39.8117,16.9349,2,14,0,0,1,1,0.0000,20.8557,20.7567,1
97,5074.885767583,18.6952,18.6995,0.5751,2,5,0,0,0,2,0.0000,0.8414,0.7523,1
98,5074.902435833,20.0096,19.8363,0.9878,2,6,0,0,0,2,0.0000,1.3216,1.2340,1
99,5074.919104125,21.4228,20.4860,1.3521,2,6,0,0,0,2,0.0000,1.7999,1.6903,1
100,5074.935772208,40.7672,40.5682,17.0441,2,14,0,0,1,1,0.0000,21.1735,21.0809,1
101,5074.952440500,21.2718,21.1465,0.5589,2,5,0,0,0,2,0.0000,0.8165,0.7278,1
102,5074.969108708,20.5844,20.5857,0.9441,2,6,0,0,0,2,0.0000,1.2688,1.1833,1
103,5074.985777041,22.2270,21.2855,1.1950,2,5,0,0,0,2,0.0000,1.5927,1.5081,1
104,5075.002445291,39.3204,38.9619,15.9409,2,13,0,0,1,1,0.0000,19.9540,19.8633,1
105,5075.019113500,19.9286,19.9149,0.5422,2,5,0,0,0,2,0.0000,0.7982,0.7062,1
106,5075.035781625,20.7113,20.6843,0.9160,2,6,0,0,0,2,0.0000,1.2425,1.1507,1
107,5075.052449916,21.6350,21.4836,1.5061,2,7,0,0,0,2,0.0000,1.9300,1.8191,1
108,5075.069118166,39.2330,38.9397,15.7580,2,14,0,0,1,1,0.0000,19.7057,19.6068,1
109,5075.085786416,21.5965,20.5782,0.5829,2,5,0,0,0,2,0.0000,0.8627,0.7574,1
110,5075.102454625,24.5295,21.7084,1.7161,2,6,0,0,0,2,0.0000,2.1707,2.0676,1
111,5075.119122791,27.9574,23.9189,1.4119,2,6,0,0,0,2,0.0000,2.0568,1.9198,1
112,5075.135791083,42.2556,41.2320,16.1448,2,14,0,0,1,1,0.0000,20.3342,20.2348,1
113,5075.152459250,20.7169,20.5563,0.5779,2,5,0,0,0,2,0.0000,0.8628,0.7577,1
114,5075.169127541,20.4999,20.4492,0.9978,2,6,0,0,0,2,0.0000,1.3447,1.2478,1
115,5075.185795791,21.4860,20.6831,1.5302,2,7,0,0,0,2,0.0000,1.9756,1.8598,1
116,5075.202464083,39.1575,39.1589,15.7697,2,14,0,0,1,1,0.0000,19.8576,19.7517,1
117,5075.219132208,21.3001,20.3713,0.5820,2,5,0,0,0,2,0.0000,0.8530,0.7515,1
118,5075.235800333,21.4218,20.5699,0.9289,2,6,0,0,0,2,0.0000,1.2572,1.1610,1
119,5075.252468666,21.0168,20.4986,1.2417,2,6,0,0,0,2,0.0000,1.6834,1.5545,1
120,5075.269136916,38.6575,38.0378,15.7008,2,14,0,0,1,1,0.0000,19.6433,19.5349,1
121,5075.285805166,20.0678,19.5986,0.5689,2,5,0,0,0,2,0.0000,0.8415,0.7405,1
122,5075.302473416,20.7905,20.5615,1.0159,2,6,0,0,0,2,0.0000,1.4301,1.2700,1
123,5075.319141541,21.8435,21.5987,1.4191,2,7,0,0,0,2,0.0000,1.8259,1.7232,1
124,5075.335809750,38.1313,37.9902,14.8752,2,14,0,0,1,1,0.0000,18.6980,18.5831,1
125,5075.352478000,20.5723,20.2339,0.4659,2,4,0,0,0,2,0.0000,0.7263,0.6265,1
126,5075.369146250,21.0792,20.4149,0.6781,2,4,0,0,0,2,0.0000,1.0065,0.9083,1
127,5075.385814500,20.5823,20.5310,1.1170,2,5,0,0,0,2,0.0000,1.5164,1.4194,1
128,5075.402482625,37.6206,37.5339,14.5440,2,13,0,0,1,1,0.0000,18.5365,18.4303,1
129,5075.419150791,20.7663,20.0517,0.4952,2,5,0,0,0,2,0.0000,0.7539,0.6478,1
130,5075.435819083,21.4709,21.2397,0.8659,2,6,0,0,0,2,0.0000,1.2058,1.0863,1
131,5075.452487333,21.2156,21.1053,1.1709,2,6,0,0,0,2,0.0000,1.5593,1.4581,1
132,5075.469155541,37.7330,37.5298,14.2760,2,14,0,0,1,1,0.0000,18.1093,17.9998,1
133,5075.485823791,20.2354,20.1213,0.5791,2,5,0,0,0,2,0.0000,0.8592,0.7480,1
134,5075.502491958,20.8285,20.5035,0.9322,2,6,0,0,0,2,0.0000,1.3162,1.1783,1
135,5075.519160125,20.2822,20.2019,1.4188,2,7,0,0,0,2,0.0000,1.8259,1.7179,1
136,5075.535828416,37.5115,37.4394,14.5161,2,14,0,0,1,1,0.0000,18.3137,18.2010,1
137,5075.552496625,21.1974,20.7548,0.5741,2,5,0,0,0,2,0.0000,0.8645,0.7475,1
138,5075.569164875,19.8367,19.3181,0.9511,2,6,0,0,0,2,0.0000,1.3048,1.1964,1
139,5075.585833041,21.2135,20.6510,1.3149,2,6,0,0,0,2,0.0000,1.7487,1.6388,1
140,5075.602501208,38.2374,37.6934,14.1211,2,14,0,0,1,1,0.0000,18.4381,18.3352,1
141,5075.619169416,22.9822,20.2749,0.6661,2,5,0,0,0,2,0.0000,1.0112,0.8726,1
142,5075.635837625,20.5012,20.3362,1.0102,2,6,0,0,0,2,0.0000,1.3864,1.2683,1
143,5075.652505875,22.7743,22.4103,1.6580,2,7,0,0,0,2,0.0000,2.1310,2.0067,1
144,5075.669174083,38.2440,37.9336,15.0189,2,14,0,0,1,1,0.0000,18.9905,18.8434,1
145,5075.685842208,20.7553,20.5226,0.6189,2,5,0,0,0,2,0.0000,0.9211,0.8043,1
146,5075.702510458,21.4770,21.1844,1.0231,2,5,0,0,0,2,0.0000,1.4707,1.3132,1
147,5075.719178666,23.3303,22.2165,1.3971,2,6,0,0,0,2,0.0000,1.8589,1.7542,1
148,5075.735846833,40.9586,40.6406,16.2110,2,14,0,0,1,1,0.0000,20.4227,20.2997,1
149,5075.752515166,22.0242,21.7124,0.6769,2,5,0,0,0,2,0.0000,1.0322,0.8799,1
150,5075.769183375,24.1073,23.4697,1.0898,2,6,0,0,0,2,0.0000,1.5097,1.3870,1
151,5075.785851458,21.4945,21.1172,1.3950,2,6,0,0,0,2,0.0000,1.8674,1.7512,1
152,5075.802519708,48.7962,48.6232,25.1749,2,14,0,0,1,1,0.0000,29.1185,29.0083,1
153,5075.819187958,20.0662,20.0050,0.7031,2,6,0,0,0,2,0.0000,0.9964,0.8952,1
154,5075.835856208,19.7929,19.7941,1.0238,2,6,0,0,0,2,0.0000,1.3917,1.2910,1
155,5075.852524416,21.2269,21.1082,1.6570,2,7,0,0,0,2,0.0000,2.1097,2.0118,1
156,5075.869192583,49.0405,48.8151,25.8451,2,14,0,0,1,1,0.0000,29.8498,29.7512,1
157,5075.885860583,19.8840,19.7943,0.5889,2,5,0,0,0,2,0.0000,0.8751,0.7742,1
158,5075.902528916,20.5259,20.3566,1.0149,2,6,0,0,0,2,0.0000,1.3895,1.2851,1
159,5075.919197208,21.0468,20.7707,1.6389,2,7,0,0,0,2,0.0000,2.0949,1.9917,1
160,5075.935865333,38.8650,38.4940,15.5818,2,14,0,0,1,1,0.0000,19.5984,19.4838,1
161,5075.952533666,19.8634,19.5883,0.6189,2,5,0,0,0,2,0.0000,0.9293,0.8117,1
162,5075.969201708,21.0997,20.8737,1.2612,2,7,0,0,0,2,0.0000,1.6616,1.5428,1
163,5075.985869916,22.7460,22.5131,1.8020,2,7,0,0,0,2,0.0000,2.3565,2.2325,1
164,5076.002538166,63.0000,62.3528,37.2488,2,14,0,0,1,1,0.0000,41.4067,41.2644,1
165,5076.019206208,21.6464,21.2429,0.6461,2,5,0,0,0,2,0.0000,0.9707,0.8403,1
166,5076.035874625,21.6842,21.4307,1.0190,2,5,0,0,0,2,0.0000,1.4291,1.3107,1
167,5076.052542791,22.8857,21.8609,1.0171,2,4,0,0,0,2,0.0000,1.4778,1.3648,1
168,5076.069210708,84.7455,84.3628,60.7350,2,13,0,0,1,1,0.0000,65.2232,65.0968,1
169,5076.085879166,21.2819,20.6099,0.5372,2,4,0,0,0,2,0.0000,0.8406,0.7284,1
170,5076.102547291,21.3914,21.1000,1.1189,2,6,0,0,0,2,0.0000,1.5365,1.4091,1
171,5076.119215541,22.3472,21.8412,1.4029,2,5,0,0,0,2,0.0000,1.9012,1.7870,1
172,5076.135883791,52.4327,51.8505,27.6930,2,14,0,0,1,1,0.0000,31.9130,31.7808,1
173,5076.152552000,20.9006,20.5933,0.6611,2,5,0,0,0,2,0.0000,0.9785,0.8619,1
174,5076.169220125,21.2473,21.1472,1.2259,2,6,0,0,0,2,0.0000,1.6427,1.5178,1
175,5076.185888291,24.0532,22.9497,1.8408,2,7,0,0,0,2,0.0000,2.3632,2.2500,1
176,5076.202556500,51.6925,51.2887,27.4298,2,14,0,0,1,1,0.0000,31.5705,31.4150,1
177,5076.219224708,20.5318,20.2518,0.6521,2,5,0,0,0,2,0.0000,0.9766,0.8511,1
178,5076.235893000,21.1390,20.1423,1.2929,2,7,0,0,0,2,0.0000,1.6908,1.5740,1
179,5076.252561208,21.9264,21.8294,1.8041,2,7,0,0,0,2,0.0000,2.3051,2.1830,1
180,5076.269229250,50.5586,50.5194,27.3197,2,14,0,0,1,1,0.0000,31.5792,31.4591,1
181,5076.285897458,21.2044,20.9949,0.5617,2,4,0,0,0,2,0.0000,0.8876,0.7615,1
182,5076.302565708,20.6022,20.4268,1.1158,2,6,0,0,0,2,0.0000,1.5222,1.4060,1
183,5076.319233916,23.0058,22.8992,2.0668,2,8,0,0,0,2,0.0000,2.5860,2.4615,1
184,5076.335902166,55.6093,55.3348,27.6649,2,14,0,0,1,1,0.0000,32.4088,32.2520,1
185,5076.352570250,20.5748,20.0810,0.6630,2,5,0,0,0,2,0.0000,1.0082,0.8675,1
186,5076.369238458,22.5826,21.9147,1.0722,2,6,0,0,0,2,0.0000,1.4672,1.3487,1
187,5076.385906708,21.6416,21.4482,1.7259,2,7,0,0,0,2,0.0000,2.2053,2.0933,1
188,5076.402574916,40.9474,40.8195,17.0021,2,14,0,0,1,1,0.0000,21.3043,21.1757,1
189,5076.419243083,22.2678,21.4422,0.8888,2,6,0,0,0,2,0.0000,1.4207,1.1472,1
190,5076.435911333,38.8408,24.2648,1.1911,2,6,0,0,0,2,0.0000,1.6712,1.5015,1
191,5076.452579375,24.5932,24.4655,1.8449,2,7,0,0,0,2,0.0000,2.4155,2.2524,1
192,5076.469247625,86.6872,86.4691,61.2268,2,14,0,0,1,1,0.0000,65.5860,65.4522,1
193,5076.485915791,21.9796,21.4901,0.7291,2,5,0,0,0,2,0.0000,1.1017,0.9565,1
194,5076.502584041,22.4094,22.3255,1.1308,2,6,0,0,0,2,0.0000,1.5653,1.4357,1
195,5076.519252208,25.6385,24.4122,1.7850,2,7,0,0,0,2,0.0000,2.3279,2.1844,1
196,5076.535920291,54.0466,53.4323,27.8511,2,14,0,0,1,1,0.0000,32.0699,31.9442,1
197,5076.552588583,21.3915,21.0593,0.6728,2,5,0,0,0,2,0.0000,1.0085,0.8815,1
198,5076.569256791,22.7225,22.4441,1.1418,2,6,0,0,0,2,0.0000,1.5862,1.4503,1
199,5076.585925000,21.7781,21.4849,1.7619,2,7,0,0,0,2,0.0000,2.2757,2.1445,1
200,5076.602593166,51.2616,51.1045,27.0751,2,14,0,0,1,1,0.0000,31.5039,31.2855,1
201,5076.619261416,21.1150,20.3645,0.6402,2,5,0,0,0,2,0.0000,0.9541,0.8412,1
202,5076.635929541,21.1937,20.5289,1.3061,2,7,0,0,0,2,0.0000,1.7114,1.5938,1
203,5076.652597708,22.2921,21.9538,2.0680,2,8,0,0,0,2,0.0000,2.6049,2.4569,1
204,5076.669265958,51.5327,51.5243,27.3759,2,14,0,0,1,1,0.0000,31.9137,31.7860,1
205,5076.685934166,22.1364,21.0296,0.7472,2,6,0,0,0,2,0.0000,1.0813,0.9500,1
206,5076.702602333,21.0425,20.7430,1.0838,2,6,0,0,0,2,0.0000,1.4879,1.3679,1
207,5076.719270541,22.4470,21.9578,1.6887,2,7,0,0,0,2,0.0000,2.1786,2.0567,1
208,5076.735938541,41.4501,40.9770,17.1230,2,14,0,0,1,1,0.0000,21.4452,21.3311,1
209,5076.752606875,21.0093,20.7187,0.7298,2,5,0,0,0,2,0.0000,1.1171,0.9688,1
210,5076.769275083,21.7986,21.6300,1.3199,2,7,0,0,0,2,0.0000,1.7346,1.6168,1
211,5076.785943125,23.4739,22.5163,2.0170,2,8,0,0,0,2,0.0000,2.4978,2.3833,1
212,5076.802611500,41.2389,41.2368,16.9361,2,14,0,0,1,1,0.0000,21.1898,21.0733,1
213,5076.819279500,20.3259,19.9911,0.6402,2,5,0,0,0,2,0.0000,0.9618,0.8428,1
214,5076.835947791,22.4054,21.9558,1.4319,2,7,0,0,0,2,0.0000,1.8547,1.7277,1
215,5076.852615958,22.3725,21.9062,1.9801,2,8,0,0,0,2,0.0000,2.4646,2.3487,1
216,5076.869284208,41.7232,41.2135,17.0391,2,14,0,0,1,1,0.0000,21.2597,21.1431,1
217,5076.885952375,20.5708,20.3758,0.6790,2,5,0,0,0,2,0.0000,1.0123,0.8921,1
218,5076.902620583,21.2309,20.5816,1.0872,2,6,0,0,0,2,0.0000,1.5147,1.3868,1
219,5076.919288708,23.2484,23.0872,1.7879,2,7,0,0,0,2,0.0000,2.3356,2.1818,1
220,5076.935956875,43.0999,42.8620,17.2379,2,14,0,0,1,1,0.0000,21.5461,21.4230,1
221,5076.952625041,20.9951,20.6945,0.5748,2,4,0,0,0,2,0.0000,0.9187,0.7896,1
222,5076.969293291,20.9528,20.7444,1.0102,2,5,0,0,0,2,0.0000,1.4271,1.3040,1
223,5076.985961500,23.5960,23.2272,1.4749,2,5,0,0,0,2,0.0000,2.0409,1.9140,1
224,5077.002629708,56.8005,54.8186,28.5962,2,14,0,0,1,1,0.0000,33.2441,33.1201,1
225,5077.019297791,20.8879,20.4596,0.5980,2,5,0,0,0,2,0.0000,0.9240,0.7917,1
226,5077.035965958,21.2793,21.0842,1.0540,2,6,0,0,0,2,0.0000,1.4515,1.3287,1
227,5077.052634166,21.1159,20.9531,1.4400,2,6,0,0,0,2,0.0000,1.9327,1.8120,1
228,5077.069302416,46.1031,45.4034,22.0380,2,14,0,0,1,1,0.0000,26.2598,26.1339,1
229,5077.085970625,21.1218,20.4694,0.5922,2,5,0,0,0,2,0.0000,0.8987,0.7787,1
230,5077.102638708,20.1581,19.9747,1.0130,2,6,0,0,0,2,0.0000,1.3940,1.2839,1
231,5077.119306875,50.7809,50.7295,27.7762,2,14,0,0,1,1,0.0000,32.0673,31.9497,1
232,5077.135975041,50.6528,50.5042,23.5071,2,14,0,0,1,1,0.0000,31.4375,31.3180,1
233,5077.152643291,21.4845,21.3070,0.5949,2,5,0,0,0,2,0.0000,0.8996,0.7898,1
234,5077.169311500,23.0198,22.2002,1.3070,2,7,0,0,0,2,0.0000,1.7092,1.5925,1
235,5077.185979708,24.0696,22.8707,1.7221,2,7,0,0,0,2,0.0000,2.2549,2.1005,1
236,5077.202647791,55.7366,42.8438,16.8040,2,14,0,0,1,1,0.0000,21.1274,20.9385,1
237,5077.219316041,22.4837,20.8046,0.6211,2,5,0,0,0,2,0.0000,0.9243,0.8138,1
238,5077.235984208,22.0147,20.5843,1.0817,2,6,0,0,0,2,0.0000,1.4867,1.3694,1
239,5077.252652375,21.3216,20.8714,1.9350,2,8,0,0,0,2,0.0000,2.4071,2.2989,1
240,5077.269320625,52.3880,52.2089,28.5561,2,14,0,0,1,1,0.0000,33.1387,33.0295,1
241,5077.285988833,20.8727,20.7071,0.7579,2,6,0,0,0,2,0.0000,1.0749,0.9640,1
242,5077.302656916,21.2957,21.0135,1.4091,2,8,0,0,0,2,0.0000,1.8045,1.6956,1
243,5077.319325125,22.5527,22.3549,2.0149,2,9,0,0,0,2,0.0000,2.4824,2.3687,1
244,5077.335993250,51.8010,50.9780,27.4379,2,14,0,0,1,1,0.0000,31.5487,31.4380,1
245,5077.352661500,21.2522,21.0412,0.6220,2,5,0,0,0,2,0.0000,0.9336,0.8170,1
246,5077.369329708,21.5259,21.5270,1.0819,2,6,0,0,0,2,0.0000,1.4886,1.3720,1
247,5077.385997750,21.1635,20.7644,1.6742,2,7,0,0,0,2,0.0000,2.1635,2.0443,1
248,5077.402666000,42.4550,42.2607,17.4789,2,14,0,0,1,1,0.0000,21.8505,21.7057,1
249,5077.419334166,22.9105,22.5386,0.5951,2,5,0,0,0,2,0.0000,0.8803,0.7765,1
250,5077.436002333,21.1296,20.5100,0.9701,2,5,0,0,0,2,0.0000,1.3554,1.2400,1
251,5077.452670541,20.3142,20.3159,1.6570,2,7,0,0,0,2,0.0000,2.1086,2.0007,1
252,5077.469338750,40.2095,40.1245,16.5751,2,14,0,0,1,1,0.0000,20.9215,20.8068,1
253,5077.486006833,19.1791,18.8183,0.6301,2,5,0,0,0,2,0.0000,1.0033,0.8321,1
254,5077.502675083,21.4581,20.9247,1.0681,2,6,0,0,0,2,0.0000,1.5450,1.3598,1
255,5077.519343291,21.7238,21.1066,1.5728,2,7,0,0,0,2,0.0000,2.0040,1.9039,1
256,5077.536011416,66.4196,66.0894,42.5000,2,14,0,0,1,1,0.0000,46.6226,46.5241,1
257,5077.552679583,20.3905,19.8883,0.5801,2,5,0,0,0,2,0.0000,0.8598,0.7576,1
258,5077.569347791,21.0428,20.7611,0.9780,2,6,0,0,0,2,0.0000,1.3350,1.2376,1
259,5077.586015958,21.1288,20.7197,1.5340,2,7,0,0,0,2,0.0000,1.9772,1.8663,1
260,5077.602684083,39.9790,39.6209,16.6240,2,14,0,0,1,1,0.0000,20.6969,20.5915,1
261,5077.619352333,19.6855,19.4080,0.4952,2,4,0,0,0,2,0.0000,0.7855,0.6804,1
262,5077.636020500,20.6795,19.9493,0.7391,2,4,0,0,0,2,0.0000,1.0998,0.9936,1
263,5077.652688708,21.1657,20.9968,1.2691,2,6,0,0,0,2,0.0000,1.6871,1.5893,1
264,5077.669356833,40.4426,40.2817,16.7022,2,14,0,0,1,1,0.0000,20.7371,20.6085,1
265,5077.686024958,20.4800,20.2600,0.5927,2,5,0,0,0,2,0.0000,0.8776,0.7767,1
266,5077.702693250,21.2186,20.8527,0.9119,2,6,0,0,0,2,0.0000,1.2489,1.1482,1
267,5077.719361375,20.7879,20.6277,1.2321,2,6,0,0,0,2,0.0000,1.6799,1.5578,1
268,5077.736029583,38.8581,38.4077,16.0267,2,13,0,0,1,1,0.0000,20.0269,19.9286,1
269,5077.752697750,19.3813,19.3040,0.4869,2,4,0,0,0,2,0.0000,0.7685,0.6641,1
270,5077.769365875,19.6582,19.4640,0.7122,2,4,0,0,0,2,0.0000,1.0929,0.9644,1
271,5077.786034083,20.5288,20.0683,1.1590,2,5,0,0,0,2,0.0000,1.5989,1.4808,1
272,5077.802702208,38.9698,38.6250,15.6391,2,14,0,0,1,1,0.0000,19.8572,19.7546,1
273,5077.819370375,20.4257,20.1287,0.5400,2,5,0,0,0,2,0.0000,0.8242,0.7130,1
274,5077.836038625,21.2267,20.6117,0.8841,2,6,0,0,0,2,0.0000,1.2357,1.1166,1
275,5077.852706833,22.3780,21.6009,1.1051,2,5,0,0,0,2,0.0000,1.5087,1.4037,1
276,5077.869374916,38.7632,38.2443,15.1067,2,13,0,0,1,1,0.0000,19.3415,19.2315,1
277,5077.886043041,20.3864,20.2896,0.5181,2,5,0,0,0,2,0.0000,0.7763,0.6777,1
278,5077.902711291,20.8307,20.6538,0.8621,2,6,0,0,0,2,0.0000,1.1843,1.0834,1
279,5077.919379458,21.2548,20.9493,1.3959,2,7,0,0,0,2,0.0000,1.8115,1.6996,1
280,5077.936047708,62.3523,62.0391,38.3613,2,14,0,0,1,1,0.0000,42.4127,42.3122,1
281,5077.952715708,21.0459,20.7588,0.5329,2,5,0,0,0,2,0.0000,0.8147,0.7038,1
282,5077.969383916,19.8565,19.6573,0.9081,2,6,0,0,0,2,0.0000,1.2648,1.1455,1
283,5077.986052125,19.8656,19.3217,1.0850,2,6,0,0,0,2,0.0000,1.4629,1.3612,1
284,5078.002720291,73.6923,73.6325,51.2800,2,14,0,0,1,1,0.0000,55.2204,55.1272,1
285,5078.019388500,19.7581,19.5867,0.4880,2,5,0,0,0,2,0.0000,0.7441,0.6435,1
286,5078.036056708,19.6575,19.2232,0.6070,2,4,0,0,0,2,0.0000,0.9167,0.8172,1
287,5078.052724791,19.9038,19.0198,0.8311,2,4,0,0,0,2,0.0000,1.2040,1.1068,1
288,5078.069392958,35.8585,34.9407,13.5329,2,13,0,0,1,1,0.0000,17.4040,17.3109,1
289,5078.086061125,19.4370,19.2988,0.4101,2,4,0,0,0,2,0.0000,0.6516,0.5582,1
290,5078.102729375,19.2006,19.1020,0.5960,2,4,0,0,0,2,0.0000,0.8939,0.7988,1
291,5078.119397583,20.0048,19.7011,0.9532,2,5,0,0,0,2,0.0000,1.3213,1.2126,1
292,5078.136065750,35.3279,35.0836,13.5169,2,13,0,0,1,1,0.0000,17.3488,17.2421,1
293,5078.152733833,19.0906,19.0951,0.4992,2,5,0,0,0,2,0.0000,0.7509,0.6574,1
294,5078.169402041,19.9048,19.7697,0.8059,2,6,0,0,0,2,0.0000,1.1237,1.0200,1
295,5078.186070208,20.4138,20.0716,1.0772,2,6,0,0,0,2,0.0000,1.4534,1.3550,1
296,5078.202738416,36.7088,36.6230,13.6919,2,14,0,0,1,1,0.0000,17.5630,17.4723,1
297,5078.219406583,19.6590,19.1599,0.4692,2,5,0,0,0,2,0.0000,0.7135,0.6190,1
298,5078.236074625,19.3506,19.2753,0.7913,2,6,0,0,0,2,0.0000,1.0907,0.9945,1
299,5078.252742833,19.9094,19.3098,1.0273,2,6,0,0,0,2,0.0000,1.3764,1.2888,1
300,5078.269411083,36.3863,35.9903,13.3281,2,14,0,0,1,1,0.0000,17.2058,17.0816,1
301,5078.286079250,19.4563,19.1451,0.4070,2,4,0,0,0,2,0.0000,0.6522,0.5537,1
302,5078.302747416,19.4587,19.3518,0.5703,2,4,0,0,0,2,0.0000,0.8698,0.7615,1
303,5078.319415541,19.4008,19.3460,0.9201,2,5,0,0,0,2,0.0000,1.2882,1.1730,1
304,5078.336083625,35.9522,35.7683,13.2358,2,13,0,0,1,1,0.0000,17.0329,16.9344,1
305,5078.352751833,19.3449,19.1972,0.4549,2,5,0,0,0,2,0.0000,0.6964,0.6000,1
306,5078.369420083,19.5423,19.3217,0.7777,2,6,0,0,0,2,0.0000,1.0865,0.9804,1
307,5078.386088208,20.4405,20.0639,1.2009,2,7,0,0,0,2,0.0000,1.5476,1.4537,1
308,5078.402756416,70.9394,70.7547,48.3229,2,14,0,0,1,1,0.0000,52.1970,52.0983,1
309,5078.419424666,20.4071,20.0464,0.3881,2,4,0,0,0,2,0.0000,0.6450,0.5364,1
310,5078.436092666,19.8238,19.7068,0.5639,2,4,0,0,0,2,0.0000,0.8649,0.7496,1
311,5078.452760875,20.3624,20.2420,0.8671,2,5,0,0,0,2,0.0000,1.2065,1.0906,1
312,5078.469429041,64.6686,64.4331,41.6129,2,13,0,0,1,1,0.0000,45.2603,45.1543,1
313,5078.486097291,18.9620,18.5473,0.4380,2,5,0,0,0,2,0.0000,0.6835,0.5679,1
314,5078.502765500,19.8544,19.5169,0.6800,2,6,0,0,0,2,0.0000,0.9500,0.8436,1
315,5078.519433500,19.8439,19.5293,0.8600,2,6,0,0,0,2,0.0000,1.1737,1.0643,1
316,5078.536101708,34.5528,34.4954,12.5060,2,14,0,0,1,1,0.0000,16.1611,16.0489,1
317,5078.552769875,19.0765,19.0077,0.4098,2,5,0,0,0,2,0.0000,0.6258,0.5359,1
318,5078.569438041,20.2268,19.2275,0.6762,2,6,0,0,0,2,0.0000,0.9376,0.8439,1
319,5078.586106291,19.6453,19.6322,0.8512,2,6,0,0,0,2,0.0000,1.1578,1.0616,1
320,5078.602774458,42.9290,42.1953,20.3280,2,14,0,0,1,1,0.0000,23.9629,23.8747,1
321,5078.619442500,18.9582,18.7438,0.4048,2,5,0,0,0,2,0.0000,0.6446,0.5328,1
322,5078.636110708,19.4243,19.2771,0.6771,2,6,0,0,0,2,0.0000,0.9356,0.8438,1
323,5078.652778916,20.0771,19.9248,0.8612,2,6,0,0,0,2,0.0000,1.2112,1.0806,1
324,5078.669447041,65.5477,65.4544,43.9899,2,14,0,0,1,1,0.0000,47.5060,47.4149,1
325,5078.686115333,18.9125,18.8327,0.3529,2,4,0,0,0,2,0.0000,0.6068,0.4746,1
326,5078.702783500,20.6651,20.2889,0.6220,2,5,0,0,0,2,0.0000,0.9051,0.7927,1
327,5078.719451541,20.9390,20.0986,0.8991,2,5,0,0,0,2,0.0000,1.2489,1.1203,1
328,5078.736119708,35.1900,34.3980,12.0451,2,13,0,0,1,1,0.0000,15.6727,15.5741,1
329,5078.752787916,19.3940,18.9121,0.3860,2,5,0,0,0,2,0.0000,0.5930,0.5041,1
330,5078.769456083,24.3542,22.5527,0.9201,2,6,0,0,0,2,0.0000,1.2594,1.1239,1
331,5078.786124250,27.7612,20.4757,0.8922,2,6,0,0,0,2,0.0000,1.2132,1.1129,1
332,5078.802792333,37.5456,37.0845,12.1019,2,13,0,0,1,1,0.0000,16.1717,15.9709,1
333,5078.819460541,23.1860,21.5850,0.4690,2,5,0,0,0,2,0.0000,0.8330,0.6122,1
334,5078.836128750,23.9419,23.3320,0.7081,2,6,0,0,0,2,0.0000,0.9854,0.8885,1
335,5078.852796916,22.3022,21.3783,0.8609,2,6,0,0,0,2,0.0000,1.1848,1.0712,1
336,5078.869465083,35.1378,34.8626,11.7052,2,13,0,0,1,1,0.0000,15.3010,15.2113,1
337,5078.886133291,20.6240,19.7533,0.3502,2,4,0,0,0,2,0.0000,0.5657,0.4767,1
338,5078.902801375,20.3589,19.7814,0.5400,2,4,0,0,0,2,0.0000,0.8369,0.7160,1
339,5078.919469541,20.5218,20.4642,0.8430,2,6,0,0,0,2,0.0000,1.1411,1.0516,1
340,5078.936137750,41.3873,37.2040,11.7152,2,13,0,0,1,1,0.0000,15.6123,15.4856,1
341,5078.952805875,24.3633,21.3686,0.4239,2,5,0,0,0,2,0.0000,0.6526,0.5510,1
342,5078.969474083,21.0005,19.9502,0.7441,2,6,0,0,0,2,0.0000,1.0248,0.9234,1
343,5078.986142208,20.5072,20.2687,0.9141,2,6,0,0,0,2,0.0000,1.2477,1.1446,1
344,5079.002810291,34.9110,34.6514,12.0602,2,14,0,0,1,1,0.0000,15.8354,15.6993,1
345,5079.019478500,20.3905,20.0474,0.4652,2,5,0,0,0,2,0.0000,0.7331,0.6176,1
346,5079.036146666,32.1853,21.1773,0.7601,2,6,0,0,0,2,0.0000,1.0322,0.9387,1
347,5079.052814875,20.6042,20.6062,0.9298,2,6,0,0,0,2,0.0000,1.3043,1.1627,1
348,5079.069483041,34.6685,34.4005,11.6239,2,14,0,0,1,1,0.0000,15.1895,15.0885,1
349,5079.086151166,20.9045,20.4942,0.4621,2,5,0,0,0,2,0.0000,0.6950,0.5959,1
350,5079.102819250,21.5580,20.5300,0.7501,2,6,0,0,0,2,0.0000,1.0699,0.9448,1
351,5079.119487500,20.7690,20.7624,0.9482,2,6,0,0,0,2,0.0000,1.2940,1.1883,1
352,5079.136155708,35.1804,34.1349,11.7609,2,14,0,0,1,1,0.0000,15.3552,15.2512,1
353,5079.152823875,20.4872,19.7792,0.4511,2,5,0,0,0,2,0.0000,0.7235,0.5926,1
354,5079.169492000,24.3217,22.9172,0.7660,2,6,0,0,0,2,0.0000,1.0818,0.9571,1
355,5079.186160083,21.4748,21.0813,1.1592,2,7,0,0,0,2,0.0000,1.5272,1.4129,1
356,5079.202828291,42.5965,42.3013,19.7721,2,14,0,0,1,1,0.0000,23.4773,23.3770,1
357,5079.219496416,19.9846,19.7853,0.5419,2,5,0,0,0,2,0.0000,0.7944,0.6899,1
358,5079.236164666,21.4272,20.7526,0.8121,2,6,0,0,0,2,0.0000,1.1821,1.0230,1
359,5079.252832875,21.2594,21.0588,0.9511,2,6,0,0,0,2,0.0000,1.2845,1.1829,1
360,5079.269501000,69.1545,68.5938,44.9848,2,13,0,0,1,1,0.0000,48.7090,48.6015,1
361,5079.286169041,29.4218,20.3617,0.3951,2,4,0,0,0,2,0.0000,0.6477,0.5420,1
362,5079.302837291,20.8337,20.3606,0.7639,2,6,0,0,0,2,0.0000,1.0604,0.9596,1
363,5079.319505500,21.2021,20.5125,1.0941,2,6,0,0,0,2,0.0000,1.5025,1.3564,1
364,5079.336173625,34.6111,34.0675,12.1181,2,14,0,0,1,1,0.0000,15.8186,15.6690,1
365,5079.352841791,20.8023,20.0005,0.5062,2,5,0,0,0,2,0.0000,0.7720,0.6485,1
366,5079.369509833,20.5093,20.1366,0.7610,2,6,0,0,0,2,0.0000,1.0598,0.9495,1
367,5079.386178041,37.4466,35.5140,12.7051,2,14,0,0,1,1,0.0000,16.5913,16.4854,1
368,5079.402846250,58.7183,51.1479,23.2520,2,14,0,0,1,1,0.0000,30.6521,30.5375,1
369,5079.419514416,19.9582,19.6322,0.4418,2,4,0,0,0,2,0.0000,0.7444,0.6006,1
370,5079.436182541,21.5113,21.0096,0.8030,2,6,0,0,0,2,0.0000,1.1146,1.0031,1
371,5079.452850708,38.6013,37.8402,13.4201,2,14,0,0,1,1,0.0000,17.2426,17.1323,1
372,5079.469518875,55.1181,53.7981,27.0019,2,13,0,0,1,1,0.0000,34.8644,34.7629,1
373,5079.486187000,26.9751,23.5382,0.5808,2,4,0,0,0,2,0.0000,0.9220,0.7684,1
374,5079.502855166,24.8525,21.6581,0.9699,2,6,0,0,0,2,0.0000,1.3289,1.2214,1
375,5079.519523416,22.7790,20.7182,1.5171,2,7,0,0,0,2,0.0000,1.9335,1.8364,1
376,5079.536191541,48.0376,47.8853,25.7850,2,14,0,0,1,1,0.0000,29.7055,29.5984,1
377,5079.552859666,23.0049,21.9229,0.6139,2,5,0,0,0,2,0.0000,0.8924,0.7995,1
378,5079.569527791,24.1628,23.8686,1.0860,2,6,0,0,0,2,0.0000,1.6812,1.3834,1
379,5079.586195958,23.4885,22.8981,1.7409,2,7,0,0,0,2,0.0000,2.2271,2.1327,1
380,5079.602864166,50.5399,49.9477,26.1891,2,14,0,0,1,1,0.0000,30.3979,30.2930,1
381,5079.619532375,20.7694,20.3319,0.6328,2,5,0,0,0,2,0.0000,0.9932,0.8441,1
382,5079.636200541,21.8257,21.3965,1.1451,2,6,0,0,0,2,0.0000,1.5492,1.4470,1
383,5079.652868583,21.9025,21.3455,1.6410,2,7,0,0,0,2,0.0000,2.0989,1.9970,1
384,5079.669536708,48.4502,48.0013,25.6329,2,14,0,0,1,1,0.0000,29.8252,29.7290,1
385,5079.686204958,21.1418,20.8627,0.5929,2,5,0,0,0,2,0.0000,0.8653,0.7740,1
386,5079.702873083,21.3989,20.8156,1.0557,2,6,0,0,0,2,0.0000,1.4277,1.3240,1
387,5079.719541333,22.2464,21.5835,1.6949,2,7,0,0,0,2,0.0000,2.1505,2.0484,1
388,5079.736209500,80.5997,79.6787,57.7917,2,14,0,0,1,1,0.0000,61.7383,61.6283,1
389,5079.752877541,21.4385,20.2260,0.6411,2,5,0,0,0,2,0.0000,0.9394,0.8323,1
390,5079.769545708,21.6346,21.0879,1.0262,2,6,0,0,0,2,0.0000,1.3877,1.2906,1
391,5079.786213833,21.5907,20.8496,1.7169,2,7,0,0,0,2,0.0000,2.2359,2.0961,1
392,5079.802882083,82.8018,82.2248,59.4687,2,14,0,0,1,1,0.0000,63.4736,63.3825,1
393,5079.819550291,21.7873,21.5697,0.6709,2,5,0,0,0,2,0.0000,0.9733,0.8747,1
394,5079.836218458,21.0916,20.3711,1.3032,2,7,0,0,0,2,0.0000,1.7141,1.5918,1
395,5079.852886500,21.0123,20.8531,1.7378,2,7,0,0,0,2,0.0000,2.2194,2.1146,1
396,5079.869554666,51.9312,51.2692,27.8380,2,14,0,0,1,1,0.0000,32.0009,31.9003,1
397,5079.886222833,19.8756,19.7029,0.6959,2,5,0,0,0,2,0.0000,1.0189,0.9062,1
398,5079.902891041,21.6026,21.5685,1.1411,2,6,0,0,0,2,0.0000,1.5533,1.4400,1
399,5079.919559208,22.4677,22.0477,1.7982,2,7,0,0,0,2,0.0000,2.3113,2.1932,1
400,5079.936227250,54.8704,52.7046,27.8621,2,14,0,0,1,1,0.0000,32.0607,31.9510,1
401,5079.952895458,21.5338,21.2533,0.7648,2,5,0,0,0,2,0.0000,1.1086,0.9953,1
402,5079.969563625,60.2105,25.4725,2.7590,2,6,0,0,0,2,0.0000,3.2263,3.0697,1
403,5079.986231750,23.7410,23.0908,1.8113,2,7,0,0,0,2,0.0000,2.3149,2.1855,1
404,5080.002899916,41.3940,40.6230,16.4542,2,14,0,0,1,1,0.0000,20.5969,20.4908,1
405,5080.019568000,23.5841,22.3968,0.7529,2,5,0,0,0,2,0.0000,1.1122,0.9784,1
406,5080.036236208,23.1073,21.9687,1.5359,2,7,0,0,0,2,0.0000,1.9659,1.8402,1
407,5080.052904375,22.9010,22.1948,2.0423,2,8,0,0,0,2,0.0000,2.5563,2.4322,1
408,5080.069572541,56.3760,53.1981,28.3678,2,14,0,0,1,1,0.0000,32.5922,32.4711,1
409,5080.086240708,25.5535,21.9903,0.6680,2,5,0,0,0,2,0.0000,1.0163,0.8877,1
410,5080.102908875,22.3055,20.8658,1.0908,2,6,0,0,0,2,0.0000,1.4965,1.3851,1
411,5080.119577041,22.3796,21.1503,1.5299,2,6,0,0,0,2,0.0000,2.0634,1.9180,1
412,5080.136245041,47.9444,46.4853,22.4590,2,14,0,0,1,1,0.0000,27.0482,26.8513,1
413,5080.152913333,20.8183,20.5239,0.6440,2,4,0,0,0,2,0.0000,1.0743,0.8635,1
414,5080.169581500,22.3865,21.8100,1.0338,2,6,0,0,0,2,0.0000,1.4279,1.3039,1
415,5080.186249666,23.8570,22.8496,1.3461,2,6,0,0,0,2,0.0000,1.8169,1.6960,1
416,5080.202917875,178.9006,64.3422,58.9859,2,14,0,0,1,1,0.0000,85.5165,85.2889,1
417,5080.219585833,52.7944,31.9402,2.6138,2,5,0,0,0,2,0.0000,3.2923,3.1104,1
418,5080.236254083,28.1135,24.2125,1.5411,2,6,0,0,0,2,0.0000,2.0411,1.9304,1
419,5080.252922208,27.8310,24.4976,2.1760,2,6,0,0,0,2,0.0000,3.4112,2.9408,1
420,5080.269590416,59.8183,55.8236,29.3229,2,13,0,0,1,1,0.0000,34.2175,34.0918,1
421,5080.286258583,30.3700,26.9364,0.7160,2,5,0,0,0,2,0.0000,1.0407,0.9261,1
422,5080.302926750,23.7758,23.2623,1.1282,2,6,0,0,0,2,0.0000,1.6253,1.4410,1
423,5080.319594833,24.0962,22.5064,1.3020,2,6,0,0,0,2,0.0000,1.8196,1.6526,1
424,5080.336263000,82.9037,82.5805,58.1202,2,14,0,0,1,1,0.0000,62.6583,62.5367,1
425,5080.352931208,22.1750,22.1765,0.6030,2,5,0,0,0,2,0.0000,0.9176,0.7928,1
426,5080.369599333,21.9880,21.4135,1.0469,2,6,0,0,0,2,0.0000,1.4764,1.3304,1
427,5080.386267500,25.8508,25.8215,1.3349,2,6,0,0,0,2,0.0000,1.8413,1.6739,1
428,5080.402935708,45.2455,39.1999,15.6651,2,13,0,0,1,1,0.0000,19.8368,19.7299,1
429,5080.419603708,22.4113,21.8203,0.4940,2,4,0,0,0,2,0.0000,0.7970,0.6773,1
430,5080.436271958,21.2116,21.1610,0.9949,2,6,0,0,0,2,0.0000,1.3609,1.2588,1
431,5080.452940041,23.5580,21.7768,1.0948,2,5,0,0,0,2,0.0000,1.5444,1.4205,1
432,5080.469608208,41.8639,39.3386,16.0079,2,13,0,0,1,1,0.0000,20.3877,20.2745,1
433,5080.486276375,20.2742,19.5895,0.5698,2,5,0,0,0,2,0.0000,0.8604,0.7493,1
434,5080.502944458,21.8263,20.9885,0.8838,2,6,0,0,0,2,0.0000,1.2430,1.1288,1
435,5080.519612666,22.3358,21.7225,1.2813,2,6,0,0,0,2,0.0000,1.7814,1.6298,1
436,5080.536280791,44.8283,41.8669,16.1731,2,14,0,0,1,1,0.0000,20.6569,20.5531,1
437,5080.552949041,21.2937,21.1540,0.5581,2,5,0,0,0,2,0.0000,0.8478,0.7366,1
438,5080.569617166,21.8094,21.3177,0.8361,2,6,0,0,0,2,0.0000,1.1868,1.0529,1
439,5080.586285375,26.3443,24.9255,1.1837,2,6,0,0,0,2,0.0000,1.5688,1.4737,1
440,5080.602953416,46.0698,43.1636,15.2371,2,14,0,0,1,1,0.0000,19.4247,19.2878,1
441,5080.619621541,29.3932,21.9387,0.5760,2,5,0,0,0,2,0.0000,0.8872,0.7761,1
442,5080.636289750,21.2830,21.1843,0.8101,2,5,0,0,0,2,0.0000,1.1565,1.0442,1
443,5080.652957916,24.4589,23.3246,1.1210,2,5,0,0,0,2,0.0000,1.5650,1.4207,1
444,5080.669626083,43.1538,41.1645,15.7790,2,13,0,0,1,1,0.0000,20.3243,20.2220,1
445,5080.686294208,21.7796,20.7791,0.4740,2,4,0,0,0,2,0.0000,0.7773,0.6460,1
446,5080.702962291,22.3463,21.2043,0.8154,2,5,0,0,0,2,0.0000,1.1497,1.0424,1
447,5080.719630500,22.2322,21.4005,1.0469,2,5,0,0,0,2,0.0000,1.4551,1.3345,1
448,5080.736298625,42.3931,38.6105,14.2226,2,13,0,0,1,1,0.0000,18.1547,18.0463,1
449,5080.752966833,19.9599,19.6785,0.4220,2,4,0,0,0,2,0.0000,0.6802,0.5800,1
450,5080.769635000,20.1799,20.0751,0.5941,2,4,0,0,0,2,0.0000,0.9311,0.8086,1
451,5080.786303041,83.7510,21.8985,1.0049,2,5,0,0,0,2,0.0000,1.3814,1.2785,1
452,5080.802971208,43.9164,37.4824,13.4919,2,13,0,0,1,1,0.0000,17.5297,17.4234,1
453,5080.819639333,23.2249,22.5489,0.4480,2,4,0,0,0,2,0.0000,0.7784,0.6305,1
454,5080.836307541,27.5982,21.0103,0.7410,2,5,0,0,0,2,0.0000,1.0678,0.9557,1
455,5080.852975708,22.8709,21.2998,0.9992,2,5,0,0,0,2,0.0000,1.3808,1.2768,1
456,5080.869643875,39.7250,37.7010,13.5212,2,13,0,0,1,1,0.0000,17.6345,17.5097,1
457,5080.886311916,21.9578,20.6605,0.4370,2,4,0,0,0,2,0.0000,0.7481,0.5968,1
458,5080.902980000,21.7495,20.5844,0.7009,2,5,0,0,0,2,0.0000,0.9901,0.8951,1
459,5080.919648291,19.8698,19.8714,0.9000,2,5,0,0,0,2,0.0000,1.2397,1.1337,1
460,5080.936316458,40.7268,37.1669,12.9530,2,13,0,0,1,1,0.0000,16.7629,16.6697,1
461,5080.952984583,21.7765,21.5559,0.4830,2,4,0,0,0,2,0.0000,0.7775,0.6617,1
462,5080.969652750,20.6979,20.1989,0.5629,2,4,0,0,0,2,0.0000,0.9109,0.7474,1
463,5080.986320791,24.0334,22.8220,0.9363,2,5,0,0,0,2,0.0000,1.3284,1.1925,1
464,5081.002989000,36.5180,36.4190,13.3901,2,13,0,0,1,1,0.0000,17.2839,17.1751,1
465,5081.019657166,20.6513,20.6349,0.3450,2,4,0,0,0,2,0.0000,0.5843,0.4768,1
466,5081.036325291,23.7569,20.1175,0.4981,2,4,0,0,0,2,0.0000,0.7598,0.6645,1
467,5081.052993458,19.2726,19.1671,0.8378,2,5,0,0,0,2,0.0000,1.1613,1.0529,1
468,5081.069661500,35.5426,35.2581,12.8419,2,13,0,0,1,1,0.0000,16.6725,16.5588,1
469,5081.086329666,21.2174,20.1384,0.3462,2,4,0,0,0,2,0.0000,0.5774,0.4703,1
470,5081.102997833,19.4835,19.1368,0.4749,2,4,0,0,0,2,0.0000,0.7177,0.6257,1
471,5081.119666000,20.3213,19.8088,0.7949,2,5,0,0,0,2,0.0000,1.1120,0.9911,1
472,5081.136334166,35.9483,35.0600,12.5027,2,13,0,0,1,1,0.0000,16.1388,16.0257,1
473,5081.153002375,23.0532,22.6138,0.4330,2,5,0,0,0,2,0.0000,0.7916,0.5740,1
474,5081.169670333,20.3445,20.2295,0.6027,2,5,0,0,0,2,0.0000,0.8710,0.7738,1
475,5081.186338541,20.5769,20.1715,0.8488,2,5,0,0,0,2,0.0000,1.2225,1.0696,1
476,5081.203006750,34.8165,34.6665,11.9009,2,13,0,0,1,1,0.0000,15.7405,15.5662,1
477,5081.219674833,19.9478,19.6480,0.4649,2,5,0,0,0,2,0.0000,0.7310,0.6014,1
478,5081.236343000,20.4810,20.2230,0.5960,2,5,0,0,0,2,0.0000,0.8800,0.7638,1
479,5081.253011166,22.4906,21.3051,0.8271,2,6,0,0,0,2,0.0000,1.1637,1.0352,1
480,5081.269679250,33.9087,33.6822,11.3599,2,13,0,0,1,1,0.0000,14.8508,14.7451,1
481,5081.286347375,20.0080,19.7593,0.4079,2,5,0,0,0,2,0.0000,0.6321,0.5293,1
482,5081.303015583,20.5893,19.7642,0.4699,2,4,0,0,0,2,0.0000,0.7185,0.6149,1
483,5081.319683708,20.5780,19.9979,0.8998,2,5,0,0,0,2,0.0000,1.2616,1.1091,1
484,5081.336351875,35.5888,35.2477,11.7211,2,13,0,0,1,1,0.0000,15.4091,15.3072,1
485,5081.353019916,21.7007,20.2442,0.2999,2,4,0,0,0,2,0.0000,0.4955,0.4027,1
486,5081.369688041,24.2313,21.0923,0.4561,2,4,0,0,0,2,0.0000,0.7072,0.5971,1
487,5081.386356208,21.2195,21.0935,0.5858,2,4,0,0,0,2,0.0000,0.8960,0.7633,1
488,5081.403024416,63.4269,62.7310,38.7120,2,13,0,0,1,1,0.0000,42.6009,42.4460,1
489,5081.419692583,20.0201,19.8522,0.3281,2,4,0,0,0,2,0.0000,0.5618,0.4431,1
490,5081.436360708,20.3272,19.5425,0.4640,2,4,0,0,0,2,0.0000,0.7095,0.6136,1
491,5081.453028750,20.4365,19.8952,0.5600,2,4,0,0,0,2,0.0000,0.8277,0.7325,1
492,5081.469696833,33.4470,32.8644,10.9241,2,13,0,0,1,1,0.0000,14.4621,14.3511,1
493,5081.486365041,19.9912,19.7686,0.4129,2,5,0,0,0,2,0.0000,0.6613,0.5415,1
494,5081.503033250,21.2592,20.6104,0.5641,2,5,0,0,0,2,0.0000,0.8313,0.7243,1
495,5081.519701416,20.7891,20.0872,0.7930,2,5,0,0,0,2,0.0000,1.0937,0.9937,1
496,5081.536369375,66.7482,65.7822,43.0250,2,13,0,0,1,1,0.0000,47.1872,47.0932,1
497,5081.553037625,19.4405,19.3380,0.4041,2,5,0,0,0,2,0.0000,0.6263,0.5247,1
498,5081.569705750,27.3542,23.2083,1.1790,2,6,0,0,0,2,0.0000,1.5990,1.4043,1
499,5081.586373916,27.1091,23.4793,0.7701,2,5,0,0,0,2,0.0000,1.1279,0.9787,1
500,5081.603042041,45.9235,43.4395,20.3598,2,13,0,0,1,1,0.0000,24.3064,24.2064,1
501,5081.619710250,21.0030,20.0304,0.3080,2,4,0,0,0,2,0.0000,0.5159,0.4147,1
502,5081.636378291,20.8968,20.5158,0.5560,2,5,0,0,0,2,0.0000,0.8019,0.7040,1
503,5081.653046416,22.5641,22.0046,0.7091,2,5,0,0,0,2,0.0000,1.0051,0.8924,1
504,5081.669714583,32.7283,32.6091,10.2880,2,13,0,0,1,1,0.0000,13.6569,13.5469,1
505,5081.686382666,19.7063,19.4344,0.3562,2,4,0,0,0,2,0.0000,0.5930,0.4741,1
506,5081.703050916,19.0609,18.9960,0.5620,2,5,0,0,0,2,0.0000,0.8122,0.7210,1
507,5081.719719083,19.8656,19.3693,0.7570,2,5,0,0,0,2,0.0000,1.0660,0.9528,1
508,5081.736387041,32.8747,32.4888,10.3121,2,13,0,0,1,1,0.0000,13.9282,13.8291,1
509,5081.753055250,20.1139,19.4200,0.3121,2,4,0,0,0,2,0.0000,0.5293,0.4223,1
510,5081.769723416,20.0675,19.8858,0.4950,2,4,0,0,0,2,0.0000,0.7621,0.6379,1
511,5081.786391583,20.1152,19.5218,0.6831,2,5,0,0,0,2,0.0000,0.9468,0.8513,1
512,5081.803059666,39.7150,39.4040,17.1757,2,13,0,0,1,1,0.0000,20.5956,20.5017,1
513,5081.819727833,19.6517,19.3859,0.3250,2,4,0,0,0,2,0.0000,0.5358,0.4337,1
514,5081.836395916,19.9873,19.8046,0.5498,2,5,0,0,0,2,0.0000,0.8068,0.7005,1
515,5081.853064000,20.3070,19.5902,0.7570,2,5,0,0,0,2,0.0000,1.0600,0.9486,1
516,5081.869732166,33.8094,33.5255,10.6719,2,13,0,0,1,1,0.0000,14.1313,14.0275,1
517,5081.886400375,21.4490,20.9354,0.4950,2,5,0,0,0,2,0.0000,0.7581,0.6310,1
518,5081.903068541,20.7577,20.6980,0.7000,2,6,0,0,0,2,0.0000,0.9938,0.8762,1
519,5081.919736541,22.8125,22.1564,0.8781,2,6,0,0,0,2,0.0000,1.2089,1.0949,1
520,5081.936404708,47.9116,47.5308,25.4960,2,14,0,0,1,1,0.0000,29.1412,29.0263,1
521,5081.953072875,20.6813,19.6921,0.3722,2,4,0,0,0,2,0.0000,0.6512,0.5071,1
522,5081.969741000,20.6598,19.9429,0.6931,2,6,0,0,0,2,0.0000,0.9781,0.8594,1
523,5081.986409125,19.8365,19.6013,0.8953,2,6,0,0,0,2,0.0000,1.2113,1.0985,1
524,5082.003077333,33.6122,32.8699,10.5083,2,14,0,0,1,1,0.0000,13.8425,13.7313,1
525,5082.019745333,19.8968,19.5445,0.4032,2,5,0,0,0,2,0.0000,0.6461,0.5208,1
526,5082.036413458,20.9504,20.7819,0.6459,2,6,0,0,0,2,0.0000,0.9134,0.8074,1
527,5082.053081666,21.4802,21.1948,0.8168,2,5,0,0,0,2,0.0000,1.1367,1.0268,1
528,5082.069747166,33.7921,33.3201,10.8211,2,13,0,0,1,1,0.0000,14.2730,14.1660,1
529,5082.086417958,21.9086,21.5146,0.3631,2,4,0,0,0,2,0.0000,0.6193,0.4973,1
530,5082.103086083,21.2565,20.8448,0.7560,2,6,0,0,0,2,0.0000,1.0414,0.9293,1
531,5082.119754166,21.7725,21.1388,0.9389,2,6,0,0,0,2,0.0000,1.2759,1.1616,1
532,5082.136422291,39.4461,39.0920,15.5959,2,14,0,0,1,1,0.0000,19.2538,19.1440,1
533,5082.153090333,19.8798,19.6635,0.3650,2,4,0,0,0,2,0.0000,0.6087,0.4920,1
534,5082.169758541,19.5020,19.0483,0.5143,2,4,0,0,0,2,0.0000,0.7975,0.6823,1
535,5082.186426750,20.3022,20.1375,0.8349,2,5,0,0,0,2,0.0000,1.1905,1.0475,1
536,5082.203094708,48.7835,48.3096,26.1359,2,13,0,0,1,1,0.0000,29.9350,29.8288,1
537,5082.219762958,23.1048,21.5709,0.3679,2,4,0,0,0,2,0.0000,0.6200,0.5002,1
538,5082.236431083,20.1241,19.7936,0.4909,2,4,0,0,0,2,0.0000,0.7542,0.6482,1
539,5082.253099208,20.9646,20.0931,0.8240,2,5,0,0,0,2,0.0000,1.1589,1.0423,1
540,5082.269767291,47.4487,46.9002,23.0439,2,13,0,0,1,1,0.0000,26.9093,26.8025,1
541,5082.286435500,20.1852,18.9839,0.4468,2,5,0,0,0,2,0.0000,0.7145,0.5905,1
542,5082.303103541,20.4309,20.2422,0.5851,2,5,0,0,0,2,0.0000,0.8625,0.7548,1
543,5082.319771666,20.4459,20.3360,0.9139,2,6,0,0,0,2,0.0000,1.2645,1.1263,1
544,5082.336439875,34.1499,34.0000,10.8531,2,14,0,0,1,1,0.0000,14.3026,14.1818,1
545,5082.353108000,19.9470,19.4620,0.4230,2,5,0,0,0,2,0.0000,0.6718,0.5532,1
546,5082.369776083,21.0700,20.3901,0.7091,2,6,0,0,0,2,0.0000,0.9989,0.8860,1
547,5082.386444291,21.0488,20.7777,0.9370,2,6,0,0,0,2,0.0000,1.2833,1.1610,1
548,5082.403112333,44.2088,43.2390,19.9311,2,14,0,0,1,1,0.0000,23.6875,23.5734,1
549,5082.419780416,21.5512,20.7984,0.4520,2,5,0,0,0,2,0.0000,0.7134,0.5918,1
550,5082.436448583,21.6127,19.9152,0.7200,2,5,0,0,0,2,0.0000,1.0765,0.9278,1
551,5082.453116750,22.1310,21.5669,0.9968,2,5,0,0,0,2,0.0000,1.3676,1.2458,1
552,5082.469784875,39.9708,39.4533,15.7828,2,13,0,0,1,1,0.0000,19.5886,19.4675,1
553,5082.486452875,22.8986,22.3998,0.4709,2,5,0,0,0,2,0.0000,0.7311,0.6132,1
554,5082.503121041,20.5911,19.4026,0.7460,2,6,0,0,0,2,0.0000,1.0457,0.9254,1
555,5082.519789166,21.3616,21.0905,1.0488,2,6,0,0,0,2,0.0000,1.4933,1.3060,1
556,5082.536457333,42.9599,42.8398,20.3688,2,14,0,0,1,1,0.0000,24.2169,24.0990,1
557,5082.553125458,19.4330,19.2998,0.4399,2,5,0,0,0,2,0.0000,0.6994,0.5810,1
558,5082.569793583,19.9028,19.6060,0.7291,2,6,0,0,0,2,0.0000,1.0443,0.9315,1
559,5082.586461625,21.8690,21.5465,1.0591,2,6,0,0,0,2,0.0000,1.4375,1.3189,1
560,5082.603129750,35.0948,34.8335,11.7660,2,14,0,0,1,1,0.0000,15.4094,15.3079,1
561,5082.619797958,19.2731,18.9913,0.5338,2,6,0,0,0,2,0.0000,0.7755,0.6651,1
562,5082.636466041,20.4251,20.3176,0.7560,2,6,0,0,0,2,0.0000,1.0505,0.9458,1
563,5082.653134208,20.4210,20.2829,0.9646,2,6,0,0,0,2,0.0000,1.3250,1.2012,1
564,5082.669802416,34.2765,34.0835,11.9531,2,14,0,0,1,1,0.0000,15.5506,15.4349,1
565,5082.686470416,19.4998,19.3739,0.4511,2,5,0,0,0,2,0.0000,0.7052,0.5848,1
566,5082.703138500,19.8721,19.5183,0.6781,2,6,0,0,0,2,0.0000,0.9574,0.8545,1
567,5082.719806708,19.9607,19.5031,1.1182,2,7,0,0,0,2,0.0000,1.4638,1.3566,1
568,5082.736474833,33.1658,32.9008,10.7498,2,5,0,0,0,2,0.0000,14.3255,14.2240,1
569,5082.753142958,20.5478,20.3871,0.4039,2,5,0,0,0,2,0.0000,0.6279,0.5263,1
570,5082.769810958,20.9422,20.6719,0.6490,2,6,0,0,0,2,0.0000,0.9280,0.8227,1
571,5082.786479083,22.2238,20.6982,0.8950,2,6,0,0,0,2,0.0000,1.2100,1.1119,1
572,5082.803147291,34.3068,33.8946,11.8031,2,13,0,0,1,1,0.0000,15.3527,15.2529,1
573,5082.819815458,20.5985,19.3460,0.3891,2,4,0,0,0,2,0.0000,0.6287,0.5277,1
574,5082.836483500,19.8787,19.6820,0.5271,2,4,0,0,0,2,0.0000,0.7978,0.7053,1
575,5082.853151666,19.8260,19.6544,0.7021,2,4,0,0,0,2,0.0000,1.0256,0.9291,1
576,5082.869819708,42.1988,41.3874,19.9449,2,13,0,0,1,1,0.0000,23.5054,23.4033,1
577,5082.886487875,18.8841,18.8861,0.4833,2,5,0,0,0,2,0.0000,0.7393,0.6253,1
578,5082.903155958,23.7626,22.2994,0.7768,2,6,0,0,0,2,0.0000,1.0957,0.9813,1
579,5082.919824125,23.3371,22.5067,1.1218,2,6,0,0,0,2,0.0000,1.5673,1.4304,1
580,5082.936492291,61.2458,55.5948,29.8519,2,14,0,0,1,1,0.0000,33.6903,33.5900,1
581,5082.953160375,20.5196,20.3377,0.4101,2,4,0,0,0,2,0.0000,0.6586,0.5547,1
582,5082.969828458,21.4758,20.8353,0.7782,2,5,0,0,0,2,0.0000,1.1635,0.9990,1
583,5082.986496583,22.4752,21.5493,0.9308,2,5,0,0,0,2,0.0000,1.2939,1.1790,1
584,5083.003164666,44.7316,43.9678,20.5479,2,13,0,0,1,1,0.0000,24.3148,24.1674,1
585,5083.019832916,21.0121,20.4869,0.4787,2,5,0,0,0,2,0.0000,0.7410,0.6298,1
586,5083.036501041,20.9606,20.7709,0.8521,2,6,0,0,0,2,0.0000,1.1741,1.0709,1
587,5083.053169041,20.9400,20.7848,1.0872,2,6,0,0,0,2,0.0000,1.5051,1.3397,1
588,5083.069837125,36.2476,35.9342,12.2123,2,14,0,0,1,1,0.0000,16.0698,15.9532,1
589,5083.086505291,22.5552,20.8822,0.4880,2,5,0,0,0,2,0.0000,0.7433,0.6325,1
590,5083.103173458,21.3917,21.0323,0.7699,2,6,0,0,0,2,0.0000,1.0646,0.9563,1
591,5083.119841500,20.3844,20.2177,1.0319,2,6,0,0,0,2,0.0000,1.4008,1.2849,1
592,5083.136509750,34.4564,34.2878,11.9891,2,14,0,0,1,1,0.0000,15.6221,15.5056,1
593,5083.153177750,19.2601,19.0434,0.4590,2,5,0,0,0,2,0.0000,0.7074,0.5921,1
594,5083.169845875,19.4280,18.8564,0.7362,2,6,0,0,0,2,0.0000,1.0267,0.9176,1
595,5083.186514000,19.1010,18.9113,0.8838,2,5,0,0,0,2,0.0000,1.2382,1.1147,1
596,5083.203182125,33.7220,33.6590,12.0471,2,13,0,0,1,1,0.0000,15.6124,15.4990,1
597,5083.219850291,19.5054,19.2181,0.4060,2,4,0,0,0,2,0.0000,0.6681,0.5481,1
598,5083.236518416,19.6305,19.2232,0.5677,2,4,0,0,0,2,0.0000,0.8605,0.7552,1
599,5083.253186416,21.6328,19.6225,0.8769,2,5,0,0,0,2,0.0000,1.2104,1.1069,1
600,5083.269854541,34.3564,34.2248,12.0499,2,13,0,0,1,1,0.0000,15.6871,15.5596,1
601,5083.286522708,19.8378,19.5219,0.3660,2,4,0,0,0,2,0.0000,0.6003,0.4935,1
602,5083.303190875,20.6315,19.8155,0.6459,2,5,0,0,0,2,0.0000,0.9255,0.8256,1
603,5083.319858958,20.6611,19.6742,0.8671,2,5,0,0,0,2,0.0000,1.1963,1.0902,1
604,5083.336527000,38.3798,38.2982,16.3193,2,13,0,0,1,1,0.0000,19.9778,19.8702,1
605,5083.353195083,19.2416,18.9649,0.3850,2,4,0,0,0,2,0.0000,0.6430,0.5293,1
606,5083.369863291,19.8583,19.7545,0.7460,2,6,0,0,0,2,0.0000,1.0275,0.9230,1
607,5083.386531458,19.9020,19.6665,0.9279,2,6,0,0,0,2,0.0000,1.2705,1.1594,1
608,5083.403199375,42.6948,41.8668,19.9769,2,13,0,0,1,1,0.0000,23.8033,23.6990,1
609,5083.419867666,22.0462,20.3476,0.4601,2,5,0,0,0,2,0.0000,0.7158,0.6025,1
610,5083.436535666,20.1536,19.0711,0.6802,2,5,0,0,0,2,0.0000,0.9883,0.8696,1
611,5083.453203791,20.5121,20.0099,0.8888,2,5,0,0,0,2,0.0000,1.2209,1.1157,1
612,5083.469872000,42.8615,42.6340,20.5090,2,13,0,0,1,1,0.0000,24.0874,23.9709,1
613,5083.486540125,18.7988,18.7961,0.4630,2,5,0,0,0,2,0.0000,0.7084,0.6007,1
614,5083.503208250,20.6776,20.2140,0.5791,2,4,0,0,0,2,0.0000,0.8751,0.7682,1
615,5083.519876416,20.3083,20.2294,0.9089,2,5,0,0,0,2,0.0000,1.2487,1.1435,1
616,5083.536544375,63.0842,63.0593,40.4222,2,13,0,0,1,1,0.0000,44.2932,44.1769,1
617,5083.553212458,21.3667,21.2948,0.4771,2,5,0,0,0,2,0.0000,0.7320,0.6198,1
618,5083.569880666,20.9984,20.8240,0.6571,2,5,0,0,0,2,0.0000,0.9678,0.8455,1
619,5083.586548791,21.9528,21.6245,0.9618,2,6,0,0,0,2,0.0000,1.2865,1.1871,1
620,5083.603216958,43.8722,43.6026,20.4132,2,13,0,0,1,1,0.0000,24.1557,24.0563,1
621,5083.619884916,23.8545,20.3917,0.5131,2,5,0,0,0,2,0.0000,0.8024,0.6645,1
622,5083.636553041,33.2728,22.3440,0.7708,2,6,0,0,0,2,0.0000,1.0886,0.9742,1
623,5083.653221208,20.7675,20.4857,0.9041,2,5,0,0,0,2,0.0000,1.2424,1.1400,1
624,5083.669889333,70.9218,70.2380,47.2608,2,13,0,0,1,1,0.0000,50.8588,50.7399,1
625,5083.686557500,20.7320,20.4313,0.4718,2,5,0,0,0,2,0.0000,0.7394,0.6086,1
626,5083.703225625,19.6593,19.4864,0.6280,2,5,0,0,0,2,0.0000,0.9111,0.8099,1
627,5083.719893625,20.7691,20.2925,0.9239,2,6,0,0,0,2,0.0000,1.2641,1.1534,1
628,5083.736561833,51.7916,51.2997,27.8502,2,13,0,0,1,1,0.0000,31.5147,31.4062,1
629,5083.753229916,19.7439,19.4170,0.4067,2,4,0,0,0,2,0.0000,0.6580,0.5488,1
630,5083.769898041,20.2974,20.1777,0.6051,2,4,0,0,0,2,0.0000,0.9110,0.7970,1
631,5083.786566125,20.8840,20.7843,1.0192,2,6,0,0,0,2,0.0000,1.3889,1.2700,1
632,5083.803234291,68.1248,67.6160,44.5139,2,14,0,0,1,1,0.0000,48.1041,47.9913,1
633,5083.819902333,20.1846,19.9399,0.3521,2,3,0,0,0,2,0.0000,0.6018,0.4941,1
634,5083.836570458,21.5641,21.1063,0.7360,2,6,0,0,0,2,0.0000,1.0334,0.9247,1
635,5083.853238625,20.8500,20.4093,0.9589,2,6,0,0,0,2,0.0000,1.2916,1.1841,1
636,5083.869906708,42.3287,42.2125,20.1957,2,14,0,0,1,1,0.0000,23.9077,23.8107,1
637,5083.886574833,20.1467,19.8260,0.4280,2,5,0,0,0,2,0.0000,0.6577,0.5558,1
638,5083.903242875,20.9725,20.5596,0.6711,2,5,0,0,0,2,0.0000,0.9613,0.8558,1
639,5083.919911000,20.9179,20.7219,0.9110,2,5,0,0,0,2,0.0000,1.2704,1.1446,1
640,5083.936579166,68.9433,68.5757,46.0641,2,13,0,0,1,1,0.0000,49.6651,49.5574,1
641,5083.953247250,20.9878,20.5427,0.4799,2,5,0,0,0,2,0.0000,0.7470,0.6352,1
642,5083.969915375,25.5160,23.4543,0.8070,2,4,0,0,0,2,0.0000,1.1684,1.0301,1
643,5083.986583500,21.8314,21.6402,0.9339,2,5,0,0,0,2,0.0000,1.2815,1.1753,1
644,5084.003251583,65.0302,64.5605,40.7619,2,13,0,0,1,1,0.0000,44.5623,44.4245,1
645,5084.019919666,21.9300,21.8801,0.4220,2,4,0,0,0,2,0.0000,0.7144,0.5822,1
646,5084.036587791,25.8187,24.8871,0.6990,2,5,0,0,0,2,0.0000,1.0159,0.8995,1
647,5084.053255958,21.4663,21.1060,0.7513,2,4,0,0,0,2,0.0000,1.1163,0.9904,1
648,5084.069924000,43.1370,42.8175,19.4089,2,13,0,0,1,1,0.0000,23.2494,23.1430,1
649,5084.086592250,21.2659,21.0063,0.4880,2,4,0,0,0,2,0.0000,0.8320,0.6574,1
650,5084.103260208,22.6148,22.0403,0.6101,2,4,0,0,0,2,0.0000,0.9196,0.7975,1
651,5084.119928333,20.4835,20.3379,0.7360,2,4,0,0,0,2,0.0000,1.0815,0.9742,1
652,5084.136596458,67.9065,67.4926,44.3661,2,13,0,0,1,1,0.0000,47.9007,47.7961,1
653,5084.153264666,19.9235,19.6564,0.4117,2,4,0,0,0,2,0.0000,0.6878,0.5569,1
654,5084.169932791,19.7289,19.6746,0.5481,2,4,0,0,0,2,0.0000,0.8438,0.7315,1
655,5084.186600750,20.7636,20.5931,0.9172,2,5,0,0,0,2,0.0000,1.2600,1.1495,1
656,5084.203268916,43.9982,43.5563,20.0577,2,13,0,0,1,1,0.0000,23.7500,23.6451,1
657,5084.219937000,19.7441,19.6198,0.4032,2,4,0,0,0,2,0.0000,0.6595,0.5441,1
658,5084.236605125,20.6685,20.5115,0.5500,2,4,0,0,0,2,0.0000,0.8483,0.7362,1
659,5084.253273291,23.2995,21.9153,0.9170,2,5,0,0,0,2,0.0000,1.3064,1.1595,1
660,5084.269941416,42.9269,42.4060,20.1039,2,13,0,0,1,1,0.0000,23.7305,23.6184,1
661,5084.286609458,19.4235,19.1583,0.3750,2,4,0,0,0,2,0.0000,0.6238,0.5158,1
662,5084.303277541,20.5415,20.1335,1.0121,2,6,0,0,0,2,0.0000,1.3637,1.2266,1
663,5084.319945666,21.0907,20.7977,1.0300,2,6,0,0,0,2,0.0000,1.3734,1.2725,1
664,5084.336613833,35.7219,35.3858,12.4629,2,13,0,0,1,1,0.0000,16.0981,15.9705,1
665,5084.353281916,19.3311,19.0493,0.4582,2,5,0,0,0,2,0.0000,0.7088,0.6054,1
666,5084.369950041,19.8826,19.4655,0.7739,2,6,0,0,0,2,0.0000,1.0796,0.9695,1
667,5084.386618041,20.3943,20.1675,0.9370,2,5,0,0,0,2,0.0000,1.2906,1.1791,1
668,5084.403286208,43.2966,42.9797,20.6711,2,13,0,0,1,1,0.0000,24.5610,24.4505,1
669,5084.419954333,20.5287,20.4497,0.3998,2,4,0,0,0,2,0.0000,0.6514,0.5424,1
670,5084.436622458,20.0153,19.9093,0.6750,2,5,0,0,0,2,0.0000,0.9807,0.8686,1
671,5084.453290583,20.6623,20.4513,0.9282,2,5,0,0,0,2,0.0000,1.2991,1.1830,1
672,5084.469958625,45.0693,44.7512,21.0769,2,14,0,0,1,1,0.0000,24.9582,24.8362,1
673,5084.486626750,23.3163,22.4931,0.5009,2,5,0,0,0,2,0.0000,0.8060,0.6605,1
674,5084.503294875,23.6298,22.0125,0.7792,2,6,0,0,0,2,0.0000,1.1087,0.9814,1
675,5084.519963000,21.4869,20.5845,1.0390,2,6,0,0,0,2,0.0000,1.4182,1.2930,1
676,5084.536631083,70.9494,70.7215,46.9339,2,13,0,0,1,1,0.0000,50.7212,50.6038,1
677,5084.553299250,20.3253,20.1416,0.4199,2,4,0,0,0,2,0.0000,0.7083,0.5715,1
678,5084.569967166,20.8690,20.6103,0.5879,2,4,0,0,0,2,0.0000,0.9062,0.7850,1
679,5084.586635333,22.5863,22.2510,0.9491,2,5,0,0,0,2,0.0000,1.3663,1.2043,1
680,5084.603303541,45.0311,44.4060,21.2641,2,13,0,0,1,1,0.0000,25.1869,25.0522,1
681,5084.619971583,19.6554,19.5162,0.4430,2,5,0,0,0,2,0.0000,0.6966,0.5778,1
682,5084.636639791,19.7495,19.5070,0.6001,2,4,0,0,0,2,0.0000,0.9087,0.7908,1
683,5084.653307916,23.3694,22.0657,1.3111,2,5,0,0,0,2,0.0000,1.8149,1.6417,1
684,5084.669975875,52.5040,49.4511,21.0841,2,13,0,0,1,1,0.0000,24.8829,24.7720,1
685,5084.686644041,20.1460,19.8660,0.3989,2,4,0,0,0,2,0.0000,0.6595,0.5392,1
686,5084.703312166,20.4761,20.2236,0.6452,2,5,0,0,0,2,0.0000,0.9463,0.8356,1
687,5084.719980291,20.9202,20.6215,0.9549,2,6,0,0,0,2,0.0000,1.3024,1.1838,1
688,5084.736648416,42.7574,42.4727,20.1421,2,14,0,0,1,1,0.0000,23.8530,23.7454,1
689,5084.753316416,19.7803,19.5234,0.4637,2,5,0,0,0,2,0.0000,0.7313,0.6157,1
690,5084.769984541,19.9545,19.8890,0.7608,2,6,0,0,0,2,0.0000,1.0861,0.9642,1
691,5084.786652625,20.3966,19.9453,1.0109,2,6,0,0,0,2,0.0000,1.3795,1.2680,1
692,5084.803320833,35.1026,35.0285,12.3720,2,14,0,0,1,1,0.0000,16.0610,15.9516,1
693,5084.819988958,19.7754,19.6197,0.4921,2,5,0,0,0,2,0.0000,0.7551,0.6438,1
694,5084.836657041,20.1703,19.9114,0.7608,2,6,0,0,0,2,0.0000,1.0953,0.9622,1
695,5084.853325083,20.2655,19.8773,0.9658,2,6,0,0,0,2,0.0000,1.3377,1.2143,1
696,5084.869993166,44.8428,43.9157,20.6110,2,14,0,0,1,1,0.0000,24.3084,24.1813,1
697,5084.886661291,19.8299,19.5175,0.4230,2,5,0,0,0,2,0.0000,0.6570,0.5535,1
698,5084.903329416,20.6536,19.3851,0.6979,2,6,0,0,0,2,0.0000,0.9863,0.8763,1
699,5084.919997583,21.6350,20.7096,1.0700,2,7,0,0,0,2,0.0000,1.4051,1.3015,1
700,5084.936665666,42.0497,41.7602,20.1929,2,14,0,0,1,1,0.0000,23.9751,23.8697,1
701,5084.953333666,19.6050,19.3547,0.4170,2,5,0,0,0,2,0.0000,0.6627,0.5477,1
702,5084.970001791,19.5950,19.4487,0.6969,2,6,0,0,0,2,0.0000,0.9820,0.8767,1
703,5084.986669958,21.0663,20.3920,1.0898,2,7,0,0,0,2,0.0000,1.4546,1.3425,1
704,5085.003338041,34.7912,34.7015,11.8301,2,14,0,0,1,1,0.0000,15.5769,15.4499,1
705,5085.020006166,20.8015,20.6442,0.4439,2,4,0,0,0,2,0.0000,0.7476,0.5996,1
706,5085.036674208,20.2727,20.0356,0.6680,2,5,0,0,0,2,0.0000,0.9881,0.8660,1
707,5085.053342333,21.4102,20.9840,0.9000,2,5,0,0,0,2,0.0000,1.2511,1.1344,1
708,5085.070010458,36.0042,35.6044,12.3239,2,13,0,0,1,1,0.0000,16.0490,15.9392,1
709,5085.086678541,19.5564,19.4437,0.4041,2,5,0,0,0,2,0.0000,0.6500,0.5312,1
710,5085.103346708,21.1747,20.2963,0.6971,2,6,0,0,0,2,0.0000,0.9937,0.8724,1
711,5085.120014833,20.3995,19.9078,1.0800,2,7,0,0,0,2,0.0000,1.4175,1.3078,1
712,5085.136682791,43.1694,42.8765,20.0181,2,14,0,0,1,1,0.0000,23.8957,23.7771,1
713,5085.153350958,20.3091,19.7279,0.4289,2,5,0,0,0,2,0.0000,0.6868,0.5620,1
714,5085.170019083,20.5494,20.0440,0.7451,2,6,0,0,0,2,0.0000,1.0399,0.9300,1
715,5085.186687208,21.4068,20.7495,1.1530,2,7,0,0,0,2,0.0000,1.5110,1.3943,1
716,5085.203355333,35.0212,34.5020,12.3599,2,14,0,0,1,1,0.0000,16.0388,15.9347,1
717,5085.220023416,19.9708,19.7703,0.4468,2,5,0,0,0,2,0.0000,0.7027,0.5849,1
718,5085.236691416,20.5009,20.2613,0.7400,2,6,0,0,0,2,0.0000,1.0453,0.9333,1
719,5085.253359541,20.8511,20.7366,0.8681,2,5,0,0,0,2,0.0000,2.0133,1.9010,1
720,5085.270027750,70.3695,69.4109,46.0820,2,13,0,0,1,1,0.0000,49.7780,49.6672,1
721,5085.286695750,19.3351,19.1034,0.4132,2,5,0,0,0,2,0.0000,0.6545,0.5392,1
722,5085.303363875,19.5470,18.8546,0.7102,2,6,0,0,0,2,0.0000,1.0032,0.8897,1
723,5085.320031958,19.4671,19.3191,0.8383,2,5,0,0,0,2,0.0000,1.1767,1.0590,1
724,5085.336700041,67.6159,67.4347,44.9951,2,12,0,0,0,2,0.0000,48.8253,48.7215,1
725,5085.353368166,20.7214,20.1159,0.3939,2,5,0,0,0,2,0.0000,0.6321,0.5235,1
726,5085.370036333,19.7017,19.2414,0.6657,2,6,0,0,0,2,0.0000,0.9353,0.8371,1
727,5085.386704416,20.0163,19.7415,0.9069,2,5,0,0,0,2,0.0000,1.2384,1.1320,1
728,5085.403372583,43.0070,42.6989,20.4411,2,13,0,0,1,1,0.0000,24.3173,24.2152,1
729,5085.420040583,19.8319,19.5992,0.4480,2,5,0,0,0,2,0.0000,0.6883,0.5836,1
730,5085.436708708,19.9484,19.8228,0.7117,2,6,0,0,0,2,0.0000,1.0174,0.9059,1
731,5085.453376791,20.9103,20.7247,0.9551,2,6,0,0,0,2,0.0000,1.3582,1.1921,1
732,5085.470044916,66.2356,64.8195,41.4591,2,11,0,0,0,2,0.0000,45.3147,45.1952,1
733,5085.486713041,19.8860,19.3780,0.4501,2,5,0,0,0,2,0.0000,0.6904,0.5855,1
734,5085.503381166,19.6812,19.0980,0.6220,2,5,0,0,0,2,0.0000,0.9062,0.8023,1
735,5085.520049125,19.7685,19.6402,0.8781,2,5,0,0,0,2,0.0000,1.2218,1.1098,1
736,5085.536717250,69.6705,69.1056,46.9861,2,13,0,0,1,1,0.0000,50.9249,50.8157,1
737,5085.553385375,20.4239,20.1755,0.5741,2,5,0,0,0,2,0.0000,0.8706,0.7357,1
738,5085.570053541,22.2070,21.1951,0.6602,2,5,0,0,0,2,0.0000,0.9805,0.8414,1
739,5085.586721625,24.0693,22.2314,0.8528,2,5,0,0,0,2,0.0000,1.2573,1.0905,1
740,5085.603389666,54.5454,53.9219,29.4030,2,13,0,0,1,1,0.0000,33.3906,33.2017,1
741,5085.620057708,22.6797,21.6190,0.4880,2,5,0,0,0,2,0.0000,0.8374,0.6466,1
742,5085.636725916,23.3968,23.0633,0.7560,2,6,0,0,0,2,0.0000,1.1198,0.9618,1
743,5085.653394000,21.5599,21.0053,0.9580,2,6,0,0,0,2,0.0000,1.3371,1.1860,1
744,5085.670062125,63.8852,62.9077,39.5381,2,12,0,0,0,2,0.0000,43.3086,43.1812,1
745,5085.686730250,20.9370,20.6364,0.3538,2,4,0,0,0,2,0.0000,0.5887,0.4784,1
746,5085.703398250,21.1092,20.9857,0.6800,2,6,0,0,0,2,0.0000,0.9678,0.8536,1
747,5085.720066333,22.4484,21.2832,1.0679,2,6,0,0,0,2,0.0000,1.4857,1.3385,1
748,5085.736734458,48.0712,46.3182,20.3290,2,13,0,0,1,1,0.0000,24.3833,24.2270,1
749,5085.753402583,20.1511,19.4039,0.3631,2,4,0,0,0,2,0.0000,0.5911,0.4840,1
750,5085.770070708,19.5249,19.4034,0.5200,2,4,0,0,0,2,0.0000,0.7975,0.6890,1
751,5085.786738791,20.2493,19.8833,0.6952,2,4,0,0,0,2,0.0000,1.0217,0.9114,1
752,5085.803406875,66.0258,65.9367,43.2572,2,13,0,0,1,1,0.0000,46.8652,46.7437,1
753,5085.820075000,19.4292,19.2925,0.3619,2,4,0,0,0,2,0.0000,0.6034,0.4867,1
754,5085.836743125,18.8728,18.8053,0.5579,2,4,0,0,0,2,0.0000,0.8449,0.7385,1
755,5085.853411208,18.9466,18.9108,0.8199,2,5,0,0,0,2,0.0000,1.1478,1.0345,1
756,5085.870079291,65.7176,65.0952,43.4601,2,13,0,0,1,1,0.0000,46.9325,46.8344,1
757,5085.886747291,20.0153,19.0261,0.3479,2,4,0,0,0,2,0.0000,0.5773,0.4696,1
758,5085.903415416,19.4100,19.1653,0.6011,2,5,0,0,0,2,0.0000,0.8728,0.7644,1
759,5085.920083541,19.0583,19.0599,0.8211,2,5,0,0,0,2,0.0000,1.1359,1.0308,1
760,5085.936751625,48.9977,48.8955,26.6039,2,13,0,0,1,1,0.0000,30.1334,30.0323,1
761,5085.953419750,19.9660,19.4818,0.3662,2,4,0,0,0,2,0.0000,0.5959,0.4850,1
762,5085.970087833,19.6934,19.5721,0.5121,2,4,0,0,0,2,0.0000,0.7869,0.6733,1
763,5085.986755833,20.4060,20.1378,0.7699,2,5,0,0,0,2,0.0000,1.0738,0.9682,1
764,5086.003424000,48.9788,48.7353,26.2470,2,13,0,0,1,1,0.0000,29.9615,29.8532,1
765,5086.020092166,20.8129,20.3585,0.3350,2,4,0,0,0,2,0.0000,0.5610,0.4527,1
766,5086.036760250,22.1421,21.4242,0.6430,2,4,0,0,0,2,0.0000,1.2839,0.9063,1
767,5086.053428333,22.6114,21.5654,0.8769,2,5,0,0,0,2,0.0000,1.2205,1.1044,1
768,5086.070096458,45.9266,45.2970,20.1917,2,13,0,0,1,1,0.0000,24.0347,23.9076,1
769,5086.086764458,20.0938,19.9423,0.3679,2,4,0,0,0,2,0.0000,0.6050,0.4922,1
770,5086.103432541,21.6267,20.8636,0.4892,2,4,0,0,0,2,0.0000,0.7594,0.6430,1
771,5086.120100625,20.2184,20.1689,0.6573,2,4,0,0,0,2,0.0000,0.9856,0.8616,1
772,5086.136768791,53.6013,53.1906,30.5037,2,13,0,0,1,1,0.0000,34.1012,33.9935,1
773,5086.153436958,18.8480,18.7551,0.3562,2,4,0,0,0,2,0.0000,0.5915,0.4773,1
774,5086.170104916,19.7064,19.5752,0.4818,2,4,0,0,0,2,0.0000,0.7545,0.6391,1
775,5086.186773000,20.5406,20.1678,0.6669,2,4,0,0,0,2,0.0000,0.9870,0.8652,1
776,5086.203441166,70.2265,69.9205,46.0560,2,13,0,0,1,1,0.0000,49.7321,49.6109,1
777,5086.220109291,20.2943,19.4616,0.3178,2,4,0,0,0,2,0.0000,0.5535,0.4364,1
778,5086.236777416,21.0787,20.0497,0.4880,2,4,0,0,0,2,0.0000,0.7575,0.6312,1
779,5086.253445458,20.0832,19.6295,0.7429,2,5,0,0,0,2,0.0000,1.0326,0.9251,1
780,5086.270113541,65.7576,65.4350,42.1731,2,13,0,0,1,1,0.0000,45.7320,45.6229,1
781,5086.286781625,20.7640,20.3064,0.3190,2,4,0,0,0,2,0.0000,0.5343,0.4253,1
782,5086.303449708,20.3440,19.5598,0.4859,2,4,0,0,0,2,0.0000,0.7384,0.6289,1
783,5086.320117791,20.0990,19.7320,0.6020,2,4,0,0,0,2,0.0000,0.8911,0.7780,1
784,5086.336785958,35.4335,35.0313,11.4510,2,13,0,0,1,1,0.0000,15.1936,15.0878,1
785,5086.353454083,18.8765,18.7268,0.3328,2,4,0,0,0,2,0.0000,0.5502,0.4460,1
786,5086.370122000,20.5764,20.1474,0.5031,2,4,0,0,0,2,0.0000,0.7743,0.6675,1
787,5086.386790208,19.7385,19.5455,0.6399,2,4,0,0,0,2,0.0000,0.9445,0.8309,1
788,5086.403458291,33.2365,33.0411,11.1778,2,13,0,0,1,1,0.0000,14.7484,14.6356,1
789,5086.420126416,19.7819,19.6660,0.2699,2,3,0,0,0,2,0.0000,0.5292,0.3788,1
790,5086.436794541,19.7361,19.4315,0.4470,2,4,0,0,0,2,0.0000,0.7421,0.5842,1
791,5086.453462500,19.8060,19.8073,0.6564,2,4,0,0,0,2,0.0000,1.0161,0.8587,1
792,5086.470130625,32.8505,32.7059,10.7100,2,13,0,0,1,1,0.0000,14.2240,14.0767,1
793,5086.486798666,20.3308,19.8267,0.2499,2,3,0,0,0,2,0.0000,0.4785,0.3490,1
794,5086.503466875,20.2675,19.7404,0.4191,2,4,0,0,0,2,0.0000,0.7017,0.5590,1
795,5086.520134916,20.4620,20.2114,0.7362,2,5,0,0,0,2,0.0000,1.0453,0.9244,1
796,5086.536803083,33.7050,33.5573,10.9310,2,13,0,0,1,1,0.0000,14.5001,14.3888,1
797,5086.553471083,19.8893,19.5387,0.3080,2,4,0,0,0,2,0.0000,0.5419,0.4124,1
798,5086.570139125,20.3522,20.2018,0.4671,2,4,0,0,0,2,0.0000,0.7615,0.6122,1
799,5086.586807250,20.1863,19.8374,0.6073,2,4,0,0,0,2,0.0000,0.9224,0.7853,1
800,5086.603475375,34.4729,34.2685,10.7291,2,13,0,0,1,1,0.0000,14.3873,14.2573,1
801,5086.620143458,21.0304,20.7841,0.2582,2,3,0,0,0,2,0.0000,0.5066,0.3619,1
802,5086.636811541,19.8498,19.7108,0.4339,2,4,0,0,0,2,0.0000,0.7041,0.5690,1
803,5086.653479625,19.7066,19.4862,0.5770,2,4,0,0,0,2,0.0000,0.8740,0.7464,1
804,5086.670147625,49.3643,48.8290,25.4600,2,13,0,0,1,1,0.0000,29.0656,28.9377,1
805,5086.686815791,20.0501,19.8871,0.3109,2,4,0,0,0,2,0.0000,0.5352,0.4164,1
806,5086.703483875,20.0098,19.7704,0.4559,2,4,0,0,0,2,0.0000,0.7520,0.5984,1
807,5086.720152041,20.1680,20.0736,0.6120,2,4,0,0,0,2,0.0000,0.9274,0.8002,1
808,5086.736819958,36.2128,34.7795,11.0240,2,13,0,0,1,1,0.0000,14.8043,14.6603,1
809,5086.753488166,19.4989,19.5005,0.2871,2,4,0,0,0,2,0.0000,0.5120,0.3843,1
810,5086.770156208,20.2355,20.0995,0.4420,2,4,0,0,0,2,0.0000,0.7176,0.5783,1
811,5086.786824291,22.1361,21.7445,0.5832,2,4,0,0,0,2,0.0000,0.9137,0.7617,1
812,5086.803492500,33.9660,33.6063,10.1299,2,13,0,0,1,1,0.0000,13.7782,13.6363,1
813,5086.820160500,20.9705,20.6354,0.3421,2,4,0,0,0,2,0.0000,0.6095,0.4592,1
814,5086.836828541,21.0671,20.5318,0.4818,2,4,0,0,0,2,0.0000,0.8153,0.6335,1
815,5086.853496666,21.2344,20.9972,0.5970,2,4,0,0,0,2,0.0000,0.9069,0.7689,1
816,5086.870164750,38.3568,38.1853,11.3749,2,13,0,0,1,1,0.0000,15.6163,15.4496,1
817,5086.886832791,24.2046,23.4681,0.3469,2,4,0,0,0,2,0.0000,0.6126,0.4728,1
818,5086.903501000,22.0326,21.6982,0.5052,2,4,0,0,0,2,0.0000,1.1008,0.6643,1
819,5086.920169083,22.5460,22.4004,0.6251,2,4,0,0,0,2,0.0000,0.9512,0.8138,1
820,5086.936837125,67.6189,67.2836,43.1318,2,13,0,0,1,1,0.0000,47.1669,46.9943,1
821,5086.953505208,19.7082,19.5850,0.3529,2,4,0,0,0,2,0.0000,0.6152,0.4830,1
822,5086.970173208,21.1924,20.8919,0.5279,2,4,0,0,0,2,0.0000,0.8527,0.6985,1
823,5086.986841416,21.6386,21.4193,0.6721,2,4,0,0,0,2,0.0000,1.0297,0.8790,1
824,5087.003509541,71.6631,70.3907,45.1891,2,13,0,0,1,1,0.0000,49.1867,49.0240,1
825,5087.020177625,20.9940,20.6949,0.3810,2,4,0,0,0,2,0.0000,0.7115,0.5209,1
826,5087.036845625,20.0457,19.9540,0.5233,2,4,0,0,0,2,0.0000,0.8320,0.6876,1
827,5087.053513708,21.5865,21.1687,0.8738,2,5,0,0,0,2,0.0000,1.4067,1.1329,1
828,5087.070181833,37.5632,36.3932,12.7759,2,13,0,0,1,1,0.0000,16.8388,16.6919,1
829,5087.086849958,21.6592,21.4168,0.3657,2,4,0,0,0,2,0.0000,0.6769,0.4923,1
830,5087.103518041,23.2161,22.3784,0.4899,2,4,0,0,0,2,0.0000,0.7779,0.6463,1
831,5087.120186041,21.0123,20.9453,0.7482,2,5,0,0,0,2,0.0000,1.0669,0.9337,1
832,5087.136854125,34.4903,34.4286,11.1890,2,13,0,0,1,1,0.0000,14.7921,14.6574,1
833,5087.153522166,19.6128,19.5795,0.3159,2,4,0,0,0,2,0.0000,0.5570,0.4284,1
834,5087.170190333,20.1702,20.0653,0.4790,2,4,0,0,0,2,0.0000,0.7667,0.6287,1
835,5087.186858458,21.0123,20.7509,0.7408,2,5,0,0,0,2,0.0000,1.0630,0.9335,1
836,5087.203526541,41.2103,41.1125,17.6749,2,13,0,0,1,1,0.0000,21.5137,21.3756,1
837,5087.220194583,19.9688,19.8587,0.3390,2,4,0,0,0,2,0.0000,0.5923,0.4560,1
838,5087.236862666,20.8711,20.7688,0.4790,2,4,0,0,0,2,0.0000,0.7795,0.6318,1
839,5087.253530750,21.3765,21.1537,0.6268,2,4,0,0,0,2,0.0000,0.9565,0.8172,1
840,5087.270198833,34.2933,33.6272,10.4320,2,13,0,0,1,1,0.0000,13.9892,13.8550,1
841,5087.286866958,20.9299,20.7207,0.4308,2,5,0,0,0,2,0.0000,0.7112,0.5563,1
842,5087.303535000,20.1795,20.1163,0.5968,2,5,0,0,0,2,0.0000,0.9163,0.7646,1
843,5087.320203000,20.2697,20.1576,0.7870,2,5,0,0,0,2,0.0000,1.1520,0.9918,1
844,5087.336871166,35.1688,34.7665,10.5240,2,13,0,0,1,1,0.0000,14.3553,14.0919,1
845,5087.353539250,20.7854,20.0527,0.3271,2,4,0,0,0,2,0.0000,0.5951,0.4440,1
846,5087.370207375,20.5823,20.3870,0.4740,2,4,0,0,0,2,0.0000,0.7607,0.6211,1
847,5087.386875500,25.4284,24.5022,0.8218,2,5,0,0,0,2,0.0000,1.8937,1.0770,1
848,5087.403543208,37.0700,36.2020,10.0617,2,13,0,0,1,1,0.0000,13.7400,13.5957,1
849,5087.420211541,20.5978,20.4662,0.4790,2,5,0,0,0,2,0.0000,0.7797,0.6193,1
850,5087.436879708,20.2997,20.2538,0.6380,2,5,0,0,0,2,0.0000,0.9631,0.8248,1
851,5087.453547625,22.3230,21.1626,0.9551,2,6,0,0,0,2,0.0000,1.3460,1.1890,1
852,5087.470215916,34.9853,34.3473,10.2999,2,13,0,0,1,1,0.0000,14.0879,13.9454,1
853,5087.486884000,22.2738,21.8242,0.4742,2,4,0,0,0,2,0.0000,0.9551,0.6995,1
854,5087.503552000,21.8190,21.5780,0.5832,2,4,0,0,0,2,0.0000,0.9430,0.7777,1
855,5087.520220083,21.8410,21.4548,0.7219,2,4,0,0,0,2,0.0000,1.1154,0.9550,1
856,5087.536888250,35.0746,34.8045,10.6874,2,13,0,0,1,1,0.0000,14.4007,14.2541,1
857,5087.553556291,20.6665,20.1227,0.3440,2,4,0,0,0,2,0.0000,0.6064,0.4715,1
858,5087.570224375,20.9843,20.6151,0.5262,2,4,0,0,0,2,0.0000,0.8557,0.7070,1
859,5087.586892333,20.4686,20.1288,0.8841,2,5,0,0,0,2,0.0000,1.2642,1.1170,1
860,5087.603560500,35.5163,35.4874,11.7600,2,13,0,0,1,1,0.0000,15.6885,15.5311,1
861,5087.620228625,21.5045,21.1188,0.4952,2,5,0,0,0,2,0.0000,0.8420,0.6605,1
862,5087.636896666,23.6881,22.8788,0.8051,2,6,0,0,0,2,0.0000,1.1926,1.0174,1
863,5087.653564791,22.0805,21.8424,1.0500,2,5,0,0,0,2,0.0000,1.5057,1.3393,1
864,5087.670232916,41.4297,37.8743,13.0069,2,13,0,0,1,1,0.0000,17.0310,16.8744,1
865,5087.686900833,19.8741,19.3831,0.4201,2,4,0,0,0,2,0.0000,0.7180,0.5786,1
866,5087.703569000,20.5950,20.4473,0.7679,2,5,0,0,0,2,0.0000,1.1307,0.9880,1
867,5087.720237083,21.2962,21.2203,0.9882,2,5,0,0,0,2,0.0000,1.4006,1.2602,1
868,5087.736905208,45.8196,45.7659,21.8861,2,13,0,0,1,1,0.0000,25.8573,25.7043,1
869,5087.753573291,20.2567,20.0815,0.4311,2,4,0,0,0,2,0.0000,0.7479,0.5914,1
870,5087.770241375,20.2525,20.1972,0.7741,2,5,0,0,0,2,0.0000,1.1574,0.9984,1
871,5087.786909333,21.1862,21.0100,1.0791,2,6,0,0,0,2,0.0000,1.5032,1.3586,1
872,5087.803577500,50.3805,50.2354,26.0861,2,14,0,0,1,1,0.0000,30.1919,30.0453,1
873,5087.820245625,21.0795,20.9692,0.5300,2,5,0,0,0,2,0.0000,0.8391,0.6950,1
874,5087.836913708,21.3619,21.3210,0.9000,2,6,0,0,0,2,0.0000,1.3375,1.1547,1
875,5087.853581750,21.2983,21.1119,1.1263,2,6,0,0,0,2,0.0000,1.5604,1.4068,1
876,5087.870249708,73.6595,73.5565,50.0169,2,13,0,0,1,1,0.0000,54.0139,53.8715,1
877,5087.886917875,19.8275,19.4464,0.4461,2,4,0,0,0,2,0.0000,0.7695,0.6122,1
878,5087.903586000,19.7686,19.3026,0.6418,2,4,0,0,0,2,0.0000,1.0256,0.8659,1
879,5087.920254041,20.7693,20.0956,1.0791,2,5,0,0,0,2,0.0000,1.5081,1.3686,1
880,5087.936922208,58.4655,58.3798,35.2602,2,9,0,0,0,2,0.0000,39.4365,39.2864,1
881,5087.953590250,20.7041,20.3540,0.4389,2,4,0,0,0,2,0.0000,0.7490,0.5998,1
882,5087.970258250,20.9588,20.8458,0.7350,2,5,0,0,0,2,0.0000,1.0996,0.9583,1
883,5087.986926333,21.0548,20.8378,1.0390,2,5,0,0,0,2,0.0000,1.4571,1.3167,1
884,5088.003594458,120.8137,104.7240,90.0331,2,13,0,0,1,1,0.0000,101.8273,101.6886,1
885,5088.020262583,30.8739,27.6602,1.5080,2,5,0,0,0,2,0.0000,3.4026,2.6400,1
886,5088.036930666,22.2906,21.8299,0.9210,2,6,0,0,0,2,0.0000,1.3040,1.1622,1
887,5088.053598708,22.8457,22.6252,2.6481,2,6,0,0,0,2,0.0000,3.3356,3.1230,1
888,5088.070266708,49.5601,49.1868,25.0061,2,14,0,0,1,1,0.0000,29.2863,29.1255,1
889,5088.086934791,21.5917,21.3797,0.4711,2,4,0,0,0,2,0.0000,0.8006,0.6445,1
890,5088.103602916,21.6574,20.8623,0.8910,2,5,0,0,0,2,0.0000,1.3627,1.1459,1
891,5088.120271041,21.8907,21.7235,1.0748,2,5,0,0,0,2,0.0000,1.5272,1.3652,1
892,5088.136939125,56.2287,56.0049,32.3050,2,13,0,0,1,1,0.0000,36.4560,36.2756,1
893,5088.153607083,20.9525,20.7853,0.5689,2,5,0,0,0,2,0.0000,0.8899,0.7465,1
894,5088.170275208,21.0848,20.8455,0.9029,2,6,0,0,0,2,0.0000,1.2988,1.1445,1
895,5088.186943291,21.4778,21.1592,1.1351,2,6,0,0,0,2,0.0000,1.5763,1.4344,1
896,5088.203611375,46.8368,46.6306,22.8438,2,13,0,0,1,1,0.0000,26.9977,26.8281,1
897,5088.220279541,20.3193,20.1918,0.4749,2,4,0,0,0,2,0.0000,0.7698,0.6360,1
898,5088.236947583,21.4881,20.8388,0.8678,2,6,0,0,0,2,0.0000,1.2725,1.1187,1
899,5088.253615541,21.6617,21.1861,1.1308,2,6,0,0,0,2,0.0000,1.5566,1.4207,1
900,5088.270283666,74.9727,74.6371,50.7729,2,14,0,0,1,1,0.0000,55.0720,54.9410,1
901,5088.286951708,22.3923,21.4178,0.4117,2,4,0,0,0,2,0.0000,0.7061,0.5722,1
902,5088.303619875,21.5282,21.0619,0.7331,2,5,0,0,0,2,0.0000,1.0774,0.9415,1
903,5088.320288000,20.0881,19.9226,0.9599,2,5,0,0,0,2,0.0000,1.3463,1.2177,1
904,5088.336955833,73.5088,73.3655,50.4699,2,13,0,0,1,1,0.0000,54.5867,54.4404,1
905,5088.353624000,20.0488,19.5762,0.3910,2,4,0,0,0,2,0.0000,0.6612,0.5345,1
906,5088.370292125,19.3143,19.2089,0.5298,2,4,0,0,0,2,0.0000,0.8277,0.7107,1
907,5088.386960208,20.3524,19.9013,0.8240,2,5,0,0,0,2,0.0000,1.1635,1.0471,1
908,5088.403628333,36.6897,35.8852,13.3989,2,13,0,0,1,1,0.0000,17.4656,17.3537,1
909,5088.420296416,19.7582,19.6741,0.3350,2,4,0,0,0,2,0.0000,0.5704,0.4525,1
910,5088.436964375,19.7362,19.3276,0.4721,2,4,0,0,0,2,0.0000,0.7303,0.6252,1
911,5088.453632458,20.6048,20.3181,0.7501,2,5,0,0,0,2,0.0000,1.0403,0.9399,1
912,5088.470300541,36.5304,35.9839,12.8777,2,13,0,0,1,1,0.0000,16.8380,16.7266,1
913,5088.486968625,18.9070,18.8360,0.3149,2,4,0,0,0,2,0.0000,0.5349,0.4277,1
914,5088.503636791,19.5977,19.2807,0.4702,2,4,0,0,0,2,0.0000,0.7309,0.6178,1
915,5088.520304916,20.3628,20.0128,0.7310,2,5,0,0,0,2,0.0000,1.0194,0.9179,1
916,5088.536972833,36.4018,36.2256,13.1478,2,13,0,0,1,1,0.0000,17.3622,17.2500,1
917,5088.553640916,19.3705,19.1490,0.3507,2,4,0,0,0,2,0.0000,0.5907,0.4823,1
918,5088.570309041,20.0721,19.7685,0.4828,2,4,0,0,0,2,0.0000,0.7510,0.6428,1
919,5088.586977083,20.1392,19.9013,0.7498,2,5,0,0,0,2,0.0000,1.0604,0.9446,1
920,5088.603645208,36.5076,36.4696,12.6920,2,13,0,0,1,1,0.0000,16.7992,16.7000,1
921,5088.620313291,18.9914,18.5023,0.3192,2,4,0,0,0,2,0.0000,0.5269,0.4313,1
922,5088.636981291,19.0079,18.7506,0.4380,2,4,0,0,0,2,0.0000,0.6771,0.5765,1
923,5088.653649375,19.4849,18.7573,0.5550,2,4,0,0,0,2,0.0000,0.8009,0.7193,1
924,5088.670317416,35.0978,34.6175,12.1188,2,13,0,0,1,1,0.0000,15.8975,15.8122,1
925,5088.686985541,21.1988,20.4574,0.3078,2,4,0,0,0,2,0.0000,0.4967,0.4078,1
926,5088.703653666,29.1951,26.9912,0.4239,2,4,0,0,0,2,0.0000,0.6492,0.5590,1
927,5088.720321625,31.3159,25.7863,0.5891,2,4,0,0,0,2,0.0000,0.8455,0.7515,1
928,5088.736989750,38.1780,37.0794,12.9848,2,13,0,0,1,1,0.0000,17.0780,16.8850,1
929,5088.753657791,20.0888,20.0137,0.3591,2,4,0,0,0,2,0.0000,0.6150,0.4824,1
930,5088.770325958,20.2663,19.9747,0.4930,2,4,0,0,0,2,0.0000,0.7413,0.6294,1
931,5088.786993958,21.7635,21.3974,0.5419,2,4,0,0,0,2,0.0000,0.7923,0.6993,1
932,5088.803662125,34.8915,34.7154,11.6849,2,13,0,0,1,1,0.0000,15.4595,15.3749,1
933,5088.820330041,20.3485,20.1562,0.3352,2,4,0,0,0,2,0.0000,0.5749,0.4653,1
934,5088.836998166,21.7312,21.2879,0.4530,2,4,0,0,0,2,0.0000,0.6890,0.5884,1
935,5088.853666291,24.3519,21.8918,0.5639,2,4,0,0,0,2,0.0000,0.8225,0.7377,1
936,5088.870334375,34.6850,34.5237,11.6622,2,13,0,0,1,1,0.0000,15.3965,15.3138,1
937,5088.887002416,19.2352,19.2042,0.2832,2,4,0,0,0,2,0.0000,0.4586,0.3778,1
938,5088.903670458,20.0284,19.7144,0.3870,2,4,0,0,0,2,0.0000,0.5820,0.5019,1
939,5088.920338500,20.4621,19.4406,0.5910,2,5,0,0,0,2,0.0000,0.8027,0.7280,1
940,5088.937006625,32.3508,32.2869,10.7908,2,13,0,0,1,1,0.0000,14.3996,14.3205,1
941,5088.953674708,20.1397,19.5579,0.2861,2,4,0,0,0,2,0.0000,0.4682,0.3816,1
942,5088.970342791,19.5397,19.3297,0.3941,2,4,0,0,0,2,0.0000,0.5935,0.5113,1
943,5088.987010833,19.6943,19.5159,0.5739,2,5,0,0,0,2,0.0000,0.7848,0.7094,1
944,5089.003678875,32.6032,32.2064,10.4549,2,13,0,0,1,1,0.0000,13.8741,13.8010,1
945,5089.020346916,20.3402,19.5791,0.3669,2,6,0,0,0,2,0.0000,0.5509,0.4624,1
946,5089.037015041,19.3941,19.3316,0.4320,2,5,0,0,0,2,0.0000,0.6276,0.5480,1
947,5089.053683041,19.9719,19.7440,0.5369,2,4,0,0,0,2,0.0000,0.7676,0.6849,1
948,5089.070351166,33.0790,32.6818,10.2551,2,13,0,0,1,1,0.0000,13.7369,13.6607,1
949,5089.087019291,20.5785,19.9113,0.3452,2,5,0,0,0,2,0.0000,0.5243,0.4420,1
950,5089.103687291,20.7427,20.3239,0.4740,2,5,0,0,0,2,0.0000,0.7063,0.6035,1
951,5089.120355375,21.0975,19.9258,0.6082,2,5,0,0,0,2,0.0000,0.8606,0.7676,1
952,5089.137023458,33.3631,33.1227,10.1101,2,14,0,0,1,1,0.0000,13.5548,13.4475,1
953,5089.153691541,20.0645,19.8992,0.3941,2,5,0,0,0,2,0.0000,0.6092,0.5077,1
954,5089.170359625,18.1935,18.1066,0.5078,2,5,0,0,0,2,0.0000,0.7311,0.6400,1
955,5089.187027708,20.1778,19.2981,0.6599,2,5,0,0,0,2,0.0000,0.9149,0.8316,1
956,5089.203695666,33.1840,33.0695,10.4971,2,13,0,0,1,1,0.0000,14.1496,14.0606,1
957,5089.220363750,22.1094,20.9848,0.3321,2,4,0,0,0,2,0.0000,0.5345,0.4431,1
958,5089.237031875,20.0169,19.5750,0.4518,2,4,0,0,0,2,0.0000,0.6789,0.5916,1
959,5089.253699916,19.3753,19.2250,0.5081,2,4,0,0,0,2,0.0000,0.7377,0.6545,1
960,5089.270368000,31.6334,31.5239,9.9170,2,13,0,0,1,1,0.0000,13.3040,13.2111,1
961,5089.287036000,20.9708,19.9566,0.3471,2,4,0,0,0,2,0.0000,0.5674,0.4717,1
962,5089.303704125,19.2699,18.9292,0.4446,2,4,0,0,0,2,0.0000,0.6669,0.5789,1
963,5089.320372166,20.5213,19.7108,0.7100,2,5,0,0,0,2,0.0000,0.9875,0.8862,1
964,5089.337040291,33.4188,32.7080,10.0110,2,13,0,0,1,1,0.0000,13.5307,13.4327,1
965,5089.353708416,19.4483,19.3627,0.3400,2,4,0,0,0,2,0.0000,0.5584,0.4582,1
966,5089.370376416,19.9286,19.2991,0.4718,2,4,0,0,0,2,0.0000,0.7418,0.6183,1
967,5089.387044375,19.8020,19.4499,0.6390,2,4,0,0,0,2,0.0000,0.9595,0.8266,1
968,5089.403712541,39.1020,38.7576,16.4309,2,13,0,0,1,1,0.0000,19.8820,19.7490,1
969,5089.420380625,19.2316,18.9250,0.4280,2,5,0,0,0,2,0.0000,0.6515,0.5523,1
970,5089.437048708,19.4223,19.0319,0.5529,2,5,0,0,0,2,0.0000,0.8159,0.7086,1
971,5089.453716750,19.7089,19.5675,0.7040,2,5,0,0,0,2,0.0000,0.9795,0.8830,1
972,5089.470384875,31.8513,31.6625,9.8481,2,13,0,0,1,1,0.0000,13.1852,13.0650,1
973,5089.487052791,18.9458,18.7142,0.3421,2,4,0,0,0,2,0.0000,0.5598,0.4598,1
974,5089.503720916,19.4124,19.0140,0.5052,2,4,0,0,0,2,0.0000,0.7678,0.6599,1
975,5089.520388833,19.1877,18.7103,0.6239,2,4,0,0,0,2,0.0000,0.9115,0.8138,1
976,5089.537057083,32.4163,31.7548,9.8400,2,13,0,0,1,1,0.0000,13.0761,12.9717,1
977,5089.553725166,18.7680,18.7155,0.4280,2,5,0,0,0,2,0.0000,0.6643,0.5574,1
978,5089.570393166,20.3228,19.9116,0.5431,2,5,0,0,0,2,0.0000,0.8079,0.6992,1
979,5089.587061250,20.5411,20.3639,0.8588,2,6,0,0,0,2,0.0000,1.1760,1.0557,1
980,5089.603729333,31.6697,31.5465,9.8202,2,14,0,0,1,1,0.0000,13.2509,13.1493,1
981,5089.620397416,18.8864,18.6781,0.5190,2,5,0,0,0,2,0.0000,0.8900,0.6668,1
982,5089.637065500,19.7428,19.6395,0.7536,2,6,0,0,0,2,0.0000,1.0604,0.9440,1
983,5089.653733583,20.7220,20.4148,1.0147,2,6,0,0,0,2,0.0000,1.4114,1.2631,1
984,5089.670401541,40.2249,40.1452,17.9288,2,14,0,0,1,1,0.0000,21.5045,21.3425,1
985,5089.687069625,20.1687,19.8098,0.4570,2,5,0,0,0,2,0.0000,0.7303,0.5943,1
986,5089.703737708,20.2340,20.0457,0.7570,2,6,0,0,0,2,0.0000,1.1111,0.9655,1
987,5089.720405791,20.0035,19.7968,0.9470,2,6,0,0,0,2,0.0000,1.2855,1.1744,1
988,5089.737073833,40.1145,40.0343,18.5273,2,14,0,0,1,1,0.0000,22.0386,21.9047,1
989,5089.753741916,21.3930,21.1345,0.4110,2,4,0,0,0,2,0.0000,0.6795,0.5570,1
990,5089.770409916,21.7315,21.4998,0.5410,2,4,0,0,0,2,0.0000,0.8476,0.7190,1
991,5089.787078000,20.0911,19.8278,0.8430,2,5,0,0,0,2,0.0000,1.1845,1.0682,1
992,5089.803746125,33.8587,33.4406,11.1341,2,13,0,0,1,1,0.0000,14.7778,14.6747,1
993,5089.820414166,19.2084,19.1704,0.5109,2,4,0,0,0,2,0.0000,0.7922,0.6583,1
994,5089.837082250,19.6295,19.5705,0.7091,2,4,0,0,0,2,0.0000,1.0340,0.9077,1
995,5089.853750250,20.5112,20.3883,0.8142,2,4,0,0,0,2,0.0000,1.1996,1.0683,1
996,5089.870418291,33.1902,33.1371,11.3401,2,13,0,0,1,1,0.0000,15.0413,14.9053,1
997,5089.887086458,20.4825,20.1037,0.4051,2,4,0,0,0,2,0.0000,0.6559,0.5430,1
998,5089.903754416,20.3916,20.0454,0.6180,2,4,0,0,0,2,0.0000,0.9678,0.8175,1
999,5089.920422541,20.3788,20.1902,0.9999,2,6,0,0,0,2,0.0000,1.3715,1.2373,1
1000,5089.937090625,42.1326,41.3578,18.9569,2,14,0,0,1,1,0.0000,22.5206,22.4019,1
1001,5089.953758583,19.5130,18.8710,0.4060,2,4,0,0,0,2,0.0000,0.6605,0.5489,1
1002,5089.970426708,19.7829,19.5675,0.6580,2,5,0,0,0,2,0.0000,0.9590,0.8463,1
1003,5089.987094750,19.8786,19.7388,0.9110,2,5,0,0,0,2,0.0000,1.2658,1.1457,1
1004,5090.003762875,41.3451,41.1638,19.2518,2,13,0,0,1,1,0.0000,22.8897,22.7680,1
1005,5090.020430958,19.8525,19.6162,0.4742,2,5,0,0,0,2,0.0000,0.7352,0.6224,1
1006,5090.037099000,20.6039,19.8733,0.7973,2,6,0,0,0,2,0.0000,1.1115,0.9980,1
1007,5090.053767000,20.4516,20.2942,1.0519,2,6,0,0,0,2,0.0000,1.4202,1.3078,1
1008,5090.070435041,42.4329,42.2783,19.8350,2,13,0,0,1,1,0.0000,23.5121,23.3654,1
1009,5090.087103166,18.8687,18.4423,0.4971,2,5,0,0,0,2,0.0000,0.7703,0.6492,1
1010,5090.103771208,19.8760,19.7836,0.7951,2,6,0,0,0,2,0.0000,1.1204,0.9998,1
1011,5090.120439333,19.6810,19.4602,1.0579,2,6,0,0,0,2,0.0000,1.4353,1.3210,1
1012,5090.137107250,44.0452,43.8655,21.1840,2,14,0,0,1,1,0.0000,25.0035,24.8905,1
1013,5090.153775375,19.4042,19.3597,0.5093,2,5,0,0,0,2,0.0000,0.7945,0.6700,1
1014,5090.170443291,20.1518,19.8899,0.8287,2,6,0,0,0,2,0.0000,1.1679,1.0501,1
1015,5090.187111541,21.2949,21.1427,1.3633,2,7,0,0,0,2,0.0000,1.8022,1.6711,1
1016,5090.203779666,45.7840,45.5758,22.2869,2,14,0,0,1,1,0.0000,26.1200,25.9728,1
1017,5090.220447666,19.2185,19.0990,0.5391,2,5,0,0,0,2,0.0000,0.8458,0.7036,1
1018,5090.237115708,20.2568,20.0697,0.8779,2,6,0,0,0,2,0.0000,1.2475,1.1092,1
1019,5090.253783708,21.3986,21.1709,1.3790,2,7,0,0,0,2,0.0000,1.8485,1.7072,1
1020,5090.270451833,44.2939,44.1292,21.7061,2,14,0,0,1,1,0.0000,25.5046,25.3875,1
1021,5090.287119875,20.3133,20.0946,0.4909,2,5,0,0,0,2,0.0000,0.7496,0.6430,1
1022,5090.303788000,20.6979,20.3836,0.8099,2,6,0,0,0,2,0.0000,1.1407,1.0206,1
1023,5090.320456041,20.6504,19.9976,1.2457,2,7,0,0,0,2,0.0000,1.6285,1.5172,1
1024,5090.337124000,35.8594,35.0611,13.1609,2,14,0,0,1,1,0.0000,16.9403,16.8310,1
1025,5090.353792125,19.1987,18.2631,0.4902,2,5,0,0,0,2,0.0000,0.7583,0.6359,1
1026,5090.370460208,19.8429,19.5471,0.7679,2,6,0,0,0,2,0.0000,1.0859,0.9730,1
1027,5090.387128208,20.0737,19.8596,1.2450,2,7,0,0,0,2,0.0000,1.6306,1.5079,1
1028,5090.403796375,35.0420,34.9760,13.0198,2,14,0,0,1,1,0.0000,16.7996,16.6738,1
1029,5090.420464250,19.3180,19.2008,0.4649,2,5,0,0,0,2,0.0000,0.7308,0.6172,1
1030,5090.437132333,20.6488,20.4741,0.8352,2,6,0,0,0,2,0.0000,1.1822,1.0565,1
1031,5090.453800458,21.8459,21.2658,1.0269,2,6,0,0,0,2,0.0000,1.4037,1.2869,1
1032,5090.470468541,35.7273,35.5644,12.8379,2,13,0,0,1,1,0.0000,16.8352,16.7267,1
1033,5090.487136625,19.5095,18.4352,0.4761,2,5,0,0,0,2,0.0000,0.7679,0.6285,1
1034,5090.503804708,20.2155,20.1142,0.6177,2,4,0,0,0,2,0.0000,0.9562,0.8312,1
1035,5090.520472666,20.6891,20.5666,0.9987,2,5,0,0,0,2,0.0000,1.3869,1.2731,1
1036,5090.537140791,43.8678,43.7828,21.8289,2,13,0,0,1,1,0.0000,25.6947,25.4774,1
1037,5090.553808833,19.1334,18.7132,0.3693,2,4,0,0,0,2,0.0000,0.6081,0.4955,1
1038,5090.570476625,19.6225,19.1627,0.5410,2,4,0,0,0,2,0.0000,0.8218,0.7121,1
1039,5090.587144916,19.5768,18.9368,0.6862,2,4,0,0,0,2,0.0000,1.0091,0.9053,1
1040,5090.603813125,68.8493,68.2999,46.8562,2,13,0,0,1,1,0.0000,50.5223,50.4201,1
1041,5090.620481041,18.8252,18.6929,0.3571,2,4,0,0,0,2,0.0000,0.5749,0.4815,1
1042,5090.637149083,19.7989,19.7380,0.5100,2,4,0,0,0,2,0.0000,0.7652,0.6731,1
1043,5090.653817166,19.8871,19.6394,0.7899,2,5,0,0,0,2,0.0000,1.1277,1.0099,1
1044,5090.670485291,69.8331,69.6293,46.1831,2,13,0,0,1,1,0.0000,50.1048,50.0141,1
1045,5090.687153375,19.6126,19.4232,0.3030,2,4,0,0,0,2,0.0000,0.5007,0.4117,1
1046,5090.703821458,21.3752,20.6756,0.4513,2,4,0,0,0,2,0.0000,0.7060,0.6015,1
1047,5090.720489416,19.6297,19.4970,0.7441,2,5,0,0,0,2,0.0000,1.0276,0.9355,1
1048,5090.737157458,48.8996,48.0263,24.2140,2,13,0,0,1,1,0.0000,28.4510,28.3540,1
1049,5090.753825541,19.8773,19.6614,0.3502,2,4,0,0,0,2,0.0000,0.5691,0.4713,1
1050,5090.770493625,21.2106,20.6302,0.6289,2,5,0,0,0,2,0.0000,0.8921,0.7911,1
1051,5090.787161708,20.7296,20.1885,0.7761,2,5,0,0,0,2,0.0000,1.0640,0.9698,1
1052,5090.803829708,67.1615,67.0157,45.3639,2,12,0,0,0,2,0.0000,49.1898,49.0983,1
1053,5090.820497750,18.7524,18.6617,0.3459,2,4,0,0,0,2,0.0000,0.5538,0.4583,1
1054,5090.837165791,19.6580,19.4710,0.5431,2,4,0,0,0,2,0.0000,0.8099,0.7177,1
1055,5090.853833875,19.3118,19.0800,0.6011,2,4,0,0,0,2,0.0000,0.8753,0.7837,1
1056,5090.870502000,42.0306,41.9944,20.4542,2,13,0,0,1,1,0.0000,24.2197,24.1281,1
1057,5090.887170041,20.4158,20.1885,0.3459,2,4,0,0,0,2,0.0000,0.6943,0.4827,1
1058,5090.903838000,19.1981,19.1415,0.5817,2,4,0,0,0,2,0.0000,0.8490,0.7533,1
1059,5090.920506041,19.2843,19.0100,0.7701,2,5,0,0,0,2,0.0000,1.0801,0.9852,1
1060,5090.937174125,43.1172,42.3016,20.1361,2,13,0,0,1,1,0.0000,23.9282,23.8321,1
1061,5090.953842208,19.0092,18.7401,0.3130,2,4,0,0,0,2,0.0000,0.5223,0.4231,1
1062,5090.970510333,19.3155,19.0809,0.4511,2,4,0,0,0,2,0.0000,0.6967,0.6005,1
1063,5090.987178208,19.7316,19.4893,0.6230,2,4,0,0,0,2,0.0000,0.9074,0.8134,1
1064,5091.003846375,35.1468,34.8302,12.1090,2,13,0,0,1,1,0.0000,15.8036,15.6963,1
1065,5091.020514375,20.7162,20.5358,0.3340,2,4,0,0,0,2,0.0000,0.5576,0.4488,1
1066,5091.037182458,20.2581,19.9216,0.5050,2,4,0,0,0,2,0.0000,0.7675,0.6637,1
1067,5091.053850583,21.2160,19.9357,0.6230,2,4,0,0,0,2,0.0000,0.9145,0.8142,1
1068,5091.070518666,34.7898,34.4472,11.6441,2,13,0,0,1,1,0.0000,15.2313,15.1339,1
1069,5091.087186583,19.7605,19.4997,0.3352,2,4,0,0,0,2,0.0000,0.5631,0.4579,1
1070,5091.103854583,19.5513,19.1134,0.4890,2,4,0,0,0,2,0.0000,0.7547,0.6410,1
1071,5091.120522708,18.6745,18.4951,0.7262,2,5,0,0,0,2,0.0000,1.0133,0.8998,1
1072,5091.137190708,33.0442,32.8247,11.0750,2,13,0,0,1,1,0.0000,14.5597,14.4495,1
1073,5091.153858875,19.7532,19.3349,0.4051,2,5,0,0,0,2,0.0000,0.6335,0.5265,1
1074,5091.170526958,20.0292,19.8564,0.4852,2,4,0,0,0,2,0.0000,0.7475,0.6385,1
1075,5091.187194875,20.4814,20.4604,0.8042,2,5,0,0,0,2,0.0000,1.1291,1.0085,1
1076,5091.203863000,64.7693,64.6804,40.7689,2,13,0,0,1,1,0.0000,44.6588,44.4025,1
1077,5091.220531083,21.0013,20.4102,0.3321,2,4,0,0,0,2,0.0000,0.5449,0.4454,1
1078,5091.237199125,20.0472,19.6107,0.4678,2,4,0,0,0,2,0.0000,0.7408,0.6163,1
1079,5091.253867250,21.2383,20.7045,0.7262,2,5,0,0,0,2,0.0000,0.9958,0.9008,1
1080,5091.270535125,33.6635,33.2657,10.3080,2,13,0,0,1,1,0.0000,13.8902,13.7777,1
1081,5091.287203208,19.5835,19.4735,0.3932,2,4,0,0,0,2,0.0000,0.6672,0.5221,1
1082,5091.303871291,19.7305,19.4613,0.5128,2,4,0,0,0,2,0.0000,0.8087,0.6698,1
1083,5091.320539375,20.5260,20.4224,0.6583,2,4,0,0,0,2,0.0000,0.9970,0.8520,1
1084,5091.337207416,46.1847,45.7657,23.7229,2,13,0,0,1,1,0.0000,27.2129,27.0485,1
1085,5091.353875500,19.4818,18.8676,0.3064,2,4,0,0,0,2,0.0000,0.5141,0.4089,1
1086,5091.370543458,19.0993,18.7688,0.4191,2,4,0,0,0,2,0.0000,0.6578,0.5586,1
1087,5091.387211541,20.3275,20.1865,0.5960,2,4,0,0,0,2,0.0000,0.8885,0.7769,1
1088,5091.403879666,33.7167,32.9997,10.1910,2,13,0,0,1,1,0.0000,13.5328,13.4129,1
1089,5091.420547708,19.7055,19.1112,0.2868,2,4,0,0,0,2,0.0000,0.5073,0.3833,1
1090,5091.437215750,19.8665,18.9288,0.4261,2,4,0,0,0,2,0.0000,0.6627,0.5479,1
1091,5091.453883750,19.2751,18.5657,0.5128,2,4,0,0,0,2,0.0000,0.7826,0.6582,1
1092,5091.470551708,31.2091,31.1161,9.5739,2,13,0,0,1,1,0.0000,12.8544,12.7547,1
1093,5091.487219875,19.7740,19.6195,0.2711,2,4,0,0,0,2,0.0000,0.4613,0.3585,1
1094,5091.503887916,20.6622,19.8199,0.3850,2,4,0,0,0,2,0.0000,0.6018,0.4990,1
1095,5091.520556041,20.2585,19.9349,0.5198,2,4,0,0,0,2,0.0000,0.7675,0.6657,1
1096,5091.537224083,31.9068,31.5398,9.3579,2,13,0,0,1,1,0.0000,12.9254,12.8234,1
1097,5091.553892041,21.8885,20.7845,0.4392,2,4,0,0,0,2,0.0000,0.8125,0.6096,1
1098,5091.570560083,20.8054,20.2524,0.4320,2,4,0,0,0,2,0.0000,0.6691,0.5590,1
1099,5091.587228166,20.4051,19.8545,0.5040,2,4,0,0,0,2,0.0000,0.7532,0.6439,1
1100,5091.603896208,32.7342,32.4857,9.1860,2,13,0,0,1,1,0.0000,12.5195,12.3986,1
1101,5091.620564291,20.2963,19.9965,0.2780,2,4,0,0,0,2,0.0000,0.4791,0.3690,1
1102,5091.637232375,20.1815,19.7166,0.3889,2,4,0,0,0,2,0.0000,0.6230,0.5116,1
1103,5091.653900291,20.9899,20.4142,0.4869,2,4,0,0,0,2,0.0000,0.7548,0.6259,1
1104,5091.670568375,30.9046,30.6407,9.1670,2,13,0,0,1,1,0.0000,12.6389,12.5209,1
1105,5091.687236458,19.2265,19.0601,0.3121,2,4,0,0,0,2,0.0000,0.5421,0.4083,1
1106,5091.703904541,20.4101,19.9485,0.4027,2,4,0,0,0,2,0.0000,0.6360,0.5231,1
1107,5091.720572583,19.5623,19.2243,0.4868,2,4,0,0,0,2,0.0000,0.7717,0.6259,1
1108,5091.737240666,33.5875,31.4110,9.0930,2,13,0,0,1,1,0.0000,12.4462,12.3388,1
1109,5091.753908625,20.2041,19.9219,0.2682,2,4,0,0,0,2,0.0000,0.4775,0.3529,1
1110,5091.770576666,19.4460,19.3118,0.3660,2,4,0,0,0,2,0.0000,0.5740,0.4725,1
1111,5091.787244750,21.5179,21.0737,0.5250,2,4,0,0,0,2,0.0000,0.7869,0.6737,1
1112,5091.803912833,32.5031,31.2601,9.1622,2,13,0,0,1,1,0.0000,12.8360,12.7288,1
1113,5091.820580875,21.7705,20.8891,0.2811,2,4,0,0,0,2,0.0000,0.4959,0.3732,1
1114,5091.837248875,21.0016,20.2208,0.4148,2,4,0,0,0,2,0.0000,0.6494,0.5362,1
1115,5091.853916875,20.8429,20.2797,0.5331,2,4,0,0,0,2,0.0000,0.8189,0.6909,1
1116,5091.870584958,33.8194,33.3732,9.3012,2,13,0,0,1,1,0.0000,12.6096,12.4968,1
1117,5091.887253041,19.9170,19.5375,0.3009,2,4,0,0,0,2,0.0000,0.5060,0.3968,1
1118,5091.903921125,20.4435,19.8708,0.4182,2,4,0,0,0,2,0.0000,0.6670,0.5415,1
1119,5091.920589166,20.0910,19.7706,0.5391,2,4,0,0,0,2,0.0000,0.7924,0.6857,1
1120,5091.937257083,31.1277,30.9188,9.1400,2,13,0,0,1,1,0.0000,12.3693,12.2580,1
1121,5091.953925166,22.6172,20.7847,0.2470,2,4,0,0,0,2,0.0000,0.4396,0.3279,1
1122,5091.970593208,20.5365,19.9085,0.3901,2,4,0,0,0,2,0.0000,0.6168,0.4996,1
1123,5091.987261333,19.3637,18.5070,0.4439,2,4,0,0,0,2,0.0000,0.6775,0.5652,1
1124,5092.003929333,30.7404,30.5588,8.7600,2,13,0,0,1,1,0.0000,12.1750,12.0725,1
1125,5092.020597458,19.7370,19.6589,0.2699,2,4,0,0,0,2,0.0000,0.4653,0.3578,1
1126,5092.037265458,20.0638,19.8672,0.4039,2,4,0,0,0,2,0.0000,0.6260,0.5210,1
1127,5092.053933416,38.8429,24.2092,0.6490,2,4,0,0,0,2,0.0000,0.9548,0.8262,1
1128,5092.070601541,34.7805,34.3190,9.2092,2,13,0,0,1,1,0.0000,12.6855,12.5550,1
1129,5092.087269583,22.2436,21.7176,0.2921,2,4,0,0,0,2,0.0000,0.5028,0.3920,1
1130,5092.103937666,23.0324,21.6805,0.4179,2,4,0,0,0,2,0.0000,0.6479,0.5386,1
1131,5092.120605583,22.3223,21.6704,0.5248,2,4,0,0,0,2,0.0000,0.7806,0.6722,1
1132,5092.137273708,47.7870,46.5223,22.5792,2,13,0,0,1,1,0.0000,26.4545,26.3306,1
1133,5092.153941708,19.8768,19.2192,0.2580,2,4,0,0,0,2,0.0000,0.4495,0.3394,1
1134,5092.170609750,19.6554,18.7929,0.3872,2,4,0,0,0,2,0.0000,0.6122,0.5040,1
1135,5092.187277916,19.7768,19.6796,0.5488,2,4,0,0,0,2,0.0000,0.8021,0.6924,1
1136,5092.203945916,31.9833,31.5052,9.1431,2,13,0,0,1,1,0.0000,12.4876,12.3749,1
1137,5092.220613833,20.2578,19.9686,0.2649,2,4,0,0,0,2,0.0000,0.4730,0.3534,1
1138,5092.237281958,19.3657,19.0919,0.3860,2,4,0,0,0,2,0.0000,0.6164,0.5042,1
1139,5092.253949958,20.2639,19.9359,0.5972,2,4,0,0,0,2,0.0000,0.8726,0.7587,1
1140,5092.270618125,33.3738,33.1644,10.1421,2,13,0,0,1,1,0.0000,13.6827,13.5334,1
1141,5092.287286166,20.2700,20.1334,0.2730,2,4,0,0,0,2,0.0000,0.4788,0.3623,1
1142,5092.303954208,19.5533,19.4203,0.4010,2,4,0,0,0,2,0.0000,0.6330,0.5195,1
1143,5092.320622125,20.5116,20.4561,0.6340,2,5,0,0,0,2,0.0000,0.9070,0.7851,1
1144,5092.337290250,39.9892,39.8003,16.1750,2,13,0,0,1,1,0.0000,19.7078,19.5943,1
1145,5092.353958208,21.3932,21.3065,0.4430,2,5,0,0,0,2,0.0000,0.7860,0.5742,1
1146,5092.370626333,21.5936,21.4837,0.5221,2,5,0,0,0,2,0.0000,0.8002,0.6606,1
1147,5092.387294458,21.1345,20.9092,0.6912,2,5,0,0,0,2,0.0000,0.9817,0.8625,1
1148,5092.403962333,52.0226,50.1753,26.3729,2,13,0,0,1,1,0.0000,29.8397,29.7185,1
1149,5092.420630416,20.6190,20.1713,0.2830,2,4,0,0,0,2,0.0000,0.5024,0.3807,1
1150,5092.437298458,20.8408,20.7758,0.4151,2,4,0,0,0,2,0.0000,0.6521,0.5421,1
1151,5092.453966500,19.8897,19.1183,0.5310,2,4,0,0,0,2,0.0000,0.7986,0.6841,1
1152,5092.470634583,61.6482,60.6920,36.9601,2,13,0,0,1,1,0.0000,40.5167,40.4129,1
1153,5092.487302625,20.7305,20.5530,0.2911,2,4,0,0,0,2,0.0000,0.5026,0.3817,1
1154,5092.503970583,20.8358,20.6753,0.3669,2,4,0,0,0,2,0.0000,0.5607,0.4678,1
1155,5092.520638666,22.3438,21.9853,0.4370,2,4,0,0,0,2,0.0000,0.6425,0.5497,1
1156,5092.537306750,34.3447,33.8750,9.5811,2,13,0,0,1,1,0.0000,13.1472,13.0540,1
1157,5092.553974791,19.7423,19.5720,0.1988,2,4,0,0,0,2,0.0000,0.4043,0.2666,1
1158,5092.570642791,21.5921,21.0798,0.3500,2,4,0,0,0,2,0.0000,0.5655,0.4383,1
1159,5092.587310875,19.1568,18.9290,0.4289,2,4,0,0,0,2,0.0000,0.6840,0.5392,1
1160,5092.603978833,30.3857,30.2967,9.0392,2,13,0,0,1,1,0.0000,12.4685,12.3694,1
1161,5092.620646916,30.3491,29.7942,8.8921,2,13,0,0,1,1,0.0000,12.0215,11.9353,1
1162,5092.637314958,18.9210,18.5748,0.1841,2,4,0,0,0,2,0.0000,0.3185,0.2425,1
1163,5092.653982958,18.8726,18.1284,0.3238,2,4,0,0,0,2,0.0000,0.4973,0.4085,1
1164,5092.670651125,19.6536,19.1045,0.4110,2,4,0,0,0,2,0.0000,0.5946,0.5108,1
1165,5092.687319125,37.5164,37.3645,15.3460,2,13,0,0,1,1,0.0000,18.6304,18.5516,1
1166,5092.703987083,19.6751,19.3357,0.1948,2,4,0,0,0,2,0.0000,0.3354,0.2559,1
1167,5092.720655125,19.2255,18.9090,0.2971,2,4,0,0,0,2,0.0000,0.4755,0.3746,1
1168,5092.737323208,19.5733,19.3216,0.3600,2,4,0,0,0,2,0.0000,0.5261,0.4460,1
1169,5092.753991208,33.6126,33.3656,9.3238,2,13,0,0,1,1,0.0000,13.0811,13.0019,1
1170,5092.770659333,33.5663,33.2143,9.2449,2,13,0,0,1,1,0.0000,13.0069,12.9121,1
1171,5092.787327291,19.3647,19.1996,0.1779,2,3,0,0,0,2,0.0000,0.3653,0.2432,1
1172,5092.803995333,19.1989,18.9681,0.4082,2,4,0,0,0,2,0.0000,0.6087,0.5151,1
1173,5092.820663416,30.2264,30.0760,8.9190,2,13,0,0,1,1,0.0000,12.1047,12.0206,1
1174,5092.837331458,55.0992,54.9088,34.0421,2,13,0,0,1,1,0.0000,37.2445,37.1531,1
1175,5092.853999541,18.6333,18.4841,0.1929,2,3,0,0,0,2,0.0000,0.3555,0.2624,1
1176,5092.870667583,19.0468,18.9359,0.3362,2,4,0,0,0,2,0.0000,0.5298,0.4229,1
1177,5092.887335458,19.1741,19.0564,0.4408,2,4,0,0,0,2,0.0000,0.6578,0.5514,1
1178,5092.904003625,54.3690,54.3126,33.1659,2,13,0,0,1,1,0.0000,36.3790,36.2872,1
1179,5092.920671583,29.6164,29.4417,7.6241,2,13,0,0,1,1,0.0000,10.5351,10.4431,1
1180,5092.937339666,19.3720,19.0895,0.1879,2,3,0,0,0,2,0.0000,0.3312,0.2477,1
1181,5092.954007750,18.8700,18.6546,0.3231,2,4,0,0,0,2,0.0000,0.4988,0.4019,1
1182,5092.970675750,29.9528,29.7662,7.5200,2,13,0,0,1,1,0.0000,10.4568,10.3722,1
1183,5092.987343750,19.0461,18.7258,0.2480,2,4,0,0,0,2,0.0000,0.4092,0.3220,1
1184,5093.004011833,19.6765,19.1395,0.3662,2,4,0,0,0,2,0.0000,0.5580,0.4638,1
1185,5093.020679875,22.2111,22.0635,0.5159,2,4,0,0,0,2,0.0000,0.7592,0.6500,1
1186,5093.037348000,35.5119,31.8851,8.3711,2,13,0,0,1,1,0.0000,11.5133,11.4045,1
1187,5093.054016041,19.6996,19.6375,0.2210,2,4,0,0,0,2,0.0000,0.3717,0.2897,1
1188,5093.070683916,21.2680,20.7935,0.3581,2,4,0,0,0,2,0.0000,0.5400,0.4514,1
1189,5093.087351958,21.0261,20.2184,0.4528,2,4,0,0,0,2,0.0000,0.6675,0.5706,1
1190,5093.104020083,31.0135,29.9627,8.5859,2,13,0,0,1,1,0.0000,11.6990,11.6230,1
1191,5093.120688125,29.7747,29.5896,8.4512,2,13,0,0,1,1,0.0000,11.4623,11.3851,1
1192,5093.137356166,18.6932,18.5786,0.1831,2,3,0,0,0,2,0.0000,0.3187,0.2443,1
1193,5093.154024291,20.0209,19.6286,0.3312,2,4,0,0,0,2,0.0000,0.4965,0.4128,1
1194,5093.170692208,18.5537,18.3085,0.4048,2,4,0,0,0,2,0.0000,0.5792,0.5006,1
1195,5093.187360250,30.1339,29.9966,8.6300,2,13,0,0,1,1,0.0000,11.6957,11.6095,1
1196,5093.204028333,19.4251,18.8589,0.1957,2,4,0,0,0,2,0.0000,0.3367,0.2647,1
1197,5093.220696375,19.6256,19.0596,0.3629,2,4,0,0,0,2,0.0000,0.5504,0.4575,1
1198,5093.237364458,19.4709,19.3285,0.4389,2,4,0,0,0,2,0.0000,0.6270,0.5494,1
1199,5093.254032375,56.2056,55.9828,34.0431,2,13,0,0,1,1,0.0000,37.1397,37.0551,1
1200,5093.270700458,20.8325,20.4653,0.2141,2,4,0,0,0,2,0.0000,0.3675,0.2767,1
1201,5093.287368500,60.1167,58.7077,35.3911,2,13,0,0,1,1,0.0000,39.4998,39.4045,1
1202,5093.304036541,49.8465,40.7232,14.4052,2,13,0,0,1,1,0.0000,19.0216,18.8468,1
1203,5093.320704583,41.6172,36.1687,9.6021,2,13,0,0,1,1,0.0000,14.0172,13.9184,1
1204,5093.337372708,37.8699,26.2653,0.2022,2,3,0,0,0,2,0.0000,0.3728,0.2785,1
1205,5093.354040500,22.7290,19.2217,0.3397,2,4,0,0,0,2,0.0000,0.5129,0.4255,1
1206,5093.370708666,24.8948,23.9536,0.4649,2,4,0,0,0,2,0.0000,0.6697,0.5753,1
1207,5093.387376708,44.0106,35.1223,9.5010,2,13,0,0,1,1,0.0000,12.9128,12.7830,1
1208,5093.404044791,28.6555,27.7232,0.2270,2,4,0,0,0,2,0.0000,0.4062,0.2940,1
1209,5093.420712875,40.7135,38.4494,15.3208,2,13,0,0,1,1,0.0000,18.5997,18.5193,1
1210,5093.437380875,22.6799,22.0808,0.2279,2,4,0,0,0,2,0.0000,0.3957,0.2982,1
1211,5093.454048875,20.2038,19.9444,0.3722,2,4,0,0,0,2,0.0000,0.5492,0.4603,1
1212,5093.470716958,21.4182,21.1426,0.4380,2,4,0,0,0,2,0.0000,0.6764,0.5473,1
1213,5093.487384916,58.6817,55.1025,33.4148,2,13,0,0,1,1,0.0000,36.5882,36.4940,1
1214,5093.504053000,21.6817,19.9094,0.2449,2,4,0,0,0,2,0.0000,0.3975,0.3155,1
1215,5093.520721083,31.9496,19.2616,0.3390,2,4,0,0,0,2,0.0000,0.5018,0.4216,1
1216,5093.537389041,49.7046,22.5924,0.6199,2,4,0,0,0,2,0.0000,1.0822,0.9887,1
1217,5093.554057083,59.1627,55.5121,33.0939,2,13,0,0,1,1,0.0000,36.0644,35.9499,1
1218,5093.570725166,21.3992,20.6273,0.2100,2,4,0,0,0,2,0.0000,0.3447,0.2730,1
1219,5093.587393250,44.8507,21.9629,0.3159,2,4,0,0,0,2,0.0000,0.4740,0.3928,1
1220,5093.604061250,22.6931,21.2648,0.4191,2,4,0,0,0,2,0.0000,0.6157,0.5155,1
1221,5093.620729250,70.8684,57.6445,34.1837,2,13,0,0,1,1,0.0000,37.3686,37.2861,1
1222,5093.637397250,24.9702,21.3999,0.2081,2,4,0,0,0,2,0.0000,0.3503,0.2655,1
1223,5093.654065333,20.8317,19.7811,0.2890,2,4,0,0,0,2,0.0000,0.4378,0.3597,1
1224,5093.670733375,22.4524,19.8623,0.3810,2,4,0,0,0,2,0.0000,0.5450,0.4614,1
1225,5093.687401416,31.6947,30.6821,7.7400,2,13,0,0,1,1,0.0000,10.9588,10.8587,1
1226,5093.704069458,22.2645,20.7725,0.2141,2,4,0,0,0,2,0.0000,0.3663,0.2815,1
1227,5093.720737541,24.8586,22.2858,0.3200,2,4,0,0,0,2,0.0000,0.4916,0.4010,1
1228,5093.737405541,24.0407,21.4026,0.3841,2,4,0,0,0,2,0.0000,0.5615,0.4780,1
1229,5093.754073541,32.1468,31.4123,8.0070,2,13,0,0,1,1,0.0000,11.0627,10.9744,1
1230,5093.770741583,31.5787,30.9110,8.1222,2,13,0,0,1,1,0.0000,11.0905,11.0158,1
1231,5093.787409708,21.2427,20.4668,0.2172,2,4,0,0,0,2,0.0000,0.3623,0.2796,1
1232,5093.804077708,20.4924,19.8930,0.3419,2,4,0,0,0,2,0.0000,0.5111,0.4271,1
1233,5093.820745666,23.3110,22.2142,0.4351,2,4,0,0,0,2,0.0000,0.6420,0.5403,1
1234,5093.837413708,33.5508,32.5663,8.5480,2,13,0,0,1,1,0.0000,12.0682,11.9812,1
1235,5093.854081791,22.6854,20.3373,0.2360,2,4,0,0,0,2,0.0000,0.3966,0.3071,1
1236,5093.870749875,19.1122,19.0200,0.3579,2,4,0,0,0,2,0.0000,0.5370,0.4548,1
1237,5093.887417875,21.9248,21.3728,0.4699,2,4,0,0,0,2,0.0000,0.6842,0.5972,1
1238,5093.904086000,31.9482,31.2312,7.9780,2,13,0,0,1,1,0.0000,11.0924,10.9617,1
1239,5093.920753875,19.2318,19.0518,0.2401,2,4,0,0,0,2,0.0000,0.4103,0.3124,1
1240,5093.937422000,19.9699,19.1949,0.3610,2,4,0,0,0,2,0.0000,0.6161,0.4653,1
1241,5093.954090000,21.3157,20.4251,0.4609,2,4,0,0,0,2,0.0000,0.6957,0.5785,1
1242,5093.970758041,32.3582,31.1721,7.9098,2,13,0,0,1,1,0.0000,10.9575,10.8528,1
1243,5093.987426125,20.4375,20.1152,0.2651,2,4,0,0,0,2,0.0000,0.4583,0.3521,1
1244,5094.004094208,20.8255,19.8960,0.3600,2,4,0,0,0,2,0.0000,0.5698,0.4597,1
1245,5094.020762125,20.2287,19.5515,0.4711,2,4,0,0,0,2,0.0000,0.7217,0.5945,1
1246,5094.037430208,29.6293,29.1391,7.7391,2,13,0,0,1,1,0.0000,10.8538,10.7360,1
1247,5094.054098166,19.8924,19.5750,0.2520,2,4,0,0,0,2,0.0000,0.4165,0.3175,1
1248,5094.070766291,20.8629,20.3670,0.3142,2,4,0,0,0,2,0.0000,0.4975,0.3987,1
1249,5094.087434333,20.5688,20.1948,0.4461,2,4,0,0,0,2,0.0000,0.6535,0.5514,1
1250,5094.104102291,36.6157,36.0120,13.7763,2,13,0,0,1,1,0.0000,16.8188,16.7066,1
1251,5094.120770333,19.0616,19.0635,0.2551,2,4,0,0,0,2,0.0000,0.4237,0.3225,1
1252,5094.137438458,19.8808,19.6045,0.3469,2,4,0,0,0,2,0.0000,0.5469,0.4343,1
1253,5094.154106458,19.9265,19.5593,0.4311,2,4,0,0,0,2,0.0000,0.6325,0.5419,1
1254,5094.170774541,43.7311,43.6068,21.7929,2,13,0,0,1,1,0.0000,24.7893,24.6825,1
1255,5094.187442583,18.9132,18.7440,0.2220,2,4,0,0,0,2,0.0000,0.4019,0.2930,1
1256,5094.204110541,18.8914,18.6357,0.3681,2,4,0,0,0,2,0.0000,0.5661,0.4678,1
1257,5094.220778583,18.8887,18.7538,0.4308,2,4,0,0,0,2,0.0000,0.6442,0.5451,1
1258,5094.237446625,44.6779,43.6730,18.7733,2,13,0,0,1,1,0.0000,22.5006,22.3577,1
1259,5094.254114708,21.4443,20.8339,0.2959,2,4,0,0,0,2,0.0000,0.5212,0.3833,1
1260,5094.270782750,22.4353,20.4699,0.4308,2,4,0,0,0,2,0.0000,0.6909,0.5615,1
1261,5094.287450833,19.7217,19.4857,0.4969,2,4,0,0,0,2,0.0000,0.7277,0.6246,1
1262,5094.304118750,31.6772,31.0982,8.4040,2,13,0,0,1,1,0.0000,11.6082,11.4858,1
1263,5094.320786791,20.0907,19.0356,0.2611,2,4,0,0,0,2,0.0000,0.4503,0.3517,1
1264,5094.337454875,20.0455,19.7785,0.3927,2,4,0,0,0,2,0.0000,0.5884,0.4961,1
1265,5094.354122958,19.5090,19.2168,0.5128,2,4,0,0,0,2,0.0000,0.7680,0.6586,1
1266,5094.370790958,32.2171,31.8933,8.8017,2,13,0,0,1,1,0.0000,12.2760,12.1413,1
1267,5094.387458916,31.1015,21.1950,0.3119,2,4,0,0,0,2,0.0000,0.5487,0.4025,1
1268,5094.404126958,20.8301,20.7615,0.4101,2,4,0,0,0,2,0.0000,0.6303,0.5252,1
1269,5094.420795083,22.8757,21.3541,0.5522,2,4,0,0,0,2,0.0000,0.8189,0.6880,1
1270,5094.437463125,42.1864,39.8710,15.4812,2,13,0,0,1,1,0.0000,18.8577,18.7543,1
1271,5094.454130916,20.8928,20.5535,0.3040,2,4,0,0,0,2,0.0000,0.6121,0.4145,1
1272,5094.470799250,25.3142,23.1387,0.4110,2,4,0,0,0,2,0.0000,0.7489,0.5392,1
1273,5094.487467125,29.4300,27.6150,0.5658,2,4,0,0,0,2,0.0000,0.9127,0.7138,1
1274,5094.504135208,40.2869,39.8511,15.7490,2,13,0,0,1,1,0.0000,19.1405,19.0203,1
1275,5094.520803250,20.5360,20.2768,0.2751,2,4,0,0,0,2,0.0000,0.4672,0.3688,1
1276,5094.537471333,21.1793,20.9987,0.4361,2,4,0,0,0,2,0.0000,0.6616,0.5644,1
1277,5094.554139375,21.6180,21.2006,0.5388,2,4,0,0,0,2,0.0000,0.7994,0.6860,1
1278,5094.570807458,35.2042,34.5090,11.8210,2,13,0,0,1,1,0.0000,15.1607,15.0389,1
1279,5094.587475333,19.4668,19.3472,0.2809,2,4,0,0,0,2,0.0000,0.4663,0.3658,1
1280,5094.604143375,20.8362,20.0802,0.3998,2,4,0,0,0,2,0.0000,0.6165,0.5138,1
1281,5094.620811458,20.6952,19.5792,0.5088,2,4,0,0,0,2,0.0000,0.7482,0.6477,1
1282,5094.637479541,31.3021,30.9095,8.8203,2,13,0,0,1,1,0.0000,12.1720,12.0782,1
1283,5094.654147541,20.4146,19.8303,0.2892,2,4,0,0,0,2,0.0000,0.4820,0.3863,1
1284,5094.670815500,20.6063,20.1787,0.4270,2,4,0,0,0,2,0.0000,0.6567,0.5528,1
1285,5094.687483583,21.0731,20.4615,0.6301,2,5,0,0,0,2,0.0000,0.8945,0.7861,1
1286,5094.704151666,32.8478,32.2697,9.2852,2,13,0,0,1,1,0.0000,12.7023,12.6022,1
1287,5094.720819666,19.4741,19.1771,0.2868,2,4,0,0,0,2,0.0000,0.4773,0.3816,1
1288,5094.737487791,19.8796,18.9987,0.3839,2,4,0,0,0,2,0.0000,0.5978,0.4925,1
1289,5094.754155791,19.4175,19.0807,0.4573,2,4,0,0,0,2,0.0000,0.6723,0.5841,1
1290,5094.770823708,59.0649,58.9757,37.1907,2,13,0,0,1,1,0.0000,40.6432,40.5497,1
1291,5094.787491833,21.0158,20.6757,0.3002,2,4,0,0,0,2,0.0000,0.4913,0.3995,1
1292,5094.804159791,20.7412,19.8196,0.4849,2,4,0,0,0,2,0.0000,0.8337,0.6382,1
1293,5094.820827916,20.2435,20.0969,0.5271,2,4,0,0,0,2,0.0000,0.7826,0.6755,1
1294,5094.837496000,33.9929,33.3189,9.4171,2,13,0,0,1,1,0.0000,13.0615,12.9468,1
1295,5094.854164000,20.8070,19.9923,0.3648,2,5,0,0,0,2,0.0000,0.5600,0.4730,1
1296,5094.870831916,21.1503,20.5601,0.4830,2,4,0,0,0,2,0.0000,0.7265,0.6239,1
1297,5094.887500000,23.9151,21.9790,0.5388,2,4,0,0,0,2,0.0000,0.7971,0.7023,1
1298,5094.904168041,45.0361,43.4867,18.9922,2,13,0,0,1,1,0.0000,23.2133,23.0648,1
1299,5094.920836125,31.9980,27.2484,0.3321,2,4,0,0,0,2,0.0000,0.6988,0.4554,1
1300,5094.937504208,42.1875,29.3693,1.0891,2,4,0,0,0,2,0.0000,1.8774,1.5037,1
1301,5094.954172250,54.6071,34.6352,0.9041,2,4,0,0,0,2,0.0000,1.5995,1.1990,1
1302,5094.970840166,148.3286,72.5920,38.2071,2,13,0,0,1,1,0.0000,43.8480,43.7215,1
1303,5094.987508166,22.3492,20.9286,0.2971,2,4,0,0,0,2,0.0000,0.5169,0.4034,1
1304,5095.004176291,23.0768,22.1528,0.6149,2,4,0,0,0,2,0.0000,1.0347,0.8145,1
1305,5095.020844333,23.0722,22.1560,0.6111,2,5,0,0,0,2,0.0000,0.8680,0.7625,1
1306,5095.037512375,43.1632,41.4411,16.7298,2,13,0,0,1,1,0.0000,20.4230,20.3140,1
1307,5095.054180333,22.2866,21.2980,0.5920,2,4,0,0,0,2,0.0000,1.0897,0.9763,1
1308,5095.070848375,21.5607,20.9467,0.3898,2,4,0,0,0,2,0.0000,0.6311,0.5141,1
1309,5095.087516416,19.9143,19.3132,0.4611,2,4,0,0,0,2,0.0000,0.6688,0.5857,1
1310,5095.104184500,39.5827,38.8190,16.9311,2,13,0,0,1,1,0.0000,20.3563,20.2724,1
1311,5095.120852583,19.3537,19.0325,0.2429,2,4,0,0,0,2,0.0000,0.4262,0.3248,1
1312,5095.137520625,19.1774,18.8964,0.3750,2,4,0,0,0,2,0.0000,0.5635,0.4758,1
1313,5095.154188541,18.7268,18.5304,0.4330,2,4,0,0,0,2,0.0000,0.6588,0.5537,1
1314,5095.170856625,58.7984,58.2577,37.3492,2,13,0,0,1,1,0.0000,40.8286,40.7313,1
1315,5095.187524666,18.8362,18.7464,0.3130,2,4,0,0,0,2,0.0000,0.5216,0.4265,1
1316,5095.204192708,18.8561,18.7125,0.5178,2,4,0,0,0,2,0.0000,0.8179,0.6731,1
1317,5095.220860750,21.2330,20.3961,0.5310,2,4,0,0,0,2,0.0000,0.7899,0.6896,1
1318,5095.237528625,59.7398,59.5735,37.3881,2,13,0,0,1,1,0.0000,40.8765,40.7747,1
1319,5095.254196750,19.1695,18.6237,0.3388,2,4,0,0,0,2,0.0000,0.5573,0.4595,1
1320,5095.270864791,18.7668,18.7275,0.4659,2,4,0,0,0,2,0.0000,0.7113,0.6128,1
1321,5095.287532833,19.2363,19.0393,0.5820,2,4,0,0,0,2,0.0000,0.8682,0.7596,1
1322,5095.304200916,40.0818,39.8577,17.6580,2,13,0,0,1,1,0.0000,21.4558,21.3424,1
1323,5095.320869041,21.9025,20.7055,0.5031,2,5,0,0,0,2,0.0000,1.1157,0.7374,1
1324,5095.337536916,23.5858,22.7705,0.5672,2,5,0,0,0,2,0.0000,0.8944,0.7368,1
1325,5095.354205000,19.4376,19.3290,0.6621,2,5,0,0,0,2,0.0000,0.9580,0.8488,1
1326,5095.370873083,38.8860,38.7904,16.9711,2,13,0,0,1,1,0.0000,20.4403,20.3267,1
1327,5095.387541125,20.4162,19.9911,0.4170,2,5,0,0,0,2,0.0000,0.7687,0.5535,1
1328,5095.404209083,21.3595,20.1058,0.5212,2,4,0,0,0,2,0.0000,0.8289,0.6913,1
1329,5095.420877208,21.1216,20.8297,0.7439,2,5,0,0,0,2,0.0000,1.0705,0.9318,1
1330,5095.437545083,60.1973,58.2903,32.6662,2,10,0,0,0,2,0.0000,36.3500,36.1755,1
1331,5095.454213166,19.5639,19.5151,0.3099,2,4,0,0,0,2,0.0000,0.5365,0.4244,1
1332,5095.470881208,21.4805,20.5434,0.4368,2,4,0,0,0,2,0.0000,0.6938,0.5821,1
1333,5095.487549166,20.6842,20.2669,0.7770,2,4,0,0,0,2,0.0000,1.2425,0.9522,1
1334,5095.504217291,61.0281,60.8384,37.5969,2,13,0,0,1,1,0.0000,41.0759,40.9397,1
1335,5095.520885291,20.1798,19.5306,0.3450,2,4,0,0,0,2,0.0000,0.5870,0.4625,1
1336,5095.537553375,20.1476,19.8175,0.4611,2,4,0,0,0,2,0.0000,0.7259,0.6068,1
1337,5095.554221375,19.5521,19.3994,0.5610,2,4,0,0,0,2,0.0000,0.8480,0.7357,1
1338,5095.570889458,39.9855,39.4106,16.8109,2,13,0,0,1,1,0.0000,20.2327,20.1226,1
1339,5095.587557541,18.9066,18.7461,0.2990,2,4,0,0,0,2,0.0000,0.5200,0.4105,1
1340,5095.604225583,19.3660,19.1803,0.3948,2,4,0,0,0,2,0.0000,0.6101,0.5146,1
1341,5095.620893458,20.2638,19.9718,0.5372,2,4,0,0,0,2,0.0000,0.8181,0.7026,1
1342,5095.637561541,40.4261,39.3851,15.6872,2,13,0,0,1,1,0.0000,19.1572,19.0530,1
1343,5095.654229625,19.1243,18.9613,0.2868,2,4,0,0,0,2,0.0000,0.4805,0.3833,1
1344,5095.670897625,19.6388,19.4251,0.3870,2,4,0,0,0,2,0.0000,0.5903,0.5000,1
1345,5095.687565750,20.2115,19.8849,0.4721,2,4,0,0,0,2,0.0000,0.9119,0.6106,1
1346,5095.704233791,49.7873,48.8442,26.1419,2,13,0,0,1,1,0.0000,29.8767,29.7452,1
1347,5095.720901708,22.7471,21.2698,0.2902,2,4,0,0,0,2,0.0000,0.4920,0.3962,1
1348,5095.737569750,20.7915,20.1313,0.3967,2,4,0,0,0,2,0.0000,0.6185,0.5167,1
1349,5095.754237791,21.3650,20.1636,0.4861,2,4,0,0,0,2,0.0000,0.7207,0.6238,1
1350,5095.770905875,52.1256,51.7713,28.7249,2,13,0,0,1,1,0.0000,32.0802,31.9863,1
1351,5095.787573916,19.8090,19.4096,0.2708,2,4,0,0,0,2,0.0000,0.4947,0.3748,1
1352,5095.804241833,20.4837,20.2194,0.4108,2,4,0,0,0,2,0.0000,0.6353,0.5367,1
1353,5095.820909916,19.5151,19.3789,0.4902,2,4,0,0,0,2,0.0000,0.7347,0.6324,1
1354,5095.837577916,51.4880,48.4582,25.7559,2,13,0,0,1,1,0.0000,29.1761,29.0864,1
1355,5095.854246000,20.2340,20.0802,0.3059,2,4,0,0,0,2,0.0000,0.5166,0.4087,1
1356,5095.870914041,21.7145,20.3377,0.5021,2,4,0,0,0,2,0.0000,0.7789,0.6460,1
1357,5095.887582125,21.3033,21.1264,0.5829,2,4,0,0,0,2,0.0000,0.8717,0.7533,1
1358,5095.904250000,60.6697,59.1770,36.7770,2,13,0,0,1,1,0.0000,40.3476,40.2275,1
1359,5095.920918083,21.8938,21.4278,0.3788,2,4,0,0,0,2,0.0000,0.6061,0.4934,1
1360,5095.937586166,20.8891,20.6154,0.4807,2,4,0,0,0,2,0.0000,0.7931,0.6310,1
1361,5095.954254208,22.2580,21.3308,0.6189,2,4,0,0,0,2,0.0000,0.9505,0.7840,1
1362,5095.970922250,34.6302,34.3482,10.1249,2,13,0,0,1,1,0.0000,13.8727,13.7639,1
1363,5095.987590333,21.0087,20.4150,0.2677,2,4,0,0,0,2,0.0000,0.4747,0.3580,1
1364,5096.004258291,21.5250,18.9462,0.3841,2,4,0,0,0,2,0.0000,0.6162,0.4956,1
1365,5096.020926291,21.4301,20.7642,0.5000,2,4,0,0,0,2,0.0000,0.7680,0.6396,1
1366,5096.037594333,33.8516,33.7347,9.7840,2,13,0,0,1,1,0.0000,13.4736,13.3246,1
1367,5096.054262458,19.7357,19.2280,0.2713,2,4,0,0,0,2,0.0000,0.4835,0.3635,1
1368,5096.070930416,19.9130,19.7018,0.4108,2,4,0,0,0,2,0.0000,0.6442,0.5329,1
1369,5096.087598416,19.9044,19.8586,0.5581,2,4,0,0,0,2,0.0000,0.8474,0.7184,1
1370,5096.104266416,34.0769,33.8294,9.4898,2,13,0,0,1,1,0.0000,13.0066,12.8698,1
1371,5096.120934458,20.2030,19.9643,0.2739,2,4,0,0,0,2,0.0000,0.4860,0.3664,1
1372,5096.137602541,21.1057,20.5999,0.4277,2,4,0,0,0,2,0.0000,0.6771,0.5592,1
1373,5096.154270541,21.1232,20.7786,0.5631,2,4,0,0,0,2,0.0000,0.9010,0.7372,1
1374,5096.170938666,33.5111,33.4165,9.2449,2,13,0,0,1,1,0.0000,12.7669,12.6196,1
1375,5096.187606583,21.8311,20.8957,0.3121,2,4,0,0,0,2,0.0000,0.5260,0.4100,1
1376,5096.204274541,20.8547,20.4332,0.4132,2,4,0,0,0,2,0.0000,0.6734,0.5438,1
1377,5096.220942666,20.6135,20.2647,0.6621,2,5,0,0,0,2,0.0000,0.9252,0.8180,1
1378,5096.237610708,38.4569,38.3722,15.8470,2,13,0,0,1,1,0.0000,19.1934,19.0835,1
1379,5096.254278791,19.6043,19.6062,0.2809,2,4,0,0,0,2,0.0000,0.4967,0.3767,1
1380,5096.270946791,20.1700,19.8738,0.4332,2,4,0,0,0,2,0.0000,0.6788,0.5598,1
1381,5096.287614750,19.9948,19.8201,0.6981,2,5,0,0,0,2,0.0000,0.9788,0.8654,1
1382,5096.304282833,58.8285,58.4834,36.4380,2,13,0,0,1,1,0.0000,39.8450,39.7284,1
1383,5096.320950833,21.4749,20.4852,0.3049,2,4,0,0,0,2,0.0000,0.5142,0.3980,1
1384,5096.337618958,20.4118,19.7097,0.4590,2,5,0,0,0,2,0.0000,0.6902,0.5790,1
1385,5096.354287000,20.6906,20.3903,0.6199,2,5,0,0,0,2,0.0000,0.8921,0.7683,1
1386,5096.370950375,39.2565,38.9183,15.5890,2,13,0,0,1,1,0.0000,18.9315,18.8108,1
1387,5096.387622958,20.0750,20.0275,0.2644,2,4,0,0,0,2,0.0000,0.4957,0.3593,1
1388,5096.404291000,19.3566,19.1844,0.3657,2,4,0,0,0,2,0.0000,0.6184,0.4804,1
1389,5096.420959125,19.1470,18.9706,0.6320,2,5,0,0,0,2,0.0000,0.8866,0.7746,1
1390,5096.437627166,59.1456,59.0798,36.7329,2,13,0,0,1,1,0.0000,40.2408,40.1202,1
1391,5096.454295208,24.8660,23.6010,0.2918,2,4,0,0,0,2,0.0000,0.5462,0.3890,1
1392,5096.470963041,21.3972,20.7217,0.4089,2,4,0,0,0,2,0.0000,0.6398,0.5284,1
1393,5096.487631166,20.9560,20.8125,0.5178,2,4,0,0,0,2,0.0000,0.8261,0.6687,1
1394,5096.504299208,57.7029,56.7827,34.9920,2,13,0,0,1,1,0.0000,38.6380,38.5296,1
1395,5096.520967208,20.9785,20.7031,0.2441,2,4,0,0,0,2,0.0000,0.4247,0.3264,1
1396,5096.537635333,19.7884,19.7130,0.3679,2,4,0,0,0,2,0.0000,0.5779,0.4765,1
1397,5096.554303333,20.7117,20.2796,0.5167,2,4,0,0,0,2,0.0000,0.7635,0.6571,1
1398,5096.570971250,32.8446,31.7444,9.6951,2,13,0,0,1,1,0.0000,13.1647,13.0585,1
1399,5096.587639333,20.4429,19.9225,0.2561,2,4,0,0,0,2,0.0000,0.4450,0.3368,1
1400,5096.604307416,19.9059,19.7368,0.3932,2,4,0,0,0,2,0.0000,0.6055,0.5059,1
1401,5096.620975416,20.8657,20.5015,0.4928,2,4,0,0,0,2,0.0000,0.7277,0.6300,1
1402,5096.637643500,37.6492,37.3633,15.9051,2,13,0,0,1,1,0.0000,19.1401,19.0309,1
1403,5096.654311416,18.5230,18.4375,0.2501,2,4,0,0,0,2,0.0000,0.4509,0.3329,1
1404,5096.670979458,19.2164,18.9988,0.4451,2,4,0,0,0,2,0.0000,0.6876,0.5718,1
1405,5096.687647458,19.8968,19.7688,0.5431,2,4,0,0,0,2,0.0000,0.8004,0.6807,1
1406,5096.704315583,37.0131,36.9330,15.6410,2,13,0,0,1,1,0.0000,19.0649,18.9355,1
1407,5096.720983625,20.2504,19.7081,0.2820,2,4,0,0,0,2,0.0000,0.4811,0.3746,1
1408,5096.737651625,19.4181,19.2958,0.4148,2,4,0,0,0,2,0.0000,0.6467,0.5370,1
1409,5096.754319583,19.8071,19.6487,0.6423,2,5,0,0,0,2,0.0000,0.9084,0.7932,1
1410,5096.770987583,55.7325,55.3117,32.5520,2,13,0,0,1,1,0.0000,36.3532,36.2426,1
1411,5096.787655666,19.3152,18.9977,0.2511,2,4,0,0,0,2,0.0000,0.4590,0.3369,1
1412,5096.804323750,19.7768,19.3546,0.4258,2,4,0,0,0,2,0.0000,0.6702,0.5506,1
1413,5096.820991791,20.3411,20.1138,0.7191,2,5,0,0,0,2,0.0000,1.0343,0.8954,1
1414,5096.837659833,38.3660,38.2615,16.1872,2,13,0,0,1,1,0.0000,19.5941,19.4808,1
1415,5096.854327791,20.1552,19.5346,0.2730,2,4,0,0,0,2,0.0000,0.4742,0.3641,1
1416,5096.870995791,21.2194,20.9483,0.4170,2,4,0,0,0,2,0.0000,0.6399,0.5363,1
1417,5096.887663916,21.8290,20.9053,0.5178,2,4,0,0,0,2,0.0000,0.7698,0.6634,1
1418,5096.904331916,38.1723,38.0455,16.5300,2,13,0,0,1,1,0.0000,20.0369,19.9359,1
1419,5096.920999958,20.9752,20.5637,0.3159,2,4,0,0,0,2,0.0000,0.5387,0.4137,1
1420,5096.937667916,21.1692,20.0265,0.4041,2,4,0,0,0,2,0.0000,0.6547,0.5274,1
1421,5096.954335916,19.9309,19.7749,0.4930,2,4,0,0,0,2,0.0000,0.7305,0.6309,1
1422,5096.971003958,38.0799,37.9012,16.4411,2,13,0,0,1,1,0.0000,19.9082,19.8049,1
1423,5096.987672000,20.3120,19.8841,0.2739,2,4,0,0,0,2,0.0000,0.4958,0.3641,1
1424,5097.004340083,19.2706,19.0974,0.4222,2,4,0,0,0,2,0.0000,0.6480,0.5477,1
1425,5097.021008125,20.1987,19.9521,0.6227,2,5,0,0,0,2,0.0000,0.8793,0.7667,1
1426,5097.037676041,60.2387,60.0605,37.6520,2,13,0,0,1,1,0.0000,40.9578,40.8490,1
1427,5097.054344125,18.9314,18.8362,0.2770,2,4,0,0,0,2,0.0000,0.4666,0.3648,1
1428,5097.071012125,19.6002,19.3867,0.4630,2,4,0,0,0,2,0.0000,0.7275,0.5906,1
1429,5097.087680250,26.2126,25.6180,0.5543,2,4,0,0,0,2,0.0000,0.8395,0.7146,1
1430,5097.104348250,63.4886,63.2775,38.0280,2,13,0,0,1,1,0.0000,41.5175,41.4083,1
1431,5097.121016291,20.3651,20.0424,0.2952,2,4,0,0,0,2,0.0000,0.5041,0.3908,1
1432,5097.137684208,20.5321,20.1438,0.4251,2,4,0,0,0,2,0.0000,0.6532,0.5498,1
1433,5097.154352250,19.9502,19.8677,0.6330,2,5,0,0,0,2,0.0000,0.8942,0.7844,1
1434,5097.171020333,58.9173,58.6063,36.2430,2,13,0,0,1,1,0.0000,39.6470,39.5401,1
1435,5097.187688375,20.0535,19.7144,0.2789,2,4,0,0,0,2,0.0000,0.4802,0.3721,1
1436,5097.204356416,20.0404,19.6893,0.4439,2,4,0,0,0,2,0.0000,0.6787,0.5714,1
1437,5097.221024375,19.3149,19.2948,0.5260,2,4,0,0,0,2,0.0000,0.7816,0.6792,1
1438,5097.237692416,32.1502,32.0411,9.4581,2,13,0,0,1,1,0.0000,12.8728,12.7657,1
1439,5097.254360458,20.8126,20.2155,0.3197,2,4,0,0,0,2,0.0000,0.5369,0.4255,1
1440,5097.271028375,19.6378,19.4797,0.4830,2,5,0,0,0,2,0.0000,0.7229,0.6195,1
1441,5097.287696541,19.9275,19.4233,0.7370,2,6,0,0,0,2,0.0000,1.0096,0.9012,1
1442,5097.304364583,32.5302,32.4660,9.5041,2,14,0,0,1,1,0.0000,13.1462,13.0448,1
1443,5097.321032541,19.9942,19.6924,0.3738,2,5,0,0,0,2,0.0000,0.6226,0.4832,1
1444,5097.337700583,19.7070,19.5854,0.4420,2,4,0,0,0,2,0.0000,0.6798,0.5744,1
1445,5097.354368625,21.0228,20.6430,0.5701,2,4,0,0,0,2,0.0000,0.8463,0.7370,1
1446,5097.371036666,32.7875,32.4393,9.5010,2,13,0,0,1,1,0.0000,12.9936,12.8916,1
1447,5097.387704666,20.5152,20.1937,0.3650,2,5,0,0,0,2,0.0000,0.5985,0.4768,1
1448,5097.404372708,20.4577,19.8275,0.4320,2,4,0,0,0,2,0.0000,0.6843,0.5660,1
1449,5097.421040666,19.8016,19.5554,0.5591,2,4,0,0,0,2,0.0000,0.8345,0.7200,1
1450,5097.437708750,32.8039,32.3284,9.5019,2,13,0,0,1,1,0.0000,12.9290,12.8216,1
1451,5097.454376791,19.2154,19.1511,0.2811,2,4,0,0,0,2,0.0000,0.4762,0.3764,1
1452,5097.471044833,19.5898,19.2253,0.4230,2,4,0,0,0,2,0.0000,0.6560,0.5480,1
1453,5097.487712833,19.8321,19.5775,0.6101,2,5,0,0,0,2,0.0000,0.8767,0.7663,1
1454,5097.504380750,30.7678,30.5701,9.0568,2,13,0,0,1,1,0.0000,12.4508,12.3377,1
1455,5097.521048875,19.3643,18.9023,0.3111,2,4,0,0,0,2,0.0000,0.5209,0.4176,1
1456,5097.537716875,20.2906,19.8424,0.4210,2,4,0,0,0,2,0.0000,0.6490,0.5510,1
1457,5097.554384916,19.1780,19.1797,0.5291,2,4,0,0,0,2,0.0000,0.7958,0.6913,1
1458,5097.571053000,31.6706,31.5790,9.0880,2,13,0,0,1,1,0.0000,12.3599,12.2594,1
1459,5097.587721000,18.9300,18.6817,0.2780,2,4,0,0,0,2,0.0000,0.4672,0.3718,1
1460,5097.604388916,18.7414,18.5537,0.4020,2,4,0,0,0,2,0.0000,0.6122,0.5181,1
1461,5097.621056916,18.9282,18.7082,0.6001,2,5,0,0,0,2,0.0000,0.8498,0.7450,1
1462,5097.637725000,37.6936,37.6040,15.9588,2,13,0,0,1,1,0.0000,19.3482,19.2514,1
1463,5097.654393041,19.1639,19.0833,0.2780,2,4,0,0,0,2,0.0000,0.4903,0.3828,1
1464,5097.671061125,18.7724,18.4773,0.4232,2,4,0,0,0,2,0.0000,0.6556,0.5555,1
1465,5097.687729208,19.6792,19.6309,0.5422,2,4,0,0,0,2,0.0000,0.8195,0.7044,1
1466,5097.704397041,59.6961,59.5762,37.8761,2,13,0,0,1,1,0.0000,41.3342,41.2248,1
1467,5097.721065166,19.6980,18.7291,0.3040,2,4,0,0,0,2,0.0000,0.5155,0.4001,1
1468,5097.737733166,19.4103,19.2166,0.3650,2,4,0,0,0,2,0.0000,0.5652,0.4705,1
1469,5097.754401250,19.2783,19.1748,0.4661,2,4,0,0,0,2,0.0000,0.6856,0.5906,1
1470,5097.771069250,38.3833,38.2487,16.3281,2,13,0,0,1,1,0.0000,19.6026,19.5106,1
1471,5097.787737208,19.2292,18.4787,0.2329,2,4,0,0,0,2,0.0000,0.4060,0.3102,1
1472,5097.804405291,18.7770,18.4521,0.3510,2,4,0,0,0,2,0.0000,0.5500,0.4530,1
1473,5097.821073250,18.6427,18.6439,0.4549,2,4,0,0,0,2,0.0000,0.6815,0.5805,1
1474,5097.837741291,38.5316,38.3415,16.5410,2,13,0,0,1,1,0.0000,19.9809,19.8692,1
1475,5097.854409375,18.6240,18.5416,0.2999,2,4,0,0,0,2,0.0000,0.5151,0.3963,1
1476,5097.871077500,19.0507,18.7123,0.4041,2,4,0,0,0,2,0.0000,0.6465,0.5304,1
1477,5097.887745291,19.2027,18.5140,0.5372,2,4,0,0,0,2,0.0000,0.7969,0.6921,1
1478,5097.904413416,32.4053,32.3735,10.4909,2,13,0,0,1,1,0.0000,14.4477,14.3425,1
1479,5097.921081458,20.8927,20.4952,0.2809,2,4,0,0,0,2,0.0000,0.4770,0.3713,1
1480,5097.937749416,21.5282,20.1420,0.3908,2,4,0,0,0,2,0.0000,0.6237,0.5132,1
1481,5097.954417500,20.1250,20.0038,0.5348,2,4,0,0,0,2,0.0000,0.8055,0.6919,1
1482,5097.971085541,32.7501,32.4952,10.2010,2,13,0,0,1,1,0.0000,13.6687,13.5490,1
1483,5097.987753500,19.3431,19.0235,0.2820,2,4,0,0,0,2,0.0000,0.5020,0.3863,1
1484,5098.004421583,19.1775,18.8656,0.4129,2,4,0,0,0,2,0.0000,0.6383,0.5371,1
1485,5098.021089583,20.0535,19.7429,0.6509,2,5,0,0,0,2,0.0000,0.9082,0.8043,1
1486,5098.037757666,31.9614,31.9117,10.0880,2,13,0,0,1,1,0.0000,13.6131,13.5067,1
1487,5098.054425666,20.9269,20.0895,0.2758,2,4,0,0,0,2,0.0000,0.4792,0.3738,1
1488,5098.071093625,19.6035,19.5668,0.3850,2,4,0,0,0,2,0.0000,0.6051,0.5040,1
1489,5098.087761625,19.8646,18.9861,0.6440,2,5,0,0,0,2,0.0000,0.8923,0.7949,1
1490,5098.104429625,39.3736,38.4923,16.5718,2,13,0,0,1,1,0.0000,19.8738,19.7723,1
1491,5098.121097708,18.0294,18.0114,0.2520,2,4,0,0,0,2,0.0000,0.4498,0.3390,1
1492,5098.137765791,18.7035,18.6787,0.3839,2,4,0,0,0,2,0.0000,0.6020,0.4983,1
1493,5098.154433791,18.5094,18.4883,0.5841,2,5,0,0,0,2,0.0000,0.8102,0.7191,1
1494,5098.171101750,70.7333,68.6090,46.2890,2,13,0,0,1,1,0.0000,51.3744,50.9451,1
1495,5098.187769791,19.9707,19.5080,0.2539,2,4,0,0,0,2,0.0000,0.4463,0.3420,1
1496,5098.204437875,19.1802,19.0843,0.3762,2,4,0,0,0,2,0.0000,0.5811,0.4869,1
1497,5098.221105833,19.4516,19.2424,0.6151,2,5,0,0,0,2,0.0000,0.8601,0.7608,1
1498,5098.237773958,59.7606,59.6359,36.9341,2,13,0,0,1,1,0.0000,40.3860,40.2929,1
1499,5098.254441916,19.6048,19.3821,0.2661,2,4,0,0,0,2,0.0000,0.4505,0.3509,1
1500,5098.271109833,23.2049,22.2806,0.4272,2,4,0,0,0,2,0.0000,0.6851,0.5773,1
1501,5098.287777916,24.5037,23.4143,0.5059,2,4,0,0,0,2,0.0000,0.7414,0.6467,1
1502,5098.304445958,57.9993,57.5405,36.8011,2,13,0,0,1,1,0.0000,40.2047,40.1271,1
1503,5098.321114041,18.6172,18.4094,0.2451,2,4,0,0,0,2,0.0000,0.4162,0.3270,1
1504,5098.337782041,18.6060,18.4961,0.3519,2,4,0,0,0,2,0.0000,0.5516,0.4503,1
1505,5098.354450000,19.0116,18.7650,0.4270,2,4,0,0,0,2,0.0000,0.6202,0.5420,1
1506,5098.371118041,57.0712,56.9152,35.8610,2,13,0,0,1,1,0.0000,39.2241,39.1469,1
1507,5098.387785916,18.3507,18.2865,0.2341,2,4,0,0,0,2,0.0000,0.3794,0.3065,1
1508,5098.404454125,19.8879,19.7060,0.3161,2,4,0,0,0,2,0.0000,0.4829,0.4024,1
1509,5098.421122083,20.0038,19.5806,0.4477,2,4,0,0,0,2,0.0000,0.6480,0.5740,1
1510,5098.437790208,57.6156,57.4915,35.3518,2,13,0,0,1,1,0.0000,38.7479,38.6771,1
1511,5098.454458083,19.0737,18.8619,0.2007,2,4,0,0,0,2,0.0000,0.3325,0.2660,1
1512,5098.471126125,19.3075,19.0263,0.2801,2,4,0,0,0,2,0.0000,0.4345,0.3545,1
1513,5098.487794166,19.2090,19.0036,0.3920,2,4,0,0,0,2,0.0000,0.5908,0.4881,1
1514,5098.504462291,30.9556,30.8383,8.9171,2,13,0,0,1,1,0.0000,12.3100,12.2214,1
1515,5098.521130291,18.1652,18.1338,0.1800,2,4,0,0,0,2,0.0000,0.3219,0.2369,1
1516,5098.537798333,17.9636,17.7942,0.2880,2,4,0,0,0,2,0.0000,0.4375,0.3658,1
1517,5098.554466291,23.8099,22.7703,0.4072,2,4,0,0,0,2,0.0000,0.6015,0.5078,1
1518,5098.571134333,65.9635,62.1625,36.7990,2,13,0,0,1,1,0.0000,40.1546,40.0582,1
1519,5098.587802291,19.5838,18.9997,0.2310,2,4,0,0,0,2,0.0000,0.4074,0.3048,1
1520,5098.604470333,19.1689,19.0031,0.3209,2,4,0,0,0,2,0.0000,0.5000,0.4088,1
1521,5098.621138416,18.5231,18.4305,0.3889,2,4,0,0,0,2,0.0000,0.5673,0.4880,1
1522,5098.637806333,53.6195,53.4336,33.0470,2,13,0,0,1,1,0.0000,36.2347,36.1492,1
1523,5098.654474375,18.3048,17.9941,0.2222,2,4,0,0,0,2,0.0000,0.4018,0.2943,1
1524,5098.671142375,18.8938,18.5247,0.3219,2,4,0,0,0,2,0.0000,0.4968,0.4082,1
1525,5098.687810458,18.3890,18.3511,0.3810,2,4,0,0,0,2,0.0000,0.5607,0.4773,1
1526,5098.704478541,54.6923,54.6395,33.0400,2,13,0,0,1,1,0.0000,36.3127,36.2267,1
1527,5098.721146583,19.9465,19.6947,0.2458,2,4,0,0,0,2,0.0000,0.4467,0.3244,1
1528,5098.737814458,19.0996,18.5086,0.3331,2,4,0,0,0,2,0.0000,0.5172,0.4237,1
1529,5098.754482458,18.7381,18.6400,0.4470,2,4,0,0,0,2,0.0000,0.6718,0.5638,1
1530,5098.771150583,35.2911,35.2208,13.9320,2,13,0,0,1,1,0.0000,17.1288,17.0315,1
1531,5098.787818625,18.0549,18.0170,0.2730,2,4,0,0,0,2,0.0000,0.4738,0.3652,1
1532,5098.804486625,18.4632,18.4035,0.3641,2,4,0,0,0,2,0.0000,0.5655,0.4637,1
1533,5098.821154625,19.0658,18.8534,0.4470,2,4,0,0,0,2,0.0000,0.6591,0.5620,1
1534,5098.837822583,30.0144,29.4375,7.8738,2,13,0,0,1,1,0.0000,11.0345,10.9298,1
1535,5098.854490583,19.3020,19.1858,0.2720,2,4,0,0,0,2,0.0000,0.5090,0.3602,1
1536,5098.871158625,19.4820,19.3243,0.3862,2,4,0,0,0,2,0.0000,0.6354,0.4997,1
1537,5098.887826666,19.0632,18.9707,0.4570,2,4,0,0,0,2,0.0000,0.6806,0.5830,1
1538,5098.904494750,29.1983,29.1588,7.7422,2,13,0,0,1,1,0.0000,10.8232,10.7183,1
1539,5098.921162666,18.3240,18.0366,0.3092,2,5,0,0,0,2,0.0000,0.4955,0.3928,1
1540,5098.937830666,18.3565,18.3258,0.4058,2,5,0,0,0,2,0.0000,0.6144,0.5120,1
1541,5098.954498750,19.1077,18.8608,0.4480,2,4,0,0,0,2,0.0000,0.6671,0.5682,1
1542,5098.971166750,28.7270,28.5787,7.4642,2,13,0,0,1,1,0.0000,10.5085,10.4146,1
1543,5098.987834791,20.3566,19.8732,0.2778,2,4,0,0,0,2,0.0000,0.5145,0.3729,1
1544,5099.004502833,19.2253,19.2275,0.4318,2,4,0,0,0,2,0.0000,0.6535,0.5470,1
1545,5099.021170750,19.7719,19.5357,0.6828,2,5,0,0,0,2,0.0000,1.0265,0.8392,1
1546,5099.037838833,34.5581,34.2886,13.1109,2,13,0,0,1,1,0.0000,16.2151,16.0396,1
1547,5099.054506833,18.4431,18.4470,0.2394,2,4,0,0,0,2,0.0000,0.4210,0.3145,1
1548,5099.071174833,18.2964,18.2980,0.3343,2,4,0,0,0,2,0.0000,0.5290,0.4303,1
1549,5099.087842875,18.5178,18.5057,0.5200,2,5,0,0,0,2,0.0000,0.7531,0.6375,1
1550,5099.104510916,33.3130,33.0902,11.2512,2,13,0,0,1,1,0.0000,14.6693,14.5774,1
1551,5099.121178916,18.6250,18.4469,0.2611,2,4,0,0,0,2,0.0000,0.4423,0.3432,1
1552,5099.137846916,18.8530,18.5162,0.3598,2,4,0,0,0,2,0.0000,0.5831,0.4606,1
1553,5099.154514958,18.8726,18.7165,0.4559,2,4,0,0,0,2,0.0000,0.6753,0.5836,1
1554,5099.171182958,30.1858,30.0876,8.5981,2,13,0,0,1,1,0.0000,11.9434,11.8519,1
1555,5099.187851041,19.0762,18.9165,0.2799,2,4,0,0,0,2,0.0000,0.5195,0.3682,1
1556,5099.204519083,19.2027,19.0895,0.3850,2,4,0,0,0,2,0.0000,0.5833,0.4953,1
1557,5099.221186958,18.9656,18.8928,0.5150,2,5,0,0,0,2,0.0000,0.7069,0.6310,1
1558,5099.237855041,32.2075,32.0483,9.4059,2,13,0,0,1,1,0.0000,12.8071,12.7180,1
1559,5099.254523041,18.9646,18.8736,0.2182,2,4,0,0,0,2,0.0000,0.3609,0.2939,1
1560,5099.271191166,19.3746,19.2819,0.3638,2,4,0,0,0,2,0.0000,0.5495,0.4699,1
1561,5099.287859166,19.1568,19.1118,0.4468,2,4,0,0,0,2,0.0000,0.6588,0.5793,1
1562,5099.304527083,59.4123,58.8965,37.5721,2,13,0,0,1,1,0.0000,41.0217,40.9465,1
1563,5099.321195083,39.3990,39.3041,17.4012,2,13,0,0,1,1,0.0000,20.9012,20.8301,1
1564,5099.337863125,18.7311,17.6082,0.2050,2,3,0,0,0,2,0.0000,0.3460,0.2802,1
1565,5099.354531166,18.8689,18.4918,0.3989,2,4,0,0,0,2,0.0000,0.6075,0.5070,1
1566,5099.371199166,18.8960,18.2302,0.4649,2,4,0,0,0,2,0.0000,0.6869,0.5965,1
1567,5099.387867250,39.6310,39.3760,17.8051,2,13,0,0,1,1,0.0000,21.3095,21.1813,1
1568,5099.404535208,19.5719,19.3794,0.2351,2,4,0,0,0,2,0.0000,0.3832,0.3131,1
1569,5099.421203208,19.3632,19.1216,0.3560,2,4,0,0,0,2,0.0000,0.5314,0.4574,1
1570,5099.437871291,19.6535,19.5589,0.4432,2,4,0,0,0,2,0.0000,0.6349,0.5625,1
1571,5099.454539291,38.4949,38.4015,17.4053,2,13,0,0,1,1,0.0000,20.7825,20.6923,1
1572,5099.471207333,19.0815,18.9792,0.2179,2,4,0,0,0,2,0.0000,0.3721,0.2890,1
1573,5099.487875208,18.8350,18.7788,0.3450,2,4,0,0,0,2,0.0000,0.5316,0.4450,1
1574,5099.504543291,19.7406,19.2564,0.4439,2,4,0,0,0,2,0.0000,0.6503,0.5685,1
1575,5099.521211375,31.5763,31.4176,9.6979,2,13,0,0,1,1,0.0000,13.0809,12.9925,1
1576,5099.537879416,19.0310,18.6934,0.1891,2,4,0,0,0,2,0.0000,0.3308,0.2492,1
1577,5099.554547416,19.2294,19.1430,0.3860,2,4,0,0,0,2,0.0000,0.6087,0.4838,1
1578,5099.571215458,19.5462,19.3698,0.4761,2,4,0,0,0,2,0.0000,0.7098,0.5965,1
1579,5099.587883375,31.9988,31.8989,9.1908,2,13,0,0,1,1,0.0000,12.6336,12.5172,1
1580,5099.604551416,18.9159,18.8014,0.1988,2,4,0,0,0,2,0.0000,0.3567,0.2672,1
1581,5099.621219375,19.0580,18.7712,0.3390,2,4,0,0,0,2,0.0000,0.5645,0.4413,1
1582,5099.637887500,18.9560,18.8903,0.4320,2,4,0,0,0,2,0.0000,0.6175,0.5348,1
1583,5099.654555458,30.0190,29.5582,8.6200,2,13,0,0,1,1,0.0000,11.8444,11.7598,1
1584,5099.671223500,19.6325,19.5268,0.2201,2,4,0,0,0,2,0.0000,0.3857,0.2880,1
1585,5099.687891416,19.1692,19.1705,0.3102,2,4,0,0,0,2,0.0000,0.4901,0.3949,1
1586,5099.704559458,21.4805,20.9534,0.4201,2,4,0,0,0,2,0.0000,0.6221,0.5291,1
1587,5099.721227458,30.5031,30.0127,8.2331,2,13,0,0,1,1,0.0000,11.4954,11.4035,1
1588,5099.737892791,20.0303,19.8129,0.2570,2,4,0,0,0,2,0.0000,0.4514,0.3367,1
1589,5099.754563583,20.8898,20.6796,0.4129,2,4,0,0,0,2,0.0000,0.6355,0.5194,1
1590,5099.771231458,22.0574,20.3469,0.4599,2,4,0,0,0,2,0.0000,0.6759,0.5772,1
1591,5099.787899583,31.6183,31.3069,8.3859,2,13,0,0,1,1,0.0000,11.7273,11.6036,1
1592,5099.804567583,21.3524,20.4495,0.2749,2,4,0,0,0,2,0.0000,0.4751,0.3633,1
1593,5099.821235500,23.9408,22.6368,0.3819,2,4,0,0,0,2,0.0000,0.6000,0.4894,1
1594,5099.837903625,20.3168,20.0345,0.4861,2,4,0,0,0,2,0.0000,0.7162,0.6166,1
1595,5099.854571708,51.4205,51.3331,29.5482,2,13,0,0,1,1,0.0000,32.6325,32.5176,1
1596,5099.871239625,19.2822,19.2335,0.2630,2,4,0,0,0,2,0.0000,0.4557,0.3454,1
1597,5099.887907625,20.0423,19.8705,0.3791,2,4,0,0,0,2,0.0000,0.5890,0.4833,1
1598,5099.904575583,19.0859,18.8917,0.4508,2,4,0,0,0,2,0.0000,0.6784,0.5749,1
1599,5099.921243666,35.8270,35.7331,14.1079,2,13,0,0,1,1,0.0000,17.0344,16.9297,1
1600,5099.937911750,18.6428,18.4932,0.2410,2,4,0,0,0,2,0.0000,0.4267,0.3221,1
1601,5099.954579750,18.8347,18.7488,0.3479,2,4,0,0,0,2,0.0000,0.5698,0.4515,1
1602,5099.971247666,19.3921,19.0778,0.4852,2,4,0,0,0,2,0.0000,0.7230,0.6173,1
1603,5099.987915625,32.7422,32.4560,11.0478,2,13,0,0,1,1,0.0000,14.0573,13.9450,1
1604,5100.004583750,20.2218,19.9187,0.2649,2,4,0,0,0,2,0.0000,0.4545,0.3393,1
1605,5100.021251791,20.0378,19.6382,0.3622,2,4,0,0,0,2,0.0000,0.5774,0.4615,1
1606,5100.037919791,20.4819,19.6607,0.4482,2,4,0,0,0,2,0.0000,0.6726,0.5612,1
1607,5100.054587708,30.0012,29.9834,7.6990,2,13,0,0,1,1,0.0000,10.8627,10.7569,1
1608,5100.071255750,19.8893,19.8090,0.2699,2,4,0,0,0,2,0.0000,0.5244,0.3583,1
1609,5100.087923791,20.0699,19.5706,0.3459,2,4,0,0,0,2,0.0000,0.5502,0.4400,1
1610,5100.104591833,19.5424,19.3419,0.4258,2,4,0,0,0,2,0.0000,0.6540,0.5396,1
1611,5100.121259833,36.6376,36.3922,13.4358,2,13,0,0,1,1,0.0000,16.6639,16.5527,1
1612,5100.137927833,20.5394,20.2996,0.2379,2,4,0,0,0,2,0.0000,0.4638,0.3274,1
1613,5100.154592958,19.5035,19.4899,0.3293,2,4,0,0,0,2,0.0000,0.5336,0.4224,1
1614,5100.171263875,19.7712,19.6042,0.5090,2,5,0,0,0,2,0.0000,0.7270,0.6158,1
1615,5100.187931916,36.5697,36.1464,13.9778,2,13,0,0,1,1,0.0000,17.0771,16.9807,1
1616,5100.204599916,19.4944,18.7850,0.2570,2,4,0,0,0,2,0.0000,0.4384,0.3348,1
1617,5100.221268000,19.1447,18.6026,0.3569,2,4,0,0,0,2,0.0000,0.5660,0.4580,1
1618,5100.237935958,19.4209,19.2072,0.4518,2,4,0,0,0,2,0.0000,0.6805,0.5745,1
1619,5100.254603916,41.2980,41.1740,19.7859,2,13,0,0,1,1,0.0000,22.8822,22.7767,1
1620,5100.271271958,18.2877,18.2480,0.2189,2,4,0,0,0,2,0.0000,0.4012,0.2916,1
1621,5100.287939916,18.9703,18.8474,0.3593,2,4,0,0,0,2,0.0000,0.5868,0.4739,1
1622,5100.304608041,19.8901,19.7011,0.6568,2,5,0,0,0,2,0.0000,1.0939,0.8372,1
1623,5100.321276000,53.6696,53.4038,32.3169,2,13,0,0,1,1,0.0000,35.4551,35.3492,1
1624,5100.337943916,18.1315,18.0788,0.2699,2,4,0,0,0,2,0.0000,0.4519,0.3512,1
1625,5100.354612000,19.1837,18.7750,0.3982,2,4,0,0,0,2,0.0000,0.6178,0.5077,1
1626,5100.371280000,19.4725,19.2330,0.5529,2,5,0,0,0,2,0.0000,0.7920,0.6760,1
1627,5100.387948041,41.7653,41.6807,20.3121,2,13,0,0,1,1,0.0000,23.5967,23.4950,1
1628,5100.404616083,18.8480,18.7944,0.2608,2,4,0,0,0,2,0.0000,0.4531,0.3425,1
1629,5100.421284125,19.5378,19.2944,0.3490,2,4,0,0,0,2,0.0000,0.5497,0.4492,1
1630,5100.437952000,19.2815,19.1213,0.5629,2,5,0,0,0,2,0.0000,0.7954,0.6880,1
1631,5100.454620041,37.2490,37.0706,14.5819,2,13,0,0,1,1,0.0000,17.9170,17.8198,1
1632,5100.471288083,19.9816,19.7697,0.2444,2,4,0,0,0,2,0.0000,0.4229,0.3221,1
1633,5100.487956125,19.9467,19.6742,0.4258,2,4,0,0,0,2,0.0000,0.6728,0.5455,1
1634,5100.504624208,19.7549,19.6208,0.6440,2,5,0,0,0,2,0.0000,0.9963,0.7973,1
1635,5100.521292208,56.5562,56.3067,34.0412,2,13,0,0,1,1,0.0000,37.2923,37.1637,1
1636,5100.537960125,19.1409,19.0215,0.2549,2,4,0,0,0,2,0.0000,0.4424,0.3382,1
1637,5100.554628166,19.5099,19.3812,0.3872,2,4,0,0,0,2,0.0000,0.6041,0.5000,1
1638,5100.571296125,20.6191,19.7443,0.4730,2,4,0,0,0,2,0.0000,0.7063,0.6037,1
1639,5100.587964208,56.7262,55.5555,34.0240,2,13,0,0,1,1,0.0000,37.2431,37.1393,1
1640,5100.604632250,18.8661,18.6450,0.2718,2,4,0,0,0,2,0.0000,0.4676,0.3595,1
1641,5100.621300166,19.0155,18.6824,0.3779,2,4,0,0,0,2,0.0000,0.5939,0.4906,1
1642,5100.637968166,18.8190,18.7593,0.5291,2,4,0,0,0,2,0.0000,0.7847,0.6773,1
1643,5100.654636166,38.6926,38.2272,15.8250,2,13,0,0,1,1,0.0000,19.1692,19.0654,1
1644,5100.671304208,18.7508,18.6856,0.3400,2,5,0,0,0,2,0.0000,0.5568,0.4397,1
1645,5100.687972250,18.4775,18.4210,0.4051,2,4,0,0,0,2,0.0000,0.6484,0.5324,1
1646,5100.704640291,19.0922,18.9492,0.6471,2,5,0,0,0,2,0.0000,0.9356,0.8067,1
1647,5100.721308125,37.4711,37.3536,15.8353,2,13,0,0,1,1,0.0000,19.1497,19.0247,1
1648,5100.737976208,18.7251,18.6576,0.2921,2,4,0,0,0,2,0.0000,0.5112,0.3898,1
1649,5100.754644250,18.8905,18.5268,0.4814,2,5,0,0,0,2,0.0000,0.7214,0.6102,1
1650,5100.771312333,19.1321,19.0559,0.7040,2,5,0,0,0,2,0.0000,0.9946,0.8741,1
1651,5100.787980333,39.2526,39.1100,16.7761,2,13,0,0,1,1,0.0000,20.2194,20.1071,1
1652,5100.804648416,19.6114,19.5817,0.3672,2,5,0,0,0,2,0.0000,0.6149,0.4795,1
1653,5100.821316250,19.9456,19.8923,0.6101,2,6,0,0,0,2,0.0000,0.8840,0.7617,1
1654,5100.837984333,19.7210,19.7185,0.7842,2,6,0,0,0,2,0.0000,1.0874,0.9789,1
1655,5100.854652375,38.9715,38.9546,16.7150,2,13,0,0,1,1,0.0000,20.3103,20.1993,1
1656,5100.871320416,19.8978,19.6949,0.4051,2,4,0,0,0,2,0.0000,0.6889,0.5362,1
1657,5100.887988375,21.1257,20.2585,0.5662,2,5,0,0,0,2,0.0000,0.8210,0.7083,1
1658,5100.904656291,20.3337,20.1950,0.7441,2,5,0,0,0,2,0.0000,1.0410,0.9259,1
1659,5100.921324333,60.9166,60.4384,36.0141,2,14,0,0,1,1,0.0000,39.6198,39.4948,1
1660,5100.937992375,20.7858,20.3792,0.3967,2,5,0,0,0,2,0.0000,0.6498,0.5203,1
1661,5100.954660458,20.6664,20.5045,0.6249,2,5,0,0,0,2,0.0000,0.9119,0.7925,1
1662,5100.971328416,20.8262,20.6813,0.9279,2,5,0,0,0,2,0.0000,1.3004,1.1777,1
1663,5100.987996500,44.9972,43.7635,20.9639,2,13,0,0,1,1,0.0000,24.4851,24.3502,1
1664,5101.004664416,18.6129,18.6056,0.3738,2,4,0,0,0,2,0.0000,0.6352,0.5048,1
1665,5101.021332375,18.8395,18.6782,0.5729,2,5,0,0,0,2,0.0000,0.8405,0.7291,1
1666,5101.038000458,19.6380,19.3455,0.7980,2,5,0,0,0,2,0.0000,1.1201,0.9990,1
1667,5101.054668500,57.8915,57.4170,35.9929,2,11,0,0,0,2,0.0000,39.6982,39.5774,1
1668,5101.071336500,19.2610,19.1496,0.3419,2,4,0,0,0,2,0.0000,0.5846,0.4666,1
1669,5101.088004500,19.7801,19.5836,0.5269,2,4,0,0,0,2,0.0000,0.8220,0.6990,1
1670,5101.104672500,20.1161,19.9021,0.8612,2,5,0,0,0,2,0.0000,1.1927,1.0802,1
1671,5101.121340416,41.3036,41.1652,18.4813,2,13,0,0,1,1,0.0000,22.1075,21.9979,1
1672,5101.138008500,19.3085,18.9705,0.4251,2,5,0,0,0,2,0.0000,0.6675,0.5479,1
1673,5101.154676541,20.6170,19.8810,0.6630,2,6,0,0,0,2,0.0000,0.9496,0.8327,1
1674,5101.171344541,20.3880,20.1236,0.8261,2,6,0,0,0,2,0.0000,1.1383,1.0307,1
1675,5101.188012500,41.0119,40.6979,18.8289,2,14,0,0,1,1,0.0000,22.4468,22.3386,1
1676,5101.204680500,18.6705,18.5786,0.3722,2,4,0,0,0,2,0.0000,0.6227,0.5071,1
1677,5101.221348583,18.9259,18.8970,0.5469,2,4,0,0,0,2,0.0000,0.8497,0.7342,1
1678,5101.238016583,18.9494,18.8140,0.7629,2,5,0,0,0,2,0.0000,1.0770,0.9599,1
1679,5101.254684666,64.4408,64.4008,43.1652,2,13,0,0,1,1,0.0000,46.7737,46.6728,1
1680,5101.271352666,19.6313,19.3233,0.2899,2,4,0,0,0,2,0.0000,0.4895,0.3916,1
1681,5101.288020583,19.6720,19.5670,0.4060,2,4,0,0,0,2,0.0000,0.6256,0.5354,1
1682,5101.304688583,19.6347,19.3234,0.5460,2,4,0,0,0,2,0.0000,0.8094,0.7132,1
1683,5101.321356583,66.2925,65.7170,43.8571,2,13,0,0,1,1,0.0000,47.7372,47.6322,1
1684,5101.338024666,18.9767,17.8486,0.2921,2,4,0,0,0,2,0.0000,0.4815,0.3924,1
1685,5101.354692583,19.1786,18.8848,0.4220,2,4,0,0,0,2,0.0000,0.6481,0.5481,1
1686,5101.371360708,19.2812,19.1465,0.5422,2,4,0,0,0,2,0.0000,0.8143,0.6990,1
1687,5101.388028625,42.1908,42.1713,19.5777,2,13,0,0,1,1,0.0000,23.4101,23.2923,1
1688,5101.404696666,20.0239,19.4472,0.2909,2,4,0,0,0,2,0.0000,0.4946,0.3945,1
1689,5101.421364666,19.5044,19.0151,0.3626,2,4,0,0,0,2,0.0000,0.5540,0.4759,1
1690,5101.438032708,19.6617,19.6385,0.5341,2,4,0,0,0,2,0.0000,0.7682,0.6872,1
1691,5101.454700750,65.3637,65.2289,43.6079,2,13,0,0,1,1,0.0000,47.4787,47.3873,1
1692,5101.471368666,19.5659,19.0498,0.2708,2,4,0,0,0,2,0.0000,0.4552,0.3638,1
1693,5101.488036708,19.9491,19.4828,0.3328,2,4,0,0,0,2,0.0000,0.5120,0.4311,1
1694,5101.504704541,19.1071,18.4580,0.4230,2,4,0,0,0,2,0.0000,0.6175,0.5411,1
1695,5101.521372708,68.8515,68.0134,45.3942,2,13,0,0,1,1,0.0000,49.7120,49.6363,1
1696,5101.538040791,21.2360,19.4035,0.3211,2,4,0,0,0,2,0.0000,0.4878,0.4158,1
1697,5101.554708791,19.5549,17.1103,0.3571,2,4,0,0,0,2,0.0000,0.5370,0.4637,1
1698,5101.571376708,19.9667,19.2568,0.4430,2,4,0,0,0,2,0.0000,0.6463,0.5703,1
1699,5101.588044750,42.8870,42.4147,19.3751,2,13,0,0,1,1,0.0000,23.1544,23.0786,1
1700,5101.604712750,19.1510,19.0497,0.2499,2,4,0,0,0,2,0.0000,0.4214,0.3413,1
1701,5101.621380791,20.1627,19.9410,0.3798,2,4,0,0,0,2,0.0000,0.5768,0.4971,1
