REPLAY src_db=work_src.db poses=poses_cap50.jsonl out=armE_k22 k=12 max_frames=0 ratio=0.700 AETHER_INCREMENTAL_GLOBAL_BA=(unset)
SOURCE n_images=201 n_poses=201
I20260807 17:04:52.226997 0x20b9da080 database_cache.cc:72] Loading rigs...
I20260807 17:04:52.227023 0x20b9da080 database_cache.cc:82]  0 in 0.000s
I20260807 17:04:52.227030 0x20b9da080 database_cache.cc:90] Loading cameras...
I20260807 17:04:52.227043 0x20b9da080 database_cache.cc:108]  3 in 0.000s
I20260807 17:04:52.227048 0x20b9da080 database_cache.cc:116] Loading frames...
I20260807 17:04:52.227054 0x20b9da080 database_cache.cc:126]  0 in 0.000s
I20260807 17:04:52.227058 0x20b9da080 database_cache.cc:134] Loading matches...
I20260807 17:04:52.227079 0x20b9da080 database_cache.cc:139]  3 in 0.000s
I20260807 17:04:52.227083 0x20b9da080 database_cache.cc:147] Loading images...
I20260807 17:04:52.227405 0x20b9da080 database_cache.cc:236]  3 in 0.000s (loaded all 3)
I20260807 17:04:52.227411 0x20b9da080 database_cache.cc:255] Loading pose priors...
I20260807 17:04:52.227417 0x20b9da080 database_cache.cc:263]  0 in 0.000s
I20260807 17:04:52.227420 0x20b9da080 database_cache.cc:271] Building correspondence graph...
I20260807 17:04:52.227567 0x20b9da080 database_cache.cc:300]  in 0.000s (ignored 0)
I20260807 17:04:52.310136 0x20b9da080 database_cache.cc:72] Loading rigs...
I20260807 17:04:52.310160 0x20b9da080 database_cache.cc:82]  0 in 0.000s
I20260807 17:04:52.310167 0x20b9da080 database_cache.cc:90] Loading cameras...
I20260807 17:04:52.310180 0x20b9da080 database_cache.cc:108]  4 in 0.000s
I20260807 17:04:52.310185 0x20b9da080 database_cache.cc:116] Loading frames...
I20260807 17:04:52.310192 0x20b9da080 database_cache.cc:126]  0 in 0.000s
I20260807 17:04:52.310198 0x20b9da080 database_cache.cc:134] Loading matches...
I20260807 17:04:52.310226 0x20b9da080 database_cache.cc:139]  6 in 0.000s
I20260807 17:04:52.310233 0x20b9da080 database_cache.cc:147] Loading images...
I20260807 17:04:52.310631 0x20b9da080 database_cache.cc:236]  4 in 0.000s (loaded all 4)
I20260807 17:04:52.310829 0x20b9da080 database_cache.cc:255] Loading pose priors...
I20260807 17:04:52.310839 0x20b9da080 database_cache.cc:263]  0 in 0.000s
I20260807 17:04:52.310843 0x20b9da080 database_cache.cc:271] Building correspondence graph...
I20260807 17:04:52.311135 0x20b9da080 database_cache.cc:300]  in 0.000s (ignored 0)
I20260807 17:04:52.315726 0x20b9da080 official_bundle_adjustment_ceres.cc:1434] [AETHER gravity] injected 3/3 roll/pitch anchors, sigma_rad=0.00872665
W20260807 17:04:52.316282 0x20b9da080 levenberg_marquardt_strategy.cc:123] Linear solver failure. Failed to compute a step: Eigen failure. Unable to perform dense Cholesky factorization.
W20260807 17:04:52.316310 0x20b9da080 levenberg_marquardt_strategy.cc:123] Linear solver failure. Failed to compute a step: Eigen failure. Unable to perform dense Cholesky factorization.
W20260807 17:04:52.316317 0x20b9da080 levenberg_marquardt_strategy.cc:123] Linear solver failure. Failed to compute a step: Eigen failure. Unable to perform dense Cholesky factorization.
I20260807 17:04:52.316346 0x20b9da080 official_bundle_adjustment_ceres.cc:923] [AETHER] solver_used=DENSE_SCHUR sparse_backend=EIGEN_SPARSE dense_backend=EIGEN mixed=0 threads=1
I20260807 17:04:52.318273 0x20b9da080 official_bundle_adjustment_ceres.cc:1434] [AETHER gravity] injected 3/3 roll/pitch anchors, sigma_rad=0.00872665
I20260807 17:04:52.318433 0x20b9da080 official_bundle_adjustment_ceres.cc:923] [AETHER] solver_used=DENSE_SCHUR sparse_backend=EIGEN_SPARSE dense_backend=EIGEN mixed=0 threads=1
I20260807 17:04:52.447996 0x20b9da080 database_cache.cc:72] Loading rigs...
I20260807 17:04:52.448051 0x20b9da080 database_cache.cc:82]  0 in 0.000s
I20260807 17:04:52.448059 0x20b9da080 database_cache.cc:90] Loading cameras...
I20260807 17:04:52.448072 0x20b9da080 database_cache.cc:108]  5 in 0.000s
I20260807 17:04:52.448077 0x20b9da080 database_cache.cc:116] Loading frames...
I20260807 17:04:52.448084 0x20b9da080 database_cache.cc:126]  0 in 0.000s
I20260807 17:04:52.448089 0x20b9da080 database_cache.cc:134] Loading matches...
I20260807 17:04:52.448129 0x20b9da080 database_cache.cc:139]  10 in 0.000s
I20260807 17:04:52.448133 0x20b9da080 database_cache.cc:147] Loading images...
I20260807 17:04:52.448542 0x20b9da080 database_cache.cc:236]  5 in 0.000s (loaded all 5)
I20260807 17:04:52.448548 0x20b9da080 database_cache.cc:255] Loading pose priors...
I20260807 17:04:52.448554 0x20b9da080 database_cache.cc:263]  0 in 0.000s
I20260807 17:04:52.448557 0x20b9da080 database_cache.cc:271] Building correspondence graph...
I20260807 17:04:52.448971 0x20b9da080 database_cache.cc:300]  in 0.000s (ignored 0)
I20260807 17:04:52.452150 0x20b9da080 official_bundle_adjustment_ceres.cc:1434] [AETHER gravity] injected 4/4 roll/pitch anchors, sigma_rad=0.00872665
I20260807 17:04:52.460123 0x20b9da080 official_bundle_adjustment_ceres.cc:923] [AETHER] solver_used=DENSE_SCHUR sparse_backend=EIGEN_SPARSE dense_backend=EIGEN mixed=0 threads=1
I20260807 17:04:52.461782 0x20b9da080 official_bundle_adjustment_ceres.cc:1434] [AETHER gravity] injected 4/4 roll/pitch anchors, sigma_rad=0.00872665
I20260807 17:04:52.463572 0x20b9da080 official_bundle_adjustment_ceres.cc:923] [AETHER] solver_used=DENSE_SCHUR sparse_backend=EIGEN_SPARSE dense_backend=EIGEN mixed=0 threads=1
I20260807 17:04:52.600527 0x20b9da080 database_cache.cc:72] Loading rigs...
I20260807 17:04:52.600546 0x20b9da080 database_cache.cc:82]  0 in 0.000s
I20260807 17:04:52.600552 0x20b9da080 database_cache.cc:90] Loading cameras...
I20260807 17:04:52.600563 0x20b9da080 database_cache.cc:108]  6 in 0.000s
I20260807 17:04:52.600568 0x20b9da080 database_cache.cc:116] Loading frames...
I20260807 17:04:52.600575 0x20b9da080 database_cache.cc:126]  0 in 0.000s
I20260807 17:04:52.600578 0x20b9da080 database_cache.cc:134] Loading matches...
I20260807 17:04:52.600615 0x20b9da080 database_cache.cc:139]  15 in 0.000s
I20260807 17:04:52.600619 0x20b9da080 database_cache.cc:147] Loading images...
I20260807 17:04:52.601083 0x20b9da080 database_cache.cc:236]  6 in 0.000s (loaded all 6)
I20260807 17:04:52.601088 0x20b9da080 database_cache.cc:255] Loading pose priors...
I20260807 17:04:52.601094 0x20b9da080 database_cache.cc:263]  0 in 0.000s
I20260807 17:04:52.601098 0x20b9da080 database_cache.cc:271] Building correspondence graph...
I20260807 17:04:52.601576 0x20b9da080 database_cache.cc:300]  in 0.000s (ignored 0)
I20260807 17:04:52.603506 0x20b9da080 official_bundle_adjustment_ceres.cc:1434] [AETHER gravity] injected 5/5 roll/pitch anchors, sigma_rad=0.00872665
I20260807 17:04:52.613061 0x20b9da080 official_bundle_adjustment_ceres.cc:923] [AETHER] solver_used=DENSE_SCHUR sparse_backend=EIGEN_SPARSE dense_backend=EIGEN mixed=0 threads=1
I20260807 17:04:52.614519 0x20b9da080 official_bundle_adjustment_ceres.cc:1434] [AETHER gravity] injected 5/5 roll/pitch anchors, sigma_rad=0.00872665
I20260807 17:04:52.622444 0x20b9da080 official_bundle_adjustment_ceres.cc:923] [AETHER] solver_used=DENSE_SCHUR sparse_backend=EIGEN_SPARSE dense_backend=EIGEN mixed=0 threads=1
I20260807 17:04:52.741996 0x20b9da080 database_cache.cc:72] Loading rigs...
I20260807 17:04:52.742016 0x20b9da080 database_cache.cc:82]  0 in 0.000s
I20260807 17:04:52.742022 0x20b9da080 database_cache.cc:90] Loading cameras...
I20260807 17:04:52.742036 0x20b9da080 database_cache.cc:108]  7 in 0.000s
I20260807 17:04:52.742040 0x20b9da080 database_cache.cc:116] Loading frames...
I20260807 17:04:52.742046 0x20b9da080 database_cache.cc:126]  0 in 0.000s
I20260807 17:04:52.742049 0x20b9da080 database_cache.cc:134] Loading matches...
I20260807 17:04:52.742091 0x20b9da080 database_cache.cc:139]  21 in 0.000s
I20260807 17:04:52.742094 0x20b9da080 database_cache.cc:147] Loading images...
I20260807 17:04:52.742629 0x20b9da080 database_cache.cc:236]  7 in 0.001s (loaded all 7)
I20260807 17:04:52.742634 0x20b9da080 database_cache.cc:255] Loading pose priors...
I20260807 17:04:52.742641 0x20b9da080 database_cache.cc:263]  0 in 0.000s
I20260807 17:04:52.742644 0x20b9da080 database_cache.cc:271] Building correspondence graph...
I20260807 17:04:52.743268 0x20b9da080 database_cache.cc:300]  in 0.001s (ignored 0)
I20260807 17:04:52.745901 0x20b9da080 official_bundle_adjustment_ceres.cc:1434] [AETHER gravity] injected 5/5 roll/pitch anchors, sigma_rad=0.00872665
I20260807 17:04:52.758552 0x20b9da080 official_bundle_adjustment_ceres.cc:923] [AETHER] solver_used=DENSE_SCHUR sparse_backend=EIGEN_SPARSE dense_backend=EIGEN mixed=0 threads=1
I20260807 17:04:52.760555 0x20b9da080 official_bundle_adjustment_ceres.cc:1434] [AETHER gravity] injected 6/6 roll/pitch anchors, sigma_rad=0.00872665
I20260807 17:04:52.768089 0x20b9da080 official_bundle_adjustment_ceres.cc:923] [AETHER] solver_used=DENSE_SCHUR sparse_backend=EIGEN_SPARSE dense_backend=EIGEN mixed=0 threads=1
I20260807 17:04:52.890430 0x20b9da080 database_cache.cc:72] Loading rigs...
I20260807 17:04:52.890448 0x20b9da080 database_cache.cc:82]  0 in 0.000s
I20260807 17:04:52.890453 0x20b9da080 database_cache.cc:90] Loading cameras...
I20260807 17:04:52.890463 0x20b9da080 database_cache.cc:108]  8 in 0.000s
I20260807 17:04:52.890467 0x20b9da080 database_cache.cc:116] Loading frames...
I20260807 17:04:52.890473 0x20b9da080 database_cache.cc:126]  0 in 0.000s
I20260807 17:04:52.890476 0x20b9da080 database_cache.cc:134] Loading matches...
I20260807 17:04:52.890520 0x20b9da080 database_cache.cc:139]  28 in 0.000s
I20260807 17:04:52.890524 0x20b9da080 database_cache.cc:147] Loading images...
I20260807 17:04:52.891127 0x20b9da080 database_cache.cc:236]  8 in 0.001s (loaded all 8)
I20260807 17:04:52.891132 0x20b9da080 database_cache.cc:255] Loading pose priors...
I20260807 17:04:52.891138 0x20b9da080 database_cache.cc:263]  0 in 0.000s
I20260807 17:04:52.891141 0x20b9da080 database_cache.cc:271] Building correspondence graph...
I20260807 17:04:52.891869 0x20b9da080 database_cache.cc:300]  in 0.001s (ignored 0)
I20260807 17:04:52.894540 0x20b9da080 official_bundle_adjustment_ceres.cc:1434] [AETHER gravity] injected 6/6 roll/pitch anchors, sigma_rad=0.00872665
I20260807 17:04:52.913860 0x20b9da080 official_bundle_adjustment_ceres.cc:923] [AETHER] solver_used=DENSE_SCHUR sparse_backend=EIGEN_SPARSE dense_backend=EIGEN mixed=0 threads=1
I20260807 17:04:52.915827 0x20b9da080 official_bundle_adjustment_ceres.cc:1434] [AETHER gravity] injected 6/6 roll/pitch anchors, sigma_rad=0.00872665
I20260807 17:04:52.923070 0x20b9da080 official_bundle_adjustment_ceres.cc:923] [AETHER] solver_used=DENSE_SCHUR sparse_backend=EIGEN_SPARSE dense_backend=EIGEN mixed=0 threads=1
I20260807 17:04:53.066418 0x20b9da080 database_cache.cc:72] Loading rigs...
I20260807 17:04:53.066436 0x20b9da080 database_cache.cc:82]  0 in 0.000s
I20260807 17:04:53.066443 0x20b9da080 database_cache.cc:90] Loading cameras...
I20260807 17:04:53.066454 0x20b9da080 database_cache.cc:108]  9 in 0.000s
I20260807 17:04:53.066458 0x20b9da080 database_cache.cc:116] Loading frames...
I20260807 17:04:53.066465 0x20b9da080 database_cache.cc:126]  0 in 0.000s
I20260807 17:04:53.066469 0x20b9da080 database_cache.cc:134] Loading matches...
I20260807 17:04:53.066523 0x20b9da080 database_cache.cc:139]  36 in 0.000s
I20260807 17:04:53.066527 0x20b9da080 database_cache.cc:147] Loading images...
I20260807 17:04:53.067193 0x20b9da080 database_cache.cc:236]  9 in 0.001s (loaded all 9)
I20260807 17:04:53.067198 0x20b9da080 database_cache.cc:255] Loading pose priors...
I20260807 17:04:53.067204 0x20b9da080 database_cache.cc:263]  0 in 0.000s
I20260807 17:04:53.067207 0x20b9da080 database_cache.cc:271] Building correspondence graph...
I20260807 17:04:53.068089 0x20b9da080 database_cache.cc:300]  in 0.001s (ignored 0)
I20260807 17:04:53.071173 0x20b9da080 official_bundle_adjustment_ceres.cc:1434] [AETHER gravity] injected 5/5 roll/pitch anchors, sigma_rad=0.00872665
I20260807 17:04:53.083073 0x20b9da080 official_bundle_adjustment_ceres.cc:923] [AETHER] solver_used=DENSE_SCHUR sparse_backend=EIGEN_SPARSE dense_backend=EIGEN mixed=0 threads=1
I20260807 17:04:53.085073 0x20b9da080 official_bundle_adjustment_ceres.cc:1434] [AETHER gravity] injected 6/6 roll/pitch anchors, sigma_rad=0.00872665
I20260807 17:04:53.091518 0x20b9da080 official_bundle_adjustment_ceres.cc:923] [AETHER] solver_used=DENSE_SCHUR sparse_backend=EIGEN_SPARSE dense_backend=EIGEN mixed=0 threads=1
I20260807 17:04:53.219291 0x20b9da080 database_cache.cc:72] Loading rigs...
I20260807 17:04:53.219306 0x20b9da080 database_cache.cc:82]  0 in 0.000s
I20260807 17:04:53.219310 0x20b9da080 database_cache.cc:90] Loading cameras...
I20260807 17:04:53.219323 0x20b9da080 database_cache.cc:108]  10 in 0.000s
I20260807 17:04:53.219326 0x20b9da080 database_cache.cc:116] Loading frames...
I20260807 17:04:53.219332 0x20b9da080 database_cache.cc:126]  0 in 0.000s
I20260807 17:04:53.219335 0x20b9da080 database_cache.cc:134] Loading matches...
I20260807 17:04:53.219397 0x20b9da080 database_cache.cc:139]  45 in 0.000s
I20260807 17:04:53.219400 0x20b9da080 database_cache.cc:147] Loading images...
I20260807 17:04:53.220167 0x20b9da080 database_cache.cc:236]  10 in 0.001s (loaded all 10)
I20260807 17:04:53.220173 0x20b9da080 database_cache.cc:255] Loading pose priors...
I20260807 17:04:53.220179 0x20b9da080 database_cache.cc:263]  0 in 0.000s
I20260807 17:04:53.220183 0x20b9da080 database_cache.cc:271] Building correspondence graph...
I20260807 17:04:53.221334 0x20b9da080 database_cache.cc:300]  in 0.001s (ignored 0)
I20260807 17:04:53.224122 0x20b9da080 official_bundle_adjustment_ceres.cc:1434] [AETHER gravity] injected 2/2 roll/pitch anchors, sigma_rad=0.00872665
I20260807 17:04:53.227998 0x20b9da080 official_bundle_adjustment_ceres.cc:923] [AETHER] solver_used=DENSE_SCHUR sparse_backend=EIGEN_SPARSE dense_backend=EIGEN mixed=0 threads=1
I20260807 17:04:53.229359 0x20b9da080 official_bundle_adjustment_ceres.cc:1434] [AETHER gravity] injected 4/4 roll/pitch anchors, sigma_rad=0.00872665
I20260807 17:04:53.231259 0x20b9da080 official_bundle_adjustment_ceres.cc:923] [AETHER] solver_used=DENSE_SCHUR sparse_backend=EIGEN_SPARSE dense_backend=EIGEN mixed=0 threads=1
I20260807 17:04:53.356871 0x20b9da080 database_cache.cc:72] Loading rigs...
I20260807 17:04:53.356886 0x20b9da080 database_cache.cc:82]  0 in 0.000s
I20260807 17:04:53.356894 0x20b9da080 database_cache.cc:90] Loading cameras...
I20260807 17:04:53.356907 0x20b9da080 database_cache.cc:108]  11 in 0.000s
I20260807 17:04:53.356912 0x20b9da080 database_cache.cc:116] Loading frames...
I20260807 17:04:53.356919 0x20b9da080 database_cache.cc:126]  0 in 0.000s
I20260807 17:04:53.356925 0x20b9da080 database_cache.cc:134] Loading matches...
I20260807 17:04:53.356993 0x20b9da080 database_cache.cc:139]  55 in 0.000s
I20260807 17:04:53.356999 0x20b9da080 database_cache.cc:147] Loading images...
I20260807 17:04:53.357798 0x20b9da080 database_cache.cc:236]  11 in 0.001s (loaded all 11)
I20260807 17:04:53.357805 0x20b9da080 database_cache.cc:255] Loading pose priors...
I20260807 17:04:53.357811 0x20b9da080 database_cache.cc:263]  0 in 0.000s
I20260807 17:04:53.357815 0x20b9da080 database_cache.cc:271] Building correspondence graph...
I20260807 17:04:53.359044 0x20b9da080 database_cache.cc:300]  in 0.001s (ignored 0)
I20260807 17:04:53.363183 0x20b9da080 official_bundle_adjustment_ceres.cc:1434] [AETHER gravity] injected 6/6 roll/pitch anchors, sigma_rad=0.00872665
I20260807 17:04:53.376621 0x20b9da080 official_bundle_adjustment_ceres.cc:923] [AETHER] solver_used=DENSE_SCHUR sparse_backend=EIGEN_SPARSE dense_backend=EIGEN mixed=0 threads=1
I20260807 17:04:53.378806 0x20b9da080 official_bundle_adjustment_ceres.cc:1434] [AETHER gravity] injected 6/6 roll/pitch anchors, sigma_rad=0.00872665
I20260807 17:04:53.387338 0x20b9da080 official_bundle_adjustment_ceres.cc:923] [AETHER] solver_used=DENSE_SCHUR sparse_backend=EIGEN_SPARSE dense_backend=EIGEN mixed=0 threads=1
I20260807 17:04:53.613679 0x20b9da080 database_cache.cc:72] Loading rigs...
I20260807 17:04:53.613694 0x20b9da080 database_cache.cc:82]  0 in 0.000s
I20260807 17:04:53.613699 0x20b9da080 database_cache.cc:90] Loading cameras...
I20260807 17:04:53.613713 0x20b9da080 database_cache.cc:108]  12 in 0.000s
I20260807 17:04:53.613717 0x20b9da080 database_cache.cc:116] Loading frames...
I20260807 17:04:53.613735 0x20b9da080 database_cache.cc:126]  0 in 0.000s
I20260807 17:04:53.613738 0x20b9da080 database_cache.cc:134] Loading matches...
I20260807 17:04:53.613820 0x20b9da080 database_cache.cc:139]  66 in 0.000s
I20260807 17:04:53.613824 0x20b9da080 database_cache.cc:147] Loading images...
I20260807 17:04:53.614704 0x20b9da080 database_cache.cc:236]  12 in 0.001s (loaded all 12)
I20260807 17:04:53.614709 0x20b9da080 database_cache.cc:255] Loading pose priors...
I20260807 17:04:53.614716 0x20b9da080 database_cache.cc:263]  0 in 0.000s
I20260807 17:04:53.614719 0x20b9da080 database_cache.cc:271] Building correspondence graph...
I20260807 17:04:53.616028 0x20b9da080 database_cache.cc:300]  in 0.001s (ignored 0)
I20260807 17:04:53.619824 0x20b9da080 official_bundle_adjustment_ceres.cc:1434] [AETHER gravity] injected 6/6 roll/pitch anchors, sigma_rad=0.00872665
I20260807 17:04:53.632480 0x20b9da080 official_bundle_adjustment_ceres.cc:923] [AETHER] solver_used=DENSE_SCHUR sparse_backend=EIGEN_SPARSE dense_backend=EIGEN mixed=0 threads=1
I20260807 17:04:53.634418 0x20b9da080 official_bundle_adjustment_ceres.cc:1434] [AETHER gravity] injected 6/6 roll/pitch anchors, sigma_rad=0.00872665
I20260807 17:04:53.639463 0x20b9da080 official_bundle_adjustment_ceres.cc:923] [AETHER] solver_used=DENSE_SCHUR sparse_backend=EIGEN_SPARSE dense_backend=EIGEN mixed=0 threads=1
I20260807 17:04:53.832181 0x20b9da080 database_cache.cc:72] Loading rigs...
I20260807 17:04:53.832199 0x20b9da080 database_cache.cc:82]  0 in 0.000s
I20260807 17:04:53.832204 0x20b9da080 database_cache.cc:90] Loading cameras...
I20260807 17:04:53.832220 0x20b9da080 database_cache.cc:108]  13 in 0.000s
I20260807 17:04:53.832224 0x20b9da080 database_cache.cc:116] Loading frames...
I20260807 17:04:53.832231 0x20b9da080 database_cache.cc:126]  0 in 0.000s
I20260807 17:04:53.832234 0x20b9da080 database_cache.cc:134] Loading matches...
I20260807 17:04:53.832328 0x20b9da080 database_cache.cc:139]  78 in 0.000s
I20260807 17:04:53.832331 0x20b9da080 database_cache.cc:147] Loading images...
I20260807 17:04:53.833230 0x20b9da080 database_cache.cc:236]  13 in 0.001s (loaded all 13)
I20260807 17:04:53.833236 0x20b9da080 database_cache.cc:255] Loading pose priors...
I20260807 17:04:53.833244 0x20b9da080 database_cache.cc:263]  0 in 0.000s
I20260807 17:04:53.833248 0x20b9da080 database_cache.cc:271] Building correspondence graph...
I20260807 17:04:53.834689 0x20b9da080 database_cache.cc:300]  in 0.001s (ignored 0)
I20260807 17:04:53.839249 0x20b9da080 official_bundle_adjustment_ceres.cc:1434] [AETHER gravity] injected 5/5 roll/pitch anchors, sigma_rad=0.00872665
I20260807 17:04:53.849161 0x20b9da080 official_bundle_adjustment_ceres.cc:923] [AETHER] solver_used=DENSE_SCHUR sparse_backend=EIGEN_SPARSE dense_backend=EIGEN mixed=0 threads=1
I20260807 17:04:53.851188 0x20b9da080 official_bundle_adjustment_ceres.cc:1434] [AETHER gravity] injected 3/3 roll/pitch anchors, sigma_rad=0.00872665
I20260807 17:04:53.852455 0x20b9da080 official_bundle_adjustment_ceres.cc:923] [AETHER] solver_used=DENSE_SCHUR sparse_backend=EIGEN_SPARSE dense_backend=EIGEN mixed=0 threads=1
I20260807 17:04:54.083612 0x20b9da080 database_cache.cc:72] Loading rigs...
I20260807 17:04:54.083628 0x20b9da080 database_cache.cc:82]  0 in 0.000s
I20260807 17:04:54.083633 0x20b9da080 database_cache.cc:90] Loading cameras...
I20260807 17:04:54.083646 0x20b9da080 database_cache.cc:108]  14 in 0.000s
I20260807 17:04:54.083650 0x20b9da080 database_cache.cc:116] Loading frames...
I20260807 17:04:54.083656 0x20b9da080 database_cache.cc:126]  0 in 0.000s
I20260807 17:04:54.083659 0x20b9da080 database_cache.cc:134] Loading matches...
I20260807 17:04:54.083743 0x20b9da080 database_cache.cc:139]  91 in 0.000s
I20260807 17:04:54.083748 0x20b9da080 database_cache.cc:147] Loading images...
I20260807 17:04:54.084696 0x20b9da080 database_cache.cc:236]  14 in 0.001s (loaded all 14)
I20260807 17:04:54.084702 0x20b9da080 database_cache.cc:255] Loading pose priors...
I20260807 17:04:54.084709 0x20b9da080 database_cache.cc:263]  0 in 0.000s
I20260807 17:04:54.084722 0x20b9da080 database_cache.cc:271] Building correspondence graph...
I20260807 17:04:54.086258 0x20b9da080 database_cache.cc:300]  in 0.002s (ignored 0)
I20260807 17:04:54.090208 0x20b9da080 official_bundle_adjustment_ceres.cc:1434] [AETHER gravity] injected 6/6 roll/pitch anchors, sigma_rad=0.00872665
I20260807 17:04:54.101629 0x20b9da080 official_bundle_adjustment_ceres.cc:923] [AETHER] solver_used=DENSE_SCHUR sparse_backend=EIGEN_SPARSE dense_backend=EIGEN mixed=0 threads=1
I20260807 17:04:54.103591 0x20b9da080 official_bundle_adjustment_ceres.cc:1434] [AETHER gravity] injected 6/6 roll/pitch anchors, sigma_rad=0.00872665
I20260807 17:04:54.115009 0x20b9da080 official_bundle_adjustment_ceres.cc:923] [AETHER] solver_used=DENSE_SCHUR sparse_backend=EIGEN_SPARSE dense_backend=EIGEN mixed=0 threads=1
I20260807 17:04:54.289312 0x20b9da080 database_cache.cc:72] Loading rigs...
I20260807 17:04:54.289333 0x20b9da080 database_cache.cc:82]  0 in 0.000s
I20260807 17:04:54.289339 0x20b9da080 database_cache.cc:90] Loading cameras...
I20260807 17:04:54.289353 0x20b9da080 database_cache.cc:108]  15 in 0.000s
I20260807 17:04:54.289357 0x20b9da080 database_cache.cc:116] Loading frames...
I20260807 17:04:54.289363 0x20b9da080 database_cache.cc:126]  0 in 0.000s
I20260807 17:04:54.289366 0x20b9da080 database_cache.cc:134] Loading matches...
I20260807 17:04:54.289458 0x20b9da080 database_cache.cc:139]  105 in 0.000s
I20260807 17:04:54.289462 0x20b9da080 database_cache.cc:147] Loading images...
I20260807 17:04:54.290493 0x20b9da080 database_cache.cc:236]  15 in 0.001s (loaded all 15)
I20260807 17:04:54.290499 0x20b9da080 database_cache.cc:255] Loading pose priors...
I20260807 17:04:54.290505 0x20b9da080 database_cache.cc:263]  0 in 0.000s
I20260807 17:04:54.290508 0x20b9da080 database_cache.cc:271] Building correspondence graph...
I20260807 17:04:54.292183 0x20b9da080 database_cache.cc:300]  in 0.002s (ignored 0)
I20260807 17:04:54.484492 0x20b9da080 database_cache.cc:72] Loading rigs...
I20260807 17:04:54.484517 0x20b9da080 database_cache.cc:82]  0 in 0.000s
I20260807 17:04:54.484523 0x20b9da080 database_cache.cc:90] Loading cameras...
I20260807 17:04:54.484539 0x20b9da080 database_cache.cc:108]  16 in 0.000s
I20260807 17:04:54.484542 0x20b9da080 database_cache.cc:116] Loading frames...
I20260807 17:04:54.484549 0x20b9da080 database_cache.cc:126]  0 in 0.000s
I20260807 17:04:54.484552 0x20b9da080 database_cache.cc:134] Loading matches...
I20260807 17:04:54.484656 0x20b9da080 database_cache.cc:139]  119 in 0.000s
I20260807 17:04:54.484660 0x20b9da080 database_cache.cc:147] Loading images...
I20260807 17:04:54.485764 0x20b9da080 database_cache.cc:236]  16 in 0.001s (loaded all 16)
I20260807 17:04:54.485770 0x20b9da080 database_cache.cc:255] Loading pose priors...
I20260807 17:04:54.485776 0x20b9da080 database_cache.cc:263]  0 in 0.000s
I20260807 17:04:54.485779 0x20b9da080 database_cache.cc:271] Building correspondence graph...
I20260807 17:04:54.487694 0x20b9da080 database_cache.cc:300]  in 0.002s (ignored 0)
I20260807 17:04:54.667017 0x20b9da080 database_cache.cc:72] Loading rigs...
I20260807 17:04:54.667037 0x20b9da080 database_cache.cc:82]  0 in 0.000s
I20260807 17:04:54.667043 0x20b9da080 database_cache.cc:90] Loading cameras...
I20260807 17:04:54.667058 0x20b9da080 database_cache.cc:108]  17 in 0.000s
I20260807 17:04:54.667063 0x20b9da080 database_cache.cc:116] Loading frames...
I20260807 17:04:54.667069 0x20b9da080 database_cache.cc:126]  0 in 0.000s
I20260807 17:04:54.667073 0x20b9da080 database_cache.cc:134] Loading matches...
I20260807 17:04:54.667183 0x20b9da080 database_cache.cc:139]  132 in 0.000s
I20260807 17:04:54.667188 0x20b9da080 database_cache.cc:147] Loading images...
I20260807 17:04:54.668332 0x20b9da080 database_cache.cc:236]  17 in 0.001s (loaded all 17)
I20260807 17:04:54.668340 0x20b9da080 database_cache.cc:255] Loading pose priors...
I20260807 17:04:54.668346 0x20b9da080 database_cache.cc:263]  0 in 0.000s
I20260807 17:04:54.668349 0x20b9da080 database_cache.cc:271] Building correspondence graph...
I20260807 17:04:54.670364 0x20b9da080 database_cache.cc:300]  in 0.002s (ignored 0)
I20260807 17:04:54.856122 0x20b9da080 database_cache.cc:72] Loading rigs...
I20260807 17:04:54.856140 0x20b9da080 database_cache.cc:82]  0 in 0.000s
I20260807 17:04:54.856145 0x20b9da080 database_cache.cc:90] Loading cameras...
I20260807 17:04:54.856163 0x20b9da080 database_cache.cc:108]  18 in 0.000s
I20260807 17:04:54.856167 0x20b9da080 database_cache.cc:116] Loading frames...
I20260807 17:04:54.856173 0x20b9da080 database_cache.cc:126]  0 in 0.000s
I20260807 17:04:54.856177 0x20b9da080 database_cache.cc:134] Loading matches...
I20260807 17:04:54.856314 0x20b9da080 database_cache.cc:139]  137 in 0.000s
I20260807 17:04:54.856318 0x20b9da080 database_cache.cc:147] Loading images...
I20260807 17:04:54.857593 0x20b9da080 database_cache.cc:236]  18 in 0.001s (loaded all 18)
I20260807 17:04:54.857600 0x20b9da080 database_cache.cc:255] Loading pose priors...
I20260807 17:04:54.857606 0x20b9da080 database_cache.cc:263]  0 in 0.000s
I20260807 17:04:54.857609 0x20b9da080 database_cache.cc:271] Building correspondence graph...
I20260807 17:04:54.859665 0x20b9da080 database_cache.cc:300]  in 0.002s (ignored 0)
I20260807 17:04:54.862911 0x20b9da080 official_bundle_adjustment_ceres.cc:1434] [AETHER gravity] injected 4/4 roll/pitch anchors, sigma_rad=0.00872665
W20260807 17:04:54.867719 0x20b9da080 levenberg_marquardt_strategy.cc:123] Linear solver failure. Failed to compute a step: Eigen failure. Unable to perform dense Cholesky factorization.
I20260807 17:04:54.867752 0x20b9da080 official_bundle_adjustment_ceres.cc:923] [AETHER] solver_used=DENSE_SCHUR sparse_backend=EIGEN_SPARSE dense_backend=EIGEN mixed=0 threads=1
I20260807 17:04:54.870250 0x20b9da080 official_bundle_adjustment_ceres.cc:1434] [AETHER gravity] injected 4/4 roll/pitch anchors, sigma_rad=0.00872665
I20260807 17:04:54.876269 0x20b9da080 official_bundle_adjustment_ceres.cc:923] [AETHER] solver_used=DENSE_SCHUR sparse_backend=EIGEN_SPARSE dense_backend=EIGEN mixed=0 threads=1
I20260807 17:04:55.073480 0x20b9da080 database_cache.cc:72] Loading rigs...
I20260807 17:04:55.073499 0x20b9da080 database_cache.cc:82]  0 in 0.000s
I20260807 17:04:55.073505 0x20b9da080 database_cache.cc:90] Loading cameras...
I20260807 17:04:55.073522 0x20b9da080 database_cache.cc:108]  19 in 0.000s
I20260807 17:04:55.073526 0x20b9da080 database_cache.cc:116] Loading frames...
I20260807 17:04:55.073532 0x20b9da080 database_cache.cc:126]  0 in 0.000s
I20260807 17:04:55.073535 0x20b9da080 database_cache.cc:134] Loading matches...
I20260807 17:04:55.073659 0x20b9da080 database_cache.cc:139]  144 in 0.000s
I20260807 17:04:55.073664 0x20b9da080 database_cache.cc:147] Loading images...
I20260807 17:04:55.074951 0x20b9da080 database_cache.cc:236]  19 in 0.001s (loaded all 19)
I20260807 17:04:55.074958 0x20b9da080 database_cache.cc:255] Loading pose priors...
I20260807 17:04:55.074964 0x20b9da080 database_cache.cc:263]  0 in 0.000s
I20260807 17:04:55.074968 0x20b9da080 database_cache.cc:271] Building correspondence graph...
I20260807 17:04:55.077218 0x20b9da080 database_cache.cc:300]  in 0.002s (ignored 0)
I20260807 17:04:55.080857 0x20b9da080 official_bundle_adjustment_ceres.cc:1434] [AETHER gravity] injected 4/4 roll/pitch anchors, sigma_rad=0.00872665
I20260807 17:04:55.095796 0x20b9da080 official_bundle_adjustment_ceres.cc:923] [AETHER] solver_used=DENSE_SCHUR sparse_backend=EIGEN_SPARSE dense_backend=EIGEN mixed=0 threads=1
I20260807 17:04:55.097865 0x20b9da080 official_bundle_adjustment_ceres.cc:1434] [AETHER gravity] injected 4/4 roll/pitch anchors, sigma_rad=0.00872665
I20260807 17:04:55.108534 0x20b9da080 official_bundle_adjustment_ceres.cc:923] [AETHER] solver_used=DENSE_SCHUR sparse_backend=EIGEN_SPARSE dense_backend=EIGEN mixed=0 threads=1
I20260807 17:04:55.286692 0x20b9da080 database_cache.cc:72] Loading rigs...
I20260807 17:04:55.286715 0x20b9da080 database_cache.cc:82]  0 in 0.000s
I20260807 17:04:55.286722 0x20b9da080 database_cache.cc:90] Loading cameras...
I20260807 17:04:55.286742 0x20b9da080 database_cache.cc:108]  20 in 0.000s
I20260807 17:04:55.286761 0x20b9da080 database_cache.cc:116] Loading frames...
I20260807 17:04:55.286770 0x20b9da080 database_cache.cc:126]  0 in 0.000s
I20260807 17:04:55.286774 0x20b9da080 database_cache.cc:134] Loading matches...
I20260807 17:04:55.286966 0x20b9da080 database_cache.cc:139]  150 in 0.000s
I20260807 17:04:55.286972 0x20b9da080 database_cache.cc:147] Loading images...
I20260807 17:04:55.288501 0x20b9da080 database_cache.cc:236]  20 in 0.002s (loaded all 20)
I20260807 17:04:55.288512 0x20b9da080 database_cache.cc:255] Loading pose priors...
I20260807 17:04:55.288524 0x20b9da080 database_cache.cc:263]  0 in 0.000s
I20260807 17:04:55.288531 0x20b9da080 database_cache.cc:271] Building correspondence graph...
I20260807 17:04:55.290844 0x20b9da080 database_cache.cc:300]  in 0.002s (ignored 0)
I20260807 17:04:55.296802 0x20b9da080 official_bundle_adjustment_ceres.cc:1434] [AETHER gravity] injected 4/4 roll/pitch anchors, sigma_rad=0.00872665
I20260807 17:04:55.314832 0x20b9da080 official_bundle_adjustment_ceres.cc:923] [AETHER] solver_used=DENSE_SCHUR sparse_backend=EIGEN_SPARSE dense_backend=EIGEN mixed=0 threads=1
I20260807 17:04:55.317605 0x20b9da080 official_bundle_adjustment_ceres.cc:1434] [AETHER gravity] injected 5/5 roll/pitch anchors, sigma_rad=0.00872665
I20260807 17:04:55.327088 0x20b9da080 official_bundle_adjustment_ceres.cc:923] [AETHER] solver_used=DENSE_SCHUR sparse_backend=EIGEN_SPARSE dense_backend=EIGEN mixed=0 threads=1
I20260807 17:04:55.501901 0x20b9da080 database_cache.cc:72] Loading rigs...
I20260807 17:04:55.501920 0x20b9da080 database_cache.cc:82]  0 in 0.000s
I20260807 17:04:55.501926 0x20b9da080 database_cache.cc:90] Loading cameras...
I20260807 17:04:55.501941 0x20b9da080 database_cache.cc:108]  21 in 0.000s
I20260807 17:04:55.501945 0x20b9da080 database_cache.cc:116] Loading frames...
I20260807 17:04:55.501952 0x20b9da080 database_cache.cc:126]  0 in 0.000s
I20260807 17:04:55.501956 0x20b9da080 database_cache.cc:134] Loading matches...
I20260807 17:04:55.502090 0x20b9da080 database_cache.cc:139]  155 in 0.000s
I20260807 17:04:55.502094 0x20b9da080 database_cache.cc:147] Loading images...
I20260807 17:04:55.503645 0x20b9da080 database_cache.cc:236]  21 in 0.002s (loaded all 21)
I20260807 17:04:55.503664 0x20b9da080 database_cache.cc:255] Loading pose priors...
I20260807 17:04:55.503675 0x20b9da080 database_cache.cc:263]  0 in 0.000s
I20260807 17:04:55.503681 0x20b9da080 database_cache.cc:271] Building correspondence graph...
I20260807 17:04:55.506494 0x20b9da080 database_cache.cc:300]  in 0.003s (ignored 0)
I20260807 17:04:55.511646 0x20b9da080 official_bundle_adjustment_ceres.cc:1434] [AETHER gravity] injected 6/6 roll/pitch anchors, sigma_rad=0.00872665
I20260807 17:04:55.552650 0x20b9da080 official_bundle_adjustment_ceres.cc:923] [AETHER] solver_used=DENSE_SCHUR sparse_backend=EIGEN_SPARSE dense_backend=EIGEN mixed=0 threads=6
I20260807 17:04:55.556413 0x20b9da080 official_bundle_adjustment_ceres.cc:1434] [AETHER gravity] injected 6/6 roll/pitch anchors, sigma_rad=0.00872665
I20260807 17:04:55.572061 0x20b9da080 official_bundle_adjustment_ceres.cc:923] [AETHER] solver_used=DENSE_SCHUR sparse_backend=EIGEN_SPARSE dense_backend=EIGEN mixed=0 threads=6
I20260807 17:04:55.824503 0x20b9da080 database_cache.cc:72] Loading rigs...
I20260807 17:04:55.824547 0x20b9da080 database_cache.cc:82]  0 in 0.000s
I20260807 17:04:55.824558 0x20b9da080 database_cache.cc:90] Loading cameras...
I20260807 17:04:55.824582 0x20b9da080 database_cache.cc:108]  22 in 0.000s
I20260807 17:04:55.824588 0x20b9da080 database_cache.cc:116] Loading frames...
I20260807 17:04:55.824597 0x20b9da080 database_cache.cc:126]  0 in 0.000s
I20260807 17:04:55.824601 0x20b9da080 database_cache.cc:134] Loading matches...
I20260807 17:04:55.824795 0x20b9da080 database_cache.cc:139]  168 in 0.000s
I20260807 17:04:55.824802 0x20b9da080 database_cache.cc:147] Loading images...
I20260807 17:04:55.826784 0x20b9da080 database_cache.cc:236]  22 in 0.002s (loaded all 22)
I20260807 17:04:55.826813 0x20b9da080 database_cache.cc:255] Loading pose priors...
I20260807 17:04:55.826823 0x20b9da080 database_cache.cc:263]  0 in 0.000s
I20260807 17:04:55.826828 0x20b9da080 database_cache.cc:271] Building correspondence graph...
I20260807 17:04:55.830170 0x20b9da080 database_cache.cc:300]  in 0.003s (ignored 0)
I20260807 17:04:55.834742 0x20b9da080 official_bundle_adjustment_ceres.cc:1434] [AETHER gravity] injected 2/2 roll/pitch anchors, sigma_rad=0.00872665
I20260807 17:04:55.836249 0x20b9da080 official_bundle_adjustment_ceres.cc:923] [AETHER] solver_used=DENSE_SCHUR sparse_backend=EIGEN_SPARSE dense_backend=EIGEN mixed=0 threads=1
I20260807 17:04:55.838371 0x20b9da080 official_bundle_adjustment_ceres.cc:1434] [AETHER gravity] injected 3/3 roll/pitch anchors, sigma_rad=0.00872665
I20260807 17:04:55.843072 0x20b9da080 official_bundle_adjustment_ceres.cc:923] [AETHER] solver_used=DENSE_SCHUR sparse_backend=EIGEN_SPARSE dense_backend=EIGEN mixed=0 threads=1
I20260807 17:04:56.117283 0x20b9da080 database_cache.cc:72] Loading rigs...
I20260807 17:04:56.117303 0x20b9da080 database_cache.cc:82]  0 in 0.000s
I20260807 17:04:56.117310 0x20b9da080 database_cache.cc:90] Loading cameras...
I20260807 17:04:56.117328 0x20b9da080 database_cache.cc:108]  23 in 0.000s
I20260807 17:04:56.117332 0x20b9da080 database_cache.cc:116] Loading frames...
I20260807 17:04:56.117339 0x20b9da080 database_cache.cc:126]  0 in 0.000s
I20260807 17:04:56.117343 0x20b9da080 database_cache.cc:134] Loading matches...
I20260807 17:04:56.117527 0x20b9da080 database_cache.cc:139]  180 in 0.000s
I20260807 17:04:56.117532 0x20b9da080 database_cache.cc:147] Loading images...
I20260807 17:04:56.119258 0x20b9da080 database_cache.cc:236]  23 in 0.002s (loaded all 23)
I20260807 17:04:56.119265 0x20b9da080 database_cache.cc:255] Loading pose priors...
I20260807 17:04:56.119272 0x20b9da080 database_cache.cc:263]  0 in 0.000s
I20260807 17:04:56.119276 0x20b9da080 database_cache.cc:271] Building correspondence graph...
I20260807 17:04:56.122268 0x20b9da080 database_cache.cc:300]  in 0.003s (ignored 0)
I20260807 17:04:56.343568 0x20b9da080 database_cache.cc:72] Loading rigs...
I20260807 17:04:56.343588 0x20b9da080 database_cache.cc:82]  0 in 0.000s
I20260807 17:04:56.343594 0x20b9da080 database_cache.cc:90] Loading cameras...
I20260807 17:04:56.343611 0x20b9da080 database_cache.cc:108]  24 in 0.000s
I20260807 17:04:56.343615 0x20b9da080 database_cache.cc:116] Loading frames...
I20260807 17:04:56.343621 0x20b9da080 database_cache.cc:126]  0 in 0.000s
I20260807 17:04:56.343625 0x20b9da080 database_cache.cc:134] Loading matches...
I20260807 17:04:56.343786 0x20b9da080 database_cache.cc:139]  192 in 0.000s
I20260807 17:04:56.343791 0x20b9da080 database_cache.cc:147] Loading images...
I20260807 17:04:56.345599 0x20b9da080 database_cache.cc:236]  24 in 0.002s (loaded all 24)
I20260807 17:04:56.345607 0x20b9da080 database_cache.cc:255] Loading pose priors...
I20260807 17:04:56.345615 0x20b9da080 database_cache.cc:263]  0 in 0.000s
I20260807 17:04:56.345619 0x20b9da080 database_cache.cc:271] Building correspondence graph...
I20260807 17:04:56.348379 0x20b9da080 database_cache.cc:300]  in 0.003s (ignored 0)
I20260807 17:04:56.352326 0x20b9da080 official_bundle_adjustment_ceres.cc:1434] [AETHER gravity] injected 2/2 roll/pitch anchors, sigma_rad=0.00872665
I20260807 17:04:56.353711 0x20b9da080 official_bundle_adjustment_ceres.cc:923] [AETHER] solver_used=DENSE_SCHUR sparse_backend=EIGEN_SPARSE dense_backend=EIGEN mixed=0 threads=1
I20260807 17:04:56.354969 0x20b9da080 official_bundle_adjustment_ceres.cc:1434] [AETHER gravity] injected 2/2 roll/pitch anchors, sigma_rad=0.00872665
I20260807 17:04:56.355297 0x20b9da080 official_bundle_adjustment_ceres.cc:923] [AETHER] solver_used=DENSE_SCHUR sparse_backend=EIGEN_SPARSE dense_backend=EIGEN mixed=0 threads=1
I20260807 17:04:56.547002 0x20b9da080 database_cache.cc:72] Loading rigs...
I20260807 17:04:56.547024 0x20b9da080 database_cache.cc:82]  0 in 0.000s
I20260807 17:04:56.547030 0x20b9da080 database_cache.cc:90] Loading cameras...
I20260807 17:04:56.547060 0x20b9da080 database_cache.cc:108]  25 in 0.000s
I20260807 17:04:56.547064 0x20b9da080 database_cache.cc:116] Loading frames...
I20260807 17:04:56.547070 0x20b9da080 database_cache.cc:126]  0 in 0.000s
I20260807 17:04:56.547075 0x20b9da080 database_cache.cc:134] Loading matches...
I20260807 17:04:56.547251 0x20b9da080 database_cache.cc:139]  203 in 0.000s
I20260807 17:04:56.547255 0x20b9da080 database_cache.cc:147] Loading images...
I20260807 17:04:56.548965 0x20b9da080 database_cache.cc:236]  25 in 0.002s (loaded all 25)
I20260807 17:04:56.548972 0x20b9da080 database_cache.cc:255] Loading pose priors...
I20260807 17:04:56.548979 0x20b9da080 database_cache.cc:263]  0 in 0.000s
I20260807 17:04:56.548982 0x20b9da080 database_cache.cc:271] Building correspondence graph...
I20260807 17:04:56.551891 0x20b9da080 database_cache.cc:300]  in 0.003s (ignored 0)
I20260807 17:04:56.556263 0x20b9da080 official_bundle_adjustment_ceres.cc:1434] [AETHER gravity] injected 3/3 roll/pitch anchors, sigma_rad=0.00872665
I20260807 17:04:56.562468 0x20b9da080 official_bundle_adjustment_ceres.cc:923] [AETHER] solver_used=DENSE_SCHUR sparse_backend=EIGEN_SPARSE dense_backend=EIGEN mixed=0 threads=1
I20260807 17:04:56.563745 0x20b9da080 official_bundle_adjustment_ceres.cc:1434] [AETHER gravity] injected 2/2 roll/pitch anchors, sigma_rad=0.00872665
I20260807 17:04:56.566852 0x20b9da080 official_bundle_adjustment_ceres.cc:923] [AETHER] solver_used=DENSE_SCHUR sparse_backend=EIGEN_SPARSE dense_backend=EIGEN mixed=0 threads=1
  fed 25/201 frames (last n_kp=8192)
I20260807 17:04:56.784614 0x20b9da080 database_cache.cc:72] Loading rigs...
I20260807 17:04:56.784636 0x20b9da080 database_cache.cc:82]  0 in 0.000s
I20260807 17:04:56.784643 0x20b9da080 database_cache.cc:90] Loading cameras...
I20260807 17:04:56.784666 0x20b9da080 database_cache.cc:108]  26 in 0.000s
I20260807 17:04:56.784670 0x20b9da080 database_cache.cc:116] Loading frames...
I20260807 17:04:56.784677 0x20b9da080 database_cache.cc:126]  0 in 0.000s
I20260807 17:04:56.784680 0x20b9da080 database_cache.cc:134] Loading matches...
I20260807 17:04:56.784858 0x20b9da080 database_cache.cc:139]  216 in 0.000s
I20260807 17:04:56.784862 0x20b9da080 database_cache.cc:147] Loading images...
I20260807 17:04:56.786688 0x20b9da080 database_cache.cc:236]  26 in 0.002s (loaded all 26)
I20260807 17:04:56.786696 0x20b9da080 database_cache.cc:255] Loading pose priors...
I20260807 17:04:56.786704 0x20b9da080 database_cache.cc:263]  0 in 0.000s
I20260807 17:04:56.786709 0x20b9da080 database_cache.cc:271] Building correspondence graph...
I20260807 17:04:56.789845 0x20b9da080 database_cache.cc:300]  in 0.003s (ignored 0)
I20260807 17:04:56.984277 0x20b9da080 database_cache.cc:72] Loading rigs...
I20260807 17:04:56.984294 0x20b9da080 database_cache.cc:82]  0 in 0.000s
I20260807 17:04:56.984299 0x20b9da080 database_cache.cc:90] Loading cameras...
I20260807 17:04:56.984314 0x20b9da080 database_cache.cc:108]  27 in 0.000s
I20260807 17:04:56.984318 0x20b9da080 database_cache.cc:116] Loading frames...
I20260807 17:04:56.984324 0x20b9da080 database_cache.cc:126]  0 in 0.000s
I20260807 17:04:56.984327 0x20b9da080 database_cache.cc:134] Loading matches...
I20260807 17:04:56.984526 0x20b9da080 database_cache.cc:139]  227 in 0.000s
I20260807 17:04:56.984532 0x20b9da080 database_cache.cc:147] Loading images...
I20260807 17:04:56.986375 0x20b9da080 database_cache.cc:236]  27 in 0.002s (loaded all 27)
I20260807 17:04:56.986384 0x20b9da080 database_cache.cc:255] Loading pose priors...
I20260807 17:04:56.986389 0x20b9da080 database_cache.cc:263]  0 in 0.000s
I20260807 17:04:56.986392 0x20b9da080 database_cache.cc:271] Building correspondence graph...
I20260807 17:04:56.989617 0x20b9da080 database_cache.cc:300]  in 0.003s (ignored 0)
I20260807 17:04:56.993665 0x20b9da080 official_bundle_adjustment_ceres.cc:1434] [AETHER gravity] injected 3/3 roll/pitch anchors, sigma_rad=0.00872665
I20260807 17:04:57.001767 0x20b9da080 official_bundle_adjustment_ceres.cc:923] [AETHER] solver_used=DENSE_SCHUR sparse_backend=EIGEN_SPARSE dense_backend=EIGEN mixed=0 threads=1
I20260807 17:04:57.003063 0x20b9da080 official_bundle_adjustment_ceres.cc:1434] [AETHER gravity] injected 4/4 roll/pitch anchors, sigma_rad=0.00872665
I20260807 17:04:57.013842 0x20b9da080 official_bundle_adjustment_ceres.cc:923] [AETHER] solver_used=DENSE_SCHUR sparse_backend=EIGEN_SPARSE dense_backend=EIGEN mixed=0 threads=1
I20260807 17:04:57.194850 0x20b9da080 database_cache.cc:72] Loading rigs...
I20260807 17:04:57.194871 0x20b9da080 database_cache.cc:82]  0 in 0.000s
I20260807 17:04:57.194878 0x20b9da080 database_cache.cc:90] Loading cameras...
I20260807 17:04:57.194896 0x20b9da080 database_cache.cc:108]  28 in 0.000s
I20260807 17:04:57.194901 0x20b9da080 database_cache.cc:116] Loading frames...
I20260807 17:04:57.194907 0x20b9da080 database_cache.cc:126]  0 in 0.000s
I20260807 17:04:57.194911 0x20b9da080 database_cache.cc:134] Loading matches...
I20260807 17:04:57.195103 0x20b9da080 database_cache.cc:139]  238 in 0.000s
I20260807 17:04:57.195108 0x20b9da080 database_cache.cc:147] Loading images...
I20260807 17:04:57.197058 0x20b9da080 database_cache.cc:236]  28 in 0.002s (loaded all 28)
I20260807 17:04:57.197067 0x20b9da080 database_cache.cc:255] Loading pose priors...
I20260807 17:04:57.197075 0x20b9da080 database_cache.cc:263]  0 in 0.000s
I20260807 17:04:57.197078 0x20b9da080 database_cache.cc:271] Building correspondence graph...
I20260807 17:04:57.200217 0x20b9da080 database_cache.cc:300]  in 0.003s (ignored 0)
I20260807 17:04:57.204017 0x20b9da080 official_bundle_adjustment_ceres.cc:1434] [AETHER gravity] injected 3/3 roll/pitch anchors, sigma_rad=0.00872665
I20260807 17:04:57.210072 0x20b9da080 official_bundle_adjustment_ceres.cc:923] [AETHER] solver_used=DENSE_SCHUR sparse_backend=EIGEN_SPARSE dense_backend=EIGEN mixed=0 threads=1
I20260807 17:04:57.211357 0x20b9da080 official_bundle_adjustment_ceres.cc:1434] [AETHER gravity] injected 3/3 roll/pitch anchors, sigma_rad=0.00872665
I20260807 17:04:57.212941 0x20b9da080 official_bundle_adjustment_ceres.cc:923] [AETHER] solver_used=DENSE_SCHUR sparse_backend=EIGEN_SPARSE dense_backend=EIGEN mixed=0 threads=1
I20260807 17:04:57.367634 0x20b9da080 database_cache.cc:72] Loading rigs...
I20260807 17:04:57.367652 0x20b9da080 database_cache.cc:82]  0 in 0.000s
I20260807 17:04:57.367658 0x20b9da080 database_cache.cc:90] Loading cameras...
I20260807 17:04:57.367674 0x20b9da080 database_cache.cc:108]  29 in 0.000s
I20260807 17:04:57.367678 0x20b9da080 database_cache.cc:116] Loading frames...
I20260807 17:04:57.367684 0x20b9da080 database_cache.cc:126]  0 in 0.000s
I20260807 17:04:57.367688 0x20b9da080 database_cache.cc:134] Loading matches...
I20260807 17:04:57.367870 0x20b9da080 database_cache.cc:139]  247 in 0.000s
I20260807 17:04:57.367874 0x20b9da080 database_cache.cc:147] Loading images...
I20260807 17:04:57.369895 0x20b9da080 database_cache.cc:236]  29 in 0.002s (loaded all 29)
I20260807 17:04:57.369905 0x20b9da080 database_cache.cc:255] Loading pose priors...
I20260807 17:04:57.369913 0x20b9da080 database_cache.cc:263]  0 in 0.000s
I20260807 17:04:57.369917 0x20b9da080 database_cache.cc:271] Building correspondence graph...
I20260807 17:04:57.373239 0x20b9da080 database_cache.cc:300]  in 0.003s (ignored 0)
I20260807 17:04:57.544690 0x20b9da080 database_cache.cc:72] Loading rigs...
I20260807 17:04:57.544707 0x20b9da080 database_cache.cc:82]  0 in 0.000s
I20260807 17:04:57.544712 0x20b9da080 database_cache.cc:90] Loading cameras...
I20260807 17:04:57.544729 0x20b9da080 database_cache.cc:108]  30 in 0.000s
I20260807 17:04:57.544733 0x20b9da080 database_cache.cc:116] Loading frames...
I20260807 17:04:57.544738 0x20b9da080 database_cache.cc:126]  0 in 0.000s
I20260807 17:04:57.544741 0x20b9da080 database_cache.cc:134] Loading matches...
I20260807 17:04:57.544929 0x20b9da080 database_cache.cc:139]  256 in 0.000s
I20260807 17:04:57.544933 0x20b9da080 database_cache.cc:147] Loading images...
I20260807 17:04:57.547003 0x20b9da080 database_cache.cc:236]  30 in 0.002s (loaded all 30)
I20260807 17:04:57.547012 0x20b9da080 database_cache.cc:255] Loading pose priors...
I20260807 17:04:57.547028 0x20b9da080 database_cache.cc:263]  0 in 0.000s
I20260807 17:04:57.547032 0x20b9da080 database_cache.cc:271] Building correspondence graph...
I20260807 17:04:57.550246 0x20b9da080 database_cache.cc:300]  in 0.003s (ignored 0)
I20260807 17:04:57.554211 0x20b9da080 official_bundle_adjustment_ceres.cc:1434] [AETHER gravity] injected 4/4 roll/pitch anchors, sigma_rad=0.00872665
I20260807 17:04:57.557981 0x20b9da080 official_bundle_adjustment_ceres.cc:923] [AETHER] solver_used=DENSE_SCHUR sparse_backend=EIGEN_SPARSE dense_backend=EIGEN mixed=0 threads=1
I20260807 17:04:57.559322 0x20b9da080 official_bundle_adjustment_ceres.cc:1434] [AETHER gravity] injected 4/4 roll/pitch anchors, sigma_rad=0.00872665
I20260807 17:04:57.562687 0x20b9da080 official_bundle_adjustment_ceres.cc:923] [AETHER] solver_used=DENSE_SCHUR sparse_backend=EIGEN_SPARSE dense_backend=EIGEN mixed=0 threads=1
I20260807 17:04:57.676392 0x20b9da080 database_cache.cc:72] Loading rigs...
I20260807 17:04:57.676407 0x20b9da080 database_cache.cc:82]  0 in 0.000s
I20260807 17:04:57.676411 0x20b9da080 database_cache.cc:90] Loading cameras...
I20260807 17:04:57.676427 0x20b9da080 database_cache.cc:108]  31 in 0.000s
I20260807 17:04:57.676431 0x20b9da080 database_cache.cc:116] Loading frames...
I20260807 17:04:57.676437 0x20b9da080 database_cache.cc:126]  0 in 0.000s
I20260807 17:04:57.676440 0x20b9da080 database_cache.cc:134] Loading matches...
I20260807 17:04:57.676678 0x20b9da080 database_cache.cc:139]  264 in 0.000s
I20260807 17:04:57.676682 0x20b9da080 database_cache.cc:147] Loading images...
I20260807 17:04:57.678858 0x20b9da080 database_cache.cc:236]  31 in 0.002s (loaded all 31)
I20260807 17:04:57.678867 0x20b9da080 database_cache.cc:255] Loading pose priors...
I20260807 17:04:57.678873 0x20b9da080 database_cache.cc:263]  0 in 0.000s
I20260807 17:04:57.678876 0x20b9da080 database_cache.cc:271] Building correspondence graph...
I20260807 17:04:57.682164 0x20b9da080 database_cache.cc:300]  in 0.003s (ignored 0)
I20260807 17:04:57.685678 0x20b9da080 official_bundle_adjustment_ceres.cc:1434] [AETHER gravity] injected 2/2 roll/pitch anchors, sigma_rad=0.00872665
W20260807 17:04:57.687187 0x20b9da080 levenberg_marquardt_strategy.cc:123] Linear solver failure. Failed to compute a step: Eigen failure. Unable to perform dense Cholesky factorization.
W20260807 17:04:57.687758 0x20b9da080 levenberg_marquardt_strategy.cc:123] Linear solver failure. Failed to compute a step: Eigen failure. Unable to perform dense Cholesky factorization.
W20260807 17:04:57.687916 0x20b9da080 levenberg_marquardt_strategy.cc:123] Linear solver failure. Failed to compute a step: Eigen failure. Unable to perform dense Cholesky factorization.
W20260807 17:04:57.687941 0x20b9da080 levenberg_marquardt_strategy.cc:123] Linear solver failure. Failed to compute a step: Eigen failure. Unable to perform dense Cholesky factorization.
W20260807 17:04:57.687964 0x20b9da080 levenberg_marquardt_strategy.cc:123] Linear solver failure. Failed to compute a step: Eigen failure. Unable to perform dense Cholesky factorization.
W20260807 17:04:57.688114 0x20b9da080 levenberg_marquardt_strategy.cc:123] Linear solver failure. Failed to compute a step: Eigen failure. Unable to perform dense Cholesky factorization.
W20260807 17:04:57.688398 0x20b9da080 levenberg_marquardt_strategy.cc:123] Linear solver failure. Failed to compute a step: Eigen failure. Unable to perform dense Cholesky factorization.
I20260807 17:04:57.688418 0x20b9da080 official_bundle_adjustment_ceres.cc:923] [AETHER] solver_used=DENSE_SCHUR sparse_backend=EIGEN_SPARSE dense_backend=EIGEN mixed=0 threads=1
I20260807 17:04:57.689681 0x20b9da080 official_bundle_adjustment_ceres.cc:1434] [AETHER gravity] injected 2/2 roll/pitch anchors, sigma_rad=0.00872665
I20260807 17:04:57.690005 0x20b9da080 official_bundle_adjustment_ceres.cc:923] [AETHER] solver_used=DENSE_SCHUR sparse_backend=EIGEN_SPARSE dense_backend=EIGEN mixed=0 threads=1
I20260807 17:04:57.835612 0x20b9da080 database_cache.cc:72] Loading rigs...
I20260807 17:04:57.835640 0x20b9da080 database_cache.cc:82]  0 in 0.000s
I20260807 17:04:57.835646 0x20b9da080 database_cache.cc:90] Loading cameras...
I20260807 17:04:57.835664 0x20b9da080 database_cache.cc:108]  32 in 0.000s
I20260807 17:04:57.835668 0x20b9da080 database_cache.cc:116] Loading frames...
I20260807 17:04:57.835674 0x20b9da080 database_cache.cc:126]  0 in 0.000s
I20260807 17:04:57.835678 0x20b9da080 database_cache.cc:134] Loading matches...
I20260807 17:04:57.835883 0x20b9da080 database_cache.cc:139]  274 in 0.000s
I20260807 17:04:57.835888 0x20b9da080 database_cache.cc:147] Loading images...
I20260807 17:04:57.838334 0x20b9da080 database_cache.cc:236]  32 in 0.002s (loaded all 32)
I20260807 17:04:57.838362 0x20b9da080 database_cache.cc:255] Loading pose priors...
I20260807 17:04:57.838374 0x20b9da080 database_cache.cc:263]  0 in 0.000s
I20260807 17:04:57.838381 0x20b9da080 database_cache.cc:271] Building correspondence graph...
I20260807 17:04:57.841727 0x20b9da080 database_cache.cc:300]  in 0.003s (ignored 0)
I20260807 17:04:58.008171 0x20b9da080 database_cache.cc:72] Loading rigs...
I20260807 17:04:58.008188 0x20b9da080 database_cache.cc:82]  0 in 0.000s
I20260807 17:04:58.008193 0x20b9da080 database_cache.cc:90] Loading cameras...
I20260807 17:04:58.008212 0x20b9da080 database_cache.cc:108]  33 in 0.000s
I20260807 17:04:58.008216 0x20b9da080 database_cache.cc:116] Loading frames...
I20260807 17:04:58.008222 0x20b9da080 database_cache.cc:126]  0 in 0.000s
I20260807 17:04:58.008225 0x20b9da080 database_cache.cc:134] Loading matches...
I20260807 17:04:58.008446 0x20b9da080 database_cache.cc:139]  286 in 0.000s
I20260807 17:04:58.008451 0x20b9da080 database_cache.cc:147] Loading images...
I20260807 17:04:58.010781 0x20b9da080 database_cache.cc:236]  33 in 0.002s (loaded all 33)
I20260807 17:04:58.010790 0x20b9da080 database_cache.cc:255] Loading pose priors...
I20260807 17:04:58.010796 0x20b9da080 database_cache.cc:263]  0 in 0.000s
I20260807 17:04:58.010799 0x20b9da080 database_cache.cc:271] Building correspondence graph...
I20260807 17:04:58.014437 0x20b9da080 database_cache.cc:300]  in 0.004s (ignored 0)
I20260807 17:04:58.202965 0x20b9da080 database_cache.cc:72] Loading rigs...
I20260807 17:04:58.202984 0x20b9da080 database_cache.cc:82]  0 in 0.000s
I20260807 17:04:58.202990 0x20b9da080 database_cache.cc:90] Loading cameras...
I20260807 17:04:58.203009 0x20b9da080 database_cache.cc:108]  34 in 0.000s
I20260807 17:04:58.203014 0x20b9da080 database_cache.cc:116] Loading frames...
I20260807 17:04:58.203020 0x20b9da080 database_cache.cc:126]  0 in 0.000s
I20260807 17:04:58.203024 0x20b9da080 database_cache.cc:134] Loading matches...
I20260807 17:04:58.204232 0x20b9da080 database_cache.cc:139]  300 in 0.001s
I20260807 17:04:58.204245 0x20b9da080 database_cache.cc:147] Loading images...
I20260807 17:04:58.207843 0x20b9da080 database_cache.cc:236]  34 in 0.004s (loaded all 34)
I20260807 17:04:58.207860 0x20b9da080 database_cache.cc:255] Loading pose priors...
I20260807 17:04:58.207869 0x20b9da080 database_cache.cc:263]  0 in 0.000s
I20260807 17:04:58.207875 0x20b9da080 database_cache.cc:271] Building correspondence graph...
I20260807 17:04:58.211723 0x20b9da080 database_cache.cc:300]  in 0.004s (ignored 0)
I20260807 17:04:58.436367 0x20b9da080 database_cache.cc:72] Loading rigs...
I20260807 17:04:58.436390 0x20b9da080 database_cache.cc:82]  0 in 0.000s
I20260807 17:04:58.436399 0x20b9da080 database_cache.cc:90] Loading cameras...
I20260807 17:04:58.436422 0x20b9da080 database_cache.cc:108]  35 in 0.000s
I20260807 17:04:58.436428 0x20b9da080 database_cache.cc:116] Loading frames...
I20260807 17:04:58.436438 0x20b9da080 database_cache.cc:126]  0 in 0.000s
I20260807 17:04:58.436445 0x20b9da080 database_cache.cc:134] Loading matches...
I20260807 17:04:58.436708 0x20b9da080 database_cache.cc:139]  313 in 0.000s
I20260807 17:04:58.436716 0x20b9da080 database_cache.cc:147] Loading images...
I20260807 17:04:58.439701 0x20b9da080 database_cache.cc:236]  35 in 0.003s (loaded all 35)
I20260807 17:04:58.439736 0x20b9da080 database_cache.cc:255] Loading pose priors...
I20260807 17:04:58.439749 0x20b9da080 database_cache.cc:263]  0 in 0.000s
I20260807 17:04:58.439754 0x20b9da080 database_cache.cc:271] Building correspondence graph...
I20260807 17:04:58.443941 0x20b9da080 database_cache.cc:300]  in 0.004s (ignored 0)
I20260807 17:04:58.647424 0x20b9da080 database_cache.cc:72] Loading rigs...
I20260807 17:04:58.647444 0x20b9da080 database_cache.cc:82]  0 in 0.000s
I20260807 17:04:58.647449 0x20b9da080 database_cache.cc:90] Loading cameras...
I20260807 17:04:58.647467 0x20b9da080 database_cache.cc:108]  36 in 0.000s
I20260807 17:04:58.647472 0x20b9da080 database_cache.cc:116] Loading frames...
I20260807 17:04:58.647477 0x20b9da080 database_cache.cc:126]  0 in 0.000s
I20260807 17:04:58.647480 0x20b9da080 database_cache.cc:134] Loading matches...
I20260807 17:04:58.647704 0x20b9da080 database_cache.cc:139]  331 in 0.000s
I20260807 17:04:58.647708 0x20b9da080 database_cache.cc:147] Loading images...
I20260807 17:04:58.650212 0x20b9da080 database_cache.cc:236]  36 in 0.003s (loaded all 36)
I20260807 17:04:58.650220 0x20b9da080 database_cache.cc:255] Loading pose priors...
I20260807 17:04:58.650226 0x20b9da080 database_cache.cc:263]  0 in 0.000s
I20260807 17:04:58.650229 0x20b9da080 database_cache.cc:271] Building correspondence graph...
I20260807 17:04:58.654007 0x20b9da080 database_cache.cc:300]  in 0.004s (ignored 0)
I20260807 17:04:58.659728 0x20b9da080 official_bundle_adjustment_ceres.cc:1434] [AETHER gravity] injected 2/2 roll/pitch anchors, sigma_rad=0.00872665
I20260807 17:04:58.663448 0x20b9da080 official_bundle_adjustment_ceres.cc:923] [AETHER] solver_used=DENSE_SCHUR sparse_backend=EIGEN_SPARSE dense_backend=EIGEN mixed=0 threads=1
I20260807 17:04:58.664738 0x20b9da080 official_bundle_adjustment_ceres.cc:1434] [AETHER gravity] injected 2/2 roll/pitch anchors, sigma_rad=0.00872665
I20260807 17:04:58.665667 0x20b9da080 official_bundle_adjustment_ceres.cc:923] [AETHER] solver_used=DENSE_SCHUR sparse_backend=EIGEN_SPARSE dense_backend=EIGEN mixed=0 threads=1
I20260807 17:04:58.891382 0x20b9da080 database_cache.cc:72] Loading rigs...
I20260807 17:04:58.891402 0x20b9da080 database_cache.cc:82]  0 in 0.000s
I20260807 17:04:58.891409 0x20b9da080 database_cache.cc:90] Loading cameras...
I20260807 17:04:58.891428 0x20b9da080 database_cache.cc:108]  37 in 0.000s
I20260807 17:04:58.891432 0x20b9da080 database_cache.cc:116] Loading frames...
I20260807 17:04:58.891438 0x20b9da080 database_cache.cc:126]  0 in 0.000s
I20260807 17:04:58.891441 0x20b9da080 database_cache.cc:134] Loading matches...
I20260807 17:04:58.892552 0x20b9da080 database_cache.cc:139]  352 in 0.001s
I20260807 17:04:58.892557 0x20b9da080 database_cache.cc:147] Loading images...
I20260807 17:04:58.895083 0x20b9da080 database_cache.cc:236]  37 in 0.003s (loaded all 37)
I20260807 17:04:58.895090 0x20b9da080 database_cache.cc:255] Loading pose priors...
I20260807 17:04:58.895095 0x20b9da080 database_cache.cc:263]  0 in 0.000s
I20260807 17:04:58.895099 0x20b9da080 database_cache.cc:271] Building correspondence graph...
I20260807 17:04:58.899016 0x20b9da080 database_cache.cc:300]  in 0.004s (ignored 0)
I20260807 17:04:58.905334 0x20b9da080 official_bundle_adjustment_ceres.cc:1434] [AETHER gravity] injected 2/2 roll/pitch anchors, sigma_rad=0.00872665
I20260807 17:04:58.908595 0x20b9da080 official_bundle_adjustment_ceres.cc:923] [AETHER] solver_used=DENSE_SCHUR sparse_backend=EIGEN_SPARSE dense_backend=EIGEN mixed=0 threads=1
I20260807 17:04:58.910092 0x20b9da080 official_bundle_adjustment_ceres.cc:1434] [AETHER gravity] injected 2/2 roll/pitch anchors, sigma_rad=0.00872665
I20260807 17:04:58.910695 0x20b9da080 official_bundle_adjustment_ceres.cc:923] [AETHER] solver_used=DENSE_SCHUR sparse_backend=EIGEN_SPARSE dense_backend=EIGEN mixed=0 threads=1
I20260807 17:04:59.150015 0x20b9da080 database_cache.cc:72] Loading rigs...
I20260807 17:04:59.150034 0x20b9da080 database_cache.cc:82]  0 in 0.000s
I20260807 17:04:59.150040 0x20b9da080 database_cache.cc:90] Loading cameras...
I20260807 17:04:59.150066 0x20b9da080 database_cache.cc:108]  38 in 0.000s
I20260807 17:04:59.150071 0x20b9da080 database_cache.cc:116] Loading frames...
I20260807 17:04:59.150079 0x20b9da080 database_cache.cc:126]  0 in 0.000s
I20260807 17:04:59.150083 0x20b9da080 database_cache.cc:134] Loading matches...
I20260807 17:04:59.150342 0x20b9da080 database_cache.cc:139]  372 in 0.000s
I20260807 17:04:59.150346 0x20b9da080 database_cache.cc:147] Loading images...
I20260807 17:04:59.153022 0x20b9da080 database_cache.cc:236]  38 in 0.003s (loaded all 38)
I20260807 17:04:59.153031 0x20b9da080 database_cache.cc:255] Loading pose priors...
I20260807 17:04:59.153039 0x20b9da080 database_cache.cc:263]  0 in 0.000s
I20260807 17:04:59.153043 0x20b9da080 database_cache.cc:271] Building correspondence graph...
I20260807 17:04:59.157204 0x20b9da080 database_cache.cc:300]  in 0.004s (ignored 0)
I20260807 17:04:59.162999 0x20b9da080 official_bundle_adjustment_ceres.cc:1434] [AETHER gravity] injected 2/2 roll/pitch anchors, sigma_rad=0.00872665
I20260807 17:04:59.164481 0x20b9da080 official_bundle_adjustment_ceres.cc:923] [AETHER] solver_used=DENSE_SCHUR sparse_backend=EIGEN_SPARSE dense_backend=EIGEN mixed=0 threads=1
I20260807 17:04:59.165740 0x20b9da080 official_bundle_adjustment_ceres.cc:1434] [AETHER gravity] injected 2/2 roll/pitch anchors, sigma_rad=0.00872665
I20260807 17:04:59.165803 0x20b9da080 official_bundle_adjustment_ceres.cc:923] [AETHER] solver_used=DENSE_SCHUR sparse_backend=EIGEN_SPARSE dense_backend=EIGEN mixed=0 threads=1
I20260807 17:04:59.475471 0x20b9da080 database_cache.cc:72] Loading rigs...
I20260807 17:04:59.475491 0x20b9da080 database_cache.cc:82]  0 in 0.000s
I20260807 17:04:59.475498 0x20b9da080 database_cache.cc:90] Loading cameras...
I20260807 17:04:59.475520 0x20b9da080 database_cache.cc:108]  39 in 0.000s
I20260807 17:04:59.475525 0x20b9da080 database_cache.cc:116] Loading frames...
I20260807 17:04:59.475531 0x20b9da080 database_cache.cc:126]  0 in 0.000s
I20260807 17:04:59.475534 0x20b9da080 database_cache.cc:134] Loading matches...
I20260807 17:04:59.476596 0x20b9da080 database_cache.cc:139]  393 in 0.001s
I20260807 17:04:59.476604 0x20b9da080 database_cache.cc:147] Loading images...
I20260807 17:04:59.479574 0x20b9da080 database_cache.cc:236]  39 in 0.003s (loaded all 39)
I20260807 17:04:59.479586 0x20b9da080 database_cache.cc:255] Loading pose priors...
I20260807 17:04:59.479593 0x20b9da080 database_cache.cc:263]  0 in 0.000s
I20260807 17:04:59.479597 0x20b9da080 database_cache.cc:271] Building correspondence graph...
I20260807 17:04:59.483929 0x20b9da080 database_cache.cc:300]  in 0.004s (ignored 0)
I20260807 17:04:59.489874 0x20b9da080 official_bundle_adjustment_ceres.cc:1434] [AETHER gravity] injected 4/4 roll/pitch anchors, sigma_rad=0.00872665
I20260807 17:04:59.492229 0x20b9da080 official_bundle_adjustment_ceres.cc:923] [AETHER] solver_used=DENSE_SCHUR sparse_backend=EIGEN_SPARSE dense_backend=EIGEN mixed=0 threads=1
I20260807 17:04:59.493986 0x20b9da080 official_bundle_adjustment_ceres.cc:1434] [AETHER gravity] injected 2/2 roll/pitch anchors, sigma_rad=0.00872665
I20260807 17:04:59.494228 0x20b9da080 official_bundle_adjustment_ceres.cc:923] [AETHER] solver_used=DENSE_SCHUR sparse_backend=EIGEN_SPARSE dense_backend=EIGEN mixed=0 threads=1
I20260807 17:04:59.850465 0x20b9da080 database_cache.cc:72] Loading rigs...
I20260807 17:04:59.850486 0x20b9da080 database_cache.cc:82]  0 in 0.000s
I20260807 17:04:59.850492 0x20b9da080 database_cache.cc:90] Loading cameras...
I20260807 17:04:59.850512 0x20b9da080 database_cache.cc:108]  40 in 0.000s
I20260807 17:04:59.850516 0x20b9da080 database_cache.cc:116] Loading frames...
I20260807 17:04:59.850522 0x20b9da080 database_cache.cc:126]  0 in 0.000s
I20260807 17:04:59.850525 0x20b9da080 database_cache.cc:134] Loading matches...
I20260807 17:04:59.850800 0x20b9da080 database_cache.cc:139]  416 in 0.000s
I20260807 17:04:59.850805 0x20b9da080 database_cache.cc:147] Loading images...
I20260807 17:04:59.853639 0x20b9da080 database_cache.cc:236]  40 in 0.003s (loaded all 40)
I20260807 17:04:59.853669 0x20b9da080 database_cache.cc:255] Loading pose priors...
I20260807 17:04:59.853685 0x20b9da080 database_cache.cc:263]  0 in 0.000s
I20260807 17:04:59.853690 0x20b9da080 database_cache.cc:271] Building correspondence graph...
I20260807 17:04:59.858160 0x20b9da080 database_cache.cc:300]  in 0.004s (ignored 0)
I20260807 17:04:59.865175 0x20b9da080 official_bundle_adjustment_ceres.cc:1434] [AETHER gravity] injected 6/6 roll/pitch anchors, sigma_rad=0.00872665
I20260807 17:04:59.876213 0x20b9da080 official_bundle_adjustment_ceres.cc:923] [AETHER] solver_used=DENSE_SCHUR sparse_backend=EIGEN_SPARSE dense_backend=EIGEN mixed=0 threads=1
I20260807 17:04:59.878731 0x20b9da080 official_bundle_adjustment_ceres.cc:1434] [AETHER gravity] injected 4/4 roll/pitch anchors, sigma_rad=0.00872665
I20260807 17:04:59.880442 0x20b9da080 official_bundle_adjustment_ceres.cc:923] [AETHER] solver_used=DENSE_SCHUR sparse_backend=EIGEN_SPARSE dense_backend=EIGEN mixed=0 threads=1
I20260807 17:05:00.190260 0x20b9da080 database_cache.cc:72] Loading rigs...
I20260807 17:05:00.190279 0x20b9da080 database_cache.cc:82]  0 in 0.000s
I20260807 17:05:00.190286 0x20b9da080 database_cache.cc:90] Loading cameras...
I20260807 17:05:00.190306 0x20b9da080 database_cache.cc:108]  41 in 0.000s
I20260807 17:05:00.190310 0x20b9da080 database_cache.cc:116] Loading frames...
I20260807 17:05:00.190316 0x20b9da080 database_cache.cc:126]  0 in 0.000s
I20260807 17:05:00.190320 0x20b9da080 database_cache.cc:134] Loading matches...
I20260807 17:05:00.190598 0x20b9da080 database_cache.cc:139]  434 in 0.000s
I20260807 17:05:00.190605 0x20b9da080 database_cache.cc:147] Loading images...
I20260807 17:05:00.193485 0x20b9da080 database_cache.cc:236]  41 in 0.003s (loaded all 41)
I20260807 17:05:00.193495 0x20b9da080 database_cache.cc:255] Loading pose priors...
I20260807 17:05:00.193502 0x20b9da080 database_cache.cc:263]  0 in 0.000s
I20260807 17:05:00.193505 0x20b9da080 database_cache.cc:271] Building correspondence graph...
I20260807 17:05:00.197844 0x20b9da080 database_cache.cc:300]  in 0.004s (ignored 0)
I20260807 17:05:00.204563 0x20b9da080 official_bundle_adjustment_ceres.cc:1434] [AETHER gravity] injected 6/6 roll/pitch anchors, sigma_rad=0.00872665
I20260807 17:05:00.233388 0x20b9da080 official_bundle_adjustment_ceres.cc:923] [AETHER] solver_used=DENSE_SCHUR sparse_backend=EIGEN_SPARSE dense_backend=EIGEN mixed=0 threads=6
I20260807 17:05:00.237158 0x20b9da080 official_bundle_adjustment_ceres.cc:1434] [AETHER gravity] injected 6/6 roll/pitch anchors, sigma_rad=0.00872665
I20260807 17:05:00.242836 0x20b9da080 official_bundle_adjustment_ceres.cc:923] [AETHER] solver_used=DENSE_SCHUR sparse_backend=EIGEN_SPARSE dense_backend=EIGEN mixed=0 threads=6
I20260807 17:05:00.589604 0x20b9da080 database_cache.cc:72] Loading rigs...
I20260807 17:05:00.589630 0x20b9da080 database_cache.cc:82]  0 in 0.000s
I20260807 17:05:00.589637 0x20b9da080 database_cache.cc:90] Loading cameras...
I20260807 17:05:00.589661 0x20b9da080 database_cache.cc:108]  42 in 0.000s
I20260807 17:05:00.589666 0x20b9da080 database_cache.cc:116] Loading frames...
I20260807 17:05:00.589673 0x20b9da080 database_cache.cc:126]  0 in 0.000s
I20260807 17:05:00.589677 0x20b9da080 database_cache.cc:134] Loading matches...
I20260807 17:05:00.591122 0x20b9da080 database_cache.cc:139]  448 in 0.001s
I20260807 17:05:00.591133 0x20b9da080 database_cache.cc:147] Loading images...
I20260807 17:05:00.594242 0x20b9da080 database_cache.cc:236]  42 in 0.003s (loaded all 42)
I20260807 17:05:00.594255 0x20b9da080 database_cache.cc:255] Loading pose priors...
I20260807 17:05:00.594266 0x20b9da080 database_cache.cc:263]  0 in 0.000s
I20260807 17:05:00.594271 0x20b9da080 database_cache.cc:271] Building correspondence graph...
I20260807 17:05:00.598752 0x20b9da080 database_cache.cc:300]  in 0.004s (ignored 0)
I20260807 17:05:00.606527 0x20b9da080 official_bundle_adjustment_ceres.cc:1434] [AETHER gravity] injected 6/6 roll/pitch anchors, sigma_rad=0.00872665
I20260807 17:05:00.629137 0x20b9da080 official_bundle_adjustment_ceres.cc:923] [AETHER] solver_used=DENSE_SCHUR sparse_backend=EIGEN_SPARSE dense_backend=EIGEN mixed=0 threads=6
I20260807 17:05:00.633147 0x20b9da080 official_bundle_adjustment_ceres.cc:1434] [AETHER gravity] injected 6/6 roll/pitch anchors, sigma_rad=0.00872665
I20260807 17:05:00.639159 0x20b9da080 official_bundle_adjustment_ceres.cc:923] [AETHER] solver_used=DENSE_SCHUR sparse_backend=EIGEN_SPARSE dense_backend=EIGEN mixed=0 threads=1
I20260807 17:05:00.950803 0x20b9da080 database_cache.cc:72] Loading rigs...
I20260807 17:05:00.952009 0x20b9da080 database_cache.cc:82]  0 in 0.001s
I20260807 17:05:00.952039 0x20b9da080 database_cache.cc:90] Loading cameras...
I20260807 17:05:00.952059 0x20b9da080 database_cache.cc:108]  43 in 0.000s
I20260807 17:05:00.952064 0x20b9da080 database_cache.cc:116] Loading frames...
I20260807 17:05:00.952070 0x20b9da080 database_cache.cc:126]  0 in 0.000s
I20260807 17:05:00.952074 0x20b9da080 database_cache.cc:134] Loading matches...
I20260807 17:05:00.954254 0x20b9da080 database_cache.cc:139]  461 in 0.002s
I20260807 17:05:00.954270 0x20b9da080 database_cache.cc:147] Loading images...
I20260807 17:05:00.957519 0x20b9da080 database_cache.cc:236]  43 in 0.003s (loaded all 43)
I20260807 17:05:00.957531 0x20b9da080 database_cache.cc:255] Loading pose priors...
I20260807 17:05:00.957542 0x20b9da080 database_cache.cc:263]  0 in 0.000s
I20260807 17:05:00.957549 0x20b9da080 database_cache.cc:271] Building correspondence graph...
I20260807 17:05:00.962586 0x20b9da080 database_cache.cc:300]  in 0.005s (ignored 0)
I20260807 17:05:00.972052 0x20b9da080 official_bundle_adjustment_ceres.cc:1434] [AETHER gravity] injected 6/6 roll/pitch anchors, sigma_rad=0.00872665
I20260807 17:05:01.001221 0x20b9da080 official_bundle_adjustment_ceres.cc:923] [AETHER] solver_used=DENSE_SCHUR sparse_backend=EIGEN_SPARSE dense_backend=EIGEN mixed=0 threads=6
I20260807 17:05:01.005881 0x20b9da080 official_bundle_adjustment_ceres.cc:1434] [AETHER gravity] injected 4/4 roll/pitch anchors, sigma_rad=0.00872665
I20260807 17:05:01.019487 0x20b9da080 official_bundle_adjustment_ceres.cc:923] [AETHER] solver_used=DENSE_SCHUR sparse_backend=EIGEN_SPARSE dense_backend=EIGEN mixed=0 threads=1
I20260807 17:05:01.425638 0x20b9da080 database_cache.cc:72] Loading rigs...
I20260807 17:05:01.425663 0x20b9da080 database_cache.cc:82]  0 in 0.000s
I20260807 17:05:01.425670 0x20b9da080 database_cache.cc:90] Loading cameras...
I20260807 17:05:01.425694 0x20b9da080 database_cache.cc:108]  44 in 0.000s
I20260807 17:05:01.425698 0x20b9da080 database_cache.cc:116] Loading frames...
I20260807 17:05:01.425705 0x20b9da080 database_cache.cc:126]  0 in 0.000s
I20260807 17:05:01.425709 0x20b9da080 database_cache.cc:134] Loading matches...
I20260807 17:05:01.426844 0x20b9da080 database_cache.cc:139]  476 in 0.001s
I20260807 17:05:01.426852 0x20b9da080 database_cache.cc:147] Loading images...
I20260807 17:05:01.429887 0x20b9da080 database_cache.cc:236]  44 in 0.003s (loaded all 44)
I20260807 17:05:01.429899 0x20b9da080 database_cache.cc:255] Loading pose priors...
I20260807 17:05:01.429907 0x20b9da080 database_cache.cc:263]  0 in 0.000s
I20260807 17:05:01.429912 0x20b9da080 database_cache.cc:271] Building correspondence graph...
I20260807 17:05:01.434944 0x20b9da080 database_cache.cc:300]  in 0.005s (ignored 0)
I20260807 17:05:01.444579 0x20b9da080 official_bundle_adjustment_ceres.cc:1434] [AETHER gravity] injected 6/6 roll/pitch anchors, sigma_rad=0.00872665
I20260807 17:05:01.465313 0x20b9da080 official_bundle_adjustment_ceres.cc:923] [AETHER] solver_used=DENSE_SCHUR sparse_backend=EIGEN_SPARSE dense_backend=EIGEN mixed=0 threads=6
I20260807 17:05:01.470275 0x20b9da080 official_bundle_adjustment_ceres.cc:1434] [AETHER gravity] injected 5/5 roll/pitch anchors, sigma_rad=0.00872665
I20260807 17:05:01.492262 0x20b9da080 official_bundle_adjustment_ceres.cc:923] [AETHER] solver_used=DENSE_SCHUR sparse_backend=EIGEN_SPARSE dense_backend=EIGEN mixed=0 threads=1
I20260807 17:05:01.900174 0x20b9da080 database_cache.cc:72] Loading rigs...
I20260807 17:05:01.900199 0x20b9da080 database_cache.cc:82]  0 in 0.000s
I20260807 17:05:01.900206 0x20b9da080 database_cache.cc:90] Loading cameras...
I20260807 17:05:01.900227 0x20b9da080 database_cache.cc:108]  45 in 0.000s
I20260807 17:05:01.900231 0x20b9da080 database_cache.cc:116] Loading frames...
I20260807 17:05:01.900238 0x20b9da080 database_cache.cc:126]  0 in 0.000s
I20260807 17:05:01.900241 0x20b9da080 database_cache.cc:134] Loading matches...
I20260807 17:05:01.901078 0x20b9da080 database_cache.cc:139]  492 in 0.001s
I20260807 17:05:01.901088 0x20b9da080 database_cache.cc:147] Loading images...
I20260807 17:05:01.904269 0x20b9da080 database_cache.cc:236]  45 in 0.003s (loaded all 45)
I20260807 17:05:01.904294 0x20b9da080 database_cache.cc:255] Loading pose priors...
I20260807 17:05:01.904304 0x20b9da080 database_cache.cc:263]  0 in 0.000s
I20260807 17:05:01.904308 0x20b9da080 database_cache.cc:271] Building correspondence graph...
I20260807 17:05:01.909785 0x20b9da080 database_cache.cc:300]  in 0.005s (ignored 0)
I20260807 17:05:01.919844 0x20b9da080 official_bundle_adjustment_ceres.cc:1434] [AETHER gravity] injected 6/6 roll/pitch anchors, sigma_rad=0.00872665
I20260807 17:05:01.949858 0x20b9da080 official_bundle_adjustment_ceres.cc:923] [AETHER] solver_used=DENSE_SCHUR sparse_backend=EIGEN_SPARSE dense_backend=EIGEN mixed=0 threads=6
I20260807 17:05:01.955786 0x20b9da080 official_bundle_adjustment_ceres.cc:1434] [AETHER gravity] injected 6/6 roll/pitch anchors, sigma_rad=0.00872665
I20260807 17:05:01.958279 0x20b9da080 official_bundle_adjustment_ceres.cc:923] [AETHER] solver_used=DENSE_SCHUR sparse_backend=EIGEN_SPARSE dense_backend=EIGEN mixed=0 threads=1
I20260807 17:05:02.298445 0x20b9da080 database_cache.cc:72] Loading rigs...
I20260807 17:05:02.298465 0x20b9da080 database_cache.cc:82]  0 in 0.000s
I20260807 17:05:02.298470 0x20b9da080 database_cache.cc:90] Loading cameras...
I20260807 17:05:02.298490 0x20b9da080 database_cache.cc:108]  46 in 0.000s
I20260807 17:05:02.298494 0x20b9da080 database_cache.cc:116] Loading frames...
I20260807 17:05:02.298500 0x20b9da080 database_cache.cc:126]  0 in 0.000s
I20260807 17:05:02.298503 0x20b9da080 database_cache.cc:134] Loading matches...
I20260807 17:05:02.298825 0x20b9da080 database_cache.cc:139]  509 in 0.000s
I20260807 17:05:02.298829 0x20b9da080 database_cache.cc:147] Loading images...
I20260807 17:05:02.301963 0x20b9da080 database_cache.cc:236]  46 in 0.003s (loaded all 46)
I20260807 17:05:02.301971 0x20b9da080 database_cache.cc:255] Loading pose priors...
I20260807 17:05:02.301978 0x20b9da080 database_cache.cc:263]  0 in 0.000s
I20260807 17:05:02.301981 0x20b9da080 database_cache.cc:271] Building correspondence graph...
I20260807 17:05:02.307879 0x20b9da080 database_cache.cc:300]  in 0.006s (ignored 0)
I20260807 17:05:02.316870 0x20b9da080 official_bundle_adjustment_ceres.cc:1434] [AETHER gravity] injected 3/3 roll/pitch anchors, sigma_rad=0.00872665
I20260807 17:05:02.327702 0x20b9da080 official_bundle_adjustment_ceres.cc:923] [AETHER] solver_used=DENSE_SCHUR sparse_backend=EIGEN_SPARSE dense_backend=EIGEN mixed=0 threads=1
I20260807 17:05:02.332937 0x20b9da080 official_bundle_adjustment_ceres.cc:1434] [AETHER gravity] injected 4/4 roll/pitch anchors, sigma_rad=0.00872665
I20260807 17:05:02.343993 0x20b9da080 official_bundle_adjustment_ceres.cc:923] [AETHER] solver_used=DENSE_SCHUR sparse_backend=EIGEN_SPARSE dense_backend=EIGEN mixed=0 threads=1
I20260807 17:05:02.661456 0x20b9da080 database_cache.cc:72] Loading rigs...
I20260807 17:05:02.661474 0x20b9da080 database_cache.cc:82]  0 in 0.000s
I20260807 17:05:02.661479 0x20b9da080 database_cache.cc:90] Loading cameras...
I20260807 17:05:02.661499 0x20b9da080 database_cache.cc:108]  47 in 0.000s
I20260807 17:05:02.661503 0x20b9da080 database_cache.cc:116] Loading frames...
I20260807 17:05:02.661509 0x20b9da080 database_cache.cc:126]  0 in 0.000s
I20260807 17:05:02.661512 0x20b9da080 database_cache.cc:134] Loading matches...
I20260807 17:05:02.663010 0x20b9da080 database_cache.cc:139]  526 in 0.001s
I20260807 17:05:02.663015 0x20b9da080 database_cache.cc:147] Loading images...
I20260807 17:05:02.666165 0x20b9da080 database_cache.cc:236]  47 in 0.003s (loaded all 47)
I20260807 17:05:02.666172 0x20b9da080 database_cache.cc:255] Loading pose priors...
I20260807 17:05:02.666177 0x20b9da080 database_cache.cc:263]  0 in 0.000s
I20260807 17:05:02.666181 0x20b9da080 database_cache.cc:271] Building correspondence graph...
I20260807 17:05:02.672425 0x20b9da080 database_cache.cc:300]  in 0.006s (ignored 0)
I20260807 17:05:02.973243 0x20b9da080 database_cache.cc:72] Loading rigs...
I20260807 17:05:02.973265 0x20b9da080 database_cache.cc:82]  0 in 0.000s
I20260807 17:05:02.973271 0x20b9da080 database_cache.cc:90] Loading cameras...
I20260807 17:05:02.973293 0x20b9da080 database_cache.cc:108]  48 in 0.000s
I20260807 17:05:02.973297 0x20b9da080 database_cache.cc:116] Loading frames...
I20260807 17:05:02.973303 0x20b9da080 database_cache.cc:126]  0 in 0.000s
I20260807 17:05:02.973306 0x20b9da080 database_cache.cc:134] Loading matches...
I20260807 17:05:02.973675 0x20b9da080 database_cache.cc:139]  542 in 0.000s
I20260807 17:05:02.973681 0x20b9da080 database_cache.cc:147] Loading images...
I20260807 17:05:02.977028 0x20b9da080 database_cache.cc:236]  48 in 0.003s (loaded all 48)
I20260807 17:05:02.977221 0x20b9da080 database_cache.cc:255] Loading pose priors...
I20260807 17:05:02.977234 0x20b9da080 database_cache.cc:263]  0 in 0.000s
I20260807 17:05:02.977238 0x20b9da080 database_cache.cc:271] Building correspondence graph...
I20260807 17:05:02.983434 0x20b9da080 database_cache.cc:300]  in 0.006s (ignored 0)
I20260807 17:05:03.225391 0x20b9da080 database_cache.cc:72] Loading rigs...
I20260807 17:05:03.225414 0x20b9da080 database_cache.cc:82]  0 in 0.000s
I20260807 17:05:03.225424 0x20b9da080 database_cache.cc:90] Loading cameras...
I20260807 17:05:03.225446 0x20b9da080 database_cache.cc:108]  49 in 0.000s
I20260807 17:05:03.225450 0x20b9da080 database_cache.cc:116] Loading frames...
I20260807 17:05:03.225456 0x20b9da080 database_cache.cc:126]  0 in 0.000s
I20260807 17:05:03.225459 0x20b9da080 database_cache.cc:134] Loading matches...
I20260807 17:05:03.225890 0x20b9da080 database_cache.cc:139]  555 in 0.000s
I20260807 17:05:03.225895 0x20b9da080 database_cache.cc:147] Loading images...
I20260807 17:05:03.229267 0x20b9da080 database_cache.cc:236]  49 in 0.003s (loaded all 49)
I20260807 17:05:03.229277 0x20b9da080 database_cache.cc:255] Loading pose priors...
I20260807 17:05:03.229283 0x20b9da080 database_cache.cc:263]  0 in 0.000s
I20260807 17:05:03.229286 0x20b9da080 database_cache.cc:271] Building correspondence graph...
I20260807 17:05:03.235628 0x20b9da080 database_cache.cc:300]  in 0.006s (ignored 0)
I20260807 17:05:03.488265 0x20b9da080 database_cache.cc:72] Loading rigs...
I20260807 17:05:03.488288 0x20b9da080 database_cache.cc:82]  0 in 0.000s
I20260807 17:05:03.488294 0x20b9da080 database_cache.cc:90] Loading cameras...
I20260807 17:05:03.488316 0x20b9da080 database_cache.cc:108]  50 in 0.000s
I20260807 17:05:03.488321 0x20b9da080 database_cache.cc:116] Loading frames...
I20260807 17:05:03.488326 0x20b9da080 database_cache.cc:126]  0 in 0.000s
I20260807 17:05:03.488329 0x20b9da080 database_cache.cc:134] Loading matches...
I20260807 17:05:03.488713 0x20b9da080 database_cache.cc:139]  567 in 0.000s
I20260807 17:05:03.488719 0x20b9da080 database_cache.cc:147] Loading images...
I20260807 17:05:03.492212 0x20b9da080 database_cache.cc:236]  50 in 0.003s (loaded all 50)
I20260807 17:05:03.492225 0x20b9da080 database_cache.cc:255] Loading pose priors...
I20260807 17:05:03.492234 0x20b9da080 database_cache.cc:263]  0 in 0.000s
I20260807 17:05:03.492238 0x20b9da080 database_cache.cc:271] Building correspondence graph...
I20260807 17:05:03.498800 0x20b9da080 database_cache.cc:300]  in 0.007s (ignored 0)
  fed 50/201 frames (last n_kp=8192)
I20260807 17:05:03.690072 0x20b9da080 database_cache.cc:72] Loading rigs...
I20260807 17:05:03.690091 0x20b9da080 database_cache.cc:82]  0 in 0.000s
I20260807 17:05:03.690099 0x20b9da080 database_cache.cc:90] Loading cameras...
I20260807 17:05:03.690119 0x20b9da080 database_cache.cc:108]  51 in 0.000s
I20260807 17:05:03.690123 0x20b9da080 database_cache.cc:116] Loading frames...
I20260807 17:05:03.690128 0x20b9da080 database_cache.cc:126]  0 in 0.000s
I20260807 17:05:03.690131 0x20b9da080 database_cache.cc:134] Loading matches...
I20260807 17:05:03.690523 0x20b9da080 database_cache.cc:139]  575 in 0.000s
I20260807 17:05:03.690531 0x20b9da080 database_cache.cc:147] Loading images...
I20260807 17:05:03.694077 0x20b9da080 database_cache.cc:236]  51 in 0.004s (loaded all 51)
I20260807 17:05:03.694087 0x20b9da080 database_cache.cc:255] Loading pose priors...
I20260807 17:05:03.694095 0x20b9da080 database_cache.cc:263]  0 in 0.000s
I20260807 17:05:03.694098 0x20b9da080 database_cache.cc:271] Building correspondence graph...
I20260807 17:05:03.700871 0x20b9da080 database_cache.cc:300]  in 0.007s (ignored 0)
I20260807 17:05:03.884924 0x20b9da080 database_cache.cc:72] Loading rigs...
I20260807 17:05:03.884945 0x20b9da080 database_cache.cc:82]  0 in 0.000s
I20260807 17:05:03.884950 0x20b9da080 database_cache.cc:90] Loading cameras...
I20260807 17:05:03.884972 0x20b9da080 database_cache.cc:108]  52 in 0.000s
I20260807 17:05:03.884976 0x20b9da080 database_cache.cc:116] Loading frames...
I20260807 17:05:03.884982 0x20b9da080 database_cache.cc:126]  0 in 0.000s
I20260807 17:05:03.884985 0x20b9da080 database_cache.cc:134] Loading matches...
I20260807 17:05:03.885391 0x20b9da080 database_cache.cc:139]  582 in 0.000s
I20260807 17:05:03.885395 0x20b9da080 database_cache.cc:147] Loading images...
I20260807 17:05:03.889240 0x20b9da080 database_cache.cc:236]  52 in 0.004s (loaded all 52)
I20260807 17:05:03.889261 0x20b9da080 database_cache.cc:255] Loading pose priors...
I20260807 17:05:03.889272 0x20b9da080 database_cache.cc:263]  0 in 0.000s
I20260807 17:05:03.889276 0x20b9da080 database_cache.cc:271] Building correspondence graph...
I20260807 17:05:03.896325 0x20b9da080 database_cache.cc:300]  in 0.007s (ignored 0)
I20260807 17:05:04.096589 0x20b9da080 database_cache.cc:72] Loading rigs...
I20260807 17:05:04.096609 0x20b9da080 database_cache.cc:82]  0 in 0.000s
I20260807 17:05:04.096615 0x20b9da080 database_cache.cc:90] Loading cameras...
I20260807 17:05:04.096638 0x20b9da080 database_cache.cc:108]  53 in 0.000s
I20260807 17:05:04.096642 0x20b9da080 database_cache.cc:116] Loading frames...
I20260807 17:05:04.096648 0x20b9da080 database_cache.cc:126]  0 in 0.000s
I20260807 17:05:04.096651 0x20b9da080 database_cache.cc:134] Loading matches...
I20260807 17:05:04.097047 0x20b9da080 database_cache.cc:139]  589 in 0.000s
I20260807 17:05:04.097051 0x20b9da080 database_cache.cc:147] Loading images...
I20260807 17:05:04.100721 0x20b9da080 database_cache.cc:236]  53 in 0.004s (loaded all 53)
I20260807 17:05:04.100732 0x20b9da080 database_cache.cc:255] Loading pose priors...
I20260807 17:05:04.100740 0x20b9da080 database_cache.cc:263]  0 in 0.000s
I20260807 17:05:04.100744 0x20b9da080 database_cache.cc:271] Building correspondence graph...
I20260807 17:05:04.108143 0x20b9da080 database_cache.cc:300]  in 0.007s (ignored 0)
I20260807 17:05:04.292470 0x20b9da080 database_cache.cc:72] Loading rigs...
I20260807 17:05:04.292495 0x20b9da080 database_cache.cc:82]  0 in 0.000s
I20260807 17:05:04.292502 0x20b9da080 database_cache.cc:90] Loading cameras...
I20260807 17:05:04.292529 0x20b9da080 database_cache.cc:108]  54 in 0.000s
I20260807 17:05:04.292534 0x20b9da080 database_cache.cc:116] Loading frames...
I20260807 17:05:04.292540 0x20b9da080 database_cache.cc:126]  0 in 0.000s
I20260807 17:05:04.292543 0x20b9da080 database_cache.cc:134] Loading matches...
I20260807 17:05:04.292982 0x20b9da080 database_cache.cc:139]  597 in 0.000s
I20260807 17:05:04.292987 0x20b9da080 database_cache.cc:147] Loading images...
I20260807 17:05:04.296887 0x20b9da080 database_cache.cc:236]  54 in 0.004s (loaded all 54)
I20260807 17:05:04.296904 0x20b9da080 database_cache.cc:255] Loading pose priors...
I20260807 17:05:04.296914 0x20b9da080 database_cache.cc:263]  0 in 0.000s
I20260807 17:05:04.296920 0x20b9da080 database_cache.cc:271] Building correspondence graph...
I20260807 17:05:04.304850 0x20b9da080 database_cache.cc:300]  in 0.008s (ignored 0)
I20260807 17:05:04.520857 0x20b9da080 database_cache.cc:72] Loading rigs...
I20260807 17:05:04.520884 0x20b9da080 database_cache.cc:82]  0 in 0.000s
I20260807 17:05:04.520890 0x20b9da080 database_cache.cc:90] Loading cameras...
I20260807 17:05:04.520913 0x20b9da080 database_cache.cc:108]  55 in 0.000s
I20260807 17:05:04.520917 0x20b9da080 database_cache.cc:116] Loading frames...
I20260807 17:05:04.520923 0x20b9da080 database_cache.cc:126]  0 in 0.000s
I20260807 17:05:04.520926 0x20b9da080 database_cache.cc:134] Loading matches...
I20260807 17:05:04.521393 0x20b9da080 database_cache.cc:139]  605 in 0.000s
I20260807 17:05:04.521397 0x20b9da080 database_cache.cc:147] Loading images...
I20260807 17:05:04.525151 0x20b9da080 database_cache.cc:236]  55 in 0.004s (loaded all 55)
I20260807 17:05:04.525161 0x20b9da080 database_cache.cc:255] Loading pose priors...
I20260807 17:05:04.525171 0x20b9da080 database_cache.cc:263]  0 in 0.000s
I20260807 17:05:04.525174 0x20b9da080 database_cache.cc:271] Building correspondence graph...
I20260807 17:05:04.532762 0x20b9da080 database_cache.cc:300]  in 0.008s (ignored 0)
I20260807 17:05:04.623610 0x20b9da080 database_cache.cc:72] Loading rigs...
I20260807 17:05:04.623638 0x20b9da080 database_cache.cc:82]  0 in 0.000s
I20260807 17:05:04.623650 0x20b9da080 database_cache.cc:90] Loading cameras...
I20260807 17:05:04.623676 0x20b9da080 database_cache.cc:108]  56 in 0.000s
I20260807 17:05:04.623681 0x20b9da080 database_cache.cc:116] Loading frames...
I20260807 17:05:04.623688 0x20b9da080 database_cache.cc:126]  0 in 0.000s
I20260807 17:05:04.623692 0x20b9da080 database_cache.cc:134] Loading matches...
I20260807 17:05:04.624205 0x20b9da080 database_cache.cc:139]  611 in 0.001s
I20260807 17:05:04.624210 0x20b9da080 database_cache.cc:147] Loading images...
I20260807 17:05:04.628606 0x20b9da080 database_cache.cc:236]  56 in 0.004s (loaded all 56)
I20260807 17:05:04.628617 0x20b9da080 database_cache.cc:255] Loading pose priors...
I20260807 17:05:04.628624 0x20b9da080 database_cache.cc:263]  0 in 0.000s
I20260807 17:05:04.628628 0x20b9da080 database_cache.cc:271] Building correspondence graph...
I20260807 17:05:04.636846 0x20b9da080 database_cache.cc:300]  in 0.008s (ignored 0)
I20260807 17:05:04.643692 0x20b9da080 official_bundle_adjustment_ceres.cc:1434] [AETHER gravity] injected 2/2 roll/pitch anchors, sigma_rad=0.00872665
I20260807 17:05:04.643958 0x20b9da080 official_bundle_adjustment_ceres.cc:923] [AETHER] solver_used=DENSE_SCHUR sparse_backend=EIGEN_SPARSE dense_backend=EIGEN mixed=0 threads=1
I20260807 17:05:04.645940 0x20b9da080 official_bundle_adjustment_ceres.cc:1434] [AETHER gravity] injected 2/2 roll/pitch anchors, sigma_rad=0.00872665
I20260807 17:05:04.645998 0x20b9da080 official_bundle_adjustment_ceres.cc:923] [AETHER] solver_used=DENSE_SCHUR sparse_backend=EIGEN_SPARSE dense_backend=EIGEN mixed=0 threads=1
I20260807 17:05:04.877180 0x20b9da080 database_cache.cc:72] Loading rigs...
I20260807 17:05:04.877209 0x20b9da080 database_cache.cc:82]  0 in 0.000s
I20260807 17:05:04.877217 0x20b9da080 database_cache.cc:90] Loading cameras...
I20260807 17:05:04.877245 0x20b9da080 database_cache.cc:108]  57 in 0.000s
I20260807 17:05:04.877249 0x20b9da080 database_cache.cc:116] Loading frames...
I20260807 17:05:04.877255 0x20b9da080 database_cache.cc:126]  0 in 0.000s
I20260807 17:05:04.877259 0x20b9da080 database_cache.cc:134] Loading matches...
I20260807 17:05:04.877751 0x20b9da080 database_cache.cc:139]  622 in 0.000s
I20260807 17:05:04.877756 0x20b9da080 database_cache.cc:147] Loading images...
I20260807 17:05:04.881629 0x20b9da080 database_cache.cc:236]  57 in 0.004s (loaded all 57)
I20260807 17:05:04.881640 0x20b9da080 database_cache.cc:255] Loading pose priors...
I20260807 17:05:04.881647 0x20b9da080 database_cache.cc:263]  0 in 0.000s
I20260807 17:05:04.881651 0x20b9da080 database_cache.cc:271] Building correspondence graph...
I20260807 17:05:04.889579 0x20b9da080 database_cache.cc:300]  in 0.008s (ignored 0)
I20260807 17:05:04.900373 0x20b9da080 official_bundle_adjustment_ceres.cc:1434] [AETHER gravity] injected 2/2 roll/pitch anchors, sigma_rad=0.00872665
I20260807 17:05:04.901759 0x20b9da080 official_bundle_adjustment_ceres.cc:923] [AETHER] solver_used=DENSE_SCHUR sparse_backend=EIGEN_SPARSE dense_backend=EIGEN mixed=0 threads=1
I20260807 17:05:04.907453 0x20b9da080 official_bundle_adjustment_ceres.cc:1434] [AETHER gravity] injected 2/2 roll/pitch anchors, sigma_rad=0.00872665
I20260807 17:05:04.907975 0x20b9da080 official_bundle_adjustment_ceres.cc:923] [AETHER] solver_used=DENSE_SCHUR sparse_backend=EIGEN_SPARSE dense_backend=EIGEN mixed=0 threads=1
I20260807 17:05:05.141672 0x20b9da080 database_cache.cc:72] Loading rigs...
I20260807 17:05:05.141700 0x20b9da080 database_cache.cc:82]  0 in 0.000s
I20260807 17:05:05.141706 0x20b9da080 database_cache.cc:90] Loading cameras...
I20260807 17:05:05.141732 0x20b9da080 database_cache.cc:108]  58 in 0.000s
I20260807 17:05:05.141735 0x20b9da080 database_cache.cc:116] Loading frames...
I20260807 17:05:05.141741 0x20b9da080 database_cache.cc:126]  0 in 0.000s
I20260807 17:05:05.141744 0x20b9da080 database_cache.cc:134] Loading matches...
I20260807 17:05:05.142234 0x20b9da080 database_cache.cc:139]  634 in 0.000s
I20260807 17:05:05.142239 0x20b9da080 database_cache.cc:147] Loading images...
I20260807 17:05:05.146137 0x20b9da080 database_cache.cc:236]  58 in 0.004s (loaded all 58)
I20260807 17:05:05.146147 0x20b9da080 database_cache.cc:255] Loading pose priors...
I20260807 17:05:05.146154 0x20b9da080 database_cache.cc:263]  0 in 0.000s
I20260807 17:05:05.146157 0x20b9da080 database_cache.cc:271] Building correspondence graph...
I20260807 17:05:05.154208 0x20b9da080 database_cache.cc:300]  in 0.008s (ignored 0)
I20260807 17:05:05.428500 0x20b9da080 database_cache.cc:72] Loading rigs...
I20260807 17:05:05.428518 0x20b9da080 database_cache.cc:82]  0 in 0.000s
I20260807 17:05:05.428523 0x20b9da080 database_cache.cc:90] Loading cameras...
I20260807 17:05:05.428547 0x20b9da080 database_cache.cc:108]  59 in 0.000s
I20260807 17:05:05.428552 0x20b9da080 database_cache.cc:116] Loading frames...
I20260807 17:05:05.428558 0x20b9da080 database_cache.cc:126]  0 in 0.000s
I20260807 17:05:05.428562 0x20b9da080 database_cache.cc:134] Loading matches...
I20260807 17:05:05.429008 0x20b9da080 database_cache.cc:139]  647 in 0.000s
I20260807 17:05:05.429013 0x20b9da080 database_cache.cc:147] Loading images...
I20260807 17:05:05.433228 0x20b9da080 database_cache.cc:236]  59 in 0.004s (loaded all 59)
I20260807 17:05:05.433256 0x20b9da080 database_cache.cc:255] Loading pose priors...
I20260807 17:05:05.433269 0x20b9da080 database_cache.cc:263]  0 in 0.000s
I20260807 17:05:05.433274 0x20b9da080 database_cache.cc:271] Building correspondence graph...
I20260807 17:05:05.441927 0x20b9da080 database_cache.cc:300]  in 0.009s (ignored 0)
I20260807 17:05:05.455600 0x20b9da080 official_bundle_adjustment_ceres.cc:1434] [AETHER gravity] injected 2/2 roll/pitch anchors, sigma_rad=0.00872665
I20260807 17:05:05.457447 0x20b9da080 official_bundle_adjustment_ceres.cc:923] [AETHER] solver_used=DENSE_SCHUR sparse_backend=EIGEN_SPARSE dense_backend=EIGEN mixed=0 threads=1
I20260807 17:05:05.463750 0x20b9da080 official_bundle_adjustment_ceres.cc:1434] [AETHER gravity] injected 2/2 roll/pitch anchors, sigma_rad=0.00872665
I20260807 17:05:05.464601 0x20b9da080 official_bundle_adjustment_ceres.cc:923] [AETHER] solver_used=DENSE_SCHUR sparse_backend=EIGEN_SPARSE dense_backend=EIGEN mixed=0 threads=1
I20260807 17:05:05.741157 0x20b9da080 database_cache.cc:72] Loading rigs...
I20260807 17:05:05.741176 0x20b9da080 database_cache.cc:82]  0 in 0.000s
I20260807 17:05:05.741185 0x20b9da080 database_cache.cc:90] Loading cameras...
I20260807 17:05:05.741207 0x20b9da080 database_cache.cc:108]  60 in 0.000s
I20260807 17:05:05.741211 0x20b9da080 database_cache.cc:116] Loading frames...
I20260807 17:05:05.741217 0x20b9da080 database_cache.cc:126]  0 in 0.000s
I20260807 17:05:05.741220 0x20b9da080 database_cache.cc:134] Loading matches...
I20260807 17:05:05.742433 0x20b9da080 database_cache.cc:139]  660 in 0.001s
I20260807 17:05:05.742437 0x20b9da080 database_cache.cc:147] Loading images...
I20260807 17:05:05.747206 0x20b9da080 database_cache.cc:236]  60 in 0.005s (loaded all 60)
I20260807 17:05:05.747221 0x20b9da080 database_cache.cc:255] Loading pose priors...
I20260807 17:05:05.747228 0x20b9da080 database_cache.cc:263]  0 in 0.000s
I20260807 17:05:05.747231 0x20b9da080 database_cache.cc:271] Building correspondence graph...
I20260807 17:05:05.755820 0x20b9da080 database_cache.cc:300]  in 0.009s (ignored 0)
I20260807 17:05:05.767290 0x20b9da080 official_bundle_adjustment_ceres.cc:1434] [AETHER gravity] injected 5/5 roll/pitch anchors, sigma_rad=0.00872665
I20260807 17:05:05.774044 0x20b9da080 official_bundle_adjustment_ceres.cc:923] [AETHER] solver_used=DENSE_SCHUR sparse_backend=EIGEN_SPARSE dense_backend=EIGEN mixed=0 threads=1
I20260807 17:05:05.777272 0x20b9da080 official_bundle_adjustment_ceres.cc:1434] [AETHER gravity] injected 5/5 roll/pitch anchors, sigma_rad=0.00872665
I20260807 17:05:05.787386 0x20b9da080 official_bundle_adjustment_ceres.cc:923] [AETHER] solver_used=DENSE_SCHUR sparse_backend=EIGEN_SPARSE dense_backend=EIGEN mixed=0 threads=1
I20260807 17:05:05.985708 0x20b9da080 database_cache.cc:72] Loading rigs...
I20260807 17:05:05.985726 0x20b9da080 database_cache.cc:82]  0 in 0.000s
I20260807 17:05:05.985731 0x20b9da080 database_cache.cc:90] Loading cameras...
I20260807 17:05:05.985754 0x20b9da080 database_cache.cc:108]  61 in 0.000s
I20260807 17:05:05.985758 0x20b9da080 database_cache.cc:116] Loading frames...
I20260807 17:05:05.985765 0x20b9da080 database_cache.cc:126]  0 in 0.000s
I20260807 17:05:05.985768 0x20b9da080 database_cache.cc:134] Loading matches...
I20260807 17:05:05.988496 0x20b9da080 database_cache.cc:139]  672 in 0.003s
I20260807 17:05:05.988510 0x20b9da080 database_cache.cc:147] Loading images...
I20260807 17:05:05.992602 0x20b9da080 database_cache.cc:236]  61 in 0.004s (loaded all 61)
I20260807 17:05:05.992614 0x20b9da080 database_cache.cc:255] Loading pose priors...
I20260807 17:05:05.992621 0x20b9da080 database_cache.cc:263]  0 in 0.000s
I20260807 17:05:05.992626 0x20b9da080 database_cache.cc:271] Building correspondence graph...
I20260807 17:05:06.001033 0x20b9da080 database_cache.cc:300]  in 0.008s (ignored 0)
I20260807 17:05:06.009581 0x20b9da080 official_bundle_adjustment_ceres.cc:1434] [AETHER gravity] injected 6/6 roll/pitch anchors, sigma_rad=0.00872665
I20260807 17:05:06.024846 0x20b9da080 official_bundle_adjustment_ceres.cc:923] [AETHER] solver_used=DENSE_SCHUR sparse_backend=EIGEN_SPARSE dense_backend=EIGEN mixed=0 threads=1
I20260807 17:05:06.027443 0x20b9da080 official_bundle_adjustment_ceres.cc:1434] [AETHER gravity] injected 5/5 roll/pitch anchors, sigma_rad=0.00872665
I20260807 17:05:06.040020 0x20b9da080 official_bundle_adjustment_ceres.cc:923] [AETHER] solver_used=DENSE_SCHUR sparse_backend=EIGEN_SPARSE dense_backend=EIGEN mixed=0 threads=1
I20260807 17:05:06.251269 0x20b9da080 database_cache.cc:72] Loading rigs...
I20260807 17:05:06.251287 0x20b9da080 database_cache.cc:82]  0 in 0.000s
I20260807 17:05:06.251293 0x20b9da080 database_cache.cc:90] Loading cameras...
I20260807 17:05:06.251318 0x20b9da080 database_cache.cc:108]  62 in 0.000s
I20260807 17:05:06.251323 0x20b9da080 database_cache.cc:116] Loading frames...
I20260807 17:05:06.251329 0x20b9da080 database_cache.cc:126]  0 in 0.000s
I20260807 17:05:06.251332 0x20b9da080 database_cache.cc:134] Loading matches...
I20260807 17:05:06.251864 0x20b9da080 database_cache.cc:139]  684 in 0.001s
I20260807 17:05:06.251869 0x20b9da080 database_cache.cc:147] Loading images...
I20260807 17:05:06.256420 0x20b9da080 database_cache.cc:236]  62 in 0.005s (loaded all 62)
I20260807 17:05:06.256460 0x20b9da080 database_cache.cc:255] Loading pose priors...
I20260807 17:05:06.256475 0x20b9da080 database_cache.cc:263]  0 in 0.000s
I20260807 17:05:06.256486 0x20b9da080 database_cache.cc:271] Building correspondence graph...
I20260807 17:05:06.265005 0x20b9da080 database_cache.cc:300]  in 0.009s (ignored 0)
I20260807 17:05:06.272857 0x20b9da080 official_bundle_adjustment_ceres.cc:1434] [AETHER gravity] injected 3/3 roll/pitch anchors, sigma_rad=0.00872665
I20260807 17:05:06.274533 0x20b9da080 official_bundle_adjustment_ceres.cc:923] [AETHER] solver_used=DENSE_SCHUR sparse_backend=EIGEN_SPARSE dense_backend=EIGEN mixed=0 threads=1
I20260807 17:05:06.276498 0x20b9da080 official_bundle_adjustment_ceres.cc:1434] [AETHER gravity] injected 4/4 roll/pitch anchors, sigma_rad=0.00872665
I20260807 17:05:06.277265 0x20b9da080 official_bundle_adjustment_ceres.cc:923] [AETHER] solver_used=DENSE_SCHUR sparse_backend=EIGEN_SPARSE dense_backend=EIGEN mixed=0 threads=1
I20260807 17:05:06.462020 0x20b9da080 database_cache.cc:72] Loading rigs...
I20260807 17:05:06.462039 0x20b9da080 database_cache.cc:82]  0 in 0.000s
I20260807 17:05:06.462045 0x20b9da080 database_cache.cc:90] Loading cameras...
I20260807 17:05:06.462068 0x20b9da080 database_cache.cc:108]  63 in 0.000s
I20260807 17:05:06.462072 0x20b9da080 database_cache.cc:116] Loading frames...
I20260807 17:05:06.462077 0x20b9da080 database_cache.cc:126]  0 in 0.000s
I20260807 17:05:06.462081 0x20b9da080 database_cache.cc:134] Loading matches...
I20260807 17:05:06.462552 0x20b9da080 database_cache.cc:139]  695 in 0.000s
I20260807 17:05:06.462557 0x20b9da080 database_cache.cc:147] Loading images...
I20260807 17:05:06.466860 0x20b9da080 database_cache.cc:236]  63 in 0.004s (loaded all 63)
I20260807 17:05:06.466872 0x20b9da080 database_cache.cc:255] Loading pose priors...
I20260807 17:05:06.466879 0x20b9da080 database_cache.cc:263]  0 in 0.000s
I20260807 17:05:06.466883 0x20b9da080 database_cache.cc:271] Building correspondence graph...
I20260807 17:05:06.475860 0x20b9da080 database_cache.cc:300]  in 0.009s (ignored 0)
I20260807 17:05:06.483328 0x20b9da080 official_bundle_adjustment_ceres.cc:1434] [AETHER gravity] injected 3/3 roll/pitch anchors, sigma_rad=0.00872665
I20260807 17:05:06.484641 0x20b9da080 official_bundle_adjustment_ceres.cc:923] [AETHER] solver_used=DENSE_SCHUR sparse_backend=EIGEN_SPARSE dense_backend=EIGEN mixed=0 threads=1
I20260807 17:05:06.486514 0x20b9da080 official_bundle_adjustment_ceres.cc:1434] [AETHER gravity] injected 3/3 roll/pitch anchors, sigma_rad=0.00872665
I20260807 17:05:06.488715 0x20b9da080 official_bundle_adjustment_ceres.cc:923] [AETHER] solver_used=DENSE_SCHUR sparse_backend=EIGEN_SPARSE dense_backend=EIGEN mixed=0 threads=1
I20260807 17:05:06.647332 0x20b9da080 database_cache.cc:72] Loading rigs...
I20260807 17:05:06.647697 0x20b9da080 database_cache.cc:82]  0 in 0.000s
I20260807 17:05:06.647705 0x20b9da080 database_cache.cc:90] Loading cameras...
I20260807 17:05:06.647732 0x20b9da080 database_cache.cc:108]  64 in 0.000s
I20260807 17:05:06.647737 0x20b9da080 database_cache.cc:116] Loading frames...
I20260807 17:05:06.647744 0x20b9da080 database_cache.cc:126]  0 in 0.000s
I20260807 17:05:06.647748 0x20b9da080 database_cache.cc:134] Loading matches...
I20260807 17:05:06.649419 0x20b9da080 database_cache.cc:139]  703 in 0.002s
I20260807 17:05:06.649437 0x20b9da080 database_cache.cc:147] Loading images...
I20260807 17:05:06.656254 0x20b9da080 database_cache.cc:236]  64 in 0.007s (loaded all 64)
I20260807 17:05:06.656284 0x20b9da080 database_cache.cc:255] Loading pose priors...
I20260807 17:05:06.656293 0x20b9da080 database_cache.cc:263]  0 in 0.000s
I20260807 17:05:06.656298 0x20b9da080 database_cache.cc:271] Building correspondence graph...
I20260807 17:05:06.665528 0x20b9da080 database_cache.cc:300]  in 0.009s (ignored 0)
I20260807 17:05:06.673250 0x20b9da080 official_bundle_adjustment_ceres.cc:1434] [AETHER gravity] injected 3/3 roll/pitch anchors, sigma_rad=0.00872665
I20260807 17:05:06.683667 0x20b9da080 official_bundle_adjustment_ceres.cc:923] [AETHER] solver_used=DENSE_SCHUR sparse_backend=EIGEN_SPARSE dense_backend=EIGEN mixed=0 threads=1
I20260807 17:05:06.685762 0x20b9da080 official_bundle_adjustment_ceres.cc:1434] [AETHER gravity] injected 3/3 roll/pitch anchors, sigma_rad=0.00872665
I20260807 17:05:06.697621 0x20b9da080 official_bundle_adjustment_ceres.cc:923] [AETHER] solver_used=DENSE_SCHUR sparse_backend=EIGEN_SPARSE dense_backend=EIGEN mixed=0 threads=1
I20260807 17:05:06.928302 0x20b9da080 database_cache.cc:72] Loading rigs...
I20260807 17:05:06.928327 0x20b9da080 database_cache.cc:82]  0 in 0.000s
I20260807 17:05:06.928335 0x20b9da080 database_cache.cc:90] Loading cameras...
I20260807 17:05:06.928369 0x20b9da080 database_cache.cc:108]  65 in 0.000s
I20260807 17:05:06.928375 0x20b9da080 database_cache.cc:116] Loading frames...
I20260807 17:05:06.928383 0x20b9da080 database_cache.cc:126]  0 in 0.000s
I20260807 17:05:06.928391 0x20b9da080 database_cache.cc:134] Loading matches...
I20260807 17:05:06.928936 0x20b9da080 database_cache.cc:139]  717 in 0.001s
I20260807 17:05:06.928949 0x20b9da080 database_cache.cc:147] Loading images...
I20260807 17:05:06.933778 0x20b9da080 database_cache.cc:236]  65 in 0.005s (loaded all 65)
I20260807 17:05:06.933795 0x20b9da080 database_cache.cc:255] Loading pose priors...
I20260807 17:05:06.933804 0x20b9da080 database_cache.cc:263]  0 in 0.000s
I20260807 17:05:06.933810 0x20b9da080 database_cache.cc:271] Building correspondence graph...
I20260807 17:05:06.943269 0x20b9da080 database_cache.cc:300]  in 0.009s (ignored 0)
I20260807 17:05:06.952049 0x20b9da080 official_bundle_adjustment_ceres.cc:1434] [AETHER gravity] injected 4/4 roll/pitch anchors, sigma_rad=0.00872665
I20260807 17:05:06.960698 0x20b9da080 official_bundle_adjustment_ceres.cc:923] [AETHER] solver_used=DENSE_SCHUR sparse_backend=EIGEN_SPARSE dense_backend=EIGEN mixed=0 threads=1
I20260807 17:05:06.963109 0x20b9da080 official_bundle_adjustment_ceres.cc:1434] [AETHER gravity] injected 5/5 roll/pitch anchors, sigma_rad=0.00872665
I20260807 17:05:06.969166 0x20b9da080 official_bundle_adjustment_ceres.cc:923] [AETHER] solver_used=DENSE_SCHUR sparse_backend=EIGEN_SPARSE dense_backend=EIGEN mixed=0 threads=1
I20260807 17:05:07.217089 0x20b9da080 database_cache.cc:72] Loading rigs...
I20260807 17:05:07.217113 0x20b9da080 database_cache.cc:82]  0 in 0.000s
I20260807 17:05:07.217120 0x20b9da080 database_cache.cc:90] Loading cameras...
I20260807 17:05:07.217146 0x20b9da080 database_cache.cc:108]  66 in 0.000s
I20260807 17:05:07.217151 0x20b9da080 database_cache.cc:116] Loading frames...
I20260807 17:05:07.217158 0x20b9da080 database_cache.cc:126]  0 in 0.000s
I20260807 17:05:07.217162 0x20b9da080 database_cache.cc:134] Loading matches...
I20260807 17:05:07.217907 0x20b9da080 database_cache.cc:139]  735 in 0.001s
I20260807 17:05:07.217917 0x20b9da080 database_cache.cc:147] Loading images...
I20260807 17:05:07.222697 0x20b9da080 database_cache.cc:236]  66 in 0.005s (loaded all 66)
I20260807 17:05:07.222730 0x20b9da080 database_cache.cc:255] Loading pose priors...
I20260807 17:05:07.222747 0x20b9da080 database_cache.cc:263]  0 in 0.000s
I20260807 17:05:07.222752 0x20b9da080 database_cache.cc:271] Building correspondence graph...
I20260807 17:05:07.231734 0x20b9da080 database_cache.cc:300]  in 0.009s (ignored 0)
I20260807 17:05:07.436031 0x20b9da080 database_cache.cc:72] Loading rigs...
I20260807 17:05:07.436054 0x20b9da080 database_cache.cc:82]  0 in 0.000s
I20260807 17:05:07.436060 0x20b9da080 database_cache.cc:90] Loading cameras...
I20260807 17:05:07.436089 0x20b9da080 database_cache.cc:108]  67 in 0.000s
I20260807 17:05:07.436095 0x20b9da080 database_cache.cc:116] Loading frames...
I20260807 17:05:07.436104 0x20b9da080 database_cache.cc:126]  0 in 0.000s
I20260807 17:05:07.436108 0x20b9da080 database_cache.cc:134] Loading matches...
I20260807 17:05:07.436626 0x20b9da080 database_cache.cc:139]  750 in 0.001s
I20260807 17:05:07.436637 0x20b9da080 database_cache.cc:147] Loading images...
I20260807 17:05:07.441447 0x20b9da080 database_cache.cc:236]  67 in 0.005s (loaded all 67)
I20260807 17:05:07.441467 0x20b9da080 database_cache.cc:255] Loading pose priors...
I20260807 17:05:07.441476 0x20b9da080 database_cache.cc:263]  0 in 0.000s
I20260807 17:05:07.441481 0x20b9da080 database_cache.cc:271] Building correspondence graph...
I20260807 17:05:07.450507 0x20b9da080 database_cache.cc:300]  in 0.009s (ignored 0)
I20260807 17:05:07.458616 0x20b9da080 official_bundle_adjustment_ceres.cc:1434] [AETHER gravity] injected 2/2 roll/pitch anchors, sigma_rad=0.00872665
W20260807 17:05:07.459168 0x20b9da080 levenberg_marquardt_strategy.cc:123] Linear solver failure. Failed to compute a step: Eigen failure. Unable to perform dense Cholesky factorization.
W20260807 17:05:07.459180 0x20b9da080 levenberg_marquardt_strategy.cc:123] Linear solver failure. Failed to compute a step: Eigen failure. Unable to perform dense Cholesky factorization.
I20260807 17:05:07.459240 0x20b9da080 official_bundle_adjustment_ceres.cc:923] [AETHER] solver_used=DENSE_SCHUR sparse_backend=EIGEN_SPARSE dense_backend=EIGEN mixed=0 threads=1
I20260807 17:05:07.460860 0x20b9da080 official_bundle_adjustment_ceres.cc:1434] [AETHER gravity] injected 2/2 roll/pitch anchors, sigma_rad=0.00872665
W20260807 17:05:07.460952 0x20b9da080 levenberg_marquardt_strategy.cc:123] Linear solver failure. Failed to compute a step: Eigen failure. Unable to perform dense Cholesky factorization.
W20260807 17:05:07.460979 0x20b9da080 levenberg_marquardt_strategy.cc:123] Linear solver failure. Failed to compute a step: Eigen failure. Unable to perform dense Cholesky factorization.
W20260807 17:05:07.460989 0x20b9da080 levenberg_marquardt_strategy.cc:123] Linear solver failure. Failed to compute a step: Eigen failure. Unable to perform dense Cholesky factorization.
W20260807 17:05:07.461007 0x20b9da080 levenberg_marquardt_strategy.cc:123] Linear solver failure. Failed to compute a step: Eigen failure. Unable to perform dense Cholesky factorization.
W20260807 17:05:07.461014 0x20b9da080 levenberg_marquardt_strategy.cc:123] Linear solver failure. Failed to compute a step: Eigen failure. Unable to perform dense Cholesky factorization.
W20260807 17:05:07.461031 0x20b9da080 levenberg_marquardt_strategy.cc:123] Linear solver failure. Failed to compute a step: Eigen failure. Unable to perform dense Cholesky factorization.
W20260807 17:05:07.461036 0x20b9da080 levenberg_marquardt_strategy.cc:123] Linear solver failure. Failed to compute a step: Eigen failure. Unable to perform dense Cholesky factorization.
I20260807 17:05:07.461055 0x20b9da080 official_bundle_adjustment_ceres.cc:923] [AETHER] solver_used=DENSE_SCHUR sparse_backend=EIGEN_SPARSE dense_backend=EIGEN mixed=0 threads=1
I20260807 17:05:07.618561 0x20b9da080 database_cache.cc:72] Loading rigs...
I20260807 17:05:07.618585 0x20b9da080 database_cache.cc:82]  0 in 0.000s
I20260807 17:05:07.618592 0x20b9da080 database_cache.cc:90] Loading cameras...
I20260807 17:05:07.618617 0x20b9da080 database_cache.cc:108]  68 in 0.000s
I20260807 17:05:07.618622 0x20b9da080 database_cache.cc:116] Loading frames...
I20260807 17:05:07.618629 0x20b9da080 database_cache.cc:126]  0 in 0.000s
I20260807 17:05:07.618633 0x20b9da080 database_cache.cc:134] Loading matches...
I20260807 17:05:07.619138 0x20b9da080 database_cache.cc:139]  756 in 0.001s
I20260807 17:05:07.619143 0x20b9da080 database_cache.cc:147] Loading images...
I20260807 17:05:07.623947 0x20b9da080 database_cache.cc:236]  68 in 0.005s (loaded all 68)
I20260807 17:05:07.623977 0x20b9da080 database_cache.cc:255] Loading pose priors...
I20260807 17:05:07.623993 0x20b9da080 database_cache.cc:263]  0 in 0.000s
I20260807 17:05:07.623998 0x20b9da080 database_cache.cc:271] Building correspondence graph...
I20260807 17:05:07.633261 0x20b9da080 database_cache.cc:300]  in 0.009s (ignored 0)
I20260807 17:05:07.640226 0x20b9da080 official_bundle_adjustment_ceres.cc:1434] [AETHER gravity] injected 2/2 roll/pitch anchors, sigma_rad=0.00872665
I20260807 17:05:07.640584 0x20b9da080 official_bundle_adjustment_ceres.cc:923] [AETHER] solver_used=DENSE_SCHUR sparse_backend=EIGEN_SPARSE dense_backend=EIGEN mixed=0 threads=1
I20260807 17:05:07.641937 0x20b9da080 official_bundle_adjustment_ceres.cc:1434] [AETHER gravity] injected 2/2 roll/pitch anchors, sigma_rad=0.00872665
I20260807 17:05:07.642195 0x20b9da080 official_bundle_adjustment_ceres.cc:923] [AETHER] solver_used=DENSE_SCHUR sparse_backend=EIGEN_SPARSE dense_backend=EIGEN mixed=0 threads=1
I20260807 17:05:07.745720 0x20b9da080 database_cache.cc:72] Loading rigs...
I20260807 17:05:07.745738 0x20b9da080 database_cache.cc:82]  0 in 0.000s
I20260807 17:05:07.745743 0x20b9da080 database_cache.cc:90] Loading cameras...
I20260807 17:05:07.745768 0x20b9da080 database_cache.cc:108]  69 in 0.000s
I20260807 17:05:07.745772 0x20b9da080 database_cache.cc:116] Loading frames...
I20260807 17:05:07.745779 0x20b9da080 database_cache.cc:126]  0 in 0.000s
I20260807 17:05:07.745782 0x20b9da080 database_cache.cc:134] Loading matches...
I20260807 17:05:07.746289 0x20b9da080 database_cache.cc:139]  761 in 0.001s
I20260807 17:05:07.746294 0x20b9da080 database_cache.cc:147] Loading images...
I20260807 17:05:07.750995 0x20b9da080 database_cache.cc:236]  69 in 0.005s (loaded all 69)
I20260807 17:05:07.751009 0x20b9da080 database_cache.cc:255] Loading pose priors...
I20260807 17:05:07.751017 0x20b9da080 database_cache.cc:263]  0 in 0.000s
I20260807 17:05:07.751021 0x20b9da080 database_cache.cc:271] Building correspondence graph...
I20260807 17:05:07.760572 0x20b9da080 database_cache.cc:300]  in 0.010s (ignored 0)
I20260807 17:05:07.767585 0x20b9da080 official_bundle_adjustment_ceres.cc:1434] [AETHER gravity] injected 3/3 roll/pitch anchors, sigma_rad=0.00872665
I20260807 17:05:07.771827 0x20b9da080 official_bundle_adjustment_ceres.cc:923] [AETHER] solver_used=DENSE_SCHUR sparse_backend=EIGEN_SPARSE dense_backend=EIGEN mixed=0 threads=1
I20260807 17:05:07.773408 0x20b9da080 official_bundle_adjustment_ceres.cc:1434] [AETHER gravity] injected 4/4 roll/pitch anchors, sigma_rad=0.00872665
I20260807 17:05:07.778168 0x20b9da080 official_bundle_adjustment_ceres.cc:923] [AETHER] solver_used=DENSE_SCHUR sparse_backend=EIGEN_SPARSE dense_backend=EIGEN mixed=0 threads=1
I20260807 17:05:08.056946 0x20b9da080 database_cache.cc:72] Loading rigs...
I20260807 17:05:08.056970 0x20b9da080 database_cache.cc:82]  0 in 0.000s
I20260807 17:05:08.056977 0x20b9da080 database_cache.cc:90] Loading cameras...
I20260807 17:05:08.057003 0x20b9da080 database_cache.cc:108]  70 in 0.000s
I20260807 17:05:08.057008 0x20b9da080 database_cache.cc:116] Loading frames...
I20260807 17:05:08.057014 0x20b9da080 database_cache.cc:126]  0 in 0.000s
I20260807 17:05:08.057018 0x20b9da080 database_cache.cc:134] Loading matches...
I20260807 17:05:08.057529 0x20b9da080 database_cache.cc:139]  779 in 0.001s
I20260807 17:05:08.057534 0x20b9da080 database_cache.cc:147] Loading images...
I20260807 17:05:08.062292 0x20b9da080 database_cache.cc:236]  70 in 0.005s (loaded all 70)
I20260807 17:05:08.062308 0x20b9da080 database_cache.cc:255] Loading pose priors...
I20260807 17:05:08.062316 0x20b9da080 database_cache.cc:263]  0 in 0.000s
I20260807 17:05:08.062320 0x20b9da080 database_cache.cc:271] Building correspondence graph...
I20260807 17:05:08.072118 0x20b9da080 database_cache.cc:300]  in 0.010s (ignored 0)
I20260807 17:05:08.080947 0x20b9da080 official_bundle_adjustment_ceres.cc:1434] [AETHER gravity] injected 5/5 roll/pitch anchors, sigma_rad=0.00872665
I20260807 17:05:08.088429 0x20b9da080 official_bundle_adjustment_ceres.cc:923] [AETHER] solver_used=DENSE_SCHUR sparse_backend=EIGEN_SPARSE dense_backend=EIGEN mixed=0 threads=1
I20260807 17:05:08.090916 0x20b9da080 official_bundle_adjustment_ceres.cc:1434] [AETHER gravity] injected 5/5 roll/pitch anchors, sigma_rad=0.00872665
I20260807 17:05:08.097222 0x20b9da080 official_bundle_adjustment_ceres.cc:923] [AETHER] solver_used=DENSE_SCHUR sparse_backend=EIGEN_SPARSE dense_backend=EIGEN mixed=0 threads=1
I20260807 17:05:08.422773 0x20b9da080 database_cache.cc:72] Loading rigs...
I20260807 17:05:08.422797 0x20b9da080 database_cache.cc:82]  0 in 0.000s
I20260807 17:05:08.422804 0x20b9da080 database_cache.cc:90] Loading cameras...
I20260807 17:05:08.422830 0x20b9da080 database_cache.cc:108]  71 in 0.000s
I20260807 17:05:08.422835 0x20b9da080 database_cache.cc:116] Loading frames...
I20260807 17:05:08.422841 0x20b9da080 database_cache.cc:126]  0 in 0.000s
I20260807 17:05:08.422845 0x20b9da080 database_cache.cc:134] Loading matches...
I20260807 17:05:08.423625 0x20b9da080 database_cache.cc:139]  800 in 0.001s
I20260807 17:05:08.423636 0x20b9da080 database_cache.cc:147] Loading images...
I20260807 17:05:08.428449 0x20b9da080 database_cache.cc:236]  71 in 0.005s (loaded all 71)
I20260807 17:05:08.428463 0x20b9da080 database_cache.cc:255] Loading pose priors...
I20260807 17:05:08.428472 0x20b9da080 database_cache.cc:263]  0 in 0.000s
I20260807 17:05:08.428477 0x20b9da080 database_cache.cc:271] Building correspondence graph...
I20260807 17:05:08.438532 0x20b9da080 database_cache.cc:300]  in 0.010s (ignored 0)
I20260807 17:05:08.449556 0x20b9da080 official_bundle_adjustment_ceres.cc:1434] [AETHER gravity] injected 6/6 roll/pitch anchors, sigma_rad=0.00872665
I20260807 17:05:08.459346 0x20b9da080 official_bundle_adjustment_ceres.cc:923] [AETHER] solver_used=DENSE_SCHUR sparse_backend=EIGEN_SPARSE dense_backend=EIGEN mixed=0 threads=1
I20260807 17:05:08.463166 0x20b9da080 official_bundle_adjustment_ceres.cc:1434] [AETHER gravity] injected 5/5 roll/pitch anchors, sigma_rad=0.00872665
I20260807 17:05:08.470336 0x20b9da080 official_bundle_adjustment_ceres.cc:923] [AETHER] solver_used=DENSE_SCHUR sparse_backend=EIGEN_SPARSE dense_backend=EIGEN mixed=0 threads=1
I20260807 17:05:08.789597 0x20b9da080 database_cache.cc:72] Loading rigs...
I20260807 17:05:08.789625 0x20b9da080 database_cache.cc:82]  0 in 0.000s
I20260807 17:05:08.789636 0x20b9da080 database_cache.cc:90] Loading cameras...
I20260807 17:05:08.789662 0x20b9da080 database_cache.cc:108]  72 in 0.000s
I20260807 17:05:08.789667 0x20b9da080 database_cache.cc:116] Loading frames...
I20260807 17:05:08.789674 0x20b9da080 database_cache.cc:126]  0 in 0.000s
I20260807 17:05:08.789678 0x20b9da080 database_cache.cc:134] Loading matches...
I20260807 17:05:08.790269 0x20b9da080 database_cache.cc:139]  822 in 0.001s
I20260807 17:05:08.790274 0x20b9da080 database_cache.cc:147] Loading images...
I20260807 17:05:08.795222 0x20b9da080 database_cache.cc:236]  72 in 0.005s (loaded all 72)
I20260807 17:05:08.795235 0x20b9da080 database_cache.cc:255] Loading pose priors...
I20260807 17:05:08.795244 0x20b9da080 database_cache.cc:263]  0 in 0.000s
I20260807 17:05:08.795249 0x20b9da080 database_cache.cc:271] Building correspondence graph...
I20260807 17:05:08.805270 0x20b9da080 database_cache.cc:300]  in 0.010s (ignored 0)
I20260807 17:05:08.816144 0x20b9da080 official_bundle_adjustment_ceres.cc:1434] [AETHER gravity] injected 6/6 roll/pitch anchors, sigma_rad=0.00872665
I20260807 17:05:08.827196 0x20b9da080 official_bundle_adjustment_ceres.cc:923] [AETHER] solver_used=DENSE_SCHUR sparse_backend=EIGEN_SPARSE dense_backend=EIGEN mixed=0 threads=1
I20260807 17:05:08.831485 0x20b9da080 official_bundle_adjustment_ceres.cc:1434] [AETHER gravity] injected 5/5 roll/pitch anchors, sigma_rad=0.00872665
I20260807 17:05:08.835631 0x20b9da080 official_bundle_adjustment_ceres.cc:923] [AETHER] solver_used=DENSE_SCHUR sparse_backend=EIGEN_SPARSE dense_backend=EIGEN mixed=0 threads=1
I20260807 17:05:09.130971 0x20b9da080 database_cache.cc:72] Loading rigs...
I20260807 17:05:09.130998 0x20b9da080 database_cache.cc:82]  0 in 0.000s
I20260807 17:05:09.131007 0x20b9da080 database_cache.cc:90] Loading cameras...
I20260807 17:05:09.131035 0x20b9da080 database_cache.cc:108]  73 in 0.000s
I20260807 17:05:09.131040 0x20b9da080 database_cache.cc:116] Loading frames...
I20260807 17:05:09.131047 0x20b9da080 database_cache.cc:126]  0 in 0.000s
I20260807 17:05:09.131051 0x20b9da080 database_cache.cc:134] Loading matches...
I20260807 17:05:09.132813 0x20b9da080 database_cache.cc:139]  844 in 0.002s
I20260807 17:05:09.132820 0x20b9da080 database_cache.cc:147] Loading images...
I20260807 17:05:09.138224 0x20b9da080 database_cache.cc:236]  73 in 0.005s (loaded all 73)
I20260807 17:05:09.138279 0x20b9da080 database_cache.cc:255] Loading pose priors...
I20260807 17:05:09.138302 0x20b9da080 database_cache.cc:263]  0 in 0.000s
I20260807 17:05:09.138314 0x20b9da080 database_cache.cc:271] Building correspondence graph...
I20260807 17:05:09.149087 0x20b9da080 database_cache.cc:300]  in 0.011s (ignored 0)
I20260807 17:05:09.160719 0x20b9da080 official_bundle_adjustment_ceres.cc:1434] [AETHER gravity] injected 4/4 roll/pitch anchors, sigma_rad=0.00872665
I20260807 17:05:09.168726 0x20b9da080 official_bundle_adjustment_ceres.cc:923] [AETHER] solver_used=DENSE_SCHUR sparse_backend=EIGEN_SPARSE dense_backend=EIGEN mixed=0 threads=1
I20260807 17:05:09.172267 0x20b9da080 official_bundle_adjustment_ceres.cc:1434] [AETHER gravity] injected 4/4 roll/pitch anchors, sigma_rad=0.00872665
I20260807 17:05:09.175692 0x20b9da080 official_bundle_adjustment_ceres.cc:923] [AETHER] solver_used=DENSE_SCHUR sparse_backend=EIGEN_SPARSE dense_backend=EIGEN mixed=0 threads=1
I20260807 17:05:09.413392 0x20b9da080 database_cache.cc:72] Loading rigs...
I20260807 17:05:09.413414 0x20b9da080 database_cache.cc:82]  0 in 0.000s
I20260807 17:05:09.413420 0x20b9da080 database_cache.cc:90] Loading cameras...
I20260807 17:05:09.413446 0x20b9da080 database_cache.cc:108]  74 in 0.000s
I20260807 17:05:09.413451 0x20b9da080 database_cache.cc:116] Loading frames...
I20260807 17:05:09.413458 0x20b9da080 database_cache.cc:126]  0 in 0.000s
I20260807 17:05:09.413462 0x20b9da080 database_cache.cc:134] Loading matches...
I20260807 17:05:09.414019 0x20b9da080 database_cache.cc:139]  862 in 0.001s
I20260807 17:05:09.414024 0x20b9da080 database_cache.cc:147] Loading images...
I20260807 17:05:09.419144 0x20b9da080 database_cache.cc:236]  74 in 0.005s (loaded all 74)
I20260807 17:05:09.419162 0x20b9da080 database_cache.cc:255] Loading pose priors...
I20260807 17:05:09.419174 0x20b9da080 database_cache.cc:263]  0 in 0.000s
I20260807 17:05:09.419179 0x20b9da080 database_cache.cc:271] Building correspondence graph...
I20260807 17:05:09.429849 0x20b9da080 database_cache.cc:300]  in 0.011s (ignored 0)
I20260807 17:05:09.440193 0x20b9da080 official_bundle_adjustment_ceres.cc:1434] [AETHER gravity] injected 6/6 roll/pitch anchors, sigma_rad=0.00872665
I20260807 17:05:09.457222 0x20b9da080 official_bundle_adjustment_ceres.cc:923] [AETHER] solver_used=DENSE_SCHUR sparse_backend=EIGEN_SPARSE dense_backend=EIGEN mixed=0 threads=1
I20260807 17:05:09.460390 0x20b9da080 official_bundle_adjustment_ceres.cc:1434] [AETHER gravity] injected 6/6 roll/pitch anchors, sigma_rad=0.00872665
I20260807 17:05:09.477602 0x20b9da080 official_bundle_adjustment_ceres.cc:923] [AETHER] solver_used=DENSE_SCHUR sparse_backend=EIGEN_SPARSE dense_backend=EIGEN mixed=0 threads=1
I20260807 17:05:09.738386 0x20b9da080 database_cache.cc:72] Loading rigs...
I20260807 17:05:09.738412 0x20b9da080 database_cache.cc:82]  0 in 0.000s
I20260807 17:05:09.738419 0x20b9da080 database_cache.cc:90] Loading cameras...
I20260807 17:05:09.738446 0x20b9da080 database_cache.cc:108]  75 in 0.000s
I20260807 17:05:09.738451 0x20b9da080 database_cache.cc:116] Loading frames...
I20260807 17:05:09.738459 0x20b9da080 database_cache.cc:126]  0 in 0.000s
I20260807 17:05:09.738465 0x20b9da080 database_cache.cc:134] Loading matches...
I20260807 17:05:09.739054 0x20b9da080 database_cache.cc:139]  878 in 0.001s
I20260807 17:05:09.739060 0x20b9da080 database_cache.cc:147] Loading images...
I20260807 17:05:09.744270 0x20b9da080 database_cache.cc:236]  75 in 0.005s (loaded all 75)
I20260807 17:05:09.744292 0x20b9da080 database_cache.cc:255] Loading pose priors...
I20260807 17:05:09.744305 0x20b9da080 database_cache.cc:263]  0 in 0.000s
I20260807 17:05:09.744310 0x20b9da080 database_cache.cc:271] Building correspondence graph...
I20260807 17:05:09.754672 0x20b9da080 database_cache.cc:300]  in 0.010s (ignored 0)
I20260807 17:05:09.763600 0x20b9da080 official_bundle_adjustment_ceres.cc:1434] [AETHER gravity] injected 2/2 roll/pitch anchors, sigma_rad=0.00872665
I20260807 17:05:09.765345 0x20b9da080 official_bundle_adjustment_ceres.cc:923] [AETHER] solver_used=DENSE_SCHUR sparse_backend=EIGEN_SPARSE dense_backend=EIGEN mixed=0 threads=1
I20260807 17:05:09.767170 0x20b9da080 official_bundle_adjustment_ceres.cc:1434] [AETHER gravity] injected 2/2 roll/pitch anchors, sigma_rad=0.00872665
I20260807 17:05:09.768626 0x20b9da080 official_bundle_adjustment_ceres.cc:923] [AETHER] solver_used=DENSE_SCHUR sparse_backend=EIGEN_SPARSE dense_backend=EIGEN mixed=0 threads=1
  fed 75/201 frames (last n_kp=8192)
I20260807 17:05:09.961395 0x20b9da080 database_cache.cc:72] Loading rigs...
I20260807 17:05:09.961422 0x20b9da080 database_cache.cc:82]  0 in 0.000s
I20260807 17:05:09.961429 0x20b9da080 database_cache.cc:90] Loading cameras...
I20260807 17:05:09.961456 0x20b9da080 database_cache.cc:108]  76 in 0.000s
I20260807 17:05:09.961461 0x20b9da080 database_cache.cc:116] Loading frames...
I20260807 17:05:09.961468 0x20b9da080 database_cache.cc:126]  0 in 0.000s
I20260807 17:05:09.961472 0x20b9da080 database_cache.cc:134] Loading matches...
I20260807 17:05:09.962050 0x20b9da080 database_cache.cc:139]  892 in 0.001s
I20260807 17:05:09.962056 0x20b9da080 database_cache.cc:147] Loading images...
I20260807 17:05:09.967175 0x20b9da080 database_cache.cc:236]  76 in 0.005s (loaded all 76)
I20260807 17:05:09.967192 0x20b9da080 database_cache.cc:255] Loading pose priors...
I20260807 17:05:09.967204 0x20b9da080 database_cache.cc:263]  0 in 0.000s
I20260807 17:05:09.967208 0x20b9da080 database_cache.cc:271] Building correspondence graph...
I20260807 17:05:09.977742 0x20b9da080 database_cache.cc:300]  in 0.011s (ignored 0)
I20260807 17:05:10.149547 0x20b9da080 database_cache.cc:72] Loading rigs...
I20260807 17:05:10.149566 0x20b9da080 database_cache.cc:82]  0 in 0.000s
I20260807 17:05:10.149572 0x20b9da080 database_cache.cc:90] Loading cameras...
I20260807 17:05:10.149599 0x20b9da080 database_cache.cc:108]  77 in 0.000s
I20260807 17:05:10.149604 0x20b9da080 database_cache.cc:116] Loading frames...
I20260807 17:05:10.149610 0x20b9da080 database_cache.cc:126]  0 in 0.000s
I20260807 17:05:10.149614 0x20b9da080 database_cache.cc:134] Loading matches...
I20260807 17:05:10.150184 0x20b9da080 database_cache.cc:139]  901 in 0.001s
I20260807 17:05:10.150189 0x20b9da080 database_cache.cc:147] Loading images...
I20260807 17:05:10.155689 0x20b9da080 database_cache.cc:236]  77 in 0.006s (loaded all 77)
I20260807 17:05:10.155726 0x20b9da080 database_cache.cc:255] Loading pose priors...
I20260807 17:05:10.155746 0x20b9da080 database_cache.cc:263]  0 in 0.000s
I20260807 17:05:10.155754 0x20b9da080 database_cache.cc:271] Building correspondence graph...
I20260807 17:05:10.166234 0x20b9da080 database_cache.cc:300]  in 0.010s (ignored 0)
I20260807 17:05:10.174641 0x20b9da080 official_bundle_adjustment_ceres.cc:1434] [AETHER gravity] injected 3/3 roll/pitch anchors, sigma_rad=0.00872665
I20260807 17:05:10.178776 0x20b9da080 official_bundle_adjustment_ceres.cc:923] [AETHER] solver_used=DENSE_SCHUR sparse_backend=EIGEN_SPARSE dense_backend=EIGEN mixed=0 threads=1
I20260807 17:05:10.180156 0x20b9da080 official_bundle_adjustment_ceres.cc:1434] [AETHER gravity] injected 3/3 roll/pitch anchors, sigma_rad=0.00872665
I20260807 17:05:10.184792 0x20b9da080 official_bundle_adjustment_ceres.cc:923] [AETHER] solver_used=DENSE_SCHUR sparse_backend=EIGEN_SPARSE dense_backend=EIGEN mixed=0 threads=1
I20260807 17:05:10.324602 0x20b9da080 database_cache.cc:72] Loading rigs...
I20260807 17:05:10.324632 0x20b9da080 database_cache.cc:82]  0 in 0.000s
I20260807 17:05:10.324639 0x20b9da080 database_cache.cc:90] Loading cameras...
I20260807 17:05:10.324671 0x20b9da080 database_cache.cc:108]  78 in 0.000s
I20260807 17:05:10.324677 0x20b9da080 database_cache.cc:116] Loading frames...
I20260807 17:05:10.324684 0x20b9da080 database_cache.cc:126]  0 in 0.000s
I20260807 17:05:10.324689 0x20b9da080 database_cache.cc:134] Loading matches...
I20260807 17:05:10.327882 0x20b9da080 database_cache.cc:139]  908 in 0.003s
I20260807 17:05:10.327896 0x20b9da080 database_cache.cc:147] Loading images...
I20260807 17:05:10.333368 0x20b9da080 database_cache.cc:236]  78 in 0.005s (loaded all 78)
I20260807 17:05:10.333396 0x20b9da080 database_cache.cc:255] Loading pose priors...
I20260807 17:05:10.333409 0x20b9da080 database_cache.cc:263]  0 in 0.000s
I20260807 17:05:10.333414 0x20b9da080 database_cache.cc:271] Building correspondence graph...
I20260807 17:05:10.344705 0x20b9da080 database_cache.cc:300]  in 0.011s (ignored 0)
I20260807 17:05:10.353106 0x20b9da080 official_bundle_adjustment_ceres.cc:1434] [AETHER gravity] injected 4/4 roll/pitch anchors, sigma_rad=0.00872665
I20260807 17:05:10.358810 0x20b9da080 official_bundle_adjustment_ceres.cc:923] [AETHER] solver_used=DENSE_SCHUR sparse_backend=EIGEN_SPARSE dense_backend=EIGEN mixed=0 threads=1
I20260807 17:05:10.360836 0x20b9da080 official_bundle_adjustment_ceres.cc:1434] [AETHER gravity] injected 5/5 roll/pitch anchors, sigma_rad=0.00872665
I20260807 17:05:10.366585 0x20b9da080 official_bundle_adjustment_ceres.cc:923] [AETHER] solver_used=DENSE_SCHUR sparse_backend=EIGEN_SPARSE dense_backend=EIGEN mixed=0 threads=1
I20260807 17:05:10.506781 0x20b9da080 database_cache.cc:72] Loading rigs...
I20260807 17:05:10.506811 0x20b9da080 database_cache.cc:82]  0 in 0.000s
I20260807 17:05:10.506818 0x20b9da080 database_cache.cc:90] Loading cameras...
I20260807 17:05:10.506849 0x20b9da080 database_cache.cc:108]  79 in 0.000s
I20260807 17:05:10.506854 0x20b9da080 database_cache.cc:116] Loading frames...
I20260807 17:05:10.506861 0x20b9da080 database_cache.cc:126]  0 in 0.000s
I20260807 17:05:10.506866 0x20b9da080 database_cache.cc:134] Loading matches...
I20260807 17:05:10.507527 0x20b9da080 database_cache.cc:139]  915 in 0.001s
I20260807 17:05:10.507533 0x20b9da080 database_cache.cc:147] Loading images...
I20260807 17:05:10.513254 0x20b9da080 database_cache.cc:236]  79 in 0.006s (loaded all 79)
I20260807 17:05:10.513280 0x20b9da080 database_cache.cc:255] Loading pose priors...
I20260807 17:05:10.513290 0x20b9da080 database_cache.cc:263]  0 in 0.000s
I20260807 17:05:10.513298 0x20b9da080 database_cache.cc:271] Building correspondence graph...
I20260807 17:05:10.524239 0x20b9da080 database_cache.cc:300]  in 0.011s (ignored 0)
I20260807 17:05:10.532298 0x20b9da080 official_bundle_adjustment_ceres.cc:1434] [AETHER gravity] injected 4/4 roll/pitch anchors, sigma_rad=0.00872665
I20260807 17:05:10.536465 0x20b9da080 official_bundle_adjustment_ceres.cc:923] [AETHER] solver_used=DENSE_SCHUR sparse_backend=EIGEN_SPARSE dense_backend=EIGEN mixed=0 threads=1
I20260807 17:05:10.538331 0x20b9da080 official_bundle_adjustment_ceres.cc:1434] [AETHER gravity] injected 4/4 roll/pitch anchors, sigma_rad=0.00872665
I20260807 17:05:10.542212 0x20b9da080 official_bundle_adjustment_ceres.cc:923] [AETHER] solver_used=DENSE_SCHUR sparse_backend=EIGEN_SPARSE dense_backend=EIGEN mixed=0 threads=1
I20260807 17:05:10.730761 0x20b9da080 database_cache.cc:72] Loading rigs...
I20260807 17:05:10.730799 0x20b9da080 database_cache.cc:82]  0 in 0.000s
I20260807 17:05:10.730813 0x20b9da080 database_cache.cc:90] Loading cameras...
I20260807 17:05:10.730870 0x20b9da080 database_cache.cc:108]  80 in 0.000s
I20260807 17:05:10.730880 0x20b9da080 database_cache.cc:116] Loading frames...
I20260807 17:05:10.730894 0x20b9da080 database_cache.cc:126]  0 in 0.000s
I20260807 17:05:10.730903 0x20b9da080 database_cache.cc:134] Loading matches...
I20260807 17:05:10.732506 0x20b9da080 database_cache.cc:139]  923 in 0.002s
I20260807 17:05:10.732542 0x20b9da080 database_cache.cc:147] Loading images...
I20260807 17:05:10.741321 0x20b9da080 database_cache.cc:236]  80 in 0.009s (loaded all 80)
I20260807 17:05:10.741371 0x20b9da080 database_cache.cc:255] Loading pose priors...
I20260807 17:05:10.741382 0x20b9da080 database_cache.cc:263]  0 in 0.000s
I20260807 17:05:10.741388 0x20b9da080 database_cache.cc:271] Building correspondence graph...
I20260807 17:05:10.757623 0x20b9da080 database_cache.cc:300]  in 0.016s (ignored 0)
I20260807 17:05:10.766060 0x20b9da080 official_bundle_adjustment_ceres.cc:1434] [AETHER gravity] injected 2/2 roll/pitch anchors, sigma_rad=0.00872665
I20260807 17:05:10.768302 0x20b9da080 official_bundle_adjustment_ceres.cc:923] [AETHER] solver_used=DENSE_SCHUR sparse_backend=EIGEN_SPARSE dense_backend=EIGEN mixed=0 threads=1
I20260807 17:05:10.769647 0x20b9da080 official_bundle_adjustment_ceres.cc:1434] [AETHER gravity] injected 2/2 roll/pitch anchors, sigma_rad=0.00872665
I20260807 17:05:10.771400 0x20b9da080 official_bundle_adjustment_ceres.cc:923] [AETHER] solver_used=DENSE_SCHUR sparse_backend=EIGEN_SPARSE dense_backend=EIGEN mixed=0 threads=1
I20260807 17:05:10.924453 0x20b9da080 database_cache.cc:72] Loading rigs...
I20260807 17:05:10.924476 0x20b9da080 database_cache.cc:82]  0 in 0.000s
I20260807 17:05:10.924484 0x20b9da080 database_cache.cc:90] Loading cameras...
I20260807 17:05:10.924519 0x20b9da080 database_cache.cc:108]  81 in 0.000s
I20260807 17:05:10.924525 0x20b9da080 database_cache.cc:116] Loading frames...
I20260807 17:05:10.924534 0x20b9da080 database_cache.cc:126]  0 in 0.000s
I20260807 17:05:10.924539 0x20b9da080 database_cache.cc:134] Loading matches...
I20260807 17:05:10.925243 0x20b9da080 database_cache.cc:139]  933 in 0.001s
I20260807 17:05:10.925251 0x20b9da080 database_cache.cc:147] Loading images...
I20260807 17:05:10.932102 0x20b9da080 database_cache.cc:236]  81 in 0.007s (loaded all 81)
I20260807 17:05:10.932117 0x20b9da080 database_cache.cc:255] Loading pose priors...
I20260807 17:05:10.932126 0x20b9da080 database_cache.cc:263]  0 in 0.000s
I20260807 17:05:10.932131 0x20b9da080 database_cache.cc:271] Building correspondence graph...
I20260807 17:05:10.944693 0x20b9da080 database_cache.cc:300]  in 0.013s (ignored 0)
I20260807 17:05:11.086865 0x20b9da080 database_cache.cc:72] Loading rigs...
I20260807 17:05:11.086897 0x20b9da080 database_cache.cc:82]  0 in 0.000s
I20260807 17:05:11.086903 0x20b9da080 database_cache.cc:90] Loading cameras...
I20260807 17:05:11.086951 0x20b9da080 database_cache.cc:108]  82 in 0.000s
I20260807 17:05:11.086967 0x20b9da080 database_cache.cc:116] Loading frames...
I20260807 17:05:11.086980 0x20b9da080 database_cache.cc:126]  0 in 0.000s
I20260807 17:05:11.086986 0x20b9da080 database_cache.cc:134] Loading matches...
I20260807 17:05:11.087755 0x20b9da080 database_cache.cc:139]  936 in 0.001s
I20260807 17:05:11.087780 0x20b9da080 database_cache.cc:147] Loading images...
I20260807 17:05:11.093396 0x20b9da080 database_cache.cc:236]  82 in 0.006s (loaded all 82)
I20260807 17:05:11.093417 0x20b9da080 database_cache.cc:255] Loading pose priors...
I20260807 17:05:11.093427 0x20b9da080 database_cache.cc:263]  0 in 0.000s
I20260807 17:05:11.093434 0x20b9da080 database_cache.cc:271] Building correspondence graph...
I20260807 17:05:11.104343 0x20b9da080 database_cache.cc:300]  in 0.011s (ignored 0)
I20260807 17:05:11.266425 0x20b9da080 database_cache.cc:72] Loading rigs...
I20260807 17:05:11.266447 0x20b9da080 database_cache.cc:82]  0 in 0.000s
I20260807 17:05:11.266453 0x20b9da080 database_cache.cc:90] Loading cameras...
I20260807 17:05:11.266482 0x20b9da080 database_cache.cc:108]  83 in 0.000s
I20260807 17:05:11.266487 0x20b9da080 database_cache.cc:116] Loading frames...
I20260807 17:05:11.266493 0x20b9da080 database_cache.cc:126]  0 in 0.000s
I20260807 17:05:11.266497 0x20b9da080 database_cache.cc:134] Loading matches...
I20260807 17:05:11.267708 0x20b9da080 database_cache.cc:139]  940 in 0.001s
I20260807 17:05:11.267717 0x20b9da080 database_cache.cc:147] Loading images...
I20260807 17:05:11.273665 0x20b9da080 database_cache.cc:236]  83 in 0.006s (loaded all 83)
I20260807 17:05:11.273690 0x20b9da080 database_cache.cc:255] Loading pose priors...
I20260807 17:05:11.273702 0x20b9da080 database_cache.cc:263]  0 in 0.000s
I20260807 17:05:11.273707 0x20b9da080 database_cache.cc:271] Building correspondence graph...
I20260807 17:05:11.284412 0x20b9da080 database_cache.cc:300]  in 0.011s (ignored 0)
I20260807 17:05:11.464014 0x20b9da080 database_cache.cc:72] Loading rigs...
I20260807 17:05:11.464037 0x20b9da080 database_cache.cc:82]  0 in 0.000s
I20260807 17:05:11.464043 0x20b9da080 database_cache.cc:90] Loading cameras...
I20260807 17:05:11.464071 0x20b9da080 database_cache.cc:108]  84 in 0.000s
I20260807 17:05:11.464076 0x20b9da080 database_cache.cc:116] Loading frames...
I20260807 17:05:11.464084 0x20b9da080 database_cache.cc:126]  0 in 0.000s
I20260807 17:05:11.464088 0x20b9da080 database_cache.cc:134] Loading matches...
I20260807 17:05:11.464716 0x20b9da080 database_cache.cc:139]  954 in 0.001s
I20260807 17:05:11.464722 0x20b9da080 database_cache.cc:147] Loading images...
I20260807 17:05:11.471501 0x20b9da080 database_cache.cc:236]  84 in 0.007s (loaded all 84)
I20260807 17:05:11.471560 0x20b9da080 database_cache.cc:255] Loading pose priors...
I20260807 17:05:11.471584 0x20b9da080 database_cache.cc:263]  0 in 0.000s
I20260807 17:05:11.471590 0x20b9da080 database_cache.cc:271] Building correspondence graph...
I20260807 17:05:11.483248 0x20b9da080 database_cache.cc:300]  in 0.012s (ignored 0)
I20260807 17:05:11.492474 0x20b9da080 official_bundle_adjustment_ceres.cc:1434] [AETHER gravity] injected 2/2 roll/pitch anchors, sigma_rad=0.00872665
W20260807 17:05:11.500385 0x20b9da080 levenberg_marquardt_strategy.cc:123] Linear solver failure. Failed to compute a step: Eigen failure. Unable to perform dense Cholesky factorization.
I20260807 17:05:11.500776 0x20b9da080 official_bundle_adjustment_ceres.cc:923] [AETHER] solver_used=DENSE_SCHUR sparse_backend=EIGEN_SPARSE dense_backend=EIGEN mixed=0 threads=1
I20260807 17:05:11.503575 0x20b9da080 official_bundle_adjustment_ceres.cc:1434] [AETHER gravity] injected 2/2 roll/pitch anchors, sigma_rad=0.00872665
I20260807 17:05:11.504727 0x20b9da080 official_bundle_adjustment_ceres.cc:923] [AETHER] solver_used=DENSE_SCHUR sparse_backend=EIGEN_SPARSE dense_backend=EIGEN mixed=0 threads=1
I20260807 17:05:11.768849 0x20b9da080 database_cache.cc:72] Loading rigs...
I20260807 17:05:11.768874 0x20b9da080 database_cache.cc:82]  0 in 0.000s
I20260807 17:05:11.768882 0x20b9da080 database_cache.cc:90] Loading cameras...
I20260807 17:05:11.768920 0x20b9da080 database_cache.cc:108]  85 in 0.000s
I20260807 17:05:11.768926 0x20b9da080 database_cache.cc:116] Loading frames...
I20260807 17:05:11.768933 0x20b9da080 database_cache.cc:126]  0 in 0.000s
I20260807 17:05:11.768937 0x20b9da080 database_cache.cc:134] Loading matches...
I20260807 17:05:11.771878 0x20b9da080 database_cache.cc:139]  972 in 0.003s
I20260807 17:05:11.771896 0x20b9da080 database_cache.cc:147] Loading images...
I20260807 17:05:11.780199 0x20b9da080 database_cache.cc:236]  85 in 0.008s (loaded all 85)
I20260807 17:05:11.780211 0x20b9da080 database_cache.cc:255] Loading pose priors...
I20260807 17:05:11.780219 0x20b9da080 database_cache.cc:263]  0 in 0.000s
I20260807 17:05:11.780224 0x20b9da080 database_cache.cc:271] Building correspondence graph...
I20260807 17:05:11.791728 0x20b9da080 database_cache.cc:300]  in 0.012s (ignored 0)
I20260807 17:05:11.800817 0x20b9da080 official_bundle_adjustment_ceres.cc:1434] [AETHER gravity] injected 2/2 roll/pitch anchors, sigma_rad=0.00872665
I20260807 17:05:11.801444 0x20b9da080 official_bundle_adjustment_ceres.cc:923] [AETHER] solver_used=DENSE_SCHUR sparse_backend=EIGEN_SPARSE dense_backend=EIGEN mixed=0 threads=1
I20260807 17:05:11.803294 0x20b9da080 official_bundle_adjustment_ceres.cc:1434] [AETHER gravity] injected 2/2 roll/pitch anchors, sigma_rad=0.00872665
I20260807 17:05:11.803412 0x20b9da080 official_bundle_adjustment_ceres.cc:923] [AETHER] solver_used=DENSE_SCHUR sparse_backend=EIGEN_SPARSE dense_backend=EIGEN mixed=0 threads=1
I20260807 17:05:12.010502 0x20b9da080 database_cache.cc:72] Loading rigs...
I20260807 17:05:12.010528 0x20b9da080 database_cache.cc:82]  0 in 0.000s
I20260807 17:05:12.010535 0x20b9da080 database_cache.cc:90] Loading cameras...
I20260807 17:05:12.010564 0x20b9da080 database_cache.cc:108]  86 in 0.000s
I20260807 17:05:12.010570 0x20b9da080 database_cache.cc:116] Loading frames...
I20260807 17:05:12.010576 0x20b9da080 database_cache.cc:126]  0 in 0.000s
I20260807 17:05:12.010580 0x20b9da080 database_cache.cc:134] Loading matches...
I20260807 17:05:12.011190 0x20b9da080 database_cache.cc:139]  987 in 0.001s
I20260807 17:05:12.011196 0x20b9da080 database_cache.cc:147] Loading images...
I20260807 17:05:12.017087 0x20b9da080 database_cache.cc:236]  86 in 0.006s (loaded all 86)
I20260807 17:05:12.017111 0x20b9da080 database_cache.cc:255] Loading pose priors...
I20260807 17:05:12.017120 0x20b9da080 database_cache.cc:263]  0 in 0.000s
I20260807 17:05:12.017124 0x20b9da080 database_cache.cc:271] Building correspondence graph...
I20260807 17:05:12.028394 0x20b9da080 database_cache.cc:300]  in 0.011s (ignored 0)
I20260807 17:05:12.037353 0x20b9da080 official_bundle_adjustment_ceres.cc:1434] [AETHER gravity] injected 2/2 roll/pitch anchors, sigma_rad=0.00872665
I20260807 17:05:12.039693 0x20b9da080 official_bundle_adjustment_ceres.cc:923] [AETHER] solver_used=DENSE_SCHUR sparse_backend=EIGEN_SPARSE dense_backend=EIGEN mixed=0 threads=1
I20260807 17:05:12.041618 0x20b9da080 official_bundle_adjustment_ceres.cc:1434] [AETHER gravity] injected 2/2 roll/pitch anchors, sigma_rad=0.00872665
I20260807 17:05:12.042450 0x20b9da080 official_bundle_adjustment_ceres.cc:923] [AETHER] solver_used=DENSE_SCHUR sparse_backend=EIGEN_SPARSE dense_backend=EIGEN mixed=0 threads=1
I20260807 17:05:12.244450 0x20b9da080 database_cache.cc:72] Loading rigs...
I20260807 17:05:12.245269 0x20b9da080 database_cache.cc:82]  0 in 0.001s
I20260807 17:05:12.245277 0x20b9da080 database_cache.cc:90] Loading cameras...
I20260807 17:05:12.245314 0x20b9da080 database_cache.cc:108]  87 in 0.000s
I20260807 17:05:12.245320 0x20b9da080 database_cache.cc:116] Loading frames...
I20260807 17:05:12.245328 0x20b9da080 database_cache.cc:126]  0 in 0.000s
I20260807 17:05:12.245333 0x20b9da080 database_cache.cc:134] Loading matches...
I20260807 17:05:12.246074 0x20b9da080 database_cache.cc:139]  1002 in 0.001s
I20260807 17:05:12.246082 0x20b9da080 database_cache.cc:147] Loading images...
I20260807 17:05:12.253228 0x20b9da080 database_cache.cc:236]  87 in 0.007s (loaded all 87)
I20260807 17:05:12.253244 0x20b9da080 database_cache.cc:255] Loading pose priors...
I20260807 17:05:12.253253 0x20b9da080 database_cache.cc:263]  0 in 0.000s
I20260807 17:05:12.253259 0x20b9da080 database_cache.cc:271] Building correspondence graph...
I20260807 17:05:12.265854 0x20b9da080 database_cache.cc:300]  in 0.013s (ignored 0)
I20260807 17:05:12.275674 0x20b9da080 official_bundle_adjustment_ceres.cc:1434] [AETHER gravity] injected 3/3 roll/pitch anchors, sigma_rad=0.00872665
I20260807 17:05:12.279828 0x20b9da080 official_bundle_adjustment_ceres.cc:923] [AETHER] solver_used=DENSE_SCHUR sparse_backend=EIGEN_SPARSE dense_backend=EIGEN mixed=0 threads=1
I20260807 17:05:12.281546 0x20b9da080 official_bundle_adjustment_ceres.cc:1434] [AETHER gravity] injected 3/3 roll/pitch anchors, sigma_rad=0.00872665
I20260807 17:05:12.285093 0x20b9da080 official_bundle_adjustment_ceres.cc:923] [AETHER] solver_used=DENSE_SCHUR sparse_backend=EIGEN_SPARSE dense_backend=EIGEN mixed=0 threads=1
I20260807 17:05:12.515600 0x20b9da080 database_cache.cc:72] Loading rigs...
I20260807 17:05:12.515621 0x20b9da080 database_cache.cc:82]  0 in 0.000s
I20260807 17:05:12.515627 0x20b9da080 database_cache.cc:90] Loading cameras...
I20260807 17:05:12.515667 0x20b9da080 database_cache.cc:108]  88 in 0.000s
I20260807 17:05:12.515671 0x20b9da080 database_cache.cc:116] Loading frames...
I20260807 17:05:12.515676 0x20b9da080 database_cache.cc:126]  0 in 0.000s
I20260807 17:05:12.515680 0x20b9da080 database_cache.cc:134] Loading matches...
I20260807 17:05:12.517234 0x20b9da080 database_cache.cc:139]  1016 in 0.002s
I20260807 17:05:12.517239 0x20b9da080 database_cache.cc:147] Loading images...
I20260807 17:05:12.523443 0x20b9da080 database_cache.cc:236]  88 in 0.006s (loaded all 88)
I20260807 17:05:12.523465 0x20b9da080 database_cache.cc:255] Loading pose priors...
I20260807 17:05:12.523474 0x20b9da080 database_cache.cc:263]  0 in 0.000s
I20260807 17:05:12.523478 0x20b9da080 database_cache.cc:271] Building correspondence graph...
I20260807 17:05:12.534812 0x20b9da080 database_cache.cc:300]  in 0.011s (ignored 0)
I20260807 17:05:12.544867 0x20b9da080 official_bundle_adjustment_ceres.cc:1434] [AETHER gravity] injected 3/3 roll/pitch anchors, sigma_rad=0.00872665
I20260807 17:05:12.550492 0x20b9da080 official_bundle_adjustment_ceres.cc:923] [AETHER] solver_used=DENSE_SCHUR sparse_backend=EIGEN_SPARSE dense_backend=EIGEN mixed=0 threads=1
I20260807 17:05:12.552533 0x20b9da080 official_bundle_adjustment_ceres.cc:1434] [AETHER gravity] injected 3/3 roll/pitch anchors, sigma_rad=0.00872665
I20260807 17:05:12.555927 0x20b9da080 official_bundle_adjustment_ceres.cc:923] [AETHER] solver_used=DENSE_SCHUR sparse_backend=EIGEN_SPARSE dense_backend=EIGEN mixed=0 threads=1
I20260807 17:05:12.756934 0x20b9da080 database_cache.cc:72] Loading rigs...
I20260807 17:05:12.756953 0x20b9da080 database_cache.cc:82]  0 in 0.000s
I20260807 17:05:12.756959 0x20b9da080 database_cache.cc:90] Loading cameras...
I20260807 17:05:12.756992 0x20b9da080 database_cache.cc:108]  89 in 0.000s
I20260807 17:05:12.756996 0x20b9da080 database_cache.cc:116] Loading frames...
I20260807 17:05:12.757002 0x20b9da080 database_cache.cc:126]  0 in 0.000s
I20260807 17:05:12.757006 0x20b9da080 database_cache.cc:134] Loading matches...
I20260807 17:05:12.757669 0x20b9da080 database_cache.cc:139]  1033 in 0.001s
I20260807 17:05:12.757674 0x20b9da080 database_cache.cc:147] Loading images...
I20260807 17:05:12.763784 0x20b9da080 database_cache.cc:236]  89 in 0.006s (loaded all 89)
I20260807 17:05:12.763803 0x20b9da080 database_cache.cc:255] Loading pose priors...
I20260807 17:05:12.763813 0x20b9da080 database_cache.cc:263]  0 in 0.000s
I20260807 17:05:12.763817 0x20b9da080 database_cache.cc:271] Building correspondence graph...
I20260807 17:05:12.775885 0x20b9da080 database_cache.cc:300]  in 0.012s (ignored 0)
I20260807 17:05:12.788058 0x20b9da080 official_bundle_adjustment_ceres.cc:1434] [AETHER gravity] injected 4/4 roll/pitch anchors, sigma_rad=0.00872665
I20260807 17:05:12.794497 0x20b9da080 official_bundle_adjustment_ceres.cc:923] [AETHER] solver_used=DENSE_SCHUR sparse_backend=EIGEN_SPARSE dense_backend=EIGEN mixed=0 threads=1
I20260807 17:05:12.797492 0x20b9da080 official_bundle_adjustment_ceres.cc:1434] [AETHER gravity] injected 2/2 roll/pitch anchors, sigma_rad=0.00872665
I20260807 17:05:12.798492 0x20b9da080 official_bundle_adjustment_ceres.cc:923] [AETHER] solver_used=DENSE_SCHUR sparse_backend=EIGEN_SPARSE dense_backend=EIGEN mixed=0 threads=1
I20260807 17:05:13.077644 0x20b9da080 database_cache.cc:72] Loading rigs...
I20260807 17:05:13.081513 0x20b9da080 database_cache.cc:82]  0 in 0.004s
I20260807 17:05:13.081537 0x20b9da080 database_cache.cc:90] Loading cameras...
I20260807 17:05:13.081571 0x20b9da080 database_cache.cc:108]  90 in 0.000s
I20260807 17:05:13.081579 0x20b9da080 database_cache.cc:116] Loading frames...
I20260807 17:05:13.081587 0x20b9da080 database_cache.cc:126]  0 in 0.000s
I20260807 17:05:13.081591 0x20b9da080 database_cache.cc:134] Loading matches...
I20260807 17:05:13.082242 0x20b9da080 database_cache.cc:139]  1052 in 0.001s
I20260807 17:05:13.083867 0x20b9da080 database_cache.cc:147] Loading images...
I20260807 17:05:13.090279 0x20b9da080 database_cache.cc:236]  90 in 0.006s (loaded all 90)
I20260807 17:05:13.093581 0x20b9da080 database_cache.cc:255] Loading pose priors...
I20260807 17:05:13.093610 0x20b9da080 database_cache.cc:263]  0 in 0.000s
I20260807 17:05:13.093615 0x20b9da080 database_cache.cc:271] Building correspondence graph...
I20260807 17:05:13.105888 0x20b9da080 database_cache.cc:300]  in 0.012s (ignored 0)
I20260807 17:05:13.120827 0x20b9da080 official_bundle_adjustment_ceres.cc:1434] [AETHER gravity] injected 5/5 roll/pitch anchors, sigma_rad=0.00872665
I20260807 17:05:13.130343 0x20b9da080 official_bundle_adjustment_ceres.cc:923] [AETHER] solver_used=DENSE_SCHUR sparse_backend=EIGEN_SPARSE dense_backend=EIGEN mixed=0 threads=1
I20260807 17:05:13.134086 0x20b9da080 official_bundle_adjustment_ceres.cc:1434] [AETHER gravity] injected 5/5 roll/pitch anchors, sigma_rad=0.00872665
I20260807 17:05:13.145493 0x20b9da080 official_bundle_adjustment_ceres.cc:923] [AETHER] solver_used=DENSE_SCHUR sparse_backend=EIGEN_SPARSE dense_backend=EIGEN mixed=0 threads=1
I20260807 17:05:13.393400 0x20b9da080 database_cache.cc:72] Loading rigs...
I20260807 17:05:13.393420 0x20b9da080 database_cache.cc:82]  0 in 0.000s
I20260807 17:05:13.393426 0x20b9da080 database_cache.cc:90] Loading cameras...
I20260807 17:05:13.393458 0x20b9da080 database_cache.cc:108]  91 in 0.000s
I20260807 17:05:13.393462 0x20b9da080 database_cache.cc:116] Loading frames...
I20260807 17:05:13.393468 0x20b9da080 database_cache.cc:126]  0 in 0.000s
I20260807 17:05:13.393471 0x20b9da080 database_cache.cc:134] Loading matches...
I20260807 17:05:13.396625 0x20b9da080 database_cache.cc:139]  1071 in 0.003s
I20260807 17:05:13.396631 0x20b9da080 database_cache.cc:147] Loading images...
I20260807 17:05:13.402917 0x20b9da080 database_cache.cc:236]  91 in 0.006s (loaded all 91)
I20260807 17:05:13.402931 0x20b9da080 database_cache.cc:255] Loading pose priors...
I20260807 17:05:13.402944 0x20b9da080 database_cache.cc:263]  0 in 0.000s
I20260807 17:05:13.402948 0x20b9da080 database_cache.cc:271] Building correspondence graph...
I20260807 17:05:13.415005 0x20b9da080 database_cache.cc:300]  in 0.012s (ignored 0)
I20260807 17:05:13.430268 0x20b9da080 official_bundle_adjustment_ceres.cc:1434] [AETHER gravity] injected 6/6 roll/pitch anchors, sigma_rad=0.00872665
I20260807 17:05:13.440670 0x20b9da080 official_bundle_adjustment_ceres.cc:923] [AETHER] solver_used=DENSE_SCHUR sparse_backend=EIGEN_SPARSE dense_backend=EIGEN mixed=0 threads=1
I20260807 17:05:13.445886 0x20b9da080 official_bundle_adjustment_ceres.cc:1434] [AETHER gravity] injected 5/5 roll/pitch anchors, sigma_rad=0.00872665
I20260807 17:05:13.453528 0x20b9da080 official_bundle_adjustment_ceres.cc:923] [AETHER] solver_used=DENSE_SCHUR sparse_backend=EIGEN_SPARSE dense_backend=EIGEN mixed=0 threads=1
I20260807 17:05:13.701140 0x20b9da080 database_cache.cc:72] Loading rigs...
I20260807 17:05:13.701161 0x20b9da080 database_cache.cc:82]  0 in 0.000s
I20260807 17:05:13.701167 0x20b9da080 database_cache.cc:90] Loading cameras...
I20260807 17:05:13.701197 0x20b9da080 database_cache.cc:108]  92 in 0.000s
I20260807 17:05:13.701201 0x20b9da080 database_cache.cc:116] Loading frames...
I20260807 17:05:13.701206 0x20b9da080 database_cache.cc:126]  0 in 0.000s
I20260807 17:05:13.701210 0x20b9da080 database_cache.cc:134] Loading matches...
I20260807 17:05:13.701927 0x20b9da080 database_cache.cc:139]  1091 in 0.001s
I20260807 17:05:13.701932 0x20b9da080 database_cache.cc:147] Loading images...
I20260807 17:05:13.708473 0x20b9da080 database_cache.cc:236]  92 in 0.007s (loaded all 92)
I20260807 17:05:13.708504 0x20b9da080 database_cache.cc:255] Loading pose priors...
I20260807 17:05:13.708514 0x20b9da080 database_cache.cc:263]  0 in 0.000s
I20260807 17:05:13.708519 0x20b9da080 database_cache.cc:271] Building correspondence graph...
I20260807 17:05:13.720549 0x20b9da080 database_cache.cc:300]  in 0.012s (ignored 0)
I20260807 17:05:13.734453 0x20b9da080 official_bundle_adjustment_ceres.cc:1434] [AETHER gravity] injected 4/4 roll/pitch anchors, sigma_rad=0.00872665
I20260807 17:05:13.739318 0x20b9da080 official_bundle_adjustment_ceres.cc:923] [AETHER] solver_used=DENSE_SCHUR sparse_backend=EIGEN_SPARSE dense_backend=EIGEN mixed=0 threads=1
I20260807 17:05:13.742355 0x20b9da080 official_bundle_adjustment_ceres.cc:1434] [AETHER gravity] injected 3/3 roll/pitch anchors, sigma_rad=0.00872665
I20260807 17:05:13.742824 0x20b9da080 official_bundle_adjustment_ceres.cc:923] [AETHER] solver_used=DENSE_SCHUR sparse_backend=EIGEN_SPARSE dense_backend=EIGEN mixed=0 threads=1
I20260807 17:05:13.972804 0x20b9da080 database_cache.cc:72] Loading rigs...
I20260807 17:05:13.972826 0x20b9da080 database_cache.cc:82]  0 in 0.000s
I20260807 17:05:13.972835 0x20b9da080 database_cache.cc:90] Loading cameras...
I20260807 17:05:13.972868 0x20b9da080 database_cache.cc:108]  93 in 0.000s
I20260807 17:05:13.972872 0x20b9da080 database_cache.cc:116] Loading frames...
I20260807 17:05:13.972878 0x20b9da080 database_cache.cc:126]  0 in 0.000s
I20260807 17:05:13.972882 0x20b9da080 database_cache.cc:134] Loading matches...
I20260807 17:05:13.973612 0x20b9da080 database_cache.cc:139]  1111 in 0.001s
I20260807 17:05:13.973619 0x20b9da080 database_cache.cc:147] Loading images...
I20260807 17:05:13.980112 0x20b9da080 database_cache.cc:236]  93 in 0.006s (loaded all 93)
I20260807 17:05:13.980130 0x20b9da080 database_cache.cc:255] Loading pose priors...
I20260807 17:05:13.980140 0x20b9da080 database_cache.cc:263]  0 in 0.000s
I20260807 17:05:13.980145 0x20b9da080 database_cache.cc:271] Building correspondence graph...
I20260807 17:05:13.992879 0x20b9da080 database_cache.cc:300]  in 0.013s (ignored 0)
I20260807 17:05:14.009086 0x20b9da080 official_bundle_adjustment_ceres.cc:1434] [AETHER gravity] injected 4/4 roll/pitch anchors, sigma_rad=0.00872665
I20260807 17:05:14.017839 0x20b9da080 official_bundle_adjustment_ceres.cc:923] [AETHER] solver_used=DENSE_SCHUR sparse_backend=EIGEN_SPARSE dense_backend=EIGEN mixed=0 threads=1
I20260807 17:05:14.020939 0x20b9da080 official_bundle_adjustment_ceres.cc:1434] [AETHER gravity] injected 3/3 roll/pitch anchors, sigma_rad=0.00872665
I20260807 17:05:14.027635 0x20b9da080 official_bundle_adjustment_ceres.cc:923] [AETHER] solver_used=DENSE_SCHUR sparse_backend=EIGEN_SPARSE dense_backend=EIGEN mixed=0 threads=1
I20260807 17:05:14.273086 0x20b9da080 database_cache.cc:72] Loading rigs...
I20260807 17:05:14.273110 0x20b9da080 database_cache.cc:82]  0 in 0.000s
I20260807 17:05:14.273116 0x20b9da080 database_cache.cc:90] Loading cameras...
I20260807 17:05:14.273150 0x20b9da080 database_cache.cc:108]  94 in 0.000s
I20260807 17:05:14.273155 0x20b9da080 database_cache.cc:116] Loading frames...
I20260807 17:05:14.273160 0x20b9da080 database_cache.cc:126]  0 in 0.000s
I20260807 17:05:14.273164 0x20b9da080 database_cache.cc:134] Loading matches...
I20260807 17:05:14.273864 0x20b9da080 database_cache.cc:139]  1132 in 0.001s
I20260807 17:05:14.273868 0x20b9da080 database_cache.cc:147] Loading images...
I20260807 17:05:14.280235 0x20b9da080 database_cache.cc:236]  94 in 0.006s (loaded all 94)
I20260807 17:05:14.280248 0x20b9da080 database_cache.cc:255] Loading pose priors...
I20260807 17:05:14.280256 0x20b9da080 database_cache.cc:263]  0 in 0.000s
I20260807 17:05:14.280259 0x20b9da080 database_cache.cc:271] Building correspondence graph...
I20260807 17:05:14.292888 0x20b9da080 database_cache.cc:300]  in 0.013s (ignored 0)
I20260807 17:05:14.305348 0x20b9da080 official_bundle_adjustment_ceres.cc:1434] [AETHER gravity] injected 5/5 roll/pitch anchors, sigma_rad=0.00872665
I20260807 17:05:14.317796 0x20b9da080 official_bundle_adjustment_ceres.cc:923] [AETHER] solver_used=DENSE_SCHUR sparse_backend=EIGEN_SPARSE dense_backend=EIGEN mixed=0 threads=1
I20260807 17:05:14.320254 0x20b9da080 official_bundle_adjustment_ceres.cc:1434] [AETHER gravity] injected 5/5 roll/pitch anchors, sigma_rad=0.00872665
I20260807 17:05:14.335978 0x20b9da080 official_bundle_adjustment_ceres.cc:923] [AETHER] solver_used=DENSE_SCHUR sparse_backend=EIGEN_SPARSE dense_backend=EIGEN mixed=0 threads=1
I20260807 17:05:14.598375 0x20b9da080 database_cache.cc:72] Loading rigs...
I20260807 17:05:14.598395 0x20b9da080 database_cache.cc:82]  0 in 0.000s
I20260807 17:05:14.598401 0x20b9da080 database_cache.cc:90] Loading cameras...
I20260807 17:05:14.598437 0x20b9da080 database_cache.cc:108]  95 in 0.000s
I20260807 17:05:14.598442 0x20b9da080 database_cache.cc:116] Loading frames...
I20260807 17:05:14.598448 0x20b9da080 database_cache.cc:126]  0 in 0.000s
I20260807 17:05:14.598452 0x20b9da080 database_cache.cc:134] Loading matches...
I20260807 17:05:14.599177 0x20b9da080 database_cache.cc:139]  1154 in 0.001s
I20260807 17:05:14.599182 0x20b9da080 database_cache.cc:147] Loading images...
I20260807 17:05:14.605969 0x20b9da080 database_cache.cc:236]  95 in 0.007s (loaded all 95)
I20260807 17:05:14.605994 0x20b9da080 database_cache.cc:255] Loading pose priors...
I20260807 17:05:14.606001 0x20b9da080 database_cache.cc:263]  0 in 0.000s
I20260807 17:05:14.606005 0x20b9da080 database_cache.cc:271] Building correspondence graph...
I20260807 17:05:14.618269 0x20b9da080 database_cache.cc:300]  in 0.012s (ignored 0)
I20260807 17:05:14.630511 0x20b9da080 official_bundle_adjustment_ceres.cc:1434] [AETHER gravity] injected 5/5 roll/pitch anchors, sigma_rad=0.00872665
I20260807 17:05:14.646341 0x20b9da080 official_bundle_adjustment_ceres.cc:923] [AETHER] solver_used=DENSE_SCHUR sparse_backend=EIGEN_SPARSE dense_backend=EIGEN mixed=0 threads=1
I20260807 17:05:14.649107 0x20b9da080 official_bundle_adjustment_ceres.cc:1434] [AETHER gravity] injected 4/4 roll/pitch anchors, sigma_rad=0.00872665
I20260807 17:05:14.652497 0x20b9da080 official_bundle_adjustment_ceres.cc:923] [AETHER] solver_used=DENSE_SCHUR sparse_backend=EIGEN_SPARSE dense_backend=EIGEN mixed=0 threads=1
I20260807 17:05:14.995326 0x20b9da080 database_cache.cc:72] Loading rigs...
I20260807 17:05:14.995345 0x20b9da080 database_cache.cc:82]  0 in 0.000s
I20260807 17:05:14.995350 0x20b9da080 database_cache.cc:90] Loading cameras...
I20260807 17:05:14.995382 0x20b9da080 database_cache.cc:108]  96 in 0.000s
I20260807 17:05:14.995386 0x20b9da080 database_cache.cc:116] Loading frames...
I20260807 17:05:14.995392 0x20b9da080 database_cache.cc:126]  0 in 0.000s
I20260807 17:05:14.995395 0x20b9da080 database_cache.cc:134] Loading matches...
I20260807 17:05:14.996123 0x20b9da080 database_cache.cc:139]  1176 in 0.001s
I20260807 17:05:14.996129 0x20b9da080 database_cache.cc:147] Loading images...
I20260807 17:05:15.002748 0x20b9da080 database_cache.cc:236]  96 in 0.007s (loaded all 96)
I20260807 17:05:15.002764 0x20b9da080 database_cache.cc:255] Loading pose priors...
I20260807 17:05:15.002773 0x20b9da080 database_cache.cc:263]  0 in 0.000s
I20260807 17:05:15.002777 0x20b9da080 database_cache.cc:271] Building correspondence graph...
I20260807 17:05:15.015545 0x20b9da080 database_cache.cc:300]  in 0.013s (ignored 0)
I20260807 17:05:15.028904 0x20b9da080 official_bundle_adjustment_ceres.cc:1434] [AETHER gravity] injected 6/6 roll/pitch anchors, sigma_rad=0.00872665
I20260807 17:05:15.056360 0x20b9da080 official_bundle_adjustment_ceres.cc:923] [AETHER] solver_used=DENSE_SCHUR sparse_backend=EIGEN_SPARSE dense_backend=EIGEN mixed=0 threads=6
I20260807 17:05:15.060084 0x20b9da080 official_bundle_adjustment_ceres.cc:1434] [AETHER gravity] injected 4/4 roll/pitch anchors, sigma_rad=0.00872665
I20260807 17:05:15.063693 0x20b9da080 official_bundle_adjustment_ceres.cc:923] [AETHER] solver_used=DENSE_SCHUR sparse_backend=EIGEN_SPARSE dense_backend=EIGEN mixed=0 threads=1
I20260807 17:05:15.439531 0x20b9da080 database_cache.cc:72] Loading rigs...
I20260807 17:05:15.439552 0x20b9da080 database_cache.cc:82]  0 in 0.000s
I20260807 17:05:15.439558 0x20b9da080 database_cache.cc:90] Loading cameras...
I20260807 17:05:15.439595 0x20b9da080 database_cache.cc:108]  97 in 0.000s
I20260807 17:05:15.439599 0x20b9da080 database_cache.cc:116] Loading frames...
I20260807 17:05:15.439605 0x20b9da080 database_cache.cc:126]  0 in 0.000s
I20260807 17:05:15.439608 0x20b9da080 database_cache.cc:134] Loading matches...
I20260807 17:05:15.440345 0x20b9da080 database_cache.cc:139]  1198 in 0.001s
I20260807 17:05:15.440350 0x20b9da080 database_cache.cc:147] Loading images...
I20260807 17:05:15.446984 0x20b9da080 database_cache.cc:236]  97 in 0.007s (loaded all 97)
I20260807 17:05:15.447003 0x20b9da080 database_cache.cc:255] Loading pose priors...
I20260807 17:05:15.447013 0x20b9da080 database_cache.cc:263]  0 in 0.000s
I20260807 17:05:15.447017 0x20b9da080 database_cache.cc:271] Building correspondence graph...
I20260807 17:05:15.460199 0x20b9da080 database_cache.cc:300]  in 0.013s (ignored 0)
I20260807 17:05:15.474835 0x20b9da080 official_bundle_adjustment_ceres.cc:1434] [AETHER gravity] injected 6/6 roll/pitch anchors, sigma_rad=0.00872665
I20260807 17:05:15.509188 0x20b9da080 official_bundle_adjustment_ceres.cc:923] [AETHER] solver_used=DENSE_SCHUR sparse_backend=EIGEN_SPARSE dense_backend=EIGEN mixed=0 threads=6
I20260807 17:05:15.515186 0x20b9da080 official_bundle_adjustment_ceres.cc:1434] [AETHER gravity] injected 6/6 roll/pitch anchors, sigma_rad=0.00872665
I20260807 17:05:15.546104 0x20b9da080 official_bundle_adjustment_ceres.cc:923] [AETHER] solver_used=DENSE_SCHUR sparse_backend=EIGEN_SPARSE dense_backend=EIGEN mixed=0 threads=6
I20260807 17:05:15.887869 0x20b9da080 database_cache.cc:72] Loading rigs...
I20260807 17:05:15.887915 0x20b9da080 database_cache.cc:82]  0 in 0.000s
I20260807 17:05:15.887923 0x20b9da080 database_cache.cc:90] Loading cameras...
I20260807 17:05:15.887967 0x20b9da080 database_cache.cc:108]  98 in 0.000s
I20260807 17:05:15.887972 0x20b9da080 database_cache.cc:116] Loading frames...
I20260807 17:05:15.887979 0x20b9da080 database_cache.cc:126]  0 in 0.000s
I20260807 17:05:15.887983 0x20b9da080 database_cache.cc:134] Loading matches...
I20260807 17:05:15.888887 0x20b9da080 database_cache.cc:139]  1220 in 0.001s
I20260807 17:05:15.888897 0x20b9da080 database_cache.cc:147] Loading images...
I20260807 17:05:15.895517 0x20b9da080 database_cache.cc:236]  98 in 0.007s (loaded all 98)
I20260807 17:05:15.895530 0x20b9da080 database_cache.cc:255] Loading pose priors...
I20260807 17:05:15.895538 0x20b9da080 database_cache.cc:263]  0 in 0.000s
I20260807 17:05:15.895541 0x20b9da080 database_cache.cc:271] Building correspondence graph...
I20260807 17:05:15.908963 0x20b9da080 database_cache.cc:300]  in 0.013s (ignored 0)
I20260807 17:05:15.924915 0x20b9da080 official_bundle_adjustment_ceres.cc:1434] [AETHER gravity] injected 4/4 roll/pitch anchors, sigma_rad=0.00872665
I20260807 17:05:15.936427 0x20b9da080 official_bundle_adjustment_ceres.cc:923] [AETHER] solver_used=DENSE_SCHUR sparse_backend=EIGEN_SPARSE dense_backend=EIGEN mixed=0 threads=1
I20260807 17:05:15.942449 0x20b9da080 official_bundle_adjustment_ceres.cc:1434] [AETHER gravity] injected 6/6 roll/pitch anchors, sigma_rad=0.00872665
I20260807 17:05:15.963077 0x20b9da080 official_bundle_adjustment_ceres.cc:923] [AETHER] solver_used=DENSE_SCHUR sparse_backend=EIGEN_SPARSE dense_backend=EIGEN mixed=0 threads=6
I20260807 17:05:16.302269 0x20b9da080 database_cache.cc:72] Loading rigs...
I20260807 17:05:16.302290 0x20b9da080 database_cache.cc:82]  0 in 0.000s
I20260807 17:05:16.302296 0x20b9da080 database_cache.cc:90] Loading cameras...
I20260807 17:05:16.302330 0x20b9da080 database_cache.cc:108]  99 in 0.000s
I20260807 17:05:16.302336 0x20b9da080 database_cache.cc:116] Loading frames...
I20260807 17:05:16.302343 0x20b9da080 database_cache.cc:126]  0 in 0.000s
I20260807 17:05:16.302347 0x20b9da080 database_cache.cc:134] Loading matches...
I20260807 17:05:16.303127 0x20b9da080 database_cache.cc:139]  1241 in 0.001s
I20260807 17:05:16.303134 0x20b9da080 database_cache.cc:147] Loading images...
I20260807 17:05:16.310341 0x20b9da080 database_cache.cc:236]  99 in 0.007s (loaded all 99)
I20260807 17:05:16.310386 0x20b9da080 database_cache.cc:255] Loading pose priors...
I20260807 17:05:16.310406 0x20b9da080 database_cache.cc:263]  0 in 0.000s
I20260807 17:05:16.310412 0x20b9da080 database_cache.cc:271] Building correspondence graph...
I20260807 17:05:16.324782 0x20b9da080 database_cache.cc:300]  in 0.014s (ignored 0)
I20260807 17:05:16.340042 0x20b9da080 official_bundle_adjustment_ceres.cc:1434] [AETHER gravity] injected 4/4 roll/pitch anchors, sigma_rad=0.00872665
I20260807 17:05:16.346731 0x20b9da080 official_bundle_adjustment_ceres.cc:923] [AETHER] solver_used=DENSE_SCHUR sparse_backend=EIGEN_SPARSE dense_backend=EIGEN mixed=0 threads=1
I20260807 17:05:16.351278 0x20b9da080 official_bundle_adjustment_ceres.cc:1434] [AETHER gravity] injected 6/6 roll/pitch anchors, sigma_rad=0.00872665
I20260807 17:05:16.355275 0x20b9da080 official_bundle_adjustment_ceres.cc:923] [AETHER] solver_used=DENSE_SCHUR sparse_backend=EIGEN_SPARSE dense_backend=EIGEN mixed=0 threads=1
I20260807 17:05:16.795973 0x20b9da080 database_cache.cc:72] Loading rigs...
I20260807 17:05:16.795996 0x20b9da080 database_cache.cc:82]  0 in 0.000s
I20260807 17:05:16.796003 0x20b9da080 database_cache.cc:90] Loading cameras...
I20260807 17:05:16.796036 0x20b9da080 database_cache.cc:108]  100 in 0.000s
I20260807 17:05:16.796042 0x20b9da080 database_cache.cc:116] Loading frames...
I20260807 17:05:16.796049 0x20b9da080 database_cache.cc:126]  0 in 0.000s
I20260807 17:05:16.796054 0x20b9da080 database_cache.cc:134] Loading matches...
I20260807 17:05:16.796814 0x20b9da080 database_cache.cc:139]  1264 in 0.001s
I20260807 17:05:16.796820 0x20b9da080 database_cache.cc:147] Loading images...
I20260807 17:05:16.804184 0x20b9da080 database_cache.cc:236]  100 in 0.007s (loaded all 100)
I20260807 17:05:16.804205 0x20b9da080 database_cache.cc:255] Loading pose priors...
I20260807 17:05:16.804217 0x20b9da080 database_cache.cc:263]  0 in 0.000s
I20260807 17:05:16.804224 0x20b9da080 database_cache.cc:271] Building correspondence graph...
I20260807 17:05:16.818025 0x20b9da080 database_cache.cc:300]  in 0.014s (ignored 0)
I20260807 17:05:16.832491 0x20b9da080 official_bundle_adjustment_ceres.cc:1434] [AETHER gravity] injected 2/2 roll/pitch anchors, sigma_rad=0.00872665
I20260807 17:05:16.836874 0x20b9da080 official_bundle_adjustment_ceres.cc:923] [AETHER] solver_used=DENSE_SCHUR sparse_backend=EIGEN_SPARSE dense_backend=EIGEN mixed=0 threads=1
I20260807 17:05:16.841244 0x20b9da080 official_bundle_adjustment_ceres.cc:1434] [AETHER gravity] injected 3/3 roll/pitch anchors, sigma_rad=0.00872665
I20260807 17:05:16.843551 0x20b9da080 official_bundle_adjustment_ceres.cc:923] [AETHER] solver_used=DENSE_SCHUR sparse_backend=EIGEN_SPARSE dense_backend=EIGEN mixed=0 threads=1
  fed 100/201 frames (last n_kp=8192)
I20260807 17:05:17.140400 0x20b9da080 database_cache.cc:72] Loading rigs...
I20260807 17:05:17.140429 0x20b9da080 database_cache.cc:82]  0 in 0.000s
I20260807 17:05:17.140436 0x20b9da080 database_cache.cc:90] Loading cameras...
I20260807 17:05:17.140470 0x20b9da080 database_cache.cc:108]  101 in 0.000s
I20260807 17:05:17.140475 0x20b9da080 database_cache.cc:116] Loading frames...
I20260807 17:05:17.140482 0x20b9da080 database_cache.cc:126]  0 in 0.000s
I20260807 17:05:17.140486 0x20b9da080 database_cache.cc:134] Loading matches...
I20260807 17:05:17.141253 0x20b9da080 database_cache.cc:139]  1281 in 0.001s
I20260807 17:05:17.141259 0x20b9da080 database_cache.cc:147] Loading images...
I20260807 17:05:17.148115 0x20b9da080 database_cache.cc:236]  101 in 0.007s (loaded all 101)
I20260807 17:05:17.148136 0x20b9da080 database_cache.cc:255] Loading pose priors...
I20260807 17:05:17.148146 0x20b9da080 database_cache.cc:263]  0 in 0.000s
I20260807 17:05:17.148150 0x20b9da080 database_cache.cc:271] Building correspondence graph...
I20260807 17:05:17.162296 0x20b9da080 database_cache.cc:300]  in 0.014s (ignored 0)
I20260807 17:05:17.176834 0x20b9da080 official_bundle_adjustment_ceres.cc:1434] [AETHER gravity] injected 6/6 roll/pitch anchors, sigma_rad=0.00872665
I20260807 17:05:17.190775 0x20b9da080 official_bundle_adjustment_ceres.cc:923] [AETHER] solver_used=DENSE_SCHUR sparse_backend=EIGEN_SPARSE dense_backend=EIGEN mixed=0 threads=1
I20260807 17:05:17.194615 0x20b9da080 official_bundle_adjustment_ceres.cc:1434] [AETHER gravity] injected 4/4 roll/pitch anchors, sigma_rad=0.00872665
I20260807 17:05:17.198944 0x20b9da080 official_bundle_adjustment_ceres.cc:923] [AETHER] solver_used=DENSE_SCHUR sparse_backend=EIGEN_SPARSE dense_backend=EIGEN mixed=0 threads=1
I20260807 17:05:17.513577 0x20b9da080 database_cache.cc:72] Loading rigs...
I20260807 17:05:17.513600 0x20b9da080 database_cache.cc:82]  0 in 0.000s
I20260807 17:05:17.513606 0x20b9da080 database_cache.cc:90] Loading cameras...
I20260807 17:05:17.513640 0x20b9da080 database_cache.cc:108]  102 in 0.000s
I20260807 17:05:17.513645 0x20b9da080 database_cache.cc:116] Loading frames...
I20260807 17:05:17.513652 0x20b9da080 database_cache.cc:126]  0 in 0.000s
I20260807 17:05:17.513656 0x20b9da080 database_cache.cc:134] Loading matches...
I20260807 17:05:17.514511 0x20b9da080 database_cache.cc:139]  1298 in 0.001s
I20260807 17:05:17.514517 0x20b9da080 database_cache.cc:147] Loading images...
I20260807 17:05:17.521702 0x20b9da080 database_cache.cc:236]  102 in 0.007s (loaded all 102)
I20260807 17:05:17.521738 0x20b9da080 database_cache.cc:255] Loading pose priors...
I20260807 17:05:17.521751 0x20b9da080 database_cache.cc:263]  0 in 0.000s
I20260807 17:05:17.521759 0x20b9da080 database_cache.cc:271] Building correspondence graph...
I20260807 17:05:17.535687 0x20b9da080 database_cache.cc:300]  in 0.014s (ignored 0)
I20260807 17:05:17.550913 0x20b9da080 official_bundle_adjustment_ceres.cc:1434] [AETHER gravity] injected 6/6 roll/pitch anchors, sigma_rad=0.00872665
I20260807 17:05:17.567842 0x20b9da080 official_bundle_adjustment_ceres.cc:923] [AETHER] solver_used=DENSE_SCHUR sparse_backend=EIGEN_SPARSE dense_backend=EIGEN mixed=0 threads=1
I20260807 17:05:17.572631 0x20b9da080 official_bundle_adjustment_ceres.cc:1434] [AETHER gravity] injected 6/6 roll/pitch anchors, sigma_rad=0.00872665
I20260807 17:05:17.574823 0x20b9da080 official_bundle_adjustment_ceres.cc:923] [AETHER] solver_used=DENSE_SCHUR sparse_backend=EIGEN_SPARSE dense_backend=EIGEN mixed=0 threads=1
I20260807 17:05:17.858935 0x20b9da080 database_cache.cc:72] Loading rigs...
I20260807 17:05:17.858960 0x20b9da080 database_cache.cc:82]  0 in 0.000s
I20260807 17:05:17.858966 0x20b9da080 database_cache.cc:90] Loading cameras...
I20260807 17:05:17.859001 0x20b9da080 database_cache.cc:108]  103 in 0.000s
I20260807 17:05:17.859005 0x20b9da080 database_cache.cc:116] Loading frames...
I20260807 17:05:17.859012 0x20b9da080 database_cache.cc:126]  0 in 0.000s
I20260807 17:05:17.859017 0x20b9da080 database_cache.cc:134] Loading matches...
I20260807 17:05:17.859820 0x20b9da080 database_cache.cc:139]  1317 in 0.001s
I20260807 17:05:17.859825 0x20b9da080 database_cache.cc:147] Loading images...
I20260807 17:05:17.866874 0x20b9da080 database_cache.cc:236]  103 in 0.007s (loaded all 103)
I20260807 17:05:17.866901 0x20b9da080 database_cache.cc:255] Loading pose priors...
I20260807 17:05:17.866910 0x20b9da080 database_cache.cc:263]  0 in 0.000s
I20260807 17:05:17.866914 0x20b9da080 database_cache.cc:271] Building correspondence graph...
I20260807 17:05:17.881426 0x20b9da080 database_cache.cc:300]  in 0.015s (ignored 0)
I20260807 17:05:17.895612 0x20b9da080 official_bundle_adjustment_ceres.cc:1434] [AETHER gravity] injected 6/6 roll/pitch anchors, sigma_rad=0.00872665
I20260807 17:05:17.912780 0x20b9da080 official_bundle_adjustment_ceres.cc:923] [AETHER] solver_used=DENSE_SCHUR sparse_backend=EIGEN_SPARSE dense_backend=EIGEN mixed=0 threads=1
I20260807 17:05:17.916470 0x20b9da080 official_bundle_adjustment_ceres.cc:1434] [AETHER gravity] injected 5/5 roll/pitch anchors, sigma_rad=0.00872665
I20260807 17:05:17.922638 0x20b9da080 official_bundle_adjustment_ceres.cc:923] [AETHER] solver_used=DENSE_SCHUR sparse_backend=EIGEN_SPARSE dense_backend=EIGEN mixed=0 threads=1
I20260807 17:05:18.221912 0x20b9da080 database_cache.cc:72] Loading rigs...
I20260807 17:05:18.221935 0x20b9da080 database_cache.cc:82]  0 in 0.000s
I20260807 17:05:18.221941 0x20b9da080 database_cache.cc:90] Loading cameras...
I20260807 17:05:18.221976 0x20b9da080 database_cache.cc:108]  104 in 0.000s
I20260807 17:05:18.221982 0x20b9da080 database_cache.cc:116] Loading frames...
I20260807 17:05:18.221988 0x20b9da080 database_cache.cc:126]  0 in 0.000s
I20260807 17:05:18.221992 0x20b9da080 database_cache.cc:134] Loading matches...
I20260807 17:05:18.222790 0x20b9da080 database_cache.cc:139]  1337 in 0.001s
I20260807 17:05:18.222798 0x20b9da080 database_cache.cc:147] Loading images...
I20260807 17:05:18.229779 0x20b9da080 database_cache.cc:236]  104 in 0.007s (loaded all 104)
I20260807 17:05:18.229794 0x20b9da080 database_cache.cc:255] Loading pose priors...
I20260807 17:05:18.229803 0x20b9da080 database_cache.cc:263]  0 in 0.000s
I20260807 17:05:18.229807 0x20b9da080 database_cache.cc:271] Building correspondence graph...
I20260807 17:05:18.244842 0x20b9da080 database_cache.cc:300]  in 0.015s (ignored 0)
I20260807 17:05:18.260227 0x20b9da080 official_bundle_adjustment_ceres.cc:1434] [AETHER gravity] injected 6/6 roll/pitch anchors, sigma_rad=0.00872665
W20260807 17:05:18.292258 0x20b9da080 levenberg_marquardt_strategy.cc:123] Linear solver failure. Failed to compute a step: Eigen failure. Unable to perform dense Cholesky factorization.
I20260807 17:05:18.292502 0x20b9da080 official_bundle_adjustment_ceres.cc:923] [AETHER] solver_used=DENSE_SCHUR sparse_backend=EIGEN_SPARSE dense_backend=EIGEN mixed=0 threads=6
I20260807 17:05:18.298034 0x20b9da080 official_bundle_adjustment_ceres.cc:1434] [AETHER gravity] injected 6/6 roll/pitch anchors, sigma_rad=0.00872665
I20260807 17:05:18.310037 0x20b9da080 official_bundle_adjustment_ceres.cc:923] [AETHER] solver_used=DENSE_SCHUR sparse_backend=EIGEN_SPARSE dense_backend=EIGEN mixed=0 threads=1
I20260807 17:05:18.625375 0x20b9da080 database_cache.cc:72] Loading rigs...
I20260807 17:05:18.625404 0x20b9da080 database_cache.cc:82]  0 in 0.000s
I20260807 17:05:18.625411 0x20b9da080 database_cache.cc:90] Loading cameras...
I20260807 17:05:18.625447 0x20b9da080 database_cache.cc:108]  105 in 0.000s
I20260807 17:05:18.625452 0x20b9da080 database_cache.cc:116] Loading frames...
I20260807 17:05:18.625459 0x20b9da080 database_cache.cc:126]  0 in 0.000s
I20260807 17:05:18.625463 0x20b9da080 database_cache.cc:134] Loading matches...
I20260807 17:05:18.626316 0x20b9da080 database_cache.cc:139]  1357 in 0.001s
I20260807 17:05:18.626322 0x20b9da080 database_cache.cc:147] Loading images...
I20260807 17:05:18.633838 0x20b9da080 database_cache.cc:236]  105 in 0.008s (loaded all 105)
I20260807 17:05:18.633859 0x20b9da080 database_cache.cc:255] Loading pose priors...
I20260807 17:05:18.633869 0x20b9da080 database_cache.cc:263]  0 in 0.000s
I20260807 17:05:18.633873 0x20b9da080 database_cache.cc:271] Building correspondence graph...
I20260807 17:05:18.649335 0x20b9da080 database_cache.cc:300]  in 0.015s (ignored 0)
I20260807 17:05:18.667496 0x20b9da080 official_bundle_adjustment_ceres.cc:1434] [AETHER gravity] injected 5/5 roll/pitch anchors, sigma_rad=0.00872665
I20260807 17:05:18.697267 0x20b9da080 official_bundle_adjustment_ceres.cc:923] [AETHER] solver_used=DENSE_SCHUR sparse_backend=EIGEN_SPARSE dense_backend=EIGEN mixed=0 threads=6
I20260807 17:05:18.704436 0x20b9da080 official_bundle_adjustment_ceres.cc:1434] [AETHER gravity] injected 4/4 roll/pitch anchors, sigma_rad=0.00872665
I20260807 17:05:18.717338 0x20b9da080 official_bundle_adjustment_ceres.cc:923] [AETHER] solver_used=DENSE_SCHUR sparse_backend=EIGEN_SPARSE dense_backend=EIGEN mixed=0 threads=1
I20260807 17:05:19.041454 0x20b9da080 database_cache.cc:72] Loading rigs...
I20260807 17:05:19.041481 0x20b9da080 database_cache.cc:82]  0 in 0.000s
I20260807 17:05:19.041488 0x20b9da080 database_cache.cc:90] Loading cameras...
I20260807 17:05:19.041523 0x20b9da080 database_cache.cc:108]  106 in 0.000s
I20260807 17:05:19.041528 0x20b9da080 database_cache.cc:116] Loading frames...
I20260807 17:05:19.041535 0x20b9da080 database_cache.cc:126]  0 in 0.000s
I20260807 17:05:19.041539 0x20b9da080 database_cache.cc:134] Loading matches...
I20260807 17:05:19.042435 0x20b9da080 database_cache.cc:139]  1379 in 0.001s
I20260807 17:05:19.042440 0x20b9da080 database_cache.cc:147] Loading images...
I20260807 17:05:19.049662 0x20b9da080 database_cache.cc:236]  106 in 0.007s (loaded all 106)
I20260807 17:05:19.049690 0x20b9da080 database_cache.cc:255] Loading pose priors...
I20260807 17:05:19.049699 0x20b9da080 database_cache.cc:263]  0 in 0.000s
I20260807 17:05:19.049703 0x20b9da080 database_cache.cc:271] Building correspondence graph...
I20260807 17:05:19.065294 0x20b9da080 database_cache.cc:300]  in 0.016s (ignored 0)
I20260807 17:05:19.083436 0x20b9da080 official_bundle_adjustment_ceres.cc:1434] [AETHER gravity] injected 6/6 roll/pitch anchors, sigma_rad=0.00872665
I20260807 17:05:19.106919 0x20b9da080 official_bundle_adjustment_ceres.cc:923] [AETHER] solver_used=DENSE_SCHUR sparse_backend=EIGEN_SPARSE dense_backend=EIGEN mixed=0 threads=1
I20260807 17:05:19.112048 0x20b9da080 official_bundle_adjustment_ceres.cc:1434] [AETHER gravity] injected 6/6 roll/pitch anchors, sigma_rad=0.00872665
I20260807 17:05:19.124598 0x20b9da080 official_bundle_adjustment_ceres.cc:923] [AETHER] solver_used=DENSE_SCHUR sparse_backend=EIGEN_SPARSE dense_backend=EIGEN mixed=0 threads=1
I20260807 17:05:19.453347 0x20b9da080 database_cache.cc:72] Loading rigs...
I20260807 17:05:19.453382 0x20b9da080 database_cache.cc:82]  0 in 0.000s
I20260807 17:05:19.453391 0x20b9da080 database_cache.cc:90] Loading cameras...
I20260807 17:05:19.453429 0x20b9da080 database_cache.cc:108]  107 in 0.000s
I20260807 17:05:19.453435 0x20b9da080 database_cache.cc:116] Loading frames...
I20260807 17:05:19.453441 0x20b9da080 database_cache.cc:126]  0 in 0.000s
I20260807 17:05:19.453445 0x20b9da080 database_cache.cc:134] Loading matches...
I20260807 17:05:19.454496 0x20b9da080 database_cache.cc:139]  1401 in 0.001s
I20260807 17:05:19.454545 0x20b9da080 database_cache.cc:147] Loading images...
I20260807 17:05:19.461900 0x20b9da080 database_cache.cc:236]  107 in 0.007s (loaded all 107)
I20260807 17:05:19.461919 0x20b9da080 database_cache.cc:255] Loading pose priors...
I20260807 17:05:19.461930 0x20b9da080 database_cache.cc:263]  0 in 0.000s
I20260807 17:05:19.461936 0x20b9da080 database_cache.cc:271] Building correspondence graph...
I20260807 17:05:19.477971 0x20b9da080 database_cache.cc:300]  in 0.016s (ignored 0)
I20260807 17:05:19.497369 0x20b9da080 official_bundle_adjustment_ceres.cc:1434] [AETHER gravity] injected 6/6 roll/pitch anchors, sigma_rad=0.00872665
I20260807 17:05:19.514470 0x20b9da080 official_bundle_adjustment_ceres.cc:923] [AETHER] solver_used=DENSE_SCHUR sparse_backend=EIGEN_SPARSE dense_backend=EIGEN mixed=0 threads=1
I20260807 17:05:19.520081 0x20b9da080 official_bundle_adjustment_ceres.cc:1434] [AETHER gravity] injected 6/6 roll/pitch anchors, sigma_rad=0.00872665
I20260807 17:05:19.530497 0x20b9da080 official_bundle_adjustment_ceres.cc:923] [AETHER] solver_used=DENSE_SCHUR sparse_backend=EIGEN_SPARSE dense_backend=EIGEN mixed=0 threads=1
I20260807 17:05:19.874635 0x20b9da080 database_cache.cc:72] Loading rigs...
I20260807 17:05:19.874661 0x20b9da080 database_cache.cc:82]  0 in 0.000s
I20260807 17:05:19.874669 0x20b9da080 database_cache.cc:90] Loading cameras...
I20260807 17:05:19.874709 0x20b9da080 database_cache.cc:108]  108 in 0.000s
I20260807 17:05:19.874713 0x20b9da080 database_cache.cc:116] Loading frames...
I20260807 17:05:19.874720 0x20b9da080 database_cache.cc:126]  0 in 0.000s
I20260807 17:05:19.874724 0x20b9da080 database_cache.cc:134] Loading matches...
I20260807 17:05:19.876918 0x20b9da080 database_cache.cc:139]  1423 in 0.002s
I20260807 17:05:19.876927 0x20b9da080 database_cache.cc:147] Loading images...
I20260807 17:05:19.884257 0x20b9da080 database_cache.cc:236]  108 in 0.007s (loaded all 108)
I20260807 17:05:19.884277 0x20b9da080 database_cache.cc:255] Loading pose priors...
I20260807 17:05:19.884288 0x20b9da080 database_cache.cc:263]  0 in 0.000s
I20260807 17:05:19.884293 0x20b9da080 database_cache.cc:271] Building correspondence graph...
I20260807 17:05:19.900604 0x20b9da080 database_cache.cc:300]  in 0.016s (ignored 0)
I20260807 17:05:19.919826 0x20b9da080 official_bundle_adjustment_ceres.cc:1434] [AETHER gravity] injected 6/6 roll/pitch anchors, sigma_rad=0.00872665
I20260807 17:05:19.943661 0x20b9da080 official_bundle_adjustment_ceres.cc:923] [AETHER] solver_used=DENSE_SCHUR sparse_backend=EIGEN_SPARSE dense_backend=EIGEN mixed=0 threads=6
I20260807 17:05:19.948754 0x20b9da080 official_bundle_adjustment_ceres.cc:1434] [AETHER gravity] injected 6/6 roll/pitch anchors, sigma_rad=0.00872665
I20260807 17:05:19.951657 0x20b9da080 official_bundle_adjustment_ceres.cc:923] [AETHER] solver_used=DENSE_SCHUR sparse_backend=EIGEN_SPARSE dense_backend=EIGEN mixed=0 threads=1
I20260807 17:05:20.303736 0x20b9da080 database_cache.cc:72] Loading rigs...
I20260807 17:05:20.303769 0x20b9da080 database_cache.cc:82]  0 in 0.000s
I20260807 17:05:20.303776 0x20b9da080 database_cache.cc:90] Loading cameras...
I20260807 17:05:20.303813 0x20b9da080 database_cache.cc:108]  109 in 0.000s
I20260807 17:05:20.303818 0x20b9da080 database_cache.cc:116] Loading frames...
I20260807 17:05:20.303825 0x20b9da080 database_cache.cc:126]  0 in 0.000s
I20260807 17:05:20.303829 0x20b9da080 database_cache.cc:134] Loading matches...
I20260807 17:05:20.304984 0x20b9da080 database_cache.cc:139]  1445 in 0.001s
I20260807 17:05:20.304994 0x20b9da080 database_cache.cc:147] Loading images...
I20260807 17:05:20.312319 0x20b9da080 database_cache.cc:236]  109 in 0.007s (loaded all 109)
I20260807 17:05:20.312336 0x20b9da080 database_cache.cc:255] Loading pose priors...
I20260807 17:05:20.312345 0x20b9da080 database_cache.cc:263]  0 in 0.000s
I20260807 17:05:20.312350 0x20b9da080 database_cache.cc:271] Building correspondence graph...
I20260807 17:05:20.328833 0x20b9da080 database_cache.cc:300]  in 0.016s (ignored 0)
I20260807 17:05:20.349954 0x20b9da080 official_bundle_adjustment_ceres.cc:1434] [AETHER gravity] injected 6/6 roll/pitch anchors, sigma_rad=0.00872665
I20260807 17:05:20.365823 0x20b9da080 official_bundle_adjustment_ceres.cc:923] [AETHER] solver_used=DENSE_SCHUR sparse_backend=EIGEN_SPARSE dense_backend=EIGEN mixed=0 threads=6
I20260807 17:05:20.371634 0x20b9da080 official_bundle_adjustment_ceres.cc:1434] [AETHER gravity] injected 6/6 roll/pitch anchors, sigma_rad=0.00872665
I20260807 17:05:20.373413 0x20b9da080 official_bundle_adjustment_ceres.cc:923] [AETHER] solver_used=DENSE_SCHUR sparse_backend=EIGEN_SPARSE dense_backend=EIGEN mixed=0 threads=1
I20260807 17:05:20.803865 0x20b9da080 database_cache.cc:72] Loading rigs...
I20260807 17:05:20.803893 0x20b9da080 database_cache.cc:82]  0 in 0.000s
I20260807 17:05:20.803903 0x20b9da080 database_cache.cc:90] Loading cameras...
I20260807 17:05:20.803942 0x20b9da080 database_cache.cc:108]  110 in 0.000s
I20260807 17:05:20.803947 0x20b9da080 database_cache.cc:116] Loading frames...
I20260807 17:05:20.803955 0x20b9da080 database_cache.cc:126]  0 in 0.000s
I20260807 17:05:20.803959 0x20b9da080 database_cache.cc:134] Loading matches...
I20260807 17:05:20.805331 0x20b9da080 database_cache.cc:139]  1469 in 0.001s
I20260807 17:05:20.805344 0x20b9da080 database_cache.cc:147] Loading images...
I20260807 17:05:20.812827 0x20b9da080 database_cache.cc:236]  110 in 0.007s (loaded all 110)
I20260807 17:05:20.812845 0x20b9da080 database_cache.cc:255] Loading pose priors...
I20260807 17:05:20.812857 0x20b9da080 database_cache.cc:263]  0 in 0.000s
I20260807 17:05:20.812863 0x20b9da080 database_cache.cc:271] Building correspondence graph...
I20260807 17:05:20.829752 0x20b9da080 database_cache.cc:300]  in 0.017s (ignored 0)
I20260807 17:05:20.851042 0x20b9da080 official_bundle_adjustment_ceres.cc:1434] [AETHER gravity] injected 6/6 roll/pitch anchors, sigma_rad=0.00872665
I20260807 17:05:20.869380 0x20b9da080 official_bundle_adjustment_ceres.cc:923] [AETHER] solver_used=DENSE_SCHUR sparse_backend=EIGEN_SPARSE dense_backend=EIGEN mixed=0 threads=6
I20260807 17:05:20.874898 0x20b9da080 official_bundle_adjustment_ceres.cc:1434] [AETHER gravity] injected 6/6 roll/pitch anchors, sigma_rad=0.00872665
I20260807 17:05:20.877362 0x20b9da080 official_bundle_adjustment_ceres.cc:923] [AETHER] solver_used=DENSE_SCHUR sparse_backend=EIGEN_SPARSE dense_backend=EIGEN mixed=0 threads=1
I20260807 17:05:21.233518 0x20b9da080 database_cache.cc:72] Loading rigs...
I20260807 17:05:21.233546 0x20b9da080 database_cache.cc:82]  0 in 0.000s
I20260807 17:05:21.233553 0x20b9da080 database_cache.cc:90] Loading cameras...
I20260807 17:05:21.233589 0x20b9da080 database_cache.cc:108]  111 in 0.000s
I20260807 17:05:21.233594 0x20b9da080 database_cache.cc:116] Loading frames...
I20260807 17:05:21.233601 0x20b9da080 database_cache.cc:126]  0 in 0.000s
I20260807 17:05:21.233605 0x20b9da080 database_cache.cc:134] Loading matches...
I20260807 17:05:21.234528 0x20b9da080 database_cache.cc:139]  1491 in 0.001s
I20260807 17:05:21.234536 0x20b9da080 database_cache.cc:147] Loading images...
I20260807 17:05:21.242332 0x20b9da080 database_cache.cc:236]  111 in 0.008s (loaded all 111)
I20260807 17:05:21.242357 0x20b9da080 database_cache.cc:255] Loading pose priors...
I20260807 17:05:21.242373 0x20b9da080 database_cache.cc:263]  0 in 0.000s
I20260807 17:05:21.242377 0x20b9da080 database_cache.cc:271] Building correspondence graph...
I20260807 17:05:21.259366 0x20b9da080 database_cache.cc:300]  in 0.017s (ignored 0)
I20260807 17:05:21.281789 0x20b9da080 official_bundle_adjustment_ceres.cc:1434] [AETHER gravity] injected 6/6 roll/pitch anchors, sigma_rad=0.00872665
I20260807 17:05:21.297530 0x20b9da080 official_bundle_adjustment_ceres.cc:923] [AETHER] solver_used=DENSE_SCHUR sparse_backend=EIGEN_SPARSE dense_backend=EIGEN mixed=0 threads=6
I20260807 17:05:21.303076 0x20b9da080 official_bundle_adjustment_ceres.cc:1434] [AETHER gravity] injected 6/6 roll/pitch anchors, sigma_rad=0.00872665
I20260807 17:05:21.312480 0x20b9da080 official_bundle_adjustment_ceres.cc:923] [AETHER] solver_used=DENSE_SCHUR sparse_backend=EIGEN_SPARSE dense_backend=EIGEN mixed=0 threads=1
I20260807 17:05:21.632572 0x20b9da080 database_cache.cc:72] Loading rigs...
I20260807 17:05:21.632595 0x20b9da080 database_cache.cc:82]  0 in 0.000s
I20260807 17:05:21.632602 0x20b9da080 database_cache.cc:90] Loading cameras...
I20260807 17:05:21.632637 0x20b9da080 database_cache.cc:108]  112 in 0.000s
I20260807 17:05:21.632642 0x20b9da080 database_cache.cc:116] Loading frames...
I20260807 17:05:21.632649 0x20b9da080 database_cache.cc:126]  0 in 0.000s
I20260807 17:05:21.632653 0x20b9da080 database_cache.cc:134] Loading matches...
I20260807 17:05:21.633644 0x20b9da080 database_cache.cc:139]  1513 in 0.001s
I20260807 17:05:21.633652 0x20b9da080 database_cache.cc:147] Loading images...
I20260807 17:05:21.641563 0x20b9da080 database_cache.cc:236]  112 in 0.008s (loaded all 112)
I20260807 17:05:21.641594 0x20b9da080 database_cache.cc:255] Loading pose priors...
I20260807 17:05:21.641611 0x20b9da080 database_cache.cc:263]  0 in 0.000s
I20260807 17:05:21.641616 0x20b9da080 database_cache.cc:271] Building correspondence graph...
I20260807 17:05:21.658868 0x20b9da080 database_cache.cc:300]  in 0.017s (ignored 0)
I20260807 17:05:21.677036 0x20b9da080 official_bundle_adjustment_ceres.cc:1434] [AETHER gravity] injected 5/5 roll/pitch anchors, sigma_rad=0.00872665
I20260807 17:05:21.695117 0x20b9da080 official_bundle_adjustment_ceres.cc:923] [AETHER] solver_used=DENSE_SCHUR sparse_backend=EIGEN_SPARSE dense_backend=EIGEN mixed=0 threads=6
I20260807 17:05:21.700029 0x20b9da080 official_bundle_adjustment_ceres.cc:1434] [AETHER gravity] injected 6/6 roll/pitch anchors, sigma_rad=0.00872665
I20260807 17:05:21.705791 0x20b9da080 official_bundle_adjustment_ceres.cc:923] [AETHER] solver_used=DENSE_SCHUR sparse_backend=EIGEN_SPARSE dense_backend=EIGEN mixed=0 threads=1
I20260807 17:05:21.976686 0x20b9da080 database_cache.cc:72] Loading rigs...
I20260807 17:05:21.976714 0x20b9da080 database_cache.cc:82]  0 in 0.000s
I20260807 17:05:21.976721 0x20b9da080 database_cache.cc:90] Loading cameras...
I20260807 17:05:21.976761 0x20b9da080 database_cache.cc:108]  113 in 0.000s
I20260807 17:05:21.976766 0x20b9da080 database_cache.cc:116] Loading frames...
I20260807 17:05:21.976773 0x20b9da080 database_cache.cc:126]  0 in 0.000s
I20260807 17:05:21.976777 0x20b9da080 database_cache.cc:134] Loading matches...
I20260807 17:05:21.977758 0x20b9da080 database_cache.cc:139]  1535 in 0.001s
I20260807 17:05:21.977766 0x20b9da080 database_cache.cc:147] Loading images...
I20260807 17:05:21.985419 0x20b9da080 database_cache.cc:236]  113 in 0.008s (loaded all 113)
I20260807 17:05:21.985436 0x20b9da080 database_cache.cc:255] Loading pose priors...
I20260807 17:05:21.985446 0x20b9da080 database_cache.cc:263]  0 in 0.000s
I20260807 17:05:21.985451 0x20b9da080 database_cache.cc:271] Building correspondence graph...
I20260807 17:05:22.002852 0x20b9da080 database_cache.cc:300]  in 0.017s (ignored 0)
I20260807 17:05:22.019086 0x20b9da080 official_bundle_adjustment_ceres.cc:1434] [AETHER gravity] injected 6/6 roll/pitch anchors, sigma_rad=0.00872665
I20260807 17:05:22.035024 0x20b9da080 official_bundle_adjustment_ceres.cc:923] [AETHER] solver_used=DENSE_SCHUR sparse_backend=EIGEN_SPARSE dense_backend=EIGEN mixed=0 threads=1
I20260807 17:05:22.039345 0x20b9da080 official_bundle_adjustment_ceres.cc:1434] [AETHER gravity] injected 6/6 roll/pitch anchors, sigma_rad=0.00872665
I20260807 17:05:22.043037 0x20b9da080 official_bundle_adjustment_ceres.cc:923] [AETHER] solver_used=DENSE_SCHUR sparse_backend=EIGEN_SPARSE dense_backend=EIGEN mixed=0 threads=1
I20260807 17:05:22.273195 0x20b9da080 database_cache.cc:72] Loading rigs...
I20260807 17:05:22.273219 0x20b9da080 database_cache.cc:82]  0 in 0.000s
I20260807 17:05:22.273227 0x20b9da080 database_cache.cc:90] Loading cameras...
I20260807 17:05:22.273261 0x20b9da080 database_cache.cc:108]  114 in 0.000s
I20260807 17:05:22.273266 0x20b9da080 database_cache.cc:116] Loading frames...
I20260807 17:05:22.273273 0x20b9da080 database_cache.cc:126]  0 in 0.000s
I20260807 17:05:22.273277 0x20b9da080 database_cache.cc:134] Loading matches...
I20260807 17:05:22.274222 0x20b9da080 database_cache.cc:139]  1554 in 0.001s
I20260807 17:05:22.274227 0x20b9da080 database_cache.cc:147] Loading images...
I20260807 17:05:22.282032 0x20b9da080 database_cache.cc:236]  114 in 0.008s (loaded all 114)
I20260807 17:05:22.282059 0x20b9da080 database_cache.cc:255] Loading pose priors...
I20260807 17:05:22.282069 0x20b9da080 database_cache.cc:263]  0 in 0.000s
I20260807 17:05:22.282074 0x20b9da080 database_cache.cc:271] Building correspondence graph...
I20260807 17:05:22.299736 0x20b9da080 database_cache.cc:300]  in 0.018s (ignored 0)
I20260807 17:05:22.313458 0x20b9da080 official_bundle_adjustment_ceres.cc:1434] [AETHER gravity] injected 6/6 roll/pitch anchors, sigma_rad=0.00872665
W20260807 17:05:22.328941 0x20b9da080 levenberg_marquardt_strategy.cc:123] Linear solver failure. Failed to compute a step: Eigen failure. Unable to perform dense Cholesky factorization.
I20260807 17:05:22.330294 0x20b9da080 official_bundle_adjustment_ceres.cc:923] [AETHER] solver_used=DENSE_SCHUR sparse_backend=EIGEN_SPARSE dense_backend=EIGEN mixed=0 threads=1
I20260807 17:05:22.333663 0x20b9da080 official_bundle_adjustment_ceres.cc:1434] [AETHER gravity] injected 5/5 roll/pitch anchors, sigma_rad=0.00872665
I20260807 17:05:22.337954 0x20b9da080 official_bundle_adjustment_ceres.cc:923] [AETHER] solver_used=DENSE_SCHUR sparse_backend=EIGEN_SPARSE dense_backend=EIGEN mixed=0 threads=1
I20260807 17:05:22.544782 0x20b9da080 database_cache.cc:72] Loading rigs...
I20260807 17:05:22.544807 0x20b9da080 database_cache.cc:82]  0 in 0.000s
I20260807 17:05:22.544816 0x20b9da080 database_cache.cc:90] Loading cameras...
I20260807 17:05:22.544850 0x20b9da080 database_cache.cc:108]  115 in 0.000s
I20260807 17:05:22.544857 0x20b9da080 database_cache.cc:116] Loading frames...
I20260807 17:05:22.544866 0x20b9da080 database_cache.cc:126]  0 in 0.000s
I20260807 17:05:22.544870 0x20b9da080 database_cache.cc:134] Loading matches...
I20260807 17:05:22.545793 0x20b9da080 database_cache.cc:139]  1562 in 0.001s
I20260807 17:05:22.545801 0x20b9da080 database_cache.cc:147] Loading images...
I20260807 17:05:22.553780 0x20b9da080 database_cache.cc:236]  115 in 0.008s (loaded all 115)
I20260807 17:05:22.553804 0x20b9da080 database_cache.cc:255] Loading pose priors...
I20260807 17:05:22.553815 0x20b9da080 database_cache.cc:263]  0 in 0.000s
I20260807 17:05:22.553822 0x20b9da080 database_cache.cc:271] Building correspondence graph...
I20260807 17:05:22.571482 0x20b9da080 database_cache.cc:300]  in 0.018s (ignored 0)
I20260807 17:05:22.711747 0x20b9da080 database_cache.cc:72] Loading rigs...
I20260807 17:05:22.711767 0x20b9da080 database_cache.cc:82]  0 in 0.000s
I20260807 17:05:22.711773 0x20b9da080 database_cache.cc:90] Loading cameras...
I20260807 17:05:22.711806 0x20b9da080 database_cache.cc:108]  116 in 0.000s
I20260807 17:05:22.711811 0x20b9da080 database_cache.cc:116] Loading frames...
I20260807 17:05:22.711817 0x20b9da080 database_cache.cc:126]  0 in 0.000s
I20260807 17:05:22.711822 0x20b9da080 database_cache.cc:134] Loading matches...
I20260807 17:05:22.712749 0x20b9da080 database_cache.cc:139]  1563 in 0.001s
I20260807 17:05:22.712756 0x20b9da080 database_cache.cc:147] Loading images...
I20260807 17:05:22.720703 0x20b9da080 database_cache.cc:236]  116 in 0.008s (loaded all 116)
I20260807 17:05:22.720725 0x20b9da080 database_cache.cc:255] Loading pose priors...
I20260807 17:05:22.720739 0x20b9da080 database_cache.cc:263]  0 in 0.000s
I20260807 17:05:22.720744 0x20b9da080 database_cache.cc:271] Building correspondence graph...
I20260807 17:05:22.738621 0x20b9da080 database_cache.cc:300]  in 0.018s (ignored 0)
I20260807 17:05:22.882156 0x20b9da080 database_cache.cc:72] Loading rigs...
I20260807 17:05:22.882180 0x20b9da080 database_cache.cc:82]  0 in 0.000s
I20260807 17:05:22.882186 0x20b9da080 database_cache.cc:90] Loading cameras...
I20260807 17:05:22.882222 0x20b9da080 database_cache.cc:108]  117 in 0.000s
I20260807 17:05:22.882227 0x20b9da080 database_cache.cc:116] Loading frames...
I20260807 17:05:22.882234 0x20b9da080 database_cache.cc:126]  0 in 0.000s
I20260807 17:05:22.882237 0x20b9da080 database_cache.cc:134] Loading matches...
I20260807 17:05:22.883198 0x20b9da080 database_cache.cc:139]  1565 in 0.001s
I20260807 17:05:22.883207 0x20b9da080 database_cache.cc:147] Loading images...
I20260807 17:05:22.891425 0x20b9da080 database_cache.cc:236]  117 in 0.008s (loaded all 117)
I20260807 17:05:22.891458 0x20b9da080 database_cache.cc:255] Loading pose priors...
I20260807 17:05:22.891475 0x20b9da080 database_cache.cc:263]  0 in 0.000s
I20260807 17:05:22.891480 0x20b9da080 database_cache.cc:271] Building correspondence graph...
I20260807 17:05:22.909374 0x20b9da080 database_cache.cc:300]  in 0.018s (ignored 0)
I20260807 17:05:23.108972 0x20b9da080 database_cache.cc:72] Loading rigs...
I20260807 17:05:23.109003 0x20b9da080 database_cache.cc:82]  0 in 0.000s
I20260807 17:05:23.109012 0x20b9da080 database_cache.cc:90] Loading cameras...
I20260807 17:05:23.109051 0x20b9da080 database_cache.cc:108]  118 in 0.000s
I20260807 17:05:23.109057 0x20b9da080 database_cache.cc:116] Loading frames...
I20260807 17:05:23.109065 0x20b9da080 database_cache.cc:126]  0 in 0.000s
I20260807 17:05:23.109069 0x20b9da080 database_cache.cc:134] Loading matches...
I20260807 17:05:23.110015 0x20b9da080 database_cache.cc:139]  1584 in 0.001s
I20260807 17:05:23.110026 0x20b9da080 database_cache.cc:147] Loading images...
I20260807 17:05:23.118067 0x20b9da080 database_cache.cc:236]  118 in 0.008s (loaded all 118)
I20260807 17:05:23.118084 0x20b9da080 database_cache.cc:255] Loading pose priors...
I20260807 17:05:23.118095 0x20b9da080 database_cache.cc:263]  0 in 0.000s
I20260807 17:05:23.118099 0x20b9da080 database_cache.cc:271] Building correspondence graph...
I20260807 17:05:23.136030 0x20b9da080 database_cache.cc:300]  in 0.018s (ignored 0)
I20260807 17:05:23.312444 0x20b9da080 database_cache.cc:72] Loading rigs...
I20260807 17:05:23.312466 0x20b9da080 database_cache.cc:82]  0 in 0.000s
I20260807 17:05:23.312472 0x20b9da080 database_cache.cc:90] Loading cameras...
I20260807 17:05:23.312505 0x20b9da080 database_cache.cc:108]  119 in 0.000s
I20260807 17:05:23.312510 0x20b9da080 database_cache.cc:116] Loading frames...
I20260807 17:05:23.312517 0x20b9da080 database_cache.cc:126]  0 in 0.000s
I20260807 17:05:23.312521 0x20b9da080 database_cache.cc:134] Loading matches...
I20260807 17:05:23.313454 0x20b9da080 database_cache.cc:139]  1599 in 0.001s
I20260807 17:05:23.313461 0x20b9da080 database_cache.cc:147] Loading images...
I20260807 17:05:23.321768 0x20b9da080 database_cache.cc:236]  119 in 0.008s (loaded all 119)
I20260807 17:05:23.321788 0x20b9da080 database_cache.cc:255] Loading pose priors...
I20260807 17:05:23.321799 0x20b9da080 database_cache.cc:263]  0 in 0.000s
I20260807 17:05:23.321804 0x20b9da080 database_cache.cc:271] Building correspondence graph...
I20260807 17:05:23.339541 0x20b9da080 database_cache.cc:300]  in 0.018s (ignored 0)
I20260807 17:05:23.352424 0x20b9da080 official_bundle_adjustment_ceres.cc:1434] [AETHER gravity] injected 2/2 roll/pitch anchors, sigma_rad=0.00872665
W20260807 17:05:23.353407 0x20b9da080 levenberg_marquardt_strategy.cc:123] Linear solver failure. Failed to compute a step: Eigen failure. Unable to perform dense Cholesky factorization.
I20260807 17:05:23.353429 0x20b9da080 official_bundle_adjustment_ceres.cc:923] [AETHER] solver_used=DENSE_SCHUR sparse_backend=EIGEN_SPARSE dense_backend=EIGEN mixed=0 threads=1
I20260807 17:05:23.355664 0x20b9da080 official_bundle_adjustment_ceres.cc:1434] [AETHER gravity] injected 2/2 roll/pitch anchors, sigma_rad=0.00872665
I20260807 17:05:23.355730 0x20b9da080 official_bundle_adjustment_ceres.cc:923] [AETHER] solver_used=DENSE_SCHUR sparse_backend=EIGEN_SPARSE dense_backend=EIGEN mixed=0 threads=1
I20260807 17:05:23.558246 0x20b9da080 database_cache.cc:72] Loading rigs...
I20260807 17:05:23.558270 0x20b9da080 database_cache.cc:82]  0 in 0.000s
I20260807 17:05:23.558277 0x20b9da080 database_cache.cc:90] Loading cameras...
I20260807 17:05:23.558311 0x20b9da080 database_cache.cc:108]  120 in 0.000s
I20260807 17:05:23.558316 0x20b9da080 database_cache.cc:116] Loading frames...
I20260807 17:05:23.558323 0x20b9da080 database_cache.cc:126]  0 in 0.000s
I20260807 17:05:23.558327 0x20b9da080 database_cache.cc:134] Loading matches...
I20260807 17:05:23.559272 0x20b9da080 database_cache.cc:139]  1615 in 0.001s
I20260807 17:05:23.559278 0x20b9da080 database_cache.cc:147] Loading images...
I20260807 17:05:23.567459 0x20b9da080 database_cache.cc:236]  120 in 0.008s (loaded all 120)
I20260807 17:05:23.567477 0x20b9da080 database_cache.cc:255] Loading pose priors...
I20260807 17:05:23.567493 0x20b9da080 database_cache.cc:263]  0 in 0.000s
I20260807 17:05:23.567497 0x20b9da080 database_cache.cc:271] Building correspondence graph...
I20260807 17:05:23.585278 0x20b9da080 database_cache.cc:300]  in 0.018s (ignored 0)
I20260807 17:05:23.754216 0x20b9da080 database_cache.cc:72] Loading rigs...
I20260807 17:05:23.754251 0x20b9da080 database_cache.cc:82]  0 in 0.000s
I20260807 17:05:23.754261 0x20b9da080 database_cache.cc:90] Loading cameras...
I20260807 17:05:23.754306 0x20b9da080 database_cache.cc:108]  121 in 0.000s
I20260807 17:05:23.754312 0x20b9da080 database_cache.cc:116] Loading frames...
I20260807 17:05:23.754319 0x20b9da080 database_cache.cc:126]  0 in 0.000s
I20260807 17:05:23.754324 0x20b9da080 database_cache.cc:134] Loading matches...
I20260807 17:05:23.755332 0x20b9da080 database_cache.cc:139]  1633 in 0.001s
I20260807 17:05:23.755339 0x20b9da080 database_cache.cc:147] Loading images...
I20260807 17:05:23.763523 0x20b9da080 database_cache.cc:236]  121 in 0.008s (loaded all 121)
I20260807 17:05:23.763551 0x20b9da080 database_cache.cc:255] Loading pose priors...
I20260807 17:05:23.763568 0x20b9da080 database_cache.cc:263]  0 in 0.000s
I20260807 17:05:23.763575 0x20b9da080 database_cache.cc:271] Building correspondence graph...
I20260807 17:05:23.781510 0x20b9da080 database_cache.cc:300]  in 0.018s (ignored 0)
I20260807 17:05:23.794830 0x20b9da080 official_bundle_adjustment_ceres.cc:1434] [AETHER gravity] injected 2/2 roll/pitch anchors, sigma_rad=0.00872665
W20260807 17:05:23.795770 0x20b9da080 levenberg_marquardt_strategy.cc:123] Linear solver failure. Failed to compute a step: Eigen failure. Unable to perform dense Cholesky factorization.
W20260807 17:05:23.795798 0x20b9da080 levenberg_marquardt_strategy.cc:123] Linear solver failure. Failed to compute a step: Eigen failure. Unable to perform dense Cholesky factorization.
W20260807 17:05:23.795963 0x20b9da080 levenberg_marquardt_strategy.cc:123] Linear solver failure. Failed to compute a step: Eigen failure. Unable to perform dense Cholesky factorization.
W20260807 17:05:23.796340 0x20b9da080 levenberg_marquardt_strategy.cc:123] Linear solver failure. Failed to compute a step: Eigen failure. Unable to perform dense Cholesky factorization.
W20260807 17:05:23.796435 0x20b9da080 levenberg_marquardt_strategy.cc:123] Linear solver failure. Failed to compute a step: Eigen failure. Unable to perform dense Cholesky factorization.
W20260807 17:05:23.796459 0x20b9da080 levenberg_marquardt_strategy.cc:123] Linear solver failure. Failed to compute a step: Eigen failure. Unable to perform dense Cholesky factorization.
I20260807 17:05:23.796474 0x20b9da080 official_bundle_adjustment_ceres.cc:923] [AETHER] solver_used=DENSE_SCHUR sparse_backend=EIGEN_SPARSE dense_backend=EIGEN mixed=0 threads=1
I20260807 17:05:23.798297 0x20b9da080 official_bundle_adjustment_ceres.cc:1434] [AETHER gravity] injected 2/2 roll/pitch anchors, sigma_rad=0.00872665
I20260807 17:05:23.798361 0x20b9da080 official_bundle_adjustment_ceres.cc:923] [AETHER] solver_used=DENSE_SCHUR sparse_backend=EIGEN_SPARSE dense_backend=EIGEN mixed=0 threads=1
I20260807 17:05:23.959645 0x20b9da080 database_cache.cc:72] Loading rigs...
I20260807 17:05:23.959670 0x20b9da080 database_cache.cc:82]  0 in 0.000s
I20260807 17:05:23.959677 0x20b9da080 database_cache.cc:90] Loading cameras...
I20260807 17:05:23.959713 0x20b9da080 database_cache.cc:108]  122 in 0.000s
I20260807 17:05:23.959718 0x20b9da080 database_cache.cc:116] Loading frames...
I20260807 17:05:23.959726 0x20b9da080 database_cache.cc:126]  0 in 0.000s
I20260807 17:05:23.959731 0x20b9da080 database_cache.cc:134] Loading matches...
I20260807 17:05:23.960674 0x20b9da080 database_cache.cc:139]  1650 in 0.001s
I20260807 17:05:23.960680 0x20b9da080 database_cache.cc:147] Loading images...
I20260807 17:05:23.968989 0x20b9da080 database_cache.cc:236]  122 in 0.008s (loaded all 122)
I20260807 17:05:23.969005 0x20b9da080 database_cache.cc:255] Loading pose priors...
I20260807 17:05:23.969015 0x20b9da080 database_cache.cc:263]  0 in 0.000s
I20260807 17:05:23.969019 0x20b9da080 database_cache.cc:271] Building correspondence graph...
I20260807 17:05:23.986923 0x20b9da080 database_cache.cc:300]  in 0.018s (ignored 0)
I20260807 17:05:24.000248 0x20b9da080 official_bundle_adjustment_ceres.cc:1434] [AETHER gravity] injected 2/2 roll/pitch anchors, sigma_rad=0.00872665
I20260807 17:05:24.001478 0x20b9da080 official_bundle_adjustment_ceres.cc:923] [AETHER] solver_used=DENSE_SCHUR sparse_backend=EIGEN_SPARSE dense_backend=EIGEN mixed=0 threads=1
I20260807 17:05:24.003610 0x20b9da080 official_bundle_adjustment_ceres.cc:1434] [AETHER gravity] injected 3/3 roll/pitch anchors, sigma_rad=0.00872665
I20260807 17:05:24.006396 0x20b9da080 official_bundle_adjustment_ceres.cc:923] [AETHER] solver_used=DENSE_SCHUR sparse_backend=EIGEN_SPARSE dense_backend=EIGEN mixed=0 threads=1
I20260807 17:05:24.167382 0x20b9da080 database_cache.cc:72] Loading rigs...
I20260807 17:05:24.167400 0x20b9da080 database_cache.cc:82]  0 in 0.000s
I20260807 17:05:24.167406 0x20b9da080 database_cache.cc:90] Loading cameras...
I20260807 17:05:24.167439 0x20b9da080 database_cache.cc:108]  123 in 0.000s
I20260807 17:05:24.167443 0x20b9da080 database_cache.cc:116] Loading frames...
I20260807 17:05:24.167450 0x20b9da080 database_cache.cc:126]  0 in 0.000s
I20260807 17:05:24.167454 0x20b9da080 database_cache.cc:134] Loading matches...
I20260807 17:05:24.168415 0x20b9da080 database_cache.cc:139]  1667 in 0.001s
I20260807 17:05:24.168424 0x20b9da080 database_cache.cc:147] Loading images...
I20260807 17:05:24.177090 0x20b9da080 database_cache.cc:236]  123 in 0.009s (loaded all 123)
I20260807 17:05:24.177118 0x20b9da080 database_cache.cc:255] Loading pose priors...
I20260807 17:05:24.177130 0x20b9da080 database_cache.cc:263]  0 in 0.000s
I20260807 17:05:24.177138 0x20b9da080 database_cache.cc:271] Building correspondence graph...
I20260807 17:05:24.195347 0x20b9da080 database_cache.cc:300]  in 0.018s (ignored 0)
I20260807 17:05:24.208608 0x20b9da080 official_bundle_adjustment_ceres.cc:1434] [AETHER gravity] injected 2/2 roll/pitch anchors, sigma_rad=0.00872665
W20260807 17:05:24.209876 0x20b9da080 levenberg_marquardt_strategy.cc:123] Linear solver failure. Failed to compute a step: Eigen failure. Unable to perform dense Cholesky factorization.
W20260807 17:05:24.209904 0x20b9da080 levenberg_marquardt_strategy.cc:123] Linear solver failure. Failed to compute a step: Eigen failure. Unable to perform dense Cholesky factorization.
W20260807 17:05:24.210007 0x20b9da080 levenberg_marquardt_strategy.cc:123] Linear solver failure. Failed to compute a step: Eigen failure. Unable to perform dense Cholesky factorization.
W20260807 17:05:24.210107 0x20b9da080 levenberg_marquardt_strategy.cc:123] Linear solver failure. Failed to compute a step: Eigen failure. Unable to perform dense Cholesky factorization.
W20260807 17:05:24.210143 0x20b9da080 levenberg_marquardt_strategy.cc:123] Linear solver failure. Failed to compute a step: Eigen failure. Unable to perform dense Cholesky factorization.
I20260807 17:05:24.210464 0x20b9da080 official_bundle_adjustment_ceres.cc:923] [AETHER] solver_used=DENSE_SCHUR sparse_backend=EIGEN_SPARSE dense_backend=EIGEN mixed=0 threads=1
I20260807 17:05:24.212398 0x20b9da080 official_bundle_adjustment_ceres.cc:1434] [AETHER gravity] injected 2/2 roll/pitch anchors, sigma_rad=0.00872665
I20260807 17:05:24.212469 0x20b9da080 official_bundle_adjustment_ceres.cc:923] [AETHER] solver_used=DENSE_SCHUR sparse_backend=EIGEN_SPARSE dense_backend=EIGEN mixed=0 threads=1
I20260807 17:05:24.383370 0x20b9da080 database_cache.cc:72] Loading rigs...
I20260807 17:05:24.383386 0x20b9da080 database_cache.cc:82]  0 in 0.000s
I20260807 17:05:24.383391 0x20b9da080 database_cache.cc:90] Loading cameras...
I20260807 17:05:24.383424 0x20b9da080 database_cache.cc:108]  124 in 0.000s
I20260807 17:05:24.383429 0x20b9da080 database_cache.cc:116] Loading frames...
I20260807 17:05:24.383435 0x20b9da080 database_cache.cc:126]  0 in 0.000s
I20260807 17:05:24.383439 0x20b9da080 database_cache.cc:134] Loading matches...
I20260807 17:05:24.384397 0x20b9da080 database_cache.cc:139]  1682 in 0.001s
I20260807 17:05:24.384402 0x20b9da080 database_cache.cc:147] Loading images...
I20260807 17:05:24.397284 0x20b9da080 database_cache.cc:236]  124 in 0.013s (loaded all 124)
I20260807 17:05:24.397302 0x20b9da080 database_cache.cc:255] Loading pose priors...
I20260807 17:05:24.397311 0x20b9da080 database_cache.cc:263]  0 in 0.000s
I20260807 17:05:24.397315 0x20b9da080 database_cache.cc:271] Building correspondence graph...
I20260807 17:05:24.415670 0x20b9da080 database_cache.cc:300]  in 0.018s (ignored 0)
I20260807 17:05:24.429015 0x20b9da080 official_bundle_adjustment_ceres.cc:1434] [AETHER gravity] injected 3/3 roll/pitch anchors, sigma_rad=0.00872665
I20260807 17:05:24.430101 0x20b9da080 official_bundle_adjustment_ceres.cc:923] [AETHER] solver_used=DENSE_SCHUR sparse_backend=EIGEN_SPARSE dense_backend=EIGEN mixed=0 threads=1
I20260807 17:05:24.432283 0x20b9da080 official_bundle_adjustment_ceres.cc:1434] [AETHER gravity] injected 3/3 roll/pitch anchors, sigma_rad=0.00872665
I20260807 17:05:24.433122 0x20b9da080 official_bundle_adjustment_ceres.cc:923] [AETHER] solver_used=DENSE_SCHUR sparse_backend=EIGEN_SPARSE dense_backend=EIGEN mixed=0 threads=1
I20260807 17:05:24.629479 0x20b9da080 database_cache.cc:72] Loading rigs...
I20260807 17:05:24.629499 0x20b9da080 database_cache.cc:82]  0 in 0.000s
I20260807 17:05:24.629505 0x20b9da080 database_cache.cc:90] Loading cameras...
I20260807 17:05:24.629539 0x20b9da080 database_cache.cc:108]  125 in 0.000s
I20260807 17:05:24.629544 0x20b9da080 database_cache.cc:116] Loading frames...
I20260807 17:05:24.629550 0x20b9da080 database_cache.cc:126]  0 in 0.000s
I20260807 17:05:24.629554 0x20b9da080 database_cache.cc:134] Loading matches...
I20260807 17:05:24.630512 0x20b9da080 database_cache.cc:139]  1686 in 0.001s
I20260807 17:05:24.630517 0x20b9da080 database_cache.cc:147] Loading images...
I20260807 17:05:24.639318 0x20b9da080 database_cache.cc:236]  125 in 0.009s (loaded all 125)
I20260807 17:05:24.639340 0x20b9da080 database_cache.cc:255] Loading pose priors...
I20260807 17:05:24.639354 0x20b9da080 database_cache.cc:263]  0 in 0.000s
I20260807 17:05:24.639358 0x20b9da080 database_cache.cc:271] Building correspondence graph...
I20260807 17:05:24.657527 0x20b9da080 database_cache.cc:300]  in 0.018s (ignored 0)
  fed 125/201 frames (last n_kp=8192)
I20260807 17:05:24.799149 0x20b9da080 database_cache.cc:72] Loading rigs...
I20260807 17:05:24.799172 0x20b9da080 database_cache.cc:82]  0 in 0.000s
I20260807 17:05:24.799178 0x20b9da080 database_cache.cc:90] Loading cameras...
I20260807 17:05:24.799216 0x20b9da080 database_cache.cc:108]  126 in 0.000s
I20260807 17:05:24.799220 0x20b9da080 database_cache.cc:116] Loading frames...
I20260807 17:05:24.799231 0x20b9da080 database_cache.cc:126]  0 in 0.000s
I20260807 17:05:24.799234 0x20b9da080 database_cache.cc:134] Loading matches...
I20260807 17:05:24.800236 0x20b9da080 database_cache.cc:139]  1691 in 0.001s
I20260807 17:05:24.800240 0x20b9da080 database_cache.cc:147] Loading images...
I20260807 17:05:24.809055 0x20b9da080 database_cache.cc:236]  126 in 0.009s (loaded all 126)
I20260807 17:05:24.809075 0x20b9da080 database_cache.cc:255] Loading pose priors...
I20260807 17:05:24.809086 0x20b9da080 database_cache.cc:263]  0 in 0.000s
I20260807 17:05:24.809090 0x20b9da080 database_cache.cc:271] Building correspondence graph...
I20260807 17:05:24.827334 0x20b9da080 database_cache.cc:300]  in 0.018s (ignored 0)
I20260807 17:05:24.839476 0x20b9da080 official_bundle_adjustment_ceres.cc:1434] [AETHER gravity] injected 3/3 roll/pitch anchors, sigma_rad=0.00872665
I20260807 17:05:24.840151 0x20b9da080 official_bundle_adjustment_ceres.cc:923] [AETHER] solver_used=DENSE_SCHUR sparse_backend=EIGEN_SPARSE dense_backend=EIGEN mixed=0 threads=1
I20260807 17:05:24.841636 0x20b9da080 official_bundle_adjustment_ceres.cc:1434] [AETHER gravity] injected 3/3 roll/pitch anchors, sigma_rad=0.00872665
I20260807 17:05:24.842292 0x20b9da080 official_bundle_adjustment_ceres.cc:923] [AETHER] solver_used=DENSE_SCHUR sparse_backend=EIGEN_SPARSE dense_backend=EIGEN mixed=0 threads=1
I20260807 17:05:24.967349 0x20b9da080 database_cache.cc:72] Loading rigs...
I20260807 17:05:24.967370 0x20b9da080 database_cache.cc:82]  0 in 0.000s
I20260807 17:05:24.967379 0x20b9da080 database_cache.cc:90] Loading cameras...
I20260807 17:05:24.967413 0x20b9da080 database_cache.cc:108]  127 in 0.000s
I20260807 17:05:24.967420 0x20b9da080 database_cache.cc:116] Loading frames...
I20260807 17:05:24.967430 0x20b9da080 database_cache.cc:126]  0 in 0.000s
I20260807 17:05:24.967435 0x20b9da080 database_cache.cc:134] Loading matches...
I20260807 17:05:24.968391 0x20b9da080 database_cache.cc:139]  1692 in 0.001s
I20260807 17:05:24.968398 0x20b9da080 database_cache.cc:147] Loading images...
I20260807 17:05:24.977276 0x20b9da080 database_cache.cc:236]  127 in 0.009s (loaded all 127)
I20260807 17:05:24.977306 0x20b9da080 database_cache.cc:255] Loading pose priors...
I20260807 17:05:24.977322 0x20b9da080 database_cache.cc:263]  0 in 0.000s
I20260807 17:05:24.977327 0x20b9da080 database_cache.cc:271] Building correspondence graph...
I20260807 17:05:24.995818 0x20b9da080 database_cache.cc:300]  in 0.018s (ignored 0)
I20260807 17:05:25.121365 0x20b9da080 database_cache.cc:72] Loading rigs...
I20260807 17:05:25.121391 0x20b9da080 database_cache.cc:82]  0 in 0.000s
I20260807 17:05:25.121397 0x20b9da080 database_cache.cc:90] Loading cameras...
I20260807 17:05:25.121434 0x20b9da080 database_cache.cc:108]  128 in 0.000s
I20260807 17:05:25.121438 0x20b9da080 database_cache.cc:116] Loading frames...
I20260807 17:05:25.121445 0x20b9da080 database_cache.cc:126]  0 in 0.000s
I20260807 17:05:25.121449 0x20b9da080 database_cache.cc:134] Loading matches...
I20260807 17:05:25.122479 0x20b9da080 database_cache.cc:139]  1697 in 0.001s
I20260807 17:05:25.122488 0x20b9da080 database_cache.cc:147] Loading images...
I20260807 17:05:25.131299 0x20b9da080 database_cache.cc:236]  128 in 0.009s (loaded all 128)
I20260807 17:05:25.131331 0x20b9da080 database_cache.cc:255] Loading pose priors...
I20260807 17:05:25.131345 0x20b9da080 database_cache.cc:263]  0 in 0.000s
I20260807 17:05:25.131350 0x20b9da080 database_cache.cc:271] Building correspondence graph...
I20260807 17:05:25.149920 0x20b9da080 database_cache.cc:300]  in 0.019s (ignored 0)
I20260807 17:05:25.161685 0x20b9da080 official_bundle_adjustment_ceres.cc:1434] [AETHER gravity] injected 2/2 roll/pitch anchors, sigma_rad=0.00872665
I20260807 17:05:25.161821 0x20b9da080 official_bundle_adjustment_ceres.cc:923] [AETHER] solver_used=DENSE_SCHUR sparse_backend=EIGEN_SPARSE dense_backend=EIGEN mixed=0 threads=1
I20260807 17:05:25.264343 0x20b9da080 database_cache.cc:72] Loading rigs...
I20260807 17:05:25.264365 0x20b9da080 database_cache.cc:82]  0 in 0.000s
I20260807 17:05:25.264373 0x20b9da080 database_cache.cc:90] Loading cameras...
I20260807 17:05:25.264449 0x20b9da080 database_cache.cc:108]  129 in 0.000s
I20260807 17:05:25.264456 0x20b9da080 database_cache.cc:116] Loading frames...
I20260807 17:05:25.264467 0x20b9da080 database_cache.cc:126]  0 in 0.000s
I20260807 17:05:25.264473 0x20b9da080 database_cache.cc:134] Loading matches...
I20260807 17:05:25.265989 0x20b9da080 database_cache.cc:139]  1703 in 0.002s
I20260807 17:05:25.265997 0x20b9da080 database_cache.cc:147] Loading images...
I20260807 17:05:25.279054 0x20b9da080 database_cache.cc:236]  129 in 0.013s (loaded all 129)
I20260807 17:05:25.279073 0x20b9da080 database_cache.cc:255] Loading pose priors...
I20260807 17:05:25.279087 0x20b9da080 database_cache.cc:263]  0 in 0.000s
I20260807 17:05:25.279092 0x20b9da080 database_cache.cc:271] Building correspondence graph...
I20260807 17:05:25.301768 0x20b9da080 database_cache.cc:300]  in 0.023s (ignored 0)
I20260807 17:05:25.314578 0x20b9da080 official_bundle_adjustment_ceres.cc:1434] [AETHER gravity] injected 2/2 roll/pitch anchors, sigma_rad=0.00872665
I20260807 17:05:25.315359 0x20b9da080 official_bundle_adjustment_ceres.cc:923] [AETHER] solver_used=DENSE_SCHUR sparse_backend=EIGEN_SPARSE dense_backend=EIGEN mixed=0 threads=1
I20260807 17:05:25.316953 0x20b9da080 official_bundle_adjustment_ceres.cc:1434] [AETHER gravity] injected 2/2 roll/pitch anchors, sigma_rad=0.00872665
I20260807 17:05:25.317198 0x20b9da080 official_bundle_adjustment_ceres.cc:923] [AETHER] solver_used=DENSE_SCHUR sparse_backend=EIGEN_SPARSE dense_backend=EIGEN mixed=0 threads=1
I20260807 17:05:25.488795 0x20b9da080 database_cache.cc:72] Loading rigs...
I20260807 17:05:25.488816 0x20b9da080 database_cache.cc:82]  0 in 0.000s
I20260807 17:05:25.488823 0x20b9da080 database_cache.cc:90] Loading cameras...
I20260807 17:05:25.488859 0x20b9da080 database_cache.cc:108]  130 in 0.000s
I20260807 17:05:25.488866 0x20b9da080 database_cache.cc:116] Loading frames...
I20260807 17:05:25.488874 0x20b9da080 database_cache.cc:126]  0 in 0.000s
I20260807 17:05:25.488879 0x20b9da080 database_cache.cc:134] Loading matches...
I20260807 17:05:25.489854 0x20b9da080 database_cache.cc:139]  1709 in 0.001s
I20260807 17:05:25.489861 0x20b9da080 database_cache.cc:147] Loading images...
I20260807 17:05:25.498618 0x20b9da080 database_cache.cc:236]  130 in 0.009s (loaded all 130)
I20260807 17:05:25.498634 0x20b9da080 database_cache.cc:255] Loading pose priors...
I20260807 17:05:25.498643 0x20b9da080 database_cache.cc:263]  0 in 0.000s
I20260807 17:05:25.498647 0x20b9da080 database_cache.cc:271] Building correspondence graph...
I20260807 17:05:25.517191 0x20b9da080 database_cache.cc:300]  in 0.019s (ignored 0)
I20260807 17:05:25.529383 0x20b9da080 official_bundle_adjustment_ceres.cc:1434] [AETHER gravity] injected 3/3 roll/pitch anchors, sigma_rad=0.00872665
I20260807 17:05:25.530486 0x20b9da080 official_bundle_adjustment_ceres.cc:923] [AETHER] solver_used=DENSE_SCHUR sparse_backend=EIGEN_SPARSE dense_backend=EIGEN mixed=0 threads=1
I20260807 17:05:25.531889 0x20b9da080 official_bundle_adjustment_ceres.cc:1434] [AETHER gravity] injected 2/2 roll/pitch anchors, sigma_rad=0.00872665
I20260807 17:05:25.531993 0x20b9da080 official_bundle_adjustment_ceres.cc:923] [AETHER] solver_used=DENSE_SCHUR sparse_backend=EIGEN_SPARSE dense_backend=EIGEN mixed=0 threads=1
I20260807 17:05:25.664242 0x20b9da080 database_cache.cc:72] Loading rigs...
I20260807 17:05:25.664261 0x20b9da080 database_cache.cc:82]  0 in 0.000s
I20260807 17:05:25.664267 0x20b9da080 database_cache.cc:90] Loading cameras...
I20260807 17:05:25.664305 0x20b9da080 database_cache.cc:108]  131 in 0.000s
I20260807 17:05:25.664309 0x20b9da080 database_cache.cc:116] Loading frames...
I20260807 17:05:25.664315 0x20b9da080 database_cache.cc:126]  0 in 0.000s
I20260807 17:05:25.664319 0x20b9da080 database_cache.cc:134] Loading matches...
I20260807 17:05:25.668609 0x20b9da080 database_cache.cc:139]  1718 in 0.004s
I20260807 17:05:25.668616 0x20b9da080 database_cache.cc:147] Loading images...
I20260807 17:05:25.677712 0x20b9da080 database_cache.cc:236]  131 in 0.009s (loaded all 131)
I20260807 17:05:25.677734 0x20b9da080 database_cache.cc:255] Loading pose priors...
I20260807 17:05:25.677747 0x20b9da080 database_cache.cc:263]  0 in 0.000s
I20260807 17:05:25.677751 0x20b9da080 database_cache.cc:271] Building correspondence graph...
I20260807 17:05:25.696329 0x20b9da080 database_cache.cc:300]  in 0.019s (ignored 0)
I20260807 17:05:25.708741 0x20b9da080 official_bundle_adjustment_ceres.cc:1434] [AETHER gravity] injected 3/3 roll/pitch anchors, sigma_rad=0.00872665
I20260807 17:05:25.709321 0x20b9da080 official_bundle_adjustment_ceres.cc:923] [AETHER] solver_used=DENSE_SCHUR sparse_backend=EIGEN_SPARSE dense_backend=EIGEN mixed=0 threads=1
I20260807 17:05:25.710853 0x20b9da080 official_bundle_adjustment_ceres.cc:1434] [AETHER gravity] injected 3/3 roll/pitch anchors, sigma_rad=0.00872665
I20260807 17:05:25.711017 0x20b9da080 official_bundle_adjustment_ceres.cc:923] [AETHER] solver_used=DENSE_SCHUR sparse_backend=EIGEN_SPARSE dense_backend=EIGEN mixed=0 threads=1
I20260807 17:05:25.836128 0x20b9da080 database_cache.cc:72] Loading rigs...
I20260807 17:05:25.836151 0x20b9da080 database_cache.cc:82]  0 in 0.000s
I20260807 17:05:25.836157 0x20b9da080 database_cache.cc:90] Loading cameras...
I20260807 17:05:25.836195 0x20b9da080 database_cache.cc:108]  132 in 0.000s
I20260807 17:05:25.836199 0x20b9da080 database_cache.cc:116] Loading frames...
I20260807 17:05:25.836206 0x20b9da080 database_cache.cc:126]  0 in 0.000s
I20260807 17:05:25.836209 0x20b9da080 database_cache.cc:134] Loading matches...
I20260807 17:05:25.838023 0x20b9da080 database_cache.cc:139]  1727 in 0.002s
I20260807 17:05:25.838057 0x20b9da080 database_cache.cc:147] Loading images...
I20260807 17:05:25.847275 0x20b9da080 database_cache.cc:236]  132 in 0.009s (loaded all 132)
I20260807 17:05:25.847292 0x20b9da080 database_cache.cc:255] Loading pose priors...
I20260807 17:05:25.847302 0x20b9da080 database_cache.cc:263]  0 in 0.000s
I20260807 17:05:25.847306 0x20b9da080 database_cache.cc:271] Building correspondence graph...
I20260807 17:05:25.866079 0x20b9da080 database_cache.cc:300]  in 0.019s (ignored 0)
I20260807 17:05:25.878588 0x20b9da080 official_bundle_adjustment_ceres.cc:1434] [AETHER gravity] injected 3/3 roll/pitch anchors, sigma_rad=0.00872665
I20260807 17:05:25.880113 0x20b9da080 official_bundle_adjustment_ceres.cc:923] [AETHER] solver_used=DENSE_SCHUR sparse_backend=EIGEN_SPARSE dense_backend=EIGEN mixed=0 threads=1
I20260807 17:05:25.881687 0x20b9da080 official_bundle_adjustment_ceres.cc:1434] [AETHER gravity] injected 3/3 roll/pitch anchors, sigma_rad=0.00872665
I20260807 17:05:25.882954 0x20b9da080 official_bundle_adjustment_ceres.cc:923] [AETHER] solver_used=DENSE_SCHUR sparse_backend=EIGEN_SPARSE dense_backend=EIGEN mixed=0 threads=1
I20260807 17:05:26.010615 0x20b9da080 database_cache.cc:72] Loading rigs...
I20260807 17:05:26.010638 0x20b9da080 database_cache.cc:82]  0 in 0.000s
I20260807 17:05:26.010644 0x20b9da080 database_cache.cc:90] Loading cameras...
I20260807 17:05:26.010683 0x20b9da080 database_cache.cc:108]  133 in 0.000s
I20260807 17:05:26.010687 0x20b9da080 database_cache.cc:116] Loading frames...
I20260807 17:05:26.010693 0x20b9da080 database_cache.cc:126]  0 in 0.000s
I20260807 17:05:26.010696 0x20b9da080 database_cache.cc:134] Loading matches...
I20260807 17:05:26.011704 0x20b9da080 database_cache.cc:139]  1734 in 0.001s
I20260807 17:05:26.011709 0x20b9da080 database_cache.cc:147] Loading images...
I20260807 17:05:26.020925 0x20b9da080 database_cache.cc:236]  133 in 0.009s (loaded all 133)
I20260807 17:05:26.020946 0x20b9da080 database_cache.cc:255] Loading pose priors...
I20260807 17:05:26.020963 0x20b9da080 database_cache.cc:263]  0 in 0.000s
I20260807 17:05:26.020968 0x20b9da080 database_cache.cc:271] Building correspondence graph...
I20260807 17:05:26.040289 0x20b9da080 database_cache.cc:300]  in 0.019s (ignored 0)
I20260807 17:05:26.053149 0x20b9da080 official_bundle_adjustment_ceres.cc:1434] [AETHER gravity] injected 3/3 roll/pitch anchors, sigma_rad=0.00872665
I20260807 17:05:26.058587 0x20b9da080 official_bundle_adjustment_ceres.cc:923] [AETHER] solver_used=DENSE_SCHUR sparse_backend=EIGEN_SPARSE dense_backend=EIGEN mixed=0 threads=1
I20260807 17:05:26.060832 0x20b9da080 official_bundle_adjustment_ceres.cc:1434] [AETHER gravity] injected 2/2 roll/pitch anchors, sigma_rad=0.00872665
I20260807 17:05:26.060928 0x20b9da080 official_bundle_adjustment_ceres.cc:923] [AETHER] solver_used=DENSE_SCHUR sparse_backend=EIGEN_SPARSE dense_backend=EIGEN mixed=0 threads=1
I20260807 17:05:26.182673 0x20b9da080 database_cache.cc:72] Loading rigs...
I20260807 17:05:26.182762 0x20b9da080 database_cache.cc:82]  0 in 0.000s
I20260807 17:05:26.182774 0x20b9da080 database_cache.cc:90] Loading cameras...
I20260807 17:05:26.182810 0x20b9da080 database_cache.cc:108]  134 in 0.000s
I20260807 17:05:26.182815 0x20b9da080 database_cache.cc:116] Loading frames...
I20260807 17:05:26.182822 0x20b9da080 database_cache.cc:126]  0 in 0.000s
I20260807 17:05:26.182826 0x20b9da080 database_cache.cc:134] Loading matches...
I20260807 17:05:26.187100 0x20b9da080 database_cache.cc:139]  1738 in 0.004s
I20260807 17:05:26.187122 0x20b9da080 database_cache.cc:147] Loading images...
I20260807 17:05:26.199168 0x20b9da080 database_cache.cc:236]  134 in 0.012s (loaded all 134)
I20260807 17:05:26.199194 0x20b9da080 database_cache.cc:255] Loading pose priors...
I20260807 17:05:26.199206 0x20b9da080 database_cache.cc:263]  0 in 0.000s
I20260807 17:05:26.199240 0x20b9da080 database_cache.cc:271] Building correspondence graph...
I20260807 17:05:26.218443 0x20b9da080 database_cache.cc:300]  in 0.019s (ignored 0)
I20260807 17:05:26.231138 0x20b9da080 official_bundle_adjustment_ceres.cc:1434] [AETHER gravity] injected 4/4 roll/pitch anchors, sigma_rad=0.00872665
I20260807 17:05:26.232930 0x20b9da080 official_bundle_adjustment_ceres.cc:923] [AETHER] solver_used=DENSE_SCHUR sparse_backend=EIGEN_SPARSE dense_backend=EIGEN mixed=0 threads=1
I20260807 17:05:26.399289 0x20b9da080 database_cache.cc:72] Loading rigs...
I20260807 17:05:26.399315 0x20b9da080 database_cache.cc:82]  0 in 0.000s
I20260807 17:05:26.399322 0x20b9da080 database_cache.cc:90] Loading cameras...
I20260807 17:05:26.399361 0x20b9da080 database_cache.cc:108]  135 in 0.000s
I20260807 17:05:26.399367 0x20b9da080 database_cache.cc:116] Loading frames...
I20260807 17:05:26.399374 0x20b9da080 database_cache.cc:126]  0 in 0.000s
I20260807 17:05:26.399378 0x20b9da080 database_cache.cc:134] Loading matches...
I20260807 17:05:26.400354 0x20b9da080 database_cache.cc:139]  1747 in 0.001s
I20260807 17:05:26.400361 0x20b9da080 database_cache.cc:147] Loading images...
I20260807 17:05:26.409785 0x20b9da080 database_cache.cc:236]  135 in 0.009s (loaded all 135)
I20260807 17:05:26.409814 0x20b9da080 database_cache.cc:255] Loading pose priors...
I20260807 17:05:26.409831 0x20b9da080 database_cache.cc:263]  0 in 0.000s
I20260807 17:05:26.409840 0x20b9da080 database_cache.cc:271] Building correspondence graph...
I20260807 17:05:26.428659 0x20b9da080 database_cache.cc:300]  in 0.019s (ignored 0)
I20260807 17:05:26.441270 0x20b9da080 official_bundle_adjustment_ceres.cc:1434] [AETHER gravity] injected 2/2 roll/pitch anchors, sigma_rad=0.00872665
I20260807 17:05:26.441854 0x20b9da080 official_bundle_adjustment_ceres.cc:923] [AETHER] solver_used=DENSE_SCHUR sparse_backend=EIGEN_SPARSE dense_backend=EIGEN mixed=0 threads=1
I20260807 17:05:26.443424 0x20b9da080 official_bundle_adjustment_ceres.cc:1434] [AETHER gravity] injected 2/2 roll/pitch anchors, sigma_rad=0.00872665
I20260807 17:05:26.443477 0x20b9da080 official_bundle_adjustment_ceres.cc:923] [AETHER] solver_used=DENSE_SCHUR sparse_backend=EIGEN_SPARSE dense_backend=EIGEN mixed=0 threads=1
I20260807 17:05:26.571374 0x20b9da080 database_cache.cc:72] Loading rigs...
I20260807 17:05:26.571392 0x20b9da080 database_cache.cc:82]  0 in 0.000s
I20260807 17:05:26.571398 0x20b9da080 database_cache.cc:90] Loading cameras...
I20260807 17:05:26.571432 0x20b9da080 database_cache.cc:108]  136 in 0.000s
I20260807 17:05:26.571437 0x20b9da080 database_cache.cc:116] Loading frames...
I20260807 17:05:26.571443 0x20b9da080 database_cache.cc:126]  0 in 0.000s
I20260807 17:05:26.571447 0x20b9da080 database_cache.cc:134] Loading matches...
I20260807 17:05:26.572413 0x20b9da080 database_cache.cc:139]  1752 in 0.001s
I20260807 17:05:26.572418 0x20b9da080 database_cache.cc:147] Loading images...
I20260807 17:05:26.581658 0x20b9da080 database_cache.cc:236]  136 in 0.009s (loaded all 136)
I20260807 17:05:26.581678 0x20b9da080 database_cache.cc:255] Loading pose priors...
I20260807 17:05:26.581689 0x20b9da080 database_cache.cc:263]  0 in 0.000s
I20260807 17:05:26.581694 0x20b9da080 database_cache.cc:271] Building correspondence graph...
I20260807 17:05:26.600367 0x20b9da080 database_cache.cc:300]  in 0.019s (ignored 0)
I20260807 17:05:26.612794 0x20b9da080 official_bundle_adjustment_ceres.cc:1434] [AETHER gravity] injected 5/5 roll/pitch anchors, sigma_rad=0.00872665
I20260807 17:05:26.614657 0x20b9da080 official_bundle_adjustment_ceres.cc:923] [AETHER] solver_used=DENSE_SCHUR sparse_backend=EIGEN_SPARSE dense_backend=EIGEN mixed=0 threads=1
I20260807 17:05:26.616161 0x20b9da080 official_bundle_adjustment_ceres.cc:1434] [AETHER gravity] injected 6/6 roll/pitch anchors, sigma_rad=0.00872665
I20260807 17:05:26.617491 0x20b9da080 official_bundle_adjustment_ceres.cc:923] [AETHER] solver_used=DENSE_SCHUR sparse_backend=EIGEN_SPARSE dense_backend=EIGEN mixed=0 threads=1
I20260807 17:05:26.758505 0x20b9da080 database_cache.cc:72] Loading rigs...
I20260807 17:05:26.758530 0x20b9da080 database_cache.cc:82]  0 in 0.000s
I20260807 17:05:26.758537 0x20b9da080 database_cache.cc:90] Loading cameras...
I20260807 17:05:26.758575 0x20b9da080 database_cache.cc:108]  137 in 0.000s
I20260807 17:05:26.758580 0x20b9da080 database_cache.cc:116] Loading frames...
I20260807 17:05:26.758587 0x20b9da080 database_cache.cc:126]  0 in 0.000s
I20260807 17:05:26.758592 0x20b9da080 database_cache.cc:134] Loading matches...
I20260807 17:05:26.763234 0x20b9da080 database_cache.cc:139]  1761 in 0.005s
I20260807 17:05:26.763243 0x20b9da080 database_cache.cc:147] Loading images...
I20260807 17:05:26.772905 0x20b9da080 database_cache.cc:236]  137 in 0.010s (loaded all 137)
I20260807 17:05:26.772943 0x20b9da080 database_cache.cc:255] Loading pose priors...
I20260807 17:05:26.772963 0x20b9da080 database_cache.cc:263]  0 in 0.000s
I20260807 17:05:26.772970 0x20b9da080 database_cache.cc:271] Building correspondence graph...
I20260807 17:05:26.791530 0x20b9da080 database_cache.cc:300]  in 0.019s (ignored 0)
I20260807 17:05:26.805097 0x20b9da080 official_bundle_adjustment_ceres.cc:1434] [AETHER gravity] injected 5/5 roll/pitch anchors, sigma_rad=0.00872665
I20260807 17:05:26.806985 0x20b9da080 official_bundle_adjustment_ceres.cc:923] [AETHER] solver_used=DENSE_SCHUR sparse_backend=EIGEN_SPARSE dense_backend=EIGEN mixed=0 threads=1
I20260807 17:05:26.808690 0x20b9da080 official_bundle_adjustment_ceres.cc:1434] [AETHER gravity] injected 3/3 roll/pitch anchors, sigma_rad=0.00872665
I20260807 17:05:26.809355 0x20b9da080 official_bundle_adjustment_ceres.cc:923] [AETHER] solver_used=DENSE_SCHUR sparse_backend=EIGEN_SPARSE dense_backend=EIGEN mixed=0 threads=1
I20260807 17:05:26.953591 0x20b9da080 database_cache.cc:72] Loading rigs...
I20260807 17:05:26.953622 0x20b9da080 database_cache.cc:82]  0 in 0.000s
I20260807 17:05:26.953628 0x20b9da080 database_cache.cc:90] Loading cameras...
I20260807 17:05:26.953673 0x20b9da080 database_cache.cc:108]  138 in 0.000s
I20260807 17:05:26.953678 0x20b9da080 database_cache.cc:116] Loading frames...
I20260807 17:05:26.953686 0x20b9da080 database_cache.cc:126]  0 in 0.000s
I20260807 17:05:26.953690 0x20b9da080 database_cache.cc:134] Loading matches...
I20260807 17:05:26.955602 0x20b9da080 database_cache.cc:139]  1763 in 0.002s
I20260807 17:05:26.955630 0x20b9da080 database_cache.cc:147] Loading images...
I20260807 17:05:26.965609 0x20b9da080 database_cache.cc:236]  138 in 0.010s (loaded all 138)
I20260807 17:05:26.965635 0x20b9da080 database_cache.cc:255] Loading pose priors...
I20260807 17:05:26.965650 0x20b9da080 database_cache.cc:263]  0 in 0.000s
I20260807 17:05:26.965656 0x20b9da080 database_cache.cc:271] Building correspondence graph...
I20260807 17:05:26.985522 0x20b9da080 database_cache.cc:300]  in 0.020s (ignored 0)
I20260807 17:05:26.998571 0x20b9da080 official_bundle_adjustment_ceres.cc:1434] [AETHER gravity] injected 2/2 roll/pitch anchors, sigma_rad=0.00872665
I20260807 17:05:26.999350 0x20b9da080 official_bundle_adjustment_ceres.cc:923] [AETHER] solver_used=DENSE_SCHUR sparse_backend=EIGEN_SPARSE dense_backend=EIGEN mixed=0 threads=1
I20260807 17:05:27.151225 0x20b9da080 database_cache.cc:72] Loading rigs...
I20260807 17:05:27.151255 0x20b9da080 database_cache.cc:82]  0 in 0.000s
I20260807 17:05:27.151265 0x20b9da080 database_cache.cc:90] Loading cameras...
I20260807 17:05:27.151308 0x20b9da080 database_cache.cc:108]  139 in 0.000s
I20260807 17:05:27.151315 0x20b9da080 database_cache.cc:116] Loading frames...
I20260807 17:05:27.151323 0x20b9da080 database_cache.cc:126]  0 in 0.000s
I20260807 17:05:27.151330 0x20b9da080 database_cache.cc:134] Loading matches...
I20260807 17:05:27.152415 0x20b9da080 database_cache.cc:139]  1766 in 0.001s
I20260807 17:05:27.152423 0x20b9da080 database_cache.cc:147] Loading images...
I20260807 17:05:27.163297 0x20b9da080 database_cache.cc:236]  139 in 0.011s (loaded all 139)
I20260807 17:05:27.163322 0x20b9da080 database_cache.cc:255] Loading pose priors...
I20260807 17:05:27.163337 0x20b9da080 database_cache.cc:263]  0 in 0.000s
I20260807 17:05:27.163342 0x20b9da080 database_cache.cc:271] Building correspondence graph...
I20260807 17:05:27.182917 0x20b9da080 database_cache.cc:300]  in 0.020s (ignored 0)
W20260807 17:05:27.195659 0x20b9da080 official_bundle_adjustment_ceres.cc:616] Failed to fix Gauge due to insufficient number of fixed points: 1
I20260807 17:05:27.195686 0x20b9da080 official_bundle_adjustment_ceres.cc:1434] [AETHER gravity] injected 2/2 roll/pitch anchors, sigma_rad=0.00872665
I20260807 17:05:27.195763 0x20b9da080 official_bundle_adjustment_ceres.cc:923] [AETHER] solver_used=DENSE_SCHUR sparse_backend=EIGEN_SPARSE dense_backend=EIGEN mixed=0 threads=1
I20260807 17:05:27.401331 0x20b9da080 database_cache.cc:72] Loading rigs...
I20260807 17:05:27.401358 0x20b9da080 database_cache.cc:82]  0 in 0.000s
I20260807 17:05:27.401376 0x20b9da080 database_cache.cc:90] Loading cameras...
I20260807 17:05:27.401419 0x20b9da080 database_cache.cc:108]  140 in 0.000s
I20260807 17:05:27.401429 0x20b9da080 database_cache.cc:116] Loading frames...
I20260807 17:05:27.401448 0x20b9da080 database_cache.cc:126]  0 in 0.000s
I20260807 17:05:27.401457 0x20b9da080 database_cache.cc:134] Loading matches...
I20260807 17:05:27.402417 0x20b9da080 database_cache.cc:139]  1769 in 0.001s
I20260807 17:05:27.402429 0x20b9da080 database_cache.cc:147] Loading images...
I20260807 17:05:27.412163 0x20b9da080 database_cache.cc:236]  140 in 0.010s (loaded all 140)
I20260807 17:05:27.412194 0x20b9da080 database_cache.cc:255] Loading pose priors...
I20260807 17:05:27.412207 0x20b9da080 database_cache.cc:263]  0 in 0.000s
I20260807 17:05:27.412213 0x20b9da080 database_cache.cc:271] Building correspondence graph...
I20260807 17:05:27.431343 0x20b9da080 database_cache.cc:300]  in 0.019s (ignored 0)
I20260807 17:05:27.512159 0x20b9da080 database_cache.cc:72] Loading rigs...
I20260807 17:05:27.512182 0x20b9da080 database_cache.cc:82]  0 in 0.000s
I20260807 17:05:27.512188 0x20b9da080 database_cache.cc:90] Loading cameras...
I20260807 17:05:27.512225 0x20b9da080 database_cache.cc:108]  141 in 0.000s
I20260807 17:05:27.512230 0x20b9da080 database_cache.cc:116] Loading frames...
I20260807 17:05:27.512237 0x20b9da080 database_cache.cc:126]  0 in 0.000s
I20260807 17:05:27.512241 0x20b9da080 database_cache.cc:134] Loading matches...
I20260807 17:05:27.513195 0x20b9da080 database_cache.cc:139]  1772 in 0.001s
I20260807 17:05:27.513201 0x20b9da080 database_cache.cc:147] Loading images...
I20260807 17:05:27.522999 0x20b9da080 database_cache.cc:236]  141 in 0.010s (loaded all 141)
I20260807 17:05:27.523031 0x20b9da080 database_cache.cc:255] Loading pose priors...
I20260807 17:05:27.523044 0x20b9da080 database_cache.cc:263]  0 in 0.000s
I20260807 17:05:27.523050 0x20b9da080 database_cache.cc:271] Building correspondence graph...
I20260807 17:05:27.541901 0x20b9da080 database_cache.cc:300]  in 0.019s (ignored 0)
I20260807 17:05:27.639457 0x20b9da080 database_cache.cc:72] Loading rigs...
I20260807 17:05:27.639487 0x20b9da080 database_cache.cc:82]  0 in 0.000s
I20260807 17:05:27.639497 0x20b9da080 database_cache.cc:90] Loading cameras...
I20260807 17:05:27.639541 0x20b9da080 database_cache.cc:108]  142 in 0.000s
I20260807 17:05:27.639546 0x20b9da080 database_cache.cc:116] Loading frames...
I20260807 17:05:27.639553 0x20b9da080 database_cache.cc:126]  0 in 0.000s
I20260807 17:05:27.639557 0x20b9da080 database_cache.cc:134] Loading matches...
I20260807 17:05:27.640575 0x20b9da080 database_cache.cc:139]  1776 in 0.001s
I20260807 17:05:27.640580 0x20b9da080 database_cache.cc:147] Loading images...
I20260807 17:05:27.650228 0x20b9da080 database_cache.cc:236]  142 in 0.010s (loaded all 142)
I20260807 17:05:27.650249 0x20b9da080 database_cache.cc:255] Loading pose priors...
I20260807 17:05:27.650260 0x20b9da080 database_cache.cc:263]  0 in 0.000s
I20260807 17:05:27.650265 0x20b9da080 database_cache.cc:271] Building correspondence graph...
I20260807 17:05:27.669293 0x20b9da080 database_cache.cc:300]  in 0.019s (ignored 0)
I20260807 17:05:27.683070 0x20b9da080 official_bundle_adjustment_ceres.cc:1434] [AETHER gravity] injected 2/2 roll/pitch anchors, sigma_rad=0.00872665
I20260807 17:05:27.686615 0x20b9da080 official_bundle_adjustment_ceres.cc:923] [AETHER] solver_used=DENSE_SCHUR sparse_backend=EIGEN_SPARSE dense_backend=EIGEN mixed=0 threads=1
I20260807 17:05:27.689936 0x20b9da080 official_bundle_adjustment_ceres.cc:1434] [AETHER gravity] injected 2/2 roll/pitch anchors, sigma_rad=0.00872665
I20260807 17:05:27.698173 0x20b9da080 official_bundle_adjustment_ceres.cc:923] [AETHER] solver_used=DENSE_SCHUR sparse_backend=EIGEN_SPARSE dense_backend=EIGEN mixed=0 threads=1
I20260807 17:05:27.899779 0x20b9da080 database_cache.cc:72] Loading rigs...
I20260807 17:05:27.899804 0x20b9da080 database_cache.cc:82]  0 in 0.000s
I20260807 17:05:27.899810 0x20b9da080 database_cache.cc:90] Loading cameras...
I20260807 17:05:27.899857 0x20b9da080 database_cache.cc:108]  143 in 0.000s
I20260807 17:05:27.899866 0x20b9da080 database_cache.cc:116] Loading frames...
I20260807 17:05:27.899873 0x20b9da080 database_cache.cc:126]  0 in 0.000s
I20260807 17:05:27.899877 0x20b9da080 database_cache.cc:134] Loading matches...
I20260807 17:05:27.903214 0x20b9da080 database_cache.cc:139]  1796 in 0.003s
I20260807 17:05:27.903224 0x20b9da080 database_cache.cc:147] Loading images...
I20260807 17:05:27.913153 0x20b9da080 database_cache.cc:236]  143 in 0.010s (loaded all 143)
I20260807 17:05:27.913178 0x20b9da080 database_cache.cc:255] Loading pose priors...
I20260807 17:05:27.913190 0x20b9da080 database_cache.cc:263]  0 in 0.000s
I20260807 17:05:27.913195 0x20b9da080 database_cache.cc:271] Building correspondence graph...
I20260807 17:05:27.932449 0x20b9da080 database_cache.cc:300]  in 0.019s (ignored 0)
I20260807 17:05:27.948504 0x20b9da080 official_bundle_adjustment_ceres.cc:1434] [AETHER gravity] injected 6/6 roll/pitch anchors, sigma_rad=0.00872665
I20260807 17:05:27.993410 0x20b9da080 official_bundle_adjustment_ceres.cc:923] [AETHER] solver_used=DENSE_SCHUR sparse_backend=EIGEN_SPARSE dense_backend=EIGEN mixed=0 threads=6
I20260807 17:05:27.998672 0x20b9da080 official_bundle_adjustment_ceres.cc:1434] [AETHER gravity] injected 6/6 roll/pitch anchors, sigma_rad=0.00872665
I20260807 17:05:28.010630 0x20b9da080 official_bundle_adjustment_ceres.cc:923] [AETHER] solver_used=DENSE_SCHUR sparse_backend=EIGEN_SPARSE dense_backend=EIGEN mixed=0 threads=6
I20260807 17:05:28.327192 0x20b9da080 database_cache.cc:72] Loading rigs...
I20260807 17:05:28.327232 0x20b9da080 database_cache.cc:82]  0 in 0.000s
I20260807 17:05:28.327242 0x20b9da080 database_cache.cc:90] Loading cameras...
I20260807 17:05:28.327299 0x20b9da080 database_cache.cc:108]  144 in 0.000s
I20260807 17:05:28.327306 0x20b9da080 database_cache.cc:116] Loading frames...
I20260807 17:05:28.327316 0x20b9da080 database_cache.cc:126]  0 in 0.000s
I20260807 17:05:28.327323 0x20b9da080 database_cache.cc:134] Loading matches...
I20260807 17:05:28.330630 0x20b9da080 database_cache.cc:139]  1817 in 0.003s
I20260807 17:05:28.330639 0x20b9da080 database_cache.cc:147] Loading images...
I20260807 17:05:28.343518 0x20b9da080 database_cache.cc:236]  144 in 0.013s (loaded all 144)
I20260807 17:05:28.343558 0x20b9da080 database_cache.cc:255] Loading pose priors...
I20260807 17:05:28.343577 0x20b9da080 database_cache.cc:263]  0 in 0.000s
I20260807 17:05:28.343583 0x20b9da080 database_cache.cc:271] Building correspondence graph...
I20260807 17:05:28.366547 0x20b9da080 database_cache.cc:300]  in 0.023s (ignored 0)
I20260807 17:05:28.384084 0x20b9da080 official_bundle_adjustment_ceres.cc:1434] [AETHER gravity] injected 6/6 roll/pitch anchors, sigma_rad=0.00872665
I20260807 17:05:28.401435 0x20b9da080 official_bundle_adjustment_ceres.cc:923] [AETHER] solver_used=DENSE_SCHUR sparse_backend=EIGEN_SPARSE dense_backend=EIGEN mixed=0 threads=1
I20260807 17:05:28.696497 0x20b9da080 database_cache.cc:72] Loading rigs...
I20260807 17:05:28.696524 0x20b9da080 database_cache.cc:82]  0 in 0.000s
I20260807 17:05:28.696531 0x20b9da080 database_cache.cc:90] Loading cameras...
I20260807 17:05:28.696567 0x20b9da080 database_cache.cc:108]  145 in 0.000s
I20260807 17:05:28.696572 0x20b9da080 database_cache.cc:116] Loading frames...
I20260807 17:05:28.696578 0x20b9da080 database_cache.cc:126]  0 in 0.000s
I20260807 17:05:28.696582 0x20b9da080 database_cache.cc:134] Loading matches...
I20260807 17:05:28.697588 0x20b9da080 database_cache.cc:139]  1839 in 0.001s
I20260807 17:05:28.697594 0x20b9da080 database_cache.cc:147] Loading images...
I20260807 17:05:28.707587 0x20b9da080 database_cache.cc:236]  145 in 0.010s (loaded all 145)
I20260807 17:05:28.707618 0x20b9da080 database_cache.cc:255] Loading pose priors...
I20260807 17:05:28.707635 0x20b9da080 database_cache.cc:263]  0 in 0.000s
I20260807 17:05:28.707640 0x20b9da080 database_cache.cc:271] Building correspondence graph...
I20260807 17:05:28.726810 0x20b9da080 database_cache.cc:300]  in 0.019s (ignored 0)
I20260807 17:05:28.742652 0x20b9da080 official_bundle_adjustment_ceres.cc:1434] [AETHER gravity] injected 6/6 roll/pitch anchors, sigma_rad=0.00872665
I20260807 17:05:28.752543 0x20b9da080 official_bundle_adjustment_ceres.cc:923] [AETHER] solver_used=DENSE_SCHUR sparse_backend=EIGEN_SPARSE dense_backend=EIGEN mixed=0 threads=1
I20260807 17:05:28.756636 0x20b9da080 official_bundle_adjustment_ceres.cc:1434] [AETHER gravity] injected 4/4 roll/pitch anchors, sigma_rad=0.00872665
I20260807 17:05:28.759607 0x20b9da080 official_bundle_adjustment_ceres.cc:923] [AETHER] solver_used=DENSE_SCHUR sparse_backend=EIGEN_SPARSE dense_backend=EIGEN mixed=0 threads=1
I20260807 17:05:28.964672 0x20b9da080 database_cache.cc:72] Loading rigs...
I20260807 17:05:28.964694 0x20b9da080 database_cache.cc:82]  0 in 0.000s
I20260807 17:05:28.964700 0x20b9da080 database_cache.cc:90] Loading cameras...
I20260807 17:05:28.964738 0x20b9da080 database_cache.cc:108]  146 in 0.000s
I20260807 17:05:28.964743 0x20b9da080 database_cache.cc:116] Loading frames...
I20260807 17:05:28.964750 0x20b9da080 database_cache.cc:126]  0 in 0.000s
I20260807 17:05:28.964753 0x20b9da080 database_cache.cc:134] Loading matches...
I20260807 17:05:28.968654 0x20b9da080 database_cache.cc:139]  1855 in 0.004s
I20260807 17:05:28.968660 0x20b9da080 database_cache.cc:147] Loading images...
I20260807 17:05:28.978954 0x20b9da080 database_cache.cc:236]  146 in 0.010s (loaded all 146)
I20260807 17:05:28.978977 0x20b9da080 database_cache.cc:255] Loading pose priors...
I20260807 17:05:28.978990 0x20b9da080 database_cache.cc:263]  0 in 0.000s
I20260807 17:05:28.978998 0x20b9da080 database_cache.cc:271] Building correspondence graph...
I20260807 17:05:28.998991 0x20b9da080 database_cache.cc:300]  in 0.020s (ignored 0)
I20260807 17:05:29.014006 0x20b9da080 official_bundle_adjustment_ceres.cc:1434] [AETHER gravity] injected 4/4 roll/pitch anchors, sigma_rad=0.00872665
I20260807 17:05:29.016498 0x20b9da080 official_bundle_adjustment_ceres.cc:923] [AETHER] solver_used=DENSE_SCHUR sparse_backend=EIGEN_SPARSE dense_backend=EIGEN mixed=0 threads=1
I20260807 17:05:29.019478 0x20b9da080 official_bundle_adjustment_ceres.cc:1434] [AETHER gravity] injected 4/4 roll/pitch anchors, sigma_rad=0.00872665
I20260807 17:05:29.020659 0x20b9da080 official_bundle_adjustment_ceres.cc:923] [AETHER] solver_used=DENSE_SCHUR sparse_backend=EIGEN_SPARSE dense_backend=EIGEN mixed=0 threads=1
I20260807 17:05:29.256269 0x20b9da080 database_cache.cc:72] Loading rigs...
I20260807 17:05:29.256297 0x20b9da080 database_cache.cc:82]  0 in 0.000s
I20260807 17:05:29.256303 0x20b9da080 database_cache.cc:90] Loading cameras...
I20260807 17:05:29.256345 0x20b9da080 database_cache.cc:108]  147 in 0.000s
I20260807 17:05:29.256350 0x20b9da080 database_cache.cc:116] Loading frames...
I20260807 17:05:29.256358 0x20b9da080 database_cache.cc:126]  0 in 0.000s
I20260807 17:05:29.256363 0x20b9da080 database_cache.cc:134] Loading matches...
I20260807 17:05:29.257896 0x20b9da080 database_cache.cc:139]  1870 in 0.002s
I20260807 17:05:29.257904 0x20b9da080 database_cache.cc:147] Loading images...
I20260807 17:05:29.268723 0x20b9da080 database_cache.cc:236]  147 in 0.011s (loaded all 147)
I20260807 17:05:29.268760 0x20b9da080 database_cache.cc:255] Loading pose priors...
I20260807 17:05:29.268772 0x20b9da080 database_cache.cc:263]  0 in 0.000s
I20260807 17:05:29.268778 0x20b9da080 database_cache.cc:271] Building correspondence graph...
I20260807 17:05:29.289309 0x20b9da080 database_cache.cc:300]  in 0.021s (ignored 0)
I20260807 17:05:29.305189 0x20b9da080 official_bundle_adjustment_ceres.cc:1434] [AETHER gravity] injected 4/4 roll/pitch anchors, sigma_rad=0.00872665
I20260807 17:05:29.306656 0x20b9da080 official_bundle_adjustment_ceres.cc:923] [AETHER] solver_used=DENSE_SCHUR sparse_backend=EIGEN_SPARSE dense_backend=EIGEN mixed=0 threads=1
I20260807 17:05:29.310353 0x20b9da080 official_bundle_adjustment_ceres.cc:1434] [AETHER gravity] injected 4/4 roll/pitch anchors, sigma_rad=0.00872665
I20260807 17:05:29.310760 0x20b9da080 official_bundle_adjustment_ceres.cc:923] [AETHER] solver_used=DENSE_SCHUR sparse_backend=EIGEN_SPARSE dense_backend=EIGEN mixed=0 threads=1
I20260807 17:05:29.530234 0x20b9da080 database_cache.cc:72] Loading rigs...
I20260807 17:05:29.530252 0x20b9da080 database_cache.cc:82]  0 in 0.000s
I20260807 17:05:29.530259 0x20b9da080 database_cache.cc:90] Loading cameras...
I20260807 17:05:29.530297 0x20b9da080 database_cache.cc:108]  148 in 0.000s
I20260807 17:05:29.530302 0x20b9da080 database_cache.cc:116] Loading frames...
I20260807 17:05:29.530308 0x20b9da080 database_cache.cc:126]  0 in 0.000s
I20260807 17:05:29.530312 0x20b9da080 database_cache.cc:134] Loading matches...
I20260807 17:05:29.531409 0x20b9da080 database_cache.cc:139]  1884 in 0.001s
I20260807 17:05:29.531415 0x20b9da080 database_cache.cc:147] Loading images...
I20260807 17:05:29.541753 0x20b9da080 database_cache.cc:236]  148 in 0.010s (loaded all 148)
I20260807 17:05:29.541781 0x20b9da080 database_cache.cc:255] Loading pose priors...
I20260807 17:05:29.541794 0x20b9da080 database_cache.cc:263]  0 in 0.000s
I20260807 17:05:29.541798 0x20b9da080 database_cache.cc:271] Building correspondence graph...
I20260807 17:05:29.561627 0x20b9da080 database_cache.cc:300]  in 0.020s (ignored 0)
I20260807 17:05:29.578797 0x20b9da080 official_bundle_adjustment_ceres.cc:1434] [AETHER gravity] injected 2/2 roll/pitch anchors, sigma_rad=0.00872665
I20260807 17:05:29.584791 0x20b9da080 official_bundle_adjustment_ceres.cc:923] [AETHER] solver_used=DENSE_SCHUR sparse_backend=EIGEN_SPARSE dense_backend=EIGEN mixed=0 threads=1
I20260807 17:05:29.588731 0x20b9da080 official_bundle_adjustment_ceres.cc:1434] [AETHER gravity] injected 4/4 roll/pitch anchors, sigma_rad=0.00872665
I20260807 17:05:29.591291 0x20b9da080 official_bundle_adjustment_ceres.cc:923] [AETHER] solver_used=DENSE_SCHUR sparse_backend=EIGEN_SPARSE dense_backend=EIGEN mixed=0 threads=1
I20260807 17:05:29.840599 0x20b9da080 database_cache.cc:72] Loading rigs...
I20260807 17:05:29.840625 0x20b9da080 database_cache.cc:82]  0 in 0.000s
I20260807 17:05:29.840632 0x20b9da080 database_cache.cc:90] Loading cameras...
I20260807 17:05:29.840678 0x20b9da080 database_cache.cc:108]  149 in 0.000s
I20260807 17:05:29.840683 0x20b9da080 database_cache.cc:116] Loading frames...
I20260807 17:05:29.840689 0x20b9da080 database_cache.cc:126]  0 in 0.000s
I20260807 17:05:29.840693 0x20b9da080 database_cache.cc:134] Loading matches...
I20260807 17:05:29.842924 0x20b9da080 database_cache.cc:139]  1897 in 0.002s
I20260807 17:05:29.842934 0x20b9da080 database_cache.cc:147] Loading images...
I20260807 17:05:29.853015 0x20b9da080 database_cache.cc:236]  149 in 0.010s (loaded all 149)
I20260807 17:05:29.853037 0x20b9da080 database_cache.cc:255] Loading pose priors...
I20260807 17:05:29.853048 0x20b9da080 database_cache.cc:263]  0 in 0.000s
I20260807 17:05:29.853053 0x20b9da080 database_cache.cc:271] Building correspondence graph...
I20260807 17:05:29.873502 0x20b9da080 database_cache.cc:300]  in 0.020s (ignored 0)
I20260807 17:05:30.190300 0x20b9da080 database_cache.cc:72] Loading rigs...
I20260807 17:05:30.190332 0x20b9da080 database_cache.cc:82]  0 in 0.000s
I20260807 17:05:30.190340 0x20b9da080 database_cache.cc:90] Loading cameras...
I20260807 17:05:30.190386 0x20b9da080 database_cache.cc:108]  150 in 0.000s
I20260807 17:05:30.190390 0x20b9da080 database_cache.cc:116] Loading frames...
I20260807 17:05:30.190397 0x20b9da080 database_cache.cc:126]  0 in 0.000s
I20260807 17:05:30.190402 0x20b9da080 database_cache.cc:134] Loading matches...
I20260807 17:05:30.191447 0x20b9da080 database_cache.cc:139]  1911 in 0.001s
I20260807 17:05:30.191452 0x20b9da080 database_cache.cc:147] Loading images...
I20260807 17:05:30.201637 0x20b9da080 database_cache.cc:236]  150 in 0.010s (loaded all 150)
I20260807 17:05:30.201660 0x20b9da080 database_cache.cc:255] Loading pose priors...
I20260807 17:05:30.201672 0x20b9da080 database_cache.cc:263]  0 in 0.000s
I20260807 17:05:30.201677 0x20b9da080 database_cache.cc:271] Building correspondence graph...
I20260807 17:05:30.222538 0x20b9da080 database_cache.cc:300]  in 0.021s (ignored 0)
  fed 150/201 frames (last n_kp=8192)
I20260807 17:05:30.475603 0x20b9da080 database_cache.cc:72] Loading rigs...
I20260807 17:05:30.475623 0x20b9da080 database_cache.cc:82]  0 in 0.000s
I20260807 17:05:30.475631 0x20b9da080 database_cache.cc:90] Loading cameras...
I20260807 17:05:30.475672 0x20b9da080 database_cache.cc:108]  151 in 0.000s
I20260807 17:05:30.475677 0x20b9da080 database_cache.cc:116] Loading frames...
I20260807 17:05:30.475684 0x20b9da080 database_cache.cc:126]  0 in 0.000s
I20260807 17:05:30.475688 0x20b9da080 database_cache.cc:134] Loading matches...
I20260807 17:05:30.477713 0x20b9da080 database_cache.cc:139]  1926 in 0.002s
I20260807 17:05:30.477730 0x20b9da080 database_cache.cc:147] Loading images...
I20260807 17:05:30.488462 0x20b9da080 database_cache.cc:236]  151 in 0.011s (loaded all 151)
I20260807 17:05:30.488492 0x20b9da080 database_cache.cc:255] Loading pose priors...
I20260807 17:05:30.488506 0x20b9da080 database_cache.cc:263]  0 in 0.000s
I20260807 17:05:30.488512 0x20b9da080 database_cache.cc:271] Building correspondence graph...
I20260807 17:05:30.510056 0x20b9da080 database_cache.cc:300]  in 0.022s (ignored 0)
I20260807 17:05:30.769432 0x20b9da080 database_cache.cc:72] Loading rigs...
I20260807 17:05:30.769453 0x20b9da080 database_cache.cc:82]  0 in 0.000s
I20260807 17:05:30.769458 0x20b9da080 database_cache.cc:90] Loading cameras...
I20260807 17:05:30.769499 0x20b9da080 database_cache.cc:108]  152 in 0.000s
I20260807 17:05:30.769504 0x20b9da080 database_cache.cc:116] Loading frames...
I20260807 17:05:30.769512 0x20b9da080 database_cache.cc:126]  0 in 0.000s
I20260807 17:05:30.769516 0x20b9da080 database_cache.cc:134] Loading matches...
I20260807 17:05:30.770723 0x20b9da080 database_cache.cc:139]  1940 in 0.001s
I20260807 17:05:30.770752 0x20b9da080 database_cache.cc:147] Loading images...
I20260807 17:05:30.782048 0x20b9da080 database_cache.cc:236]  152 in 0.011s (loaded all 152)
I20260807 17:05:30.782072 0x20b9da080 database_cache.cc:255] Loading pose priors...
I20260807 17:05:30.782082 0x20b9da080 database_cache.cc:263]  0 in 0.000s
I20260807 17:05:30.782088 0x20b9da080 database_cache.cc:271] Building correspondence graph...
I20260807 17:05:30.803182 0x20b9da080 database_cache.cc:300]  in 0.021s (ignored 0)
I20260807 17:05:30.821577 0x20b9da080 official_bundle_adjustment_ceres.cc:1434] [AETHER gravity] injected 5/5 roll/pitch anchors, sigma_rad=0.00872665
I20260807 17:05:30.824558 0x20b9da080 official_bundle_adjustment_ceres.cc:923] [AETHER] solver_used=DENSE_SCHUR sparse_backend=EIGEN_SPARSE dense_backend=EIGEN mixed=0 threads=1
I20260807 17:05:30.829714 0x20b9da080 official_bundle_adjustment_ceres.cc:1434] [AETHER gravity] injected 5/5 roll/pitch anchors, sigma_rad=0.00872665
I20260807 17:05:30.833610 0x20b9da080 official_bundle_adjustment_ceres.cc:923] [AETHER] solver_used=DENSE_SCHUR sparse_backend=EIGEN_SPARSE dense_backend=EIGEN mixed=0 threads=1
I20260807 17:05:31.113345 0x20b9da080 database_cache.cc:72] Loading rigs...
I20260807 17:05:31.113370 0x20b9da080 database_cache.cc:82]  0 in 0.000s
I20260807 17:05:31.113377 0x20b9da080 database_cache.cc:90] Loading cameras...
I20260807 17:05:31.113417 0x20b9da080 database_cache.cc:108]  153 in 0.000s
I20260807 17:05:31.113422 0x20b9da080 database_cache.cc:116] Loading frames...
I20260807 17:05:31.113429 0x20b9da080 database_cache.cc:126]  0 in 0.000s
I20260807 17:05:31.113433 0x20b9da080 database_cache.cc:134] Loading matches...
I20260807 17:05:31.115625 0x20b9da080 database_cache.cc:139]  1953 in 0.002s
I20260807 17:05:31.115634 0x20b9da080 database_cache.cc:147] Loading images...
I20260807 17:05:31.127246 0x20b9da080 database_cache.cc:236]  153 in 0.012s (loaded all 153)
I20260807 17:05:31.127287 0x20b9da080 database_cache.cc:255] Loading pose priors...
I20260807 17:05:31.127300 0x20b9da080 database_cache.cc:263]  0 in 0.000s
I20260807 17:05:31.127307 0x20b9da080 database_cache.cc:271] Building correspondence graph...
I20260807 17:05:31.149180 0x20b9da080 database_cache.cc:300]  in 0.022s (ignored 0)
I20260807 17:05:31.166137 0x20b9da080 official_bundle_adjustment_ceres.cc:1434] [AETHER gravity] injected 4/4 roll/pitch anchors, sigma_rad=0.00872665
I20260807 17:05:31.175222 0x20b9da080 official_bundle_adjustment_ceres.cc:923] [AETHER] solver_used=DENSE_SCHUR sparse_backend=EIGEN_SPARSE dense_backend=EIGEN mixed=0 threads=1
I20260807 17:05:31.180193 0x20b9da080 official_bundle_adjustment_ceres.cc:1434] [AETHER gravity] injected 3/3 roll/pitch anchors, sigma_rad=0.00872665
I20260807 17:05:31.183737 0x20b9da080 official_bundle_adjustment_ceres.cc:923] [AETHER] solver_used=DENSE_SCHUR sparse_backend=EIGEN_SPARSE dense_backend=EIGEN mixed=0 threads=1
I20260807 17:05:31.468514 0x20b9da080 database_cache.cc:72] Loading rigs...
I20260807 17:05:31.468589 0x20b9da080 database_cache.cc:82]  0 in 0.000s
I20260807 17:05:31.468604 0x20b9da080 database_cache.cc:90] Loading cameras...
I20260807 17:05:31.468694 0x20b9da080 database_cache.cc:108]  154 in 0.000s
I20260807 17:05:31.468705 0x20b9da080 database_cache.cc:116] Loading frames...
I20260807 17:05:31.468720 0x20b9da080 database_cache.cc:126]  0 in 0.000s
I20260807 17:05:31.468730 0x20b9da080 database_cache.cc:134] Loading matches...
I20260807 17:05:31.471648 0x20b9da080 database_cache.cc:139]  1967 in 0.003s
I20260807 17:05:31.471717 0x20b9da080 database_cache.cc:147] Loading images...
I20260807 17:05:31.491114 0x20b9da080 database_cache.cc:236]  154 in 0.019s (loaded all 154)
I20260807 17:05:31.491192 0x20b9da080 database_cache.cc:255] Loading pose priors...
I20260807 17:05:31.491219 0x20b9da080 database_cache.cc:263]  0 in 0.000s
I20260807 17:05:31.491232 0x20b9da080 database_cache.cc:271] Building correspondence graph...
I20260807 17:05:31.518383 0x20b9da080 database_cache.cc:300]  in 0.027s (ignored 0)
I20260807 17:05:31.929897 0x20b9da080 database_cache.cc:72] Loading rigs...
I20260807 17:05:31.929923 0x20b9da080 database_cache.cc:82]  0 in 0.000s
I20260807 17:05:31.929929 0x20b9da080 database_cache.cc:90] Loading cameras...
I20260807 17:05:31.929971 0x20b9da080 database_cache.cc:108]  155 in 0.000s
I20260807 17:05:31.929976 0x20b9da080 database_cache.cc:116] Loading frames...
I20260807 17:05:31.929983 0x20b9da080 database_cache.cc:126]  0 in 0.000s
I20260807 17:05:31.929988 0x20b9da080 database_cache.cc:134] Loading matches...
I20260807 17:05:31.931125 0x20b9da080 database_cache.cc:139]  1982 in 0.001s
I20260807 17:05:31.931132 0x20b9da080 database_cache.cc:147] Loading images...
I20260807 17:05:31.941840 0x20b9da080 database_cache.cc:236]  155 in 0.011s (loaded all 155)
I20260807 17:05:31.941880 0x20b9da080 database_cache.cc:255] Loading pose priors...
I20260807 17:05:31.941895 0x20b9da080 database_cache.cc:263]  0 in 0.000s
I20260807 17:05:31.941901 0x20b9da080 database_cache.cc:271] Building correspondence graph...
I20260807 17:05:31.963270 0x20b9da080 database_cache.cc:300]  in 0.021s (ignored 0)
I20260807 17:05:31.981333 0x20b9da080 official_bundle_adjustment_ceres.cc:1434] [AETHER gravity] injected 5/5 roll/pitch anchors, sigma_rad=0.00872665
I20260807 17:05:31.985149 0x20b9da080 official_bundle_adjustment_ceres.cc:923] [AETHER] solver_used=DENSE_SCHUR sparse_backend=EIGEN_SPARSE dense_backend=EIGEN mixed=0 threads=1
I20260807 17:05:31.991009 0x20b9da080 official_bundle_adjustment_ceres.cc:1434] [AETHER gravity] injected 4/4 roll/pitch anchors, sigma_rad=0.00872665
I20260807 17:05:31.995272 0x20b9da080 official_bundle_adjustment_ceres.cc:923] [AETHER] solver_used=DENSE_SCHUR sparse_backend=EIGEN_SPARSE dense_backend=EIGEN mixed=0 threads=1
I20260807 17:05:32.386152 0x20b9da080 database_cache.cc:72] Loading rigs...
I20260807 17:05:32.386180 0x20b9da080 database_cache.cc:82]  0 in 0.000s
I20260807 17:05:32.386186 0x20b9da080 database_cache.cc:90] Loading cameras...
I20260807 17:05:32.386230 0x20b9da080 database_cache.cc:108]  156 in 0.000s
I20260807 17:05:32.386235 0x20b9da080 database_cache.cc:116] Loading frames...
I20260807 17:05:32.386242 0x20b9da080 database_cache.cc:126]  0 in 0.000s
I20260807 17:05:32.386246 0x20b9da080 database_cache.cc:134] Loading matches...
I20260807 17:05:32.387464 0x20b9da080 database_cache.cc:139]  1997 in 0.001s
I20260807 17:05:32.387477 0x20b9da080 database_cache.cc:147] Loading images...
I20260807 17:05:32.398198 0x20b9da080 database_cache.cc:236]  156 in 0.011s (loaded all 156)
I20260807 17:05:32.398229 0x20b9da080 database_cache.cc:255] Loading pose priors...
I20260807 17:05:32.398241 0x20b9da080 database_cache.cc:263]  0 in 0.000s
I20260807 17:05:32.398247 0x20b9da080 database_cache.cc:271] Building correspondence graph...
I20260807 17:05:32.420063 0x20b9da080 database_cache.cc:300]  in 0.022s (ignored 0)
I20260807 17:05:32.436832 0x20b9da080 official_bundle_adjustment_ceres.cc:1434] [AETHER gravity] injected 3/3 roll/pitch anchors, sigma_rad=0.00872665
I20260807 17:05:32.438701 0x20b9da080 official_bundle_adjustment_ceres.cc:923] [AETHER] solver_used=DENSE_SCHUR sparse_backend=EIGEN_SPARSE dense_backend=EIGEN mixed=0 threads=1
I20260807 17:05:32.443338 0x20b9da080 official_bundle_adjustment_ceres.cc:1434] [AETHER gravity] injected 3/3 roll/pitch anchors, sigma_rad=0.00872665
I20260807 17:05:32.444631 0x20b9da080 official_bundle_adjustment_ceres.cc:923] [AETHER] solver_used=DENSE_SCHUR sparse_backend=EIGEN_SPARSE dense_backend=EIGEN mixed=0 threads=1
I20260807 17:05:32.799109 0x20b9da080 database_cache.cc:72] Loading rigs...
I20260807 17:05:32.799141 0x20b9da080 database_cache.cc:82]  0 in 0.000s
I20260807 17:05:32.799148 0x20b9da080 database_cache.cc:90] Loading cameras...
I20260807 17:05:32.799189 0x20b9da080 database_cache.cc:108]  157 in 0.000s
I20260807 17:05:32.799194 0x20b9da080 database_cache.cc:116] Loading frames...
I20260807 17:05:32.799202 0x20b9da080 database_cache.cc:126]  0 in 0.000s
I20260807 17:05:32.799206 0x20b9da080 database_cache.cc:134] Loading matches...
I20260807 17:05:32.804876 0x20b9da080 database_cache.cc:139]  2015 in 0.006s
I20260807 17:05:32.804916 0x20b9da080 database_cache.cc:147] Loading images...
I20260807 17:05:32.819215 0x20b9da080 database_cache.cc:236]  157 in 0.014s (loaded all 157)
I20260807 17:05:32.819255 0x20b9da080 database_cache.cc:255] Loading pose priors...
I20260807 17:05:32.819268 0x20b9da080 database_cache.cc:263]  0 in 0.000s
I20260807 17:05:32.819274 0x20b9da080 database_cache.cc:271] Building correspondence graph...
I20260807 17:05:32.841951 0x20b9da080 database_cache.cc:300]  in 0.023s (ignored 0)
I20260807 17:05:32.859993 0x20b9da080 official_bundle_adjustment_ceres.cc:1434] [AETHER gravity] injected 3/3 roll/pitch anchors, sigma_rad=0.00872665
I20260807 17:05:32.862226 0x20b9da080 official_bundle_adjustment_ceres.cc:923] [AETHER] solver_used=DENSE_SCHUR sparse_backend=EIGEN_SPARSE dense_backend=EIGEN mixed=0 threads=1
I20260807 17:05:32.866862 0x20b9da080 official_bundle_adjustment_ceres.cc:1434] [AETHER gravity] injected 3/3 roll/pitch anchors, sigma_rad=0.00872665
I20260807 17:05:32.867927 0x20b9da080 official_bundle_adjustment_ceres.cc:923] [AETHER] solver_used=DENSE_SCHUR sparse_backend=EIGEN_SPARSE dense_backend=EIGEN mixed=0 threads=1
I20260807 17:05:33.210454 0x20b9da080 database_cache.cc:72] Loading rigs...
I20260807 17:05:33.210475 0x20b9da080 database_cache.cc:82]  0 in 0.000s
I20260807 17:05:33.210484 0x20b9da080 database_cache.cc:90] Loading cameras...
I20260807 17:05:33.210526 0x20b9da080 database_cache.cc:108]  158 in 0.000s
I20260807 17:05:33.210532 0x20b9da080 database_cache.cc:116] Loading frames...
I20260807 17:05:33.210540 0x20b9da080 database_cache.cc:126]  0 in 0.000s
I20260807 17:05:33.210546 0x20b9da080 database_cache.cc:134] Loading matches...
I20260807 17:05:33.211663 0x20b9da080 database_cache.cc:139]  2033 in 0.001s
I20260807 17:05:33.211669 0x20b9da080 database_cache.cc:147] Loading images...
I20260807 17:05:33.222664 0x20b9da080 database_cache.cc:236]  158 in 0.011s (loaded all 158)
I20260807 17:05:33.222686 0x20b9da080 database_cache.cc:255] Loading pose priors...
I20260807 17:05:33.222698 0x20b9da080 database_cache.cc:263]  0 in 0.000s
I20260807 17:05:33.222703 0x20b9da080 database_cache.cc:271] Building correspondence graph...
I20260807 17:05:33.244442 0x20b9da080 database_cache.cc:300]  in 0.022s (ignored 0)
I20260807 17:05:33.261892 0x20b9da080 official_bundle_adjustment_ceres.cc:1434] [AETHER gravity] injected 2/2 roll/pitch anchors, sigma_rad=0.00872665
I20260807 17:05:33.262870 0x20b9da080 official_bundle_adjustment_ceres.cc:923] [AETHER] solver_used=DENSE_SCHUR sparse_backend=EIGEN_SPARSE dense_backend=EIGEN mixed=0 threads=1
I20260807 17:05:33.267558 0x20b9da080 official_bundle_adjustment_ceres.cc:1434] [AETHER gravity] injected 2/2 roll/pitch anchors, sigma_rad=0.00872665
I20260807 17:05:33.270527 0x20b9da080 official_bundle_adjustment_ceres.cc:923] [AETHER] solver_used=DENSE_SCHUR sparse_backend=EIGEN_SPARSE dense_backend=EIGEN mixed=0 threads=1
I20260807 17:05:33.524069 0x20b9da080 database_cache.cc:72] Loading rigs...
I20260807 17:05:33.524096 0x20b9da080 database_cache.cc:82]  0 in 0.000s
I20260807 17:05:33.524103 0x20b9da080 database_cache.cc:90] Loading cameras...
I20260807 17:05:33.524146 0x20b9da080 database_cache.cc:108]  159 in 0.000s
I20260807 17:05:33.524151 0x20b9da080 database_cache.cc:116] Loading frames...
I20260807 17:05:33.524159 0x20b9da080 database_cache.cc:126]  0 in 0.000s
I20260807 17:05:33.524163 0x20b9da080 database_cache.cc:134] Loading matches...
I20260807 17:05:33.526214 0x20b9da080 database_cache.cc:139]  2050 in 0.002s
I20260807 17:05:33.526221 0x20b9da080 database_cache.cc:147] Loading images...
I20260807 17:05:33.537048 0x20b9da080 database_cache.cc:236]  159 in 0.011s (loaded all 159)
I20260807 17:05:33.537066 0x20b9da080 database_cache.cc:255] Loading pose priors...
I20260807 17:05:33.537076 0x20b9da080 database_cache.cc:263]  0 in 0.000s
I20260807 17:05:33.537092 0x20b9da080 database_cache.cc:271] Building correspondence graph...
I20260807 17:05:33.559534 0x20b9da080 database_cache.cc:300]  in 0.022s (ignored 0)
I20260807 17:05:33.577846 0x20b9da080 official_bundle_adjustment_ceres.cc:1434] [AETHER gravity] injected 6/6 roll/pitch anchors, sigma_rad=0.00872665
I20260807 17:05:33.583567 0x20b9da080 official_bundle_adjustment_ceres.cc:923] [AETHER] solver_used=DENSE_SCHUR sparse_backend=EIGEN_SPARSE dense_backend=EIGEN mixed=0 threads=1
I20260807 17:05:33.587013 0x20b9da080 official_bundle_adjustment_ceres.cc:1434] [AETHER gravity] injected 6/6 roll/pitch anchors, sigma_rad=0.00872665
I20260807 17:05:33.591582 0x20b9da080 official_bundle_adjustment_ceres.cc:923] [AETHER] solver_used=DENSE_SCHUR sparse_backend=EIGEN_SPARSE dense_backend=EIGEN mixed=0 threads=1
I20260807 17:05:33.869552 0x20b9da080 database_cache.cc:72] Loading rigs...
I20260807 17:05:33.869581 0x20b9da080 database_cache.cc:82]  0 in 0.000s
I20260807 17:05:33.869588 0x20b9da080 database_cache.cc:90] Loading cameras...
I20260807 17:05:33.869633 0x20b9da080 database_cache.cc:108]  160 in 0.000s
I20260807 17:05:33.869638 0x20b9da080 database_cache.cc:116] Loading frames...
I20260807 17:05:33.869646 0x20b9da080 database_cache.cc:126]  0 in 0.000s
I20260807 17:05:33.869650 0x20b9da080 database_cache.cc:134] Loading matches...
I20260807 17:05:33.870928 0x20b9da080 database_cache.cc:139]  2064 in 0.001s
I20260807 17:05:33.870943 0x20b9da080 database_cache.cc:147] Loading images...
I20260807 17:05:33.881872 0x20b9da080 database_cache.cc:236]  160 in 0.011s (loaded all 160)
I20260807 17:05:33.881897 0x20b9da080 database_cache.cc:255] Loading pose priors...
I20260807 17:05:33.881911 0x20b9da080 database_cache.cc:263]  0 in 0.000s
I20260807 17:05:33.881917 0x20b9da080 database_cache.cc:271] Building correspondence graph...
I20260807 17:05:33.904413 0x20b9da080 database_cache.cc:300]  in 0.023s (ignored 0)
I20260807 17:05:33.920911 0x20b9da080 official_bundle_adjustment_ceres.cc:1434] [AETHER gravity] injected 6/6 roll/pitch anchors, sigma_rad=0.00872665
W20260807 17:05:33.925937 0x20b9da080 levenberg_marquardt_strategy.cc:123] Linear solver failure. Failed to compute a step: Eigen failure. Unable to perform dense Cholesky factorization.
W20260807 17:05:33.926240 0x20b9da080 levenberg_marquardt_strategy.cc:123] Linear solver failure. Failed to compute a step: Eigen failure. Unable to perform dense Cholesky factorization.
W20260807 17:05:33.926291 0x20b9da080 levenberg_marquardt_strategy.cc:123] Linear solver failure. Failed to compute a step: Eigen failure. Unable to perform dense Cholesky factorization.
I20260807 17:05:33.926733 0x20b9da080 official_bundle_adjustment_ceres.cc:923] [AETHER] solver_used=DENSE_SCHUR sparse_backend=EIGEN_SPARSE dense_backend=EIGEN mixed=0 threads=1
I20260807 17:05:33.929829 0x20b9da080 official_bundle_adjustment_ceres.cc:1434] [AETHER gravity] injected 5/5 roll/pitch anchors, sigma_rad=0.00872665
I20260807 17:05:33.933410 0x20b9da080 official_bundle_adjustment_ceres.cc:923] [AETHER] solver_used=DENSE_SCHUR sparse_backend=EIGEN_SPARSE dense_backend=EIGEN mixed=0 threads=1
I20260807 17:05:34.099423 0x20b9da080 database_cache.cc:72] Loading rigs...
I20260807 17:05:34.099757 0x20b9da080 database_cache.cc:82]  0 in 0.000s
I20260807 17:05:34.099765 0x20b9da080 database_cache.cc:90] Loading cameras...
I20260807 17:05:34.099805 0x20b9da080 database_cache.cc:108]  161 in 0.000s
I20260807 17:05:34.099811 0x20b9da080 database_cache.cc:116] Loading frames...
I20260807 17:05:34.099817 0x20b9da080 database_cache.cc:126]  0 in 0.000s
I20260807 17:05:34.099821 0x20b9da080 database_cache.cc:134] Loading matches...
I20260807 17:05:34.102521 0x20b9da080 database_cache.cc:139]  2075 in 0.003s
I20260807 17:05:34.102530 0x20b9da080 database_cache.cc:147] Loading images...
I20260807 17:05:34.114578 0x20b9da080 database_cache.cc:236]  161 in 0.012s (loaded all 161)
I20260807 17:05:34.114612 0x20b9da080 database_cache.cc:255] Loading pose priors...
I20260807 17:05:34.114623 0x20b9da080 database_cache.cc:263]  0 in 0.000s
I20260807 17:05:34.114629 0x20b9da080 database_cache.cc:271] Building correspondence graph...
I20260807 17:05:34.137839 0x20b9da080 database_cache.cc:300]  in 0.023s (ignored 0)
I20260807 17:05:34.153423 0x20b9da080 official_bundle_adjustment_ceres.cc:1434] [AETHER gravity] injected 5/5 roll/pitch anchors, sigma_rad=0.00872665
I20260807 17:05:34.157219 0x20b9da080 official_bundle_adjustment_ceres.cc:923] [AETHER] solver_used=DENSE_SCHUR sparse_backend=EIGEN_SPARSE dense_backend=EIGEN mixed=0 threads=1
I20260807 17:05:34.159907 0x20b9da080 official_bundle_adjustment_ceres.cc:1434] [AETHER gravity] injected 4/4 roll/pitch anchors, sigma_rad=0.00872665
I20260807 17:05:34.163087 0x20b9da080 official_bundle_adjustment_ceres.cc:923] [AETHER] solver_used=DENSE_SCHUR sparse_backend=EIGEN_SPARSE dense_backend=EIGEN mixed=0 threads=1
I20260807 17:05:34.300466 0x20b9da080 database_cache.cc:72] Loading rigs...
I20260807 17:05:34.300487 0x20b9da080 database_cache.cc:82]  0 in 0.000s
I20260807 17:05:34.300494 0x20b9da080 database_cache.cc:90] Loading cameras...
I20260807 17:05:34.300536 0x20b9da080 database_cache.cc:108]  162 in 0.000s
I20260807 17:05:34.300541 0x20b9da080 database_cache.cc:116] Loading frames...
I20260807 17:05:34.300548 0x20b9da080 database_cache.cc:126]  0 in 0.000s
I20260807 17:05:34.300554 0x20b9da080 database_cache.cc:134] Loading matches...
I20260807 17:05:34.301685 0x20b9da080 database_cache.cc:139]  2086 in 0.001s
I20260807 17:05:34.301692 0x20b9da080 database_cache.cc:147] Loading images...
I20260807 17:05:34.312862 0x20b9da080 database_cache.cc:236]  162 in 0.011s (loaded all 162)
I20260807 17:05:34.313451 0x20b9da080 database_cache.cc:255] Loading pose priors...
I20260807 17:05:34.313468 0x20b9da080 database_cache.cc:263]  0 in 0.000s
I20260807 17:05:34.313472 0x20b9da080 database_cache.cc:271] Building correspondence graph...
I20260807 17:05:34.336032 0x20b9da080 database_cache.cc:300]  in 0.023s (ignored 0)
I20260807 17:05:34.351155 0x20b9da080 official_bundle_adjustment_ceres.cc:1434] [AETHER gravity] injected 5/5 roll/pitch anchors, sigma_rad=0.00872665
I20260807 17:05:34.354884 0x20b9da080 official_bundle_adjustment_ceres.cc:923] [AETHER] solver_used=DENSE_SCHUR sparse_backend=EIGEN_SPARSE dense_backend=EIGEN mixed=0 threads=1
I20260807 17:05:34.357562 0x20b9da080 official_bundle_adjustment_ceres.cc:1434] [AETHER gravity] injected 2/2 roll/pitch anchors, sigma_rad=0.00872665
I20260807 17:05:34.358540 0x20b9da080 official_bundle_adjustment_ceres.cc:923] [AETHER] solver_used=DENSE_SCHUR sparse_backend=EIGEN_SPARSE dense_backend=EIGEN mixed=0 threads=1
I20260807 17:05:34.491692 0x20b9da080 database_cache.cc:72] Loading rigs...
I20260807 17:05:34.491713 0x20b9da080 database_cache.cc:82]  0 in 0.000s
I20260807 17:05:34.491718 0x20b9da080 database_cache.cc:90] Loading cameras...
I20260807 17:05:34.491760 0x20b9da080 database_cache.cc:108]  163 in 0.000s
I20260807 17:05:34.491764 0x20b9da080 database_cache.cc:116] Loading frames...
I20260807 17:05:34.491771 0x20b9da080 database_cache.cc:126]  0 in 0.000s
I20260807 17:05:34.491775 0x20b9da080 database_cache.cc:134] Loading matches...
I20260807 17:05:34.492927 0x20b9da080 database_cache.cc:139]  2095 in 0.001s
I20260807 17:05:34.492938 0x20b9da080 database_cache.cc:147] Loading images...
I20260807 17:05:34.504018 0x20b9da080 database_cache.cc:236]  163 in 0.011s (loaded all 163)
I20260807 17:05:34.504052 0x20b9da080 database_cache.cc:255] Loading pose priors...
I20260807 17:05:34.504064 0x20b9da080 database_cache.cc:263]  0 in 0.000s
I20260807 17:05:34.504071 0x20b9da080 database_cache.cc:271] Building correspondence graph...
I20260807 17:05:34.526736 0x20b9da080 database_cache.cc:300]  in 0.023s (ignored 0)
I20260807 17:05:34.541571 0x20b9da080 official_bundle_adjustment_ceres.cc:1434] [AETHER gravity] injected 2/2 roll/pitch anchors, sigma_rad=0.00872665
I20260807 17:05:34.542446 0x20b9da080 official_bundle_adjustment_ceres.cc:923] [AETHER] solver_used=DENSE_SCHUR sparse_backend=EIGEN_SPARSE dense_backend=EIGEN mixed=0 threads=1
I20260807 17:05:34.544411 0x20b9da080 official_bundle_adjustment_ceres.cc:1434] [AETHER gravity] injected 3/3 roll/pitch anchors, sigma_rad=0.00872665
I20260807 17:05:34.544577 0x20b9da080 official_bundle_adjustment_ceres.cc:923] [AETHER] solver_used=DENSE_SCHUR sparse_backend=EIGEN_SPARSE dense_backend=EIGEN mixed=0 threads=1
I20260807 17:05:34.688024 0x20b9da080 database_cache.cc:72] Loading rigs...
I20260807 17:05:34.688046 0x20b9da080 database_cache.cc:82]  0 in 0.000s
I20260807 17:05:34.688052 0x20b9da080 database_cache.cc:90] Loading cameras...
I20260807 17:05:34.688098 0x20b9da080 database_cache.cc:108]  164 in 0.000s
I20260807 17:05:34.688103 0x20b9da080 database_cache.cc:116] Loading frames...
I20260807 17:05:34.688109 0x20b9da080 database_cache.cc:126]  0 in 0.000s
I20260807 17:05:34.688112 0x20b9da080 database_cache.cc:134] Loading matches...
I20260807 17:05:34.689318 0x20b9da080 database_cache.cc:139]  2100 in 0.001s
I20260807 17:05:34.689324 0x20b9da080 database_cache.cc:147] Loading images...
I20260807 17:05:34.700503 0x20b9da080 database_cache.cc:236]  164 in 0.011s (loaded all 164)
I20260807 17:05:34.700520 0x20b9da080 database_cache.cc:255] Loading pose priors...
I20260807 17:05:34.700530 0x20b9da080 database_cache.cc:263]  0 in 0.000s
I20260807 17:05:34.700533 0x20b9da080 database_cache.cc:271] Building correspondence graph...
I20260807 17:05:34.723365 0x20b9da080 database_cache.cc:300]  in 0.023s (ignored 0)
I20260807 17:05:34.890954 0x20b9da080 database_cache.cc:72] Loading rigs...
I20260807 17:05:34.890973 0x20b9da080 database_cache.cc:82]  0 in 0.000s
I20260807 17:05:34.890983 0x20b9da080 database_cache.cc:90] Loading cameras...
I20260807 17:05:34.891028 0x20b9da080 database_cache.cc:108]  165 in 0.000s
I20260807 17:05:34.891035 0x20b9da080 database_cache.cc:116] Loading frames...
I20260807 17:05:34.891041 0x20b9da080 database_cache.cc:126]  0 in 0.000s
I20260807 17:05:34.891044 0x20b9da080 database_cache.cc:134] Loading matches...
I20260807 17:05:34.892224 0x20b9da080 database_cache.cc:139]  2103 in 0.001s
I20260807 17:05:34.892229 0x20b9da080 database_cache.cc:147] Loading images...
I20260807 17:05:34.903492 0x20b9da080 database_cache.cc:236]  165 in 0.011s (loaded all 165)
I20260807 17:05:34.903515 0x20b9da080 database_cache.cc:255] Loading pose priors...
I20260807 17:05:34.903525 0x20b9da080 database_cache.cc:263]  0 in 0.000s
I20260807 17:05:34.903530 0x20b9da080 database_cache.cc:271] Building correspondence graph...
I20260807 17:05:34.926486 0x20b9da080 database_cache.cc:300]  in 0.023s (ignored 0)
I20260807 17:05:35.089378 0x20b9da080 database_cache.cc:72] Loading rigs...
I20260807 17:05:35.089394 0x20b9da080 database_cache.cc:82]  0 in 0.000s
I20260807 17:05:35.089399 0x20b9da080 database_cache.cc:90] Loading cameras...
I20260807 17:05:35.089441 0x20b9da080 database_cache.cc:108]  166 in 0.000s
I20260807 17:05:35.089445 0x20b9da080 database_cache.cc:116] Loading frames...
I20260807 17:05:35.089452 0x20b9da080 database_cache.cc:126]  0 in 0.000s
I20260807 17:05:35.089455 0x20b9da080 database_cache.cc:134] Loading matches...
I20260807 17:05:35.091894 0x20b9da080 database_cache.cc:139]  2113 in 0.002s
I20260807 17:05:35.091900 0x20b9da080 database_cache.cc:147] Loading images...
I20260807 17:05:35.103120 0x20b9da080 database_cache.cc:236]  166 in 0.011s (loaded all 166)
I20260807 17:05:35.103136 0x20b9da080 database_cache.cc:255] Loading pose priors...
I20260807 17:05:35.103144 0x20b9da080 database_cache.cc:263]  0 in 0.000s
I20260807 17:05:35.103148 0x20b9da080 database_cache.cc:271] Building correspondence graph...
I20260807 17:05:35.126496 0x20b9da080 database_cache.cc:300]  in 0.023s (ignored 0)
I20260807 17:05:35.142158 0x20b9da080 official_bundle_adjustment_ceres.cc:1434] [AETHER gravity] injected 5/5 roll/pitch anchors, sigma_rad=0.00872665
I20260807 17:05:35.144826 0x20b9da080 official_bundle_adjustment_ceres.cc:923] [AETHER] solver_used=DENSE_SCHUR sparse_backend=EIGEN_SPARSE dense_backend=EIGEN mixed=0 threads=1
I20260807 17:05:35.147516 0x20b9da080 official_bundle_adjustment_ceres.cc:1434] [AETHER gravity] injected 5/5 roll/pitch anchors, sigma_rad=0.00872665
I20260807 17:05:35.149424 0x20b9da080 official_bundle_adjustment_ceres.cc:923] [AETHER] solver_used=DENSE_SCHUR sparse_backend=EIGEN_SPARSE dense_backend=EIGEN mixed=0 threads=1
I20260807 17:05:35.374551 0x20b9da080 database_cache.cc:72] Loading rigs...
I20260807 17:05:35.374570 0x20b9da080 database_cache.cc:82]  0 in 0.000s
I20260807 17:05:35.374576 0x20b9da080 database_cache.cc:90] Loading cameras...
I20260807 17:05:35.374619 0x20b9da080 database_cache.cc:108]  167 in 0.000s
I20260807 17:05:35.374623 0x20b9da080 database_cache.cc:116] Loading frames...
I20260807 17:05:35.374629 0x20b9da080 database_cache.cc:126]  0 in 0.000s
I20260807 17:05:35.374633 0x20b9da080 database_cache.cc:134] Loading matches...
I20260807 17:05:35.378230 0x20b9da080 database_cache.cc:139]  2128 in 0.004s
I20260807 17:05:35.378241 0x20b9da080 database_cache.cc:147] Loading images...
I20260807 17:05:35.390315 0x20b9da080 database_cache.cc:236]  167 in 0.012s (loaded all 167)
I20260807 17:05:35.390348 0x20b9da080 database_cache.cc:255] Loading pose priors...
I20260807 17:05:35.390361 0x20b9da080 database_cache.cc:263]  0 in 0.000s
I20260807 17:05:35.390366 0x20b9da080 database_cache.cc:271] Building correspondence graph...
I20260807 17:05:35.413412 0x20b9da080 database_cache.cc:300]  in 0.023s (ignored 0)
I20260807 17:05:35.429096 0x20b9da080 official_bundle_adjustment_ceres.cc:1434] [AETHER gravity] injected 6/6 roll/pitch anchors, sigma_rad=0.00872665
I20260807 17:05:35.431838 0x20b9da080 official_bundle_adjustment_ceres.cc:923] [AETHER] solver_used=DENSE_SCHUR sparse_backend=EIGEN_SPARSE dense_backend=EIGEN mixed=0 threads=1
I20260807 17:05:35.434428 0x20b9da080 official_bundle_adjustment_ceres.cc:1434] [AETHER gravity] injected 5/5 roll/pitch anchors, sigma_rad=0.00872665
I20260807 17:05:35.435425 0x20b9da080 official_bundle_adjustment_ceres.cc:923] [AETHER] solver_used=DENSE_SCHUR sparse_backend=EIGEN_SPARSE dense_backend=EIGEN mixed=0 threads=1
I20260807 17:05:35.650998 0x20b9da080 database_cache.cc:72] Loading rigs...
I20260807 17:05:35.651016 0x20b9da080 database_cache.cc:82]  0 in 0.000s
I20260807 17:05:35.651021 0x20b9da080 database_cache.cc:90] Loading cameras...
I20260807 17:05:35.651064 0x20b9da080 database_cache.cc:108]  168 in 0.000s
I20260807 17:05:35.651068 0x20b9da080 database_cache.cc:116] Loading frames...
I20260807 17:05:35.651074 0x20b9da080 database_cache.cc:126]  0 in 0.000s
I20260807 17:05:35.651077 0x20b9da080 database_cache.cc:134] Loading matches...
I20260807 17:05:35.652321 0x20b9da080 database_cache.cc:139]  2143 in 0.001s
I20260807 17:05:35.652326 0x20b9da080 database_cache.cc:147] Loading images...
I20260807 17:05:35.663921 0x20b9da080 database_cache.cc:236]  168 in 0.012s (loaded all 168)
I20260807 17:05:35.663941 0x20b9da080 database_cache.cc:255] Loading pose priors...
I20260807 17:05:35.663954 0x20b9da080 database_cache.cc:263]  0 in 0.000s
I20260807 17:05:35.663962 0x20b9da080 database_cache.cc:271] Building correspondence graph...
I20260807 17:05:35.687348 0x20b9da080 database_cache.cc:300]  in 0.023s (ignored 0)
I20260807 17:05:35.703312 0x20b9da080 official_bundle_adjustment_ceres.cc:1434] [AETHER gravity] injected 3/3 roll/pitch anchors, sigma_rad=0.00872665
I20260807 17:05:35.706110 0x20b9da080 official_bundle_adjustment_ceres.cc:923] [AETHER] solver_used=DENSE_SCHUR sparse_backend=EIGEN_SPARSE dense_backend=EIGEN mixed=0 threads=1
I20260807 17:05:35.709335 0x20b9da080 official_bundle_adjustment_ceres.cc:1434] [AETHER gravity] injected 5/5 roll/pitch anchors, sigma_rad=0.00872665
I20260807 17:05:35.713016 0x20b9da080 official_bundle_adjustment_ceres.cc:923] [AETHER] solver_used=DENSE_SCHUR sparse_backend=EIGEN_SPARSE dense_backend=EIGEN mixed=0 threads=1
I20260807 17:05:35.946618 0x20b9da080 database_cache.cc:72] Loading rigs...
I20260807 17:05:35.946634 0x20b9da080 database_cache.cc:82]  0 in 0.000s
I20260807 17:05:35.946640 0x20b9da080 database_cache.cc:90] Loading cameras...
I20260807 17:05:35.946679 0x20b9da080 database_cache.cc:108]  169 in 0.000s
I20260807 17:05:35.946684 0x20b9da080 database_cache.cc:116] Loading frames...
I20260807 17:05:35.946691 0x20b9da080 database_cache.cc:126]  0 in 0.000s
I20260807 17:05:35.946695 0x20b9da080 database_cache.cc:134] Loading matches...
I20260807 17:05:35.947906 0x20b9da080 database_cache.cc:139]  2160 in 0.001s
I20260807 17:05:35.947912 0x20b9da080 database_cache.cc:147] Loading images...
I20260807 17:05:35.959610 0x20b9da080 database_cache.cc:236]  169 in 0.012s (loaded all 169)
I20260807 17:05:35.959635 0x20b9da080 database_cache.cc:255] Loading pose priors...
I20260807 17:05:35.959648 0x20b9da080 database_cache.cc:263]  0 in 0.000s
I20260807 17:05:35.959652 0x20b9da080 database_cache.cc:271] Building correspondence graph...
I20260807 17:05:35.982912 0x20b9da080 database_cache.cc:300]  in 0.023s (ignored 0)
I20260807 17:05:36.000071 0x20b9da080 official_bundle_adjustment_ceres.cc:1434] [AETHER gravity] injected 4/4 roll/pitch anchors, sigma_rad=0.00872665
I20260807 17:05:36.002753 0x20b9da080 official_bundle_adjustment_ceres.cc:923] [AETHER] solver_used=DENSE_SCHUR sparse_backend=EIGEN_SPARSE dense_backend=EIGEN mixed=0 threads=1
I20260807 17:05:36.006745 0x20b9da080 official_bundle_adjustment_ceres.cc:1434] [AETHER gravity] injected 3/3 roll/pitch anchors, sigma_rad=0.00872665
I20260807 17:05:36.007361 0x20b9da080 official_bundle_adjustment_ceres.cc:923] [AETHER] solver_used=DENSE_SCHUR sparse_backend=EIGEN_SPARSE dense_backend=EIGEN mixed=0 threads=1
I20260807 17:05:36.277029 0x20b9da080 database_cache.cc:72] Loading rigs...
I20260807 17:05:36.277051 0x20b9da080 database_cache.cc:82]  0 in 0.000s
I20260807 17:05:36.277057 0x20b9da080 database_cache.cc:90] Loading cameras...
I20260807 17:05:36.277101 0x20b9da080 database_cache.cc:108]  170 in 0.000s
I20260807 17:05:36.277105 0x20b9da080 database_cache.cc:116] Loading frames...
I20260807 17:05:36.277111 0x20b9da080 database_cache.cc:126]  0 in 0.000s
I20260807 17:05:36.277115 0x20b9da080 database_cache.cc:134] Loading matches...
I20260807 17:05:36.279665 0x20b9da080 database_cache.cc:139]  2176 in 0.003s
I20260807 17:05:36.279686 0x20b9da080 database_cache.cc:147] Loading images...
I20260807 17:05:36.292696 0x20b9da080 database_cache.cc:236]  170 in 0.013s (loaded all 170)
I20260807 17:05:36.292718 0x20b9da080 database_cache.cc:255] Loading pose priors...
I20260807 17:05:36.292730 0x20b9da080 database_cache.cc:263]  0 in 0.000s
I20260807 17:05:36.292734 0x20b9da080 database_cache.cc:271] Building correspondence graph...
I20260807 17:05:36.317366 0x20b9da080 database_cache.cc:300]  in 0.025s (ignored 0)
I20260807 17:05:36.336609 0x20b9da080 official_bundle_adjustment_ceres.cc:1434] [AETHER gravity] injected 6/6 roll/pitch anchors, sigma_rad=0.00872665
I20260807 17:05:36.340414 0x20b9da080 official_bundle_adjustment_ceres.cc:923] [AETHER] solver_used=DENSE_SCHUR sparse_backend=EIGEN_SPARSE dense_backend=EIGEN mixed=0 threads=1
I20260807 17:05:36.344452 0x20b9da080 official_bundle_adjustment_ceres.cc:1434] [AETHER gravity] injected 6/6 roll/pitch anchors, sigma_rad=0.00872665
I20260807 17:05:36.345342 0x20b9da080 official_bundle_adjustment_ceres.cc:923] [AETHER] solver_used=DENSE_SCHUR sparse_backend=EIGEN_SPARSE dense_backend=EIGEN mixed=0 threads=1
I20260807 17:05:36.525527 0x20b9da080 database_cache.cc:72] Loading rigs...
I20260807 17:05:36.525549 0x20b9da080 database_cache.cc:82]  0 in 0.000s
I20260807 17:05:36.525555 0x20b9da080 database_cache.cc:90] Loading cameras...
I20260807 17:05:36.525600 0x20b9da080 database_cache.cc:108]  171 in 0.000s
I20260807 17:05:36.525606 0x20b9da080 database_cache.cc:116] Loading frames...
I20260807 17:05:36.525614 0x20b9da080 database_cache.cc:126]  0 in 0.000s
I20260807 17:05:36.525620 0x20b9da080 database_cache.cc:134] Loading matches...
I20260807 17:05:36.526833 0x20b9da080 database_cache.cc:139]  2187 in 0.001s
I20260807 17:05:36.526844 0x20b9da080 database_cache.cc:147] Loading images...
I20260807 17:05:36.538748 0x20b9da080 database_cache.cc:236]  171 in 0.012s (loaded all 171)
I20260807 17:05:36.538767 0x20b9da080 database_cache.cc:255] Loading pose priors...
I20260807 17:05:36.538778 0x20b9da080 database_cache.cc:263]  0 in 0.000s
I20260807 17:05:36.538785 0x20b9da080 database_cache.cc:271] Building correspondence graph...
I20260807 17:05:36.561851 0x20b9da080 database_cache.cc:300]  in 0.023s (ignored 0)
I20260807 17:05:36.578238 0x20b9da080 official_bundle_adjustment_ceres.cc:1434] [AETHER gravity] injected 4/4 roll/pitch anchors, sigma_rad=0.00872665
I20260807 17:05:36.580924 0x20b9da080 official_bundle_adjustment_ceres.cc:923] [AETHER] solver_used=DENSE_SCHUR sparse_backend=EIGEN_SPARSE dense_backend=EIGEN mixed=0 threads=1
I20260807 17:05:36.583879 0x20b9da080 official_bundle_adjustment_ceres.cc:1434] [AETHER gravity] injected 3/3 roll/pitch anchors, sigma_rad=0.00872665
I20260807 17:05:36.585486 0x20b9da080 official_bundle_adjustment_ceres.cc:923] [AETHER] solver_used=DENSE_SCHUR sparse_backend=EIGEN_SPARSE dense_backend=EIGEN mixed=0 threads=1
I20260807 17:05:36.802983 0x20b9da080 database_cache.cc:72] Loading rigs...
I20260807 17:05:36.803003 0x20b9da080 database_cache.cc:82]  0 in 0.000s
I20260807 17:05:36.803011 0x20b9da080 database_cache.cc:90] Loading cameras...
I20260807 17:05:36.803055 0x20b9da080 database_cache.cc:108]  172 in 0.000s
I20260807 17:05:36.803059 0x20b9da080 database_cache.cc:116] Loading frames...
I20260807 17:05:36.803065 0x20b9da080 database_cache.cc:126]  0 in 0.000s
I20260807 17:05:36.803068 0x20b9da080 database_cache.cc:134] Loading matches...
I20260807 17:05:36.804531 0x20b9da080 database_cache.cc:139]  2204 in 0.001s
I20260807 17:05:36.804570 0x20b9da080 database_cache.cc:147] Loading images...
I20260807 17:05:36.816259 0x20b9da080 database_cache.cc:236]  172 in 0.012s (loaded all 172)
I20260807 17:05:36.816281 0x20b9da080 database_cache.cc:255] Loading pose priors...
I20260807 17:05:36.816297 0x20b9da080 database_cache.cc:263]  0 in 0.000s
I20260807 17:05:36.816301 0x20b9da080 database_cache.cc:271] Building correspondence graph...
I20260807 17:05:36.840089 0x20b9da080 database_cache.cc:300]  in 0.024s (ignored 0)
I20260807 17:05:36.858392 0x20b9da080 official_bundle_adjustment_ceres.cc:1434] [AETHER gravity] injected 6/6 roll/pitch anchors, sigma_rad=0.00872665
I20260807 17:05:36.878399 0x20b9da080 official_bundle_adjustment_ceres.cc:923] [AETHER] solver_used=DENSE_SCHUR sparse_backend=EIGEN_SPARSE dense_backend=EIGEN mixed=0 threads=1
I20260807 17:05:36.882532 0x20b9da080 official_bundle_adjustment_ceres.cc:1434] [AETHER gravity] injected 5/5 roll/pitch anchors, sigma_rad=0.00872665
I20260807 17:05:36.889634 0x20b9da080 official_bundle_adjustment_ceres.cc:923] [AETHER] solver_used=DENSE_SCHUR sparse_backend=EIGEN_SPARSE dense_backend=EIGEN mixed=0 threads=1
I20260807 17:05:37.114853 0x20b9da080 database_cache.cc:72] Loading rigs...
I20260807 17:05:37.114875 0x20b9da080 database_cache.cc:82]  0 in 0.000s
I20260807 17:05:37.114882 0x20b9da080 database_cache.cc:90] Loading cameras...
I20260807 17:05:37.114927 0x20b9da080 database_cache.cc:108]  173 in 0.000s
I20260807 17:05:37.114933 0x20b9da080 database_cache.cc:116] Loading frames...
I20260807 17:05:37.114940 0x20b9da080 database_cache.cc:126]  0 in 0.000s
I20260807 17:05:37.114944 0x20b9da080 database_cache.cc:134] Loading matches...
I20260807 17:05:37.117745 0x20b9da080 database_cache.cc:139]  2224 in 0.003s
I20260807 17:05:37.117756 0x20b9da080 database_cache.cc:147] Loading images...
I20260807 17:05:37.129731 0x20b9da080 database_cache.cc:236]  173 in 0.012s (loaded all 173)
I20260807 17:05:37.129752 0x20b9da080 database_cache.cc:255] Loading pose priors...
I20260807 17:05:37.129765 0x20b9da080 database_cache.cc:263]  0 in 0.000s
I20260807 17:05:37.129770 0x20b9da080 database_cache.cc:271] Building correspondence graph...
I20260807 17:05:37.154588 0x20b9da080 database_cache.cc:300]  in 0.025s (ignored 0)
I20260807 17:05:37.172702 0x20b9da080 official_bundle_adjustment_ceres.cc:1434] [AETHER gravity] injected 6/6 roll/pitch anchors, sigma_rad=0.00872665
I20260807 17:05:37.179140 0x20b9da080 official_bundle_adjustment_ceres.cc:923] [AETHER] solver_used=DENSE_SCHUR sparse_backend=EIGEN_SPARSE dense_backend=EIGEN mixed=0 threads=1
I20260807 17:05:37.182714 0x20b9da080 official_bundle_adjustment_ceres.cc:1434] [AETHER gravity] injected 6/6 roll/pitch anchors, sigma_rad=0.00872665
I20260807 17:05:37.185602 0x20b9da080 official_bundle_adjustment_ceres.cc:923] [AETHER] solver_used=DENSE_SCHUR sparse_backend=EIGEN_SPARSE dense_backend=EIGEN mixed=0 threads=1
I20260807 17:05:37.382000 0x20b9da080 database_cache.cc:72] Loading rigs...
I20260807 17:05:37.382019 0x20b9da080 database_cache.cc:82]  0 in 0.000s
I20260807 17:05:37.382025 0x20b9da080 database_cache.cc:90] Loading cameras...
I20260807 17:05:37.382070 0x20b9da080 database_cache.cc:108]  174 in 0.000s
I20260807 17:05:37.382075 0x20b9da080 database_cache.cc:116] Loading frames...
I20260807 17:05:37.382081 0x20b9da080 database_cache.cc:126]  0 in 0.000s
I20260807 17:05:37.382084 0x20b9da080 database_cache.cc:134] Loading matches...
I20260807 17:05:37.383329 0x20b9da080 database_cache.cc:139]  2244 in 0.001s
I20260807 17:05:37.383335 0x20b9da080 database_cache.cc:147] Loading images...
I20260807 17:05:37.395519 0x20b9da080 database_cache.cc:236]  174 in 0.012s (loaded all 174)
I20260807 17:05:37.395537 0x20b9da080 database_cache.cc:255] Loading pose priors...
I20260807 17:05:37.395549 0x20b9da080 database_cache.cc:263]  0 in 0.000s
I20260807 17:05:37.395553 0x20b9da080 database_cache.cc:271] Building correspondence graph...
I20260807 17:05:37.419446 0x20b9da080 database_cache.cc:300]  in 0.024s (ignored 0)
I20260807 17:05:37.436101 0x20b9da080 official_bundle_adjustment_ceres.cc:1434] [AETHER gravity] injected 2/2 roll/pitch anchors, sigma_rad=0.00872665
W20260807 17:05:37.437128 0x20b9da080 levenberg_marquardt_strategy.cc:123] Linear solver failure. Failed to compute a step: Eigen failure. Unable to perform dense Cholesky factorization.
W20260807 17:05:37.437263 0x20b9da080 levenberg_marquardt_strategy.cc:123] Linear solver failure. Failed to compute a step: Eigen failure. Unable to perform dense Cholesky factorization.
W20260807 17:05:37.437388 0x20b9da080 levenberg_marquardt_strategy.cc:123] Linear solver failure. Failed to compute a step: Eigen failure. Unable to perform dense Cholesky factorization.
W20260807 17:05:37.437422 0x20b9da080 levenberg_marquardt_strategy.cc:123] Linear solver failure. Failed to compute a step: Eigen failure. Unable to perform dense Cholesky factorization.
W20260807 17:05:37.437568 0x20b9da080 levenberg_marquardt_strategy.cc:123] Linear solver failure. Failed to compute a step: Eigen failure. Unable to perform dense Cholesky factorization.
W20260807 17:05:37.437799 0x20b9da080 levenberg_marquardt_strategy.cc:123] Linear solver failure. Failed to compute a step: Eigen failure. Unable to perform dense Cholesky factorization.
W20260807 17:05:37.437831 0x20b9da080 levenberg_marquardt_strategy.cc:123] Linear solver failure. Failed to compute a step: Eigen failure. Unable to perform dense Cholesky factorization.
W20260807 17:05:37.438039 0x20b9da080 levenberg_marquardt_strategy.cc:123] Linear solver failure. Failed to compute a step: Eigen failure. Unable to perform dense Cholesky factorization.
W20260807 17:05:37.438069 0x20b9da080 levenberg_marquardt_strategy.cc:123] Linear solver failure. Failed to compute a step: Eigen failure. Unable to perform dense Cholesky factorization.
I20260807 17:05:37.438095 0x20b9da080 official_bundle_adjustment_ceres.cc:923] [AETHER] solver_used=DENSE_SCHUR sparse_backend=EIGEN_SPARSE dense_backend=EIGEN mixed=0 threads=1
I20260807 17:05:37.658588 0x20b9da080 database_cache.cc:72] Loading rigs...
I20260807 17:05:37.658606 0x20b9da080 database_cache.cc:82]  0 in 0.000s
I20260807 17:05:37.658611 0x20b9da080 database_cache.cc:90] Loading cameras...
I20260807 17:05:37.658657 0x20b9da080 database_cache.cc:108]  175 in 0.000s
I20260807 17:05:37.658661 0x20b9da080 database_cache.cc:116] Loading frames...
I20260807 17:05:37.658667 0x20b9da080 database_cache.cc:126]  0 in 0.000s
I20260807 17:05:37.658670 0x20b9da080 database_cache.cc:134] Loading matches...
I20260807 17:05:37.659934 0x20b9da080 database_cache.cc:139]  2262 in 0.001s
I20260807 17:05:37.659939 0x20b9da080 database_cache.cc:147] Loading images...
I20260807 17:05:37.672068 0x20b9da080 database_cache.cc:236]  175 in 0.012s (loaded all 175)
I20260807 17:05:37.672092 0x20b9da080 database_cache.cc:255] Loading pose priors...
I20260807 17:05:37.672103 0x20b9da080 database_cache.cc:263]  0 in 0.000s
I20260807 17:05:37.672106 0x20b9da080 database_cache.cc:271] Building correspondence graph...
I20260807 17:05:37.695907 0x20b9da080 database_cache.cc:300]  in 0.024s (ignored 0)
I20260807 17:05:37.712642 0x20b9da080 official_bundle_adjustment_ceres.cc:1434] [AETHER gravity] injected 4/4 roll/pitch anchors, sigma_rad=0.00872665
W20260807 17:05:37.715340 0x20b9da080 levenberg_marquardt_strategy.cc:123] Linear solver failure. Failed to compute a step: Eigen failure. Unable to perform dense Cholesky factorization.
W20260807 17:05:37.715506 0x20b9da080 levenberg_marquardt_strategy.cc:123] Linear solver failure. Failed to compute a step: Eigen failure. Unable to perform dense Cholesky factorization.
W20260807 17:05:37.715540 0x20b9da080 levenberg_marquardt_strategy.cc:123] Linear solver failure. Failed to compute a step: Eigen failure. Unable to perform dense Cholesky factorization.
I20260807 17:05:37.715573 0x20b9da080 official_bundle_adjustment_ceres.cc:923] [AETHER] solver_used=DENSE_SCHUR sparse_backend=EIGEN_SPARSE dense_backend=EIGEN mixed=0 threads=1
I20260807 17:05:37.718407 0x20b9da080 official_bundle_adjustment_ceres.cc:1434] [AETHER gravity] injected 2/2 roll/pitch anchors, sigma_rad=0.00872665
I20260807 17:05:37.720374 0x20b9da080 official_bundle_adjustment_ceres.cc:923] [AETHER] solver_used=DENSE_SCHUR sparse_backend=EIGEN_SPARSE dense_backend=EIGEN mixed=0 threads=1
  fed 175/201 frames (last n_kp=8168)
I20260807 17:05:37.923152 0x20b9da080 database_cache.cc:72] Loading rigs...
I20260807 17:05:37.923171 0x20b9da080 database_cache.cc:82]  0 in 0.000s
I20260807 17:05:37.923177 0x20b9da080 database_cache.cc:90] Loading cameras...
I20260807 17:05:37.923221 0x20b9da080 database_cache.cc:108]  176 in 0.000s
I20260807 17:05:37.923226 0x20b9da080 database_cache.cc:116] Loading frames...
I20260807 17:05:37.923232 0x20b9da080 database_cache.cc:126]  0 in 0.000s
I20260807 17:05:37.923236 0x20b9da080 database_cache.cc:134] Loading matches...
I20260807 17:05:37.924459 0x20b9da080 database_cache.cc:139]  2280 in 0.001s
I20260807 17:05:37.924464 0x20b9da080 database_cache.cc:147] Loading images...
I20260807 17:05:37.936375 0x20b9da080 database_cache.cc:236]  176 in 0.012s (loaded all 176)
I20260807 17:05:37.936390 0x20b9da080 database_cache.cc:255] Loading pose priors...
I20260807 17:05:37.936400 0x20b9da080 database_cache.cc:263]  0 in 0.000s
I20260807 17:05:37.936404 0x20b9da080 database_cache.cc:271] Building correspondence graph...
I20260807 17:05:37.960527 0x20b9da080 database_cache.cc:300]  in 0.024s (ignored 0)
I20260807 17:05:37.977196 0x20b9da080 official_bundle_adjustment_ceres.cc:1434] [AETHER gravity] injected 4/4 roll/pitch anchors, sigma_rad=0.00872665
I20260807 17:05:37.979492 0x20b9da080 official_bundle_adjustment_ceres.cc:923] [AETHER] solver_used=DENSE_SCHUR sparse_backend=EIGEN_SPARSE dense_backend=EIGEN mixed=0 threads=1
I20260807 17:05:37.982310 0x20b9da080 official_bundle_adjustment_ceres.cc:1434] [AETHER gravity] injected 4/4 roll/pitch anchors, sigma_rad=0.00872665
I20260807 17:05:37.984714 0x20b9da080 official_bundle_adjustment_ceres.cc:923] [AETHER] solver_used=DENSE_SCHUR sparse_backend=EIGEN_SPARSE dense_backend=EIGEN mixed=0 threads=1
I20260807 17:05:38.180495 0x20b9da080 database_cache.cc:72] Loading rigs...
I20260807 17:05:38.180521 0x20b9da080 database_cache.cc:82]  0 in 0.000s
I20260807 17:05:38.180527 0x20b9da080 database_cache.cc:90] Loading cameras...
I20260807 17:05:38.180577 0x20b9da080 database_cache.cc:108]  177 in 0.000s
I20260807 17:05:38.180582 0x20b9da080 database_cache.cc:116] Loading frames...
I20260807 17:05:38.180588 0x20b9da080 database_cache.cc:126]  0 in 0.000s
I20260807 17:05:38.180591 0x20b9da080 database_cache.cc:134] Loading matches...
I20260807 17:05:38.181898 0x20b9da080 database_cache.cc:139]  2294 in 0.001s
I20260807 17:05:38.181904 0x20b9da080 database_cache.cc:147] Loading images...
I20260807 17:05:38.194086 0x20b9da080 database_cache.cc:236]  177 in 0.012s (loaded all 177)
I20260807 17:05:38.194108 0x20b9da080 database_cache.cc:255] Loading pose priors...
I20260807 17:05:38.194120 0x20b9da080 database_cache.cc:263]  0 in 0.000s
I20260807 17:05:38.194124 0x20b9da080 database_cache.cc:271] Building correspondence graph...
I20260807 17:05:38.218400 0x20b9da080 database_cache.cc:300]  in 0.024s (ignored 0)
I20260807 17:05:38.415954 0x20b9da080 database_cache.cc:72] Loading rigs...
I20260807 17:05:38.415973 0x20b9da080 database_cache.cc:82]  0 in 0.000s
I20260807 17:05:38.415978 0x20b9da080 database_cache.cc:90] Loading cameras...
I20260807 17:05:38.416027 0x20b9da080 database_cache.cc:108]  178 in 0.000s
I20260807 17:05:38.416033 0x20b9da080 database_cache.cc:116] Loading frames...
I20260807 17:05:38.416041 0x20b9da080 database_cache.cc:126]  0 in 0.000s
I20260807 17:05:38.416044 0x20b9da080 database_cache.cc:134] Loading matches...
I20260807 17:05:38.417280 0x20b9da080 database_cache.cc:139]  2304 in 0.001s
I20260807 17:05:38.417288 0x20b9da080 database_cache.cc:147] Loading images...
I20260807 17:05:38.429560 0x20b9da080 database_cache.cc:236]  178 in 0.012s (loaded all 178)
I20260807 17:05:38.429581 0x20b9da080 database_cache.cc:255] Loading pose priors...
I20260807 17:05:38.429593 0x20b9da080 database_cache.cc:263]  0 in 0.000s
I20260807 17:05:38.429597 0x20b9da080 database_cache.cc:271] Building correspondence graph...
I20260807 17:05:38.453862 0x20b9da080 database_cache.cc:300]  in 0.024s (ignored 0)
I20260807 17:05:38.469612 0x20b9da080 official_bundle_adjustment_ceres.cc:1434] [AETHER gravity] injected 2/2 roll/pitch anchors, sigma_rad=0.00872665
I20260807 17:05:38.471119 0x20b9da080 official_bundle_adjustment_ceres.cc:923] [AETHER] solver_used=DENSE_SCHUR sparse_backend=EIGEN_SPARSE dense_backend=EIGEN mixed=0 threads=1
I20260807 17:05:38.473925 0x20b9da080 official_bundle_adjustment_ceres.cc:1434] [AETHER gravity] injected 3/3 roll/pitch anchors, sigma_rad=0.00872665
I20260807 17:05:38.478255 0x20b9da080 official_bundle_adjustment_ceres.cc:923] [AETHER] solver_used=DENSE_SCHUR sparse_backend=EIGEN_SPARSE dense_backend=EIGEN mixed=0 threads=1
I20260807 17:05:38.704121 0x20b9da080 database_cache.cc:72] Loading rigs...
I20260807 17:05:38.704147 0x20b9da080 database_cache.cc:82]  0 in 0.000s
I20260807 17:05:38.704154 0x20b9da080 database_cache.cc:90] Loading cameras...
I20260807 17:05:38.704204 0x20b9da080 database_cache.cc:108]  179 in 0.000s
I20260807 17:05:38.704212 0x20b9da080 database_cache.cc:116] Loading frames...
I20260807 17:05:38.704223 0x20b9da080 database_cache.cc:126]  0 in 0.000s
I20260807 17:05:38.704227 0x20b9da080 database_cache.cc:134] Loading matches...
I20260807 17:05:38.705706 0x20b9da080 database_cache.cc:139]  2321 in 0.001s
I20260807 17:05:38.705716 0x20b9da080 database_cache.cc:147] Loading images...
I20260807 17:05:38.717837 0x20b9da080 database_cache.cc:236]  179 in 0.012s (loaded all 179)
I20260807 17:05:38.717854 0x20b9da080 database_cache.cc:255] Loading pose priors...
I20260807 17:05:38.717864 0x20b9da080 database_cache.cc:263]  0 in 0.000s
I20260807 17:05:38.717868 0x20b9da080 database_cache.cc:271] Building correspondence graph...
I20260807 17:05:38.742268 0x20b9da080 database_cache.cc:300]  in 0.024s (ignored 0)
I20260807 17:05:38.758501 0x20b9da080 official_bundle_adjustment_ceres.cc:1434] [AETHER gravity] injected 3/3 roll/pitch anchors, sigma_rad=0.00872665
W20260807 17:05:38.759899 0x20b9da080 levenberg_marquardt_strategy.cc:123] Linear solver failure. Failed to compute a step: Eigen failure. Unable to perform dense Cholesky factorization.
W20260807 17:05:38.760038 0x20b9da080 levenberg_marquardt_strategy.cc:123] Linear solver failure. Failed to compute a step: Eigen failure. Unable to perform dense Cholesky factorization.
W20260807 17:05:38.760172 0x20b9da080 levenberg_marquardt_strategy.cc:123] Linear solver failure. Failed to compute a step: Eigen failure. Unable to perform dense Cholesky factorization.
W20260807 17:05:38.760197 0x20b9da080 levenberg_marquardt_strategy.cc:123] Linear solver failure. Failed to compute a step: Eigen failure. Unable to perform dense Cholesky factorization.
W20260807 17:05:38.760221 0x20b9da080 levenberg_marquardt_strategy.cc:123] Linear solver failure. Failed to compute a step: Eigen failure. Unable to perform dense Cholesky factorization.
W20260807 17:05:38.760574 0x20b9da080 levenberg_marquardt_strategy.cc:123] Linear solver failure. Failed to compute a step: Eigen failure. Unable to perform dense Cholesky factorization.
W20260807 17:05:38.760594 0x20b9da080 levenberg_marquardt_strategy.cc:123] Linear solver failure. Failed to compute a step: Eigen failure. Unable to perform dense Cholesky factorization.
W20260807 17:05:38.760731 0x20b9da080 levenberg_marquardt_strategy.cc:123] Linear solver failure. Failed to compute a step: Eigen failure. Unable to perform dense Cholesky factorization.
I20260807 17:05:38.760871 0x20b9da080 official_bundle_adjustment_ceres.cc:923] [AETHER] solver_used=DENSE_SCHUR sparse_backend=EIGEN_SPARSE dense_backend=EIGEN mixed=0 threads=1
I20260807 17:05:38.763261 0x20b9da080 official_bundle_adjustment_ceres.cc:1434] [AETHER gravity] injected 3/3 roll/pitch anchors, sigma_rad=0.00872665
I20260807 17:05:38.765015 0x20b9da080 official_bundle_adjustment_ceres.cc:923] [AETHER] solver_used=DENSE_SCHUR sparse_backend=EIGEN_SPARSE dense_backend=EIGEN mixed=0 threads=1
I20260807 17:05:39.038782 0x20b9da080 database_cache.cc:72] Loading rigs...
I20260807 17:05:39.038804 0x20b9da080 database_cache.cc:82]  0 in 0.000s
I20260807 17:05:39.038811 0x20b9da080 database_cache.cc:90] Loading cameras...
I20260807 17:05:39.038858 0x20b9da080 database_cache.cc:108]  180 in 0.000s
I20260807 17:05:39.038863 0x20b9da080 database_cache.cc:116] Loading frames...
I20260807 17:05:39.038870 0x20b9da080 database_cache.cc:126]  0 in 0.000s
I20260807 17:05:39.038873 0x20b9da080 database_cache.cc:134] Loading matches...
I20260807 17:05:39.041267 0x20b9da080 database_cache.cc:139]  2337 in 0.002s
I20260807 17:05:39.041286 0x20b9da080 database_cache.cc:147] Loading images...
I20260807 17:05:39.053807 0x20b9da080 database_cache.cc:236]  180 in 0.013s (loaded all 180)
I20260807 17:05:39.053832 0x20b9da080 database_cache.cc:255] Loading pose priors...
I20260807 17:05:39.053847 0x20b9da080 database_cache.cc:263]  0 in 0.000s
I20260807 17:05:39.053853 0x20b9da080 database_cache.cc:271] Building correspondence graph...
I20260807 17:05:39.079093 0x20b9da080 database_cache.cc:300]  in 0.025s (ignored 0)
I20260807 17:05:39.096537 0x20b9da080 official_bundle_adjustment_ceres.cc:1434] [AETHER gravity] injected 3/3 roll/pitch anchors, sigma_rad=0.00872665
I20260807 17:05:39.102153 0x20b9da080 official_bundle_adjustment_ceres.cc:923] [AETHER] solver_used=DENSE_SCHUR sparse_backend=EIGEN_SPARSE dense_backend=EIGEN mixed=0 threads=1
I20260807 17:05:39.105657 0x20b9da080 official_bundle_adjustment_ceres.cc:1434] [AETHER gravity] injected 4/4 roll/pitch anchors, sigma_rad=0.00872665
I20260807 17:05:39.110092 0x20b9da080 official_bundle_adjustment_ceres.cc:923] [AETHER] solver_used=DENSE_SCHUR sparse_backend=EIGEN_SPARSE dense_backend=EIGEN mixed=0 threads=1
I20260807 17:05:39.440656 0x20b9da080 database_cache.cc:72] Loading rigs...
I20260807 17:05:39.440684 0x20b9da080 database_cache.cc:82]  0 in 0.000s
I20260807 17:05:39.440698 0x20b9da080 database_cache.cc:90] Loading cameras...
I20260807 17:05:39.440760 0x20b9da080 database_cache.cc:108]  181 in 0.000s
I20260807 17:05:39.440768 0x20b9da080 database_cache.cc:116] Loading frames...
I20260807 17:05:39.440779 0x20b9da080 database_cache.cc:126]  0 in 0.000s
I20260807 17:05:39.440785 0x20b9da080 database_cache.cc:134] Loading matches...
I20260807 17:05:39.450383 0x20b9da080 database_cache.cc:139]  2355 in 0.010s
I20260807 17:05:39.450446 0x20b9da080 database_cache.cc:147] Loading images...
I20260807 17:05:39.468775 0x20b9da080 database_cache.cc:236]  181 in 0.018s (loaded all 181)
I20260807 17:05:39.468796 0x20b9da080 database_cache.cc:255] Loading pose priors...
I20260807 17:05:39.468805 0x20b9da080 database_cache.cc:263]  0 in 0.000s
I20260807 17:05:39.468810 0x20b9da080 database_cache.cc:271] Building correspondence graph...
I20260807 17:05:39.493890 0x20b9da080 database_cache.cc:300]  in 0.025s (ignored 0)
I20260807 17:05:39.511399 0x20b9da080 official_bundle_adjustment_ceres.cc:1434] [AETHER gravity] injected 6/6 roll/pitch anchors, sigma_rad=0.00872665
I20260807 17:05:39.520656 0x20b9da080 official_bundle_adjustment_ceres.cc:923] [AETHER] solver_used=DENSE_SCHUR sparse_backend=EIGEN_SPARSE dense_backend=EIGEN mixed=0 threads=1
I20260807 17:05:39.524224 0x20b9da080 official_bundle_adjustment_ceres.cc:1434] [AETHER gravity] injected 6/6 roll/pitch anchors, sigma_rad=0.00872665
I20260807 17:05:39.531482 0x20b9da080 official_bundle_adjustment_ceres.cc:923] [AETHER] solver_used=DENSE_SCHUR sparse_backend=EIGEN_SPARSE dense_backend=EIGEN mixed=0 threads=1
I20260807 17:05:39.923247 0x20b9da080 database_cache.cc:72] Loading rigs...
I20260807 17:05:39.923270 0x20b9da080 database_cache.cc:82]  0 in 0.000s
I20260807 17:05:39.923277 0x20b9da080 database_cache.cc:90] Loading cameras...
I20260807 17:05:39.923327 0x20b9da080 database_cache.cc:108]  182 in 0.000s
I20260807 17:05:39.923332 0x20b9da080 database_cache.cc:116] Loading frames...
I20260807 17:05:39.923339 0x20b9da080 database_cache.cc:126]  0 in 0.000s
I20260807 17:05:39.923343 0x20b9da080 database_cache.cc:134] Loading matches...
I20260807 17:05:39.925390 0x20b9da080 database_cache.cc:139]  2373 in 0.002s
I20260807 17:05:39.925401 0x20b9da080 database_cache.cc:147] Loading images...
I20260807 17:05:39.938223 0x20b9da080 database_cache.cc:236]  182 in 0.013s (loaded all 182)
I20260807 17:05:39.938269 0x20b9da080 database_cache.cc:255] Loading pose priors...
I20260807 17:05:39.938287 0x20b9da080 database_cache.cc:263]  0 in 0.000s
I20260807 17:05:39.938293 0x20b9da080 database_cache.cc:271] Building correspondence graph...
I20260807 17:05:39.962995 0x20b9da080 database_cache.cc:300]  in 0.025s (ignored 0)
I20260807 17:05:39.981004 0x20b9da080 official_bundle_adjustment_ceres.cc:1434] [AETHER gravity] injected 4/4 roll/pitch anchors, sigma_rad=0.00872665
I20260807 17:05:39.985709 0x20b9da080 official_bundle_adjustment_ceres.cc:923] [AETHER] solver_used=DENSE_SCHUR sparse_backend=EIGEN_SPARSE dense_backend=EIGEN mixed=0 threads=1
I20260807 17:05:39.989737 0x20b9da080 official_bundle_adjustment_ceres.cc:1434] [AETHER gravity] injected 5/5 roll/pitch anchors, sigma_rad=0.00872665
I20260807 17:05:39.992396 0x20b9da080 official_bundle_adjustment_ceres.cc:923] [AETHER] solver_used=DENSE_SCHUR sparse_backend=EIGEN_SPARSE dense_backend=EIGEN mixed=0 threads=1
I20260807 17:05:40.378784 0x20b9da080 database_cache.cc:72] Loading rigs...
I20260807 17:05:40.378811 0x20b9da080 database_cache.cc:82]  0 in 0.000s
I20260807 17:05:40.378818 0x20b9da080 database_cache.cc:90] Loading cameras...
I20260807 17:05:40.378864 0x20b9da080 database_cache.cc:108]  183 in 0.000s
I20260807 17:05:40.378869 0x20b9da080 database_cache.cc:116] Loading frames...
I20260807 17:05:40.378877 0x20b9da080 database_cache.cc:126]  0 in 0.000s
I20260807 17:05:40.378882 0x20b9da080 database_cache.cc:134] Loading matches...
I20260807 17:05:40.380195 0x20b9da080 database_cache.cc:139]  2393 in 0.001s
I20260807 17:05:40.380204 0x20b9da080 database_cache.cc:147] Loading images...
I20260807 17:05:40.393171 0x20b9da080 database_cache.cc:236]  183 in 0.013s (loaded all 183)
I20260807 17:05:40.393213 0x20b9da080 database_cache.cc:255] Loading pose priors...
I20260807 17:05:40.393229 0x20b9da080 database_cache.cc:263]  0 in 0.000s
I20260807 17:05:40.393236 0x20b9da080 database_cache.cc:271] Building correspondence graph...
I20260807 17:05:40.418823 0x20b9da080 database_cache.cc:300]  in 0.026s (ignored 0)
I20260807 17:05:40.438725 0x20b9da080 official_bundle_adjustment_ceres.cc:1434] [AETHER gravity] injected 5/5 roll/pitch anchors, sigma_rad=0.00872665
I20260807 17:05:40.444292 0x20b9da080 official_bundle_adjustment_ceres.cc:923] [AETHER] solver_used=DENSE_SCHUR sparse_backend=EIGEN_SPARSE dense_backend=EIGEN mixed=0 threads=1
I20260807 17:05:40.448150 0x20b9da080 official_bundle_adjustment_ceres.cc:1434] [AETHER gravity] injected 6/6 roll/pitch anchors, sigma_rad=0.00872665
I20260807 17:05:40.451736 0x20b9da080 official_bundle_adjustment_ceres.cc:923] [AETHER] solver_used=DENSE_SCHUR sparse_backend=EIGEN_SPARSE dense_backend=EIGEN mixed=0 threads=1
I20260807 17:05:40.877218 0x20b9da080 database_cache.cc:72] Loading rigs...
I20260807 17:05:40.877250 0x20b9da080 database_cache.cc:82]  0 in 0.000s
I20260807 17:05:40.877261 0x20b9da080 database_cache.cc:90] Loading cameras...
I20260807 17:05:40.877321 0x20b9da080 database_cache.cc:108]  184 in 0.000s
I20260807 17:05:40.877327 0x20b9da080 database_cache.cc:116] Loading frames...
I20260807 17:05:40.877336 0x20b9da080 database_cache.cc:126]  0 in 0.000s
I20260807 17:05:40.877341 0x20b9da080 database_cache.cc:134] Loading matches...
I20260807 17:05:40.880684 0x20b9da080 database_cache.cc:139]  2411 in 0.003s
I20260807 17:05:40.880697 0x20b9da080 database_cache.cc:147] Loading images...
I20260807 17:05:40.895222 0x20b9da080 database_cache.cc:236]  184 in 0.015s (loaded all 184)
I20260807 17:05:40.895257 0x20b9da080 database_cache.cc:255] Loading pose priors...
I20260807 17:05:40.895270 0x20b9da080 database_cache.cc:263]  0 in 0.000s
I20260807 17:05:40.895276 0x20b9da080 database_cache.cc:271] Building correspondence graph...
I20260807 17:05:40.921561 0x20b9da080 database_cache.cc:300]  in 0.026s (ignored 0)
I20260807 17:05:40.940642 0x20b9da080 official_bundle_adjustment_ceres.cc:1434] [AETHER gravity] injected 5/5 roll/pitch anchors, sigma_rad=0.00872665
I20260807 17:05:40.947902 0x20b9da080 official_bundle_adjustment_ceres.cc:923] [AETHER] solver_used=DENSE_SCHUR sparse_backend=EIGEN_SPARSE dense_backend=EIGEN mixed=0 threads=1
I20260807 17:05:40.951785 0x20b9da080 official_bundle_adjustment_ceres.cc:1434] [AETHER gravity] injected 4/4 roll/pitch anchors, sigma_rad=0.00872665
I20260807 17:05:40.957455 0x20b9da080 official_bundle_adjustment_ceres.cc:923] [AETHER] solver_used=DENSE_SCHUR sparse_backend=EIGEN_SPARSE dense_backend=EIGEN mixed=0 threads=1
I20260807 17:05:41.248953 0x20b9da080 database_cache.cc:72] Loading rigs...
I20260807 17:05:41.248979 0x20b9da080 database_cache.cc:82]  0 in 0.000s
I20260807 17:05:41.248986 0x20b9da080 database_cache.cc:90] Loading cameras...
I20260807 17:05:41.249034 0x20b9da080 database_cache.cc:108]  185 in 0.000s
I20260807 17:05:41.249039 0x20b9da080 database_cache.cc:116] Loading frames...
I20260807 17:05:41.249046 0x20b9da080 database_cache.cc:126]  0 in 0.000s
I20260807 17:05:41.249050 0x20b9da080 database_cache.cc:134] Loading matches...
I20260807 17:05:41.250943 0x20b9da080 database_cache.cc:139]  2426 in 0.002s
I20260807 17:05:41.250950 0x20b9da080 database_cache.cc:147] Loading images...
I20260807 17:05:41.264757 0x20b9da080 database_cache.cc:236]  185 in 0.014s (loaded all 185)
I20260807 17:05:41.264780 0x20b9da080 database_cache.cc:255] Loading pose priors...
I20260807 17:05:41.264789 0x20b9da080 database_cache.cc:263]  0 in 0.000s
I20260807 17:05:41.264793 0x20b9da080 database_cache.cc:271] Building correspondence graph...
I20260807 17:05:41.290749 0x20b9da080 database_cache.cc:300]  in 0.026s (ignored 0)
I20260807 17:05:41.309557 0x20b9da080 official_bundle_adjustment_ceres.cc:1434] [AETHER gravity] injected 3/3 roll/pitch anchors, sigma_rad=0.00872665
I20260807 17:05:41.311478 0x20b9da080 official_bundle_adjustment_ceres.cc:923] [AETHER] solver_used=DENSE_SCHUR sparse_backend=EIGEN_SPARSE dense_backend=EIGEN mixed=0 threads=1
I20260807 17:05:41.315132 0x20b9da080 official_bundle_adjustment_ceres.cc:1434] [AETHER gravity] injected 5/5 roll/pitch anchors, sigma_rad=0.00872665
I20260807 17:05:41.317592 0x20b9da080 official_bundle_adjustment_ceres.cc:923] [AETHER] solver_used=DENSE_SCHUR sparse_backend=EIGEN_SPARSE dense_backend=EIGEN mixed=0 threads=1
I20260807 17:05:41.666443 0x20b9da080 database_cache.cc:72] Loading rigs...
I20260807 17:05:41.666468 0x20b9da080 database_cache.cc:82]  0 in 0.000s
I20260807 17:05:41.666475 0x20b9da080 database_cache.cc:90] Loading cameras...
I20260807 17:05:41.666526 0x20b9da080 database_cache.cc:108]  186 in 0.000s
I20260807 17:05:41.666530 0x20b9da080 database_cache.cc:116] Loading frames...
I20260807 17:05:41.666538 0x20b9da080 database_cache.cc:126]  0 in 0.000s
I20260807 17:05:41.666542 0x20b9da080 database_cache.cc:134] Loading matches...
I20260807 17:05:41.667906 0x20b9da080 database_cache.cc:139]  2444 in 0.001s
I20260807 17:05:41.667912 0x20b9da080 database_cache.cc:147] Loading images...
I20260807 17:05:41.681884 0x20b9da080 database_cache.cc:236]  186 in 0.014s (loaded all 186)
I20260807 17:05:41.681921 0x20b9da080 database_cache.cc:255] Loading pose priors...
I20260807 17:05:41.681933 0x20b9da080 database_cache.cc:263]  0 in 0.000s
I20260807 17:05:41.681939 0x20b9da080 database_cache.cc:271] Building correspondence graph...
I20260807 17:05:41.707525 0x20b9da080 database_cache.cc:300]  in 0.026s (ignored 0)
I20260807 17:05:41.727349 0x20b9da080 official_bundle_adjustment_ceres.cc:1434] [AETHER gravity] injected 6/6 roll/pitch anchors, sigma_rad=0.00872665
I20260807 17:05:41.737535 0x20b9da080 official_bundle_adjustment_ceres.cc:923] [AETHER] solver_used=DENSE_SCHUR sparse_backend=EIGEN_SPARSE dense_backend=EIGEN mixed=0 threads=1
I20260807 17:05:41.741958 0x20b9da080 official_bundle_adjustment_ceres.cc:1434] [AETHER gravity] injected 5/5 roll/pitch anchors, sigma_rad=0.00872665
I20260807 17:05:41.746698 0x20b9da080 official_bundle_adjustment_ceres.cc:923] [AETHER] solver_used=DENSE_SCHUR sparse_backend=EIGEN_SPARSE dense_backend=EIGEN mixed=0 threads=1
I20260807 17:05:41.940739 0x20b9da080 database_cache.cc:72] Loading rigs...
I20260807 17:05:41.940765 0x20b9da080 database_cache.cc:82]  0 in 0.000s
I20260807 17:05:41.940774 0x20b9da080 database_cache.cc:90] Loading cameras...
I20260807 17:05:41.940824 0x20b9da080 database_cache.cc:108]  187 in 0.000s
I20260807 17:05:41.940830 0x20b9da080 database_cache.cc:116] Loading frames...
I20260807 17:05:41.940840 0x20b9da080 database_cache.cc:126]  0 in 0.000s
I20260807 17:05:41.940845 0x20b9da080 database_cache.cc:134] Loading matches...
I20260807 17:05:41.942496 0x20b9da080 database_cache.cc:139]  2454 in 0.002s
I20260807 17:05:41.942507 0x20b9da080 database_cache.cc:147] Loading images...
I20260807 17:05:41.955818 0x20b9da080 database_cache.cc:236]  187 in 0.013s (loaded all 187)
I20260807 17:05:41.955858 0x20b9da080 database_cache.cc:255] Loading pose priors...
I20260807 17:05:41.955875 0x20b9da080 database_cache.cc:263]  0 in 0.000s
I20260807 17:05:41.955881 0x20b9da080 database_cache.cc:271] Building correspondence graph...
I20260807 17:05:41.981008 0x20b9da080 database_cache.cc:300]  in 0.025s (ignored 0)
I20260807 17:05:41.997561 0x20b9da080 official_bundle_adjustment_ceres.cc:1434] [AETHER gravity] injected 4/4 roll/pitch anchors, sigma_rad=0.00872665
I20260807 17:05:42.002314 0x20b9da080 official_bundle_adjustment_ceres.cc:923] [AETHER] solver_used=DENSE_SCHUR sparse_backend=EIGEN_SPARSE dense_backend=EIGEN mixed=0 threads=1
I20260807 17:05:42.005356 0x20b9da080 official_bundle_adjustment_ceres.cc:1434] [AETHER gravity] injected 3/3 roll/pitch anchors, sigma_rad=0.00872665
I20260807 17:05:42.007243 0x20b9da080 official_bundle_adjustment_ceres.cc:923] [AETHER] solver_used=DENSE_SCHUR sparse_backend=EIGEN_SPARSE dense_backend=EIGEN mixed=0 threads=1
I20260807 17:05:42.212960 0x20b9da080 database_cache.cc:72] Loading rigs...
I20260807 17:05:42.212986 0x20b9da080 database_cache.cc:82]  0 in 0.000s
I20260807 17:05:42.212994 0x20b9da080 database_cache.cc:90] Loading cameras...
I20260807 17:05:42.213055 0x20b9da080 database_cache.cc:108]  188 in 0.000s
I20260807 17:05:42.213061 0x20b9da080 database_cache.cc:116] Loading frames...
I20260807 17:05:42.213071 0x20b9da080 database_cache.cc:126]  0 in 0.000s
I20260807 17:05:42.213076 0x20b9da080 database_cache.cc:134] Loading matches...
I20260807 17:05:42.214734 0x20b9da080 database_cache.cc:139]  2465 in 0.002s
I20260807 17:05:42.214745 0x20b9da080 database_cache.cc:147] Loading images...
I20260807 17:05:42.231102 0x20b9da080 database_cache.cc:236]  188 in 0.016s (loaded all 188)
I20260807 17:05:42.231127 0x20b9da080 database_cache.cc:255] Loading pose priors...
I20260807 17:05:42.231139 0x20b9da080 database_cache.cc:263]  0 in 0.000s
I20260807 17:05:42.231145 0x20b9da080 database_cache.cc:271] Building correspondence graph...
I20260807 17:05:42.258267 0x20b9da080 database_cache.cc:300]  in 0.027s (ignored 0)
I20260807 17:05:42.276277 0x20b9da080 official_bundle_adjustment_ceres.cc:1434] [AETHER gravity] injected 5/5 roll/pitch anchors, sigma_rad=0.00872665
I20260807 17:05:42.279612 0x20b9da080 official_bundle_adjustment_ceres.cc:923] [AETHER] solver_used=DENSE_SCHUR sparse_backend=EIGEN_SPARSE dense_backend=EIGEN mixed=0 threads=1
I20260807 17:05:42.282990 0x20b9da080 official_bundle_adjustment_ceres.cc:1434] [AETHER gravity] injected 5/5 roll/pitch anchors, sigma_rad=0.00872665
I20260807 17:05:42.285233 0x20b9da080 official_bundle_adjustment_ceres.cc:923] [AETHER] solver_used=DENSE_SCHUR sparse_backend=EIGEN_SPARSE dense_backend=EIGEN mixed=0 threads=1
I20260807 17:05:42.676887 0x20b9da080 database_cache.cc:72] Loading rigs...
I20260807 17:05:42.676925 0x20b9da080 database_cache.cc:82]  0 in 0.000s
I20260807 17:05:42.676936 0x20b9da080 database_cache.cc:90] Loading cameras...
I20260807 17:05:42.676986 0x20b9da080 database_cache.cc:108]  189 in 0.000s
I20260807 17:05:42.676991 0x20b9da080 database_cache.cc:116] Loading frames...
I20260807 17:05:42.676998 0x20b9da080 database_cache.cc:126]  0 in 0.000s
I20260807 17:05:42.677003 0x20b9da080 database_cache.cc:134] Loading matches...
I20260807 17:05:42.679460 0x20b9da080 database_cache.cc:139]  2485 in 0.002s
I20260807 17:05:42.679471 0x20b9da080 database_cache.cc:147] Loading images...
I20260807 17:05:42.692568 0x20b9da080 database_cache.cc:236]  189 in 0.013s (loaded all 189)
I20260807 17:05:42.692616 0x20b9da080 database_cache.cc:255] Loading pose priors...
I20260807 17:05:42.692636 0x20b9da080 database_cache.cc:263]  0 in 0.000s
I20260807 17:05:42.692642 0x20b9da080 database_cache.cc:271] Building correspondence graph...
I20260807 17:05:42.718232 0x20b9da080 database_cache.cc:300]  in 0.026s (ignored 0)
I20260807 17:05:42.744794 0x20b9da080 official_bundle_adjustment_ceres.cc:1434] [AETHER gravity] injected 4/4 roll/pitch anchors, sigma_rad=0.00872665
I20260807 17:05:42.753003 0x20b9da080 official_bundle_adjustment_ceres.cc:923] [AETHER] solver_used=DENSE_SCHUR sparse_backend=EIGEN_SPARSE dense_backend=EIGEN mixed=0 threads=1
I20260807 17:05:42.758131 0x20b9da080 official_bundle_adjustment_ceres.cc:1434] [AETHER gravity] injected 3/3 roll/pitch anchors, sigma_rad=0.00872665
I20260807 17:05:42.763891 0x20b9da080 official_bundle_adjustment_ceres.cc:923] [AETHER] solver_used=DENSE_SCHUR sparse_backend=EIGEN_SPARSE dense_backend=EIGEN mixed=0 threads=1
I20260807 17:05:43.175015 0x20b9da080 database_cache.cc:72] Loading rigs...
I20260807 17:05:43.175043 0x20b9da080 database_cache.cc:82]  0 in 0.000s
I20260807 17:05:43.175051 0x20b9da080 database_cache.cc:90] Loading cameras...
I20260807 17:05:43.175100 0x20b9da080 database_cache.cc:108]  190 in 0.000s
I20260807 17:05:43.175105 0x20b9da080 database_cache.cc:116] Loading frames...
I20260807 17:05:43.175112 0x20b9da080 database_cache.cc:126]  0 in 0.000s
I20260807 17:05:43.175116 0x20b9da080 database_cache.cc:134] Loading matches...
I20260807 17:05:43.176519 0x20b9da080 database_cache.cc:139]  2507 in 0.001s
I20260807 17:05:43.176526 0x20b9da080 database_cache.cc:147] Loading images...
I20260807 17:05:43.189815 0x20b9da080 database_cache.cc:236]  190 in 0.013s (loaded all 190)
I20260807 17:05:43.189843 0x20b9da080 database_cache.cc:255] Loading pose priors...
I20260807 17:05:43.189860 0x20b9da080 database_cache.cc:263]  0 in 0.000s
I20260807 17:05:43.189865 0x20b9da080 database_cache.cc:271] Building correspondence graph...
I20260807 17:05:43.216641 0x20b9da080 database_cache.cc:300]  in 0.027s (ignored 0)
I20260807 17:05:43.242768 0x20b9da080 official_bundle_adjustment_ceres.cc:1434] [AETHER gravity] injected 5/5 roll/pitch anchors, sigma_rad=0.00872665
I20260807 17:05:43.250348 0x20b9da080 official_bundle_adjustment_ceres.cc:923] [AETHER] solver_used=DENSE_SCHUR sparse_backend=EIGEN_SPARSE dense_backend=EIGEN mixed=0 threads=1
I20260807 17:05:43.256643 0x20b9da080 official_bundle_adjustment_ceres.cc:1434] [AETHER gravity] injected 6/6 roll/pitch anchors, sigma_rad=0.00872665
I20260807 17:05:43.259289 0x20b9da080 official_bundle_adjustment_ceres.cc:923] [AETHER] solver_used=DENSE_SCHUR sparse_backend=EIGEN_SPARSE dense_backend=EIGEN mixed=0 threads=1
I20260807 17:05:43.611540 0x20b9da080 database_cache.cc:72] Loading rigs...
I20260807 17:05:43.611563 0x20b9da080 database_cache.cc:82]  0 in 0.000s
I20260807 17:05:43.611570 0x20b9da080 database_cache.cc:90] Loading cameras...
I20260807 17:05:43.611618 0x20b9da080 database_cache.cc:108]  191 in 0.000s
I20260807 17:05:43.611623 0x20b9da080 database_cache.cc:116] Loading frames...
I20260807 17:05:43.611630 0x20b9da080 database_cache.cc:126]  0 in 0.000s
I20260807 17:05:43.611634 0x20b9da080 database_cache.cc:134] Loading matches...
I20260807 17:05:43.612979 0x20b9da080 database_cache.cc:139]  2526 in 0.001s
I20260807 17:05:43.612985 0x20b9da080 database_cache.cc:147] Loading images...
I20260807 17:05:43.626274 0x20b9da080 database_cache.cc:236]  191 in 0.013s (loaded all 191)
I20260807 17:05:43.626327 0x20b9da080 database_cache.cc:255] Loading pose priors...
I20260807 17:05:43.626348 0x20b9da080 database_cache.cc:263]  0 in 0.000s
I20260807 17:05:43.626355 0x20b9da080 database_cache.cc:271] Building correspondence graph...
I20260807 17:05:43.652597 0x20b9da080 database_cache.cc:300]  in 0.026s (ignored 0)
I20260807 17:05:43.676966 0x20b9da080 official_bundle_adjustment_ceres.cc:1434] [AETHER gravity] injected 4/4 roll/pitch anchors, sigma_rad=0.00872665
I20260807 17:05:43.687076 0x20b9da080 official_bundle_adjustment_ceres.cc:923] [AETHER] solver_used=DENSE_SCHUR sparse_backend=EIGEN_SPARSE dense_backend=EIGEN mixed=0 threads=1
I20260807 17:05:43.692578 0x20b9da080 official_bundle_adjustment_ceres.cc:1434] [AETHER gravity] injected 4/4 roll/pitch anchors, sigma_rad=0.00872665
I20260807 17:05:43.701850 0x20b9da080 official_bundle_adjustment_ceres.cc:923] [AETHER] solver_used=DENSE_SCHUR sparse_backend=EIGEN_SPARSE dense_backend=EIGEN mixed=0 threads=1
I20260807 17:05:44.117475 0x20b9da080 database_cache.cc:72] Loading rigs...
I20260807 17:05:44.117505 0x20b9da080 database_cache.cc:82]  0 in 0.000s
I20260807 17:05:44.117512 0x20b9da080 database_cache.cc:90] Loading cameras...
I20260807 17:05:44.117564 0x20b9da080 database_cache.cc:108]  192 in 0.000s
I20260807 17:05:44.117569 0x20b9da080 database_cache.cc:116] Loading frames...
I20260807 17:05:44.117575 0x20b9da080 database_cache.cc:126]  0 in 0.000s
I20260807 17:05:44.117580 0x20b9da080 database_cache.cc:134] Loading matches...
I20260807 17:05:44.125887 0x20b9da080 database_cache.cc:139]  2546 in 0.008s
I20260807 17:05:44.125907 0x20b9da080 database_cache.cc:147] Loading images...
I20260807 17:05:44.139364 0x20b9da080 database_cache.cc:236]  192 in 0.013s (loaded all 192)
I20260807 17:05:44.139396 0x20b9da080 database_cache.cc:255] Loading pose priors...
I20260807 17:05:44.139409 0x20b9da080 database_cache.cc:263]  0 in 0.000s
I20260807 17:05:44.139414 0x20b9da080 database_cache.cc:271] Building correspondence graph...
I20260807 17:05:44.166428 0x20b9da080 database_cache.cc:300]  in 0.027s (ignored 0)
I20260807 17:05:44.191421 0x20b9da080 official_bundle_adjustment_ceres.cc:1434] [AETHER gravity] injected 4/4 roll/pitch anchors, sigma_rad=0.00872665
I20260807 17:05:44.210126 0x20b9da080 official_bundle_adjustment_ceres.cc:923] [AETHER] solver_used=DENSE_SCHUR sparse_backend=EIGEN_SPARSE dense_backend=EIGEN mixed=0 threads=1
I20260807 17:05:44.215780 0x20b9da080 official_bundle_adjustment_ceres.cc:1434] [AETHER gravity] injected 5/5 roll/pitch anchors, sigma_rad=0.00872665
I20260807 17:05:44.225952 0x20b9da080 official_bundle_adjustment_ceres.cc:923] [AETHER] solver_used=DENSE_SCHUR sparse_backend=EIGEN_SPARSE dense_backend=EIGEN mixed=0 threads=1
I20260807 17:05:44.571847 0x20b9da080 database_cache.cc:72] Loading rigs...
I20260807 17:05:44.571881 0x20b9da080 database_cache.cc:82]  0 in 0.000s
I20260807 17:05:44.571888 0x20b9da080 database_cache.cc:90] Loading cameras...
I20260807 17:05:44.571942 0x20b9da080 database_cache.cc:108]  193 in 0.000s
I20260807 17:05:44.571947 0x20b9da080 database_cache.cc:116] Loading frames...
I20260807 17:05:44.571954 0x20b9da080 database_cache.cc:126]  0 in 0.000s
I20260807 17:05:44.571959 0x20b9da080 database_cache.cc:134] Loading matches...
I20260807 17:05:44.581598 0x20b9da080 database_cache.cc:139]  2563 in 0.010s
I20260807 17:05:44.581628 0x20b9da080 database_cache.cc:147] Loading images...
I20260807 17:05:44.595400 0x20b9da080 database_cache.cc:236]  193 in 0.014s (loaded all 193)
I20260807 17:05:44.595433 0x20b9da080 database_cache.cc:255] Loading pose priors...
I20260807 17:05:44.595449 0x20b9da080 database_cache.cc:263]  0 in 0.000s
I20260807 17:05:44.595455 0x20b9da080 database_cache.cc:271] Building correspondence graph...
I20260807 17:05:44.623174 0x20b9da080 database_cache.cc:300]  in 0.028s (ignored 0)
I20260807 17:05:44.647521 0x20b9da080 official_bundle_adjustment_ceres.cc:1434] [AETHER gravity] injected 6/6 roll/pitch anchors, sigma_rad=0.00872665
I20260807 17:05:44.666416 0x20b9da080 official_bundle_adjustment_ceres.cc:923] [AETHER] solver_used=DENSE_SCHUR sparse_backend=EIGEN_SPARSE dense_backend=EIGEN mixed=0 threads=1
I20260807 17:05:44.672535 0x20b9da080 official_bundle_adjustment_ceres.cc:1434] [AETHER gravity] injected 5/6 roll/pitch anchors, sigma_rad=0.00872665
E20260807 17:05:44.672568 0x20b9da080 official_bundle_adjustment_ceres.cc:1445] [AETHER gravity] INCONSISTENT 1/6 anchors disagreed with the pose they anchor by >30 deg and were dropped; suspect a cross-session registry collision or an ARKit->COLMAP conversion regression
W20260807 17:05:44.680318 0x20b9da080 levenberg_marquardt_strategy.cc:123] Linear solver failure. Failed to compute a step: Eigen failure. Unable to perform dense Cholesky factorization.
W20260807 17:05:44.680415 0x20b9da080 levenberg_marquardt_strategy.cc:123] Linear solver failure. Failed to compute a step: Eigen failure. Unable to perform dense Cholesky factorization.
W20260807 17:05:44.680503 0x20b9da080 levenberg_marquardt_strategy.cc:123] Linear solver failure. Failed to compute a step: Eigen failure. Unable to perform dense Cholesky factorization.
W20260807 17:05:44.681094 0x20b9da080 levenberg_marquardt_strategy.cc:123] Linear solver failure. Failed to compute a step: Eigen failure. Unable to perform dense Cholesky factorization.
W20260807 17:05:44.681669 0x20b9da080 levenberg_marquardt_strategy.cc:123] Linear solver failure. Failed to compute a step: Eigen failure. Unable to perform dense Cholesky factorization.
W20260807 17:05:44.682735 0x20b9da080 levenberg_marquardt_strategy.cc:123] Linear solver failure. Failed to compute a step: Eigen failure. Unable to perform dense Cholesky factorization.
W20260807 17:05:44.682823 0x20b9da080 levenberg_marquardt_strategy.cc:123] Linear solver failure. Failed to compute a step: Eigen failure. Unable to perform dense Cholesky factorization.
I20260807 17:05:44.682880 0x20b9da080 official_bundle_adjustment_ceres.cc:923] [AETHER] solver_used=DENSE_SCHUR sparse_backend=EIGEN_SPARSE dense_backend=EIGEN mixed=0 threads=1
I20260807 17:05:45.038427 0x20b9da080 database_cache.cc:72] Loading rigs...
I20260807 17:05:45.038454 0x20b9da080 database_cache.cc:82]  0 in 0.000s
I20260807 17:05:45.038463 0x20b9da080 database_cache.cc:90] Loading cameras...
I20260807 17:05:45.038514 0x20b9da080 database_cache.cc:108]  194 in 0.000s
I20260807 17:05:45.038519 0x20b9da080 database_cache.cc:116] Loading frames...
I20260807 17:05:45.038526 0x20b9da080 database_cache.cc:126]  0 in 0.000s
I20260807 17:05:45.038530 0x20b9da080 database_cache.cc:134] Loading matches...
I20260807 17:05:45.039960 0x20b9da080 database_cache.cc:139]  2580 in 0.001s
I20260807 17:05:45.039968 0x20b9da080 database_cache.cc:147] Loading images...
I20260807 17:05:45.052980 0x20b9da080 database_cache.cc:236]  194 in 0.013s (loaded all 194)
I20260807 17:05:45.053001 0x20b9da080 database_cache.cc:255] Loading pose priors...
I20260807 17:05:45.053011 0x20b9da080 database_cache.cc:263]  0 in 0.000s
I20260807 17:05:45.053016 0x20b9da080 database_cache.cc:271] Building correspondence graph...
I20260807 17:05:45.080452 0x20b9da080 database_cache.cc:300]  in 0.027s (ignored 0)
I20260807 17:05:45.102797 0x20b9da080 official_bundle_adjustment_ceres.cc:1434] [AETHER gravity] injected 5/6 roll/pitch anchors, sigma_rad=0.00872665
E20260807 17:05:45.102828 0x20b9da080 official_bundle_adjustment_ceres.cc:1445] [AETHER gravity] INCONSISTENT 1/6 anchors disagreed with the pose they anchor by >30 deg and were dropped; suspect a cross-session registry collision or an ARKit->COLMAP conversion regression
I20260807 17:05:45.140255 0x20b9da080 official_bundle_adjustment_ceres.cc:923] [AETHER] solver_used=DENSE_SCHUR sparse_backend=EIGEN_SPARSE dense_backend=EIGEN mixed=0 threads=6
I20260807 17:05:45.146262 0x20b9da080 official_bundle_adjustment_ceres.cc:1434] [AETHER gravity] injected 4/6 roll/pitch anchors, sigma_rad=0.00872665
E20260807 17:05:45.146291 0x20b9da080 official_bundle_adjustment_ceres.cc:1445] [AETHER gravity] INCONSISTENT 2/6 anchors disagreed with the pose they anchor by >30 deg and were dropped; suspect a cross-session registry collision or an ARKit->COLMAP conversion regression
I20260807 17:05:45.170028 0x20b9da080 official_bundle_adjustment_ceres.cc:923] [AETHER] solver_used=DENSE_SCHUR sparse_backend=EIGEN_SPARSE dense_backend=EIGEN mixed=0 threads=1
I20260807 17:05:45.679395 0x20b9da080 database_cache.cc:72] Loading rigs...
I20260807 17:05:45.679418 0x20b9da080 database_cache.cc:82]  0 in 0.000s
I20260807 17:05:45.679427 0x20b9da080 database_cache.cc:90] Loading cameras...
I20260807 17:05:45.679473 0x20b9da080 database_cache.cc:108]  195 in 0.000s
I20260807 17:05:45.679479 0x20b9da080 database_cache.cc:116] Loading frames...
I20260807 17:05:45.679486 0x20b9da080 database_cache.cc:126]  0 in 0.000s
I20260807 17:05:45.679490 0x20b9da080 database_cache.cc:134] Loading matches...
I20260807 17:05:45.681004 0x20b9da080 database_cache.cc:139]  2600 in 0.002s
I20260807 17:05:45.681013 0x20b9da080 database_cache.cc:147] Loading images...
I20260807 17:05:45.699581 0x20b9da080 database_cache.cc:236]  195 in 0.019s (loaded all 195)
I20260807 17:05:45.699606 0x20b9da080 database_cache.cc:255] Loading pose priors...
I20260807 17:05:45.699617 0x20b9da080 database_cache.cc:263]  0 in 0.000s
I20260807 17:05:45.699622 0x20b9da080 database_cache.cc:271] Building correspondence graph...
I20260807 17:05:45.727370 0x20b9da080 database_cache.cc:300]  in 0.028s (ignored 0)
I20260807 17:05:45.756831 0x20b9da080 official_bundle_adjustment_ceres.cc:1434] [AETHER gravity] injected 4/6 roll/pitch anchors, sigma_rad=0.00872665
E20260807 17:05:45.756866 0x20b9da080 official_bundle_adjustment_ceres.cc:1445] [AETHER gravity] INCONSISTENT 2/6 anchors disagreed with the pose they anchor by >30 deg and were dropped; suspect a cross-session registry collision or an ARKit->COLMAP conversion regression
I20260807 17:05:45.788269 0x20b9da080 official_bundle_adjustment_ceres.cc:923] [AETHER] solver_used=DENSE_SCHUR sparse_backend=EIGEN_SPARSE dense_backend=EIGEN mixed=0 threads=6
I20260807 17:05:45.795373 0x20b9da080 official_bundle_adjustment_ceres.cc:1434] [AETHER gravity] injected 6/6 roll/pitch anchors, sigma_rad=0.00872665
I20260807 17:05:45.798780 0x20b9da080 official_bundle_adjustment_ceres.cc:923] [AETHER] solver_used=DENSE_SCHUR sparse_backend=EIGEN_SPARSE dense_backend=EIGEN mixed=0 threads=1
I20260807 17:05:46.257940 0x20b9da080 database_cache.cc:72] Loading rigs...
I20260807 17:05:46.257966 0x20b9da080 database_cache.cc:82]  0 in 0.000s
I20260807 17:05:46.257973 0x20b9da080 database_cache.cc:90] Loading cameras...
I20260807 17:05:46.258031 0x20b9da080 database_cache.cc:108]  196 in 0.000s
I20260807 17:05:46.258036 0x20b9da080 database_cache.cc:116] Loading frames...
I20260807 17:05:46.258044 0x20b9da080 database_cache.cc:126]  0 in 0.000s
I20260807 17:05:46.258048 0x20b9da080 database_cache.cc:134] Loading matches...
I20260807 17:05:46.259582 0x20b9da080 database_cache.cc:139]  2622 in 0.002s
I20260807 17:05:46.259591 0x20b9da080 database_cache.cc:147] Loading images...
I20260807 17:05:46.273145 0x20b9da080 database_cache.cc:236]  196 in 0.014s (loaded all 196)
I20260807 17:05:46.273189 0x20b9da080 database_cache.cc:255] Loading pose priors...
I20260807 17:05:46.273212 0x20b9da080 database_cache.cc:263]  0 in 0.000s
I20260807 17:05:46.273218 0x20b9da080 database_cache.cc:271] Building correspondence graph...
I20260807 17:05:46.301023 0x20b9da080 database_cache.cc:300]  in 0.028s (ignored 0)
I20260807 17:05:46.339266 0x20b9da080 official_bundle_adjustment_ceres.cc:1434] [AETHER gravity] injected 6/6 roll/pitch anchors, sigma_rad=0.00872665
I20260807 17:05:46.375857 0x20b9da080 official_bundle_adjustment_ceres.cc:923] [AETHER] solver_used=DENSE_SCHUR sparse_backend=EIGEN_SPARSE dense_backend=EIGEN mixed=0 threads=6
I20260807 17:05:46.384881 0x20b9da080 official_bundle_adjustment_ceres.cc:1434] [AETHER gravity] injected 6/6 roll/pitch anchors, sigma_rad=0.00872665
I20260807 17:05:46.399033 0x20b9da080 official_bundle_adjustment_ceres.cc:923] [AETHER] solver_used=DENSE_SCHUR sparse_backend=EIGEN_SPARSE dense_backend=EIGEN mixed=0 threads=6
I20260807 17:05:46.820401 0x20b9da080 database_cache.cc:72] Loading rigs...
I20260807 17:05:46.820439 0x20b9da080 database_cache.cc:82]  0 in 0.000s
I20260807 17:05:46.820448 0x20b9da080 database_cache.cc:90] Loading cameras...
I20260807 17:05:46.820507 0x20b9da080 database_cache.cc:108]  197 in 0.000s
I20260807 17:05:46.820513 0x20b9da080 database_cache.cc:116] Loading frames...
I20260807 17:05:46.820521 0x20b9da080 database_cache.cc:126]  0 in 0.000s
I20260807 17:05:46.820525 0x20b9da080 database_cache.cc:134] Loading matches...
I20260807 17:05:46.822333 0x20b9da080 database_cache.cc:139]  2644 in 0.002s
I20260807 17:05:46.822352 0x20b9da080 database_cache.cc:147] Loading images...
I20260807 17:05:46.836756 0x20b9da080 database_cache.cc:236]  197 in 0.014s (loaded all 197)
I20260807 17:05:46.836782 0x20b9da080 database_cache.cc:255] Loading pose priors...
I20260807 17:05:46.836795 0x20b9da080 database_cache.cc:263]  0 in 0.000s
I20260807 17:05:46.836801 0x20b9da080 database_cache.cc:271] Building correspondence graph...
I20260807 17:05:46.866490 0x20b9da080 database_cache.cc:300]  in 0.030s (ignored 0)
I20260807 17:05:46.906457 0x20b9da080 official_bundle_adjustment_ceres.cc:1434] [AETHER gravity] injected 6/6 roll/pitch anchors, sigma_rad=0.00872665
I20260807 17:05:46.944101 0x20b9da080 official_bundle_adjustment_ceres.cc:923] [AETHER] solver_used=DENSE_SCHUR sparse_backend=EIGEN_SPARSE dense_backend=EIGEN mixed=0 threads=6
I20260807 17:05:46.955186 0x20b9da080 official_bundle_adjustment_ceres.cc:1434] [AETHER gravity] injected 5/5 roll/pitch anchors, sigma_rad=0.00872665
I20260807 17:05:46.964980 0x20b9da080 official_bundle_adjustment_ceres.cc:923] [AETHER] solver_used=DENSE_SCHUR sparse_backend=EIGEN_SPARSE dense_backend=EIGEN mixed=0 threads=1
I20260807 17:05:47.495159 0x20b9da080 database_cache.cc:72] Loading rigs...
I20260807 17:05:47.495185 0x20b9da080 database_cache.cc:82]  0 in 0.000s
I20260807 17:05:47.495193 0x20b9da080 database_cache.cc:90] Loading cameras...
I20260807 17:05:47.495243 0x20b9da080 database_cache.cc:108]  198 in 0.000s
I20260807 17:05:47.495248 0x20b9da080 database_cache.cc:116] Loading frames...
I20260807 17:05:47.495255 0x20b9da080 database_cache.cc:126]  0 in 0.000s
I20260807 17:05:47.495259 0x20b9da080 database_cache.cc:134] Loading matches...
I20260807 17:05:47.496750 0x20b9da080 database_cache.cc:139]  2666 in 0.001s
I20260807 17:05:47.496757 0x20b9da080 database_cache.cc:147] Loading images...
I20260807 17:05:47.510351 0x20b9da080 database_cache.cc:236]  198 in 0.014s (loaded all 198)
I20260807 17:05:47.510391 0x20b9da080 database_cache.cc:255] Loading pose priors...
I20260807 17:05:47.510413 0x20b9da080 database_cache.cc:263]  0 in 0.000s
I20260807 17:05:47.510440 0x20b9da080 database_cache.cc:271] Building correspondence graph...
I20260807 17:05:47.539470 0x20b9da080 database_cache.cc:300]  in 0.029s (ignored 0)
I20260807 17:05:47.566485 0x20b9da080 official_bundle_adjustment_ceres.cc:1434] [AETHER gravity] injected 5/5 roll/pitch anchors, sigma_rad=0.00872665
I20260807 17:05:47.575831 0x20b9da080 official_bundle_adjustment_ceres.cc:923] [AETHER] solver_used=DENSE_SCHUR sparse_backend=EIGEN_SPARSE dense_backend=EIGEN mixed=0 threads=1
I20260807 17:05:47.582280 0x20b9da080 official_bundle_adjustment_ceres.cc:1434] [AETHER gravity] injected 4/4 roll/pitch anchors, sigma_rad=0.00872665
I20260807 17:05:47.588740 0x20b9da080 official_bundle_adjustment_ceres.cc:923] [AETHER] solver_used=DENSE_SCHUR sparse_backend=EIGEN_SPARSE dense_backend=EIGEN mixed=0 threads=1
I20260807 17:05:48.026444 0x20b9da080 database_cache.cc:72] Loading rigs...
I20260807 17:05:48.026464 0x20b9da080 database_cache.cc:82]  0 in 0.000s
I20260807 17:05:48.026472 0x20b9da080 database_cache.cc:90] Loading cameras...
I20260807 17:05:48.026522 0x20b9da080 database_cache.cc:108]  199 in 0.000s
I20260807 17:05:48.026528 0x20b9da080 database_cache.cc:116] Loading frames...
I20260807 17:05:48.026536 0x20b9da080 database_cache.cc:126]  0 in 0.000s
I20260807 17:05:48.026541 0x20b9da080 database_cache.cc:134] Loading matches...
I20260807 17:05:48.028189 0x20b9da080 database_cache.cc:139]  2688 in 0.002s
I20260807 17:05:48.028200 0x20b9da080 database_cache.cc:147] Loading images...
I20260807 17:05:48.042434 0x20b9da080 database_cache.cc:236]  199 in 0.014s (loaded all 199)
I20260807 17:05:48.042471 0x20b9da080 database_cache.cc:255] Loading pose priors...
I20260807 17:05:48.042488 0x20b9da080 database_cache.cc:263]  0 in 0.000s
I20260807 17:05:48.042494 0x20b9da080 database_cache.cc:271] Building correspondence graph...
I20260807 17:05:48.073107 0x20b9da080 database_cache.cc:300]  in 0.031s (ignored 0)
I20260807 17:05:48.103867 0x20b9da080 official_bundle_adjustment_ceres.cc:1434] [AETHER gravity] injected 6/6 roll/pitch anchors, sigma_rad=0.00872665
I20260807 17:05:48.126794 0x20b9da080 official_bundle_adjustment_ceres.cc:923] [AETHER] solver_used=DENSE_SCHUR sparse_backend=EIGEN_SPARSE dense_backend=EIGEN mixed=0 threads=1
I20260807 17:05:48.134715 0x20b9da080 official_bundle_adjustment_ceres.cc:1434] [AETHER gravity] injected 6/6 roll/pitch anchors, sigma_rad=0.00872665
I20260807 17:05:48.154272 0x20b9da080 official_bundle_adjustment_ceres.cc:923] [AETHER] solver_used=DENSE_SCHUR sparse_backend=EIGEN_SPARSE dense_backend=EIGEN mixed=0 threads=1
I20260807 17:05:48.589899 0x20b9da080 database_cache.cc:72] Loading rigs...
I20260807 17:05:48.589919 0x20b9da080 database_cache.cc:82]  0 in 0.000s
I20260807 17:05:48.589925 0x20b9da080 database_cache.cc:90] Loading cameras...
I20260807 17:05:48.589979 0x20b9da080 database_cache.cc:108]  200 in 0.000s
I20260807 17:05:48.589983 0x20b9da080 database_cache.cc:116] Loading frames...
I20260807 17:05:48.589991 0x20b9da080 database_cache.cc:126]  0 in 0.000s
I20260807 17:05:48.589995 0x20b9da080 database_cache.cc:134] Loading matches...
I20260807 17:05:48.591515 0x20b9da080 database_cache.cc:139]  2712 in 0.002s
I20260807 17:05:48.591520 0x20b9da080 database_cache.cc:147] Loading images...
I20260807 17:05:48.605287 0x20b9da080 database_cache.cc:236]  200 in 0.014s (loaded all 200)
I20260807 17:05:48.605318 0x20b9da080 database_cache.cc:255] Loading pose priors...
I20260807 17:05:48.605329 0x20b9da080 database_cache.cc:263]  0 in 0.000s
I20260807 17:05:48.605335 0x20b9da080 database_cache.cc:271] Building correspondence graph...
I20260807 17:05:48.635004 0x20b9da080 database_cache.cc:300]  in 0.030s (ignored 0)
I20260807 17:05:48.665444 0x20b9da080 official_bundle_adjustment_ceres.cc:1434] [AETHER gravity] injected 6/6 roll/pitch anchors, sigma_rad=0.00872665
I20260807 17:05:48.709266 0x20b9da080 official_bundle_adjustment_ceres.cc:923] [AETHER] solver_used=DENSE_SCHUR sparse_backend=EIGEN_SPARSE dense_backend=EIGEN mixed=0 threads=6
I20260807 17:05:48.717648 0x20b9da080 official_bundle_adjustment_ceres.cc:1434] [AETHER gravity] injected 6/6 roll/pitch anchors, sigma_rad=0.00872665
I20260807 17:05:48.734089 0x20b9da080 official_bundle_adjustment_ceres.cc:923] [AETHER] solver_used=DENSE_SCHUR sparse_backend=EIGEN_SPARSE dense_backend=EIGEN mixed=0 threads=6
  fed 200/201 frames (last n_kp=8192)
I20260807 17:05:49.073140 0x20b9da080 database_cache.cc:72] Loading rigs...
I20260807 17:05:49.073169 0x20b9da080 database_cache.cc:82]  0 in 0.000s
I20260807 17:05:49.073175 0x20b9da080 database_cache.cc:90] Loading cameras...
I20260807 17:05:49.073222 0x20b9da080 database_cache.cc:108]  201 in 0.000s
I20260807 17:05:49.073226 0x20b9da080 database_cache.cc:116] Loading frames...
I20260807 17:05:49.073233 0x20b9da080 database_cache.cc:126]  0 in 0.000s
I20260807 17:05:49.073236 0x20b9da080 database_cache.cc:134] Loading matches...
I20260807 17:05:49.074918 0x20b9da080 database_cache.cc:139]  2733 in 0.002s
I20260807 17:05:49.074924 0x20b9da080 database_cache.cc:147] Loading images...
I20260807 17:05:49.088655 0x20b9da080 database_cache.cc:236]  201 in 0.014s (loaded all 201)
I20260807 17:05:49.088678 0x20b9da080 database_cache.cc:255] Loading pose priors...
I20260807 17:05:49.088689 0x20b9da080 database_cache.cc:263]  0 in 0.000s
I20260807 17:05:49.088693 0x20b9da080 database_cache.cc:271] Building correspondence graph...
I20260807 17:05:49.118509 0x20b9da080 database_cache.cc:300]  in 0.030s (ignored 0)
I20260807 17:05:49.146536 0x20b9da080 official_bundle_adjustment_ceres.cc:1434] [AETHER gravity] injected 6/6 roll/pitch anchors, sigma_rad=0.00872665
I20260807 17:05:49.168868 0x20b9da080 official_bundle_adjustment_ceres.cc:923] [AETHER] solver_used=DENSE_SCHUR sparse_backend=EIGEN_SPARSE dense_backend=EIGEN mixed=0 threads=6
I20260807 17:05:49.176839 0x20b9da080 official_bundle_adjustment_ceres.cc:1434] [AETHER gravity] injected 6/6 roll/pitch anchors, sigma_rad=0.00872665
I20260807 17:05:49.183445 0x20b9da080 official_bundle_adjustment_ceres.cc:923] [AETHER] solver_used=DENSE_SCHUR sparse_backend=EIGEN_SPARSE dense_backend=EIGEN mixed=0 threads=6
STREAMED fed=201 missing_pose=0 stream_ms=57108.0
FINALIZE_ASYNC phase1={"solve_ms":1.4,"n_models":1,"n_registered":201,"n_points3d":22511,"reproj_px":1.0737,"track_len":2.035,"phase1":"live_reuse"}
I20260807 17:05:49.191833 0x16fa7f000 database_cache.cc:72] Loading rigs...
I20260807 17:05:49.191850 0x16fa7f000 database_cache.cc:82]  0 in 0.000s
I20260807 17:05:49.191856 0x16fa7f000 database_cache.cc:90] Loading cameras...
I20260807 17:05:49.191909 0x16fa7f000 database_cache.cc:108]  201 in 0.000s
I20260807 17:05:49.191915 0x16fa7f000 database_cache.cc:116] Loading frames...
I20260807 17:05:49.191923 0x16fa7f000 database_cache.cc:126]  0 in 0.000s
I20260807 17:05:49.191927 0x16fa7f000 database_cache.cc:134] Loading matches...
I20260807 17:05:49.193553 0x16fa7f000 database_cache.cc:139]  2733 in 0.002s
I20260807 17:05:49.193562 0x16fa7f000 database_cache.cc:147] Loading images...
I20260807 17:05:49.208128 0x16fa7f000 database_cache.cc:236]  201 in 0.015s (loaded all 201)
I20260807 17:05:49.208153 0x16fa7f000 database_cache.cc:255] Loading pose priors...
I20260807 17:05:49.208166 0x16fa7f000 database_cache.cc:263]  0 in 0.000s
I20260807 17:05:49.208171 0x16fa7f000 database_cache.cc:271] Building correspondence graph...
I20260807 17:05:49.238059 0x16fa7f000 database_cache.cc:300]  in 0.030s (ignored 0)
I20260807 17:05:49.636137 0x16fa7f000 official_bundle_adjustment_ceres.cc:1434] [AETHER gravity] injected 192/193 roll/pitch anchors, sigma_rad=0.00872665
W20260807 17:05:49.651999 0x16fb0b000 official_aether_sfm_c.cc:5072] [aether_sfm] finalize re-match: starved_frames=3 candidates=73 attempted=73 written=0 inliers=0 failed=0 gpu_fail_capture=0
I20260807 17:05:50.792784 0x16fa7f000 official_bundle_adjustment_ceres.cc:923] [AETHER] solver_used=DENSE_SCHUR sparse_backend=EIGEN_SPARSE dense_backend=LAPACK mixed=0 threads=6
I20260807 17:05:50.903333 0x16fa7f000 official_bundle_adjustment_ceres.cc:1434] [AETHER gravity] injected 191/192 roll/pitch anchors, sigma_rad=0.00872665
I20260807 17:05:51.539171 0x16fa7f000 official_bundle_adjustment_ceres.cc:923] [AETHER] solver_used=DENSE_SCHUR sparse_backend=EIGEN_SPARSE dense_backend=LAPACK mixed=0 threads=6
I20260807 17:05:51.602607 0x16fa7f000 official_bundle_adjustment_ceres.cc:1434] [AETHER gravity] injected 191/192 roll/pitch anchors, sigma_rad=0.00872665
W20260807 17:05:52.080592 0x16fa7f000 levenberg_marquardt_strategy.cc:123] Linear solver failure. Failed to compute a step: LAPACK::dpotrf numerical failure. The leading minor of order 873 is not positive definite.
W20260807 17:05:52.169724 0x16fa7f000 levenberg_marquardt_strategy.cc:123] Linear solver failure. Failed to compute a step: LAPACK::dpotrf numerical failure. The leading minor of order 9 is not positive definite.
W20260807 17:05:52.176533 0x16fa7f000 levenberg_marquardt_strategy.cc:123] Linear solver failure. Failed to compute a step: LAPACK::dpotrf numerical failure. The leading minor of order 873 is not positive definite.
I20260807 17:05:52.214258 0x16fa7f000 official_bundle_adjustment_ceres.cc:923] [AETHER] solver_used=DENSE_SCHUR sparse_backend=EIGEN_SPARSE dense_backend=LAPACK mixed=0 threads=6
I20260807 17:05:52.273483 0x16fa7f000 official_bundle_adjustment_ceres.cc:1434] [AETHER gravity] injected 191/192 roll/pitch anchors, sigma_rad=0.00872665
W20260807 17:05:52.504177 0x16fa7f000 levenberg_marquardt_strategy.cc:123] Linear solver failure. Failed to compute a step: LAPACK::dpotrf numerical failure. The leading minor of order 218 is not positive definite.
W20260807 17:05:52.508130 0x16fa7f000 levenberg_marquardt_strategy.cc:123] Linear solver failure. Failed to compute a step: LAPACK::dpotrf numerical failure. The leading minor of order 9 is not positive definite.
W20260807 17:05:52.525919 0x16fa7f000 levenberg_marquardt_strategy.cc:123] Linear solver failure. Failed to compute a step: LAPACK::dpotrf numerical failure. The leading minor of order 604 is not positive definite.
W20260807 17:05:52.542768 0x16fa7f000 levenberg_marquardt_strategy.cc:123] Linear solver failure. Failed to compute a step: LAPACK::dpotrf numerical failure. The leading minor of order 218 is not positive definite.
W20260807 17:05:52.558809 0x16fa7f000 levenberg_marquardt_strategy.cc:123] Linear solver failure. Failed to compute a step: LAPACK::dpotrf numerical failure. The leading minor of order 9 is not positive definite.
W20260807 17:05:52.575851 0x16fa7f000 levenberg_marquardt_strategy.cc:123] Linear solver failure. Failed to compute a step: LAPACK::dpotrf numerical failure. The leading minor of order 217 is not positive definite.
W20260807 17:05:52.582006 0x16fa7f000 levenberg_marquardt_strategy.cc:123] Linear solver failure. Failed to compute a step: LAPACK::dpotrf numerical failure. The leading minor of order 871 is not positive definite.
W20260807 17:05:52.598989 0x16fa7f000 levenberg_marquardt_strategy.cc:123] Linear solver failure. Failed to compute a step: LAPACK::dpotrf numerical failure. The leading minor of order 221 is not positive definite.
W20260807 17:05:52.615751 0x16fa7f000 levenberg_marquardt_strategy.cc:123] Linear solver failure. Failed to compute a step: LAPACK::dpotrf numerical failure. The leading minor of order 218 is not positive definite.
W20260807 17:05:52.631713 0x16fa7f000 levenberg_marquardt_strategy.cc:123] Linear solver failure. Failed to compute a step: LAPACK::dpotrf numerical failure. The leading minor of order 12 is not positive definite.
W20260807 17:05:52.636330 0x16fa7f000 levenberg_marquardt_strategy.cc:123] Linear solver failure. Failed to compute a step: LAPACK::dpotrf numerical failure. The leading minor of order 219 is not positive definite.
W20260807 17:05:52.655554 0x16fa7f000 levenberg_marquardt_strategy.cc:123] Linear solver failure. Failed to compute a step: LAPACK::dpotrf numerical failure. The leading minor of order 604 is not positive definite.
W20260807 17:05:52.672041 0x16fa7f000 levenberg_marquardt_strategy.cc:123] Linear solver failure. Failed to compute a step: LAPACK::dpotrf numerical failure. The leading minor of order 218 is not positive definite.
W20260807 17:05:52.677993 0x16fa7f000 levenberg_marquardt_strategy.cc:123] Linear solver failure. Failed to compute a step: LAPACK::dpotrf numerical failure. The leading minor of order 662 is not positive definite.
W20260807 17:05:52.706976 0x16fa7f000 levenberg_marquardt_strategy.cc:123] Linear solver failure. Failed to compute a step: LAPACK::dpotrf numerical failure. The leading minor of order 220 is not positive definite.
W20260807 17:05:52.723934 0x16fa7f000 levenberg_marquardt_strategy.cc:123] Linear solver failure. Failed to compute a step: LAPACK::dpotrf numerical failure. The leading minor of order 218 is not positive definite.
W20260807 17:05:52.728326 0x16fa7f000 levenberg_marquardt_strategy.cc:123] Linear solver failure. Failed to compute a step: LAPACK::dpotrf numerical failure. The leading minor of order 222 is not positive definite.
I20260807 17:05:52.752403 0x16fa7f000 official_bundle_adjustment_ceres.cc:923] [AETHER] solver_used=DENSE_SCHUR sparse_backend=EIGEN_SPARSE dense_backend=LAPACK mixed=0 threads=6
I20260807 17:05:52.809849 0x16fa7f000 official_bundle_adjustment_ceres.cc:1434] [AETHER gravity] injected 191/192 roll/pitch anchors, sigma_rad=0.00872665
W20260807 17:05:52.955885 0x16fa7f000 levenberg_marquardt_strategy.cc:123] Linear solver failure. Failed to compute a step: LAPACK::dpotrf numerical failure. The leading minor of order 9 is not positive definite.
W20260807 17:05:52.971976 0x16fa7f000 levenberg_marquardt_strategy.cc:123] Linear solver failure. Failed to compute a step: LAPACK::dpotrf numerical failure. The leading minor of order 9 is not positive definite.
W20260807 17:05:52.976432 0x16fa7f000 levenberg_marquardt_strategy.cc:123] Linear solver failure. Failed to compute a step: LAPACK::dpotrf numerical failure. The leading minor of order 219 is not positive definite.
W20260807 17:05:53.005088 0x16fa7f000 levenberg_marquardt_strategy.cc:123] Linear solver failure. Failed to compute a step: LAPACK::dpotrf numerical failure. The leading minor of order 12 is not positive definite.
W20260807 17:05:53.009775 0x16fa7f000 levenberg_marquardt_strategy.cc:123] Linear solver failure. Failed to compute a step: LAPACK::dpotrf numerical failure. The leading minor of order 219 is not positive definite.
W20260807 17:05:53.026246 0x16fa7f000 levenberg_marquardt_strategy.cc:123] Linear solver failure. Failed to compute a step: LAPACK::dpotrf numerical failure. The leading minor of order 12 is not positive definite.
W20260807 17:05:53.043274 0x16fa7f000 levenberg_marquardt_strategy.cc:123] Linear solver failure. Failed to compute a step: LAPACK::dpotrf numerical failure. The leading minor of order 218 is not positive definite.
W20260807 17:05:53.060106 0x16fa7f000 levenberg_marquardt_strategy.cc:123] Linear solver failure. Failed to compute a step: LAPACK::dpotrf numerical failure. The leading minor of order 12 is not positive definite.
W20260807 17:05:53.066044 0x16fa7f000 levenberg_marquardt_strategy.cc:123] Linear solver failure. Failed to compute a step: LAPACK::dpotrf numerical failure. The leading minor of order 601 is not positive definite.
W20260807 17:05:53.094811 0x16fa7f000 levenberg_marquardt_strategy.cc:123] Linear solver failure. Failed to compute a step: LAPACK::dpotrf numerical failure. The leading minor of order 9 is not positive definite.
W20260807 17:05:53.100758 0x16fa7f000 levenberg_marquardt_strategy.cc:123] Linear solver failure. Failed to compute a step: LAPACK::dpotrf numerical failure. The leading minor of order 594 is not positive definite.
W20260807 17:05:53.116629 0x16fa7f000 levenberg_marquardt_strategy.cc:123] Linear solver failure. Failed to compute a step: LAPACK::dpotrf numerical failure. The leading minor of order 12 is not positive definite.
W20260807 17:05:53.133630 0x16fa7f000 levenberg_marquardt_strategy.cc:123] Linear solver failure. Failed to compute a step: LAPACK::dpotrf numerical failure. The leading minor of order 222 is not positive definite.
W20260807 17:05:53.139643 0x16fa7f000 levenberg_marquardt_strategy.cc:123] Linear solver failure. Failed to compute a step: LAPACK::dpotrf numerical failure. The leading minor of order 598 is not positive definite.
I20260807 17:05:53.344113 0x16fa7f000 official_bundle_adjustment_ceres.cc:923] [AETHER] solver_used=DENSE_SCHUR sparse_backend=EIGEN_SPARSE dense_backend=LAPACK mixed=0 threads=6
W20260807 17:05:53.515364 0x16fb0b000 official_aether_sfm_c.cc:5455] [aether_sfm] official quadratic overlap: overlap=10 candidates=709 written=71 in 3863 ms
I20260807 17:05:53.537958 0x16fa7f000 official_incremental_pipeline.cc:320] Loading database
I20260807 17:05:53.538159 0x16fa7f000 database_cache.cc:72] Loading rigs...
I20260807 17:05:53.538171 0x16fa7f000 database_cache.cc:82]  0 in 0.000s
I20260807 17:05:53.538179 0x16fa7f000 database_cache.cc:90] Loading cameras...
I20260807 17:05:53.538408 0x16fa7f000 database_cache.cc:108]  201 in 0.000s
I20260807 17:05:53.538415 0x16fa7f000 database_cache.cc:116] Loading frames...
I20260807 17:05:53.538423 0x16fa7f000 database_cache.cc:126]  0 in 0.000s
I20260807 17:05:53.538428 0x16fa7f000 database_cache.cc:134] Loading matches...
I20260807 17:05:53.562487 0x16fa7f000 database_cache.cc:139]  2804 in 0.024s
I20260807 17:05:53.562515 0x16fa7f000 database_cache.cc:147] Loading images...
I20260807 17:05:53.578439 0x16fa7f000 database_cache.cc:236]  201 in 0.016s (loaded all 201)
I20260807 17:05:53.578468 0x16fa7f000 database_cache.cc:255] Loading pose priors...
I20260807 17:05:53.578480 0x16fa7f000 database_cache.cc:263]  0 in 0.000s
I20260807 17:05:53.578485 0x16fa7f000 database_cache.cc:271] Building correspondence graph...
I20260807 17:05:53.609573 0x16fa7f000 database_cache.cc:300]  in 0.031s (ignored 0)
I20260807 17:05:53.609623 0x16fa7f000 timer.cc:90] Elapsed time: 0.001 [minutes]
I20260807 17:05:53.986735 0x16fa7f000 official_bundle_adjustment_ceres.cc:1434] [AETHER gravity] injected 195/196 roll/pitch anchors, sigma_rad=0.00872665
W20260807 17:05:54.276205 0x16fa7f000 levenberg_marquardt_strategy.cc:123] Linear solver failure. Failed to compute a step: LAPACK::dpotrf numerical failure. The leading minor of order 9 is not positive definite.
W20260807 17:05:54.285381 0x16fa7f000 levenberg_marquardt_strategy.cc:123] Linear solver failure. Failed to compute a step: LAPACK::dpotrf numerical failure. The leading minor of order 283 is not positive definite.
W20260807 17:05:54.337955 0x16fa7f000 levenberg_marquardt_strategy.cc:123] Linear solver failure. Failed to compute a step: LAPACK::dpotrf numerical failure. The leading minor of order 9 is not positive definite.
W20260807 17:05:54.347687 0x16fa7f000 levenberg_marquardt_strategy.cc:123] Linear solver failure. Failed to compute a step: LAPACK::dpotrf numerical failure. The leading minor of order 541 is not positive definite.
W20260807 17:05:54.401559 0x16fa7f000 levenberg_marquardt_strategy.cc:123] Linear solver failure. Failed to compute a step: LAPACK::dpotrf numerical failure. The leading minor of order 173 is not positive definite.
W20260807 17:05:54.411973 0x16fa7f000 levenberg_marquardt_strategy.cc:123] Linear solver failure. Failed to compute a step: LAPACK::dpotrf numerical failure. The leading minor of order 980 is not positive definite.
W20260807 17:05:54.464876 0x16fa7f000 levenberg_marquardt_strategy.cc:123] Linear solver failure. Failed to compute a step: LAPACK::dpotrf numerical failure. The leading minor of order 174 is not positive definite.
W20260807 17:05:54.473903 0x16fa7f000 levenberg_marquardt_strategy.cc:123] Linear solver failure. Failed to compute a step: LAPACK::dpotrf numerical failure. The leading minor of order 435 is not positive definite.
W20260807 17:05:54.506146 0x16fa7f000 levenberg_marquardt_strategy.cc:123] Linear solver failure. Failed to compute a step: LAPACK::dpotrf numerical failure. The leading minor of order 715 is not positive definite.
W20260807 17:05:54.625687 0x16fa7f000 levenberg_marquardt_strategy.cc:123] Linear solver failure. Failed to compute a step: LAPACK::dpotrf numerical failure. The leading minor of order 283 is not positive definite.
W20260807 17:05:54.654926 0x16fa7f000 levenberg_marquardt_strategy.cc:123] Linear solver failure. Failed to compute a step: LAPACK::dpotrf numerical failure. The leading minor of order 9 is not positive definite.
W20260807 17:05:54.685339 0x16fa7f000 levenberg_marquardt_strategy.cc:123] Linear solver failure. Failed to compute a step: LAPACK::dpotrf numerical failure. The leading minor of order 174 is not positive definite.
W20260807 17:05:54.694769 0x16fa7f000 levenberg_marquardt_strategy.cc:123] Linear solver failure. Failed to compute a step: LAPACK::dpotrf numerical failure. The leading minor of order 173 is not positive definite.
W20260807 17:05:54.726696 0x16fa7f000 levenberg_marquardt_strategy.cc:123] Linear solver failure. Failed to compute a step: LAPACK::dpotrf numerical failure. The leading minor of order 715 is not positive definite.
W20260807 17:05:54.756742 0x16fa7f000 levenberg_marquardt_strategy.cc:123] Linear solver failure. Failed to compute a step: LAPACK::dpotrf numerical failure. The leading minor of order 176 is not positive definite.
W20260807 17:05:54.786847 0x16fa7f000 levenberg_marquardt_strategy.cc:123] Linear solver failure. Failed to compute a step: LAPACK::dpotrf numerical failure. The leading minor of order 173 is not positive definite.
W20260807 17:05:54.817386 0x16fa7f000 levenberg_marquardt_strategy.cc:123] Linear solver failure. Failed to compute a step: LAPACK::dpotrf numerical failure. The leading minor of order 173 is not positive definite.
W20260807 17:05:54.825783 0x16fa7f000 levenberg_marquardt_strategy.cc:123] Linear solver failure. Failed to compute a step: LAPACK::dpotrf numerical failure. The leading minor of order 174 is not positive definite.
W20260807 17:05:54.877938 0x16fa7f000 levenberg_marquardt_strategy.cc:123] Linear solver failure. Failed to compute a step: LAPACK::dpotrf numerical failure. The leading minor of order 282 is not positive definite.
I20260807 17:05:54.927415 0x16fa7f000 official_bundle_adjustment_ceres.cc:923] [AETHER] solver_used=DENSE_SCHUR sparse_backend=EIGEN_SPARSE dense_backend=LAPACK mixed=0 threads=6
W20260807 17:05:55.004831 0x16fa7f000 official_aether_sfm_c.cc:6703] [aether_sfm] finalize worker: cache_pre=46ms enrich=4297ms stage1=4137ms (ok, rounds=5) stage2=1467ms (rounds<=1) temporal=0ms upgrade=0ms total=5813ms
W20260807 17:05:55.005773 0x16fa7f000 official_aether_sfm_c.cc:6732] [aether_sfm] delivered-point provenance: live-created=15842 official-retriangulated=10103 live-dropped-by-official-filtering=6669 (live model had 22511; capture-time official TriangulateImage added 83395 obs)
REFINED finalize_ms=5901.9
W20260807 17:05:55.099699 0x20b9da080 official_aether_sfm_c.cc:8749] [aether_sfm] deliver-filter(get_points): kept 21707/25945 (min_tri_angle=3deg, mirror_ghost=12)
RESULT incr=off n_reg=196 n_points=25945 track3plus=3547 n_obs=57416 mean_reproj_px=0.8381 stream_ms=57108.0 finalize_ms=5901.9 total_ms=63009.9
