REPLAY src_db=work_src.db poses=poses_cap50.jsonl out=k22 k=12 max_frames=0 ratio=0.700 AETHER_INCREMENTAL_GLOBAL_BA=(unset)
SOURCE n_images=201 n_poses=201
I20260807 16:57:54.781396 0x20b9da080 database_cache.cc:72] Loading rigs...
I20260807 16:57:54.781417 0x20b9da080 database_cache.cc:82]  0 in 0.000s
I20260807 16:57:54.781424 0x20b9da080 database_cache.cc:90] Loading cameras...
I20260807 16:57:54.781439 0x20b9da080 database_cache.cc:108]  3 in 0.000s
I20260807 16:57:54.781444 0x20b9da080 database_cache.cc:116] Loading frames...
I20260807 16:57:54.781451 0x20b9da080 database_cache.cc:126]  0 in 0.000s
I20260807 16:57:54.781455 0x20b9da080 database_cache.cc:134] Loading matches...
I20260807 16:57:54.781474 0x20b9da080 database_cache.cc:139]  3 in 0.000s
I20260807 16:57:54.781478 0x20b9da080 database_cache.cc:147] Loading images...
I20260807 16:57:54.781750 0x20b9da080 database_cache.cc:236]  3 in 0.000s (loaded all 3)
I20260807 16:57:54.781755 0x20b9da080 database_cache.cc:255] Loading pose priors...
I20260807 16:57:54.781761 0x20b9da080 database_cache.cc:263]  0 in 0.000s
I20260807 16:57:54.781765 0x20b9da080 database_cache.cc:271] Building correspondence graph...
I20260807 16:57:54.781909 0x20b9da080 database_cache.cc:300]  in 0.000s (ignored 0)
I20260807 16:57:54.853607 0x20b9da080 database_cache.cc:72] Loading rigs...
I20260807 16:57:54.853624 0x20b9da080 database_cache.cc:82]  0 in 0.000s
I20260807 16:57:54.853631 0x20b9da080 database_cache.cc:90] Loading cameras...
I20260807 16:57:54.853640 0x20b9da080 database_cache.cc:108]  4 in 0.000s
I20260807 16:57:54.853644 0x20b9da080 database_cache.cc:116] Loading frames...
I20260807 16:57:54.853652 0x20b9da080 database_cache.cc:126]  0 in 0.000s
I20260807 16:57:54.853656 0x20b9da080 database_cache.cc:134] Loading matches...
I20260807 16:57:54.853676 0x20b9da080 database_cache.cc:139]  6 in 0.000s
I20260807 16:57:54.853680 0x20b9da080 database_cache.cc:147] Loading images...
I20260807 16:57:54.854014 0x20b9da080 database_cache.cc:236]  4 in 0.000s (loaded all 4)
I20260807 16:57:54.854019 0x20b9da080 database_cache.cc:255] Loading pose priors...
I20260807 16:57:54.854025 0x20b9da080 database_cache.cc:263]  0 in 0.000s
I20260807 16:57:54.854029 0x20b9da080 database_cache.cc:271] Building correspondence graph...
I20260807 16:57:54.854277 0x20b9da080 database_cache.cc:300]  in 0.000s (ignored 0)
I20260807 16:57:54.942535 0x20b9da080 database_cache.cc:72] Loading rigs...
I20260807 16:57:54.942549 0x20b9da080 database_cache.cc:82]  0 in 0.000s
I20260807 16:57:54.942555 0x20b9da080 database_cache.cc:90] Loading cameras...
I20260807 16:57:54.942566 0x20b9da080 database_cache.cc:108]  5 in 0.000s
I20260807 16:57:54.942572 0x20b9da080 database_cache.cc:116] Loading frames...
I20260807 16:57:54.942577 0x20b9da080 database_cache.cc:126]  0 in 0.000s
I20260807 16:57:54.942584 0x20b9da080 database_cache.cc:134] Loading matches...
I20260807 16:57:54.942611 0x20b9da080 database_cache.cc:139]  10 in 0.000s
I20260807 16:57:54.942617 0x20b9da080 database_cache.cc:147] Loading images...
I20260807 16:57:54.942990 0x20b9da080 database_cache.cc:236]  5 in 0.000s (loaded all 5)
I20260807 16:57:54.942998 0x20b9da080 database_cache.cc:255] Loading pose priors...
I20260807 16:57:54.943011 0x20b9da080 database_cache.cc:263]  0 in 0.000s
I20260807 16:57:54.943017 0x20b9da080 database_cache.cc:271] Building correspondence graph...
I20260807 16:57:54.943393 0x20b9da080 database_cache.cc:300]  in 0.000s (ignored 0)
W20260807 16:57:54.944039 0x20b9da080 official_bundle_adjustment_ceres.cc:616] Failed to fix Gauge due to insufficient number of fixed points: 1
I20260807 16:57:54.944049 0x20b9da080 official_bundle_adjustment_ceres.cc:1434] [AETHER gravity] injected 2/2 roll/pitch anchors, sigma_rad=0.00872665
I20260807 16:57:54.944234 0x20b9da080 official_bundle_adjustment_ceres.cc:923] [AETHER] solver_used=DENSE_SCHUR sparse_backend=EIGEN_SPARSE dense_backend=EIGEN mixed=0 threads=1
I20260807 16:57:55.053630 0x20b9da080 database_cache.cc:72] Loading rigs...
I20260807 16:57:55.053644 0x20b9da080 database_cache.cc:82]  0 in 0.000s
I20260807 16:57:55.053658 0x20b9da080 database_cache.cc:90] Loading cameras...
I20260807 16:57:55.053668 0x20b9da080 database_cache.cc:108]  6 in 0.000s
I20260807 16:57:55.053672 0x20b9da080 database_cache.cc:116] Loading frames...
I20260807 16:57:55.053677 0x20b9da080 database_cache.cc:126]  0 in 0.000s
I20260807 16:57:55.053680 0x20b9da080 database_cache.cc:134] Loading matches...
I20260807 16:57:55.053713 0x20b9da080 database_cache.cc:139]  15 in 0.000s
I20260807 16:57:55.053718 0x20b9da080 database_cache.cc:147] Loading images...
I20260807 16:57:55.054178 0x20b9da080 database_cache.cc:236]  6 in 0.000s (loaded all 6)
I20260807 16:57:55.054183 0x20b9da080 database_cache.cc:255] Loading pose priors...
I20260807 16:57:55.054189 0x20b9da080 database_cache.cc:263]  0 in 0.000s
I20260807 16:57:55.054192 0x20b9da080 database_cache.cc:271] Building correspondence graph...
I20260807 16:57:55.054718 0x20b9da080 database_cache.cc:300]  in 0.001s (ignored 0)
I20260807 16:57:55.055051 0x20b9da080 official_bundle_adjustment_ceres.cc:1434] [AETHER gravity] injected 5/5 roll/pitch anchors, sigma_rad=0.00872665
I20260807 16:57:55.056005 0x20b9da080 official_bundle_adjustment_ceres.cc:923] [AETHER] solver_used=DENSE_SCHUR sparse_backend=EIGEN_SPARSE dense_backend=EIGEN mixed=0 threads=1
I20260807 16:57:55.057240 0x20b9da080 official_bundle_adjustment_ceres.cc:1434] [AETHER gravity] injected 5/5 roll/pitch anchors, sigma_rad=0.00872665
I20260807 16:57:55.057458 0x20b9da080 official_bundle_adjustment_ceres.cc:923] [AETHER] solver_used=DENSE_SCHUR sparse_backend=EIGEN_SPARSE dense_backend=EIGEN mixed=0 threads=1
I20260807 16:57:55.167137 0x20b9da080 database_cache.cc:72] Loading rigs...
I20260807 16:57:55.167151 0x20b9da080 database_cache.cc:82]  0 in 0.000s
I20260807 16:57:55.167155 0x20b9da080 database_cache.cc:90] Loading cameras...
I20260807 16:57:55.167169 0x20b9da080 database_cache.cc:108]  7 in 0.000s
I20260807 16:57:55.167172 0x20b9da080 database_cache.cc:116] Loading frames...
I20260807 16:57:55.167178 0x20b9da080 database_cache.cc:126]  0 in 0.000s
I20260807 16:57:55.167182 0x20b9da080 database_cache.cc:134] Loading matches...
I20260807 16:57:55.167228 0x20b9da080 database_cache.cc:139]  21 in 0.000s
I20260807 16:57:55.167231 0x20b9da080 database_cache.cc:147] Loading images...
I20260807 16:57:55.167784 0x20b9da080 database_cache.cc:236]  7 in 0.001s (loaded all 7)
I20260807 16:57:55.167789 0x20b9da080 database_cache.cc:255] Loading pose priors...
I20260807 16:57:55.167796 0x20b9da080 database_cache.cc:263]  0 in 0.000s
I20260807 16:57:55.167799 0x20b9da080 database_cache.cc:271] Building correspondence graph...
I20260807 16:57:55.168436 0x20b9da080 database_cache.cc:300]  in 0.001s (ignored 0)
I20260807 16:57:55.168786 0x20b9da080 official_bundle_adjustment_ceres.cc:1434] [AETHER gravity] injected 2/2 roll/pitch anchors, sigma_rad=0.00872665
I20260807 16:57:55.168863 0x20b9da080 official_bundle_adjustment_ceres.cc:923] [AETHER] solver_used=DENSE_SCHUR sparse_backend=EIGEN_SPARSE dense_backend=EIGEN mixed=0 threads=1
I20260807 16:57:55.170723 0x20b9da080 official_bundle_adjustment_ceres.cc:1434] [AETHER gravity] injected 3/3 roll/pitch anchors, sigma_rad=0.00872665
I20260807 16:57:55.170941 0x20b9da080 official_bundle_adjustment_ceres.cc:923] [AETHER] solver_used=DENSE_SCHUR sparse_backend=EIGEN_SPARSE dense_backend=EIGEN mixed=0 threads=1
I20260807 16:57:55.293361 0x20b9da080 database_cache.cc:72] Loading rigs...
I20260807 16:57:55.293373 0x20b9da080 database_cache.cc:82]  0 in 0.000s
I20260807 16:57:55.293378 0x20b9da080 database_cache.cc:90] Loading cameras...
I20260807 16:57:55.293389 0x20b9da080 database_cache.cc:108]  8 in 0.000s
I20260807 16:57:55.293393 0x20b9da080 database_cache.cc:116] Loading frames...
I20260807 16:57:55.293399 0x20b9da080 database_cache.cc:126]  0 in 0.000s
I20260807 16:57:55.293402 0x20b9da080 database_cache.cc:134] Loading matches...
I20260807 16:57:55.293445 0x20b9da080 database_cache.cc:139]  28 in 0.000s
I20260807 16:57:55.293448 0x20b9da080 database_cache.cc:147] Loading images...
I20260807 16:57:55.294030 0x20b9da080 database_cache.cc:236]  8 in 0.001s (loaded all 8)
I20260807 16:57:55.294034 0x20b9da080 database_cache.cc:255] Loading pose priors...
I20260807 16:57:55.294039 0x20b9da080 database_cache.cc:263]  0 in 0.000s
I20260807 16:57:55.294042 0x20b9da080 database_cache.cc:271] Building correspondence graph...
I20260807 16:57:55.294779 0x20b9da080 database_cache.cc:300]  in 0.001s (ignored 0)
I20260807 16:57:55.295195 0x20b9da080 official_bundle_adjustment_ceres.cc:1434] [AETHER gravity] injected 6/6 roll/pitch anchors, sigma_rad=0.00872665
I20260807 16:57:55.295989 0x20b9da080 official_bundle_adjustment_ceres.cc:923] [AETHER] solver_used=DENSE_SCHUR sparse_backend=EIGEN_SPARSE dense_backend=EIGEN mixed=0 threads=1
I20260807 16:57:55.297754 0x20b9da080 official_bundle_adjustment_ceres.cc:1434] [AETHER gravity] injected 4/4 roll/pitch anchors, sigma_rad=0.00872665
I20260807 16:57:55.298431 0x20b9da080 official_bundle_adjustment_ceres.cc:923] [AETHER] solver_used=DENSE_SCHUR sparse_backend=EIGEN_SPARSE dense_backend=EIGEN mixed=0 threads=1
I20260807 16:57:55.428415 0x20b9da080 database_cache.cc:72] Loading rigs...
I20260807 16:57:55.428432 0x20b9da080 database_cache.cc:82]  0 in 0.000s
I20260807 16:57:55.428438 0x20b9da080 database_cache.cc:90] Loading cameras...
I20260807 16:57:55.428448 0x20b9da080 database_cache.cc:108]  9 in 0.000s
I20260807 16:57:55.428452 0x20b9da080 database_cache.cc:116] Loading frames...
I20260807 16:57:55.428458 0x20b9da080 database_cache.cc:126]  0 in 0.000s
I20260807 16:57:55.428461 0x20b9da080 database_cache.cc:134] Loading matches...
I20260807 16:57:55.428509 0x20b9da080 database_cache.cc:139]  36 in 0.000s
I20260807 16:57:55.428512 0x20b9da080 database_cache.cc:147] Loading images...
I20260807 16:57:55.429158 0x20b9da080 database_cache.cc:236]  9 in 0.001s (loaded all 9)
I20260807 16:57:55.429163 0x20b9da080 database_cache.cc:255] Loading pose priors...
I20260807 16:57:55.429169 0x20b9da080 database_cache.cc:263]  0 in 0.000s
I20260807 16:57:55.429172 0x20b9da080 database_cache.cc:271] Building correspondence graph...
I20260807 16:57:55.429969 0x20b9da080 database_cache.cc:300]  in 0.001s (ignored 0)
I20260807 16:57:55.547046 0x20b9da080 database_cache.cc:72] Loading rigs...
I20260807 16:57:55.547060 0x20b9da080 database_cache.cc:82]  0 in 0.000s
I20260807 16:57:55.547063 0x20b9da080 database_cache.cc:90] Loading cameras...
I20260807 16:57:55.547072 0x20b9da080 database_cache.cc:108]  10 in 0.000s
I20260807 16:57:55.547075 0x20b9da080 database_cache.cc:116] Loading frames...
I20260807 16:57:55.547081 0x20b9da080 database_cache.cc:126]  0 in 0.000s
I20260807 16:57:55.547086 0x20b9da080 database_cache.cc:134] Loading matches...
I20260807 16:57:55.547140 0x20b9da080 database_cache.cc:139]  45 in 0.000s
I20260807 16:57:55.547144 0x20b9da080 database_cache.cc:147] Loading images...
I20260807 16:57:55.547815 0x20b9da080 database_cache.cc:236]  10 in 0.001s (loaded all 10)
I20260807 16:57:55.547820 0x20b9da080 database_cache.cc:255] Loading pose priors...
I20260807 16:57:55.547826 0x20b9da080 database_cache.cc:263]  0 in 0.000s
I20260807 16:57:55.547829 0x20b9da080 database_cache.cc:271] Building correspondence graph...
I20260807 16:57:55.548768 0x20b9da080 database_cache.cc:300]  in 0.001s (ignored 0)
I20260807 16:57:55.664213 0x20b9da080 database_cache.cc:72] Loading rigs...
I20260807 16:57:55.664227 0x20b9da080 database_cache.cc:82]  0 in 0.000s
I20260807 16:57:55.664231 0x20b9da080 database_cache.cc:90] Loading cameras...
I20260807 16:57:55.664241 0x20b9da080 database_cache.cc:108]  11 in 0.000s
I20260807 16:57:55.664245 0x20b9da080 database_cache.cc:116] Loading frames...
I20260807 16:57:55.664251 0x20b9da080 database_cache.cc:126]  0 in 0.000s
I20260807 16:57:55.664254 0x20b9da080 database_cache.cc:134] Loading matches...
I20260807 16:57:55.664319 0x20b9da080 database_cache.cc:139]  55 in 0.000s
I20260807 16:57:55.664323 0x20b9da080 database_cache.cc:147] Loading images...
I20260807 16:57:55.665085 0x20b9da080 database_cache.cc:236]  11 in 0.001s (loaded all 11)
I20260807 16:57:55.665092 0x20b9da080 database_cache.cc:255] Loading pose priors...
I20260807 16:57:55.665098 0x20b9da080 database_cache.cc:263]  0 in 0.000s
I20260807 16:57:55.665101 0x20b9da080 database_cache.cc:271] Building correspondence graph...
I20260807 16:57:55.666160 0x20b9da080 database_cache.cc:300]  in 0.001s (ignored 0)
I20260807 16:57:55.862214 0x20b9da080 database_cache.cc:72] Loading rigs...
I20260807 16:57:55.862225 0x20b9da080 database_cache.cc:82]  0 in 0.000s
I20260807 16:57:55.862229 0x20b9da080 database_cache.cc:90] Loading cameras...
I20260807 16:57:55.862239 0x20b9da080 database_cache.cc:108]  12 in 0.000s
I20260807 16:57:55.862243 0x20b9da080 database_cache.cc:116] Loading frames...
I20260807 16:57:55.862248 0x20b9da080 database_cache.cc:126]  0 in 0.000s
I20260807 16:57:55.862252 0x20b9da080 database_cache.cc:134] Loading matches...
I20260807 16:57:55.862315 0x20b9da080 database_cache.cc:139]  66 in 0.000s
I20260807 16:57:55.862320 0x20b9da080 database_cache.cc:147] Loading images...
I20260807 16:57:55.863107 0x20b9da080 database_cache.cc:236]  12 in 0.001s (loaded all 12)
I20260807 16:57:55.863112 0x20b9da080 database_cache.cc:255] Loading pose priors...
I20260807 16:57:55.863117 0x20b9da080 database_cache.cc:263]  0 in 0.000s
I20260807 16:57:55.863121 0x20b9da080 database_cache.cc:271] Building correspondence graph...
I20260807 16:57:55.864318 0x20b9da080 database_cache.cc:300]  in 0.001s (ignored 0)
I20260807 16:57:55.864878 0x20b9da080 official_bundle_adjustment_ceres.cc:1434] [AETHER gravity] injected 2/2 roll/pitch anchors, sigma_rad=0.00872665
I20260807 16:57:55.865284 0x20b9da080 official_bundle_adjustment_ceres.cc:923] [AETHER] solver_used=DENSE_SCHUR sparse_backend=EIGEN_SPARSE dense_backend=EIGEN mixed=0 threads=1
I20260807 16:57:55.867974 0x20b9da080 official_bundle_adjustment_ceres.cc:1434] [AETHER gravity] injected 5/5 roll/pitch anchors, sigma_rad=0.00872665
I20260807 16:57:55.868626 0x20b9da080 official_bundle_adjustment_ceres.cc:923] [AETHER] solver_used=DENSE_SCHUR sparse_backend=EIGEN_SPARSE dense_backend=EIGEN mixed=0 threads=1
I20260807 16:57:56.041855 0x20b9da080 database_cache.cc:72] Loading rigs...
I20260807 16:57:56.041869 0x20b9da080 database_cache.cc:82]  0 in 0.000s
I20260807 16:57:56.041873 0x20b9da080 database_cache.cc:90] Loading cameras...
I20260807 16:57:56.041886 0x20b9da080 database_cache.cc:108]  13 in 0.000s
I20260807 16:57:56.041889 0x20b9da080 database_cache.cc:116] Loading frames...
I20260807 16:57:56.041895 0x20b9da080 database_cache.cc:126]  0 in 0.000s
I20260807 16:57:56.041897 0x20b9da080 database_cache.cc:134] Loading matches...
I20260807 16:57:56.041994 0x20b9da080 database_cache.cc:139]  78 in 0.000s
I20260807 16:57:56.041997 0x20b9da080 database_cache.cc:147] Loading images...
I20260807 16:57:56.042856 0x20b9da080 database_cache.cc:236]  13 in 0.001s (loaded all 13)
I20260807 16:57:56.042861 0x20b9da080 database_cache.cc:255] Loading pose priors...
I20260807 16:57:56.042868 0x20b9da080 database_cache.cc:263]  0 in 0.000s
I20260807 16:57:56.042871 0x20b9da080 database_cache.cc:271] Building correspondence graph...
I20260807 16:57:56.044214 0x20b9da080 database_cache.cc:300]  in 0.001s (ignored 0)
I20260807 16:57:56.219448 0x20b9da080 database_cache.cc:72] Loading rigs...
I20260807 16:57:56.219464 0x20b9da080 database_cache.cc:82]  0 in 0.000s
I20260807 16:57:56.219468 0x20b9da080 database_cache.cc:90] Loading cameras...
I20260807 16:57:56.219481 0x20b9da080 database_cache.cc:108]  14 in 0.000s
I20260807 16:57:56.219484 0x20b9da080 database_cache.cc:116] Loading frames...
I20260807 16:57:56.219490 0x20b9da080 database_cache.cc:126]  0 in 0.000s
I20260807 16:57:56.219493 0x20b9da080 database_cache.cc:134] Loading matches...
I20260807 16:57:56.219576 0x20b9da080 database_cache.cc:139]  91 in 0.000s
I20260807 16:57:56.219579 0x20b9da080 database_cache.cc:147] Loading images...
I20260807 16:57:56.220522 0x20b9da080 database_cache.cc:236]  14 in 0.001s (loaded all 14)
I20260807 16:57:56.220527 0x20b9da080 database_cache.cc:255] Loading pose priors...
I20260807 16:57:56.220544 0x20b9da080 database_cache.cc:263]  0 in 0.000s
I20260807 16:57:56.220547 0x20b9da080 database_cache.cc:271] Building correspondence graph...
I20260807 16:57:56.222088 0x20b9da080 database_cache.cc:300]  in 0.002s (ignored 0)
I20260807 16:57:56.222900 0x20b9da080 official_bundle_adjustment_ceres.cc:1434] [AETHER gravity] injected 4/4 roll/pitch anchors, sigma_rad=0.00872665
I20260807 16:57:56.224435 0x20b9da080 official_bundle_adjustment_ceres.cc:923] [AETHER] solver_used=DENSE_SCHUR sparse_backend=EIGEN_SPARSE dense_backend=EIGEN mixed=0 threads=1
I20260807 16:57:56.226439 0x20b9da080 official_bundle_adjustment_ceres.cc:1434] [AETHER gravity] injected 4/4 roll/pitch anchors, sigma_rad=0.00872665
I20260807 16:57:56.227682 0x20b9da080 official_bundle_adjustment_ceres.cc:923] [AETHER] solver_used=DENSE_SCHUR sparse_backend=EIGEN_SPARSE dense_backend=EIGEN mixed=0 threads=1
I20260807 16:57:56.394301 0x20b9da080 database_cache.cc:72] Loading rigs...
I20260807 16:57:56.394315 0x20b9da080 database_cache.cc:82]  0 in 0.000s
I20260807 16:57:56.394320 0x20b9da080 database_cache.cc:90] Loading cameras...
I20260807 16:57:56.394332 0x20b9da080 database_cache.cc:108]  15 in 0.000s
I20260807 16:57:56.394335 0x20b9da080 database_cache.cc:116] Loading frames...
I20260807 16:57:56.394340 0x20b9da080 database_cache.cc:126]  0 in 0.000s
I20260807 16:57:56.394343 0x20b9da080 database_cache.cc:134] Loading matches...
I20260807 16:57:56.394425 0x20b9da080 database_cache.cc:139]  105 in 0.000s
I20260807 16:57:56.394429 0x20b9da080 database_cache.cc:147] Loading images...
I20260807 16:57:56.395512 0x20b9da080 database_cache.cc:236]  15 in 0.001s (loaded all 15)
I20260807 16:57:56.395517 0x20b9da080 database_cache.cc:255] Loading pose priors...
I20260807 16:57:56.395522 0x20b9da080 database_cache.cc:263]  0 in 0.000s
I20260807 16:57:56.395525 0x20b9da080 database_cache.cc:271] Building correspondence graph...
I20260807 16:57:56.397117 0x20b9da080 database_cache.cc:300]  in 0.002s (ignored 0)
I20260807 16:57:56.567197 0x20b9da080 database_cache.cc:72] Loading rigs...
I20260807 16:57:56.567210 0x20b9da080 database_cache.cc:82]  0 in 0.000s
I20260807 16:57:56.567214 0x20b9da080 database_cache.cc:90] Loading cameras...
I20260807 16:57:56.567225 0x20b9da080 database_cache.cc:108]  16 in 0.000s
I20260807 16:57:56.567229 0x20b9da080 database_cache.cc:116] Loading frames...
I20260807 16:57:56.567234 0x20b9da080 database_cache.cc:126]  0 in 0.000s
I20260807 16:57:56.567237 0x20b9da080 database_cache.cc:134] Loading matches...
I20260807 16:57:56.567332 0x20b9da080 database_cache.cc:139]  119 in 0.000s
I20260807 16:57:56.567336 0x20b9da080 database_cache.cc:147] Loading images...
I20260807 16:57:56.568396 0x20b9da080 database_cache.cc:236]  16 in 0.001s (loaded all 16)
I20260807 16:57:56.568400 0x20b9da080 database_cache.cc:255] Loading pose priors...
I20260807 16:57:56.568406 0x20b9da080 database_cache.cc:263]  0 in 0.000s
I20260807 16:57:56.568409 0x20b9da080 database_cache.cc:271] Building correspondence graph...
I20260807 16:57:56.570184 0x20b9da080 database_cache.cc:300]  in 0.002s (ignored 0)
I20260807 16:57:56.736267 0x20b9da080 database_cache.cc:72] Loading rigs...
I20260807 16:57:56.736279 0x20b9da080 database_cache.cc:82]  0 in 0.000s
I20260807 16:57:56.736282 0x20b9da080 database_cache.cc:90] Loading cameras...
I20260807 16:57:56.736293 0x20b9da080 database_cache.cc:108]  17 in 0.000s
I20260807 16:57:56.736296 0x20b9da080 database_cache.cc:116] Loading frames...
I20260807 16:57:56.736301 0x20b9da080 database_cache.cc:126]  0 in 0.000s
I20260807 16:57:56.736304 0x20b9da080 database_cache.cc:134] Loading matches...
I20260807 16:57:56.736406 0x20b9da080 database_cache.cc:139]  132 in 0.000s
I20260807 16:57:56.736410 0x20b9da080 database_cache.cc:147] Loading images...
I20260807 16:57:56.737529 0x20b9da080 database_cache.cc:236]  17 in 0.001s (loaded all 17)
I20260807 16:57:56.737535 0x20b9da080 database_cache.cc:255] Loading pose priors...
I20260807 16:57:56.737541 0x20b9da080 database_cache.cc:263]  0 in 0.000s
I20260807 16:57:56.737545 0x20b9da080 database_cache.cc:271] Building correspondence graph...
I20260807 16:57:56.739477 0x20b9da080 database_cache.cc:300]  in 0.002s (ignored 0)
I20260807 16:57:56.895715 0x20b9da080 database_cache.cc:72] Loading rigs...
I20260807 16:57:56.895730 0x20b9da080 database_cache.cc:82]  0 in 0.000s
I20260807 16:57:56.895735 0x20b9da080 database_cache.cc:90] Loading cameras...
I20260807 16:57:56.895748 0x20b9da080 database_cache.cc:108]  18 in 0.000s
I20260807 16:57:56.895751 0x20b9da080 database_cache.cc:116] Loading frames...
I20260807 16:57:56.895757 0x20b9da080 database_cache.cc:126]  0 in 0.000s
I20260807 16:57:56.895759 0x20b9da080 database_cache.cc:134] Loading matches...
I20260807 16:57:56.895876 0x20b9da080 database_cache.cc:139]  137 in 0.000s
I20260807 16:57:56.895880 0x20b9da080 database_cache.cc:147] Loading images...
I20260807 16:57:56.897030 0x20b9da080 database_cache.cc:236]  18 in 0.001s (loaded all 18)
I20260807 16:57:56.897035 0x20b9da080 database_cache.cc:255] Loading pose priors...
I20260807 16:57:56.897041 0x20b9da080 database_cache.cc:263]  0 in 0.000s
I20260807 16:57:56.897043 0x20b9da080 database_cache.cc:271] Building correspondence graph...
I20260807 16:57:56.899011 0x20b9da080 database_cache.cc:300]  in 0.002s (ignored 0)
I20260807 16:57:56.899933 0x20b9da080 official_bundle_adjustment_ceres.cc:1434] [AETHER gravity] injected 3/3 roll/pitch anchors, sigma_rad=0.00872665
I20260807 16:57:56.900093 0x20b9da080 official_bundle_adjustment_ceres.cc:923] [AETHER] solver_used=DENSE_SCHUR sparse_backend=EIGEN_SPARSE dense_backend=EIGEN mixed=0 threads=1
I20260807 16:57:57.083677 0x20b9da080 database_cache.cc:72] Loading rigs...
I20260807 16:57:57.083690 0x20b9da080 database_cache.cc:82]  0 in 0.000s
I20260807 16:57:57.083694 0x20b9da080 database_cache.cc:90] Loading cameras...
I20260807 16:57:57.083710 0x20b9da080 database_cache.cc:108]  19 in 0.000s
I20260807 16:57:57.083713 0x20b9da080 database_cache.cc:116] Loading frames...
I20260807 16:57:57.083718 0x20b9da080 database_cache.cc:126]  0 in 0.000s
I20260807 16:57:57.083721 0x20b9da080 database_cache.cc:134] Loading matches...
I20260807 16:57:57.083839 0x20b9da080 database_cache.cc:139]  144 in 0.000s
I20260807 16:57:57.083842 0x20b9da080 database_cache.cc:147] Loading images...
I20260807 16:57:57.085079 0x20b9da080 database_cache.cc:236]  19 in 0.001s (loaded all 19)
I20260807 16:57:57.085084 0x20b9da080 database_cache.cc:255] Loading pose priors...
I20260807 16:57:57.085090 0x20b9da080 database_cache.cc:263]  0 in 0.000s
I20260807 16:57:57.085093 0x20b9da080 database_cache.cc:271] Building correspondence graph...
I20260807 16:57:57.087153 0x20b9da080 database_cache.cc:300]  in 0.002s (ignored 0)
I20260807 16:57:57.088151 0x20b9da080 official_bundle_adjustment_ceres.cc:1434] [AETHER gravity] injected 2/2 roll/pitch anchors, sigma_rad=0.00872665
I20260807 16:57:57.088255 0x20b9da080 official_bundle_adjustment_ceres.cc:923] [AETHER] solver_used=DENSE_SCHUR sparse_backend=EIGEN_SPARSE dense_backend=EIGEN mixed=0 threads=1
I20260807 16:57:57.257709 0x20b9da080 database_cache.cc:72] Loading rigs...
I20260807 16:57:57.257729 0x20b9da080 database_cache.cc:82]  0 in 0.000s
I20260807 16:57:57.257733 0x20b9da080 database_cache.cc:90] Loading cameras...
I20260807 16:57:57.257746 0x20b9da080 database_cache.cc:108]  20 in 0.000s
I20260807 16:57:57.257750 0x20b9da080 database_cache.cc:116] Loading frames...
I20260807 16:57:57.257756 0x20b9da080 database_cache.cc:126]  0 in 0.000s
I20260807 16:57:57.257759 0x20b9da080 database_cache.cc:134] Loading matches...
I20260807 16:57:57.257918 0x20b9da080 database_cache.cc:139]  150 in 0.000s
I20260807 16:57:57.257923 0x20b9da080 database_cache.cc:147] Loading images...
I20260807 16:57:57.259221 0x20b9da080 database_cache.cc:236]  20 in 0.001s (loaded all 20)
I20260807 16:57:57.259227 0x20b9da080 database_cache.cc:255] Loading pose priors...
I20260807 16:57:57.259234 0x20b9da080 database_cache.cc:263]  0 in 0.000s
I20260807 16:57:57.259237 0x20b9da080 database_cache.cc:271] Building correspondence graph...
I20260807 16:57:57.261354 0x20b9da080 database_cache.cc:300]  in 0.002s (ignored 0)
I20260807 16:57:57.262390 0x20b9da080 official_bundle_adjustment_ceres.cc:1434] [AETHER gravity] injected 3/3 roll/pitch anchors, sigma_rad=0.00872665
I20260807 16:57:57.263826 0x20b9da080 official_bundle_adjustment_ceres.cc:923] [AETHER] solver_used=DENSE_SCHUR sparse_backend=EIGEN_SPARSE dense_backend=EIGEN mixed=0 threads=1
I20260807 16:57:57.265351 0x20b9da080 official_bundle_adjustment_ceres.cc:1434] [AETHER gravity] injected 3/3 roll/pitch anchors, sigma_rad=0.00872665
I20260807 16:57:57.266267 0x20b9da080 official_bundle_adjustment_ceres.cc:923] [AETHER] solver_used=DENSE_SCHUR sparse_backend=EIGEN_SPARSE dense_backend=EIGEN mixed=0 threads=1
I20260807 16:57:57.429926 0x20b9da080 database_cache.cc:72] Loading rigs...
I20260807 16:57:57.429941 0x20b9da080 database_cache.cc:82]  0 in 0.000s
I20260807 16:57:57.429946 0x20b9da080 database_cache.cc:90] Loading cameras...
I20260807 16:57:57.429960 0x20b9da080 database_cache.cc:108]  21 in 0.000s
I20260807 16:57:57.429963 0x20b9da080 database_cache.cc:116] Loading frames...
I20260807 16:57:57.429969 0x20b9da080 database_cache.cc:126]  0 in 0.000s
I20260807 16:57:57.429973 0x20b9da080 database_cache.cc:134] Loading matches...
I20260807 16:57:57.430114 0x20b9da080 database_cache.cc:139]  155 in 0.000s
I20260807 16:57:57.430118 0x20b9da080 database_cache.cc:147] Loading images...
I20260807 16:57:57.431587 0x20b9da080 database_cache.cc:236]  21 in 0.001s (loaded all 21)
I20260807 16:57:57.431593 0x20b9da080 database_cache.cc:255] Loading pose priors...
I20260807 16:57:57.431600 0x20b9da080 database_cache.cc:263]  0 in 0.000s
I20260807 16:57:57.431603 0x20b9da080 database_cache.cc:271] Building correspondence graph...
I20260807 16:57:57.434025 0x20b9da080 database_cache.cc:300]  in 0.002s (ignored 0)
I20260807 16:57:57.435237 0x20b9da080 official_bundle_adjustment_ceres.cc:1434] [AETHER gravity] injected 3/3 roll/pitch anchors, sigma_rad=0.00872665
I20260807 16:57:57.435916 0x20b9da080 official_bundle_adjustment_ceres.cc:923] [AETHER] solver_used=DENSE_SCHUR sparse_backend=EIGEN_SPARSE dense_backend=EIGEN mixed=0 threads=1
I20260807 16:57:57.437300 0x20b9da080 official_bundle_adjustment_ceres.cc:1434] [AETHER gravity] injected 3/3 roll/pitch anchors, sigma_rad=0.00872665
I20260807 16:57:57.439111 0x20b9da080 official_bundle_adjustment_ceres.cc:923] [AETHER] solver_used=DENSE_SCHUR sparse_backend=EIGEN_SPARSE dense_backend=EIGEN mixed=0 threads=1
I20260807 16:57:57.615102 0x20b9da080 database_cache.cc:72] Loading rigs...
I20260807 16:57:57.615121 0x20b9da080 database_cache.cc:82]  0 in 0.000s
I20260807 16:57:57.615126 0x20b9da080 database_cache.cc:90] Loading cameras...
I20260807 16:57:57.615141 0x20b9da080 database_cache.cc:108]  22 in 0.000s
I20260807 16:57:57.615144 0x20b9da080 database_cache.cc:116] Loading frames...
I20260807 16:57:57.615150 0x20b9da080 database_cache.cc:126]  0 in 0.000s
I20260807 16:57:57.615153 0x20b9da080 database_cache.cc:134] Loading matches...
I20260807 16:57:57.615300 0x20b9da080 database_cache.cc:139]  168 in 0.000s
I20260807 16:57:57.615304 0x20b9da080 database_cache.cc:147] Loading images...
I20260807 16:57:57.616784 0x20b9da080 database_cache.cc:236]  22 in 0.001s (loaded all 22)
I20260807 16:57:57.616790 0x20b9da080 database_cache.cc:255] Loading pose priors...
I20260807 16:57:57.616797 0x20b9da080 database_cache.cc:263]  0 in 0.000s
I20260807 16:57:57.616800 0x20b9da080 database_cache.cc:271] Building correspondence graph...
I20260807 16:57:57.619172 0x20b9da080 database_cache.cc:300]  in 0.002s (ignored 0)
I20260807 16:57:57.620352 0x20b9da080 official_bundle_adjustment_ceres.cc:1434] [AETHER gravity] injected 2/2 roll/pitch anchors, sigma_rad=0.00872665
I20260807 16:57:57.620605 0x20b9da080 official_bundle_adjustment_ceres.cc:923] [AETHER] solver_used=DENSE_SCHUR sparse_backend=EIGEN_SPARSE dense_backend=EIGEN mixed=0 threads=1
I20260807 16:57:57.622521 0x20b9da080 official_bundle_adjustment_ceres.cc:1434] [AETHER gravity] injected 2/2 roll/pitch anchors, sigma_rad=0.00872665
I20260807 16:57:57.623549 0x20b9da080 official_bundle_adjustment_ceres.cc:923] [AETHER] solver_used=DENSE_SCHUR sparse_backend=EIGEN_SPARSE dense_backend=EIGEN mixed=0 threads=1
I20260807 16:57:57.802109 0x20b9da080 database_cache.cc:72] Loading rigs...
I20260807 16:57:57.802123 0x20b9da080 database_cache.cc:82]  0 in 0.000s
I20260807 16:57:57.802128 0x20b9da080 database_cache.cc:90] Loading cameras...
I20260807 16:57:57.802141 0x20b9da080 database_cache.cc:108]  23 in 0.000s
I20260807 16:57:57.802144 0x20b9da080 database_cache.cc:116] Loading frames...
I20260807 16:57:57.802150 0x20b9da080 database_cache.cc:126]  0 in 0.000s
I20260807 16:57:57.802153 0x20b9da080 database_cache.cc:134] Loading matches...
I20260807 16:57:57.802300 0x20b9da080 database_cache.cc:139]  180 in 0.000s
I20260807 16:57:57.802303 0x20b9da080 database_cache.cc:147] Loading images...
I20260807 16:57:57.803775 0x20b9da080 database_cache.cc:236]  23 in 0.001s (loaded all 23)
I20260807 16:57:57.803781 0x20b9da080 database_cache.cc:255] Loading pose priors...
I20260807 16:57:57.803787 0x20b9da080 database_cache.cc:263]  0 in 0.000s
I20260807 16:57:57.803790 0x20b9da080 database_cache.cc:271] Building correspondence graph...
I20260807 16:57:57.806339 0x20b9da080 database_cache.cc:300]  in 0.003s (ignored 0)
I20260807 16:57:57.986936 0x20b9da080 database_cache.cc:72] Loading rigs...
I20260807 16:57:57.986948 0x20b9da080 database_cache.cc:82]  0 in 0.000s
I20260807 16:57:57.986952 0x20b9da080 database_cache.cc:90] Loading cameras...
I20260807 16:57:57.986964 0x20b9da080 database_cache.cc:108]  24 in 0.000s
I20260807 16:57:57.986967 0x20b9da080 database_cache.cc:116] Loading frames...
I20260807 16:57:57.986973 0x20b9da080 database_cache.cc:126]  0 in 0.000s
I20260807 16:57:57.986976 0x20b9da080 database_cache.cc:134] Loading matches...
I20260807 16:57:57.987117 0x20b9da080 database_cache.cc:139]  192 in 0.000s
I20260807 16:57:57.987120 0x20b9da080 database_cache.cc:147] Loading images...
I20260807 16:57:57.988786 0x20b9da080 database_cache.cc:236]  24 in 0.002s (loaded all 24)
I20260807 16:57:57.988792 0x20b9da080 database_cache.cc:255] Loading pose priors...
I20260807 16:57:57.988798 0x20b9da080 database_cache.cc:263]  0 in 0.000s
I20260807 16:57:57.988800 0x20b9da080 database_cache.cc:271] Building correspondence graph...
I20260807 16:57:57.991445 0x20b9da080 database_cache.cc:300]  in 0.003s (ignored 0)
I20260807 16:57:58.168619 0x20b9da080 database_cache.cc:72] Loading rigs...
I20260807 16:57:58.168632 0x20b9da080 database_cache.cc:82]  0 in 0.000s
I20260807 16:57:58.168635 0x20b9da080 database_cache.cc:90] Loading cameras...
I20260807 16:57:58.168650 0x20b9da080 database_cache.cc:108]  25 in 0.000s
I20260807 16:57:58.168653 0x20b9da080 database_cache.cc:116] Loading frames...
I20260807 16:57:58.168658 0x20b9da080 database_cache.cc:126]  0 in 0.000s
I20260807 16:57:58.168661 0x20b9da080 database_cache.cc:134] Loading matches...
I20260807 16:57:58.168830 0x20b9da080 database_cache.cc:139]  203 in 0.000s
I20260807 16:57:58.168833 0x20b9da080 database_cache.cc:147] Loading images...
I20260807 16:57:58.170442 0x20b9da080 database_cache.cc:236]  25 in 0.002s (loaded all 25)
I20260807 16:57:58.170447 0x20b9da080 database_cache.cc:255] Loading pose priors...
I20260807 16:57:58.170453 0x20b9da080 database_cache.cc:263]  0 in 0.000s
I20260807 16:57:58.170456 0x20b9da080 database_cache.cc:271] Building correspondence graph...
I20260807 16:57:58.173141 0x20b9da080 database_cache.cc:300]  in 0.003s (ignored 0)
  fed 25/201 frames (last n_kp=8192)
I20260807 16:57:58.380864 0x20b9da080 database_cache.cc:72] Loading rigs...
I20260807 16:57:58.380878 0x20b9da080 database_cache.cc:82]  0 in 0.000s
I20260807 16:57:58.380881 0x20b9da080 database_cache.cc:90] Loading cameras...
I20260807 16:57:58.380895 0x20b9da080 database_cache.cc:108]  26 in 0.000s
I20260807 16:57:58.380898 0x20b9da080 database_cache.cc:116] Loading frames...
I20260807 16:57:58.380903 0x20b9da080 database_cache.cc:126]  0 in 0.000s
I20260807 16:57:58.380906 0x20b9da080 database_cache.cc:134] Loading matches...
I20260807 16:57:58.381078 0x20b9da080 database_cache.cc:139]  216 in 0.000s
I20260807 16:57:58.381082 0x20b9da080 database_cache.cc:147] Loading images...
I20260807 16:57:58.382759 0x20b9da080 database_cache.cc:236]  26 in 0.002s (loaded all 26)
I20260807 16:57:58.382764 0x20b9da080 database_cache.cc:255] Loading pose priors...
I20260807 16:57:58.382770 0x20b9da080 database_cache.cc:263]  0 in 0.000s
I20260807 16:57:58.382773 0x20b9da080 database_cache.cc:271] Building correspondence graph...
I20260807 16:57:58.385551 0x20b9da080 database_cache.cc:300]  in 0.003s (ignored 0)
I20260807 16:57:58.565905 0x20b9da080 database_cache.cc:72] Loading rigs...
I20260807 16:57:58.565923 0x20b9da080 database_cache.cc:82]  0 in 0.000s
I20260807 16:57:58.565929 0x20b9da080 database_cache.cc:90] Loading cameras...
I20260807 16:57:58.565943 0x20b9da080 database_cache.cc:108]  27 in 0.000s
I20260807 16:57:58.565947 0x20b9da080 database_cache.cc:116] Loading frames...
I20260807 16:57:58.565953 0x20b9da080 database_cache.cc:126]  0 in 0.000s
I20260807 16:57:58.565956 0x20b9da080 database_cache.cc:134] Loading matches...
I20260807 16:57:58.566165 0x20b9da080 database_cache.cc:139]  227 in 0.000s
I20260807 16:57:58.566169 0x20b9da080 database_cache.cc:147] Loading images...
I20260807 16:57:58.568048 0x20b9da080 database_cache.cc:236]  27 in 0.002s (loaded all 27)
I20260807 16:57:58.568054 0x20b9da080 database_cache.cc:255] Loading pose priors...
I20260807 16:57:58.568060 0x20b9da080 database_cache.cc:263]  0 in 0.000s
I20260807 16:57:58.568064 0x20b9da080 database_cache.cc:271] Building correspondence graph...
I20260807 16:57:58.570973 0x20b9da080 database_cache.cc:300]  in 0.003s (ignored 0)
I20260807 16:57:58.572430 0x20b9da080 official_bundle_adjustment_ceres.cc:1434] [AETHER gravity] injected 2/2 roll/pitch anchors, sigma_rad=0.00872665
I20260807 16:57:58.573278 0x20b9da080 official_bundle_adjustment_ceres.cc:923] [AETHER] solver_used=DENSE_SCHUR sparse_backend=EIGEN_SPARSE dense_backend=EIGEN mixed=0 threads=1
I20260807 16:57:58.575010 0x20b9da080 official_bundle_adjustment_ceres.cc:1434] [AETHER gravity] injected 2/2 roll/pitch anchors, sigma_rad=0.00872665
I20260807 16:57:58.575947 0x20b9da080 official_bundle_adjustment_ceres.cc:923] [AETHER] solver_used=DENSE_SCHUR sparse_backend=EIGEN_SPARSE dense_backend=EIGEN mixed=0 threads=1
I20260807 16:57:58.744725 0x20b9da080 database_cache.cc:72] Loading rigs...
I20260807 16:57:58.744742 0x20b9da080 database_cache.cc:82]  0 in 0.000s
I20260807 16:57:58.744748 0x20b9da080 database_cache.cc:90] Loading cameras...
I20260807 16:57:58.744764 0x20b9da080 database_cache.cc:108]  28 in 0.000s
I20260807 16:57:58.744768 0x20b9da080 database_cache.cc:116] Loading frames...
I20260807 16:57:58.744774 0x20b9da080 database_cache.cc:126]  0 in 0.000s
I20260807 16:57:58.744778 0x20b9da080 database_cache.cc:134] Loading matches...
I20260807 16:57:58.746035 0x20b9da080 database_cache.cc:139]  238 in 0.001s
I20260807 16:57:58.746041 0x20b9da080 database_cache.cc:147] Loading images...
I20260807 16:57:58.747922 0x20b9da080 database_cache.cc:236]  28 in 0.002s (loaded all 28)
I20260807 16:57:58.747929 0x20b9da080 database_cache.cc:255] Loading pose priors...
I20260807 16:57:58.747935 0x20b9da080 database_cache.cc:263]  0 in 0.000s
I20260807 16:57:58.747939 0x20b9da080 database_cache.cc:271] Building correspondence graph...
I20260807 16:57:58.750930 0x20b9da080 database_cache.cc:300]  in 0.003s (ignored 0)
I20260807 16:57:58.752484 0x20b9da080 official_bundle_adjustment_ceres.cc:1434] [AETHER gravity] injected 2/2 roll/pitch anchors, sigma_rad=0.00872665
I20260807 16:57:58.753491 0x20b9da080 official_bundle_adjustment_ceres.cc:923] [AETHER] solver_used=DENSE_SCHUR sparse_backend=EIGEN_SPARSE dense_backend=EIGEN mixed=0 threads=1
I20260807 16:57:58.754420 0x20b9da080 official_bundle_adjustment_ceres.cc:1434] [AETHER gravity] injected 2/2 roll/pitch anchors, sigma_rad=0.00872665
I20260807 16:57:58.754847 0x20b9da080 official_bundle_adjustment_ceres.cc:923] [AETHER] solver_used=DENSE_SCHUR sparse_backend=EIGEN_SPARSE dense_backend=EIGEN mixed=0 threads=1
I20260807 16:57:58.896785 0x20b9da080 database_cache.cc:72] Loading rigs...
I20260807 16:57:58.896801 0x20b9da080 database_cache.cc:82]  0 in 0.000s
I20260807 16:57:58.896806 0x20b9da080 database_cache.cc:90] Loading cameras...
I20260807 16:57:58.896820 0x20b9da080 database_cache.cc:108]  29 in 0.000s
I20260807 16:57:58.896823 0x20b9da080 database_cache.cc:116] Loading frames...
I20260807 16:57:58.896828 0x20b9da080 database_cache.cc:126]  0 in 0.000s
I20260807 16:57:58.896831 0x20b9da080 database_cache.cc:134] Loading matches...
I20260807 16:57:58.897016 0x20b9da080 database_cache.cc:139]  247 in 0.000s
I20260807 16:57:58.897020 0x20b9da080 database_cache.cc:147] Loading images...
I20260807 16:57:58.898994 0x20b9da080 database_cache.cc:236]  29 in 0.002s (loaded all 29)
I20260807 16:57:58.899002 0x20b9da080 database_cache.cc:255] Loading pose priors...
I20260807 16:57:58.899009 0x20b9da080 database_cache.cc:263]  0 in 0.000s
I20260807 16:57:58.899012 0x20b9da080 database_cache.cc:271] Building correspondence graph...
I20260807 16:57:58.902078 0x20b9da080 database_cache.cc:300]  in 0.003s (ignored 0)
I20260807 16:57:59.059017 0x20b9da080 database_cache.cc:72] Loading rigs...
I20260807 16:57:59.059029 0x20b9da080 database_cache.cc:82]  0 in 0.000s
I20260807 16:57:59.059033 0x20b9da080 database_cache.cc:90] Loading cameras...
I20260807 16:57:59.059047 0x20b9da080 database_cache.cc:108]  30 in 0.000s
I20260807 16:57:59.059050 0x20b9da080 database_cache.cc:116] Loading frames...
I20260807 16:57:59.059055 0x20b9da080 database_cache.cc:126]  0 in 0.000s
I20260807 16:57:59.059058 0x20b9da080 database_cache.cc:134] Loading matches...
I20260807 16:57:59.059244 0x20b9da080 database_cache.cc:139]  256 in 0.000s
I20260807 16:57:59.059247 0x20b9da080 database_cache.cc:147] Loading images...
I20260807 16:57:59.061282 0x20b9da080 database_cache.cc:236]  30 in 0.002s (loaded all 30)
I20260807 16:57:59.061289 0x20b9da080 database_cache.cc:255] Loading pose priors...
I20260807 16:57:59.061294 0x20b9da080 database_cache.cc:263]  0 in 0.000s
I20260807 16:57:59.061297 0x20b9da080 database_cache.cc:271] Building correspondence graph...
I20260807 16:57:59.064411 0x20b9da080 database_cache.cc:300]  in 0.003s (ignored 0)
I20260807 16:57:59.066097 0x20b9da080 official_bundle_adjustment_ceres.cc:1434] [AETHER gravity] injected 3/3 roll/pitch anchors, sigma_rad=0.00872665
I20260807 16:57:59.067877 0x20b9da080 official_bundle_adjustment_ceres.cc:923] [AETHER] solver_used=DENSE_SCHUR sparse_backend=EIGEN_SPARSE dense_backend=EIGEN mixed=0 threads=1
I20260807 16:57:59.068682 0x20b9da080 official_bundle_adjustment_ceres.cc:1434] [AETHER gravity] injected 3/3 roll/pitch anchors, sigma_rad=0.00872665
I20260807 16:57:59.070480 0x20b9da080 official_bundle_adjustment_ceres.cc:923] [AETHER] solver_used=DENSE_SCHUR sparse_backend=EIGEN_SPARSE dense_backend=EIGEN mixed=0 threads=1
I20260807 16:57:59.174387 0x20b9da080 database_cache.cc:72] Loading rigs...
I20260807 16:57:59.174399 0x20b9da080 database_cache.cc:82]  0 in 0.000s
I20260807 16:57:59.174403 0x20b9da080 database_cache.cc:90] Loading cameras...
I20260807 16:57:59.174417 0x20b9da080 database_cache.cc:108]  31 in 0.000s
I20260807 16:57:59.174420 0x20b9da080 database_cache.cc:116] Loading frames...
I20260807 16:57:59.174425 0x20b9da080 database_cache.cc:126]  0 in 0.000s
I20260807 16:57:59.174428 0x20b9da080 database_cache.cc:134] Loading matches...
I20260807 16:57:59.174639 0x20b9da080 database_cache.cc:139]  264 in 0.000s
I20260807 16:57:59.174642 0x20b9da080 database_cache.cc:147] Loading images...
I20260807 16:57:59.176584 0x20b9da080 database_cache.cc:236]  31 in 0.002s (loaded all 31)
I20260807 16:57:59.176590 0x20b9da080 database_cache.cc:255] Loading pose priors...
I20260807 16:57:59.176595 0x20b9da080 database_cache.cc:263]  0 in 0.000s
I20260807 16:57:59.176598 0x20b9da080 database_cache.cc:271] Building correspondence graph...
I20260807 16:57:59.179736 0x20b9da080 database_cache.cc:300]  in 0.003s (ignored 0)
I20260807 16:57:59.181427 0x20b9da080 official_bundle_adjustment_ceres.cc:1434] [AETHER gravity] injected 2/2 roll/pitch anchors, sigma_rad=0.00872665
I20260807 16:57:59.181666 0x20b9da080 official_bundle_adjustment_ceres.cc:923] [AETHER] solver_used=DENSE_SCHUR sparse_backend=EIGEN_SPARSE dense_backend=EIGEN mixed=0 threads=1
I20260807 16:57:59.182209 0x20b9da080 official_bundle_adjustment_ceres.cc:1434] [AETHER gravity] injected 2/2 roll/pitch anchors, sigma_rad=0.00872665
I20260807 16:57:59.182291 0x20b9da080 official_bundle_adjustment_ceres.cc:923] [AETHER] solver_used=DENSE_SCHUR sparse_backend=EIGEN_SPARSE dense_backend=EIGEN mixed=0 threads=1
I20260807 16:57:59.315360 0x20b9da080 database_cache.cc:72] Loading rigs...
I20260807 16:57:59.315372 0x20b9da080 database_cache.cc:82]  0 in 0.000s
I20260807 16:57:59.315376 0x20b9da080 database_cache.cc:90] Loading cameras...
I20260807 16:57:59.315389 0x20b9da080 database_cache.cc:108]  32 in 0.000s
I20260807 16:57:59.315392 0x20b9da080 database_cache.cc:116] Loading frames...
I20260807 16:57:59.315398 0x20b9da080 database_cache.cc:126]  0 in 0.000s
I20260807 16:57:59.315401 0x20b9da080 database_cache.cc:134] Loading matches...
I20260807 16:57:59.315600 0x20b9da080 database_cache.cc:139]  274 in 0.000s
I20260807 16:57:59.315604 0x20b9da080 database_cache.cc:147] Loading images...
I20260807 16:57:59.317743 0x20b9da080 database_cache.cc:236]  32 in 0.002s (loaded all 32)
I20260807 16:57:59.317749 0x20b9da080 database_cache.cc:255] Loading pose priors...
I20260807 16:57:59.317755 0x20b9da080 database_cache.cc:263]  0 in 0.000s
I20260807 16:57:59.317757 0x20b9da080 database_cache.cc:271] Building correspondence graph...
I20260807 16:57:59.320866 0x20b9da080 database_cache.cc:300]  in 0.003s (ignored 0)
I20260807 16:57:59.477749 0x20b9da080 database_cache.cc:72] Loading rigs...
I20260807 16:57:59.477760 0x20b9da080 database_cache.cc:82]  0 in 0.000s
I20260807 16:57:59.477763 0x20b9da080 database_cache.cc:90] Loading cameras...
I20260807 16:57:59.477778 0x20b9da080 database_cache.cc:108]  33 in 0.000s
I20260807 16:57:59.477780 0x20b9da080 database_cache.cc:116] Loading frames...
I20260807 16:57:59.477785 0x20b9da080 database_cache.cc:126]  0 in 0.000s
I20260807 16:57:59.477788 0x20b9da080 database_cache.cc:134] Loading matches...
I20260807 16:57:59.477982 0x20b9da080 database_cache.cc:139]  286 in 0.000s
I20260807 16:57:59.477986 0x20b9da080 database_cache.cc:147] Loading images...
I20260807 16:57:59.480154 0x20b9da080 database_cache.cc:236]  33 in 0.002s (loaded all 33)
I20260807 16:57:59.480160 0x20b9da080 database_cache.cc:255] Loading pose priors...
I20260807 16:57:59.480166 0x20b9da080 database_cache.cc:263]  0 in 0.000s
I20260807 16:57:59.480169 0x20b9da080 database_cache.cc:271] Building correspondence graph...
I20260807 16:57:59.483417 0x20b9da080 database_cache.cc:300]  in 0.003s (ignored 0)
I20260807 16:57:59.643521 0x20b9da080 database_cache.cc:72] Loading rigs...
I20260807 16:57:59.643535 0x20b9da080 database_cache.cc:82]  0 in 0.000s
I20260807 16:57:59.643539 0x20b9da080 database_cache.cc:90] Loading cameras...
I20260807 16:57:59.643553 0x20b9da080 database_cache.cc:108]  34 in 0.000s
I20260807 16:57:59.643556 0x20b9da080 database_cache.cc:116] Loading frames...
I20260807 16:57:59.643562 0x20b9da080 database_cache.cc:126]  0 in 0.000s
I20260807 16:57:59.643565 0x20b9da080 database_cache.cc:134] Loading matches...
I20260807 16:57:59.643770 0x20b9da080 database_cache.cc:139]  300 in 0.000s
I20260807 16:57:59.643774 0x20b9da080 database_cache.cc:147] Loading images...
I20260807 16:57:59.646074 0x20b9da080 database_cache.cc:236]  34 in 0.002s (loaded all 34)
I20260807 16:57:59.646080 0x20b9da080 database_cache.cc:255] Loading pose priors...
I20260807 16:57:59.646087 0x20b9da080 database_cache.cc:263]  0 in 0.000s
I20260807 16:57:59.646090 0x20b9da080 database_cache.cc:271] Building correspondence graph...
I20260807 16:57:59.649516 0x20b9da080 database_cache.cc:300]  in 0.003s (ignored 0)
I20260807 16:57:59.841754 0x20b9da080 database_cache.cc:72] Loading rigs...
I20260807 16:57:59.841769 0x20b9da080 database_cache.cc:82]  0 in 0.000s
I20260807 16:57:59.841783 0x20b9da080 database_cache.cc:90] Loading cameras...
I20260807 16:57:59.841801 0x20b9da080 database_cache.cc:108]  35 in 0.000s
I20260807 16:57:59.841804 0x20b9da080 database_cache.cc:116] Loading frames...
I20260807 16:57:59.841810 0x20b9da080 database_cache.cc:126]  0 in 0.000s
I20260807 16:57:59.841814 0x20b9da080 database_cache.cc:134] Loading matches...
I20260807 16:57:59.842454 0x20b9da080 database_cache.cc:139]  313 in 0.001s
I20260807 16:57:59.842459 0x20b9da080 database_cache.cc:147] Loading images...
I20260807 16:57:59.845185 0x20b9da080 database_cache.cc:236]  35 in 0.003s (loaded all 35)
I20260807 16:57:59.845191 0x20b9da080 database_cache.cc:255] Loading pose priors...
I20260807 16:57:59.845197 0x20b9da080 database_cache.cc:263]  0 in 0.000s
I20260807 16:57:59.845200 0x20b9da080 database_cache.cc:271] Building correspondence graph...
I20260807 16:57:59.848806 0x20b9da080 database_cache.cc:300]  in 0.004s (ignored 0)
I20260807 16:58:00.038552 0x20b9da080 database_cache.cc:72] Loading rigs...
I20260807 16:58:00.038566 0x20b9da080 database_cache.cc:82]  0 in 0.000s
I20260807 16:58:00.038571 0x20b9da080 database_cache.cc:90] Loading cameras...
I20260807 16:58:00.038585 0x20b9da080 database_cache.cc:108]  36 in 0.000s
I20260807 16:58:00.038588 0x20b9da080 database_cache.cc:116] Loading frames...
I20260807 16:58:00.038594 0x20b9da080 database_cache.cc:126]  0 in 0.000s
I20260807 16:58:00.038597 0x20b9da080 database_cache.cc:134] Loading matches...
I20260807 16:58:00.038818 0x20b9da080 database_cache.cc:139]  331 in 0.000s
I20260807 16:58:00.038821 0x20b9da080 database_cache.cc:147] Loading images...
I20260807 16:58:00.041140 0x20b9da080 database_cache.cc:236]  36 in 0.002s (loaded all 36)
I20260807 16:58:00.041146 0x20b9da080 database_cache.cc:255] Loading pose priors...
I20260807 16:58:00.041152 0x20b9da080 database_cache.cc:263]  0 in 0.000s
I20260807 16:58:00.041155 0x20b9da080 database_cache.cc:271] Building correspondence graph...
I20260807 16:58:00.044742 0x20b9da080 database_cache.cc:300]  in 0.004s (ignored 0)
I20260807 16:58:00.046663 0x20b9da080 official_bundle_adjustment_ceres.cc:1434] [AETHER gravity] injected 2/2 roll/pitch anchors, sigma_rad=0.00872665
I20260807 16:58:00.046990 0x20b9da080 official_bundle_adjustment_ceres.cc:923] [AETHER] solver_used=DENSE_SCHUR sparse_backend=EIGEN_SPARSE dense_backend=EIGEN mixed=0 threads=1
I20260807 16:58:00.048453 0x20b9da080 official_bundle_adjustment_ceres.cc:1434] [AETHER gravity] injected 2/2 roll/pitch anchors, sigma_rad=0.00872665
I20260807 16:58:00.048586 0x20b9da080 official_bundle_adjustment_ceres.cc:923] [AETHER] solver_used=DENSE_SCHUR sparse_backend=EIGEN_SPARSE dense_backend=EIGEN mixed=0 threads=1
I20260807 16:58:00.259654 0x20b9da080 database_cache.cc:72] Loading rigs...
I20260807 16:58:00.259669 0x20b9da080 database_cache.cc:82]  0 in 0.000s
I20260807 16:58:00.259674 0x20b9da080 database_cache.cc:90] Loading cameras...
I20260807 16:58:00.259691 0x20b9da080 database_cache.cc:108]  37 in 0.000s
I20260807 16:58:00.259694 0x20b9da080 database_cache.cc:116] Loading frames...
I20260807 16:58:00.259699 0x20b9da080 database_cache.cc:126]  0 in 0.000s
I20260807 16:58:00.259702 0x20b9da080 database_cache.cc:134] Loading matches...
I20260807 16:58:00.259972 0x20b9da080 database_cache.cc:139]  352 in 0.000s
I20260807 16:58:00.259976 0x20b9da080 database_cache.cc:147] Loading images...
I20260807 16:58:00.262482 0x20b9da080 database_cache.cc:236]  37 in 0.003s (loaded all 37)
I20260807 16:58:00.262489 0x20b9da080 database_cache.cc:255] Loading pose priors...
I20260807 16:58:00.262495 0x20b9da080 database_cache.cc:263]  0 in 0.000s
I20260807 16:58:00.262498 0x20b9da080 database_cache.cc:271] Building correspondence graph...
I20260807 16:58:00.266247 0x20b9da080 database_cache.cc:300]  in 0.004s (ignored 0)
I20260807 16:58:00.495491 0x20b9da080 database_cache.cc:72] Loading rigs...
I20260807 16:58:00.495511 0x20b9da080 database_cache.cc:82]  0 in 0.000s
I20260807 16:58:00.495517 0x20b9da080 database_cache.cc:90] Loading cameras...
I20260807 16:58:00.495539 0x20b9da080 database_cache.cc:108]  38 in 0.000s
I20260807 16:58:00.495544 0x20b9da080 database_cache.cc:116] Loading frames...
I20260807 16:58:00.495550 0x20b9da080 database_cache.cc:126]  0 in 0.000s
I20260807 16:58:00.495553 0x20b9da080 database_cache.cc:134] Loading matches...
I20260807 16:58:00.495846 0x20b9da080 database_cache.cc:139]  372 in 0.000s
I20260807 16:58:00.495850 0x20b9da080 database_cache.cc:147] Loading images...
I20260807 16:58:00.498472 0x20b9da080 database_cache.cc:236]  38 in 0.003s (loaded all 38)
I20260807 16:58:00.498479 0x20b9da080 database_cache.cc:255] Loading pose priors...
I20260807 16:58:00.498485 0x20b9da080 database_cache.cc:263]  0 in 0.000s
I20260807 16:58:00.498489 0x20b9da080 database_cache.cc:271] Building correspondence graph...
I20260807 16:58:00.502409 0x20b9da080 database_cache.cc:300]  in 0.004s (ignored 0)
I20260807 16:58:00.754798 0x20b9da080 database_cache.cc:72] Loading rigs...
I20260807 16:58:00.754810 0x20b9da080 database_cache.cc:82]  0 in 0.000s
I20260807 16:58:00.754815 0x20b9da080 database_cache.cc:90] Loading cameras...
I20260807 16:58:00.754832 0x20b9da080 database_cache.cc:108]  39 in 0.000s
I20260807 16:58:00.754836 0x20b9da080 database_cache.cc:116] Loading frames...
I20260807 16:58:00.754841 0x20b9da080 database_cache.cc:126]  0 in 0.000s
I20260807 16:58:00.754844 0x20b9da080 database_cache.cc:134] Loading matches...
I20260807 16:58:00.755116 0x20b9da080 database_cache.cc:139]  393 in 0.000s
I20260807 16:58:00.755120 0x20b9da080 database_cache.cc:147] Loading images...
I20260807 16:58:00.757792 0x20b9da080 database_cache.cc:236]  39 in 0.003s (loaded all 39)
I20260807 16:58:00.757799 0x20b9da080 database_cache.cc:255] Loading pose priors...
I20260807 16:58:00.757806 0x20b9da080 database_cache.cc:263]  0 in 0.000s
I20260807 16:58:00.757809 0x20b9da080 database_cache.cc:271] Building correspondence graph...
I20260807 16:58:00.761929 0x20b9da080 database_cache.cc:300]  in 0.004s (ignored 0)
I20260807 16:58:00.764055 0x20b9da080 official_bundle_adjustment_ceres.cc:1434] [AETHER gravity] injected 2/2 roll/pitch anchors, sigma_rad=0.00872665
I20260807 16:58:00.764386 0x20b9da080 official_bundle_adjustment_ceres.cc:923] [AETHER] solver_used=DENSE_SCHUR sparse_backend=EIGEN_SPARSE dense_backend=EIGEN mixed=0 threads=1
I20260807 16:58:00.766366 0x20b9da080 official_bundle_adjustment_ceres.cc:1434] [AETHER gravity] injected 2/2 roll/pitch anchors, sigma_rad=0.00872665
I20260807 16:58:00.766516 0x20b9da080 official_bundle_adjustment_ceres.cc:923] [AETHER] solver_used=DENSE_SCHUR sparse_backend=EIGEN_SPARSE dense_backend=EIGEN mixed=0 threads=1
I20260807 16:58:01.067155 0x20b9da080 database_cache.cc:72] Loading rigs...
I20260807 16:58:01.067170 0x20b9da080 database_cache.cc:82]  0 in 0.000s
I20260807 16:58:01.067174 0x20b9da080 database_cache.cc:90] Loading cameras...
I20260807 16:58:01.067194 0x20b9da080 database_cache.cc:108]  40 in 0.000s
I20260807 16:58:01.067197 0x20b9da080 database_cache.cc:116] Loading frames...
I20260807 16:58:01.067203 0x20b9da080 database_cache.cc:126]  0 in 0.000s
I20260807 16:58:01.067206 0x20b9da080 database_cache.cc:134] Loading matches...
I20260807 16:58:01.067457 0x20b9da080 database_cache.cc:139]  416 in 0.000s
I20260807 16:58:01.067460 0x20b9da080 database_cache.cc:147] Loading images...
I20260807 16:58:01.070971 0x20b9da080 database_cache.cc:236]  40 in 0.004s (loaded all 40)
I20260807 16:58:01.070981 0x20b9da080 database_cache.cc:255] Loading pose priors...
I20260807 16:58:01.070987 0x20b9da080 database_cache.cc:263]  0 in 0.000s
I20260807 16:58:01.070991 0x20b9da080 database_cache.cc:271] Building correspondence graph...
I20260807 16:58:01.075155 0x20b9da080 database_cache.cc:300]  in 0.004s (ignored 0)
I20260807 16:58:01.077441 0x20b9da080 official_bundle_adjustment_ceres.cc:1434] [AETHER gravity] injected 3/3 roll/pitch anchors, sigma_rad=0.00872665
I20260807 16:58:01.079243 0x20b9da080 official_bundle_adjustment_ceres.cc:923] [AETHER] solver_used=DENSE_SCHUR sparse_backend=EIGEN_SPARSE dense_backend=EIGEN mixed=0 threads=1
I20260807 16:58:01.081581 0x20b9da080 official_bundle_adjustment_ceres.cc:1434] [AETHER gravity] injected 4/4 roll/pitch anchors, sigma_rad=0.00872665
I20260807 16:58:01.085828 0x20b9da080 official_bundle_adjustment_ceres.cc:923] [AETHER] solver_used=DENSE_SCHUR sparse_backend=EIGEN_SPARSE dense_backend=EIGEN mixed=0 threads=1
I20260807 16:58:01.353857 0x20b9da080 database_cache.cc:72] Loading rigs...
I20260807 16:58:01.353872 0x20b9da080 database_cache.cc:82]  0 in 0.000s
I20260807 16:58:01.353877 0x20b9da080 database_cache.cc:90] Loading cameras...
I20260807 16:58:01.353894 0x20b9da080 database_cache.cc:108]  41 in 0.000s
I20260807 16:58:01.353897 0x20b9da080 database_cache.cc:116] Loading frames...
I20260807 16:58:01.353902 0x20b9da080 database_cache.cc:126]  0 in 0.000s
I20260807 16:58:01.353905 0x20b9da080 database_cache.cc:134] Loading matches...
I20260807 16:58:01.354174 0x20b9da080 database_cache.cc:139]  434 in 0.000s
I20260807 16:58:01.354178 0x20b9da080 database_cache.cc:147] Loading images...
I20260807 16:58:01.356815 0x20b9da080 database_cache.cc:236]  41 in 0.003s (loaded all 41)
I20260807 16:58:01.356822 0x20b9da080 database_cache.cc:255] Loading pose priors...
I20260807 16:58:01.356828 0x20b9da080 database_cache.cc:263]  0 in 0.000s
I20260807 16:58:01.356831 0x20b9da080 database_cache.cc:271] Building correspondence graph...
I20260807 16:58:01.361012 0x20b9da080 database_cache.cc:300]  in 0.004s (ignored 0)
I20260807 16:58:01.363256 0x20b9da080 official_bundle_adjustment_ceres.cc:1434] [AETHER gravity] injected 2/2 roll/pitch anchors, sigma_rad=0.00872665
I20260807 16:58:01.363673 0x20b9da080 official_bundle_adjustment_ceres.cc:923] [AETHER] solver_used=DENSE_SCHUR sparse_backend=EIGEN_SPARSE dense_backend=EIGEN mixed=0 threads=1
I20260807 16:58:01.365146 0x20b9da080 official_bundle_adjustment_ceres.cc:1434] [AETHER gravity] injected 2/2 roll/pitch anchors, sigma_rad=0.00872665
I20260807 16:58:01.365295 0x20b9da080 official_bundle_adjustment_ceres.cc:923] [AETHER] solver_used=DENSE_SCHUR sparse_backend=EIGEN_SPARSE dense_backend=EIGEN mixed=0 threads=1
I20260807 16:58:01.659483 0x20b9da080 database_cache.cc:72] Loading rigs...
I20260807 16:58:01.659499 0x20b9da080 database_cache.cc:82]  0 in 0.000s
I20260807 16:58:01.659504 0x20b9da080 database_cache.cc:90] Loading cameras...
I20260807 16:58:01.659522 0x20b9da080 database_cache.cc:108]  42 in 0.000s
I20260807 16:58:01.659525 0x20b9da080 database_cache.cc:116] Loading frames...
I20260807 16:58:01.659531 0x20b9da080 database_cache.cc:126]  0 in 0.000s
I20260807 16:58:01.659534 0x20b9da080 database_cache.cc:134] Loading matches...
I20260807 16:58:01.659823 0x20b9da080 database_cache.cc:139]  448 in 0.000s
I20260807 16:58:01.659828 0x20b9da080 database_cache.cc:147] Loading images...
I20260807 16:58:01.662653 0x20b9da080 database_cache.cc:236]  42 in 0.003s (loaded all 42)
I20260807 16:58:01.662664 0x20b9da080 database_cache.cc:255] Loading pose priors...
I20260807 16:58:01.662671 0x20b9da080 database_cache.cc:263]  0 in 0.000s
I20260807 16:58:01.662674 0x20b9da080 database_cache.cc:271] Building correspondence graph...
I20260807 16:58:01.667233 0x20b9da080 database_cache.cc:300]  in 0.005s (ignored 0)
I20260807 16:58:01.669664 0x20b9da080 official_bundle_adjustment_ceres.cc:1434] [AETHER gravity] injected 5/5 roll/pitch anchors, sigma_rad=0.00872665
I20260807 16:58:01.671639 0x20b9da080 official_bundle_adjustment_ceres.cc:923] [AETHER] solver_used=DENSE_SCHUR sparse_backend=EIGEN_SPARSE dense_backend=EIGEN mixed=0 threads=1
I20260807 16:58:01.674227 0x20b9da080 official_bundle_adjustment_ceres.cc:1434] [AETHER gravity] injected 5/5 roll/pitch anchors, sigma_rad=0.00872665
I20260807 16:58:01.674296 0x20b9da080 official_bundle_adjustment_ceres.cc:923] [AETHER] solver_used=DENSE_SCHUR sparse_backend=EIGEN_SPARSE dense_backend=EIGEN mixed=0 threads=1
I20260807 16:58:01.970047 0x20b9da080 database_cache.cc:72] Loading rigs...
I20260807 16:58:01.970065 0x20b9da080 database_cache.cc:82]  0 in 0.000s
I20260807 16:58:01.970073 0x20b9da080 database_cache.cc:90] Loading cameras...
I20260807 16:58:01.970090 0x20b9da080 database_cache.cc:108]  43 in 0.000s
I20260807 16:58:01.970094 0x20b9da080 database_cache.cc:116] Loading frames...
I20260807 16:58:01.970101 0x20b9da080 database_cache.cc:126]  0 in 0.000s
I20260807 16:58:01.970104 0x20b9da080 database_cache.cc:134] Loading matches...
I20260807 16:58:01.970410 0x20b9da080 database_cache.cc:139]  461 in 0.000s
I20260807 16:58:01.970414 0x20b9da080 database_cache.cc:147] Loading images...
I20260807 16:58:01.973410 0x20b9da080 database_cache.cc:236]  43 in 0.003s (loaded all 43)
I20260807 16:58:01.973417 0x20b9da080 database_cache.cc:255] Loading pose priors...
I20260807 16:58:01.973423 0x20b9da080 database_cache.cc:263]  0 in 0.000s
I20260807 16:58:01.973427 0x20b9da080 database_cache.cc:271] Building correspondence graph...
I20260807 16:58:01.978024 0x20b9da080 database_cache.cc:300]  in 0.005s (ignored 0)
I20260807 16:58:01.980523 0x20b9da080 official_bundle_adjustment_ceres.cc:1434] [AETHER gravity] injected 6/6 roll/pitch anchors, sigma_rad=0.00872665
I20260807 16:58:01.982924 0x20b9da080 official_bundle_adjustment_ceres.cc:923] [AETHER] solver_used=DENSE_SCHUR sparse_backend=EIGEN_SPARSE dense_backend=EIGEN mixed=0 threads=1
I20260807 16:58:01.985842 0x20b9da080 official_bundle_adjustment_ceres.cc:1434] [AETHER gravity] injected 5/5 roll/pitch anchors, sigma_rad=0.00872665
I20260807 16:58:01.987163 0x20b9da080 official_bundle_adjustment_ceres.cc:923] [AETHER] solver_used=DENSE_SCHUR sparse_backend=EIGEN_SPARSE dense_backend=EIGEN mixed=0 threads=1
I20260807 16:58:02.329146 0x20b9da080 database_cache.cc:72] Loading rigs...
I20260807 16:58:02.329162 0x20b9da080 database_cache.cc:82]  0 in 0.000s
I20260807 16:58:02.329167 0x20b9da080 database_cache.cc:90] Loading cameras...
I20260807 16:58:02.329185 0x20b9da080 database_cache.cc:108]  44 in 0.000s
I20260807 16:58:02.329188 0x20b9da080 database_cache.cc:116] Loading frames...
I20260807 16:58:02.329194 0x20b9da080 database_cache.cc:126]  0 in 0.000s
I20260807 16:58:02.329197 0x20b9da080 database_cache.cc:134] Loading matches...
I20260807 16:58:02.329538 0x20b9da080 database_cache.cc:139]  476 in 0.000s
I20260807 16:58:02.329543 0x20b9da080 database_cache.cc:147] Loading images...
I20260807 16:58:02.332430 0x20b9da080 database_cache.cc:236]  44 in 0.003s (loaded all 44)
I20260807 16:58:02.332441 0x20b9da080 database_cache.cc:255] Loading pose priors...
I20260807 16:58:02.332448 0x20b9da080 database_cache.cc:263]  0 in 0.000s
I20260807 16:58:02.332451 0x20b9da080 database_cache.cc:271] Building correspondence graph...
I20260807 16:58:02.337432 0x20b9da080 database_cache.cc:300]  in 0.005s (ignored 0)
W20260807 16:58:02.339989 0x20b9da080 official_bundle_adjustment_ceres.cc:616] Failed to fix Gauge due to insufficient number of fixed points: 2
I20260807 16:58:02.339999 0x20b9da080 official_bundle_adjustment_ceres.cc:1434] [AETHER gravity] injected 2/2 roll/pitch anchors, sigma_rad=0.00872665
I20260807 16:58:02.340058 0x20b9da080 official_bundle_adjustment_ceres.cc:923] [AETHER] solver_used=DENSE_SCHUR sparse_backend=EIGEN_SPARSE dense_backend=EIGEN mixed=0 threads=1
I20260807 16:58:02.344187 0x20b9da080 official_bundle_adjustment_ceres.cc:1434] [AETHER gravity] injected 4/4 roll/pitch anchors, sigma_rad=0.00872665
I20260807 16:58:02.346178 0x20b9da080 official_bundle_adjustment_ceres.cc:923] [AETHER] solver_used=DENSE_SCHUR sparse_backend=EIGEN_SPARSE dense_backend=EIGEN mixed=0 threads=1
I20260807 16:58:02.735716 0x20b9da080 database_cache.cc:72] Loading rigs...
I20260807 16:58:02.735737 0x20b9da080 database_cache.cc:82]  0 in 0.000s
I20260807 16:58:02.735744 0x20b9da080 database_cache.cc:90] Loading cameras...
I20260807 16:58:02.735766 0x20b9da080 database_cache.cc:108]  45 in 0.000s
I20260807 16:58:02.735770 0x20b9da080 database_cache.cc:116] Loading frames...
I20260807 16:58:02.735776 0x20b9da080 database_cache.cc:126]  0 in 0.000s
I20260807 16:58:02.735779 0x20b9da080 database_cache.cc:134] Loading matches...
I20260807 16:58:02.737410 0x20b9da080 database_cache.cc:139]  492 in 0.002s
I20260807 16:58:02.737418 0x20b9da080 database_cache.cc:147] Loading images...
I20260807 16:58:02.740472 0x20b9da080 database_cache.cc:236]  45 in 0.003s (loaded all 45)
I20260807 16:58:02.740478 0x20b9da080 database_cache.cc:255] Loading pose priors...
I20260807 16:58:02.740485 0x20b9da080 database_cache.cc:263]  0 in 0.000s
I20260807 16:58:02.740488 0x20b9da080 database_cache.cc:271] Building correspondence graph...
I20260807 16:58:02.745609 0x20b9da080 database_cache.cc:300]  in 0.005s (ignored 0)
I20260807 16:58:03.064774 0x20b9da080 database_cache.cc:72] Loading rigs...
I20260807 16:58:03.064785 0x20b9da080 database_cache.cc:82]  0 in 0.000s
I20260807 16:58:03.064789 0x20b9da080 database_cache.cc:90] Loading cameras...
I20260807 16:58:03.064804 0x20b9da080 database_cache.cc:108]  46 in 0.000s
I20260807 16:58:03.064807 0x20b9da080 database_cache.cc:116] Loading frames...
I20260807 16:58:03.064814 0x20b9da080 database_cache.cc:126]  0 in 0.000s
I20260807 16:58:03.064817 0x20b9da080 database_cache.cc:134] Loading matches...
I20260807 16:58:03.065143 0x20b9da080 database_cache.cc:139]  509 in 0.000s
I20260807 16:58:03.065147 0x20b9da080 database_cache.cc:147] Loading images...
I20260807 16:58:03.068277 0x20b9da080 database_cache.cc:236]  46 in 0.003s (loaded all 46)
I20260807 16:58:03.068283 0x20b9da080 database_cache.cc:255] Loading pose priors...
I20260807 16:58:03.068289 0x20b9da080 database_cache.cc:263]  0 in 0.000s
I20260807 16:58:03.068292 0x20b9da080 database_cache.cc:271] Building correspondence graph...
I20260807 16:58:03.073670 0x20b9da080 database_cache.cc:300]  in 0.005s (ignored 0)
I20260807 16:58:03.374082 0x20b9da080 database_cache.cc:72] Loading rigs...
I20260807 16:58:03.374096 0x20b9da080 database_cache.cc:82]  0 in 0.000s
I20260807 16:58:03.374101 0x20b9da080 database_cache.cc:90] Loading cameras...
I20260807 16:58:03.374118 0x20b9da080 database_cache.cc:108]  47 in 0.000s
I20260807 16:58:03.374121 0x20b9da080 database_cache.cc:116] Loading frames...
I20260807 16:58:03.374126 0x20b9da080 database_cache.cc:126]  0 in 0.000s
I20260807 16:58:03.374129 0x20b9da080 database_cache.cc:134] Loading matches...
I20260807 16:58:03.374818 0x20b9da080 database_cache.cc:139]  526 in 0.001s
I20260807 16:58:03.374823 0x20b9da080 database_cache.cc:147] Loading images...
I20260807 16:58:03.377865 0x20b9da080 database_cache.cc:236]  47 in 0.003s (loaded all 47)
I20260807 16:58:03.377871 0x20b9da080 database_cache.cc:255] Loading pose priors...
I20260807 16:58:03.377877 0x20b9da080 database_cache.cc:263]  0 in 0.000s
I20260807 16:58:03.377881 0x20b9da080 database_cache.cc:271] Building correspondence graph...
I20260807 16:58:03.383599 0x20b9da080 database_cache.cc:300]  in 0.006s (ignored 0)
I20260807 16:58:03.678543 0x20b9da080 database_cache.cc:72] Loading rigs...
I20260807 16:58:03.678559 0x20b9da080 database_cache.cc:82]  0 in 0.000s
I20260807 16:58:03.678564 0x20b9da080 database_cache.cc:90] Loading cameras...
I20260807 16:58:03.678581 0x20b9da080 database_cache.cc:108]  48 in 0.000s
I20260807 16:58:03.678584 0x20b9da080 database_cache.cc:116] Loading frames...
I20260807 16:58:03.678590 0x20b9da080 database_cache.cc:126]  0 in 0.000s
I20260807 16:58:03.678593 0x20b9da080 database_cache.cc:134] Loading matches...
I20260807 16:58:03.679015 0x20b9da080 database_cache.cc:139]  542 in 0.000s
I20260807 16:58:03.679020 0x20b9da080 database_cache.cc:147] Loading images...
I20260807 16:58:03.682313 0x20b9da080 database_cache.cc:236]  48 in 0.003s (loaded all 48)
I20260807 16:58:03.682331 0x20b9da080 database_cache.cc:255] Loading pose priors...
I20260807 16:58:03.682340 0x20b9da080 database_cache.cc:263]  0 in 0.000s
I20260807 16:58:03.682344 0x20b9da080 database_cache.cc:271] Building correspondence graph...
I20260807 16:58:03.688477 0x20b9da080 database_cache.cc:300]  in 0.006s (ignored 0)
I20260807 16:58:03.918185 0x20b9da080 database_cache.cc:72] Loading rigs...
I20260807 16:58:03.918202 0x20b9da080 database_cache.cc:82]  0 in 0.000s
I20260807 16:58:03.918208 0x20b9da080 database_cache.cc:90] Loading cameras...
I20260807 16:58:03.918235 0x20b9da080 database_cache.cc:108]  49 in 0.000s
I20260807 16:58:03.918239 0x20b9da080 database_cache.cc:116] Loading frames...
I20260807 16:58:03.918244 0x20b9da080 database_cache.cc:126]  0 in 0.000s
I20260807 16:58:03.918248 0x20b9da080 database_cache.cc:134] Loading matches...
I20260807 16:58:03.918661 0x20b9da080 database_cache.cc:139]  555 in 0.000s
I20260807 16:58:03.918665 0x20b9da080 database_cache.cc:147] Loading images...
I20260807 16:58:03.921962 0x20b9da080 database_cache.cc:236]  49 in 0.003s (loaded all 49)
I20260807 16:58:03.921970 0x20b9da080 database_cache.cc:255] Loading pose priors...
I20260807 16:58:03.921977 0x20b9da080 database_cache.cc:263]  0 in 0.000s
I20260807 16:58:03.921980 0x20b9da080 database_cache.cc:271] Building correspondence graph...
I20260807 16:58:03.928188 0x20b9da080 database_cache.cc:300]  in 0.006s (ignored 0)
I20260807 16:58:04.164062 0x20b9da080 database_cache.cc:72] Loading rigs...
I20260807 16:58:04.164079 0x20b9da080 database_cache.cc:82]  0 in 0.000s
I20260807 16:58:04.164085 0x20b9da080 database_cache.cc:90] Loading cameras...
I20260807 16:58:04.164103 0x20b9da080 database_cache.cc:108]  50 in 0.000s
I20260807 16:58:04.164106 0x20b9da080 database_cache.cc:116] Loading frames...
I20260807 16:58:04.164112 0x20b9da080 database_cache.cc:126]  0 in 0.000s
I20260807 16:58:04.164115 0x20b9da080 database_cache.cc:134] Loading matches...
I20260807 16:58:04.164549 0x20b9da080 database_cache.cc:139]  567 in 0.000s
I20260807 16:58:04.164554 0x20b9da080 database_cache.cc:147] Loading images...
I20260807 16:58:04.167895 0x20b9da080 database_cache.cc:236]  50 in 0.003s (loaded all 50)
I20260807 16:58:04.167904 0x20b9da080 database_cache.cc:255] Loading pose priors...
I20260807 16:58:04.167910 0x20b9da080 database_cache.cc:263]  0 in 0.000s
I20260807 16:58:04.167913 0x20b9da080 database_cache.cc:271] Building correspondence graph...
I20260807 16:58:04.174357 0x20b9da080 database_cache.cc:300]  in 0.006s (ignored 0)
  fed 50/201 frames (last n_kp=8192)
I20260807 16:58:04.354646 0x20b9da080 database_cache.cc:72] Loading rigs...
I20260807 16:58:04.354659 0x20b9da080 database_cache.cc:82]  0 in 0.000s
I20260807 16:58:04.354663 0x20b9da080 database_cache.cc:90] Loading cameras...
I20260807 16:58:04.354682 0x20b9da080 database_cache.cc:108]  51 in 0.000s
I20260807 16:58:04.354686 0x20b9da080 database_cache.cc:116] Loading frames...
I20260807 16:58:04.354691 0x20b9da080 database_cache.cc:126]  0 in 0.000s
I20260807 16:58:04.354694 0x20b9da080 database_cache.cc:134] Loading matches...
I20260807 16:58:04.355099 0x20b9da080 database_cache.cc:139]  575 in 0.000s
I20260807 16:58:04.355103 0x20b9da080 database_cache.cc:147] Loading images...
I20260807 16:58:04.358643 0x20b9da080 database_cache.cc:236]  51 in 0.004s (loaded all 51)
I20260807 16:58:04.358651 0x20b9da080 database_cache.cc:255] Loading pose priors...
I20260807 16:58:04.358657 0x20b9da080 database_cache.cc:263]  0 in 0.000s
I20260807 16:58:04.358661 0x20b9da080 database_cache.cc:271] Building correspondence graph...
I20260807 16:58:04.365109 0x20b9da080 database_cache.cc:300]  in 0.006s (ignored 0)
I20260807 16:58:04.531934 0x20b9da080 database_cache.cc:72] Loading rigs...
I20260807 16:58:04.531946 0x20b9da080 database_cache.cc:82]  0 in 0.000s
I20260807 16:58:04.531950 0x20b9da080 database_cache.cc:90] Loading cameras...
I20260807 16:58:04.531966 0x20b9da080 database_cache.cc:108]  52 in 0.000s
I20260807 16:58:04.531970 0x20b9da080 database_cache.cc:116] Loading frames...
I20260807 16:58:04.531975 0x20b9da080 database_cache.cc:126]  0 in 0.000s
I20260807 16:58:04.531978 0x20b9da080 database_cache.cc:134] Loading matches...
I20260807 16:58:04.532359 0x20b9da080 database_cache.cc:139]  582 in 0.000s
I20260807 16:58:04.532363 0x20b9da080 database_cache.cc:147] Loading images...
I20260807 16:58:04.535736 0x20b9da080 database_cache.cc:236]  52 in 0.003s (loaded all 52)
I20260807 16:58:04.535744 0x20b9da080 database_cache.cc:255] Loading pose priors...
I20260807 16:58:04.535750 0x20b9da080 database_cache.cc:263]  0 in 0.000s
I20260807 16:58:04.535761 0x20b9da080 database_cache.cc:271] Building correspondence graph...
I20260807 16:58:04.542377 0x20b9da080 database_cache.cc:300]  in 0.007s (ignored 0)
I20260807 16:58:04.714358 0x20b9da080 database_cache.cc:72] Loading rigs...
I20260807 16:58:04.714380 0x20b9da080 database_cache.cc:82]  0 in 0.000s
I20260807 16:58:04.714386 0x20b9da080 database_cache.cc:90] Loading cameras...
I20260807 16:58:04.714407 0x20b9da080 database_cache.cc:108]  53 in 0.000s
I20260807 16:58:04.714411 0x20b9da080 database_cache.cc:116] Loading frames...
I20260807 16:58:04.714417 0x20b9da080 database_cache.cc:126]  0 in 0.000s
I20260807 16:58:04.714420 0x20b9da080 database_cache.cc:134] Loading matches...
I20260807 16:58:04.714871 0x20b9da080 database_cache.cc:139]  589 in 0.000s
I20260807 16:58:04.714877 0x20b9da080 database_cache.cc:147] Loading images...
I20260807 16:58:04.718593 0x20b9da080 database_cache.cc:236]  53 in 0.004s (loaded all 53)
I20260807 16:58:04.718607 0x20b9da080 database_cache.cc:255] Loading pose priors...
I20260807 16:58:04.718617 0x20b9da080 database_cache.cc:263]  0 in 0.000s
I20260807 16:58:04.718621 0x20b9da080 database_cache.cc:271] Building correspondence graph...
I20260807 16:58:04.725824 0x20b9da080 database_cache.cc:300]  in 0.007s (ignored 0)
I20260807 16:58:04.886841 0x20b9da080 database_cache.cc:72] Loading rigs...
I20260807 16:58:04.886858 0x20b9da080 database_cache.cc:82]  0 in 0.000s
I20260807 16:58:04.886863 0x20b9da080 database_cache.cc:90] Loading cameras...
I20260807 16:58:04.886880 0x20b9da080 database_cache.cc:108]  54 in 0.000s
I20260807 16:58:04.886884 0x20b9da080 database_cache.cc:116] Loading frames...
I20260807 16:58:04.886889 0x20b9da080 database_cache.cc:126]  0 in 0.000s
I20260807 16:58:04.886892 0x20b9da080 database_cache.cc:134] Loading matches...
I20260807 16:58:04.887306 0x20b9da080 database_cache.cc:139]  597 in 0.000s
I20260807 16:58:04.887309 0x20b9da080 database_cache.cc:147] Loading images...
I20260807 16:58:04.890782 0x20b9da080 database_cache.cc:236]  54 in 0.003s (loaded all 54)
I20260807 16:58:04.890792 0x20b9da080 database_cache.cc:255] Loading pose priors...
I20260807 16:58:04.890797 0x20b9da080 database_cache.cc:263]  0 in 0.000s
I20260807 16:58:04.890800 0x20b9da080 database_cache.cc:271] Building correspondence graph...
I20260807 16:58:04.897783 0x20b9da080 database_cache.cc:300]  in 0.007s (ignored 0)
I20260807 16:58:05.079728 0x20b9da080 database_cache.cc:72] Loading rigs...
I20260807 16:58:05.079741 0x20b9da080 database_cache.cc:82]  0 in 0.000s
I20260807 16:58:05.079745 0x20b9da080 database_cache.cc:90] Loading cameras...
I20260807 16:58:05.079762 0x20b9da080 database_cache.cc:108]  55 in 0.000s
I20260807 16:58:05.079765 0x20b9da080 database_cache.cc:116] Loading frames...
I20260807 16:58:05.079771 0x20b9da080 database_cache.cc:126]  0 in 0.000s
I20260807 16:58:05.079773 0x20b9da080 database_cache.cc:134] Loading matches...
I20260807 16:58:05.080194 0x20b9da080 database_cache.cc:139]  605 in 0.000s
I20260807 16:58:05.080197 0x20b9da080 database_cache.cc:147] Loading images...
I20260807 16:58:05.083718 0x20b9da080 database_cache.cc:236]  55 in 0.004s (loaded all 55)
I20260807 16:58:05.083727 0x20b9da080 database_cache.cc:255] Loading pose priors...
I20260807 16:58:05.083733 0x20b9da080 database_cache.cc:263]  0 in 0.000s
I20260807 16:58:05.083736 0x20b9da080 database_cache.cc:271] Building correspondence graph...
I20260807 16:58:05.090823 0x20b9da080 database_cache.cc:300]  in 0.007s (ignored 0)
I20260807 16:58:05.168908 0x20b9da080 database_cache.cc:72] Loading rigs...
I20260807 16:58:05.168923 0x20b9da080 database_cache.cc:82]  0 in 0.000s
I20260807 16:58:05.168928 0x20b9da080 database_cache.cc:90] Loading cameras...
I20260807 16:58:05.168946 0x20b9da080 database_cache.cc:108]  56 in 0.000s
I20260807 16:58:05.168950 0x20b9da080 database_cache.cc:116] Loading frames...
I20260807 16:58:05.168957 0x20b9da080 database_cache.cc:126]  0 in 0.000s
I20260807 16:58:05.168960 0x20b9da080 database_cache.cc:134] Loading matches...
I20260807 16:58:05.170013 0x20b9da080 database_cache.cc:139]  611 in 0.001s
I20260807 16:58:05.170018 0x20b9da080 database_cache.cc:147] Loading images...
I20260807 16:58:05.173958 0x20b9da080 database_cache.cc:236]  56 in 0.004s (loaded all 56)
I20260807 16:58:05.173968 0x20b9da080 database_cache.cc:255] Loading pose priors...
I20260807 16:58:05.173975 0x20b9da080 database_cache.cc:263]  0 in 0.000s
I20260807 16:58:05.173979 0x20b9da080 database_cache.cc:271] Building correspondence graph...
I20260807 16:58:05.180897 0x20b9da080 database_cache.cc:300]  in 0.007s (ignored 0)
I20260807 16:58:05.370835 0x20b9da080 database_cache.cc:72] Loading rigs...
I20260807 16:58:05.371036 0x20b9da080 database_cache.cc:82]  0 in 0.000s
I20260807 16:58:05.371042 0x20b9da080 database_cache.cc:90] Loading cameras...
I20260807 16:58:05.371060 0x20b9da080 database_cache.cc:108]  57 in 0.000s
I20260807 16:58:05.371065 0x20b9da080 database_cache.cc:116] Loading frames...
I20260807 16:58:05.371072 0x20b9da080 database_cache.cc:126]  0 in 0.000s
I20260807 16:58:05.371076 0x20b9da080 database_cache.cc:134] Loading matches...
I20260807 16:58:05.371998 0x20b9da080 database_cache.cc:139]  622 in 0.001s
I20260807 16:58:05.372003 0x20b9da080 database_cache.cc:147] Loading images...
I20260807 16:58:05.376854 0x20b9da080 database_cache.cc:236]  57 in 0.005s (loaded all 57)
I20260807 16:58:05.376865 0x20b9da080 database_cache.cc:255] Loading pose priors...
I20260807 16:58:05.376872 0x20b9da080 database_cache.cc:263]  0 in 0.000s
I20260807 16:58:05.376876 0x20b9da080 database_cache.cc:271] Building correspondence graph...
I20260807 16:58:05.384737 0x20b9da080 database_cache.cc:300]  in 0.008s (ignored 0)
I20260807 16:58:05.590293 0x20b9da080 database_cache.cc:72] Loading rigs...
I20260807 16:58:05.590309 0x20b9da080 database_cache.cc:82]  0 in 0.000s
I20260807 16:58:05.590313 0x20b9da080 database_cache.cc:90] Loading cameras...
I20260807 16:58:05.590331 0x20b9da080 database_cache.cc:108]  58 in 0.000s
I20260807 16:58:05.590335 0x20b9da080 database_cache.cc:116] Loading frames...
I20260807 16:58:05.590341 0x20b9da080 database_cache.cc:126]  0 in 0.000s
I20260807 16:58:05.590344 0x20b9da080 database_cache.cc:134] Loading matches...
I20260807 16:58:05.590789 0x20b9da080 database_cache.cc:139]  634 in 0.000s
I20260807 16:58:05.590795 0x20b9da080 database_cache.cc:147] Loading images...
I20260807 16:58:05.594618 0x20b9da080 database_cache.cc:236]  58 in 0.004s (loaded all 58)
I20260807 16:58:05.594628 0x20b9da080 database_cache.cc:255] Loading pose priors...
I20260807 16:58:05.594635 0x20b9da080 database_cache.cc:263]  0 in 0.000s
I20260807 16:58:05.594639 0x20b9da080 database_cache.cc:271] Building correspondence graph...
I20260807 16:58:05.602387 0x20b9da080 database_cache.cc:300]  in 0.008s (ignored 0)
I20260807 16:58:05.853888 0x20b9da080 database_cache.cc:72] Loading rigs...
I20260807 16:58:05.853911 0x20b9da080 database_cache.cc:82]  0 in 0.000s
I20260807 16:58:05.853916 0x20b9da080 database_cache.cc:90] Loading cameras...
I20260807 16:58:05.853937 0x20b9da080 database_cache.cc:108]  59 in 0.000s
I20260807 16:58:05.853941 0x20b9da080 database_cache.cc:116] Loading frames...
I20260807 16:58:05.853947 0x20b9da080 database_cache.cc:126]  0 in 0.000s
I20260807 16:58:05.853951 0x20b9da080 database_cache.cc:134] Loading matches...
I20260807 16:58:05.854438 0x20b9da080 database_cache.cc:139]  647 in 0.000s
I20260807 16:58:05.854443 0x20b9da080 database_cache.cc:147] Loading images...
I20260807 16:58:05.858535 0x20b9da080 database_cache.cc:236]  59 in 0.004s (loaded all 59)
I20260807 16:58:05.858555 0x20b9da080 database_cache.cc:255] Loading pose priors...
I20260807 16:58:05.858564 0x20b9da080 database_cache.cc:263]  0 in 0.000s
I20260807 16:58:05.858568 0x20b9da080 database_cache.cc:271] Building correspondence graph...
I20260807 16:58:05.867191 0x20b9da080 database_cache.cc:300]  in 0.009s (ignored 0)
I20260807 16:58:06.118815 0x20b9da080 database_cache.cc:72] Loading rigs...
I20260807 16:58:06.118833 0x20b9da080 database_cache.cc:82]  0 in 0.000s
I20260807 16:58:06.118839 0x20b9da080 database_cache.cc:90] Loading cameras...
I20260807 16:58:06.118859 0x20b9da080 database_cache.cc:108]  60 in 0.000s
I20260807 16:58:06.118864 0x20b9da080 database_cache.cc:116] Loading frames...
I20260807 16:58:06.118871 0x20b9da080 database_cache.cc:126]  0 in 0.000s
I20260807 16:58:06.118875 0x20b9da080 database_cache.cc:134] Loading matches...
I20260807 16:58:06.119356 0x20b9da080 database_cache.cc:139]  660 in 0.000s
I20260807 16:58:06.119361 0x20b9da080 database_cache.cc:147] Loading images...
I20260807 16:58:06.124246 0x20b9da080 database_cache.cc:236]  60 in 0.005s (loaded all 60)
I20260807 16:58:06.124255 0x20b9da080 database_cache.cc:255] Loading pose priors...
I20260807 16:58:06.124262 0x20b9da080 database_cache.cc:263]  0 in 0.000s
I20260807 16:58:06.124266 0x20b9da080 database_cache.cc:271] Building correspondence graph...
I20260807 16:58:06.132538 0x20b9da080 database_cache.cc:300]  in 0.008s (ignored 0)
I20260807 16:58:06.136132 0x20b9da080 official_bundle_adjustment_ceres.cc:1434] [AETHER gravity] injected 4/4 roll/pitch anchors, sigma_rad=0.00872665
I20260807 16:58:06.136931 0x20b9da080 official_bundle_adjustment_ceres.cc:923] [AETHER] solver_used=DENSE_SCHUR sparse_backend=EIGEN_SPARSE dense_backend=EIGEN mixed=0 threads=1
I20260807 16:58:06.141482 0x20b9da080 official_bundle_adjustment_ceres.cc:1434] [AETHER gravity] injected 4/4 roll/pitch anchors, sigma_rad=0.00872665
I20260807 16:58:06.141770 0x20b9da080 official_bundle_adjustment_ceres.cc:923] [AETHER] solver_used=DENSE_SCHUR sparse_backend=EIGEN_SPARSE dense_backend=EIGEN mixed=0 threads=1
I20260807 16:58:06.333820 0x20b9da080 database_cache.cc:72] Loading rigs...
I20260807 16:58:06.333841 0x20b9da080 database_cache.cc:82]  0 in 0.000s
I20260807 16:58:06.333847 0x20b9da080 database_cache.cc:90] Loading cameras...
I20260807 16:58:06.333868 0x20b9da080 database_cache.cc:108]  61 in 0.000s
I20260807 16:58:06.333872 0x20b9da080 database_cache.cc:116] Loading frames...
I20260807 16:58:06.333878 0x20b9da080 database_cache.cc:126]  0 in 0.000s
I20260807 16:58:06.333882 0x20b9da080 database_cache.cc:134] Loading matches...
I20260807 16:58:06.336136 0x20b9da080 database_cache.cc:139]  672 in 0.002s
I20260807 16:58:06.336144 0x20b9da080 database_cache.cc:147] Loading images...
I20260807 16:58:06.339988 0x20b9da080 database_cache.cc:236]  61 in 0.004s (loaded all 61)
I20260807 16:58:06.340000 0x20b9da080 database_cache.cc:255] Loading pose priors...
I20260807 16:58:06.340007 0x20b9da080 database_cache.cc:263]  0 in 0.000s
I20260807 16:58:06.340011 0x20b9da080 database_cache.cc:271] Building correspondence graph...
I20260807 16:58:06.347888 0x20b9da080 database_cache.cc:300]  in 0.008s (ignored 0)
I20260807 16:58:06.351436 0x20b9da080 official_bundle_adjustment_ceres.cc:1434] [AETHER gravity] injected 4/4 roll/pitch anchors, sigma_rad=0.00872665
I20260807 16:58:06.352240 0x20b9da080 official_bundle_adjustment_ceres.cc:923] [AETHER] solver_used=DENSE_SCHUR sparse_backend=EIGEN_SPARSE dense_backend=EIGEN mixed=0 threads=1
I20260807 16:58:06.354615 0x20b9da080 official_bundle_adjustment_ceres.cc:1434] [AETHER gravity] injected 4/4 roll/pitch anchors, sigma_rad=0.00872665
I20260807 16:58:06.355339 0x20b9da080 official_bundle_adjustment_ceres.cc:923] [AETHER] solver_used=DENSE_SCHUR sparse_backend=EIGEN_SPARSE dense_backend=EIGEN mixed=0 threads=1
I20260807 16:58:06.535951 0x20b9da080 database_cache.cc:72] Loading rigs...
I20260807 16:58:06.535965 0x20b9da080 database_cache.cc:82]  0 in 0.000s
I20260807 16:58:06.535969 0x20b9da080 database_cache.cc:90] Loading cameras...
I20260807 16:58:06.535987 0x20b9da080 database_cache.cc:108]  62 in 0.000s
I20260807 16:58:06.535991 0x20b9da080 database_cache.cc:116] Loading frames...
I20260807 16:58:06.535997 0x20b9da080 database_cache.cc:126]  0 in 0.000s
I20260807 16:58:06.536000 0x20b9da080 database_cache.cc:134] Loading matches...
I20260807 16:58:06.536469 0x20b9da080 database_cache.cc:139]  684 in 0.000s
I20260807 16:58:06.536473 0x20b9da080 database_cache.cc:147] Loading images...
I20260807 16:58:06.540371 0x20b9da080 database_cache.cc:236]  62 in 0.004s (loaded all 62)
I20260807 16:58:06.540381 0x20b9da080 database_cache.cc:255] Loading pose priors...
I20260807 16:58:06.540389 0x20b9da080 database_cache.cc:263]  0 in 0.000s
I20260807 16:58:06.540393 0x20b9da080 database_cache.cc:271] Building correspondence graph...
I20260807 16:58:06.548696 0x20b9da080 database_cache.cc:300]  in 0.008s (ignored 0)
I20260807 16:58:06.720736 0x20b9da080 database_cache.cc:72] Loading rigs...
I20260807 16:58:06.720750 0x20b9da080 database_cache.cc:82]  0 in 0.000s
I20260807 16:58:06.720755 0x20b9da080 database_cache.cc:90] Loading cameras...
I20260807 16:58:06.720774 0x20b9da080 database_cache.cc:108]  63 in 0.000s
I20260807 16:58:06.720778 0x20b9da080 database_cache.cc:116] Loading frames...
I20260807 16:58:06.720784 0x20b9da080 database_cache.cc:126]  0 in 0.000s
I20260807 16:58:06.720788 0x20b9da080 database_cache.cc:134] Loading matches...
I20260807 16:58:06.721277 0x20b9da080 database_cache.cc:139]  695 in 0.000s
I20260807 16:58:06.721281 0x20b9da080 database_cache.cc:147] Loading images...
I20260807 16:58:06.725359 0x20b9da080 database_cache.cc:236]  63 in 0.004s (loaded all 63)
I20260807 16:58:06.725371 0x20b9da080 database_cache.cc:255] Loading pose priors...
I20260807 16:58:06.725378 0x20b9da080 database_cache.cc:263]  0 in 0.000s
I20260807 16:58:06.725382 0x20b9da080 database_cache.cc:271] Building correspondence graph...
I20260807 16:58:06.733802 0x20b9da080 database_cache.cc:300]  in 0.008s (ignored 0)
I20260807 16:58:06.882032 0x20b9da080 database_cache.cc:72] Loading rigs...
I20260807 16:58:06.882054 0x20b9da080 database_cache.cc:82]  0 in 0.000s
I20260807 16:58:06.882060 0x20b9da080 database_cache.cc:90] Loading cameras...
I20260807 16:58:06.882081 0x20b9da080 database_cache.cc:108]  64 in 0.000s
I20260807 16:58:06.882086 0x20b9da080 database_cache.cc:116] Loading frames...
I20260807 16:58:06.882092 0x20b9da080 database_cache.cc:126]  0 in 0.000s
I20260807 16:58:06.882096 0x20b9da080 database_cache.cc:134] Loading matches...
I20260807 16:58:06.882612 0x20b9da080 database_cache.cc:139]  703 in 0.001s
I20260807 16:58:06.882618 0x20b9da080 database_cache.cc:147] Loading images...
I20260807 16:58:06.886814 0x20b9da080 database_cache.cc:236]  64 in 0.004s (loaded all 64)
I20260807 16:58:06.886824 0x20b9da080 database_cache.cc:255] Loading pose priors...
I20260807 16:58:06.886832 0x20b9da080 database_cache.cc:263]  0 in 0.000s
I20260807 16:58:06.886836 0x20b9da080 database_cache.cc:271] Building correspondence graph...
I20260807 16:58:06.895436 0x20b9da080 database_cache.cc:300]  in 0.009s (ignored 0)
I20260807 16:58:07.102118 0x20b9da080 database_cache.cc:72] Loading rigs...
I20260807 16:58:07.102139 0x20b9da080 database_cache.cc:82]  0 in 0.000s
I20260807 16:58:07.102145 0x20b9da080 database_cache.cc:90] Loading cameras...
I20260807 16:58:07.102168 0x20b9da080 database_cache.cc:108]  65 in 0.000s
I20260807 16:58:07.102172 0x20b9da080 database_cache.cc:116] Loading frames...
I20260807 16:58:07.102180 0x20b9da080 database_cache.cc:126]  0 in 0.000s
I20260807 16:58:07.102184 0x20b9da080 database_cache.cc:134] Loading matches...
I20260807 16:58:07.102709 0x20b9da080 database_cache.cc:139]  717 in 0.001s
I20260807 16:58:07.102715 0x20b9da080 database_cache.cc:147] Loading images...
I20260807 16:58:07.107156 0x20b9da080 database_cache.cc:236]  65 in 0.004s (loaded all 65)
I20260807 16:58:07.107167 0x20b9da080 database_cache.cc:255] Loading pose priors...
I20260807 16:58:07.107175 0x20b9da080 database_cache.cc:263]  0 in 0.000s
I20260807 16:58:07.107179 0x20b9da080 database_cache.cc:271] Building correspondence graph...
I20260807 16:58:07.115922 0x20b9da080 database_cache.cc:300]  in 0.009s (ignored 0)
I20260807 16:58:07.342147 0x20b9da080 database_cache.cc:72] Loading rigs...
I20260807 16:58:07.342164 0x20b9da080 database_cache.cc:82]  0 in 0.000s
I20260807 16:58:07.342169 0x20b9da080 database_cache.cc:90] Loading cameras...
I20260807 16:58:07.342190 0x20b9da080 database_cache.cc:108]  66 in 0.000s
I20260807 16:58:07.342194 0x20b9da080 database_cache.cc:116] Loading frames...
I20260807 16:58:07.342201 0x20b9da080 database_cache.cc:126]  0 in 0.000s
I20260807 16:58:07.342204 0x20b9da080 database_cache.cc:134] Loading matches...
I20260807 16:58:07.342709 0x20b9da080 database_cache.cc:139]  735 in 0.001s
I20260807 16:58:07.342713 0x20b9da080 database_cache.cc:147] Loading images...
I20260807 16:58:07.347197 0x20b9da080 database_cache.cc:236]  66 in 0.004s (loaded all 66)
I20260807 16:58:07.347209 0x20b9da080 database_cache.cc:255] Loading pose priors...
I20260807 16:58:07.347217 0x20b9da080 database_cache.cc:263]  0 in 0.000s
I20260807 16:58:07.347222 0x20b9da080 database_cache.cc:271] Building correspondence graph...
I20260807 16:58:07.356237 0x20b9da080 database_cache.cc:300]  in 0.009s (ignored 0)
I20260807 16:58:07.543072 0x20b9da080 database_cache.cc:72] Loading rigs...
I20260807 16:58:07.543090 0x20b9da080 database_cache.cc:82]  0 in 0.000s
I20260807 16:58:07.543097 0x20b9da080 database_cache.cc:90] Loading cameras...
I20260807 16:58:07.543117 0x20b9da080 database_cache.cc:108]  67 in 0.000s
I20260807 16:58:07.543122 0x20b9da080 database_cache.cc:116] Loading frames...
I20260807 16:58:07.543128 0x20b9da080 database_cache.cc:126]  0 in 0.000s
I20260807 16:58:07.543132 0x20b9da080 database_cache.cc:134] Loading matches...
I20260807 16:58:07.543661 0x20b9da080 database_cache.cc:139]  750 in 0.001s
I20260807 16:58:07.543666 0x20b9da080 database_cache.cc:147] Loading images...
I20260807 16:58:07.548154 0x20b9da080 database_cache.cc:236]  67 in 0.004s (loaded all 67)
I20260807 16:58:07.548165 0x20b9da080 database_cache.cc:255] Loading pose priors...
I20260807 16:58:07.548173 0x20b9da080 database_cache.cc:263]  0 in 0.000s
I20260807 16:58:07.548177 0x20b9da080 database_cache.cc:271] Building correspondence graph...
I20260807 16:58:07.556942 0x20b9da080 database_cache.cc:300]  in 0.009s (ignored 0)
I20260807 16:58:07.707101 0x20b9da080 database_cache.cc:72] Loading rigs...
I20260807 16:58:07.707119 0x20b9da080 database_cache.cc:82]  0 in 0.000s
I20260807 16:58:07.707124 0x20b9da080 database_cache.cc:90] Loading cameras...
I20260807 16:58:07.707145 0x20b9da080 database_cache.cc:108]  68 in 0.000s
I20260807 16:58:07.707149 0x20b9da080 database_cache.cc:116] Loading frames...
I20260807 16:58:07.707155 0x20b9da080 database_cache.cc:126]  0 in 0.000s
I20260807 16:58:07.707159 0x20b9da080 database_cache.cc:134] Loading matches...
I20260807 16:58:07.707703 0x20b9da080 database_cache.cc:139]  756 in 0.001s
I20260807 16:58:07.707707 0x20b9da080 database_cache.cc:147] Loading images...
I20260807 16:58:07.712267 0x20b9da080 database_cache.cc:236]  68 in 0.005s (loaded all 68)
I20260807 16:58:07.712278 0x20b9da080 database_cache.cc:255] Loading pose priors...
I20260807 16:58:07.712287 0x20b9da080 database_cache.cc:263]  0 in 0.000s
I20260807 16:58:07.712291 0x20b9da080 database_cache.cc:271] Building correspondence graph...
I20260807 16:58:07.721249 0x20b9da080 database_cache.cc:300]  in 0.009s (ignored 0)
I20260807 16:58:07.820330 0x20b9da080 database_cache.cc:72] Loading rigs...
I20260807 16:58:07.820342 0x20b9da080 database_cache.cc:82]  0 in 0.000s
I20260807 16:58:07.820346 0x20b9da080 database_cache.cc:90] Loading cameras...
I20260807 16:58:07.820365 0x20b9da080 database_cache.cc:108]  69 in 0.000s
I20260807 16:58:07.820369 0x20b9da080 database_cache.cc:116] Loading frames...
I20260807 16:58:07.820376 0x20b9da080 database_cache.cc:126]  0 in 0.000s
I20260807 16:58:07.820380 0x20b9da080 database_cache.cc:134] Loading matches...
I20260807 16:58:07.820907 0x20b9da080 database_cache.cc:139]  761 in 0.001s
I20260807 16:58:07.820911 0x20b9da080 database_cache.cc:147] Loading images...
I20260807 16:58:07.825563 0x20b9da080 database_cache.cc:236]  69 in 0.005s (loaded all 69)
I20260807 16:58:07.825574 0x20b9da080 database_cache.cc:255] Loading pose priors...
I20260807 16:58:07.825582 0x20b9da080 database_cache.cc:263]  0 in 0.000s
I20260807 16:58:07.825586 0x20b9da080 database_cache.cc:271] Building correspondence graph...
I20260807 16:58:07.834582 0x20b9da080 database_cache.cc:300]  in 0.009s (ignored 0)
I20260807 16:58:08.085606 0x20b9da080 database_cache.cc:72] Loading rigs...
I20260807 16:58:08.085622 0x20b9da080 database_cache.cc:82]  0 in 0.000s
I20260807 16:58:08.085627 0x20b9da080 database_cache.cc:90] Loading cameras...
I20260807 16:58:08.085648 0x20b9da080 database_cache.cc:108]  70 in 0.000s
I20260807 16:58:08.085653 0x20b9da080 database_cache.cc:116] Loading frames...
I20260807 16:58:08.085659 0x20b9da080 database_cache.cc:126]  0 in 0.000s
I20260807 16:58:08.085663 0x20b9da080 database_cache.cc:134] Loading matches...
I20260807 16:58:08.086188 0x20b9da080 database_cache.cc:139]  779 in 0.001s
I20260807 16:58:08.086193 0x20b9da080 database_cache.cc:147] Loading images...
I20260807 16:58:08.090913 0x20b9da080 database_cache.cc:236]  70 in 0.005s (loaded all 70)
I20260807 16:58:08.090925 0x20b9da080 database_cache.cc:255] Loading pose priors...
I20260807 16:58:08.090932 0x20b9da080 database_cache.cc:263]  0 in 0.000s
I20260807 16:58:08.090936 0x20b9da080 database_cache.cc:271] Building correspondence graph...
I20260807 16:58:08.099941 0x20b9da080 database_cache.cc:300]  in 0.009s (ignored 0)
W20260807 16:58:08.103761 0x20b9da080 official_bundle_adjustment_ceres.cc:616] Failed to fix Gauge due to insufficient number of fixed points: 2
I20260807 16:58:08.103772 0x20b9da080 official_bundle_adjustment_ceres.cc:1434] [AETHER gravity] injected 2/2 roll/pitch anchors, sigma_rad=0.00872665
I20260807 16:58:08.103840 0x20b9da080 official_bundle_adjustment_ceres.cc:923] [AETHER] solver_used=DENSE_SCHUR sparse_backend=EIGEN_SPARSE dense_backend=EIGEN mixed=0 threads=1
I20260807 16:58:08.415414 0x20b9da080 database_cache.cc:72] Loading rigs...
I20260807 16:58:08.415435 0x20b9da080 database_cache.cc:82]  0 in 0.000s
I20260807 16:58:08.415441 0x20b9da080 database_cache.cc:90] Loading cameras...
I20260807 16:58:08.415465 0x20b9da080 database_cache.cc:108]  71 in 0.000s
I20260807 16:58:08.415470 0x20b9da080 database_cache.cc:116] Loading frames...
I20260807 16:58:08.415478 0x20b9da080 database_cache.cc:126]  0 in 0.000s
I20260807 16:58:08.415482 0x20b9da080 database_cache.cc:134] Loading matches...
I20260807 16:58:08.416807 0x20b9da080 database_cache.cc:139]  800 in 0.001s
I20260807 16:58:08.416812 0x20b9da080 database_cache.cc:147] Loading images...
I20260807 16:58:08.421991 0x20b9da080 database_cache.cc:236]  71 in 0.005s (loaded all 71)
I20260807 16:58:08.422007 0x20b9da080 database_cache.cc:255] Loading pose priors...
I20260807 16:58:08.422016 0x20b9da080 database_cache.cc:263]  0 in 0.000s
I20260807 16:58:08.422020 0x20b9da080 database_cache.cc:271] Building correspondence graph...
I20260807 16:58:08.431667 0x20b9da080 database_cache.cc:300]  in 0.010s (ignored 0)
I20260807 16:58:08.435745 0x20b9da080 official_bundle_adjustment_ceres.cc:1434] [AETHER gravity] injected 3/3 roll/pitch anchors, sigma_rad=0.00872665
I20260807 16:58:08.435834 0x20b9da080 official_bundle_adjustment_ceres.cc:923] [AETHER] solver_used=DENSE_SCHUR sparse_backend=EIGEN_SPARSE dense_backend=EIGEN mixed=0 threads=1
I20260807 16:58:08.439979 0x20b9da080 official_bundle_adjustment_ceres.cc:1434] [AETHER gravity] injected 3/3 roll/pitch anchors, sigma_rad=0.00872665
I20260807 16:58:08.440047 0x20b9da080 official_bundle_adjustment_ceres.cc:923] [AETHER] solver_used=DENSE_SCHUR sparse_backend=EIGEN_SPARSE dense_backend=EIGEN mixed=0 threads=1
I20260807 16:58:08.741073 0x20b9da080 database_cache.cc:72] Loading rigs...
I20260807 16:58:08.741092 0x20b9da080 database_cache.cc:82]  0 in 0.000s
I20260807 16:58:08.741098 0x20b9da080 database_cache.cc:90] Loading cameras...
I20260807 16:58:08.741121 0x20b9da080 database_cache.cc:108]  72 in 0.000s
I20260807 16:58:08.741126 0x20b9da080 database_cache.cc:116] Loading frames...
I20260807 16:58:08.741133 0x20b9da080 database_cache.cc:126]  0 in 0.000s
I20260807 16:58:08.741137 0x20b9da080 database_cache.cc:134] Loading matches...
I20260807 16:58:08.741714 0x20b9da080 database_cache.cc:139]  822 in 0.001s
I20260807 16:58:08.741719 0x20b9da080 database_cache.cc:147] Loading images...
I20260807 16:58:08.746670 0x20b9da080 database_cache.cc:236]  72 in 0.005s (loaded all 72)
I20260807 16:58:08.746681 0x20b9da080 database_cache.cc:255] Loading pose priors...
I20260807 16:58:08.746690 0x20b9da080 database_cache.cc:263]  0 in 0.000s
I20260807 16:58:08.746694 0x20b9da080 database_cache.cc:271] Building correspondence graph...
I20260807 16:58:08.756316 0x20b9da080 database_cache.cc:300]  in 0.010s (ignored 0)
I20260807 16:58:08.760332 0x20b9da080 official_bundle_adjustment_ceres.cc:1434] [AETHER gravity] injected 4/4 roll/pitch anchors, sigma_rad=0.00872665
I20260807 16:58:08.761122 0x20b9da080 official_bundle_adjustment_ceres.cc:923] [AETHER] solver_used=DENSE_SCHUR sparse_backend=EIGEN_SPARSE dense_backend=EIGEN mixed=0 threads=1
I20260807 16:58:08.764781 0x20b9da080 official_bundle_adjustment_ceres.cc:1434] [AETHER gravity] injected 4/4 roll/pitch anchors, sigma_rad=0.00872665
I20260807 16:58:08.765505 0x20b9da080 official_bundle_adjustment_ceres.cc:923] [AETHER] solver_used=DENSE_SCHUR sparse_backend=EIGEN_SPARSE dense_backend=EIGEN mixed=0 threads=1
I20260807 16:58:09.008739 0x20b9da080 database_cache.cc:72] Loading rigs...
I20260807 16:58:09.008749 0x20b9da080 database_cache.cc:82]  0 in 0.000s
I20260807 16:58:09.008754 0x20b9da080 database_cache.cc:90] Loading cameras...
I20260807 16:58:09.008774 0x20b9da080 database_cache.cc:108]  73 in 0.000s
I20260807 16:58:09.008778 0x20b9da080 database_cache.cc:116] Loading frames...
I20260807 16:58:09.008784 0x20b9da080 database_cache.cc:126]  0 in 0.000s
I20260807 16:58:09.008787 0x20b9da080 database_cache.cc:134] Loading matches...
I20260807 16:58:09.009669 0x20b9da080 database_cache.cc:139]  844 in 0.001s
I20260807 16:58:09.009674 0x20b9da080 database_cache.cc:147] Loading images...
I20260807 16:58:09.015247 0x20b9da080 database_cache.cc:236]  73 in 0.006s (loaded all 73)
I20260807 16:58:09.015256 0x20b9da080 database_cache.cc:255] Loading pose priors...
I20260807 16:58:09.015263 0x20b9da080 database_cache.cc:263]  0 in 0.000s
I20260807 16:58:09.015267 0x20b9da080 database_cache.cc:271] Building correspondence graph...
I20260807 16:58:09.024942 0x20b9da080 database_cache.cc:300]  in 0.010s (ignored 0)
I20260807 16:58:09.028980 0x20b9da080 official_bundle_adjustment_ceres.cc:1434] [AETHER gravity] injected 3/3 roll/pitch anchors, sigma_rad=0.00872665
I20260807 16:58:09.029122 0x20b9da080 official_bundle_adjustment_ceres.cc:923] [AETHER] solver_used=DENSE_SCHUR sparse_backend=EIGEN_SPARSE dense_backend=EIGEN mixed=0 threads=1
I20260807 16:58:09.033626 0x20b9da080 official_bundle_adjustment_ceres.cc:1434] [AETHER gravity] injected 5/5 roll/pitch anchors, sigma_rad=0.00872665
I20260807 16:58:09.033723 0x20b9da080 official_bundle_adjustment_ceres.cc:923] [AETHER] solver_used=DENSE_SCHUR sparse_backend=EIGEN_SPARSE dense_backend=EIGEN mixed=0 threads=1
I20260807 16:58:09.246525 0x20b9da080 database_cache.cc:72] Loading rigs...
I20260807 16:58:09.246543 0x20b9da080 database_cache.cc:82]  0 in 0.000s
I20260807 16:58:09.246549 0x20b9da080 database_cache.cc:90] Loading cameras...
I20260807 16:58:09.246572 0x20b9da080 database_cache.cc:108]  74 in 0.000s
I20260807 16:58:09.246577 0x20b9da080 database_cache.cc:116] Loading frames...
I20260807 16:58:09.246582 0x20b9da080 database_cache.cc:126]  0 in 0.000s
I20260807 16:58:09.246586 0x20b9da080 database_cache.cc:134] Loading matches...
I20260807 16:58:09.247178 0x20b9da080 database_cache.cc:139]  862 in 0.001s
I20260807 16:58:09.247183 0x20b9da080 database_cache.cc:147] Loading images...
I20260807 16:58:09.252117 0x20b9da080 database_cache.cc:236]  74 in 0.005s (loaded all 74)
I20260807 16:58:09.252129 0x20b9da080 database_cache.cc:255] Loading pose priors...
I20260807 16:58:09.252137 0x20b9da080 database_cache.cc:263]  0 in 0.000s
I20260807 16:58:09.252141 0x20b9da080 database_cache.cc:271] Building correspondence graph...
I20260807 16:58:09.262063 0x20b9da080 database_cache.cc:300]  in 0.010s (ignored 0)
I20260807 16:58:09.266241 0x20b9da080 official_bundle_adjustment_ceres.cc:1434] [AETHER gravity] injected 4/4 roll/pitch anchors, sigma_rad=0.00872665
I20260807 16:58:09.267180 0x20b9da080 official_bundle_adjustment_ceres.cc:923] [AETHER] solver_used=DENSE_SCHUR sparse_backend=EIGEN_SPARSE dense_backend=EIGEN mixed=0 threads=1
I20260807 16:58:09.270089 0x20b9da080 official_bundle_adjustment_ceres.cc:1434] [AETHER gravity] injected 6/6 roll/pitch anchors, sigma_rad=0.00872665
I20260807 16:58:09.270634 0x20b9da080 official_bundle_adjustment_ceres.cc:923] [AETHER] solver_used=DENSE_SCHUR sparse_backend=EIGEN_SPARSE dense_backend=EIGEN mixed=0 threads=1
I20260807 16:58:09.500013 0x20b9da080 database_cache.cc:72] Loading rigs...
I20260807 16:58:09.500030 0x20b9da080 database_cache.cc:82]  0 in 0.000s
I20260807 16:58:09.500035 0x20b9da080 database_cache.cc:90] Loading cameras...
I20260807 16:58:09.500057 0x20b9da080 database_cache.cc:108]  75 in 0.000s
I20260807 16:58:09.500061 0x20b9da080 database_cache.cc:116] Loading frames...
I20260807 16:58:09.500068 0x20b9da080 database_cache.cc:126]  0 in 0.000s
I20260807 16:58:09.500071 0x20b9da080 database_cache.cc:134] Loading matches...
I20260807 16:58:09.500636 0x20b9da080 database_cache.cc:139]  878 in 0.001s
I20260807 16:58:09.500641 0x20b9da080 database_cache.cc:147] Loading images...
I20260807 16:58:09.505727 0x20b9da080 database_cache.cc:236]  75 in 0.005s (loaded all 75)
I20260807 16:58:09.505738 0x20b9da080 database_cache.cc:255] Loading pose priors...
I20260807 16:58:09.505746 0x20b9da080 database_cache.cc:263]  0 in 0.000s
I20260807 16:58:09.505750 0x20b9da080 database_cache.cc:271] Building correspondence graph...
I20260807 16:58:09.515636 0x20b9da080 database_cache.cc:300]  in 0.010s (ignored 0)
I20260807 16:58:09.519804 0x20b9da080 official_bundle_adjustment_ceres.cc:1434] [AETHER gravity] injected 2/2 roll/pitch anchors, sigma_rad=0.00872665
I20260807 16:58:09.520143 0x20b9da080 official_bundle_adjustment_ceres.cc:923] [AETHER] solver_used=DENSE_SCHUR sparse_backend=EIGEN_SPARSE dense_backend=EIGEN mixed=0 threads=1
I20260807 16:58:09.522090 0x20b9da080 official_bundle_adjustment_ceres.cc:1434] [AETHER gravity] injected 3/3 roll/pitch anchors, sigma_rad=0.00872665
I20260807 16:58:09.522601 0x20b9da080 official_bundle_adjustment_ceres.cc:923] [AETHER] solver_used=DENSE_SCHUR sparse_backend=EIGEN_SPARSE dense_backend=EIGEN mixed=0 threads=1
  fed 75/201 frames (last n_kp=8192)
I20260807 16:58:09.710966 0x20b9da080 database_cache.cc:72] Loading rigs...
I20260807 16:58:09.710984 0x20b9da080 database_cache.cc:82]  0 in 0.000s
I20260807 16:58:09.710991 0x20b9da080 database_cache.cc:90] Loading cameras...
I20260807 16:58:09.711016 0x20b9da080 database_cache.cc:108]  76 in 0.000s
I20260807 16:58:09.711021 0x20b9da080 database_cache.cc:116] Loading frames...
I20260807 16:58:09.711028 0x20b9da080 database_cache.cc:126]  0 in 0.000s
I20260807 16:58:09.711032 0x20b9da080 database_cache.cc:134] Loading matches...
I20260807 16:58:09.713235 0x20b9da080 database_cache.cc:139]  892 in 0.002s
I20260807 16:58:09.713246 0x20b9da080 database_cache.cc:147] Loading images...
I20260807 16:58:09.718627 0x20b9da080 database_cache.cc:236]  76 in 0.005s (loaded all 76)
I20260807 16:58:09.718639 0x20b9da080 database_cache.cc:255] Loading pose priors...
I20260807 16:58:09.718647 0x20b9da080 database_cache.cc:263]  0 in 0.000s
I20260807 16:58:09.718652 0x20b9da080 database_cache.cc:271] Building correspondence graph...
I20260807 16:58:09.728758 0x20b9da080 database_cache.cc:300]  in 0.010s (ignored 0)
I20260807 16:58:09.885370 0x20b9da080 database_cache.cc:72] Loading rigs...
I20260807 16:58:09.885382 0x20b9da080 database_cache.cc:82]  0 in 0.000s
I20260807 16:58:09.885387 0x20b9da080 database_cache.cc:90] Loading cameras...
I20260807 16:58:09.885409 0x20b9da080 database_cache.cc:108]  77 in 0.000s
I20260807 16:58:09.885413 0x20b9da080 database_cache.cc:116] Loading frames...
I20260807 16:58:09.885419 0x20b9da080 database_cache.cc:126]  0 in 0.000s
I20260807 16:58:09.885423 0x20b9da080 database_cache.cc:134] Loading matches...
I20260807 16:58:09.886021 0x20b9da080 database_cache.cc:139]  901 in 0.001s
I20260807 16:58:09.886025 0x20b9da080 database_cache.cc:147] Loading images...
I20260807 16:58:09.891246 0x20b9da080 database_cache.cc:236]  77 in 0.005s (loaded all 77)
I20260807 16:58:09.891257 0x20b9da080 database_cache.cc:255] Loading pose priors...
I20260807 16:58:09.891265 0x20b9da080 database_cache.cc:263]  0 in 0.000s
I20260807 16:58:09.891269 0x20b9da080 database_cache.cc:271] Building correspondence graph...
I20260807 16:58:09.901394 0x20b9da080 database_cache.cc:300]  in 0.010s (ignored 0)
I20260807 16:58:09.905638 0x20b9da080 official_bundle_adjustment_ceres.cc:1434] [AETHER gravity] injected 2/2 roll/pitch anchors, sigma_rad=0.00872665
I20260807 16:58:09.905861 0x20b9da080 official_bundle_adjustment_ceres.cc:923] [AETHER] solver_used=DENSE_SCHUR sparse_backend=EIGEN_SPARSE dense_backend=EIGEN mixed=0 threads=1
I20260807 16:58:09.907481 0x20b9da080 official_bundle_adjustment_ceres.cc:1434] [AETHER gravity] injected 2/2 roll/pitch anchors, sigma_rad=0.00872665
I20260807 16:58:09.908068 0x20b9da080 official_bundle_adjustment_ceres.cc:923] [AETHER] solver_used=DENSE_SCHUR sparse_backend=EIGEN_SPARSE dense_backend=EIGEN mixed=0 threads=1
I20260807 16:58:10.040469 0x20b9da080 database_cache.cc:72] Loading rigs...
I20260807 16:58:10.040483 0x20b9da080 database_cache.cc:82]  0 in 0.000s
I20260807 16:58:10.040488 0x20b9da080 database_cache.cc:90] Loading cameras...
I20260807 16:58:10.040512 0x20b9da080 database_cache.cc:108]  78 in 0.000s
I20260807 16:58:10.040517 0x20b9da080 database_cache.cc:116] Loading frames...
I20260807 16:58:10.040523 0x20b9da080 database_cache.cc:126]  0 in 0.000s
I20260807 16:58:10.040527 0x20b9da080 database_cache.cc:134] Loading matches...
I20260807 16:58:10.041139 0x20b9da080 database_cache.cc:139]  908 in 0.001s
I20260807 16:58:10.041143 0x20b9da080 database_cache.cc:147] Loading images...
I20260807 16:58:10.046369 0x20b9da080 database_cache.cc:236]  78 in 0.005s (loaded all 78)
I20260807 16:58:10.046380 0x20b9da080 database_cache.cc:255] Loading pose priors...
I20260807 16:58:10.046387 0x20b9da080 database_cache.cc:263]  0 in 0.000s
I20260807 16:58:10.046391 0x20b9da080 database_cache.cc:271] Building correspondence graph...
I20260807 16:58:10.056603 0x20b9da080 database_cache.cc:300]  in 0.010s (ignored 0)
I20260807 16:58:10.061020 0x20b9da080 official_bundle_adjustment_ceres.cc:1434] [AETHER gravity] injected 4/4 roll/pitch anchors, sigma_rad=0.00872665
I20260807 16:58:10.063747 0x20b9da080 official_bundle_adjustment_ceres.cc:923] [AETHER] solver_used=DENSE_SCHUR sparse_backend=EIGEN_SPARSE dense_backend=EIGEN mixed=0 threads=1
I20260807 16:58:10.064960 0x20b9da080 official_bundle_adjustment_ceres.cc:1434] [AETHER gravity] injected 4/4 roll/pitch anchors, sigma_rad=0.00872665
I20260807 16:58:10.066982 0x20b9da080 official_bundle_adjustment_ceres.cc:923] [AETHER] solver_used=DENSE_SCHUR sparse_backend=EIGEN_SPARSE dense_backend=EIGEN mixed=0 threads=1
I20260807 16:58:10.190482 0x20b9da080 database_cache.cc:72] Loading rigs...
I20260807 16:58:10.190499 0x20b9da080 database_cache.cc:82]  0 in 0.000s
I20260807 16:58:10.190503 0x20b9da080 database_cache.cc:90] Loading cameras...
I20260807 16:58:10.190527 0x20b9da080 database_cache.cc:108]  79 in 0.000s
I20260807 16:58:10.190531 0x20b9da080 database_cache.cc:116] Loading frames...
I20260807 16:58:10.190537 0x20b9da080 database_cache.cc:126]  0 in 0.000s
I20260807 16:58:10.190541 0x20b9da080 database_cache.cc:134] Loading matches...
I20260807 16:58:10.191149 0x20b9da080 database_cache.cc:139]  915 in 0.001s
I20260807 16:58:10.191154 0x20b9da080 database_cache.cc:147] Loading images...
I20260807 16:58:10.196493 0x20b9da080 database_cache.cc:236]  79 in 0.005s (loaded all 79)
I20260807 16:58:10.196507 0x20b9da080 database_cache.cc:255] Loading pose priors...
I20260807 16:58:10.196515 0x20b9da080 database_cache.cc:263]  0 in 0.000s
I20260807 16:58:10.196519 0x20b9da080 database_cache.cc:271] Building correspondence graph...
I20260807 16:58:10.206812 0x20b9da080 database_cache.cc:300]  in 0.010s (ignored 0)
I20260807 16:58:10.211335 0x20b9da080 official_bundle_adjustment_ceres.cc:1434] [AETHER gravity] injected 4/4 roll/pitch anchors, sigma_rad=0.00872665
I20260807 16:58:10.215231 0x20b9da080 official_bundle_adjustment_ceres.cc:923] [AETHER] solver_used=DENSE_SCHUR sparse_backend=EIGEN_SPARSE dense_backend=EIGEN mixed=0 threads=1
I20260807 16:58:10.216394 0x20b9da080 official_bundle_adjustment_ceres.cc:1434] [AETHER gravity] injected 5/5 roll/pitch anchors, sigma_rad=0.00872665
I20260807 16:58:10.222292 0x20b9da080 official_bundle_adjustment_ceres.cc:923] [AETHER] solver_used=DENSE_SCHUR sparse_backend=EIGEN_SPARSE dense_backend=EIGEN mixed=0 threads=1
I20260807 16:58:10.386986 0x20b9da080 database_cache.cc:72] Loading rigs...
I20260807 16:58:10.386998 0x20b9da080 database_cache.cc:82]  0 in 0.000s
I20260807 16:58:10.387002 0x20b9da080 database_cache.cc:90] Loading cameras...
I20260807 16:58:10.387023 0x20b9da080 database_cache.cc:108]  80 in 0.000s
I20260807 16:58:10.387026 0x20b9da080 database_cache.cc:116] Loading frames...
I20260807 16:58:10.387032 0x20b9da080 database_cache.cc:126]  0 in 0.000s
I20260807 16:58:10.387035 0x20b9da080 database_cache.cc:134] Loading matches...
I20260807 16:58:10.387606 0x20b9da080 database_cache.cc:139]  923 in 0.001s
I20260807 16:58:10.387610 0x20b9da080 database_cache.cc:147] Loading images...
I20260807 16:58:10.392979 0x20b9da080 database_cache.cc:236]  80 in 0.005s (loaded all 80)
I20260807 16:58:10.392991 0x20b9da080 database_cache.cc:255] Loading pose priors...
I20260807 16:58:10.392999 0x20b9da080 database_cache.cc:263]  0 in 0.000s
I20260807 16:58:10.393003 0x20b9da080 database_cache.cc:271] Building correspondence graph...
I20260807 16:58:10.403311 0x20b9da080 database_cache.cc:300]  in 0.010s (ignored 0)
I20260807 16:58:10.407867 0x20b9da080 official_bundle_adjustment_ceres.cc:1434] [AETHER gravity] injected 2/2 roll/pitch anchors, sigma_rad=0.00872665
I20260807 16:58:10.408188 0x20b9da080 official_bundle_adjustment_ceres.cc:923] [AETHER] solver_used=DENSE_SCHUR sparse_backend=EIGEN_SPARSE dense_backend=EIGEN mixed=0 threads=1
I20260807 16:58:10.409141 0x20b9da080 official_bundle_adjustment_ceres.cc:1434] [AETHER gravity] injected 2/2 roll/pitch anchors, sigma_rad=0.00872665
I20260807 16:58:10.409345 0x20b9da080 official_bundle_adjustment_ceres.cc:923] [AETHER] solver_used=DENSE_SCHUR sparse_backend=EIGEN_SPARSE dense_backend=EIGEN mixed=0 threads=1
I20260807 16:58:10.540828 0x20b9da080 database_cache.cc:72] Loading rigs...
I20260807 16:58:10.540842 0x20b9da080 database_cache.cc:82]  0 in 0.000s
I20260807 16:58:10.540846 0x20b9da080 database_cache.cc:90] Loading cameras...
I20260807 16:58:10.540871 0x20b9da080 database_cache.cc:108]  81 in 0.000s
I20260807 16:58:10.540875 0x20b9da080 database_cache.cc:116] Loading frames...
I20260807 16:58:10.540882 0x20b9da080 database_cache.cc:126]  0 in 0.000s
I20260807 16:58:10.540886 0x20b9da080 database_cache.cc:134] Loading matches...
I20260807 16:58:10.541496 0x20b9da080 database_cache.cc:139]  933 in 0.001s
I20260807 16:58:10.541501 0x20b9da080 database_cache.cc:147] Loading images...
I20260807 16:58:10.546937 0x20b9da080 database_cache.cc:236]  81 in 0.005s (loaded all 81)
I20260807 16:58:10.546950 0x20b9da080 database_cache.cc:255] Loading pose priors...
I20260807 16:58:10.546957 0x20b9da080 database_cache.cc:263]  0 in 0.000s
I20260807 16:58:10.546961 0x20b9da080 database_cache.cc:271] Building correspondence graph...
I20260807 16:58:10.557361 0x20b9da080 database_cache.cc:300]  in 0.010s (ignored 0)
I20260807 16:58:10.685423 0x20b9da080 database_cache.cc:72] Loading rigs...
I20260807 16:58:10.685440 0x20b9da080 database_cache.cc:82]  0 in 0.000s
I20260807 16:58:10.685446 0x20b9da080 database_cache.cc:90] Loading cameras...
I20260807 16:58:10.685469 0x20b9da080 database_cache.cc:108]  82 in 0.000s
I20260807 16:58:10.685473 0x20b9da080 database_cache.cc:116] Loading frames...
I20260807 16:58:10.685479 0x20b9da080 database_cache.cc:126]  0 in 0.000s
I20260807 16:58:10.685482 0x20b9da080 database_cache.cc:134] Loading matches...
I20260807 16:58:10.686144 0x20b9da080 database_cache.cc:139]  936 in 0.001s
I20260807 16:58:10.686149 0x20b9da080 database_cache.cc:147] Loading images...
I20260807 16:58:10.692457 0x20b9da080 database_cache.cc:236]  82 in 0.006s (loaded all 82)
I20260807 16:58:10.692470 0x20b9da080 database_cache.cc:255] Loading pose priors...
I20260807 16:58:10.692479 0x20b9da080 database_cache.cc:263]  0 in 0.000s
I20260807 16:58:10.692483 0x20b9da080 database_cache.cc:271] Building correspondence graph...
I20260807 16:58:10.703473 0x20b9da080 database_cache.cc:300]  in 0.011s (ignored 0)
I20260807 16:58:10.848058 0x20b9da080 database_cache.cc:72] Loading rigs...
I20260807 16:58:10.848074 0x20b9da080 database_cache.cc:82]  0 in 0.000s
I20260807 16:58:10.848079 0x20b9da080 database_cache.cc:90] Loading cameras...
I20260807 16:58:10.848104 0x20b9da080 database_cache.cc:108]  83 in 0.000s
I20260807 16:58:10.848108 0x20b9da080 database_cache.cc:116] Loading frames...
I20260807 16:58:10.848115 0x20b9da080 database_cache.cc:126]  0 in 0.000s
I20260807 16:58:10.848119 0x20b9da080 database_cache.cc:134] Loading matches...
I20260807 16:58:10.848780 0x20b9da080 database_cache.cc:139]  940 in 0.001s
I20260807 16:58:10.848785 0x20b9da080 database_cache.cc:147] Loading images...
I20260807 16:58:10.854450 0x20b9da080 database_cache.cc:236]  83 in 0.006s (loaded all 83)
I20260807 16:58:10.854463 0x20b9da080 database_cache.cc:255] Loading pose priors...
I20260807 16:58:10.854470 0x20b9da080 database_cache.cc:263]  0 in 0.000s
I20260807 16:58:10.854474 0x20b9da080 database_cache.cc:271] Building correspondence graph...
I20260807 16:58:10.865078 0x20b9da080 database_cache.cc:300]  in 0.011s (ignored 0)
I20260807 16:58:11.026704 0x20b9da080 database_cache.cc:72] Loading rigs...
I20260807 16:58:11.026718 0x20b9da080 database_cache.cc:82]  0 in 0.000s
I20260807 16:58:11.026723 0x20b9da080 database_cache.cc:90] Loading cameras...
I20260807 16:58:11.026744 0x20b9da080 database_cache.cc:108]  84 in 0.000s
I20260807 16:58:11.026749 0x20b9da080 database_cache.cc:116] Loading frames...
I20260807 16:58:11.026755 0x20b9da080 database_cache.cc:126]  0 in 0.000s
I20260807 16:58:11.026759 0x20b9da080 database_cache.cc:134] Loading matches...
I20260807 16:58:11.027366 0x20b9da080 database_cache.cc:139]  954 in 0.001s
I20260807 16:58:11.027371 0x20b9da080 database_cache.cc:147] Loading images...
I20260807 16:58:11.033015 0x20b9da080 database_cache.cc:236]  84 in 0.006s (loaded all 84)
I20260807 16:58:11.033026 0x20b9da080 database_cache.cc:255] Loading pose priors...
I20260807 16:58:11.033034 0x20b9da080 database_cache.cc:263]  0 in 0.000s
I20260807 16:58:11.033038 0x20b9da080 database_cache.cc:271] Building correspondence graph...
I20260807 16:58:11.043464 0x20b9da080 database_cache.cc:300]  in 0.010s (ignored 0)
I20260807 16:58:11.275257 0x20b9da080 database_cache.cc:72] Loading rigs...
I20260807 16:58:11.275273 0x20b9da080 database_cache.cc:82]  0 in 0.000s
I20260807 16:58:11.275278 0x20b9da080 database_cache.cc:90] Loading cameras...
I20260807 16:58:11.275301 0x20b9da080 database_cache.cc:108]  85 in 0.000s
I20260807 16:58:11.275305 0x20b9da080 database_cache.cc:116] Loading frames...
I20260807 16:58:11.275312 0x20b9da080 database_cache.cc:126]  0 in 0.000s
I20260807 16:58:11.275316 0x20b9da080 database_cache.cc:134] Loading matches...
I20260807 16:58:11.275948 0x20b9da080 database_cache.cc:139]  972 in 0.001s
I20260807 16:58:11.275953 0x20b9da080 database_cache.cc:147] Loading images...
I20260807 16:58:11.281691 0x20b9da080 database_cache.cc:236]  85 in 0.006s (loaded all 85)
I20260807 16:58:11.281703 0x20b9da080 database_cache.cc:255] Loading pose priors...
I20260807 16:58:11.281712 0x20b9da080 database_cache.cc:263]  0 in 0.000s
I20260807 16:58:11.281715 0x20b9da080 database_cache.cc:271] Building correspondence graph...
I20260807 16:58:11.292364 0x20b9da080 database_cache.cc:300]  in 0.011s (ignored 0)
I20260807 16:58:11.486313 0x20b9da080 database_cache.cc:72] Loading rigs...
I20260807 16:58:11.486328 0x20b9da080 database_cache.cc:82]  0 in 0.000s
I20260807 16:58:11.486333 0x20b9da080 database_cache.cc:90] Loading cameras...
I20260807 16:58:11.486355 0x20b9da080 database_cache.cc:108]  86 in 0.000s
I20260807 16:58:11.486359 0x20b9da080 database_cache.cc:116] Loading frames...
I20260807 16:58:11.486365 0x20b9da080 database_cache.cc:126]  0 in 0.000s
I20260807 16:58:11.486369 0x20b9da080 database_cache.cc:134] Loading matches...
I20260807 16:58:11.487009 0x20b9da080 database_cache.cc:139]  987 in 0.001s
I20260807 16:58:11.487014 0x20b9da080 database_cache.cc:147] Loading images...
I20260807 16:58:11.492728 0x20b9da080 database_cache.cc:236]  86 in 0.006s (loaded all 86)
I20260807 16:58:11.492741 0x20b9da080 database_cache.cc:255] Loading pose priors...
I20260807 16:58:11.492748 0x20b9da080 database_cache.cc:263]  0 in 0.000s
I20260807 16:58:11.492751 0x20b9da080 database_cache.cc:271] Building correspondence graph...
I20260807 16:58:11.503514 0x20b9da080 database_cache.cc:300]  in 0.011s (ignored 0)
I20260807 16:58:11.508224 0x20b9da080 official_bundle_adjustment_ceres.cc:1434] [AETHER gravity] injected 2/2 roll/pitch anchors, sigma_rad=0.00872665
I20260807 16:58:11.508514 0x20b9da080 official_bundle_adjustment_ceres.cc:923] [AETHER] solver_used=DENSE_SCHUR sparse_backend=EIGEN_SPARSE dense_backend=EIGEN mixed=0 threads=1
I20260807 16:58:11.510031 0x20b9da080 official_bundle_adjustment_ceres.cc:1434] [AETHER gravity] injected 2/2 roll/pitch anchors, sigma_rad=0.00872665
I20260807 16:58:11.510285 0x20b9da080 official_bundle_adjustment_ceres.cc:923] [AETHER] solver_used=DENSE_SCHUR sparse_backend=EIGEN_SPARSE dense_backend=EIGEN mixed=0 threads=1
I20260807 16:58:11.677802 0x20b9da080 database_cache.cc:72] Loading rigs...
I20260807 16:58:11.677819 0x20b9da080 database_cache.cc:82]  0 in 0.000s
I20260807 16:58:11.677825 0x20b9da080 database_cache.cc:90] Loading cameras...
I20260807 16:58:11.677854 0x20b9da080 database_cache.cc:108]  87 in 0.000s
I20260807 16:58:11.677858 0x20b9da080 database_cache.cc:116] Loading frames...
I20260807 16:58:11.677865 0x20b9da080 database_cache.cc:126]  0 in 0.000s
I20260807 16:58:11.677869 0x20b9da080 database_cache.cc:134] Loading matches...
I20260807 16:58:11.678540 0x20b9da080 database_cache.cc:139]  1002 in 0.001s
I20260807 16:58:11.678546 0x20b9da080 database_cache.cc:147] Loading images...
I20260807 16:58:11.684329 0x20b9da080 database_cache.cc:236]  87 in 0.006s (loaded all 87)
I20260807 16:58:11.684340 0x20b9da080 database_cache.cc:255] Loading pose priors...
I20260807 16:58:11.684347 0x20b9da080 database_cache.cc:263]  0 in 0.000s
I20260807 16:58:11.684351 0x20b9da080 database_cache.cc:271] Building correspondence graph...
I20260807 16:58:11.695349 0x20b9da080 database_cache.cc:300]  in 0.011s (ignored 0)
I20260807 16:58:11.700273 0x20b9da080 official_bundle_adjustment_ceres.cc:1434] [AETHER gravity] injected 2/2 roll/pitch anchors, sigma_rad=0.00872665
I20260807 16:58:11.700631 0x20b9da080 official_bundle_adjustment_ceres.cc:923] [AETHER] solver_used=DENSE_SCHUR sparse_backend=EIGEN_SPARSE dense_backend=EIGEN mixed=0 threads=1
I20260807 16:58:11.702264 0x20b9da080 official_bundle_adjustment_ceres.cc:1434] [AETHER gravity] injected 2/2 roll/pitch anchors, sigma_rad=0.00872665
I20260807 16:58:11.702412 0x20b9da080 official_bundle_adjustment_ceres.cc:923] [AETHER] solver_used=DENSE_SCHUR sparse_backend=EIGEN_SPARSE dense_backend=EIGEN mixed=0 threads=1
I20260807 16:58:11.867513 0x20b9da080 database_cache.cc:72] Loading rigs...
I20260807 16:58:11.867527 0x20b9da080 database_cache.cc:82]  0 in 0.000s
I20260807 16:58:11.867532 0x20b9da080 database_cache.cc:90] Loading cameras...
I20260807 16:58:11.867557 0x20b9da080 database_cache.cc:108]  88 in 0.000s
I20260807 16:58:11.867561 0x20b9da080 database_cache.cc:116] Loading frames...
I20260807 16:58:11.867567 0x20b9da080 database_cache.cc:126]  0 in 0.000s
I20260807 16:58:11.867570 0x20b9da080 database_cache.cc:134] Loading matches...
I20260807 16:58:11.868240 0x20b9da080 database_cache.cc:139]  1016 in 0.001s
I20260807 16:58:11.868247 0x20b9da080 database_cache.cc:147] Loading images...
I20260807 16:58:11.874106 0x20b9da080 database_cache.cc:236]  88 in 0.006s (loaded all 88)
I20260807 16:58:11.874118 0x20b9da080 database_cache.cc:255] Loading pose priors...
I20260807 16:58:11.874125 0x20b9da080 database_cache.cc:263]  0 in 0.000s
I20260807 16:58:11.874129 0x20b9da080 database_cache.cc:271] Building correspondence graph...
I20260807 16:58:11.885150 0x20b9da080 database_cache.cc:300]  in 0.011s (ignored 0)
I20260807 16:58:12.078502 0x20b9da080 database_cache.cc:72] Loading rigs...
I20260807 16:58:12.078518 0x20b9da080 database_cache.cc:82]  0 in 0.000s
I20260807 16:58:12.078524 0x20b9da080 database_cache.cc:90] Loading cameras...
I20260807 16:58:12.078550 0x20b9da080 database_cache.cc:108]  89 in 0.000s
I20260807 16:58:12.078554 0x20b9da080 database_cache.cc:116] Loading frames...
I20260807 16:58:12.078560 0x20b9da080 database_cache.cc:126]  0 in 0.000s
I20260807 16:58:12.078564 0x20b9da080 database_cache.cc:134] Loading matches...
I20260807 16:58:12.079213 0x20b9da080 database_cache.cc:139]  1033 in 0.001s
I20260807 16:58:12.079218 0x20b9da080 database_cache.cc:147] Loading images...
I20260807 16:58:12.085144 0x20b9da080 database_cache.cc:236]  89 in 0.006s (loaded all 89)
I20260807 16:58:12.085157 0x20b9da080 database_cache.cc:255] Loading pose priors...
I20260807 16:58:12.085165 0x20b9da080 database_cache.cc:263]  0 in 0.000s
I20260807 16:58:12.085170 0x20b9da080 database_cache.cc:271] Building correspondence graph...
I20260807 16:58:12.096407 0x20b9da080 database_cache.cc:300]  in 0.011s (ignored 0)
I20260807 16:58:12.347280 0x20b9da080 database_cache.cc:72] Loading rigs...
I20260807 16:58:12.347298 0x20b9da080 database_cache.cc:82]  0 in 0.000s
I20260807 16:58:12.347304 0x20b9da080 database_cache.cc:90] Loading cameras...
I20260807 16:58:12.347330 0x20b9da080 database_cache.cc:108]  90 in 0.000s
I20260807 16:58:12.347335 0x20b9da080 database_cache.cc:116] Loading frames...
I20260807 16:58:12.347342 0x20b9da080 database_cache.cc:126]  0 in 0.000s
I20260807 16:58:12.347346 0x20b9da080 database_cache.cc:134] Loading matches...
I20260807 16:58:12.348045 0x20b9da080 database_cache.cc:139]  1052 in 0.001s
I20260807 16:58:12.348050 0x20b9da080 database_cache.cc:147] Loading images...
I20260807 16:58:12.354292 0x20b9da080 database_cache.cc:236]  90 in 0.006s (loaded all 90)
I20260807 16:58:12.354847 0x20b9da080 database_cache.cc:255] Loading pose priors...
I20260807 16:58:12.354860 0x20b9da080 database_cache.cc:263]  0 in 0.000s
I20260807 16:58:12.354865 0x20b9da080 database_cache.cc:271] Building correspondence graph...
I20260807 16:58:12.366236 0x20b9da080 database_cache.cc:300]  in 0.011s (ignored 0)
I20260807 16:58:12.371282 0x20b9da080 official_bundle_adjustment_ceres.cc:1434] [AETHER gravity] injected 4/4 roll/pitch anchors, sigma_rad=0.00872665
I20260807 16:58:12.373237 0x20b9da080 official_bundle_adjustment_ceres.cc:923] [AETHER] solver_used=DENSE_SCHUR sparse_backend=EIGEN_SPARSE dense_backend=EIGEN mixed=0 threads=1
I20260807 16:58:12.376992 0x20b9da080 official_bundle_adjustment_ceres.cc:1434] [AETHER gravity] injected 4/4 roll/pitch anchors, sigma_rad=0.00872665
I20260807 16:58:12.379457 0x20b9da080 official_bundle_adjustment_ceres.cc:923] [AETHER] solver_used=DENSE_SCHUR sparse_backend=EIGEN_SPARSE dense_backend=EIGEN mixed=0 threads=1
I20260807 16:58:12.602874 0x20b9da080 database_cache.cc:72] Loading rigs...
I20260807 16:58:12.602887 0x20b9da080 database_cache.cc:82]  0 in 0.000s
I20260807 16:58:12.602892 0x20b9da080 database_cache.cc:90] Loading cameras...
I20260807 16:58:12.602918 0x20b9da080 database_cache.cc:108]  91 in 0.000s
I20260807 16:58:12.602922 0x20b9da080 database_cache.cc:116] Loading frames...
I20260807 16:58:12.602928 0x20b9da080 database_cache.cc:126]  0 in 0.000s
I20260807 16:58:12.602932 0x20b9da080 database_cache.cc:134] Loading matches...
I20260807 16:58:12.605101 0x20b9da080 database_cache.cc:139]  1071 in 0.002s
I20260807 16:58:12.605106 0x20b9da080 database_cache.cc:147] Loading images...
I20260807 16:58:12.611207 0x20b9da080 database_cache.cc:236]  91 in 0.006s (loaded all 91)
I20260807 16:58:12.611219 0x20b9da080 database_cache.cc:255] Loading pose priors...
I20260807 16:58:12.611227 0x20b9da080 database_cache.cc:263]  0 in 0.000s
I20260807 16:58:12.611230 0x20b9da080 database_cache.cc:271] Building correspondence graph...
I20260807 16:58:12.622744 0x20b9da080 database_cache.cc:300]  in 0.012s (ignored 0)
I20260807 16:58:12.627794 0x20b9da080 official_bundle_adjustment_ceres.cc:1434] [AETHER gravity] injected 3/3 roll/pitch anchors, sigma_rad=0.00872665
I20260807 16:58:12.628291 0x20b9da080 official_bundle_adjustment_ceres.cc:923] [AETHER] solver_used=DENSE_SCHUR sparse_backend=EIGEN_SPARSE dense_backend=EIGEN mixed=0 threads=1
I20260807 16:58:12.632166 0x20b9da080 official_bundle_adjustment_ceres.cc:1434] [AETHER gravity] injected 4/4 roll/pitch anchors, sigma_rad=0.00872665
I20260807 16:58:12.632809 0x20b9da080 official_bundle_adjustment_ceres.cc:923] [AETHER] solver_used=DENSE_SCHUR sparse_backend=EIGEN_SPARSE dense_backend=EIGEN mixed=0 threads=1
I20260807 16:58:12.848884 0x20b9da080 database_cache.cc:72] Loading rigs...
I20260807 16:58:12.848900 0x20b9da080 database_cache.cc:82]  0 in 0.000s
I20260807 16:58:12.848904 0x20b9da080 database_cache.cc:90] Loading cameras...
I20260807 16:58:12.848930 0x20b9da080 database_cache.cc:108]  92 in 0.000s
I20260807 16:58:12.848934 0x20b9da080 database_cache.cc:116] Loading frames...
I20260807 16:58:12.848940 0x20b9da080 database_cache.cc:126]  0 in 0.000s
I20260807 16:58:12.848944 0x20b9da080 database_cache.cc:134] Loading matches...
I20260807 16:58:12.849624 0x20b9da080 database_cache.cc:139]  1091 in 0.001s
I20260807 16:58:12.849629 0x20b9da080 database_cache.cc:147] Loading images...
I20260807 16:58:12.855784 0x20b9da080 database_cache.cc:236]  92 in 0.006s (loaded all 92)
I20260807 16:58:12.855799 0x20b9da080 database_cache.cc:255] Loading pose priors...
I20260807 16:58:12.855807 0x20b9da080 database_cache.cc:263]  0 in 0.000s
I20260807 16:58:12.855811 0x20b9da080 database_cache.cc:271] Building correspondence graph...
I20260807 16:58:12.867657 0x20b9da080 database_cache.cc:300]  in 0.012s (ignored 0)
I20260807 16:58:12.872873 0x20b9da080 official_bundle_adjustment_ceres.cc:1434] [AETHER gravity] injected 2/2 roll/pitch anchors, sigma_rad=0.00872665
I20260807 16:58:12.872970 0x20b9da080 official_bundle_adjustment_ceres.cc:923] [AETHER] solver_used=DENSE_SCHUR sparse_backend=EIGEN_SPARSE dense_backend=EIGEN mixed=0 threads=1
I20260807 16:58:12.876231 0x20b9da080 official_bundle_adjustment_ceres.cc:1434] [AETHER gravity] injected 2/2 roll/pitch anchors, sigma_rad=0.00872665
I20260807 16:58:12.876284 0x20b9da080 official_bundle_adjustment_ceres.cc:923] [AETHER] solver_used=DENSE_SCHUR sparse_backend=EIGEN_SPARSE dense_backend=EIGEN mixed=0 threads=1
I20260807 16:58:13.086018 0x20b9da080 database_cache.cc:72] Loading rigs...
I20260807 16:58:13.086029 0x20b9da080 database_cache.cc:82]  0 in 0.000s
I20260807 16:58:13.086034 0x20b9da080 database_cache.cc:90] Loading cameras...
I20260807 16:58:13.086058 0x20b9da080 database_cache.cc:108]  93 in 0.000s
I20260807 16:58:13.086062 0x20b9da080 database_cache.cc:116] Loading frames...
I20260807 16:58:13.086068 0x20b9da080 database_cache.cc:126]  0 in 0.000s
I20260807 16:58:13.086072 0x20b9da080 database_cache.cc:134] Loading matches...
I20260807 16:58:13.086791 0x20b9da080 database_cache.cc:139]  1111 in 0.001s
I20260807 16:58:13.086796 0x20b9da080 database_cache.cc:147] Loading images...
I20260807 16:58:13.093060 0x20b9da080 database_cache.cc:236]  93 in 0.006s (loaded all 93)
I20260807 16:58:13.093073 0x20b9da080 database_cache.cc:255] Loading pose priors...
I20260807 16:58:13.093080 0x20b9da080 database_cache.cc:263]  0 in 0.000s
I20260807 16:58:13.093084 0x20b9da080 database_cache.cc:271] Building correspondence graph...
I20260807 16:58:13.105024 0x20b9da080 database_cache.cc:300]  in 0.012s (ignored 0)
I20260807 16:58:13.326453 0x20b9da080 database_cache.cc:72] Loading rigs...
I20260807 16:58:13.326470 0x20b9da080 database_cache.cc:82]  0 in 0.000s
I20260807 16:58:13.326476 0x20b9da080 database_cache.cc:90] Loading cameras...
I20260807 16:58:13.326501 0x20b9da080 database_cache.cc:108]  94 in 0.000s
I20260807 16:58:13.326505 0x20b9da080 database_cache.cc:116] Loading frames...
I20260807 16:58:13.326511 0x20b9da080 database_cache.cc:126]  0 in 0.000s
I20260807 16:58:13.326514 0x20b9da080 database_cache.cc:134] Loading matches...
I20260807 16:58:13.327213 0x20b9da080 database_cache.cc:139]  1132 in 0.001s
I20260807 16:58:13.327218 0x20b9da080 database_cache.cc:147] Loading images...
I20260807 16:58:13.333521 0x20b9da080 database_cache.cc:236]  94 in 0.006s (loaded all 94)
I20260807 16:58:13.333535 0x20b9da080 database_cache.cc:255] Loading pose priors...
I20260807 16:58:13.333543 0x20b9da080 database_cache.cc:263]  0 in 0.000s
I20260807 16:58:13.333547 0x20b9da080 database_cache.cc:271] Building correspondence graph...
I20260807 16:58:13.345617 0x20b9da080 database_cache.cc:300]  in 0.012s (ignored 0)
I20260807 16:58:13.586727 0x20b9da080 database_cache.cc:72] Loading rigs...
I20260807 16:58:13.586742 0x20b9da080 database_cache.cc:82]  0 in 0.000s
I20260807 16:58:13.586748 0x20b9da080 database_cache.cc:90] Loading cameras...
I20260807 16:58:13.586776 0x20b9da080 database_cache.cc:108]  95 in 0.000s
I20260807 16:58:13.586780 0x20b9da080 database_cache.cc:116] Loading frames...
I20260807 16:58:13.586787 0x20b9da080 database_cache.cc:126]  0 in 0.000s
I20260807 16:58:13.586790 0x20b9da080 database_cache.cc:134] Loading matches...
I20260807 16:58:13.587524 0x20b9da080 database_cache.cc:139]  1154 in 0.001s
I20260807 16:58:13.587529 0x20b9da080 database_cache.cc:147] Loading images...
I20260807 16:58:13.593936 0x20b9da080 database_cache.cc:236]  95 in 0.006s (loaded all 95)
I20260807 16:58:13.593949 0x20b9da080 database_cache.cc:255] Loading pose priors...
I20260807 16:58:13.593957 0x20b9da080 database_cache.cc:263]  0 in 0.000s
I20260807 16:58:13.593961 0x20b9da080 database_cache.cc:271] Building correspondence graph...
I20260807 16:58:13.606128 0x20b9da080 database_cache.cc:300]  in 0.012s (ignored 0)
I20260807 16:58:13.611466 0x20b9da080 official_bundle_adjustment_ceres.cc:1434] [AETHER gravity] injected 2/2 roll/pitch anchors, sigma_rad=0.00872665
I20260807 16:58:13.612262 0x20b9da080 official_bundle_adjustment_ceres.cc:923] [AETHER] solver_used=DENSE_SCHUR sparse_backend=EIGEN_SPARSE dense_backend=EIGEN mixed=0 threads=1
I20260807 16:58:13.614746 0x20b9da080 official_bundle_adjustment_ceres.cc:1434] [AETHER gravity] injected 2/2 roll/pitch anchors, sigma_rad=0.00872665
I20260807 16:58:13.615742 0x20b9da080 official_bundle_adjustment_ceres.cc:923] [AETHER] solver_used=DENSE_SCHUR sparse_backend=EIGEN_SPARSE dense_backend=EIGEN mixed=0 threads=1
I20260807 16:58:13.919271 0x20b9da080 database_cache.cc:72] Loading rigs...
I20260807 16:58:13.919290 0x20b9da080 database_cache.cc:82]  0 in 0.000s
I20260807 16:58:13.919296 0x20b9da080 database_cache.cc:90] Loading cameras...
I20260807 16:58:13.919326 0x20b9da080 database_cache.cc:108]  96 in 0.000s
I20260807 16:58:13.919331 0x20b9da080 database_cache.cc:116] Loading frames...
I20260807 16:58:13.919337 0x20b9da080 database_cache.cc:126]  0 in 0.000s
I20260807 16:58:13.919341 0x20b9da080 database_cache.cc:134] Loading matches...
I20260807 16:58:13.920126 0x20b9da080 database_cache.cc:139]  1176 in 0.001s
I20260807 16:58:13.920131 0x20b9da080 database_cache.cc:147] Loading images...
I20260807 16:58:13.926636 0x20b9da080 database_cache.cc:236]  96 in 0.007s (loaded all 96)
I20260807 16:58:13.926651 0x20b9da080 database_cache.cc:255] Loading pose priors...
I20260807 16:58:13.926659 0x20b9da080 database_cache.cc:263]  0 in 0.000s
I20260807 16:58:13.926663 0x20b9da080 database_cache.cc:271] Building correspondence graph...
I20260807 16:58:13.938916 0x20b9da080 database_cache.cc:300]  in 0.012s (ignored 0)
I20260807 16:58:13.944413 0x20b9da080 official_bundle_adjustment_ceres.cc:1434] [AETHER gravity] injected 6/6 roll/pitch anchors, sigma_rad=0.00872665
I20260807 16:58:13.945892 0x20b9da080 official_bundle_adjustment_ceres.cc:923] [AETHER] solver_used=DENSE_SCHUR sparse_backend=EIGEN_SPARSE dense_backend=EIGEN mixed=0 threads=1
I20260807 16:58:13.949583 0x20b9da080 official_bundle_adjustment_ceres.cc:1434] [AETHER gravity] injected 5/5 roll/pitch anchors, sigma_rad=0.00872665
I20260807 16:58:13.950475 0x20b9da080 official_bundle_adjustment_ceres.cc:923] [AETHER] solver_used=DENSE_SCHUR sparse_backend=EIGEN_SPARSE dense_backend=EIGEN mixed=0 threads=1
I20260807 16:58:14.277014 0x20b9da080 database_cache.cc:72] Loading rigs...
I20260807 16:58:14.277028 0x20b9da080 database_cache.cc:82]  0 in 0.000s
I20260807 16:58:14.277033 0x20b9da080 database_cache.cc:90] Loading cameras...
I20260807 16:58:14.277060 0x20b9da080 database_cache.cc:108]  97 in 0.000s
I20260807 16:58:14.277064 0x20b9da080 database_cache.cc:116] Loading frames...
I20260807 16:58:14.277070 0x20b9da080 database_cache.cc:126]  0 in 0.000s
I20260807 16:58:14.277074 0x20b9da080 database_cache.cc:134] Loading matches...
I20260807 16:58:14.277858 0x20b9da080 database_cache.cc:139]  1198 in 0.001s
I20260807 16:58:14.277863 0x20b9da080 database_cache.cc:147] Loading images...
I20260807 16:58:14.284497 0x20b9da080 database_cache.cc:236]  97 in 0.007s (loaded all 97)
I20260807 16:58:14.284510 0x20b9da080 database_cache.cc:255] Loading pose priors...
I20260807 16:58:14.284518 0x20b9da080 database_cache.cc:263]  0 in 0.000s
I20260807 16:58:14.284522 0x20b9da080 database_cache.cc:271] Building correspondence graph...
I20260807 16:58:14.297445 0x20b9da080 database_cache.cc:300]  in 0.013s (ignored 0)
I20260807 16:58:14.302910 0x20b9da080 official_bundle_adjustment_ceres.cc:1434] [AETHER gravity] injected 2/2 roll/pitch anchors, sigma_rad=0.00872665
I20260807 16:58:14.303133 0x20b9da080 official_bundle_adjustment_ceres.cc:923] [AETHER] solver_used=DENSE_SCHUR sparse_backend=EIGEN_SPARSE dense_backend=EIGEN mixed=0 threads=1
I20260807 16:58:14.307706 0x20b9da080 official_bundle_adjustment_ceres.cc:1434] [AETHER gravity] injected 5/5 roll/pitch anchors, sigma_rad=0.00872665
I20260807 16:58:14.308233 0x20b9da080 official_bundle_adjustment_ceres.cc:923] [AETHER] solver_used=DENSE_SCHUR sparse_backend=EIGEN_SPARSE dense_backend=EIGEN mixed=0 threads=1
I20260807 16:58:14.635430 0x20b9da080 database_cache.cc:72] Loading rigs...
I20260807 16:58:14.635567 0x20b9da080 database_cache.cc:82]  0 in 0.000s
I20260807 16:58:14.635574 0x20b9da080 database_cache.cc:90] Loading cameras...
I20260807 16:58:14.635601 0x20b9da080 database_cache.cc:108]  98 in 0.000s
I20260807 16:58:14.635609 0x20b9da080 database_cache.cc:116] Loading frames...
I20260807 16:58:14.635617 0x20b9da080 database_cache.cc:126]  0 in 0.000s
I20260807 16:58:14.635621 0x20b9da080 database_cache.cc:134] Loading matches...
I20260807 16:58:14.640836 0x20b9da080 database_cache.cc:139]  1220 in 0.005s
I20260807 16:58:14.640846 0x20b9da080 database_cache.cc:147] Loading images...
I20260807 16:58:14.650271 0x20b9da080 database_cache.cc:236]  98 in 0.009s (loaded all 98)
I20260807 16:58:14.650286 0x20b9da080 database_cache.cc:255] Loading pose priors...
I20260807 16:58:14.650294 0x20b9da080 database_cache.cc:263]  0 in 0.000s
I20260807 16:58:14.650298 0x20b9da080 database_cache.cc:271] Building correspondence graph...
I20260807 16:58:14.663837 0x20b9da080 database_cache.cc:300]  in 0.014s (ignored 0)
I20260807 16:58:14.670055 0x20b9da080 official_bundle_adjustment_ceres.cc:1434] [AETHER gravity] injected 3/3 roll/pitch anchors, sigma_rad=0.00872665
I20260807 16:58:14.670322 0x20b9da080 official_bundle_adjustment_ceres.cc:923] [AETHER] solver_used=DENSE_SCHUR sparse_backend=EIGEN_SPARSE dense_backend=EIGEN mixed=0 threads=1
I20260807 16:58:14.676774 0x20b9da080 official_bundle_adjustment_ceres.cc:1434] [AETHER gravity] injected 5/5 roll/pitch anchors, sigma_rad=0.00872665
I20260807 16:58:14.677547 0x20b9da080 official_bundle_adjustment_ceres.cc:923] [AETHER] solver_used=DENSE_SCHUR sparse_backend=EIGEN_SPARSE dense_backend=EIGEN mixed=0 threads=1
I20260807 16:58:14.991974 0x20b9da080 database_cache.cc:72] Loading rigs...
I20260807 16:58:14.991992 0x20b9da080 database_cache.cc:82]  0 in 0.000s
I20260807 16:58:14.991998 0x20b9da080 database_cache.cc:90] Loading cameras...
I20260807 16:58:14.992033 0x20b9da080 database_cache.cc:108]  99 in 0.000s
I20260807 16:58:14.992037 0x20b9da080 database_cache.cc:116] Loading frames...
I20260807 16:58:14.992042 0x20b9da080 database_cache.cc:126]  0 in 0.000s
I20260807 16:58:14.992045 0x20b9da080 database_cache.cc:134] Loading matches...
I20260807 16:58:14.992829 0x20b9da080 database_cache.cc:139]  1241 in 0.001s
I20260807 16:58:14.992835 0x20b9da080 database_cache.cc:147] Loading images...
I20260807 16:58:14.999542 0x20b9da080 database_cache.cc:236]  99 in 0.007s (loaded all 99)
I20260807 16:58:14.999555 0x20b9da080 database_cache.cc:255] Loading pose priors...
I20260807 16:58:14.999563 0x20b9da080 database_cache.cc:263]  0 in 0.000s
I20260807 16:58:14.999567 0x20b9da080 database_cache.cc:271] Building correspondence graph...
I20260807 16:58:15.012598 0x20b9da080 database_cache.cc:300]  in 0.013s (ignored 0)
W20260807 16:58:15.018230 0x20b9da080 official_bundle_adjustment_ceres.cc:616] Failed to fix Gauge due to insufficient number of fixed points: 2
I20260807 16:58:15.018242 0x20b9da080 official_bundle_adjustment_ceres.cc:1434] [AETHER gravity] injected 2/2 roll/pitch anchors, sigma_rad=0.00872665
I20260807 16:58:15.018418 0x20b9da080 official_bundle_adjustment_ceres.cc:923] [AETHER] solver_used=DENSE_SCHUR sparse_backend=EIGEN_SPARSE dense_backend=EIGEN mixed=0 threads=1
I20260807 16:58:15.023729 0x20b9da080 official_bundle_adjustment_ceres.cc:1434] [AETHER gravity] injected 4/4 roll/pitch anchors, sigma_rad=0.00872665
I20260807 16:58:15.024475 0x20b9da080 official_bundle_adjustment_ceres.cc:923] [AETHER] solver_used=DENSE_SCHUR sparse_backend=EIGEN_SPARSE dense_backend=EIGEN mixed=0 threads=1
I20260807 16:58:15.448389 0x20b9da080 database_cache.cc:72] Loading rigs...
I20260807 16:58:15.448403 0x20b9da080 database_cache.cc:82]  0 in 0.000s
I20260807 16:58:15.448407 0x20b9da080 database_cache.cc:90] Loading cameras...
I20260807 16:58:15.448434 0x20b9da080 database_cache.cc:108]  100 in 0.000s
I20260807 16:58:15.448438 0x20b9da080 database_cache.cc:116] Loading frames...
I20260807 16:58:15.448443 0x20b9da080 database_cache.cc:126]  0 in 0.000s
I20260807 16:58:15.448446 0x20b9da080 database_cache.cc:134] Loading matches...
I20260807 16:58:15.451420 0x20b9da080 database_cache.cc:139]  1264 in 0.003s
I20260807 16:58:15.451424 0x20b9da080 database_cache.cc:147] Loading images...
I20260807 16:58:15.458289 0x20b9da080 database_cache.cc:236]  100 in 0.007s (loaded all 100)
I20260807 16:58:15.458300 0x20b9da080 database_cache.cc:255] Loading pose priors...
I20260807 16:58:15.458307 0x20b9da080 database_cache.cc:263]  0 in 0.000s
I20260807 16:58:15.458310 0x20b9da080 database_cache.cc:271] Building correspondence graph...
I20260807 16:58:15.471676 0x20b9da080 database_cache.cc:300]  in 0.013s (ignored 0)
I20260807 16:58:15.477396 0x20b9da080 official_bundle_adjustment_ceres.cc:1434] [AETHER gravity] injected 2/2 roll/pitch anchors, sigma_rad=0.00872665
I20260807 16:58:15.477725 0x20b9da080 official_bundle_adjustment_ceres.cc:923] [AETHER] solver_used=DENSE_SCHUR sparse_backend=EIGEN_SPARSE dense_backend=EIGEN mixed=0 threads=1
I20260807 16:58:15.483286 0x20b9da080 official_bundle_adjustment_ceres.cc:1434] [AETHER gravity] injected 3/3 roll/pitch anchors, sigma_rad=0.00872665
I20260807 16:58:15.484750 0x20b9da080 official_bundle_adjustment_ceres.cc:923] [AETHER] solver_used=DENSE_SCHUR sparse_backend=EIGEN_SPARSE dense_backend=EIGEN mixed=0 threads=1
  fed 100/201 frames (last n_kp=8192)
I20260807 16:58:15.772110 0x20b9da080 database_cache.cc:72] Loading rigs...
I20260807 16:58:15.772127 0x20b9da080 database_cache.cc:82]  0 in 0.000s
I20260807 16:58:15.772133 0x20b9da080 database_cache.cc:90] Loading cameras...
I20260807 16:58:15.772161 0x20b9da080 database_cache.cc:108]  101 in 0.000s
I20260807 16:58:15.772164 0x20b9da080 database_cache.cc:116] Loading frames...
I20260807 16:58:15.772170 0x20b9da080 database_cache.cc:126]  0 in 0.000s
I20260807 16:58:15.772174 0x20b9da080 database_cache.cc:134] Loading matches...
I20260807 16:58:15.773041 0x20b9da080 database_cache.cc:139]  1281 in 0.001s
I20260807 16:58:15.773046 0x20b9da080 database_cache.cc:147] Loading images...
I20260807 16:58:15.779889 0x20b9da080 database_cache.cc:236]  101 in 0.007s (loaded all 101)
I20260807 16:58:15.779902 0x20b9da080 database_cache.cc:255] Loading pose priors...
I20260807 16:58:15.779910 0x20b9da080 database_cache.cc:263]  0 in 0.000s
I20260807 16:58:15.779914 0x20b9da080 database_cache.cc:271] Building correspondence graph...
I20260807 16:58:15.793500 0x20b9da080 database_cache.cc:300]  in 0.014s (ignored 0)
I20260807 16:58:15.799505 0x20b9da080 official_bundle_adjustment_ceres.cc:1434] [AETHER gravity] injected 5/5 roll/pitch anchors, sigma_rad=0.00872665
I20260807 16:58:15.805984 0x20b9da080 official_bundle_adjustment_ceres.cc:923] [AETHER] solver_used=DENSE_SCHUR sparse_backend=EIGEN_SPARSE dense_backend=EIGEN mixed=0 threads=1
I20260807 16:58:15.809858 0x20b9da080 official_bundle_adjustment_ceres.cc:1434] [AETHER gravity] injected 6/6 roll/pitch anchors, sigma_rad=0.00872665
I20260807 16:58:15.815026 0x20b9da080 official_bundle_adjustment_ceres.cc:923] [AETHER] solver_used=DENSE_SCHUR sparse_backend=EIGEN_SPARSE dense_backend=EIGEN mixed=0 threads=1
I20260807 16:58:16.101605 0x20b9da080 database_cache.cc:72] Loading rigs...
I20260807 16:58:16.101620 0x20b9da080 database_cache.cc:82]  0 in 0.000s
I20260807 16:58:16.101625 0x20b9da080 database_cache.cc:90] Loading cameras...
I20260807 16:58:16.101654 0x20b9da080 database_cache.cc:108]  102 in 0.000s
I20260807 16:58:16.101658 0x20b9da080 database_cache.cc:116] Loading frames...
I20260807 16:58:16.101663 0x20b9da080 database_cache.cc:126]  0 in 0.000s
I20260807 16:58:16.101666 0x20b9da080 database_cache.cc:134] Loading matches...
I20260807 16:58:16.102507 0x20b9da080 database_cache.cc:139]  1298 in 0.001s
I20260807 16:58:16.102511 0x20b9da080 database_cache.cc:147] Loading images...
I20260807 16:58:16.109401 0x20b9da080 database_cache.cc:236]  102 in 0.007s (loaded all 102)
I20260807 16:58:16.109412 0x20b9da080 database_cache.cc:255] Loading pose priors...
I20260807 16:58:16.109419 0x20b9da080 database_cache.cc:263]  0 in 0.000s
I20260807 16:58:16.109423 0x20b9da080 database_cache.cc:271] Building correspondence graph...
I20260807 16:58:16.123212 0x20b9da080 database_cache.cc:300]  in 0.014s (ignored 0)
I20260807 16:58:16.129119 0x20b9da080 official_bundle_adjustment_ceres.cc:1434] [AETHER gravity] injected 2/2 roll/pitch anchors, sigma_rad=0.00872665
I20260807 16:58:16.129289 0x20b9da080 official_bundle_adjustment_ceres.cc:923] [AETHER] solver_used=DENSE_SCHUR sparse_backend=EIGEN_SPARSE dense_backend=EIGEN mixed=0 threads=1
I20260807 16:58:16.133326 0x20b9da080 official_bundle_adjustment_ceres.cc:1434] [AETHER gravity] injected 3/3 roll/pitch anchors, sigma_rad=0.00872665
I20260807 16:58:16.133528 0x20b9da080 official_bundle_adjustment_ceres.cc:923] [AETHER] solver_used=DENSE_SCHUR sparse_backend=EIGEN_SPARSE dense_backend=EIGEN mixed=0 threads=1
I20260807 16:58:16.391591 0x20b9da080 database_cache.cc:72] Loading rigs...
I20260807 16:58:16.391604 0x20b9da080 database_cache.cc:82]  0 in 0.000s
I20260807 16:58:16.391608 0x20b9da080 database_cache.cc:90] Loading cameras...
I20260807 16:58:16.391636 0x20b9da080 database_cache.cc:108]  103 in 0.000s
I20260807 16:58:16.391640 0x20b9da080 database_cache.cc:116] Loading frames...
I20260807 16:58:16.391645 0x20b9da080 database_cache.cc:126]  0 in 0.000s
I20260807 16:58:16.391648 0x20b9da080 database_cache.cc:134] Loading matches...
I20260807 16:58:16.392493 0x20b9da080 database_cache.cc:139]  1317 in 0.001s
I20260807 16:58:16.392497 0x20b9da080 database_cache.cc:147] Loading images...
I20260807 16:58:16.399344 0x20b9da080 database_cache.cc:236]  103 in 0.007s (loaded all 103)
I20260807 16:58:16.399356 0x20b9da080 database_cache.cc:255] Loading pose priors...
I20260807 16:58:16.399363 0x20b9da080 database_cache.cc:263]  0 in 0.000s
I20260807 16:58:16.399366 0x20b9da080 database_cache.cc:271] Building correspondence graph...
I20260807 16:58:16.413320 0x20b9da080 database_cache.cc:300]  in 0.014s (ignored 0)
I20260807 16:58:16.419406 0x20b9da080 official_bundle_adjustment_ceres.cc:1434] [AETHER gravity] injected 4/4 roll/pitch anchors, sigma_rad=0.00872665
I20260807 16:58:16.420349 0x20b9da080 official_bundle_adjustment_ceres.cc:923] [AETHER] solver_used=DENSE_SCHUR sparse_backend=EIGEN_SPARSE dense_backend=EIGEN mixed=0 threads=1
I20260807 16:58:16.424277 0x20b9da080 official_bundle_adjustment_ceres.cc:1434] [AETHER gravity] injected 4/4 roll/pitch anchors, sigma_rad=0.00872665
I20260807 16:58:16.425872 0x20b9da080 official_bundle_adjustment_ceres.cc:923] [AETHER] solver_used=DENSE_SCHUR sparse_backend=EIGEN_SPARSE dense_backend=EIGEN mixed=0 threads=1
I20260807 16:58:16.721743 0x20b9da080 database_cache.cc:72] Loading rigs...
I20260807 16:58:16.721756 0x20b9da080 database_cache.cc:82]  0 in 0.000s
I20260807 16:58:16.721760 0x20b9da080 database_cache.cc:90] Loading cameras...
I20260807 16:58:16.721789 0x20b9da080 database_cache.cc:108]  104 in 0.000s
I20260807 16:58:16.721793 0x20b9da080 database_cache.cc:116] Loading frames...
I20260807 16:58:16.721799 0x20b9da080 database_cache.cc:126]  0 in 0.000s
I20260807 16:58:16.721802 0x20b9da080 database_cache.cc:134] Loading matches...
I20260807 16:58:16.722669 0x20b9da080 database_cache.cc:139]  1337 in 0.001s
I20260807 16:58:16.722673 0x20b9da080 database_cache.cc:147] Loading images...
I20260807 16:58:16.730770 0x20b9da080 database_cache.cc:236]  104 in 0.008s (loaded all 104)
I20260807 16:58:16.730790 0x20b9da080 database_cache.cc:255] Loading pose priors...
I20260807 16:58:16.730798 0x20b9da080 database_cache.cc:263]  0 in 0.000s
I20260807 16:58:16.730803 0x20b9da080 database_cache.cc:271] Building correspondence graph...
I20260807 16:58:16.745192 0x20b9da080 database_cache.cc:300]  in 0.014s (ignored 0)
I20260807 16:58:16.751423 0x20b9da080 official_bundle_adjustment_ceres.cc:1434] [AETHER gravity] injected 3/3 roll/pitch anchors, sigma_rad=0.00872665
I20260807 16:58:16.751857 0x20b9da080 official_bundle_adjustment_ceres.cc:923] [AETHER] solver_used=DENSE_SCHUR sparse_backend=EIGEN_SPARSE dense_backend=EIGEN mixed=0 threads=1
I20260807 16:58:16.757001 0x20b9da080 official_bundle_adjustment_ceres.cc:1434] [AETHER gravity] injected 3/3 roll/pitch anchors, sigma_rad=0.00872665
I20260807 16:58:16.757307 0x20b9da080 official_bundle_adjustment_ceres.cc:923] [AETHER] solver_used=DENSE_SCHUR sparse_backend=EIGEN_SPARSE dense_backend=EIGEN mixed=0 threads=1
I20260807 16:58:17.061792 0x20b9da080 database_cache.cc:72] Loading rigs...
I20260807 16:58:17.061808 0x20b9da080 database_cache.cc:82]  0 in 0.000s
I20260807 16:58:17.061814 0x20b9da080 database_cache.cc:90] Loading cameras...
I20260807 16:58:17.061842 0x20b9da080 database_cache.cc:108]  105 in 0.000s
I20260807 16:58:17.061846 0x20b9da080 database_cache.cc:116] Loading frames...
I20260807 16:58:17.061852 0x20b9da080 database_cache.cc:126]  0 in 0.000s
I20260807 16:58:17.061856 0x20b9da080 database_cache.cc:134] Loading matches...
I20260807 16:58:17.063066 0x20b9da080 database_cache.cc:139]  1357 in 0.001s
I20260807 16:58:17.063075 0x20b9da080 database_cache.cc:147] Loading images...
I20260807 16:58:17.069987 0x20b9da080 database_cache.cc:236]  105 in 0.007s (loaded all 105)
I20260807 16:58:17.070010 0x20b9da080 database_cache.cc:255] Loading pose priors...
I20260807 16:58:17.070020 0x20b9da080 database_cache.cc:263]  0 in 0.000s
I20260807 16:58:17.070025 0x20b9da080 database_cache.cc:271] Building correspondence graph...
I20260807 16:58:17.084694 0x20b9da080 database_cache.cc:300]  in 0.015s (ignored 0)
I20260807 16:58:17.090863 0x20b9da080 official_bundle_adjustment_ceres.cc:1434] [AETHER gravity] injected 2/2 roll/pitch anchors, sigma_rad=0.00872665
I20260807 16:58:17.091009 0x20b9da080 official_bundle_adjustment_ceres.cc:923] [AETHER] solver_used=DENSE_SCHUR sparse_backend=EIGEN_SPARSE dense_backend=EIGEN mixed=0 threads=1
I20260807 16:58:17.406102 0x20b9da080 database_cache.cc:72] Loading rigs...
I20260807 16:58:17.406116 0x20b9da080 database_cache.cc:82]  0 in 0.000s
I20260807 16:58:17.406121 0x20b9da080 database_cache.cc:90] Loading cameras...
I20260807 16:58:17.406151 0x20b9da080 database_cache.cc:108]  106 in 0.000s
I20260807 16:58:17.406155 0x20b9da080 database_cache.cc:116] Loading frames...
I20260807 16:58:17.406161 0x20b9da080 database_cache.cc:126]  0 in 0.000s
I20260807 16:58:17.406165 0x20b9da080 database_cache.cc:134] Loading matches...
I20260807 16:58:17.408200 0x20b9da080 database_cache.cc:139]  1379 in 0.002s
I20260807 16:58:17.408207 0x20b9da080 database_cache.cc:147] Loading images...
I20260807 16:58:17.415257 0x20b9da080 database_cache.cc:236]  106 in 0.007s (loaded all 106)
I20260807 16:58:17.415272 0x20b9da080 database_cache.cc:255] Loading pose priors...
I20260807 16:58:17.415282 0x20b9da080 database_cache.cc:263]  0 in 0.000s
I20260807 16:58:17.415287 0x20b9da080 database_cache.cc:271] Building correspondence graph...
I20260807 16:58:17.430256 0x20b9da080 database_cache.cc:300]  in 0.015s (ignored 0)
I20260807 16:58:17.436577 0x20b9da080 official_bundle_adjustment_ceres.cc:1434] [AETHER gravity] injected 3/3 roll/pitch anchors, sigma_rad=0.00872665
I20260807 16:58:17.437744 0x20b9da080 official_bundle_adjustment_ceres.cc:923] [AETHER] solver_used=DENSE_SCHUR sparse_backend=EIGEN_SPARSE dense_backend=EIGEN mixed=0 threads=1
I20260807 16:58:17.444846 0x20b9da080 official_bundle_adjustment_ceres.cc:1434] [AETHER gravity] injected 4/4 roll/pitch anchors, sigma_rad=0.00872665
I20260807 16:58:17.446570 0x20b9da080 official_bundle_adjustment_ceres.cc:923] [AETHER] solver_used=DENSE_SCHUR sparse_backend=EIGEN_SPARSE dense_backend=EIGEN mixed=0 threads=1
I20260807 16:58:17.761540 0x20b9da080 database_cache.cc:72] Loading rigs...
I20260807 16:58:17.761560 0x20b9da080 database_cache.cc:82]  0 in 0.000s
I20260807 16:58:17.761566 0x20b9da080 database_cache.cc:90] Loading cameras...
I20260807 16:58:17.761598 0x20b9da080 database_cache.cc:108]  107 in 0.000s
I20260807 16:58:17.761602 0x20b9da080 database_cache.cc:116] Loading frames...
I20260807 16:58:17.761609 0x20b9da080 database_cache.cc:126]  0 in 0.000s
I20260807 16:58:17.761613 0x20b9da080 database_cache.cc:134] Loading matches...
I20260807 16:58:17.762549 0x20b9da080 database_cache.cc:139]  1401 in 0.001s
I20260807 16:58:17.762554 0x20b9da080 database_cache.cc:147] Loading images...
I20260807 16:58:17.770263 0x20b9da080 database_cache.cc:236]  107 in 0.008s (loaded all 107)
I20260807 16:58:17.770275 0x20b9da080 database_cache.cc:255] Loading pose priors...
I20260807 16:58:17.770281 0x20b9da080 database_cache.cc:263]  0 in 0.000s
I20260807 16:58:17.770285 0x20b9da080 database_cache.cc:271] Building correspondence graph...
I20260807 16:58:17.785427 0x20b9da080 database_cache.cc:300]  in 0.015s (ignored 0)
I20260807 16:58:17.791936 0x20b9da080 official_bundle_adjustment_ceres.cc:1434] [AETHER gravity] injected 5/5 roll/pitch anchors, sigma_rad=0.00872665
I20260807 16:58:17.794861 0x20b9da080 official_bundle_adjustment_ceres.cc:923] [AETHER] solver_used=DENSE_SCHUR sparse_backend=EIGEN_SPARSE dense_backend=EIGEN mixed=0 threads=1
I20260807 16:58:17.802492 0x20b9da080 official_bundle_adjustment_ceres.cc:1434] [AETHER gravity] injected 4/4 roll/pitch anchors, sigma_rad=0.00872665
I20260807 16:58:17.804077 0x20b9da080 official_bundle_adjustment_ceres.cc:923] [AETHER] solver_used=DENSE_SCHUR sparse_backend=EIGEN_SPARSE dense_backend=EIGEN mixed=0 threads=1
I20260807 16:58:18.131143 0x20b9da080 database_cache.cc:72] Loading rigs...
I20260807 16:58:18.131162 0x20b9da080 database_cache.cc:82]  0 in 0.000s
I20260807 16:58:18.131168 0x20b9da080 database_cache.cc:90] Loading cameras...
I20260807 16:58:18.131197 0x20b9da080 database_cache.cc:108]  108 in 0.000s
I20260807 16:58:18.131202 0x20b9da080 database_cache.cc:116] Loading frames...
I20260807 16:58:18.131208 0x20b9da080 database_cache.cc:126]  0 in 0.000s
I20260807 16:58:18.131211 0x20b9da080 database_cache.cc:134] Loading matches...
I20260807 16:58:18.133142 0x20b9da080 database_cache.cc:139]  1423 in 0.002s
I20260807 16:58:18.133150 0x20b9da080 database_cache.cc:147] Loading images...
I20260807 16:58:18.140456 0x20b9da080 database_cache.cc:236]  108 in 0.007s (loaded all 108)
I20260807 16:58:18.140472 0x20b9da080 database_cache.cc:255] Loading pose priors...
I20260807 16:58:18.140480 0x20b9da080 database_cache.cc:263]  0 in 0.000s
I20260807 16:58:18.140485 0x20b9da080 database_cache.cc:271] Building correspondence graph...
I20260807 16:58:18.156131 0x20b9da080 database_cache.cc:300]  in 0.016s (ignored 0)
I20260807 16:58:18.162975 0x20b9da080 official_bundle_adjustment_ceres.cc:1434] [AETHER gravity] injected 6/6 roll/pitch anchors, sigma_rad=0.00872665
I20260807 16:58:18.164936 0x20b9da080 official_bundle_adjustment_ceres.cc:923] [AETHER] solver_used=DENSE_SCHUR sparse_backend=EIGEN_SPARSE dense_backend=EIGEN mixed=0 threads=1
I20260807 16:58:18.171722 0x20b9da080 official_bundle_adjustment_ceres.cc:1434] [AETHER gravity] injected 6/6 roll/pitch anchors, sigma_rad=0.00872665
I20260807 16:58:18.172296 0x20b9da080 official_bundle_adjustment_ceres.cc:923] [AETHER] solver_used=DENSE_SCHUR sparse_backend=EIGEN_SPARSE dense_backend=EIGEN mixed=0 threads=1
I20260807 16:58:18.505568 0x20b9da080 database_cache.cc:72] Loading rigs...
I20260807 16:58:18.505583 0x20b9da080 database_cache.cc:82]  0 in 0.000s
I20260807 16:58:18.505589 0x20b9da080 database_cache.cc:90] Loading cameras...
I20260807 16:58:18.505619 0x20b9da080 database_cache.cc:108]  109 in 0.000s
I20260807 16:58:18.505624 0x20b9da080 database_cache.cc:116] Loading frames...
I20260807 16:58:18.505630 0x20b9da080 database_cache.cc:126]  0 in 0.000s
I20260807 16:58:18.505633 0x20b9da080 database_cache.cc:134] Loading matches...
I20260807 16:58:18.507412 0x20b9da080 database_cache.cc:139]  1445 in 0.002s
I20260807 16:58:18.507417 0x20b9da080 database_cache.cc:147] Loading images...
I20260807 16:58:18.514789 0x20b9da080 database_cache.cc:236]  109 in 0.007s (loaded all 109)
I20260807 16:58:18.514801 0x20b9da080 database_cache.cc:255] Loading pose priors...
I20260807 16:58:18.514809 0x20b9da080 database_cache.cc:263]  0 in 0.000s
I20260807 16:58:18.514813 0x20b9da080 database_cache.cc:271] Building correspondence graph...
I20260807 16:58:18.530695 0x20b9da080 database_cache.cc:300]  in 0.016s (ignored 0)
I20260807 16:58:18.537333 0x20b9da080 official_bundle_adjustment_ceres.cc:1434] [AETHER gravity] injected 5/5 roll/pitch anchors, sigma_rad=0.00872665
I20260807 16:58:18.539028 0x20b9da080 official_bundle_adjustment_ceres.cc:923] [AETHER] solver_used=DENSE_SCHUR sparse_backend=EIGEN_SPARSE dense_backend=EIGEN mixed=0 threads=1
I20260807 16:58:18.547637 0x20b9da080 official_bundle_adjustment_ceres.cc:1434] [AETHER gravity] injected 6/6 roll/pitch anchors, sigma_rad=0.00872665
I20260807 16:58:18.548432 0x20b9da080 official_bundle_adjustment_ceres.cc:923] [AETHER] solver_used=DENSE_SCHUR sparse_backend=EIGEN_SPARSE dense_backend=EIGEN mixed=0 threads=1
I20260807 16:58:18.977369 0x20b9da080 database_cache.cc:72] Loading rigs...
I20260807 16:58:18.977387 0x20b9da080 database_cache.cc:82]  0 in 0.000s
I20260807 16:58:18.977393 0x20b9da080 database_cache.cc:90] Loading cameras...
I20260807 16:58:18.977424 0x20b9da080 database_cache.cc:108]  110 in 0.000s
I20260807 16:58:18.977428 0x20b9da080 database_cache.cc:116] Loading frames...
I20260807 16:58:18.977435 0x20b9da080 database_cache.cc:126]  0 in 0.000s
I20260807 16:58:18.977439 0x20b9da080 database_cache.cc:134] Loading matches...
I20260807 16:58:18.978602 0x20b9da080 database_cache.cc:139]  1469 in 0.001s
I20260807 16:58:18.978607 0x20b9da080 database_cache.cc:147] Loading images...
I20260807 16:58:18.986064 0x20b9da080 database_cache.cc:236]  110 in 0.007s (loaded all 110)
I20260807 16:58:18.986078 0x20b9da080 database_cache.cc:255] Loading pose priors...
I20260807 16:58:18.986090 0x20b9da080 database_cache.cc:263]  0 in 0.000s
I20260807 16:58:18.986095 0x20b9da080 database_cache.cc:271] Building correspondence graph...
I20260807 16:58:19.002209 0x20b9da080 database_cache.cc:300]  in 0.016s (ignored 0)
I20260807 16:58:19.009254 0x20b9da080 official_bundle_adjustment_ceres.cc:1434] [AETHER gravity] injected 5/5 roll/pitch anchors, sigma_rad=0.00872665
I20260807 16:58:19.010632 0x20b9da080 official_bundle_adjustment_ceres.cc:923] [AETHER] solver_used=DENSE_SCHUR sparse_backend=EIGEN_SPARSE dense_backend=EIGEN mixed=0 threads=1
I20260807 16:58:19.019970 0x20b9da080 official_bundle_adjustment_ceres.cc:1434] [AETHER gravity] injected 6/6 roll/pitch anchors, sigma_rad=0.00872665
I20260807 16:58:19.020739 0x20b9da080 official_bundle_adjustment_ceres.cc:923] [AETHER] solver_used=DENSE_SCHUR sparse_backend=EIGEN_SPARSE dense_backend=EIGEN mixed=0 threads=1
I20260807 16:58:19.389883 0x20b9da080 database_cache.cc:72] Loading rigs...
I20260807 16:58:19.389901 0x20b9da080 database_cache.cc:82]  0 in 0.000s
I20260807 16:58:19.389907 0x20b9da080 database_cache.cc:90] Loading cameras...
I20260807 16:58:19.389940 0x20b9da080 database_cache.cc:108]  111 in 0.000s
I20260807 16:58:19.389944 0x20b9da080 database_cache.cc:116] Loading frames...
I20260807 16:58:19.389951 0x20b9da080 database_cache.cc:126]  0 in 0.000s
I20260807 16:58:19.389955 0x20b9da080 database_cache.cc:134] Loading matches...
I20260807 16:58:19.390924 0x20b9da080 database_cache.cc:139]  1491 in 0.001s
I20260807 16:58:19.390929 0x20b9da080 database_cache.cc:147] Loading images...
I20260807 16:58:19.398342 0x20b9da080 database_cache.cc:236]  111 in 0.007s (loaded all 111)
I20260807 16:58:19.398356 0x20b9da080 database_cache.cc:255] Loading pose priors...
I20260807 16:58:19.398365 0x20b9da080 database_cache.cc:263]  0 in 0.000s
I20260807 16:58:19.398369 0x20b9da080 database_cache.cc:271] Building correspondence graph...
I20260807 16:58:19.414945 0x20b9da080 database_cache.cc:300]  in 0.017s (ignored 0)
I20260807 16:58:19.421949 0x20b9da080 official_bundle_adjustment_ceres.cc:1434] [AETHER gravity] injected 5/5 roll/pitch anchors, sigma_rad=0.00872665
I20260807 16:58:19.424287 0x20b9da080 official_bundle_adjustment_ceres.cc:923] [AETHER] solver_used=DENSE_SCHUR sparse_backend=EIGEN_SPARSE dense_backend=EIGEN mixed=0 threads=1
I20260807 16:58:19.434092 0x20b9da080 official_bundle_adjustment_ceres.cc:1434] [AETHER gravity] injected 6/6 roll/pitch anchors, sigma_rad=0.00872665
I20260807 16:58:19.436956 0x20b9da080 official_bundle_adjustment_ceres.cc:923] [AETHER] solver_used=DENSE_SCHUR sparse_backend=EIGEN_SPARSE dense_backend=EIGEN mixed=0 threads=1
I20260807 16:58:19.736386 0x20b9da080 database_cache.cc:72] Loading rigs...
I20260807 16:58:19.736404 0x20b9da080 database_cache.cc:82]  0 in 0.000s
I20260807 16:58:19.736410 0x20b9da080 database_cache.cc:90] Loading cameras...
I20260807 16:58:19.736443 0x20b9da080 database_cache.cc:108]  112 in 0.000s
I20260807 16:58:19.736448 0x20b9da080 database_cache.cc:116] Loading frames...
I20260807 16:58:19.736454 0x20b9da080 database_cache.cc:126]  0 in 0.000s
I20260807 16:58:19.736458 0x20b9da080 database_cache.cc:134] Loading matches...
I20260807 16:58:19.739056 0x20b9da080 database_cache.cc:139]  1513 in 0.003s
I20260807 16:58:19.739061 0x20b9da080 database_cache.cc:147] Loading images...
I20260807 16:58:19.746558 0x20b9da080 database_cache.cc:236]  112 in 0.007s (loaded all 112)
I20260807 16:58:19.746571 0x20b9da080 database_cache.cc:255] Loading pose priors...
I20260807 16:58:19.746580 0x20b9da080 database_cache.cc:263]  0 in 0.000s
I20260807 16:58:19.746585 0x20b9da080 database_cache.cc:271] Building correspondence graph...
I20260807 16:58:19.763376 0x20b9da080 database_cache.cc:300]  in 0.017s (ignored 0)
I20260807 16:58:19.770421 0x20b9da080 official_bundle_adjustment_ceres.cc:1434] [AETHER gravity] injected 2/2 roll/pitch anchors, sigma_rad=0.00872665
I20260807 16:58:19.770742 0x20b9da080 official_bundle_adjustment_ceres.cc:923] [AETHER] solver_used=DENSE_SCHUR sparse_backend=EIGEN_SPARSE dense_backend=EIGEN mixed=0 threads=1
I20260807 16:58:19.774504 0x20b9da080 official_bundle_adjustment_ceres.cc:1434] [AETHER gravity] injected 2/2 roll/pitch anchors, sigma_rad=0.00872665
I20260807 16:58:19.776263 0x20b9da080 official_bundle_adjustment_ceres.cc:923] [AETHER] solver_used=DENSE_SCHUR sparse_backend=EIGEN_SPARSE dense_backend=EIGEN mixed=0 threads=1
I20260807 16:58:20.027722 0x20b9da080 database_cache.cc:72] Loading rigs...
I20260807 16:58:20.027736 0x20b9da080 database_cache.cc:82]  0 in 0.000s
I20260807 16:58:20.027742 0x20b9da080 database_cache.cc:90] Loading cameras...
I20260807 16:58:20.027776 0x20b9da080 database_cache.cc:108]  113 in 0.000s
I20260807 16:58:20.027780 0x20b9da080 database_cache.cc:116] Loading frames...
I20260807 16:58:20.027787 0x20b9da080 database_cache.cc:126]  0 in 0.000s
I20260807 16:58:20.027790 0x20b9da080 database_cache.cc:134] Loading matches...
I20260807 16:58:20.029143 0x20b9da080 database_cache.cc:139]  1535 in 0.001s
I20260807 16:58:20.029148 0x20b9da080 database_cache.cc:147] Loading images...
I20260807 16:58:20.036802 0x20b9da080 database_cache.cc:236]  113 in 0.008s (loaded all 113)
I20260807 16:58:20.036815 0x20b9da080 database_cache.cc:255] Loading pose priors...
I20260807 16:58:20.036823 0x20b9da080 database_cache.cc:263]  0 in 0.000s
I20260807 16:58:20.036827 0x20b9da080 database_cache.cc:271] Building correspondence graph...
I20260807 16:58:20.053867 0x20b9da080 database_cache.cc:300]  in 0.017s (ignored 0)
I20260807 16:58:20.061154 0x20b9da080 official_bundle_adjustment_ceres.cc:1434] [AETHER gravity] injected 3/3 roll/pitch anchors, sigma_rad=0.00872665
I20260807 16:58:20.062483 0x20b9da080 official_bundle_adjustment_ceres.cc:923] [AETHER] solver_used=DENSE_SCHUR sparse_backend=EIGEN_SPARSE dense_backend=EIGEN mixed=0 threads=1
I20260807 16:58:20.065689 0x20b9da080 official_bundle_adjustment_ceres.cc:1434] [AETHER gravity] injected 3/3 roll/pitch anchors, sigma_rad=0.00872665
I20260807 16:58:20.067034 0x20b9da080 official_bundle_adjustment_ceres.cc:923] [AETHER] solver_used=DENSE_SCHUR sparse_backend=EIGEN_SPARSE dense_backend=EIGEN mixed=0 threads=1
I20260807 16:58:20.268187 0x20b9da080 database_cache.cc:72] Loading rigs...
I20260807 16:58:20.268204 0x20b9da080 database_cache.cc:82]  0 in 0.000s
I20260807 16:58:20.268210 0x20b9da080 database_cache.cc:90] Loading cameras...
I20260807 16:58:20.268242 0x20b9da080 database_cache.cc:108]  114 in 0.000s
I20260807 16:58:20.268247 0x20b9da080 database_cache.cc:116] Loading frames...
I20260807 16:58:20.268253 0x20b9da080 database_cache.cc:126]  0 in 0.000s
I20260807 16:58:20.268258 0x20b9da080 database_cache.cc:134] Loading matches...
I20260807 16:58:20.269283 0x20b9da080 database_cache.cc:139]  1554 in 0.001s
I20260807 16:58:20.269288 0x20b9da080 database_cache.cc:147] Loading images...
I20260807 16:58:20.277173 0x20b9da080 database_cache.cc:236]  114 in 0.008s (loaded all 114)
I20260807 16:58:20.277190 0x20b9da080 database_cache.cc:255] Loading pose priors...
I20260807 16:58:20.277200 0x20b9da080 database_cache.cc:263]  0 in 0.000s
I20260807 16:58:20.277204 0x20b9da080 database_cache.cc:271] Building correspondence graph...
I20260807 16:58:20.294302 0x20b9da080 database_cache.cc:300]  in 0.017s (ignored 0)
I20260807 16:58:20.301701 0x20b9da080 official_bundle_adjustment_ceres.cc:1434] [AETHER gravity] injected 3/3 roll/pitch anchors, sigma_rad=0.00872665
I20260807 16:58:20.303194 0x20b9da080 official_bundle_adjustment_ceres.cc:923] [AETHER] solver_used=DENSE_SCHUR sparse_backend=EIGEN_SPARSE dense_backend=EIGEN mixed=0 threads=1
I20260807 16:58:20.305151 0x20b9da080 official_bundle_adjustment_ceres.cc:1434] [AETHER gravity] injected 3/3 roll/pitch anchors, sigma_rad=0.00872665
I20260807 16:58:20.306665 0x20b9da080 official_bundle_adjustment_ceres.cc:923] [AETHER] solver_used=DENSE_SCHUR sparse_backend=EIGEN_SPARSE dense_backend=EIGEN mixed=0 threads=1
I20260807 16:58:20.497331 0x20b9da080 database_cache.cc:72] Loading rigs...
I20260807 16:58:20.497348 0x20b9da080 database_cache.cc:82]  0 in 0.000s
I20260807 16:58:20.497353 0x20b9da080 database_cache.cc:90] Loading cameras...
I20260807 16:58:20.497385 0x20b9da080 database_cache.cc:108]  115 in 0.000s
I20260807 16:58:20.497390 0x20b9da080 database_cache.cc:116] Loading frames...
I20260807 16:58:20.497397 0x20b9da080 database_cache.cc:126]  0 in 0.000s
I20260807 16:58:20.497401 0x20b9da080 database_cache.cc:134] Loading matches...
I20260807 16:58:20.498408 0x20b9da080 database_cache.cc:139]  1562 in 0.001s
I20260807 16:58:20.498413 0x20b9da080 database_cache.cc:147] Loading images...
I20260807 16:58:20.506308 0x20b9da080 database_cache.cc:236]  115 in 0.008s (loaded all 115)
I20260807 16:58:20.506329 0x20b9da080 database_cache.cc:255] Loading pose priors...
I20260807 16:58:20.506340 0x20b9da080 database_cache.cc:263]  0 in 0.000s
I20260807 16:58:20.506345 0x20b9da080 database_cache.cc:271] Building correspondence graph...
I20260807 16:58:20.523266 0x20b9da080 database_cache.cc:300]  in 0.017s (ignored 0)
I20260807 16:58:20.644722 0x20b9da080 database_cache.cc:72] Loading rigs...
I20260807 16:58:20.644743 0x20b9da080 database_cache.cc:82]  0 in 0.000s
I20260807 16:58:20.644749 0x20b9da080 database_cache.cc:90] Loading cameras...
I20260807 16:58:20.644780 0x20b9da080 database_cache.cc:108]  116 in 0.000s
I20260807 16:58:20.644784 0x20b9da080 database_cache.cc:116] Loading frames...
I20260807 16:58:20.644792 0x20b9da080 database_cache.cc:126]  0 in 0.000s
I20260807 16:58:20.644796 0x20b9da080 database_cache.cc:134] Loading matches...
I20260807 16:58:20.645801 0x20b9da080 database_cache.cc:139]  1563 in 0.001s
I20260807 16:58:20.645806 0x20b9da080 database_cache.cc:147] Loading images...
I20260807 16:58:20.653602 0x20b9da080 database_cache.cc:236]  116 in 0.008s (loaded all 116)
I20260807 16:58:20.653622 0x20b9da080 database_cache.cc:255] Loading pose priors...
I20260807 16:58:20.653633 0x20b9da080 database_cache.cc:263]  0 in 0.000s
I20260807 16:58:20.653637 0x20b9da080 database_cache.cc:271] Building correspondence graph...
I20260807 16:58:20.670776 0x20b9da080 database_cache.cc:300]  in 0.017s (ignored 0)
I20260807 16:58:20.799588 0x20b9da080 database_cache.cc:72] Loading rigs...
I20260807 16:58:20.799918 0x20b9da080 database_cache.cc:82]  0 in 0.000s
I20260807 16:58:20.799924 0x20b9da080 database_cache.cc:90] Loading cameras...
I20260807 16:58:20.799956 0x20b9da080 database_cache.cc:108]  117 in 0.000s
I20260807 16:58:20.799960 0x20b9da080 database_cache.cc:116] Loading frames...
I20260807 16:58:20.799967 0x20b9da080 database_cache.cc:126]  0 in 0.000s
I20260807 16:58:20.799971 0x20b9da080 database_cache.cc:134] Loading matches...
I20260807 16:58:20.803971 0x20b9da080 database_cache.cc:139]  1565 in 0.004s
I20260807 16:58:20.803980 0x20b9da080 database_cache.cc:147] Loading images...
I20260807 16:58:20.814481 0x20b9da080 database_cache.cc:236]  117 in 0.011s (loaded all 117)
I20260807 16:58:20.814496 0x20b9da080 database_cache.cc:255] Loading pose priors...
I20260807 16:58:20.814505 0x20b9da080 database_cache.cc:263]  0 in 0.000s
I20260807 16:58:20.814510 0x20b9da080 database_cache.cc:271] Building correspondence graph...
I20260807 16:58:20.831587 0x20b9da080 database_cache.cc:300]  in 0.017s (ignored 0)
I20260807 16:58:21.019807 0x20b9da080 database_cache.cc:72] Loading rigs...
I20260807 16:58:21.019822 0x20b9da080 database_cache.cc:82]  0 in 0.000s
I20260807 16:58:21.019827 0x20b9da080 database_cache.cc:90] Loading cameras...
I20260807 16:58:21.019857 0x20b9da080 database_cache.cc:108]  118 in 0.000s
I20260807 16:58:21.019861 0x20b9da080 database_cache.cc:116] Loading frames...
I20260807 16:58:21.019867 0x20b9da080 database_cache.cc:126]  0 in 0.000s
I20260807 16:58:21.019871 0x20b9da080 database_cache.cc:134] Loading matches...
I20260807 16:58:21.022486 0x20b9da080 database_cache.cc:139]  1584 in 0.003s
I20260807 16:58:21.022492 0x20b9da080 database_cache.cc:147] Loading images...
I20260807 16:58:21.030665 0x20b9da080 database_cache.cc:236]  118 in 0.008s (loaded all 118)
I20260807 16:58:21.030679 0x20b9da080 database_cache.cc:255] Loading pose priors...
I20260807 16:58:21.030687 0x20b9da080 database_cache.cc:263]  0 in 0.000s
I20260807 16:58:21.030691 0x20b9da080 database_cache.cc:271] Building correspondence graph...
I20260807 16:58:21.047901 0x20b9da080 database_cache.cc:300]  in 0.017s (ignored 0)
I20260807 16:58:21.207073 0x20b9da080 database_cache.cc:72] Loading rigs...
I20260807 16:58:21.207092 0x20b9da080 database_cache.cc:82]  0 in 0.000s
I20260807 16:58:21.207097 0x20b9da080 database_cache.cc:90] Loading cameras...
I20260807 16:58:21.207129 0x20b9da080 database_cache.cc:108]  119 in 0.000s
I20260807 16:58:21.207133 0x20b9da080 database_cache.cc:116] Loading frames...
I20260807 16:58:21.207139 0x20b9da080 database_cache.cc:126]  0 in 0.000s
I20260807 16:58:21.207143 0x20b9da080 database_cache.cc:134] Loading matches...
I20260807 16:58:21.208182 0x20b9da080 database_cache.cc:139]  1599 in 0.001s
I20260807 16:58:21.208187 0x20b9da080 database_cache.cc:147] Loading images...
I20260807 16:58:21.216217 0x20b9da080 database_cache.cc:236]  119 in 0.008s (loaded all 119)
I20260807 16:58:21.216231 0x20b9da080 database_cache.cc:255] Loading pose priors...
I20260807 16:58:21.216240 0x20b9da080 database_cache.cc:263]  0 in 0.000s
I20260807 16:58:21.216244 0x20b9da080 database_cache.cc:271] Building correspondence graph...
I20260807 16:58:21.233514 0x20b9da080 database_cache.cc:300]  in 0.017s (ignored 0)
I20260807 16:58:21.427100 0x20b9da080 database_cache.cc:72] Loading rigs...
I20260807 16:58:21.427117 0x20b9da080 database_cache.cc:82]  0 in 0.000s
I20260807 16:58:21.427123 0x20b9da080 database_cache.cc:90] Loading cameras...
I20260807 16:58:21.427151 0x20b9da080 database_cache.cc:108]  120 in 0.000s
I20260807 16:58:21.427156 0x20b9da080 database_cache.cc:116] Loading frames...
I20260807 16:58:21.427162 0x20b9da080 database_cache.cc:126]  0 in 0.000s
I20260807 16:58:21.427166 0x20b9da080 database_cache.cc:134] Loading matches...
I20260807 16:58:21.428151 0x20b9da080 database_cache.cc:139]  1615 in 0.001s
I20260807 16:58:21.428156 0x20b9da080 database_cache.cc:147] Loading images...
I20260807 16:58:21.436095 0x20b9da080 database_cache.cc:236]  120 in 0.008s (loaded all 120)
I20260807 16:58:21.436110 0x20b9da080 database_cache.cc:255] Loading pose priors...
I20260807 16:58:21.436118 0x20b9da080 database_cache.cc:263]  0 in 0.000s
I20260807 16:58:21.436122 0x20b9da080 database_cache.cc:271] Building correspondence graph...
I20260807 16:58:21.453318 0x20b9da080 database_cache.cc:300]  in 0.017s (ignored 0)
I20260807 16:58:21.604954 0x20b9da080 database_cache.cc:72] Loading rigs...
I20260807 16:58:21.604973 0x20b9da080 database_cache.cc:82]  0 in 0.000s
I20260807 16:58:21.604978 0x20b9da080 database_cache.cc:90] Loading cameras...
I20260807 16:58:21.605013 0x20b9da080 database_cache.cc:108]  121 in 0.000s
I20260807 16:58:21.605018 0x20b9da080 database_cache.cc:116] Loading frames...
I20260807 16:58:21.605025 0x20b9da080 database_cache.cc:126]  0 in 0.000s
I20260807 16:58:21.605029 0x20b9da080 database_cache.cc:134] Loading matches...
I20260807 16:58:21.606307 0x20b9da080 database_cache.cc:139]  1633 in 0.001s
I20260807 16:58:21.606314 0x20b9da080 database_cache.cc:147] Loading images...
I20260807 16:58:21.614634 0x20b9da080 database_cache.cc:236]  121 in 0.008s (loaded all 121)
I20260807 16:58:21.614657 0x20b9da080 database_cache.cc:255] Loading pose priors...
I20260807 16:58:21.614669 0x20b9da080 database_cache.cc:263]  0 in 0.000s
I20260807 16:58:21.614674 0x20b9da080 database_cache.cc:271] Building correspondence graph...
I20260807 16:58:21.633405 0x20b9da080 database_cache.cc:300]  in 0.019s (ignored 0)
I20260807 16:58:21.794617 0x20b9da080 database_cache.cc:72] Loading rigs...
I20260807 16:58:21.794634 0x20b9da080 database_cache.cc:82]  0 in 0.000s
I20260807 16:58:21.794639 0x20b9da080 database_cache.cc:90] Loading cameras...
I20260807 16:58:21.794670 0x20b9da080 database_cache.cc:108]  122 in 0.000s
I20260807 16:58:21.794674 0x20b9da080 database_cache.cc:116] Loading frames...
I20260807 16:58:21.794681 0x20b9da080 database_cache.cc:126]  0 in 0.000s
I20260807 16:58:21.794685 0x20b9da080 database_cache.cc:134] Loading matches...
I20260807 16:58:21.795723 0x20b9da080 database_cache.cc:139]  1650 in 0.001s
I20260807 16:58:21.795728 0x20b9da080 database_cache.cc:147] Loading images...
I20260807 16:58:21.803909 0x20b9da080 database_cache.cc:236]  122 in 0.008s (loaded all 122)
I20260807 16:58:21.803926 0x20b9da080 database_cache.cc:255] Loading pose priors...
I20260807 16:58:21.803935 0x20b9da080 database_cache.cc:263]  0 in 0.000s
I20260807 16:58:21.803940 0x20b9da080 database_cache.cc:271] Building correspondence graph...
I20260807 16:58:21.821546 0x20b9da080 database_cache.cc:300]  in 0.018s (ignored 0)
I20260807 16:58:21.978535 0x20b9da080 database_cache.cc:72] Loading rigs...
I20260807 16:58:21.978554 0x20b9da080 database_cache.cc:82]  0 in 0.000s
I20260807 16:58:21.978559 0x20b9da080 database_cache.cc:90] Loading cameras...
I20260807 16:58:21.978591 0x20b9da080 database_cache.cc:108]  123 in 0.000s
I20260807 16:58:21.978596 0x20b9da080 database_cache.cc:116] Loading frames...
I20260807 16:58:21.978602 0x20b9da080 database_cache.cc:126]  0 in 0.000s
I20260807 16:58:21.978606 0x20b9da080 database_cache.cc:134] Loading matches...
I20260807 16:58:21.979656 0x20b9da080 database_cache.cc:139]  1667 in 0.001s
I20260807 16:58:21.979661 0x20b9da080 database_cache.cc:147] Loading images...
I20260807 16:58:21.987924 0x20b9da080 database_cache.cc:236]  123 in 0.008s (loaded all 123)
I20260807 16:58:21.987945 0x20b9da080 database_cache.cc:255] Loading pose priors...
I20260807 16:58:21.987956 0x20b9da080 database_cache.cc:263]  0 in 0.000s
I20260807 16:58:21.987961 0x20b9da080 database_cache.cc:271] Building correspondence graph...
I20260807 16:58:22.005484 0x20b9da080 database_cache.cc:300]  in 0.018s (ignored 0)
I20260807 16:58:22.167882 0x20b9da080 database_cache.cc:72] Loading rigs...
I20260807 16:58:22.167898 0x20b9da080 database_cache.cc:82]  0 in 0.000s
I20260807 16:58:22.167904 0x20b9da080 database_cache.cc:90] Loading cameras...
I20260807 16:58:22.167938 0x20b9da080 database_cache.cc:108]  124 in 0.000s
I20260807 16:58:22.167942 0x20b9da080 database_cache.cc:116] Loading frames...
I20260807 16:58:22.167950 0x20b9da080 database_cache.cc:126]  0 in 0.000s
I20260807 16:58:22.167954 0x20b9da080 database_cache.cc:134] Loading matches...
I20260807 16:58:22.169370 0x20b9da080 database_cache.cc:139]  1682 in 0.001s
I20260807 16:58:22.169375 0x20b9da080 database_cache.cc:147] Loading images...
I20260807 16:58:22.177924 0x20b9da080 database_cache.cc:236]  124 in 0.009s (loaded all 124)
I20260807 16:58:22.177940 0x20b9da080 database_cache.cc:255] Loading pose priors...
I20260807 16:58:22.177950 0x20b9da080 database_cache.cc:263]  0 in 0.000s
I20260807 16:58:22.177954 0x20b9da080 database_cache.cc:271] Building correspondence graph...
I20260807 16:58:22.195731 0x20b9da080 database_cache.cc:300]  in 0.018s (ignored 0)
I20260807 16:58:22.375729 0x20b9da080 database_cache.cc:72] Loading rigs...
I20260807 16:58:22.375750 0x20b9da080 database_cache.cc:82]  0 in 0.000s
I20260807 16:58:22.375756 0x20b9da080 database_cache.cc:90] Loading cameras...
I20260807 16:58:22.375788 0x20b9da080 database_cache.cc:108]  125 in 0.000s
I20260807 16:58:22.375792 0x20b9da080 database_cache.cc:116] Loading frames...
I20260807 16:58:22.375800 0x20b9da080 database_cache.cc:126]  0 in 0.000s
I20260807 16:58:22.375804 0x20b9da080 database_cache.cc:134] Loading matches...
I20260807 16:58:22.376804 0x20b9da080 database_cache.cc:139]  1686 in 0.001s
I20260807 16:58:22.376809 0x20b9da080 database_cache.cc:147] Loading images...
I20260807 16:58:22.385244 0x20b9da080 database_cache.cc:236]  125 in 0.008s (loaded all 125)
I20260807 16:58:22.385260 0x20b9da080 database_cache.cc:255] Loading pose priors...
I20260807 16:58:22.385271 0x20b9da080 database_cache.cc:263]  0 in 0.000s
I20260807 16:58:22.385276 0x20b9da080 database_cache.cc:271] Building correspondence graph...
I20260807 16:58:22.402935 0x20b9da080 database_cache.cc:300]  in 0.018s (ignored 0)
  fed 125/201 frames (last n_kp=8192)
I20260807 16:58:22.525932 0x20b9da080 database_cache.cc:72] Loading rigs...
I20260807 16:58:22.525946 0x20b9da080 database_cache.cc:82]  0 in 0.000s
I20260807 16:58:22.525951 0x20b9da080 database_cache.cc:90] Loading cameras...
I20260807 16:58:22.525978 0x20b9da080 database_cache.cc:108]  126 in 0.000s
I20260807 16:58:22.525982 0x20b9da080 database_cache.cc:116] Loading frames...
I20260807 16:58:22.525988 0x20b9da080 database_cache.cc:126]  0 in 0.000s
I20260807 16:58:22.525992 0x20b9da080 database_cache.cc:134] Loading matches...
I20260807 16:58:22.527322 0x20b9da080 database_cache.cc:139]  1691 in 0.001s
I20260807 16:58:22.527328 0x20b9da080 database_cache.cc:147] Loading images...
I20260807 16:58:22.536166 0x20b9da080 database_cache.cc:236]  126 in 0.009s (loaded all 126)
I20260807 16:58:22.536177 0x20b9da080 database_cache.cc:255] Loading pose priors...
I20260807 16:58:22.536185 0x20b9da080 database_cache.cc:263]  0 in 0.000s
I20260807 16:58:22.536189 0x20b9da080 database_cache.cc:271] Building correspondence graph...
I20260807 16:58:22.553813 0x20b9da080 database_cache.cc:300]  in 0.018s (ignored 0)
I20260807 16:58:22.676029 0x20b9da080 database_cache.cc:72] Loading rigs...
I20260807 16:58:22.676046 0x20b9da080 database_cache.cc:82]  0 in 0.000s
I20260807 16:58:22.676051 0x20b9da080 database_cache.cc:90] Loading cameras...
I20260807 16:58:22.676085 0x20b9da080 database_cache.cc:108]  127 in 0.000s
I20260807 16:58:22.676090 0x20b9da080 database_cache.cc:116] Loading frames...
I20260807 16:58:22.676099 0x20b9da080 database_cache.cc:126]  0 in 0.000s
I20260807 16:58:22.676104 0x20b9da080 database_cache.cc:134] Loading matches...
I20260807 16:58:22.677914 0x20b9da080 database_cache.cc:139]  1692 in 0.002s
I20260807 16:58:22.677919 0x20b9da080 database_cache.cc:147] Loading images...
I20260807 16:58:22.686922 0x20b9da080 database_cache.cc:236]  127 in 0.009s (loaded all 127)
I20260807 16:58:22.686938 0x20b9da080 database_cache.cc:255] Loading pose priors...
I20260807 16:58:22.686947 0x20b9da080 database_cache.cc:263]  0 in 0.000s
I20260807 16:58:22.686951 0x20b9da080 database_cache.cc:271] Building correspondence graph...
I20260807 16:58:22.706050 0x20b9da080 database_cache.cc:300]  in 0.019s (ignored 0)
I20260807 16:58:22.819247 0x20b9da080 database_cache.cc:72] Loading rigs...
I20260807 16:58:22.819268 0x20b9da080 database_cache.cc:82]  0 in 0.000s
I20260807 16:58:22.819275 0x20b9da080 database_cache.cc:90] Loading cameras...
I20260807 16:58:22.819310 0x20b9da080 database_cache.cc:108]  128 in 0.000s
I20260807 16:58:22.819314 0x20b9da080 database_cache.cc:116] Loading frames...
I20260807 16:58:22.819322 0x20b9da080 database_cache.cc:126]  0 in 0.000s
I20260807 16:58:22.819326 0x20b9da080 database_cache.cc:134] Loading matches...
I20260807 16:58:22.821325 0x20b9da080 database_cache.cc:139]  1697 in 0.002s
I20260807 16:58:22.821332 0x20b9da080 database_cache.cc:147] Loading images...
I20260807 16:58:22.830274 0x20b9da080 database_cache.cc:236]  128 in 0.009s (loaded all 128)
I20260807 16:58:22.830298 0x20b9da080 database_cache.cc:255] Loading pose priors...
I20260807 16:58:22.830311 0x20b9da080 database_cache.cc:263]  0 in 0.000s
I20260807 16:58:22.830316 0x20b9da080 database_cache.cc:271] Building correspondence graph...
I20260807 16:58:22.848902 0x20b9da080 database_cache.cc:300]  in 0.019s (ignored 0)
W20260807 16:58:22.856886 0x20b9da080 official_bundle_adjustment_ceres.cc:616] Failed to fix Gauge due to insufficient number of fixed points: 2
I20260807 16:58:22.856905 0x20b9da080 official_bundle_adjustment_ceres.cc:1434] [AETHER gravity] injected 2/2 roll/pitch anchors, sigma_rad=0.00872665
I20260807 16:58:22.856995 0x20b9da080 official_bundle_adjustment_ceres.cc:923] [AETHER] solver_used=DENSE_SCHUR sparse_backend=EIGEN_SPARSE dense_backend=EIGEN mixed=0 threads=1
I20260807 16:58:22.951998 0x20b9da080 database_cache.cc:72] Loading rigs...
I20260807 16:58:22.952021 0x20b9da080 database_cache.cc:82]  0 in 0.000s
I20260807 16:58:22.952027 0x20b9da080 database_cache.cc:90] Loading cameras...
I20260807 16:58:22.952065 0x20b9da080 database_cache.cc:108]  129 in 0.000s
I20260807 16:58:22.952070 0x20b9da080 database_cache.cc:116] Loading frames...
I20260807 16:58:22.952077 0x20b9da080 database_cache.cc:126]  0 in 0.000s
I20260807 16:58:22.952081 0x20b9da080 database_cache.cc:134] Loading matches...
I20260807 16:58:22.953125 0x20b9da080 database_cache.cc:139]  1703 in 0.001s
I20260807 16:58:22.953130 0x20b9da080 database_cache.cc:147] Loading images...
I20260807 16:58:22.961711 0x20b9da080 database_cache.cc:236]  129 in 0.009s (loaded all 129)
I20260807 16:58:22.961729 0x20b9da080 database_cache.cc:255] Loading pose priors...
I20260807 16:58:22.961738 0x20b9da080 database_cache.cc:263]  0 in 0.000s
I20260807 16:58:22.961743 0x20b9da080 database_cache.cc:271] Building correspondence graph...
I20260807 16:58:22.979628 0x20b9da080 database_cache.cc:300]  in 0.018s (ignored 0)
I20260807 16:58:23.141494 0x20b9da080 database_cache.cc:72] Loading rigs...
I20260807 16:58:23.141509 0x20b9da080 database_cache.cc:82]  0 in 0.000s
I20260807 16:58:23.141515 0x20b9da080 database_cache.cc:90] Loading cameras...
I20260807 16:58:23.141548 0x20b9da080 database_cache.cc:108]  130 in 0.000s
I20260807 16:58:23.141552 0x20b9da080 database_cache.cc:116] Loading frames...
I20260807 16:58:23.141559 0x20b9da080 database_cache.cc:126]  0 in 0.000s
I20260807 16:58:23.141562 0x20b9da080 database_cache.cc:134] Loading matches...
I20260807 16:58:23.142626 0x20b9da080 database_cache.cc:139]  1709 in 0.001s
I20260807 16:58:23.142631 0x20b9da080 database_cache.cc:147] Loading images...
I20260807 16:58:23.151353 0x20b9da080 database_cache.cc:236]  130 in 0.009s (loaded all 130)
I20260807 16:58:23.151369 0x20b9da080 database_cache.cc:255] Loading pose priors...
I20260807 16:58:23.151378 0x20b9da080 database_cache.cc:263]  0 in 0.000s
I20260807 16:58:23.151382 0x20b9da080 database_cache.cc:271] Building correspondence graph...
I20260807 16:58:23.169394 0x20b9da080 database_cache.cc:300]  in 0.018s (ignored 0)
I20260807 16:58:23.295278 0x20b9da080 database_cache.cc:72] Loading rigs...
I20260807 16:58:23.295295 0x20b9da080 database_cache.cc:82]  0 in 0.000s
I20260807 16:58:23.295300 0x20b9da080 database_cache.cc:90] Loading cameras...
I20260807 16:58:23.295340 0x20b9da080 database_cache.cc:108]  131 in 0.000s
I20260807 16:58:23.295344 0x20b9da080 database_cache.cc:116] Loading frames...
I20260807 16:58:23.295351 0x20b9da080 database_cache.cc:126]  0 in 0.000s
I20260807 16:58:23.295354 0x20b9da080 database_cache.cc:134] Loading matches...
I20260807 16:58:23.310728 0x20b9da080 database_cache.cc:139]  1718 in 0.015s
I20260807 16:58:23.310738 0x20b9da080 database_cache.cc:147] Loading images...
I20260807 16:58:23.324239 0x20b9da080 database_cache.cc:236]  131 in 0.014s (loaded all 131)
I20260807 16:58:23.324254 0x20b9da080 database_cache.cc:255] Loading pose priors...
I20260807 16:58:23.324265 0x20b9da080 database_cache.cc:263]  0 in 0.000s
I20260807 16:58:23.324269 0x20b9da080 database_cache.cc:271] Building correspondence graph...
I20260807 16:58:23.342173 0x20b9da080 database_cache.cc:300]  in 0.018s (ignored 0)
I20260807 16:58:23.464489 0x20b9da080 database_cache.cc:72] Loading rigs...
I20260807 16:58:23.464501 0x20b9da080 database_cache.cc:82]  0 in 0.000s
I20260807 16:58:23.464506 0x20b9da080 database_cache.cc:90] Loading cameras...
I20260807 16:58:23.464536 0x20b9da080 database_cache.cc:108]  132 in 0.000s
I20260807 16:58:23.464540 0x20b9da080 database_cache.cc:116] Loading frames...
I20260807 16:58:23.464547 0x20b9da080 database_cache.cc:126]  0 in 0.000s
I20260807 16:58:23.464551 0x20b9da080 database_cache.cc:134] Loading matches...
I20260807 16:58:23.466472 0x20b9da080 database_cache.cc:139]  1727 in 0.002s
I20260807 16:58:23.466476 0x20b9da080 database_cache.cc:147] Loading images...
I20260807 16:58:23.475393 0x20b9da080 database_cache.cc:236]  132 in 0.009s (loaded all 132)
I20260807 16:58:23.475408 0x20b9da080 database_cache.cc:255] Loading pose priors...
I20260807 16:58:23.475416 0x20b9da080 database_cache.cc:263]  0 in 0.000s
I20260807 16:58:23.475421 0x20b9da080 database_cache.cc:271] Building correspondence graph...
I20260807 16:58:23.493157 0x20b9da080 database_cache.cc:300]  in 0.018s (ignored 0)
I20260807 16:58:23.615234 0x20b9da080 database_cache.cc:72] Loading rigs...
I20260807 16:58:23.615248 0x20b9da080 database_cache.cc:82]  0 in 0.000s
I20260807 16:58:23.615252 0x20b9da080 database_cache.cc:90] Loading cameras...
I20260807 16:58:23.615283 0x20b9da080 database_cache.cc:108]  133 in 0.000s
I20260807 16:58:23.615287 0x20b9da080 database_cache.cc:116] Loading frames...
I20260807 16:58:23.615295 0x20b9da080 database_cache.cc:126]  0 in 0.000s
I20260807 16:58:23.615298 0x20b9da080 database_cache.cc:134] Loading matches...
I20260807 16:58:23.616376 0x20b9da080 database_cache.cc:139]  1734 in 0.001s
I20260807 16:58:23.616380 0x20b9da080 database_cache.cc:147] Loading images...
I20260807 16:58:23.625300 0x20b9da080 database_cache.cc:236]  133 in 0.009s (loaded all 133)
I20260807 16:58:23.625314 0x20b9da080 database_cache.cc:255] Loading pose priors...
I20260807 16:58:23.625324 0x20b9da080 database_cache.cc:263]  0 in 0.000s
I20260807 16:58:23.625328 0x20b9da080 database_cache.cc:271] Building correspondence graph...
I20260807 16:58:23.643245 0x20b9da080 database_cache.cc:300]  in 0.018s (ignored 0)
I20260807 16:58:23.761586 0x20b9da080 database_cache.cc:72] Loading rigs...
I20260807 16:58:23.761604 0x20b9da080 database_cache.cc:82]  0 in 0.000s
I20260807 16:58:23.761610 0x20b9da080 database_cache.cc:90] Loading cameras...
I20260807 16:58:23.761646 0x20b9da080 database_cache.cc:108]  134 in 0.000s
I20260807 16:58:23.761651 0x20b9da080 database_cache.cc:116] Loading frames...
I20260807 16:58:23.761658 0x20b9da080 database_cache.cc:126]  0 in 0.000s
I20260807 16:58:23.761661 0x20b9da080 database_cache.cc:134] Loading matches...
I20260807 16:58:23.762740 0x20b9da080 database_cache.cc:139]  1738 in 0.001s
I20260807 16:58:23.762745 0x20b9da080 database_cache.cc:147] Loading images...
I20260807 16:58:23.771860 0x20b9da080 database_cache.cc:236]  134 in 0.009s (loaded all 134)
I20260807 16:58:23.771878 0x20b9da080 database_cache.cc:255] Loading pose priors...
I20260807 16:58:23.771888 0x20b9da080 database_cache.cc:263]  0 in 0.000s
I20260807 16:58:23.771893 0x20b9da080 database_cache.cc:271] Building correspondence graph...
I20260807 16:58:23.789791 0x20b9da080 database_cache.cc:300]  in 0.018s (ignored 0)
I20260807 16:58:23.946337 0x20b9da080 database_cache.cc:72] Loading rigs...
I20260807 16:58:23.946353 0x20b9da080 database_cache.cc:82]  0 in 0.000s
I20260807 16:58:23.946359 0x20b9da080 database_cache.cc:90] Loading cameras...
I20260807 16:58:23.946399 0x20b9da080 database_cache.cc:108]  135 in 0.000s
I20260807 16:58:23.946404 0x20b9da080 database_cache.cc:116] Loading frames...
I20260807 16:58:23.946411 0x20b9da080 database_cache.cc:126]  0 in 0.000s
I20260807 16:58:23.946415 0x20b9da080 database_cache.cc:134] Loading matches...
I20260807 16:58:23.948087 0x20b9da080 database_cache.cc:139]  1747 in 0.002s
I20260807 16:58:23.948094 0x20b9da080 database_cache.cc:147] Loading images...
I20260807 16:58:23.957364 0x20b9da080 database_cache.cc:236]  135 in 0.009s (loaded all 135)
I20260807 16:58:23.957386 0x20b9da080 database_cache.cc:255] Loading pose priors...
I20260807 16:58:23.957397 0x20b9da080 database_cache.cc:263]  0 in 0.000s
I20260807 16:58:23.957401 0x20b9da080 database_cache.cc:271] Building correspondence graph...
I20260807 16:58:23.976329 0x20b9da080 database_cache.cc:300]  in 0.019s (ignored 0)
I20260807 16:58:24.100335 0x20b9da080 database_cache.cc:72] Loading rigs...
I20260807 16:58:24.100351 0x20b9da080 database_cache.cc:82]  0 in 0.000s
I20260807 16:58:24.100357 0x20b9da080 database_cache.cc:90] Loading cameras...
I20260807 16:58:24.100388 0x20b9da080 database_cache.cc:108]  136 in 0.000s
I20260807 16:58:24.100392 0x20b9da080 database_cache.cc:116] Loading frames...
I20260807 16:58:24.100400 0x20b9da080 database_cache.cc:126]  0 in 0.000s
I20260807 16:58:24.100404 0x20b9da080 database_cache.cc:134] Loading matches...
I20260807 16:58:24.101438 0x20b9da080 database_cache.cc:139]  1752 in 0.001s
I20260807 16:58:24.101443 0x20b9da080 database_cache.cc:147] Loading images...
I20260807 16:58:24.110500 0x20b9da080 database_cache.cc:236]  136 in 0.009s (loaded all 136)
I20260807 16:58:24.110515 0x20b9da080 database_cache.cc:255] Loading pose priors...
I20260807 16:58:24.110526 0x20b9da080 database_cache.cc:263]  0 in 0.000s
I20260807 16:58:24.110530 0x20b9da080 database_cache.cc:271] Building correspondence graph...
I20260807 16:58:24.128574 0x20b9da080 database_cache.cc:300]  in 0.018s (ignored 0)
I20260807 16:58:24.268433 0x20b9da080 database_cache.cc:72] Loading rigs...
I20260807 16:58:24.268447 0x20b9da080 database_cache.cc:82]  0 in 0.000s
I20260807 16:58:24.268452 0x20b9da080 database_cache.cc:90] Loading cameras...
I20260807 16:58:24.268484 0x20b9da080 database_cache.cc:108]  137 in 0.000s
I20260807 16:58:24.268488 0x20b9da080 database_cache.cc:116] Loading frames...
I20260807 16:58:24.268494 0x20b9da080 database_cache.cc:126]  0 in 0.000s
I20260807 16:58:24.268498 0x20b9da080 database_cache.cc:134] Loading matches...
I20260807 16:58:24.269759 0x20b9da080 database_cache.cc:139]  1761 in 0.001s
I20260807 16:58:24.269765 0x20b9da080 database_cache.cc:147] Loading images...
I20260807 16:58:24.278951 0x20b9da080 database_cache.cc:236]  137 in 0.009s (loaded all 137)
I20260807 16:58:24.278968 0x20b9da080 database_cache.cc:255] Loading pose priors...
I20260807 16:58:24.278978 0x20b9da080 database_cache.cc:263]  0 in 0.000s
I20260807 16:58:24.278982 0x20b9da080 database_cache.cc:271] Building correspondence graph...
I20260807 16:58:24.297177 0x20b9da080 database_cache.cc:300]  in 0.018s (ignored 0)
I20260807 16:58:24.305413 0x20b9da080 official_bundle_adjustment_ceres.cc:1434] [AETHER gravity] injected 4/4 roll/pitch anchors, sigma_rad=0.00872665
I20260807 16:58:24.305831 0x20b9da080 official_bundle_adjustment_ceres.cc:923] [AETHER] solver_used=DENSE_SCHUR sparse_backend=EIGEN_SPARSE dense_backend=EIGEN mixed=0 threads=1
I20260807 16:58:24.307221 0x20b9da080 official_bundle_adjustment_ceres.cc:1434] [AETHER gravity] injected 4/4 roll/pitch anchors, sigma_rad=0.00872665
I20260807 16:58:24.307541 0x20b9da080 official_bundle_adjustment_ceres.cc:923] [AETHER] solver_used=DENSE_SCHUR sparse_backend=EIGEN_SPARSE dense_backend=EIGEN mixed=0 threads=1
I20260807 16:58:24.440219 0x20b9da080 database_cache.cc:72] Loading rigs...
I20260807 16:58:24.440241 0x20b9da080 database_cache.cc:82]  0 in 0.000s
I20260807 16:58:24.440248 0x20b9da080 database_cache.cc:90] Loading cameras...
I20260807 16:58:24.440280 0x20b9da080 database_cache.cc:108]  138 in 0.000s
I20260807 16:58:24.440285 0x20b9da080 database_cache.cc:116] Loading frames...
I20260807 16:58:24.440292 0x20b9da080 database_cache.cc:126]  0 in 0.000s
I20260807 16:58:24.440296 0x20b9da080 database_cache.cc:134] Loading matches...
I20260807 16:58:24.441405 0x20b9da080 database_cache.cc:139]  1763 in 0.001s
I20260807 16:58:24.441411 0x20b9da080 database_cache.cc:147] Loading images...
I20260807 16:58:24.450594 0x20b9da080 database_cache.cc:236]  138 in 0.009s (loaded all 138)
I20260807 16:58:24.450611 0x20b9da080 database_cache.cc:255] Loading pose priors...
I20260807 16:58:24.450620 0x20b9da080 database_cache.cc:263]  0 in 0.000s
I20260807 16:58:24.450624 0x20b9da080 database_cache.cc:271] Building correspondence graph...
I20260807 16:58:24.468573 0x20b9da080 database_cache.cc:300]  in 0.018s (ignored 0)
I20260807 16:58:24.476756 0x20b9da080 official_bundle_adjustment_ceres.cc:1434] [AETHER gravity] injected 2/2 roll/pitch anchors, sigma_rad=0.00872665
I20260807 16:58:24.477640 0x20b9da080 official_bundle_adjustment_ceres.cc:923] [AETHER] solver_used=DENSE_SCHUR sparse_backend=EIGEN_SPARSE dense_backend=EIGEN mixed=0 threads=1
I20260807 16:58:24.478587 0x20b9da080 official_bundle_adjustment_ceres.cc:1434] [AETHER gravity] injected 2/2 roll/pitch anchors, sigma_rad=0.00872665
I20260807 16:58:24.478963 0x20b9da080 official_bundle_adjustment_ceres.cc:923] [AETHER] solver_used=DENSE_SCHUR sparse_backend=EIGEN_SPARSE dense_backend=EIGEN mixed=0 threads=1
I20260807 16:58:24.614241 0x20b9da080 database_cache.cc:72] Loading rigs...
I20260807 16:58:24.614261 0x20b9da080 database_cache.cc:82]  0 in 0.000s
I20260807 16:58:24.614267 0x20b9da080 database_cache.cc:90] Loading cameras...
I20260807 16:58:24.614302 0x20b9da080 database_cache.cc:108]  139 in 0.000s
I20260807 16:58:24.614307 0x20b9da080 database_cache.cc:116] Loading frames...
I20260807 16:58:24.614314 0x20b9da080 database_cache.cc:126]  0 in 0.000s
I20260807 16:58:24.614318 0x20b9da080 database_cache.cc:134] Loading matches...
I20260807 16:58:24.616183 0x20b9da080 database_cache.cc:139]  1766 in 0.002s
I20260807 16:58:24.616189 0x20b9da080 database_cache.cc:147] Loading images...
I20260807 16:58:24.625476 0x20b9da080 database_cache.cc:236]  139 in 0.009s (loaded all 139)
I20260807 16:58:24.625493 0x20b9da080 database_cache.cc:255] Loading pose priors...
I20260807 16:58:24.625503 0x20b9da080 database_cache.cc:263]  0 in 0.000s
I20260807 16:58:24.625507 0x20b9da080 database_cache.cc:271] Building correspondence graph...
I20260807 16:58:24.643868 0x20b9da080 database_cache.cc:300]  in 0.018s (ignored 0)
I20260807 16:58:24.840635 0x20b9da080 database_cache.cc:72] Loading rigs...
I20260807 16:58:24.840650 0x20b9da080 database_cache.cc:82]  0 in 0.000s
I20260807 16:58:24.840655 0x20b9da080 database_cache.cc:90] Loading cameras...
I20260807 16:58:24.840690 0x20b9da080 database_cache.cc:108]  140 in 0.000s
I20260807 16:58:24.840694 0x20b9da080 database_cache.cc:116] Loading frames...
I20260807 16:58:24.840701 0x20b9da080 database_cache.cc:126]  0 in 0.000s
I20260807 16:58:24.840704 0x20b9da080 database_cache.cc:134] Loading matches...
I20260807 16:58:24.841766 0x20b9da080 database_cache.cc:139]  1769 in 0.001s
I20260807 16:58:24.841772 0x20b9da080 database_cache.cc:147] Loading images...
I20260807 16:58:24.851443 0x20b9da080 database_cache.cc:236]  140 in 0.010s (loaded all 140)
I20260807 16:58:24.851459 0x20b9da080 database_cache.cc:255] Loading pose priors...
I20260807 16:58:24.851469 0x20b9da080 database_cache.cc:263]  0 in 0.000s
I20260807 16:58:24.851473 0x20b9da080 database_cache.cc:271] Building correspondence graph...
I20260807 16:58:24.870198 0x20b9da080 database_cache.cc:300]  in 0.019s (ignored 0)
I20260807 16:58:24.943561 0x20b9da080 database_cache.cc:72] Loading rigs...
I20260807 16:58:24.943576 0x20b9da080 database_cache.cc:82]  0 in 0.000s
I20260807 16:58:24.943580 0x20b9da080 database_cache.cc:90] Loading cameras...
I20260807 16:58:24.943612 0x20b9da080 database_cache.cc:108]  141 in 0.000s
I20260807 16:58:24.943616 0x20b9da080 database_cache.cc:116] Loading frames...
I20260807 16:58:24.943623 0x20b9da080 database_cache.cc:126]  0 in 0.000s
I20260807 16:58:24.943627 0x20b9da080 database_cache.cc:134] Loading matches...
I20260807 16:58:24.944684 0x20b9da080 database_cache.cc:139]  1772 in 0.001s
I20260807 16:58:24.944689 0x20b9da080 database_cache.cc:147] Loading images...
I20260807 16:58:24.954359 0x20b9da080 database_cache.cc:236]  141 in 0.010s (loaded all 141)
I20260807 16:58:24.954373 0x20b9da080 database_cache.cc:255] Loading pose priors...
I20260807 16:58:24.954382 0x20b9da080 database_cache.cc:263]  0 in 0.000s
I20260807 16:58:24.954386 0x20b9da080 database_cache.cc:271] Building correspondence graph...
I20260807 16:58:24.972525 0x20b9da080 database_cache.cc:300]  in 0.018s (ignored 0)
I20260807 16:58:25.062024 0x20b9da080 database_cache.cc:72] Loading rigs...
I20260807 16:58:25.062035 0x20b9da080 database_cache.cc:82]  0 in 0.000s
I20260807 16:58:25.062040 0x20b9da080 database_cache.cc:90] Loading cameras...
I20260807 16:58:25.062071 0x20b9da080 database_cache.cc:108]  142 in 0.000s
I20260807 16:58:25.062075 0x20b9da080 database_cache.cc:116] Loading frames...
I20260807 16:58:25.062082 0x20b9da080 database_cache.cc:126]  0 in 0.000s
I20260807 16:58:25.062086 0x20b9da080 database_cache.cc:134] Loading matches...
I20260807 16:58:25.063156 0x20b9da080 database_cache.cc:139]  1776 in 0.001s
I20260807 16:58:25.063161 0x20b9da080 database_cache.cc:147] Loading images...
I20260807 16:58:25.072700 0x20b9da080 database_cache.cc:236]  142 in 0.010s (loaded all 142)
I20260807 16:58:25.072717 0x20b9da080 database_cache.cc:255] Loading pose priors...
I20260807 16:58:25.072726 0x20b9da080 database_cache.cc:263]  0 in 0.000s
I20260807 16:58:25.072730 0x20b9da080 database_cache.cc:271] Building correspondence graph...
I20260807 16:58:25.091369 0x20b9da080 database_cache.cc:300]  in 0.019s (ignored 0)
W20260807 16:58:25.099693 0x20b9da080 official_bundle_adjustment_ceres.cc:616] Failed to fix Gauge due to insufficient number of fixed points: 2
I20260807 16:58:25.099708 0x20b9da080 official_bundle_adjustment_ceres.cc:1434] [AETHER gravity] injected 2/2 roll/pitch anchors, sigma_rad=0.00872665
I20260807 16:58:25.099771 0x20b9da080 official_bundle_adjustment_ceres.cc:923] [AETHER] solver_used=DENSE_SCHUR sparse_backend=EIGEN_SPARSE dense_backend=EIGEN mixed=0 threads=1
I20260807 16:58:25.101629 0x20b9da080 official_bundle_adjustment_ceres.cc:1434] [AETHER gravity] injected 2/2 roll/pitch anchors, sigma_rad=0.00872665
I20260807 16:58:25.101882 0x20b9da080 official_bundle_adjustment_ceres.cc:923] [AETHER] solver_used=DENSE_SCHUR sparse_backend=EIGEN_SPARSE dense_backend=EIGEN mixed=0 threads=1
I20260807 16:58:25.295345 0x20b9da080 database_cache.cc:72] Loading rigs...
I20260807 16:58:25.295361 0x20b9da080 database_cache.cc:82]  0 in 0.000s
I20260807 16:58:25.295367 0x20b9da080 database_cache.cc:90] Loading cameras...
I20260807 16:58:25.295405 0x20b9da080 database_cache.cc:108]  143 in 0.000s
I20260807 16:58:25.295409 0x20b9da080 database_cache.cc:116] Loading frames...
I20260807 16:58:25.295416 0x20b9da080 database_cache.cc:126]  0 in 0.000s
I20260807 16:58:25.295420 0x20b9da080 database_cache.cc:134] Loading matches...
I20260807 16:58:25.296534 0x20b9da080 database_cache.cc:139]  1796 in 0.001s
I20260807 16:58:25.296540 0x20b9da080 database_cache.cc:147] Loading images...
I20260807 16:58:25.306241 0x20b9da080 database_cache.cc:236]  143 in 0.010s (loaded all 143)
I20260807 16:58:25.306257 0x20b9da080 database_cache.cc:255] Loading pose priors...
I20260807 16:58:25.306268 0x20b9da080 database_cache.cc:263]  0 in 0.000s
I20260807 16:58:25.306273 0x20b9da080 database_cache.cc:271] Building correspondence graph...
I20260807 16:58:25.324831 0x20b9da080 database_cache.cc:300]  in 0.019s (ignored 0)
I20260807 16:58:25.333296 0x20b9da080 official_bundle_adjustment_ceres.cc:1434] [AETHER gravity] injected 4/4 roll/pitch anchors, sigma_rad=0.00872665
I20260807 16:58:25.333940 0x20b9da080 official_bundle_adjustment_ceres.cc:923] [AETHER] solver_used=DENSE_SCHUR sparse_backend=EIGEN_SPARSE dense_backend=EIGEN mixed=0 threads=1
I20260807 16:58:25.335964 0x20b9da080 official_bundle_adjustment_ceres.cc:1434] [AETHER gravity] injected 2/2 roll/pitch anchors, sigma_rad=0.00872665
I20260807 16:58:25.336008 0x20b9da080 official_bundle_adjustment_ceres.cc:923] [AETHER] solver_used=DENSE_SCHUR sparse_backend=EIGEN_SPARSE dense_backend=EIGEN mixed=0 threads=1
I20260807 16:58:25.514334 0x20b9da080 database_cache.cc:72] Loading rigs...
I20260807 16:58:25.514356 0x20b9da080 database_cache.cc:82]  0 in 0.000s
I20260807 16:58:25.514363 0x20b9da080 database_cache.cc:90] Loading cameras...
I20260807 16:58:25.514406 0x20b9da080 database_cache.cc:108]  144 in 0.000s
I20260807 16:58:25.514412 0x20b9da080 database_cache.cc:116] Loading frames...
I20260807 16:58:25.514420 0x20b9da080 database_cache.cc:126]  0 in 0.000s
I20260807 16:58:25.514425 0x20b9da080 database_cache.cc:134] Loading matches...
I20260807 16:58:25.515678 0x20b9da080 database_cache.cc:139]  1817 in 0.001s
I20260807 16:58:25.515693 0x20b9da080 database_cache.cc:147] Loading images...
I20260807 16:58:25.525696 0x20b9da080 database_cache.cc:236]  144 in 0.010s (loaded all 144)
I20260807 16:58:25.525717 0x20b9da080 database_cache.cc:255] Loading pose priors...
I20260807 16:58:25.525728 0x20b9da080 database_cache.cc:263]  0 in 0.000s
I20260807 16:58:25.525733 0x20b9da080 database_cache.cc:271] Building correspondence graph...
I20260807 16:58:25.544822 0x20b9da080 database_cache.cc:300]  in 0.019s (ignored 0)
I20260807 16:58:25.553777 0x20b9da080 official_bundle_adjustment_ceres.cc:1434] [AETHER gravity] injected 3/3 roll/pitch anchors, sigma_rad=0.00872665
I20260807 16:58:25.555472 0x20b9da080 official_bundle_adjustment_ceres.cc:923] [AETHER] solver_used=DENSE_SCHUR sparse_backend=EIGEN_SPARSE dense_backend=EIGEN mixed=0 threads=1
I20260807 16:58:25.557733 0x20b9da080 official_bundle_adjustment_ceres.cc:1434] [AETHER gravity] injected 4/4 roll/pitch anchors, sigma_rad=0.00872665
I20260807 16:58:25.560472 0x20b9da080 official_bundle_adjustment_ceres.cc:923] [AETHER] solver_used=DENSE_SCHUR sparse_backend=EIGEN_SPARSE dense_backend=EIGEN mixed=0 threads=1
I20260807 16:58:25.802457 0x20b9da080 database_cache.cc:72] Loading rigs...
I20260807 16:58:25.802471 0x20b9da080 database_cache.cc:82]  0 in 0.000s
I20260807 16:58:25.802475 0x20b9da080 database_cache.cc:90] Loading cameras...
I20260807 16:58:25.802510 0x20b9da080 database_cache.cc:108]  145 in 0.000s
I20260807 16:58:25.802513 0x20b9da080 database_cache.cc:116] Loading frames...
I20260807 16:58:25.802519 0x20b9da080 database_cache.cc:126]  0 in 0.000s
I20260807 16:58:25.802522 0x20b9da080 database_cache.cc:134] Loading matches...
I20260807 16:58:25.803641 0x20b9da080 database_cache.cc:139]  1839 in 0.001s
I20260807 16:58:25.803646 0x20b9da080 database_cache.cc:147] Loading images...
I20260807 16:58:25.813430 0x20b9da080 database_cache.cc:236]  145 in 0.010s (loaded all 145)
I20260807 16:58:25.813445 0x20b9da080 database_cache.cc:255] Loading pose priors...
I20260807 16:58:25.813453 0x20b9da080 database_cache.cc:263]  0 in 0.000s
I20260807 16:58:25.813457 0x20b9da080 database_cache.cc:271] Building correspondence graph...
I20260807 16:58:25.832115 0x20b9da080 database_cache.cc:300]  in 0.019s (ignored 0)
I20260807 16:58:25.840755 0x20b9da080 official_bundle_adjustment_ceres.cc:1434] [AETHER gravity] injected 4/4 roll/pitch anchors, sigma_rad=0.00872665
I20260807 16:58:25.844649 0x20b9da080 official_bundle_adjustment_ceres.cc:923] [AETHER] solver_used=DENSE_SCHUR sparse_backend=EIGEN_SPARSE dense_backend=EIGEN mixed=0 threads=1
I20260807 16:58:25.846989 0x20b9da080 official_bundle_adjustment_ceres.cc:1434] [AETHER gravity] injected 3/3 roll/pitch anchors, sigma_rad=0.00872665
I20260807 16:58:25.847186 0x20b9da080 official_bundle_adjustment_ceres.cc:923] [AETHER] solver_used=DENSE_SCHUR sparse_backend=EIGEN_SPARSE dense_backend=EIGEN mixed=0 threads=1
I20260807 16:58:26.056180 0x20b9da080 database_cache.cc:72] Loading rigs...
I20260807 16:58:26.056981 0x20b9da080 database_cache.cc:82]  0 in 0.001s
I20260807 16:58:26.056988 0x20b9da080 database_cache.cc:90] Loading cameras...
I20260807 16:58:26.057025 0x20b9da080 database_cache.cc:108]  146 in 0.000s
I20260807 16:58:26.057029 0x20b9da080 database_cache.cc:116] Loading frames...
I20260807 16:58:26.057037 0x20b9da080 database_cache.cc:126]  0 in 0.000s
I20260807 16:58:26.057041 0x20b9da080 database_cache.cc:134] Loading matches...
I20260807 16:58:26.062212 0x20b9da080 database_cache.cc:139]  1855 in 0.005s
I20260807 16:58:26.062217 0x20b9da080 database_cache.cc:147] Loading images...
I20260807 16:58:26.075011 0x20b9da080 database_cache.cc:236]  146 in 0.013s (loaded all 146)
I20260807 16:58:26.075025 0x20b9da080 database_cache.cc:255] Loading pose priors...
I20260807 16:58:26.075032 0x20b9da080 database_cache.cc:263]  0 in 0.000s
I20260807 16:58:26.075037 0x20b9da080 database_cache.cc:271] Building correspondence graph...
I20260807 16:58:26.093780 0x20b9da080 database_cache.cc:300]  in 0.019s (ignored 0)
I20260807 16:58:26.300587 0x20b9da080 database_cache.cc:72] Loading rigs...
I20260807 16:58:26.300602 0x20b9da080 database_cache.cc:82]  0 in 0.000s
I20260807 16:58:26.300606 0x20b9da080 database_cache.cc:90] Loading cameras...
I20260807 16:58:26.300642 0x20b9da080 database_cache.cc:108]  147 in 0.000s
I20260807 16:58:26.300647 0x20b9da080 database_cache.cc:116] Loading frames...
I20260807 16:58:26.300653 0x20b9da080 database_cache.cc:126]  0 in 0.000s
I20260807 16:58:26.300657 0x20b9da080 database_cache.cc:134] Loading matches...
I20260807 16:58:26.301769 0x20b9da080 database_cache.cc:139]  1870 in 0.001s
I20260807 16:58:26.301774 0x20b9da080 database_cache.cc:147] Loading images...
I20260807 16:58:26.311937 0x20b9da080 database_cache.cc:236]  147 in 0.010s (loaded all 147)
I20260807 16:58:26.311952 0x20b9da080 database_cache.cc:255] Loading pose priors...
I20260807 16:58:26.311961 0x20b9da080 database_cache.cc:263]  0 in 0.000s
I20260807 16:58:26.311965 0x20b9da080 database_cache.cc:271] Building correspondence graph...
I20260807 16:58:26.330915 0x20b9da080 database_cache.cc:300]  in 0.019s (ignored 0)
I20260807 16:58:26.542828 0x20b9da080 database_cache.cc:72] Loading rigs...
I20260807 16:58:26.542845 0x20b9da080 database_cache.cc:82]  0 in 0.000s
I20260807 16:58:26.542851 0x20b9da080 database_cache.cc:90] Loading cameras...
I20260807 16:58:26.542890 0x20b9da080 database_cache.cc:108]  148 in 0.000s
I20260807 16:58:26.542894 0x20b9da080 database_cache.cc:116] Loading frames...
I20260807 16:58:26.542902 0x20b9da080 database_cache.cc:126]  0 in 0.000s
I20260807 16:58:26.542906 0x20b9da080 database_cache.cc:134] Loading matches...
I20260807 16:58:26.544043 0x20b9da080 database_cache.cc:139]  1884 in 0.001s
I20260807 16:58:26.544049 0x20b9da080 database_cache.cc:147] Loading images...
I20260807 16:58:26.554051 0x20b9da080 database_cache.cc:236]  148 in 0.010s (loaded all 148)
I20260807 16:58:26.554068 0x20b9da080 database_cache.cc:255] Loading pose priors...
I20260807 16:58:26.554077 0x20b9da080 database_cache.cc:263]  0 in 0.000s
I20260807 16:58:26.554082 0x20b9da080 database_cache.cc:271] Building correspondence graph...
I20260807 16:58:26.573103 0x20b9da080 database_cache.cc:300]  in 0.019s (ignored 0)
I20260807 16:58:26.806198 0x20b9da080 database_cache.cc:72] Loading rigs...
I20260807 16:58:26.806217 0x20b9da080 database_cache.cc:82]  0 in 0.000s
I20260807 16:58:26.806223 0x20b9da080 database_cache.cc:90] Loading cameras...
I20260807 16:58:26.806258 0x20b9da080 database_cache.cc:108]  149 in 0.000s
I20260807 16:58:26.806262 0x20b9da080 database_cache.cc:116] Loading frames...
I20260807 16:58:26.806269 0x20b9da080 database_cache.cc:126]  0 in 0.000s
I20260807 16:58:26.806273 0x20b9da080 database_cache.cc:134] Loading matches...
I20260807 16:58:26.807449 0x20b9da080 database_cache.cc:139]  1897 in 0.001s
I20260807 16:58:26.807455 0x20b9da080 database_cache.cc:147] Loading images...
I20260807 16:58:26.817351 0x20b9da080 database_cache.cc:236]  149 in 0.010s (loaded all 149)
I20260807 16:58:26.817367 0x20b9da080 database_cache.cc:255] Loading pose priors...
I20260807 16:58:26.817377 0x20b9da080 database_cache.cc:263]  0 in 0.000s
I20260807 16:58:26.817382 0x20b9da080 database_cache.cc:271] Building correspondence graph...
I20260807 16:58:26.836672 0x20b9da080 database_cache.cc:300]  in 0.019s (ignored 0)
I20260807 16:58:27.117227 0x20b9da080 database_cache.cc:72] Loading rigs...
I20260807 16:58:27.117242 0x20b9da080 database_cache.cc:82]  0 in 0.000s
I20260807 16:58:27.117246 0x20b9da080 database_cache.cc:90] Loading cameras...
I20260807 16:58:27.117282 0x20b9da080 database_cache.cc:108]  150 in 0.000s
I20260807 16:58:27.117287 0x20b9da080 database_cache.cc:116] Loading frames...
I20260807 16:58:27.117293 0x20b9da080 database_cache.cc:126]  0 in 0.000s
I20260807 16:58:27.117297 0x20b9da080 database_cache.cc:134] Loading matches...
I20260807 16:58:27.118437 0x20b9da080 database_cache.cc:139]  1911 in 0.001s
I20260807 16:58:27.118442 0x20b9da080 database_cache.cc:147] Loading images...
I20260807 16:58:27.128724 0x20b9da080 database_cache.cc:236]  150 in 0.010s (loaded all 150)
I20260807 16:58:27.128737 0x20b9da080 database_cache.cc:255] Loading pose priors...
I20260807 16:58:27.128744 0x20b9da080 database_cache.cc:263]  0 in 0.000s
I20260807 16:58:27.128748 0x20b9da080 database_cache.cc:271] Building correspondence graph...
I20260807 16:58:27.148266 0x20b9da080 database_cache.cc:300]  in 0.020s (ignored 0)
  fed 150/201 frames (last n_kp=8192)
I20260807 16:58:27.381164 0x20b9da080 database_cache.cc:72] Loading rigs...
I20260807 16:58:27.381177 0x20b9da080 database_cache.cc:82]  0 in 0.000s
I20260807 16:58:27.381182 0x20b9da080 database_cache.cc:90] Loading cameras...
I20260807 16:58:27.381217 0x20b9da080 database_cache.cc:108]  151 in 0.000s
I20260807 16:58:27.381221 0x20b9da080 database_cache.cc:116] Loading frames...
I20260807 16:58:27.381228 0x20b9da080 database_cache.cc:126]  0 in 0.000s
I20260807 16:58:27.381231 0x20b9da080 database_cache.cc:134] Loading matches...
I20260807 16:58:27.383119 0x20b9da080 database_cache.cc:139]  1926 in 0.002s
I20260807 16:58:27.383124 0x20b9da080 database_cache.cc:147] Loading images...
I20260807 16:58:27.393223 0x20b9da080 database_cache.cc:236]  151 in 0.010s (loaded all 151)
I20260807 16:58:27.393239 0x20b9da080 database_cache.cc:255] Loading pose priors...
I20260807 16:58:27.393248 0x20b9da080 database_cache.cc:263]  0 in 0.000s
I20260807 16:58:27.393252 0x20b9da080 database_cache.cc:271] Building correspondence graph...
I20260807 16:58:27.413043 0x20b9da080 database_cache.cc:300]  in 0.020s (ignored 0)
I20260807 16:58:27.650385 0x20b9da080 database_cache.cc:72] Loading rigs...
I20260807 16:58:27.650412 0x20b9da080 database_cache.cc:82]  0 in 0.000s
I20260807 16:58:27.650421 0x20b9da080 database_cache.cc:90] Loading cameras...
I20260807 16:58:27.650463 0x20b9da080 database_cache.cc:108]  152 in 0.000s
I20260807 16:58:27.650468 0x20b9da080 database_cache.cc:116] Loading frames...
I20260807 16:58:27.650476 0x20b9da080 database_cache.cc:126]  0 in 0.000s
I20260807 16:58:27.650480 0x20b9da080 database_cache.cc:134] Loading matches...
I20260807 16:58:27.651719 0x20b9da080 database_cache.cc:139]  1940 in 0.001s
I20260807 16:58:27.651727 0x20b9da080 database_cache.cc:147] Loading images...
I20260807 16:58:27.662816 0x20b9da080 database_cache.cc:236]  152 in 0.011s (loaded all 152)
I20260807 16:58:27.662835 0x20b9da080 database_cache.cc:255] Loading pose priors...
I20260807 16:58:27.662846 0x20b9da080 database_cache.cc:263]  0 in 0.000s
I20260807 16:58:27.662851 0x20b9da080 database_cache.cc:271] Building correspondence graph...
I20260807 16:58:27.683684 0x20b9da080 database_cache.cc:300]  in 0.021s (ignored 0)
I20260807 16:58:27.693177 0x20b9da080 official_bundle_adjustment_ceres.cc:1434] [AETHER gravity] injected 2/2 roll/pitch anchors, sigma_rad=0.00872665
I20260807 16:58:27.693499 0x20b9da080 official_bundle_adjustment_ceres.cc:923] [AETHER] solver_used=DENSE_SCHUR sparse_backend=EIGEN_SPARSE dense_backend=EIGEN mixed=0 threads=1
I20260807 16:58:27.952445 0x20b9da080 database_cache.cc:72] Loading rigs...
I20260807 16:58:27.952466 0x20b9da080 database_cache.cc:82]  0 in 0.000s
I20260807 16:58:27.952472 0x20b9da080 database_cache.cc:90] Loading cameras...
I20260807 16:58:27.952513 0x20b9da080 database_cache.cc:108]  153 in 0.000s
I20260807 16:58:27.952517 0x20b9da080 database_cache.cc:116] Loading frames...
I20260807 16:58:27.952524 0x20b9da080 database_cache.cc:126]  0 in 0.000s
I20260807 16:58:27.952528 0x20b9da080 database_cache.cc:134] Loading matches...
I20260807 16:58:27.953734 0x20b9da080 database_cache.cc:139]  1953 in 0.001s
I20260807 16:58:27.953739 0x20b9da080 database_cache.cc:147] Loading images...
I20260807 16:58:27.964065 0x20b9da080 database_cache.cc:236]  153 in 0.010s (loaded all 153)
I20260807 16:58:27.964082 0x20b9da080 database_cache.cc:255] Loading pose priors...
I20260807 16:58:27.964091 0x20b9da080 database_cache.cc:263]  0 in 0.000s
I20260807 16:58:27.964096 0x20b9da080 database_cache.cc:271] Building correspondence graph...
I20260807 16:58:27.984854 0x20b9da080 database_cache.cc:300]  in 0.021s (ignored 0)
I20260807 16:58:28.239542 0x20b9da080 database_cache.cc:72] Loading rigs...
I20260807 16:58:28.239564 0x20b9da080 database_cache.cc:82]  0 in 0.000s
I20260807 16:58:28.239571 0x20b9da080 database_cache.cc:90] Loading cameras...
I20260807 16:58:28.239606 0x20b9da080 database_cache.cc:108]  154 in 0.000s
I20260807 16:58:28.239610 0x20b9da080 database_cache.cc:116] Loading frames...
I20260807 16:58:28.239617 0x20b9da080 database_cache.cc:126]  0 in 0.000s
I20260807 16:58:28.239620 0x20b9da080 database_cache.cc:134] Loading matches...
I20260807 16:58:28.240800 0x20b9da080 database_cache.cc:139]  1967 in 0.001s
I20260807 16:58:28.240806 0x20b9da080 database_cache.cc:147] Loading images...
I20260807 16:58:28.251298 0x20b9da080 database_cache.cc:236]  154 in 0.010s (loaded all 154)
I20260807 16:58:28.251321 0x20b9da080 database_cache.cc:255] Loading pose priors...
I20260807 16:58:28.251332 0x20b9da080 database_cache.cc:263]  0 in 0.000s
I20260807 16:58:28.251336 0x20b9da080 database_cache.cc:271] Building correspondence graph...
I20260807 16:58:28.271901 0x20b9da080 database_cache.cc:300]  in 0.021s (ignored 0)
I20260807 16:58:28.622587 0x20b9da080 database_cache.cc:72] Loading rigs...
I20260807 16:58:28.622603 0x20b9da080 database_cache.cc:82]  0 in 0.000s
I20260807 16:58:28.622608 0x20b9da080 database_cache.cc:90] Loading cameras...
I20260807 16:58:28.622645 0x20b9da080 database_cache.cc:108]  155 in 0.000s
I20260807 16:58:28.622649 0x20b9da080 database_cache.cc:116] Loading frames...
I20260807 16:58:28.622656 0x20b9da080 database_cache.cc:126]  0 in 0.000s
I20260807 16:58:28.622659 0x20b9da080 database_cache.cc:134] Loading matches...
I20260807 16:58:28.623854 0x20b9da080 database_cache.cc:139]  1982 in 0.001s
I20260807 16:58:28.623859 0x20b9da080 database_cache.cc:147] Loading images...
I20260807 16:58:28.634341 0x20b9da080 database_cache.cc:236]  155 in 0.010s (loaded all 155)
I20260807 16:58:28.634360 0x20b9da080 database_cache.cc:255] Loading pose priors...
I20260807 16:58:28.634369 0x20b9da080 database_cache.cc:263]  0 in 0.000s
I20260807 16:58:28.634374 0x20b9da080 database_cache.cc:271] Building correspondence graph...
I20260807 16:58:28.655048 0x20b9da080 database_cache.cc:300]  in 0.021s (ignored 0)
I20260807 16:58:28.664319 0x20b9da080 official_bundle_adjustment_ceres.cc:1434] [AETHER gravity] injected 4/4 roll/pitch anchors, sigma_rad=0.00872665
I20260807 16:58:28.664835 0x20b9da080 official_bundle_adjustment_ceres.cc:923] [AETHER] solver_used=DENSE_SCHUR sparse_backend=EIGEN_SPARSE dense_backend=EIGEN mixed=0 threads=1
I20260807 16:58:28.670035 0x20b9da080 official_bundle_adjustment_ceres.cc:1434] [AETHER gravity] injected 4/4 roll/pitch anchors, sigma_rad=0.00872665
I20260807 16:58:28.670246 0x20b9da080 official_bundle_adjustment_ceres.cc:923] [AETHER] solver_used=DENSE_SCHUR sparse_backend=EIGEN_SPARSE dense_backend=EIGEN mixed=0 threads=1
I20260807 16:58:29.024060 0x20b9da080 database_cache.cc:72] Loading rigs...
I20260807 16:58:29.024077 0x20b9da080 database_cache.cc:82]  0 in 0.000s
I20260807 16:58:29.024084 0x20b9da080 database_cache.cc:90] Loading cameras...
I20260807 16:58:29.024123 0x20b9da080 database_cache.cc:108]  156 in 0.000s
I20260807 16:58:29.024128 0x20b9da080 database_cache.cc:116] Loading frames...
I20260807 16:58:29.024136 0x20b9da080 database_cache.cc:126]  0 in 0.000s
I20260807 16:58:29.024140 0x20b9da080 database_cache.cc:134] Loading matches...
I20260807 16:58:29.026055 0x20b9da080 database_cache.cc:139]  1997 in 0.002s
I20260807 16:58:29.026064 0x20b9da080 database_cache.cc:147] Loading images...
I20260807 16:58:29.036858 0x20b9da080 database_cache.cc:236]  156 in 0.011s (loaded all 156)
I20260807 16:58:29.036875 0x20b9da080 database_cache.cc:255] Loading pose priors...
I20260807 16:58:29.036885 0x20b9da080 database_cache.cc:263]  0 in 0.000s
I20260807 16:58:29.036890 0x20b9da080 database_cache.cc:271] Building correspondence graph...
I20260807 16:58:29.057851 0x20b9da080 database_cache.cc:300]  in 0.021s (ignored 0)
I20260807 16:58:29.067001 0x20b9da080 official_bundle_adjustment_ceres.cc:1434] [AETHER gravity] injected 2/2 roll/pitch anchors, sigma_rad=0.00872665
I20260807 16:58:29.067195 0x20b9da080 official_bundle_adjustment_ceres.cc:923] [AETHER] solver_used=DENSE_SCHUR sparse_backend=EIGEN_SPARSE dense_backend=EIGEN mixed=0 threads=1
I20260807 16:58:29.071279 0x20b9da080 official_bundle_adjustment_ceres.cc:1434] [AETHER gravity] injected 3/3 roll/pitch anchors, sigma_rad=0.00872665
I20260807 16:58:29.071364 0x20b9da080 official_bundle_adjustment_ceres.cc:923] [AETHER] solver_used=DENSE_SCHUR sparse_backend=EIGEN_SPARSE dense_backend=EIGEN mixed=0 threads=1
I20260807 16:58:29.401784 0x20b9da080 database_cache.cc:72] Loading rigs...
I20260807 16:58:29.401800 0x20b9da080 database_cache.cc:82]  0 in 0.000s
I20260807 16:58:29.401805 0x20b9da080 database_cache.cc:90] Loading cameras...
I20260807 16:58:29.401842 0x20b9da080 database_cache.cc:108]  157 in 0.000s
I20260807 16:58:29.401846 0x20b9da080 database_cache.cc:116] Loading frames...
I20260807 16:58:29.401853 0x20b9da080 database_cache.cc:126]  0 in 0.000s
I20260807 16:58:29.401857 0x20b9da080 database_cache.cc:134] Loading matches...
I20260807 16:58:29.403097 0x20b9da080 database_cache.cc:139]  2015 in 0.001s
I20260807 16:58:29.403102 0x20b9da080 database_cache.cc:147] Loading images...
I20260807 16:58:29.413577 0x20b9da080 database_cache.cc:236]  157 in 0.010s (loaded all 157)
I20260807 16:58:29.413596 0x20b9da080 database_cache.cc:255] Loading pose priors...
I20260807 16:58:29.413605 0x20b9da080 database_cache.cc:263]  0 in 0.000s
I20260807 16:58:29.413609 0x20b9da080 database_cache.cc:271] Building correspondence graph...
I20260807 16:58:29.434811 0x20b9da080 database_cache.cc:300]  in 0.021s (ignored 0)
I20260807 16:58:29.444093 0x20b9da080 official_bundle_adjustment_ceres.cc:1434] [AETHER gravity] injected 2/2 roll/pitch anchors, sigma_rad=0.00872665
I20260807 16:58:29.444176 0x20b9da080 official_bundle_adjustment_ceres.cc:923] [AETHER] solver_used=DENSE_SCHUR sparse_backend=EIGEN_SPARSE dense_backend=EIGEN mixed=0 threads=1
I20260807 16:58:29.753965 0x20b9da080 database_cache.cc:72] Loading rigs...
I20260807 16:58:29.753985 0x20b9da080 database_cache.cc:82]  0 in 0.000s
I20260807 16:58:29.753992 0x20b9da080 database_cache.cc:90] Loading cameras...
I20260807 16:58:29.754033 0x20b9da080 database_cache.cc:108]  158 in 0.000s
I20260807 16:58:29.754038 0x20b9da080 database_cache.cc:116] Loading frames...
I20260807 16:58:29.754045 0x20b9da080 database_cache.cc:126]  0 in 0.000s
I20260807 16:58:29.754049 0x20b9da080 database_cache.cc:134] Loading matches...
I20260807 16:58:29.755309 0x20b9da080 database_cache.cc:139]  2033 in 0.001s
I20260807 16:58:29.755315 0x20b9da080 database_cache.cc:147] Loading images...
I20260807 16:58:29.766175 0x20b9da080 database_cache.cc:236]  158 in 0.011s (loaded all 158)
I20260807 16:58:29.766190 0x20b9da080 database_cache.cc:255] Loading pose priors...
I20260807 16:58:29.766200 0x20b9da080 database_cache.cc:263]  0 in 0.000s
I20260807 16:58:29.766204 0x20b9da080 database_cache.cc:271] Building correspondence graph...
I20260807 16:58:29.787463 0x20b9da080 database_cache.cc:300]  in 0.021s (ignored 0)
I20260807 16:58:30.021705 0x20b9da080 database_cache.cc:72] Loading rigs...
I20260807 16:58:30.021722 0x20b9da080 database_cache.cc:82]  0 in 0.000s
I20260807 16:58:30.021731 0x20b9da080 database_cache.cc:90] Loading cameras...
I20260807 16:58:30.021768 0x20b9da080 database_cache.cc:108]  159 in 0.000s
I20260807 16:58:30.021773 0x20b9da080 database_cache.cc:116] Loading frames...
I20260807 16:58:30.021780 0x20b9da080 database_cache.cc:126]  0 in 0.000s
I20260807 16:58:30.021785 0x20b9da080 database_cache.cc:134] Loading matches...
I20260807 16:58:30.023943 0x20b9da080 database_cache.cc:139]  2050 in 0.002s
I20260807 16:58:30.023951 0x20b9da080 database_cache.cc:147] Loading images...
I20260807 16:58:30.034776 0x20b9da080 database_cache.cc:236]  159 in 0.011s (loaded all 159)
I20260807 16:58:30.034796 0x20b9da080 database_cache.cc:255] Loading pose priors...
I20260807 16:58:30.034806 0x20b9da080 database_cache.cc:263]  0 in 0.000s
I20260807 16:58:30.034810 0x20b9da080 database_cache.cc:271] Building correspondence graph...
I20260807 16:58:30.057142 0x20b9da080 database_cache.cc:300]  in 0.022s (ignored 0)
I20260807 16:58:30.066889 0x20b9da080 official_bundle_adjustment_ceres.cc:1434] [AETHER gravity] injected 3/3 roll/pitch anchors, sigma_rad=0.00872665
I20260807 16:58:30.067148 0x20b9da080 official_bundle_adjustment_ceres.cc:923] [AETHER] solver_used=DENSE_SCHUR sparse_backend=EIGEN_SPARSE dense_backend=EIGEN mixed=0 threads=1
I20260807 16:58:30.071421 0x20b9da080 official_bundle_adjustment_ceres.cc:1434] [AETHER gravity] injected 4/4 roll/pitch anchors, sigma_rad=0.00872665
I20260807 16:58:30.072910 0x20b9da080 official_bundle_adjustment_ceres.cc:923] [AETHER] solver_used=DENSE_SCHUR sparse_backend=EIGEN_SPARSE dense_backend=EIGEN mixed=0 threads=1
I20260807 16:58:30.323315 0x20b9da080 database_cache.cc:72] Loading rigs...
I20260807 16:58:30.323337 0x20b9da080 database_cache.cc:82]  0 in 0.000s
I20260807 16:58:30.323343 0x20b9da080 database_cache.cc:90] Loading cameras...
I20260807 16:58:30.323382 0x20b9da080 database_cache.cc:108]  160 in 0.000s
I20260807 16:58:30.323387 0x20b9da080 database_cache.cc:116] Loading frames...
I20260807 16:58:30.323396 0x20b9da080 database_cache.cc:126]  0 in 0.000s
I20260807 16:58:30.323400 0x20b9da080 database_cache.cc:134] Loading matches...
I20260807 16:58:30.324696 0x20b9da080 database_cache.cc:139]  2064 in 0.001s
I20260807 16:58:30.324701 0x20b9da080 database_cache.cc:147] Loading images...
I20260807 16:58:30.335536 0x20b9da080 database_cache.cc:236]  160 in 0.011s (loaded all 160)
I20260807 16:58:30.335554 0x20b9da080 database_cache.cc:255] Loading pose priors...
I20260807 16:58:30.335563 0x20b9da080 database_cache.cc:263]  0 in 0.000s
I20260807 16:58:30.335568 0x20b9da080 database_cache.cc:271] Building correspondence graph...
I20260807 16:58:30.357654 0x20b9da080 database_cache.cc:300]  in 0.022s (ignored 0)
I20260807 16:58:30.367100 0x20b9da080 official_bundle_adjustment_ceres.cc:1434] [AETHER gravity] injected 2/2 roll/pitch anchors, sigma_rad=0.00872665
I20260807 16:58:30.367327 0x20b9da080 official_bundle_adjustment_ceres.cc:923] [AETHER] solver_used=DENSE_SCHUR sparse_backend=EIGEN_SPARSE dense_backend=EIGEN mixed=0 threads=1
I20260807 16:58:30.369613 0x20b9da080 official_bundle_adjustment_ceres.cc:1434] [AETHER gravity] injected 2/2 roll/pitch anchors, sigma_rad=0.00872665
I20260807 16:58:30.369698 0x20b9da080 official_bundle_adjustment_ceres.cc:923] [AETHER] solver_used=DENSE_SCHUR sparse_backend=EIGEN_SPARSE dense_backend=EIGEN mixed=0 threads=1
I20260807 16:58:30.527102 0x20b9da080 database_cache.cc:72] Loading rigs...
I20260807 16:58:30.527116 0x20b9da080 database_cache.cc:82]  0 in 0.000s
I20260807 16:58:30.527121 0x20b9da080 database_cache.cc:90] Loading cameras...
I20260807 16:58:30.527160 0x20b9da080 database_cache.cc:108]  161 in 0.000s
I20260807 16:58:30.527166 0x20b9da080 database_cache.cc:116] Loading frames...
I20260807 16:58:30.527174 0x20b9da080 database_cache.cc:126]  0 in 0.000s
I20260807 16:58:30.527178 0x20b9da080 database_cache.cc:134] Loading matches...
I20260807 16:58:30.528560 0x20b9da080 database_cache.cc:139]  2075 in 0.001s
I20260807 16:58:30.528571 0x20b9da080 database_cache.cc:147] Loading images...
I20260807 16:58:30.540065 0x20b9da080 database_cache.cc:236]  161 in 0.011s (loaded all 161)
I20260807 16:58:30.540079 0x20b9da080 database_cache.cc:255] Loading pose priors...
I20260807 16:58:30.540087 0x20b9da080 database_cache.cc:263]  0 in 0.000s
I20260807 16:58:30.540091 0x20b9da080 database_cache.cc:271] Building correspondence graph...
I20260807 16:58:30.561748 0x20b9da080 database_cache.cc:300]  in 0.022s (ignored 0)
I20260807 16:58:30.571241 0x20b9da080 official_bundle_adjustment_ceres.cc:1434] [AETHER gravity] injected 3/3 roll/pitch anchors, sigma_rad=0.00872665
I20260807 16:58:30.573145 0x20b9da080 official_bundle_adjustment_ceres.cc:923] [AETHER] solver_used=DENSE_SCHUR sparse_backend=EIGEN_SPARSE dense_backend=EIGEN mixed=0 threads=1
I20260807 16:58:30.575261 0x20b9da080 official_bundle_adjustment_ceres.cc:1434] [AETHER gravity] injected 3/3 roll/pitch anchors, sigma_rad=0.00872665
I20260807 16:58:30.576780 0x20b9da080 official_bundle_adjustment_ceres.cc:923] [AETHER] solver_used=DENSE_SCHUR sparse_backend=EIGEN_SPARSE dense_backend=EIGEN mixed=0 threads=1
I20260807 16:58:30.699910 0x20b9da080 database_cache.cc:72] Loading rigs...
I20260807 16:58:30.699923 0x20b9da080 database_cache.cc:82]  0 in 0.000s
I20260807 16:58:30.699927 0x20b9da080 database_cache.cc:90] Loading cameras...
I20260807 16:58:30.699963 0x20b9da080 database_cache.cc:108]  162 in 0.000s
I20260807 16:58:30.699968 0x20b9da080 database_cache.cc:116] Loading frames...
I20260807 16:58:30.699975 0x20b9da080 database_cache.cc:126]  0 in 0.000s
I20260807 16:58:30.699978 0x20b9da080 database_cache.cc:134] Loading matches...
I20260807 16:58:30.701239 0x20b9da080 database_cache.cc:139]  2086 in 0.001s
I20260807 16:58:30.701244 0x20b9da080 database_cache.cc:147] Loading images...
I20260807 16:58:30.712212 0x20b9da080 database_cache.cc:236]  162 in 0.011s (loaded all 162)
I20260807 16:58:30.712229 0x20b9da080 database_cache.cc:255] Loading pose priors...
I20260807 16:58:30.712241 0x20b9da080 database_cache.cc:263]  0 in 0.000s
I20260807 16:58:30.712246 0x20b9da080 database_cache.cc:271] Building correspondence graph...
I20260807 16:58:30.734180 0x20b9da080 database_cache.cc:300]  in 0.022s (ignored 0)
I20260807 16:58:30.743710 0x20b9da080 official_bundle_adjustment_ceres.cc:1434] [AETHER gravity] injected 2/2 roll/pitch anchors, sigma_rad=0.00872665
I20260807 16:58:30.743866 0x20b9da080 official_bundle_adjustment_ceres.cc:923] [AETHER] solver_used=DENSE_SCHUR sparse_backend=EIGEN_SPARSE dense_backend=EIGEN mixed=0 threads=1
I20260807 16:58:30.745697 0x20b9da080 official_bundle_adjustment_ceres.cc:1434] [AETHER gravity] injected 2/2 roll/pitch anchors, sigma_rad=0.00872665
I20260807 16:58:30.745785 0x20b9da080 official_bundle_adjustment_ceres.cc:923] [AETHER] solver_used=DENSE_SCHUR sparse_backend=EIGEN_SPARSE dense_backend=EIGEN mixed=0 threads=1
I20260807 16:58:30.859856 0x20b9da080 database_cache.cc:72] Loading rigs...
I20260807 16:58:30.859871 0x20b9da080 database_cache.cc:82]  0 in 0.000s
I20260807 16:58:30.859876 0x20b9da080 database_cache.cc:90] Loading cameras...
I20260807 16:58:30.859914 0x20b9da080 database_cache.cc:108]  163 in 0.000s
I20260807 16:58:30.859918 0x20b9da080 database_cache.cc:116] Loading frames...
I20260807 16:58:30.859925 0x20b9da080 database_cache.cc:126]  0 in 0.000s
I20260807 16:58:30.859928 0x20b9da080 database_cache.cc:134] Loading matches...
I20260807 16:58:30.861203 0x20b9da080 database_cache.cc:139]  2095 in 0.001s
I20260807 16:58:30.861209 0x20b9da080 database_cache.cc:147] Loading images...
I20260807 16:58:30.872311 0x20b9da080 database_cache.cc:236]  163 in 0.011s (loaded all 163)
I20260807 16:58:30.872331 0x20b9da080 database_cache.cc:255] Loading pose priors...
I20260807 16:58:30.872343 0x20b9da080 database_cache.cc:263]  0 in 0.000s
I20260807 16:58:30.872347 0x20b9da080 database_cache.cc:271] Building correspondence graph...
I20260807 16:58:30.894604 0x20b9da080 database_cache.cc:300]  in 0.022s (ignored 0)
I20260807 16:58:31.045524 0x20b9da080 database_cache.cc:72] Loading rigs...
I20260807 16:58:31.045541 0x20b9da080 database_cache.cc:82]  0 in 0.000s
I20260807 16:58:31.045548 0x20b9da080 database_cache.cc:90] Loading cameras...
I20260807 16:58:31.045588 0x20b9da080 database_cache.cc:108]  164 in 0.000s
I20260807 16:58:31.045593 0x20b9da080 database_cache.cc:116] Loading frames...
I20260807 16:58:31.045601 0x20b9da080 database_cache.cc:126]  0 in 0.000s
I20260807 16:58:31.045605 0x20b9da080 database_cache.cc:134] Loading matches...
I20260807 16:58:31.051009 0x20b9da080 database_cache.cc:139]  2100 in 0.005s
I20260807 16:58:31.051017 0x20b9da080 database_cache.cc:147] Loading images...
I20260807 16:58:31.066419 0x20b9da080 database_cache.cc:236]  164 in 0.015s (loaded all 164)
I20260807 16:58:31.066438 0x20b9da080 database_cache.cc:255] Loading pose priors...
I20260807 16:58:31.066447 0x20b9da080 database_cache.cc:263]  0 in 0.000s
I20260807 16:58:31.066451 0x20b9da080 database_cache.cc:271] Building correspondence graph...
I20260807 16:58:31.088918 0x20b9da080 database_cache.cc:300]  in 0.022s (ignored 0)
I20260807 16:58:31.246458 0x20b9da080 database_cache.cc:72] Loading rigs...
I20260807 16:58:31.246477 0x20b9da080 database_cache.cc:82]  0 in 0.000s
I20260807 16:58:31.246483 0x20b9da080 database_cache.cc:90] Loading cameras...
I20260807 16:58:31.246522 0x20b9da080 database_cache.cc:108]  165 in 0.000s
I20260807 16:58:31.246526 0x20b9da080 database_cache.cc:116] Loading frames...
I20260807 16:58:31.246533 0x20b9da080 database_cache.cc:126]  0 in 0.000s
I20260807 16:58:31.246537 0x20b9da080 database_cache.cc:134] Loading matches...
I20260807 16:58:31.247785 0x20b9da080 database_cache.cc:139]  2103 in 0.001s
I20260807 16:58:31.247791 0x20b9da080 database_cache.cc:147] Loading images...
I20260807 16:58:31.259279 0x20b9da080 database_cache.cc:236]  165 in 0.011s (loaded all 165)
I20260807 16:58:31.259302 0x20b9da080 database_cache.cc:255] Loading pose priors...
I20260807 16:58:31.259315 0x20b9da080 database_cache.cc:263]  0 in 0.000s
I20260807 16:58:31.259320 0x20b9da080 database_cache.cc:271] Building correspondence graph...
I20260807 16:58:31.282312 0x20b9da080 database_cache.cc:300]  in 0.023s (ignored 0)
I20260807 16:58:31.430373 0x20b9da080 database_cache.cc:72] Loading rigs...
I20260807 16:58:31.430393 0x20b9da080 database_cache.cc:82]  0 in 0.000s
I20260807 16:58:31.430400 0x20b9da080 database_cache.cc:90] Loading cameras...
I20260807 16:58:31.430442 0x20b9da080 database_cache.cc:108]  166 in 0.000s
I20260807 16:58:31.430447 0x20b9da080 database_cache.cc:116] Loading frames...
I20260807 16:58:31.430454 0x20b9da080 database_cache.cc:126]  0 in 0.000s
I20260807 16:58:31.430458 0x20b9da080 database_cache.cc:134] Loading matches...
I20260807 16:58:31.432204 0x20b9da080 database_cache.cc:139]  2113 in 0.002s
I20260807 16:58:31.432214 0x20b9da080 database_cache.cc:147] Loading images...
I20260807 16:58:31.443562 0x20b9da080 database_cache.cc:236]  166 in 0.011s (loaded all 166)
I20260807 16:58:31.443587 0x20b9da080 database_cache.cc:255] Loading pose priors...
I20260807 16:58:31.443599 0x20b9da080 database_cache.cc:263]  0 in 0.000s
I20260807 16:58:31.443605 0x20b9da080 database_cache.cc:271] Building correspondence graph...
I20260807 16:58:31.465707 0x20b9da080 database_cache.cc:300]  in 0.022s (ignored 0)
I20260807 16:58:31.475366 0x20b9da080 official_bundle_adjustment_ceres.cc:1434] [AETHER gravity] injected 4/4 roll/pitch anchors, sigma_rad=0.00872665
I20260807 16:58:31.475532 0x20b9da080 official_bundle_adjustment_ceres.cc:923] [AETHER] solver_used=DENSE_SCHUR sparse_backend=EIGEN_SPARSE dense_backend=EIGEN mixed=0 threads=1
I20260807 16:58:31.477097 0x20b9da080 official_bundle_adjustment_ceres.cc:1434] [AETHER gravity] injected 4/4 roll/pitch anchors, sigma_rad=0.00872665
I20260807 16:58:31.477175 0x20b9da080 official_bundle_adjustment_ceres.cc:923] [AETHER] solver_used=DENSE_SCHUR sparse_backend=EIGEN_SPARSE dense_backend=EIGEN mixed=0 threads=1
I20260807 16:58:31.681862 0x20b9da080 database_cache.cc:72] Loading rigs...
I20260807 16:58:31.681883 0x20b9da080 database_cache.cc:82]  0 in 0.000s
I20260807 16:58:31.681888 0x20b9da080 database_cache.cc:90] Loading cameras...
I20260807 16:58:31.681929 0x20b9da080 database_cache.cc:108]  167 in 0.000s
I20260807 16:58:31.681935 0x20b9da080 database_cache.cc:116] Loading frames...
I20260807 16:58:31.681943 0x20b9da080 database_cache.cc:126]  0 in 0.000s
I20260807 16:58:31.681949 0x20b9da080 database_cache.cc:134] Loading matches...
I20260807 16:58:31.685446 0x20b9da080 database_cache.cc:139]  2128 in 0.003s
I20260807 16:58:31.685454 0x20b9da080 database_cache.cc:147] Loading images...
I20260807 16:58:31.696590 0x20b9da080 database_cache.cc:236]  167 in 0.011s (loaded all 167)
I20260807 16:58:31.696608 0x20b9da080 database_cache.cc:255] Loading pose priors...
I20260807 16:58:31.696618 0x20b9da080 database_cache.cc:263]  0 in 0.000s
I20260807 16:58:31.696622 0x20b9da080 database_cache.cc:271] Building correspondence graph...
I20260807 16:58:31.719216 0x20b9da080 database_cache.cc:300]  in 0.023s (ignored 0)
I20260807 16:58:31.728951 0x20b9da080 official_bundle_adjustment_ceres.cc:1434] [AETHER gravity] injected 3/3 roll/pitch anchors, sigma_rad=0.00872665
I20260807 16:58:31.729307 0x20b9da080 official_bundle_adjustment_ceres.cc:923] [AETHER] solver_used=DENSE_SCHUR sparse_backend=EIGEN_SPARSE dense_backend=EIGEN mixed=0 threads=1
I20260807 16:58:31.731399 0x20b9da080 official_bundle_adjustment_ceres.cc:1434] [AETHER gravity] injected 3/3 roll/pitch anchors, sigma_rad=0.00872665
I20260807 16:58:31.731467 0x20b9da080 official_bundle_adjustment_ceres.cc:923] [AETHER] solver_used=DENSE_SCHUR sparse_backend=EIGEN_SPARSE dense_backend=EIGEN mixed=0 threads=1
I20260807 16:58:31.928872 0x20b9da080 database_cache.cc:72] Loading rigs...
I20260807 16:58:31.928888 0x20b9da080 database_cache.cc:82]  0 in 0.000s
I20260807 16:58:31.928893 0x20b9da080 database_cache.cc:90] Loading cameras...
I20260807 16:58:31.928932 0x20b9da080 database_cache.cc:108]  168 in 0.000s
I20260807 16:58:31.928936 0x20b9da080 database_cache.cc:116] Loading frames...
I20260807 16:58:31.928943 0x20b9da080 database_cache.cc:126]  0 in 0.000s
I20260807 16:58:31.928946 0x20b9da080 database_cache.cc:134] Loading matches...
I20260807 16:58:31.930258 0x20b9da080 database_cache.cc:139]  2143 in 0.001s
I20260807 16:58:31.930263 0x20b9da080 database_cache.cc:147] Loading images...
I20260807 16:58:31.941485 0x20b9da080 database_cache.cc:236]  168 in 0.011s (loaded all 168)
I20260807 16:58:31.941508 0x20b9da080 database_cache.cc:255] Loading pose priors...
I20260807 16:58:31.941518 0x20b9da080 database_cache.cc:263]  0 in 0.000s
I20260807 16:58:31.941523 0x20b9da080 database_cache.cc:271] Building correspondence graph...
I20260807 16:58:31.963974 0x20b9da080 database_cache.cc:300]  in 0.022s (ignored 0)
I20260807 16:58:32.182776 0x20b9da080 database_cache.cc:72] Loading rigs...
I20260807 16:58:32.182798 0x20b9da080 database_cache.cc:82]  0 in 0.000s
I20260807 16:58:32.182804 0x20b9da080 database_cache.cc:90] Loading cameras...
I20260807 16:58:32.182845 0x20b9da080 database_cache.cc:108]  169 in 0.000s
I20260807 16:58:32.182849 0x20b9da080 database_cache.cc:116] Loading frames...
I20260807 16:58:32.182856 0x20b9da080 database_cache.cc:126]  0 in 0.000s
I20260807 16:58:32.182859 0x20b9da080 database_cache.cc:134] Loading matches...
I20260807 16:58:32.184174 0x20b9da080 database_cache.cc:139]  2160 in 0.001s
I20260807 16:58:32.184182 0x20b9da080 database_cache.cc:147] Loading images...
I20260807 16:58:32.195523 0x20b9da080 database_cache.cc:236]  169 in 0.011s (loaded all 169)
I20260807 16:58:32.195541 0x20b9da080 database_cache.cc:255] Loading pose priors...
I20260807 16:58:32.195551 0x20b9da080 database_cache.cc:263]  0 in 0.000s
I20260807 16:58:32.195555 0x20b9da080 database_cache.cc:271] Building correspondence graph...
I20260807 16:58:32.218117 0x20b9da080 database_cache.cc:300]  in 0.023s (ignored 0)
I20260807 16:58:32.459759 0x20b9da080 database_cache.cc:72] Loading rigs...
I20260807 16:58:32.459978 0x20b9da080 database_cache.cc:82]  0 in 0.000s
I20260807 16:58:32.459984 0x20b9da080 database_cache.cc:90] Loading cameras...
I20260807 16:58:32.460028 0x20b9da080 database_cache.cc:108]  170 in 0.000s
I20260807 16:58:32.460033 0x20b9da080 database_cache.cc:116] Loading frames...
I20260807 16:58:32.460042 0x20b9da080 database_cache.cc:126]  0 in 0.000s
I20260807 16:58:32.460045 0x20b9da080 database_cache.cc:134] Loading matches...
I20260807 16:58:32.462251 0x20b9da080 database_cache.cc:139]  2176 in 0.002s
I20260807 16:58:32.462262 0x20b9da080 database_cache.cc:147] Loading images...
I20260807 16:58:32.474523 0x20b9da080 database_cache.cc:236]  170 in 0.012s (loaded all 170)
I20260807 16:58:32.474544 0x20b9da080 database_cache.cc:255] Loading pose priors...
I20260807 16:58:32.474556 0x20b9da080 database_cache.cc:263]  0 in 0.000s
I20260807 16:58:32.474561 0x20b9da080 database_cache.cc:271] Building correspondence graph...
I20260807 16:58:32.498287 0x20b9da080 database_cache.cc:300]  in 0.024s (ignored 0)
I20260807 16:58:32.508186 0x20b9da080 official_bundle_adjustment_ceres.cc:1434] [AETHER gravity] injected 3/3 roll/pitch anchors, sigma_rad=0.00872665
I20260807 16:58:32.508387 0x20b9da080 official_bundle_adjustment_ceres.cc:923] [AETHER] solver_used=DENSE_SCHUR sparse_backend=EIGEN_SPARSE dense_backend=EIGEN mixed=0 threads=1
I20260807 16:58:32.681392 0x20b9da080 database_cache.cc:72] Loading rigs...
I20260807 16:58:32.681415 0x20b9da080 database_cache.cc:82]  0 in 0.000s
I20260807 16:58:32.681421 0x20b9da080 database_cache.cc:90] Loading cameras...
I20260807 16:58:32.681465 0x20b9da080 database_cache.cc:108]  171 in 0.000s
I20260807 16:58:32.681470 0x20b9da080 database_cache.cc:116] Loading frames...
I20260807 16:58:32.681477 0x20b9da080 database_cache.cc:126]  0 in 0.000s
I20260807 16:58:32.681481 0x20b9da080 database_cache.cc:134] Loading matches...
I20260807 16:58:32.682888 0x20b9da080 database_cache.cc:139]  2187 in 0.001s
I20260807 16:58:32.682893 0x20b9da080 database_cache.cc:147] Loading images...
I20260807 16:58:32.694539 0x20b9da080 database_cache.cc:236]  171 in 0.012s (loaded all 171)
I20260807 16:58:32.694556 0x20b9da080 database_cache.cc:255] Loading pose priors...
I20260807 16:58:32.694566 0x20b9da080 database_cache.cc:263]  0 in 0.000s
I20260807 16:58:32.694570 0x20b9da080 database_cache.cc:271] Building correspondence graph...
I20260807 16:58:32.717478 0x20b9da080 database_cache.cc:300]  in 0.023s (ignored 0)
I20260807 16:58:32.727788 0x20b9da080 official_bundle_adjustment_ceres.cc:1434] [AETHER gravity] injected 2/2 roll/pitch anchors, sigma_rad=0.00872665
I20260807 16:58:32.727987 0x20b9da080 official_bundle_adjustment_ceres.cc:923] [AETHER] solver_used=DENSE_SCHUR sparse_backend=EIGEN_SPARSE dense_backend=EIGEN mixed=0 threads=1
I20260807 16:58:32.730030 0x20b9da080 official_bundle_adjustment_ceres.cc:1434] [AETHER gravity] injected 3/3 roll/pitch anchors, sigma_rad=0.00872665
I20260807 16:58:32.730384 0x20b9da080 official_bundle_adjustment_ceres.cc:923] [AETHER] solver_used=DENSE_SCHUR sparse_backend=EIGEN_SPARSE dense_backend=EIGEN mixed=0 threads=1
I20260807 16:58:32.937356 0x20b9da080 database_cache.cc:72] Loading rigs...
I20260807 16:58:32.937372 0x20b9da080 database_cache.cc:82]  0 in 0.000s
I20260807 16:58:32.937377 0x20b9da080 database_cache.cc:90] Loading cameras...
I20260807 16:58:32.937417 0x20b9da080 database_cache.cc:108]  172 in 0.000s
I20260807 16:58:32.937421 0x20b9da080 database_cache.cc:116] Loading frames...
I20260807 16:58:32.937429 0x20b9da080 database_cache.cc:126]  0 in 0.000s
I20260807 16:58:32.937432 0x20b9da080 database_cache.cc:134] Loading matches...
I20260807 16:58:32.939192 0x20b9da080 database_cache.cc:139]  2204 in 0.002s
I20260807 16:58:32.939199 0x20b9da080 database_cache.cc:147] Loading images...
I20260807 16:58:32.950786 0x20b9da080 database_cache.cc:236]  172 in 0.012s (loaded all 172)
I20260807 16:58:32.950803 0x20b9da080 database_cache.cc:255] Loading pose priors...
I20260807 16:58:32.950813 0x20b9da080 database_cache.cc:263]  0 in 0.000s
I20260807 16:58:32.950817 0x20b9da080 database_cache.cc:271] Building correspondence graph...
I20260807 16:58:32.973550 0x20b9da080 database_cache.cc:300]  in 0.023s (ignored 0)
I20260807 16:58:32.983573 0x20b9da080 official_bundle_adjustment_ceres.cc:1434] [AETHER gravity] injected 3/3 roll/pitch anchors, sigma_rad=0.00872665
I20260807 16:58:32.984110 0x20b9da080 official_bundle_adjustment_ceres.cc:923] [AETHER] solver_used=DENSE_SCHUR sparse_backend=EIGEN_SPARSE dense_backend=EIGEN mixed=0 threads=1
I20260807 16:58:32.987837 0x20b9da080 official_bundle_adjustment_ceres.cc:1434] [AETHER gravity] injected 4/4 roll/pitch anchors, sigma_rad=0.00872665
I20260807 16:58:32.992899 0x20b9da080 official_bundle_adjustment_ceres.cc:923] [AETHER] solver_used=DENSE_SCHUR sparse_backend=EIGEN_SPARSE dense_backend=EIGEN mixed=0 threads=1
I20260807 16:58:33.193402 0x20b9da080 database_cache.cc:72] Loading rigs...
I20260807 16:58:33.193418 0x20b9da080 database_cache.cc:82]  0 in 0.000s
I20260807 16:58:33.193423 0x20b9da080 database_cache.cc:90] Loading cameras...
I20260807 16:58:33.193464 0x20b9da080 database_cache.cc:108]  173 in 0.000s
I20260807 16:58:33.193468 0x20b9da080 database_cache.cc:116] Loading frames...
I20260807 16:58:33.193475 0x20b9da080 database_cache.cc:126]  0 in 0.000s
I20260807 16:58:33.193479 0x20b9da080 database_cache.cc:134] Loading matches...
I20260807 16:58:33.196633 0x20b9da080 database_cache.cc:139]  2224 in 0.003s
I20260807 16:58:33.196639 0x20b9da080 database_cache.cc:147] Loading images...
I20260807 16:58:33.208229 0x20b9da080 database_cache.cc:236]  173 in 0.012s (loaded all 173)
I20260807 16:58:33.208246 0x20b9da080 database_cache.cc:255] Loading pose priors...
I20260807 16:58:33.208257 0x20b9da080 database_cache.cc:263]  0 in 0.000s
I20260807 16:58:33.208262 0x20b9da080 database_cache.cc:271] Building correspondence graph...
I20260807 16:58:33.231690 0x20b9da080 database_cache.cc:300]  in 0.023s (ignored 0)
I20260807 16:58:33.242064 0x20b9da080 official_bundle_adjustment_ceres.cc:1434] [AETHER gravity] injected 3/3 roll/pitch anchors, sigma_rad=0.00872665
I20260807 16:58:33.242576 0x20b9da080 official_bundle_adjustment_ceres.cc:923] [AETHER] solver_used=DENSE_SCHUR sparse_backend=EIGEN_SPARSE dense_backend=EIGEN mixed=0 threads=1
I20260807 16:58:33.245256 0x20b9da080 official_bundle_adjustment_ceres.cc:1434] [AETHER gravity] injected 6/6 roll/pitch anchors, sigma_rad=0.00872665
I20260807 16:58:33.246369 0x20b9da080 official_bundle_adjustment_ceres.cc:923] [AETHER] solver_used=DENSE_SCHUR sparse_backend=EIGEN_SPARSE dense_backend=EIGEN mixed=0 threads=1
I20260807 16:58:33.417104 0x20b9da080 database_cache.cc:72] Loading rigs...
I20260807 16:58:33.417117 0x20b9da080 database_cache.cc:82]  0 in 0.000s
I20260807 16:58:33.417122 0x20b9da080 database_cache.cc:90] Loading cameras...
I20260807 16:58:33.417164 0x20b9da080 database_cache.cc:108]  174 in 0.000s
I20260807 16:58:33.417168 0x20b9da080 database_cache.cc:116] Loading frames...
I20260807 16:58:33.417176 0x20b9da080 database_cache.cc:126]  0 in 0.000s
I20260807 16:58:33.417179 0x20b9da080 database_cache.cc:134] Loading matches...
I20260807 16:58:33.419270 0x20b9da080 database_cache.cc:139]  2244 in 0.002s
I20260807 16:58:33.419282 0x20b9da080 database_cache.cc:147] Loading images...
I20260807 16:58:33.430976 0x20b9da080 database_cache.cc:236]  174 in 0.012s (loaded all 174)
I20260807 16:58:33.430992 0x20b9da080 database_cache.cc:255] Loading pose priors...
I20260807 16:58:33.431003 0x20b9da080 database_cache.cc:263]  0 in 0.000s
I20260807 16:58:33.431007 0x20b9da080 database_cache.cc:271] Building correspondence graph...
I20260807 16:58:33.454089 0x20b9da080 database_cache.cc:300]  in 0.023s (ignored 0)
W20260807 16:58:33.464228 0x20b9da080 official_bundle_adjustment_ceres.cc:616] Failed to fix Gauge due to insufficient number of fixed points: 1
I20260807 16:58:33.464242 0x20b9da080 official_bundle_adjustment_ceres.cc:1434] [AETHER gravity] injected 2/2 roll/pitch anchors, sigma_rad=0.00872665
I20260807 16:58:33.464298 0x20b9da080 official_bundle_adjustment_ceres.cc:923] [AETHER] solver_used=DENSE_SCHUR sparse_backend=EIGEN_SPARSE dense_backend=EIGEN mixed=0 threads=1
I20260807 16:58:33.466442 0x20b9da080 official_bundle_adjustment_ceres.cc:1434] [AETHER gravity] injected 2/2 roll/pitch anchors, sigma_rad=0.00872665
I20260807 16:58:33.466493 0x20b9da080 official_bundle_adjustment_ceres.cc:923] [AETHER] solver_used=DENSE_SCHUR sparse_backend=EIGEN_SPARSE dense_backend=EIGEN mixed=0 threads=1
I20260807 16:58:33.650187 0x20b9da080 database_cache.cc:72] Loading rigs...
I20260807 16:58:33.650203 0x20b9da080 database_cache.cc:82]  0 in 0.000s
I20260807 16:58:33.650208 0x20b9da080 database_cache.cc:90] Loading cameras...
I20260807 16:58:33.650248 0x20b9da080 database_cache.cc:108]  175 in 0.000s
I20260807 16:58:33.650252 0x20b9da080 database_cache.cc:116] Loading frames...
I20260807 16:58:33.650259 0x20b9da080 database_cache.cc:126]  0 in 0.000s
I20260807 16:58:33.650263 0x20b9da080 database_cache.cc:134] Loading matches...
I20260807 16:58:33.651588 0x20b9da080 database_cache.cc:139]  2262 in 0.001s
I20260807 16:58:33.651593 0x20b9da080 database_cache.cc:147] Loading images...
I20260807 16:58:33.663960 0x20b9da080 database_cache.cc:236]  175 in 0.012s (loaded all 175)
I20260807 16:58:33.663981 0x20b9da080 database_cache.cc:255] Loading pose priors...
I20260807 16:58:33.663990 0x20b9da080 database_cache.cc:263]  0 in 0.000s
I20260807 16:58:33.663995 0x20b9da080 database_cache.cc:271] Building correspondence graph...
I20260807 16:58:33.688041 0x20b9da080 database_cache.cc:300]  in 0.024s (ignored 0)
I20260807 16:58:33.699158 0x20b9da080 official_bundle_adjustment_ceres.cc:1434] [AETHER gravity] injected 4/4 roll/pitch anchors, sigma_rad=0.00872665
I20260807 16:58:33.699458 0x20b9da080 official_bundle_adjustment_ceres.cc:923] [AETHER] solver_used=DENSE_SCHUR sparse_backend=EIGEN_SPARSE dense_backend=EIGEN mixed=0 threads=1
I20260807 16:58:33.701839 0x20b9da080 official_bundle_adjustment_ceres.cc:1434] [AETHER gravity] injected 4/4 roll/pitch anchors, sigma_rad=0.00872665
I20260807 16:58:33.702690 0x20b9da080 official_bundle_adjustment_ceres.cc:923] [AETHER] solver_used=DENSE_SCHUR sparse_backend=EIGEN_SPARSE dense_backend=EIGEN mixed=0 threads=1
  fed 175/201 frames (last n_kp=8168)
I20260807 16:58:33.897878 0x20b9da080 database_cache.cc:72] Loading rigs...
I20260807 16:58:33.897894 0x20b9da080 database_cache.cc:82]  0 in 0.000s
I20260807 16:58:33.897899 0x20b9da080 database_cache.cc:90] Loading cameras...
I20260807 16:58:33.897938 0x20b9da080 database_cache.cc:108]  176 in 0.000s
I20260807 16:58:33.897942 0x20b9da080 database_cache.cc:116] Loading frames...
I20260807 16:58:33.897948 0x20b9da080 database_cache.cc:126]  0 in 0.000s
I20260807 16:58:33.897952 0x20b9da080 database_cache.cc:134] Loading matches...
I20260807 16:58:33.899979 0x20b9da080 database_cache.cc:139]  2280 in 0.002s
I20260807 16:58:33.899988 0x20b9da080 database_cache.cc:147] Loading images...
I20260807 16:58:33.911988 0x20b9da080 database_cache.cc:236]  176 in 0.012s (loaded all 176)
I20260807 16:58:33.912008 0x20b9da080 database_cache.cc:255] Loading pose priors...
I20260807 16:58:33.912018 0x20b9da080 database_cache.cc:263]  0 in 0.000s
I20260807 16:58:33.912023 0x20b9da080 database_cache.cc:271] Building correspondence graph...
I20260807 16:58:33.935339 0x20b9da080 database_cache.cc:300]  in 0.023s (ignored 0)
I20260807 16:58:33.945651 0x20b9da080 official_bundle_adjustment_ceres.cc:1434] [AETHER gravity] injected 2/2 roll/pitch anchors, sigma_rad=0.00872665
I20260807 16:58:33.945846 0x20b9da080 official_bundle_adjustment_ceres.cc:923] [AETHER] solver_used=DENSE_SCHUR sparse_backend=EIGEN_SPARSE dense_backend=EIGEN mixed=0 threads=1
I20260807 16:58:33.948287 0x20b9da080 official_bundle_adjustment_ceres.cc:1434] [AETHER gravity] injected 2/2 roll/pitch anchors, sigma_rad=0.00872665
I20260807 16:58:33.948371 0x20b9da080 official_bundle_adjustment_ceres.cc:923] [AETHER] solver_used=DENSE_SCHUR sparse_backend=EIGEN_SPARSE dense_backend=EIGEN mixed=0 threads=1
I20260807 16:58:34.133546 0x20b9da080 database_cache.cc:72] Loading rigs...
I20260807 16:58:34.133560 0x20b9da080 database_cache.cc:82]  0 in 0.000s
I20260807 16:58:34.133565 0x20b9da080 database_cache.cc:90] Loading cameras...
I20260807 16:58:34.133604 0x20b9da080 database_cache.cc:108]  177 in 0.000s
I20260807 16:58:34.133609 0x20b9da080 database_cache.cc:116] Loading frames...
I20260807 16:58:34.133617 0x20b9da080 database_cache.cc:126]  0 in 0.000s
I20260807 16:58:34.133621 0x20b9da080 database_cache.cc:134] Loading matches...
I20260807 16:58:34.134958 0x20b9da080 database_cache.cc:139]  2294 in 0.001s
I20260807 16:58:34.134963 0x20b9da080 database_cache.cc:147] Loading images...
I20260807 16:58:34.146868 0x20b9da080 database_cache.cc:236]  177 in 0.012s (loaded all 177)
I20260807 16:58:34.146886 0x20b9da080 database_cache.cc:255] Loading pose priors...
I20260807 16:58:34.146896 0x20b9da080 database_cache.cc:263]  0 in 0.000s
I20260807 16:58:34.146901 0x20b9da080 database_cache.cc:271] Building correspondence graph...
I20260807 16:58:34.170205 0x20b9da080 database_cache.cc:300]  in 0.023s (ignored 0)
I20260807 16:58:34.356891 0x20b9da080 database_cache.cc:72] Loading rigs...
I20260807 16:58:34.356906 0x20b9da080 database_cache.cc:82]  0 in 0.000s
I20260807 16:58:34.356911 0x20b9da080 database_cache.cc:90] Loading cameras...
I20260807 16:58:34.356953 0x20b9da080 database_cache.cc:108]  178 in 0.000s
I20260807 16:58:34.356957 0x20b9da080 database_cache.cc:116] Loading frames...
I20260807 16:58:34.356965 0x20b9da080 database_cache.cc:126]  0 in 0.000s
I20260807 16:58:34.356969 0x20b9da080 database_cache.cc:134] Loading matches...
I20260807 16:58:34.358322 0x20b9da080 database_cache.cc:139]  2304 in 0.001s
I20260807 16:58:34.358327 0x20b9da080 database_cache.cc:147] Loading images...
I20260807 16:58:34.370283 0x20b9da080 database_cache.cc:236]  178 in 0.012s (loaded all 178)
I20260807 16:58:34.370300 0x20b9da080 database_cache.cc:255] Loading pose priors...
I20260807 16:58:34.370311 0x20b9da080 database_cache.cc:263]  0 in 0.000s
I20260807 16:58:34.370315 0x20b9da080 database_cache.cc:271] Building correspondence graph...
I20260807 16:58:34.393831 0x20b9da080 database_cache.cc:300]  in 0.024s (ignored 0)
I20260807 16:58:34.607506 0x20b9da080 database_cache.cc:72] Loading rigs...
I20260807 16:58:34.607521 0x20b9da080 database_cache.cc:82]  0 in 0.000s
I20260807 16:58:34.607526 0x20b9da080 database_cache.cc:90] Loading cameras...
I20260807 16:58:34.607567 0x20b9da080 database_cache.cc:108]  179 in 0.000s
I20260807 16:58:34.607571 0x20b9da080 database_cache.cc:116] Loading frames...
I20260807 16:58:34.607578 0x20b9da080 database_cache.cc:126]  0 in 0.000s
I20260807 16:58:34.607582 0x20b9da080 database_cache.cc:134] Loading matches...
I20260807 16:58:34.610070 0x20b9da080 database_cache.cc:139]  2321 in 0.002s
I20260807 16:58:34.610075 0x20b9da080 database_cache.cc:147] Loading images...
I20260807 16:58:34.621967 0x20b9da080 database_cache.cc:236]  179 in 0.012s (loaded all 179)
I20260807 16:58:34.621984 0x20b9da080 database_cache.cc:255] Loading pose priors...
I20260807 16:58:34.621993 0x20b9da080 database_cache.cc:263]  0 in 0.000s
I20260807 16:58:34.621998 0x20b9da080 database_cache.cc:271] Building correspondence graph...
I20260807 16:58:34.646141 0x20b9da080 database_cache.cc:300]  in 0.024s (ignored 0)
I20260807 16:58:34.904805 0x20b9da080 database_cache.cc:72] Loading rigs...
I20260807 16:58:34.904821 0x20b9da080 database_cache.cc:82]  0 in 0.000s
I20260807 16:58:34.904826 0x20b9da080 database_cache.cc:90] Loading cameras...
I20260807 16:58:34.904870 0x20b9da080 database_cache.cc:108]  180 in 0.000s
I20260807 16:58:34.904874 0x20b9da080 database_cache.cc:116] Loading frames...
I20260807 16:58:34.904882 0x20b9da080 database_cache.cc:126]  0 in 0.000s
I20260807 16:58:34.904886 0x20b9da080 database_cache.cc:134] Loading matches...
I20260807 16:58:34.907441 0x20b9da080 database_cache.cc:139]  2337 in 0.003s
I20260807 16:58:34.907450 0x20b9da080 database_cache.cc:147] Loading images...
I20260807 16:58:34.919667 0x20b9da080 database_cache.cc:236]  180 in 0.012s (loaded all 180)
I20260807 16:58:34.919685 0x20b9da080 database_cache.cc:255] Loading pose priors...
I20260807 16:58:34.919699 0x20b9da080 database_cache.cc:263]  0 in 0.000s
I20260807 16:58:34.919704 0x20b9da080 database_cache.cc:271] Building correspondence graph...
I20260807 16:58:34.943883 0x20b9da080 database_cache.cc:300]  in 0.024s (ignored 0)
I20260807 16:58:34.954982 0x20b9da080 official_bundle_adjustment_ceres.cc:1434] [AETHER gravity] injected 2/2 roll/pitch anchors, sigma_rad=0.00872665
I20260807 16:58:34.955098 0x20b9da080 official_bundle_adjustment_ceres.cc:923] [AETHER] solver_used=DENSE_SCHUR sparse_backend=EIGEN_SPARSE dense_backend=EIGEN mixed=0 threads=1
I20260807 16:58:34.957775 0x20b9da080 official_bundle_adjustment_ceres.cc:1434] [AETHER gravity] injected 3/3 roll/pitch anchors, sigma_rad=0.00872665
I20260807 16:58:34.957955 0x20b9da080 official_bundle_adjustment_ceres.cc:923] [AETHER] solver_used=DENSE_SCHUR sparse_backend=EIGEN_SPARSE dense_backend=EIGEN mixed=0 threads=1
I20260807 16:58:35.184752 0x20b9da080 database_cache.cc:72] Loading rigs...
I20260807 16:58:35.184772 0x20b9da080 database_cache.cc:82]  0 in 0.000s
I20260807 16:58:35.184778 0x20b9da080 database_cache.cc:90] Loading cameras...
I20260807 16:58:35.184821 0x20b9da080 database_cache.cc:108]  181 in 0.000s
I20260807 16:58:35.184826 0x20b9da080 database_cache.cc:116] Loading frames...
I20260807 16:58:35.184832 0x20b9da080 database_cache.cc:126]  0 in 0.000s
I20260807 16:58:35.184836 0x20b9da080 database_cache.cc:134] Loading matches...
I20260807 16:58:35.186238 0x20b9da080 database_cache.cc:139]  2355 in 0.001s
I20260807 16:58:35.186244 0x20b9da080 database_cache.cc:147] Loading images...
I20260807 16:58:35.198548 0x20b9da080 database_cache.cc:236]  181 in 0.012s (loaded all 181)
I20260807 16:58:35.198687 0x20b9da080 database_cache.cc:255] Loading pose priors...
I20260807 16:58:35.198702 0x20b9da080 database_cache.cc:263]  0 in 0.000s
I20260807 16:58:35.198706 0x20b9da080 database_cache.cc:271] Building correspondence graph...
I20260807 16:58:35.222402 0x20b9da080 database_cache.cc:300]  in 0.024s (ignored 0)
I20260807 16:58:35.232961 0x20b9da080 official_bundle_adjustment_ceres.cc:1434] [AETHER gravity] injected 5/5 roll/pitch anchors, sigma_rad=0.00872665
I20260807 16:58:35.233833 0x20b9da080 official_bundle_adjustment_ceres.cc:923] [AETHER] solver_used=DENSE_SCHUR sparse_backend=EIGEN_SPARSE dense_backend=EIGEN mixed=0 threads=1
I20260807 16:58:35.236666 0x20b9da080 official_bundle_adjustment_ceres.cc:1434] [AETHER gravity] injected 5/5 roll/pitch anchors, sigma_rad=0.00872665
I20260807 16:58:35.238694 0x20b9da080 official_bundle_adjustment_ceres.cc:923] [AETHER] solver_used=DENSE_SCHUR sparse_backend=EIGEN_SPARSE dense_backend=EIGEN mixed=0 threads=1
I20260807 16:58:35.515888 0x20b9da080 database_cache.cc:72] Loading rigs...
I20260807 16:58:35.515903 0x20b9da080 database_cache.cc:82]  0 in 0.000s
I20260807 16:58:35.515908 0x20b9da080 database_cache.cc:90] Loading cameras...
I20260807 16:58:35.515950 0x20b9da080 database_cache.cc:108]  182 in 0.000s
I20260807 16:58:35.515954 0x20b9da080 database_cache.cc:116] Loading frames...
I20260807 16:58:35.515962 0x20b9da080 database_cache.cc:126]  0 in 0.000s
I20260807 16:58:35.515965 0x20b9da080 database_cache.cc:134] Loading matches...
I20260807 16:58:35.517389 0x20b9da080 database_cache.cc:139]  2373 in 0.001s
I20260807 16:58:35.517395 0x20b9da080 database_cache.cc:147] Loading images...
I20260807 16:58:35.529612 0x20b9da080 database_cache.cc:236]  182 in 0.012s (loaded all 182)
I20260807 16:58:35.529630 0x20b9da080 database_cache.cc:255] Loading pose priors...
I20260807 16:58:35.529640 0x20b9da080 database_cache.cc:263]  0 in 0.000s
I20260807 16:58:35.529644 0x20b9da080 database_cache.cc:271] Building correspondence graph...
I20260807 16:58:35.553732 0x20b9da080 database_cache.cc:300]  in 0.024s (ignored 0)
I20260807 16:58:35.564382 0x20b9da080 official_bundle_adjustment_ceres.cc:1434] [AETHER gravity] injected 3/3 roll/pitch anchors, sigma_rad=0.00872665
I20260807 16:58:35.565216 0x20b9da080 official_bundle_adjustment_ceres.cc:923] [AETHER] solver_used=DENSE_SCHUR sparse_backend=EIGEN_SPARSE dense_backend=EIGEN mixed=0 threads=1
I20260807 16:58:35.567570 0x20b9da080 official_bundle_adjustment_ceres.cc:1434] [AETHER gravity] injected 5/5 roll/pitch anchors, sigma_rad=0.00872665
I20260807 16:58:35.567764 0x20b9da080 official_bundle_adjustment_ceres.cc:923] [AETHER] solver_used=DENSE_SCHUR sparse_backend=EIGEN_SPARSE dense_backend=EIGEN mixed=0 threads=1
I20260807 16:58:35.858824 0x20b9da080 database_cache.cc:72] Loading rigs...
I20260807 16:58:35.858845 0x20b9da080 database_cache.cc:82]  0 in 0.000s
I20260807 16:58:35.858851 0x20b9da080 database_cache.cc:90] Loading cameras...
I20260807 16:58:35.858891 0x20b9da080 database_cache.cc:108]  183 in 0.000s
I20260807 16:58:35.858895 0x20b9da080 database_cache.cc:116] Loading frames...
I20260807 16:58:35.858901 0x20b9da080 database_cache.cc:126]  0 in 0.000s
I20260807 16:58:35.858905 0x20b9da080 database_cache.cc:134] Loading matches...
I20260807 16:58:35.860268 0x20b9da080 database_cache.cc:139]  2393 in 0.001s
I20260807 16:58:35.860274 0x20b9da080 database_cache.cc:147] Loading images...
I20260807 16:58:35.872546 0x20b9da080 database_cache.cc:236]  183 in 0.012s (loaded all 183)
I20260807 16:58:35.872562 0x20b9da080 database_cache.cc:255] Loading pose priors...
I20260807 16:58:35.872573 0x20b9da080 database_cache.cc:263]  0 in 0.000s
I20260807 16:58:35.872577 0x20b9da080 database_cache.cc:271] Building correspondence graph...
I20260807 16:58:35.896660 0x20b9da080 database_cache.cc:300]  in 0.024s (ignored 0)
I20260807 16:58:35.907398 0x20b9da080 official_bundle_adjustment_ceres.cc:1434] [AETHER gravity] injected 3/3 roll/pitch anchors, sigma_rad=0.00872665
I20260807 16:58:35.908129 0x20b9da080 official_bundle_adjustment_ceres.cc:923] [AETHER] solver_used=DENSE_SCHUR sparse_backend=EIGEN_SPARSE dense_backend=EIGEN mixed=0 threads=1
I20260807 16:58:35.911853 0x20b9da080 official_bundle_adjustment_ceres.cc:1434] [AETHER gravity] injected 4/4 roll/pitch anchors, sigma_rad=0.00872665
I20260807 16:58:35.912481 0x20b9da080 official_bundle_adjustment_ceres.cc:923] [AETHER] solver_used=DENSE_SCHUR sparse_backend=EIGEN_SPARSE dense_backend=EIGEN mixed=0 threads=1
I20260807 16:58:36.159056 0x20b9da080 database_cache.cc:72] Loading rigs...
I20260807 16:58:36.159073 0x20b9da080 database_cache.cc:82]  0 in 0.000s
I20260807 16:58:36.159079 0x20b9da080 database_cache.cc:90] Loading cameras...
I20260807 16:58:36.159125 0x20b9da080 database_cache.cc:108]  184 in 0.000s
I20260807 16:58:36.159133 0x20b9da080 database_cache.cc:116] Loading frames...
I20260807 16:58:36.159141 0x20b9da080 database_cache.cc:126]  0 in 0.000s
I20260807 16:58:36.159146 0x20b9da080 database_cache.cc:134] Loading matches...
I20260807 16:58:36.168029 0x20b9da080 database_cache.cc:139]  2411 in 0.009s
I20260807 16:58:36.168052 0x20b9da080 database_cache.cc:147] Loading images...
I20260807 16:58:36.186102 0x20b9da080 database_cache.cc:236]  184 in 0.018s (loaded all 184)
I20260807 16:58:36.186126 0x20b9da080 database_cache.cc:255] Loading pose priors...
I20260807 16:58:36.186136 0x20b9da080 database_cache.cc:263]  0 in 0.000s
I20260807 16:58:36.186142 0x20b9da080 database_cache.cc:271] Building correspondence graph...
I20260807 16:58:36.210909 0x20b9da080 database_cache.cc:300]  in 0.025s (ignored 0)
I20260807 16:58:36.221652 0x20b9da080 official_bundle_adjustment_ceres.cc:1434] [AETHER gravity] injected 2/2 roll/pitch anchors, sigma_rad=0.00872665
I20260807 16:58:36.222254 0x20b9da080 official_bundle_adjustment_ceres.cc:923] [AETHER] solver_used=DENSE_SCHUR sparse_backend=EIGEN_SPARSE dense_backend=EIGEN mixed=0 threads=1
I20260807 16:58:36.225558 0x20b9da080 official_bundle_adjustment_ceres.cc:1434] [AETHER gravity] injected 3/3 roll/pitch anchors, sigma_rad=0.00872665
I20260807 16:58:36.226826 0x20b9da080 official_bundle_adjustment_ceres.cc:923] [AETHER] solver_used=DENSE_SCHUR sparse_backend=EIGEN_SPARSE dense_backend=EIGEN mixed=0 threads=1
I20260807 16:58:36.501577 0x20b9da080 database_cache.cc:72] Loading rigs...
I20260807 16:58:36.501598 0x20b9da080 database_cache.cc:82]  0 in 0.000s
I20260807 16:58:36.501605 0x20b9da080 database_cache.cc:90] Loading cameras...
I20260807 16:58:36.501648 0x20b9da080 database_cache.cc:108]  185 in 0.000s
I20260807 16:58:36.501653 0x20b9da080 database_cache.cc:116] Loading frames...
I20260807 16:58:36.501660 0x20b9da080 database_cache.cc:126]  0 in 0.000s
I20260807 16:58:36.501664 0x20b9da080 database_cache.cc:134] Loading matches...
I20260807 16:58:36.503062 0x20b9da080 database_cache.cc:139]  2426 in 0.001s
I20260807 16:58:36.503068 0x20b9da080 database_cache.cc:147] Loading images...
I20260807 16:58:36.515540 0x20b9da080 database_cache.cc:236]  185 in 0.012s (loaded all 185)
I20260807 16:58:36.515558 0x20b9da080 database_cache.cc:255] Loading pose priors...
I20260807 16:58:36.515568 0x20b9da080 database_cache.cc:263]  0 in 0.000s
I20260807 16:58:36.515573 0x20b9da080 database_cache.cc:271] Building correspondence graph...
I20260807 16:58:36.539700 0x20b9da080 database_cache.cc:300]  in 0.024s (ignored 0)
I20260807 16:58:36.800661 0x20b9da080 database_cache.cc:72] Loading rigs...
I20260807 16:58:36.800678 0x20b9da080 database_cache.cc:82]  0 in 0.000s
I20260807 16:58:36.800684 0x20b9da080 database_cache.cc:90] Loading cameras...
I20260807 16:58:36.800728 0x20b9da080 database_cache.cc:108]  186 in 0.000s
I20260807 16:58:36.800732 0x20b9da080 database_cache.cc:116] Loading frames...
I20260807 16:58:36.800739 0x20b9da080 database_cache.cc:126]  0 in 0.000s
I20260807 16:58:36.800743 0x20b9da080 database_cache.cc:134] Loading matches...
I20260807 16:58:36.802166 0x20b9da080 database_cache.cc:139]  2444 in 0.001s
I20260807 16:58:36.802171 0x20b9da080 database_cache.cc:147] Loading images...
I20260807 16:58:36.814513 0x20b9da080 database_cache.cc:236]  186 in 0.012s (loaded all 186)
I20260807 16:58:36.814531 0x20b9da080 database_cache.cc:255] Loading pose priors...
I20260807 16:58:36.814542 0x20b9da080 database_cache.cc:263]  0 in 0.000s
I20260807 16:58:36.814546 0x20b9da080 database_cache.cc:271] Building correspondence graph...
I20260807 16:58:36.839038 0x20b9da080 database_cache.cc:300]  in 0.024s (ignored 0)
I20260807 16:58:36.849989 0x20b9da080 official_bundle_adjustment_ceres.cc:1434] [AETHER gravity] injected 3/3 roll/pitch anchors, sigma_rad=0.00872665
I20260807 16:58:36.850534 0x20b9da080 official_bundle_adjustment_ceres.cc:923] [AETHER] solver_used=DENSE_SCHUR sparse_backend=EIGEN_SPARSE dense_backend=EIGEN mixed=0 threads=1
I20260807 16:58:36.853902 0x20b9da080 official_bundle_adjustment_ceres.cc:1434] [AETHER gravity] injected 4/4 roll/pitch anchors, sigma_rad=0.00872665
I20260807 16:58:36.854039 0x20b9da080 official_bundle_adjustment_ceres.cc:923] [AETHER] solver_used=DENSE_SCHUR sparse_backend=EIGEN_SPARSE dense_backend=EIGEN mixed=0 threads=1
I20260807 16:58:37.026973 0x20b9da080 database_cache.cc:72] Loading rigs...
I20260807 16:58:37.026989 0x20b9da080 database_cache.cc:82]  0 in 0.000s
I20260807 16:58:37.026994 0x20b9da080 database_cache.cc:90] Loading cameras...
I20260807 16:58:37.027036 0x20b9da080 database_cache.cc:108]  187 in 0.000s
I20260807 16:58:37.027041 0x20b9da080 database_cache.cc:116] Loading frames...
I20260807 16:58:37.027048 0x20b9da080 database_cache.cc:126]  0 in 0.000s
I20260807 16:58:37.027052 0x20b9da080 database_cache.cc:134] Loading matches...
I20260807 16:58:37.028478 0x20b9da080 database_cache.cc:139]  2454 in 0.001s
I20260807 16:58:37.028483 0x20b9da080 database_cache.cc:147] Loading images...
I20260807 16:58:37.040901 0x20b9da080 database_cache.cc:236]  187 in 0.012s (loaded all 187)
I20260807 16:58:37.040920 0x20b9da080 database_cache.cc:255] Loading pose priors...
I20260807 16:58:37.040929 0x20b9da080 database_cache.cc:263]  0 in 0.000s
I20260807 16:58:37.040933 0x20b9da080 database_cache.cc:271] Building correspondence graph...
I20260807 16:58:37.065421 0x20b9da080 database_cache.cc:300]  in 0.024s (ignored 0)
I20260807 16:58:37.076308 0x20b9da080 official_bundle_adjustment_ceres.cc:1434] [AETHER gravity] injected 2/2 roll/pitch anchors, sigma_rad=0.00872665
I20260807 16:58:37.076576 0x20b9da080 official_bundle_adjustment_ceres.cc:923] [AETHER] solver_used=DENSE_SCHUR sparse_backend=EIGEN_SPARSE dense_backend=EIGEN mixed=0 threads=1
I20260807 16:58:37.078126 0x20b9da080 official_bundle_adjustment_ceres.cc:1434] [AETHER gravity] injected 2/2 roll/pitch anchors, sigma_rad=0.00872665
I20260807 16:58:37.078194 0x20b9da080 official_bundle_adjustment_ceres.cc:923] [AETHER] solver_used=DENSE_SCHUR sparse_backend=EIGEN_SPARSE dense_backend=EIGEN mixed=0 threads=1
I20260807 16:58:37.237779 0x20b9da080 database_cache.cc:72] Loading rigs...
I20260807 16:58:37.237794 0x20b9da080 database_cache.cc:82]  0 in 0.000s
I20260807 16:58:37.237799 0x20b9da080 database_cache.cc:90] Loading cameras...
I20260807 16:58:37.237843 0x20b9da080 database_cache.cc:108]  188 in 0.000s
I20260807 16:58:37.237848 0x20b9da080 database_cache.cc:116] Loading frames...
I20260807 16:58:37.237854 0x20b9da080 database_cache.cc:126]  0 in 0.000s
I20260807 16:58:37.237858 0x20b9da080 database_cache.cc:134] Loading matches...
I20260807 16:58:37.239323 0x20b9da080 database_cache.cc:139]  2465 in 0.001s
I20260807 16:58:37.239329 0x20b9da080 database_cache.cc:147] Loading images...
I20260807 16:58:37.251833 0x20b9da080 database_cache.cc:236]  188 in 0.013s (loaded all 188)
I20260807 16:58:37.251850 0x20b9da080 database_cache.cc:255] Loading pose priors...
I20260807 16:58:37.251860 0x20b9da080 database_cache.cc:263]  0 in 0.000s
I20260807 16:58:37.251864 0x20b9da080 database_cache.cc:271] Building correspondence graph...
I20260807 16:58:37.278020 0x20b9da080 database_cache.cc:300]  in 0.026s (ignored 0)
I20260807 16:58:37.649441 0x20b9da080 database_cache.cc:72] Loading rigs...
I20260807 16:58:37.649462 0x20b9da080 database_cache.cc:82]  0 in 0.000s
I20260807 16:58:37.649468 0x20b9da080 database_cache.cc:90] Loading cameras...
I20260807 16:58:37.649513 0x20b9da080 database_cache.cc:108]  189 in 0.000s
I20260807 16:58:37.649527 0x20b9da080 database_cache.cc:116] Loading frames...
I20260807 16:58:37.649535 0x20b9da080 database_cache.cc:126]  0 in 0.000s
I20260807 16:58:37.649539 0x20b9da080 database_cache.cc:134] Loading matches...
I20260807 16:58:37.651798 0x20b9da080 database_cache.cc:139]  2485 in 0.002s
I20260807 16:58:37.651804 0x20b9da080 database_cache.cc:147] Loading images...
I20260807 16:58:37.665409 0x20b9da080 database_cache.cc:236]  189 in 0.014s (loaded all 189)
I20260807 16:58:37.665428 0x20b9da080 database_cache.cc:255] Loading pose priors...
I20260807 16:58:37.665440 0x20b9da080 database_cache.cc:263]  0 in 0.000s
I20260807 16:58:37.665444 0x20b9da080 database_cache.cc:271] Building correspondence graph...
I20260807 16:58:37.691302 0x20b9da080 database_cache.cc:300]  in 0.026s (ignored 0)
I20260807 16:58:37.702858 0x20b9da080 official_bundle_adjustment_ceres.cc:1434] [AETHER gravity] injected 2/2 roll/pitch anchors, sigma_rad=0.00872665
I20260807 16:58:37.704326 0x20b9da080 official_bundle_adjustment_ceres.cc:923] [AETHER] solver_used=DENSE_SCHUR sparse_backend=EIGEN_SPARSE dense_backend=EIGEN mixed=0 threads=1
I20260807 16:58:38.113205 0x20b9da080 database_cache.cc:72] Loading rigs...
I20260807 16:58:38.113220 0x20b9da080 database_cache.cc:82]  0 in 0.000s
I20260807 16:58:38.113226 0x20b9da080 database_cache.cc:90] Loading cameras...
I20260807 16:58:38.113267 0x20b9da080 database_cache.cc:108]  190 in 0.000s
I20260807 16:58:38.113271 0x20b9da080 database_cache.cc:116] Loading frames...
I20260807 16:58:38.113278 0x20b9da080 database_cache.cc:126]  0 in 0.000s
I20260807 16:58:38.113281 0x20b9da080 database_cache.cc:134] Loading matches...
I20260807 16:58:38.114750 0x20b9da080 database_cache.cc:139]  2507 in 0.001s
I20260807 16:58:38.114755 0x20b9da080 database_cache.cc:147] Loading images...
I20260807 16:58:38.127598 0x20b9da080 database_cache.cc:236]  190 in 0.013s (loaded all 190)
I20260807 16:58:38.127614 0x20b9da080 database_cache.cc:255] Loading pose priors...
I20260807 16:58:38.127623 0x20b9da080 database_cache.cc:263]  0 in 0.000s
I20260807 16:58:38.127627 0x20b9da080 database_cache.cc:271] Building correspondence graph...
I20260807 16:58:38.152557 0x20b9da080 database_cache.cc:300]  in 0.025s (ignored 0)
I20260807 16:58:38.485320 0x20b9da080 database_cache.cc:72] Loading rigs...
I20260807 16:58:38.485335 0x20b9da080 database_cache.cc:82]  0 in 0.000s
I20260807 16:58:38.485339 0x20b9da080 database_cache.cc:90] Loading cameras...
I20260807 16:58:38.485381 0x20b9da080 database_cache.cc:108]  191 in 0.000s
I20260807 16:58:38.485385 0x20b9da080 database_cache.cc:116] Loading frames...
I20260807 16:58:38.485390 0x20b9da080 database_cache.cc:126]  0 in 0.000s
I20260807 16:58:38.485393 0x20b9da080 database_cache.cc:134] Loading matches...
I20260807 16:58:38.486900 0x20b9da080 database_cache.cc:139]  2526 in 0.002s
I20260807 16:58:38.486904 0x20b9da080 database_cache.cc:147] Loading images...
I20260807 16:58:38.499924 0x20b9da080 database_cache.cc:236]  191 in 0.013s (loaded all 191)
I20260807 16:58:38.499942 0x20b9da080 database_cache.cc:255] Loading pose priors...
I20260807 16:58:38.499951 0x20b9da080 database_cache.cc:263]  0 in 0.000s
I20260807 16:58:38.499955 0x20b9da080 database_cache.cc:271] Building correspondence graph...
I20260807 16:58:38.525496 0x20b9da080 database_cache.cc:300]  in 0.026s (ignored 0)
I20260807 16:58:38.537154 0x20b9da080 official_bundle_adjustment_ceres.cc:1434] [AETHER gravity] injected 2/2 roll/pitch anchors, sigma_rad=0.00872665
I20260807 16:58:38.538934 0x20b9da080 official_bundle_adjustment_ceres.cc:923] [AETHER] solver_used=DENSE_SCHUR sparse_backend=EIGEN_SPARSE dense_backend=EIGEN mixed=0 threads=1
I20260807 16:58:38.548405 0x20b9da080 official_bundle_adjustment_ceres.cc:1434] [AETHER gravity] injected 3/3 roll/pitch anchors, sigma_rad=0.00872665
I20260807 16:58:38.552404 0x20b9da080 official_bundle_adjustment_ceres.cc:923] [AETHER] solver_used=DENSE_SCHUR sparse_backend=EIGEN_SPARSE dense_backend=EIGEN mixed=0 threads=1
I20260807 16:58:38.908625 0x20b9da080 database_cache.cc:72] Loading rigs...
I20260807 16:58:38.908642 0x20b9da080 database_cache.cc:82]  0 in 0.000s
I20260807 16:58:38.908647 0x20b9da080 database_cache.cc:90] Loading cameras...
I20260807 16:58:38.908694 0x20b9da080 database_cache.cc:108]  192 in 0.000s
I20260807 16:58:38.908698 0x20b9da080 database_cache.cc:116] Loading frames...
I20260807 16:58:38.908704 0x20b9da080 database_cache.cc:126]  0 in 0.000s
I20260807 16:58:38.908707 0x20b9da080 database_cache.cc:134] Loading matches...
I20260807 16:58:38.915673 0x20b9da080 database_cache.cc:139]  2546 in 0.007s
I20260807 16:58:38.915681 0x20b9da080 database_cache.cc:147] Loading images...
I20260807 16:58:38.928572 0x20b9da080 database_cache.cc:236]  192 in 0.013s (loaded all 192)
I20260807 16:58:38.928588 0x20b9da080 database_cache.cc:255] Loading pose priors...
I20260807 16:58:38.928600 0x20b9da080 database_cache.cc:263]  0 in 0.000s
I20260807 16:58:38.928604 0x20b9da080 database_cache.cc:271] Building correspondence graph...
I20260807 16:58:38.954359 0x20b9da080 database_cache.cc:300]  in 0.026s (ignored 0)
I20260807 16:58:38.966061 0x20b9da080 official_bundle_adjustment_ceres.cc:1434] [AETHER gravity] injected 2/2 roll/pitch anchors, sigma_rad=0.00872665
I20260807 16:58:38.966903 0x20b9da080 official_bundle_adjustment_ceres.cc:923] [AETHER] solver_used=DENSE_SCHUR sparse_backend=EIGEN_SPARSE dense_backend=EIGEN mixed=0 threads=1
I20260807 16:58:38.973841 0x20b9da080 official_bundle_adjustment_ceres.cc:1434] [AETHER gravity] injected 4/4 roll/pitch anchors, sigma_rad=0.00872665
I20260807 16:58:38.979370 0x20b9da080 official_bundle_adjustment_ceres.cc:923] [AETHER] solver_used=DENSE_SCHUR sparse_backend=EIGEN_SPARSE dense_backend=EIGEN mixed=0 threads=1
I20260807 16:58:39.295323 0x20b9da080 database_cache.cc:72] Loading rigs...
I20260807 16:58:39.295340 0x20b9da080 database_cache.cc:82]  0 in 0.000s
I20260807 16:58:39.295346 0x20b9da080 database_cache.cc:90] Loading cameras...
I20260807 16:58:39.295395 0x20b9da080 database_cache.cc:108]  193 in 0.000s
I20260807 16:58:39.295399 0x20b9da080 database_cache.cc:116] Loading frames...
I20260807 16:58:39.295406 0x20b9da080 database_cache.cc:126]  0 in 0.000s
I20260807 16:58:39.295409 0x20b9da080 database_cache.cc:134] Loading matches...
I20260807 16:58:39.305336 0x20b9da080 database_cache.cc:139]  2563 in 0.010s
I20260807 16:58:39.305342 0x20b9da080 database_cache.cc:147] Loading images...
I20260807 16:58:39.318288 0x20b9da080 database_cache.cc:236]  193 in 0.013s (loaded all 193)
I20260807 16:58:39.318305 0x20b9da080 database_cache.cc:255] Loading pose priors...
I20260807 16:58:39.318315 0x20b9da080 database_cache.cc:263]  0 in 0.000s
I20260807 16:58:39.318319 0x20b9da080 database_cache.cc:271] Building correspondence graph...
I20260807 16:58:39.344120 0x20b9da080 database_cache.cc:300]  in 0.026s (ignored 0)
I20260807 16:58:39.355674 0x20b9da080 official_bundle_adjustment_ceres.cc:1434] [AETHER gravity] injected 2/2 roll/pitch anchors, sigma_rad=0.00872665
I20260807 16:58:39.356555 0x20b9da080 official_bundle_adjustment_ceres.cc:923] [AETHER] solver_used=DENSE_SCHUR sparse_backend=EIGEN_SPARSE dense_backend=EIGEN mixed=0 threads=1
I20260807 16:58:39.360926 0x20b9da080 official_bundle_adjustment_ceres.cc:1434] [AETHER gravity] injected 3/3 roll/pitch anchors, sigma_rad=0.00872665
I20260807 16:58:39.362073 0x20b9da080 official_bundle_adjustment_ceres.cc:923] [AETHER] solver_used=DENSE_SCHUR sparse_backend=EIGEN_SPARSE dense_backend=EIGEN mixed=0 threads=1
I20260807 16:58:39.694361 0x20b9da080 database_cache.cc:72] Loading rigs...
I20260807 16:58:39.694380 0x20b9da080 database_cache.cc:82]  0 in 0.000s
I20260807 16:58:39.694385 0x20b9da080 database_cache.cc:90] Loading cameras...
I20260807 16:58:39.694430 0x20b9da080 database_cache.cc:108]  194 in 0.000s
I20260807 16:58:39.694434 0x20b9da080 database_cache.cc:116] Loading frames...
I20260807 16:58:39.694440 0x20b9da080 database_cache.cc:126]  0 in 0.000s
I20260807 16:58:39.694443 0x20b9da080 database_cache.cc:134] Loading matches...
I20260807 16:58:39.696018 0x20b9da080 database_cache.cc:139]  2580 in 0.002s
I20260807 16:58:39.696025 0x20b9da080 database_cache.cc:147] Loading images...
I20260807 16:58:39.709244 0x20b9da080 database_cache.cc:236]  194 in 0.013s (loaded all 194)
I20260807 16:58:39.709263 0x20b9da080 database_cache.cc:255] Loading pose priors...
I20260807 16:58:39.709273 0x20b9da080 database_cache.cc:263]  0 in 0.000s
I20260807 16:58:39.709277 0x20b9da080 database_cache.cc:271] Building correspondence graph...
I20260807 16:58:39.736692 0x20b9da080 database_cache.cc:300]  in 0.027s (ignored 0)
I20260807 16:58:39.750308 0x20b9da080 official_bundle_adjustment_ceres.cc:1434] [AETHER gravity] injected 3/3 roll/pitch anchors, sigma_rad=0.00872665
I20260807 16:58:39.776653 0x20b9da080 official_bundle_adjustment_ceres.cc:923] [AETHER] solver_used=DENSE_SCHUR sparse_backend=EIGEN_SPARSE dense_backend=EIGEN mixed=0 threads=1
I20260807 16:58:39.780850 0x20b9da080 official_bundle_adjustment_ceres.cc:1434] [AETHER gravity] injected 3/3 roll/pitch anchors, sigma_rad=0.00872665
I20260807 16:58:39.808509 0x20b9da080 official_bundle_adjustment_ceres.cc:923] [AETHER] solver_used=DENSE_SCHUR sparse_backend=EIGEN_SPARSE dense_backend=EIGEN mixed=0 threads=1
I20260807 16:58:40.205255 0x20b9da080 database_cache.cc:72] Loading rigs...
I20260807 16:58:40.205273 0x20b9da080 database_cache.cc:82]  0 in 0.000s
I20260807 16:58:40.205279 0x20b9da080 database_cache.cc:90] Loading cameras...
I20260807 16:58:40.205325 0x20b9da080 database_cache.cc:108]  195 in 0.000s
I20260807 16:58:40.205329 0x20b9da080 database_cache.cc:116] Loading frames...
I20260807 16:58:40.205335 0x20b9da080 database_cache.cc:126]  0 in 0.000s
I20260807 16:58:40.205338 0x20b9da080 database_cache.cc:134] Loading matches...
I20260807 16:58:40.207034 0x20b9da080 database_cache.cc:139]  2600 in 0.002s
I20260807 16:58:40.207039 0x20b9da080 database_cache.cc:147] Loading images...
I20260807 16:58:40.220103 0x20b9da080 database_cache.cc:236]  195 in 0.013s (loaded all 195)
I20260807 16:58:40.220123 0x20b9da080 database_cache.cc:255] Loading pose priors...
I20260807 16:58:40.220137 0x20b9da080 database_cache.cc:263]  0 in 0.000s
I20260807 16:58:40.220141 0x20b9da080 database_cache.cc:271] Building correspondence graph...
I20260807 16:58:40.246545 0x20b9da080 database_cache.cc:300]  in 0.026s (ignored 0)
I20260807 16:58:40.259066 0x20b9da080 official_bundle_adjustment_ceres.cc:1434] [AETHER gravity] injected 3/3 roll/pitch anchors, sigma_rad=0.00872665
I20260807 16:58:40.263749 0x20b9da080 official_bundle_adjustment_ceres.cc:923] [AETHER] solver_used=DENSE_SCHUR sparse_backend=EIGEN_SPARSE dense_backend=EIGEN mixed=0 threads=1
I20260807 16:58:40.267860 0x20b9da080 official_bundle_adjustment_ceres.cc:1434] [AETHER gravity] injected 4/4 roll/pitch anchors, sigma_rad=0.00872665
I20260807 16:58:40.274642 0x20b9da080 official_bundle_adjustment_ceres.cc:923] [AETHER] solver_used=DENSE_SCHUR sparse_backend=EIGEN_SPARSE dense_backend=EIGEN mixed=0 threads=1
I20260807 16:58:40.714356 0x20b9da080 database_cache.cc:72] Loading rigs...
I20260807 16:58:40.714373 0x20b9da080 database_cache.cc:82]  0 in 0.000s
I20260807 16:58:40.714378 0x20b9da080 database_cache.cc:90] Loading cameras...
I20260807 16:58:40.714430 0x20b9da080 database_cache.cc:108]  196 in 0.000s
I20260807 16:58:40.714433 0x20b9da080 database_cache.cc:116] Loading frames...
I20260807 16:58:40.714439 0x20b9da080 database_cache.cc:126]  0 in 0.000s
I20260807 16:58:40.714442 0x20b9da080 database_cache.cc:134] Loading matches...
I20260807 16:58:40.716097 0x20b9da080 database_cache.cc:139]  2622 in 0.002s
I20260807 16:58:40.716102 0x20b9da080 database_cache.cc:147] Loading images...
I20260807 16:58:40.729209 0x20b9da080 database_cache.cc:236]  196 in 0.013s (loaded all 196)
I20260807 16:58:40.729229 0x20b9da080 database_cache.cc:255] Loading pose priors...
I20260807 16:58:40.729242 0x20b9da080 database_cache.cc:263]  0 in 0.000s
I20260807 16:58:40.729245 0x20b9da080 database_cache.cc:271] Building correspondence graph...
I20260807 16:58:40.756783 0x20b9da080 database_cache.cc:300]  in 0.028s (ignored 0)
I20260807 16:58:40.769099 0x20b9da080 official_bundle_adjustment_ceres.cc:1434] [AETHER gravity] injected 2/2 roll/pitch anchors, sigma_rad=0.00872665
I20260807 16:58:40.769624 0x20b9da080 official_bundle_adjustment_ceres.cc:923] [AETHER] solver_used=DENSE_SCHUR sparse_backend=EIGEN_SPARSE dense_backend=EIGEN mixed=0 threads=1
I20260807 16:58:40.781355 0x20b9da080 official_bundle_adjustment_ceres.cc:1434] [AETHER gravity] injected 2/2 roll/pitch anchors, sigma_rad=0.00872665
I20260807 16:58:40.782109 0x20b9da080 official_bundle_adjustment_ceres.cc:923] [AETHER] solver_used=DENSE_SCHUR sparse_backend=EIGEN_SPARSE dense_backend=EIGEN mixed=0 threads=1
I20260807 16:58:41.180435 0x20b9da080 database_cache.cc:72] Loading rigs...
I20260807 16:58:41.180454 0x20b9da080 database_cache.cc:82]  0 in 0.000s
I20260807 16:58:41.180462 0x20b9da080 database_cache.cc:90] Loading cameras...
I20260807 16:58:41.180515 0x20b9da080 database_cache.cc:108]  197 in 0.000s
I20260807 16:58:41.180519 0x20b9da080 database_cache.cc:116] Loading frames...
I20260807 16:58:41.180525 0x20b9da080 database_cache.cc:126]  0 in 0.000s
I20260807 16:58:41.180528 0x20b9da080 database_cache.cc:134] Loading matches...
I20260807 16:58:41.182194 0x20b9da080 database_cache.cc:139]  2644 in 0.002s
I20260807 16:58:41.182202 0x20b9da080 database_cache.cc:147] Loading images...
I20260807 16:58:41.195296 0x20b9da080 database_cache.cc:236]  197 in 0.013s (loaded all 197)
I20260807 16:58:41.195312 0x20b9da080 database_cache.cc:255] Loading pose priors...
I20260807 16:58:41.195321 0x20b9da080 database_cache.cc:263]  0 in 0.000s
I20260807 16:58:41.195325 0x20b9da080 database_cache.cc:271] Building correspondence graph...
I20260807 16:58:41.223220 0x20b9da080 database_cache.cc:300]  in 0.028s (ignored 0)
I20260807 16:58:41.235662 0x20b9da080 official_bundle_adjustment_ceres.cc:1434] [AETHER gravity] injected 3/3 roll/pitch anchors, sigma_rad=0.00872665
I20260807 16:58:41.236204 0x20b9da080 official_bundle_adjustment_ceres.cc:923] [AETHER] solver_used=DENSE_SCHUR sparse_backend=EIGEN_SPARSE dense_backend=EIGEN mixed=0 threads=1
I20260807 16:58:41.252487 0x20b9da080 official_bundle_adjustment_ceres.cc:1434] [AETHER gravity] injected 4/4 roll/pitch anchors, sigma_rad=0.00872665
W20260807 16:58:41.252932 0x20b9da080 levenberg_marquardt_strategy.cc:123] Linear solver failure. Failed to compute a step: Eigen failure. Unable to perform dense Cholesky factorization.
W20260807 16:58:41.253140 0x20b9da080 levenberg_marquardt_strategy.cc:123] Linear solver failure. Failed to compute a step: Eigen failure. Unable to perform dense Cholesky factorization.
W20260807 16:58:41.253225 0x20b9da080 levenberg_marquardt_strategy.cc:123] Linear solver failure. Failed to compute a step: Eigen failure. Unable to perform dense Cholesky factorization.
W20260807 16:58:41.253235 0x20b9da080 levenberg_marquardt_strategy.cc:123] Linear solver failure. Failed to compute a step: Eigen failure. Unable to perform dense Cholesky factorization.
W20260807 16:58:41.253319 0x20b9da080 levenberg_marquardt_strategy.cc:123] Linear solver failure. Failed to compute a step: Eigen failure. Unable to perform dense Cholesky factorization.
W20260807 16:58:41.253330 0x20b9da080 levenberg_marquardt_strategy.cc:123] Linear solver failure. Failed to compute a step: Eigen failure. Unable to perform dense Cholesky factorization.
W20260807 16:58:41.253420 0x20b9da080 levenberg_marquardt_strategy.cc:123] Linear solver failure. Failed to compute a step: Eigen failure. Unable to perform dense Cholesky factorization.
W20260807 16:58:41.253430 0x20b9da080 levenberg_marquardt_strategy.cc:123] Linear solver failure. Failed to compute a step: Eigen failure. Unable to perform dense Cholesky factorization.
I20260807 16:58:41.253522 0x20b9da080 official_bundle_adjustment_ceres.cc:923] [AETHER] solver_used=DENSE_SCHUR sparse_backend=EIGEN_SPARSE dense_backend=EIGEN mixed=0 threads=1
I20260807 16:58:41.756037 0x20b9da080 database_cache.cc:72] Loading rigs...
I20260807 16:58:41.756054 0x20b9da080 database_cache.cc:82]  0 in 0.000s
I20260807 16:58:41.756059 0x20b9da080 database_cache.cc:90] Loading cameras...
I20260807 16:58:41.756110 0x20b9da080 database_cache.cc:108]  198 in 0.000s
I20260807 16:58:41.756114 0x20b9da080 database_cache.cc:116] Loading frames...
I20260807 16:58:41.756120 0x20b9da080 database_cache.cc:126]  0 in 0.000s
I20260807 16:58:41.756123 0x20b9da080 database_cache.cc:134] Loading matches...
I20260807 16:58:41.757909 0x20b9da080 database_cache.cc:139]  2666 in 0.002s
I20260807 16:58:41.757914 0x20b9da080 database_cache.cc:147] Loading images...
I20260807 16:58:41.771203 0x20b9da080 database_cache.cc:236]  198 in 0.013s (loaded all 198)
I20260807 16:58:41.771223 0x20b9da080 database_cache.cc:255] Loading pose priors...
I20260807 16:58:41.771238 0x20b9da080 database_cache.cc:263]  0 in 0.000s
I20260807 16:58:41.771241 0x20b9da080 database_cache.cc:271] Building correspondence graph...
I20260807 16:58:41.799257 0x20b9da080 database_cache.cc:300]  in 0.028s (ignored 0)
I20260807 16:58:41.811814 0x20b9da080 official_bundle_adjustment_ceres.cc:1434] [AETHER gravity] injected 2/2 roll/pitch anchors, sigma_rad=0.00872665
I20260807 16:58:41.811999 0x20b9da080 official_bundle_adjustment_ceres.cc:923] [AETHER] solver_used=DENSE_SCHUR sparse_backend=EIGEN_SPARSE dense_backend=EIGEN mixed=0 threads=1
I20260807 16:58:41.820777 0x20b9da080 official_bundle_adjustment_ceres.cc:1434] [AETHER gravity] injected 2/2 roll/pitch anchors, sigma_rad=0.00872665
I20260807 16:58:41.820880 0x20b9da080 official_bundle_adjustment_ceres.cc:923] [AETHER] solver_used=DENSE_SCHUR sparse_backend=EIGEN_SPARSE dense_backend=EIGEN mixed=0 threads=1
I20260807 16:58:42.188182 0x20b9da080 database_cache.cc:72] Loading rigs...
I20260807 16:58:42.188203 0x20b9da080 database_cache.cc:82]  0 in 0.000s
I20260807 16:58:42.188208 0x20b9da080 database_cache.cc:90] Loading cameras...
I20260807 16:58:42.188259 0x20b9da080 database_cache.cc:108]  199 in 0.000s
I20260807 16:58:42.188266 0x20b9da080 database_cache.cc:116] Loading frames...
I20260807 16:58:42.188272 0x20b9da080 database_cache.cc:126]  0 in 0.000s
I20260807 16:58:42.188276 0x20b9da080 database_cache.cc:134] Loading matches...
I20260807 16:58:42.190027 0x20b9da080 database_cache.cc:139]  2688 in 0.002s
I20260807 16:58:42.190033 0x20b9da080 database_cache.cc:147] Loading images...
I20260807 16:58:42.203353 0x20b9da080 database_cache.cc:236]  199 in 0.013s (loaded all 199)
I20260807 16:58:42.203383 0x20b9da080 database_cache.cc:255] Loading pose priors...
I20260807 16:58:42.203397 0x20b9da080 database_cache.cc:263]  0 in 0.000s
I20260807 16:58:42.203401 0x20b9da080 database_cache.cc:271] Building correspondence graph...
I20260807 16:58:42.231814 0x20b9da080 database_cache.cc:300]  in 0.028s (ignored 0)
I20260807 16:58:42.244478 0x20b9da080 official_bundle_adjustment_ceres.cc:1434] [AETHER gravity] injected 2/2 roll/pitch anchors, sigma_rad=0.00872665
I20260807 16:58:42.244864 0x20b9da080 official_bundle_adjustment_ceres.cc:923] [AETHER] solver_used=DENSE_SCHUR sparse_backend=EIGEN_SPARSE dense_backend=EIGEN mixed=0 threads=1
I20260807 16:58:42.253377 0x20b9da080 official_bundle_adjustment_ceres.cc:1434] [AETHER gravity] injected 2/2 roll/pitch anchors, sigma_rad=0.00872665
I20260807 16:58:42.254144 0x20b9da080 official_bundle_adjustment_ceres.cc:923] [AETHER] solver_used=DENSE_SCHUR sparse_backend=EIGEN_SPARSE dense_backend=EIGEN mixed=0 threads=1
I20260807 16:58:42.646273 0x20b9da080 database_cache.cc:72] Loading rigs...
I20260807 16:58:42.646290 0x20b9da080 database_cache.cc:82]  0 in 0.000s
I20260807 16:58:42.646295 0x20b9da080 database_cache.cc:90] Loading cameras...
I20260807 16:58:42.646348 0x20b9da080 database_cache.cc:108]  200 in 0.000s
I20260807 16:58:42.646352 0x20b9da080 database_cache.cc:116] Loading frames...
I20260807 16:58:42.646358 0x20b9da080 database_cache.cc:126]  0 in 0.000s
I20260807 16:58:42.646362 0x20b9da080 database_cache.cc:134] Loading matches...
I20260807 16:58:42.648057 0x20b9da080 database_cache.cc:139]  2712 in 0.002s
I20260807 16:58:42.648063 0x20b9da080 database_cache.cc:147] Loading images...
I20260807 16:58:42.661539 0x20b9da080 database_cache.cc:236]  200 in 0.013s (loaded all 200)
I20260807 16:58:42.661555 0x20b9da080 database_cache.cc:255] Loading pose priors...
I20260807 16:58:42.661564 0x20b9da080 database_cache.cc:263]  0 in 0.000s
I20260807 16:58:42.661568 0x20b9da080 database_cache.cc:271] Building correspondence graph...
I20260807 16:58:42.690401 0x20b9da080 database_cache.cc:300]  in 0.029s (ignored 0)
  fed 200/201 frames (last n_kp=8192)
I20260807 16:58:43.031866 0x20b9da080 database_cache.cc:72] Loading rigs...
I20260807 16:58:43.031882 0x20b9da080 database_cache.cc:82]  0 in 0.000s
I20260807 16:58:43.031887 0x20b9da080 database_cache.cc:90] Loading cameras...
I20260807 16:58:43.031933 0x20b9da080 database_cache.cc:108]  201 in 0.000s
I20260807 16:58:43.031936 0x20b9da080 database_cache.cc:116] Loading frames...
I20260807 16:58:43.031942 0x20b9da080 database_cache.cc:126]  0 in 0.000s
I20260807 16:58:43.031945 0x20b9da080 database_cache.cc:134] Loading matches...
I20260807 16:58:43.033757 0x20b9da080 database_cache.cc:139]  2733 in 0.002s
I20260807 16:58:43.033766 0x20b9da080 database_cache.cc:147] Loading images...
I20260807 16:58:43.047159 0x20b9da080 database_cache.cc:236]  201 in 0.013s (loaded all 201)
I20260807 16:58:43.047175 0x20b9da080 database_cache.cc:255] Loading pose priors...
I20260807 16:58:43.047186 0x20b9da080 database_cache.cc:263]  0 in 0.000s
I20260807 16:58:43.047190 0x20b9da080 database_cache.cc:271] Building correspondence graph...
I20260807 16:58:43.076392 0x20b9da080 database_cache.cc:300]  in 0.029s (ignored 0)
STREAMED fed=201 missing_pose=0 stream_ms=48428.1
FINALIZE_ASYNC phase1={"solve_ms":0.3,"n_models":1,"n_registered":201,"n_points3d":6388,"reproj_px":1.0720,"track_len":2.002,"phase1":"live_reuse"}
I20260807 16:58:43.089140 0x16bbe7000 database_cache.cc:72] Loading rigs...
I20260807 16:58:43.089159 0x16bbe7000 database_cache.cc:82]  0 in 0.000s
I20260807 16:58:43.089165 0x16bbe7000 database_cache.cc:90] Loading cameras...
I20260807 16:58:43.089213 0x16bbe7000 database_cache.cc:108]  201 in 0.000s
I20260807 16:58:43.089217 0x16bbe7000 database_cache.cc:116] Loading frames...
I20260807 16:58:43.089227 0x16bbe7000 database_cache.cc:126]  0 in 0.000s
I20260807 16:58:43.089230 0x16bbe7000 database_cache.cc:134] Loading matches...
I20260807 16:58:43.090753 0x16bbe7000 database_cache.cc:139]  2733 in 0.002s
I20260807 16:58:43.090763 0x16bbe7000 database_cache.cc:147] Loading images...
I20260807 16:58:43.104121 0x16bbe7000 database_cache.cc:236]  201 in 0.013s (loaded all 201)
I20260807 16:58:43.104144 0x16bbe7000 database_cache.cc:255] Loading pose priors...
I20260807 16:58:43.104155 0x16bbe7000 database_cache.cc:263]  0 in 0.000s
I20260807 16:58:43.104160 0x16bbe7000 database_cache.cc:271] Building correspondence graph...
I20260807 16:58:43.133048 0x16bbe7000 database_cache.cc:300]  in 0.029s (ignored 0)
W20260807 16:58:43.502655 0x16bc73000 official_aether_sfm_c.cc:5072] [aether_sfm] finalize re-match: starved_frames=3 candidates=73 attempted=73 written=0 inliers=0 failed=0 gpu_fail_capture=0
I20260807 16:58:43.541228 0x16bbe7000 official_bundle_adjustment_ceres.cc:1434] [AETHER gravity] injected 185/186 roll/pitch anchors, sigma_rad=0.00872665
I20260807 16:58:44.128067 0x16bbe7000 official_bundle_adjustment_ceres.cc:923] [AETHER] solver_used=DENSE_SCHUR sparse_backend=EIGEN_SPARSE dense_backend=LAPACK mixed=0 threads=6
I20260807 16:58:44.170833 0x16bbe7000 official_bundle_adjustment_ceres.cc:1434] [AETHER gravity] injected 178/179 roll/pitch anchors, sigma_rad=0.00872665
I20260807 16:58:44.534623 0x16bbe7000 official_bundle_adjustment_ceres.cc:923] [AETHER] solver_used=DENSE_SCHUR sparse_backend=EIGEN_SPARSE dense_backend=LAPACK mixed=0 threads=6
I20260807 16:58:44.558400 0x16bbe7000 official_bundle_adjustment_ceres.cc:1434] [AETHER gravity] injected 178/179 roll/pitch anchors, sigma_rad=0.00872665
I20260807 16:58:44.899609 0x16bbe7000 official_bundle_adjustment_ceres.cc:923] [AETHER] solver_used=DENSE_SCHUR sparse_backend=EIGEN_SPARSE dense_backend=LAPACK mixed=0 threads=6
I20260807 16:58:44.921758 0x16bbe7000 official_bundle_adjustment_ceres.cc:1434] [AETHER gravity] injected 178/179 roll/pitch anchors, sigma_rad=0.00872665
I20260807 16:58:45.250189 0x16bbe7000 official_bundle_adjustment_ceres.cc:923] [AETHER] solver_used=DENSE_SCHUR sparse_backend=EIGEN_SPARSE dense_backend=LAPACK mixed=0 threads=6
I20260807 16:58:45.272188 0x16bbe7000 official_bundle_adjustment_ceres.cc:1434] [AETHER gravity] injected 178/179 roll/pitch anchors, sigma_rad=0.00872665
I20260807 16:58:45.599224 0x16bbe7000 official_bundle_adjustment_ceres.cc:923] [AETHER] solver_used=DENSE_SCHUR sparse_backend=EIGEN_SPARSE dense_backend=LAPACK mixed=0 threads=6
W20260807 16:58:47.088528 0x16bc73000 official_aether_sfm_c.cc:5455] [aether_sfm] official quadratic overlap: overlap=10 candidates=709 written=71 in 3585.67 ms
I20260807 16:58:47.113863 0x16bbe7000 official_incremental_pipeline.cc:320] Loading database
I20260807 16:58:47.113924 0x16bbe7000 database_cache.cc:72] Loading rigs...
I20260807 16:58:47.113941 0x16bbe7000 database_cache.cc:82]  0 in 0.000s
I20260807 16:58:47.113956 0x16bbe7000 database_cache.cc:90] Loading cameras...
I20260807 16:58:47.114055 0x16bbe7000 database_cache.cc:108]  201 in 0.000s
I20260807 16:58:47.114065 0x16bbe7000 database_cache.cc:116] Loading frames...
I20260807 16:58:47.114078 0x16bbe7000 database_cache.cc:126]  0 in 0.000s
I20260807 16:58:47.114086 0x16bbe7000 database_cache.cc:134] Loading matches...
I20260807 16:58:47.120167 0x16bbe7000 database_cache.cc:139]  2804 in 0.006s
I20260807 16:58:47.120200 0x16bbe7000 database_cache.cc:147] Loading images...
I20260807 16:58:47.140199 0x16bbe7000 database_cache.cc:236]  201 in 0.020s (loaded all 201)
I20260807 16:58:47.140232 0x16bbe7000 database_cache.cc:255] Loading pose priors...
I20260807 16:58:47.140253 0x16bbe7000 database_cache.cc:263]  0 in 0.000s
I20260807 16:58:47.140261 0x16bbe7000 database_cache.cc:271] Building correspondence graph...
I20260807 16:58:47.175476 0x16bbe7000 database_cache.cc:300]  in 0.035s (ignored 0)
I20260807 16:58:47.175543 0x16bbe7000 timer.cc:90] Elapsed time: 0.001 [minutes]
I20260807 16:58:47.542445 0x16bbe7000 official_bundle_adjustment_ceres.cc:1434] [AETHER gravity] injected 190/191 roll/pitch anchors, sigma_rad=0.00872665
W20260807 16:58:47.908906 0x16bbe7000 levenberg_marquardt_strategy.cc:123] Linear solver failure. Failed to compute a step: LAPACK::dpotrf numerical failure. The leading minor of order 1009 is not positive definite.
W20260807 16:58:48.244756 0x16bbe7000 levenberg_marquardt_strategy.cc:123] Linear solver failure. Failed to compute a step: LAPACK::dpotrf numerical failure. The leading minor of order 623 is not positive definite.
W20260807 16:58:48.266699 0x16bbe7000 levenberg_marquardt_strategy.cc:123] Linear solver failure. Failed to compute a step: LAPACK::dpotrf numerical failure. The leading minor of order 622 is not positive definite.
W20260807 16:58:48.288985 0x16bbe7000 levenberg_marquardt_strategy.cc:123] Linear solver failure. Failed to compute a step: LAPACK::dpotrf numerical failure. The leading minor of order 1006 is not positive definite.
I20260807 16:58:48.293363 0x16bbe7000 official_bundle_adjustment_ceres.cc:923] [AETHER] solver_used=DENSE_SCHUR sparse_backend=EIGEN_SPARSE dense_backend=LAPACK mixed=0 threads=6
W20260807 16:58:48.344128 0x16bbe7000 official_aether_sfm_c.cc:6703] [aether_sfm] finalize worker: cache_pre=43ms enrich=3978ms stage1=2477ms (ok, rounds=5) stage2=1231ms (rounds<=1) temporal=0ms upgrade=0ms total=5255ms
W20260807 16:58:48.344488 0x16bbe7000 official_aether_sfm_c.cc:6732] [aether_sfm] delivered-point provenance: live-created=4210 official-retriangulated=14017 live-dropped-by-official-filtering=2178 (live model had 6388; capture-time official TriangulateImage added 0 obs)
REFINED finalize_ms=5350.6
W20260807 16:58:48.445480 0x20b9da080 official_aether_sfm_c.cc:8749] [aether_sfm] deliver-filter(get_points): kept 14790/18227 (min_tri_angle=3deg, mirror_ghost=152)
RESULT incr=off n_reg=188 n_points=18227 track3plus=2520 n_obs=40261 mean_reproj_px=0.8476 stream_ms=48428.1 finalize_ms=5350.6 total_ms=53778.7
