I20260922 13:04:37.152613 0x1fecf6080 ViParametersReader.cpp:75] Opened configuration file: /Users/kaidongwang/Developer/okvis2/config/euroc.yaml
I20260922 13:04:37.153422 0x1fecf6080 ViParametersReader.cpp:394] Found calibration in configuration file for camera 0
I20260922 13:04:37.153431 0x1fecf6080 ViParametersReader.cpp:394] Found calibration in configuration file for camera 1
I20260922 13:04:37.179468 0x1fecf6080 ViParametersReader.cpp:140] Radial tangential pinhole camera 0 with T_SC=
 0.0148655  -0.999881  0.0041403 -0.0216401
  0.999557  0.0149672  0.0257155  -0.064677
-0.0257744 0.00375619   0.999661 0.00981073
         0          0          0          1
I20260922 13:04:37.301414 0x1fecf6080 ViParametersReader.cpp:140] Radial tangential pinhole camera 1 with T_SC=
 0.0125553  -0.999755  0.0182238 -0.0198436
  0.999599  0.0130119  0.0251588  0.0453689
-0.0253898  0.0179006   0.999517 0.00786212
         0          0          0          1
I20260922 13:04:37.425514 0x1fecf6080 DatasetReader.cpp:102] No. IMU measurements: 29120
I20260922 13:04:37.427075 0x1fecf6080 DatasetReader.cpp:125] No. cam 0 images: 2912
I20260922 13:04:37.428603 0x1fecf6080 DatasetReader.cpp:125] No. cam 1 images: 2912
W20260922 13:04:37.435493 0x1fecf6080 ThreadedSlam.cpp:294] startup: dropping frame because IMU measurements are newer, t=1403715273.262142976
I20260922 13:04:37.447675 0x1fecf6080 Frontend.cpp:2563] Initializing pose from 2D-2D RANSAC: orientation only
I20260922 13:04:37.447919 0x1fecf6080 Frontend.cpp:2563] Initializing pose from 2D-2D RANSAC: orientation only
I20260922 13:04:37.447927 0x1fecf6080 Frontend.cpp:776] Initialized!
I20260922 13:04:38.259374 0x1fecf6080 okvis_app_synchronous.cpp:195] OKVIS Timing
-----------
1 DetectAndDescribe                	     28	00:00:00.053390	(00:00:00.001907 +- 00:00:00.000101)	[00:00:00.001746,00:00:00.002165]
2 Match                            	     28	00:00:00.142567	(00:00:00.005092 +- 00:00:00.001073)	[00:00:00.000630,00:00:00.005944]
2.01 match to map                  	     27	00:00:00.090153	(00:00:00.003339 +- 00:00:00.000542)	[00:00:00.001149,00:00:00.003772]
2.02 match motion stereo           	     27	00:00:00.028460	(00:00:00.001054 +- 00:00:00.000096)	[00:00:00.000638,00:00:00.001173]
2.02.1 match motion stereo: prepare	     27	00:00:00.015795	(00:00:00.000585 +- 00:00:00.000148)	[00:00:00.000002,00:00:00.000705]
2.03 loop closure query            	     27	00:00:00.002990	(00:00:00.000111 +- 00:00:00.000006)	[00:00:00.000099,00:00:00.000122]
2.07 attempt loop closure          	      0	
2.10 match stereo                  	      3	00:00:00.000999	(00:00:00.000333 +- 00:00:00.000136)	[00:00:00.000213,00:00:00.000523]
3 Optimise                         	     28	00:00:00.372182	(00:00:00.013292 +- 00:00:00.004637)	[00:00:00.001870,00:00:00.020838]
4 Prepare publishing               	     27	00:00:00.039806	(00:00:00.001474 +- 00:00:00.000401)	[00:00:00.000089,00:00:00.001871]
6 Visualising                      	     27	00:00:00.000002	(00:00:00.000000 +- 00:00:00.000000)	[00:00:00.000000,00:00:00.000000]
7 Marginalise                      	     27	00:00:00.069519	(00:00:00.002575 +- 00:00:00.001066)	[00:00:00.000004,00:00:00.005448]
7.1 check/handle lost              	     27	00:00:00.001219	(00:00:00.000045 +- 00:00:00.000019)	[00:00:00.000000,00:00:00.000062]
7.2 eliminate IMU frames           	     27	00:00:00.036762	(00:00:00.001362 +- 00:00:00.000812)	[00:00:00.000000,00:00:00.003538]
7.4 freezing                       	     26	00:00:00.000001	(00:00:00.000000 +- 00:00:00.000000)	[00:00:00.000000,00:00:00.000000]
7.6 expand                         	     26	00:00:00.015720	(00:00:00.000605 +- 00:00:00.000148)	[00:00:00.000199,00:00:00.001189]
I20260922 13:04:38.259441 0x1fecf6080 okvis_app_synchronous.cpp:200] Progress: 1% 
I20260922 13:04:39.012902 0x1fecf6080 okvis_app_synchronous.cpp:195] OKVIS Timing
-----------
1 DetectAndDescribe                	     57	00:00:00.106400	(00:00:00.001867 +- 00:00:00.000083)	[00:00:00.001746,00:00:00.002165]
2 Match                            	     57	00:00:00.299799	(00:00:00.005260 +- 00:00:00.000787)	[00:00:00.000630,00:00:00.006001]
2.01 match to map                  	     56	00:00:00.190742	(00:00:00.003406 +- 00:00:00.000398)	[00:00:00.001149,00:00:00.003810]
2.02 match motion stereo           	     56	00:00:00.059147	(00:00:00.001056 +- 00:00:00.000076)	[00:00:00.000638,00:00:00.001179]
2.02.1 match motion stereo: prepare	     56	00:00:00.034552	(00:00:00.000617 +- 00:00:00.000109)	[00:00:00.000002,00:00:00.000705]
2.03 loop closure query            	     56	00:00:00.006150	(00:00:00.000110 +- 00:00:00.000006)	[00:00:00.000099,00:00:00.000123]
2.07 attempt loop closure          	      0	
2.10 match stereo                  	      3	00:00:00.000999	(00:00:00.000333 +- 00:00:00.000136)	[00:00:00.000213,00:00:00.000523]
3 Optimise                         	     56	00:00:00.819245	(00:00:00.014629 +- 00:00:00.004117)	[00:00:00.001870,00:00:00.022029]
4 Prepare publishing               	     56	00:00:00.088609	(00:00:00.001582 +- 00:00:00.000303)	[00:00:00.000089,00:00:00.001897]
6 Visualising                      	     56	00:00:00.000003	(00:00:00.000000 +- 00:00:00.000000)	[00:00:00.000000,00:00:00.000000]
7 Marginalise                      	     56	00:00:00.158140	(00:00:00.002824 +- 00:00:00.000784)	[00:00:00.000004,00:00:00.005448]
7.1 check/handle lost              	     56	00:00:00.002803	(00:00:00.000050 +- 00:00:00.000014)	[00:00:00.000000,00:00:00.000062]
7.2 eliminate IMU frames           	     56	00:00:00.087014	(00:00:00.001554 +- 00:00:00.000599)	[00:00:00.000000,00:00:00.003538]
7.4 freezing                       	     55	00:00:00.000002	(00:00:00.000000 +- 00:00:00.000000)	[00:00:00.000000,00:00:00.000000]
7.6 expand                         	     55	00:00:00.033644	(00:00:00.000612 +- 00:00:00.000103)	[00:00:00.000199,00:00:00.001189]
I20260922 13:04:39.012994 0x1fecf6080 okvis_app_synchronous.cpp:200] Progress: 2% 
I20260922 13:04:39.740494 0x1fecf6080 okvis_app_synchronous.cpp:195] OKVIS Timing
-----------
1 DetectAndDescribe                	     86	00:00:00.158738	(00:00:00.001846 +- 00:00:00.000076)	[00:00:00.001746,00:00:00.002165]
2 Match                            	     86	00:00:00.449915	(00:00:00.005232 +- 00:00:00.000645)	[00:00:00.000630,00:00:00.006001]
2.01 match to map                  	     85	00:00:00.286472	(00:00:00.003370 +- 00:00:00.000331)	[00:00:00.001149,00:00:00.003810]
2.02 match motion stereo           	     85	00:00:00.089319	(00:00:00.001051 +- 00:00:00.000067)	[00:00:00.000638,00:00:00.001179]
2.02.1 match motion stereo: prepare	     85	00:00:00.052349	(00:00:00.000616 +- 00:00:00.000090)	[00:00:00.000002,00:00:00.000705]
2.03 loop closure query            	     85	00:00:00.009191	(00:00:00.000108 +- 00:00:00.000006)	[00:00:00.000098,00:00:00.000123]
2.07 attempt loop closure          	      0	
2.10 match stereo                  	      3	00:00:00.000999	(00:00:00.000333 +- 00:00:00.000136)	[00:00:00.000213,00:00:00.000523]
3 Optimise                         	     85	00:00:01.267493	(00:00:00.014912 +- 00:00:00.003781)	[00:00:00.001870,00:00:00.022029]
4 Prepare publishing               	     85	00:00:00.134425	(00:00:00.001581 +- 00:00:00.000247)	[00:00:00.000089,00:00:00.001897]
6 Visualising                      	     85	00:00:00.000005	(00:00:00.000000 +- 00:00:00.000000)	[00:00:00.000000,00:00:00.000000]
7 Marginalise                      	     85	00:00:00.240503	(00:00:00.002829 +- 00:00:00.000638)	[00:00:00.000004,00:00:00.005448]
7.1 check/handle lost              	     85	00:00:00.004273	(00:00:00.000050 +- 00:00:00.000012)	[00:00:00.000000,00:00:00.000062]
7.2 eliminate IMU frames           	     85	00:00:00.132703	(00:00:00.001561 +- 00:00:00.000487)	[00:00:00.000000,00:00:00.003538]
7.4 freezing                       	     84	00:00:00.000003	(00:00:00.000000 +- 00:00:00.000000)	[00:00:00.000000,00:00:00.000000]
7.6 expand                         	     84	00:00:00.050830	(00:00:00.000605 +- 00:00:00.000084)	[00:00:00.000199,00:00:00.001189]
I20260922 13:04:39.740555 0x1fecf6080 okvis_app_synchronous.cpp:200] Progress: 3% 
I20260922 13:04:40.471463 0x1fecf6080 okvis_app_synchronous.cpp:195] OKVIS Timing
-----------
1 DetectAndDescribe                	    115	00:00:00.209065	(00:00:00.001818 +- 00:00:00.000087)	[00:00:00.001627,00:00:00.002165]
2 Match                            	    115	00:00:00.597607	(00:00:00.005197 +- 00:00:00.000576)	[00:00:00.000630,00:00:00.006001]
2.01 match to map                  	    114	00:00:00.381159	(00:00:00.003344 +- 00:00:00.000302)	[00:00:00.001149,00:00:00.003810]
2.02 match motion stereo           	    114	00:00:00.118863	(00:00:00.001043 +- 00:00:00.000068)	[00:00:00.000638,00:00:00.001179]
2.02.1 match motion stereo: prepare	    114	00:00:00.069534	(00:00:00.000610 +- 00:00:00.000080)	[00:00:00.000002,00:00:00.000705]
2.03 loop closure query            	    114	00:00:00.012133	(00:00:00.000106 +- 00:00:00.000008)	[00:00:00.000087,00:00:00.000129]
2.07 attempt loop closure          	      0	
2.10 match stereo                  	      3	00:00:00.000999	(00:00:00.000333 +- 00:00:00.000136)	[00:00:00.000213,00:00:00.000523]
3 Optimise                         	    114	00:00:01.722413	(00:00:00.015109 +- 00:00:00.003843)	[00:00:00.001870,00:00:00.022029]
4 Prepare publishing               	    114	00:00:00.177869	(00:00:00.001560 +- 00:00:00.000222)	[00:00:00.000089,00:00:00.001897]
6 Visualising                      	    114	00:00:00.000006	(00:00:00.000000 +- 00:00:00.000000)	[00:00:00.000000,00:00:00.000000]
7 Marginalise                      	    114	00:00:00.319860	(00:00:00.002806 +- 00:00:00.000557)	[00:00:00.000004,00:00:00.005448]
7.1 check/handle lost              	    114	00:00:00.005609	(00:00:00.000049 +- 00:00:00.000010)	[00:00:00.000000,00:00:00.000062]
7.2 eliminate IMU frames           	    114	00:00:00.176975	(00:00:00.001552 +- 00:00:00.000424)	[00:00:00.000000,00:00:00.003538]
7.4 freezing                       	    113	00:00:00.000003	(00:00:00.000000 +- 00:00:00.000000)	[00:00:00.000000,00:00:00.000000]
7.6 expand                         	    113	00:00:00.067355	(00:00:00.000596 +- 00:00:00.000075)	[00:00:00.000199,00:00:00.001189]
I20260922 13:04:40.471746 0x1fecf6080 okvis_app_synchronous.cpp:200] Progress: 4% 
I20260922 13:04:41.166732 0x1fecf6080 okvis_app_synchronous.cpp:195] OKVIS Timing
-----------
1 DetectAndDescribe                	    144	00:00:00.256572	(00:00:00.001782 +- 00:00:00.000107)	[00:00:00.001562,00:00:00.002165]
2 Match                            	    144	00:00:00.730744	(00:00:00.005075 +- 00:00:00.000574)	[00:00:00.000630,00:00:00.006001]
2.01 match to map                  	    143	00:00:00.466220	(00:00:00.003260 +- 00:00:00.000320)	[00:00:00.001149,00:00:00.003810]
2.02 match motion stereo           	    143	00:00:00.146285	(00:00:00.001023 +- 00:00:00.000074)	[00:00:00.000638,00:00:00.001179]
2.02.1 match motion stereo: prepare	    143	00:00:00.085340	(00:00:00.000597 +- 00:00:00.000077)	[00:00:00.000002,00:00:00.000705]
2.03 loop closure query            	    143	00:00:00.014778	(00:00:00.000103 +- 00:00:00.000010)	[00:00:00.000083,00:00:00.000129]
2.07 attempt loop closure          	      0	
2.10 match stereo                  	      3	00:00:00.000999	(00:00:00.000333 +- 00:00:00.000136)	[00:00:00.000213,00:00:00.000523]
3 Optimise                         	    143	00:00:02.173907	(00:00:00.015202 +- 00:00:00.003717)	[00:00:00.001870,00:00:00.022029]
4 Prepare publishing               	    143	00:00:00.216860	(00:00:00.001517 +- 00:00:00.000217)	[00:00:00.000089,00:00:00.001897]
6 Visualising                      	    143	00:00:00.000008	(00:00:00.000000 +- 00:00:00.000000)	[00:00:00.000000,00:00:00.000000]
7 Marginalise                      	    143	00:00:00.389889	(00:00:00.002726 +- 00:00:00.000523)	[00:00:00.000004,00:00:00.005448]
7.1 check/handle lost              	    143	00:00:00.006763	(00:00:00.000047 +- 00:00:00.000010)	[00:00:00.000000,00:00:00.000062]
7.2 eliminate IMU frames           	    143	00:00:00.215305	(00:00:00.001506 +- 00:00:00.000391)	[00:00:00.000000,00:00:00.003538]
7.4 freezing                       	    142	00:00:00.000005	(00:00:00.000000 +- 00:00:00.000000)	[00:00:00.000000,00:00:00.000000]
7.6 expand                         	    142	00:00:00.082297	(00:00:00.000580 +- 00:00:00.000075)	[00:00:00.000199,00:00:00.001189]
I20260922 13:04:41.167032 0x1fecf6080 okvis_app_synchronous.cpp:200] Progress: 5% 
I20260922 13:04:41.769860 0x1fecf6080 okvis_app_synchronous.cpp:195] OKVIS Timing
-----------
1 DetectAndDescribe                	    173	00:00:00.295405	(00:00:00.001708 +- 00:00:00.000193)	[00:00:00.001268,00:00:00.002165]
2 Match                            	    173	00:00:00.847617	(00:00:00.004900 +- 00:00:00.000658)	[00:00:00.000630,00:00:00.006001]
2.01 match to map                  	    172	00:00:00.537287	(00:00:00.003124 +- 00:00:00.000425)	[00:00:00.001149,00:00:00.003810]
2.02 match motion stereo           	    172	00:00:00.174860	(00:00:00.001017 +- 00:00:00.000075)	[00:00:00.000638,00:00:00.001188]
2.02.1 match motion stereo: prepare	    172	00:00:00.100469	(00:00:00.000584 +- 00:00:00.000077)	[00:00:00.000002,00:00:00.000705]
2.03 loop closure query            	    172	00:00:00.016729	(00:00:00.000097 +- 00:00:00.000016)	[00:00:00.000062,00:00:00.000129]
2.07 attempt loop closure          	      0	
2.10 match stereo                  	      5	00:00:00.001379	(00:00:00.000276 +- 00:00:00.000135)	[00:00:00.000118,00:00:00.000523]
3 Optimise                         	    172	00:00:02.552545	(00:00:00.014840 +- 00:00:00.003751)	[00:00:00.001870,00:00:00.022029]
4 Prepare publishing               	    172	00:00:00.252166	(00:00:00.001466 +- 00:00:00.000229)	[00:00:00.000089,00:00:00.001897]
6 Visualising                      	    172	00:00:00.000009	(00:00:00.000000 +- 00:00:00.000000)	[00:00:00.000000,00:00:00.000000]
7 Marginalise                      	    172	00:00:00.451108	(00:00:00.002623 +- 00:00:00.000538)	[00:00:00.000004,00:00:00.005448]
7.1 check/handle lost              	    172	00:00:00.007540	(00:00:00.000044 +- 00:00:00.000012)	[00:00:00.000000,00:00:00.000062]
7.2 eliminate IMU frames           	    172	00:00:00.246725	(00:00:00.001434 +- 00:00:00.000402)	[00:00:00.000000,00:00:00.003538]
7.4 freezing                       	    171	00:00:00.000005	(00:00:00.000000 +- 00:00:00.000000)	[00:00:00.000000,00:00:00.000000]
7.6 expand                         	    171	00:00:00.096492	(00:00:00.000564 +- 00:00:00.000077)	[00:00:00.000199,00:00:00.001189]
I20260922 13:04:41.769914 0x1fecf6080 okvis_app_synchronous.cpp:200] Progress: 6% 
I20260922 13:04:42.527828 0x1fecf6080 okvis_app_synchronous.cpp:195] OKVIS Timing
-----------
1 DetectAndDescribe                	    202	00:00:00.347411	(00:00:00.001720 +- 00:00:00.000203)	[00:00:00.001268,00:00:00.002175]
2 Match                            	    202	00:00:00.994424	(00:00:00.004923 +- 00:00:00.000660)	[00:00:00.000630,00:00:00.006291]
2.01 match to map                  	    201	00:00:00.623648	(00:00:00.003103 +- 00:00:00.000428)	[00:00:00.001149,00:00:00.003810]
2.02 match motion stereo           	    201	00:00:00.213358	(00:00:00.001061 +- 00:00:00.000142)	[00:00:00.000638,00:00:00.001848]
2.02.1 match motion stereo: prepare	    201	00:00:00.120676	(00:00:00.000600 +- 00:00:00.000087)	[00:00:00.000002,00:00:00.000939]
2.03 loop closure query            	    201	00:00:00.019717	(00:00:00.000098 +- 00:00:00.000017)	[00:00:00.000062,00:00:00.000141]
2.07 attempt loop closure          	      0	
2.10 match stereo                  	      6	00:00:00.001839	(00:00:00.000306 +- 00:00:00.000141)	[00:00:00.000118,00:00:00.000523]
3 Optimise                         	    201	00:00:03.035740	(00:00:00.015103 +- 00:00:00.003910)	[00:00:00.001870,00:00:00.024365]
4 Prepare publishing               	    201	00:00:00.297867	(00:00:00.001482 +- 00:00:00.000228)	[00:00:00.000089,00:00:00.001944]
6 Visualising                      	    201	00:00:00.000010	(00:00:00.000000 +- 00:00:00.000000)	[00:00:00.000000,00:00:00.000000]
7 Marginalise                      	    201	00:00:00.531175	(00:00:00.002643 +- 00:00:00.000537)	[00:00:00.000004,00:00:00.005448]
7.1 check/handle lost              	    201	00:00:00.008569	(00:00:00.000043 +- 00:00:00.000012)	[00:00:00.000000,00:00:00.000062]
7.2 eliminate IMU frames           	    201	00:00:00.283794	(00:00:00.001412 +- 00:00:00.000405)	[00:00:00.000000,00:00:00.003538]
7.3 convert to posegraph           	      1	00:00:00.002709	(00:00:00.002709 +- 00:00:00.000000)	[00:00:00.002709,00:00:00.002709]
7.4 freezing                       	    200	00:00:00.000007	(00:00:00.000000 +- 00:00:00.000000)	[00:00:00.000000,00:00:00.000000]
7.6 expand                         	    200	00:00:00.115603	(00:00:00.000578 +- 00:00:00.000083)	[00:00:00.000199,00:00:00.001189]
I20260922 13:04:42.528111 0x1fecf6080 okvis_app_synchronous.cpp:200] Progress: 7% 
I20260922 13:04:43.239095 0x1fecf6080 okvis_app_synchronous.cpp:195] OKVIS Timing
-----------
1 DetectAndDescribe                	    231	00:00:00.416122	(00:00:00.001801 +- 00:00:00.000289)	[00:00:00.001268,00:00:00.002472]
2 Match                            	    231	00:00:01.138117	(00:00:00.004927 +- 00:00:00.000618)	[00:00:00.000630,00:00:00.006291]
2.01 match to map                  	    230	00:00:00.707490	(00:00:00.003076 +- 00:00:00.000407)	[00:00:00.001149,00:00:00.003810]
2.02 match motion stereo           	    230	00:00:00.251439	(00:00:00.001093 +- 00:00:00.000158)	[00:00:00.000638,00:00:00.001848]
2.02.1 match motion stereo: prepare	    230	00:00:00.141423	(00:00:00.000615 +- 00:00:00.000090)	[00:00:00.000002,00:00:00.000939]
2.03 loop closure query            	    230	00:00:00.023997	(00:00:00.000104 +- 00:00:00.000023)	[00:00:00.000062,00:00:00.000170]
2.07 attempt loop closure          	      0	
2.10 match stereo                  	      6	00:00:00.001839	(00:00:00.000306 +- 00:00:00.000141)	[00:00:00.000118,00:00:00.000523]
3 Optimise                         	    230	00:00:03.471200	(00:00:00.015092 +- 00:00:00.003884)	[00:00:00.001870,00:00:00.024365]
4 Prepare publishing               	    230	00:00:00.342684	(00:00:00.001490 +- 00:00:00.000215)	[00:00:00.000089,00:00:00.001944]
6 Visualising                      	    230	00:00:00.000011	(00:00:00.000000 +- 00:00:00.000000)	[00:00:00.000000,00:00:00.000000]
7 Marginalise                      	    230	00:00:00.613394	(00:00:00.002667 +- 00:00:00.000507)	[00:00:00.000004,00:00:00.005448]
7.1 check/handle lost              	    230	00:00:00.009552	(00:00:00.000042 +- 00:00:00.000012)	[00:00:00.000000,00:00:00.000062]
7.2 eliminate IMU frames           	    230	00:00:00.324531	(00:00:00.001411 +- 00:00:00.000379)	[00:00:00.000000,00:00:00.003538]
7.3 convert to posegraph           	      1	00:00:00.002709	(00:00:00.002709 +- 00:00:00.000000)	[00:00:00.002709,00:00:00.002709]
7.4 freezing                       	    229	00:00:00.000009	(00:00:00.000000 +- 00:00:00.000000)	[00:00:00.000000,00:00:00.000001]
7.6 expand                         	    229	00:00:00.135444	(00:00:00.000591 +- 00:00:00.000086)	[00:00:00.000199,00:00:00.001189]
I20260922 13:04:43.239151 0x1fecf6080 okvis_app_synchronous.cpp:200] Progress: 8% 
I20260922 13:04:44.256209 0x1fecf6080 okvis_app_synchronous.cpp:195] OKVIS Timing
-----------
1 DetectAndDescribe                	    261	00:00:00.485916	(00:00:00.001862 +- 00:00:00.000322)	[00:00:00.001268,00:00:00.002511]
2 Match                            	    261	00:00:01.322001	(00:00:00.005065 +- 00:00:00.000781)	[00:00:00.000630,00:00:00.007447]
2.01 match to map                  	    260	00:00:00.817252	(00:00:00.003143 +- 00:00:00.000499)	[00:00:00.001149,00:00:00.004634]
2.02 match motion stereo           	    260	00:00:00.296267	(00:00:00.001139 +- 00:00:00.000206)	[00:00:00.000638,00:00:00.001940]
2.02.1 match motion stereo: prepare	    260	00:00:00.165678	(00:00:00.000637 +- 00:00:00.000111)	[00:00:00.000002,00:00:00.001055]
2.03 loop closure query            	    260	00:00:00.028349	(00:00:00.000109 +- 00:00:00.000025)	[00:00:00.000062,00:00:00.000170]
2.07 attempt loop closure          	      0	
2.10 match stereo                  	      7	00:00:00.002638	(00:00:00.000377 +- 00:00:00.000216)	[00:00:00.000118,00:00:00.000799]
3 Optimise                         	    260	00:00:04.146013	(00:00:00.015946 +- 00:00:00.004726)	[00:00:00.001870,00:00:00.028404]
4 Prepare publishing               	    260	00:00:00.398279	(00:00:00.001532 +- 00:00:00.000254)	[00:00:00.000089,00:00:00.002216]
6 Visualising                      	    260	00:00:00.000013	(00:00:00.000000 +- 00:00:00.000000)	[00:00:00.000000,00:00:00.000000]
7 Marginalise                      	    260	00:00:00.715129	(00:00:00.002750 +- 00:00:00.000569)	[00:00:00.000004,00:00:00.005448]
7.1 check/handle lost              	    260	00:00:00.011120	(00:00:00.000043 +- 00:00:00.000013)	[00:00:00.000000,00:00:00.000071]
7.2 eliminate IMU frames           	    260	00:00:00.374555	(00:00:00.001441 +- 00:00:00.000400)	[00:00:00.000000,00:00:00.003538]
7.3 convert to posegraph           	      2	00:00:00.005375	(00:00:00.002687 +- 00:00:00.000021)	[00:00:00.002666,00:00:00.002709]
7.4 freezing                       	    259	00:00:00.000012	(00:00:00.000000 +- 00:00:00.000000)	[00:00:00.000000,00:00:00.000001]
7.6 expand                         	    259	00:00:00.158628	(00:00:00.000612 +- 00:00:00.000107)	[00:00:00.000199,00:00:00.001189]
I20260922 13:04:44.256515 0x1fecf6080 okvis_app_synchronous.cpp:200] Progress: 9% 
I20260922 13:04:45.354351 0x1fecf6080 okvis_app_synchronous.cpp:195] OKVIS Timing
-----------
1 DetectAndDescribe                	    290	00:00:00.552218	(00:00:00.001904 +- 00:00:00.000331)	[00:00:00.001268,00:00:00.002511]
2 Match                            	    290	00:00:01.504583	(00:00:00.005188 +- 00:00:00.000840)	[00:00:00.000630,00:00:00.007447]
2.01 match to map                  	    289	00:00:00.928011	(00:00:00.003211 +- 00:00:00.000525)	[00:00:00.001149,00:00:00.004634]
2.02 match motion stereo           	    289	00:00:00.338490	(00:00:00.001171 +- 00:00:00.000222)	[00:00:00.000638,00:00:00.001940]
2.02.1 match motion stereo: prepare	    289	00:00:00.189161	(00:00:00.000655 +- 00:00:00.000119)	[00:00:00.000002,00:00:00.001055]
2.03 loop closure query            	    289	00:00:00.032333	(00:00:00.000112 +- 00:00:00.000026)	[00:00:00.000062,00:00:00.000170]
2.07 attempt loop closure          	      0	
2.10 match stereo                  	      8	00:00:00.003214	(00:00:00.000402 +- 00:00:00.000213)	[00:00:00.000118,00:00:00.000799]
3 Optimise                         	    289	00:00:04.901849	(00:00:00.016961 +- 00:00:00.005440)	[00:00:00.001870,00:00:00.028724]
4 Prepare publishing               	    289	00:00:00.454410	(00:00:00.001572 +- 00:00:00.000273)	[00:00:00.000089,00:00:00.002216]
6 Visualising                      	    289	00:00:00.000014	(00:00:00.000000 +- 00:00:00.000000)	[00:00:00.000000,00:00:00.000000]
7 Marginalise                      	    289	00:00:00.817658	(00:00:00.002829 +- 00:00:00.000594)	[00:00:00.000004,00:00:00.005448]
7.1 check/handle lost              	    289	00:00:00.012733	(00:00:00.000044 +- 00:00:00.000013)	[00:00:00.000000,00:00:00.000071]
7.2 eliminate IMU frames           	    289	00:00:00.426869	(00:00:00.001477 +- 00:00:00.000411)	[00:00:00.000000,00:00:00.003538]
7.3 convert to posegraph           	      3	00:00:00.007582	(00:00:00.002527 +- 00:00:00.000227)	[00:00:00.002207,00:00:00.002709]
7.4 freezing                       	    288	00:00:00.000015	(00:00:00.000000 +- 00:00:00.000000)	[00:00:00.000000,00:00:00.000001]
7.6 expand                         	    288	00:00:00.181317	(00:00:00.000630 +- 00:00:00.000116)	[00:00:00.000199,00:00:00.001189]
I20260922 13:04:45.354414 0x1fecf6080 okvis_app_synchronous.cpp:200] Progress: 10% 
I20260922 13:04:46.369892 0x1fecf6080 okvis_app_synchronous.cpp:195] OKVIS Timing
-----------
1 DetectAndDescribe                	    319	00:00:00.622581	(00:00:00.001952 +- 00:00:00.000351)	[00:00:00.001268,00:00:00.002563]
2 Match                            	    319	00:00:01.666092	(00:00:00.005223 +- 00:00:00.000812)	[00:00:00.000630,00:00:00.007447]
2.01 match to map                  	    318	00:00:01.024111	(00:00:00.003220 +- 00:00:00.000505)	[00:00:00.001149,00:00:00.004634]
2.02 match motion stereo           	    318	00:00:00.377461	(00:00:00.001187 +- 00:00:00.000218)	[00:00:00.000638,00:00:00.001940]
2.02.1 match motion stereo: prepare	    318	00:00:00.211612	(00:00:00.000665 +- 00:00:00.000119)	[00:00:00.000002,00:00:00.001055]
2.03 loop closure query            	    318	00:00:00.036903	(00:00:00.000116 +- 00:00:00.000028)	[00:00:00.000062,00:00:00.000180]
2.07 attempt loop closure          	      0	
2.10 match stereo                  	      8	00:00:00.003214	(00:00:00.000402 +- 00:00:00.000213)	[00:00:00.000118,00:00:00.000799]
3 Optimise                         	    318	00:00:05.609316	(00:00:00.017639 +- 00:00:00.005615)	[00:00:00.001870,00:00:00.028724]
4 Prepare publishing               	    318	00:00:00.506475	(00:00:00.001593 +- 00:00:00.000269)	[00:00:00.000089,00:00:00.002216]
6 Visualising                      	    318	00:00:00.000016	(00:00:00.000000 +- 00:00:00.000000)	[00:00:00.000000,00:00:00.000000]
7 Marginalise                      	    318	00:00:00.911156	(00:00:00.002865 +- 00:00:00.000579)	[00:00:00.000004,00:00:00.005448]
7.1 check/handle lost              	    318	00:00:00.014056	(00:00:00.000044 +- 00:00:00.000012)	[00:00:00.000000,00:00:00.000071]
7.2 eliminate IMU frames           	    318	00:00:00.474779	(00:00:00.001493 +- 00:00:00.000396)	[00:00:00.000000,00:00:00.003538]
7.3 convert to posegraph           	      3	00:00:00.007582	(00:00:00.002527 +- 00:00:00.000227)	[00:00:00.002207,00:00:00.002709]
7.4 freezing                       	    317	00:00:00.000019	(00:00:00.000000 +- 00:00:00.000000)	[00:00:00.000000,00:00:00.000001]
7.6 expand                         	    317	00:00:00.203092	(00:00:00.000641 +- 00:00:00.000116)	[00:00:00.000199,00:00:00.001189]
I20260922 13:04:46.370006 0x1fecf6080 okvis_app_synchronous.cpp:200] Progress: 11% 
I20260922 13:04:47.701164 0x1fecf6080 okvis_app_synchronous.cpp:195] OKVIS Timing
-----------
1 DetectAndDescribe                	    348	00:00:00.698826	(00:00:00.002008 +- 00:00:00.000386)	[00:00:00.001268,00:00:00.002754]
2 Match                            	    348	00:00:01.888051	(00:00:00.005425 +- 00:00:00.001048)	[00:00:00.000630,00:00:00.008436]
2.01 match to map                  	    347	00:00:01.161405	(00:00:00.003347 +- 00:00:00.000663)	[00:00:00.001149,00:00:00.005423]
2.02 match motion stereo           	    347	00:00:00.425109	(00:00:00.001225 +- 00:00:00.000246)	[00:00:00.000638,00:00:00.001940]
2.02.1 match motion stereo: prepare	    347	00:00:00.240937	(00:00:00.000694 +- 00:00:00.000151)	[00:00:00.000002,00:00:00.001181]
2.03 loop closure query            	    347	00:00:00.041885	(00:00:00.000121 +- 00:00:00.000031)	[00:00:00.000062,00:00:00.000198]
2.07 attempt loop closure          	      0	
2.10 match stereo                  	      9	00:00:00.003989	(00:00:00.000443 +- 00:00:00.000232)	[00:00:00.000118,00:00:00.000799]
3 Optimise                         	    347	00:00:06.521782	(00:00:00.018795 +- 00:00:00.006661)	[00:00:00.001870,00:00:00.034157]
4 Prepare publishing               	    347	00:00:00.576207	(00:00:00.001661 +- 00:00:00.000350)	[00:00:00.000089,00:00:00.002687]
6 Visualising                      	    347	00:00:00.000018	(00:00:00.000000 +- 00:00:00.000000)	[00:00:00.000000,00:00:00.000000]
7 Marginalise                      	    347	00:00:01.037178	(00:00:00.002989 +- 00:00:00.000702)	[00:00:00.000004,00:00:00.005448]
7.1 check/handle lost              	    347	00:00:00.016193	(00:00:00.000047 +- 00:00:00.000015)	[00:00:00.000000,00:00:00.000089]
7.2 eliminate IMU frames           	    347	00:00:00.538260	(00:00:00.001551 +- 00:00:00.000450)	[00:00:00.000000,00:00:00.003538]
7.3 convert to posegraph           	      4	00:00:00.009965	(00:00:00.002491 +- 00:00:00.000206)	[00:00:00.002207,00:00:00.002709]
7.4 freezing                       	    346	00:00:00.000024	(00:00:00.000000 +- 00:00:00.000000)	[00:00:00.000000,00:00:00.000001]
7.6 expand                         	    346	00:00:00.231561	(00:00:00.000669 +- 00:00:00.000148)	[00:00:00.000199,00:00:00.001189]
I20260922 13:04:47.701227 0x1fecf6080 okvis_app_synchronous.cpp:200] Progress: 12% 
I20260922 13:04:48.961998 0x1fecf6080 okvis_app_synchronous.cpp:195] OKVIS Timing
-----------
1 DetectAndDescribe                	    377	00:00:00.773519	(00:00:00.002052 +- 00:00:00.000401)	[00:00:00.001268,00:00:00.002754]
2 Match                            	    377	00:00:02.090559	(00:00:00.005545 +- 00:00:00.001100)	[00:00:00.000630,00:00:00.008436]
2.01 match to map                  	    376	00:00:01.283778	(00:00:00.003414 +- 00:00:00.000686)	[00:00:00.001149,00:00:00.005423]
2.02 match motion stereo           	    376	00:00:00.471070	(00:00:00.001253 +- 00:00:00.000258)	[00:00:00.000638,00:00:00.001985]
2.02.1 match motion stereo: prepare	    376	00:00:00.268667	(00:00:00.000715 +- 00:00:00.000163)	[00:00:00.000002,00:00:00.001201]
2.03 loop closure query            	    376	00:00:00.046827	(00:00:00.000125 +- 00:00:00.000033)	[00:00:00.000062,00:00:00.000198]
2.07 attempt loop closure          	      0	
2.10 match stereo                  	     10	00:00:00.004720	(00:00:00.000472 +- 00:00:00.000237)	[00:00:00.000118,00:00:00.000799]
3 Optimise                         	    376	00:00:07.394739	(00:00:00.019667 +- 00:00:00.007086)	[00:00:00.001870,00:00:00.034157]
4 Prepare publishing               	    376	00:00:00.642095	(00:00:00.001708 +- 00:00:00.000376)	[00:00:00.000089,00:00:00.002687]
6 Visualising                      	    376	00:00:00.000019	(00:00:00.000000 +- 00:00:00.000000)	[00:00:00.000000,00:00:00.000000]
7 Marginalise                      	    376	00:00:01.156454	(00:00:00.003076 +- 00:00:00.000742)	[00:00:00.000004,00:00:00.005448]
7.1 check/handle lost              	    376	00:00:00.018060	(00:00:00.000048 +- 00:00:00.000015)	[00:00:00.000000,00:00:00.000089]
7.2 eliminate IMU frames           	    376	00:00:00.600293	(00:00:00.001597 +- 00:00:00.000462)	[00:00:00.000000,00:00:00.003538]
7.3 convert to posegraph           	      4	00:00:00.009965	(00:00:00.002491 +- 00:00:00.000206)	[00:00:00.002207,00:00:00.002709]
7.4 freezing                       	    375	00:00:00.000028	(00:00:00.000000 +- 00:00:00.000000)	[00:00:00.000000,00:00:00.000001]
7.6 expand                         	    375	00:00:00.258680	(00:00:00.000690 +- 00:00:00.000161)	[00:00:00.000199,00:00:00.001209]
I20260922 13:04:48.962089 0x1fecf6080 okvis_app_synchronous.cpp:200] Progress: 13% 
I20260922 13:04:50.344846 0x1fecf6080 okvis_app_synchronous.cpp:195] OKVIS Timing
-----------
1 DetectAndDescribe                	    406	00:00:00.839037	(00:00:00.002067 +- 00:00:00.000390)	[00:00:00.001268,00:00:00.002754]
2 Match                            	    406	00:00:02.312713	(00:00:00.005696 +- 00:00:00.001202)	[00:00:00.000630,00:00:00.008586]
2.01 match to map                  	    405	00:00:01.416083	(00:00:00.003497 +- 00:00:00.000734)	[00:00:00.001149,00:00:00.005423]
2.02 match motion stereo           	    405	00:00:00.523897	(00:00:00.001294 +- 00:00:00.000290)	[00:00:00.000638,00:00:00.002156]
2.02.1 match motion stereo: prepare	    405	00:00:00.299240	(00:00:00.000739 +- 00:00:00.000181)	[00:00:00.000002,00:00:00.001266]
2.03 loop closure query            	    405	00:00:00.051317	(00:00:00.000127 +- 00:00:00.000033)	[00:00:00.000062,00:00:00.000198]
2.07 attempt loop closure          	      0	
2.10 match stereo                  	     11	00:00:00.005390	(00:00:00.000490 +- 00:00:00.000233)	[00:00:00.000118,00:00:00.000799]
3 Optimise                         	    405	00:00:08.347292	(00:00:00.020611 +- 00:00:00.007651)	[00:00:00.001870,00:00:00.036105]
4 Prepare publishing               	    405	00:00:00.715774	(00:00:00.001767 +- 00:00:00.000423)	[00:00:00.000089,00:00:00.002770]
6 Visualising                      	    405	00:00:00.000020	(00:00:00.000000 +- 00:00:00.000000)	[00:00:00.000000,00:00:00.000000]
7 Marginalise                      	    405	00:00:01.288905	(00:00:00.003182 +- 00:00:00.000820)	[00:00:00.000004,00:00:00.006240]
7.1 check/handle lost              	    405	00:00:00.019992	(00:00:00.000049 +- 00:00:00.000016)	[00:00:00.000000,00:00:00.000089]
7.2 eliminate IMU frames           	    405	00:00:00.663229	(00:00:00.001638 +- 00:00:00.000498)	[00:00:00.000000,00:00:00.003538]
7.3 convert to posegraph           	      6	00:00:00.016208	(00:00:00.002701 +- 00:00:00.000524)	[00:00:00.002207,00:00:00.003810]
7.4 freezing                       	    404	00:00:00.000031	(00:00:00.000000 +- 00:00:00.000000)	[00:00:00.000000,00:00:00.000001]
7.6 expand                         	    404	00:00:00.288618	(00:00:00.000714 +- 00:00:00.000180)	[00:00:00.000199,00:00:00.001310]
I20260922 13:04:50.344944 0x1fecf6080 okvis_app_synchronous.cpp:200] Progress: 14% 
I20260922 13:04:51.677005 0x1fecf6080 okvis_app_synchronous.cpp:195] OKVIS Timing
-----------
1 DetectAndDescribe                	    435	00:00:00.902223	(00:00:00.002074 +- 00:00:00.000379)	[00:00:00.001268,00:00:00.002754]
2 Match                            	    435	00:00:02.520635	(00:00:00.005795 +- 00:00:00.001224)	[00:00:00.000630,00:00:00.008586]
2.01 match to map                  	    434	00:00:01.539487	(00:00:00.003547 +- 00:00:00.000738)	[00:00:00.001149,00:00:00.005423]
2.02 match motion stereo           	    434	00:00:00.575006	(00:00:00.001325 +- 00:00:00.000306)	[00:00:00.000638,00:00:00.002219]
2.02.1 match motion stereo: prepare	    434	00:00:00.328290	(00:00:00.000756 +- 00:00:00.000188)	[00:00:00.000002,00:00:00.001266]
2.03 loop closure query            	    434	00:00:00.055511	(00:00:00.000128 +- 00:00:00.000032)	[00:00:00.000062,00:00:00.000198]
2.07 attempt loop closure          	      0	
2.10 match stereo                  	     12	00:00:00.006242	(00:00:00.000520 +- 00:00:00.000244)	[00:00:00.000118,00:00:00.000852]
3 Optimise                         	    434	00:00:09.279318	(00:00:00.021381 +- 00:00:00.007962)	[00:00:00.001870,00:00:00.036105]
4 Prepare publishing               	    434	00:00:00.785574	(00:00:00.001810 +- 00:00:00.000440)	[00:00:00.000089,00:00:00.002770]
6 Visualising                      	    434	00:00:00.000021	(00:00:00.000000 +- 00:00:00.000000)	[00:00:00.000000,00:00:00.000000]
7 Marginalise                      	    434	00:00:01.410366	(00:00:00.003250 +- 00:00:00.000838)	[00:00:00.000004,00:00:00.006240]
7.1 check/handle lost              	    434	00:00:00.021697	(00:00:00.000050 +- 00:00:00.000015)	[00:00:00.000000,00:00:00.000089]
7.2 eliminate IMU frames           	    434	00:00:00.721887	(00:00:00.001663 +- 00:00:00.000501)	[00:00:00.000000,00:00:00.003538]
7.3 convert to posegraph           	      7	00:00:00.019779	(00:00:00.002826 +- 00:00:00.000573)	[00:00:00.002207,00:00:00.003810]
7.4 freezing                       	    433	00:00:00.000035	(00:00:00.000000 +- 00:00:00.000000)	[00:00:00.000000,00:00:00.000001]
7.6 expand                         	    433	00:00:00.316767	(00:00:00.000732 +- 00:00:00.000186)	[00:00:00.000199,00:00:00.001310]
I20260922 13:04:51.677062 0x1fecf6080 okvis_app_synchronous.cpp:200] Progress: 15% 
I20260922 13:04:52.879336 0x1fecf6080 okvis_app_synchronous.cpp:195] OKVIS Timing
-----------
1 DetectAndDescribe                	    464	00:00:00.958635	(00:00:00.002066 +- 00:00:00.000369)	[00:00:00.001268,00:00:00.002754]
2 Match                            	    464	00:00:02.701666	(00:00:00.005823 +- 00:00:00.001197)	[00:00:00.000630,00:00:00.008586]
2.01 match to map                  	    463	00:00:01.646463	(00:00:00.003556 +- 00:00:00.000719)	[00:00:00.001149,00:00:00.005423]
2.02 match motion stereo           	    463	00:00:00.621344	(00:00:00.001342 +- 00:00:00.000305)	[00:00:00.000638,00:00:00.002219]
2.02.1 match motion stereo: prepare	    463	00:00:00.353203	(00:00:00.000763 +- 00:00:00.000184)	[00:00:00.000002,00:00:00.001266]
2.03 loop closure query            	    463	00:00:00.059222	(00:00:00.000128 +- 00:00:00.000031)	[00:00:00.000062,00:00:00.000198]
2.07 attempt loop closure          	      0	
2.10 match stereo                  	     13	00:00:00.006775	(00:00:00.000521 +- 00:00:00.000235)	[00:00:00.000118,00:00:00.000852]
3 Optimise                         	    463	00:00:10.134635	(00:00:00.021889 +- 00:00:00.007975)	[00:00:00.001870,00:00:00.036105]
4 Prepare publishing               	    463	00:00:00.846216	(00:00:00.001828 +- 00:00:00.000433)	[00:00:00.000089,00:00:00.002770]
6 Visualising                      	    463	00:00:00.000022	(00:00:00.000000 +- 00:00:00.000000)	[00:00:00.000000,00:00:00.000000]
7 Marginalise                      	    463	00:00:01.515085	(00:00:00.003272 +- 00:00:00.000823)	[00:00:00.000004,00:00:00.006240]
7.1 check/handle lost              	    463	00:00:00.023063	(00:00:00.000050 +- 00:00:00.000015)	[00:00:00.000000,00:00:00.000089]
7.2 eliminate IMU frames           	    463	00:00:00.772228	(00:00:00.001668 +- 00:00:00.000494)	[00:00:00.000000,00:00:00.003538]
7.3 convert to posegraph           	      8	00:00:00.023203	(00:00:00.002900 +- 00:00:00.000571)	[00:00:00.002207,00:00:00.003810]
7.4 freezing                       	    462	00:00:00.000039	(00:00:00.000000 +- 00:00:00.000000)	[00:00:00.000000,00:00:00.000001]
7.6 expand                         	    462	00:00:00.340961	(00:00:00.000738 +- 00:00:00.000183)	[00:00:00.000199,00:00:00.001310]
I20260922 13:04:52.879428 0x1fecf6080 okvis_app_synchronous.cpp:200] Progress: 16% 
I20260922 13:04:54.113257 0x1fecf6080 okvis_app_synchronous.cpp:195] OKVIS Timing
-----------
1 DetectAndDescribe                	    494	00:00:01.021452	(00:00:00.002068 +- 00:00:00.000358)	[00:00:00.001268,00:00:00.002754]
2 Match                            	    494	00:00:02.893327	(00:00:00.005857 +- 00:00:00.001183)	[00:00:00.000630,00:00:00.008586]
2.01 match to map                  	    493	00:00:01.761550	(00:00:00.003573 +- 00:00:00.000711)	[00:00:00.001149,00:00:00.005423]
2.02 match motion stereo           	    493	00:00:00.667947	(00:00:00.001355 +- 00:00:00.000305)	[00:00:00.000638,00:00:00.002219]
2.02.1 match motion stereo: prepare	    493	00:00:00.378797	(00:00:00.000768 +- 00:00:00.000182)	[00:00:00.000002,00:00:00.001266]
2.03 loop closure query            	    493	00:00:00.063670	(00:00:00.000129 +- 00:00:00.000031)	[00:00:00.000062,00:00:00.000198]
2.07 attempt loop closure          	      0	
2.10 match stereo                  	     15	00:00:00.007977	(00:00:00.000532 +- 00:00:00.000222)	[00:00:00.000118,00:00:00.000852]
3 Optimise                         	    493	00:00:11.008582	(00:00:00.022330 +- 00:00:00.007946)	[00:00:00.001870,00:00:00.036105]
4 Prepare publishing               	    493	00:00:00.907337	(00:00:00.001840 +- 00:00:00.000426)	[00:00:00.000089,00:00:00.002770]
6 Visualising                      	    493	00:00:00.000024	(00:00:00.000000 +- 00:00:00.000000)	[00:00:00.000000,00:00:00.000000]
7 Marginalise                      	    493	00:00:01.621355	(00:00:00.003289 +- 00:00:00.000808)	[00:00:00.000004,00:00:00.006240]
7.1 check/handle lost              	    493	00:00:00.024526	(00:00:00.000050 +- 00:00:00.000015)	[00:00:00.000000,00:00:00.000089]
7.2 eliminate IMU frames           	    493	00:00:00.823683	(00:00:00.001671 +- 00:00:00.000487)	[00:00:00.000000,00:00:00.003538]
7.3 convert to posegraph           	      9	00:00:00.026558	(00:00:00.002951 +- 00:00:00.000557)	[00:00:00.002207,00:00:00.003810]
7.4 freezing                       	    492	00:00:00.000044	(00:00:00.000000 +- 00:00:00.000000)	[00:00:00.000000,00:00:00.000001]
7.6 expand                         	    492	00:00:00.365367	(00:00:00.000743 +- 00:00:00.000180)	[00:00:00.000199,00:00:00.001310]
I20260922 13:04:54.113333 0x1fecf6080 okvis_app_synchronous.cpp:200] Progress: 17% 
I20260922 13:04:55.159905 0x1fecf6080 okvis_app_synchronous.cpp:195] OKVIS Timing
-----------
1 DetectAndDescribe                	    523	00:00:01.077946	(00:00:00.002061 +- 00:00:00.000349)	[00:00:00.001268,00:00:00.002754]
2 Match                            	    523	00:00:03.048549	(00:00:00.005829 +- 00:00:00.001163)	[00:00:00.000630,00:00:00.008586]
2.01 match to map                  	    522	00:00:01.851134	(00:00:00.003546 +- 00:00:00.000706)	[00:00:00.001149,00:00:00.005423]
2.02 match motion stereo           	    522	00:00:00.710246	(00:00:00.001361 +- 00:00:00.000299)	[00:00:00.000638,00:00:00.002219]
2.02.1 match motion stereo: prepare	    522	00:00:00.400181	(00:00:00.000767 +- 00:00:00.000177)	[00:00:00.000002,00:00:00.001266]
2.03 loop closure query            	    522	00:00:00.067643	(00:00:00.000130 +- 00:00:00.000030)	[00:00:00.000062,00:00:00.000198]
2.07 attempt loop closure          	      0	
2.10 match stereo                  	     16	00:00:00.008522	(00:00:00.000533 +- 00:00:00.000215)	[00:00:00.000118,00:00:00.000852]
3 Optimise                         	    522	00:00:11.762224	(00:00:00.022533 +- 00:00:00.007795)	[00:00:00.001870,00:00:00.036105]
4 Prepare publishing               	    522	00:00:00.958238	(00:00:00.001836 +- 00:00:00.000416)	[00:00:00.000089,00:00:00.002770]
6 Visualising                      	    522	00:00:00.000025	(00:00:00.000000 +- 00:00:00.000000)	[00:00:00.000000,00:00:00.000000]
7 Marginalise                      	    522	00:00:01.706480	(00:00:00.003269 +- 00:00:00.000793)	[00:00:00.000004,00:00:00.006240]
7.1 check/handle lost              	    522	00:00:00.025502	(00:00:00.000049 +- 00:00:00.000015)	[00:00:00.000000,00:00:00.000089]
7.2 eliminate IMU frames           	    522	00:00:00.863798	(00:00:00.001655 +- 00:00:00.000483)	[00:00:00.000000,00:00:00.003538]
7.3 convert to posegraph           	     10	00:00:00.028605	(00:00:00.002860 +- 00:00:00.000594)	[00:00:00.002047,00:00:00.003810]
7.4 freezing                       	    521	00:00:00.000051	(00:00:00.000000 +- 00:00:00.000000)	[00:00:00.000000,00:00:00.000001]
7.6 expand                         	    521	00:00:00.385874	(00:00:00.000741 +- 00:00:00.000175)	[00:00:00.000199,00:00:00.001310]
I20260922 13:04:55.160022 0x1fecf6080 okvis_app_synchronous.cpp:200] Progress: 18% 
I20260922 13:04:56.305071 0x1fecf6080 okvis_app_synchronous.cpp:195] OKVIS Timing
-----------
1 DetectAndDescribe                	    552	00:00:01.134640	(00:00:00.002056 +- 00:00:00.000341)	[00:00:00.001268,00:00:00.002754]
2 Match                            	    552	00:00:03.231802	(00:00:00.005855 +- 00:00:00.001141)	[00:00:00.000630,00:00:00.008586]
2.01 match to map                  	    551	00:00:01.961604	(00:00:00.003560 +- 00:00:00.000693)	[00:00:00.001149,00:00:00.005423]
2.02 match motion stereo           	    551	00:00:00.754221	(00:00:00.001369 +- 00:00:00.000295)	[00:00:00.000638,00:00:00.002219]
2.02.1 match motion stereo: prepare	    551	00:00:00.424603	(00:00:00.000771 +- 00:00:00.000174)	[00:00:00.000002,00:00:00.001266]
2.03 loop closure query            	    551	00:00:00.071832	(00:00:00.000130 +- 00:00:00.000029)	[00:00:00.000062,00:00:00.000198]
2.07 attempt loop closure          	      0	
2.10 match stereo                  	     17	00:00:00.009278	(00:00:00.000546 +- 00:00:00.000215)	[00:00:00.000118,00:00:00.000852]
3 Optimise                         	    551	00:00:12.560802	(00:00:00.022796 +- 00:00:00.007732)	[00:00:00.001870,00:00:00.036105]
4 Prepare publishing               	    551	00:00:01.017146	(00:00:00.001846 +- 00:00:00.000408)	[00:00:00.000089,00:00:00.002770]
6 Visualising                      	    551	00:00:00.000027	(00:00:00.000000 +- 00:00:00.000000)	[00:00:00.000000,00:00:00.000000]
7 Marginalise                      	    551	00:00:01.809666	(00:00:00.003284 +- 00:00:00.000779)	[00:00:00.000004,00:00:00.006240]
7.1 check/handle lost              	    551	00:00:00.026986	(00:00:00.000049 +- 00:00:00.000015)	[00:00:00.000000,00:00:00.000089]
7.2 eliminate IMU frames           	    551	00:00:00.911851	(00:00:00.001655 +- 00:00:00.000483)	[00:00:00.000000,00:00:00.003538]
7.3 convert to posegraph           	     12	00:00:00.034508	(00:00:00.002876 +- 00:00:00.000543)	[00:00:00.002047,00:00:00.003810]
7.4 freezing                       	    550	00:00:00.000057	(00:00:00.000000 +- 00:00:00.000000)	[00:00:00.000000,00:00:00.000001]
7.6 expand                         	    550	00:00:00.409186	(00:00:00.000744 +- 00:00:00.000172)	[00:00:00.000199,00:00:00.001310]
I20260922 13:04:56.305127 0x1fecf6080 okvis_app_synchronous.cpp:200] Progress: 19% 
I20260922 13:04:57.494542 0x1fecf6080 okvis_app_synchronous.cpp:195] OKVIS Timing
-----------
1 DetectAndDescribe                	    581	00:00:01.190613	(00:00:00.002049 +- 00:00:00.000335)	[00:00:00.001268,00:00:00.002754]
2 Match                            	    581	00:00:03.417829	(00:00:00.005883 +- 00:00:00.001123)	[00:00:00.000630,00:00:00.008586]
2.01 match to map                  	    580	00:00:02.074443	(00:00:00.003577 +- 00:00:00.000684)	[00:00:00.001149,00:00:00.005423]
2.02 match motion stereo           	    580	00:00:00.799156	(00:00:00.001378 +- 00:00:00.000291)	[00:00:00.000638,00:00:00.002219]
2.02.1 match motion stereo: prepare	    580	00:00:00.448972	(00:00:00.000774 +- 00:00:00.000171)	[00:00:00.000002,00:00:00.001266]
2.03 loop closure query            	    580	00:00:00.076054	(00:00:00.000131 +- 00:00:00.000029)	[00:00:00.000062,00:00:00.000198]
2.07 attempt loop closure          	      0	
2.10 match stereo                  	     17	00:00:00.009278	(00:00:00.000546 +- 00:00:00.000215)	[00:00:00.000118,00:00:00.000852]
3 Optimise                         	    580	00:00:13.403375	(00:00:00.023109 +- 00:00:00.007661)	[00:00:00.001870,00:00:00.036105]
4 Prepare publishing               	    580	00:00:01.075692	(00:00:00.001855 +- 00:00:00.000400)	[00:00:00.000089,00:00:00.002770]
6 Visualising                      	    580	00:00:00.000028	(00:00:00.000000 +- 00:00:00.000000)	[00:00:00.000000,00:00:00.000000]
7 Marginalise                      	    580	00:00:01.910987	(00:00:00.003295 +- 00:00:00.000763)	[00:00:00.000004,00:00:00.006240]
7.1 check/handle lost              	    580	00:00:00.028460	(00:00:00.000049 +- 00:00:00.000014)	[00:00:00.000000,00:00:00.000089]
7.2 eliminate IMU frames           	    580	00:00:00.963985	(00:00:00.001662 +- 00:00:00.000472)	[00:00:00.000000,00:00:00.003538]
7.3 convert to posegraph           	     12	00:00:00.034508	(00:00:00.002876 +- 00:00:00.000543)	[00:00:00.002047,00:00:00.003810]
7.4 freezing                       	    579	00:00:00.000061	(00:00:00.000000 +- 00:00:00.000000)	[00:00:00.000000,00:00:00.000001]
7.6 expand                         	    579	00:00:00.432533	(00:00:00.000747 +- 00:00:00.000169)	[00:00:00.000199,00:00:00.001310]
I20260922 13:04:57.494677 0x1fecf6080 okvis_app_synchronous.cpp:200] Progress: 20% 
I20260922 13:04:58.719011 0x1fecf6080 okvis_app_synchronous.cpp:195] OKVIS Timing
-----------
1 DetectAndDescribe                  	    610	00:00:01.254621	(00:00:00.002057 +- 00:00:00.000328)	[00:00:00.001268,00:00:00.002754]
2 Match                              	    610	00:00:03.613120	(00:00:00.005923 +- 00:00:00.001118)	[00:00:00.000630,00:00:00.008586]
2.01 match to map                    	    609	00:00:02.190785	(00:00:00.003597 +- 00:00:00.000681)	[00:00:00.001149,00:00:00.005423]
2.02 match motion stereo             	    609	00:00:00.846609	(00:00:00.001390 +- 00:00:00.000290)	[00:00:00.000638,00:00:00.002219]
2.02.1 match motion stereo: prepare  	    609	00:00:00.475285	(00:00:00.000780 +- 00:00:00.000170)	[00:00:00.000002,00:00:00.001266]
2.03 loop closure query              	    609	00:00:00.080949	(00:00:00.000133 +- 00:00:00.000029)	[00:00:00.000062,00:00:00.000198]
2.04 loop closure descriptor matching	      1	00:00:00.000576	(00:00:00.000576 +- 00:00:00.000000)	[00:00:00.000576,00:00:00.000576]
2.07 attempt loop closure            	      0	
2.10 match stereo                    	     18	00:00:00.010086	(00:00:00.000560 +- 00:00:00.000218)	[00:00:00.000118,00:00:00.000852]
3 Optimise                           	    609	00:00:14.260099	(00:00:00.023416 +- 00:00:00.007610)	[00:00:00.001870,00:00:00.036105]
4 Prepare publishing                 	    609	00:00:01.137582	(00:00:00.001868 +- 00:00:00.000396)	[00:00:00.000089,00:00:00.002770]
6 Visualising                        	    609	00:00:00.000030	(00:00:00.000000 +- 00:00:00.000000)	[00:00:00.000000,00:00:00.000000]
7 Marginalise                        	    609	00:00:02.020381	(00:00:00.003318 +- 00:00:00.000754)	[00:00:00.000004,00:00:00.006240]
7.1 check/handle lost                	    609	00:00:00.030061	(00:00:00.000049 +- 00:00:00.000014)	[00:00:00.000000,00:00:00.000089]
7.2 eliminate IMU frames             	    609	00:00:01.020594	(00:00:00.001676 +- 00:00:00.000466)	[00:00:00.000000,00:00:00.003538]
7.3 convert to posegraph             	     12	00:00:00.034508	(00:00:00.002876 +- 00:00:00.000543)	[00:00:00.002047,00:00:00.003810]
7.4 freezing                         	    608	00:00:00.000066	(00:00:00.000000 +- 00:00:00.000000)	[00:00:00.000000,00:00:00.000001]
7.6 expand                           	    608	00:00:00.457535	(00:00:00.000753 +- 00:00:00.000167)	[00:00:00.000199,00:00:00.001310]
I20260922 13:04:58.719102 0x1fecf6080 okvis_app_synchronous.cpp:200] Progress: 21% 
I20260922 13:04:59.912260 0x1fecf6080 okvis_app_synchronous.cpp:195] OKVIS Timing
-----------
1 DetectAndDescribe                  	    639	00:00:01.320890	(00:00:00.002067 +- 00:00:00.000324)	[00:00:00.001268,00:00:00.002754]
2 Match                              	    639	00:00:03.797864	(00:00:00.005943 +- 00:00:00.001108)	[00:00:00.000630,00:00:00.008586]
2.01 match to map                    	    638	00:00:02.301473	(00:00:00.003607 +- 00:00:00.000675)	[00:00:00.001149,00:00:00.005423]
2.02 match motion stereo             	    638	00:00:00.891682	(00:00:00.001398 +- 00:00:00.000287)	[00:00:00.000638,00:00:00.002219]
2.02.1 match motion stereo: prepare  	    638	00:00:00.500937	(00:00:00.000785 +- 00:00:00.000168)	[00:00:00.000002,00:00:00.001266]
2.03 loop closure query              	    638	00:00:00.086364	(00:00:00.000135 +- 00:00:00.000031)	[00:00:00.000062,00:00:00.000217]
2.04 loop closure descriptor matching	      1	00:00:00.000576	(00:00:00.000576 +- 00:00:00.000000)	[00:00:00.000576,00:00:00.000576]
2.07 attempt loop closure            	      0	
2.10 match stereo                    	     18	00:00:00.010086	(00:00:00.000560 +- 00:00:00.000218)	[00:00:00.000118,00:00:00.000852]
3 Optimise                           	    638	00:00:15.102659	(00:00:00.023672 +- 00:00:00.007549)	[00:00:00.001870,00:00:00.036105]
4 Prepare publishing                 	    638	00:00:01.197197	(00:00:00.001876 +- 00:00:00.000391)	[00:00:00.000089,00:00:00.002770]
6 Visualising                        	    638	00:00:00.000031	(00:00:00.000000 +- 00:00:00.000000)	[00:00:00.000000,00:00:00.000000]
7 Marginalise                        	    638	00:00:02.125610	(00:00:00.003332 +- 00:00:00.000744)	[00:00:00.000004,00:00:00.006240]
7.1 check/handle lost                	    638	00:00:00.031477	(00:00:00.000049 +- 00:00:00.000014)	[00:00:00.000000,00:00:00.000089]
7.2 eliminate IMU frames             	    638	00:00:01.071326	(00:00:00.001679 +- 00:00:00.000463)	[00:00:00.000000,00:00:00.003538]
7.3 convert to posegraph             	     13	00:00:00.037338	(00:00:00.002872 +- 00:00:00.000522)	[00:00:00.002047,00:00:00.003810]
7.4 freezing                         	    637	00:00:00.000072	(00:00:00.000000 +- 00:00:00.000000)	[00:00:00.000000,00:00:00.000001]
7.6 expand                           	    637	00:00:00.482125	(00:00:00.000757 +- 00:00:00.000165)	[00:00:00.000199,00:00:00.001310]
I20260922 13:04:59.912319 0x1fecf6080 okvis_app_synchronous.cpp:200] Progress: 22% 
I20260922 13:05:01.005531 0x1fecf6080 okvis_app_synchronous.cpp:195] OKVIS Timing
-----------
1 DetectAndDescribe                  	    668	00:00:01.384743	(00:00:00.002073 +- 00:00:00.000319)	[00:00:00.001268,00:00:00.002754]
2 Match                              	    668	00:00:03.964022	(00:00:00.005934 +- 00:00:00.001085)	[00:00:00.000630,00:00:00.008586]
2.01 match to map                    	    667	00:00:02.399877	(00:00:00.003598 +- 00:00:00.000662)	[00:00:00.001149,00:00:00.005423]
2.02 match motion stereo             	    667	00:00:00.933687	(00:00:00.001400 +- 00:00:00.000281)	[00:00:00.000638,00:00:00.002219]
2.02.1 match motion stereo: prepare  	    667	00:00:00.524385	(00:00:00.000786 +- 00:00:00.000165)	[00:00:00.000002,00:00:00.001266]
2.03 loop closure query              	    667	00:00:00.091513	(00:00:00.000137 +- 00:00:00.000032)	[00:00:00.000062,00:00:00.000217]
2.04 loop closure descriptor matching	      1	00:00:00.000576	(00:00:00.000576 +- 00:00:00.000000)	[00:00:00.000576,00:00:00.000576]
2.07 attempt loop closure            	      0	
2.10 match stereo                    	     18	00:00:00.010086	(00:00:00.000560 +- 00:00:00.000218)	[00:00:00.000118,00:00:00.000852]
3 Optimise                           	    667	00:00:15.882411	(00:00:00.023812 +- 00:00:00.007419)	[00:00:00.001870,00:00:00.036105]
4 Prepare publishing                 	    667	00:00:01.251026	(00:00:00.001876 +- 00:00:00.000382)	[00:00:00.000089,00:00:00.002770]
6 Visualising                        	    667	00:00:00.000032	(00:00:00.000000 +- 00:00:00.000000)	[00:00:00.000000,00:00:00.000000]
7 Marginalise                        	    667	00:00:02.218034	(00:00:00.003325 +- 00:00:00.000729)	[00:00:00.000004,00:00:00.006240]
7.1 check/handle lost                	    667	00:00:00.032598	(00:00:00.000049 +- 00:00:00.000014)	[00:00:00.000000,00:00:00.000089]
7.2 eliminate IMU frames             	    667	00:00:01.116994	(00:00:00.001675 +- 00:00:00.000454)	[00:00:00.000000,00:00:00.003538]
7.3 convert to posegraph             	     13	00:00:00.037338	(00:00:00.002872 +- 00:00:00.000522)	[00:00:00.002047,00:00:00.003810]
7.4 freezing                         	    666	00:00:00.000076	(00:00:00.000000 +- 00:00:00.000000)	[00:00:00.000000,00:00:00.000001]
7.6 expand                           	    666	00:00:00.504491	(00:00:00.000757 +- 00:00:00.000162)	[00:00:00.000199,00:00:00.001310]
I20260922 13:05:01.005651 0x1fecf6080 okvis_app_synchronous.cpp:200] Progress: 23% 
I20260922 13:05:02.141550 0x1fecf6080 okvis_app_synchronous.cpp:195] OKVIS Timing
-----------
1 DetectAndDescribe                  	    697	00:00:01.442681	(00:00:00.002070 +- 00:00:00.000313)	[00:00:00.001268,00:00:00.002754]
2 Match                              	    697	00:00:04.145655	(00:00:00.005948 +- 00:00:00.001065)	[00:00:00.000630,00:00:00.008586]
2.01 match to map                    	    696	00:00:02.508452	(00:00:00.003604 +- 00:00:00.000649)	[00:00:00.001149,00:00:00.005423]
2.02 match motion stereo             	    696	00:00:00.979512	(00:00:00.001407 +- 00:00:00.000277)	[00:00:00.000638,00:00:00.002219]
2.02.1 match motion stereo: prepare  	    696	00:00:00.548999	(00:00:00.000789 +- 00:00:00.000162)	[00:00:00.000002,00:00:00.001266]
2.03 loop closure query              	    696	00:00:00.095967	(00:00:00.000138 +- 00:00:00.000031)	[00:00:00.000062,00:00:00.000217]
2.04 loop closure descriptor matching	      1	00:00:00.000576	(00:00:00.000576 +- 00:00:00.000000)	[00:00:00.000576,00:00:00.000576]
2.07 attempt loop closure            	      0	
2.10 match stereo                    	     18	00:00:00.010086	(00:00:00.000560 +- 00:00:00.000218)	[00:00:00.000118,00:00:00.000852]
3 Optimise                           	    696	00:00:16.683002	(00:00:00.023970 +- 00:00:00.007305)	[00:00:00.001870,00:00:00.036105]
4 Prepare publishing                 	    696	00:00:01.307274	(00:00:00.001878 +- 00:00:00.000375)	[00:00:00.000089,00:00:00.002770]
6 Visualising                        	    696	00:00:00.000033	(00:00:00.000000 +- 00:00:00.000000)	[00:00:00.000000,00:00:00.000000]
7 Marginalise                        	    696	00:00:02.314515	(00:00:00.003325 +- 00:00:00.000714)	[00:00:00.000004,00:00:00.006240]
7.1 check/handle lost                	    696	00:00:00.033775	(00:00:00.000049 +- 00:00:00.000014)	[00:00:00.000000,00:00:00.000089]
7.2 eliminate IMU frames             	    696	00:00:01.164720	(00:00:00.001673 +- 00:00:00.000444)	[00:00:00.000000,00:00:00.003538]
7.3 convert to posegraph             	     13	00:00:00.037338	(00:00:00.002872 +- 00:00:00.000522)	[00:00:00.002047,00:00:00.003810]
7.4 freezing                         	    695	00:00:00.000080	(00:00:00.000000 +- 00:00:00.000000)	[00:00:00.000000,00:00:00.000001]
7.6 expand                           	    695	00:00:00.527714	(00:00:00.000759 +- 00:00:00.000159)	[00:00:00.000199,00:00:00.001310]
I20260922 13:05:02.141607 0x1fecf6080 okvis_app_synchronous.cpp:200] Progress: 24% 
I20260922 13:05:03.372689 0x1fecf6080 okvis_app_synchronous.cpp:195] OKVIS Timing
-----------
1 DetectAndDescribe                  	    726	00:00:01.503831	(00:00:00.002071 +- 00:00:00.000307)	[00:00:00.001268,00:00:00.002754]
2 Match                              	    726	00:00:04.355761	(00:00:00.006000 +- 00:00:00.001089)	[00:00:00.000630,00:00:00.008785]
2.01 match to map                    	    725	00:00:02.637134	(00:00:00.003637 +- 00:00:00.000671)	[00:00:00.001149,00:00:00.005479]
2.02 match motion stereo             	    725	00:00:01.028976	(00:00:00.001419 +- 00:00:00.000280)	[00:00:00.000638,00:00:00.002219]
2.02.1 match motion stereo: prepare  	    725	00:00:00.575984	(00:00:00.000794 +- 00:00:00.000162)	[00:00:00.000002,00:00:00.001266]
2.03 loop closure query              	    725	00:00:00.100785	(00:00:00.000139 +- 00:00:00.000031)	[00:00:00.000062,00:00:00.000217]
2.04 loop closure descriptor matching	      1	00:00:00.000576	(00:00:00.000576 +- 00:00:00.000000)	[00:00:00.000576,00:00:00.000576]
2.07 attempt loop closure            	      0	
2.10 match stereo                    	     19	00:00:00.010922	(00:00:00.000575 +- 00:00:00.000221)	[00:00:00.000118,00:00:00.000852]
3 Optimise                           	    725	00:00:17.530051	(00:00:00.024179 +- 00:00:00.007283)	[00:00:00.001870,00:00:00.036105]
4 Prepare publishing                 	    725	00:00:01.370284	(00:00:00.001890 +- 00:00:00.000375)	[00:00:00.000089,00:00:00.002770]
6 Visualising                        	    725	00:00:00.000034	(00:00:00.000000 +- 00:00:00.000000)	[00:00:00.000000,00:00:00.000000]
7 Marginalise                        	    725	00:00:02.424430	(00:00:00.003344 +- 00:00:00.000711)	[00:00:00.000004,00:00:00.006240]
7.1 check/handle lost                	    725	00:00:00.035332	(00:00:00.000049 +- 00:00:00.000014)	[00:00:00.000000,00:00:00.000089]
7.2 eliminate IMU frames             	    725	00:00:01.217771	(00:00:00.001680 +- 00:00:00.000445)	[00:00:00.000000,00:00:00.003538]
7.3 convert to posegraph             	     14	00:00:00.040106	(00:00:00.002865 +- 00:00:00.000504)	[00:00:00.002047,00:00:00.003810]
7.4 freezing                         	    724	00:00:00.000084	(00:00:00.000000 +- 00:00:00.000000)	[00:00:00.000000,00:00:00.000001]
7.6 expand                           	    724	00:00:00.553352	(00:00:00.000764 +- 00:00:00.000158)	[00:00:00.000199,00:00:00.001310]
I20260922 13:05:03.372809 0x1fecf6080 okvis_app_synchronous.cpp:200] Progress: 25% 
I20260922 13:05:04.602487 0x1fecf6080 okvis_app_synchronous.cpp:195] OKVIS Timing
-----------
1 DetectAndDescribe                  	    756	00:00:01.561683	(00:00:00.002066 +- 00:00:00.000303)	[00:00:00.001268,00:00:00.002754]
2 Match                              	    756	00:00:04.552447	(00:00:00.006022 +- 00:00:00.001077)	[00:00:00.000630,00:00:00.008785]
2.01 match to map                    	    755	00:00:02.756468	(00:00:00.003651 +- 00:00:00.000665)	[00:00:00.001149,00:00:00.005479]
2.02 match motion stereo             	    755	00:00:01.076794	(00:00:00.001426 +- 00:00:00.000277)	[00:00:00.000638,00:00:00.002219]
2.02.1 match motion stereo: prepare  	    755	00:00:00.601627	(00:00:00.000797 +- 00:00:00.000160)	[00:00:00.000002,00:00:00.001266]
2.03 loop closure query              	    755	00:00:00.105176	(00:00:00.000139 +- 00:00:00.000031)	[00:00:00.000062,00:00:00.000217]
2.04 loop closure descriptor matching	      1	00:00:00.000576	(00:00:00.000576 +- 00:00:00.000000)	[00:00:00.000576,00:00:00.000576]
2.07 attempt loop closure            	      0	
2.10 match stereo                    	     20	00:00:00.011468	(00:00:00.000573 +- 00:00:00.000215)	[00:00:00.000118,00:00:00.000852]
3 Optimise                           	    755	00:00:18.396833	(00:00:00.024367 +- 00:00:00.007204)	[00:00:00.001870,00:00:00.036105]
4 Prepare publishing                 	    755	00:00:01.430547	(00:00:00.001895 +- 00:00:00.000370)	[00:00:00.000089,00:00:00.002770]
6 Visualising                        	    755	00:00:00.000035	(00:00:00.000000 +- 00:00:00.000000)	[00:00:00.000000,00:00:00.000000]
7 Marginalise                        	    755	00:00:02.529364	(00:00:00.003350 +- 00:00:00.000701)	[00:00:00.000004,00:00:00.006240]
7.1 check/handle lost                	    755	00:00:00.036649	(00:00:00.000049 +- 00:00:00.000014)	[00:00:00.000000,00:00:00.000089]
7.2 eliminate IMU frames             	    755	00:00:01.269131	(00:00:00.001681 +- 00:00:00.000442)	[00:00:00.000000,00:00:00.003538]
7.3 convert to posegraph             	     15	00:00:00.042799	(00:00:00.002853 +- 00:00:00.000489)	[00:00:00.002047,00:00:00.003810]
7.4 freezing                         	    754	00:00:00.000089	(00:00:00.000000 +- 00:00:00.000000)	[00:00:00.000000,00:00:00.000002]
7.6 expand                           	    754	00:00:00.577452	(00:00:00.000766 +- 00:00:00.000156)	[00:00:00.000199,00:00:00.001310]
I20260922 13:05:04.602594 0x1fecf6080 okvis_app_synchronous.cpp:200] Progress: 26% 
I20260922 13:05:05.617856 0x1fecf6080 okvis_app_synchronous.cpp:195] OKVIS Timing
-----------
1 DetectAndDescribe                  	    785	00:00:01.611778	(00:00:00.002053 +- 00:00:00.000306)	[00:00:00.001268,00:00:00.002754]
2 Match                              	    785	00:00:04.713035	(00:00:00.006004 +- 00:00:00.001065)	[00:00:00.000630,00:00:00.008785]
2.01 match to map                    	    784	00:00:02.852506	(00:00:00.003638 +- 00:00:00.000659)	[00:00:00.001149,00:00:00.005479]
2.02 match motion stereo             	    784	00:00:01.118682	(00:00:00.001427 +- 00:00:00.000272)	[00:00:00.000638,00:00:00.002219]
2.02.1 match motion stereo: prepare  	    784	00:00:00.622685	(00:00:00.000794 +- 00:00:00.000158)	[00:00:00.000002,00:00:00.001266]
2.03 loop closure query              	    784	00:00:00.108893	(00:00:00.000139 +- 00:00:00.000030)	[00:00:00.000062,00:00:00.000217]
2.04 loop closure descriptor matching	      1	00:00:00.000576	(00:00:00.000576 +- 00:00:00.000000)	[00:00:00.000576,00:00:00.000576]
2.07 attempt loop closure            	      0	
2.10 match stereo                    	     21	00:00:00.011725	(00:00:00.000558 +- 00:00:00.000220)	[00:00:00.000118,00:00:00.000852]
3 Optimise                           	    784	00:00:19.116677	(00:00:00.024384 +- 00:00:00.007084)	[00:00:00.001870,00:00:00.036105]
4 Prepare publishing                 	    784	00:00:01.479708	(00:00:00.001887 +- 00:00:00.000366)	[00:00:00.000089,00:00:00.002770]
6 Visualising                        	    784	00:00:00.000036	(00:00:00.000000 +- 00:00:00.000000)	[00:00:00.000000,00:00:00.000000]
7 Marginalise                        	    784	00:00:02.614075	(00:00:00.003334 +- 00:00:00.000695)	[00:00:00.000004,00:00:00.006240]
7.1 check/handle lost                	    784	00:00:00.037576	(00:00:00.000048 +- 00:00:00.000014)	[00:00:00.000000,00:00:00.000089]
7.2 eliminate IMU frames             	    784	00:00:01.309531	(00:00:00.001670 +- 00:00:00.000441)	[00:00:00.000000,00:00:00.003538]
7.3 convert to posegraph             	     16	00:00:00.045135	(00:00:00.002821 +- 00:00:00.000489)	[00:00:00.002047,00:00:00.003810]
7.4 freezing                         	    783	00:00:00.000094	(00:00:00.000000 +- 00:00:00.000000)	[00:00:00.000000,00:00:00.000002]
7.6 expand                           	    783	00:00:00.597480	(00:00:00.000763 +- 00:00:00.000154)	[00:00:00.000199,00:00:00.001310]
I20260922 13:05:05.617913 0x1fecf6080 okvis_app_synchronous.cpp:200] Progress: 27% 
I20260922 13:05:06.450672 0x1fecf6080 okvis_app_synchronous.cpp:195] OKVIS Timing
-----------
1 DetectAndDescribe                  	    814	00:00:01.647100	(00:00:00.002023 +- 00:00:00.000338)	[00:00:00.001158,00:00:00.002754]
2 Match                              	    814	00:00:04.835782	(00:00:00.005941 +- 00:00:00.001097)	[00:00:00.000630,00:00:00.008785]
2.01 match to map                    	    813	00:00:02.924569	(00:00:00.003597 +- 00:00:00.000682)	[00:00:00.001149,00:00:00.005479]
2.02 match motion stereo             	    813	00:00:01.152213	(00:00:00.001417 +- 00:00:00.000273)	[00:00:00.000638,00:00:00.002219]
2.02.1 match motion stereo: prepare  	    813	00:00:00.638206	(00:00:00.000785 +- 00:00:00.000163)	[00:00:00.000002,00:00:00.001266]
2.03 loop closure query              	    813	00:00:00.111297	(00:00:00.000137 +- 00:00:00.000032)	[00:00:00.000062,00:00:00.000217]
2.04 loop closure descriptor matching	      1	00:00:00.000576	(00:00:00.000576 +- 00:00:00.000000)	[00:00:00.000576,00:00:00.000576]
2.07 attempt loop closure            	      0	
2.10 match stereo                    	     22	00:00:00.012003	(00:00:00.000546 +- 00:00:00.000223)	[00:00:00.000118,00:00:00.000852]
3 Optimise                           	    813	00:00:19.726644	(00:00:00.024264 +- 00:00:00.006988)	[00:00:00.001870,00:00:00.036105]
4 Prepare publishing                 	    813	00:00:01.516777	(00:00:00.001866 +- 00:00:00.000377)	[00:00:00.000089,00:00:00.002770]
6 Visualising                        	    813	00:00:00.000038	(00:00:00.000000 +- 00:00:00.000000)	[00:00:00.000000,00:00:00.000000]
7 Marginalise                        	    813	00:00:02.676123	(00:00:00.003292 +- 00:00:00.000719)	[00:00:00.000004,00:00:00.006240]
7.1 check/handle lost                	    813	00:00:00.038191	(00:00:00.000047 +- 00:00:00.000014)	[00:00:00.000000,00:00:00.000089]
7.2 eliminate IMU frames             	    813	00:00:01.339191	(00:00:00.001647 +- 00:00:00.000452)	[00:00:00.000000,00:00:00.003538]
7.3 convert to posegraph             	     17	00:00:00.047355	(00:00:00.002786 +- 00:00:00.000495)	[00:00:00.002047,00:00:00.003810]
7.4 freezing                         	    812	00:00:00.000099	(00:00:00.000000 +- 00:00:00.000000)	[00:00:00.000000,00:00:00.000002]
7.6 expand                           	    812	00:00:00.611812	(00:00:00.000753 +- 00:00:00.000159)	[00:00:00.000199,00:00:00.001310]
I20260922 13:05:06.451109 0x1fecf6080 okvis_app_synchronous.cpp:200] Progress: 28% 
I20260922 13:05:07.194739 0x1fecf6080 okvis_app_synchronous.cpp:195] OKVIS Timing
-----------
1 DetectAndDescribe                  	    843	00:00:01.682074	(00:00:00.001995 +- 00:00:00.000364)	[00:00:00.001158,00:00:00.002754]
2 Match                              	    843	00:00:04.941858	(00:00:00.005862 +- 00:00:00.001156)	[00:00:00.000630,00:00:00.008785]
2.01 match to map                    	    842	00:00:02.984590	(00:00:00.003545 +- 00:00:00.000726)	[00:00:00.001149,00:00:00.005479]
2.02 match motion stereo             	    842	00:00:01.183297	(00:00:00.001405 +- 00:00:00.000276)	[00:00:00.000638,00:00:00.002219]
2.02.1 match motion stereo: prepare  	    842	00:00:00.652366	(00:00:00.000775 +- 00:00:00.000169)	[00:00:00.000002,00:00:00.001266]
2.03 loop closure query              	    842	00:00:00.113716	(00:00:00.000135 +- 00:00:00.000032)	[00:00:00.000062,00:00:00.000217]
2.04 loop closure descriptor matching	      1	00:00:00.000576	(00:00:00.000576 +- 00:00:00.000000)	[00:00:00.000576,00:00:00.000576]
2.07 attempt loop closure            	      0	
2.10 match stereo                    	     22	00:00:00.012003	(00:00:00.000546 +- 00:00:00.000223)	[00:00:00.000118,00:00:00.000852]
3 Optimise                           	    842	00:00:20.279110	(00:00:00.024084 +- 00:00:00.006934)	[00:00:00.001870,00:00:00.036105]
4 Prepare publishing                 	    842	00:00:01.549236	(00:00:00.001840 +- 00:00:00.000394)	[00:00:00.000089,00:00:00.002770]
6 Visualising                        	    842	00:00:00.000039	(00:00:00.000000 +- 00:00:00.000000)	[00:00:00.000000,00:00:00.000000]
7 Marginalise                        	    842	00:00:02.729089	(00:00:00.003241 +- 00:00:00.000756)	[00:00:00.000004,00:00:00.006240]
7.1 check/handle lost                	    842	00:00:00.038698	(00:00:00.000046 +- 00:00:00.000015)	[00:00:00.000000,00:00:00.000089]
7.2 eliminate IMU frames             	    842	00:00:01.364928	(00:00:00.001621 +- 00:00:00.000465)	[00:00:00.000000,00:00:00.003538]
7.3 convert to posegraph             	     17	00:00:00.047355	(00:00:00.002786 +- 00:00:00.000495)	[00:00:00.002047,00:00:00.003810]
7.4 freezing                         	    841	00:00:00.000101	(00:00:00.000000 +- 00:00:00.000000)	[00:00:00.000000,00:00:00.000002]
7.6 expand                           	    841	00:00:00.624849	(00:00:00.000743 +- 00:00:00.000166)	[00:00:00.000199,00:00:00.001310]
I20260922 13:05:07.194831 0x1fecf6080 okvis_app_synchronous.cpp:200] Progress: 29% 
I20260922 13:05:07.988591 0x1fecf6080 okvis_app_synchronous.cpp:195] OKVIS Timing
-----------
1 DetectAndDescribe                  	    872	00:00:01.723579	(00:00:00.001977 +- 00:00:00.000374)	[00:00:00.001158,00:00:00.002754]
2 Match                              	    872	00:00:05.062870	(00:00:00.005806 +- 00:00:00.001180)	[00:00:00.000630,00:00:00.008785]
2.01 match to map                    	    871	00:00:03.053314	(00:00:00.003506 +- 00:00:00.000748)	[00:00:00.001149,00:00:00.005479]
2.02 match motion stereo             	    871	00:00:01.217646	(00:00:00.001398 +- 00:00:00.000275)	[00:00:00.000638,00:00:00.002219]
2.02.1 match motion stereo: prepare  	    871	00:00:00.668087	(00:00:00.000767 +- 00:00:00.000172)	[00:00:00.000002,00:00:00.001266]
2.03 loop closure query              	    871	00:00:00.117015	(00:00:00.000134 +- 00:00:00.000032)	[00:00:00.000062,00:00:00.000217]
2.04 loop closure descriptor matching	      1	00:00:00.000576	(00:00:00.000576 +- 00:00:00.000000)	[00:00:00.000576,00:00:00.000576]
2.07 attempt loop closure            	      0	
2.10 match stereo                    	     23	00:00:00.012343	(00:00:00.000537 +- 00:00:00.000222)	[00:00:00.000118,00:00:00.000852]
3 Optimise                           	    871	00:00:20.853191	(00:00:00.023942 +- 00:00:00.006865)	[00:00:00.001870,00:00:00.036105]
4 Prepare publishing                 	    871	00:00:01.584908	(00:00:00.001820 +- 00:00:00.000404)	[00:00:00.000089,00:00:00.002770]
6 Visualising                        	    871	00:00:00.000040	(00:00:00.000000 +- 00:00:00.000000)	[00:00:00.000000,00:00:00.000000]
7 Marginalise                        	    871	00:00:02.790299	(00:00:00.003204 +- 00:00:00.000774)	[00:00:00.000004,00:00:00.006240]
7.1 check/handle lost                	    871	00:00:00.039373	(00:00:00.000045 +- 00:00:00.000015)	[00:00:00.000000,00:00:00.000089]
7.2 eliminate IMU frames             	    871	00:00:01.393142	(00:00:00.001599 +- 00:00:00.000474)	[00:00:00.000000,00:00:00.003538]
7.3 convert to posegraph             	     18	00:00:00.049752	(00:00:00.002764 +- 00:00:00.000490)	[00:00:00.002047,00:00:00.003810]
7.4 freezing                         	    870	00:00:00.000104	(00:00:00.000000 +- 00:00:00.000000)	[00:00:00.000000,00:00:00.000002]
7.6 expand                           	    870	00:00:00.639418	(00:00:00.000735 +- 00:00:00.000169)	[00:00:00.000199,00:00:00.001310]
I20260922 13:05:07.988671 0x1fecf6080 okvis_app_synchronous.cpp:200] Progress: 30% 
I20260922 13:05:08.968545 0x1fecf6080 okvis_app_synchronous.cpp:195] OKVIS Timing
-----------
1 DetectAndDescribe                  	    901	00:00:01.783897	(00:00:00.001980 +- 00:00:00.000370)	[00:00:00.001158,00:00:00.002754]
2 Match                              	    901	00:00:05.225352	(00:00:00.005800 +- 00:00:00.001170)	[00:00:00.000630,00:00:00.008785]
2.01 match to map                    	    900	00:00:03.148995	(00:00:00.003499 +- 00:00:00.000743)	[00:00:00.001149,00:00:00.005479]
2.02 match motion stereo             	    900	00:00:01.258241	(00:00:00.001398 +- 00:00:00.000272)	[00:00:00.000638,00:00:00.002219]
2.02.1 match motion stereo: prepare  	    900	00:00:00.688666	(00:00:00.000765 +- 00:00:00.000170)	[00:00:00.000002,00:00:00.001266]
2.03 loop closure query              	    900	00:00:00.122072	(00:00:00.000136 +- 00:00:00.000033)	[00:00:00.000062,00:00:00.000217]
2.04 loop closure descriptor matching	      1	00:00:00.000576	(00:00:00.000576 +- 00:00:00.000000)	[00:00:00.000576,00:00:00.000576]
2.07 attempt loop closure            	      0	
2.10 match stereo                    	     24	00:00:00.013116	(00:00:00.000547 +- 00:00:00.000223)	[00:00:00.000118,00:00:00.000852]
3 Optimise                           	    900	00:00:21.536572	(00:00:00.023930 +- 00:00:00.006771)	[00:00:00.001870,00:00:00.036105]
4 Prepare publishing                 	    900	00:00:01.631724	(00:00:00.001813 +- 00:00:00.000401)	[00:00:00.000089,00:00:00.002770]
6 Visualising                        	    900	00:00:00.000041	(00:00:00.000000 +- 00:00:00.000000)	[00:00:00.000000,00:00:00.000000]
7 Marginalise                        	    900	00:00:02.876553	(00:00:00.003196 +- 00:00:00.000767)	[00:00:00.000004,00:00:00.006240]
7.1 check/handle lost                	    900	00:00:00.040629	(00:00:00.000045 +- 00:00:00.000015)	[00:00:00.000000,00:00:00.000089]
7.2 eliminate IMU frames             	    900	00:00:01.435944	(00:00:00.001595 +- 00:00:00.000472)	[00:00:00.000000,00:00:00.003538]
7.3 convert to posegraph             	     19	00:00:00.052149	(00:00:00.002745 +- 00:00:00.000484)	[00:00:00.002047,00:00:00.003810]
7.4 freezing                         	    899	00:00:00.000109	(00:00:00.000000 +- 00:00:00.000000)	[00:00:00.000000,00:00:00.000002]
7.6 expand                           	    899	00:00:00.658847	(00:00:00.000733 +- 00:00:00.000168)	[00:00:00.000199,00:00:00.001310]
I20260922 13:05:08.968662 0x1fecf6080 okvis_app_synchronous.cpp:200] Progress: 31% 
I20260922 13:05:10.101152 0x1fecf6080 okvis_app_synchronous.cpp:195] OKVIS Timing
-----------
1 DetectAndDescribe                  	    930	00:00:01.859452	(00:00:00.001999 +- 00:00:00.000383)	[00:00:00.001158,00:00:00.003122]
2 Match                              	    930	00:00:05.411225	(00:00:00.005819 +- 00:00:00.001164)	[00:00:00.000630,00:00:00.008785]
2.01 match to map                    	    929	00:00:03.258689	(00:00:00.003508 +- 00:00:00.000738)	[00:00:00.001149,00:00:00.005479]
2.02 match motion stereo             	    929	00:00:01.303362	(00:00:00.001403 +- 00:00:00.000270)	[00:00:00.000638,00:00:00.002219]
2.02.1 match motion stereo: prepare  	    929	00:00:00.712684	(00:00:00.000767 +- 00:00:00.000169)	[00:00:00.000002,00:00:00.001266]
2.03 loop closure query              	    929	00:00:00.128094	(00:00:00.000138 +- 00:00:00.000035)	[00:00:00.000062,00:00:00.000245]
2.04 loop closure descriptor matching	      1	00:00:00.000576	(00:00:00.000576 +- 00:00:00.000000)	[00:00:00.000576,00:00:00.000576]
2.07 attempt loop closure            	      0	
2.10 match stereo                    	     26	00:00:00.014850	(00:00:00.000571 +- 00:00:00.000234)	[00:00:00.000118,00:00:00.001007]
3 Optimise                           	    929	00:00:22.326114	(00:00:00.024032 +- 00:00:00.006706)	[00:00:00.001870,00:00:00.036105]
4 Prepare publishing                 	    929	00:00:01.686946	(00:00:00.001816 +- 00:00:00.000397)	[00:00:00.000089,00:00:00.002770]
6 Visualising                        	    929	00:00:00.000042	(00:00:00.000000 +- 00:00:00.000000)	[00:00:00.000000,00:00:00.000000]
7 Marginalise                        	    929	00:00:02.977453	(00:00:00.003205 +- 00:00:00.000760)	[00:00:00.000004,00:00:00.006240]
7.1 check/handle lost                	    929	00:00:00.042164	(00:00:00.000045 +- 00:00:00.000015)	[00:00:00.000000,00:00:00.000089]
7.2 eliminate IMU frames             	    929	00:00:01.486497	(00:00:00.001600 +- 00:00:00.000470)	[00:00:00.000000,00:00:00.003538]
7.3 convert to posegraph             	     20	00:00:00.054138	(00:00:00.002707 +- 00:00:00.000499)	[00:00:00.001990,00:00:00.003810]
7.4 freezing                         	    928	00:00:00.000111	(00:00:00.000000 +- 00:00:00.000000)	[00:00:00.000000,00:00:00.000002]
7.6 expand                           	    928	00:00:00.681721	(00:00:00.000735 +- 00:00:00.000166)	[00:00:00.000199,00:00:00.001310]
I20260922 13:05:10.101213 0x1fecf6080 okvis_app_synchronous.cpp:200] Progress: 32% 
I20260922 13:05:11.480697 0x1fecf6080 okvis_app_synchronous.cpp:195] OKVIS Timing
-----------
1 DetectAndDescribe                  	    959	00:00:01.951671	(00:00:00.002035 +- 00:00:00.000428)	[00:00:00.001158,00:00:00.003361]
2 Match                              	    959	00:00:05.632230	(00:00:00.005873 +- 00:00:00.001197)	[00:00:00.000630,00:00:00.009221]
2.01 match to map                    	    958	00:00:03.393254	(00:00:00.003542 +- 00:00:00.000761)	[00:00:00.001149,00:00:00.005755]
2.02 match motion stereo             	    958	00:00:01.353923	(00:00:00.001413 +- 00:00:00.000274)	[00:00:00.000638,00:00:00.002219]
2.02.1 match motion stereo: prepare  	    958	00:00:00.742793	(00:00:00.000775 +- 00:00:00.000173)	[00:00:00.000002,00:00:00.001266]
2.03 loop closure query              	    958	00:00:00.134981	(00:00:00.000141 +- 00:00:00.000038)	[00:00:00.000062,00:00:00.000278]
2.04 loop closure descriptor matching	      1	00:00:00.000576	(00:00:00.000576 +- 00:00:00.000000)	[00:00:00.000576,00:00:00.000576]
2.07 attempt loop closure            	      0	
2.10 match stereo                    	     26	00:00:00.014850	(00:00:00.000571 +- 00:00:00.000234)	[00:00:00.000118,00:00:00.001007]
3 Optimise                           	    958	00:00:23.287122	(00:00:00.024308 +- 00:00:00.006803)	[00:00:00.001870,00:00:00.038058]
4 Prepare publishing                 	    958	00:00:01.756865	(00:00:00.001834 +- 00:00:00.000406)	[00:00:00.000089,00:00:00.002826]
6 Visualising                        	    958	00:00:00.000044	(00:00:00.000000 +- 00:00:00.000000)	[00:00:00.000000,00:00:00.000000]
7 Marginalise                        	    958	00:00:03.103903	(00:00:00.003240 +- 00:00:00.000778)	[00:00:00.000004,00:00:00.006240]
7.1 check/handle lost                	    958	00:00:00.044095	(00:00:00.000046 +- 00:00:00.000016)	[00:00:00.000000,00:00:00.000091]
7.2 eliminate IMU frames             	    958	00:00:01.549332	(00:00:00.001617 +- 00:00:00.000481)	[00:00:00.000000,00:00:00.003538]
7.3 convert to posegraph             	     21	00:00:00.056737	(00:00:00.002702 +- 00:00:00.000488)	[00:00:00.001990,00:00:00.003810]
7.4 freezing                         	    957	00:00:00.000116	(00:00:00.000000 +- 00:00:00.000000)	[00:00:00.000000,00:00:00.000002]
7.6 expand                           	    957	00:00:00.710602	(00:00:00.000743 +- 00:00:00.000171)	[00:00:00.000199,00:00:00.001310]
I20260922 13:05:11.481159 0x1fecf6080 okvis_app_synchronous.cpp:200] Progress: 33% 
I20260922 13:05:12.816299 0x1fecf6080 okvis_app_synchronous.cpp:195] OKVIS Timing
-----------
1 DetectAndDescribe                  	    989	00:00:02.034123	(00:00:00.002057 +- 00:00:00.000446)	[00:00:00.001158,00:00:00.003361]
2 Match                              	    989	00:00:05.839797	(00:00:00.005905 +- 00:00:00.001201)	[00:00:00.000630,00:00:00.009221]
2.01 match to map                    	    988	00:00:03.516391	(00:00:00.003559 +- 00:00:00.000763)	[00:00:00.001149,00:00:00.005755]
2.02 match motion stereo             	    988	00:00:01.403916	(00:00:00.001421 +- 00:00:00.000275)	[00:00:00.000638,00:00:00.002219]
2.02.1 match motion stereo: prepare  	    988	00:00:00.771705	(00:00:00.000781 +- 00:00:00.000175)	[00:00:00.000002,00:00:00.001337]
2.03 loop closure query              	    988	00:00:00.141515	(00:00:00.000143 +- 00:00:00.000040)	[00:00:00.000062,00:00:00.000278]
2.04 loop closure descriptor matching	      1	00:00:00.000576	(00:00:00.000576 +- 00:00:00.000000)	[00:00:00.000576,00:00:00.000576]
2.07 attempt loop closure            	      0	
2.10 match stereo                    	     28	00:00:00.016613	(00:00:00.000593 +- 00:00:00.000250)	[00:00:00.000118,00:00:00.001152]
3 Optimise                           	    988	00:00:24.230416	(00:00:00.024525 +- 00:00:00.006827)	[00:00:00.001870,00:00:00.038058]
4 Prepare publishing                 	    988	00:00:01.823389	(00:00:00.001846 +- 00:00:00.000408)	[00:00:00.000089,00:00:00.002836]
6 Visualising                        	    988	00:00:00.000045	(00:00:00.000000 +- 00:00:00.000000)	[00:00:00.000000,00:00:00.000000]
7 Marginalise                        	    988	00:00:03.221030	(00:00:00.003260 +- 00:00:00.000779)	[00:00:00.000004,00:00:00.006240]
7.1 check/handle lost                	    988	00:00:00.045681	(00:00:00.000046 +- 00:00:00.000016)	[00:00:00.000000,00:00:00.000091]
7.2 eliminate IMU frames             	    988	00:00:01.605229	(00:00:00.001625 +- 00:00:00.000481)	[00:00:00.000000,00:00:00.003538]
7.3 convert to posegraph             	     22	00:00:00.059484	(00:00:00.002704 +- 00:00:00.000477)	[00:00:00.001990,00:00:00.003810]
7.4 freezing                         	    987	00:00:00.000122	(00:00:00.000000 +- 00:00:00.000000)	[00:00:00.000000,00:00:00.000002]
7.6 expand                           	    987	00:00:00.738422	(00:00:00.000748 +- 00:00:00.000172)	[00:00:00.000199,00:00:00.001310]
I20260922 13:05:12.816399 0x1fecf6080 okvis_app_synchronous.cpp:200] Progress: 34% 
I20260922 13:05:14.151383 0x1fecf6080 okvis_app_synchronous.cpp:195] OKVIS Timing
-----------
1 DetectAndDescribe                  	   1018	00:00:02.094616	(00:00:00.002058 +- 00:00:00.000440)	[00:00:00.001158,00:00:00.003361]
2 Match                              	   1018	00:00:06.034375	(00:00:00.005928 +- 00:00:00.001196)	[00:00:00.000630,00:00:00.009221]
2.01 match to map                    	   1017	00:00:03.630790	(00:00:00.003570 +- 00:00:00.000758)	[00:00:00.001149,00:00:00.005755]
2.02 match motion stereo             	   1017	00:00:01.453175	(00:00:00.001429 +- 00:00:00.000276)	[00:00:00.000638,00:00:00.002219]
2.02.1 match motion stereo: prepare  	   1017	00:00:00.799161	(00:00:00.000786 +- 00:00:00.000175)	[00:00:00.000002,00:00:00.001337]
2.03 loop closure query              	   1017	00:00:00.146877	(00:00:00.000144 +- 00:00:00.000040)	[00:00:00.000062,00:00:00.000278]
2.04 loop closure descriptor matching	      1	00:00:00.000576	(00:00:00.000576 +- 00:00:00.000000)	[00:00:00.000576,00:00:00.000576]
2.07 attempt loop closure            	      0	
2.10 match stereo                    	     29	00:00:00.017040	(00:00:00.000588 +- 00:00:00.000247)	[00:00:00.000118,00:00:00.001152]
3 Optimise                           	   1017	00:00:25.192825	(00:00:00.024772 +- 00:00:00.006889)	[00:00:00.001870,00:00:00.038058]
4 Prepare publishing                 	   1017	00:00:01.888745	(00:00:00.001857 +- 00:00:00.000409)	[00:00:00.000089,00:00:00.002836]
6 Visualising                        	   1017	00:00:00.000046	(00:00:00.000000 +- 00:00:00.000000)	[00:00:00.000000,00:00:00.000000]
7 Marginalise                        	   1017	00:00:03.332614	(00:00:00.003277 +- 00:00:00.000778)	[00:00:00.000004,00:00:00.006240]
7.1 check/handle lost                	   1017	00:00:00.047058	(00:00:00.000046 +- 00:00:00.000015)	[00:00:00.000000,00:00:00.000091]
7.2 eliminate IMU frames             	   1017	00:00:01.656498	(00:00:00.001629 +- 00:00:00.000483)	[00:00:00.000000,00:00:00.003538]
7.3 convert to posegraph             	     24	00:00:00.064898	(00:00:00.002704 +- 00:00:00.000461)	[00:00:00.001990,00:00:00.003810]
7.4 freezing                         	   1016	00:00:00.000132	(00:00:00.000000 +- 00:00:00.000000)	[00:00:00.000000,00:00:00.000002]
7.6 expand                           	   1016	00:00:00.764473	(00:00:00.000752 +- 00:00:00.000172)	[00:00:00.000199,00:00:00.001310]
I20260922 13:05:14.151446 0x1fecf6080 okvis_app_synchronous.cpp:200] Progress: 35% 
I20260922 13:05:15.353524 0x1fecf6080 okvis_app_synchronous.cpp:195] OKVIS Timing
-----------
1 DetectAndDescribe                  	   1047	00:00:02.158468	(00:00:00.002062 +- 00:00:00.000435)	[00:00:00.001158,00:00:00.003361]
2 Match                              	   1047	00:00:06.214483	(00:00:00.005936 +- 00:00:00.001182)	[00:00:00.000630,00:00:00.009221]
2.01 match to map                    	   1046	00:00:03.733899	(00:00:00.003570 +- 00:00:00.000749)	[00:00:00.001149,00:00:00.005755]
2.02 match motion stereo             	   1046	00:00:01.501663	(00:00:00.001436 +- 00:00:00.000276)	[00:00:00.000638,00:00:00.002219]
2.02.1 match motion stereo: prepare  	   1046	00:00:00.824814	(00:00:00.000789 +- 00:00:00.000174)	[00:00:00.000002,00:00:00.001337]
2.03 loop closure query              	   1046	00:00:00.152809	(00:00:00.000146 +- 00:00:00.000041)	[00:00:00.000062,00:00:00.000278]
2.04 loop closure descriptor matching	      1	00:00:00.000576	(00:00:00.000576 +- 00:00:00.000000)	[00:00:00.000576,00:00:00.000576]
2.07 attempt loop closure            	      0	
2.10 match stereo                    	     29	00:00:00.017040	(00:00:00.000588 +- 00:00:00.000247)	[00:00:00.000118,00:00:00.001152]
3 Optimise                           	   1046	00:00:26.058116	(00:00:00.024912 +- 00:00:00.006849)	[00:00:00.001870,00:00:00.038058]
4 Prepare publishing                 	   1046	00:00:01.947051	(00:00:00.001861 +- 00:00:00.000404)	[00:00:00.000089,00:00:00.002836]
6 Visualising                        	   1046	00:00:00.000048	(00:00:00.000000 +- 00:00:00.000000)	[00:00:00.000000,00:00:00.000000]
7 Marginalise                        	   1046	00:00:03.429745	(00:00:00.003279 +- 00:00:00.000767)	[00:00:00.000004,00:00:00.006240]
7.1 check/handle lost                	   1046	00:00:00.048113	(00:00:00.000046 +- 00:00:00.000015)	[00:00:00.000000,00:00:00.000091]
7.2 eliminate IMU frames             	   1046	00:00:01.702954	(00:00:00.001628 +- 00:00:00.000477)	[00:00:00.000000,00:00:00.003538]
7.3 convert to posegraph             	     24	00:00:00.064898	(00:00:00.002704 +- 00:00:00.000461)	[00:00:00.001990,00:00:00.003810]
7.4 freezing                         	   1045	00:00:00.000136	(00:00:00.000000 +- 00:00:00.000000)	[00:00:00.000000,00:00:00.000002]
7.6 expand                           	   1045	00:00:00.788850	(00:00:00.000755 +- 00:00:00.000171)	[00:00:00.000199,00:00:00.001310]
I20260922 13:05:15.353865 0x1fecf6080 okvis_app_synchronous.cpp:200] Progress: 36% 
I20260922 13:05:16.558748 0x1fecf6080 okvis_app_synchronous.cpp:195] OKVIS Timing
-----------
1 DetectAndDescribe                  	   1076	00:00:02.219955	(00:00:00.002063 +- 00:00:00.000430)	[00:00:00.001158,00:00:00.003361]
2 Match                              	   1076	00:00:06.394451	(00:00:00.005943 +- 00:00:00.001168)	[00:00:00.000630,00:00:00.009221]
2.01 match to map                    	   1075	00:00:03.837494	(00:00:00.003570 +- 00:00:00.000740)	[00:00:00.001149,00:00:00.005755]
2.02 match motion stereo             	   1075	00:00:01.549908	(00:00:00.001442 +- 00:00:00.000275)	[00:00:00.000638,00:00:00.002219]
2.02.1 match motion stereo: prepare  	   1075	00:00:00.850553	(00:00:00.000791 +- 00:00:00.000172)	[00:00:00.000002,00:00:00.001337]
2.03 loop closure query              	   1075	00:00:00.158400	(00:00:00.000147 +- 00:00:00.000041)	[00:00:00.000062,00:00:00.000278]
2.04 loop closure descriptor matching	      1	00:00:00.000576	(00:00:00.000576 +- 00:00:00.000000)	[00:00:00.000576,00:00:00.000576]
2.07 attempt loop closure            	      0	
2.10 match stereo                    	     29	00:00:00.017040	(00:00:00.000588 +- 00:00:00.000247)	[00:00:00.000118,00:00:00.001152]
3 Optimise                           	   1075	00:00:26.924177	(00:00:00.025046 +- 00:00:00.006807)	[00:00:00.001870,00:00:00.038058]
4 Prepare publishing                 	   1075	00:00:02.006260	(00:00:00.001866 +- 00:00:00.000400)	[00:00:00.000089,00:00:00.002836]
6 Visualising                        	   1075	00:00:00.000049	(00:00:00.000000 +- 00:00:00.000000)	[00:00:00.000000,00:00:00.000000]
7 Marginalise                        	   1075	00:00:03.528735	(00:00:00.003283 +- 00:00:00.000758)	[00:00:00.000004,00:00:00.006240]
7.1 check/handle lost                	   1075	00:00:00.049209	(00:00:00.000046 +- 00:00:00.000015)	[00:00:00.000000,00:00:00.000091]
7.2 eliminate IMU frames             	   1075	00:00:01.751021	(00:00:00.001629 +- 00:00:00.000471)	[00:00:00.000000,00:00:00.003538]
7.3 convert to posegraph             	     24	00:00:00.064898	(00:00:00.002704 +- 00:00:00.000461)	[00:00:00.001990,00:00:00.003810]
7.4 freezing                         	   1074	00:00:00.000141	(00:00:00.000000 +- 00:00:00.000000)	[00:00:00.000000,00:00:00.000002]
7.6 expand                           	   1074	00:00:00.813167	(00:00:00.000757 +- 00:00:00.000169)	[00:00:00.000199,00:00:00.001310]
I20260922 13:05:16.558816 0x1fecf6080 okvis_app_synchronous.cpp:200] Progress: 37% 
I20260922 13:05:17.677476 0x1fecf6080 okvis_app_synchronous.cpp:195] OKVIS Timing
-----------
1 DetectAndDescribe                  	   1105	00:00:02.276123	(00:00:00.002060 +- 00:00:00.000425)	[00:00:00.001158,00:00:00.003361]
2 Match                              	   1105	00:00:06.561206	(00:00:00.005938 +- 00:00:00.001154)	[00:00:00.000630,00:00:00.009221]
2.01 match to map                    	   1104	00:00:03.931835	(00:00:00.003561 +- 00:00:00.000733)	[00:00:00.001149,00:00:00.005755]
2.02 match motion stereo             	   1104	00:00:01.595839	(00:00:00.001446 +- 00:00:00.000272)	[00:00:00.000638,00:00:00.002219]
2.02.1 match motion stereo: prepare  	   1104	00:00:00.874447	(00:00:00.000792 +- 00:00:00.000170)	[00:00:00.000002,00:00:00.001337]
2.03 loop closure query              	   1104	00:00:00.163729	(00:00:00.000148 +- 00:00:00.000041)	[00:00:00.000062,00:00:00.000278]
2.04 loop closure descriptor matching	      1	00:00:00.000576	(00:00:00.000576 +- 00:00:00.000000)	[00:00:00.000576,00:00:00.000576]
2.07 attempt loop closure            	      0	
2.10 match stereo                    	     30	00:00:00.017667	(00:00:00.000589 +- 00:00:00.000243)	[00:00:00.000118,00:00:00.001152]
3 Optimise                           	   1104	00:00:27.730843	(00:00:00.025119 +- 00:00:00.006736)	[00:00:00.001870,00:00:00.038058]
4 Prepare publishing                 	   1104	00:00:02.060996	(00:00:00.001867 +- 00:00:00.000395)	[00:00:00.000089,00:00:00.002836]
6 Visualising                        	   1104	00:00:00.000050	(00:00:00.000000 +- 00:00:00.000000)	[00:00:00.000000,00:00:00.000000]
7 Marginalise                        	   1104	00:00:03.618175	(00:00:00.003277 +- 00:00:00.000748)	[00:00:00.000004,00:00:00.006240]
7.1 check/handle lost                	   1104	00:00:00.050085	(00:00:00.000045 +- 00:00:00.000015)	[00:00:00.000000,00:00:00.000091]
7.2 eliminate IMU frames             	   1104	00:00:01.793406	(00:00:00.001624 +- 00:00:00.000465)	[00:00:00.000000,00:00:00.003538]
7.3 convert to posegraph             	     24	00:00:00.064898	(00:00:00.002704 +- 00:00:00.000461)	[00:00:00.001990,00:00:00.003810]
7.4 freezing                         	   1103	00:00:00.000147	(00:00:00.000000 +- 00:00:00.000000)	[00:00:00.000000,00:00:00.000002]
7.6 expand                           	   1103	00:00:00.835724	(00:00:00.000758 +- 00:00:00.000167)	[00:00:00.000199,00:00:00.001310]
I20260922 13:05:17.677650 0x1fecf6080 okvis_app_synchronous.cpp:200] Progress: 38% 
I20260922 13:05:18.323760 0x1fecf6080 Frontend.cpp:1678] Running RANSAC also with uninitialised landmarks
I20260922 13:05:18.325003 0x1fecf6080 Frontend.cpp:946] LOOP CLOSURE: current frame 1120, matching to keyframe 412, 50 matches, p=0.4065.
I20260922 13:05:18.862405 0x1fecf6080 okvis_app_synchronous.cpp:195] OKVIS Timing
-----------
1 DetectAndDescribe                         	   1134	00:00:02.338058	(00:00:00.002062 +- 00:00:00.000423)	[00:00:00.001158,00:00:00.003361]
2 Match                                     	   1134	00:00:06.759096	(00:00:00.005960 +- 00:00:00.001201)	[00:00:00.000630,00:00:00.018251]
2.01 match to map                           	   1133	00:00:04.047582	(00:00:00.003572 +- 00:00:00.000727)	[00:00:00.001149,00:00:00.005755]
2.02 match motion stereo                    	   1133	00:00:01.636890	(00:00:00.001445 +- 00:00:00.000272)	[00:00:00.000638,00:00:00.002219]
2.02.1 match motion stereo: prepare         	   1133	00:00:00.896850	(00:00:00.000792 +- 00:00:00.000169)	[00:00:00.000002,00:00:00.001337]
2.03 loop closure query                     	   1132	00:00:00.169229	(00:00:00.000149 +- 00:00:00.000042)	[00:00:00.000062,00:00:00.000278]
2.04 loop closure descriptor matching       	      2	00:00:00.000976	(00:00:00.000488 +- 00:00:00.000088)	[00:00:00.000400,00:00:00.000576]
2.05 loop closure ransacking                	      1	00:00:00.000178	(00:00:00.000178 +- 00:00:00.000000)	[00:00:00.000178,00:00:00.000178]
2.06 loop closure pose refinement           	      1	00:00:00.005601	(00:00:00.005601 +- 00:00:      nan)	[00:00:00.005601,00:00:00.005601]
2.07 attempt loop closure                   	      1	00:00:00.000086	(00:00:00.000086 +- 00:00:      nan)	[00:00:00.000086,00:00:00.000086]
2.08 add loop closure                       	      1	00:00:00.001986	(00:00:00.001986 +- 00:00:      nan)	[00:00:00.001986,00:00:00.001986]
2.09 match loop closure                     	      1	00:00:00.002768	(00:00:00.002768 +- 00:00:00.000000)	[00:00:00.002768,00:00:00.002768]
2.10 match stereo                           	     30	00:00:00.017667	(00:00:00.000589 +- 00:00:00.000243)	[00:00:00.000118,00:00:00.001152]
3 Optimise                                  	   1133	00:00:28.555990	(00:00:00.025204 +- 00:00:00.006694)	[00:00:00.001870,00:00:00.038058]
4 Prepare publishing                        	   1133	00:00:02.115566	(00:00:00.001867 +- 00:00:00.000392)	[00:00:00.000089,00:00:00.002836]
5 Import full optimisation                  	      1	00:00:00.004116	(00:00:00.004116 +- 00:00:      nan)	[00:00:00.004116,00:00:00.004116]
6 Visualising                               	   1133	00:00:00.000051	(00:00:00.000000 +- 00:00:00.000000)	[00:00:00.000000,00:00:00.000000]
7 Marginalise                               	   1133	00:00:03.720263	(00:00:00.003284 +- 00:00:00.000773)	[00:00:00.000004,00:00:00.010288]
7.1 check/handle lost                       	   1133	00:00:00.051373	(00:00:00.000045 +- 00:00:00.000015)	[00:00:00.000000,00:00:00.000091]
7.2 eliminate IMU frames                    	   1133	00:00:01.838054	(00:00:00.001622 +- 00:00:00.000463)	[00:00:00.000000,00:00:00.003538]
7.3 convert to posegraph                    	     26	00:00:00.075809	(00:00:00.002916 +- 00:00:00.001049)	[00:00:00.001990,00:00:00.007639]
7.4 freezing                                	   1132	00:00:00.000151	(00:00:00.000000 +- 00:00:00.000000)	[00:00:00.000000,00:00:00.000002]
7.5 convert to posegraph loop-closure frames	      1	00:00:00.001336	(00:00:00.001336 +- 00:00:      nan)	[00:00:00.001336,00:00:00.001336]
7.6 expand                                  	   1131	00:00:00.856729	(00:00:00.000757 +- 00:00:00.000166)	[00:00:00.000199,00:00:00.001310]
I20260922 13:05:18.862710 0x1fecf6080 okvis_app_synchronous.cpp:200] Progress: 39% 
I20260922 13:05:19.930458 0x1fecf6080 okvis_app_synchronous.cpp:195] OKVIS Timing
-----------
1 DetectAndDescribe                         	   1163	00:00:02.408957	(00:00:00.002071 +- 00:00:00.000422)	[00:00:00.001158,00:00:00.003361]
2 Match                                     	   1163	00:00:06.944350	(00:00:00.005971 +- 00:00:00.001193)	[00:00:00.000630,00:00:00.018251]
2.01 match to map                           	   1162	00:00:04.167193	(00:00:00.003586 +- 00:00:00.000727)	[00:00:00.001149,00:00:00.005755]
2.02 match motion stereo                    	   1162	00:00:01.671716	(00:00:00.001439 +- 00:00:00.000273)	[00:00:00.000638,00:00:00.002219]
2.02.1 match motion stereo: prepare         	   1162	00:00:00.916925	(00:00:00.000789 +- 00:00:00.000168)	[00:00:00.000002,00:00:00.001337]
2.03 loop closure query                     	   1161	00:00:00.175824	(00:00:00.000151 +- 00:00:00.000043)	[00:00:00.000062,00:00:00.000278]
2.04 loop closure descriptor matching       	      2	00:00:00.000976	(00:00:00.000488 +- 00:00:00.000088)	[00:00:00.000400,00:00:00.000576]
2.05 loop closure ransacking                	      1	00:00:00.000178	(00:00:00.000178 +- 00:00:00.000000)	[00:00:00.000178,00:00:00.000178]
2.06 loop closure pose refinement           	      1	00:00:00.005601	(00:00:00.005601 +- 00:00:      nan)	[00:00:00.005601,00:00:00.005601]
2.07 attempt loop closure                   	      1	00:00:00.000086	(00:00:00.000086 +- 00:00:      nan)	[00:00:00.000086,00:00:00.000086]
2.08 add loop closure                       	      1	00:00:00.001986	(00:00:00.001986 +- 00:00:      nan)	[00:00:00.001986,00:00:00.001986]
2.09 match loop closure                     	      1	00:00:00.002768	(00:00:00.002768 +- 00:00:00.000000)	[00:00:00.002768,00:00:00.002768]
2.10 match stereo                           	     31	00:00:00.018407	(00:00:00.000594 +- 00:00:00.000241)	[00:00:00.000118,00:00:00.001152]
3 Optimise                                  	   1162	00:00:29.299418	(00:00:00.025215 +- 00:00:00.006622)	[00:00:00.001870,00:00:00.038058]
4 Prepare publishing                        	   1162	00:00:02.164931	(00:00:00.001863 +- 00:00:00.000390)	[00:00:00.000089,00:00:00.002836]
5 Import full optimisation                  	      1	00:00:00.004116	(00:00:00.004116 +- 00:00:      nan)	[00:00:00.004116,00:00:00.004116]
6 Visualising                               	   1162	00:00:00.000052	(00:00:00.000000 +- 00:00:00.000000)	[00:00:00.000000,00:00:00.000000]
7 Marginalise                               	   1162	00:00:03.809221	(00:00:00.003278 +- 00:00:00.000768)	[00:00:00.000004,00:00:00.010288]
7.1 check/handle lost                       	   1162	00:00:00.052835	(00:00:00.000045 +- 00:00:00.000015)	[00:00:00.000000,00:00:00.000091]
7.2 eliminate IMU frames                    	   1162	00:00:01.883819	(00:00:00.001621 +- 00:00:00.000461)	[00:00:00.000000,00:00:00.003538]
7.3 convert to posegraph                    	     27	00:00:00.078461	(00:00:00.002906 +- 00:00:00.001031)	[00:00:00.001990,00:00:00.007639]
7.4 freezing                                	   1161	00:00:00.000155	(00:00:00.000000 +- 00:00:00.000000)	[00:00:00.000000,00:00:00.000002]
7.5 convert to posegraph loop-closure frames	      1	00:00:00.001336	(00:00:00.001336 +- 00:00:      nan)	[00:00:00.001336,00:00:00.001336]
7.6 expand                                  	   1160	00:00:00.875717	(00:00:00.000755 +- 00:00:00.000165)	[00:00:00.000199,00:00:00.001310]
I20260922 13:05:19.930574 0x1fecf6080 okvis_app_synchronous.cpp:200] Progress: 40% 
I20260922 13:05:21.118367 0x1fecf6080 okvis_app_synchronous.cpp:195] OKVIS Timing
-----------
1 DetectAndDescribe                         	   1192	00:00:02.484971	(00:00:00.002085 +- 00:00:00.000425)	[00:00:00.001158,00:00:00.003361]
2 Match                                     	   1192	00:00:07.148997	(00:00:00.005997 +- 00:00:00.001191)	[00:00:00.000630,00:00:00.018251]
2.01 match to map                           	   1191	00:00:04.300629	(00:00:00.003611 +- 00:00:00.000736)	[00:00:00.001149,00:00:00.005755]
2.02 match motion stereo                    	   1191	00:00:01.708409	(00:00:00.001434 +- 00:00:00.000271)	[00:00:00.000638,00:00:00.002219]
2.02.1 match motion stereo: prepare         	   1191	00:00:00.939353	(00:00:00.000789 +- 00:00:00.000166)	[00:00:00.000002,00:00:00.001337]
2.03 loop closure query                     	   1190	00:00:00.182598	(00:00:00.000153 +- 00:00:00.000044)	[00:00:00.000062,00:00:00.000278]
2.04 loop closure descriptor matching       	      3	00:00:00.001506	(00:00:00.000502 +- 00:00:00.000074)	[00:00:00.000400,00:00:00.000576]
2.05 loop closure ransacking                	      1	00:00:00.000178	(00:00:00.000178 +- 00:00:00.000000)	[00:00:00.000178,00:00:00.000178]
2.06 loop closure pose refinement           	      1	00:00:00.005601	(00:00:00.005601 +- 00:00:      nan)	[00:00:00.005601,00:00:00.005601]
2.07 attempt loop closure                   	      1	00:00:00.000086	(00:00:00.000086 +- 00:00:      nan)	[00:00:00.000086,00:00:00.000086]
2.08 add loop closure                       	      1	00:00:00.001986	(00:00:00.001986 +- 00:00:      nan)	[00:00:00.001986,00:00:00.001986]
2.09 match loop closure                     	      1	00:00:00.002768	(00:00:00.002768 +- 00:00:00.000000)	[00:00:00.002768,00:00:00.002768]
2.10 match stereo                           	     31	00:00:00.018407	(00:00:00.000594 +- 00:00:00.000241)	[00:00:00.000118,00:00:00.001152]
3 Optimise                                  	   1191	00:00:30.124968	(00:00:00.025294 +- 00:00:00.006560)	[00:00:00.001870,00:00:00.038058]
4 Prepare publishing                        	   1191	00:00:02.220916	(00:00:00.001865 +- 00:00:00.000385)	[00:00:00.000089,00:00:00.002836]
5 Import full optimisation                  	      1	00:00:00.004116	(00:00:00.004116 +- 00:00:      nan)	[00:00:00.004116,00:00:00.004116]
6 Visualising                               	   1191	00:00:00.000053	(00:00:00.000000 +- 00:00:00.000000)	[00:00:00.000000,00:00:00.000000]
7 Marginalise                               	   1191	00:00:03.909838	(00:00:00.003283 +- 00:00:00.000759)	[00:00:00.000004,00:00:00.010288]
7.1 check/handle lost                       	   1191	00:00:00.054684	(00:00:00.000046 +- 00:00:00.000015)	[00:00:00.000000,00:00:00.000091]
7.2 eliminate IMU frames                    	   1191	00:00:01.939452	(00:00:00.001628 +- 00:00:00.000458)	[00:00:00.000000,00:00:00.003538]
7.3 convert to posegraph                    	     27	00:00:00.078461	(00:00:00.002906 +- 00:00:00.001031)	[00:00:00.001990,00:00:00.007639]
7.4 freezing                                	   1190	00:00:00.000157	(00:00:00.000000 +- 00:00:00.000000)	[00:00:00.000000,00:00:00.000002]
7.5 convert to posegraph loop-closure frames	      1	00:00:00.001336	(00:00:00.001336 +- 00:00:      nan)	[00:00:00.001336,00:00:00.001336]
7.6 expand                                  	   1189	00:00:00.896723	(00:00:00.000754 +- 00:00:00.000163)	[00:00:00.000199,00:00:00.001310]
I20260922 13:05:21.118686 0x1fecf6080 okvis_app_synchronous.cpp:200] Progress: 41% 
I20260922 13:05:22.405959 0x1fecf6080 okvis_app_synchronous.cpp:195] OKVIS Timing
-----------
1 DetectAndDescribe                         	   1222	00:00:02.562796	(00:00:00.002097 +- 00:00:00.000427)	[00:00:00.001158,00:00:00.003361]
2 Match                                     	   1222	00:00:07.368667	(00:00:00.006030 +- 00:00:00.001197)	[00:00:00.000630,00:00:00.018251]
2.01 match to map                           	   1221	00:00:04.441041	(00:00:00.003637 +- 00:00:00.000748)	[00:00:00.001149,00:00:00.005755]
2.02 match motion stereo                    	   1221	00:00:01.749214	(00:00:00.001433 +- 00:00:00.000268)	[00:00:00.000638,00:00:00.002219]
2.02.1 match motion stereo: prepare         	   1221	00:00:00.964614	(00:00:00.000790 +- 00:00:00.000165)	[00:00:00.000002,00:00:00.001337]
2.03 loop closure query                     	   1220	00:00:00.189711	(00:00:00.000156 +- 00:00:00.000046)	[00:00:00.000062,00:00:00.000290]
2.04 loop closure descriptor matching       	      4	00:00:00.002049	(00:00:00.000512 +- 00:00:00.000067)	[00:00:00.000400,00:00:00.000576]
2.05 loop closure ransacking                	      1	00:00:00.000178	(00:00:00.000178 +- 00:00:00.000000)	[00:00:00.000178,00:00:00.000178]
2.06 loop closure pose refinement           	      1	00:00:00.005601	(00:00:00.005601 +- 00:00:      nan)	[00:00:00.005601,00:00:00.005601]
2.07 attempt loop closure                   	      1	00:00:00.000086	(00:00:00.000086 +- 00:00:      nan)	[00:00:00.000086,00:00:00.000086]
2.08 add loop closure                       	      1	00:00:00.001986	(00:00:00.001986 +- 00:00:      nan)	[00:00:00.001986,00:00:00.001986]
2.09 match loop closure                     	      1	00:00:00.002768	(00:00:00.002768 +- 00:00:00.000000)	[00:00:00.002768,00:00:00.002768]
2.10 match stereo                           	     32	00:00:00.019025	(00:00:00.000595 +- 00:00:00.000237)	[00:00:00.000118,00:00:00.001152]
3 Optimise                                  	   1221	00:00:31.017008	(00:00:00.025403 +- 00:00:00.006525)	[00:00:00.001870,00:00:00.038058]
4 Prepare publishing                        	   1221	00:00:02.283332	(00:00:00.001870 +- 00:00:00.000383)	[00:00:00.000089,00:00:00.002836]
5 Import full optimisation                  	      1	00:00:00.004116	(00:00:00.004116 +- 00:00:      nan)	[00:00:00.004116,00:00:00.004116]
6 Visualising                               	   1221	00:00:00.000054	(00:00:00.000000 +- 00:00:00.000000)	[00:00:00.000000,00:00:00.000000]
7 Marginalise                               	   1221	00:00:04.022120	(00:00:00.003294 +- 00:00:00.000755)	[00:00:00.000004,00:00:00.010288]
7.1 check/handle lost                       	   1221	00:00:00.056626	(00:00:00.000046 +- 00:00:00.000015)	[00:00:00.000000,00:00:00.000091]
7.2 eliminate IMU frames                    	   1221	00:00:01.998203	(00:00:00.001637 +- 00:00:00.000459)	[00:00:00.000000,00:00:00.003538]
7.3 convert to posegraph                    	     28	00:00:00.081150	(00:00:00.002898 +- 00:00:00.001013)	[00:00:00.001990,00:00:00.007639]
7.4 freezing                                	   1220	00:00:00.000163	(00:00:00.000000 +- 00:00:00.000000)	[00:00:00.000000,00:00:00.000002]
7.5 convert to posegraph loop-closure frames	      1	00:00:00.001336	(00:00:00.001336 +- 00:00:      nan)	[00:00:00.001336,00:00:00.001336]
7.6 expand                                  	   1219	00:00:00.920503	(00:00:00.000755 +- 00:00:00.000162)	[00:00:00.000199,00:00:00.001310]
I20260922 13:05:22.406039 0x1fecf6080 okvis_app_synchronous.cpp:200] Progress: 42% 
I20260922 13:05:23.457877 0x1fecf6080 okvis_app_synchronous.cpp:195] OKVIS Timing
-----------
1 DetectAndDescribe                         	   1251	00:00:02.631408	(00:00:00.002103 +- 00:00:00.000425)	[00:00:00.001158,00:00:00.003361]
2 Match                                     	   1251	00:00:07.551638	(00:00:00.006036 +- 00:00:00.001186)	[00:00:00.000630,00:00:00.018251]
2.01 match to map                           	   1250	00:00:04.555667	(00:00:00.003645 +- 00:00:00.000743)	[00:00:00.001149,00:00:00.005755]
2.02 match motion stereo                    	   1250	00:00:01.784434	(00:00:00.001428 +- 00:00:00.000268)	[00:00:00.000638,00:00:00.002219]
2.02.1 match motion stereo: prepare         	   1250	00:00:00.985358	(00:00:00.000788 +- 00:00:00.000164)	[00:00:00.000002,00:00:00.001337]
2.03 loop closure query                     	   1249	00:00:00.196244	(00:00:00.000157 +- 00:00:00.000046)	[00:00:00.000062,00:00:00.000290]
2.04 loop closure descriptor matching       	      8	00:00:00.004296	(00:00:00.000537 +- 00:00:00.000072)	[00:00:00.000400,00:00:00.000678]
2.05 loop closure ransacking                	      1	00:00:00.000178	(00:00:00.000178 +- 00:00:00.000000)	[00:00:00.000178,00:00:00.000178]
2.06 loop closure pose refinement           	      1	00:00:00.005601	(00:00:00.005601 +- 00:00:      nan)	[00:00:00.005601,00:00:00.005601]
2.07 attempt loop closure                   	      1	00:00:00.000086	(00:00:00.000086 +- 00:00:      nan)	[00:00:00.000086,00:00:00.000086]
2.08 add loop closure                       	      1	00:00:00.001986	(00:00:00.001986 +- 00:00:      nan)	[00:00:00.001986,00:00:00.001986]
2.09 match loop closure                     	      1	00:00:00.002768	(00:00:00.002768 +- 00:00:00.000000)	[00:00:00.002768,00:00:00.002768]
2.10 match stereo                           	     33	00:00:00.019553	(00:00:00.000593 +- 00:00:00.000234)	[00:00:00.000118,00:00:00.001152]
3 Optimise                                  	   1250	00:00:31.745874	(00:00:00.025397 +- 00:00:00.006458)	[00:00:00.001870,00:00:00.038058]
4 Prepare publishing                        	   1250	00:00:02.333919	(00:00:00.001867 +- 00:00:00.000380)	[00:00:00.000089,00:00:00.002836]
5 Import full optimisation                  	      1	00:00:00.004116	(00:00:00.004116 +- 00:00:      nan)	[00:00:00.004116,00:00:00.004116]
6 Visualising                               	   1250	00:00:00.000055	(00:00:00.000000 +- 00:00:00.000000)	[00:00:00.000000,00:00:00.000000]
7 Marginalise                               	   1250	00:00:04.110476	(00:00:00.003288 +- 00:00:00.000748)	[00:00:00.000004,00:00:00.010288]
7.1 check/handle lost                       	   1250	00:00:00.057922	(00:00:00.000046 +- 00:00:00.000015)	[00:00:00.000000,00:00:00.000091]
7.2 eliminate IMU frames                    	   1250	00:00:02.045035	(00:00:00.001636 +- 00:00:00.000454)	[00:00:00.000000,00:00:00.003538]
7.3 convert to posegraph                    	     28	00:00:00.081150	(00:00:00.002898 +- 00:00:00.001013)	[00:00:00.001990,00:00:00.007639]
7.4 freezing                                	   1249	00:00:00.000166	(00:00:00.000000 +- 00:00:00.000000)	[00:00:00.000000,00:00:00.000002]
7.5 convert to posegraph loop-closure frames	      1	00:00:00.001336	(00:00:00.001336 +- 00:00:      nan)	[00:00:00.001336,00:00:00.001336]
7.6 expand                                  	   1248	00:00:00.940188	(00:00:00.000753 +- 00:00:00.000161)	[00:00:00.000199,00:00:00.001310]
I20260922 13:05:23.458062 0x1fecf6080 okvis_app_synchronous.cpp:200] Progress: 43% 
I20260922 13:05:24.561590 0x1fecf6080 okvis_app_synchronous.cpp:195] OKVIS Timing
-----------
1 DetectAndDescribe                         	   1280	00:00:02.693518	(00:00:00.002104 +- 00:00:00.000420)	[00:00:00.001158,00:00:00.003361]
2 Match                                     	   1280	00:00:07.737006	(00:00:00.006045 +- 00:00:00.001176)	[00:00:00.000630,00:00:00.018251]
2.01 match to map                           	   1279	00:00:04.673820	(00:00:00.003654 +- 00:00:00.000740)	[00:00:00.001149,00:00:00.005755]
2.02 match motion stereo                    	   1279	00:00:01.818966	(00:00:00.001422 +- 00:00:00.000267)	[00:00:00.000638,00:00:00.002219]
2.02.1 match motion stereo: prepare         	   1279	00:00:01.005806	(00:00:00.000786 +- 00:00:00.000163)	[00:00:00.000002,00:00:00.001337]
2.03 loop closure query                     	   1278	00:00:00.202253	(00:00:00.000158 +- 00:00:00.000047)	[00:00:00.000062,00:00:00.000290]
2.04 loop closure descriptor matching       	     15	00:00:00.007556	(00:00:00.000504 +- 00:00:00.000064)	[00:00:00.000400,00:00:00.000678]
2.05 loop closure ransacking                	      1	00:00:00.000178	(00:00:00.000178 +- 00:00:00.000000)	[00:00:00.000178,00:00:00.000178]
2.06 loop closure pose refinement           	      1	00:00:00.005601	(00:00:00.005601 +- 00:00:      nan)	[00:00:00.005601,00:00:00.005601]
2.07 attempt loop closure                   	      1	00:00:00.000086	(00:00:00.000086 +- 00:00:      nan)	[00:00:00.000086,00:00:00.000086]
2.08 add loop closure                       	      1	00:00:00.001986	(00:00:00.001986 +- 00:00:      nan)	[00:00:00.001986,00:00:00.001986]
2.09 match loop closure                     	      1	00:00:00.002768	(00:00:00.002768 +- 00:00:00.000000)	[00:00:00.002768,00:00:00.002768]
2.10 match stereo                           	     33	00:00:00.019553	(00:00:00.000593 +- 00:00:00.000234)	[00:00:00.000118,00:00:00.001152]
3 Optimise                                  	   1279	00:00:32.520860	(00:00:00.025427 +- 00:00:00.006396)	[00:00:00.001870,00:00:00.038058]
4 Prepare publishing                        	   1279	00:00:02.385819	(00:00:00.001865 +- 00:00:00.000376)	[00:00:00.000089,00:00:00.002836]
5 Import full optimisation                  	      1	00:00:00.004116	(00:00:00.004116 +- 00:00:      nan)	[00:00:00.004116,00:00:00.004116]
6 Visualising                               	   1279	00:00:00.000056	(00:00:00.000000 +- 00:00:00.000000)	[00:00:00.000000,00:00:00.000000]
7 Marginalise                               	   1279	00:00:04.200894	(00:00:00.003285 +- 00:00:00.000741)	[00:00:00.000004,00:00:00.010288]
7.1 check/handle lost                       	   1279	00:00:00.059278	(00:00:00.000046 +- 00:00:00.000015)	[00:00:00.000000,00:00:00.000091]
7.2 eliminate IMU frames                    	   1279	00:00:02.091266	(00:00:00.001635 +- 00:00:00.000452)	[00:00:00.000000,00:00:00.003538]
7.3 convert to posegraph                    	     29	00:00:00.083690	(00:00:00.002886 +- 00:00:00.000997)	[00:00:00.001990,00:00:00.007639]
7.4 freezing                                	   1278	00:00:00.000171	(00:00:00.000000 +- 00:00:00.000000)	[00:00:00.000000,00:00:00.000002]
7.5 convert to posegraph loop-closure frames	      1	00:00:00.001336	(00:00:00.001336 +- 00:00:      nan)	[00:00:00.001336,00:00:00.001336]
7.6 expand                                  	   1277	00:00:00.959826	(00:00:00.000752 +- 00:00:00.000160)	[00:00:00.000199,00:00:00.001310]
I20260922 13:05:24.561728 0x1fecf6080 okvis_app_synchronous.cpp:200] Progress: 44% 
I20260922 13:05:25.636090 0x1fecf6080 okvis_app_synchronous.cpp:195] OKVIS Timing
-----------
1 DetectAndDescribe                         	   1309	00:00:02.752818	(00:00:00.002103 +- 00:00:00.000416)	[00:00:00.001158,00:00:00.003361]
2 Match                                     	   1309	00:00:07.915231	(00:00:00.006047 +- 00:00:00.001167)	[00:00:00.000630,00:00:00.018251]
2.01 match to map                           	   1308	00:00:04.784076	(00:00:00.003658 +- 00:00:00.000734)	[00:00:00.001149,00:00:00.005755]
2.02 match motion stereo                    	   1308	00:00:01.856372	(00:00:00.001419 +- 00:00:00.000266)	[00:00:00.000638,00:00:00.002219]
2.02.1 match motion stereo: prepare         	   1308	00:00:01.026504	(00:00:00.000785 +- 00:00:00.000162)	[00:00:00.000002,00:00:00.001337]
2.03 loop closure query                     	   1307	00:00:00.207788	(00:00:00.000159 +- 00:00:00.000046)	[00:00:00.000062,00:00:00.000290]
2.04 loop closure descriptor matching       	     22	00:00:00.010779	(00:00:00.000490 +- 00:00:00.000058)	[00:00:00.000400,00:00:00.000678]
2.05 loop closure ransacking                	      1	00:00:00.000178	(00:00:00.000178 +- 00:00:00.000000)	[00:00:00.000178,00:00:00.000178]
2.06 loop closure pose refinement           	      1	00:00:00.005601	(00:00:00.005601 +- 00:00:      nan)	[00:00:00.005601,00:00:00.005601]
2.07 attempt loop closure                   	      1	00:00:00.000086	(00:00:00.000086 +- 00:00:      nan)	[00:00:00.000086,00:00:00.000086]
2.08 add loop closure                       	      1	00:00:00.001986	(00:00:00.001986 +- 00:00:      nan)	[00:00:00.001986,00:00:00.001986]
2.09 match loop closure                     	      1	00:00:00.002768	(00:00:00.002768 +- 00:00:00.000000)	[00:00:00.002768,00:00:00.002768]
2.10 match stereo                           	     34	00:00:00.019934	(00:00:00.000586 +- 00:00:00.000233)	[00:00:00.000118,00:00:00.001152]
3 Optimise                                  	   1308	00:00:33.279189	(00:00:00.025443 +- 00:00:00.006331)	[00:00:00.001870,00:00:00.038058]
4 Prepare publishing                        	   1308	00:00:02.435693	(00:00:00.001862 +- 00:00:00.000374)	[00:00:00.000089,00:00:00.002836]
5 Import full optimisation                  	      1	00:00:00.004116	(00:00:00.004116 +- 00:00:      nan)	[00:00:00.004116,00:00:00.004116]
6 Visualising                               	   1308	00:00:00.000057	(00:00:00.000000 +- 00:00:00.000000)	[00:00:00.000000,00:00:00.000000]
7 Marginalise                               	   1308	00:00:04.287922	(00:00:00.003278 +- 00:00:00.000737)	[00:00:00.000004,00:00:00.010288]
7.1 check/handle lost                       	   1308	00:00:00.060448	(00:00:00.000046 +- 00:00:00.000015)	[00:00:00.000000,00:00:00.000091]
7.2 eliminate IMU frames                    	   1308	00:00:02.133731	(00:00:00.001631 +- 00:00:00.000451)	[00:00:00.000000,00:00:00.003538]
7.3 convert to posegraph                    	     30	00:00:00.086664	(00:00:00.002889 +- 00:00:00.000981)	[00:00:00.001990,00:00:00.007639]
7.4 freezing                                	   1307	00:00:00.000175	(00:00:00.000000 +- 00:00:00.000000)	[00:00:00.000000,00:00:00.000002]
7.5 convert to posegraph loop-closure frames	      1	00:00:00.001336	(00:00:00.001336 +- 00:00:      nan)	[00:00:00.001336,00:00:00.001336]
7.6 expand                                  	   1306	00:00:00.979471	(00:00:00.000750 +- 00:00:00.000159)	[00:00:00.000199,00:00:00.001310]
I20260922 13:05:25.636219 0x1fecf6080 okvis_app_synchronous.cpp:200] Progress: 45% 
I20260922 13:05:26.702368 0x1fecf6080 okvis_app_synchronous.cpp:195] OKVIS Timing
-----------
1 DetectAndDescribe                         	   1338	00:00:02.806615	(00:00:00.002098 +- 00:00:00.000413)	[00:00:00.001158,00:00:00.003361]
2 Match                                     	   1338	00:00:08.087642	(00:00:00.006045 +- 00:00:00.001155)	[00:00:00.000630,00:00:00.018251]
2.01 match to map                           	   1337	00:00:04.890750	(00:00:00.003658 +- 00:00:00.000727)	[00:00:00.001149,00:00:00.005755]
2.02 match motion stereo                    	   1337	00:00:01.894861	(00:00:00.001417 +- 00:00:00.000264)	[00:00:00.000638,00:00:00.002219]
2.02.1 match motion stereo: prepare         	   1337	00:00:01.047452	(00:00:00.000783 +- 00:00:00.000160)	[00:00:00.000002,00:00:00.001337]
2.03 loop closure query                     	   1336	00:00:00.212674	(00:00:00.000159 +- 00:00:00.000046)	[00:00:00.000062,00:00:00.000290]
2.04 loop closure descriptor matching       	     22	00:00:00.010779	(00:00:00.000490 +- 00:00:00.000058)	[00:00:00.000400,00:00:00.000678]
2.05 loop closure ransacking                	      1	00:00:00.000178	(00:00:00.000178 +- 00:00:00.000000)	[00:00:00.000178,00:00:00.000178]
2.06 loop closure pose refinement           	      1	00:00:00.005601	(00:00:00.005601 +- 00:00:      nan)	[00:00:00.005601,00:00:00.005601]
2.07 attempt loop closure                   	      1	00:00:00.000086	(00:00:00.000086 +- 00:00:      nan)	[00:00:00.000086,00:00:00.000086]
2.08 add loop closure                       	      1	00:00:00.001986	(00:00:00.001986 +- 00:00:      nan)	[00:00:00.001986,00:00:00.001986]
2.09 match loop closure                     	      1	00:00:00.002768	(00:00:00.002768 +- 00:00:00.000000)	[00:00:00.002768,00:00:00.002768]
2.10 match stereo                           	     35	00:00:00.020290	(00:00:00.000580 +- 00:00:00.000233)	[00:00:00.000118,00:00:00.001152]
3 Optimise                                  	   1337	00:00:34.034196	(00:00:00.025456 +- 00:00:00.006263)	[00:00:00.001870,00:00:00.038058]
4 Prepare publishing                        	   1337	00:00:02.485744	(00:00:00.001859 +- 00:00:00.000370)	[00:00:00.000089,00:00:00.002836]
5 Import full optimisation                  	      1	00:00:00.004116	(00:00:00.004116 +- 00:00:      nan)	[00:00:00.004116,00:00:00.004116]
6 Visualising                               	   1337	00:00:00.000058	(00:00:00.000000 +- 00:00:00.000000)	[00:00:00.000000,00:00:00.000000]
7 Marginalise                               	   1337	00:00:04.375560	(00:00:00.003273 +- 00:00:00.000731)	[00:00:00.000004,00:00:00.010288]
7.1 check/handle lost                       	   1337	00:00:00.061564	(00:00:00.000046 +- 00:00:00.000015)	[00:00:00.000000,00:00:00.000091]
7.2 eliminate IMU frames                    	   1337	00:00:02.176568	(00:00:00.001628 +- 00:00:00.000448)	[00:00:00.000000,00:00:00.003538]
7.3 convert to posegraph                    	     31	00:00:00.089429	(00:00:00.002885 +- 00:00:00.000965)	[00:00:00.001990,00:00:00.007639]
7.4 freezing                                	   1336	00:00:00.000179	(00:00:00.000000 +- 00:00:00.000000)	[00:00:00.000000,00:00:00.000002]
7.5 convert to posegraph loop-closure frames	      1	00:00:00.001336	(00:00:00.001336 +- 00:00:      nan)	[00:00:00.001336,00:00:00.001336]
7.6 expand                                  	   1335	00:00:00.999358	(00:00:00.000749 +- 00:00:00.000157)	[00:00:00.000199,00:00:00.001310]
I20260922 13:05:26.702492 0x1fecf6080 okvis_app_synchronous.cpp:200] Progress: 46% 
I20260922 13:05:27.711830 0x1fecf6080 okvis_app_synchronous.cpp:195] OKVIS Timing
-----------
1 DetectAndDescribe                         	   1367	00:00:02.865174	(00:00:00.002096 +- 00:00:00.000411)	[00:00:00.001158,00:00:00.003361]
2 Match                                     	   1367	00:00:08.257575	(00:00:00.006041 +- 00:00:00.001144)	[00:00:00.000630,00:00:00.018251]
2.01 match to map                           	   1366	00:00:04.992252	(00:00:00.003655 +- 00:00:00.000719)	[00:00:00.001149,00:00:00.005755]
2.02 match motion stereo                    	   1366	00:00:01.932255	(00:00:00.001415 +- 00:00:00.000262)	[00:00:00.000638,00:00:00.002219]
2.02.1 match motion stereo: prepare         	   1366	00:00:01.067759	(00:00:00.000782 +- 00:00:00.000159)	[00:00:00.000002,00:00:00.001337]
2.03 loop closure query                     	   1365	00:00:00.218317	(00:00:00.000160 +- 00:00:00.000046)	[00:00:00.000062,00:00:00.000290]
2.04 loop closure descriptor matching       	     29	00:00:00.014366	(00:00:00.000495 +- 00:00:00.000052)	[00:00:00.000400,00:00:00.000678]
2.05 loop closure ransacking                	      1	00:00:00.000178	(00:00:00.000178 +- 00:00:00.000000)	[00:00:00.000178,00:00:00.000178]
2.06 loop closure pose refinement           	      1	00:00:00.005601	(00:00:00.005601 +- 00:00:      nan)	[00:00:00.005601,00:00:00.005601]
2.07 attempt loop closure                   	      1	00:00:00.000086	(00:00:00.000086 +- 00:00:      nan)	[00:00:00.000086,00:00:00.000086]
2.08 add loop closure                       	      1	00:00:00.001986	(00:00:00.001986 +- 00:00:      nan)	[00:00:00.001986,00:00:00.001986]
2.09 match loop closure                     	      1	00:00:00.002768	(00:00:00.002768 +- 00:00:00.000000)	[00:00:00.002768,00:00:00.002768]
2.10 match stereo                           	     35	00:00:00.020290	(00:00:00.000580 +- 00:00:00.000233)	[00:00:00.000118,00:00:00.001152]
3 Optimise                                  	   1366	00:00:34.740438	(00:00:00.025432 +- 00:00:00.006200)	[00:00:00.001870,00:00:00.038058]
4 Prepare publishing                        	   1366	00:00:02.533767	(00:00:00.001855 +- 00:00:00.000368)	[00:00:00.000089,00:00:00.002836]
5 Import full optimisation                  	      1	00:00:00.004116	(00:00:00.004116 +- 00:00:      nan)	[00:00:00.004116,00:00:00.004116]
6 Visualising                               	   1366	00:00:00.000059	(00:00:00.000000 +- 00:00:00.000000)	[00:00:00.000000,00:00:00.000000]
7 Marginalise                               	   1366	00:00:04.459753	(00:00:00.003265 +- 00:00:00.000726)	[00:00:00.000004,00:00:00.010288]
7.1 check/handle lost                       	   1366	00:00:00.062651	(00:00:00.000046 +- 00:00:00.000015)	[00:00:00.000000,00:00:00.000091]
7.2 eliminate IMU frames                    	   1366	00:00:02.219922	(00:00:00.001625 +- 00:00:00.000444)	[00:00:00.000000,00:00:00.003538]
7.3 convert to posegraph                    	     31	00:00:00.089429	(00:00:00.002885 +- 00:00:00.000965)	[00:00:00.001990,00:00:00.007639]
7.4 freezing                                	   1365	00:00:00.000181	(00:00:00.000000 +- 00:00:00.000000)	[00:00:00.000000,00:00:00.000002]
7.5 convert to posegraph loop-closure frames	      1	00:00:00.001336	(00:00:00.001336 +- 00:00:      nan)	[00:00:00.001336,00:00:00.001336]
7.6 expand                                  	   1364	00:00:01.018784	(00:00:00.000747 +- 00:00:00.000156)	[00:00:00.000199,00:00:00.001310]
I20260922 13:05:27.711937 0x1fecf6080 okvis_app_synchronous.cpp:200] Progress: 47% 
I20260922 13:05:28.887969 0x1fecf6080 okvis_app_synchronous.cpp:195] OKVIS Timing
-----------
1 DetectAndDescribe                         	   1396	00:00:02.936076	(00:00:00.002103 +- 00:00:00.000410)	[00:00:00.001158,00:00:00.003361]
2 Match                                     	   1396	00:00:08.472823	(00:00:00.006069 +- 00:00:00.001152)	[00:00:00.000630,00:00:00.018251]
2.01 match to map                           	   1395	00:00:05.114251	(00:00:00.003666 +- 00:00:00.000719)	[00:00:00.001149,00:00:00.005755]
2.02 match motion stereo                    	   1395	00:00:01.975117	(00:00:00.001416 +- 00:00:00.000260)	[00:00:00.000638,00:00:00.002219]
2.02.1 match motion stereo: prepare         	   1395	00:00:01.092173	(00:00:00.000783 +- 00:00:00.000158)	[00:00:00.000002,00:00:00.001337]
2.03 loop closure query                     	   1394	00:00:00.224885	(00:00:00.000161 +- 00:00:00.000046)	[00:00:00.000062,00:00:00.000290]
2.04 loop closure descriptor matching       	     58	00:00:00.030624	(00:00:00.000528 +- 00:00:00.000065)	[00:00:00.000400,00:00:00.000678]
2.05 loop closure ransacking                	      1	00:00:00.000178	(00:00:00.000178 +- 00:00:00.000000)	[00:00:00.000178,00:00:00.000178]
2.06 loop closure pose refinement           	      1	00:00:00.005601	(00:00:00.005601 +- 00:00:      nan)	[00:00:00.005601,00:00:00.005601]
2.07 attempt loop closure                   	      1	00:00:00.000086	(00:00:00.000086 +- 00:00:      nan)	[00:00:00.000086,00:00:00.000086]
2.08 add loop closure                       	      1	00:00:00.001986	(00:00:00.001986 +- 00:00:      nan)	[00:00:00.001986,00:00:00.001986]
2.09 match loop closure                     	      1	00:00:00.002768	(00:00:00.002768 +- 00:00:00.000000)	[00:00:00.002768,00:00:00.002768]
2.10 match stereo                           	     36	00:00:00.020923	(00:00:00.000581 +- 00:00:00.000230)	[00:00:00.000118,00:00:00.001152]
3 Optimise                                  	   1395	00:00:35.537289	(00:00:00.025475 +- 00:00:00.006152)	[00:00:00.001870,00:00:00.038058]
4 Prepare publishing                        	   1395	00:00:02.591186	(00:00:00.001857 +- 00:00:00.000365)	[00:00:00.000089,00:00:00.002836]
5 Import full optimisation                  	      1	00:00:00.004116	(00:00:00.004116 +- 00:00:      nan)	[00:00:00.004116,00:00:00.004116]
6 Visualising                               	   1395	00:00:00.000059	(00:00:00.000000 +- 00:00:00.000000)	[00:00:00.000000,00:00:00.000000]
7 Marginalise                               	   1395	00:00:04.565293	(00:00:00.003273 +- 00:00:00.000722)	[00:00:00.000004,00:00:00.010288]
7.1 check/handle lost                       	   1395	00:00:00.064264	(00:00:00.000046 +- 00:00:00.000015)	[00:00:00.000000,00:00:00.000091]
7.2 eliminate IMU frames                    	   1395	00:00:02.272786	(00:00:00.001629 +- 00:00:00.000444)	[00:00:00.000000,00:00:00.003538]
7.3 convert to posegraph                    	     32	00:00:00.092617	(00:00:00.002894 +- 00:00:00.000951)	[00:00:00.001990,00:00:00.007639]
7.4 freezing                                	   1394	00:00:00.000186	(00:00:00.000000 +- 00:00:00.000000)	[00:00:00.000000,00:00:00.000002]
7.5 convert to posegraph loop-closure frames	      1	00:00:00.001336	(00:00:00.001336 +- 00:00:      nan)	[00:00:00.001336,00:00:00.001336]
7.6 expand                                  	   1393	00:00:01.042164	(00:00:00.000748 +- 00:00:00.000155)	[00:00:00.000199,00:00:00.001310]
I20260922 13:05:28.888084 0x1fecf6080 okvis_app_synchronous.cpp:200] Progress: 48% 
I20260922 13:05:30.154320 0x1fecf6080 okvis_app_synchronous.cpp:195] OKVIS Timing
-----------
1 DetectAndDescribe                         	   1425	00:00:03.011481	(00:00:00.002113 +- 00:00:00.000415)	[00:00:00.001158,00:00:00.004231]
2 Match                                     	   1425	00:00:08.702888	(00:00:00.006107 +- 00:00:00.001177)	[00:00:00.000630,00:00:00.018251]
2.01 match to map                           	   1424	00:00:05.240953	(00:00:00.003680 +- 00:00:00.000724)	[00:00:00.001149,00:00:00.005755]
2.02 match motion stereo                    	   1424	00:00:02.021795	(00:00:00.001420 +- 00:00:00.000261)	[00:00:00.000638,00:00:00.002219]
2.02.1 match motion stereo: prepare         	   1424	00:00:01.119188	(00:00:00.000786 +- 00:00:00.000159)	[00:00:00.000002,00:00:00.001337]
2.03 loop closure query                     	   1423	00:00:00.232125	(00:00:00.000163 +- 00:00:00.000048)	[00:00:00.000062,00:00:00.000301]
2.04 loop closure descriptor matching       	     87	00:00:00.048948	(00:00:00.000563 +- 00:00:00.000081)	[00:00:00.000400,00:00:00.000794]
2.05 loop closure ransacking                	      1	00:00:00.000178	(00:00:00.000178 +- 00:00:00.000000)	[00:00:00.000178,00:00:00.000178]
2.06 loop closure pose refinement           	      1	00:00:00.005601	(00:00:00.005601 +- 00:00:      nan)	[00:00:00.005601,00:00:00.005601]
2.07 attempt loop closure                   	      1	00:00:00.000086	(00:00:00.000086 +- 00:00:      nan)	[00:00:00.000086,00:00:00.000086]
2.08 add loop closure                       	      1	00:00:00.001986	(00:00:00.001986 +- 00:00:      nan)	[00:00:00.001986,00:00:00.001986]
2.09 match loop closure                     	      1	00:00:00.002768	(00:00:00.002768 +- 00:00:00.000000)	[00:00:00.002768,00:00:00.002768]
2.10 match stereo                           	     38	00:00:00.023025	(00:00:00.000606 +- 00:00:00.000251)	[00:00:00.000118,00:00:00.001261]
3 Optimise                                  	   1424	00:00:36.394228	(00:00:00.025558 +- 00:00:00.006133)	[00:00:00.001870,00:00:00.038058]
4 Prepare publishing                        	   1424	00:00:02.653580	(00:00:00.001863 +- 00:00:00.000366)	[00:00:00.000089,00:00:00.002836]
5 Import full optimisation                  	      1	00:00:00.004116	(00:00:00.004116 +- 00:00:      nan)	[00:00:00.004116,00:00:00.004116]
6 Visualising                               	   1424	00:00:00.000060	(00:00:00.000000 +- 00:00:00.000000)	[00:00:00.000000,00:00:00.000000]
7 Marginalise                               	   1424	00:00:04.681140	(00:00:00.003287 +- 00:00:00.000726)	[00:00:00.000004,00:00:00.010288]
7.1 check/handle lost                       	   1424	00:00:00.066035	(00:00:00.000046 +- 00:00:00.000015)	[00:00:00.000000,00:00:00.000097]
7.2 eliminate IMU frames                    	   1424	00:00:02.330634	(00:00:00.001637 +- 00:00:00.000448)	[00:00:00.000000,00:00:00.003538]
7.3 convert to posegraph                    	     33	00:00:00.095739	(00:00:00.002901 +- 00:00:00.000938)	[00:00:00.001990,00:00:00.007639]
7.4 freezing                                	   1423	00:00:00.000189	(00:00:00.000000 +- 00:00:00.000000)	[00:00:00.000000,00:00:00.000002]
7.5 convert to posegraph loop-closure frames	      1	00:00:00.001336	(00:00:00.001336 +- 00:00:      nan)	[00:00:00.001336,00:00:00.001336]
7.6 expand                                  	   1422	00:00:01.068119	(00:00:00.000751 +- 00:00:00.000156)	[00:00:00.000199,00:00:00.001310]
I20260922 13:05:30.154623 0x1fecf6080 okvis_app_synchronous.cpp:200] Progress: 49% 
I20260922 13:05:31.411433 0x1fecf6080 okvis_app_synchronous.cpp:195] OKVIS Timing
-----------
1 DetectAndDescribe                         	   1454	00:00:03.071917	(00:00:00.002113 +- 00:00:00.000411)	[00:00:00.001158,00:00:00.004231]
2 Match                                     	   1454	00:00:08.925641	(00:00:00.006139 +- 00:00:00.001189)	[00:00:00.000630,00:00:00.018251]
2.01 match to map                           	   1453	00:00:05.360538	(00:00:00.003689 +- 00:00:00.000722)	[00:00:00.001149,00:00:00.005755]
2.02 match motion stereo                    	   1453	00:00:02.065271	(00:00:00.001421 +- 00:00:00.000259)	[00:00:00.000638,00:00:00.002219]
2.02.1 match motion stereo: prepare         	   1453	00:00:01.144107	(00:00:00.000787 +- 00:00:00.000158)	[00:00:00.000002,00:00:00.001337]
2.03 loop closure query                     	   1452	00:00:00.238454	(00:00:00.000164 +- 00:00:00.000048)	[00:00:00.000062,00:00:00.000301]
2.04 loop closure descriptor matching       	    114	00:00:00.062385	(00:00:00.000547 +- 00:00:00.000079)	[00:00:00.000400,00:00:00.000794]
2.05 loop closure ransacking                	     18	00:00:00.012211	(00:00:00.000678 +- 00:00:00.000196)	[00:00:00.000178,00:00:00.001114]
2.06 loop closure pose refinement           	      1	00:00:00.005601	(00:00:00.005601 +- 00:00:      nan)	[00:00:00.005601,00:00:00.005601]
2.07 attempt loop closure                   	      1	00:00:00.000086	(00:00:00.000086 +- 00:00:      nan)	[00:00:00.000086,00:00:00.000086]
2.08 add loop closure                       	      1	00:00:00.001986	(00:00:00.001986 +- 00:00:      nan)	[00:00:00.001986,00:00:00.001986]
2.09 match loop closure                     	      1	00:00:00.002768	(00:00:00.002768 +- 00:00:00.000000)	[00:00:00.002768,00:00:00.002768]
2.10 match stereo                           	     39	00:00:00.023756	(00:00:00.000609 +- 00:00:00.000249)	[00:00:00.000118,00:00:00.001261]
3 Optimise                                  	   1453	00:00:37.258980	(00:00:00.025643 +- 00:00:00.006114)	[00:00:00.001870,00:00:00.038058]
4 Prepare publishing                        	   1453	00:00:02.714406	(00:00:00.001868 +- 00:00:00.000364)	[00:00:00.000089,00:00:00.002836]
5 Import full optimisation                  	      1	00:00:00.004116	(00:00:00.004116 +- 00:00:      nan)	[00:00:00.004116,00:00:00.004116]
6 Visualising                               	   1453	00:00:00.000061	(00:00:00.000000 +- 00:00:00.000000)	[00:00:00.000000,00:00:00.000000]
7 Marginalise                               	   1453	00:00:04.788910	(00:00:00.003296 +- 00:00:00.000723)	[00:00:00.000004,00:00:00.010288]
7.1 check/handle lost                       	   1453	00:00:00.067511	(00:00:00.000046 +- 00:00:00.000015)	[00:00:00.000000,00:00:00.000097]
7.2 eliminate IMU frames                    	   1453	00:00:02.382319	(00:00:00.001640 +- 00:00:00.000449)	[00:00:00.000000,00:00:00.003538]
7.3 convert to posegraph                    	     35	00:00:00.101107	(00:00:00.002889 +- 00:00:00.000913)	[00:00:00.001990,00:00:00.007639]
7.4 freezing                                	   1452	00:00:00.000196	(00:00:00.000000 +- 00:00:00.000000)	[00:00:00.000000,00:00:00.000002]
7.5 convert to posegraph loop-closure frames	      1	00:00:00.001336	(00:00:00.001336 +- 00:00:      nan)	[00:00:00.001336,00:00:00.001336]
7.6 expand                                  	   1451	00:00:01.092087	(00:00:00.000753 +- 00:00:00.000155)	[00:00:00.000199,00:00:00.001310]
I20260922 13:05:31.411515 0x1fecf6080 okvis_app_synchronous.cpp:200] Progress: 50% 
I20260922 13:05:31.485928 0x1fecf6080 Frontend.cpp:1678] Running RANSAC also with uninitialised landmarks
I20260922 13:05:31.487280 0x1fecf6080 Frontend.cpp:946] LOOP CLOSURE: current frame 1456, matching to keyframe 746, 45 matches, p=0.408387.
I20260922 13:05:32.616158 0x1fecf6080 okvis_app_synchronous.cpp:195] OKVIS Timing
-----------
1 DetectAndDescribe                         	   1484	00:00:03.123696	(00:00:00.002105 +- 00:00:00.000411)	[00:00:00.001158,00:00:00.004231]
2 Match                                     	   1484	00:00:09.106811	(00:00:00.006137 +- 00:00:00.001194)	[00:00:00.000630,00:00:00.018251]
2.01 match to map                           	   1483	00:00:05.466076	(00:00:00.003686 +- 00:00:00.000716)	[00:00:00.001149,00:00:00.005755]
2.02 match motion stereo                    	   1483	00:00:02.105672	(00:00:00.001420 +- 00:00:00.000257)	[00:00:00.000638,00:00:00.002219]
2.02.1 match motion stereo: prepare         	   1483	00:00:01.166736	(00:00:00.000787 +- 00:00:00.000157)	[00:00:00.000002,00:00:00.001337]
2.03 loop closure query                     	   1481	00:00:00.243703	(00:00:00.000165 +- 00:00:00.000048)	[00:00:00.000062,00:00:00.000301]
2.04 loop closure descriptor matching       	    115	00:00:00.062585	(00:00:00.000544 +- 00:00:00.000085)	[00:00:00.000201,00:00:00.000794]
2.05 loop closure ransacking                	     19	00:00:00.012311	(00:00:00.000648 +- 00:00:00.000230)	[00:00:00.000100,00:00:00.001114]
2.06 loop closure pose refinement           	      2	00:00:00.005857	(00:00:00.002929 +- 00:00:00.002673)	[00:00:00.000256,00:00:00.005601]
2.07 attempt loop closure                   	      2	00:00:00.000168	(00:00:00.000084 +- 00:00:00.000003)	[00:00:00.000081,00:00:00.000086]
2.08 add loop closure                       	      2	00:00:00.003459	(00:00:00.001730 +- 00:00:00.000257)	[00:00:00.001473,00:00:00.001986]
2.09 match loop closure                     	      2	00:00:00.006487	(00:00:00.003244 +- 00:00:00.000476)	[00:00:00.002768,00:00:00.003719]
2.10 match stereo                           	     40	00:00:00.024078	(00:00:00.000602 +- 00:00:00.000250)	[00:00:00.000118,00:00:00.001261]
3 Optimise                                  	   1483	00:00:38.093374	(00:00:00.025687 +- 00:00:00.006068)	[00:00:00.001870,00:00:00.038058]
4 Prepare publishing                        	   1483	00:00:02.771613	(00:00:00.001869 +- 00:00:00.000361)	[00:00:00.000089,00:00:00.002836]
5 Import full optimisation                  	      2	00:00:00.009190	(00:00:00.004595 +- 00:00:00.000479)	[00:00:00.004116,00:00:00.005074]
6 Visualising                               	   1483	00:00:00.000062	(00:00:00.000000 +- 00:00:00.000000)	[00:00:00.000000,00:00:00.000000]
7 Marginalise                               	   1483	00:00:04.914664	(00:00:00.003314 +- 00:00:00.000738)	[00:00:00.000004,00:00:00.010288]
7.1 check/handle lost                       	   1483	00:00:00.068611	(00:00:00.000046 +- 00:00:00.000015)	[00:00:00.000000,00:00:00.000097]
7.2 eliminate IMU frames                    	   1483	00:00:02.427708	(00:00:00.001637 +- 00:00:00.000447)	[00:00:00.000000,00:00:00.003538]
7.3 convert to posegraph                    	     56	00:00:00.133741	(00:00:00.002388 +- 00:00:00.001121)	[00:00:00.001207,00:00:00.007639]
7.4 freezing                                	   1482	00:00:00.000211	(00:00:00.000000 +- 00:00:00.000000)	[00:00:00.000000,00:00:00.000002]
7.5 convert to posegraph loop-closure frames	      2	00:00:00.002920	(00:00:00.001460 +- 00:00:00.000124)	[00:00:00.001336,00:00:00.001585]
7.6 expand                                  	   1480	00:00:01.114075	(00:00:00.000753 +- 00:00:00.000154)	[00:00:00.000199,00:00:00.001310]
I20260922 13:05:32.616495 0x1fecf6080 okvis_app_synchronous.cpp:200] Progress: 51% 
I20260922 13:05:33.529418 0x1fecf6080 Frontend.cpp:946] LOOP CLOSURE: current frame 1511, matching to keyframe 538, 72 matches, p=0.404733.
I20260922 13:05:33.606900 0x1fecf6080 okvis_app_synchronous.cpp:195] OKVIS Timing
-----------
1 DetectAndDescribe                         	   1513	00:00:03.168881	(00:00:00.002094 +- 00:00:00.000415)	[00:00:00.001158,00:00:00.004231]
2 Match                                     	   1513	00:00:09.255431	(00:00:00.006117 +- 00:00:00.001201)	[00:00:00.000630,00:00:00.018251]
2.01 match to map                           	   1512	00:00:05.549072	(00:00:00.003670 +- 00:00:00.000720)	[00:00:00.001149,00:00:00.005755]
2.02 match motion stereo                    	   1512	00:00:02.143026	(00:00:00.001417 +- 00:00:00.000256)	[00:00:00.000638,00:00:00.002219]
2.02.1 match motion stereo: prepare         	   1512	00:00:01.184873	(00:00:00.000784 +- 00:00:00.000157)	[00:00:00.000002,00:00:00.001337]
2.03 loop closure query                     	   1508	00:00:00.248183	(00:00:00.000165 +- 00:00:00.000047)	[00:00:00.000062,00:00:00.000301]
2.04 loop closure descriptor matching       	    116	00:00:00.062849	(00:00:00.000542 +- 00:00:00.000089)	[00:00:00.000201,00:00:00.000794]
2.05 loop closure ransacking                	     20	00:00:00.012414	(00:00:00.000621 +- 00:00:00.000254)	[00:00:00.000100,00:00:00.001114]
2.06 loop closure pose refinement           	      3	00:00:00.006107	(00:00:00.002036 +- 00:00:00.002521)	[00:00:00.000250,00:00:00.005601]
2.07 attempt loop closure                   	      3	00:00:00.000240	(00:00:00.000080 +- 00:00:00.000006)	[00:00:00.000072,00:00:00.000086]
2.08 add loop closure                       	      3	00:00:00.004840	(00:00:00.001613 +- 00:00:00.000266)	[00:00:00.001380,00:00:00.001986]
2.09 match loop closure                     	      3	00:00:00.008452	(00:00:00.002817 +- 00:00:00.000717)	[00:00:00.001965,00:00:00.003719]
2.10 match stereo                           	     42	00:00:00.024691	(00:00:00.000588 +- 00:00:00.000252)	[00:00:00.000118,00:00:00.001261]
3 Optimise                                  	   1512	00:00:38.810747	(00:00:00.025668 +- 00:00:00.006048)	[00:00:00.001870,00:00:00.041170]
4 Prepare publishing                        	   1512	00:00:02.817753	(00:00:00.001864 +- 00:00:00.000360)	[00:00:00.000089,00:00:00.002836]
5 Import full optimisation                  	      2	00:00:00.009190	(00:00:00.004595 +- 00:00:00.000479)	[00:00:00.004116,00:00:00.005074]
6 Visualising                               	   1512	00:00:00.000063	(00:00:00.000000 +- 00:00:00.000000)	[00:00:00.000000,00:00:00.000000]
7 Marginalise                               	   1512	00:00:04.992070	(00:00:00.003302 +- 00:00:00.000740)	[00:00:00.000004,00:00:00.010288]
7.1 check/handle lost                       	   1512	00:00:00.069420	(00:00:00.000046 +- 00:00:00.000015)	[00:00:00.000000,00:00:00.000097]
7.2 eliminate IMU frames                    	   1512	00:00:02.461157	(00:00:00.001628 +- 00:00:00.000450)	[00:00:00.000000,00:00:00.003538]
7.3 convert to posegraph                    	     58	00:00:00.138996	(00:00:00.002396 +- 00:00:00.001111)	[00:00:00.001207,00:00:00.007639]
7.4 freezing                                	   1511	00:00:00.000217	(00:00:00.000000 +- 00:00:00.000000)	[00:00:00.000000,00:00:00.000002]
7.5 convert to posegraph loop-closure frames	      4	00:00:00.004978	(00:00:00.001245 +- 00:00:00.000233)	[00:00:00.001014,00:00:00.001585]
7.6 expand                                  	   1509	00:00:01.131617	(00:00:00.000750 +- 00:00:00.000154)	[00:00:00.000199,00:00:00.001310]
I20260922 13:05:33.607214 0x1fecf6080 okvis_app_synchronous.cpp:200] Progress: 52% 
I20260922 13:05:34.354331 0x1fecf6080 okvis_app_synchronous.cpp:195] OKVIS Timing
-----------
1 DetectAndDescribe                         	   1542	00:00:03.219134	(00:00:00.002088 +- 00:00:00.000414)	[00:00:00.001158,00:00:00.004231]
2 Match                                     	   1542	00:00:09.376440	(00:00:00.006081 +- 00:00:00.001220)	[00:00:00.000630,00:00:00.018251]
2.01 match to map                           	   1541	00:00:05.624297	(00:00:00.003650 +- 00:00:00.000729)	[00:00:00.001149,00:00:00.005755]
2.02 match motion stereo                    	   1541	00:00:02.166737	(00:00:00.001406 +- 00:00:00.000266)	[00:00:00.000638,00:00:00.002219]
2.02.1 match motion stereo: prepare         	   1541	00:00:01.197994	(00:00:00.000777 +- 00:00:00.000162)	[00:00:00.000002,00:00:00.001337]
2.03 loop closure query                     	   1537	00:00:00.254155	(00:00:00.000165 +- 00:00:00.000047)	[00:00:00.000062,00:00:00.000301]
2.04 loop closure descriptor matching       	    116	00:00:00.062849	(00:00:00.000542 +- 00:00:00.000089)	[00:00:00.000201,00:00:00.000794]
2.05 loop closure ransacking                	     20	00:00:00.012414	(00:00:00.000621 +- 00:00:00.000254)	[00:00:00.000100,00:00:00.001114]
2.06 loop closure pose refinement           	      3	00:00:00.006107	(00:00:00.002036 +- 00:00:00.002521)	[00:00:00.000250,00:00:00.005601]
2.07 attempt loop closure                   	      3	00:00:00.000240	(00:00:00.000080 +- 00:00:00.000006)	[00:00:00.000072,00:00:00.000086]
2.08 add loop closure                       	      3	00:00:00.004840	(00:00:00.001613 +- 00:00:00.000266)	[00:00:00.001380,00:00:00.001986]
2.09 match loop closure                     	      3	00:00:00.008452	(00:00:00.002817 +- 00:00:00.000717)	[00:00:00.001965,00:00:00.003719]
2.10 match stereo                           	     43	00:00:00.025174	(00:00:00.000585 +- 00:00:00.000250)	[00:00:00.000118,00:00:00.001261]
3 Optimise                                  	   1541	00:00:39.336902	(00:00:00.025527 +- 00:00:00.006085)	[00:00:00.001870,00:00:00.041170]
4 Prepare publishing                        	   1541	00:00:02.850394	(00:00:00.001850 +- 00:00:00.000371)	[00:00:00.000089,00:00:00.002836]
5 Import full optimisation                  	      3	00:00:00.013238	(00:00:00.004413 +- 00:00:00.000469)	[00:00:00.004048,00:00:00.005074]
6 Visualising                               	   1541	00:00:00.000064	(00:00:00.000000 +- 00:00:00.000000)	[00:00:00.000000,00:00:00.000000]
7 Marginalise                               	   1541	00:00:05.054921	(00:00:00.003280 +- 00:00:00.000767)	[00:00:00.000004,00:00:00.010288]
7.1 check/handle lost                       	   1541	00:00:00.070233	(00:00:00.000046 +- 00:00:00.000015)	[00:00:00.000000,00:00:00.000097]
7.2 eliminate IMU frames                    	   1541	00:00:02.492547	(00:00:00.001617 +- 00:00:00.000452)	[00:00:00.000000,00:00:00.003538]
7.3 convert to posegraph                    	     59	00:00:00.145390	(00:00:00.002464 +- 00:00:00.001216)	[00:00:00.001207,00:00:00.007639]
7.4 freezing                                	   1540	00:00:00.000221	(00:00:00.000000 +- 00:00:00.000000)	[00:00:00.000000,00:00:00.000002]
7.5 convert to posegraph loop-closure frames	      4	00:00:00.004978	(00:00:00.001245 +- 00:00:00.000233)	[00:00:00.001014,00:00:00.001585]
7.6 expand                                  	   1537	00:00:01.143050	(00:00:00.000744 +- 00:00:00.000159)	[00:00:00.000199,00:00:00.001310]
I20260922 13:05:34.354445 0x1fecf6080 okvis_app_synchronous.cpp:200] Progress: 53% 
I20260922 13:05:35.254953 0x1fecf6080 okvis_app_synchronous.cpp:195] OKVIS Timing
-----------
1 DetectAndDescribe                         	   1571	00:00:03.275053	(00:00:00.002085 +- 00:00:00.000411)	[00:00:00.001158,00:00:00.004231]
2 Match                                     	   1571	00:00:09.531678	(00:00:00.006067 +- 00:00:00.001213)	[00:00:00.000630,00:00:00.018251]
2.01 match to map                           	   1570	00:00:05.722907	(00:00:00.003645 +- 00:00:00.000724)	[00:00:00.001149,00:00:00.005755]
2.02 match motion stereo                    	   1570	00:00:02.196640	(00:00:00.001399 +- 00:00:00.000269)	[00:00:00.000638,00:00:00.002219]
2.02.1 match motion stereo: prepare         	   1570	00:00:01.214675	(00:00:00.000774 +- 00:00:00.000163)	[00:00:00.000002,00:00:00.001337]
2.03 loop closure query                     	   1566	00:00:00.261102	(00:00:00.000167 +- 00:00:00.000048)	[00:00:00.000062,00:00:00.000301]
2.04 loop closure descriptor matching       	    116	00:00:00.062849	(00:00:00.000542 +- 00:00:00.000089)	[00:00:00.000201,00:00:00.000794]
2.05 loop closure ransacking                	     20	00:00:00.012414	(00:00:00.000621 +- 00:00:00.000254)	[00:00:00.000100,00:00:00.001114]
2.06 loop closure pose refinement           	      3	00:00:00.006107	(00:00:00.002036 +- 00:00:00.002521)	[00:00:00.000250,00:00:00.005601]
2.07 attempt loop closure                   	      3	00:00:00.000240	(00:00:00.000080 +- 00:00:00.000006)	[00:00:00.000072,00:00:00.000086]
2.08 add loop closure                       	      3	00:00:00.004840	(00:00:00.001613 +- 00:00:00.000266)	[00:00:00.001380,00:00:00.001986]
2.09 match loop closure                     	      3	00:00:00.008452	(00:00:00.002817 +- 00:00:00.000717)	[00:00:00.001965,00:00:00.003719]
2.10 match stereo                           	     43	00:00:00.025174	(00:00:00.000585 +- 00:00:00.000250)	[00:00:00.000118,00:00:00.001261]
3 Optimise                                  	   1570	00:00:39.964685	(00:00:00.025455 +- 00:00:00.006054)	[00:00:00.001870,00:00:00.041170]
4 Prepare publishing                        	   1570	00:00:02.891844	(00:00:00.001842 +- 00:00:00.000372)	[00:00:00.000089,00:00:00.002836]
5 Import full optimisation                  	      3	00:00:00.013238	(00:00:00.004413 +- 00:00:00.000469)	[00:00:00.004048,00:00:00.005074]
6 Visualising                               	   1570	00:00:00.000065	(00:00:00.000000 +- 00:00:00.000000)	[00:00:00.000000,00:00:00.000000]
7 Marginalise                               	   1570	00:00:05.129926	(00:00:00.003267 +- 00:00:00.000767)	[00:00:00.000004,00:00:00.010288]
7.1 check/handle lost                       	   1570	00:00:00.071443	(00:00:00.000046 +- 00:00:00.000015)	[00:00:00.000000,00:00:00.000097]
7.2 eliminate IMU frames                    	   1570	00:00:02.532389	(00:00:00.001613 +- 00:00:00.000451)	[00:00:00.000000,00:00:00.003538]
7.3 convert to posegraph                    	     60	00:00:00.147350	(00:00:00.002456 +- 00:00:00.001208)	[00:00:00.001207,00:00:00.007639]
7.4 freezing                                	   1569	00:00:00.000224	(00:00:00.000000 +- 00:00:00.000000)	[00:00:00.000000,00:00:00.000002]
7.5 convert to posegraph loop-closure frames	      4	00:00:00.004978	(00:00:00.001245 +- 00:00:00.000233)	[00:00:00.001014,00:00:00.001585]
7.6 expand                                  	   1566	00:00:01.158575	(00:00:00.000740 +- 00:00:00.000160)	[00:00:00.000199,00:00:00.001310]
I20260922 13:05:35.255270 0x1fecf6080 okvis_app_synchronous.cpp:200] Progress: 54% 
I20260922 13:05:36.126153 0x1fecf6080 okvis_app_synchronous.cpp:195] OKVIS Timing
-----------
1 DetectAndDescribe                         	   1600	00:00:03.325855	(00:00:00.002079 +- 00:00:00.000410)	[00:00:00.001158,00:00:00.004231]
2 Match                                     	   1600	00:00:09.680383	(00:00:00.006050 +- 00:00:00.001210)	[00:00:00.000630,00:00:00.018251]
2.01 match to map                           	   1599	00:00:05.816960	(00:00:00.003638 +- 00:00:00.000720)	[00:00:00.001149,00:00:00.005755]
2.02 match motion stereo                    	   1599	00:00:02.225228	(00:00:00.001392 +- 00:00:00.000272)	[00:00:00.000638,00:00:00.002219]
2.02.1 match motion stereo: prepare         	   1599	00:00:01.230569	(00:00:00.000770 +- 00:00:00.000164)	[00:00:00.000002,00:00:00.001337]
2.03 loop closure query                     	   1595	00:00:00.267165	(00:00:00.000168 +- 00:00:00.000048)	[00:00:00.000062,00:00:00.000301]
2.04 loop closure descriptor matching       	    116	00:00:00.062849	(00:00:00.000542 +- 00:00:00.000089)	[00:00:00.000201,00:00:00.000794]
2.05 loop closure ransacking                	     20	00:00:00.012414	(00:00:00.000621 +- 00:00:00.000254)	[00:00:00.000100,00:00:00.001114]
2.06 loop closure pose refinement           	      3	00:00:00.006107	(00:00:00.002036 +- 00:00:00.002521)	[00:00:00.000250,00:00:00.005601]
2.07 attempt loop closure                   	      3	00:00:00.000240	(00:00:00.000080 +- 00:00:00.000006)	[00:00:00.000072,00:00:00.000086]
2.08 add loop closure                       	      3	00:00:00.004840	(00:00:00.001613 +- 00:00:00.000266)	[00:00:00.001380,00:00:00.001986]
2.09 match loop closure                     	      3	00:00:00.008452	(00:00:00.002817 +- 00:00:00.000717)	[00:00:00.001965,00:00:00.003719]
2.10 match stereo                           	     44	00:00:00.025585	(00:00:00.000581 +- 00:00:00.000248)	[00:00:00.000118,00:00:00.001261]
3 Optimise                                  	   1599	00:00:40.574569	(00:00:00.025375 +- 00:00:00.006032)	[00:00:00.001870,00:00:00.041170]
4 Prepare publishing                        	   1599	00:00:02.931817	(00:00:00.001834 +- 00:00:00.000374)	[00:00:00.000089,00:00:00.002836]
5 Import full optimisation                  	      3	00:00:00.013238	(00:00:00.004413 +- 00:00:00.000469)	[00:00:00.004048,00:00:00.005074]
6 Visualising                               	   1599	00:00:00.000066	(00:00:00.000000 +- 00:00:00.000000)	[00:00:00.000000,00:00:00.000000]
7 Marginalise                               	   1599	00:00:05.201505	(00:00:00.003253 +- 00:00:00.000768)	[00:00:00.000004,00:00:00.010288]
7.1 check/handle lost                       	   1599	00:00:00.072557	(00:00:00.000045 +- 00:00:00.000015)	[00:00:00.000000,00:00:00.000097]
7.2 eliminate IMU frames                    	   1599	00:00:02.570297	(00:00:00.001607 +- 00:00:00.000450)	[00:00:00.000000,00:00:00.003538]
7.3 convert to posegraph                    	     61	00:00:00.149249	(00:00:00.002447 +- 00:00:00.001200)	[00:00:00.001207,00:00:00.007639]
7.4 freezing                                	   1598	00:00:00.000227	(00:00:00.000000 +- 00:00:00.000000)	[00:00:00.000000,00:00:00.000002]
7.5 convert to posegraph loop-closure frames	      4	00:00:00.004978	(00:00:00.001245 +- 00:00:00.000233)	[00:00:00.001014,00:00:00.001585]
7.6 expand                                  	   1595	00:00:01.173489	(00:00:00.000736 +- 00:00:00.000162)	[00:00:00.000199,00:00:00.001310]
I20260922 13:05:36.126477 0x1fecf6080 okvis_app_synchronous.cpp:200] Progress: 55% 
I20260922 13:05:36.941641 0x1fecf6080 okvis_app_synchronous.cpp:195] OKVIS Timing
-----------
1 DetectAndDescribe                         	   1629	00:00:03.376609	(00:00:00.002073 +- 00:00:00.000408)	[00:00:00.001158,00:00:00.004231]
2 Match                                     	   1629	00:00:09.817633	(00:00:00.006027 +- 00:00:00.001212)	[00:00:00.000630,00:00:00.018251]
2.01 match to map                           	   1628	00:00:05.902819	(00:00:00.003626 +- 00:00:00.000720)	[00:00:00.001149,00:00:00.005755]
2.02 match motion stereo                    	   1628	00:00:02.252164	(00:00:00.001383 +- 00:00:00.000277)	[00:00:00.000638,00:00:00.002219]
2.02.1 match motion stereo: prepare         	   1628	00:00:01.245583	(00:00:00.000765 +- 00:00:00.000166)	[00:00:00.000002,00:00:00.001337]
2.03 loop closure query                     	   1624	00:00:00.273215	(00:00:00.000168 +- 00:00:00.000048)	[00:00:00.000062,00:00:00.000301]
2.04 loop closure descriptor matching       	    116	00:00:00.062849	(00:00:00.000542 +- 00:00:00.000089)	[00:00:00.000201,00:00:00.000794]
2.05 loop closure ransacking                	     20	00:00:00.012414	(00:00:00.000621 +- 00:00:00.000254)	[00:00:00.000100,00:00:00.001114]
2.06 loop closure pose refinement           	      3	00:00:00.006107	(00:00:00.002036 +- 00:00:00.002521)	[00:00:00.000250,00:00:00.005601]
2.07 attempt loop closure                   	      3	00:00:00.000240	(00:00:00.000080 +- 00:00:00.000006)	[00:00:00.000072,00:00:00.000086]
2.08 add loop closure                       	      3	00:00:00.004840	(00:00:00.001613 +- 00:00:00.000266)	[00:00:00.001380,00:00:00.001986]
2.09 match loop closure                     	      3	00:00:00.008452	(00:00:00.002817 +- 00:00:00.000717)	[00:00:00.001965,00:00:00.003719]
2.10 match stereo                           	     44	00:00:00.025585	(00:00:00.000581 +- 00:00:00.000248)	[00:00:00.000118,00:00:00.001261]
3 Optimise                                  	   1628	00:00:41.148677	(00:00:00.025276 +- 00:00:00.006026)	[00:00:00.001870,00:00:00.041170]
4 Prepare publishing                        	   1628	00:00:02.969119	(00:00:00.001824 +- 00:00:00.000378)	[00:00:00.000089,00:00:00.002836]
5 Import full optimisation                  	      3	00:00:00.013238	(00:00:00.004413 +- 00:00:00.000469)	[00:00:00.004048,00:00:00.005074]
6 Visualising                               	   1628	00:00:00.000067	(00:00:00.000000 +- 00:00:00.000000)	[00:00:00.000000,00:00:00.000000]
7 Marginalise                               	   1628	00:00:05.267614	(00:00:00.003236 +- 00:00:00.000772)	[00:00:00.000004,00:00:00.010288]
7.1 check/handle lost                       	   1628	00:00:00.073528	(00:00:00.000045 +- 00:00:00.000015)	[00:00:00.000000,00:00:00.000097]
7.2 eliminate IMU frames                    	   1628	00:00:02.606262	(00:00:00.001601 +- 00:00:00.000449)	[00:00:00.000000,00:00:00.003538]
7.3 convert to posegraph                    	     61	00:00:00.149249	(00:00:00.002447 +- 00:00:00.001200)	[00:00:00.001207,00:00:00.007639]
7.4 freezing                                	   1627	00:00:00.000229	(00:00:00.000000 +- 00:00:00.000000)	[00:00:00.000000,00:00:00.000002]
7.5 convert to posegraph loop-closure frames	      4	00:00:00.004978	(00:00:00.001245 +- 00:00:00.000233)	[00:00:00.001014,00:00:00.001585]
7.6 expand                                  	   1624	00:00:01.187754	(00:00:00.000731 +- 00:00:00.000164)	[00:00:00.000199,00:00:00.001310]
I20260922 13:05:36.942080 0x1fecf6080 okvis_app_synchronous.cpp:200] Progress: 56% 
I20260922 13:05:37.759664 0x1fecf6080 okvis_app_synchronous.cpp:195] OKVIS Timing
-----------
1 DetectAndDescribe                         	   1658	00:00:03.421200	(00:00:00.002063 +- 00:00:00.000411)	[00:00:00.001158,00:00:00.004231]
2 Match                                     	   1658	00:00:09.949750	(00:00:00.006001 +- 00:00:00.001219)	[00:00:00.000630,00:00:00.018251]
2.01 match to map                           	   1657	00:00:05.984729	(00:00:00.003612 +- 00:00:00.000723)	[00:00:00.001149,00:00:00.005755]
2.02 match motion stereo                    	   1657	00:00:02.279060	(00:00:00.001375 +- 00:00:00.000281)	[00:00:00.000638,00:00:00.002219]
2.02.1 match motion stereo: prepare         	   1657	00:00:01.260573	(00:00:00.000761 +- 00:00:00.000168)	[00:00:00.000002,00:00:00.001337]
2.03 loop closure query                     	   1653	00:00:00.278506	(00:00:00.000168 +- 00:00:00.000047)	[00:00:00.000062,00:00:00.000301]
2.04 loop closure descriptor matching       	    116	00:00:00.062849	(00:00:00.000542 +- 00:00:00.000089)	[00:00:00.000201,00:00:00.000794]
2.05 loop closure ransacking                	     20	00:00:00.012414	(00:00:00.000621 +- 00:00:00.000254)	[00:00:00.000100,00:00:00.001114]
2.06 loop closure pose refinement           	      3	00:00:00.006107	(00:00:00.002036 +- 00:00:00.002521)	[00:00:00.000250,00:00:00.005601]
2.07 attempt loop closure                   	      3	00:00:00.000240	(00:00:00.000080 +- 00:00:00.000006)	[00:00:00.000072,00:00:00.000086]
2.08 add loop closure                       	      3	00:00:00.004840	(00:00:00.001613 +- 00:00:00.000266)	[00:00:00.001380,00:00:00.001986]
2.09 match loop closure                     	      3	00:00:00.008452	(00:00:00.002817 +- 00:00:00.000717)	[00:00:00.001965,00:00:00.003719]
2.10 match stereo                           	     45	00:00:00.025898	(00:00:00.000576 +- 00:00:00.000248)	[00:00:00.000118,00:00:00.001261]
3 Optimise                                  	   1657	00:00:41.731061	(00:00:00.025185 +- 00:00:00.006015)	[00:00:00.001870,00:00:00.041170]
4 Prepare publishing                        	   1657	00:00:03.006041	(00:00:00.001814 +- 00:00:00.000382)	[00:00:00.000089,00:00:00.002836]
5 Import full optimisation                  	      3	00:00:00.013238	(00:00:00.004413 +- 00:00:00.000469)	[00:00:00.004048,00:00:00.005074]
6 Visualising                               	   1657	00:00:00.000068	(00:00:00.000000 +- 00:00:00.000000)	[00:00:00.000000,00:00:00.000000]
7 Marginalise                               	   1657	00:00:05.332895	(00:00:00.003218 +- 00:00:00.000777)	[00:00:00.000004,00:00:00.010288]
7.1 check/handle lost                       	   1657	00:00:00.074422	(00:00:00.000045 +- 00:00:00.000015)	[00:00:00.000000,00:00:00.000097]
7.2 eliminate IMU frames                    	   1657	00:00:02.640094	(00:00:00.001593 +- 00:00:00.000450)	[00:00:00.000000,00:00:00.003538]
7.3 convert to posegraph                    	     62	00:00:00.151172	(00:00:00.002438 +- 00:00:00.001192)	[00:00:00.001207,00:00:00.007639]
7.4 freezing                                	   1656	00:00:00.000232	(00:00:00.000000 +- 00:00:00.000000)	[00:00:00.000000,00:00:00.000002]
7.5 convert to posegraph loop-closure frames	      4	00:00:00.004978	(00:00:00.001245 +- 00:00:00.000233)	[00:00:00.001014,00:00:00.001585]
7.6 expand                                  	   1653	00:00:01.201615	(00:00:00.000727 +- 00:00:00.000166)	[00:00:00.000199,00:00:00.001310]
I20260922 13:05:37.759781 0x1fecf6080 okvis_app_synchronous.cpp:200] Progress: 57% 
I20260922 13:05:38.476414 0x1fecf6080 okvis_app_synchronous.cpp:195] OKVIS Timing
-----------
1 DetectAndDescribe                         	   1687	00:00:03.457966	(00:00:00.002050 +- 00:00:00.000421)	[00:00:00.001139,00:00:00.004231]
2 Match                                     	   1687	00:00:10.061907	(00:00:00.005964 +- 00:00:00.001241)	[00:00:00.000630,00:00:00.018251]
2.01 match to map                           	   1686	00:00:06.051223	(00:00:00.003589 +- 00:00:00.000737)	[00:00:00.001149,00:00:00.005755]
2.02 match motion stereo                    	   1686	00:00:02.304960	(00:00:00.001367 +- 00:00:00.000286)	[00:00:00.000638,00:00:00.002219]
2.02.1 match motion stereo: prepare         	   1686	00:00:01.273950	(00:00:00.000756 +- 00:00:00.000171)	[00:00:00.000002,00:00:00.001337]
2.03 loop closure query                     	   1682	00:00:00.282902	(00:00:00.000168 +- 00:00:00.000047)	[00:00:00.000062,00:00:00.000301]
2.04 loop closure descriptor matching       	    116	00:00:00.062849	(00:00:00.000542 +- 00:00:00.000089)	[00:00:00.000201,00:00:00.000794]
2.05 loop closure ransacking                	     20	00:00:00.012414	(00:00:00.000621 +- 00:00:00.000254)	[00:00:00.000100,00:00:00.001114]
2.06 loop closure pose refinement           	      3	00:00:00.006107	(00:00:00.002036 +- 00:00:00.002521)	[00:00:00.000250,00:00:00.005601]
2.07 attempt loop closure                   	      3	00:00:00.000240	(00:00:00.000080 +- 00:00:00.000006)	[00:00:00.000072,00:00:00.000086]
2.08 add loop closure                       	      3	00:00:00.004840	(00:00:00.001613 +- 00:00:00.000266)	[00:00:00.001380,00:00:00.001986]
2.09 match loop closure                     	      3	00:00:00.008452	(00:00:00.002817 +- 00:00:00.000717)	[00:00:00.001965,00:00:00.003719]
2.10 match stereo                           	     47	00:00:00.026288	(00:00:00.000559 +- 00:00:00.000255)	[00:00:00.000118,00:00:00.001261]
3 Optimise                                  	   1686	00:00:42.244339	(00:00:00.025056 +- 00:00:00.006050)	[00:00:00.001870,00:00:00.041170]
4 Prepare publishing                        	   1686	00:00:03.038501	(00:00:00.001802 +- 00:00:00.000389)	[00:00:00.000089,00:00:00.002836]
5 Import full optimisation                  	      3	00:00:00.013238	(00:00:00.004413 +- 00:00:00.000469)	[00:00:00.004048,00:00:00.005074]
6 Visualising                               	   1686	00:00:00.000069	(00:00:00.000000 +- 00:00:00.000000)	[00:00:00.000000,00:00:00.000000]
7 Marginalise                               	   1686	00:00:05.389945	(00:00:00.003197 +- 00:00:00.000789)	[00:00:00.000004,00:00:00.010288]
7.1 check/handle lost                       	   1686	00:00:00.075072	(00:00:00.000045 +- 00:00:00.000015)	[00:00:00.000000,00:00:00.000097]
7.2 eliminate IMU frames                    	   1686	00:00:02.666653	(00:00:00.001582 +- 00:00:00.000456)	[00:00:00.000000,00:00:00.003538]
7.3 convert to posegraph                    	     64	00:00:00.155725	(00:00:00.002433 +- 00:00:00.001174)	[00:00:00.001207,00:00:00.007639]
7.4 freezing                                	   1685	00:00:00.000238	(00:00:00.000000 +- 00:00:00.000000)	[00:00:00.000000,00:00:00.000003]
7.5 convert to posegraph loop-closure frames	      4	00:00:00.004978	(00:00:00.001245 +- 00:00:00.000233)	[00:00:00.001014,00:00:00.001585]
7.6 expand                                  	   1682	00:00:01.213927	(00:00:00.000722 +- 00:00:00.000169)	[00:00:00.000199,00:00:00.001310]
I20260922 13:05:38.476480 0x1fecf6080 okvis_app_synchronous.cpp:200] Progress: 58% 
I20260922 13:05:39.128040 0x1fecf6080 okvis_app_synchronous.cpp:195] OKVIS Timing
-----------
1 DetectAndDescribe                         	   1717	00:00:03.492768	(00:00:00.002034 +- 00:00:00.000433)	[00:00:00.001080,00:00:00.004231]
2 Match                                     	   1717	00:00:10.160229	(00:00:00.005917 +- 00:00:00.001279)	[00:00:00.000630,00:00:00.018251]
2.01 match to map                           	   1716	00:00:06.107981	(00:00:00.003559 +- 00:00:00.000764)	[00:00:00.001149,00:00:00.005755]
2.02 match motion stereo                    	   1716	00:00:02.329918	(00:00:00.001358 +- 00:00:00.000292)	[00:00:00.000638,00:00:00.002219]
2.02.1 match motion stereo: prepare         	   1716	00:00:01.285990	(00:00:00.000749 +- 00:00:00.000176)	[00:00:00.000002,00:00:00.001337]
2.03 loop closure query                     	   1712	00:00:00.286883	(00:00:00.000168 +- 00:00:00.000047)	[00:00:00.000062,00:00:00.000301]
2.04 loop closure descriptor matching       	    116	00:00:00.062849	(00:00:00.000542 +- 00:00:00.000089)	[00:00:00.000201,00:00:00.000794]
2.05 loop closure ransacking                	     20	00:00:00.012414	(00:00:00.000621 +- 00:00:00.000254)	[00:00:00.000100,00:00:00.001114]
2.06 loop closure pose refinement           	      3	00:00:00.006107	(00:00:00.002036 +- 00:00:00.002521)	[00:00:00.000250,00:00:00.005601]
2.07 attempt loop closure                   	      3	00:00:00.000240	(00:00:00.000080 +- 00:00:00.000006)	[00:00:00.000072,00:00:00.000086]
2.08 add loop closure                       	      3	00:00:00.004840	(00:00:00.001613 +- 00:00:00.000266)	[00:00:00.001380,00:00:00.001986]
2.09 match loop closure                     	      3	00:00:00.008452	(00:00:00.002817 +- 00:00:00.000717)	[00:00:00.001965,00:00:00.003719]
2.10 match stereo                           	     48	00:00:00.026375	(00:00:00.000549 +- 00:00:00.000262)	[00:00:00.000087,00:00:00.001261]
3 Optimise                                  	   1716	00:00:42.714021	(00:00:00.024892 +- 00:00:00.006127)	[00:00:00.001870,00:00:00.041170]
4 Prepare publishing                        	   1716	00:00:03.067389	(00:00:00.001788 +- 00:00:00.000401)	[00:00:00.000089,00:00:00.002836]
5 Import full optimisation                  	      3	00:00:00.013238	(00:00:00.004413 +- 00:00:00.000469)	[00:00:00.004048,00:00:00.005074]
6 Visualising                               	   1716	00:00:00.000070	(00:00:00.000000 +- 00:00:00.000000)	[00:00:00.000000,00:00:00.000000]
7 Marginalise                               	   1716	00:00:05.439634	(00:00:00.003170 +- 00:00:00.000808)	[00:00:00.000004,00:00:00.010288]
7.1 check/handle lost                       	   1716	00:00:00.075621	(00:00:00.000044 +- 00:00:00.000015)	[00:00:00.000000,00:00:00.000097]
7.2 eliminate IMU frames                    	   1716	00:00:02.691376	(00:00:00.001568 +- 00:00:00.000463)	[00:00:00.000000,00:00:00.003538]
7.3 convert to posegraph                    	     65	00:00:00.157678	(00:00:00.002426 +- 00:00:00.001167)	[00:00:00.001207,00:00:00.007639]
7.4 freezing                                	   1715	00:00:00.000241	(00:00:00.000000 +- 00:00:00.000000)	[00:00:00.000000,00:00:00.000003]
7.5 convert to posegraph loop-closure frames	      4	00:00:00.004978	(00:00:00.001245 +- 00:00:00.000233)	[00:00:00.001014,00:00:00.001585]
7.6 expand                                  	   1712	00:00:01.224819	(00:00:00.000715 +- 00:00:00.000174)	[00:00:00.000199,00:00:00.001310]
I20260922 13:05:39.128229 0x1fecf6080 okvis_app_synchronous.cpp:200] Progress: 59% 
I20260922 13:05:39.694629 0x1fecf6080 okvis_app_synchronous.cpp:195] OKVIS Timing
-----------
1 DetectAndDescribe                         	   1746	00:00:03.526087	(00:00:00.002020 +- 00:00:00.000444)	[00:00:00.001080,00:00:00.004231]
2 Match                                     	   1746	00:00:10.248193	(00:00:00.005870 +- 00:00:00.001321)	[00:00:00.000630,00:00:00.018251]
2.01 match to map                           	   1745	00:00:06.159065	(00:00:00.003530 +- 00:00:00.000792)	[00:00:00.001149,00:00:00.005755]
2.02 match motion stereo                    	   1745	00:00:02.351909	(00:00:00.001348 +- 00:00:00.000300)	[00:00:00.000638,00:00:00.002219]
2.02.1 match motion stereo: prepare         	   1745	00:00:01.295889	(00:00:00.000743 +- 00:00:00.000182)	[00:00:00.000002,00:00:00.001337]
2.03 loop closure query                     	   1741	00:00:00.291010	(00:00:00.000167 +- 00:00:00.000047)	[00:00:00.000062,00:00:00.000301]
2.04 loop closure descriptor matching       	    116	00:00:00.062849	(00:00:00.000542 +- 00:00:00.000089)	[00:00:00.000201,00:00:00.000794]
2.05 loop closure ransacking                	     20	00:00:00.012414	(00:00:00.000621 +- 00:00:00.000254)	[00:00:00.000100,00:00:00.001114]
2.06 loop closure pose refinement           	      3	00:00:00.006107	(00:00:00.002036 +- 00:00:00.002521)	[00:00:00.000250,00:00:00.005601]
2.07 attempt loop closure                   	      3	00:00:00.000240	(00:00:00.000080 +- 00:00:00.000006)	[00:00:00.000072,00:00:00.000086]
2.08 add loop closure                       	      3	00:00:00.004840	(00:00:00.001613 +- 00:00:00.000266)	[00:00:00.001380,00:00:00.001986]
2.09 match loop closure                     	      3	00:00:00.008452	(00:00:00.002817 +- 00:00:00.000717)	[00:00:00.001965,00:00:00.003719]
2.10 match stereo                           	     49	00:00:00.026470	(00:00:00.000540 +- 00:00:00.000267)	[00:00:00.000087,00:00:00.001261]
3 Optimise                                  	   1746	00:00:43.136471	(00:00:00.024706 +- 00:00:00.006236)	[00:00:00.001870,00:00:00.041170]
4 Prepare publishing                        	   1745	00:00:03.091567	(00:00:00.001772 +- 00:00:00.000416)	[00:00:00.000089,00:00:00.002836]
5 Import full optimisation                  	      3	00:00:00.013238	(00:00:00.004413 +- 00:00:00.000469)	[00:00:00.004048,00:00:00.005074]
6 Visualising                               	   1745	00:00:00.000071	(00:00:00.000000 +- 00:00:00.000000)	[00:00:00.000000,00:00:00.000000]
7 Marginalise                               	   1745	00:00:05.482479	(00:00:00.003142 +- 00:00:00.000830)	[00:00:00.000004,00:00:00.010288]
7.1 check/handle lost                       	   1745	00:00:00.076112	(00:00:00.000044 +- 00:00:00.000015)	[00:00:00.000000,00:00:00.000097]
7.2 eliminate IMU frames                    	   1745	00:00:02.712986	(00:00:00.001555 +- 00:00:00.000472)	[00:00:00.000000,00:00:00.003538]
7.3 convert to posegraph                    	     66	00:00:00.159583	(00:00:00.002418 +- 00:00:00.001160)	[00:00:00.001207,00:00:00.007639]
7.4 freezing                                	   1744	00:00:00.000245	(00:00:00.000000 +- 00:00:00.000000)	[00:00:00.000000,00:00:00.000003]
7.5 convert to posegraph loop-closure frames	      4	00:00:00.004978	(00:00:00.001245 +- 00:00:00.000233)	[00:00:00.001014,00:00:00.001585]
7.6 expand                                  	   1741	00:00:01.233963	(00:00:00.000709 +- 00:00:00.000180)	[00:00:00.000199,00:00:00.001310]
I20260922 13:05:39.694728 0x1fecf6080 okvis_app_synchronous.cpp:200] Progress: 60% 
I20260922 13:05:40.194755 0x1fecf6080 okvis_app_synchronous.cpp:195] OKVIS Timing
-----------
1 DetectAndDescribe                         	   1775	00:00:03.556324	(00:00:00.002004 +- 00:00:00.000458)	[00:00:00.000993,00:00:00.004231]
2 Match                                     	   1775	00:00:10.328103	(00:00:00.005819 +- 00:00:00.001369)	[00:00:00.000630,00:00:00.018251]
2.01 match to map                           	   1774	00:00:06.205118	(00:00:00.003498 +- 00:00:00.000823)	[00:00:00.001149,00:00:00.005755]
2.02 match motion stereo                    	   1774	00:00:02.373081	(00:00:00.001338 +- 00:00:00.000308)	[00:00:00.000619,00:00:00.002219]
2.02.1 match motion stereo: prepare         	   1774	00:00:01.304136	(00:00:00.000735 +- 00:00:00.000190)	[00:00:00.000002,00:00:00.001337]
2.03 loop closure query                     	   1770	00:00:00.294390	(00:00:00.000166 +- 00:00:00.000047)	[00:00:00.000062,00:00:00.000301]
2.04 loop closure descriptor matching       	    116	00:00:00.062849	(00:00:00.000542 +- 00:00:00.000089)	[00:00:00.000201,00:00:00.000794]
2.05 loop closure ransacking                	     20	00:00:00.012414	(00:00:00.000621 +- 00:00:00.000254)	[00:00:00.000100,00:00:00.001114]
2.06 loop closure pose refinement           	      3	00:00:00.006107	(00:00:00.002036 +- 00:00:00.002521)	[00:00:00.000250,00:00:00.005601]
2.07 attempt loop closure                   	      3	00:00:00.000240	(00:00:00.000080 +- 00:00:00.000006)	[00:00:00.000072,00:00:00.000086]
2.08 add loop closure                       	      3	00:00:00.004840	(00:00:00.001613 +- 00:00:00.000266)	[00:00:00.001380,00:00:00.001986]
2.09 match loop closure                     	      3	00:00:00.008452	(00:00:00.002817 +- 00:00:00.000717)	[00:00:00.001965,00:00:00.003719]
2.10 match stereo                           	     51	00:00:00.026675	(00:00:00.000523 +- 00:00:00.000275)	[00:00:00.000087,00:00:00.001261]
3 Optimise                                  	   1775	00:00:43.459766	(00:00:00.024484 +- 00:00:00.006424)	[00:00:00.001870,00:00:00.041170]
4 Prepare publishing                        	   1775	00:00:03.111380	(00:00:00.001753 +- 00:00:00.000437)	[00:00:00.000089,00:00:00.002836]
5 Import full optimisation                  	      3	00:00:00.013238	(00:00:00.004413 +- 00:00:00.000469)	[00:00:00.004048,00:00:00.005074]
6 Visualising                               	   1775	00:00:00.000071	(00:00:00.000000 +- 00:00:00.000000)	[00:00:00.000000,00:00:00.000000]
7 Marginalise                               	   1775	00:00:05.519844	(00:00:00.003110 +- 00:00:00.000859)	[00:00:00.000004,00:00:00.010288]
7.1 check/handle lost                       	   1775	00:00:00.076513	(00:00:00.000043 +- 00:00:00.000016)	[00:00:00.000000,00:00:00.000097]
7.2 eliminate IMU frames                    	   1775	00:00:02.731514	(00:00:00.001539 +- 00:00:00.000484)	[00:00:00.000000,00:00:00.003538]
7.3 convert to posegraph                    	     68	00:00:00.161922	(00:00:00.002381 +- 00:00:00.001162)	[00:00:00.000980,00:00:00.007639]
7.4 freezing                                	   1774	00:00:00.000248	(00:00:00.000000 +- 00:00:00.000000)	[00:00:00.000000,00:00:00.000003]
7.5 convert to posegraph loop-closure frames	      4	00:00:00.004978	(00:00:00.001245 +- 00:00:00.000233)	[00:00:00.001014,00:00:00.001585]
7.6 expand                                  	   1771	00:00:01.241795	(00:00:00.000701 +- 00:00:00.000188)	[00:00:00.000199,00:00:00.001310]
I20260922 13:05:40.194913 0x1fecf6080 okvis_app_synchronous.cpp:200] Progress: 61% 
I20260922 13:05:40.690546 0x1fecf6080 okvis_app_synchronous.cpp:195] OKVIS Timing
-----------
1 DetectAndDescribe                         	   1804	00:00:03.588086	(00:00:00.001989 +- 00:00:00.000468)	[00:00:00.000934,00:00:00.004231]
2 Match                                     	   1804	00:00:10.406060	(00:00:00.005768 +- 00:00:00.001414)	[00:00:00.000630,00:00:00.018251]
2.01 match to map                           	   1803	00:00:06.249081	(00:00:00.003466 +- 00:00:00.000854)	[00:00:00.001149,00:00:00.005755]
2.02 match motion stereo                    	   1803	00:00:02.393805	(00:00:00.001328 +- 00:00:00.000315)	[00:00:00.000619,00:00:00.002219]
2.02.1 match motion stereo: prepare         	   1803	00:00:01.311958	(00:00:00.000728 +- 00:00:00.000197)	[00:00:00.000002,00:00:00.001337]
2.03 loop closure query                     	   1799	00:00:00.298330	(00:00:00.000166 +- 00:00:00.000047)	[00:00:00.000062,00:00:00.000301]
2.04 loop closure descriptor matching       	    116	00:00:00.062849	(00:00:00.000542 +- 00:00:00.000089)	[00:00:00.000201,00:00:00.000794]
2.05 loop closure ransacking                	     20	00:00:00.012414	(00:00:00.000621 +- 00:00:00.000254)	[00:00:00.000100,00:00:00.001114]
2.06 loop closure pose refinement           	      3	00:00:00.006107	(00:00:00.002036 +- 00:00:00.002521)	[00:00:00.000250,00:00:00.005601]
2.07 attempt loop closure                   	      3	00:00:00.000240	(00:00:00.000080 +- 00:00:00.000006)	[00:00:00.000072,00:00:00.000086]
2.08 add loop closure                       	      3	00:00:00.004840	(00:00:00.001613 +- 00:00:00.000266)	[00:00:00.001380,00:00:00.001986]
2.09 match loop closure                     	      3	00:00:00.008452	(00:00:00.002817 +- 00:00:00.000717)	[00:00:00.001965,00:00:00.003719]
2.10 match stereo                           	     54	00:00:00.027133	(00:00:00.000502 +- 00:00:00.000280)	[00:00:00.000087,00:00:00.001261]
3 Optimise                                  	   1804	00:00:43.776322	(00:00:00.024266 +- 00:00:00.006598)	[00:00:00.001870,00:00:00.041170]
4 Prepare publishing                        	   1804	00:00:03.128898	(00:00:00.001734 +- 00:00:00.000457)	[00:00:00.000089,00:00:00.002836]
5 Import full optimisation                  	      3	00:00:00.013238	(00:00:00.004413 +- 00:00:00.000469)	[00:00:00.004048,00:00:00.005074]
6 Visualising                               	   1804	00:00:00.000072	(00:00:00.000000 +- 00:00:00.000000)	[00:00:00.000000,00:00:00.000000]
7 Marginalise                               	   1803	00:00:05.552643	(00:00:00.003080 +- 00:00:00.000886)	[00:00:00.000004,00:00:00.010288]
7.1 check/handle lost                       	   1804	00:00:00.076915	(00:00:00.000043 +- 00:00:00.000016)	[00:00:00.000000,00:00:00.000097]
7.2 eliminate IMU frames                    	   1804	00:00:02.747410	(00:00:00.001523 +- 00:00:00.000496)	[00:00:00.000000,00:00:00.003538]
7.3 convert to posegraph                    	     71	00:00:00.164801	(00:00:00.002321 +- 00:00:00.001173)	[00:00:00.000885,00:00:00.007639]
7.4 freezing                                	   1803	00:00:00.000253	(00:00:00.000000 +- 00:00:00.000000)	[00:00:00.000000,00:00:00.000003]
7.5 convert to posegraph loop-closure frames	      4	00:00:00.004978	(00:00:00.001245 +- 00:00:00.000233)	[00:00:00.001014,00:00:00.001585]
7.6 expand                                  	   1799	00:00:01.248770	(00:00:00.000694 +- 00:00:00.000195)	[00:00:00.000183,00:00:00.001310]
I20260922 13:05:40.690856 0x1fecf6080 okvis_app_synchronous.cpp:200] Progress: 62% 
I20260922 13:05:41.299552 0x1fecf6080 okvis_app_synchronous.cpp:195] OKVIS Timing
-----------
1 DetectAndDescribe                         	   1833	00:00:03.629258	(00:00:00.001980 +- 00:00:00.000470)	[00:00:00.000934,00:00:00.004231]
2 Match                                     	   1833	00:00:10.513241	(00:00:00.005736 +- 00:00:00.001428)	[00:00:00.000630,00:00:00.018251]
2.01 match to map                           	   1832	00:00:06.312717	(00:00:00.003446 +- 00:00:00.000863)	[00:00:00.001149,00:00:00.005755]
2.02 match motion stereo                    	   1832	00:00:02.418680	(00:00:00.001320 +- 00:00:00.000319)	[00:00:00.000595,00:00:00.002219]
2.02.1 match motion stereo: prepare         	   1832	00:00:01.323690	(00:00:00.000723 +- 00:00:00.000200)	[00:00:00.000002,00:00:00.001337]
2.03 loop closure query                     	   1828	00:00:00.303660	(00:00:00.000166 +- 00:00:00.000046)	[00:00:00.000062,00:00:00.000301]
2.04 loop closure descriptor matching       	    116	00:00:00.062849	(00:00:00.000542 +- 00:00:00.000089)	[00:00:00.000201,00:00:00.000794]
2.05 loop closure ransacking                	     20	00:00:00.012414	(00:00:00.000621 +- 00:00:00.000254)	[00:00:00.000100,00:00:00.001114]
2.06 loop closure pose refinement           	      3	00:00:00.006107	(00:00:00.002036 +- 00:00:00.002521)	[00:00:00.000250,00:00:00.005601]
2.07 attempt loop closure                   	      3	00:00:00.000240	(00:00:00.000080 +- 00:00:00.000006)	[00:00:00.000072,00:00:00.000086]
2.08 add loop closure                       	      3	00:00:00.004840	(00:00:00.001613 +- 00:00:00.000266)	[00:00:00.001380,00:00:00.001986]
2.09 match loop closure                     	      3	00:00:00.008452	(00:00:00.002817 +- 00:00:00.000717)	[00:00:00.001965,00:00:00.003719]
2.10 match stereo                           	     56	00:00:00.027604	(00:00:00.000493 +- 00:00:00.000280)	[00:00:00.000087,00:00:00.001261]
3 Optimise                                  	   1832	00:00:44.176530	(00:00:00.024114 +- 00:00:00.006666)	[00:00:00.001870,00:00:00.041170]
4 Prepare publishing                        	   1832	00:00:03.155195	(00:00:00.001722 +- 00:00:00.000464)	[00:00:00.000089,00:00:00.002836]
5 Import full optimisation                  	      3	00:00:00.013238	(00:00:00.004413 +- 00:00:00.000469)	[00:00:00.004048,00:00:00.005074]
6 Visualising                               	   1832	00:00:00.000073	(00:00:00.000000 +- 00:00:00.000000)	[00:00:00.000000,00:00:00.000000]
7 Marginalise                               	   1832	00:00:05.603085	(00:00:00.003058 +- 00:00:00.000895)	[00:00:00.000004,00:00:00.010288]
7.1 check/handle lost                       	   1832	00:00:00.077640	(00:00:00.000042 +- 00:00:00.000016)	[00:00:00.000000,00:00:00.000097]
7.2 eliminate IMU frames                    	   1832	00:00:02.772112	(00:00:00.001513 +- 00:00:00.000500)	[00:00:00.000000,00:00:00.003538]
7.3 convert to posegraph                    	     73	00:00:00.166959	(00:00:00.002287 +- 00:00:00.001174)	[00:00:00.000885,00:00:00.007639]
7.4 freezing                                	   1831	00:00:00.000258	(00:00:00.000000 +- 00:00:00.000000)	[00:00:00.000000,00:00:00.000003]
7.5 convert to posegraph loop-closure frames	      4	00:00:00.004978	(00:00:00.001245 +- 00:00:00.000233)	[00:00:00.001014,00:00:00.001585]
7.6 expand                                  	   1828	00:00:01.259495	(00:00:00.000689 +- 00:00:00.000197)	[00:00:00.000183,00:00:00.001310]
I20260922 13:05:41.299846 0x1fecf6080 okvis_app_synchronous.cpp:200] Progress: 63% 
I20260922 13:05:41.539573 0x1fecf6080 Frontend.cpp:442] 1844->187 : Rejecting loop closure due to indistincive descriptors (179.812)
I20260922 13:05:41.877018 0x1fecf6080 ViSlamBackend.cpp:2179] 1857->271 : Skip loop closure (heuristic consistency).
I20260922 13:05:41.877046 0x1fecf6080 ViSlamBackend.cpp:2181] Rel. pos. err. 0.0419769 vs budget 0.0341201 m/m, rel. or. err. 0.00258419 vs budget 0.00123406 rad/kf
I20260922 13:05:41.877053 0x1fecf6080 ViSlamBackend.cpp:2185] dist. travelled 8.2258 m, no. steps 23
I20260922 13:05:41.980378 0x1fecf6080 Frontend.cpp:1678] Running RANSAC also with uninitialised landmarks
I20260922 13:05:41.981766 0x1fecf6080 Frontend.cpp:946] LOOP CLOSURE: current frame 1860, matching to keyframe 271, 85 matches, p=0.416908.
I20260922 13:05:42.073989 0x1fecf6080 okvis_app_synchronous.cpp:195] OKVIS Timing
-----------
1 DetectAndDescribe                         	   1862	00:00:03.682298	(00:00:00.001978 +- 00:00:00.000467)	[00:00:00.000934,00:00:00.004231]
2 Match                                     	   1862	00:00:10.665706	(00:00:00.005728 +- 00:00:00.001439)	[00:00:00.000630,00:00:00.018251]
2.01 match to map                           	   1861	00:00:06.396089	(00:00:00.003437 +- 00:00:00.000862)	[00:00:00.001149,00:00:00.005755]
2.02 match motion stereo                    	   1861	00:00:02.450338	(00:00:00.001317 +- 00:00:00.000318)	[00:00:00.000595,00:00:00.002219]
2.02.1 match motion stereo: prepare         	   1861	00:00:01.339769	(00:00:00.000720 +- 00:00:00.000200)	[00:00:00.000002,00:00:00.001337]
2.03 loop closure query                     	   1855	00:00:00.310189	(00:00:00.000167 +- 00:00:00.000047)	[00:00:00.000062,00:00:00.000301]
2.04 loop closure descriptor matching       	    124	00:00:00.065654	(00:00:00.000529 +- 00:00:00.000104)	[00:00:00.000178,00:00:00.000794]
2.05 loop closure ransacking                	     23	00:00:00.012982	(00:00:00.000564 +- 00:00:00.000280)	[00:00:00.000100,00:00:00.001114]
2.06 loop closure pose refinement           	      5	00:00:00.006684	(00:00:00.001337 +- 00:00:00.002132)	[00:00:00.000250,00:00:00.005601]
2.07 attempt loop closure                   	      5	00:00:00.000351	(00:00:00.000070 +- 00:00:00.000013)	[00:00:00.000053,00:00:00.000086]
2.08 add loop closure                       	      4	00:00:00.007117	(00:00:00.001779 +- 00:00:00.000369)	[00:00:00.001380,00:00:00.002277]
2.09 match loop closure                     	      4	00:00:00.012209	(00:00:00.003052 +- 00:00:00.000742)	[00:00:00.001965,00:00:00.003757]
2.10 match stereo                           	     57	00:00:00.028086	(00:00:00.000493 +- 00:00:00.000277)	[00:00:00.000087,00:00:00.001261]
3 Optimise                                  	   1861	00:00:44.688175	(00:00:00.024013 +- 00:00:00.006677)	[00:00:00.001870,00:00:00.041170]
4 Prepare publishing                        	   1861	00:00:03.192702	(00:00:00.001716 +- 00:00:00.000465)	[00:00:00.000089,00:00:00.002836]
5 Import full optimisation                  	      3	00:00:00.013238	(00:00:00.004413 +- 00:00:00.000469)	[00:00:00.004048,00:00:00.005074]
6 Visualising                               	   1861	00:00:00.000073	(00:00:00.000000 +- 00:00:00.000000)	[00:00:00.000000,00:00:00.000000]
7 Marginalise                               	   1861	00:00:05.674707	(00:00:00.003049 +- 00:00:00.000896)	[00:00:00.000004,00:00:00.010288]
7.1 check/handle lost                       	   1861	00:00:00.078725	(00:00:00.000042 +- 00:00:00.000016)	[00:00:00.000000,00:00:00.000097]
7.2 eliminate IMU frames                    	   1861	00:00:02.806869	(00:00:00.001508 +- 00:00:00.000499)	[00:00:00.000000,00:00:00.003538]
7.3 convert to posegraph                    	     74	00:00:00.168361	(00:00:00.002275 +- 00:00:00.001171)	[00:00:00.000885,00:00:00.007639]
7.4 freezing                                	   1860	00:00:00.000261	(00:00:00.000000 +- 00:00:00.000000)	[00:00:00.000000,00:00:00.000003]
7.5 convert to posegraph loop-closure frames	      6	00:00:00.007717	(00:00:00.001286 +- 00:00:00.000239)	[00:00:00.001014,00:00:00.001597]
7.6 expand                                  	   1857	00:00:01.275086	(00:00:00.000687 +- 00:00:00.000198)	[00:00:00.000183,00:00:00.001310]
I20260922 13:05:42.074091 0x1fecf6080 okvis_app_synchronous.cpp:200] Progress: 64% 
I20260922 13:05:43.004777 0x1fecf6080 okvis_app_synchronous.cpp:195] OKVIS Timing
-----------
1 DetectAndDescribe                         	   1891	00:00:03.744773	(00:00:00.001980 +- 00:00:00.000464)	[00:00:00.000934,00:00:00.004231]
2 Match                                     	   1891	00:00:10.826340	(00:00:00.005725 +- 00:00:00.001428)	[00:00:00.000630,00:00:00.018251]
2.01 match to map                           	   1890	00:00:06.499638	(00:00:00.003439 +- 00:00:00.000856)	[00:00:00.001149,00:00:00.005755]
2.02 match motion stereo                    	   1890	00:00:02.479386	(00:00:00.001312 +- 00:00:00.000318)	[00:00:00.000595,00:00:00.002219]
2.02.1 match motion stereo: prepare         	   1890	00:00:01.356446	(00:00:00.000718 +- 00:00:00.000199)	[00:00:00.000002,00:00:00.001337]
2.03 loop closure query                     	   1884	00:00:00.318213	(00:00:00.000169 +- 00:00:00.000049)	[00:00:00.000062,00:00:00.000301]
2.04 loop closure descriptor matching       	    124	00:00:00.065654	(00:00:00.000529 +- 00:00:00.000104)	[00:00:00.000178,00:00:00.000794]
2.05 loop closure ransacking                	     23	00:00:00.012982	(00:00:00.000564 +- 00:00:00.000280)	[00:00:00.000100,00:00:00.001114]
2.06 loop closure pose refinement           	      5	00:00:00.006684	(00:00:00.001337 +- 00:00:00.002132)	[00:00:00.000250,00:00:00.005601]
2.07 attempt loop closure                   	      5	00:00:00.000351	(00:00:00.000070 +- 00:00:00.000013)	[00:00:00.000053,00:00:00.000086]
2.08 add loop closure                       	      4	00:00:00.007117	(00:00:00.001779 +- 00:00:00.000369)	[00:00:00.001380,00:00:00.002277]
2.09 match loop closure                     	      4	00:00:00.012209	(00:00:00.003052 +- 00:00:00.000742)	[00:00:00.001965,00:00:00.003757]
2.10 match stereo                           	     57	00:00:00.028086	(00:00:00.000493 +- 00:00:00.000277)	[00:00:00.000087,00:00:00.001261]
3 Optimise                                  	   1890	00:00:45.329069	(00:00:00.023984 +- 00:00:00.006632)	[00:00:00.001870,00:00:00.041170]
4 Prepare publishing                        	   1890	00:00:03.234499	(00:00:00.001711 +- 00:00:00.000463)	[00:00:00.000089,00:00:00.002836]
5 Import full optimisation                  	      4	00:00:00.018724	(00:00:00.004681 +- 00:00:00.000617)	[00:00:00.004048,00:00:00.005487]
6 Visualising                               	   1890	00:00:00.000074	(00:00:00.000000 +- 00:00:00.000000)	[00:00:00.000000,00:00:00.000000]
7 Marginalise                               	   1890	00:00:05.755759	(00:00:00.003045 +- 00:00:00.000895)	[00:00:00.000004,00:00:00.010288]
7.1 check/handle lost                       	   1890	00:00:00.079991	(00:00:00.000042 +- 00:00:00.000016)	[00:00:00.000000,00:00:00.000097]
7.2 eliminate IMU frames                    	   1890	00:00:02.849886	(00:00:00.001508 +- 00:00:00.000496)	[00:00:00.000000,00:00:00.003538]
7.3 convert to posegraph                    	     75	00:00:00.173140	(00:00:00.002309 +- 00:00:00.001198)	[00:00:00.000885,00:00:00.007639]
7.4 freezing                                	   1889	00:00:00.000263	(00:00:00.000000 +- 00:00:00.000000)	[00:00:00.000000,00:00:00.000003]
7.5 convert to posegraph loop-closure frames	      6	00:00:00.007717	(00:00:00.001286 +- 00:00:00.000239)	[00:00:00.001014,00:00:00.001597]
7.6 expand                                  	   1885	00:00:01.290264	(00:00:00.000684 +- 00:00:00.000197)	[00:00:00.000183,00:00:00.001310]
I20260922 13:05:43.005218 0x1fecf6080 okvis_app_synchronous.cpp:200] Progress: 65% 
I20260922 13:05:43.327775 0x1fecf6080 ViSlamBackend.cpp:2179] 1902->1249 : Skip loop closure (heuristic consistency).
I20260922 13:05:43.327795 0x1fecf6080 ViSlamBackend.cpp:2181] Rel. pos. err. 0.0564427 vs budget 0.0722767 m/m, rel. or. err. 0.0191087 vs budget 0.0024 rad/kf
I20260922 13:05:43.327801 0x1fecf6080 ViSlamBackend.cpp:2185] dist. travelled 6.9158 m, no. steps 4
I20260922 13:05:43.534593 0x1fecf6080 Frontend.cpp:946] LOOP CLOSURE: current frame 1909, matching to keyframe 1249, 61 matches, p=0.408909.
I20260922 13:05:43.975431 0x1fecf6080 okvis_app_synchronous.cpp:195] OKVIS Timing
-----------
1 DetectAndDescribe                         	   1920	00:00:03.807661	(00:00:00.001983 +- 00:00:00.000461)	[00:00:00.000934,00:00:00.004231]
2 Match                                     	   1920	00:00:11.000042	(00:00:00.005729 +- 00:00:00.001424)	[00:00:00.000630,00:00:00.018251]
2.01 match to map                           	   1919	00:00:06.608706	(00:00:00.003444 +- 00:00:00.000854)	[00:00:00.001149,00:00:00.005755]
2.02 match motion stereo                    	   1919	00:00:02.507583	(00:00:00.001307 +- 00:00:00.000319)	[00:00:00.000595,00:00:00.002219]
2.02.1 match motion stereo: prepare         	   1919	00:00:01.373091	(00:00:00.000716 +- 00:00:00.000199)	[00:00:00.000002,00:00:00.001337]
2.03 loop closure query                     	   1911	00:00:00.325842	(00:00:00.000171 +- 00:00:00.000050)	[00:00:00.000062,00:00:00.000322]
2.04 loop closure descriptor matching       	    126	00:00:00.066453	(00:00:00.000527 +- 00:00:00.000104)	[00:00:00.000178,00:00:00.000794]
2.05 loop closure ransacking                	     25	00:00:00.013149	(00:00:00.000526 +- 00:00:00.000298)	[00:00:00.000074,00:00:00.001114]
2.06 loop closure pose refinement           	      7	00:00:00.007017	(00:00:00.001002 +- 00:00:00.001878)	[00:00:00.000161,00:00:00.005601]
2.07 attempt loop closure                   	      7	00:00:00.000450	(00:00:00.000064 +- 00:00:00.000016)	[00:00:00.000038,00:00:00.000086]
2.08 add loop closure                       	      5	00:00:00.008819	(00:00:00.001764 +- 00:00:00.000331)	[00:00:00.001380,00:00:00.002277]
2.09 match loop closure                     	      5	00:00:00.013674	(00:00:00.002735 +- 00:00:00.000919)	[00:00:00.001466,00:00:00.003757]
2.10 match stereo                           	     58	00:00:00.028592	(00:00:00.000493 +- 00:00:00.000275)	[00:00:00.000087,00:00:00.001261]
3 Optimise                                  	   1919	00:00:45.993145	(00:00:00.023967 +- 00:00:00.006592)	[00:00:00.001870,00:00:00.041170]
4 Prepare publishing                        	   1919	00:00:03.276792	(00:00:00.001708 +- 00:00:00.000461)	[00:00:00.000089,00:00:00.002836]
5 Import full optimisation                  	      5	00:00:00.023787	(00:00:00.004757 +- 00:00:00.000573)	[00:00:00.004048,00:00:00.005487]
6 Visualising                               	   1919	00:00:00.000075	(00:00:00.000000 +- 00:00:00.000000)	[00:00:00.000000,00:00:00.000000]
7 Marginalise                               	   1919	00:00:05.840081	(00:00:00.003043 +- 00:00:00.000898)	[00:00:00.000004,00:00:00.010288]
7.1 check/handle lost                       	   1919	00:00:00.081301	(00:00:00.000042 +- 00:00:00.000016)	[00:00:00.000000,00:00:00.000097]
7.2 eliminate IMU frames                    	   1919	00:00:02.890035	(00:00:00.001506 +- 00:00:00.000494)	[00:00:00.000000,00:00:00.003538]
7.3 convert to posegraph                    	     77	00:00:00.180588	(00:00:00.002345 +- 00:00:00.001231)	[00:00:00.000885,00:00:00.007639]
7.4 freezing                                	   1918	00:00:00.000267	(00:00:00.000000 +- 00:00:00.000000)	[00:00:00.000000,00:00:00.000003]
7.5 convert to posegraph loop-closure frames	      8	00:00:00.010402	(00:00:00.001300 +- 00:00:00.000262)	[00:00:00.001014,00:00:00.001659]
7.6 expand                                  	   1913	00:00:01.305986	(00:00:00.000683 +- 00:00:00.000196)	[00:00:00.000183,00:00:00.001310]
I20260922 13:05:43.975533 0x1fecf6080 okvis_app_synchronous.cpp:200] Progress: 66% 
I20260922 13:05:45.038872 0x1fecf6080 okvis_app_synchronous.cpp:195] OKVIS Timing
-----------
1 DetectAndDescribe                         	   1950	00:00:03.871054	(00:00:00.001985 +- 00:00:00.000458)	[00:00:00.000934,00:00:00.004231]
2 Match                                     	   1950	00:00:11.183666	(00:00:00.005735 +- 00:00:00.001414)	[00:00:00.000630,00:00:00.018251]
2.01 match to map                           	   1949	00:00:06.732251	(00:00:00.003454 +- 00:00:00.000852)	[00:00:00.001149,00:00:00.005755]
2.02 match motion stereo                    	   1949	00:00:02.534893	(00:00:00.001301 +- 00:00:00.000320)	[00:00:00.000595,00:00:00.002219]
2.02.1 match motion stereo: prepare         	   1949	00:00:01.390770	(00:00:00.000714 +- 00:00:00.000198)	[00:00:00.000002,00:00:00.001337]
2.03 loop closure query                     	   1941	00:00:00.334244	(00:00:00.000172 +- 00:00:00.000052)	[00:00:00.000062,00:00:00.000322]
2.04 loop closure descriptor matching       	    127	00:00:00.066929	(00:00:00.000527 +- 00:00:00.000104)	[00:00:00.000178,00:00:00.000794]
2.05 loop closure ransacking                	     25	00:00:00.013149	(00:00:00.000526 +- 00:00:00.000298)	[00:00:00.000074,00:00:00.001114]
2.06 loop closure pose refinement           	      7	00:00:00.007017	(00:00:00.001002 +- 00:00:00.001878)	[00:00:00.000161,00:00:00.005601]
2.07 attempt loop closure                   	      7	00:00:00.000450	(00:00:00.000064 +- 00:00:00.000016)	[00:00:00.000038,00:00:00.000086]
2.08 add loop closure                       	      5	00:00:00.008819	(00:00:00.001764 +- 00:00:00.000331)	[00:00:00.001380,00:00:00.002277]
2.09 match loop closure                     	      5	00:00:00.013674	(00:00:00.002735 +- 00:00:00.000919)	[00:00:00.001466,00:00:00.003757]
2.10 match stereo                           	     58	00:00:00.028592	(00:00:00.000493 +- 00:00:00.000275)	[00:00:00.000087,00:00:00.001261]
3 Optimise                                  	   1949	00:00:46.741310	(00:00:00.023982 +- 00:00:00.006544)	[00:00:00.001870,00:00:00.041170]
4 Prepare publishing                        	   1949	00:00:03.323161	(00:00:00.001705 +- 00:00:00.000458)	[00:00:00.000089,00:00:00.002836]
5 Import full optimisation                  	      5	00:00:00.023787	(00:00:00.004757 +- 00:00:00.000573)	[00:00:00.004048,00:00:00.005487]
6 Visualising                               	   1949	00:00:00.000076	(00:00:00.000000 +- 00:00:00.000000)	[00:00:00.000000,00:00:00.000000]
7 Marginalise                               	   1949	00:00:05.924308	(00:00:00.003040 +- 00:00:00.000892)	[00:00:00.000004,00:00:00.010288]
7.1 check/handle lost                       	   1949	00:00:00.082807	(00:00:00.000042 +- 00:00:00.000016)	[00:00:00.000000,00:00:00.000097]
7.2 eliminate IMU frames                    	   1949	00:00:02.938492	(00:00:00.001508 +- 00:00:00.000491)	[00:00:00.000000,00:00:00.003538]
7.3 convert to posegraph                    	     77	00:00:00.180588	(00:00:00.002345 +- 00:00:00.001231)	[00:00:00.000885,00:00:00.007639]
7.4 freezing                                	   1948	00:00:00.000268	(00:00:00.000000 +- 00:00:00.000000)	[00:00:00.000000,00:00:00.000003]
7.5 convert to posegraph loop-closure frames	      8	00:00:00.010402	(00:00:00.001300 +- 00:00:00.000262)	[00:00:00.001014,00:00:00.001659]
7.6 expand                                  	   1943	00:00:01.322748	(00:00:00.000681 +- 00:00:00.000196)	[00:00:00.000183,00:00:00.001310]
I20260922 13:05:45.038981 0x1fecf6080 okvis_app_synchronous.cpp:200] Progress: 67% 
I20260922 13:05:45.751803 0x1fecf6080 ViSlamBackend.cpp:2179] 1972->1155 : Skip loop closure (heuristic consistency).
I20260922 13:05:45.751856 0x1fecf6080 ViSlamBackend.cpp:2181] Rel. pos. err. 0.0206633 vs budget 0.0564018 m/m, rel. or. err. 0.0048869 vs budget 0.00218885 rad/kf
I20260922 13:05:45.751948 0x1fecf6080 ViSlamBackend.cpp:2185] dist. travelled 6.73122 m, no. steps 5
I20260922 13:05:45.757961 0x1fecf6080 Frontend.cpp:946] LOOP CLOSURE: current frame 1972, matching to keyframe 1442, 63 matches, p=0.413197.
I20260922 13:05:45.969740 0x1fecf6080 ViSlamBackend.cpp:2179] 1977->412 : Skip loop closure (heuristic consistency).
I20260922 13:05:45.969770 0x1fecf6080 ViSlamBackend.cpp:2181] Rel. pos. err. 0.0161567 vs budget 0.0555976 m/m, rel. or. err. 0.00250666 vs budget 0.00218885 rad/kf
I20260922 13:05:45.969778 0x1fecf6080 ViSlamBackend.cpp:2185] dist. travelled 4.04016 m, no. steps 5
I20260922 13:05:46.018866 0x1fecf6080 Frontend.cpp:946] LOOP CLOSURE: current frame 1978, matching to keyframe 412, 131 matches, p=0.45107.
I20260922 13:05:46.085688 0x1fecf6080 okvis_app_synchronous.cpp:195] OKVIS Timing
-----------
1 DetectAndDescribe                         	   1979	00:00:03.933796	(00:00:00.001988 +- 00:00:00.000455)	[00:00:00.000934,00:00:00.004231]
2 Match                                     	   1979	00:00:11.373280	(00:00:00.005747 +- 00:00:00.001433)	[00:00:00.000630,00:00:00.018251]
2.01 match to map                           	   1978	00:00:06.845793	(00:00:00.003461 +- 00:00:00.000849)	[00:00:00.001149,00:00:00.005755]
2.02 match motion stereo                    	   1978	00:00:02.562210	(00:00:00.001295 +- 00:00:00.000321)	[00:00:00.000595,00:00:00.002219]
2.02.1 match motion stereo: prepare         	   1978	00:00:01.407733	(00:00:00.000712 +- 00:00:00.000197)	[00:00:00.000002,00:00:00.001337]
2.03 loop closure query                     	   1967	00:00:00.341553	(00:00:00.000174 +- 00:00:00.000053)	[00:00:00.000062,00:00:00.000347]
2.04 loop closure descriptor matching       	    131	00:00:00.068719	(00:00:00.000525 +- 00:00:00.000103)	[00:00:00.000178,00:00:00.000794]
2.05 loop closure ransacking                	     29	00:00:00.013657	(00:00:00.000471 +- 00:00:00.000310)	[00:00:00.000074,00:00:00.001114]
2.06 loop closure pose refinement           	     11	00:00:00.007838	(00:00:00.000713 +- 00:00:00.001547)	[00:00:00.000154,00:00:00.005601]
2.07 attempt loop closure                   	     11	00:00:00.000815	(00:00:00.000074 +- 00:00:00.000032)	[00:00:00.000038,00:00:00.000164]
2.08 add loop closure                       	      7	00:00:00.013322	(00:00:00.001903 +- 00:00:00.000366)	[00:00:00.001380,00:00:00.002411]
2.09 match loop closure                     	      7	00:00:00.018877	(00:00:00.002697 +- 00:00:00.000817)	[00:00:00.001466,00:00:00.003757]
2.10 match stereo                           	     59	00:00:00.029052	(00:00:00.000492 +- 00:00:00.000273)	[00:00:00.000087,00:00:00.001261]
3 Optimise                                  	   1978	00:00:47.454279	(00:00:00.023991 +- 00:00:00.006505)	[00:00:00.001870,00:00:00.041170]
4 Prepare publishing                        	   1978	00:00:03.367945	(00:00:00.001703 +- 00:00:00.000457)	[00:00:00.000089,00:00:00.002836]
5 Import full optimisation                  	      6	00:00:00.029365	(00:00:00.004894 +- 00:00:00.000606)	[00:00:00.004048,00:00:00.005578]
6 Visualising                               	   1978	00:00:00.000077	(00:00:00.000000 +- 00:00:00.000000)	[00:00:00.000000,00:00:00.000000]
7 Marginalise                               	   1978	00:00:06.016786	(00:00:00.003042 +- 00:00:00.000902)	[00:00:00.000004,00:00:00.010288]
7.1 check/handle lost                       	   1978	00:00:00.084133	(00:00:00.000043 +- 00:00:00.000016)	[00:00:00.000000,00:00:00.000097]
7.2 eliminate IMU frames                    	   1978	00:00:02.978977	(00:00:00.001506 +- 00:00:00.000489)	[00:00:00.000000,00:00:00.003538]
7.3 convert to posegraph                    	     79	00:00:00.189816	(00:00:00.002403 +- 00:00:00.001292)	[00:00:00.000885,00:00:00.007639]
7.4 freezing                                	   1977	00:00:00.000271	(00:00:00.000000 +- 00:00:00.000000)	[00:00:00.000000,00:00:00.000003]
7.5 convert to posegraph loop-closure frames	     11	00:00:00.017947	(00:00:00.001632 +- 00:00:00.000955)	[00:00:00.001014,00:00:00.004480]
7.6 expand                                  	   1970	00:00:01.338737	(00:00:00.000680 +- 00:00:00.000195)	[00:00:00.000183,00:00:00.001321]
I20260922 13:05:46.085811 0x1fecf6080 okvis_app_synchronous.cpp:200] Progress: 68% 
I20260922 13:05:47.047914 0x1fecf6080 Frontend.cpp:442] 2002->909 : Rejecting loop closure due to indistincive descriptors (166.789)
I20260922 13:05:47.164888 0x1fecf6080 ViSlamBackend.cpp:2179] 2005->909 : Skip loop closure (heuristic consistency).
I20260922 13:05:47.164925 0x1fecf6080 ViSlamBackend.cpp:2181] Rel. pos. err. 0.0381639 vs budget 0.0665378 m/m, rel. or. err. 0.0100853 vs budget 0.0024 rad/kf
I20260922 13:05:47.164933 0x1fecf6080 ViSlamBackend.cpp:2185] dist. travelled 5.25827 m, no. steps 4
I20260922 13:05:47.292893 0x1fecf6080 okvis_app_synchronous.cpp:195] OKVIS Timing
-----------
1 DetectAndDescribe                         	   2008	00:00:03.995933	(00:00:00.001990 +- 00:00:00.000452)	[00:00:00.000934,00:00:00.004231]
2 Match                                     	   2008	00:00:11.574161	(00:00:00.005764 +- 00:00:00.001432)	[00:00:00.000630,00:00:00.018251]
2.01 match to map                           	   2007	00:00:06.968997	(00:00:00.003472 +- 00:00:00.000850)	[00:00:00.001149,00:00:00.005755]
2.02 match motion stereo                    	   2007	00:00:02.597145	(00:00:00.001294 +- 00:00:00.000319)	[00:00:00.000595,00:00:00.002219]
2.02.1 match motion stereo: prepare         	   2007	00:00:01.428965	(00:00:00.000712 +- 00:00:00.000196)	[00:00:00.000002,00:00:00.001337]
2.03 loop closure query                     	   1995	00:00:00.349338	(00:00:00.000175 +- 00:00:00.000054)	[00:00:00.000062,00:00:00.000347]
2.04 loop closure descriptor matching       	    137	00:00:00.071608	(00:00:00.000523 +- 00:00:00.000102)	[00:00:00.000178,00:00:00.000794]
2.05 loop closure ransacking                	     35	00:00:00.017413	(00:00:00.000498 +- 00:00:00.000310)	[00:00:00.000074,00:00:00.001114]
2.06 loop closure pose refinement           	     12	00:00:00.008004	(00:00:00.000667 +- 00:00:00.001488)	[00:00:00.000154,00:00:00.005601]
2.07 attempt loop closure                   	     12	00:00:00.000875	(00:00:00.000073 +- 00:00:00.000031)	[00:00:00.000038,00:00:00.000164]
2.08 add loop closure                       	      7	00:00:00.013322	(00:00:00.001903 +- 00:00:00.000366)	[00:00:00.001380,00:00:00.002411]
2.09 match loop closure                     	      7	00:00:00.018877	(00:00:00.002697 +- 00:00:00.000817)	[00:00:00.001466,00:00:00.003757]
2.10 match stereo                           	     60	00:00:00.029622	(00:00:00.000494 +- 00:00:00.000270)	[00:00:00.000087,00:00:00.001261]
3 Optimise                                  	   2007	00:00:48.250196	(00:00:00.024041 +- 00:00:00.006479)	[00:00:00.001870,00:00:00.041170]
4 Prepare publishing                        	   2007	00:00:03.424382	(00:00:00.001706 +- 00:00:00.000455)	[00:00:00.000089,00:00:00.002836]
5 Import full optimisation                  	      7	00:00:00.037039	(00:00:00.005291 +- 00:00:00.001123)	[00:00:00.004048,00:00:00.007675]
6 Visualising                               	   2007	00:00:00.000078	(00:00:00.000000 +- 00:00:00.000000)	[00:00:00.000000,00:00:00.000000]
7 Marginalise                               	   2007	00:00:06.162395	(00:00:00.003070 +- 00:00:00.000934)	[00:00:00.000004,00:00:00.010288]
7.1 check/handle lost                       	   2007	00:00:00.085587	(00:00:00.000043 +- 00:00:00.000016)	[00:00:00.000000,00:00:00.000097]
7.2 eliminate IMU frames                    	   2007	00:00:03.030358	(00:00:00.001510 +- 00:00:00.000487)	[00:00:00.000000,00:00:00.003538]
7.3 convert to posegraph                    	    106	00:00:00.235365	(00:00:00.002220 +- 00:00:00.001258)	[00:00:00.000885,00:00:00.007639]
7.4 freezing                                	   2006	00:00:00.000292	(00:00:00.000000 +- 00:00:00.000000)	[00:00:00.000000,00:00:00.000003]
7.5 convert to posegraph loop-closure frames	     12	00:00:00.019360	(00:00:00.001613 +- 00:00:00.000917)	[00:00:00.001014,00:00:00.004480]
7.6 expand                                  	   1998	00:00:01.362839	(00:00:00.000682 +- 00:00:00.000195)	[00:00:00.000183,00:00:00.001321]
I20260922 13:05:47.293007 0x1fecf6080 okvis_app_synchronous.cpp:200] Progress: 69% 
I20260922 13:05:48.371941 0x1fecf6080 okvis_app_synchronous.cpp:195] OKVIS Timing
-----------
1 DetectAndDescribe                         	   2037	00:00:04.048941	(00:00:00.001988 +- 00:00:00.000450)	[00:00:00.000934,00:00:00.004231]
2 Match                                     	   2037	00:00:11.757384	(00:00:00.005772 +- 00:00:00.001429)	[00:00:00.000630,00:00:00.018251]
2.01 match to map                           	   2036	00:00:07.081850	(00:00:00.003478 +- 00:00:00.000847)	[00:00:00.001149,00:00:00.005755]
2.02 match motion stereo                    	   2036	00:00:02.631218	(00:00:00.001292 +- 00:00:00.000318)	[00:00:00.000595,00:00:00.002219]
2.02.1 match motion stereo: prepare         	   2036	00:00:01.448718	(00:00:00.000712 +- 00:00:00.000195)	[00:00:00.000002,00:00:00.001337]
2.03 loop closure query                     	   2024	00:00:00.356451	(00:00:00.000176 +- 00:00:00.000054)	[00:00:00.000062,00:00:00.000347]
2.04 loop closure descriptor matching       	    142	00:00:00.073893	(00:00:00.000520 +- 00:00:00.000101)	[00:00:00.000178,00:00:00.000794]
2.05 loop closure ransacking                	     40	00:00:00.021130	(00:00:00.000528 +- 00:00:00.000305)	[00:00:00.000074,00:00:00.001114]
2.06 loop closure pose refinement           	     12	00:00:00.008004	(00:00:00.000667 +- 00:00:00.001488)	[00:00:00.000154,00:00:00.005601]
2.07 attempt loop closure                   	     12	00:00:00.000875	(00:00:00.000073 +- 00:00:00.000031)	[00:00:00.000038,00:00:00.000164]
2.08 add loop closure                       	      7	00:00:00.013322	(00:00:00.001903 +- 00:00:00.000366)	[00:00:00.001380,00:00:00.002411]
2.09 match loop closure                     	      7	00:00:00.018877	(00:00:00.002697 +- 00:00:00.000817)	[00:00:00.001466,00:00:00.003757]
2.10 match stereo                           	     61	00:00:00.030002	(00:00:00.000492 +- 00:00:00.000269)	[00:00:00.000087,00:00:00.001261]
3 Optimise                                  	   2036	00:00:49.005661	(00:00:00.024070 +- 00:00:00.006447)	[00:00:00.001870,00:00:00.041170]
4 Prepare publishing                        	   2036	00:00:03.474330	(00:00:00.001706 +- 00:00:00.000453)	[00:00:00.000089,00:00:00.002836]
5 Import full optimisation                  	      7	00:00:00.037039	(00:00:00.005291 +- 00:00:00.001123)	[00:00:00.004048,00:00:00.007675]
6 Visualising                               	   2036	00:00:00.000079	(00:00:00.000000 +- 00:00:00.000000)	[00:00:00.000000,00:00:00.000000]
7 Marginalise                               	   2036	00:00:06.251776	(00:00:00.003071 +- 00:00:00.000931)	[00:00:00.000004,00:00:00.010288]
7.1 check/handle lost                       	   2036	00:00:00.086850	(00:00:00.000043 +- 00:00:00.000015)	[00:00:00.000000,00:00:00.000097]
7.2 eliminate IMU frames                    	   2036	00:00:03.073240	(00:00:00.001509 +- 00:00:00.000486)	[00:00:00.000000,00:00:00.003538]
7.3 convert to posegraph                    	    109	00:00:00.242128	(00:00:00.002221 +- 00:00:00.001242)	[00:00:00.000885,00:00:00.007639]
7.4 freezing                                	   2035	00:00:00.000298	(00:00:00.000000 +- 00:00:00.000000)	[00:00:00.000000,00:00:00.000003]
7.5 convert to posegraph loop-closure frames	     12	00:00:00.019360	(00:00:00.001613 +- 00:00:00.000917)	[00:00:00.001014,00:00:00.004480]
7.6 expand                                  	   2027	00:00:01.381546	(00:00:00.000682 +- 00:00:00.000194)	[00:00:00.000183,00:00:00.001321]
I20260922 13:05:48.372012 0x1fecf6080 okvis_app_synchronous.cpp:200] Progress: 70% 
I20260922 13:05:48.589644 0x1fecf6080 Frontend.cpp:946] LOOP CLOSURE: current frame 2043, matching to keyframe 781, 85 matches, p=0.402148.
I20260922 13:05:49.334073 0x1fecf6080 okvis_app_synchronous.cpp:195] OKVIS Timing
-----------
1 DetectAndDescribe                         	   2066	00:00:04.088618	(00:00:00.001979 +- 00:00:00.000453)	[00:00:00.000934,00:00:00.004231]
2 Match                                     	   2066	00:00:11.910364	(00:00:00.005765 +- 00:00:00.001430)	[00:00:00.000630,00:00:00.018251]
2.01 match to map                           	   2065	00:00:07.172821	(00:00:00.003474 +- 00:00:00.000843)	[00:00:00.001149,00:00:00.005755]
2.02 match motion stereo                    	   2065	00:00:02.662309	(00:00:00.001289 +- 00:00:00.000317)	[00:00:00.000595,00:00:00.002219]
2.02.1 match motion stereo: prepare         	   2065	00:00:01.465296	(00:00:00.000710 +- 00:00:00.000195)	[00:00:00.000002,00:00:00.001337]
2.03 loop closure query                     	   2051	00:00:00.361257	(00:00:00.000176 +- 00:00:00.000054)	[00:00:00.000062,00:00:00.000347]
2.04 loop closure descriptor matching       	    143	00:00:00.074052	(00:00:00.000518 +- 00:00:00.000105)	[00:00:00.000158,00:00:00.000794]
2.05 loop closure ransacking                	     41	00:00:00.021248	(00:00:00.000518 +- 00:00:00.000308)	[00:00:00.000074,00:00:00.001114]
2.06 loop closure pose refinement           	     13	00:00:00.008257	(00:00:00.000635 +- 00:00:00.001434)	[00:00:00.000154,00:00:00.005601]
2.07 attempt loop closure                   	     13	00:00:00.000955	(00:00:00.000073 +- 00:00:00.000029)	[00:00:00.000038,00:00:00.000164]
2.08 add loop closure                       	      8	00:00:00.014623	(00:00:00.001828 +- 00:00:00.000396)	[00:00:00.001301,00:00:00.002411]
2.09 match loop closure                     	      8	00:00:00.022041	(00:00:00.002755 +- 00:00:00.000780)	[00:00:00.001466,00:00:00.003757]
2.10 match stereo                           	     62	00:00:00.030210	(00:00:00.000487 +- 00:00:00.000269)	[00:00:00.000087,00:00:00.001261]
3 Optimise                                  	   2065	00:00:49.684008	(00:00:00.024060 +- 00:00:00.006414)	[00:00:00.001870,00:00:00.041170]
4 Prepare publishing                        	   2065	00:00:03.517815	(00:00:00.001704 +- 00:00:00.000451)	[00:00:00.000089,00:00:00.002836]
5 Import full optimisation                  	      8	00:00:00.042254	(00:00:00.005282 +- 00:00:00.001051)	[00:00:00.004048,00:00:00.007675]
6 Visualising                               	   2065	00:00:00.000080	(00:00:00.000000 +- 00:00:00.000000)	[00:00:00.000000,00:00:00.000000]
7 Marginalise                               	   2065	00:00:06.332988	(00:00:00.003067 +- 00:00:00.000935)	[00:00:00.000004,00:00:00.010288]
7.1 check/handle lost                       	   2065	00:00:00.087747	(00:00:00.000042 +- 00:00:00.000015)	[00:00:00.000000,00:00:00.000097]
7.2 eliminate IMU frames                    	   2065	00:00:03.109982	(00:00:00.001506 +- 00:00:00.000485)	[00:00:00.000000,00:00:00.003538]
7.3 convert to posegraph                    	    111	00:00:00.248873	(00:00:00.002242 +- 00:00:00.001265)	[00:00:00.000885,00:00:00.007639]
7.4 freezing                                	   2064	00:00:00.000303	(00:00:00.000000 +- 00:00:00.000000)	[00:00:00.000000,00:00:00.000003]
7.5 convert to posegraph loop-closure frames	     14	00:00:00.023456	(00:00:00.001675 +- 00:00:00.000935)	[00:00:00.001014,00:00:00.004480]
7.6 expand                                  	   2055	00:00:01.397188	(00:00:00.000680 +- 00:00:00.000194)	[00:00:00.000183,00:00:00.001321]
I20260922 13:05:49.334177 0x1fecf6080 okvis_app_synchronous.cpp:200] Progress: 71% 
I20260922 13:05:49.878722 0x1fecf6080 Frontend.cpp:1525] large reprojection error (6.06962): run RANSAC
I20260922 13:05:49.959765 0x1fecf6080 Frontend.cpp:1525] large reprojection error (6.13896): run RANSAC
I20260922 13:05:50.039793 0x1fecf6080 Frontend.cpp:1525] large reprojection error (5.9234): run RANSAC
I20260922 13:05:50.140261 0x1fecf6080 okvis_app_synchronous.cpp:195] OKVIS Timing
-----------
1 DetectAndDescribe                         	   2095	00:00:04.122218	(00:00:00.001968 +- 00:00:00.000460)	[00:00:00.000934,00:00:00.004231]
2 Match                                     	   2095	00:00:12.030774	(00:00:00.005743 +- 00:00:00.001433)	[00:00:00.000630,00:00:00.018251]
2.01 match to map                           	   2094	00:00:07.242991	(00:00:00.003459 +- 00:00:00.000846)	[00:00:00.001149,00:00:00.005755]
2.02 match motion stereo                    	   2094	00:00:02.693872	(00:00:00.001286 +- 00:00:00.000316)	[00:00:00.000595,00:00:00.002219]
2.02.1 match motion stereo: prepare         	   2094	00:00:01.479656	(00:00:00.000707 +- 00:00:00.000195)	[00:00:00.000002,00:00:00.001337]
2.03 loop closure query                     	   2080	00:00:00.365370	(00:00:00.000176 +- 00:00:00.000054)	[00:00:00.000062,00:00:00.000347]
2.04 loop closure descriptor matching       	    143	00:00:00.074052	(00:00:00.000518 +- 00:00:00.000105)	[00:00:00.000158,00:00:00.000794]
2.05 loop closure ransacking                	     41	00:00:00.021248	(00:00:00.000518 +- 00:00:00.000308)	[00:00:00.000074,00:00:00.001114]
2.06 loop closure pose refinement           	     13	00:00:00.008257	(00:00:00.000635 +- 00:00:00.001434)	[00:00:00.000154,00:00:00.005601]
2.07 attempt loop closure                   	     13	00:00:00.000955	(00:00:00.000073 +- 00:00:00.000029)	[00:00:00.000038,00:00:00.000164]
2.08 add loop closure                       	      8	00:00:00.014623	(00:00:00.001828 +- 00:00:00.000396)	[00:00:00.001301,00:00:00.002411]
2.09 match loop closure                     	      8	00:00:00.022041	(00:00:00.002755 +- 00:00:00.000780)	[00:00:00.001466,00:00:00.003757]
2.10 match stereo                           	     64	00:00:00.030717	(00:00:00.000480 +- 00:00:00.000268)	[00:00:00.000087,00:00:00.001261]
3 Optimise                                  	   2094	00:00:50.276168	(00:00:00.024010 +- 00:00:00.006384)	[00:00:00.001870,00:00:00.041170]
4 Prepare publishing                        	   2094	00:00:03.553401	(00:00:00.001697 +- 00:00:00.000451)	[00:00:00.000089,00:00:00.002836]
5 Import full optimisation                  	      8	00:00:00.042254	(00:00:00.005282 +- 00:00:00.001051)	[00:00:00.004048,00:00:00.007675]
6 Visualising                               	   2094	00:00:00.000081	(00:00:00.000000 +- 00:00:00.000000)	[00:00:00.000000,00:00:00.000000]
7 Marginalise                               	   2094	00:00:06.390007	(00:00:00.003052 +- 00:00:00.000937)	[00:00:00.000004,00:00:00.010288]
7.1 check/handle lost                       	   2094	00:00:00.088280	(00:00:00.000042 +- 00:00:00.000016)	[00:00:00.000000,00:00:00.000097]
7.2 eliminate IMU frames                    	   2094	00:00:03.136954	(00:00:00.001498 +- 00:00:00.000487)	[00:00:00.000000,00:00:00.003538]
7.3 convert to posegraph                    	    112	00:00:00.250540	(00:00:00.002237 +- 00:00:00.001261)	[00:00:00.000885,00:00:00.007639]
7.4 freezing                                	   2093	00:00:00.000306	(00:00:00.000000 +- 00:00:00.000000)	[00:00:00.000000,00:00:00.000003]
7.5 convert to posegraph loop-closure frames	     14	00:00:00.023456	(00:00:00.001675 +- 00:00:00.000935)	[00:00:00.001014,00:00:00.004480]
7.6 expand                                  	   2084	00:00:01.410776	(00:00:00.000677 +- 00:00:00.000194)	[00:00:00.000183,00:00:00.001321]
I20260922 13:05:50.140362 0x1fecf6080 okvis_app_synchronous.cpp:200] Progress: 72% 
I20260922 13:05:50.235578 0x1fecf6080 ViSlamBackend.cpp:2179] 2099->1493 : Skip loop closure (heuristic consistency).
I20260922 13:05:50.235610 0x1fecf6080 ViSlamBackend.cpp:2181] Rel. pos. err. 0.0173146 vs budget 0.053214 m/m, rel. or. err. 0.00419667 vs budget 0.00191186 rad/kf
I20260922 13:05:50.235616 0x1fecf6080 ViSlamBackend.cpp:2185] dist. travelled 5.50644 m, no. steps 7
I20260922 13:05:50.257969 0x1fecf6080 Frontend.cpp:1525] large reprojection error (6.18644): run RANSAC
I20260922 13:05:50.258425 0x1fecf6080 Frontend.cpp:2455] RANSAC FAIL: 115 inliers, ratio = 0.688623
I20260922 13:05:50.259724 0x1fecf6080 Frontend.cpp:1678] Running RANSAC also with uninitialised landmarks
I20260922 13:05:50.311895 0x1fecf6080 ViSlamBackend.cpp:2179] 2102->1493 : Skip loop closure (heuristic consistency).
I20260922 13:05:50.311916 0x1fecf6080 ViSlamBackend.cpp:2181] Rel. pos. err. 0.0127002 vs budget 0.0531637 m/m, rel. or. err. 0.00307638 vs budget 0.00191186 rad/kf
I20260922 13:05:50.311962 0x1fecf6080 ViSlamBackend.cpp:2185] dist. travelled 5.60033 m, no. steps 7
I20260922 13:05:50.360384 0x1fecf6080 ViSlamBackend.cpp:2179] 2104->1493 : Skip loop closure (heuristic consistency).
I20260922 13:05:50.360406 0x1fecf6080 ViSlamBackend.cpp:2181] Rel. pos. err. 0.0105487 vs budget 0.0531248 m/m, rel. or. err. 0.00222122 vs budget 0.00191186 rad/kf
I20260922 13:05:50.360412 0x1fecf6080 ViSlamBackend.cpp:2185] dist. travelled 5.66038 m, no. steps 7
I20260922 13:05:50.386301 0x1fecf6080 ViSlamBackend.cpp:2179] 2105->1493 : Skip loop closure (heuristic consistency).
I20260922 13:05:50.386317 0x1fecf6080 ViSlamBackend.cpp:2181] Rel. pos. err. 0.0125415 vs budget 0.0531111 m/m, rel. or. err. 0.00301863 vs budget 0.00191186 rad/kf
I20260922 13:05:50.386323 0x1fecf6080 ViSlamBackend.cpp:2185] dist. travelled 5.68688 m, no. steps 7
I20260922 13:05:50.417411 0x1fecf6080 Frontend.cpp:946] LOOP CLOSURE: current frame 2106, matching to keyframe 1493, 101 matches, p=0.447324.
I20260922 13:05:50.838770 0x1fecf6080 okvis_app_synchronous.cpp:195] OKVIS Timing
-----------
1 DetectAndDescribe                         	   2124	00:00:04.162729	(00:00:00.001960 +- 00:00:00.000462)	[00:00:00.000934,00:00:00.004231]
2 Match                                     	   2124	00:00:12.155995	(00:00:00.005723 +- 00:00:00.001440)	[00:00:00.000630,00:00:00.018251]
2.01 match to map                           	   2123	00:00:07.314567	(00:00:00.003445 +- 00:00:00.000849)	[00:00:00.001149,00:00:00.005755]
2.02 match motion stereo                    	   2123	00:00:02.716694	(00:00:00.001280 +- 00:00:00.000321)	[00:00:00.000504,00:00:00.002219]
2.02.1 match motion stereo: prepare         	   2123	00:00:01.490860	(00:00:00.000702 +- 00:00:00.000197)	[00:00:00.000002,00:00:00.001337]
2.03 loop closure query                     	   2107	00:00:00.370671	(00:00:00.000176 +- 00:00:00.000053)	[00:00:00.000062,00:00:00.000347]
2.04 loop closure descriptor matching       	    148	00:00:00.074594	(00:00:00.000504 +- 00:00:00.000127)	[00:00:00.000104,00:00:00.000794]
2.05 loop closure ransacking                	     46	00:00:00.022001	(00:00:00.000478 +- 00:00:00.000312)	[00:00:00.000074,00:00:00.001114]
2.06 loop closure pose refinement           	     18	00:00:00.009298	(00:00:00.000517 +- 00:00:00.001234)	[00:00:00.000154,00:00:00.005601]
2.07 attempt loop closure                   	     18	00:00:00.001226	(00:00:00.000068 +- 00:00:00.000028)	[00:00:00.000034,00:00:00.000164]
2.08 add loop closure                       	      9	00:00:00.015767	(00:00:00.001752 +- 00:00:00.000431)	[00:00:00.001144,00:00:00.002411]
2.09 match loop closure                     	      9	00:00:00.024705	(00:00:00.002745 +- 00:00:00.000736)	[00:00:00.001466,00:00:00.003757]
2.10 match stereo                           	     65	00:00:00.030929	(00:00:00.000476 +- 00:00:00.000268)	[00:00:00.000087,00:00:00.001261]
3 Optimise                                  	   2123	00:00:50.756796	(00:00:00.023908 +- 00:00:00.006406)	[00:00:00.001870,00:00:00.041170]
4 Prepare publishing                        	   2123	00:00:03.583107	(00:00:00.001688 +- 00:00:00.000455)	[00:00:00.000089,00:00:00.002836]
5 Import full optimisation                  	      9	00:00:00.046349	(00:00:00.005150 +- 00:00:00.001059)	[00:00:00.004048,00:00:00.007675]
6 Visualising                               	   2123	00:00:00.000081	(00:00:00.000000 +- 00:00:00.000000)	[00:00:00.000000,00:00:00.000000]
7 Marginalise                               	   2123	00:00:06.447973	(00:00:00.003037 +- 00:00:00.000947)	[00:00:00.000004,00:00:00.010288]
7.1 check/handle lost                       	   2123	00:00:00.088961	(00:00:00.000042 +- 00:00:00.000016)	[00:00:00.000000,00:00:00.000097]
7.2 eliminate IMU frames                    	   2123	00:00:03.161355	(00:00:00.001489 +- 00:00:00.000490)	[00:00:00.000000,00:00:00.003538]
7.3 convert to posegraph                    	    115	00:00:00.259861	(00:00:00.002260 +- 00:00:00.001268)	[00:00:00.000885,00:00:00.007639]
7.4 freezing                                	   2122	00:00:00.000311	(00:00:00.000000 +- 00:00:00.000000)	[00:00:00.000000,00:00:00.000003]
7.5 convert to posegraph loop-closure frames	     16	00:00:00.025230	(00:00:00.001577 +- 00:00:00.000912)	[00:00:00.000840,00:00:00.004480]
7.6 expand                                  	   2112	00:00:01.421124	(00:00:00.000673 +- 00:00:00.000197)	[00:00:00.000183,00:00:00.001321]
I20260922 13:05:50.838873 0x1fecf6080 okvis_app_synchronous.cpp:200] Progress: 73% 
I20260922 13:05:51.407467 0x1fecf6080 okvis_app_synchronous.cpp:195] OKVIS Timing
-----------
1 DetectAndDescribe                         	   2153	00:00:04.201847	(00:00:00.001952 +- 00:00:00.000464)	[00:00:00.000934,00:00:00.004231]
2 Match                                     	   2153	00:00:12.255723	(00:00:00.005692 +- 00:00:00.001455)	[00:00:00.000630,00:00:00.018251]
2.01 match to map                           	   2152	00:00:07.379485	(00:00:00.003429 +- 00:00:00.000855)	[00:00:00.001149,00:00:00.005755]
2.02 match motion stereo                    	   2152	00:00:02.733069	(00:00:00.001270 +- 00:00:00.000329)	[00:00:00.000480,00:00:00.002219]
2.02.1 match motion stereo: prepare         	   2152	00:00:01.499642	(00:00:00.000697 +- 00:00:00.000201)	[00:00:00.000002,00:00:00.001337]
2.03 loop closure query                     	   2136	00:00:00.376062	(00:00:00.000176 +- 00:00:00.000053)	[00:00:00.000062,00:00:00.000347]
2.04 loop closure descriptor matching       	    148	00:00:00.074594	(00:00:00.000504 +- 00:00:00.000127)	[00:00:00.000104,00:00:00.000794]
2.05 loop closure ransacking                	     46	00:00:00.022001	(00:00:00.000478 +- 00:00:00.000312)	[00:00:00.000074,00:00:00.001114]
2.06 loop closure pose refinement           	     18	00:00:00.009298	(00:00:00.000517 +- 00:00:00.001234)	[00:00:00.000154,00:00:00.005601]
2.07 attempt loop closure                   	     18	00:00:00.001226	(00:00:00.000068 +- 00:00:00.000028)	[00:00:00.000034,00:00:00.000164]
2.08 add loop closure                       	      9	00:00:00.015767	(00:00:00.001752 +- 00:00:00.000431)	[00:00:00.001144,00:00:00.002411]
2.09 match loop closure                     	      9	00:00:00.024705	(00:00:00.002745 +- 00:00:00.000736)	[00:00:00.001466,00:00:00.003757]
2.10 match stereo                           	     67	00:00:00.031460	(00:00:00.000470 +- 00:00:00.000266)	[00:00:00.000087,00:00:00.001261]
3 Optimise                                  	   2152	00:00:51.153735	(00:00:00.023770 +- 00:00:00.006472)	[00:00:00.001870,00:00:00.041170]
4 Prepare publishing                        	   2152	00:00:03.607387	(00:00:00.001676 +- 00:00:00.000463)	[00:00:00.000089,00:00:00.002836]
5 Import full optimisation                  	      9	00:00:00.046349	(00:00:00.005150 +- 00:00:00.001059)	[00:00:00.004048,00:00:00.007675]
6 Visualising                               	   2152	00:00:00.000082	(00:00:00.000000 +- 00:00:00.000000)	[00:00:00.000000,00:00:00.000000]
7 Marginalise                               	   2152	00:00:06.492083	(00:00:00.003017 +- 00:00:00.000957)	[00:00:00.000004,00:00:00.010288]
7.1 check/handle lost                       	   2152	00:00:00.089646	(00:00:00.000042 +- 00:00:00.000016)	[00:00:00.000000,00:00:00.000097]
7.2 eliminate IMU frames                    	   2152	00:00:03.185307	(00:00:00.001480 +- 00:00:00.000494)	[00:00:00.000000,00:00:00.003538]
7.3 convert to posegraph                    	    117	00:00:00.262489	(00:00:00.002243 +- 00:00:00.001264)	[00:00:00.000885,00:00:00.007639]
7.4 freezing                                	   2151	00:00:00.000316	(00:00:00.000000 +- 00:00:00.000000)	[00:00:00.000000,00:00:00.000003]
7.5 convert to posegraph loop-closure frames	     16	00:00:00.025230	(00:00:00.001577 +- 00:00:00.000912)	[00:00:00.000840,00:00:00.004480]
7.6 expand                                  	   2141	00:00:01.429219	(00:00:00.000668 +- 00:00:00.000201)	[00:00:00.000183,00:00:00.001321]
I20260922 13:05:51.407608 0x1fecf6080 okvis_app_synchronous.cpp:200] Progress: 74% 
I20260922 13:05:51.933371 0x1fecf6080 okvis_app_synchronous.cpp:195] OKVIS Timing
-----------
1 DetectAndDescribe                         	   2182	00:00:04.238579	(00:00:00.001943 +- 00:00:00.000468)	[00:00:00.000934,00:00:00.004231]
2 Match                                     	   2182	00:00:12.341844	(00:00:00.005656 +- 00:00:00.001479)	[00:00:00.000630,00:00:00.018251]
2.01 match to map                           	   2181	00:00:07.435734	(00:00:00.003409 +- 00:00:00.000866)	[00:00:00.001149,00:00:00.005755]
2.02 match motion stereo                    	   2181	00:00:02.747592	(00:00:00.001260 +- 00:00:00.000339)	[00:00:00.000468,00:00:00.002219]
2.02.1 match motion stereo: prepare         	   2181	00:00:01.507475	(00:00:00.000691 +- 00:00:00.000206)	[00:00:00.000002,00:00:00.001337]
2.03 loop closure query                     	   2165	00:00:00.381089	(00:00:00.000176 +- 00:00:00.000053)	[00:00:00.000062,00:00:00.000347]
2.04 loop closure descriptor matching       	    148	00:00:00.074594	(00:00:00.000504 +- 00:00:00.000127)	[00:00:00.000104,00:00:00.000794]
2.05 loop closure ransacking                	     46	00:00:00.022001	(00:00:00.000478 +- 00:00:00.000312)	[00:00:00.000074,00:00:00.001114]
2.06 loop closure pose refinement           	     18	00:00:00.009298	(00:00:00.000517 +- 00:00:00.001234)	[00:00:00.000154,00:00:00.005601]
2.07 attempt loop closure                   	     18	00:00:00.001226	(00:00:00.000068 +- 00:00:00.000028)	[00:00:00.000034,00:00:00.000164]
2.08 add loop closure                       	      9	00:00:00.015767	(00:00:00.001752 +- 00:00:00.000431)	[00:00:00.001144,00:00:00.002411]
2.09 match loop closure                     	      9	00:00:00.024705	(00:00:00.002745 +- 00:00:00.000736)	[00:00:00.001466,00:00:00.003757]
2.10 match stereo                           	     67	00:00:00.031460	(00:00:00.000470 +- 00:00:00.000266)	[00:00:00.000087,00:00:00.001261]
3 Optimise                                  	   2182	00:00:51.523870	(00:00:00.023613 +- 00:00:00.006565)	[00:00:00.001870,00:00:00.041170]
4 Prepare publishing                        	   2182	00:00:03.628174	(00:00:00.001663 +- 00:00:00.000474)	[00:00:00.000089,00:00:00.002836]
5 Import full optimisation                  	      9	00:00:00.046349	(00:00:00.005150 +- 00:00:00.001059)	[00:00:00.004048,00:00:00.007675]
6 Visualising                               	   2182	00:00:00.000082	(00:00:00.000000 +- 00:00:00.000000)	[00:00:00.000000,00:00:00.000000]
7 Marginalise                               	   2181	00:00:06.528757	(00:00:00.002993 +- 00:00:00.000972)	[00:00:00.000004,00:00:00.010288]
7.1 check/handle lost                       	   2182	00:00:00.090166	(00:00:00.000041 +- 00:00:00.000016)	[00:00:00.000000,00:00:00.000097]
7.2 eliminate IMU frames                    	   2182	00:00:03.207102	(00:00:00.001470 +- 00:00:00.000498)	[00:00:00.000000,00:00:00.003538]
7.3 convert to posegraph                    	    117	00:00:00.262489	(00:00:00.002243 +- 00:00:00.001264)	[00:00:00.000885,00:00:00.007639]
7.4 freezing                                	   2181	00:00:00.000317	(00:00:00.000000 +- 00:00:00.000000)	[00:00:00.000000,00:00:00.000003]
7.5 convert to posegraph loop-closure frames	     16	00:00:00.025230	(00:00:00.001577 +- 00:00:00.000912)	[00:00:00.000840,00:00:00.004480]
7.6 expand                                  	   2170	00:00:01.436526	(00:00:00.000662 +- 00:00:00.000205)	[00:00:00.000183,00:00:00.001321]
I20260922 13:05:51.933514 0x1fecf6080 okvis_app_synchronous.cpp:200] Progress: 75% 
I20260922 13:05:52.258455 0x1fecf6080 Frontend.cpp:1678] Running RANSAC also with uninitialised landmarks
I20260922 13:05:52.259465 0x1fecf6080 Frontend.cpp:946] LOOP CLOSURE: current frame 2198, matching to keyframe 187, 39 matches, p=0.414382.
I20260922 13:05:52.432357 0x1fecf6080 Frontend.cpp:946] LOOP CLOSURE: current frame 2204, matching to keyframe 146, 93 matches, p=0.40473.
I20260922 13:05:52.649289 0x1fecf6080 okvis_app_synchronous.cpp:195] OKVIS Timing
-----------
1 DetectAndDescribe                         	   2212	00:00:04.283358	(00:00:00.001936 +- 00:00:00.000467)	[00:00:00.000934,00:00:00.004231]
2 Match                                     	   2212	00:00:12.470961	(00:00:00.005638 +- 00:00:00.001490)	[00:00:00.000630,00:00:00.018251]
2.01 match to map                           	   2211	00:00:07.511536	(00:00:00.003397 +- 00:00:00.000868)	[00:00:00.001149,00:00:00.005755]
2.02 match motion stereo                    	   2211	00:00:02.768192	(00:00:00.001252 +- 00:00:00.000343)	[00:00:00.000468,00:00:00.002219]
2.02.1 match motion stereo: prepare         	   2211	00:00:01.518600	(00:00:00.000687 +- 00:00:00.000208)	[00:00:00.000002,00:00:00.001337]
2.03 loop closure query                     	   2192	00:00:00.386787	(00:00:00.000176 +- 00:00:00.000053)	[00:00:00.000062,00:00:00.000347]
2.04 loop closure descriptor matching       	    150	00:00:00.074909	(00:00:00.000499 +- 00:00:00.000132)	[00:00:00.000104,00:00:00.000794]
2.05 loop closure ransacking                	     48	00:00:00.022169	(00:00:00.000462 +- 00:00:00.000316)	[00:00:00.000070,00:00:00.001114]
2.06 loop closure pose refinement           	     20	00:00:00.009702	(00:00:00.000485 +- 00:00:00.001175)	[00:00:00.000149,00:00:00.005601]
2.07 attempt loop closure                   	     20	00:00:00.001352	(00:00:00.000068 +- 00:00:00.000026)	[00:00:00.000034,00:00:00.000164]
2.08 add loop closure                       	     11	00:00:00.018606	(00:00:00.001691 +- 00:00:00.000432)	[00:00:00.001101,00:00:00.002411]
2.09 match loop closure                     	     11	00:00:00.030523	(00:00:00.002775 +- 00:00:00.000723)	[00:00:00.001466,00:00:00.003757]
2.10 match stereo                           	     68	00:00:00.031927	(00:00:00.000470 +- 00:00:00.000264)	[00:00:00.000087,00:00:00.001261]
3 Optimise                                  	   2211	00:00:51.981825	(00:00:00.023511 +- 00:00:00.006593)	[00:00:00.001870,00:00:00.041170]
4 Prepare publishing                        	   2211	00:00:03.657046	(00:00:00.001654 +- 00:00:00.000478)	[00:00:00.000089,00:00:00.002836]
5 Import full optimisation                  	     11	00:00:00.054299	(00:00:00.004936 +- 00:00:00.001060)	[00:00:00.003914,00:00:00.007675]
6 Visualising                               	   2211	00:00:00.000083	(00:00:00.000000 +- 00:00:00.000000)	[00:00:00.000000,00:00:00.000000]
7 Marginalise                               	   2211	00:00:06.590522	(00:00:00.002981 +- 00:00:00.000981)	[00:00:00.000004,00:00:00.010288]
7.1 check/handle lost                       	   2211	00:00:00.090938	(00:00:00.000041 +- 00:00:00.000016)	[00:00:00.000000,00:00:00.000097]
7.2 eliminate IMU frames                    	   2211	00:00:03.232602	(00:00:00.001462 +- 00:00:00.000500)	[00:00:00.000000,00:00:00.003538]
7.3 convert to posegraph                    	    120	00:00:00.270839	(00:00:00.002257 +- 00:00:00.001263)	[00:00:00.000885,00:00:00.007639]
7.4 freezing                                	   2210	00:00:00.000325	(00:00:00.000000 +- 00:00:00.000000)	[00:00:00.000000,00:00:00.000004]
7.5 convert to posegraph loop-closure frames	     19	00:00:00.030664	(00:00:00.001614 +- 00:00:00.001020)	[00:00:00.000760,00:00:00.004480]
7.6 expand                                  	   2198	00:00:01.446233	(00:00:00.000658 +- 00:00:00.000207)	[00:00:00.000183,00:00:00.001321]
I20260922 13:05:52.649394 0x1fecf6080 okvis_app_synchronous.cpp:200] Progress: 76% 
I20260922 13:05:53.364274 0x1fecf6080 okvis_app_synchronous.cpp:195] OKVIS Timing
-----------
1 DetectAndDescribe                         	   2241	00:00:04.337219	(00:00:00.001935 +- 00:00:00.000465)	[00:00:00.000934,00:00:00.004231]
2 Match                                     	   2241	00:00:12.602867	(00:00:00.005624 +- 00:00:00.001490)	[00:00:00.000630,00:00:00.018251]
2.01 match to map                           	   2240	00:00:07.596984	(00:00:00.003392 +- 00:00:00.000867)	[00:00:00.001149,00:00:00.005755]
2.02 match motion stereo                    	   2240	00:00:02.789382	(00:00:00.001245 +- 00:00:00.000347)	[00:00:00.000468,00:00:00.002219]
2.02.1 match motion stereo: prepare         	   2240	00:00:01.531217	(00:00:00.000684 +- 00:00:00.000209)	[00:00:00.000002,00:00:00.001337]
2.03 loop closure query                     	   2221	00:00:00.394557	(00:00:00.000178 +- 00:00:00.000053)	[00:00:00.000062,00:00:00.000356]
2.04 loop closure descriptor matching       	    150	00:00:00.074909	(00:00:00.000499 +- 00:00:00.000132)	[00:00:00.000104,00:00:00.000794]
2.05 loop closure ransacking                	     48	00:00:00.022169	(00:00:00.000462 +- 00:00:00.000316)	[00:00:00.000070,00:00:00.001114]
2.06 loop closure pose refinement           	     20	00:00:00.009702	(00:00:00.000485 +- 00:00:00.001175)	[00:00:00.000149,00:00:00.005601]
2.07 attempt loop closure                   	     20	00:00:00.001352	(00:00:00.000068 +- 00:00:00.000026)	[00:00:00.000034,00:00:00.000164]
2.08 add loop closure                       	     11	00:00:00.018606	(00:00:00.001691 +- 00:00:00.000432)	[00:00:00.001101,00:00:00.002411]
2.09 match loop closure                     	     11	00:00:00.030523	(00:00:00.002775 +- 00:00:00.000723)	[00:00:00.001466,00:00:00.003757]
2.10 match stereo                           	     69	00:00:00.032562	(00:00:00.000472 +- 00:00:00.000263)	[00:00:00.000087,00:00:00.001261]
3 Optimise                                  	   2240	00:00:52.471879	(00:00:00.023425 +- 00:00:00.006602)	[00:00:00.001870,00:00:00.041170]
4 Prepare publishing                        	   2240	00:00:03.689298	(00:00:00.001647 +- 00:00:00.000479)	[00:00:00.000089,00:00:00.002836]
5 Import full optimisation                  	     11	00:00:00.054299	(00:00:00.004936 +- 00:00:00.001060)	[00:00:00.003914,00:00:00.007675]
6 Visualising                               	   2240	00:00:00.000084	(00:00:00.000000 +- 00:00:00.000000)	[00:00:00.000000,00:00:00.000000]
7 Marginalise                               	   2240	00:00:06.648647	(00:00:00.002968 +- 00:00:00.000982)	[00:00:00.000004,00:00:00.010288]
7.1 check/handle lost                       	   2240	00:00:00.092014	(00:00:00.000041 +- 00:00:00.000016)	[00:00:00.000000,00:00:00.000097]
7.2 eliminate IMU frames                    	   2240	00:00:03.263982	(00:00:00.001457 +- 00:00:00.000500)	[00:00:00.000000,00:00:00.003538]
7.3 convert to posegraph                    	    121	00:00:00.272447	(00:00:00.002252 +- 00:00:00.001259)	[00:00:00.000885,00:00:00.007639]
7.4 freezing                                	   2239	00:00:00.000329	(00:00:00.000000 +- 00:00:00.000000)	[00:00:00.000000,00:00:00.000004]
7.5 convert to posegraph loop-closure frames	     19	00:00:00.030664	(00:00:00.001614 +- 00:00:00.001020)	[00:00:00.000760,00:00:00.004480]
7.6 expand                                  	   2227	00:00:01.457956	(00:00:00.000655 +- 00:00:00.000208)	[00:00:00.000183,00:00:00.001321]
I20260922 13:05:53.364378 0x1fecf6080 okvis_app_synchronous.cpp:200] Progress: 77% 
I20260922 13:05:54.209193 0x1fecf6080 okvis_app_synchronous.cpp:195] OKVIS Timing
-----------
1 DetectAndDescribe                         	   2270	00:00:04.395938	(00:00:00.001937 +- 00:00:00.000462)	[00:00:00.000934,00:00:00.004231]
2 Match                                     	   2270	00:00:12.749978	(00:00:00.005617 +- 00:00:00.001482)	[00:00:00.000630,00:00:00.018251]
2.01 match to map                           	   2269	00:00:07.692914	(00:00:00.003390 +- 00:00:00.000862)	[00:00:00.001149,00:00:00.005755]
2.02 match motion stereo                    	   2269	00:00:02.812632	(00:00:00.001240 +- 00:00:00.000348)	[00:00:00.000468,00:00:00.002219]
2.02.1 match motion stereo: prepare         	   2269	00:00:01.545980	(00:00:00.000681 +- 00:00:00.000209)	[00:00:00.000002,00:00:00.001337]
2.03 loop closure query                     	   2250	00:00:00.403245	(00:00:00.000179 +- 00:00:00.000055)	[00:00:00.000062,00:00:00.000356]
2.04 loop closure descriptor matching       	    150	00:00:00.074909	(00:00:00.000499 +- 00:00:00.000132)	[00:00:00.000104,00:00:00.000794]
2.05 loop closure ransacking                	     48	00:00:00.022169	(00:00:00.000462 +- 00:00:00.000316)	[00:00:00.000070,00:00:00.001114]
2.06 loop closure pose refinement           	     20	00:00:00.009702	(00:00:00.000485 +- 00:00:00.001175)	[00:00:00.000149,00:00:00.005601]
2.07 attempt loop closure                   	     20	00:00:00.001352	(00:00:00.000068 +- 00:00:00.000026)	[00:00:00.000034,00:00:00.000164]
2.08 add loop closure                       	     11	00:00:00.018606	(00:00:00.001691 +- 00:00:00.000432)	[00:00:00.001101,00:00:00.002411]
2.09 match loop closure                     	     11	00:00:00.030523	(00:00:00.002775 +- 00:00:00.000723)	[00:00:00.001466,00:00:00.003757]
2.10 match stereo                           	     69	00:00:00.032562	(00:00:00.000472 +- 00:00:00.000263)	[00:00:00.000087,00:00:00.001261]
3 Optimise                                  	   2269	00:00:53.059216	(00:00:00.023384 +- 00:00:00.006574)	[00:00:00.001870,00:00:00.041170]
4 Prepare publishing                        	   2269	00:00:03.726804	(00:00:00.001642 +- 00:00:00.000478)	[00:00:00.000089,00:00:00.002836]
5 Import full optimisation                  	     11	00:00:00.054299	(00:00:00.004936 +- 00:00:00.001060)	[00:00:00.003914,00:00:00.007675]
6 Visualising                               	   2269	00:00:00.000085	(00:00:00.000000 +- 00:00:00.000000)	[00:00:00.000000,00:00:00.000000]
7 Marginalise                               	   2269	00:00:06.718884	(00:00:00.002961 +- 00:00:00.000978)	[00:00:00.000004,00:00:00.010288]
7.1 check/handle lost                       	   2269	00:00:00.093253	(00:00:00.000041 +- 00:00:00.000016)	[00:00:00.000000,00:00:00.000097]
7.2 eliminate IMU frames                    	   2269	00:00:03.304784	(00:00:00.001456 +- 00:00:00.000497)	[00:00:00.000000,00:00:00.003538]
7.3 convert to posegraph                    	    121	00:00:00.272447	(00:00:00.002252 +- 00:00:00.001259)	[00:00:00.000885,00:00:00.007639]
7.4 freezing                                	   2268	00:00:00.000330	(00:00:00.000000 +- 00:00:00.000000)	[00:00:00.000000,00:00:00.000004]
7.5 convert to posegraph loop-closure frames	     19	00:00:00.030664	(00:00:00.001614 +- 00:00:00.001020)	[00:00:00.000760,00:00:00.004480]
7.6 expand                                  	   2256	00:00:01.471732	(00:00:00.000652 +- 00:00:00.000207)	[00:00:00.000183,00:00:00.001321]
I20260922 13:05:54.209305 0x1fecf6080 okvis_app_synchronous.cpp:200] Progress: 78% 
I20260922 13:05:55.162941 0x1fecf6080 okvis_app_synchronous.cpp:195] OKVIS Timing
-----------
1 DetectAndDescribe                         	   2299	00:00:04.455558	(00:00:00.001938 +- 00:00:00.000460)	[00:00:00.000934,00:00:00.004231]
2 Match                                     	   2299	00:00:12.914540	(00:00:00.005617 +- 00:00:00.001475)	[00:00:00.000630,00:00:00.018251]
2.01 match to map                           	   2298	00:00:07.797439	(00:00:00.003393 +- 00:00:00.000859)	[00:00:00.001149,00:00:00.005755]
2.02 match motion stereo                    	   2298	00:00:02.842122	(00:00:00.001237 +- 00:00:00.000348)	[00:00:00.000468,00:00:00.002219]
2.02.1 match motion stereo: prepare         	   2298	00:00:01.563745	(00:00:00.000680 +- 00:00:00.000208)	[00:00:00.000002,00:00:00.001337]
2.03 loop closure query                     	   2279	00:00:00.411676	(00:00:00.000181 +- 00:00:00.000056)	[00:00:00.000062,00:00:00.000356]
2.04 loop closure descriptor matching       	    150	00:00:00.074909	(00:00:00.000499 +- 00:00:00.000132)	[00:00:00.000104,00:00:00.000794]
2.05 loop closure ransacking                	     48	00:00:00.022169	(00:00:00.000462 +- 00:00:00.000316)	[00:00:00.000070,00:00:00.001114]
2.06 loop closure pose refinement           	     20	00:00:00.009702	(00:00:00.000485 +- 00:00:00.001175)	[00:00:00.000149,00:00:00.005601]
2.07 attempt loop closure                   	     20	00:00:00.001352	(00:00:00.000068 +- 00:00:00.000026)	[00:00:00.000034,00:00:00.000164]
2.08 add loop closure                       	     11	00:00:00.018606	(00:00:00.001691 +- 00:00:00.000432)	[00:00:00.001101,00:00:00.002411]
2.09 match loop closure                     	     11	00:00:00.030523	(00:00:00.002775 +- 00:00:00.000723)	[00:00:00.001466,00:00:00.003757]
2.10 match stereo                           	     70	00:00:00.033145	(00:00:00.000473 +- 00:00:00.000262)	[00:00:00.000087,00:00:00.001261]
3 Optimise                                  	   2298	00:00:53.723262	(00:00:00.023378 +- 00:00:00.006542)	[00:00:00.001870,00:00:00.041170]
4 Prepare publishing                        	   2298	00:00:03.770498	(00:00:00.001641 +- 00:00:00.000476)	[00:00:00.000089,00:00:00.002836]
5 Import full optimisation                  	     11	00:00:00.054299	(00:00:00.004936 +- 00:00:00.001060)	[00:00:00.003914,00:00:00.007675]
6 Visualising                               	   2298	00:00:00.000086	(00:00:00.000000 +- 00:00:00.000000)	[00:00:00.000000,00:00:00.000000]
7 Marginalise                               	   2298	00:00:06.799245	(00:00:00.002959 +- 00:00:00.000973)	[00:00:00.000004,00:00:00.010288]
7.1 check/handle lost                       	   2298	00:00:00.094629	(00:00:00.000041 +- 00:00:00.000016)	[00:00:00.000000,00:00:00.000097]
7.2 eliminate IMU frames                    	   2298	00:00:03.347686	(00:00:00.001457 +- 00:00:00.000496)	[00:00:00.000000,00:00:00.003538]
7.3 convert to posegraph                    	    122	00:00:00.274562	(00:00:00.002251 +- 00:00:00.001254)	[00:00:00.000885,00:00:00.007639]
7.4 freezing                                	   2297	00:00:00.000333	(00:00:00.000000 +- 00:00:00.000000)	[00:00:00.000000,00:00:00.000004]
7.5 convert to posegraph loop-closure frames	     19	00:00:00.030664	(00:00:00.001614 +- 00:00:00.001020)	[00:00:00.000760,00:00:00.004480]
7.6 expand                                  	   2285	00:00:01.488306	(00:00:00.000651 +- 00:00:00.000207)	[00:00:00.000183,00:00:00.001321]
I20260922 13:05:55.163048 0x1fecf6080 okvis_app_synchronous.cpp:200] Progress: 79% 
I20260922 13:05:55.553498 0x1fecf6080 ViSlamBackend.cpp:2179] 2311->1195 : Skip loop closure (heuristic consistency).
I20260922 13:05:55.553519 0x1fecf6080 ViSlamBackend.cpp:2181] Rel. pos. err. 0.137334 vs budget 0.0575088 m/m, rel. or. err. 0.0318074 vs budget 0.00203299 rad/kf
I20260922 13:05:55.553525 0x1fecf6080 ViSlamBackend.cpp:2185] dist. travelled 7.65287 m, no. steps 6
I20260922 13:05:55.683678 0x1fecf6080 Frontend.cpp:442] 2315->1195 : Rejecting loop closure due to indistincive descriptors (180.162)
I20260922 13:05:55.880476 0x1fecf6080 ViSlamBackend.cpp:2179] 2321->1195 : Skip loop closure (heuristic consistency).
I20260922 13:05:55.880501 0x1fecf6080 ViSlamBackend.cpp:2181] Rel. pos. err. 0.0616269 vs budget 0.0561162 m/m, rel. or. err. 0.0149258 vs budget 0.00203299 rad/kf
I20260922 13:05:55.880507 0x1fecf6080 ViSlamBackend.cpp:2185] dist. travelled 8.04953 m, no. steps 6
I20260922 13:05:55.919328 0x1fecf6080 Frontend.cpp:946] LOOP CLOSURE: current frame 2322, matching to keyframe 1249, 45 matches, p=0.404349.
I20260922 13:05:56.163311 0x1fecf6080 okvis_app_synchronous.cpp:195] OKVIS Timing
-----------
1 DetectAndDescribe                         	   2328	00:00:04.520812	(00:00:00.001942 +- 00:00:00.000458)	[00:00:00.000934,00:00:00.004231]
2 Match                                     	   2328	00:00:13.089151	(00:00:00.005622 +- 00:00:00.001474)	[00:00:00.000630,00:00:00.018251]
2.01 match to map                           	   2327	00:00:07.897985	(00:00:00.003394 +- 00:00:00.000854)	[00:00:00.001149,00:00:00.005755]
2.02 match motion stereo                    	   2327	00:00:02.873552	(00:00:00.001235 +- 00:00:00.000346)	[00:00:00.000468,00:00:00.002219]
2.02.1 match motion stereo: prepare         	   2327	00:00:01.582399	(00:00:00.000680 +- 00:00:00.000207)	[00:00:00.000002,00:00:00.001337]
2.03 loop closure query                     	   2307	00:00:00.420673	(00:00:00.000182 +- 00:00:00.000058)	[00:00:00.000062,00:00:00.000385]
2.04 loop closure descriptor matching       	    157	00:00:00.077673	(00:00:00.000495 +- 00:00:00.000131)	[00:00:00.000104,00:00:00.000794]
2.05 loop closure ransacking                	     52	00:00:00.022745	(00:00:00.000437 +- 00:00:00.000315)	[00:00:00.000070,00:00:00.001114]
2.06 loop closure pose refinement           	     23	00:00:00.010251	(00:00:00.000446 +- 00:00:00.001100)	[00:00:00.000141,00:00:00.005601]
2.07 attempt loop closure                   	     23	00:00:00.001507	(00:00:00.000066 +- 00:00:00.000026)	[00:00:00.000034,00:00:00.000164]
2.08 add loop closure                       	     12	00:00:00.020932	(00:00:00.001744 +- 00:00:00.000450)	[00:00:00.001101,00:00:00.002411]
2.09 match loop closure                     	     12	00:00:00.033072	(00:00:00.002756 +- 00:00:00.000695)	[00:00:00.001466,00:00:00.003757]
2.10 match stereo                           	     70	00:00:00.033145	(00:00:00.000473 +- 00:00:00.000262)	[00:00:00.000087,00:00:00.001261]
3 Optimise                                  	   2327	00:00:54.399253	(00:00:00.023377 +- 00:00:00.006504)	[00:00:00.001870,00:00:00.041170]
4 Prepare publishing                        	   2327	00:00:03.816963	(00:00:00.001640 +- 00:00:00.000474)	[00:00:00.000089,00:00:00.002836]
5 Import full optimisation                  	     12	00:00:00.059664	(00:00:00.004972 +- 00:00:00.001021)	[00:00:00.003914,00:00:00.007675]
6 Visualising                               	   2327	00:00:00.000086	(00:00:00.000000 +- 00:00:00.000000)	[00:00:00.000000,00:00:00.000000]
7 Marginalise                               	   2327	00:00:06.895851	(00:00:00.002963 +- 00:00:00.000981)	[00:00:00.000004,00:00:00.010288]
7.1 check/handle lost                       	   2327	00:00:00.095925	(00:00:00.000041 +- 00:00:00.000016)	[00:00:00.000000,00:00:00.000097]
7.2 eliminate IMU frames                    	   2327	00:00:03.392924	(00:00:00.001458 +- 00:00:00.000493)	[00:00:00.000000,00:00:00.003538]
7.3 convert to posegraph                    	    124	00:00:00.282935	(00:00:00.002282 +- 00:00:00.001270)	[00:00:00.000885,00:00:00.007639]
7.4 freezing                                	   2326	00:00:00.000336	(00:00:00.000000 +- 00:00:00.000000)	[00:00:00.000000,00:00:00.000004]
7.5 convert to posegraph loop-closure frames	     20	00:00:00.036631	(00:00:00.001832 +- 00:00:00.001375)	[00:00:00.000760,00:00:00.005967]
7.6 expand                                  	   2312	00:00:01.504704	(00:00:00.000651 +- 00:00:00.000205)	[00:00:00.000183,00:00:00.001321]
I20260922 13:05:56.163435 0x1fecf6080 okvis_app_synchronous.cpp:200] Progress: 80% 
I20260922 13:05:57.228384 0x1fecf6080 okvis_app_synchronous.cpp:195] OKVIS Timing
-----------
1 DetectAndDescribe                         	   2357	00:00:04.585204	(00:00:00.001945 +- 00:00:00.000456)	[00:00:00.000934,00:00:00.004231]
2 Match                                     	   2357	00:00:13.276196	(00:00:00.005633 +- 00:00:00.001471)	[00:00:00.000630,00:00:00.018251]
2.01 match to map                           	   2356	00:00:08.013835	(00:00:00.003401 +- 00:00:00.000854)	[00:00:00.001149,00:00:00.005755]
2.02 match motion stereo                    	   2356	00:00:02.910661	(00:00:00.001235 +- 00:00:00.000344)	[00:00:00.000468,00:00:00.002219]
2.02.1 match motion stereo: prepare         	   2356	00:00:01.603700	(00:00:00.000681 +- 00:00:00.000206)	[00:00:00.000002,00:00:00.001337]
2.03 loop closure query                     	   2336	00:00:00.430081	(00:00:00.000184 +- 00:00:00.000060)	[00:00:00.000062,00:00:00.000385]
2.04 loop closure descriptor matching       	    157	00:00:00.077673	(00:00:00.000495 +- 00:00:00.000131)	[00:00:00.000104,00:00:00.000794]
2.05 loop closure ransacking                	     52	00:00:00.022745	(00:00:00.000437 +- 00:00:00.000315)	[00:00:00.000070,00:00:00.001114]
2.06 loop closure pose refinement           	     23	00:00:00.010251	(00:00:00.000446 +- 00:00:00.001100)	[00:00:00.000141,00:00:00.005601]
2.07 attempt loop closure                   	     23	00:00:00.001507	(00:00:00.000066 +- 00:00:00.000026)	[00:00:00.000034,00:00:00.000164]
2.08 add loop closure                       	     12	00:00:00.020932	(00:00:00.001744 +- 00:00:00.000450)	[00:00:00.001101,00:00:00.002411]
2.09 match loop closure                     	     12	00:00:00.033072	(00:00:00.002756 +- 00:00:00.000695)	[00:00:00.001466,00:00:00.003757]
2.10 match stereo                           	     71	00:00:00.033862	(00:00:00.000477 +- 00:00:00.000261)	[00:00:00.000087,00:00:00.001261]
3 Optimise                                  	   2356	00:00:55.133051	(00:00:00.023401 +- 00:00:00.006483)	[00:00:00.001870,00:00:00.041170]
4 Prepare publishing                        	   2356	00:00:03.868123	(00:00:00.001642 +- 00:00:00.000472)	[00:00:00.000089,00:00:00.002836]
5 Import full optimisation                  	     12	00:00:00.059664	(00:00:00.004972 +- 00:00:00.001021)	[00:00:00.003914,00:00:00.007675]
6 Visualising                               	   2356	00:00:00.000088	(00:00:00.000000 +- 00:00:00.000000)	[00:00:00.000000,00:00:00.000000]
7 Marginalise                               	   2356	00:00:06.987996	(00:00:00.002966 +- 00:00:00.000977)	[00:00:00.000004,00:00:00.010288]
7.1 check/handle lost                       	   2356	00:00:00.097419	(00:00:00.000041 +- 00:00:00.000016)	[00:00:00.000000,00:00:00.000097]
7.2 eliminate IMU frames                    	   2356	00:00:03.440844	(00:00:00.001460 +- 00:00:00.000493)	[00:00:00.000000,00:00:00.003538]
7.3 convert to posegraph                    	    125	00:00:00.284750	(00:00:00.002278 +- 00:00:00.001265)	[00:00:00.000885,00:00:00.007639]
7.4 freezing                                	   2355	00:00:00.000339	(00:00:00.000000 +- 00:00:00.000000)	[00:00:00.000000,00:00:00.000004]
7.5 convert to posegraph loop-closure frames	     20	00:00:00.036631	(00:00:00.001832 +- 00:00:00.001375)	[00:00:00.000760,00:00:00.005967]
7.6 expand                                  	   2341	00:00:01.524655	(00:00:00.000651 +- 00:00:00.000205)	[00:00:00.000183,00:00:00.001321]
I20260922 13:05:57.228577 0x1fecf6080 okvis_app_synchronous.cpp:200] Progress: 81% 
I20260922 13:05:57.343133 0x1fecf6080 Frontend.cpp:946] LOOP CLOSURE: current frame 2360, matching to keyframe 465, 62 matches, p=0.432074.
I20260922 13:05:57.940091 0x1fecf6080 Frontend.cpp:946] LOOP CLOSURE: current frame 2374, matching to keyframe 1476, 64 matches, p=0.415668.
I20260922 13:05:58.056881 0x1fecf6080 ViSlamBackend.cpp:2179] 2376->2007 : Skip loop closure (heuristic consistency).
I20260922 13:05:58.056919 0x1fecf6080 ViSlamBackend.cpp:2181] Rel. pos. err. 0.00900585 vs budget 0.0894205 m/m, rel. or. err. 0.00444002 vs budget 0.00322843 rad/kf
I20260922 13:05:58.056925 0x1fecf6080 ViSlamBackend.cpp:2185] dist. travelled 5.09265 m, no. steps 2
I20260922 13:05:58.104195 0x1fecf6080 ViSlamBackend.cpp:2179] 2377->2007 : Skip loop closure (heuristic consistency).
I20260922 13:05:58.104219 0x1fecf6080 ViSlamBackend.cpp:2181] Rel. pos. err. 0.00890544 vs budget 0.0786981 m/m, rel. or. err. 0.00308209 vs budget 0.0027094 rad/kf
I20260922 13:05:58.104228 0x1fecf6080 ViSlamBackend.cpp:2185] dist. travelled 5.1421 m, no. steps 3
I20260922 13:05:58.152781 0x1fecf6080 ViSlamBackend.cpp:2179] 2378->2007 : Skip loop closure (heuristic consistency).
I20260922 13:05:58.152820 0x1fecf6080 ViSlamBackend.cpp:2181] Rel. pos. err. 0.0110253 vs budget 0.0721664 m/m, rel. or. err. 0.00275546 vs budget 0.0024 rad/kf
I20260922 13:05:58.152827 0x1fecf6080 ViSlamBackend.cpp:2185] dist. travelled 5.19078 m, no. steps 4
I20260922 13:05:58.208344 0x1fecf6080 Frontend.cpp:946] LOOP CLOSURE: current frame 2379, matching to keyframe 2007, 157 matches, p=0.445222.
I20260922 13:05:58.554453 0x1fecf6080 okvis_app_synchronous.cpp:195] OKVIS Timing
-----------
1 DetectAndDescribe                         	   2386	00:00:04.647256	(00:00:00.001948 +- 00:00:00.000455)	[00:00:00.000934,00:00:00.004231]
2 Match                                     	   2386	00:00:13.510713	(00:00:00.005662 +- 00:00:00.001518)	[00:00:00.000630,00:00:00.018251]
2.01 match to map                           	   2385	00:00:08.141966	(00:00:00.003414 +- 00:00:00.000857)	[00:00:00.001149,00:00:00.005755]
2.02 match motion stereo                    	   2385	00:00:02.949542	(00:00:00.001237 +- 00:00:00.000343)	[00:00:00.000468,00:00:00.002219]
2.02.1 match motion stereo: prepare         	   2385	00:00:01.626861	(00:00:00.000682 +- 00:00:00.000205)	[00:00:00.000002,00:00:00.001337]
2.03 loop closure query                     	   2361	00:00:00.437938	(00:00:00.000185 +- 00:00:00.000061)	[00:00:00.000062,00:00:00.000385]
2.04 loop closure descriptor matching       	    163	00:00:00.080330	(00:00:00.000493 +- 00:00:00.000130)	[00:00:00.000104,00:00:00.000794]
2.05 loop closure ransacking                	     58	00:00:00.023490	(00:00:00.000405 +- 00:00:00.000314)	[00:00:00.000070,00:00:00.001114]
2.06 loop closure pose refinement           	     29	00:00:00.011821	(00:00:00.000408 +- 00:00:00.000983)	[00:00:00.000141,00:00:00.005601]
2.07 attempt loop closure                   	     29	00:00:00.001905	(00:00:00.000066 +- 00:00:00.000024)	[00:00:00.000034,00:00:00.000164]
2.08 add loop closure                       	     15	00:00:00.026439	(00:00:00.001763 +- 00:00:00.000456)	[00:00:00.001101,00:00:00.002436]
2.09 match loop closure                     	     15	00:00:00.044388	(00:00:00.002959 +- 00:00:00.000822)	[00:00:00.001466,00:00:00.004883]
2.10 match stereo                           	     72	00:00:00.034429	(00:00:00.000478 +- 00:00:00.000260)	[00:00:00.000087,00:00:00.001261]
3 Optimise                                  	   2385	00:00:55.994310	(00:00:00.023478 +- 00:00:00.006493)	[00:00:00.001870,00:00:00.041170]
4 Prepare publishing                        	   2385	00:00:03.929470	(00:00:00.001648 +- 00:00:00.000474)	[00:00:00.000089,00:00:00.002885]
5 Import full optimisation                  	     15	00:00:00.080521	(00:00:00.005368 +- 00:00:00.001212)	[00:00:00.003914,00:00:00.007675]
6 Visualising                               	   2385	00:00:00.000089	(00:00:00.000000 +- 00:00:00.000000)	[00:00:00.000000,00:00:00.000000]
7 Marginalise                               	   2385	00:00:07.134824	(00:00:00.002992 +- 00:00:00.001026)	[00:00:00.000004,00:00:00.010288]
7.1 check/handle lost                       	   2385	00:00:00.099009	(00:00:00.000042 +- 00:00:00.000016)	[00:00:00.000000,00:00:00.000097]
7.2 eliminate IMU frames                    	   2385	00:00:03.492997	(00:00:00.001465 +- 00:00:00.000493)	[00:00:00.000000,00:00:00.003538]
7.3 convert to posegraph                    	    137	00:00:00.318460	(00:00:00.002325 +- 00:00:00.001352)	[00:00:00.000885,00:00:00.007639]
7.4 freezing                                	   2384	00:00:00.000352	(00:00:00.000000 +- 00:00:00.000000)	[00:00:00.000000,00:00:00.000004]
7.5 convert to posegraph loop-closure frames	     24	00:00:00.051432	(00:00:00.002143 +- 00:00:00.001683)	[00:00:00.000760,00:00:00.006626]
7.6 expand                                  	   2365	00:00:01.544413	(00:00:00.000653 +- 00:00:00.000205)	[00:00:00.000183,00:00:00.001393]
I20260922 13:05:58.554577 0x1fecf6080 okvis_app_synchronous.cpp:200] Progress: 82% 
I20260922 13:05:59.572033 0x1fecf6080 okvis_app_synchronous.cpp:195] OKVIS Timing
-----------
1 DetectAndDescribe                         	   2415	00:00:04.695777	(00:00:00.001944 +- 00:00:00.000453)	[00:00:00.000934,00:00:00.004231]
2 Match                                     	   2415	00:00:13.673005	(00:00:00.005662 +- 00:00:00.001511)	[00:00:00.000630,00:00:00.018251]
2.01 match to map                           	   2414	00:00:08.242915	(00:00:00.003415 +- 00:00:00.000853)	[00:00:00.001149,00:00:00.005755]
2.02 match motion stereo                    	   2414	00:00:02.981105	(00:00:00.001235 +- 00:00:00.000342)	[00:00:00.000468,00:00:00.002219]
2.02.1 match motion stereo: prepare         	   2414	00:00:01.644543	(00:00:00.000681 +- 00:00:00.000204)	[00:00:00.000002,00:00:00.001337]
2.03 loop closure query                     	   2390	00:00:00.445511	(00:00:00.000186 +- 00:00:00.000061)	[00:00:00.000062,00:00:00.000385]
2.04 loop closure descriptor matching       	    163	00:00:00.080330	(00:00:00.000493 +- 00:00:00.000130)	[00:00:00.000104,00:00:00.000794]
2.05 loop closure ransacking                	     58	00:00:00.023490	(00:00:00.000405 +- 00:00:00.000314)	[00:00:00.000070,00:00:00.001114]
2.06 loop closure pose refinement           	     29	00:00:00.011821	(00:00:00.000408 +- 00:00:00.000983)	[00:00:00.000141,00:00:00.005601]
2.07 attempt loop closure                   	     29	00:00:00.001905	(00:00:00.000066 +- 00:00:00.000024)	[00:00:00.000034,00:00:00.000164]
2.08 add loop closure                       	     15	00:00:00.026439	(00:00:00.001763 +- 00:00:00.000456)	[00:00:00.001101,00:00:00.002436]
2.09 match loop closure                     	     15	00:00:00.044388	(00:00:00.002959 +- 00:00:00.000822)	[00:00:00.001466,00:00:00.004883]
2.10 match stereo                           	     74	00:00:00.035584	(00:00:00.000481 +- 00:00:00.000259)	[00:00:00.000087,00:00:00.001261]
3 Optimise                                  	   2414	00:00:56.717105	(00:00:00.023495 +- 00:00:00.006460)	[00:00:00.001870,00:00:00.041170]
4 Prepare publishing                        	   2414	00:00:03.976931	(00:00:00.001647 +- 00:00:00.000471)	[00:00:00.000089,00:00:00.002885]
5 Import full optimisation                  	     15	00:00:00.080521	(00:00:00.005368 +- 00:00:00.001212)	[00:00:00.003914,00:00:00.007675]
6 Visualising                               	   2414	00:00:00.000091	(00:00:00.000000 +- 00:00:00.000000)	[00:00:00.000000,00:00:00.000000]
7 Marginalise                               	   2414	00:00:07.219002	(00:00:00.002990 +- 00:00:00.001023)	[00:00:00.000004,00:00:00.010288]
7.1 check/handle lost                       	   2414	00:00:00.100082	(00:00:00.000041 +- 00:00:00.000015)	[00:00:00.000000,00:00:00.000097]
7.2 eliminate IMU frames                    	   2414	00:00:03.531998	(00:00:00.001463 +- 00:00:00.000492)	[00:00:00.000000,00:00:00.003538]
7.3 convert to posegraph                    	    142	00:00:00.328155	(00:00:00.002311 +- 00:00:00.001335)	[00:00:00.000885,00:00:00.007639]
7.4 freezing                                	   2413	00:00:00.000359	(00:00:00.000000 +- 00:00:00.000000)	[00:00:00.000000,00:00:00.000004]
7.5 convert to posegraph loop-closure frames	     24	00:00:00.051432	(00:00:00.002143 +- 00:00:00.001683)	[00:00:00.000760,00:00:00.006626]
7.6 expand                                  	   2394	00:00:01.561132	(00:00:00.000652 +- 00:00:00.000204)	[00:00:00.000183,00:00:00.001393]
I20260922 13:05:59.572152 0x1fecf6080 okvis_app_synchronous.cpp:200] Progress: 83% 
I20260922 13:06:00.630978 0x1fecf6080 okvis_app_synchronous.cpp:195] OKVIS Timing
-----------
1 DetectAndDescribe                         	   2445	00:00:04.753421	(00:00:00.001944 +- 00:00:00.000450)	[00:00:00.000934,00:00:00.004231]
2 Match                                     	   2445	00:00:13.851411	(00:00:00.005665 +- 00:00:00.001505)	[00:00:00.000630,00:00:00.018251]
2.01 match to map                           	   2444	00:00:08.350397	(00:00:00.003417 +- 00:00:00.000851)	[00:00:00.001149,00:00:00.005755]
2.02 match motion stereo                    	   2444	00:00:03.019355	(00:00:00.001235 +- 00:00:00.000341)	[00:00:00.000468,00:00:00.002219]
2.02.1 match motion stereo: prepare         	   2444	00:00:01.665399	(00:00:00.000681 +- 00:00:00.000204)	[00:00:00.000002,00:00:00.001337]
2.03 loop closure query                     	   2420	00:00:00.454754	(00:00:00.000188 +- 00:00:00.000062)	[00:00:00.000062,00:00:00.000385]
2.04 loop closure descriptor matching       	    163	00:00:00.080330	(00:00:00.000493 +- 00:00:00.000130)	[00:00:00.000104,00:00:00.000794]
2.05 loop closure ransacking                	     58	00:00:00.023490	(00:00:00.000405 +- 00:00:00.000314)	[00:00:00.000070,00:00:00.001114]
2.06 loop closure pose refinement           	     29	00:00:00.011821	(00:00:00.000408 +- 00:00:00.000983)	[00:00:00.000141,00:00:00.005601]
2.07 attempt loop closure                   	     29	00:00:00.001905	(00:00:00.000066 +- 00:00:00.000024)	[00:00:00.000034,00:00:00.000164]
2.08 add loop closure                       	     15	00:00:00.026439	(00:00:00.001763 +- 00:00:00.000456)	[00:00:00.001101,00:00:00.002436]
2.09 match loop closure                     	     15	00:00:00.044388	(00:00:00.002959 +- 00:00:00.000822)	[00:00:00.001466,00:00:00.004883]
2.10 match stereo                           	     76	00:00:00.037003	(00:00:00.000487 +- 00:00:00.000259)	[00:00:00.000087,00:00:00.001261]
3 Optimise                                  	   2444	00:00:57.456739	(00:00:00.023509 +- 00:00:00.006429)	[00:00:00.001870,00:00:00.041170]
4 Prepare publishing                        	   2444	00:00:04.027422	(00:00:00.001648 +- 00:00:00.000469)	[00:00:00.000089,00:00:00.002885]
5 Import full optimisation                  	     15	00:00:00.080521	(00:00:00.005368 +- 00:00:00.001212)	[00:00:00.003914,00:00:00.007675]
6 Visualising                               	   2444	00:00:00.000092	(00:00:00.000000 +- 00:00:00.000000)	[00:00:00.000000,00:00:00.000000]
7 Marginalise                               	   2444	00:00:07.308344	(00:00:00.002990 +- 00:00:00.001019)	[00:00:00.000004,00:00:00.010288]
7.1 check/handle lost                       	   2444	00:00:00.101375	(00:00:00.000041 +- 00:00:00.000015)	[00:00:00.000000,00:00:00.000097]
7.2 eliminate IMU frames                    	   2444	00:00:03.574654	(00:00:00.001463 +- 00:00:00.000492)	[00:00:00.000000,00:00:00.003538]
7.3 convert to posegraph                    	    144	00:00:00.333376	(00:00:00.002315 +- 00:00:00.001328)	[00:00:00.000885,00:00:00.007639]
7.4 freezing                                	   2443	00:00:00.000363	(00:00:00.000000 +- 00:00:00.000000)	[00:00:00.000000,00:00:00.000004]
7.5 convert to posegraph loop-closure frames	     24	00:00:00.051432	(00:00:00.002143 +- 00:00:00.001683)	[00:00:00.000760,00:00:00.006626]
7.6 expand                                  	   2424	00:00:01.580671	(00:00:00.000652 +- 00:00:00.000204)	[00:00:00.000183,00:00:00.001393]
I20260922 13:06:00.631089 0x1fecf6080 okvis_app_synchronous.cpp:200] Progress: 84% 
I20260922 13:06:01.645142 0x1fecf6080 okvis_app_synchronous.cpp:195] OKVIS Timing
-----------
1 DetectAndDescribe                         	   2474	00:00:04.815444	(00:00:00.001946 +- 00:00:00.000448)	[00:00:00.000934,00:00:00.004231]
2 Match                                     	   2474	00:00:14.011245	(00:00:00.005663 +- 00:00:00.001497)	[00:00:00.000630,00:00:00.018251]
2.01 match to map                           	   2473	00:00:08.445920	(00:00:00.003415 +- 00:00:00.000847)	[00:00:00.001149,00:00:00.005755]
2.02 match motion stereo                    	   2473	00:00:03.053520	(00:00:00.001235 +- 00:00:00.000339)	[00:00:00.000468,00:00:00.002219]
2.02.1 match motion stereo: prepare         	   2473	00:00:01.684987	(00:00:00.000681 +- 00:00:00.000203)	[00:00:00.000002,00:00:00.001337]
2.03 loop closure query                     	   2449	00:00:00.464862	(00:00:00.000190 +- 00:00:00.000064)	[00:00:00.000062,00:00:00.000388]
2.04 loop closure descriptor matching       	    163	00:00:00.080330	(00:00:00.000493 +- 00:00:00.000130)	[00:00:00.000104,00:00:00.000794]
2.05 loop closure ransacking                	     58	00:00:00.023490	(00:00:00.000405 +- 00:00:00.000314)	[00:00:00.000070,00:00:00.001114]
2.06 loop closure pose refinement           	     29	00:00:00.011821	(00:00:00.000408 +- 00:00:00.000983)	[00:00:00.000141,00:00:00.005601]
2.07 attempt loop closure                   	     29	00:00:00.001905	(00:00:00.000066 +- 00:00:00.000024)	[00:00:00.000034,00:00:00.000164]
2.08 add loop closure                       	     15	00:00:00.026439	(00:00:00.001763 +- 00:00:00.000456)	[00:00:00.001101,00:00:00.002436]
2.09 match loop closure                     	     15	00:00:00.044388	(00:00:00.002959 +- 00:00:00.000822)	[00:00:00.001466,00:00:00.004883]
2.10 match stereo                           	     77	00:00:00.037781	(00:00:00.000491 +- 00:00:00.000260)	[00:00:00.000087,00:00:00.001261]
3 Optimise                                  	   2473	00:00:58.178506	(00:00:00.023525 +- 00:00:00.006395)	[00:00:00.001870,00:00:00.041170]
4 Prepare publishing                        	   2473	00:00:04.074208	(00:00:00.001647 +- 00:00:00.000467)	[00:00:00.000089,00:00:00.002885]
5 Import full optimisation                  	     15	00:00:00.080521	(00:00:00.005368 +- 00:00:00.001212)	[00:00:00.003914,00:00:00.007675]
6 Visualising                               	   2473	00:00:00.000093	(00:00:00.000000 +- 00:00:00.000000)	[00:00:00.000000,00:00:00.000000]
7 Marginalise                               	   2473	00:00:07.392992	(00:00:00.002989 +- 00:00:00.001014)	[00:00:00.000004,00:00:00.010288]
7.1 check/handle lost                       	   2473	00:00:00.102561	(00:00:00.000041 +- 00:00:00.000015)	[00:00:00.000000,00:00:00.000097]
7.2 eliminate IMU frames                    	   2473	00:00:03.619701	(00:00:00.001464 +- 00:00:00.000489)	[00:00:00.000000,00:00:00.003538]
7.3 convert to posegraph                    	    144	00:00:00.333376	(00:00:00.002315 +- 00:00:00.001328)	[00:00:00.000885,00:00:00.007639]
7.4 freezing                                	   2472	00:00:00.000364	(00:00:00.000000 +- 00:00:00.000000)	[00:00:00.000000,00:00:00.000004]
7.5 convert to posegraph loop-closure frames	     24	00:00:00.051432	(00:00:00.002143 +- 00:00:00.001683)	[00:00:00.000760,00:00:00.006626]
7.6 expand                                  	   2453	00:00:01.599421	(00:00:00.000652 +- 00:00:00.000203)	[00:00:00.000183,00:00:00.001393]
I20260922 13:06:01.645254 0x1fecf6080 okvis_app_synchronous.cpp:200] Progress: 85% 
I20260922 13:06:02.841437 0x1fecf6080 okvis_app_synchronous.cpp:195] OKVIS Timing
-----------
1 DetectAndDescribe                         	   2503	00:00:04.874647	(00:00:00.001948 +- 00:00:00.000446)	[00:00:00.000934,00:00:00.004231]
2 Match                                     	   2503	00:00:14.205492	(00:00:00.005675 +- 00:00:00.001493)	[00:00:00.000630,00:00:00.018251]
2.01 match to map                           	   2502	00:00:08.568555	(00:00:00.003425 +- 00:00:00.000847)	[00:00:00.001149,00:00:00.005755]
2.02 match motion stereo                    	   2502	00:00:03.091227	(00:00:00.001236 +- 00:00:00.000337)	[00:00:00.000468,00:00:00.002219]
2.02.1 match motion stereo: prepare         	   2502	00:00:01.708357	(00:00:00.000683 +- 00:00:00.000202)	[00:00:00.000002,00:00:00.001337]
2.03 loop closure query                     	   2478	00:00:00.474507	(00:00:00.000191 +- 00:00:00.000066)	[00:00:00.000062,00:00:00.000388]
2.04 loop closure descriptor matching       	    163	00:00:00.080330	(00:00:00.000493 +- 00:00:00.000130)	[00:00:00.000104,00:00:00.000794]
2.05 loop closure ransacking                	     58	00:00:00.023490	(00:00:00.000405 +- 00:00:00.000314)	[00:00:00.000070,00:00:00.001114]
2.06 loop closure pose refinement           	     29	00:00:00.011821	(00:00:00.000408 +- 00:00:00.000983)	[00:00:00.000141,00:00:00.005601]
2.07 attempt loop closure                   	     29	00:00:00.001905	(00:00:00.000066 +- 00:00:00.000024)	[00:00:00.000034,00:00:00.000164]
2.08 add loop closure                       	     15	00:00:00.026439	(00:00:00.001763 +- 00:00:00.000456)	[00:00:00.001101,00:00:00.002436]
2.09 match loop closure                     	     15	00:00:00.044388	(00:00:00.002959 +- 00:00:00.000822)	[00:00:00.001466,00:00:00.004883]
2.10 match stereo                           	     77	00:00:00.037781	(00:00:00.000491 +- 00:00:00.000260)	[00:00:00.000087,00:00:00.001261]
3 Optimise                                  	   2502	00:00:59.021004	(00:00:00.023590 +- 00:00:00.006393)	[00:00:00.001870,00:00:00.041170]
4 Prepare publishing                        	   2502	00:00:04.131884	(00:00:00.001651 +- 00:00:00.000466)	[00:00:00.000089,00:00:00.002885]
5 Import full optimisation                  	     15	00:00:00.080521	(00:00:00.005368 +- 00:00:00.001212)	[00:00:00.003914,00:00:00.007675]
6 Visualising                               	   2502	00:00:00.000094	(00:00:00.000000 +- 00:00:00.000000)	[00:00:00.000000,00:00:00.000000]
7 Marginalise                               	   2502	00:00:07.493798	(00:00:00.002995 +- 00:00:00.001010)	[00:00:00.000004,00:00:00.010288]
7.1 check/handle lost                       	   2502	00:00:00.104172	(00:00:00.000042 +- 00:00:00.000015)	[00:00:00.000000,00:00:00.000097]
7.2 eliminate IMU frames                    	   2502	00:00:03.671862	(00:00:00.001468 +- 00:00:00.000490)	[00:00:00.000000,00:00:00.003538]
7.3 convert to posegraph                    	    145	00:00:00.335238	(00:00:00.002312 +- 00:00:00.001323)	[00:00:00.000885,00:00:00.007639]
7.4 freezing                                	   2501	00:00:00.000367	(00:00:00.000000 +- 00:00:00.000000)	[00:00:00.000000,00:00:00.000004]
7.5 convert to posegraph loop-closure frames	     24	00:00:00.051432	(00:00:00.002143 +- 00:00:00.001683)	[00:00:00.000760,00:00:00.006626]
7.6 expand                                  	   2482	00:00:01.621582	(00:00:00.000653 +- 00:00:00.000202)	[00:00:00.000183,00:00:00.001393]
I20260922 13:06:02.841554 0x1fecf6080 okvis_app_synchronous.cpp:200] Progress: 86% 
I20260922 13:06:03.926233 0x1fecf6080 okvis_app_synchronous.cpp:195] OKVIS Timing
-----------
1 DetectAndDescribe                         	   2532	00:00:04.934395	(00:00:00.001949 +- 00:00:00.000443)	[00:00:00.000934,00:00:00.004231]
2 Match                                     	   2532	00:00:14.384840	(00:00:00.005681 +- 00:00:00.001487)	[00:00:00.000630,00:00:00.018251]
2.01 match to map                           	   2531	00:00:08.671775	(00:00:00.003426 +- 00:00:00.000843)	[00:00:00.001149,00:00:00.005755]
2.02 match motion stereo                    	   2531	00:00:03.125422	(00:00:00.001235 +- 00:00:00.000335)	[00:00:00.000468,00:00:00.002219]
2.02.1 match motion stereo: prepare         	   2531	00:00:01.729453	(00:00:00.000683 +- 00:00:00.000201)	[00:00:00.000002,00:00:00.001337]
2.03 loop closure query                     	   2507	00:00:00.484381	(00:00:00.000193 +- 00:00:00.000067)	[00:00:00.000062,00:00:00.000422]
2.04 loop closure descriptor matching       	    174	00:00:00.085930	(00:00:00.000494 +- 00:00:00.000126)	[00:00:00.000104,00:00:00.000794]
2.05 loop closure ransacking                	     69	00:00:00.029126	(00:00:00.000422 +- 00:00:00.000295)	[00:00:00.000070,00:00:00.001114]
2.06 loop closure pose refinement           	     29	00:00:00.011821	(00:00:00.000408 +- 00:00:00.000983)	[00:00:00.000141,00:00:00.005601]
2.07 attempt loop closure                   	     29	00:00:00.001905	(00:00:00.000066 +- 00:00:00.000024)	[00:00:00.000034,00:00:00.000164]
2.08 add loop closure                       	     15	00:00:00.026439	(00:00:00.001763 +- 00:00:00.000456)	[00:00:00.001101,00:00:00.002436]
2.09 match loop closure                     	     15	00:00:00.044388	(00:00:00.002959 +- 00:00:00.000822)	[00:00:00.001466,00:00:00.004883]
2.10 match stereo                           	     77	00:00:00.037781	(00:00:00.000491 +- 00:00:00.000260)	[00:00:00.000087,00:00:00.001261]
3 Optimise                                  	   2531	00:00:59.788429	(00:00:00.023622 +- 00:00:00.006366)	[00:00:00.001870,00:00:00.041170]
4 Prepare publishing                        	   2531	00:00:04.181979	(00:00:00.001652 +- 00:00:00.000463)	[00:00:00.000089,00:00:00.002885]
5 Import full optimisation                  	     15	00:00:00.080521	(00:00:00.005368 +- 00:00:00.001212)	[00:00:00.003914,00:00:00.007675]
6 Visualising                               	   2531	00:00:00.000095	(00:00:00.000000 +- 00:00:00.000000)	[00:00:00.000000,00:00:00.000000]
7 Marginalise                               	   2531	00:00:07.580678	(00:00:00.002995 +- 00:00:00.001004)	[00:00:00.000004,00:00:00.010288]
7.1 check/handle lost                       	   2531	00:00:00.105322	(00:00:00.000042 +- 00:00:00.000015)	[00:00:00.000000,00:00:00.000097]
7.2 eliminate IMU frames                    	   2531	00:00:03.716788	(00:00:00.001469 +- 00:00:00.000487)	[00:00:00.000000,00:00:00.003538]
7.3 convert to posegraph                    	    145	00:00:00.335238	(00:00:00.002312 +- 00:00:00.001323)	[00:00:00.000885,00:00:00.007639]
7.4 freezing                                	   2530	00:00:00.000368	(00:00:00.000000 +- 00:00:00.000000)	[00:00:00.000000,00:00:00.000004]
7.5 convert to posegraph loop-closure frames	     24	00:00:00.051432	(00:00:00.002143 +- 00:00:00.001683)	[00:00:00.000760,00:00:00.006626]
7.6 expand                                  	   2511	00:00:01.641609	(00:00:00.000654 +- 00:00:00.000201)	[00:00:00.000183,00:00:00.001393]
I20260922 13:06:03.926354 0x1fecf6080 okvis_app_synchronous.cpp:200] Progress: 87% 
I20260922 13:06:03.985708 0x1fecf6080 Frontend.cpp:1678] Running RANSAC also with uninitialised landmarks
I20260922 13:06:03.986846 0x1fecf6080 Frontend.cpp:946] LOOP CLOSURE: current frame 2534, matching to keyframe 609, 44 matches, p=0.41588.
I20260922 13:06:05.006054 0x1fecf6080 okvis_app_synchronous.cpp:195] OKVIS Timing
-----------
1 DetectAndDescribe                         	   2561	00:00:04.993187	(00:00:00.001950 +- 00:00:00.000441)	[00:00:00.000934,00:00:00.004231]
2 Match                                     	   2561	00:00:14.574778	(00:00:00.005691 +- 00:00:00.001487)	[00:00:00.000630,00:00:00.018251]
2.01 match to map                           	   2560	00:00:08.786900	(00:00:00.003432 +- 00:00:00.000842)	[00:00:00.001149,00:00:00.005755]
2.02 match motion stereo                    	   2560	00:00:03.160244	(00:00:00.001234 +- 00:00:00.000334)	[00:00:00.000468,00:00:00.002219]
2.02.1 match motion stereo: prepare         	   2560	00:00:01.749846	(00:00:00.000684 +- 00:00:00.000200)	[00:00:00.000002,00:00:00.001337]
2.03 loop closure query                     	   2534	00:00:00.493546	(00:00:00.000195 +- 00:00:00.000069)	[00:00:00.000062,00:00:00.000422]
2.04 loop closure descriptor matching       	    176	00:00:00.086984	(00:00:00.000494 +- 00:00:00.000125)	[00:00:00.000104,00:00:00.000794]
2.05 loop closure ransacking                	     71	00:00:00.029514	(00:00:00.000416 +- 00:00:00.000293)	[00:00:00.000070,00:00:00.001114]
2.06 loop closure pose refinement           	     30	00:00:00.012038	(00:00:00.000401 +- 00:00:00.000967)	[00:00:00.000141,00:00:00.005601]
2.07 attempt loop closure                   	     30	00:00:00.001992	(00:00:00.000066 +- 00:00:00.000024)	[00:00:00.000034,00:00:00.000164]
2.08 add loop closure                       	     16	00:00:00.027165	(00:00:00.001698 +- 00:00:00.000508)	[00:00:00.000726,00:00:00.002436]
2.09 match loop closure                     	     16	00:00:00.047451	(00:00:00.002966 +- 00:00:00.000797)	[00:00:00.001466,00:00:00.004883]
2.10 match stereo                           	     78	00:00:00.038473	(00:00:00.000493 +- 00:00:00.000259)	[00:00:00.000087,00:00:00.001261]
3 Optimise                                  	   2560	00:01:00.526713	(00:00:00.023643 +- 00:00:00.006338)	[00:00:00.001870,00:00:00.041170]
4 Prepare publishing                        	   2560	00:00:04.232657	(00:00:00.001653 +- 00:00:00.000461)	[00:00:00.000089,00:00:00.002885]
5 Import full optimisation                  	     16	00:00:00.084338	(00:00:00.005271 +- 00:00:00.001232)	[00:00:00.003817,00:00:00.007675]
6 Visualising                               	   2560	00:00:00.000096	(00:00:00.000000 +- 00:00:00.000000)	[00:00:00.000000,00:00:00.000000]
7 Marginalise                               	   2560	00:00:07.676673	(00:00:00.002999 +- 00:00:00.001003)	[00:00:00.000004,00:00:00.010288]
7.1 check/handle lost                       	   2560	00:00:00.106619	(00:00:00.000042 +- 00:00:00.000015)	[00:00:00.000000,00:00:00.000097]
7.2 eliminate IMU frames                    	   2560	00:00:03.761716	(00:00:00.001469 +- 00:00:00.000486)	[00:00:00.000000,00:00:00.003538]
7.3 convert to posegraph                    	    147	00:00:00.341887	(00:00:00.002326 +- 00:00:00.001323)	[00:00:00.000885,00:00:00.007639]
7.4 freezing                                	   2559	00:00:00.000371	(00:00:00.000000 +- 00:00:00.000000)	[00:00:00.000000,00:00:00.000004]
7.5 convert to posegraph loop-closure frames	     26	00:00:00.053702	(00:00:00.002065 +- 00:00:00.001639)	[00:00:00.000760,00:00:00.006626]
7.6 expand                                  	   2540	00:00:01.661591	(00:00:00.000654 +- 00:00:00.000200)	[00:00:00.000183,00:00:00.001393]
I20260922 13:06:05.006136 0x1fecf6080 okvis_app_synchronous.cpp:200] Progress: 88% 
I20260922 13:06:05.996228 0x1fecf6080 okvis_app_synchronous.cpp:195] OKVIS Timing
-----------
1 DetectAndDescribe                         	   2590	00:00:05.044965	(00:00:00.001948 +- 00:00:00.000439)	[00:00:00.000934,00:00:00.004231]
2 Match                                     	   2590	00:00:14.740104	(00:00:00.005691 +- 00:00:00.001479)	[00:00:00.000630,00:00:00.018251]
2.01 match to map                           	   2589	00:00:08.887833	(00:00:00.003433 +- 00:00:00.000838)	[00:00:00.001149,00:00:00.005755]
2.02 match motion stereo                    	   2589	00:00:03.195566	(00:00:00.001234 +- 00:00:00.000332)	[00:00:00.000468,00:00:00.002219]
2.02.1 match motion stereo: prepare         	   2589	00:00:01.769227	(00:00:00.000683 +- 00:00:00.000199)	[00:00:00.000002,00:00:00.001337]
2.03 loop closure query                     	   2563	00:00:00.501973	(00:00:00.000196 +- 00:00:00.000069)	[00:00:00.000062,00:00:00.000422]
2.04 loop closure descriptor matching       	    176	00:00:00.086984	(00:00:00.000494 +- 00:00:00.000125)	[00:00:00.000104,00:00:00.000794]
2.05 loop closure ransacking                	     71	00:00:00.029514	(00:00:00.000416 +- 00:00:00.000293)	[00:00:00.000070,00:00:00.001114]
2.06 loop closure pose refinement           	     30	00:00:00.012038	(00:00:00.000401 +- 00:00:00.000967)	[00:00:00.000141,00:00:00.005601]
2.07 attempt loop closure                   	     30	00:00:00.001992	(00:00:00.000066 +- 00:00:00.000024)	[00:00:00.000034,00:00:00.000164]
2.08 add loop closure                       	     16	00:00:00.027165	(00:00:00.001698 +- 00:00:00.000508)	[00:00:00.000726,00:00:00.002436]
2.09 match loop closure                     	     16	00:00:00.047451	(00:00:00.002966 +- 00:00:00.000797)	[00:00:00.001466,00:00:00.004883]
2.10 match stereo                           	     79	00:00:00.038904	(00:00:00.000492 +- 00:00:00.000257)	[00:00:00.000087,00:00:00.001261]
3 Optimise                                  	   2589	00:01:01.225351	(00:00:00.023648 +- 00:00:00.006304)	[00:00:00.001870,00:00:00.041170]
4 Prepare publishing                        	   2589	00:00:04.278355	(00:00:00.001653 +- 00:00:00.000459)	[00:00:00.000089,00:00:00.002885]
5 Import full optimisation                  	     16	00:00:00.084338	(00:00:00.005271 +- 00:00:00.001232)	[00:00:00.003817,00:00:00.007675]
6 Visualising                               	   2589	00:00:00.000097	(00:00:00.000000 +- 00:00:00.000000)	[00:00:00.000000,00:00:00.000000]
7 Marginalise                               	   2589	00:00:07.756449	(00:00:00.002996 +- 00:00:00.000998)	[00:00:00.000004,00:00:00.010288]
7.1 check/handle lost                       	   2589	00:00:00.107608	(00:00:00.000042 +- 00:00:00.000015)	[00:00:00.000000,00:00:00.000097]
7.2 eliminate IMU frames                    	   2589	00:00:03.801587	(00:00:00.001468 +- 00:00:00.000484)	[00:00:00.000000,00:00:00.003538]
7.3 convert to posegraph                    	    148	00:00:00.343694	(00:00:00.002322 +- 00:00:00.001319)	[00:00:00.000885,00:00:00.007639]
7.4 freezing                                	   2588	00:00:00.000374	(00:00:00.000000 +- 00:00:00.000000)	[00:00:00.000000,00:00:00.000004]
7.5 convert to posegraph loop-closure frames	     26	00:00:00.053702	(00:00:00.002065 +- 00:00:00.001639)	[00:00:00.000760,00:00:00.006626]
7.6 expand                                  	   2569	00:00:01.679632	(00:00:00.000654 +- 00:00:00.000199)	[00:00:00.000183,00:00:00.001393]
I20260922 13:06:05.996336 0x1fecf6080 okvis_app_synchronous.cpp:200] Progress: 89% 
I20260922 13:06:06.952978 0x1fecf6080 okvis_app_synchronous.cpp:195] OKVIS Timing
-----------
1 DetectAndDescribe                         	   2619	00:00:05.091331	(00:00:00.001944 +- 00:00:00.000438)	[00:00:00.000934,00:00:00.004231]
2 Match                                     	   2619	00:00:14.897902	(00:00:00.005688 +- 00:00:00.001472)	[00:00:00.000630,00:00:00.018251]
2.01 match to map                           	   2618	00:00:08.982954	(00:00:00.003431 +- 00:00:00.000834)	[00:00:00.001149,00:00:00.005755]
2.02 match motion stereo                    	   2618	00:00:03.231377	(00:00:00.001234 +- 00:00:00.000331)	[00:00:00.000468,00:00:00.002219]
2.02.1 match motion stereo: prepare         	   2618	00:00:01.787679	(00:00:00.000683 +- 00:00:00.000198)	[00:00:00.000002,00:00:00.001337]
2.03 loop closure query                     	   2592	00:00:00.509794	(00:00:00.000197 +- 00:00:00.000069)	[00:00:00.000062,00:00:00.000422]
2.04 loop closure descriptor matching       	    176	00:00:00.086984	(00:00:00.000494 +- 00:00:00.000125)	[00:00:00.000104,00:00:00.000794]
2.05 loop closure ransacking                	     71	00:00:00.029514	(00:00:00.000416 +- 00:00:00.000293)	[00:00:00.000070,00:00:00.001114]
2.06 loop closure pose refinement           	     30	00:00:00.012038	(00:00:00.000401 +- 00:00:00.000967)	[00:00:00.000141,00:00:00.005601]
2.07 attempt loop closure                   	     30	00:00:00.001992	(00:00:00.000066 +- 00:00:00.000024)	[00:00:00.000034,00:00:00.000164]
2.08 add loop closure                       	     16	00:00:00.027165	(00:00:00.001698 +- 00:00:00.000508)	[00:00:00.000726,00:00:00.002436]
2.09 match loop closure                     	     16	00:00:00.047451	(00:00:00.002966 +- 00:00:00.000797)	[00:00:00.001466,00:00:00.004883]
2.10 match stereo                           	     80	00:00:00.039224	(00:00:00.000490 +- 00:00:00.000256)	[00:00:00.000087,00:00:00.001261]
3 Optimise                                  	   2618	00:01:01.903951	(00:00:00.023646 +- 00:00:00.006270)	[00:00:00.001870,00:00:00.041170]
4 Prepare publishing                        	   2618	00:00:04.321865	(00:00:00.001651 +- 00:00:00.000457)	[00:00:00.000089,00:00:00.002885]
5 Import full optimisation                  	     16	00:00:00.084338	(00:00:00.005271 +- 00:00:00.001232)	[00:00:00.003817,00:00:00.007675]
6 Visualising                               	   2618	00:00:00.000098	(00:00:00.000000 +- 00:00:00.000000)	[00:00:00.000000,00:00:00.000000]
7 Marginalise                               	   2618	00:00:07.831817	(00:00:00.002992 +- 00:00:00.000994)	[00:00:00.000004,00:00:00.010288]
7.1 check/handle lost                       	   2618	00:00:00.108491	(00:00:00.000041 +- 00:00:00.000015)	[00:00:00.000000,00:00:00.000097]
7.2 eliminate IMU frames                    	   2618	00:00:03.838128	(00:00:00.001466 +- 00:00:00.000483)	[00:00:00.000000,00:00:00.003538]
7.3 convert to posegraph                    	    149	00:00:00.346258	(00:00:00.002324 +- 00:00:00.001315)	[00:00:00.000885,00:00:00.007639]
7.4 freezing                                	   2617	00:00:00.000376	(00:00:00.000000 +- 00:00:00.000000)	[00:00:00.000000,00:00:00.000004]
7.5 convert to posegraph loop-closure frames	     26	00:00:00.053702	(00:00:00.002065 +- 00:00:00.001639)	[00:00:00.000760,00:00:00.006626]
7.6 expand                                  	   2598	00:00:01.696857	(00:00:00.000653 +- 00:00:00.000198)	[00:00:00.000183,00:00:00.001393]
I20260922 13:06:06.953097 0x1fecf6080 okvis_app_synchronous.cpp:200] Progress: 90% 
I20260922 13:06:07.896237 0x1fecf6080 okvis_app_synchronous.cpp:195] OKVIS Timing
-----------
1 DetectAndDescribe                         	   2648	00:00:05.140414	(00:00:00.001941 +- 00:00:00.000437)	[00:00:00.000934,00:00:00.004231]
2 Match                                     	   2648	00:00:15.063163	(00:00:00.005689 +- 00:00:00.001465)	[00:00:00.000630,00:00:00.018251]
2.01 match to map                           	   2647	00:00:09.080599	(00:00:00.003431 +- 00:00:00.000830)	[00:00:00.001149,00:00:00.005755]
2.02 match motion stereo                    	   2647	00:00:03.268760	(00:00:00.001235 +- 00:00:00.000330)	[00:00:00.000468,00:00:00.002219]
2.02.1 match motion stereo: prepare         	   2647	00:00:01.807284	(00:00:00.000683 +- 00:00:00.000197)	[00:00:00.000002,00:00:00.001337]
2.03 loop closure query                     	   2621	00:00:00.518176	(00:00:00.000198 +- 00:00:00.000069)	[00:00:00.000062,00:00:00.000423]
2.04 loop closure descriptor matching       	    176	00:00:00.086984	(00:00:00.000494 +- 00:00:00.000125)	[00:00:00.000104,00:00:00.000794]
2.05 loop closure ransacking                	     71	00:00:00.029514	(00:00:00.000416 +- 00:00:00.000293)	[00:00:00.000070,00:00:00.001114]
2.06 loop closure pose refinement           	     30	00:00:00.012038	(00:00:00.000401 +- 00:00:00.000967)	[00:00:00.000141,00:00:00.005601]
2.07 attempt loop closure                   	     30	00:00:00.001992	(00:00:00.000066 +- 00:00:00.000024)	[00:00:00.000034,00:00:00.000164]
2.08 add loop closure                       	     16	00:00:00.027165	(00:00:00.001698 +- 00:00:00.000508)	[00:00:00.000726,00:00:00.002436]
2.09 match loop closure                     	     16	00:00:00.047451	(00:00:00.002966 +- 00:00:00.000797)	[00:00:00.001466,00:00:00.004883]
2.10 match stereo                           	     82	00:00:00.040201	(00:00:00.000490 +- 00:00:00.000253)	[00:00:00.000087,00:00:00.001261]
3 Optimise                                  	   2647	00:01:02.553777	(00:00:00.023632 +- 00:00:00.006242)	[00:00:00.001870,00:00:00.041170]
4 Prepare publishing                        	   2647	00:00:04.366431	(00:00:00.001650 +- 00:00:00.000454)	[00:00:00.000089,00:00:00.002885]
5 Import full optimisation                  	     16	00:00:00.084338	(00:00:00.005271 +- 00:00:00.001232)	[00:00:00.003817,00:00:00.007675]
6 Visualising                               	   2647	00:00:00.000098	(00:00:00.000000 +- 00:00:00.000000)	[00:00:00.000000,00:00:00.000000]
7 Marginalise                               	   2647	00:00:07.914539	(00:00:00.002990 +- 00:00:00.000989)	[00:00:00.000004,00:00:00.010288]
7.1 check/handle lost                       	   2647	00:00:00.109535	(00:00:00.000041 +- 00:00:00.000015)	[00:00:00.000000,00:00:00.000097]
7.2 eliminate IMU frames                    	   2647	00:00:03.876651	(00:00:00.001465 +- 00:00:00.000482)	[00:00:00.000000,00:00:00.003538]
7.3 convert to posegraph                    	    151	00:00:00.351665	(00:00:00.002329 +- 00:00:00.001307)	[00:00:00.000885,00:00:00.007639]
7.4 freezing                                	   2646	00:00:00.000380	(00:00:00.000000 +- 00:00:00.000000)	[00:00:00.000000,00:00:00.000004]
7.5 convert to posegraph loop-closure frames	     26	00:00:00.053702	(00:00:00.002065 +- 00:00:00.001639)	[00:00:00.000760,00:00:00.006626]
7.6 expand                                  	   2627	00:00:01.715165	(00:00:00.000653 +- 00:00:00.000197)	[00:00:00.000183,00:00:00.001393]
I20260922 13:06:07.896357 0x1fecf6080 okvis_app_synchronous.cpp:200] Progress: 91% 
I20260922 13:06:08.808545 0x1fecf6080 okvis_app_synchronous.cpp:195] OKVIS Timing
-----------
1 DetectAndDescribe                         	   2678	00:00:05.192082	(00:00:00.001939 +- 00:00:00.000435)	[00:00:00.000934,00:00:00.004231]
2 Match                                     	   2678	00:00:15.223474	(00:00:00.005685 +- 00:00:00.001458)	[00:00:00.000630,00:00:00.018251]
2.01 match to map                           	   2677	00:00:09.174006	(00:00:00.003427 +- 00:00:00.000827)	[00:00:00.001149,00:00:00.005755]
2.02 match motion stereo                    	   2677	00:00:03.306750	(00:00:00.001235 +- 00:00:00.000328)	[00:00:00.000468,00:00:00.002219]
2.02.1 match motion stereo: prepare         	   2677	00:00:01.826236	(00:00:00.000682 +- 00:00:00.000196)	[00:00:00.000002,00:00:00.001337]
2.03 loop closure query                     	   2651	00:00:00.527150	(00:00:00.000199 +- 00:00:00.000070)	[00:00:00.000062,00:00:00.000423]
2.04 loop closure descriptor matching       	    176	00:00:00.086984	(00:00:00.000494 +- 00:00:00.000125)	[00:00:00.000104,00:00:00.000794]
2.05 loop closure ransacking                	     71	00:00:00.029514	(00:00:00.000416 +- 00:00:00.000293)	[00:00:00.000070,00:00:00.001114]
2.06 loop closure pose refinement           	     30	00:00:00.012038	(00:00:00.000401 +- 00:00:00.000967)	[00:00:00.000141,00:00:00.005601]
2.07 attempt loop closure                   	     30	00:00:00.001992	(00:00:00.000066 +- 00:00:00.000024)	[00:00:00.000034,00:00:00.000164]
2.08 add loop closure                       	     16	00:00:00.027165	(00:00:00.001698 +- 00:00:00.000508)	[00:00:00.000726,00:00:00.002436]
2.09 match loop closure                     	     16	00:00:00.047451	(00:00:00.002966 +- 00:00:00.000797)	[00:00:00.001466,00:00:00.004883]
2.10 match stereo                           	     84	00:00:00.041147	(00:00:00.000490 +- 00:00:00.000250)	[00:00:00.000087,00:00:00.001261]
3 Optimise                                  	   2677	00:01:03.182989	(00:00:00.023602 +- 00:00:00.006217)	[00:00:00.001870,00:00:00.041170]
4 Prepare publishing                        	   2677	00:00:04.409265	(00:00:00.001647 +- 00:00:00.000453)	[00:00:00.000089,00:00:00.002885]
5 Import full optimisation                  	     16	00:00:00.084338	(00:00:00.005271 +- 00:00:00.001232)	[00:00:00.003817,00:00:00.007675]
6 Visualising                               	   2677	00:00:00.000099	(00:00:00.000000 +- 00:00:00.000000)	[00:00:00.000000,00:00:00.000000]
7 Marginalise                               	   2677	00:00:07.993477	(00:00:00.002986 +- 00:00:00.000985)	[00:00:00.000004,00:00:00.010288]
7.1 check/handle lost                       	   2677	00:00:00.110509	(00:00:00.000041 +- 00:00:00.000015)	[00:00:00.000000,00:00:00.000097]
7.2 eliminate IMU frames                    	   2677	00:00:03.914216	(00:00:00.001462 +- 00:00:00.000481)	[00:00:00.000000,00:00:00.003538]
7.3 convert to posegraph                    	    153	00:00:00.355370	(00:00:00.002323 +- 00:00:00.001300)	[00:00:00.000885,00:00:00.007639]
7.4 freezing                                	   2676	00:00:00.000385	(00:00:00.000000 +- 00:00:00.000000)	[00:00:00.000000,00:00:00.000004]
7.5 convert to posegraph loop-closure frames	     26	00:00:00.053702	(00:00:00.002065 +- 00:00:00.001639)	[00:00:00.000760,00:00:00.006626]
7.6 expand                                  	   2657	00:00:01.733032	(00:00:00.000652 +- 00:00:00.000196)	[00:00:00.000183,00:00:00.001393]
I20260922 13:06:08.808657 0x1fecf6080 okvis_app_synchronous.cpp:200] Progress: 92% 
I20260922 13:06:09.411926 0x1fecf6080 Frontend.cpp:1678] Running RANSAC also with uninitialised landmarks
I20260922 13:06:09.413052 0x1fecf6080 Frontend.cpp:946] LOOP CLOSURE: current frame 2697, matching to keyframe 271, 71 matches, p=0.418076.
I20260922 13:06:09.783795 0x1fecf6080 okvis_app_synchronous.cpp:195] OKVIS Timing
-----------
1 DetectAndDescribe                         	   2707	00:00:05.246118	(00:00:00.001938 +- 00:00:00.000433)	[00:00:00.000934,00:00:00.004231]
2 Match                                     	   2707	00:00:15.400921	(00:00:00.005689 +- 00:00:00.001465)	[00:00:00.000630,00:00:00.018251]
2.01 match to map                           	   2706	00:00:09.265523	(00:00:00.003424 +- 00:00:00.000823)	[00:00:00.001149,00:00:00.005755]
2.02 match motion stereo                    	   2706	00:00:03.349777	(00:00:00.001238 +- 00:00:00.000328)	[00:00:00.000468,00:00:00.002219]
2.02.1 match motion stereo: prepare         	   2706	00:00:01.847059	(00:00:00.000683 +- 00:00:00.000195)	[00:00:00.000002,00:00:00.001337]
2.03 loop closure query                     	   2678	00:00:00.536190	(00:00:00.000200 +- 00:00:00.000071)	[00:00:00.000062,00:00:00.000427]
2.04 loop closure descriptor matching       	    177	00:00:00.087393	(00:00:00.000494 +- 00:00:00.000125)	[00:00:00.000104,00:00:00.000794]
2.05 loop closure ransacking                	     72	00:00:00.029591	(00:00:00.000411 +- 00:00:00.000294)	[00:00:00.000070,00:00:00.001114]
2.06 loop closure pose refinement           	     31	00:00:00.012274	(00:00:00.000396 +- 00:00:00.000951)	[00:00:00.000141,00:00:00.005601]
2.07 attempt loop closure                   	     31	00:00:00.002083	(00:00:00.000067 +- 00:00:00.000024)	[00:00:00.000034,00:00:00.000164]
2.08 add loop closure                       	     17	00:00:00.029832	(00:00:00.001755 +- 00:00:00.000543)	[00:00:00.000726,00:00:00.002667]
2.09 match loop closure                     	     17	00:00:00.051963	(00:00:00.003057 +- 00:00:00.000854)	[00:00:00.001466,00:00:00.004883]
2.10 match stereo                           	     90	00:00:00.043846	(00:00:00.000487 +- 00:00:00.000247)	[00:00:00.000087,00:00:00.001261]
3 Optimise                                  	   2706	00:01:03.827765	(00:00:00.023587 +- 00:00:00.006193)	[00:00:00.001870,00:00:00.041170]
4 Prepare publishing                        	   2706	00:00:04.456051	(00:00:00.001647 +- 00:00:00.000451)	[00:00:00.000089,00:00:00.002885]
5 Import full optimisation                  	     17	00:00:00.090726	(00:00:00.005337 +- 00:00:00.001224)	[00:00:00.003817,00:00:00.007675]
6 Visualising                               	   2706	00:00:00.000100	(00:00:00.000000 +- 00:00:00.000000)	[00:00:00.000000,00:00:00.000000]
7 Marginalise                               	   2706	00:00:08.093142	(00:00:00.002991 +- 00:00:00.000994)	[00:00:00.000004,00:00:00.010288]
7.1 check/handle lost                       	   2706	00:00:00.111419	(00:00:00.000041 +- 00:00:00.000015)	[00:00:00.000000,00:00:00.000097]
7.2 eliminate IMU frames                    	   2706	00:00:03.948857	(00:00:00.001459 +- 00:00:00.000483)	[00:00:00.000000,00:00:00.003538]
7.3 convert to posegraph                    	    159	00:00:00.371727	(00:00:00.002338 +- 00:00:00.001296)	[00:00:00.000885,00:00:00.007639]
7.4 freezing                                	   2705	00:00:00.000396	(00:00:00.000000 +- 00:00:00.000000)	[00:00:00.000000,00:00:00.000004]
7.5 convert to posegraph loop-closure frames	     28	00:00:00.060761	(00:00:00.002170 +- 00:00:00.001736)	[00:00:00.000760,00:00:00.006626]
7.6 expand                                  	   2684	00:00:01.751787	(00:00:00.000653 +- 00:00:00.000196)	[00:00:00.000183,00:00:00.001393]
I20260922 13:06:09.783957 0x1fecf6080 okvis_app_synchronous.cpp:200] Progress: 93% 
I20260922 13:06:09.960992 0x1fecf6080 ViSlamBackend.cpp:2179] 2713->2340 : Skip loop closure (heuristic consistency).
I20260922 13:06:09.961023 0x1fecf6080 ViSlamBackend.cpp:2181] Rel. pos. err. 0.0226522 vs budget 0.0603546 m/m, rel. or. err. 0.00226356 vs budget 0.00191186 rad/kf
I20260922 13:06:09.961030 0x1fecf6080 ViSlamBackend.cpp:2185] dist. travelled 3.95822 m, no. steps 7
I20260922 13:06:10.686356 0x1fecf6080 Frontend.cpp:946] LOOP CLOSURE: current frame 2735, matching to keyframe 465, 47 matches, p=0.410179.
I20260922 13:06:10.746525 0x1fecf6080 okvis_app_synchronous.cpp:195] OKVIS Timing
-----------
1 DetectAndDescribe                         	   2736	00:00:05.304213	(00:00:00.001939 +- 00:00:00.000431)	[00:00:00.000934,00:00:00.004231]
2 Match                                     	   2736	00:00:15.584703	(00:00:00.005696 +- 00:00:00.001465)	[00:00:00.000630,00:00:00.018251]
2.01 match to map                           	   2735	00:00:09.363048	(00:00:00.003423 +- 00:00:00.000820)	[00:00:00.001149,00:00:00.005755]
2.02 match motion stereo                    	   2735	00:00:03.392024	(00:00:00.001240 +- 00:00:00.000328)	[00:00:00.000468,00:00:00.002219]
2.02.1 match motion stereo: prepare         	   2735	00:00:01.868610	(00:00:00.000683 +- 00:00:00.000195)	[00:00:00.000002,00:00:00.001337]
2.03 loop closure query                     	   2706	00:00:00.547040	(00:00:00.000202 +- 00:00:00.000073)	[00:00:00.000062,00:00:00.000452]
2.04 loop closure descriptor matching       	    180	00:00:00.088763	(00:00:00.000493 +- 00:00:00.000124)	[00:00:00.000104,00:00:00.000794]
2.05 loop closure ransacking                	     75	00:00:00.030252	(00:00:00.000403 +- 00:00:00.000291)	[00:00:00.000070,00:00:00.001114]
2.06 loop closure pose refinement           	     33	00:00:00.012684	(00:00:00.000384 +- 00:00:00.000923)	[00:00:00.000141,00:00:00.005601]
2.07 attempt loop closure                   	     33	00:00:00.002218	(00:00:00.000067 +- 00:00:00.000024)	[00:00:00.000034,00:00:00.000164]
2.08 add loop closure                       	     18	00:00:00.031987	(00:00:00.001777 +- 00:00:00.000536)	[00:00:00.000726,00:00:00.002667]
2.09 match loop closure                     	     18	00:00:00.054760	(00:00:00.003042 +- 00:00:00.000832)	[00:00:00.001466,00:00:00.004883]
2.10 match stereo                           	     92	00:00:00.044676	(00:00:00.000486 +- 00:00:00.000244)	[00:00:00.000087,00:00:00.001261]
3 Optimise                                  	   2735	00:01:04.458641	(00:00:00.023568 +- 00:00:00.006173)	[00:00:00.001870,00:00:00.041170]
4 Prepare publishing                        	   2735	00:00:04.503595	(00:00:00.001647 +- 00:00:00.000449)	[00:00:00.000089,00:00:00.002885]
5 Import full optimisation                  	     17	00:00:00.090726	(00:00:00.005337 +- 00:00:00.001224)	[00:00:00.003817,00:00:00.007675]
6 Visualising                               	   2735	00:00:00.000101	(00:00:00.000000 +- 00:00:00.000000)	[00:00:00.000000,00:00:00.000000]
7 Marginalise                               	   2735	00:00:08.188078	(00:00:00.002994 +- 00:00:00.000993)	[00:00:00.000004,00:00:00.010288]
7.1 check/handle lost                       	   2735	00:00:00.112537	(00:00:00.000041 +- 00:00:00.000015)	[00:00:00.000000,00:00:00.000097]
7.2 eliminate IMU frames                    	   2735	00:00:03.989248	(00:00:00.001459 +- 00:00:00.000483)	[00:00:00.000000,00:00:00.003538]
7.3 convert to posegraph                    	    162	00:00:00.378156	(00:00:00.002334 +- 00:00:00.001285)	[00:00:00.000885,00:00:00.007639]
7.4 freezing                                	   2734	00:00:00.000401	(00:00:00.000000 +- 00:00:00.000000)	[00:00:00.000000,00:00:00.000004]
7.5 convert to posegraph loop-closure frames	     29	00:00:00.065932	(00:00:00.002274 +- 00:00:00.001791)	[00:00:00.000760,00:00:00.006626]
7.6 expand                                  	   2712	00:00:01.771543	(00:00:00.000653 +- 00:00:00.000195)	[00:00:00.000183,00:00:00.001393]
I20260922 13:06:10.746839 0x1fecf6080 okvis_app_synchronous.cpp:200] Progress: 94% 
I20260922 13:06:10.948542 0x1fecf6080 Frontend.cpp:442] 2742->1542 : Rejecting loop closure due to indistincive descriptors (139.802)
I20260922 13:06:11.693905 0x1fecf6080 okvis_app_synchronous.cpp:195] OKVIS Timing
-----------
1 DetectAndDescribe                         	   2765	00:00:05.358960	(00:00:00.001938 +- 00:00:00.000428)	[00:00:00.000934,00:00:00.004231]
2 Match                                     	   2765	00:00:15.746846	(00:00:00.005695 +- 00:00:00.001457)	[00:00:00.000630,00:00:00.018251]
2.01 match to map                           	   2764	00:00:09.453806	(00:00:00.003420 +- 00:00:00.000816)	[00:00:00.001149,00:00:00.005755]
2.02 match motion stereo                    	   2764	00:00:03.430683	(00:00:00.001241 +- 00:00:00.000326)	[00:00:00.000468,00:00:00.002219]
2.02.1 match motion stereo: prepare         	   2764	00:00:01.889125	(00:00:00.000683 +- 00:00:00.000194)	[00:00:00.000002,00:00:00.001337]
2.03 loop closure query                     	   2735	00:00:00.557253	(00:00:00.000204 +- 00:00:00.000074)	[00:00:00.000062,00:00:00.000452]
2.04 loop closure descriptor matching       	    181	00:00:00.089153	(00:00:00.000493 +- 00:00:00.000124)	[00:00:00.000104,00:00:00.000794]
2.05 loop closure ransacking                	     76	00:00:00.030383	(00:00:00.000400 +- 00:00:00.000290)	[00:00:00.000070,00:00:00.001114]
2.06 loop closure pose refinement           	     33	00:00:00.012684	(00:00:00.000384 +- 00:00:00.000923)	[00:00:00.000141,00:00:00.005601]
2.07 attempt loop closure                   	     33	00:00:00.002218	(00:00:00.000067 +- 00:00:00.000024)	[00:00:00.000034,00:00:00.000164]
2.08 add loop closure                       	     18	00:00:00.031987	(00:00:00.001777 +- 00:00:00.000536)	[00:00:00.000726,00:00:00.002667]
2.09 match loop closure                     	     18	00:00:00.054760	(00:00:00.003042 +- 00:00:00.000832)	[00:00:00.001466,00:00:00.004883]
2.10 match stereo                           	     93	00:00:00.045066	(00:00:00.000485 +- 00:00:00.000243)	[00:00:00.000087,00:00:00.001261]
3 Optimise                                  	   2764	00:01:05.072252	(00:00:00.023543 +- 00:00:00.006147)	[00:00:00.001870,00:00:00.041170]
4 Prepare publishing                        	   2764	00:00:04.549753	(00:00:00.001646 +- 00:00:00.000447)	[00:00:00.000089,00:00:00.002885]
5 Import full optimisation                  	     18	00:00:00.095810	(00:00:00.005323 +- 00:00:00.001191)	[00:00:00.003817,00:00:00.007675]
6 Visualising                               	   2764	00:00:00.000101	(00:00:00.000000 +- 00:00:00.000000)	[00:00:00.000000,00:00:00.000000]
7 Marginalise                               	   2764	00:00:08.308579	(00:00:00.003006 +- 00:00:00.000998)	[00:00:00.000004,00:00:00.010288]
7.1 check/handle lost                       	   2764	00:00:00.113468	(00:00:00.000041 +- 00:00:00.000015)	[00:00:00.000000,00:00:00.000097]
7.2 eliminate IMU frames                    	   2764	00:00:04.030632	(00:00:00.001458 +- 00:00:00.000481)	[00:00:00.000000,00:00:00.003538]
7.3 convert to posegraph                    	    191	00:00:00.415953	(00:00:00.002178 +- 00:00:00.001273)	[00:00:00.000885,00:00:00.007639]
7.4 freezing                                	   2763	00:00:00.000425	(00:00:00.000000 +- 00:00:00.000000)	[00:00:00.000000,00:00:00.000004]
7.5 convert to posegraph loop-closure frames	     29	00:00:00.065932	(00:00:00.002274 +- 00:00:00.001791)	[00:00:00.000760,00:00:00.006626]
7.6 expand                                  	   2740	00:00:01.791436	(00:00:00.000654 +- 00:00:00.000194)	[00:00:00.000183,00:00:00.001393]
I20260922 13:06:11.694036 0x1fecf6080 okvis_app_synchronous.cpp:200] Progress: 95% 
I20260922 13:06:12.173021 0x1fecf6080 ViSlamBackend.cpp:2179] 2779->3 : Skip loop closure (heuristic consistency).
I20260922 13:06:12.173048 0x1fecf6080 ViSlamBackend.cpp:2181] Rel. pos. err. 0.0415545 vs budget 0.0575471 m/m, rel. or. err. 0.00277437 vs budget 0.00203299 rad/kf
I20260922 13:06:12.173054 0x1fecf6080 ViSlamBackend.cpp:2185] dist. travelled 1.08773 m, no. steps 6
I20260922 13:06:12.385122 0x1fecf6080 ViSlamBackend.cpp:2179] 2785->3 : Skip loop closure (heuristic consistency).
I20260922 13:06:12.385149 0x1fecf6080 ViSlamBackend.cpp:2181] Rel. pos. err. 0.030322 vs budget 0.0570583 m/m, rel. or. err. 0.00220458 vs budget 0.00203299 rad/kf
I20260922 13:06:12.385158 0x1fecf6080 ViSlamBackend.cpp:2185] dist. travelled 1.12327 m, no. steps 6
I20260922 13:06:12.594864 0x1fecf6080 ViSlamBackend.cpp:2179] 2791->3 : Skip loop closure (heuristic consistency).
I20260922 13:06:12.594885 0x1fecf6080 ViSlamBackend.cpp:2181] Rel. pos. err. 0.0392342 vs budget 0.0567427 m/m, rel. or. err. 0.00270282 vs budget 0.00203299 rad/kf
I20260922 13:06:12.594890 0x1fecf6080 ViSlamBackend.cpp:2185] dist. travelled 1.14971 m, no. steps 6
I20260922 13:06:12.630828 0x1fecf6080 ViSlamBackend.cpp:2179] 2792->2 : Skip loop closure (heuristic consistency).
I20260922 13:06:12.630893 0x1fecf6080 ViSlamBackend.cpp:2181] Rel. pos. err. 0.0336809 vs budget 0.0542921 m/m, rel. or. err. 0.00212836 vs budget 0.00191186 rad/kf
I20260922 13:06:12.630899 0x1fecf6080 ViSlamBackend.cpp:2185] dist. travelled 1.15324 m, no. steps 7
I20260922 13:06:12.670545 0x1fecf6080 Frontend.cpp:1678] Running RANSAC also with uninitialised landmarks
I20260922 13:06:12.671833 0x1fecf6080 Frontend.cpp:946] LOOP CLOSURE: current frame 2793, matching to keyframe 3, 47 matches, p=0.405049.
I20260922 13:06:12.729219 0x1fecf6080 okvis_app_synchronous.cpp:195] OKVIS Timing
-----------
1 DetectAndDescribe                         	   2794	00:00:05.414376	(00:00:00.001938 +- 00:00:00.000426)	[00:00:00.000934,00:00:00.004231]
2 Match                                     	   2794	00:00:15.939864	(00:00:00.005705 +- 00:00:00.001459)	[00:00:00.000630,00:00:00.018251]
2.01 match to map                           	   2793	00:00:09.561700	(00:00:00.003423 +- 00:00:00.000813)	[00:00:00.001149,00:00:00.005755]
2.02 match motion stereo                    	   2793	00:00:03.469816	(00:00:00.001242 +- 00:00:00.000325)	[00:00:00.000468,00:00:00.002219]
2.02.1 match motion stereo: prepare         	   2793	00:00:01.910032	(00:00:00.000684 +- 00:00:00.000193)	[00:00:00.000002,00:00:00.001337]
2.03 loop closure query                     	   2763	00:00:00.566736	(00:00:00.000205 +- 00:00:00.000075)	[00:00:00.000062,00:00:00.000452]
2.04 loop closure descriptor matching       	    186	00:00:00.090383	(00:00:00.000486 +- 00:00:00.000129)	[00:00:00.000104,00:00:00.000794]
2.05 loop closure ransacking                	     81	00:00:00.030781	(00:00:00.000380 +- 00:00:00.000292)	[00:00:00.000060,00:00:00.001114]
2.06 loop closure pose refinement           	     38	00:00:00.013758	(00:00:00.000362 +- 00:00:00.000862)	[00:00:00.000141,00:00:00.005601]
2.07 attempt loop closure                   	     38	00:00:00.002578	(00:00:00.000068 +- 00:00:00.000023)	[00:00:00.000034,00:00:00.000164]
2.08 add loop closure                       	     19	00:00:00.033494	(00:00:00.001763 +- 00:00:00.000525)	[00:00:00.000726,00:00:00.002667]
2.09 match loop closure                     	     19	00:00:00.058301	(00:00:00.003068 +- 00:00:00.000818)	[00:00:00.001466,00:00:00.004883]
2.10 match stereo                           	     93	00:00:00.045066	(00:00:00.000485 +- 00:00:00.000243)	[00:00:00.000087,00:00:00.001261]
3 Optimise                                  	   2793	00:01:05.769527	(00:00:00.023548 +- 00:00:00.006119)	[00:00:00.001870,00:00:00.041170]
4 Prepare publishing                        	   2793	00:00:04.599741	(00:00:00.001647 +- 00:00:00.000444)	[00:00:00.000089,00:00:00.002885]
5 Import full optimisation                  	     18	00:00:00.095810	(00:00:00.005323 +- 00:00:00.001191)	[00:00:00.003817,00:00:00.007675]
6 Visualising                               	   2793	00:00:00.000103	(00:00:00.000000 +- 00:00:00.000000)	[00:00:00.000000,00:00:00.000000]
7 Marginalise                               	   2793	00:00:08.401561	(00:00:00.003008 +- 00:00:00.000993)	[00:00:00.000004,00:00:00.010288]
7.1 check/handle lost                       	   2793	00:00:00.114754	(00:00:00.000041 +- 00:00:00.000015)	[00:00:00.000000,00:00:00.000097]
7.2 eliminate IMU frames                    	   2793	00:00:04.074990	(00:00:00.001459 +- 00:00:00.000479)	[00:00:00.000000,00:00:00.003538]
7.3 convert to posegraph                    	    194	00:00:00.420888	(00:00:00.002170 +- 00:00:00.001267)	[00:00:00.000885,00:00:00.007639]
7.4 freezing                                	   2792	00:00:00.000429	(00:00:00.000000 +- 00:00:00.000000)	[00:00:00.000000,00:00:00.000004]
7.5 convert to posegraph loop-closure frames	     30	00:00:00.067226	(00:00:00.002241 +- 00:00:00.001770)	[00:00:00.000760,00:00:00.006626]
7.6 expand                                  	   2769	00:00:01.811545	(00:00:00.000654 +- 00:00:00.000193)	[00:00:00.000183,00:00:00.001393]
I20260922 13:06:12.729324 0x1fecf6080 okvis_app_synchronous.cpp:200] Progress: 96% 
I20260922 13:06:13.661507 0x1fecf6080 okvis_app_synchronous.cpp:195] OKVIS Timing
-----------
1 DetectAndDescribe                         	   2823	00:00:05.481952	(00:00:00.001942 +- 00:00:00.000427)	[00:00:00.000934,00:00:00.004231]
2 Match                                     	   2823	00:00:16.107309	(00:00:00.005706 +- 00:00:00.001453)	[00:00:00.000630,00:00:00.018251]
2.01 match to map                           	   2822	00:00:09.653803	(00:00:00.003421 +- 00:00:00.000810)	[00:00:00.001149,00:00:00.005755]
2.02 match motion stereo                    	   2822	00:00:03.510147	(00:00:00.001244 +- 00:00:00.000325)	[00:00:00.000468,00:00:00.002222]
2.02.1 match motion stereo: prepare         	   2822	00:00:01.930508	(00:00:00.000684 +- 00:00:00.000192)	[00:00:00.000002,00:00:00.001337]
2.03 loop closure query                     	   2792	00:00:00.578784	(00:00:00.000207 +- 00:00:00.000078)	[00:00:00.000062,00:00:00.000490]
2.04 loop closure descriptor matching       	    190	00:00:00.091848	(00:00:00.000483 +- 00:00:00.000129)	[00:00:00.000104,00:00:00.000794]
2.05 loop closure ransacking                	     81	00:00:00.030781	(00:00:00.000380 +- 00:00:00.000292)	[00:00:00.000060,00:00:00.001114]
2.06 loop closure pose refinement           	     38	00:00:00.013758	(00:00:00.000362 +- 00:00:00.000862)	[00:00:00.000141,00:00:00.005601]
2.07 attempt loop closure                   	     38	00:00:00.002578	(00:00:00.000068 +- 00:00:00.000023)	[00:00:00.000034,00:00:00.000164]
2.08 add loop closure                       	     19	00:00:00.033494	(00:00:00.001763 +- 00:00:00.000525)	[00:00:00.000726,00:00:00.002667]
2.09 match loop closure                     	     19	00:00:00.058301	(00:00:00.003068 +- 00:00:00.000818)	[00:00:00.001466,00:00:00.004883]
2.10 match stereo                           	     95	00:00:00.045704	(00:00:00.000481 +- 00:00:00.000242)	[00:00:00.000087,00:00:00.001261]
3 Optimise                                  	   2822	00:01:06.394552	(00:00:00.023527 +- 00:00:00.006096)	[00:00:00.001870,00:00:00.041170]
4 Prepare publishing                        	   2822	00:00:04.645489	(00:00:00.001646 +- 00:00:00.000442)	[00:00:00.000089,00:00:00.002885]
5 Import full optimisation                  	     19	00:00:00.100883	(00:00:00.005310 +- 00:00:00.001160)	[00:00:00.003817,00:00:00.007675]
6 Visualising                               	   2822	00:00:00.000104	(00:00:00.000000 +- 00:00:00.000000)	[00:00:00.000000,00:00:00.000000]
7 Marginalise                               	   2822	00:00:08.489988	(00:00:00.003009 +- 00:00:00.000993)	[00:00:00.000004,00:00:00.010288]
7.1 check/handle lost                       	   2822	00:00:00.115717	(00:00:00.000041 +- 00:00:00.000015)	[00:00:00.000000,00:00:00.000097]
7.2 eliminate IMU frames                    	   2822	00:00:04.115809	(00:00:00.001458 +- 00:00:00.000478)	[00:00:00.000000,00:00:00.003538]
7.3 convert to posegraph                    	    196	00:00:00.427773	(00:00:00.002183 +- 00:00:00.001272)	[00:00:00.000885,00:00:00.007639]
7.4 freezing                                	   2821	00:00:00.000433	(00:00:00.000000 +- 00:00:00.000000)	[00:00:00.000000,00:00:00.000004]
7.5 convert to posegraph loop-closure frames	     30	00:00:00.067226	(00:00:00.002241 +- 00:00:00.001770)	[00:00:00.000760,00:00:00.006626]
7.6 expand                                  	   2798	00:00:01.830837	(00:00:00.000654 +- 00:00:00.000192)	[00:00:00.000183,00:00:00.001393]
I20260922 13:06:13.661611 0x1fecf6080 okvis_app_synchronous.cpp:200] Progress: 97% 
I20260922 13:06:14.084793 0x1fecf6080 Frontend.cpp:946] LOOP CLOSURE: current frame 2836, matching to keyframe 2697, 29 matches, p=0.452387.
I20260922 13:06:14.627184 0x1fecf6080 okvis_app_synchronous.cpp:195] OKVIS Timing
-----------
1 DetectAndDescribe                         	   2852	00:00:05.562784	(00:00:00.001950 +- 00:00:00.000434)	[00:00:00.000934,00:00:00.004231]
2 Match                                     	   2852	00:00:16.308760	(00:00:00.005718 +- 00:00:00.001454)	[00:00:00.000630,00:00:00.018251]
2.01 match to map                           	   2851	00:00:09.749589	(00:00:00.003420 +- 00:00:00.000807)	[00:00:00.001149,00:00:00.005755]
2.02 match motion stereo                    	   2851	00:00:03.565218	(00:00:00.001251 +- 00:00:00.000333)	[00:00:00.000468,00:00:00.003041]
2.02.1 match motion stereo: prepare         	   2851	00:00:01.955651	(00:00:00.000686 +- 00:00:00.000192)	[00:00:00.000002,00:00:00.001337]
2.03 loop closure query                     	   2819	00:00:00.592561	(00:00:00.000210 +- 00:00:00.000083)	[00:00:00.000062,00:00:00.000588]
2.04 loop closure descriptor matching       	    199	00:00:00.096506	(00:00:00.000485 +- 00:00:00.000130)	[00:00:00.000104,00:00:00.000794]
2.05 loop closure ransacking                	     82	00:00:00.031033	(00:00:00.000378 +- 00:00:00.000290)	[00:00:00.000060,00:00:00.001114]
2.06 loop closure pose refinement           	     39	00:00:00.013892	(00:00:00.000356 +- 00:00:00.000852)	[00:00:00.000134,00:00:00.005601]
2.07 attempt loop closure                   	     39	00:00:00.002646	(00:00:00.000068 +- 00:00:00.000023)	[00:00:00.000034,00:00:00.000164]
2.08 add loop closure                       	     20	00:00:00.034271	(00:00:00.001714 +- 00:00:00.000555)	[00:00:00.000726,00:00:00.002667]
2.09 match loop closure                     	     20	00:00:00.059710	(00:00:00.002985 +- 00:00:00.000875)	[00:00:00.001409,00:00:00.004883]
2.10 match stereo                           	    103	00:00:00.049187	(00:00:00.000478 +- 00:00:00.000234)	[00:00:00.000087,00:00:00.001261]
3 Optimise                                  	   2851	00:01:06.995607	(00:00:00.023499 +- 00:00:00.006081)	[00:00:00.001870,00:00:00.041170]
4 Prepare publishing                        	   2851	00:00:04.696453	(00:00:00.001647 +- 00:00:00.000441)	[00:00:00.000089,00:00:00.002885]
5 Import full optimisation                  	     20	00:00:00.104851	(00:00:00.005243 +- 00:00:00.001168)	[00:00:00.003817,00:00:00.007675]
6 Visualising                               	   2851	00:00:00.000105	(00:00:00.000000 +- 00:00:00.000000)	[00:00:00.000000,00:00:00.000000]
7 Marginalise                               	   2851	00:00:08.597129	(00:00:00.003015 +- 00:00:00.000994)	[00:00:00.000004,00:00:00.010288]
7.1 check/handle lost                       	   2851	00:00:00.116729	(00:00:00.000041 +- 00:00:00.000015)	[00:00:00.000000,00:00:00.000097]
7.2 eliminate IMU frames                    	   2851	00:00:04.152740	(00:00:00.001457 +- 00:00:00.000481)	[00:00:00.000000,00:00:00.003538]
7.3 convert to posegraph                    	    202	00:00:00.444658	(00:00:00.002201 +- 00:00:00.001276)	[00:00:00.000885,00:00:00.007639]
7.4 freezing                                	   2850	00:00:00.000444	(00:00:00.000000 +- 00:00:00.000000)	[00:00:00.000000,00:00:00.000004]
7.5 convert to posegraph loop-closure frames	     32	00:00:00.070066	(00:00:00.002190 +- 00:00:00.001726)	[00:00:00.000760,00:00:00.006626]
7.6 expand                                  	   2826	00:00:01.854315	(00:00:00.000656 +- 00:00:00.000193)	[00:00:00.000183,00:00:00.001393]
I20260922 13:06:14.627309 0x1fecf6080 okvis_app_synchronous.cpp:200] Progress: 98% 
I20260922 13:06:15.679606 0x1fecf6080 okvis_app_synchronous.cpp:195] OKVIS Timing
-----------
1 DetectAndDescribe                         	   2881	00:00:05.666322	(00:00:00.001967 +- 00:00:00.000462)	[00:00:00.000934,00:00:00.004231]
2 Match                                     	   2881	00:00:16.565318	(00:00:00.005750 +- 00:00:00.001482)	[00:00:00.000630,00:00:00.018251]
2.01 match to map                           	   2880	00:00:09.872944	(00:00:00.003428 +- 00:00:00.000810)	[00:00:00.001149,00:00:00.005755]
2.02 match motion stereo                    	   2880	00:00:03.640339	(00:00:00.001264 +- 00:00:00.000360)	[00:00:00.000468,00:00:00.003680]
2.02.1 match motion stereo: prepare         	   2880	00:00:01.989921	(00:00:00.000691 +- 00:00:00.000198)	[00:00:00.000002,00:00:00.001539]
2.03 loop closure query                     	   2848	00:00:00.610661	(00:00:00.000214 +- 00:00:00.000093)	[00:00:00.000062,00:00:00.000715]
2.04 loop closure descriptor matching       	    207	00:00:00.102797	(00:00:00.000497 +- 00:00:00.000141)	[00:00:00.000104,00:00:00.000985]
2.05 loop closure ransacking                	     82	00:00:00.031033	(00:00:00.000378 +- 00:00:00.000290)	[00:00:00.000060,00:00:00.001114]
2.06 loop closure pose refinement           	     39	00:00:00.013892	(00:00:00.000356 +- 00:00:00.000852)	[00:00:00.000134,00:00:00.005601]
2.07 attempt loop closure                   	     39	00:00:00.002646	(00:00:00.000068 +- 00:00:00.000023)	[00:00:00.000034,00:00:00.000164]
2.08 add loop closure                       	     20	00:00:00.034271	(00:00:00.001714 +- 00:00:00.000555)	[00:00:00.000726,00:00:00.002667]
2.09 match loop closure                     	     20	00:00:00.059710	(00:00:00.002985 +- 00:00:00.000875)	[00:00:00.001409,00:00:00.004883]
2.10 match stereo                           	    108	00:00:00.051973	(00:00:00.000481 +- 00:00:00.000229)	[00:00:00.000087,00:00:00.001261]
3 Optimise                                  	   2880	00:01:07.588577	(00:00:00.023468 +- 00:00:00.006070)	[00:00:00.001870,00:00:00.041170]
4 Prepare publishing                        	   2880	00:00:04.763891	(00:00:00.001654 +- 00:00:00.000445)	[00:00:00.000089,00:00:00.003409]
5 Import full optimisation                  	     20	00:00:00.104851	(00:00:00.005243 +- 00:00:00.001168)	[00:00:00.003817,00:00:00.007675]
6 Visualising                               	   2880	00:00:00.000106	(00:00:00.000000 +- 00:00:00.000000)	[00:00:00.000000,00:00:00.000000]
7 Marginalise                               	   2880	00:00:08.731476	(00:00:00.003032 +- 00:00:00.001004)	[00:00:00.000004,00:00:00.010288]
7.1 check/handle lost                       	   2880	00:00:00.118175	(00:00:00.000041 +- 00:00:00.000015)	[00:00:00.000000,00:00:00.000097]
7.2 eliminate IMU frames                    	   2880	00:00:04.196166	(00:00:00.001457 +- 00:00:00.000487)	[00:00:00.000000,00:00:00.003538]
7.3 convert to posegraph                    	    210	00:00:00.466401	(00:00:00.002221 +- 00:00:00.001257)	[00:00:00.000885,00:00:00.007639]
7.4 freezing                                	   2879	00:00:00.000458	(00:00:00.000000 +- 00:00:00.000000)	[00:00:00.000000,00:00:00.000004]
7.5 convert to posegraph loop-closure frames	     32	00:00:00.070066	(00:00:00.002190 +- 00:00:00.001726)	[00:00:00.000760,00:00:00.006626]
7.6 expand                                  	   2855	00:00:01.886788	(00:00:00.000661 +- 00:00:00.000198)	[00:00:00.000183,00:00:00.001486]
I20260922 13:06:15.679769 0x1fecf6080 okvis_app_synchronous.cpp:200] Progress: 99% 
I20260922 13:06:16.768781 0x1fecf6080 ThreadedSlam.cpp:899] wait for background optimisation to finish...
I20260922 13:06:16.768807 0x1fecf6080 okvis_app_synchronous.cpp:171] Finished!
I20260922 13:06:16.799544 0x1fecf6080 okvis_app_synchronous.cpp:187] total processing time 99.384411000 s
real 99.68
user 124.47
sys 5.34
