0.9733522604096588 -0.15129082963320378 0.17279933646849785 -0.12749406337231714 0.2022896029066519 0.9211373945960297 -0.3315827737840087 0.029716471499015216 -0.10905897884810663 0.357373286642557 0.9272022797320052 -0.05615243022019389 0.0 0.0 0.0 1.0
0.9674962112164456 -0.18193084210085417 0.17488208931818888 -0.11451787119737894 0.2354103261031776 0.8997929846642935 -0.36643975224268904 0.10231634987221679 -0.0905825260213681 0.39576697273236655 0.9135662169283275 -0.0637890082036878 0.0 0.0 0.0 1.0
0.9624898169538 -0.20476693124036485 0.17684851264907006 -0.12259888298598932 0.25989513135421394 0.8814267150325432 -0.3937412579988948 0.11984906603263938 -0.07504650580867149 0.4250200152274212 0.9016404995757189 -0.06447565371792852 0.0 0.0 0.0 1.0
0.9648840303736671 -0.13509833517660128 0.22542679589448245 -0.18601114476759956 0.22041808539221877 0.8829336424200755 -0.41476703056527287 0.09794752638208946 -0.1430243908695034 0.44983852858650725 0.8818993488890746 -0.08227058547997722 0.0 0.0 0.0 1.0
0.9574363557533854 -0.14929837516191144 0.24783598919726216 -0.1848057336590461 0.23195848709963093 0.9075192402661098 -0.34909286109145526 0.018669092535711043 -0.17284314047815078 0.3917336260427182 0.9035371655167224 -0.05394562639585782 0.0 0.0 0.0 1.0
0.9602183715739953 -0.1383080638019659 0.24215580858466743 -0.1833708758897305 0.2330386576901287 0.8751439082742338 -0.42484135813482854 0.1674719753083655 -0.15321455735673833 0.46446720486574544 0.8726154300357062 -0.05427276765289464 0.0 0.0 0.0 1.0
0.955461145236159 -0.20581619837744317 0.21122971179293085 -0.15925733521028482 0.2740052379482132 0.8848148547973719 -0.37759813644632834 0.08077124171349438 -0.10937628762366636 0.4187867262490799 0.9017628252007851 -0.02842925460965088 0.0 0.0 0.0 1.0
0.953741453849634 -0.1291477160761386 0.2717262473648609 -0.16836628430119208 0.22052779870656014 0.9147641363275002 -0.339558612487637 0.04630633379110176 -0.20471274347411175 0.38374825311495864 0.900645936910275 -0.02067313492492998 0.0 0.0 0.0 1.0
0.9498960375418685 -0.10026610331366244 0.29633046009215236 -0.20519534118562274 0.21281924072309133 0.9012112434485607 -0.37719903704875707 0.09628167415259033 -0.22931420239786562 0.42153467773908204 0.8773247385004864 -0.016775566933987022 0.0 0.0 0.0 1.0
0.9709819336803753 -0.14462524784620795 0.19119879835658318 -0.16452493082522218 0.21512254713677287 0.8775622516170024 -0.42802917853920297 0.22019837511366208 -0.10571266319154068 0.4567201342664124 0.8832569820697103 -0.04243540400218363 0.0 0.0 0.0 1.0
0.9674639863590804 -0.15810467441121684 0.19667609063788663 -0.20247478698079524 0.2292305313686118 0.8772390577742898 -0.4221078373541404 0.27500509216225216 -0.10580474179610624 0.4536916938375243 0.8851144095365767 -0.08024876306427842 0.0 0.0 0.0 1.0
0.9749229351965979 -0.15755040241146245 0.15660091474983506 -0.18290809441938538 0.21455475433349 0.8511898837889691 -0.4796171553957539 0.327429011745229 -0.05783794877976288 0.5013813037640539 0.8635447170625976 -0.05981403402577059 0.0 0.0 0.0 1.0
0.9789009525843063 -0.19963701395224018 0.04218976302670575 -0.12207031191613027 0.19611659239730042 0.8628000097888583 -0.4658895451603681 0.31646645993837913 0.05660617333433383 0.46454347423409176 0.8837880540234417 -0.09108621691357853 0.0 0.0 0.0 1.0
0.9699199662152451 -0.2360118101455411 0.057083103322089886 -0.11593663112339622 0.23228424363246378 0.8336557729052857 -0.5014038662207921 0.36713776476208526 0.07081827935919394 0.4993527716962935 0.8636325318622898 -0.07454499080844709 0.0 0.0 0.0 1.0
0.9723151319731229 -0.2096041706746417 0.10161522936755454 -0.12353604109161055 0.23222393146913511 0.8387131060251083 -0.4924247381779108 0.31630019282269745 0.018123066004355832 0.5024935787600636 0.864557280080676 -0.04806847513920403 0.0 0.0 0.0 1.0
0.9770031556280562 -0.1965938213578905 0.08496359679998386 -0.11584676529200513 0.21285678476261694 0.8436778305142998 -0.4927445062973457 0.33929502494210145 0.025106598395498864 0.4997032247622491 0.8661922694308134 -0.07771059933624093 0.0 0.0 0.0 1.0
0.9662798694495619 -0.24938466924948935 0.06386948263717608 -0.12084093062483262 0.2542097500465335 0.884924003647427 -0.3904959730977381 0.2688835521398381 0.04081808466134614 0.39347951063484565 0.9183623343797012 -0.0821172478833995 0.0 0.0 0.0 1.0
0.9741721824998467 -0.20408411951048808 0.09441222134500218 -0.11921781635077529 0.22371201217550182 0.8380435024465307 -0.4979404516411478 0.3500555785528541 0.022482313781846525 0.5058921772867592 0.8620348346561432 -0.03426077148632751 0.0 0.0 0.0 1.0
0.9793851163613513 -0.17072913250842758 0.1098030762974319 -0.09738541605089852 0.2027767176391865 0.8441842608168955 -0.4966042923389698 0.35064538219515495 -0.008019131788004166 0.5087631582899483 0.861172854523168 -0.03643331122863029 0.0 0.0 0.0 1.0
0.9908654071363078 -0.0711227640148958 0.11303068543312911 -0.07011563794573031 0.10750463281731362 0.9269802029125089 -0.3596927080706651 0.26242055573293954 -0.0793543755452995 0.368778280593626 0.9266305164329259 -0.029524241354834932 0.0 0.0 0.0 1.0
0.9934773034711409 -0.05783436748947303 0.09735641067300187 -0.052778326408652196 0.08506328503855694 0.9488413763086633 -0.3050885024669452 0.21251510211629887 -0.0748458171128081 0.31139001294579705 0.9474419880045334 -0.0422672398551774 0.0 0.0 0.0 1.0
0.9929282461342682 -0.04913220040820955 0.10698501065304376 -0.05376160409454939 0.0832088317755262 0.9357530031129131 -0.3429325839401162 0.2616386168553522 -0.08326593281625555 0.349624582993862 0.9333578070762534 -0.02579453697639819 0.0 0.0 0.0 1.0
0.9953911567979075 -0.020008773125501207 0.09524660524040499 -0.042782415944772445 0.022536055912837676 0.999326367258161 -0.02557605047054049 0.008733658245937697 -0.09466224430760765 0.027581060007675226 0.995136489492789 -0.011153840268380066 0.0 0.0 0.0 1.0
0.9993966703326947 -0.005945187962898795 0.039308892919690995 0.003998925472147478 0.002411696489402874 0.9958525657820986 0.08963981011743549 -0.027524502166072735 -0.03966217663184081 -0.0894311726026739 0.9952841932135539 0.007783069224636155 0.0 0.0 0.0 1.0
0.9972898607820183 -0.014789685147617604 0.07360168716841511 -0.0001599028836670353 0.004926521575200131 0.9911419913257414 0.13246845721675643 -0.04416073466234411 -0.07487801593753188 -0.13172903597912422 0.9886273106967451 0.010133644836468966 0.0 0.0 0.0 1.0
0.9957019351089215 -0.014062528415171742 0.08934878836757403 -0.004689207571525313 -0.0018281860906336474 0.9845542817991358 0.175609580952042 -0.04595794728446682 -0.09047842827053708 -0.17498608754519973 0.9803318519810403 0.024537459255628183 0.0 0.0 0.0 1.0
0.9973192741254854 -0.0006110630620089335 0.0715081434866336 0.016862536904406814 -0.013113411234381443 0.9813980854856151 0.1914220031810952 -0.05944802161786846 -0.07030763912992823 -0.1918296901604872 0.9787963250534758 0.019212350532523112 0.0 0.0 0.0 1.0
0.99307445279965 0.00927464321358298 0.11876322096539978 -0.021255138520013532 -0.03815912657706661 0.9691546972133213 0.24334519672398214 -0.10900090891398972 -0.11291922420542161 -0.24601346053683731 0.9623982032605588 0.03417090058504244 0.0 0.0 0.0 1.0
0.9938306427629141 0.012768767512307298 0.11097936354785068 -0.017244938655870942 -0.042938659193529134 0.9607732069382727 0.2737289813895593 -0.1253010729375483 -0.10310725349509407 -0.2766556386847591 0.9552145352912125 0.04798168814054292 0.0 0.0 0.0 1.0
0.9957963869439064 0.024676771854400554 0.0892727884721701 -0.0033852807873425 -0.05083217283024854 0.9513225399511507 0.3042227803839624 -0.13315514275625567 -0.0774654071004748 -0.30751117767375924 0.9485805595411655 0.060671852297184636 0.0 0.0 0.0 1.0
0.9980236261275913 0.02663968330371612 0.06088292125564662 0.009887281125814006 -0.04420344483130781 0.9500443487673816 0.3096457256115346 -0.13919119289207704 -0.049601550234440336 -0.3114632349335367 0.9491775083703591 0.06396766252538662 0.0 0.0 0.0 1.0
0.9982243838199839 0.025172174712320614 0.05561354532837076 0.018501464864369783 -0.040207273432991096 0.9561757719850598 0.2892699419521689 -0.12923117540057294 -0.045901833705537534 -0.29120016054292586 0.9556105937394459 0.05753180005166563 0.0 0.0 0.0 1.0
0.9955363971889004 0.03601705827876221 0.08685610803124942 0.008766349513564682 -0.0576451622804448 0.9632977976556821 0.26206991166508703 -0.1110764849213549 -0.074265450755344 -0.26586168835549195 0.961356688097369 0.06426357710395406 0.0 0.0 0.0 1.0
0.9986495449091504 0.024766029107732766 0.04690257511494731 0.005299770372650603 -0.032682288079627565 0.9836673997203951 0.1763945160002039 -0.07799503171966853 -0.041770752402715876 -0.1776211195730657 0.983004916818742 0.04734562860839498 0.0 0.0 0.0 1.0
0.9991008139862735 0.029968306793675435 0.022113544582717217 0.022904379532028892 -0.03281654335778816 0.9891310102509644 0.14283060867885516 -0.06556989689370972 -0.01758810003224258 -0.1435958073262443 0.9897260663221269 0.03680389850935283 0.0 0.0 0.0 1.0
0.9989774867813193 0.009939112096677659 0.04358390177819589 0.0021494703936624274 -0.012769706487768272 0.9980162331811451 0.06524847876969148 -0.04018516353738929 -0.0428268308843314 -0.06574289173039129 0.996763618408764 0.02884263087416713 0.0 0.0 0.0 1.0
0.9995899130381478 0.005741691089224882 0.029409019530118336 0.006482914440796435 -0.00677416980726763 0.999215986725236 0.035026141106435454 -0.02071911971043774 -0.02919827417521501 -0.035179488238754233 0.9988842473522692 0.02697383005825221 0.0 0.0 0.0 1.0
0.9991733716611497 -0.0046124424345151864 0.03594289736311087 -0.0009441548951490325 0.003799256225488991 0.9999612938859682 0.02263436017073919 -0.010362073535308765 -0.03607173916507236 -0.0224991816481273 0.9991699849939579 0.024798442607055837 0.0 0.0 0.0 1.0
0.999890571403901 0.008993924231763315 0.005341697540902897 0.0007630111430982052 -0.008979161379283822 0.9999113726329036 -0.002826954326720133 -0.008298513761911767 -0.005365390198242952 0.0027803145938218284 0.9999634759399775 0.013186563249378985 0.0 0.0 0.0 1.0
0.9999952910449955 -0.0008921042842486313 0.00197836723472946 -0.0017243287810314277 0.0008931689370939287 0.9999989428772688 -0.0005094022760454973 -0.00033572575263571307 -0.001977456361212647 0.000511026057989114 0.9999958275275609 0.00125159929307933 0.0 0.0 0.0 1.0
0.9983478962277587 0.018353294096633367 0.05715815812783463 -0.016573820861911486 -0.0184349145993138 0.9996586565091683 0.0011221124433484966 -0.00257804454322692 -0.05709748712184717 -0.002172824638618875 0.9981955589961002 0.02805993080044199 0.0 0.0 0.0 1.0
0.8699912662722011 -0.4054418326109823 0.28084549511239365 -0.12684429755033175 0.4906163829588049 0.6513163172011395 -0.5810118500545941 0.29251478012137 0.05191480971202142 0.6432248971895709 0.7645827021089189 0.15465006989971714 0.0 0.0 0.0 1.0
0.9359905749056 0.03862413821991286 0.34982881643817554 -0.1536081815114652 -0.07475954796069217 0.9930231016617644 0.09044405368529469 -0.020036911320580896 -0.34387297675583206 -0.11073696163858726 0.9322535065882497 0.07395495825193056 0.0 0.0 0.0 1.0
0.9277970224595393 0.08185399464920542 0.3641242786377881 -0.174602640395461 -0.13792245780556595 0.9816315105814946 0.13062908642592835 -0.0519501167523425 -0.34679234224901817 -0.17153283367011535 0.92244142605137 0.08793083271994485 0.0 0.0 0.0 1.0
0.913909273511248 0.1327465467893813 0.3834669969726559 -0.177188533343056 -0.23854514683693998 0.9401198304733492 0.24281387392660167 -0.0960127566458598 -0.3280781200849052 -0.3133784410357016 0.8910567151221812 0.11034244937293929 0.0 0.0 0.0 1.0
0.7770375937584091 0.2089302876466346 0.5947450238537472 -0.16672965540286158 -0.24930288701499168 0.9702695897407375 -0.017193240481268347 0.09439956416340647 -0.5792324311459334 -0.13425746822973708 0.8064171523645951 0.09411018184467895 0.0 0.0 0.0 1.0
0.828714092018323 -0.04205891891149089 0.5579477537507342 -0.16281195709904195 -0.02052848983308107 0.9952270792985228 0.10344071078919027 0.09172104111414625 -0.5597672409171394 -0.09736761541449139 0.8246642303468645 0.1020979290068334 0.0 0.0 0.0 1.0
0.849256996538359 -0.08900909233093335 0.5205131717855194 -0.1975055205153439 -0.0788759106321922 0.9534419257504637 0.29126905601080155 0.022857235059776937 -0.5217336582169537 -0.2882247618538154 0.8023473590307247 0.09578001970789866 0.0 0.0 0.0 1.0
0.8425446310417279 -0.059628592629474717 0.5358101701560227 -0.20059465992510717 -0.1305556772575423 0.9424745516337024 0.30895120847817875 0.02423777737583621 -0.5232151439277377 -0.3306186176875619 0.7865403439227772 0.1427438341820964 0.0 0.0 0.0 1.0
0.8136976676840908 0.002942708904312424 0.581054502199424 -0.2213742273469171 -0.26227236250072 0.89377166784723 0.3631434755635348 0.0031557303560564853 -0.5183600366860185 -0.44818648975775427 0.7281359287678316 0.178669162960075 0.0 0.0 0.0 1.0
0.8351221732783255 0.055408914220240614 0.5473892573569858 -0.21827048486712397 -0.3106085046567576 0.8688071508168197 0.38515370416795175 -0.01671482488343662 -0.45406750616650704 -0.491881243316337 0.7433360968101047 0.14376579047696525 0.0 0.0 0.0 1.0
0.8052465350636674 0.02568195306650822 0.5930062314706873 -0.24315977368352093 -0.28895316170585217 0.8900620796148602 0.353965867668089 0.004597277852946641 -0.5184272891099152 -0.45632592302043706 0.7238712874457547 0.14736842192835828 0.0 0.0 0.0 1.0
0.8219836318244479 0.132591888879734 0.5539970021920517 -0.22178300772875825 -0.388585209914828 0.842718365537316 0.37465511370305615 -0.019181536028075458 -0.4164326114102239 -0.5231755439819519 0.7441534451849442 0.1384287249538726 0.0 0.0 0.0 1.0
0.800736868007617 0.08721919960531571 0.5924014250658527 -0.22917743257511267 -0.4170676610246903 0.7911462730657437 0.4472334777925831 -0.051154675938437755 -0.4297759886175843 -0.6050791687945061 0.6697711299614202 0.1602528845218947 0.0 0.0 0.0 1.0
0.8087126614187311 0.11478676537470657 0.5765011573908635 -0.23201813546671118 -0.4670850481010367 0.7206347479677966 0.5118075621046332 -0.08050423491959802 -0.357129312328576 -0.6832486891824983 0.63629149520624 0.17008154938607972 0.0 0.0 0.0 1.0
0.8338579281228428 0.10594803609106983 0.5417072084675594 -0.205364008579137 -0.48244278078982405 0.6162322623850782 0.6219412965709776 -0.13707890457772884 -0.26823204311755794 -0.7800858281225767 0.5648510349950565 0.1973183698470356 0.0 0.0 0.0 1.0
0.839376306755508 0.13821186485416914 0.5259168165093605 -0.21766465540258415 -0.49264435642356497 0.6024110087846353 0.6279303042070341 -0.1487426161153856 -0.23005616168393508 -0.7861891507323971 0.5737679392397715 0.20915577127448176 0.0 0.0 0.0 1.0
0.8084071428962415 0.15306822875181894 0.5680920575456229 -0.23750778399216196 -0.5524184864317789 0.5298609559641088 0.6434178717289724 -0.14166626602832832 -0.20262518557886294 -0.8341088389331024 0.5129720630332114 0.2282625468511101 0.0 0.0 0.0 1.0
0.8689018907810675 0.15249134499040823 0.47087617223479383 -0.1856699627754261 -0.4877557560172457 0.42788809790933313 0.7608689338188847 -0.17491238389824051 -0.08552497738793914 -0.8911365684967463 0.44588539473894695 0.2595106513478175 0.0 0.0 0.0 1.0
0.9687255804561948 0.17275765240058127 0.17809908521752998 -0.01347015921125045 -0.22945254131676965 0.3505753251207821 0.907990180278789 -0.23586569549958358 0.09442525340038005 -0.9204605453030555 0.37925240735679105 0.31398713198080175 0.0 0.0 0.0 1.0
0.9817915757667556 0.14043598222485576 0.1294310126312019 0.04129630562758786 -0.17686971567392623 0.4115671893828601 0.8940369558470622 -0.23449109554066636 0.07232259278919048 -0.9002517570803207 0.4288849662514738 0.31701716475586794 0.0 0.0 0.0 1.0
0.9904652475045327 0.10620298354632912 0.0857635357744422 0.07459055738836515 -0.1244634729294331 0.4453179263978346 0.8868419162386965 -0.24230028333157713 0.05601245572385956 -0.889040937126501 0.4543619491512104 0.3135941538648696 0.0 0.0 0.0 1.0
0.9967528560780259 0.04790137907191034 0.06834724202224002 0.07679962175552367 -0.08310524818259156 0.4812530088385221 0.872437934041486 -0.2345632130062556 0.008922783090484858 -0.8752215167878703 0.4834974024188463 0.2913140953345961 0.0 0.0 0.0 1.0
0.9989303809736692 0.003935525732604949 0.04866123775363877 0.08979654654914816 -0.043300348264802904 0.5309901297491462 0.8462929244594577 -0.22027690601027744 -0.022492536610472125 -0.8475590717466126 0.5304093430270469 0.2626953533639981 0.0 0.0 0.0 1.0
0.984934466425913 -0.17205409971224797 0.022649315054223115 0.09293044971758675 0.09825932543932307 0.660362008548284 0.7448810650203385 -0.19834576035174958 -0.14324909422822002 -0.7309034543643085 0.6671326551491552 0.17526728347152937 0.0 0.0 0.0 1.0
0.977273806773485 -0.21084544270933536 0.025714474207469785 0.10333058856058827 0.1402161763617553 0.7311886072551441 0.6677758020784043 -0.19021028632058035 -0.159489074733348 -0.6487535029992709 0.7440097126447213 0.12013174364842387 0.0 0.0 0.0 1.0
0.9717223827820382 -0.23534870972643768 -0.006526577786153644 0.11464746829076825 0.1931468806893245 0.7803054761910603 0.5936459062849984 -0.19362120194189467 -0.13442012283736376 -0.578510967559839 0.804443445393283 0.0751248671501242 0.0 0.0 0.0 1.0
0.9848321075031689 -0.16070596632683185 0.06875898208936489 0.07762451118273098 0.08123269474497156 0.7703594245009037 0.6329180716827608 -0.1925330427212307 -0.15478151587288538 -0.6177404822328876 0.7713152240245332 0.08756072878266384 0.0 0.0 0.0 1.0
0.8862740704611134 0.1745989618066579 0.42898899174792143 -0.19696253524034732 -0.46265337875284496 0.3822314603591679 0.8000015242025396 -0.20433111987317185 -0.02434052835932374 -0.9073086558004403 0.41957228505674854 0.3133649916904913 0.0 0.0 0.0 1.0
0.8264660311999338 0.17624209888892503 0.5348533796400422 -0.25873594931878585 -0.5608379049210457 0.3430679511457072 0.7535668070123793 -0.20201611279820716 -0.050678457870491814 -0.9225953617505844 0.38238790696613817 0.31210741693782645 0.0 0.0 0.0 1.0
0.4765092742198006 0.20441455320101132 0.8560399097318181 -0.3808287073194365 -0.7174478898149537 -0.4733389071187745 0.5121471248275604 -0.08251556207437888 0.5089258591957718 -0.8577167511508456 -0.07934808814774202 0.5877150550804535 0.0 0.0 0.0 1.0
0.5489932325884331 0.11414471442985999 0.8277362043646115 -0.3572806873974236 -0.7002538408767783 -0.47625831430315807 0.5302407351490285 -0.056532428812444246 0.45569584128134233 -0.8709180409705213 -0.18123467002117363 0.6385096304675885 0.0 0.0 0.0 1.0
0.39707840262418564 0.20518222302887476 0.8953365416287505 -0.42354449971780256 -0.7677399260703999 -0.46210568022118365 0.4460019863726854 -0.03542283987315564 0.5042059349061311 -0.8636602564482264 -0.026605866482353916 0.5649372438086098 0.0 0.0 0.0 1.0
0.46886690250954977 0.22883766354042304 0.85342683582491 -0.38831565854086153 -0.7992930553496914 -0.3018813158838665 0.5195968313419701 -0.056014883543969385 0.3770386939885726 -0.9252525929361753 0.040986738276043246 0.49965048020246833 0.0 0.0 0.0 1.0
0.2807380072470343 0.3904743679529664 0.8766017620021322 -0.3825450660197614 -0.8353561346146797 -0.3495847306332746 0.42357112999301755 -0.03259481991331328 0.47149765037426555 -0.8517229740392563 0.22847344483785997 0.41542319587489984 0.0 0.0 0.0 1.0
0.4353168392461099 0.18878386843957268 0.879648609589255 -0.3642471608824314 -0.7752844940819285 -0.4162793942123346 0.47292137986673694 0.0059319542898900735 0.45699020048153927 -0.8888003531582439 -0.03443089698900928 0.5987790819127558 0.0 0.0 0.0 1.0
0.5447800353590218 -0.0387306108048432 0.8386430454503798 -0.3718890511512898 -0.7874059722445546 -0.3695146849859347 0.49452443123468554 -0.05429636017619832 0.289535945236281 -0.929198720889442 -0.23232588622043085 0.7001393829270683 0.0 0.0 0.0 1.0
0.5112113495909397 0.0267700605317336 0.8585980732093552 -0.37406126060298134 -0.8005487862011584 -0.3463057218639843 0.48735790518345035 -0.038222809897587195 0.3109077596597798 -0.9374988032268672 -0.15549245319903623 0.6067731202010361 0.0 0.0 0.0 1.0
0.3897811668121114 0.069442272449397 0.9169447959274158 -0.41121358076393477 -0.7844621746064897 -0.4940096108113368 0.3709013387854823 0.004139305859138354 0.4802085025132025 -0.8659220022510276 -0.13715677038640856 0.6014558713966656 0.0 0.0 0.0 1.0
0.3727047716606105 -0.01225756142652768 0.9280065722366247 -0.45027926511612937 -0.7777285030244439 -0.5504025827820925 0.30490852690480236 0.015993986930149584 0.506699547892877 -0.8351744699236319 -0.2149565709551618 0.6570385675117418 0.0 0.0 0.0 1.0
0.5036012286395399 -0.06706050277871908 0.860151841152181 -0.4442376317073067 -0.7835758735998392 -0.452271349181678 0.422315065887746 0.0032694723282861715 0.36295776315067485 -0.8884838341410288 -0.2798227888629289 0.6743108386422827 0.0 0.0 0.0 1.0
0.16832081556954515 0.12669922356828342 0.9764488075561067 -0.33824153165354354 -0.8477190208161969 -0.4845834814120347 0.20926898261073976 0.07667154333720994 0.5008719329130492 -0.8646788856422055 0.0267386793760789 0.5290253639908147 0.0 0.0 0.0 1.0
0.3183888998940762 0.024411437699324332 0.9473479453292319 -0.33582394874091964 -0.8589159319434048 -0.4142248489743068 0.29931882758758244 0.04608601109746818 0.40031986981519463 -0.909319209946339 -0.11083924002046067 0.5978334189198552 0.0 0.0 0.0 1.0
0.3897246230480828 -0.1522405831825954 0.9087046160374307 -0.3644225932855059 -0.9053138145139766 -0.2463247156304598 0.34734019486879597 0.04221217812254047 0.17047967304137104 -0.9572178627433834 -0.23378647265045213 0.6201471457905532 0.0 0.0 0.0 1.0
0.25086774151680086 0.1683147124813966 0.9533805401763956 -0.41309831712130646 -0.962605172755496 -0.06468738271495217 0.2644808070219472 0.1146791602451897 0.10579854638286008 -0.9834964524912769 0.14574080053223232 0.42781883680457944 0.0 0.0 0.0 1.0
0.21904355526905278 0.2180144127355731 0.9520726951141442 -0.4193149738744068 -0.9755794803659621 0.09830373687104943 0.20189261331041727 0.1043052302493584 -0.0498085028479589 -0.9712354824689139 0.23378484977156958 0.33462242990832464 0.0 0.0 0.0 1.0
0.3446801832285476 0.3396394923724786 0.8750477169765719 -0.43177273615519807 -0.9325307641408377 0.23243404115379954 0.2770716027629831 0.07517535148121829 -0.1093855647732039 -0.9112900520895963 0.39684402435854965 0.2680264242855745 0.0 0.0 0.0 1.0
0.4748960441041658 0.3104385166613965 0.8235424223457952 -0.4046149914705703 -0.7788419327229523 0.5832782428878613 0.22926262139868253 0.07190866866662948 -0.40917417746389156 -0.7506431201813282 0.518731471693524 0.2432704348885022 0.0 0.0 0.0 1.0
0.5937705293666377 0.1395837706723752 0.7932255388111629 -0.41910344473512673 -0.6489082375835971 0.6665484407671693 0.36818909842265 -0.012052862533298958 -0.4768490525986893 -0.7325594683271274 0.48670972257291023 0.2282774201136885 0.0 0.0 0.0 1.0
0.5960434634376705 0.1787161758780703 0.7818642932966526 -0.36517284715591714 -0.6776300996239765 0.6337127987529125 0.37170184278555973 -0.012716722416542925 -0.4299290850105691 -0.7524445905788462 0.4984134605010289 0.24186141736719202 0.0 0.0 0.0 1.0
0.7144044892974423 0.42635701415589 0.5553125123683733 -0.18001976625169472 -0.664014678667858 0.6647273691218324 0.34397261815053437 -0.008771334010618775 -0.22228861931075775 -0.6140742035241076 0.7573931424915543 0.37075750627013826 0.0 0.0 0.0 1.0
0.7275607109712601 0.34410849542072214 0.5930100451122275 -0.20259303419652733 -0.6440307136574005 0.6420285510632152 0.4176794109583469 -0.012597330957281383 -0.23760286674782935 -0.6857038403063738 0.6888780857351084 0.3726488013609855 0.0 0.0 0.0 1.0
0.6994149284591625 -0.016473762943026313 0.7148373625258053 -0.21775757261893755 -0.4271237991503126 0.7922165734812103 0.43619564967187363 -0.026954693751185477 -0.5735677025003042 -0.6099629234913907 0.5471292891727395 0.3744725602871485 0.0 0.0 0.0 1.0
0.807086824834973 -0.00688252692252697 0.5905391862789027 -0.2215495273172929 -0.5032045857682012 0.5175932219358508 0.6934807486727297 -0.030740875520813643 -0.3104956901580005 -0.8567374347460933 0.41458060268011077 0.41812966037001353 0.0 0.0 0.0 1.0
0.7492892112465402 0.331266220277805 0.5732229856156212 -0.21620622271177534 -0.6602504715170984 0.3092299241013721 0.6843954758843994 -0.06622692735639993 0.04951098291458277 -0.8915266842186321 0.450502979421023 0.43030377849323426 0.0 0.0 0.0 1.0
0.7990658618142576 0.18285447672102542 0.5727631891496989 -0.2647798856797393 -0.48481924911066443 -0.3674485943004585 0.7936820445281005 -0.11520365176604216 0.3555896224307442 -0.9118908462306585 -0.20496426637970258 0.5558249586070932 0.0 0.0 0.0 1.0
0.8060895960866381 0.222043805210444 0.5487205056159844 -0.2192164559084557 -0.453141310605101 -0.36528256058043435 0.8132054986940905 -0.11198982935103198 0.3809929804415694 -0.9042539190483525 -0.19373285895015702 0.5743424011758933 0.0 0.0 0.0 1.0
0.8264216361650417 0.14542982503412005 0.5441413540509435 -0.1902743164497548 -0.523483226585104 -0.15928701491663208 0.8369465887541815 -0.15595890711408125 0.20844862397132727 -0.9765253359421778 -0.055494509409380985 0.6133922933416256 0.0 0.0 0.0 1.0
0.8321038457264962 0.13873479344099848 0.5370355124289742 -0.19935889834628695 -0.5096331364132674 -0.19136496614779028 0.8388749683872462 -0.14461965672012805 0.21910943498771357 -0.9715323041431652 -0.08855788131650935 0.613847772969588 0.0 0.0 0.0 1.0
0.817727834940393 0.07866803267522353 0.570459346079555 -0.19542158127933723 -0.5348424315308241 -0.26412551756651464 0.8027073173013048 -0.1556071383521604 0.21375225529503583 -0.9614778160138401 -0.17382230601553528 0.6291815202457858 0.0 0.0 0.0 1.0
0.7623536537018843 0.10839595563053213 0.6381929274227727 -0.24397742233011555 -0.49095879744359283 -0.5455861006637719 0.679304029264348 -0.08981063084893011 0.4217785139850622 -0.8308809207576172 -0.36278439806916496 0.6365880550949431 0.0 0.0 0.0 1.0
0.733626915686767 0.17794147120455892 0.6556477753474718 -0.24794221138935305 -0.4480719297790183 -0.5988824909326754 0.6637301708346829 -0.07044037574365612 0.5105997436185482 -0.7809955614199473 -0.35972495549535155 0.6299077202803075 0.0 0.0 0.0 1.0
0.6677342409718444 0.164009663074508 0.7259251866159759 -0.263268526825283 -0.499162332263355 -0.6248406664838917 0.6001919738058001 -0.045781824383978376 0.5519767731840319 -0.7631816104618653 -0.33557562112314615 0.6583416311548943 0.0 0.0 0.0 1.0
0.46607657315772383 0.05236787555048958 0.8832308254415251 -0.1820372468882414 -0.23095329794941777 -0.9556355722331452 0.17893958512870345 0.20966378985841277 0.8543102766374613 -0.2875185133538498 -0.433147828635872 0.6803227592903747 0.0 0.0 0.0 1.0
0.5027431894516473 0.02621012916840396 0.8640116235950595 -0.19470683436777186 -0.21935627512136627 -0.9634558882468367 0.15709090283432509 0.2376937664380212 0.8363489712772226 -0.2686575619984744 -0.47885820476609553 0.7172405069467782 0.0 0.0 0.0 1.0
0.24517199572851422 0.4330793566747402 0.8677731583331219 -0.2414350510932212 -0.11591100306491728 -0.876014466463693 0.46917692032886593 0.11180169319688892 0.9633153520821218 -0.21512433000852865 -0.16475755487035867 0.6324265668746211 0.0 0.0 0.0 1.0
0.37910652189949673 0.13982093004636995 0.9149081371066917 -0.2539436594239169 -0.18864834696523594 -0.9560919299061439 0.2242449250412082 0.21417041902372536 0.9057054895244909 -0.2578450390911587 -0.3358472563982768 0.6980126051057286 0.0 0.0 0.0 1.0
0.42769641278592907 0.10306180823325783 0.8981797406019474 -0.27306324439958995 -0.20761815689746793 -0.9556404663714079 0.2086498950957887 0.21396416959559245 0.8799787392306321 -0.2751841482364611 -0.3869260824373722 0.7021653301048787 0.0 0.0 0.0 1.0
0.431640960944269 0.015335444546704807 0.9022174426295926 -0.2800033561882288 -0.15586861618986553 -0.9830924197841701 0.09169961316422816 0.26204691334903507 0.8878816373098749 -0.18043412649250878 -0.42147913039716556 0.7287145573154409 0.0 0.0 0.0 1.0
0.4149959227636562 0.0881720770615312 0.9052806484283898 -0.28119148280759704 -0.05531517975076886 -0.991034297648341 0.12117500898476898 0.26699563257178527 0.9082925621843491 -0.10047263470283258 -0.40690705797623206 0.6906307568914773 0.0 0.0 0.0 1.0
0.03546764452702501 0.24580525413499776 0.968718589316243 -0.3228299570677561 0.5287111903526087 -0.8274984881236812 0.190621834981943 0.2881699983324634 0.8478809820549809 0.5059447033790333 -0.1595826627175509 0.6140573084764593 0.0 0.0 0.0 1.0
0.13220631920463216 0.11521227646718198 0.9847172569655249 -0.3249695719475773 0.36890734798746355 -0.9289644549668435 0.057784978558407786 0.3186685177316096 0.9216571755252481 0.3557403832717466 -0.1661790682278178 0.6152594944113294 0.0 0.0 0.0 1.0
0.29234068394514434 0.561894997411454 0.7742123942062373 -0.16834037362242976 0.6785273886207418 -0.6928590072958444 0.24622479665451688 0.27755070236426227 0.6753975472803112 0.4535139912323121 -0.5836736467642134 0.6687075570657172 0.0 0.0 0.0 1.0
0.29063458994619773 0.6225362967748858 0.7271577340134148 -0.08087494621863367 0.7260671891054449 -0.641050401926293 0.2569670615885817 0.24992069113473894 0.6261943245409564 0.4535789399936003 -0.6378191572729393 0.6083643532882754 0.0 0.0 0.0 1.0
-0.19234912871538176 0.7942810049088058 0.5788010284970809 0.02378587260139242 0.984766920490006 0.16077601893617105 0.10391541085946343 0.32613794695844656 -0.008403681627069047 0.5918066333433258 -0.809884186248296 0.5233030025215375 0.0 0.0 0.0 1.0
-0.036862613763930525 0.9383679955356332 0.3447304043408404 0.062382824235722056 0.9978544806155035 0.01276209498659509 0.0713547936786789 0.36476176516149733 0.06242962800880219 0.3461736266305445 -0.9361825793591024 0.6014914977235023 0.0 0.0 0.0 1.0
-0.0054156746306503285 0.7584069909718876 0.6518178257398851 -0.01924794973850308 0.9963217274196505 -0.055675112379056015 0.07277778225912185 0.3809812753964785 0.09172529498387852 0.6498063025423926 -0.7547369668720063 0.6576974101009357 0.0 0.0 0.0 1.0
0.031374679916751844 0.671849146653573 0.741024514172221 -0.09783092782923467 0.9929488579080797 -0.11947187652444614 0.06360725224308807 0.4702111941616251 0.13181048988721827 0.7333209175026828 -0.6691744909699313 0.6331086365352732 0.0 0.0 0.0 1.0
0.20932683957579915 0.6935519847263659 0.6901752456943311 -0.11321671379412918 0.7550925308844553 -0.5654423897202535 0.33645864834553574 0.28625437833806416 0.6237584034193624 0.45080526051985775 -0.6412031257349227 0.7202624099175157 0.0 0.0 0.0 1.0
0.01407244371399615 0.654958989733721 0.7553115812182287 -0.14152188008710642 0.8915389130113789 -0.3481066551216602 0.28607969207199463 0.2880645022989034 0.45049381382451303 0.669630266219097 -0.5890184303605734 0.6642121967635513 0.0 0.0 0.0 1.0
0.43903804195929413 0.1916435386396099 0.8776426277733762 -0.3230743986218979 0.4516665947085079 -0.8912106668623229 -0.030730330325590815 0.2990417023478512 0.7763431530582408 0.4096996565635437 -0.4776053780675268 0.7712547398018661 0.0 0.0 0.0 1.0
0.3596567268498109 0.20778984066151088 0.9092054688878338 -0.31288342536347813 0.21226785730906444 -0.9657870401459759 0.13799657037739071 0.21918443761473327 0.907238939773303 0.1429830631158572 -0.39134768212605314 0.7234120807928677 0.0 0.0 0.0 1.0
0.5411868782238437 0.048430411815047134 0.8394484912817949 -0.2966812907613922 0.004768533764198847 -0.9981831039743598 0.054290307782461245 0.2803623847187537 0.8410894157518342 -0.02624727077642656 -0.5405221125754307 0.8139156040697377 0.0 0.0 0.0 1.0
0.5518516146210298 0.833388320908104 0.017107446201485108 0.07501289655514293 0.8017240289004501 -0.5363841801726753 0.2614995979757818 0.21269701925123896 0.22706363622364983 -0.1316160172774054 -0.964680825541843 0.5446552820693636 0.0 0.0 0.0 1.0
0.35577212594012925 0.9027047494343029 0.24577792595041692 0.02679661230637792 0.8750075973711666 -0.4149951606892468 0.25547393490963344 0.2149979184914616 0.3333990011008504 0.12609595740682583 -0.9356260723088778 0.5404537180537929 0.0 0.0 0.0 1.0
0.060613889512006164 0.8580181678577576 0.511260888781736 -0.017305573366357296 0.9710711974722563 -0.16945441351615717 0.1690655421739782 0.27085422654872293 0.23136003202532035 0.48622818102521503 -0.8429097508810506 0.4702059703802402 0.0 0.0 0.0 1.0
0.23709353870667804 0.7917350338903476 0.5636679788666455 -0.03424790282140999 0.8513673214519467 -0.45008877843391304 0.2726209536438321 0.28151112800132105 0.46906793129592955 0.41543948336445974 -0.7800118491542765 0.5495127967752415 0.0 0.0 0.0 1.0
-0.002203180873115502 0.9320382770833147 0.3626578510980041 0.022087447366756552 0.9922176142977491 -0.04306725585392713 0.11658439329130565 0.2839481564095942 0.12445507242420756 0.3600962101753858 -0.9242868669833791 0.5214983826735207 0.0 0.0 0.0 1.0
-0.5516431737618516 -0.011171592365738205 0.8362983940840265 0.026723738784323187 0.48207911871952497 -0.8239225527382568 0.3039835649238239 0.19662641207561407 0.6847565174339412 0.5710936164602104 0.4582501485968009 0.34557586150624714 0.0 0.0 0.0 1.0
-0.30760565556195824 0.5916907207648806 0.7483056478566728 0.08254356714118974 0.9451489644742388 0.06288225131492033 0.3331345669087363 0.3420798759268248 0.15106909159216875 0.8098972774926522 -0.5753978852762399 0.3197590679628951 0.0 0.0 0.0 1.0
-0.03614288524811448 1.0004508645835382 -0.030750203210738167 0.09459500037979407 0.9842300301821997 0.029679969929310806 -0.19381388478797487 0.2701015751906093 -0.191461398116547 -0.033694919252778135 -0.98274387822206 0.4230385620774709 0.0 0.0 0.0 1.0
-0.26150274680658303 0.6934766891244277 0.673927946759782 0.0579160818627143 0.9690258755797083 0.16743481275104685 0.19858819814503828 0.3812748346127638 0.025950390067709633 0.7061229635824773 -0.7126782136961931 0.34434557463629595 0.0 0.0 0.0 1.0
-0.12938445800790102 0.9924921600860944 -0.007087740950832706 0.11154150304922061 0.9388597621324356 0.11957998550531665 -0.32821742316234787 0.3634459888506955 -0.32422789710188266 -0.04636552336449061 -0.9461315427490896 0.44461344286750687 0.0 0.0 0.0 1.0
-0.16067629234811653 0.9314417126023936 0.32888850255472657 0.09539532157863972 0.9794095382483613 0.19479923939415653 -0.0757187682524911 0.31940182131242395 -0.13436916220687134 0.3109699668397256 -0.9418690513994342 0.45642293847687126 0.0 0.0 0.0 1.0
-0.841619532495079 -0.2597459787036026 0.4673274961836238 0.004211339911463163 0.2826245730083497 -0.9574144421848781 -0.019997201049618683 0.31618228524359043 0.45328562735395866 0.11242259065165057 0.8812346827706347 0.3481610288223206 0.0 0.0 0.0 1.0
0.5456801347202144 0.1949416905387391 0.8142241805509532 -0.1957607563089993 0.2643096888625972 -0.9623844437971577 0.052594982827192605 0.11996066792846621 0.7951399222101196 0.18708225491560537 -0.5766540314215453 0.8030117751264062 0.0 0.0 0.0 1.0
0.5189637274970875 0.23479734805295868 0.8205288710626791 -0.19862873969734465 0.47224213773102436 -0.8790832681849757 -0.0476814886051451 0.16652482019774073 0.7116612197070415 0.4130874854066989 -0.5679161814383337 0.7105728800056615 0.0 0.0 0.0 1.0
0.44293632626525076 0.25776130440416845 0.8593588690851378 -0.3178764027555049 0.4700672755044283 -0.8831041756400724 0.0229713494209985 0.16208467348774086 0.7638206665350229 0.3932953248526019 -0.5123527515332184 0.711078466559497 0.0 0.0 0.0 1.0
0.5191226278873204 -0.10391876944235881 0.8478199618120847 -0.3777778875182364 0.39844394736615235 -0.8483203087273439 -0.34770775917289437 0.3874440096866336 0.7557955592610383 0.518861698180979 -0.39914048034823263 0.6360150368232509 0.0 0.0 0.0 1.0
0.49222904840853504 0.36256707638355556 0.79097941384777 -0.3248801838999811 0.44533644014328705 -0.8858375639764612 0.1290652928746249 0.07439663405019492 0.7475964118498161 0.28872196877026496 -0.5978593982064726 0.8903202728050623 0.0 0.0 0.0 1.0
0.5356003524537566 0.049199356505373985 0.8441761420169122 -0.2952084055385372 0.35825616257939324 -0.9182773757782094 -0.17382853676083376 0.3697435725559798 0.7646893469343085 0.39483500120553255 -0.508952194029574 0.7237598552975018 0.0 0.0 0.0 1.0
0.524120259011457 0.13778879801068633 0.839594346363773 -0.33385146486225736 0.2913186101616049 -0.9554953938915366 -0.0249482224964652 0.2538169896514693 0.7998433119217001 0.2583532331399036 -0.5411538153483757 0.7752097667122562 0.0 0.0 0.0 1.0
0.5476605973412813 0.15382784479187112 0.8232328305478287 -0.2835099502936261 0.4026358713076252 -0.9107337016439332 -0.09760023478663359 0.27172964913664366 0.7333696406722003 0.3847667236912012 -0.5604245929475343 0.7695182784307371 0.0 0.0 0.0 1.0
0.6421347054121839 0.04668209624003794 0.764352316934538 -0.23790088006730015 0.40377828360910706 -0.8684668172724951 -0.28630509251103187 0.39224168455639374 0.6513984394317638 0.4924564914890694 -0.5766039071220638 0.7345848773845869 0.0 0.0 0.0 1.0
0.5773500139811238 0.1846776572121926 0.7953700108733652 -0.1314521070495221 0.3144437200343277 -0.9491606666021611 -0.008035536676731823 0.17850614222178007 0.753542321118612 0.25462991777626903 -0.6059308950186493 0.8045241714188314 0.0 0.0 0.0 1.0
0.5807220222753262 0.20715490467249295 0.7877996331555193 -0.1041795307138928 0.21247592542216467 -0.9727317949650562 0.09937324007528216 0.13771977944233377 0.7858287661591223 0.10951906059425381 -0.6089738742013454 0.7248659440366614 0.0 0.0 0.0 1.0
0.4372841535927234 0.010033356063698293 0.8989464897480489 -0.1600247401079645 0.4815047557902574 -0.8467956007739146 -0.22465131372991484 0.17379671499444366 0.759287016246335 0.5314251542682937 -0.37602750168692145 0.7119746184791582 0.0 0.0 0.0 1.0
0.46802219091407865 -0.06272226771692578 0.8814617065451521 -0.13629273054477006 0.4754585746709728 -0.8232047668338788 -0.3109247762358054 0.2857479709424076 0.7454231099470343 0.564029839383141 -0.35525713539504894 0.6176106807200328 0.0 0.0 0.0 1.0
0.5767067586400266 -0.35269378265726875 0.7368137041724501 -0.20768315528824763 0.41272068278794133 -0.6525382164416949 -0.6354701187086983 0.49716347303569913 0.7050418968421072 0.6705469412217967 -0.23083072883806433 0.5452988780778147 0.0 0.0 0.0 1.0
0.5530263146008814 -0.3467944612161841 0.7576139706220963 -0.21748164720956634 0.43273082635293847 -0.6574733604881274 -0.6167255112753095 0.4818059233142771 0.7123729686798946 0.6685815759710384 -0.2137353589430651 0.5374460916436457 0.0 0.0 0.0 1.0
0.6276212095270605 -0.3638400747879861 0.6883734991032884 -0.20313820061602755 0.4158179361822297 -0.5905999474230941 -0.6915686990176977 0.580610621459456 0.6584374014164294 0.7199853958758514 -0.2193326402442165 0.5670373208199626 0.0 0.0 0.0 1.0
0.630568526344984 -0.37090796268815757 0.6820984563878175 -0.24530897194205714 0.38178147191877376 -0.6171772385627161 -0.6884444307053222 0.5999758813557547 0.6763433283078433 0.694046770404054 -0.2475320678762145 0.6042893963872014 0.0 0.0 0.0 1.0
0.7479523245517847 -0.40794398940450766 0.5236107559494263 -0.13526437676353004 0.19158448111258802 -0.6223521921984002 -0.7589606025682408 0.700727634279042 0.6355943873477566 0.6679615102628357 -0.38739964661861126 0.6813483334959365 0.0 0.0 0.0 1.0
0.7628579998088049 -0.418148133426354 0.4932756093289633 -0.11569729380371613 0.17351926948113022 -0.6023669278073162 -0.7791656274081651 0.7141838698068192 0.6230677911493402 0.6798296723939768 -0.3867684445764419 0.6778674253380264 0.0 0.0 0.0 1.0
0.7949259529236447 -0.402191883586345 0.45456876446291034 -0.08956103072002938 0.15979729188276348 -0.584002747336463 -0.7958145030630162 0.7166399877346188 0.585599586589762 0.7053120848828677 -0.39974133365992814 0.7078474238839783 0.0 0.0 0.0 1.0
0.8017654013104879 -0.38400914775748907 0.45812328303550703 -0.04405755240879287 0.1445461304719231 -0.6194531383031906 -0.7716238325233056 0.7138981082506234 0.5800974602070471 0.6850694531331322 -0.4408950294550242 0.7580998571912068 0.0 0.0 0.0 1.0
0.7997647366130854 -0.39815513764832294 0.4493497238923183 -0.04772440072528479 0.15105984389023008 -0.5910884173998794 -0.7922876170111566 0.7224720965640604 0.5810181918482347 0.7017712598960055 -0.4123797297602117 0.7267425436055261 0.0 0.0 0.0 1.0
0.804168745809902 -0.40855976054599563 0.4316629551186812 -0.036203784658987645 0.1358637695374269 -0.5805460187722884 -0.8026089441139945 0.6812897857358023 0.5788808654541822 0.7040514597552104 -0.41127017382739783 0.7684320230198152 0.0 0.0 0.0 1.0
0.8176831614159094 -0.40882296152519887 0.40546786456156975 -0.012705019962899366 0.14114171631072667 -0.5405251724087133 -0.8292664074033245 0.6690950858702055 0.5582680905405242 0.7354486372496758 -0.38415807839182425 0.7452402788606581 0.0 0.0 0.0 1.0
0.7699953786565649 -0.40245150775331284 0.49509579538503357 -0.07184811941044857 0.20766872122541766 -0.5755368808853764 -0.7907880526297895 0.6474181721698782 0.6032747158399373 0.7118415949380749 -0.3596124877581966 0.725101239982411 0.0 0.0 0.0 1.0
0.7390655778732774 -0.4112454889006848 0.5337992187610168 -0.1352284002318446 0.19487110189361526 -0.6277473668222727 -0.753787709051309 0.6753264190700282 0.6450575356268278 0.660906307596271 -0.38381793559365335 0.7289332155861498 0.0 0.0 0.0 1.0
0.69043541562077 -0.2575216362403092 0.676252808399586 -0.1659098498834327 0.2423982856804611 -0.7984993215858945 -0.5516587471389949 0.5567218218510956 0.6816108933291429 0.5443833177050922 -0.48892833855401613 0.741036783996132 0.0 0.0 0.0 1.0
0.6929914684679407 -0.24875693263807896 0.6772481167468105 -0.16610420799689568 0.2532312564302164 -0.7956098414022063 -0.551416488084121 0.5234684576232249 0.6754300020769627 0.5530505090113692 -0.4879278443432437 0.7350266445940206 0.0 0.0 0.0 1.0
0.6817083423297098 -0.26589443843580185 0.6815939165936847 -0.18324297896851044 0.27614399199744977 -0.7691390185827323 -0.5763045896835763 0.5426649062666901 0.6776675724298674 0.5807947692159832 -0.45101257395349553 0.7349448867594492 0.0 0.0 0.0 1.0
0.6682128814207893 -0.27912852027074675 0.6891498513901075 -0.1777454350756429 0.2893712616827031 -0.7560807769056773 -0.5871336060998019 0.5313764928237267 0.6853806483968492 0.591689277708253 -0.42461752871750996 0.7358217335366206 0.0 0.0 0.0 1.0
0.6910428725898471 -0.29624553479177834 0.6591506785462629 -0.1744697772652062 0.26901619718251724 -0.7409259389366438 -0.6148703775333583 0.5557303857137689 0.671001008244409 0.6023489309075781 -0.4323953187183133 0.7397502247054166 0.0 0.0 0.0 1.0
0.6909484692310988 -0.2885964706032964 0.6629397028160391 -0.17307303251901712 0.2404769142619161 -0.7732739113691991 -0.5871160879907527 0.552980185555724 0.6821215831849877 0.5646158671698122 -0.4647350121734766 0.7651325555709074 0.0 0.0 0.0 1.0
0.6544182834195514 -0.30782790739374966 0.6907183356722914 -0.19541759519379295 0.29648971483705927 -0.7358918985801758 -0.6091292639947088 0.5517843551401618 0.6954519380313618 0.6032212710814725 -0.3904349026937886 0.728450533266727 0.0 0.0 0.0 1.0
0.6637716338709183 -0.2898471505288775 0.6893611715714228 -0.1934367632611542 0.36841898487367525 -0.6753207277584246 -0.638600877661136 0.5752514699676441 0.6510225691677666 0.6777795413289139 -0.3414195837002113 0.6210458399182905 0.0 0.0 0.0 1.0
0.6586626075739735 -0.334084278447259 0.6744014849778195 -0.20177624596066268 0.3749419936030938 -0.6314764189118226 -0.6792289628544895 0.5994497153712125 0.6524798161758458 0.6996527822196644 -0.2907797680173755 0.5792023427682257 0.0 0.0 0.0 1.0
0.6587813066318221 -0.32760627039847157 0.6777283488865262 -0.2038887642855015 0.36620044790979966 -0.6470792205089605 -0.6691942305972325 0.577493176286891 0.657612403260246 0.688326372406512 -0.30601645963182406 0.5755724341004596 0.0 0.0 0.0 1.0
0.6410717175668956 -0.31489604526102827 0.6995712118708564 -0.23938734776749085 0.37778563143408594 -0.6638843988804205 -0.6452396811277064 0.5812264961241785 0.6680958776768066 0.6780795980106491 -0.30647710526534405 0.6268915631701046 0.0 0.0 0.0 1.0
0.6172308392399272 -0.30205508412754684 0.7262853912450792 -0.2573019402937227 0.38161040218372644 -0.6921662681115925 -0.6124591713486328 0.5603356992123465 0.6875965984137249 0.6552859848725651 -0.3119462468139207 0.6068958762805677 0.0 0.0 0.0 1.0
0.6110016308362995 -0.28625703665668323 0.7378097988412814 -0.2750944475273907 0.37921197505202103 -0.7123476871387467 -0.5907262048849272 0.547788862659619 0.6948725847195235 0.640584416138915 -0.32681828871598717 0.6274144016260113 0.0 0.0 0.0 1.0
0.6319576703007687 -0.29213466972393587 0.7176338416658373 -0.283520687528894 0.37287776796377814 -0.6970381288968479 -0.6123299583954263 0.5229377636004553 0.6793254963324117 0.6545214791112312 -0.33216876733130435 0.7007942557313005 0.0 0.0 0.0 1.0
0.6744394307311896 -0.31637311989703304 0.6670667713418719 -0.2161664162518191 0.3673099914429166 -0.6399061141055695 -0.6750311678906474 0.5654281250580535 0.6404345699285904 0.7000653060285278 -0.31554176995976874 0.6697113936771265 0.0 0.0 0.0 1.0
0.6552682742233614 -0.3493799074964754 0.6703215187451155 -0.22065334803888095 0.4469831354402956 -0.536438335683303 -0.7167668856182787 0.6587796253461871 0.6096374099304805 0.7685632029280258 -0.19494514422324294 0.5172770300711482 0.0 0.0 0.0 1.0
0.7299132175478406 -0.3512200649168095 0.5866594686842802 -0.20865070974725866 0.40052469947671543 -0.47585965970652905 -0.7831137560430915 0.72002932215725 0.5539665777274692 0.806218659624116 -0.20660611464473846 0.536550224318707 0.0 0.0 0.0 1.0
0.7705602332624312 -0.33898506167317044 0.5397970524562015 -0.217213430715333 0.4609577473715614 -0.28819733445312995 -0.8389362045174403 0.7191671082787483 0.4402757459696961 0.8956326026296222 -0.06570841293009684 0.45346177649763086 0.0 0.0 0.0 1.0
0.7826439812067151 -0.3159534697314485 0.5369389237990261 -0.16726258447179604 0.5005424262384397 -0.19544474254522543 -0.8439822211707789 0.7354593666006508 0.3717671178256609 0.9287524494245801 0.0055328180585514815 0.35377749944538284 0.0 0.0 0.0 1.0
0.9080628252001822 -0.3743635649403477 0.1877968364160481 0.024785842741473607 0.2582131128335047 0.14652984356380466 -0.9551176726807431 0.8468668621512039 0.3298613738378834 0.9156654121990279 0.229607556464727 0.39701873582978964 0.0 0.0 0.0 1.0
0.9010348640141506 -0.3656829037059723 0.23412831959058628 0.007911758917825307 0.298599077005415 0.13001175894540942 -0.9454744775703382 0.8396581101027234 0.3156080311637046 0.9218416399077553 0.22643071313474764 0.3904998000832399 0.0 0.0 0.0 1.0
0.939450365979053 -0.24484605662761938 0.239323382466088 0.013527170092043628 0.31007391536376244 0.3113979155967969 -0.8985376210888968 0.7844202854069858 0.14552909143858428 0.9184720661532221 0.36840535571865374 0.3444029275639756 0.0 0.0 0.0 1.0
0.9457039550912174 -0.31142997756998264 0.09482977867141505 0.101997945044488 0.201535247797294 0.3308686738214307 -0.9216715348972753 0.7644011678936482 0.25568574050565845 0.8907704310188453 0.3755470884864056 0.2877398727162871 0.0 0.0 0.0 1.0
0.8670494273058661 -0.49699677773133516 -0.029479623657552505 0.19226384665985893 0.04937264988021668 0.1447757894342004 -0.9880120400990404 0.8520537538911355 0.49544764985888906 0.8553273974694939 0.15012424700842877 0.46403657823039857 0.0 0.0 0.0 1.0
0.860584144575351 -0.5085362967334544 0.023744358827117774 0.16874942386813782 0.07797487460250473 0.08571544266480678 -0.9933895817088189 0.8839061241517473 0.5029486179976299 0.8566879316633779 0.11363154696531465 0.5056777381809523 0.0 0.0 0.0 1.0
0.8475041980393374 -0.5300620211117687 -0.03009587658700933 0.17896018783437612 0.05857611092730799 0.1498818960576642 -0.9871580670324608 0.8329229018248131 0.5279879831031752 0.8344266277400287 0.15824653564898153 0.46401973965343934 0.0 0.0 0.0 1.0
0.8488369696712691 -0.5288670030395445 -0.004371293675674678 0.2026078081863982 0.06179964861249657 0.10780575624642674 -0.9920429574070222 0.8392847354444534 0.5254873917666344 0.8416372984882532 0.12421604591192269 0.5178217495976345 0.0 0.0 0.0 1.0
0.8236534231786156 -0.5640861217300472 -0.05498956531805237 0.20996423309579731 -0.01383971999093092 0.0768853149869274 -0.9971134411808863 0.8426855043965416 0.5664666565788449 0.8220153967122926 0.05564532963212698 0.5652894100334449 0.0 0.0 0.0 1.0
0.8263940421034399 -0.5628763292980489 -0.0051085754122452125 0.1531411569172181 0.012073878365231291 0.02675447139680135 -0.9998122707333422 0.8460976151634403 0.5628325118368502 0.8258398104652055 0.028917470238034395 0.6127124723460012 0.0 0.0 0.0 1.0
0.8066863524325268 -0.587919132730562 -0.061028239770386024 0.21794136553868082 -0.06751242439998549 0.010842808330524143 -0.9977939945139466 0.8629790909748547 0.5874377460609733 0.8086081050496895 -0.031045248028544897 0.6517206294246355 0.0 0.0 0.0 1.0
0.8191876448033065 -0.5733974037640249 0.0008037292883675983 0.17733910842401282 -0.005100024712261464 -0.00864761371928957 -0.9997981889411929 0.8735059797565788 0.573416269630294 0.8190764614740766 -0.00992102818555759 0.6501010983655487 0.0 0.0 0.0 1.0
0.8076573143653228 -0.5868597622276157 -0.05553795265952558 0.20292768724759908 -0.08032614568676608 -0.01621530339252742 -0.9968109426158744 0.862022156665175 0.5841007732813578 0.8092427183696488 -0.060292010035579026 0.6875544872197004 0.0 0.0 0.0 1.0
0.8276100478273541 -0.561140441225289 -0.013721489242267206 0.18007399185067108 -0.022537487731808845 -0.009077111503202855 -0.9999403957324988 0.8647598572126622 0.5606887761046029 0.8279399340397633 -0.0202366307405172 0.658206707099803 0.0 0.0 0.0 1.0
0.833387738547118 -0.5513917686377238 0.04206374301431373 0.12911138037419395 0.00781626246294746 -0.06415524243924019 -0.9979950672613164 0.869037745291194 0.5530497855064153 0.8318121150216895 -0.049077809748776104 0.7107132490080641 0.0 0.0 0.0 1.0
0.731443161946209 -0.681826331397976 0.000974048101413491 0.1493681206341957 -0.12979302895006498 -0.1407109592529583 -0.9813562731782696 0.8880358306246892 0.6691834057400562 0.717830364835186 -0.1914575341887683 0.7420965389421453 0.0 0.0 0.0 1.0
0.6793325898946476 -0.7331555464912115 -0.03165777165902304 0.20555151899654453 -0.1854575101364657 -0.12971399228268313 -0.9739522327532428 0.8809293988514034 0.7101106332381706 0.66742758727598 -0.22407681019513243 0.7794297218193313 0.0 0.0 0.0 1.0
0.7026213248628927 -0.6979910821244273 -0.13881776940883847 0.30783043129166165 -0.3310759718493047 -0.14786615622817748 -0.9317332762315041 0.8588821132014322 0.6299977222270045 0.7009637204695622 -0.3348153223943726 0.8460672650756897 0.0 0.0 0.0 1.0
0.6991180340279816 -0.7053718673611036 -0.11740656179421553 0.26458358201031196 -0.29476800782917983 -0.13480736477306346 -0.946191477526008 0.8649956068412831 0.6512554463745429 0.6960627527032219 -0.30219504936629205 0.8294047646168528 0.0 0.0 0.0 1.0
0.7115422086943168 -0.6914852320112872 -0.12584441068902405 0.2789714384333062 -0.30716532538839475 -0.14485653768441714 -0.9407885537629589 0.8602939303610718 0.6322487945639637 0.7077578648980616 -0.3154412811733422 0.8531786055821553 0.0 0.0 0.0 1.0
0.7191814933320382 -0.6826805636818295 -0.12789272038114693 0.26820187340322055 -0.3051097606907342 -0.1451253507462396 -0.9412714426140497 0.8516875289630537 0.6239235469110439 0.7159721214939601 -0.3128232893868177 0.842459258538779 0.0 0.0 0.0 1.0
0.7278017001937205 -0.6748332705417024 -0.121138078458049 0.2788694714136338 -0.301582249344304 -0.15649072050917612 -0.9404106336645466 0.8585168218762778 0.6158619619963129 0.7209029748085942 -0.317441041654214 0.8571997523204573 0.0 0.0 0.0 1.0
0.7406895654633592 -0.664296397290277 -0.10254612615389153 0.2531201012547191 -0.28033232649403617 -0.16657533129921254 -0.945332939763551 0.8582447291317444 0.6108870544215634 0.728863850607978 -0.30949422702520524 0.8563290714084544 0.0 0.0 0.0 1.0
0.8078859738617503 -0.5760213449922915 -0.12456710476264922 0.24065530867285356 -0.20152028448165246 -0.07138362354132802 -0.9768788770139155 0.9303955387100311 0.5538117788532142 0.8143094309749027 -0.17375001160688466 0.7668112648836878 0.0 0.0 0.0 1.0
0.855489385097916 -0.47743510419380975 -0.19997138877067483 0.3175072991626454 -0.23702710595138407 -0.01798030997283429 -0.9712625193272326 0.8476049827376659 0.4600841346015966 0.8784994734939072 -0.12852098447746646 0.7206802388172684 0.0 0.0 0.0 1.0
0.8690236976559794 -0.4469474243667453 -0.21191651349015772 0.3729853084127272 -0.23559095670091565 0.002628163037429474 -0.971737011574438 0.8456757144543303 0.43499102667074024 0.8944943199887498 -0.1029152055917776 0.7101451952643374 0.0 0.0 0.0 1.0
0.8598622232620813 -0.4600851159016131 -0.22103869431347206 0.3533379523429193 -0.24631122556220852 0.005287159408553694 -0.969077313247659 0.8422481940679735 0.44704791306704084 0.887744912422407 -0.10884648104844757 0.6944402997655947 0.0 0.0 0.0 1.0
0.864736496283823 -0.4642965527660981 -0.19239676500375605 0.31971824182871683 -0.20980588883290435 0.014506343764897768 -0.977592660746906 0.8600500996786781 0.45663634206828047 0.885833349902493 -0.08484771384604953 0.6860974814920289 0.0 0.0 0.0 1.0
0.8788044143888614 -0.40324515223528024 -0.2553491761699454 0.3985660484471807 -0.2485239655194572 0.07025344736265414 -0.9661572914585482 0.839536631808664 0.40756656987095397 0.9124607982054342 -0.03853958459055625 0.6521089380786494 0.0 0.0 0.0 1.0
0.9104808384487141 -0.36134038791264306 -0.2019517833202046 0.3843376896086195 -0.18327719405112933 0.08582902627119339 -0.9793410563778026 0.8526728188698587 0.37125580800669516 0.9286332436058361 0.011852890384927225 0.6181652246422337 0.0 0.0 0.0 1.0
0.9093551282154927 -0.286660496028814 -0.3016953906918335 0.3842747865468827 -0.22199156941738712 0.27937517126946254 -0.9343019366958945 0.8223465291772778 0.3519165196977757 0.9165292174729938 0.19037524337612455 0.4958371128425051 0.0 0.0 0.0 1.0
0.8996660283985325 -0.31451628109476304 -0.30302094390929607 0.3976783053887622 -0.22266904403574544 0.26646671089783147 -0.9377426412858582 0.8230910055488395 0.37560760893821615 0.9110195269929595 0.16994046765345636 0.5201458890272399 0.0 0.0 0.0 1.0
0.9456346800770373 -0.15968105742670038 -0.28326573995134785 0.42212610219696656 -0.19330420678371646 0.4230248711543957 -0.8854375366655808 0.7940444632227612 0.26102129041895794 0.8922059299399397 0.36934128192053317 0.36274317966815245 0.0 0.0 0.0 1.0
0.8384954671581338 -0.5006029158983328 0.21508867173265112 -0.04283309417903103 0.31505626804776676 0.12334673238428293 -0.9412609376402454 0.7855312447666942 0.4446219880900306 0.8569283946665054 0.2610572354674071 0.4402942554513869 0.0 0.0 0.0 1.0
0.8114466828561796 -0.5388217357493156 0.22648765020334496 -0.033394225443778125 0.3235765579217444 0.0908108917233708 -0.9417528817610208 0.7970860257943136 0.4871815952917426 0.8373143694200147 0.24804674443164543 0.4300450672130516 0.0 0.0 0.0 1.0
0.9017344870630774 -0.3847284728903321 0.19835600432028608 0.010905525385238313 0.36198571033425386 0.41800300407687396 -0.8338456368293615 0.6821785700769736 0.23839420266052788 0.8231146685240598 0.5166935896240366 0.17477962656624252 0.0 0.0 0.0 1.0
0.8522659599902084 -0.5118609505003727 0.10754430392274736 0.07618668864903078 0.4080653975540491 0.5216263962805678 -0.749045424943019 0.5934816986621487 0.3267484218843874 0.6821768058785428 0.6534356420274472 0.04173443210819111 0.0 0.0 0.0 1.0
0.8419126470893704 -0.5241059803267922 0.12966936722098454 0.06123764478742466 0.4197407554924286 0.4840276393279152 -0.7676650700139294 0.606152314250285 0.33928834488454984 0.7006422666149623 0.6276668505927119 0.06596449150359573 0.0 0.0 0.0 1.0
0.8482499715041323 -0.5197679032275294 0.10217639169582066 0.08609812646596832 0.40839294286778577 0.519893534805439 -0.7499810447222915 0.5864478737902602 0.3372271115122345 0.6776872543713772 0.6535651913571706 0.039497800410714545 0.0 0.0 0.0 1.0
0.8790301072989838 -0.4715925221983031 0.06792062025750391 0.11075760546924146 0.35437060119380326 0.5516100504344027 -0.7549661747998536 0.5930667582306913 0.3182950880980043 0.6881370834553424 0.6517790165144913 0.024745875061130684 0.0 0.0 0.0 1.0
0.8813835396372522 -0.4674572443114534 0.0688545991429425 0.10552597041938122 0.3385525987894322 0.5227454473500354 -0.7820636717566559 0.6373373140502694 0.3295524727249766 0.7127120691487048 0.61904120174762 0.03837979701091848 0.0 0.0 0.0 1.0
0.8936382590925159 -0.43000775566893146 0.12817112747094028 0.06721669488838267 0.3689803496239673 0.5409136480470285 -0.7560932966645317 0.5893434946536 0.2561209712993069 0.7226709339634948 0.6426666311791586 0.0454546199392426 0.0 0.0 0.0 1.0
0.9178579357657035 -0.35933843357835776 0.1692160883949615 0.054461782571534056 0.34464621938269974 0.5106686099926824 -0.7874328502752324 0.5872144179152781 0.1967763403554019 0.7804606573461763 0.5929013820963365 0.11653684583109153 0.0 0.0 0.0 1.0
0.9137139754593688 -0.3692560409310082 0.17047261861312185 0.06319402722894035 0.3435666105165838 0.4743648352621038 -0.8105709506692823 0.6289670685717766 0.21903618564663013 0.7991516771539372 0.5601512268101316 0.11182365991324628 0.0 0.0 0.0 1.0
0.8812660057715608 -0.4439750174095667 0.16116479093155212 0.07413841827418866 0.3760524299515038 0.4539532917189276 -0.8075881126023948 0.6240229447627874 0.2853416642642966 0.7727293804496665 0.5671616892061909 0.13927563907747448 0.0 0.0 0.0 1.0
0.9074252336128693 -0.399287550480967 0.13031482658165405 0.031131025954541675 0.3491509334975995 0.5449649066239611 -0.7623324698648876 0.3426429834485526 0.23329448846284556 0.7374555723056874 0.6340613018062945 0.39505353336558197 0.0 0.0 0.0 1.0
0.920038279438943 -0.3766693373010792 0.10853694946891078 0.037719868176582974 0.3075501171465288 0.5219278735950758 -0.795605324226356 0.3602506498760614 0.24305559195740511 0.7653225337709941 0.5957726078420927 0.40923113739094413 0.0 0.0 0.0 1.0
0.863491427981246 -0.46828833276651344 0.1869206507951186 0.039177023497870236 0.3723521365501305 0.34234999040597064 -0.8627440464734308 0.3878148934660564 0.33987978865491975 0.8144240144345772 0.4701054944754028 0.454530825325089 0.0 0.0 0.0 1.0
0.8636723307309957 -0.47826408222569783 0.15960747386289348 0.02504362154499035 0.36904036378846394 0.3834682554563171 -0.8467452176748574 0.4067960290232207 0.3436704509895313 0.7901131465230183 0.5079619856366305 0.4609469104059616 0.0 0.0 0.0 1.0
0.8611993493740665 -0.49439412881394584 0.11742158247859376 0.04131513247883215 0.3543483618374862 0.41858562181461645 -0.8362317394459862 0.39699749108083837 0.3641110363184125 0.7617732404545656 0.5359870840096417 0.46018843249012964 0.0 0.0 0.0 1.0
0.8818421420737482 -0.4484436286888612 0.14493826310585867 0.025099048784647367 0.36232118470055164 0.4483055522645247 -0.8170297523755113 0.3857391506080528 0.30136319893679864 0.7734153666539805 0.558084866777929 0.4424870524980762 0.0 0.0 0.0 1.0
0.9312347043108102 -0.3419577370906347 0.12531294134193832 0.031055527223011303 0.34672856933552176 0.727198175099725 -0.5922328471330645 0.24700820385194885 0.11143429164278432 0.5950351923955581 0.7959079836112057 0.3587071898492715 0.0 0.0 0.0 1.0
0.9198137612986329 -0.3903384832223242 0.039080392368459595 0.06598646158651426 0.3420529627725803 0.7488992451349579 -0.5674353911398419 0.23617962528376527 0.19223347941545518 0.5350834380962765 0.8226890065119097 0.351521632630844 0.0 0.0 0.0 1.0
0.9158832294560515 -0.40102146991554005 0.028177515311160552 0.0981990065104925 0.3403828153500923 0.7361321367147522 -0.5852179820337212 0.25951627927618076 0.2139727121732513 0.5455319899631139 0.8103607480710909 0.34757718108155194 0.0 0.0 0.0 1.0
0.9118937574446724 -0.41021869845644215 0.0137111143133384 0.10010302722971823 0.33731149655772863 0.7300790112808172 -0.5944146834482384 0.25555181170802754 0.23379556785819394 0.5466753982152892 0.8041314993091624 0.35515370291120907 0.0 0.0 0.0 1.0
0.913404222965936 -0.4069334411433635 0.0077193983709683035 0.0869230233483073 0.33552940631738615 0.7420466889967448 -0.5802390305408718 0.2516039490746663 0.23041167827370426 0.5325987659660859 0.8143321669636839 0.3420525656397063 0.0 0.0 0.0 1.0
0.9161851709937976 -0.40037047463023356 0.014934265052454232 0.10279077407660592 0.32966027735316283 0.7321577771018313 -0.5960036839037952 0.26089096382222 0.22768223819794908 0.5509809074923421 0.8028435420144232 0.3526212425096315 0.0 0.0 0.0 1.0
0.9122220088664239 -0.4096945613784764 -0.0005921427375153865 0.08467585313299492 0.33533992219084 0.7474931122165703 -0.5734105612929441 0.2522250259968625 0.23536580755375106 0.5228793610599165 0.8192675650135192 0.3343841652682424 0.0 0.0 0.0 1.0
0.9278360419204613 -0.37329782726454047 -0.0017477153771384485 0.11520478462810729 0.3115619687847122 0.7763543766975383 -0.5477194421914381 0.24156594324794473 0.20590938547521612 0.507459033388943 0.8366379644133538 0.3419175379160843 0.0 0.0 0.0 1.0
0.9344727250882338 -0.35378096380737495 -0.038725489181973376 0.138906840855138 0.276454795445295 0.7898104764683636 -0.5473607686397765 0.22005689246810015 0.22424286741609836 0.5005583698302157 0.8362702885171011 0.34584357801442583 0.0 0.0 0.0 1.0
0.9313436033553019 -0.35904292834927165 -0.0608595183824136 0.13950030055640758 0.2845513720766022 0.821848326425421 -0.4937396934252353 0.20387457814807222 0.2272871076573668 0.4423754626378198 0.8675909982153264 0.33396184052348277 0.0 0.0 0.0 1.0
0.9457593672345973 -0.30111282693977603 -0.12170791608066762 0.12911431681797061 0.23678998728191555 0.8957469970235394 -0.37602473189724744 0.16406173858865625 0.22230148464938893 0.3268923157650578 0.918391597791733 0.32859455847279995 0.0 0.0 0.0 1.0
0.9403327094669929 -0.2931747010660111 -0.172473884522131 0.13811633093221495 0.2191708268908485 0.9099711791958778 -0.35188653632534184 0.16642606856398678 0.2602044433990856 0.29293120477762974 0.9197876674861714 0.3356160717043025 0.0 0.0 0.0 1.0
0.9498511092955161 -0.29050248502569964 -0.11470737020936325 0.1221690499520689 0.2461813154479141 0.9224900428465362 -0.2973224703156733 0.14497898616303861 0.19211711260578135 0.25398482874661044 0.9478800076525161 0.3203653276501718 0.0 0.0 0.0 1.0
0.951938039347246 -0.26932416271745757 -0.14728316706823533 0.13938504300637167 0.2407470679523545 0.9527796174776857 -0.18604832787516207 0.10041668381238296 0.19036009675472443 0.14187845575378083 0.9715095773695548 0.33269388827678803 0.0 0.0 0.0 1.0
0.949611386762699 -0.2542508716946995 -0.18200044971732737 0.17379250892827136 0.23429962081599062 0.9639791626313643 -0.12432065104751569 0.07510790829409264 0.20702977391423763 0.07554469673923854 0.9755007053416618 0.3195510678760651 0.0 0.0 0.0 1.0
0.9650442509309493 -0.20296326856248548 -0.1655887573140703 0.1706768485958801 0.19819528412681917 0.9790272311395708 -0.045739791496760336 0.041924838517411106 0.17153729310333854 0.01107153555042964 0.9849203136863828 0.31737458068847596 0.0 0.0 0.0 1.0
0.9586994768534428 -0.220973961587897 -0.1797955303222541 0.17513211619259406 0.21950098018990324 0.9748537552768769 -0.02914832664352181 0.027267279456043084 0.18194843169994052 -0.011477819118840752 0.982887152081624 0.31848438637553844 0.0 0.0 0.0 1.0
0.9562618088562365 -0.23186430793866897 -0.17839740339064467 0.16270249147406596 0.23201723845112895 0.9728233098402926 -0.02065119612740873 0.03767412343760611 0.17809373519371283 -0.02200722028545418 0.9841632651762255 0.3104460155487805 0.0 0.0 0.0 1.0
0.9477314680746436 -0.2220665231213235 -0.22862164360228518 0.17159126290767682 0.2267193500212429 0.9740513367835641 -0.006013338212829199 0.02283206224050996 0.2239441423536928 -0.046630910235928004 0.973626662595561 0.3162391765378622 0.0 0.0 0.0 1.0
0.9575479489706886 -0.19973148468651933 -0.20747870078163877 0.16177598980284422 0.2118032738684717 0.9763138921062936 0.037333517563839395 0.022925663607349683 0.19534759847384564 -0.07977553860198622 0.9771641550582548 0.3101202502752537 0.0 0.0 0.0 1.0
0.967733034855979 -0.1654617185474441 -0.19097837016957459 0.1470108194980726 0.19377798776831023 0.9713518180824502 0.14161901319434844 -0.012028124321369849 0.16158457445172206 -0.17385732760739508 0.9720128981298819 0.32390330090962616 0.0 0.0 0.0 1.0
0.9692996189223906 -0.16630721391173403 -0.18258566185689484 0.15237873976674557 0.19189572741392769 0.9728695451348219 0.13373675432789844 -0.0216138505868525 0.15503331662938366 -0.16443046699576883 0.9746265588786734 0.30933366872695744 0.0 0.0 0.0 1.0
0.9564670897449422 -0.20182264030591185 -0.21193933011848287 0.1509205821883123 0.22457196285121028 0.9707675049209386 0.08937009027284284 -0.006205856594125286 0.18733327224187443 -0.13310692454259304 0.9739469307796321 0.32580093104749164 0.0 0.0 0.0 1.0
0.9648754111153012 -0.16305529244640588 -0.20510636400087248 0.14216586442777246 0.1953242112884046 0.9693900443019692 0.14840165378316786 -0.007180700898010456 0.17461282255149466 -0.18309512593171173 0.9676323625981506 0.3214328150124316 0.0 0.0 0.0 1.0
0.9667881154409416 -0.057698909704488655 -0.24920661767989447 0.1699626055962271 0.11523174350110232 0.9681934593915285 0.22398951302071865 -0.055777944366426524 0.22778893164973488 -0.24554559667409812 0.9428915878140607 0.29778723596985246 0.0 0.0 0.0 1.0
0.9465197520995943 -0.00030044074531689426 -0.3232994809863933 0.17536045108900458 0.08556228567295514 0.9647516259490818 0.2493783316789955 -0.041735394856197996 0.31162808744781834 -0.26352556277529665 0.9130366917580527 0.34330557853110344 0.0 0.0 0.0 1.0
0.9568122651851635 0.07709780213581487 -0.27938474149573717 0.15862458753473146 0.07021837526573754 0.8735927924812452 0.4792876185421301 -0.15056488500961565 0.2822432666275667 -0.47855778171555646 0.8301677951243498 0.3461349575598346 0.0 0.0 0.0 1.0
0.9638636088132099 0.12417162596985565 -0.23665492506182437 0.14385746098972368 -0.010270716209841792 0.9024510656607806 0.43311176334138995 -0.13356933982605299 0.2662350208738341 -0.41574006273495673 0.870671899250109 0.3238324960930094 0.0 0.0 0.0 1.0
0.9554890195674299 0.13357029642565027 -0.2649081046451403 0.16502977611827754 0.004665149091635332 0.8863182894949061 0.4660596081934667 -0.14045557639256107 0.2957858122826874 -0.4466452120810351 0.8451479163160254 0.33290492294448526 0.0 0.0 0.0 1.0
0.9508260207210806 0.120700803887323 -0.28616470671625077 0.2020097545033558 0.0161673114244693 0.9010926714744387 0.4347169502562138 -0.12991502097962676 0.3096969469591109 -0.4180964205945805 0.8548309826201103 0.331704423966295 0.0 0.0 0.0 1.0
0.9589828211211339 0.17057101735072638 -0.22573714641986548 0.1820994695295061 -0.04585266343310808 0.8807525024169551 0.47081119509559044 -0.12218508540282211 0.27912167651056036 -0.44145246509911074 0.8532957439380225 0.3326194434761092 0.0 0.0 0.0 1.0
0.9552194561317369 0.1816833132867516 -0.23491857062512164 0.18653431845376375 -0.05004847799767172 0.878153885213882 0.47621770463914026 -0.06693580335505511 0.29234048524733186 -0.4426246532787299 0.847936806774737 0.33204451027223864 0.0 0.0 0.0 1.0
0.9412411655918821 0.21410956227383876 -0.26251356680148036 0.23162035830047986 -0.08189839569944457 0.8965405386280054 0.4387146691326259 -0.07817438489953922 0.32811883349687815 -0.39145852024853234 0.8600864084158567 0.34310397394853376 0.0 0.0 0.0 1.0
0.9729129345022635 0.15617195699630432 -0.17212730671887913 0.1474531394665679 -0.04999296867348938 0.8638532502232461 0.5030824206692532 -0.09051180021781835 0.22637160846612278 -0.4807818623678194 0.8473405589332794 0.3617702538231532 0.0 0.0 0.0 1.0
0.951027969236602 0.11683920598185168 -0.28515469123014475 0.23931499771817724 0.022703585114932895 0.8957781369759112 0.44211783471470695 -0.04453321691295287 0.3073843683237785 -0.42711933389895074 0.8498820813076213 0.3868066215913716 0.0 0.0 0.0 1.0
0.9428170023025311 0.1701907284055521 -0.28856735059766586 0.19409864634314275 0.00659262546683382 0.852399761082689 0.5268457884982785 -0.18143630143121 0.3339702012104742 -0.49846140265764033 0.8014207652411871 0.3693170111356633 0.0 0.0 0.0 1.0
0.9147576336597615 0.17220656669274872 -0.36637900946537544 0.23025310564660806 0.02380723282932246 0.8806182027650356 0.47439664910925955 -0.08307803311154247 0.4035460135694501 -0.44248169179656205 0.8009971269008045 0.3913276505578148 0.0 0.0 0.0 1.0
0.9516858531755774 0.14063400161502204 -0.27278983179051264 0.2012139977962796 -0.000937149635383097 0.8906379460996809 0.4543607638257412 -0.07583894960311355 0.3068418587538165 -0.43294309794690156 0.847497538159645 0.37803750166278777 0.0 0.0 0.0 1.0
0.9403618782231573 0.14862415331402878 -0.3071142436059974 0.22591488230745174 0.009787314567214881 0.8882293499957287 0.46149424171837333 -0.13367098789221332 0.34016251958248217 -0.4364431780272887 0.8335650036964958 0.3629102875573825 0.0 0.0 0.0 1.0
0.9426992704710278 -0.006725172588226678 -0.3340205115650867 0.2584395854048368 0.2033442157368916 0.8048694219297701 0.5577680463097701 0.018279313280823772 0.2650306902872327 -0.593522609543771 0.7598905370203553 0.2574692832573885 0.0 0.0 0.0 1.0
0.9364462873095347 0.022948150013868275 -0.3503952639038699 0.2711641012644699 0.1799186464953351 0.825671681561837 0.5347372929223257 0.019547836605321584 0.3016743056355822 -0.5639360661121866 0.7685023255252542 0.2790394854232944 0.0 0.0 0.0 1.0
0.9405352185262438 0.0023006820656070077 -0.34038842009116466 0.26970426951083665 0.18660745063165982 0.8342855942987745 0.5211996696686163 0.037718333901761714 0.2845190824473554 -0.5539286296415554 0.7836286476605488 0.2615751376371458 0.0 0.0 0.0 1.0
0.9122405925143497 -0.05812620119182922 -0.4063118042106348 0.30198057891898417 0.2571162773346672 0.8539853012965517 0.45502090932367245 0.1221307790233784 0.31961442687252334 -0.5192933561934291 0.7940513208903821 0.2907243614785067 0.0 0.0 0.0 1.0
0.9040263770871071 -5.100972244038664e-05 -0.4281202641644326 0.3091431424576164 0.21083094879279213 0.8720667514716652 0.4451387223758529 0.10570750350676791 0.3721479053610844 -0.49235108370381564 0.7888243395705902 0.3041691795504799 0.0 0.0 0.0 1.0
0.8951358897267983 0.0764911595754101 -0.4394474422574465 0.32515498004654125 0.17670868081186297 0.8431593959513991 0.5061391152025504 0.07662499725675481 0.4097519229454893 -0.5313686775513952 0.7417425561780128 0.30316406723733014 0.0 0.0 0.0 1.0
0.8700256306026434 0.1883349188943266 -0.4555870673336954 0.3249128559632142 0.058019581094902746 0.8783704170273435 0.47344040963209555 0.08673525337664834 0.48978066334555637 -0.4387376646412601 0.7529265097942721 0.27016404365732094 0.0 0.0 0.0 1.0
0.880429684565904 0.1199764242025442 -0.4584349459077274 0.32980939001918436 0.09338354958228233 0.9039109356348105 0.4159719012817852 0.09188370774847995 0.4645505848333287 -0.4093090947351529 0.7845962758198457 0.26200326639487076 0.0 0.0 0.0 1.0
0.8849105655035647 0.03811582498971055 -0.4650691860449847 0.3346035642202697 0.16880834886076643 0.9052162606279167 0.39457264459014685 0.10819283569365654 0.43477011576637287 -0.42758154292571116 0.7942390631827102 0.26774496335272197 0.0 0.0 0.0 1.0
0.8975527173498128 0.06595375175018733 -0.43588374531941 0.2875873733694355 0.13951779689955254 0.8946790123602919 0.4231462581667877 0.11511633471794758 0.4183009292659679 -0.4405910327537364 0.7934715023364581 0.2865034064144124 0.0 0.0 0.0 1.0
0.9203802413558451 0.11351818874311759 -0.3741051905426951 0.2936199238161164 0.0710999698585255 0.8916212116906193 0.44636946148139184 0.11965322901075712 0.38441566281353 -0.4372372673024601 0.8122571409791652 0.258837685789014 0.0 0.0 0.0 1.0
0.938273097028773 0.14379264903112762 -0.3149256839906227 0.2731857433664394 0.04562239061225887 0.8509284267578091 0.5244232286771119 0.09198861697127014 0.3431852632258314 -0.5058054978877622 0.7914121768140353 0.2617720432328319 0.0 0.0 0.0 1.0
0.9589709551692613 0.22844503143234515 0.1674678276413982 0.03114066308497282 -0.266689140581421 0.5290002421166139 0.8060521003891209 0.013210043379915631 0.0956599316117109 -0.8178131580154898 0.5680393129861707 0.3361987556300257 0.0 0.0 0.0 1.0
0.9108698137775463 0.1590198361341315 0.3808294078911248 -0.11036216930750978 -0.40363166799982386 0.5354138204977072 0.7419392996216431 0.021310322644740642 -0.0856531386987917 -0.8295886907221075 0.5516152463344858 0.3314693699919245 0.0 0.0 0.0 1.0
0.8485426989608807 0.2535980827068132 0.46436370893197737 -0.15637794146607592 -0.529002743263347 0.35666978000692645 0.770413042387993 -0.0023607679609119747 0.029840360017142548 -0.8989816341503742 0.43695216942592524 0.3938954726033353 0.0 0.0 0.0 1.0
0.857136107232824 0.27941120242374945 0.4321771465573771 -0.1267053757685504 -0.5002127072313949 0.2500143514885292 0.8291269075958232 -0.04533994359443014 0.1236452022255271 -0.9268383728691246 0.3538053854039423 0.3855900247878736 0.0 0.0 0.0 1.0
0.7243185408480434 0.3089560543654278 0.6180239348786305 -0.2611400833811178 -0.5219106540681362 -0.3405889780916076 0.7826611718700853 0.01710023616608511 0.4519165659296438 -0.8879941966289049 -0.08547468628945712 0.6238418922071414 0.0 0.0 0.0 1.0
0.6564055708717008 0.29794349486685257 0.6928094686663688 -0.3060284513244023 -0.538155517098821 -0.45944989541502923 0.7067062586152315 0.03419708012076342 0.528938901793131 -0.8364630498903294 -0.140979471965065 0.6459568527833854 0.0 0.0 0.0 1.0
0.6364197258318265 0.2541401162903532 0.7284789620752963 -0.3433012157092269 -0.5265777207183786 -0.5454560616556526 0.6515443619757053 0.07475781903560999 0.5628612810869402 -0.7983391049326596 -0.21270640816742473 0.7362592323130769 0.0 0.0 0.0 1.0
0.6326117827020459 0.2594563843425876 0.7296256624375291 -0.33088049855439555 -0.5521910270904808 -0.5102770093911392 0.6595517574641726 0.05866240749022866 0.5436601776359576 -0.8201247702913869 -0.17949373677081812 0.7248822591458752 0.0 0.0 0.0 1.0
0.6497230072190653 0.2266603094221098 0.7256238987616178 -0.3314262228420346 -0.5393819867687745 -0.5363484448045012 0.6495020920688847 0.07142456152295926 0.5368267928208951 -0.8128718562229107 -0.22603403515320167 0.7346833318856808 0.0 0.0 0.0 1.0
0.6558594877068665 0.2457262889662617 0.7148458800166397 -0.3230219224873234 -0.5398067710794712 -0.5103042038608238 0.6701691567939508 0.05897761596022974 0.5288050585256092 -0.8242264443959045 -0.20234058072290242 0.7246179073816343 0.0 0.0 0.0 1.0
0.6691397761687401 0.23683983344583062 0.7040458375115071 -0.3154256099496675 -0.5501389485007641 -0.4782853876814756 0.6841148744124922 0.05778193023805339 0.49908330577903093 -0.8456831123686677 -0.189500526861309 0.7240178258031775 0.0 0.0 0.0 1.0
0.625724321852654 0.09486934729863662 0.7751160464999794 -0.2204311705303858 -0.46363515854990134 -0.754260144643547 0.46651275432781913 0.1590894880763207 0.6279922215046845 -0.6504121198675931 -0.4281116717360918 0.8134194395644802 0.0 0.0 0.0 1.0
0.574243071445389 0.039092105839309 0.816889743701527 -0.2519790385726264 -0.5317465984105129 -0.7400378512919255 0.409716037277579 0.18239475753507173 0.6212595648068341 -0.6707808512171781 -0.403598217995582 0.8061264909237079 0.0 0.0 0.0 1.0
0.5678797607844128 0.15050997352885795 0.8091320712574344 -0.25568957729029246 -0.48958658686325107 -0.7281293406373958 0.478738169173986 0.16106803293263616 0.6622120780544429 -0.6682827320870964 -0.339863602166091 0.764860699736621 0.0 0.0 0.0 1.0
0.8862384621120101 0.187338552224519 0.42393280302128167 -0.24263909118211477 -0.40132847470702204 -0.14886961926611939 0.9038590195747781 -0.05985473877651887 0.23229676814266442 -0.9709204193174586 -0.056988332178272906 0.6489503449701258 0.0 0.0 0.0 1.0
0.914314223863091 0.22305824588258588 0.3375758804477271 -0.16982761882073302 -0.332681308570761 -0.0604331837978936 0.9411204535535617 -0.10538541416827744 0.23031601889242423 -0.9728919934059543 0.01903123702017738 0.625647054914775 0.0 0.0 0.0 1.0
0.9195218631483416 0.27406863491149264 0.28130235250563423 -0.13124165459051954 -0.26607580090392285 -0.09223309150450643 0.9596063933400294 -0.10783199031805837 0.28901969936962557 -0.9573125500729235 -0.01188876539310848 0.6384747037376239 0.0 0.0 0.0 1.0
0.9176376538003291 0.32632900165954265 0.22803161993111232 -0.08136708102116189 -0.19255575409007056 -0.1384226896099673 0.9718109809070319 -0.1107189100754486 0.3483544879363923 -0.9353693342645784 -0.06445316250246598 0.6799358077462387 0.0 0.0 0.0 1.0
0.927418324615088 0.3533178452326378 0.12108816140756953 -0.017499808448829507 -0.07909936132684971 -0.13064269090077446 0.988415694356321 -0.10707478259766116 0.36491426113230113 -0.926302731092181 -0.0932300568306213 0.7013756368493322 0.0 0.0 0.0 1.0
0.9300369818295329 0.3521832493517265 0.10625701885600092 -0.003624716346182999 -0.06402610923881365 -0.12959237197455492 0.9894596861877453 -0.11424321944964683 0.3622507758558755 -0.9268128500395947 -0.09800668998376005 0.7020869202872754 0.0 0.0 0.0 1.0
0.9337465873603018 0.3514385842404293 0.06780996375862884 0.010105370091870514 -0.031338351402485 -0.10848837241679775 0.9934327533891176 -0.08768902125105982 0.3563746510026085 -0.9299421069943382 -0.0905152922218304 0.6894105873536863 0.0 0.0 0.0 1.0
0.9486763800292582 0.3147321903242006 0.03221618156313937 0.03919242951259244 -0.018254677736012838 -0.04693806647189323 0.9987699006004742 -0.1304799982280796 0.3159265971505834 -0.9480241949117325 -0.038821247699522686 0.6541774497788204 0.0 0.0 0.0 1.0
0.9641599382797003 0.26131463523810083 -0.0493808876642075 0.10917511564301069 0.04840713214204394 0.010232522314096758 0.9985824208777352 -0.16331662242334238 0.26157121790189275 -0.9651508893191337 -0.0027783459992008403 0.6340923760581975 0.0 0.0 0.0 1.0
0.9762838925173781 0.2103681397891997 -0.04654131316478432 0.11650957240625173 0.039793057029611036 0.03616167015438044 0.9985737826192165 -0.1779613264748057 0.21169590871251334 -0.977188359430772 0.026933408997717095 0.6295317973578373 0.0 0.0 0.0 1.0
0.9760189534168622 0.21658672414567828 -0.025521630706898488 0.12210519893801729 0.01008950003633002 0.07231592863105894 0.9973928584506798 -0.18367925406764635 0.2178071866333546 -0.9738164851750347 0.06839105145627444 0.636481709592057 0.0 0.0 0.0 1.0
0.9899865641129014 0.13540161386586833 -0.036532852543059845 0.14204542678895876 0.03014475548480849 0.04862836030058892 0.99828597013785 -0.19185259038904803 0.13690132788697998 -0.9897814683137214 0.044047850685168824 0.6330184944335515 0.0 0.0 0.0 1.0
0.9878459142219308 0.15479101807067686 -0.018354741717345715 0.11382525149730482 0.023162134718470725 -0.02963401008296924 0.99950087669517 -0.16892629325243386 0.1541101637353451 -0.9877017503378576 -0.03278654915385152 0.6261241604575042 0.0 0.0 0.0 1.0
0.9830232701506393 0.17754777705115068 -0.04938415554838191 0.14009935069573898 0.04616426919907608 0.022145484877265628 0.9987656829264058 -0.1781958843657553 0.1784505638802786 -0.9837655450248146 0.013569127660351317 0.6268783139251245 0.0 0.0 0.0 1.0
0.9822560752817557 0.17163576307444411 -0.07557951965877854 0.16839264218285951 0.07057704613482851 0.035072618214286505 0.9968889040042292 -0.21593677246700194 0.17375242165379773 -0.9845356174148647 0.022336794536458877 0.6426944377887709 0.0 0.0 0.0 1.0
0.9867263325958081 0.15245503331291688 -0.055640084049077575 0.1598016076936003 0.04698299061442878 0.05983934545020474 0.9969218842762152 -0.19223066692657084 0.1553633253348123 -0.9864745607193677 0.05189105705804145 0.6372140937401497 0.0 0.0 0.0 1.0
0.9793319434574479 0.15905896517156498 -0.12478013110737482 0.2068724333595141 0.11532713551249406 0.06742651354228842 0.9909987079113386 -0.19076912825980855 0.1660650196375542 -0.9848353679445673 0.04767622483854041 0.6453361137641568 0.0 0.0 0.0 1.0
0.9849037888728656 0.10494589811830728 -0.1381117384458294 0.22013625743778403 0.13269404920946196 0.05728236258676078 0.9893315475280341 -0.17776954680044277 0.11177989641063078 -0.9927060064399585 0.042471337623107445 0.6432520212423951 0.0 0.0 0.0 1.0
0.9818462217887064 0.12936349226577298 -0.13863611038403564 0.21948868297666654 0.13575686870645945 0.031092852142202285 0.9902275527169202 -0.1643911013873204 0.13238793004904 -0.9911266935726345 0.0129602265229592 0.6391689354713225 0.0 0.0 0.0 1.0
0.9660858522218077 0.2578983646376814 -0.040070200471710615 0.27486709442584856 0.02513208655340777 0.05851232415187655 0.9986259471668698 -0.13031289830415116 0.25906263110807537 -0.964836629928974 0.04960258047351289 0.4978988684561875 0.0 0.0 0.0 1.0
0.8652703979150564 0.4883963201501394 -0.1075060487228985 0.28053471820797604 0.04534285047565156 0.13749514742711152 0.9887540572121915 -0.15305907349630202 0.4988347320876334 -0.8605720333475785 0.09731125378237357 0.4507020338654226 0.0 0.0 0.0 1.0
0.8247824583926361 0.5628643667961524 0.05171227267275283 0.2374655885053855 -0.06822620755583524 0.008287549232672393 0.9973486383156178 -0.0741908103158064 0.5609459004415819 -0.8264470121659642 0.045214405281659834 0.47240526976498576 0.0 0.0 0.0 1.0
0.8213751967245213 0.524581663046855 0.2230977670472878 0.04258132029166435 -0.4007478264634152 0.2523626681085283 0.8815417553581419 -0.22850835160261682 0.40558063759826307 -0.8132414196677242 0.4176200624927776 0.2563901156433507 0.0 0.0 0.0 1.0
0.8736165778257979 0.3825867264066733 0.3015972494669092 -0.014146373980824287 -0.45615685007985635 0.42085633425327357 0.7862394993852979 -0.06407554669987453 0.17323131282109258 -0.8244180725766627 0.5415180289718006 0.28299288925848104 0.0 0.0 0.0 1.0
0.8405984746693214 0.357725792452213 0.40736717024875374 -0.07120282532915762 -0.5131310758159564 0.2829181558700304 0.8108256567323499 -0.06992285383765895 0.1740963481068911 -0.8901985456891525 0.42101578337983087 0.3024454028032485 0.0 0.0 0.0 1.0
0.8271878446767386 0.5313354634906842 0.18260211449924407 0.045851738897768654 -0.38237293817877493 0.2948064252751122 0.8756919412505146 -0.13734286994484635 0.41196345048028526 -0.7937557768302775 0.44738115788104416 0.242819907710765 0.0 0.0 0.0 1.0
0.7048400559756686 0.5665916455046754 0.4259921972193685 -0.10187058889414491 -0.54530421698904 0.048841373478459536 0.8363942018438447 -0.18821720624278976 0.45309962434326795 -0.8216419029257712 0.3440510304098486 0.2404275468156265 0.0 0.0 0.0 1.0
0.872177914620649 0.3691905752674467 0.32037269752470615 0.034758153581746554 -0.4622418010200629 0.40605113861824815 0.7899135857493772 -0.0491013118357822 0.16080694186747646 -0.837561835894691 0.5249512457013273 0.2886400290898996 0.0 0.0 0.0 1.0
0.8968783206926281 0.23591148591769198 0.3738516795655526 0.062030560496664694 -0.31425836721533634 -0.25355317593635185 0.9142551653893802 -0.33908722592286067 0.309905847668566 -0.937688610951882 -0.1533649336113137 0.4743097138310906 0.0 0.0 0.0 1.0
0.7981332964642892 0.29963402004409606 0.5230805532011105 0.005067765805002705 -0.3227483585190496 -0.5214422167172278 0.7908515633598987 -0.10399042265778102 0.5098556612210856 -0.8001511556057435 -0.3192630447165188 0.507905436454897 0.0 0.0 0.0 1.0
0.7318769989471702 0.3812171248598311 0.5652183497164228 -0.007855361674699815 -0.3113481179330151 -0.5520135976489261 0.7752996751602471 -0.04954231439044929 0.6074831254233788 -0.7424542896637679 -0.28523590258962045 0.46230761119594604 0.0 0.0 0.0 1.0
0.7804691253850601 0.16298436831208596 0.603691099088919 -0.02963175175957314 -0.48113309051178793 -0.46007738837694895 0.7462285143089259 -0.08180532152194149 0.39910740641161996 -0.8729662368218275 -0.2799029069882957 0.5154459802900309 0.0 0.0 0.0 1.0
0.5703561629535903 0.19859531186924884 0.7974384049749574 -0.05040078204215698 -0.4958384056197698 -0.6912912507053854 0.5270385700409669 0.08784425510792127 0.6554817640214685 -0.6953249491274837 -0.2951182904081973 0.4727568201646473 0.0 0.0 0.0 1.0
0.6282902045976371 0.1081037100216595 0.7705034428076706 -0.05620736773346334 -0.5709165198959713 -0.6079251141522934 0.5509891284884909 0.05409615345881081 0.5276018923555909 -0.7856214163917932 -0.32067977660575403 0.5096284112710878 0.0 0.0 0.0 1.0
0.32641699602055596 0.1698830072701669 0.9294532531947475 -0.1174380026810036 0.1576179565184737 -0.9798128502586467 0.12336264403768105 0.12215507014393602 0.9315202409307182 0.10596540254661072 -0.34646704822404956 0.43200350390589315 0.0 0.0 0.0 1.0
0.3163786639584656 0.08125670154290031 0.9453953902754993 -0.08834021069475759 0.3280787823929563 -0.9440870052904996 -0.028644213919443204 0.23259834750550049 0.8901849346931521 0.31923864403134095 -0.32532142333746467 0.43491126433858207 0.0 0.0 0.0 1.0
0.374145216619143 0.05069380395399666 0.9263353656551458 -0.18405194032510347 0.17903168457556212 -0.9835518089621013 -0.018181601578209534 0.24576105830213046 0.9101005118905604 0.17263249716191947 -0.3768585512755374 0.4726848657331139 0.0 0.0 0.0 1.0
0.3534252297925688 0.04522917427648086 0.933997745820987 -0.19086576787348816 0.2506074876801601 -0.9668917088921128 -0.047935139352250786 0.279873850647742 0.9010962937706063 0.2510227217520505 -0.3531216070468586 0.42716167621806583 0.0 0.0 0.0 1.0
0.380682021009557 -0.06201171114668687 0.9230637022865379 -0.24919452353747817 0.2036258581217036 -0.9677410177881235 -0.14935686899129474 0.33196395048769756 0.9022363454075588 0.2448295674281269 -0.35533745371627296 0.4201363852027622 0.0 0.0 0.0 1.0
0.41428896134756477 0.2754064996954442 0.8676786880489388 -0.18929744267628745 0.12361316820809856 -0.9612499217563001 0.2462608665833462 0.06603413764349318 0.9021900155848402 0.005390289440293198 -0.4325812108732727 0.5401745872008636 0.0 0.0 0.0 1.0
0.4114392269596291 0.24145781182815634 0.8791542096993872 -0.22767394085274328 0.1886606257848526 -0.9660581766565927 0.1772308008796297 0.11061560397495412 0.8917245835396983 0.09300650950853848 -0.443140508859561 0.511096490330604 0.0 0.0 0.0 1.0
0.37023749247307985 0.19371036690844742 0.9083721136566661 -0.26114471964393027 0.24887913111245205 -0.9631500972531065 0.10384001324895635 0.18068633906461087 0.8950896994498412 0.18757507061578488 -0.4044310979914651 0.4788856664906501 0.0 0.0 0.0 1.0
0.40637186628998745 0.18627461332509843 0.894686830611427 -0.25116030903761927 0.24200262803029923 -0.96590040903914 0.09120367540663753 0.20109268977642453 0.8810505158862849 0.1797360895291534 -0.4378774395700259 0.5121787796644077 0.0 0.0 0.0 1.0
0.3291738252366347 0.158404516443231 0.9308855940692151 -0.2761090666857424 0.2582525230941451 -0.9635142441852598 0.0723061924569963 0.19701090172081842 0.9082610985421485 0.21667028984365544 -0.3581522257306004 0.45448185874168867 0.0 0.0 0.0 1.0
0.3634340226558174 0.18286941711675755 0.9136350172186005 -0.2637177574155918 0.25578800387052447 -0.9622991769275178 0.09084751625850102 0.18338563796625607 0.8958813785624263 0.20053931524452015 -0.3964613182615429 0.46179036416858477 0.0 0.0 0.0 1.0
0.38424034788153216 0.21105789444743187 0.898979907922486 -0.21310850074934218 0.2642052269266433 -0.9581266231468339 0.11205209221517959 0.17771681486848157 0.8845393634690142 0.1943644864297782 -0.4238832430509482 0.48422884210170514 0.0 0.0 0.0 1.0
0.4951461466836832 0.24096200474638244 0.835085811218527 -0.15373539214540782 0.3030142338196964 -0.9481540946836592 0.0940345875404993 0.20728916678603707 0.8145526445530441 0.20645240915546376 -0.542446215449251 0.5494809786467629 0.0 0.0 0.0 1.0
0.5210375413574729 0.21980019434847425 0.8252801154367941 -0.040089608895529816 0.34967171366012617 -0.9366084010056538 0.028351332389970826 0.3048867668147592 0.7785889047109168 0.2738078224222849 -0.564689456919025 0.5459283672228776 0.0 0.0 0.0 1.0
0.5627190737994987 0.18035944203605472 0.8068365980204208 -0.035898911059488836 0.33819027068931184 -0.9407849039548963 -0.025364078038312966 0.3298683477197862 0.754477502437433 0.28753986402545767 -0.5904552768958672 0.5401715893175538 0.0 0.0 0.0 1.0
0.5565652090768037 0.1660079517696995 0.8142219171851856 -0.04590704195783959 0.3228388908227222 -0.946133025638129 -0.02763261503180374 0.3422493229576296 0.7658386818723564 0.2783019538737519 -0.5801227043200885 0.5503395242247511 0.0 0.0 0.0 1.0
0.5918652713726824 0.0911056352296467 0.8007746855921886 -0.033896166650927914 0.2832313714176262 -0.9538005672720787 -0.10112876194227557 0.37151705505956667 0.7545350565815891 0.28669611308163323 -0.5901399782705286 0.5558486243357891 0.0 0.0 0.0 1.0
0.5807706091297885 0.13625976227602057 0.8029267469994649 -0.0255748128148049 0.3122358977822718 -0.9478779549100596 -0.06521600948285358 0.3442182306712667 0.751968843841592 0.28845533983293675 -0.5928980843067045 0.5404977543343221 0.0 0.0 0.0 1.0
0.5913512780838291 0.16451167408668377 0.7897102588378025 -0.021447039857831994 0.35071065258255524 -0.9340530839572408 -0.06836071544513152 0.3497755316023729 0.7262525882145433 0.31730982969705696 -0.6100550435160118 0.5897743507376134 0.0 0.0 0.0 1.0
0.6205398527805985 0.16374870125030724 0.7669937128062723 -0.07115814677363218 0.3216592934080469 -0.944914621403662 -0.058615003119783446 0.34498089410640537 0.7151228489544218 0.283004747532807 -0.6394149229856368 0.6470619060429199 0.0 0.0 0.0 1.0
0.6098925989446454 0.15510747633785288 0.7772613128072351 -0.06263301326446183 0.33996607539264734 -0.9369847823699047 -0.07955653417285334 0.35927323766294195 0.7159748753173727 0.3129162730516326 -0.6243175168940068 0.6255969249939872 0.0 0.0 0.0 1.0
0.6337168900317681 0.16095788646307538 0.7570919682058354 -0.061138638462407593 0.347977403520466 -0.9331158571039271 -0.09337655991884214 0.3347233193338926 0.6909638063522144 0.32250426751105754 -0.6473901544661055 0.6591172690721095 0.0 0.0 0.0 1.0
0.6783594338625729 0.14806631443668922 0.7193838530124973 -0.08983706476695376 0.3323990075969395 -0.9351313432966107 -0.12088191090001776 0.3619307974505853 0.6549548165902555 0.32128691309684737 -0.683869025304104 0.7092013390714916 0.0 0.0 0.0 1.0
0.7130530899507751 0.1459949219477245 0.6855004605009082 -0.08849227841841983 0.36964314923289415 -0.9091391229657163 -0.19066111243511266 0.3558607841844039 0.5953821970921718 0.38961736760649257 -0.7026709733656937 0.7392738661513353 0.0 0.0 0.0 1.0
0.7447673181354799 0.15708740210554598 0.6484117391588025 -0.045182448137452424 0.31905636846548985 -0.9373257540039454 -0.13950245829272434 0.37158905006051657 0.5857808598601708 0.3107862606471223 -0.7483942927135144 0.8017982543958878 0.0 0.0 0.0 1.0
0.7498985162511064 0.150913761018403 0.6439057374592486 -0.03948711171598211 0.26253024997807484 -0.9616772794005862 -0.08048635190600682 0.3377199550426608 0.6071052261496684 0.22941504580855168 -0.7605662256564113 0.8174398498580763 0.0 0.0 0.0 1.0
0.7954123778610386 0.1464495902135795 0.5883764296600293 0.006728900108692801 0.25069293977056606 -0.9630300375106506 -0.0988162863463335 0.3573877672477053 0.5521045907693807 0.22623696424185624 -0.8026769888716045 0.8707641732013923 0.0 0.0 0.0 1.0
0.7523534936179468 0.0347359499685212 0.6582179380711095 -0.060866574644573665 0.23478144511991417 -0.9473492777248282 -0.21846893654504948 0.37856717530488665 0.6158968490507993 0.31879405573821656 -0.7206629396167359 0.8243207139626875 0.0 0.0 0.0 1.0
0.7972544063080491 0.08622244278441449 0.5976738902819971 0.010268710285561172 0.23105739082803464 -0.9580096530545048 -0.16986214100852143 0.3865263455395008 0.5579871497087031 0.2735364216597561 -0.7836825003594634 0.8914937307522117 0.0 0.0 0.0 1.0
0.7916475834871042 0.1112848393447045 0.6005363441032604 0.01263009029553483 0.29172704578333136 -0.9328929987173159 -0.2116136599181812 0.39649494374394567 0.5366310021201183 0.34287918960136127 -0.770857934996327 0.8934690921738995 0.0 0.0 0.0 1.0
0.7956690393032327 0.0796634202123596 0.6004350840461606 0.011969840569351589 0.25198717255737485 -0.9449366819435333 -0.2084894435734184 0.3824577849235361 0.5504308088320485 0.31727382608773524 -0.7722842085991561 0.8937668713827963 0.0 0.0 0.0 1.0
0.3611947092478233 0.05932318013789643 0.9305851320343468 -0.20695664521254475 0.39579542344601465 -0.9132330164462124 -0.09532590954433989 0.3532674998708716 0.8443619091850351 0.4026058036622745 -0.35325496974264664 0.47260938659732493 0.0 0.0 0.0 1.0
0.24909475769579592 0.08249751493284159 0.9646183507260603 -0.10759559522005718 0.505815278493154 -0.8606945237969195 -0.05652068347143918 0.08267064393971149 0.8258440181798459 0.5019185044085022 -0.2560354606416934 0.4877701212010086 0.0 0.0 0.0 1.0
0.24061372520214866 0.05728820933665479 0.968337867257968 -0.07141169595087189 0.5776941628614986 -0.8107269858172736 -0.09548504023435221 0.08924693852815738 0.7797973805324814 0.5827251991873579 -0.22832943021380275 0.4807732990654232 0.0 0.0 0.0 1.0
0.28063475299032115 0.08027725799824058 0.9561942679625115 -0.06833903968538413 0.504766796661686 -0.8600622909080621 -0.07582357854301928 0.08153179152866369 0.8164442378995532 0.5040555395414635 -0.281946498760048 0.48769107455600735 0.0 0.0 0.0 1.0
0.3998825717189513 0.19389973832569163 0.8961911138502414 -0.10955635836899713 0.48908091197946946 -0.8717408754452864 -0.029214885150847723 0.05749902230825883 0.7753767670468047 0.4498736888629882 -0.44322858236304147 0.5441655540833081 0.0 0.0 0.0 1.0
0.47556154312622567 0.217575223967307 0.8526457103028826 -0.036280018911598724 0.37259166095706986 -0.9276187486252424 0.028509371989792025 -0.11620992744833263 0.7972628558317522 0.30401177733579116 -0.5220832153386686 0.581430731374547 0.0 0.0 0.0 1.0
0.49327717956422645 0.07895359526605443 0.8665651914402333 -0.08259767198971614 0.4265493259119524 -0.8899608342564663 -0.16249225139250328 0.0950294453792147 0.7580226383567619 0.4500180571686743 -0.4731688674604875 0.5788365599925493 0.0 0.0 0.0 1.0
0.4453369360492622 0.4106025431226005 0.7954487849122552 0.10504026822408133 0.39329030168317086 -0.8878236940851325 0.23832393760014 -0.23400586395628006 0.8043160108716375 0.20674836832524518 -0.5567148212331827 0.5817747994095834 0.0 0.0 0.0 1.0
0.44259168723584863 0.3356253194925144 0.831590806982638 0.0645791777686098 0.41664931357665796 -0.8978642072202588 0.1409852466986137 -0.08938008898694338 0.7940841763415268 0.2841722455127254 -0.5370975430374119 0.5746760564022054 0.0 0.0 0.0 1.0
0.44573473037025263 0.21104281404049702 0.8697972614294671 -0.019194665472052536 0.3818270862865954 -0.9236652773162507 0.02848718946628324 -0.021415136809645567 0.8097455664531529 0.31922065048331766 -0.4920920941405427 0.5439152282299478 0.0 0.0 0.0 1.0
0.4287600295860438 0.1856860965527095 0.8841758950944759 0.003239593264746446 0.38495997627900097 -0.9230771828791893 0.006860771666401469 0.019799415472465325 0.8172955851562038 0.3374599107952163 -0.4673336299962259 0.5339755853721444 0.0 0.0 0.0 1.0
0.5126256235424034 0.07384476292109145 0.8557121739156505 -0.2806522670580856 0.4139070060111966 -0.8941697962371313 -0.1706880694156275 0.28784264655451597 0.7524615868407534 0.4416319248764994 -0.48869088217278933 0.5794489433706111 0.0 0.0 0.0 1.0
0.6023741243946548 0.2806533631794172 0.747107288839797 -0.22054648207396138 0.37914170000030706 -0.924368629895295 0.04183648764998677 0.2682980941455161 0.7026288716353041 0.2581933687167068 -0.6630235289194703 0.7027793503192423 0.0 0.0 0.0 1.0
0.7461268417414268 0.2768222778978379 0.605748555535793 -0.0037927283815610696 0.3805325427275329 -0.9235099033114339 -0.04658670309947771 0.2979835884375469 0.5464887188235509 0.2651065972973497 -0.79462460747672 0.812397239432437 0.0 0.0 0.0 1.0
0.738125367775558 0.4090663681140458 0.5365028762750965 -0.0065331002447488185 0.36324734824832566 -0.9110772859330769 0.19490824663110246 0.17409647875389248 0.568526154628048 0.05101646208127255 -0.8210816299053512 0.8811401757527554 0.0 0.0 0.0 1.0
0.7772093021451079 0.3757733289657213 0.504538113457951 0.058566784101107036 0.29847739237051196 -0.9263898153232485 0.23001815120286287 0.15111353293688146 0.5538502894623981 -0.02819688018456949 -0.8319655511896009 0.9008135473060418 0.0 0.0 0.0 1.0
0.7759393127957043 0.3880798528610272 0.4970201239219359 0.05027311776305535 0.288104053650281 -0.9192212731486747 0.26805046243919184 0.11285433390089136 0.5608705737637714 -0.06478221003881861 -0.8252907582724357 0.915340677103242 0.0 0.0 0.0 1.0
0.7810671438963215 0.42988650338147594 0.4530368484924569 0.0766645720798463 0.38862605458527677 -0.9024075288511139 0.1863152583204973 0.15465632637457694 0.48883230466206695 0.030532136939577705 -0.8719495597970279 0.9551646126599344 0.0 0.0 0.0 1.0
0.7747500348984255 0.4345276557322076 0.4591299759930369 0.07604756473384608 0.36440224669745197 -0.9002743371214961 0.23743169356539248 0.19047060076780375 0.5166245351857613 -0.016595362295343502 -0.8559918611228382 0.8781341030721982 0.0 0.0 0.0 1.0
0.7767261392678312 0.42476884474544363 0.4648305117293237 0.07145903373793279 0.3156643558685828 -0.901595396189145 0.2961569860633593 0.12816669812518144 0.5446405803875219 -0.08325110212911553 -0.8345179040664054 0.8896366281118218 0.0 0.0 0.0 1.0
0.7430333499005535 0.40951109116621637 0.5295382928684104 0.021399274475322465 0.3166559251058432 -0.9118714339048325 0.2611072391347248 0.0949371017922602 0.5898008559642368 -0.026336385360250243 -0.807275311518428 0.8632996242364804 0.0 0.0 0.0 1.0
0.7503406852960458 0.41378896491575134 0.5156670172738367 -0.00869666775210566 0.19378044408893075 -0.8832141928924486 0.42689835232105755 -0.030437470968417278 0.6321168340411951 -0.22043841592648966 -0.7429975025415525 0.8473199935537568 0.0 0.0 0.0 1.0
0.7750005854591164 0.43911203203563764 0.45475347992120274 0.05177524465305024 0.20044111583758223 -0.852725059947457 0.4822098656201614 -0.055692654952450814 0.599599928746052 -0.28269613268232774 -0.7490004451201178 0.8659867120187924 0.0 0.0 0.0 1.0
0.789530513393796 0.42309498928246536 0.44458845323422536 0.06891044675763008 0.13887405758676374 -0.828585765963083 0.5420814952777211 -0.12531755053300705 0.5975580189340772 -0.36625576332634396 -0.7131282245241176 0.8580468958092589 0.0 0.0 0.0 1.0
0.7775154469653233 0.462434322526896 0.4263936267840745 0.10049836772362754 0.19171663688430385 -0.8198961745476182 0.5394763469711991 -0.1215887296104217 0.5991132733941337 -0.3376361802587459 -0.7260002962039305 0.875223030799765 0.0 0.0 0.0 1.0
0.7854068985171867 0.4948307607666843 0.37167007850830636 0.15520806028784848 0.2552039761399951 -0.8062157993590162 0.5336362944060806 -0.16033270104400105 0.5636312611050608 -0.3245864695132423 -0.7595793119856243 0.9049731948921215 0.0 0.0 0.0 1.0
0.7646142964606577 0.550050154717199 0.3355556334087578 0.20258853227229295 0.24002266662295307 -0.7261932176559919 0.6438480489217898 -0.2173779514460276 0.5979064214750974 -0.4120420594242719 -0.6876140253442684 0.8494169618278575 0.0 0.0 0.0 1.0
0.8499554780632499 0.3875445950858741 0.35731443149812503 0.178381412679141 0.05763702476515683 -0.7430083519652181 0.6677345527937727 -0.191104677723222 0.5242602793016714 -0.5465129421927355 -0.653325098034957 0.8372347710094649 0.0 0.0 0.0 1.0
0.7718557326603387 0.4042687273852526 0.4911365092472199 0.08548196965680394 0.10084096437429098 -0.8402464582257536 0.5330159429772422 -0.12097017366227229 0.6280948291872148 -0.3620018227153529 -0.6889587047232717 0.8085184399292643 0.0 0.0 0.0 1.0
0.7340823786485333 0.44240757759942895 0.5149991278064492 0.043254523611730634 0.28248151610232825 -0.8886015470059655 0.36111188986859016 0.004225677281759252 0.6173276393246313 -0.11953810160705602 -0.7776652013722782 0.8448614079803356 0.0 0.0 0.0 1.0
0.7042129002595103 0.45911581269987506 0.5414519621308146 -0.014535479179712887 0.36286104414509296 -0.8884552105328396 0.28119115383738147 0.06959999243343937 0.6102504777723088 -0.0015068630925226764 -0.7920019570703871 0.8249826798597776 0.0 0.0 0.0 1.0
0.689351462193964 0.45714359289469636 0.5616983919431539 -0.036380091590686045 0.3567343846731309 -0.8893227500418296 0.2858002641911577 0.06024439127894104 0.6301602209237404 0.003375248178770379 -0.7762883609396602 0.8080965911188801 0.0 0.0 0.0 1.0
0.676041135848198 0.47331539460745786 0.5646160422791116 -0.016604785718659913 0.3683276648395821 -0.8808156458157025 0.2974090007466716 0.0447157542778923 0.6381836910787085 0.00698057479471249 -0.7697274596289074 0.8133885580621495 0.0 0.0 0.0 1.0
0.6439107333451253 0.4829961054938813 0.5935486604779402 -0.02915217008925857 0.38206470642593926 -0.8748480152149413 0.2977433246096721 0.04921987907228759 0.6630858706628459 0.035078790479164054 -0.7478904282737475 0.7993525371479888 0.0 0.0 0.0 1.0
0.6653614309765425 0.486353910550492 0.566138780372072 -0.014641955779525768 0.32304238016537784 -0.8716583927205455 0.36863436640182023 0.019087913993863087 0.6727895228479572 -0.06252675769372337 -0.737201670165923 0.8058308438362358 0.0 0.0 0.0 1.0
0.7390429450322495 0.46874954039192274 0.4841865657007274 0.04572992953674823 0.2095820355822441 -0.8429401974230575 0.496047418227596 -0.07010018569278086 0.6405067822551366 -0.26495671928236425 -0.7209618570823345 0.7885702219594863 0.0 0.0 0.0 1.0
0.8098599839417467 0.42983659786797246 0.399207164498325 0.11160740760657992 0.06586094734272187 -0.7430554910342384 0.6661444609926196 -0.1526450453553086 0.5828519610199145 -0.5129673300079072 -0.6302828993344356 0.758111893244743 0.0 0.0 0.0 1.0
0.8540133787740937 0.3695775132725463 0.3659389266705411 0.11822707369917679 0.03305018015574839 -0.7400465908308405 0.6714368552774919 -0.19929698898945158 0.5188688436726466 -0.5614693303478896 -0.6441852759646347 0.7590316623331046 0.0 0.0 0.0 1.0
0.8372965294584422 0.38675626009819214 0.38630598215539586 0.10903652622240678 0.04242499458826502 -0.750688092125394 0.6592780995842141 -0.19145734868861983 0.5450124691636499 -0.5354093779806981 -0.6448120086031671 0.7418920041825076 0.0 0.0 0.0 1.0
0.7771934999709784 0.5966734433696725 0.20182063291656646 0.2907327241214766 0.28629878805172776 -0.6205063882597937 0.7305261732352408 -0.21746563357842277 0.560617131632977 -0.5102801685061811 -0.6531248648284765 0.8039361377762382 0.0 0.0 0.0 1.0
0.8007405923072805 0.5539743901056811 0.22725948857752953 0.2733416868467313 0.26308464777352475 -0.6667675779108698 0.697431341380168 -0.19947744776803258 0.5378986316381084 -0.49856621024984865 -0.6794394144379539 0.8102286193451887 0.0 0.0 0.0 1.0
0.7997084001837826 0.5575984158634416 0.22353441733492982 0.2720648474327798 0.28381802559457486 -0.6793184453741109 0.6775989741131576 -0.1798470365633842 0.5291369904710648 -0.47836405969248635 -0.7016687000417441 0.8143063765432983 0.0 0.0 0.0 1.0
0.7876185973596178 0.5836230328094035 0.19848179868669533 0.3040805105937369 0.30000349347855837 -0.6442428849398195 0.7039418179565171 -0.2404421304235066 0.5386217197679202 -0.4947751587314887 -0.6824815186443005 0.8303485369445538 0.0 0.0 0.0 1.0
0.7797551119744343 0.5734626116484111 0.2509653099498044 0.24574097108687132 0.2989124387033739 -0.6936340282582873 0.6557096622997679 -0.16682591846096442 0.5497860352678052 -0.43613862804402387 -0.7126151565807681 0.8278742774582999 0.0 0.0 0.0 1.0
0.7492319869337586 0.45956993293987763 0.47701985083771964 0.01528018835544264 0.2547209138855578 -0.8649238397051644 0.4327981924093341 -0.012906693233507821 0.6112503569267682 -0.20278194367785604 -0.7651490747426213 0.8369652483045296 0.0 0.0 0.0 1.0
0.5964563275957914 0.47914662602239766 0.6441763939831062 -0.061817772014759007 0.4112968199682594 -0.8716027658614055 0.26739919492107483 0.03440680794824936 0.6892811039060652 0.10540521692318362 -0.7169592132260871 0.7755932282386546 0.0 0.0 0.0 1.0
0.5618923405546394 0.4414070275431419 0.6995851098201485 -0.0579307678059592 0.37837590873095145 -0.8889822639215154 0.25729505143139664 0.09121952699786626 0.7357145427013579 0.12013171014170913 -0.6666922074341352 0.7537995701839961 0.0 0.0 0.0 1.0
0.7311305123928103 0.5956966318460787 0.3328228750999952 0.04816968895563168 0.4720624142248606 -0.7939593781546844 0.38354874320077254 0.05087782304677717 0.4926259599012545 -0.12322746541386682 -0.861328124744332 0.7825286518928698 0.0 0.0 0.0 1.0
0.8006449691930089 0.4817956414168953 0.35587975731178556 0.1685019364094959 0.37882172064497643 -0.867450232697918 0.3220309396127198 0.14091078032665294 0.4638054418896046 -0.12314671673250453 -0.8773019697605434 0.7387145172396681 0.0 0.0 0.0 1.0
0.7878214822582781 0.48366636248286027 0.38146861600816323 0.15122820617095256 0.4248948755137538 -0.8748741425408841 0.23220053670997987 0.11900588656916569 0.4463511330055012 -0.020824003565037635 -0.8945685006973182 0.8917766573679928 0.0 0.0 0.0 1.0
0.8081775625247221 0.47259551762945784 0.3512021318212495 0.14159217398648177 0.40292390794587424 -0.8790269315748339 0.2550571225617384 0.08998643688902566 0.4291263952473904 -0.06468429371091215 -0.9008159655515888 0.9408009458933547 0.0 0.0 0.0 1.0
0.7611280418537507 0.5022405345268675 0.41042492937240654 0.09571620338937278 0.41942029099354433 -0.8640542044975301 0.27890347387339826 0.12546323114133412 0.49446219334967534 -0.04029011083561802 -0.8684075379622994 0.8635008909747447 0.0 0.0 0.0 1.0
0.7672019491274897 0.47217066167795263 0.43408083617751336 0.08115948691797734 0.3623330090844419 -0.8777609720331965 0.31373568734304746 0.12289668542136985 0.528857438659802 -0.08358270472315316 -0.8446799163249464 0.8192499436948173 0.0 0.0 0.0 1.0
