ms_since_push,fed_t_at_drain,kind,frame_id,is_keyframe,recording_frame,t_ns,engine_t,engine_t_hex,tx,ty,tz,qx,qy,qz,qw,body_tx,body_ty,body_tz,body_qx,body_qy,body_qz,body_qw,vx,vy,vz,bgx,bgy,bgz,bax,bay,baz
207.451,254668.046020958,1,1,1,2,254666711706916,254666.71221142099,410f1655b29be6c8,0.0041171677528699172,-0.02863984568965576,-0.0036425270149820291,-0.094673093358445204,0.84786012655768095,0,0.5216994514205463,-0.00064826534437563042,0.00450946103356893,0.00057353060354703076,0.36889721002580256,-0.36889721002580256,-0.53258364450690876,0.66647161356398077,-0.041732773634017464,-0.040503882067137252,0.016705759984478378,-0.012069291227469008,0.0012719402993654791,0.0025583089865538022,-0.018280425470896158,-0.037716805690295577,0.013852048097306453
179.478,254668.046020958,1,6,1,7,254666878390916,254666.87889542099,410f165707fa528e,-0.00056139926463228285,-0.036356958959477333,0.001171171763095117,-0.096353282160086595,0.85085126922390097,0.012428860860938473,0.51634653025583011,-0.005764938879172129,-0.0033670878957951919,0.0060653044388755701,0.37390065483514551,-0.35632359170841771,-0.53351062884971157,0.66977474363419187,-0.014695393601553846,-0.050470946959929486,0.056505757427364398,-0.012069330179378857,0.0012719581973728046,0.0025583082311195012,-0.018226448375984673,-0.037676992722287417,0.013628230058154762
154.150,254668.046020958,1,11,1,12,254667045075500,254667.04607549999,410f16585e5cd4ed,0.0024875664541162378,-0.043604683119416891,0.014113448530010508,-0.11388949454593567,0.85574890932389336,0.019329278919366172,0.50433066475475763,-0.0037841319212304977,-0.010780778215793213,0.018869288974468552,0.37028348735588723,-0.34294775968452818,-0.524573808919641,0.68563787243301078,0.021132961054957398,-0.048614398826257052,0.090522562687431612,-0.012069330860132373,0.001272043509367044,0.0025582919731924384,-0.017947768925614678,-0.037708628916983296,0.013229702411816452
129.133,254668.046020958,1,16,1,17,254667211606791,254667.212606791,410f1659b36b3072,0.0084617211308546311,-0.050744227642387216,0.028437007309016313,-0.13064447764866405,0.85738049090816715,0.036656820151316521,0.49647461669137949,0.00077743540721355534,-0.01829652584171456,0.033677174552403717,0.37698084422515526,-0.32514027339297469,-0.51387994943585824,0.69863913666000044,0.019920683259194102,-0.039182015339060086,0.088750289069796845,-0.012069262426014469,0.0012721253634948831,0.0025582793597356888,-0.017495563725836417,-0.037775173447644063,0.012632151444723455
104.407,254668.046020958,1,21,1,22,254667378289666,254667.37928966599,410f165b08c90539,0.008839231615683828,-0.05719739967539049,0.043034416960551818,-0.13811406437517948,0.85329670241761424,0.039355575535151038,0.50125885004832726,0.00056752429558837823,-0.024872572591708178,0.048137882840453228,0.38227211616652407,-0.32661492897054317,-0.50571047969163552,0.70103325748868039,-0.016406770915772674,-0.046637690813162394,0.081228689274870841,-0.012069142233411821,0.0012720941851473409,0.0025582753162350399,-0.016966454093839619,-0.038052761171514585,0.012082316566234166
79.498,254668.046020958,1,26,1,27,254667544972375,254667.545972375,410f165c5e26c3b9,0.0051373034672481301,-0.067816741079579065,0.055984027034336456,-0.13739669748879135,0.84954265763035952,0.039578999890520494,0.50777256362043177,-0.0031942149042981424,-0.035504238726435898,0.061068212836340938,0.38703599195408123,-0.33106283501297912,-0.50356322421278377,0.69787149205689358,-0.021361305596765946,-0.087867288775682076,0.070534182555036545,-0.012069045352580771,0.0012719886676634642,0.0025582851685664485,-0.016584784948080005,-0.038394104099764535,0.011710012306672268
54.847,254668.046020958,1,31,1,32,254667845001625,254667.846001625,410f165ec49c7ffe,0.0027104752560059633,-0.096840873745517295,0.070450270376988366,-0.15977160441990318,0.84302642200764533,0.062863242960270627,0.50973302042841584,-0.0076741523827478231,-0.065216748177470918,0.076056975543792371,0.40488668995170629,-0.3159846415478858,-0.48313410194028827,0.70908526578131359,-0.0011776597084703145,-0.11270500230387456,0.015736264162327554,-0.012069089306820182,0.0012719298030689076,0.0025583004452835365,-0.016088514869683573,-0.038743527718096631,0.011358454369158964
29.731,254668.046020958,1,36,1,37,254668011684458,254668.01268445799,410f166019fa4f22,0.0014723047999561228,-0.11929209789032524,0.069328224816410378,-0.15938398101941414,0.84269586668746355,0.073202044665173049,0.50902056611848767,-0.0092051955458497779,-0.087878357968025206,0.07553538861528078,0.4116935452916452,-0.30817022368708274,-0.48317445516578927,0.708577436751335,-0.01627821925888458,-0.15291680986981826,-0.020202485982092316,-0.012069123671765613,0.0012719419240871997,0.0025583140918107551,-0.016122628568136677,-0.038869037841498894,0.011349186265818262
5.838,254668.146030541,1,39,0,40,254668111694041,254668.11269404099,410f1660e6cc2224,0.00027728311558052054,-0.13489412201374801,0.06604040383815088,-0.15724212118592273,0.84277950160423232,0.078367522114100641,0.50877913841946132,-0.010436544895335031,-0.10356710117288735,0.072612512065759735,0.41517537416806205,-0.30434696449345466,-0.48474811755332403,0.7071220519942355,-0.013692677039819176,-0.15750661096009549,-0.033857949340904483,-0.012069125194962805,0.0012719580795184171,0.0025583112907972111,-0.016150403537425882,-0.038876319272503172,0.011342880473211201
245.524,254668.246040125,2,1,1,2,254666711706916,254666.71221142099,410f1655b29be6c8,0.0041171677528699172,-0.02863984568965576,-0.0036425270149820291,-0.094673093358445204,0.84786012655768095,0,0.5216994514205463,-0.00064826534437563042,0.00450946103356893,0.00057353060354703076,0.36889721002580256,-0.36889721002580256,-0.53258364450690876,0.66647161356398077,-0.040037556931736579,-0.040421634744185565,0.017285963732330878,-0.011444595886033816,0.0011649756671045261,0.0021807861051831869,-0.019992409113007745,-0.035908754255534948,0.0083812263054406158
217.550,254668.246040125,2,6,1,7,254666878390916,254666.87889542099,410f165707fa528e,-0.00034702910452515112,-0.036372900010885029,0.0012872825672102179,-0.096382958682569908,0.85087600679106878,0.012414099977374193,0.51630058074450269,-0.0055511221681209186,-0.0033828743398216761,0.006179784337737775,0.37385772610437129,-0.35630153801881725,-0.53350713648100889,0.6698132202049526,-0.013792367578920911,-0.050705146949147274,0.057321845463645729,-0.011444637683515212,0.0011649890586694297,0.0021807840539120691,-0.019953265177178849,-0.035848484510169719,0.0081594022404786609
192.221,254668.246040125,2,11,1,12,254667045075500,254667.04607549999,410f16585e5cd4ed,0.0027921056450995185,-0.043672225434130109,0.014381724664706054,-0.11395018138114582,0.85579603582414632,0.019294315176692195,0.50423832048469208,-0.0034806809132922958,-0.010848021705881292,0.019134066231331428,0.37019346699917483,-0.34290718552558108,-0.52456422031509276,0.68571410797159082,0.021413857709465193,-0.048944800787866158,0.091597537228336467,-0.011444644556795126,0.0011650516564014099,0.002180774199062852,-0.019736449729174276,-0.035843010387196339,0.0077569505241046081
167.204,254668.246040125,2,16,1,17,254667211606791,254667.212606791,410f1659b36b3072,0.0087631231160384942,-0.050870187372095428,0.028894976763346073,-0.13073695529539636,0.8574475050232746,0.036611500359628402,0.49633786466815938,0.0010768741748257199,-0.018422200015265407,0.034130494471396024,0.37685210001359604,-0.32507562104375953,-0.51386194400045249,0.69875191436334017,0.019753728825225119,-0.039516491422511707,0.089970270645249581,-0.011444574937435333,0.0011651041926382759,0.0021807783221512453,-0.019400691285636911,-0.03586413357793386,0.0071315204146342737
142.479,254668.246040125,2,21,1,22,254667378289666,254667.37928966599,410f165b08c90539,0.0090828206460012093,-0.057389762293809862,0.043709887686795346,-0.1382423191804158,0.85338668642549687,0.039301036347433288,0.50107455171244597,0.00080807607387897414,-0.025064781732644145,0.048807454356589071,0.38210323253847883,-0.32652317539939701,-0.50568341815202522,0.70118757562924905,-0.016793242931417329,-0.047041260798429935,0.082552383984344488,-0.011444450121439359,0.001165062825628086,0.0021807946461102471,-0.019036369411827583,-0.036090085654105611,0.0065101867985429473
20.087,254668.246040125,1,42,1,43,254668211703541,254668.21270354101,410f1661b39dea03,-0.0011183476667719749,-0.15165945867793743,0.064239494122094162,-0.15715757312190237,0.84442176646833822,0.077602433352735284,0.50619294056233122,-0.01176171720345614,-0.12030647948960982,0.070802293287730661,0.41280565673747338,-0.30305924593682027,-0.4859691586521554,0.70822352407743816,-0.0057076322079123165,-0.1624215351753556,-0.038534530005215409,-0.011444357846048867,0.0011649630273016312,0.0021808107450868551,-0.018685264540895315,-0.036909079202350092,0.0054308563636304369
5.698,254668.346049666,1,45,0,46,254668311713250,254668.31271324999,410f1662806fcdee,-0.0018941545081644171,-0.16766629770051672,0.061682615102051079,-0.15814714494786331,0.8456356817659425,0.08008520183963927,0.50346418733398868,-0.012627055803376674,-0.13637271862429312,0.068381696408765513,0.41263171926336156,-0.29937414368971521,-0.48612779343804868,0.70978162472331319,-0.014911615400517986,-0.15456190745825713,-0.004910108279534575,-0.01144438377345431,0.0011649603403284944,0.0021808131977939169,-0.018679157729123732,-0.03695669126868794,0.0054334271206694746
5.869,254668.446059375,1,48,0,49,254668411722791,254668.41272279099,410f16634d419b4d,-0.0025285369185061423,-0.18185112347348129,0.06205001781760229,-0.16303798653417328,0.84319557428401604,0.083490115297795459,0.50543970195738686,-0.013677825431244092,-0.15070293166049115,0.068746618776857962,0.41643625634429082,-0.29836340610752959,-0.48094402977728595,0.71151455538130115,-0.0094398824353237754,-0.1293000239999757,0.002022047133673367,-0.011444496478629884,0.001164988934723018,0.0021808101183789933,-0.018727881808176392,-0.037163546793384773,0.0054809175437215765
5.811,254668.546068916,1,51,0,52,254668511732416,254668.51273241601,410f16641a1373f3,-0.0027653885365985491,-0.19421793008115773,0.061743393462011964,-0.16966070346995871,0.84336429340158614,0.081412229565704541,0.50331304016778988,-0.014193420222452116,-0.1631040967346393,0.06812229761858965,0.41346319235898626,-0.29832891622742519,-0.47638036427568459,0.7163168257408532,-0.0061881266762300428,-0.11751918797430481,-0.021080233281357229,-0.011444634804933291,0.0011650428954690924,0.0021808047604970592,-0.018860279283621606,-0.037558787816677465,0.0055724838880174552
5.927,254668.646078458,1,54,0,55,254668611741875,254668.612741875,410f1664e6e53650,-0.0020680549709048701,-0.20622621187475093,0.058168494416320667,-0.17327570723134567,0.84662717214608219,0.079981054037771032,0.49679074556083735,-0.013556115300826184,-0.17510963995191633,0.064425040875330561,0.40783923984227582,-0.29472895149860406,-0.47613137429504038,0.72118022297157069,0.011029692072210606,-0.11859449878096447,-0.053105070717695012,-0.01144475938748284,0.0011651142355098829,0.0021808128487643278,-0.019107414913051426,-0.038131182287929707,0.0056990549831490121
6.145,254668.746088000,1,57,0,58,254668711751458,254668.71275145799,410f1665b3b70952,-0.0024203905084209509,-0.21849738765773452,0.055157364195186305,-0.17533954957402786,0.85045377926690968,0.076378857864237287,0.49005176764260561,-0.013814075223798168,-0.18730862821192862,0.061224174296453146,0.40052692571111098,-0.29251091191483963,-0.47737783719013999,0.72534539962063549,-0.018166789110077731,-0.13129825393171923,-0.009790858776110559,-0.011444874913201092,0.001165142396143075,0.0021808404160920864,-0.019325350459199118,-0.038865584382740521,0.0057984356005757421
194.094,254668.846097625,2,26,1,27,254667544972375,254667.545972375,410f165c5e26c3b9,0.0087096491490268862,-0.068246769155117737,0.056220244327381402,-0.13789406377922064,0.8501925529820652,0.040162825827143867,0.50650256728110388,0.00034917858861567,-0.035946057304862174,0.061331750753265808,0.38655079622218858,-0.32975198474541606,-0.50367107854347071,0.69868272852225843,-0.019802721737823888,-0.087741767530367595,0.072408536045255073,-0.0079602241531298405,-0.0010356256393819695,0.0020239228816429479,-0.0092833816925816832,-0.033354495759493542,-0.017893120651888778
169.444,254668.846097625,2,31,1,32,254667845001625,254667.846001625,410f165ec49c7ffe,0.0065601539785151881,-0.096956519122787646,0.071962327756234942,-0.16054392121208244,0.8439516413984447,0.063682285403362293,0.5078542075054655,-0.0038660992033466395,-0.065353320604775569,0.077609631536397217,0.40413731907883488,-0.31407696977465299,-0.48324222040175707,0.71028560509567096,-0.00026136447381149594,-0.11154017593731502,0.02226090022061936,-0.0079597089307875367,-0.0010357470038053682,0.0020237840566377846,-0.0078361840546536821,-0.035321274406845564,-0.019804413949514588
11.161,254668.846097625,1,60,1,61,254668811761083,254668.81276108301,410f16668088e1f8,0.0099801416721474485,-0.22864885725954912,0.064552676350889959,-0.18034756462399659,0.85051498640768497,0.078916075607803171,0.48772053478736416,-0.0017413368390552641,-0.19758254240375211,0.0706232590872094,0.40067257901859188,-0.28906839757414365,-0.47387991586538863,0.72892988091168232,0.001373703248412142,-0.12397639053328355,0.016473073290693585,-0.007959379074941212,-0.0010356674258646882,0.0020237464751629922,-0.0088255982309507972,-0.039188904332595129,-0.019388027917270807
5.763,254668.946107041,1,63,0,64,254668911770625,254668.912770625,410f16674d5aaf79,0.010215775237257838,-0.24114096726342343,0.065325980517332877,-0.18424539536134904,0.84872887220038984,0.081513241591659985,0.48894639832940223,-0.0018250881029832217,-0.21019701863358314,0.071396450448239779,0.40337586904910416,-0.28809874034427485,-0.46986075995807186,0.73042308995030081,0.0021789431828611121,-0.13106227985695967,-0.0045223277937986479,-0.0079594092218278813,-0.0010356503718325226,0.0020237462221295737,-0.0088556072113245999,-0.039242139772991749,-0.019371771843797018
173.202,254669.046116583,2,36,1,37,254668011684458,254668.01268445799,410f166019fa4f22,0.0075889125853705729,-0.12036585681887974,0.074529937262633739,-0.16044222989173418,0.84425306748229423,0.074470942722846101,0.50591420301920298,-0.0031397053734710779,-0.088983607859341077,0.080807847655539611,0.41039426133509754,-0.30507644693584968,-0.48352726744429553,0.71042683889762359,-0.011220058930665289,-0.15329670574695173,-0.010259101669510702,-0.0050136749329751304,-0.0025707578007419124,0.0020783342106862807,0.0014439536014063583,-0.028537838120807298,-0.044058927380169088
137.399,254669.046116583,2,39,1,40,254668111694041,254668.11269404099,410f1660e6cc2224,0.0069459402393653403,-0.13599128409565892,0.072338798488937067,-0.15844635919553179,0.84453557286927405,0.079713574125748587,0.50527241833354264,-0.0038218158714878299,-0.10469853725849788,0.078985630492916986,0.41364755116150148,-0.30091553652700975,-0.48513832257994288,0.70921530670105692,-0.0076160632698075142,-0.15763740020081851,-0.021588372146881401,-0.005013307642956889,-0.0025707434768325902,0.0020783433971989654,0.0012602654774014222,-0.029218810047874431,-0.043682605966955307
11.119,254669.046116583,1,66,1,67,254669011780041,254669.012780041,410f16681a2c6c11,0.019970195910848719,-0.2557435682197185,0.070162629755998379,-0.18558842301554712,0.84979841602292572,0.08528483712346821,0.48592812136861607,0.0077872376783003783,-0.22489656396878516,0.076439476847770194,0.40390854570489515,-0.28329757558911034,-0.4696673776913039,0.7321290355562079,0.031988611520970982,-0.13017303904989927,-0.030222376502615889,-0.005012393316227162,-0.0025705326660010754,0.0020784247617313405,0.00076964438131385191,-0.032412483456670145,-0.041920354662147559
5.777,254669.146126208,1,69,0,70,254669111789583,254669.11278958301,410f1668e6fe3993,0.023268250098561833,-0.26800657956963259,0.065955045243291141,-0.18719312911401587,0.84895678757296511,0.09182413517039878,0.48559189311497297,0.010806823660446479,-0.23733766580254217,0.072549856191363407,0.40829477830320093,-0.27843584444710062,-0.46793755798908254,0.73266861292168384,0.033431970598176583,-0.11749669961269132,-0.049452744437769883,-0.005012422077026445,-0.0025705278190988573,0.0020784259117197284,0.00076115877092021206,-0.03246234784484231,-0.04189719091690778
155.028,254669.246135625,2,42,1,43,254668211703541,254668.21270354101,410f1661b39dea03,0.0070743614916153313,-0.15164037496878258,0.070416414655799536,-0.15823973994392843,0.84635933496037752,0.079130151795296866,0.50236892132897615,-0.0036165451026625699,-0.12032310439982834,0.077071790848768529,0.41118192691986061,-0.29927499603573265,-0.48657401895756697,0.71035879933859059,0.0042570581444757657,-0.16072814195873783,-0.026574350844500293,-0.0039543073940813628,-0.002766689032858682,0.0021339939483442428,0.0045649468874988811,-0.02609000801966849,-0.051296356298749721
128.993,254669.246135625,2,45,0,46,254668311713250,254668.31271324999,410f1662806fcdee,-0.0018374745408023078,-0.1676756539428769,0.061739520800636931,-0.15814355672781183,0.8456431722487403,0.080079099762425082,0.50345370361959252,-0.012569811826283649,-0.13638186120095425,0.068438507603344939,0.41261999133795457,-0.29937104540443354,-0.48613562726375165,0.70978438403968958,-0.013690668439537021,-0.15472851048269512,-0.0036513461249195454,-0.011444532271910958,0.001165024042659883,0.0021808273188602713,-0.018985072947211079,-0.037840209054294797,0.0056086313863384597
117.281,254669.246135625,2,48,0,49,254668411722791,254668.41272279099,410f16634d419b4d,-0.0023851700445458,-0.18188215741999103,0.06219460275945736,-0.1630362025769459,0.84321346420185961,0.08349010763601819,0.50541043279437203,-0.013533881502140431,-0.15073384950233948,0.068891624386200306,0.41641555450349949,-0.29834271510212729,-0.48095794130739067,0.71152594401496738,-0.007819226860045804,-0.12956978326061463,0.0036904994905659493,-0.011444678329219384,0.0011650745290498138,0.0021808353746638328,-0.019171638310753258,-0.038409294177123708,0.0057162888777036701
105.436,254669.246135625,2,51,0,52,254668511732416,254668.51273241601,410f16641a1373f3,-0.0025901204245716517,-0.19425541509440181,0.061932296293199796,-0.1696600082237974,0.84338193611822798,0.081417162728575992,0.50328291274856451,-0.014017787627860214,-0.16314158674717941,0.068311877771405405,0.41344537732994541,-0.29830412465273176,-0.47639333117319088,0.71632880941183519,-0.0047438670246981798,-0.11774497073185364,-0.019545324969867665,-0.011444787486428838,0.0011651121928566181,0.0021808387466990997,-0.019271976581018316,-0.038708733908795916,0.005771398030080927
93.655,254669.246135625,2,54,0,55,254668611741875,254668.612741875,410f1664e6e53650,-0.0019566316079374733,-0.20622202219024785,0.058326612647995157,-0.1732772948579982,0.84663688305559859,0.079988038556807112,0.49677251759423047,-0.013444710498062498,-0.1751055705933986,0.06458372343507586,0.40783128952446612,-0.29471112357950974,-0.47613711832328603,0.72118821224290075,0.011835900736577403,-0.11860297811669979,-0.052110166852059214,-0.011444854146789701,0.0011651351934252852,0.0021808399915506753,-0.019313333962434415,-0.038830446827730292,0.005792718656773708
81.707,254669.246135625,2,57,1,58,254668711751458,254668.71275145799,410f1665b3b70952,0.016003660661921184,-0.21687841889597437,0.06950444460727831,-0.17706556628387882,0.85320020813928343,0.078495619932742428,0.48428884039538567,0.0045359742708475882,-0.18574272627322536,0.07570297392513084,0.39794869765651253,-0.28693913031429147,-0.47809937753066767,0.72850789613617217,0.016106391978863974,-0.12676813196382142,0.0095368808318085901,-0.0039529732179454961,-0.0027662916717304288,0.0021343670580416937,0.0043545686571652116,-0.030542748809751167,-0.049859765089448338
11.239,254669.246135625,1,72,1,73,254669211799166,254669.21279916601,410f1669b3d00c95,0.033946516498500459,-0.27835795846059941,0.060442495593826737,-0.19055961107708208,0.84699300814817924,0.1019255592725089,0.4856965228964647,0.02099675043912818,-0.24799282632108099,0.067486873573727804,0.41551154802144002,-0.27136704358093838,-0.46416849411651612,0.73366047337209972,0.090867104511347552,-0.13172962144544559,-0.084795209542314759,-0.0039529042391568871,-0.0027662835146972475,0.0021343167193826141,0.0045955790798600281,-0.030706381314392552,-0.049320445578681808
85.460,254669.346145041,2,60,1,61,254668811761083,254668.81276108301,410f16668088e1f8,0.018576805172168604,-0.22886405884014921,0.071739100400232014,-0.18078332624879812,0.85207175401316548,0.07958392726539501,0.4847242171553271,0.0068562299470854822,-0.19780927435215542,0.077870122237089986,0.399026104982106,-0.2864774386909672,-0.47467258677498742,0.73033881180464078,0.019215009569774531,-0.12091474274912059,0.021977082946798565,-0.0034033629107349901,-0.0027544160352860952,0.0022006022445437172,0.0079284048199000368,-0.027706999629967255,-0.055029247214940721
9.802,254669.346145041,1,75,1,76,254669311808625,254669.31280862499,410f166a80a1cef2,0.047662846603380896,-0.29194912645051085,0.049690081802322192,-0.19455326962810632,0.84925812625960084,0.10924083544117058,0.4785145278292402,0.03439343919500757,-0.26181215787758616,0.057109441898163048,0.41560579198956277,-0.26111592505408632,-0.46294623148263769,0.73808609667429803,0.1380897424076,-0.15355129247616964,-0.12588623995866319,-0.0034033673587483908,-0.0027544798159806049,0.0022004446454125452,0.0084049317691602694,-0.027848227293859919,-0.054589121696400053
86.098,254669.446154666,2,63,1,64,254668911770625,254668.912770625,410f16674d5aaf79,0.02059796484696623,-0.24060741068951819,0.07291214829685029,-0.18478026008875509,0.85036923018992772,0.082167239139086856,0.48577466571699901,0.0085554974372524326,-0.20967586411702482,0.079042348724752742,0.4015955615587955,-0.28539354067724432,-0.47064246171948332,0.73196120464311953,0.023480992409730134,-0.12634816371595423,0.0010056916973855015,-0.003448224022529102,-0.002722551262392812,0.0020695251644043205,0.0082551691748157796,-0.026039990119999998,-0.054129045126683629
11.904,254669.446154666,1,78,1,79,254669411818083,254669.41281808299,410f166b4d73912d,0.062101360302500408,-0.30563449634207634,0.035597440336985808,-0.20321287406708255,0.85321469298477204,0.11381880894576393,0.46666320556794005,0.048405541429386724,-0.27572424258375383,0.043158010254274994,0.41046275789859743,-0.24949865891699533,-0.45962068171151049,0.7470070766197231,0.13886628809692497,-0.14060601797443734,-0.13511460289849575,-0.0034481492492847879,-0.0027227601642609935,0.0020690950402768946,0.009031841969726357,-0.025358555898768537,-0.053864795235771798
97.158,254669.546163958,2,66,1,67,254669011780041,254669.012780041,410f16681a2c6c11,0.023751213813806391,-0.25342957566377861,0.071760466090460079,-0.18560974924059143,0.85040228377721805,0.085051649672723606,0.48490333761871041,0.011589700872493405,-0.22257400182721221,0.078036780148972154,0.40301902576204468,-0.28273783249290402,-0.47007929674599841,0.73257111444679179,0.040821777027959923,-0.12494712013822543,-0.029296520749410762,-0.0033835606519819444,-0.002689426396499041,0.0019441080467039278,0.0077528281832427159,-0.026057060299805958,-0.054961967762728839
16.742,254669.546163958,1,81,1,82,254669511827666,254669.51282766601,410f166c1a456430,0.076434117001877314,-0.31957798373340973,0.022379623430116027,-0.20991274091093226,0.85312362657325025,0.12338769624181617,0.46140248006960566,0.062183486623883573,-0.29003129276346379,0.030334090007009561,0.41350908823916122,-0.23901253942671,-0.45481876688381301,0.75168020409659653,0.1440295597265005,-0.14194401770346776,-0.13932814664251875,-0.0033834102550713099,-0.0026897031924579184,0.0019436480559988651,0.0086119320196950139,-0.0257429697175766,-0.054732426552436153
95.616,254669.646173666,2,69,1,70,254669111789583,254669.11278958301,410f1668e6fe3993,0.028123786545144129,-0.26584187098418072,0.067830228115011396,-0.18732614327518632,0.84958143339268943,0.091637678235526293,0.48448208761537292,0.015677714806967894,-0.23516670414067123,0.074424952474499539,0.40737818236997519,-0.27778293843295426,-0.46828519405944263,0.73320435941775386,0.042898480865922038,-0.11150997396114967,-0.048394450067029075,-0.0033667709360859447,-0.002804996217173888,0.0018704019751233075,0.0082410236527055963,-0.026416810499731203,-0.055705111319575007
9.795,254669.646173666,1,84,1,85,254669611837125,254669.61283712499,410f166ce717268d,0.091329424378034194,-0.33530438901861154,0.0085610771160566021,-0.21340188060664195,0.8568762274847872,0.12989690901666084,0.4509430278487353,0.076886148019040548,-0.30596469790174785,0.016923806643631089,0.41071584721388343,-0.22701388165979627,-0.45500506209114749,0.75680088785133248,0.13836859431271692,-0.15115904981082287,-0.13651619627444739,-0.0033666310637621875,-0.0028053314026172354,0.0018699937834732081,0.0088286219760265964,-0.026358925061556661,-0.055661656243661463
99.577,254669.746183041,2,72,1,73,254669211799166,254669.21279916601,410f1669b3d00c95,0.035527609141528152,-0.27846645536111275,0.061074618771950528,-0.19083784571255957,0.84711153877379586,0.10186690415368693,0.48539277350482335,0.022568629730525699,-0.2481033203379979,0.068110657157285745,0.4152552893413769,-0.27119373576320888,-0.4640555663311654,0.73394102877129408,0.092434265239424371,-0.12942500514200103,-0.08573839350493237,-0.0033360959393846775,-0.0029712411649908074,0.001854574659736424,0.0094831824078788762,-0.027428039853996628,-0.056468753069572608
9.905,254669.746183041,1,87,1,88,254669711846666,254669.71284666599,410f166db3e8f3ec,0.10373831810455925,-0.35069734496792715,-0.0033577153039844061,-0.21528392312590744,0.85808706653258393,0.1338546739862036,0.44656735008008669,0.089160973539922903,-0.32148985497879862,0.0052320754935509892,0.41042033824755347,-0.22112124794577218,-0.45453044957754357,0.75898788532262118,0.099983460768390181,-0.1389272636619571,-0.10430544693753434,-0.0033361207543486514,-0.0029715134470603829,0.0018544353052831275,0.0097283694274293616,-0.027961053318040836,-0.056441523016237706
98.558,254669.846192583,2,75,1,76,254669311808625,254669.31280862499,410f166a80a1cef2,0.047931085853295148,-0.29298799282849608,0.050045078685355404,-0.19498520864811364,0.84923328262097297,0.10925171629578936,0.47838030456548142,0.034638927786380329,-0.26285814941946795,0.057452643874956855,0.41551857573797246,-0.26101332095073332,-0.46262323737578204,0.73837395657140237,0.13695132643611191,-0.15274147780683786,-0.12645212305704259,-0.0032944769065070983,-0.0029921861542850266,0.0019380575407060244,0.010727799211909743,-0.029431707657292534,-0.057062174787000812
9.852,254669.846192583,1,90,1,91,254669811855958,254669.81285595801,410f166e80ba9fe0,0.11477758725726116,-0.36256952808015408,-0.013539414878088372,-0.21777828074590005,0.85621608212401989,0.14248437064630087,0.44627894693964815,0.099842709586985032,-0.33366591081175245,-0.0045454563646060023,0.41631852330224306,-0.21481519926929515,-0.45144368670907975,0.75942867673590464,0.10270919570363919,-0.11450869565647157,-0.095687005876329292,-0.0032947105101788212,-0.0029922468803441613,0.0019383417751915714,0.010723437730078623,-0.030529281043856906,-0.057048923983387255
5.814,254669.946201958,1,93,0,94,254669911865625,254669.912865625,410f166f4d8c7e28,0.12498956637000051,-0.37209313423900436,-0.022217005674923462,-0.22443047912218245,0.85460501502142638,0.14875037212951828,0.44402095484900861,0.10955740785691721,-0.34350659185230847,-0.013050816173974357,0.41915261384738967,-0.20878782577079608,-0.44560067580968243,0.76299329474954058,0.085873253233248112,-0.090954712861034653,-0.071589539300568578,-0.0032947307172022404,-0.0029922459648897151,0.0019383469333928559,0.01072622412281158,-0.030566417839098449,-0.057042370715644872
112.275,254670.046211500,2,78,1,79,254669411818083,254669.41281808299,410f166b4d73912d,0.06247026797712861,-0.30711437976320466,0.036480592848782967,-0.20337468155143223,0.8532720311716645,0.11389688312168988,0.46646879097285787,0.048766259716726566,-0.27720836337105637,0.044043085368976852,0.41038049280147476,-0.24930598026434475,-0.45954681076481813,0.74716203600580333,0.13944724024213642,-0.14027378349036504,-0.13284670725055531,-0.0033332618717825352,-0.0028535445492405289,0.0021323962494784157,0.01136046983947262,-0.031450558453951775,-0.056068376028823856
94.364,254670.046211500,2,81,1,82,254669511827666,254669.51282766601,410f166c1a456430,0.076864415701711347,-0.32086677124518331,0.023124275493738855,-0.20993266511172959,0.85315228181035574,0.1236431989116541,0.46127201599082845,0.062608017471121699,-0.29132704526823999,0.031094259851599262,0.41359750387245781,-0.23873961972871308,-0.454824940658629,0.75171455494564987,0.14540129065999033,-0.14273332248761575,-0.13593261284150515,-0.0033333527816677439,-0.0028534782933165356,0.0021327394820756583,0.011381992148991195,-0.031858985755965533,-0.056015823369820035
11.470,254670.046211500,1,96,1,97,254670011874916,254670.01287491599,410f16701a5e29f9,0.13361456996569543,-0.38037384148830367,-0.027972445457675216,-0.23173852845246579,0.85277304495837303,0.15182793754969298,0.44274565928419557,0.11771266678832623,-0.35203315171531746,-0.018845795990563442,0.42042701104973712,-0.20570988833264123,-0.43913770628843279,0.76686546743068995,0.079632408656218151,-0.089794756106996873,-0.049369662178178758,-0.0033335419163272109,-0.0028533271752686534,0.0021331988898140621,0.011419199340140594,-0.032102639811687435,-0.055914587579788032
5.864,254670.146220916,1,99,0,100,254670111884541,254670.11288454101,410f1670e730029f,0.14396479966521045,-0.38949450765029148,-0.032175937759046959,-0.2414483040616035,0.84813420847696919,0.15256776087849991,0.44619974499087467,0.12743313566866948,-0.36141209141862957,-0.023375770938823461,0.42339255248950691,-0.20762916161488953,-0.42899170564854255,0.77045116277949288,0.12165704467685089,-0.10346621147256062,-0.056706131229754014,-0.0033335604712734532,-0.0028533108225099703,0.0021332010086515486,0.011389646958854862,-0.032135283469089691,-0.055905070850514847
101.056,254670.246230500,2,84,1,85,254669611837125,254669.61283712499,410f166ce717268d,0.091499783097241869,-0.33574226511952299,0.0089279782457963135,-0.21280974644396872,0.85701447682605303,0.13000954280479632,0.45092767748408208,0.0770878732193091,-0.30639433883092082,0.017315887889785019,0.41078463698049456,-0.22692338319988278,-0.45552152120590855,0.75647994282477671,0.14102080811982359,-0.15189816441468787,-0.13283226056567965,-0.0033924414410005771,-0.0026039440261189117,0.002476687557332026,0.012057364923529797,-0.032396125477896991,-0.053571956508168608
85.210,254670.246230500,2,87,1,88,254669711846666,254669.71284666599,410f166db3e8f3ec,0.10371906091762301,-0.35038789327839698,-0.0030132523026834826,-0.21439942904492248,0.85824886353656171,0.13383077272666499,0.4466890983080688,0.089191070260473307,-0.32116303520708123,0.0056010445428995156,0.4104895265006176,-0.22122423768333424,-0.45527028907913147,0.75847686133232217,0.10259463351485358,-0.13891874120829958,-0.1010353081202182,-0.0033925795781639925,-0.0026037998638899617,0.0024772003688817929,0.012105844590045916,-0.032246165338263834,-0.053367669118807401
11.559,254670.246230500,1,102,1,103,254670211893916,254670.212893916,410f1671b401b9b6,0.15908863584923016,-0.40002204131025115,-0.040196526681338295,-0.25356022145634816,0.84438583681278279,0.15617357302325166,0.44534216169886243,0.14180310575395966,-0.37234196386641105,-0.031571869355095553,0.42533584369582783,-0.20447306451840849,-0.41777678800178036,0.77636508252298719,0.16007519478369686,-0.095375584410415007,-0.095086476516441296,-0.0033924873430746481,-0.0026036517926216491,0.00247762128431075,0.012105193904858844,-0.031459324114676702,-0.053009214148004261
89.736,254670.346240000,2,90,1,91,254669811855958,254669.81285595801,410f166e80ba9fe0,0.11465751971954938,-0.36317834356261047,-0.013249058068395006,-0.21685583820204329,0.85636271465145097,0.14231633116560349,0.44650034881120659,0.099775796915846884,-0.33425236129554081,-0.0042389066686940018,0.41635625620967726,-0.21509057588302297,-0.45219963692147191,0.75888009622697328,0.10400089087623865,-0.1164859670434656,-0.093794147057449775,-0.0033730191422676396,-0.002524026671629247,0.0024639166243539722,0.010812025666503413,-0.031631200360814418,-0.054010709925222014
14.577,254670.346240000,1,105,1,106,254670311903375,254670.31290337499,410f167280d37c13,0.17649595694452672,-0.40950010513888252,-0.048754953738922975,-0.26648261320405203,0.84457869138770159,0.15794715492152894,0.43672256682984872,0.15859434530178676,-0.382166783443669,-0.040282481982399525,0.42049498162892623,-0.19712397894371811,-0.40877564618502438,0.78563896188790272,0.1640493828566206,-0.082837044420828621,-0.072428956409723882,-0.0033727801419785341,-0.0025239797328188577,0.0024638552660188862,0.011348025310241717,-0.030915500992337384,-0.053811822738596526
89.999,254670.446249416,2,93,1,94,254669911865625,254669.912865625,410f166f4d8c7e28,0.12534040068536187,-0.37356469366904982,-0.02168104297862853,-0.22349768610561521,0.85480502595000885,0.14853888114882668,0.44417722354435912,0.10996396137470384,-0.34495297997675356,-0.01249976280196928,0.41911356579599135,-0.20904787112465359,-0.44640168913974071,0.76247513957978064,0.088036637596465406,-0.093510277583951126,-0.070581537456156127,-0.0033165853284164615,-0.0025228941759125891,0.0023991526228139661,0.011523780746757787,-0.030316806930643071,-0.054133693739354401
10.161,254670.446249416,1,108,1,109,254670411913000,254670.41291300001,410f16734da554b9,0.19387206142378266,-0.4172826458493934,-0.055599143297132246,-0.27789447019578006,0.84348589959828335,0.15578059377313874,0.43247966475852945,0.1754568553216275,-0.39017131420208057,-0.047523449364648064,0.41596280684308801,-0.19565578423612295,-0.39993352447077529,0.79293564267382477,0.16916954248018684,-0.071965464440905957,-0.073535723964487043,-0.0033162797609107139,-0.0025230695908439156,0.0023989147436906102,0.01248834844141083,-0.02965582998790409,-0.053967070900852974
94.743,254670.546258916,2,96,1,97,254670011874916,254670.01287491599,410f16701a5e29f9,0.13426820795776498,-0.38244311323493257,-0.027418175185052487,-0.23120736234191791,0.85296379089901153,0.15158906388346099,0.44273777333484493,0.11840254951648432,-0.35408332034113477,-0.018287787394157939,0.42025252565687804,-0.20587322130927319,-0.43964817518166538,0.76662475402649888,0.081727702044541384,-0.092476450165178983,-0.049885943414290458,-0.0032350706361978128,-0.0025393924177768549,0.0023152622488147715,0.012548580823484506,-0.028393087848682982,-0.054388209111899941
10.347,254670.546258916,1,111,1,112,254670511922416,254670.512922416,410f16741a771151,0.21162989181561631,-0.42374361460158388,-0.063016920764959114,-0.29085881505951866,0.84242846896091206,0.15775174838278327,0.42524094755914765,0.1925704991212733,-0.3970347041664854,-0.055096402760477843,0.41223807771466126,-0.18914342159937111,-0.39001863219346306,0.80135510224228546,0.1603128931014553,-0.078247083978800036,-0.074378562130083287,-0.0032346877061646875,-0.0025397477426179196,0.0023149587726652722,0.013699759550676222,-0.027834312880106387,-0.054147044714934006
93.311,254670.646268375,2,99,1,100,254670111884541,254670.11288454101,410f1670e730029f,0.14488478668518137,-0.39155195272081178,-0.031361610158208583,-0.24099065407537912,0.84839694860012804,0.15219095253529377,0.44607632691411969,0.12839041795796896,-0.36344643147346756,-0.022565222963886192,0.42303883900523476,-0.20780833558581668,-0.42950109836643413,0.77031334069726598,0.12330280128594978,-0.10531006708685133,-0.058452108848583456,-0.0031203446725691082,-0.0025366401017812069,0.0022488549253111487,0.013794292267846404,-0.026721728860105688,-0.055469485866613898
10.147,254670.646268375,1,114,1,115,254670611931875,254670.61293187499,410f1674e748d3ae,0.22784115085040466,-0.42999269382136829,-0.070410266721460738,-0.30348960163487837,0.83585838273053137,0.16750925564100233,0.42564718747535618,0.2078682301173593,-0.4039971649513257,-0.062368135901530571,0.4194249320727495,-0.18253107722507678,-0.37644156518905841,0.80564066444093707,0.15071940865885877,-0.083721828385173766,-0.081185976338906035,-0.0031199806865107008,-0.0025370210423869255,0.0022486528386297788,0.014881305783360482,-0.026557990840802882,-0.055245003161937971
97.983,254670.746277833,2,102,1,103,254670211893916,254670.212893916,410f1671b401b9b6,0.16004472720520635,-0.40146141824237203,-0.039160481021331101,-0.25377452383779436,0.84458854499818248,0.15580907647199654,0.44496321826660873,0.14276263423679031,-0.3737731055018802,-0.030555392283709445,0.42481015225607027,-0.20446284903115919,-0.41776858966735164,0.77665995351478501,0.1600040543416458,-0.093742195457244493,-0.09567096205766687,-0.0030631714743812183,-0.0025249413716330236,0.0023193939120997121,0.016216929195893594,-0.026895113268376878,-0.057027800772366084
10.340,254670.746277833,1,117,1,118,254670711941458,254670.71294145801,410f1675b41aa6b1,0.24338298114700108,-0.43685552628096602,-0.078185445218718508,-0.3171959433572028,0.82941231824738348,0.17479254938350317,0.42533464207577898,0.22251902293359344,-0.41155644431525312,-0.070184654549795833,0.42435399536483187,-0.17716000800181517,-0.36219166248307944,0.81077445557346239,0.14533749619406988,-0.07095728727284302,-0.085470613256836539,-0.0030629540051612327,-0.0025251666505263573,0.0023196335638508148,0.017144948119928723,-0.027104188716322114,-0.05720703765738485
96.486,254670.846287416,2,105,1,106,254670311903375,254670.31290337499,410f167280d37c13,0.17711053468622426,-0.40952023715544517,-0.048311275287908857,-0.26666981748023566,0.84470507898708191,0.15780900805609613,0.43641368925288837,0.15920698101947772,-0.38218586407985161,-0.039846302362211351,0.42017888762276395,-0.19700325410305219,-0.40873264230159168,0.78586070482373915,0.16358226117459163,-0.079249417891359447,-0.073480270535712988,-0.0031153111632011865,-0.0025390235032849671,0.0023600541239738719,0.01925064608439335,-0.027840489446184353,-0.057821994923874701
10.317,254670.846287416,1,120,1,121,254670811950875,254670.812950875,410f167680ec636b,0.2572964680405071,-0.44170057716813182,-0.084582547149795961,-0.34117814151311643,0.81819694926322806,0.18002819362234634,0.42631107267294588,0.23504263371801545,-0.41744606977557608,-0.077109483450204616,0.42874659548974231,-0.17414828923339409,-0.33730322473925556,0.81980196681487461,0.14297601621501635,-0.051301522122602063,-0.065545066907037985,-0.0031151536106850826,-0.0025393078627567326,0.0023602208559036046,0.020460888719165439,-0.027705066178346293,-0.058376664545857396
92.328,254670.946296791,2,108,1,109,254670411913000,254670.41291300001,410f16734da554b9,0.19403141672745572,-0.41630613404359423,-0.054977338005677362,-0.277980741229296,0.84367200207847337,0.15566849546300845,0.43210141534977065,0.17562023510968769,-0.38919166685241169,-0.046902995162916288,0.41561607865514733,-0.1954675869944697,-0.40000411596181612,0.79312823982725755,0.16818336346450569,-0.068341580365293433,-0.073391599092121632,-0.0030545023323106909,-0.0025455333002909588,0.002399049439551426,0.020874016378891871,-0.027962018596586761,-0.059664211558593493
10.313,254670.946296791,1,123,1,124,254670911960333,254670.91296033299,410f16774dbe25a6,0.27216762563740393,-0.44623924649480035,-0.089871336267422552,-0.35860056278067381,0.80841033983493693,0.18356201935070937,0.42916593187916896,0.24890504817789874,-0.42280484344773067,-0.082868322934962449,0.4332640778096592,-0.17366818741416398,-0.31806353513660396,0.82520130100262845,0.14968219442555938,-0.06050301647332644,-0.077152109927441578,-0.003054387783745323,-0.0025457332448196326,0.0023992667934299781,0.021453609855815004,-0.028103898471107162,-0.059992352954843141
92.050,254671.046306250,2,111,1,112,254670511922416,254670.512922416,410f16741a771151,0.21105160066312945,-0.42209466411416408,-0.061893653636033226,-0.29077013882496078,0.84260483174942902,0.15791601868839725,0.42489105442962105,0.19199910265077769,-0.39538645504509873,-0.053954205306392854,0.41210682256062181,-0.18877985315741821,-0.39020604307897211,0.80141710599755922,0.15811591281962373,-0.075315090261417597,-0.071164490274853845,-0.0030116970310049575,-0.0026259428412102686,0.0024530141477830734,0.023356309343199242,-0.026548062196290856,-0.061141991797193845
10.094,254671.046306250,1,126,1,127,254671011969833,254671.01296983301,410f16781a8fed85,0.28855338132810865,-0.45191616754875569,-0.099738045037853079,-0.36309538081443216,0.81031876753425425,0.184081171146906,0.42149663706209251,0.26516671001439518,-0.42863047392367981,-0.092652776572224399,0.42820816332766037,-0.16787808144058755,-0.31623468104098429,0.82972907936162288,0.18931921879757022,-0.058998765206725298,-0.12334003029244278,-0.0030114373625673989,-0.0026260486283934043,0.0024530965424963986,0.023329512612145751,-0.025855546205544238,-0.061246820210779339
91.706,254671.146315833,2,114,1,115,254670611931875,254670.61293187499,410f1674e748d3ae,0.22632298672060416,-0.4282178921499451,-0.06878950054874805,-0.30341489314510556,0.83588947369314703,0.16805163405140386,0.42542554212443706,0.20634592820538475,-0.40223685042354085,-0.060710914295142651,0.41965172458802608,-0.18199083085683324,-0.37651637669729765,0.8056098221925263,0.14649910532234028,-0.082759431071596043,-0.076606619027451445,-0.0030044342525141453,-0.0028083629526261958,0.0024111631322803243,0.025952342953836562,-0.022899485811734122,-0.061145434374607573
10.037,254671.146315833,1,129,1,130,254671111979208,254671.112979208,410f1678e761a49c,0.30761944786127005,-0.45781183096344685,-0.11287207123451824,-0.36653085949558128,0.81213126473400432,0.19001763654032,0.41229999866006328,0.28408256360114498,-0.43481821621362693,-0.10534414243378287,0.42590287294676227,-0.15717736141113567,-0.31508705986028068,0.83343995859577757,0.20899692940152567,-0.055342905620264872,-0.13567575027034653,-0.003003964527147825,-0.0028084470521669543,0.0024109028684434035,0.025811701670718772,-0.021170092476908903,-0.061067700324060427
92.201,254671.246325208,2,117,1,118,254670711941458,254670.71294145801,410f1675b41aa6b1,0.2408804983229107,-0.43455305421034623,-0.076264089371020097,-0.31744224094828027,0.82931551841158435,0.17530676074099838,0.42512796595194458,0.21999577936914019,-0.40927879837302428,-0.068239037467249297,0.42457145560822135,-0.17665026358885685,-0.36194905597238214,0.8108801664471792,0.13978272098246899,-0.070379514248179176,-0.082334173953810749,-0.0029751404108936071,-0.0028538799220954561,0.0022774808911949175,0.026511795570773381,-0.019577725202383277,-0.061679954107958943
10.780,254671.246325208,1,132,1,133,254671211988666,254671.212988666,410f1679b43366d7,0.32624106676743458,-0.4625971290414192,-0.12650206179487219,-0.36569586452316094,0.81828144903497568,0.1898589937869859,0.40079373813291008,0.30292586072139155,-0.43948597174749238,-0.11865116837230365,0.41765454095470156,-0.14915338414644305,-0.32002632736088432,0.83719836491328936,0.19508685469090253,-0.045042379695260537,-0.12585169622442346,-0.0029745021613518498,-0.0028539625279839034,0.0022770063726160416,0.027074008890146415,-0.018144679913061779,-0.061699085556156281
102.136,254671.346334541,2,120,1,121,254670811950875,254670.812950875,410f167680ec636b,0.25571981739773214,-0.44012038697179984,-0.083161372976038303,-0.34167933210689971,0.81797722820155394,0.18052345221065852,0.42612184239852363,0.23343267851018962,-0.41590089675355463,-0.07567400456368456,0.42896299017997147,-0.17366428252978555,-0.33679346323260806,0.82000099582443098,0.14104217246632525,-0.051610637612721812,-0.064736051244173753,-0.0030399628177079658,-0.0028843217526443674,0.0021797741211437402,0.027888838926978413,-0.019955870365392522,-0.061930460568348361
19.481,254671.346334541,1,135,1,136,254671311998208,254671.31299820801,410f167a81053459,0.34686167861482531,-0.46600101416887013,-0.13917199455080312,-0.37031958768478968,0.81890333304459351,0.19357944457665432,0.39343078928230446,0.32335806366553266,-0.44316580305055842,-0.13107914774240995,0.41507890594388197,-0.14131623731072177,-0.31719659983456794,0.84090756921683063,0.21577495894502727,-0.019417884851494243,-0.11904336943517967,-0.0030394984860535761,-0.0028846237581407141,0.002179384911382943,0.029304918777905874,-0.019295276354389827,-0.062615925407120965
111.427,254671.446344083,2,123,1,124,254670911960333,254670.91296033299,410f16774dbe25a6,0.27006171412722768,-0.4450214432014743,-0.089164151888002835,-0.35918642708821891,0.80796095917352584,0.18403328735730543,0.42932039481480444,0.24675767941652449,-0.42162844269863176,-0.082160549554706711,0.43370653639033718,-0.17344417240613369,-0.31733150641834229,0.82529780951176301,0.14557567053230996,-0.062285968103370906,-0.080250419864361572,-0.0031189088049069732,-0.002914217262445238,0.0021612419407620407,0.03031858750918141,-0.019684295886518086,-0.061773289381562471
19.517,254671.446344083,1,138,1,139,254671412007708,254671.413007708,410f167b4dd6fc37,0.3676311991939063,-0.46659445376991171,-0.15021084288403483,-0.38228553762200862,0.81523515182587047,0.19751179019248599,0.38760619306190325,0.34354414626616164,-0.44437012650463248,-0.14213284122345116,0.41374088274528625,-0.13441703775824054,-0.30614159997037355,0.84677497759028697,0.20788203023320048,-0.0067860756978124753,-0.10378182804047062,-0.0031187389606716085,-0.0029146829338119731,0.0021610059475020531,0.031737311686952444,-0.018995912851924562,-0.062825857635528434
114.734,254671.546353625,2,126,1,127,254671011969833,254671.01296983301,410f16781a8fed85,0.28462281298763276,-0.44970801611896011,-0.099270225563475326,-0.36364928960390297,0.80995107111810172,0.18407782727832467,0.42172723801313561,0.26120478106896855,-0.42644632744218242,-0.09220973174733918,0.42836885834746619,-0.16804350540456614,-0.3155830077678497,0.82986075139003368,0.18096219756902837,-0.058976968643575066,-0.12691006904418159,-0.0031633203903279131,-0.0028002732374772027,0.0022289116178845071,0.030777483058814815,-0.021825423068875551,-0.062688636310301221
13.114,254671.546353625,1,141,1,142,254671512017125,254671.51301712499,410f167c1aa8b8f1,0.38540144653785702,-0.46453049072210995,-0.15812526212597267,-0.39201547051333135,0.80971694859466004,0.20768100342994178,0.38412366246246354,0.36071765525712657,-0.44309224762803917,-0.14973043437220299,0.4184690812564702,-0.1247637973729865,-0.29535953980454488,0.84975312011423976,0.19877110124510849,-0.0087171436565789285,-0.075717159752621402,-0.003163619948857881,-0.0028004851353331645,0.002229222669721441,0.03148269940997183,-0.022263114047509018,-0.063545075545912336
115.324,254671.646363041,2,129,1,130,254671111979208,254671.112979208,410f1678e761a49c,0.30347743431424062,-0.4556275196047726,-0.11261807840470671,-0.36656820050580263,0.81198336857312947,0.18959161076857145,0.41275396773045059,0.27993980348890446,-0.4326230481555936,-0.10512573695221707,0.42592263184219276,-0.15779961171486337,-0.3149560774039557,0.83336178430113528,0.19980982662974323,-0.052411591391126305,-0.13496159485932113,-0.0032223879824954159,-0.0026374357552843624,0.0023798539483286516,0.030391917169807742,-0.023736715279372014,-0.063379958024900721
10.439,254671.646363041,1,144,1,145,254671612026500,254671.61302650001,410f167ce77a7009,0.40403215135334464,-0.46481686107014952,-0.16455712177890919,-0.40006992796943136,0.8024777035958337,0.2176755621650861,0.38547501970255516,0.37877657680073473,-0.44414340566735738,-0.15594752552281632,0.42649185516787647,-0.11865213114728146,-0.28454525937694436,0.85032956235554868,0.18802349132694188,-0.014989613861765099,-0.068430845766257811,-0.0032227232393879702,-0.0026372840360589021,0.0023806063509020413,0.030586447395720057,-0.024251452574862678,-0.064030627123182318
116.526,254671.746372500,2,132,1,133,254671211988666,254671.212988666,410f1679b43366d7,0.32217080090022443,-0.46076931901424523,-0.12604800823854298,-0.36515539197395214,0.81830059436077018,0.1894980637857604,0.40141775498237231,0.29888019653309317,-0.43762724735495384,-0.11821517864148226,0.41784057144418119,-0.14984984672514243,-0.320422036944644,0.83682973090820378,0.18621918826841424,-0.043803131359335112,-0.12165754147787686,-0.0032195648325393151,-0.0025177714411641302,0.0024798084128397528,0.029838089089358647,-0.025051883806720139,-0.065914727747589011
10.669,254671.746372500,1,147,1,148,254671712036000,254671.713036,410f167db44c37e7,0.42072080832134101,-0.466782544430691,-0.17127676158288196,-0.40489084838491907,0.79933898999050623,0.22374346753051061,0.38348336851159753,0.39517306218761006,-0.44656079164371082,-0.16245891980185104,0.4293742020597936,-0.11295316420453523,-0.27891694833481107,0.85151906216672302,0.13976381354865666,-0.025060221662102262,-0.064253430323355551,-0.0032198367387236181,-0.0025174643385453633,0.0024805709359951972,0.029922085080078167,-0.02562776143468392,-0.066270588188937052
117.832,254671.846382000,2,135,1,136,254671311998208,254671.31299820801,410f167a81053459,0.34136474311006698,-0.46297264109395503,-0.13783224949282508,-0.36950654493660384,0.81908254295979444,0.19328697403711509,0.39396560756947546,0.31789943679208532,-0.44009671760798436,-0.12974321518495457,0.41525027167507833,-0.14190121883452428,-0.31789822840283144,0.84045938173441281,0.2076640876160418,-0.019988100372710926,-0.11352866188963043,-0.0032431648844261584,-0.0025094349887232669,0.0025205148121255983,0.029891103012081449,-0.024320942782019305,-0.066401710641348102
12.588,254671.846382000,1,150,1,151,254671812045458,254671.813045458,410f167e811dfa22,0.43240956294188543,-0.46780075232083768,-0.17819101136810958,-0.40709780453763122,0.79918426490313998,0.22752018258461204,0.37922355939605523,0.40677009539817865,-0.44780405678807961,-0.16912950907478197,0.42903260298208651,-0.10727048361820535,-0.27724698755938193,0.85297020863098139,0.11983757119224051,-0.0099285163370627545,-0.078496060227467815,-0.0032433225990829411,-0.00250912339862519,0.0025210694712120819,0.029844733593222868,-0.023700952614609833,-0.066358371497608704
108.533,254671.946391375,2,138,1,139,254671412007708,254671.413007708,410f167b4dd6fc37,0.36179993006098088,-0.46315417600584824,-0.14781193167782486,-0.38134006429757172,0.81554933857827705,0.19718723183145143,0.38804159638006369,0.33775919022319451,-0.44088011140648703,-0.139732957346763,0.41381926196404495,-0.13495441180074372,-0.307032314129001,0.84632859058620902,0.2027791476820214,-0.007485726447819782,-0.096514169502529473,-0.0032703878354768206,-0.0025119884226664458,0.002515840865886936,0.03012635127410989,-0.022287901552622266,-0.064687496967742342
10.240,254671.946391375,1,153,1,154,254671912054875,254671.91305487501,410f167f4defb6dd,0.44273558446511868,-0.46811140602751566,-0.18775967363480439,-0.41290648509950667,0.80389568513704968,0.22202371076099686,0.36601296022572999,0.41710872775482344,-0.44806611143410979,-0.17877016131320603,0.41580470657807761,-0.10181577200553944,-0.27647110736139358,0.86040904304452759,0.12758407619210749,-0.010760022898501954,-0.1200094980527693,-0.003270207251376377,-0.0025118420847070441,0.0025159748931734322,0.03026388617967235,-0.020508731725531235,-0.064213772060025931
98.705,254672.046400833,2,141,1,142,254671512017125,254671.51301712499,410f167c1aa8b8f1,0.38172505655574107,-0.46307953413696762,-0.15574899842307999,-0.39143283296300557,0.80995076121790899,0.20737157985351384,0.38439196500788542,0.35707079103141076,-0.44160538067710631,-0.1473591905227318,0.41844000429737011,-0.12517231142054605,-0.29593685724342028,0.8495064636494194,0.19648499598519387,-0.010968837935881715,-0.07033993965991954,-0.0032168936390233409,-0.0025324728240588368,0.0023465192259365239,0.029271104497276289,-0.017864158573849254,-0.063278081316118659
10.120,254672.046400833,1,156,1,157,254672012064208,254672.013064208,410f16801ac16851,0.45425327586422315,-0.46979639040161641,-0.19833998650778978,-0.42783453067022947,0.7992371801892032,0.21818642546739275,0.36134786719121192,0.42804036811079704,-0.45028906914028755,-0.18987187950065532,0.40979261736600797,-0.10123042355399439,-0.262621325038151,0.86767070466542862,0.10400469400897254,-0.061298126711027363,-0.082912263506853656,-0.003216230744845824,-0.0025325699636521725,0.0023458422389684734,0.030036284819464746,-0.016313385910879993,-0.062439932759749635
5.833,254672.146410291,1,159,0,160,254672112073875,254672.11307387499,410f1680e7934699,0.46646811187993975,-0.47519719618450962,-0.20607521536002502,-0.44092788460785881,0.79026942184087301,0.2164085341731507,0.36636626622553498,0.43959594265899182,-0.4563235750127026,-0.19826279594025126,0.41208400230254161,-0.1060361264043736,-0.24702176335527684,0.8705879412054387,0.12373861575184288,-0.060682592681331742,-0.082178696377701824,-0.0032162169292864625,-0.0025325693359636581,0.0023458369072189181,0.030031083690067708,-0.016283996238635804,-0.062445582912506847
6.183,254672.246419666,1,162,0,163,254672212083250,254672.21308325001,410f1681b464fdb1,0.48014696510431537,-0.48206092694214608,-0.21202418553670282,-0.45196505526572528,0.78112434529466723,0.22032820706055617,0.37017277100374119,0.45267273316763978,-0.46395544379724746,-0.20449298300681776,0.41754723477719158,-0.10595610446907383,-0.23275075987739191,0.87192585374684028,0.14181191173191582,-0.0890049119575054,-0.059953721987653801,-0.0032163224585517883,-0.0025326224486930697,0.0023458562434864601,0.030151149808153029,-0.016536135820361154,-0.062458686577943526
131.312,254672.346429208,2,144,1,145,254671612026500,254671.61302650001,410f167ce77a7009,0.40159908694728697,-0.46418093006313604,-0.1627717856982635,-0.40000860252487869,0.80246842025061371,0.21754365605716958,0.38563241996535808,0.37634599965582244,-0.44350058151289751,-0.15417145325951909,0.42650988225719766,-0.1188567016384148,-0.28458205869731068,0.8502796344028174,0.18609355208588044,-0.01578884279485121,-0.067650188588719448,-0.0032533729571292747,-0.002565506110326373,0.0023197674109475624,0.03101264740261056,-0.020344182040466601,-0.063567506458864623
114.292,254672.346429208,2,147,1,148,254671712036000,254671.713036,410f167db44c37e7,0.41835337114933774,-0.46579770690050643,-0.17037175205420907,-0.40514260133030894,0.79915217260763449,0.22371369071240005,0.38362418511366642,0.39279171488414449,-0.44558753179832672,-0.16156769030488313,0.429452719041923,-0.11307379196556046,-0.27860683228992111,0.85156497854209823,0.1366384661531243,-0.025126826070903864,-0.069054901881145658,-0.0032531327106240346,-0.0025655677655133675,0.0023194981420033636,0.031422799280323793,-0.020277406827971026,-0.063659583915301465
21.588,254672.346429208,1,165,1,166,254672312092666,254672.31309266601,410f16828136ba49,0.49591405777698133,-0.49104975690770009,-0.21710289301485372,-0.46443409584487161,0.77378354762807633,0.22010469486517886,0.37028903379340256,0.46789677962328219,-0.4736172459609137,-0.20999651285931564,0.41747139799714933,-0.10619636165867989,-0.21874308929231395,0.87555206898940008,0.15234507956165386,-0.1033635055610445,-0.052844476692033786,-0.0032532575009125439,-0.0025658189534311202,0.0023193995331416526,0.031632469228410308,-0.020747318583602629,-0.064437904506153679
113.591,254672.446438541,2,150,1,151,254671812045458,254671.813045458,410f167e811dfa22,0.43088813335888043,-0.46701873427218354,-0.17842138431852561,-0.40768087917781615,0.79890357104464704,0.22746267117102517,0.37922311554167665,0.40522159608222674,-0.44704701372802158,-0.16938146204570462,0.4289916224201929,-0.10731083647523362,-0.27663621101284191,0.85318402412652738,0.11554002230690714,-0.0085491703031770234,-0.085674717405040665,-0.0032608042502413814,-0.0026494419967220688,0.0022540294321197387,0.032802944245783623,-0.019787512137702815,-0.065278328296594718
10.209,254672.446438541,1,168,1,169,254672412102083,254672.413102083,410f16834e087703,0.51039847265542093,-0.50193171650005075,-0.21942576382787299,-0.47472582810973407,0.76525906544029321,0.22376372138296441,0.37275166142125205,0.48186806666987941,-0.48524793453585624,-0.21256804513737615,0.42180006104043721,-0.10535037991311047,-0.20543801681058588,0.87680170346970721,0.14045639679517855,-0.11327939663302032,-0.022298089615873578,-0.0032611327656367458,-0.0026495786509908676,0.002253924157933154,0.032606698528473005,-0.01906127106534641,-0.066216658685806756
111.074,254672.546448041,2,153,1,154,254671912054875,254671.91305487501,410f167f4defb6dd,0.44175565610173079,-0.46753111149868065,-0.18870479741432861,-0.41337400846995376,0.80376084752004018,0.22161158562490674,0.36603112906506247,0.41611164693956076,-0.44749165711836536,-0.17975124983828911,0.4155261374165608,-0.10212003578536913,-0.27604517383377336,0.86064428739052845,0.12395861091117312,-0.006729545452101476,-0.12118617746333192,-0.0033534401235166878,-0.0024967227526137177,0.0023514709469301003,0.030979602542150091,-0.021932094574890038,-0.064274880732462805
10.019,254672.546448041,1,171,1,172,254672512111666,254672.51311166599,410f16841ada4a05,0.52469944761210841,-0.51245154492280554,-0.22060273924682131,-0.48300541590338236,0.76019399401265608,0.22235512370118118,0.37332172700152189,0.49583793582567487,-0.49619512722353065,-0.21411405887598631,0.42120712932099014,-0.10674950608616737,-0.19600191803365041,0.87907470972987278,0.15712348699681877,-0.090691332648100573,-0.018202671160149293,-0.0033537363863217597,-0.0024962858874721522,0.0023519747558885871,0.030941009942763605,-0.021470252872136671,-0.064619784134516856
111.285,254672.646457458,2,156,1,157,254672012064208,254672.013064208,410f16801ac16851,0.4527927282567058,-0.46966431161795202,-0.19899202429598312,-0.4274015370142476,0.79913192655602461,0.21811700297073955,0.36213411375381033,0.42658906427514648,-0.45013869423688291,-0.19053748635495871,0.4102994885104696,-0.10183547293214461,-0.2628530722245756,0.86729010636743431,0.10151832986033089,-0.059159879253891025,-0.076540965963939764,-0.0035467222556598999,-0.0023197283803294581,0.0025180569867415872,0.029042758626541699,-0.026122823701512088,-0.059598678014100258
95.040,254672.646457458,2,159,0,160,254672112073875,254672.11307387499,410f1680e7934699,0.4664649697131828,-0.47515923592337689,-0.20603317541586155,-0.44092000255734282,0.79025932594029458,0.21643263727927986,0.36638329088816257,0.43959259802096579,-0.45628629001042398,-0.19821982119576581,0.41211308402595082,-0.10603112118910657,-0.24702019792692681,0.87057522887464611,0.12366635304872541,-0.059966541633854356,-0.081372274980349921,-0.0032163004646932822,-0.0025326101211712586,0.0023458529114848549,0.030125857723151517,-0.016485919054282042,-0.062454345565382409
10.475,254672.646457458,1,174,1,175,254672612120958,254672.61312095801,410f1684e7abf5f9,0.5395353992182228,-0.51991213925424695,-0.22192906131610643,-0.49258197375986124,0.75992434232703443,0.21748440318801196,0.36411341728656244,0.51045853374987737,-0.50394973155426281,-0.21567619102144708,0.41125175183902513,-0.10368236742918502,-0.1890395966826886,0.88565568602005773,0.163191285919808,-0.074203883884375682,0.0048145555663276097,-0.0035469275269240145,-0.002319025920157293,0.0025188456943195207,0.0298746487634079,-0.025629698024398614,-0.059517154548092296
99.526,254672.746466875,2,162,1,163,254672212083250,254672.21308325001,410f1681b464fdb1,0.4787119689890515,-0.48199677781885009,-0.21097223512681873,-0.45186001212320925,0.78100366754281558,0.2200709310169334,0.37070829402982686,0.45123809555244204,-0.46387966862141572,-0.20346773083379538,0.41774398510010108,-0.1065166980524678,-0.2327397045394036,0.87176624497602395,0.13797135734184085,-0.091329614095004383,-0.055273148581227047,-0.0034015276198055425,-0.0023861607337603901,0.0022620017622346639,0.028618525373903709,-0.022381126257685326,-0.064046539306896438
10.281,254672.746466875,1,177,1,178,254672712130500,254672.71313049999,410f1685b47dc37a,0.5568220375645172,-0.52450247716098386,-0.21942484670444692,-0.50497436282247654,0.75744080129908498,0.2155588762365446,0.35329697070248456,0.52740537569521895,-0.50912586506412372,-0.21329453212388333,0.40224181618606208,-0.097395538033250378,-0.17852072591906096,0.89266229947269737,0.16135037798375523,-0.04562955350255192,0.033811740591855155,-0.0034013116673316931,-0.0023862995549264088,0.0022615286662445743,0.02967339486578489,-0.022265726673820197,-0.064064428386070654
105.544,254672.846476375,2,165,1,166,254672312092666,254672.31309266601,410f16828136ba49,0.49509640991549775,-0.4916070855637007,-0.21624022637743379,-0.46436136833497155,0.77376573340072963,0.21973344382435994,0.37063779662963542,0.46708213838588314,-0.4741585414641088,-0.20916139515778867,0.41745549643561292,-0.10670548834014568,-0.21878191884575146,0.87548804631471588,0.14938519123569327,-0.10470751582320735,-0.049999360564887296,-0.0033521908440665052,-0.002415113145378307,0.0022383766551612159,0.02935768400009274,-0.019682143508925467,-0.064019177020583198
12.286,254672.846476375,1,180,1,181,254672812139833,254672.81313983299,410f1686814f74ee,0.57450151872200339,-0.52952989808114315,-0.21562906590697434,-0.51398333033196231,0.75335282078951193,0.21318752406211106,0.35047367425542453,0.54479319672907922,-0.51459926876510764,-0.20981074445156486,0.39856864501765188,-0.097075965181860402,-0.16925978540833553,0.89614196265788582,0.14175630606283157,-0.05685801509270564,0.052948805018877262,-0.0033519955522866183,-0.0024152796323685969,0.0022381741961558801,0.029713775488685444,-0.019325535714954916,-0.063823185618355302
96.433,254672.946485791,2,168,1,169,254672412102083,254672.413102083,410f16834e087703,0.51028047988250869,-0.50248338697088935,-0.21979307286075916,-0.4743259041754404,0.76537032759340096,0.22328288741228317,0.37332024277962039,0.4817650125605894,-0.48576200867033087,-0.2129648532458987,0.42186210781165134,-0.10609242858881943,-0.20579947994981845,0.87659758877219207,0.13931338540425942,-0.1124099259156567,-0.022239230385409137,-0.0034074570369332815,-0.0023810854341603602,0.0022826430876533945,0.030456703455395109,-0.018878180143360738,-0.061175819281906775
12.397,254672.946485791,1,183,1,184,254672912149208,254672.91314920801,410f16874e212c06,0.58836062205712569,-0.53413147521940152,-0.2106943483816347,-0.51774719638015299,0.75190448200678595,0.21101760580441437,0.34935528310253344,0.55854331335270058,-0.51934601152927951,-0.20506592790518674,0.39624345919665022,-0.097819507108487039,-0.1655742001255206,0.8977792876457551,0.13531493914541784,-0.019931491111229587,0.058927244747189599,-0.0034073676659051328,-0.0023811457854135925,0.0022827131257103254,0.031143534432064319,-0.017804329891780938,-0.061118615749339043
103.134,254673.046495208,2,171,1,172,254672512111666,254672.51311166599,410f16841ada4a05,0.52421499800179949,-0.51260946295907106,-0.22096937580330184,-0.48297439131439457,0.76016177610216917,0.22188832157096938,0.37370501394894884,0.49535543309092156,-0.49633564982833039,-0.21451573564389154,0.42114807517048214,-0.10735060982158529,-0.19600107422794874,0.87902999053082487,0.15456093388191142,-0.088995035434677419,-0.019698682363669676,-0.0034759204339901428,-0.002331655023801049,0.0023117584018794175,0.030981358476110464,-0.019685683917218026,-0.060317335767249652
17.176,254673.046495208,1,186,1,187,254673012158708,254673.013158708,410f16881af2f3e4,0.59822387085398421,-0.5356872456274494,-0.20086061579717529,-0.52542697321981269,0.75085729823278213,0.20426934660925725,0.34411320920874366,0.56824102030982393,-0.52109334464969814,-0.19562538137408209,0.38776501358634996,-0.098884540920470845,-0.1594033072606354,0.90246923905454923,0.084620743294741466,-0.031345601142851891,0.13144407681398809,-0.003476043847811847,-0.0023316737931836713,0.0023120433266043514,0.031888548945672779,-0.019388568907505205,-0.060762627986736532
105.446,254673.146504583,2,174,1,175,254672612120958,254672.61312095801,410f1684e7abf5f9,0.54033265421395826,-0.51986921668005148,-0.22253287473180325,-0.49289231437138353,0.75977467388163711,0.21730200651058329,0.36411468322580398,0.51124538082550575,-0.50391820792406916,-0.21629935257666522,0.41112367306917941,-0.10381223650742767,-0.18871432116778789,0.88576929839524987,0.16116672873487026,-0.072598524388316016,0.0022368758016902833,-0.0035418605371802976,-0.0023001522955533506,0.0024237255605590686,0.03059080743868477,-0.02358810268978468,-0.060856535539805912
12.291,254673.146504583,1,189,1,190,254673112168208,254673.11316820799,410f1688e7c4bbc2,0.60452018967423504,-0.54126185530593873,-0.18347004842497058,-0.52380859306684957,0.74869753816574247,0.20092000383332903,0.35313985819499266,0.57453785630380749,-0.52651579809426619,-0.17867688304693222,0.39177947519973055,-0.10763568838658008,-0.15902049386237896,0.89979769055579151,0.03600414253302478,-0.052966486002538699,0.18980015795913138,-0.0035423146652755347,-0.0023001113541955072,0.002424282126443948,0.030371203451180571,-0.024656432662385225,-0.061396255495135443
105.484,254673.246514083,2,177,1,178,254672712130500,254672.71313049999,410f1685b47dc37a,0.55800157942374229,-0.5251954942353968,-0.22154755689581471,-0.50456847129795457,0.7575521755261605,0.21562216456120603,0.35359934175567515,0.52859656540337641,-0.50979889664521916,-0.21541152519162479,0.40250037640486641,-0.097564595047359981,-0.17888648802995943,0.89245404430003716,0.16061395118737493,-0.047681108164564542,0.029810365871386305,-0.0035342749795924315,-0.0023187407322051668,0.0024584169470417199,0.030335917024615165,-0.023815166189470792,-0.062695702256124169
10.254,254673.246514083,1,192,1,193,254673212177541,254673.21317754101,410f1689b4966d37,0.60620802033985277,-0.54668991698815816,-0.16264904965097982,-0.52111504758414984,0.74961252074260309,0.19080755078375103,0.36071139114765438,0.57636325906889974,-0.5314645857834851,-0.15854533592382611,0.38998277341655135,-0.12014015447447494,-0.16157210845550721,0.89854005669776682,-0.016788815302464673,-0.034293342895521536,0.19735005654687293,-0.0035347249023333113,-0.0023186121512473439,0.0024589263857747062,0.029321170507133783,-0.024692503708718949,-0.063108365388849771
114.242,254673.346523541,2,180,1,181,254672812139833,254672.81313983299,410f1686814f74ee,0.57187821195335342,-0.52948314520396189,-0.21643262499334334,-0.51332954095722461,0.75348330820991094,0.21332721281171957,0.35106586293195324,0.54218672475866569,-0.51452179802542541,-0.21060728116335403,0.39908616049490175,-0.097395930940159026,-0.1698143528337489,0.89577193230720986,0.13605178463874912,-0.059887561502527206,0.052215529018767637,-0.0035723780564849645,-0.0023151806217938955,0.002512489331365437,0.031850667169051862,-0.023044021557969221,-0.06188375491254984
18.707,254673.346523541,1,195,1,196,254673312187000,254673.31318699999,410f168a81682f94,0.60105520760122066,-0.54886690459586063,-0.14304425324067768,-0.52221464841766074,0.75088533576222749,0.18200672350602176,0.36102171586533227,0.57126948075449036,-0.53340372908497002,-0.1394301653477279,0.38397908164039296,-0.12658271166343646,-0.16169458937784695,0.90021760799067985,-0.037449394060844847,-0.0034078286952048016,0.18020622968899858,-0.0035725762137596281,-0.002314917879332475,0.002512910864732596,0.031735024902769464,-0.022464089870431941,-0.062049740939674906
112.155,254673.446532875,2,183,1,184,254672912149208,254672.91314920801,410f16874e212c06,0.58400999347799787,-0.53336197370029592,-0.20994449568264334,-0.51716211626919339,0.75213352929121069,0.21101039285901357,0.34973299376793376,0.55421070503099135,-0.5185422104388856,-0.20431084882696801,0.39650544063990567,-0.098091689196681583,-0.16614987511223009,0.89752753442648558,0.13089346795338971,-0.021836793525633363,0.062108811450216683,-0.003564608119972469,-0.0022165314007960048,0.0025030076965483579,0.03020536776440285,-0.021462978666661522,-0.062113912899793615
10.284,254673.446532875,1,198,1,199,254673412196375,254673.41319637501,410f168b4e39e6ac,0.59436872791315076,-0.54655822939644172,-0.12490282184008304,-0.52472783969494874,0.75023017271449077,0.17376656608226998,0.36279555664632107,0.56457398317270113,-0.53099108201871514,-0.12185354974035296,0.37940670541464955,-0.1336636775124006,-0.15945422460902792,0.9015314323164757,-0.055709999110884673,0.025978362048031549,0.17631407076873382,-0.003564526097315912,-0.002216212902855555,0.0025031350669826695,0.030759335832279536,-0.020922268906747445,-0.061956425935285157
109.817,254673.546542333,2,186,1,187,254673012158708,254673.013158708,410f16881af2f3e4,0.59477761924102501,-0.53492643470942436,-0.19932718473866418,-0.52465889896275919,0.75136528542500369,0.20394364760885758,0.34436940835367774,0.56482391845748692,-0.52027264531628481,-0.19409237645579641,0.38771586976856626,-0.099296005034048701,-0.16030561894062145,0.90228532973220088,0.085639882011538854,-0.0332062132622436,0.13553332874834056,-0.0035084697521382932,-0.0020048601724754634,0.0025037990807108995,0.026760024746936072,-0.019242706396770923,-0.063607685925236579
9.937,254673.546542333,1,201,1,202,254673512205833,254673.51320583301,410f168c1b0ba8e7,0.58748337078314605,-0.54056183724945528,-0.1065832152248547,-0.52651056740959956,0.74755441201628514,0.16949820273860394,0.36772195469113766,0.55763741724788651,-0.52501027493215946,-0.10398919922085792,0.37987200620170924,-0.14016535546860368,-0.15630159730233503,0.90089996265478189,-0.066520184570482685,0.063154653656214185,0.19097057860895469,-0.003508205418379067,-0.0020046170077183769,0.0025037422811240335,0.027185203941340476,-0.019799160698566312,-0.063130494812777049
110.538,254673.646551791,2,189,1,190,254673112168208,254673.11316820799,410f1688e7c4bbc2,0.6018332820479283,-0.54027421901805273,-0.18225438559551316,-0.52316307672605966,0.74920485324723096,0.20021247094045638,0.35342255546825996,0.57187953809314107,-0.52546244349757942,-0.177485163333052,0.39147907106021063,-0.10833588683336347,-0.15983566875694818,0.89969996751077108,0.036331064342727482,-0.054564774770618239,0.18957635906712109,-0.0035067187854305659,-0.0019291588722168268,0.0024729680946868121,0.024757626831107563,-0.019916025580821669,-0.066312319770241546
17.939,254673.646551791,1,204,1,205,254673612215250,254673.61321524999,410f168ce7dd65a1,0.57989546029026795,-0.53175780097776515,-0.086971564858598985,-0.52686176326907819,0.74203589392214075,0.17316891155778386,0.37657933535782345,0.54992220962124339,-0.51642806875032843,-0.084529331017725834,0.3887307029967802,-0.14383288620618523,-0.15215108287253259,0.89724611415928879,-0.081066670484058925,0.10968556352793765,0.187257945395574,-0.0035067741259398643,-0.001929237890113578,0.0024727809556505673,0.024969213640355356,-0.020944373446642107,-0.066611752592951809
116.181,254673.746561250,2,192,1,193,254673212177541,254673.21317754101,410f1689b4966d37,0.60296266564104373,-0.54572915517033505,-0.16228709688540988,-0.52071378196989704,0.74993812270195503,0.19000379164983608,0.3610381998570783,0.57313916266024501,-0.53045187603095778,-0.15822207978600697,0.38964551854607704,-0.12093958664182143,-0.16208608143215281,0.89848655441572056,-0.022025025112612739,-0.03471303926532901,0.19426906613954484,-0.003569410577937678,-0.0020144785034480928,0.0024268092892399482,0.025095977140837358,-0.020170707228536592,-0.066658680664023237
18.125,254673.746561250,1,207,1,208,254673712224708,254673.71322470799,410f168db4af27dc,0.57233676174222237,-0.52014152796486124,-0.068092398099287479,-0.52649954165879365,0.74743509394909102,0.17021718135242872,0.36764817060786281,0.54248255358672881,-0.50461248806697045,-0.065458745270083371,0.38032822761730722,-0.13960478760452738,-0.15622502307310399,0.90080779565964053,-0.084159188691428202,0.15066983174301188,0.19514543388527789,-0.0035695799575564142,-0.0020146008089320317,0.0024264539753017303,0.024669578012434468,-0.019603563975905968,-0.067362715807653961
123.366,254673.846570583,2,195,1,196,254673312187000,254673.31318699999,410f168a81682f94,0.59973630601452799,-0.54812168299446395,-0.14326737004493448,-0.52209504714661814,0.75106130131855653,0.18125346674134832,0.36120758216484083,0.569962453304099,-0.53262618652603355,-0.13969410320055475,0.38357787600556886,-0.12724677193282014,-0.1619035866802146,0.90025746355796232,-0.041626261028322141,2.4387383531751488e-06,0.17914621129173183,-0.0036001027586890296,-0.0020749383782428764,0.0023981585874598998,0.025840942959119526,-0.019028370901848279,-0.065594938946305581
17.576,254673.846570583,1,210,1,211,254673812234166,254673.81323416601,410f168e8180ea18,0.56283903393607226,-0.50637593080339127,-0.047976707868376128,-0.51293628947721914,0.76257916863444697,0.16508116881464074,0.35793523913888414,0.53364735940106933,-0.48972544386199712,-0.04481943461071785,0.36982843889602307,-0.13636841727744906,-0.1765241680303653,0.90192560594217597,-0.10212214059259003,0.16764688719639176,0.22255963990232319,-0.0035999697337868912,-0.0020750019486670858,0.0023977509619507111,0.025626731210337865,-0.017415747554703487,-0.066150536244074173
119.340,254673.946580000,2,198,1,199,254673412196375,254673.41319637501,410f168b4e39e6ac,0.59428482197097265,-0.54612084223325064,-0.12486270640056635,-0.52476757914272953,0.75026145457688753,0.17330927963083131,0.36289211132673393,0.5644934803042102,-0.53054171255645022,-0.12184150925799923,0.3791516295399544,-0.13405530232201318,-0.15944824419320958,0.90158165196517481,-0.05700291102528042,0.029122368506367739,0.17852874295785856,-0.003573052475283763,-0.0020857301714032697,0.0023857518604363556,0.025931945674734763,-0.018350950832572821,-0.065831033551901508
14.593,254673.946580000,1,213,1,214,254673912243583,254673.913243583,410f168f4e52a6d2,0.55218560292462215,-0.48951429548657144,-0.025398048867344106,-0.50363888929937861,0.76988167830801801,0.16633520050950595,0.35491227771783312,0.52337690434733308,-0.47230062560462027,-0.021777357297393909,0.36857761672447431,-0.13334412652256147,-0.18826207654108221,0.90051500537641316,-0.095976936560632331,0.17799586666622763,0.23990947865648699,-0.0035727286931497584,-0.0020857852789225562,0.0023853771660717078,0.02579955858614142,-0.01792478277213384,-0.065973428913979976
126.704,254674.046589458,2,201,1,202,254673512205833,254673.51320583301,410f168c1b0ba8e7,0.58890619416917567,-0.54156765474176949,-0.10641248881452499,-0.52685101675547086,0.74716200890998341,0.16966616970841758,0.36795432142356893,0.55904372993571183,-0.5260459403356339,-0.10382974535725829,0.38015508486977245,-0.14021089297624587,-0.15578339237758185,0.90086322579945088,-0.068694775620457948,0.060893874728233065,0.19397055742802821,-0.0035745838245243781,-0.0021042434987337756,0.0023453773060352805,0.02612455655109772,-0.019264523170546746,-0.068148979122752931
17.569,254674.046589458,1,216,1,217,254674012252958,254674.01325295799,410f16901b245de9,0.54363350046450654,-0.47217715326776788,-0.0024089004829920798,-0.4944674794792554,0.78019894970762649,0.16586810537270602,0.34536840539501856,0.51530106611017146,-0.45431589132578298,0.0017874595306021223,0.36149879393588391,-0.12692587599377672,-0.20204265482128797,0.9013252518480106,-0.077459754621040086,0.1796756269626579,0.23361663224385076,-0.0035744375818392822,-0.0021044954363954754,0.0023450337055153287,0.026402060754073385,-0.019675386452822595,-0.068442178755857938
128.392,254674.146598916,2,204,1,205,254673612215250,254673.61321524999,410f168ce7dd65a1,0.5812379293369011,-0.53342086046529902,-0.086935211856882535,-0.52741813288767292,0.74152846948062534,0.17354775680901494,0.37662563822719419,0.55123914015086839,-0.51814089338955993,-0.08449467800075669,0.38903132810786795,-0.14359774323919614,-0.15139886689885626,0.89728072362498723,-0.083155501006210275,0.10316396497450557,0.18698541943645711,-0.003552494302107698,-0.0021450654211970545,0.0022945932412183913,0.027584757058490419,-0.018744261285478053,-0.06789980176726837
11.592,254674.146598916,1,219,1,220,254674112262458,254674.11326245801,410f1690e7f625c8,0.53550761490505883,-0.45441652343402145,0.021204250292092417,-0.48636310705892605,0.78717498479706238,0.16508697543687506,0.34139832330478287,0.50757183814099593,-0.43601910415567147,0.025730649794085052,0.35813917978278381,-0.12467094636051289,-0.21270611295078506,0.90052739689109784,-0.068071654112223323,0.17319883058143423,0.24137459488161692,-0.0035526613351985785,-0.002145378312754746,0.0022941817737622459,0.028060173610375837,-0.019332035258661711,-0.067823929455726822
119.903,254674.246608291,2,207,1,208,254673712224708,254673.71322470799,410f168db4af27dc,0.57260842334057338,-0.5206197601766106,-0.068866326051418805,-0.52703566394983392,0.74707234173833514,0.17054428484366174,0.36746567901533561,0.54273161409346549,-0.50513517089351612,-0.066227251230121756,0.38043048366880178,-0.13924444947472847,-0.1555894228343592,0.90093038681580284,-0.08512639310889078,0.14832865332516101,0.19181284634419996,-0.0035660663413897105,-0.0022235554494415971,0.0022905597481346,0.027758683675253332,-0.018645158139989536,-0.064447697878118965
9.568,254674.246608291,1,222,1,223,254674212271791,254674.213271791,410f1691b4c7d73c,0.52843797694439987,-0.43903133823351997,0.044269754370312532,-0.46823639691861396,0.80118532036429568,0.15391534885265895,0.3393624576076138,0.50147634669066798,-0.41923169569138807,0.048787010310753498,0.34880007267662588,-0.13113090466316743,-0.23543043529328361,0.89761668059401323,-0.052630084450494538,0.16523870289876066,0.25138243948577726,-0.003566274034851733,-0.0022236997515916257,0.0022902163200713447,0.027492160744106309,-0.018774978688205716,-0.063958154462264619
111.197,254674.346617750,2,210,1,211,254673812234166,254673.81323416601,410f168e8180ea18,0.56252534594848824,-0.50612474088925652,-0.049041811209829755,-0.5134497969678371,0.76230104631334461,0.16539827350497405,0.35764491484896144,0.53331179591629252,-0.489514600704478,-0.04587436909907186,0.36984737549825247,-0.13593890013784862,-0.1759644012372017,0.90209204838730273,-0.10138590396746143,0.16915267488071145,0.21922278491892161,-0.0035690029244197924,-0.0022681219882327332,0.0022861499309841248,0.027747023387972133,-0.017361781036198645,-0.059610844673371959
9.516,254674.346617750,1,225,1,226,254674312281208,254674.31328120801,410f1692819993f7,0.52268867456551693,-0.423648707534234,0.06690216147289442,-0.44700872777845235,0.81217430893650489,0.14849273569425511,0.34424707675144672,0.49674386257757763,-0.40257131026234094,0.071589485562380137,0.34841965347080656,-0.1384192183254295,-0.25821105182276033,0.89037684032663611,-0.045376780686135043,0.15431818983927567,0.23604470462028165,-0.0035690641568899588,-0.0022680094929334077,0.0022859084603169908,0.027158967624748089,-0.017219393873970083,-0.058706773102314709
106.711,254674.446627166,2,213,1,214,254673912243583,254673.913243583,410f168f4e52a6d2,0.55183330197747049,-0.48909763962902747,-0.025991338996864014,-0.50393017976741883,0.76972143583455932,0.16636342711175478,0.35483312763674335,0.52301309382023031,-0.47190219405028333,-0.022375650253568014,0.36854160838822236,-0.13326819974365159,-0.18794279454471413,0.90060767029957711,-0.095656858952184121,0.18004907270997306,0.23693466813443237,-0.0035502338340545575,-0.00213436448166437,0.0022900015401237281,0.026683432494955747,-0.015291549941904698,-0.059849235149773847
13.276,254674.446627166,1,228,1,229,254674412290750,254674.41329075,410f16934e6b6178,0.51489052195237761,-0.40730327180755049,0.090230127089060391,-0.42493455049015871,0.82612143596932452,0.13574822781317319,0.34427673852552282,0.49021440253491,-0.3847351511485832,0.094826866409901941,0.33942889980600949,-0.14745192007229291,-0.28368195969771876,0.88463014813284435,-0.063776909400567613,0.15896551549268223,0.23246754775674899,-0.0035503024080744631,-0.0021340742122677304,0.0022901096390155625,0.027072117958763586,-0.015316212870785315,-0.059342977352579915
106.731,254674.546636541,2,216,1,217,254674012252958,254674.01325295799,410f16901b245de9,0.54342954153392875,-0.4709406654182165,-0.0034846041855633269,-0.49458784460546068,0.78023096852435769,0.16566949524080338,0.34521901929529447,0.51509596239426614,-0.45307903359039559,0.00070244173613957057,0.36125272344722026,-0.12696068263980145,-0.20198018454842823,0.90143300356453815,-0.076110714886548414,0.18295995358435629,0.22771355153881409,-0.0035171045100542866,-0.0020444688627780719,0.0022961090219280824,0.027277561853595627,-0.01486659826971358,-0.060180011419957442
14.847,254674.546636541,1,231,1,232,254674512300083,254674.513300083,410f16941b3d12ec,0.50655114029646731,-0.39185252900151707,0.11436087733461189,-0.40078526310371132,0.83781121749859666,0.12899061936496714,0.34757015125112611,0.48317766761433456,-0.3679772487657611,0.1191580348688516,0.33697934358437315,-0.15455906511304868,-0.30902400768517946,0.87581994728540857,-0.08058773769596364,0.15078017904497426,0.24956633372779713,-0.0035172943860792808,-0.0020441634302997905,0.0022963234861931663,0.027893402386276696,-0.015426293240891092,-0.059781216708580949
97.783,254674.646646041,2,219,1,220,254674112262458,254674.11326245801,410f1690e7f625c8,0.53552129962703976,-0.45305536506098487,0.01957109290300308,-0.48614621001137848,0.78739257890979064,0.16483263658503644,0.34132835261411787,0.50759885172103292,-0.43463651790990848,0.024092588731622157,0.35790985831217736,-0.12480131433404502,-0.21301334458840743,0.90052788979060094,-0.064478889747538862,0.1768707075173632,0.23312873903407258,-0.0035100449668960297,-0.0019996880527410458,0.0023520145888666997,0.027750466351087556,-0.016103786344019034,-0.058007727791715605
8.847,254674.646646041,1,234,1,235,254674612309500,254674.61330950001,410f1694e80ecfa7,0.4980893747430028,-0.37792736469827093,0.13907047937492928,-0.37347571556000453,0.84969551867155424,0.11254638371640338,0.35477708516935103,0.47636227566961914,-0.35247767662662055,0.14349851447841108,0.33044758506476984,-0.17128296705175772,-0.33673824315616097,0.86491265126538086,-0.049273962037897912,0.14628528420773421,0.23492207082867209,-0.0035102747798029942,-0.0019994505806430829,0.0023523072768248695,0.027813191049698132,-0.016643002314538118,-0.057695736076401265
101.604,254674.746655291,2,222,1,223,254674212271791,254674.213271791,410f1691b4c7d73c,0.52817253270486242,-0.43710278641915662,0.043183997047836729,-0.46762071019277429,0.80161990528096982,0.15330866795921766,0.33945972426369675,0.50124620781102092,-0.41725100396008979,0.047682965026804761,0.34843986242454067,-0.13162867073579204,-0.23617308947403387,0.89748862228007431,-0.050873837396400272,0.17112182120645145,0.24477628575164664,-0.0035216517117928735,-0.0019550905865638795,0.0023990097176699141,0.027061811429610911,-0.016055319383587813,-0.054837180258386062
15.434,254674.746655291,1,237,1,238,254674712318916,254674.71331891601,410f1695b4e08c3f,0.49132456564179355,-0.36421322993785671,0.16377975353828955,-0.34931384463264953,0.86111538817988387,0.098518640252334394,0.35602564082250665,0.47116336349207905,-0.33747389682027057,0.16800999517107004,0.32141133494603713,-0.18208494146158133,-0.36189833243523778,0.85590269589582035,-0.066147815047317093,0.15481393160687443,0.27909923742240283,-0.0035217628345114659,-0.0019548300149119201,0.0023991375395948185,0.026885362377658727,-0.016210810210689208,-0.054415576666889752
100.485,254674.846664750,2,225,1,226,254674312281208,254674.31328120801,410f1692819993f7,0.5219131075284128,-0.42021169017433579,0.068858710006459586,-0.44618657096796777,0.81290110305227326,0.1473650144246173,0.34408276080088129,0.49602559669868973,-0.39905638031039353,0.073511730484402474,0.3475060452151631,-0.13910044874145175,-0.25930632549729787,0.89030940872032416,-0.048054544997246547,0.16222257340391491,0.23603528373355465,-0.0033873120276667204,-0.0018561742068773446,0.0023692340946767565,0.029880771455310175,-0.012609228790635276,-0.062793624773764878
8.730,254674.846664750,1,240,1,241,254674812328333,254674.813328333,410f169681b248f9,0.48577817673354701,-0.34567661863848964,0.19172173881796917,-0.34328681887113233,0.86561216795458817,0.098360069742363748,0.35099157336188835,0.46601303140950689,-0.3186832160874758,0.19620015382833758,0.31773958552247838,-0.178637444597849,-0.3693397864957994,0.8548206486104506,-0.038696935713429075,0.17626024260629367,0.25091580449405959,-0.0033873686605329291,-0.0018561095833413833,0.0023692288110685458,0.031072511663383477,-0.013215455621939596,-0.062821645786003577
99.725,254674.946674125,2,228,1,229,254674412290750,254674.41329075,410f16934e6b6178,0.51417717781628314,-0.40291470393515144,0.093305344078152774,-0.4242380578417061,0.82693321577194145,0.13429134866691128,0.34375778364638521,0.48956384393939573,-0.3802681334197841,0.097852606037173967,0.33803177420532265,-0.14811513266417034,-0.28474846934737114,0.88471166845916882,-0.064481575061341168,0.16610506003335479,0.23389619382817053,-0.0032491430222151255,-0.001684805831783996,0.0022950382780059786,0.03091410218537451,-0.0067116709415843776,-0.073599793606701588
8.650,254674.946674125,1,243,1,244,254674912337750,254674.91333775001,410f16974e8405b4,0.48042184479238081,-0.32639336025984617,0.21781496127094793,-0.33581645385341646,0.86680562627570423,0.10879208817493619,0.35219263243446425,0.46087270753284409,-0.29938538454129299,0.22308387310931044,0.32596541329357914,-0.17211017081120422,-0.37546603456669331,0.85038220543849996,-0.023084893303882741,0.16098320915264311,0.23236819378762019,-0.0032491835900220912,-0.0016851472315876678,0.0022949138942822524,0.033094514484438405,-0.0074025358645538938,-0.074165887569453748
94.668,254675.046683458,2,231,1,232,254674512300083,254674.513300083,410f16941b3d12ec,0.50595206996915343,-0.3871896491689174,0.11810494211836034,-0.40018961736714148,0.83861871806152699,0.12729887389598654,0.34693222073724411,0.48264416948447425,-0.36323739543168221,0.12283698901901506,0.3353320139427528,-0.15530422479408876,-0.31001618192215485,0.87596975126576948,-0.080906604616059044,0.15683098151736724,0.25338979137917367,-0.0031484807036071135,-0.001596704129528447,0.0022387959328701613,0.032920396920611786,-0.0056646319367825845,-0.083614575209091435
8.255,254675.046683458,1,246,1,247,254675012347000,254675.013347,410f16981b55ac04,0.47762298229119293,-0.31013981852690642,0.24167479899334202,-0.32025900151726627,0.87154574931099182,0.12439450997045759,0.34981171779515258,0.45870596559480198,-0.2829837892748352,0.24831238187687099,0.33531443041249931,-0.15939403200810329,-0.38981858737161457,0.8427331987390434,-0.0053824568820768923,0.1476927813636727,0.21787981351740884,-0.0031487122882021064,-0.0015973412200104302,0.0022385910730239353,0.034751257447545446,-0.0068648945191255506,-0.084325991691388408
89.180,254675.146693041,2,234,1,235,254674612309500,254674.61330950001,410f1694e80ecfa7,0.49691206905821755,-0.3733232787153245,0.14421788115538045,-0.373316879558652,0.85037640933362779,0.11054494144136744,0.35394115191602388,0.47523814541066622,-0.34781214769514629,0.14855195311579111,0.32844125764127236,-0.17210710636261484,-0.33733201955841446,0.86528179964630503,-0.055593375945470237,0.15452534048919847,0.2435178078670773,-0.0030958030460414196,-0.0016112496335132947,0.0021705256062435068,0.035167885448112821,-0.0079641646149132203,-0.090049078023652168
8.561,254675.146693041,1,249,1,250,254675112356541,254675.113356541,410f1698e8277963,0.47642329298460417,-0.29217343888162317,0.26346789524898961,-0.31539033180841303,0.87162937173565513,0.14135351056028517,0.34757792679376159,0.45751710507876969,-0.26531822337793942,0.27125984051872687,0.34572672568984397,-0.14582267928513518,-0.39332038662847119,0.83934965944611772,-0.016578333840750078,0.17412912879789019,0.19119881100236494,-0.0030961750037465808,-0.0016117045038781287,0.0021701200377343228,0.035762132736259521,-0.0096711940017293659,-0.090376096093477673
88.599,254675.246702333,2,237,1,238,254674712318916,254674.71331891601,410f1695b4e08c3f,0.48926871005574213,-0.35965259358946045,0.16934435223107225,-0.34966577974916485,0.86137605328973077,0.097013820405721624,0.35546238781927664,0.46912200729790221,-0.33288868551871692,0.17348736378483792,0.31994898664883314,-0.18275072974376361,-0.36183379479632066,0.85633586965851238,-0.077606736585805511,0.16808827586878822,0.28950988836469826,-0.0031974773757698816,-0.0017146318556872724,0.0020890751235767679,0.032431125984275257,-0.010755038645043404,-0.082445241057566829
8.434,254675.246702333,1,252,1,253,254675212365833,254675.21336583301,410f1699b4f92557,0.47577274143926429,-0.27723906625225359,0.27642087644503716,-0.31141126325409352,0.8693500092682005,0.15394681249375075,0.35150251583646397,0.45681445273446403,-0.250651954352968,0.28496895940011596,0.3574066380992339,-0.13969297377900566,-0.39452226029654003,0.83492428054877565,-0.017062527319973896,0.16737256659511537,0.15857973023542518,-0.0031978123972185115,-0.0017145321359467267,0.0020883016669387515,0.031340119656717805,-0.011631249582996002,-0.082038750096440488
81.593,254675.346711750,2,240,1,241,254674812328333,254674.813328333,410f169681b248f9,0.4840313660070375,-0.34235895520163961,0.19714519100369748,-0.34408756010714792,0.86559586156208412,0.097793540952856278,0.3504055250513114,0.46423816424461367,-0.31537895226985635,0.20158022851870758,0.31692459046085231,-0.17862364221250246,-0.36876204659249223,0.85537532779293879,-0.049249030526517412,0.18634539182199683,0.26259868847156997,-0.0031940726149095647,-0.0018566893020058738,0.002076285498182515,0.035155433141500353,-0.017132383821795667,-0.080570045717230199
8.277,254675.346711750,1,255,1,256,254675312375291,254675.31337529101,410f169a81cae792,0.47396372771042239,-0.2618613117593781,0.29451299802976705,-0.29217083523217025,0.87211079563464555,0.15586382613629687,0.36022976569389165,0.45593161083149425,-0.23478705686547707,0.30352346054682744,0.3649332688005465,-0.14450853785990658,-0.41007946777097554,0.82327141449270158,-0.04436115541632922,0.13208674600155498,0.15453021781877946,-0.0031945282568043212,-0.0018563738267230977,0.0020756491573011462,0.033672980259666717,-0.018450615358372852,-0.079916906274336175
80.789,254675.446721125,2,243,1,244,254674912337750,254674.91333775001,410f16974e8405b4,0.48159035877436973,-0.32681232546293326,0.21882339254301855,-0.33692067659877573,0.86653470123689624,0.10950189806050298,0.35158421006372498,0.461973411954332,-0.2998583286461366,0.2241166339909903,0.32603710509093387,-0.17117803986839186,-0.3744936582692463,0.85097143588187241,-0.021671638437355298,0.16611930827405832,0.23693503966458546,-0.0031779793028454272,-0.0020006312672491504,0.002110141844402994,0.038467205668052874,-0.018804197108133379,-0.071829694975955816
8.344,254675.446721125,1,258,1,259,254675412384708,254675.41338470799,410f169b4e9ca44c,0.47278882127714505,-0.24922471256468443,0.29880828910491519,-0.26282610031642284,0.88279742348044332,0.15339450116279973,0.35785657785521896,0.45654917609641971,-0.22126135153833784,0.30848740665151747,0.36150909524418279,-0.1445765170780561,-0.43838591508667463,0.81007814081045904,-0.042253912722426096,0.163732372822598,0.088697781431706521,-0.0031783525088357177,-0.0020001161602535588,0.0021096685517089028,0.036855951752404602,-0.019693827340991382,-0.070802300277464397
80.175,254675.546730583,2,246,1,247,254675012347000,254675.013347,410f16981b55ac04,0.48087862499350531,-0.31323129759381718,0.23758461481995904,-0.32137653445323811,0.87111976961125193,0.12573609519905085,0.34936794024615503,0.46187997409886855,-0.28614644590524918,0.24427961483180322,0.33594927629405197,-0.15813158991477963,-0.38872715914909445,0.84322220070892406,0.0043198098772363278,0.14760808931323147,0.21225402718095485,-0.0031881311911763507,-0.0020157129793362829,0.0021288278068207836,0.037539184358116706,-0.018069047178206888,-0.066546135789276289
8.259,254675.546730583,1,261,1,262,254675512394041,254675.51339404099,410f169c1b6e55c0,0.46568834700365097,-0.2344619272631133,0.30224620194701951,-0.22536272151053149,0.89262508442283595,0.14288917847024268,0.36333846245762486,0.45178033331861472,-0.20536386967940395,0.31220768537864657,0.35795698820027433,-0.15588117946778487,-0.47182572909234111,0.79053673782614409,-0.074817749431162567,0.1784605936112883,0.065959377726163726,-0.0031884070792160065,-0.0020152172883205091,0.0021286745828400402,0.036319966818818231,-0.018388241638426128,-0.065834090129832337
85.602,254675.646740041,2,249,1,250,254675112356541,254675.113356541,410f1698e8277963,0.48168667798024861,-0.29656899607129439,0.25514098964252957,-0.31623616976187563,0.87130034932357514,0.14273085624091847,0.34707109083323073,0.46271589931580415,-0.26977889704085395,0.26299981288589452,0.34634226899963994,-0.14449036170512872,-0.3924896349191519,0.83971510321032883,-0.00082418885934873009,0.17053649506056878,0.17783170974864668,-0.0031314572164794709,-0.002010251021446632,0.0021621552706096478,0.040147668335925334,-0.017816180005036045,-0.069023429801422329
14.490,254675.646740041,1,264,1,265,254675612403541,254675.61340354101,410f169ce8401d9f,0.45694330994164734,-0.21521891983528968,0.30746450850689888,-0.20022131892911721,0.89706090665244698,0.14038921149017855,0.36808161555804542,0.4445133556202015,-0.18561095675934217,0.3178676671631292,0.35954316027523986,-0.161002838657376,-0.49273998476844638,0.7758956819405245,-0.088552324070741956,0.20477209481691522,0.058563472207730206,-0.0031315408662912817,-0.0020100847057743245,0.0021622896348725399,0.040405006617249328,-0.018294420213257827,-0.069188697641247923
85.097,254675.746749416,2,252,1,253,254675212365833,254675.21336583301,410f1699b4f92557,0.48187919751124186,-0.27922529128144097,0.27093801461315803,-0.31180407984814335,0.86941277340178602,0.15494363108131987,0.35055979466516557,0.46289620358630484,-0.25267649274850146,0.27955011018100878,0.35744489074810581,-0.13832151209961896,-0.39428887796980788,0.83524642476209354,3.409211007988867e-06,0.16803090925718087,0.15204403017414309,-0.0030717803533604053,-0.0020153603312498178,0.0021830749744195473,0.043633717725888574,-0.018486342327777846,-0.074574785408943078
8.075,254675.746749416,1,267,1,268,254675712412875,254675.71341287499,410f169db511cf35,0.44609879023113536,-0.1936475318338598,0.31408502313803244,-0.18228055816957023,0.8969430816904912,0.14677980030491877,0.37513017707974805,0.43448539713292511,-0.16398270049488742,0.3252424347708156,0.36904607435868725,-0.16146809560792605,-0.50534270319626462,0.7631263338579557,-0.1045567295248277,0.19744988770422511,0.052622923303726372,-0.0030716982962635119,-0.0020155059048582932,0.0021831780848502918,0.04484493478615291,-0.019264370602481349,-0.075356553106682475
85.371,254675.846758791,2,255,1,256,254675312375291,254675.31337529101,410f169a81cae792,0.47950231620059269,-0.26483804847450498,0.28493806538571165,-0.29220084043318595,0.87229557526750878,0.156358452777007,0.35954302340127064,0.46147080915499195,-0.23777652787283232,0.29398791667489299,0.36479742252392255,-0.14367318389829062,-0.41018890981837736,0.82342329030119255,-0.031155720279061092,0.12967061517982217,0.14567957678450197,-0.0030538456942572263,-0.0020151017512728868,0.0021677507687014939,0.04602713123106926,-0.020407812969168684,-0.082270248992502043
8.344,254675.846758791,1,270,1,271,254675812422250,254675.81342225001,410f169e81e3864d,0.43342502805785466,-0.17539491146864211,0.31965800253038484,-0.15734183105496863,0.89912449486064272,0.15708244255078427,0.37701969497179266,0.42305930807657055,-0.14574654598766953,0.33202275992965807,0.37766723324013918,-0.15551911848465352,-0.52451953778812055,0.74703448327438748,-0.10367341797818291,0.20024882574657774,0.054961934334204876,-0.0030538111876872967,-0.0020155084733250494,0.0021676262144569272,0.047495374509315347,-0.021178669318894384,-0.08326223274575488
85.822,254675.946768208,2,258,1,259,254675412384708,254675.41338470799,410f169b4e9ca44c,0.4752161394855246,-0.25234107235149905,0.29333918577375295,-0.26304166907211751,0.88302421960247912,0.15342642927154898,0.35712419680084689,0.45897587827524933,-0.2243806268513196,0.30302568954034098,0.36101380022960877,-0.14403606890026929,-0.43839385403333814,0.81039094000693856,-0.04132644324763031,0.16055502257895438,0.090445888622766923,-0.0030181991052580814,-0.0021077275258661547,0.002092872923746044,0.051153878007413618,-0.021280290269803565,-0.088982441718162983
8.253,254675.946768208,1,273,1,274,254675912431666,254675.91343166601,410f169f4eb542e5,0.42145332578722838,-0.15523682841703601,0.32629085973556365,-0.14873994852391892,0.89719166478411805,0.16715065638912047,0.38076798136945683,0.41130732674671233,-0.12583798346985051,0.33941059948937707,0.38743697398934451,-0.151050255053647,-0.52923526987733616,0.73958531674991457,-0.12290041667099433,0.22460415175820828,0.09861957754982173,-0.0030183322986618369,-0.0021082267127894671,0.0020924862594816226,0.052219124743125026,-0.022465102399776667,-0.089564946154933794
85.885,254676.046777541,2,261,1,262,254675512394041,254675.51339404099,410f169c1b6e55c0,0.46718984400104263,-0.23693341727559394,0.30162487558414791,-0.22580627862620956,0.89278937331554653,0.14316263873441021,0.36255092264521588,0.45326379061789884,-0.20784889422882302,0.31160067170667771,0.35759347907531508,-0.15513093913875928,-0.47162825664336494,0.79096654984915715,-0.077825186853018979,0.17972374381013373,0.078889850500406533,-0.0030354626487665024,-0.0022019455853678404,0.0020959765549348995,0.054567852644264003,-0.026274639500064072,-0.087493895048979559
8.224,254676.046777541,1,276,1,277,254676012441000,254676.01344099999,410f16a01b86f47b,0.41027455596168638,-0.13410082193882067,0.33688380956856767,-0.14303560864027304,0.89645638872010602,0.17097906429176785,0.38297907327973474,0.40033905724314089,-0.10478429257509206,0.35034441591620369,0.39170754514841505,-0.14990663997854842,-0.53274892850686273,0.73503182076623996,-0.12189833598532401,0.20768015984821764,0.097315701443213928,-0.0030355629092328564,-0.0022021445677106984,0.0020956581495253498,0.054344464830928481,-0.02713443118675252,-0.087231679902785991
91.660,254676.146786916,2,264,1,265,254675612403541,254675.61340354101,410f169ce8401d9f,0.45765220463989298,-0.21793775986965525,0.30882700982189987,-0.2010605498821611,0.89716208776484607,0.14090952476825047,0.3671776172379948,0.44517741959523,-0.18835519403508574,0.31924874138145437,0.35927185398743527,-0.1599956982946171,-0.49221810473515815,0.77656065367141658,-0.093665981428600928,0.20667981957907508,0.074179080332264641,-0.0029852895365225503,-0.0022766445184148531,0.0020653811681979701,0.058032255809695517,-0.026174265456472692,-0.086633715723862761
13.979,254676.146786916,1,279,1,280,254676112450541,254676.11345054099,410f16a0e858c1da,0.39965739919692111,-0.11240577119631862,0.34699303578696294,-0.14017267087120094,0.89620631737061673,0.16980273369347748,0.38514016135497148,0.38987248482198578,-0.083033760445692203,0.3604429944154075,0.3924038738196613,-0.15226655129146968,-0.5345965040213273,0.73283059096717618,-0.1215865391404832,0.20564288777515391,0.10080901765791267,-0.0029854141007701709,-0.0022767232688672302,0.0020649494785257602,0.057847318671576296,-0.026604084983229775,-0.085748382518893579
85.499,254676.246796416,2,267,1,268,254675712412875,254675.71341287499,410f169db511cf35,0.44671972733176835,-0.19605057965317468,0.31617002039719067,-0.18335177881981901,0.8969596848763205,0.14733923974595839,0.37434830112308914,0.43504484882826089,-0.166414608605328,0.32733995253423304,0.3688887879942942,-0.16051964241973826,-0.50459697605545684,0.76389554144871707,-0.10547235184179267,0.1984938230091676,0.064035331910791041,-0.0029415778627876251,-0.0023016436277201219,0.0020215911366045407,0.056642405000848946,-0.024255873333936109,-0.084580959652763354
8.350,254676.246796416,1,282,1,283,254676212459791,254676.213459791,410f16a1b52a682b,0.38849807902064259,-0.092080822538165852,0.35568881718750661,-0.13815380387609327,0.89368525706109758,0.17310726927474468,0.39022315964448734,0.37864662181881165,-0.062820474812078017,0.36933219631129843,0.39833475573932536,-0.15352411429910065,-0.53424139973268836,0.72962037766939225,-0.11314564321602064,0.19240258413425812,0.082062381514922358,-0.0029415188446336926,-0.0023016591397388678,0.0020211002813139002,0.056365462719125507,-0.023942359012072652,-0.083683989225229793
85.123,254676.346805666,2,270,1,271,254675812422250,254675.81342225001,410f169e81e3864d,0.43505504949632234,-0.17545947196894079,0.32198092623869157,-0.15861086111597317,0.89918373155078402,0.15761458043709758,0.37612352877289518,0.42461964301133404,-0.1458380307890158,0.33435159581975743,0.37740982635861564,-0.15450915500727583,-0.52366408471450898,0.74797370967635801,-0.099701584234715132,0.20404127810250247,0.059974221397547815,-0.0028966672183127111,-0.0023151345995240922,0.0019599013581297008,0.056007816846777671,-0.021768036775833277,-0.08312205457112512
8.314,254676.346805666,1,285,1,286,254676312469333,254676.31346933299,410f16a281fc35ac,0.37678023532333471,-0.071848881344389742,0.36483326671313537,-0.1359993194625097,0.89515511070111842,0.16846055139607899,0.38964420787073384,0.3671765234501751,-0.042415017128855641,0.37827861191381484,0.39463964939017188,-0.15640045921963613,-0.53680419367951826,0.72913627061967734,-0.11843150493896945,0.17979926679632169,0.087031709028067464,-0.0028965759173702867,-0.0023152237359711637,0.0019593726086628528,0.056172910290553033,-0.021277567700960821,-0.082167509546028819
86.391,254676.446815083,2,273,1,274,254675912431666,254675.91343166601,410f169f4eb542e5,0.42386586016944383,-0.15178854347825638,0.3304829164663321,-0.14969381483451422,0.89731349956881057,0.1673233001488004,0.38003054052491503,0.41367457046976597,-0.12240170284741554,0.34359444436972314,0.38703760215127003,-0.15040672807567018,-0.5286469347588626,0.7403459522686846,-0.1147675759026246,0.23032638850159079,0.098300631421468582,-0.0028529131679756871,-0.0023004236924299478,0.0019106157663347967,0.05616200804059248,-0.019061026738557509,-0.082889928101069044
9.788,254676.446815083,1,288,1,289,254676412478583,254676.41347858301,410f16a34ecddbfd,0.36367736587339405,-0.050950200936369386,0.37585107089771652,-0.13507386249037479,0.89596680845412802,0.16270362513029951,0.39054591714982018,0.35424083140828622,-0.021325062997818358,0.38899123723521983,0.39120649262609247,-0.16110882544158864,-0.53803254753295626,0.72905583070655156,-0.12945917516997568,0.1782750092055298,0.099188637464855886,-0.0028528634130881728,-0.0023006116114482329,0.0019101463472192424,0.056947127904028366,-0.018492895159171348,-0.082182823153749335
86.740,254676.546824541,2,276,1,277,254676012441000,254676.01344099999,410f16a01b86f47b,0.41176555579500662,-0.12848736922862181,0.34059316813924323,-0.1441102410367624,0.89665295956129254,0.17068576712467898,0.38224616499298114,0.40178807616315515,-0.099167867392843431,0.35401619552744362,0.39098190833241886,-0.14959578798301909,-0.53212804524332824,0.73593069717195114,-0.11711948967296754,0.21744911629061356,0.092964582183733546,-0.0028174535035115677,-0.0023215039708605507,0.0018394528940436378,0.056814421341252246,-0.017438140246756505,-0.082550424389008642
8.514,254676.546824541,1,291,1,292,254676512488083,254676.513488083,410f16a41b9fa3db,0.3508795455577991,-0.033831176685868387,0.3850742255711061,-0.12720012064314712,0.89799292973034295,0.16209510484793704,0.3887853619408797,0.34196934180144917,-0.0041244099246175196,0.39839628357952089,0.38953130332561975,-0.16029421375451536,-0.54503280769411055,0.72492093865699636,-0.10960267880684779,0.12119372399811253,0.082815663162657996,-0.0028174531048201414,-0.0023217915795989792,0.0018389522838792778,0.057722432798440818,-0.017316981722972663,-0.082136913450895244
93.622,254676.646833833,2,279,1,280,254676112450541,254676.11345054099,410f16a0e858c1da,0.39987838940359222,-0.10527725941636239,0.35066832939906206,-0.14118407376540787,0.89640340343189384,0.16915019697237665,0.38459882957103186,0.39005919845639175,-0.075890263506662475,0.36406045068406756,0.39155968132636293,-0.15234518505454564,-0.53402069508204841,0.733685121679852,-0.11960081463103377,0.2173526750096885,0.093701822424912762,-0.0027629793592651272,-0.0023052822155342537,0.0017851565954658238,0.055430922710681722,-0.013201627667269572,-0.081139138576433956
15.017,254676.646833833,1,294,1,295,254676612497333,254676.61349733299,410f16a4e8714a2b,0.33934106499390082,-0.019986423186081403,0.39355283609949493,-0.11692733829117713,0.90193228421402805,0.16034187368804065,0.38358400515049518,0.33120563862476715,0.0098533416468341902,0.40707186803507739,0.38461366715645767,-0.15785602080368519,-0.55508230575837403,0.72044252898232986,-0.1158433284671332,0.12653387483174178,0.11762604578282089,-0.0027628939346874479,-0.0023055710698982076,0.0017847888318523416,0.056220224979435983,-0.012887436207586044,-0.080597370968869542
90.091,254676.746843166,2,282,1,283,254676212459791,254676.213459791,410f16a1b52a682b,0.38833525822268627,-0.08532877765939921,0.35876282880426646,-0.13899607778988832,0.89389123961722461,0.1724234062379521,0.38975474889780531,0.37845932317029507,-0.056050727321303728,0.37235041973156108,0.39751997515492521,-0.15367646207040661,-0.5337914738108418,0.73036160690797547,-0.11244462750361126,0.20454965600731426,0.076948599355568192,-0.0027432915369089836,-0.0023052018093228355,0.0017929983748465905,0.056290182357268938,-0.013291773937452924,-0.080287064074458792
10.332,254676.746843166,1,297,1,298,254676712506833,254676.71350683301,410f16a5b543120a,0.32575045647282569,-0.0080002623065905006,0.40762623416714933,-0.11201408010544073,0.90462379584073771,0.14785600427321816,0.3837281447452941,0.31819554031750041,0.022248535331901242,0.42056046917654133,0.37588674654133736,-0.1667867855832216,-0.56045968991904549,0.71887151696616292,-0.14664529767990006,0.10135382803411602,0.15480502168344931,-0.0027432390567443611,-0.0023053208610616322,0.0017929204406805393,0.056412919771028386,-0.013255582545687677,-0.079706790780900316
92.450,254676.846852666,2,285,1,286,254676312469333,254676.31346933299,410f16a281fc35ac,0.37681056719077938,-0.066252460212675945,0.36671772052513574,-0.13657203115481598,0.89534477435980153,0.16792103358390115,0.38924079311582777,0.36719368327119817,-0.03680393041271967,0.38012147329311036,0.39397289539552505,-0.1564966986118127,-0.53653333782462953,0.72967535138582851,-0.11773376725537021,0.19073593724083504,0.082873323600614154,-0.0027227422570172944,-0.0023062685500662592,0.0018162262419845769,0.055130291695206793,-0.012780562367555951,-0.078064467506259866
10.420,254676.846852666,1,300,1,301,254676812516166,254676.813516166,410f16a68214c37e,0.31133850942459862,-0.0022661298879992665,0.42321559252278351,-0.10698462263083974,0.90388704841840917,0.14735791298386713,0.38707646908009352,0.30402741670773759,0.028008333734509717,0.43622965136779579,0.3779021656021132,-0.16950661208195592,-0.56349509422591426,0.71479419449031523,-0.16276106948720756,0.023810062432077551,0.16650066712930386,-0.0027226067045456868,-0.0023061395471799806,0.0018162867594551826,0.054340118914076405,-0.012843942817666763,-0.077198694780095459
94.673,254676.946861958,2,288,1,289,254676412478583,254676.41347858301,410f16a34ecddbfd,0.3641412103086038,-0.046800218558977688,0.37674549917396422,-0.13549499279905908,0.89612848177611337,0.16241382682458852,0.39014952664932678,0.35469465184237137,-0.017167641536558545,0.38986166721653859,0.39072128388096061,-0.16103345337984179,-0.53784908374311646,0.72946793509493368,-0.12778982600541017,0.18647353722992641,0.094201853000727934,-0.0027004850931486133,-0.0023172595880209413,0.0018322142929158775,0.053382658539202404,-0.011714263135201434,-0.075634959047269926
10.516,254676.946861958,1,303,1,304,254676912525583,254676.91352558299,410f16a74ee68038,0.29563670640423256,-0.0011064161260092749,0.43948646078659792,-0.096114140947413607,0.90510355073914384,0.13835887510269007,0.39039276279425716,0.28912439172266763,0.029457282496508658,0.45224620357267198,0.37388385877278169,-0.17821486633388836,-0.57204188235195175,0.70796780039914575,-0.15237909618632967,0.013157664251934134,0.15948497619140295,-0.0027002712191736612,-0.00231698863314099,0.0018322261804311827,0.051965313480886205,-0.011575512379358581,-0.074634505191886261
100.855,254677.046871375,2,291,1,292,254676512488083,254676.513488083,410f16a41b9fa3db,0.35157683117579058,-0.030528656472286,0.38555268005668386,-0.1273572742352968,0.89815843966309439,0.16189362248739636,0.38843538738340988,0.34266949887173997,-0.00081529856264086348,0.39886195294911286,0.38914136440973712,-0.16018921391790708,-0.54503871651905877,0.72514909621742518,-0.10665612321858418,0.12606215953507416,0.0779430089102046,-0.0026814035585799503,-0.0023202379250944973,0.0018062493716208968,0.052071489677963823,-0.010424732516092154,-0.076272445718448892
15.687,254677.046871375,1,306,1,307,254677012534833,254677.01353483301,410f16a81bb82689,0.28071214102790421,-6.1677520984442652e-05,0.45496605908532145,-0.089433309039519959,0.90864474802468531,0.12820532013607391,0.38720776622206965,0.27491456939599601,0.030809363008211965,0.4673243749812761,0.36445207877943153,-0.18314238109858066,-0.57926994831980494,0.70574774352629988,-0.12673132106214097,-0.011386076739868817,0.14052961912767098,-0.0026811473602016086,-0.0023200504403550382,0.0018060670783359946,0.051623525120109877,-0.0099429320064762326,-0.075765839134844706
108.663,254677.146880708,2,294,1,295,254676612497333,254676.61349733299,410f16a4e8714a2b,0.33959570814007745,-0.01726461272082086,0.39478230677487153,-0.11703569825665999,0.90208531988652685,0.16026791344961064,0.38322182885345479,0.33146345821639539,0.01257810527141049,0.4082967304022973,0.38430527206290865,-0.15765222127961728,-0.55511389625291885,0.72062736360560165,-0.11308307617712181,0.12710036358586246,0.1145299479265371,-0.0026458778371496166,-0.0023181243075421267,0.0017714525969660566,0.052761543087272933,-0.0091834935597921701,-0.079964941571584541
16.175,254677.146880708,1,309,1,310,254677112544208,254677.113544208,410f16a8e889dda0,0.26783027021746209,0.00035199807534639499,0.46966360385154921,-0.090878511118947403,0.90915815576405201,0.1296876758963682,0.38516711172890872,0.26195249716788871,0.031185133597114972,0.48207853396978029,0.36405730196999725,-0.18065123672445271,-0.57861107024080705,0.70713268977401955,-0.10854843888525868,-0.03139310451951844,0.12590483295412191,-0.0026455902294370273,-0.0023182583835267738,0.001771203015901556,0.053857951067549321,-0.0087926522174047363,-0.080194471969224496
103.130,254677.246890125,2,297,1,298,254676712506833,254676.71350683301,410f16a5b543120a,0.32570104520247978,-0.0053091482989156731,0.40914060647892431,-0.11224117342161705,0.9047527186988773,0.14775820402339565,0.383395361672764,0.31814177994434378,0.024942584262410104,0.42206543289020582,0.37558227816233675,-0.16662062764024357,-0.56039027292430243,0.71912325841053593,-0.14344363499122037,0.10062303567736003,0.15311605528115438,-0.0026374965201507623,-0.0023304153932027982,0.0017470929791159246,0.053539832178167282,-0.0090490723843607949,-0.081985820545392676
9.430,254677.246890125,1,312,1,313,254677212553666,254677.21355366599,410f16a9b55b9fdb,0.25527871079246056,-0.003427642524959456,0.48444170223934901,-0.091701921526403329,0.91040519667338538,0.12392962315560346,0.38392009217472595,0.24951287100106842,0.027564694819830992,0.49650781467763277,0.35910396797932742,-0.18384101879597431,-0.57891062223343204,0.70859671990128548,-0.1109815434473468,-0.0493380972066872,0.1365474428969185,-0.0026372709659550392,-0.002330728164053377,0.0017467824078709992,0.054860408593426016,-0.0088062386099980704,-0.082483562350923523
105.819,254677.346899541,2,300,1,301,254676812516166,254676.813516166,410f16a68214c37e,0.31087771892872457,-0.00022481400886433661,0.42445209157124686,-0.1073795009354182,0.90393192394684752,0.14728472710380514,0.38689014205979599,0.30354847363753973,0.030050895056324179,0.43745303599956847,0.3777186622753459,-0.16942660921659275,-0.56324760489605619,0.71510514739942088,-0.16197455653650134,0.023420111056204746,0.16513446570932416,-0.0026471011372837549,-0.0023541268811122459,0.0017173733092693956,0.053103084380184067,-0.0099408271813710321,-0.081537169833784354
12.854,254677.346899541,1,315,1,316,254677312563041,254677.31356304101,410f16aa822d56f3,0.24410207650292687,-0.011992362086679548,0.4998094168531575,-0.098472140972146238,0.91166163680377665,0.10784661464176573,0.38411646457215431,0.23829933449876034,0.019401921627357207,0.51076788788164718,0.34787042015005371,-0.19535227912557801,-0.57501179159331406,0.71427242516683687,-0.11877467805369539,-0.088014207003689837,0.15685668751519041,-0.00264698505114168,-0.0023543129584452033,0.0017169536624942303,0.053046834031117096,-0.010121617978430151,-0.081782339378028077
106.541,254677.446908875,2,303,1,304,254676912525583,254676.91352558299,410f16a74ee68038,0.29530769397774109,-0.00063607251300580592,0.43972638110315343,-0.096602172658462437,0.90512984589639967,0.13822443475600532,0.39025894115841508,0.28877190686962978,0.02993072076378769,0.45246669458508226,0.37369416891084939,-0.17821530382850917,-0.5717153853123299,0.7083314844057943,-0.15485276117114161,0.015877388072827906,0.15953269314373381,-0.0026486597170068574,-0.0023601211752347136,0.001702962068111363,0.051931990425457868,-0.010781173615141075,-0.077654396591485639
11.102,254677.446908875,1,318,1,319,254677412572375,254677.41357237499,410f16ab4eff0889,0.23569659908290813,-0.025672521977811197,0.51401344365848345,-0.10593583224661812,0.91032776032048801,0.099608537239041867,0.38750375579815854,0.22956864284576264,0.0058913247690933045,0.52428635380411182,0.34444039644166935,-0.20357265589803175,-0.56879097193936612,0.71860685865777707,-0.10507521926281874,-0.1280754102744707,0.16341512103332054,-0.0026487147235534679,-0.0023598582417608429,0.0017025216074249773,0.050654994064641433,-0.011437460777184818,-0.077118087093635157
112.759,254677.546918166,2,306,1,307,254677012534833,254677.01353483301,410f16a81bb82689,0.28045049379726483,0.00019762322780653152,0.45487862461319201,-0.089901931962998172,0.90866767771405188,0.12808191696036372,0.38708625636582761,0.274629935202441,0.031071706604890073,0.4672185202868076,0.36427889911834488,-0.18314371987757996,-0.57895479562002061,0.70609532370290451,-0.13012705131570335,-0.0074273087023385689,0.1427030949472568,-0.0026255480199963788,-0.0023385365317315234,0.0016781161224965321,0.051589632340499875,-0.012313222039934514,-0.079282433216520995
16.670,254677.546918166,1,321,1,322,254677512581750,254677.51358175001,410f16ac1bd0bfa1,0.22633808243055467,-0.040143355532128631,0.53143252911094319,-0.11686008113269652,0.90746448956501435,0.094231263481326266,0.39239322600085841,0.21958107247872458,-0.008512532260708151,0.54108627385843022,0.34409546724920809,-0.21083233997999462,-0.55904172356447268,0.72430683080526936,-0.088378080508520085,-0.15318305931501414,0.16148562313810846,-0.0026255893216380242,-0.0023381936362831938,0.0016777420616537521,0.051495125961179868,-0.013299810403950892,-0.079267622261763399
107.167,254677.646927666,2,309,1,310,254677112544208,254677.113544208,410f16a8e889dda0,0.26817655198277929,-0.00048475550853260135,0.468840990893587,-0.09129740663977981,0.90917363018139019,0.12954668188736126,0.38507895832945549,0.26227849382699059,0.030351849000649876,0.4812376712678566,0.36389527028789481,-0.1806886006767961,-0.57832580845044224,0.7074398356946715,-0.10948347470840603,-0.031122716556024627,0.12765072828124291,-0.0025878858675465683,-0.0023081441766242155,0.0016536102724591484,0.050951632904724889,-0.013635608194223976,-0.083229755722217955
10.011,254677.646927666,1,324,1,325,254677612591083,254677.61359108301,410f16ace8a27115,0.21909192482748716,-0.054572715203640515,0.54867924731563356,-0.13520447227924876,0.90442563172710755,0.093268826478785316,0.3937448495796011,0.21121278275020472,-0.023040248560673372,0.55778878185383918,0.34437066370906516,-0.21246862786556131,-0.54392148360605408,0.73512947690953911,-0.050368800746863784,-0.15850168952261395,0.13512736908013884,-0.0025878077417809276,-0.0023080323722200454,0.0016534212997447557,0.05221370755054329,-0.014401444589174252,-0.083868799679347808
100.516,254677.746937000,2,312,1,313,254677212553666,254677.21355366599,410f16a9b55b9fdb,0.25692702246840704,-0.0048878698873743784,0.48264521838713764,-0.092043162565898839,0.91047704301740784,0.12366460661792189,0.38375347378969704,0.25115007621623836,0.026111451963589848,0.49468805396462878,0.35879875600660244,-0.18391059679512001,-0.57872013142251566,0.70888881678362214,-0.10637533403289536,-0.051846611383819276,0.13660359988546503,-0.0025512433206812948,-0.002298207137399482,0.0016560907550570024,0.052048581978842032,-0.013842476450877366,-0.0861683823297517
9.571,254677.746937000,1,327,1,328,254677712600500,254677.71360049999,410f16adb5742dcf,0.21676356260166063,-0.070014512727608183,0.56279023030612962,-0.15842529229448127,0.8999856561125148,0.09933285353001578,0.39377694571317778,0.20732372312518849,-0.038839375210721602,0.57164241554076234,0.34868127363730173,-0.20820340872352097,-0.5243623479635845,0.74840953898830853,-0.030526483100473657,-0.18258859781951517,0.12454601049735409,-0.0025510596109396171,-0.0022985041460273155,0.0016561880831238236,0.053534977523006344,-0.014088479000860913,-0.086735896162824344
100.237,254677.846946458,2,315,1,316,254677312563041,254677.31356304101,410f16aa822d56f3,0.24620591203583508,-0.013015984332149698,0.49861277624351291,-0.098690873901400245,0.911793641517892,0.10747087159628585,0.38385222634098981,0.24040379467384007,0.018387699274988782,0.50954461241073468,0.34741788506154631,-0.19543112493381759,-0.57495046548590101,0.71452043412628208,-0.11354700321458955,-0.088628361347806967,0.15872540533187707,-0.0025460031555808518,-0.0023431529411289793,0.00167437762517585,0.054675708354382929,-0.01262987463767064,-0.087567597239857506
9.345,254677.846946458,1,330,1,331,254677812609958,254677.81360995799,410f16ae8245f00a,0.21541216692577386,-0.08972499492144162,0.57588711195417963,-0.17457222351580376,0.89587554477607712,0.098083453745034521,0.39662480553142554,0.20497355656750924,-0.058722551215638748,0.58420846100487178,0.34981155553620757,-0.21110060869616229,-0.51003845618531274,0.75692085572637746,-0.017910899710328745,-0.20773502897811993,0.11334519727012811,-0.002545843765445888,-0.0023436237929709385,0.0016746874535071687,0.05519822579598499,-0.012398500425049022,-0.087746689939440917
98.606,254677.946955833,2,318,1,319,254677412572375,254677.41357237499,410f16ab4eff0889,0.23661875815218208,-0.025196146488544093,0.51472593974888847,-0.1060622511833762,0.91051977791150418,0.099283750371452928,0.38710117931951432,0.23049831912243604,0.0063759320569437188,0.52497801438611724,0.34392607290084554,-0.20351765033801214,-0.5688373571913945,0.71883202727995288,-0.1057045224499468,-0.122269856472897,0.16951104811193995,-0.0025364381074670494,-0.0023802868897205348,0.0017121156281219841,0.056923176342883235,-0.0092611951851502526,-0.088612637021119045
11.356,254677.946955833,1,333,1,334,254677912619250,254677.91361925,410f16af4f179bfe,0.21704119735454688,-0.11111588655769677,0.58603373796714853,-0.1910330976253522,0.89261863133517738,0.10543813064598712,0.39448851494477916,0.20547123907872614,-0.080519504708988859,0.59436190914877196,0.35350151178772871,-0.20438948140421789,-0.49609587526935478,0.76625746560528729,0.0017105649045156899,-0.21728262567065901,0.10833707912575674,-0.0025362629913656845,-0.0023803537232319188,0.0017125515222521383,0.055955907295864429,-0.0087540403812750352,-0.088243403247298791
104.904,254678.046965208,2,321,1,322,254677512581750,254677.51358175001,410f16ac1bd0bfa1,0.22752035455534728,-0.039871595399914882,0.53148551792720355,-0.11677371285703503,0.90765101539952742,0.094164758089657657,0.39200329817003599,0.22077726059684169,-0.0082378334647529115,0.54113936387909567,0.34377272023101291,-0.21060364578616575,-0.5592346888351889,0.72437765289243605,-0.09122988500109834,-0.14599922031788262,0.1668363609233014,-0.0025359839861278789,-0.0023499129097863773,0.0017532801366787964,0.057836631221037361,-0.0081695709438812068,-0.087355389033162228
17.805,254678.046965208,1,336,1,337,254678012628708,254678.01362870799,410f16b01be95e39,0.21972123624969611,-0.13216794748666311,0.59482974002516886,-0.20251077509598719,0.8896148770668677,0.10927512287773114,0.39450444510025684,0.20737235342155783,-0.10185355555453293,0.60307010935237215,0.35622593926263185,-0.20168758257064254,-0.48585595695790257,0.77224943400548174,0.012547018352974566,-0.22051863643881187,0.10423278957220969,-0.0025359201337266744,-0.0023496432695609632,0.0017537755815031273,0.057221881767355917,-0.0078549212109775609,-0.087001363368729073
98.165,254678.146974541,2,324,1,325,254677612591083,254677.61359108301,410f16ace8a27115,0.22089186881361997,-0.05493217586339956,0.54652728301751552,-0.13484215518731946,0.9045436684755962,0.093348285166710065,0.39357908465016833,0.21303584444070858,-0.023398339731750695,0.55565203023818632,0.34430963598205983,-0.21229522858743421,-0.54426114505494549,0.7349567446267774,-0.050824989874812633,-0.15512326934730766,0.13405755938230193,-0.0025618936618265523,-0.002286151003262492,0.0017762764113411261,0.058377379545050422,-0.010556573801221627,-0.086574811426040094
9.944,254678.146974541,1,339,1,340,254678112638041,254678.11363804099,410f16b0e8bb0fad,0.22088483164572459,-0.15429802861358483,0.60456142986498884,-0.20666161133443944,0.88593104497501973,0.11657360273100917,0.39853206936069252,0.20805363705803859,-0.12425854324396222,0.61306735228103326,0.36423470407278052,-0.19937473846219786,-0.48031601000059698,0.77257965579560195,0.013033800514749304,-0.22876601999894774,0.10745296006221709,-0.0025619766017137254,-0.0022860105310774149,0.0017767850925572491,0.059379224576714379,-0.010862808628953551,-0.087030610353883459
98.602,254678.246983875,2,327,1,328,254677712600500,254677.71360049999,410f16adb5742dcf,0.21829913995152922,-0.070777291681244206,0.55922447907240758,-0.15765689723126136,0.90005927634245775,0.09928122049364263,0.39393006269524022,0.20890464778078979,-0.039593078966273919,0.56809292573278736,0.3487530336215709,-0.20834818884615278,-0.52495774267140149,0.74791825900537157,-0.030431253109551002,-0.18289448614768422,0.12072554965425637,-0.002585599885101186,-0.0021994190490326978,0.0018326815107239589,0.059980122413076813,-0.013443914499800137,-0.087193037167800677
9.994,254678.246983875,1,342,1,343,254678212647500,254678.2136475,410f16b1b58cd20b,0.22333176692444434,-0.1767601235871871,0.61394969667622179,-0.21150874412924203,0.88023702889501076,0.12598861439628012,0.40567689898975073,0.20987441429762208,-0.14708942938387176,0.62277639015324415,0.37594427983582596,-0.19776947739257394,-0.47286229234803617,0.77198081889769177,0.036843510546752584,-0.23205027554364832,0.087430335958825808,-0.0025857587334376961,-0.0021994916615103066,0.0018333988841429316,0.061553418670020482,-0.013817000099463992,-0.088074705650905666
99.234,254678.346993166,2,330,1,331,254677812609958,254677.81360995799,410f16ae8245f00a,0.21639119266085033,-0.089988287265094474,0.57228780220322262,-0.17337486890263831,0.89603651667414186,0.097703075713507365,0.39688018069445608,0.20602987776745349,-0.058962001050984807,0.58061688795176802,0.34972316516257757,-0.21155015407923433,-0.51099893804691421,0.75618802250012318,-0.018737259342105676,-0.20806694521984331,0.11069346218090552,-0.00260023916814943,-0.0021580202827003064,0.0019092595596726953,0.061549717071452736,-0.013770494681432197,-0.089275460243613269
9.653,254678.346993166,1,345,1,346,254678312656833,254678.31365683299,410f16b2825e837f,0.22850551856107773,-0.19916564209619528,0.62290079987246627,-0.22523269759690212,0.87270855435010986,0.13514622530757994,0.41156477266033942,0.21392717854638182,-0.17004470888195036,0.63177797302127903,0.38658304372685942,-0.19545742407848393,-0.45783455678350687,0.77636168394011484,0.059420236183487601,-0.21977108524892949,0.076044324903345104,-0.0026003510506530203,-0.002158103312366791,0.0019100339562144548,0.062048467026409274,-0.013615406158676367,-0.089837247325902231
100.248,254678.447002666,2,333,1,334,254677912619250,254677.91361925,410f16af4f179bfe,0.21688668850511286,-0.1106711166903053,0.5838745949532459,-0.18954465700899081,0.8928444799578753,0.10486868724106418,0.39484702006841987,0.20541374465045806,-0.080039136546096026,0.59220611964680037,0.35335235590259068,-0.20504564008389939,-0.49730806078295697,0.76536467826844967,-0.0026079157681754167,-0.21432902992997296,0.11023166062940451,-0.0026050967343609951,-0.0021552058893839301,0.0019841265939857526,0.062457856477007495,-0.011665138656020984,-0.091711430331823135
9.792,254678.447002666,1,348,1,349,254678412666125,254678.41366612501,410f16b34f302f73,0.23760550439134812,-0.22257289186075821,0.62878986402101744,-0.24121264450838692,0.86731692917713121,0.13272698876514377,0.41468229303629445,0.22209982748823756,-0.19374132729120053,0.63701639550241163,0.38707680494759644,-0.19937250233709439,-0.4427225736400387,0.78384875784359453,0.1122220498697736,-0.22394879019237643,0.022985098047553745,-0.0026049880105393605,-0.0021549776175456507,0.0019847127892315239,0.061663514347862859,-0.010860447587845302,-0.091730360677857489
101.062,254678.547012000,2,336,1,337,254678012628708,254678.01362870799,410f16b01be95e39,0.21791888482270239,-0.1319642715405088,0.59501969085580908,-0.20101087141934554,0.88977886354736446,0.10910767098140528,0.39494781035105053,0.20565660164785868,-0.10162189928581969,0.60328635942690934,0.35642103946140513,-0.20211949550594424,-0.48703250493986117,0.77130479792211726,0.0053592386639372894,-0.21707613402453185,0.11051247584152704,-0.0026430603722486685,-0.0021656770363912745,0.0020417960458912147,0.065901005734547033,-0.0077307479852755448,-0.091824496849813003
11.677,254678.547012000,1,351,1,352,254678512675458,254678.513675458,410f16b41c01e0e7,0.25212815831355784,-0.24663829689023337,0.62818462883984305,-0.260300578084245,0.8631460107311274,0.12863449072952168,0.41312927058632054,0.235639826540091,-0.21814398133955834,0.6356391475092974,0.38308481923511573,-0.20116818269658762,-0.42627608209034507,0.79439668011633624,0.17132027368533423,-0.22838839265806057,-0.037386784190277009,-0.0026426003496598086,-0.0021652653256220176,0.002042104541068449,0.065459850637537412,-0.0059781981455664041,-0.091713327465519204
93.698,254678.647021375,2,339,1,340,254678112638041,254678.11363804099,410f16b0e8bb0fad,0.21817689010838553,-0.15508177391812547,0.60694429817583206,-0.20532917307921855,0.88599533495651928,0.11678743422627913,0.39901496906408418,0.20541223796686855,-0.12502633630806298,0.61549387581103177,0.36472736741491052,-0.19956499841170033,-0.4813036459819795,0.77168293957556189,0.0073924358700099948,-0.23201063095196811,0.11244902985170833,-0.0026752118842306776,-0.0021639336690883687,0.0020299487662441555,0.067270928257267423,-0.0066451074082032619,-0.089860364683805635
10.585,254678.647021375,1,354,1,355,254678612684833,254678.61368483299,410f16b4e8d397fe,0.27206732681787854,-0.26900167462025171,0.62177253843300784,-0.28769367974658583,0.85689360411609705,0.13714408509253689,0.40516323993596154,0.25395168621275926,-0.24146227302648351,0.629036550911653,0.38346917681211551,-0.18951815683530737,-0.40248511566393597,0.80934540854555692,0.21515203492526505,-0.22738921457394745,-0.099702349255536574,-0.0026746784778145802,-0.0021638410590853474,0.002029940217572549,0.068110424218583834,-0.0051159140893795542,-0.09014951276784916
100.718,254678.747030666,2,342,1,343,254678212647500,254678.2136475,410f16b1b58cd20b,0.21900619873007743,-0.17985808975216777,0.61965265790938306,-0.2106448203459384,0.88017283087482223,0.12628014261085066,0.4061747484099576,0.2055846788487356,-0.15018155715567111,0.62851421359054971,0.37650245409944311,-0.19791536851230032,-0.47342778384317885,0.77132453769413656,0.033896966474689462,-0.24473119619881659,0.08869520354354829,-0.0027050063894924576,-0.0021325425876847475,0.0019768730062060037,0.064364269843225547,-0.0096294931984909123,-0.087428605840211518
16.541,254678.747030666,1,357,1,358,254678712694208,254678.71369420801,410f16b5b5a54f16,0.294579186223492,-0.29375153273594451,0.61286541569762365,-0.30243416825804137,0.85327430826079476,0.14555017228226683,0.39908862335728368,0.27554949068966894,-0.26687726141306278,0.62028196346061504,0.38511777544746456,-0.17927875327674467,-0.38950278798248961,0.81720927907837682,0.25975313668476074,-0.24189327757396303,-0.14467446791074989,-0.0027047627430390048,-0.0021327522476207689,0.0019767164976006455,0.066015568181220147,-0.0093442054541876644,-0.088108103946953134
106.210,254678.847040083,2,345,1,346,254678312656833,254678.31365683299,410f16b2825e837f,0.22331624851892595,-0.20407856300076938,0.63052647792662941,-0.22458668850879243,0.87259811474452742,0.13521030324188943,0.41213053344622264,0.20876444465619509,-0.17494871968476991,0.6394179448861661,0.38702840694511215,-0.19581216741539834,-0.45821326158632253,0.77582679395341669,0.056733302711281033,-0.23566008677317485,0.075608880033470396,-0.0027116393989574366,-0.0020812302736402445,0.0020055819231148651,0.061939567178325487,-0.011330558449262142,-0.087883531270579629
15.908,254678.847040083,1,360,1,361,254678812703541,254678.813703541,410f16b68277008a,0.32209268212728115,-0.31780355768850782,0.5991070446846597,-0.31231226624927139,0.84740944952216712,0.1649212853372109,0.39643321766217349,0.30216290495012021,-0.29184127730867049,0.60736082752127629,0.39693756515945283,-0.16370365291704347,-0.37837083681906025,0.82004706769291325,0.29103735536688852,-0.21585020735291691,-0.18323348555959357,-0.0027116252110698531,-0.0020814258477514736,0.0020058318742158295,0.062992893155598736,-0.011702814381380657,-0.088493431260407956
112.915,254678.947049375,2,348,1,349,254678412666125,254678.41366612501,410f16b34f302f73,0.232089379919242,-0.22791946684928518,0.63649525912867744,-0.24067450079156127,0.86722635597779918,0.13247911143809529,0.41526325434747191,0.21661102794876427,-0.19907118038412011,0.64471462286733638,0.38731233088521222,-0.19995857974310008,-0.44303905377959729,0.7834041878605611,0.10729567510464742,-0.23646933304150822,0.022770148483948979,-0.0027084758545861715,-0.0020424460884506971,0.002049483377874551,0.061016355665184936,-0.010955389631266787,-0.089200818333325146
16.639,254678.947049375,1,363,1,364,254678912712958,254678.91371295799,410f16b74f48bd44,0.35386375790368202,-0.33894773722186383,0.57768168155129451,-0.31892290619712726,0.8464982249903088,0.18493766357861596,0.38409250030897224,0.33339316630321619,-0.3138142714268512,0.58709575232989331,0.40236507687918444,-0.14082373181134469,-0.3730520755798003,0.82407716287513855,0.3199502865383626,-0.20539252691562379,-0.23777096961096042,-0.0027086049356842786,-0.0020423684440084265,0.0020498219962219728,0.061117301728813862,-0.011295558155318373,-0.089432870730131134
119.242,254679.047058750,2,351,1,352,254678512675458,254678.513675458,410f16b41c01e0e7,0.24703069476916295,-0.25218113382284257,0.63644687798395905,-0.25983239506743971,0.8630839081171775,0.12836597324507684,0.41363694727142286,0.23056746942094555,-0.22366974414327542,0.64389159568446885,0.38325393032318428,-0.20171703484278894,-0.42656322428927129,0.79402171156084,0.166897896686694,-0.23733460129322179,-0.034450420748446904,-0.002740903089751738,-0.0020495496569820186,0.0020910164840081762,0.063916220743562735,-0.008915960135246646,-0.089903140133079582
16.524,254679.047058750,1,366,1,367,254679012722291,254679.01372229101,410f16b81c1a6eb9,0.38682102899302523,-0.36123190026391905,0.55055498676803538,-0.32089055890689649,0.85259059033536277,0.18942941293897672,0.36638106556165306,0.36647044643664761,-0.33621896055729183,0.56053334278570144,0.39301734794562138,-0.12512371018258936,-0.37596868777705589,0.82977645614655315,0.33557216077254526,-0.19998055449607111,-0.28109216276590621,-0.0027408864006972116,-0.0020492527960963582,0.0020911028893903171,0.063654131822478324,-0.0080562993903359886,-0.090052534393309222
118.324,254679.147068125,2,354,1,355,254678612684833,254678.61368483299,410f16b4e8d397fe,0.26872088134258315,-0.27425123065914481,0.6286909158067252,-0.28725011093449204,0.85685658652116592,0.13713876440948361,0.40555785827935531,0.25062442288817888,-0.24670068240841583,0.63596047112042053,0.3837444518203183,-0.18980095642544495,-0.40277259077884264,0.80900558264724509,0.21327894162952779,-0.23465507741223549,-0.09363088671825269,-0.0027741454398381681,-0.002092125481904589,0.002083204427849406,0.067780477472284703,-0.0051672317861031682,-0.089829009671540505
10.944,254679.147068125,1,369,1,370,254679112731583,254679.113731583,410f16b8e8ec1aac,0.41893649643556191,-0.37973467387786419,0.5212162518899347,-0.33497721263971125,0.85144625232946636,0.18748189038796453,0.35732357940006104,0.39800018637627754,-0.35508729315221371,0.53088778209114595,0.38523563186496407,-0.12009620683332169,-0.36519875052096451,0.83892805511782487,0.31263783033506659,-0.17425565736869988,-0.29118109240138251,-0.0027737753523709666,-0.0020917923293572063,0.0020827035992281974,0.067425702608801014,-0.0030741676772526737,-0.089742056247292479
117.838,254679.247077375,2,357,1,358,254678712694208,254678.71369420801,410f16b5b5a54f16,0.29364822930303147,-0.29721484145888399,0.61626496581128232,-0.30198516594729313,0.85327670693334623,0.14584655755015954,0.39931523363881116,0.27463402547652821,-0.2703366456237577,0.62370698122778001,0.38548758913715059,-0.17922941491204128,-0.3898219766703227,0.8168934826257076,0.26053145840002617,-0.24840901011176716,-0.14074822731700809,-0.0027725750167053574,-0.0021139305479058188,0.0020343453328778927,0.066515415143517109,-0.0033753312694457202,-0.089767508080745503
10.417,254679.247077375,1,372,1,373,254679212740916,254679.21374091599,410f16b9b5bdcc20,0.45092572970391415,-0.39780861459631289,0.49239754116982937,-0.35499100914836834,0.85005564437051828,0.17265000158182175,0.3486815381747691,0.4292763206289214,-0.373343027311,0.50088865873202093,0.36863705720026368,-0.12447308991580008,-0.35006355137735201,0.85209663767827326,0.29250860854327931,-0.18099048817652294,-0.27781424711151098,-0.0027721780485804723,-0.0021136701439712692,0.0020335128001523562,0.065977085645793021,-0.0020941156483649144,-0.089533689923217918
109.606,254679.347086791,2,360,1,361,254678812703541,254678.813703541,410f16b68277008a,0.32241110520358041,-0.31995225662982107,0.59954564062212234,-0.31232424961860256,0.8472964391762956,0.1653180071202936,0.39650008448120383,0.3024717151315604,-0.29400375001299867,0.60781949582264116,0.39726537179496607,-0.16347041024135975,-0.37828245291778623,0.81997563083461933,0.28979685724293125,-0.22203409449807868,-0.1842803553973523,-0.0027481568960423643,-0.0021381749675260867,0.0019794541707200053,0.062879300062611901,-0.00059515746884780674,-0.089726341891079586
8.424,254679.347086791,1,375,1,376,254679312750375,254679.313750375,410f16ba828f8e7e,0.48159860867569693,-0.41607425083008132,0.46551064276036885,-0.37349514782685306,0.846540803941493,0.14332337747601859,0.35118158336284455,0.45938813312779542,-0.39144433072376489,0.47178939768942424,0.34966780183620289,-0.14697794299731382,-0.33449378234987981,0.86269567183369333,0.279483383472237,-0.18436802381571418,-0.28142877766001567,-0.002747937799942072,-0.0021378327311033117,0.001978655052292493,0.061993239995951126,-0.00013691930716272396,-0.08930748866942409
107.941,254679.447096083,2,363,1,364,254678912712958,254678.91371295799,410f16b74f48bd44,0.35337801046448508,-0.34037381833133562,0.5764119899607939,-0.31932546906757908,0.84614096967164687,0.18549983556801897,0.38427407987608797,0.33287191185484144,-0.31527484630932434,0.58584080087291135,0.40289098863432432,-0.14055461233583735,-0.37251480300010392,0.82410920015139566,0.31377089366162397,-0.20972628088852402,-0.24206663018781602,-0.0027791178055643164,-0.0021440878271626199,0.001965169800265731,0.064786610932008395,-0.00080178909464259629,-0.08843981685874891
14.522,254679.447096083,1,378,1,379,254679412759666,254679.413759666,410f16bb4f613a4f,0.50756353137678933,-0.43057688815244105,0.43606813230853647,-0.3962274093616065,0.83830555866761713,0.160450435818768,0.33838342340547906,0.48405538593893349,-0.4073654741162599,0.44299332605890823,0.35272879515813382,-0.12581761877181144,-0.3125964488716631,0.8729466100659925,0.25015381867376441,-0.15864219903999396,-0.2902841328597599,-0.0027791010449255485,-0.0021437748027799898,0.0019647414661150579,0.064732514992027021,-0.00045629983711597486,-0.088285750514569272
99.037,254679.547105458,2,366,1,367,254679012722291,254679.01372229101,410f16b81c1a6eb9,0.38361278099291973,-0.35822460679700396,0.54698306687708176,-0.32159297173171653,0.85206050148451706,0.18976611170513574,0.366823852010077,0.36320988313601626,-0.33325004405495506,0.55695071087407655,0.39356852721202279,-0.12519872550012334,-0.3750971775075565,0.82989830759386951,0.32313109620571856,-0.19731419591573771,-0.28144229097623807,-0.0028731340271638413,-0.002116248919872121,0.0019410765288359246,0.072802164263544702,-0.0093598463255320456,-0.090853702366314723
7.873,254679.547105458,1,381,1,382,254679512769041,254679.51376904099,410f16bc1c32f166,0.52123508020524245,-0.43803646537470475,0.41237172200055106,-0.40390066966668797,0.82543437358298766,0.15929214990839602,0.36076087390472789,0.4970570367432709,-0.41528102699674491,0.41845228040784288,0.36773300993083635,-0.14245989714448498,-0.29806933260739377,0.86927112230406756,0.15076201670167419,-0.10775982156614231,-0.22007636063577235,-0.0028733459880473993,-0.0021164221876870679,0.001940962965117437,0.074425989787169231,-0.0098355147105382915,-0.091497091097174146
89.461,254679.647114875,2,369,1,370,254679112731583,254679.113731583,410f16b8e8ec1aac,0.41680999032615607,-0.37681216236744519,0.52026875635153103,-0.33527352596820892,0.85143307688597214,0.18679267095349639,0.35743800813549487,0.39586672640013132,-0.35215174174725727,0.52989186930560583,0.38482919347472777,-0.12066447188882815,-0.3649799089174105,0.83912826383099481,0.30904108660388596,-0.17269875533096185,-0.29080822336911955,-0.0027661507683837457,-0.0019927313853686278,0.0019809886580970308,0.060956444242833932,-0.010826440505938541,-0.093692956039167011
7.299,254679.647114875,1,384,1,385,254679612778416,254679.61377841601,410f16bce904a87e,0.54279662676630669,-0.44830688074430636,0.39216825515756942,-0.41582165647923364,0.80641339299159309,0.13096919249764807,0.39954588401790181,0.51808640724209287,-0.42552387131801939,0.39528281524102921,0.37513079814502553,-0.18991239478976421,-0.27619005821493964,0.86425066869023648,0.17515761874279709,-0.094269265951046524,-0.26326843827980695,-0.0027666168850619885,-0.0019928182490209128,0.0019813807088112753,0.060586952825519624,-0.012876500529503395,-0.093840012485446142
89.977,254679.747124166,2,372,1,373,254679212740916,254679.21374091599,410f16b9b5bdcc20,0.45152191555947546,-0.39737912637937067,0.4923027899295403,-0.35477990257536773,0.85038195992983301,0.17181271872776202,0.34851425487397736,0.42989976674884151,-0.37287660410580198,0.50075678513953847,0.3679267216789171,-0.12494685113070285,-0.35044356620136113,0.85217810273158212,0.29426223396869966,-0.1805659547327646,-0.27870864976570642,-0.0027006886827270794,-0.0019847257521312723,0.0020364651524175984,0.054551721336521933,-0.0058895735748891011,-0.09540168210517988
12.326,254679.747124166,1,387,1,388,254679712787708,254679.71378770799,410f16bdb5d65471,0.57197634050510293,-0.46409157087849562,0.36029785514632012,-0.44259210770319823,0.78907562999056591,0.14827983217547763,0.39935575735968115,0.54568357594440553,-0.44316699302776014,0.36349371582708279,0.38723682867648757,-0.17753748456683172,-0.24500084166024683,0.87092058632003266,0.22109603067894565,-0.1470103842021227,-0.33452938431313345,-0.0027011591297425026,-0.00198442864608125,0.002036767216411084,0.053161947076012808,-0.0068440896933295026,-0.095470838990643375
92.439,254679.847133625,2,375,1,376,254679312750375,254679.313750375,410f16ba828f8e7e,0.48042532499843638,-0.41549336994047614,0.46593571757246149,-0.37302521368024177,0.84679002742862186,0.14275376428160447,0.3513121907963857,0.45824772084017046,-0.39082813743385264,0.4721920049028252,0.34935737789396887,-0.14747307373849411,-0.33500230357590971,0.86253960583384548,0.27717737187689456,-0.17970986347931858,-0.27770129764798013,-0.0027818832788067916,-0.0019937359338436755,0.002018658271550317,0.058587743705549485,-0.0073337966901678656,-0.091793232165551977
12.654,254679.847133625,1,390,1,391,254679812797166,254679.81379716599,410f16be82a816ac,0.59355025549889373,-0.48100918834103557,0.32497275157711669,-0.47571705289360433,0.76835236962713971,0.1563045576332209,0.39861869016661311,0.56566787319134182,-0.46215491947043325,0.32751248663754168,0.39238998111730367,-0.17134196173293215,-0.20692441137147555,0.8796899015260099,0.21348389075761776,-0.18089386951380704,-0.37544319930417708,-0.0027821925484611387,-0.0019932961615569443,0.0020185380310447829,0.058843892516571336,-0.0069424715288963542,-0.092070907763212542
96.401,254679.947142916,2,378,1,379,254679412759666,254679.413759666,410f16bb4f613a4f,0.50863138186711221,-0.43185385153499167,0.43743322462439704,-0.39568625516627887,0.838602909753564,0.1599701279422179,0.33850725044520535,0.48515678628783848,-0.40860400024117111,0.44434327015039549,0.35247672514775935,-0.12624480665649621,-0.31318936162633781,0.87277421523866183,0.2575827302119893,-0.15522509668198353,-0.28644487787118045,-0.0028146439526335228,-0.0019594651317135512,0.0020000522773654444,0.057972628244911291,-0.0078621173957579577,-0.087542343686861784
11.886,254679.947142916,1,393,1,394,254679912806500,254679.9138065,410f16bf4f79c843,0.61632304566214025,-0.50017207392410312,0.2851763968876852,-0.50220440913776887,0.73494028612780604,0.18430287673746526,0.41675653577087191,0.58678841700680118,-0.48400272400362887,0.28754679459842575,0.4250131751726452,-0.16436955424089167,-0.16456911246648825,0.87479338005629048,0.20761671216352129,-0.2218719144378466,-0.41217817102602139,-0.0028146511424824638,-0.0019594015793730209,0.0019997809707839984,0.058907522052659908,-0.0073355511812955342,-0.087687828095763781
94.414,254680.047152291,2,381,1,382,254679512769041,254679.51376904099,410f16bc1c32f166,0.53282446420039931,-0.44771138140991579,0.41164267669463794,-0.40315383224937462,0.82594352336077104,0.15830507615243361,0.36086540404684264,0.50869866661506213,-0.42489114261633176,0.41768780235435277,0.36710895737339555,-0.14323177764264819,-0.29895744964650062,0.86910305176682334,0.17993942814050104,-0.11733810455946461,-0.22782622320099924,-0.0028327998378663197,-0.0018903997757649602,0.0019754083153226288,0.053393642675318209,-0.013136984549085873,-0.089000529109529408
11.954,254680.047152291,1,396,1,397,254680012815833,254680.01381583299,410f16c01c4b79b7,0.64002049670893846,-0.52470803188288906,0.23951312863797947,-0.50287673623697937,0.72939881278393426,0.17444552018809659,0.42972220533714012,0.6105273408582137,-0.50834857543910328,0.24088531477525696,0.42721108432646715,-0.18050787034507623,-0.1601752921531478,0.87135037381970704,0.22859218976077847,-0.24547431586326687,-0.50281699859261708,-0.0028329353531984696,-0.0018907424333839751,0.0019752862551461635,0.054525091471826589,-0.013710442380005917,-0.089509388769986431
95.291,254680.147161583,2,384,1,385,254679612778416,254679.61377841601,410f16bce904a87e,0.54939432810446431,-0.45651755123327498,0.3905527151649375,-0.41565691917896974,0.80635467776327496,0.13086185890043295,0.39987083700306975,0.52469102531286615,-0.4337257210202568,0.39365759176380088,0.37528467828587048,-0.19021806755545045,-0.27626502713897333,0.86409266389620687,0.18038239116938584,-0.10265824912582405,-0.2711430962500167,-0.0028228756271807781,-0.0019626160535661432,0.0019695580348368037,0.06070163724059785,-0.0093284677431672534,-0.09159564522704837
7.964,254680.147161583,1,399,1,400,254680112825125,254680.11382512501,410f16c0e91d25ab,0.65810309016294999,-0.54666502378107118,0.18507388413947665,-0.49289534304390359,0.73655010770496121,0.17579809288058978,0.42853611679468806,0.62896645352633629,-0.52972512624219315,0.18693324662292501,0.42732880639478921,-0.17871276581847204,-0.17228993177625898,0.86934919219336082,0.19306628056041894,-0.21429593148990755,-0.5649933865470772,-0.0028229115917309286,-0.0019627100558182653,0.001969454890740407,0.060713203153061682,-0.0091425015274815957,-0.091665133891648015
100.894,254680.247171000,2,387,1,388,254679712787708,254679.71378770799,410f16bdb5d65471,0.56931517319945524,-0.46473292053612364,0.36094505680541172,-0.44265792845605034,0.78886903795591778,0.14845887996457352,0.39962434047696282,0.54301364712231137,-0.44381923983844529,0.36414015268119926,0.38755335151743436,-0.17760079560286315,-0.24480821673604855,0.87082104599472676,0.209300773435355,-0.14797511497105867,-0.33441324201184203,-0.0027815565008592461,-0.0019895022460610923,0.0020108874080015235,0.06582483008872636,-0.003356480854780206,-0.09581053046874477
12.159,254680.247171000,1,402,1,403,254680212834458,254680.213834458,410f16c1b5eed71f,0.67265216015801588,-0.56135955951947836,0.1302765154376673,-0.48926625425290893,0.73997787699172113,0.18128749383258114,0.42448341758487462,0.64359290199798347,-0.54435695593251554,0.13269145610356131,0.42834470791219642,-0.17196548226681846,-0.17727988384414642,0.86920683781051888,0.1571493205370561,-0.16821727889466137,-0.56950017536584041,-0.0027813837861205694,-0.0019892202386681359,0.0020108770263276882,0.065232525481238091,-0.0020035139279231747,-0.09563602972190148
100.553,254680.347180250,2,390,1,391,254679812797166,254679.81379716599,410f16be82a816ac,0.59053741408599136,-0.47719627340296827,0.32685047565482667,-0.4756149733226,0.76846496869611869,0.15632873506848652,0.39851395062479666,0.56265980660941717,-0.45833605304938269,0.32939842415565063,0.39233301510697055,-0.17125080366665274,-0.20707621208954483,0.87969733993416455,0.20707798573845548,-0.17259538262507251,-0.37067615128407527,-0.0027735729338598555,-0.001967656129888003,0.0020454007899303192,0.066652921906654061,-0.0028592289653351349,-0.09597624260415949
11.933,254680.347180250,1,405,1,406,254680312843791,254680.31384379099,410f16c282c08893,0.68463004615807665,-0.57772499722970816,0.075033191741241984,-0.47420329474586742,0.74716963343096965,0.17852566738021816,0.43011325651474897,0.65616134042052754,-0.55978172614501509,0.077666206814624009,0.43037269892961505,-0.17789928560617066,-0.19301634398446052,0.86364105689327064,0.12662544947142132,-0.16396452558521407,-0.56050366406680197,-0.0027731912103650656,-0.0019674808358526022,0.0020454717176164755,0.066634741877162007,-0.0014352611111543966,-0.095970267666119241
95.548,254680.447189625,2,393,1,394,254679912806500,254679.9138065,410f16bf4f79c843,0.61062798068070701,-0.49297624748911867,0.2900395292971702,-0.50201579040741273,0.73515790982810181,0.18458399015662061,0.41647544656214497,0.58109816386725655,-0.47680273021032765,0.29244123905551056,0.42501319229200285,-0.16397201696089217,-0.16485636923636507,0.87481388966667728,0.2022144328871181,-0.21557663687979198,-0.40235246973369659,-0.0027537974687094507,-0.0019630999843978469,0.0020583361058045049,0.067704427880253312,-0.00084855902942632881,-0.097220157126026413
7.705,254680.447189625,1,408,1,409,254680412853166,254680.41385316601,410f16c34f923fab,0.6923467751655803,-0.5902839751091461,0.022354806934380154,-0.46130272273902162,0.75678748802848461,0.17666787300327014,0.42808995762349078,0.66445582893721677,-0.57152411389365465,0.025440852564087495,0.42762835163426577,-0.17778225624489868,-0.20893927571440626,0.86131982521417283,0.07941366400197912,-0.10217587029405727,-0.5085529139924041,-0.0027533903013990993,-0.001963020990821488,0.0020582999272019788,0.067796149776772674,6.8039983226081272e-05,-0.097020752366630506
91.152,254680.547198833,2,396,1,397,254680012815833,254680.01381583299,410f16c01c4b79b7,0.6290451123642945,-0.51346511671495154,0.24696334166868664,-0.50257114509919687,0.72964845866659378,0.17474634023093955,0.42953363159072727,0.59955930151323034,-0.49709526391529163,0.24836898377795072,0.4272904544417242,-0.18016181668723008,-0.16056790400502227,0.87131081455148685,0.21953665325424349,-0.24217343128960686,-0.49159907626556781,-0.0027845620628608159,-0.0019073466989960267,0.002057965792112911,0.066094656089947731,-0.0069940004747569805,-0.097418741343956256
7.583,254680.547198833,1,411,1,412,254680512862416,254680.513862416,410f16c41c63e5fb,0.6948011578436899,-0.59739932023861375,-0.021500923137446025,-0.45443984277557709,0.75933884448420264,0.17660790844813662,0.43092766033472402,0.66717231554053191,-0.5782802001075682,-0.018265607021750913,0.42959250906854568,-0.17983121636405378,-0.21559614594897517,0.85827111778572895,0.048886526020050357,-0.11411921272860381,-0.46408611564200286,-0.0027845095442419832,-0.0019073040221709028,0.0020579982537930926,0.066480756620742862,-0.0073309737671512255,-0.097318439803793552
86.714,254680.647208250,2,399,1,400,254680112825125,254680.11382512501,410f16c0e91d25ab,0.64545045700455084,-0.53343014630081409,0.19614997956898655,-0.49244017021416564,0.73694553277088182,0.17534212341958177,0.4285663932877577,0.61633862318554866,-0.5164469506619267,0.19800285559092654,0.42702779601846524,-0.17905659362077689,-0.17289139530033951,0.869306944145529,0.18355102995287034,-0.20774973698828211,-0.54866068587259642,-0.0028031127024029743,-0.0018404472082259094,0.0020331716510674975,0.061444623759542072,-0.016364820503272565,-0.09986757798008547
7.568,254680.647208250,1,414,1,415,254680612871750,254680.61387175001,410f16c4e9359792,0.69327714542505503,-0.6040014356778366,-0.05927509036065081,-0.44049115078081669,0.76581865433079455,0.17457674320467484,0.43475550451638001,0.66624685930766336,-0.58409169052521981,-0.055764159951714326,0.4308629528955561,-0.18397416154936225,-0.23004127774614661,0.85298982071139129,0.048759902814133511,-0.098994943025999163,-0.45418587893619689,-0.0028033408928814221,-0.0018403584550452335,0.0020332411388464628,0.061871304640557984,-0.017528103179343734,-0.099875093261625969
91.024,254680.747217583,2,402,1,403,254680212834458,254680.213834458,410f16c1b5eed71f,0.66167840923069088,-0.55130999132111691,0.14099866219260943,-0.48893094767170037,0.74027093863127691,0.18033136199229399,0.42476595781830934,0.63264569854817254,-0.53425579442808024,0.14336868977163095,0.42786840673191329,-0.1728413556665099,-0.17772420726230923,0.86917696612660011,0.1482412232947953,-0.15978242442829557,-0.55369674295632487,-0.0027997887551907833,-0.0018088077394928844,0.0020156587797855547,0.058811378821691775,-0.017796411501487124,-0.098585600493944964
12.313,254680.747217583,1,417,1,418,254680712881125,254680.713881125,410f16c5b6074ea9,0.69847878990076595,-0.61149244947060644,-0.10451211925739726,-0.43803237341430762,0.77257162883402852,0.17778211331627092,0.42385645159540164,0.67161100070230639,-0.59147979898001801,-0.10039184306577016,0.42542269775348823,-0.17400082864365801,-0.23655496978654492,0.85602627654573271,0.051365811373252558,-0.097688649496856628,-0.44305607344467662,-0.002799985984690845,-0.0018088700301105332,0.0020156872890448822,0.059645053597237055,-0.018045091788042013,-0.098754431471898274
88.907,254680.847226958,2,405,1,406,254680312843791,254680.31384379099,410f16c282c08893,0.67368569306040227,-0.56844964238996032,0.087479503627082636,-0.47398423364736098,0.74726603374763911,0.17744143625222764,0.43063558953484449,0.64524033361055722,-0.55046008051554485,0.090048188368791832,0.42997537697775789,-0.17903529797946849,-0.19323940888439911,0.86355432262495568,0.11831710151838289,-0.15290784615577221,-0.53953397202895159,-0.0028274011459848581,-0.0017806491784217139,0.0020001795739398843,0.060857743502187103,-0.018320426415455435,-0.10112846203763902
10.078,254680.847226958,1,420,1,421,254680812890416,254680.813890416,410f16c682d8fa7a,0.70150596676419086,-0.6217406463991233,-0.14993301285174365,-0.43212745252666418,0.77473433014418969,0.1956754719926812,0.41804753957148344,0.67465107267551916,-0.60202283098030851,-0.14451236984907562,0.4339676917010023,-0.15724079274785804,-0.24225963999888378,0.85338012777620997,0.045761049300601514,-0.11033164949462726,-0.47658535459094215,-0.0028273990178743292,-0.0017808668428358713,0.0020001074230150862,0.062304647667873421,-0.017877283994933466,-0.10170960039632787
87.229,254680.947236208,2,408,1,409,254680412853166,254680.41385316601,410f16c34f923fab,0.68255423489688227,-0.58262659073240186,0.035107030511387943,-0.46111843123017648,0.7567040654620244,0.17562905468670609,0.42886272635354916,0.6546824028604884,-0.56382663722922577,0.038120944773616751,0.42744022617252109,-0.17906324169619289,-0.20901060082567999,0.86113052278114199,0.068957246549008727,-0.091268460543310115,-0.48647331651773534,-0.0028486901763835159,-0.0017814612156805312,0.001988962857687408,0.063365356644777257,-0.014925991378319436,-0.10282258565342028
10.294,254680.947236208,1,423,1,424,254680912899875,254680.91389987501,410f16c74faabcd8,0.70418013219814757,-0.63350678451712439,-0.20001657070862625,-0.42454767199941118,0.77567475886578019,0.21847217604996344,0.41274435691220318,0.67735454896450575,-0.61424707728272954,-0.19302996113123075,0.44633747897924797,-0.13737117282865877,-0.24828433757557489,0.84868539721665204,0.042538795677721446,-0.093276554468925105,-0.47875729371970632,-0.0028485060882667327,-0.0017816634074016486,0.0019888020118083863,0.064321220431742279,-0.014021410546501181,-0.10324060451823319
88.898,254681.047245583,2,411,1,412,254680512862416,254680.513862416,410f16c41c63e5fb,0.68735459443500901,-0.59083691049520815,-0.010521206637463289,-0.45445923090566648,0.75917321604837285,0.17614015442344724,0.43139023481247818,0.65972903806062033,-0.57170631334890754,-0.0073259226441341856,0.4295888465758817,-0.18048905793935999,-0.21546531948406267,0.85816771027660843,0.039815389589513542,-0.10830071911825816,-0.44834045817072987,-0.0028419129838450677,-0.0018221963132899423,0.0019940352105228261,0.062819849006909512,-0.013152110165649109,-0.10324669161693006
9.287,254681.047245583,1,426,1,427,254681012909083,254681.01390908301,410f16c81c7c5d85,0.70772287914749399,-0.64313402764798266,-0.2438233029000339,-0.41010655432998677,0.77240704743912592,0.24307787431817718,0.41965839368633429,0.68104829733941019,-0.62425491873980321,-0.23537304348605456,0.46862529677589826,-0.12486127934857728,-0.25618512868857934,0.83616336440910521,0.044280525495006703,-0.085915165080291206,-0.42874901153877987,-0.0028417774736066077,-0.0018223441743800972,0.0019939189497664663,0.062458543124565592,-0.012713469664828697,-0.10295413147065947
89.302,254681.147254916,2,414,1,415,254680612871750,254680.61387175001,410f16c4e9359792,0.69019393806587193,-0.60166870160935149,-0.054588931922680141,-0.44056168024082976,0.76573488855503313,0.17439969953037623,0.43490261481069814,0.6631624425766609,-0.58175771344051019,-0.051094399947775884,0.43084178680015123,-0.18420337301262124,-0.22993217454152851,0.85298046122301674,0.042325600020480261,-0.099683386665701715,-0.44984432003604058,-0.002821326852888625,-0.0018287363067564792,0.0019989058122174301,0.062256955796164908,-0.018445396316264941,-0.10365589849210834
7.880,254681.147254916,1,429,1,430,254681112918458,254681.113918458,410f16c8e94e149c,0.71111629684027933,-0.65189799745594845,-0.28376125987975265,-0.38941553208058644,0.76727008614342063,0.26764180077524113,0.43361282035259063,0.68474253401956775,-0.63328410882434971,-0.27389674080106013,0.49586188474487286,-0.11735923030110128,-0.2671835103713005,0.81790022258590001,0.025366029580252497,-0.17034642522701951,-0.41967638446355415,-0.002821470869444623,-0.0018288279757892696,0.0019989252514951766,0.061931535534861706,-0.019351689461397668,-0.10319952120280368
91.131,254681.247264125,2,417,1,418,254680712881125,254680.713881125,410f16c5b6074ea9,0.69321317801832516,-0.60915818709189595,-0.096316017603359838,-0.4382599511186247,0.77246306199445658,0.17793877717982418,0.4237533219785754,0.6663335712418671,-0.58916208618783772,-0.092192470569032708,0.42546055218136747,-0.17381712691686124,-0.23631727970642616,0.85611042993298969,0.043670830308515964,-0.099281451661874437,-0.43479808052533209,-0.002792835300389364,-0.0018551464910488639,0.0019867964668968969,0.059994268809672992,-0.022347383530238314,-0.10177486923926847
9.337,254681.247264125,1,432,1,433,254681212927875,254681.21392787501,410f16c9b61fd157,0.71328347762697297,-0.66235572357559358,-0.32473733584791764,-0.35457280677315861,0.76756876901072446,0.29434795161097216,0.44550605622288697,0.68783288615438742,-0.64366011891042385,-0.31281665164499367,0.523155772108159,-0.10688491795858474,-0.29203223773096643,0.79347389657678513,0.033957366907823944,-0.09340600563260977,-0.41123993151780192,-0.0027931237676951846,-0.0018549088443617122,0.0019868294999175157,0.058852570221534714,-0.023591521963226326,-0.1009275340670642
92.586,254681.347273625,2,420,1,421,254680812890416,254680.813890416,410f16c682d8fa7a,0.69687137221247608,-0.61758177276477577,-0.14154115643324383,-0.43236447425757718,0.77486443079385792,0.19556950083780567,0.41761070250295484,0.67001309021148692,-0.59786872564089533,-0.13611995610364808,0.43358386833556151,-0.15700683522287523,-0.24218403537929539,0.85363972249413733,0.046261342817719375,-0.10728550983631351,-0.4710573473371571,-0.0027516343673881522,-0.0017944942788234389,0.0019791792722721668,0.057114779346322808,-0.017528017786144642,-0.09786998721217538
13.608,254681.347273625,1,435,1,436,254681312937041,254681.31393704101,410f16ca82f16c61,0.71590808538825279,-0.66421190298344401,-0.35729005219663518,-0.34025912494782973,0.76132158352056889,0.30875605390695959,0.45747450939233014,0.69061050768870258,-0.64579629029703089,-0.34463071872737872,0.54180681284587395,-0.10515982556338771,-0.29773611183822529,0.77893516825775022,0.017895500121185397,-0.047801780158703309,-0.2520509577894367,-0.0027517962424884325,-0.0017941747258455449,0.0019792948151242358,0.056968716129666509,-0.016739131134871774,-0.097182517204018035
90.911,254681.447282875,2,423,1,424,254680912899875,254680.91389987501,410f16c74faabcd8,0.70138230008269553,-0.62735515865691582,-0.19184054549170823,-0.42463694446894085,0.7761166408025173,0.2178492522444786,0.41215067847875686,0.67457119976896696,-0.60807014466981124,-0.18486816516279858,0.44547721130898149,-0.13739185242899535,-0.24853367011431407,0.84906098008918751,0.051867069226009518,-0.083443752624949907,-0.47416282895904904,-0.0027214499510874184,-0.0017135371326567677,0.0019783663453635031,0.055031433268989759,-0.010759867979337989,-0.096413720363085098
8.099,254681.447282875,1,438,1,439,254681412946375,254681.41394637499,410f16cb4fc31df7,0.71621962277607221,-0.66722367574332841,-0.38460548487352653,-0.33556051311233348,0.75413275735008545,0.30849328251868252,0.47277359717381934,0.69080345597860526,-0.64873918167886935,-0.3722887119004254,0.55243909384869572,-0.11616372141742719,-0.29597526444219741,0.77052948045643099,-0.014290692006969356,-0.025655427486347377,-0.21789311010803974,-0.0027213301344870297,-0.0017132584690945306,0.0019784329151524907,0.055472260811232202,-0.0088324026696595583,-0.095973428673304592
88.818,254681.547292250,2,426,1,427,254681012909083,254681.01390908301,410f16c81c7c5d85,0.70678221969733779,-0.63674967370423374,-0.23992138728644646,-0.4098066304469965,0.77316298751537027,0.24173955256549814,0.41933228150942403,0.68014795207654843,-0.61779531551521794,-0.23151252018598256,0.46744836428876246,-0.12557701958454218,-0.25693173723430024,0.83648581654310683,0.0557874168955622,-0.070119825934571764,-0.42937614268981256,-0.0026946036318744359,-0.0016019384521793586,0.0019908947022505589,0.051550741266491396,-5.9328040278725652e-05,-0.09534864989241032
8.091,254681.547292250,1,441,1,442,254681512955708,254681.51395570801,410f16cc1c94cf6c,0.71397544883940334,-0.66978043043446589,-0.4101343337749494,-0.33828709403378232,0.74681007696973811,0.30266278891718956,0.4860368714037876,0.68825809536470417,-0.65120094328233957,-0.39861125521980839,0.55769486329432638,-0.12966505377023529,-0.28886936381884309,0.76727954744850446,-0.046321314643613581,-0.0018698877385357683,-0.1646964536512171,-0.0026941633562835255,-0.0016016819783575718,0.0019908278833447139,0.052041638549368274,0.0021350403480971131,-0.094998245597429573
87.641,254681.647301541,2,429,1,430,254681112918458,254681.113918458,410f16c8e94e149c,0.71114601365129371,-0.64701760332594715,-0.28640302163093118,-0.38884223931705053,0.76813573556083159,0.26601581407651248,0.43359525429945839,0.68482561007235498,-0.62830151687560509,-0.27658948937227351,0.49469971747971514,-0.11849655541634298,-0.26820099611811188,0.81810694995287991,0.033431175241430799,-0.15711300117160371,-0.43417655159951068,-0.0026763878449442536,-0.0015347020300365726,0.0020006143878110432,0.049440759429266151,0.0064957120981346227,-0.094847826646735883
8.125,254681.647301541,1,444,1,445,254681612965125,254681.613965125,410f16cce9668c26,0.70526418449320138,-0.67161522737452506,-0.43192967829967605,-0.33805666947006774,0.743152324504742,0.28221885712222244,0.50378058786252455,0.67961611176829106,-0.65212995298866194,-0.42183703743754619,0.55578552277021442,-0.15666779808955456,-0.28644587708297692,0.76453019117819943,-0.13154950212129643,-0.011356399795219935,-0.24294798249857463,-0.0026760229653006924,-0.0015345294509060861,0.0020005010427236749,0.049627146880058426,0.0078206617542235686,-0.094522048637746992
93.580,254681.747310833,2,432,1,433,254681212927875,254681.21392787501,410f16c9b61fd157,0.71341522693407222,-0.65929682850947247,-0.33285399290313117,-0.35391528744066669,0.76847848500604765,0.29248329783702953,0.44568863694002292,0.68802402700514986,-0.64048229876643392,-0.32099391749509038,0.5219663668748854,-0.1083325313113899,-0.29314044042949444,0.7936522265425211,0.035631464808219042,-0.082109100882627892,-0.43463715198087211,-0.002678056289014906,-0.001520527930582086,0.0019992123097896594,0.046609114695782376,0.0084844092810123523,-0.094162904607909589
13.717,254681.747310833,1,447,1,448,254681712974458,254681.71397445799,410f16cdb6383d9a,0.68532507427515843,-0.67225278067036676,-0.46162845614459641,-0.3247266483241934,0.74317676164244062,0.27029691118609184,0.51882611522409772,0.66025696379112164,-0.6518023496183083,-0.45199878021486078,0.55799422831896794,-0.17573668082247682,-0.29588890484312075,0.75512172274869516,-0.22245472958971221,0.030173167342246114,-0.38431817630589016,-0.0026778804720663527,-0.0015202973787033268,0.0019991466540623484,0.045643133404192474,0.0090536903873218097,-0.09386072414302371
97.596,254681.847320208,2,435,1,436,254681312937041,254681.31393704101,410f16ca82f16c61,0.71650959694726368,-0.66569239019735238,-0.37053816532339828,-0.33960720505287889,0.76194789765393334,0.30743981098046513,0.45780253753523337,0.69125888222869325,-0.64718550032546851,-0.35791844324096184,0.54110803948971953,-0.10632250075573325,-0.29863995976354235,0.77891706225057677,0.016645403170277847,-0.042336458097838175,-0.27842797333251529,-0.002693046982944819,-0.0015462326456163894,0.0020180157361754203,0.046986273916820684,0.0071804870031488693,-0.092162773479748994
13.322,254681.847320208,1,450,1,451,254681812983750,254681.81398375001,410f16ce8309e98e,0.6598642640936816,-0.67501431509882592,-0.5053000653109111,-0.28013618321035316,0.75734421028160714,0.23251811798418862,0.54211515753651041,0.63740813994478251,-0.65151071948475447,-0.49620806699447745,0.5477484274799076,-0.21891816027813746,-0.33743702300080697,0.73360940206766523,-0.25391908825591597,0.0085989605675411817,-0.42707541246016412,-0.0026929152970641534,-0.0015461652025894718,0.0020180290736078414,0.045605275782361974,0.0073015195126109088,-0.092201921159879782
92.951,254681.947329500,2,438,1,439,254681412946375,254681.41394637499,410f16cb4fc31df7,0.71843101022187339,-0.67154541226766662,-0.40206615097769427,-0.3350098291035869,0.75440199627646976,0.30804687342598919,0.47302560121310094,0.69304319520060764,-0.65301871596098149,-0.38975431421901158,0.55230162872078881,-0.11665757406597686,-0.29655503749425322,0.77033046873545596,-0.015608615651908277,-0.024288627495826567,-0.2398136031349527,-0.0027206028881762568,-0.0016127054116777796,0.0020609293914995645,0.046692043609978938,0.0054730716909033557,-0.088156237861185288
9.325,254681.947329500,1,453,1,454,254681912993000,254681.91399299999,410f16cf4fdb8fde,0.63974979773183405,-0.67871410080659067,-0.55601204552750327,-0.25543064624494854,0.78332684370038308,0.19549584387868751,0.53191697579220332,0.6197551877031785,-0.65293480329265519,-0.54735154083917303,0.51435852382616798,-0.23788565738125819,-0.37327897105178065,0.73451244560604678,-0.16899150791841527,0.046098975065981464,-0.4277489727234377,-0.0027205373203561469,-0.0016125496647268892,0.0020610639384310622,0.04384638514696329,0.0054839615209602201,-0.087945387927602689
92.269,254682.047338791,2,441,1,442,254681512955708,254681.51395570801,410f16cc1c94cf6c,0.71550618370448982,-0.67259423963730192,-0.4203211048456692,-0.33808007327399581,0.74686961263914442,0.3027637623323744,0.48602654577927101,0.68979646164902009,-0.65401201337360026,-0.40878542060581191,0.55775896096010202,-0.12958635346661676,-0.28905784767247927,0.76717525974374745,-0.046169812939206537,-0.0036253234127789904,-0.17466131562826381,-0.0026991818518392547,-0.0016155098185247612,0.0020455839040028167,0.044796972294976811,0.0091521971933225844,-0.091170767709772033
7.546,254682.047338791,1,456,1,457,254682013002291,254682.01400229099,410f16d01cad3baf,0.6256265691760976,-0.6753915114181186,-0.59399447154928475,-0.25646566193776643,0.8052635999009049,0.17330920444714468,0.50570729853131113,0.60667800909854319,-0.64867819610036492,-0.58582674189605932,0.48013716101899728,-0.23504094012684254,-0.38805873311014577,0.75075594085551944,-0.091656831173453551,0.068917217185257645,-0.35860838158913955,-0.0026990732956207429,-0.0016153090345848563,0.002045528303415881,0.043636287117647193,0.009669531979123458,-0.090975441422623954
91.712,254682.147348125,2,444,1,445,254681612965125,254681.613965125,410f16cce9668c26,0.70695390570375172,-0.67444687009103754,-0.43903128036458233,-0.33808525737882356,0.74316308516071827,0.2825962599186771,0.50353390619694449,0.68130125861625501,-0.65497945427059745,-0.42891582829139119,0.55587795656584094,-0.1562265037461579,-0.28643327131198199,0.76455801481441121,-0.12901214242428347,-0.016746694751497947,-0.2479335071428595,-0.0026599957656564116,-0.0015928926259777684,0.0020245221890386376,0.045156350264758158,0.013668127123864442,-0.096097993724007541
7.386,254682.147348125,1,459,1,460,254682113011708,254682.11401170801,410f16d0e97ef86a,0.61959395742852652,-0.66433320074760882,-0.62547119223904513,-0.29741416487436562,0.81293173699038568,0.17263534387721008,0.46998286860560751,0.59910679176412918,-0.63857747973907286,-0.61796920381352771,0.4543996836707111,-0.21025644551035108,-0.36452596136539772,0.78513309578181911,-0.058407121887571849,0.10807414139544393,-0.2806452587355644,-0.0026598692190149672,-0.0015928044330859358,0.0020243761201065862,0.045772556840384955,0.014161298751312425,-0.096172931141299031
91.524,254682.247357375,2,447,1,448,254681712974458,254681.71397445799,410f16cdb6383d9a,0.68893877875182041,-0.677774140146158,-0.47357208896953767,-0.32496752843795851,0.74326392985141387,0.27043401488125374,0.51847886442018321,0.66386320660925735,-0.65733646841158833,-0.46393475491080111,0.55784563187727576,-0.17539419048079405,-0.2957802141157852,0.75535368793608859,-0.21797618847630176,0.02180561714284571,-0.39227468612532901,-0.0026360225908304354,-0.0015535331926501412,0.001968558323562792,0.048093416819451736,0.014645659616050657,-0.10513147836615522
7.726,254682.247357375,1,462,1,463,254682213021000,254682.21402099999,410f16d1b650a45d,0.61487803148946218,-0.65202754734842272,-0.65434354937565764,-0.32267328230529591,0.80855658676249165,0.18805988806971663,0.45469960479529981,0.59295921586487121,-0.62757003614005835,-0.64654889613933475,0.45449958398435458,-0.18854274681390645,-0.34357137030586871,0.79990029021626408,-0.017904100503626192,0.11735385239157209,-0.23325457460048957,-0.002636090175974961,-0.0015538786590578448,0.0019684118594423877,0.049969744740528538,0.01424491675643659,-0.10627536443260283
85.635,254682.347366750,2,450,1,451,254681812983750,254681.81398375001,410f16ce8309e98e,0.66320897936437551,-0.68084828222275484,-0.51581365067317198,-0.28046779091623408,0.75746584492487123,0.23211523113924001,0.54194638546306018,0.64075114222446117,-0.65733621213628246,-0.50674783227588993,0.5473442035929369,-0.21908370441623543,-0.33728854962831439,0.73392989279773957,-0.25466559870273808,0.0023573543652736272,-0.43136090162254748,-0.0026415757424539501,-0.0015292514919809019,0.0019297591412174792,0.050560982110596252,0.0086750718557362071,-0.11346021429462526
7.683,254682.347366750,1,465,1,466,254682313030250,254682.31403025001,410f16d283224aae,0.61400722385515427,-0.63629177717575336,-0.67406937209646312,-0.35700894184657961,0.80117800474500966,0.22351537233825336,0.42508746358292293,0.59011171166115506,-0.61429618162987265,-0.66487376306089274,0.45863145137423106,-0.14253298882479251,-0.31407494801240066,0.81896182202716006,-0.016251270484244761,0.16084486653901531,-0.15372665683442649,-0.0026418223099407786,-0.0015297101506602415,0.0019296215118698142,0.052100288586014301,0.0074969070263286161,-0.11475925841958062
81.317,254682.447375958,2,453,1,454,254681912993000,254681.91399299999,410f16cf4fdb8fde,0.63991366199154021,-0.68146515072684799,-0.55870244421777737,-0.25588235855505043,0.78342293383647998,0.1945685635451625,0.53189834800626989,0.61992284243294304,-0.65566235344149748,-0.55010338975851725,0.51368966579831532,-0.23852817174230781,-0.37302750820769193,0.73489980042019842,-0.18138308201417977,0.047689253992776036,-0.42427868892012355,-0.0026719618013412625,-0.0015173280103805771,0.0019184791605698734,0.05175309491218797,0.003858706290135184,-0.11757704478534349
8.716,254682.447375958,1,468,1,469,254682413039583,254682.414039583,410f16d34ff3fc22,0.61285500481299804,-0.61953320150611746,-0.68556069038594436,-0.38995943677565947,0.79671572004525226,0.24251915147588127,0.39288702381509671,0.58758539298756263,-0.59948962148449203,-0.67560767224695195,0.44930000340187504,-0.10632613937471357,-0.28762011853767544,0.83910602812822033,-0.0057036645621717959,0.14220918807649349,-0.11077122779428429,-0.0026722812203979216,-0.0015175730995881172,0.0019183890966721472,0.052141286459769398,0.0034443196436333761,-0.11860609802267869
81.758,254682.547385333,2,456,1,457,254682013002291,254682.01400229099,410f16d01cad3baf,0.62457291692927641,-0.67905989883127416,-0.59660631592501312,-0.2568675968887828,0.80524321232308016,0.17242812041533426,0.50583693338733571,0.60562511633859029,-0.65232705540537239,-0.58850095429776805,0.47960580622521942,-0.23575562628728891,-0.38776010599409971,0.75102573558326891,-0.11134607846602046,0.071095756276014693,-0.34548638796660491,-0.0026730535585742961,-0.0015216943878955493,0.0019022528163289026,0.050502065420110549,-0.0026530337742318821,-0.12247722324447866
9.526,254682.547385333,1,471,1,472,254682513048875,254682.51404887499,410f16d41cc5a815,0.61248669052924631,-0.60649842752633276,-0.69235433983800565,-0.40213513602641937,0.77885124260510463,0.3040651369770449,0.37312534080803056,0.58621903561890287,-0.58975286773905056,-0.67935597513746482,0.47884596625649439,-0.048832937139754319,-0.26637850645665206,0.83508345460086364,-0.007147911812845807,0.12635288779225234,-0.042894419247097922,-0.0026732171360480885,-0.0015218410836887865,0.0019021845584436183,0.049988224938721869,-0.00361582867160178,-0.12273677351871283
85.561,254682.647394666,2,459,1,460,254682113011708,254682.11401170801,410f16d0e97ef86a,0.6169976688054789,-0.66817263109478897,-0.62571695470389332,-0.29768386211489872,0.81285314351648652,0.17196409928330608,0.47019409511592719,0.59650933367983072,-0.6424035171614918,-0.61826431471269039,0.45407440177299468,-0.21088044679574647,-0.3642796826459509,0.78526822654752093,-0.079275497874857243,0.1093791409602734,-0.26090705495529887,-0.0026618093088442187,-0.0015159971108126972,0.0019172234109982023,0.048534337994020925,-0.0027954235014208107,-0.12489027735867717
11.249,254682.647394666,1,474,1,475,254682613058250,254682.61405825001,410f16d4e9975f2d,0.61128495183627696,-0.59427259633776752,-0.69369376856117804,-0.40747262162638842,0.77138490835779971,0.3147967942595713,0.37394440404841511,0.58464139024209882,-0.57834001117956468,-0.68044105911290109,0.48701355884852643,-0.041823674859896576,-0.25732483885843788,0.83357813132626368,-0.016338532527181662,0.097297205065717193,-0.0071472712593097639,-0.0026619222469372638,-0.0015160244090273469,0.0019173327504605161,0.047040351134320306,-0.0032471010806144405,-0.12476235513590593
88.597,254682.747404041,2,462,1,463,254682213021000,254682.21402099999,410f16d1b650a45d,0.61184187424849745,-0.65547251829374986,-0.6498251268211539,-0.32269376114865433,0.80854063203480464,0.18764371247828249,0.45488534076659559,0.58992836469235965,-0.63100173054981246,-0.64205727009675284,0.45433663857063605,-0.18896836255026334,-0.34354560788140509,0.79990348924904897,-0.031305309670687842,0.11443149224723517,-0.21234327060357855,-0.0026489434138182197,-0.0015015456062930058,0.0019357704685782988,0.045629338402940256,-0.0030874313087036779,-0.12708438360639543
10.372,254682.747404041,1,477,1,478,254682713067541,254682.714067541,410f16d5b6690afe,0.60758719555810559,-0.58455944707293939,-0.69349714646429206,-0.42463439558025129,0.74386840459750803,0.30940796145629207,0.41305228885904349,0.57946018767022078,-0.5695233792666331,-0.68244504059411393,0.51085652854373309,-0.073287604788096691,-0.22573252655557605,0.82625623185759156,-0.083510716263391682,0.081544002984691111,-0.024119484541520891,-0.0026491065658573068,-0.001501567758878744,0.001935954934565976,0.044132984555901394,-0.0035385751650964699,-0.12678192005523195
96.701,254682.847413333,2,465,1,466,254682313030250,254682.31403025001,410f16d283224aae,0.61189311346748443,-0.63858061598552862,-0.66864971928001848,-0.35707431151107383,0.80094190032020884,0.22355344824505358,0.42545730380447316,0.58798720450585962,-0.61659182220206388,-0.65946487215916949,0.4589198916270687,-0.14276758161526629,-0.31386177364517986,0.8188410943235751,-0.021940024764210517,0.15711688016132042,-0.1407954368978509,-0.0027163292862849098,-0.0015383352081637825,0.0019131201588419391,0.046869365788217911,-0.0010065375091134578,-0.11863611505834235
15.636,254682.847413333,1,480,1,481,254682813076833,254682.81407683299,410f16d6833ab6f1,0.59957140382302521,-0.57746265363683746,-0.698571426041809,-0.42552097454074445,0.72937159849900901,0.30005542439881816,0.44375192059327562,0.57096291806233934,-0.56226449393908817,-0.68908820737677001,0.52595120354668756,-0.10160876418842067,-0.21485483095217342,0.81663234821087383,-0.095434279387097906,0.087025850187275405,-0.12221661832178524,-0.0027164099391087486,-0.001538503003910262,0.0019131283795272135,0.046820001051446576,0.00094829313868173635,-0.11822286030879582
101.621,254682.947422583,2,468,1,469,254682413039583,254682.414039583,410f16d34ff3fc22,0.61133723535597662,-0.62090477288011026,-0.67824441259124479,-0.3900402093305762,0.79648683128955522,0.24244995329959734,0.39331340689733302,0.58605723042976299,-0.6008650394872076,-0.66831005863949766,0.4495525712642916,-0.10667656823391858,-0.28740115493089513,0.83900129416103153,-0.0059381055622710977,0.13736759776946386,-0.10131902952975518,-0.002769512495676401,-0.0015136742411402588,0.0018969039485851025,0.041768618863477699,0.0011409461502637972,-0.11309135305264946
12.581,254682.947422583,1,483,1,484,254682913086250,254682.91408625001,410f16d7500c73ac,0.58587246279647709,-0.57264711876715546,-0.71209970438436432,-0.40176681798952885,0.74778613846167175,0.27815171070206957,0.44947858028291265,0.55849210657641757,-0.55523807834525618,-0.70279366565577939,0.51451229926298414,-0.12114638805682751,-0.24467260141759556,0.81285666921262845,-0.13584756375234588,0.057424053633728607,-0.18581799321210479,-0.0027695744965196599,-0.0015138271158544848,0.001896776240618218,0.042847431000823784,0.0039656032599329283,-0.11233870530028536
105.392,254683.047431958,2,471,1,472,254682513048875,254682.51404887499,410f16d41cc5a815,0.61099159440996742,-0.60685344458716817,-0.6842836471242647,-0.401922306451027,0.77868933984586419,0.30361656682871263,0.37405668707713935,0.58471901717500785,-0.5900829154056465,-0.67132749073545028,0.4791873405162077,-0.049808685370036521,-0.26641451715273923,0.83481847883296501,-0.0031965468351267583,0.12135854803560074,-0.038269117735090709,-0.0028159559926396365,-0.0014191175251817175,0.0018930142381782507,0.033893651000461912,0.0026386571404161787,-0.10642278091375124
12.423,254683.047431958,1,486,1,487,254683013095458,254683.014095458,410f16d81cde1459,0.56886917790677494,-0.56718408736977821,-0.72988916705280604,-0.37843559842131563,0.76199227104203238,0.27097126333066796,0.45025426636642601,0.54263293874275265,-0.5483767464905126,-0.72002485584796616,0.509983449244933,-0.12677222382514075,-0.27121551696343238,0.80640425849627517,-0.16206890225102474,0.081890007408259261,-0.19954874649593235,-0.0028156517111176758,-0.0014191385422227391,0.0018928036526958583,0.036068466471241706,0.005355291607019857,-0.10503302695480529
108.219,254683.147441125,2,474,1,475,254682613058250,254682.61405825001,410f16d4e9975f2d,0.60928738008381111,-0.59396669069769781,-0.68553630531411036,-0.40712216745703644,0.7713339182252954,0.31379068037463481,0.37527455213856747,0.58264161920192159,-0.57797614446103784,-0.6723580349403091,0.48724268562627471,-0.043475661501157017,-0.25753659190398037,0.83329426734570489,-0.012601016020140028,0.096108609461635214,-0.012112597007955724,-0.0028261063099394666,-0.001298778534955502,0.0018563297977537052,0.023081974497802044,0.006104753124498782,-0.1003297545245839
12.293,254683.147441125,1,489,1,490,254683113104750,254683.11410475001,410f16d8e9afc04d,0.5511974740578699,-0.55801193904526358,-0.74975153164983754,-0.34918054909519824,0.78087390474937979,0.2515400443660355,0.4528096159622117,0.52664787442555783,-0.53711355741015754,-0.73975474442127009,0.49805040789329641,-0.14231907513559205,-0.30525329105460558,0.79906914616333624,-0.14813979245476347,0.077898657784850708,-0.16126913806420445,-0.0028256100229549605,-0.0012986216201343746,0.0018557686103503673,0.023941436600694206,0.0066665503422464337,-0.098887906931668962
107.943,254683.247450541,2,477,1,478,254682713067541,254682.714067541,410f16d5b6690afe,0.60650489258567108,-0.58367672270180671,-0.68706150934916888,-0.42471367635512025,0.743475238893063,0.30811427378329981,0.41464262898704851,0.57835979155519601,-0.56859125237702901,-0.67612337308053505,0.51106629350074717,-0.075326920349053833,-0.22539845645519374,0.82603428170128135,-0.083936467061744638,0.084913216755263629,-0.039558341906318434,-0.0028295451562676704,-0.0012828604426506512,0.0017523827508796489,0.016149882843806519,-0.00020738843417990684,-0.094859255362189268
10.877,254683.247450541,1,492,1,493,254683213114125,254683.214114125,410f16d9b6817764,0.53752460293566673,-0.54807660059101448,-0.76448113296575959,-0.32994432162307441,0.79067443933784265,0.24715381291229505,0.45264303991321003,0.51400757218724857,-0.52625462992523508,-0.7539877153620228,0.49483108692032451,-0.14530282200716707,-0.32578538186506495,0.79239710391762397,-0.13393061484523178,0.10078504268386053,-0.09623423661444877,-0.0028292706074637894,-0.0012828111094676032,0.0017517027772596756,0.016423016259515269,-0.0034904135202826563,-0.093893885839148636
107.131,254683.347459750,2,480,1,481,254682813076833,254682.81407683299,410f16d6833ab6f1,0.59832041129747826,-0.57615407791206907,-0.69587484891166751,-0.42528176240344551,0.72936328898062897,0.29833247831894549,0.44515435620348009,0.56972144848919604,-0.56086793419082037,-0.68650499894539696,0.52572456842617377,-0.10381874271647129,-0.21501810375546057,0.81645732397430937,-0.097739668000495133,0.094287346061039237,-0.13770234217257557,-0.0028377703493588872,-0.0012378075066249849,0.0017892504692298813,0.017604068947560773,-0.0064896345547158351,-0.10027607940046852
9.488,254683.347459750,1,495,1,496,254683313123458,254683.314123458,410f16da835328d8,0.52412655480987369,-0.5395015854442784,-0.76852580933895343,-0.32492343939758972,0.79303229517780349,0.24626667107789807,0.45263375621329521,0.50087803180363177,-0.51745972041273458,-0.75789456689387469,0.4941972183630487,-0.14592356143046362,-0.33100293744892129,0.79051405995204194,-0.11717928921677272,0.10183362681948779,-0.0084405611577681259,-0.0028377744193460136,-0.0012376778722570881,0.0017891604818813193,0.01728587821737218,-0.0099674646495803779,-0.1011426819333916
101.380,254683.447469000,2,483,1,484,254682913086250,254682.91408625001,410f16d7500c73ac,0.58432938831648074,-0.5705651766164227,-0.71313228237171111,-0.40084920877985297,0.7481486958846153,0.27625412297499607,0.45086267689675852,0.55699581346028437,-0.55303268275752115,-0.70392096885870503,0.51414920622440241,-0.12346688924626546,-0.24557781590048508,0.81246418834076284,-0.13370514881577078,0.065899186752177,-0.19345433771337592,-0.0028415702923065165,-0.0011349590944295189,0.0019018853028108331,0.019463663733889122,-0.011988007316488958,-0.10476124693581461
9.513,254683.447469000,1,498,1,499,254683413132541,254683.41413254099,410f16db5024b8be,0.50952279176582049,-0.53153091944734976,-0.76543229107992328,-0.31053269383618032,0.79394627652978178,0.23798617399363681,0.46538305753829384,0.48692260630548051,-0.50871750552228745,-0.75503321832276782,0.4973571400613957,-0.1607938740969943,-0.34182501334565119,0.78098454884464563,-0.13230318934780641,0.089201348134086644,0.041231687384333943,-0.0028414610092595358,-0.0011347526795627587,0.0019025663834666797,0.018846860764671926,-0.014052954616349258,-0.10624980446587873
98.408,254683.547478291,2,486,1,487,254683013095458,254683.014095458,410f16d81cde1459,0.56815003851774315,-0.56436440666915266,-0.73370968359010447,-0.37740098973476166,0.76244194833527579,0.26935096266249364,0.45133233929245437,0.54196979510485721,-0.54544377987466863,-0.72391347572621689,0.50960003634171525,-0.12868026204101043,-0.27226506561704267,0.80599064955254107,-0.15598022328299643,0.089558545527400168,-0.19898545865274772,-0.0028522748459284923,-0.0010968294249954125,0.0019539149825578564,0.017335764772793957,-0.014809451915140392,-0.1057775099175354
9.480,254683.547478291,1,501,1,502,254683513142000,254683.514142,410f16dc1cf67b1c,0.49571018712414072,-0.52201473457443481,-0.76189005949094946,-0.29248833134880936,0.79523054698898865,0.24172496593430953,0.47289327254352026,0.47379156855735793,-0.49883044057141285,-0.7508708206936493,0.5053113889428229,-0.16346067284971005,-0.35549242040960383,0.76913337443353536,-0.15156218361443577,0.13334409906054578,0.031628194070403633,-0.0028522228062381689,-0.0010967035625824421,0.0019546897474712302,0.016294376507460521,-0.015223159000175904,-0.10649018885999213
97.451,254683.647487666,2,489,1,490,254683113104750,254683.11410475001,410f16d8e9afc04d,0.54962927912234716,-0.55734659681143728,-0.75083994412404398,-0.34755467536824886,0.78160361443137116,0.25018392414055957,0.4535521963915492,0.52517087444017696,-0.53632932656765409,-0.74086889884937102,0.49761656975446195,-0.14380308056080751,-0.30691894001240139,0.79843546250695085,-0.14706174845403183,0.078307836043985848,-0.14687375172964409,-0.0027985219364580621,-0.00098645597833714894,0.0020580057839137975,0.019239150441482836,-0.010292148177462563,-0.1090347550787179
11.280,254683.647487666,1,504,1,505,254683613151208,254683.61415120799,410f16dce9c81bc9,0.4763743809956672,-0.50761623600133221,-0.75894614417502149,-0.26786863137161671,0.79889079732359036,0.23307415369584639,0.48548571798789331,0.45566494018278036,-0.48341492741535907,-0.74777579610924294,0.50809854443751612,-0.17848192401207774,-0.37548936451464876,0.75431280585564098,-0.16435185297926005,0.16495259436221127,0.0020438041186697726,-0.0027980349719269912,-0.00098603418595865321,0.0020589932169037253,0.019209911827868572,-0.0082974406263239212,-0.1082532732710028
96.242,254683.747496916,2,492,1,493,254683213114125,254683.214114125,410f16d9b6817764,0.53330448528127716,-0.54921614063375135,-0.76264849359063314,-0.32738895857676897,0.79190034806241749,0.2460749900188812,0.45294311015880173,0.50993072019894592,-0.52725618184826639,-0.75212289299102864,0.4942804256568335,-0.14627784667034779,-0.32845914470462489,0.79145703777646204,-0.13731241854488122,0.093330368015219559,-0.078700707987681529,-0.0027419752703819423,-0.00095330806800157447,0.002142233628978633,0.025212121696244934,-0.0074769490570164411,-0.10799580656849816
11.148,254683.747496916,1,507,1,508,254683713160458,254683.71416045801,410f16ddb699c21a,0.45889208311775154,-0.48863684166526516,-0.75955774919985752,-0.26523809775320234,0.80620594056619743,0.22268610415836046,0.4796787311558518,0.43869503715417946,-0.46389134892924982,-0.74864441444077634,0.49664692470374505,-0.18172122442995267,-0.38252201987945456,0.75762532499998558,-0.17335044810004926,0.18294814035383647,0.0047731141179589223,-0.0027414351527956645,-0.00095289072095054738,0.0021430308976754333,0.026240850890286188,-0.006163425136911412,-0.10634881630876011
96.832,254683.847506333,2,495,1,496,254683313123458,254683.314123458,410f16da835328d8,0.51975418447400568,-0.539545870099709,-0.76727528443966397,-0.32238215682892579,0.7942967637456646,0.24541203410975512,0.45269789350966338,0.49664925874556276,-0.51737675724818655,-0.75659568732993177,0.49363825069948308,-0.14657323292599381,-0.33369400981346725,0.78961121613778162,-0.11716644951386422,0.097401446070995226,-0.0022712567160936259,-0.0027440200630430567,-0.00094973818860234261,0.0021934560380409722,0.028494197289244433,-0.008589030205728463,-0.10563667465043806
11.455,254683.847506333,1,510,1,511,254683813169833,254683.814169833,410f16de836b7931,0.43879610593315932,-0.47155020267294168,-0.75798751349629756,-0.24680114961222877,0.80942288519761918,0.21581786657028953,0.48718219092037107,0.41958884783960965,-0.44609018854776811,-0.74693175168444881,0.49709609460032106,-0.19188354881474876,-0.39783363389051724,0.7468631575950393,-0.2044960084620116,0.17202540312995365,0.033150251618911941,-0.002743718297327862,-0.00094962055427091918,0.0021938784636549428,0.029128446367511964,-0.0090881122796545848,-0.10471574377440199
98.212,254683.947515500,2,498,1,499,254683413132541,254683.41413254099,410f16db5024b8be,0.50724027868809862,-0.53102814906904872,-0.7651501341774205,-0.30857894736884467,0.79489709438578937,0.23755790489584797,0.46527834423250414,0.48475035000433092,-0.50813008855517872,-0.75469820208479799,0.49698026459959943,-0.16102266258552184,-0.34387885042043487,0.78027537124139812,-0.12938415876308548,0.090027052943412011,0.038963548300795736,-0.002756148183045655,-0.00096692354444516382,0.0022146555868565497,0.029663454714270215,-0.010459523927445147,-0.10142555865637062
11.080,254683.947515500,1,513,1,514,254683913179166,254683.91417916599,410f16df503d2aa5,0.41617181909324774,-0.45626832508097659,-0.75433478322064318,-0.22451420919784615,0.813531076605431,0.20325325656194962,0.49643602223742456,0.39829133894263996,-0.42984623860785076,-0.74331104846526286,0.49475502059899162,-0.20731151622037497,-0.41649781009572018,0.73400884124100996,-0.23122713821659521,0.1649251695159647,0.043353625691407195,-0.0027559989013750297,-0.00096693248355801046,0.0022146735818612882,0.029218264195831518,-0.011797210143088276,-0.10067154453646313
98.169,254684.047524833,2,501,1,502,254683513142000,254683.514142,410f16dc1cf67b1c,0.49376530896056953,-0.52065024228545087,-0.76296645520284301,-0.29109688243269016,0.79598105936116148,0.2415471463029073,0.47257992710403374,0.47192825904870489,-0.49741294059371866,-0.75189703727773272,0.50496408279975602,-0.16336484163433759,-0.35700701572129645,0.7686801638690588,-0.15104915880364134,0.13864155359127825,0.025124473330057132,-0.002769813356633787,-0.00099769496744161763,0.0021773979065340195,0.028876099803251523,-0.011918672599917524,-0.098852488831620358
9.482,254684.047524833,1,516,1,517,254684013188375,254684.014188375,410f16e01d0ecb75,0.39196105369910406,-0.43937452679885547,-0.74962881990458452,-0.20643701506425916,0.81780357211193633,0.19193442670504235,0.50173928021453795,0.37525651250996034,-0.4121807788014229,-0.7386370354507783,0.49050136904324798,-0.21906510693257056,-0.43230142677716937,0.72424744548927789,-0.24739613470374147,0.18998096790133923,0.049458308236038223,-0.0027699514975349634,-0.0009976905921776978,0.0021772069548325356,0.028023557687434954,-0.013616136805332532,-0.098268954401755135
104.361,254684.147534125,2,504,1,505,254683613151208,254683.61415120799,410f16dce9c81bc9,0.47611914151138235,-0.50647733882597445,-0.7613807434736497,-0.26720817623822957,0.79923540464205256,0.23342531169461844,0.48511363162752286,0.45544321463632298,-0.48227044897811083,-0.75016051692882479,0.50808374585150451,-0.17797051303487987,-0.37620005097095871,0.75408946772982677,-0.16240433935815704,0.16961622801271375,-0.0011590385274767767,-0.0027718519218557238,-0.0010109108275993084,0.0021941816366483412,0.031776154473327434,-0.01414137033008522,-0.098904515972849133
15.789,254684.147534125,1,519,1,520,254684113197666,254684.114197666,410f16e0e9e07746,0.36603861820440897,-0.41776838131698169,-0.74421558002639365,-0.18621637149071696,0.82322758810112862,0.18224927450224249,0.50438582090887152,0.35065679648767878,-0.38987403738742782,-0.73305018306161496,0.48552431924789435,-0.22778493037164191,-0.4504349389727349,0.71378465006406777,-0.2396566675818165,0.25288862930991785,0.067697078934161464,-0.0027721224001462747,-0.0010109280158517714,0.0021942035331952107,0.031867751666820363,-0.01586523338549151,-0.098315973282558838
108.640,254684.247543458,2,507,1,508,254683713160458,254683.71416045801,410f16ddb699c21a,0.45916142545444605,-0.48833646256724073,-0.76135733035727859,-0.26497967613412388,0.8062111567481598,0.22323043231975981,0.47955976610789819,0.43896709363147757,-0.463605705414949,-0.75040563802847327,0.49694770183772657,-0.18125220531618305,-0.38270843995138776,0.75744628172313122,-0.17037451390849565,0.18374900832889998,0.0052067791167811133,-0.0027756822667291269,-0.0010066689824144233,0.0022151696785016155,0.032349464848776439,-0.013481374407787095,-0.097722873439966759
15.444,254684.247543458,1,522,1,523,254684213206916,254684.21420691599,410f16e1b6b21d96,0.34237217700653932,-0.38927987595819996,-0.73625591020638692,-0.16675591813475638,0.8275676293230303,0.17433867677758602,0.50688298615717442,0.32823920330935069,-0.36082469459828515,-0.72485754803388458,0.48169644453621469,-0.23514432995099779,-0.4672644296365655,0.70309290439420657,-0.20877551899215716,0.33013439640887704,0.091101275536329698,-0.0027758122817923511,-0.0010066899656311209,0.0022152686313490853,0.032673359455433905,-0.014278649136096715,-0.09701574224355565
107.732,254684.347552666,2,510,1,511,254683813169833,254683.814169833,410f16de836b7931,0.43990153907274981,-0.47211275003849024,-0.7593166707255683,-0.24675161977813193,0.80930367747509013,0.21639034544543329,0.48715138034562705,0.42068292136179941,-0.44667449404466736,-0.74823060662510066,0.49747911191849681,-0.19145695876506472,-0.39778436418441887,0.74674384212768286,-0.19984843386862583,0.17070093420686755,0.033437812201952855,-0.0027881470693944927,-0.0010182890882994508,0.002228628085876515,0.033589612032280711,-0.015960116251126394,-0.095351349504519636
10.518,254684.347552666,1,525,1,526,254684313216208,254684.314216208,410f16e28383c98a,0.32142127522965785,-0.35672574060815165,-0.72675351905902752,-0.14922803203081542,0.82857169277066722,0.17560077546516709,0.51025911580673722,0.30814587219092171,-0.32811132076981769,-0.71473937724859116,0.48497616715883951,-0.23663917554008115,-0.48036849648444319,0.69140879765368013,-0.2045133287495583,0.32868352115894101,0.12269586724990697,-0.0027881924781413868,-0.0010183081395591113,0.0022287117798772938,0.033557034257280315,-0.017282361295603565,-0.094821157454568719
105.047,254684.447561916,2,513,1,514,254683913179166,254683.91417916599,410f16df503d2aa5,0.41693647543037904,-0.45673437966292713,-0.75560522636559224,-0.22441164745690295,0.81331721713218008,0.20374775682615809,0.49663006514188601,0.39904406488440114,-0.43033032073116811,-0.74455768054088634,0.49524189412974395,-0.20709906078949311,-0.41641911071656862,0.73378509766069488,-0.22860096639502628,0.16472640687095627,0.043295672500961238,-0.0028289878593543284,-0.0010146262290668478,0.0022448996134702311,0.03145245720161733,-0.018989975736380969,-0.091603392033667436
8.973,254684.447561916,1,528,1,529,254684413225458,254684.41422545799,410f16e350556fda,0.300540619632859,-0.32576840351751335,-0.715255986697377,-0.12790569260381235,0.82862948309714768,0.17860798300966049,0.51489081867847841,0.28824673629357661,-0.29706956633969511,-0.70242640646076016,0.49037769237132134,-0.23778786717142159,-0.4954865308135456,0.67637249118588594,-0.19325245469455216,0.28377124297678946,0.13246251988771982,-0.0028290941621449952,-0.0010145360445550187,0.002245031288734674,0.030243498822898604,-0.020112472676633675,-0.091509835881852214
103.113,254684.547571208,2,516,1,517,254684013188375,254684.014188375,410f16e01d0ecb75,0.39215398041538524,-0.43945688861477616,-0.75082642770331953,-0.20594569636391979,0.81758803335280195,0.19241354884418621,0.5021088102205975,0.3754548725129575,-0.41227351121838135,-0.73980078756068623,0.49110145671402372,-0.21898761359416374,-0.43249643263852233,0.72374762179965013,-0.24669909967318782,0.19072709723245856,0.049470905922287679,-0.0028755455461239718,-0.0010179290692887404,0.0022604281157445078,0.027297003948413463,-0.021205925577011411,-0.085888835005205139
9.429,254684.547571208,1,531,1,532,254684513234791,254684.51423479102,410f16e41d27214f,0.28152670820035325,-0.30213908378654963,-0.70391154165176062,-0.099332027043495807,0.83234200276403603,0.17130391550709828,0.51768229695692813,0.27097538095199114,-0.27301010604566023,-0.69051254538206408,0.48718681001513936,-0.24492649586302223,-0.51831631071893247,0.65879300680429864,-0.15853853434551893,0.21119095966062226,0.10950810791644329,-0.0028756615663782614,-0.0010177137553964166,0.0022605730899127449,0.025403694747044632,-0.021323202335935022,-0.085786442772216337
107.390,254684.647580500,2,519,1,520,254684113197666,254684.114197666,410f16e0e9e07746,0.36546371013565226,-0.41704940347220654,-0.74587269419781654,-0.18578980994464495,0.82310065266585042,0.18277379795034715,0.50456045633508562,0.35008645095626134,-0.38916786067375353,-0.73466910444834466,0.48601869921589835,-0.22753752218528975,-0.45064680662186068,0.71339326860560193,-0.23987197414443923,0.25364922262104117,0.067964425743951284,-0.0028467220345763109,-0.0010356785505341393,0.0022751622813095714,0.031689372387164093,-0.019984567372109303,-0.086380616849063521
13.954,254684.647580500,1,534,1,535,254684613244166,254684.614244166,410f16e4e9f8d866,0.26498196718927874,-0.28164379762926217,-0.69347526659332959,-0.067590193600055803,0.83376519292027351,0.17033577695275071,0.52081949378465964,0.25613848960447827,-0.25241548172468381,-0.67909265884800385,0.48872056578823048,-0.24782940627349992,-0.54176752318052779,0.63735448910994019,-0.135107544804735,0.17206333150997877,0.13622678009401362,-0.002846688882503215,-0.0010355107170010925,0.0022752040198424288,0.031447705159565228,-0.020035172405281583,-0.085568391063757937
107.145,254684.747589750,2,522,1,523,254684213206916,254684.21420691599,410f16e1b6b21d96,0.34110939091883258,-0.3881849210715887,-0.73776858013096935,-0.1665031753109415,0.82751617804662347,0.17475148446463243,0.50690792021073239,0.32697768241009728,-0.35974088362372053,-0.72634087256317559,0.48200597468116896,-0.23487006188181186,-0.46740676425094624,0.70287780668886579,-0.2066720203461099,0.32748665724145176,0.092512627075242437,-0.0028168547536586617,-0.0010292980602515116,0.0022692041267730499,0.03300267692038996,-0.01763292205662893,-0.089723066064966786
15.831,254684.747589750,1,537,1,538,254684713253375,254684.71425337499,410f16e5b6ca7935,0.2488634086747134,-0.26237645693350864,-0.6808774739546225,-0.039213891046568139,0.83808458106513395,0.1580184497069258,0.52067910318598998,0.24199096904959833,-0.23278058559357734,-0.666173225412246,0.47991162925665243,-0.25643980052169218,-0.56488686717378889,0.6203436822497691,-0.13729050422864547,0.17257347331312684,0.11902875698137855,-0.0028167634719561446,-0.0010292910307215357,0.0022691465824916288,0.034416582128567012,-0.017229975390105984,-0.089249910116335457
108.262,254684.847599041,2,525,1,526,254684313216208,254684.314216208,410f16e28383c98a,0.32014976791074928,-0.35571171791495498,-0.72771575675700328,-0.14896219668867888,0.82855690178152197,0.17582788684744741,0.51028260002387893,0.30688173564830779,-0.32710241087690428,-0.71568131357703213,0.48515336500181183,-0.23649518939460881,-0.48054601164409899,0.69121036487713094,-0.20046847570683174,0.32437325373257414,0.12316805948037128,-0.0028102670192275796,-0.0010276657936968679,0.0022754575645676585,0.033464104544853969,-0.016294978444827975,-0.089314494655428844
16.363,254684.847599041,1,540,1,541,254684813262541,254684.81426254101,410f16e6839c1440,0.23257585206853193,-0.24586129238152601,-0.66929217595901225,-0.01629143276979772,0.84169076103059492,0.13755747602771581,0.52189007081511885,0.22761479859638323,-0.21574088308930325,-0.65488697396521633,0.46629981980291707,-0.27176417677457143,-0.58364544667142015,0.60668501123196139,-0.13374369397130498,0.17534557579493082,0.096622419240458363,-0.0028101282850834758,-0.0010278389574667822,0.0022753691089046463,0.034846016187381486,-0.015561267359350876,-0.088914172840911784
109.541,254684.947608333,2,528,1,529,254684413225458,254684.41422545799,410f16e350556fda,0.29936704545843246,-0.32471105516196314,-0.71610215349587358,-0.12788149109978303,0.82881445999866465,0.17881743181648888,0.51452628156611557,0.28707674493503543,-0.29601812588442189,-0.70325593714687795,0.49026802838171296,-0.23738199784645453,-0.49563444227864978,0.67648617655667265,-0.19123061302698932,0.28233669953696089,0.1304465343992865,-0.0027867976551057007,-0.0010524361000593234,0.0022658275076461237,0.037680306649850552,-0.015363566533302748,-0.090011679211829759
11.607,254684.947608333,1,543,1,544,254684913271791,254684.914271791,410f16e7506dba90,0.21824981458772094,-0.22874973514715727,-0.66058493751021807,-0.011542083812864645,0.84316335469928916,0.12448213868356087,0.52292120625840388,0.21396417326376985,-0.19828125725929865,-0.64670451656537231,0.45778328319142503,-0.28173895907580226,-0.58804502437709871,0.60436799540900599,-0.12982274332751306,0.17431400745325551,0.074047154881516725,-0.0027866330325244156,-0.0010526219242513136,0.0022655574444960911,0.039064830881260268,-0.015389319147288128,-0.089179571068051217
112.617,254685.047617666,2,531,1,532,254684513234791,254684.51423479102,410f16e41d27214f,0.27960234094630876,-0.29981302000351356,-0.70480171198898567,-0.099553108138588253,0.832770591556242,0.17158932308593347,0.51685537427253758,0.26905006749639598,-0.27069226450995237,-0.69138559941905353,0.48680390102207405,-0.24413995961190307,-0.51846304081480599,0.65925239277491754,-0.15845769274078314,0.21686315037026957,0.1090795339669927,-0.0027764253762163583,-0.0010938031285204525,0.0022625034834326358,0.04497835315131684,-0.01637707135744711,-0.088702967621431483
11.825,254685.047617666,1,546,1,547,254685013281291,254685.01428129099,410f16e81d3f826e,0.20429586102833808,-0.21206162192516981,-0.65082164928384145,-0.0099866229222156377,0.84499048373679841,0.10433318604694256,0.52441013458802932,0.20074227921058499,-0.18106020711832166,-0.63795132340588212,0.44458865381790402,-0.29703925103045731,-0.59043687658963451,0.6045600937927722,-0.14623710651345598,0.16718013833874323,0.1104048373606777,-0.0027763750128685892,-0.0010938273371816562,0.0022621165194093582,0.046402304287349684,-0.017827776054443509,-0.087261833861856181
113.505,254685.147626791,2,534,1,535,254684613244166,254684.614244166,410f16e4e9f8d866,0.26393088675324583,-0.28004098329668214,-0.69424121576623066,-0.067981436603528345,0.83394221071638475,0.17078285699315265,0.5203385267616899,0.25506379406114876,-0.250826867767314,-0.67984430384064432,0.48869660407370041,-0.24717317791918933,-0.54161604308773181,0.63775631016411738,-0.13609898669481985,0.17904421925731484,0.13554183657454327,-0.0028084295644681843,-0.0011193610622997924,0.0022346836897811652,0.044873851769994151,-0.017645883306580287,-0.08280785462471961
10.100,254685.147626791,1,549,1,550,254685113290416,254685.11429041601,410f16e8ea1117f8,0.1881938261901264,-0.19500510634273605,-0.63816740467257438,-0.0036915989003742933,0.85119109396098214,0.064848054128254617,0.52082134820620052,0.18641446444443974,-0.16313283123595124,-0.62719685759132027,0.41413079490570248,-0.32242179970405171,-0.5992726240651397,0.60449333315798714,-0.13690936905154374,0.19546625103338786,0.10825899429764275,-0.0028085410073922399,-0.0011192514749725994,0.0022342649982942408,0.044908314725267233,-0.018708653602512487,-0.081690175906697748
109.826,254685.247636125,2,537,1,538,254684713253375,254684.71425337499,410f16e5b6ca7935,0.24877377488230973,-0.26247173254667827,-0.68231928092524263,-0.039840890238938165,0.83808402841766672,0.15896182702130335,0.52034513117613945,0.24184446492604875,-0.23290390299510505,-0.66758533810243459,0.4803425438685095,-0.25553657817661779,-0.56444312102410032,0.62078664683793516,-0.13664508862928545,0.17513817288372846,0.11652047630805834,-0.0028338192988276488,-0.001163849023007317,0.0021969342817043189,0.045518025252251335,-0.019523768457465184,-0.076903986357758233
10.138,254685.247636125,1,552,1,553,254685213299750,254685.21429974999,410f16e9b6e2c98e,0.17613711562735168,-0.17362768974209047,-0.6280778201283499,0.0062748298499661903,0.85244190928691121,0.048030866190858473,0.52057324835903296,0.17549133562627942,-0.14151698505255314,-0.61769290007578614,0.40206381451139445,-0.33413791393900788,-0.60720441320665941,0.59833046396735612,-0.10806064645393511,0.24855776371411661,0.09972962361012605,-0.0028340388375911619,-0.0011637433854592954,0.0021965216961231148,0.044749228965846516,-0.020651835936170555,-0.076110981154073207
105.723,254685.347645458,2,540,1,541,254684813262541,254684.81426254101,410f16e6839c1440,0.23275714352932542,-0.24608495812318348,-0.67117767023631425,-0.017187393432597453,0.84167190044457063,0.1385854424939757,0.52161972149281999,0.2277193234934102,-0.21598924219763088,-0.65674752109707213,0.46683553600870176,-0.2708461289007858,-0.58299857038001413,0.60730521462752729,-0.12936097807142133,0.1781480062027995,0.094521140838601039,-0.0028542274071205343,-0.0011812122934300165,0.0021601039414334534,0.045635587071536921,-0.022998141819808898,-0.075144794471389623
11.902,254685.347645458,1,555,1,556,254685313309000,254685.31430900001,410f16ea83b46fdf,0.1668315543773205,-0.14593771659338428,-0.61868361992482168,0.0079551822717773835,0.85746440232322574,0.035187973274230289,0.51327709239048314,0.16686524733674646,-0.11361571332503578,-0.60895490359264537,0.38782335685692271,-0.33806004914409876,-0.61194404055724194,0.60069371419667317,-0.071333563168867548,0.28818398542399482,0.082790627363907479,-0.0028545968817754079,-0.0011810354710969598,0.0021597893696788106,0.045098119190891017,-0.02449575607923617,-0.075083645306661603
102.080,254685.447654625,2,543,1,544,254684913271791,254684.914271791,410f16e7506dba90,0.21855892404963234,-0.22822871533986266,-0.66237175008917815,-0.012205332346690356,0.84294925071109894,0.12528303171542518,0.52306004030567621,0.21420620564132276,-0.19777846753047842,-0.6484722104287558,0.45844777056386771,-0.28127081269070742,-0.58742464247579618,0.60468558855450782,-0.12393291201836146,0.1771674266130997,0.074242983548247002,-0.0028898805367168195,-0.0011466262634630051,0.0021660512301749186,0.042938605645715069,-0.026615592550266014,-0.07451010723408906
12.270,254685.447654625,1,558,1,559,254685413318208,254685.414318208,410f16eb5086108c,0.15972717811481968,-0.11624922157030598,-0.60880497199393524,0.01601211974888278,0.86026666740699054,0.019065153622133152,0.50923613982067539,0.16083450559062254,-0.083760733342519544,-0.59971470739377564,0.37356541716386299,-0.34660321906007846,-0.61962265612201251,0.59697809981328687,-0.015003755276204333,0.29048522635170565,0.076626006871661184,-0.0028903074510029112,-0.0011463999198985623,0.0021660280144164953,0.04203330799352116,-0.027939335384170292,-0.075143128011089869
108.628,254685.547663916,2,546,1,547,254685013281291,254685.01428129099,410f16e81d3f826e,0.20457671665115656,-0.21139971601782453,-0.65243087998267335,-0.010226647556230539,0.84456562989073558,0.10478472109820283,0.52499955040350033,0.20098033798971982,-0.18040891287493185,-0.63954689251571906,0.44532471721506789,-0.29713674745123186,-0.58996673652021525,0.60442939980704902,-0.14228872392495612,0.16617445086344226,0.10958492387385488,-0.0029216792743658082,-0.0011084673915309434,0.0021932744917637346,0.041683110268388279,-0.0294504322865436,-0.073549220268160048
17.824,254685.547663916,1,561,1,562,254685513327583,254685.51432758299,410f16ec1d57c7a3,0.16017573085384179,-0.087970331513084629,-0.60197462580433592,0.016805142198431045,0.85587818191988374,0.032365108104967261,0.51589018007618526,0.16074666236095503,-0.055696131868058121,-0.59210492335422338,0.38767502177970325,-0.34190384816778596,-0.61708027989429226,0.59331422051198812,0.011640091940908134,0.26664602910667173,0.068043994301589208,-0.0029221315974674554,-0.0011083328485487023,0.0021933884531800544,0.040534413115958907,-0.030677377661049065,-0.07394552179816169
107.164,254685.647673250,2,549,1,550,254685113290416,254685.11429041601,410f16e8ea1117f8,0.18804022688088923,-0.19444698149001349,-0.63914952542338466,-0.0035854870545590778,0.85078028564484365,0.064956329873292362,0.52147941307642454,0.18624881993150869,-0.16257831233017828,-0.6281704663066261,0.41467267953703518,-0.32281055931235009,-0.59905717113050283,0.60412781541586269,-0.13616123100526972,0.19377037297642555,0.10948331437414344,-0.0029591647953437997,-0.0010864375102710734,0.0021831862299729818,0.03860012366270231,-0.032060382926780803,-0.071415741679110925
10.134,254685.647673250,1,564,1,565,254685613336750,254685.61433675,410f16ecea2962d0,0.1627745832064279,-0.063753160471529832,-0.59520014388280962,0.014780309258475954,0.85261472027609164,0.037859026447143812,0.52095722334535355,0.16294167410201865,-0.031549244704607127,-0.58508872252495103,0.39514274915224779,-0.34160200191697326,-0.61334089103270362,0.59243837777943564,0.018841127020147848,0.22978169480607014,0.069652749621317178,-0.00295962082256846,-0.0010862785295466212,0.002183161340882687,0.037030204360820052,-0.033194185403846395,-0.071465193165882179
115.230,254685.747682541,2,552,1,553,254685213299750,254685.21429974999,410f16e9b6e2c98e,0.17598178115117702,-0.17358350945008694,-0.62840237055994896,0.0067809017936211191,0.8519780401763104,0.047937376202931564,0.52133434531350142,0.17535138048612572,-0.14147632420014644,-0.61800563057598734,0.40253588391204337,-0.33474219814501138,-0.60723425511530327,0.59764461208878861,-0.11043778198701128,0.24734480543926968,0.10382971359378955,-0.0029980343744359212,-0.0010805531375438586,0.0021799354280116301,0.036775507806049913,-0.032379596019010512,-0.066914804462026647
17.767,254685.747682541,1,567,1,568,254685713346083,254685.714346083,410f16edb6fb1444,0.16629486087444592,-0.044035905615022269,-0.59368533341995988,0.015170983857279663,0.8540530726721326,0.040364383533033094,0.51839556331296799,0.16645108215371415,-0.011878961225285267,-0.5834253395411183,0.39510293695803872,-0.33801907984758089,-0.61463420838932126,0.59317919783465023,0.031342962147808393,0.20236233947380727,-0.01880074997792756,-0.0029983864550232765,-0.0010803126422620271,0.0021797475234295455,0.035799464050934655,-0.031969342055718865,-0.066655479731103459
120.891,254685.847691666,2,555,1,556,254685313309000,254685.31430900001,410f16ea83b46fdf,0.16605843565603839,-0.14545060987531877,-0.618549869200543,0.0086310571994150376,0.85709746252863783,0.035005261549962058,0.51389116499010723,0.1661238098204009,-0.11313253610523998,-0.60880826840924696,0.38812837504891007,-0.33862346072767591,-0.61216249067895601,0.5999563328546853,-0.073821890701745052,0.2842000276696563,0.086216873591793516,-0.0029933923920843573,-0.0010716972563525194,0.0021679391613858238,0.039212435627626253,-0.030375509531021833,-0.067332521349338495
15.560,254685.847691666,1,570,1,571,254685813355458,254685.81435545799,410f16ee83cccb5b,0.16907196900102481,-0.023931627335486372,-0.59752144589256506,0.021475292981964156,0.85596178486085817,0.046835175958903325,0.51446550336687435,0.16944124663073704,0.0080393138046212093,-0.58670093256765432,0.39689950607586977,-0.33066456680092099,-0.62044169129954785,0.5900710415165672,0.032425239708832924,0.16756821752469037,-0.022116566485727115,-0.0029936425219328228,-0.0010716587697122198,0.0021675793426047499,0.040247054113225232,-0.029547073590209107,-0.066969999183520812
127.138,254685.947701041,2,558,1,559,254685413318208,254685.414318208,410f16eb5086108c,0.15894660878544639,-0.11592314179130085,-0.60868380713539194,0.016583471410017758,0.86005887899603484,0.018840928807964175,0.50957706556536742,0.16008693400602836,-0.083437793294870569,-0.59958640402113017,0.37364793718101114,-0.34700284084200805,-0.61987973415476449,0.59642716459947565,-0.014994679017808866,0.28458531548591598,0.078869834632579267,-0.0029865074273372908,-0.0010572126626293814,0.0021711267180352409,0.040857701593292758,-0.032169294555929248,-0.06859506426730301
18.144,254685.947701041,1,573,1,574,254685913364625,254685.914364625,410f16ef509e6688,0.17081565422822398,-0.0058606134732189577,-0.59804830642441154,0.031599677440368679,0.85771309070432888,0.04426568841123274,0.51124389136893567,0.17190220059408451,0.026030655549959918,-0.58704252026200288,0.39280458042559369,-0.33020344519222766,-0.62883907221985247,0.58415038100606598,0.037295334766275764,0.14302865928525291,0.00094850536670931969,-0.0029866925862587768,-0.0010573463576010822,0.0021708717998828678,0.042430185936397066,-0.032471463798862746,-0.06829346894587085
132.481,254686.047710250,2,561,1,562,254685513327583,254685.51432758299,410f16ec1d57c7a3,0.15982630050273208,-0.088001308386909505,-0.60183055449205958,0.017031156625461841,0.8557192138803309,0.032138598405792002,0.51616056649556163,0.16041203277034,-0.055725967892905855,-0.59196545106262655,0.3877060473052682,-0.34225520677341076,-0.61712768884827063,0.59304199680647185,0.012982336136237085,0.26239455830689484,0.068669918493761153,-0.0029853703389545331,-0.00104760695158824,0.0021616413816616803,0.042448499978319509,-0.031449140964944597,-0.069294654443357626
17.794,254686.047710250,1,576,1,577,254686013373875,254686.01437387499,410f16f01d700cd8,0.1735701375605517,0.0090733053174816281,-0.59734233390730418,0.039013417296493214,0.85775964388108161,0.045256139120753602,0.5105666280557446,0.17504739477945777,0.040845721793980105,-0.5860422359289803,0.39302603735142844,-0.32902419332906352,-0.63411429587268486,0.57894099348541717,0.030471286316519797,0.13716448048640725,0.011479285475438418,-0.0029854645418039226,-0.0010477724600184877,0.0021614427535976569,0.044189745976038246,-0.031734689069240624,-0.069021502180420594
130.361,254686.147719541,2,564,1,565,254685613336750,254685.61433675,410f16ecea2962d0,0.1623202521499294,-0.063320614254187668,-0.59523924743708534,0.014717466361889142,0.85257161905200007,0.037761956542869929,0.52103658069417036,0.16248554280783281,-0.031114373052338579,-0.58513520574015387,0.39513022448450524,-0.34172675482070064,-0.61326597722853826,0.59245233724955748,0.018443094357167802,0.231156199023581,0.067628967772060247,-0.0029861881661271939,-0.0010711738893652151,0.0021356642900288861,0.042511699729264531,-0.032544801433196421,-0.067733199522633347
16.096,254686.147719541,1,579,1,580,254686113383125,254686.11438312501,410f16f0ea41b329,0.17502805423114476,0.022913890454772635,-0.59585204208581133,0.049801466583277554,0.85797725996499363,0.035607447508917478,0.5100264681401312,0.17743673283332495,0.054693144185256413,-0.58473276820252507,0.38582143153555354,-0.33546489768675236,-0.64189647628071966,0.57146656868645307,0.02562519645435796,0.14433289087581971,0.010975355939737936,-0.0029863364944304393,-0.0010712939093757252,0.0021354825133499435,0.043106127405932199,-0.033269208239728509,-0.06700147409811083
138.395,254686.247728833,2,567,1,568,254685713346083,254685.714346083,410f16edb6fb1444,0.16503369807506124,-0.041254723183552992,-0.59313331490898646,0.014961760386123624,0.85418399734359995,0.040162272979708702,0.51820159151612066,0.16518921137117673,-0.0090919421937905916,-0.58289162136807682,0.39482286444977577,-0.33802483481732321,-0.61457884277857566,0.59341971888650791,0.032319655665556564,0.2090687186834832,-0.020041381495596963,-0.0029803986756227994,-0.0010636599627177239,0.0021331031489194626,0.044288936129312007,-0.03204736586058201,-0.067331783208172791
18.684,254686.247728833,1,582,1,583,254686213392375,254686.214392375,410f16f1b7135979,0.17818603186486781,0.039055204629791299,-0.59532742601179423,0.055463751070719269,0.85784669630508947,0.031772491183334056,0.50991507133256397,0.18103715131615963,0.070807315086037492,-0.58423528683959636,0.38303093854839043,-0.33809785180204027,-0.64580799348543161,0.56737040658806437,0.0266221605729637,0.18613230940551306,0.0066937917645934772,-0.0029805408386554297,-0.0010637215949292581,0.0021331033520892231,0.045437486616767317,-0.032731095561874445,-0.066817663961618506
139.744,254686.347738083,2,570,1,571,254685813355458,254685.81435545799,410f16ee83cccb5b,0.16767351490228638,-0.021247912405506969,-0.59653284588097077,0.021520514187386763,0.8560482141529705,0.046579948863697956,0.51434296348930031,0.16805657314822567,0.010727159023836239,-0.58572502346222166,0.39663238449481625,-0.33075839082978864,-0.62053478225662462,0.59010018003332998,0.033423714708242493,0.17246845614901735,-0.020416145093732491,-0.0029792405717114882,-0.0010392877132631676,0.0021632698813962735,0.045273605801482708,-0.031570664623388096,-0.066975659012528374
19.070,254686.347738083,1,585,1,586,254686313401708,254686.31440170799,410f16f283e50aed,0.18069130498952271,0.062476400245149326,-0.59501820800270955,0.061075293592888991,0.85950605767183275,0.024555409274670065,0.50686904662427368,0.18415866162116243,0.094246587392345871,-0.58415572216438816,0.37577382645658597,-0.34104723455466951,-0.65094929879384678,0.56457579256693879,0.040585500117520948,0.27294762890037844,-0.0063123645221828551,-0.0029792532442855521,-0.0010394053963764113,0.0021634204930047547,0.046218796491648832,-0.031664150866475352,-0.066774113023961496
142.718,254686.447747458,2,573,1,574,254685913364625,254685.914364625,410f16ef509e6688,0.17031155494240516,-0.0047853000240409699,-0.59770907103180482,0.031633662117961037,0.85776942518642174,0.044129291454991171,0.51115905888922963,0.17140641816262517,0.027107953286226734,-0.58670986107005263,0.39264814759539918,-0.33023990678228415,-0.62890293750843773,0.58416618470396597,0.03857205042691441,0.14561900332167713,0.0013965497801765488,-0.0029704409283131056,-0.0010445681717748151,0.0021695195480725274,0.045983275528958943,-0.032149187851148432,-0.066254594814488615
18.877,254686.447747458,1,588,1,589,254686413410958,254686.41441095801,410f16f350b6b13e,0.18706703690698526,0.093296475993767863,-0.59530507245048647,0.052628895609873105,0.86281842579479417,0.02756948695951375,0.50201049795512043,0.19007273137072814,0.12515748990074185,-0.58457182757408321,0.37446958855057977,-0.33548044722212167,-0.6473189915615768,0.57289049559763883,0.068843892567765713,0.33176908546201633,0.0084019683004085636,-0.0029703640261479879,-0.0010447272566075701,0.0021694986012401512,0.046417438668984214,-0.032650594069259284,-0.065944863952689739
142.585,254686.547756625,2,576,1,577,254686013373875,254686.01437387499,410f16f01d700cd8,0.17309133820443023,0.010302043037616705,-0.59730996621090959,0.039021715101899113,0.85781978691679905,0.045329722389429727,0.51045841006403347,0.17456893606287996,0.042073014520922117,-0.58600585069742073,0.39300154690455757,-0.32889564042843583,-0.63416269085426569,0.57897765359836728,0.032632210511584492,0.13832095599285929,0.010286247208545242,-0.0029632646500363955,-0.0010590469200638265,0.0021665069150298582,0.045696669244292637,-0.033279359428202974,-0.065249618013128952
18.229,254686.547756625,1,591,1,592,254686513420166,254686.514420166,410f16f41d8851eb,0.19422750166807895,0.12688473542834075,-0.59288693057620301,0.04013446763324241,0.86711259652806416,0.0287376617512827,0.49566033678286603,0.1966338139544988,0.15891600527950345,-0.58251541357680414,0.37080537093841315,-0.33016418102016787,-0.64152053421159749,0.58476182727617787,0.06888399633745923,0.32325783909203992,0.027083111470726916,-0.0029631397562529904,-0.001059209811954308,0.0021663072333277344,0.045028092742789738,-0.034242585934815356,-0.064868718070021134
142.366,254686.647765916,2,579,1,580,254686113383125,254686.11438312501,410f16f0ea41b329,0.17450457101874342,0.025189913608258792,-0.59588530027752729,0.049924852523850261,0.85802702956846055,0.035707539272670868,0.5099236712312607,0.17691885685184036,0.056965547517701859,-0.5847569012221483,0.38581951870914805,-0.3353214337343311,-0.64201891573685244,0.57141451407666444,0.028722535939977728,0.14690010119644911,0.0094485407799981286,-0.0029640237845235595,-0.0010881961323321353,0.0021537575062466883,0.043373542877728398,-0.034339380647794439,-0.063437632264884844
17.511,254686.647765916,1,594,1,595,254686613429458,254686.61442945799,410f16f4ea59fdde,0.20096614143047586,0.15691295508892378,-0.59040264994625591,0.027907692674364382,0.87068038169341166,0.041840329976534918,0.48927116573914592,0.20239242306680494,0.18889606698529679,-0.57970651858559319,0.37555253019464729,-0.3163813696619881,-0.63539770397327255,0.59593026754872624,0.05728831674361242,0.28441870645011524,0.023754578456853775,-0.0029639106242308377,-0.001088279669842935,0.0021534145029244189,0.04121145646108524,-0.035223408831918698,-0.063047644391320795
136.643,254686.747775166,2,582,1,583,254686213392375,254686.214392375,410f16f1b7135979,0.17718949274252246,0.041340299158228871,-0.59523768454573545,0.055328867907295909,0.8578524846785518,0.032161028265922598,0.50989562890879048,0.18002048657907618,0.073088305515897581,-0.58412865586733953,0.38329192787759431,-0.33780936673418205,-0.64571670968646289,0.56746987638306956,0.028282972910521443,0.18840310379536579,0.0056211034895328497,-0.0029741401968953643,-0.0011215618516242966,0.0021234783752552295,0.040500409688740607,-0.034247585809354948,-0.061231203278643231
10.174,254686.747775166,1,597,1,598,254686713438833,254686.71443883301,410f16f5b72bb4f6,0.20738554215273527,0.18267072735366985,-0.59011004958182878,0.026617169899382342,0.87687662952418977,0.046417859399625144,0.47772831023719009,0.20883328475130586,0.21459166684867823,-0.57923261352865441,0.37062730102214775,-0.30498253646943074,-0.63886657533456903,0.60122421367239531,0.069286786457385438,0.26813911032121396,0.00083723812171144704,-0.0029740977070072385,-0.0011215064902577124,0.002122985711067987,0.037979305736133229,-0.034215201146761791,-0.060870604326260326
129.954,254686.847784500,2,585,1,586,254686313401708,254686.31440170799,410f16f283e50aed,0.17977755846478788,0.063601130798727215,-0.59499325786341062,0.060384183384589452,0.85953165288450917,0.025247116879989373,0.50687446610411169,0.18318369499484186,0.09537253183524147,-0.58411496470307467,0.37626676973273415,-0.34056195558020536,-0.65047870863998092,0.56508257981674026,0.042306569495644514,0.27220773860867359,-0.006137789318687103,-0.0029747433687027473,-0.0011536778772210244,0.002088412221889299,0.037831978412314671,-0.034957960790813147,-0.059862211106558733
12.017,254686.847784500,1,600,1,601,254686813448000,254686.81444799999,410f16f683fd5022,0.21319936180453519,0.20710052303603177,-0.58924405895342702,0.029306203233893546,0.88045287983363263,0.053224521555641641,0.47022449570639124,0.21474465108494853,0.23886372628013525,-0.57792717101193825,0.37013433986353467,-0.29486350163140107,-0.64329679976739451,0.60185157079506169,0.05622336671095985,0.23889897628586743,0.025407691527226047,-0.0029747426745388387,-0.0011535273013016112,0.002087886649733041,0.036326706653307714,-0.03488249390163143,-0.059500903759911586
128.328,254686.947793625,2,588,1,589,254686413410958,254686.41441095801,410f16f350b6b13e,0.18613381623314534,0.094164235022732384,-0.59513634877105526,0.051573316040786965,0.86281594664455574,0.028295420611284372,0.50208391497171778,0.1890555502850878,0.12603080551384516,-0.58439641826703148,0.37503481481369011,-0.33501904829682966,-0.64657083108615465,0.573635150025264,0.070000430026548294,0.32830849022149333,0.0090963300557683115,-0.002971800666492103,-0.0011679510445115179,0.0020407927565870535,0.038486959452227833,-0.035433006559886703,-0.059837571926362819
17.303,254686.947793625,1,603,1,604,254686913457250,254686.91445725001,410f16f750cef673,0.21828436678354141,0.23121443010654175,-0.58558170388771058,0.034218291131091871,0.88360969197951833,0.059476700393436305,0.46316907940267138,0.22006738351290034,0.26279311734046634,-0.57379322154724821,0.36956636521958752,-0.28545361111591283,-0.64900237355277179,0.60061040344147898,0.055638079686892786,0.21364080525016377,0.051856423444474567,-0.0029718312007132827,-0.0011678973439051481,0.0020403185322224377,0.038882583480400842,-0.03526398281113742,-0.059556556520657264
127.036,254687.047802916,2,591,1,592,254686513420166,254686.514420166,410f16f41d8851eb,0.19340910479662782,0.12691397555066564,-0.59280629729841683,0.038823724226582923,0.86707100599514764,0.029349181372054667,0.49580164155134776,0.19571928367890504,0.15895457783104577,-0.58244175046756219,0.37133769815493389,-0.32983168891834519,-0.64056428973793678,0.58565925385568685,0.068827213369542575,0.31753926953396555,0.026963799946990837,-0.0029725404283185669,-0.0011767612451547794,0.0019902150015536036,0.040139019154458819,-0.036045441540985247,-0.059319638443215007
17.544,254687.047802916,1,606,1,607,254687013466500,254687.0144665,410f16f81da09cc3,0.22434840125457312,0.25382830679385743,-0.57913059796782029,0.038593480355099019,0.88579194855578325,0.067422875907147961,0.4575340164017519,0.22626155472770948,0.28518798178296978,-0.56679076084036739,0.37120056850598798,-0.27585022552081517,-0.65363918782203922,0.59905976593683175,0.079042531238397259,0.20582352427885853,0.083124100925078159,-0.0029726338558945307,-0.0011768844287125459,0.0019897619894543336,0.041780215896649014,-0.035942968798964629,-0.058965720035268628
125.615,254687.147812166,2,594,1,595,254686613429458,254686.61442945799,410f16f4ea59fdde,0.20041064791621482,0.15587281813942841,-0.59050884007984372,0.026604201008365913,0.87062577064698954,0.042218034625365525,0.48940849475555059,0.20174844565725272,0.18786619298391866,-0.57983198589751961,0.37591671398218496,-0.31621139842679002,-0.63443738036132269,0.59681335948022529,0.056071640284971115,0.28078919460544838,0.022770980176614591,-0.002976956048480796,-0.0011871736589488416,0.0019685448390626779,0.040748897210944601,-0.036476160227388969,-0.059147010624717888
16.736,254687.147812166,1,609,1,610,254687113475708,254687.11447570799,410f16f8ea723d70,0.23315501175440145,0.27361715900509526,-0.56888583428032558,0.036165517519173962,0.88674212657336215,0.079988996510731408,0.45385269631501379,0.23463372362676588,0.30474908954440499,-0.55592522997108429,0.37748307103378531,-0.26436155033743303,-0.65259423618365431,0.60144847217859321,0.088452074427382107,0.18019181074477292,0.13050956321749232,-0.0029770955625848541,-0.0011873792660944595,0.0019682108038503233,0.041966788436904344,-0.036529050480202739,-0.058787947432599401
126.627,254687.247821416,2,597,1,598,254686713438833,254686.71443883301,410f16f5b72bb4f6,0.20653387224101749,0.18295137824634308,-0.58970667222312334,0.025462311973759033,0.87688143679751418,0.046629136788693515,0.47776185833917273,0.20790872273711242,0.21488344464556272,-0.57885246227694043,0.37080041878247122,-0.30485686288866065,-0.6380533667412569,0.60204422077665998,0.067880282348958793,0.27135662873268712,0.002127296655530876,-0.0029756146161086816,-0.0012023158522792559,0.0019610508085218174,0.040494830949472718,-0.036361005111448179,-0.058339643674520929
18.098,254687.247821416,1,612,1,613,254687213484958,254687.21448495801,410f16f9b743e3c1,0.24281576682019393,0.28813399995921246,-0.55531375421013118,0.030805209564530089,0.88629294899589439,0.086358198372237183,0.45395832673300313,0.24379557176701994,0.31919982637907302,-0.54214882492494809,0.38206146872384783,-0.25993253661311555,-0.64848630967798948,0.6049211656791903,0.1010974047927147,0.1239365538796857,0.14262269765542993,-0.0029756715685231097,-0.0012025399881300969,0.0019608231206437619,0.040730100806890372,-0.036411266588695201,-0.057868630618024573
128.600,254687.347830541,2,600,1,601,254686813448000,254686.81444799999,410f16f683fd5022,0.2123016307155412,0.20891013178759871,-0.58859970077716761,0.028341149324338011,0.88044236919346752,0.053318761808858944,0.47029264999106635,0.21378767521869219,0.24068444999875188,-0.57730610409950833,0.37024917013945086,-0.29484505606664185,-0.64260697147715562,0.60252653479582541,0.055865219656147262,0.24527836909501399,0.02718002581718194,-0.0029732979721850765,-0.0012170590458228767,0.0019536442335849695,0.040074856525314638,-0.035269421992601191,-0.05609505888353427
12.177,254687.347830541,1,615,1,616,254687313494208,254687.314494208,410f16fa84158a11,0.25406400323457107,0.29714475110578847,-0.54153084687152719,0.012687326221519912,0.88587376189507117,0.087038320094254329,0.4555119030133829,0.25395093711880157,0.32842205045592132,-0.52883916796831487,0.38364093168644203,-0.26055016223795935,-0.63537862181256854,0.61743603347722809,0.096599315651571552,0.052325156533657921,0.11588907837878071,-0.002973231687077416,-0.0012173159495636738,0.0019535377213071858,0.039619036796062095,-0.034464491842725473,-0.055276100842676222
128.756,254687.447839958,2,603,1,604,254686913457250,254686.91445725001,410f16f750cef673,0.21750413019870105,0.23313721590952852,-0.5849988799962903,0.033372022160014725,0.88359726607909717,0.059617673295369794,0.46323640374847852,0.21923323145004051,0.26472508010135948,-0.57322696440758258,0.36971365361204866,-0.28540153372383686,-0.64839518460232015,0.60120001951549773,0.055530701705241305,0.21996126424478885,0.053131896984971817,-0.0029689276100471843,-0.0012385387629300526,0.0019309626764898919,0.040198679665873142,-0.034107455225898128,-0.054528927493840931
12.218,254687.447839958,1,618,1,619,254687413503416,254687.41450341599,410f16fb50e72abe,0.26458627770313414,0.29868982146452983,-0.53302990195304945,-9.409228267037717e-05,0.88670079211938546,0.086601447150655791,0.45416069729269704,0.26377932129214071,0.33011332321127052,-0.52073058037460696,0.38237656917127144,-0.25990363134822153,-0.62692559301983453,0.62705865959856122,0.10403662248677875,-0.035631109703951537,0.058951315761456451,-0.0029687823419334929,-0.0012387509697867,0.0019308231354009354,0.04015833569266368,-0.033022203847589561,-0.053744787059876079
123.757,254687.547849166,2,606,1,607,254687013466500,254687.0144665,410f16f81da09cc3,0.22380437210795126,0.25543683243181109,-0.57871746284007008,0.037853446115240885,0.88579894089376499,0.067698017808676403,0.45754167517936656,0.22566694621666458,0.28680181665507859,-0.56638338264208488,0.37140053877861373,-0.27566108639507508,-0.65312084893611955,0.59958799348169478,0.079801454564314867,0.2087769954693614,0.083501604393447074,-0.0029614783255516009,-0.0012552968775254583,0.0019137158756512094,0.040889267410031307,-0.033940544049783278,-0.053481652062333872
12.223,254687.547849166,1,621,1,622,254687513512708,254687.514512708,410f16fc1db8d6b2,0.27797269246647027,0.29421612000848324,-0.52700693935024578,-0.015685661673646045,0.88690121860154092,0.088113294765168187,0.45320667355972222,0.27623690705867154,0.32574206975060815,-0.51507117402741509,0.38277101021011989,-0.25815999704327125,-0.61604241178835706,0.63822528667182021,0.14394550556399172,-0.069856786393189291,0.060617482746705025,-0.0029613503861329461,-0.0012554613911476917,0.0019135637025010474,0.041649073444484964,-0.033180707692063029,-0.052755503126980588
118.588,254687.647858416,2,609,1,610,254687113475708,254687.11447570799,410f16f8ea723d70,0.23291050245624006,0.27664991167028907,-0.56846576436677765,0.035663113668671642,0.88674689236604154,0.080209194700022912,0.45384427891147544,0.23435420062461412,0.30778428974374444,-0.55550709199865389,0.37763282265953196,-0.26419989470575911,-0.65224235294775357,0.60180709526295739,0.09074760901954855,0.18141616855683751,0.12944233103302846,-0.0029667312718671592,-0.0012432259290006771,0.0019246271992956752,0.043053220678096568,-0.035172855990066046,-0.053706211370915781
12.381,254687.647858416,1,624,1,625,254687613522000,254687.61452199999,410f16fcea8a82a5,0.29529431131339368,0.28687264590693312,-0.51934094427143229,-0.030941483979908868,0.88649951013151451,0.082803183685713488,0.45420802402610205,0.29280200571392095,0.31861959431006431,-0.50814806118197042,0.37972425644316782,-0.26262287418278862,-0.60497086589437798,0.6487287310144827,0.18028016695445565,-0.10880146816810464,0.070107241596300246,-0.0029667390690797969,-0.0012433527265013997,0.0019246782309157574,0.044785739436625643,-0.035441449176702264,-0.053872945068107969
113.901,254687.747867666,2,612,1,613,254687213484958,254687.21448495801,410f16f9b743e3c1,0.24284911659312783,0.29255926310518593,-0.55492988599314763,0.030598650291157825,0.88625868526811924,0.086507708944834699,0.45401072112096674,0.24381145346571903,0.3236245104957991,-0.54176230214985077,0.38220423708681733,-0.25986386510222503,-0.64831602210534323,0.60504299702460884,0.10387660988420186,0.1257604621328626,0.1397125429535708,-0.0029865181053307763,-0.0012295821014305102,0.0019506831176825366,0.04573735433582319,-0.035700643780436532,-0.054652593969160029
12.550,254687.747867666,1,627,1,628,254687713531250,254687.71453125001,410f16fdb75c28f6,0.31504930995799052,0.27520116815639911,-0.51197767001621608,-0.03742458078219979,0.88385598666620835,0.091366724628998169,0.45722004596324195,0.31186334984913422,0.30678188501938503,-0.50049425011745363,0.38790941523419098,-0.25869735755210088,-0.5985173709855488,0.65144371928569211,0.1969197482484675,-0.15499348034308641,0.07960019428598579,-0.002986701390697287,-0.001229714041504295,0.0019509154013228288,0.047478074684467783,-0.036273678299018286,-0.05576216327537558
106.684,254687.847876833,2,615,1,616,254687313494208,254687.314494208,410f16fa84158a11,0.25413231794215951,0.30218924025326871,-0.54114713471158882,0.012576415962343657,0.88582412235974139,0.087267035264432441,0.45556775102697156,0.25400478355219519,0.33346253841991119,-0.52844573680717477,0.38384214823800594,-0.26042792670254278,-0.63526509596717562,0.61747935842039536,0.099268837059024409,0.055407394402241156,0.11382360477191904,-0.003012912198468499,-0.0012533153518030377,0.0019615902094010716,0.048689240013024292,-0.035245214220972959,-0.056682178487819097
10.951,254687.847876833,1,630,1,631,254687813540416,254687.814540416,410f16fe842dc400,0.33550975539128258,0.25882059515414746,-0.50412671080880034,-0.049676384379207184,0.88501446581337206,0.099572919456139303,0.45206961749219843,0.33147640936166217,0.29026172205562939,-0.49252720172708259,0.3900701682888198,-0.24925279889548449,-0.59067320624986552,0.66092622089943076,0.19788959253010346,-0.19279258550500059,0.071236970168058689,-0.0030131554179308765,-0.0012534920594892719,0.0019617426026835231,0.049821935790977045,-0.035061728226155775,-0.058464917468048119
105.103,254687.947886083,2,618,1,619,254687413503416,254687.41450341599,410f16fb50e72abe,0.26481581279985106,0.30338621742769772,-0.53252198312968879,-0.0001118072445331908,0.88660594706054352,0.087028025138686765,0.45426430433059228,0.26399289941502685,0.3348000747612071,-0.52019910469331709,0.38275146658841286,-0.25967525640533051,-0.62684600106802135,0.62700412038540476,0.10534720001995017,-0.032413687312679053,0.060731266192576024,-0.0030423903170592381,-0.0012893090346120569,0.0019573335509002108,0.051817325654174254,-0.034947603877327427,-0.060505227961702102
10.707,254687.947886083,1,633,1,634,254687913549791,254687.91454979099,410f16ff50ff7b17,0.35431530519970333,0.23925624082763322,-0.49596155148308857,-0.071203445990650593,0.8820332625878069,0.10764554345464059,0.45316650709711603,0.34876191111840843,0.27053079257246487,-0.48454125466977038,0.39655399336546943,-0.24432020993326287,-0.57334324644958601,0.67404012277809899,0.17274741280669287,-0.21799347675283617,0.065987960676207449,-0.0030425438284818413,-0.0012894237807484438,0.0019572289201984288,0.052231194316158081,-0.034032186321193154,-0.062040197776559926
103.720,254688.047895416,2,621,1,622,254687513512708,254687.514512708,410f16fc1db8d6b2,0.27820905299590182,0.29845698971156592,-0.52615307405398903,-0.015523861721269461,0.88682255604373017,0.088452627201879686,0.45330006591979394,0.2764706967908297,0.32997378377534436,-0.5141935271724275,0.38307699284017177,-0.25798609115194071,-0.61610119880226066,0.63805525400476959,0.14272029740494593,-0.068189546501731355,0.066412513068960802,-0.0030313879425111403,-0.0012843516110676617,0.0019502996932928983,0.05025038234797298,-0.034515224073391165,-0.063373879787914061
10.831,254688.047895416,1,636,1,637,254688013558916,254688.01455891601,410f17001dd110a1,0.36968523398652914,0.21438879583661502,-0.48918853064548212,-0.085324578820773822,0.88033286424891888,0.1146478666757508,0.45231591200347099,0.36312009134511714,0.24547364479163605,-0.47778712636758536,0.40090392192468077,-0.23876735828853587,-0.56215573476888148,0.68282290813049218,0.11769379803632493,-0.28912780559982737,0.057594516016378029,-0.0030313062939826196,-0.0012842634005123432,0.0019499572320884444,0.049784095742515723,-0.033980634274497039,-0.063657548766457323
110.147,254688.147904666,2,624,1,625,254687613522000,254687.61452199999,410f16fcea8a82a5,0.29488310144668151,0.28918763721009938,-0.51832979630096776,-0.030998468701689597,0.88635427143190615,0.083234845746434527,0.45440864221382576,0.29237064111881278,0.32092500860496859,-0.50711428240228151,0.38017134608255804,-0.26245950149778735,-0.60482787234560365,0.64866632602995455,0.17564409476753945,-0.10915254694750989,0.076623544946742408,-0.003036470342678536,-0.0012874944054043845,0.001922142990883856,0.04983298946164965,-0.03418029032704431,-0.06147280029116016
18.583,254688.147904666,1,639,1,640,254688113568250,254688.11456824999,410f1700eaa2c237,0.38239448402390247,0.18580328832034684,-0.48539528381285224,-0.088190159850373651,0.88018026045478526,0.12697114107593441,0.44875782707120238,0.37539129967126972,0.21655545389047839,-0.47336945021859128,0.40710184667092492,-0.22753754170888185,-0.56002155586992775,0.68474127267985463,0.13195297848987136,-0.2825232621228197,0.03933996845135429,-0.003036366981412329,-0.0012873772836284113,0.0019216882583755581,0.049950558033030147,-0.033541782977456351,-0.060909987325398963
110.061,254688.247913958,2,627,1,628,254687713531250,254687.71453125001,410f16fdb75c28f6,0.31378108860793397,0.27568071260237825,-0.51094973811592748,-0.038118777264549597,0.88363490686513579,0.091868075634618157,0.45748947537727092,0.31053411638599282,0.30725252886264692,-0.49945893564680549,0.38845443928122952,-0.25853336422634654,-0.59787017293610112,0.65177826329041477,0.19080474983361018,-0.15650942817629762,0.083289930033025414,-0.0030519581928314258,-0.0013039416870465777,0.0018458193906793464,0.050748271503164563,-0.035612477364349117,-0.057699734690595722
12.323,254688.247913958,1,642,1,643,254688213577458,254688.21457745801,410f1701b77462e5,0.39540395879290968,0.15838707726366522,-0.4828767217989054,-0.10368000085760787,0.87742369136994225,0.14858227235246826,0.44418631766407202,0.38699845905739094,0.18846845991597339,-0.47007754432970028,0.41915067852306059,-0.20902361942467795,-0.5471193959047872,0.69374505536331288,0.1036203854520643,-0.2942425056663755,0.028574125154575566,-0.0030519355214674595,-0.0013039621460673664,0.0018452011894261955,0.051884505992523595,-0.035314217703070139,-0.057446763965019638
115.811,254688.347923166,2,630,1,631,254687813540416,254687.814540416,410f16fe842dc400,0.33403523376007555,0.25819391157004096,-0.50328189190154382,-0.050804460260581941,0.8848277391875643,0.099929125157170035,0.45223113773783574,0.3299219511442365,0.28962954642938077,-0.49169557587447571,0.39043625580676478,-0.24911513549344005,-0.58974350050585167,0.66159185532379705,0.19464592284576501,-0.194312074762235,0.072223342887542619,-0.0030486915776488919,-0.0013326244702527891,0.0017936141010959649,0.050119032474243742,-0.036658965104981574,-0.057142926364329473
18.045,254688.347923166,1,645,1,646,254688313586666,254688.31458666601,410f170284460392,0.407141469195623,0.12964924005201756,-0.48245771712898566,-0.11577329637175976,0.87256271109320016,0.18012342385099958,0.43907455454577926,0.39730836069174397,0.15865055538003806,-0.46825931445959129,0.43783907777211223,-0.18310609563843797,-0.53513091284190761,0.69885907437529937,0.092650618018497027,-0.31551616154687256,0.022209218411232863,-0.0030487068998023554,-0.0013327754049741248,0.0017931422912185711,0.051008667841379571,-0.037111490409874506,-0.057187595094571136
122.522,254688.447932333,2,633,1,634,254687913549791,254687.91454979099,410f16ff50ff7b17,0.35387484892578608,0.23849992810494566,-0.49588369127373505,-0.072385582162893036,0.88192424881083786,0.10772704340516792,0.45317202493759456,0.34824947122779387,0.26977263417567043,-0.48449361082030601,0.39661552423393642,-0.24426648246942798,-0.57243026558926091,0.6747989348806509,0.17446153919815754,-0.2182771398091832,0.064949646705872083,-0.003040623823017851,-0.0013502131230869194,0.0017873703567392676,0.049135945311468712,-0.036671608171770599,-0.058902228687549942
17.914,254688.447932333,1,648,1,649,254688413595916,254688.41459591599,410f17035117a9e2,0.41732256109444343,0.098092515541281955,-0.47974665209723788,-0.12403112673493794,0.86777350170518486,0.20080628576423057,0.43733547552106711,0.40651725767135277,0.12629816656973158,-0.46467855268281721,0.45123435475751161,-0.16725138957568822,-0.52590526280488803,0.70131175972294613,0.076581417411408809,-0.34921094871103103,0.051184788646602988,-0.0030406781395899752,-0.0013503860625667459,0.0017872191568147381,0.048781309739922486,-0.037549340347840576,-0.058671164782764434
128.590,254688.547941625,2,636,1,637,254688013558916,254688.01455891601,410f17001dd110a1,0.36962505600305223,0.21367993027943158,-0.48976428776100339,-0.086461817658324891,0.88017922219489386,0.11475482293785164,0.45237183237751721,0.36298878777750343,0.2447598965223905,-0.47839078371248317,0.40101909309553296,-0.23873127046696876,-0.56124294416102982,0.68351841606757191,0.1176176286346383,-0.28528667986708933,0.056179208969433243,-0.0030411456023885083,-0.0013621750024904538,0.0018016875399379266,0.04784914827799279,-0.034097917443400988,-0.05988819533188923
17.045,254688.547941625,1,651,1,652,254688513605125,254688.514605125,410f17041de94ab2,0.42633563724494083,0.064065783246382069,-0.47431507160332742,-0.12782543396017287,0.86600761791420544,0.20520526665318212,0.43770117191724939,0.41518938878032724,0.092076346376414778,-0.45913184235951532,0.45460349028635527,-0.16439942683627656,-0.52197361413723675,0.70274607165026437,0.095315078396724165,-0.32892021740636523,0.053995812037813409,-0.003041315854454156,-0.0013621120279956403,0.0018016475162332354,0.046518750628508243,-0.033851041001547226,-0.059383053820887675
133.605,254688.647950875,2,639,1,640,254688113568250,254688.11456824999,410f1700eaa2c237,0.38227409825749087,0.18566793416105515,-0.48586378411153575,-0.089276124794775202,0.8800828510228208,0.12720566301544248,0.44866771823528029,0.37520246830250487,0.21641152823955828,-0.47385610220025204,0.40720396215304583,-0.22730799309230074,-0.55918478384598025,0.68544028696768011,0.13106801594915896,-0.27787861762641503,0.039385991174546303,-0.0030429295157633884,-0.0013634913399483111,0.0018004728182432416,0.047592187204914461,-0.035552455950820558,-0.060295240645291119
15.999,254688.647950875,1,654,1,655,254688613614375,254688.61461437499,410f1704eabaf102,0.4359482346569975,0.030742344927060541,-0.46928965963688934,-0.13455215850016738,0.86349721787692646,0.20734646396216719,0.43963140067176676,0.42431096948879615,0.058610470265953514,-0.45421310162561501,0.45748242318835985,-0.16425024954476433,-0.51544198088376403,0.70572746321849389,0.090610520505743461,-0.34250428023167473,0.039117162738316016,-0.0030431700209619093,-0.001363306921026377,0.0018004893974148237,0.046519773686790201,-0.035709034951609334,-0.060078865510173121
131.327,254688.747960041,2,642,1,643,254688213577458,254688.21457745801,410f1701b77462e5,0.39538527905789006,0.15851124844569986,-0.48266216924990729,-0.10422351093065901,0.87740831667295738,0.14888785558027978,0.44398712287137349,0.38694409604953423,0.18858157148003782,-0.46986048756363619,0.41922590650496727,-0.208666687472878,-0.54672420470450733,0.6941185034591778,0.10474434152984667,-0.29383652583730635,0.030202111344857303,-0.0030590842946467086,-0.0013720683440127369,0.0018139158140503373,0.048333996521028287,-0.033931378695910501,-0.060957536703059853
16.313,254688.747960041,1,657,1,658,254688713623666,254688.71462366599,410f1705b78c9cd3,0.44635056145050606,-0.0017071598473622739,-0.4664732781326848,-0.14408823873078991,0.85546390221982149,0.22345002359143104,0.44439873045246625,0.43363733804597882,0.02541744028228831,-0.45091721917034666,0.47224037022688597,-0.15623432475902879,-0.50301854224074183,0.70679007821068285,0.10053122915728402,-0.31105828845208572,0.011140222028103114,-0.0030591945061189296,-0.0013719635336837867,0.001813897539332258,0.047609050685935829,-0.0332286278680851,-0.061123750198127123
135.280,254688.847969291,2,645,1,646,254688313586666,254688.31458666601,410f170284460392,0.40708447347469068,0.12941868435766912,-0.48207137918222176,-0.11588731400242358,0.87251198841597277,0.1803979212728167,0.43903257707900878,0.39723855409118841,0.15840990209897782,-0.4678612378269712,0.43800349420471241,-0.18288231410459643,-0.53501442385616227,0.69890383066489836,0.094284666711844947,-0.31845705473801861,0.02350730255094461,-0.0030728422727245904,-0.0013687903233041564,0.0018015172030889002,0.049138190467991456,-0.037241139954646021,-0.05967475070166612
16.439,254688.847969291,1,660,1,661,254688813632791,254688.81463279101,410f1706845e325d,0.45796213506212813,-0.030096050336913208,-0.46850231545750304,-0.15861625196265439,0.84960208348563437,0.23914734788046788,0.44252207127374732,0.44408150377253497,-0.0037735602100267885,-0.45257072606758547,0.48201305598688565,-0.14380764220714568,-0.48860075417389559,0.71291800294403107,0.12574132778430488,-0.26890137816873594,-0.036354564993858751,-0.0030729493394506648,-0.0013688428082769791,0.0018013979721212114,0.049667998401428291,-0.037664190286678223,-0.059877195882317963
133.783,254688.947978541,2,648,1,649,254688413595916,254688.41459591599,410f17035117a9e2,0.41713381170345248,0.097518307779721508,-0.47964808428502953,-0.12406082303769883,0.8676913697979699,0.20088016009963849,0.4374560703158149,0.40632188361203936,0.12572051815018398,-0.46457829685677127,0.45137186519451755,-0.16728442592842865,-0.52582618832139005,0.70127468215244759,0.075954420537216544,-0.35284256649165097,0.050345450472308734,-0.0030726853432062363,-0.0013632941550957114,0.0017846998459466483,0.048192016027115571,-0.039807667482292051,-0.058149863304647977
16.342,254688.947978541,1,663,1,664,254688913642083,254688.91464208299,410f1707512fde50,0.47310111331644578,-0.052253578976624221,-0.47259700309931385,-0.17308973078811107,0.84342857726764586,0.25720098970506455,0.43876632078042321,0.45807011980061335,-0.026889798556523289,-0.45616201515607191,0.4921231916349042,-0.12838607341589608,-0.47400113142705935,0.71878696970228328,0.14753169910480723,-0.21590708829733313,-0.019116905506184573,-0.0030728693941155061,-0.0013634617187312046,0.0017846590125872397,0.049031263295703717,-0.04127961907406423,-0.057938713219402659
132.442,254689.047987791,2,651,1,652,254688513605125,254688.514605125,410f17041de94ab2,0.42620338141943565,0.063529601443733277,-0.47412050669252404,-0.12804074546292943,0.86589223474516852,0.20533413088125901,0.43780606804501182,0.41503877512882031,0.091533244085399368,-0.45893799974735805,0.45476878381474395,-0.16438247883046295,-0.52173977769853086,0.70281673165079017,0.09404200480834829,-0.33101541501166926,0.053963021863406263,-0.0030768628504793585,-0.0013841985405505723,0.0017756211055719377,0.048405483723178919,-0.038961152287003885,-0.05853425082186893
16.370,254689.047987791,1,666,1,667,254689013651333,254689.01465133301,410f17081e0184a1,0.49123035159832779,-0.06933370512370117,-0.47466495041697032,-0.19208984267398366,0.83648139450928793,0.26635337663103748,0.43869841685491212,0.47492950824989155,-0.044674139826383776,-0.45836926701787095,0.49854689099719418,-0.12186634340376493,-0.45565362391883674,0.7273096773947525,0.1627929868330405,-0.14082180108591152,-0.034531823712939697,-0.0030770683866611893,-0.0013843583519656197,0.0017755699510304064,0.048628675363627513,-0.039561928280675451,-0.058443639931752243
131.203,254689.147996833,2,654,1,655,254688613614375,254688.61461437499,410f1704eabaf102,0.4363404014301468,0.030154951116173272,-0.46874511698988075,-0.13480762692239034,0.86344009651040854,0.20747673837820385,0.43960386680063773,0.42468579537837664,0.058016041539767409,-0.45366895202152907,0.45755507172243398,-0.164138662237751,-0.51522094653029649,0.70586771576287966,0.090234078117091998,-0.34421289174825892,0.040158515560381552,-0.0030569259965419352,-0.001402847912706026,0.0017786544313938149,0.046268090507583591,-0.037587185795546187,-0.060736954189368475
15.809,254689.147996833,1,669,1,670,254689113660541,254689.114660541,410f1708ead3254e,0.50728070436188577,-0.082491487333825247,-0.47919324799019342,-0.19241270052373033,0.82773334711125468,0.26126324637960374,0.4577951813429616,0.49057761170609088,-0.057705828866373807,-0.46350762457148986,0.50845107678399171,-0.13896906023485972,-0.44923952547728602,0.72135216889088394,0.13757030221821379,-0.09212269689944258,-0.096817199425305561,-0.0030570858773227246,-0.0014029172232601459,0.0017785886938537945,0.045371550560812338,-0.037722326390145305,-0.060612199909351704
129.486,254689.248006125,2,657,1,658,254688713623666,254688.71462366599,410f1705b78c9cd3,0.4480022335111159,-0.0024758789900585255,-0.46526306419308155,-0.14437243128075328,0.85555162272774665,0.22356766677857537,0.44407834164443055,0.43527808141919228,0.024642551905960926,-0.44970518479883204,0.4720970074273122,-0.15592458937310119,-0.50287961553119931,0.70705306044893068,0.10150179626162013,-0.31145859917054552,0.014025329219669357,-0.0030332056264901586,-0.0014186653878364211,0.0018072025223940013,0.043936114520869235,-0.037586416541872232,-0.065157963337908464
14.526,254689.248006125,1,672,1,673,254689213669708,254689.21466970799,410f1709b7a4c07a,0.52125991867423671,-0.091201709718436913,-0.4910827959393097,-0.18093099470049118,0.82393547564647984,0.25116893380060629,0.47466675366392236,0.50499600152184176,-0.065864282684362702,-0.47582302064215676,0.51324332297789288,-0.15803681980099477,-0.45467281671311083,0.71054787646432682,0.11596082467984033,-0.0062874305496769317,-0.14480387212530185,-0.0030334187868731664,-0.0014184865533117754,0.0018072456814944263,0.042013305391232117,-0.038452015699854257,-0.065376008199167765
127.839,254689.348015458,2,660,1,661,254688813632791,254688.81463279101,410f1706845e325d,0.460939998735302,-0.031320926193918422,-0.46672220415551491,-0.15859141808270022,0.84974117998306364,0.23942215473338568,0.44211511418047234,0.44706468123325066,-0.0050079904738980982,-0.45077021587887844,0.4819196116582799,-0.14332556231045057,-0.48871667045230177,0.71299879881353401,0.13077554849221118,-0.27254851433050759,-0.033577546920803954,-0.0030360738915331804,-0.0014064357688832001,0.0018484625950394361,0.043289947278088992,-0.038720108902845322,-0.067081425496850311
15.017,254689.348015458,1,675,1,676,254689313679000,254689.314679,410f170a84766c6e,0.53638887492847109,-0.089149668649819533,-0.50496976653641479,-0.17778947693983715,0.81236659348605611,0.25643256976494849,0.49263963508181624,0.51968513287134954,-0.064095232963778878,-0.48971784188049666,0.52967402155287202,-0.16702361320586068,-0.4487137703570514,0.70014605320292012,0.14983782391303702,0.064321545930087112,-0.13789950509042806,-0.0030363003901690663,-0.0014061571445461976,0.0018486462656864559,0.041782472983473228,-0.039595671703051234,-0.067373096399131555
120.083,254689.448024625,2,663,1,664,254688913642083,254688.91464208299,410f1707512fde50,0.47586471701587646,-0.054469282583675997,-0.47159125822189352,-0.17300346823114693,0.84340742072882291,0.25768407379222397,0.43855751500330359,0.46083272516631685,-0.02912505155336275,-0.4551270507862627,0.49231713568270558,-0.12789683341404692,-0.47404716833275823,0.71871101293324413,0.15172457934684969,-0.22389792385814053,-0.018723844658269994,-0.0030797495705005458,-0.0014220774007974088,0.0018429041185336708,0.048966847110773107,-0.04187837675752764,-0.066305399839035134
8.826,254689.448024625,1,678,1,679,254689413688166,254689.414688166,410f170b51480778,0.54800044962173444,-0.08690122746747389,-0.51749714006301883,-0.16872430963165053,0.80257531149505767,0.2517647955129601,0.51382829590314683,0.53134943430894066,-0.06161094134209321,-0.50258050275040433,0.54135605216645266,-0.18530687329706536,-0.4482003297545768,0.68681253038912093,0.13619649912267517,-0.014753769661051252,-0.1258227027555891,-0.0030799386708564172,-0.0014220119306862034,0.00184306655557321,0.049879715745635864,-0.042477768466200203,-0.067443213124664531
118.277,254689.548033791,2,666,1,667,254689013651333,254689.01465133301,410f17081e0184a1,0.49300699587500785,-0.071489136196472083,-0.47399798943581267,-0.1917901457774196,0.83648455967108526,0.26676309028899475,0.43857454131138601,0.47671665100619065,-0.046842979545287371,-0.45767155141808008,0.4987490090608524,-0.12148903887106674,-0.45586777972837034,0.72709999779984069,0.16575356021110027,-0.15004857601311244,-0.032434331119245326,-0.0030937811630846351,-0.0014101670482299484,0.0018560652710472541,0.052039178878860476,-0.041583225968443625,-0.066726543790583057
14.308,254689.548033791,1,681,1,682,254689513697500,254689.51469750001,410f170c1e19b90f,0.5626492375875074,-0.088209237443496624,-0.53002714119677763,-0.16428674179757502,0.79198479679529554,0.25005246648850132,0.53220650628318011,0.54579516708220155,-0.062871978569384715,-0.51542150625285899,0.55314060957388711,-0.19951302956970482,-0.44384953941732735,0.67618607160394328,0.16706284974576294,-0.033847698179318236,-0.11924719409244866,-0.0030938078466520658,-0.0014102271515654225,0.0018562934057972293,0.053092443212549759,-0.041121571253470372,-0.067424321217660427
114.048,254689.648043041,2,669,1,670,254689113660541,254689.114660541,410f1708ead3254e,0.5080194441415915,-0.084615040646746603,-0.4784847758577741,-0.19190113789946878,0.827674156318291,0.26152941791203782,0.4579649124275405,0.49133347604652439,-0.059833993204366838,-0.46277366169118733,0.50875930647221768,-0.13890086654201506,-0.44955940065830385,0.72094858528991645,0.13906438837084845,-0.10152025351501866,-0.091437364384461234,-0.003097642650165966,-0.0014052605053825622,0.0018705539863240817,0.054172227428470325,-0.043093109272211376,-0.067205618793636915
12.089,254689.648043041,1,684,1,685,254689613706583,254689.614706583,410f170ceaeb48f5,0.57773778922386243,-0.095186000347986216,-0.53501966344560081,-0.17178142462378082,0.7827730318733841,0.22621017526886186,0.55370256685632691,0.56067101995008606,-0.069021509374514609,-0.5222327267279423,0.55148157401766518,-0.23157208471723439,-0.43203629723940096,0.67497191124252021,0.14590851640432495,-0.093938842936537939,-0.044994806490400545,-0.0030974975374774803,-0.0014054926978551653,0.0018707758746493686,0.054895729453528601,-0.042843173303117467,-0.067567158031995769
108.316,254689.748052291,2,672,1,673,254689213669708,254689.21466970799,410f1709b7a4c07a,0.519407714218179,-0.091260107488791348,-0.49080898609433082,-0.1803180906710487,0.82387499032082223,0.25121032141136412,0.4749829619359961,0.50316796247965445,-0.065916814807055552,-0.47553322321696301,0.51349618144483988,-0.15823114734905105,-0.45506343571421842,0.7100717182976255,0.10958769074660089,-0.0084551946259489204,-0.13805524000946501,-0.0030719963245411891,-0.0014025231560187213,0.0018938444603913355,0.05322812412819293,-0.043799463295717204,-0.067615253608193482
10.077,254689.748052291,1,687,1,688,254689713715958,254689.71471595799,410f170db7bd000c,0.59067984017898734,-0.10634763458725342,-0.54000936871137151,-0.17121300527636313,0.7644206834086682,0.20708854077743816,0.58605589758350884,0.57349109111287888,-0.079543354120316573,-0.52880943986522511,0.56083779590363647,-0.26797038071623036,-0.41946116069899564,0.66159290837326934,0.091816040035460289,-0.10144504148551978,-0.1164921905320468,-0.0030718547514476217,-0.0014025674613179632,0.001893987714496964,0.052913363848326664,-0.044242255767886755,-0.067025434541092874
103.503,254689.848061625,2,675,1,676,254689313679000,254689.314679,410f170a84766c6e,0.53291162313488405,-0.087150672527104039,-0.50475225190811324,-0.17754897791214097,0.81233669249012608,0.25657987065625371,0.49269897672215296,0.51621529106475283,-0.062099627838955007,-0.48948664981049289,0.52982013988438992,-0.16696141662468755,-0.44886268564945569,0.69995485151766823,0.14002441359210419,0.068512562591135182,-0.13269411985098614,-0.0030292699338462501,-0.0013999576969962967,0.0018893056669586376,0.0535073872317441,-0.039486834722318696,-0.068179647268229601
9.982,254689.848061625,1,690,1,691,254689813725083,254689.81472508301,410f170e848e9596,0.5943777796413493,-0.11635169874557838,-0.55709441281805083,-0.17165973548148017,0.7647048638932531,0.18500704514919072,0.59290121673856833,0.57776496715260495,-0.088731556584738622,-0.54706928637518637,0.55006419248673544,-0.2884247270634207,-0.41934622069238542,0.66210974026464831,-0.014038241308959453,-0.085644550574747624,-0.23355364984409269,-0.0030290733403654508,-0.0013999366349889567,0.0018893418227394613,0.053355558956503672,-0.03908029500701525,-0.067275562702076727
95.323,254689.948070708,2,678,1,679,254689413688166,254689.414688166,410f170b51480778,0.54568259178298739,-0.08539209235367487,-0.51741979398630111,-0.1683700020289709,0.80284801282670337,0.25172003184555619,0.5135403484606933,0.52905930380857957,-0.060093322547917882,-0.50248662636513552,0.54112078989075585,-0.18513491640522836,-0.44864369201210658,0.68675482604302085,0.13337728612125005,-0.014636768482259815,-0.12398878573063865,-0.0030199119828982126,-0.0014095979110968118,0.0018965646485247297,0.056271507096040493,-0.03444446955831168,-0.07269032891390638
7.099,254689.948070708,1,693,1,694,254689913734333,254689.914734333,410f170f51603be6,0.5847993041162195,-0.12713829709313734,-0.58486269957544645,-0.16862404912822254,0.76743039285085657,0.18468394491192541,0.59034601369758721,0.56840763206210165,-0.099447707092247553,-0.57466930638968761,0.54802892477452669,-0.28684639207660129,-0.42342001499818277,0.66189042587278124,-0.11038969585263177,-0.12033232875173645,-0.29565676482241915,-0.0030196892833170724,-0.0014096929500927416,0.0018965665540616574,0.056878295468320163,-0.032782625148691853,-0.072399945031197538
92.640,254690.048079916,2,681,1,682,254689513697500,254689.51469750001,410f170c1e19b90f,0.5607660967799144,-0.087027037100451593,-0.52951256012447157,-0.16410107331098783,0.79234763029734334,0.25013213279443869,0.5316860350399959,0.5439331896260442,-0.061688210343976847,-0.51488525526947027,0.55282891342187246,-0.19908866825036695,-0.44423738888266634,0.67631134618443156,0.16611488021108031,-0.03301787011294665,-0.11746844674592105,-0.0030115186128758424,-0.0014165039156491563,0.0018993152218725196,0.058582330023616139,-0.027245573004944207,-0.076307485652145499
6.847,254690.048079916,1,696,1,697,254690013743500,254690.01474350001,410f17101e31d713,0.56919456444446104,-0.13975808947038876,-0.61953746840401536,-0.1334032557176511,0.77230894863763877,0.19083341654765132,0.59103732501373096,0.55437595118870275,-0.11185316952134136,-0.60765954367870578,0.55286608865972031,-0.28298689000450822,-0.45177453598239165,0.64043522446346846,-0.11504966694614277,-0.1413704982449128,-0.31737984486108733,-0.0030112627189937493,-0.0014165657402114553,0.0018993339978019632,0.05852544587233087,-0.025698287940385381,-0.076320410764526628
88.444,254690.148089250,2,684,1,685,254689613706583,254689.614706583,410f170ceaeb48f5,0.57674650686242013,-0.094635505641043255,-0.53485738628616297,-0.17167550410731963,0.78302933822747978,0.22625014852883868,0.55335657605895627,0.55969247651769383,-0.068469406055908053,-0.52205675218200465,0.55126518694756921,-0.231299166922251,-0.43229243030908493,0.67507825008527655,0.14604794443698413,-0.094079281904315304,-0.047587033068384597,-0.0030380162857873098,-0.0014159224626180994,0.0018943145508337964,0.05730242229922046,-0.028123209420753914,-0.076750715358937349
10.580,254690.148089250,1,699,1,700,254690113752875,254690.114752875,410f1710eb038e2a,0.55673136853736183,-0.15210979544515404,-0.64892067527525932,-0.10494469095424336,0.76886401122945602,0.1966940544612239,0.5992881162085183,0.54295361531237329,-0.1242207491398946,-0.6358158836240726,0.56284437560899014,-0.28467698355276344,-0.46946184103675187,0.61787604233455207,-0.11560902336531505,-0.099802847786209237,-0.24981391302007472,-0.0030378951905724104,-0.0014159745322548725,0.0018943539138566172,0.057272244021142109,-0.028177770707439171,-0.077153734256655379
86.916,254690.248098375,2,687,1,688,254689713715958,254689.71471595799,410f170db7bd000c,0.58885220383497461,-0.10608936248026296,-0.54078319616260861,-0.17134503821374858,0.76451409960686667,0.20719497609925649,0.58585780226394502,0.57165777425266617,-0.079290453516121406,-0.5295791334335227,0.56077298249939156,-0.26775504504035919,-0.41943385454157567,0.66175232498161185,0.083806803634248792,-0.10220296514220623,-0.12522308756350262,-0.0030522216087969121,-0.0014209371178020758,0.0018800838577153597,0.057374037294212636,-0.028154901863508223,-0.078789836543020075
10.802,254690.248098375,1,702,1,703,254690213761916,254690.214761916,410f1711b7d5186d,0.54250960120669411,-0.15996620380695165,-0.67385446552298434,-0.10635864122120064,0.76456561424194169,0.20096788175067279,0.603107970991555,0.52840539907042294,-0.13226730274460058,-0.66069379251572935,0.56856747293494259,-0.28435597652354794,-0.46542260166409161,0.61583643055274129,-0.15958418051308468,-0.066395942436064198,-0.2691121499818796,-0.0030522594896287753,-0.0014209531322622606,0.001880087924434379,0.05763790651844216,-0.02869073059026481,-0.078966671702354593
86.181,254690.348107666,2,690,1,691,254689813725083,254689.81472508301,410f170e848e9596,0.59062685822829764,-0.11672559000836914,-0.5583818502382224,-0.17174365158478044,0.76473065004451213,0.18515918566590264,0.59279615400139318,0.57400682030623618,-0.089111955155408276,-0.54835077543822286,0.5500974815030033,-0.28824285690329277,-0.41930511661020065,0.66218731147069476,-0.026628808477646263,-0.08938591680496398,-0.24228524306059671,-0.0030386666290764825,-0.0014227215681877946,0.0018859420925306494,0.057468753815212263,-0.027358899230601239,-0.079054553727366916
9.160,254690.348107666,1,705,1,706,254690313771208,254690.31477120801,410f171284a6c461,0.52702089980682709,-0.16588512281253082,-0.70320386667809109,-0.09877627592693955,0.77140310868925854,0.20460932210858873,0.59440354115474214,0.51340147875342423,-0.13825103705074315,-0.68941149102170429,0.56498739883659077,-0.27562612822147475,-0.47561898199983293,0.61530972733977241,-0.1356195558139397,-0.052401632988772678,-0.25354040973601055,-0.0030387198178040992,-0.001422744650748548,0.0018859683743168111,0.057786484239633167,-0.027501402526862135,-0.078860357262315148
83.146,254690.448116875,2,693,1,694,254689913734333,254689.914734333,410f170f51603be6,0.582607160809681,-0.12782259601528698,-0.58634865358970456,-0.16873811330966715,0.76753254056372533,0.18474648970564109,0.59016102552304406,0.56621156796794148,-0.10013522715393428,-0.5761528165534483,0.54794234423193577,-0.28667135984083519,-0.42341158878266916,0.66204331076535572,-0.11653567312960028,-0.12486480431058472,-0.30051438927581031,-0.0030078617181066138,-0.0014262330076303775,0.0018865449767140243,0.058178080444248291,-0.021316564319775539,-0.082113010262339137
7.184,254690.448116875,1,708,1,709,254690413780416,254690.414780416,410f17135178650e,0.51735104832706436,-0.16707399052042743,-0.72581431355209725,-0.085405336521569397,0.78368941597516661,0.195496127064197,0.58336793303842094,0.50504274330029508,-0.1389840602053983,-0.71171387404719477,0.55074004386792619,-0.27426677693823892,-0.49376139463911051,0.61454277663341372,-0.041182869923355105,0.04919216027869773,-0.1519973512162977,-0.0030077452760830028,-0.0014263023154015529,0.0018864711597992936,0.059243997285030485,-0.020406282620778184,-0.081952743076297477
84.629,254690.548126125,2,696,1,697,254690013743500,254690.01474350001,410f17101e31d713,0.56841530589829337,-0.14051065865211343,-0.61937707610202741,-0.13348343317865746,0.77246040886397127,0.19088966736003835,0.59080307879377159,0.55359625457563,-0.11260776232275888,-0.60749494471510179,0.55274022690335456,-0.28278147758848676,-0.45182494050779437,0.64059901703860622,-0.11444892179660383,-0.14271578047836173,-0.31527772086549294,-0.0029598255341894996,-0.0014284043418072196,0.0018887081932440432,0.063845681707997523,-0.024290005744828071,-0.077087156776432464
8.451,254690.548126125,1,711,1,712,254690513789625,254690.51478962501,410f17141e4a05de,0.52096637271075708,-0.1541315320619385,-0.73217261646546594,-0.097355246470521017,0.78518068522757622,0.21332852284592299,0.57315289590394169,0.50768945082574768,-0.12676319430829963,-0.71754188217669201,0.55612632967881559,-0.25443424745598447,-0.48636601907735527,0.62404712534096496,0.029717784129292237,0.1229122571881455,-0.0014437551961280013,-0.0029596660138025946,-0.0014285211624300927,0.0018885284918402747,0.065860808314708863,-0.024773268485674595,-0.076190222714311237
86.869,254690.648135333,2,699,1,700,254690113752875,254690.114752875,410f1710eb038e2a,0.55688496822198896,-0.15126450252043977,-0.64745141910478443,-0.10499743872159345,0.76915239774318334,0.19686051414141842,0.59885400398784494,0.54310978578255498,-0.12338068612019933,-0.63433280318371299,0.56265511668765122,-0.28425231510036847,-0.46962846278779241,0.61811726069157924,-0.10809489094364395,-0.096567150578111188,-0.24602383100802208,-0.0029383245939556893,-0.0014410850104517919,0.0018972088037818361,0.068175198192966288,-0.032653440970701698,-0.069186467482890798
9.027,254690.648135333,1,714,1,715,254690613798916,254690.61479891601,410f1714eb1bb1af,0.53467980293381534,-0.13778548118100001,-0.72174069705769861,-0.11805797818918673,0.78357508266394305,0.2319174333529409,0.56416908895608642,0.51994523741851018,-0.11129414806427634,-0.70689270726983311,0.56291816335879341,-0.23493739248664097,-0.47059164504906209,0.63755083450840078,0.14230270736194614,0.12526575241121146,0.1468268552396656,-0.0029383641993328768,-0.0014412011026858583,0.0018970989368303161,0.069917914297394856,-0.034307479741447815,-0.068320255809768249
86.332,254690.748144541,2,702,1,703,254690213761916,254690.214761916,410f1711b7d5186d,0.54493241197658715,-0.15771252381910203,-0.67198659865795063,-0.10619347793148781,0.76498214675146037,0.20099242410681081,0.60260049706292973,0.53084896932956649,-0.13001159790803118,-0.658807968272207,0.56822598875427344,-0.2839797842108992,-0.46583392269737223,0.61601417542791848,-0.14750492629391559,-0.059533793723215468,-0.26658914363364156,-0.00293684483264686,-0.0014248005802623375,0.0019140615159676131,0.068590774133375679,-0.034042438349883117,-0.067361121329295504
9.955,254690.748144541,1,717,1,718,254690713808083,254690.71480808299,410f1715b7ed4cdb,0.55529179063075829,-0.12477319448128812,-0.69775374061484252,-0.15310005761416279,0.78321522061689841,0.23491473091059636,0.55493189939509302,0.53888879408827994,-0.098728851527716252,-0.68389751975521507,0.55850589352675528,-0.22628630391087784,-0.44555869283305971,0.66207486495042978,0.22931345669978906,0.094622158450238802,0.27308395804545099,-0.002937020514209077,-0.0014248841318038486,0.0019141265351195361,0.068898463154005524,-0.035149226693707562,-0.066554730949777222
87.874,254690.848153833,2,705,1,706,254690313771208,254690.31477120801,410f171284a6c461,0.53013805877690989,-0.16249290104166042,-0.70111849247086921,-0.09849002571943194,0.77178696471203478,0.20454994573434149,0.59397303713798999,0.51654693945006913,-0.13485330213799013,-0.68730925643644636,0.56464100109936111,-0.27536370135575594,-0.47609281864677505,0.61537874507179591,-0.12244641721007643,-0.04240215064745663,-0.25014712510415693,-0.0029554638286347994,-0.0014199844282267551,0.0019379039771700562,0.066986985999466273,-0.033484569559354985,-0.066912768537058812
12.242,254690.848153833,1,720,1,721,254690813817291,254690.81481729099,410f171684beed88,0.58284832049844981,-0.11698631096063428,-0.6651594744819409,-0.19212943778464181,0.77555054312171912,0.2425497944161128,0.55025201920696809,0.56431684093911194,-0.091848867065623632,-0.65235111269232726,0.56059552363453502,-0.21757832394686014,-0.41254100889503342,0.68425305831195571,0.2701257505732283,0.039814213957139313,0.37498134884535911,-0.0029557611648883472,-0.0014199917848033337,0.0019381057440693633,0.065987887693240169,-0.033781460500378557,-0.066467024411583683
91.046,254690.948163041,2,708,1,709,254690413780416,254690.414780416,410f17135178650e,0.52141379264128951,-0.16188309826335728,-0.72077620072332038,-0.084952104298516018,0.78395031911272262,0.19545799503803771,0.58309627209107151,0.5091376737239145,-0.13378917080761585,-0.70665568032198223,0.55052098716142261,-0.27410164705885576,-0.4942663645818472,0.61440677943645761,-0.023880541289533829,0.063105336218470309,-0.13913638566798775,-0.0029623805231249376,-0.0014138436915243715,0.0019669955322573814,0.069178769957609271,-0.030681748673472155,-0.063585718091480489
11.888,254690.948163041,1,723,1,724,254690913826500,254690.9148265,410f171751908e58,0.61132385014912449,-0.11330071433402084,-0.62671072599257538,-0.21709847802736937,0.76425573358731091,0.24200256600316539,0.55697058789265075,0.59138640610079218,-0.088670010885468803,-0.61508370038773108,0.5649593200742915,-0.22271601820933229,-0.38689859548793865,0.69392219931605825,0.25018796435212259,-0.026473728984885887,0.37239666312598579,-0.0029626666104493999,-0.001413763869653845,0.0019672308706265881,0.067915448635698081,-0.029565282205610499,-0.063011675201794376
91.017,254691.048172291,2,711,1,712,254690513789625,254690.51478962501,410f17141e4a05de,0.52377845879252527,-0.15049550445650195,-0.7281360238410115,-0.096795927974333007,0.78523939108074559,0.21338337093139095,0.57314678507792793,0.51052887293228,-0.12312649906330046,-0.71348177632414811,0.55616079212455516,-0.25439114299744886,-0.48680302827409699,0.62369313875575694,0.042548802572698982,0.13096715108124002,0.0073550615857482671,-0.0029754570679288704,-0.0014168939156644449,0.0019728853734570771,0.068452551213196419,-0.028686470125825356,-0.063289064495002448
7.112,254691.048172291,1,726,1,727,254691013835791,254691.01483579099,410f17181e623a29,0.63478651293471522,-0.11967738591337448,-0.59142543159563654,-0.24344672175083659,0.75475113413283723,0.23968518995813434,0.56003167956927224,0.61354651619710965,-0.095580811009080294,-0.58105342270464333,0.56548520642667177,-0.2265191691065182,-0.36154680762651453,0.70583245408167039,0.19603386751985821,-0.14449834362488392,0.30682206180132748,-0.0029755574934008,-0.001416778705552228,0.0019729089423560484,0.067458912758539366,-0.027415271479690421,-0.063412551270793344
89.460,254691.148181458,2,714,1,715,254690613798916,254690.61479891601,410f1714eb1bb1af,0.53529441673731837,-0.13659262417325424,-0.72103874627200459,-0.11754680507884085,0.7835434852376606,0.23205604914865374,0.56426270355515673,0.52057918126156144,-0.11010361359992134,-0.70616746133406183,0.56308237504137315,-0.23490557183618016,-0.47093075625833303,0.63716703779153405,0.14756750789044001,0.12596171244578311,0.14668681483567297,-0.0029900050363640927,-0.0014353922425713952,0.0019720311781358749,0.067335431313771565,-0.024569848371640887,-0.066198718208255666
6.964,254691.148181458,1,729,1,730,254691113845083,254691.11484508301,410f1718eb33e61d,0.65280182684657229,-0.14341856774196479,-0.56408332761382218,-0.2582164864539328,0.7491706804013728,0.24399418321315214,0.55904778822651391,0.63074092629686618,-0.11989851356834692,-0.55410912736655138,0.56783640847441008,-0.2227765346149703,-0.34715703055566716,0.71233027801126048,0.16761226325622497,-0.30814313479334743,0.25256208300091271,-0.0029899306992577689,-0.0014352848024947883,0.0019719679309791321,0.066203458016302022,-0.0230210466165237,-0.0667146881840745
87.268,254691.248190708,2,717,1,718,254690713808083,254690.71480808299,410f1715b7ed4cdb,0.55542197592959364,-0.12438346580025211,-0.69832037861796847,-0.15252908260240816,0.78317365985414933,0.23509292392085746,0.5550723086282966,0.53903929583626664,-0.098340357952473201,-0.68443782559068778,0.5587311793276164,-0.22625958674661248,-0.4459330452286282,0.66164173676208282,0.23104302418533715,0.091113086389346773,0.26671393287033074,-0.0029904413647541097,-0.0014258505404387536,0.002000830497449947,0.066104449581942379,-0.017240595849805758,-0.066652655811858252
6.796,254691.248190708,1,732,1,733,254691213854291,254691.214854291,410f1719b80586ca,0.66827599101803237,-0.17937652968725065,-0.54040674800231236,-0.28020247829309286,0.75202718050814032,0.23689420075292189,0.54756084757540902,0.64559057290422395,-0.15610233867985129,-0.53129385658853046,0.55469346945067621,-0.21967448681195481,-0.33363043759093208,0.72989657206042513,0.11525568051857386,-0.40739266910276528,0.24880936649871219,-0.0029901976297730592,-0.0014257544535207338,0.0020008622587673244,0.065334931244862893,-0.015411454955183234,-0.066885361365121201
83.351,254691.348199750,2,720,1,721,254690813817291,254690.81481729099,410f171684beed88,0.58326707387403298,-0.11629704031963856,-0.66579185306549538,-0.19169675769972977,0.77546785604468949,0.24280796215169773,0.55040558141890594,0.56474613820819919,-0.09116414433379133,-0.65295933837065745,0.56088666066469994,-0.21750435667370774,-0.41278849131769035,0.68388863870664174,0.27011086400436946,0.036580292456218889,0.36617610771599002,-0.0030010952248314916,-0.0014309391392436936,0.0020071868611263783,0.06739426562184786,-0.013897435377273483,-0.065813359499777069
6.355,254691.348199750,1,735,1,736,254691313863500,254691.31486350001,410f171a84d7279a,0.67172142322803152,-0.22379759936753679,-0.51686212902900153,-0.26681246848502504,0.75776816033037897,0.21872915831642387,0.55385569453162597,0.65007604715426659,-0.19939293979392503,-0.5081873819036955,0.54629997395587893,-0.23697024000844147,-0.34715808972941142,0.72448789123185064,-0.0039730183985958048,-0.41754910607063772,0.21550174419971385,-0.0030008512693423897,-0.0014309098787043343,0.0020072510313234671,0.067333373356330425,-0.012798621199478308,-0.065927511876970435
77.177,254691.448209125,2,723,1,724,254690913826500,254690.9148265,410f171751908e58,0.61052511240010721,-0.11368822708065243,-0.62776731487861381,-0.21669822028417263,0.76424387009496675,0.24212877296509694,0.55708787355572253,0.59060119862619054,-0.089055195568114628,-0.61612204243017143,0.56513149535601936,-0.22270970989857938,-0.38717323168918338,0.69363078560348967,0.24685344017383495,-0.031922993228811446,0.36111682868641282,-0.0029883224780802397,-0.0014135691174613902,0.002024013089756966,0.065862366409532774,-0.011452668014196848,-0.066432011189737419
6.375,254691.448209125,1,738,1,739,254691413872791,254691.41487279101,410f171b51a8d36b,0.66998437574554737,-0.26015561585003799,-0.49624643056192264,-0.26996856193809216,0.75878717542893515,0.2145752297707251,0.55255454205985666,0.64832969381991035,-0.23566213285140453,-0.48784970541090428,0.5424426492791341,-0.23898745726185316,-0.34564694717321548,0.72744013872234525,-0.05143468221954909,-0.3025762439898616,0.22300705187384487,-0.0029882049657894531,-0.0014135594918434911,0.0020240711855984217,0.065692043684787912,-0.011203996336246094,-0.066510888100204918
74.542,254691.548218375,2,726,1,727,254691013835791,254691.01483579099,410f17181e623a29,0.63344790965531161,-0.12057591584460933,-0.59306451592265486,-0.24301124011102743,0.75486847748801078,0.23975479375069153,0.56003286596473645,0.61222713268701978,-0.096471392048375335,-0.58267165734643034,0.56553526264733134,-0.22647079070236978,-0.36193771391887575,0.70560749634923481,0.19278027969392669,-0.1504881057377174,0.29343558065369524,-0.0029807859908241945,-0.0014118150131994908,0.0020373884753159075,0.065042007734453691,-0.0073831302899072153,-0.066889384717276873
9.622,254691.548218375,1,741,1,742,254691513881791,254691.51488179099,410f171c1e7a582d,0.66359025415471917,-0.28535087119348729,-0.47428134212089978,-0.27569620636856979,0.75786280182579646,0.21111372042875748,0.55232836760566717,0.64176076959554929,-0.26088339343048877,-0.46627028178129837,0.53983506312937779,-0.24127518443954274,-0.34094326023821764,0.73083656400586605,-0.083122024965179855,-0.19234737267966515,0.22642001697381894,-0.002980776305252569,-0.0014118133406553967,0.0020373933790568148,0.064713866521757077,-0.007315212249232303,-0.067081717749621073
74.482,254691.648227458,2,729,1,730,254691113845083,254691.11484508301,410f1718eb33e61d,0.65219014155982258,-0.14361163132865401,-0.56669026453356075,-0.25779897076141722,0.74934850594521119,0.24388305266284152,0.55905063916282904,0.63015247920623052,-0.12007513411656967,-0.55670348883060161,0.56775984322712669,-0.22285713169494867,-0.34757800036981251,0.71216079148625666,0.16682511158408952,-0.31024360256778283,0.23923890654557875,-0.0029823089853242462,-0.0014091958487821416,0.0020227656593338984,0.064039083642959946,-0.0074823055895949959,-0.066023680530133619
7.196,254691.648227458,1,744,1,745,254691613891083,254691.61489108301,410f171ceb4c0421,0.65345758875772586,-0.30157353199079434,-0.45302027314397225,-0.28421751181709404,0.76216827990234903,0.20942184843091941,0.54264395481701611,0.63143500065069902,-0.27723393419097558,-0.44514940635702344,0.53179081522616911,-0.23562360479781602,-0.33796222019449884,0.73990646937594362,-0.12015004297722022,-0.15025088932180689,0.21547614066459561,-0.0029823518380656532,-0.0014092082186128302,0.0020227221832631692,0.064112093944805715,-0.0080195833735665044,-0.065912105005631744
73.781,254691.748236666,2,732,1,733,254691213854291,254691.214854291,410f1719b80586ca,0.66762103848266929,-0.17918826014259584,-0.54229930813914173,-0.28011616393293048,0.75206360410192363,0.23677671817037813,0.54760579711474033,0.64494212829876385,-0.1559065837715331,-0.53318933941306756,0.55464218084532524,-0.2197893436637593,-0.33371722642816698,0.72986129396213839,0.11362319685733245,-0.40767091537543143,0.24165331009106381,-0.0029941270005490223,-0.0014112793374138988,0.0020079117295075809,0.064235915476544378,-0.010107558573158962,-0.065686497763806903
6.523,254691.748236666,1,747,1,748,254691713900291,254691.714900291,410f171db81da4ce,0.64007424374235611,-0.31420969040435898,-0.43063519688572433,-0.28914340103434799,0.76989544538298638,0.20669777385369731,0.53003130125798159,0.61810851032189729,-0.28983270144247364,-0.42272129036491829,0.52094611104834443,-0.22863132372951606,-0.3399430215836125,0.74885352991749921,-0.130581480950934,-0.11201115673041846,0.23734408981746447,-0.0029942313152180409,-0.0014113590925248338,0.0020079294121934398,0.064514266392652911,-0.010997945126879337,-0.065399438402350893
73.509,254691.848245833,2,735,1,736,254691313863500,254691.31486350001,410f171a84d7279a,0.67116909041265138,-0.2236782786274166,-0.51863499224106335,-0.26685631135333865,0.75777671915064371,0.21851097398444666,0.55390898211260775,0.64952687879513571,-0.19926614958998998,-0.50997337667990483,0.54618337434815667,-0.23716219963388913,-0.34713314014043212,0.72452494482020424,-0.0055326106081362066,-0.41784731922474655,0.2116024682337897,-0.0030058118636003047,-0.0014146467064712288,0.0019940658333081791,0.064780507308822038,-0.013572001173131247,-0.065779700027662244
6.663,254691.848245833,1,750,1,751,254691813909625,254691.81490962501,410f171e84ef5665,0.62466623976642377,-0.32509753502198524,-0.40141122817645275,-0.29195751171862461,0.77994750798717427,0.19369059018016402,0.51858143490083197,0.60311112733382455,-0.30023065438104307,-0.39390281108802833,0.50365236558395132,-0.22973251333509162,-0.3450610263319131,0.75795128805563661,-0.13435799370046284,-0.10039129770978047,0.31619813867185265,-0.0030059317406932427,-0.0014147345163747747,0.0019941142868691204,0.064968937222713116,-0.014361786309303109,-0.065454528905159778
74.027,254691.948255000,2,738,1,739,254691413872791,254691.41487279101,410f171b51a8d36b,0.66891975306980422,-0.25977415355231603,-0.49768073323395384,-0.27030245246420659,0.75864729209691473,0.21454576526567218,0.55259482281767824,0.64724888853604479,-0.23528941912180151,-0.48930025817622447,0.54245029752461038,-0.23903677460887524,-0.34531193847429276,0.72757732252123819,-0.054360981909357724,-0.3005746994422962,0.2212015660204211,-0.0029975421489427615,-0.0014359789879638313,0.0019906272239095146,0.064821449027658698,-0.013744610106240162,-0.063749746081963349
7.012,254691.948255000,1,753,1,754,254691913918708,254691.914918708,410f171f51c0e64b,0.611918747992238,-0.3344698848617268,-0.36943626463320778,-0.29109961380955385,0.80169867083392843,0.17386138851905614,0.49225250310968166,0.5913689299315803,-0.30869124645983032,-0.36218866283780438,0.47101363728133983,-0.22513651020653846,-0.36104804608326108,0.77272505698112515,-0.11646020353877869,-0.08327804515179163,0.32019877837127025,-0.002997603907935872,-0.0014361472186574572,0.0019906780702219169,0.065069496814239486,-0.014001591575590118,-0.063343896309336428
75.770,254692.048264333,2,741,1,742,254691513881791,254691.51488179099,410f171c1e7a582d,0.66165590172247435,-0.28370375756694566,-0.47471779227546446,-0.27627247626221596,0.75764297888333387,0.21092554214805173,0.55241388857518969,0.63980230169690222,-0.25924642640434836,-0.46674157322807369,0.53976247345043304,-0.24146871903023556,-0.34038033761032832,0.73108861005547521,-0.087014796205097569,-0.18465957149930634,0.22763931608039392,-0.0029915963057262681,-0.0014255167830971795,0.0019606021682098715,0.062428043913328311,-0.015652460027532632,-0.060316609640907841
7.273,254692.048264333,1,756,1,757,254692013927875,254692.01492787499,410f17201e928177,0.60116420671587967,-0.33777423803899093,-0.33661717273612757,-0.29974637270403037,0.80496949294526066,0.16813092242642713,0.48364064512274529,0.5804497512776442,-0.31201957460052054,-0.32976373571262801,0.46087208293653265,-0.22309905851302672,-0.35724668482980948,0.78115205910146179,-0.10718241614253646,-0.045125955833341939,0.3349957542997431,-0.0029916537752404651,-0.0014255657499330058,0.0019605856967805004,0.062171322219498427,-0.015912949690189034,-0.059877727693926554
73.905,254692.148273458,2,744,1,745,254691613891083,254691.61489108301,410f171ceb4c0421,0.65183498625076419,-0.29867080168394261,-0.45273274844196493,-0.28473164019722608,0.76197571235113248,0.20919738375561356,0.54273143883496211,0.62979210014998765,-0.27433866250261596,-0.44489571283050183,0.53169395527703567,-0.23584418582832789,-0.33746251072250077,0.74013384721258413,-0.12091997158863306,-0.13928484928627805,0.21859450806846578,-0.0029911429847411099,-0.0014161001413535406,0.001954023944515115,0.060863807716358312,-0.015810927250378404,-0.056786099340110002
7.494,254692.148273458,1,759,1,760,254692113937166,254692.11493716601,410f1720eb642d49,0.59322791901161065,-0.33782275860697047,-0.30231884616229965,-0.30531179110781803,0.80314751609219481,0.15801969581247827,0.48658874478689479,0.57243882336553042,-0.31192869850125388,-0.29626309637996356,0.45580698743059256,-0.23233339643630671,-0.35202300768736544,0.78379907193652554,-0.078145777307296924,-0.01005866084284974,0.35222404371392874,-0.0029911929752452554,-0.0014161121939396267,0.0019540505111479306,0.060422440531167625,-0.015747887427230736,-0.056699681821920631
75.799,254692.248282625,2,747,1,748,254691713900291,254691.714900291,410f171db81da4ce,0.63968267970210968,-0.31083475701318464,-0.4306084795191093,-0.28951072361090019,0.76974785712515237,0.2065486672210719,0.53010327168129046,0.61770166459618403,-0.28646386446260463,-0.42271826259130857,0.52089156751311283,-0.22878764881077265,-0.33957892465059891,0.7490089055401904,-0.12922852741583396,-0.10197428783343269,0.2388110556161758,-0.0030018378120788953,-0.0014174890051118305,0.0019591540354558529,0.0602481279555733,-0.015489982765189798,-0.057805980265583153
8.604,254692.248282625,1,762,1,763,254692213946291,254692.214946291,410f1721b835c2d2,0.58628506213805354,-0.33877183135366362,-0.26574144401888539,-0.31324530255453908,0.80332716461617693,0.15374012304639625,0.4826042631343076,0.56525306157705091,-0.31298125184435516,-0.26009680825183862,0.44996341866653233,-0.23254205735817512,-0.34654019878018277,0.78953594221602441,-0.051695262191600394,0.0076896721663869952,0.3627463074152959,-0.0030018196091120236,-0.0014173674744372543,0.0019591488610986719,0.059359815394125846,-0.015053070927622512,-0.0581166652572562
79.388,254692.348291875,2,750,1,751,254691813909625,254691.81490962501,410f171e84ef5665,0.62589587659944346,-0.32128562993583065,-0.40248711498855344,-0.29208629696022148,0.77984831681700684,0.19356410764020415,0.51870529911663565,0.60433563438720439,-0.29641881510372226,-0.39499322228703865,0.50365051414923445,-0.22990953521903018,-0.34489982266949298,0.75797221422367045,-0.13025947174720759,-0.091185458546608339,0.31465047231070553,-0.0030232542575046651,-0.0014053726351977765,0.0019714204856448019,0.060669799238477207,-0.014191378030952795,-0.057032942749998455
9.703,254692.348291875,1,765,1,766,254692313955458,254692.31495545799,410f172285075dfe,0.58216949510273575,-0.33762588306237318,-0.22900401107646862,-0.33194647231635654,0.80221206668481515,0.15593820234872507,0.47111640795320692,0.5602823131064798,-0.31249875789506476,-0.2236244388763968,0.44339455532172223,-0.222864640535547,-0.33252798188934024,0.80197117253091865,-0.038899055053338356,0.0003673653978482419,0.34862734166389769,-0.0030231644384075746,-0.001405137138481196,0.0019713939838447575,0.059991745564302972,-0.013089539251083099,-0.057516024926339303
81.312,254692.448301083,2,753,1,754,254691913918708,254691.914918708,410f171f51c0e64b,0.61243412417656118,-0.3302484108115562,-0.37018675871699397,-0.29088432083345611,0.80166875129232551,0.17353120988402945,0.492544919274707,0.59189930567837445,-0.30445328236748298,-0.36295533217951936,0.47098693518343798,-0.22557675119987358,-0.36117912489235676,0.77255166555164057,-0.11337995203507303,-0.075324681517790676,0.31973982587794586,-0.0030373619168828259,-0.0013755959638534333,0.0019775599383250715,0.060669443197738225,-0.012840945474214631,-0.055646922056949072
7.985,254692.448301083,1,768,1,769,254692413964583,254692.414964583,410f172351d8f388,0.57791979226630052,-0.33685562853654943,-0.19673191144750887,-0.33864796594396418,0.79832834310501222,0.1570691237358639,0.47256613858649421,0.55564569189029211,-0.31202414413097251,-0.19157218406888787,0.44521935181669731,-0.22309007270940562,-0.32504310322079211,0.80396363678653382,-0.041861237385051278,0.0055660916258894987,0.29855026531782963,-0.0030372386863039094,-0.0013753264348486199,0.001977481572732199,0.060294691362492173,-0.011773391854780792,-0.055990956836981493
81.669,254692.548310291,2,756,1,757,254692013927875,254692.01492787499,410f17201e928177,0.60111064099545863,-0.33649360343649659,-0.33658974565775529,-0.29922644366772644,0.80494591714768815,0.16789866444524013,0.48408232519605265,0.58042221963083274,-0.31071693127069044,-0.32974041390474118,0.46102016671406126,-0.22357560466878026,-0.35759765956144224,0.78076774315804531,-0.10752225888769544,-0.044856188391130446,0.33518398165441016,-0.0030585999225253712,-0.0013503401918595092,0.001970124381081522,0.060083782482683305,-0.011916635769282558,-0.057623370482163885
7.888,254692.548310291,1,771,1,772,254692513973916,254692.514973916,410f17241eaaa4fc,0.57267783562304919,-0.33633409598871428,-0.1683069637657649,-0.35005993394483581,0.79455252358322515,0.15489512258624619,0.47132991006887903,0.54989989530740979,-0.3118648198450184,-0.16363996130729902,0.44280795535775158,-0.223753178079063,-0.31430371595803441,0.80936320901457948,-0.042828546201295219,0.014419496119348644,0.23170081451939845,-0.0030584293253767829,-0.0013501164040033938,0.0019699311702702838,0.059976097535852486,-0.01099263713558829,-0.058073214253817618
83.001,254692.648319500,2,759,1,760,254692113937166,254692.11493716601,410f1720eb642d49,0.59092591739257028,-0.3398252405695959,-0.29961118929096825,-0.30466095185829339,0.80315456339766222,0.1577176577431959,0.48708279106820174,0.57017104563419985,-0.31390273627103321,-0.29355974143519042,0.45594275773574627,-0.23289631306402783,-0.3524882037192747,0.78334384229932141,-0.085152768225024669,-0.017149330686925247,0.35669329466077265,-0.0030669489685686826,-0.0013263829438692071,0.0019644742648573686,0.059369223798706357,-0.01332296105686021,-0.063814198606959513
8.226,254692.648319500,1,774,1,775,254692613983083,254692.61498308301,410f1724eb7c4029,0.56729568830584076,-0.33688119067945127,-0.14387815381171917,-0.36687760187079527,0.79113314006252233,0.15090870189490169,0.46554891992702918,0.54385143872423281,-0.31293028701341558,-0.13986787612779847,0.43590135310672368,-0.22248422588506253,-0.29999396002960732,0.81883722652173452,-0.026112442303246663,-0.0010442453318726219,0.15576181980320294,-0.0030668163053135344,-0.0013262579451604288,0.0019643218262562264,0.059674906321496315,-0.013011655441208908,-0.064310079729378758
83.992,254692.748328708,2,762,1,763,254692213946291,254692.214946291,410f1721b835c2d2,0.58315049112087802,-0.34120152920108782,-0.26103137651413261,-0.31272488139664301,0.80338743616556618,0.15320058226757485,0.48301284741933104,0.56215335055565585,-0.31537828510345012,-0.25540633390765211,0.44987081844419108,-0.23321248300239522,-0.34695081052036497,0.78921056731614603,-0.060526118850772234,0.0011984199613617884,0.37006328331424909,-0.0030625158244511103,-0.0013081210887166883,0.001935974614085359,0.058899489000409158,-0.016461910342302578,-0.068937437768001208
8.450,254692.748328708,1,777,1,778,254692713992291,254692.714992291,410f1725b84de0d6,0.56572412771464731,-0.33874974713054085,-0.12819859032217623,-0.3848744823867925,0.78795344347330931,0.15290987160316863,0.4556529689410963,0.54147331329425341,-0.31557221051364542,-0.12444882389122526,0.43031889987782956,-0.21407169138942492,-0.28501985915459782,0.8293145574756895,0.0047445412039232677,-0.034654206700713813,0.069845913770954698,-0.0030624987265665611,-0.0013080796926996691,0.0019358079752379092,0.059508748699551986,-0.016808933122243179,-0.06929133025296981
5.412,254692.848337833,1,780,0,781,254692814001333,254692.81500133299,410f1726851f6b3b,0.56813195378097214,-0.34292623654327725,-0.12373570477419979,-0.40065259136740206,0.78287034008432321,0.15845431691630918,0.44886948471678012,0.54308450211501469,-0.32059932149839254,-0.12006215314306341,0.42944276708489387,-0.20535452904743026,-0.27026875481675555,0.83687706825314456,0.02647153884334804,-0.059312632793757647,0.020480152584313474,-0.0030625141380677284,-0.0013080814004971879,0.0019358080770218442,0.059513674900326802,-0.016847780079148555,-0.069283646192745088
99.722,254692.948347166,2,765,1,766,254692313955458,254692.31495545799,410f172285075dfe,0.57777194428497047,-0.34067264797348956,-0.21994269013398463,-0.33168298509555971,0.80233715925732485,0.15510856786902677,0.47136277500358942,0.55591506984191119,-0.31551054622222152,-0.21460353036808727,0.44298212297818107,-0.22362548849379091,-0.33280274928890874,0.80187331273923868,-0.048596010885039814,-0.0036258907545344025,0.36306429711949312,-0.0030533560765020869,-0.0012792114221151568,0.0018974772977483415,0.05771559802280167,-0.021944004515584547,-0.073570118469768991
83.210,254692.948347166,2,768,1,769,254692413964583,254692.414964583,410f172351d8f388,0.57278795214272726,-0.34070193367864493,-0.18538530697948927,-0.33859966393605806,0.7984130886592653,0.1563294469922884,0.47270282911732836,0.55053242197799668,-0.31584543682927108,-0.18026604009540942,0.44479297618805019,-0.22370975793546316,-0.3251371820517121,0.80398940626460058,-0.052741572540773871,0.0014278120508277349,0.31647562052069578,-0.0030533369110338701,-0.0012791692627398062,0.0018973534609881266,0.058074890874802353,-0.022356838686532734,-0.073720093844620749
12.111,254692.948347166,1,783,1,784,254692914010708,254692.91501070801,410f172751f12253,0.57086944480066382,-0.3472829267051793,-0.11532859291394319,-0.41479822715213516,0.78058313278824576,0.15308189559343874,0.44181261866534938,0.54534980128753363,-0.32540876859228596,-0.11222537623096825,0.420653933931047,-0.2041634467890216,-0.2586489803492984,0.84526224322859067,0.067254207714013831,-0.058845614818446322,-0.0025902546657411425,-0.0030535049216008641,-0.0012792032988372573,0.0018972545013710633,0.058507266406705324,-0.023236055586663314,-0.073858688896659336
86.522,254693.048356291,2,771,1,772,254692513973916,254692.514973916,410f17241eaaa4fc,0.56711180326476407,-0.33926564833001299,-0.15511874653839869,-0.34979814126071929,0.79479409148829216,0.15399487153631017,0.47141196978740552,0.54436749679844854,-0.31475757712772112,-0.15049144481100812,0.44222940673439687,-0.22444777666619481,-0.31465964563455823,0.80934890793654601,-0.053701792280950456,0.014278933870448521,0.25142590160955675,-0.0030718449340063139,-0.0012248333021254473,0.0019120287717370845,0.059105235457721506,-0.024098208634370743,-0.076323752475722137
11.376,254693.048356291,1,786,1,787,254693014019750,254693.01501974999,410f17281ec2acb8,0.57830981249598923,-0.35259652793923385,-0.11331413663344712,-0.44079509522786647,0.77190396964085406,0.1688073401159742,0.42587331544861751,0.55146403222542839,-0.33243652659939965,-0.10981565416110976,0.42050271300218839,-0.18177308953374743,-0.2341293241791676,0.85750770949220156,0.091557471213210923,-0.098397612338160176,0.0011566031431365952,-0.0030720996887880847,-0.0012247263154975625,0.0019120470688708418,0.059516313279102978,-0.024825880622359037,-0.076770468405072123
90.207,254693.148365416,2,774,1,775,254692613983083,254692.61498308301,410f1724eb7c4029,0.56317401979040616,-0.33770980865242578,-0.13268462816055399,-0.36673957698415305,0.79130842657289424,0.15018785455524367,0.46559286749776152,0.53975291729894082,-0.3137306113402315,-0.12870832254934511,0.43542271270266747,-0.22302501753802806,-0.30021550463716457,0.81886357446785074,-0.03242231200233299,0.002751597563620584,0.17174341148466732,-0.003081287925531103,-0.0012280287558022874,0.0019119393737496487,0.059333871706538935,-0.025290918061234312,-0.077151908560497001
11.398,254693.148365416,1,789,1,790,254693114029125,254693.11502912501,410f1728eb9463d0,0.58721167798541529,-0.36266159327098951,-0.11149958806008289,-0.45551412437878031,0.76680764421123437,0.17157676709096181,0.41841891147239485,0.55974801859096701,-0.34332815959598278,-0.10813407071999225,0.41718993408305272,-0.17454374953078733,-0.22011775295645164,0.86431198836584144,0.089525812739891228,-0.1208162957422433,0.022905307253181052,-0.0030814898860832556,-0.0012280719314483315,0.0019119766107791774,0.059867841578517336,-0.025831439044099364,-0.077771949755218159
92.355,254693.248374708,2,777,1,778,254692713992291,254692.714992291,410f1725b84de0d6,0.56308475285756754,-0.33864125334795681,-0.12084403233219687,-0.38466353669713116,0.78809194097954083,0.15243111694632569,0.45575197629602271,0.53885369071027978,-0.31543978797512845,-0.11711461096497082,0.4300503779926515,-0.21448023081498935,-0.28526695280147901,0.82926332887526455,0.0018573379762406221,-0.03159966329299662,0.080086237377970243,-0.0030842420512116526,-0.0012376228151883954,0.0019096494728747587,0.060013812946243049,-0.025364723166790403,-0.078107580448060723
10.269,254693.248374708,1,792,1,793,254693214038125,254693.215038125,410f1729b865e892,0.59869352871876624,-0.37431697401777897,-0.10836653263638812,-0.47409026925543851,0.76209507770708695,0.17793542705748683,0.40347062612076828,0.5704820572446121,-0.35612591749661848,-0.10482262351318417,0.4111161518869958,-0.15947746441080854,-0.20365014765212869,0.87411501838373307,0.12814622029729805,-0.13343623510455979,0.050968122389457721,-0.0030842944514875574,-0.0012377786014372569,0.001909598226795906,0.060343509979715902,-0.025482501694739961,-0.078711690124854697
98.457,254693.348383708,2,780,1,781,254692814001333,254692.81500133299,410f1726851f6b3b,0.56531756731734062,-0.34258144914465027,-0.11556909240740885,-0.40050757652962615,0.78294733961239649,0.15804779862710161,0.44900789647604578,0.54028413108615381,-0.32023552873922939,-0.1119156195855173,0.42925318714453559,-0.20573985276972598,-0.27042574267619146,0.83682897416770896,0.021668538365180193,-0.056181814823357219,0.032428974700210764,-0.0030916788662598963,-0.0012528694802632317,0.0018999886081210865,0.061420187253411987,-0.025382998614268952,-0.07957822373665574
14.900,254693.348383708,1,795,1,796,254693314047458,254693.31504745799,410f172a85379a06,0.61204282450060521,-0.38770366034174703,-0.10451615325832134,-0.49032123119746546,0.75668873710616436,0.1869317718847609,0.38995360140173568,0.58316337092128012,-0.3706717022870204,-0.10061096213006117,0.40791954856500923,-0.14355810856081058,-0.18835026470449642,0.88176918133415616,0.12580436148314764,-0.15620938443177504,0.041042816210318273,-0.0030916646535980538,-0.0012529905039018992,0.0018998594285149898,0.061838597478660551,-0.025281722601138451,-0.080163279496019313
107.872,254693.448392916,2,783,1,784,254692914010708,254692.91501070801,410f172751f12253,0.5696284572880338,-0.34762790216586187,-0.11351603899979221,-0.41447374915409846,0.78060642298852723,0.15319536176652751,0.44203660255334654,0.54411920501869293,-0.32574313217111051,-0.11040222415260574,0.42089254715120406,-0.20424159461259528,-0.25889488959406748,0.84504927130005358,0.062464026551344184,-0.060977335089910406,0.0054266761076434827,-0.0031063661533468931,-0.0012608126892057082,0.0019223968602789586,0.066031917218170422,-0.025227414262446086,-0.082961957692620686
14.870,254693.448392916,1,798,1,799,254693414056500,254693.4150565,410f172b5209246c,0.62277945584272743,-0.40227225337107819,-0.10151142229406636,-0.50406687266833194,0.75499068138918846,0.19555848155885258,0.37102909912395399,0.59342941506123925,-0.38623079870299937,-0.09697184189236055,0.40063790977742442,-0.12407646027806646,-0.17742992198693075,0.89028811069100189,0.091631201624288103,-0.12911319031562909,0.026439739398994688,-0.0031061567506658759,-0.0012608977598035722,0.0019223497632130035,0.066765019024409566,-0.024489510895035288,-0.083767350396426576
108.056,254693.548402125,2,786,1,787,254693014019750,254693.01501974999,410f17281ec2acb8,0.57865159531239785,-0.35384147058434118,-0.11282632083575506,-0.440834569509996,0.77169442142920519,0.16949025186659022,0.42594097008231163,0.55179068118984098,-0.3337071178570547,-0.10929643631633587,0.42103344356814404,-0.18133803706577381,-0.23395323868983384,0.85738744906653497,0.089495705341621601,-0.10268994102652076,0.0054915077335272559,-0.0030927439308627595,-0.0012916458220812613,0.001946278676998473,0.068329625794344886,-0.021098904950631742,-0.082211729947008094
11.802,254693.548402125,1,801,1,802,254693514065833,254693.51506583299,410f172c1edad5e0,0.6287772636298995,-0.41743809517245406,-0.094004548418204228,-0.51217063185827094,0.7569250122763268,0.17535031897009287,0.36605749343777816,0.59941376025231008,-0.40114693950590868,-0.090577615619143154,0.38283312535522995,-0.13485033269916602,-0.17306747751404444,0.89738611206581365,0.02177600361829864,-0.12722857161884932,0.079128093742973832,-0.0030922090909554566,-0.0012917259520261075,0.0019463018794586807,0.068283722751532799,-0.019246291138879868,-0.082207469847021153
106.429,254693.648411208,2,789,1,790,254693114029125,254693.11502912501,410f1728eb9463d0,0.58765538599779821,-0.36421643418583521,-0.11117588171154143,-0.4555875968352131,0.7666277809610057,0.17223433203383742,0.41839834506132734,0.56017715401845902,-0.34490925510821846,-0.10777874242663454,0.41764036005251592,-0.17406423826463688,-0.21993861756512065,0.86423675871609407,0.087550607289238316,-0.12638240411876447,0.024982508583303874,-0.0030710812451106759,-0.0012963010427820619,0.0019498135146879903,0.068234336244046553,-0.019582411256863001,-0.082152140985372449
10.201,254693.648411208,1,804,1,805,254693614074833,254693.61507483301,410f172cebac5aa3,0.63539949920610361,-0.42993011111229373,-0.088541545799895857,-0.53903236681590128,0.7473687031603603,0.17020133805827392,0.34916426907245585,0.60522853724189118,-0.41507481445775141,-0.085644276839963326,0.36724693294614741,-0.1265458987342378,-0.14731603227720275,0.90962289570420019,0.11306766908205523,-0.16734187715876508,0.028469263918081772,-0.0030705527768646844,-0.0012962891376832486,0.0019498865931125492,0.06809612473240241,-0.01860943826554259,-0.082009676412796675
108.650,254693.748420333,2,792,1,793,254693214038125,254693.215038125,410f1729b865e892,0.59835876631039708,-0.37612341570145763,-0.10819898432577341,-0.47405752599384265,0.76191163387271033,0.17854256623529391,0.4035873257085883,0.57013781768721983,-0.35795252326383442,-0.10462719502698811,0.4116279831730385,-0.15913067126019323,-0.20354358625802191,0.8739621510262332,0.12340596291924419,-0.13818879317161617,0.051280834592904376,-0.0030848904305777933,-0.0012938975306464099,0.001955892704300756,0.07193630976249471,-0.019953352006605807,-0.079357351067503815
14.022,254693.748420333,1,807,1,808,254693714084041,254693.715084041,410f172db87dfb50,0.65328442981621604,-0.45033582366859776,-0.08822203628137594,-0.56292293486776268,0.74186569340848219,0.15635484169882485,0.32909919330383047,0.62256465500625302,-0.43651771749682605,-0.086050325108727843,0.34326783097168301,-0.12214869918165518,-0.12653163464183884,0.92262486252164799,0.25588258700931993,-0.28365708344896945,-0.035213202328357715,-0.003084475473157744,-0.0012938961383683234,0.0019558908198090128,0.072425588151805775,-0.019245305432268784,-0.079475428796872055
111.655,254693.848429500,2,795,1,796,254693314047458,254693.31504745799,410f172a85379a06,0.6110422770222701,-0.38847688159229105,-0.10488201824612009,-0.49021891175934101,0.75665035929158342,0.18752840169213583,0.38987024009108273,0.58215918961624802,-0.37145946846581068,-0.10094046216439523,0.40828248418995439,-0.14307728224289942,-0.18839547825890116,0.88166969335532086,0.12081997957978004,-0.15964487637672789,0.037775688030220536,-0.0030579602078102579,-0.0012994554781517018,0.0019614494582302399,0.069456017688926258,-0.016755241514234371,-0.079408175826082408
13.599,254693.848429500,1,810,1,811,254693814093125,254693.81509312501,410f172e854f8b59,0.68559768611275407,-0.48193468255400446,-0.098301058112598566,-0.55540391784364218,0.73782417062144157,0.17023714110592125,0.34374605494649302,0.6548909782940876,-0.46815636555673751,-0.095728699733897873,0.36344099367479865,-0.12268932630867906,-0.12899059433299143,0.91445032664449255,0.38912896047952228,-0.35096388752621888,-0.12099014847038483,-0.0030576772038292893,-0.0012993158802528989,0.0019615298908666708,0.068472717866947794,-0.016102831931872865,-0.079203677494004435
109.945,254693.948438625,2,798,1,799,254693414056500,254693.4150565,410f172b5209246c,0.62288666273479687,-0.40228901626130631,-0.10208079355331669,-0.50411797093404398,0.75515312231380727,0.19562010195840787,0.37059636015928821,0.59353827441581375,-0.38624930690271364,-0.097524393797297548,0.40037548933039252,-0.12372689542858328,-0.17750865313398437,0.89043910569651652,0.091589278321914838,-0.1316540701290547,0.021155587994556233,-0.0030266058173089166,-0.0012836104971269066,0.0019477903955551789,0.066637167863414157,-0.018070203390537672,-0.086019490956103409
13.047,254693.948438625,1,813,1,814,254693914102375,254693.915102375,410f172f522131a9,0.72862352398199703,-0.50790241764215149,-0.11368770005897008,-0.54993193433465137,0.74081242523056234,0.18558951362968124,0.33812483473731947,0.6979943420649547,-0.49421745593442662,-0.10995460615211076,0.3703219572821253,-0.10785875705596258,-0.13497288591759471,0.91269406514349294,0.43793722223088249,-0.14235275056086588,-0.16883047078797714,-0.0030266367296438368,-0.001283598978839507,0.0019479995396430793,0.066216210336518311,-0.019161804174079505,-0.086440969672065382
102.312,254694.048447833,2,801,1,802,254693514065833,254693.51506583299,410f172c1edad5e0,0.62772298907557056,-0.41553166295002575,-0.095934467172090282,-0.51195260589533664,0.75712792542550134,0.17513772935503635,0.36604461862823834,0.59837080975306223,-0.39921943413930483,-0.09251076855617775,0.38267369793592332,-0.1349915523886929,-0.17336512640676394,0.89737542569300566,0.019981857704397608,-0.12324750182154778,0.07510504956409407,-0.003062276725455804,-0.0012661081385159116,0.0019749430575777306,0.0684753161093552,-0.01968982376770528,-0.079775794583299725
7.700,254694.048447833,1,816,1,817,254694014111375,254694.01511137499,410f17301ef2b66b,0.76841362384245449,-0.51408595494794895,-0.12644061052283159,-0.56077827495098287,0.72922395182741284,0.19503626437921193,0.34017798755018391,0.73731525354785632,-0.50151378523270507,-0.12267326853705991,0.37845361685773338,-0.10263069395667812,-0.11910907721183701,0.91216929803135516,0.38422179820184527,-0.0077571936562008982,-0.06725561574825821,-0.0030622716329262549,-0.0012660161418871813,0.0019751913509149358,0.068708786045643608,-0.019594867102918804,-0.079647414666329158
97.914,254694.148457041,2,804,1,805,254693614074833,254693.61507483301,410f172cebac5aa3,0.63340721083176055,-0.42753522829187585,-0.090479555587324734,-0.53871158335546532,0.74760713789356148,0.16996134373950669,0.34926579015985282,0.60324981669159228,-0.41265130881557865,-0.087587934646702933,0.36714901758783786,-0.12678738658739111,-0.14771145924356557,0.90956466636229971,0.11074736895576411,-0.16350908734565228,0.027027948572846825,-0.0030771909661950385,-0.0012477497231999971,0.0019855494648511681,0.070558512477782206,-0.021563714941024069,-0.078685524750205224
7.560,254694.148457041,1,819,1,820,254694114120625,254694.11512062501,410f1730ebc45cbc,0.80377412941871262,-0.50299307597580234,-0.12948238126014996,-0.59275211478146828,0.70535062575788054,0.19803110963103493,0.33452826187908952,0.77173366297969337,-0.49282498820016635,-0.12641979194330735,0.37657633295997467,-0.096518059399269399,-0.079619168544562288,0.91789722609042135,0.34629596184019129,0.11890239544907565,-0.00315477552908672,-0.0030772816215107993,-0.0012477948659642189,0.0019857458769256008,0.071384030725554104,-0.021764571675069098,-0.078726802504405613
95.104,254694.248466250,2,807,1,808,254693714084041,254693.715084041,410f172db87dfb50,0.65190910541892144,-0.44772165753309062,-0.089511710637620423,-0.56234162933372644,0.74231553644526116,0.155796325959011,0.32934342911378639,0.62121332352742897,-0.43384720590113407,-0.087360079175444819,0.34304560150800228,-0.12271633023100288,-0.12726076676927356,0.92253190450083888,0.2563528485915515,-0.2770088148856682,-0.034800740550771148,-0.0030984592452629762,-0.0012077611065687836,0.001996553743245161,0.07378199320300767,-0.026118020020738895,-0.077465017009482454
7.482,254694.248466250,1,822,1,823,254694214129791,254694.215129791,410f1731b895f7c6,0.834063461512769,-0.48456418482557323,-0.13119994019965853,-0.62512447125763304,0.67865238221565261,0.22541201614689999,0.31279356728832275,0.80125531312953513,-0.47778765232676923,-0.12706896465834158,0.3805688075940033,-0.061788085718750524,-0.037849947814120558,0.92190942971647671,0.28036625707830926,0.15007980660945586,-0.015258254196843835,-0.0030985324894612014,-0.001208030300839284,0.0019966976825721646,0.075289738924518096,-0.026655412756069936,-0.077992558689109384
94.068,254694.348475333,2,810,1,811,254693814093125,254693.81509312501,410f172e854f8b59,0.68429138669250023,-0.48050884976162872,-0.097919638060058392,-0.55479900591445652,0.73818393435583363,0.16968588441760871,0.34422274174895406,0.65360778646758977,-0.46667427577125886,-0.095373623191787715,0.36338826480424363,-0.12341619210234248,-0.12967272301820398,0.91427698069817043,0.38684826787648391,-0.344974396842187,-0.11899645006780846,-0.003093959224888219,-0.0012073201242688144,0.0019939107610418864,0.071675666928932458,-0.02654302926071777,-0.075061588687746372
12.704,254694.348475333,1,825,1,826,254694314138916,254694.31513891599,410f173285678d4f,0.86048638652588449,-0.46776628651335306,-0.13520482838407694,-0.64930014434045435,0.66032664568678723,0.23531712488759277,0.29496431564278808,0.82734375207681365,-0.4632303234833563,-0.13069353443085605,0.3749655925599788,-0.042176931939556579,-0.0077969136673079423,0.92604595941323264,0.23495959777010009,0.097874907832858862,-0.053500150669907799,-0.0030940633761082116,-0.0012074616497181722,0.0019939568085394445,0.072105071099167903,-0.026473481051045383,-0.075459525922689119
88.121,254694.448484541,2,813,1,814,254693914102375,254693.915102375,410f172f522131a9,0.725534699833571,-0.50560356811149176,-0.11521723963484147,-0.54932002292641802,0.7410776144477712,0.18536976768201219,0.33865850678599085,0.69492436275328784,-0.49187344912700282,-0.11149540561519233,0.37054393655102952,-0.10839150401606845,-0.13559308970112666,0.91244889553755471,0.42946638485567684,-0.13922215601071958,-0.16877366605191041,-0.0030866126389487393,-0.0012197686122483356,0.0020038711328397413,0.077539785735135397,-0.024747725358836216,-0.082013945382488379
7.839,254694.448484541,1,828,1,829,254694414148083,254694.415148083,410f17335239287c,0.88055751366197543,-0.46285099437795152,-0.13843578836710854,-0.66247821093435144,0.6483487677610249,0.24438829686327443,0.28467685004005822,0.84730660273802327,-0.45973132076254469,-0.13353624642654599,0.37410554311126165,-0.028488308397531872,0.0099910248164256071,0.92689462093659425,0.17164596833838849,0.049132675113069929,-0.015961303770121473,-0.0030866761637706177,-0.0012199079474577925,0.0020039613076932783,0.077610898309862383,-0.024732990546654524,-0.082820425893364344
83.266,254694.548493625,2,816,1,817,254694014111375,254694.01511137499,410f17301ef2b66b,0.76592991274752531,-0.51229037726945925,-0.12661184865962893,-0.56007061194492891,0.72977628923756066,0.19483807858625471,0.34027291054032749,0.73485561651649101,-0.49966183847591433,-0.12283440591983079,0.37838059903156224,-0.1028379531593196,-0.12000003202672617,0.91205946625212031,0.37657955689962824,-0.0040679921299214003,-0.061847680187390563,-0.0030698701693204415,-0.0011982232184011958,0.0020573218119990565,0.077287113963531245,-0.022482589276857576,-0.089275422133064095
8.114,254694.548493625,1,831,1,832,254694514157250,254694.51515724999,410f17341f0ac3a8,0.89649196799857922,-0.45751729705120164,-0.13575558789609363,-0.67110101245987075,0.64025346375429104,0.24503993347529121,0.28223114186934473,0.86315374514772791,-0.45516309771913466,-0.13102466889250994,0.37283694297992598,-0.026298154956262268,0.021812510292348885,0.92726761799926249,0.12849748062973282,0.05670252441243448,0.042974994359446725,-0.0030698747120500879,-0.001198078230598977,0.002057561115666576,0.075974596387285875,-0.021798764074303176,-0.089815295503928347
84.045,254694.648502833,2,819,1,820,254694114120625,254694.11512062501,410f1730ebc45cbc,0.80299601966587841,-0.50137966714144744,-0.12889168247622662,-0.59217164930647781,0.70597994330533431,0.19801819421659175,0.3342363017087211,0.77097363658266638,-0.49116418652419314,-0.12579783545397177,0.37636075337227187,-0.096320744965349869,-0.080474614300736824,0.91793176972121615,0.34508941063766757,0.11941913339634685,0.0021209780777622349,-0.0030542015018009505,-0.0011986992619678948,0.0020690152951361456,0.071073408527795937,-0.019718071258453838,-0.092664923196721455
8.347,254694.648502833,1,834,1,835,254694614166416,254694.61516641601,410f1734ebdc5eb3,0.91305805721117794,-0.45024560525491431,-0.12747823358444826,-0.68084594983891555,0.62969361177086347,0.2499892215169548,0.27828077587346389,0.87966701446123552,-0.44894194131622722,-0.12271381584740171,0.37354328751358257,-0.020005149403533574,0.036170164159114324,0.92669138637174686,0.11961246310179077,0.081923247612767452,0.12938449373866159,-0.0030543741318136133,-0.0011983808574235471,0.0020692178313005596,0.069761248597268302,-0.019634814363101917,-0.092814055104212742
87.514,254694.748511875,2,822,1,823,254694214129791,254694.215129791,410f1731b895f7c6,0.83716889965385,-0.48531974071998457,-0.1305728374453381,-0.62511812350719453,0.67884111071746389,0.22577654884864737,0.31213311465654919,0.80436496558486958,-0.47855072239162461,-0.12639632545147175,0.38035956061036075,-0.06106331165808461,-0.037987887551264844,0.92203839237909913,0.29007613440052699,0.1421829337313284,-0.012703933701645961,-0.0030625339730309792,-0.0012412105666428082,0.002036302669679602,0.067542148927681428,-0.01881389317109624,-0.093530494184143206
10.458,254694.748511875,1,837,1,838,254694714175583,254694.715175583,410f1735b8adf9df,0.92562475817812939,-0.44036997811983841,-0.10988812615393515,-0.69274509191925426,0.61861950587973646,0.2467735076258542,0.27661712476527428,0.89214435533297898,-0.44000620743348068,-0.1056112992716788,0.37009305552649785,-0.021102623492957554,0.052414703153411776,0.92727477504034084,0.091403132843378462,0.10629138332951789,0.20190660437127531,-0.0030629147941534981,-0.0012410445242312595,0.0020362550379426007,0.067103053547768021,-0.019403641250564492,-0.09343127870003172
94.602,254694.848521166,2,825,1,826,254694314138916,254694.31513891599,410f173285678d4f,0.86414590659735269,-0.4715162637543428,-0.13349689557485489,-0.64925167192739608,0.66045060812516521,0.23580311103372342,0.29440483482082636,0.83100844799962725,-0.46699055258954331,-0.12893753946862252,0.37491362397770023,-0.041437675176580785,-0.0079188435168273483,0.92609933892062779,0.24685890418653189,0.086428255116255195,-0.048199977423749624,-0.0031056473100855072,-0.0012525044149357702,0.0020385744953811957,0.065667318875087741,-0.020267782053518067,-0.091978672285944973
14.429,254694.848521166,1,840,1,841,254694814184708,254694.81518470799,410f1736857f8f68,0.93506584081587929,-0.4298662668907971,-0.08751804982468786,-0.70618996047378335,0.60980588264608859,0.23570148909629979,0.27180394858524087,0.90150364020295748,-0.43025179036663946,-0.083941597163997114,0.358860526925735,-0.025528293242930988,0.068153833217057716,0.93054955992494481,0.073438422091384445,0.069939577053267893,0.22273853724148446,-0.0031061842576422757,-0.001252482206231623,0.0020384860796369597,0.065541503749019028,-0.020311178257262096,-0.091810961168266869
98.054,254694.948530375,2,828,1,829,254694414148083,254694.415148083,410f17335239287c,0.88611112860572894,-0.46406786695228597,-0.1369439913201084,-0.66241267757787714,0.6484854634817323,0.24458235112161675,0.28435114729730337,0.85286408384566337,-0.46094728393971118,-0.13201885900204574,0.37401245357767743,-0.028120784707265332,0.0098480272684018898,0.92694494032556984,0.18835467413981094,0.04478834768052696,-0.012457443356393148,-0.0031231460928468507,-0.0012475698774233374,0.0020330802505902313,0.064125744615385116,-0.020522735349887366,-0.090056728230098082
15.995,254694.948530375,1,843,1,844,254694914193916,254694.91519391601,410f173752513016,0.94182345764708442,-0.4250983747388517,-0.064429248135126099,-0.71201553543112528,0.60345079880564745,0.22591075973053673,0.27900787188895915,0.90817585764726383,-0.42572534854039029,-0.061820250229635533,0.35703137886631542,-0.037545327069703212,0.076766859423129497,0.93017514061296869,0.050583909452287815,0.021510198418617184,0.22454963220998297,-0.0031233744278523399,-0.0012475021794093541,0.0020329156784714389,0.064131863031854794,-0.02034998165471516,-0.089567325956345714
102.662,254695.048539500,2,831,1,832,254694514157250,254694.51515724999,410f17341f0ac3a8,0.90203350543505889,-0.45872529567641557,-0.13549400229519221,-0.67130311390995412,0.6400358327812381,0.24518375422578179,0.28211919801221963,0.86869421516994194,-0.45639412343919955,-0.13075920424402801,0.3728594833467882,-0.026117302072641523,0.022109305927135808,0.9272566369685542,0.13954935338534941,0.055860404134648454,0.043839179170860797,-0.0031263104685321113,-0.0012226177735811597,0.002028339430085437,0.064990372292852178,-0.019541968727466722,-0.089382251067872967
12.230,254695.048539500,1,846,1,847,254695014203166,254695.015203166,410f17381f22d666,0.94585507742483144,-0.42431915779181262,-0.041665385802668681,-0.71617489139503554,0.60001601428420204,0.21152601653219941,0.28693397338117571,0.91213738579515691,-0.42487499802611395,-0.040192543391984713,0.35246442964017255,-0.053321476224649736,0.082136727514735802,0.93068748997975803,0.052554387600193875,0.00016861559353058506,0.2082256509233073,-0.0031261688418897544,-0.0012222988628822666,0.0020280358167754785,0.065130147855086071,-0.018838015820173134,-0.089001619466015564
103.904,254695.148548625,2,834,1,835,254694614166416,254694.61516641601,410f1734ebdc5eb3,0.91471157441235795,-0.45105050266167068,-0.12745102562937188,-0.68087865269775116,0.62952901349478008,0.24997137394741228,0.27858902865710161,0.88131792454877111,-0.44975241444256908,-0.12270338750813742,0.37374863500429767,-0.020235737168479585,0.036309677125839414,0.92659812223028482,0.12173326392954881,0.082307769586838567,0.12872186947585043,-0.0031222717416341736,-0.0011605336708704658,0.0020185993733443639,0.06456104412370843,-0.0181369686062899,-0.087403694436266471
9.179,254695.148548625,1,849,1,850,254695114212250,254695.11521225001,410f1738ebf4666f,0.95033609267275354,-0.42627437524424211,-0.022563633768308233,-0.72048400070696583,0.59335772541566245,0.21059992941067704,0.29064950947753887,0.91661351172995698,-0.42726108854665862,-0.021479713392094261,0.3544368678735772,-0.056603599390404574,0.089891848933784449,0.92902636922925097,0.053478895869006088,-0.047612647813701219,0.1777169374496281,-0.0031218620735783257,-0.0011600495687624358,0.0020182807772793536,0.064913085609922108,-0.017431157527317814,-0.087077167734180158
111.757,254695.248557916,2,837,1,838,254694714175583,254694.715175583,410f1735b8adf9df,0.92516755333297396,-0.44070150394402291,-0.10984721368615472,-0.69217787141104947,0.6190992314294016,0.24634369716340135,0.27734594291739612,0.8916838712374423,-0.44027434167719137,-0.1056020378723905,0.37030448588586434,-0.021921897621402276,0.05167440051605212,0.927212906763484,0.091699288630163314,0.10825213015306996,0.19921296948510789,-0.0031306252155098896,-0.0010960931691496268,0.0020264800132908881,0.065629679270805472,-0.018200295427276685,-0.084193513125603206
16.175,254695.248557916,1,852,1,853,254695214221541,254695.215221541,410f1739b8c61240,0.95411799126692998,-0.43203106671768071,-0.0082765037581082647,-0.72547877552794049,0.58750697057438128,0.20863972237762637,0.29152294119616101,0.92040218447416167,-0.43344971479691335,-0.0075065934343651938,0.35366840169956459,-0.058607284513834838,0.097560796299483415,0.92842109996843603,0.055856520106484446,-0.090306080787836959,0.10422899851104671,-0.0031302326079712933,-0.0010956791539602196,0.0020263959507107365,0.066684254913012178,-0.017801367201238056,-0.083973746056280579
110.623,254695.348567000,2,840,1,841,254694814184708,254694.81518470799,410f1736857f8f68,0.93290233388489463,-0.4301149097322054,-0.088078926974093447,-0.70533954579543945,0.61069415829862272,0.23504476086541518,0.27258536967199831,0.89933557266354691,-0.43040039743263958,-0.084536048222494997,0.35894869808734226,-0.026545218350737913,0.066924393526421197,0.93057633167582465,0.071148851112626352,0.072163889636776266,0.21755586492741974,-0.003127931151777934,-0.0010523198984312711,0.0020575410050376951,0.067444503132651656,-0.016685356503484707,-0.082933803037718912
9.354,254695.348567000,1,855,1,856,254695314230666,254695.31523066599,410f173a8597a7c9,0.95881063483097029,-0.44330815817428004,-0.0032744072430608492,-0.72435434604842885,0.58721540273096673,0.20748352394094766,0.29570169539890651,0.9250861518058543,-0.44461860826489513,-0.0027240280871393828,0.35580567132140017,-0.062379665602111903,0.096971874204478045,0.92741983868589273,0.053711870164927587,-0.12298621262178751,0.014251507237611819,-0.0031276300577050943,-0.0010521138571847801,0.0020577409655018041,0.068269063928208001,-0.016109781196678597,-0.082850603255341673
111.238,254695.448576250,2,843,1,844,254694914193916,254694.91519391601,410f173752513016,0.93861067641359819,-0.42548010567967304,-0.065428608839387711,-0.7109459127286194,0.6046509624300237,0.22509339141916035,0.27979660676787516,0.90495843315172186,-0.42597928588443751,-0.062852120040019402,0.35701113197259271,-0.038681013496627933,0.075161878162249077,0.9302674469815897,0.046579483578781396,0.02235145298674119,0.21791281677813329,-0.0031280153601307274,-0.0010234016241860409,0.0020926181338597441,0.067313518386745624,-0.015563655379550838,-0.081012872236584654
14.807,254695.448576250,1,858,1,859,254695414239708,254695.415239708,410f173b5269322f,0.96355824410474378,-0.45899044253124938,-0.0081551968278757193,-0.71904233427474185,0.58726337410015694,0.21441026933482762,0.3035261777466261,0.92982888524270912,-0.46013007722108151,-0.0075286702949854782,0.36623636421079087,-0.063014461473004116,0.093181793877943911,0.92369760011846769,0.048388660474307704,-0.18261777927620632,-0.10119359027360575,-0.00312795501214715,-0.0010232852830818441,0.0020930936321919788,0.067185675444062051,-0.015121470195775494,-0.080580031587851125
110.101,254695.548585291,2,846,1,847,254695014203166,254695.015203166,410f17381f22d666,0.94199768681604856,-0.42484145802010065,-0.043080919748350155,-0.71484374301118869,0.60159054602978168,0.21050375335739799,0.28770724884901805,0.90827638024810309,-0.42523654332998628,-0.04163927384343883,0.35228836874883401,-0.054591113740965348,0.080082101445925175,0.93085958800068835,0.046493566801232934,0.0012759174636803562,0.20141332588622027,-0.0031415016173053992,-0.00098022643695228583,0.0021461586875268709,0.066457076334461587,-0.015013949775011668,-0.079539770217043351
14.841,254695.548585291,1,861,1,862,254695514249041,254695.515249041,410f173c1f3ae3a3,0.96789470635998454,-0.47838609881863592,-0.02633266943232148,-0.71018250345741651,0.59127306223441134,0.22463722553856985,0.30915230514054454,0.9341659844861353,-0.47912859985717254,-0.025245027519330759,0.37744618682716269,-0.059761184309056747,0.084081669998793157,0.92026803142879388,0.048895630295588327,-0.19629229304325491,-0.21907778217625498,-0.0031416806353388796,-0.00097996510558984217,0.0021468094224855825,0.065810546102574849,-0.01467629540211296,-0.079052550008634523
114.822,254695.648594625,2,849,1,850,254695114212250,254695.11521225001,410f1738ebf4666f,0.94606457037167557,-0.42721467028829618,-0.023855225078729409,-0.71886115805486861,0.59518917134551297,0.20980792452596636,0.29149472340274246,0.91233673997841658,-0.42802038204486798,-0.022785067382182257,0.35447449234592904,-0.057761287882379345,0.08744929811830103,0.92917387401760354,0.047564775126784795,-0.04670531466188968,0.17169238790467706,-0.0031611277168677315,-0.00092540616010745327,0.0022091757052499724,0.066004824558569694,-0.015691589819237475,-0.076439679847953426
16.860,254695.648594625,1,864,1,865,254695614258041,254695.61525804101,410f173cec0c6866,0.9711607335464606,-0.49656863921562838,-0.049263091236885381,-0.69844113194080804,0.59214301019066962,0.23356372808370784,0.32710041093171272,0.93742094745705229,-0.49675935688206752,-0.048287687023609666,0.39644940411789314,-0.066140420971771766,0.075164120717081437,0.91258077431264817,0.053270409853539313,-0.16326036398919971,-0.23570119577954177,-0.0031613851894753994,-0.00092493740948581225,0.0022098815979528057,0.065544360765155046,-0.015726046710337876,-0.075990489975619371
117.974,254695.748603666,2,852,1,853,254695214221541,254695.215221541,410f1739b8c61240,0.9500118799732381,-0.43303653582495405,-0.0098109771990173289,-0.72379945615757513,0.58951374261831258,0.20792666697594259,0.292154837206068,0.9162887730569057,-0.43426772538139846,-0.0090382002892208987,0.3536110133448091,-0.059558308752033939,0.094954336133708822,0.92865264396827163,0.053288684955193039,-0.089431839311930619,0.096627776977630364,-0.0031652983166900175,-0.00086688503266957946,0.0022400646532741838,0.065413734114933203,-0.015509176763706001,-0.074525600599273448
12.227,254695.748603666,1,867,1,868,254695714267333,254695.715267333,410f173db8de1459,0.97831859910417951,-0.51224578319757363,-0.077350210600296565,-0.6934313688826772,0.5893543629996878,0.25264452124940567,0.32861097145084367,0.94461795705942886,-0.51280593236691141,-0.075529795634890193,0.41100968955485173,-0.05371639065091581,0.073593554667406288,0.90706646568974092,0.090869313569746299,-0.17354640012269379,-0.29519625283865741,-0.00316554518124055,-0.00086627061227377274,0.002240414086279834,0.065275606817417398,-0.015709232918668728,-0.074242706013534693
118.012,254695.848612833,2,855,1,856,254695314230666,254695.31523066599,410f173a8597a7c9,0.95511254944596191,-0.44398778508684988,-0.0045211002354643643,-0.72271615350666762,0.58919860388743051,0.20674134639523073,0.29628438288373754,0.92138144532185395,-0.44511354750530657,-0.0039677237701390387,0.35569289482081645,-0.063316486624444002,0.09441116223124793,0.92766379661042575,0.053899079557251817,-0.12004565275293842,0.0085314841659558539,-0.0031731094479285626,-0.00081961475298051299,0.0022514335476501697,0.064072837852615763,-0.014605791129680985,-0.073303388424940927
16.043,254695.848612833,1,870,1,871,254695814276416,254695.81527641599,410f173e85afa43f,0.98592168187349849,-0.53229559990644004,-0.11003476195615756,-0.6798888201010157,0.59245538968287315,0.25662904080817783,0.34769151868246451,0.95220382659861058,-0.53200044484749853,-0.10849201404431426,0.42731915425692574,-0.064390893903358518,0.061824769906146111,0.89968319480444026,0.079132356062829826,-0.20150782016978305,-0.37114680443815068,-0.0031731704331232954,-0.00081907592273018106,0.0022513914266687504,0.063764229790224336,-0.014300275498106797,-0.07302569805469164
118.931,254695.948621958,2,858,1,859,254695414239708,254695.415239708,410f173b5269322f,0.95964035654302282,-0.45934437587269622,-0.0095796259068147861,-0.7172958667440219,0.58933227423176326,0.21352213895911121,0.30427365887892166,0.92590477976569641,-0.46028558133240605,-0.0089583821943099457,0.36613691017964534,-0.064171013430934648,0.09048392160297325,0.923925594390964,0.047760041643058561,-0.17824148381045574,-0.10671212766550824,-0.0031743946799243907,-0.00076318041774265809,0.0022658089281253368,0.06256263772679381,-0.013342946707175079,-0.071704556740790029
10.471,254695.948621958,1,873,1,874,254695914285583,254695.915285583,410f173f52813f6c,0.99419755639483931,-0.55153053628780324,-0.15231559793630856,-0.66833734886184304,0.60033012825402865,0.25967199985581113,0.35425898849597104,0.96051104162561873,-0.55039856760882155,-0.15049946975264678,0.4341147534939433,-0.066883099299964235,0.048088365581984566,0.89708335227144731,0.11803167259511992,-0.19384042373264401,-0.44580288985194705,-0.0031742687709207778,-0.00076261814022923801,0.0022656314116957141,0.062235605911962998,-0.012533107287059878,-0.071268004930159182
118.599,254696.048631166,2,861,1,862,254695514249041,254695.515249041,410f173c1f3ae3a3,0.96396153310884747,-0.47837603847882471,-0.027621862026093812,-0.70857779045669322,0.59317111152907986,0.22363252682745904,0.3099259483749508,0.93022871962120368,-0.47893097042468752,-0.026549343163834727,0.37728280593710156,-0.061018661924543596,0.081604843092735982,0.92047545150589205,0.046639570431121567,-0.19176665701110604,-0.22325198466124901,-0.0031788812041112407,-0.00070361250608883886,0.0022670178138670415,0.064602817824409603,-0.01145182938140729,-0.07175760116136462
14.817,254696.048631166,1,876,1,877,254696014294750,254696.01529474999,410f17401f52da98,1.0052444251747001,-0.57185927094296896,-0.20020416875568448,-0.65235504894404861,0.61095845023065087,0.27952583583182578,0.35075350678784156,0.97170424567934999,-0.57020387885368895,-0.19678700788486819,0.44567478535043598,-0.050365567801084518,0.029271814889488899,0.893297518263648,0.11364263937195333,-0.17950570513170516,-0.44981916493202162,-0.0031786578458978007,-0.00070321451712452665,0.0022668560258901731,0.065320291356685864,-0.010741374917502941,-0.071461814461454956
115.904,254696.148640250,2,864,1,865,254695614258041,254695.61525804101,410f173cec0c6866,0.96814337820725949,-0.49598136387798997,-0.050117272289330758,-0.6973496780824936,0.59341790626271129,0.23267612211113209,0.32775065280915672,0.93440245939108546,-0.49603851711989827,-0.049164338443832868,0.39628156236108097,-0.067227843586021699,0.073490858679185603,0.9127104875424793,0.051378844055169327,-0.158788083487888,-0.23953480001924846,-0.0031685168591934249,-0.0006985292393198848,0.0022486783336222189,0.066451473157261978,-0.012314553467800722,-0.071031812508417433
12.445,254696.148640250,1,879,1,880,254696114303791,254696.11530379101,410f1740ec2464dc,1.0147897955521963,-0.58699378127934876,-0.24469987231159865,-0.64137340234175211,0.62281992881189541,0.28757611368289476,0.34356298854043271,0.98142203912084569,-0.58470112644652705,-0.24015041997948236,0.44628272718019923,-0.03958869781590129,0.01311928659847192,0.89391965340571433,0.10230536313731703,-0.12108442829362405,-0.41290765180754063,-0.0031683540211936679,-0.00069848191740955125,0.0022484973105577825,0.067516610044621728,-0.012675097181423445,-0.070774739818667623
106.686,254696.248649291,2,867,1,868,254695714267333,254695.715267333,410f173db8de1459,0.97592845160081565,-0.51175911252806172,-0.077856283666366294,-0.692675890821014,0.59026997746468024,0.25189535700487603,0.3291356047452581,0.94222509983081182,-0.51222070666107078,-0.076058517749915747,0.41085092220166325,-0.054617101504597379,0.072411913841256906,0.90717969922343711,0.089290361522546741,-0.17146578951177402,-0.29887523966833751,-0.003160195703598019,-0.00068055515331924912,0.0022462227547771657,0.067580544961458169,-0.015700122316769594,-0.070977232951666872
8.085,254696.248649291,1,882,1,883,254696214312958,254696.215312958,410f1741b8f60008,1.0234498667292937,-0.59565536507748329,-0.28347096938010391,-0.63245084528659334,0.62552876868554819,0.31029132396529019,0.33531930354121148,0.99031788079612071,-0.59367350798721819,-0.27733055387589001,0.45651564056978494,-0.017697453606669682,0.0048946471742635266,0.88952589196719756,0.087451032140849691,-0.065428039407110089,-0.347325002985509,-0.0031603181333793935,-0.00068058150720786846,0.0022460400138805811,0.067971565914379486,-0.01703324771757618,-0.070692857823065031
102.153,254696.348658500,2,870,1,871,254695814276416,254695.81527641599,410f173e85afa43f,0.98387619275199367,-0.5313924884300798,-0.11016234303617496,-0.67942051731884845,0.59307645900399952,0.25586205422476477,0.34811310926454514,0.95015772047591274,-0.53102436582007462,-0.10864904693898675,0.42707492240868694,-0.06523134485468135,0.061054467525166654,0.89979121705720266,0.074947778053444131,-0.19827973148006442,-0.37226042971926898,-0.003144326058120974,-0.00067620421364286102,0.0022251572691994073,0.067120592845085369,-0.022907998770729247,-0.070165893444065847
7.990,254696.348658500,1,885,1,886,254696314322166,254696.31532216599,410f174285c7a0b5,1.0305023340577146,-0.59703397673346925,-0.31336158109365292,-0.62896839117874459,0.62718695812232694,0.32196270448517866,0.32768178556696409,0.99754115756588979,-0.59529539764990846,-0.3062976488309837,0.45936801205429134,-0.0040440009074905452,0.0012596633609078197,0.88823594208192558,0.073688616703286247,-0.019221753176211689,-0.27726971037422538,-0.0031446788950518839,-0.00067608598300258383,0.0022247172562477606,0.066832942470301207,-0.024759290731052513,-0.069663423011595921
93.987,254696.448667625,2,873,1,874,254695914285583,254695.915285583,410f173f52813f6c,0.99256991124939897,-0.55049753051047023,-0.15155359318042558,-0.66847126238936394,0.60028763035855881,0.25939615917104958,0.3542804228543604,0.9588824908673782,-0.54936525460396579,-0.14975453474803299,0.43393486106017504,-0.06709330449326098,0.048213107292141157,0.89714799288305713,0.10972041316611468,-0.18976146726932872,-0.44177752958797406,-0.0031371987874197725,-0.00072064272226875822,0.0021937634824932125,0.065528095996582783,-0.027520608318850049,-0.069593069334023691
8.040,254696.448667625,1,888,1,889,254696414331166,254696.415331166,410f174352992578,1.0382348715522658,-0.59746909013332095,-0.33786825071858573,-0.63015160316707708,0.62865735572326842,0.32060910180133451,0.32389619197454622,1.005294714602353,-0.59571138148261682,-0.33071161237499547,0.45573405161418384,-0.0023243236900081913,0.0010565924721758105,0.89011232736719925,0.079440395183415904,-0.016221104599599107,-0.24778799242884983,-0.0031374798813118042,-0.00072035992986090557,0.0021931878245628664,0.064418812958587715,-0.028873010486209223,-0.06893060354764427
91.547,254696.548676750,2,876,1,877,254696014294750,254696.01529474999,410f17401f52da98,1.0038429401172932,-0.56895964180766034,-0.19841241067769072,-0.65288517363290888,0.61058114844226474,0.27942301421692772,0.35050598219667839,0.97029944760431064,-0.56734263221200798,-0.19500942052700754,0.44542705317895831,-0.050263247348031899,0.029913462287906208,0.89340558037001883,0.10780116634039977,-0.16840229791927724,-0.44231962982497619,-0.003131575610766595,-0.0007079723715510103,0.0021608200786773671,0.062756254190078478,-0.028537783142171664,-0.066638315130445713
8.038,254696.548676750,1,891,1,892,254696514340416,254696.51534041599,410f17441f6acbc8,1.0469057715867969,-0.59635861635564746,-0.3635332695954801,-0.62718993084062458,0.63014785122715344,0.32209041963949314,0.32527571540904976,1.0139973511166478,-0.59445183337053975,-0.35626959333795166,0.45775697182415931,-0.0022523441788118866,-0.002091565507875866,0.88907204828731534,0.08809912119664326,-0.012852633795661981,-0.24877658255987958,-0.0031318223809766012,-0.00070749734100013391,0.0021601846380958083,0.062014433991425498,-0.028726537287307678,-0.066261924080992282
84.814,254696.648685791,2,879,1,880,254696114303791,254696.11530379101,410f1740ec2464dc,1.0132919524787358,-0.58283817133259341,-0.24205121258318879,-0.64188965496702233,0.62250674889818125,0.28730656341240152,0.34339191932130492,0.97991908749743351,-0.580574172545409,-0.23752493990050624,0.44597116215945487,-0.039658334433287437,0.013705783955720082,0.89406324749330901,0.099714827198156622,-0.10574001876885561,-0.40443687107845905,-0.0031405596570165798,-0.00067545694134678606,0.0021234835379562371,0.059787455310706908,-0.025136045684568824,-0.064855943987212922
8.041,254696.648685791,1,894,1,895,254696614349375,254696.615349375,410f1744ec3c4b0a,1.0553324252131189,-0.59689123870568161,-0.38846052847556856,-0.63043584102171035,0.63204286696058221,0.3125391342813022,0.32464104397729943,1.0223474467436848,-0.59473570456103975,-0.38162636284333062,0.45055441289675169,-0.0085573421836681891,-0.0011363389086852425,0.8927072317663276,0.079912723247825335,-0.0072614976646762346,-0.23224181900673549,-0.0031406428215059565,-0.00067494511140912621,0.0021228173033725722,0.059186377837040498,-0.024256438250856407,-0.064801068617429222
567.965,254696.648685791,3,882,1,883,254696214312958,254696.215312958,410f1741b8f60008,1.0228257045435383,-0.59059469377654095,-0.2809667876492003,-0.63303974754277581,0.62510100821737868,0.31010779878862799,0.33517549716461575,0.98968695904223269,-0.58865074151804386,-0.27485078011299002,0.45628418221493822,-0.017725539038789987,0.0056135362617055345,0.88963983641520239,0.088287393790427285,-0.050365533773628859,-0.34161392982608951,-0.0031406949536963956,-0.00067519398486681401,0.0021231182044470945,0.05942348862813298,-0.024919731305243047,-0.064715956407584194
553.607,254696.648685791,3,885,1,886,254696314322166,254696.31532216599,410f174285c7a0b5,1.0307457607319261,-0.59333183756886965,-0.3126151576431489,-0.62947316050793334,0.62680516110855633,0.32181582010477694,0.32758733392883199,0.99777820290410935,-0.59162605746168695,-0.30557304169252086,0.45919736172358183,-0.0040810764541191593,0.0018865604173068731,0.88832289663774244,0.076279405720475674,-0.00985531126053177,-0.27784495515157326,-0.0031407131294605949,-0.00067502429706620473,0.0021229211293010788,0.059253989577975112,-0.024586509848321524,-0.064725216447364092
539.266,254696.648685791,3,888,1,889,254696414331166,254696.415331166,410f174352992578,1.038038615657908,-0.59415619463281011,-0.33872211041273176,-0.63032260967932996,0.62858585190795568,0.32027695535216993,0.32403080037399701,1.005093138337418,-0.59239637089168629,-0.33159052598205657,0.45559437112340517,-0.0026543691998344885,0.001228073164742751,0.89018268639707998,0.080345679029832404,-0.0096332615462392732,-0.25256030908953458,-0.0031406808906093149,-0.00067495536381109061,0.002122839609195664,0.059186253243262994,-0.024380177595099761,-0.064760366224549212
524.903,254696.648685791,3,891,1,892,254696514340416,254696.51534041599,410f17441f6acbc8,1.0466863106639821,-0.59570614019547663,-0.36476075825346455,-0.62723052631408027,0.63015000420426559,0.32187476735321058,0.3254067092346476,1.0137748865007339,-0.59379257650347161,-0.35751249049419981,0.45769710925411705,-0.0024974599886728498,-0.0020643825587488463,0.88910227600579284,0.088184219365484623,-0.012063863304623723,-0.2529532131339059,-0.0031406484158188891,-0.0006749461961937926,0.0021228185646813722,0.059188037382051681,-0.024273605669335018,-0.064793664713027527
510.433,254696.648685791,3,894,1,895,254696614349375,254696.615349375,410f1744ec3c4b0a,1.0553324252131189,-0.59689123870568161,-0.38846052847556856,-0.63043584102171035,0.63204286696058221,0.3125391342813022,0.32464104397729943,1.0223474467436848,-0.59473570456103975,-0.38162636284333062,0.45055441289675169,-0.0085573421836681891,-0.0011363389086852425,0.8927072317663276,0.079912723247825335,-0.0072614976646762346,-0.23224181900673549,-0.0031406428215059565,-0.00067494511140912621,0.0021228173033725722,0.059186377837040498,-0.024256438250856407,-0.064801068617429222
