recording_frame,t_ns,tx,ty,tz,qx,qy,qz,qw,engine_t
39,254668078357500,0.004641148,-0.129550925,0.069860671,-0.158554540,0.843317743,0.078234051,0.507498895,254668.085357500
40,254668111694041,0.004570093,-0.134450485,0.068725109,-0.158016964,0.843632992,0.078984646,0.507026126,254668.118694041
41,254668145030541,0.004271086,-0.140953167,0.067235780,-0.157189018,0.843961820,0.078680105,0.506783537,254668.152030541
42,254668178367083,0.004242541,-0.145708882,0.066093068,-0.157386255,0.844601326,0.078175931,0.505733867,254668.185367083
43,254668211703541,0.004187173,-0.150595911,0.064746930,-0.157479539,0.845125421,0.078342876,0.504802600,254668.218703541
44,254668245040125,0.004494058,-0.157125537,0.062942216,-0.158439760,0.846035373,0.079027243,0.502867516,254668.252040125
45,254668278376708,0.002766837,-0.162943594,0.064239128,-0.158899808,0.846317080,0.079262880,0.502210812,254668.285376708
46,254668311713250,0.002912577,-0.167834606,0.063469093,-0.158912389,0.846397023,0.080203858,0.501922631,254668.318713250
47,254668345049666,0.003034968,-0.174168408,0.063073423,-0.160174683,0.845422066,0.081952086,0.502881209,254668.352049666
48,254668378386291,0.003002514,-0.178528211,0.063324011,-0.161540470,0.844491528,0.083365130,0.503774796,254668.385386291
49,254668411722791,0.003239846,-0.184176900,0.063582630,-0.163854003,0.843933926,0.083535393,0.503933810,254668.418722791
50,254668445059375,0.003491278,-0.188191186,0.063674663,-0.165791087,0.843705560,0.083351687,0.503713007,254668.452059375
51,254668478395833,0.003845505,-0.191802510,0.063534458,-0.168041713,0.843946307,0.082653712,0.502677859,254668.485395833
52,254668511732416,0.004289949,-0.196663393,0.063111090,-0.170750246,0.844043012,0.081807553,0.501740297,254668.518732416
53,254668545068916,0.004695916,-0.200219766,0.062354765,-0.171923468,0.844759924,0.081513237,0.500178605,254668.552068916
54,254668578405500,0.005369760,-0.203735542,0.061439889,-0.173033730,0.845794221,0.080793682,0.498160515,254668.585405500
55,254668611741875,0.006411183,-0.208462634,0.059483935,-0.174551238,0.847559665,0.080898171,0.494600868,254668.618741875
56,254668645078458,0.007316456,-0.211945534,0.057853176,-0.175731496,0.849352575,0.080090012,0.491227328,254668.652078458
57,254668678414916,0.008528524,-0.215602002,0.056648042,-0.175945230,0.850951313,0.078538459,0.488627570,254668.685414916
58,254668711751458,0.009180260,-0.220375527,0.055336099,-0.176663103,0.851174611,0.077981178,0.488068559,254668.718751458
59,254668745088000,0.009474103,-0.224080806,0.054952890,-0.177921235,0.850685263,0.077855178,0.488484638,254668.752088000
60,254668778424458,0.010002888,-0.227893798,0.055647454,-0.178961481,0.849927320,0.078655371,0.489295131,254668.785424458
61,254668811761083,0.010368559,-0.232892710,0.055665092,-0.180113165,0.849747669,0.077814611,0.489319002,254668.818761083
62,254668845097625,0.010608688,-0.236664464,0.055664878,-0.181477338,0.849196522,0.078053857,0.489733491,254668.852097625
63,254668878434083,0.013333005,-0.240874177,0.065469017,-0.183958842,0.849049761,0.079272625,0.488865577,254668.885434083
64,254668911770625,0.013581733,-0.245784439,0.065511573,-0.184975109,0.848563744,0.080680100,0.489095651,254668.918770625
65,254668945107041,0.013873625,-0.249604329,0.065272294,-0.185836148,0.847982261,0.081604920,0.489624040,254668.952107041
66,254668978443541,0.014348663,-0.253675678,0.064511752,-0.185893501,0.847957435,0.082901449,0.489427418,254668.985443541
67,254669011780041,0.014925233,-0.258835843,0.063307308,-0.185927200,0.848307673,0.084437283,0.488544334,254669.018780041
68,254669045116583,0.015669224,-0.262764340,0.061985000,-0.186415922,0.848181641,0.086674110,0.488185067,254669.052116583
69,254669078453041,0.021889993,-0.270287865,0.068907834,-0.187244074,0.848987506,0.089736382,0.485908742,254669.085453041
70,254669111789583,0.023224787,-0.275310693,0.067050130,-0.187771591,0.848451244,0.091731636,0.486269139,254669.118789583
71,254669145126208,0.024408194,-0.279043954,0.065436457,-0.188283459,0.847882079,0.094357531,0.486561433,254669.152126208
72,254669178462708,0.025821480,-0.282879343,0.063578833,-0.189075420,0.846968324,0.097424461,0.487240875,254669.185462708
73,254669211799166,0.028621020,-0.288391321,0.060558800,-0.191266259,0.846004446,0.101612762,0.487204880,254669.218799166
74,254669245135625,0.031180104,-0.292723930,0.057863543,-0.192372707,0.846067486,0.104479917,0.486052004,254669.252135625
75,254669278472083,0.039788963,-0.297227671,0.055468888,-0.193552426,0.847148439,0.107344154,0.483067559,254669.285472083
76,254669311808625,0.045160205,-0.304112414,0.050686047,-0.195840759,0.848317014,0.109892194,0.479508498,254669.318808625
77,254669345145041,0.049474263,-0.309298981,0.046754899,-0.198144572,0.849360075,0.111702495,0.476286466,254669.352145041
78,254669378481666,0.057442567,-0.311835213,0.043205989,-0.200847231,0.851280710,0.112748310,0.471454572,254669.385481666
79,254669411818083,0.063872293,-0.318114015,0.037548193,-0.203799674,0.852729751,0.114236082,0.467191433,254669.418818083
80,254669445154666,0.068633983,-0.322633044,0.033189817,-0.205699571,0.852880387,0.116913966,0.465417994,254669.452154666
81,254669478491041,0.075365931,-0.326096865,0.027846852,-0.208667829,0.852758549,0.120434375,0.463417963,254669.485491041
82,254669511827666,0.080012178,-0.330621147,0.023722117,-0.210192358,0.853097157,0.123122331,0.461395013,254669.518827666
83,254669545163958,0.084852391,-0.335105021,0.019342082,-0.211465967,0.853775584,0.125886876,0.458804910,254669.552163958
84,254669578500666,0.090751030,-0.340996060,0.013242354,-0.212834903,0.855298380,0.128129890,0.454696349,254669.585500666
85,254669611837125,0.095661740,-0.345810414,0.008740528,-0.213732367,0.856568809,0.129594524,0.451457266,254669.618837125
86,254669645173666,0.100364169,-0.350576890,0.004330615,-0.214528863,0.857764017,0.130161533,0.448638257,254669.652173666
87,254669678510000,0.105304206,-0.356594706,-0.000609872,-0.215296757,0.858274280,0.131298128,0.446960201,254669.685510000
88,254669711846666,0.109134950,-0.361016368,-0.004411298,-0.215672765,0.857914758,0.133039081,0.446954342,254669.718846666
89,254669745183041,0.112774518,-0.365374562,-0.007917182,-0.216447176,0.857558022,0.135268888,0.446595163,254669.752183041
90,254669778519583,0.115427682,-0.369779860,-0.012994516,-0.217430193,0.856265283,0.138579878,0.447581890,254669.785519583
91,254669811855958,0.118891813,-0.373427181,-0.016540459,-0.218307960,0.855560890,0.141831290,0.447483112,254669.818855958
92,254669845192583,0.122263516,-0.376906471,-0.019872441,-0.220397560,0.854907077,0.144320491,0.446912133,254669.852192583
93,254669878529083,0.124269766,-0.380848538,-0.024706554,-0.222872135,0.854209459,0.147098549,0.446112410,254669.885529083
94,254669911865625,0.127231609,-0.383774022,-0.027583631,-0.224880400,0.853761031,0.148351451,0.445547761,254669.918865625
95,254669945201958,0.129983959,-0.386760100,-0.030150991,-0.227342746,0.853358769,0.149294061,0.444753217,254669.952201958
96,254669978538583,0.133207526,-0.390385140,-0.033172848,-0.230515823,0.852640478,0.150388203,0.444128487,254669.985538583
97,254670011874916,0.135522272,-0.393093228,-0.035282210,-0.232477591,0.851972143,0.150985112,0.444185982,254670.018874916
98,254670045211500,0.137900689,-0.395964540,-0.037157594,-0.235107554,0.850919158,0.151493671,0.444646765,254670.052211500
99,254670078548083,0.138869308,-0.391090698,-0.034659532,-0.238576287,0.849080720,0.151360283,0.446355692,254670.085548083
100,254670111884541,0.141862285,-0.393775796,-0.035993041,-0.241689319,0.847665703,0.151531050,0.447311440,254670.118884541
101,254670145220916,0.145288413,-0.396677424,-0.037647150,-0.245222685,0.845953398,0.152441782,0.448319350,254670.152220916
102,254670178557583,0.150864246,-0.400690546,-0.040886481,-0.250475095,0.844219713,0.154471742,0.447988657,254670.185557583
103,254670211893916,0.155121032,-0.403582157,-0.043548786,-0.254440146,0.843629094,0.154658661,0.446800756,254670.218893916
104,254670245230500,0.159712903,-0.406315409,-0.046499314,-0.258047265,0.843871692,0.154904016,0.444181241,254670.252230500
105,254670278567083,0.166226422,-0.406351777,-0.046720354,-0.262795300,0.844710860,0.155337639,0.439627644,254670.285567083
106,254670311903375,0.171260491,-0.408449014,-0.049390239,-0.266677424,0.843980175,0.156991169,0.438103232,254670.318903375
107,254670345240000,0.176217421,-0.410470947,-0.051536365,-0.270693729,0.843155303,0.157487148,0.437049073,254670.352240000
108,254670378576458,0.185419684,-0.411408038,-0.051600140,-0.274962616,0.842876114,0.157049357,0.435075819,254670.385576458
109,254670411913000,0.190413804,-0.413390665,-0.053350691,-0.278131477,0.842846778,0.156094877,0.433458917,254670.418913000
110,254670445249416,0.197319509,-0.415972400,-0.055830568,-0.283007247,0.843238043,0.154776375,0.430000963,254670.452249416
111,254670478585916,0.203104761,-0.418718615,-0.059010359,-0.286703489,0.843071989,0.155544187,0.427594188,254670.485585916
112,254670511922416,0.208391908,-0.420499215,-0.061112802,-0.290468287,0.842301293,0.156798408,0.426111509,254670.518922416
113,254670545258916,0.215201159,-0.423123003,-0.063859150,-0.295785603,0.840044223,0.160422192,0.425560048,254670.552258916
114,254670578595416,0.219796381,-0.425091448,-0.066916785,-0.299877024,0.837599352,0.164168127,0.426086817,254670.585595416
115,254670611931875,0.224372434,-0.427146725,-0.069084292,-0.303099922,0.835813088,0.166640256,0.426354310,254670.618931875
116,254670645268375,0.230462095,-0.430077493,-0.072157295,-0.307856507,0.833048754,0.170385903,0.426875675,254670.652268375
117,254670678604958,0.234740897,-0.432188794,-0.075571032,-0.312066245,0.830970211,0.172664938,0.426954376,254670.685604958
118,254670711941458,0.239144111,-0.434267839,-0.078060876,-0.316755459,0.829043264,0.174486710,0.426506373,254670.718941458
119,254670745277833,0.245007827,-0.436822443,-0.081305720,-0.324070448,0.824837561,0.177107420,0.428082186,254670.752277833
120,254670778614375,0.249368203,-0.439107028,-0.083673523,-0.332672563,0.821285475,0.178486923,0.427740115,254670.785614375
121,254670811950875,0.253419641,-0.440616453,-0.085653353,-0.339964122,0.818207151,0.179946088,0.427294878,254670.818950875
122,254670845287416,0.258983471,-0.442368246,-0.088142824,-0.348149134,0.813919630,0.181573130,0.428203535,254670.852287416
123,254670878623958,0.263583639,-0.443731525,-0.088874361,-0.354103229,0.810681149,0.182824261,0.428931603,254670.885623958
124,254670911960333,0.267595629,-0.445351762,-0.090541015,-0.358293874,0.808399514,0.183036233,0.429666751,254670.918960333
125,254670945296791,0.273232672,-0.447676277,-0.093528693,-0.360746135,0.807531632,0.184656435,0.428552148,254670.952296791
126,254670978633291,0.277530842,-0.448399609,-0.094925110,-0.361949066,0.808203593,0.184217598,0.426454869,254670.985633291
127,254671011969833,0.282473782,-0.450334754,-0.098207682,-0.363070524,0.809621020,0.183570492,0.423078630,254671.018969833
128,254671045306250,0.289598546,-0.452615025,-0.103068155,-0.365434823,0.809826333,0.184704347,0.420146473,254671.052306250
129,254671078642791,0.296555067,-0.453087693,-0.105936960,-0.365620855,0.811030550,0.186370534,0.416913559,254671.085642791
130,254671111979208,0.302650728,-0.455028183,-0.109696668,-0.366254111,0.812421853,0.187832911,0.412973981,254671.118979208
131,254671145315833,0.310775917,-0.457185370,-0.114798830,-0.365978776,0.815552256,0.186243562,0.407734525,254671.152315833
132,254671178652166,0.317161238,-0.457284264,-0.118494520,-0.365488367,0.817617402,0.187036159,0.403655257,254671.185652166
133,254671211988666,0.323291985,-0.458567282,-0.122406448,-0.365607640,0.818512916,0.188296558,0.401138528,254671.218988666
134,254671245325208,0.331623790,-0.460051537,-0.127290400,-0.366853162,0.819199363,0.189260136,0.398135424,254671.252325208
135,254671278661833,0.337180948,-0.460369903,-0.130759843,-0.368380313,0.818795225,0.191420005,0.396520818,254671.285661833
136,254671311998208,0.343848790,-0.460821883,-0.134350067,-0.370147834,0.818898189,0.192753143,0.394008397,254671.318998208
137,254671345334541,0.353171431,-0.461185014,-0.138958454,-0.374111996,0.817909893,0.194776636,0.391312837,254671.352334541
138,254671378671041,0.358021622,-0.462046868,-0.143452242,-0.378161962,0.816525715,0.195700719,0.389846853,254671.385671041
139,254671412007708,0.365011104,-0.462090956,-0.146683828,-0.382052567,0.815246093,0.197346563,0.387896934,254671.419007708
140,254671445344083,0.374100188,-0.461955856,-0.150849083,-0.386609656,0.812342543,0.200847081,0.387676503,254671.452344083
141,254671478680541,0.375660666,-0.462812472,-0.154359128,-0.389629513,0.810617373,0.204162997,0.386530518,254671.485680541
142,254671512017125,0.383907132,-0.463087364,-0.157889093,-0.393894339,0.808129468,0.208406885,0.385150147,254671.519017125
143,254671545353625,0.390021103,-0.463196966,-0.160375825,-0.396453455,0.805947449,0.211271550,0.385535670,254671.552353625
144,254671578690083,0.392859503,-0.462758710,-0.161524062,-0.398463056,0.803996357,0.213951879,0.386059188,254671.585690083
145,254671612026500,0.400213689,-0.463170162,-0.164236635,-0.402107964,0.801304087,0.217979088,0.385624319,254671.619026500
146,254671645363041,0.405638532,-0.463660104,-0.166379377,-0.404160823,0.800706245,0.218067689,0.384668787,254671.652363041
147,254671678699458,0.407927649,-0.464009916,-0.167134840,-0.405065048,0.799970187,0.220137719,0.384069584,254671.685699458
148,254671712036000,0.414105573,-0.464945290,-0.170277637,-0.406255996,0.798209943,0.223968541,0.384259154,254671.719036000
149,254671745372500,0.418132235,-0.465897606,-0.172413497,-0.407141289,0.797572454,0.225541466,0.383725491,254671.752372500
150,254671778709041,0.417455155,-0.465023142,-0.171684364,-0.406807384,0.797720432,0.227162740,0.382814586,254671.785709041
151,254671812045458,0.421782080,-0.465741487,-0.174556023,-0.407572904,0.798348582,0.227427043,0.380527084,254671.819045458
152,254671845382000,0.424933829,-0.466214885,-0.176872214,-0.408489003,0.799494913,0.226811824,0.377493137,254671.852382000
153,254671878718458,0.428172155,-0.465219882,-0.178856456,-0.410180959,0.800928278,0.225312834,0.373496525,254671.885718458
154,254671912054875,0.432396078,-0.465701786,-0.182522382,-0.413025013,0.804345467,0.220063254,0.366075027,254671.919054875
155,254671945391375,0.435760853,-0.466100151,-0.185641514,-0.415830013,0.806622835,0.215639176,0.360478574,254671.952391375
156,254671978727833,0.442824954,-0.465582772,-0.190475803,-0.420176818,0.806182355,0.213324941,0.357790406,254671.985727833
157,254672012064208,0.447885726,-0.466037875,-0.194128136,-0.428071545,0.799001791,0.216586391,0.362548312,254672.019064208
158,254672045400833,0.451219125,-0.467095193,-0.196153199,-0.432598732,0.793740714,0.219423160,0.366998021,254672.052400833
159,254672078737375,0.454838520,-0.468203186,-0.198392395,-0.437812024,0.789321945,0.219402301,0.370343331,254672.085737375
160,254672112073875,0.459207326,-0.470305582,-0.201217497,-0.442193695,0.788185314,0.217256988,0.368819876,254672.119073875
161,254672145410291,0.462575624,-0.471659173,-0.203343161,-0.445513181,0.787087237,0.216149708,0.367819309,254672.152410291
162,254672178746750,0.466594373,-0.472742967,-0.205327001,-0.448274329,0.785680279,0.215915572,0.367610043,254672.185746750
163,254672212083250,0.471673533,-0.475115910,-0.207292882,-0.452713320,0.781135023,0.219464174,0.369748908,254672.219083250
164,254672245419666,0.475649524,-0.477242667,-0.208555536,-0.456423931,0.778081438,0.221240791,0.370565832,254672.252419666
165,254672278756208,0.479866841,-0.479710498,-0.210237234,-0.459963622,0.775369467,0.221696647,0.371599657,254672.285756208
166,254672312092666,0.485479184,-0.483001187,-0.212065480,-0.465107645,0.773076376,0.220494958,0.370688308,254672.319092666
167,254672345429208,0.489765055,-0.485646360,-0.213447576,-0.468307492,0.770887929,0.221774524,0.370453785,254672.352429208
168,254672378765750,0.490766278,-0.490296101,-0.213979486,-0.471129909,0.768710433,0.222887065,0.370732099,254672.385765750
169,254672412102083,0.496429196,-0.494684678,-0.215044461,-0.475588493,0.764879795,0.223778416,0.372421479,254672.419102083
170,254672445438541,0.500704420,-0.498030560,-0.215545847,-0.477830867,0.762411015,0.224322234,0.374281573,254672.452438541
171,254672478775083,0.504192670,-0.501564033,-0.211955179,-0.480920920,0.760333368,0.223741709,0.374897239,254672.485775083
172,254672512111666,0.508416960,-0.504729879,-0.212029010,-0.483774337,0.760088491,0.221742506,0.372905071,254672.519111666
173,254672545448041,0.512841468,-0.507523905,-0.212099943,-0.486758872,0.761115134,0.217874863,0.369188502,254672.552448041
174,254672578784666,0.518218454,-0.509952286,-0.212392934,-0.490005727,0.761767152,0.214946052,0.365244360,254672.585784666
175,254672612120958,0.522985733,-0.511445856,-0.212516196,-0.492854158,0.760303338,0.216574677,0.363495633,254672.619120958
176,254672645457458,0.527745712,-0.513135865,-0.212239549,-0.495086189,0.759821616,0.217210404,0.361082360,254672.652457458
177,254672678793916,0.532924412,-0.513944094,-0.211737877,-0.500051022,0.758285179,0.216700821,0.357761612,254672.685793916
178,254672712130500,0.537997046,-0.514906263,-0.210813147,-0.503269860,0.757864176,0.215269990,0.354993271,254672.719130500
179,254672745466875,0.542719363,-0.515574206,-0.209501207,-0.508135183,0.756342639,0.214955255,0.351480780,254672.752466875
180,254672778803500,0.548968798,-0.516571528,-0.207139084,-0.512060113,0.754643261,0.212850811,0.350717228,254672.785803500
181,254672812139833,0.553379325,-0.517626585,-0.205144905,-0.512818119,0.754186683,0.211908379,0.351162237,254672.819139833
182,254672845476375,0.557426027,-0.518856023,-0.202973041,-0.513515587,0.753231456,0.211268378,0.352576008,254672.852476375
183,254672878812750,0.570914367,-0.524587160,-0.204631098,-0.515050233,0.752182925,0.211289535,0.352563315,254672.885812750
184,254672912149208,0.574912682,-0.525441502,-0.202587655,-0.517430997,0.752001346,0.210255731,0.350073877,254672.919149208
185,254672945485791,0.578949657,-0.525818734,-0.200449010,-0.519900323,0.751656831,0.208654021,0.348108051,254672.952485791
186,254672978822333,0.584227211,-0.525627300,-0.196854294,-0.523295764,0.751801570,0.205462971,0.344588107,254672.985822333
187,254673012158708,0.587755549,-0.525737501,-0.193280859,-0.525622354,0.750556642,0.204101904,0.344569781,254673.019158708
188,254673045495208,0.590713866,-0.526079198,-0.189151515,-0.525983260,0.749721600,0.203423873,0.346233901,254673.052495208
189,254673078831583,0.595127891,-0.533347042,-0.188743378,-0.525500928,0.748482798,0.202091368,0.350401781,254673.085831583
190,254673112168208,0.596578169,-0.535009583,-0.183194693,-0.524237479,0.747957456,0.200926763,0.354066657,254673.119168208
191,254673145504583,0.597371005,-0.536456555,-0.177400111,-0.523284275,0.747694486,0.199631561,0.356754561,254673.152504583
192,254673178841208,0.598977594,-0.541609768,-0.170140746,-0.521478885,0.748312056,0.194927189,0.360683080,254673.185841208
193,254673212177541,0.598234693,-0.542973835,-0.163894121,-0.520760283,0.749035064,0.191472844,0.362068231,254673.219177541
194,254673245514083,0.597034449,-0.544131237,-0.157747488,-0.520521071,0.749754116,0.188038237,0.362723385,254673.252514083
195,254673278850500,0.597384796,-0.547090709,-0.149711873,-0.521649182,0.750113077,0.184461160,0.362196959,254673.285850500
196,254673312187000,0.595819517,-0.547671701,-0.143967160,-0.521937907,0.750577023,0.181766533,0.362182185,254673.319187000
197,254673345523541,0.594171174,-0.547878369,-0.138319379,-0.523075001,0.750544250,0.179269261,0.361854193,254673.352523541
198,254673378859958,0.594606902,-0.548332832,-0.130286396,-0.523934810,0.750497970,0.175691835,0.362460404,254673.385859958
199,254673412196375,0.592685744,-0.547619051,-0.124700055,-0.524874893,0.749705520,0.174172296,0.363472208,254673.419196375
200,254673445532875,0.589974996,-0.546496073,-0.117250231,-0.525400848,0.749149781,0.171464099,0.365141987,254673.452532875
201,254673478869291,0.590427899,-0.545789744,-0.111059962,-0.526326881,0.748305377,0.170486261,0.365996674,254673.485869291
202,254673512205833,0.588402832,-0.544258697,-0.105355651,-0.526666221,0.746622498,0.170348644,0.368997195,254673.519205833
203,254673545542333,0.585539099,-0.541751524,-0.097411057,-0.527192327,0.743856500,0.172082881,0.373005755,254673.552542333
204,254673578878875,0.583389492,-0.539098368,-0.090260072,-0.527023373,0.742108530,0.173138997,0.376223650,254673.585878875
205,254673612215250,0.580660961,-0.536680438,-0.084124971,-0.527086953,0.741293585,0.173822545,0.377424087,254673.619215250
206,254673645551791,0.576938467,-0.532759402,-0.076144632,-0.527640313,0.741680393,0.173851865,0.375874284,254673.652551791
207,254673678888208,0.575520024,-0.527506523,-0.070753185,-0.527724043,0.743643824,0.172935447,0.372282932,254673.685888208
208,254673712224708,0.572996562,-0.523539211,-0.064943062,-0.526402590,0.746704181,0.170842364,0.368979835,254673.719224708
209,254673745561250,0.569462749,-0.518069886,-0.056902353,-0.521126642,0.752233550,0.169284293,0.365943427,254673.752561250
210,254673778897708,0.565978432,-0.511480874,-0.050540262,-0.516984525,0.757566194,0.166482117,0.362083168,254673.785897708
211,254673812234166,0.563231996,-0.506950683,-0.043898966,-0.513298263,0.761891328,0.165210482,0.358820356,254673.819234166
212,254673845570583,0.559390022,-0.500282637,-0.034862655,-0.508652753,0.766344493,0.164423161,0.356305448,254673.852570583
213,254673878907125,0.555260729,-0.493418344,-0.027731570,-0.506486272,0.768274950,0.165300465,0.354825403,254673.885907125
214,254673912243583,0.552321955,-0.488111591,-0.020304596,-0.503790590,0.769862559,0.165726046,0.355023397,254673.919243583
215,254673945580000,0.548792117,-0.480863471,-0.010556809,-0.499520621,0.774012660,0.166676042,0.351571758,254673.952580000
216,254673978916541,0.545374119,-0.475097632,-0.004312156,-0.497460880,0.776376287,0.166744647,0.349240332,254673.985916541
217,254674012252958,0.543261542,-0.469492490,0.002562999,-0.494704824,0.779376712,0.166094282,0.346773444,254674.019252958
218,254674045589458,0.540382650,-0.462092691,0.011998993,-0.491185756,0.782841773,0.165928631,0.344039320,254674.052589458
219,254674078925958,0.538248515,-0.458416298,0.018922163,-0.489586850,0.784346756,0.165298478,0.343192873,254674.085925958
220,254674112262458,0.536090814,-0.453102626,0.026262221,-0.486721914,0.786693141,0.165285451,0.341901234,254674.119262458
221,254674145598916,0.533290055,-0.446381694,0.036200443,-0.481636828,0.791095299,0.163028182,0.340023614,254674.152598916
222,254674178935291,0.530809425,-0.442791275,0.042746554,-0.477033941,0.794818408,0.159343396,0.339576283,254674.185935291
223,254674212271791,0.528728303,-0.438290232,0.050310523,-0.470016170,0.799689433,0.155523586,0.339697038,254674.219271791
224,254674245608291,0.526232424,-0.432079969,0.060818040,-0.461992780,0.804091688,0.151564089,0.342092982,254674.252608291
225,254674278944916,0.523276675,-0.426419012,0.068736199,-0.455507546,0.807430500,0.149681186,0.343750576,254674.285944916
226,254674312281208,0.521209887,-0.421749188,0.076478142,-0.448267124,0.811213511,0.148259222,0.344976059,254674.319281208
227,254674345617750,0.518600513,-0.415931731,0.086533203,-0.437821273,0.817347843,0.142705927,0.346251509,254674.352617750
228,254674378954125,0.515418312,-0.410178940,0.093167771,-0.431650727,0.821559417,0.138988393,0.345543129,254674.385954125
229,254674412290750,0.513016007,-0.405335364,0.100297460,-0.425871671,0.824936843,0.136166825,0.345790651,254674.419290750
230,254674445627166,0.509675497,-0.399173380,0.109660329,-0.416126659,0.830425903,0.133901440,0.345401042,254674.452627166
231,254674478963625,0.506273970,-0.394331668,0.116070168,-0.409888920,0.833631385,0.131933762,0.345894959,254674.485963625
232,254674512300083,0.502795977,-0.388869879,0.125934119,-0.400565936,0.836912357,0.128799584,0.350050508,254674.519300083
233,254674545636541,0.499924021,-0.384661485,0.133537350,-0.394412685,0.838823907,0.127727975,0.352843740,254674.552636541
234,254674578973041,0.495563160,-0.379562251,0.140928874,-0.386816034,0.841519728,0.123104096,0.356459447,254674.585973041
235,254674612309500,0.491165708,-0.374972042,0.151218964,-0.372807000,0.849935455,0.110713738,0.355481623,254674.619309500
236,254674645646041,0.488231072,-0.371313761,0.158764100,-0.363285164,0.856247058,0.103927940,0.352227060,254674.652646041
237,254674678982625,0.486928735,-0.364831224,0.166965499,-0.354715177,0.860975680,0.097830620,0.351179790,254674.685982625
238,254674712318916,0.484072854,-0.358740209,0.177667111,-0.349610461,0.860931325,0.097042623,0.356584578,254674.719318916
239,254674745655291,0.481509442,-0.354002473,0.186160470,-0.346221303,0.862118056,0.097087494,0.357011680,254674.752655291
240,254674778991833,0.481072873,-0.346064942,0.197599545,-0.345771926,0.862204279,0.099007003,0.356711681,254674.785991833
241,254674812328333,0.478859370,-0.339212042,0.208011686,-0.345143544,0.863625512,0.099946662,0.353606600,254674.819328333
242,254674845664750,0.477275415,-0.333893259,0.215554402,-0.343000381,0.864428659,0.102444272,0.353014243,254674.852664750
243,254674879001250,0.477661239,-0.329247540,0.224683081,-0.341139323,0.864917766,0.106146891,0.352525333,254674.886001250
244,254674912337750,0.476363689,-0.323090212,0.234513276,-0.337707019,0.865664602,0.110318329,0.352716154,254674.919337750
245,254674945674125,0.475472930,-0.318803392,0.241468057,-0.332761945,0.867353264,0.113111402,0.352382841,254674.952674125
246,254674979010583,0.476692047,-0.314830270,0.248311127,-0.327494586,0.869099109,0.117298545,0.351646327,254674.986010583
247,254675012347000,0.476784480,-0.309953248,0.256371621,-0.322596352,0.869671469,0.127832305,0.351087004,254675.019347000
248,254675045683458,0.476955583,-0.306137066,0.262494913,-0.319882330,0.869752348,0.133961681,0.351084704,254675.052683458
249,254675079019958,0.477664869,-0.301686731,0.269854054,-0.318082167,0.869912036,0.140151706,0.349906184,254675.086019958
250,254675112356541,0.477971412,-0.295777500,0.277676318,-0.317289357,0.869414772,0.145444023,0.349702028,254675.119356541
251,254675145693041,0.478159864,-0.291380029,0.283101725,-0.316128839,0.868897887,0.149806551,0.350195759,254675.152693041
252,254675179029458,0.476922356,-0.285084153,0.292068236,-0.315775926,0.867940778,0.152219634,0.351843158,254675.186029458
253,254675212365833,0.476524114,-0.279341168,0.299126878,-0.312601370,0.868340856,0.155711761,0.352162522,254675.219365833
254,254675245702333,0.476076474,-0.275278576,0.304203743,-0.308650209,0.869862979,0.156169848,0.351688040,254675.252702333
255,254675279038875,0.474724331,-0.264528295,0.312606873,-0.302958216,0.871412495,0.155357680,0.353158076,254675.286038875
256,254675312375291,0.473266635,-0.259361902,0.319073752,-0.292909574,0.871550479,0.157080661,0.360457298,254675.319375291
257,254675345711750,0.471611889,-0.255979060,0.323725263,-0.285015277,0.873239577,0.158231774,0.362190133,254675.352711750
258,254675379048250,0.468664482,-0.246600838,0.328064671,-0.275444560,0.876520284,0.158012546,0.361765912,254675.386048250
259,254675412384708,0.465930628,-0.241151962,0.332624795,-0.263130430,0.881711102,0.153352733,0.360320555,254675.419384708
260,254675445721125,0.463555472,-0.236895514,0.335675914,-0.251375326,0.885914267,0.149540846,0.360005479,254675.452721125
261,254675479057625,0.460541732,-0.226403074,0.332558102,-0.236917483,0.890328430,0.144385359,0.361023980,254675.486057625
262,254675512394041,0.457454592,-0.221210236,0.335095938,-0.226289341,0.892656588,0.141063360,0.363398585,254675.519394041
263,254675545730583,0.454086998,-0.215841647,0.337542485,-0.217444335,0.894357069,0.139843626,0.365085206,254675.552730583
264,254675579067125,0.450563037,-0.205065961,0.336946077,-0.207633489,0.896027009,0.138878155,0.367065177,254675.586067125
265,254675612403541,0.446992515,-0.198774126,0.338807790,-0.201470279,0.896688069,0.139532149,0.368634055,254675.619403541
266,254675645740041,0.443373251,-0.192107230,0.340662858,-0.196579710,0.896700952,0.141443422,0.370509962,254675.652740041
267,254675679076375,0.440613262,-0.182809168,0.341395443,-0.190191358,0.896384053,0.144207598,0.373533263,254675.686076375
268,254675712412875,0.436591190,-0.176136389,0.342936925,-0.183702648,0.896624845,0.146646848,0.375249224,254675.719412875
269,254675745749416,0.432446820,-0.169740784,0.344372968,-0.175877422,0.896965607,0.148537244,0.377434196,254675.752749416
270,254675779085916,0.427499296,-0.160387425,0.350218054,-0.165298524,0.898067922,0.152835560,0.377877957,254675.786085916
271,254675812422250,0.423546003,-0.154465268,0.351248076,-0.159347783,0.898467388,0.157267879,0.377665863,254675.819422250
272,254675845758791,0.419826385,-0.148340831,0.352449478,-0.154831350,0.897870707,0.161613851,0.379125920,254675.852758791
273,254675879095208,0.415907799,-0.138224837,0.358498794,-0.151840050,0.897275512,0.166017535,0.379841395,254675.886095208
274,254675912431666,0.411998595,-0.131330894,0.361099828,-0.150279459,0.896670647,0.167856019,0.381080366,254675.919431666
275,254675945768208,0.408001599,-0.124322221,0.363846161,-0.149190540,0.895834734,0.169490885,0.382746921,254675.952768208
276,254675979104666,0.403303650,-0.114369365,0.370442610,-0.147686145,0.895861943,0.169898673,0.383085728,254675.986104666
277,254676012441000,0.398922838,-0.107639834,0.373452379,-0.145355118,0.895793432,0.171307909,0.383509675,254676.019441000
278,254676045777541,0.394623419,-0.101046692,0.376387135,-0.142881733,0.895718639,0.171644687,0.384462071,254676.052777541
279,254676079114000,0.392272756,-0.090145932,0.379366038,-0.141609623,0.896427792,0.170288299,0.383882633,254676.086114000
280,254676112450541,0.388222766,-0.083189588,0.382628164,-0.141305276,0.895920540,0.169732177,0.385422166,254676.119450541
281,254676145786916,0.384226449,-0.076255710,0.385635889,-0.140170222,0.895500080,0.170513945,0.386467286,254676.152786916
282,254676179123500,0.379728879,-0.065469092,0.389938299,-0.140163592,0.893753227,0.173690115,0.389090135,254676.186123500
283,254676212459791,0.375595161,-0.059516980,0.392781194,-0.139750693,0.894081503,0.171357138,0.389518669,254676.219459791
284,254676245796416,0.371377537,-0.053216604,0.395668830,-0.139399772,0.894397418,0.169862904,0.389573625,254676.252796416
285,254676279132833,0.368589647,-0.041974459,0.398883247,-0.138574307,0.895130438,0.168224092,0.388895060,254676.286132833
286,254676312469333,0.364607309,-0.035647243,0.401628878,-0.137870956,0.895467748,0.166923644,0.388928865,254676.319469333
287,254676345805666,0.360502820,-0.029140505,0.404532095,-0.137591430,0.895452643,0.166655038,0.389177740,254676.352805666
288,254676379142291,0.356979960,-0.024014835,0.407059417,-0.137239345,0.895600990,0.164441941,0.389901436,254676.386142291
289,254676412478583,0.352635583,-0.017559582,0.410426444,-0.136759215,0.895850394,0.163599183,0.389851702,254676.419478583
290,254676445815083,0.348233544,-0.011164210,0.413771434,-0.135262131,0.895799003,0.163450947,0.390553637,254676.452815083
291,254676479151500,0.345096834,-0.009578067,0.414733891,-0.132192986,0.896885451,0.162475056,0.389516895,254676.486151500
292,254676512488083,0.341149232,-0.004735138,0.417432218,-0.129170127,0.897353760,0.163689984,0.388943376,254676.519488083
293,254676545824541,0.336198873,0.000965338,0.420714769,-0.124848399,0.898792951,0.164035072,0.386880675,254676.552824541
294,254676579160958,0.334570436,0.000248508,0.420168853,-0.120755988,0.900487078,0.162669760,0.384811144,254676.586160958
295,254676612497333,0.331159428,0.003877413,0.422909387,-0.119309935,0.900937846,0.163025459,0.384055843,254676.619497333
296,254676645833833,0.326200138,0.008876689,0.427548211,-0.116464504,0.902792651,0.158426163,0.382495297,254676.652833833
297,254676679170375,0.323802223,0.008456960,0.429830029,-0.115243045,0.903469312,0.153459597,0.383291596,254676.686170375
298,254676712506833,0.319545471,0.012005670,0.434287802,-0.114589290,0.903838862,0.151088130,0.383558388,254676.719506833
299,254676745843166,0.313504960,0.016160948,0.440884579,-0.113001622,0.904309990,0.147443660,0.384336436,254676.752843166
300,254676779179708,0.307419558,0.019750072,0.446634806,-0.111908774,0.903824227,0.148389939,0.385433096,254676.786179708
301,254676812516166,0.302575308,0.021357676,0.451571282,-0.109489368,0.903490007,0.147716498,0.387166340,254676.819516166
302,254676845852666,0.295688138,0.022350921,0.458502535,-0.105164397,0.904247995,0.142980872,0.388371647,254676.852852666
303,254676879189083,0.289117845,0.023551529,0.464024978,-0.101748196,0.903970089,0.142794162,0.389993928,254676.886189083
304,254676912525583,0.283807709,0.024027475,0.469264799,-0.098372873,0.904803020,0.138338506,0.390533973,254676.919525583
305,254676945861958,0.276743852,0.024507547,0.476175739,-0.095341219,0.906024530,0.133900287,0.390000474,254676.952861958
306,254676979198500,0.273011717,0.024341534,0.480545102,-0.093249669,0.907383768,0.130095809,0.388631356,254676.986198500
307,254677012534833,0.268558140,0.024854313,0.485097617,-0.091502489,0.908018401,0.129132160,0.387885056,254677.019534833
308,254677045871375,0.263065987,0.025100003,0.490792911,-0.091127871,0.908413645,0.130367772,0.386632458,254677.052871375
309,254677079207916,0.262159160,0.019137819,0.493379489,-0.091764536,0.908333260,0.131400683,0.386320945,254677.086207916
310,254677112544208,0.258663026,0.018546442,0.497506423,-0.092394131,0.908553381,0.131930059,0.385471907,254677.119544208
311,254677145880708,0.254030002,0.017268562,0.503104384,-0.091218510,0.908854121,0.130829644,0.385417991,254677.152880708
312,254677179217166,0.252724490,0.012777348,0.505184866,-0.091780192,0.909405006,0.128512806,0.384764140,254677.186217166
313,254677212553666,0.249360733,0.010973040,0.509411231,-0.093321020,0.909753872,0.126874530,0.384111945,254677.219553666
314,254677245890125,0.245078721,0.008468514,0.515344524,-0.094757961,0.910946817,0.120627325,0.382943766,254677.252890125
315,254677279226583,0.241031404,0.006723856,0.521018541,-0.098041115,0.911053621,0.116368629,0.383180943,254677.286226583
316,254677312563041,0.237629945,0.004094618,0.526069573,-0.099902484,0.911298628,0.110401339,0.383882668,254677.319563041
317,254677345899541,0.233067122,0.000371164,0.532785450,-0.102052512,0.911427708,0.104891100,0.384555234,254677.352899541
318,254677379236000,0.227887890,-0.001052773,0.539711119,-0.104935081,0.910356180,0.103758547,0.386619285,254677.386236000
319,254677412572375,0.224654209,-0.004713916,0.544876230,-0.107001213,0.910241789,0.099899807,0.387337976,254677.419572375
320,254677445908875,0.220312502,-0.009897348,0.552104072,-0.111173273,0.908829244,0.097768290,0.390014517,254677.452908875
321,254677479245208,0.216869979,-0.014334056,0.557825669,-0.113855844,0.908131017,0.095731835,0.391369866,254677.486245208
322,254677512581750,0.212892927,-0.020348113,0.565071989,-0.120399368,0.906661395,0.095764220,0.392808318,254677.519581750
323,254677545918166,0.210209982,-0.024912383,0.570231383,-0.126354631,0.905797105,0.094533238,0.393229744,254677.552918166
324,254677579254625,0.211205734,-0.031265131,0.571820198,-0.130425077,0.904805682,0.094949648,0.394081965,254677.586254625
325,254677612591083,0.208881326,-0.037423431,0.577713814,-0.139030227,0.903381590,0.096047020,0.394141246,254677.619591083
326,254677645927666,0.207576027,-0.042342287,0.581832963,-0.145310047,0.902355818,0.096610147,0.394088189,254677.652927666
327,254677679264166,0.211611481,-0.049697971,0.582028848,-0.152225220,0.900919995,0.099670981,0.394000500,254677.686264166
328,254677712600500,0.210981877,-0.056517266,0.587080128,-0.160383325,0.899335931,0.101108381,0.394016778,254677.719600500
329,254677745937000,0.210567076,-0.062104864,0.590823694,-0.165294153,0.898108891,0.100985559,0.394816707,254677.752937000
330,254677779273416,0.211288659,-0.068888392,0.593465511,-0.170176458,0.896431298,0.101193294,0.396498261,254677.786273416
331,254677812609958,0.210825572,-0.077141564,0.598299086,-0.175723440,0.895536580,0.101250596,0.396085694,254677.819609958
332,254677845946458,0.210969792,-0.083512272,0.601716456,-0.182993050,0.893444783,0.106212494,0.396218276,254677.852946458
333,254677879282791,0.211839900,-0.089253587,0.604076151,-0.187989293,0.892549769,0.109021462,0.395132016,254677.886282791
334,254677912619250,0.212323495,-0.098107492,0.608447983,-0.191710735,0.892065433,0.107137718,0.394952934,254677.919619250
335,254677945955833,0.212848615,-0.104813763,0.611377476,-0.196295047,0.891038727,0.108991111,0.394511384,254677.952955833
336,254677979292166,0.213105626,-0.109366082,0.614027119,-0.199262323,0.890302567,0.108497028,0.394821877,254677.986292166
337,254678012628708,0.214081713,-0.117838741,0.617903801,-0.203211221,0.888917915,0.111050596,0.395218874,254678.019628708
338,254678045965208,0.214813601,-0.124418827,0.620750863,-0.205864328,0.887686851,0.114173778,0.395722547,254678.052965208
339,254678079301625,0.214400236,-0.129784170,0.623509987,-0.206142081,0.887012177,0.115595622,0.396676877,254678.086301625
340,254678112638041,0.215386388,-0.139058083,0.627163735,-0.208663434,0.884450273,0.120517176,0.399603490,254678.119638041
341,254678145974541,0.216149554,-0.146045141,0.630013610,-0.210143890,0.882476525,0.123244243,0.402350144,254678.152974541
342,254678179310958,0.213978597,-0.155306411,0.636780304,-0.211011533,0.880824517,0.126133673,0.404614202,254678.186310958
343,254678212647500,0.215482518,-0.165322874,0.640222101,-0.213765830,0.878570371,0.129533273,0.406988277,254678.219647500
344,254678245983875,0.216900060,-0.172857122,0.642544604,-0.215663540,0.876827387,0.131846395,0.408998230,254678.252983875
345,254678279320333,0.216653200,-0.181582217,0.646916693,-0.219859269,0.874624503,0.135758437,0.410199440,254678.286320333
346,254678312656833,0.219029683,-0.191368940,0.650347847,-0.226453552,0.871726223,0.136125566,0.412652474,254678.319656833
347,254678345993166,0.221039539,-0.198577015,0.652526175,-0.230559068,0.870087318,0.136811045,0.413610162,254678.352993166
348,254678379329583,0.221718063,-0.205166167,0.656295369,-0.235581954,0.868326355,0.135598581,0.414877769,254678.386329583
349,254678412666125,0.225515278,-0.214939831,0.658326018,-0.242768558,0.866131680,0.133773775,0.415913417,254678.419666125
350,254678446002666,0.229019338,-0.222067210,0.659228892,-0.248906301,0.864826169,0.133588812,0.415060757,254678.453002666
351,254678479338958,0.233590358,-0.225517717,0.658261423,-0.254321096,0.863850062,0.131330914,0.414531175,254678.486338958
352,254678512675458,0.240053016,-0.234734018,0.657851190,-0.262146430,0.861902755,0.130597282,0.413941171,254678.519675458
353,254678546012000,0.245517725,-0.241347696,0.656972788,-0.269960622,0.860261562,0.132638447,0.411677547,254678.553012000
354,254678579348416,0.253990462,-0.249957689,0.654684090,-0.281450175,0.857751746,0.135662326,0.408219950,254678.586348416
355,254678612684833,0.260805065,-0.256262981,0.652256827,-0.288290888,0.855847185,0.138469700,0.406497423,254678.619684833
356,254678646021375,0.267728412,-0.262629746,0.649459125,-0.293716746,0.855101686,0.138942167,0.404013251,254678.653021375
357,254678679357708,0.279217164,-0.265495877,0.639954373,-0.299251638,0.854176979,0.141537141,0.400995557,254678.686357708
358,254678712694208,0.287145172,-0.271828133,0.635670163,-0.302612191,0.852380333,0.146718928,0.400433813,254678.719694208
359,254678746030666,0.295436620,-0.278250647,0.631200678,-0.306394333,0.848992691,0.153790036,0.402097752,254678.753030666
360,254678779367083,0.310521628,-0.287929572,0.621912071,-0.310159002,0.847700507,0.161863220,0.398755056,254678.786367083
361,254678812703541,0.319630301,-0.294355211,0.616413918,-0.312890617,0.846211411,0.166953985,0.397683454,254678.819703541
362,254678846040083,0.329157748,-0.300405854,0.610154950,-0.315542276,0.846498111,0.172629545,0.392521481,254678.853040083
363,254678879376541,0.339674076,-0.311233840,0.601535871,-0.318210631,0.846041388,0.181433274,0.387347369,254678.886376541
364,254678912712958,0.349752887,-0.317368995,0.594252991,-0.319847868,0.845870414,0.186194851,0.384099095,254678.919712958
365,254678946049375,0.359768338,-0.323523227,0.586641689,-0.320613359,0.847314700,0.189968327,0.378387316,254678.953049375
366,254678979385875,0.371016671,-0.333777346,0.579550123,-0.320811936,0.849813546,0.190854500,0.372117256,254678.986385875
367,254679012722291,0.381650592,-0.339841490,0.570760522,-0.322080626,0.851473464,0.192051093,0.366569831,254679.019722291
368,254679046058750,0.392272639,-0.345628901,0.562045371,-0.324677383,0.851376967,0.194237407,0.363336952,254679.053058750
369,254679079395166,0.404277048,-0.354623055,0.554356466,-0.330302506,0.851441124,0.191635526,0.359477599,254679.086395166
370,254679112731583,0.414642006,-0.359785495,0.546064732,-0.335458720,0.850540675,0.189874823,0.357764743,254679.119731583
371,254679146068125,0.425189376,-0.364511810,0.537572826,-0.341686872,0.851012832,0.188803369,0.351255722,254679.153068125
372,254679179404625,0.435525862,-0.370286367,0.526013151,-0.350088310,0.850323796,0.181209060,0.348641573,254679.186404625
373,254679212740916,0.445754753,-0.375146896,0.517598118,-0.355889322,0.848711037,0.173786972,0.350471835,254679.219740916
374,254679246077375,0.455284390,-0.380069610,0.509847199,-0.361251283,0.847758995,0.163108715,0.352417079,254679.253077375
375,254679279413958,0.462516821,-0.384699805,0.499303937,-0.368856959,0.846147621,0.150150413,0.354166138,254679.286413958
376,254679312750375,0.471015949,-0.388518835,0.491103706,-0.373890573,0.844666725,0.143877475,0.355025757,254679.319750375
377,254679346086791,0.479305268,-0.392396410,0.482924091,-0.379417309,0.843216026,0.141539109,0.353547695,254679.353086791
378,254679379423291,0.486674686,-0.399102847,0.470243266,-0.388848508,0.839799466,0.149924981,0.347931385,254679.386423291
379,254679412759666,0.494244416,-0.402235580,0.461175387,-0.396440503,0.836845456,0.159392152,0.342226249,254679.419759666
380,254679446096083,0.501432595,-0.405308300,0.452196577,-0.401334855,0.833864551,0.168528897,0.339408763,254679.453096083
381,254679479432625,0.512013459,-0.415923060,0.437850511,-0.404305193,0.829280513,0.171865416,0.345388874,254679.486432625
382,254679512769041,0.517645226,-0.419594917,0.430391378,-0.405550299,0.823972890,0.164645594,0.359846513,254679.519769041
383,254679546105458,0.524011308,-0.423714936,0.421595338,-0.407038915,0.814988380,0.155844254,0.381871553,254679.553105458
384,254679579441958,0.533104663,-0.433639548,0.414300302,-0.410679040,0.809708586,0.143839043,0.393732289,254679.586441958
385,254679612778416,0.536643010,-0.436505283,0.407435840,-0.415684900,0.804168188,0.134117730,0.403152671,254679.619778416
386,254679646114875,0.542734825,-0.439749339,0.396116517,-0.424668378,0.798445359,0.137373581,0.404067235,254679.653114875
387,254679679451208,0.549923230,-0.445028716,0.387400041,-0.432926628,0.793916349,0.142315999,0.402514067,254679.686451208
388,254679712787708,0.555817762,-0.448833821,0.377395437,-0.443085425,0.787553095,0.148229065,0.401825367,254679.719787708
389,254679746124166,0.563422971,-0.454156575,0.363480328,-0.456486951,0.779255400,0.153497074,0.401022925,254679.753124166
390,254679779460791,0.573812694,-0.459420029,0.354089923,-0.466281854,0.773228820,0.159180454,0.399199274,254679.786460791
391,254679812797166,0.579459837,-0.463985679,0.343290862,-0.476494319,0.766810825,0.157977556,0.399996834,254679.819797166
392,254679846133625,0.587069385,-0.470657252,0.328388741,-0.488889870,0.756374419,0.159955721,0.404102281,254679.853133625
393,254679879469916,0.600449852,-0.474743795,0.318758892,-0.495836754,0.746021828,0.170003911,0.410726270,254679.886469916
394,254679912806500,0.606185521,-0.480438203,0.306872661,-0.503145767,0.735995693,0.180048796,0.415616604,254679.919806500
395,254679946142916,0.613571504,-0.489420574,0.290968999,-0.509351622,0.729645704,0.177919892,0.420145971,254679.953142916
396,254679979479250,0.626976176,-0.497407199,0.276179889,-0.508402468,0.727120682,0.178565516,0.425366729,254679.986479250
397,254680012815833,0.633097655,-0.504475021,0.261396142,-0.505127032,0.727696361,0.177644216,0.428657525,254680.019815833
398,254680046152291,0.641398438,-0.515174362,0.241005965,-0.499286599,0.730997106,0.176915958,0.430182427,254680.053152291
399,254680079488583,0.652080118,-0.524752191,0.222283724,-0.493754955,0.735257293,0.175242383,0.429991764,254680.086488583
400,254680112825125,0.658657216,-0.532242133,0.204628254,-0.492450212,0.736169611,0.178909503,0.428413976,254680.119825125
401,254680146161583,0.666753555,-0.541773651,0.181029315,-0.491514145,0.735306839,0.183670569,0.428955560,254680.153161583
402,254680179498000,0.673821016,-0.547486692,0.163974567,-0.490912446,0.736707851,0.184782092,0.426757711,254680.186498000
403,254680212834458,0.679091138,-0.553811791,0.146867943,-0.490021300,0.738320486,0.184728286,0.425014706,254680.219834458
404,254680246171000,0.685800373,-0.561809293,0.123886527,-0.486138725,0.740156959,0.183409306,0.426846455,254680.253171000
405,254680279507291,0.687163914,-0.565031309,0.106876889,-0.481035251,0.742868547,0.181564031,0.428702654,254680.286507291
406,254680312843791,0.691266794,-0.571219027,0.089958892,-0.475825109,0.745975420,0.179720510,0.429897349,254680.319843791
407,254680346180250,0.696652902,-0.579021502,0.067225189,-0.470039912,0.749818307,0.179876724,0.429510658,254680.353180250
408,254680379516708,0.696952650,-0.579037615,0.050837699,-0.465625886,0.752916455,0.179210090,0.429177287,254680.386516708
409,254680412853166,0.699937415,-0.583733241,0.034457832,-0.461325692,0.756055485,0.177300058,0.429096088,254680.419853166
410,254680446189625,0.703591570,-0.588826772,0.013524729,-0.458747707,0.759541204,0.172785171,0.427543026,254680.453189625
411,254680479526083,0.702195219,-0.586722918,0.002512176,-0.456250258,0.760324764,0.170977904,0.429544602,254680.486526083
412,254680512862416,0.704598866,-0.589308867,-0.012270638,-0.454515521,0.759340106,0.175569993,0.431269610,254680.519862416
413,254680546198833,0.707287391,-0.593707405,-0.031567224,-0.452747746,0.757907415,0.180658019,0.433541880,254680.553198833
414,254680579535291,0.702424805,-0.593587517,-0.040722653,-0.447849024,0.759092485,0.181388465,0.436243200,254680.586535291
415,254680612871750,0.704364079,-0.599012521,-0.059900360,-0.441442396,0.764286288,0.177132050,0.435453064,254680.619871750
416,254680646208250,0.706202244,-0.602818722,-0.074149422,-0.440056649,0.767043140,0.175308756,0.432737635,254680.653208250
417,254680679544666,0.702570237,-0.600908199,-0.084355188,-0.438180951,0.770540195,0.173805980,0.429018410,254680.686544666
418,254680712881125,0.704999581,-0.604531558,-0.103099680,-0.436943193,0.772231799,0.178675565,0.425222049,254680.719881125
419,254680746217583,0.706966569,-0.607514913,-0.117168325,-0.435543014,0.773254125,0.184357495,0.422365610,254680.753217583
420,254680779553958,0.708688148,-0.609909034,-0.133853423,-0.434145163,0.773512519,0.190362459,0.420664413,254680.786553958
421,254680812890416,0.711294036,-0.614236157,-0.153718867,-0.431229522,0.774043934,0.198354830,0.418989859,254680.819890416
422,254680846226958,0.713209405,-0.617664144,-0.169043878,-0.428218002,0.774070281,0.205431899,0.418619553,254680.853226958
423,254680879563375,0.714038421,-0.621675302,-0.185377995,-0.426025672,0.773801746,0.212849951,0.417645706,254680.886563375
424,254680912899875,0.716421808,-0.626168900,-0.205955008,-0.423434416,0.775266104,0.219407376,0.414157240,254680.919899875
425,254680946236208,0.718295091,-0.629288078,-0.221288385,-0.419907270,0.775530714,0.225621668,0.413914136,254680.953236208
426,254680979572625,0.720780443,-0.635570545,-0.240849900,-0.415419312,0.774081343,0.233770148,0.416625061,254680.986572625
427,254681012909083,0.723454564,-0.639951905,-0.259465052,-0.410390597,0.772720610,0.242294908,0.419256064,254681.019909083
428,254681046245583,0.725405527,-0.643220708,-0.273140891,-0.407805405,0.772083405,0.247768256,0.419753393,254681.053245583
429,254681079582125,0.727257875,-0.650812662,-0.291200152,-0.402529518,0.770163100,0.254684447,0.424210646,254681.086582125
430,254681112918458,0.729201910,-0.656393528,-0.310783296,-0.388192254,0.765948803,0.270332181,0.435373139,254681.119918458
431,254681146254916,0.730236301,-0.662208728,-0.325345512,-0.376337016,0.763803832,0.281243066,0.442579426,254681.153254916
432,254681179591375,0.731184227,-0.668289905,-0.342982406,-0.363341339,0.763340269,0.290968683,0.447919617,254681.186591375
433,254681212927875,0.732519040,-0.675576503,-0.362969275,-0.353209593,0.764889601,0.297890141,0.448830033,254681.219927875
434,254681246264125,0.733690992,-0.679950172,-0.377185008,-0.348105526,0.764216979,0.304015362,0.449855159,254681.253264125
435,254681279600708,0.733927475,-0.683831435,-0.391719550,-0.345429393,0.763177899,0.306492314,0.451996177,254681.286600708
436,254681312937041,0.734766210,-0.688261053,-0.405370742,-0.339798970,0.760172416,0.310210523,0.458741805,254681.319937041
437,254681346273625,0.735214216,-0.691454010,-0.414067110,-0.338214432,0.757520622,0.310837152,0.463846768,254681.353273625
438,254681379609875,0.737258888,-0.690841156,-0.429293935,-0.336446344,0.754961517,0.310573370,0.469447762,254681.386609875
439,254681412946375,0.736659850,-0.694143187,-0.439542930,-0.335602076,0.752460463,0.309561304,0.474706593,254681.419946375
440,254681446282875,0.736038108,-0.696612076,-0.446849255,-0.335884470,0.750399568,0.309035372,0.478099679,254681.453282875
441,254681479619375,0.731127820,-0.689388977,-0.440594419,-0.336794407,0.747932099,0.307948406,0.482011344,254681.486619375
442,254681512955708,0.729102053,-0.691396553,-0.447778868,-0.338622553,0.745555224,0.302536856,0.487804959,254681.519955708
443,254681546292250,0.726942749,-0.692873836,-0.452451675,-0.339222650,0.744379486,0.296135353,0.493083239,254681.553292250
444,254681579628666,0.720248156,-0.678755188,-0.437072274,-0.339191099,0.743909431,0.288548285,0.498285158,254681.586628666
445,254681612965125,0.715176236,-0.679345514,-0.443895770,-0.338753672,0.741357849,0.283041880,0.505491679,254681.619965125
446,254681646301541,0.710388594,-0.679972897,-0.450157298,-0.337402193,0.739263909,0.280253225,0.510986122,254681.653301541
447,254681679638000,0.703170047,-0.676528976,-0.466861512,-0.330960007,0.739377897,0.276837441,0.516862538,254681.686638000
448,254681712974458,0.695343183,-0.676525510,-0.476440055,-0.325586736,0.741870824,0.270867103,0.519857695,254681.719974458
449,254681746310833,0.687155924,-0.676222073,-0.487293875,-0.318244830,0.745521854,0.265081307,0.522158355,254681.753310833
450,254681779647208,0.679112542,-0.679328352,-0.527033979,-0.298050224,0.752949678,0.247992946,0.531725868,254681.786647208
451,254681812983750,0.669591388,-0.679083667,-0.539666147,-0.280908233,0.756730879,0.233722229,0.542054346,254681.819983750
452,254681846320208,0.659938390,-0.678725008,-0.552544609,-0.265497104,0.763311376,0.222838125,0.545169931,254681.853320208
453,254681879656583,0.647174153,-0.677277764,-0.570687972,-0.253720696,0.773693229,0.205113050,0.543096019,254681.886656583
454,254681912993000,0.639937252,-0.675824091,-0.583592877,-0.252780002,0.782161710,0.194344341,0.535308939,254681.919993000
455,254681946329500,0.633445714,-0.673871063,-0.596558124,-0.253543119,0.789116744,0.186442871,0.527493849,254681.953329500
456,254681979665833,0.626612835,-0.669948011,-0.608322336,-0.256261825,0.798658400,0.178593508,0.514372481,254681.986665833
457,254682013002291,0.622175889,-0.667747833,-0.620215017,-0.258288143,0.805080443,0.171797726,0.505587094,254682.020002291
458,254682046338791,0.618830655,-0.664647458,-0.631389379,-0.264535378,0.809686412,0.168284854,0.496093952,254682.053338791
459,254682079675250,0.616353952,-0.661248123,-0.640858137,-0.281804459,0.813228648,0.168561323,0.480450357,254682.086675250
460,254682113011708,0.615024880,-0.656174146,-0.650378354,-0.294945386,0.812240525,0.171908253,0.472990649,254682.120011708
461,254682146348125,0.613997498,-0.650951544,-0.659363959,-0.303312165,0.809588406,0.176363283,0.470600030,254682.153348125
462,254682179684583,0.613691976,-0.647740189,-0.667625483,-0.315327098,0.807448503,0.183729216,0.463507674,254682.186684583
463,254682213021000,0.613075561,-0.643054438,-0.675910875,-0.322274857,0.806560700,0.190078540,0.457677785,254682.220021000
464,254682246357375,0.613401337,-0.637536935,-0.684208204,-0.331612536,0.805465228,0.200817323,0.448253665,254682.253357375
465,254682279693750,0.616387084,-0.632627682,-0.693116653,-0.345330004,0.803377649,0.215412403,0.434659741,254682.286693750
466,254682313030250,0.617618467,-0.626846614,-0.699953530,-0.355051345,0.800459179,0.224222119,0.427700992,254682.320030250
467,254682346366750,0.618829539,-0.620622945,-0.705859645,-0.365164144,0.798095902,0.230552652,0.420170927,254682.353366750
468,254682379703250,0.620547249,-0.614573509,-0.708251137,-0.379744135,0.795550334,0.237914856,0.407787485,254682.386703250
469,254682413039583,0.621825895,-0.608685138,-0.712704668,-0.387873246,0.795562430,0.243811427,0.396472957,254682.420039583
470,254682446375958,0.623526331,-0.602951132,-0.717339482,-0.393636048,0.791573917,0.260567848,0.388028151,254682.453375958
471,254682479712416,0.622443128,-0.600475563,-0.720676253,-0.398148173,0.783855268,0.287667482,0.379863691,254682.486712416
472,254682513048875,0.624064073,-0.596453661,-0.723715961,-0.401990711,0.779100118,0.302085027,0.374367686,254682.520048875
473,254682546385333,0.625723041,-0.592211726,-0.726233349,-0.406746625,0.776602511,0.309108557,0.368643019,254682.553385333
474,254682579721791,0.619242086,-0.593445064,-0.724022566,-0.407407078,0.774043543,0.310251454,0.372317277,254682.586721791
475,254682613058250,0.620079302,-0.589415402,-0.725235775,-0.408925314,0.769585845,0.317041216,0.374169260,254682.620058250
476,254682646394666,0.621052400,-0.584750183,-0.726141854,-0.416830655,0.759954336,0.321419694,0.381328002,254682.653394666
477,254682679731083,0.616915943,-0.583307650,-0.723546142,-0.421164564,0.750806297,0.319478289,0.396035340,254682.686731083
478,254682713067541,0.615919869,-0.580612191,-0.723921406,-0.423439367,0.742735235,0.312909838,0.413679778,254682.720067541
479,254682746404041,0.613457009,-0.577627790,-0.724460264,-0.423730757,0.729954317,0.308771365,0.438496565,254682.753404041
480,254682779740541,0.599856852,-0.575629572,-0.726488150,-0.425144764,0.725159163,0.303289609,0.448789019,254682.786740541
481,254682813076833,0.596137629,-0.574092904,-0.729017144,-0.423453263,0.726483369,0.298052952,0.451745215,254682.820076833
482,254682846413333,0.590483554,-0.571654274,-0.733969145,-0.416349335,0.732872859,0.287907958,0.454598356,254682.853413333
483,254682879749625,0.581267027,-0.564263178,-0.744282666,-0.408957443,0.741168778,0.280204887,0.452667568,254682.886749625
484,254682913086250,0.575634944,-0.562070330,-0.749700465,-0.402196597,0.745372984,0.277662543,0.453387888,254682.920086250
485,254682946422583,0.567728298,-0.559131611,-0.757899494,-0.392320488,0.750864390,0.275352729,0.454387753,254682.953422583
486,254682979759000,0.562045225,-0.554115968,-0.768327024,-0.385793304,0.754636262,0.275984542,0.453343385,254682.986759000
487,254683013095458,0.555585116,-0.551580066,-0.774430270,-0.378697300,0.759773854,0.271529989,0.453435292,254683.020095458
488,254683046431958,0.546714429,-0.548089085,-0.782434995,-0.367380427,0.768078217,0.262335151,0.454167146,254683.053431958
489,254683079768291,0.542324545,-0.549899926,-0.784249139,-0.358262139,0.774159855,0.256652811,0.454372256,254683.086768291
490,254683113104750,0.536007345,-0.547505360,-0.789602942,-0.349895513,0.779263590,0.252192163,0.454665320,254683.120104750
491,254683146441125,0.527922513,-0.544413206,-0.795962729,-0.339593498,0.785238362,0.247254319,0.454909140,254683.153441125
492,254683179777666,0.526836577,-0.541174225,-0.800198546,-0.334148649,0.788085922,0.246612758,0.454364898,254683.186777666
493,254683213114125,0.521659596,-0.538357279,-0.804282043,-0.329383376,0.789915640,0.247128144,0.454387068,254683.220114125
494,254683246450541,0.515101906,-0.534324676,-0.808687208,-0.326227170,0.791227714,0.247567398,0.454142020,254683.253450541
495,254683279786791,0.513910974,-0.530886080,-0.809254319,-0.325179498,0.791569618,0.247368819,0.454405715,254683.286786791
496,254683313123458,0.509606258,-0.527623290,-0.810996746,-0.325154452,0.791759416,0.247643732,0.453942998,254683.320123458
497,254683346459750,0.504052961,-0.523497831,-0.812251138,-0.323191388,0.792161216,0.246491065,0.455269307,254683.353459750
498,254683379796208,0.504068285,-0.520903730,-0.808271218,-0.319614956,0.792520825,0.243448275,0.458791905,254683.386796208
499,254683413132541,0.499898623,-0.518059755,-0.807894727,-0.314234332,0.792038597,0.240407648,0.464904142,254683.420132541
500,254683446469000,0.494116398,-0.514320832,-0.807402501,-0.304929646,0.791533486,0.240904206,0.471654396,254683.453469000
501,254683479805458,0.493806494,-0.516115441,-0.798370150,-0.298070062,0.792226610,0.241519927,0.474551804,254683.486805458
502,254683513142000,0.489483752,-0.512932872,-0.797680493,-0.293876884,0.793180090,0.241906608,0.475376659,254683.520142000
503,254683546478291,0.483114496,-0.508096822,-0.796707217,-0.286846661,0.795139474,0.238614862,0.478053564,254683.553478291
504,254683579814791,0.475547502,-0.503677951,-0.793636849,-0.278490276,0.796072220,0.235733945,0.482847541,254683.586814791
505,254683613151208,0.469720117,-0.499318995,-0.792805452,-0.271796926,0.797710331,0.234103440,0.484747657,254683.620151208
506,254683646487666,0.461910306,-0.493104358,-0.791866847,-0.269094335,0.800249151,0.228736189,0.484633206,254683.653487666
507,254683679824000,0.454945401,-0.487461086,-0.791250461,-0.267963997,0.803247529,0.225140067,0.481975836,254683.686824000
508,254683713160458,0.447592231,-0.479721141,-0.791164460,-0.265695616,0.804442846,0.224248037,0.481653836,254683.720160458
509,254683746496916,0.441936227,-0.474314866,-0.790965280,-0.261319618,0.804782055,0.224367186,0.483422506,254683.753496916
510,254683779833375,0.434191334,-0.468439671,-0.789192768,-0.255320463,0.805829067,0.222460893,0.485759385,254683.786833375
511,254683813169833,0.425233501,-0.462084031,-0.787436882,-0.248470604,0.807830823,0.217105628,0.488402416,254683.820169833
512,254683846506333,0.418061310,-0.457265101,-0.785958191,-0.242139170,0.809077871,0.213415729,0.491136845,254683.853506333
513,254683879842625,0.411554803,-0.450932049,-0.785940700,-0.234715634,0.810775359,0.208334638,0.494113975,254683.886842625
514,254683913179166,0.401350660,-0.444647883,-0.783980768,-0.225918136,0.812624780,0.203182063,0.497311840,254683.920179166
515,254683946515500,0.393331773,-0.439794800,-0.782345250,-0.219591465,0.814208808,0.198733576,0.499348200,254683.953515500
516,254683979851916,0.385604217,-0.433350608,-0.781822953,-0.214735107,0.815245845,0.196076899,0.500816282,254683.986851916
517,254684013188375,0.374446789,-0.425788383,-0.779596933,-0.205511228,0.817446521,0.190976542,0.503064941,254684.020188375
518,254684046524833,0.365894190,-0.419825771,-0.777868782,-0.198655216,0.818864991,0.187225528,0.504918693,254684.053524833
519,254684079861166,0.357978198,-0.413249173,-0.776650227,-0.193416758,0.820541018,0.184773174,0.505134955,254684.086861166
520,254684113197666,0.346703212,-0.403636639,-0.774261985,-0.185734448,0.822547034,0.181650259,0.505887663,254684.120197666
521,254684146534125,0.338509645,-0.395791899,-0.772232614,-0.179942579,0.823841619,0.179327332,0.506702492,254684.153534125
522,254684179870500,0.331444461,-0.387290727,-0.769715869,-0.174169730,0.825108089,0.177483984,0.507307634,254684.186870500
523,254684213206916,0.321394389,-0.374942443,-0.766032286,-0.168471091,0.826637658,0.175041718,0.507590508,254684.220206916
524,254684246543458,0.314334548,-0.364900814,-0.763199572,-0.165580721,0.827392393,0.175088738,0.507295614,254684.253543458
525,254684279879708,0.309190091,-0.354457468,-0.760299006,-0.160378566,0.827887255,0.175602927,0.507981372,254684.286879708
526,254684313216208,0.300015498,-0.340756635,-0.755885830,-0.151331639,0.827843945,0.176235550,0.510601823,254684.320216208
527,254684346552666,0.293027805,-0.330627939,-0.752227211,-0.145226744,0.828219948,0.176592641,0.511640501,254684.353552666
528,254684379889125,0.288065456,-0.321766447,-0.748476777,-0.137841333,0.828352184,0.177750971,0.513066343,254684.386889125
529,254684413225458,0.279188362,-0.309012893,-0.743273974,-0.128895210,0.828048937,0.179310278,0.515333737,254684.420225458
530,254684446561916,0.272457158,-0.300234770,-0.739171707,-0.121288961,0.828831272,0.178258132,0.516286550,254684.453561916
531,254684479898416,0.266416179,-0.292026346,-0.736065259,-0.112725338,0.829743283,0.176106329,0.517499466,254684.486898416
532,254684513234791,0.258035433,-0.282152105,-0.730916248,-0.100360443,0.831694078,0.172945272,0.517979467,254684.520234791
533,254684546571208,0.252136086,-0.275473925,-0.727308694,-0.089916373,0.832719307,0.170692784,0.518996752,254684.553571208
534,254684579907666,0.248812090,-0.270009443,-0.725806228,-0.080089494,0.833281119,0.170528486,0.519757960,254684.586907666
535,254684613244166,0.242430647,-0.262322264,-0.721037268,-0.068089532,0.833700134,0.169922185,0.520993672,254684.620244166
536,254684646580500,0.237588612,-0.257153285,-0.716859220,-0.058640922,0.835429779,0.165019471,0.520948130,254684.653580500
537,254684679916916,0.231290796,-0.248799695,-0.711462280,-0.047495949,0.837158617,0.160487559,0.520723902,254684.686916916
538,254684713253375,0.226785228,-0.243370595,-0.707534763,-0.040574129,0.837363410,0.159833248,0.521181011,254684.720253375
539,254684746589750,0.222145030,-0.238287943,-0.703725437,-0.033731578,0.837610978,0.157626754,0.521942421,254684.753589750
540,254684779926166,0.215890241,-0.231278994,-0.699334024,-0.023509546,0.839201238,0.147783506,0.522827573,254684.786926166
541,254684813262541,0.210834123,-0.226549396,-0.695584306,-0.019114556,0.840651886,0.141398479,0.522441923,254684.820262541
542,254684846599041,0.206246619,-0.221542518,-0.692198510,-0.015895061,0.840773098,0.137468836,0.523402634,254684.853599041
543,254684879935583,0.200142409,-0.212600356,-0.688332644,-0.013894502,0.841559986,0.130622516,0.523948036,254684.886935583
544,254684913271791,0.195755814,-0.207416553,-0.685525809,-0.013322566,0.842960450,0.124338246,0.523240139,254684.920271791
545,254684946608333,0.191368556,-0.202155574,-0.682804432,-0.011854300,0.844105357,0.116945037,0.523134336,254684.953608333
546,254684979944833,0.184342430,-0.193357129,-0.678634886,-0.011555791,0.844652776,0.109299443,0.523910141,254684.986944833
547,254685013281291,0.179842972,-0.187938256,-0.675349429,-0.011834646,0.845027593,0.103608702,0.524455526,254685.020281291
548,254685046617666,0.174925830,-0.182542308,-0.671447367,-0.011361678,0.846016279,0.094709101,0.524554675,254685.053617666
549,254685079954041,0.166493972,-0.173493859,-0.665359128,-0.009006763,0.848595220,0.078223776,0.523150193,254685.086954041
550,254685113290416,0.160863492,-0.167284732,-0.661096812,-0.005359248,0.850222930,0.066843936,0.522134263,254685.120290416
551,254685146626791,0.155780131,-0.160662726,-0.657227188,-0.001751039,0.850486900,0.059636557,0.522601666,254685.153626791
552,254685179963333,0.150460215,-0.151396185,-0.653417046,0.002527515,0.851283672,0.053038623,0.522012145,254685.186963333
553,254685213299750,0.146442699,-0.143708074,-0.649921446,0.006388281,0.851878081,0.046823447,0.521603819,254685.220299750
554,254685246636125,0.142620449,-0.135423043,-0.646582512,0.008926026,0.853678601,0.039812459,0.519199570,254685.253636125
555,254685279972625,0.138732905,-0.124403295,-0.643244653,0.008716522,0.855733780,0.035392337,0.516130949,254685.286972625
556,254685313309000,0.136183029,-0.114818308,-0.640596314,0.009039491,0.856693951,0.034533327,0.514588442,254685.320309000
557,254685346645458,0.133713818,-0.105172143,-0.637798368,0.011103795,0.857184104,0.030881641,0.513963515,254685.353645458
558,254685379981958,0.130289693,-0.093184171,-0.633981090,0.013275306,0.858644776,0.025288470,0.511774815,254685.386981958
559,254685413318208,0.128642795,-0.083860462,-0.630954731,0.015238092,0.859255067,0.021800350,0.510855487,254685.420318208
560,254685446654625,0.128039640,-0.074469452,-0.628550228,0.015569835,0.858997000,0.022732477,0.511238713,254685.453654625
561,254685479991083,0.125933552,-0.060706046,-0.625091151,0.015515646,0.856947070,0.029037993,0.514351856,254685.486991083
562,254685513327583,0.126396285,-0.051894944,-0.622943460,0.016441927,0.855599666,0.032065811,0.516382331,254685.520327583
563,254685546663916,0.126906515,-0.043410577,-0.620852158,0.016493708,0.854596414,0.034105925,0.517909032,254685.553663916
564,254685580000416,0.126308822,-0.032723228,-0.617963674,0.014942623,0.852926331,0.038299344,0.520410036,254685.587000416
565,254685613336750,0.126930883,-0.025035557,-0.615748905,0.015241397,0.852008537,0.038225531,0.521908053,254685.620336750
566,254685646673250,0.127362164,-0.017859360,-0.613519852,0.015792400,0.851984004,0.037240935,0.522002895,254685.653673250
567,254685680009625,0.129233013,-0.009649251,-0.612268719,0.015772052,0.852378813,0.037838764,0.521315531,254685.687009625
568,254685713346083,0.130193497,-0.002904017,-0.611980375,0.015010045,0.853213577,0.040931525,0.519736427,254685.720346083
569,254685746682541,0.131333114,0.005606304,-0.612522600,0.016133047,0.854010536,0.044009978,0.518139850,254685.753682541
570,254685780018875,0.133629324,0.011201611,-0.615028586,0.017876534,0.854868687,0.047118636,0.516391175,254685.787018875
571,254685813355458,0.134545716,0.016845869,-0.616179323,0.019856503,0.855130837,0.048871790,0.515721410,254685.820355458
572,254685846691666,0.135784539,0.023696775,-0.617277585,0.022356025,0.856424886,0.048906966,0.513463518,254685.853691666
573,254685880028208,0.136935329,0.028554505,-0.617911879,0.026736110,0.856773225,0.046955699,0.512854791,254685.887028208
574,254685913364625,0.137932434,0.033117172,-0.618224898,0.029793008,0.856903074,0.046753215,0.512487745,254685.920364625
575,254685946701041,0.139354628,0.038743623,-0.618319897,0.033423159,0.857177889,0.047190933,0.511763645,254685.953701041
576,254685980037500,0.139662563,0.046408525,-0.618324753,0.036536420,0.856944731,0.046556238,0.511999403,254685.987037500
577,254686013373875,0.140784350,0.050552255,-0.618275364,0.037958044,0.857024805,0.047100015,0.511712138,254686.020373875
578,254686046710250,0.141948181,0.056038235,-0.617839030,0.041343538,0.857235577,0.044246333,0.511351341,254686.053710250
579,254686080046666,0.141470040,0.063731390,-0.616692179,0.044503862,0.857497173,0.040545810,0.510954103,254686.087046666
580,254686113383125,0.142039863,0.068179165,-0.616353537,0.048171891,0.857246416,0.038022076,0.511236174,254686.120383125
581,254686146719541,0.142992637,0.074318916,-0.616055626,0.051812695,0.856562562,0.036636895,0.512126756,254686.153719541
582,254686180056125,0.143545756,0.080310810,-0.615656174,0.053381583,0.856704024,0.034851972,0.511853509,254686.187056125
583,254686213392375,0.144404481,0.085656404,-0.615468058,0.054773239,0.856821261,0.033482406,0.511601603,254686.220392375
584,254686246728833,0.145460008,0.093516054,-0.615346000,0.056785811,0.856994846,0.031532733,0.511215166,254686.253728833
585,254686280065333,0.146989627,0.099809248,-0.615266569,0.057832734,0.858156118,0.028996820,0.509296270,254686.287065333
586,254686313401708,0.147777309,0.107299465,-0.615180605,0.059466028,0.858440190,0.026679140,0.508755844,254686.320401708
587,254686346738083,0.149600092,0.118635473,-0.615594607,0.058131219,0.859379258,0.027648928,0.507270779,254686.353738083
588,254686380074541,0.152889919,0.126830513,-0.615846126,0.055575537,0.860664551,0.027870321,0.505362432,254686.387074541
589,254686413410958,0.155134630,0.136763320,-0.615954524,0.052506330,0.861671073,0.028523754,0.503936996,254686.420410958
590,254686446747458,0.158347972,0.150700386,-0.615730229,0.047575099,0.862984135,0.030608863,0.502053925,254686.453747458
591,254686480083666,0.161605606,0.160085768,-0.614643010,0.043506379,0.864761446,0.030053710,0.499391294,254686.487083666
592,254686513420166,0.163978301,0.170518077,-0.613833016,0.039470138,0.865999640,0.030332400,0.497560781,254686.520420166
593,254686546756625,0.167436885,0.184417166,-0.612871199,0.033262634,0.866871661,0.035950996,0.496119643,254686.553756625
594,254686580093208,0.169511994,0.195204735,-0.611266695,0.029167303,0.868438494,0.039612946,0.493350502,254686.587093208
595,254686613429458,0.171624624,0.204488644,-0.610393655,0.027116979,0.869610500,0.042277104,0.491177103,254686.620429458
596,254686646765916,0.174342901,0.216754834,-0.609576240,0.026537574,0.871284279,0.046086537,0.487888866,254686.653765916
597,254686680102250,0.175654043,0.226234386,-0.608609369,0.026380889,0.873568534,0.047314335,0.483677033,254686.687102250
598,254686713438833,0.177878686,0.234896329,-0.608258139,0.026118158,0.875590461,0.047597214,0.479993485,254686.720438833
599,254686746775166,0.181123506,0.246488250,-0.608176344,0.025312142,0.877803336,0.050547503,0.475673841,254686.753775166
600,254686780111583,0.182999529,0.252720687,-0.608670148,0.026048636,0.879036617,0.051897258,0.473204842,254686.787111583
601,254686813448000,0.185707965,0.263324072,-0.608078310,0.028654099,0.880175663,0.054376757,0.470651641,254686.820448000
602,254686846784500,0.187778970,0.271049383,-0.607384198,0.029317219,0.881043113,0.057677389,0.468590338,254686.853784500
603,254686880120833,0.188336929,0.276146531,-0.607030308,0.031052885,0.881903040,0.059468610,0.466632921,254686.887120833
604,254686913457250,0.190754280,0.285522099,-0.605416296,0.034107997,0.883137422,0.060464999,0.463949324,254686.920457250
605,254686946793625,0.192644215,0.292237029,-0.603998097,0.036287181,0.883458656,0.062300514,0.462928442,254686.953793625
606,254686980130125,0.193440564,0.300060681,-0.602066779,0.037349477,0.884383865,0.064114722,0.460824860,254686.987130125
607,254687013466500,0.196413574,0.308539285,-0.599446299,0.038434693,0.885147176,0.068337335,0.458658166,254687.020466500
608,254687046802916,0.199132725,0.314884141,-0.597281860,0.038389668,0.885178136,0.073584315,0.457789583,254687.053802916
609,254687080139375,0.201492533,0.321347975,-0.593708094,0.036902381,0.885557460,0.077947610,0.456454184,254687.087139375
610,254687113475708,0.205416831,0.329192122,-0.589195646,0.035266888,0.885924235,0.081502275,0.455249305,254687.120475708
611,254687146812166,0.208405524,0.334669419,-0.585340977,0.034677893,0.885819177,0.083838504,0.455074706,254687.153812166
612,254687180148541,0.210732669,0.338179503,-0.580309296,0.032634889,0.885830692,0.085242176,0.454942606,254687.187148541
613,254687213484958,0.214840056,0.343770811,-0.574507690,0.029037252,0.885212758,0.088251707,0.455814547,254687.220484958
614,254687246821416,0.218288182,0.347433009,-0.570087093,0.024035131,0.884500528,0.091028857,0.456940837,254687.253821416
615,254687280157875,0.221775944,0.349238778,-0.565293135,0.017998442,0.884354451,0.091194170,0.457467964,254687.287157875
616,254687313494208,0.226125741,0.352326993,-0.559312371,0.011063347,0.884738094,0.089275876,0.457324806,254687.320494208
617,254687346830541,0.229267010,0.353887683,-0.555418682,0.006132911,0.884964108,0.089185537,0.456997712,254687.353830541
618,254687380167000,0.232279343,0.354287407,-0.552272442,0.002215527,0.885817996,0.087319414,0.455737800,254687.387167000
619,254687413503416,0.236500625,0.354061323,-0.548920489,-0.001714525,0.885661743,0.088250613,0.455864255,254687.420503416
620,254687446839958,0.239829377,0.353216315,-0.546942741,-0.004752344,0.885550657,0.089435059,0.455827678,254687.453839958
621,254687480176291,0.243617104,0.346880432,-0.546703575,-0.008863087,0.885643175,0.090655953,0.455345104,254687.487176291
622,254687513512708,0.249098589,0.343967876,-0.544023934,-0.016708542,0.885888674,0.089130569,0.454948212,254687.520512708
623,254687546849166,0.253581782,0.341609537,-0.541830554,-0.021937038,0.886430193,0.086479432,0.454182386,254687.553849166
624,254687580185541,0.259018269,0.338267692,-0.540151497,-0.027090666,0.886635865,0.083282403,0.454100247,254687.587185541
625,254687613522000,0.266020506,0.334376873,-0.537239790,-0.032561479,0.885721899,0.084129498,0.455366609,254687.620522000
626,254687646858416,0.271491379,0.331232025,-0.535000333,-0.034334836,0.885224606,0.084317611,0.456167853,254687.653858416
627,254687680194791,0.278649286,0.327573563,-0.533417192,-0.035178889,0.884102077,0.087272101,0.457722184,254687.687194791
628,254687713531250,0.286654319,0.322004161,-0.530600631,-0.038505478,0.883210880,0.092223601,0.458203809,254687.720531250
629,254687746867666,0.292711361,0.317227537,-0.528244943,-0.039990929,0.882966824,0.094427774,0.458097983,254687.753867666
630,254687780204125,0.302527761,0.309563015,-0.525283970,-0.045145865,0.884070746,0.097263801,0.454885230,254687.787204125
631,254687813540416,0.308988207,0.303773445,-0.523031625,-0.049423376,0.884095266,0.100522455,0.453682907,254687.820540416
632,254687846876833,0.315488266,0.297822739,-0.520931820,-0.053746583,0.883964287,0.101738135,0.453175296,254687.853876833
633,254687880213333,0.323677254,0.289668482,-0.517563683,-0.063123365,0.882259993,0.105813042,0.454352724,254687.887213333
634,254687913549791,0.329744047,0.283346016,-0.515317008,-0.071333775,0.881921410,0.107802591,0.453326343,254687.920549791
635,254687946886083,0.335632646,0.276442993,-0.513104760,-0.078591043,0.881640377,0.109324203,0.452307380,254687.953886083
636,254687980222541,0.341015278,0.267056141,-0.509563922,-0.085187505,0.880383377,0.113312350,0.452579897,254687.987222541
637,254688013558916,0.345271925,0.258989039,-0.507785996,-0.086107179,0.879932216,0.114357067,0.453020268,254688.020558916
638,254688046895416,0.348938985,0.249962341,-0.506009910,-0.084886154,0.879525634,0.115478156,0.453755274,254688.053895416
639,254688080231791,0.352324185,0.238601321,-0.504592604,-0.084113491,0.879588725,0.120131496,0.452567201,254688.087231791
640,254688113568250,0.356349027,0.229938877,-0.503581408,-0.088016369,0.879109969,0.127157603,0.450832317,254688.120568250
641,254688146904666,0.360579774,0.221292264,-0.502656541,-0.092400663,0.878735540,0.133383488,0.448881797,254688.153904666
642,254688180241041,0.365916087,0.210077751,-0.502356764,-0.100544910,0.877171868,0.143803486,0.446968507,254688.187241041
643,254688213577458,0.369554937,0.201452753,-0.501482527,-0.103454057,0.876824234,0.149429760,0.445137418,254688.220577458
644,254688246913958,0.373039079,0.192401612,-0.500879403,-0.107250736,0.876011312,0.157285937,0.443128252,254688.253913958
645,254688280250416,0.378532601,0.180565501,-0.501074733,-0.113100412,0.873707381,0.170874527,0.441186648,254688.287250416
646,254688313586666,0.382013221,0.171179372,-0.501104293,-0.114717384,0.872288456,0.178857449,0.440412123,254688.320586666
647,254688346923166,0.385238742,0.161365470,-0.500983914,-0.117072295,0.870745340,0.186400102,0.439717734,254688.353923166
648,254688380259541,0.388531404,0.148708499,-0.500743422,-0.123015348,0.868016971,0.197007302,0.438864374,254688.387259541
649,254688413595916,0.391293511,0.138427587,-0.499821517,-0.122653555,0.867063842,0.199607020,0.439674301,254688.420595916
650,254688446932333,0.393614255,0.127496812,-0.498578073,-0.121729804,0.867041228,0.199821620,0.439878093,254688.453932333
651,254688480268750,0.395127900,0.114458580,-0.496336135,-0.124610456,0.866035694,0.201729087,0.440181598,254688.487268750
652,254688513605125,0.397708596,0.104177979,-0.494553673,-0.127191108,0.865114844,0.203718006,0.440338230,254688.520605125
653,254688546941625,0.400555948,0.094171977,-0.492823123,-0.131078758,0.863975444,0.205330449,0.440686115,254688.553941625
654,254688580277958,0.404108858,0.083903330,-0.490786070,-0.135338164,0.862960337,0.206043994,0.441054378,254688.587277958
655,254688613614375,0.406640777,0.074275798,-0.489267689,-0.135986904,0.861906971,0.207424838,0.442265672,254688.620614375
656,254688646950875,0.409339888,0.064521191,-0.488170669,-0.137492050,0.859967943,0.211418098,0.443681772,254688.653950875
657,254688680287250,0.414799282,0.051676503,-0.486786189,-0.140569025,0.856388340,0.218909065,0.446002506,254688.687287250
658,254688713623666,0.417800480,0.042351880,-0.485881685,-0.144641842,0.854945097,0.221716871,0.446082168,254688.720623666
659,254688746960041,0.420863984,0.033219749,-0.485329307,-0.149309746,0.854153989,0.223712724,0.445062055,254688.753960041
660,254688780296416,0.426670005,0.020411298,-0.485682608,-0.155441033,0.852145388,0.229741356,0.443740110,254688.787296416
661,254688813632791,0.430415304,0.012402237,-0.486792342,-0.160036392,0.849253173,0.237257909,0.443695999,254688.820632791
662,254688846969291,0.436073507,0.002455106,-0.488715198,-0.168921926,0.845148843,0.249757974,0.441372659,254688.853969291
663,254688880305625,0.441283134,-0.005545736,-0.490039513,-0.172352643,0.843062253,0.255827641,0.440559730,254688.887305625
664,254688913642083,0.445752534,-0.012340744,-0.491416887,-0.174494572,0.842069880,0.257718565,0.440512380,254688.920642083
665,254688946978541,0.452020334,-0.020756908,-0.492507188,-0.179207990,0.840358891,0.260391909,0.440315271,254688.953978541
666,254688980314916,0.457569351,-0.025919125,-0.492638056,-0.184834520,0.838501131,0.262641796,0.440194723,254688.987314916
667,254689013651333,0.462901334,-0.030551373,-0.493178650,-0.190939995,0.836572596,0.263638247,0.440662158,254689.020651333
668,254689046987791,0.469574960,-0.036176279,-0.494262420,-0.193882015,0.834705694,0.261533160,0.444158336,254689.053987791
669,254689080324125,0.473205090,-0.036139453,-0.496033544,-0.194569074,0.830782423,0.260834352,0.451562770,254689.087324125
670,254689113660541,0.477284715,-0.039188373,-0.497567465,-0.194500063,0.828063311,0.259221808,0.457476759,254689.120660541
671,254689146996833,0.482196524,-0.042265950,-0.500966157,-0.193692590,0.826455944,0.257409591,0.461729475,254689.153996833
672,254689180333416,0.485619145,-0.042595626,-0.505137569,-0.189126624,0.824248871,0.255439297,0.468610432,254689.187333416
673,254689213669708,0.488486509,-0.043483422,-0.509482175,-0.183307177,0.823366374,0.249657660,0.475539062,254689.220669708
674,254689247006125,0.492157642,-0.042973817,-0.515313923,-0.176186451,0.820660720,0.247030537,0.484200665,254689.254006125
675,254689280342583,0.497451100,-0.043996818,-0.519534232,-0.174398900,0.816806729,0.249401934,0.490112762,254689.287342583
676,254689313679000,0.501518058,-0.041300129,-0.524142111,-0.176882625,0.812406150,0.252123772,0.495118613,254689.320679000
677,254689347015458,0.506968309,-0.037560385,-0.529813276,-0.178164331,0.806263932,0.255082144,0.503119366,254689.354015458
678,254689380351833,0.511598977,-0.039099660,-0.533841060,-0.176343378,0.803114464,0.255210431,0.508702132,254689.387351833
679,254689413688166,0.514811357,-0.038651492,-0.537868991,-0.172020332,0.801349637,0.251565002,0.514745440,254689.420688166
680,254689447024625,0.519166506,-0.038656643,-0.543248886,-0.166944207,0.798490531,0.248432503,0.522325424,254689.454024625
681,254689480361083,0.527850318,-0.044351357,-0.545728975,-0.162426066,0.796104522,0.246662128,0.528198079,254689.487361083
682,254689513697500,0.532593456,-0.044578921,-0.549627174,-0.164984889,0.792348940,0.247733240,0.532533041,254689.520697500
683,254689547033791,0.538985230,-0.045669046,-0.554040324,-0.168546266,0.787824223,0.244113537,0.539753448,254689.554033791
684,254689580370291,0.546599840,-0.050846413,-0.554642158,-0.171881060,0.784894443,0.237732775,0.545784569,254689.587370291
685,254689613706583,0.550825641,-0.053346508,-0.555800129,-0.173514860,0.782093978,0.228412351,0.553217365,254689.620706583
686,254689647043041,0.555842499,-0.057441176,-0.556675621,-0.169872887,0.776194908,0.213952824,0.568233147,254689.654043041
687,254689680379416,0.561114727,-0.062038290,-0.556998822,-0.167859860,0.770276823,0.208325960,0.578875660,254689.687379416
688,254689713715958,0.564639533,-0.065338418,-0.558712790,-0.171939363,0.764959799,0.204424486,0.586075118,254689.720715958
689,254689747052291,0.567625354,-0.069568460,-0.562334072,-0.176268907,0.761676898,0.194058396,0.592552924,254689.754052291
690,254689780388666,0.569952600,-0.072646933,-0.566166473,-0.175761853,0.762876193,0.188375340,0.592994494,254689.787388666
691,254689813725083,0.569750566,-0.075347754,-0.571695166,-0.175678578,0.763020284,0.184582425,0.594025644,254689.820725083
692,254689847061625,0.568935158,-0.078762947,-0.580621541,-0.181181692,0.764546507,0.181259238,0.591427911,254689.854061625
693,254689880397916,0.568689808,-0.081755166,-0.587822437,-0.176972045,0.765538366,0.182837164,0.590933609,254689.887397916
694,254689913734333,0.564669976,-0.085753899,-0.598992272,-0.171728977,0.768245671,0.182870826,0.588953361,254689.920734333
695,254689947070708,0.560769543,-0.089496266,-0.607760504,-0.163907420,0.770655047,0.182500954,0.588148460,254689.954070708
696,254689980407208,0.554803236,-0.094473662,-0.619479368,-0.149783081,0.772218751,0.183311845,0.589610083,254689.987407208
697,254690013743500,0.549691813,-0.099499730,-0.633056602,-0.134463358,0.771702779,0.191131220,0.591492465,254690.020743500
698,254690047079916,0.546091151,-0.103545255,-0.642879341,-0.124621942,0.772419394,0.192282787,0.592338615,254690.054079916
699,254690080416333,0.541648021,-0.106567588,-0.653469623,-0.113734686,0.770696471,0.195614315,0.595673118,254690.087416333
700,254690113752875,0.537726313,-0.111284366,-0.664266047,-0.105908644,0.768400804,0.197191693,0.599549041,254690.120752875
701,254690147089250,0.534917759,-0.114845212,-0.671596742,-0.105288296,0.767331829,0.198164297,0.600705589,254690.154089250
702,254690180425666,0.527949507,-0.116469038,-0.679223887,-0.106418125,0.765991161,0.198413718,0.602133518,254690.187425666
703,254690213761916,0.523111623,-0.119330284,-0.689161059,-0.105878366,0.764265298,0.201189095,0.603499236,254690.220761916
704,254690247098375,0.518685427,-0.121551386,-0.697252068,-0.101771403,0.762960524,0.202988739,0.605251556,254690.254098375
705,254690280434791,0.513529284,-0.124125465,-0.705850729,-0.101550012,0.766473479,0.204386134,0.600360194,254690.287434791
706,254690313771208,0.507353385,-0.126966500,-0.717440577,-0.096683878,0.770212255,0.203991051,0.596500641,254690.320771208
707,254690347107666,0.503484336,-0.128499879,-0.725402696,-0.091146171,0.774695200,0.199618771,0.593036358,254690.354107666
708,254690380444000,0.500695271,-0.128368931,-0.728829943,-0.087609498,0.780203164,0.194512067,0.588024411,254690.387444000
709,254690413780416,0.498585473,-0.128200181,-0.735621892,-0.085489734,0.782287216,0.197073066,0.584705461,254690.420780416
710,254690447116875,0.498673942,-0.126506585,-0.739786771,-0.090009356,0.783055511,0.203378467,0.580826683,254690.454116875
711,254690480453208,0.500193709,-0.121322201,-0.743201718,-0.095989134,0.783617225,0.209732220,0.576838435,254690.487453208
712,254690513789625,0.501780627,-0.117065107,-0.744910027,-0.096958434,0.784042831,0.213378686,0.574756897,254690.520789625
713,254690547126125,0.503798913,-0.113235203,-0.744605200,-0.100303064,0.783733371,0.218030551,0.572856029,254690.554126125
714,254690580462458,0.508689101,-0.104992064,-0.742097739,-0.105706522,0.783960979,0.222302646,0.569923593,254690.587462458
715,254690613798916,0.514763846,-0.099611892,-0.737918770,-0.117968626,0.783116004,0.229817077,0.565682678,254690.620798916
716,254690647135333,0.520299483,-0.095680535,-0.733080523,-0.128146311,0.782795108,0.232892719,0.562646760,254690.654135333
717,254690680471625,0.527477371,-0.088478272,-0.723030362,-0.140454882,0.782904042,0.233533145,0.559281691,254690.687471625
718,254690713808083,0.536844428,-0.083240155,-0.712283681,-0.155628776,0.782335275,0.235276921,0.555316149,254690.720808083
719,254690747144541,0.544868789,-0.079490058,-0.703182262,-0.168278379,0.781444110,0.237075651,0.552107489,254690.754144541
720,254690780481000,0.554260046,-0.075849858,-0.692175325,-0.180195548,0.780068903,0.237933234,0.549918085,254690.787481000
721,254690813817291,0.566688227,-0.071935787,-0.677514075,-0.194195903,0.774855921,0.241812661,0.550829324,254690.820817291
722,254690847153833,0.575844125,-0.069449680,-0.665354108,-0.201997672,0.771880343,0.240311812,0.552854378,254690.854153833
723,254690880490125,0.587814220,-0.067485062,-0.648705904,-0.211688351,0.767639642,0.238743350,0.555804901,254690.887490125
724,254690913826500,0.596534056,-0.065956388,-0.636303493,-0.218705035,0.762828211,0.241929118,0.558329278,254690.920826500
725,254690947163041,0.604934230,-0.065490594,-0.624039723,-0.225237324,0.758710124,0.242120245,0.561253006,254690.954163041
726,254690980499416,0.614476076,-0.066960795,-0.608541960,-0.235956389,0.756053546,0.239764968,0.561444949,254690.987499416
727,254691013835791,0.621460482,-0.068695577,-0.597164669,-0.243651540,0.753646334,0.239681548,0.561430262,254691.020835791
728,254691047172291,0.627984299,-0.071855778,-0.586825292,-0.248739141,0.752205350,0.238529065,0.561622550,254691.054172291
729,254691080508666,0.634932142,-0.081613698,-0.574752431,-0.254935851,0.750591784,0.239918858,0.560409387,254691.087508666
730,254691113845083,0.640841156,-0.088733539,-0.565986954,-0.258826537,0.749440938,0.241192161,0.559619066,254691.120845083
731,254691147181458,0.646558803,-0.097246333,-0.557387457,-0.263161212,0.749455726,0.240026024,0.558076923,254691.154181458
732,254691180517833,0.651897641,-0.115020012,-0.545062469,-0.272286990,0.751166451,0.237396248,0.552496002,254691.187517833
733,254691213854291,0.656898283,-0.125699217,-0.536324070,-0.278822124,0.752101468,0.234724070,0.549095865,254691.220854291
734,254691247190708,0.661049061,-0.137375211,-0.527532136,-0.280945740,0.753754195,0.229856369,0.547804900,254691.254190708
735,254691280527125,0.663289774,-0.156477963,-0.516329607,-0.275264380,0.756629824,0.221798154,0.550042237,254691.287527125
736,254691313863500,0.664239076,-0.169523867,-0.507903845,-0.268860283,0.757921433,0.217005176,0.553333585,254691.320863500
737,254691347199750,0.664656231,-0.181968486,-0.500030074,-0.266258694,0.759315593,0.214800828,0.553540238,254691.354199750
738,254691380536291,0.664269852,-0.197904803,-0.491657467,-0.266247982,0.759275422,0.214228948,0.553822044,254691.387536291
739,254691413872791,0.663968489,-0.207605686,-0.484058311,-0.267574025,0.759700933,0.210926049,0.553867212,254691.420872791
740,254691447209125,0.663087488,-0.216533138,-0.475901205,-0.267625970,0.759902984,0.207250427,0.554951447,254691.454209125
741,254691480545500,0.661680946,-0.229298094,-0.466656966,-0.270385195,0.759220230,0.206228772,0.554929037,254691.487545500
742,254691513881791,0.660276667,-0.235594481,-0.458274551,-0.275404496,0.758545554,0.207563863,0.552881817,254691.520881791
743,254691547218375,0.658695202,-0.240868615,-0.450006947,-0.281431513,0.758766488,0.208940571,0.549011485,254691.554218375
744,254691580554708,0.655581997,-0.248957700,-0.442757077,-0.285673340,0.760530396,0.209431844,0.544171494,254691.587554708
745,254691613891083,0.653124890,-0.253219332,-0.434995502,-0.284951012,0.762156365,0.208031717,0.542810699,254691.620891083
746,254691647227458,0.650443058,-0.257372058,-0.427256446,-0.285447043,0.763649651,0.207313781,0.540721967,254691.654227458
747,254691680564000,0.645068841,-0.263680738,-0.423097057,-0.286850150,0.767043559,0.206660509,0.535399530,254691.687564000
748,254691713900291,0.642233374,-0.267229740,-0.415514965,-0.287145603,0.770162003,0.203978227,0.531780808,254691.720900291
749,254691747236666,0.639265357,-0.270523376,-0.407445105,-0.287723346,0.772917078,0.200342948,0.528845178,254691.754236666
750,254691780573166,0.630725310,-0.276021017,-0.400402139,-0.289005360,0.776930353,0.195742443,0.523965722,254691.787573166
751,254691813909625,0.627415998,-0.279049451,-0.390764358,-0.290945075,0.780571846,0.191131738,0.519160156,254691.820909625
752,254691847245833,0.624153193,-0.282004560,-0.380446973,-0.292201705,0.786141322,0.184702117,0.512333063,254691.854245833
753,254691880582333,0.615191746,-0.284354032,-0.370139197,-0.292095600,0.795341556,0.176279851,0.501036364,254691.887582333
754,254691913918708,0.612129750,-0.286587789,-0.359763914,-0.291143808,0.801181920,0.172303681,0.493613522,254691.920918708
755,254691947255000,0.608734150,-0.289183586,-0.345932942,-0.292457253,0.804827173,0.171641460,0.487094692,254691.954255000
756,254691980591375,0.599278960,-0.288188763,-0.341403336,-0.295726054,0.805367676,0.170091527,0.484765854,254691.987591375
757,254692013927875,0.596694617,-0.289460650,-0.330928503,-0.297613687,0.805832591,0.167339289,0.483794940,254692.020927875
758,254692047264333,0.593316989,-0.290448040,-0.316615022,-0.300338008,0.805254700,0.161737542,0.484977288,254692.054264333
759,254692080600666,0.588046192,-0.291251812,-0.308222335,-0.302651399,0.804089408,0.158445639,0.486556664,254692.087600666
760,254692113937166,0.585802965,-0.291184114,-0.297330641,-0.304175765,0.803175504,0.156927547,0.487606411,254692.120937166
761,254692147273458,0.583238265,-0.290914849,-0.282750392,-0.305825337,0.802725458,0.156142326,0.487567769,254692.154273458
762,254692180609958,0.580660976,-0.291603908,-0.271557695,-0.309184041,0.802092627,0.155546087,0.486680711,254692.187609958
763,254692213946291,0.579112062,-0.291202406,-0.260548333,-0.312490633,0.802610795,0.153943223,0.484217982,254692.220946291
764,254692247282625,0.577450739,-0.290173710,-0.245715329,-0.318627276,0.803149498,0.154105847,0.479248354,254692.254282625
765,254692280619083,0.573780934,-0.293037348,-0.232699530,-0.325936081,0.802298939,0.154282974,0.475687818,254692.287619083
766,254692313955458,0.572908006,-0.292136723,-0.221580414,-0.330687198,0.802081876,0.155530232,0.472356900,254692.320955458
767,254692347291875,0.571489916,-0.291306887,-0.207110487,-0.334203080,0.800643023,0.156502665,0.472002140,254692.354291875
768,254692380628291,0.568786016,-0.294000806,-0.196417841,-0.336414765,0.799282034,0.157149445,0.472522424,254692.387628291
769,254692413964583,0.567467574,-0.293945136,-0.186541311,-0.338616239,0.797995807,0.157671159,0.472949886,254692.420964583
770,254692447301083,0.565806372,-0.293582271,-0.174086684,-0.342124401,0.795774798,0.158545337,0.473874239,254692.454301083
771,254692480637416,0.563557168,-0.294428481,-0.163765032,-0.345342278,0.794678348,0.156852211,0.473943532,254692.487637416
772,254692513973916,0.562248960,-0.293995383,-0.155474053,-0.349632824,0.793864004,0.156044751,0.472426630,254692.520973916
773,254692547310291,0.560541241,-0.293276719,-0.145567545,-0.355496374,0.792879134,0.153634419,0.470490728,254692.554310291
774,254692580646708,0.558251696,-0.294419119,-0.137552467,-0.360499559,0.792180887,0.151640646,0.468502591,254692.587646708
775,254692613983083,0.557298621,-0.294082627,-0.131490996,-0.366503288,0.790690456,0.151438340,0.466423012,254692.620983083
776,254692647319500,0.556501154,-0.293861627,-0.124937737,-0.374298340,0.789470385,0.152750420,0.461849138,254692.654319500
777,254692680655875,0.555818420,-0.295610758,-0.119838915,-0.379404040,0.788735315,0.152897900,0.458880662,254692.687655875
778,254692713992291,0.556063629,-0.296354308,-0.116982778,-0.384745001,0.787271050,0.153731393,0.456664308,254692.720992291
779,254692747328708,0.556727770,-0.297568402,-0.114336533,-0.391953019,0.784882902,0.156501183,0.453694934,254692.754328708
780,254692780665083,0.556389056,-0.298776142,-0.111778380,-0.396713025,0.783069885,0.158202141,0.452097850,254692.787665083
781,254692814001333,0.557096979,-0.300428558,-0.110722781,-0.400410875,0.782236002,0.158783337,0.450073187,254692.821001333
782,254692847337833,0.558250232,-0.302952656,-0.109702517,-0.405174457,0.781776524,0.156633529,0.447353459,254692.854337833
783,254692880674208,0.559385052,-0.304694746,-0.109250129,-0.408257578,0.781591668,0.153512874,0.445952986,254692.887674208
784,254692914010708,0.560948250,-0.306204414,-0.109255931,-0.413739371,0.780337244,0.153976901,0.442927404,254692.921010708
785,254692947347166,0.563974629,-0.308249772,-0.109824750,-0.423556046,0.777378543,0.158769313,0.437121534,254692.954347166
786,254692980683541,0.567220008,-0.308431137,-0.105112045,-0.432769578,0.774120017,0.163953754,0.431935077,254692.987683541
787,254693014019750,0.571358777,-0.311154284,-0.105777448,-0.441140328,0.771501485,0.169781994,0.425857719,254693.021019750
788,254693047356291,0.574528618,-0.314014039,-0.105977315,-0.445257448,0.770013377,0.170130988,0.424123453,254693.054356291
789,254693080692625,0.577547730,-0.316860416,-0.103614082,-0.449100992,0.768617903,0.170538850,0.422435052,254693.087692625
790,254693114029125,0.581859349,-0.321226983,-0.103430340,-0.456577402,0.766442757,0.172940320,0.417365877,254693.121029125
791,254693147365416,0.585219495,-0.324776163,-0.102968533,-0.461909661,0.765029623,0.174764965,0.413311507,254693.154365416
792,254693180701875,0.588592943,-0.328702482,-0.099686040,-0.467559646,0.763402339,0.176352702,0.409273288,254693.187701875
793,254693214038125,0.594137771,-0.333853186,-0.098203416,-0.475170928,0.761965796,0.178193648,0.402327966,254693.221038125
794,254693247374708,0.598602104,-0.337875959,-0.096686624,-0.479671041,0.761534665,0.176766205,0.398414870,254693.254374708
795,254693280711000,0.603332109,-0.341991582,-0.093229910,-0.483862744,0.760280918,0.177930644,0.395209451,254693.287711000
796,254693314047458,0.609826608,-0.347198227,-0.092209720,-0.491284215,0.756424621,0.188844200,0.388329157,254693.321047458
797,254693347383708,0.614552350,-0.351604612,-0.091277687,-0.494632101,0.753830552,0.194945732,0.386102056,254693.354383708
798,254693380720166,0.617762076,-0.357032931,-0.088785524,-0.499292267,0.751779874,0.200481306,0.381236873,254693.387720166
799,254693414056500,0.623078779,-0.362843222,-0.087600258,-0.504518757,0.755053099,0.195870685,0.370122101,254693.421056500
800,254693447392916,0.626614194,-0.367194683,-0.086378886,-0.505303185,0.757881296,0.188480682,0.367096332,254693.454392916
801,254693480729166,0.627961247,-0.373424498,-0.084277895,-0.506660275,0.759968217,0.179528382,0.365394701,254693.487729166
802,254693514065833,0.631050827,-0.378778559,-0.081061851,-0.513183997,0.757167407,0.173999317,0.364779377,254693.521065833
803,254693547402125,0.632840702,-0.382586103,-0.078083489,-0.518778521,0.754220911,0.169765459,0.364964939,254693.554402125
804,254693580738500,0.630393980,-0.385272389,-0.075560884,-0.527486912,0.749663121,0.168798725,0.362311753,254693.587738500
805,254693614074833,0.633615318,-0.390089818,-0.073542642,-0.540013715,0.746465425,0.170345942,0.349509471,254693.621074833
806,254693647411208,0.637290632,-0.394200986,-0.072599129,-0.550009457,0.743526990,0.171012971,0.339723166,254693.654411208
807,254693680747666,0.639868937,-0.399362366,-0.073503612,-0.559144434,0.741078606,0.169728185,0.330684742,254693.687747666
808,254693714084041,0.648782481,-0.408600208,-0.072403236,-0.563012552,0.741714863,0.155715636,0.329588565,254693.721084041
809,254693747420333,0.656697802,-0.416655350,-0.072809397,-0.565081731,0.741630532,0.149559447,0.329087855,254693.754420333
810,254693780756833,0.667685639,-0.430797037,-0.073318353,-0.561670146,0.740855138,0.150846678,0.336014353,254693.787756833
811,254693814093125,0.681885332,-0.445139251,-0.077479557,-0.554439368,0.738740209,0.166406553,0.345208349,254693.821093125
812,254693847429500,0.693593755,-0.456088570,-0.081344064,-0.549699870,0.737572047,0.179030704,0.348949263,254693.854429500
813,254693880765875,0.706477775,-0.468668741,-0.088231359,-0.545572302,0.737642722,0.189383137,0.349811605,254693.887765875
814,254693914102375,0.723839555,-0.478699228,-0.095159221,-0.548717737,0.739627834,0.188546333,0.341042292,254693.921102375
815,254693947438625,0.736963437,-0.483751042,-0.100489501,-0.552278986,0.737960784,0.189672608,0.338269357,254693.954438625
816,254693980775083,0.745496786,-0.477373235,-0.113031271,-0.557306697,0.734914387,0.191101967,0.335842495,254693.987775083
817,254694014111375,0.762222317,-0.480277336,-0.117396754,-0.561884103,0.729098920,0.193221090,0.339656712,254694.021111375
818,254694047447833,0.774300964,-0.480867230,-0.119360280,-0.567226582,0.724597746,0.190947519,0.341688761,254694.054447833
819,254694080784208,0.789094835,-0.478303055,-0.121140794,-0.580501829,0.714414074,0.191460536,0.340548196,254694.087784208
820,254694114120625,0.799967434,-0.474118340,-0.122427810,-0.592300622,0.704173509,0.199913437,0.336681324,254694.121120625
821,254694147457041,0.810644627,-0.469629152,-0.123419212,-0.603038892,0.694540337,0.210179815,0.331334142,254694.154457041
822,254694180793333,0.825571187,-0.460090129,-0.122953191,-0.617421774,0.683042483,0.222135922,0.320778748,254694.187793333
823,254694214129791,0.835618975,-0.455922943,-0.123678729,-0.626578265,0.676102471,0.227087124,0.314192008,254694.221129791
824,254694247466250,0.844908016,-0.451639884,-0.124543137,-0.634370964,0.670342850,0.228668691,0.309717010,254694.254466250
825,254694280802500,0.850618378,-0.437697489,-0.124357599,-0.643456882,0.664202876,0.230600179,0.302690255,254694.287802500
826,254694314138916,0.858145191,-0.433599050,-0.125728512,-0.650328158,0.659305027,0.234839614,0.295365160,254694.321138916
827,254694347475333,0.865528907,-0.430338313,-0.127517402,-0.655637762,0.655424669,0.238286013,0.289443359,254694.354475333
828,254694380811833,0.869279573,-0.420436726,-0.127624373,-0.660582690,0.650363665,0.242694493,0.285931897,254694.387811833
829,254694414148083,0.875334013,-0.418171121,-0.128606937,-0.663615966,0.647657494,0.243598675,0.284276906,254694.421148083
830,254694447484541,0.880765025,-0.416370163,-0.128976918,-0.665915790,0.645423991,0.243673440,0.283914318,254694.454484541
831,254694480820791,0.883115604,-0.406870290,-0.126706127,-0.669159073,0.641994056,0.243085636,0.284568436,254694.487820791
832,254694514157250,0.887246010,-0.404547310,-0.126001250,-0.672267417,0.639051273,0.243651735,0.283379384,254694.521157250
833,254694547493625,0.890879503,-0.401929851,-0.124693630,-0.675529806,0.635966454,0.244147968,0.282131128,254694.554493625
834,254694580829958,0.895351345,-0.404563991,-0.120436307,-0.679351211,0.631382622,0.247929984,0.279944089,254694.587829958
835,254694614166416,0.898552866,-0.401857662,-0.117480862,-0.681941013,0.628254657,0.248572049,0.280115208,254694.621166416
836,254694647502833,0.901540732,-0.398947856,-0.113505754,-0.685491288,0.624616213,0.249395263,0.278851818,254694.654502833
837,254694680839208,0.905963568,-0.398838389,-0.107163733,-0.689767057,0.620175802,0.249004154,0.278568424,254694.687839208
838,254694714175583,0.908322030,-0.395650455,-0.101109142,-0.693109096,0.617573382,0.246175799,0.278568533,254694.721175583
839,254694747511875,0.910353744,-0.392289905,-0.094623760,-0.697769523,0.614407590,0.243658696,0.276136740,254694.754511875
840,254694780848333,0.916826853,-0.388071890,-0.084895994,-0.703543699,0.611124350,0.238411329,0.273337489,254694.787848333
841,254694814184708,0.918558019,-0.384911946,-0.077818000,-0.706573627,0.608714414,0.235056609,0.273804520,254694.821184708
842,254694847521166,0.920062757,-0.382425245,-0.070659618,-0.708872018,0.606573112,0.232018586,0.275203472,254694.854521166
843,254694880857583,0.924366765,-0.379134647,-0.059982639,-0.711356932,0.603985302,0.228365222,0.277529185,254694.887857583
844,254694914193916,0.925583624,-0.377961369,-0.052696662,-0.712783960,0.602184778,0.225157661,0.280386521,254694.921193916
845,254694947530375,0.926457749,-0.377207115,-0.045320539,-0.713855615,0.600851060,0.221849012,0.283145252,254694.954530375
846,254694980866708,0.929886073,-0.375863319,-0.034995676,-0.715511639,0.599411634,0.216143561,0.286410198,254694.987866708
847,254695014203166,0.930551461,-0.375713824,-0.027732409,-0.716863605,0.598779776,0.211368533,0.287911006,254695.021203166
848,254695047539500,0.931537363,-0.375590341,-0.018567790,-0.718980325,0.596970675,0.207984909,0.288852274,254695.054539500
849,254695080875958,0.936051050,-0.377079245,-0.013104644,-0.720498211,0.594828263,0.209066812,0.288708829,254695.087875958
850,254695114212250,0.937311736,-0.377992848,-0.006860123,-0.721319148,0.592532013,0.209287053,0.291210375,254695.121212250
851,254695147548625,0.939059776,-0.379855141,0.000972225,-0.722819596,0.589925053,0.209893689,0.292343900,254695.154548625
852,254695180885125,0.940515058,-0.382753849,0.004430524,-0.724665730,0.587446209,0.209903760,0.292757573,254695.187885125
853,254695214221541,0.941841157,-0.384901529,0.008853737,-0.726137540,0.586106302,0.209287936,0.292236700,254695.221221541
854,254695247557916,0.943790219,-0.388860128,0.013691183,-0.725508887,0.586369419,0.207969582,0.294204802,254695.254557916
855,254695280894166,0.946842733,-0.392597581,0.013906575,-0.725751732,0.586196436,0.206969760,0.294655279,254695.287894166
856,254695314230666,0.948846828,-0.396549933,0.015451371,-0.725804225,0.585561476,0.207901698,0.295132042,254695.321230666
857,254695347567000,0.951235432,-0.402215199,0.016287356,-0.724601620,0.585298734,0.209077769,0.297765719,254695.354567000
858,254695380903416,0.953131927,-0.406358209,0.013819974,-0.723241828,0.585404033,0.211680537,0.299023042,254695.387903416
859,254695414239708,0.955112649,-0.411933599,0.012131796,-0.720886590,0.585359697,0.214352779,0.302868765,254695.421239708
860,254695447576250,0.957657526,-0.420056032,0.008121778,-0.717409744,0.586204045,0.218241950,0.306689716,254695.454576250
861,254695480912541,0.957780430,-0.425974348,-0.001299924,-0.714765754,0.587414727,0.221261865,0.308378170,254695.487912541
862,254695514249041,0.959712967,-0.432567728,-0.007485709,-0.711762944,0.588985585,0.224688686,0.309845994,254695.521249041
863,254695547585291,0.962080415,-0.441456594,-0.016536357,-0.707378083,0.590381557,0.227700795,0.314989312,254695.554585291
864,254695580921708,0.961063942,-0.446817730,-0.028708573,-0.703799612,0.591125885,0.230208935,0.319750205,254695.587921708
865,254695614258041,0.962583351,-0.452742942,-0.035777535,-0.700716398,0.590213097,0.233756783,0.325580787,254695.621258041
866,254695647594625,0.965306883,-0.460233891,-0.045995339,-0.698732333,0.588378842,0.241387099,0.327590883,254695.654594625
867,254695680930958,0.965878956,-0.464508230,-0.056411276,-0.697224448,0.587241536,0.247235884,0.328481231,254695.687930958
868,254695714267333,0.969069625,-0.470158290,-0.065301966,-0.695961291,0.586390386,0.252379239,0.328768869,254695.721267333
869,254695747603666,0.973439836,-0.478592904,-0.077798976,-0.691264848,0.586698415,0.256174144,0.335130931,254695.754603666
870,254695780940041,0.975214911,-0.483799224,-0.087835658,-0.687808142,0.587417272,0.257343938,0.340051552,254695.787940041
871,254695814276416,0.978083630,-0.491152883,-0.098163862,-0.683240871,0.589380238,0.257281060,0.345860315,254695.821276416
872,254695847612833,0.981777478,-0.501066294,-0.113404153,-0.678206373,0.591866754,0.256706123,0.351897544,254695.854612833
873,254695880949166,0.983081827,-0.505176427,-0.125398360,-0.674309505,0.595024262,0.255851019,0.354673271,254695.887949166
874,254695914285583,0.986073816,-0.511649165,-0.138957154,-0.671394778,0.597062209,0.259326258,0.354253745,254695.921285583
875,254695947621958,0.990974063,-0.520502327,-0.158132753,-0.665663870,0.601114853,0.266991551,0.352516824,254695.954621958
876,254695980958333,0.993533898,-0.523800200,-0.173089728,-0.660819031,0.604469222,0.273349768,0.351020120,254695.987958333
877,254696014294750,0.997875703,-0.530439632,-0.188078559,-0.656415409,0.607446927,0.279393146,0.349380259,254696.021294750
878,254696047631166,1.003236297,-0.538706772,-0.207355341,-0.651486144,0.611836196,0.283875429,0.347328472,254696.054631166
879,254696080967416,1.006669748,-0.541194791,-0.222042935,-0.648149952,0.615795237,0.285611044,0.345143812,254696.087967416
880,254696114303791,1.011587359,-0.547266955,-0.240222579,-0.644090094,0.619926600,0.290063507,0.341617003,254696.121303791
881,254696147640250,1.015420372,-0.551172999,-0.253482285,-0.641438195,0.621432852,0.296179808,0.338608663,254696.154640250
882,254696180976625,1.018636589,-0.552143281,-0.266692354,-0.639017756,0.622107763,0.303380842,0.335556786,254696.187976625
883,254696214312958,1.023841339,-0.555929220,-0.282766185,-0.635641581,0.623003237,0.310641575,0.333659426,254696.221312958
884,254696247649291,1.027756383,-0.558124605,-0.294184492,-0.634337083,0.623121996,0.316273779,0.330615174,254696.254649291
885,254696280985666,1.027600722,-0.557059696,-0.304225696,-0.632909467,0.623712358,0.319144204,0.329477663,254696.287985666
886,254696314322166,1.031863767,-0.558658044,-0.317425857,-0.632362621,0.624654136,0.322234040,0.325714601,254696.321322166
887,254696347658500,1.034962594,-0.559557591,-0.326643902,-0.632695935,0.625281449,0.322641424,0.323452514,254696.354658500
888,254696380994833,1.034216004,-0.554713856,-0.330949521,-0.633269174,0.626161695,0.320913072,0.322345371,254696.387994833
889,254696414331166,1.037999811,-0.555153395,-0.341792119,-0.632893808,0.626576647,0.320495848,0.322691181,254696.421331166
890,254696447667625,1.040982354,-0.555625295,-0.349855243,-0.631643868,0.627020699,0.320423883,0.324344964,254696.454667625
891,254696481004000,1.039492232,-0.552407568,-0.351054075,-0.630336726,0.627414474,0.321129555,0.325426722,254696.488004000
892,254696514340416,1.043387661,-0.552874394,-0.361715268,-0.630488159,0.627964420,0.320499071,0.324693344,254696.521340416
893,254696547676750,1.046430668,-0.553254902,-0.369421555,-0.630698726,0.628603975,0.318426642,0.325085660,254696.554676750
894,254696581013000,1.043201106,-0.550578180,-0.375032246,-0.631448704,0.629668287,0.315057067,0.324853015,254696.588013000
895,254696614349375,1.046352807,-0.550423766,-0.384437125,-0.633423967,0.630344072,0.311097944,0.323509738,254696.621349375
896,254696647685791,1.048577072,-0.550134000,-0.391489845,-0.635595360,0.630738888,0.309380995,0.320110053,254696.654685791
