ms_since_push,fed_t_at_drain,kind,frame_id,is_keyframe,recording_frame,t_ns,engine_t,engine_t_hex,tx,ty,tz,qx,qy,qz,qw,body_tx,body_ty,body_tz,body_qx,body_qy,body_qz,body_qw,vx,vy,vz,bgx,bgy,bgz,bax,bay,baz
209.137,268463.416516212,1,1,1,2,268462131783166,268462.13305667002,411062b8884001f9,0.0016299770256955133,-0.023604236336429038,-0.0041921322780281225,-0.045583733155198314,0.83861544759852347,0,0.5428133756142407,-0.00065971696803596126,0.009553564442465098,0.001696720560458173,0.38382700860339675,-0.38382700860339675,-0.56075808805920491,0.62522321999570774,-0.067878665318297407,-0.072342258880545518,0.05421523557338942,-0.0065860028783669249,0.0026756028958662883,0.0027971154658276943,-0.00084806111656724316,-0.050229774066679174,-0.010212135204291489
181.059,268463.416516212,1,6,1,7,268462298466208,268462.29973971203,411062b932eef792,-0.011817440549947648,-0.044872089514626547,0.015332156318449459,-0.040942168704157123,0.83601767084518708,0.017048124555547606,0.54690731163334017,-0.014521633700599085,-0.011960711481133431,0.022324258098821121,0.39877670260623133,-0.37466701428821819,-0.56220326416110689,0.62010423287496608,-0.086135388324365056,-0.17485334594094915,0.19549219670153978,-0.0065859897855740741,0.0026756098101134093,0.002797131794152489,-0.00083237667228119806,-0.05030962362323177,-0.010350548122871527
156.163,268463.416516212,1,11,1,12,268462465149375,268462.46642287902,411062b9dd9df58e,-0.024300027849459945,-0.076187014782256979,0.05098154414977657,-0.039444901152230538,0.8390084199724116,0.022814458554222428,0.54220708652861216,-0.027042728334882984,-0.043363315675302688,0.058360116027178624,0.39953055541456722,-0.36726603956742443,-0.56537677110457785,0.62116028379633892,-0.080186392336895354,-0.17400871696610401,0.21868170107093418,-0.006585986737881095,0.0026755925041615364,0.0027971683858062195,-0.0008615653104402486,-0.050432882082877106,-0.010604349598465863
132.268,268463.416516212,1,16,1,17,268462631832458,268462.63310596207,411062ba884cede8,-0.034867741814966706,-0.10172043560553282,0.080197400685242434,-0.046215186375289818,0.83759793115949055,0.024322911784914858,0.5437851703020431,-0.038070168210644316,-0.068901764882735417,0.087411294857980812,0.40171306660249761,-0.36731527579506251,-0.55959209046228997,0.62495023208289069,-0.04809885589296771,-0.12448929991262817,0.10957079723772949,-0.0065860124474184725,0.0026755257718774328,0.0027972012832619933,-0.00099311953520138602,-0.050626681142582376,-0.01099873025226262
108.094,268463.416516212,1,21,1,22,268462798515500,268462.79978900403,411062bb32fbe380,-0.042682098721902526,-0.12105814158648541,0.091721420669233097,-0.054671019125484832,0.84007886030342838,0.024561846006416754,0.53914316936441942,-0.046286584233772556,-0.088222406760585861,0.098662829359443371,0.39859962835234797,-0.3638639335373402,-0.55536719571777804,0.63268369037669636,-0.056381990808512653,-0.11773754247392403,0.050771354726734538,-0.0065860425579877379,0.0026754792086655446,0.0027972128674385675,-0.0012071165536804991,-0.050821196096832666,-0.01139858354404316
82.499,268463.416516212,1,26,1,27,268462965198583,268462.96647208702,411062bbddaadbd9,-0.051049306935650254,-0.14554766338133329,0.10072374880723425,-0.056482435341597359,0.83767803361324511,0.027178274381586431,0.54255565715772303,-0.054906024836874345,-0.11275462387167932,0.10773111912107183,0.40286271574485599,-0.36442683253515357,-0.55238869027397819,0.63226691424466741,-0.040890689701187123,-0.17494178766173721,0.051839751503308378,-0.006586070825738719,0.002675492226295156,0.0027971992396003164,-0.0014742444118605676,-0.050978650450669453,-0.011695920935688851
57.452,268463.416516212,1,31,1,32,268463215223250,268463.21649675403,411062bcddb15339,-0.049307729484156466,-0.19609197897219494,0.10966501313936822,-0.09194115593328156,0.83934889582123229,0.045404885011060547,0.53383396722102905,-0.055644640725332831,-0.16364202882810766,0.11646245703647425,0.40958370944254074,-0.34537150697035335,-0.52849706712476152,0.65852149332640686,0.0077655099700018916,-0.21381467126375087,0.0065763685504323334,-0.0065861193378554238,0.0026755557358845179,0.0027971599543530319,-0.0017062658704676025,-0.051090607330959617,-0.011941328378440901
30.995,268463.416516212,1,36,1,37,268463381906208,268463.38317971205,411062bd8860432f,-0.0430871165454653,-0.22822789826986967,0.10491409466443744,-0.1128819156803253,0.8411234536011416,0.056647171447439137,0.52588987449266666,-0.050856144415004849,-0.19607884854546642,0.11165514500891381,0.41191588451709543,-0.33180468851751072,-0.5149445161047923,0.67458364795916748,0.078756067073647629,-0.15453295124264138,-0.057023684442429973,-0.0065861332275709483,0.0026755791551989275,0.002797147344171086,-0.001770812847655854,-0.051123626238162113,-0.01197595497894163
231.999,268463.516526045,2,1,1,2,268462131783166,268462.13305667002,411062b8884001f9,0.0016299770256955133,-0.023604236336429038,-0.0041921322780281225,-0.045583733155198314,0.83861544759852347,0,0.5428133756142407,-0.00065971696803596126,0.009553564442465098,0.001696720560458173,0.38382700860339675,-0.38382700860339675,-0.56075808805920491,0.62522321999570774,-0.071612144272884842,-0.074784140405004432,0.058717006201989226,-0.0069790083589940065,0.0033102330832909224,0.0029406525955501684,-0.0034363239576773647,-0.047554031777413283,-0.0041829923494161713
203.920,268463.516526045,2,6,1,7,268462298466208,268462.29973971203,411062b932eef792,-0.012384914535842076,-0.045310537826000606,0.016027162678199789,-0.040900605598210849,0.83600468559454244,0.017010051550224559,0.54693145592881076,-0.01508585125558852,-0.012398749767680533,0.023018593118871101,0.39876685352130353,-0.37471100856234607,-0.56222347175584475,0.62006566136314434,-0.089236197066087597,-0.17764420017803012,0.19940934147047693,-0.0069790108693678606,0.0033102336629061836,0.0029406656886474523,-0.0034312783144870964,-0.047578423100940959,-0.0042677341928244695
179.023,268463.516526045,2,11,1,12,268462465149375,268462.46642287902,411062b9dd9df58e,-0.025345509340687387,-0.077113093548568074,0.052286308996586615,-0.03936623726606725,0.83897560815499606,0.022742467473866823,0.54226659649119702,-0.028082325073048309,-0.04428860234236618,0.059663542127488541,0.39952172993178947,-0.36735902484414668,-0.56540919341245821,0.62108145857249797,-0.08279585812864744,-0.17707940389354626,0.22208441860906533,-0.0069790227740161633,0.003310211480442876,0.0029406986613838559,-0.0034816854704614541,-0.047602691694579286,-0.0044230768102454868
155.128,268463.516526045,2,16,1,17,268462631832458,268462.63310596207,411062ba884cede8,-0.03631024283186491,-0.10318396234740693,0.082005565442638206,-0.046101644012809195,0.83754633136003598,0.024216654510392899,0.54387901972908037,-0.039504210576330252,-0.070364001825880373,0.089217341463796521,0.40170429292963472,-0.36745677259693121,-0.55963589046748441,0.62483345894343345,-0.050220659556561284,-0.12791903227005216,0.11218347112496542,-0.0069790355709774292,0.0033101571336538542,0.0029407356899865248,-0.0036321223657337746,-0.047651083547750391,-0.0046665552648116285
16.723,268463.516526045,1,39,1,40,268463481915875,268463.48318937904,411062bdeec93253,-0.035286988822407481,-0.24890581189397393,0.10172090858327099,-0.1216717276722209,0.84917507462336173,0.062361787858482287,0.51010660057603552,-0.043481626674164567,-0.21689456028160989,0.10861210823609427,0.40479626870687552,-0.31660338489005702,-0.51442253627821199,0.6864923391315022,0.11016096319472825,-0.16750658610091906,-0.04365040078752612,-0.0069790648742690644,0.003310227911949461,0.0029407466688386205,-0.0044159234489565477,-0.047732985525178413,-0.0053116538031085861
147.562,268463.616535754,2,21,1,22,268462798515500,268462.79978900403,411062bb32fbe380,-0.043419620283100029,-0.124763104208175,0.095654571511862699,-0.055026398299208357,0.84015416203159643,0.023785673636503635,0.53902446554246597,-0.047014917145818083,-0.091914716494140694,0.10254066017118228,0.39796685534559245,-0.36432883399365013,-0.55516915106203757,0.63298822775484886,-0.058557204690344498,-0.12147051357243975,0.054854704058371812,-0.006284263799575477,0.0046662567066555671,0.00090058494847157066,-0.025037837256204887,-0.039921096756077981,-0.01370029649727888
10.309,268463.616535754,1,42,1,43,268463581925708,268463.58319921204,411062be55322c9b,-0.024137651728769496,-0.27150367508241968,0.10183520074146098,-0.13023993572446824,0.84889218965556001,0.067808256863497285,0.50776146269472777,-0.032958512342443284,-0.23966639908695311,0.10875916111029801,0.40698924091680699,-0.31109388697098544,-0.50816386854934203,0.69235094711295964,0.1488206376348519,-0.17775967190364783,-0.046568076449566606,-0.0062837507083117541,0.0046671937688635839,0.00090086869129348164,-0.030734121803264614,-0.039734036069843548,-0.017342596060838007
138.700,268463.716545545,2,26,1,27,268462965198583,268462.96647208702,411062bbddaadbd9,-0.051886934958938764,-0.15155918535671525,0.10611232924644139,-0.057083054300931968,0.83784427671545203,0.026577208430074939,0.54226580022290038,-0.055751217940062645,-0.11875563029826075,0.11306610840135703,0.40223273814717614,-0.36464689053536564,-0.5520815401679916,0.63280916759419081,-0.043799733029985952,-0.18126312447161325,0.056425685901036859,-0.0056804999309700288,0.003933955165242922,0.00057292378125583274,-0.031989505234845193,-0.03694939766815316,-0.021929895776468027
10.506,268463.716545545,1,45,1,46,268463681935541,268463.68320904503,411062bebb9b26e3,-0.0051615345585647506,-0.29383417689042196,0.09703053941900365,-0.14426119855359792,0.85303071830333277,0.078597199140667151,0.49532800619640144,-0.014917987862603703,-0.26232748103434467,0.10420693734033928,0.40582639379020857,-0.29467317175830743,-0.50117572037896874,0.70519185846956256,0.19141870636018443,-0.20190250532675899,-0.076154822859002727,-0.0056800474571330386,0.0039347615413419081,0.00057322987149123678,-0.03649537956057447,-0.036617955237468018,-0.024862012260761214
131.151,268463.816555212,2,31,1,32,268463215223250,268463.21649675403,411062bcddb15339,-0.051198004988961328,-0.20610393448958148,0.11683071541387348,-0.092799456045546846,0.83962487614971359,0.044801202901626397,0.53330219738838136,-0.05755392331792257,-0.1736451316243767,0.12356787881696447,0.40878082369594504,-0.34542235662756665,-0.52808530486778427,0.65932355069648629,0.0022320612700978213,-0.22772174518641225,0.010449409074754798,-0.0053708058081731805,0.0032447068177022332,0.00063808824497038684,-0.036202671517111609,-0.034901015020999238,-0.02889065035318324
11.098,268463.816555212,1,48,1,49,268463781945250,268463.78321875405,411062bf220418d9,0.017349399478657053,-0.3189254491313534,0.089724740703443162,-0.16334540725467767,0.85284112616451058,0.083317182715119231,0.48891573070228411,0.006455969257203203,-0.28772520850197197,0.096597812407245867,0.40462976272990397,-0.28680147609043277,-0.48754708546844183,0.71855236961318159,0.25426870476119667,-0.25188450765948128,-0.09048724334136804,-0.0053705962107886574,0.0032452781389092026,0.00063842299026494744,-0.038692814262705086,-0.034733150930117355,-0.030180299194916528
121.621,268463.916564920,2,36,1,37,268463381906208,268463.38317971205,411062bd8860432f,-0.045885491583839186,-0.24110947092265878,0.11258433836160418,-0.11386233620156888,0.84144572639788695,0.056089950325129534,0.52522226590887977,-0.053680575039035817,-0.20895424980957672,0.11926560927827279,0.41104979914915912,-0.33172663279701892,-0.51447913539815915,0.67550479121361573,0.070978956852753419,-0.17381439545633084,-0.05348840670806098,-0.0052845511312382036,0.002874578554935604,0.00092770252306189141,-0.037309898155046498,-0.034027249758325141,-0.03356497126574106
10.681,268463.916564920,1,51,1,52,268463881954875,268463.88322837907,411062bf886d052c,0.046053344091168333,-0.34839854093558137,0.08348177790320499,-0.17553650242486263,0.85241788447053868,0.084835322593383555,0.48515328279232983,0.034473146683818894,-0.31738660491306914,0.090078732057132793,0.40304279734384774,-0.2830675367560786,-0.47862740256894432,0.72687349838482762,0.30578637208009224,-0.31407965347014077,-0.042187982693765176,-0.0052843385329807572,0.0028750292739426761,0.00092808044971411075,-0.038881340354556107,-0.033728974769918665,-0.034264132453232829
101.332,268464.016574670,2,39,1,40,268463481915875,268463.48318937904,411062bdeec93253,-0.036031206213742437,-0.25788041939059519,0.1073921713400052,-0.12292711612239582,0.84963670554335213,0.062426356674554623,0.5090278930668648,-0.044282038406452423,-0.22587716998525373,0.11425342105079782,0.40407916437900143,-0.31579496646921668,-0.51386126496093398,0.68770645513927164,0.10132823316113412,-0.18529787025148392,-0.036331619925475268,-0.0051467021218615343,0.0024763013247408139,0.0014211048250317457,-0.035892218909162978,-0.033576541954200949,-0.039564157718560811
10.674,268464.016574670,1,54,1,55,268463981964583,268463.98323808704,411062bfeed5f710,0.078365568278241593,-0.37983375274005365,0.081999181223550349,-0.18433163735066788,0.85200721666077661,0.071875637646062335,0.48470557677318982,0.066668739323621731,-0.34866557089577821,0.087574984743684789,0.39356234052568306,-0.29191484166686521,-0.47211791720155194,0.73280221178147653,0.34941459337992464,-0.32460546906690851,-0.0089182669721031092,-0.005146224222261798,0.0024767193958833591,0.0014215463873539691,-0.037619622619273131,-0.033033435488989557,-0.040365435246219807
95.556,268464.116584295,2,42,1,43,268463581925708,268463.58319921204,411062be55322c9b,-0.022706924005503545,-0.27603272091164055,0.10339249951667276,-0.13097961669353764,0.84908526369705184,0.069864890999937174,0.50696893908933793,-0.031622215499872382,-0.24424309727991517,0.11041377852339813,0.40788310202169964,-0.30907922826467005,-0.50777735909449195,0.69301050448856483,0.14322728963869386,-0.1908708540243392,-0.040344585100192155,-0.0047978580550654135,0.001608258956655765,0.001470579153074371,-0.035679914968407903,-0.03183955052524895,-0.049380253513390211
10.983,268464.116584295,1,57,1,58,268464081974208,268464.08324771206,411062c0553ee363,0.11522719750174767,-0.41054210484679865,0.082742791029172341,-0.20079300950778117,0.85175423728025601,0.088015724855680377,0.47586780937414391,0.10224618386555286,-0.37997852891263473,0.08880266421762438,0.39872586024474965,-0.27425283176350695,-0.46029908620060989,0.74426327592100461,0.35835505355428621,-0.27774567994955457,0.020632762265508739,-0.0047970534314909627,0.0016087075832753516,0.0014706748230707645,-0.037547853604585082,-0.030984654480217474,-0.050617267774790121
96.115,268464.216593837,2,45,1,46,268463681935541,268463.68320904503,411062bebb9b26e3,-0.0044056108637624929,-0.29557226961853911,0.09739257181030693,-0.1447176304124887,0.85312796404847768,0.080613634309197491,0.49470292053133963,-0.014239587659895133,-0.26411364060671272,0.104673266353824,0.40681022643293568,-0.29280533451392499,-0.5009217374489886,0.70558336764755081,0.18375158588314669,-0.2120032253515062,-0.070131603436904735,-0.0046009341297853579,0.0011725077712883441,0.0016214431192753196,-0.035307197713348219,-0.031280903750526959,-0.056564034594243043
10.534,268464.216593837,1,60,1,61,268464181983833,268464.18325733708,411062c0bba7cfb6,0.14844705499699554,-0.43594972241671803,0.085963534703373659,-0.20998960054468602,0.84831699258295346,0.091186768149943614,0.47743866023285653,0.13482601718734974,-0.40563670513606792,0.091875324981944784,0.40207888566677635,-0.27312132487123086,-0.45136561551824089,0.74833574866458608,0.30779819623770382,-0.23307977314878564,0.023319166910227344,-0.0046002483056641029,0.0011729902242591636,0.0016215851390036461,-0.036766496826170232,-0.030993909703433041,-0.057857946979846413
96.144,268464.316603420,2,48,1,49,268463781945250,268463.78321875405,411062bf220418d9,0.017554584983084563,-0.31858048124211846,0.089592839521773202,-0.16361740237504868,0.85292505906166172,0.085267255445138662,0.48834182457171937,0.0065965619761862567,-0.28742669016108335,0.096573096324076638,0.40560285943853036,-0.28501675357002698,-0.48741410539865621,0.71880404872128967,0.24570690243342616,-0.26175309185380435,-0.084304747679839767,-0.0044713604538163029,0.00099861129577695669,0.0018039482013771492,-0.035721728165787295,-0.031690840454293226,-0.061088235435004634
10.893,268464.316603420,1,63,1,64,268464281993541,268464.28326704504,411062c12210c19a,0.17897430345195051,-0.45841371685015919,0.087168172752001616,-0.21412785366562292,0.84540081913117071,0.10417111659483169,0.47811625048388129,0.16474003574316645,-0.42850372101644102,0.093659607415327598,0.41173933490578296,-0.26441913292945957,-0.4463773827840064,0.74919988946280358,0.29018363885859022,-0.18749545414874527,-0.005446710418574828,-0.0044709441184006254,0.00099900953969860496,0.0018041139715320551,-0.036842626205816992,-0.032006109997464165,-0.06212412822835147
96.369,268464.416613129,2,51,1,52,268463881954875,268463.88322837907,411062bf886d052c,0.045947071614417759,-0.34906412270710774,0.084009782200850161,-0.17584400521074367,0.85253334531455827,0.086604887297139194,0.48452598244773415,0.034307007777332803,-0.3180954449752505,0.090703874026897655,0.40385050019662755,-0.28137269727189368,-0.47849160841319488,0.72717257882776831,0.29781622641961508,-0.32696686269838093,-0.03557694717196655,-0.0044410534997064537,0.00094625323112713022,0.0018886714987279326,-0.03724775702361751,-0.032361227525052286,-0.063084962506402845
11.004,268464.416613129,1,66,1,67,268464382003041,268464.38327654504,411062c18879a589,0.20628290486477219,-0.47615234925579303,0.086196913412341009,-0.21940908237187912,0.84522928646215068,0.11466422827549111,0.47360244493232923,0.19152779875925169,-0.44660459871233577,0.093166722133034396,0.41596734270397367,-0.25380764027218949,-0.44252169834194177,0.75281299008440428,0.24029548914491372,-0.134977623909244,-0.0088618128374998942,-0.0044410311688980212,0.00094650744615827934,0.001888846342538093,-0.038223381917499459,-0.032808985953485512,-0.063699292780533948
97.023,268464.516622795,2,54,1,55,268463981964583,268463.98323808704,411062bfeed5f710,0.078450443923305732,-0.38366679869694054,0.08341586132214461,-0.18469529923718531,0.85215949677124758,0.073185290209656501,0.48410309337130797,0.066702814425964319,-0.35253029473315101,0.089061414800122821,0.39406238462207155,-0.29056275739510029,-0.47196844771826707,0.73316703785653936,0.34421828495892021,-0.33822181470699125,-0.002528776123050254,-0.004469939140145247,0.00093347503405493977,0.0020360342997184323,-0.039212327500027913,-0.033485697040073432,-0.062920667199181338
10.924,268464.516622795,1,69,1,70,268464482012708,268464.48328621202,411062c1eee294ad,0.23173115863478089,-0.49039480311734135,0.085008782186663065,-0.23178790915990066,0.84176428395848468,0.12594102825489703,0.47100548408030307,0.21601179489483224,-0.46141061307360426,0.09223230508662808,0.4221049156472545,-0.24399741016873694,-0.43131841950790456,0.75911601551447772,0.22145218724107621,-0.11123546120687396,-0.011692802780745323,-0.0044701957814065069,0.00093374697834248033,0.0020362143719193588,-0.040292720474614199,-0.033825021328514365,-0.063212772540416087
97.816,268464.616632295,2,57,1,58,268464081974208,268464.08324771206,411062c0553ee363,0.11546386158103711,-0.41517879353242476,0.084283127502740113,-0.20071615112069169,0.85185825567084628,0.088803880364618476,0.47556751673067998,0.10246931345483795,-0.38463117388828877,0.090394232561540083,0.39907083137603716,-0.27348318271445099,-0.46042698539326343,0.74428248094314597,0.35722520250457573,-0.28816804820192099,0.026265309279999406,-0.0045304196190567286,0.00094929336611150389,0.0020821267007766426,-0.040499511367454472,-0.033210220756346304,-0.062639598077473824
10.973,268464.616632295,1,72,1,73,268464582022416,268464.58329592005,411062c2554b8692,0.25153607403713224,-0.50189817644964929,0.084910959719083662,-0.242080441554402,0.83952157145106221,0.12891613271100466,0.46902161445341028,0.23519206553998501,-0.47322535428416856,0.0919893498805891,0.42280582449809201,-0.2404908860602144,-0.42245466306975138,0.76480809759251656,0.1780063131997367,-0.10502194974994138,-0.0012843038551986967,-0.0045305803373481175,0.00094954643222301422,0.0020821721856904068,-0.041426860877467817,-0.033009763542932502,-0.062665150175543832
97.624,268464.716642004,2,60,1,61,268464181983833,268464.18325733708,411062c0bba7cfb6,0.14960768391488138,-0.44126645159333899,0.087479840549883447,-0.20981063306207376,0.84837398094113814,0.091597327878748969,0.4773374796243538,0.13598668853167584,-0.41095939168194096,0.093422193304830176,0.4022976497348793,-0.2727594698181412,-0.45153246148888987,0.74824949640083493,0.31027357084231727,-0.24239397352292347,0.027353127007513002,-0.0044978414767421013,0.00092520780126330976,0.0019527315343169595,-0.043404229145358721,-0.032137223664997397,-0.062476874154343824
11.162,268464.716642004,1,75,1,76,268464682031958,268464.68330546207,411062c2bbb46d53,0.27050347795130802,-0.5159771069905934,0.083734416460376798,-0.24810403406156517,0.84035968700036645,0.12929728033584528,0.46424374121495471,0.25388859828637278,-0.48743744693210939,0.090719724573301463,0.41969687008440593,-0.23684290752055379,-0.41878797724671951,0.76966005776067459,0.17708220533131347,-0.14683807328769846,-0.019297866820680486,-0.0044977350543143743,0.00092547396805119314,0.0019523796881928514,-0.044504380186526596,-0.031638882999852194,-0.062200802742863229
99.077,268464.816651587,2,63,1,64,268464281993541,268464.28326704504,411062c12210c19a,0.18083439039028296,-0.46347127213238887,0.088403430228153293,-0.21413579868515825,0.84540748991815295,0.10434268258649132,0.47806348272472426,0.16659565859489878,-0.43356559831850267,0.09490497947146119,0.4118233379393435,-0.26426050501722859,-0.44637648176555128,0.74921022439842966,0.29378083527643251,-0.19515683727044997,-0.0038619154683772259,-0.0043864279624702207,0.00088920642560555159,0.0018098271910476445,-0.046662139235033664,-0.030102938042616607,-0.062305888440363555
11.232,268464.816651587,1,78,1,79,268464782041541,268464.78331504506,411062c3221d56d4,0.28740347515136383,-0.53145658240256544,0.081968662904182477,-0.25353388989262776,0.83525105531073551,0.13696967992388587,0.468311436196303,0.27022097868487949,-0.50329570429046866,0.089116229700056726,0.4279983703453204,-0.23429399651680419,-0.41133614145565262,0.76988719752331847,0.14017665695571299,-0.15024528742158433,-0.01395162591247226,-0.0043861513064726099,0.00088959344789557387,0.0018094944624826345,-0.048019853152239979,-0.029487851264553638,-0.061829948497177059
98.996,268464.916661129,2,66,1,67,268464382003041,268464.38327654504,411062c18879a589,0.20802277957365584,-0.47985741210410748,0.086958430229791023,-0.21939349260617519,0.84525856980067582,0.11468616857926631,0.47355208956319506,0.19326875538195387,-0.45030972077552262,0.093930779852977167,0.41594725021910506,-0.25375651951298495,-0.44255342841739082,0.75282267290234728,0.24364123773408294,-0.14109218804556961,-0.0091811363870804782,-0.0043389904314350969,0.00099317240540582269,0.001822666981513362,-0.04870646489632767,-0.029971647282648707,-0.06340295932216379
10.954,268464.916661129,1,81,1,82,268464882051125,268464.88332462905,411062c388864066,0.30411260945385699,-0.54603070539876519,0.080674295151403355,-0.26977202322835542,0.82640672179497177,0.1446100662632554,0.472612915188725,0.28577131847131876,-0.51855279345971395,0.087596892390172112,0.43644254407677907,-0.2319330325528404,-0.39360015952796401,0.77511540337564777,0.17184492807268612,-0.17412403199689028,-0.018651160200265911,-0.0043388119660870946,0.00099359921361582919,0.0018225365508854586,-0.04974826143205327,-0.029941110778331875,-0.063384049379741125
98.768,268465.016670754,2,69,1,70,268464482012708,268464.48328621202,411062c1eee294ad,0.23224993572003155,-0.49152007392929131,0.085080681736829408,-0.23185625960584255,0.84178357219827193,0.12574980095028052,0.47098846401175276,0.21653216686171869,-0.4625319077311294,0.092291709025017599,0.42195766252144179,-0.24412059328341365,-0.43128372729015574,0.75917798542180215,0.22266136804528405,-0.11468904536616083,-0.013529979390938779,-0.0044086055152745603,0.0011135885990336322,0.0018935212862724708,-0.049328469217097021,-0.030166468005984551,-0.064649524776311459
11.066,268465.016670754,1,84,1,85,268464982060708,268464.98333421204,411062c3eeef29e7,0.32193823965090357,-0.56526833852016634,0.080112318367439095,-0.28638251107552715,0.81921986494452681,0.15381717077972998,0.47244491892298546,0.30246699577340314,-0.53855876387532309,0.086955580463914009,0.44283415864669623,-0.22530383539180751,-0.37677289616575577,0.78177891657954213,0.18780754993682397,-0.23393415375211421,0.0020786056398889663,-0.0044086802354027666,0.0011138579605352024,0.0018937071162320625,-0.049645372776861554,-0.030195114420013585,-0.065157001369820014
97.951,268465.116911296,2,72,1,73,268464582022416,268464.58329592005,411062c2554b8692,0.25158855735466568,-0.50202698040215521,0.084751381080765076,-0.24196004236502067,0.83958772431804041,0.12854699136404896,0.46906664270325465,0.23526038904398044,-0.47334093629611351,0.091812736838037701,0.42257664193535094,-0.24078374818288106,-0.42258657529033783,0.76476973965111139,0.17918393331498106,-0.10814226274696279,-0.0028835586950918027,-0.0045356276042729437,0.0013365505537511844,0.0020720860012938525,-0.049083463047843369,-0.030965687189981394,-0.065600323648742492
10.609,268465.116911296,1,87,1,88,268465082070333,268465.08334383706,411062c45558163a,0.34242313825849824,-0.59042261375383764,0.080873638496023539,-0.30541039080001159,0.80834882014347498,0.16722244754102847,0.4746929369760039,0.32157572324243039,-0.56476769010576799,0.087697942982646798,0.45390270926331944,-0.21741446230963651,-0.35563116444606629,0.78754666971346232,0.22301243923970768,-0.29601356965309072,0.011765820318090802,-0.0045359503380889062,0.0013366452288770881,0.0020724833883451555,-0.048859286199599714,-0.031024466902065707,-0.066348512512851648
97.986,268465.216921046,2,75,1,76,268464682031958,268464.68330546207,411062c2bbb46d53,0.2694996902618475,-0.51522230307318861,0.083322523631967377,-0.24759767732148907,0.84045858289767106,0.12890288461221122,0.46444467934273237,0.25292027981781245,-0.48665993562271642,0.090299289854152601,0.41956007491014335,-0.23726387211275662,-0.41921595547955554,0.7693719394433487,0.17642383988162985,-0.14952591819587754,-0.019395928482550336,-0.004688991503200738,0.001456283054813678,0.0022456284282786078,-0.048305046304725055,-0.031691482954027642,-0.065661901977742868
11.038,268465.216921046,1,90,1,91,268465182079875,268465.18358438002,411062c4bbfd8b31,0.36668265384196291,-0.62164487790251111,0.082811147969975893,-0.32102949049568819,0.80314758891554139,0.17361818630280593,0.4709042315042794,0.34492961540082606,-0.59671770714015948,0.089504609580352279,0.45574616013244762,-0.21021297292111563,-0.34090896765513584,0.79491321495651679,0.26303703203364215,-0.33918026018939423,0.02474401422182599,-0.0046894863595516086,0.0014562225064214086,0.0022460657075741262,-0.048091735160998038,-0.031465693600959251,-0.066320679121600931
97.256,268465.316930630,2,78,1,79,268464782041541,268464.78331504506,411062c3221d56d4,0.28497105607935103,-0.53014147065965,0.081681658773687923,-0.2528147074200327,0.83524884820042189,0.1368150838826761,0.4687491560809986,0.26782543433925138,-0.5019600093333082,0.08883664616877969,0.42819856912963833,-0.23471282711347316,-0.4118431195827767,0.76937709807093813,0.13547190150311578,-0.15232330844039751,-0.010956172740862496,-0.004786339826903077,0.0012951142881751868,0.002241101949040748,-0.047539483049476527,-0.031201167648322727,-0.066818237560135232
10.695,268465.316930630,1,93,1,94,268465282089500,268465.28359400504,411062c522667784,0.39266943777121932,-0.6576299767382775,0.086197137611285252,-0.33348935000048663,0.79966303407976447,0.18494359450532449,0.46381009629645698,0.37012434886145196,-0.63350793766165858,0.093211918349366429,0.45873812188044399,-0.19718838921583873,-0.32963456445283645,0.80125971358234083,0.26398692433285914,-0.37749289400626085,0.047760086353685567,-0.0047866621460672778,0.0012950220936812987,0.0022411237665652859,-0.047720157694634426,-0.030349940137883231,-0.067261773693163024
96.624,268465.416940171,2,81,1,82,268464882051125,268464.88332462905,411062c388864066,0.30112330332676629,-0.54501981854755277,0.080370376627204435,-0.26920543256773699,0.82628787421370686,0.14468372647563216,0.473120974497026,0.28280292609255175,-0.51753119054550367,0.087305797344625721,0.4368538818836547,-0.23224019909113716,-0.39391676168718071,0.77463072535962307,0.16457446847665105,-0.17633062650479092,-0.015649309119336808,-0.0048249001780697222,0.0011784253229127815,0.0022207496055275454,-0.047972471244614026,-0.028881306290347811,-0.066603205291251383
10.802,268465.416940171,1,96,1,97,268465382099083,268465.38360358804,411062c588cf6105,0.4181791125188471,-0.69410763645597284,0.090684010512095278,-0.34537541595709714,0.79458387497483596,0.19406630672435987,0.46009847803408677,0.39488928464055595,-0.67074540927872484,0.097836017970482581,0.46256434300903809,-0.18811314734190568,-0.31763833908664069,0.80607292344800896,0.24160905840545777,-0.35907755644174605,0.045214548574681088,-0.0048250387923647574,0.0011785029025557241,0.0022206811472980366,-0.04864768008445048,-0.027471589948781999,-0.066419447361204559
95.852,268465.516949755,2,84,1,85,268464982060708,268464.98333421204,411062c3eeef29e7,0.31939893353330173,-0.56497491871684069,0.079999948948121763,-0.2858676437615848,0.81908817882667351,0.1540255881769976,0.47291692394733875,0.29994257870921226,-0.53825920344502654,0.086861564387730947,0.44331528994229469,-0.22549021998539767,-0.37704384618072451,0.78132173427568385,0.18193288082752809,-0.23687389860852162,0.0040876135744596538,-0.0048466007699665831,0.0012101461031846787,0.002281343030632385,-0.049419588938564706,-0.026649752008362265,-0.064516944726998898
10.180,268465.516949755,1,99,1,100,268465482108666,268465.48361317103,411062c5ef384a86,0.44402213357272624,-0.7296440242115434,0.093700788470973448,-0.35732134557175488,0.79057474773534409,0.19873906112965564,0.45586825184012414,0.42010534731632021,-0.70690046189360622,0.10077741621461633,0.46287725769981264,-0.18181778955489364,-0.3063564104910243,0.8116850900791075,0.24849374235968036,-0.35379392594482617,0.024142209841721031,-0.0048465921359788161,0.0012103747803369068,0.0022813250649190305,-0.050343757738672279,-0.025310615362158565,-0.063914743609012864
94.887,268465.616959421,2,87,1,88,268465082070333,268465.08334383706,411062c45558163a,0.34146472814416223,-0.59141204130308089,0.080845226023877989,-0.3052914060237733,0.80813486403910684,0.16773974510170891,0.47495118702685218,0.32060670345547609,-0.56577232914870346,0.087694234615888281,0.45445110422397372,-0.21723128806365832,-0.35556400957771406,0.78731124496531502,0.22070688232003252,-0.30048251634450601,0.011132747956226281,-0.0047968752445070014,0.0011121228390795603,0.0022879426737106223,-0.050607746617079501,-0.024655181213190928,-0.063766819618318621
10.139,268465.616959421,1,102,1,103,268465582118333,268465.58362283802,411062c655a139aa,0.47017816242671157,-0.76469510350157366,0.095055077335686577,-0.3629043932386371,0.78746723017618048,0.20052143196457595,0.45605588616101345,0.44594809897153187,-0.74224851028233363,0.10201319703676483,0.46427026166739549,-0.180690140581619,-0.30021125305084273,0.81343555415873359,0.24309417493257324,-0.31553306477395876,0.00045114386559231548,-0.0047967053027789556,0.0011123622114996693,0.0022879460821093726,-0.051722254082100065,-0.02364208661457351,-0.06337428021419067
94.481,268465.716968838,2,90,1,91,268465182079875,268465.18358438002,411062c4bbfd8b31,0.36734856285487377,-0.62380187746932136,0.082783419187091672,-0.32119143671127148,0.80296905804846419,0.17422017205299389,0.47087592597457839,0.34557320994702684,-0.59890117218331662,0.089502781803058776,0.45615181329579368,-0.20976728969484135,-0.34066821400755354,0.79490148783729397,0.26449949217807922,-0.34457630349435242,0.02128038780743427,-0.004722828565404116,0.0010618153525930893,0.0023575322677424604,-0.051308725090361863,-0.022297462518246387,-0.063232902616420297
10.181,268465.716968838,1,105,1,106,268465682127916,268465.68363242107,411062c6bc0a232c,0.49728153623044002,-0.79515850853299197,0.093578318726482243,-0.36563681147229965,0.79061082835044005,0.192499769698941,0.45187180933284132,0.47315024946461748,-0.77249295297319065,0.10015969716551727,0.45563950101440281,-0.18340372319563347,-0.30050200116739112,0.81759052509659047,0.27404436491781248,-0.27246249018353508,-0.02161046965150458,-0.0047225180013797169,0.0010620963832171698,0.0023576671267930742,-0.052448161529274478,-0.021165893821073135,-0.063083413931854543
93.689,268465.816978546,2,93,1,94,268465282089500,268465.28359400504,411062c522667784,0.39528105250268109,-0.66070128563015307,0.085839789261905067,-0.33345577757851669,0.79966069246642846,0.1854434081672803,0.46363867062983699,0.37272885464938682,-0.63659499626633609,0.092885790756397815,0.4589703272526281,-0.19671375134743202,-0.32965664796881589,0.80123431852511184,0.26958262360799895,-0.38250203952431389,0.042461939431859358,-0.0046584827761659313,0.0010440599467687833,0.0024375460255396855,-0.050919909608942056,-0.020897176777591921,-0.064509360634483884
10.549,268465.816978546,1,108,1,109,268465782137541,268465.78364204604,411062c722730f7e,0.52482242739110951,-0.82010408019351677,0.091291873635673787,-0.36603923424361995,0.7903498487023678,0.19860923978557343,0.44935155361338774,0.50058061872679427,-0.79766664474232996,0.098238610641142907,0.45817745876504168,-0.17730158572072444,-0.30003290483046396,0.81769054048553036,0.25742811882210948,-0.19293650110751978,-0.023699545780014163,-0.0046579526500412785,0.0010443115578008615,0.002437678902124144,-0.051598467050777114,-0.019993485659608849,-0.064954063775580148
93.991,268465.916988046,2,96,1,97,268465382099083,268465.38360358804,411062c588cf6105,0.42218599262369555,-0.69785225897641834,0.090407277654582036,-0.34520693547276815,0.79469203859884729,0.19449529226888521,0.45985690164096649,0.39889881215552331,-0.67449793488095511,0.097593634440425875,0.46269686128732723,-0.18763898846120647,-0.31783395600641878,0.80603027298819319,0.24897811583007581,-0.36408694573221079,0.041281568913101432,-0.0045852397206651557,0.001022043997021715,0.002453466339434563,-0.0500556026455077,-0.021065001203841367,-0.067285971453511881
10.516,268465.916988046,1,111,1,112,268465882147125,268465.88365163002,411062c788dbf910,0.55152655242317317,-0.8370923260633738,0.088154452042683518,-0.3695743763494056,0.78728386615987744,0.2081827302306814,0.44750295918181787,0.52694503768138312,-0.81515857721955209,0.095504332764294167,0.46363978497484343,-0.16922495226402606,-0.29536520495240032,0.81802228638536845,0.26971916016737396,-0.13307692655461256,-0.047187989961021901,-0.0045845879896311628,0.0010221755416319589,0.0024535490074643444,-0.050073981630033085,-0.020939498336031447,-0.068164551751736704
94.237,268466.016997713,2,99,1,100,268465482108666,268465.48361317103,411062c5ef384a86,0.44840515261508956,-0.73389742717165096,0.09387596996909213,-0.35720558418542947,0.7907238427055453,0.19914554980436494,0.45552286266368613,0.42449062758912565,-0.71116222256071404,0.1009870118089338,0.46292046156821787,-0.1812861316418688,-0.30654369221178168,0.81170866048168022,0.25463624037274851,-0.35995336338597494,0.022657492325698768,-0.0044947189253350794,0.0010570550855468826,0.0024821106193853256,-0.048401691710259029,-0.021773936395852102,-0.071179614962204915
10.620,268466.016997713,1,114,1,115,268465982156750,268465.98366125504,411062c7ef44e563,0.58351179968556222,-0.84697812373337211,0.083364356652906188,-0.38235791938427044,0.78269368350631174,0.2204547368937515,0.43885394093825825,0.55821305374921815,-0.82602062099100126,0.091117903249040816,0.46620162458627873,-0.15443155407677225,-0.28308012603049593,0.82381586691754494,0.34104101764498163,-0.064568848339038448,-0.053303999384891498,-0.0044940609052661886,0.001057052181485493,0.0024822211900240006,-0.047738409884437338,-0.022172171664089513,-0.072274618991852724
94.607,268466.117007213,2,102,1,103,268465582118333,268465.58362283802,411062c655a139aa,0.47392834601532707,-0.76900625359518848,0.095582844830883376,-0.36252950130143147,0.78776595669037086,0.20066988815607356,0.45577275847262888,0.44971762638237323,-0.74654788463626487,0.10257023851708415,0.46417503454124781,-0.18038496470162307,-0.30068757321308415,0.81338169707306052,0.24633878993042757,-0.32251750970563725,0.00068578139904461235,-0.0044131934607866989,0.0011741352975266116,0.0025591579629961683,-0.046752453052001396,-0.021842434215112266,-0.074794749811047792
10.615,268466.117007213,1,117,1,118,268466082166375,268466.08367088006,411062c855add1b6,0.62091568277763354,-0.85194818052129917,0.078758093594594014,-0.40495183693122866,0.77563055126249325,0.22189569319766006,0.43031803618611514,0.59466749230645954,-0.83201359981018286,0.086038611490153225,0.46118473855984354,-0.14737684815678134,-0.26210942557140204,0.8347977902303596,0.37727184057028007,-0.03357157165178197,-0.060766726723298303,-0.00441262523938053,0.0011740825277485269,0.0025592674719261414,-0.045927170967112178,-0.022089433123021526,-0.075677244446721192
95.012,268466.217016963,2,105,1,106,268465682127916,268465.68363242107,411062c6bc0a232c,0.4995484346262769,-0.79895806775661482,0.094667958828787119,-0.36517173272557291,0.7910324341829017,0.19234073671154883,0.45157766541605548,0.47544749899287569,-0.77626523262371949,0.1012665258847836,0.45531905656090726,-0.1833081853437887,-0.30112898182942721,0.81755978510493366,0.2732524967513838,-0.27853384744216259,-0.017859013209917039,-0.0043544591837349194,0.0012857285960675919,0.0026208223145440814,-0.046316380103786782,-0.021018451453378051,-0.076867307643941007
10.461,268466.217016963,1,120,1,121,268466182175916,268466.18368042103,411062c8bc16b865,0.66201187821988072,-0.85609723816673078,0.074705325524138902,-0.42700349798908316,0.77081522776807532,0.21075377102030762,0.42319593400591332,0.63506089942060551,-0.83673702572136399,0.080884958830240883,0.44827012342847,-0.15021929006028911,-0.2431115991099167,0.84698572108001102,0.43897146847669244,-0.067261293303486736,-0.03635423575492748,-0.0043539683327146932,0.0012857804481513485,0.0026208889986417305,-0.046029474380860073,-0.0206939287015338,-0.077184328962460913
97.696,268466.317026546,2,108,1,109,268465782137541,268465.78364204604,411062c722730f7e,0.52616496760760523,-0.82344499606172572,0.092827783406660078,-0.365431127096496,0.79083689501218957,0.19838437216646421,0.44908884525120574,0.50196141322511256,-0.8009719182405094,0.099792672527232951,0.45783269049149994,-0.17727482827540444,-0.3008072952457066,0.81760493754881558,0.25487958343335831,-0.19748916073271724,-0.017307161472837507,-0.0043129450367933048,0.0013484901110113875,0.0027441030878131343,-0.046277000083149576,-0.019697783188556743,-0.07939422932546282
12.830,268466.317026546,1,123,1,124,268466282185625,268466.28369013005,411062c9227faa5b,0.70891541581435691,-0.86636981822240378,0.075041698728039508,-0.43206919621158379,0.76654007807379421,0.21111122229579715,0.42563437763525636,0.68170239617063222,-0.84730123878042773,0.080974808528296374,0.45024711962256159,-0.15169077382614565,-0.23650662238166176,0.84754472329029928,0.45727343607735876,-0.076120103141560841,0.021758908033310348,-0.0043124195087604397,0.001348733823010768,0.0027442188539543171,-0.046987464638276577,-0.018905892658028396,-0.079644063152097586
97.764,268466.417036005,2,111,1,112,268465882147125,268465.88365163002,411062c788dbf910,0.55199047467215367,-0.83936248750815712,0.089688607160239464,-0.36903713785024722,0.78771586477385425,0.20806868675631754,0.44723906590866813,0.52744129375478921,-0.8173997639464744,0.097060000651718367,0.46337254334492728,-0.1691189924579643,-0.29605055906944117,0.81794787055088525,0.26650205508626307,-0.13654850294976104,-0.041684178992508918,-0.0042606030384270818,0.0012414169397932432,0.0027086860894552254,-0.04630250607209975,-0.018840680749320941,-0.081761175930102556
10.824,268466.417036005,1,126,1,127,268466382195041,268466.38369954604,411062c988e888a7,0.75195722783422114,-0.86973256723443171,0.077189232598778149,-0.44230694802708692,0.75904267984683105,0.20849830562260843,0.42982238618164903,0.72429293847521048,-0.85112959728725657,0.082478613977732318,0.45136087773746297,-0.15649975403930536,-0.2239659778549323,0.84948244584404919,0.41325545798771446,-0.026467333412489445,-0.00084498852516242393,-0.0042601103396016082,0.0012416893724052031,0.0027086459102123287,-0.047410695129956312,-0.018232899021913919,-0.082308101231300751
99.339,268466.517045671,2,114,1,115,268465982156750,268465.98366125504,411062c7ef44e563,0.58284939707555061,-0.84794135428321837,0.084226133964740213,-0.38200817103195067,0.78291863196992706,0.22064927773772613,0.43865946065879124,0.55756660855214157,-0.8269749658452884,0.092007657743346113,0.46620166741185159,-0.15415647460968065,-0.28348649803535791,0.82372762007229861,0.33784305947229509,-0.068847535162021883,-0.050510460585468375,-0.0042953359347910631,0.0010946094850699361,0.0026976130400423359,-0.044533620432823162,-0.018099351448833376,-0.085653893785931995
12.516,268466.517045671,1,129,1,130,268466482204708,268466.48370921303,411062c9ef5177cb,0.78825667777733321,-0.87262729121687399,0.076239156974937841,-0.45376010690572455,0.75718806360472846,0.21980063370784791,0.41527790255386315,0.76010526420647695,-0.85496918029312929,0.082159459714995942,0.44906832762866306,-0.13822329869124098,-0.21455596007491651,0.85626964025126961,0.32796586606092426,-0.059074275352703175,0.0098352335840610032,-0.0042950426111965107,0.0010948024043189862,0.0026975539983069472,-0.044934579515878884,-0.017564520219346194,-0.086881702305359285
101.499,268466.617055213,2,117,1,118,268466082166375,268466.08367088006,411062c855add1b6,0.61870756772286417,-0.85112405533975521,0.079040309492572014,-0.4047501808556026,0.77570529570598268,0.22213037272817188,0.43025194483601664,0.59246546378644671,-0.83118903391406895,0.086341532247309241,0.46130394840227001,-0.14716417103317683,-0.26230487024759208,0.83470805015705207,0.37459072285325345,-0.038978291808071303,-0.0600089495372155,-0.0043364958395623295,0.0011577158049816687,0.0027223641040550329,-0.044260289028538326,-0.018159689401873538,-0.087042025676122556
12.637,268466.617055213,1,132,1,133,268466582214250,268466.58371875505,411062ca55ba5e8c,0.81759715173002601,-0.87805264219091561,0.077124958146826461,-0.45638245837881641,0.75193684104849556,0.23017239194005251,0.41632530785335703,0.78916646262844836,-0.86097481349430449,0.083402269369415388,0.4571428953825713,-0.13162998567776785,-0.20898850263473576,0.85441074773097347,0.30942859530830913,-0.062957338220338374,0.00021767606679256622,-0.0043364528119739145,0.0011577792663784703,0.002722395783985595,-0.043852317372901989,-0.018301098677614685,-0.08800394813629428
103.265,268466.717064713,2,120,1,121,268466182175916,268466.18368042103,411062c8bc16b865,0.65851830840328973,-0.85472761010588716,0.074803706185820926,-0.42682468495887615,0.77082972715769316,0.21095346425801587,0.42325040953290816,0.63157115635208139,-0.83536666217674094,0.080997706797747676,0.44844984788077558,-0.15011660563502735,-0.24324829162922557,0.84686953379360042,0.43532000632830242,-0.074617300837109352,-0.035167565530297755,-0.0043768836800682871,0.0012810115747718775,0.0027692576395604109,-0.043947970431855901,-0.016801855601595094,-0.086400530683284862
12.515,268466.717064713,1,135,1,136,268466682223833,268466.68372833804,411062cabc23480d,0.8458364785593433,-0.8833264517843491,0.076012861871329121,-0.46664292975098537,0.75706559716092392,0.22680700308537405,0.39705754529123582,0.81728256227085638,-0.8665145911645632,0.082446846566490803,0.44113884096193801,-0.12038530969145098,-0.20535983207199993,0.8652925745530301,0.28431290934186021,-0.070703982182988567,-0.0069204802180180642,-0.0043769090387430045,0.0012810167910156907,0.0027692402576298975,-0.043014797336137167,-0.016513269565678942,-0.086498290109746273
105.573,268466.817074255,2,123,1,124,268466282185625,268466.28369013005,411062c9227faa5b,0.70398414283439781,-0.86354871509828535,0.075136664664030725,-0.43197330059126593,0.76653641287285346,0.21108425227847674,0.42575167289022231,0.67677426555388809,-0.84447509840347679,0.08106799474468894,0.45031098920891366,-0.15179278477575489,-0.23657183913489979,0.84747432316031979,0.4512166707495599,-0.081829835493547012,0.023684971072361581,-0.004349816125757979,0.0014061090526690469,0.0027358074577520613,-0.044432378061148796,-0.013685650856333271,-0.086803080546093189
12.704,268466.817074255,1,138,1,139,268466782233291,268466.78373779607,411062cb228c292b,0.8715202411242543,-0.8906046728063215,0.07613128074992985,-0.48297672624715804,0.74995640488956816,0.23275068886829783,0.38746102089436685,0.84235400415910178,-0.8748974990433902,0.082610190043958809,0.43855589407615986,-0.10939672198462032,-0.18878313618424411,0.87181535458061366,0.24836341370666978,-0.11344921401641191,0.012839634561820627,-0.004349552783415281,0.001406175427066797,0.0027355114882369356,-0.043472710287129575,-0.012547766663025137,-0.086563772465044514
112.600,268466.917083796,2,126,1,127,268466382195041,268466.38369954604,411062c988e888a7,0.74655776240142668,-0.8671290974620286,0.077371816770443733,-0.44217756253623758,0.75906130577101805,0.2082280724321029,0.43005355519330374,0.71890080618752361,-0.84851060644453002,0.08264491047150499,0.45133325519243106,-0.15685429892712166,-0.22407063772741298,0.84940412700546475,0.40537374103316831,-0.029766018203871241,0.00054182341243715862,-0.0043363969571518206,0.0014106219736835378,0.0026268199292083724,-0.046771110918742642,-0.013019182651783628,-0.088622085609552329
19.360,268466.917083796,1,141,1,142,268466882242833,268466.88374733803,411062cb88f50feb,0.8974889719728083,-0.90132751900734298,0.0770115255037917,-0.49171295491101891,0.74145935540674124,0.24059440804980112,0.38803450655855354,0.86788276429311351,-0.88647918607662601,0.083520014419966093,0.44450775654282682,-0.10425589070049421,-0.17659736866886466,0.8719844797969416,0.26017487213742596,-0.12154586643726692,0.0076765627685736392,-0.0043361806556084133,0.0014108135687195254,0.0026263200576763252,-0.046682260112013374,-0.012431046876406308,-0.088769963136390531
112.622,268467.017093296,2,129,1,130,268466482204708,268466.48370921303,411062c9ef5177cb,0.78315795709142233,-0.86960169482326988,0.076309105525775814,-0.45357787689991103,0.75733769199824041,0.21922373103285414,0.41550901173171023,0.75502013290612213,-0.85191223480024958,0.082200353795684453,0.44882381470844601,-0.13879464933646241,-0.21479061939322985,0.85624658743074689,0.32103265991106733,-0.058228074312087631,0.0092348306939885466,-0.0043532459406668434,0.0014419083034171987,0.0025559245997791437,-0.047878271095928009,-0.012303956122409049,-0.089935609255869686
10.808,268467.017093296,1,144,1,145,268466982252250,268466.98375675507,411062cbef5dee49,0.92162033792814102,-0.91102573821197219,0.079332735557493789,-0.49934068124024694,0.73594483659573562,0.24868948324506884,0.38366349276727235,0.89169396811384749,-0.8969546698886921,0.086098707619682802,0.44714106554507832,-0.095441034877760678,-0.16730439825744048,0.87347874312337437,0.24130299874024264,-0.092551572194151263,0.051841550779953748,-0.0043530974656459777,0.0014421125258309625,0.002555482651260676,-0.048039768812391692,-0.012057767991094268,-0.090603795268397611
110.935,268467.117102713,2,132,1,133,268466582214250,268466.58371875505,411062ca55ba5e8c,0.81434825871862127,-0.87568896428315801,0.076973134854776581,-0.45637987544304914,0.75198509116845591,0.22971704195620346,0.41649245587204597,0.78592226286907529,-0.858593347837175,0.083223223674948152,0.45693910582407732,-0.13207015822492621,-0.20902444703219289,0.85444303930573495,0.30516877083079358,-0.06214306782947901,-0.0024145037728455112,-0.0043369412807109584,0.0013824212117516722,0.0025454850936093673,-0.04846213013166123,-0.010758679017129992,-0.092397494408817074
10.641,268467.117102713,1,147,1,148,268467082261833,268467.08376633807,411062cc55c6d7ca,0.94521522625829169,-0.91906327380250474,0.089648310521464492,-0.49853511916141335,0.73594714382758064,0.25902333427726504,0.37782469740226104,0.91529249038494398,-0.90535208645292153,0.097131235837482011,0.45031954980458827,-0.084005247244826386,-0.16787564811013503,0.87291075618915981,0.20344767873117095,-0.049840295821181102,0.1699147084013983,-0.0043367811332572781,0.0013826798785818177,0.0025452561791566427,-0.049439586848717861,-0.010072932088857695,-0.09318844740919624
111.267,268467.217112338,2,135,1,136,268466682223833,268466.68372833804,411062cabc23480d,0.84441799884353019,-0.88206589137433744,0.075758765652011714,-0.46666243320514733,0.75714014492009507,0.2265084034833843,0.39706293046482899,0.81586726513722485,-0.86524285721007366,0.082177650158392096,0.44093150705679346,-0.1206002593819241,-0.20539875427230209,0.86535907880198737,0.28168071279847068,-0.071603606921076299,-0.009118516805160121,-0.0043258713101809029,0.0014152673501374783,0.0026920472520588715,-0.048330929695728747,-0.0095306818085889224,-0.09415798389228984
12.741,268467.217112338,1,150,1,151,268467182271291,268467.18377579603,411062ccbc2fb8e7,0.96362810800082033,-0.92194401650417968,0.11038322982054317,-0.49959575974870185,0.73549088390299378,0.25938237305030343,0.37706507966130176,0.93367306910967252,-0.90830714805692647,0.11787271684895385,0.45003629770750692,-0.083214237659005916,-0.16680303750034076,0.87333811784280357,0.14092018133798159,0.012611061289485413,0.22243899618685639,-0.0043256993029392342,0.0014156362762623724,0.002692213813784464,-0.049783848945934496,-0.008580603507522877,-0.094737147401876803
108.931,268467.317121713,2,138,1,139,268466782233291,268466.78373779607,411062cb228c292b,0.87081651682481531,-0.89043799561374204,0.076233947123906409,-0.48289605258951002,0.75001678237792224,0.23267593992677343,0.38748959823021084,0.84165401724529487,-0.87472319007274424,0.082711173154368725,0.43852324582155361,-0.10946978469407832,-0.18888287440342272,0.87180100302205576,0.24750610369735665,-0.11709135004417187,0.014666570238376973,-0.0043497076886181516,0.0014864693384442991,0.0027468611471999616,-0.049249464831064606,-0.0095881368903770123,-0.094915241448511087
10.318,268467.317121713,1,153,1,154,268467282280750,268467.28378525504,411062cd22989a16,0.97499330706166598,-0.92451874446767268,0.1362577711345215,-0.4985875287613763,0.73115055883425373,0.26452624076803632,0.38321698505884816,0.94494041382493499,-0.91111362914246874,0.14377358401046711,0.45802361526355312,-0.083927027919128913,-0.16444689124250922,0.86955611768662811,0.079579953465881786,-0.031537483537091092,0.28357286049192848,-0.0043495766818818895,0.0014867816157325606,0.0027469488783148015,-0.050193775093993781,-0.0089164211103444514,-0.095185847644519331
112.795,268467.417131213,2,141,1,142,268466882242833,268466.88374733803,411062cb88f50feb,0.89693381721043652,-0.90184610395188425,0.077174205840965807,-0.49157558539848056,0.74146349387061339,0.24082225622916931,0.38805930631089969,0.86732991826130756,-0.88699954351744181,0.083697223719433445,0.44468640560384159,-0.10411231378465768,-0.17669742991591431,0.87189027122147167,0.26006336533955071,-0.12806950654280352,0.010443012836711113,-0.0043469747802007503,0.0013940362336025951,0.0027136441857832311,-0.04929543170989667,-0.0092648786771427245,-0.097641786378732942
17.309,268467.417131213,1,156,1,157,268467382290208,268467.38379471307,411062cd89017b34,0.98133040643761615,-0.92585450449136486,0.16447562106975333,-0.4936726475068805,0.73024611716420329,0.26323520048309174,0.39209081589506617,0.9513481056521701,-0.91217307943063042,0.17177227783056864,0.46338545774001744,-0.091114677027553992,-0.16728270019275929,0.86544123509424875,0.060189021918378181,0.014814795945621972,0.25931552678315339,-0.0043468087681976936,0.0013942515069298765,0.0027135265911891115,-0.050082303112971321,-0.0088925818061295955,-0.098347812359422929
103.851,268467.517140588,2,144,1,145,268466982252250,268466.98375675507,411062cbef5dee49,0.92207891080551641,-0.91235989083939306,0.079498204768452818,-0.49924722860729009,0.7358965415229165,0.24914369838761319,0.38358304924588749,0.89215227453854529,-0.89830241398634925,0.086291196615727817,0.44740536198598335,-0.095062974120935007,-0.16733632947358618,0.87337851236206931,0.24319561509745874,-0.10006826947188599,0.053061983282068258,-0.0043499213737836781,0.0013169496982594372,0.0026376545569624993,-0.049827241329722674,-0.0079255528993432793,-0.099480358042298503
10.416,268467.517140588,1,159,1,160,268467482299541,268467.48380404606,411062cdef6a53ee,0.9854887715341738,-0.9232047384476032,0.18868562300035716,-0.49136509809030671,0.7374107033102425,0.25183955010750142,0.38905358144647401,0.955755988015623,-0.90883796689934193,0.19567979282140543,0.45317986728028598,-0.097024969452261384,-0.17398051130319758,0.86887567861074821,0.048254095355140955,0.046151575558787614,0.21792806920716884,-0.0043497550984030464,0.0013170729174700854,0.0026372090516365663,-0.050185750801177424,-0.0073405372138564962,-0.10042356173651554
102.873,268467.617150046,2,147,1,148,268467082261833,268467.08376633807,411062cc55c6d7ca,0.94596742712053006,-0.92045837763087002,0.089745821677244708,-0.49848608247556314,0.7358490898734108,0.25938937214433233,0.37782925950975321,0.91604290155728185,-0.9067608907098248,0.097246659885665374,0.45058160355273452,-0.083749645290796884,-0.16784098766823316,0.87280674740291975,0.2051969941319827,-0.05611585316331414,0.17089550068907075,-0.0043798279627882859,0.0012728001975892047,0.002565952685980553,-0.050344614303380657,-0.0070067745029602372,-0.10226951631604574
10.220,268467.617150046,1,162,1,163,268467582309083,268467.58381358808,411062ce55d33aaf,0.99094126917053948,-0.92113593388122061,0.20942036765686561,-0.48148342951942424,0.74148420596128017,0.25096991729382073,0.39419415677327879,0.96152660597993755,-0.9061895497973651,0.21654386007055706,0.45619987961302272,-0.10127482827166848,-0.1838483072442918,0.86476868521184092,0.083747882250434585,0.018924105129397337,0.19303219358192047,-0.0043796891080720964,0.0012728838782471632,0.0025654478471485317,-0.050285358951094442,-0.0064274452412889527,-0.10351354468094574
102.114,268467.717159505,2,150,1,151,268467182271291,268467.18377579603,411062ccbc2fb8e7,0.9634556972761037,-0.92252097707754832,0.11051564513321882,-0.49992658932897804,0.73516020927206205,0.25967057934884863,0.37707309028630887,0.93348554184203092,-0.90891762872447823,0.11800561501360822,0.45024575469728018,-0.083016109403459423,-0.16633528339925732,0.87333822740853295,0.13972140936391805,0.0074041525646087467,0.22461688985405084,-0.0043983243721915722,0.0012388662765176915,0.0025474576776543132,-0.049673907443133519,-0.0065944613335309193,-0.1043675562412784
9.999,268467.717159505,1,165,1,166,268467682318541,268467.68382304604,411062cebc3c1bcc,1.0006455839240005,-0.91788106283000093,0.22661893097679964,-0.46718482772197256,0.75536868431783066,0.25231985099146748,0.38404587422138003,0.97192985684825095,-0.90208219059332762,0.23469132879448326,0.4499785076404636,-0.093144361806386647,-0.20377675380568963,0.86447585572632257,0.10587797083776065,0.0711416803585673,0.18532673295034932,-0.0043981867989297194,0.0012388469327685989,0.0025471716229269266,-0.049287542328597174,-0.0061554639917614194,-0.10515533083554111
101.301,268467.817168838,2,153,1,154,268467282280750,268467.28378525504,411062cd22989a16,0.9747555708791904,-0.92506658968492395,0.13640581915401112,-0.49918899727533234,0.7306547930716053,0.26494114002025981,0.3830928919961617,0.94467839184584068,-0.91171645140632662,0.14392233838200202,0.45822924628671474,-0.083545902808388986,-0.16367102946561465,0.86963086081687924,0.077560578836800287,-0.038242021100327185,0.28609485733050455,-0.0043757328586742743,0.0011944592917618763,0.0025427263777862644,-0.04744750452470152,-0.0066170306783373389,-0.10372626417254537
11.957,268467.817168838,1,168,1,169,268467782328041,268467.78383254603,411062cf22a4ffbb,1.0074477159051767,-0.91277175488676565,0.24748586108688084,-0.45613011658072572,0.76440995521476407,0.24962147905913284,0.38119798992312021,0.97926721922271898,-0.89621610721845846,0.25591978597268977,0.44605671235395633,-0.093038640601382547,-0.21798675860141514,0.86305213851393425,0.051163815472572392,0.053923936989297268,0.24114931304328377,-0.0043756689235007664,0.0011942436767402476,0.0025426870520122587,-0.046614046063894271,-0.0068413605039110686,-0.10332171985644602
100.782,268467.917178421,2,156,1,157,268467382290208,268467.38379471307,411062cd89017b34,0.98026577002238158,-0.92606358022799951,0.16449633518178902,-0.49425565368260915,0.72981545889279331,0.26355249002614745,0.39194499993924636,0.95026072310908483,-0.912430862100155,0.17179065544787292,0.46350670787312026,-0.090787211997606948,-0.16656593120741031,0.86554896132762571,0.056896841385315186,0.0083888553662532662,0.26026112892746811,-0.0043421561779453536,0.0011329141387289904,0.002533156020644176,-0.047310152254848449,-0.0065439042726265382,-0.10156058606464653
9.953,268467.917178421,1,171,1,172,268467882337458,268467.88384196308,411062cf890dde19,1.0121286588163667,-0.90706228180437498,0.27208603735616976,-0.44455506199351302,0.77683584136333517,0.23441230959548948,0.37940452653052453,0.98466596376915871,-0.88921608455859424,0.2802514875320849,0.43403403568316273,-0.10252497708623017,-0.23495798609900376,0.86365376726461129,0.039479187090827782,0.07966201279695527,0.26337040575842319,-0.0043422603291329411,0.0011327546382406638,0.0025331857161620614,-0.047273561835905573,-0.0070276389050773855,-0.10067354986058182
93.394,268468.017187838,2,159,1,160,268467482299541,268467.48380404606,411062cdef6a53ee,0.98446592438886049,-0.92321586926117261,0.18837707300636494,-0.49203928702600047,0.73695093038064552,0.25237194138309371,0.38872756867638614,0.95470626276189896,-0.90891052456935673,0.19538282814508381,0.45332579891713659,-0.096417986146712473,-0.17317867919997734,0.8690272936186203,0.045434684561122249,0.042837183221091639,0.21772290345667664,-0.004323267378567335,0.00092789846514717417,0.0024933876669139964,-0.045588930531059148,-0.0068791769712602101,-0.098437483153396871
10.117,268468.017187838,1,174,1,175,268467982346875,268467.98385138006,411062cfef76bc76,1.0135312615081633,-0.90134904268077798,0.30135130722494324,-0.44659624781517215,0.778582763274001,0.22019003068632673,0.38193857591092439,0.98613032673369216,-0.88304658225045718,0.30867043747711914,0.42576920954320552,-0.11437349013232347,-0.23474991009761811,0.86633236385873613,-0.0080493634854979373,0.024479070890286364,0.3097165561594229,-0.0043234295130845785,0.00092775427849782184,0.0024933003119664426,-0.046118382979334398,-0.0073627502187874286,-0.097532147646409467
93.163,268468.117197338,2,162,1,163,268467582309083,268467.58381358808,411062ce55d33aaf,0.99033116664565413,-0.92029337105136166,0.20862810785227454,-0.48224447801565556,0.74102642222179105,0.25175862663857862,0.39362133087285367,0.96088572940859429,-0.90542170629048047,0.21578078323460045,0.45635253225639483,-0.10031207749259026,-0.18298646272821556,0.86498312577212288,0.083387339534324229,0.020477262783702356,0.19053582621576023,-0.0042857659159075585,0.00075591163884404825,0.0024502506509126174,-0.043615652296995294,-0.0082931321269331462,-0.095681113657416772
10.012,268468.117197338,1,177,1,178,268468082356333,268468.08386083803,411062d055df9d93,1.0132578204853124,-0.90016295412391711,0.33083077132272265,-0.4366177511596836,0.78299308484211272,0.21479003542211272,0.38749459655270091,0.98630121971506901,-0.88116867285308953,0.33803631820585411,0.42587953614278184,-0.12212056306811657,-0.24492434076608302,0.8623950696003746,-0.022597232389738039,0.0075903147457816343,0.28976537860784424,-0.0042859641774577054,0.00075583243589829826,0.0024501503343424772,-0.044171980537416132,-0.0092729082546965189,-0.095091183783713423
94.633,268468.217206755,2,165,1,166,268467682318541,268467.68382304604,411062cebc3c1bcc,1.0001766354698689,-0.91550917116882069,0.22485940537889945,-0.46808321615138088,0.75490787735765874,0.25316065346654365,0.38330397364181695,0.97142555080437254,-0.89979194919947458,0.23296526844771323,0.45004844183959236,-0.092025221773622656,-0.20281565755433109,0.86478527254230864,0.10855952514567593,0.077385196298242045,0.17995060597869739,-0.0042678517961482433,0.00068848277434386976,0.0024300883933143459,-0.044051238603859344,-0.010274182831187145,-0.094898570252696643
11.939,268468.217206755,1,180,1,181,268468182365708,268468.18387021305,411062d0bc48791f,1.0108009954741166,-0.8987673842227476,0.35752175943714248,-0.43307514502559008,0.78403040809578362,0.20835853619141126,0.39284731327944161,0.98402608488464416,-0.87938228265488305,0.36435425181517961,0.42511672173910137,-0.13045326186088885,-0.24816283980736262,0.86062356713397015,-0.012695990248399772,0.010583339346113987,0.24082283964197357,-0.0042681052139150188,0.00068856409568069743,0.002429986181592755,-0.044893621642414117,-0.011730394273985298,-0.095043141613029944
94.977,268468.317216088,2,168,1,169,268467782328041,268467.78383254603,411062cf22a4ffbb,1.0079250294849487,-0.91023234919366358,0.24551560620534302,-0.45712307012236647,0.76387797105521194,0.25051898803905437,0.38048552395964141,0.97970278893642848,-0.89376447679348225,0.25398173099767912,0.4461875575222129,-0.09190021643165297,-0.21690846484070406,0.86337809308125624,0.056106982998078557,0.058665636547440073,0.23653606127586677,-0.0042734336843664872,0.00064034065781739017,0.0023832407805872398,-0.044599878680082437,-0.012428074454416157,-0.096874436824526969
10.409,268468.317216088,1,183,1,184,268468282375208,268468.28387971304,411062d122b15d0e,1.0081812386130204,-0.89819318658527436,0.38215505040300779,-0.43334209651676125,0.78825196152656052,0.19392197313370063,0.39149430913411798,0.98163533040339301,-0.87826719766195638,0.38828943502743773,0.41395181199489139,-0.13970473484374449,-0.25095916558135151,0.86379741931722454,-0.020972819775652924,-0.0057727798596686666,0.21889626453202332,-0.0042737118997257014,0.0006403834127670263,0.002383019193567992,-0.045033733881152602,-0.013726827895153788,-0.097113766277020896
93.469,268468.417225546,2,171,1,172,268467882337458,268467.88384196308,411062cf890dde19,1.0135438751057315,-0.90552318652522212,0.27068029623869411,-0.44559756804389195,0.77632452627293169,0.23515639072531255,0.37876716116105102,0.98603520872939787,-0.88775804648161649,0.27886772717844838,0.43410949511895769,-0.10154814692472092,-0.23385926866283835,0.86402937598452134,0.043887582188758816,0.081942362702633803,0.26213349047990336,-0.0042594209055383048,0.00062256578588785496,0.0023423690247276249,-0.044745237835463282,-0.014638171028620216,-0.098629964099499728
9.981,268468.417225546,1,186,1,187,268468382384708,268468.38388921303,411062d1891a40fd,1.0061815432143533,-0.89946873538128436,0.40329225579911143,-0.43247580761172644,0.78802189893480235,0.19442007790574495,0.39266658776801638,0.97965242974044264,-0.87952586033985558,0.40944439569811653,0.4151329513969893,-0.14018144774047669,-0.25140904550986914,0.86302218175990442,-0.028608574032813427,-0.024358603825651113,0.18706307324695762,-0.0042597095052760705,0.00062258536960518212,0.00234206773799499,-0.044650208446589665,-0.016014344218437969,-0.098625928179764635
93.739,268468.517235005,2,174,1,175,268467982346875,268467.98385138006,411062cfef76bc76,1.015079720599781,-0.9001998786732236,0.3009745078436849,-0.44747992851168905,0.77820662543913843,0.22072678931451339,0.38136058972210118,0.98764051552194243,-0.88196119275669493,0.30830944565535956,0.42574005725628328,-0.11358524653389543,-0.23385908389471674,0.86669125084840604,-0.0053391077508231841,0.025520354681821265,0.31320058430373615,-0.0042054776961386381,0.00053727265879481339,0.0022984862755671023,-0.042190253499468172,-0.017537361683582914,-0.099626303267920643
10.234,268468.517235005,1,189,1,190,268468482394125,268468.48389863007,411062d1ef831f5b,1.0025707174978324,-0.90028746010801164,0.42185390874670525,-0.43666879040558321,0.78190763105572891,0.19700465729839256,0.39891107053799091,0.97572941397755586,-0.88070322143430035,0.42780058621148326,0.4213760409575919,-0.14276939016821669,-0.24412071885756559,0.86166362808370123,-0.047811403575125734,-0.014543294951112845,0.14704727884461313,-0.0042057822138480009,0.00053717212353364375,0.002298151475054399,-0.04167353610955489,-0.019516225129382014,-0.098776057963271602
93.762,268468.617244421,2,177,1,178,268468082356333,268468.08386083803,411062d055df9d93,1.014746327785554,-0.89998735251588025,0.33129535000514676,-0.43742995128543127,0.78270334815946641,0.21532498731430696,0.38686652678793487,0.98775415679095235,-0.88105110914731621,0.3385204689696551,0.42581369186538848,-0.12129818258969358,-0.24414515379715981,0.86276450703408425,-0.020641550453553335,0.0068441370908558655,0.29473820837991671,-0.0041407159891091744,0.00037648453050107212,0.0022996269563483889,-0.037919901290760616,-0.019664203639418263,-0.096130759888187464
10.216,268468.617244421,1,192,1,193,268468582403541,268468.58390804607,411062d255ebfda7,0.99819009046452378,-0.90024337369147112,0.43367476901279411,-0.43304654502796136,0.78410483228389405,0.18811477340070265,0.4028190500327346,0.97160910443841619,-0.88017754795897118,0.43916792580278441,0.41785330266477227,-0.15181884591693356,-0.24823568890578673,0.8606559697289401,-0.054067897841266345,0.012564931354102018,0.080602481821119065,-0.0041410819375940827,0.00037627826712949492,0.0022994674615175884,-0.037848301808454381,-0.021485893723836403,-0.094672335372320324
94.086,268468.717253880,2,180,1,181,268468182365708,268468.18387021305,411062d0bc48791f,1.0129741144116928,-0.89932945763132399,0.35851508725139286,-0.43408322584450165,0.7836744066978979,0.20911863456760965,0.39204033876144423,0.98615297422159898,-0.88001896299222326,0.36537746203445381,0.42508357530224139,-0.12934517402027143,-0.2471982880474323,0.86108465690218183,-0.010977554033609199,0.011931061970660597,0.24514684553675822,-0.0040812517464538008,0.00018408284433599136,0.0022909012270576345,-0.034580713175397911,-0.020817814051896661,-0.091690033281017852
10.273,268468.717253880,1,195,1,196,268468682412958,268468.68391746306,411062d2bc54dc04,0.99241645563876868,-0.89847474796557569,0.43795750557178537,-0.42947839387145881,0.78395086134181446,0.18645325503689278,0.40768197543875651,0.96596688354884819,-0.87820474777025104,0.44333413837571012,0.4201170392334293,-0.15643232422730466,-0.25064987882336559,0.85802403202265431,-0.079519885242680069,0.043868502040742129,0.023779626075696295,-0.0040815628720543362,0.00018393072316760784,0.0022907059202177918,-0.035291232372677533,-0.021974310462036593,-0.090288962559388022
6.041,268468.817263421,1,198,0,199,268468782422333,268468.78392683808,411062d322bdb790,0.98424912198391856,-0.89117102020806893,0.43866215739701059,-0.4253577547614607,0.7869916864565103,0.18174392827816244,0.4082695967851746,0.95806311311730319,-0.87053067672391826,0.44391859273480561,0.41720255346387353,-0.16017783205239444,-0.25571379860513965,0.85726048824447099,-0.085335477984805092,0.11520848845078926,-0.0053583258446127085,-0.0040815775324071846,0.00018393917400628406,0.0022906995271432568,-0.035312602674033453,-0.022008892835485645,-0.090262371879907863
106.242,268468.917272796,2,183,1,184,268468282375208,268468.28387971304,411062d122b15d0e,1.0108670090056058,-0.89789277300616743,0.38185928103921063,-0.43453729426208104,0.78787045379506293,0.19496274040649364,0.3904190966100678,0.98426387555428074,-0.87805789520888555,0.38804085570142099,0.41392745552479587,-0.13820851122035183,-0.24984426647642333,0.8643727850284737,-0.017369431922585117,-0.00014111737824805566,0.21978019500957416,-0.0040327741892220055,3.0770919870820525e-07,0.0022643247204041828,-0.0319866007489958,-0.021000020776261764,-0.088171153472339114
89.242,268468.917272796,2,186,1,187,268468382384708,268468.38388921303,411062d1891a40fd,1.0090681387262761,-0.89848051494971326,0.40209099037151375,-0.43358924387378517,0.7876584964101172,0.19557381034059265,0.39159340973930457,0.98248370350091829,-0.87862870424669315,0.40829859599097829,0.41518991196230692,-0.13860678429249434,-0.25036476281682762,0.86355253568760926,-0.021936454286816065,-0.016186139632449578,0.18545675225106995,-0.0040328877359879804,1.927894905823528e-07,0.0022641981884126946,-0.032379181552068675,-0.021333389393326685,-0.087517885565304196
11.805,268468.917272796,1,201,1,202,268468882431750,268468.88393625506,411062d3892695ed,0.97550901803345091,-0.87671702185619904,0.43594318216589689,-0.4162852459201779,0.79394127148676918,0.17524661632226862,0.40700433430029342,0.94987697769440227,-0.85539415005479946,0.44120574790563466,0.41171358458337692,-0.16387744961441808,-0.26704312952908332,0.85575935446169304,-0.11371567229774948,0.17804453170734444,-0.019940440239010853,-0.0040328899748585572,2.4641267777497926e-07,0.0022640042380029347,-0.032882823890295704,-0.021376758028437495,-0.086976487689285065
92.006,268469.017282130,2,189,1,190,268468482394125,268468.48389863007,411062d1ef831f5b,1.0058177154658081,-0.8985666534405915,0.41922672784758974,-0.43746291476900773,0.78170167196447493,0.19814727869317006,0.39787737232559472,0.97893561980191235,-0.8790580157609279,0.42523729691943035,0.42145306127643289,-0.14123049985689901,-0.24341355308382492,0.86207952372504582,-0.038461289913536097,-0.0077544996727090055,0.14185766466885336,-0.0039357999451821073,-5.4260858283794922e-06,0.0023375870163678402,-0.029517119217176167,-0.01936414594790882,-0.088541592526220875
12.407,268469.017282130,1,204,1,205,268468982441208,268468.98394571303,411062d3ef8f770a,0.96119312397436185,-0.85576039196322773,0.43433374269731345,-0.4071580953304767,0.79799652139648014,0.17087181933935097,0.41015449749346372,0.93603669405288559,-0.8338740896992054,0.43957824065043616,0.41084763774921601,-0.16919839984151808,-0.27636449406652819,0.85217297919278734,-0.16485788038084581,0.24976999519193463,-0.0056159197877054777,-0.0039353881448597697,-5.3942064696970772e-06,0.0023379263246881932,-0.029771091342415765,-0.019240931803573898,-0.088476569884454043
91.752,268469.117291713,2,192,1,193,268468582403541,268468.58390804607,411062d255ebfda7,1.0013086492250565,-0.89922892518245745,0.43159429433499508,-0.43375645991520206,0.78393270416751981,0.18903026193620126,0.40196077184626205,0.97469068979921136,-0.87922590742986895,0.43713726003579972,0.41789375648944632,-0.15056460347295539,-0.24761199033322673,0.86103624239133458,-0.04639851801077232,0.015878620154194518,0.076268183752720209,-0.0039207914868718387,-7.5442926915523327e-05,0.0023250481264949067,-0.029389454243164796,-0.020190712730632398,-0.086876768367857682
10.080,268469.117291713,1,207,1,208,268469082450583,268469.08395508805,411062d455f85296,0.94362920653778681,-0.82588250998089696,0.43419190482088987,-0.39931768471917822,0.80227579443499786,0.16008588292245582,0.41384960992566633,0.91901058127083224,-0.8032998441019491,0.43901968316415146,0.40583366815884259,-0.17943804740897026,-0.28493440433313577,0.84965487473333312,-0.18088817231119053,0.34408492323091711,-0.018930306207011596,-0.0039206226358370734,-7.5394196769426209e-05,0.0023251919250846169,-0.030243157148575551,-0.020428342902447053,-0.086367931252682439
91.798,268469.217301046,2,195,1,196,268468682412958,268468.68391746306,411062d2bc54dc04,0.99481040064881021,-0.89820701021821125,0.43718229169732575,-0.4299047827227509,0.78388785841281572,0.18710330123602531,0.4070554152743025,0.96833790904946082,-0.87797718608808284,0.44259730380747392,0.42013364636737183,-0.15552962723472408,-0.2503038265860722,0.85828098466565916,-0.075917457411574713,0.045596425066469548,0.021341702189826419,-0.003908378698379086,-0.00012830395859822689,0.0023341265800721164,-0.028998990093407367,-0.020420952266907471,-0.085167758023866821
10.163,268469.217301046,1,210,1,211,268469182460041,268469.18396454607,411062d4bc6133b4,0.92514937699628474,-0.78980627138573556,0.43222938546470724,-0.38517543170564145,0.81052124406630144,0.14720912013815396,0.41596241162900588,0.90145806476262436,-0.76619598359990004,0.43677218056066319,0.39822239848857327,-0.19003726982320912,-0.30076490026730052,0.84548520518537151,-0.18176779938676818,0.39526734604416824,-0.024962360018185855,-0.0039083091867820156,-0.00012821274025960061,0.0023341720742013979,-0.030205820669748622,-0.020637438474391905,-0.084639511246285035
98.047,268469.317310380,2,198,1,199,268468782422333,268468.78392683808,411062d322bdb790,0.98743238833199354,-0.89081143876109636,0.4374938696142846,-0.42587733226380425,0.78695502730921429,0.18258533826832304,0.4074222997315452,0.96121803390338523,-0.87022042648616904,0.44280223917109734,0.41719839068148418,-0.15898373588206344,-0.25532047990869983,0.85760196307899927,-0.08084265177153005,0.11729781459564909,-0.0087923985488333953,-0.0038682339811276596,-0.00020145590745715661,0.002357143352394891,-0.027779382706944217,-0.020751010585844124,-0.08346162150355714
16.598,268469.317310380,1,213,1,214,268469282469458,268469.28397396306,411062d522ca1211,0.90804859694631301,-0.75051997794883873,0.42986742651211957,-0.36407599007164321,0.82016444133575983,0.13697064824722463,0.4195450599792222,0.88559924889121655,-0.72573200528195692,0.43444390276942291,0.39351602065377306,-0.19981027740929486,-0.3225032281291289,0.83738441732380664,-0.16562433564041462,0.426637847063563,-0.012264670365010543,-0.0038681850914096165,-0.00020135059796667958,0.0023571742243748859,-0.029007250370044712,-0.021198529313407141,-0.082654102455315945
107.271,268469.417319921,2,201,1,202,268468882431750,268468.88393625506,411062d3892695ed,0.97750920907152206,-0.87674491627720808,0.43597451494372275,-0.41642012664789807,0.79412194655482049,0.1758150659222551,0.40626804935875099,0.95186965783914446,-0.85544277253306322,0.4412842264681538,0.41159490707839752,-0.16295486299700124,-0.26707551101680993,0.85598248609878913,-0.11028369840154482,0.17901741404012347,-0.0209757460539375,-0.0038210477029854378,-0.0002291789069170034,0.0024045108375577539,-0.026245913070800899,-0.022117555220914267,-0.083117146662530186
15.405,268469.417319921,1,216,1,217,268469382478875,268469.38398338004,411062d58932f06e,0.89355542571659541,-0.70773020242112405,0.42677657243821043,-0.34742126106631044,0.82722230404430819,0.13333256212295497,0.4209800567021309,0.8720357062588957,-0.68218640783669626,0.43165275789992713,0.39195820123995823,-0.20339748859661363,-0.33927056208340639,0.83059840826775999,-0.12433383246249513,0.4307520944925684,-0.036347051945329237,-0.0038210331794818865,-0.00022910144517835105,0.0024045945455429645,-0.026920264489915292,-0.023261131533686055,-0.082384954827913817
108.120,268469.517329338,2,204,1,205,268468982441208,268468.98394571303,411062d3ef8f770a,0.96318946837608577,-0.85574313573071015,0.4346208885975445,-0.40746725240675019,0.79802245856781018,0.17149233381285819,0.40953757641195843,0.9380143652079963,-0.83388802162017628,0.43990568941292052,0.41085017866100043,-0.16832340079256786,-0.27616422735650392,0.85240992660130011,-0.16085005896909646,0.2507573830341005,-0.0065206723494898988,-0.0037886873929645908,-0.00025369396315118076,0.0023946138856603609,-0.025186407612660944,-0.023729012063793527,-0.083653518121852385
12.769,268469.517329338,1,219,1,220,268469482488333,268469.48399283807,411062d5ef9bd18c,0.88222474708382326,-0.66513706422094043,0.42151472952554853,-0.33129386253152393,0.83511722620695739,0.13380428604623806,0.41823445743921939,0.86158921652670717,-0.63899251457605188,0.42699180488187555,0.39035032861051355,-0.20112249761491566,-0.35625690749645839,0.82477716855394489,-0.096020452181106858,0.42252564219364086,-0.07554882272009121,-0.0037888193846511218,-0.0002537199914426288,0.0023944805460231,-0.025226847603387208,-0.025290393838637588,-0.083187675840453293
113.467,268469.617338671,2,207,1,208,268469082450583,268469.08395508805,411062d455f85296,0.94550913327186914,-0.82593764677104642,0.43404095472781212,-0.39960060984354584,0.80233376819705948,0.16054742644301712,0.41328495508350871,0.92087457093547809,-0.80337905897904249,0.4388999059820971,0.4057607574460646,-0.17871241560715551,-0.28477533970364416,0.84989592664121261,-0.17632930045804598,0.34446451250404914,-0.01985522086259767,-0.0037846742048612755,-0.00027821492211441942,0.0023535029556370638,-0.024860233941635751,-0.023919741840397819,-0.082919785512552482
17.597,268469.617338671,1,222,1,223,268469582497750,268469.58400225505,411062d65604afe9,0.87048718406758441,-0.62605217472946684,0.41330716026536507,-0.31649674168762154,0.85339646717254392,0.12581144266227393,0.39460843430704506,0.85114664468927737,-0.59904057481532114,0.41928026319440287,0.36799241427837986,-0.19006817049756214,-0.37964542660664724,0.82723939923938317,-0.15602130730224611,0.36218700321641933,-0.052196757145055318,-0.0037849349617623197,-0.00027832272157824102,0.0023531075631174026,-0.024445276149306271,-0.024749780756605399,-0.082377010138201756
113.478,268469.717348046,2,210,1,211,268469182460041,268469.18396454607,411062d4bc6133b4,0.92731161032080134,-0.78973901172263117,0.43230490654486026,-0.38570338530058834,0.81050975761665989,0.14766606075648334,0.41533314229542517,0.90359205507182694,-0.76616180558865066,0.43687207215092694,0.39810054368866804,-0.18926920342085654,-0.30038345856387716,0.84585040259636035,-0.17772489999084057,0.39747515556167423,-0.025088235670750109,-0.0037709382354034764,-0.00037117763341076171,0.0022774811400697609,-0.022498939407096217,-0.023320366019320526,-0.080126912841051057
10.028,268469.717348046,1,225,1,226,268469682507208,268469.68401171308,411062d6bc6d9107,0.84621727058936269,-0.59118880497951054,0.41046033970658419,-0.30297270199522541,0.8636752971239029,0.10257026932908611,0.38955348290817438,0.82819260450319077,-0.56311218181770117,0.41557654887728412,0.34798403313138865,-0.20292777100933568,-0.39647659669563173,0.82494468948617683,-0.29603324550341309,0.32330068992330041,-0.023946524557546301,-0.0037712084315847587,-0.00037137592666915115,0.0022768772846540357,-0.021898789838214413,-0.02351197609780115,-0.079038618207398895
113.571,268469.817357546,2,213,1,214,268469282469458,268469.28397396306,411062d522ca1211,0.91005843533704844,-0.74956617007270065,0.43079338609443674,-0.36490364255005914,0.82003761948722698,0.13746708502051191,0.41891107412894207,0.88756345795143443,-0.72482263736036967,0.43538626463638858,0.3934187587712733,-0.19901094792783081,-0.32182831287803193,0.83787997940147518,-0.16414819918257015,0.43315548449310465,-0.01183312709695898,-0.0037408337551700648,-0.00049706940748559057,0.0022068287431765659,-0.018277928533814353,-0.023489492251849917,-0.07652683013544459
10.083,268469.817357546,1,228,1,229,268469782516500,268469.78402100503,411062d722d66700,0.81439281622780335,-0.56087193418334125,0.40780998975170851,-0.2853065700068978,0.86893957062483285,0.091734360923487801,0.3938642455868136,0.7975616260607985,-0.53202801732379079,0.41271921063979866,0.343370058462386,-0.21363808456044106,-0.41269084148104285,0.8161752514837437,-0.33124948602614801,0.27383914943195758,-0.031286289845225197,-0.0037410025113230219,-0.0004972603376642437,0.0022062231407075075,-0.017958529531914,-0.023921428038771234,-0.075160189959016258
107.367,268469.917366880,2,216,1,217,268469382478875,268469.38398338004,411062d58932f06e,0.89524670605373857,-0.70537943406847647,0.42869653272008801,-0.34874981799191873,0.8268769199991356,0.13402776509143091,0.42033883358598123,0.87364988645444497,-0.67990293267117863,0.43358388493940342,0.39199637075857002,-0.20245249267476306,-0.33808690710315387,0.83129361646009781,-0.12608249002522895,0.44142833393411679,-0.037269117445958191,-0.0036974653300548077,-0.00064307666271651699,0.0021410010123230822,-0.013196553327608045,-0.024307933898480766,-0.072525153959447447
10.131,268469.917366880,1,231,1,232,268469882525916,268469.88403042103,411062d7893f454c,0.77964972566836754,-0.53361257427549191,0.4034606362767183,-0.26687603477661986,0.874841598375802,0.0881096251115214,0.39454544350222531,0.76396114643338442,-0.5041825783639704,0.40866686083988157,0.3412886629104307,-0.21668283941740049,-0.429896561310952,0.80731625912268257,-0.36975143036295305,0.23569802049258756,-0.048467098530217044,-0.003697539318294211,-0.00064318121615583937,0.0021405017221960104,-0.01326819169103432,-0.025259084213395736,-0.071153940692662704
101.989,268470.017376296,2,219,1,220,268469482488333,268469.48399283807,411062d5ef9bd18c,0.88386841063813082,-0.66115981567791704,0.42345928104886682,-0.33292571669279009,0.83469118152910093,0.13473076632185002,0.4174910447673732,0.86313476791237409,-0.63509655199988369,0.42895321386030349,0.39047977695110775,-0.19994170501932887,-0.35480175331103514,0.82562980459379753,-0.098363952467828267,0.43641475093472343,-0.081413685472477695,-0.003642117216055658,-0.00076795939759961428,0.0021226534046536148,-0.0077563353790786405,-0.025995924745268437,-0.069425325607516741
10.087,268470.017376296,1,234,1,235,268469982535416,268469.98403992102,411062d7efa8293b,0.74032530847314426,-0.51032998475862446,0.39660719505576086,-0.25484646956612172,0.87499665475802191,0.096386472725363548,0.40017974986248095,0.72507853252527443,-0.48080917183544969,0.40255852931935032,0.35112533395792861,-0.21481428062713961,-0.4385123896361201,0.79891971363034797,-0.3995752707159424,0.18054854305075346,-0.087991636712426338,-0.0036422501426603515,-0.00076794309898713347,0.0021223615129896982,-0.0079753386187547369,-0.027738118043502558,-0.068438064375948029
107.379,268470.117385796,2,222,1,223,268469582497750,268469.58400225505,411062d65604afe9,0.87187073321466291,-0.61900993943318305,0.41502600635845377,-0.31819371060246837,0.85315523313352859,0.12681158815113461,0.39344349662051092,0.8524307567412216,-0.59207660116495298,0.42102963496186857,0.36787588860101861,-0.18853722554314023,-0.37827491019111981,0.82826875921430609,-0.15749094544788841,0.38100782436455294,-0.061039847575329868,-0.0035392370857387865,-0.00083428394351414378,0.0021719575944564688,0.0014045397194601416,-0.028404237502043597,-0.0692168157827803
18.261,268470.117385796,1,237,1,238,268470082544791,268470.08404929604,411062d8561104c7,0.70072987564313516,-0.49069560676601809,0.3852604507768207,-0.23230390801884643,0.88200078684172611,0.10144640846621444,0.39726337076495405,0.68673862380336692,-0.46076809599450164,0.39218503906375518,0.3526410573559528,-0.20917417446610581,-0.45940505650835184,0.78793238507999963,-0.36118015293158845,0.12026709196447272,-0.10419631005605463,-0.0035395565879490247,-0.00083432653025569074,0.0021719045578887245,0.0016260545525758725,-0.031198524035157989,-0.068346431651016629
100.239,268470.217395088,2,225,1,226,268469682507208,268469.68401171308,411062d6bc6d9107,0.8472494053586419,-0.5838239983249317,0.41184477471923414,-0.30419800699288208,0.86362259997403346,0.10351612048414968,0.3884636963321545,0.82914864843380676,-0.55580368337021313,0.41700088764982479,0.34788225542188544,-0.20148835780394472,-0.39557291273478867,0.82577384842495893,-0.29327941167996135,0.34026979316474776,-0.029076323435107309,-0.0035358398033857536,-0.00083805331267148122,0.0022194774958551287,0.00061947312074811186,-0.030001474837381616,-0.067420338928727716
10.394,268470.217395088,1,240,1,241,268470182554208,268470.18405871303,411062d8bc79e324,0.66733246532204182,-0.47804699270952972,0.37451003939283911,-0.20950290161432916,0.88777114935272372,0.11019528834378317,0.39475051897550612,0.65453953943179255,-0.44787924121920286,0.38260996341415388,0.35705059498741154,-0.20121092784832709,-0.47960806467876882,0.77588990161532378,-0.29961399786302495,0.1418760183331034,-0.09911717223006776,-0.0035359587580218194,-0.00083805573719428911,0.0022193740896086977,0.00039023692925322512,-0.031359527283615476,-0.066825938075249378
100.588,268470.317404546,2,228,1,229,268469782516500,268469.78402100503,411062d722d66700,0.8153870482441673,-0.5540017085039306,0.40882335507659562,-0.28625348729290007,0.86897202733769396,0.092508916645300421,0.3929232880230753,0.79849590007541582,-0.5251987073866301,0.41376675392199253,0.34325239459468904,-0.21242503351528713,-0.41204422022585124,0.81686777346123252,-0.32640676729967799,0.28833163778644527,-0.033673099376294459,-0.0035308496458346132,-0.00087007335864920177,0.0021596757246554661,-0.0010782201573698415,-0.030627714208901424,-0.066273638201029716
10.409,268470.317404546,1,243,1,244,268470282563541,268470.28406804602,411062d922e2bbde,0.63780591515909435,-0.4636334360780347,0.36567777921482036,-0.1809116815860034,0.89799505830172088,0.10972446868986147,0.38579325151513633,0.62689585206228382,-0.43296600017236114,0.37461309399168291,0.3503839308326534,-0.19521010321586132,-0.50705450486101777,0.76290225174452031,-0.25770513683532625,0.18838863925076005,-0.050064149651706899,-0.0035308541282120373,-0.00087006908226395358,0.0021592410758662188,-0.0015957204426350811,-0.030927621729606097,-0.065750902244593165
100.906,268470.417413963,2,231,1,232,268469882525916,268469.88403042103,411062d7893f454c,0.78161465262448304,-0.52984075748634096,0.40409194596988413,-0.26775042606882515,0.87490472658170637,0.088975207101074177,0.39361770092153292,0.76586752570306327,-0.5004492472989428,0.40933866633515675,0.34124470873608276,-0.21541476748665034,-0.42932291169656489,0.80797918549965264,-0.36283983781347445,0.24536906722027463,-0.048152125116100203,-0.0035289745639259028,-0.0010340325483134628,0.0021149158647482355,0.0017600869154794181,-0.032156455517275931,-0.064117322541295985
10.621,268470.417413963,1,246,1,247,268470382573000,268470.38407750503,411062d9894b9d0d,0.6116485485757085,-0.44495126239359573,0.36314777203401871,-0.1672247715015775,0.90129213010385523,0.11411489002176173,0.38299636695000322,0.60151965439037391,-0.41420944364256723,0.37272415101711076,0.35151073145652462,-0.19012791061282502,-0.51906399330502673,0.75555552683514904,-0.30683858113385526,0.23616999060419169,0.014724997637753165,-0.0035289566687588744,-0.0010341342193716009,0.0021145367740754129,0.00130428128996668,-0.032589347186344576,-0.063331790513064132
101.333,268470.517423421,2,234,1,235,268469982535416,268469.98403992102,411062d7efa8293b,0.74353295742533787,-0.51051226414694606,0.39720118528352166,-0.25566210798725919,0.87503346975366192,0.097446259222904369,0.39932141581227643,0.72822616735949541,-0.48103298185502669,0.4032041050231282,0.35126778234573669,-0.21345796461678207,-0.43796167832525629,0.79952248920595947,-0.39172054465702089,0.18499769388142853,-0.086337423154257686,-0.0034986088774349665,-0.0011822343073818401,0.0021370858248622743,0.0069249978228029998,-0.03472216419351503,-0.062787143459454478
10.543,268470.517423421,1,249,1,250,268470482582375,268470.48408688005,411062d9efb47899,0.58230478076588188,-0.42136379829183301,0.36362719190154202,-0.15226881914745966,0.90067686340663178,0.10969583719428419,0.39187022208143718,0.57302918149239634,-0.39037327671917565,0.37326626772544613,0.35466075229068744,-0.1995274157221745,-0.52920438911008361,0.74454501254555283,-0.31403769992671737,0.27205198655739243,-0.013912664638420339,-0.0034985764375380099,-0.0011822997357641949,0.0021370541724725143,0.0064163370855387205,-0.035959530038314383,-0.061974500396194634
102.092,268470.617432713,2,237,1,238,268470082544791,268470.08404929604,411062d8561104c7,0.70523805725442812,-0.49606374838160922,0.38548720512901014,-0.23323361895456945,0.8819508214624503,0.10271279576072961,0.39650342030121105,0.69117419494708132,-0.46618385850534894,0.39247010638487428,0.35299916226370659,-0.20774133733438954,-0.45871232076107937,0.78855445911213107,-0.3541344947768239,0.11850938048594775,-0.10379914677815938,-0.0034615463597425494,-0.0012861230470641489,0.0021896890688069474,0.011700706145810175,-0.037077163157956575,-0.062322877234188674
10.722,268470.617432713,1,252,1,253,268470582591750,268470.58409625507,411062da561d5425,0.55276532273516144,-0.39125354518258026,0.36204188116353642,-0.13404449478825559,0.90388959256668722,0.094409708297428729,0.39509813724980275,0.54490591996312576,-0.35974231122643785,0.37124149390510197,0.34613430782113214,-0.21261882147956576,-0.54436267461890586,0.73393021206622733,-0.30219244321015604,0.36129549252376952,-0.034053784921902135,-0.0034615725672632546,-0.001286155219924881,0.0021899974467642315,0.011179832362000932,-0.038879349470774843,-0.061712382924606943
94.955,268470.717442213,2,240,1,241,268470182554208,268470.18405871303,411062d8bc79e324,0.67261852615132323,-0.48385512025802263,0.37484960052302285,-0.21068494814594546,0.88774638520883298,0.11160259324442509,0.39378055128077372,0.65973861603102324,-0.45374091731055549,0.38301070633647455,0.35735983908314756,-0.19952994232013369,-0.47875472068921376,0.7767082238176598,-0.2908500587759843,0.13901517477837932,-0.099534871091299396,-0.0034147305443813147,-0.0013610117240479751,0.0022390317335925889,0.015884468654248033,-0.039226543906252222,-0.062601931944251607
10.961,268470.717442213,1,255,1,256,268470682601166,268470.68410567107,411062dabc863271,0.52170447957485433,-0.35527336825388461,0.35848099786410786,-0.11420755232916935,0.90164046046874924,0.072020909867583166,0.41086999986736406,0.51533913632804418,-0.32318748199498809,0.36680801775708544,0.34145542776207721,-0.23960248296281469,-0.55679913426060945,0.71831299939267912,-0.29999556680380324,0.37648435204342778,-0.089802473256064302,-0.003414812304183014,-0.001361027752678302,0.0022393484354763498,0.015458633804152857,-0.041200401908283751,-0.062261150485896762
95.536,268470.817451546,2,243,1,244,268470282563541,268470.28406804602,411062d922e2bbde,0.64463630487692514,-0.47015442915055561,0.36626352035979803,-0.18198933706727127,0.8981691789358085,0.11137987758025306,0.38440419259716563,0.63364724161020303,-0.4395391885285464,0.37528064197054806,0.35057226869931013,-0.19305733944074119,-0.50641560926053686,0.76378739110066529,-0.24506133904944138,0.18657519414627186,-0.049096848869515472,-0.0033663304229250208,-0.0014656355843697454,0.002282579640628972,0.020805039445598503,-0.041663522795515592,-0.06351019319352566
10.905,268470.817451546,1,258,1,259,268470782610625,268470.78411513002,411062db22ef139f,0.49121475859885255,-0.31660491150373749,0.35005285120782803,-0.084310147712890526,0.90082099405990057,0.064538124176367562,0.42100857401463815,0.48668606555535515,-0.28429963356900961,0.35872585004585184,0.34333335373878859,-0.25206266566682045,-0.57736034100295031,0.69659289217186926,-0.30439290226176346,0.43814913495542579,-0.090288862770875486,-0.0033664509068845301,-0.0014656597406801832,0.002282792148822549,0.020699676302748642,-0.043751953387330039,-0.063285938018065591
104.685,268470.917460963,2,246,1,247,268470382573000,268470.38407750503,411062d9894b9d0d,0.61873679756497357,-0.45057259622740775,0.36430860989520392,-0.16799074066500364,0.90162551198701557,0.11552516850040354,0.38145056801689159,0.60855698351812804,-0.41987131541752509,0.37396074409293334,0.35141490402672915,-0.18803764828487582,-0.51875810791383414,0.75633288539441224,-0.29303745044861818,0.23504500804214531,0.018748710648509945,-0.0032988354480182145,-0.0015445336977412333,0.0022690644202703618,0.025660187931822839,-0.04163774455093841,-0.066403910120754431
19.215,268470.917460963,1,261,1,262,268470882619916,268470.88412442105,411062db8957e988,0.46017102703275925,-0.27325543634218169,0.33960611341972435,-0.052448723862519808,0.8983438198551208,0.057382804592052,0.43235954903637075,0.45755445941755929,-0.24086366963787509,0.34873233803100046,0.34630013007117361,-0.26514859172922584,-0.59813814263460696,0.67231183727666077,-0.30932103251300175,0.44482417541902164,-0.12120895865668437,-0.0032989108725194559,-0.0015446824787800056,0.002268935872728074,0.026746691752322561,-0.0433058853168048,-0.066156676279896076
112.638,268471.017470338,2,249,1,250,268470482582375,268470.48408688005,411062d9efb47899,0.58785670720779326,-0.42498300914833553,0.36494218846560111,-0.15290670754525371,0.9010201623727514,0.11068435747371483,0.39055247023743478,0.57854289583161844,-0.39401985563145764,0.37463223459066614,0.35442795042499209,-0.19789663510782246,-0.5289960829308229,0.74523881676573112,-0.3027322603769888,0.27111074509811411,-0.010069759067750123,-0.0032546814943939669,-0.0015636358599656558,0.0022271867530485215,0.025423873485626417,-0.040847058284910427,-0.067037139131378168
18.716,268471.017470338,1,264,1,265,268470982629416,268470.98413392104,411062dbefc0cd77,0.42910620732380444,-0.22700227661937517,0.32593612627764779,-0.02312616305453391,0.897570255601289,0.060298948057632168,0.43611570359003937,0.42808521446979958,-0.19481784967006471,0.3360594255176767,0.35101815712115303,-0.26574256925008155,-0.61832533115701549,0.65103066372422302,-0.28754065833246861,0.44557373910154413,-0.12641121640102262,-0.0032546117067646842,-0.0015638044714489667,0.0022268441867806222,0.026767422086181745,-0.041600030884417626,-0.066858393299394511
112.595,268471.117479713,2,252,1,253,268470582591750,268470.58409625507,411062da561d5425,0.55715826503087051,-0.39353289669786057,0.36333792018729055,-0.13483976879280724,0.90426802208490209,0.095029162534130657,0.39381098571155104,0.5492580250856991,-0.36203865400518365,0.37256070924429951,0.34566217454398801,-0.21127064764291642,-0.54406792106375923,0.73476014576419657,-0.29343164686109929,0.36163733767207945,-0.030829104534301488,-0.0031988863739245109,-0.0016107815311625427,0.0022019529980868337,0.028355330436835809,-0.039628414261769634,-0.06885196019641078
10.688,268471.117479713,1,267,1,268,268471082638708,268471.08414321305,411062dc5629a371,0.39621078934476162,-0.18295414580651448,0.31348852467519178,0.0065154607457011404,0.89696008226638191,0.071837270267846393,0.43618759657388373,0.3966053589113257,-0.15126343941269316,0.32510335980464383,0.35922781879747873,-0.25763457960384295,-0.63885366610254846,0.62963941339602503,-0.33948623619011148,0.40892649398679737,-0.086409613917419567,-0.0031987684658278267,-0.0016111768110686326,0.0022015991023346085,0.029969390272246956,-0.040080371556315081,-0.068698922577156624
112.962,268471.217489088,2,255,1,256,268470682601166,268470.68410567107,411062dabc863271,0.52525427351055309,-0.35696792454634424,0.35977420373164321,-0.11518109252303105,0.90198517773904707,0.072465343282565819,0.40976198249676699,0.51883698101243114,-0.32489360002940959,0.36810589118032444,0.34098620305965999,-0.23850473451407986,-0.55635448931902221,0.71924514816013507,-0.29346966982424377,0.37882741029513761,-0.086916454015733016,-0.0031643429146486547,-0.0016771834836210692,0.0021928532882643193,0.031672318320314648,-0.038539778804575799,-0.069470512784844854
10.705,268471.217489088,1,270,1,271,268471182648208,268471.18415271305,411062dcbc928760,0.36033797295342707,-0.14219439232857525,0.30666560924904274,0.024437244924886692,0.89694492233822576,0.067561893865575789,0.43626605536293117,0.36189693263872097,-0.11063228292929948,0.31853000333110087,0.35626014997204586,-0.2607132059098819,-0.65151556120172538,0.61695607892141535,-0.37111587335940199,0.40152862705811349,-0.066690125311131568,-0.0031641738813490018,-0.001677690414353117,0.0021925665843647688,0.032824626391164367,-0.038579719484428947,-0.069038466473706886
113.432,268471.317498421,2,258,1,259,268470782610625,268470.78411513002,411062db22ef139f,0.49327846655061636,-0.31752485684316711,0.35097514900361199,-0.08557468464665291,0.90110785065864585,0.064957784094599486,0.42007398672969642,0.48867832428864588,-0.28522755734809957,0.35964025653105475,0.34296924511565713,-0.25110506831153151,-0.57666901662662062,0.69768989302980733,-0.30199994478802022,0.44279715307242556,-0.089582073887435318,-0.0031503663368803452,-0.0018036245241281358,0.0021464277492674205,0.035105203264934749,-0.036925907186069827,-0.068120045751618036
11.381,268471.317498421,1,273,1,274,268471282657583,268471.28416208806,411062dd22fb62ec,0.32040213955225988,-0.10515193633459291,0.29890506075892515,0.026799571029121616,0.90000385590711707,0.059837496081074998,0.43092269564296992,0.32243176366924048,-0.073468597661697443,0.31036837740154555,0.34701985027158899,-0.26239685402678553,-0.65534897057717356,0.61744865477039357,-0.43380913764555473,0.3637644657185708,-0.07844378147729808,-0.0031502593394180192,-0.0018041156406506042,0.0021460593803454822,0.035720394161312931,-0.036658780278422856,-0.067290787538881972
113.253,268471.417507796,2,261,1,262,268470882619916,268470.88412442105,411062db8957e988,0.46009388215661062,-0.27300639631092743,0.34017462528566628,-0.053875416758627392,0.89858856798088116,0.057923452090257788,0.43160277092898908,0.45739052400462887,-0.24061948097907282,0.34929276774759321,0.34614730265586957,-0.26423117330983897,-0.59730238149474291,0.67349372452613132,-0.31051968799813046,0.45079375273654682,-0.12175304852902871,-0.0031354159462097741,-0.0019033225433650607,0.0020813537061109793,0.037180603042861235,-0.03519507632780438,-0.0667950394450567
10.773,268471.417507796,1,276,1,277,268471382666916,268471.38417142106,411062dd89643ba6,0.27074133735439521,-0.069878999202932668,0.29208826839713198,0.02627030884727577,0.90282221058823497,0.044006648543015919,0.42694893727251881,0.27326895299225934,-0.037903602233735505,0.30260235893393456,0.3330158795075473,-0.27078108195926193,-0.65696760336310633,0.61981577729202941,-0.5379438384935803,0.35318931838501938,-0.069257343148388675,-0.0031353226867856221,-0.0019036736637864603,0.0020809348603983806,0.037490833378967747,-0.03479973224705861,-0.065877194664338931
105.087,268471.517517130,2,264,1,265,268470982629416,268470.98413392104,411062dbefc0cd77,0.4287712406111992,-0.22691089579282159,0.32639969499355903,-0.024760237991683198,0.89783758415679893,0.061060040799249343,0.43536918554274406,0.42764626406199824,-0.19472913871182315,0.33652046032578342,0.3510284629860676,-0.26467652746621495,-0.61735889554810941,0.65237515899188225,-0.2870475635010003,0.45055020454381645,-0.12832192318526722,-0.0031201703353688449,-0.0019819762683771758,0.0020160119501133394,0.038281452955785653,-0.034146372776029513,-0.066549241470675785
10.655,268471.517517130,1,279,1,280,268471482676166,268471.48418067105,411062ddefcd0ece,0.2138283862223532,-0.037726165861081913,0.28416905219332161,0.015737840608227305,0.90190621106087709,0.034329242899274359,0.43027789057450444,0.21594866018262285,-0.0054583733554168391,0.29384660132062379,0.32852684592608838,-0.27997796632363742,-0.64887231438667003,0.62661564734821518,-0.60111958052576808,0.27814352273404863,-0.10586762477201614,-0.0031200537532075686,-0.0019821755817314647,0.0020155842854085713,0.038607532146256431,-0.03401744973165198,-0.066120029488788007
97.906,268471.617526588,2,267,1,268,268471082638708,268471.08414321305,411062dc5629a371,0.39549091362862993,-0.18309546005700408,0.3135929969878003,0.0047114573193196563,0.89718419991595633,0.072798030590864482,0.43559018990981097,0.3957651148405209,-0.15140481765283015,0.32521147148632074,0.35948474862685204,-0.25653278919036449,-0.63773651818599109,0.6310735115237448,-0.33764283218522456,0.41213067573186662,-0.089697741996016697,-0.0031059943970190721,-0.0020599459023187983,0.0019511792874983523,0.039608405130296738,-0.035371659090677396,-0.067079870088876434
10.704,268471.617526588,1,282,1,283,268471582685666,268471.58419017104,411062de5635f2bd,0.15432245686300894,-0.011549868994275795,0.2719126288814252,0.0065267439165351271,0.90008767270353762,0.035418866037961572,0.43421784878335279,0.15579657067987654,0.020806042366583819,0.28141436243008439,0.33208329690883637,-0.28199345752677757,-0.64107318485699238,0.63184297533767342,-0.54756037523876355,0.22540692325725817,-0.16032270742664245,-0.0031059616851309819,-0.0020600407588864823,0.0019506458208888259,0.039893579248104723,-0.036228651942522908,-0.067164680454326442
97.345,268471.717536005,2,270,1,271,268471182648208,268471.18415271305,411062dcbc928760,0.35849535004640798,-0.14165092234751836,0.30626130887352609,0.022555843790673602,0.89717553324877763,0.068476311986593957,0.43575032341910791,0.3599298522269595,-0.1100823609822382,0.31812423805594703,0.35654206366400509,-0.25970193712782424,-0.65034827627131508,0.61844949692048212,-0.37077913343076246,0.40457749680943367,-0.070497751809244752,-0.0030795814398905455,-0.0021077619994669984,0.0019056969816835796,0.041053376455657355,-0.037020459905946157,-0.068264998275834529
10.767,268471.717536005,1,285,1,286,268471682695041,268471.68419954606,411062debc9ece49,0.10491009763443354,0.007109330754379431,0.26064801429039702,0.010428338787504043,0.90539975462200351,0.043722191568926733,0.42217408406656054,0.10660704363134825,0.039289923724929267,0.27069245366320194,0.32943840706629268,-0.26760589241797261,-0.64758823802112175,0.63284034026719826,-0.43181837697956127,0.15520841215933168,-0.064140947304497917,-0.0030796454323223895,-0.0021078175402438502,0.0019050573102688524,0.041484467220294238,-0.038263435767950389,-0.068270206236754546
100.516,268471.817545421,2,273,1,274,268471282657583,268471.28416208806,411062dd22fb62ec,0.31865284731480192,-0.10494791821281496,0.29866747109967368,0.025142231706920926,0.90020065970233976,0.060513447766668782,0.4305169175632223,0.32057523044932751,-0.073254970668009886,0.31012270880881465,0.34721089185529758,-0.26163195559465241,-0.6543162160293613,0.61875973190713118,-0.43428080675906944,0.3658129906843034,-0.07929615022495623,-0.0030661775097317189,-0.0021409285857868889,0.0018747731509148023,0.040125298398601718,-0.038017471730253251,-0.068510597544604049
13.317,268471.817545421,1,288,1,289,268471782704416,268471.78420892108,411062df2307a9d5,0.063971919070398314,0.016238356101353685,0.25620877758460908,0.032679755118239062,0.89929753741997087,0.015955838629872099,0.4358227130633347,0.067506206063860721,0.048548059997550755,0.26531662044417303,0.31945566899738964,-0.29689070620835678,-0.65900744593193694,0.61279129425832968,-0.37366281463547185,0.091248960483154673,-0.053725503879580923,-0.0030661522503704491,-0.0021408653845888317,0.0018742690626888953,0.039622171139158703,-0.038380434810887099,-0.068266705155760402
99.806,268471.917554671,2,276,1,277,268471382666916,268471.38417142106,411062dd89643ba6,0.27080242706028157,-0.071374642376397845,0.29258543396280245,0.025086686083459986,0.90301626332803564,0.04439831314517298,0.42656902061538071,0.27325724280179492,-0.039389820440666481,0.30308810016626603,0.33302418655891419,-0.27023549163309396,-0.65626787170728351,0.62078994095699236,-0.53652390803644179,0.35316627583144006,-0.065438832710325121,-0.0030401650460069353,-0.0021163895836623409,0.0018605284180084637,0.038355949779387014,-0.039575962033144313,-0.068359193224796444
10.580,268471.917554671,1,291,1,292,268471882713833,268471.88421833806,411062df89708832,0.033746812178133509,0.024655402543492244,0.25146573497508368,0.022834401814615268,0.89520891648357415,0.030173006074081188,0.44403741830954674,0.036142307079865266,0.056896813496638457,0.26116697076712175,0.33531739786947878,-0.2926463245972642,-0.64915463852008592,0.61686191864436801,-0.29496066451488767,0.12101980422295663,-0.048717295625684894,-0.0030399449523178359,-0.0021160505983969431,0.0018600951675678957,0.037605047250988441,-0.039747136279336355,-0.067992849649549839
99.627,268472.017564088,2,279,1,280,268471482676166,268471.48418067105,411062ddefcd0ece,0.21577399000128764,-0.040990878218346793,0.28563504941447104,0.0147519639491967,0.90207526792903847,0.034658876072081568,0.42993186212735557,0.21783347169028563,-0.0087162536885435661,0.29530293949449909,0.32851525271673043,-0.27950020142309051,-0.64829473558890616,0.62743230865538391,-0.59607731050096258,0.276778375576538,-0.09949744834450143,-0.0030204986070640973,-0.0021448765495300495,0.0018265244387122121,0.038234896864001403,-0.04126423975634861,-0.067776878208897051
10.697,268472.017564088,1,294,1,295,268471982723166,268471.98422767106,411062dfefd960ec,0.012102988602782453,0.032533292928073797,0.24540495779129159,0.008106434486071401,0.89104711897371103,0.019443831905162273,0.4534217772691298,0.013784900571434279,0.065106142796349242,0.25409642346487593,0.3343664699408152,-0.30686873988764324,-0.63579755806321081,0.62433332877553971,-0.21666919221001424,0.07610537172936746,-0.1097154236799006,-0.0030203079054189393,-0.0021444899416420238,0.001826166967360647,0.037828378223384293,-0.041883125102603336,-0.067574186970286443
98.453,268472.117573421,2,282,1,283,268471582685666,268471.58419017104,411062de5635f2bd,0.15744981106064823,-0.015271024839667635,0.27357355428820906,0.0058152264488851579,0.9001735931061341,0.03554122546012789,0.43403981375101164,0.1588818528097502,0.017090733367614415,0.28306180039214429,0.33204392830838247,-0.28178104657661596,-0.64063082094177226,0.63240684904829714,-0.54209033738797752,0.22320286582035601,-0.15593393893866866,-0.0030119141113068948,-0.0021276580430538766,0.0017935292637074841,0.035651655860441035,-0.044560210189359878,-0.068716404646817816
10.287,268472.117573421,1,297,1,298,268472082732583,268472.08423708804,411062e056423f49,-0.0026700581888218135,0.038605057941777848,0.22931807748873262,0.0038793299273115478,0.88669077144101471,0.0082611304931226592,0.46227289946103156,-0.0010533679453357447,0.071370428414794504,0.2372665215118849,0.33271779450724714,-0.32103479203417989,-0.62972814104483665,0.62424194019468005,-0.08765521404016495,0.057519953247484282,-0.23446936080906564,-0.0030119719926693152,-0.0021272048331303466,0.0017931736225592256,0.035099827533142627,-0.045709272749299965,-0.069139774591988279
100.192,268472.217582921,2,285,1,286,268471682695041,268471.68419954606,411062debc9ece49,0.10970071699653908,0.0022519494700796033,0.26203758024708773,0.010116579103222556,0.90546585120886203,0.043640210819175879,0.42204837676976936,0.11138391267333132,0.034437564463436626,0.27206823285694415,0.32929154944411876,-0.2675749730808652,-0.6474145279836685,0.63310752499172651,-0.42711955369659965,0.14946519720274437,-0.061122633173071657,-0.0030105918909272195,-0.0020664094376708127,0.0017977125249908387,0.033101290584354438,-0.046585548056087035,-0.070911040424458838
12.390,268472.217582921,1,300,1,301,268472182741916,268472.18424642103,411062e0bcab1803,-0.0070189236556668245,0.048001091673495831,0.20497841888737378,-0.0086731469282286255,0.8946769350518895,0.016419022549626627,0.4463277129190093,-0.006107656370018132,0.080781797223259788,0.21297566138465876,0.32721134591594642,-0.30399134216315177,-0.62649927007041994,0.63876495175843173,-0.041178924542592546,0.10879349775540363,-0.23832719552167186,-0.0030107205993205651,-0.0020660998766035455,0.0017974219654785649,0.032890434452684809,-0.047108496365888181,-0.07147891053669353
101.484,268472.317592213,2,288,1,289,268471782704416,268471.78420892108,411062df2307a9d5,0.069900898454103633,0.012202597606948737,0.2577663454748062,0.033039778715826029,0.89935781958911409,0.015132725824820087,0.43570051547813737,0.07348210719051726,0.044518020910161236,0.26683548615554464,0.31878723362790273,-0.29738632810016624,-0.65930464698185631,0.61257934506731382,-0.36877911788041895,0.086777966105878485,-0.047555247700511644,-0.0029821485065309543,-0.0019204879831452686,0.0018228488260361288,0.033385219432818428,-0.047963364324851009,-0.073374460802247382
12.831,268472.317592213,1,303,1,304,268472282751291,268472.28425579605,411062e12313f38f,-0.0089621490311557004,0.06205590348133621,0.18484906408517615,-0.02601000974558626,0.89317763552215568,0.026147672291974844,0.44818918242442829,-0.0093921766610345885,0.094829981778875749,0.19291354298656144,0.33540679761275322,-0.29842840581681113,-0.61318009229763404,0.6499637998586224,-0.057140689140737791,0.12522250013887815,-0.18908646791166023,-0.0029821021235130153,-0.0019203198761793502,0.0018226625467155594,0.034452259725871612,-0.048089586800827998,-0.073606416853734091
5.750,268472.417601671,1,306,0,307,268472382760750,268472.38426525507,411062e1897cd4be,-0.015698935116876488,0.074341260247581392,0.169528084218318,-0.030017360855316533,0.88583196598397063,0.043298546317218717,0.46100539605036173,-0.017100418908696621,0.10685580023388193,0.17848361237846183,0.35659672793952796,-0.2953633381358679,-0.60515229462413178,0.64760325232290739,-0.087966475048007406,0.11179159195812917,-0.10343388258999742,-0.0029821079689935598,-0.0019203216850281384,0.0018226682427898398,0.03445615434576741,-0.048094452250681013,-0.073592670244858605
115.132,268472.517611046,2,291,1,292,268471882713833,268471.88421833806,411062df89708832,0.038311056031164192,0.023681718710956152,0.25328093470248653,0.023593707705179545,0.89524969256290987,0.029209714434811074,0.44397992152557408,0.040780014825390072,0.055927925625930554,0.26294775082961297,0.33459559147245166,-0.29328681826476777,-0.64972038189145498,0.61635384135588167,-0.2918052542085483,0.12057002228330022,-0.040014792274763747,-0.0029474827768600697,-0.0018103976863180218,0.001903212717456072,0.033204778112835787,-0.049156861792766383,-0.073793198722687137
98.175,268472.517611046,2,294,1,295,268471982723166,268471.98422767106,411062dfefd960ec,0.014202826226858971,0.033612452581347756,0.24751536220177311,0.0091092197002415887,0.8910527709739976,0.018353506476803311,0.45343707773901698,0.015975476150992863,0.066189477903314337,0.25617308045689186,0.33360631252295991,-0.30765053543694787,-0.63651063083698189,0.62362824913701576,-0.21775439400619859,0.076086475313443105,-0.10083670978041319,-0.002947374982107993,-0.0018101388667974303,0.0019033142658593774,0.033478711277724435,-0.049207877607160055,-0.073630555280524479
14.974,268472.517611046,1,309,1,310,268472482770083,268472.48427458806,411062e1efe5ad78,-0.022834246887571109,0.085215654687103973,0.1618198278084432,-0.025698548544583033,0.86587147319202939,0.056883437393041109,0.49635723453758451,-0.025084442687838895,0.11742457234590413,0.17166275390161737,0.3912002203419806,-0.31075489384668864,-0.59409195658099057,0.63043519149908644,-0.066471159322838744,0.079883351183640927,-0.075265698238078285,-0.002947354321904952,-0.0018102056752036294,0.0019036200798007742,0.033928802049629517,-0.049419140887345524,-0.073073938806394359
97.460,268472.617620380,2,297,1,298,268472082732583,268472.08423708804,411062e056423f49,0.00073977180048430966,0.04048779462816153,0.23249257749512367,0.0054608085429704856,0.8868299430993003,0.0069282358196773308,0.46201177945313887,0.0024935400813195633,0.073253525652742013,0.24041041300797564,0.33159065594675102,-0.32179265114793232,-0.63094482448922196,0.62322207519170358,-0.086691232956031525,0.059212677684467946,-0.22760618824537032,-0.0028836198024676401,-0.0017365529562248239,0.0020147425739133582,0.033177552208652851,-0.051508215835855249,-0.071573519031077545
10.133,268472.617620380,1,312,1,313,268472582779375,268472.58428388007,411062e2564e8372,-0.018620172156398614,0.090946942951925,0.15121346416890702,-0.015393088356857043,0.85572218276151701,0.047099778981862489,0.51505753347858418,-0.020335839700693727,0.12325843826026926,0.16082516057395954,0.39750523715826702,-0.33089609270956072,-0.59420238527239444,0.61597149901427484,0.053153189319183843,0.051389454512218574,-0.1723482972924309,-0.0028839931421876237,-0.0017366336547246393,0.0020154466304677832,0.033038530391262991,-0.052318008922845077,-0.070557491628700009
104.454,268472.717629796,2,300,1,301,268472182741916,268472.18424642103,411062e0bcab1803,-0.0014051603906067001,0.048275454934971401,0.20878963486476665,-0.0074666783647842072,0.89499857948422501,0.015616729111279315,0.44573306184280465,-0.00038910462574320284,0.081056435795102605,0.21677311007904518,0.32622355700304673,-0.30413816748157796,-0.62757980910340616,0.63813928663181374,-0.033693893288102114,0.11131624025985687,-0.23325557981401079,-0.0028605616415993771,-0.0018276768371955168,0.002013382495460589,0.032421712948402626,-0.050081154276417912,-0.069872814083485432
17.543,268472.717629796,1,315,1,316,268472682788833,268472.68429333804,411062e2bcb7648f,-0.010192016650926608,0.092938804472212436,0.13072575962803792,0.002258507781771335,0.86200921892633953,0.020615159879538297,0.50646823594794488,-0.0098585089622031611,0.12554638589775124,0.1394432912835594,0.37270423352418841,-0.3435499956077403,-0.61112955405612757,0.60793554180540199,0.075621195107964043,0.03931056230909849,-0.25337119493867172,-0.0028608839371483887,-0.0018275972254578716,0.002013738899722247,0.031211983692997942,-0.049938926108403503,-0.069217410662241505
102.076,268472.817639130,2,303,1,304,268472282751291,268472.28425579605,411062e12313f38f,-0.0028294314057712047,0.059730754182913751,0.18821920242066692,-0.025447547314888241,0.89352239330062644,0.026211758169144728,0.44753005703766924,-0.0032166893559669864,0.092500640146937277,0.19630286230660374,0.33498604115164354,-0.29791701824146261,-0.6138215938424989,0.64980985942683245,-0.044966299893644653,0.12325622934048848,-0.1867583170979483,-0.002865609838484938,-0.0019190307787751309,0.0019977672141625259,0.031124688374413192,-0.045472169492718276,-0.070533223881711377
10.062,268472.817639130,1,318,1,319,268472782798166,268472.78430267103,411062e323203d49,-0.0023692961472234807,0.093989020165868326,0.10196043692787422,0.011812401652967985,0.85160022275147984,0.010246249547645025,0.52395858172140519,-0.0014765856155461729,0.12664711944048557,0.11044645906091612,0.37773984868272387,-0.36324946399451974,-0.61052490543468663,0.59381964725732506,0.097172834360405538,0.046198906500937525,-0.30577798770194425,-0.0028655099901502942,-0.001918792614611628,0.0019977842777893773,0.029456861386014777,-0.04393764200212958,-0.070615886876188555
98.967,268472.917648505,2,306,1,307,268472382760750,268472.38426525507,411062e1897cd4be,-0.00728683990263225,0.070853320540947048,0.17325212671417289,-0.02959619355854598,0.88618673635918377,0.043526764499371928,0.46032880380506275,-0.0086579842560425939,0.10336208262203317,0.1822332905075823,0.35627967960740492,-0.29472354056395073,-0.60570096539917151,0.64755630261067332,-0.070631960255571141,0.10764613124238329,-0.10275132118513368,-0.0028486314054207576,-0.0019521241084004793,0.0019660206015481197,0.0271303013025385,-0.041150595846501103,-0.070059952873242626
10.133,268472.917648505,1,321,1,322,268472882807458,268472.88431196305,411062e389891343,0.011308103652533284,0.097631784770937549,0.070063125734630138,0.020984338032855376,0.84672218514991815,-0.0044348072709393671,0.53160284463988738,0.01307872892392915,0.13037582656679084,0.078066472846077137,0.37276408413053586,-0.37903584855274108,-0.61356115029778635,0.5838848156438764,0.14916714144549811,0.059783547807358256,-0.30105914922046345,-0.0028480547977675253,-0.0019515676755771153,0.0019657860027297641,0.025404610723940554,-0.039390338577616681,-0.070576199076712975
103.257,268473.017657838,2,309,1,310,268472482770083,268472.48427458806,411062e1efe5ad78,-0.01328866762960124,0.080214545081069205,0.16409606508715788,-0.025642265891714255,0.86609715622992711,0.057346007063212662,0.4959129750840946,-0.015541677636449678,0.11241459194847372,0.17396733043728363,0.39121316762001673,-0.31011366884103075,-0.59429133642768872,0.63055497565688901,-0.04928058949007752,0.071978056006021585,-0.078293415558774518,-0.0028529763181197277,-0.0018974142935266939,0.0019755419337901072,0.024896262240331223,-0.039456837127812408,-0.070358048969340531
9.993,268473.017657838,1,324,1,325,268472982816875,268472.98432138003,411062e3eff1f1a0,0.027405467109673634,0.1066129834685671,0.042572015933978635,0.023510024783547301,0.8388642594499176,-0.013521827278619614,0.5436646451184276,0.029418325826920694,0.13943398955543607,0.050193755315295289,0.37486757151805639,-0.39399032253476218,-0.60979068807814096,0.57654249306213023,0.19113041873342748,0.087057427845873045,-0.25421807580657563,-0.0028523726928747517,-0.0018968095956400422,0.0019754738244404705,0.024114620123842429,-0.038436570237663108,-0.070943230885586128
103.432,268473.117667130,2,312,1,313,268472582779375,268472.58428388007,411062e2564e8372,-0.0128887030056871,0.086911034406781371,0.15067897279839607,-0.015596497318965896,0.85563403878551303,0.047367605009584701,0.51517327585105466,-0.014627150472128201,0.11921895933876947,0.16029857460730926,0.39777646096787594,-0.33078855332848583,-0.59399622621826509,0.61605300366541438,0.056619676784793724,0.042752265234760972,-0.17979344425348426,-0.0028917052083620516,-0.0017669963072681194,0.0020054157975460426,0.023062375611161309,-0.041471963262381423,-0.072404952040575801
15.091,268473.117667130,1,327,1,328,268473082826291,268473.08433079603,411062e4565acfec,0.045434537405122925,0.11784860756482526,0.017685374850996818,0.03230201857831505,0.82923853292916938,-0.017078912860498396,0.55769920122699523,0.047797820847079196,0.15060812389853173,0.025469328404377885,0.38227626178004293,-0.40642949133532136,-0.60920115002958841,0.56351919847953258,0.24509566937239294,0.092313460610689832,-0.2564443085815189,-0.0028914558740892344,-0.0017664857456489269,0.0020054571892342975,0.022932426304998834,-0.041629033241240322,-0.073317104473095196
103.744,268473.217676630,2,315,1,316,268472682788833,268472.68429333804,411062e2bcb7648f,-0.0075025783824680748,0.092071158356253915,0.12892854328964407,0.0029372872477931855,0.86187667947629276,0.019953665549843375,0.50671675141260997,-0.0071133384523186386,0.12468197763635527,0.13763164102113867,0.37241221337600861,-0.34419346968715797,-0.61151580406530237,0.6073618527134087,0.068417274927864549,0.032486526188589292,-0.2607924918963585,-0.002899504172971152,-0.0016005985581413105,0.0020578785167480605,0.024741135092326755,-0.041319131063303399,-0.075354700437186464
10.258,268473.217676630,1,330,1,331,268473182835583,268473.18434008805,411062e4bcc3a5e6,0.070112863223460414,0.13079282040865978,-0.0074163063138681677,0.054959111207691036,0.83232945464795483,-0.020356705778942552,0.55117404942813542,0.073933002942754469,0.16325986855623772,0.00098954100062233295,0.37534453327926759,-0.40413326191112714,-0.62740774509285291,0.54968382671490623,0.25828075459249356,0.10843166720823146,-0.24433713168598112,-0.0028994251470275752,-0.001600316309077299,0.0020578377018320086,0.026071040141387558,-0.041470009638708422,-0.075721559594434315
96.372,268473.317685963,2,318,1,319,268472782798166,268472.78430267103,411062e323203d49,-0.00075691436221300256,0.095587451420287448,0.10063630853381084,0.01292281184215327,0.85148799765927285,0.0089910390130655271,0.52413777311527576,0.00023759562991097869,0.12825078753288685,0.10909079703622929,0.3769789882718857,-0.36426373929808781,-0.61123072886686003,0.59295511358193664,0.089988062261619678,0.044401725961137076,-0.3082123943378447,-0.0028625057056647237,-0.0015531624841823343,0.0020638119565415921,0.026687101688761337,-0.037587897091017008,-0.076505709649955345
10.224,268473.317685963,1,333,1,334,268473282844916,268473.28434942104,411062e5232c7ea0,0.097762414561748778,0.14394357477278802,-0.032934849540168454,0.085306935270931583,0.83631077353967842,-0.023301509154758926,0.54107680576766226,0.10349357894848685,0.17589013503901826,-0.023664898413279768,0.36612241362471931,-0.39907572301837657,-0.65168211422278077,0.53103989260798146,0.30682076663263785,0.13481986315564468,-0.23141471546101638,-0.0028622448179370041,-0.0015530881618833741,0.0020636956595595241,0.028067186645450853,-0.03647655298856687,-0.076484126794426149
96.992,268473.417695296,2,321,1,322,268472882807458,268472.88431196305,411062e389891343,0.010799826501053232,0.10135699806697615,0.069829726937113618,0.022398408552041615,0.84664945953159476,-0.0059644946374542984,0.53164601191525385,0.012701417895047709,0.13410235184010838,0.077797581630147411,0.37171295572168128,-0.38014802470624531,-0.61450962434786116,0.58283349204077317,0.14131435876268916,0.063409577564184902,-0.29949069167010151,-0.0028172513915706589,-0.0015435746837425619,0.0020699175628474172,0.026414821251498466,-0.03222605763477894,-0.076869430747113832
10.687,268473.417695296,1,336,1,337,268473382854291,268473.38435879606,411062e589955a2c,0.12771441797361718,0.16241042144446521,-0.05601805399757321,0.1169536587212443,0.83600282343549459,-0.037531841005785743,0.5348013977569549,0.13572571830767222,0.19377645358000301,-0.046460227518891964,0.35162266630102351,-0.4047007034600294,-0.67384197278030622,0.50844452684817221,0.32104167796225996,0.22628774308237745,-0.185474489427568,-0.0028166387698008912,-0.0015435209754151671,0.0020698230808854109,0.026868739267838924,-0.030250026333701743,-0.076607433940876893
97.516,268473.517704671,2,324,1,325,268472982816875,268472.98432138003,411062e3eff1f1a0,0.025894126353955556,0.11170670106884505,0.042660463219858745,0.024990444948807311,0.83883392283251079,-0.015070048598894492,0.54360470418714091,0.028044616761645439,0.14452652352437367,0.050249639523029778,0.37373042911498405,-0.39504269566212302,-0.61081605196083399,0.57547422672480553,0.18492077464964418,0.094304932861908011,-0.25264636232796717,-0.0027833152789761713,-0.0014943959345098993,0.0021234266441063762,0.025263186810041673,-0.0290395448451005,-0.075474843844482623
10.341,268473.517704671,1,339,1,340,268473482863666,268473.48436817108,411062e5effe35b8,0.15951296604917101,0.1888310421388667,-0.072031290966553141,0.15270175611491216,0.83289480976287544,-0.05667036181057733,0.52892053548167706,0.17012616689321836,0.21936717939361561,-0.0623222621083383,0.33393129133470345,-0.41407528345948197,-0.69692199670388366,0.48096910795368053,0.33905009499864786,0.28582086900304465,-0.11785946429580692,-0.0027824479045352683,-0.0014940958324913048,0.0021236307788984983,0.024503462298086157,-0.027651087304471994,-0.074917435796867826
98.149,268473.617713963,2,327,1,328,268473082826291,268473.08433079603,411062e4565acfec,0.045612442452625662,0.12303454309926301,0.017284830432742489,0.033448471348072772,0.82935776696413765,-0.01834213966443371,0.55741413084505398,0.048089272477784634,0.15579221112533537,0.025041211707970523,0.38118145036974627,-0.40712115235597196,-0.61009612572825656,0.56279284516572659,0.24502582167746426,0.10075845690082597,-0.26083789282657838,-0.0027377842426616846,-0.0014627485733521835,0.0021555779798551312,0.022955440580809974,-0.026126889969026627,-0.07338048238816465
10.249,268473.617713963,1,342,1,343,268473582873000,268473.58437750506,411062e656670e83,0.19236730482928752,0.22203683171391875,-0.084602468041847678,0.17882502822336988,0.83912905784067537,-0.070661860098943513,0.50881331380789252,0.20514974486661625,0.25177820781634647,-0.075041049413179836,0.30981985586120014,-0.40975081409684927,-0.71980221804121047,0.46690544456460148,0.29507016194135105,0.3463897790056244,-0.083241729015007815,-0.0027369595222954185,-0.0014622582565558138,0.0021558517609324489,0.021789475098339714,-0.025357978201299359,-0.072803089185372163
93.391,268473.717723296,2,330,1,331,268473182835583,268473.18434008805,411062e4bcc3a5e6,0.072067408873142891,0.13483411941829682,-0.010052880961775021,0.05550880933142438,0.83271365042640544,-0.020940019294522993,0.55051640964149562,0.075950731545665895,0.16729755325013002,-0.001662039476330522,0.37446704680747844,-0.40408070530223905,-0.62806810778642619,0.54956679888736826,0.26526927099913755,0.11195098209895488,-0.25723906965103144,-0.0026582722398474433,-0.0014639174358003551,0.0021814100064136053,0.020974965130159028,-0.023503104220547993,-0.072015147707094371
10.139,268473.717723296,1,345,1,346,268473682882333,268473.68438683805,411062e6bccfe73d,0.22168988996281488,0.25887380249741215,-0.093561067019797731,0.19370163059296319,0.83625911086605786,-0.083409773147031491,0.50615535239210763,0.23567111636850818,0.28814258933298492,-0.084221667824284793,0.29892625784752463,-0.41688548712806822,-0.72829220526448124,0.45435673951452216,0.26401367637046608,0.37719881014474116,-0.064148926951235599,-0.0026575052341665318,-0.0014634671611669493,0.0021816911343507076,0.020230550210584616,-0.023334873234500165,-0.071486701370773148
102.094,268473.817732546,2,333,1,334,268473282844916,268473.28434942104,411062e5232c7ea0,0.099608187283563174,0.14663229955981782,-0.035860805195014667,0.085713657149766087,0.83683586947691802,-0.023566176734794386,0.54018847179610163,0.10538796929628373,0.17857196575081091,-0.026597285590676083,0.36530711843055902,-0.39863472429546432,-0.65234100890182645,0.5311235957051692,0.31545043023957609,0.13180765073672199,-0.24372077927446498,-0.0025776782093644202,-0.0014937834005523552,0.002193861093956619,0.021527970393553759,-0.023207111912710812,-0.074554267555156761
18.543,268473.817732546,1,348,1,349,268473782891708,268473.78439621307,411062e72338c2c9,0.2477484119163488,0.29594388019034867,-0.098791511550886585,0.20211222431442893,0.83038417637931539,-0.086329333187556534,0.51201569101482836,0.26211194799843562,0.32494939797028277,-0.08921394810796876,0.30100570226963719,-0.42309381284579989,-0.73008518705642778,0.4442553459144265,0.25850758784628902,0.36608149615742891,-0.042546660846270408,-0.0025770390719601745,-0.0014936813081014623,0.0021939704811548603,0.021955423327240452,-0.024229668152614951,-0.074442906260346636
104.184,268473.917742005,2,336,1,337,268473382854291,268473.38435879606,411062e589955a2c,0.12943589285458884,0.16407615601886996,-0.058591450936951298,0.11728707553951956,0.83661409764498507,-0.037454510515354505,0.53377692567924839,0.13748222500486043,0.1954315315291979,-0.049028087642564055,0.35095293607973638,-0.40392161141329919,-0.67450997019439252,0.50864100168847581,0.33109154172569444,0.22093694723740021,-0.19408607218379617,-0.0025305721954213237,-0.0015706839062536659,0.0022172381392960199,0.02599510803006207,-0.025533855792675468,-0.07677118148994852
12.284,268473.917742005,1,351,1,352,268473882901041,268473.88440554606,411062e789a19b83,0.27113342011895847,0.33376478162259621,-0.097501956091706102,0.21902528841190366,0.82514181120032282,-0.10244543284094074,0.51056233796437178,0.28685111220098236,0.36215587693584744,-0.088214286066604766,0.28858222345155715,-0.43346194012369316,-0.73833761718330704,0.4285890920497577,0.20049427700644881,0.37832187739271633,0.04611800187746088,-0.0025302011190162328,-0.0015710444875715794,0.0022174133151297779,0.026801148566628758,-0.027673344643938176,-0.076576719523289066
103.591,268474.017751296,2,339,1,340,268473482863666,268473.48436817108,411062e5effe35b8,0.16150267605673116,0.18902132753734929,-0.074320952740876634,0.15260848273160221,0.83357621297889539,-0.056276345029302927,0.5279151204092799,0.17211772912877835,0.21955538957488199,-0.064607423221061208,0.33349896746854713,-0.41308573573227042,-0.69733786728574632,0.48151688701571893,0.34909942268057831,0.28191115021581131,-0.12436760634920661,-0.0025203242459947307,-0.0016339675793287252,0.0022257437553063085,0.028546112441753695,-0.027170286552345397,-0.076951677186983175
10.229,268474.017751296,1,354,1,355,268473982910458,268473.98441496305,411062e7f00a79e0,0.29091116686558144,0.37336567989726033,-0.091328907309539353,0.23315022689878367,0.81399102828519898,-0.12353215677044435,0.51749341737298682,0.30783807208601416,0.40120090382238283,-0.082494817618836952,0.27857267148508719,-0.45327351833091634,-0.7404406627004454,0.41071645852254235,0.20639076711484736,0.39829618063604633,0.066830465617504775,-0.0025203571465227908,-0.0016345043226764716,0.0022260394158093266,0.028996195768213093,-0.029002855133567016,-0.076617770820981243
103.225,268474.117760671,2,342,1,343,268473582873000,268473.58437750506,411062e656670e83,0.19438000127280164,0.22091504083829272,-0.085451633259263138,0.17830533451198771,0.84001045087172777,-0.069887521008646147,0.50764696170723922,0.20713393597442492,0.2506669828342154,-0.075885022100415797,0.30954266081063925,-0.40837853823205023,-0.72005797807609506,0.46789616247484822,0.30496815910187813,0.34534773970509758,-0.085091444025880411,-0.0025011302864844202,-0.0017097009781420274,0.0022162083134032113,0.032942945451209626,-0.028236710890546617,-0.079161913575317794
10.169,268474.117760671,1,357,1,358,268474082919708,268474.08442421304,411062e856734d08,0.311067752643786,0.41368172432000738,-0.083578783216147284,0.23486095725563338,0.81523783438834829,-0.12576941418600002,0.51420784883795179,0.32820648846620343,0.44142642310404823,-0.074869226639671799,0.2746674439080149,-0.4525322504492616,-0.7425319567312757,0.41038841454552188,0.18689814581605346,0.41031170023861752,0.082261212175244361,-0.0025014696566043352,-0.0017101982767470897,0.0022163377330424176,0.033909770014247442,-0.02966455984653495,-0.078790457664209806
103.481,268474.217770005,2,345,1,346,268473682882333,268473.68438683805,411062e6bccfe73d,0.22311146560190376,0.25718004056392085,-0.092972666017395442,0.19268958160898231,0.83720365486274451,-0.082281559551921596,0.50516389775398807,0.23702572954133641,0.28647804358326406,-0.083624873226101848,0.29902296103082765,-0.41538665538636432,-0.72824447203147158,0.45574025964236392,0.27344499117899351,0.37857538846016342,-0.060109161690500582,-0.0024905773264691788,-0.0018031867461075018,0.0021713387271425507,0.037268107049669784,-0.027965774052383673,-0.080663179372980093
10.163,268474.217770005,1,360,1,361,268474182929166,268474.18443367106,411062e8bcdc2e26,0.32867872073773058,0.45660550931523991,-0.073673095931513832,0.23748273516259422,0.81677270025056636,-0.13441416996254618,0.50834750983048171,0.34632554116501235,0.48417807322498141,-0.065444827570729072,0.26441079329737427,-0.45450113037594031,-0.74547114764923805,0.40961985168857951,0.1518350152078651,0.43129971856614835,0.11531267395839395,-0.0024908883721701728,-0.0018036509362918602,0.0021711369668357709,0.038618888001668919,-0.028234381907433798,-0.080338510849003134
103.128,268474.317779338,2,348,1,349,268473782891708,268473.78439621307,411062e72338c2c9,0.24910515177196291,0.2946979806128599,-0.098316175841001094,0.20092712959490194,0.83120769972827202,-0.084979881912308763,0.51137121681596287,0.26338010115726451,0.32374093005887339,-0.088719621277514218,0.30150419632766512,-0.42168389465938638,-0.72982951749521707,0.44567565333367609,0.26742601754800271,0.36812484201368312,-0.038071237691772959,-0.0025091955725977718,-0.0018659098102598102,0.0021531801576347032,0.041255219033082664,-0.02716887012238119,-0.08037802472787263
9.867,268474.317779338,1,363,1,364,268474282938375,268474.28444288007,411062e92344fe8e,0.34620327788661281,0.49924297274604917,-0.062989207238755271,0.224902702897252,0.82038703789324241,-0.12340458424614045,0.51103350583477347,0.36287683262584086,0.52736151076181126,-0.054580798103805277,0.27409503174671279,-0.44861546380328532,-0.7391314443521787,0.4210710001629106,0.15396985076346273,0.4227907295279778,0.11342935208131225,-0.0025095215967439674,-0.0018664268295376409,0.0021529043320300009,0.042471481357888662,-0.026825387589102846,-0.080152708082259758
94.636,268474.417788755,2,351,1,352,268473882901041,268473.88440554606,411062e789a19b83,0.27279281600244237,0.33306464440442535,-0.097862859795964846,0.21783735675783356,0.82582373435552969,-0.1012830496325253,0.51019980678697197,0.28842426720898207,0.36149926247195463,-0.088562796328551949,0.28914780423158615,-0.43238366284944313,-0.73797981515194255,0.42991127903005327,0.20890398755717712,0.38198492154220609,0.047718506593502449,-0.0025175938332108409,-0.0019109485086748882,0.0021279842650707959,0.044032385517983247,-0.026034870184840811,-0.080334735624697451
10.063,268474.417788755,1,366,1,367,268474382947750,268474.38445225504,411062e989adda19,0.36129454209022427,0.54115234110531629,-0.052477087957539172,0.2158877398220832,0.82632776405205466,-0.11562478699786652,0.50715468251355289,0.37737001816874233,0.56961451132703944,-0.044060147475080566,0.27685343679037333,-0.44037157435865371,-0.73695763063948605,0.43164626915620913,0.12242206683247557,0.41619296440488929,0.11028989254230517,-0.0025177717552606945,-0.001911391178829251,0.0021276099995791004,0.045003522502000556,-0.025648912990578743,-0.080128083729857677
92.052,268474.517798088,2,354,1,355,268473982910458,268473.98441496305,411062e7f00a79e0,0.29261846857335588,0.37254177891416895,-0.091781429791708349,0.23167377116611831,0.8146725455727275,-0.12240314219720602,0.5173523279511284,0.30944478295353273,0.40043725689006054,-0.082945231240147688,0.27927124004034637,-0.45237541920706631,-0.73987855635021882,0.41224237583814011,0.21470044785757636,0.40403705928561512,0.066607902693763973,-0.0025231423294517765,-0.0019871961048683134,0.0020665786946904453,0.046389832594286091,-0.026047684456704752,-0.078048313054431578
9.887,268474.517798088,1,369,1,370,268474482957083,268474.48446158803,411062e9f016b2d3,0.37458475858834128,0.57962033769189836,-0.042344720161649065,0.20617798586109393,0.83225115493118618,-0.10278604637938149,0.50426554031000892,0.389837361411633,0.60844779667709459,-0.033644336978228953,0.2838888651124748,-0.42925028205738536,-0.73428026769950461,0.44270057158981657,0.11682834633386904,0.37295081569214339,0.11403723502455347,-0.0025231680177060967,-0.0019874116520349496,0.0020661811882302168,0.046844263228509216,-0.026221206159283486,-0.077413687454204599
91.741,268474.617807421,2,357,1,358,268474082919708,268474.08442421304,411062e856734d08,0.31282170502882972,0.41328462284266992,-0.084233297512264743,0.23361531073627062,0.8157662163218069,-0.12475820762249845,0.51418363426007685,0.32987210516007026,0.44108149567930721,-0.075516723194620966,0.27536535261545947,-0.45180009715829017,-0.74202477409217205,0.41164284206115415,0.1939133956120796,0.41544521656914679,0.079178157142544364,-0.0025406478643326216,-0.0019978177512098762,0.0020925102579671751,0.050162153543775512,-0.026177237984658167,-0.075761138030602151
9.765,268474.617807421,1,372,1,373,268474582966458,268474.58447096305,411062ea567f8e5f,0.38867941637296666,0.61758256695131886,-0.028677202738491801,0.18412678046574915,0.84199478736835931,-0.087426749059579423,0.4994984719908388,0.40245750898141502,0.64714865354829765,-0.01999551860581519,0.29137870186742609,-0.4150187928120746,-0.72557749963238116,0.46518291642974591,0.088900413484282237,0.40481606469688125,0.16907367771260703,-0.0025408912975989095,-0.001997934085044882,0.0020924297983132356,0.050597136005002187,-0.026690365190656665,-0.074899736882112947
90.615,268474.717816671,2,360,1,361,268474182929166,268474.18443367106,411062e8bcdc2e26,0.32968117478849357,0.45593460516609352,-0.073975215993819288,0.23677554379266796,0.81713413428570236,-0.13359553102437555,0.50831234074104237,0.34727054996550838,0.48353901330027615,-0.065730733935479554,0.26496479012552754,-0.4538973969458488,-0.74522666029966778,0.41037548393894274,0.15772416758207888,0.43278406575325484,0.11193543070810837,-0.0025426245319992288,-0.0020097505968910655,0.0021205660292354942,0.052358527540030043,-0.02655863345828904,-0.073470216920898876
9.561,268474.717816671,1,375,1,376,268474682975833,268474.68448033807,411062eabce869eb,0.39690016001401712,0.65602281049910827,-0.0096603428891934816,0.15761423054292445,0.84092486352360651,-0.095618812427543193,0.50878308163754049,0.40947410369088366,0.68644063773654618,-0.002176181043604372,0.29215124872932724,-0.42737666648452799,-0.70607374590834859,0.48317356938208061,0.048683301682859288,0.39516621941308222,0.16956210036106986,-0.0025428897337402183,-0.0020098369723582183,0.0021207203707475169,0.052491932911372004,-0.027129711021551591,-0.072606376982760054
96.931,268474.817826088,2,363,1,364,268474282938375,268474.28444288007,411062e92344fe8e,0.34693630905545542,0.49843536438512798,-0.062802813894455259,0.2245009797063669,0.82066222258947819,-0.12274788596702552,0.51092644894200334,0.36357190131408124,0.5265710893424792,-0.054376723265009599,0.27448368688787739,-0.44807540735644802,-0.7390419681269117,0.42154964630739739,0.16101783674079806,0.42217574075495118,0.1107690178520085,-0.0025504748897261617,-0.0020093999218417386,0.0021452218988080658,0.054538573355365813,-0.027511846484469034,-0.07080859593409923
16.694,268474.817826088,1,378,1,379,268474782985125,268474.78448963002,411062eb23513fe4,0.4009880040142027,0.69256449661236508,0.0095813432550566711,0.13894410263649287,0.83670032660875071,-0.108919161460999,0.5184243139306477,0.41291020797610095,0.72351814206595166,0.01583384977573736,0.28956386253791411,-0.44359881378007304,-0.68988477359095079,0.49338814445869966,0.034513311404566926,0.36100234314528501,0.1933662751785894,-0.002550873970018225,-0.0020094471098241885,0.0021455094623365608,0.054608770594529552,-0.028284062436127678,-0.069960174438431069
96.024,268474.917835296,2,366,1,367,268474382947750,268474.38445225504,411062e989adda19,0.36245797959249426,0.54015971945787045,-0.052114789291029938,0.21588842894619997,0.82646027217928819,-0.11513636912915146,0.50704957792381056,0.3785192689101366,0.56862291030690171,-0.043674249965061786,0.27712448020204239,-0.43995189061465823,-0.73705181531664532,0.43173947926472223,0.13069343427273047,0.41294773538862439,0.10819824815544743,-0.0025713939877391478,-0.0019890732629035466,0.002181716979993364,0.055528691427328684,-0.028581556679966071,-0.070091073930164977
9.366,268474.917835296,1,381,1,382,268474882994541,268474.88449904602,411062eb89ba1e30,0.40443279384230607,0.72453710033363428,0.031675233680808601,0.11969445805720424,0.83612134312035069,-0.11845208203400459,0.52205698325307615,0.41563963894319128,0.75596655570005278,0.036770026141907927,0.28539175497893071,-0.45290829142576533,-0.67586381659570727,0.5065902951740433,0.018793562983717843,0.26576136732175532,0.20815473385491567,-0.002571880292412166,-0.0019890912359537679,0.0021820629769970607,0.055613356040412079,-0.029366199464313361,-0.06971681101213556
95.182,268475.017844713,2,369,1,370,268474482957083,268474.48446158803,411062e9f016b2d3,0.37691711169487097,0.58039464055040979,-0.042132189385446175,0.20687539580420511,0.83212139379151906,-0.1026718383436607,0.50421731766067535,0.39219957191134086,0.60919743931341219,-0.033402576271647555,0.28393552382540699,-0.42913542622156653,-0.73468165600707291,0.44211567332354457,0.12429530062426949,0.3710358930891326,0.11277636954783658,-0.0026052146012864996,-0.0019523687084853022,0.0022198609453947232,0.057458414896410487,-0.029896831343560141,-0.070191173411483718
9.258,268475.017844713,1,384,1,385,268474983003750,268474.98450825503,411062ebf022ee98,0.4051506127362427,0.74801435318483467,0.054163911189119424,0.12166122651623373,0.83504407454602969,-0.11907522125627265,0.52318360488778748,0.41646387004019142,0.77939705860483999,0.059311431141719995,0.2857477707975053,-0.45414555916027122,-0.67649278797931467,0.50443783600284697,0.024548974561541877,0.17570508740006505,0.22798751299606551,-0.0026057813695025442,-0.0019523816408639249,0.0022201672165704837,0.057931574264276149,-0.03037499895891459,-0.07008168077662133
94.543,268475.117854088,2,372,1,373,268474582966458,268474.58447096305,411062ea567f8e5f,0.39175598098657005,0.62024842141907366,-0.028907606006506222,0.18515642493810119,0.84169895378898385,-0.087553807048328047,0.49959418889584328,0.40558665437297386,0.64978121919479892,-0.020196275385795267,0.2913565403751705,-0.41517631844593439,-0.72609638227710793,0.46424566193599232,0.094678095823106184,0.40450952390703121,0.16923929288700779,-0.002668541767630545,-0.001882131111384491,0.0022662332393873974,0.061032658068338727,-0.030331764852597424,-0.069336362009720945
9.186,268475.117854088,1,387,1,388,268475083013083,268475.08451758802,411062ec568bc752,0.40650994741398577,0.76467242849058714,0.078635191513343097,0.12805894981911853,0.83673272913530505,-0.10240302415623101,0.5224872431180948,0.41758860249067403,0.79593298898675802,0.084912269744782568,0.29704439199415406,-0.44186413373080685,-0.68221072046996545,0.50110802167097424,0.020953205001862252,0.13376949039201763,0.28621188558690291,-0.0026691069070185255,-0.0018821324041044464,0.0022664922180765839,0.061839323243926686,-0.030035292675869307,-0.069381644882228852
94.740,268475.217863380,2,375,1,376,268474682975833,268474.68448033807,411062eabce869eb,0.40084835758188153,0.6620881011045161,-0.0103723283251878,0.15879252139207783,0.8404575884202663,-0.096029529883042336,0.50911134324394969,0.41348940101332166,0.69247224510149386,-0.0028644147333859679,0.29209294364083854,-0.4278992035764555,-0.7065765099503668,0.48200997856914146,0.052108230584779702,0.39949501192500342,0.17213146894338072,-0.0027179690877503068,-0.0018391264981797988,0.0022752344114008987,0.065218002381408569,-0.0292977305875066,-0.069134779875985639
9.413,268475.217863380,1,390,1,391,268475183022500,268475.18452700507,411062ecbcf4a5b0,0.40913087422584049,0.77788383479182255,0.10868916967708701,0.12902856296230425,0.84415763526401777,-0.085842318640127896,0.51320626097925892,0.41984553528818153,0.80909722226861913,0.11578010984811604,0.30219193362242525,-0.42359130163886616,-0.68814654181399615,0.50567260299413996,-0.0044176531561422351,0.048365385674917868,0.34100490129055899,-0.0027181837051239114,-0.0018392372354624851,0.0022753986723057563,0.066407795972598563,-0.028147694675458364,-0.069117231930657816
95.044,268475.317872755,2,378,1,379,268474782985125,268474.78448963002,411062eb23513fe4,0.4055160743343737,0.7023985289982877,0.0088540365083515423,0.14020024560751287,0.83608904337925305,-0.10955305502884088,0.51893851660778312,0.41751546511492799,0.73331869446654674,0.015124518170682711,0.28947922829970119,-0.44441064039875167,-0.69034075827496344,0.49206767476408103,0.034949182095377812,0.37146997477797827,0.19749764243170531,-0.0027591683951934025,-0.0018042965868083373,0.0022807895858347159,0.069890035476584469,-0.026765251904729233,-0.069824752530646544
9.256,268475.317872755,1,393,1,394,268475283031750,268475.28453625506,411062ed235d78d8,0.40974449386753242,0.783424666762077,0.14347155213804474,0.13354149159908618,0.85470146766065969,-0.067939678987733509,0.49702748860775242,0.42037346158183481,0.81444373110565371,0.15148426981333832,0.30341089183417475,-0.39949210472554209,-0.69879327936016578,0.50993709582595825,-0.0011593232534789903,-0.037854399147757165,0.3810817212281688,-0.0027590148909781014,-0.0018044513267806486,0.0022809681818048567,0.071123730117275505,-0.025106272420466196,-0.069759728067176258
88.477,268475.417881963,2,381,1,382,268474882994541,268474.88449904602,411062eb89ba1e30,0.40878128093564253,0.73613194961319539,0.031228993333398097,0.12087616059700207,0.83551906777956608,-0.11919224713454807,0.52258023557305511,0.4200669240967938,0.7675316489520333,0.036333314232043203,0.28523837448494843,-0.45380166242751674,-0.67627353348643238,0.50532883235075943,0.016508449222965356,0.27938747701126621,0.21069400723209514,-0.0027635586807684626,-0.0017770673362233643,0.0023012490422196553,0.071502125163061397,-0.024731384168250069,-0.068894303767397302
9.382,268475.417881963,1,396,1,397,268475383041166,268475.38454567106,411062ed89c65724,0.41036962079520561,0.77946458374988237,0.18099051816932829,0.1334961259203285,0.86786126416004494,-0.06336867815171246,0.47432064510895744,0.42124674017251496,0.81041324097967904,0.18894223758659351,0.29058691484599281,-0.38020375653343302,-0.70806658207810569,0.5192745553003566,0.011572638980127533,-0.037012072653864289,0.38489475994879319,-0.0027632618638975207,-0.0017772031564192749,0.0023014887894649322,0.072114009076120797,-0.02347938835267541,-0.068626115572516508
89.118,268475.517891338,2,384,1,385,268474983003750,268474.98450825503,411062ebf022ee98,0.40924226378936879,0.75957219599434633,0.053641046531564776,0.1226624806729818,0.83453071568849468,-0.1199097708529975,0.52357817035669185,0.42063000391441357,0.79092856223819463,0.058784841122398852,0.28543665504538657,-0.45501467473491225,-0.67683778204471834,0.50336684289806921,0.023040325737947037,0.18992223640360828,0.22704856526492267,-0.0027408894108569841,-0.0017407503827680363,0.002294712728296329,0.071350147027392785,-0.024013492003943909,-0.064693257024415515
9.286,268475.517891338,1,399,1,400,268475483050458,268475.48455496307,411062edf02f2d1e,0.41264475168150916,0.7747251467821602,0.22286804751864642,0.12255726062930627,0.87198636601417845,-0.091837478892263624,0.46495744540293221,0.42397551783448822,0.80597603634740278,0.22872949714600965,0.26383565149611671,-0.39371345622414872,-0.70324852387467118,0.52992638833686234,0.016888760373228302,-0.093663031371214525,0.37456758670481388,-0.0027406442099223135,-0.0017408896919492893,0.0022948249590723779,0.071704474626104145,-0.023310944126778584,-0.063950651300647657
89.376,268475.617900588,2,387,1,388,268475083013083,268475.08451758802,411062ec568bc752,0.40963893736668455,0.77356795378632481,0.078147218898503165,0.12861435777961433,0.83649504333237013,-0.10301711418988735,0.5226106742593204,0.42076522905406843,0.80481398367535573,0.084412376632162958,0.29669744377329776,-0.4423856399409592,-0.68243538395613257,0.50054721970765648,0.022501201135468531,0.14559474426325275,0.28214682666999913,-0.0027090251447317716,-0.0017409872980767552,0.0022839396928677549,0.069189852734763954,-0.023062988762609263,-0.061773454581318041
9.376,268475.617900588,1,402,1,403,268475583059833,268475.58456433803,411062ee569808a9,0.4185765417778487,0.76082411816381001,0.25791216625140284,0.11649297259672059,0.88249976829038546,-0.095731593392709369,0.44548744263106793,0.42997333948305083,0.79217427739126167,0.2630737038562958,0.24731472617598821,-0.38269964029746095,-0.70639452264290625,0.5416485852587366,0.074311575340213792,-0.15638946862313818,0.30524232992022177,-0.0027089219193793686,-0.0017408859990576332,0.0022837937563303301,0.068556289599299366,-0.022953594625113535,-0.06131363723193009
89.627,268475.717910046,2,390,1,391,268475183022500,268475.18452700507,411062ecbcf4a5b0,0.41194840833277308,0.78320976792138697,0.10804410036811041,0.12934619505727241,0.84411986765152869,-0.086185422154275687,0.51313091612252437,0.42269237230319512,0.8144150826033113,0.11512622757474497,0.30189604594967034,-0.42378063559620699,-0.68834443588210514,0.50542129745765152,6.3630650700481899e-05,0.054573894920960549,0.33551662265458099,-0.0026976660649836084,-0.0017480157497317755,0.002281298445475232,0.066730817968322018,-0.022264400609488484,-0.0624969479721409
9.684,268475.717910046,1,405,1,406,268475683069083,268475.68457358808,411062eebd00dbd2,0.42395787846343158,0.74238153146611918,0.28823775493419124,0.12064889247370647,0.89087889180861157,-0.086335204603435606,0.42933079383302031,0.43553528694014143,0.77359260243830763,0.29382287925680267,0.2425345006083838,-0.36463091462029207,-0.71525813659430082,0.54463484111233629,0.015005882748285692,-0.20252343927647534,0.31913542696967778,-0.0026976773265366379,-0.0017476180357919881,0.002281040652604711,0.065483804369975321,-0.022307013253779883,-0.062746210854944917
90.021,268475.817919380,2,393,1,394,268475283031750,268475.28453625506,411062ed235d78d8,0.41252632263808903,0.78453221916916138,0.14267823442944541,0.13366511844054313,0.85477245568957683,-0.068095336875147267,0.4968508462456579,0.42316998304885861,0.81554802807515392,0.15068404750081851,0.30317592008060917,-0.39947726646159043,-0.69893089285106569,0.50989987456564811,0.0054335393061048544,-0.038521710188939136,0.37650514524259987,-0.002715445013100021,-0.0017656364369111363,0.0022709525445161836,0.065413122642860436,-0.021451874529547093,-0.066579756426706937
9.940,268475.817919380,1,408,1,409,268475783078416,268475.78458292107,411062ef2369b48c,0.42513209168116073,0.72313232246277281,0.31923775488835193,0.13163683506560581,0.89647455362871709,-0.090599094496766591,0.41327590740200337,0.43765402834471662,0.75400948434462001,0.32463802601883218,0.22816695646629107,-0.35629342123337659,-0.7269845154185498,0.54082192291398645,0.040708057243856482,-0.2042623297978016,0.31424890932971128,-0.0027153773755954876,-0.0017650751764429406,0.0022706580145204799,0.064226949650331058,-0.021071850171110566,-0.06742525572140462
90.342,268475.917928671,2,396,1,397,268475383041166,268475.38454567106,411062ed89c65724,0.41307067832165462,0.7795484335968228,0.18024356921080836,0.13325198728857435,0.86798631212039556,-0.063230917297731198,0.47417884196308102,0.42393301339101969,0.81050279825527349,0.18819328224959783,0.29058405651405828,-0.3800060749386176,-0.70798237225902072,0.51953560963621137,0.017477173263215909,-0.040124341470918541,0.38258821310220731,-0.0027281213241893026,-0.0017874495766992901,0.002255378936744554,0.064429817538093279,-0.020521833642131032,-0.070426713178149539
9.582,268475.917928671,1,411,1,412,268475883087708,268475.88459221303,411062ef89d28a85,0.42782127371535666,0.70306148685820857,0.350974138723322,0.13853529322523306,0.90242436282800931,-0.087618516980002031,0.39844860471604793,0.44084331092731077,0.73371030978773399,0.35649112629369734,0.21979005698718063,-0.34370134871850327,-0.7360696121528193,0.54015112681901534,0.043045217569974037,-0.19416782394335855,0.31509907811966309,-0.002727886294774193,-0.0017869173299104254,0.0022551129572668388,0.063661888017903456,-0.019771004422243315,-0.071497725830487274
90.478,268476.017938046,2,399,1,400,268475483050458,268475.48455496307,411062edf02f2d1e,0.41217204042801137,0.77525570480598582,0.22411963664685489,0.12219803766261034,0.87204690132088647,-0.091397297519144521,0.46502519147539134,0.42346897009281226,0.80651610940089813,0.22999564181001872,0.26419481042767995,-0.39345010470450559,-0.70303731981045636,0.53022320225054842,0.0083322542062489145,-0.097117114052202302,0.37992394532422685,-0.0027686075748393477,-0.0018212250172507253,0.0022887079567902834,0.067624369594382103,-0.02074706885861595,-0.081817275574728107
9.557,268476.017938046,1,414,1,415,268475983097041,268475.98460154602,411062eff03b633f,0.42518193346973232,0.68950271847098077,0.38836687118107671,0.1343145403479799,0.90423737202823085,-0.082399127450781678,0.39689396101026719,0.4378551056470506,0.72026770596218204,0.39404729401717548,0.22238142354131338,-0.33891138400949394,-0.73436708031672926,0.54441764078654808,0.00060840820525051749,-0.15065077734155205,0.3239447998840318,-0.002768495311353075,-0.0018211345856166191,0.002288850683491423,0.067967445973806759,-0.020715321089306515,-0.082413830190675441
91.096,268476.117947380,2,402,1,403,268475583059833,268475.58456433803,411062ee569808a9,0.41515763953335583,0.76418054750342312,0.26278395842777297,0.11606998978233907,0.88257090579496955,-0.095123149887271802,0.44558724542358541,0.42651201307721526,0.79554221590349572,0.26796902434413272,0.24781553192269792,-0.38233997700973682,-0.70614573044503925,0.54199798107770314,0.055446621576427012,-0.15642721496541587,0.31807332789615927,-0.0027550920112105123,-0.0018713439218405164,0.0023225867391706016,0.068214383931349723,-0.023482392541736067,-0.091254452344771433
9.894,268476.117947380,1,417,1,418,268476083106333,268476.08461083804,411062f056a43939,0.42371396991862448,0.67796689900821272,0.42176961054679396,0.13463678751191527,0.90102571768462703,-0.079164519709316011,0.40467100656094412,0.43621068508313848,0.70874175752789603,0.42777803339784892,0.23016783804909532,-0.34212337250204644,-0.73232396096073626,0.54191879513300656,0.0089526742143218319,-0.1008832384276737,0.22492304331015134,-0.0027553853610119412,-0.0018714754861101153,0.0023228462749719848,0.068601918040832988,-0.024770331836914856,-0.09151568314458583
6.059,268476.217956671,1,420,0,421,268476183115625,268476.18462013005,411062f0bd0d0f33,0.42539349075253491,0.66937005790842541,0.43790065731417832,0.13663169893617855,0.90800159763058874,-0.064038639885660914,0.39085033370868061,0.43780054543442831,0.70003427621173087,0.44461866758019697,0.23109075872486282,-0.32165506935751537,-0.73866726820246054,0.54544087165786703,0.019683999811756895,-0.061500862609974428,0.1370189348111068,-0.002755415800718493,-0.0018714969447786594,0.002322838409758081,0.068636142209170053,-0.024815744475824686,-0.091514118206302647
6.151,268476.317965963,1,423,0,424,268476283125000,268476.28462950507,411062f12375eabf,0.42410223353986826,0.66253417947167514,0.4526064936484927,0.13190631977834028,0.90744792057022861,-0.057715466290594375,0.39472518594414746,0.43602408047797764,0.69332134608651552,0.45963364736681639,0.2383018517524885,-0.31992384476767993,-0.73493441185162467,0.54839071042159993,-0.056388573566066365,-0.096095378604275042,0.14801633826505778,-0.0027554841764944877,-0.0018715844937412073,0.0023228347041104476,0.068781711921618582,-0.024923690327984437,-0.091463718885333944
6.459,268476.417975338,1,426,0,427,268476383134333,268476.38463883806,411062f189dec379,0.42265004364114378,0.65255419817970561,0.4661476183650714,0.12680731828680408,0.90313606641380928,-0.064632568312352173,0.40507756528513117,0.43431770957442856,0.68352225011006007,0.47279639895061748,0.24073095957554008,-0.3321352118219506,-0.72827993218323839,0.54894730762524502,0.0092466500396789011,-0.12004628830259835,0.10594879940678088,-0.0027556274550459533,-0.0018716786959874032,0.002322787221909569,0.069054309922919874,-0.025250499183025417,-0.091445116473341137
132.668,268476.517984546,2,405,1,406,268475683069083,268475.68457358808,411062eebd00dbd2,0.41797876457471395,0.74621744268275059,0.29420615689235013,0.12044041784629717,0.8909767940403337,-0.085944190718273056,0.42926461247682546,0.42953452135748643,0.77743375540436943,0.29980680482005495,0.24276419188625567,-0.3643076287734035,-0.71517995010557878,0.54485148226126279,-0.0068571416491610675,-0.1982077181299633,0.33274293168990399,-0.0027111087496712685,-0.0018268282929487087,0.0023212061736639774,0.07203333923203703,-0.027471570552749364,-0.089319958647460188
116.359,268476.517984546,2,408,1,409,268475783078416,268475.78458292107,411062ef2369b48c,0.41919483955866793,0.72676348648972144,0.32579807720830634,0.13159264437793783,0.89660693179334383,-0.090302101071589785,0.41306775420054798,0.43170906825268646,0.75764156982116182,0.33121093245641958,0.2282297759892552,-0.35593622863769497,-0.72704687337986396,0.54094677594346852,0.024372884935082849,-0.19900477951570622,0.32842443520488929,-0.0027112060370579412,-0.0018268447266297577,0.0023212767475750337,0.072857327101611705,-0.028552505482429637,-0.088746016766208982
12.194,268476.517984546,1,429,1,430,268476483143708,268476.48464821302,411062f1f0479f04,0.43024432059631385,0.64001518883302388,0.47591424048512876,0.10554849241353081,0.90517372110341299,-0.048865776206444361,0.40881810075050895,0.44023930001043238,0.67147612888033714,0.48296197698824139,0.25452472281702326,-0.32363136442539747,-0.71468851205853468,0.56542040657074866,0.025026047705799141,-0.13905641850970318,0.12415465104410568,-0.0027118277582368097,-0.0018272105696632919,0.0023211566580613251,0.075512924996000153,-0.030527636950204152,-0.086660421659013456
116.460,268476.617993796,2,411,1,412,268475883087708,268475.88459221303,411062ef89d28a85,0.42093716730120695,0.70550574364151797,0.35666750262745456,0.13823882901381623,0.90260140075567341,-0.087277422258318721,0.39822536619759485,0.43393693499242092,0.73616258690286485,0.36219244182986021,0.21987339390547234,-0.34330230486817093,-0.73598516501997269,0.5404859433835576,0.034369592137297594,-0.18783402416004377,0.32766460729418673,-0.0027348994627584703,-0.0018762509132675804,0.0022541931536620092,0.075931783666050731,-0.030654884729211108,-0.08265084702538128
9.953,268476.617993796,1,432,1,433,268476583152958,268476.58465746307,411062f256b0722d,0.43387383197804363,0.6197631656186684,0.48725331855868464,0.080961667703878526,0.9030850574421514,-0.047655284177469254,0.41906039479979251,0.44228292917042666,0.6517862318969756,0.49382380275018856,0.26262306530097235,-0.33001781271037256,-0.69582609384185656,0.58132900838902468,-0.014025153371144912,-0.25076186394130651,0.15443758865868726,-0.0027358343205931644,-0.0018768503975743174,0.0022538863302755518,0.0784441874404182,-0.031589335628920016,-0.080431898517654477
116.564,268476.718003255,2,414,1,415,268475983097041,268475.98460154602,411062eff03b633f,0.42319020593329559,0.68887134377649795,0.39006972237135384,0.13387352754361115,0.90443804042180043,-0.082212803902299042,0.39662427780962439,0.43583779625538149,0.71964789632917436,0.39574451082411821,0.22232247936756183,-0.33858893855349959,-0.73419713115855445,0.5448713779008979,0.0057874832251921058,-0.14816645783934607,0.32992028167648157,-0.0027461760980201787,-0.0018947367657847819,0.0022421662077802221,0.077538657572208722,-0.031235468449896543,-0.079427341188473485
9.775,268476.718003255,1,435,1,436,268476683162291,268476.68466679606,411062f2bd194ae7,0.43367396092126298,0.59010889391079957,0.50173788156462396,0.067191491511155887,0.89932050108356965,-0.039447102939827922,0.43029282945621838,0.44089066001395733,0.6223762829442625,0.50852727116423158,0.27636965626436516,-0.33215628275392506,-0.68342716587842567,0.58840404983548011,-0.032125698230556832,-0.33401169613195197,0.17615519425263376,-0.0027468871106863892,-0.0018954320353804558,0.002242060180383212,0.079337738107422326,-0.03135444102265831,-0.077112737262880149
117.492,268476.818012463,2,417,1,418,268476083106333,268476.08461083804,411062f056a43939,0.42320756879775007,0.67589551580117013,0.41776058649277004,0.13402630964594647,0.90115026501005091,-0.079223434915102198,0.40458478563551642,0.43567348589093791,0.70668710077220698,0.42374725150459275,0.23006521130924934,-0.34210406444303648,-0.73198035618947332,0.54243853641635487,0.018999230055236696,-0.096569936623267266,0.22064525370498145,-0.0027340906919031916,-0.0019237074077526411,0.0022081727549049836,0.07729546549450296,-0.031767312483292148,-0.077099422748054786
100.946,268476.818012463,2,420,0,421,268476183115625,268476.18462013005,411062f0bd0d0f33,0.42543385386428206,0.66939734592829225,0.43792253363200995,0.1366326746417047,0.90800439003937117,-0.064040298104437038,0.39084323368923601,0.43784111060040004,0.7000615240194874,0.44464035427877646,0.23108456571539046,-0.3216512214234632,-0.73866993266156955,0.54544215626102477,0.020570502444758516,-0.060907564984939377,0.1375129914844363,-0.0027555195734150933,-0.0018715881814097863,0.0023228108495069576,0.068899045939901649,-0.025085781504126152,-0.091470031827181636
88.377,268476.818012463,2,423,0,424,268476283125000,268476.28462950507,411062f12375eabf,0.42417686201238225,0.66258068969919226,0.45267843960767257,0.13190253836411497,0.90744839039423431,-0.057728250409569748,0.39472350001126971,0.4360988614270821,0.69336799747190647,0.45970471614867714,0.23829161988097125,-0.31993169237011965,-0.73493207020378626,0.54839371650090152,-0.055565470901969789,-0.095568056700070084,0.14871321225289233,-0.0027556016134037717,-0.0018716570914852338,0.0023227923843163263,0.06901950531947329,-0.025213867438865237,-0.09145085046198774
10.223,268476.818012463,1,438,1,439,268476783171666,268476.78467617102,411062f323822672,0.43151059219901478,0.55345724231253668,0.51689039618849808,0.057321981483042184,0.89238070216589893,-0.033335596161632008,0.44638510737006415,0.4377304995955702,0.5858829843963409,0.52390787110897241,0.29207010257038407,-0.33921375351764127,-0.67154118985204292,0.59047566837347398,-0.040593824123830266,-0.38119516465340197,0.15681428700434691,-0.0027345778434997793,-0.0019243043057826229,0.0022078299163517182,0.078130057924632679,-0.032103843760185366,-0.074959977727002372
91.869,268476.918021796,2,426,1,427,268476383134333,268476.38463883806,411062f189dec379,0.42596240060224932,0.6521292471426805,0.45957866223693511,0.12595492875721814,0.90332613687882701,-0.064714041701746605,0.40490664649082214,0.43758754250797877,0.68311987228384397,0.46619668165350814,0.24055249135567325,-0.33207196437127229,-0.72781160189383354,0.54968443813693268,0.027973386449730808,-0.11217060363869515,0.096607274412111671,-0.0027200879528544368,-0.0019408601736573634,0.002164423750113735,0.076505714663324578,-0.032758136723270888,-0.07268940848847695
9.592,268476.918021796,1,441,1,442,268476883180958,268476.88468546304,411062f389eafc6c,0.42935054579704507,0.51502867694683596,0.52907698431183203,0.053518586672111457,0.88647331413441122,-0.023559548787621176,0.45907061012612943,0.43485164310908236,0.54745725083686025,0.53665896794339762,0.30795281656074319,-0.34127104909311479,-0.66467462963623225,0.58898792053923099,-0.020956750798532143,-0.3410635534196314,0.10874828351669681,-0.0027202628574107789,-0.0019409053301463514,0.0021641105866497161,0.076472744317041111,-0.033017092234048404,-0.071968494907721212
94.646,268477.018031130,2,429,1,430,268476483143708,268476.48464821302,411062f1f0479f04,0.4307811553729366,0.63840833476124292,0.46923302137681083,0.10425914593403685,0.90529529737673087,-0.048586433521600664,0.40891303076181496,0.44069433793267615,0.66989904901457376,0.47626329017102798,0.25478937357144227,-0.32350096497687164,-0.71386277384884977,0.56641807959044799,0.035547223392238717,-0.13639421248843842,0.11427262281377594,-0.0027164809331579796,-0.0019580722065454179,0.0021350486701548232,0.074953779020006731,-0.03201911295220744,-0.069571333918306541
9.368,268477.018031130,1,444,1,445,268476983190208,268476.98469471303,411062f3f053cf94,0.43201539193358257,0.48175081992329094,0.53202739977957914,0.044618888358767039,0.87954565879076096,-0.055286864869740743,0.47048061032236943,0.43780904401393622,0.51453649578936689,0.53758563740881171,0.29358630510456746,-0.37177373714416989,-0.65348300083490074,0.59038236545879197,0.040090019867827266,-0.34436475663220917,-0.066295248898058615,-0.0027166351927019128,-0.0019580460768451771,0.0021346866663172624,0.074604519292908317,-0.031808319199822278,-0.068946890690544702
91.856,268477.118040505,2,432,1,433,268476583152958,268476.58465746307,411062f256b0722d,0.43352941131066475,0.61786882790454067,0.48576264398853419,0.07980709580792944,0.90329676643617507,-0.047033738577159895,0.41889576251448235,0.44185760682260339,0.6499125347831799,0.49233553992239576,0.26294615179582659,-0.3294619010110228,-0.69515938910791442,0.58229511484562557,-0.0075252926131205268,-0.25313786551606293,0.14957537361247006,-0.0027048506233837625,-0.0020591880287256707,0.0021408178421596009,0.07083876827620951,-0.028460576919648903,-0.074087627153060706
9.482,268477.118040505,1,447,1,448,268477083199583,268477.08470408805,411062f456bcab20,0.43823932529761123,0.44548229887281487,0.51671419075800629,0.03504749399312862,0.86101812127992794,-0.027892578319692302,0.50659799178396381,0.442036742370572,0.4782694907480538,0.52378105883919002,0.33849583504519504,-0.37794189654494625,-0.63361405608958676,0.58404941607604344,0.081902147124903124,-0.25643252079300899,-0.2629147670714288,-0.0027050056388505557,-0.0020588066266684609,0.0021404884404403897,0.068957892345739583,-0.028208374106738966,-0.074270588698830686
91.323,268477.218049755,2,435,1,436,268476683162291,268476.68466679606,411062f2bd194ae7,0.43421761125016767,0.58765109262862036,0.50196539514881933,0.065959464092790077,0.89956166206676791,-0.038825268515396305,0.43003583219710118,0.44134976065485981,0.61993754773294962,0.50875348866849623,0.27662763509112404,-0.33153485492749996,-0.68272651752151015,0.5894457513164757,-0.024678389417408804,-0.34031610454708233,0.17294384067543317,-0.0026990743314230458,-0.0020684237150491959,0.0021058639832873781,0.066150962733004026,-0.029883477665866871,-0.073697178548881456
9.447,268477.218049755,1,450,1,451,268477183208833,268477.18471333804,411062f4bd257e48,0.44708561141857356,0.41866156686202627,0.48686570994496192,0.016079031878834971,0.85767697488567007,-0.044610024095413287,0.51199772504132468,0.45029646644619475,0.4518094611767105,0.49236738827622828,0.33049300398886799,-0.39358110340385494,-0.61783878104729373,0.59509959669942014,0.052274114139687348,-0.27526206662476627,-0.38792371890174571,-0.0026993035977046914,-0.00206788836861108,0.0021053791497533218,0.065097214237097509,-0.030399515037997416,-0.07393805138612633
90.730,268477.318059046,2,438,1,439,268476783171666,268476.78467617102,411062f323822672,0.43224209357190557,0.55117578767724307,0.51791104350467732,0.056361308025747903,0.89244160197934641,-0.032960415065815291,0.44641354623861251,0.43839541419331562,0.58361557775517803,0.52492229282246938,0.29235550497661544,-0.33896856974393952,-0.67090495382387372,0.59119802974147506,-0.036296068777319501,-0.389056691335598,0.15505289926197716,-0.0027394950981007235,-0.0020179830587793587,0.0020697826218429726,0.066549879564009623,-0.03447191238164083,-0.072506068082340031
9.502,268477.318059046,1,453,1,454,268477283218208,268477.28472271306,411062f5238e59d4,0.45164576233941317,0.3949440774461751,0.44554403773198192,0.02633251404215553,0.85244339601363062,-0.038531945199437839,0.52073236668042444,0.45508632137677979,0.42793772566968952,0.45178444496067938,0.34096717884836247,-0.39545957688418654,-0.62138838861101753,0.58414859111203221,0.060008172607205403,-0.22793067160863256,-0.43407712269108228,-0.0027398587074443639,-0.0020176559702148483,0.0020692410958171952,0.067004385863812244,-0.035091931644085583,-0.072901209700134431
90.111,268477.418068338,2,441,1,442,268476883180958,268476.88468546304,411062f389eafc6c,0.42906484406824885,0.5126272657244918,0.53026568150411701,0.052929701381467853,0.88637203218122163,-0.02341121187604589,0.45934195938274008,0.43452333836530244,0.54506467855581486,0.53784064294203526,0.30824957948834192,-0.34135803195414466,-0.66418660771094939,0.58933270815650041,-0.022914940164663469,-0.35076645776481064,0.10975324300769142,-0.0027866522026166805,-0.0019593293612027228,0.0020379785341315634,0.069495458679654579,-0.039542656373778323,-0.071597744212667389
9.648,268477.418068338,1,456,1,457,268477383227500,268477.38473200507,411062f589f72fce,0.45233514586279189,0.37964815083080494,0.40194415164505676,0.020623551710809762,0.84387876776530579,-0.030220263033287564,0.53528504868380122,0.45493057396349534,0.41265579105995209,0.40851076351449622,0.35713472536999624,-0.39987263007305884,-0.61129543618878757,0.58212933043105797,-0.01514826686152267,-0.15179500771069579,-0.45198535486515562,-0.0027870054194209979,-0.0019594670345126396,0.002037442952369677,0.071028725404686979,-0.040045307606944233,-0.072023405105411942
92.720,268477.518077755,2,444,1,445,268476983190208,268476.98469471303,411062f3f053cf94,0.42994027238398053,0.47895604942819303,0.53386843378536131,0.044231401545186899,0.87931777293539726,-0.055529164027996486,0.47091443221896867,0.43571307926957559,0.51174924972575042,0.53940392535093229,0.29372173212799829,-0.37225182691424058,-0.65304786665931092,0.59049522037562807,0.034712730397760114,-0.35157746115328836,-0.058332274734201425,-0.0028335481913113031,-0.0019330481634940932,0.0019846771587829007,0.074052134983160656,-0.042565210313990499,-0.072690960938998087
12.136,268477.518077755,1,459,1,460,268477483236791,268477.48474129604,411062f5f06005b6,0.44455458286610566,0.36842920710945987,0.35349485123490665,0.046114388219355207,0.83771873898081051,-0.043883949040501302,0.54237904622933775,0.44891137933226105,0.40121321998611242,0.36024672328809121,0.35248925423205973,-0.41455052848440932,-0.62496438105259744,0.55974878954738894,-0.07641894857543631,-0.1150770649254631,-0.48572165666471973,-0.0028336001426165201,-0.0019334193986015691,0.0019842109462343866,0.075332632974804511,-0.041831740523984744,-0.073282195279147283
93.290,268477.618087046,2,447,1,448,268477083199583,268477.08470408805,411062f456bcab20,0.43692482082396927,0.44625196757533181,0.51703684404839978,0.03478133687453433,0.86070095674423774,-0.028463250412496144,0.50712327717549099,0.44071768350675616,0.47904794195789069,0.52406530112905891,0.3384637418018005,-0.37871685549339013,-0.63320158540320359,0.58401334838648378,0.081340519159893099,-0.24962424903059124,-0.25479986252643749,-0.0028231014866443105,-0.0019799749591357823,0.0020013177196472063,0.075395964754255237,-0.038161842489409736,-0.075294329832395673
9.753,268477.618087046,1,462,1,463,268477583246041,268477.58475054603,411062f656c8d8de,0.43188734396344575,0.36004792525952872,0.29986569611805336,0.063316047708215528,0.82630577054303178,-0.046896539882146038,0.55768326084746334,0.43700733218870419,0.39260248597023473,0.30716961626224792,0.36118074452495524,-0.4275024654900853,-0.62905760364010588,0.53951519263767245,-0.16221547821504234,-0.037651900988054834,-0.55658963975773645,-0.0028227836277129573,-0.0019800400819856762,0.0020013126698955946,0.075043979390600771,-0.036846084505909073,-0.075690249951562608
98.101,268477.718096296,2,450,1,451,268477183208833,268477.18471333804,411062f4bd257e48,0.44425413302686201,0.42139580417302641,0.48688971170763301,0.015876172753796214,0.85728852660092003,-0.044896487683602326,0.51262919142716756,0.44745374053213249,0.45454815518058067,0.49237105154846883,0.33073695780012669,-0.39423017789587783,-0.61742066357919079,0.59496836534956521,0.046518154179230838,-0.26157085534689667,-0.38081291093128167,-0.0028299279560464823,-0.0020245685801233899,0.002019014026578224,0.076763428428474181,-0.036279566783143938,-0.078448941640373582
14.325,268477.718096296,1,465,1,466,268477683255291,268477.68475979607,411062f6bd31ac07,0.41039552887504038,0.35583604257664347,0.23983220597818053,0.076861244975656218,0.8133830233285928,-0.061188129752434539,0.57337289120737966,0.41647882717740875,0.38825954531715046,0.24697859693917196,0.3621693084092425,-0.44870238905906024,-0.62949774228182287,0.52079953010841962,-0.21591215577344935,-0.032499159446055546,-0.65796378081052553,-0.0028295458383918856,-0.0020244352158934912,0.0020192529404661308,0.075847606325176814,-0.035864031794584472,-0.078590819963678185
105.692,268477.818105630,2,453,1,454,268477283218208,268477.28472271306,411062f5238e59d4,0.44835252434568512,0.39747967044259691,0.44567576408347542,0.026178901886104056,0.85213774478317428,-0.038556512785895974,0.52123831166382506,0.45177724631575711,0.43047578085701821,0.45191186293721597,0.34130756406099411,-0.39583470590985764,-0.62106364036470751,0.58404108325437554,0.051285779789025515,-0.21727746761118746,-0.43018446044634245,-0.0028429784329463042,-0.0020089174167551766,0.0020338674710797503,0.076914698682483934,-0.037690698335260092,-0.078437777826025984
16.990,268477.818105630,1,468,1,469,268477783264708,268477.78476921306,411062f7239a8a64,0.38503901797162965,0.35466937728170145,0.16936504867494259,0.096747780566000419,0.80438195569706972,-0.059632003936505695,0.58314116097520252,0.39189427305229346,0.38672089669466836,0.17743143157348126,0.37017686510630138,-0.45450925158102579,-0.63719493028710095,0.50037291052148647,-0.25769989639398166,-0.0091766053373123647,-0.73107863799360095,-0.0028428374200299934,-0.0020087614038803376,0.0020341150316938832,0.076450352516112471,-0.038210043657589204,-0.078532826683116175
106.290,268477.918114880,2,456,1,457,268477383227500,268477.38473200507,411062f589f72fce,0.44949763118017172,0.38101075009825763,0.401590236739928,0.020459485639189479,0.84367883642163033,-0.029894534149238428,0.53562468246161332,0.45206680580679759,0.41401774994956403,0.40817037765941921,0.35760520780762878,-0.39988246231746866,-0.61103805115494558,0.58210396985465329,-0.023321973050159036,-0.14777870962991485,-0.45224977671042588,-0.0028543865537941889,-0.0019998776235824267,0.0020425178650409523,0.077100053542499297,-0.040719958082884929,-0.078051090807964615
10.073,268477.918114880,1,471,1,472,268477883273958,268477.88477846305,411062f78a035d8c,0.35878011375761482,0.35577279161112496,0.091998183152010193,0.11371296763391064,0.79802475623689739,-0.042237320841536585,0.59028968427843886,0.36565461916712977,0.38736846349601034,0.10168403084252299,0.38753153232079102,-0.44726412270393623,-0.64469591005970239,0.48388149329280011,-0.22410251882722632,-0.013454850491399998,-0.79240984059666886,-0.0028544929509606277,-0.0019999303306093767,0.0020426244916199074,0.077191647752596584,-0.041638140746001702,-0.078660456304147544
107.484,268478.018124171,2,459,1,460,268477483236791,268477.48474129604,411062f5f06005b6,0.44248204553843667,0.36826981325627706,0.35262029561360042,0.0461809244208502,0.83764392676914412,-0.043487479773352461,0.54252084428328351,0.44682577305558119,0.40105038756615785,0.35939723674790164,0.35286986669477016,-0.41437044874737161,-0.62495852902983984,0.55964884112859181,-0.082697979275981007,-0.1167538632266318,-0.48476949921158746,-0.0028797200145994463,-0.0019933982829555097,0.0020341488193177343,0.078521653980052564,-0.043311951247753222,-0.08125456764038666
10.141,268478.018124171,1,474,1,475,268477983283375,268477.98478788004,411062f7f06c3be9,0.33620412670171879,0.35810903868016897,0.011636241130547554,0.10753917705288751,0.81567582734154764,-0.016104436487937468,0.56819800283647237,0.34224226558439841,0.389565048856921,0.022286182659032362,0.39038909422772827,-0.41316420611738552,-0.65281157273161217,0.50072821410334345,-0.20881743932942029,0.021711770912987302,-0.80795555115999163,-0.0028798119096870665,-0.0019937149332796313,0.0020341473530296203,0.079392146746421366,-0.04340600071504757,-0.08216709725943315
105.126,268478.118133505,2,462,1,463,268477583246041,268477.58475054603,411062f656c8d8de,0.42881974643375181,0.36005685642016211,0.30045686040145186,0.063096490968439056,0.82611336698479954,-0.046664552935214043,0.55801255400604077,0.43391367705500411,0.39261404942091416,0.3077672644056263,0.36157762948314642,-0.42757127137036072,-0.62876630372755471,0.53953439283596227,-0.16958798320032448,-0.037234361453830009,-0.54783376818471929,-0.0029003673444092759,-0.0020330859852190279,0.0019728477640731253,0.081252533237877816,-0.04347094737581432,-0.087755936211410604
9.798,268478.118133505,1,477,1,478,268478083292583,268478.08479708806,411062f856d50c40,0.30674941618971818,0.36067829586717148,-0.066505393181437569,0.092891850931302311,0.83148603908106478,0.014224604050890932,0.54753975626972906,0.31137468491341636,0.39203971996502673,-0.054911044568658834,0.39722737804290664,-0.37711075060997723,-0.65363385701591825,0.52226494509016341,-0.33266095993143352,-0.013139106853033589,-0.75156882001548253,-0.0029001097238968215,-0.0020337017443823524,0.0019726329774196788,0.083008591809287643,-0.042448368252389554,-0.088704585801047106
105.545,268478.218142671,2,465,1,466,268477683255291,268477.68475979607,411062f6bd31ac07,0.40729671785851479,0.35722545367899028,0.24158158467291738,0.07621909153147377,0.81320078744951307,-0.061176349005945041,0.57371825569036206,0.41334028651062793,0.38966111461915393,0.24870647970993626,0.36242184821615137,-0.44893826837495204,-0.62891481101651603,0.52112474092883798,-0.22759310015016254,-0.026999196686564465,-0.64587935482758507,-0.0028918178452248273,-0.0020655042077324525,0.001897942081839637,0.084713991260930002,-0.038854070762396789,-0.094061449121646559
9.830,268478.218142671,1,480,1,481,268478183301916,268478.18480642105,411062f8bd3de4fa,0.26991583562351629,0.3586545500891552,-0.1347256023995185,0.094246978842835227,0.84487514270407593,0.030868855356950858,0.52569065732728937,0.27452070721111116,0.38970992218552736,-0.12232721647294599,0.39354699508210089,-0.34989184234286708,-0.66405960283998899,0.53077425069398332,-0.33805787306613788,-0.056436630147847201,-0.60751230142779555,-0.0028912399926665435,-0.0020663193174339308,0.0018975871349337441,0.087355347755863386,-0.037127243912368026,-0.093890053621643974
101.352,268478.318152130,2,468,1,469,268477783264708,268477.78476921306,411062f7239a8a64,0.3817032779514189,0.35517438657149097,0.17175104569985908,0.095623956478762151,0.80455804875712311,-0.059492393493577544,0.58309785924522473,0.38849749219371477,0.38724805802565138,0.17978094011055704,0.37024496564850401,-0.45437991314664367,-0.63652478326886774,0.50129209072686121,-0.27056634052537826,-0.00089282685708797339,-0.72463798107310184,-0.0028099725312305934,-0.0021086242759136334,0.0018663656820419672,0.086980652167400516,-0.02562113757439172,-0.094483092156960727
9.643,268478.318152130,1,483,1,484,268478283311125,268478.28481563006,411062f923a6b562,0.23626401037373951,0.34854153483690192,-0.1941857469341971,0.099362432741198603,0.85411450415229861,0.048130225637743385,0.50823130103227998,0.24095638540170888,0.37917372179274417,-0.18080622187290224,0.39340699783259286,-0.32534058178661029,-0.67420998984417713,0.53369029360989029,-0.34715775622232875,-0.12859399609625,-0.48921002783209455,-0.0028092516748102498,-0.0021093145834809009,0.0018662044109422585,0.088555371947606321,-0.023639505421791763,-0.092882337085404137
93.936,268478.418161421,2,471,1,472,268477883273958,268477.88477846305,411062f78a035d8c,0.35443981074384379,0.35514434472434131,0.09369474748529899,0.11221031323257979,0.79877095201984594,-0.041806328963740924,0.58959824956033502,0.36123836335430798,0.38676902074332187,0.10333946111836598,0.3873473714271975,-0.44647044726770829,-0.64416101305518891,0.48547167046566808,-0.23330869287658082,-0.0017644543329038587,-0.79773706060885596,-0.0026805650608968672,-0.0021764065919861447,0.001870758994550615,0.087668251551637724,-0.013708079058151355,-0.089878468080370089
9.456,268478.418161421,1,486,1,487,268478383320500,268478.38482500502,411062f98a0f90ed,0.20902228281148086,0.33372794200718059,-0.24506365399041669,0.10669435601300992,0.85651160439955876,0.056818024267789979,0.50177280840500704,0.213964369323034,0.36402763253726111,-0.23103277780037518,0.39498335518255306,-0.31463053681368719,-0.68108944816579942,0.53020084687811575,-0.29360550459379448,-0.11058082544611025,-0.44373193927898941,-0.0026799411216324462,-0.0021766810744993513,0.0018709042471509838,0.087076366881630257,-0.012320411563452758,-0.08785625300782246
93.375,268478.518170671,2,474,1,475,268477983283375,268477.98478788004,411062f7f06c3be9,0.33399654852793337,0.35623656743927418,0.011284754026165621,0.10590013854737357,0.81688919316421982,-0.015355220117951096,0.56678168387375283,0.33995505734249049,0.38771816991174363,0.021903879717052321,0.38991738147321003,-0.41163294143947127,-0.65251057669901724,0.50274516849282613,-0.20413829631604488,0.033633101559516432,-0.82375302391024918,-0.0025719449007248142,-0.0022367124755165182,0.001901763696984101,0.085554626092531019,-0.0077098367172700128,-0.084943325809667652
9.646,268478.518170671,1,489,1,490,268478483329791,268478.48483429605,411062f9f07866d6,0.18713949624389728,0.31808278540397422,-0.28974145765609693,0.10842269463750709,0.85355688674615637,0.054404419003825533,0.50668074048762457,0.19213135614138935,0.3483934324098647,-0.27575192711305463,0.39674711054359124,-0.31980764538242246,-0.68022226726122803,0.52688942611543921,-0.23144670420581759,-0.12929992570316146,-0.4607857129576966,-0.0025715051190474529,-0.0022364783926606983,0.0019022258347003058,0.083226285769262165,-0.0072415678785949476,-0.083523135909735716
100.361,268478.618180046,2,477,1,478,268478083292583,268478.08479708806,411062f856d50c40,0.31042312455423482,0.35704061020855649,-0.068127830398287653,0.091525821594533485,0.8329711295577491,0.015535232397139886,0.5454730342295393,0.3149770838486507,0.38840869038186021,-0.05652326435932721,0.39669273907893349,-0.37472260331282303,-0.65371804595308836,0.52428099119059213,-0.30605737557357787,-0.0085869801194492015,-0.77290156664817911,-0.0024727061196431854,-0.0023267075702590972,0.0019484124649556517,0.085325288514717199,-0.010552692441880885,-0.082184955199478729
17.209,268478.618180046,1,492,1,493,268478583339125,268478.58484363003,411062fa56e13fa1,0.17708096517897201,0.30243997658122718,-0.33311477828054242,0.099634311054493718,0.85427933527054678,0.050544032009727485,0.50766640171582067,0.18171892323479513,0.33302139175626355,-0.31960080984299305,0.39471437251455377,-0.32323431885119275,-0.67451879003641346,0.53361459981437953,-0.15921288444455317,-0.12088493979240425,-0.48279179661493499,-0.0024726735889471778,-0.0023262033374490481,0.0019490545720682955,0.082616730242848047,-0.01162595790065106,-0.08222819074159228
108.073,268478.718189213,2,480,1,481,268478183301916,268478.18480642105,411062f8bd3de4fa,0.27938156430123695,0.3522652308565894,-0.13876617518757739,0.093244313476618212,0.84625001297097013,0.032641193484494263,0.52354657791957271,0.2839218574027651,0.38331058672835755,-0.1263189839656958,0.39328413430903714,-0.34712251701940811,-0.66432279144224626,0.53245542221793929,-0.30089346072624351,-0.063232248291592769,-0.6319111254292451,-0.0024842220131526022,-0.0023919497264969615,0.001959580711926364,0.089408769534185265,-0.013420546758685703,-0.087995492727706182
17.527,268478.718189213,1,495,1,496,268478683348375,268478.68485288008,411062fabd4a12ca,0.16157589540499731,0.29182227088221319,-0.37818347558109672,0.088501049590478442,0.85323404111626078,0.041983835144982884,0.51224666529007079,0.16580752893191134,0.32279737326894814,-0.36545566108717104,0.39190013477105129,-0.332526027288302,-0.66590725100277581,0.54074786971768785,-0.12891990751155027,-0.076358603514237802,-0.50899967475300134,-0.0024845476008560148,-0.0023916795970947494,0.0019598850050624689,0.087966456916513211,-0.01512107117761698,-0.089532608823720591
107.312,268478.818198546,2,483,1,484,268478283311125,268478.28481563006,411062f923a6b562,0.24812802854641594,0.34157957481940182,-0.195774466945762,0.098649467236798183,0.85518360590826248,0.050005056872518078,0.50638802345562439,0.25276370383325403,0.37219138020832804,-0.18232869298395127,0.39342930963762651,-0.32271148190280896,-0.67446181619598389,0.53495040542069761,-0.31043297307581091,-0.14341300998030987,-0.50299072963661051,-0.0024849871341149862,-0.0024202827054219879,0.0019647367323939046,0.090399119099768388,-0.014397385053810335,-0.091540768210377904
9.540,268478.818198546,1,498,1,499,268478783357541,268478.78486204607,411062fb23b2e04f,0.14743099702590945,0.28491163827601884,-0.42702428605198894,0.071890224915512391,0.85856922272687974,0.049087101036978303,0.50525359481355947,0.15069436724478244,0.31607790595362595,-0.41447936174656108,0.39197805469452263,-0.32255841251744516,-0.65793416754187062,0.55626603916930739,-0.13452491912446968,-0.017246561198371649,-0.48057345970101362,-0.0024852791157031527,-0.0024202044367123022,0.0019647386040098965,0.090082606666526399,-0.015645393938297704,-0.09295051336535036
106.959,268478.918207796,2,486,1,487,268478383320500,268478.38482500502,411062f98a0f90ed,0.21786939369964536,0.32765755439306327,-0.24322547345635659,0.1062370441050291,0.85710710243450439,0.05850574642870518,0.50065780355793355,0.2227582411700601,0.35793406478720269,-0.22912607486169353,0.39538832746809865,-0.31264870959325264,-0.68118716051064243,0.53094529590825268,-0.27216558320305551,-0.12587710028915319,-0.4431104637813017,-0.0025164512628740943,-0.0024335823800926944,0.0019635373191503338,0.093378174018476895,-0.014458178166637903,-0.096785026678598077
9.583,268478.918207796,1,501,1,502,268478883366958,268478.88487146306,411062fb8a1bbeac,0.13114515406487701,0.27906141091869685,-0.47046170283235716,0.058576722051540964,0.863197169762278,0.038360179898563329,0.49998796341384022,0.1341620160290109,0.31064892771436925,-0.45895134755812361,0.38066961264720089,-0.32642012742295567,-0.65179255228051758,0.56895255971992986,-0.13537077434574532,-0.07343379732119544,-0.40226328621809726,-0.0025165403167885683,-0.0024336690901029484,0.0019633124316794214,0.09404185892002706,-0.014951156124482102,-0.097981789086114407
106.394,268479.018217171,2,489,1,490,268478483329791,268478.48483429605,411062f9f07866d6,0.19058635547357328,0.31278075177656517,-0.28645231297813217,0.10795649513689726,0.85374241614556112,0.055961749603102406,0.50629795360591434,0.1955101526335993,0.34307203899034788,-0.272396883691709,0.39757763834898541,-0.3184357751918182,-0.68002380353466996,0.52735026802787344,-0.22866105501682912,-0.13939519261262059,-0.45058199000149557,-0.0025520207447263452,-0.0024664115379154292,0.0019577357975880728,0.098579519784859432,-0.013809736012827017,-0.10323187603772342
9.459,268479.018217171,1,504,1,505,268478983376166,268478.98488067102,411062fbf0848f02,0.11477604652760638,0.27455217853706909,-0.50682254455248499,0.057072598719117906,0.86115432106415213,0.044625490738930296,0.50315462094347851,0.11743103803891185,0.30605732164273397,-0.49500146465540829,0.38733902126412079,-0.32422904871268965,-0.64928446437176823,0.56857162337077949,-0.12783900337659757,-0.046108286501176973,-0.3091575613875433,-0.0025519492370518326,-0.0024667220044720627,0.0019575363821600755,0.099709323454055518,-0.013946722685545138,-0.10427783828854451
106.590,268479.118226380,2,492,1,493,268478583339125,268478.58484363003,411062fa56e13fa1,0.17187410484146423,0.29968506167275122,-0.33305399199800378,0.09928700688853076,0.85411629888985208,0.051543211733415001,0.5079082483780929,0.17645363658605603,0.33025571906209811,-0.31949583033242218,0.39559191066434934,-0.32269880352209729,-0.67415792478475867,0.53374489681143023,-0.17682053537937767,-0.12198094975597547,-0.47304684677694397,-0.0025725990062626294,-0.0024600485608819878,0.0019639473855911547,0.10220359276142355,-0.014168429291329065,-0.10692548843942544
9.878,268479.118226380,1,507,1,508,268479083385416,268479.08488992107,411062fc56ed622b,0.099225534671704682,0.27295814568528537,-0.53422870612888773,0.065799589333334629,0.85059928988865441,0.076764655082538075,0.51600242540807939,0.10095646771218071,0.30367812121599808,-0.52034893933803705,0.41914961112707261,-0.31058799768687084,-0.64799184452899405,0.55493717537104703,-0.15418079693772385,-0.027916556993489931,-0.21516297898451095,-0.0025725762348575609,-0.0024603852202288888,0.0019639740439039519,0.1030861895912305,-0.014595425944526673,-0.10732394204395906
100.176,268479.218235671,2,495,1,496,268478683348375,268478.68485288008,411062fabd4a12ca,0.15551537934819504,0.29057623354308132,-0.37832423822682304,0.088271572108329033,0.85309758638251909,0.042462355013667769,0.51247403766924404,0.15971299159736432,0.32154783023503508,-0.36557664230746706,0.39239927595301854,-0.33234843920011536,-0.66564849785834901,0.5408136467321415,-0.14804095362434666,-0.071881131216301908,-0.500587852777577,-0.0025515542917074448,-0.0024729847001309243,0.0019636550450148954,0.1037403454434704,-0.016117890416084926,-0.10660781485716449
11.118,268479.218235671,1,510,1,511,268479183394791,268479.18489929603,411062fcbd563db6,0.087963988633845996,0.27106690995244892,-0.55335850694124078,0.079714348829720227,0.84207703014510771,0.086361227953608066,0.52639689342878349,0.089829580777490592,0.30131703945311311,-0.53849882379814462,0.43328541132852311,-0.31115219474284178,-0.65180491757032166,0.53907180733899562,-0.10134584683095815,-0.045586973421248664,-0.1823963998254054,-0.002551599704355853,-0.0024733415039109234,0.0019638162040727905,0.10400582278018597,-0.016889055966847939,-0.10617978590867691
94.370,268479.318245005,2,498,1,499,268478783357541,268478.78486204607,411062fb23b2e04f,0.14093844522021451,0.28447508820023548,-0.42702378318351641,0.071632306596394579,0.85850685982932506,0.049465908861146823,0.50535923989840392,0.1441726166679157,0.315639196274075,-0.41446593882329574,0.39232061462253709,-0.32236525729724075,-0.6577076945277005,0.55640431773031351,-0.15121979811182107,-0.010779790820429392,-0.47559815983127612,-0.0025242828098416014,-0.0024945181731600842,0.0019724535225455848,0.10223344049034645,-0.016015047434146439,-0.10551502160912979
11.568,268479.318245005,1,513,1,514,268479283404041,268479.28490854608,411062fd23bf10df,0.079729633677041195,0.26676081214971853,-0.57074403069818613,0.087790363914034608,0.83784625592735673,0.097413199092525909,0.52992190489485524,0.081528445306995462,0.29658805445520692,-0.55504495922448982,0.44359289430350629,-0.30582983065806274,-0.65452391339002203,0.53036959340040435,-0.083514879163690658,-0.046685415542093912,-0.1410194371942638,-0.0025243737784817408,-0.002494620407399934,0.0019725705373320585,0.10128544832729658,-0.016492322021133096,-0.1046588692483031
96.071,268479.418254171,2,501,1,502,268478883366958,268478.88487146306,411062fb8a1bbeac,0.12584047091943174,0.27931212907313041,-0.4708599492036889,0.058399496291492492,0.86325175002784449,0.03856304402094729,0.49989884952366376,0.12884281210922474,0.31089915329202372,-0.4593444465945225,0.38075004620561637,-0.32621366779580996,-0.65170582882199468,0.56911647132820098,-0.14609004736318282,-0.068199854307998214,-0.39895045659789585,-0.0025117002073652673,-0.0024721161757709485,0.0019631186192063058,0.098262830292667885,-0.013578740805927915,-0.10385090624729923
11.153,268479.418254171,1,516,1,517,268479383413333,268479.38491783803,411062fd8a27e6d8,0.068896068830040222,0.26019043168704947,-0.58385508940556419,0.091595072290537261,0.83778604804164791,0.1039406506367461,0.52812997907384407,0.070709059186850179,0.28977567242894914,-0.56770617154161573,0.44694141656577907,-0.299947142664374,-0.65717167500877172,0.52763668497538885,-0.13111157365439691,-0.069044781483658918,-0.062081853823313,-0.0025116749691497953,-0.0024719660875274496,0.0019629548015049013,0.097326364076699756,-0.012908831861121321,-0.1026797244627428
96.675,268479.518263463,2,504,1,505,268478983376166,268478.98488067102,411062fbf0848f02,0.11294791069740918,0.2752465422476047,-0.5073619984313078,0.057074982143112685,0.86129183225590511,0.044429316980290012,0.5029362932894923,0.11561448781376341,0.30675505704440276,-0.4955525186057993,0.3870459245122394,-0.32421338354347767,-0.649383384800583,0.56866717312914572,-0.12714522488447974,-0.04423264864270391,-0.30826158017618194,-0.0025066516171654571,-0.0024338010126270116,0.001929868263128986,0.095557864126756875,-0.012687284829074063,-0.10167813364920072
9.862,268479.518263463,1,519,1,520,268479483422583,268479.48492708802,411062fdf090ba00,0.053692317154149453,0.24984037040610491,-0.59011994159153247,0.095886216145783021,0.83741589443179865,0.11644721960044835,0.52533851140577925,0.055361123433067663,0.27900591465027841,-0.57320997215006975,0.45381103038906395,-0.28912979751102019,-0.65994423372649058,0.52434065001638763,-0.18543822454584366,-0.14716610067591251,0.0078342266170109108,-0.0025065050532563078,-0.0024335319967124236,0.0019294160901314281,0.095535099170604459,-0.011739629344660172,-0.10097066253644563
97.400,268479.618272755,2,507,1,508,268479083385416,268479.08488992107,411062fc56ed622b,0.099985144058234152,0.27314873123108729,-0.53571191056459799,0.065755165603817389,0.85077597915433012,0.07641971893047772,0.51576794322783626,0.10173146835417567,0.30387704510802321,-0.52185254442828022,0.41873990050605792,-0.31066610043727377,-0.64808537038404057,0.55509352586519645,-0.14619246108835993,-0.029377748041806175,-0.21838784766073721,-0.0025072840562513571,-0.0024015166119189055,0.0019064143752131398,0.094457893475490787,-0.012554529447183211,-0.099598102927618906
9.888,268479.618272755,1,522,1,523,268479583431875,268479.58493638004,411062fe56f98ffa,0.032291022549564827,0.23397303522501192,-0.58758442577243242,0.10533504442708608,0.83470121095003857,0.12764676860701568,0.5252473441444041,0.034045697536501537,0.26262216569948621,-0.56982184176240258,0.4616658422401112,-0.2811460556859221,-0.66470599305304701,0.51573974859452099,-0.22962943789945534,-0.17373740635925619,0.068943106354514935,-0.0025071394128648693,-0.0024013062927715116,0.0019059542555922423,0.095012405869417116,-0.012075003326391529,-0.099263125143292677
100.568,268479.718282046,2,510,1,511,268479183394791,268479.18489929603,411062fcbd563db6,0.087725186793070578,0.2703646420501149,-0.55720404765136411,0.079611126977038982,0.84224483346781542,0.085835296285513896,0.52623004863108658,0.08960836440335343,0.30062896039913029,-0.54237550662656409,0.43279554440474938,-0.31140610749717912,-0.65185058356450143,0.53926345107328655,-0.09626806936632186,-0.048570060510900237,-0.18906872265906643,-0.0024928796449599877,-0.0023998753733931043,0.0018776417502310795,0.093416723958157616,-0.012635050218485943,-0.099244251383797402
13.062,268479.718282046,1,525,1,526,268479683441208,268479.68494571303,411062febd6268b4,0.0087874273814628357,0.21491690621107618,-0.58193741880627359,0.11588529224344207,0.8325412258925371,0.13682493266916756,0.52414186747822566,0.010779470924915656,0.2430572880086854,-0.56340335215126303,0.46737409408832803,-0.27387442378510435,-0.67063880458792013,0.50675225697807946,-0.23783400580835093,-0.20735026425306555,0.052288294189570012,-0.0024927416238879809,-0.0023998165699396245,0.0018772769375474676,0.093951401648076124,-0.012738574584452541,-0.098599618353544777
106.907,268479.818291338,2,513,1,514,268479283404041,268479.28490854608,411062fd23bf10df,0.07864984211749787,0.26646006411815026,-0.57553075221120897,0.087710670283284331,0.83798554744853204,0.09661240402714219,0.52986145093450354,0.080474775335113227,0.29630869648123864,-0.55987541073390368,0.44298389929332155,-0.30635333085989369,-0.65456605546136482,0.53052443928219029,-0.081473958400730143,-0.046556904843005079,-0.14959120678872453,-0.0024852052978753436,-0.0023906450509515575,0.0018759145292803164,0.090451106971571896,-0.011455622239977202,-0.098228429487835167
17.268,268479.818291338,1,528,1,529,268479783450500,268479.78495500505,411062ff23cb3eae,-0.013936882965117013,0.19260805317214744,-0.58131397536254281,0.14624625642104222,0.82968679456864525,0.1293258555650442,0.52297871055721479,-0.010137673345886737,0.2201945618377768,-0.56223751086104501,0.46124896983189734,-0.27835459579243937,-0.69008885997821501,0.48326542620407759,-0.18325935336250423,-0.24581647143242497,-0.020739946334190136,-0.0024851655876461402,-0.0023905878040454045,0.0018758163795980322,0.089972444966837956,-0.011379734294744943,-0.097581615062660262
107.803,268479.918300588,2,516,1,517,268479383413333,268479.38491783803,411062fd8a27e6d8,0.06902354230535146,0.26069060472799793,-0.58626104582929695,0.091482684786273138,0.83791777823716518,0.10321371513445038,0.52808304036298415,0.070857964589785341,0.29029671313339744,-0.57015284320030368,0.44639420487643056,-0.30042797299399021,-0.65718535235655939,0.52780930225171929,-0.12852133580149319,-0.066305720347175454,-0.067049768251947431,-0.0024811233084363524,-0.0023852117885574046,0.0018788118393328079,0.086406137717611464,-0.01046236462019224,-0.097810882913488328
12.157,268479.918300588,1,531,1,532,268479883459666,268479.88496417104,411062ff8a340c33,-0.028457475708210452,0.16989878417987408,-0.58495726791089642,0.16103005638705009,0.82884476085196379,0.12131680592909314,0.52188884751437004,-0.02361895372473367,0.19729153699104379,-0.56583694494269932,0.45481506714647851,-0.28324719942254611,-0.69994717717253874,0.4722162935393307,-0.066748887721303968,-0.19782709451558733,-0.063044000248619489,-0.0024810368207303746,-0.0023850039313432657,0.0018787991943496629,0.08469849957574728,-0.0098793611396230489,-0.097657797445396752
6.219,268480.018309880,1,534,0,535,268479983468916,268479.98497342103,411062fff09cdf5b,-0.029530958704691804,0.1567443209386547,-0.59302099526172924,0.15357700635298116,0.83424858811784941,0.13197145125473345,0.51286156573604857,-0.025146295792073319,0.18404257239038613,-0.57365759807044714,0.45596578691562711,-0.26932997567080041,-0.69849815789554737,0.4813074784211297,0.0088310663012831671,-0.10392172149475414,-0.081646872683089108,-0.0024810242727265398,-0.0023850307065135415,0.0018787923318393115,0.084763690111249068,-0.0098537549742717962,-0.097661897942405304
125.955,268480.118319213,2,519,1,520,268479483422583,268479.48492708802,411062fdf090ba00,0.05388302886303388,0.25002607034649305,-0.59120679382646779,0.095670396398076396,0.83753035434504053,0.11613074094560133,0.52526544244183038,0.055554130456994637,0.27920473057659551,-0.57431969346537859,0.45353557863354699,-0.28930191414948137,-0.65987256150210749,0.52457419299811858,-0.18244459932164725,-0.14470278592745323,0.0066147380815710236,-0.0024837294130969573,-0.0023927417958827081,0.0018521153956389909,0.092705602590636954,-0.009521100907030457,-0.10299511761493629
109.118,268480.118319213,2,522,1,523,268479583431875,268479.58493638004,411062fe56f98ffa,0.03246829327712944,0.2338064692060671,-0.58753494055313438,0.10510511993018862,0.83480457675134767,0.12753802685030682,0.52515553631193357,0.03421796168508142,0.26246378852561836,-0.56978507683968327,0.4615240322694113,-0.28115802977826454,-0.66461650254355942,0.5159754204182162,-0.22742377156968918,-0.17398240672322379,0.067976940281253811,-0.0024836733369207123,-0.0023926397174876923,0.0018519945899453999,0.092927727929490347,-0.0092038169539838937,-0.10358777493424472
16.067,268480.118319213,1,537,1,538,268480083478291,268480.08498279605,411063005705bae7,-0.031986960695118132,0.14313517469977161,-0.60307281636400478,0.15129534529242633,0.83558324258018923,0.15054997459248545,0.50620659969493154,-0.02815764797156977,0.16993637581259693,-0.58291362652557721,0.46439701491162078,-0.25148720469273245,-0.69782852312593757,0.48386459958224332,-0.027752737624532401,-0.14696846021720736,-0.1053367863269688,-0.0024834589910905387,-0.0023926687220891685,0.0018517626500011272,0.094588456404844784,-0.0087638445766485187,-0.10471971143482764
109.903,268480.218328463,2,525,1,526,268479683441208,268479.68494571303,411062febd6268b4,0.0096964536116903709,0.21487629742592629,-0.58101924715867692,0.11578877977793867,0.83273701208466488,0.13680925639405242,0.52385618995982786,0.011693156704974632,0.24301933784333263,-0.5624897192427234,0.46716100478306827,-0.27368350408013004,-0.67070900171134229,0.50695894333552316,-0.23682667426439968,-0.20912014328271397,0.05073043977484553,-0.0024010304233127895,-0.0023832970769072908,0.0018338714309281954,0.10116538020536389,-0.0082990173686997987,-0.11080030595053102
9.918,268480.218328463,1,540,1,541,268480183487500,268480.18499200506,41106300bd6e8b4f,-0.026418399850978394,0.13691794033360627,-0.60966724521967652,0.10631295564978033,0.82996470812348178,0.20642751992906741,0.50719214402327473,-0.026812770944555111,0.16291370831088806,-0.58813992604894649,0.50460529014311706,-0.21267269957961601,-0.66204826751295709,0.5116990477772958,0.064055525021651114,-0.030098193444413231,-0.050698360410533203,-0.002400460458277855,-0.0023836513586953248,0.0018335592205530257,0.10451602329644494,-0.0089488062392894998,-0.11194401764615701
105.992,268480.318337671,2,528,1,529,268479783450500,268479.78495500505,411062ff23cb3eae,-0.013327923583260053,0.19157443806986624,-0.58007644195911101,0.1458323525394003,0.82999362911606422,0.12950620116425501,0.52256262557903332,-0.0095420700317197134,0.21916675737834942,-0.56100572671212579,0.46108227692286963,-0.27793285569787923,-0.69001315052794321,0.48377506522116881,-0.185513437894398,-0.24592758661562886,-0.021008818146629294,-0.0023955137077039078,-0.0024225465906027787,0.0017816208016015129,0.10985192848478018,-0.0090790215847893919,-0.11516606629547436
9.512,268480.318337671,1,543,1,544,268480283496875,268480.28500138002,4110630123d766da,-0.010923312183956412,0.13908265603215653,-0.61247020006705699,0.023030914825455606,0.83845711206898887,0.20189805433234109,0.50566439171898303,-0.01542869807789325,0.16667521466105628,-0.59355689368704911,0.50032219040413983,-0.21479523134740178,-0.60916400952051686,0.57659337828708002,0.12435753787484849,0.030982667816132681,-0.080405363002366614,-0.0023954161644079213,-0.0024233359652038938,0.0017812558571982269,0.11326478549825017,-0.010099508250833179,-0.11624265188680134
99.787,268480.418346963,2,531,1,532,268479883459666,268479.88496417104,411062ff8a340c33,-0.02832851711971611,0.16930773622381592,-0.58341491512201915,0.1603437434333575,0.82927685718793942,0.1213717680215789,0.52140073380660679,-0.023509239546034594,0.19671845157486537,-0.56431548582221669,0.45450878271018297,-0.28286318685170886,-0.69976741888304339,0.47300712831115599,-0.070045746105136628,-0.18879580973905979,-0.057666908444143489,-0.0024076695204033405,-0.0024337256944460101,0.0017320844450358327,0.11278482648236447,-0.0087077696216204224,-0.11639255499890575
11.356,268480.418346963,1,546,1,547,268480383506041,268480.38501054607,411063018a403460,0.0052066031491575029,0.13740194354137492,-0.62134943790711172,-0.0059344836216105312,0.8434010905374858,0.20363927056003808,0.49716243128637572,-0.00065698306773466161,0.16523353773136501,-0.60317303360132613,0.49554162245817307,-0.20755221186271833,-0.59217830101186641,0.60057092801193279,0.15894318295732698,-0.027459594416805889,-0.11306213412240231,-0.0024078151195503139,-0.0024343578061200408,0.0017317731383379349,0.11462863912736211,-0.0087932457529561296,-0.11687753722686423
101.544,268480.518356213,2,534,1,535,268479983468916,268479.98497342103,411062fff09cdf5b,-0.02918328647749787,0.15786010145860752,-0.58971372483979279,0.15279117724002722,0.83475315771979497,0.13197289674468163,0.5122745646347624,-0.024817989622807391,0.18518009019215148,-0.57037662704989522,0.45555173658310455,-0.26891388110684322,-0.69829927739333164,0.48221992807859276,0.005904588119152775,-0.088148900374304881,-0.071683895335301534,-0.0023982562969483813,-0.0024296865284380411,0.0017304952852624888,0.10887034523089405,-0.0055829483389811052,-0.11627823980097653
14.448,268480.518356213,1,549,1,550,268480483515291,268480.48501979606,41106301f0a90788,0.021330672608135287,0.13373626671981587,-0.63243581685146633,-0.017843163170008391,0.84684929501843453,0.18996973906189565,0.49642667586271438,0.015270984343412538,0.16216913073403497,-0.61528316766686786,0.48535554666184089,-0.21669777238800328,-0.58619584187878415,0.61142988455806313,0.13516035473600757,-0.05043130376456887,-0.14639808093088669,-0.0023983002478411373,-0.0024297914830943433,0.0017302753256671639,0.10815413537172383,-0.0044482630392805459,-0.1161383102914816
105.971,268480.618365505,2,537,1,538,268480083478291,268480.08498279605,411063005705bae7,-0.030232295863902105,0.1464919674342898,-0.59829900165294914,0.15075369805162186,0.8360918547636863,0.15040630219103557,0.50557069772216656,-0.026403238237543765,0.1733124937580825,-0.57816548140994717,0.46384577259984072,-0.25113914583421554,-0.6978051638135202,0.48460724512341308,-0.027247904446439503,-0.12884177510498857,-0.093615644025021011,-0.002381232839733688,-0.0024111804552211747,0.0017429818310561592,0.10631633811466602,-0.0023974736856180005,-0.11711056706987694
10.732,268480.618365505,1,552,1,553,268480583524625,268480.58502913004,411063025711e053,0.034370950374426709,0.1276560118039308,-0.64252238904727377,-0.016328088496597282,0.843894260799809,0.16962501559826929,0.50872711487688393,0.028700102943365908,0.15677145975311871,-0.62641359852475598,0.47966737872917725,-0.2397813875348212,-0.58517763674681933,0.60826904033195994,0.12698069456883448,-0.082298285101275084,-0.067397128781943164,-0.0023810469102257966,-0.0024109727615289067,0.0017429048144928668,0.10483178038790199,-0.00092367474831686787,-0.11675856318868531
98.174,268480.718374796,2,540,1,541,268480183487500,268480.18499200506,41106300bd6e8b4f,-0.024394505215427804,0.13972936340630138,-0.60594855912633672,0.10584573804297048,0.83019206126339673,0.2062661849494449,0.50698336788523235,-0.024799279717230911,0.16574185780948392,-0.58444164757461259,0.50434358206898677,-0.21263915361568256,-0.66187865772636267,0.51219018344925138,0.065180385185384687,-0.019340023583810415,-0.047807238791051219,-0.0023795003580462546,-0.002393833095778872,0.0017433514666989473,0.10330250428882892,-0.00080074887858223973,-0.1182107133420038
9.060,268480.718374796,1,555,1,556,268480683533833,268480.68503833807,41106302bd7ab0aa,0.044024475873541628,0.11581478820512886,-0.65030447381210599,0.0033204241216054919,0.82506149141098128,0.17980769170984873,0.5356601136810506,0.038301162526331693,0.14437107508083497,-0.63324155740931531,0.50591212345214276,-0.25162565398268111,-0.58575445430067052,0.58105866560000252,0.063472614215691781,-0.16253496635625744,-0.088387104186129606,-0.0023794082540842822,-0.0023934456957547248,0.0017433776337762957,0.10194983823798359,-0.00026339229879267993,-0.11816529436848186
99.253,268480.818384046,2,543,1,544,268480283496875,268480.28500138002,4110630123d766da,-0.0087329018285806949,0.14190615179553978,-0.60995704569532649,0.022977853847975904,0.83863536321036047,0.2016900233981023,0.50545418534197628,-0.013227656549136432,0.16950762645316006,-0.59105422239579297,0.50002645197308138,-0.21479369307710938,-0.6092525323319874,0.57675694065053862,0.12536781706210809,0.035117502100319976,-0.086647235677061313,-0.0023825318127350488,-0.0024068889770541661,0.0017605350919840102,0.10212345961414444,-0.0014872096681083982,-0.12338013202535443
10.947,268480.818384046,1,558,1,559,268480783543083,268480.78504758806,4110630323e383d2,0.045811669313336467,0.093971095807234117,-0.66340919578550284,0.011895909102386359,0.8090860289974412,0.19665588157759689,0.5536829440042359,0.03939452155067643,0.12179630842560736,-0.64541089838543997,0.53056965764000052,-0.25245625019207774,-0.58052188021655815,0.56369852467481207,-0.019754288925878646,-0.27797572851468394,-0.15660286648329344,-0.0023828592223983504,-0.0024064702889525485,0.0017606939200782168,0.10131106246201632,-0.0029971892929751822,-0.12421719854835685
101.159,268480.918393380,2,546,1,547,268480383506041,268480.38501054607,411063018a403460,0.0071055835394417165,0.13995139621886821,-0.62068700179889658,-0.0054024710370044748,0.84361031349642834,0.20311589879402223,0.4970276019887917,0.0012917466819502505,0.16779896986904766,-0.60251909342289178,0.49507620403510044,-0.20782695286961564,-0.59270243367722097,0.60034268128480228,0.1617086467151134,-0.02990555508489778,-0.12229434786842362,-0.0023763140010627883,-0.0023402942511442978,0.0017730125066949573,0.098774683102040767,-0.0055378216880179439,-0.12245505830394614
11.186,268480.918393380,1,561,1,562,268480883552416,268480.88505692105,411063038a4c5c8c,0.040696635254294206,0.057119727019733259,-0.68436966150420686,-0.0094802338966732957,0.80208493996255337,0.19575046466087626,0.56413800000360093,0.032880128891992294,0.085133923567388914,-0.66723875458005333,0.53732227201356086,-0.26048931741479836,-0.5604561475479235,0.57386322254235611,-0.087847955604518982,-0.45667449137369337,-0.28600800442058333,-0.0023767083918264605,-0.0023400184577940832,0.0017731789222381522,0.099272901443111947,-0.0075946286875683494,-0.12295881255162905
105.882,268481.018402630,2,549,1,550,268480483515291,268480.48501979606,41106301f0a90788,0.022606967784819146,0.13570810584406218,-0.63342747546990719,-0.017112631696119152,0.84705032420290616,0.18931624258847785,0.49635906318797612,0.016610144850838206,0.16416012157003904,-0.61628449242162053,0.48484564550677062,-0.21711205478401441,-0.5868545547198718,0.61105546990852389,0.13804792285542816,-0.055951001590935565,-0.15445263464273543,-0.002383677090895367,-0.0023026625608594852,0.0017813170923150188,0.098745182363231751,-0.0070924407353280235,-0.12136135756480983
15.926,268481.018402630,1,564,1,565,268480983561666,268480.98506617104,41106303f0b52fb4,0.033405709956457183,0.013190820563330746,-0.71589432767115191,-0.050453055489898813,0.79435396635863409,0.2056633955533744,0.56934952908031422,0.022947199373683894,0.040970872808872502,-0.69982419370806404,0.54801687993503145,-0.25716492439822375,-0.52601736461078807,0.59736875804937306,-0.1240718095856719,-0.4604500375348724,-0.31572594321387276,-0.0023840267170081742,-0.0023026737080280892,0.0017813644418430712,0.10025920624033223,-0.0081072977891528588,-0.12156128883747504
102.593,268481.118411880,2,552,1,553,268480583524625,268480.58502913004,411063025711e053,0.035207965884383019,0.12815536472442166,-0.64387076620927242,-0.015794083205231679,0.84402068360205129,0.16901931895420916,0.508735840707501,0.029585954773393854,0.15728781972012931,-0.62777561138064208,0.4792452566300523,-0.24021584982161948,-0.5856446299178707,0.60798083599767594,0.12942826762635495,-0.088486427282972929,-0.06845060969982189,-0.0023951204112328604,-0.0023034409814168331,0.0017544675979962001,0.10155115773629947,-0.0047134855105554581,-0.12059918289784902
11.291,268481.118411880,1,567,1,568,268481083570958,268481.08507546305,41106304571e05ae,0.027746047507462172,-0.034783568242226531,-0.74884548888942948,-0.094677616643671025,0.78099665232015991,0.21163804733778876,0.57990496471655217,0.014481328056942539,-0.0073575407880450625,-0.73431203823419655,0.55970541653279315,-0.26040402763681769,-0.48530083127222706,0.6191951972204417,-0.077292573011673416,-0.50018179189300316,-0.35195754432064069,-0.0023951423567744228,-0.0023037419634244949,0.0017542408135529264,0.10374598463154715,-0.0036517600862569066,-0.1202058747926744
102.401,268481.218421171,2,555,1,556,268480683533833,268480.68503833807,41106302bd7ab0aa,0.04479947092964856,0.11516600458076137,-0.65132155571314265,0.0036480658691272483,0.82511305228500864,0.17925092894059663,0.53576515400942637,0.039109766766285553,0.14373900434216902,-0.63427538596347133,0.50559270745948348,-0.25209361942837333,-0.58602259103867749,0.58086344694739278,0.065681009018693129,-0.16683504960798845,-0.084677433988882944,-0.0024006644366848144,-0.0023045106114164961,0.0017181954855265483,0.10283105772465193,-0.0032364351508562166,-0.11918102105757489
10.574,268481.218421171,1,570,1,571,268481183580250,268481.18508475507,41106304bd86dba8,0.027479281542822448,-0.088565796363619081,-0.7799712757964874,-0.12040893380778489,0.77128776488126838,0.20150730673383588,0.59161789268841891,0.012936757163902666,-0.060952907765148778,-0.76711031471639723,0.56082419191998634,-0.2758498334018164,-0.46024082293755586,0.63052476562879411,0.070447005261145168,-0.5774914170697204,-0.26329729948492064,-0.0024004546500515896,-0.0023048715658468915,0.0017178724419809814,0.10463623971701366,-0.0017235268056755839,-0.11836278278858804
105.117,268481.318430380,2,558,1,559,268480783543083,268480.78504758806,4110630323e383d2,0.047152107481762753,0.093708207105332328,-0.66441433398831629,0.012036266930585737,0.80919701715280512,0.19586842702760116,0.55379682936578112,0.040766957894789083,0.12156167746493032,-0.64644839383352437,0.53009337231192111,-0.2530935937387252,-0.58069960866123105,0.56367775718054136,-0.01702123739634295,-0.27697468968824307,-0.15506643116172986,-0.0023750849985075253,-0.0022983459834104067,0.00169282471719181,0.10246317896278336,-0.00045981519616189611,-0.11853373712806935
11.459,268481.318430380,1,573,1,574,268481283589500,268481.28509400506,4110630523efaed0,0.039244616500051593,-0.14406628560338863,-0.79852173888931466,-0.14303651066785528,0.76819547970687585,0.21329307217255589,0.58644895783824214,0.02326714897499883,-0.11713287164212717,-0.78592520381637454,0.56550299757462241,-0.2638610501735284,-0.4420541345656841,0.64433830248466784,0.12620067375814867,-0.55910855449261354,-0.1137543725512198,-0.0023747385109330501,-0.002298596365356986,0.001692655315577167,0.10340663656185829,0.00081569583747929247,-0.11748074353664889
104.081,268481.418439630,2,561,1,562,268480883552416,268480.88505692105,411063038a4c5c8c,0.041365775219899092,0.057926320985127511,-0.68484275307813081,-0.0095192296075329863,0.80207886392121308,0.19498535887635907,0.56441088167652542,0.033566585095152431,0.08596922788248014,-0.66775097265270211,0.53697421701565051,-0.26122328536521378,-0.56042427700715092,0.57388650026328847,-0.086174487177534786,-0.44990626849312121,-0.28769572204676763,-0.0023983079762014275,-0.0022455404715533032,0.0016971467445273385,0.10254607580514556,-0.0025578981267612754,-0.11361140359249879
9.928,268481.418439630,1,576,1,577,268481383598791,268481.38510329602,411063058a5884b8,0.055172618742339599,-0.19514341073116004,-0.80366921393345148,-0.17305166435652442,0.75748370021717681,0.22396293576885706,0.588313030607861,0.037272955491817576,-0.16907475794005616,-0.79186292962629612,0.57436582873811848,-0.25763441593193837,-0.4132558447045428,0.65798784891737794,0.1534339593601991,-0.53539454768124084,-0.01822902960252297,-0.0023982667895853281,-0.0022456205979462423,0.0016972031642453439,0.10320950682533597,-0.002391307340087725,-0.11296700228476897
104.336,268481.518448921,2,564,1,565,268480983561666,268480.98506617104,41106303f0b52fb4,0.033377384216238232,0.015856641837492306,-0.71591089273860109,-0.05046933578308016,0.79438050035147367,0.20477753988503858,0.56963030043886265,0.022941263477910364,0.043670800081430997,-0.6998852589887995,0.54758902072777493,-0.25798985425810078,-0.52602461507115572,0.59739903232054459,-0.12298397363359045,-0.44878786569225199,-0.31962333817241773,-0.0024221596320332011,-0.0021893971647561979,0.0017138142498019664,0.10224402827283491,-0.0045875932402287215,-0.10996486286225764
11.512,268481.518448921,1,579,1,580,268481483608083,268481.48511258804,41106305f0c15ab2,0.073079597285060402,-0.24824136241205838,-0.7981491634977661,-0.20180884093794826,0.75550543626913402,0.21415252518556399,0.58534047925647004,0.054137905418792757,-0.22226053929233019,-0.78787443278443992,0.56532690991094547,-0.26246951243497163,-0.39152260686164081,0.67692339912944,0.1812453403221562,-0.5625128454290137,0.07041869076274318,-0.0024224199389877243,-0.0021893179151090195,0.0017139633772517053,0.10248912592737297,-0.0049676308355674258,-0.10965460880397551
105.918,268481.618458296,2,567,1,568,268481083570958,268481.08507546305,41106304571e05ae,0.028001149011806385,-0.031029651960371898,-0.74864570944223363,-0.094481445471706726,0.78114794594243331,0.21074084494016027,0.58005990423221121,0.014773756561072193,-0.0035669899391000525,-0.73414746004355613,0.55918055742949391,-0.2611480042986794,-0.48554652597791909,0.61916346400157651,-0.074999732768738711,-0.48960047106529525,-0.35459021631465709,-0.0024214934146421798,-0.0021761449580021794,0.0017189289943827836,0.10086974136385515,-0.0045079057228948278,-0.1120481377733972
17.343,268481.618458296,1,582,1,583,268481583617375,268481.58512188005,41106306572a30ac,0.094061474780614135,-0.30194520046271972,-0.78880175542312247,-0.22179899346530518,0.7546935551416466,0.19652122004302752,0.58533948065265529,0.074703825577224256,-0.27568329181629642,-0.7801441273685098,0.55285898869568417,-0.27493602141121237,-0.37681334819318762,0.69048448452691424,0.21771297386515395,-0.4971798751790798,0.06062143702186349,-0.0024218057128063968,-0.0021759615775104849,0.0017189396622705405,0.10025943653863112,-0.0049670855965306326,-0.11202145243463975
112.325,268481.718467546,2,570,1,571,268481183580250,268481.18508475507,41106304bd86dba8,0.028058605932552938,-0.08482189211074681,-0.7794207939147958,-0.1199253746892176,0.77158537803399085,0.20059045218088919,0.59163961379892449,0.013572655257841727,-0.057168968211845202,-0.76658202509305939,0.56019123700960993,-0.27651350660044233,-0.46079319513316325,0.63039328197890931,0.073353680101821583,-0.57115184758526638,-0.26381683273925999,-0.0023977792531052547,-0.0021652343887651245,0.0017214680917490616,0.098367664055980852,-0.0027977956317774997,-0.11510532660412484
17.332,268481.718467546,1,585,1,586,268481683626500,268481.68513100507,41106306bd92fb71,0.11754227417187976,-0.35066858244429572,-0.7868243072446276,-0.23528511706807875,0.76213734285302759,0.18219272736547881,0.57497256249563389,0.098173672733839729,-0.32412297819272579,-0.77910749927630374,0.5353966966949778,-0.27773727754432215,-0.37254077162385429,0.70528416635302216,0.23172276415695553,-0.4509344054646352,-0.034124884265150639,-0.002397936878231071,-0.0021649868582401671,0.0017213881976474046,0.097156145805330205,-0.002808686239630371,-0.11480667321878228
119.518,268481.818476838,2,573,1,574,268481283589500,268481.28509400506,4110630523efaed0,0.03944129923058047,-0.13966527079590033,-0.79774087427184348,-0.14216980139206481,0.76855287645224857,0.21233517822841574,0.58653904300421711,0.023538548931121232,-0.11268315347428265,-0.78515402281001601,0.56488936411913504,-0.26460208328911655,-0.44291970821111021,0.64397816415024811,0.12781039355086399,-0.55390342558045436,-0.11240583833781283,-0.0023832935819841409,-0.0021372662285982229,0.0017502339193287862,0.096777573425156221,-0.0019801250153361296,-0.11683674433703094
17.856,268481.818476838,1,588,1,589,268481783635833,268481.78514033806,4110630723fbd42b,0.14157911823526131,-0.39431900949736953,-0.7917118746282984,-0.23544624576838685,0.76723848602294975,0.1770359970619805,0.56970911865226015,0.12246225820580642,-0.36755987046394362,-0.78410562109777426,0.52802852109061926,-0.27766181967863951,-0.3760338892615393,0.70900515437790756,0.24879043972859824,-0.39347942366568001,-0.048273299204805505,-0.0023833430908413679,-0.0021369296999677653,0.0017502281323284951,0.095416884979870831,-0.0019296984157738497,-0.11662908578084118
118.214,268481.918486255,2,576,1,577,268481383598791,268481.38510329602,411063058a5884b8,0.054920173833688107,-0.19281863481126266,-0.80300325924117677,-0.17243943475540319,0.75780731873711549,0.22330135412304938,0.58832751717813891,0.03707287552128874,-0.16671239326144785,-0.7912007575124097,0.57390826343431312,-0.25811246833935803,-0.4139175892394984,0.65778377007017796,0.1547264684975945,-0.53468147833553936,-0.017106329439303153,-0.0023944865738534803,-0.0021237460190677354,0.0017306098244318701,0.094264959821108871,-0.0040788775640063068,-0.11600771881028547
10.281,268481.918486255,1,591,1,592,268481883645250,268481.88514975505,411063078a64b288,0.1728712247783169,-0.42919309379003884,-0.79382768579771645,-0.24742644570595446,0.76051694471846276,0.17632844939492229,0.5738488145042,0.15310591861928682,-0.40273290589400962,-0.78685975347074621,0.53045541628161563,-0.28108933834979222,-0.36280976156113076,0.71272358745837061,0.37004691429377967,-0.32613648678768481,-0.016423269989251553,-0.0023945189649416938,-0.0021234798242852097,0.001730599699944444,0.093779404024297908,-0.0045820677081209746,-0.11587052183396958
120.702,268482.018495630,2,579,1,580,268481483608083,268481.48511258804,41106305f0c15ab2,0.073241445674589706,-0.24829686645980886,-0.79820109357031399,-0.20155571001300021,0.75574783992683991,0.21343845809317194,0.58537558543755508,0.054334887720314556,-0.22228189660856953,-0.78794807635939779,0.56484681205917342,-0.26299925792283652,-0.39187300271602515,0.67691581380623134,0.18394811321752802,-0.5665033232615263,0.070291273198136037,-0.0024225232612913334,-0.002081990719769829,0.0017013962121929585,0.089744874394235383,-0.011379104690264371,-0.11436014842682597
12.457,268482.018495630,1,594,1,595,268481983654541,268481.98515904607,41106307f0cd8871,0.21735504626760549,-0.46003300014583892,-0.79685519849431674,-0.26227096037567732,0.75395055535413802,0.18423176041108547,0.57343806561225019,0.19661801756793551,-0.43426272564136315,-0.79012990707761011,0.53575345762714743,-0.27521041036599048,-0.34766996653013427,0.7185771058415894,0.50008172739172563,-0.33928000366634847,-0.066835509098328541,-0.0024227407329846782,-0.002081934433806202,0.0017015053876378143,0.09102608140348252,-0.013744117073507553,-0.11447809601834696
121.795,268482.118504755,2,582,1,583,268481583617375,268481.58512188005,41106306572a30ac,0.094290087940701234,-0.30213271289837518,-0.78909817680782768,-0.22165753026739438,0.75487766236555376,0.19555398585836145,0.5854795862920108,0.074968213232641662,-0.27583086433156523,-0.78048197859160462,0.55227412050794322,-0.27571902888902311,-0.37704356124008376,0.69051463840607108,0.21893816156501852,-0.50169875700073274,0.059770321967480312,-0.0024340206712436885,-0.0020545371268302303,0.0016862525474341963,0.088552852535765114,-0.01543007851077953,-0.11349550674172654
12.513,268482.118504755,1,597,1,598,268482083663875,268482.08516838006,411063085736613c,0.26932719252292375,-0.49449068045214872,-0.80543290130291911,-0.25753151609747238,0.7492241890736252,0.19737419200723172,0.57739424509210213,0.24834189743461277,-0.469112585496826,-0.79802138064506944,0.54784400114617327,-0.26871474937369461,-0.34767921407074071,0.71188376718417756,0.50393147616450096,-0.36845778336454277,-0.11312671079171371,-0.002434378570186252,-0.0020546346522181936,0.0016864385634973466,0.090073878251903661,-0.018065630933471889,-0.11352626117315692
116.830,268482.218514088,2,585,1,586,268481683626500,268481.68513100507,41106306bd92fb71,0.11742755778293767,-0.34926748634547122,-0.78708700508462726,-0.23505288538519958,0.76218378096508776,0.18113470442197727,0.5753401577956283,0.098097744793288727,-0.3226793260196642,-0.77941960577058467,0.53490849063932455,-0.27874534184486061,-0.37273782092032498,0.70515279046269053,0.23069693307446873,-0.45133827058132114,-0.033046329726704904,-0.002450778339490662,-0.002039045345215543,0.0017072998060140173,0.093393359122696293,-0.015463539737296033,-0.11059337158268563
12.490,268482.218514088,1,600,1,601,268482183673250,268482.18517775508,41106308bd9f3cc8,0.31422360516175091,-0.52405885036409972,-0.81417829591264057,-0.28815125180786605,0.74678064770543096,0.20416006345084114,0.56356565012289872,0.29180292528355545,-0.49976973185895646,-0.80734362049904629,0.54286404371570163,-0.25413812077048159,-0.32429994726225575,0.73180734474148523,0.37545186453231749,-0.31591326193147889,-0.045589416183869823,-0.0024510895774154805,-0.0020392185510316363,0.0017074735650246657,0.095455344427357119,-0.016357459607565909,-0.11061463567094371
117.969,268482.318523380,2,588,1,589,268481783635833,268481.78514033806,4110630723fbd42b,0.14104818893541571,-0.39110247517191404,-0.79157150440475221,-0.23532013725046036,0.7670874381892665,0.17591203272954445,0.57031246271679237,0.12196263543652482,-0.36430303740879733,-0.78402877710036112,0.527660386978556,-0.27888321112683961,-0.37601625450271875,0.70880917524744969,0.24517694658329589,-0.38740367210063797,-0.042879926800521162,-0.0024827349303806531,-0.0020165100448479292,0.001707685955808697,0.097117566170784,-0.01749101856561202,-0.10711982660265745
18.619,268482.318523380,1,603,1,604,268482283682458,268482.28518696304,4110630924080d1e,0.34893762763128455,-0.55381049774582125,-0.81418372877922285,-0.31373698431349495,0.74140015271601567,0.20379782857575016,0.55710090334411766,0.32543123680570529,-0.53032431675758196,-0.8082499403679807,0.53803663882165165,-0.24982299333592003,-0.30240351839532637,0.74609460482455447,0.34560298129232936,-0.32711048071059412,0.018367866447301418,-0.0024829891330454957,-0.0020167061479988975,0.0017075289394674112,0.099750633833237901,-0.017787435862514751,-0.10686485213390522
117.014,268482.418532713,2,591,1,592,268481883645250,268481.88514975505,411063078a64b288,0.17192551558416849,-0.42584778345560348,-0.7931544748534739,-0.24723071056599111,0.76046079643771292,0.17529819464935417,0.57432303540734964,0.15219458223603782,-0.39934805979778348,-0.78623957302934067,0.53006224099153321,-0.28215316325482614,-0.362908464373219,0.71254547898825471,0.3653457030667131,-0.31879249840606544,-0.0089967715927327004,-0.0024746265948606652,-0.0020037467365023676,0.0016893018063464638,0.094900541818163764,-0.017169308914123754,-0.10822507924220678
16.728,268482.418532713,1,606,1,607,268482383691750,268482.38519625505,411063098a70e318,0.38236577468291399,-0.58516903799910658,-0.80955673208640855,-0.31560027988097983,0.74410998848582155,0.20510809146095951,0.55193071340921096,0.35881540959867997,-0.56176486409179816,-0.80347512867264037,0.53530725830254389,-0.24524062132357619,-0.30300211269700827,0.7493282969183731,0.30890775044115198,-0.29078331631518756,0.072678532512954724,-0.0024747303089324895,-0.0020038315843850909,0.0016889815002422389,0.095751587482880915,-0.017168699801534789,-0.10731437605565043
125.164,268482.518541880,2,594,1,595,268481983654541,268481.98515904607,41106307f0cd8871,0.21651873540502109,-0.45723459237913794,-0.79612355901586074,-0.26211143540450044,0.75391766829518803,0.18355194551070841,0.5737721510968038,0.19580511103864245,-0.43143658757088194,-0.78943254522956763,0.53550899001926733,-0.27592734618454762,-0.34775951305424269,0.71844104999392489,0.49732501749369273,-0.33322285342004676,-0.062756626155167222,-0.0024742741758014674,-0.0019947451935717403,0.0016634923642067593,0.092757474075663898,-0.01724233117010044,-0.10628394439006839
18.467,268482.518541880,1,609,1,610,268482483701041,268482.48520554602,41106309f0d9b900,0.41153901134765142,-0.61277567434868818,-0.79921431071294058,-0.3272034497905717,0.74174642854287531,0.20909208419740527,0.546836988258387,0.38742099017139375,-0.58991847109717799,-0.79327880180238053,0.53452255900791246,-0.23882170561857258,-0.29312614357004035,0.75586168760747807,0.23287412329818369,-0.28232981450209826,0.12853040267979046,-0.0024743693375421706,-0.0019948104080903415,0.0016632616442521853,0.092637610863879838,-0.017434707905991297,-0.10502589798160378
130.993,268482.618551213,2,597,1,598,268482083663875,268482.08516838006,411063085736613c,0.26819038984489252,-0.49196066983055498,-0.80497939468651769,-0.25739154437321343,0.74918845003060086,0.19676226286669621,0.57771180042472337,0.24722533122478507,-0.46655683799311498,-0.79759883935530251,0.54763584743593152,-0.26937199413018453,-0.34775291770450195,0.71175952091240968,0.49917705862815759,-0.3623990132734155,-0.11430821517655429,-0.0024794317982373229,-0.0019834645297336392,0.0016460510913193322,0.090189754135190009,-0.019431100491577435,-0.10700251131595992
18.336,268482.618551213,1,612,1,613,268482583710333,268482.58521483804,4110630a57428efa,0.43439687786067227,-0.64364990529259192,-0.78540649956842401,-0.33293501430147665,0.73018012831018164,0.21831073170421647,0.5552762682739576,0.40964259351521448,-0.62145000844833254,-0.77959694376655198,0.54700859896848253,-0.23827060959514254,-0.28089470643522663,0.75173590652194144,0.24102417522181385,-0.36082070279846129,0.13910839456738966,-0.0024797112942283061,-0.0019833766872549034,0.0016460355256796664,0.089606557210070492,-0.020894455751765857,-0.10625465498329
130.940,268482.718560546,2,600,1,601,268482183673250,268482.18517775508,41106308bd9f3cc8,0.31338912864789187,-0.52248109469307535,-0.81376168856796838,-0.28835216407889364,0.74677258877384711,0.20360523372002365,0.56367427841025353,0.29097341059796583,-0.49817705065508683,-0.80696389630339216,0.5425485316576486,-0.25460725642168192,-0.32415218231174803,0.73194371264195224,0.37272054886403649,-0.30918838192279724,-0.04735710629083225,-0.0024941855551031886,-0.0019850443224578322,0.0016415273761526943,0.090215051891943246,-0.020424993459800912,-0.10554336881655964
12.269,268482.718560546,1,615,1,616,268482683719500,268482.68522400502,4110630abdab5c90,0.46355076684529739,-0.67958086899694248,-0.77609297359694618,-0.32934609631720069,0.73933587929734113,0.24065885248334681,0.53572098741614305,0.43868520956636642,-0.65805911388262295,-0.76848514407900459,0.54898343496307056,-0.208640430931223,-0.28990654804913518,0.75567225178328212,0.324201050286548,-0.36181664549390968,0.046815598406782635,-0.0024945307193643663,-0.0019849307531206385,0.0016416447196452419,0.090234956930119292,-0.021581365523361443,-0.10528466386980317
131.358,268482.818569713,2,603,1,604,268482283682458,268482.28518696304,4110630924080d1e,0.34988595269816125,-0.55432044026053129,-0.81434433079489821,-0.31411037915515039,0.74123164153759558,0.20354996774408729,0.55720533659895088,0.32636771249087221,-0.53083842607953902,-0.80844108257696523,0.53793522021216467,-0.25007210286682546,-0.30202033298396025,0.74623947944832802,0.3499337276003367,-0.32352205783265126,0.017816044292343462,-0.0025297198299909268,-0.0020032139486733545,0.0016399383972905098,0.094573101880929239,-0.020222245217845106,-0.10047803710493287
12.708,268482.818569713,1,618,1,619,268482783728708,268482.78523321304,4110630b24142ce7,0.49538720555851201,-0.71633261314677488,-0.78242345283924597,-0.34662289962332027,0.73682897404665293,0.2611463970848078,0.51839969228789362,0.46955052292250749,-0.69628156578190548,-0.77406987385148596,0.55122231137693867,-0.1819055446808642,-0.27591735394379796,0.76611614657783877,0.33211335735308439,-0.41012829032374615,-0.13075583325947779,-0.0025299106928415491,-0.0020033534156751157,0.0016399389159725134,0.096562058268257117,-0.019916873707238787,-0.10041405769938021
130.711,268482.918578796,2,606,1,607,268482383691750,268482.38519625505,411063098a70e318,0.38379513179067209,-0.58610631039716554,-0.81013907120152906,-0.31594695628691905,0.74380343075400757,0.20489745868965675,0.55222374255966256,0.36023005329437274,-0.56270820233225038,-0.80409121485300328,0.53536552133943505,-0.24559676407439845,-0.30254020642078999,0.74935666510414456,0.31248664132840531,-0.28996535561656589,0.073358362364706858,-0.002551207577751654,-0.0020037316652110867,0.0016268402613802116,0.095804807884186202,-0.021611068079172843,-0.098261078501236956
18.058,268482.918578796,1,621,1,622,268482883738000,268482.88524250506,4110630b8a7d02e1,0.53561634475999575,-0.76035074958129445,-0.80101372577573637,-0.36655903629798825,0.72359981585659439,0.27512006357727453,0.51608796074924046,0.50864045522568169,-0.7417758793834659,-0.79285060548182262,0.55946854444513539,-0.17039002960512181,-0.25246594966885205,0.77085869641939708,0.4377946465089434,-0.48035293435398418,-0.21242306005159556,-0.0025513472784684885,-0.0020039560647885962,0.0016266217870269703,0.098160783448179689,-0.021400380977283664,-0.098173189750446851
132.278,268483.018588046,2,609,1,610,268482483701041,268482.48520554602,41106309f0d9b900,0.41297045028468815,-0.6141690774829639,-0.79983438775369797,-0.32753625973857192,0.74130549972885584,0.20905031908730495,0.54725147046873646,0.38883207701768252,-0.59132564045684888,-0.79392868941876571,0.53478610978995067,-0.23914432118417722,-0.29257902765910604,0.75578523602617576,0.23394589905769997,-0.28157951769193568,0.13106391924559865,-0.0025731507876758878,-0.0020105541945520263,0.0016023123860427072,0.097536804273582106,-0.022540875678167687,-0.096595916737641105
17.847,268483.018588046,1,624,1,625,268482983747166,268482.98525167105,4110630bf0e5d066,0.58425157446710785,-0.80668608406075692,-0.81823889144372552,-0.38854339641371582,0.709078855905385,0.30361788848809307,0.50404110567861049,0.55600271784606281,-0.79043087275158841,-0.80945645688009105,0.57110113646672866,-0.14172061221198656,-0.22665279098692673,0.77613611714602426,0.47201587824671049,-0.51446404340716523,-0.098796562959952955,-0.0025732066435026806,-0.002010797205332049,0.0016019486409484117,0.099726936897795909,-0.022489797792144797,-0.096560898745690349
130.155,268483.118597213,2,612,1,613,268482583710333,268482.58521483804,4110630a57428efa,0.43591607047673708,-0.64576872097754079,-0.78615177065462072,-0.33323853863626796,0.72962512607734897,0.2183799667759426,0.55579627120699138,0.41113860744822184,-0.62358727896189636,-0.78037060226546584,0.54742525314629553,-0.23858935059813369,-0.28028763649358268,0.75155808479964892,0.23849710040169078,-0.36007580832373298,0.13998942412880186,-0.0025744990556630888,-0.0020102557353000568,0.0015794254687350423,0.097990562922073754,-0.022967538176795043,-0.097239770601955461
16.123,268483.118597213,1,627,1,628,268483083756375,268483.08526088006,4110630c574ea0ce,0.63074751801592899,-0.85759481697566964,-0.82102104328394576,-0.38793928126886212,0.69104652334103511,0.34350635267966256,0.50394568706167364,0.60181409411228048,-0.84351496180275776,-0.81082420007203915,0.59923906808797212,-0.11344773829215829,-0.2143291805934924,0.76295815894423391,0.45941170215208771,-0.53166111394568905,0.05407715883107117,-0.0025745486625160618,-0.0020103969776744672,0.0015791805358299823,0.099123504071833651,-0.023363666223071622,-0.097146036250715967
123.679,268483.218606463,2,615,1,616,268482683719500,268482.68522400502,4110630abdab5c90,0.46406498906165172,-0.68073246552951372,-0.77711889947627322,-0.32964570180038827,0.73888642806393912,0.2405985546757301,0.53618368718926235,0.43917946492769611,-0.6592227903618042,-0.76954225676828336,0.54926797611406963,-0.2090102460572662,-0.28937688497943365,0.7555662948399926,0.3181622046800372,-0.35795745094031078,0.044755522524350673,-0.0025730711156464626,-0.0019966048797395632,0.0015862030397853374,0.099106163244924619,-0.024459482604847409,-0.097048174749093621
11.442,268483.218606463,1,630,1,631,268483183765500,268483.18527000502,4110630cbdb76b92,0.67748342315125254,-0.90543903617204269,-0.81359150616312459,-0.41505335084919626,0.66178800604549393,0.37503902098919761,0.49911234902687762,0.64718486362952632,-0.89451593618370684,-0.80348981672423214,0.61811834507607277,-0.087733089285578963,-0.17446774320109606,0.76144180546325546,0.47508998073673886,-0.50281056744610997,0.04240607822068948,-0.0025732666081348548,-0.0019966154665519383,0.0015863033371097759,0.099613886101419233,-0.025540608839896152,-0.09701700168563962
122.510,268483.318615463,2,618,1,619,268482783728708,268482.78523321304,4110630b24142ce7,0.49502869830056068,-0.71611297696413811,-0.78290790351471429,-0.34659427904373741,0.73665933261719296,0.26084974774333747,0.51880911298555787,0.46919287069040716,-0.696050114844459,-0.77458008704028503,0.55130205276550537,-0.18240481158024527,-0.27581763714721419,0.765975954170523,0.32773401158426524,-0.40491777835406256,-0.13086209081083261,-0.0025875488891590978,-0.0019677601360967379,0.0016345115728570508,0.10160319011563686,-0.026289083530844592,-0.094508993563636651
10.738,268483.318615463,1,633,1,634,268483283774750,268483.28527925507,4110630d24203ebb,0.72579459509842081,-0.94817219662438712,-0.80982909394001668,-0.44940755734261573,0.6326231607834869,0.3899061467459114,0.4957761932423641,0.69429964447774795,-0.93998374888947211,-0.80086369595328222,0.62627197192013673,-0.074861425810395787,-0.12955299216530741,0.76511123788238389,0.49398342609833573,-0.42362582268480431,0.023479441899003809,-0.0025877872538270664,-0.0019677564002855146,0.0016348216442740411,0.10217283203040696,-0.027017165305408777,-0.094568172504050335
128.215,268483.418624713,2,621,1,622,268482883738000,268482.88524250506,4110630b8a7d02e1,0.53398874380852313,-0.75863069767204405,-0.80097090144153515,-0.36618880464083825,0.72372562955010256,0.2746263451659941,0.51643721422963906,0.50703322698007269,-0.74001878123912779,-0.79282488209636615,0.55936639231558316,-0.17098610073021853,-0.25281670669074618,0.77068586682446039,0.43416543066524599,-0.47630290603108777,-0.21097899541825757,-0.0025873215661376997,-0.0019270420873085115,0.0016607852775580945,0.10109200542638894,-0.026047560796411885,-0.095039590109950292
17.891,268483.418624713,1,636,1,637,268483383783791,268483.38528829603,4110630d8a8903dc,0.7741099926304037,-0.98310514847814012,-0.80655640545290164,-0.45610477539501149,0.61881275408127812,0.39778318614399338,0.50080714779426128,0.7422646178098693,-0.97586432882803553,-0.79802390375053245,0.63539930173083803,-0.072848939969370891,-0.11505191202111661,0.76008145408606564,0.4515369185206427,-0.28873464645150065,0.024201282384229684,-0.0025874889100853797,-0.0019269370179696894,0.0016610689447570889,0.10105971267380329,-0.026021209541102576,-0.09488715659275368
121.836,268483.518633921,2,624,1,625,268482983747166,268482.98525167105,4110630bf0e5d066,0.58123321910859571,-0.80339547162853953,-0.81779809842244588,-0.38784862535446818,0.7095223984232788,0.30314023450889654,0.50423948812116925,0.55301772205584421,-0.78708490752335813,-0.80901105246811389,0.57090366167463369,-0.14219864213742017,-0.22745770021502448,0.7759584717455319,0.46899279901469898,-0.51101421498170718,-0.096470554074415141,-0.0025746257351344161,-0.0019067351914701638,0.0016693539020413511,0.10194288905557117,-0.023201495821154702,-0.097560518211753655
11.887,268483.518633921,1,639,1,640,268483483793041,268483.48529754602,4110630df0f1d704,0.81505531780856266,-1.005306662750109,-0.80583853792385207,-0.47782204666401484,0.61005678988248979,0.39010494039796373,0.49732785316093564,0.7827747875404002,-0.99880704056584524,-0.79841673025761084,0.62750972947714501,-0.075818046696037922,-0.093504081150453472,0.76924648196460887,0.37557011878274338,-0.19912816381379519,-0.017085853999604394,-0.0025745073790418233,-0.0019066157905095098,0.0016693988995256227,0.10162849783275799,-0.021787502729844522,-0.09745754344280913
115.521,268483.618643005,2,627,1,628,268483083756375,268483.08526088006,4110630c574ea0ce,0.62718710669282141,-0.85394719574119471,-0.82013253940366249,-0.38714861579501825,0.69160128377211316,0.34301897870389442,0.50412463442504352,0.5982887093226219,-0.83980432293506335,-0.80992358597100189,0.59902097754464945,-0.11391889861697632,-0.21528054034913466,0.7627913488932162,0.45626578231068188,-0.52936670444918832,0.05724882717310472,-0.0025551933805803154,-0.0018982519720824548,0.0016449358378013746,0.10140898779589094,-0.018780913980025366,-0.09972631657244739
11.864,268483.618643005,1,642,1,643,268483583802083,268483.58530658804,4110630e575a9c37,0.85017507996140484,-1.0235189966700482,-0.80770013660016293,-0.48442820130363584,0.60676371665928674,0.3806315289559144,0.50228159662155236,0.81774338788992262,-1.0168762025506612,-0.80111078248654932,0.62431384168379289,-0.08601958548951727,-0.086504270186378379,0.77158918423845058,0.34252025620765658,-0.1673413383407627,-0.024764691659747633,-0.0025546980039701911,-0.0018980858994932541,0.0016447547094163776,0.101004951137177,-0.016376930600083706,-0.099289411385301507
109.829,268483.718652213,2,630,1,631,268483183765500,268483.18527000502,4110630cbdb76b92,0.6740977134140349,-0.90231217736724245,-0.81271128478085741,-0.41438439362874591,0.66230821722598043,0.37461022137997546,0.49930014516521648,0.64382402175998132,-0.89133059802398307,-0.80259844834741378,0.61794792989205583,-0.088169088308329771,-0.17530861221899896,0.76133662613252073,0.47183549366969202,-0.50118624795850741,0.04311114056886628,-0.0025501145225160535,-0.0018900970546346057,0.0016310016074226519,0.10068893202574605,-0.016477184451991759,-0.099380826237148209
11.087,268483.718652213,1,645,1,646,268483683811250,268483.68531575502,4110630ebdc369cd,0.88269137479446536,-1.0366799502444628,-0.80817094389531707,-0.49524891544811217,0.60433762532311852,0.36661618837107296,0.50507145039393064,0.85009697329212597,-1.0298722718887081,-0.80263727801495532,0.61637622404777015,-0.097902652062501538,-0.077137364451173668,0.77752507879377675,0.31043451807168276,-0.11539508168693133,-0.0002087256494607728,-0.0025495313653615573,-0.0018898819726161865,0.0016307313945836649,0.10044269620147789,-0.01455574017224814,-0.09881266160122841
116.231,268483.818661296,2,633,1,634,268483283774750,268483.28527925507,4110630d24203ebb,0.72349390953909298,-0.94628992422960645,-0.80884767428848225,-0.44910874043584847,0.63308519068311364,0.38958804172195577,0.49570726397903758,0.69201203563713165,-0.93806351488529471,-0.79987110718922727,0.62599829735832924,-0.07503761967575609,-0.13009099208723859,0.76522664689334197,0.49364405592729577,-0.42372901613754871,0.021139418869120741,-0.0025394153258101859,-0.001886466846744213,0.0016223136730112782,0.099648023149534443,-0.015440874032384862,-0.10007985377966473
18.375,268483.818661296,1,648,1,649,268483783820416,268483.78532492107,4110630f242c3753,0.91034941508614142,-1.0446402126496375,-0.80738169961044548,-0.49586457350673446,0.60676958405051518,0.35991895251840467,0.50636686052967916,0.87778708333240962,-1.0374771730552754,-0.80211421762223634,0.61255655655417529,-0.10355430609016521,-0.078421682936566789,0.77968006923229249,0.23500976782675576,-0.026547030516146677,0.028298638848529904,-0.0025389794583284306,-0.001886366208399086,0.0016221433431096723,0.099175031097371524,-0.014727103457795931,-0.099746550961422265
117.509,268483.918670505,2,636,1,637,268483383783791,268483.38528829603,4110630d8a8903dc,0.77254333452613733,-0.98170632923181411,-0.80612110495521361,-0.45605172192230325,0.61908097611313084,0.39760280185712782,0.50066719196923315,0.74070343932459237,-0.97444905682129468,-0.79758213413428036,0.63517278707145863,-0.072877527208128512,-0.11527908810297655,0.76023360122928674,0.45124495231736494,-0.28933991342953214,0.019164257099591818,-0.0025325698597155884,-0.0018874103927213708,0.0016199426791849985,0.09904439630830944,-0.01783715239542592,-0.10136450820446236
12.532,268483.918670505,1,651,1,652,268483883829625,268483.88533413003,4110630f8a9507ba,0.92917404554497485,-1.0420374891865707,-0.80243591199478759,-0.49336164749661959,0.6007041443664749,0.36790970166449311,0.51028552826235085,0.89654794297362472,-1.0352523335749315,-0.79706375727845813,0.62097778576506679,-0.10067490978580447,-0.075902605426687503,0.77362131990746974,0.16402126271544223,0.062604175582627278,0.041584211995555044,-0.0025325067223689276,-0.0018874052824232569,0.0016200115230586504,0.098509832126327329,-0.018861473668111788,-0.10167348837911189
111.918,268484.018679588,2,639,1,640,268483483793041,268483.48529754602,4110630df0f1d704,0.81391876981752509,-1.0040389001212648,-0.8057127303648437,-0.4779876140085374,0.6102246400582293,0.38990505513386214,0.49711953362724565,0.78163895395147531,-0.99753396852955023,-0.7982924672557864,0.62722108510419339,-0.075812082766976277,-0.093505695355844368,0.76948224374787988,0.37488722913199912,-0.19863982103064443,-0.021660028909835219,-0.0025301879972390844,-0.0018882119713931693,0.0016282404714253061,0.097579887678354779,-0.021704260790475841,-0.10431616450998404
12.459,268484.018679588,1,654,1,655,268483983838750,268483.98534325504,4110630ff0fdd27f,0.94639684217526121,-1.0366850672691155,-0.79776662605941906,-0.48780947074622572,0.59628259548591989,0.37469920071055285,0.51583868483297657,0.91376497054679073,-1.0300401291054426,-0.7922560269276927,0.62970536101726737,-0.099800683660815986,-0.076702080039178097,0.76656883106777196,0.17503172720949473,0.048789576062569499,0.068089705033393857,-0.0025305343581793279,-0.0018883434823666243,0.0016286813619161623,0.09693036775566978,-0.024045362458889972,-0.10523692864972981
112.243,268484.118688713,2,642,1,643,268483583802083,268483.58530658804,4110630e575a9c37,0.84979768710773484,-1.0231370534345412,-0.80744886999295662,-0.48446060944558028,0.60698839786051029,0.38039914214575421,0.50215490501000026,0.81736894632007517,-1.0164800235212308,-0.80085935744446957,0.62405993490357781,-0.086094323279203425,-0.086640227766816805,0.7717709738515387,0.34360307765366005,-0.16761219486614909,-0.025648006871234988,-0.0025222767961978467,-0.0018869993301970846,0.0016575755211135415,0.093722816087479746,-0.02381180683741287,-0.10619324784789541
12.167,268484.118688713,1,657,1,658,268484083847875,268484.08535238006,4110631057669d44,0.96443587130551411,-1.0313211796913944,-0.77799735454647734,-0.46320655637014868,0.60518472006281909,0.37513888463182482,0.52769499825928468,0.93222505608696027,-1.0233496494054533,-0.77181034882293842,0.63839994389186283,-0.1078734595873352,-0.10039371965640152,0.7554666964261747,0.15915852382450421,0.089250405700218513,0.32393953947467125,-0.0025227335170997676,-0.00188724455925771,0.0016584340897066309,0.092186713824064848,-0.025742199668953435,-0.10668951294871502
112.406,268484.218697880,2,645,1,646,268483683811250,268483.68531575502,4110630ebdc369cd,0.88190716786570933,-1.0362962811840777,-0.80746250344326209,-0.49510854389859882,0.60469990746858049,0.36634857858302189,0.50496962665964285,0.849319515915683,-1.029461966301028,-0.80192192292946507,0.61611499510587697,-0.098019880502224627,-0.077492794278022539,0.77768199327681431,0.31228249142539311,-0.11691336885438353,0.0034913469324983639,-0.002520100733285438,-0.0018744571433312828,0.00170043191336279,0.091724731608882268,-0.026480276061138622,-0.10636927919135582
12.093,268484.218697880,1,660,1,661,268484183857083,268484.18536158802,41106310bdcf6d9a,0.9798338275983598,-1.0183144539375648,-0.7364665324321592,-0.43707535898657435,0.60283933354600827,0.38027602980787462,0.54858004234806268,0.94793645916670999,-1.0094191603595835,-0.72992492779233953,0.65680040989277522,-0.11900890540169327,-0.11721282736881754,0.73533071138092765,0.17933505361700522,0.16875093943519856,0.48427602886276261,-0.0025205661861340666,-0.0018746508807916103,0.0017014969033605041,0.090288827990683801,-0.028044881929254101,-0.10634803914117598
113.862,268484.318707088,2,648,1,649,268483783820416,268483.78532492107,4110630f242c3753,0.90977178147961946,-1.0447150838148342,-0.80651806431305217,-0.49566616306030681,0.60703282916485846,0.35971065152192194,0.506393621116356,0.87721560041248814,-1.0375270768987934,-0.80124657658512244,0.61242818810275756,-0.10372051972519145,-0.078748122705475085,0.77972591426441185,0.23738327517588631,-0.028981537962752112,0.035478450665937002,-0.002543868961111881,-0.0018941190964118693,0.0017368910980489159,0.094121336051132862,-0.02818753757030578,-0.10147690596749535
12.546,268484.318707088,1,663,1,664,268484283866208,268484.28537071304,411063112438385f,0.99658057079046292,-0.99690714685646153,-0.68318669337660731,-0.42574783645852593,0.59825505181117955,0.38735736051100828,0.55748004556550046,0.96475404518203256,-0.98795125164410269,-0.67638778459594406,0.66810091917975378,-0.12029490103509972,-0.12198101853401322,0.72407936698509001,0.18463389365205959,0.25920643311795716,0.59649916217947263,-0.0025443539594819185,-0.0018944887271969701,0.0017378930774543148,0.095228586521776834,-0.029062545995937512,-0.10099076071519618
113.502,268484.418716130,2,651,1,652,268483883829625,268483.88533413003,4110630f8a9507ba,0.93089161987773206,-1.0433049561488159,-0.80166881755018804,-0.49333735236436799,0.60063528303132174,0.3680701680188001,0.51027435578038993,0.89826472976945215,-1.0365280590540349,-0.79629102436007992,0.62108335247178359,-0.10055354280399355,-0.075871092363242576,0.77355544833940904,0.1685306444896143,0.061152260167849345,0.048993815057088067,-0.0025733295555844843,-0.0019566057589932191,0.0017365286552229072,0.098505707985890603,-0.02870351287990543,-0.098812822020098973
17.904,268484.418716130,1,666,1,667,268484383875208,268484.38537971303,411063118aa0fac0,1.013971525479775,-0.96806605642384091,-0.62349152564887966,-0.40425923614589554,0.59210337261814028,0.39798200272716983,0.57236216230871872,0.98233546074087852,-0.95885253302567008,-0.6161681830791027,0.68613692092615175,-0.12330539006381275,-0.13282585917165884,0.70453473843274861,0.14190382749628055,0.33518336747150307,0.62272621153598218,-0.0025737940543938344,-0.0019571662572460818,0.001737114049990439,0.10183979354290564,-0.028783743846360167,-0.098933493947900727
113.012,268484.518725296,2,654,1,655,268483983838750,268483.98534325504,4110630ff0fdd27f,0.94931077831994259,-1.0381690022506902,-0.79744894016266532,-0.4879333689646847,0.59601937553626005,0.37500369010954326,0.51580443682935229,0.91667382428273447,-1.0315505556951212,-0.79193655879606517,0.62989645053540388,-0.099561160152758413,-0.076428346164663763,0.7664703157294942,0.18045828389902643,0.04951617072472439,0.071982517656756256,-0.0025891357199594005,-0.0019707306558647856,0.001709584406388734,0.10475669112865377,-0.028413869667229693,-0.1013030014535152
12.178,268484.518725296,1,669,1,670,268484483884333,268484.48538883805,41106311f109c585,1.0350744919316406,-0.94024833025664922,-0.56126677630729627,-0.39253708755360367,0.59686450263954605,0.39104530494831752,0.58030252719951092,1.0037467174472263,-0.93008515888185905,-0.55387479109174531,0.68684662072817604,-0.13382506168176675,-0.14448129694548434,0.69961255512827036,0.27281676317557241,0.23407686369139022,0.62947267374626659,-0.0025894434441208359,-0.0019711922746459176,0.0017096519891935619,0.10974466339845358,-0.028319498847635859,-0.10240668056646579
111.359,268484.618734421,2,657,1,658,268484083847875,268484.08535238006,4110631057669d44,0.96521081603183501,-1.0317958706077381,-0.77842928882550033,-0.46308391870059001,0.60494523206831086,0.37541188897622169,0.52788305264187851,0.93299740661966213,-1.023836477468046,-0.77224016393920558,0.63872596163556916,-0.107813390894881,-0.10031109400144418,0.75521063492028417,0.15795465713061352,0.089208435466012523,0.32504144233352966,-0.0026029109661325407,-0.001936807363385404,0.0017379598015923568,0.10932714717031501,-0.027548854123890205,-0.105397872173681
10.674,268484.618734421,1,672,1,673,268484583893500,268484.58539800503,411063125772931b,1.0639560945336484,-0.92459208042216934,-0.49216425775069705,-0.38225445212782788,0.59682383266690819,0.37883218102196053,0.59512106198979486,1.0328982938628752,-0.91330750639904512,-0.4852771423474419,0.68868892436881912,-0.15293933035846519,-0.15172345997738976,0.69231287607100933,0.3448836594141424,0.114493890465829,0.72602200205901257,-0.0026030231171843368,-0.0019370251803308106,0.0017380978958361083,0.11249728271318131,-0.027514716506427488,-0.10635560284399395
111.865,268484.718743546,2,660,1,661,268484183857083,268484.18536158802,41106310bdcf6d9a,0.97878041991934606,-1.0195935858925256,-0.73780292998679986,-0.43654433377658397,0.60263698640706664,0.3803606588060704,0.54916621318764669,0.94688737095279885,-1.0106810912358248,-0.73126367784467372,0.65727473699426808,-0.1193635490293519,-0.11744523785549983,0.73481213883366026,0.16683957309724867,0.16470522489651138,0.48321050736330817,-0.0026303002178388389,-0.0018587462756219865,0.0017980272001204345,0.11448530613132196,-0.029540371735230452,-0.10832227240941936
11.809,268484.718743546,1,675,1,676,268484683902708,268484.68540721305,41106312bddb6372,1.095123635637419,-0.9165003489787199,-0.4227554669331387,-0.35962972854975522,0.58964555674868102,0.37615571707213796,0.61764998621888867,1.0644184895183906,-0.90424287040841622,-0.4159503825931572,0.70272673328203505,-0.17076223078801586,-0.1626457475723086,0.67123897358817386,0.33590657871727081,0.10637667858448357,0.66803803440176801,-0.0026303224155606753,-0.0018585699394554592,0.0017984604331543123,0.11521415773726425,-0.030231912116921247,-0.10850867394697293
110.844,268484.818752755,2,663,1,664,268484283866208,268484.28537071304,411063112438385f,0.99249458841537996,-0.99888797189080514,-0.68502000219680792,-0.42470016236455732,0.59843403336155421,0.38709356927657201,0.5582697391399114,0.96068776494128716,-0.98986795108288661,-0.67821367006568056,0.66847278828069778,-0.12103982726749297,-0.12284839503523153,0.72346510861309177,0.1661108824291174,0.25057897708695726,0.59438013810932777,-0.002629460798089392,-0.0017919905275308508,0.001886643130375235,0.11508643144467651,-0.031584006895139148,-0.10540273095754281
10.605,268484.818752755,1,678,1,679,268484783911875,268484.78541638004,4110631324443108,1.1277759929455291,-0.90863411939037064,-0.35857847622840711,-0.33198794145360333,0.59403104661668638,0.38576103738576722,0.62297640214732053,1.0976213703790223,-0.89587272001170226,-0.35038052674477127,0.71328506495276778,-0.16773658856169482,-0.18529245169406025,0.65479428855039268,0.35987449723481468,0.075203495202237444,0.63205524621086329,-0.0026294785678598739,-0.0017915136051711491,0.0018872062186748209,0.11317969815974477,-0.032534266832228848,-0.10447037022341024
108.544,268484.918761838,2,666,1,667,268484383875208,268484.38537971303,411063118aa0fac0,1.0053776806505428,-0.96988428437379004,-0.62524846809058099,-0.40246552983116468,0.59291440346797675,0.39709797112498885,0.57339974014541617,0.97378750516337165,-0.96053358154860502,-0.61790094324670286,0.68624549450691541,-0.1246641730926837,-0.13466768643492896,0.70383988196630365,0.1237410534510594,0.32553586143893976,0.62204527019109146,-0.002604553939287288,-0.0017307420639968124,0.0019537240821767689,0.11589574900580038,-0.033435757605734619,-0.10020160781943428
10.072,268484.918761838,1,681,1,682,268484883920916,268484.88542542106,411063138aacf62a,1.1628699425945974,-0.90317389592885944,-0.29659749544873526,-0.32211592083947654,0.59019638192215251,0.39785686320866115,0.62419510885458063,1.1327335701788308,-0.89082138662865695,-0.2877332118582111,0.72269986094267624,-0.16004530407989248,-0.18956150689165768,0.64510219867891883,0.37794840629884408,0.02187401966988374,0.62947962952670555,-0.0026045800174187683,-0.0017302757171576558,0.0019540230678453548,0.11444606096737794,-0.034442817358766302,-0.098616821501869678
107.951,268485.018770880,2,669,1,670,268484483884333,268484.48538883805,41106311f109c585,1.0261133573792445,-0.94216334655843326,-0.5622935161203465,-0.3903455029646023,0.59821770292564469,0.38981875005608946,0.58121197814469128,0.99485434296664721,-0.93182370574689488,-0.55485531756101769,0.68662239438284334,-0.13533544585386664,-0.14698783830182538,0.69901972791822031,0.26629767848211994,0.2275561767646693,0.63021531976733935,-0.0025462681991918726,-0.0016822300196885826,0.0019583489816728172,0.12157860123915518,-0.035045485399138106,-0.094529641050666607
16.855,268485.018770880,1,684,1,685,268484983930083,268484.98543458804,41106313f115c3c0,1.2025402683945998,-0.89880854253906206,-0.22901099363689231,-0.31573311126854187,0.56956759251077083,0.40863142537337516,0.63947304198064114,1.1720435906043822,-0.88707678429771342,-0.22054462225992125,0.74112175653947621,-0.16322966814013529,-0.1794880782098468,0.62600211437601272,0.38075891529370159,0.01248277329609771,0.70375449047928373,-0.0025463412949815354,-0.0016821084639405291,0.0019583312732997949,0.12309061839704884,-0.036524897238610361,-0.093265383124748136
108.181,268485.118780088,2,672,1,673,268484583893500,268484.58539800503,411063125772931b,1.0570265097010054,-0.92527923212669683,-0.49282877222484234,-0.38017263563814441,0.59822453546170573,0.37752788218129157,0.59587660104401008,1.026042603382479,-0.91382146004757114,-0.48589494498484043,0.68830089261289917,-0.15439585566333011,-0.15418597291354097,0.6918312559714106,0.34888693474111632,0.11346331308294964,0.72766567693963613,-0.0025463687101989494,-0.0016513403290363343,0.001965137053779029,0.1227057377856587,-0.034510442550825901,-0.095741447900115378
12.243,268485.118780088,1,687,1,688,268485083939208,268485.08544371306,41106314577e8e85,1.2380096269867895,-0.89166082737028818,-0.15730502035938632,-0.32822171545958023,0.55092308230126608,0.43176371268396957,0.63429836237395221,1.2067581825195708,-0.88196405176879167,-0.14901763756304065,0.75381970238295093,-0.14321362041065266,-0.1574736424834875,0.62164923160182184,0.32577666359811142,0.053583610765029509,0.72027088207959156,-0.0025464636193604819,-0.0016514380798764558,0.0019651301913781354,0.12527501479651362,-0.035409376664890649,-0.095622972898184333
108.607,268485.218789296,2,675,1,676,268484683902708,268484.68540721305,41106312bddb6372,1.0921314577647281,-0.91470835990980603,-0.42353187567842293,-0.35820380783233702,0.59084336312210273,0.37492062807831511,0.61808472571551154,1.0614883481279023,-0.9023141074822244,-0.4166949691766883,0.70216080074030307,-0.1719429778056133,-0.16450100274086299,0.67107767239293958,0.34575862212179753,0.11308697838390463,0.6677200958098255,-0.0025588619990576712,-0.0016358622938795711,0.0019368981425505541,0.12489345107366799,-0.032526265802706997,-0.10033894937294133
11.643,268485.218789296,1,690,1,691,268485183948416,268485.18545292102,41106314bde75edb,1.262415224913374,-0.88433431927807082,-0.083324963280387368,-0.35244621813758265,0.52832725988837947,0.44057477243247029,0.63446504465408471,1.2303635284221488,-0.87629144070361409,-0.076442971690917766,0.76016792448223869,-0.1371011226462639,-0.12436667399521317,0.62280088243102882,0.18947284520942007,0.054505951619127295,0.75800412858716371,-0.0025589347953335747,-0.0016361586415391742,0.0019369809458390902,0.12768340656900004,-0.032644242130883801,-0.10107171950228801
112.400,268485.318798255,2,678,1,679,268484783911875,268484.78541638004,4110631324443108,1.126875459343804,-0.9055242999522124,-0.35945326823816842,-0.33114497454160713,0.5948968517381894,0.38461822865417061,0.62330539306766575,1.0967672857314399,-0.89265864184954236,-0.35124755831887772,0.71270960887509238,-0.16877730804844124,-0.18650073595430153,0.65481043760277546,0.36408806741964589,0.086595933575822251,0.6303399219652932,-0.0025701456388504415,-0.0016171013917222416,0.0019397931279027671,0.12694644159523794,-0.032343335815248481,-0.10257519855279516
15.310,268485.318798255,1,693,1,694,268485283957375,268485.28546188003,4110631524501e7c,1.2732663194025249,-0.87852000520606621,-0.0042993547576758561,-0.37105050592416233,0.5047677178782729,0.45322834949244639,0.63412553131869454,1.2406037118808095,-0.87224571426552777,0.0014581008472305506,0.76887528221418666,-0.12791362056357547,-0.0945523448184281,0.61929698866029514,0.058689055234856478,0.045826026078650814,0.80317949267641087,-0.0025701586039778104,-0.0016173041517299951,0.0019399803608751581,0.12891640334023366,-0.032326929204931923,-0.10329087003526882
111.621,268485.418807421,2,681,1,682,268484883920916,268484.88542542106,411063138aacf62a,1.1615903533244019,-0.90028979155653899,-0.29768696936836381,-0.32160914430198184,0.59071651744360509,0.3969654032652824,0.62453188560998074,1.1314833690167803,-0.8878621125618158,-0.28882789251626806,0.72230764070948206,-0.16091379855539381,-0.19028764335290174,0.64511164490681383,0.37357098419948082,0.030967578915792021,0.62814345455524356,-0.0025763687518472896,-0.0015957096679352018,0.0019747484300154591,0.12860355521384126,-0.035464041820495971,-0.1001573818826684
10.263,268485.418807421,1,696,1,697,268485383966583,268485.38547108806,411063158ab8eed3,1.272563726657246,-0.87389405316511926,0.077141903211150012,-0.38205371546226463,0.50018817415655425,0.47285992166630963,0.61664438425207702,1.2397028296011141,-0.86941280314471159,0.083422093884011575,0.77039586234949697,-0.10167096581857744,-0.083533674612017286,0.62383920619828492,-0.083837209672481663,0.040258592738963747,0.80133858039158368,-0.0025763237188259872,-0.0015957218359885746,0.001975007369384817,0.12943829467936907,-0.036348713883971401,-0.1000950151598782
108.953,268485.518816546,2,684,1,685,268484983930083,268484.98543458804,41106313f115c3c0,1.1986102085151038,-0.8990565450011121,-0.23102000102482204,-0.31524496242030736,0.56970485826814299,0.40802395371322181,0.63997929227671502,1.168131825763614,-0.88727007369085265,-0.2225637470744776,0.74105018222843899,-0.16401718846678692,-0.17993031310675808,0.62575400256966152,0.37084934829281802,0.011927937591571864,0.70074553593844313,-0.0025827694014867236,-0.0015816604499066036,0.0019896056738119539,0.12884975039885022,-0.037088708245341523,-0.097669823566736577
8.133,268485.518816546,1,699,1,700,268485483975666,268485.48548017105,41106315f121b6c6,1.2572323579214268,-0.86916580408934707,0.15297689319783433,-0.40224127683177113,0.48410830892688994,0.4525780262262441,0.63167577429432142,1.2240490383017881,-0.86436741808710815,0.15687609090518556,0.76668319447682121,-0.12664122878473053,-0.057888732009873725,0.62674378591654123,-0.19597403236917571,0.057120745107005301,0.66878489806998132,-0.0025827905612773672,-0.0015816412544493715,0.0019897867923624993,0.12956858580872538,-0.038203218201745603,-0.096926829553701896
98.774,268485.618825755,2,687,1,688,268485083939208,268485.08544371306,41106314577e8e85,1.2345622660757087,-0.89307345276044581,-0.15920577400182911,-0.32792543301792387,0.5508988349074847,0.43139653162658947,0.63472235646037556,1.2033179182496534,-0.88334321767157242,-0.15093085974207254,0.75385987525997833,-0.1437730657050576,-0.15766600030544242,0.62142258278764151,0.31739344985498524,0.050495035921140491,0.71709939175910598,-0.0025831433516736195,-0.001587839374732619,0.0019909632700150486,0.13009975957934236,-0.039982130951629551,-0.091868273779725437
7.457,268485.618825755,1,702,1,703,268485583984750,268485.58548925503,41106316578a7eca,1.2358620739454411,-0.86391520001839084,0.21550502480361672,-0.42068436248194985,0.47145099092261566,0.43352142153572931,0.64250903542546356,1.2025393925741923,-0.85886044865990618,0.21735146648986689,0.7608684126366716,-0.14777655503364856,-0.035897426273277105,0.6308349413444797,-0.24356555170436986,0.056739145937324251,0.51950361356109642,-0.0025833195176718192,-0.0015878848102108575,0.0019910510571365201,0.13101642887410728,-0.041274880587277914,-0.090776592061251826
92.678,268485.718834796,2,690,1,691,268485183948416,268485.18545292102,41106314bde75edb,1.2604912900472531,-0.88580062029074436,-0.08439517971293356,-0.35216465455403728,0.52833434256265266,0.44035646448307159,0.63476697767934875,1.2284449199695442,-0.87773293425689691,-0.07751742143945646,0.76022705633888699,-0.13746898855751147,-0.12457077771605035,0.62260679512394013,0.18661467912250801,0.053720694846062303,0.75900725388664469,-0.0025719018273433632,-0.0015993541057728879,0.0019779708867827873,0.13151844809103561,-0.039664182262836349,-0.08893430526533265
7.091,268485.718834796,1,705,1,706,268485683993833,268485.68549833808,41106316bdf346be,1.20954815245893,-0.8576459972490017,0.2602845846988367,-0.44780508904128902,0.47383084257723307,0.40652830024962838,0.64007009706742346,1.1762319031874391,-0.85222685220242278,0.2604307127612453,0.74005680423173115,-0.16513898382662634,-0.018402986321121549,0.65169499969348477,-0.24967225377653895,0.038608113136950312,0.37560354171109694,-0.0025720403442706483,-0.0015995001030388021,0.0019780040771099597,0.1326192975212023,-0.040169247426392156,-0.088216168108346107
86.769,268485.818844005,2,693,1,694,268485283957375,268485.28546188003,4110631524501e7c,1.2725588748685668,-0.87890768766897309,-0.0049291687766284172,-0.37094138930604553,0.50476506200060534,0.45314131507862365,0.63425367138434563,1.239897802697701,-0.8726233161909559,0.00082600209332672444,0.76890434829856624,-0.12806577189310156,-0.094627623927927035,0.61921795357267873,0.059281003743881594,0.050540012297515313,0.80687749847838142,-0.002556639643462534,-0.0016061832815688129,0.0019608580565195098,0.13388811703011655,-0.03702813973294606,-0.087209457545698726
7.041,268485.818844005,1,708,1,709,268485784003041,268485.78550754604,41106317245c1714,1.1863186012030762,-0.85257955946821273,0.29253892740193244,-0.46790430914751679,0.48790271897013204,0.3995309021352686,0.61918624480377149,1.1529309112647166,-0.84762830597036587,0.29286786713292207,0.72034178354602163,-0.15531977819227799,-0.014141010822279801,0.6758576131057209,-0.20574281297182143,0.02099721863363899,0.3285937785769078,-0.0025566826903741036,-0.0016063723405310209,0.0019609106654340036,0.13517457034447053,-0.03691189889937737,-0.086894310426185464
77.640,268485.918853130,2,696,1,697,268485383966583,268485.38547108806,411063158ab8eed3,1.2720682980753444,-0.87229705331947227,0.07505669932231869,-0.38225821361880336,0.50014746909948482,0.47285132000305619,0.61655725578261467,1.2392050012543496,-0.86782409404867777,0.081330239740902449,0.77032817092529082,-0.10161543898287954,-0.083360289761519393,0.62395502540654979,-0.083006557006407952,0.050635073975357936,0.80150581664457254,-0.0025438681451621743,-0.0016093610824047305,0.0019438842887797255,0.13678038992009092,-0.033232429283577343,-0.086730947475937278
6.724,268485.918853130,1,711,1,712,268485884012166,268485.88551667106,411063178ac4e1d9,1.1637811894596253,-0.84979802424028528,0.32049349046884773,-0.48228358786429426,0.49720959060078884,0.39147027527771122,0.60575262333547719,1.1303657353256888,-0.845035476816831,0.32078763164030233,0.70514305520268539,-0.15152049736883169,-0.010554277470174685,0.69260625019097755,-0.22252487291930745,0.024640208346192551,0.28073752394940654,-0.0025438420581075497,-0.0016095619628210805,0.0019439761700841415,0.13811119086585857,-0.032884479389163612,-0.086586824754770239
74.015,268486.018862213,2,699,1,700,268485483975666,268485.48548017105,41106315f121b6c6,1.2567982031383926,-0.86551762786134068,0.1491521375922267,-0.40269961590065145,0.4840212945268148,0.45264903058668321,0.63139948853279093,1.2236100192866439,-0.86074502172842593,0.15304156367960581,0.7665380386099202,-0.12639565759098043,-0.057503108884091707,0.62700635210088929,-0.19678798381340593,0.071010921531372784,0.66276336262703028,-0.0025279221947683813,-0.0016163541256937087,0.0019211612518401856,0.13927665479193022,-0.029397038401853925,-0.08515587136986448
6.785,268486.018862213,1,714,1,715,268485984021375,268485.98552588007,41106317f12db241,1.1400204038896495,-0.84415706874568719,0.34557980334419253,-0.50112796844587915,0.50714330617265491,0.36367034601349996,0.59951677114862789,1.1067108654234568,-0.83875550667930809,0.34476818374187096,0.6810761239759876,-0.16676860209456895,-0.0042534859845611978,0.71295543658930594,-0.23595110055540774,0.045547400337456148,0.27039393526440475,-0.0025279036109849421,-0.0016165304130037592,0.0019212613309056009,0.14040539098817745,-0.02917125362176462,-0.084811119985091651
72.789,268486.118871255,2,702,1,703,268485583984750,268485.58548925503,41106316578a7eca,1.234998768704872,-0.85953607397471277,0.20962414101076413,-0.42122804428156058,0.47139194605921764,0.43354433283144417,0.64218060744891192,1.201671266998831,-0.85450887224424643,0.21145875943474912,0.76065237972563415,-0.1475281206583417,-0.035471234174001068,0.63117763139937144,-0.24649048277525179,0.070125442216700626,0.50705506736640715,-0.0025258632369018459,-0.0016185018111500383,0.0019063994583981647,0.14082737595374764,-0.028494012657186121,-0.083628622628005134
7.016,268486.118871255,1,717,1,718,268486084030333,268486.08553483803,41106318579671d0,1.1163954227484698,-0.83795667026318044,0.37327875570749908,-0.5114455846213275,0.51851909596217327,0.34369116942479738,0.59282189092999471,1.0832078024505458,-0.83193991928614286,0.37195908961043694,0.66221471802759646,-0.17616201789121336,-0.005001727702834813,0.72829499064603864,-0.22328695656059935,0.094939971761412417,0.26430453929800835,-0.0025259278609127303,-0.0016185748893125583,0.0019064919544583062,0.1414077268188543,-0.028664556045910623,-0.083135150521247023
76.931,268486.218880421,2,705,1,706,268485683993833,268485.68549833808,41106316bdf346be,1.2080972161072046,-0.85271085638355215,0.25335260513056485,-0.44831785769153559,0.47384304929628168,0.40642946313072192,0.63976480664399404,1.1747777110968014,-0.84731144717006757,0.25348646316604823,0.73977104291368434,-0.16499299929888389,-0.018049035594584945,0.65206621332719272,-0.25330514151020245,0.052555955226210128,0.36156587780371552,-0.0025140923551647404,-0.0016136124627056118,0.0018979428483140931,0.13978558205604821,-0.02816484612530451,-0.082122881205348774
11.328,268486.218880421,1,720,1,721,268486184039458,268486.18554396305,41106318bdff3c95,1.0916970866414413,-0.82421798125021783,0.39504292254894841,-0.53127108689238611,0.5285676464296688,0.32760802430683411,0.57536102666259592,1.0584905311598101,-0.818406315135778,0.39333700285968376,0.63849552215410033,-0.17518782336399669,0.0019116210328605199,0.74941913535696081,-0.2405097790187859,0.14785294348035599,0.16222353833831812,-0.0025141865107340851,-0.001613604447010862,0.0018979563341324664,0.13976299549788829,-0.028577792229512174,-0.08161160340148968
78.407,268486.318889505,2,708,1,709,268485784003041,268485.78550754604,41106317245c1714,1.1848237305432616,-0.84753589590550482,0.28559108711042885,-0.46830267054028168,0.48801661184709683,0.39934148541965253,0.61891746344841991,1.1514347127992903,-0.84259307010458262,0.28591189727410093,0.72001778859153409,-0.15526365891882762,-0.013939861211075292,0.67621983156390131,-0.20802159100534565,0.035056812876348029,0.31594085322924725,-0.002500970260663989,-0.0016034540965787257,0.0019001286473744336,0.13844028329768429,-0.027151396343159901,-0.080947975360630545
8.497,268486.318889505,1,723,1,724,268486284048625,268486.28555313003,4110631924680a2b,1.0714997957624994,-0.80597866125814488,0.40685344005692475,-0.54552674239842591,0.55435744047034163,0.29741687419121066,0.55374331389385012,1.0384800649701853,-0.79923483736882117,0.40496157068524691,0.60186112485770238,-0.18125015888875592,-0.0062442463231265951,0.77773554353371188,-0.19501469794516957,0.16338433550697129,0.12102701828443677,-0.0025010436931683995,-0.0016033915576588475,0.0019000975848799588,0.13811623433066839,-0.027427527243787234,-0.080687518362783553
80.143,268486.418898630,2,711,1,712,268485884012166,268485.88551667106,411063178ac4e1d9,1.1629203366554821,-0.84520021976135429,0.31593283275459022,-0.48258762718859399,0.49730210502913957,0.39127976958580551,0.60555758895701117,1.1295042062247702,-0.84044194619979928,0.31621920963505057,0.70487043721175968,-0.15151729510394019,-0.010404706785838862,0.6928866560311211,-0.22331530048694631,0.036500685492208619,0.273732154037927,-0.0025060508982245695,-0.0016029658062556452,0.0018998615657862875,0.13705251558418804,-0.028603939632202629,-0.081872612052824922
8.479,268486.418898630,1,726,1,727,268486384057791,268486.38556229603,411063198ad0d7b0,1.0525038611440085,-0.79226384195882182,0.41788210820051219,-0.54089181791904761,0.56826168411494682,0.27775187499226517,0.55440837730488313,1.0198076034861656,-0.78417328632248995,0.41567788574486753,0.58842614177741481,-0.19562568363974014,-0.019353417472367091,0.78428994179803846,-0.16843105506163492,0.15377813741176194,0.081809078717247852,-0.0025061123271540664,-0.0016028983280409438,0.0018998129316404723,0.13643605298030137,-0.02887741107465042,-0.081868838014302003
81.399,268486.518907713,2,714,1,715,268485984021375,268485.98552588007,41106317f12db241,1.1395741577019847,-0.84147930408662863,0.34400276263198054,-0.50129866378219334,0.5071953913409416,0.36352777347331572,0.59941646275249272,1.106264579125265,-0.83607890345869096,0.34318508294793215,0.68090438122346464,-0.16679848735663194,-0.0041696159326626431,0.71311296619063402,-0.23593328288161444,0.051713716415079734,0.26931770173230268,-0.0025144464638693657,-0.0016106846335823602,0.0018980920314676242,0.13596809604255902,-0.029984606795344353,-0.08354748359337609
7.870,268486.518907713,1,729,1,730,268486484066875,268486.48557138006,41106319f1399fb5,1.0340534272389774,-0.78072443561207616,0.42203512609680244,-0.51873117917954126,0.59135546009299889,0.279839560361757,0.55036947338512432,1.0016963902219815,-0.77113559024624001,0.42137395138657913,0.58704642194565326,-0.19129353092302845,-0.051353120146389236,0.78494976944963624,-0.21287188801234969,0.14999066596771266,-0.0055330526452378572,-0.0025144958449633248,-0.0016106138673991196,0.0018980396114580472,0.13509211488125342,-0.030240887309306554,-0.083692689110995977
82.578,268486.618916838,2,717,1,718,268486084030333,268486.08553483803,41106318579671d0,1.1160827726799873,-0.83665130355194628,0.37294290592367496,-0.51137051304657721,0.51867698300519505,0.34347311709074113,0.59287490816829058,1.0828984237863668,-0.83061707318911671,0.37162078474867849,0.66209802059535539,-0.1763536930188972,-0.0051664543168145763,0.72835355002368263,-0.22183138830779572,0.096376960051711341,0.26574618447907283,-0.0025356973581547398,-0.001586202499654212,0.0019105947026223414,0.13443258918526699,-0.030947023104593907,-0.085508237870079218
7.858,268486.618916838,1,732,1,733,268486584075833,268486.58558033803,4110631a57a25f44,1.0039821762439016,-0.76749682861625412,0.41768715171050691,-0.49981193400407925,0.61494670214969704,0.27711882898214124,0.54335420489618058,0.97209953664017423,-0.75643234061741282,0.41834696167475777,0.58016203060013127,-0.18825683469176038,-0.081412573140024785,0.78825337003814422,-0.39033179965343856,0.20825172902423106,-0.068073909901118404,-0.0025357371693377198,-0.0015860117141556203,0.0019105547461956652,0.13358887671761704,-0.030974935898660991,-0.085750995978244163
86.099,268486.718925838,2,720,1,721,268486184039458,268486.18554396305,41106318bdff3c95,1.0909600310967691,-0.82498211348882666,0.39496128967922423,-0.53097865770821273,0.52880538195186899,0.32736361411072518,0.57555160537172245,1.0577591093116858,-0.8191380978658851,0.39325623074000887,0.63845745754562644,-0.17549540696044588,0.0015367379838121158,0.7493804610987207,-0.23842365007448649,0.1443293864674553,0.16395246819861109,-0.0025474443073135234,-0.001557901009623203,0.0019227020988188093,0.13393371572156415,-0.030233187495037821,-0.086693536877329336
10.431,268486.718925838,1,735,1,736,268486684085000,268486.68558950507,4110631abe0b2cdb,0.95889200444743861,-0.74330546689625876,0.41027314227162476,-0.49971128202255483,0.61536915895809374,0.27420637406541015,0.54444499304976968,0.92705522598600532,-0.73210195095261166,0.41078472771381902,0.57887391771312324,-0.19108755493820703,-0.081782466902834833,0.78848092040739004,-0.52177801038282501,0.31544037789013346,-0.053551652119998322,-0.0025475013371888348,-0.0015577073975257616,0.0019227131741352101,0.13373024150436319,-0.03014898341506498,-0.086850726673824402
85.733,268486.818934963,2,723,1,724,268486284048625,268486.28555313003,4110631924680a2b,1.0697816709177979,-0.80895100978496692,0.40714790869743467,-0.54506961415718702,0.55471925998183413,0.29708023575246467,0.5540117733997012,1.0367716311435207,-0.80215944076052936,0.40525771922186898,0.601812915073201,-0.18167802773727851,-0.0068233298171132585,0.777668150086395,-0.19354339851597252,0.15624246427911856,0.12327018831919842,-0.0025442246323519047,-0.0015238396705929275,0.0019348825169817911,0.13338177204229701,-0.029918291710082388,-0.086403034120275293
10.459,268486.818934963,1,738,1,739,268486784094083,268486.78559858806,4110631b2473f4ce,0.90327453972447391,-0.70693892398566582,0.40482981487250491,-0.49395778558842507,0.62092902305696962,0.27884538686784033,0.5410158572695456,0.87151718656836008,-0.69555853614734309,0.40597796344033921,0.57972942993716503,-0.1853825125155813,-0.089782220640888061,0.78834400167371799,-0.60695556951265484,0.39661713225184447,-0.035595201302332867,-0.0025443151059337961,-0.0015237366718838881,0.0019349116419425532,0.13345549912470808,-0.030000771356573124,-0.086394741791524746
86.589,268486.918944046,2,726,1,727,268486384057791,268486.38556229603,411063198ad0d7b0,1.0507965082968462,-0.79527917651780544,0.41768791964623059,-0.54032565966856694,0.56875396976134696,0.27729255691943155,0.55468549149405444,1.0181150797423053,-0.7871282074614625,0.41548635587391342,0.58829730417914661,-0.19614641987223344,-0.02010185030944411,0.78423770598013898,-0.16697813474722212,0.14644999761570168,0.084401369990790648,-0.002543933830381576,-0.0015031703833048547,0.0019356938916352258,0.13271439253615513,-0.032339449902945933,-0.088280217254201432
9.251,268486.918944046,1,741,1,742,268486884103166,268486.88560767105,4110631b8adcbcc1,0.83765594016077249,-0.66681123250278318,0.40145288386340627,-0.48267343391797252,0.61801511556499411,0.28609443831493886,0.55066659486549507,0.80599611454650621,-0.65519812202886973,0.40291987369347637,0.59167938505218298,-0.18708076103253157,-0.095701018323555612,0.77830431660603927,-0.67330224537939976,0.40803111592040597,-0.060840610237871684,-0.0025441307553335027,-0.0015031441982920788,0.0019356965231103549,0.13265501753354986,-0.032973606569677974,-0.088147124607989277
86.136,268487.018953213,2,729,1,730,268486484066875,268486.48557138006,41106319f1399fb5,1.0329915512806991,-0.78280097933249049,0.42057999910914817,-0.51806712719753201,0.59191815627503452,0.27928791065104386,0.55067019545814755,1.0006551121974741,-0.77314271041840321,0.41992159120620459,0.58686898931617637,-0.19189624877536443,-0.052220562068914074,0.78487810007806924,-0.21102576793837177,0.14472064861088105,-0.0051199185532168614,-0.0025472683672816661,-0.0014953883049708854,0.0019322095800015609,0.13189829244395829,-0.033826914829223259,-0.089931903149025008
7.618,268487.018953213,1,744,1,745,268486984112333,268486.98561683804,4110631bf1458a57,0.77504382514367542,-0.62482176531021816,0.3886126372160596,-0.46483734020444739,0.60901323066195767,0.31062947410004382,0.56261755666096158,0.74332423256045155,-0.61355813979482776,0.39113437046323962,0.61747888067333345,-0.1781824772162548,-0.10194774711366815,0.75932700043784396,-0.54193131155729135,0.43597256488963942,-0.22108375914711259,-0.0025475462687912414,-0.0014953577084457017,0.0019321776889810361,0.13167765630076653,-0.034558532403950737,-0.089827135990746085
86.306,268487.118962213,2,732,1,733,268486584075833,268486.58558033803,4110631a57a25f44,1.0037568414691365,-0.76786685199345528,0.41515055962015029,-0.49936350108104216,0.61549178423963646,0.276529086941948,0.54344979032945218,0.9718941497228144,-0.75674501055148125,0.41580970268887496,0.57981260912170562,-0.18874143438268745,-0.082115094324219665,0.78832171131763873,-0.38909075401272214,0.20564957923740868,-0.067034981802965521,-0.0025509160923741421,-0.0014834593612571318,0.0019183944441262036,0.13047659188252966,-0.038035493722176857,-0.094515236561781929
7.740,268487.118962213,1,747,1,748,268487084121458,268487.08562596305,4110631c57ae551c,0.7266101925060251,-0.57970782501645268,0.35509259880843419,-0.44571016572174627,0.62870103271526723,0.32086029906238434,0.55056896146906742,0.69535684245304497,-0.56776909424397948,0.35957096569546865,0.6161935230515756,-0.16242854856344408,-0.12939407950363435,0.75972342398419401,-0.40394378834830463,0.4904475690544573,-0.42789786012316905,-0.002551317407592769,-0.0014833881248090268,0.0019183080984913148,0.13015446983659093,-0.038975826883559495,-0.094364994191755008
86.004,268487.218971380,2,735,1,736,268486684085000,268486.68558950507,4110631abe0b2cdb,0.95887263865791794,-0.74340539272128292,0.40858265897943663,-0.49937798582803788,0.61590823015632368,0.27361520531699024,0.54443865763542043,0.92705380072368015,-0.73215095537569042,0.40909270262016001,0.5784514184790831,-0.1915010945435896,-0.08239932378551991,0.78862642530404281,-0.51936165402179546,0.31345434533119099,-0.047747988044176397,-0.0025573290717241259,-0.0014637960857887794,0.0019195377217416521,0.12713449883337591,-0.041426063449556703,-0.097485176339961177
7.713,268487.218971380,1,750,1,751,268487184130500,268487.18563500507,4110631cbe171a4f,0.69206206149893823,-0.53797982048712489,0.30489871662993512,-0.43319401124781942,0.64227385088204247,0.30429798189185037,0.55428335760800462,0.66144089437106424,-0.52448602651318454,0.30932845701535916,0.60710867120769807,-0.1767663496632717,-0.14784176848124148,0.76047059802696126,-0.30986252489640026,0.38585829071751865,-0.56854335484420238,-0.0025576056722348621,-0.0014636586147396375,0.0019194154802507218,0.12674239493662517,-0.041731877285977534,-0.097467982072680051
82.924,268487.318980463,2,738,1,739,268486784094083,268486.78559858806,4110631b2473f4ce,0.90316833643586236,-0.70867228333380039,0.40514173397763881,-0.49378816408892784,0.6212802772562499,0.27839577158253404,0.54099899600232992,0.87142283539308896,-0.69725836780104533,0.40628482090390594,0.57939958121238821,-0.18568851580821724,-0.090150535369849391,0.78847243538400258,-0.60380971409267759,0.39282862883557196,-0.025518219012105395,-0.0025681747663809642,-0.0014564694221299726,0.0019214552247024798,0.12418897479206856,-0.041801200402711375,-0.098003527701055568
7.596,268487.318980463,1,753,1,754,268487284139625,268487.28564413002,4110631d247fe513,0.66512602262763898,-0.51421134303860994,0.24011492877945778,-0.42464608445070606,0.63791090560893116,0.29533051034601437,0.57054826468680098,0.63476409429644565,-0.49995317983836834,0.24388574329801416,0.61226873722103603,-0.1946083352195076,-0.15080099721726975,0.75134123307797152,-0.31407068468912519,0.14970942593186792,-0.72140615606583447,-0.0025682734505874882,-0.0014563631742719354,0.0019213807145598465,0.12396546363333494,-0.041420741836042323,-0.098195803525406009
84.496,268487.418989588,2,741,1,742,268486884103166,268486.88560767105,4110631b8adcbcc1,0.8383296776850222,-0.66923493827319003,0.40225375133216434,-0.4825534216758896,0.61818832312816396,0.28573201606556398,0.55076552232730447,0.80667850788943762,-0.65759694512090494,0.40371029447434631,0.59149306610604535,-0.1874069845331289,-0.095908356030711572,0.77834193137730634,-0.66935911045596952,0.40316521972905206,-0.050521968277652936,-0.002587265861205047,-0.0014500563964658113,0.0019152014965537778,0.12333727045043097,-0.040064016163578346,-0.098297101747472221
11.918,268487.418989588,1,756,1,757,268487384148750,268487.38565325504,4110631d8ae8afd8,0.64086799867745847,-0.51062836116601618,0.15965996471455815,-0.40993775882082784,0.61574939105245774,0.32063840079578232,0.59160357542791076,0.61018968427368414,-0.49719384301427588,0.16386896689326189,0.64505247030836999,-0.19160130734998482,-0.14553079692603005,0.725270319754587,-0.19736793201740535,-0.008742163211135006,-0.93241777663990355,-0.0025871874315857592,-0.0014500652961491024,0.0019152056166652374,0.1235388891454644,-0.039414581853719509,-0.098604488586856678
82.819,268487.518998671,2,744,1,745,268486984112333,268486.98561683804,4110631bf1458a57,0.77619851344525093,-0.62710337324923648,0.38995689717406579,-0.46482084990906036,0.60904575723397947,0.31036795116489846,0.5627402875104025,0.74448279438794995,-0.61582588110341985,0.39246534042556663,0.61738073985096797,-0.17845418566580332,-0.10198240727208327,0.75933833979749576,-0.53848961325939937,0.43136678755252666,-0.21237425463856685,-0.002579590875704957,-0.0014579913295698355,0.0019003359770050142,0.12374021541608694,-0.039520180940820229,-0.099398782968737262
7.980,268487.518998671,1,759,1,760,268487484157750,268487.48566225503,4110631df1517239,0.62574305231502569,-0.50863315811571108,0.04963635341159553,-0.39175827980722233,0.6295370427836926,0.33877934376056423,0.57916938059542722,0.5954281529751545,-0.49519950944345981,0.05595338699790775,0.64908775050387824,-0.16998142065304916,-0.16813497124937152,0.72216482898404799,-0.09629079900370692,0.060527405284710088,-1.2089462198389536,-0.0025794420271416044,-0.0014580721797129708,0.0019003235303165706,0.12403557910347546,-0.039269821960784178,-0.099600694409886809
82.600,268487.619007713,2,747,1,748,268487084121458,268487.08562596305,4110631c57ae551c,0.72804961952781932,-0.58176159836797559,0.35577248262945549,-0.44578840592074809,0.62858048063250316,0.32063103351910871,0.55077678788362006,0.69679552086149721,-0.56981674310632602,0.36022924168740816,0.61617836329867615,-0.16273761924260333,-0.12925351213689007,0.75969350496505705,-0.40236416237761324,0.48371903995055182,-0.42514039000324377,-0.0025907373388779774,-0.0014546574467942605,0.0018671450267217628,0.12361028014150442,-0.038342036291852087,-0.10359939400437779
7.368,268487.619007713,1,762,1,763,268487584166875,268487.58567138005,4110631e57ba3cfe,0.61153589386084373,-0.50727335909991278,-0.082139999166485372,-0.3730311596132454,0.6456329875500959,0.33364411668950256,0.5767906517582414,0.58199561908860831,-0.49264313276016519,-0.074881239245177575,0.64377458146898314,-0.1719305591946923,-0.19275859596941403,0.72030430704622073,-0.11890294877216072,-0.0044736458351367298,-1.3637712533824156,-0.0025907058719150098,-0.0014548158162397237,0.0018671045092407547,0.12399818182697422,-0.038447012881632693,-0.10369552348621303
82.398,268487.719016755,2,750,1,751,268487184130500,268487.18563500507,4110631cbe171a4f,0.69082612378129915,-0.54009597302747925,0.30533691842754901,-0.43353224035773102,0.64195866024030712,0.30408527381461214,0.55450074352921208,0.66019588256309214,-0.52661139228581677,0.30973184244311963,0.607111978942802,-0.17707047203802875,-0.14737973095618381,0.76048688868360348,-0.31617382164891916,0.37738205566311261,-0.56990297745197782,-0.0026074590337355117,-0.0014547650846563336,0.0018289723055683036,0.12434934661230322,-0.037313641068647561,-0.10850551935489403
7.258,268487.719016755,1,765,1,766,268487684175916,268487.68568042107,4110631ebe230220,0.58453807434370675,-0.50946316529039881,-0.21688286172154042,-0.36389389444228126,0.64929286469471259,0.32608213671580949,0.58281257945543352,0.55538503403375328,-0.49405300532261576,-0.20967258000581196,0.6426856000898612,-0.18153583216822688,-0.20180754183981206,0.716431208932649,-0.36472187891609642,0.036931997338392052,-1.3581690051324682,-0.0026075181689340014,-0.0014549552035832934,0.0018289447142057361,0.12488648672434334,-0.037488145696469702,-0.10850081968777045
82.199,268487.819025880,2,753,1,754,268487284139625,268487.28564413002,4110631d247fe513,0.66046941537291748,-0.51626467544212784,0.24076736350526515,-0.42518251100590337,0.63752523777072356,0.29509480287728823,0.57070177331719574,0.63009386944911649,-0.50202424192787598,0.24449526038203437,0.6122106138665927,-0.19488355255522047,-0.15014897803614688,0.75144783558624162,-0.32775373206389236,0.14212544909342861,-0.72338711824877144,-0.0026073356323474835,-0.0014541541180263268,0.0017991080511472266,0.1266459649026131,-0.036495658883297311,-0.11098991761957808
7.511,268487.819025880,1,768,1,769,268487784185000,268487.78568950505,4110631f248bca24,0.54093119322122496,-0.50709641516332959,-0.34757945000712176,-0.35060098852175969,0.64643855812389839,0.29835834687293961,0.60842295114664025,0.51251404734547412,-0.48983665173025348,-0.34175473211891927,0.64119118782309814,-0.21924877845447152,-0.20918874602969365,0.70501340578655025,-0.43246585924751113,0.10090888895082775,-1.2500380830734881,-0.0026073672863747739,-0.0014542878861531442,0.0017990688500235895,0.12725774725186065,-0.036678174031276767,-0.11096117266920294
85.767,268487.919034963,2,756,1,757,268487384148750,268487.38565325504,4110631d8ae8afd8,0.63441708631651084,-0.5123151422884239,0.16024237595512558,-0.41054372798835398,0.6153762948112067,0.32043478530502634,0.59168189491724099,0.60372397703534975,-0.49890119413275258,0.16440890802607636,0.64496387265846356,-0.19180066548095331,-0.14483849315467812,0.72543498577552967,-0.21298672992721995,-0.01393714833665898,-0.93453783254651701,-0.0026060067926000161,-0.0014487086741614315,0.0017878882953779925,0.12836098509435256,-0.035519769741072418,-0.11079694394350495
11.145,268487.919034963,1,771,1,772,268487884194125,268487.88569863007,4110631f8af494e9,0.48932171988151962,-0.49051709664381782,-0.46124361455231916,-0.34997718151291279,0.66626039974771645,0.28282995924810628,0.5946598351263398,0.46154053099874692,-0.47230267915213786,-0.45526017978079458,0.62047896751554787,-0.22049701394346197,-0.22364600243895516,0.71858846588706904,-0.52906142369647113,0.19477418845933595,-1.0018785623098476,-0.0026060262232734887,-0.0014487536490967053,0.0017878804484567649,0.12872224069089261,-0.035572372211420206,-0.11094535557238712
86.979,268488.019044130,2,759,1,760,268487484157750,268487.48566225503,4110631df1517239,0.61842253333749231,-0.51074227654548354,0.050277723350700514,-0.3923128767449281,0.62924398915125301,0.33856547741774412,0.57923749841538374,0.588093021820985,-0.49732369731490422,0.056556530129804092,0.64898469073775544,-0.17018081356143061,-0.16753559179909233,0.7223497680238552,-0.11273056242524102,0.055932158931047388,-1.2098440215475696,-0.0025962588289320421,-0.0014503212837173266,0.0017821545028168476,0.12980469467921368,-0.036471632321064033,-0.1112165563220967
12.379,268488.019044130,1,774,1,775,268487984203208,268487.98570771306,4110631ff15d5cdc,0.43810960272349886,-0.46574860379970484,-0.5471284299182998,-0.35509005101361246,0.67429717953753687,0.27250299812874856,0.58734703418183387,0.41051005621190395,-0.44716918246881227,-0.54143360004111429,0.60800577247353749,-0.22262834698597533,-0.22571351917696472,0.72788667182323041,-0.43572704100422255,0.24628399893818559,-0.75268884273418857,-0.0025962756407601874,-0.0014503506502338451,0.0017821091945582749,0.13017399961914999,-0.036596513251308124,-0.11128610571128633
88.645,268488.119053171,2,762,1,763,268487584166875,268487.58567138005,4110631e57ba3cfe,0.60459585769760305,-0.50682129078015403,-0.083391504448546733,-0.37348540117189499,0.6453376639452274,0.33353142457999829,0.57689236139448286,0.57504045428931005,-0.49220618685281692,-0.076163930959968734,0.64376681568787142,-0.17208216411897362,-0.19222857337345112,0.72041667900600181,-0.13200447590600109,-0.0040898721952424234,-1.3701153501683245,-0.0026108278878863404,-0.0014581561965816324,0.0017821454043988601,0.12815198330669311,-0.029832489188422167,-0.10809468711651077
9.640,268488.119053171,1,777,1,778,268488084212291,268488.08571679605,4110632057c624cf,0.39082312759591165,-0.43556810822239189,-0.61931421667000419,-0.34632441223015353,0.68899327883452888,0.25248373076182429,0.58446529591358509,0.36414055563620051,-0.41563873186015554,-0.61381682970947715,0.59181231652376232,-0.23474640970201449,-0.24230347283067802,0.7320801405563363,-0.41571356819658339,0.2847886297098387,-0.57650722919263941,-0.002610746698411966,-0.001458147317928116,0.0017821763486028327,0.12795729830853217,-0.028987920718638167,-0.10805621566581797
91.612,268488.219062380,2,765,1,766,268487684175916,268487.68568042107,4110631ebe230220,0.57975613813148796,-0.5060334204937974,-0.22046640577180276,-0.36414333065092186,0.64911688602558404,0.32605152667458853,0.58286993247597918,0.5505939148789486,-0.49063305541470931,-0.21327234972764691,0.64270451023138775,-0.18159803144404119,-0.20150672810292747,0.71648315125558526,-0.37290163713543806,0.042799470582619119,-1.3682919021987114,-0.0026077782669836755,-0.0014609580519232032,0.0017877492267733156,0.12856062122367284,-0.025703515894278987,-0.10476094827429548
10.115,268488.219062380,1,780,1,781,268488184221333,268488.18572583806,41106320be2eea02,0.35429647212671,-0.41203507553584429,-0.67560984079816933,-0.3116826795142138,0.71637138772356268,0.21835565849749008,0.58479637631953962,0.33003914414157753,-0.38926926370055259,-0.66989487776518275,0.56791423503283356,-0.2591127095808225,-0.28615812223086301,0.72694398302899677,-0.24479126303435766,0.20761756291672387,-0.4600783839505187,-0.0026075933459932896,-0.0014609147123226559,0.0017877723538251636,0.12798716300487747,-0.024427538676263207,-0.10431141968874065
93.874,268488.319071338,2,768,1,769,268487784185000,268487.78568950505,4110631f248bca24,0.53752431444772686,-0.50346425873691947,-0.3526341017191908,-0.350738161760073,0.64620720310845992,0.29837296528604462,0.60858246716020292,0.50909939034354346,-0.48621253939724379,-0.34682352330881944,0.64131431945375683,-0.2193512365276068,-0.2089281572093401,0.70494680921505271,-0.43723985680255134,0.10636017709456393,-1.2625997710809895,-0.0026257538178217172,-0.0014627761941616833,0.0017772069832424837,0.12716523108054037,-0.02103534477827132,-0.10328722502988687
9.320,268488.319071338,1,783,1,784,268488284230500,268488.28573500505,411063212497b798,0.32142196655964866,-0.38983739536331879,-0.71954141504838531,-0.27854772153096474,0.74895747291436143,0.18861688441193455,0.57087441239107639,0.29980500484418232,-0.3646935908659838,-0.71322817391894489,0.53704143193292087,-0.270296883002074,-0.33262991628944644,0.7265558713657726,-0.34541565173088601,0.31865948183239595,-0.34677675928329366,-0.0026255296830407886,-0.0014627014670289167,0.0017772822960840913,0.1261453963445911,-0.019185750791994936,-0.10295472828835468
95.891,268488.419080421,2,771,1,772,268487884194125,268487.88569863007,4110631f8af494e9,0.48583552315914014,-0.48783688730080299,-0.4672733696223666,-0.35002149313278591,0.66595142633240934,0.2829205792551216,0.5949366782753871,0.45804603743055322,-0.46963137281744072,-0.46130137855544828,0.62073880319812269,-0.22062869358650314,-0.22339619220153401,0.71840132174177584,-0.53326787556607391,0.19995640099308037,-1.016335749413696,-0.0026472744396237474,-0.0014622057151798132,0.0017832614601567313,0.12449862833598245,-0.01680696869007824,-0.099209540972013732
9.390,268488.419080421,1,786,1,787,268488384239625,268488.38574413006,411063218b00825d,0.28876689503879516,-0.36134121298085697,-0.74489681892537374,-0.26404005884643744,0.76861764171885361,0.17490940358230511,0.55580259257570974,0.26852370735781134,-0.33517551004392343,-0.73819381256291128,0.51669139383047569,-0.26933214967908992,-0.35679022099095647,0.73019924328636854,-0.28211036346478496,0.28771904937177156,-0.12234940910678652,-0.0026470045537015014,-0.0014620385214477068,0.0017834196257291732,0.12300767667961335,-0.014846981651571525,-0.098962470685426546
94.420,268488.519089546,2,774,1,775,268487984203208,268487.98570771306,4110631ff15d5cdc,0.43425126180777673,-0.46250004225205577,-0.55467451599246964,-0.3549462320442921,0.67391266337233413,0.2726653227333018,0.58779976990059413,0.40664634347662848,-0.44392648747864727,-0.54898659027421093,0.60844068578741983,-0.22283369864869942,-0.22554332056207216,0.72751308247680979,-0.43734010585803557,0.25071486276149818,-0.76945990870635572,-0.0026613115865770005,-0.0014545024083188357,0.0018022517220080783,0.1202363262034406,-0.015937245941298802,-0.09534085313396734
10.103,268488.519089546,1,789,1,790,268488484248708,268488.48575321306,41106321f1694a50,0.26466535219095183,-0.33448180318367604,-0.74937540829551019,-0.23761413543727455,0.77289023681595181,0.17043376148702105,0.56314526601299231,0.24576493256280366,-0.30750397915155342,-0.74200437713709422,0.51871869108033841,-0.27768896051202679,-0.37849735102156928,0.71453447502783618,-0.21644831633775674,0.29022410690513434,0.0094632612662122681,-0.0026611153452223038,-0.0014542254169298608,0.0018024488396952557,0.11860299271362258,-0.015291679774585835,-0.095523838202151198
92.096,268488.619098588,2,777,1,778,268488084212291,268488.08571679605,4110632057c624cf,0.38887496901097174,-0.43334497352909457,-0.6236748486619943,-0.34610530378603566,0.68866447697656097,0.25258701651680765,0.58493778228234983,0.36219153584661395,-0.41341537301551551,-0.61818245666041616,0.59221944888605049,-0.23500747395269159,-0.24222590787595691,0.73169270947655762,-0.41343138543027308,0.28554881965457923,-0.58952467845753931,-0.0026728358106313183,-0.0014464263118137974,0.0018028933949368669,0.11522329913312138,-0.016754069677284069,-0.096084783349855485
9.881,268488.619098588,1,792,1,793,268488584257750,268488.58576225507,4110632257d20f83,0.24462251095912901,-0.30478754400455538,-0.74683350928684089,-0.20111532899481133,0.78594500626170616,0.16281815418601314,0.56154552215785269,0.22787395388225923,-0.27674093275401535,-0.73833442785585579,0.51220245396018382,-0.28194281823611339,-0.41353701963189632,0.6979570379301383,-0.21685272274915737,0.34680459039717865,0.028769583666585594,-0.0026728610922175803,-0.0014461869562808706,0.0018031593164773694,0.11396573044549722,-0.017600959096561015,-0.096764895902256745
92.732,268488.719107713,2,780,1,781,268488184221333,268488.18572583806,41106320be2eea02,0.35420376833769351,-0.4112018394842567,-0.67743280255498628,-0.31129198457876561,0.71608423116555575,0.21832775963938902,0.58536630992599303,0.32995581304762805,-0.38842509380857393,-0.67172163169054422,0.56829751146883467,-0.25953544095927517,-0.28623133491771691,0.72646466965408996,-0.24161835769511869,0.20251238969110763,-0.46916956388395337,-0.002693594187327137,-0.0014337295681184125,0.001838828740824723,0.11158546743236805,-0.019056929685996839,-0.098235455811800543
10.208,268488.719107713,1,795,1,796,268488684266833,268488.68577133806,41106322be3ad776,0.22245899414430068,-0.26807352096163106,-0.74364106608534863,-0.16409027606513987,0.78817840407044981,0.14895509331885731,0.57416166542592828,0.20786704265798836,-0.23900302599047593,-0.73462207357400067,0.51132075009375222,-0.30066644254239316,-0.44129693562932071,0.67335562331997767,-0.19824642886696883,0.43586207828356888,0.019244698187613547,-0.0026938939689897718,-0.0014336398396049459,0.0018394569318456,0.11038728340367053,-0.020622796872102073,-0.099217244573087046
92.844,268488.819116755,2,783,1,784,268488284230500,268488.28573500505,411063212497b798,0.32340424662665568,-0.38839946028942585,-0.71924685238653696,-0.27759351510440544,0.74902456034656384,0.18844924532680368,0.57130638322869753,0.30183118123019648,-0.36322299292721821,-0.71291366262730904,0.53722834270261666,-0.27072087123323796,-0.33335208008334694,0.72592858352583323,-0.34111729139984964,0.31077063300110674,-0.34913034442232749,-0.0027161036218367792,-0.0014146680086315241,0.0019438013387257595,0.11228762506561835,-0.022507144216301747,-0.10234503384669168
10.210,268488.819116755,1,798,1,799,268488784275958,268488.78578046308,4110632324a3a23b,0.19813800864206915,-0.2186789980748339,-0.73939855904144713,-0.13895135221231786,0.78735183712378976,0.13685440996204476,0.58484231206589565,0.18507573195613533,-0.18895140476325883,-0.73017857663103514,0.51031663252845283,-0.3167752750389693,-0.45848836760689604,0.65499524918732754,-0.23420410653654278,0.55745284815112561,0.038980116893860148,-0.0027165646008193286,-0.0014146879375727275,0.001944966950393842,0.11126857561445669,-0.024332826919809279,-0.10325824197582867
93.649,268488.919125755,2,786,1,787,268488384239625,268488.38574413006,411063218b00825d,0.29244633171293671,-0.36047267647491016,-0.74154288846310179,-0.26290708357957959,0.7688551791790067,0.17465183724707739,0.55609204976514293,0.27226271637891997,-0.33426766688646287,-0.73481383975734627,0.51671394406914217,-0.26971895371255478,-0.35775931980814429,0.72956607315796307,-0.27687757789049289,0.27914931032171192,-0.1155010908982889,-0.0027192319474157469,-0.0014030474740358066,0.0019975624315080116,0.11096176166229557,-0.023554152131677546,-0.10617338878476301
10.236,268488.919125755,1,801,1,802,268488884285041,268488.88578954607,411063238b0c6a2e,0.17336731541125167,-0.16022588010469788,-0.73261390554127015,-0.11831918737832453,0.78554576138835031,0.12396783520878732,0.59460108956262203,0.1616553483843049,-0.12994710590910771,-0.72337341780853792,0.50810494593702771,-0.33278795675125361,-0.47180042251752186,0.63912901754492724,-0.25342743350843622,0.60331692970336348,0.070834587119411388,-0.0027193963999870411,-0.0014030493407253058,0.001998678297428484,0.11050926956349534,-0.024127915336645017,-0.10735476545954863
94.945,268489.019134880,2,789,1,790,268488484248708,268488.48575321306,41106321f1694a50,0.26750424446204568,-0.33485185925929101,-0.74528331267104386,-0.23664870805477711,0.77305276426201941,0.17023027821012368,0.56339020069205992,0.24865490328218071,-0.30784466372556046,-0.73788907988768548,0.51874800164712287,-0.27800603988105915,-0.37929493550849902,0.71396673905327779,-0.21543337970657336,0.28093159169554388,0.018398189376876831,-0.0027170376380804646,-0.0014162485952572113,0.0020021035130672921,0.10883334556300331,-0.022817513167887566,-0.10946641120414451
10.501,268489.019134880,1,804,1,805,268488984294041,268488.98579854605,41106323f1752c8f,0.14648282543301042,-0.10367084072773973,-0.7231478055028524,-0.089029722778336928,0.78313696261344101,0.10751510063118336,0.60597917670440893,0.13668467726539815,-0.072776686400978771,-0.71371867654592358,0.5045166284185022,-0.35246731899143496,-0.49080792309952609,0.61671496115705426,-0.2713445977502254,0.55845061412527031,0.12817567385343609,-0.0027169899256913117,-0.0014163566605636339,0.0020028171208704994,0.10880167590539976,-0.022355138358710624,-0.11037509679414574
102.585,268489.119144005,2,792,1,793,268488584257750,268488.58576225507,4110632257d20f83,0.24666556787013486,-0.3060866895746579,-0.74387612891924371,-0.2006777750592898,0.78595550429632643,0.16295841069083178,0.56164667315061934,0.22993336597306427,-0.27803695464851413,-0.7353551699230193,0.51237315483421397,-0.28191516646409537,-0.41385384020987814,0.69765506381469966,-0.21953726815415864,0.33763193995197349,0.03632313255913415,-0.0027293586908245654,-0.0014710311246388253,0.0019459148352117389,0.10506510802365336,-0.021968072862277969,-0.11168579715864539
17.747,268489.119144005,1,807,1,808,268489084303041,268489.08580754604,4110632457ddeef0,0.11602933212611694,-0.050979558310967628,-0.71121312139308002,-0.06727543947142367,0.78010628444919461,0.088992218544638735,0.61562053121852789,0.10787814757135766,-0.019561532904621488,-0.70194884474095853,0.49823644021183688,-0.37238244114884,-0.50404751091190958,0.59918934729564066,-0.27097107746284071,0.52512589861835091,0.1175754700127726,-0.002729295214922912,-0.0014713146353640611,0.0019459469725519346,0.10510307676476939,-0.021427137262032016,-0.11211361334634469
102.548,268489.219153046,2,795,1,796,268488684266833,268488.68577133806,41106322be3ad776,0.22341749344149581,-0.27010679309769259,-0.74158034428337405,-0.16425523422865329,0.78815225336381045,0.14928912332749716,0.574063632722563,0.20880740729574138,-0.24104906965353745,-0.73254956120419246,0.51148762538421366,-0.30036092807696507,-0.44116180125488619,0.67345377501140113,-0.20360959577170759,0.42920623696598997,0.02548265238795434,-0.0027117851688571075,-0.0015117614989322312,0.0019174245404067634,0.10634822694185922,-0.021148893967562667,-0.11397893231683422
9.959,268489.219153046,1,810,1,811,268489184312166,268489.18581667106,41106324be46b9b5,0.090256173298363288,-0.00029006058786634759,-0.7007547370133913,-0.062737641005814526,0.78339767496423862,0.079967127740280475,0.61315363731702732,0.082747322602818113,0.031356523598738091,-0.6917285627120181,0.49011038011323593,-0.37701978652782492,-0.50958358338402632,0.59830800380512039,-0.21298631628706829,0.48708517847570243,0.10775349786725373,-0.0027116008085741506,-0.0015121450600872207,0.0019171650519586106,0.10685156641041263,-0.020375971739191204,-0.1138219617605654
102.559,268489.319162088,2,798,1,799,268488784275958,268488.78578046308,4110632324a3a23b,0.19923519844096738,-0.22116043330798157,-0.73810180909700629,-0.1400236397660245,0.7872109071344674,0.13724101946236938,0.58468566237305075,0.18610590944092162,-0.19145595918393057,-0.72890251894322466,0.51047923866339573,-0.31639113278975772,-0.4576304932779906,0.65565381841929105,-0.24116715819246076,0.55466436269307962,0.041088924740791101,-0.0026778276915651639,-0.0015331548702937879,0.0019042438024875676,0.10713228458223223,-0.01940675485597701,-0.11726446419990343
10.024,268489.319162088,1,813,1,814,268489284321291,268489.28582579608,4110632524af847a,0.072789397988652998,0.043568994987280243,-0.68841534143045335,-0.046923347701746554,0.78939847267310792,0.075953589248045461,0.60735439100630928,0.066387818270248075,0.075315093767717944,-0.67889872746863911,0.48317169362135587,-0.37575710045375316,-0.52500918176105882,0.5913688147072369,-0.1066008867235151,0.43200565128813084,0.12896452191070734,-0.0026774561228280237,-0.0015334677422449532,0.001903964483025163,0.10795552607775658,-0.018425137909616248,-0.11714116069710007
106.920,268489.419171213,2,801,1,802,268488884285041,268488.88578954607,411063238b0c6a2e,0.17304879562025127,-0.16358908732655206,-0.73261985613559688,-0.12020359874830966,0.78531550793813443,0.12455367077809409,0.59440481504443365,0.16122031759533023,-0.13334249814351409,-0.72342247050852382,0.50838040719063071,-0.33223492141946559,-0.47030512872300534,0.64029868379602917,-0.26245429500468459,0.6022316452966856,0.070034893219558372,-0.0026550133529334198,-0.0015688933499245167,0.0018563636950966701,0.10595462678641736,-0.015933332009427915,-0.12088224374407337
14.593,268489.419171213,1,816,1,817,268489384330333,268489.38583483803,411063258b1849ac,0.062604197271937223,0.085665587188866743,-0.67892614891000835,-0.022026660526615449,0.78905922830951103,0.070240194818245671,0.60989075143833693,0.057672158521030817,0.11746377973033413,-0.66873247946167302,0.48092519139724194,-0.38159055790447155,-0.54237391563968518,0.5735243168614178,-0.056483160609355591,0.40681623280061269,0.084644993142556912,-0.0026546216274524964,-0.001569196215535869,0.0018559686938801538,0.10694120682494705,-0.014646662937962596,-0.12076654869728926
114.127,268489.519180296,2,804,1,805,268488984294041,268488.98579854605,41106323f1752c8f,0.14587433578551307,-0.10781564949228678,-0.7238282543443384,-0.091213691138160302,0.78283075353838893,0.10839513888541749,0.60589324219862506,0.1359302093390411,-0.076955052204245783,-0.71444215631541641,0.5050781445490572,-0.35178427312055799,-0.48904710179581679,0.61804273744542493,-0.27936751351799188,0.55814330417883917,0.1272120874452829,-0.0026646162809605034,-0.0016129123100201181,0.0018151765822981734,0.10242570911947557,-0.015852169396463858,-0.11792250928466662
17.542,268489.519180296,1,819,1,820,268489484339458,268489.48584396305,41106325f1811471,0.057246301246142078,0.12626968910881869,-0.67356308443175095,0.0072042297030911473,0.77758473740033063,0.054101943743574021,0.62640490749362043,0.054092655643170555,0.15821214000659134,-0.66311821478101618,0.48119099635104234,-0.40467929579382239,-0.55492958567462636,0.5447412665931366,0.0010999090403617669,0.49463495018810677,0.03376106508319715,-0.0026642827953851918,-0.0016130719180050574,0.0018147424313073796,0.10195181229004893,-0.015191293583716891,-0.11795867584291177
112.879,268489.619189296,2,807,1,808,268489084303041,268489.08580754604,4110632457ddeef0,0.11602730369570859,-0.055002856326322458,-0.71189409618770461,-0.069261634441663333,0.77980463106221598,0.089832536397879359,0.61566040313243664,0.10773901874948102,-0.023609141447457113,-0.70266913273405096,0.49885882834835982,-0.37181644041222434,-0.50242975786723632,0.60038049804066318,-0.2771904281451476,0.52591763923769719,0.11558323666146632,-0.0026801753886036938,-0.001648032834990764,0.0017667178278305048,0.097105737557343572,-0.016547446423214842,-0.11585328498319986
9.471,268489.619189296,1,822,1,823,268489584348541,268489.58585304604,4110632657e9dc64,0.063519177670540924,0.17048251528645264,-0.67160124063771143,-0.0015227122458563724,0.77963205620049503,0.059550160265032626,0.62339824343423822,0.059767826960471636,0.20238079237973533,-0.66121912918113279,0.48291743460766529,-0.39870079256005292,-0.55020637897601787,0.5523598192284046,0.11501244407199107,0.41235069886083781,0.037671711888751798,-0.0026799701097063142,-0.001647905413012625,0.0017663148567479943,0.095543225515456631,-0.016505825995260417,-0.11635655954651805
104.678,268489.719198338,2,810,1,811,268489184312166,268489.18581667106,41106324be46b9b5,0.090313434849257274,-0.0040940442959218164,-0.70210234626921797,-0.06458935417936762,0.78301315505543034,0.080791755485152383,0.61334440552999303,0.082671571766157387,0.027530814181434739,-0.69311172855557202,0.4908283734615092,-0.3765715801664194,-0.50800232784924615,0.59934546608432981,-0.2190879248626347,0.48820195569514141,0.10471647769329645,-0.0026899249542931456,-0.0016688159169957098,0.0017351752762891847,0.093592931330871196,-0.017497632678162144,-0.1153777377051783
9.587,268489.719198338,1,825,1,826,268489684357583,268489.68586208805,41106326be52a197,0.078503367983774219,0.20854007865899735,-0.66815139920698985,0.0090058162917528994,0.77649647245831888,0.057672405755359923,0.62741220131551145,0.075270942977439317,0.24039397691042103,-0.65746301547824171,0.48442795845752812,-0.40286686223364809,-0.55543398023471968,0.54269783303354313,0.19901774904679109,0.37235683462671026,0.044013327089968551,-0.0026899091927086792,-0.0016685588790010125,0.0017348660729457942,0.092357118299821891,-0.017848719163245225,-0.11606192089740869
105.443,268489.819207505,2,813,1,814,268489284321291,268489.28582579608,4110632524af847a,0.072830833483083599,0.039792416746811991,-0.69011863673069473,-0.048533144617640744,0.78898816986857523,0.076694836822143564,0.60766780143287513,0.066309201184569289,0.071522922562037183,-0.68063157897607263,0.48391744942561615,-0.37545457391353859,-0.52358075558807704,0.59221698510480736,-0.11145907280317241,0.42976434828302063,0.12661752187580302,-0.0026894766878088148,-0.0016618456996949648,0.0017398986484980907,0.092923521081989827,-0.019381290651863451,-0.11680182287307342
11.072,268489.819207505,1,828,1,829,268489784366625,268489.78587113007,4110632724bb66ca,0.10114741754681258,0.24510613867728259,-0.66327768349464811,0.011395155939479484,0.76758991019500034,0.047503859516739078,0.63907692551948747,0.098187905014397892,0.27714090109774092,-0.65306121472105161,0.48548591601454438,-0.41830531540832899,-0.55082560805134373,0.53471042440513994,0.25020435617001402,0.33725385716648537,0.043922957818591957,-0.0026895990519483215,-0.0016616713824329997,0.0017398465762689332,0.092516932140203664,-0.019821376565442767,-0.11749972076679738
106.507,268489.919216588,2,816,1,817,268489384330333,268489.38583483803,411063258b1849ac,0.062935301007430083,0.081898404745124539,-0.68038435084053606,-0.023016277314431177,0.78874229748567237,0.070883898350673713,0.61018961422061246,0.057919665382976035,0.11368642464918607,-0.67019974766572876,0.481591686412354,-0.381346718678097,-0.54145004698812194,0.57399997765549948,-0.06020262993790329,0.3982285719725896,0.084848146915675479,-0.0026847653128962874,-0.0016533235316285916,0.001755771618135864,0.093297450507287355,-0.02064307929010345,-0.1175428497728391
11.041,268489.919216588,1,831,1,832,268489884375666,268489.88588017103,411063278b242beb,0.12596569596890109,0.27576248725507246,-0.66044270611908196,0.031601413199345285,0.75973167425042765,0.027312773811197621,0.64889382754320035,0.12463799545957496,0.30796855167827519,-0.65042434409265015,0.47815026057902282,-0.43952416645689357,-0.55955697742531463,0.5148658314777077,0.25189582894253681,0.28808904295840887,0.0090462068246168655,-0.0026848288581978017,-0.0016532803620898987,0.0017558787828369873,0.093210895155146425,-0.020994492269611156,-0.11775615551927211
107.539,268490.019225671,2,819,1,820,268489484339458,268489.48584396305,41106325f1811471,0.057692364457223741,0.12338055875822485,-0.67430604374965308,0.006698325451370557,0.77736303009735308,0.054375329746438938,0.62666197315734395,0.054495952021867161,0.15532148920836447,-0.66386952797622367,0.48156608231159903,-0.40466775557165119,-0.55441508662391847,0.54494222417743854,-0.00079751302958722039,0.4865519828937992,0.036542863653821679,-0.0026803459317660686,-0.0016558016401151887,0.0017558741598602591,0.091484495787045941,-0.019915948495878796,-0.11727094750989843
15.774,268490.019225671,1,834,1,835,268489984384791,268489.98588929605,41106327f18cf6b0,0.14591982292190783,0.30504065806601977,-0.65491809861862171,0.060327197276819067,0.76196958088934874,0.00045119754347155983,0.64479674061000869,0.14723573561120396,0.33728107140947761,-0.64500926048270812,0.45625918047562281,-0.45562109080731306,-0.58145161251890642,0.49613607421999734,0.1993699744679519,0.32478022164237547,0.11612057831990208,-0.0026802260070069341,-0.0016556842389905315,0.0017560436555653168,0.091049415739176728,-0.019422615571030196,-0.11705575701881221
101.094,268490.119234713,2,822,1,823,268489584348541,268489.58585304604,4110632657e9dc64,0.063551294629925176,0.16981549224758746,-0.6713318373585887,-0.0015987956530226222,0.77957278651692974,0.059560992564903381,0.62347113465809589,0.059793959387561373,0.20171403895407747,-0.66095271880945516,0.48297663607746322,-0.39874467484486953,-0.55011066989025348,0.55237170832606353,0.11271480400289562,0.41059215642119667,0.040885805347815642,-0.002676420137797847,-0.0016508123056994115,0.0017662291858845879,0.09028826719772709,-0.017494343196029671,-0.11770584847086557
11.109,268490.119234713,1,837,1,838,268490084393791,268490.08589829603,4110632857f5b911,0.16291671257590795,0.33686205068634456,-0.6345341081698187,0.075634194109287012,0.75903196265408113,-0.0079052591935581673,0.64659686702032126,0.16528628737303652,0.36897088069950573,-0.62439659849370321,0.4516231549652493,-0.46280287943340348,-0.59019808377133987,0.48323518352870748,0.15873052717787511,0.29818160712523584,0.29356546175017173,-0.0026762013537838837,-0.0016506146602031303,0.001766480948073435,0.08978368478337434,-0.016293007983160621,-0.1174986123879692
102.478,268490.219243671,2,825,1,826,268489684357583,268489.68586208805,41106326be52a197,0.078772023066444929,0.20888587724611743,-0.66733607512804216,0.0091901983751273009,0.77652877337974546,0.057484296118086753,0.62738681312206568,0.075557245052553249,0.24074213252311272,-0.65664939397742728,0.48427699269767488,-0.40298192366696162,-0.55558719825270575,0.54259029541550019,0.19792130510308978,0.37208234371087784,0.046544714497540912,-0.0026832345422458711,-0.001645237790968628,0.0017597812226359201,0.090196256167046421,-0.016200691774430013,-0.11960259367745651
10.912,268490.219243671,1,840,1,841,268490184402916,268490.18590742105,41106328be5e83d6,0.17635712410156706,0.3672995382526878,-0.6028059128115526,0.075883543264826048,0.751764263640048,-0.0011134884322390182,0.6550503744990176,0.17824825122727994,0.39932894908908306,-0.59232252444545652,0.46240319430302362,-0.4639779047035445,-0.58523536112569841,0.47791982793491866,0.1083490061649075,0.27790676026016209,0.3619673572260913,-0.0026831328229832661,-0.001645124868305825,0.0017599611542041401,0.090173055620807907,-0.015299550146310865,-0.11971395608692863
109.166,268490.319252796,2,828,1,829,268489784366625,268489.78587113007,4110632724bb66ca,0.10165626677972017,0.24438069101726043,-0.66258449242907813,0.011556522737077024,0.76756959193286178,0.047283862942071486,0.63911474544091318,0.098713178176599053,0.27641835848886165,-0.65237238958882604,0.48535709767109064,-0.41848761919616789,-0.55092534442458951,0.53458195367077832,0.24844702791051726,0.33583471187629771,0.044063801977946335,-0.0027021606350573451,-0.0016348339601554359,0.0017533596878623976,0.09094594640257464,-0.015882659331994592,-0.12119107966268688
16.370,268490.319252796,1,843,1,844,268490284411916,268490.28591642104,4110632924c74637,0.1833233656460056,0.39506046894899949,-0.56509695878876487,0.0849277705551294,0.74521923430749548,0.019105264796506871,0.66111315875288768,0.18460363210465153,0.42664769956073406,-0.55326612060871327,0.48098704718254337,-0.45396812331346603,-0.5870025609021331,0.46689655915652778,0.039414169389243366,0.27639504899086792,0.39861799366725797,-0.0027023542390441717,-0.0016348625695836762,0.0017534524425791569,0.09142741383061101,-0.015911125317896239,-0.12130159084574105
113.582,268490.419261880,2,831,1,832,268489884375666,268489.88588017103,411063278b242beb,0.12650429436790045,0.27338454103500143,-0.66032222077440383,0.031568510057685129,0.75961773118785036,0.027120150817146527,0.64903688821968819,0.12517996549162627,0.30559427687142005,-0.65031522210636183,0.47811521472911495,-0.43976153065034984,-0.55945314148126946,0.514808527601605,0.247834231532787,0.28567336359077011,0.0051165840304259365,-0.0027145424833058549,-0.0016379256995029531,0.0017423323753157499,0.090894004720552063,-0.01575500423794356,-0.12251769545882024
15.631,268490.419261880,1,846,1,847,268490384421000,268490.38592550508,411063298b300e3c,0.18427911867167532,0.42298647125117705,-0.5301551112268863,0.11535595704254997,0.75038928619678502,0.055630818673590987,0.64847065281480798,0.18570109891430123,0.45329155052251946,-0.5153584530057258,0.49787491188629418,-0.4192010557253989,-0.61217431598687422,0.44903636137725944,-0.011891205049883167,0.33049705814431618,0.37250213123426551,-0.0027148710464755554,-0.0016380833550336275,0.0017422849573318756,0.091425374971323428,-0.016218053446018729,-0.12261811263375628
111.305,268490.519270963,2,834,1,835,268489984384791,268489.98588929605,41106327f18cf6b0,0.14591152413901137,0.30364903644799729,-0.6553214106299835,0.060540296649241987,0.76188767622120657,0.00022104433970204784,0.64487366643068289,0.14724586593105188,0.33588945645300106,-0.6454150590387282,0.45615083235685533,-0.45583822846208011,-0.58154438118149088,0.49592747486798638,0.19527906434110123,0.32380042353283983,0.11099373762793395,-0.0027317792004873552,-0.0016267074340176363,0.0017567683476757716,0.09274267941315055,-0.01716956125811403,-0.1200289049479485
8.692,268490.519270963,1,849,1,850,268490484430083,268490.48593458807,41106329f198d62f,0.18337629085426899,0.45879497729931223,-0.49950303098190624,0.10087935742593729,0.74303551989327765,0.091126019933551961,0.65529968192103272,0.18238084218657313,0.48859715846080198,-0.483685318380701,0.52780266139046084,-0.39893101154414068,-0.59673791661967823,0.4540729649802126,-0.070190017006423064,0.28802542342555038,0.20959730910967445,-0.0027321672161700556,-0.0016267818574924027,0.0017566192419300683,0.093063720529188071,-0.017873545372036014,-0.11978523162219794
104.464,268490.619279963,2,837,1,838,268490084393791,268490.08589829603,4110632857f5b911,0.1625275145269362,0.33688145117485796,-0.63481556384348692,0.075968985290798929,0.75891887044467321,-0.0080698664312477408,0.6466883266498088,0.16491805255138395,0.36898682969286029,-0.62467204620234951,0.45157143179683817,-0.46298394604680404,-0.59035484861372567,0.48291848215423339,0.15607561248095791,0.29947974993513815,0.29275917480264946,-0.0027487196421034227,-0.0016136552054334887,0.0017643621162481728,0.094712074701920834,-0.019843015310390393,-0.11761707644459619
8.784,268490.619279963,1,852,1,853,268490584439125,268490.58594363002,4110632a58019b61,0.18261441313086613,0.48508071766847111,-0.49119274074362024,0.093869286062665036,0.7408218706183447,0.10715348255971852,0.65642188989660166,0.18056054543013944,0.51459856610901822,-0.47494961287749171,0.53992930944541906,-0.38839140518581,-0.59021576138216303,0.457464547474073,0.002651965075876327,0.18870569186637967,-0.054734402184074944,-0.0027490438502847801,-0.0016136373644477194,0.0017641384420059049,0.094959099439322722,-0.02063889830964271,-0.11738661984888957
102.160,268490.719289088,2,840,1,841,268490184402916,268490.18590742105,41106328be5e83d6,0.1764478817650463,0.36843709360443955,-0.60262692288567565,0.076407752704112986,0.75163172119443411,-0.0013409963417845283,0.65514110385648305,0.17837153241970552,0.40046092656857019,-0.59213241754188317,0.46230647726390023,-0.46420293242708704,-0.58551231150552296,0.47745543423590397,0.10867092884614671,0.27917264230173333,0.36516860735020062,-0.0027602044719287409,-0.0015865026090743724,0.0017615039409198141,0.098439638820018008,-0.023250786408953106,-0.11692618909929656
8.787,268490.719289088,1,855,1,856,268490684448250,268490.68595275504,4110632abe6a6626,0.18521429294200126,0.5000977083197119,-0.50157498984937599,0.10225677892502838,0.73108762651217984,0.086084981873459976,0.66906192735276138,0.184076866962612,0.53001309516275963,-0.48598214392123268,0.53396948609900319,-0.41222694045602543,-0.58926346447043654,0.44465054471768012,0.070566936308177522,0.088183880940929271,-0.16921349502099298,-0.0027605573035415941,-0.0015865112929449943,0.0017612736028964587,0.099182661189460786,-0.024004314009337752,-0.11661573660788173
100.007,268490.819298046,2,843,1,844,268490284411916,268490.28591642104,4110632924c74637,0.18415552500769677,0.39730436149482279,-0.56425744643336684,0.085532026946890494,0.74514296627072008,0.018705163344457654,0.66113266615738042,0.18548091925185503,0.42888731839444211,-0.55242016990787579,0.48071792655779727,-0.45426483157347858,-0.58737590503839776,0.46641535573114951,0.042904534056070996,0.27795563190453687,0.4030339495677665,-0.0027572563098859351,-0.0015616764523819918,0.0017607855820161011,0.10245562270405491,-0.02283285998645852,-0.11678654708944468
8.679,268490.819298046,1,858,1,859,268490784457208,268490.78596171306,4110632b24d325b6,0.19288875354400925,0.51266020215698838,-0.52017369281250725,0.10204270107495134,0.74459481412042328,0.091594542653510191,0.65328121273374695,0.19198800373367639,0.54242562884016488,-0.50428127398734945,0.52670668376209728,-0.39717244274856128,-0.59866311227340374,0.45435294431157486,0.023070435859506879,0.11557630351231497,-0.21124565491951316,-0.0027574820519407407,-0.0015618878370137225,0.0017607455628185266,0.10370178695349347,-0.022624812154872238,-0.11638646155628385
93.956,268490.919307130,2,846,1,847,268490384421000,268490.38592550508,411063298b300e3c,0.18633612375712699,0.4269630839202741,-0.52878151125925588,0.11623254143798506,0.75037018053598037,0.05503621909468337,0.64838696491640668,0.18782615238119454,0.45726119588019049,-0.51397728286563704,0.4973952902242561,-0.41956232482966027,-0.61278064499872253,0.44840301288150203,-0.003895555318474471,0.33303889451392699,0.37777124408389962,-0.0027576723781698024,-0.0015399266144145054,0.0017712454880071183,0.10458175824099723,-0.020907980481249075,-0.11556946905587116
10.160,268490.919307130,1,861,1,862,268490884466333,268490.88597083808,4110632b8b3bf07b,0.19561460236752048,0.52429976390584188,-0.54368870252252133,0.081543263510653718,0.74024612652401234,0.077812104139917126,0.66282101505913882,0.19410025435755981,0.55478764626307564,-0.52928187318908348,0.52370668702313139,-0.41366375695950147,-0.58109283493997366,0.46577324883126464,0.0038895206628181888,0.091546390429587857,-0.22317936342559155,-0.0027577088973722067,-0.0015401591896251046,0.0017713321482740606,0.10538792995498243,-0.020309595862940157,-0.11512449343680904
93.052,268491.019316255,2,849,1,850,268490484430083,268490.48593458807,41106329f198d62f,0.18534439163742558,0.46305718479573027,-0.49789470623118753,0.10166213148880809,0.74299794862479474,0.090515657661924764,0.65530590436147351,0.18441098996574057,0.49285929890642072,-0.48207308470179677,0.52737547003041008,-0.39936700276361986,-0.59726485455492917,0.45349289324893111,-0.063439179874524923,0.29273200389182552,0.21572347680859164,-0.0027603166096073681,-0.0015383419934265111,0.0017863960680086033,0.10239487106433083,-0.020979142002409069,-0.11504728384329652
14.897,268491.019316255,1,864,1,865,268490984475333,268490.98597983806,4110632bf1a4b2dc,0.19960665834991939,0.53281286703687747,-0.5592861987826816,0.10910875659970698,0.7465239653654383,0.084403041770039045,0.65090201115127377,0.19941455888112872,0.56261007961193832,-0.5434290183108158,0.51993917532776712,-0.40057525212686024,-0.60502368380925287,0.45072060455770702,0.080647581768521395,0.12778060049495174,-0.05665115588548951,-0.0027601459833513199,-0.0015382861965981581,0.0017865741581906994,0.10169708350977071,-0.020554213034442676,-0.11479005816509619
94.677,268491.119325255,2,852,1,853,268490584439125,268490.58594363002,4110632a58019b61,0.18491967872091153,0.48905423331178371,-0.4896953322701092,0.094796987716066761,0.74076146237578455,0.10642716930753082,0.65647490266156805,0.18293808388702118,0.51857447289037195,-0.47344757275983662,0.53945321411779579,-0.38894247188263303,-0.59082903041793067,0.45676584828467054,0.0098716210347953044,0.19490520261287081,-0.051590740442484226,-0.0027491569812003441,-0.0015091670754326483,0.0018109812965041903,0.10042646868575633,-0.022684903002712923,-0.11210778792474337
10.452,268491.119325255,1,867,1,868,268491084484416,268491.08598892106,4110632c580d7acf,0.21134435499488613,0.54577431504436125,-0.5630381370010421,0.09578738114459634,0.7489964447816595,0.075754499323989199,0.65122224498441872,0.21091507027079384,0.57604205202876457,-0.54810358764609868,0.51405017198845204,-0.40691713448409034,-0.59735235605587145,0.46188854614116498,0.1189585046766355,0.086856791479746648,-0.041486766080199168,-0.0027491697242703426,-0.0015087832024740324,0.0018110658520880025,0.099034753936645889,-0.023097865554768848,-0.11211705699361686
5.786,268491.219334296,1,870,0,871,268491184493416,268491.18599792104,4110632cbe763d30,0.22266881832569385,0.54835906456362948,-0.56275443758950106,0.10632762561618453,0.75060246598050595,0.075733979286746633,0.64773049309777209,0.22282654152856754,0.57841488548522668,-0.54739267648971968,0.51156662075977677,-0.40446260296961184,-0.60594106264901593,0.45557109644845822,0.12683698490011011,4.138281190380305e-05,0.056439310275828755,-0.0027491708775369988,-0.0015087622669704107,0.0018110721405084993,0.098992026946203224,-0.023091615830993357,-0.11213742969972969
109.308,268491.319343296,2,855,1,856,268490684448250,268490.68595275504,4110632abe6a6626,0.18784478170135499,0.50314804088501164,-0.50127806937692998,0.10316940617661141,0.73106073766023583,0.085414296965582392,0.66903716082680531,0.18677875227880594,0.53306198501962598,-0.48567741299496864,0.53347772768723745,-0.4126836737118233,-0.58988977608251481,0.44398620652751775,0.07687738280629583,0.091827170156692159,-0.17142263908046415,-0.0027542128893612429,-0.0014828596434106011,0.0018334625327304159,0.09804449099696573,-0.020840363765697419,-0.1135974011774946
93.973,268491.319343296,2,858,1,859,268490784457208,268490.78596171306,4110632b24d325b6,0.19515250586032049,0.51372632501116,-0.52048538584635762,0.10283959252692082,0.74455776715372179,0.09116304895433236,0.6532588317794038,0.19430744026624863,0.54348676483184044,-0.50458057406539103,0.52638574592532283,-0.39746172913700689,-0.59920040344728864,0.45376326081632989,0.028298453300156335,0.11199799195040884,-0.21343421142324978,-0.0027542894250048608,-0.0014826545443253469,0.0018335638028798213,0.097351927051370843,-0.020791554638594421,-0.11384478004748852
10.678,268491.319343296,1,873,1,874,268491284502500,268491.28600700502,4110632d24df0534,0.23655176121706689,0.54856150548227178,-0.55981117072312625,0.11782688670129371,0.74921516058969173,0.075869779331507292,0.64733090279200445,0.23723602245161624,0.57836996483783853,-0.54398876605831581,0.51138009288237063,-0.40408402483224393,-0.61309129490126912,0.4464589181495624,0.15949741738051321,-0.0023662345533573149,0.022224614689885867,-0.0027543171610081565,-0.0014823213309379424,0.001833681843717928,0.096656357203577264,-0.020298956365607867,-0.1143340435669756
94.528,268491.419352380,2,861,1,862,268490884466333,268490.88597083808,4110632b8b3bf07b,0.19825300742774438,0.52618584147559233,-0.54366742819579028,0.082668200237536738,0.74015937253294717,0.07710473838398435,0.66286121055039726,0.196820314137821,0.5566710896906083,-0.52924667983890972,0.52323492641732594,-0.41419236257267844,-0.58182694097304954,0.46491645413069876,0.0081345384062314063,0.084854139843359114,-0.22469725775997076,-0.0027511648777029762,-0.0014147139292915879,0.0018576199641795292,0.094747296088239105,-0.018327823310857846,-0.11598499042707719
9.204,268491.419352380,1,876,1,877,268491384511541,268491.38601604605,4110632d8b47ca56,0.25338757349757918,0.55239132363032906,-0.5604687965852202,0.13814510915234152,0.75015602885278443,0.081248990574620206,0.64154541221662065,0.25492364462282097,0.58159327642297987,-0.54360915867212756,0.51109281001910944,-0.39618938867650577,-0.62812374170714091,0.43275705996636071,0.18438811938743918,0.031481584092960313,-0.0087549531823605652,-0.0027510428439740395,-0.0014143595673270985,0.0018577156365028218,0.09411350130465182,-0.017706573603206432,-0.11668959924871539
95.867,268491.519361505,2,864,1,865,268490984475333,268490.98597983806,4110632bf1a4b2dc,0.20248423360491644,0.53443028699853234,-0.55951926385719242,0.11015740204453622,0.74636322680941847,0.083727994178470933,0.65099689449701748,0.20236606612746116,0.56422211778993336,-0.54365125180431051,0.51952893726625771,-0.40111967549919375,-0.60565152877468775,0.44986544095240089,0.082293921202752585,0.12146890278798245,-0.058656771495107847,-0.0027862027098556762,-0.0014263039914509197,0.0018557663178195801,0.095417128867174905,-0.018226295206517043,-0.1207934736490411
11.188,268491.519361505,1,879,1,880,268491484520625,268491.48602513003,4110632df1b0925a,0.27127361952642015,0.55902266539995593,-0.56429595278793554,0.12714297172447697,0.75173294983045535,0.096273291279635242,0.63989354073856519,0.2717215694178754,0.58811429845880392,-0.54718346673737328,0.52054854515484816,-0.38439755455535846,-0.62145910741837884,0.441651797229201,0.18064521998313321,0.072229175247321517,-0.050877874192743172,-0.0027863226340240307,-0.0014261937389616062,0.0018557072072667739,0.095429064609687683,-0.018464651113144062,-0.12206785396205061
92.288,268491.619370463,2,867,1,868,268491084484416,268491.08598892106,4110632c580d7acf,0.21170951758446444,0.54762156834601061,-0.56348822726719749,0.096284251648526498,0.74882004588367035,0.075422055576005953,0.65139039639254048,0.21131254160995275,0.57788767038944078,-0.54854947132371501,0.51393399976392984,-0.40727110870418337,-0.59757896369558094,0.46141247279416903,0.11400399611540689,0.085396077548159699,-0.044718784327169685,-0.002783470113259219,-0.0014545633468449038,0.0018477682830234652,0.096095858571728837,-0.018687235375014134,-0.12218594260830903
11.387,268491.619370463,1,882,1,883,268491584529583,268491.58603408805,4110632e581951ea,0.29045655404591203,0.56903822311828389,-0.57222436085872752,0.1424215641100573,0.74382539484329979,0.10474002143171496,0.64456920589306654,0.29105014839582072,0.59754829796939857,-0.5541637897243975,0.52984162174991201,-0.38171686685897482,-0.62667121780850998,0.42525671562856021,0.2462817684472127,0.11704836401356659,-0.067633067934697963,-0.0027835252931400043,-0.0014546039918526931,0.0018476200498788395,0.096396523177804533,-0.019268359538259894,-0.12275950512341673
93.457,268491.719379630,2,870,1,871,268491184493416,268491.18599792104,4110632cbe763d30,0.22276327365828094,0.55058729017078023,-0.5635110385946287,0.10714669873652094,0.75043735727136296,0.075214641406685823,0.64784733440215825,0.22297737854083327,0.58063842042683267,-0.54814078546074585,0.51128201270928519,-0.40491244957301525,-0.60640348530652222,0.45487517482142864,0.11969933097374982,-0.0023377578955375874,0.052418594974916556,-0.0027794215493268915,-0.0014199284011472137,0.0018581803531672705,0.096901517179595859,-0.020700373435945003,-0.12289079273972867
11.604,268491.719379630,1,885,1,886,268491684538708,268491.68604321306,4110632ebe821caf,0.31936008752352563,0.58163573742581121,-0.57752187392794629,0.1441653757463634,0.74546010623010228,0.096064311836608796,0.64364374902515253,0.32044207783210821,0.61032707233808392,-0.55977370360279632,0.52305257201724076,-0.38719712297247294,-0.62906019428498328,0.42517957010435964,0.32332586715518941,0.10966589904011799,-0.048103936401183607,-0.0027796225750251016,-0.0014198990491290594,0.0018579652715346594,0.09727180582950011,-0.021720006322131835,-0.12311665357433102
103.285,268491.819388546,2,873,1,874,268491284502500,268491.28600700502,4110632d24df0534,0.23601811735910389,0.55041346020270532,-0.56041305675256037,0.11853497069165425,0.74908005391552535,0.075359334499493613,0.64741760670012349,0.23675382267861103,0.58021826083296135,-0.54458606875609872,0.51108046280959052,-0.40450627274453438,-0.6134964510362364,0.44586269232870562,0.15182708040181722,-0.0032146980972362492,0.021106939678250058,-0.0027785739580813242,-0.0013950767689363838,0.0018577761752980981,0.096403628607294414,-0.02075165328076567,-0.1227835520582144
15.647,268491.819388546,1,888,1,889,268491784547791,268491.78605229605,4110632f24eae4a2,0.35331936553145532,0.58947249516438094,-0.58363381979742046,0.15295800269542381,0.76796582753085596,0.094923305157942006,0.61467223502176072,0.35580060680407893,0.61791519218550683,-0.56562778247995216,0.50175980501085737,-0.36751798304288591,-0.651191467983535,0.43487619185350229,0.37458221406264203,0.020382402033720777,-0.078299333251701422,-0.0027787380257897065,-0.001395002637642165,0.0018576159675658017,0.096395607101579836,-0.021057156559310584,-0.12261062942073135
101.763,268491.919397588,2,876,1,877,268491384511541,268491.38601604605,4110632d8b47ca56,0.25172332021539578,0.55317784226157818,-0.56032221683966055,0.13853525792082594,0.7500406256847183,0.080925692881113453,0.64163706842690926,0.25328772316321363,0.58237802067583622,-0.54346211079138906,0.51092901475987973,-0.3964828053879525,-0.62831801617912897,0.43239958077329504,0.17674911501585955,0.032589569023722606,-0.0059754064293942024,-0.0027887155220134158,-0.0013586333474585341,0.0018540240507870091,0.096077208285050841,-0.019897081988078994,-0.1221064998629425
9.584,268491.919397588,1,891,1,892,268491884556750,268491.88606125506,4110632f8b53a443,0.38738555034581262,0.59471422900459436,-0.59487208400773206,0.19117670194567921,0.80821868320281109,0.097675302457735119,0.54835537496896758,0.39365230587102651,0.62183440447048333,-0.57577797994775604,0.45681266070889337,-0.31867892693948952,-0.70667923512296182,0.43631455761501087,0.37465933838522636,0.043096233473067166,-0.11117861035555981,-0.0027888822910301209,-0.0013583924296461359,0.0018538524449089339,0.095893816591635914,-0.019648636845502433,-0.12168927395989143
99.968,268492.019406713,2,879,1,880,268491484520625,268491.48602513003,4110632df1b0925a,0.27131528771313118,0.56012586808943821,-0.56374637386864834,0.12770670599839196,0.75164329857932433,0.095729345718848835,0.6399681980571803,0.27180956843530291,0.58921843439347077,-0.54663675013287438,0.52021670826530664,-0.38483497283460677,-0.62179433472971568,0.44118978390600422,0.17920517854604479,0.072533063556971394,-0.048253326476133895,-0.0028047691025510435,-0.0013315409222916822,0.0018405077490059518,0.095109585044390432,-0.019182042832252891,-0.11978289086672031
8.088,268492.019406713,1,894,1,895,268491984565833,268491.98607033805,4110632ff1bc6c36,0.41909457942337625,0.60105736905792384,-0.60700382376595097,0.23196270525938523,0.84829200882570899,0.087090411420555514,0.46798427813578236,0.43013817832530288,0.62681048600926159,-0.58818423709273504,0.39249706660743316,-0.26933262890077342,-0.76385541341498497,0.43581061840044794,0.28899105469184833,0.024820522834587598,-0.051989008379503224,-0.00280490643607897,-0.0013312864858732673,0.0018402149457318676,0.094994315937774951,-0.018534544980302384,-0.11945101603470387
596.952,268492.052743046,3,882,1,883,268491584529583,268491.58603408805,4110632e581951ea,0.291602240260254,0.57069674677953297,-0.57167327566280401,0.14323527448648044,0.74364996580387632,0.10394769809667814,0.64471956211639669,0.29226082145806381,0.59920782550123186,-0.55361654248934256,0.52938768246400314,-0.38238344194944701,-0.62712255085819901,0.42455728845868534,0.24789784306711379,0.11616602639223318,-0.066340745148369754,-0.0028049078428875212,-0.0013313678989505539,0.0018403564567806541,0.094965217466083385,-0.018945197344055056,-0.11957011392761578
578.609,268492.052743046,3,885,1,886,268491684538708,268491.68604321306,4110632ebe821caf,0.32017154490735023,0.58277224807485117,-0.57757546354808909,0.14469828426762915,0.74529549231929715,0.095444415711782582,0.64380699932546359,0.32129839963879164,0.61146623809001632,-0.55983437881827525,0.5227296746667166,-0.38775089110561584,-0.62932061789458549,0.4246863472757354,0.32482447043775803,0.1090402661621389,-0.049692494624841953,-0.0028049341884636568,-0.0013312981983665594,0.0018402532914878638,0.094949406361462388,-0.018728369308313036,-0.11948370673269371
560.583,268492.052743046,3,888,1,889,268491784547791,268491.78605229605,4110632f24eae4a2,0.35410961202964641,0.59022842992501645,-0.58403587960406045,0.15333683412190013,0.76782455479303524,0.094470552938892005,0.61482406930621236,0.3566217470621813,0.61867259300117661,-0.56603644304505341,0.50154702390438355,-0.36794549024795142,-0.65135944733874385,0.43450842268178941,0.37604763114353079,0.020015768265857145,-0.080817724650099287,-0.002804924780503966,-0.0013312840927886705,0.0018402161844702798,0.094968882448385153,-0.018602232186972333,-0.11944900682422327
538.690,268492.052743046,3,891,1,892,268491884556750,268491.88606125506,4110632f8b53a443,0.38813839224254415,0.59489650631599733,-0.59525509940640187,0.19132723003099156,0.80813919876917573,0.097486275990940507,0.54845364951587372,0.3944159578032263,0.62201664708414039,-0.57616449733852459,0.4567484894126419,-0.31888207942911395,-0.70672947056948632,0.43615191420743249,0.37614651214556089,0.042895015366383286,-0.11302082571622402,-0.0028049120685608832,-0.0013312857669529007,0.001840213264711325,0.094986732211127176,-0.018552215519773756,-0.1194492491234576
523.028,268492.052743046,3,894,1,895,268491984565833,268491.98607033805,4110632ff1bc6c36,0.41909457942337625,0.60105736905792384,-0.60700382376595097,0.23196270525938523,0.84829200882570899,0.087090411420555514,0.46798427813578236,0.43013817832530288,0.62681048600926159,-0.58818423709273504,0.39249706660743316,-0.26933262890077342,-0.76385541341498497,0.43581061840044794,0.28899105469184833,0.024820522834587598,-0.051989008379503224,-0.00280490643607897,-0.0013312864858732673,0.0018402149457318676,0.094994315937774951,-0.018534544980302384,-0.11945101603470387
