recording_frame,t_ns,tx,ty,tz,qx,qy,qz,qw,engine_t
39,268463448579333,-0.035767604,-0.275120162,0.112386906,-0.120504340,0.848186747,0.063835780,0.511842742,268463.446852837
40,268463481915875,-0.030541121,-0.282746585,0.109096171,-0.124099930,0.849999972,0.066565691,0.507610400,268463.480189379
41,268463515252541,-0.026283953,-0.288600842,0.106806546,-0.127401706,0.850402603,0.069389996,0.505736393,268463.513526045
42,268463548589125,-0.025526839,-0.291789521,0.112257046,-0.127864205,0.849883175,0.069876550,0.506425370,268463.546862629
43,268463581925708,-0.018759812,-0.299635503,0.110191081,-0.130884619,0.849588603,0.073011441,0.505705255,268463.580199212
44,268463615262250,-0.012875043,-0.305483503,0.108266840,-0.136078020,0.849898641,0.078459087,0.502990356,268463.613535754
45,268463648598958,-0.014256626,-0.305685640,0.106801789,-0.139006231,0.850513050,0.076526065,0.501446541,268463.646872462
46,268463681935541,-0.005563752,-0.313570159,0.103682532,-0.143563551,0.852630172,0.079124235,0.496135774,268463.680209045
47,268463715272041,0.001445488,-0.319685993,0.100953648,-0.148181726,0.853785213,0.081948957,0.492318402,268463.713545545
48,268463748608625,0.008250207,-0.337571183,0.102558721,-0.153701231,0.854824283,0.082537397,0.488711581,268463.746882129
49,268463781945250,0.018879453,-0.346945550,0.098482106,-0.161496176,0.853861536,0.083297783,0.487750956,268463.780218754
50,268463815281708,0.027711235,-0.354390672,0.095253676,-0.167196163,0.853321746,0.084046349,0.486645359,268463.813555212
51,268463848618291,0.037615151,-0.367455966,0.093431416,-0.172018649,0.852350867,0.085171091,0.486470474,268463.846891795
52,268463881954875,0.051083535,-0.379864018,0.090246672,-0.175831809,0.852240031,0.084308435,0.485450559,268463.880228379
53,268463915291416,0.061599334,-0.389791028,0.088548367,-0.178621544,0.852102964,0.081753431,0.485109589,268463.913564920
54,268463948628000,0.071797927,-0.403842018,0.088067216,-0.180820173,0.852306215,0.077014962,0.484713246,268463.946901504
55,268463981964583,0.086790485,-0.417283946,0.086650453,-0.183619871,0.852182031,0.072643146,0.484553977,268463.980238087
56,268464015301166,0.098836760,-0.427165105,0.085693113,-0.188710084,0.851402486,0.074592126,0.483671768,268464.013574670
57,268464048637666,0.110013871,-0.435630521,0.086300400,-0.193038937,0.851178451,0.080028936,0.481483785,268464.046911170
58,268464081974208,0.126760625,-0.448361648,0.085782546,-0.199084095,0.851814938,0.086235866,0.476802122,268464.080247712
59,268464115310791,0.139394001,-0.457369606,0.085818850,-0.202464937,0.852052944,0.089577155,0.474330810,268464.113584295
60,268464148647291,0.148868130,-0.459802912,0.088004171,-0.206120248,0.852092871,0.091996570,0.472216970,268464.146920795
61,268464181983833,0.164015039,-0.470227894,0.088896022,-0.209493720,0.849507829,0.093207551,0.475143384,268464.180257337
62,268464215320333,0.174986861,-0.477564799,0.089204922,-0.211096786,0.847256973,0.096241480,0.477840349,268464.213593837
63,268464248656958,0.180182815,-0.479733968,0.090958916,-0.212175006,0.844469963,0.099250232,0.481665541,268464.246930462
64,268464281993541,0.193312088,-0.489088313,0.091133708,-0.213866062,0.844598000,0.104184796,0.479646856,268464.280267045
65,268464315329916,0.202958764,-0.495444232,0.090857585,-0.214842892,0.845123136,0.106626578,0.477744956,268464.313603420
66,268464348666500,0.207469007,-0.493568373,0.090240930,-0.215329365,0.847044984,0.109698562,0.473407160,268464.346940004
67,268464382003041,0.215927543,-0.498500809,0.089785767,-0.218413641,0.845965500,0.113958587,0.472917908,268464.380276545
68,268464415339625,0.224032727,-0.502943752,0.089400192,-0.221994796,0.844108054,0.117653485,0.473664032,268464.413613129
69,268464448676125,0.226645742,-0.498566803,0.088081595,-0.227509794,0.841487261,0.122177983,0.474564091,268464.446949629
70,268464482012708,0.233573052,-0.501898256,0.087594157,-0.231386956,0.841314023,0.125332530,0.472167979,268464.480286212
71,268464515349291,0.240277503,-0.505206033,0.087173706,-0.234305873,0.841214254,0.127863937,0.470223568,268464.513622795
72,268464548685791,0.247759131,-0.508525044,0.086492250,-0.237260032,0.841170750,0.128039226,0.468770152,268464.546959295
73,268464582022416,0.253229122,-0.511600611,0.086693905,-0.241139441,0.840499796,0.128614377,0.467835717,268464.580295920
74,268464615358791,0.258421369,-0.514646764,0.086939118,-0.244355098,0.839714881,0.128357435,0.467647224,268464.613632295
75,268464648695375,0.266379002,-0.520301179,0.086415936,-0.246447542,0.839409523,0.126621476,0.467570655,268464.646968879
76,268464682031958,0.271524292,-0.524084440,0.085943281,-0.248165215,0.840149395,0.127567448,0.465069479,268464.680305462
77,268464715368500,0.276653084,-0.528165934,0.085319728,-0.249670374,0.840594136,0.129580491,0.462898641,268464.713642004
78,268464748704958,0.286267738,-0.537396962,0.084669866,-0.250332480,0.840000138,0.132954463,0.462662493,268464.746978462
79,268464782041541,0.290822624,-0.541749729,0.084320259,-0.252295422,0.837127483,0.135440320,0.466069275,268464.780315045
80,268464815378083,0.295127561,-0.546006798,0.084082729,-0.256276886,0.833257618,0.138037023,0.470052905,268464.813651587
81,268464848714625,0.302761259,-0.553593460,0.082622745,-0.264117293,0.827360460,0.142137156,0.474882940,268464.846988129
82,268464882051125,0.307238082,-0.558027653,0.082035312,-0.267952235,0.825828578,0.143506502,0.474989154,268464.880324629
83,268464915387625,0.312030057,-0.562929534,0.081422640,-0.272242057,0.824459773,0.145169309,0.474422037,268464.913661129
84,268464948724166,0.319520969,-0.570468074,0.080484811,-0.279482792,0.822923905,0.149466449,0.471535205,268464.946997670
85,268464982060708,0.324780034,-0.576627825,0.080233426,-0.284034302,0.820680741,0.151612204,0.472039647,268464.980334212
86,268465015397250,0.330245137,-0.583396579,0.080194011,-0.288916728,0.818190078,0.153894900,0.472661119,268465.013670754
87,268465048733708,0.339383624,-0.593695369,0.081523570,-0.296795623,0.813435340,0.159360721,0.474172458,268465.047007212
88,268465082070333,0.345819938,-0.601719947,0.081695540,-0.303309109,0.809771175,0.164609209,0.474529335,268465.080343837
89,268465115406791,0.352535569,-0.610392086,0.081943729,-0.309329996,0.806600180,0.169373307,0.474366777,268465.113911296
90,268465148743416,0.361114656,-0.620727094,0.083126301,-0.316366102,0.803590239,0.173934370,0.473182951,268465.147247921
91,268465182079875,0.368628840,-0.630725719,0.083851818,-0.320991303,0.802684785,0.175222596,0.471125052,268465.180584380
92,268465215416541,0.376526134,-0.641027337,0.084560841,-0.325691636,0.802183800,0.177598391,0.467851444,268465.213921046
93,268465248752958,0.386565125,-0.653521564,0.086372158,-0.329524468,0.802088192,0.179925603,0.464429746,268465.247257463
94,268465282089500,0.394867909,-0.664784517,0.087604714,-0.332925200,0.800997648,0.183770456,0.462376525,268465.280594005
95,268465315426125,0.403189111,-0.676331536,0.089022793,-0.335795766,0.800057044,0.187314595,0.460503232,268465.313930630
96,268465348762541,0.414239978,-0.692104981,0.091537212,-0.339323304,0.797844539,0.191556914,0.460010639,268465.347267046
97,268465382099083,0.422246548,-0.703388288,0.093392187,-0.343440391,0.796010928,0.194195354,0.459024530,268465.380603588
98,268465415435666,0.432603318,-0.718168854,0.095757712,-0.348941842,0.793501924,0.197129090,0.457967753,268465.413940171
99,268465448772166,0.440862328,-0.729717377,0.096400578,-0.353368799,0.791593680,0.197589845,0.457677008,268465.447276671
100,268465482108666,0.448476298,-0.740544883,0.097672887,-0.356528234,0.790897008,0.198610339,0.455986324,268465.480613171
101,268465515445250,0.458633638,-0.754932451,0.099130479,-0.359619946,0.790007856,0.199891227,0.454537822,268465.513949755
102,268465548781750,0.465512134,-0.765101813,0.098156925,-0.360422775,0.789692652,0.199178185,0.454762622,268465.547286255
103,268465582118333,0.472857993,-0.775426728,0.098784199,-0.361937922,0.788735430,0.199506932,0.455076257,268465.580622838
104,268465615454916,0.482499506,-0.788414485,0.099246638,-0.363857483,0.788103762,0.198975284,0.454872600,268465.613959421
105,268465648791416,0.489094400,-0.795591179,0.097859440,-0.364492287,0.788507920,0.195346407,0.455236716,268465.647295921
106,268465682127916,0.496391143,-0.804030670,0.097411790,-0.365014253,0.790170601,0.192673935,0.453069338,268465.680632421
107,268465715464333,0.506629798,-0.814740904,0.096552810,-0.364145859,0.791472950,0.191454516,0.452010602,268465.713968838
108,268465748800958,0.516250368,-0.822177989,0.094898288,-0.363658135,0.792632811,0.192214304,0.450044111,268465.747305463
109,268465782137541,0.524117046,-0.828868752,0.094191446,-0.364411198,0.792195390,0.194516518,0.449215228,268465.780642046
110,268465815474041,0.534437039,-0.836311282,0.093083357,-0.365103796,0.791305820,0.198582907,0.448440854,268465.813978546
111,268465848810583,0.544592654,-0.842996403,0.091805127,-0.366724424,0.789581256,0.203261777,0.448061760,268465.847315088
112,268465882147125,0.552372688,-0.847498738,0.090617212,-0.367931803,0.788544623,0.205868342,0.447707320,268465.880651630
113,268465915483541,0.563132663,-0.852388966,0.088647977,-0.370828075,0.786647403,0.209733990,0.446860279,268465.913988046
114,268465948820166,0.573139215,-0.856030144,0.087173647,-0.374411011,0.785428005,0.213778442,0.444092416,268465.947324671
115,268465982156750,0.582864290,-0.858376482,0.085263918,-0.379012658,0.783906629,0.217428272,0.441095003,268465.980661255
116,268466015493208,0.596869050,-0.860529682,0.082795275,-0.386961723,0.781318424,0.220675654,0.437154955,268466.013997713
117,268466048829833,0.609525762,-0.861190698,0.082163493,-0.395391736,0.779006705,0.222516539,0.432782130,268466.047334338
118,268466082166375,0.621064016,-0.861883979,0.080477661,-0.401965743,0.776939473,0.221790177,0.430810594,268466.080670880
119,268466115502708,0.636800183,-0.862415456,0.078258666,-0.411453291,0.774683597,0.218653426,0.427507013,268466.114007213
120,268466148839375,0.649293470,-0.862484681,0.077531154,-0.418449255,0.773566603,0.214279942,0.424945985,268466.147343880
121,268466182175916,0.661825694,-0.862755358,0.076082075,-0.424602405,0.772031030,0.210287833,0.423627156,268466.180680421
122,268466215512458,0.679324384,-0.863831940,0.074567695,-0.430511573,0.770654876,0.206657855,0.421951930,268466.214016963
123,268466248849000,0.695188202,-0.868164779,0.074482593,-0.431499107,0.769600106,0.205636130,0.423365129,268466.247353505
124,268466282185625,0.709672520,-0.870185605,0.074439577,-0.432448853,0.768128855,0.206976140,0.424413693,268466.280690130
125,268466315522041,0.728594155,-0.872568700,0.075315100,-0.433096706,0.766136881,0.206561834,0.427543898,268466.314026546
126,268466348858541,0.743402051,-0.876586520,0.076075425,-0.434075366,0.763766773,0.207779139,0.430193882,268466.347363046
127,268466382195041,0.760840382,-0.876550608,0.076630324,-0.440212423,0.760275323,0.208599273,0.429745101,268466.380699546
128,268466415531500,0.773525530,-0.876195265,0.076524496,-0.444927292,0.758496684,0.211120603,0.426791084,268466.414036005
129,268466448868041,0.785200016,-0.878319829,0.076408323,-0.450977889,0.757547592,0.214838994,0.420220000,268466.447372546
130,268466482204708,0.800516574,-0.878995846,0.075635572,-0.453788574,0.757036700,0.219399921,0.415734402,268466.480709213
131,268466515541166,0.811118682,-0.879900762,0.075393450,-0.454418029,0.755221113,0.223052803,0.416404642,268466.514045671
132,268466548877666,0.817300967,-0.884195359,0.077073470,-0.453455965,0.753969804,0.227259052,0.417445325,268466.547382171
133,268466582214250,0.830094846,-0.886925650,0.077575580,-0.455609809,0.752747966,0.230594751,0.415471197,268466.580718755
134,268466615550708,0.839769348,-0.888852789,0.077699369,-0.458090040,0.752616437,0.231556419,0.412436288,268466.614055213
135,268466648887166,0.839092908,-0.889035000,0.077508956,-0.461823930,0.754195641,0.230568565,0.405888879,268466.647391671
136,268466682223833,0.850975496,-0.891560508,0.077136254,-0.465904046,0.756774417,0.227944450,0.397828208,268466.680728338
137,268466715560208,0.859819989,-0.893338574,0.076825750,-0.471229411,0.756799952,0.228735917,0.390994384,268466.714064713
138,268466748896791,0.859902251,-0.893132185,0.077259511,-0.476387266,0.756051311,0.228811149,0.386117986,268466.747401296
139,268466782233291,0.870236383,-0.896440838,0.077829770,-0.481990761,0.751876545,0.231362060,0.385795565,268466.780737796
140,268466815569750,0.877713534,-0.899362505,0.078394717,-0.485803416,0.748548303,0.234252068,0.385741495,268466.814074255
141,268466848906250,0.882949308,-0.901494063,0.078096459,-0.488526317,0.744026372,0.237453957,0.389078998,268466.847410755
142,268466882242833,0.892881141,-0.906246538,0.078407183,-0.491328446,0.741416051,0.240624920,0.388584996,268466.880747338
143,268466915579291,0.900357942,-0.909920469,0.078663824,-0.493166743,0.740124682,0.242135147,0.387779116,268466.914083796
144,268466948915750,0.909195925,-0.913290382,0.077954703,-0.495009522,0.739243155,0.244440101,0.385660758,268466.947420255
145,268466982252250,0.918817974,-0.917528532,0.078713774,-0.498420282,0.736626137,0.248734847,0.383523384,268466.980756755
146,268467015588791,0.925859541,-0.920527766,0.079782437,-0.500014914,0.735698993,0.252271732,0.380908262,268467.014093296
147,268467048925250,0.933320981,-0.922561340,0.082424293,-0.500599568,0.735465478,0.256022194,0.378078420,268467.047429755
148,268467082261833,0.942709211,-0.925916523,0.086821191,-0.499379836,0.735509042,0.259500423,0.377234428,268467.080766338
149,268467115598208,0.949246805,-0.927866541,0.091428680,-0.499290333,0.735363522,0.262742398,0.375387986,268467.114102713
150,268467148934791,0.953000462,-0.927380535,0.099362704,-0.499060787,0.735197936,0.263335365,0.375602002,268467.147439296
151,268467182271291,0.959582612,-0.928097365,0.108646352,-0.499183339,0.735790855,0.260101609,0.376530235,268467.180775796
152,268467215607833,0.963744122,-0.928185250,0.115930572,-0.500309814,0.736474536,0.257254547,0.375653429,268467.214112338
153,268467248944250,0.960288716,-0.923479733,0.125011173,-0.500053775,0.736584741,0.255340699,0.377081321,268467.247448755
154,268467282280750,0.964202036,-0.923945298,0.135930504,-0.498744367,0.733334268,0.259577797,0.382222878,268467.280785255
155,268467315617208,0.966325248,-0.925010340,0.144855392,-0.498039401,0.731310357,0.261903912,0.385419657,268467.314121713
156,268467348953708,0.966082657,-0.926633736,0.154338576,-0.495982084,0.728778418,0.264921185,0.390769253,268467.347458213
157,268467382290208,0.967185219,-0.926925659,0.166210950,-0.492966363,0.730081482,0.263093622,0.393378944,268467.380794713
158,268467415626708,0.967864444,-0.926864985,0.174717691,-0.492004859,0.731697880,0.261189387,0.392848048,268467.414131213
159,268467448963208,0.977237677,-0.930215902,0.184816676,-0.490591818,0.736034260,0.254921841,0.390625325,268467.447467713
160,268467482299541,0.977763849,-0.928972217,0.192188194,-0.489974512,0.738242959,0.251470362,0.389467612,268467.480804046
161,268467515636083,0.978191916,-0.927728214,0.199220206,-0.487507662,0.740711078,0.248923768,0.389513015,268467.514140588
162,268467548972541,0.983575994,-0.927799509,0.207906375,-0.483962057,0.742751348,0.246445357,0.391619588,268467.547477046
163,268467582309083,0.984994097,-0.926759323,0.214170530,-0.481586465,0.742878540,0.248798685,0.392817030,268467.580813588
164,268467615645541,0.986649959,-0.925678897,0.220066093,-0.479183612,0.742119102,0.253960781,0.393886124,268467.614150046
165,268467648981958,0.992390632,-0.925807916,0.226572042,-0.473335803,0.746292911,0.257388668,0.390834025,268467.647486463
166,268467682318541,0.995416874,-0.925097029,0.231776982,-0.468626598,0.752401580,0.255259209,0.386165461,268467.680823046
167,268467715655000,0.998522001,-0.923558840,0.237085414,-0.462775122,0.758837743,0.251362416,0.383172879,268467.714159505
168,268467748991541,1.004616666,-0.920866724,0.244101631,-0.457006123,0.766081275,0.247291606,0.378301200,268467.747496046
169,268467782328041,1.006940253,-0.919323585,0.250835681,-0.454816862,0.767146176,0.246950266,0.379003940,268467.780832546
170,268467815664333,1.009007757,-0.917970871,0.258031888,-0.452039000,0.768616755,0.245351715,0.380383510,268467.814168838
171,268467849001000,1.011986960,-0.914794530,0.268492592,-0.448667808,0.770615602,0.242583063,0.382102478,268467.847505505
172,268467882337458,1.013620460,-0.913489430,0.276473661,-0.445175396,0.775416797,0.235701083,0.380779084,268467.880841963
173,268467915673916,1.015194392,-0.911920870,0.284646031,-0.443860134,0.779237423,0.228576386,0.378853678,268467.914178421
174,268467949010416,1.017061337,-0.904642258,0.294760575,-0.444411128,0.782350144,0.219073604,0.377404042,268467.947514921
175,268467982346875,1.017124674,-0.902060173,0.303987568,-0.444670367,0.781689064,0.216483974,0.379954227,268467.980851380
176,268468015683333,1.016833496,-0.900325215,0.313579454,-0.443952055,0.781549708,0.214131841,0.382405851,268468.014187838
177,268468049019875,1.017258219,-0.901510352,0.327093064,-0.439518434,0.781738747,0.213594514,0.387408718,268468.047524380
178,268468082356333,1.016758283,-0.900889164,0.336217954,-0.437461972,0.782484316,0.213513934,0.388274608,268468.080860838
179,268468115692833,1.016131943,-0.900621127,0.345279396,-0.436772994,0.781958167,0.212711089,0.390544264,268468.114197338
180,268468149029291,1.014852987,-0.902183867,0.357696845,-0.435445660,0.782082445,0.211587068,0.392383859,268468.147533796
181,268468182365708,1.013378039,-0.901751561,0.366041134,-0.433525001,0.783597536,0.208768011,0.392997386,268468.180870213
182,268468215702250,1.012343755,-0.901340295,0.373857241,-0.432806771,0.784507267,0.206181771,0.393339264,268468.214206755
183,268468249038666,1.012076910,-0.903291083,0.384149159,-0.432025134,0.787297947,0.197588749,0.393033034,268468.247543171
184,268468282375208,1.010578854,-0.902684995,0.391283687,-0.432018739,0.788714538,0.194280609,0.391847273,268468.280879713
185,268468315711583,1.009380693,-0.902174293,0.398089246,-0.432277962,0.788571183,0.192667711,0.392645462,268468.314216088
186,268468349048125,1.008387218,-0.906640687,0.410942591,-0.431956090,0.788729436,0.191476561,0.393264025,268468.347552630
187,268468382384708,1.007198495,-0.907202787,0.417290003,-0.431878525,0.788497295,0.193236486,0.392953774,268468.380889213
188,268468415721041,1.006245924,-0.907872029,0.423322837,-0.432372411,0.787241127,0.194310040,0.394397222,268468.414225546
189,268468449057541,1.006432636,-0.909885172,0.431165770,-0.434881574,0.783595798,0.197459812,0.397322687,268468.447562046
190,268468482394125,1.004624128,-0.910678386,0.436833453,-0.435567270,0.782497810,0.197788995,0.398569816,268468.480898630
191,268468515730500,1.002174056,-0.912038106,0.443591898,-0.434591222,0.782162959,0.196080825,0.401128332,268468.514235005
192,268468549067041,1.001057647,-0.911259455,0.447784643,-0.434062629,0.782263634,0.192500286,0.403233102,268468.547571546
193,268468582403541,0.998765186,-0.912173325,0.451775654,-0.432416412,0.783987234,0.188818502,0.403395203,268468.580908046
194,268468615739916,0.995768006,-0.912800071,0.455851322,-0.431356022,0.784892162,0.187538125,0.403368047,268468.614244421
195,268468649076375,0.995415620,-0.909461932,0.455495050,-0.429642139,0.785563545,0.186019000,0.404591811,268468.647580880
196,268468682412958,0.992669366,-0.909614880,0.457317873,-0.428428045,0.785537701,0.184609776,0.406570061,268468.680917463
197,268468715749375,0.988727391,-0.908743858,0.458789925,-0.429102133,0.784531918,0.185173265,0.407543794,268468.714253880
198,268468749085833,0.987913049,-0.903272161,0.454833916,-0.427875400,0.784671833,0.184044611,0.409072598,268468.747590338
199,268468782422333,0.984991985,-0.901054395,0.454819735,-0.425992399,0.786254023,0.182153229,0.408846353,268468.780926838
200,268468815758916,0.980869435,-0.897102889,0.454625302,-0.423757355,0.788201041,0.179292124,0.408684732,268468.814263421
201,268468849095333,0.977469574,-0.893544268,0.454594390,-0.420020324,0.791150840,0.176562543,0.408030632,268468.847599838
202,268468882431750,0.973713828,-0.889297185,0.454220043,-0.416473121,0.793707899,0.174532873,0.407573601,268468.880936255
203,268468915768291,0.968349983,-0.882772492,0.453608754,-0.412661663,0.796262985,0.172239926,0.407442109,268468.914272796
204,268468949104666,0.966566147,-0.873312442,0.449377461,-0.409604299,0.797891583,0.171509486,0.407649223,268468.947609171
205,268468982441208,0.961557428,-0.866701566,0.448910688,-0.406922020,0.798818407,0.170403418,0.408982090,268468.980945713
206,268469015777625,0.954358860,-0.856952719,0.448573610,-0.403351772,0.799652181,0.168161790,0.411807483,268469.014282130
207,268469049114166,0.950660724,-0.842953001,0.444101033,-0.401854254,0.800300285,0.165196014,0.413210530,268469.047618671
208,268469082450583,0.944675250,-0.833345324,0.443824214,-0.399198530,0.802068038,0.161368197,0.413869248,268469.080955088
209,268469115787208,0.936558370,-0.819329460,0.443112902,-0.394644269,0.805001798,0.156111408,0.414556738,268469.114291713
210,268469149123541,0.931244792,-0.806358353,0.440232441,-0.390703817,0.808082773,0.150656284,0.414313284,268469.147628046
211,268469182460041,0.925122109,-0.794662676,0.439405652,-0.386224770,0.810499832,0.147024067,0.415095683,268469.180964546
212,268469215796541,0.916973648,-0.778349885,0.438197363,-0.378842368,0.814214978,0.141797271,0.416444495,268469.214301046
213,268469249132958,0.912053253,-0.765542155,0.437622782,-0.371905908,0.817378147,0.139151966,0.417391595,268469.247637463
214,268469282469458,0.906383248,-0.752804006,0.436819746,-0.365715692,0.819937644,0.136370194,0.418757108,268469.280973963
215,268469315805875,0.898922089,-0.735288986,0.435995593,-0.357916154,0.823005160,0.132519239,0.420710396,268469.314310380
216,268469349142458,0.894774664,-0.722649817,0.436599901,-0.352766603,0.825135422,0.131580890,0.421181411,268469.347646963
217,268469382478875,0.889913678,-0.708915826,0.435661616,-0.348025333,0.827041983,0.131393616,0.421444773,268469.380983380
218,268469415815416,0.884003137,-0.690761944,0.433983461,-0.341327337,0.829733860,0.132124170,0.421403165,268469.414319921
219,268469449151875,0.881923964,-0.679436556,0.432431118,-0.336989481,0.831636705,0.134539367,0.420378036,268469.447656380
220,268469482488333,0.878428866,-0.666396699,0.430806614,-0.332035427,0.834363365,0.134068530,0.419065548,268469.480992838
221,268469515824833,0.874118715,-0.649166336,0.427881674,-0.327449645,0.838901120,0.132721077,0.414013055,268469.514329338
222,268469549161208,0.873822870,-0.639320854,0.424641928,-0.324299165,0.844426030,0.131923287,0.405426974,268469.547665713
223,268469582497750,0.869385958,-0.623694966,0.421053305,-0.315761455,0.852997459,0.125588011,0.396128443,268469.581002255
224,268469615834166,0.865208305,-0.612757686,0.419083940,-0.309358074,0.858655235,0.118370111,0.391148743,268469.614338671
225,268469649170666,0.859872100,-0.602311265,0.418704643,-0.303475280,0.863811186,0.109119792,0.387073525,268469.647675171
226,268469682507208,0.850301060,-0.588010769,0.418100870,-0.300281690,0.865557155,0.101738346,0.387673936,268469.681011713
227,268469715843541,0.841768346,-0.577812332,0.417794838,-0.295114290,0.867290764,0.096304657,0.389152608,268469.714348046
228,268469749180041,0.830455829,-0.566081157,0.415334344,-0.291722554,0.867012940,0.092763941,0.393168434,268469.747684546
229,268469782516500,0.817653682,-0.554168602,0.414033091,-0.285735730,0.868561858,0.090458011,0.394680622,268469.781021005
230,268469815853041,0.807698725,-0.545632588,0.412997518,-0.280901018,0.869815466,0.088713767,0.395784782,268469.814357546
231,268469849189541,0.792990968,-0.540521079,0.408924354,-0.274101937,0.871487603,0.088693837,0.396876483,268469.847694046
232,268469882525916,0.778338772,-0.530763636,0.406738655,-0.266554259,0.874353179,0.086189041,0.396266132,268469.881030421
233,268469915862375,0.766991407,-0.523919098,0.404815387,-0.262756934,0.874501222,0.087662422,0.398147911,268469.914366880
234,268469949198875,0.753792380,-0.522953252,0.402145286,-0.259597539,0.874484431,0.090592559,0.399598721,268469.947703380
235,268469982535416,0.736395523,-0.515652201,0.399110866,-0.252510148,0.875484910,0.092207606,0.401575160,268469.981039921
236,268470015871791,0.723298601,-0.510812687,0.396125674,-0.247746568,0.876472230,0.095409051,0.401640679,268470.014376296
237,268470049208291,0.711017388,-0.504560307,0.394052711,-0.242173306,0.878317371,0.098346345,0.400298308,268470.047712796
238,268470082544791,0.693991615,-0.499767008,0.388806654,-0.230462007,0.881574611,0.099258227,0.399826620,268470.081049296
239,268470115881291,0.681664159,-0.496837421,0.384777999,-0.221708985,0.883624885,0.101938207,0.399575831,268470.114385796
240,268470149217750,0.671114818,-0.490398747,0.383482727,-0.213349916,0.885800897,0.104892355,0.398542633,268470.147722255
241,268470182554208,0.657046863,-0.486925028,0.379374059,-0.206177976,0.887919333,0.108217134,0.396710228,268470.181058713
242,268470215890583,0.646836783,-0.484022365,0.376323247,-0.197889068,0.890881310,0.108707451,0.394148641,268470.214395088
243,268470249227083,0.638513107,-0.474269627,0.373976016,-0.190655849,0.894132204,0.109050098,0.390238490,268470.247731588
244,268470282563541,0.626395340,-0.469782247,0.370544602,-0.180802656,0.897766138,0.109033708,0.386572198,268470.281068046
245,268470315900041,0.617778215,-0.465830399,0.368712947,-0.174734475,0.900002645,0.108369056,0.384342691,268470.314404546
246,268470349236458,0.612891449,-0.456834684,0.368775667,-0.171253472,0.901589506,0.110156348,0.381672954,268470.347740963
247,268470382573000,0.601702153,-0.449231332,0.368315556,-0.165723185,0.902043266,0.111530158,0.382641934,268470.381077505
248,268470415909458,0.592509664,-0.443164941,0.368694639,-0.162053940,0.901870028,0.110651902,0.384870347,268470.414413963
249,268470449245958,0.588067673,-0.433225160,0.370011010,-0.159025842,0.901074790,0.109226187,0.388387304,268470.447750463
250,268470482582375,0.574746272,-0.422820560,0.370487117,-0.152294336,0.900852706,0.108422450,0.391810494,268470.481086880
251,268470515918916,0.564621330,-0.414847704,0.370410967,-0.146259944,0.901202081,0.106299286,0.393882409,268470.514423421
252,268470549255250,0.558277858,-0.402625230,0.368721090,-0.139581171,0.902352378,0.102206740,0.394754504,268470.547759755
253,268470582591750,0.545199630,-0.389410592,0.368072142,-0.133597742,0.903894262,0.094699644,0.395169377,268470.581096255
254,268470615928208,0.535417718,-0.378480141,0.367424785,-0.129848194,0.903613042,0.088723917,0.398435737,268470.614432713
255,268470649264750,0.524147031,-0.359831473,0.365863758,-0.123708195,0.902724731,0.077522545,0.404690808,268470.647769255
256,268470682601166,0.513383339,-0.347685700,0.364687908,-0.115512419,0.902716825,0.070218961,0.408446527,268470.681105671
257,268470715937708,0.502810271,-0.335220435,0.362408959,-0.106469296,0.903127519,0.066209988,0.410659549,268470.714442213
258,268470749274083,0.489836832,-0.318296105,0.358123897,-0.091990900,0.902614495,0.063529622,0.415678707,268470.747778588
259,268470782610625,0.479400667,-0.305277347,0.355132827,-0.083204588,0.901939540,0.059927580,0.419512576,268470.781115130
260,268470815947041,0.468698793,-0.291442879,0.352304131,-0.075247294,0.901267930,0.057432300,0.422794922,268470.814451546
261,268470849283500,0.454270340,-0.272572227,0.349026541,-0.063844813,0.899414456,0.055527420,0.428828911,268470.847788005
262,268470882619916,0.443342303,-0.258021318,0.345487115,-0.052728592,0.898704188,0.053801730,0.432036925,268470.881124421
263,268470915956458,0.432178586,-0.243583448,0.341671586,-0.042508568,0.897975050,0.052631486,0.434814686,268470.914460963
264,268470949292875,0.419710703,-0.227982220,0.336091695,-0.029375442,0.897498337,0.054684527,0.436627386,268470.947797380
265,268470982629416,0.409565568,-0.213405688,0.331705071,-0.021355660,0.897641402,0.057147693,0.436483726,268470.981133921
266,268471015965833,0.399612678,-0.199025764,0.327140558,-0.013293766,0.897019280,0.061913766,0.437431624,268471.014470338
267,268471049302291,0.388404380,-0.181605335,0.321051330,-0.002979506,0.897282320,0.068997362,0.436021762,268471.047806796
268,268471082638708,0.377650608,-0.168507688,0.317270292,0.006063476,0.897042242,0.071313528,0.436111092,268471.081143213
269,268471115975208,0.366523979,-0.155658451,0.313855044,0.014625499,0.896706354,0.072914388,0.436333994,268471.114479713
270,268471149311708,0.354570874,-0.141054682,0.311474924,0.023688885,0.896868311,0.070815437,0.435948732,268471.147816213
271,268471182648208,0.343280276,-0.129087023,0.309679243,0.026600893,0.896959353,0.068402187,0.435978791,268471.181152713
272,268471215984583,0.331776043,-0.117015504,0.307830644,0.028232354,0.896695384,0.066004368,0.436788048,268471.214489088
273,268471249321041,0.316831255,-0.098614165,0.304961148,0.026516189,0.897991389,0.062682560,0.434717502,268471.247825546
274,268471282657583,0.304115448,-0.087210972,0.302663221,0.027307094,0.899479567,0.058879264,0.432115860,268471.281162088
275,268471315993916,0.290981872,-0.075905356,0.300356150,0.028073034,0.900719216,0.053989608,0.430118558,268471.314498421
276,268471349330458,0.271829137,-0.059391232,0.297089829,0.028921392,0.902868770,0.046549913,0.426409071,268471.347834963
277,268471382666916,0.256599515,-0.048122018,0.295161706,0.027780404,0.903456207,0.042731678,0.425639740,268471.381171421
278,268471416003291,0.240760539,-0.036890483,0.293310544,0.024790507,0.903151452,0.037963040,0.426921242,268471.414507796
279,268471449339791,0.218432904,-0.024495972,0.289609269,0.018759990,0.902115202,0.033488841,0.429784569,268471.447844296
280,268471482676166,0.200765781,-0.013671703,0.287114382,0.016739649,0.902075522,0.032523245,0.430025381,268471.481180671
281,268471516012625,0.182787513,-0.003813203,0.284027031,0.015316067,0.901240993,0.032129642,0.431853946,268471.514517130
282,268471549349166,0.158911590,0.002601464,0.277857565,0.011481224,0.899706406,0.034586329,0.434971726,268471.547853671
283,268471582685666,0.140192735,0.011028866,0.273933028,0.009361082,0.899890266,0.034051469,0.434684289,268471.581190171
284,268471616022083,0.122373658,0.018986321,0.269121097,0.009314731,0.901800650,0.035537597,0.430587920,268471.614526588
285,268471649358583,0.104565790,0.017516260,0.262875977,0.011920809,0.904974160,0.041017139,0.423317035,268471.647863088
286,268471682695041,0.090134331,0.022461377,0.259086028,0.011665808,0.905506245,0.041422073,0.422145253,268471.681199546
287,268471716031500,0.071678645,0.028468104,0.255939176,0.016456703,0.904298524,0.033162677,0.425292425,268471.714536005
288,268471749367916,0.059753250,0.028249850,0.257613760,0.023764536,0.901351980,0.023923076,0.431772618,268471.747872421
289,268471782704416,0.047116176,0.031110886,0.256081144,0.030165762,0.899559923,0.016803187,0.435430452,268471.781208921
290,268471816040916,0.031295688,0.034756153,0.253822514,0.032069522,0.897002789,0.017797111,0.440500691,268471.814545421
291,268471849377375,0.023842544,0.032507771,0.253819373,0.031128885,0.895696463,0.024314270,0.442908238,268471.847881880
292,268471882713833,0.013528527,0.035729840,0.252344261,0.027550756,0.894673299,0.026744972,0.445067863,268471.881218338
293,268471916050166,0.000706112,0.040157672,0.250842620,0.023808039,0.894503067,0.021029758,0.445931882,268471.914554671
294,268471949386666,0.000498665,0.036631286,0.252552169,0.016363498,0.894068331,0.019041484,0.447226486,268471.947891171
295,268471982723166,-0.006709473,0.039582831,0.250610838,0.011496035,0.891780772,0.017637876,0.451977715,268471.981227671
296,268472016059583,-0.015854721,0.042874535,0.247127230,0.008488272,0.888869123,0.011992687,0.457925606,268472.014564088
297,268472049396125,-0.016532559,0.043166810,0.243738747,0.006923152,0.886217626,0.007952722,0.463149217,268472.047900630
298,268472082732583,-0.021150487,0.045138910,0.238548108,0.005122669,0.885517126,0.007602249,0.464516347,268472.081237088
299,268472116068916,-0.025581477,0.047811415,0.229565429,0.001874052,0.887105097,0.011049944,0.461431455,268472.114573421
300,268472149405458,-0.023365613,0.049567806,0.220484554,-0.002449297,0.890916812,0.015510085,0.453895060,268472.147909963
301,268472182741916,-0.024210205,0.052393153,0.212715150,-0.006039878,0.893430889,0.017081103,0.448835222,268472.181246421
302,268472216078416,-0.024932599,0.056912467,0.202679930,-0.011714646,0.894178533,0.020045713,0.447108198,268472.214582921
303,268472249414833,-0.020375564,0.058294941,0.196751482,-0.017067273,0.894592847,0.020958408,0.446064059,268472.247919338
304,268472282751291,-0.021009233,0.062253618,0.190387890,-0.022769238,0.894114684,0.024389081,0.446593462,268472.281255796
305,268472316087708,-0.021916349,0.067547106,0.182142140,-0.027101805,0.891444271,0.033180191,0.451100579,268472.314592213
306,268472349424166,-0.017736198,0.071846800,0.177196251,-0.028792409,0.888744244,0.037843642,0.455930453,268472.347928671
307,268472382760750,-0.019560570,0.075270846,0.172585711,-0.029847053,0.886810210,0.042746291,0.459183638,268472.381265255
308,268472416097166,-0.022066991,0.079911199,0.167399420,-0.029198187,0.881239809,0.049714210,0.469140081,268472.414601671
309,268472449433666,-0.024479747,0.082880639,0.164573359,-0.026369906,0.875444517,0.053877635,0.479581879,268472.447938171
310,268472482770083,-0.026985637,0.085254208,0.162001155,-0.025552758,0.868952854,0.057185712,0.490915310,268472.481274588
311,268472516106541,-0.029838997,0.088017783,0.158820141,-0.022744535,0.859810931,0.054816555,0.507151897,268472.514611046
312,268472549442875,-0.031465169,0.092267984,0.155270563,-0.019752408,0.854372280,0.051766202,0.516699297,268472.547947380
313,268472582779375,-0.032179311,0.093694670,0.151294986,-0.016514889,0.853060211,0.049000412,0.519244209,268472.581283880
314,268472616115875,-0.032043584,0.095224985,0.144902375,-0.009479951,0.853945292,0.036387170,0.519002501,268472.614620380
315,268472649452250,-0.028906860,0.099121511,0.139641964,-0.000822815,0.859124682,0.024291795,0.511188875,268472.647956755
316,268472682788833,-0.027667112,0.100763466,0.132880431,0.003265078,0.861029139,0.019337181,0.508177417,268472.681293338
317,268472716125291,-0.025469703,0.102493584,0.122706543,0.009087457,0.860165170,0.012394270,0.509784006,268472.714629796
318,268472749461708,-0.020581739,0.102979877,0.116597600,0.012291923,0.857490048,0.009172725,0.514271951,268472.747966213
319,268472782798166,-0.017876262,0.104866727,0.104984774,0.012890094,0.852868382,0.009507578,0.521880280,268472.781302671
320,268472816134625,-0.015743676,0.106305828,0.096249988,0.015934615,0.849724197,0.003043698,0.526977861,268472.814639130
321,268472849471041,-0.011025417,0.103980495,0.087080834,0.016418608,0.846788745,0.001085081,0.531674831,268472.847975546
322,268472882807458,-0.006545313,0.106910951,0.074464764,0.021152588,0.845521913,-0.003906089,0.533507319,268472.881311963
323,268472916144000,-0.002396726,0.108973752,0.065536761,0.021229038,0.842527311,-0.004422402,0.538217013,268472.914648505
324,268472949480500,0.007259086,0.107412269,0.055775753,0.023195398,0.840812465,-0.008575991,0.540761388,268472.947985005
325,268472982816875,0.013154840,0.111562123,0.045084470,0.025257228,0.839320308,-0.013316880,0.542886920,268472.981321380
326,268473016153333,0.018236479,0.114840913,0.037359775,0.027638326,0.836997985,-0.016652554,0.546253825,268473.014657838
327,268473049489708,0.028816116,0.117236764,0.030709307,0.029235153,0.834374649,-0.018180799,0.550121589,268473.047994213
328,268473082826291,0.037132290,0.121531831,0.021018529,0.033524960,0.830864724,-0.019559449,0.555119239,268473.081330796
329,268473116162625,0.043843143,0.124598076,0.013474888,0.040539360,0.830566933,-0.022298442,0.554993659,268473.114667130
330,268473149499125,0.051859533,0.129095990,0.005682789,0.048552075,0.831211534,-0.023254388,0.553343806,268473.148003630
331,268473182835583,0.063546981,0.133513837,-0.004974086,0.055800459,0.831541021,-0.022099144,0.552211481,268473.181340088
332,268473216172125,0.071918191,0.136967337,-0.012592118,0.063705407,0.831661856,-0.023902927,0.551097888,268473.214676630
333,268473249508458,0.074661525,0.142261872,-0.017202437,0.073395973,0.832920691,-0.024039461,0.547976561,268473.248012963
334,268473282844916,0.085743703,0.146717036,-0.026785779,0.084735712,0.834968616,-0.023233698,0.543237994,268473.281349421
335,268473316181458,0.094691117,0.150297866,-0.033580373,0.094846024,0.836482415,-0.026636258,0.539065825,268473.314685963
336,268473349517958,0.105851326,0.156050357,-0.040894456,0.104803400,0.837864459,-0.030070523,0.534878690,268473.348022463
337,268473382854291,0.118554087,0.163129770,-0.049093598,0.117017602,0.836512414,-0.036450278,0.534064877,268473.381358796
338,268473416190791,0.128039686,0.169290362,-0.054268830,0.126687181,0.836547243,-0.044592901,0.531178497,268473.414695296
339,268473449527208,0.139444549,0.177010180,-0.061301159,0.138185520,0.835634812,-0.053381579,0.528932589,268473.448031713
340,268473482863666,0.153627580,0.187255725,-0.066751009,0.151104142,0.833038343,-0.058262476,0.528980335,268473.481368171
341,268473516200166,0.163958284,0.195595985,-0.069985189,0.161873420,0.834716883,-0.061338939,0.522764104,268473.514704671
342,268473549536541,0.175724473,0.206528040,-0.076198785,0.169310874,0.837129239,-0.064356526,0.516146060,268473.548041046
343,268473582873000,0.190325043,0.219723999,-0.080373339,0.179101319,0.838044760,-0.070119677,0.510575148,268473.581377505
344,268473616209458,0.200481014,0.230167836,-0.082819196,0.183850831,0.836528534,-0.072569381,0.511030940,268473.614713963
345,268473649545958,0.209421896,0.242551853,-0.086725694,0.188655975,0.835787566,-0.077651136,0.509743487,268473.648050463
346,268473682882333,0.221544036,0.257564384,-0.089294032,0.193510306,0.835277665,-0.083671665,0.507803199,268473.681386838
347,268473716218791,0.230727912,0.269148619,-0.091278316,0.196487442,0.832824049,-0.085019182,0.510459187,268473.714723296
348,268473749555291,0.238054604,0.283263708,-0.094733166,0.197327599,0.830600724,-0.087286629,0.513366685,268473.748059796
349,268473782891708,0.248399209,0.298890439,-0.096750692,0.202132448,0.829783021,-0.088540864,0.512604311,268473.781396213
350,268473816228041,0.256589204,0.310682259,-0.098047963,0.204259860,0.828842544,-0.089870465,0.513050971,268473.814732546
351,268473849564666,0.262283794,0.326392505,-0.098110520,0.210305910,0.828583292,-0.098598319,0.509411010,268473.848069171
352,268473882901041,0.269030453,0.338355110,-0.097959852,0.219578658,0.824708024,-0.101897141,0.511134927,268473.881405546
353,268473916237500,0.275677811,0.350348971,-0.096942428,0.221590907,0.819712970,-0.108978584,0.516809286,268473.914742005
354,268473949574000,0.277292070,0.365061118,-0.091534100,0.231866681,0.813298262,-0.119346590,0.520134813,268473.948078505
355,268473982910458,0.282482918,0.377539879,-0.089321248,0.234528509,0.810884697,-0.125330983,0.521300858,268473.981414963
356,268474016246791,0.287337534,0.389711765,-0.086930141,0.238214735,0.810915491,-0.132191008,0.517875850,268474.014751296
357,268474049583291,0.295190276,0.405466265,-0.082818900,0.238034001,0.812805688,-0.132338427,0.514949824,268474.048087796
358,268474082919708,0.300658506,0.417942032,-0.080438477,0.237514207,0.813317353,-0.131697951,0.514546001,268474.081424213
359,268474116256166,0.305395202,0.430572635,-0.077634554,0.239307016,0.813781256,-0.133667135,0.512469873,268474.114760671
360,268474149592708,0.314192689,0.447414060,-0.073068444,0.240288714,0.815278194,-0.134177809,0.509489125,268474.148097213
361,268474182929166,0.318737295,0.460472602,-0.069697899,0.239040199,0.815068332,-0.135868230,0.509963993,268474.181433671
362,268474216265500,0.323028125,0.473620395,-0.065958888,0.237846494,0.815517243,-0.136141809,0.509731432,268474.214770005
363,268474249601875,0.331456211,0.491444897,-0.061628109,0.231821066,0.816203521,-0.132333952,0.512404708,268474.248106380
364,268474282938375,0.336082233,0.504472214,-0.057905462,0.227484710,0.817956321,-0.127825667,0.512697587,268474.281442880
365,268474316274833,0.340538619,0.517491391,-0.054165778,0.224396486,0.819583711,-0.125069778,0.512139007,268474.314779338
366,268474349611333,0.349143663,0.533644923,-0.051131373,0.220660256,0.822924899,-0.119699656,0.509681966,268474.348115838
367,268474382947750,0.353186162,0.546168433,-0.047585811,0.217295327,0.824633069,-0.117367794,0.508908534,268474.381452255
368,268474416284250,0.356869670,0.558547751,-0.043921958,0.215203065,0.826128863,-0.117707785,0.507290522,268474.414788755
369,268474449620708,0.363445636,0.574667614,-0.040408812,0.210983447,0.828213530,-0.113813645,0.506551913,268474.448125213
370,268474482957083,0.367184594,0.586568720,-0.037247851,0.208561437,0.830221092,-0.108017767,0.505536626,268474.481461588
371,268474516293583,0.370943704,0.597731566,-0.033899609,0.204455442,0.832793774,-0.101276854,0.504376401,268474.514798088
372,268474549630000,0.378313341,0.610380758,-0.030145336,0.197060125,0.837716401,-0.091441756,0.501035924,268474.548134505
373,268474582966458,0.382348296,0.621478665,-0.025736460,0.188578828,0.840029457,-0.088336158,0.500984345,268474.581470963
374,268474616302916,0.385806532,0.632706321,-0.020676579,0.179559777,0.841845028,-0.087583355,0.501382533,268474.614807421
375,268474649639291,0.391120461,0.648978997,-0.012906507,0.167342281,0.841045427,-0.092793231,0.505992707,268474.648143796
376,268474682975833,0.393114923,0.660891233,-0.006942437,0.159147581,0.840537498,-0.095795494,0.508912605,268474.681480338
377,268474716312166,0.394773792,0.672789717,-0.001192303,0.151401812,0.840150744,-0.098781048,0.511338025,268474.714816671
378,268474749648708,0.398085132,0.689041508,0.005394570,0.146440668,0.836381373,-0.105417595,0.517598796,268474.748153213
379,268474782985125,0.398904349,0.700385246,0.011165655,0.139886932,0.836069957,-0.109934076,0.518973241,268474.781489630
380,268474816321583,0.399458552,0.711727172,0.017273515,0.132938458,0.835459825,-0.114008785,0.520899507,268474.814826088
381,268474849657958,0.402264097,0.727264254,0.025824627,0.124758818,0.834909337,-0.118337744,0.522836368,268474.848162463
382,268474882994541,0.402932347,0.737645703,0.032534984,0.120368263,0.835212227,-0.121390459,0.522681955,268474.881499046
383,268474916330791,0.403567922,0.749973127,0.041182487,0.119714211,0.835087752,-0.121740230,0.522949638,268474.914835296
384,268474949667333,0.402645914,0.756290958,0.048504897,0.122329266,0.833744797,-0.121086003,0.524636443,268474.948171838
385,268474983003750,0.402289007,0.762998152,0.055407634,0.122571504,0.834288155,-0.122042747,0.523493192,268474.981508255
386,268475016340208,0.402363228,0.770972375,0.064548024,0.123773433,0.836364368,-0.117798887,0.520862992,268475.014844713
387,268475049676708,0.400788669,0.770812524,0.073550629,0.127583069,0.836593818,-0.112077642,0.520837786,268475.048181213
388,268475083013083,0.400688629,0.774577627,0.081274938,0.128584990,0.836719970,-0.107352303,0.521383859,268475.081517588
389,268475116349583,0.400965525,0.779399727,0.092684861,0.126568169,0.839738060,-0.102772944,0.517936544,268475.114854088
390,268475149686041,0.398578289,0.775015377,0.102580968,0.126816025,0.841244185,-0.094857260,0.516941070,268475.148190546
391,268475183022500,0.399210386,0.777253126,0.111916822,0.128646554,0.842713599,-0.089996188,0.514960768,268475.181527005
392,268475216358875,0.398872954,0.778590469,0.125602201,0.132656347,0.845484022,-0.087079001,0.509878773,268475.214863380
393,268475249695333,0.399069457,0.777456999,0.135764911,0.137345853,0.848548940,-0.082824555,0.504223124,268475.248199838
394,268475283031750,0.399329999,0.776337630,0.146486670,0.137003087,0.851946058,-0.073796244,0.499972235,268475.281536255
395,268475316368250,0.400000048,0.773122221,0.161234808,0.132190559,0.856450279,-0.058665428,0.495557259,268475.314872755
396,268475349704750,0.403281041,0.773774546,0.172540677,0.129540772,0.861626490,-0.051064865,0.488069066,268475.348209255
397,268475383041166,0.403108533,0.770458722,0.184521405,0.132295336,0.865570180,-0.056511307,0.479679824,268475.381545671
398,268475416377458,0.403322398,0.766026983,0.201063811,0.131566672,0.869265233,-0.069550684,0.471413748,268475.414881963
399,268475449713958,0.405738405,0.766891002,0.214221080,0.129622750,0.870316917,-0.086511451,0.467185434,268475.448218463
400,268475483050458,0.406441825,0.764469656,0.227653911,0.127761277,0.871542695,-0.094620400,0.463829086,268475.481554963
401,268475516386833,0.407551421,0.759995068,0.244541242,0.126249768,0.873711686,-0.103284975,0.458280648,268475.514891338
402,268475549723291,0.415643307,0.776331244,0.260361630,0.121171558,0.875590898,-0.100970285,0.456577581,268475.548227796
403,268475583059833,0.417946252,0.772418087,0.271739955,0.120278489,0.879488002,-0.102254053,0.448974499,268475.581564338
404,268475616396083,0.421509648,0.766345429,0.285927349,0.122472438,0.885902881,-0.103816415,0.435199715,268475.614900588
405,268475649732708,0.427177573,0.764069933,0.295992529,0.121643296,0.890400860,-0.098432261,0.427434628,268475.648237213
406,268475683069083,0.430687121,0.758630716,0.305397125,0.123191672,0.891177125,-0.094049426,0.426358890,268475.681573588
407,268475716405541,0.433889273,0.750820166,0.318771321,0.128010728,0.891972617,-0.090939135,0.423943665,268475.714910046
408,268475749741958,0.433168184,0.743991219,0.329273552,0.131474653,0.891883519,-0.090146781,0.423239666,268475.748246463
409,268475783078416,0.435471219,0.737419041,0.338786958,0.133764180,0.893616742,-0.091034629,0.418651420,268475.781582921
410,268475816414875,0.438998253,0.728699351,0.351792884,0.134876679,0.896050173,-0.089474778,0.413396523,268475.814919380
411,268475849751333,0.433350194,0.721059568,0.361052320,0.135965124,0.898604885,-0.089345517,0.407480278,268475.848255838
412,268475883087708,0.435381074,0.714123301,0.371023713,0.138553221,0.900424221,-0.088997689,0.402639655,268475.881592213
413,268475916424166,0.438385124,0.705129463,0.384376226,0.140687375,0.902420634,-0.087820274,0.397657784,268475.914928671
414,268475949760666,0.435724830,0.698674415,0.395844183,0.139762312,0.903597568,-0.086180260,0.395665196,268475.948265171
415,268475983097041,0.437583664,0.692637495,0.406397565,0.137867660,0.903748668,-0.085000400,0.396239622,268475.981601546
416,268476016433541,0.439543997,0.685108142,0.420026936,0.137729969,0.902681239,-0.084267521,0.398868493,268476.014938046
417,268476049770000,0.428030985,0.681864040,0.429928352,0.136722690,0.900409769,-0.083788311,0.404411580,268476.048274505
418,268476083106333,0.428111259,0.675358677,0.441249259,0.136005387,0.899776235,-0.081420787,0.406541474,268476.081610838
419,268476116442875,0.428539668,0.671093686,0.448393677,0.135826093,0.900556473,-0.077829381,0.405576075,268476.114947380
420,268476149779291,0.421270362,0.672685137,0.457961188,0.136736915,0.902560094,-0.073547561,0.401595696,268476.148283796
421,268476183115625,0.421846988,0.668393319,0.464031222,0.136955250,0.905952552,-0.065680595,0.395195326,268476.181620130
422,268476216452166,0.422636956,0.665365210,0.468039979,0.133682146,0.908141021,-0.060847393,0.392054356,268476.214956671
423,268476249788583,0.419335535,0.666992076,0.477723732,0.130471258,0.909610339,-0.056762762,0.390338731,268476.248293088
424,268476283125000,0.418123878,0.663806250,0.484412429,0.133730538,0.907061602,-0.057026710,0.395099229,268476.281629505
425,268476316461458,0.416214764,0.660883782,0.489524220,0.135399608,0.904917558,-0.062753854,0.398563879,268476.314965963
426,268476349797916,0.413248430,0.656829919,0.494945604,0.137965991,0.901002134,-0.069402014,0.405393578,268476.348302421
427,268476383134333,0.412101877,0.651969648,0.500898652,0.132295068,0.900476905,-0.067780868,0.408711592,268476.381638838
428,268476416470833,0.412042854,0.647913998,0.504635986,0.126784566,0.900804737,-0.062696533,0.410543175,268476.414975338
429,268476449807208,0.413493792,0.644060512,0.507618009,0.115679426,0.902397506,-0.053504334,0.411624040,268476.448311713
430,268476483143708,0.413490529,0.637399461,0.512653399,0.107115444,0.903490110,-0.050925984,0.411871947,268476.481648213
431,268476516480041,0.413417448,0.632295666,0.517088816,0.099753348,0.904500515,-0.051730887,0.411402548,268476.514984546
432,268476549816458,0.413173665,0.627361914,0.522507598,0.091471579,0.904625186,-0.053408741,0.412836267,268476.548320963
433,268476583152958,0.412143619,0.619075909,0.529616463,0.083337048,0.902522012,-0.051596727,0.419340894,268476.581657463
434,268476616489291,0.410669010,0.611468742,0.535242404,0.078645388,0.901723230,-0.049063978,0.422259279,268476.614993796
435,268476649825833,0.415659640,0.608473771,0.531085640,0.074599004,0.899950849,-0.044490910,0.427251765,268476.648330338
436,268476683162291,0.413817040,0.596313646,0.537994867,0.069155593,0.897501105,-0.042816811,0.433446702,268476.681666796
437,268476716498750,0.411847572,0.586360320,0.543724211,0.065173152,0.895309065,-0.041849536,0.438660242,268476.715003255
438,268476749835083,0.418646840,0.571667065,0.538617882,0.061908929,0.892762075,-0.040578559,0.444405892,268476.748339588
439,268476783171666,0.416091088,0.556865859,0.545640545,0.058172188,0.890771516,-0.037201724,0.449175007,268476.781676171
440,268476816507958,0.413603380,0.545363342,0.550776522,0.059163367,0.889545163,-0.038407569,0.451369041,268476.815012463
441,268476849844500,0.414313948,0.530207278,0.547993350,0.057911447,0.889348045,-0.030234833,0.452539751,268476.848349005
442,268476883180958,0.411661957,0.514178501,0.553506529,0.055329907,0.885865091,-0.028628847,0.459741323,268476.881685463
443,268476916517291,0.409393102,0.502728964,0.557711194,0.053679136,0.883475115,-0.036925552,0.463925455,268476.915021796
444,268476949853750,0.411818340,0.491611437,0.557908215,0.051087780,0.880801959,-0.050907897,0.467959813,268476.948358255
445,268476983190208,0.411711225,0.478631796,0.559227139,0.046287661,0.877945747,-0.057528300,0.473031993,268476.981694713
446,268477016526625,0.412546581,0.468589741,0.557471271,0.042482102,0.873111120,-0.046626311,0.483423503,268477.015031130
447,268477049863166,0.416745276,0.457831385,0.553666166,0.039155342,0.867091355,-0.034722402,0.495392622,268477.048367671
448,268477083199583,0.417781765,0.444209368,0.547140450,0.035586491,0.860778165,-0.029652002,0.506868193,268477.081704088
449,268477116536000,0.419510802,0.435628046,0.540147593,0.023530189,0.858830505,-0.025078418,0.511104314,268477.115040505
450,268477149872333,0.424223302,0.425738670,0.527801401,0.014906372,0.858057515,-0.037429969,0.511970850,268477.148376838
451,268477183208833,0.425313665,0.418762233,0.517982206,0.014959563,0.856499470,-0.043837815,0.514065335,268477.181713338
452,268477216545250,0.425616759,0.411532265,0.506615981,0.019398651,0.855347957,-0.045733692,0.515666605,268477.215049755
453,268477249881708,0.431520095,0.404295242,0.484615403,0.028705411,0.852999362,-0.048983722,0.518814742,268477.248386213
454,268477283218208,0.432292582,0.396819465,0.471459284,0.029438258,0.851562860,-0.044545170,0.521526477,268477.281722713
455,268477316554541,0.433107652,0.390464858,0.458098130,0.028701247,0.851257548,-0.039457568,0.522474860,268477.315059046
456,268477349891000,0.441775904,0.388550744,0.433767336,0.022834625,0.847912613,-0.032144413,0.528667732,268477.348395505
457,268477383227500,0.441764160,0.383792104,0.419930041,0.022281725,0.844690104,-0.032037123,0.533831273,268477.381732005
458,268477416563833,0.440840523,0.379649475,0.406116812,0.022767261,0.842681342,-0.031980057,0.536979643,268477.415068338
459,268477449900375,0.440391496,0.375268336,0.384571668,0.035953134,0.839621640,-0.042016048,0.540349497,268477.448404880
460,268477483236791,0.438440726,0.371570212,0.368739560,0.042776691,0.837018703,-0.045653681,0.543585908,268477.481741296
461,268477516573250,0.436158217,0.367886920,0.352847240,0.046500265,0.833496687,-0.045022694,0.548720337,268477.515077755
462,268477549909583,0.432098643,0.365946833,0.332206345,0.054750509,0.828887662,-0.042473436,0.555106914,268477.548414088
463,268477583246041,0.427698264,0.363922801,0.315916849,0.061860378,0.825615446,-0.050004288,0.558598294,268477.581750546
464,268477616582541,0.422666137,0.362260075,0.298948510,0.065551535,0.821241211,-0.056448268,0.563985387,268477.615087046
465,268477649918875,0.414119894,0.361758441,0.272669671,0.071109062,0.815989593,-0.065678972,0.569904213,268477.648423380
466,268477683255291,0.407547923,0.361858433,0.253450679,0.077213192,0.812783919,-0.069026487,0.573285113,268477.681759796
467,268477716591791,0.400621125,0.361510815,0.233017921,0.085619608,0.808871294,-0.073475098,0.577059767,268477.715096296
468,268477749928250,0.387625865,0.357663008,0.204713821,0.094728973,0.805847341,-0.071083584,0.580158308,268477.748432755
469,268477783264708,0.379971485,0.357685436,0.182311237,0.098645020,0.803378367,-0.066944266,0.583413128,268477.781769213
470,268477816601125,0.372409858,0.357658611,0.159098032,0.101652595,0.800821066,-0.060697833,0.587084488,268477.815105630
471,268477849937458,0.356457742,0.356631742,0.128474373,0.106256278,0.795995804,-0.051200852,0.593699258,268477.848441963
472,268477883273958,0.347389052,0.357078507,0.104040428,0.111786853,0.796908954,-0.045039597,0.591955494,268477.881778463
473,268477916610375,0.339248057,0.356788877,0.078962063,0.114124759,0.798395591,-0.035570750,0.590148112,268477.915114880
474,268477949946875,0.330016536,0.353968463,0.045198580,0.114895729,0.805951055,-0.025704392,0.580156191,268477.948451380
475,268477983283375,0.323531386,0.353519397,0.019768322,0.110442139,0.813231170,-0.018596561,0.571062009,268477.981787880
476,268478016619666,0.318070330,0.353001106,-0.006031130,0.102162759,0.818831414,-0.005295577,0.564845019,268478.015124171
477,268478049956166,0.307217744,0.353809546,-0.038141670,0.091120586,0.827016595,0.008209305,0.554683019,268478.048460671
478,268478083292583,0.298910319,0.353037746,-0.062821339,0.090045314,0.831429191,0.013069888,0.548130070,268478.081797088
479,268478116629000,0.289978751,0.351878226,-0.087090401,0.091493892,0.835442131,0.016197383,0.541666882,268478.115133505
480,268478149965375,0.273811216,0.351323760,-0.116354685,0.095568481,0.839027661,0.020401144,0.535241157,268478.148469880
481,268478183301916,0.264168620,0.348897118,-0.137543904,0.095870709,0.843699121,0.025156164,0.527586789,268478.181806421
482,268478216638166,0.251582994,0.344941537,-0.163725894,0.094907357,0.848888296,0.030273678,0.519100002,268478.215142671
483,268478249974708,0.240792880,0.346286646,-0.181244969,0.094638796,0.852204269,0.036936113,0.513251556,268478.248479213
484,268478283311125,0.231419454,0.342674408,-0.198025816,0.097585316,0.854329395,0.042532534,0.508713502,268478.281815630
485,268478316647625,0.219208822,0.336519676,-0.219098546,0.103637704,0.855141967,0.050933269,0.505368478,268478.315152130
486,268478349983916,0.211791986,0.334007284,-0.233077028,0.107320281,0.854222727,0.055136937,0.505713220,268478.348488421
487,268478383320500,0.203114527,0.329188853,-0.246857119,0.108687076,0.855543498,0.054934362,0.503204443,268478.381825005
488,268478416656916,0.192477471,0.323305569,-0.264695892,0.108561383,0.855323415,0.056855560,0.503392273,268478.415161421
489,268478449993291,0.190333595,0.319922362,-0.277696270,0.107365798,0.855079984,0.052499856,0.504534067,268478.448497796
490,268478483329791,0.183167476,0.315413516,-0.290444753,0.108103605,0.853904921,0.050947343,0.506521883,268478.481834296
491,268478516666166,0.174914245,0.309714836,-0.308128180,0.107115845,0.853827743,0.047442611,0.507201767,268478.515170671
492,268478550002666,0.171068198,0.304796856,-0.321525328,0.104409449,0.853337974,0.043899175,0.508906557,268478.548507171
493,268478583339125,0.167151642,0.301092765,-0.336307575,0.101643195,0.853009993,0.045196221,0.509901920,268478.581843630
494,268478616675541,0.162257236,0.296359551,-0.355731802,0.097996847,0.852539131,0.043981708,0.511506903,268478.615180046
495,268478650011916,0.157698659,0.291757322,-0.368636827,0.093041376,0.851320576,0.044149030,0.514439011,268478.648516421
496,268478683348375,0.153580572,0.289352497,-0.382818870,0.090097407,0.851624061,0.040072911,0.514794260,268478.681852880
497,268478716684708,0.148981326,0.286523222,-0.402837059,0.083900944,0.853554203,0.045246291,0.512209606,268478.715189213
498,268478750021250,0.141079906,0.283501048,-0.419954824,0.078078499,0.854325173,0.049274445,0.511472706,268478.748525755
499,268478783357541,0.137552675,0.281658172,-0.435368746,0.073682567,0.856988779,0.045606462,0.507997260,268478.781862046
500,268478816694041,0.132513141,0.280376411,-0.454658503,0.065781951,0.860678849,0.036753854,0.503541321,268478.815198546
501,268478850030500,0.122309448,0.280354783,-0.468071765,0.060122288,0.862965487,0.030076207,0.500770760,268478.848535005
502,268478883366958,0.118935001,0.279769820,-0.481701576,0.057812661,0.863469060,0.028996409,0.500238083,268478.881871463
503,268478916703291,0.114428195,0.278646212,-0.498704307,0.057071542,0.863349952,0.027871172,0.500592599,268478.915207796
504,268478950039750,0.104542263,0.275813995,-0.512119311,0.057199829,0.861599621,0.032801167,0.503287602,268478.948544255
505,268478983376166,0.101341428,0.275568369,-0.523486545,0.057498374,0.860494954,0.037336906,0.504825098,268478.981880671
506,268479016712666,0.097136779,0.275569768,-0.537402326,0.059000175,0.858331482,0.046675641,0.507550474,268479.015217171
507,268479050049083,0.086729939,0.270644324,-0.550064956,0.060210308,0.855109669,0.061423403,0.511262547,268479.048553588
508,268479083385416,0.082661861,0.270372722,-0.558612897,0.064327738,0.851135786,0.070832808,0.516151704,268479.081889921
509,268479116721875,0.076367650,0.269685094,-0.568361345,0.070764621,0.847299417,0.074251373,0.521116929,268479.115226380
510,268479150058333,0.066763535,0.264584344,-0.575136857,0.076145256,0.843494345,0.077400365,0.526049834,268479.148562838
511,268479183394791,0.062468132,0.263858766,-0.581631196,0.080204399,0.841152764,0.081401988,0.528585898,268479.181899296
512,268479216731166,0.057225430,0.261813607,-0.589811246,0.084917154,0.838248402,0.086691324,0.531613921,268479.215235671
513,268479250067666,0.056410201,0.259152206,-0.589969247,0.086409948,0.837225283,0.091947056,0.532102375,268479.248572171
514,268479283404041,0.051725321,0.256783458,-0.596871796,0.088885464,0.836459013,0.094539568,0.532445318,268479.281908546
515,268479316740500,0.048344136,0.254746250,-0.601476114,0.090081912,0.836314166,0.096367252,0.532144033,268479.315245005
516,268479350076916,0.048648134,0.253104530,-0.599871551,0.090104327,0.836925628,0.098235862,0.530835636,268479.348581421
517,268479383413333,0.043781619,0.249822882,-0.603432011,0.091564454,0.837025710,0.099682287,0.530157907,268479.381917838
518,268479416749666,0.039500133,0.246944755,-0.605175067,0.092036907,0.837185829,0.100141589,0.529736549,268479.415254171
519,268479450086208,0.035391066,0.244056614,-0.606093493,0.093030601,0.837501424,0.103399241,0.528436678,268479.448590713
520,268479483422583,0.028597402,0.239460683,-0.607046848,0.094581502,0.836748581,0.111633098,0.527678175,268479.481927088
521,268479516758958,0.022953977,0.234828449,-0.607047205,0.095923629,0.835640056,0.118671218,0.527656659,268479.515263463
522,268479550095416,0.018513891,0.231805072,-0.611167934,0.098780686,0.834053744,0.125984980,0.527943715,268479.548599921
523,268479583431875,0.008902841,0.224232296,-0.608425447,0.103575329,0.833735100,0.126900001,0.527308617,268479.581936380
524,268479616768250,0.001445885,0.218320515,-0.605981291,0.105337714,0.833686432,0.129024183,0.526520383,268479.615272755
525,268479650104666,-0.004640284,0.214814391,-0.605831742,0.108735906,0.833585047,0.129616032,0.525844282,268479.648609171
526,268479683441208,-0.014430975,0.206664182,-0.602718399,0.115851987,0.832235217,0.131177880,0.526075354,268479.681945713
527,268479716777541,-0.022221211,0.200042941,-0.600618781,0.124059827,0.831459425,0.129651902,0.525808731,268479.715282046
528,268479750114083,-0.031238146,0.192601822,-0.600511112,0.134703813,0.829787701,0.126745448,0.526538602,268479.748618588
529,268479783450500,-0.040887302,0.182932913,-0.599832894,0.146042286,0.828681433,0.125291497,0.525605201,268479.781955005
530,268479816786833,-0.047477832,0.175197193,-0.600049690,0.154582840,0.827419867,0.122746957,0.525750651,268479.815291338
531,268479850123291,-0.053615852,0.167826853,-0.601965648,0.160281003,0.827068906,0.120000479,0.525230390,268479.848627796
532,268479883459666,-0.060051820,0.157975560,-0.603234003,0.162496716,0.827420550,0.118336507,0.524372553,268479.881964171
533,268479916796083,-0.062613322,0.151321308,-0.604906097,0.159231503,0.826784663,0.126912899,0.524371641,268479.915300588
534,268479950132541,-0.062877669,0.146656840,-0.607270751,0.154450324,0.829230804,0.130017842,0.521168673,268479.948637046
535,268479983468916,-0.063483472,0.141226654,-0.610200415,0.152334341,0.832569703,0.129635462,0.516542969,268479.981973421
536,268480016805375,-0.063603144,0.137874282,-0.612414835,0.150827217,0.835733919,0.129040202,0.512004538,268480.015309880
537,268480050141833,-0.061924680,0.135773245,-0.614488291,0.150152552,0.837561778,0.130868814,0.508741474,268480.048646338
538,268480083478291,-0.062508508,0.129658178,-0.618902570,0.150523822,0.836529582,0.141477662,0.507488878,268480.081982796
539,268480116814708,-0.062901152,0.124907119,-0.622550868,0.145939187,0.834998852,0.154950675,0.507414044,268480.115319213
540,268480150151083,-0.057186395,0.127914519,-0.623526192,0.136614490,0.831267336,0.174725108,0.509708042,268480.148655588
541,268480183487500,-0.054547975,0.123810951,-0.627234885,0.112764445,0.829504550,0.198294426,0.509789913,268480.181992005
542,268480216823958,-0.051811776,0.121756288,-0.629027786,0.090992533,0.830676738,0.207459937,0.508583271,268480.215328463
543,268480250160333,-0.041843603,0.126773578,-0.627428269,0.058082097,0.833428304,0.211126412,0.507394741,268480.248664838
544,268480283496875,-0.035272038,0.127612360,-0.629409191,0.025707417,0.836993283,0.203101432,0.507475353,268480.282001380
545,268480316833166,-0.030554574,0.128865405,-0.631555959,0.007133127,0.838506540,0.198787627,0.507286344,268480.315337671
546,268480350169666,-0.023407984,0.131630732,-0.633795749,-0.003692539,0.841933973,0.190814635,0.504701277,268480.348674171
547,268480383506041,-0.018671077,0.131338640,-0.637359282,-0.010852797,0.843615351,0.193614671,0.500708267,268480.382010546
548,268480416842458,-0.013600203,0.130907377,-0.641158155,-0.015113041,0.844363339,0.195308094,0.498675194,268480.415346963
549,268480450178916,-0.004669404,0.135113454,-0.643239049,-0.013788524,0.845687798,0.193984512,0.496982985,268480.448683421
550,268480483515291,0.000224888,0.135131844,-0.646663209,-0.018114594,0.846807287,0.188594460,0.497012538,268480.482019796
551,268480516851708,0.004712836,0.134758854,-0.650651282,-0.019724413,0.847318397,0.180458303,0.499096520,268480.515356213
552,268480550188166,0.012414428,0.132313098,-0.654511437,-0.019003817,0.846206988,0.165345600,0.506195095,268480.548692671
553,268480583524625,0.016522744,0.131866135,-0.657727486,-0.017328972,0.844951333,0.163554315,0.508927294,268480.582029130
554,268480616861000,0.020468427,0.131808365,-0.660543131,-0.011648029,0.841229344,0.164557923,0.514896356,268480.615365505
555,268480650197416,0.024165749,0.125269578,-0.661663359,-0.000091011,0.833176806,0.170273199,0.526140184,268480.648701921
556,268480683533833,0.027256897,0.122215549,-0.663670180,0.003901641,0.827278366,0.174425266,0.534014197,268480.682038338
557,268480716870291,0.029801796,0.118869679,-0.666367234,0.007823543,0.820993697,0.177382990,0.542626455,268480.715374796
558,268480750206666,0.031507918,0.106957644,-0.669588662,0.011519842,0.812910979,0.183428132,0.552627548,268480.748711171
559,268480783543083,0.031775224,0.100733501,-0.674376606,0.013234002,0.809610518,0.190855019,0.554914485,268480.782047588
560,268480816879541,0.031372748,0.093252124,-0.679461056,0.010917634,0.806394670,0.193633851,0.558672020,268480.815384046
561,268480850215958,0.025751398,0.071559076,-0.683508549,-0.002296528,0.805095350,0.191063777,0.561525502,268480.848720463
562,268480883552416,0.022847466,0.059899437,-0.690630814,-0.005559587,0.803276553,0.196000597,0.562405272,268480.882056921
563,268480916888875,0.019749449,0.046171712,-0.699309414,-0.009149477,0.802793882,0.201126058,0.561236699,268480.915393380
564,268480950225291,0.011304272,0.021591189,-0.706652794,-0.024132174,0.801183641,0.206316911,0.561209227,268480.948729796
565,268480983561666,0.008404694,0.007347396,-0.716590931,-0.041565865,0.796789716,0.208272532,0.565704015,268480.982066171
566,268481016898125,0.004846785,-0.006806882,-0.726035557,-0.058711658,0.793386934,0.210691677,0.568066181,268481.015402630
567,268481050234541,0.000330329,-0.026995971,-0.736021697,-0.083727879,0.786887046,0.211099352,0.573790499,268481.048739046
568,268481083570958,-0.002476687,-0.042281776,-0.745825744,-0.095777966,0.782392645,0.211151304,0.578016877,268481.082075463
569,268481116907375,-0.005145025,-0.058182205,-0.755683973,-0.105799419,0.777738091,0.206530452,0.584187616,268481.115411880
570,268481150243833,-0.006430579,-0.081702060,-0.771107521,-0.113099285,0.773288724,0.198133368,0.591587966,268481.148748338
571,268481183580250,-0.007982667,-0.098574645,-0.780721909,-0.120348283,0.771750518,0.198542888,0.592028887,268481.182084755
572,268481216916666,-0.007845888,-0.116096014,-0.789364532,-0.126305226,0.771361609,0.201963261,0.590134860,268481.215421171
573,268481250253000,-0.000027080,-0.139351481,-0.802620751,-0.133804284,0.772717591,0.208842323,0.584284926,268481.248757505
574,268481283589500,0.002748995,-0.156765284,-0.807881654,-0.140352931,0.771155404,0.211978035,0.583682931,268481.282094005
575,268481316925875,0.005961994,-0.173925087,-0.811786358,-0.147712818,0.768171843,0.214869888,0.584742616,268481.315430380
576,268481350262333,0.016689118,-0.195476053,-0.814678226,-0.158821041,0.762462642,0.218285058,0.588029151,268481.348766838
577,268481383598791,0.020741067,-0.212246458,-0.815890328,-0.168978439,0.760171477,0.221095524,0.587113648,268481.382103296
578,268481416935125,0.026581534,-0.234669117,-0.816284917,-0.183268192,0.758857632,0.220373512,0.584793496,268481.415439630
579,268481450271625,0.039536688,-0.240448008,-0.809036489,-0.192557669,0.759246408,0.216513760,0.582742036,268481.448776130
580,268481483608083,0.045221747,-0.257428614,-0.806780544,-0.200562048,0.758515947,0.212384302,0.582512990,268481.482112588
581,268481516944416,0.053191494,-0.280432317,-0.802521515,-0.208668189,0.758036918,0.205020473,0.582927333,268481.515448921
582,268481550280916,0.063499651,-0.289672681,-0.794186044,-0.212608267,0.757930274,0.197199803,0.584338700,268481.548785421
583,268481583617375,0.070653578,-0.305568670,-0.790501359,-0.219090996,0.757720925,0.192064025,0.583926022,268481.582121880
584,268481616953791,0.080497079,-0.325480498,-0.785964174,-0.226220254,0.758250856,0.184665577,0.582905407,268481.615458296
585,268481650290208,0.089713437,-0.341181139,-0.782723893,-0.230881665,0.760196573,0.181276743,0.579597812,268481.648794713
586,268481683626500,0.097722334,-0.354811240,-0.781381394,-0.234545605,0.763167644,0.177776580,0.575290402,268481.682131005
587,268481716963041,0.108484965,-0.372270036,-0.780899628,-0.236796758,0.767672459,0.172940003,0.569822867,268481.715467546
588,268481750299541,0.115979177,-0.389163989,-0.783662932,-0.236386208,0.770880353,0.173739425,0.565402252,268481.748804046
589,268481783635833,0.124424637,-0.401522543,-0.784471511,-0.235763517,0.771138959,0.172454506,0.565702896,268481.782140338
590,268481816972333,0.136428775,-0.416765994,-0.784906080,-0.237517781,0.769174371,0.171374595,0.567967333,268481.815476838
591,268481850308791,0.143317707,-0.437990683,-0.793036003,-0.239402811,0.766030357,0.173137365,0.570882907,268481.848813296
592,268481883645250,0.153838072,-0.448225479,-0.793432969,-0.243669485,0.763729355,0.173769875,0.571967428,268481.882149755
593,268481916981750,0.170144426,-0.461062325,-0.793368802,-0.250085514,0.760391259,0.175679510,0.573061194,268481.915486255
594,268481950318166,0.180388120,-0.473283468,-0.799565746,-0.256921724,0.757793022,0.179969532,0.572146821,268481.948822671
595,268481983654541,0.194972425,-0.482840305,-0.800919771,-0.260500958,0.756164069,0.182993206,0.571724314,268481.982159046
596,268482016991125,0.216133128,-0.496206102,-0.803858124,-0.261673157,0.754502334,0.188269715,0.571671195,268482.015495630
597,268482050327458,0.231910958,-0.506810624,-0.807679798,-0.260263885,0.753592945,0.193365942,0.571812950,268482.048831963
598,268482083663875,0.248967469,-0.518312245,-0.810918165,-0.257768807,0.752032429,0.196889972,0.573791652,268482.082168380
599,268482117000250,0.271526972,-0.533749785,-0.815902223,-0.258999853,0.751289990,0.202134088,0.572384740,268482.115504755
600,268482150336750,0.286089740,-0.543144893,-0.819334392,-0.265705064,0.751231581,0.204571558,0.568508981,268482.148841255
601,268482183673250,0.300990811,-0.553078356,-0.822382974,-0.278110534,0.749873530,0.205197395,0.564126141,268482.182177755
602,268482217009583,0.319231603,-0.566054804,-0.824958562,-0.293979963,0.745693074,0.205610853,0.561464024,268482.215514088
603,268482250346083,0.330572540,-0.574205768,-0.824398525,-0.308295238,0.743063078,0.204132567,0.557800373,268482.248850588
604,268482283682458,0.342357731,-0.584698078,-0.824526103,-0.314604391,0.742510238,0.203868871,0.555103739,268482.282186963
605,268482317018875,0.358036422,-0.598616751,-0.824300563,-0.317603094,0.743275503,0.203695349,0.552429234,268482.315523380
606,268482350355375,0.366688006,-0.607337684,-0.823777292,-0.314604288,0.745302502,0.204186265,0.551231662,268482.348859880
607,268482383691750,0.377925636,-0.617223346,-0.822522900,-0.315112642,0.746113235,0.204677960,0.549659940,268482.382196255
608,268482417028208,0.392435383,-0.629645374,-0.820146694,-0.316297164,0.746796537,0.205681016,0.547673634,268482.415532713
609,268482450364666,0.393177968,-0.630268007,-0.813698836,-0.318903141,0.745991910,0.207447152,0.546591794,268482.448869171
610,268482483701041,0.402395893,-0.638374034,-0.810205444,-0.323555125,0.744495782,0.208699834,0.545419604,268482.482205546
611,268482517037375,0.413495370,-0.649240862,-0.804585021,-0.329838175,0.740005389,0.210359965,0.547126622,268482.515541880
612,268482550373791,0.414267080,-0.654600017,-0.799576356,-0.334370013,0.734594090,0.213642121,0.550386514,268482.548878296
613,268482583710333,0.423064309,-0.667730822,-0.793796960,-0.334353154,0.730864614,0.218010679,0.553639125,268482.582214838
614,268482617046708,0.430039575,-0.678547853,-0.789643364,-0.333122460,0.730159912,0.222000511,0.553725344,268482.615551213
615,268482650383250,0.436121149,-0.690918999,-0.785265067,-0.328934442,0.732704377,0.228960097,0.550021595,268482.648887755
616,268482683719500,0.448081055,-0.706264825,-0.781398594,-0.328333667,0.738586769,0.240314359,0.537527348,268482.682224005
617,268482717056041,0.458034254,-0.717560309,-0.779553724,-0.330627550,0.741746779,0.248360970,0.528028428,268482.715560546
618,268482750392333,0.469508152,-0.730562235,-0.780155179,-0.335159663,0.744384055,0.257093724,0.517168492,268482.748896838
619,268482783728708,0.483378187,-0.746590962,-0.782409319,-0.343421266,0.740737378,0.263809991,0.513589635,268482.782233213
620,268482817065208,0.494270084,-0.759344174,-0.785753497,-0.349917512,0.737035797,0.267841759,0.512442011,268482.815569713
621,268482850401500,0.506043536,-0.773388256,-0.792289052,-0.358395174,0.730042177,0.270244150,0.515324628,268482.848906005
622,268482883738000,0.523386957,-0.792735652,-0.800025452,-0.365482276,0.724970266,0.275897639,0.514510802,268482.882242505
623,268482917074291,0.537530376,-0.807830802,-0.806425409,-0.372585241,0.720822639,0.281682882,0.512103279,268482.915578796
624,268482950410625,0.548163830,-0.816113674,-0.819546422,-0.380723555,0.716493069,0.290073090,0.507488830,268482.948915130
625,268482983747166,0.568534202,-0.835939236,-0.827379695,-0.385937005,0.710497474,0.303053737,0.504385223,268482.982251671
626,268483017083541,0.584082034,-0.851358150,-0.831716334,-0.386653561,0.704621567,0.315001784,0.504758753,268483.015588046
627,268483050419875,0.598380635,-0.863843828,-0.836908285,-0.384517656,0.698474925,0.328597653,0.506263358,268483.048924380
628,268483083756375,0.618090659,-0.886786191,-0.838781357,-0.386052224,0.691919017,0.344562028,0.503476729,268483.082260880
629,268483117092708,0.632912220,-0.903981627,-0.838524327,-0.390527288,0.685491399,0.355988337,0.500861594,268483.115597213
630,268483150429125,0.652681056,-0.922182118,-0.835309631,-0.399086864,0.677436104,0.366450146,0.497518185,268483.148933630
631,268483183765500,0.673203618,-0.943996592,-0.832818667,-0.411836018,0.664587882,0.376846321,0.496689989,268483.182270005
632,268483217101958,0.688797590,-0.960258430,-0.831556015,-0.422183273,0.654849935,0.383256964,0.496031248,268483.215606463
633,268483250438208,0.702870667,-0.970674509,-0.824864217,-0.436674029,0.643501422,0.386252058,0.496015234,268483.248942713
634,268483283774750,0.723702984,-0.990292865,-0.823862243,-0.448974258,0.632634108,0.391620462,0.494802656,268483.282279255
635,268483317110958,0.739288645,-1.004306162,-0.823409678,-0.454105073,0.626830093,0.394849195,0.494941192,268483.315615463
636,268483350447375,0.747986690,-1.010617199,-0.818419470,-0.454704353,0.623644347,0.396691909,0.496937885,268483.348951880
637,268483383783791,0.767983816,-1.026252517,-0.816610248,-0.457324113,0.618073288,0.399104465,0.499555548,268483.382288296
638,268483417120208,0.782217428,-1.036641909,-0.815336383,-0.461409136,0.614180314,0.399190038,0.500531236,268483.415624713
639,268483450456666,0.792315415,-1.039052702,-0.810958842,-0.466739576,0.611468193,0.396347784,0.501167940,268483.448961171
640,268483483793041,0.808115685,-1.048550544,-0.809791220,-0.476146965,0.608854037,0.392167790,0.498783827,268483.482297546
641,268483517129416,0.819181564,-1.055090216,-0.809394721,-0.481093811,0.607409037,0.389322796,0.498026928,268483.515633921
642,268483550465750,0.830091268,-1.056577183,-0.807906132,-0.485367890,0.607620496,0.384816199,0.497123618,268483.548970255
643,268483583802083,0.843558286,-1.064408140,-0.807656852,-0.486896090,0.606134782,0.380844943,0.500489766,268483.582306588
644,268483617138500,0.853339212,-1.069854696,-0.807422070,-0.488652575,0.605408997,0.376730474,0.502765163,268483.615643005
645,268483650474958,0.868505483,-1.072015860,-0.810156944,-0.492769801,0.604065661,0.369703925,0.505570630,268483.648979463
646,268483683811250,0.877885070,-1.075647457,-0.809822682,-0.494780387,0.603758419,0.366994198,0.505948072,268483.682315755
647,268483717147708,0.886676506,-1.078887708,-0.809177664,-0.496192851,0.603624423,0.364424521,0.506581713,268483.715652213
648,268483750484000,0.901667885,-1.077935648,-0.811632176,-0.497694880,0.604909126,0.361310743,0.505805651,268483.748988505
649,268483783820416,0.909446586,-1.079497890,-0.811381712,-0.497351943,0.605919269,0.359864237,0.505965086,268483.782324921
650,268483817156791,0.916499176,-1.079955953,-0.810826429,-0.495999742,0.606339851,0.360580794,0.506278368,268483.815661296
651,268483850493125,0.927243514,-1.074945121,-0.809999370,-0.494400575,0.604886297,0.363204858,0.507703578,268483.848997630
652,268483883829625,0.932490898,-1.072517864,-0.808350355,-0.494444110,0.602225137,0.366039024,0.508788161,268483.882334130
653,268483917166000,0.937277872,-1.069470627,-0.807022053,-0.493476211,0.599718821,0.369374234,0.510275704,268483.915670505
654,268483950502333,0.946374616,-1.068807894,-0.805390185,-0.492052554,0.595613582,0.374178711,0.512951353,268483.949006838
655,268483983838750,0.951548983,-1.066197418,-0.804499505,-0.490275048,0.595393206,0.374796840,0.514455722,268483.982343255
656,268484017175083,0.956604476,-1.063953158,-0.803242223,-0.486407522,0.597624179,0.375104886,0.515314895,268484.015679588
657,268484050511541,0.964623213,-1.066509702,-0.796977159,-0.475998308,0.603218046,0.374209842,0.519153780,268484.049016046
658,268484083847875,0.970007888,-1.064143254,-0.790664434,-0.467796607,0.604708346,0.374462041,0.524664067,268484.082352380
659,268484117184208,0.974881634,-1.061485489,-0.782010400,-0.458085635,0.605512432,0.375902365,0.531234140,268484.115688713
660,268484150520583,0.980896415,-1.059788333,-0.764235283,-0.444582619,0.603855431,0.379382347,0.542009226,268484.149025088
661,268484183857083,0.985800394,-1.055986800,-0.750848662,-0.438420811,0.602925418,0.380097558,0.547534504,268484.182361588
662,268484217193375,0.990717703,-1.051498869,-0.736365525,-0.431922423,0.602272718,0.381412946,0.552480598,268484.215697880
663,268484250529708,0.994449879,-1.041734172,-0.710708375,-0.430265163,0.598879770,0.384867317,0.555060458,268484.249034213
664,268484283866208,0.999876566,-1.035748502,-0.693631312,-0.426605784,0.598667298,0.385959569,0.557351088,268484.282370713
665,268484317202583,1.005048222,-1.028984174,-0.675604454,-0.419251093,0.597972984,0.389827750,0.560973448,268484.315707088
666,268484350539041,1.004133556,-1.011465946,-0.647123718,-0.408545023,0.596844732,0.393904506,0.567191875,268484.349043546
667,268484383875208,1.009348487,-1.002648708,-0.627495420,-0.405426190,0.593701020,0.397320630,0.570337684,268484.382379713
668,268484417211625,1.014071984,-0.993239093,-0.607733338,-0.403153367,0.592343025,0.397226063,0.573418357,268484.415716130
669,268484450547958,1.022334814,-0.981274964,-0.581831469,-0.401231340,0.593226194,0.393806756,0.576205161,268484.449052463
670,268484483884333,1.029243635,-0.973000234,-0.561917030,-0.396789727,0.594284870,0.393217044,0.578587777,268484.482388838
671,268484517220791,1.037302151,-0.965987638,-0.541332073,-0.394002553,0.596266685,0.388205649,0.581828545,268484.515725296
672,268484550557166,1.051912743,-0.959512558,-0.514700326,-0.391347131,0.598745690,0.380655151,0.586048403,268484.549061671
673,268484583893500,1.061900844,-0.954616114,-0.492645384,-0.385534948,0.597189771,0.379697444,0.592078614,268484.582398005
674,268484617229916,1.072443951,-0.951109670,-0.469534031,-0.378611287,0.594459148,0.379770875,0.599204431,268484.615734421
675,268484650566250,1.085138492,-0.948303527,-0.441796730,-0.367477697,0.590646297,0.380202580,0.609543391,268484.649070755
676,268484683902708,1.095832489,-0.945682617,-0.420050546,-0.361761365,0.588686166,0.378432483,0.615927123,268484.682407213
677,268484717239041,1.109755054,-0.942357078,-0.392100816,-0.354176858,0.586630127,0.378655654,0.622128441,268484.715743546
678,268484750575500,1.117072585,-0.938789134,-0.375778313,-0.347761930,0.588906651,0.379616844,0.623010193,268484.749080005
679,268484783911875,1.127400876,-0.936717957,-0.355926819,-0.338378121,0.591369596,0.383462347,0.623489318,268484.782416380
680,268484817248250,1.141810490,-0.934095573,-0.330186855,-0.331469522,0.591425531,0.391159871,0.622364689,268484.815752755
681,268484850584541,1.152646422,-0.932048998,-0.313623209,-0.324968010,0.593392566,0.396211191,0.620723611,268484.849089046
682,268484883920916,1.163489843,-0.931647865,-0.294642611,-0.322188232,0.592234307,0.398445856,0.621847426,268484.882425421
683,268484917257333,1.179098165,-0.931450071,-0.268865362,-0.321709977,0.587190291,0.401484010,0.624916711,268484.915761838
684,268484950593666,1.191110449,-0.930002074,-0.250393475,-0.321440478,0.580307379,0.403094129,0.630424097,268484.949098171
685,268484983930083,1.203238692,-0.930574081,-0.229931484,-0.318919474,0.573137331,0.406903229,0.635793823,268484.982434588
686,268485017266375,1.219562693,-0.930989372,-0.201635057,-0.318857765,0.564693249,0.414539832,0.638441886,268485.015770880
687,268485050602791,1.230348301,-0.925932865,-0.181009121,-0.322126317,0.556814030,0.422945333,0.638208485,268485.049107296
688,268485083939208,1.241803403,-0.924586971,-0.158933047,-0.327092856,0.551531404,0.429947760,0.635585046,268485.082443713
689,268485117275583,1.255863790,-0.922635549,-0.129158918,-0.336137677,0.543586529,0.436541635,0.633211341,268485.115780088
690,268485150611875,1.264103579,-0.917068024,-0.104943205,-0.346229017,0.537592328,0.439878360,0.630576750,268485.149116380
691,268485183948416,1.271993443,-0.915348905,-0.082131406,-0.353606126,0.530541962,0.441939184,0.631013269,268485.182452921
692,268485217284791,1.280449379,-0.912988810,-0.051001593,-0.363482169,0.521424986,0.445814102,0.630274969,268485.215789296
693,268485250621000,1.282574128,-0.908037217,-0.023910718,-0.368686704,0.513404126,0.448592804,0.631863013,268485.249125505
694,268485283957375,1.285707877,-0.906309522,0.000800519,-0.373648143,0.506754068,0.452027290,0.631869260,268485.282461880
695,268485317293750,1.288295914,-0.904240033,0.033648230,-0.378402322,0.503264564,0.457298715,0.628024203,268485.315798255
696,268485350630208,1.281178313,-0.899435656,0.054811408,-0.382576008,0.500689912,0.465274392,0.621663095,268485.349134713
697,268485383966583,1.280195681,-0.897593698,0.079796375,-0.384950890,0.500083536,0.470865926,0.616453244,268485.382471088
698,268485417302916,1.276843445,-0.895542511,0.113272512,-0.390939713,0.494411378,0.470813405,0.617299215,268485.415807421
699,268485450639250,1.268128690,-0.893755180,0.135343063,-0.395292239,0.491155636,0.465411829,0.621210165,268485.449143755
700,268485483975666,1.261984658,-0.891753024,0.158273148,-0.401873456,0.486546522,0.458158239,0.625988250,268485.482480171
701,268485517312041,1.252953278,-0.888780712,0.187091281,-0.411998144,0.479245610,0.449289516,0.631442918,268485.515816546
702,268485550648416,1.244844852,-0.885747321,0.206866836,-0.418354770,0.474543466,0.440207495,0.637185374,268485.549152921
703,268485583984750,1.236642494,-0.883775207,0.225492785,-0.423631448,0.471678100,0.434570346,0.639691202,268485.582489255
704,268485617321250,1.225296086,-0.881017965,0.248069478,-0.431462864,0.469689797,0.423431605,0.643379375,268485.615825755
705,268485650657458,1.215804169,-0.878565924,0.262905927,-0.440169454,0.470792694,0.414855243,0.642261840,268485.649161963
706,268485683993833,1.205648789,-0.875919145,0.276237021,-0.447952654,0.472324740,0.407947078,0.640177315,268485.682498338
707,268485717330291,1.192751310,-0.872445273,0.292162027,-0.457084816,0.476509179,0.402086573,0.634301911,268485.715834796
708,268485750666750,1.185079226,-0.871174917,0.301219258,-0.462876100,0.482236057,0.400411193,0.626789463,268485.749171255
709,268485784003041,1.173997027,-0.868362403,0.314671248,-0.470710220,0.488676654,0.398480392,0.617122716,268485.782507546
710,268485817339500,1.166106382,-0.866340694,0.324576791,-0.476251666,0.492510475,0.396707526,0.610934509,268485.815844005
711,268485850675833,1.160416654,-0.866637674,0.332672277,-0.479608487,0.496699659,0.395429715,0.605723155,268485.849180338
712,268485884012166,1.150318129,-0.864433566,0.345408358,-0.485128827,0.499806274,0.391281062,0.601450658,268485.882516671
713,268485917348625,1.142573610,-0.862674213,0.354632204,-0.490883079,0.502667639,0.384692353,0.598640873,268485.915853130
714,268485950684875,1.135226436,-0.863394391,0.362880223,-0.495554454,0.505014489,0.375530275,0.598634459,268485.949189380
715,268485984021375,1.124576604,-0.859982277,0.374278211,-0.502519225,0.508718340,0.364091260,0.596755969,268485.982525880
716,268486017357708,1.116540765,-0.857345418,0.382909285,-0.506309950,0.511143509,0.356974968,0.595778040,268486.015862213
717,268486050694000,1.110369593,-0.857054579,0.391928143,-0.508783312,0.514304209,0.350022670,0.595075546,268486.049198505
718,268486084030333,1.100192805,-0.853092471,0.404045380,-0.513091320,0.520399448,0.341397651,0.591074791,268486.082534838
719,268486117366750,1.092653738,-0.849161187,0.412855934,-0.517292888,0.524918985,0.335416132,0.586825527,268486.115871255
720,268486150703083,1.087516622,-0.846338221,0.424063163,-0.522656447,0.528598550,0.331482735,0.580975956,268486.149207588
721,268486184039458,1.076795112,-0.839102690,0.433748671,-0.530828311,0.532586769,0.324968757,0.573557319,268486.182543963
722,268486217375916,1.068619894,-0.833157739,0.439552991,-0.536283410,0.539006268,0.318192284,0.566238528,268486.215880421
723,268486250712250,1.062614248,-0.827255867,0.446191555,-0.541862539,0.546783956,0.309354581,0.558311822,268486.249216755
724,268486284048625,1.054193506,-0.817987387,0.451934677,-0.546198864,0.555453183,0.297765018,0.551792180,268486.282553130
725,268486317385000,1.047920034,-0.811027385,0.456105340,-0.546808406,0.560957015,0.289851609,0.549830785,268486.315889505
726,268486350721375,1.042160533,-0.805284186,0.460975832,-0.544855489,0.564911374,0.282419832,0.551585648,268486.349225880
727,268486384057791,1.034423183,-0.796877856,0.466037930,-0.542142066,0.570697062,0.276386132,0.551359777,268486.382562296
728,268486417394125,1.028836005,-0.790536129,0.468985890,-0.537331947,0.576371926,0.274719874,0.550998026,268486.415898630
729,268486450730500,1.022953340,-0.787316160,0.468432011,-0.529195653,0.583134437,0.276977237,0.550626782,268486.449235005
730,268486484066875,1.015822866,-0.779512135,0.470157935,-0.520177207,0.592663394,0.278022346,0.548515636,268486.482571380
731,268486517403208,1.009678173,-0.773751744,0.470444624,-0.512158301,0.599524108,0.277307300,0.548967607,268486.515907713
732,268486550739583,1.001671476,-0.776329223,0.466044927,-0.503064269,0.608171926,0.277841393,0.547592424,268486.549244088
733,268486584075833,0.989958792,-0.767855258,0.463941236,-0.499449766,0.616333287,0.276955828,0.542198057,268486.582580338
734,268486617412333,0.979574800,-0.760564871,0.461965786,-0.496879340,0.619955303,0.277708155,0.540041274,268486.615916838
735,268486650748708,0.965604888,-0.762874050,0.457338642,-0.498789384,0.620247962,0.278094985,0.537740503,268486.649253213
736,268486684085000,0.947337826,-0.751300360,0.455102348,-0.499774781,0.618648122,0.274854015,0.540328598,268486.682589505
737,268486717421333,0.932287656,-0.740943647,0.453714186,-0.499807773,0.615730348,0.274134686,0.543983966,268486.715925838
738,268486750757750,0.919761224,-0.735919914,0.441639572,-0.497301491,0.613698182,0.273753615,0.548748376,268486.749262255
739,268486784094083,0.896810101,-0.720568888,0.439699899,-0.495638871,0.619631400,0.277128551,0.541847633,268486.782598588
740,268486817430458,0.878867845,-0.708226987,0.437997646,-0.492844287,0.624133803,0.281581124,0.536911192,268486.815934963
741,268486850766875,0.859719334,-0.697525254,0.421256180,-0.487727726,0.627563520,0.286676512,0.534885337,268486.849271380
742,268486884103166,0.840381602,-0.685212804,0.419800671,-0.483888865,0.623672811,0.287583560,0.542383203,268486.882607671
743,268486917439541,0.820552596,-0.672723151,0.417590810,-0.478149267,0.619031234,0.290554942,0.551136543,268486.915944046
744,268486950775958,0.800298519,-0.654100655,0.406475419,-0.471440750,0.609335323,0.297956113,0.563627795,268486.949280463
745,268486984112333,0.782062643,-0.641485116,0.401210529,-0.465104305,0.609227223,0.307169459,0.564063076,268486.982616838
746,268487017448708,0.764917132,-0.628739426,0.393798178,-0.456986031,0.614320179,0.313922248,0.561451121,268487.015953213
747,268487050785125,0.743770541,-0.611968209,0.384040158,-0.449146605,0.624516147,0.321675646,0.552061357,268487.049289630
748,268487084121458,0.730928086,-0.598210359,0.372017005,-0.444336971,0.630284602,0.323799359,0.548142322,268487.082625963
749,268487117457708,0.718905856,-0.584485503,0.358244234,-0.441093952,0.634852078,0.321440031,0.546877797,268487.115962213
750,268487150794125,0.699300106,-0.568948966,0.345700738,-0.437057581,0.641589235,0.312197030,0.547610256,268487.149298630
751,268487184130500,0.689521444,-0.556308009,0.329144522,-0.433845116,0.644532250,0.306227975,0.550073699,268487.182635005
752,268487217466875,0.680817479,-0.545423721,0.311765713,-0.430716810,0.645246655,0.302687054,0.553642830,268487.215971380
753,268487250803250,0.671146511,-0.537964784,0.290034496,-0.423616210,0.645793243,0.294868927,0.562630219,268487.249307755
754,268487284139625,0.663313086,-0.531342492,0.269900318,-0.425660740,0.640684521,0.294397156,0.567156633,268487.282644130
755,268487317475958,0.655547916,-0.527283604,0.248026346,-0.422677832,0.637098049,0.300205204,0.570373926,268487.315980463
756,268487350812375,0.646854429,-0.527847027,0.216428462,-0.419389884,0.625669112,0.312611913,0.578726302,268487.349316880
757,268487384148750,0.640292052,-0.528839260,0.192079999,-0.414034582,0.618522375,0.319429376,0.586489867,268487.382653255
758,268487417485083,0.633405826,-0.530635029,0.164306057,-0.405858972,0.617735738,0.326078357,0.589367468,268487.415989588
759,268487450821416,0.633351485,-0.535320872,0.118145784,-0.395417964,0.622583478,0.335149473,0.586267286,268487.449325921
760,268487484157750,0.630114796,-0.536324161,0.083745457,-0.391061892,0.627402129,0.339098033,0.581764335,268487.482662255
761,268487517494166,0.626720535,-0.536987151,0.046570255,-0.386023732,0.634200249,0.338471667,0.578111327,268487.515998671
762,268487550830541,0.626246215,-0.538527040,-0.007093624,-0.381095867,0.643014826,0.331817698,0.575495389,268487.549335046
763,268487584166875,0.624119322,-0.538914827,-0.048819556,-0.373699484,0.648397623,0.333318413,0.573435356,268487.582671380
764,268487617503208,0.621160054,-0.540158107,-0.091805290,-0.366013793,0.655252360,0.338661004,0.567439006,268487.616007713
765,268487650839666,0.607052874,-0.548331372,-0.145520218,-0.358574953,0.659999339,0.341483047,0.564990493,268487.649344171
766,268487684175916,0.601481739,-0.550987041,-0.186264767,-0.359559333,0.656116385,0.332266774,0.574305858,268487.682680421
767,268487717512250,0.593038666,-0.552911576,-0.226368730,-0.361327272,0.648304052,0.319489908,0.589127075,268487.716016755
768,268487750848666,0.565729012,-0.556330142,-0.279605654,-0.360152775,0.636536019,0.298508247,0.613192266,268487.749353171
769,268487784185000,0.552619316,-0.557618030,-0.320524837,-0.355358359,0.641792636,0.293851916,0.612759133,268487.782689505
770,268487817521375,0.538956154,-0.558099008,-0.360420613,-0.351478850,0.651459123,0.290522144,0.606350201,268487.816025880
771,268487850857666,0.517709258,-0.555412194,-0.410609596,-0.347469106,0.668897786,0.289183946,0.590096323,268487.849362171
772,268487884194125,0.502863309,-0.552098733,-0.444873748,-0.347895703,0.671788539,0.284210300,0.588976482,268487.882698630
773,268487917530458,0.487269686,-0.547876955,-0.476500894,-0.351873937,0.671621612,0.282374761,0.587685027,268487.916034963
774,268487950866916,0.461794235,-0.537120741,-0.517804579,-0.361114560,0.669118068,0.272975115,0.589374182,268487.949371421
775,268487984203208,0.445690754,-0.531003745,-0.544557390,-0.355827578,0.673968331,0.272550906,0.587255890,268487.982707713
776,268488017539625,0.426558027,-0.522222914,-0.577361101,-0.350053698,0.681208170,0.270857468,0.583141598,268488.016044130
777,268488050875875,0.412754601,-0.514852456,-0.601460709,-0.345227390,0.687956618,0.263515732,0.581457868,268488.049380380
778,268488084212291,0.399323775,-0.507722243,-0.623031250,-0.341930307,0.692242427,0.257402863,0.581057575,268488.082716796
779,268488117548666,0.382110588,-0.498320394,-0.648755073,-0.338097843,0.697250252,0.244776590,0.582766170,268488.116053171
780,268488150885083,0.366379173,-0.490594127,-0.663824194,-0.333980729,0.701995721,0.230006934,0.585453452,268488.149389588
781,268488184221333,0.355699399,-0.485636899,-0.680752656,-0.318580389,0.713689421,0.221182997,0.583294163,268488.182725838
782,268488217557875,0.343693644,-0.480048772,-0.702062926,-0.298387039,0.729821742,0.207566179,0.579000635,268488.216062380
783,268488250894166,0.334300895,-0.474953111,-0.713828041,-0.279214803,0.744855341,0.199049697,0.572371283,268488.249398671
784,268488284230500,0.325706496,-0.469150087,-0.726428492,-0.275067949,0.751880040,0.189570807,0.568398620,268488.282735005
785,268488317566833,0.313239423,-0.459807927,-0.740972325,-0.272177360,0.760367990,0.178022691,0.562199235,268488.316071338
786,268488350903208,0.291654837,-0.443876266,-0.748740965,-0.273940352,0.764289369,0.173490115,0.557422351,268488.349407713
787,268488384239625,0.281629890,-0.435088190,-0.755965863,-0.269476073,0.769102745,0.170182695,0.553986929,268488.382744130
788,268488417575916,0.269204384,-0.423909469,-0.762272440,-0.260165527,0.774882343,0.167880729,0.551078367,268488.416080421
789,268488450912291,0.260258315,-0.410654266,-0.744078616,-0.250881240,0.776139178,0.169718546,0.553048143,268488.449416796
790,268488484248708,0.252419033,-0.402254291,-0.744676279,-0.242282923,0.776471621,0.167751608,0.557001129,268488.482753213
791,268488517585041,0.242159886,-0.390667357,-0.743938298,-0.229178580,0.780038579,0.165113968,0.558349734,268488.516089546
792,268488550921333,0.231258267,-0.384017719,-0.730756872,-0.215427625,0.783995835,0.163392838,0.558788246,268488.549425838
793,268488584257750,0.224465689,-0.374173246,-0.729261275,-0.205143409,0.786776999,0.160792737,0.559503248,268488.582762255
794,268488617594083,0.214579034,-0.360239139,-0.726834125,-0.190657438,0.787346330,0.154845300,0.565471913,268488.616098588
795,268488650930458,0.209955086,-0.341263723,-0.730548327,-0.179809466,0.787827743,0.150858111,0.569418902,268488.649434963
796,268488684266833,0.201888453,-0.329089855,-0.729282848,-0.168823369,0.788990705,0.146797642,0.572226217,268488.682771338
797,268488717603208,0.191831985,-0.311216918,-0.727568759,-0.156300412,0.790881626,0.142756540,0.574192527,268488.716107713
798,268488750939541,0.187306058,-0.293648123,-0.730787450,-0.148622835,0.791630796,0.139792520,0.575925377,268488.749444046
799,268488784275958,0.179458678,-0.277318549,-0.729059854,-0.141675398,0.790731266,0.135675480,0.579883060,268488.782780463
800,268488817612250,0.168387880,-0.253732480,-0.726682290,-0.132228635,0.791089374,0.131680095,0.582540638,268488.816116755
801,268488850948541,0.160634740,-0.235674974,-0.723766217,-0.126692443,0.789766342,0.127459843,0.586491425,268488.849453046
802,268488884285041,0.152192974,-0.216366644,-0.721513465,-0.120753610,0.788547620,0.123163583,0.590289761,268488.882789546
803,268488917621250,0.140199072,-0.190200546,-0.718138898,-0.111467852,0.786979557,0.116997602,0.595440769,268488.916125755
804,268488950957750,0.131995333,-0.169514838,-0.713024603,-0.102643376,0.786303991,0.110973939,0.599061941,268488.949462255
805,268488984294041,0.122949387,-0.150192628,-0.709981561,-0.093561550,0.785616259,0.106143566,0.602317961,268488.982798546
806,268489017630375,0.110337419,-0.125008657,-0.704654369,-0.085012752,0.783599187,0.097684035,0.607620793,268489.016134880
807,268489050966750,0.099779780,-0.106141236,-0.702238883,-0.077379571,0.782661507,0.091613769,0.610786655,268489.049471255
808,268489084303041,0.086014384,-0.081072605,-0.696723954,-0.067989750,0.782477089,0.085758194,0.612986610,268489.082807546
809,268489117639500,0.075986286,-0.062801179,-0.692869196,-0.061316581,0.783479622,0.083490178,0.612722941,268489.116144005
810,268489150975750,0.067375970,-0.048736585,-0.693149576,-0.058728024,0.784976744,0.082870464,0.611142430,268489.149480255
811,268489184312166,0.056019689,-0.025249212,-0.688438652,-0.060283416,0.785425411,0.077185657,0.611158949,268489.182816671
812,268489217648541,0.048075269,-0.007991954,-0.684881766,-0.058079351,0.786512169,0.073644398,0.610411297,268489.216153046
813,268489250984958,0.045205468,-0.002117936,-0.681800272,-0.056525709,0.786782921,0.072600847,0.610333228,268489.249489463
814,268489284321291,0.037632955,0.017227665,-0.676018062,-0.049950196,0.789974762,0.072008125,0.606844079,268489.282825796
815,268489317657583,0.032917592,0.031767018,-0.671513018,-0.045071153,0.791760641,0.072019584,0.604894133,268489.316162088
816,268489350993958,0.035269779,0.035984052,-0.668391496,-0.036342930,0.792735926,0.073587719,0.604014771,268489.349498463
817,268489384330333,0.031097837,0.054398825,-0.664049167,-0.022574203,0.791133500,0.069792476,0.607229161,268489.382834838
818,268489417666708,0.028379282,0.067710405,-0.661019707,-0.010772807,0.788488768,0.064900967,0.611520504,268489.416171213
819,268489451002958,0.030086216,0.073412251,-0.658602121,0.005325984,0.782579714,0.058400084,0.619782308,268489.449507463
820,268489484339458,0.028328777,0.091001961,-0.655548458,0.009809319,0.778863726,0.053405622,0.624838353,268489.482843963
821,268489517675791,0.028020521,0.105238928,-0.653600629,0.006548249,0.778294245,0.051919549,0.625715272,268489.516180296
822,268489551012083,0.032743242,0.118998798,-0.653648462,-0.002217358,0.779054084,0.054232326,0.624602854,268489.549516588
823,268489584348541,0.035355689,0.139416357,-0.652793451,-0.001122551,0.780016980,0.056899749,0.623165084,268489.582853046
824,268489617684791,0.038530763,0.153357727,-0.651759020,0.001375981,0.779577346,0.057365594,0.623671797,268489.616189296
825,268489651021166,0.047195839,0.159717114,-0.652004416,0.007643636,0.779215061,0.058555209,0.623968593,268489.649525671
826,268489684357583,0.054373150,0.175899667,-0.650463735,0.011737569,0.777818809,0.057438837,0.625748322,268489.682862088
827,268489717693833,0.060722850,0.187721709,-0.649088845,0.013365762,0.775613829,0.055625573,0.628609890,268489.716198338
828,268489751030333,0.070120394,0.197753371,-0.647971273,0.013641370,0.772700474,0.052401686,0.632457119,268489.749534838
829,268489784366625,0.080264492,0.213057300,-0.646272883,0.014718176,0.769005174,0.047499390,0.637305483,268489.782871130
830,268489817703000,0.088329809,0.224065715,-0.645090600,0.017015854,0.766279565,0.043170338,0.640829512,268489.816207505
831,268489851039375,0.098301238,0.232098261,-0.643121378,0.021857376,0.762707007,0.037244191,0.645300861,268489.849543880
832,268489884375666,0.109130646,0.244959634,-0.642307686,0.031746828,0.760659117,0.027512557,0.647790830,268489.882880171
833,268489917712083,0.116781198,0.254329206,-0.642219512,0.042719168,0.760297807,0.019451347,0.647876543,268489.916216588
834,268489951048375,0.124360799,0.262051161,-0.642018924,0.055253091,0.761436411,0.009941969,0.645804071,268489.949552880
835,268489984384791,0.133586433,0.274707860,-0.639812102,0.063809426,0.762288930,-0.000555340,0.644083604,268489.982889296
836,268490017721166,0.140051369,0.284917307,-0.636751846,0.069087576,0.762711961,-0.006703534,0.643002711,268490.016225671
837,268490051057416,0.146354197,0.293973689,-0.630771755,0.071585371,0.762592139,-0.009767455,0.642832338,268490.049561921
838,268490084393791,0.154854101,0.307887669,-0.621930108,0.077888911,0.760547033,-0.010763991,0.644504242,268490.082898296
839,268490117730208,0.160779301,0.317984554,-0.613460616,0.081595222,0.758246641,-0.009644089,0.646769894,268490.116234713
840,268490151066500,0.167234020,0.327065407,-0.599900559,0.080637437,0.755093495,-0.004133455,0.650626148,268490.149571005
841,268490184402916,0.172221784,0.336206450,-0.589648202,0.081026682,0.752307212,-0.002147978,0.653807293,268490.182907421
842,268490217739166,0.177063742,0.345330565,-0.579067171,0.081539394,0.750429557,0.002010792,0.655898481,268490.216243671
843,268490251075541,0.177672105,0.351386665,-0.561598526,0.082017204,0.745643835,0.008082756,0.661228532,268490.249580046
844,268490284411916,0.180283654,0.359803203,-0.549475019,0.085841228,0.745754253,0.017202506,0.660443793,268490.282916421
845,268490317748291,0.181544586,0.368279617,-0.537432655,0.094426607,0.745622314,0.026192235,0.659124420,268490.316252796
846,268490351084583,0.178695458,0.370703493,-0.521009469,0.109570347,0.748789852,0.042248003,0.652321436,268490.349589088
847,268490384421000,0.179709011,0.378317889,-0.509570113,0.115742329,0.750729213,0.054387060,0.648113773,268490.382925505
848,268490417757375,0.179826756,0.387438018,-0.498323934,0.118065211,0.747622451,0.064092111,0.650394904,268490.416261880
849,268490451093791,0.178480390,0.396487539,-0.482117279,0.107389032,0.748292979,0.083359922,0.649289142,268490.449598296
850,268490484430083,0.176514179,0.406767328,-0.471663628,0.105920734,0.742748297,0.090015114,0.654983280,268490.482934588
851,268490517766458,0.177007439,0.415764539,-0.463624928,0.102022651,0.741459823,0.103006365,0.655147656,268490.516270963
852,268490551102875,0.172544363,0.423496848,-0.458179051,0.096623267,0.741503635,0.106628471,0.655337109,268490.549607380
853,268490584439125,0.171579108,0.430009824,-0.455463714,0.096346912,0.738530843,0.108474693,0.658424453,268490.582943630
854,268490617775458,0.170919592,0.434465384,-0.455572349,0.096148819,0.742780091,0.108793847,0.653603162,268490.616279963
855,268490651111875,0.172216347,0.443447606,-0.462634805,0.102235799,0.737896123,0.096516749,0.660107357,268490.649616380
856,268490684448250,0.172918966,0.446180313,-0.466423894,0.101869923,0.735824015,0.089022059,0.663521412,268490.682952755
857,268490717784583,0.172275899,0.448392833,-0.470682974,0.103264774,0.730736969,0.082942779,0.669686805,268490.716289088
858,268490751120916,0.179888294,0.452805192,-0.485654768,0.104369156,0.737101848,0.082617312,0.662542359,268490.749625421
859,268490784457208,0.182289543,0.456226057,-0.491935355,0.102323865,0.741159800,0.085947275,0.657894442,268490.782961713
860,268490817793541,0.184324731,0.459548268,-0.498429310,0.098345069,0.743455144,0.086867730,0.655787120,268490.816298046
861,268490851129916,0.185297696,0.461176346,-0.517367631,0.089683411,0.745473291,0.086835321,0.654741277,268490.849634421
862,268490884466333,0.185543317,0.465210302,-0.525826624,0.083620855,0.741538154,0.080082769,0.660844552,268490.882970838
863,268490917802625,0.185371372,0.468613692,-0.534223417,0.080813034,0.741872843,0.074372338,0.661485258,268490.916307130
864,268490951139000,0.188653984,0.473881986,-0.543977018,0.091404741,0.740952785,0.069967420,0.661618287,268490.949643505
865,268490984475333,0.190048383,0.477359239,-0.549898234,0.102801459,0.743922169,0.076570786,0.655857175,268490.982979838
866,268491017811750,0.191903248,0.481171972,-0.553060143,0.104904656,0.745980097,0.077948771,0.653018185,268491.016316255
867,268491051148000,0.199676341,0.488619668,-0.555361539,0.104389252,0.748800954,0.081481713,0.649431135,268491.049652505
868,268491084484416,0.202850831,0.494220942,-0.557519734,0.100774551,0.750086003,0.078077892,0.648937111,268491.082988921
869,268491117820750,0.206382103,0.498475555,-0.559713920,0.101154361,0.752183124,0.074734922,0.646840852,268491.116325255
870,268491151157125,0.216074145,0.501144414,-0.558503381,0.104135966,0.752125411,0.071374090,0.646814393,268491.149661630
871,268491184493416,0.220450270,0.502174680,-0.559315644,0.105690279,0.752898866,0.072383184,0.645549061,268491.182997921
872,268491217829791,0.224806871,0.502803722,-0.558915468,0.107203264,0.750817369,0.073096694,0.647640074,268491.216334296
873,268491251166083,0.230974375,0.504269806,-0.557788954,0.109942790,0.749265192,0.074922807,0.648768742,268491.249670588
874,268491284502500,0.235722614,0.505113075,-0.557623315,0.115260789,0.749944487,0.075335416,0.647010699,268491.283007005
875,268491317838791,0.242569372,0.506466299,-0.558358001,0.126864696,0.749302947,0.074552259,0.645672097,268491.316343296
876,268491351175166,0.250536518,0.503655575,-0.550970971,0.136307938,0.750156355,0.074170466,0.642794200,268491.349679671
877,268491384511541,0.256730495,0.504964298,-0.551163754,0.140267907,0.750985867,0.078327253,0.640476414,268491.383016046
878,268491417847875,0.266140521,0.507414973,-0.552282756,0.137629711,0.752004542,0.085508204,0.638933199,268491.416352380
879,268491451184291,0.270001908,0.501524447,-0.544236194,0.131620906,0.753062480,0.091220087,0.638162822,268491.449688796
880,268491484520625,0.277132062,0.503588030,-0.545208218,0.129719405,0.752868851,0.096298062,0.638034564,268491.483025130
881,268491517857000,0.286229568,0.506851573,-0.546982368,0.131854594,0.750573562,0.100322957,0.639678866,268491.516361505
882,268491551193208,0.292688369,0.508945805,-0.550223846,0.135325665,0.747619644,0.102484190,0.642066100,268491.549697713
883,268491584529583,0.299751653,0.512107046,-0.552694330,0.141508032,0.745294576,0.105027771,0.643024644,268491.583034088
884,268491617865958,0.310419834,0.516779996,-0.555631730,0.146241785,0.744213638,0.102667885,0.643598291,268491.616370463
885,268491651202375,0.317961851,0.520691663,-0.560072138,0.149632567,0.743822364,0.099330052,0.643794983,268491.649706880
886,268491684538708,0.327997154,0.524527553,-0.561906629,0.148022176,0.744826818,0.097488746,0.643287218,268491.683043213
887,268491717875125,0.342173227,0.528653459,-0.563514949,0.147087274,0.750142450,0.092417385,0.638052285,268491.716379630
888,268491751211333,0.350608344,0.531457351,-0.566535929,0.143591757,0.757028964,0.090715725,0.630919381,268491.749715838
889,268491784547791,0.362058984,0.534381592,-0.568714939,0.148758753,0.765106412,0.092813522,0.619571396,268491.783052296
890,268491817884041,0.377702604,0.537109742,-0.572637126,0.163350381,0.778569597,0.096580857,0.598179093,268491.816388546
891,268491851220416,0.388282720,0.538953063,-0.577307346,0.177933164,0.792108126,0.099587993,0.575314515,268491.849724921
892,268491884556750,0.400555183,0.540326517,-0.580902907,0.188867876,0.804925780,0.099566947,0.553633354,268491.883061255
893,268491917893083,0.416949568,0.542764917,-0.585747665,0.205615289,0.823687426,0.095364459,0.519775962,268491.916397588
894,268491951229458,0.428638170,0.545575945,-0.588754336,0.217946021,0.838408588,0.089814106,0.491430617,268491.949733963
895,268491984565833,0.441592704,0.547623609,-0.592841695,0.229765341,0.848411241,0.086407975,0.468977579,268491.983070338
896,268492017902208,0.459020473,0.549608397,-0.596797666,0.236455411,0.852124078,0.091600039,0.457802229,268492.016406713
897,268492051238541,0.469420449,0.549081080,-0.596642383,0.235556157,0.852348219,0.093720687,0.457419170,268492.049743046
