ms_since_push,fed_t_at_drain,kind,frame_id,is_keyframe,recording_frame,t_ns,engine_t,engine_t_hex,tx,ty,tz,qx,qy,qz,qw,body_tx,body_ty,body_tz,body_qx,body_qy,body_qz,body_qw,vx,vy,vz,bgx,bgy,bgz,bax,bay,baz
219.270,268463.414516212,1,1,1,2,268462131783166,268462.13105667004,411062b88633b83f,0.0016404022923681889,-0.02386534119636825,-0.0042395981699559233,-0.045583516183438699,0.8390416749160734,0,0.5421543297174225,-0.00063875563702209845,0.0092929016662360413,0.0016508524295008268,0.38336099279304231,-0.38336099279304231,-0.56105962969995105,0.62552445479205687,-0.061329045513170609,-0.07630724559583435,0.081415518569927042,-0.003253702058843482,-0.0051281344204746771,0.0023607317395346211,0.033448025957188897,0.011792195196383437,-0.013229810239984463
176.597,268463.414516212,1,6,1,7,268462298466208,268462.29773971206,411062b930e2add8,-0.011648581894835142,-0.047905050576820325,0.018437617785590533,-0.040907427112420236,0.83692551650644798,0.017220382100248732,0.54551422885224454,-0.014332819207760285,-0.014995218261307059,0.025444668447552349,0.39791344882590102,-0.37356015155843209,-0.56286977398182825,0.620721610666782,-0.087117679249728908,-0.19614006441295473,0.20992170477635391,-0.0032534891484644855,-0.0051282207603212514,0.0023608799948253091,0.03335005638583128,0.011457153432599414,-0.013435173106465425
152.098,268463.414516212,1,11,1,12,268462465149375,268462.46442287904,411062b9db91abd4,-0.024523494555179669,-0.084354518745486273,0.057827373697196691,-0.039696707299219702,0.8400376082945008,0.024903906512836194,0.54050054276877013,-0.027323561326015905,-0.051560946800266162,0.065317515025578365,0.39980130956285975,-0.36458186815339211,-0.56592646329753937,0.62206608364798677,-0.085246512504020502,-0.2144712396354333,0.24478016513180312,-0.0032533871155954598,-0.0051286190318985585,0.0023611155405401691,0.032648159817770681,0.010594287349401694,-0.014020206133162101
128.378,268463.414516212,1,16,1,17,268462631832458,268462.63110596209,411062ba8640a42e,-0.03602627700211801,-0.11572105221128098,0.092308771331365377,-0.046327485415830039,0.83861468609064005,0.026576683235689014,0.54210045700848997,-0.039284820984613597,-0.082935961812111089,0.099649118094223402,0.40211545147365219,-0.36453034659884542,-0.56023163733880788,0.62574859378135661,-0.060908947754866966,-0.15736587790600987,0.14596537570274548,-0.0032535754320371095,-0.0051288119425846081,0.0023612863292826057,0.031219472890292189,0.0097983166502921982,-0.014789713204960399
103.867,268463.414516212,1,21,1,22,268462798515500,268462.79778900405,411062bb30ef99c6,-0.04361118403331124,-0.13953981027579468,0.10705803635566179,-0.056002293479263499,0.84137400967049736,0.027490263956164718,0.53684062586223191,-0.047353092747607843,-0.10674598238487785,0.11412372269185002,0.39904218840661454,-0.3601650853209637,-0.55534165149538506,0.6345408523505649,-0.053653601450733938,-0.13533471801100366,0.05967128339443302,-0.0032538318224348229,-0.0051288081321042289,0.0023613318655507491,0.029660188650101157,0.0096620701960852956,-0.015464572170041624
79.075,268463.414516212,1,26,1,27,268462965198583,268462.96447208704,411062bbdb9e921f,-0.051689923027105407,-0.16695643449325318,0.11642157287400819,-0.057609874165991726,0.83913265345961419,0.03008687810393823,0.54002992998059351,-0.055668104830412075,-0.13420628939931198,0.12356041156333564,0.40313345033913661,-0.36058418040715717,-0.55262004218713667,0.63409270539160834,-0.046017541425076677,-0.19398207305924192,0.054238586043393808,-0.0032538864432430886,-0.0051286045055668602,0.002361301370998675,0.028517517736396766,0.010071835252569763,-0.015900696772409247
53.323,268463.414516212,1,31,1,32,268463215223250,268463.21449675405,411062bcdba5097f,-0.049330995397726868,-0.22359484871005009,0.12404994145530934,-0.092894630428478231,0.84059996867533948,0.049154206342783308,0.53136258572830086,-0.055807410686177936,-0.19121321678531486,0.13103899796309959,0.41048734934459985,-0.34097280593647067,-0.52870750093681829,0.66008034366507129,0.026201378347085282,-0.2437928460506858,0.00072112062155856981,-0.0032535698152122748,-0.0051283462893545644,0.0023612836144242338,0.028144817603099549,0.010451564985089692,-0.01604223548914209
27.930,268463.414516212,1,36,1,37,268463381906208,268463.38117971207,411062bd8653f975,-0.042112179490428191,-0.26212668348548229,0.11724745832173993,-0.11485496400989925,0.84134705773070051,0.06186364802207911,0.52451540297312405,-0.050143172924252091,-0.23009167423094853,0.12422042601809506,0.41463259227262639,-0.32714418454966415,-0.51370747228056723,0.67613691576760382,0.076747901711204464,-0.19925494108780381,-0.075374217413660252,-0.0032535698140070328,-0.0051283462179737924,0.0023612835839785891,0.028144817321651375,0.010451564880574042,-0.016042235328719734
241.902,268463.514526045,2,1,1,2,268462131783166,268462.13105667004,411062b88633b83f,0.0016404022923681889,-0.02386534119636825,-0.0042395981699559233,-0.045583516183438699,0.8390416749160734,0,0.5421543297174225,-0.00063875563702209845,0.0092929016662360413,0.0016508524295008268,0.38336099279304231,-0.38336099279304231,-0.56105962969995105,0.62552445479205687,-0.062166252575263974,-0.082604245006081323,0.085361714851197409,-0.0026914645106205534,-0.0070164410545023861,0.0027272716442467444,0.037549843181473294,0.011865307681779154,-0.01527225323752127
199.229,268463.514526045,2,6,1,7,268462298466208,268462.29773971206,411062b930e2add8,-0.011807834704136586,-0.048906283810412954,0.019119426391449375,-0.0409592846575903,0.83696384890737585,0.017371286575727118,0.54544673822260026,-0.014499160819595448,-0.015998451302659339,0.026133146898318985,0.3979724313203658,-0.37340572290273055,-0.56286021026087263,0.62078538458756594,-0.08825127358353517,-0.20193737573676285,0.21437173129385079,-0.0026913554086407765,-0.0070165264832010906,0.0027273770611892095,0.037453309163986842,0.011657280260540937,-0.015390344588293955
174.729,268463.514526045,2,11,1,12,268462465149375,268462.46442287904,411062b9db91abd4,-0.024877181810716145,-0.0863254515326633,0.059305786742785478,-0.039822549622067549,0.84008569266529021,0.02523097916092476,0.54040137344730976,-0.027694025634174901,-0.053536492333347972,0.066809818823372433,0.3999624615462859,-0.36428046957431676,-0.56587148012381061,0.62218906838921484,-0.086587575952717266,-0.22057125444306477,0.24983147259427965,-0.0026912651372693053,-0.007016783366575529,0.0027275502512482267,0.036923675090145804,0.011059247542502879,-0.015740770314615557
151.009,268463.514526045,2,16,1,17,268462631832458,268462.63110596209,411062ba8640a42e,-0.036610747123577085,-0.11878110922179386,0.094615843365142657,-0.046510192055657817,0.83866483611235143,0.027029241576394525,0.54198484113107215,-0.039893409089251687,-0.086002655298362735,0.10197505804982313,0.40235370576797358,-0.36412858676700438,-0.56013790565774058,0.62591324830139472,-0.062558818235917968,-0.16408607271559997,0.15068181742482414,-0.0026913163110684956,-0.0070169245566002181,0.0027277077954331701,0.035875900449822355,0.010329800194359685,-0.016222760949994242
16.532,268463.514526045,1,39,1,40,268463481915875,268463.48118937906,411062bdecbce899,-0.031561864660336406,-0.29041267484014549,0.11458141380103268,-0.12465507965488742,0.85039954854562971,0.068287071123864396,0.50657541203598444,-0.040057613858930821,-0.25853753039182664,0.12173392132776704,0.40648914927691887,-0.30991664972824479,-0.5131788217075145,0.6894677212837701,0.13199738061870103,-0.20305327705403825,-0.071298531006636648,-0.0026915367710066071,-0.0070165762810047248,0.0027278006263770252,0.033790963674532049,0.0093833780999032848,-0.017082219352284444
143.416,268463.614535754,2,21,1,22,268462798515500,268462.79778900405,411062bb30ef99c6,-0.04471437862791252,-0.13811945904955519,0.10771123057201468,-0.055749119531537661,0.84123455940494196,0.025349774592089924,0.53719074254387689,-0.048373547602239768,-0.10529252119924659,0.11466562384216401,0.39777620377570039,-0.36192620969829947,-0.55542206628008972,0.63426322511428235,-0.056332913372974448,-0.13302237929315175,0.06110052151318239,-0.0034064642510224551,-0.00090486439025738892,-1.1870140488741496e-05,-0.0050063865970022894,-0.0030147581886836149,-0.02438215489735648
10.495,268463.614535754,1,42,1,43,268463581925708,268463.58119921206,411062be5325e2e1,-0.022225493832258032,-0.3010438502142499,0.11195818750222443,-0.13136646609001967,0.84996632475923506,0.069847500649542482,0.50539240024736276,-0.031136114729456481,-0.26925310506897776,0.11898031754241634,0.40675602391103099,-0.30797674382272966,-0.50812681950535288,0.69390705254797058,0.16115470547138577,-0.19987421762411256,-0.05393047292237349,-0.0034067031509695898,-0.0009032443019500137,-1.1538642399410316e-05,-0.0073995389551206811,-0.0097295112612240144,-0.026619004045502263
135.041,268463.714545545,2,26,1,27,268462965198583,268462.96447208704,411062bbdb9e921f,-0.053022658747856791,-0.1653900813245959,0.11758491717537138,-0.057408508325455299,0.83899772930438277,0.027726297120985732,0.54038724915968828,-0.056913138087238746,-0.13260240592290023,0.12459872243567646,0.40171693037082518,-0.36250602599119575,-0.55266702355211927,0.63385491246148251,-0.051405652411466558,-0.19417370269734477,0.059888605882486082,-0.0031795755133720667,1.958227023104032e-05,-0.00050874800681537048,-0.016576436339036917,-0.010520441811220155,-0.033123663104239781
10.291,268463.714545545,1,45,1,46,268463681935541,268463.68120904505,411062beb98edd29,-0.0019275595408067125,-0.32083224528878534,0.10740782292741619,-0.14502120066158131,0.85366337804907999,0.080353340474843438,0.49373179178934889,-0.01175477944938807,-0.28936810514010836,0.11467381119738995,0.40593947920186335,-0.29230269834380423,-0.50108567573349505,0.70617661908403462,0.22279341608951256,-0.21101149606830447,-0.080345033870481183,-0.003180329559316577,1.9976535456237834e-05,-0.00050810837706491288,-0.016151623451317067,-0.015909660962418838,-0.034705957746502002
126.264,268463.814555212,2,31,1,32,268463215223250,268463.21449675405,411062bcdba5097f,-0.052110901487620098,-0.22296399311036524,0.12732295201341431,-0.092713126055054385,0.84070785263043191,0.046242344992367512,0.53148497770371161,-0.058480343110284584,-0.19052790349199056,0.13415605201640241,0.40851489668610108,-0.34311834698191562,-0.52891212938086396,0.66002828616942033,0.016211026648215002,-0.24915520638644326,0.012771134266525512,-0.0028731197203267114,-0.00036411262395108902,-0.00037311862029209002,-0.019063420146233238,-0.016165670229680712,-0.041064752793471507
10.480,268463.814555212,1,48,1,49,268463781945250,268463.78121875407,411062bf1ff7cf1f,0.023342657499483693,-0.34400570214586323,0.098922768913231054,-0.16383957356328716,0.85411218588296545,0.085813405346394644,0.48609163820843343,0.012392357460985578,-0.31286028388855452,0.10595233523063426,0.40439792373289868,-0.28303944528750025,-0.48809643205218661,0.71980057287403576,0.26882153523064406,-0.24393565424256572,-0.10393915039280999,-0.0028745679842211045,-0.00036434846828520745,-0.00037273239000098471,-0.0204078612093112,-0.016871341788052448,-0.041822329086028995
117.902,268463.914564920,2,36,1,37,268463381906208,268463.38117971207,411062bd8653f975,-0.04579750420668318,-0.25940380712211775,0.12132940943307199,-0.11452634832829467,0.84180885215242607,0.058729591717526702,0.52420650534457702,-0.053700917917371326,-0.22730279843091483,0.12814279660037875,0.4121980562639927,-0.32914187335424455,-0.51426637660968,0.67623108735534765,0.065383298172441595,-0.19988516901851694,-0.050853430118540918,-0.0028635620962606922,-0.0010148389835567019,7.1682898549388591e-05,-0.022561951513752607,-0.021143613777116897,-0.051634296237462823
10.670,268463.914564920,1,51,1,52,268463881954875,268463.88122837909,411062bf8660bb72,0.054693275216129184,-0.37039621845078724,0.09035362815164702,-0.17689221549247686,0.85340704638845732,0.088188312046998923,0.48231569755034309,0.042981690005866914,-0.33947229438390825,0.097129367530878391,0.40340724314724596,-0.2786901395258426,-0.47836821177223893,0.72853157534401736,0.33813945680581498,-0.3239575842288408,-0.058067068866711792,-0.0028635043702558175,-0.0010140489460889381,7.1874878081554174e-05,-0.025138162720137761,-0.021137954144328699,-0.052399707961603342
100.981,268464.014574670,2,39,1,40,268463481915875,268463.48118937906,411062bdecbce899,-0.033962643867339409,-0.26862643036492562,0.11101251463047968,-0.12366488821569904,0.8504980427161859,0.06482571460413572,0.50710724181091993,-0.042300458234565519,-0.23667308922595784,0.11800006023684434,0.40441766110512273,-0.31274025876061728,-0.5139486386642631,0.68883719611513061,0.11372130962481766,-0.18721373069271607,-0.03870614973995036,-0.0030517618873968583,-0.0019402618919720528,0.0011236012213988841,-0.025526492377477946,-0.027134891578301144,-0.06926022520319787
10.943,268464.014574670,1,54,1,55,268463981964583,268463.98123808706,411062bfecc9ad56,0.08882123817701891,-0.39492373407089471,0.085913573523010184,-0.1856888061080148,0.8528907161339625,0.075503634777974227,0.4820750439158526,0.076978106388527326,-0.36384616942102532,0.091682989164148382,0.39426765425946037,-0.28748939278895236,-0.47178298244759331,0.73438660343952089,0.3791718984626819,-0.34175520871184428,-0.01240230834411875,-0.0030517058571570103,-0.0019388809250913568,0.0011239427893566184,-0.02885222524636178,-0.027303109163869958,-0.070234555558886108
94.946,268464.114584295,2,42,1,43,268463581925708,268463.58119921206,411062be5325e2e1,-0.020646507131063398,-0.29129334547360636,0.10866067405042544,-0.13148016682509028,0.8499092155457133,0.071908400487409069,0.50516979938822482,-0.029624920297858306,-0.25954700334197373,0.11579641579422821,0.40805589755015359,-0.30636206503799407,-0.50800603863562266,0.69394706879555079,0.14937567207355418,-0.20593045415908939,-0.038163707884002369,-0.0030574933758691506,-0.0023131440501278802,0.0011955683010139975,-0.029596529440196417,-0.022711312057139776,-0.077435319321720722
10.764,268464.114584295,1,57,1,58,268464081974208,268464.08124771208,411062c0533299a9,0.12765814612024384,-0.43541767975716539,0.086588153300709722,-0.20186765225301734,0.85217869036566452,0.09074629246951868,0.47413721038960055,0.11456394266117632,-0.40493113279001991,0.092790833508424653,0.39943294482468505,-0.27109831069371831,-0.45983933269532073,0.74532329672029873,0.40380094867834582,-0.32126775569503668,0.016446800688190075,-0.0030574891320777212,-0.0023121546705516189,0.0011955879001761384,-0.030394240601290579,-0.02219879053856378,-0.078503014136130991
95.278,268464.214593837,2,45,1,46,268463681935541,268463.68120904505,411062beb98edd29,-0.0023249267181364372,-0.31396413755527086,0.10392726247482406,-0.14495527663048169,0.85356361699553995,0.082179575358334533,0.49362302430587246,-0.012202178859901124,-0.28254029579611489,0.11129903371314474,0.40715391201456907,-0.29093444508491356,-0.50106174934610881,0.70605946204026149,0.20893224167689478,-0.22930337696330028,-0.068155689487113646,-0.0032982476925184486,-0.0014749660074640785,0.00087483563186350447,-0.02866136907373816,-0.022131301005168653,-0.082263931214499708
10.507,268464.214593837,1,60,1,61,268464181983833,268464.1812573371,411062c0b99b85fc,0.16303744815814508,-0.46468956532669886,0.090513852799902983,-0.21113218191834388,0.84956520326318952,0.09296264089940523,0.47436290724746144,0.14934667296192955,-0.43442908080338216,0.096532715060114627,0.40115973156167256,-0.26969070750561031,-0.45144030671522711,0.7500262938933222,0.35189010633353374,-0.25322576243740119,0.023686421342673767,-0.0032978785928434846,-0.0014752305186724905,0.00087486117937448141,-0.025914697749435431,-0.021739073914734137,-0.083215614503724306
95.547,268464.314603420,2,48,1,49,268463781945250,268463.78121875407,411062bf1ff7cf1f,0.019159130740020496,-0.33136706630135915,0.094490674451204848,-0.16297089736199344,0.85380416276431093,0.086266734773881443,0.48684396056980461,0.008233121595947801,-0.30022345786023297,0.1015659079749872,0.40525044826586737,-0.28325086521295167,-0.48849287363826616,0.71896852082762064,0.24655455632581166,-0.26080567378438696,-0.0862645656491456,-0.0037785637284615012,-5.6034059379289625e-05,0.00099965420939429964,-0.020911772357336378,-0.02786889380244437,-0.088629700403052944
10.730,268464.314603420,1,63,1,64,268464281993541,268464.28126704507,411062c1200477e0,0.18980989981680341,-0.47601128027255157,0.092929602080081164,-0.21464409865605094,0.84572950107333367,0.10456133883510585,0.47721745730837606,0.17554929306407627,-0.4461178320434116,0.099439425425026859,0.41137972095833469,-0.26350766141215881,-0.44624475568420691,0.7497973430105499,0.31772880846705559,-0.20123169249158995,0.0077581396078056893,-0.0037786838495163988,-5.7249009695092921e-05,0.0010001141395997049,-0.017774516916130877,-0.028355361458697732,-0.089003177954123255
95.708,268464.414613129,2,51,1,52,268463881954875,268463.88122837909,411062bf8660bb72,0.04683217082010116,-0.35732648784244136,0.086833196948542107,-0.1754221827984736,0.85312918668009674,0.087292947502935092,0.48350557716070414,0.035212454423912451,-0.32636435155664578,0.093592580016438581,0.40361549674224545,-0.28016462976863538,-0.47921120535230544,0.72729562880640541,0.30625567017361638,-0.33329454692957344,-0.043526863252786083,-0.004206721405298818,0.00062421893261570337,0.0011304822007408948,-0.01512301532145351,-0.020840209487758617,-0.092185574226079772
10.702,268464.414613129,1,66,1,67,268464382003041,268464.38127654506,411062c1866d5bcf,0.21264736206778978,-0.48793748917864238,0.089656982149079079,-0.218785414664254,0.84618258209924546,0.1140422086509191,0.47233717611526682,0.1979649391559811,-0.45835505360015955,0.096633149768217033,0.41463282828434533,-0.25335279441828851,-0.44363677978700777,0.75304607222239939,0.254283551612209,-0.14583985062321295,-0.0092570489832946162,-0.004206640580248007,0.00062334285569165689,0.0011308100101676119,-0.013409967409632226,-0.019068832807618459,-0.092357151791126038
96.051,268464.514622795,2,54,1,55,268463981964583,268463.98123808706,411062bfecc9ad56,0.078312024107813516,-0.38864004420015935,0.084897888491828305,-0.18408074681542846,0.85272238418865598,0.073141885901556875,0.48335197516378503,0.066612121015131087,-0.35749053163231265,0.090570726086365932,0.39350057237841718,-0.2900623281109927,-0.47280102339082825,0.73313050518258649,0.34481896501685771,-0.33261634819522851,-0.0067363392209747906,-0.0044865057572846343,0.0010007784516841895,0.0013816142299173985,-0.01207830616258182,-0.016686795945347582,-0.090491657991266433
10.832,268464.514622795,1,69,1,70,268464482012708,268464.48128621205,411062c1ecd64af3,0.23464701947611577,-0.49656986429900007,0.086541897205309998,-0.2309926796808906,0.84202638304699917,0.12539045958796105,0.4710745567778305,0.21898609723247578,-0.4675528221917804,0.093760465885671912,0.4217644465912303,-0.24443556276779504,-0.43206606368805139,0.75873903541013166,0.22824723404318129,-0.10666705805322406,-0.019934562434358184,-0.0044863131619682353,0.001000573551399457,0.0013819051695948274,-0.011393478434365906,-0.014634526790524382,-0.09037651989106095
96.122,268464.614632295,2,57,1,58,268464081974208,268464.08124771208,411062c0533299a9,0.11566137914814936,-0.4207100246183339,0.08531104456743277,-0.20010066924012659,0.8520861614515205,0.088482564081357989,0.47547847974281177,0.10271265648770576,-0.3901436230816191,0.091425505338901925,0.3987806678030601,-0.27364742897498212,-0.46102335051182786,0.74400842326197891,0.3697485820516706,-0.2970173593034427,0.023634618371491899,-0.0045931005201481218,0.00081357798852457991,0.0015148506568352866,-0.012119384437574347,-0.01229132619090496,-0.090495188271834642
10.780,268464.614632295,1,72,1,73,268464582022416,268464.58129592007,411062c2533f3cd8,0.25443335173938347,-0.50844185549879573,0.084966551728959366,-0.24118506028735048,0.8400225758501163,0.12943369496802745,0.46844296405830044,0.23813488882299649,-0.47976013974007881,0.092113595849847851,0.42276262866254988,-0.23971574668089246,-0.42344205681713548,0.76452923104223203,0.17026077375593632,-0.099991711997153634,-0.0021607077471536913,-0.0045923698680971937,0.00081347156037920123,0.0015149062358736185,-0.012751994347219152,-0.0108093382714167,-0.090590233531465586
95.799,268464.714642004,2,60,1,61,268464181983833,268464.1812573371,411062c0b99b85fc,0.15240419378161876,-0.44903664239391655,0.088883440014689841,-0.20956209801507208,0.84926005281694938,0.092099730835858762,0.47577177570481854,0.1388064664502032,-0.41873082907921855,0.09488514333306107,0.40154578243391048,-0.27129709746035519,-0.45233474971664622,0.74870030300374812,0.32355771120280069,-0.23573223248375857,0.026587586088606056,-0.0044368867906723177,0.0001929624032503195,0.0016510144463282184,-0.01405706499762569,-0.0092048088262032309,-0.09194585772851363
10.701,268464.714642004,1,75,1,76,268464682031958,268464.68130546209,411062c2b9a82399,0.27439035449483445,-0.52528223862360834,0.084172511321555843,-0.24803482217969597,0.84039497750292624,0.1301558348402076,0.46397685356456259,0.25776107047176328,-0.49676432841428103,0.091212160612491863,0.42011524171792025,-0.23604709976226715,-0.41886187158943333,0.76963607172397597,0.17431769391299781,-0.14815102984490458,-0.023843659343655402,-0.004436615909111769,0.00019342357877354501,0.0016507747046659261,-0.016741227240465662,-0.0085631307159560362,-0.092098243497923546
95.867,268464.814651587,2,63,1,64,268464281993541,268464.28126704507,411062c1200477e0,0.18578453173958098,-0.47358220061996609,0.090804579897903887,-0.21436769465762839,0.84567807100720571,0.10521111468649477,0.47729002321817993,0.1715202337438908,-0.44370020395803983,0.097358741183177236,0.41189049370241859,-0.26309951235915507,-0.44640383627309005,0.74956552932656995,0.30162293149814456,-0.20279381123250645,-0.0033414154269167462,-0.0039002050120553956,-0.00040642468242826099,0.0014670409167190414,-0.0214317268001704,-0.0066917302839874897,-0.093810306856420389
10.567,268464.814651587,1,78,1,79,268464782041541,268464.78131504508,411062c320110d1a,0.29650264580957625,-0.54550372558378557,0.082287181741780513,-0.25353760681131743,0.83665038157289084,0.13823571390175468,0.46543072691956877,0.27933311858484322,-0.51736661618403945,0.089558451333294042,0.42685662252245588,-0.23136180631964937,-0.41232298626004826,0.77087929884439543,0.14386504659630603,-0.16873769622118132,-0.016937981710324318,-0.0038996484888462737,-0.0004052452454333293,0.0014666268328275948,-0.024699714444816355,-0.0067600047504597508,-0.093870774539386664
96.088,268464.914661129,2,66,1,67,268464382003041,268464.38127654506,411062c1866d5bcf,0.21596839509715676,-0.49430541501765118,0.089705052125002627,-0.21894664016137871,0.84612977220762908,0.1154066143162758,0.47202557550459529,0.20124429534796145,-0.46476158273421392,0.096756563491403311,0.41537727385797385,-0.25216767904672921,-0.44348543391624168,0.75312273363020099,0.25801078928381144,-0.15586992669772812,-0.014473218507854574,-0.0038471441950008838,-0.00031395943256179101,0.0015946383282675642,-0.025166146169615954,-0.016882184593292954,-0.09507422114327585
10.904,268464.914661129,1,81,1,82,268464882051125,268464.88132462907,411062c38679f6ac,0.31734219495550819,-0.56475587709075348,0.084415106348180322,-0.26971545074835607,0.8268918451429752,0.14646578268915195,0.47122317406658959,0.2989778325619063,-0.53732660070203142,0.091468186713109995,0.43677203836516737,-0.22963814757363218,-0.39398319631109413,0.77541843459243442,0.17465676352992424,-0.17856849193000618,-0.014384279500950491,-0.0038477412767392244,-0.00031305780115370191,0.00159465529714191,-0.026703248490432839,-0.018757623228470414,-0.095400447414321438
95.803,268465.014670754,2,69,1,70,268464482012708,268464.48128621205,411062c1ecd64af3,0.24197885916347395,-0.50875287508712208,0.087836091534828381,-0.23165297563215631,0.84210711173659902,0.1267415760450803,0.47024369996577331,0.22625785642712642,-0.47978499781328204,0.095121220989964811,0.42213232570444348,-0.24289267471384307,-0.43165624775807748,0.75926301894477277,0.24111690066068719,-0.12687561375738474,-0.021882407966712893,-0.0039668875382846622,-0.00016965048002008019,0.0015326229553223204,-0.028551331461292941,-0.018372814185311587,-0.095411723248612967
10.523,268465.014670754,1,84,1,85,268464982060708,268464.98133421206,411062c3ece2e02d,0.33690936345532951,-0.58630516349209449,0.083683110780791409,-0.28624201363615021,0.8200057881269599,0.15549111417238487,0.47061511205412437,0.31743181323438169,-0.55963506185081147,0.090661052296789363,0.44272394652866387,-0.22282630988822302,-0.37742797445223952,0.78223530148706677,0.18703787263920532,-0.23753229631173006,0.0035948051610223538,-0.0039675101723857832,-0.00016934456545023767,0.0015326833322057047,-0.029029494300069,-0.018812394439211483,-0.095765087711064817
95.255,268465.114911296,2,72,1,73,268464582022416,268464.58129592007,411062c2533f3cd8,0.26312825096242015,-0.52082174953894878,0.086877513769306719,-0.24152022025476494,0.8401324139419325,0.13023726115064571,0.46785021029454499,0.2467992169522461,-0.492168313962277,0.094068079109716207,0.42291169554952002,-0.23872839940437515,-0.42328273019518942,0.76484389217915694,0.18938414699181891,-0.11963028121981677,0.0019153019268381736,-0.0042489890073627162,0.00011579429012694689,0.0017507914389781037,-0.029101828625590194,-0.019255121300154488,-0.093163418983092772
10.483,268465.114911296,1,87,1,88,268465082070333,268465.08134383708,411062c4534bcc80,0.35724850764274491,-0.61237275699776594,0.084061549342984127,-0.30449398849203824,0.8093717947017306,0.16784981434487417,0.47331511908070473,0.33645476692904236,-0.58670078752369959,0.090984791532920342,0.45337206022172244,-0.21599658264906413,-0.3570025109429667,0.78762202767231826,0.22019452302933509,-0.30322259698166987,0.011229901831576575,-0.0042495766432752565,0.00011580164792973321,0.0017509947433179312,-0.028975539862215457,-0.018765437187672637,-0.09324173741157947
94.837,268465.214921046,2,75,1,76,268464682031958,268464.68130546209,411062c2b9a82399,0.28170205480681831,-0.5338262429553593,0.08594334460538236,-0.24781150069189484,0.84062754852616095,0.13016339194373402,0.46367265327374019,0.26508986794692568,-0.50530166899826223,0.092996349657465574,0.41990548331417132,-0.23582665400050329,-0.41918423626690204,0.76964261213302976,0.19180182074701752,-0.1581043833368021,-0.016204271008641795,-0.004453707436796025,0.00021832896879896531,0.001947229805363587,-0.029425574975851753,-0.020685913518723984,-0.090831444654651719
10.464,268465.214921046,1,90,1,91,268465182079875,268465.18158438004,411062c4b9f14177,0.3815627190637495,-0.64413069596291428,0.085638645019896431,-0.32059322714944105,0.80325635316586352,0.17533996557209297,0.47037768175184691,0.35979882196952678,-0.61924493105140022,0.092449844621107391,0.45659131500640349,-0.20862316426581806,-0.34129436035434996,0.79468163813111725,0.2630892100217983,-0.35070944323812142,0.023164640900850766,-0.0044537782565812209,0.00021831174312982482,0.0019475421319418266,-0.029878994495150007,-0.020416078272918366,-0.090928437706692608
96.599,268465.314930630,2,78,1,79,268464782041541,268464.78131504508,411062c320110d1a,0.29798825031969089,-0.54744989982591963,0.084276987911346968,-0.25285358182241785,0.8363792192967705,0.1385205506377101,0.46620486693255836,0.28083678010587121,-0.51930789919973319,0.091571905472689105,0.42760543214283075,-0.23170779597569152,-0.41261492427618612,0.77020387946996705,0.14846841380389597,-0.16861894253592699,-0.0071602193035553516,-0.0044296962302621378,-0.00028900283117334067,0.0020018790885728715,-0.027853780456506768,-0.012811409007875344,-0.090550127859695947
12.568,268465.314930630,1,93,1,94,268465282089500,268465.28159400506,411062c5205a2dca,0.40718202879817395,-0.67934748032211389,0.086825153927889157,-0.33364820877078122,0.79987036705108228,0.18655645129883236,0.46269105501282681,0.38460932783357143,-0.65528251436730034,0.093946357247756962,0.45908730216684324,-0.19525664561138037,-0.3296688408881806,0.80151865023916014,0.27390315063371751,-0.40454392536525846,0.039624164466782671,-0.0044296704753388856,-0.00028891658169161736,0.0020019595467972865,-0.029613097816170046,-0.010916826730773965,-0.090618941470977266
98.285,268465.414940171,2,81,1,82,268464882051125,268464.88132462907,411062c38679f6ac,0.31338070215796465,-0.56146479775487601,0.083095682494476131,-0.26954184287107213,0.82670979243643594,0.14657060355733431,0.47160918716315359,0.29501695670048184,-0.53403601241654242,0.090152277962759139,0.43711911038084195,-0.22983698049984758,-0.39397722491522053,0.77516694458850344,0.1675991883324319,-0.17917221512104495,-0.017703710945276688,-0.0043013999873446861,-0.00033638334846277079,0.0017197831073670956,-0.030271799366018523,-0.017422495760627557,-0.091951348951046508
12.300,268465.414940171,1,96,1,97,268465382099083,268465.38160358806,411062c586c3174b,0.43357842084647252,-0.71541012933382553,0.09197975625121603,-0.34547719884078409,0.79506928648474751,0.19592394224147486,0.45839305932659929,0.41026909099366843,-0.69210988282223707,0.099269105075286995,0.46267197654447256,-0.18559368760498726,-0.31790960548248398,0.80648813257454988,0.25534238341280552,-0.38624349671935759,0.052031701690410534,-0.0043012846072843242,-0.00033619972008021569,0.0017196016404409959,-0.030700866836963651,-0.01825918931342645,-0.091724359432161257
98.137,268465.514949755,2,84,1,85,268464982060708,268464.98133421206,411062c3ece2e02d,0.33145808836549595,-0.580797980692347,0.082191643499474401,-0.28590645363105588,0.81980352380603394,0.15562350526572216,0.47112743493519055,0.31198711614877495,-0.55412494859175876,0.089176738449671514,0.44317982813976098,-0.22309496222456662,-0.37752222873191005,0.78185500226916904,0.18207921155740681,-0.23618616916213936,0.0013788608601768707,-0.0043918310079507196,-0.0001032006485908453,0.001752103656891945,-0.031465132456609451,-0.016415965677039991,-0.087771521090774851
10.599,268465.514949755,1,99,1,100,268465482108666,268465.48161317105,411062c5ed2c00cc,0.4599263860328846,-0.75140029391805385,0.095968632714991897,-0.35783311501910675,0.7906131346884826,0.20066029879373559,0.45455674096229515,0.43596364198636822,-0.72874140869319082,0.10316048714164905,0.46330839963357068,-0.17953189119985805,-0.30602167852817691,0.81207410939025704,0.26065760019501233,-0.37441573564083735,0.031975847045068048,-0.0043917916499092652,-0.00010294991166920434,0.0017520568472024038,-0.030635047249668503,-0.01648133877006247,-0.087214786024041549
98.317,268465.614959421,2,87,1,88,268465082070333,268465.08134383708,411062c4534bcc80,0.35205635316948519,-0.60567182130176256,0.082792953063751604,-0.30455639098459991,0.80918585800246801,0.16801396245275158,0.47353459594062497,0.33125188458798155,-0.58000879576007613,0.089717125148165697,0.45364332403066726,-0.2160357059837873,-0.35682690862106542,0.78753467579937553,0.21855738138120986,-0.30291788298898226,0.0077765906110687762,-0.0043990666139512693,0.00015353948206142198,0.0017324422559560938,-0.031076641542539189,-0.01381590995999654,-0.084712413224301938
10.210,268465.614959421,1,102,1,103,268465582118333,268465.58162283804,411062c65394eff0,0.48456730328784603,-0.78557676998396597,0.097379223161376163,-0.36346695067716683,0.7877296881699547,0.2021373744892612,0.45443838877033282,0.46030026950215996,-0.7632037892332928,0.10444475608826723,0.46426916221113557,-0.17840375335173667,-0.29999905070407173,0.81401892814997778,0.25043263433165563,-0.34589749354343091,0.0094032576141476337,-0.0043992002421435169,0.00015327324468222196,0.0017324858284537622,-0.029658601090332512,-0.013254196752343553,-0.084099077072297426
98.770,268465.714968838,2,90,1,91,268465182079875,268465.18158438004,411062c4b9f14177,0.37677848310086931,-0.6374990822784633,0.084358623133199556,-0.32069952389470507,0.80342298162271408,0.17486009520523577,0.47019924318470957,0.35502334409869979,-0.61259915002280996,0.091145982901677872,0.45612582030744525,-0.20883630872979428,-0.34133702131559823,0.79487462538715448,0.26293934828167664,-0.3492006757232779,0.017413152319757232,-0.0043405653040389765,0.00041187342093457636,0.0017915282968511332,-0.030789824931719022,-0.011076702678608656,-0.081489850421959012
10.645,268465.714968838,1,105,1,106,268465682127916,268465.6816324211,411062c6b9fdd972,0.51005928483159679,-0.81538626198302766,0.096078633701175031,-0.36650822413774115,0.79034424149853044,0.19417485610612803,0.45091449304514086,0.48586415926100074,-0.79281256490179541,0.10274084434588279,0.45614704111972115,-0.18154233344878937,-0.2996973140130948,0.81801820151939664,0.27532698674909467,-0.28601679459371299,-0.024933416715284186,-0.0043402914988819215,0.00041177082033053722,0.0017917350356639495,-0.030602398335802611,-0.0097516574604569611,-0.080858467104016368
100.752,268465.814978546,2,93,1,94,268465282089500,268465.28159400506,411062c5205a2dca,0.40338352179512094,-0.6720598554926529,0.086960283948721656,-0.33316116426238523,0.8003382576272009,0.18514774648398455,0.46279874372125329,0.3808659764071734,-0.64792647344560284,0.094024345998239903,0.45816734488003641,-0.1963288977261064,-0.33034408194406822,0.80150510636412076,0.2742837588393674,-0.39100366768971229,0.03953996630276755,-0.0043062528464212777,0.00074772907419154845,0.0018569832909432805,-0.032058215471657082,-0.008345095318681172,-0.078352016447827827
12.529,268465.814978546,1,108,1,109,268465782137541,268465.78164204606,411062c72066c5c4,0.5362665491327101,-0.83817243426514532,0.092926532025914776,-0.36639337428293461,0.79085008559855718,0.19876462010062665,0.44811239259705127,0.51202280482048135,-0.81574680432209878,0.099904564366582807,0.45741111010223484,-0.17631549611489003,-0.30013621090592152,0.8182946761942409,0.26507714432047869,-0.21071343891961206,-0.024893714275779428,-0.0043057673317445115,0.00074783152202645582,0.0018571899198381713,-0.03150031252886458,-0.0076373344099999688,-0.077894107843147542
101.597,268465.914988046,2,96,1,97,268465382099083,268465.38160358806,411062c586c3174b,0.42604143190781413,-0.70350403354417712,0.091144830543398378,-0.34432682684946531,0.79573893025016518,0.19367255634198421,0.45905292214356086,0.40282875175555494,-0.68007955526750996,0.098343875589892965,0.46154659981034341,-0.18765225125934062,-0.31919655093169785,0.80614820639515161,0.24940997347379065,-0.36856877139262623,0.045936446060105142,-0.0043104031628838626,0.0014380646183938172,0.0017075038123365405,-0.03170833315447761,-0.014256350420073928,-0.079024418421210094
13.016,268465.914988046,1,111,1,112,268465882147125,268465.88165163004,411062c786cfaf56,0.5547471080422115,-0.84370403499035973,0.089892572675040555,-0.36937453152925137,0.78825335638861782,0.20718032145226906,0.44642521122248402,0.53021209575063144,-0.82171485270300104,0.09723219025035898,0.46216889207878714,-0.16917167941972483,-0.29619204967295348,0.81856650785840923,0.25826362080326898,-0.13038494206360821,-0.041157800775754927,-0.0043104710668825964,0.0014377647216797182,0.0017076447814366753,-0.029227104742819324,-0.016437307368402088,-0.079118131879082079
100.292,268466.014997713,2,99,1,100,268465482108666,268465.48161317105,411062c5ed2c00cc,0.45072416348336392,-0.73779384698247186,0.094726018789140776,-0.35663695468824275,0.79150631158749196,0.19834022125802697,0.45496049401201555,0.42686334771591988,-0.71500118897542531,0.1018335615327696,0.46195335363062728,-0.18145793022637358,-0.30749906301229823,0.81185986775670571,0.2529331490244911,-0.35688179837269568,0.023873736335080518,-0.0042523956160753157,0.0016347498174427632,0.001763828654374256,-0.028926818958788375,-0.015668290853501445,-0.080218985478304763
10.586,268466.014997713,1,114,1,115,268465982156750,268465.98166125506,411062c7ed389ba9,0.58259548359061308,-0.84954411433182453,0.084871801904301214,-0.38102808355932483,0.78391877240008412,0.21916220033387812,0.43847114041307955,0.55739032775740904,-0.82847290851693545,0.092621986218050262,0.46501698240418399,-0.1550748345788793,-0.28488673057645558,0.82374179965417449,0.32945365822343115,-0.056816838248514329,-0.053724732330949862,-0.0042525214614812599,0.0016342268012514804,0.0017640039228679493,-0.027266102623463281,-0.017244571263494959,-0.080612096615748516
99.686,268466.115007213,2,102,1,103,268465582118333,268465.58162283804,411062c65394eff0,0.47743583663679179,-0.77401637362423481,0.096546029197783462,-0.362317695873143,0.78860169847983308,0.20027592272944972,0.4546678528324235,0.45326044872272164,-0.75152636571484088,0.10355396151810661,0.46311517267396751,-0.17988225406895661,-0.30142830093466089,0.81382288669333691,0.24581274987641288,-0.33068180401777991,0.0047422686806520599,-0.0041448529171234016,0.001520092795684339,0.0018623670930185317,-0.026432218458643037,-0.015168822410190023,-0.08176738478730089
10.467,268466.115007213,1,117,1,118,268466082166375,268466.08167088008,411062c853a187fc,0.62132820382671639,-0.85430313617755305,0.079594526034365509,-0.40374475751474592,0.77661577360918632,0.22229720664541586,0.42946724681969595,0.59514106411053758,-0.83432142395140874,0.086965132655498392,0.46086705251958526,-0.14649133636833933,-0.26365961697330609,0.83464091359603121,0.37260132759104275,-0.015061866833185767,-0.063936944801888218,-0.0041449174264481282,0.0015197469864448034,0.0018623688132411752,-0.027101932936297778,-0.014952918995863436,-0.082127343735761943
99.974,268466.215016963,2,105,1,106,268465682127916,268465.6816324211,411062c6b9fdd972,0.5050992787984292,-0.80638747304183378,0.095852732086161851,-0.36581679674109135,0.79111749886943106,0.19316974393102274,0.45055152585111302,0.48096432551044344,-0.78374497826684486,0.10249971727630228,0.45517966294634399,-0.18199639850733315,-0.30073300251697455,0.81807606404755429,0.26935513830117624,-0.27034463509220436,-0.023753912834345511,-0.0039460658725228928,0.00099878612759879588,0.0019555499826659035,-0.027263164033063468,-0.011655868452967774,-0.083642798249492445
10.828,268466.215016963,1,120,1,121,268466182175916,268466.18168042105,411062c8ba0a6eab,0.66735365123245793,-0.86048355045279523,0.07379647204678054,-0.42673771757170065,0.77136459256389101,0.21253090637490696,0.42157117167612229,0.64040610512546559,-0.84116706024802446,0.080126078428469374,0.44837786742471519,-0.14781378520275529,-0.24368799380248524,0.84718624551170463,0.43026898517434531,-0.032121760020481595,-0.054514131397257921,-0.0039453663504364876,0.00099946859019462786,0.0019552338315004894,-0.030985959101680841,-0.010097736647407082,-0.083889083827880975
99.679,268466.315026546,2,108,1,109,268465782137541,268465.78164204606,411062c72066c5c4,0.53255120827842606,-0.83045929159693743,0.093606156490879278,-0.36613365237095052,0.79127106463403563,0.19925994312282175,0.44736090481131457,0.50832117706795199,-0.80803631716850566,0.10064012814905021,0.45722997426565287,-0.1754338677612016,-0.300617539149026,0.81840870219674455,0.25932017864046347,-0.19544049420166154,-0.017416069919855129,-0.0037754948821954884,0.00054066102946371771,0.002142176491575287,-0.03215371354206039,-0.010900974733044093,-0.088450691093399661
10.463,268466.315026546,1,123,1,124,268466282185625,268466.28169013007,411062c9207360a1,0.71829559305542456,-0.87029199308571026,0.072605795078732632,-0.43311407271384872,0.76699733141466142,0.21233950847313177,0.42313033449976178,0.69104862239955978,-0.85130537379727633,0.078644986253145685,0.44934502325030212,-0.14905161852964077,-0.23609111007051031,0.84860688946034035,0.49396831778323513,-0.084930620361379883,0.01261847758290861,-0.0037747376921076718,0.00054201661588614827,0.0021419093242931743,-0.036740281236337186,-0.010474070597459143,-0.088995482598687642
97.375,268466.415036005,2,111,1,112,268465882147125,268465.88165163004,411062c786cfaf56,0.56106499955363831,-0.84920097006584971,0.090753964022383268,-0.36968457100999058,0.78818338898571305,0.20914633339382085,0.44537414352941129,0.53649163117248921,-0.82729420616652682,0.098210787329279209,0.46281585534408104,-0.16703828200746365,-0.29592334423578048,0.81873626444810277,0.26467405040154468,-0.13881513744348728,-0.037476955995163819,-0.003767930288846665,0.00039994675223853902,0.0020490918407114009,-0.03548902511691486,-0.014259805229966505,-0.096578136653584445
10.674,268466.415036005,1,126,1,127,268466382195041,268466.38169954607,411062c986dc3eed,0.76711963752544021,-0.87890390606700808,0.076838271497857616,-0.44230031051166574,0.75958790157217126,0.20940299713361366,0.42842396421116513,0.73945731492386535,-0.86032450552893824,0.082219975307894891,0.45101175759077605,-0.15487120692203177,-0.22435620125595282,0.84986328238099029,0.44043430958085616,-0.015485697995209541,0.0088034625866694419,-0.0037677506339844169,0.00040092315865351347,0.0020489831066066722,-0.036500434227863768,-0.015387412359489025,-0.097822624927159471
94.703,268466.515045671,2,114,1,115,268465982156750,268465.98166125506,411062c7ed389ba9,0.59395677742231034,-0.86248362113350552,0.085249813703375144,-0.3817755407461263,0.78344776113853598,0.22137081971749073,0.43755234594857839,0.56868888931697759,-0.84152814721464053,0.093108751004228857,0.46592902632676497,-0.1528634190981388,-0.28402514329688933,0.8239372764373516,0.34577405232353042,-0.081939637698800458,-0.052977652880351049,-0.0039512324764209728,0.00052975275227996519,0.0019183316006736405,-0.030528479387997905,-0.013735670051754688,-0.10292918545950659
10.742,268466.515045671,1,129,1,130,268466482204708,268466.48170921305,411062c9ed452e11,0.80696032780340399,-0.88451154217214656,0.076742587184215824,-0.45486759596520104,0.75730293399383908,0.21989881462226774,0.41380224847789732,0.77877976068958332,-0.86690549147228091,0.082679216519436757,0.44809430704114639,-0.13711042932667994,-0.21385407270064302,0.85713397888341625,0.3599548960244417,-0.033597159707595803,0.0018960244416890964,-0.0039511564415551093,0.00052938293684608791,0.0019183671189311408,-0.026882937986842492,-0.012939382225319849,-0.10442720294307728
95.012,268466.615055213,2,117,1,118,268466082166375,268466.08167088008,411062c853a187fc,0.62957144603291038,-0.8663573126189853,0.079549661424751686,-0.40432084520291944,0.77597308656813446,0.22395639066021389,0.42922489600586911,0.60333228817776741,-0.84646892540265761,0.08698737619159369,0.46186890485714677,-0.1451467482321307,-0.26279781312046147,0.83459382074324129,0.38734157511703438,-0.046627989191769997,-0.058479640170927202,-0.0042183723532096011,0.00063146936677379694,0.002035376826144165,-0.01889756913696837,-0.0092645340565669747,-0.10693967110272157
10.779,268466.615055213,1,132,1,133,268466582214250,268466.58171875507,411062ca53ae14d2,0.83146292382428355,-0.89001996253561177,0.077122327716953848,-0.45685081195304367,0.75163335948539545,0.23092645917856977,0.41594188559253265,0.80300679981712286,-0.87299628536316143,0.083431398487193068,0.45740498095273757,-0.130825659160655,-0.20844273278969441,0.8545273298449676,0.30779804267134564,-0.063967570651128847,0.0077087406283646558,-0.004218090184942902,0.0006302879466314593,0.0020357857540222409,-0.01523326579721771,-0.0065454235081366264,-0.10796576699244453
95.484,268466.715064713,2,120,1,121,268466182175916,268466.18168042105,411062c8ba0a6eab,0.66999353611224377,-0.86997444334181151,0.074709378183069788,-0.42658707516840921,0.77086468729770907,0.21347307952789868,0.42216157890791367,0.64302880782393435,-0.85069241338152002,0.081070801051789293,0.44946156537867571,-0.14756504914110216,-0.24344102767028961,0.8467262388553739,0.42919566761570149,-0.05655350997237002,-0.040933209546643382,-0.0043416668375229079,0.00051774520906962274,0.002345753700849973,-0.010167952234993359,-0.0027576707472741586,-0.10559121054910151
10.716,268466.715064713,1,135,1,136,268466682223833,268466.68172833807,411062caba16fe53,0.85971455481357173,-0.89777308539220502,0.074757797857789549,-0.46665765063951015,0.75624341457416655,0.22910702014627976,0.39728649806530086,0.83112592033763433,-0.88105931282111905,0.081292377967471824,0.44292709263408342,-0.11892084612891654,-0.20476805196517436,0.8647216129258527,0.28952562453214664,-0.068653544676355829,-0.013711942334696735,-0.0043409393191704221,0.00051718640588667311,0.0023462208105566491,-0.010004306151075849,0.0006224352253682815,-0.10584510830091641
96.636,268466.815074255,2,123,1,124,268466282185625,268466.28169013007,411062c9207360a1,0.71794098998982991,-0.87942131770208654,0.074163441541340178,-0.43248544742148526,0.7665770973321766,0.21271624398758673,0.42434389870800071,0.69069934446082015,-0.86042711821633111,0.080202819550184393,0.45046953493841907,-0.14964334575796326,-0.23623846490423461,0.8478652339036068,0.47052175879912445,-0.096917723723000629,0.023389790963873888,-0.0042636851352787948,0.0004897355572581122,0.0024959130234412704,-0.010534041002406869,0.0013655465395122231,-0.10451021775672337
11.882,268466.815074255,1,138,1,139,268466782233291,268466.78173779609,411062cb207fdf71,0.89141737775449925,-0.9078402382864712,0.073460962835120741,-0.48296976115176959,0.75031231802001619,0.23463890132426374,0.38563749096561556,0.86225217208474447,-0.892196135596516,0.080095251134074869,0.43860163152856069,-0.1067721238441999,-0.18903972983165102,0.87206209809592117,0.25682995615897336,-0.11491254409862761,0.0075173317569912062,-0.0042631122073804274,0.00049026529246987583,0.0024959532351094306,-0.012266385956176445,0.0019722084637288648,-0.1043745971985572
96.728,268466.915083796,2,126,1,127,268466382195041,268466.38169954607,411062c986dc3eed,0.76341834556014165,-0.88513918839572259,0.077123204237074083,-0.44160201441585956,0.75940202572782212,0.2095951019791126,0.42937881948598788,0.73577088503175681,-0.86653824783638522,0.082506872931003714,0.45182278084802779,-0.15541055290860958,-0.22471853708093495,0.84923807842300603,0.41042647877679356,-0.025753945370234066,0.0059081492928414157,-0.0041574584837338092,0.00061624283749615275,0.0023175087507036479,-0.016153917510229585,-0.00059037124770477782,-0.10824976948167504
10.765,268466.915083796,1,141,1,142,268466882242833,268466.88174733805,411062cb86e8c631,0.92079792153460649,-0.91995148800579463,0.07552372209619701,-0.49207633803177275,0.74138789079024714,0.24204500823171676,0.38680633415369164,0.8911770534169452,-0.90517659574537268,0.082131874834719371,0.44466503672812113,-0.10236171248952415,-0.17628988489325403,0.87219089734536548,0.27130234742321679,-0.13051042628665899,0.0078526806056970974,-0.0041572538480574685,0.00061676756205514911,0.0023171019247042531,-0.016383406974162545,-0.0029308314710054005,-0.10840665287184453
97.340,268467.015093296,2,129,1,130,268466482204708,268466.48170921305,411062c9ed452e11,0.80138744410776164,-0.88715283772973197,0.075840668162453717,-0.45396908269440983,0.75738576247636247,0.22015288756658871,0.41450167438053653,0.77323173493499398,-0.86951386664761676,0.081797487121380852,0.44876853252374693,-0.13742534141514959,-0.21454798609061085,0.85655720265366719,0.34426178697392357,-0.047841607061233415,-0.0063213355091252055,-0.0042188877899365165,0.00081116334219919536,0.0022509223156172127,-0.018274708832258183,-0.0048159948981954005,-0.11149436062846423
11.142,268467.015093296,1,144,1,145,268466982252250,268466.98175675509,411062cbed51a48f,0.94477718260822008,-0.93075133305410107,0.078542886776252027,-0.49937345957182311,0.73604878071255886,0.24950063207782158,0.38289401678802959,0.91485110433266559,-0.9167110519874393,0.085373794371961798,0.44717053270160262,-0.094323364384423958,-0.16735472006543828,0.87357542049120573,0.24453496925770618,-0.10714518272044311,0.041394130613418428,-0.0042194012176902523,0.00081124369492326207,0.0022506600352156137,-0.017202233509258969,-0.0070983511620289061,-0.11189784629280988
98.585,268467.115102713,2,132,1,133,268466582214250,268466.58171875507,411062ca53ae14d2,0.83167245363768105,-0.89258672524692162,0.076252243797131511,-0.45645076833737463,0.75190270755243405,0.23067597077507584,0.41603324888642712,0.80323530875850246,-0.8755312780022767,0.082561083815101452,0.45729246251167643,-0.13106738480760707,-0.20891606417521322,0.85443491413871897,0.31080610677057019,-0.077053649963538834,0.00091226137647677178,-0.0042154028926713336,0.00089840585232530291,0.0020872111744679091,-0.020464382642830101,-0.0089749386537162513,-0.11487065257990074
11.656,268467.115102713,1,147,1,148,268467082261833,268467.08176633809,411062cc53ba8e10,0.96663787266616197,-0.93768606002780952,0.087846204201921518,-0.4992930304062162,0.7357337860298625,0.25969848159276793,0.3767744919083999,0.93669504530128145,-0.92404231944510251,0.095371919069982505,0.45005434363038782,-0.082785238605845662,-0.16718885720208482,0.87329581361406694,0.22832237104432831,-0.072389906903517126,0.15909414412739126,-0.0042160939817104505,0.00089823112514052011,0.002087010925506881,-0.019471741676566755,-0.010680332382213005,-0.11514838132881909
99.305,268467.215112338,2,135,1,136,268466682223833,268466.68172833807,411062caba16fe53,0.85931327607275099,-0.8973564845758234,0.075197641874087298,-0.46662158853186841,0.75678693477350845,0.2278053627509361,0.39704231309333726,0.83074690636536397,-0.88058456575563393,0.081680404618200017,0.44183401704259762,-0.11966859203051161,-0.20517787853379435,0.86508043997411488,0.29388610891146505,-0.069517577827527766,-0.0094438041566999222,-0.004203667416846712,0.0010117340303107912,0.0021259862621410943,-0.023590500558398342,-0.015342683337748433,-0.11699084525790553
10.986,268467.215112338,1,150,1,151,268467182271291,268467.18177579605,411062ccba236f2d,0.98331104942753511,-0.93803190385606383,0.10976317657046254,-0.50039546779276656,0.73486255775616705,0.26172192676144096,0.37561028112297673,0.95332447752027705,-0.9245375298405013,0.11738343425282149,0.45066191407324724,-0.080531225524585387,-0.16579326486706142,0.87345930314128895,0.15977635733182213,0.00011192329791327076,0.23862555187167328,-0.0042038950951854386,0.0010117403559698752,0.002126069225437812,-0.024070132614428322,-0.017403518378389736,-0.11721455612773643
99.765,268467.315121713,2,138,1,139,268466782233291,268466.78173779609,411062cb207fdf71,0.88292616770980725,-0.90246670211818569,0.075620819122671018,-0.48263797042319939,0.75076435406322584,0.23311078524566553,0.38609958454838,0.85378652239058805,-0.88674278234161885,0.082178285820779254,0.43784783981291475,-0.10817941455428974,-0.18959397904250558,0.87214712437104636,0.25033833312256298,-0.10735729800887477,0.02050730488776141,-0.0042713823358425341,0.0012388305759800397,0.0022935186916495176,-0.024810618917205915,-0.018143678284623977,-0.11683384942852147
10.749,268467.315121713,1,153,1,154,268467282280750,268467.28178525507,411062cd208c505c,0.99125334261931541,-0.93664876803682251,0.1364482434838058,-0.49941539584732453,0.73170723967538487,0.26476452200877992,0.38090494732312347,0.96120009553888763,-0.92328380922197495,0.14403383296431341,0.45655724802243691,-0.082123680124659759,-0.16425513361493652,0.87053514088869555,0.098878018196743883,-0.047071479326250651,0.30000746336502809,-0.0042718356586481836,0.0012390885696794819,0.0022935222130509494,-0.024809541265975805,-0.019680633503700026,-0.11680659814033052
108.028,268467.415131213,2,141,1,142,268466882242833,268466.88174733805,411062cb86e8c631,0.90578698052327256,-0.91209678071694744,0.077319348995952497,-0.49139691800365259,0.74193392275381442,0.24076599291798717,0.38742084754223594,0.87619874572775669,-0.89723127589798035,0.083870232915645368,0.44419516292321265,-0.10370063943964956,-0.17715641028353979,0.87209657774290039,0.25840763519571269,-0.12670751953223816,0.016061347542591944,-0.0043247890241095077,0.0013451856679423016,0.0023014443229955389,-0.023771877630655126,-0.017357673871003579,-0.1188239192361827
19.415,268467.415131213,1,156,1,157,268467382290208,268467.38179471309,411062cd86f5317a,0.9933435122905605,-0.93744033467220256,0.1670191954167845,-0.49456901693825472,0.72972410331113868,0.26437459513655803,0.39116537064308754,0.9633291989539523,-0.92385742192809783,0.17436810202148018,0.46353674280861501,-0.089654614767196064,-0.16627975178069557,0.86570594445520344,0.053034714330661169,0.0016855512153509376,0.29426616189973692,-0.0043249717083015593,0.0013455206779470676,0.0023012459095847447,-0.022729973181512247,-0.016767610756885317,-0.11915891858306477
109.296,268467.515140588,2,144,1,145,268466982252250,268466.98175675509,411062cbed51a48f,0.93075541666769834,-0.92323271684099018,0.079668711496031094,-0.49870726881363592,0.73653100579333153,0.24883557906532841,0.38326758973491359,0.90085621445394803,-0.90912558914999531,0.086479556323057399,0.4469644251761134,-0.095057783823875794,-0.16816677267118321,0.8734453371166615,0.2373799609798197,-0.10281906070972216,0.050799964491110391,-0.0043746436065892642,0.0013362096981024128,0.0023575830643766346,-0.022023507662287549,-0.011801428880396533,-0.12007530527381929
11.808,268467.515140588,1,159,1,160,268467482299541,268467.48180404608,411062cded5e0a34,0.99575105853217571,-0.93721742783052286,0.19349516861696994,-0.49160240444193348,0.73703213703803694,0.2531566940817413,0.38861606551214262,0.9660008011360085,-0.92291983810091494,0.20055647619787917,0.4538018582156782,-0.095784237565245692,-0.17354502360612528,0.86877579276565453,0.026956786477632638,0.04380364559486017,0.24354224683208994,-0.0043741043527445326,0.0013361965380559754,0.0023575173026934054,-0.021439996547015738,-0.0083291407014305131,-0.12055493562286912
109.679,268467.615150046,2,147,1,148,268467082261833,268467.08176633809,411062cc53ba8e10,0.95404115725740402,-0.93129745872678249,0.089089023159026004,-0.4982318596538578,0.73628986764773119,0.25912673194590585,0.37748593990857471,0.92413338464048622,-0.91756927847984671,0.096600558033403019,0.45015312528070761,-0.083692596339526679,-0.16833242728953626,0.87293866167146805,0.22559627612183583,-0.071722094483049448,0.16753939520106692,-0.0043863458032498024,0.0014764976199282444,0.0022887211075223882,-0.024180290968481136,0.00075448212539206208,-0.11958609490368803
11.164,268467.615150046,1,162,1,163,268467582309083,268467.5818135881,411062ce53c6f0f5,0.99749828243053718,-0.93501994146616474,0.21384314195961482,-0.48158276374546727,0.74220856816108549,0.24973562669419563,0.39349288809797617,0.96810380690817222,-0.92001816638304412,0.22093345260775615,0.45483123256074737,-0.10165173167885,-0.18429026875121146,0.86535112652470081,0.049956835464559819,0.028465450982326865,0.20789181688695282,-0.0043854505969941771,0.0014763429451860872,0.0022886066159544943,-0.024041081769334484,0.0047118572513756597,-0.1191974515187568
116.177,268467.715159505,2,150,1,151,268467182271291,268467.18177579605,411062ccba236f2d,0.97377221450525653,-0.93469847628558489,0.11039564135428244,-0.49959382381235529,0.73529149085377543,0.26108023267598285,0.37628393535323373,0.94381191195147618,-0.92113173022899619,0.11799068080701586,0.45068451330776094,-0.081461317213503595,-0.16666341424055045,0.87319575675564898,0.15173928233159301,-0.0028724930041849556,0.24015740356460158,-0.004330751347422339,0.0014710419893077097,0.0022581445844178051,-0.028134814563061411,0.0033999289213212957,-0.11888445213151752
18.427,268467.715159505,1,165,1,166,268467682318541,268467.68182304606,411062ceba2fd212,1.0073001397882435,-0.93203537572845385,0.23227066759231979,-0.46825943853910901,0.75401690817678513,0.25354470566117043,0.38458644781925294,0.97851835635040663,-0.9163565489312,0.24034186851695172,0.45122685390695105,-0.092660502033131684,-0.20206103917942528,0.864279870251491,0.11137728364338677,0.071993759589072309,0.17924803274418144,-0.0043299688673579112,0.0014712909009300661,0.0022581163635114567,-0.029483623124801812,0.0041756618661171292,-0.11838755897314177
115.747,268467.815168838,2,153,1,154,268467282280750,268467.28178525507,411062cd208c505c,0.9812421140326858,-0.93252759426411092,0.13529697565779258,-0.49952519441673521,0.73130089827690115,0.26562975832702168,0.38093892033491245,0.9511761511370298,-0.91920982178991384,0.14291509638728711,0.45719308502049061,-0.081535888219354369,-0.16389016755330729,0.87032545344892476,0.08827070355077149,-0.053974978737541916,0.28977110177733489,-0.0042614616080853297,0.00093451609639516023,0.0023873131254159726,-0.025618685209625399,0.0097761615421021533,-0.10915234992289623
10.684,268467.815168838,1,168,1,169,268467782328041,268467.78183254605,411062cf2098b601,1.0130841690915153,-0.9242390830588314,0.24713405246327988,-0.45662994275111507,0.76454387899195453,0.2509722739122876,0.37944001293857355,0.984893573770106,-0.90775540801903098,0.25567452929852746,0.44576879111533163,-0.090840407012268809,-0.21772802654481579,0.86350026738752161,0.067595921641704498,0.044642638695057045,0.22485201566767832,-0.004261522214517084,0.00093457861507421534,0.0023875056991302943,-0.028023122002978157,0.0098637499977583011,-0.10828983088268804
115.357,268467.915178421,2,156,1,157,268467382290208,268467.38179471309,411062cd86f5317a,0.98569434888082175,-0.93364826530174949,0.16412777962191646,-0.49482261306098119,0.7296496496565863,0.2651437546687232,0.39046230667271276,0.95567257617227053,-0.92010987235214947,0.171528187161026,0.46358347942731987,-0.088613595572825499,-0.16604778556478678,0.86583261730587757,0.051234444925653128,-0.0078852321902452213,0.2733656030780669,-0.0040796278428503162,0.00092783361989947862,0.0024281044888488736,-0.026593725745913933,0.0035898482625848407,-0.10558253568694546
10.712,268467.915178421,1,171,1,172,268467882337458,268467.8818419631,411062cf8701945f,1.0202655126295526,-0.9157150016345611,0.27200712314397607,-0.44513466718339434,0.7760541679970806,0.23750299089045515,0.37840116138359892,0.99275281776089885,-0.89802169626481965,0.28033535933923576,0.43550999104665233,-0.099630049161699277,-0.23399541682648664,0.86351088349063743,0.071709760682179366,0.064167617237108468,0.2527729793727938,-0.0040801356947019179,0.0009281479055472633,0.0024281969604822134,-0.027527949675090198,0.0015437572808142327,-0.10506532984669469
114.507,268468.015187838,2,159,1,160,268467482299541,268467.48180404608,411062cded5e0a34,0.98857070305607375,-0.93138069344240026,0.18887368468534049,-0.49217022892194595,0.73699235192600299,0.25361107775379288,0.38767539697347031,0.95880682371543136,-0.91712906894205537,0.19597041898101836,0.45345800289805099,-0.094797786713179316,-0.17311537875470656,0.86914917297355143,0.03306941137526543,0.045514893826785731,0.22338809214840069,-0.004117833445040373,0.00096787260299202181,0.0023244323925215365,-0.026755364788162289,0.0072946595709573675,-0.10458431569280092
18.390,268468.015187838,1,174,1,175,268467982346875,268467.98185138009,411062cfed6a72bc,1.0210470801785878,-0.90785256636441003,0.29913542363721124,-0.44654240280740432,0.77944433330448448,0.22091630978167748,0.37981897143171223,0.99366867244909451,-0.8895593797377197,0.30656126131422079,0.42478397974209103,-0.11236114661182352,-0.23539720626154367,0.86690351168443625,0.0015750260839277892,0.041306147454139186,0.30659262665442327,-0.0041177759293272182,0.00096794679758747666,0.0023241361981669048,-0.025122414527620349,0.0070294422058556766,-0.10467091724146615
111.935,268468.115197338,2,162,1,163,268467582309083,268467.5818135881,411062ce53c6f0f5,0.99053835564915593,-0.92650811779180364,0.20883189132174537,-0.48224164690392496,0.74199709062322761,0.25072036447071216,0.39245721238143844,0.96112102697542723,-0.91157945876435698,0.21598149727666716,0.45479521399889705,-0.10022308363512149,-0.18367483081714298,0.86566749006455068,0.06544434170251387,0.034047955635155794,0.19438512155798246,-0.004103314710885579,0.00099380875132083725,0.0022345977116105683,-0.024061181988980319,0.0057318179811611508,-0.10978834684040226
10.087,268468.115197338,1,177,1,178,268468082356333,268468.08186083805,411062d053d353d9,1.0155570746046583,-0.90483505088853122,0.32836307286942362,-0.43626185823039143,0.78385505755978024,0.21449016706054425,0.38631704756344809,0.98863754010703353,-0.88580134521623599,0.33560307720493537,0.42483484434316876,-0.12149994916107712,-0.24578550180071021,0.86275292204103515,-0.010388707418600953,0.0051115356775804565,0.29324529693905166,-0.0041037116224073552,0.00099330679332135284,0.0022343165063601861,-0.021590483504656938,0.0046345283206908642,-0.11056835492924696
117.141,268468.215206755,2,165,1,166,268467682318541,268467.68182304606,411062ceba2fd212,0.99385462114349687,-0.92066983313071604,0.22321553497861163,-0.4686710435851158,0.75411843102793652,0.25365642283221418,0.38381156477788309,0.96506633127353447,-0.90501244418313564,0.23130512641908682,0.45075792483546845,-0.092033581027412645,-0.20184177796255157,0.86464270645753383,0.12548948688647801,0.075075397180341966,0.16024089406153538,-0.004163128780741771,0.0012241389890827467,0.0021775606249267885,-0.031338841690715727,0.0085512439504049631,-0.11431963639141639
16.774,268468.215206755,1,180,1,181,268468182365708,268468.18187021307,411062d0ba3c2f65,1.0045866285802882,-0.90106801591240748,0.35268004360170663,-0.43296855094443787,0.78427421576707523,0.20836285178243136,0.39247568534316296,0.97782161067503492,-0.88167474560982495,0.35952809700899285,0.42485699269586596,-0.13018742965046551,-0.24841061125606301,0.86072059179144722,-0.026290924089031248,0.015153034374544426,0.24753601195965216,-0.0041630876664037328,0.0012241559888907768,0.0021774126564184423,-0.031191143819897089,0.0088229893321060179,-0.11540264163441746
108.867,268468.315216088,2,168,1,169,268467782328041,268467.78183254605,411062cf2098b601,0.99989006706340056,-0.91417109383580408,0.24082565759097671,-0.45680032206554655,0.76449286406108663,0.2501674571900267,0.37986895521488256,0.97169513600311186,-0.89766476544764362,0.24930787060494755,0.44550300775279578,-0.091712806343296302,-0.21757147717681405,0.86358467075032586,0.062852252549565044,0.053657016339591697,0.21993563996991675,-0.0043179393644603844,0.0012129087369711358,0.0020737921293816387,-0.038828197570634777,0.014457663692420651,-0.11338728676226731
10.298,268468.315216088,1,183,1,184,268468282375208,268468.28187971306,411062d120a51354,0.9963839317665566,-0.90245165328752397,0.37283766910177679,-0.43278074442719938,0.78866860348518597,0.19331597238044362,0.39157585365398817,0.96987230877392927,-0.88247546345832606,0.37895703493258331,0.41358096544569489,-0.14019090275581039,-0.25165071178638537,0.86369509380505549,-0.038880241147134328,0.0087616361380749071,0.20507402587176779,-0.0043179446214690271,0.001213054628561652,0.0020736084059921312,-0.040921731406014031,0.01626432248751614,-0.11362175247515949
116.368,268468.415225546,2,171,1,172,268467882337458,268467.8818419631,411062cf8701945f,1.0072588926900805,-0.91055925694140094,0.26556326278351738,-0.44560621085662011,0.77585540903157613,0.23689911328692259,0.37863221265338898,0.97972959690092309,-0.89286711318394296,0.27383894248884227,0.4352463630248723,-0.10022043301412627,-0.23352144129780394,0.86370377140213905,0.056581347002972911,0.061876849552161897,0.2475936693021713,-0.0041588725019996867,0.0009818882665022172,0.0021329404952689147,-0.033368318221070531,0.0075678708707369912,-0.11216204625175671
18.179,268468.415225546,1,186,1,187,268468382384708,268468.38188921305,411062d1870df743,0.99750821476681872,-0.90362871930144817,0.39511939603703677,-0.43183341219848942,0.78891760365350949,0.19335216338279498,0.39210191644811748,0.97103283064183998,-0.88360968986803634,0.40125563657547825,0.41397853890735631,-0.14053729441247242,-0.25249664651437387,0.86320129848277438,-0.024218571677586165,-0.023084974813378813,0.17597992269355961,-0.0041586497493714012,0.0009822296853746837,0.0021327739722450129,-0.034650631561438161,0.0066346931167546985,-0.11117347361693836
123.750,268468.515235005,2,174,1,175,268467982346875,268467.98185138009,411062cfed6a72bc,1.0096790690958888,-0.90391162934051894,0.29356228055254474,-0.44727714133327812,0.77898193969769647,0.22136797943054254,0.37964004973245935,0.98226453463661534,-0.88567411599606982,0.30099177308965347,0.42497684166168526,-0.11191525120527535,-0.23455070603508432,0.8670960886184198,-0.010104500275935147,0.036740032032789395,0.30419947237807587,-0.0040432280147204829,0.00068964203512942213,0.0021307741836215695,-0.027266507645890233,0.0052008170075985918,-0.10710341418290434
18.496,268468.515235005,1,189,1,190,268468482394125,268468.4818986301,411062d1ed76d5a1,0.99520720332659296,-0.90410350516738414,0.41111049805444494,-0.43655393998984654,0.78244558651430252,0.19732094054085947,0.39782415871862453,0.96837992782499938,-0.88451666812860119,0.41711166926882953,0.4208311242795883,-0.14177718145106585,-0.24458232230580729,0.8619628085206853,-0.050149326804883765,-0.013811801993841756,0.14425502670260648,-0.004043724950135533,0.00068967873981335293,0.0021306579876054625,-0.027281839743907455,0.0016813985659362256,-0.10545993224813978
116.064,268468.615244421,2,177,1,178,268468082356333,268468.08186083805,411062d053d353d9,1.0085249046482598,-0.90323444558121524,0.32281927177017067,-0.43717337444819293,0.78335151803747438,0.21576187531987509,0.38559915227201358,0.98155596423854452,-0.88429224217691049,0.33011517029836934,0.42522644923785818,-0.12009308703588942,-0.24478490631774535,0.86304140512131067,-0.008622728314724059,-0.0067648619809122694,0.28492719679151968,-0.0039852565166988091,0.00040384082810609534,0.002193932561182191,-0.024832196976259008,-0.00032123765664973875,-0.10231425747775955
10.383,268468.615244421,1,192,1,193,268468582403541,268468.58190804609,411062d253dfb3ed,0.99188432642499225,-0.90490169384334496,0.4229508576312454,-0.43329176478648429,0.78405192192942263,0.18952568033371059,0.4019961442520526,0.96527890435106123,-0.88489309722084519,0.42853373587035093,0.41826908225586512,-0.15023930184120843,-0.2480248790868213,0.86079195300901279,-0.05659388245145322,0.0054368952156918435,0.082640243767896582,-0.003986068084710177,0.00040365240554264401,0.0021939963594346679,-0.025731348896327007,-0.0026433803517572352,-0.10111714339796658
116.618,268468.715253880,2,180,1,181,268468182365708,268468.18187021307,411062d0ba3c2f65,1.0057800486191748,-0.90290373209876518,0.3488136207153662,-0.43435816874135802,0.78374063967813545,0.21027826961299068,0.39098170482211514,0.97894360291214788,-0.88364405220441244,0.35575846514468645,0.42515499386733785,-0.12777662102042045,-0.24705070785401684,0.86132590467203363,-0.012782919207167658,0.0062274517455690364,0.23951792886748854,-0.0038879023785857122,0.00019360915066572886,0.0022119218666975006,-0.02101846944847335,-0.0016949130616356898,-0.095377578873989746
10.380,268468.715253880,1,195,1,196,268468682412958,268468.68191746308,411062d2ba48924a,0.98707467464823118,-0.90313792911529645,0.42467733394796697,-0.42933329968741873,0.78462133854534055,0.18732405462265805,0.40614286236623537,0.96063577493276187,-0.88288015722681568,0.43015165691215462,0.41964447024755908,-0.15472825868990181,-0.25122657486671168,0.85839553390856882,-0.082759116296679536,0.020592091613303234,0.019053231835027638,-0.0038882450343124715,0.00019374737193510061,0.0022117557406699999,-0.022052055188976783,-0.0025640196667737389,-0.094436055933985436
6.149,268468.815263421,1,198,0,199,268468782422333,268468.7819268381,411062d320b16dd6,0.97904438454512044,-0.89765303030362076,0.42412206083542819,-0.42565387900167445,0.78713849530551028,0.182932534382308,0.40714555821714543,0.9528377084591223,-0.87706103568059901,0.42946442341537511,0.41724820960529119,-0.15854254536573362,-0.255608216682286,0.85757368922713273,-0.076958294185817511,0.09227583785915254,-0.022095276660660215,-0.0038882450343124715,0.00019374737193510061,0.0022117557406699999,-0.022052055188976783,-0.0025640196667737389,-0.094436055933985436
127.698,268468.915272796,2,183,1,184,268468282375208,268468.28187971306,411062d120a51354,1.0042453233151525,-0.90117405512036586,0.37258021849979989,-0.43435944174177377,0.78847117858992988,0.19535659564608307,0.38920551082022803,0.97765997216552425,-0.88133531374799112,0.37882556852822846,0.41334781850939001,-0.1370718787983265,-0.2503948037610132,0.86467180087343498,-0.020543032921127663,0.021721804953203243,0.20801114353747191,-0.0037031115836209435,0.00012323915280201486,0.0021356570776252808,-0.015647208724850856,-0.0087475576138438,-0.095891400429900478
110.951,268468.915272796,2,186,1,187,268468382384708,268468.38188921305,411062d1870df743,1.0022726638542556,-0.90098824747732009,0.39224005799176492,-0.43321738693455447,0.78863872642087707,0.19514966363633474,0.3902413571649716,0.97572950672803438,-0.88109149016524235,0.39848031521431709,0.41393394944109313,-0.13795065577691862,-0.25132083264248239,0.86398272040053326,-0.0080892436099899677,-0.00898542957051017,0.17446135721645897,-0.003702968311788039,0.00012355085026699537,0.0021354188930869235,-0.015624367786036052,-0.010231289465590853,-0.095351743548830484
14.582,268468.915272796,1,201,1,202,268468882431750,268468.88193625509,411062d3871a4c33,0.97143125444760992,-0.8814552178570092,0.42364462796616381,-0.41694999583343273,0.79412109416919507,0.17568372002279481,0.40578278980441412,0.94577492372520111,-0.86017078302338168,0.42894429584651689,0.41115890119230142,-0.16270460825834182,-0.2667002342049053,0.85635655745541395,-0.098169480432993977,0.16990988554897929,-0.029269789826042961,-0.0037033278499276553,0.00012342608984522441,0.0021352850941296214,-0.014616266118436572,-0.013298126447977739,-0.094984984848877546
102.991,268469.015282130,2,189,1,190,268468482394125,268468.4818986301,411062d1ed76d5a1,0.99891092303836082,-0.90096161142732889,0.40903591847556026,-0.43704843081054406,0.78266306600681745,0.19809680856766132,0.39646551159292132,0.972066438163805,-0.88141867657145223,0.41510290133405808,0.42041903723778545,-0.14026785135234165,-0.24438644572239535,0.86246624754376666,-0.034388485591545483,-0.0052684862858432555,0.14045022158770437,-0.0035776523960271869,0.00031419031688459002,0.0022572552598403746,-0.012438092294817134,-0.01316732671318886,-0.10060453931023823
10.508,268469.015282130,1,204,1,205,268468982441208,268468.98194571305,411062d3ed832d50,0.95668911681925517,-0.85955346219839135,0.42252820749177955,-0.40726719225329056,0.79892528071327307,0.17072128359928734,0.40829661581995885,0.9315530195692846,-0.83765400657594091,0.42781511683911505,0.40942747221441383,-0.16799112398627158,-0.27694408288817368,0.85290685435818436,-0.15489173313650534,0.24713007624488348,-0.015920404894958117,-0.0035780075780827442,0.00031393242588212688,0.002257810900800791,-0.011518081312836773,-0.015861850759155159,-0.10082422779559048
94.886,268469.115291713,2,192,1,193,268468582403541,268468.58190804609,411062d253dfb3ed,0.9943704001201058,-0.90197587394933443,0.42158506344761337,-0.43351643077441171,0.78454316625939002,0.18930488886115721,0.40089803789748207,0.96777195900362922,-0.88196236851406939,0.42718358846162785,0.4173364806834266,-0.14961894655540353,-0.24821337843517996,0.86129817803604891,-0.049038861059985582,0.015063954937972565,0.080763849875853957,-0.0035546363542597252,0.00030989288484798897,0.0022678100882230121,-0.011508666601385227,-0.018440133612027787,-0.10207698683688594
10.369,268469.115291713,1,207,1,208,268469082450583,268469.08195508807,411062d453ec08dc,0.93923501820836741,-0.82966669956245886,0.42340890002139747,-0.39945648665058031,0.80285239856609936,0.16046729549540914,0.41244738049635521,0.91461900224983961,-0.8070930836178507,0.42829199058797857,0.40511184165656755,-0.1781768220875164,-0.28524397722912515,0.85016074319797208,-0.17947439735650747,0.35316665499210315,-0.017427491108224655,-0.0035548777938115873,0.00030992516376943075,0.0022681335022075077,-0.012106230328902205,-0.020327683164541317,-0.10232534892525275
103.099,268469.215301046,2,195,1,196,268468682412958,268468.68191746308,411062d2ba48924a,0.9887056543991386,-0.90124831823586526,0.42879119314929814,-0.42914457474294698,0.78512685719104791,0.18689629808701261,0.40556205327896977,0.96228980585224055,-0.88096121244571857,0.43426816641683713,0.4189313066753016,-0.15462003419565271,-0.25171747920406146,0.85861954087698977,-0.083550350063787054,0.033615730636588168,0.028240767170084221,-0.0035772162544664234,0.00028919860670475675,0.0023342961325842539,-0.011103163641580068,-0.019501802691309078,-0.10083782792094098
18.705,268469.215301046,1,210,1,211,268469182460041,268469.18196454609,411062d4ba54e9fa,0.92046005329519731,-0.79327224407739183,0.42360638189999433,-0.38543167072316625,0.81116979587006099,0.14742989623200153,0.4143796186845754,0.89677000338650947,-0.76966957368759115,0.42819511132772314,0.39725930716306002,-0.18876195395983594,-0.30104230729141246,0.84612498889363463,-0.18245426744483617,0.40699292890608929,-0.025464545079789964,-0.0035773554248590945,0.00028937197220272004,0.0023345003621455286,-0.013136511626843973,-0.019413204290884323,-0.10117052022476487
102.492,268469.315310380,2,198,1,199,268468782422333,268468.7819268381,411062d320b16dd6,0.98081891168516266,-0.89467911266805344,0.4297306396931781,-0.42537198617609473,0.78772569462310149,0.18261683422459946,0.40644562794723466,0.95463926917489494,-0.87405660663786111,0.43508783252486366,0.41653005046184965,-0.15827085365508803,-0.2562227576138475,0.85778957351223051,-0.078789394975737601,0.10899346638669248,-0.0096504794397839714,-0.0035944266180036699,0.0002434960649919877,0.0023918935171038502,-0.012044907673684459,-0.021448924816992634,-0.10029766057445545
10.258,268469.315310380,1,213,1,214,268469282469458,268469.28197396308,411062d520bdc857,0.90239526783200186,-0.75313747877426596,0.42198981432060884,-0.36430505730288054,0.82089371041454262,0.13705493533917179,0.41788914718743986,0.87995206047364705,-0.72835108307198282,0.42660478815870684,0.39240471349350026,-0.19857977030362886,-0.32285692423807977,0.83806206340924949,-0.16514154388203581,0.43283370034326807,-0.014532730995254303,-0.0035944325597533026,0.00024390865124546802,0.0023919581019456013,-0.014769030046105603,-0.021128037499612715,-0.10056214118742514
113.013,268469.415319921,2,201,1,202,268468882431750,268468.88193625509,411062d3871a4c33,0.97111355348712203,-0.8809627715703453,0.42849589030342977,-0.41618291101276206,0.794652200303685,0.17580701799493009,0.4054770163272709,0.94549504748434754,-0.85964307202543488,0.43383663121337429,0.41102987152874287,-0.16240120893501578,-0.26761819380815094,0.8561896953306396,-0.10237655646253052,0.17894187404081496,-0.018024846021393003,-0.0036196811419215292,0.00019068569699923942,0.0024680362664081857,-0.013688147662060465,-0.022879236779865562,-0.097914932780517772
16.823,268469.415319921,1,216,1,217,268469382478875,268469.38198338007,411062d58726a6b4,0.88703393777226092,-0.71002592431668776,0.42027925150818668,-0.34736440265263152,0.82789726956588239,0.13261220193408296,0.41992635059711558,0.86554582213924269,-0.68445300935799835,0.4251421579461388,0.39070374696665233,-0.20316177744509925,-0.33978803973689037,0.83103547598362348,-0.12957150669782941,0.44813063698590289,-0.030766117144400622,-0.0036195487871413267,0.00019119482737003739,0.0024681546326800192,-0.015920486309386778,-0.022541792893951775,-0.097736152917619196
109.212,268469.515329338,2,204,1,205,268468982441208,268468.98194571305,411062d3ed832d50,0.95725383420681298,-0.85985779759724068,0.42714474021507293,-0.40686955554988252,0.79896685722240024,0.17133324582367387,0.40835535739696921,0.93212493699907706,-0.83796067127252583,0.43247534391532305,0.4099017314079309,-0.16759993792542746,-0.27725465352088091,0.85265508178699645,-0.15478295496323052,0.24890753798371887,-0.0093497354695264642,-0.0036330409904707312,0.00024784401495519766,0.0024795352542688596,-0.015708601115027206,-0.020039315317868782,-0.09771012334187773
10.454,268469.515329338,1,219,1,220,268469482488333,268469.48199283809,411062d5ed8f87d2,0.87449400406819533,-0.66618582848301855,0.41540620317341342,-0.33081093644988868,0.8354311034203189,0.13347344050778293,0.41809555086672673,0.8538934956455424,-0.64001364271940608,0.42088312722344084,0.39001816371622333,-0.20125821895571064,-0.35682033249463174,0.82465763295601702,-0.095885833981907712,0.43582785619862596,-0.061760138620808876,-0.0036330306627272583,0.00024805548837165573,0.0024796680202105337,-0.016375185611304757,-0.019082980283488045,-0.097626306783855213
108.792,268469.615338671,2,207,1,208,268469082450583,268469.08195508807,411062d453ec08dc,0.93928628922557988,-0.83129849594872718,0.42630070345016341,-0.39903490917114492,0.80279613783666348,0.16100638347810317,0.41275476984414761,0.91467685538752919,-0.80872507963018314,0.43121777512412723,0.40571039150115001,-0.17801298641594482,-0.28550229517345788,0.8498228605691589,-0.17699215339407876,0.34752498326456316,-0.016325593752369826,-0.0037468697382741275,0.00026302619749104167,0.0024501391342938383,-0.023291900642800741,-0.014888365242210676,-0.095072075106930498
10.323,268469.615338671,1,222,1,223,268469582497750,268469.58200225508,411062d653f8662f,0.86370081853510083,-0.62808816889706287,0.40491706433968333,-0.31679818453298036,0.8527638603563934,0.12701285138881677,0.39534857725965278,0.84430856094835416,-0.60112367527147303,0.41093515217315602,0.36936529860020406,-0.18974200634956137,-0.37898495377460167,0.82700523095618206,-0.11042870829809397,0.37904912067249691,-0.077665879117106235,-0.0037465064582901781,0.00026309379881123986,0.0024501240258513694,-0.024095528426620119,-0.012110077445926943,-0.095358749394570202
109.170,268469.715348046,2,210,1,211,268469182460041,268469.18196454609,411062d4ba54e9fa,0.9206845039860635,-0.79615714303817087,0.42361180632783524,-0.385229365534284,0.81085498193485117,0.14801240154109119,0.41497580219092811,0.89698591971415154,-0.77256737859576896,0.42822277900457878,0.39809276599519289,-0.18877162590561775,-0.30096275159605818,0.84575933046403673,-0.17595593916230778,0.39781662501735515,-0.024825532856977181,-0.0038650460369481902,0.00020617304787351779,0.0023962708660969947,-0.03220954616703306,-0.0093160723380797984,-0.093447188765143893
10.329,268469.715348046,1,225,1,226,268469682507208,268469.6820117131,411062d6ba61474d,0.84347095121748961,-0.59848229214773874,0.39917078402015144,-0.30164100799473159,0.86441166165076155,0.10307783219853084,0.38881897487111339,0.82552059570894409,-0.57037288666850761,0.40436761119522641,0.34782355866867931,-0.20204949427199861,-0.39793893486530602,0.82452372798952933,-0.26901978728365855,0.33325024309859042,-0.031127332991550696,-0.0038642743106931396,0.00020627609126187065,0.0023959524062258227,-0.033186589921694154,-0.006991609123490841,-0.093862284746290089
102.546,268469.815357546,2,213,1,214,268469282469458,268469.28197396308,411062d520bdc857,0.90266288193599598,-0.75457685411024233,0.42202922746057214,-0.36434626420470761,0.82058149065850727,0.13702881272033227,0.41847458064459742,0.88021110900813626,-0.7297949940972922,0.42662686366420621,0.39280020596954357,-0.19901220574053677,-0.32260701385830232,0.83787042838734882,-0.16349491807247402,0.42533656611227244,-0.017786594642438886,-0.0037503786723347299,0.00027826926054107812,0.0022623843371662889,-0.029309912824681743,-0.0035006709755501823,-0.10032451124035781
12.192,268469.815357546,1,228,1,229,268469782516500,268469.78202100506,411062d720ca1d46,0.81045872509100803,-0.56519529869963891,0.39684142991328092,-0.2838895623560907,0.8697204067802371,0.090534572819774423,0.3934420856391796,0.79374110180831381,-0.5362814186125352,0.4017270784938799,0.34222316802706038,-0.2141879506882165,-0.41424495169905473,0.81572541031731538,-0.32170348541627086,0.27529361110275313,-0.032789134779886882,-0.0037499271480868966,0.00027831407110117399,0.0022618177058820574,-0.027512224928840586,-0.0040928085839052747,-0.10078964024688877
102.582,268469.915366880,2,216,1,217,268469382478875,268469.38198338007,411062d58726a6b4,0.8869541107508484,-0.71103404660957903,0.41939487283830407,-0.34797783677213701,0.82741767068340921,0.13246642118742191,0.42040947161844699,0.86543081561309165,-0.68548332959845248,0.42421872799750465,0.39094228255609254,-0.20360647813811511,-0.33901514870969429,0.83113011178477292,-0.1332688469956867,0.4376052569124142,-0.040033920932881245,-0.0037031293662837706,0.00020426768523569989,0.002130867210153378,-0.027034366152862158,-0.0032355645913748651,-0.10339796493298092
10.254,268469.915366880,1,231,1,232,268469882525916,268469.88203042105,411062d78732fb92,0.77457726950775885,-0.53885817702475325,0.39310209836011978,-0.26588972962094382,0.87531627302987769,0.086872330090251443,0.39443291613195375,0.75897560368381756,-0.50937431979305803,0.39826457240128227,0.34033419436936907,-0.21747817022951996,-0.43092963001411799,0.8069544817351646,-0.35721737123875685,0.23225254556469488,-0.049948938729100181,-0.0037034178990420891,0.00020389143987500346,0.0021303716640013715,-0.025366893947928709,-0.0047485746249400999,-0.10361637940928761
96.054,268470.015376296,2,219,1,220,268469482488333,268469.48199283809,411062d5ed8f87d2,0.87475499733743589,-0.6689511145930741,0.4135761091618087,-0.33194718450320682,0.83488207286893801,0.13332735774757573,0.41833821244417735,0.85409333081859073,-0.64281689825839305,0.41900374448510752,0.39008645525099822,-0.20153310270570277,-0.3556286605967664,0.82507285842262068,-0.10213596315577081,0.41999602410510556,-0.072681051279801179,-0.0036904942145250283,0.00012849191006546911,0.0020570905817141631,-0.024044958572306156,-0.0058257515017307564,-0.10500122534542108
10.423,268470.015376296,1,234,1,235,268469982535416,268469.98203992104,411062d7ed9bdf81,0.73414589862424995,-0.51791821474550381,0.38747254985184276,-0.25441132375387954,0.87526387812065154,0.094441516395223912,0.40033595291510693,0.71896683168064146,-0.48834174678859249,0.39331972197876464,0.34986049441918166,-0.21630002463551687,-0.43900903962935445,0.79880097453067278,-0.4199931282514201,0.17471994843543584,-0.069844620185341558,-0.0036911490479020867,0.00012801475898794131,0.0020568653960707766,-0.024209657691371966,-0.0068610285308298366,-0.10489240972671265
96.528,268470.115385796,2,222,1,223,268469582497750,268469.58200225508,411062d653f8662f,0.86374548173157617,-0.62947978500005175,0.40397930488754519,-0.31825844453623592,0.85239151778935462,0.12694709647112767,0.39499968454692003,0.8442781104322995,-0.60256062025962454,0.40995768061515242,0.36907209845673078,-0.18954179770000257,-0.37768910810440426,0.82777450473223457,-0.12010389069314015,0.37734800852596695,-0.080463729060040096,-0.0037247580260027333,-3.3584898101976166e-05,0.0020740296800440716,-0.019221796448706797,-0.01207026431808814,-0.10212648657130281
10.506,268470.115385796,1,237,1,238,268470082544791,268470.08204929606,411062d85404bb0d,0.6926888241447563,-0.50297801990006896,0.37749499165797779,-0.23301061773258719,0.88177156385649669,0.099672986923841883,0.39780687536555492,0.67868808712136763,-0.47302492568211979,0.38428855195720057,0.35177137476926879,-0.21081248860972132,-0.45874325216778394,0.78827001917467343,-0.39539577112599733,0.1194578865228898,-0.1080874400660523,-0.0037250394774569818,-3.3451401147627853e-05,0.0020741049034738606,-0.020755630865298982,-0.013151842354901657,-0.1014291448237163
96.410,268470.215395088,2,225,1,226,268469682507208,268469.6820117131,411062d6ba61474d,0.84276959128431683,-0.59480695938748329,0.40068151878447489,-0.30334314754737951,0.86405417428013109,0.10413148104367165,0.38800774040379787,0.82471022166811703,-0.56677261197559259,0.40590602701219303,0.34799497151453607,-0.20073082267072401,-0.39648255873989025,0.82547454064047376,-0.2813892881122726,0.3519209349272272,-0.023895164161881904,-0.0037285098406384669,-0.00034236093954355016,0.002226271462518335,-0.0078903231017663136,-0.019901837150350512,-0.093203305096382513
10.540,268470.215395088,1,240,1,241,268470182554208,268470.18205871305,411062d8ba6d996a,0.65938700657835003,-0.49338900579860168,0.36781653843751611,-0.2092448363483046,0.88758269249661614,0.10921485786043428,0.39558277323088031,0.64661844202346808,-0.4631949154669448,0.37585653969486404,0.35694581857458774,-0.20249268948512872,-0.47965728525613915,0.77557416280321489,-0.31859389271127103,0.11634900398468601,-0.087695635016663956,-0.003728847511202634,-0.00034209022339473915,0.0022266629495804194,-0.0086643126294632215,-0.0218678339927817,-0.091361993366654487
96.995,268470.315404546,2,228,1,229,268469782516500,268469.78202100506,411062d720ca1d46,0.81067965495511296,-0.5612833098107689,0.39922993887747432,-0.28555951591357787,0.86956082355228215,0.092525094428611065,0.3921210235727442,0.79383822350075739,-0.53245702496047664,0.40420713088348081,0.34269654739662753,-0.21184630747726729,-0.41295127386605834,0.81679340339101536,-0.32763379832305722,0.28642932306377855,-0.030496332208772795,-0.0035467300331443875,-0.00045674399415843804,0.0022866347345772008,0.0084535188953419882,-0.017243639532921476,-0.086853357502583661
10.714,268470.315404546,1,243,1,244,268470282563541,268470.28206804604,411062d920d67224,0.62824180649887162,-0.47451447439071825,0.35662664533601796,-0.18042383326374284,0.89808638597981583,0.10945734995323123,0.38588498994107878,0.61736582290327136,-0.44383386440654582,0.36555828033717719,0.35025991822897895,-0.19546385354224249,-0.50746404412747337,0.76262186931561027,-0.26954882048675155,0.14797555644866972,-0.065179061381736583,-0.0035470980107520722,-0.00045711347711232853,0.0022867232710365457,0.010479237842211112,-0.019760658815303339,-0.084734350566086886
95.763,268470.415413963,2,231,1,232,268469882525916,268469.88203042105,411062d78732fb92,0.77806537201460857,-0.53750135610885419,0.39511689306717002,-0.26746301654469845,0.87559779743247312,0.089381859724736779,0.3921772153973756,0.76234458019608087,-0.50810539106073871,0.40041735488243502,0.34051367850097919,-0.21410864361128956,-0.43001621600002626,0.80826603136695296,-0.34834380358183453,0.23802022443986726,-0.052595420454425397,-0.0033323516440827922,-0.00071881250051742198,0.0023326903437593288,0.029565439857137971,-0.020396551403631495,-0.084387310906882021
10.957,268470.415413963,1,246,1,247,268470382573000,268470.38207750506,411062d9873f5353,0.60723480907132332,-0.45513105169723422,0.35289014024141085,-0.16649613813709813,0.90232797538012566,0.11401433944624184,0.38089899506949743,0.59718975113275841,-0.42437116065074482,0.36249674556200012,0.34995656562469718,-0.18871594476481882,-0.52031166808396379,0.75577275845545799,-0.28124058014702968,0.21088989713108461,0.0043782610787901147,-0.0033327991022406326,-0.00071953261195361663,0.0023324283825258436,0.032229106144585087,-0.02357995862850655,-0.082727133524353583
96.280,268470.515423421,2,234,1,235,268469982535416,268469.98203992104,411062d7ed9bdf81,0.74436770364138027,-0.52202825706024469,0.38863911596153849,-0.25614981996295066,0.87597596247183618,0.097593852299557304,0.39689907547171294,0.72906249371588838,-0.49255434366215678,0.39467235142066298,0.34965929317273586,-0.21164074731861979,-0.43828325686366293,0.80053379661656965,-0.39423454937298852,0.18165163530989914,-0.072914825240212436,-0.0030912017323264998,-0.0010461513009155257,0.0023971463679905163,0.054335157409333971,-0.028631420891892044,-0.089749897991797362
10.747,268470.515423421,1,249,1,250,268470482582375,268470.48208688007,411062d9eda82edf,0.58771976273245508,-0.43427791389653381,0.35723348726724302,-0.15239606949039969,0.90196580437554275,0.10965062174458717,0.3888571975733035,0.5784915392255553,-0.40327834122483791,0.36688891771055043,0.35249825013554575,-0.19742885786752179,-0.53002582840749302,0.74554641099897656,-0.2930294804603556,0.27435832302019442,0.0053986033666094998,-0.0030919717687535831,-0.0010470639335978795,0.0023967656259365534,0.056885662437984819,-0.032366210629321768,-0.089175066038763032
101.525,268470.615432713,2,237,1,238,268470082544791,268470.08204929606,411062d85404bb0d,0.70277448044565005,-0.50337448110229033,0.37739245531819243,-0.2342184551236961,0.88263719559386278,0.10143368988443893,0.39472085833228787,0.68870770241638868,-0.47347756439133737,0.38429615570424835,0.35083423622621557,-0.20738534012673113,-0.45850127623590003,0.7897361832169898,-0.36765109894857695,0.13842493826603952,-0.11381611343008498,-0.0031246581355044542,-0.0008654749139066257,0.0023224673620716682,0.047673516004483656,-0.026511105645199717,-0.090396800423730078
15.960,268470.615432713,1,252,1,253,268470582591750,268470.58209625509,411062da54110a6b,0.55289565645832994,-0.39980248512082051,0.35626700792164662,-0.13320564759784675,0.90479623097127071,0.094634000471441215,0.3932486427636751,0.54511457106760552,-0.3682853094575233,0.36551272586660466,0.34498511627601114,-0.21115243290846156,-0.5455969192867498,0.73397814769219971,-0.28911911511987953,0.36629077038621199,-0.022430285199147575,-0.0031249695041204416,-0.00086574060461314833,0.0023224123748231146,0.04812464821771073,-0.025663517230958055,-0.090620765469843129
103.857,268470.715442213,2,240,1,241,268470182554208,268470.18205871305,411062d8ba6d996a,0.66624527120936194,-0.48878052184987814,0.36629477475358241,-0.21025349207980465,0.88828149139308565,0.10946779957666472,0.39340350174476879,0.65344573029286979,-0.45860285256777744,0.37434716452270056,0.35558369776774423,-0.20077285508221962,-0.4794381833927216,0.77678151551709751,-0.29893409234000567,0.14839573202999168,-0.090413930536531684,-0.0031982420698857847,-0.00072106497491720826,0.0022366442730532184,0.034781638770155054,-0.023836517515254445,-0.085783260680664233
12.930,268470.715442213,1,255,1,256,268470682601166,268470.68210567109,411062daba79e8b7,0.5162038278680493,-0.36034629379469629,0.35249384220039187,-0.11497510102274588,0.90215454726349165,0.071666228019902245,0.4095874802413928,0.50982239715471711,-0.32825419620765312,0.36078453375666358,0.34029775152869057,-0.2389464025954004,-0.55661990963793995,0.71921925251336671,-0.31843106156404211,0.39630926896337687,-0.064527811515629502,-0.003197660724538086,-0.00072084496131176934,0.0022366748305652491,0.03260459145828299,-0.020212439132518793,-0.085948299647392895
109.766,268470.815451546,2,243,1,244,268470282563541,268470.28206804604,411062d920d67224,0.63728105335526608,-0.47496758714255016,0.35749396237458586,-0.18144472208317047,0.89852491267088763,0.10990007007653249,0.38425619311546344,0.62636087332945267,-0.44430679947485335,0.36643972784025935,0.34942123537207953,-0.19399906989929314,-0.50705225192836301,0.76365383189219649,-0.2494456452609175,0.17211307413374505,-0.055919859973204561,-0.0031836268314483084,-0.00084792487512710436,0.0022885164787605169,0.038419943317116227,-0.025192156929194097,-0.083961124214253668
16.817,268470.815451546,1,258,1,259,268470782610625,268470.78211513004,411062db20e2c9e5,0.48398830441603413,-0.32213986236890219,0.34358224341528559,-0.084639413986128398,0.90163951984503266,0.063788158948759943,0.41930116842683829,0.47948928948872832,-0.28981729654905469,0.35220613786455296,0.34159573021755568,-0.25138565311355959,-0.57770629971236609,0.69740450369814078,-0.32360939811822426,0.42960023587913732,-0.080707075787821173,-0.0031827687960037172,-0.00084735439354800195,0.0022887478811719373,0.036191178631034965,-0.024490135143106259,-0.083627048870229495
116.665,268470.915460963,2,246,1,247,268470382573000,268470.38207750506,411062d9873f5353,0.61253262491834415,-0.45552942272966035,0.35492616826248308,-0.16715418826289896,0.90234916638563722,0.11449086128699909,0.38041734340531602,0.60244532047647781,-0.42478803425544154,0.36454772093036719,0.34995293829186419,-0.18803841379994995,-0.51986134069332823,0.75625305445269098,-0.2731050932915397,0.22353450828058191,0.011925901887222513,-0.0031738215688320208,-0.00095518895086778614,0.0023254152691984499,0.041288048735522241,-0.02324831817165449,-0.079550100644564373
17.265,268470.915460963,1,261,1,262,268470882619916,268470.88212442107,411062db874b9fce,0.45227521058390491,-0.2782043267041881,0.33313292975517123,-0.053466324463939563,0.89900149328127399,0.056137343511856563,0.43102937150763665,0.44965619000593554,-0.2457844993964059,0.34215825415445755,0.34447887859337034,-0.26508868815557995,-0.59788363569501413,0.67349643487038557,-0.32863904860639381,0.44928085463997647,-0.11541654403169005,-0.0031736229684623881,-0.00095477731081175759,0.0023256947581191513,0.040928614035196993,-0.024082886022330018,-0.078584736749567896
121.014,268471.015470338,2,249,1,250,268470482582375,268470.48208688007,411062d9eda82edf,0.58315714302107169,-0.43042326832369227,0.35669622719918298,-0.15251520412589031,0.90182377845136652,0.1095038144446232,0.38918113130610044,0.57391926934526172,-0.39942217352593262,0.36633753225901267,0.35262349743399696,-0.19776172203511352,-0.52984116000968751,0.74553022441394767,-0.30379927815376057,0.2705956716180366,-0.0057419112528559208,-0.003055684077100696,-0.00097697174664233702,0.0023221125654657952,0.044626208491699002,-0.017749029866487204,-0.078782452706538275
15.216,268471.015470338,1,264,1,265,268470982629416,268470.98213392106,411062dbedb483bd,0.42223451863275102,-0.2307439615252285,0.31814361214806408,-0.02305134368995776,0.89816727448869049,0.057419684672643467,0.43527831971764802,0.42131546006051673,-0.19850468775114855,0.32810079597821024,0.34839009071210419,-0.26718639606139027,-0.61880039252820984,0.65139991453812085,-0.29032224734881079,0.47353025401746618,-0.13960762910153923,-0.0030558318238034367,-0.00097718082044252123,0.0023223398330009005,0.046899393236548452,-0.01834928706082474,-0.077780088468520386
120.924,268471.115479713,2,252,1,253,268470582591750,268470.58209625509,411062da54110a6b,0.55264401451666023,-0.4009159220349775,0.35532065502246218,-0.1336442897492231,0.90495743862945366,0.094963178152910749,0.39264906226072027,0.54483878840684252,-0.36940805876232058,0.36457775766490796,0.34479391261237408,-0.21049570171564572,-0.54540074348049727,0.73440230554894737,-0.28787453599847224,0.3541074199259292,-0.035207717879557038,-0.0030027673559266713,-0.0010100430190484618,0.0023383158861031523,0.049359074502113742,-0.017291994379152961,-0.07933934463459362
10.584,268471.115479713,1,267,1,268,268471082638708,268471.08214321308,411062dc541d59b7,0.39101830896109169,-0.1840210807051112,0.30359383860176653,0.0064621566464028724,0.89760400300791865,0.069744196861278529,0.43520236043970772,0.39149013201498584,-0.15228622261263938,0.31508457908369769,0.35705112530454114,-0.2584179388307602,-0.6392712951242453,0.63013242579587392,-0.33510229061856001,0.44102481044985031,-0.11383159503403552,-0.0030027825390170509,-0.0010108771033914912,0.0023384632026654177,0.051196346816322069,-0.017432199667466113,-0.079000564674530982
115.432,268471.215489088,2,255,1,256,268470682601166,268470.68210567109,411062daba79e8b7,0.52177829104073359,-0.36572507870599513,0.35215840784091051,-0.11534299088642358,0.90249619605795051,0.07265930405333651,0.40855512394445448,0.51536652024766505,-0.3336528896740194,0.36050255776531676,0.34026997618873905,-0.23751420569786483,-0.55660135440044345,0.71972097209670027,-0.302714022249433,0.39041199515659408,-0.069770852130664654,-0.0030966392479949449,-0.0011039336463967424,0.0024230529908746638,0.052724851961060845,-0.024665738443725906,-0.077051744440769274
10.593,268471.215489088,1,270,1,271,268471182648208,268471.18215271307,411062dcba863da6,0.35695507499008933,-0.1454924727470121,0.29632226329488009,0.026843529720083581,0.89734036008124529,0.066951361194569847,0.43540472152711279,0.35868942896953299,-0.11394992013022247,0.30821429182905563,0.35521938321176,-0.26053586271023199,-0.65349667815479129,0.6155341953727228,-0.35746103676367441,0.41819969554869663,-0.069490960223174261,-0.0030966793844900368,-0.0011044050794248397,0.0024231802787910649,0.051845695224034913,-0.02564930313943219,-0.077265085718309798
113.404,268471.315498421,2,258,1,259,268470782610625,268470.78211513004,411062db20e2c9e5,0.49143571058029772,-0.32917396197456206,0.34277803662824774,-0.085260438401553673,0.90164892801156471,0.065239138438713262,0.41893170838148047,0.48686700778484016,-0.29687979103327555,0.35147139213393969,0.34236047993046714,-0.25009840800764976,-0.57727382172679642,0.69785028684006312,-0.30891556335251191,0.43109624733879948,-0.083215322079945434,-0.0032387706569068204,-0.0012859598862983437,0.0023702832805022798,0.048631044289970768,-0.03466502442261378,-0.071899718687501113
10.795,268471.315498421,1,273,1,274,268471282657583,268471.28216208809,411062dd20ef1932,0.32073076837903458,-0.11443335250781594,0.2900971359632854,0.029083221284449845,0.89970567565696835,0.060362633013077927,0.43132385649134491,0.32286979296221702,-0.082791469571692991,0.30165467765933102,0.34767484169606544,-0.2623091896996797,-0.65675290984432488,0.61562302496066967,-0.40645217093030644,0.36100690793380019,-0.0841518585575637,-0.0032390852200320625,-0.0012858597469171951,0.0023698911864491363,0.046067745190819763,-0.0356766828791302,-0.072049715546242302
107.288,268471.415507796,2,261,1,262,268470882619916,268470.88212442107,411062db874b9fce,0.45889415787880306,-0.28462639900591918,0.33207789086403422,-0.054526845407223967,0.89891411833991519,0.057427370706585212,0.43090878534246446,0.45617800584380713,-0.25222737301880971,0.34114908621944312,0.34530579825356628,-0.26409123390970024,-0.59707195075248265,0.6741845529891235,-0.32029959661085311,0.4510838115232676,-0.11709295397439148,-0.0032513735453141754,-0.0013694680102641292,0.0021898065446571422,0.039442226594895768,-0.034587145574034986,-0.07124989390092297
10.778,268471.415507796,1,276,1,277,268471382666916,268471.38217142108,411062dd8757f1ec,0.27267383123980504,-0.082014233420727584,0.28256623185368374,0.029165663054923963,0.90283797029962265,0.04386571169114456,0.4267420954559486,0.27537860214757226,-0.050076274853007828,0.29314980255688744,0.33276996285928317,-0.2707344801130494,-0.65902607170129501,0.61777959655083126,-0.51413903661214311,0.34148678904092028,-0.073635409449564343,-0.0032513902085456402,-0.0013688958395010348,0.0021888257026423529,0.038331571607257975,-0.034203471542573138,-0.07120752837542689
101.170,268471.515517130,2,264,1,265,268470982629416,268470.98213392106,411062dbedb483bd,0.42629985151981314,-0.23782067769081999,0.31812964964686874,-0.02482312815258364,0.89792772011511279,0.059080635354278821,0.43545281431655825,0.42522542584352668,-0.20560074742762369,0.32813378155661005,0.34968794648194379,-0.26613531291332471,-0.61737816123570655,0.65248336479559832,-0.28785970567133989,0.46466559803195118,-0.13467125814236658,-0.0032028813997070564,-0.0014203068483881183,0.0019672598022656912,0.033645779124294506,-0.031620863257999211,-0.075092582095903623
10.792,268471.515517130,1,279,1,280,268471482676166,268471.48218067107,411062ddedc0c514,0.21481738455094579,-0.047850730573961567,0.27551187894859086,0.017499364715429511,0.90196093482303108,0.032661785775763424,0.43022494726612348,0.21708937849897883,-0.015578634193515566,0.28514052322896105,0.32731033914670798,-0.28111959996026059,-0.65015659553723748,0.62540875728221079,-0.58955960539107821,0.29794407198000034,-0.099780264311207775,-0.0032025110205611677,-0.001420321484523525,0.0019661170646725805,0.03482779237443271,-0.030896060879733296,-0.075142463291538231
96.790,268471.615526588,2,267,1,268,268471082638708,268471.08214321308,411062dc541d59b7,0.39488788849943496,-0.19483828341302437,0.30424461993945695,0.0039838497982994103,0.89720865283372686,0.071022666690721187,0.43584010399421991,0.39516491335731047,-0.16310350321897166,0.31574192115451943,0.35840609274648549,-0.25796487694892678,-0.6372393128110394,0.631605298545727,-0.33334611390958252,0.4170713550579222,-0.10589935777895604,-0.0031692476380284383,-0.0014600193549038256,0.001731077483475333,0.027290294526779862,-0.028603315348592503,-0.07867210711091159
10.524,268471.615526588,1,282,1,283,268471582685666,268471.58219017106,411062de5429a903,0.1528699346321547,-0.021551956382421543,0.26386882406022788,0.0076966380929642253,0.89957470759394997,0.033664977800143409,0.43539962069519733,0.15444106365216118,0.010818370403210278,0.27330569056137649,0.33167874958587634,-0.28406928267063325,-0.64153770384255537,0.63065301415640862,-0.59955000389368707,0.25594805781093061,-0.14746567050619294,-0.0031688431000740885,-0.0014602574119012704,0.0017301775079265071,0.0281120289021113,-0.028256074962008812,-0.078843152017970125
97.476,268471.715536005,2,270,1,271,268471182648208,268471.18215271307,411062dcba863da6,0.3593668863988207,-0.15693738264729076,0.29624751308520708,0.02348291232987515,0.89700794391755245,0.067756456147489152,0.43615870648208532,0.36086718496891623,-0.12536659463105035,0.30809636957858988,0.35632181915771027,-0.26049972248505893,-0.65088530915515708,0.61767545693781856,-0.36217235716123136,0.3982787794837811,-0.067598657996434594,-0.003178681849537437,-0.0015519205109004745,0.0016142067604307893,0.023992774166799583,-0.032765120095366265,-0.076220066680174406
10.706,268471.715536005,1,285,1,286,268471682695041,268471.68219954608,411062deba92848f,0.10192534726979312,-0.0058317739306171928,0.25040426782040937,0.01145997021714662,0.90551219795859705,0.043024384835784302,0.42197782400594824,0.10370631345301302,0.026348577544166064,0.26043492534523005,0.32880620639041552,-0.2679605394617644,-0.64839722102498776,0.6321903761507105,-0.4678851659659406,0.15646130303903658,-0.075488606164248503,-0.0031787601187314727,-0.0015519141590956413,0.0016136281020314154,0.023149005656089024,-0.033500901949842295,-0.076146229301004786
98.639,268471.815545421,2,273,1,274,268471282657583,268471.28216208809,411062dd20ef1932,0.32138212587536358,-0.12337244513701905,0.2896975322828475,0.025806248574728685,0.8997626811742172,0.060882653467861703,0.43134036539590825,0.32331553757238185,-0.091695747778132206,0.3011957806542267,0.34805422523427149,-0.26195315327758589,-0.65447604926790826,0.61798050351056477,-0.41471041830941574,0.35420760525660039,-0.085611452413093925,-0.0031830655550342236,-0.0017297959553237525,0.0016449953222807553,0.027191566904798112,-0.0483938948206072,-0.0732506145592976
10.859,268471.815545421,1,288,1,289,268471782704416,268471.7822089211,411062df20fb601b,0.064820235690025513,-0.0016731930550006324,0.24962953759652029,0.032619353864304979,0.8995919680021871,0.015472551120527173,0.43523662786320072,0.068375584106726811,0.030643655269133284,0.25870377387277971,0.31869950832301985,-0.29681801726604345,-0.6591729296525588,0.61304219824917683,-0.38520773337140574,0.071558916072924333,-0.042215166786889316,-0.0031837981425972771,-0.0017290893765449435,0.0016446307436435059,0.025160069678750507,-0.051960015914883743,-0.073188056116715999
99.210,268471.915554671,2,276,1,277,268471382666916,268471.38217142108,411062dd8757f1ec,0.27935732790464651,-0.095713170854214297,0.28513607438270994,0.026454363774745249,0.90312896380954988,0.045140887292791448,0.42616967849961129,0.28187904671012887,-0.063759360297352047,0.29571699481189928,0.33326688824969775,-0.26942803492118861,-0.6573146571241395,0.61990253808533913,-0.50956559556740721,0.33476850706104316,-0.066907059291988966,-0.0031554729758207327,-0.0018783934252030426,0.0017504099526031681,0.032941729023335919,-0.062404091996733663,-0.071087019288119863
10.806,268471.915554671,1,291,1,292,268471882713833,268471.88221833808,411062df87643e78,0.043396298983036541,-0.0035541875910156742,0.2507384472422729,0.024230054807029,0.89541052745628047,0.031079131030957635,0.44349411787683801,0.04585667651799552,0.028655197612536466,0.26052941242254318,0.33557395354407255,-0.29162142610273323,-0.65028407467111715,0.61601760345767531,-0.29774264449241694,0.092537976733151658,-0.021974139635952888,-0.0031566682300399646,-0.0018775643519777911,0.0017502499229545662,0.03153898816084906,-0.06573912592680059,-0.07067539546252978
110.705,268472.015564088,2,279,1,280,268471482676166,268471.48218067107,411062ddedc0c514,0.22425812272486229,-0.062104929506184341,0.27924104317146153,0.01563045077866676,0.90241056837815969,0.034099227338177523,0.42924136682673297,0.22639799286762421,-0.029832037040785651,0.2888972494480242,0.32763126741597626,-0.27940767893093055,-0.64915301278168047,0.62704821789261034,-0.57283015591213182,0.28334601664254666,-0.091259911173817612,-0.0030656081412298855,-0.0018304696735199927,0.0017175413415843957,0.03758600913191365,-0.061631717348138382,-0.067982191854647697
20.267,268472.015564088,1,294,1,295,268471982723166,268471.98222767108,411062dfedcd1732,0.019838873358306166,0.0085668834285533291,0.24632092883316684,0.0097249739237569854,0.89206065953492919,0.01925562691143809,0.45140057447572757,0.021657114487680408,0.041124752702732387,0.25504102628030118,0.33280418275369833,-0.30557261474807584,-0.63765871962954268,0.62390552997876148,-0.21464315254097843,0.078569201267075631,-0.070983913136544813,-0.003066276203813471,-0.0018304973488839985,0.001717108632219608,0.039890149965270114,-0.062378104055083261,-0.067211477737010264
117.895,268472.115573421,2,282,1,283,268471582685666,268471.58219017106,411062de5429a903,0.16653866998701972,-0.03707644868402888,0.26907860463736399,0.0065359209321319001,0.90021697935596401,0.03505548321674809,0.433979075677288,0.16802812445063228,-0.0047148117200533791,0.27855842163872424,0.33165750838065489,-0.28208156989901662,-0.64117110759512985,0.63192791981623719,-0.56557691649965414,0.23427843987272831,-0.13365068121485671,-0.0030070992242710605,-0.0018018707422995486,0.0016186205224127588,0.041778167228361009,-0.057833527949459243,-0.065849244492940065
17.865,268472.115573421,1,297,1,298,268472082732583,268472.08223708806,411062e05435f58f,0.0054071703407605727,0.017555999755312357,0.23290773076051124,0.005106802850337766,0.88684498465279193,0.0061589666200382864,0.46199785075635424,0.0071639771296615308,0.05033493259556783,0.24077005508141619,0.33103685141791345,-0.32232675752539497,-0.63070514065423333,0.6234830309950733,-0.097864226032561175,0.067413073560356876,-0.20073111120294831,-0.0030066827273572336,-0.0018027559177849124,0.0016180865351136137,0.045140604189822894,-0.056937648151885803,-0.065218551154664184
117.935,268472.215582921,2,285,1,286,268471682695041,268471.68219954608,411062deba92848f,0.11433209666826329,-0.016235750125246206,0.25581714150325169,0.010977192423784754,0.90592640555224402,0.043431984736663598,0.42105886154312994,0.11609070356116356,0.015943742001654587,0.26585449873598849,0.32844461846484402,-0.26702251824368423,-0.64834873457307207,0.63282464058361421,-0.43464730120120587,0.14307053085265667,-0.060977105629223344,-0.0030119988584110602,-0.0017048977993885312,0.0015733845338627723,0.043120643639540435,-0.042101336179640077,-0.066745004991247733
10.920,268472.215582921,1,300,1,301,268472182741916,268472.18224642106,411062e0ba9ece49,-0.0073973186104812167,0.0338778651906112,0.20426970813074813,-0.0075714018310406583,0.89460841975658001,0.014835106847123303,0.44654050431317216,-0.0063783205603184642,0.066669995535129103,0.21220688536251717,0.32624181464546476,-0.30526180590120816,-0.62722987385041362,0.63793745272115943,-0.024277859895187378,0.13124284817333173,-0.25473499592226345,-0.003010778713997173,-0.0017062221948355993,0.0015731184582813589,0.045366609040078894,-0.038748813593223561,-0.066309015727694529
117.436,268472.315592213,2,288,1,289,268471782704416,268471.7822089211,411062df20fb601b,0.076811302174425819,-0.0076196983155408134,0.25247381639918853,0.032875109990121665,0.89989360511205141,0.014528831408277293,0.43462592294059355,0.080419774227010327,0.024705770412062195,0.26149623031970204,0.31760036415211307,-0.2970534942757701,-0.65956706617880989,0.61307464100326126,-0.36348651314991143,0.075889098970455982,-0.043148770442667496,-0.0029866495419258224,-0.0016293609687676527,0.0016387540338158632,0.04611594108058191,-0.031912980906979804,-0.062324373605600211
10.755,268472.315592213,1,303,1,304,268472282751291,268472.28225579608,411062e12107a9d5,-0.0039949723403898962,0.04650122459458015,0.17885032237089241,-0.024534749079133666,0.89377852157757864,0.02366569072564581,0.44721134684752806,-0.0042484029785553011,0.07930254581168085,0.18681085321316784,0.33296033751420145,-0.29949199761753265,-0.614648149684351,0.64934552365831599,-0.029756441544433788,0.16019832464816586,-0.22011164498108421,-0.0029852536660796322,-0.0016298315339403479,0.0016388681523775248,0.046935119996673984,-0.02960835470964801,-0.061895121697999732
6.125,268472.415601671,1,306,0,307,268472382760750,268472.38226525509,411062e187708b04,-0.0087504303887585358,0.061031729437318313,0.1598797475189013,-0.029481538258327944,0.88682778649443383,0.041010146270171716,0.45933161998569727,-0.010021415004130608,0.093583580778772074,0.16871844223690027,0.35379504641722365,-0.29579794291012729,-0.60623532982295314,0.64792851995820278,-0.066472995386682984,0.14525516407505901,-0.14251709616248162,-0.0029852536660796322,-0.0016298315339403479,0.0016388681523775248,0.046935119996673984,-0.02960835470964801,-0.061895121697999732
141.652,268472.515611046,2,291,1,292,268471882713833,268471.88221833808,411062df87643e78,0.045092583866445005,0.0020384443799007709,0.24802158872660651,0.024260457728566998,0.89560923028890582,0.029516348118410363,0.44319789622509187,0.047606119979321182,0.034271308285376154,0.25772136050881717,0.33425943884537823,-0.29251702013520553,-0.65044607689918466,0.61613660946291193,-0.29585601116251253,0.11727537957708216,-0.036715524419825202,-0.0029323443150927144,-0.0016518824917596073,0.0016697590955142535,0.045714749300738197,-0.040716062062243243,-0.064841773636975936
121.990,268472.515611046,2,294,1,295,268471982723166,268471.98222767108,411062dfedcd1732,0.020698176160894925,0.01348074328577397,0.24316131625505022,0.0097876486725821388,0.89205826591871529,0.018132834342898169,0.45145044652844213,0.022552551745968128,0.046053462925894857,0.25181811580235219,0.33204551340146943,-0.30640181383176063,-0.63770134482605556,0.62385951969782583,-0.22096246965373967,0.10077023037761908,-0.090113722405216826,-0.0029314107678114266,-0.0016520398794267102,0.0016700206968686051,0.045525588836664264,-0.041461640083258249,-0.064929415296275439
22.104,268472.515611046,1,309,1,310,268472482770083,268472.48227458808,411062e1edd963be,-0.012759905145840451,0.072959604474336678,0.1513490652619037,-0.025758494162995138,0.86799420474201872,0.056106863761902798,0.49272165932096879,-0.014916335948674446,0.105187323015437,0.16115135661621507,0.38808036005513702,-0.30873327449196214,-0.5955505664625369,0.63197857728494045,-0.069215177116370027,0.10565942278834618,-0.089259487933446818,-0.0029322786568783594,-0.0016519613115542453,0.0016701416078735742,0.045072084606562708,-0.043694866987545641,-0.065121407253679653
113.085,268472.615620380,2,297,1,298,268472082732583,268472.08223708806,411062e05435f58f,0.0043737254434138848,0.020795762812346213,0.23130838792190372,0.0056455681946765424,0.88727662848648303,0.0064864725452814798,0.46115755549250004,0.0061663598798923471,0.053565038752642416,0.23920281431604257,0.33067425460890876,-0.32150099740747684,-0.63139132354628713,0.62340728465049866,-0.10533929670067574,0.071251257958120456,-0.21225813425829934,-0.0028741713518052161,-0.0018873414893760985,0.0019324373179177227,0.028320195741437182,-0.076179545443720117,-0.080073835592322173
11.319,268472.615620380,1,312,1,313,268472582779375,268472.5822838801,411062e2544239b8,-0.0067717530500611394,0.067045973382501761,0.15743445795997407,-0.016726326103714662,0.85588149423137994,0.049641893632079381,0.51451222867530932,-0.0086370269483025588,0.099320157109567875,0.16714315354706094,0.39891719490421296,-0.3287129575357145,-0.59337229406340408,0.61702689065859262,0.06606525172817633,0.027841678595760248,-0.1222613881680619,-0.0028772572484538641,-0.0018864152054443048,0.001933353718417059,0.024376069480783177,-0.081569424030966453,-0.081228983345189576
107.729,268472.715629796,2,300,1,301,268472182741916,268472.18224642106,411062e0ba9ece49,-0.0018086409516944503,0.029322330253410009,0.20727996154554251,-0.0076440096463956664,0.89537449646028633,0.016398701872448213,0.44494630686678738,-0.00081245848369608281,0.062094602566350909,0.21530160351608071,0.32622017546658832,-0.30302890949029138,-0.62772023039086222,0.63853049221608527,-0.0095349016261458176,0.11965347858086578,-0.24720662346844374,-0.0028683298701091689,-0.0020916183821802839,0.0019017099159914582,0.020037512313045944,-0.057985555042879597,-0.081365494899913515
12.145,268472.715629796,1,315,1,316,268472682788833,268472.68229333806,411062e2baab1ad5,-0.0059229692634773668,0.067221616600569994,0.13389233478267232,0.0013679597361959672,0.86237159184536616,0.021812928466945131,0.50580393002469393,-0.0056671761773641419,0.099819961505599561,0.14264695820783627,0.37308144858148662,-0.3422333101292116,-0.61075607785242769,0.60882149069219116,0.098369689396580209,0.0097707454712715087,-0.23540038290272264,-0.0028688091744676434,-0.0020899641888230164,0.0019020638469468593,0.016409406260510559,-0.055500962587142433,-0.081555877579099975
125.700,268472.815639130,2,303,1,304,268472282751291,268472.28225579608,411062e12107a9d5,-0.0027863787025425644,0.042436894875068562,0.18501225450601474,-0.025138732445132539,0.89431770180332482,0.025887734737849166,0.44597507864778113,-0.0031191985592102264,0.075210489697079275,0.19308329318466572,0.33365738625737318,-0.29704660166606511,-0.61460232694565531,0.65015386236453765,-0.012488100712592272,0.14126902740233149,-0.19724545600192084,-0.002890558131436407,-0.0021134880890763879,0.0019102622506754789,0.024273982893892113,-0.026625225005325992,-0.07926120874603286
11.982,268472.815639130,1,318,1,319,268472782798166,268472.78230267105,411062e32113f38f,-0.0038063292750505156,0.07178718939523536,0.098085682001754756,0.011745417559818838,0.85291645543428252,0.010912038581425587,0.5218012512846657,-0.0028997669642260872,0.10443683898261596,0.10660269313034032,0.37668516967033217,-0.36125321712592789,-0.61140825756031569,0.59479772919342855,0.080165980102150355,0.01438779261472108,-0.31055769178330705,-0.0028885198017003554,-0.002112935143559572,0.0019104140160242837,0.024655389911648222,-0.020299328810669884,-0.078822801535270617
132.206,268472.915648505,2,306,1,307,268472382760750,268472.38226525509,411062e187708b04,-0.0052232475792908205,0.056114559328497432,0.16752929563547647,-0.029603751938108047,0.88718595566951575,0.042707772764953106,0.45847660495590437,-0.0065364253869673143,0.088639003599362484,0.17646221458078318,0.35439086268217013,-0.29399295282618637,-0.60640217554930009,0.64826820192340373,-0.04434423444987376,0.11348869776742665,-0.12208135673965551,-0.0028255613575051976,-0.0019523864571845359,0.0018856868720157492,0.026304149211587323,-0.012886030838657643,-0.071369256224629446
10.664,268472.915648505,1,321,1,322,268472882807458,268472.88231196307,411062e3877cc989,0.0080051440883249399,0.080296928182917254,0.060330812972333531,0.020436451799673627,0.84759144431781408,-0.004222059758715202,0.53023892952230089,0.0097630140726566901,0.11304430693852373,0.068323311312754972,0.37195008573215932,-0.37792097974522093,-0.61378839527316642,0.58488688874024441,0.14380786206314988,0.050900607222411777,-0.33649028882740012,-0.0028232103111315789,-0.0019529328870624431,0.0018855890011990827,0.028831831290055787,-0.010442180251759114,-0.070730187643321216
144.868,268473.015657838,2,309,1,310,268472482770083,268472.48227458808,411062e1edd963be,-0.012526059232566493,0.068578967213868205,0.15547073005863568,-0.025327279064578434,0.86799706044416303,0.056881881026059206,0.4926501160244402,-0.014681115231652622,0.10078927112024631,0.16533039576626318,0.38857779125480008,-0.30813466579474341,-0.59585750086096223,0.63167568145911013,-0.056055940846734716,0.068065417186193272,-0.09005799444002581,-0.0027681165577689562,-0.001786623840773651,0.0018888328643563203,0.024809801508891401,-0.015923338220946638,-0.06222419727086282
18.453,268473.015657838,1,324,1,325,268472982816875,268472.98232138006,411062e3ede5a7e6,0.022833526071421518,0.093911094955964433,0.026354949669393307,0.02296919456727986,0.83946576085726865,-0.013000609203413394,0.54277130526776918,0.024814208069998709,0.12673242449546041,0.033983722706187734,0.37460444169420781,-0.39299007905961486,-0.60983358908763741,0.57735024347806352,0.17600824363536199,0.097435744628677406,-0.29328009708705161,-0.0027680585096735164,-0.0017872035068644486,0.0018887125791252745,0.025548464689539609,-0.017640733823448121,-0.061959096877807089
136.244,268473.115667130,2,312,1,313,268472582779375,268472.5822838801,411062e2544239b8,-0.017459834135362021,0.077434923933998548,0.1404819839363341,-0.016184798562250302,0.85598002686283003,0.048333045824210136,0.51449024849966107,-0.019250220966830305,0.10972966348353211,0.15013627129419213,0.39797615743751241,-0.32962291034073704,-0.59382488493999752,0.6167136459620246,0.047821539412880754,0.034676577835726412,-0.18624066870259834,-0.0027851888652790074,-0.0016504523943200716,0.0019239479826693446,0.023566506021647119,-0.028074173685933519,-0.058165950275398261
11.644,268473.115667130,1,327,1,328,268473082826291,268473.08233079605,411062e4544e8632,0.040981545687067154,0.10786172888670074,-0.0020456814597383495,0.031121615156769256,0.83012106655843743,-0.016735300503870565,0.55646243615849,0.043291371587627317,0.14063169661901076,0.0057102756764932398,0.38164470745764245,-0.40531199577090793,-0.6089905242851622,0.56497791521851304,0.22453092371284217,0.096707534620562849,-0.26765766118217288,-0.0027861487775523125,-0.0016501066796583261,0.0019239205344461731,0.022897876123537844,-0.030583361671152644,-0.058400620129032778
136.464,268473.215676630,2,315,1,316,268472682788833,268472.68229333806,411062e2baab1ad5,-0.011999661000201767,0.081571971351288824,0.11899179379502502,0.0028966838093821834,0.86245684616913221,0.019662299337861483,0.50574029394159503,-0.011584710768891008,0.11418759247659664,0.12767568847900806,0.37151572667626481,-0.34370903702505301,-0.61189733289123671,0.60780080347109511,0.090742027057733377,0.036166404262039202,-0.27456552826224145,-0.0027994197554795089,-0.0015342958378088884,0.001961079283483875,0.029382411206495131,-0.036862142474645927,-0.057850293590722066
10.996,268473.215676630,1,330,1,331,268473182835583,268473.18234008807,411062e4bab75c2c,0.068426455237676001,0.12144416958499613,-0.027350729412149562,0.053566243203463981,0.83321250565026239,-0.020721200574444543,0.54996205603324366,0.072208625736911239,0.15393519546263565,-0.019020700858784684,0.37422978781903893,-0.40353398992039691,-0.62704725004322281,0.55129314443504029,0.29605604661195062,0.11671184496287353,-0.26745515815224036,-0.0027998364928919638,-0.0015338555543880931,0.001961214825559388,0.029944485943938781,-0.038523683428771584,-0.057783838631620656
126.755,268473.315685963,2,318,1,319,268472782798166,268472.78230267105,411062e32113f38f,-0.0034888608404536553,0.086269590693160231,0.09026746076959738,0.013613315452174701,0.85302982106446623,0.0084338872133180587,0.52161645370528475,-0.0023894907313716874,0.11893275780176712,0.098709608112843517,0.37480218046170877,-0.36287486309845035,-0.61280922239514657,0.59355708756604486,0.09385587666855584,0.033075364670746815,-0.31947606693943637,-0.0026974217619934108,-0.0014208052768592159,0.0020438683923108773,0.032979085519139355,-0.028172407064274155,-0.057692943271077893
19.483,268473.315685963,1,333,1,334,268473282844916,268473.28234942106,411062e5212034e6,0.10056348053582309,0.13524641933979867,-0.055927766235961823,0.083948048028816113,0.83679246483947267,-0.023927890179668121,0.5405169796630459,0.10625688998199713,0.16722455860079513,-0.046743831880298466,0.36528363854185658,-0.39912278445258481,-0.65106184304003922,0.53234137814164462,0.33988646251818194,0.11899550264437153,-0.25998006608205437,-0.0026973362094312517,-0.0014208711230680139,0.0020442391310800593,0.034860098731195728,-0.027270702152097669,-0.057257371932209228
124.122,268473.415695296,2,321,1,322,268472882807458,268472.88231196307,411062e3877cc989,0.0085265152174723649,0.094080789923376498,0.057211318201586869,0.022991483588977513,0.84769976218126597,-0.0068480140768058528,0.52993363999267595,0.010523077429225289,0.12682857900985772,0.065145863005703949,0.36987738338527504,-0.37956193751034623,-0.61567166782319405,0.58315680077768195,0.15784131160198636,0.057126241397023859,-0.33076526623120073,-0.0026293382842169657,-0.0012136740078476686,0.0021429535724975558,0.029626151881962361,-0.027378721301942178,-0.058246710879523975
15.923,268473.415695296,1,336,1,337,268473382854291,268473.38235879608,411062e587891072,0.13383154440275771,0.15418199138551028,-0.082419609960526136,0.11628238856813605,0.83688834364371356,-0.037260021796150983,0.53358040665901618,0.14182329810955965,0.1855594090299732,-0.072882813505669553,0.35095150044014933,-0.40364512719660389,-0.67399347044311386,0.50954534384026395,0.35072898757720788,0.20343140179427041,-0.22853503942996903,-0.0026286642941173661,-0.0012136826152597535,0.0021433775621595174,0.030449017348815544,-0.026082122899275098,-0.058224668414637047
131.598,268473.515704671,2,324,1,325,268472982816875,268472.98232138006,411062e3ede5a7e6,0.0249574926752021,0.10341600910444143,0.029235149986786925,0.025853503351579377,0.83939883079224575,-0.015748974208831312,0.54267229729636135,0.027196303372858423,0.13623207372465099,0.036815030029959818,0.37259104500729595,-0.39486345733430417,-0.61182577663220405,0.57526340253032948,0.18626740194322292,0.10231704766130988,-0.27627169910197757,-0.0026337976633406183,-0.0010401818457266246,0.0021956011472485898,0.029884993140929905,-0.037803634816172778,-0.061990772553914587
19.476,268473.515704671,1,339,1,340,268473482863666,268473.4823681711,411062e5edf1ebfe,0.16712682355853595,0.1789235255418036,-0.094932527663460123,0.15223296054779373,0.83346013741997926,-0.057859279701052035,0.52803568252503408,0.17777642090301624,0.20947606256231249,-0.085315380998389895,0.33246491394509425,-0.41429028983039479,-0.69699025519749847,0.48170034347865526,0.36542794150350483,0.26718248828325958,-0.1322726126580209,-0.0026330279173376542,-0.0010400062654928996,0.0021958067062136455,0.030280604224642151,-0.038566596282995157,-0.062431766302376311
121.933,268473.615713963,2,327,1,328,268473082826291,268473.08233079605,411062e4544e8632,0.045970106960423023,0.11476397929547559,0.0046243368619109347,0.03405109806139528,0.82997853900857499,-0.019716691617499893,0.55640583461188209,0.048548550783976907,0.14752699020485879,0.012324836557840699,0.37949652230354891,-0.4073801342522671,-0.61096119926294745,0.56280567585206343,0.22513313033458768,0.1083206368643527,-0.25616053199220373,-0.0026151021024557633,-0.00087786914045012297,0.0022575676216285323,0.02845247042484414,-0.037458672137481809,-0.068048380150968354
10.614,268473.615713963,1,342,1,343,268473582873000,268473.58237750508,411062e6545ac4c9,0.20183797382567661,0.21147350250982705,-0.10287445368215924,0.1797572547941943,0.83953232707880376,-0.071966326451788548,0.50763540283161723,0.21473299079497096,0.24118473047333883,-0.093370642750304253,0.30806455006501754,-0.40984030225943646,-0.72074655615884198,0.4665314152576453,0.35726150237736515,0.34012616597714668,-0.092567781608668534,-0.0026147547850449674,-0.00087747150488991688,0.002257651457767794,0.029157896549184596,-0.038132280015003267,-0.068757288782684584
120.127,268473.715723296,2,330,1,331,268473182835583,268473.18234008807,411062e4bab75c2c,0.073160766398014929,0.12642057539252946,-0.021477762999235088,0.056365445857491703,0.83312296238258554,-0.023687381240033945,0.54969812374304206,0.077205614453762506,0.15889576318067358,-0.013209611192616499,0.37194575310477007,-0.40544476802024526,-0.62896326851903928,0.54925049265902537,0.2905852632882775,0.12150972445919006,-0.26275653878507527,-0.0025647973484743919,-0.00075252076238251997,0.0022706789336663286,0.024273903674531205,-0.036511908052247348,-0.076382178792214289
10.380,268473.715723296,1,345,1,346,268473682882333,268473.68238683807,411062e6bac39d83,0.23132820290964903,0.24891333490438344,-0.10729558673075115,0.1957794290446061,0.83622015638831837,-0.085398425483491414,0.50508754424385183,0.2454957257322638,0.27810975182962783,-0.098010572580810779,0.29676501396985605,-0.41753662228063937,-0.72973388562585206,0.45285996920388283,0.32016108113814384,0.38838476087261492,-0.06773195783846428,-0.0025646863678269157,-0.00075250925250260579,0.0022706289624613348,0.025327085512361156,-0.035980798263417373,-0.077085811690572326
119.289,268473.815732546,2,333,1,334,268473282844916,268473.28234942106,411062e5212034e6,0.1007624032031907,0.13815924772534108,-0.046208144511261949,0.086624382686638302,0.83644632852327494,-0.027047574231007787,0.5404833371758937,0.10670941716441062,0.17011273253659531,-0.037099424220869884,0.36305390002251842,-0.40130494531158623,-0.65270954204507237,0.53020416847683871,0.32136453785026464,0.117649107896869,-0.24419211568579499,-0.0025523707427415445,-0.00062627738056349668,0.002242813808120447,0.016833524254021733,-0.033505543018403874,-0.083185364751204707
10.377,268473.815732546,1,348,1,349,268473782891708,268473.78239621309,411062e7212c790f,0.25533520765086565,0.28807356722026201,-0.10937384649553979,0.20388098890847567,0.82945559009120107,-0.089542526778670223,0.51226766005549351,0.26988524127859609,0.31702032676582709,-0.099900590180536444,0.29891180036510984,-0.42554405277545326,-0.73067928281815187,0.44234803086515734,0.27433586596393428,0.38834586797270854,-0.046214989656927288,-0.0025518072458270086,-0.00062662802162697967,0.0022427036066113653,0.017067040746764687,-0.031658417585132784,-0.08383206983000209
117.284,268473.915742005,2,336,1,337,268473382854291,268473.38235879608,411062e587891072,0.13044587049104228,0.15469889963639216,-0.069714322289769093,0.11850614196215703,0.835857790719293,-0.040105827758536133,0.53449941422174685,0.13863461597037785,0.18604572564236782,-0.060244269555367345,0.34958904826202397,-0.40630725229928699,-0.67483719056403502,0.50724420183566044,0.32730319056323037,0.20133350393532579,-0.20049906884329488,-0.0026784961219195563,-0.00052600460489360683,0.0022157066289390272,0.0046923340749042645,-0.036632307990613795,-0.076611196176389285
17.419,268473.915742005,1,351,1,352,268473882901041,268473.88240554609,411062e7879551c9,0.27493775296273676,0.32772886309287047,-0.10926579562938012,0.22093074274514346,0.82486297265373798,-0.10546720363501821,0.50957571118020129,0.29086229381166895,0.35604087155115405,-0.10008973286938498,0.28574785841769801,-0.43490100421550143,-0.73948780820583349,0.42704456378343025,0.21609924340887346,0.38906086200042755,0.02455145982249228,-0.0026779007322350811,-0.00052591955754509225,0.0022157051307796975,0.0022891964435063899,-0.035569991825232718,-0.076867106867687704
113.987,268474.015751296,2,339,1,340,268473482863666,268473.4823681711,411062e5edf1ebfe,0.16095835563454369,0.17873589484004285,-0.085199136345359333,0.15393864556193515,0.83214617711890915,-0.059662307466744252,0.52941108374227108,0.17172828486024183,0.2092520624477982,-0.075600537959374201,0.33216253632091136,-0.41653777845794676,-0.69726724639109983,0.4795651318563009,0.33620408523364609,0.26898112915203387,-0.1117600675882728,-0.0028011496587645088,-0.00054233573547476553,0.0022384445844094046,0.00025165320770729983,-0.046568599046086491,-0.070262979342763626
10.975,268474.015751296,1,354,1,355,268473982910458,268473.98241496307,411062e7edfe3026,0.28904467469083833,0.36263763741824273,-0.099987429743827544,0.23618571582789449,0.81179075263737521,-0.125988230080013,0.51897890194601826,0.30615972551696197,0.39035276911820932,-0.091138279386911339,0.27788636162599856,-0.45606062056398783,-0.74103124765966721,0.4070142139839984,0.18296974715591882,0.39679532612647794,0.079084412084158687,-0.002801386285846023,-0.0005419812295717972,0.002238761887887472,-0.0028269076152142294,-0.048535762307214396,-0.070109571518693029
111.886,268474.115760671,2,342,1,343,268473582873000,268473.58237750508,411062e6545ac4c9,0.1953385655825122,0.21071976277631832,-0.097004967455479166,0.18035666391789029,0.83875537646769482,-0.072515391303888843,0.50862802072189139,0.2082618011359009,0.24041647580626374,-0.087494122592098142,0.30837818941778139,-0.41093043655200334,-0.72062101537249046,0.46555818198170668,0.3311687037941779,0.34280187173955351,-0.085142044684063445,-0.002752767339353476,-0.00067116784416310841,0.002217719953270034,0.007103391756376639,-0.044617400306246086,-0.06915990531834286
18.110,268474.115760671,1,357,1,358,268474082919708,268474.08242421306,411062e85467034e,0.31079700126636561,0.40465316408679175,-0.09364482979042453,0.23840140910836516,0.8129500066652301,-0.12959431609092789,0.51524986292822361,0.32819946854467841,0.43224798886009558,-0.084982224505378345,0.27269964511534583,-0.45597367966136904,-0.74341769572403715,0.40626719864443739,0.16953051408376546,0.40910590768068461,0.095828203372624529,-0.0027530977227529043,-0.00067086920918391405,0.00221778716084834,0.0068279272121709077,-0.044893413980238411,-0.068151657748260347
119.339,268474.215770005,2,345,1,346,268473682882333,268473.68238683807,411062e6bac39d83,0.22668101015727943,0.24775989733491566,-0.10471051130549239,0.19505492161316995,0.83634133530560117,-0.084719126716543941,0.50528157614798352,0.24078754376530376,0.27698104186777783,-0.095410437449771734,0.29738255199316393,-0.41719348680038676,-0.7293072679535616,0.4534579597399086,0.30267341405735848,0.38806473272401215,-0.06522076303631566,-0.0025991299298755662,-0.00088340747428184623,0.0021635244722595084,0.02262259347965764,-0.03582651925966053,-0.078692662478014125
18.567,268474.215770005,1,360,1,361,268474182929166,268474.18243367109,411062e8bacfe46c,0.33464614781193258,0.45214450891821961,-0.085467017870959699,0.24105283170597008,0.81527691256836965,-0.13791007031600724,0.50813182726280226,0.35256830737302414,0.47955599698615975,-0.077295881442374634,0.26178630791472729,-0.45682059455432295,-0.74693790547222827,0.40603773069527799,0.1571860039401406,0.45068253867542551,0.12042900397019154,-0.0025991186386665867,-0.00088397695569860106,0.0021631027738893771,0.026023724086125972,-0.034693207034544343,-0.077450298566660705
120.947,268474.315779338,2,348,1,349,268473782891708,268473.78239621309,411062e7212c790f,0.25301284317016876,0.28606476281453885,-0.10954389158340101,0.20260933499956002,0.83012198122572067,-0.087693994194553815,0.51201247079695844,0.26744586636858908,0.31505394095803729,-0.10002147886996679,0.30003846420541042,-0.42405649683436236,-0.73025129741736372,0.44371843562115415,0.27226711784916496,0.37760956983800315,-0.041482363706041844,-0.0026093945822101097,-0.0010183397150880283,0.0021356296686370411,0.032241700903410969,-0.036258926737356235,-0.077436452501284322
10.766,268474.315779338,1,363,1,364,268474282938375,268474.2824428801,411062e92138b4d4,0.35346479342788911,0.49883395855382262,-0.073349932993766687,0.22863813649286535,0.81858214239768512,-0.12771959551550716,0.51120997332067108,0.37044607913451094,0.52679389374021501,-0.065028940739869395,0.27116863945104469,-0.45179141880418788,-0.7404965408977473,0.41715339599677148,0.16351529836441631,0.45513766976753128,0.12194035292937724,-0.0026090031464832543,-0.0010194027975546449,0.0021351067566746621,0.034856101450797303,-0.03573697361826722,-0.076673078603556544
121.507,268474.415788755,2,351,1,352,268473882901041,268473.88240554609,411062e7879551c9,0.27799778693489435,0.32436695983101438,-0.10914280233089262,0.21900621344127652,0.82603302416234481,-0.1034183763042992,0.50893065747937394,0.29377848264097051,0.35275051582088213,-0.099939306018682145,0.28674047624423543,-0.4329961427210664,-0.73895431185474469,0.42923276280264039,0.23402332753805877,0.38010622393017363,0.028807047964968774,-0.0026022794541891211,-0.0011354102161507591,0.0021072916118905472,0.039218391398715385,-0.030688292731976156,-0.076832858223233325
10.926,268474.415788755,1,366,1,367,268474382947750,268474.38245225506,411062e987a1905f,0.37069549821570003,0.54318797151817833,-0.062190892070121254,0.21923712518009975,0.82487761805723236,-0.11884423385073109,0.50733430739888374,0.38702781649253881,0.57151766678605698,-0.053821621032583304,0.27470395812071996,-0.44277508097052293,-0.7383005956365658,0.42825248808039507,0.13821020479335747,0.44295214407080374,0.11705641314094989,-0.0026021651324323815,-0.001136200196409673,0.0021070427765895725,0.03993146403917025,-0.029961705938586613,-0.076272958909178651
113.785,268474.515798088,2,354,1,355,268473982910458,268473.98241496307,411062e7edfe3026,0.29761749803984971,0.36439730485541466,-0.10332766951018869,0.23374307275276307,0.81343463867076171,-0.12404967178101228,0.5179768302676937,0.31457885129906776,0.39220995675136094,-0.094488560839201152,0.27854855764835063,-0.45398128122138409,-0.74046644115395632,0.40990382635126593,0.21278505989131632,0.41512365169664717,0.06644780224984273,-0.0026163600341852361,-0.0011945734596136479,0.0020368467442824869,0.034131777163782538,-0.027692049381406222,-0.06471095059579457
10.534,268474.515798088,1,369,1,370,268474482957083,268474.48246158805,411062e9ee0a6919,0.38330301179499343,0.58188845426639102,-0.054222370162135762,0.20947034561362826,0.83054724962794224,-0.10755699296150617,0.50472268318506019,0.39885891339636115,0.61059255276816382,-0.045652095572854032,0.28083854533965302,-0.43294709946684595,-0.73540347458231936,0.43916767878226731,0.12145992735490754,0.39326689116771008,0.10669528819668228,-0.0026159638131974224,-0.0011942615342818612,0.0020367396241435828,0.031851764118845424,-0.027100663539208002,-0.063862172966500833
114.496,268474.615807421,2,357,1,358,268474082919708,268474.08242421306,411062e85467034e,0.31778175972017991,0.40612608767430325,-0.095568657930433121,0.23637747098060169,0.81425169371579154,-0.1274710388424701,0.51465625223315947,0.33503568108932019,0.43380670279228545,-0.086882652171497779,0.27378128267942647,-0.45405254982389476,-0.74290698710321634,0.40861877069714914,0.19782520856778829,0.42686404530824268,0.084707078494459589,-0.0026739240430830387,-0.0012178110116845844,0.0020835623659992736,0.033599249378921982,-0.030401630227347348,-0.055705397262468537
10.717,268474.615807421,1,372,1,373,268474582966458,268474.58247096307,411062ea547344a5,0.39708961586988439,0.61645823115573717,-0.041688376372406383,0.18935900142928308,0.8404592378939334,-0.090376055128641886,0.4996035026781922,0.41121707384747347,0.64585303989668719,-0.032986589076624766,0.2893674955109683,-0.417178534987101,-0.72819144104060129,0.46039738018687576,0.10994855466410922,0.40125539326873916,0.15184891835563505,-0.0026737296834189548,-0.0012173012072775543,0.0020836457873116792,0.031870522218041278,-0.03089173422896415,-0.055045402202960253
107.195,268474.715816671,2,360,1,361,268474182929166,268474.18243367109,411062e8bacfe46c,0.33618538563466577,0.45042868340632392,-0.085765897837900951,0.24005508273210119,0.8158025099199876,-0.13601288966919384,0.50827194406050835,0.35399925775952462,0.47789121456812916,-0.077529618697861402,0.2632268947147125,-0.45557816282469793,-0.7466040438672692,0.40711489918346594,0.16978202976167925,0.45248798192937678,0.11179486982480655,-0.0026693412660647778,-0.0012444417886950721,0.0021148731808263823,0.037503403389254508,-0.038503284809371527,-0.053010000511468959
10.471,268474.715816671,1,375,1,376,268474682975833,268474.68248033809,411062eabadc2031,0.40902983745784111,0.65571290978312191,-0.020988982451889522,0.16255448176840287,0.83998773913721703,-0.097682244716685102,0.50838456982459901,0.42192655241547417,0.68598215829951081,-0.013451855046753716,0.29041039140615948,-0.42855394301206273,-0.70890438396690558,0.4790176373419221,0.062214741843886881,0.4088552583525023,0.17876498819185729,-0.0026700196402780268,-0.0012441187663977768,0.0021148084005687233,0.0371578094687098,-0.041244238272497236,-0.052765067432445592
98.638,268474.815826088,2,363,1,364,268474282938375,268474.2824428801,411062e92138b4d4,0.35255679489569169,0.49281613342042102,-0.073917750755445807,0.22820051162277893,0.81891278534406764,-0.12602237631788304,0.5112971644501827,0.36946072768702853,0.52080068919258582,-0.065522356399778769,0.27243040806021074,-0.450652957069615,-0.74042089325604454,0.41769664336511025,0.16943466728309725,0.43717324628851439,0.10978743853248972,-0.0026841731190571298,-0.001272713496979983,0.0021452058966612746,0.035735345690440956,-0.045534288532291058,-0.0514676379608658
10.523,268474.815826088,1,378,1,379,268474782985125,268474.78248963004,411062eb2144f62a,0.41257880230675031,0.68910577665617412,0.00013166599699435903,0.14378053696593784,0.83550894209094406,-0.11052745373483613,0.51868651424461776,0.42479659188251123,0.71992576325474511,0.0064731954586407835,0.28861203181031603,-0.44492145173788017,-0.6924622129619471,0.48912583298944812,0.028853728177502948,0.37380903111458974,0.19777918459314556,-0.0026852156286681812,-0.0012725223440123229,0.0021450418028865301,0.034696798530310276,-0.048084474892968181,-0.051747261872361401
104.597,268474.915835296,2,366,1,367,268474382947750,268474.38245225506,411062e987a1905f,0.36689909364916706,0.53182408628790356,-0.062055477323366651,0.21963263165668773,0.82487886207444028,-0.11737892250815044,0.50750232686918806,0.38319811189344966,0.5601449485826222,-0.053591925165866569,0.27585889738370328,-0.44185775711486475,-0.73858114059370372,0.42797370242921756,0.14115033224884255,0.41201426464254404,0.11037648211586286,-0.0027612653669739028,-0.0013011061700792697,0.0022185879129246367,0.033098933971169871,-0.046049297192225766,-0.052781711760440421
16.728,268474.915835296,1,381,1,382,268474882994541,268474.88249904604,411062eb87add476,0.41202885620670882,0.71632353281235206,0.024061775501449563,0.12293579629843138,0.83488586415517774,-0.1203152383839052,0.52285435873428177,0.42345520353272764,0.7476695218369146,0.02918315332619463,0.28463813411946864,-0.45478957147504945,-0.67728217325417395,0.50342470745348955,0.018994911293733888,0.29540660252513751,0.22406541308032704,-0.0027620164460844944,-0.0013004137698397721,0.0022186857370309386,0.030783942905568139,-0.045900655033040354,-0.053480413627530324
103.769,268475.015844713,2,369,1,370,268474482957083,268474.48246158805,411062e9ee0a6919,0.37969692301625335,0.56925825028461541,-0.050602437567529725,0.2102641253694999,0.83049009555600173,-0.10598075538620674,0.50482009812034156,0.39523602614118647,0.59793749877050162,-0.041919239290161572,0.28202199634774749,-0.43190141397773879,-0.73592434758476488,0.43856597771828937,0.12705836911612872,0.36755223498246725,0.11245269736169003,-0.0028262265905121321,-0.0013403916834782545,0.0022669885282317714,0.030546832561990298,-0.039071823214625462,-0.053254049400433649
10.302,268475.015844713,1,384,1,385,268474983003750,268474.98250825505,411062ebee16a4de,0.40704115421612397,0.73428609820380997,0.045647740733180342,0.12452684350610876,0.8334611392216108,-0.12088216111496486,0.52461714706105045,0.41854291558249279,0.7655959856328558,0.050820881618385348,0.28548373876908378,-0.45643692591841523,-0.67739978085893071,0.50129223457863936,-0.0084973212778358537,0.18177138187268765,0.23449840121418392,-0.0028259488780254497,-0.0013395962291902395,0.0022673688315851185,0.028730845262054508,-0.036852510101087643,-0.053556141483945045
102.790,268475.115854088,2,372,1,373,268474582966458,268474.58247096307,411062ea547344a5,0.39472050919847995,0.60668666311160158,-0.037739636542714866,0.19006026163008155,0.84016907472060054,-0.08924513586333313,0.50002838096397106,0.40883673221057076,0.63605942338256183,-0.028945652581834756,0.29046761048022585,-0.41667928863596287,-0.72848213052871369,0.45969633801465276,0.11270542761935481,0.3807505823229867,0.16234876440609267,-0.0029009354652413891,-0.0012865581494119792,0.0023016241938139861,0.032916837540981708,-0.03425506389569638,-0.05097959708125141
9.950,268475.115854088,1,387,1,388,268475083013083,268475.08251758805,411062ec547f7d98,0.40615962993342702,0.74955316490985646,0.068206781325940172,0.13129366521477231,0.8354447800845719,-0.10478355796847105,0.52327282759174554,0.4174731871116627,0.78073008043910941,0.074480879988156209,0.29591659253119507,-0.44410291738123331,-0.68358729211721925,0.49791001505698973,-0.025357566517771376,0.10398207382379045,0.27817139281032682,-0.0029004482718061114,-0.0012863284591153499,0.0023021048663708185,0.033123803894831251,-0.032549043088565884,-0.050842847468726436
111.968,268475.215863380,2,375,1,376,268474682975833,268474.68248033809,411062eabadc2031,0.40751375897136011,0.65236502478686675,-0.019690163735829581,0.16346017807640612,0.83932147569579107,-0.09757563115860729,0.50921437532295677,0.42043761474773378,0.68261003152753452,-0.012102379402109146,0.29107253965338009,-0.42906531692352834,-0.70907368856599673,0.47790609397292244,0.052429287082479327,0.39512838406259937,0.18275185259799834,-0.0029122568665429687,-0.0011604785559197414,0.0022872177908564175,0.038958875305150888,-0.039515059322377505,-0.050386714413683358
17.702,268475.215863380,1,390,1,391,268475183022500,268475.18252700509,411062ecbae85bf6,0.41175619717610157,0.77184639022847812,0.098069419824609566,0.13088926344628915,0.8429973755084923,-0.088751943607185774,0.5141464492911616,0.42264975911136371,0.80301636192780212,0.10507828025926996,0.30079933164549949,-0.42631353064229288,-0.6886418281897313,0.50353646157992193,-0.016086586625770768,0.042982215046516933,0.33699359763916686,-0.002912343064639744,-0.0011610065408814451,0.0022876144855378416,0.041239492283222164,-0.039977949553716439,-0.049914298265662307
112.441,268475.315872755,2,378,1,379,268474782985125,268474.78248963004,411062eb2144f62a,0.41197474360237279,0.69214743256796551,-0.00045899872669589309,0.14495855201935981,0.83474407049098831,-0.11103968143047269,0.51948012217686057,0.42425672318187879,0.72293644906672405,0.005908920290877806,0.2888109976784185,-0.44584481694090144,-0.69275434949172321,0.48775200469832031,0.012776819345029659,0.37206517887622698,0.1936939554829479,-0.002926708904672505,-0.0010950433586821452,0.0023106104291783763,0.042685024166061396,-0.042275048338226345,-0.051039917352979004
10.560,268475.315872755,1,393,1,394,268475283031750,268475.28253625508,411062ed21512f1e,0.41224360292885626,0.77788631723414858,0.13437866289335265,0.13729315954095722,0.8530066222462277,-0.073499705959398726,0.49812462013406322,0.42323136547894874,0.80882298539537689,0.14222420871193206,0.30025514828500055,-0.40419942651765045,-0.70024767247831932,0.50608582940036106,-0.0061124936151098833,-0.04580627335311941,0.38392176485545787,-0.0029271576754490774,-0.0010957620559486944,0.0023109317481524493,0.044654443333222792,-0.043110028534219497,-0.050716013684231009
114.221,268475.415881963,2,381,1,382,268474882994541,268474.88249904604,411062eb87add476,0.4170181039498061,0.73279581289445017,0.021714783906141608,0.12417636800677045,0.83425626878706494,-0.12156166611414024,0.52327767214182397,0.42854490166351999,0.7641077774706414,0.026819170334799206,0.28405610441568635,-0.4559702567249842,-0.67771419875599792,0.50210229966696296,0.0098461369620614879,0.31163503554856337,0.22274934930351659,-0.0029153775216846744,-0.0010272428559908915,0.0023236806831614652,0.048592555396387474,-0.046349680255952194,-0.051392146786015606
10.863,268475.415881963,1,396,1,397,268475383041166,268475.38254567108,411062ed87ba0d6a,0.41648416439408131,0.78199109621409379,0.17521832287088729,0.13558661153254198,0.86607777260128849,-0.062662044762938851,0.47707345759088521,0.42740113849316563,0.81288808724189154,0.18331502429274488,0.29303311241522945,-0.38165062360722879,-0.7082836596493135,0.51653523984548477,0.0061600264104167933,-0.068818082758039689,0.39169438176358251,-0.0029155785785680666,-0.001028165272033842,0.0023241088780454919,0.050478227998792133,-0.046197337383364116,-0.051067787622354165
107.982,268475.515891338,2,384,1,385,268474983003750,268474.98250825505,411062ebee16a4de,0.41477805461210565,0.75273382918911358,0.045186653477558673,0.12596849307564184,0.83307637405673485,-0.12211273547840928,0.52459911054746877,0.42639639601763496,0.78400309213103359,0.050344975881231345,0.28460083757436605,-0.45729431963168649,-0.67814711096851044,0.50000076436904084,-0.0030893940338514139,0.20554522154041241,0.23742070927468195,-0.0028951825653802717,-0.0010814684815963304,0.0024257783697832123,0.044639186362624803,-0.035988894415076078,-0.04938042497097217
10.083,268475.515891338,1,399,1,400,268475483050458,268475.48255496309,411062edee22e364,0.41547333083354271,0.76474184294937197,0.21486049400402266,0.1254032915561305,0.8706722485570445,-0.091666718012668402,0.46669167132141381,0.42692569094020544,0.79592446407006456,0.22084785903358758,0.26518268054326827,-0.39481899292587919,-0.70433175024845962,0.52698471928209001,0.0013522765917560117,-0.1030958889897516,0.40628446890365244,-0.0028946811674546999,-0.0010811726524974801,0.0024261641374903565,0.042799144781993967,-0.034807843894168598,-0.049451234054071182
109.937,268475.615900588,2,387,1,388,268475083013083,268475.08251758805,411062ec547f7d98,0.41382045767106312,0.7648344605977262,0.069119452140153956,0.13239234583987275,0.8352177139991781,-0.10558470731093594,0.52319743862097312,0.42521887409295434,0.79598150967106651,0.075388294861317803,0.29529678636242584,-0.44461610744791946,-0.68420361665242846,0.49697257059280525,-0.013081755270075296,0.12553353253362187,0.28132834502785881,-0.0028797313391685391,-0.0010937717423957188,0.0024431849509316452,0.040829937132992211,-0.02751567231584132,-0.045701179433654211
10.092,268475.615900588,1,402,1,403,268475583059833,268475.58256433805,411062ee548bbeef,0.41835087769567114,0.74460780881242183,0.24906237148824883,0.11924084963809872,0.88040063916557054,-0.096501736546292155,0.44873578238253897,0.42987551601732787,0.77589640456725328,0.25431284186835262,0.24906707574884498,-0.38554113673410512,-0.70685325668178356,0.53822123442135739,0.057379271094172353,-0.17696289812151378,0.336604717306138,-0.0028792112091401349,-0.0010928563350731783,0.0024430545654428992,0.038986939596351008,-0.026729357514386612,-0.045852561812035862
109.956,268475.715910046,2,390,1,391,268475183022500,268475.18252700509,411062ecbae85bf6,0.41474219322177969,0.77294792755402186,0.097380431803718914,0.1317328481305568,0.84280701858679641,-0.08905518757382952,0.51419063869630799,0.42568870718922197,0.804096323639788,0.10440269676677884,0.30061615241324119,-0.42655920312895984,-0.68910372995801561,0.50280535447844621,-0.0067043862486821518,0.048315759118190832,0.32976729250173303,-0.0028919844350211964,-0.0010234063392029482,0.0023716498808921673,0.041624634802801486,-0.024000160193578788,-0.039395443715132254
10.420,268475.715910046,1,405,1,406,268475683069083,268475.6825735881,411062eebaf49218,0.42446329388371307,0.72338594303186188,0.27634531646094473,0.12341442849512374,0.89016337786788147,-0.089390051778398344,0.42940366952041853,0.43627839947987196,0.7545246012976361,0.28183605349030127,0.2404259284043232,-0.36684254860709642,-0.71670772107056901,0.54217336714394326,0.033607415530411397,-0.22315400336081317,0.3204620670285987,-0.0028915876989505035,-0.0010227166045545916,0.0023712079451936974,0.04253197525192124,-0.023302568699815968,-0.039226010218890946
102.857,268475.815919380,2,393,1,394,268475283031750,268475.28253625508,411062ed21512f1e,0.41407220772804432,0.77556228439599306,0.13156478733328614,0.13744951890518725,0.85295768982987519,-0.07366441988191233,0.49814095953731474,0.42507321323763708,0.80649516823313327,0.13940669572745282,0.30015023165906646,-0.4043274505486491,-0.70032363479962467,0.50594066619405154,-0.0044686924392314063,-0.050149766054998844,0.37282401594565134,-0.0028795455237780082,-0.00094268988922323479,0.0022575294448445881,0.046869561133215859,-0.033471039478632385,-0.042689522983248782
10.261,268475.815919380,1,408,1,409,268475783078416,268475.78258292109,411062ef215d6ad2,0.42757147084918362,0.70753794588563679,0.31153512689699792,0.13536160029124933,0.89511070976632368,-0.094041945134757526,0.414258639253271,0.4403783217678216,0.7383115001046785,0.31685808493197104,0.22642738983595789,-0.35942278053897125,-0.72865393887993513,0.53722373301676229,0.064367475865871937,-0.21900944382158322,0.30607827744517901,-0.0028796625455964238,-0.00094361775847253771,0.0022570526257112318,0.049726589852149929,-0.034178520945145736,-0.042676564202862421
103.773,268475.915928671,2,396,1,397,268475383041166,268475.38254567108,411062ed87ba0d6a,0.41239590543462362,0.76582638466809305,0.16774623544600303,0.13595352171426306,0.86595198973258203,-0.063486081857336563,0.47708842161024539,0.42335805444995667,0.79671633330049918,0.17580869874325541,0.29246101137261643,-0.38224388696840556,-0.70845416240293912,0.51618685325775326,-0.0011058532011052969,-0.088087318384877822,0.37088603175346785,-0.0029212222139830182,-0.00086289490560099427,0.0022120334342621644,0.055457677096385181,-0.032403016408240122,-0.040710706252094261
10.630,268475.915928671,1,411,1,412,268475883087708,268475.88259221305,411062ef87c640cb,0.43066978826682889,0.68675013744817059,0.33924088818023357,0.14204720641961349,0.90070969053439254,-0.09106604083548131,0.40031446881777,0.44395029982283518,0.7173007664905362,0.34468588862955835,0.21867165467952554,-0.34745848127415213,-0.73734045334736276,0.53645537287633138,0.067371983192210938,-0.21056837682938867,0.30597332673489752,-0.002921269305115483,-0.00086394728268341942,0.002211780874707255,0.057375987837070042,-0.032567231381619467,-0.040891836977911586
106.597,268476.015938046,2,399,1,400,268475483050458,268475.48255496309,411062edee22e364,0.40923719965907585,0.75662740134177875,0.2101156452793895,0.12505482185507466,0.87038078955635567,-0.092706328929600623,0.46712328403851489,0.42069654697212044,0.7878196082162231,0.21603937226731584,0.26475276090465699,-0.39585930510646727,-0.70387925233601933,0.5270250319338472,-0.0031831861380323028,-0.089446730637097141,0.40017647340630191,-0.0030084015288087615,-0.00096716916297043796,0.0021944319610348166,0.068435026812569619,-0.034822446555038522,-0.047132439119145081
13.333,268476.015938046,1,414,1,415,268475983097041,268475.98260154604,411062efee2f1985,0.43178768928087968,0.67077834922438162,0.37364059636787417,0.13802439544120831,0.90314024205661658,-0.085423724080033375,0.39747932023915833,0.4447369944122842,0.70144025385414621,0.37925522485563756,0.22065662228048499,-0.34146400820865508,-0.73621455591844465,0.54101858914057133,0.04180264659312833,-0.15213987229597173,0.32824849217176966,-0.0030086036626160565,-0.00096756951618083781,0.0021945083205094406,0.06810173104697792,-0.03452888464141822,-0.047801557836494722
106.885,268476.115947380,2,402,1,403,268475583059833,268475.58256433805,411062ee548bbeef,0.41103621739102153,0.7470718181428061,0.25093646100992972,0.1188351603739618,0.88019124721871689,-0.097219667519549163,0.44909905637656711,0.42255501209651242,0.77837062673601609,0.2561386625770512,0.24881629540050945,-0.38630566407798383,-0.70641832859808351,0.53836003758184414,0.049918698648165449,-0.14256909153700936,0.34972720000300805,-0.0030383311613414693,-0.0010341762299108947,0.0022650169209579457,0.072120358535067222,-0.039684383446758502,-0.062507400961598278
10.736,268476.115947380,1,417,1,418,268476083106333,268476.08261083806,411062f05497ef7f,0.42991369134619428,0.65996442200437755,0.41235511485211679,0.13859531504437311,0.89954618942583253,-0.083042243353301987,0.40584729981674905,0.4427152134604318,0.69063250259821407,0.41826703638536084,0.22825763835353233,-0.34569710202903647,-0.73407687811106159,0.53807350910884988,0.023906234796322867,-0.1095219320752322,0.26140857688634089,-0.0030384031786900188,-0.0010340508729683034,0.0022652718803662826,0.07172546165905086,-0.039856923420547676,-0.06315537370752887
111.133,268476.215956671,2,405,1,406,268475683069083,268475.6825735881,411062eebaf49218,0.41384998374399012,0.72977906458905017,0.28192891898474715,0.12297857546768615,0.88970063081841477,-0.089377280353966582,0.43048903872951533,0.42562570702800667,0.76093180385847803,0.28742438339787146,0.24120243107232792,-0.36760098975393951,-0.71607231487952094,0.54215435019909908,0.018881172929826558,-0.18133560739722862,0.34274088053421337,-0.0031688588749356661,-0.0010413720817198545,0.0022895307409632661,0.084604751054464966,-0.036553580839178354,-0.067118262125303516
11.101,268476.215956671,1,420,1,421,268476183115625,268476.18262013007,411062f0bb00c579,0.42556841266308482,0.65478975826220787,0.4288174242147203,0.14094274012556579,0.90579766410058804,-0.068590392482055645,0.39365104723276545,0.4382907225949505,0.68534745730210334,0.43543035180780065,0.22985258715565302,-0.32685404787142558,-0.74015721827746095,0.54083408897709817,0.03014396224956465,-0.061072150421802314,0.13452594237023596,-0.003168927654481778,-0.001041561849956646,0.002289766224400806,0.085373315818204745,-0.036037957913107765,-0.067462470268177935
6.814,268476.315965963,1,423,0,424,268476283125000,268476.28262950509,411062f12169a105,0.42713425055966697,0.64997090294396376,0.44262916463701163,0.13431492096267539,0.90671195147295902,-0.060056345308217102,0.3952546364858851,0.43924307560385695,0.68069973082473145,0.44959166742623558,0.237020978427635,-0.32195347420934306,-0.73611714131135098,0.5461671635107197,-0.040126111507353818,-0.062777976950816702,0.14312460505634611,-0.003168927654481778,-0.001041561849956646,0.002289766224400806,0.085373315818204745,-0.036037957913107765,-0.067462470268177935
8.582,268476.415975338,1,426,0,427,268476383134333,268476.38263883808,411062f187d279bf,0.42463162922637443,0.64243589403128576,0.45632056843696839,0.13215179797314563,0.90153238327502638,-0.06876220062860236,0.40625986409699344,0.43668849523782322,0.67327077125218049,0.46289348869518809,0.23864688012361854,-0.33589131424389906,-0.73092507471867907,0.54403421470553015,0.010782218225932647,-0.086052328865835803,0.11291996421229873,-0.0031689915571699876,-0.0010415118571802816,0.0022897534964663674,0.085328142938288914,-0.036088918774778836,-0.067465848112255103
8.644,268476.515984546,1,429,0,430,268476483143708,268476.48264821304,411062f1ee3b554a,0.42764700452709797,0.63062675896336662,0.46596655373213058,0.11072075014902233,0.90334315604302962,-0.051191322307558684,0.41120744114077035,0.43795932608321253,0.66197645750221146,0.4730526935567067,0.2545698321902799,-0.3269652925472708,-0.71705144554687628,0.56046866321608513,0.013756231704192573,-0.1224394153196266,0.11337112853756168,-0.0031690120004888782,-0.0010413989919775251,0.0022897392419684776,0.085134176064125974,-0.036155644952501266,-0.067497809267502873
176.452,268476.615993796,2,408,1,409,268475783078416,268475.78258292109,411062ef215d6ad2,0.414963570123831,0.71105283472267278,0.31436997325282212,0.13487919746794591,0.89488731522657727,-0.093139452215932922,0.41510166319874886,0.42770791682510506,0.7418431687559347,0.31974565081425388,0.22766165661454246,-0.35938072962576639,-0.72815486479165747,0.5374068795255762,0.038146986600957319,-0.19252236876789114,0.31632429969854492,-0.0030961317442220128,-0.0011207294910762884,0.0022614125022456149,0.07689758647430861,-0.0353137058350226,-0.071890894799145871
157.192,268476.615993796,2,411,1,412,268475883087708,268475.88259221305,411062ef87c640cb,0.41801422624662088,0.69154723529626416,0.34666696814797004,0.14145210370710121,0.90067879207817603,-0.089873737164118284,0.40086379287492219,0.43122319775328133,0.72211764775456677,0.35217459066881263,0.21990317142389515,-0.3470038260408756,-0.73689780368770119,0.53685432552131784,0.041138557038330199,-0.19158403331659501,0.32308841796111643,-0.0030961518870067152,-0.0011210464253370946,0.0022612764253685915,0.076407238857291643,-0.035871488195478869,-0.071712407370735934
22.074,268476.615993796,1,432,1,433,268476583152958,268476.58265746309,411062f254a42873,0.42848198480564892,0.61183386841997434,0.4795606258495767,0.085631780818981151,0.90234608528621374,-0.050828788187962132,0.41935096039742004,0.43724181814431246,0.64377356555985399,0.48607844898757308,0.26058452005373012,-0.33246727975560558,-0.69860583019792399,0.57750420761561938,-0.027755086858526835,-0.21156639018136555,0.16199411527076066,-0.0030960211445643787,-0.0011209647207558588,0.0022610592690285587,0.074022196334080234,-0.038801888123684798,-0.071434231576442339
158.214,268476.716003255,2,414,1,415,268475983097041,268475.98260154604,411062efee2f1985,0.4195379740005018,0.67119190865434075,0.3803767458855673,0.13632951555323053,0.90368907922314823,-0.083799261029178285,0.39716249614645643,0.43235551136246242,0.70190118152366887,0.38603468259239698,0.22158126263053765,-0.340091310941738,-0.73540418136014152,0.54260513664266674,0.02368773787445248,-0.13818273587755264,0.33910822038610827,-0.0029203516773591812,-0.0014331820572197566,0.0021748916230849734,0.067683442748820766,-0.045162928959180212,-0.08057059777233426
11.035,268476.716003255,1,435,1,436,268476683162291,268476.68266679608,411062f2bb0d012d,0.43201927969302073,0.57289933352472655,0.50043350999039837,0.070218830557801204,0.89945208315327729,-0.040820717037268167,0.42940538913638271,0.43946257656926663,0.60511596739456741,0.50721928818271289,0.27477084939581581,-0.3325000595197577,-0.68566086036160201,0.58635644049489843,-0.026203313337169125,-0.33165868074074795,0.19072269250665838,-0.002922087633473697,-0.0014323989710984105,0.0021740285641215175,0.062388810371026254,-0.053079181537687384,-0.079968267798178547
155.348,268476.816012463,2,417,1,418,268476083106333,268476.08261083806,411062f05497ef7f,0.41739864209909522,0.65522661848407471,0.40673579689080347,0.13562048715250757,0.90059108558942502,-0.080655345991915872,0.40501549155159744,0.42998458013857899,0.68597560297490345,0.41269021276607204,0.22935725236957241,-0.34342113351442333,-0.73271221033508127,0.54091588317133799,0.012836725138896889,-0.09465952817045295,0.24789309605663787,-0.0028476687442515031,-0.0016642843332810731,0.0021174773247522394,0.060770146559757272,-0.048327059078074046,-0.087324997389265441
11.023,268476.816012463,1,438,1,439,268476783171666,268476.78267617105,411062f32175dcb8,0.42807463098630399,0.52990592337195019,0.51356222372094229,0.058772617516794357,0.89232066895791373,-0.0341262433629623,0.44625671525158928,0.43440303480879056,0.56231163460105826,0.5205752214224818,0.29142024365246305,-0.33968203856514428,-0.67252449451391783,0.58940746393693233,-0.044156101887702019,-0.39681664906516767,0.18428557667442122,-0.0028502332431457724,-0.001662904533451371,0.0021168545972496699,0.055948870397568413,-0.053215134150429402,-0.087305242859240378
158.836,268476.916021796,2,420,1,421,268476183115625,268476.18262013007,411062f0bb00c579,0.41901101805168572,0.64713799232076641,0.42370987676848809,0.13728800643075262,0.90725801812851459,-0.065878923437663717,0.39203942721487123,0.43148476145182374,0.67779056665277027,0.43035715924895301,0.23063029783987898,-0.32379716236114187,-0.73860555757579138,0.54445100209597896,0.034937188169025489,-0.068262395433564563,0.12541991010335218,-0.0029095617688539763,-0.0017150879588181001,0.0020341083201078866,0.05797531201735906,-0.048319180033830074,-0.077745597067915978
140.247,268476.916021796,2,423,0,424,268476283125000,268476.28262950509,411062f12169a105,0.427134096004888,0.649930410835594,0.44265016930660483,0.13431268870785895,0.90671160310702237,-0.060048515353816584,0.39525738381394249,0.43924254980807875,0.68065928439582668,0.44961311610963495,0.23702845769558847,-0.32194988024988519,-0.73611531653696527,0.54616849562128622,-0.040153190101212169,-0.063603516216995351,0.1435469664859739,-0.0031689841243868699,-0.0010414541718880496,0.0022897497075900996,0.085182163303792538,-0.036132521439610758,-0.067490449026840926
123.940,268476.916021796,2,426,0,427,268476383134333,268476.38263883808,411062f187d279bf,0.4245772524639998,0.64235652736209459,0.45631947610276907,0.13215962238622775,0.90154235405081651,-0.068756700733951293,0.40623612269209136,0.43663475310843702,0.67319112354126132,0.46289255062263496,0.2386339814283642,-0.33587063752324448,-0.73093765781706821,0.54403573241311554,0.010380885675004481,-0.08688611989229339,0.11301507145306948,-0.0031690120004890829,-0.0010413989919763964,0.0022897392419683354,0.085134176062186318,-0.036155644953168524,-0.067497809267822478
17.078,268476.916021796,1,441,1,442,268476883180958,268476.88268546306,411062f387deb2b2,0.42269034140742234,0.48817436821207927,0.52726875999567857,0.05494659316291356,0.88685018224355217,-0.022397726963599596,0.45823140572609367,0.42825143408619648,0.52056828847995129,0.5349544043969916,0.30818094152290293,-0.33985610991839793,-0.66595086867108744,0.58824465348136845,-0.053620203326804901,-0.40055656027001513,0.15006432169851036,-0.0029106537796062966,-0.0017145781118148959,0.0020339648292280379,0.057493636220547373,-0.045333102310273363,-0.076637421173641571
124.239,268477.016031130,2,429,1,430,268476483143708,268476.48264821304,411062f1ee3b554a,0.4256245148776272,0.61666275178637153,0.46221339114988491,0.1069819950328571,0.90451849219302216,-0.048769098351550411,0.40990581635066886,0.43568075335950035,0.64809068949815429,0.4693209751801018,0.25536221543840226,-0.32433213391684201,-0.71523883466110016,0.56394345038130378,0.036697389845857423,-0.15820336288858591,0.12340275349975026,-0.0029492806323033359,-0.0016705090461210663,0.0020137286682454284,0.058912465109129314,-0.046972398162910052,-0.070864582868935419
10.321,268477.016031130,1,444,1,445,268476983190208,268476.98269471305,411062f3ee4785da,0.42227862454986848,0.45374688884648989,0.53607432212577055,0.047091442794712501,0.87978853824873537,-0.05794405563398522,0.46946465640219548,0.42831064332167906,0.48650382804465525,0.54154777038722535,0.29098899965904035,-0.37293426681526798,-0.65540310250406864,0.58880574720397461,0.026661551946373829,-0.3463480585350599,-0.014799744865209054,-0.0029487947728729785,-0.0016706485607523918,0.0020137838534846158,0.059701339582896189,-0.045683452360464775,-0.070259994054243866
124.104,268477.116040505,2,432,1,433,268476583152958,268476.58265746309,411062f254a42873,0.4297559742108823,0.59981694792963591,0.47487124496055977,0.082914219322204163,0.90275703016724074,-0.049432405670683494,0.41917951667501885,0.43832441528604354,0.63180770926164842,0.48139305137491351,0.2614506825590811,-0.33135865921930202,-0.69697480599072503,0.57971639563149191,-0.0047717605070487059,-0.24268436106485272,0.17065308265873427,-0.0030424695206565334,-0.0014953842213028398,0.0020105495277015872,0.068659027604804163,-0.047411325166646874,-0.057147460926360465
10.268,268477.116040505,1,447,1,448,268477083199583,268477.08270408807,411062f454b06166,0.42725286442293303,0.42561476718748043,0.51886007201277107,0.03913649633155869,0.86045286774444008,-0.030318737339187468,0.50711933942997756,0.43135111613015237,0.45836514262297556,0.5259295977214018,0.33714893004196117,-0.38002609844026741,-0.63610572269705135,0.58075836027378136,0.045229602780715819,-0.29330569946320617,-0.21086748168178027,-0.0030421636111349873,-0.0014962791343210331,0.002010708445647544,0.071325653414392148,-0.046433988190759411,-0.056437648452162342
114.976,268477.216049755,2,435,1,436,268476683162291,268476.68266679608,411062f2bb0d012d,0.43075737334598208,0.57284872367784745,0.48751009080130919,0.06953846275229042,0.89905611926285078,-0.04149895325582531,0.43027942863355895,0.43816758223859315,0.60508348578977,0.49424580662980339,0.27490930321822221,-0.33359768417542035,-0.6848997789408483,0.58655754442649988,-0.020495832805439838,-0.33146310707592352,0.17024075047234355,-0.0030611600251683742,-0.0013716713850853541,0.0019612189468035594,0.073857348871361167,-0.040924431148140337,-0.041408885963030329
11.366,268477.216049755,1,450,1,451,268477183208833,268477.18271333806,411062f4bb19348e,0.43591061304183548,0.4075996137580486,0.48187851797266495,0.017268614133246207,0.85702982100606695,-0.04663584672076232,0.51286141586723377,0.43924406092679258,0.44074703176967661,0.48730970166752136,0.32967125273471526,-0.39562429790520764,-0.61822233581922359,0.59380082815836355,0.044937003160068913,-0.23008417705233844,-0.36731862976245722,-0.0030609508852582467,-0.00137256458757871,0.0019612516780072413,0.075516163490371768,-0.039721300931196912,-0.040869112639372505
115.802,268477.316059046,2,438,1,439,268476783171666,268476.78267617105,411062f32175dcb8,0.42962693685306402,0.53713371953879807,0.50360562234759698,0.059081444383293436,0.8918819070990236,-0.03580335621999986,0.44696109407291418,0.43601156088088155,0.56954612178373032,0.51053625786699397,0.2907324168378202,-0.34136600743544965,-0.67243261660212927,0.58887883889373582,-0.037389714210623932,-0.37932759767931756,0.15296953529505511,-0.0029825596147383172,-0.0014000510048575981,0.0019374102373461313,0.068545909318808274,-0.029164075023160721,-0.034224046102611753
10.464,268477.316059046,1,453,1,454,268477283218208,268477.28272271308,411062f52182101a,0.44219581399617719,0.38285939074852127,0.43456806652008428,0.0289186472418278,0.85180906715403937,-0.042775620016027527,0.52130156771353808,0.44591739943675524,0.4158499549553118,0.44066178681992668,0.33836893358790393,-0.39886279394397395,-0.62276852265871796,0.58187138061196098,0.035326460499443615,-0.2105608303799836,-0.44678932305710622,-0.0029819550988067181,-0.0014001467690515964,0.0019373880124928665,0.06789158951853845,-0.027843308208634877,-0.033806080897217913
117.531,268477.416068338,2,441,1,442,268476883180958,268476.88268546306,411062f387deb2b2,0.42683797020980468,0.49840804695627594,0.51587730867245929,0.055774587942739373,0.88645142509148944,-0.024443693151681795,0.4587980224136452,0.43249894383779963,0.53080564560554067,0.523474013965605,0.30713488348716445,-0.34170348493701869,-0.66625438550034366,0.58737720889457579,-0.038509935335117984,-0.37610173248779638,0.11709026857912638,-0.0029736680019258263,-0.0013754537952744875,0.0019271933641883832,0.066959507753653502,-0.027487128005266745,-0.030882504112191417
13.119,268477.416068338,1,456,1,457,268477383227500,268477.38273200509,411062f587eae614,0.44565470930774337,0.36640283261935874,0.3867821027352269,0.022618375568067228,0.84405613775835076,-0.032704319112052127,0.53477857672406359,0.44845651196104458,0.39940737644247509,0.39327909749330897,0.3550201027709049,-0.40127099317678439,-0.61283140914952161,0.58084419651337216,-0.030650643023179366,-0.13512846379836896,-0.46576787031859368,-0.002973335205529505,-0.0013750191617591346,0.001927135785006396,0.066584613150021302,-0.027390185581098486,-0.030842068414700934
111.512,268477.516077755,2,444,1,445,268476983190208,268476.98269471305,411062f3ee4785da,0.42653840151048295,0.46407870395107764,0.52285354553231123,0.047446214752279003,0.87952124506044682,-0.059272290080554457,0.4697638609281144,0.43262763571106705,0.49683558640069447,0.52826361309187309,0.29026136564346428,-0.37408503991806391,-0.65546495933338911,0.58836588073270391,0.039206446631028138,-0.32443506434945024,-0.049217807942840537,-0.0029575919640596493,-0.00141905526861212,0.0018990176610247558,0.062479313717631879,-0.026212599418861046,-0.031013122106977931
11.674,268477.516077755,1,459,1,460,268477483236791,268477.48274129606,411062f5ee53bbfc,0.43963310287571739,0.35078408549771101,0.33513205905127191,0.047200771754304482,0.83815379374449506,-0.046026498461213872,0.54143505596644614,0.44414162565934773,0.38356487680926787,0.34179943449174638,0.35030674114945032,-0.41539803777000872,-0.62604020036209485,0.55928823056869947,-0.06891868574297623,-0.12908727244259621,-0.53119303584371302,-0.0029577080480526013,-0.0014188758691327733,0.0018989129758390096,0.06205013748596018,-0.027349189796524564,-0.031197418054115984
112.344,268477.616087046,2,447,1,448,268477083199583,268477.08270408807,411062f454b06166,0.43230806753385292,0.42851118974902058,0.50934696820678838,0.038955321602507753,0.86056490939916785,-0.030774326631028887,0.50691568693672717,0.43641496135288921,0.46126759933124539,0.51638344505300149,0.33668277571768385,-0.3802042446542418,-0.63605683823269388,0.58096569556158995,0.05443745862827909,-0.29616608038985132,-0.24293325271393812,-0.0029696425717294973,-0.0014258451054356526,0.001945374672582561,0.056051211611216421,-0.03067160373129877,-0.032407354946111536
11.394,268477.616087046,1,462,1,463,268477583246041,268477.58275054605,411062f654bc8f24,0.42794903245153026,0.33477557384847578,0.28273666074972426,0.063915953170155249,0.82644536913224353,-0.046510749715534594,0.55744022652083447,0.43309076287154968,0.36731733691687263,0.29008221836332787,0.36128168814477518,-0.4270578194385693,-0.62958051195547737,0.5391897065351996,-0.150327538970952,-0.082664384866053445,-0.58085407573171766,-0.0029704106122900821,-0.0014257240347434535,0.0019454871684018962,0.054459461288991651,-0.032385674880667778,-0.032906700751733603
119.351,268477.716096296,2,450,1,451,268477183208833,268477.18271333806,411062f4bb19348e,0.44002243179685602,0.40235898366121409,0.48003288798249766,0.017643131417316438,0.85741847036767294,-0.046372049458057674,0.51222258133324328,0.44337760928176756,0.43550013535052978,0.48548887558485793,0.32940606134404699,-0.3949860408578314,-0.61876197611519879,0.59381082104595551,0.047475997493320883,-0.24687254119484572,-0.38495653380935957,-0.0029738663704677536,-0.0014287912995795821,0.0021025640180674823,0.054473940007998815,-0.022484394288750955,-0.040270234055027693
19.160,268477.716096296,1,465,1,466,268477683255291,268477.68275979609,411062f6bb25624d,0.40673278450701683,0.32641890688402941,0.22133137341703685,0.077578280285348467,0.81334214904251922,-0.063007255926007089,0.57313724179468484,0.41292642844980809,0.35883720216268022,0.22840624853273545,0.36071636269703372,-0.44982207618473752,-0.62997586031407682,0.52026360710798625,-0.20925752236565023,-0.054481443696107898,-0.68297267610160461,-0.0029741557575506949,-0.0014277601509019311,0.0021029524426715573,0.052410339440434689,-0.021809897003940953,-0.040785340724042128
119.049,268477.816105630,2,453,1,454,268477283218208,268477.28272271308,411062f52182101a,0.44307709779448795,0.37764875143782484,0.4374498150534526,0.029265749908987282,0.85201249782903554,-0.042199455371840083,0.52099662053049112,0.44680293483886829,0.4106308674459373,0.44358651725518383,0.33856071328875004,-0.39823975381252957,-0.62315780850786806,0.58176978917473865,0.032597343156969119,-0.2192133145320011,-0.44677947585090794,-0.0029811356569047404,-0.0014188671806173942,0.0020703387131851651,0.060124292756347245,-0.013263868363547893,-0.044336608815760813
11.459,268477.816105630,1,468,1,469,268477783264708,268477.78276921308,411062f7218e40aa,0.37824075861862266,0.32671099009881838,0.14640260944317665,0.098898390119581236,0.80410819817508583,-0.064469440030931802,0.58264299410011822,0.38540050442474405,0.35873951432082174,0.15429391023068129,0.36640402416522255,-0.45757757818977984,-0.63852206505061682,0.49865862416787998,-0.26483229200163422,-0.02124655037762771,-0.77586704082139513,-0.0029804089991392556,-0.0014184379509112675,0.0020706105380110906,0.061455243776312174,-0.01087055564275053,-0.044523692073098503
121.652,268477.916114880,2,456,1,457,268477383227500,268477.38273200509,411062f587eae614,0.44548173395919616,0.36180765635661005,0.39066032491211194,0.023665972273504365,0.84399908997368933,-0.033029121834594777,0.53480331730763364,0.44835237202031164,0.3948025051615387,0.39717648493382512,0.35480792680330531,-0.40151815761227894,-0.61353183298986358,0.58006309492440533,-0.037425735889633195,-0.15248607331501329,-0.45901937409350108,-0.002988057018188774,-0.001207540406578054,0.0020648315584911162,0.07167892001866108,-0.017846131418575627,-0.044804455901643489
11.730,268477.916114880,1,471,1,472,268477883273958,268477.88277846307,411062f787f713d2,0.3502325422137908,0.33591552417454335,0.067215449535484084,0.11621286109221513,0.79603332507545321,-0.048673974782149576,0.59199359259832018,0.35744637348754632,0.36750281224831294,0.07667931885332023,0.38418497588778006,-0.453020369327851,-0.64505544718822416,0.48070564728216314,-0.27135226765284504,0.00030566492279248889,-0.83529350228288446,-0.002987388007708501,-0.0012088073449273765,0.0020651049287024621,0.077483884693663518,-0.016867989074596065,-0.044756506637510012
123.312,268478.016124171,2,459,1,460,268477483236791,268477.48274129606,411062f5ee53bbfc,0.43793141175638362,0.35029468529313423,0.34037072366898818,0.048815346920293545,0.83785718937626597,-0.047392550040667974,0.54163307831841112,0.44257295594291357,0.3830601944040804,0.34702192147326311,0.34948081978404333,-0.41650400502376667,-0.62697214642580124,0.55793682259594479,-0.082441961297982022,-0.13869608313880061,-0.51646455213783216,-0.0030054284975353303,-0.0011083287542048349,0.0020087419975476218,0.087008823790247922,-0.025678124956474532,-0.050363622230514542
13.598,268478.016124171,1,474,1,475,268477983283375,268477.98278788006,411062f7ee5ff22f,0.32491106823038468,0.34740582737237946,-0.013365829299260192,0.11314163746469807,0.81270161116696482,-0.023317978447965737,0.57111416211822874,0.3314397756983985,0.37881423321698038,-0.0028658782010626835,0.38735038587541731,-0.42032698636627064,-0.65467002200492408,0.49466358809041772,-0.21457264793600375,0.047534645140291674,-0.86385312101024248,-0.0030048717357683938,-0.0011105982719997285,0.0020090022013440362,0.09217439884731439,-0.024607886800431637,-0.050507224588287346
164.296,268478.116133505,2,462,1,463,268477583246041,268477.58275054605,411062f654bc8f24,0.42434912125532925,0.34067581462345109,0.28706848410934405,0.064856781834226218,0.82621403042345687,-0.048278196355676095,0.55752420821938986,0.42960439098258607,0.37321307046735086,0.29435340512531849,0.36009129870036161,-0.42836697693691106,-0.6300821971006948,0.53836085905921893,-0.16412939909935492,-0.06700079395870015,-0.56722478277674471,-0.002991302987384759,-0.0011887533958206038,0.0019055870973664212,0.096987290258987113,-0.030183995020972486,-0.054320861735888834
36.269,268478.116133505,1,477,1,478,268478083292583,268478.08279708808,411062f854c8c286,0.29987169508161865,0.35505668409559477,-0.09502443965155051,0.095541389364432405,0.82980030779417202,0.0096708786376945577,0.54973613617977357,0.30475062024442934,0.38642968069213834,-0.08356616204208589,0.39556048309637815,-0.38188379573077152,-0.65431537156664621,0.51919944655442396,-0.30891288416782592,0.033348481172793168,-0.8273424195994834,-0.0029907319119313693,-0.0011903207242660438,0.0019053647373988751,0.099095033320905024,-0.029485255737698418,-0.054438114817714725
190.457,268478.216142671,2,465,1,466,268477683255291,268477.68275979609,411062f6bb25624d,0.40108450022117426,0.34031639134678771,0.22792073669002208,0.077058955527169459,0.81276010648699815,-0.064016887591431926,0.57392056766759203,0.40727590075769932,0.37274993010220692,0.23492738176192618,0.36055634034078027,-0.45108988858473997,-0.62919707603870279,0.52021925892936449,-0.21721670647625327,-0.0057862980418037866,-0.6551465058322602,-0.0030850519615058759,-0.0013667726237671443,0.0018658604957190901,0.095695230157423761,-0.052499048707291274,-0.05096452073899907
20.229,268478.216142671,1,480,1,481,268478183301916,268478.18280642107,411062f8bb319b40,0.26431952726819841,0.35437427566118773,-0.16126966964913328,0.097578620154441187,0.84262215682787966,0.026764727450781567,0.52891399706233244,0.26916814499364344,0.3854278820259095,-0.14896010467452864,0.39292418381007937,-0.35507314426303843,-0.66482232739263769,0.52682532304415575,-0.32685372829671111,-0.043381086728511188,-0.66702419530845347,-0.0030849054169019342,-0.0013666557778017983,0.0018656305690430482,0.093016866670314946,-0.054032045748003889,-0.051229890243746717
205.325,268478.316152130,2,468,1,469,268477783264708,268477.78276921308,411062f7218e40aa,0.37456093048381522,0.34277826196342048,0.15963150646390101,0.097766131200464457,0.80341415079299838,-0.063858663381866854,0.58385752561666981,0.38161731613955208,0.37483018756523245,0.16752089418792765,0.36769471191254488,-0.4580044973393953,-0.63723067151487078,0.49896848650906339,-0.2585060567963548,0.026209694105018909,-0.72658285192803906,-0.0031179362387598322,-0.0015614930787734285,0.0018886086859740874,0.087232502940057646,-0.076856453590582699,-0.043691625219339038
17.569,268478.316152130,1,483,1,484,268478283311125,268478.28281563008,411062f9219a6ba8,0.23334747697595548,0.34138920442753828,-0.21022342853637144,0.10104204235123027,0.85242719135190381,0.044518494886058024,0.51105434735158783,0.23818354705393807,0.37205208113319377,-0.19696592612071212,0.39284931373708032,-0.32989065616787289,-0.67420454286617948,0.53130952000509224,-0.32346453273026154,-0.13581170594011605,-0.49613731467500749,-0.0031186247716807878,-0.0015607149898495959,0.0018886507335528768,0.083627101253835281,-0.079445383745167797,-0.043948887042512784
220.128,268478.416161421,2,471,1,472,268477883273958,268477.88277846307,411062f787f713d2,0.3456050164837936,0.34701743495465742,0.08368768965272548,0.11400136628843632,0.79577140166660199,-0.046197714028583303,0.59297334611680053,0.35259265485637592,0.37864062692902717,0.093201237429069148,0.38662874695040211,-0.45196217894198143,-0.6433064764438966,0.48208420239924549,-0.26699625587093589,0.019913606372331624,-0.78342896982021959,-0.0031232827264486966,-0.0016508291277121845,0.0018794366264480227,0.080792742057626835,-0.088860107342575559,-0.039646858247673111
15.381,268478.416161421,1,486,1,487,268478383320500,268478.38282500504,411062f988034733,0.20310830462630414,0.32374632968370232,-0.2511057332227814,0.10938329595276897,0.85419961307331538,0.055233348368550816,0.50529956068889037,0.20815675777855949,0.35401770510138586,-0.23705162695245069,0.39635661052718008,-0.31824486224735754,-0.68135599107948353,0.52666465456176237,-0.28834733397736051,-0.13567342580844191,-0.40883938143373605,-0.0031239378597703459,-0.0016499808576198524,0.0018795607830193921,0.079392767292550653,-0.089885913211765353,-0.039633989395100849
261.286,268478.516170671,2,474,1,475,268477983283375,268477.98278788006,411062f7ee5ff22f,0.32316131190373648,0.34872807108668835,0.001287334740489289,0.11054314026554235,0.81285415569887376,-0.019979855819617032,0.57153232128831633,0.32942378579493481,0.38016323686068026,0.011869051306826982,0.39000647813647055,-0.41826226045905185,-0.6529404723334693,0.49660886830202411,-0.20304001758075579,0.031869264437075641,-0.81951143823956785,-0.0030547795661919758,-0.0016638703996302909,0.0018918001419024574,0.074761733105051562,-0.085012962790137814,-0.032182528689196001
41.175,268478.516170671,1,489,1,490,268478483329791,268478.48283429607,411062f9ee6c1d1c,0.179884424802042,0.30589912954821669,-0.29405562307133515,0.11112557716780336,0.85159323597531933,0.052674334377179721,0.50957387516493424,0.18500402830458579,0.33618263198099885,-0.28005347708055867,0.39756951109939398,-0.32307675501618321,-0.68074498303730258,0.52358968886136859,-0.24507041915414357,-0.15706253054480995,-0.39254792610893657,-0.0030548263633075751,-0.0016636027249236252,0.0018919195355153644,0.074592638756493024,-0.08429935002684219,-0.031320607027299427
276.651,268478.616180046,2,477,1,478,268478083292583,268478.08279708808,411062f854c8c286,0.30000282368598946,0.34985977862315609,-0.08164905999183189,0.093823561643890163,0.82963965270580098,0.012304424378491052,0.55022162833884236,0.30468525839744393,0.38123254562172748,-0.070108468672799976,0.39776597588747081,-0.38036489251719208,-0.65298708366946201,0.52030053385281461,-0.29474349840713371,-0.007333789558558762,-0.78730942012850558,-0.0030521403334980175,-0.0016363104058507686,0.0018825580841225738,0.073228183881630174,-0.080519966327521092,-0.027749516715022491
26.318,268478.616180046,1,492,1,493,268478583339125,268478.58284363005,411062fa54d4f5e7,0.16212782811536725,0.29001096101575857,-0.34175813516856196,0.10302379475231854,0.85215784065048883,0.046827150627732461,0.51090153993631282,0.16699227703794323,0.3205883769690393,-0.32831493159700575,0.39437372866732806,-0.32815013892426176,-0.6754153936879177,0.52971774977851316,-0.15356977044103845,-0.14431617014668846,-0.44580757056745179,-0.0030519004844768833,-0.0016362804810521488,0.0018826119808865711,0.073963307677627474,-0.079298067023940544,-0.02714852096849538
249.040,268478.716189213,2,480,1,481,268478183301916,268478.18280642107,411062f8bb319b40,0.26785546944516503,0.34563102818009223,-0.15865593709467718,0.09641532263424879,0.84268135343754491,0.027744948011896864,0.52898250746343067,0.27260697577016846,0.37669407405265859,-0.14633232882725442,0.39366574856537057,-0.35442846784356608,-0.66404161017246166,0.52768975691033948,-0.30790141005826543,-0.077874329782286394,-0.65726121303410079,-0.0030586982323261742,-0.0015610424375826883,0.0017820764840950336,0.069675162894669088,-0.069840286706777083,-0.018669245116212645
18.272,268478.716189213,1,495,1,496,268478683348375,268478.6828528801,411062fabb3dc910,0.14653013424381567,0.2810379239397785,-0.39643627599092335,0.092022121149058389,0.85041826537564424,0.038092984097762461,0.51659430979223542,0.15097980662273053,0.31201114964286231,-0.383778446112435,0.39222313651205015,-0.3383515232030529,-0.66640597044513117,0.5362670421403003,-0.14524184346817359,-0.076131526332154129,-0.46862982662902936,-0.0030581342934080527,-0.0015613134213855796,0.0017817491322061078,0.071203021223790186,-0.067757050071162339,-0.017855264377313843
256.981,268478.816198546,2,483,1,484,268478283311125,268478.28281563008,411062f9219a6ba8,0.23706883510904003,0.33579680994284805,-0.22010278367932651,0.1005198770838403,0.85247825875352001,0.043644176639854149,0.51114754398463647,0.2419052593171066,0.36648676247177603,-0.2069082103016695,0.39229697736218244,-0.33057479248168892,-0.67387142637955133,0.53171485670175966,-0.30753952523344807,-0.15074564978419255,-0.51624030550482236,-0.0030745632793763508,-0.0014842257340696976,0.0017327441638526628,0.06102681346309393,-0.056598349313776108,-0.0086460602430172562
26.065,268478.816198546,1,498,1,499,268478783357541,268478.78286204609,411062fb21a69695,0.13472370446377938,0.27416399516137929,-0.454832553961599,0.075924203108662103,0.85522833652687391,0.047057315731395044,0.51049551421381434,0.13815082462226067,0.30529482306701,-0.44224337792438612,0.39424937643451408,-0.32770028408892354,-0.65842425757716938,0.55105122268532258,-0.14049255948825021,-0.032707218258970994,-0.49581765218723356,-0.0030735924178979805,-0.001484482292651563,0.0017324590314826349,0.06142377332491316,-0.053689804444445322,-0.0079589615564373394
270.748,268478.916207796,2,486,1,487,268478383320500,268478.38282500504,411062f988034733,0.20637959859952212,0.31934462497494825,-0.27001926924385866,0.10874086698865287,0.85427488625238279,0.053749646997203693,0.5054709400402666,0.21144081807689832,0.3496591900847939,-0.25606318986713689,0.39542865875244743,-0.3194151810186685,-0.68095495138855666,0.5271721466005771,-0.27591356520235222,-0.13813044508299946,-0.44741376881527078,-0.0030894369640849188,-0.0015123628855837376,0.0016306181588843604,0.053310739317978084,-0.04741673850859613,-0.0064220608746183658
14.827,268478.916207796,1,501,1,502,268478883366958,268478.88287146308,411062fb880f74f2,0.12039511124593984,0.26900814525753824,-0.50627368225776215,0.060807509202012,0.8611487220286087,0.032743013157970624,0.5036400239009593,0.12364199994398554,0.30065258614309942,-0.49498439411415762,0.37928007272658798,-0.33297446067764347,-0.65192148571518516,0.56592668379557132,-0.12566121675176525,-0.063581354310753152,-0.44268697743464119,-0.0030883874795280095,-0.001512240030804371,0.0016300868000812862,0.052203473133487929,-0.045788050202188818,-0.0065382180964919309
265.775,268479.016217171,2,489,1,490,268478483329791,268478.48283429607,411062f9ee6c1d1c,0.17883180398356832,0.30383879126965663,-0.31417162898738121,0.11028578981586407,0.85136401250050064,0.051331714274146761,0.51027587744855807,0.18393629768143677,0.33416766951899196,-0.30026248666328315,0.3971165259071931,-0.32452252133228759,-0.67998907825265198,0.52402142270774132,-0.24676177257997398,-0.14694739333563683,-0.43261728808617034,-0.0031192007412366549,-0.001547820939749063,0.0016271838781141002,0.05797566746698548,-0.048830059006650328,-0.014662116639959435
14.598,268479.016217171,1,504,1,505,268478983376166,268478.98288067104,411062fbee784548,0.10469212886673716,0.26495602181753286,-0.54615490247462384,0.058911895643222301,0.8594638148632906,0.036857289028776857,0.50645131350435935,0.10763547828592331,0.29656592252922731,-0.53468704203075756,0.38417718690665692,-0.33205311027668127,-0.64938967529835157,0.56607567571127038,-0.11250968216949681,-0.02744877570519156,-0.35034832176335184,-0.0031190246474561431,-0.0015475599038857247,0.0016269819748696197,0.057957763257284085,-0.050294045685912246,-0.015725976228778818
230.151,268479.116226380,2,492,1,493,268478583339125,268478.58284363005,411062fa54d4f5e7,0.15956903087836144,0.28969406450156165,-0.35957098664025616,0.10176046707151737,0.85195681473358698,0.04617134812512616,0.51154926741729956,0.16437389675456202,0.32031198720688298,-0.34619873832184339,0.39436801876493455,-0.32907187379061648,-0.67437993935647655,0.53046891053944722,-0.16510712902940874,-0.12877826403513926,-0.48009704618351001,-0.0031446537089694529,-0.0015978290017704673,0.0016238662610583105,0.067827044386401275,-0.061552458797086651,-0.027636014924543047
15.015,268479.116226380,1,507,1,508,268479083385416,268479.08288992109,411062fc54e11871,0.091187911109568254,0.26453558055619625,-0.57042735740914197,0.066076613972405496,0.8493658756498903,0.070704186388763024,0.51885687969518157,0.093071773952610251,0.29538248032465059,-0.55685235142644951,0.41688261665984866,-0.31689180001268441,-0.64731557497558767,0.5538691338263787,-0.14783267132683039,-0.023884365598309153,-0.22776708385053321,-0.003145633471586752,-0.0015980642577382489,0.0016240302758792251,0.068739320155963055,-0.065017328754935891,-0.029019303859697934
222.089,268479.216235671,2,495,1,496,268478683348375,268478.6828528801,411062fabb3dc910,0.14413236922676534,0.2808147578439103,-0.40366628353625278,0.091480092485144104,0.85038649420748513,0.038076847407116476,0.51674404694435316,0.14855041153853796,0.31179966953622901,-0.39102598680250489,0.392317606301813,-0.33846881371897192,-0.66600023270362352,0.53662784866610036,-0.16305794585031508,-0.072512305308302813,-0.48007222319841464,-0.0031347378504156835,-0.001586687403073127,0.0017113498194550306,0.070638273370307356,-0.077272891215441092,-0.04156572128660093
16.014,268479.216235671,1,510,1,511,268479183394791,268479.18289929605,411062fcbb49f3fc,0.078584633501832674,0.26318113654769787,-0.58169254113866597,0.081195800021176323,0.8403077992061333,0.080069494663332852,0.5299801636751178,0.080656168494062319,0.29354852295490624,-0.56710173795522656,0.43137023879451486,-0.31813487652203659,-0.65160142656477749,0.53677322802224281,-0.10461215895867525,-0.040924752077629335,-0.1684115013592187,-0.0031360969644805051,-0.001587083763314084,0.0017118824759672399,0.070043910881743776,-0.080411083760835445,-0.042739472623190937
217.345,268479.316245005,2,498,1,499,268478783357541,268478.78286204609,411062fb21a69695,0.1284389915766336,0.27318310655237332,-0.4558272450024885,0.075622331452341152,0.85533809126660842,0.047717980132859994,0.51029507169737354,0.131832047148492,0.30430750673673024,-0.44321297375850133,0.39457480244160675,-0.32709138956414613,-0.65828841040628483,0.55134228649354478,-0.16291922926277899,-0.031163941932733009,-0.48199646444150862,-0.0031483816334713388,-0.0016248938579460704,0.0017909241002885784,0.069910691512968887,-0.073323022016068426,-0.046542047663297191
22.075,268479.316245005,1,513,1,514,268479283404041,268479.2829085461,411062fd21b2c725,0.065293038289746086,0.25739100220059052,-0.60279178567260161,0.09017324704869728,0.83535210217481581,0.092305710848073985,0.53435508780783803,0.067275654002419319,0.28729676130831694,-0.58726517113197807,0.4431160884437203,-0.31257610375106282,-0.65444523318366699,0.52692100763711969,-0.095628322432981708,-0.049673725512242563,-0.14334798873388024,-0.0031487691979579738,-0.0016248009412129516,0.0017915036927466986,0.067976924857243756,-0.072823678385402407,-0.046647499960310486
185.484,268479.416254171,2,501,1,502,268478883366958,268478.88287146308,411062fb880f74f2,0.11198386914235736,0.26892287431829021,-0.50311474335432971,0.061180407039244655,0.86112694049993455,0.033841942003983327,0.50355945658245171,0.11521606158812148,0.30054301276698886,-0.49175337334691965,0.38000016304922746,-0.33214043096351803,-0.65216976243134639,0.56564760334696951,-0.14763141574115726,-0.05874671778895979,-0.41153415796571835,-0.0031540078387501504,-0.0016514904976476855,0.001821201915878065,0.067423671516818634,-0.064377320017738673,-0.047083371131323777
14.274,268479.416254171,1,516,1,517,268479383413333,268479.38291783805,411062fd881b9d1e,0.049089336815604442,0.25023352438618418,-0.62166977113272748,0.094222160972746882,0.83520284758178276,0.099468127886744806,0.53260166402302378,0.051071718841546425,0.27987922380570551,-0.60565216771032948,0.4469408241511526,-0.30627165241253435,-0.65720270866758002,0.52395245428910864,-0.13696427837869415,-0.081645926961155649,-0.079159559686415873,-0.0031534862094756179,-0.0016510055521522927,0.0018213024438534717,0.065778837337141058,-0.06256613596033031,-0.046384257558087526
187.486,268479.516263463,2,504,1,505,268478983376166,268478.98288067104,411062fbee784548,0.09825430103314825,0.26563487979205469,-0.54237971915046068,0.059722461493739942,0.85946427264052772,0.037618220563296972,0.50629962901600944,0.10121962630635407,0.29721828260235666,-0.53084470875112011,0.38460798961295978,-0.33140779331545989,-0.6499631555899813,0.56550284281440066,-0.12609407554343655,-0.030582772079245642,-0.32433270558584731,-0.0031194197658715771,-0.0015773673659374534,0.0018090855880579339,0.060585660178662265,-0.06035469849393036,-0.042273210957269741
16.441,268479.516263463,1,519,1,520,268479483422583,268479.48292708804,411062fdee847046,0.034010981627601106,0.24030326306539473,-0.63161790285432129,0.098826738054501151,0.83527770421859238,0.10953764211821609,0.52966592381659461,0.03595171594487899,0.26959224396764364,-0.6149520665421514,0.45198516400550143,-0.29707554905311223,-0.6605115678940533,0.52074945833082864,-0.18566453499044608,-0.14347078428510013,-0.021244326919725314,-0.0031187351941162947,-0.0015770943529370435,0.0018085894439431492,0.060639696380254626,-0.059528709813720909,-0.04154350611524972
198.925,268479.616272755,2,507,1,508,268479083385416,268479.08288992109,411062fc54e11871,0.085896820703033422,0.26303127124406861,-0.57254232073806244,0.067150187931542482,0.84937554265813653,0.070881648269291803,0.51867898062873463,0.087836415901155346,0.29385553956134464,-0.558923825772076,0.41688230752272953,-0.31664052188399461,-0.64808154198890389,0.55311683802686806,-0.15369036321081345,-0.039626006069251575,-0.22498798471608847,-0.0030779462055761098,-0.0015634341633428853,0.0017540413606539366,0.060611554638682542,-0.063716771046671963,-0.03672608703458375
28.259,268479.616272755,1,522,1,523,268479583431875,268479.58293638006,411062fe54ed4640,0.015226008248527944,0.22330395540365824,-0.62983700685322686,0.10746053149184487,0.83227269909603929,0.12294876616224101,0.52977168914783146,0.01712032753420124,0.25203967560805152,-0.61222931277520087,0.46154304788899814,-0.28766723993150006,-0.66449172217540842,0.51251958516322738,-0.24520236218052527,-0.1843261398354604,0.066739133651497307,-0.0030778728315618543,-0.0015635864450700406,0.0017533752291324001,0.06198074507272433,-0.064781084579187645,-0.036541000674230648
209.343,268479.716282046,2,510,1,511,268479183394791,268479.18289929605,411062fcbb49f3fc,0.0732945790341748,0.26004122489954429,-0.59158019228263836,0.081259817431872716,0.84042553742307369,0.080232655939786762,0.52975893786835193,0.075369484261676029,0.29040361799904407,-0.57697947978170416,0.43132918097247736,-0.31786307381612311,-0.65172994719817878,0.53681121436761814,-0.108147955632557,-0.050491669235136552,-0.1903721593442885,-0.0030732108703181511,-0.0016132426904391988,0.0016872126902893613,0.058140052765125461,-0.065864260477860037,-0.037739964800646432
23.748,268479.716282046,1,525,1,526,268479683441208,268479.68294571305,411062febb561efa,-0.0070251168777047592,0.20380266467880948,-0.618644288192575,0.11619875602069729,0.83034727275842901,0.13291945422051127,0.52853923943647096,-0.0050138990355364389,0.23205202468367406,-0.60027884199397963,0.46772191531532598,-0.27974542545479675,-0.66930909784711889,0.50497924552396589,-0.24944815586642538,-0.22191305863634184,0.075602300544128476,-0.0030734953352387485,-0.0016131903462249405,0.0016868323018140489,0.056907054005597195,-0.06679529506964732,-0.038105178039892079
219.885,268479.816291338,2,513,1,514,268479283404041,268479.2829085461,411062fd21b2c725,0.064486574333836505,0.25609976654418698,-0.60757778040970889,0.089845860690421719,0.83566846965025787,0.091942378503178324,0.53397807295510924,0.066475748770682602,0.28602078651985297,-0.59208143565869753,0.44259258393377598,-0.31256642875724777,-0.6544374416571016,0.52737621032624504,-0.092610630733551677,-0.051730874148319672,-0.15957474226736645,-0.0030676481909690557,-0.0016143876442320884,0.0016888695367037099,0.049686446264532044,-0.064061896293799478,-0.0390895386368579
20.000,268479.816291338,1,528,1,529,268479783450500,268479.78295500507,411062ff21bef4f4,-0.031300680490751215,0.17991963743196174,-0.61217122728383377,0.14670203930060682,0.82737578031134684,0.12499698465471881,0.52754491454182517,-0.027467571390336207,0.2076202645086489,-0.59326769623407427,0.46141678965365901,-0.28464436340246357,-0.68877701332525265,0.4813090052384873,-0.20627573107045319,-0.26613999919674752,0.00062389053788715777,-0.0030676558847743014,-0.0016137500118370395,0.0016889769299986658,0.046897694734856221,-0.063399712455678811,-0.039170224137758655
232.220,268479.916300588,2,516,1,517,268479383413333,268479.38291783805,411062fd881b9d1e,0.055333037761431184,0.25108081018063366,-0.61849925964817754,0.093871160483161853,0.83553831998535055,0.098489418868801831,0.53231927322704398,0.057340496221734157,0.28075816675474147,-0.60254352183164206,0.44604909194470038,-0.30676402373604816,-0.65719172865295061,0.5244378639140429,-0.1228461674731483,-0.079514101503992532,-0.079616874557222633,-0.0030697244011960874,-0.0015597538989149914,0.0016884119985161314,0.038929362769401038,-0.058281471277512535,-0.038042206470892063
18.859,268479.916300588,1,531,1,532,268479883459666,268479.88296417106,411062ff8827c279,-0.050027968145493526,0.1548552018532724,-0.61448217344899636,0.16436181213677192,0.82605014935794496,0.11537023526748402,0.52660811566442733,-0.04496426791288919,0.18231726653336003,-0.59552024065121423,0.45394723324108277,-0.29078908617265686,-0.70032699550811617,0.46788429783250068,-0.1301705162903655,-0.24274120577380295,-0.049065480849537012,-0.0030693217803982116,-0.0015588546322795101,0.0016885904808784809,0.037753240054392095,-0.056198408079938367,-0.037519363630579561
241.279,268480.016309880,2,519,1,520,268479483422583,268479.48292708804,411062fdee847046,0.041073101860976222,0.24264814089423734,-0.62214341805334017,0.098010405993004202,0.83556521023941732,0.10856406209792741,0.52956457338829099,0.043009883204910282,0.27198005769846345,-0.60555280364089759,0.45122507341622109,-0.2976923084959468,-0.66013763142457504,0.52152998970340336,-0.17659902184328047,-0.14387951740461649,-0.016189854983922936,-0.0030473754845381498,-0.0014614321338927861,0.0016020793614550533,0.034726049857931277,-0.04816908858429176,-0.035956480939768325
16.919,268480.016309880,1,534,1,535,268479983468916,268479.98297342105,411062ffee9095a1,-0.054224207685658915,0.14186818866419998,-0.62225818243389375,0.15657605573757422,0.83095349593699219,0.12692164063537179,0.51854717886674573,-0.049695670938294467,0.16923003347340532,-0.60301804845485574,0.45641536717092629,-0.27692106640140779,-0.69828882403235715,0.47685684835686626,-0.015027065060894329,-0.10839297663411782,-0.085732487901904353,-0.0030463458324897007,-0.0014618208265011865,0.0016019699272403372,0.037880819067092023,-0.044929403392366278,-0.035295971003628239
257.934,268480.116319213,2,522,1,523,268479583431875,268479.58293638006,411062fe54ed4640,0.021973334357631644,0.22866617736683714,-0.61559073735758651,0.10727785045910693,0.8327268739419329,0.120571143722807,0.5296414529940271,0.02394807940276223,0.25747216757055486,-0.59810713754643052,0.45976972411864375,-0.28925638197173331,-0.66468369728663323,0.51296991026166483,-0.2379611020922798,-0.18850343894723598,0.064405248401223011,-0.0029396650387656827,-0.0012726066769714033,0.0015141241305331372,0.037106106072549015,-0.03820024152392143,-0.029497367256084213
20.818,268480.116319213,1,537,1,538,268480083478291,268480.08298279607,4110630054f9712d,-0.048357657690869714,0.13867628912993352,-0.63037199484067286,0.15434682062823402,0.83391902296612341,0.14082492968302401,0.51080770793854846,-0.04418549558245348,0.16569096857253132,-0.61056893674548518,0.46077384464523069,-0.26161732446606678,-0.69880946102792207,0.48053009979389916,-0.036753846697765748,-0.13994771717596322,-0.11989573616011535,-0.0029383600895758828,-0.0012738593690828795,0.0015137335148555518,0.041732667537509947,-0.035739380558224759,-0.028637671004028437
261.192,268480.216328463,2,525,1,526,268479683441208,268479.68294571305,411062febb561efa,-0.00074694176034862444,0.20985236697596665,-0.608139085958317,0.11676486207563103,0.83088942376976083,0.13006384997774506,0.52827282780156382,0.0014041685690060765,0.23817125134374897,-0.58989697904925309,0.46551431677598692,-0.28157626105690031,-0.67009275391312295,0.50496230675064202,-0.24033115521756393,-0.21450543242906789,0.062057397349036252,-0.0028807280117364039,-0.001256037272304478,0.0014918192981983305,0.054587073234436186,-0.036541496785527428,-0.030368972515614569
21.899,268480.216328463,1,540,1,541,268480183487500,268480.18299200508,41106300bb624195,-0.041256340806510534,0.13373981790102332,-0.63936075648087509,0.1144318395709597,0.82830506369849866,0.19550002225691401,0.51244108934965249,-0.041044610368025841,0.15995915156785689,-0.61810369496580986,0.50058994737892948,-0.22411117181502033,-0.66661563944050484,0.50478458425766726,0.040703031425199585,-0.044916927766906742,-0.072479563227260971,-0.0028803559805257581,-0.0012574543350469475,0.0014916299169234553,0.058819198000678585,-0.037354332983101243,-0.03033449606759989
266.388,268480.316337671,2,528,1,529,268479783450500,268479.78295500507,411062ff21bef4f4,-0.025063615227925076,0.1873859079714833,-0.6059361023676445,0.14687280003289449,0.8281872109091919,0.1222158364641189,0.52687538073704587,-0.021099353438758465,0.21515898944702336,-0.58716640535925979,0.45897678907992734,-0.2861375002142017,-0.68947152745673379,0.48176202723287159,-0.19291643758726892,-0.23586701223288303,-0.015189227861688748,-0.0028217199292005241,-0.0012921898720057157,0.0013815295520904468,0.080625430876562265,-0.038604185485225422,-0.039418305199343903
21.730,268480.316337671,1,543,1,544,268480283496875,268480.28300138004,4110630121cb1d20,-0.025259466256905668,0.14109557899832947,-0.64072493089613247,0.030699633745868649,0.83717673104973334,0.19597194499990261,0.50969373496462311,-0.0292852311737298,0.16881068979305447,-0.62188277596530817,0.49898097427752475,-0.22183479918784577,-0.61368124645074962,0.57026540920258761,0.13820057099523719,0.10279405473361525,-0.084485373276352915,-0.0028219965126473324,-0.0012938322198118846,0.0013810408423999218,0.086204794648759908,-0.040347237557094212,-0.040384646703924533
255.883,268480.416346963,2,531,1,532,268479883459666,268479.88296417106,411062ff8827c279,-0.04530859544916583,0.16160265803653873,-0.61157003394959453,0.16348970688181985,0.8273620783460518,0.11372534398410622,0.52517588140238813,-0.0401805532894563,0.18913267611886395,-0.59272428535842181,0.45177137695924735,-0.29093945739051147,-0.70063799784408209,0.46942864321502209,-0.11383156623052058,-0.20038941221651485,-0.057483046166875516,-0.0027271679169607634,-0.001423424317733746,0.0013284639515782311,0.081699201805845778,-0.043015388669157592,-0.046733925406603725
21.002,268480.416346963,1,546,1,547,268480383506041,268480.38301054609,411063018833eaa6,-0.011125623672308561,0.13728518805967949,-0.6512875189641999,-0.0023044262796609871,0.84269019490535135,0.19558061892770875,0.50161359605002442,-0.01666656653471198,0.16538145313356781,-0.63341970451866725,0.49299074409815685,-0.21639798763236023,-0.59424245999733727,0.59750141080881436,0.17233460557407648,0.0024449394980443316,-0.12037857855446539,-0.0027275681650223487,-0.001424330663279677,0.0013277731135990399,0.081498236273813252,-0.044999113879555311,-0.046926114008018591
256.652,268480.516356213,2,534,1,535,268479983468916,268479.98297342105,411062ffee9095a1,-0.050716719674758645,0.14566380495899231,-0.61972032797483756,0.155741402724348,0.83275977507539134,0.12636971742521985,0.51602957301320096,-0.046127885479386725,0.173062762582045,-0.60054741286356284,0.45424488241268557,-0.27553111891158527,-0.69897586743596529,0.47872426934024909,0.0060467201570075686,-0.073804085813364367,-0.08141690951050097,-0.0025823324607157352,-0.0015009587934430508,0.0013730626840448646,0.064313426015425057,-0.041115312362767859,-0.057218465073580513
19.437,268480.516356213,1,549,1,550,268480483515291,268480.48301979608,41106301ee9cbdce,0.0054178015627493921,0.12725395451169808,-0.66548658304929309,-0.014558424383236179,0.84663879060136371,0.18497185501586691,0.49877477541773019,-0.00036978207086994124,0.15584044978907197,-0.64849608230896338,0.48348186612941429,-0.22189216706858372,-0.58836965379071982,0.60895837445248713,0.167586175537945,-0.01161054686007865,-0.15892411368543394,-0.0025824213105603371,-0.0015001341495899611,0.0013725442823192108,0.059154663047117612,-0.042313282435712578,-0.057104007161977471
257.481,268480.616365505,2,537,1,538,268480083478291,268480.08298279607,4110630054f9712d,-0.050795601277753878,0.1360279697553641,-0.6264698417831881,0.15366651911154627,0.83593761128484489,0.14187055954816033,0.5074127594862986,-0.046582764786867598,0.16302823043576178,-0.60665573358074232,0.4591126255853139,-0.2584773615089957,-0.69975577267563482,0.48243850304741703,-0.023623544041619413,-0.12462054710991013,-0.10237942317860328,-0.0023717003415574573,-0.0015084823502017916,0.0014807082361701863,0.036539165925507017,-0.031989110706497986,-0.078425774627904496
20.448,268480.616365505,1,552,1,553,268480583524625,268480.58302913007,4110630255059699,0.022241030189634733,0.11554991031282319,-0.67846832211867636,-0.014537779217653202,0.84491817860311447,0.16252738423530819,0.50939849531336756,0.016881749109805107,0.14489057031441471,-0.66266437549307089,0.47512333324235867,-0.24527490831516496,-0.58716759574753152,0.60772711973691074,0.15673874886171241,-0.045639260514199372,-0.10967702744807595,-0.0023718745603489096,-0.0015060218960304987,0.0014807281712197072,0.030139200124672517,-0.032705321454067238,-0.078593589413733608
264.898,268480.716374796,2,540,1,541,268480183487500,268480.18299200508,41106300bb624195,-0.046053366952645988,0.12560590107440078,-0.63562569928477575,0.11329849350933774,0.83032787005114028,0.19766320869730236,0.5085748604923549,-0.045840091847757926,0.15177296159018613,-0.61430433887650293,0.49938571456932479,-0.21984773148487083,-0.66724458282714716,0.50701632097287319,0.052047436021548488,-0.055270766134014854,-0.064761729392378911,-0.0022692843724066861,-0.0015774538527955967,0.0014969904955893141,0.019836611035416847,-0.027419244002932025,-0.092431925018139974
25.704,268480.716374796,1,555,1,556,268480683533833,268480.68303833809,41106302bb6e66f0,0.036827963375550658,0.099558824503332949,-0.68819983009047681,0.0049856534512160433,0.82717410868346808,0.17289801597611718,0.53466294660035796,0.031462073506654344,0.12834487843513903,-0.67140902079143983,0.50032114142904238,-0.25580642883383442,-0.58842579518022176,0.5813750166398145,0.11659064025113765,-0.15247894672037518,-0.099404436071774738,-0.0022695393358453477,-0.0015758324178862823,0.0014972375827170478,0.016786701187137602,-0.028381443948004986,-0.092983266921834409
263.761,268480.816384046,2,543,1,544,268480283496875,268480.28300138004,4110630121cb1d20,-0.030776649833568853,0.12137911849340252,-0.64221388628360809,0.029468244608753469,0.83862955289398711,0.19895675901999563,0.50620979526797938,-0.034858234556933571,0.14900361938061973,-0.62325106558507459,0.49862803913636172,-0.21726069969061515,-0.61383782301537793,0.57216343293914973,0.15062865026702316,0.044239897975387792,-0.097731939264137077,-0.0022754287816842069,-0.001710998360056018,0.0014725829045814627,0.022682675667244127,-0.033897787850739637,-0.097709411140820129
16.441,268480.816384046,1,558,1,559,268480783543083,268480.78304758808,4110630321d73a18,0.043243181010125406,0.073440623386034173,-0.702002532893793,0.013594921989411146,0.81027979304968722,0.18930932975531076,0.55445817331114611,0.037154295267768443,0.10152300824382671,-0.68429191226429653,0.52592303105164373,-0.25819921655104672,-0.5825673823523535,0.56334125980705885,0.029392436811482278,-0.26844020569826105,-0.17049209727057854,-0.002275853446574448,-0.0017105459431975628,0.0014726582033421222,0.023004835618441223,-0.035257761341019336,-0.09880465425637433
252.862,268480.916393380,2,546,1,547,268480383506041,268480.38301054609,411063018833eaa6,-0.013485387510627968,0.11951363267909766,-0.65166278192677418,-0.0022879131569016886,0.84360851996165542,0.19867562147553561,0.49884614977493957,-0.019042213756695101,0.14749957893307397,-0.63362755400176118,0.49322236135367042,-0.21225261042561319,-0.59490349039547752,0.59813908812541261,0.17924349062533318,-0.060407636350305861,-0.13405918639293765,-0.0023329509402225056,-0.0017876927612758219,0.0016131950075021239,0.040280476113926489,-0.025565835618829136,-0.10754431039922074
13.857,268480.916393380,1,561,1,562,268480883552416,268480.88305692107,41106303884012d2,0.035577791267694468,0.038339143172990399,-0.71795539835616473,-0.0080164447700581398,0.80269593763116642,0.18932834954289227,0.56548191624093158,0.028029022920981986,0.066581898276974763,-0.70108163669639734,0.53373144324437538,-0.26598073070294281,-0.56192324332131172,0.5732602079355088,-0.083463776614343455,-0.45429570084933829,-0.26241948431744272,-0.0023328310877467769,-0.0017877260329745757,0.0016134138688658508,0.040651891947113175,-0.023793795895290133,-0.10876007223738159
239.999,268481.016402630,2,549,1,550,268480483515291,268480.48301979608,41106301ee9cbdce,0.0028537822616086267,0.11318127438612162,-0.66224862617374758,-0.014705531456360332,0.84655267795533096,0.18869481907239311,0.49752048124570775,-0.0030243952549295588,0.14163681901490768,-0.64507044347213949,0.48522747929881371,-0.21837271411709988,-0.58820474255018518,0.60900150402435049,0.15538358912584288,-0.056452856589741827,-0.15217673899933618,-0.0025079497128211313,-0.0019620260336799377,0.0016874815642934943,0.07069668316279247,-0.01561885515137492,-0.11599963798425218
14.649,268481.016402630,1,564,1,565,268480983561666,268480.98306617106,41106303eea8e5fa,0.014963408482697473,-0.0061896370656321885,-0.74372565847536376,-0.04455411243056151,0.79525602814226726,0.20288235542933766,0.56958018209628269,0.0049042380482797882,0.021689519155088419,-0.72757243308355446,0.54621348396424718,-0.25929451298371403,-0.53082640112618473,0.59383542950854717,-0.15368103704880048,-0.45260110790569708,-0.33110388743898678,-0.0025071933250729378,-0.0019619959947084573,0.0016875925518869247,0.070436467468608738,-0.012302258622905569,-0.11711446949102718
252.321,268481.116411880,2,552,1,553,268480583524625,268480.58302913007,4110630255059699,0.015621383817208991,0.1055656772358049,-0.67295143530420098,-0.015437728176462939,0.84384346683744305,0.16657294789923605,0.50984643400258634,0.010068058540051401,0.13477635274049815,-0.65697464066659628,0.47830071914300804,-0.24273100336706582,-0.58577129979585829,0.60760354377436754,0.12575486653521381,-0.062504921774598848,-0.086343891075215382,-0.0025643443315437283,-0.002018746714529427,0.0016890906796947186,0.079411041393686835,-0.010186381236148349,-0.11599120642762568
21.887,268481.116411880,1,567,1,568,268481083570958,268481.08307546307,411063045511bbf4,0.0011596364907603424,-0.053653503327622504,-0.77511282419666971,-0.09087961380026377,0.78177784478530077,0.210750391408283,0.57978325513255458,-0.01187432063131501,-0.02617353230764196,-0.76047287520606421,0.55899168735248872,-0.26094563347734145,-0.48853881124112863,0.61706199020117225,-0.10256540840692199,-0.51137028095019477,-0.36212303553282205,-0.0025634477622637629,-0.0020186634382385795,0.0016888631871981696,0.079115531984441587,-0.0087446015318487971,-0.11605858076025408
250.532,268481.216421171,2,555,1,556,268480683533833,268480.68303833809,41106302bb6e66f0,0.026526933892942108,0.093574163625336715,-0.68027372812543851,0.004499883791846071,0.82587598400694051,0.1764390329972052,0.53551650855404909,0.020987382827028809,0.12223940141287096,-0.663333289272243,0.50342857793989126,-0.25390611118210421,-0.58716439143194954,0.5808005949137347,0.072493068528596008,-0.15910814862465258,-0.081114639434518909,-0.0024826876588518016,-0.0020043886776210914,0.0016692228606535475,0.069312061660006807,-0.0084908920834909727,-0.1174629505752712
19.284,268481.216421171,1,570,1,571,268481183580250,268481.18308475509,41106304bb7a91ee,-0.0024072304398161,-0.11136085705625533,-0.8100936837189513,-0.11765419321888193,0.77106954058158339,0.19816961931202137,0.59358075238296659,-0.016740520711387499,-0.083601900076502589,-0.79731252378122597,0.55985204193693794,-0.27959788611207331,-0.46203441075853141,0.62842256205177582,-0.0012970211617797881,-0.58617907354570342,-0.30757468125421106,-0.0024826487343293426,-0.0020042340852786081,0.0016687949825886488,0.068657641425663871,-0.010215303884547165,-0.11623014751564646
224.823,268481.316430380,2,558,1,559,268480783543083,268480.78304758808,4110630321d73a18,0.029499959364599412,0.072803959690468475,-0.69319776178279091,0.013616992148713314,0.80943173752387998,0.19168911569346569,0.55487852359866274,0.023313385851999342,0.10079703991555243,-0.67537994149938341,0.52790302631238195,-0.25681368635204543,-0.58198332251407658,0.56272598805100349,-0.021069590686716197,-0.26971701674177362,-0.16778207535456396,-0.0024074182634118138,-0.0019749798625840983,0.0016148479739259659,0.058104187040670101,-0.014050631725174883,-0.11382806537226599
15.749,268481.316430380,1,573,1,574,268481283589500,268481.28309400508,4110630521e36516,0.0083536252896180344,-0.1703556077653933,-0.83348535059748829,-0.14035120591367239,0.76899943557733397,0.21027941386788748,0.58713203659498714,-0.0074006380999704436,-0.14327190649054192,-0.82092998273060824,0.56385502901603735,-0.26647503794836908,-0.44452141434904996,0.64300798796660308,0.093321154399032727,-0.58015371971343266,-0.15226777889550078,-0.0024079659833899083,-0.0019749075552837484,0.0016145827035956555,0.0573909157047858,-0.016551561875750562,-0.11238521182923632
227.015,268481.416439630,2,561,1,562,268480883552416,268480.88305692107,41106303884012d2,0.023454969874433126,0.040751598174750978,-0.71236879144616994,-0.0085281362555923446,0.80245475651941522,0.18946590952397185,0.56577058687431481,0.015865938187069554,0.068992173804629742,-0.69550944869184261,0.53403283379419242,-0.2660875820670533,-0.56139088201656584,0.5734514876501029,-0.11137382173949338,-0.44840283838644768,-0.25957182361032388,-0.0023828342863505573,-0.001822979729924431,0.0015649309008166148,0.043955106122983686,-0.038906851360471853,-0.10121110646631125
15.116,268481.416439630,1,576,1,577,268481383598791,268481.38310329604,41106305884c3afe,0.026900346672320982,-0.22045416305081739,-0.83530590032199081,-0.16938527864637676,0.75818739021426707,0.22064808765223376,0.58972449781729452,0.0092613570709066534,-0.19419563624133426,-0.82352809205374955,0.57301993522727279,-0.26097642546010075,-0.41634595478921305,0.65589290674382128,0.13706928924083406,-0.55340677407358541,-0.022986936592630288,-0.0023835542087229976,-0.0018226193301696303,0.0015650403796733294,0.043318425372105285,-0.042225567198968778,-0.10008151823860088
231.744,268481.516448921,2,564,1,565,268480983561666,268480.98306617106,41106303eea8e5fa,0.014985976572145157,-0.0033240242075903322,-0.74279603515566639,-0.045359114574906323,0.79598242610446679,0.20106195148455702,0.56914732094206455,0.0049623944375512766,0.024628733182800733,-0.72674822822039986,0.54462018497532583,-0.26027565387400281,-0.53077081957743899,0.59491829287978359,-0.13530627846906615,-0.44743557104470322,-0.3257752657563549,-0.0023625647482991611,-0.0017535881489917976,0.0015062568691899096,0.034145585548654475,-0.053972119293556373,-0.091312071508908493
15.366,268481.516448921,1,579,1,580,268481483608083,268481.48311258806,41106305eeb510f8,0.048795862375273044,-0.27216958500983557,-0.82739180988333327,-0.19971447827856337,0.75642726702394658,0.21207909770453787,0.58562310951491114,0.030019959212939755,-0.24606412706244507,-0.81712869740405536,0.56406062508481669,-0.26413549679509035,-0.39365537762144498,0.6760942938906187,0.18598408258561561,-0.57168934877398803,0.090725262682418303,-0.0023630834301205921,-0.0017535311487962199,0.0015063817486215055,0.034307638275471446,-0.055861094871620207,-0.090863252913445394
223.727,268481.616458296,2,567,1,568,268481083570958,268481.08307546307,411063045511bbf4,0.0080651214368417205,-0.049827574000249439,-0.7739388630812668,-0.091011569732979913,0.78318594992785417,0.20792521766149202,0.57888152421997807,-0.0048516504753747499,-0.022231690705984682,-0.75941353415061275,0.5563563678651301,-0.26230571291245253,-0.48944118497720168,0.61815097780196293,-0.061310449610541072,-0.50796283592504676,-0.3511020578883039,-0.0023128325844575799,-0.0016657430481406934,0.001527854454021721,0.028358923457003467,-0.05545753906940009,-0.089130480068159171
22.259,268481.616458296,1,582,1,583,268481583617375,268481.58312188007,41106306551de6f2,0.072895127131343829,-0.3245099293960263,-0.8147314466286425,-0.21946356488887886,0.75583399675610652,0.19387495898859639,0.58563065708994877,0.053733786021759031,-0.29809486718341272,-0.80610309527090973,0.55119369243694527,-0.27701310332565915,-0.37927115951029439,0.68963950116516015,0.23452422055493949,-0.50855710014908273,0.1044910037609362,-0.002313098202315319,-0.001665571122151842,0.0015277632456086414,0.027420898399526515,-0.054818551047955494,-0.08892955936813432
205.542,268481.716467546,2,570,1,571,268481183580250,268481.18308475509,41106304bb7a91ee,0.005174621761927168,-0.10364561328784269,-0.80547078120769866,-0.11749595906290294,0.77243989391047974,0.1957588810173633,0.59262958381670894,-0.0090408286357082715,-0.075788358100310996,-0.79277214917996808,0.55747481486111583,-0.2806299577371803,-0.46311528530596563,0.62927965971574773,0.038867152190489321,-0.57220945477144791,-0.28739729966772293,-0.0022659376888915493,-0.0016762096063501846,0.0015678934015127251,0.030116420184271166,-0.048806958310630748,-0.094737047323733378
16.166,268481.716467546,1,585,1,586,268481683626500,268481.68313100509,41106306bb86b1b7,0.098374073253965327,-0.37572855404111816,-0.80914206777735243,-0.23351733240733075,0.76246434183721767,0.17929433192199662,0.57616957455702877,0.07916498268010734,-0.34904041495382171,-0.80151874675898782,0.53419363700011468,-0.28063316788569431,-0.37402200730489854,0.70426537705799774,0.2666107057378716,-0.45772357152935944,0.011827826828390665,-0.0022655090307702975,-0.0016758677108331356,0.0015676551791360602,0.0289417875934634,-0.046665442738745469,-0.094911913104501255
204.390,268481.816476838,2,573,1,574,268481283589500,268481.28309400508,4110630521e36516,0.01552735451977944,-0.16228686026480046,-0.82600298810441752,-0.13954315626549818,0.76993912994347957,0.20954601306540857,0.58635481181807692,-0.00014102610710347245,-0.13516113742800237,-0.81343087765791999,0.56278685545343743,-0.2664440497196946,-0.44575725596047255,0.64310107483691126,0.12884226803033352,-0.56587281785950072,-0.1277982100286631,-0.0022157742314823374,-0.0017932030028068159,0.0016587273090975863,0.047031433276762444,-0.027038175562818189,-0.10218215224165401
19.311,268481.816476838,1,588,1,589,268481783635833,268481.78314033808,4110630721ef8a71,0.12297654656004542,-0.42531753495623753,-0.81570579038735447,-0.23427735770676816,0.76867346160598216,0.17495783816734536,0.56889809031574423,0.10399926087561008,-0.39845087578593069,-0.80812910212370714,0.52598555726171037,-0.27855781626509518,-0.3778750988529696,0.70919330666368241,0.273684955773495,-0.41846722032891714,-0.034253976325606963,-0.0022147082138512667,-0.0017929693716446156,0.0016586247004873307,0.047063477321615491,-0.022768048428856966,-0.10248872620803823
207.620,268481.916486255,2,576,1,577,268481383598791,268481.38310329604,41106305884c3afe,0.031876189343360138,-0.21951597914009882,-0.83294364375428964,-0.16902306361965991,0.75840321348010153,0.22183856405496599,0.58910395895647372,0.014230288581002414,-0.19329884934524738,-0.8210842490154534,0.57342294191728871,-0.25969584432048154,-0.41675468957478673,0.65578939213974563,0.15659858959146286,-0.55439322112103318,-0.021681078050979078,-0.0022476242005218458,-0.0018679654580536127,0.0016456718032188396,0.057545624799311516,-0.01656973774421238,-0.099080961627302649
22.436,268481.916486255,1,591,1,592,268481883645250,268481.88314975507,41106307885868ce,0.15238482174199994,-0.46469350538790882,-0.82186818860552724,-0.24561045537081971,0.76189308706580439,0.17438020685693323,0.57339866128452954,0.13277943493885822,-0.43811358925754951,-0.81490415107196512,0.52875949442252768,-0.28214864743741419,-0.36506694016730196,0.71241256797178587,0.36702387592834568,-0.33193488996860954,-0.012461299066525593,-0.0022467013634063413,-0.0018683836053709356,0.0016458594208818103,0.059495609039783348,-0.01554503787155774,-0.09882187623210506
220.289,268482.016495630,2,579,1,580,268481483608083,268481.48311258806,41106305eeb510f8,0.050918597732453802,-0.27522630322413227,-0.82918465003374575,-0.1990683783255372,0.75618119834636888,0.213391459260973,0.58568414213229569,0.032130512107529881,-0.24916229951723209,-0.81883880539525344,0.56503176139252842,-0.26325067364033461,-0.39393824244147529,0.67546343541874154,0.19032076254768171,-0.58361844333619384,0.073840886421733212,-0.0022973880223116838,-0.0018423188359992159,0.0016312661847692825,0.062415106037538096,-0.017602158184267542,-0.090335572562616831
20.797,268482.016495630,1,594,1,595,268481983654541,268481.9831590461,41106307eec13eb7,0.1956620532918901,-0.49155606169040489,-0.8244922357895782,-0.26116060007243136,0.75482336861472543,0.18184399010803151,0.57355874994371425,0.17505181759885774,-0.46566687366757742,-0.81783422706602282,0.53415038580575502,-0.27698415560116429,-0.34907228196808038,0.71840913472134393,0.49705966898904341,-0.31524099019006929,-0.053426715862271726,-0.0022973417620353468,-0.0018428320816765169,0.0016316819290087656,0.064122535513325807,-0.019069982861343902,-0.089909520990701652
238.097,268482.116504755,2,582,1,583,268481583617375,268481.58312188007,41106306551de6f2,0.071572492654785824,-0.33083337015875924,-0.81877016582169915,-0.2188906384639015,0.75571814111347391,0.19533946336389513,0.58550792210699165,0.052394074743277522,-0.3044614240219905,-0.81004837154887288,0.5521424666478153,-0.27589075564193172,-0.37959435735137348,0.68915245870735176,0.22517566552159979,-0.52380335383964394,0.074970379189739547,-0.002226275109859622,-0.0017915830215609011,0.0016756312914763735,0.057316921723668701,-0.014389118859563271,-0.093777018162891371
27.108,268482.116504755,1,597,1,598,268482083663875,268482.08316838008,41106308552a1782,0.25172866523177773,-0.5248621366613756,-0.83275651395738826,-0.25678209267632968,0.75049791310221636,0.19530144183066578,0.57677832773200333,0.23085528534290151,-0.49937918406168047,-0.82538887588382992,0.54594282614922462,-0.26974488570986555,-0.34910979531372532,0.71225450368922061,0.56264798626297885,-0.3703086554122994,-0.10655064833409357,-0.0022268802141130763,-0.0017915448987316704,0.0016761098206351823,0.055719425790355909,-0.01499864740848084,-0.093329932288130593
245.388,268482.216514088,2,585,1,586,268481683626500,268481.68313100509,41106306bb86b1b7,0.095224278857867287,-0.37957256301907411,-0.81480479866106414,-0.23292367822247712,0.76259704374812465,0.18052563574589181,0.57584968267852221,0.076011038002284606,-0.3529134381895318,-0.80709095454059809,0.53483810255000652,-0.27953630691476189,-0.37453561861210188,0.70393943458795882,0.2520887342078475,-0.46083469297967311,-0.015609160612976953,-0.0022177164737075565,-0.0017754227314697212,0.0017377772867355136,0.058510076720599435,-0.012054373484068034,-0.096058664777160685
27.729,268482.216514088,1,600,1,601,268482183673250,268482.1831777551,41106308bb92f30e,0.30424061551398734,-0.55914875279731735,-0.84370899970274793,-0.28333041437523049,0.74891009062898917,0.20330911169541374,0.56349180185530778,0.2820756640301732,-0.53467354207451401,-0.83670614758656436,0.54221011136558261,-0.25468761590179451,-0.32921453750250923,0.72990424148390276,0.45385663669412474,-0.30930906830537774,-0.080860704153788057,-0.002217659240618698,-0.0017750767609801062,0.0017380960363712801,0.056735865546274779,-0.010559416773045631,-0.096246899940695768
248.222,268482.316523380,2,588,1,589,268481783635833,268481.78314033808,4110630721ef8a71,0.12234972346221912,-0.427024301129243,-0.8211674166494447,-0.23379925221990078,0.76819111957488651,0.17524643713603513,0.56965696076788452,0.10337370948080141,-0.40016064138139867,-0.81357692059874498,0.52672622997255836,-0.27889034841119431,-0.37787210316389674,0.70851416772882636,0.27078006748350514,-0.41167440140383776,-0.038674160734565616,-0.0023551817384985067,-0.001792449441128981,0.0017464704732102056,0.071774284387616752,-0.012390192282199215,-0.089416623480819399
18.796,268482.316523380,1,603,1,604,268482283682458,268482.28318696306,4110630921fbc364,0.34375378287930486,-0.59528740596893337,-0.84857243671921045,-0.31160654080851069,0.74191834128587941,0.20319518428181371,0.55782641465434679,0.32035209833024636,-0.57170708815471749,-0.84259826531109605,0.53812351891974486,-0.25076214114510925,-0.30427638404648966,0.74495456845726138,0.38137579428564888,-0.33163242250125879,-0.0054669335306019992,-0.0023546886633463095,-0.0017926082821120466,0.0017461583676665461,0.075677440094387177,-0.010113920410509744,-0.091398765470350737
245.076,268482.416532713,2,591,1,592,268481883645250,268481.88314975507,41106307885868ce,0.15407747944285891,-0.46398333586508317,-0.82462649389217013,-0.24517255950282424,0.76114459452098182,0.17468887025393412,0.57448513829359316,0.13446532599907537,-0.43740936658023838,-0.8176588152462928,0.52974600763811575,-0.28269864470236955,-0.3648473151567469,0.71157366470228112,0.36960196235442111,-0.33037896522720972,-0.011495578536071574,-0.0024329832430234261,-0.0018506757422980891,0.0017013382062183262,0.082639886350285255,-0.013460221887499301,-0.093075207911701818
15.367,268482.416532713,1,606,1,607,268482383691750,268482.38319625508,411063098864995e,0.37633352808932635,-0.62862188257686002,-0.84680643681177492,-0.31429873521880358,0.74413640031658135,0.2046104828137694,0.55282178529697745,0.35284383054866819,-0.60515783284094404,-0.84072092685734578,0.53558547882070062,-0.24622256672061985,-0.30394111971330057,0.74842664187035457,0.33874299176234324,-0.30525915750858879,0.05316546647296571,-0.0024327977779353199,-0.0018515390615481521,0.001700858820202481,0.086587991659373184,-0.013997098561996378,-0.095247976774802151
235.966,268482.516541880,2,594,1,595,268481983654541,268481.9831590461,41106307eec13eb7,0.19766066370395066,-0.49381286513041084,-0.82714916709527653,-0.26085891357619417,0.75402674272254655,0.1822281499079339,0.57462096468949531,0.1770353446267848,-0.46793577538460074,-0.82049083462993755,0.53517312702793207,-0.27746361283865562,-0.34872230697424517,0.71763251060429678,0.4928437375073601,-0.32780434922837243,-0.057249751609578077,-0.0024935845011680841,-0.001867436926640805,0.001647567186638681,0.085853096024777684,-0.024297518359688269,-0.10245585984963539
21.102,268482.516541880,1,609,1,610,268482483701041,268482.48320554604,41106309eecd6f46,0.40286957523285249,-0.65504129799325383,-0.83487225984098634,-0.32493903743503183,0.74250849989892087,0.20851193047755304,0.54737425733190415,0.37886321821438046,-0.63208041963846173,-0.8288844522418144,0.53449223498448684,-0.23961184283219386,-0.29526619066871446,0.75479937212734527,0.26274358354403576,-0.27783445883986546,0.12814689736087007,-0.0024941299449257569,-0.0018682518844138111,0.0016473717609958587,0.086991835549760491,-0.028030954973444537,-0.10394235399151001
241.588,268482.616551213,2,597,1,598,268482083663875,268482.08316838008,41106308552a1782,0.24899155486762445,-0.52555785534800958,-0.83526775004565679,-0.25706293382589895,0.74912216538459453,0.1954060368531354,0.57840397937440657,0.22807257026007779,-0.50009657492781268,-0.82795473190538638,0.54716629526652971,-0.27082043513177301,-0.34793841012326254,0.71148028785078399,0.52861066455817907,-0.37560068887477827,-0.1068612559357151,-0.0025474403262105024,-0.0018705978779594633,0.0015906652665944889,0.084003498978130378,-0.039155734782544485,-0.11215529372750126
25.243,268482.616551213,1,612,1,613,268482583710333,268482.58321483806,4110630a55364540,0.42068234149506484,-0.68119160833591541,-0.81563994982542676,-0.33265074919048165,0.73021771466171581,0.21697669138521053,0.55591972160127523,0.39596742356622028,-0.65893018179927421,-0.8098986370582274,0.54652028023665289,-0.23966890872500782,-0.28112228978086062,0.75156147830299291,0.21903763047368716,-0.35450768358642398,0.15960705746652176,-0.0025485984119092697,-0.0018704206971252068,0.0015907774732631234,0.084191957647980598,-0.043192101695728853,-0.1131652153488051
247.049,268482.716560546,2,600,1,601,268482183673250,268482.1831777551,41106308bb92f30e,0.29654589182807628,-0.55815352360426296,-0.84477125045295931,-0.28424865516862036,0.74781629152121099,0.20317115498220728,0.56453080621518792,0.27432370690959984,-0.53370831781668715,-0.83784540296556065,0.54284724824976593,-0.25551985303562391,-0.32779181048222883,0.72978010301260798,0.40528757522014558,-0.30584555143166986,-0.07262622684798517,-0.0024978693607238078,-0.0018142691095594933,0.0016154567268039516,0.072451052599826815,-0.043933168203098769,-0.12489195993470115
21.668,268482.716560546,1,615,1,616,268482683719500,268482.68322400504,4110630abb9f12d6,0.44907498924896327,-0.72123880272379304,-0.80021114375657632,-0.32821814680325989,0.73833736341751455,0.23755469547622249,0.53916472970733742,0.42428136271508154,-0.69956347922748363,-0.792807267299251,0.54922355801383882,-0.21327049480440213,-0.28999807144709583,0.75416861372339683,0.32166120198567955,-0.3852709993416179,0.11722696156137077,-0.0024986202647671409,-0.0018141035976829607,0.001615879966495478,0.071095500584982513,-0.04532649619856622,-0.12539026026127945
261.583,268482.816569713,2,603,1,604,268482283682458,268482.28318696306,4110630921fbc364,0.33429751046178907,-0.59079580299323109,-0.84705920822323677,-0.31194832174906395,0.74121336779663038,0.20335445122881099,0.55851410755273567,0.31086491294072799,-0.56723866322405769,-0.84111484187532459,0.53872240995387588,-0.25113579470875169,-0.30353621691063243,0.74469775255003501,0.35107551638171908,-0.33314828284738207,0.017382520487724994,-0.002544902264608274,-0.0018557414272545832,0.0017383516092578785,0.089378190957181317,-0.024915709200739999,-0.10792170015452376
22.736,268482.816569713,1,618,1,619,268482783728708,268482.78323321306,4110630b2207e32d,0.48073733368173238,-0.75923704090207123,-0.80779685053148487,-0.34341444540537447,0.73792964304086506,0.25998578543088824,0.51955154238522361,0.45505021416167024,-0.73901344098031785,-0.79939810961790159,0.55121611602102527,-0.18354070202290193,-0.27896436410701364,0.76462571739250673,0.31576308639468542,-0.42082716406341303,-0.095900221386698778,-0.0025440826705353465,-0.0018559075031927168,0.001738707543506663,0.089816409042182216,-0.018749741594767385,-0.10657016422825044
273.692,268482.916578796,2,606,1,607,268482383691750,268482.38319625508,411063098864995e,0.36643829239351389,-0.62018248379585483,-0.84182771176173365,-0.31395769725716183,0.7438953999099942,0.20476065465837898,0.55328412758914614,0.34295310619020403,-0.59671555357652706,-0.83573590028700295,0.53601859170886568,-0.24644330455510197,-0.30401185694497096,0.74801507860421934,0.32031692539445172,-0.30438213792845248,0.079113623561085741,-0.0025205889252242521,-0.0018738534786358299,0.0017741327989472769,0.094253893271702804,-0.0032168811307693827,-0.095307986167403727
19.733,268482.916578796,1,621,1,622,268482883738000,268482.88324250508,4110630b8870b927,0.51726414070690563,-0.79906575920182921,-0.82935379978847856,-0.36361812857008868,0.72475949080555668,0.2741354551102142,0.51706415706994469,0.49041807842033669,-0.78032549208474056,-0.82114086608288772,0.55946259615956095,-0.17177652793024373,-0.25536549940933112,0.76959917467604988,0.42661102666680428,-0.4973252148284944,-0.22907006490381393,-0.0025189288218500981,-0.0018736715251143528,0.0017742293239723656,0.094106470739904552,0.0027779310712857247,-0.092902130606883807
291.504,268483.016588046,2,609,1,610,268482483701041,268482.48320554604,41106309eecd6f46,0.39492214483168325,-0.6464142641927626,-0.83034696680437181,-0.32432752633910344,0.74251953196327292,0.20900888262489786,0.54753241046368406,0.37092796086049551,-0.62345194092543643,-0.8243160632493306,0.53495546435742225,-0.23937227575720255,-0.29570639514721786,0.75437476934345438,0.25564892386059718,-0.27777503052683872,0.1334996291714696,-0.0024728412150476897,-0.0018714401369509519,0.0017646006839661804,0.089014923150407474,0.007596988746229676,-0.092281342171639066
32.132,268483.016588046,1,624,1,625,268482983747166,268482.98325167107,4110630beed986ac,0.56603158388657759,-0.8442957931137276,-0.85191837865020281,-0.38688178690700725,0.71095959189451075,0.3010337792750058,0.50421985145442139,0.53789522554304325,-0.82783020389799755,-0.84316676948904512,0.56940028771426543,-0.14367424565809264,-0.22915760744169303,0.77629106296355654,0.50173918293195285,-0.51551221743767472,-0.15962407008049337,-0.0024718593434108816,-0.0018712706052815074,0.0017643887598169875,0.087507185636716375,0.0085052221969850877,-0.090606650777232595
284.808,268483.116597213,2,612,1,613,268482583710333,268482.58321483806,4110630a55364540,0.42231785676495931,-0.68355561193815739,-0.81731385728935546,-0.3313078371821585,0.73061448774998827,0.21741921050337346,0.5560274520453754,0.3976493003169011,-0.66126201660699357,-0.8114984568778727,0.54690936542312196,-0.23943217738961209,-0.28235243287706313,0.7508924570744806,0.22989985399347576,-0.3648910217490402,0.1304669556581943,-0.0024552172588456931,-0.0018392149658849996,0.0017772582711316101,0.085104397539958257,-0.0040760563291862978,-0.093781165598951693
17.345,268483.116597213,1,627,1,628,268483083756375,268483.08326088008,4110630c55425714,0.62338923366166699,-0.90671361596831768,-0.85810107736045482,-0.38501097589776029,0.69301399532025454,0.34071687494420078,0.50538125714083471,0.59458751738627846,-0.89235159603621061,-0.84792490543637744,0.59828171082857318,-0.11643529817322781,-0.21779101786497751,0.76227874715531985,0.49185880911003599,-0.58701013133380697,0.0098432215343210137,-0.0024562353488938771,-0.0018389419404846673,0.0017772423902953592,0.08470281299309261,-0.0092362235278709501,-0.093837090522453606
263.634,268483.216606463,2,615,1,616,268482683719500,268482.68322400504,4110630abb9f12d6,0.45108047382829897,-0.72310098038513648,-0.80849235110440643,-0.32767922747648204,0.7384061982728275,0.23826823730462723,0.53908339849870357,0.42629438898531297,-0.70143635088828415,-0.8010321380453167,0.54967059841832289,-0.21270843470468415,-0.29042781853911281,0.75383621381473731,0.32749978830024218,-0.38427629814577635,0.065903692894920388,-0.0024591877638441505,-0.0018534304461000463,0.0017388767227681074,0.08663989528286424,-0.025661397766936947,-0.095548286321941608
16.935,268483.216606463,1,630,1,631,268483183765500,268483.18327000504,4110630cbbab21d8,0.67659502498213298,-0.9618124238827257,-0.84852795358703759,-0.41069704175855631,0.66478879498297183,0.37363723629573264,0.49977901798857671,0.64645180917015999,-0.9505904820612272,-0.8382900087623022,0.61759853977101431,-0.089195706852800774,-0.17966999696821997,0.7604833079964215,0.50261342004817533,-0.56592759429743811,0.0617845457120106,-0.002461062512557663,-0.0018536518775493262,0.0017389604685132604,0.088596753950931806,-0.032302145515953645,-0.09693495903720932
241.697,268483.316615463,2,618,1,619,268482783728708,268482.78323321306,4110630b2207e32d,0.48577037352630653,-0.76193682812330399,-0.81310261557327235,-0.34358643977815562,0.73799120396001228,0.25999376703970811,0.51934635417147756,0.46007902663961214,-0.74171876222687905,-0.80470348118204149,0.55107666989709736,-0.18338996819983169,-0.27888627586515685,0.76479086591881718,0.33633582352148234,-0.42010170394119373,-0.11370214587424045,-0.002534176936638214,-0.0018698724244913471,0.0017444657161785405,0.095797614038733422,-0.046079549173307796,-0.088599576575640882
18.804,268483.316615463,1,633,1,634,268483283774750,268483.28327925509,4110630d2213f501,0.72819365541172432,-1.0107366423123225,-0.84000370373495659,-0.44660616234752859,0.63435750540408153,0.38925655236068946,0.49660132978826543,0.69677214316522329,-1.0023592622876354,-0.8309555534250006,0.6263960989690347,-0.075904218024473807,-0.13276024431991951,0.76435671934678762,0.51616117270458961,-0.49139548854593995,0.03353976782852567,-0.0025357766868805008,-0.0018708746671264312,0.0017445234759882664,0.099183395544944902,-0.048971165112971289,-0.089235477764327303
231.632,268483.416624713,2,621,1,622,268482883738000,268482.88324250508,4110630b8870b927,0.52654055271934586,-0.80717839164244054,-0.83004361110103519,-0.36365522187290455,0.72507448011015008,0.2733338492753089,0.51702082931965787,0.49971112376096732,-0.78840029717139937,-0.82186278829580517,0.55886513790771541,-0.17231271149163677,-0.25556200155142444,0.76984813466866298,0.44674617697405034,-0.4984764154773183,-0.21014969282876608,-0.0025579960589374906,-0.0018318271627430812,0.0017582127673653677,0.097011493981078722,-0.049842644379570707,-0.086848924678591288
21.438,268483.416624713,1,636,1,637,268483383783791,268483.38328829606,4110630d887cba22,0.78035505138509709,-1.0547053185404105,-0.83513968642550185,-0.45409019000405726,0.61996301985634772,0.39772792283511965,0.50125892108013248,0.74855694532920258,-1.0473509674625241,-0.82652836112402406,0.63567967661692126,-0.07320746897428565,-0.11728979968251649,0.75947028784082182,0.50089144834532962,-0.37675377841708474,0.043186556926739741,-0.0025582727703681212,-0.0018323028881284218,0.0017580407569926621,0.097655497857840751,-0.049324388611640825,-0.086152517225882769
236.435,268483.516633921,2,624,1,625,268482983747166,268482.98325167107,4110630beed986ac,0.57630286872778591,-0.85552085315336268,-0.84746155230900821,-0.38647517184425079,0.7114099459060339,0.29994771763365569,0.50454360595767322,0.54819783605863859,-0.83898283989979994,-0.83874592219651811,0.56886125518191089,-0.14467113618764343,-0.22976357606926073,0.77632199107000843,0.50935920838628923,-0.51330163398026074,-0.11719192299169845,-0.0025246997203607026,-0.0017541933703460479,0.0017505613814972503,0.08695991044855747,-0.043885043704377291,-0.092764666851403055
16.317,268483.516633921,1,639,1,640,268483483793041,268483.48329754604,4110630deee58d4a,0.82941528348857585,-1.0860459014802042,-0.83112980140139447,-0.47498982976423698,0.61105548538765753,0.39045826869662176,0.49853610603156168,0.79718302648750727,-1.0794120134239507,-0.82361753877015176,0.62861393408194022,-0.076422569642195418,-0.096212945218049517,0.76794998658752422,0.42421611608022963,-0.25282969610599154,-0.00031118953162362264,-0.002524347788084877,-0.0017537739608082827,0.0017503833888673659,0.085644033931030317,-0.042222165447905143,-0.091585411424886437
230.216,268483.616643005,2,627,1,628,268483083756375,268483.08326088008,4110630c55425714,0.62745780428316866,-0.90981726619513792,-0.8516631568840104,-0.38559569886991424,0.69285875372089767,0.33987561100379415,0.50571466921834918,0.59864131878230586,-0.89543685256961225,-0.84155500080567625,0.59792260534203834,-0.11726591952909729,-0.21726778391254581,0.76258243633833811,0.48695335424719527,-0.57585636719899724,0.041143776217315825,-0.002528205644446562,-0.0017745235618372877,0.0016301798408915626,0.078343023447566176,-0.028628702556640635,-0.084477578382016014
29.129,268483.616643005,1,642,1,643,268483583802083,268483.58330658806,4110630e554e527d,0.87081578937160498,-1.1070240051856923,-0.83500171866417472,-0.48350018160358177,0.60734771783511565,0.38076766524745059,0.50236676078763987,0.83840363826023978,-1.1003335487270933,-0.82836461050804078,0.62447032473389474,-0.085983542754919928,-0.087573430372564529,0.77134592641358946,0.38040938831972432,-0.21781401371900819,-0.025608739606618303,-0.002527297992169063,-0.0017742333747865378,0.0016299030341540548,0.07861087723613043,-0.025751454505954969,-0.083017146202469222
238.916,268483.716652213,2,630,1,631,268483183765500,268483.18327000504,4110630cbbab21d8,0.67748473969026723,-0.96102158768945412,-0.8429062817493973,-0.41181709273587974,0.66438793728457157,0.37233934415701042,0.50035868826925312,0.64730923795072814,-0.94978123122974578,-0.83278430400824577,0.61709068023830593,-0.090523343936335168,-0.17859455215866385,0.76099185442740136,0.49786414711972854,-0.54867754010699776,0.068428451556511713,-0.0025645641688810438,-0.0017656205009606541,0.0015317597977332819,0.070322949275659213,-0.019801557517522782,-0.067285297692105783
18.823,268483.716652213,1,645,1,646,268483683811250,268483.68331575504,4110630ebbb72013,0.90556772979334654,-1.1157824941359518,-0.83779367336006527,-0.49507592534166794,0.60432303567328172,0.36576479406299867,0.50587514797453026,0.87297518998339119,-1.1089209713925654,-0.83231582648879665,0.61634249736922975,-0.099072978729331726,-0.077249370485203778,0.77739243987962614,0.34626025627079149,-0.1325787157652889,-0.0054354869596656983,-0.0025637885296030381,-0.0017658290453113745,0.0015315900285586572,0.071558876399681171,-0.018454691477631985,-0.065988168273971248
244.623,268483.816661296,2,633,1,634,268483283774750,268483.28327925509,4110630d2213f501,0.7281938181171026,-1.0061135728503823,-0.83779018483943324,-0.44807342909797443,0.63411907236564469,0.38743095462310173,0.49701158216970054,0.69674109456098365,-0.99770544215425105,-0.82888005178398805,0.62539529869660582,-0.077485202763287506,-0.13155413246462219,0.76522563597438109,0.51997252052147502,-0.46853352963359368,0.015790067467128643,-0.0026181869203763353,-0.0017606850670420396,0.0014873543155152929,0.067672940104794382,-0.022551351142597837,-0.051847923734280585
21.953,268483.816661296,1,648,1,649,268483783820416,268483.7833249211,4110630f221fed99,0.932242154596164,-1.1159183957020655,-0.83795549222677623,-0.49659823177648266,0.60606375590689232,0.35837465322811835,0.50758701826249242,0.8996638338657893,-1.1087229373533445,-0.8328330563309102,0.61232735386691994,-0.10550907234548874,-0.077403812359327931,0.7796997481026734,0.27532455288101032,-0.04075232626431765,0.007821000491304804,-0.0026180953101223319,-0.0017610810198720075,0.0014872787872723886,0.06880647479187002,-0.024438007449001896,-0.051829345942091445
256.663,268483.916670505,2,636,1,637,268483383783791,268483.38328829606,4110630d887cba22,0.7800940693682632,-1.044612423271077,-0.83528460461706666,-0.45589282325559799,0.6194762630499927,0.39588523323449781,0.50168299606524824,0.74825716924205998,-1.0372454150111055,-0.82682884139792012,0.63467656462909572,-0.074810313541568599,-0.1156709564908686,0.76040075297366017,0.50270210163725393,-0.34327363403857913,0.016331059575579742,-0.002636713711340475,-0.0017610394361440816,0.0014706714049631238,0.06670740338019758,-0.030624703889303051,-0.047121340873716638
26.991,268483.916670505,1,651,1,652,268483883829625,268483.88333413005,4110630f8888be00,0.9521803720016232,-1.1098955640454315,-0.83253369503839447,-0.49391199740047836,0.6008359326608812,0.36541323495229477,0.51139059610201876,0.91955210608622795,-1.1030044792855451,-0.82731161057403357,0.61999391821314231,-0.10322157922234944,-0.075606637682173947,0.77410366444033607,0.175813316843631,0.074589791032053362,0.048669803096367051,-0.0026374316113011082,-0.0017612233644937081,0.0014708686785230975,0.067630705529653362,-0.033517930178274973,-0.047695434721436759
255.332,268484.016679588,2,639,1,640,268483483793041,268483.48329754604,4110630deee58d4a,0.8246589788040446,-1.0691551545963995,-0.83534129510326449,-0.47715062147767129,0.60990890783284812,0.38901638374941744,0.49900372238753948,0.79237853921262402,-1.0625642897406742,-0.82799999602171159,0.62792502217271629,-0.077772790926435728,-0.09387428204280937,0.76866714427758254,0.41002418984164074,-0.20988463500893997,-0.026622083762991619,-0.0026698619658231813,-0.00177010073779094,0.0014977273355907415,0.072560742035022524,-0.042968785916263484,-0.050138844274912019
20.443,268484.016679588,1,654,1,655,268483983838750,268483.98334325507,4110630feef188c5,0.96640793477259834,-1.1014225178528469,-0.8264360102182039,-0.48894929338865467,0.59503752765719098,0.37324348645037791,0.51725069570683002,0.93374753777876862,-1.094774776970336,-0.82110056634435158,0.62967445805726086,-0.1018284714957147,-0.075015707859503206,0.76649441148483199,0.16385353934648689,0.07313021554120476,0.050438414148776783,-0.0026707955020647948,-0.0017706769730199809,0.0014981253996046622,0.07430055922832203,-0.045520407563231398,-0.051844485543328128
253.081,268484.116688713,2,642,1,643,268483583802083,268483.58330658806,4110630e554e527d,0.86259226127583954,-1.0886249979426006,-0.83742251741122542,-0.48442341269719236,0.60663561227894058,0.37943791322062881,0.50334293912700834,0.83015635413866851,-1.0819188644459532,-0.83091862214142298,0.62422031038849934,-0.087614081710414543,-0.086417072768744579,0.77149521470881977,0.36496574614122024,-0.18126764008162738,-0.028431245746233447,-0.0027061892761680952,-0.0017568227396576521,0.0015797349902106125,0.070522565069032719,-0.05102211085287281,-0.053175669289643748
16.258,268484.116688713,1,657,1,658,268484083847875,268484.08335238008,41106310555a538a,0.98400865036606233,-1.0952713036068071,-0.81010910631273081,-0.46557982698164152,0.60429958336275003,0.37339851146395397,0.52785513458176681,0.95175645469718528,-1.0873325461932764,-0.8040980367546422,0.63728254773233739,-0.10921732269991809,-0.098089677811830214,0.75651896597825918,0.16351677301776207,0.10063029941629612,0.28326419646189505,-0.0027070167849495767,-0.0017572231120428479,0.0015804250191907383,0.069608076015310327,-0.052480584287848055,-0.054192689534772243
232.881,268484.216697880,2,645,1,646,268483683811250,268483.68331575504,4110630ebbb72013,0.89227331153219869,-1.0990723542722698,-0.83697400597370031,-0.49485609151290683,0.60438563720198024,0.3646635021473279,0.50680966215202727,0.85968456498487922,-1.0921403110713239,-0.83156278360704472,0.6162245677027538,-0.10051251098469098,-0.077449082436396713,0.77728125985698837,0.32724010586131591,-0.11435479583857354,0.0081246162639897687,-0.00271841109922508,-0.0017076960037114991,0.0016638879066761267,0.054438166427736481,-0.072066978984143854,-0.064606110809451237
17.352,268484.216697880,1,660,1,661,268484183857083,268484.18336158805,41106310bbc323e0,0.99753258298180092,-1.0800517261800773,-0.76437396056206885,-0.43825185377727122,0.60237172609758149,0.37854815485340276,0.54934958262346034,0.9656161587409734,-1.0711203954904167,-0.7579759805872609,0.65612276496058519,-0.1207748445991875,-0.1160502715575004,0.7358319704144074,0.17869570970427665,0.16510624137794225,0.49939739460911903,-0.0027196624192779902,-0.0017072680593167675,0.0016647777526691823,0.050279216101107471,-0.078172275208271594,-0.065940023809493625
226.072,268484.316707088,2,648,1,649,268483783820416,268483.7833249211,4110630f221fed99,0.91442416763964374,-1.1020546549341712,-0.83538837064506699,-0.49546914864983427,0.60671114637538148,0.35766623747345178,0.50841599442203156,0.88186870679232754,-1.094754226784223,-0.83026912560181054,0.61241260294447974,-0.10659617256444133,-0.078659968851626946,0.77935913996670347,0.2564402251673748,-0.039436179598931649,0.027723895398480462,-0.00276200783027213,-0.0016790364569293746,0.001763294003787122,0.050260956301824124,-0.088548265258549627,-0.069056807678391147
17.124,268484.316707088,1,663,1,664,268484283866208,268484.28337071306,41106311222beea5,1.0064970757470637,-1.0545362379179049,-0.705539975375991,-0.42642507632736076,0.59785841878555379,0.38494057437330514,0.55905972201552157,0.97466251465365739,-1.0454787740066125,-0.69891547392664299,0.6675089932587458,-0.12312082675645063,-0.12122167574841099,0.7242777859814914,0.1843951998653289,0.24399999455627067,0.63075644559735489,-0.0027635051944473448,-0.0016783335884758535,0.0017641312004779411,0.049401270783775535,-0.094560414491343767,-0.069942376787310204
214.311,268484.416716130,2,651,1,652,268483883829625,268483.88333413005,4110630f8888be00,0.93819258503424963,-1.1019488129389006,-0.82965271562935905,-0.49305255545780913,0.60104735100984374,0.36550486889439382,0.51190575639227365,0.90557650855874583,-1.0950150285829281,-0.82441104205925209,0.62042298651820871,-0.10352105756717357,-0.076363850235943553,0.77364544257504864,0.16935282646138944,0.064871425133038674,0.073197173107539315,-0.0028087496924083574,-0.0017524257923510554,0.0017525025967067898,0.056489592654906683,-0.094098394971791802,-0.066750038329994363
17.414,268484.416716130,1,666,1,667,268484383875208,268484.38337971305,411063118894b106,1.0253539506848437,-1.0277020229134153,-0.63991854049591834,-0.40369806072792103,0.59239657577493454,0.39559016698831301,0.57411030801518181,0.99374124420810872,-1.0183220540916353,-0.63270647240938183,0.6856817633513741,-0.12623279893989764,-0.13342999603950459,0.70434525343473964,0.14682158289717773,0.33529912882924862,0.68225455295856818,-0.0028100830645871175,-0.0017529814000626042,0.0017529381219153072,0.060600925682318896,-0.095230897878520487,-0.066755630284316275
205.610,268484.516725296,2,654,1,655,268483983838750,268483.98334325507,4110630feef188c5,0.9600240745358033,-1.0973139037976309,-0.82246163948120077,-0.48856265882310262,0.59555974649232535,0.37292200125184605,0.51724689555037051,0.92737512495177854,-1.0906216844400196,-0.81711175695015204,0.62944444658304555,-0.10205310873726886,-0.075658364245134321,0.76659028403872498,0.17891697613203614,0.063400514766903976,0.080804838641364687,-0.0028097276496539211,-0.001768098006446927,0.0016790799127126474,0.068215718902906522,-0.089501239827608298,-0.067187980769368064
23.961,268484.516725296,1,669,1,670,268484483884333,268484.48338883807,41106311eefd7bcb,1.0459771504261117,-0.99786671107529112,-0.57164102634950342,-0.39335944916246046,0.5961067132735669,0.38935418537634986,0.58166012557780733,1.0146314250583697,-0.9876485500616059,-0.56440254317724292,0.68661078563673628,-0.13598083076096668,-0.14336396150560737,0.6996582145978707,0.25451837360433721,0.27123886152687499,0.70268763534409973,-0.0028095898675452131,-0.0017692336949397414,0.0016792637810853241,0.07260214728840432,-0.086505864021426029,-0.066820954160392576
212.905,268484.616734421,2,657,1,658,268484083847875,268484.08335238008,41106310555a538a,0.98013989746811081,-1.092046990778416,-0.80394770117614633,-0.46517324240829455,0.6045256245844266,0.37311559434507324,0.5281547408072429,0.94789694415366965,-1.0840699395310331,-0.79793774552522923,0.63729434871246893,-0.10962922889595295,-0.098537011789543008,0.7563913025533916,0.16990318015051642,0.096946894304383191,0.32293156810398055,-0.0028307403169729548,-0.0017599504782646815,0.0016781618966167043,0.07218088134652198,-0.080823350572464869,-0.070108186409437487
25.464,268484.616734421,1,672,1,673,268484583893500,268484.58339800505,4110631255664961,1.0769027870557673,-0.9791537096578985,-0.49844547554120722,-0.38457698386389505,0.5968859569965187,0.37641992039102534,0.59509309739552019,1.045822623268214,-0.96782639972954598,-0.49173157796286265,0.68696342461035975,-0.15462528220948715,-0.15012511061456607,0.69399908250098408,0.34568715796956251,0.14903463732123259,0.79458961739211731,-0.0028301778264380345,-0.0017603756698212453,0.001678262677331897,0.071957821650243448,-0.077697273374334047,-0.070456650100375787
220.813,268484.716743546,2,660,1,661,268484183857083,268484.18336158805,41106310bbc323e0,0.9916265121813731,-1.0777590448593275,-0.76243871277087139,-0.43756128409704453,0.6022609331600316,0.37863430708309892,0.54996182209380229,0.95971828942808868,-1.0688019840234797,-0.75603579672610688,0.6566166024544674,-0.12114684444464639,-0.11646023561291377,0.73526532148826462,0.15751810768315452,0.16819532278591515,0.50851265013196101,-0.002841703614439512,-0.0017248233480700646,0.0018030999740779377,0.064757348104961782,-0.075167457305790594,-0.067897458937576288
17.384,268484.716743546,1,675,1,676,268484683902708,268484.68340721307,41106312bbcf19b8,1.1108180988884993,-0.96776456476755668,-0.42404916343401361,-0.36057593059824811,0.58943681497104183,0.37496341990895632,0.61802243193322781,1.0801036150975043,-0.95547760122365422,-0.41734006779524707,0.70214701077841712,-0.17186867105808593,-0.16182907898268958,0.67176043673267594,0.37232109627975102,0.11311846940286274,0.73618338083554158,-0.0028414274226631424,-0.0017241878490964185,0.0018031828794198388,0.059916740606415844,-0.07466909456156301,-0.068313233556505162
224.631,268484.816752755,2,663,1,664,268484283866208,268484.28337071306,41106311222beea5,1.0011765505751893,-1.0547185578042189,-0.70800852054425234,-0.42550001840268925,0.59801794958989773,0.3849552218138676,0.55958359225259813,0.969358615452515,-1.0456183742750591,-0.70136272365964147,0.66788978275026178,-0.12348090163942031,-0.12198859577309146,0.72373647657792783,0.15757540336187675,0.24664146422092817,0.61242997813599465,-0.0028447206741782629,-0.0016426242521650003,0.0019355142401995013,0.052306261876522597,-0.065203788466396947,-0.069725480962271366
17.896,268484.816752755,1,678,1,679,268484783911875,268484.78341638006,411063132237e74e,1.1443243716319034,-0.95980613047427421,-0.35820691725561066,-0.33396529631392224,0.5926515316743558,0.38320450167473841,0.62480853544961257,1.1141293660770275,-0.9469785005528254,-0.35026497151757063,0.71277283511087075,-0.17083984609883132,-0.18291878635620074,0.65521702519921887,0.4010652371165232,0.06801871494912258,0.70050107882603074,-0.0028446352880381258,-0.0016413689020090703,0.0019355949748862736,0.04803206983839528,-0.064773550766317883,-0.069959380273471247
232.141,268484.916761838,2,666,1,667,268484383875208,268484.38337971305,411063118894b106,1.0150171435681927,-1.0257704962416159,-0.64482600551449953,-0.40248073954938923,0.59310421496861665,0.39522172899817032,0.57448801781970593,0.98343766071918171,-1.0163092039921675,-0.63757471846142122,0.68568831951402265,-0.12676040509123632,-0.13479114853599727,0.70398485385659271,0.13759181696054873,0.328264484702812,0.65600545899064033,-0.00284605870542328,-0.0016003011813060862,0.0019288882999341432,0.048230204299175752,-0.05875218601068867,-0.076336761033463998
16.968,268484.916761838,1,681,1,682,268484883920916,268484.88342542108,4110631388a0ac70,1.1806768289684357,-0.95655962013678109,-0.29301107915723856,-0.322679095689831,0.58969825473613768,0.39620485886108875,0.62542460184525139,1.150534360764911,-0.94413228387001036,-0.28427300866778249,0.72240110030503168,-0.1620828303335243,-0.18881105304482057,0.6451481943222499,0.39596037065878292,0.0059703238529187474,0.6765383614536824,-0.0028459801957852484,-0.0016000040194462681,0.0019288889882148291,0.048947631285227791,-0.057769402702698161,-0.076729158532020086
231.572,268485.016770880,2,669,1,670,268484483884333,268484.48338883807,41106311eefd7bcb,1.034201346889362,-0.99542458380163612,-0.57815730656317421,-0.39150578789749074,0.59743530711371196,0.38845056281990376,0.58215159994119214,1.0029161702636027,-0.98506271412855118,-0.57086139453384932,0.68631935286232282,-0.13696731322714506,-0.14561415561003033,0.69928693587107538,0.27655439634733814,0.24968695278293743,0.67923566189907381,-0.0028278454336241252,-0.001556966468204495,0.0018900445905005959,0.051046456727525634,-0.053590496809114853,-0.082182114789090294
19.098,268485.016770880,1,684,1,685,268484983930083,268484.98343458807,41106313ef097a06,1.2209908164284955,-0.95670770274828343,-0.22420991164113724,-0.31651679729869475,0.57018906838381112,0.40597006908827382,0.64022644395582484,1.1905156302029081,-0.94483447881932381,-0.21586422233376759,0.7397726291446346,-0.16564426679785219,-0.17937337831082686,0.62699571385998965,0.40307805751578207,-0.036535223096777682,0.73488321404044676,-0.0028275342443965803,-0.0015573607418697441,0.0018901332332578649,0.053383855174967652,-0.053134235609510458,-0.082477499142266375
226.195,268485.116780088,2,672,1,673,268484583893500,268484.58339800505,4110631255664961,1.0688991499916065,-0.97711128674017378,-0.50451356090594102,-0.3828638238446006,0.59826651410621201,0.37535462024621502,0.59548420026277105,1.0378833127006801,-0.96563919677575871,-0.49774821235928446,0.68648669515622396,-0.15565511462805617,-0.15231269891734275,0.69376389673442018,0.37271736180957055,0.13101535188856295,0.77720743982083951,-0.0027695201170604071,-0.0015527505550060369,0.0018273568595736304,0.064070038372110172,-0.053793955394901095,-0.083300225541701842
14.135,268485.116780088,1,687,1,688,268485083939208,268485.08344371308,41106314557244cb,1.2612866093160566,-0.95093602207073924,-0.14496884641056088,-0.32735793274708269,0.55122280720586292,0.42892813439669325,0.63640467425930891,1.2300743500360432,-0.94102677072592777,-0.13678578094649604,0.75330403317858219,-0.14670806437062664,-0.1582963665876076,0.6212503825114859,0.36215476982864664,0.023822276478476005,0.77776783991290821,-0.0027695051800384909,-0.0015532553117481886,0.0018274503383611325,0.066918990036753334,-0.054725961025760592,-0.083072303700956363
217.469,268485.216789296,2,675,1,676,268484683902708,268484.68340721307,41106312bbcf19b8,1.1092694623028827,-0.96773420250115805,-0.42766133188929706,-0.35971814734668683,0.59041842048812876,0.37388000482445638,0.61824165050788615,1.0786002296919459,-0.95534298987231403,-0.42093697522046775,0.70153593158228889,-0.17278977212737154,-0.16312972321963376,0.67184799229396153,0.38546996111925713,0.10863645994002954,0.72124211979231267,-0.0027676596005713279,-0.0015606842825412845,0.0018220182023083531,0.075701834637126375,-0.069308104902085776,-0.076621219347953837
19.375,268485.216789296,1,690,1,691,268485183948416,268485.18345292105,41106314bbdb1521,1.2939279380733832,-0.9438994276847853,-0.057318609193089835,-0.35153383863902804,0.52870627660907776,0.43859749715451996,0.63602352320346311,1.2619057590159692,-0.93569158300708599,-0.050494220126786213,0.75987179048340581,-0.13960127808765463,-0.12527982899474999,0.62242373800400863,0.22938179694392191,0.034856938442730544,0.82560967357138848,-0.0027680643756310902,-0.0015612309778442785,0.0018221994478261228,0.078645473905982186,-0.071377416306163635,-0.076738249186245
220.214,268485.316798255,2,678,1,679,268484783911875,268484.78341638006,411063132237e74e,1.1460385945134677,-0.95798587968829918,-0.3582721050861728,-0.33436270015839886,0.59329335578308973,0.38210832609645135,0.62465819378814913,1.115858724746724,-0.94510272728944023,-0.35036256672437388,0.71189141434122849,-0.17150865165749912,-0.18309161757791814,0.65595187031258118,0.39210316668241252,0.083254014516040212,0.69410605416013005,-0.0027378143833320691,-0.0015279391269264985,0.0017403116518497292,0.093034564883024543,-0.070228869608943076,-0.08275596425366348
17.981,268485.316798255,1,693,1,694,268485283957375,268485.28346188006,411063152243d4c2,1.3045158365056102,-0.93515135248282111,0.026228232537547025,-0.3710374202219493,0.50483680670699871,0.45076600193551652,0.63583102794726154,1.2718636574790263,-0.92871526938095739,0.031864986132339991,0.76834010780463291,-0.13086073137165774,-0.094610450984949815,0.61933658884976639,0.078448422766132092,0.030557482481643784,0.87381323036744163,-0.0027380859891562525,-0.0015285388633588881,0.0017404636718179435,0.096096117979569545,-0.070909432753404666,-0.083279055429485493
215.547,268485.416807421,2,681,1,682,268484883920916,268484.88342542108,4110631388a0ac70,1.1814625147930666,-0.95110501348423471,-0.29189120476591252,-0.32320085502714702,0.59044552233094849,0.39485701796335443,0.62530255160731762,1.1513364091518723,-0.93860840401734258,-0.28319560457419551,0.72136173034304851,-0.16294959519832306,-0.18897051145866611,0.64604553184759039,0.3754921424955141,0.034254978544974155,0.68106457855219193,-0.002714023543993211,-0.0014628863745616732,0.0016959780588222746,0.10284116150698643,-0.066945389387222817,-0.089606243112330494
15.660,268485.416807421,1,696,1,697,268485383966583,268485.38347108808,4110631588aca519,1.3016894488563442,-0.92740490029598066,0.11113845452467395,-0.38262095174984911,0.50026953357641735,0.47034238924106803,0.61815021730381781,1.2688228598159159,-0.92277809680354661,0.11728182218879785,0.76968048288100599,-0.10451591475485018,-0.083190107793170848,0.62429783260906724,-0.048873056103218404,0.025910210827791491,0.88994781261539257,-0.0027138748397098804,-0.0014631934681742132,0.001696074800894346,0.10425675365282262,-0.066901681713932265,-0.090118012272730086
216.050,268485.516816546,2,684,1,685,268484983930083,268484.98343458807,41106313ef097a06,1.2188137189971646,-0.94832277513491436,-0.22235169641839347,-0.31717772067684719,0.57074372949758101,0.40487996288198758,0.64009542852186707,1.1883460286921252,-0.93640069429218031,-0.21404839660313202,0.73890916577513788,-0.16632244636869531,-0.17929823954509683,0.62785526187446372,0.37245333177584672,-0.0014367233593833243,0.74375022017117742,-0.002681700941221827,-0.0014411316085057358,0.0016415352759436245,0.11044822382390175,-0.061132828160213565,-0.093982188974869749
12.493,268485.516816546,1,699,1,700,268485483975666,268485.48348017107,41106315ef156d0c,1.2838938098833439,-0.91924585922769053,0.19159048710591955,-0.40207241867999249,0.48470554441684582,0.4520359877098834,0.63171340366974982,1.2507187604250605,-0.91439904786619119,0.19550015013910843,0.76632652336226514,-0.12705111587094511,-0.058430442004555286,0.62704669442921368,-0.20310652323462336,0.068501626815999722,0.75696352045344417,-0.0026816883443830665,-0.0014412581942127248,0.0016415611352037836,0.11120289849235256,-0.06136053449925459,-0.094114597616102247
208.277,268485.616825755,2,687,1,688,268485083939208,268485.08344371308,41106314557244cb,1.2548884948527295,-0.94255506766282604,-0.14704097163815805,-0.3278344523452667,0.55173968107991933,0.42794767657656652,0.63637153888471987,1.223683583583751,-0.93259601173999196,-0.13889040909391379,0.75258731457630323,-0.14737792247801418,-0.1583249013689676,0.62195281775340439,0.32961347406682812,0.053967080977540299,0.77965561487624635,-0.0026587059056592693,-0.0014363335342434222,0.0016287471264746008,0.11610732765250666,-0.062062560070431233,-0.090587025212169575
13.288,268485.616825755,1,702,1,703,268485583984750,268485.58348925505,41106316557e3510,1.2583595044185341,-0.91020965355180239,0.26097420114941805,-0.42073336125025701,0.47151119846334938,0.43286056275697271,0.64287822709819153,1.2250411881137204,-0.90511500837419445,0.26278950858709166,0.76066217285363691,-0.14850491067347879,-0.03590535207205784,0.63091216186409627,-0.25775144505336267,0.060034496881941318,0.6173737423512593,-0.0026587909143808226,-0.0014364408443614111,0.001628779890452188,0.1165933064700217,-0.062165726662577997,-0.090600622834710334
208.690,268485.716834796,2,690,1,691,268485183948416,268485.18345292105,41106314bbdb1521,1.2812893789944169,-0.9351066091914233,-0.06906586529497756,-0.35196530800960585,0.52955047501778918,0.43745540266882998,0.63586912195393563,1.2492795656298403,-0.92683443657536679,-0.062261163939168918,0.75895502958164562,-0.14029968265409523,-0.12557167248864196,0.62332577131728539,0.1963959223061234,0.057450356377798328,0.80584384009386179,-0.0026545715395838105,-0.0014182510422135683,0.0016259194288893953,0.11722465856698766,-0.056058705899832625,-0.098783020474447439
15.888,268485.716834796,1,705,1,706,268485683993833,268485.6834983381,41106316bbe6fd04,1.2257023625381931,-0.90560971654692191,0.31036692450164799,-0.44777088750283206,0.4728802377972921,0.40487926780372724,0.64183981235266219,1.1924007061838764,-0.90009967122577617,0.31037297301528544,0.74014213988352917,-0.16755640346616307,-0.017754991392007605,0.65099863648611789,-0.30929992153484392,0.061140894855532382,0.45316267424144635,-0.0026544346810243266,-0.0014183053724731995,0.0016259442047208308,0.1174443667100291,-0.055245877095748838,-0.09916768677470017
196.730,268485.816844005,2,693,1,694,268485283957375,268485.28346188006,411063152243d4c2,1.294077011653495,-0.92819270807071974,0.014405181297205132,-0.37121157674586452,0.50559288156491022,0.44993969938303563,0.63571386923074402,1.2614351755407462,-0.92170291030644136,0.020040251140057665,0.76767297996128703,-0.1313621717735626,-0.09502192937406749,0.61999436175042777,0.059385897033233499,0.045551265728938514,0.85466158200154585,-0.0026462688326895499,-0.0014138837905282957,0.0016212872321355733,0.11806329049023292,-0.052510815999515507,-0.10181226101679303
12.085,268485.816844005,1,708,1,709,268485784003041,268485.78350754606,41106317224fcd5a,1.1961315458359694,-0.9002392145905862,0.3489134995134146,-0.46782369074714431,0.48658106346666569,0.39720025813248172,0.62178120846752771,1.1627614904694641,-0.89516136513343714,0.34903920430055557,0.72052868576572116,-0.15880270868208729,-0.013263465094326157,0.6748660557456172,-0.26436695080209272,0.035633030407727327,0.3875267416846771,-0.0026461287566572431,-0.0014139303730047769,0.0016213072000169401,0.11827076071165196,-0.052060595160811671,-0.10201654390664844
187.260,268485.916853130,2,696,1,697,268485383966583,268485.38347108808,4110631588aca519,1.2944134081632899,-0.92199528136541919,0.10052060373320443,-0.38279325609253601,0.50071138737000298,0.47002221298020441,0.61792928573239869,1.2615506732092403,-0.91734997999562684,0.10667062637465063,0.76929786187362581,-0.10458609134588598,-0.083380708032695303,0.62473210798039203,-0.059958386302082708,0.035995018421237493,0.87319766291659839,-0.002643617454045945,-0.0014150947095615503,0.0016181996066880638,0.11843927870501139,-0.051314633779125471,-0.10246233497811737
15.255,268485.916853130,1,711,1,712,268485884012166,268485.88351667108,4110631788b8981f,1.1697406336850904,-0.89691070783684668,0.38595565249223263,-0.48225442554756393,0.49652588903655537,0.39000927336645097,0.60727714468511029,1.1363355119426954,-0.8920703464006019,0.38612797343957495,0.70518797022710089,-0.15363158105583158,-0.010091448342026608,0.69210217932009654,-0.26841478830733878,0.023920669365109438,0.35832000772565403,-0.0026435723907231846,-0.0014151387826210758,0.0016182140029512859,0.11859810921706805,-0.051198393299384193,-0.10249812865370089
178.661,268486.016862213,2,699,1,700,268485483975666,268485.48348017107,41106315ef156d0c,1.2790247197097833,-0.91594563537392271,0.18275740051925843,-0.40212700442648613,0.48504077051303979,0.45186507427976685,0.63154360982415014,1.2458525957236479,-0.91108692625324195,0.18667710559689815,0.7660856069436166,-0.12705190753672801,-0.058628884693623089,0.62732233301923124,-0.20833705343063999,0.073678410241812597,0.74248598011250078,-0.0026323583849203066,-0.0014110764948028188,0.0016088974027935743,0.11887880735138107,-0.048932517484113494,-0.10209079040260959
17.075,268486.016862213,1,714,1,715,268485984021375,268485.98352588009,41106317ef216887,1.1412348524130593,-0.88993215772162337,0.41789099018649151,-0.50102959283151272,0.50654027122640799,0.36289342693281673,0.60057864983231157,1.1079339502819114,-0.88448994432536165,0.41700038220995861,0.68127762083827237,-0.1680688284283893,-0.003896637958293838,0.71245946443869634,-0.28612758486702322,0.067238441326354995,0.32795366496093081,-0.0026323750634822457,-0.0014110443513628747,0.0016088940492949887,0.11875967230321487,-0.048962222257728456,-0.10205202855839743
208.269,268486.116871255,2,702,1,703,268485583984750,268485.58348925505,41106316557e3510,1.2530657676601709,-0.90956666368900985,0.24848986546013999,-0.42076110383229709,0.47189611225656319,0.4326304188031786,0.64273254677014324,1.2197505919083527,-0.90445515245453112,0.25031537073043181,0.76039642496248216,-0.1485646354744182,-0.036157910250803747,0.63120395397757467,-0.26278722236617885,0.058788148625279507,0.59391211255437382,-0.0026273520064534783,-0.0013956706680322926,0.0016031186042920972,0.12067637760028325,-0.044240975074302129,-0.10476600839845697
18.643,268486.116871255,1,717,1,718,268486084030333,268486.08353483805,41106318558a2816,1.1098895261559374,-0.88206552427819829,0.44566777455125656,-0.51119175723158328,0.51729366454382875,0.34270534998053159,0.59467919777683864,1.0767165273850052,-0.87599769163931851,0.44422053180144411,0.6628309526632824,-0.17817241171793782,-0.0043146999238626391,0.72724899673953924,-0.27683183353011931,0.10378579871902435,0.33835997453237948,-0.0026274012496164652,-0.001395548108655231,0.001603109044823419,0.12035578926509574,-0.044291138132091103,-0.10479786657186468
206.091,268486.216880421,2,705,1,706,268485683993833,268485.6834983381,41106316bbe6fd04,1.2213332755985875,-0.90346093455497689,0.29886239696443256,-0.44776420469757777,0.47320050710019329,0.40471125353194282,0.64171438471390774,1.1880338701838105,-0.89793732200073684,0.29887837631241126,0.73993464512422347,-0.16758651676236527,-0.017986181438656448,0.65122037561919288,-0.31328185523422125,0.063899425379936786,0.43517963519755865,-0.0026282967378959332,-0.0013825610266121812,0.0016122595091288981,0.12115907765843906,-0.04183586519556156,-0.10764091660712144
15.305,268486.216880421,1,720,1,721,268486184039458,268486.18354396307,41106318bbf2f2db,1.0786272567128299,-0.8698154397031399,0.47179729765110728,-0.53046828997451079,0.52761359352025661,0.32628035764574609,0.57772698629301034,1.0454457255491607,-0.86390236735491166,0.4699581356121133,0.6392297061340354,-0.17779961149239704,0.0020185751673256667,0.74817685496361175,-0.32683574959856021,0.1606934662553039,0.24531846106275221,-0.0026282927967867342,-0.0013824733889971443,0.0016122314647033455,0.12104224456205535,-0.041724813468315178,-0.10774196759891679
208.280,268486.316889505,2,708,1,709,268485784003041,268485.78350754606,41106317224fcd5a,1.1928794235841285,-0.89751648889658375,0.33967837377113902,-0.46770991559955022,0.48692874811977349,0.39699647875527877,0.62172476078467509,1.1595126991285518,-0.89241707948636018,0.33981502932040825,0.72034467745180353,-0.15890688791947438,-0.013589766439965869,0.67503145473874926,-0.26453822793584653,0.040349712625254969,0.37549111822398989,-0.0026238798016726952,-0.0013692936665392632,0.001627537884310316,0.11895250502347868,-0.042234833200866011,-0.10545353743799277
17.463,268486.316889505,1,723,1,724,268486284048625,268486.28355313005,41106319225bc071,1.0521764292429117,-0.84965627959206602,0.49432967903609043,-0.54555802439089407,0.5534940064307966,0.29633710396023782,0.55515331296573323,1.0191710997430865,-0.84287593491484614,0.49232067365215654,0.60209463190424062,-0.18301069159955427,-0.0056115865664865599,0.77714712319390133,-0.26589567265961939,0.21167462776690785,0.17973186743009234,-0.0026238050938963207,-0.0013692639055501337,0.0016275505958382307,0.11906567677763501,-0.041925500622463717,-0.10558881343601609
216.048,268486.416898630,2,711,1,712,268485884012166,268485.88351667108,4110631788b8981f,1.1668783512618635,-0.89422144995244601,0.37580423609764768,-0.48188456262686052,0.49697715507727336,0.38974882525520399,0.60736881880607596,1.1334791042380883,-0.8893413140826425,0.37599271448819283,0.7050686289972603,-0.15388056906741099,-0.010672074183428026,0.69215974001673708,-0.26585846710626976,0.027336000116027354,0.34561928598361269,-0.0026315881483570968,-0.0013461382395256621,0.0016481682963356086,0.12066613884637653,-0.039136953734191959,-0.10611756651979241
16.791,268486.416898630,1,726,1,727,268486384057791,268486.38356229605,4110631988c48df6,1.0275342961192486,-0.83212169145420989,0.51037412764036982,-0.54171233182366052,0.5674164570385809,0.27529443134018727,0.55569716853473328,0.99486366949222649,-0.82398327467348786,0.50797469435987064,0.58759977974679389,-0.19827467165818943,-0.018175560760355057,0.78427246694717212,-0.24539349698770163,0.19457101998214194,0.14470720752445693,-0.0026314794261005229,-0.0013461515225410487,0.0016482484657621668,0.12093563558750406,-0.038664751161121544,-0.10633386552254374
235.681,268486.516907713,2,714,1,715,268485984021375,268485.98352588009,41106317ef216887,1.1397778899256508,-0.88966742960934719,0.40668708665056225,-0.50030639835827062,0.5071084249041754,0.36269991118425893,0.60081892512835566,1.106485661654713,-0.88416787959053322,0.40582485796110102,0.6813106848305055,-0.16837556500948422,-0.0048097589684506278,0.71234983404377239,-0.2818300616614649,0.065286079579984904,0.31171160320762414,-0.0026316614297017256,-0.0013299936326288857,0.0016827375070062175,0.12517061717205838,-0.031534867586485195,-0.10725188385586071
13.369,268486.516907713,1,729,1,730,268486484066875,268486.48357138009,41106319ef2d55fb,1.0051308882684067,-0.81655127833545416,0.51437141990117907,-0.51987538475362882,0.59033661078826705,0.27698911082465527,0.55182366385226311,0.97279367342640288,-0.80691456358406399,0.51347743051140293,0.58605911771525765,-0.19433737097960863,-0.049823609414191915,0.78503840971540351,-0.24737894447784378,0.18135598382739559,0.066906361269997328,-0.0026315732018629356,-0.0013299171701099857,0.0016828405315735164,0.12512896043609414,-0.030953790372000686,-0.10746769478405314
213.110,268486.616916838,2,717,1,718,268486084030333,268486.08353483805,41106318558a2816,1.112718803788342,-0.88455551206777505,0.43325200261555075,-0.50975826322829376,0.51830973900157762,0.34247798675723951,0.59515578576182748,1.0795628148725782,-0.87838245147316818,0.43186107706770166,0.66300718117762902,-0.17867018037769397,-0.0060468063475587874,0.72695383655614065,-0.26464848757672776,0.095060411176243892,0.31509315783678227,-0.0026409317036112084,-0.0012574644918839114,0.0017740086053441764,0.12789889755813608,-0.018280259368298891,-0.11051699806866248
17.981,268486.616916838,1,732,1,733,268486584075833,268486.58358033805,4110631a5596158a,0.97945155120987715,-0.80413021309396804,0.50123413515908266,-0.49831942715631039,0.61520392669049773,0.27432349461725314,0.54584663653507803,0.94763884638230877,-0.79285864853349797,0.50174852400009795,0.57994784603424199,-0.19199584979088374,-0.082649820037218796,0.78737989356544724,-0.37877959856584947,0.21974555142622357,-0.029579007881172199,-0.0026408037349343605,-0.0012571679353378397,0.0017740989552669055,0.12782732720775411,-0.017334096675099692,-0.11089037080663655
214.872,268486.716925838,2,720,1,721,268486184039458,268486.18354396307,41106318bbf2f2db,1.0883847043219832,-0.87230274975898592,0.44938544851407863,-0.52859666920585247,0.52911927519105661,0.32606851360934475,0.57818485934071473,1.0552237476101591,-0.86625055227565573,0.44762965594492349,0.63940367491166783,-0.17827317297144502,-0.00036953822619453531,0.74791809695289957,-0.29938485155606481,0.14919789119663682,0.20770238763798654,-0.0026249910665018979,-0.0011837249359845595,0.0018320454393171181,0.13295845369828521,-0.0011295530643439002,-0.11477112899755351
12.979,268486.716925838,1,735,1,736,268486684085000,268486.68358950509,4110631abbfee321,0.94362950610350327,-0.78191768287042296,0.4742049953725434,-0.49773603441652398,0.61756595974924011,0.27225585984904332,0.54474574380407148,0.91187157204913694,-0.77049367086682607,0.47474027689360659,0.57770735881278101,-0.19267943962286049,-0.084732550537426662,0.78863758216281044,-0.52290265937381486,0.31447929963961435,-0.062591397124349912,-0.0026247856403041458,-0.0011838318691349231,0.0018322822849976832,0.13434958867468291,-0.00023942988187592926,-0.11510766693882671
216.491,268486.816934963,2,723,1,724,268486284048625,268486.28355313005,41106319225bc071,1.0676433310070268,-0.85411773502769117,0.45214759148306893,-0.54348549864893603,0.55578706752881957,0.29560594742300417,0.55528499474293458,1.0346715380886895,-0.84714927072686863,0.45023387023768341,0.60167073924754977,-0.18362081040652589,-0.008698522542764096,0.77730306523551718,-0.22305391951087733,0.19544914013282805,0.123357207587319,-0.0025370353748812831,-0.0010778923903701546,0.0018138046529408668,0.13845942464671654,0.0041411416422142732,-0.1230008055997317
14.597,268486.816934963,1,738,1,739,268486784094083,268486.78359858808,4110631b2267ab14,0.89643320853938979,-0.74375972408473756,0.45014381227237427,-0.4923866205244522,0.62134394489023148,0.27468738432835993,0.54409007726669523,0.86476774564319869,-0.7321067347277026,0.45107507516832529,0.57896307997254104,-0.19049646597821943,-0.091186596116583266,0.78752641426633396,-0.61568544747486853,0.410839640773629,-0.048428834920887461,-0.0025371254943945118,-0.0010785176979521938,0.001814154237906101,0.14100313012829319,0.0038063914997303857,-0.12269055643525031
220.837,268486.916944046,2,726,1,727,268486384057791,268486.38356229605,4110631988c48df6,1.050378275498824,-0.83927853832260535,0.45477938492289344,-0.5397108292300169,0.56999247473697456,0.27432584738846144,0.55548733758939062,1.0177498458136667,-0.83094468741650063,0.45247863345388267,0.5867665146041956,-0.1988111910399738,-0.021412356313754558,0.78467871046282645,-0.19412841627683006,0.1728319510005723,0.078771484386491578,-0.0024834740852373457,-0.0010372114776871686,0.0018157258902673809,0.13743097984025668,0.0043400816252444178,-0.13129112222185615
19.051,268486.916944046,1,741,1,742,268486884103166,268486.88360767107,4110631b88d07307,0.84032920008098844,-0.70420148180164122,0.43311293787229699,-0.48207450334195245,0.62183952566672884,0.28254212992683969,0.54871648013803309,0.8087594131194501,-0.69234831178924738,0.43460017148776264,0.58778858445773163,-0.1882136830045994,-0.098828792429076079,0.78058507499056806,-0.69616070469268387,0.43369335398005077,-0.069682606688410267,-0.002483749373390986,-0.0010377660653207721,0.0018159034818692426,0.13873197787898639,0.0035617018634383495,-0.13090417894389181
199.160,268487.016953213,2,729,1,730,268486484066875,268486.48357138009,41106319ef2d55fb,1.030755338356766,-0.82480412589007224,0.4597041324196009,-0.51853468627991561,0.59267388639065599,0.27586148538009925,0.55114420763675898,0.9984630187884036,-0.81501126017949932,0.45888753580190261,0.58478131805326872,-0.19465427447215874,-0.052424329755236705,0.78574309614231652,-0.20602850286323943,0.16055944025965813,0.0096042266239501108,-0.0024317698030859474,-0.0010668206869545074,0.0017593019078953208,0.13819080408878259,-0.009936116164271213,-0.14016052515754052
12.558,268487.016953213,1,744,1,745,268486984112333,268486.98361683806,4110631bef39409d,0.76966665607728058,-0.66174550318556047,0.42793384394917688,-0.46579839658883115,0.61015667153885234,0.30495784374816182,0.56368560089898967,0.73801200529882249,-0.65024365327096201,0.43018139475005157,0.61422365380106048,-0.18294814669497436,-0.10207671242167457,0.76081510468268976,-0.6298769525369714,0.44656020450976835,-0.17634417491819923,-0.0024325373055987297,-0.0010668003057505066,0.0017592184197830567,0.13760388870713888,-0.01191278453099239,-0.13963468589963696
196.984,268487.116962213,2,732,1,733,268486584075833,268486.58358033805,4110631a5596158a,1.0015047021080663,-0.80979486530424705,0.45737067384728941,-0.49825107161189552,0.6168247082014362,0.27327661039874229,0.54460361402699575,0.96971764357963808,-0.79845282460874623,0.45792019631132252,0.57832863750266439,-0.19185715907996748,-0.083844220271634143,0.78847762446445968,-0.35563754648554607,0.20982182243731579,-0.063405975151448579,-0.0024278712958898481,-0.0010940555299744357,0.0017095056926478194,0.13496111855017787,-0.020909820359622883,-0.14806311353178253
13.402,268487.116962213,1,747,1,748,268487084121458,268487.08362596307,4110631c55a20b62,0.71145788653412911,-0.61781722647350235,0.40353986134575637,-0.44585178249852186,0.62942545671658612,0.31768564590840043,0.55146683134731711,0.68024476930357025,-0.60571991639132028,0.40787083738973551,0.61458359420084596,-0.16530825713945665,-0.12980618643326877,0.7603358072748756,-0.46585187024306096,0.48717691557940512,-0.39094848400993543,-0.0024284369834021323,-0.0010937501758621336,0.0017093643925113302,0.13404734697063442,-0.021841921202793046,-0.14796746066335603
186.713,268487.216971380,2,735,1,736,268486684085000,268486.68358950509,4110631abbfee321,0.95775675392908255,-0.78627273870755421,0.44994169267917117,-0.49841875052764301,0.61859134508012226,0.27129961630476895,0.54343359145326431,0.92600534978366567,-0.77483066438644033,0.45047855578193552,0.57610336073562951,-0.19242777409897299,-0.084974854259978319,0.78984539224326888,-0.50940965712053288,0.3135781038895315,-0.059822457304982271,-0.0024329503278593132,-0.0010897635715287231,0.0016970845044467823,0.12769697496707055,-0.026292192439268832,-0.15434158114211943
14.061,268487.216971380,1,750,1,751,268487184130500,268487.18363500509,4110631cbc0ad095,0.67252796248617241,-0.57545612492375231,0.35736721768364349,-0.43316360886911959,0.64389109174820325,0.30226799925702641,0.55354101903691111,0.64195513351426459,-0.561844677266362,0.36177080409601198,0.60514834413552343,-0.17767685148826504,-0.14900682816166075,0.76159266225223876,-0.35095671704166093,0.41237874865683966,-0.5413141135220042,-0.0024330440510257722,-0.0010893922644858783,0.0016969968638960334,0.12713202943514326,-0.025804516748543886,-0.15468847650235595
185.666,268487.316980463,2,738,1,739,268486784094083,268486.78359858808,4110631b2267ab14,0.90088818205280408,-0.75157602953272795,0.44652021786054968,-0.49334965662583929,0.62157573600923532,0.27443252537225266,0.54308062287475534,0.86920890035465626,-0.73996018751345993,0.44744557035522653,0.57806907545437825,-0.18996288644268633,-0.090669527844588704,0.78837128467373985,-0.60966375746983159,0.40273496809948239,-0.024586160247354411,-0.0024518712343011683,-0.0010800495451720972,0.0017054851773996957,0.12387296547814,-0.02585556116436806,-0.15602642230051275
13.671,268487.316980463,1,753,1,754,268487284139625,268487.28364413005,4110631d22739b59,0.64109281680396202,-0.54796322149337784,0.29647229026641991,-0.42302491346443105,0.64148109319112878,0.29087081061760195,0.57004048488670001,0.6108805970196507,-0.5333815824624043,0.30020840199406607,0.60875619885447418,-0.19740276452517355,-0.15447184196694033,0.7527193958929258,-0.33289974831176222,0.19254235698011174,-0.70577341964554108,-0.0024516101807352452,-0.0010799206684736155,0.0017055070745867051,0.12362852798022386,-0.025262046228276276,-0.15632598426788452
177.734,268487.416989588,2,741,1,742,268486884103166,268486.88360767107,4110631b88d07307,0.83791269762476184,-0.7119862692805381,0.44238626489186461,-0.48280544452699775,0.62171415195095481,0.28243653695941323,0.54827007195527955,0.80632896278169608,-0.70016801646881077,0.44385512356703222,0.58739826071160162,-0.18797269026112198,-0.09822328637198588,0.78101327584316305,-0.69399454732340327,0.42109665042744032,-0.034403719916137561,-0.0024656656118635205,-0.0010584033497774929,0.0017372574508800951,0.1170675561696614,-0.023750346744674331,-0.1572275507942012
12.223,268487.416989588,1,756,1,757,268487384148750,268487.38365325506,4110631d88dc661e,0.61801465020881585,-0.54449250993566101,0.21885973050358745,-0.41077728629146382,0.6189059377181787,0.31572088117296315,0.59037093401356633,0.58742839990533957,-0.53081450316836631,0.22295294137202984,0.64070364984930805,-0.19420690964971857,-0.14716917686742287,0.72809597079934918,-0.2788133172091164,-0.019212877858053895,-0.86850151713160284,-0.0024654408523706759,-0.0010582957686336878,0.0017372900995719918,0.11689119833055353,-0.02330155035738157,-0.15743076371208567
168.613,268487.516998671,2,744,1,745,268486984112333,268486.98361683806,4110631bef39409d,0.77180779751309081,-0.66998707966665882,0.4331984276550841,-0.46592164336686287,0.61012857028269396,0.30485583397209082,0.56366933895039784,0.74015191613687648,-0.65848690647087882,0.4354372091827704,0.6141400230647539,-0.18300877956364367,-0.10196969320322695,0.76088238272461595,-0.62043002517828216,0.43205414962854671,-0.15797611674535825,-0.002471273238518111,-0.0010541439217790407,0.001752943775066242,0.11532970067764589,-0.022876417585634072,-0.156586614692765
11.545,268487.516998671,1,759,1,760,268487484157750,268487.48366225505,4110631def45287f,0.59947802271661843,-0.54651479811001968,0.1145852302865188,-0.39206753191102756,0.62991535638064122,0.33538311662063175,0.58052382596699414,0.56920167932305732,-0.5329131278350363,0.12072514465175206,0.64764399280817686,-0.17334065331175036,-0.16818380509819289,0.72265101134062681,-0.17458672037542391,0.022732930412607176,-1.1655417148993936,-0.0024711825632040343,-0.0010540755030154136,0.0017529571730016361,0.1151671579975764,-0.022717484240451148,-0.15663544241539568
166.868,268487.617007713,2,747,1,748,268487084121458,268487.08362596307,4110631c55a20b62,0.71984688002215835,-0.62656570676458456,0.40289275139620323,-0.44541979798002262,0.62959818293230729,0.31747706236679296,0.55173879662318903,0.68864682152839196,-0.61443554997422056,0.40722594862150263,0.61462841185375527,-0.1656480564579467,-0.13023378148271564,0.76015248397577972,-0.44808553300269671,0.47008333277174202,-0.38602783110417638,-0.0024925909173854123,-0.0010412574980600681,0.0017644009254136534,0.11277974631695173,-0.020586790175495803,-0.15744906845116977
14.019,268487.617007713,1,762,1,763,268487584166875,268487.58367138007,4110631e55adf344,0.58705348671266788,-0.5480831778908648,-0.015282318708563548,-0.37394263834079466,0.64594232226062065,0.3285882472077909,0.57875317411887617,0.55755790462226051,-0.53322507781893058,-0.0083103425635218352,0.6415872548013023,-0.17689331152739962,-0.19233281586305342,0.72116755248387887,-0.14724662120628856,-0.0048121344977357814,-1.3650208011341904,-0.0024925675967278891,-0.0010412350526211574,0.0017644038526426814,0.11272389041333657,-0.020549619149275018,-0.15746520621255308
173.841,268487.717016755,2,750,1,751,268487184130500,268487.18363500509,4110631cbc0ad095,0.69084750036060227,-0.59039710650819088,0.35188075736361052,-0.43197520541411416,0.64430783227191046,0.30197155978472467,0.5541462527836547,0.66031059290388383,-0.57671198360938014,0.35630519475053973,0.60536669465516335,-0.17831443071890271,-0.1501418363235909,0.76104701417524523,-0.31578918166557035,0.38443150037250395,-0.54445977873426232,-0.00254513824233068,-0.00098811944576418227,0.00184217992507847,0.096960477197571823,-0.015319140206586299,-0.15881727751788621
16.191,268487.717016755,1,765,1,766,268487684175916,268487.68368042109,4110631ebc16b866,0.58792381117132397,-0.56700489990563996,-0.15620708238585412,-0.3606525312471297,0.65405088349221929,0.32653488269941922,0.57924279633072884,0.55893857110230982,-0.5514448774864712,-0.14865046194923134,0.64048152204882491,-0.17869147463389523,-0.20746395894162634,0.71750364636526542,-0.30337503121066273,-0.014086981184962009,-1.3621418957074034,-0.0025450645736427384,-0.00098803423115571094,0.0018421420015883702,0.097046526670036853,-0.015244313741892973,-0.15879362486465662
178.284,268487.817025880,2,753,1,754,268487284139625,268487.28364413005,4110631d22739b59,0.65826838872620574,-0.56590499257870497,0.29287934499487783,-0.42216593781440037,0.64169810862750476,0.29056247764284671,0.57059000879063881,0.62808393931529116,-0.55126770942617553,0.29662232611147649,0.60892674659152302,-0.19800936092524643,-0.15523268254039166,0.7522654614846761,-0.30706405723560831,0.16034578870335192,-0.70589521548902212,-0.0025707175695822587,-0.00098882654778077814,0.0017945830347769192,0.097100742322141595,-0.016623786322174691,-0.16684186460162445
12.939,268487.817025880,1,768,1,769,268487784185000,268487.78368950507,4110631f227f806a,0.54201055301360368,-0.57714925165423048,-0.2852761628453539,-0.3495460515529355,0.64540257448861171,0.2951106482134056,0.61170485792640927,0.51366609943346708,-0.55970367914815955,-0.27965433901802644,0.64121537661624439,-0.2238659066162309,-0.20920214806000745,0.7035349016877982,-0.41337516112336714,-0.0011069066061300103,-1.3023124884248538,-0.0025706552277651338,-0.00098881942961871988,0.0017945307222868225,0.097489066043031064,-0.016659638632657233,-0.16678606224163728
180.646,268487.917034963,2,756,1,757,268487384148750,268487.38365325506,4110631d88dc661e,0.63406345293561017,-0.56591169590416679,0.2183334142478538,-0.40992977540153852,0.61909842975491181,0.31537184332307711,0.59094447045871523,0.60350340218271836,-0.55217687026760498,0.22243204995751623,0.6408623943241617,-0.19485926817252933,-0.14790456996975085,0.72763280253877505,-0.25503026291832265,-0.054938072942397533,-0.86305431708923219,-0.0025852336089483836,-0.00097070829993487579,0.0018208748194061756,0.090982405879492606,-0.020299164022315668,-0.17077630102986813
16.617,268487.917034963,1,771,1,772,268487884194125,268487.88369863009,4110631f88e84b2f,0.50172199113221005,-0.57867622377566563,-0.4000551915091588,-0.34741675770577052,0.66842232677741498,0.27995021242981261,0.59509757292704513,0.47410697774123456,-0.56021343552697822,-0.39406374448302472,0.61875220642543505,-0.22284282975162484,-0.22698520864998362,0.71830668612095472,-0.52043169466902028,0.11997462509620278,-1.0543713138082962,-0.0025852487090238662,-0.00097075219109642196,0.0018208457074838182,0.091295534995313732,-0.020410372517605999,-0.1707465249378714
191.325,268488.017044130,2,759,1,760,268487484157750,268487.48366225505,4110631def45287f,0.61834704285159459,-0.57042392098571026,0.11526761120360654,-0.3912445614468566,0.63018952698202402,0.3350368194872978,0.58098126993969945,0.58809756046041162,-0.55676717909759887,0.12141766551504278,0.64772258548991268,-0.17390898408302796,-0.16895960096492313,0.72226295124645989,-0.14876284752062127,-0.012784644251994336,-1.1585373096409093,-0.002566159256656824,-0.00097230603246407313,0.0018376177091799192,0.091696895431721229,-0.022711776210414359,-0.16940959564636082
12.253,268488.017044130,1,774,1,775,268487984203208,268487.98370771308,4110631fef511322,0.45424311988780841,-0.56018708437121167,-0.49122068928542112,-0.35549247440929999,0.67469630955255444,0.26829343035985442,0.5885819220403723,0.4267190192843891,-0.54142931369547731,-0.48574977736728414,0.60590235619302957,-0.22647815837757318,-0.22571119040522203,0.72845345566034325,-0.44904449197822283,0.20726277198701148,-0.79930921637162344,-0.0025661882971025267,-0.00097235602390740618,0.0018375787492467205,0.092061524452085944,-0.022926027064656466,-0.16939563970203292
198.573,268488.117053171,2,762,1,763,268487584166875,268487.58367138007,4110631e55adf344,0.60536523315650159,-0.57182441420519459,-0.012745562016177454,-0.37340832374346705,0.6462158101967006,0.32819202391738206,0.57901761550095232,0.57589258389706288,-0.55692215436830572,-0.0057708541835469933,0.64149407092276178,-0.17736047198497468,-0.19290401849708813,0.72098312018790345,-0.12729334318811308,-0.036744136280297518,-1.3553111525021804,-0.0025465138295309368,-0.00096756890023153453,0.0017985651923306362,0.096768141106454361,-0.023998499507044489,-0.17257503359374343
18.100,268488.117053171,1,777,1,778,268488084212291,268488.08371679607,4110632055b9db15,0.40501456673931724,-0.53724335357925845,-0.56297662236007651,-0.34479674743230931,0.69036158285886562,0.24994617580736569,0.5848444667468915,0.37845681464708825,-0.51713693308401498,-0.55751964419970601,0.5902861085158968,-0.23680884623053106,-0.24435123196846378,0.73196745547573205,-0.43216921736223879,0.2535865864778305,-0.63661620480654646,-0.0025465632033028914,-0.00096764723899310544,0.0017985199993547241,0.09726226579381847,-0.024324992574570093,-0.17253886161040152
194.178,268488.217062380,2,765,1,766,268487684175916,268487.68368042109,4110631ebc16b866,0.58510776137156595,-0.57600474905563159,-0.15130515896966773,-0.360837365279982,0.65401088696079801,0.32630300496926506,0.57930351087755283,0.556119984759889,-0.56044025780318918,-0.14376749546359641,0.64036049140442286,-0.17889836861156463,-0.20730497972924034,0.71760606194197252,-0.30733633848220915,-0.027486431597999388,-1.3562195965487303,-0.0025552368735796815,-0.00096685761311973955,0.0017816076258203863,0.098582044366290617,-0.019100327022549209,-0.1703961194807033
12.880,268488.217062380,1,780,1,781,268488184221333,268488.18372583808,41106320bc22a048,0.36185249314896129,-0.51474410978495189,-0.6245596666244434,-0.31337695113788866,0.71496749908044854,0.21604310072064534,0.5864655092992761,0.33756335948870958,-0.4919547314179365,-0.61907850145214294,0.56745926500771982,-0.26192819004047957,-0.28396739215530092,0.72714931479822931,-0.2529035036751609,0.14904234841841293,-0.50407347596157037,-0.0025552579015063036,-0.00096688872315112931,0.0017816240972030589,0.098599709961889659,-0.019099404273476766,-0.17037635508770135
197.475,268488.317071338,2,768,1,769,268487784185000,268487.78368950507,4110631f227f806a,0.54584357190538435,-0.57888793535908223,-0.28290091187712124,-0.34973953246614486,0.64569103002772277,0.29478781113445274,0.61144546182888548,0.51750445402180634,-0.56143122482553509,-0.27728676840770283,0.64080367559987983,-0.22391076616321096,-0.2092693052602364,0.70387568221226804,-0.41545256840692202,0.0021720551804431162,-1.2953255214002106,-0.0024982627272244896,-0.00096340929817811092,0.0017417968014123528,0.10676577910761029,-0.022660166291896759,-0.17362013790523106
19.269,268488.317071338,1,783,1,784,268488284230500,268488.28373500507,41106321228b6dde,0.33172838657034687,-0.49566390166162833,-0.66511638558987307,-0.27527872689202953,0.74994264364176777,0.18690428329455078,0.57172939041729387,0.3103070127549431,-0.47036194554673916,-0.65876841641953565,0.53643500084558982,-0.27211243557744252,-0.33563806538823998,0.7249409640338611,-0.30860563437114108,0.23195157828736071,-0.35723119433753397,-0.0024982815146400773,-0.00096346860944821638,0.0017417565421769749,0.10718075449252924,-0.022852100395622445,-0.17350816767020424
202.696,268488.417080421,2,771,1,772,268487884194125,268487.88369863009,4110631f88e84b2f,0.49792920088534565,-0.57320996900439636,-0.3968337384189754,-0.34797267055423436,0.66873310349220927,0.27958143519866141,0.59459678030222241,0.47031020310905092,-0.554747333051683,-0.39086021454464415,0.61813732769992014,-0.22274948077402235,-0.22681187123216381,0.71891952817201277,-0.53551024440687722,0.13512563815432269,-1.0441265947514013,-0.0024607394446086554,-0.00095655305499504429,0.0017161262800231831,0.11224495542692844,-0.031675028209961813,-0.18018727757855416
17.520,268488.417080421,1,786,1,787,268488384239625,268488.38374413009,4110632188f438a3,0.29753123947601179,-0.47177976085311296,-0.68032656923397405,-0.2626555942551021,0.76995928276189995,0.17106978746266174,0.55579665591404903,0.27747424139396476,-0.44543882830390336,-0.6737513846478691,0.5139721774537529,-0.27204297034860031,-0.35871786871997119,0.73016896246578444,-0.28279744244732297,0.2438278592599567,-0.12373260325887629,-0.0024607976247674151,-0.00095662971965138391,0.0017160940412997922,0.11267688010892943,-0.032087058903713661,-0.1801173160150211
197.180,268488.517089546,2,774,1,775,268487984203208,268487.98370771308,4110631fef511322,0.45107629553210715,-0.54806583711465062,-0.47908411963029057,-0.35601108725334946,0.6753978429444254,0.26806352931302169,0.58756774670112055,0.4235528905070321,-0.52931007710581268,-0.4736028246844633,0.60502266136752059,-0.22592359272184828,-0.2258405347615636,0.72931622931484663,-0.4617297669562781,0.23987522271388168,-0.77256137114763246,-0.0023398474952044139,-0.00097118500539074293,0.0017729332491144432,0.12369618136748188,-0.0487916890707756,-0.17430475576016521
15.778,268488.517089546,1,789,1,790,268488484248708,268488.48375321308,41106321ef5d0096,0.28390492492347724,-0.43256256439243385,-0.6650855068994932,-0.23750543643176131,0.77523621094303263,0.16655685775406398,0.56112284863086903,0.2651676390110681,-0.40543564962105966,-0.65784633819101324,0.51454724122645479,-0.27900028035142999,-0.3802330669930421,0.71611646739558565,-0.2143171119934919,0.25583816303300028,0.066095403770502104,-0.0023399477954703417,-0.0009711970100159524,0.0017729314322614952,0.12370902726522541,-0.049515733471968533,-0.17407102591437756
202.395,268488.617098588,2,777,1,778,268488084212291,268488.08371679607,4110632055b9db15,0.40298915476418123,-0.51672782076376733,-0.55741338098792093,-0.34544712182138121,0.69094802075181416,0.24971573518309401,0.583865758080504,0.37642553988752908,-0.49662917528208117,-0.55195629692653769,0.58943111087575306,-0.23627974083788331,-0.24430602203969257,0.73284201380413494,-0.44037726398745775,0.29402674190343719,-0.62612992564977776,-0.0023181680113135827,-0.00097468965410127872,0.0017249555491573049,0.12767260575798584,-0.036738743153113748,-0.1711167043172086
18.691,268488.617098588,1,792,1,793,268488584257750,268488.58376225509,4110632255c5c5c9,0.25851302791755615,-0.39169075537760722,-0.67385017068460784,-0.2012427985277373,0.78849231504282324,0.15921640573890469,0.55895562839566992,0.24192356171027488,-0.36351227514707701,-0.66547617433748107,0.50782430188379934,-0.28265830752636323,-0.41524810432814813,0.69984839176384706,-0.17868256358229048,0.33232830811479563,0.08688224619479161,-0.0023182298666868249,-0.00097475835727273792,0.0017249687497030819,0.128022483885395,-0.03675318586835534,-0.1709942189769792
203.057,268488.717107713,2,780,1,781,268488184221333,268488.18372583808,41106320bc22a048,0.36516377955669688,-0.49360124351820744,-0.61414690147234197,-0.31420738351960298,0.71566775425332263,0.21569181444157245,0.58529520761676623,0.3408659458493013,-0.47081856792493421,-0.60867644245083175,0.56638333987053913,-0.26134905871022157,-0.28387534297062311,0.72823167431915914,-0.2541294044612224,0.19119864718977903,-0.48713300679955146,-0.0023021868424980526,-0.00098955829382044538,0.001706315649756917,0.12863262687958033,-0.033562419228968444,-0.17245764171101921
20.321,268488.717107713,1,795,1,796,268488684266833,268488.68377133808,41106322bc2e8dbc,0.23760153538051254,-0.35311325048891473,-0.67276574455920768,-0.16499215491601182,0.78981203642086406,0.14486648396887331,0.57270262001834316,0.22313077267974918,-0.32391841831176921,-0.66395553724194756,0.50739796589936381,-0.30252582498815589,-0.44181436347723724,0.67514850043647989,-0.1855427280021863,0.42153643401823698,0.06323298827418776,-0.0023021873133304387,-0.00098960377403578266,0.0017063890898715935,0.12881381907990816,-0.032679028679545884,-0.17257369562382804
198.412,268488.817116755,2,783,1,784,268488284230500,268488.28373500507,41106321228b6dde,0.33821062796819734,-0.46799076670400619,-0.66151492867658868,-0.27623537340743609,0.75010274007763611,0.18656389519943528,0.57116885771807524,0.31676276317796592,-0.442701340763764,-0.6552066021536862,0.53579795365955363,-0.27195676983918127,-0.33507481944042966,0.72573062052654014,-0.30701088019513861,0.28153315016156455,-0.34534125274890048,-0.0023550005978303823,-0.00099497514446067231,0.0016491712454937335,0.11990316860506842,-0.02854113827899207,-0.16670266394580063
14.759,268488.817116755,1,798,1,799,268488784275958,268488.7837804631,4110632322975881,0.21529930575981979,-0.29453544220364264,-0.67487318749220571,-0.14026577396300444,0.78889693107384984,0.13267006558146402,0.58340882038919417,0.20234540794613917,-0.26468916959678279,-0.66588667009800184,0.50634422266244516,-0.3187204215881746,-0.45865147747896451,0.65701723207643759,-0.23457358723448202,0.56604912886651249,0.068485742395967261,-0.0023546416998994606,-0.00099479113586863326,0.001649334925325859,0.11969308257346348,-0.026032497107647087,-0.16725886390675698
195.040,268488.917125755,2,786,1,787,268488384239625,268488.38374413009,4110632188f438a3,0.30600398742197105,-0.44442577027421398,-0.68084236774718476,-0.26368559520758067,0.77041951602364156,0.17027002967246188,0.55491607150788202,0.28593422658169093,-0.41808040075003849,-0.67432415047440197,0.51278399612360104,-0.27198581730187016,-0.35831498213286939,0.73122271715617937,-0.2788633542329555,0.29537461806064097,-0.12367969081049489,-0.00221833265442647,-0.00095793941380959162,0.0016286990430574033,0.13916410305570531,-0.0039374393168143881,-0.17353116670484034
15.444,268488.917125755,1,801,1,802,268488884285041,268488.88378954609,4110632389002074,0.18472944063721355,-0.23210914350357106,-0.66831787380288732,-0.11983217147013048,0.78771339760432824,0.11928244220505613,0.59238467747695533,0.17315500674738418,-0.20170044847011906,-0.65933429442387137,0.50322463288573338,-0.33453378985458715,-0.47226333146152588,0.64173160905428905,-0.27151693276868277,0.66478259273220297,0.069671998020494938,-0.0022172367549996323,-0.00095831134154471319,0.0016290571783724574,0.14148741703418119,0.00011124199634931012,-0.17289032056283665
190.874,268489.017134880,2,789,1,790,268488484248708,268488.48375321308,41106321ef5d0096,0.28177447887658652,-0.41790094222373753,-0.68311231695590058,-0.23873900041777596,0.77518239572353298,0.16509024468398018,0.56110712645849459,0.26302090963760566,-0.39075341658569257,-0.67599357798772353,0.51349907195240851,-0.28002621511666581,-0.37932275245108443,0.71695067572628979,-0.23066857308065752,0.2925498366403565,0.033347057594707429,-0.0021667720990833804,-0.0009337469530479659,0.0015719389165570732,0.14504518774380487,0.011019215685211897,-0.183868532621525
16.969,268489.017134880,1,804,1,805,268488984294041,268488.98379854608,41106323ef68e2d5,0.15352409030041697,-0.16619774983232741,-0.6603484582448651,-0.090821173162863866,0.78520471969867456,0.10226294328194224,0.60394321447636234,0.14387458456657981,-0.1351657131909787,-0.65122372849822407,0.49936314978041829,-0.35474151231074297,-0.49100330143608484,0.61944383285632265,-0.28891245335312088,0.63504165624786246,0.11257845637678081,-0.0021661462456186217,-0.00093427774690132547,0.0015721471564814542,0.1463409448554249,0.012039082212494796,-0.18412103480043174
188.738,268489.117144005,2,792,1,793,268488584257750,268488.58376225509,4110632255c5c5c9,0.25952896643389095,-0.38393697493467754,-0.68378489618007299,-0.20199461802145369,0.78791546810080804,0.15799236765514135,0.55984449125900515,0.24292296911493089,-0.35573607014246766,-0.67551986297324285,0.50758729721885465,-0.28415235407428113,-0.41430859530650416,0.69997211603838461,-0.20026321316302925,0.36075646755201057,0.047513883747655805,-0.0023093412866191866,-0.00094415611527794976,0.0015337982196083884,0.13124977505035706,0.0086821922632139437,-0.17256253753168896
14.074,268489.117144005,1,807,1,808,268489084303041,268489.08380754606,4110632455d1a536,0.11830287239700946,-0.10370524885433827,-0.65223627268140083,-0.068552048432113433,0.78091837176478318,0.083047992519604985,0.61528058432470045,0.11032554878957541,-0.072143520888548057,-0.64331547743420836,0.49379285904498821,-0.37634526482074232,-0.50371904451538985,0.60066627855714061,-0.32321733128042579,0.60799819537440369,0.12409711525334166,-0.0023097013139900023,-0.0009438925989620759,0.0015338274719205165,0.12778240735548926,0.007648508162925987,-0.17359135783906929
182.380,268489.217153046,2,795,1,796,268488684266833,268488.68377133808,41106322bc2e8dbc,0.23647895369316776,-0.34444193500429798,-0.68341919835675247,-0.16549072288991551,0.78855101073658873,0.14455460189299654,0.57437282699281211,0.22195960432480102,-0.31525106556437843,-0.67467605320026103,0.50835844662065799,-0.30392737355928096,-0.44057014290251006,0.67460936143345263,-0.21370790700728287,0.44694837520903158,0.024561819855442098,-0.0025047464038473141,-0.0010023480054751821,0.0015160633574681265,0.10738191125541707,0.0014711356148253132,-0.15119413015102265
14.234,268489.217153046,1,810,1,811,268489184312166,268489.18381667108,41106324bc3a6ffb,0.090181080253225618,-0.052083972224384378,-0.64385007379431947,-0.061302629843294265,0.78348994940584549,0.075654529819414285,0.61372789743061618,0.082904585691505259,-0.020336722735013107,-0.63498859938429775,0.48746697616967516,-0.38047531689074543,-0.5106635373627797,0.59735854558967594,-0.27513002659079083,0.57220246375715011,0.1001167321909277,-0.0025050556287669807,-0.0010013436481861554,0.0015159555590587655,0.10250769075777937,0.0012785641475991857,-0.15173327581888102
174.688,268489.317162088,2,798,1,799,268488784275958,268488.7837804631,4110632322975881,0.21061350180418478,-0.29263195871254505,-0.68150018482548291,-0.13984194520436388,0.78769131058661845,0.13323957115121718,0.58500760634346871,0.19762940008040047,-0.26280395900044606,-0.67249660289560387,0.50787743626188142,-0.31944823270844769,-0.45809866726091064,0.65586503749573777,-0.25740146840113259,0.58248072557724417,0.043811152794196617,-0.0026115025841986252,-0.0010129460741792504,0.0015961163245822052,0.098592316905673119,-0.0067536132042356652,-0.13151295190397747
14.360,268489.317162088,1,813,1,814,268489284321291,268489.2838257961,4110632522a33ac0,0.069343502108517779,-0.0055649724892442298,-0.63157992099703109,-0.04565237512015885,0.78844983878063646,0.070941684502786262,0.609286503202774,0.06316370118757067,0.026290182655180808,-0.62228367964535181,0.48099395148339702,-0.38066726179127941,-0.52523710962790737,0.58979931595962254,-0.16178764310461977,0.46875103954525893,0.14192993827084974,-0.0026114016476816177,-0.0010120926923439587,0.0015960259866210085,0.095639574695324414,-0.0065202799733536038,-0.13104270158704054
173.241,268489.417171213,2,801,1,802,268488884285041,268488.88378954609,4110632389002074,0.1830260535796315,-0.23235563345478563,-0.67546790141367441,-0.11869205949465844,0.78585250164528397,0.12105464838867744,0.59472167102497564,0.17139891453613865,-0.20199564970462208,-0.66638814501167287,0.50613027580391889,-0.33493315481925656,-0.47175366023253174,0.63960957604985724,-0.27671687867797046,0.63963767109340419,0.067802003107201109,-0.0026534543851371591,-0.001022146234898752,0.001643648417442176,0.09487380721359169,-0.0077993072597109135,-0.11652078573458613
14.570,268489.417171213,1,816,1,817,268489384330333,268489.38383483805,41106325890bfff2,0.058937813802214224,0.036794608556610854,-0.6204571752869823,-0.021703622398186739,0.78911343059202821,0.066458500323457459,0.61025590319251688,0.054164205393315006,0.068674152220222218,-0.61044376874749817,0.47850933092142112,-0.38452282092963846,-0.54264066488530549,0.57333422121680555,-0.088357253100625754,0.43831354582475068,0.097338578788216779,-0.0026532908293952447,-0.0010218513372923011,0.0016434806019573675,0.093046112790407531,-0.0078843137579072322,-0.11569507851651903
167.852,268489.517180296,2,804,1,805,268488984294041,268488.98379854608,41106323ef68e2d5,0.15497706539598119,-0.17355792348796187,-0.66607856182456504,-0.088578020739471297,0.78313945277349151,0.10507452077148882,0.60647005700911261,0.14528521385919277,-0.14259712839429453,-0.6567587907477952,0.50313798267857235,-0.35454017429730827,-0.49112908547479683,0.61639732039980577,-0.27225412007367716,0.57899879500455853,0.11566429780292699,-0.0026994986330867469,-0.0010401951445608336,0.0017034510996446334,0.091874927503912157,-0.011242757353401342,-0.097187486721367011
14.817,268489.517180296,1,819,1,820,268489484339458,268489.48384396307,41106325ef74cab7,0.056813438725971402,0.072238619473670607,-0.61272048810334512,0.012723757773544953,0.77706516808975623,0.049791064545177455,0.62731868586365036,0.054095416065087387,0.10421978814196792,-0.6022716529820773,0.47878888338284104,-0.40837368649154049,-0.55846509032532365,0.54047097999638194,-0.026364763001921174,0.46352481480438906,0.05465567622278493,-0.0026996022706695252,-0.0010398456380412079,0.0017031687818871728,0.089789561268964452,-0.012316774128802499,-0.096160987360159059
163.163,268489.617189296,2,807,1,808,268489084303041,268489.08380754606,4110632455d1a536,0.12333598816534792,-0.11716874947400795,-0.65125524281620883,-0.065639666512031125,0.78001378871958715,0.085504612077521025,0.61640809380917228,0.11539021481568452,-0.085664167690592569,-0.64210718485320539,0.49632722092807852,-0.37540544209987176,-0.505138772677307,0.59796727681845108,-0.29114518263856609,0.55407735283709725,0.12433197809368159,-0.0026549104482165515,-0.0010115906564817435,0.0017625189918391727,0.10112715116562593,-0.011485085341574839,-0.086551878710295793
14.415,268489.617189296,1,822,1,823,268489584348541,268489.58385304606,4110632655dd92aa,0.065277488968505687,0.12120927034367479,-0.60831829583994546,0.0029391309441290647,0.77952412004207794,0.054173137964393103,0.62401829469775039,0.061958736010915762,0.15318511057623388,-0.59802788903579318,0.47955374821889946,-0.40294136383171342,-0.55328505608078371,0.54912849734859637,0.10232318891062565,0.45602144170164399,0.031952582072080522,-0.0026549867343981098,-0.00101147205379841,0.0017621028698599943,0.10153049520541019,-0.012039289624088876,-0.085211741939156857
169.754,268489.717198338,2,810,1,811,268489184312166,268489.18381667108,41106324bc3a6ffb,0.096146039313686926,-0.063395721390627671,-0.63906726470969621,-0.058155735616051363,0.78376805990174525,0.077081105268460404,0.61350150376008306,0.088982522662001046,-0.031679538236143556,-0.63000477568852564,0.48831563282133855,-0.37930649124829696,-0.51308538136367365,0.59533000921345725,-0.23246838309819959,0.53608553411752391,0.099719310101566386,-0.0026300430997082099,-0.00098969828569336481,0.0018043598144181817,0.11106228583663962,-0.01317054621452269,-0.081648185258860709
20.331,268489.717198338,1,825,1,826,268489684357583,268489.68386208807,41106326bc4657dd,0.084055658754632556,0.16275538389362881,-0.60329000921387865,0.014448147730739824,0.77707383112429751,0.052500218179121649,0.62704967292279357,0.081319411609340503,0.19466720079597066,-0.5926359092745177,0.48051432336806488,-0.40626780476702523,-0.55969054381533123,0.53925777788698803,0.21076733470087639,0.40455351355683661,0.03937754681319125,-0.0026302511723985795,-0.00099009642249366613,0.0018040504336583512,0.11223275668585352,-0.013641620887529566,-0.081001015211327854
168.703,268489.817207505,2,813,1,814,268489284321291,268489.2838257961,4110632522a33ac0,0.077442390992789698,-0.0165441220079744,-0.62773806014626032,-0.043243637043447913,0.78892999928810847,0.071755912984281633,0.60874509135005939,0.071368276215680815,0.015289603309559975,-0.61829983923080822,0.48118686196649574,-0.3797086793436138,-0.52727986935259319,0.58843560571865261,-0.11964272482341776,0.44159806711736849,0.13898123800882958,-0.0026633171926150577,-0.00099741919244950299,0.0018136594388964728,0.11103034449478619,-0.017489019306207901,-0.079018637460694818
14.420,268489.817207505,1,828,1,829,268489784366625,268489.78387113009,4110632722af1d10,0.10929116660128617,0.20186795972827656,-0.59840598884849083,0.017072160905737155,0.76826660371549549,0.043131297678794922,0.63844710925063297,0.10681299202511151,0.23393636164672402,-0.58816698493534003,0.48194870062728001,-0.4209518361100742,-0.55531835121740636,0.53117467036786969,0.27402318137640852,0.37919060909482138,0.038667930256639567,-0.0026634986746892995,-0.00099781766366528702,0.0018135091004649474,0.11037337472230686,-0.018608897226284699,-0.079288283924322855
167.471,268489.917216588,2,816,1,817,268489384330333,268489.38383483805,41106325890bfff2,0.068861408968252991,0.026357436178717629,-0.61798797248657444,-0.019689597653618829,0.78922532290810965,0.067069932779236729,0.61011260170094617,0.064171477378042727,0.058214166272364969,-0.60786304081340981,0.47884034949188931,-0.38398914345167484,-0.54414391521513494,0.57198921051369356,-0.049641772298742275,0.42124461315802258,0.097649949196973965,-0.0027487633949291653,-0.001025865830341053,0.0018219715761909603,0.10288628393818432,-0.023649909136328348,-0.073433476929825547
13.427,268489.917216588,1,831,1,832,268489884375666,268489.88388017105,411063278917e231,0.13701301507292959,0.23053104814250217,-0.59531549458942057,0.035248277327740885,0.75935433372447259,0.024478693478864777,0.64926065765402496,0.13597697570335737,0.26274381000199259,-0.58528426596202621,0.47640565126292783,-0.44178755187700086,-0.56186887967433874,0.512020289153443,0.29264085487925096,0.3070640518347868,0.0089553889184721333,-0.0027493545403727108,-0.001025254379895474,0.0018221198958723889,0.10018416259131149,-0.025014356599415911,-0.074075420700665695
165.401,268490.017225671,2,819,1,820,268489484339458,268489.48384396307,41106325ef74cab7,0.066228460744859413,0.063972873886173717,-0.61282388611336558,0.01334993364743664,0.77675309572746554,0.050707017575287727,0.6276187211440617,0.063497435940313388,0.095930260982268922,-0.60230590791059857,0.47964871694017747,-0.40793816688566281,-0.55868719504246189,0.53980753832379269,-0.002648848247072897,0.45786394342739239,0.052754865814962956,-0.0028208526001059601,-0.0010818119252227927,0.0017676887306669106,0.078798226350643291,-0.02385664288493463,-0.065946002705308787
13.579,268490.017225671,1,834,1,835,268489984384791,268489.98388929607,41106327ef80acf6,0.16068795075439893,0.2474190997008075,-0.59552179500963565,0.064946940310429468,0.76070004784611966,-0.0022179093143920858,0.64584244691873427,0.16231774357845186,0.27962630352102857,-0.58555180256229644,0.455111262969287,-0.4582478603183609,-0.58382056865847498,0.49197172728058208,0.23369058641547136,0.30352200405772456,0.079676213374547902,-0.0028210733020433277,-0.0010807294008919584,0.0017678442082377599,0.075537587533892933,-0.023646963469317647,-0.066852061406202423
171.916,268490.117234713,2,822,1,823,268489584348541,268489.58385304606,4110632655dd92aa,0.071145551208425084,0.11484912760417439,-0.60927993471294695,0.0032505845865090088,0.77910425343790712,0.055000727700101615,0.62446854935997131,0.067798592594322485,0.1468055526052838,-0.59893847828019275,0.48045732063393604,-0.40267454764956984,-0.55320839654237242,0.54861137585679987,0.11079984553005218,0.44199959499799274,0.036511244705950553,-0.0027881582290030797,-0.0010393644121255525,0.0017887116522737187,0.085698119783999493,-0.02762298584071186,-0.069819824165233052
20.545,268490.117234713,1,837,1,838,268490084393791,268490.08389829606,4110632855e96f57,0.18201582133531452,0.28378654989870289,-0.57698106900567503,0.080377569595976639,0.75839140011455131,-0.012893050152143037,0.64669602829180017,0.18482361159316654,0.31587459019342856,-0.5668897392677974,0.44816637185475883,-0.46639989775515039,-0.59309921055102843,0.47942816454217002,0.19961064725402278,0.30629333340100778,0.2648352692112691,-0.0027880330573746919,-0.0010390932833577718,0.0017886490334556252,0.086456905853097815,-0.027819570549364344,-0.070255638226826664
172.416,268490.217243671,2,825,1,826,268489684357583,268489.68386208807,41106326bc4657dd,0.08968248137306592,0.1512204997371073,-0.60493604265703516,0.014217765521094938,0.77633808315095854,0.05303850090539397,0.62792038223589419,0.086892179953673876,0.18312337971868789,-0.59426920531711092,0.48151063116723536,-0.40650286585456408,-0.55900738662961058,0.53890043033800805,0.20683457929635934,0.37879044863680883,0.046886788680878838,-0.0027821714017095267,-0.0010048247218024419,0.0017462092688703438,0.090107009627022741,-0.036658147590260509,-0.084368241540094299
13.805,268490.217243671,1,840,1,841,268490184402916,268490.18390742107,41106328bc523a1c,0.19920461088595434,0.31199922269765684,-0.54168012616896133,0.081375233859379115,0.7512846144388996,-0.0068931289923692685,0.65490612869853349,0.20160967763154283,0.34400989482425504,-0.53124492248530986,0.45821437419790351,-0.46796273044673214,-0.58877940948826868,0.47369745318495055,0.14362016072813771,0.30056426442158213,0.35614279294598028,-0.002782596599080445,-0.0010053065712842841,0.0017460877290859996,0.093223919829582308,-0.039397753253647409,-0.08557709498348387
166.391,268490.317252796,2,828,1,829,268489784366625,268489.78387113009,4110632722af1d10,0.11654883568939532,0.18093487044709197,-0.59921627665622623,0.016463822877985812,0.76763003849739908,0.043063770396586487,0.63923284601499808,0.11402515461600177,0.21301008864658827,-0.58900979032345258,0.48245655140891341,-0.42155518488749621,-0.55443807171376713,0.53115471073069387,0.25875080243934317,0.34489167723508179,0.041630453755089523,-0.0027791673102207154,-0.00098493862273908999,0.0016974091337572503,0.097148960217933039,-0.043436654917447429,-0.1030498417493933
13.852,268490.317252796,1,843,1,844,268490284411916,268490.28391642106,4110632922bafc7d,0.20868437639591997,0.33636199872766104,-0.4998980229196795,0.088670451757335067,0.74362659549461574,0.010933858375103578,0.66259908044891702,0.210460318037582,0.36801064896505253,-0.48829759528086947,0.47625969572348942,-0.46079688533175855,-0.58852287041501417,0.46312391829443628,0.034529119573916148,0.30351628893564797,0.42835483363589688,-0.002780327182052704,-0.0009861158972170232,0.0016972885740448994,0.10032799840301979,-0.046224081396265618,-0.10420631187362336
163.977,268490.417261880,2,831,1,832,268489884375666,268489.88388017105,411063278917e231,0.14346824291056257,0.20784387376691102,-0.59513304472261597,0.034295881861736821,0.75932073294501723,0.023760572963426652,0.64937762926674458,0.14241373249019179,0.24007943100148613,-0.58517725196079318,0.47598057480862238,-0.4423780511680257,-0.5611716750614999,0.51266997508953416,0.27127433426638597,0.29055166726606457,0.011234640127466706,-0.0027408413179186987,-0.0010168083983652517,0.0016573200312660519,0.10083394815051108,-0.042946212368643877,-0.11460633020804498
13.353,268490.417261880,1,846,1,847,268490384421000,268490.3839255051,411063298923c482,0.21031373720010063,0.36379673265990042,-0.46116753029616586,0.11959421489319583,0.74926222511217122,0.047659492165188777,0.64963987547184532,0.2122408990005864,0.39417035730061317,-0.44656993030348091,0.49306509825463002,-0.42566439985208493,-0.61437426425920882,0.44524250807584898,0.016904777021456555,0.32448674101156677,0.39749027397782083,-0.0027412773358396138,-0.0010175758049414333,0.0016572958480263623,0.1022715313930297,-0.042715120378957201,-0.11518172524848622
164.337,268490.517270963,2,834,1,835,268489984384791,268489.98388929607,41106327ef80acf6,0.16478398806793906,0.2356800570842788,-0.59082951685006024,0.063312212759644271,0.76121820445051813,-0.0031311089455925423,0.64539031469170471,0.16638424350794689,0.26792357876746142,-0.58097277073587739,0.45414582757944921,-0.45857388419775996,-0.58303103379161558,0.49349404622531834,0.21239623200989036,0.326521717058674,0.098634606216927642,-0.0026922273824818797,-0.0011080707388232539,0.0015951075605850147,0.095383966994402866,-0.033236124385435058,-0.12179656477116353
13.585,268490.517270963,1,849,1,850,268490484430083,268490.48393458809,41106329ef8c8c75,0.20659934835259397,0.40057894135581984,-0.42734955342112202,0.10383248451520316,0.74367226155697042,0.085031150883629447,0.65493521751546302,0.20601699732211395,0.43047305263925834,-0.41168545658098171,0.52323522302365955,-0.40298301941929676,-0.59927633709092709,0.45243503318152728,-0.030621667650618294,0.3313689723126792,0.28243621912495842,-0.0026910882064585351,-0.0011082169057179186,0.0015951926136734908,0.095430183406130228,-0.030333599013472483,-0.12187555263311975
162.066,268490.617279963,2,837,1,838,268490084393791,268490.08389829606,4110632855e96f57,0.18304654283688004,0.27042025192739083,-0.57219502138683576,0.078637425373015601,0.75834617217002176,-0.013544031913764576,0.64694965097585322,0.18579369769222845,0.30254621104399426,-0.56220818790441196,0.44788539656391979,-0.46703954967595968,-0.59183676181804312,0.48062665130430515,0.16845275489808606,0.32933642993175277,0.28721732685248297,-0.0027126295685407174,-0.0010810305186404149,0.0016233393804681523,0.089608264472513396,-0.028597261388712755,-0.12031237019183373
12.785,268490.617279963,1,852,1,853,268490584439125,268490.58394363004,4110632a55f551a7,0.20288550788943391,0.42809939415188863,-0.41278524881835338,0.097257549225475026,0.74029882230704114,0.1021343451391088,0.65731822701409082,0.20117772105973386,0.45768893966802993,-0.39663275018008981,0.53701404947116871,-0.39257427723434563,-0.59224177417931501,0.45469883268097977,-0.045327235409243778,0.21159387643739572,0.017031311629498273,-0.0027117194776968968,-0.0010807713507772435,0.0016234990854281819,0.08877555481099568,-0.027287193116157057,-0.12021240228444251
153.735,268490.717289088,2,840,1,841,268490184402916,268490.18390742107,41106328bc523a1c,0.19812411285722636,0.30185524267733266,-0.53938210493136729,0.079921116888782062,0.75120023568558847,-0.00722411233547543,0.65517836227596127,0.20046877693383872,0.33389549509644006,-0.52902422255829862,0.45817283184130442,-0.46838926921041957,-0.58769152875801112,0.47466600434107431,0.11958538744168644,0.31465958173482056,0.35507517299785818,-0.0026951430240110953,-0.0010561817065168439,0.0016458478953929824,0.084017839526238869,-0.0151219453165074,-0.11547374108893059
13.067,268490.717289088,1,855,1,856,268490684448250,268490.68395275506,4110632abc5e1c6c,0.20346571802392177,0.44170911932401463,-0.42524087011062778,0.10598719023408404,0.73102062387629418,0.08245409565863232,0.66901191192339393,0.20265837505497872,0.47163914579049032,-0.40965553517636466,0.53136669565476258,-0.41475899840360858,-0.59185388551657125,0.44196536763768224,-0.0051777581746013726,0.10339388194005893,-0.14239400537256358,-0.0026946116800170314,-0.0010556106358632757,0.0016458920157496042,0.082396752235849316,-0.01345063599514245,-0.11499277245920828
154.890,268490.817298046,2,843,1,844,268490284411916,268490.28391642106,4110632922bafc7d,0.20765503582561329,0.3291357944014362,-0.50160127866403648,0.088159969473820987,0.74373287383833642,0.010593038950403866,0.66255344908378466,0.2094236009522874,0.36079866341450306,-0.49003858627771563,0.47598643375667476,-0.46100561480485042,-0.58823705507580848,0.4635600339047195,0.023833281116435213,0.30469007791462221,0.40401876537816594,-0.00267499749607234,-0.00099221179238996398,0.0016852191128006238,0.076904125817060659,0.00074374536189715165,-0.1086506069744182
14.021,268490.817298046,1,858,1,859,268490784457208,268490.78396171308,4110632b22c6dbfc,0.21164855924925374,0.44669086391211293,-0.45076948644496717,0.1066277696965281,0.74367325996692424,0.085497252679152924,0.65442407820656245,0.21118745601039313,0.47651660893084502,-0.43497159829979759,0.52320337669339012,-0.40229200562588951,-0.60125360812783324,0.45045917410948111,0.050143454293376737,0.098206122395947726,-0.21470298557165987,-0.0026743906062261045,-0.00099149579287090717,0.001685239302855816,0.075686560642925005,0.0027156014393337514,-0.10796064042274332
155.082,268490.917307130,2,846,1,847,268490384421000,268490.3839255051,411063298923c482,0.21032936674781247,0.35746040406367752,-0.46593270386133662,0.11992778450956787,0.7493034425822569,0.047128883669965649,0.64956954898879626,0.21229678476523625,0.38783683532874519,-0.45134631836286798,0.49264017306774721,-0.42598986837549185,-0.61463927874249313,0.44503578389621556,0.01845717268258024,0.31304668124495738,0.36534840739036067,-0.0026574662996777651,-0.00095136362746277444,0.0016887367991492734,0.076739445124351269,0.0095374997605062288,-0.099881315819456432
13.266,268490.917307130,1,861,1,862,268490884466333,268490.8839708381,4110632b892fa6c1,0.21829557650917911,0.45600853397995239,-0.47887693800859849,0.086610786069072576,0.74065350988678857,0.074389631416214019,0.66211568927123154,0.21718517551361935,0.48648741138868729,-0.46441436584805357,0.52078789278185811,-0.4155850699321641,-0.58496417794020727,0.46247803289242584,-0.0030145902017797745,0.11082208903200466,-0.28579623162365819,-0.0026566580237178737,-0.00095129575861734527,0.0016886263182782316,0.077563822923090955,0.010805810776181981,-0.099245078498500769
153.579,268491.017316255,2,849,1,850,268490484430083,268490.48393458809,41106329ef8c8c75,0.21090278891832603,0.39314913817458147,-0.43287463557103795,0.10533779812978566,0.74343554416860336,0.083872542720649923,0.65511295952831994,0.21043388667843621,0.42304131958541558,-0.41720305067486968,0.522541645935925,-0.40392796166552919,-0.60017337006120497,0.45120323127907808,-0.015992558974903755,0.31267103266852525,0.25173014372826741,-0.0026497564629286876,-0.000937634652349977,0.0016843790497328434,0.079043899701163198,0.011388214365855642,-0.095777953718934147
12.638,268491.017316255,1,864,1,865,268490984475333,268490.98397983809,4110632bef986922,0.22205298492565537,0.46495422635610056,-0.50145476075313122,0.11159603433423798,0.74531624023969645,0.077369686679821692,0.65273579030981665,0.22222515522854672,0.49486903198069165,-0.48582032076327752,0.51626252002500772,-0.4068452627170287,-0.60592846411173984,0.44810784304822021,0.083948949394972938,0.082874533647514778,-0.11121166698402656,-0.0026495636896533285,-0.00093799219499618046,0.0016842468242089126,0.080057402171233125,0.011165719621653447,-0.095435170345482337
153.674,268491.117325255,2,852,1,853,268490584439125,268490.58394363004,4110632a55f551a7,0.20985101287738819,0.41827410940570869,-0.42157386940566471,0.098647486041963384,0.74039924414516445,0.10087443493461512,0.65719253979025971,0.20826548696672856,0.44787024940429648,-0.40542098864905607,0.53603428415967347,-0.39337629397401108,-0.59329561686235222,0.45378700791959647,-0.023888541920882526,0.19846511874890727,-0.02347150575086868,-0.0026335924028986165,-0.00091058923244062855,0.0016781897582418461,0.082921480073084086,0.011497024804206309,-0.090675458660959399
12.845,268491.117325255,1,867,1,868,268491084484416,268491.08398892108,4110632c56013115,0.23411581260294376,0.47766858371283066,-0.51158466665170299,0.099914186381820258,0.7477702442909423,0.070862196285462198,0.65256066343505903,0.23404958207239274,0.5079697100453251,-0.49671192956448074,0.51153719616366378,-0.41132291978354385,-0.59940339328709791,0.45810339959191593,0.11719524270700973,0.13226677909704643,-0.081232259142989274,-0.0026339360099179817,-0.0009110151473951132,0.001678075970558272,0.083862503771948163,0.010451538178445153,-0.090465249448727303
10.088,268491.217334296,1,870,0,871,268491184493416,268491.18399792106,4110632cbc69f376,0.24603259310129169,0.48358628434297118,-0.51757443114268442,0.11046312050394136,0.74995290857185593,0.069613067689028529,0.64847714528158051,0.24662266172930686,0.51369628336636808,-0.50232973600660935,0.50776644558545403,-0.40931870376055779,-0.60840599261370221,0.45218755361136004,0.12671690462787943,0.014144051148319329,-0.003935413716315052,-0.0026339360099179817,-0.0009110151473951132,0.001678075970558272,0.083862503771948163,0.010451538178445153,-0.090465249448727303
179.776,268491.317343296,2,855,1,856,268490684448250,268490.68395275506,4110632abc5e1c6c,0.21149329729518088,0.43309724395426791,-0.43314636654116945,0.10770058195714982,0.73116391115394141,0.081080210388247642,0.66874955877969744,0.21083165780265561,0.46302548198926313,-0.41755073403494525,0.53020970040731119,-0.41554497028698478,-0.59316675579353162,0.44085513616669475,0.018260942412560641,0.099754855881393434,-0.16903834531332046,-0.0026334435390591342,-0.00086976416107224872,0.0017072720664694646,0.092930003950539714,-0.0018305744413209309,-0.08720884369009764
150.674,268491.317343296,2,858,1,859,268490784457208,268490.78396171308,4110632b22c6dbfc,0.21901107714200585,0.4432868687901706,-0.45399256124721971,0.10767345983275711,0.74389944040873601,0.084774455521580139,0.6540897442329402,0.21863922762753635,0.47310845636079218,-0.43818447487748668,0.522455872121807,-0.40256669057019395,-0.60215295641442923,0.44987969326272836,0.071911962515161063,0.10329308208849054,-0.21936002859693937,-0.0026339781399451179,-0.00086978714280988481,0.0017072031411991225,0.093199798748480139,-0.0033233640362449295,-0.087181997976403525
14.623,268491.317343296,1,873,1,874,268491284502500,268491.28400700504,4110632d22d2bb7a,0.264475476316893,0.48607847637540219,-0.51121321606798609,0.1202635812805069,0.74821163034000615,0.07015180590023512,0.64868698505747213,0.26547747639840735,0.51596508166522315,-0.49555602053194919,0.50829577014229477,-0.40908613745281258,-0.61410469509026999,0.4440263119089643,0.17562790457930461,0.0082493014362225378,-0.0072415975534094665,-0.0026344652653410364,-0.00086987291443164038,0.0017071343377009359,0.093207552854093156,-0.0045570747715702499,-0.087197852276527085
154.018,268491.417352380,2,861,1,862,268490884466333,268490.8839708381,4110632b892fa6c1,0.22460616670641448,0.45592177370642373,-0.47775696023332026,0.088965313073353258,0.74061130016095444,0.073443497804037583,0.66195632860971232,0.22364976958153734,0.48638017184855831,-0.46324034082240573,0.52000619030516315,-0.41614140240602604,-0.58659923312454898,0.46078328414293374,0.012434160043865373,0.10967513729104754,-0.26777440166483513,-0.0026690154395610263,-0.00074489532590422893,0.001858236492086105,0.095421995180269753,-0.030620639950084738,-0.090623393572093966
16.372,268491.417352380,1,876,1,877,268491384511541,268491.38401604607,4110632d893b809c,0.2839582711339938,0.48238650458776411,-0.50106663517387739,0.14398353144933407,0.74873558076638214,0.073572543038804394,0.64284594335586398,0.28604392832913306,0.51162345849869661,-0.48432711570523757,0.50658435641876753,-0.40253707100331915,-0.63124772114743921,0.42762426363107242,0.20663792577769835,0.02286131514940561,-0.0021838996776511431,-0.0026699914492629433,-0.00074407371151074392,0.0018584546629856185,0.093671756671056372,-0.032111718282683402,-0.091382241157575678
156.196,268491.517361505,2,864,1,865,268490984475333,268490.98397983809,4110632bef986922,0.22785801361423927,0.46393833206582524,-0.4981486677285123,0.11397090054098857,0.74527002601042014,0.076618380876999903,0.65246678006207415,0.22817813378615023,0.49381995710291665,-0.48245322379771477,0.51554104764589592,-0.40718629716548771,-0.60757506967222541,0.44639588069965636,0.094571328929445767,0.07696835608588326,-0.085557218357148135,-0.0026880660159546545,-0.00073527595521142891,0.0018606409049267136,0.098699216589021976,-0.032886384999266875,-0.096397778293329114
14.252,268491.517361505,1,879,1,880,268491484520625,268491.48402513005,4110632defa448a0,0.30416474791311698,0.48732243474223458,-0.50346888990859784,0.13251902658546016,0.75096768146207782,0.08911591455221568,0.64073758745551668,0.30513555575231244,0.51646891651922733,-0.48647179944789287,0.51608434681135318,-0.39005541518148384,-0.62471942572715888,0.43730922604380107,0.20695353381941153,0.071737120915190578,-0.041751096331181466,-0.0026882139096708691,-0.00073481963712631714,0.0018608300639253656,0.099299628802522424,-0.032491680430657227,-0.09692436383039485
159.404,268491.617370463,2,867,1,868,268491084484416,268491.08398892108,4110632c56013115,0.23523747972776415,0.47215240535234143,-0.50289700770978352,0.10055554639949005,0.74761425992059749,0.071461372717955884,0.65257553269596547,0.23517382947753471,0.50242743764727538,-0.48797121392342324,0.51197139202587305,-0.4109097522312114,-0.59974660568961258,0.45753959198321059,0.11646354819792409,0.11973556475952017,-0.039868104351600486,-0.002736111075987395,-0.00090438008266179775,0.0017774566085518653,0.10507548820676631,-0.029431251677025826,-0.098903683099195533
13.862,268491.617370463,1,882,1,883,268491584529583,268491.58403408807,4110632e560d0830,0.31956331084006223,0.49378078389499447,-0.50946932686128343,0.14526030997339906,0.74310334114420939,0.099595655428594776,0.64558316688012685,0.32047184748398677,0.52235675933089509,-0.49152638560239148,0.52692098443171631,-0.38607146151863619,-0.62816794515171426,0.42273885017850932,0.24715246219624512,0.11167861660535849,-0.072867279348784189,-0.0027354826472713485,-0.000904895392583073,0.0017776304676872393,0.10592470526817359,-0.027537654929211026,-0.098769962917930471
164.397,268491.717379630,2,870,1,871,268491184493416,268491.18399792106,4110632cbc69f376,0.24753715044176425,0.47712286410564297,-0.50425616930324357,0.11144107166800366,0.74963600456640289,0.069811274175673455,0.64865490625883326,0.24815754620595648,0.50720809440911074,-0.48896385166824535,0.50803229472160827,-0.40930424660260645,-0.60887342352980234,0.451271952764702,0.12510465911139099,-0.00053318190519888241,0.040007070725219689,-0.0027060106996458916,-0.00087235967572963518,0.0018023727820626291,0.1068855557348678,-0.022570276751458767,-0.09762391543699156
14.513,268491.717379630,1,885,1,886,268491684538708,268491.68404321308,4110632ebc75d2f5,0.35016414694525827,0.50752938399047043,-0.51742421308660136,0.14917367141793597,0.74373038732109698,0.091730055495042762,0.64513407665559042,0.35160318618329334,0.5362052767219555,-0.49967644437922981,0.52104161079389499,-0.39131572568708689,-0.63137849808475388,0.42041507442946446,0.33859902105492778,0.11745110762732046,-0.052019781643231733,-0.00270538584320875,-0.00087290485359809247,0.0018025303948177023,0.10670158334581113,-0.021303686567696697,-0.097214612313891252
170.548,268491.817388546,2,873,1,874,268491284502500,268491.28400700504,4110632d22d2bb7a,0.26200893138604148,0.47731231963785986,-0.50053196048081261,0.12116686041251062,0.74795605818997535,0.070142539864482878,0.64881461471558199,0.26304787670798313,0.50717921963965806,-0.48483961110708274,0.50837946586008276,-0.40918293732368227,-0.6145626930772593,0.44320688033085293,0.16625620969661781,-0.0034615557195292689,0.017828504918749696,-0.0026942131688300467,-0.00083789172774354501,0.0018008672928373521,0.1065467500360967,-0.017614245569115613,-0.095237555349163214
13.787,268491.817388546,1,888,1,889,268491784547791,268491.78405229608,4110632f22de9ae8,0.38767559660210421,0.51880266168688305,-0.5250905608102131,0.15481698041354797,0.76449109083066524,0.089089155956130317,0.61939345340395313,0.39033028526986757,0.54734820578781129,-0.50727299947242588,0.50097284410225118,-0.37498175484086899,-0.65004895388095063,0.43110468631974491,0.40643292390824431,0.052633512630352236,-0.080591710839190187,-0.0026938419493428996,-0.00083755715284515217,0.0018009820012795884,0.10577115318386829,-0.016562300202230137,-0.094808865117407368
168.119,268491.917397588,2,876,1,877,268491384511541,268491.38401604607,4110632d893b809c,0.27842675244492943,0.47926533843915681,-0.50060299399519514,0.14228418973787038,0.74879204303386493,0.07447785660229872,0.64305426499496599,0.28039181126107898,0.50852478635282128,-0.4838882040293227,0.50737181540134013,-0.4020442233002619,-0.63008602998283658,0.42886580449798711,0.19614153728762915,0.041087909865231843,-0.0061808415569238728,-0.0026967526249962307,-0.00088487016129882277,0.00175182038144611,0.092988858391206949,-0.0060504076867437979,-0.093497997607263877
13.765,268491.917397588,1,891,1,892,268491884556750,268491.88406125508,4110632f89475a89,0.42412296562341867,0.52305532026991586,-0.54138672939359445,0.19242606241633559,0.80365662903200019,0.094010309267545833,0.55522099030905459,0.43036202548176522,0.55023825379121694,-0.52237296571495639,0.45907584227488718,-0.32612519144315166,-0.70433680700591172,0.43220526702307527,0.42870859124692312,0.046926648091140687,-0.13188237056399246,-0.0026957831704012137,-0.00088409326940371035,0.0017519942434402211,0.090517671247214937,-0.0031037546683598937,-0.0930639320090558
164.968,268492.017406713,2,879,1,880,268491484520625,268491.48402513005,4110632defa448a0,0.30055006472937851,0.48676880402217609,-0.50367753835263962,0.13104715543755274,0.75087315446822656,0.089621278620451883,0.64108051645762576,0.30142251255552449,0.51593823682909601,-0.48671452044662317,0.51668418057786858,-0.38994055624777885,-0.62361181500855267,0.43828315540924923,0.20128539037414364,0.083225489453202711,-0.05225414611102637,-0.0026845711240348711,-0.00081956541485408377,0.0017600340626891578,0.081656119629807719,0.0057941519930366607,-0.091856406969872531
13.614,268492.017406713,1,894,1,895,268491984565833,268491.98407033808,4110632fefb0227c,0.46201672967186597,0.52937606678735238,-0.56064270575955055,0.23563372180027686,0.84600657492449871,0.082009540869894232,0.47119434711577057,0.47329865640310492,0.55510625021839533,-0.54193343688547546,0.39117421016575205,-0.27519520830932209,-0.7648351682693304,0.43159877201309743,0.42011532221656211,0.032645913138139651,-0.14795397898270277,-0.0026832279334427669,-0.00081893423309299673,0.0017603131690991393,0.080039313263213216,0.0082326812533619342,-0.091719346852866604
644.415,268492.050743046,3,882,1,883,268491584529583,268491.58403408807,4110632e560d0830,0.32185567762398798,0.49691689973046282,-0.51253958877490113,0.14553139637798423,0.74289590579064302,0.098755070909068543,0.64588990935762358,0.32280259309390613,0.52550836233157072,-0.4946233232770671,0.52654350111375825,-0.3868827441968844,-0.62821295324032189,0.42240048420737775,0.24957831578075584,0.11283456082386341,-0.092588286079591561,-0.0026838806618178957,-0.00081934665155405082,0.0017600902750537788,0.080517400938058079,0.0076144324685286282,-0.091723073718938841
612.361,268492.050743046,3,885,1,886,268491684538708,268491.68404321308,4110632ebc75d2f5,0.35088347448025048,0.50932561645675778,-0.52133764898506341,0.14903444632384383,0.7434996119516446,0.0911579490339684,0.64551323950566641,0.3523290109573789,0.53802007429375476,-0.50362044080485913,0.52090517906180145,-0.39198837464983932,-0.63111686825490032,0.42035033861066012,0.33663005281541614,0.11476003588369274,-0.075848060985766658,-0.0026832955216834009,-0.00081895255188548172,0.0017602992192138668,0.080053507683421926,0.0082439458750341536,-0.091715189748838855
580.902,268492.050743046,3,888,1,889,268491784547791,268491.78405229608,4110632f22de9ae8,0.38632940462959636,0.51889734561322942,-0.53008828645308281,0.15462200444801566,0.76439572142847967,0.08874495572128771,0.61960923399253731,0.38898299750019782,0.54745692786767686,-0.5122930719757256,0.50088203770196027,-0.37537772106791334,-0.64984364870801359,0.43117511879426418,0.40022923860560067,0.046517356546238106,-0.10617331348868206,-0.0026832156783665258,-0.00081893138274425888,0.0017603167042074281,0.080037726390244771,0.0082559506514769624,-0.091720656610023973
552.633,268492.050743046,3,891,1,892,268491884556750,268491.88406125508,4110632f89475a89,0.42414278373868486,0.52327316481013675,-0.54426458157127944,0.19289314263340351,0.8035563456346474,0.093553779869135073,0.55528117057935455,0.43041843921758388,0.55045208760173403,-0.52525712892330056,0.45879558112613933,-0.32649056034408058,-0.70459617151754927,0.43180408037459395,0.42674724007133458,0.043580531554684873,-0.1440504438259376,-0.0026832279333172146,-0.0008189342324414064,0.0017603131691823284,0.080039313158429631,0.0082326813667262938,-0.091719346839420748
524.003,268492.050743046,3,894,1,895,268491984565833,268491.98407033808,4110632fefb0227c,0.46201672967186597,0.52937606678735238,-0.56064270575955055,0.23563372180027686,0.84600657492449871,0.082009540869894232,0.47119434711577057,0.47329865640310492,0.55510625021839533,-0.54193343688547546,0.39117421016575205,-0.27519520830932209,-0.7648351682693304,0.43159877201309743,0.42011532221656211,0.032645913138139651,-0.14795397898270277,-0.0026832279334427669,-0.00081893423309299673,0.0017603131690991393,0.080039313263213216,0.0082326812533619342,-0.091719346852866604
