recording_frame,t_ns,tx,ty,tz,qx,qy,qz,qw,engine_t
39,268463448579333,-0.036551133,-0.271157848,0.112516634,-0.119926729,0.848017422,0.062857341,0.512379781,268463.448852837
40,268463481915875,-0.031349537,-0.278624423,0.109478803,-0.123530765,0.849841303,0.065725186,0.508124161,268463.482189379
41,268463515252541,-0.027126287,-0.284343082,0.107355570,-0.126801892,0.850220779,0.068501552,0.506313636,268463.515526045
42,268463548589125,-0.025653205,-0.286235251,0.111556295,-0.127392335,0.849711229,0.069065665,0.506943791,268463.548862629
43,268463581925708,-0.018923957,-0.293888654,0.109677758,-0.130407084,0.849415911,0.072201765,0.506234690,268463.582199212
44,268463615262250,-0.013072413,-0.299611534,0.107896492,-0.135447046,0.849718128,0.077510636,0.503612307,268463.615535754
45,268463648598958,-0.014900975,-0.302525849,0.106100631,-0.138912301,0.850303639,0.076443418,0.501840165,268463.648872462
46,268463681935541,-0.006282875,-0.310404074,0.103061318,-0.143444975,0.852427356,0.079060674,0.496528554,268463.682209045
47,268463715272041,0.000636332,-0.316511285,0.100387188,-0.147912249,0.853613199,0.081699241,0.492739038,268463.715545545
48,268463748608625,0.009774972,-0.336623502,0.100570325,-0.155670605,0.854311152,0.082546027,0.488983973,268463.748882129
49,268463781945250,0.017730057,-0.343755432,0.097509181,-0.161249442,0.853653136,0.083197155,0.488214325,268463.782218754
50,268463815281708,0.026457387,-0.351238035,0.094324930,-0.166992375,0.853075680,0.083928048,0.487166877,268463.815555212
51,268463848618291,0.039363880,-0.367770485,0.091694296,-0.172319593,0.852167512,0.084825069,0.486745570,268463.848891795
52,268463881954875,0.049465531,-0.377178563,0.089390967,-0.175516200,0.852035853,0.084115725,0.485956342,268463.882228379
53,268463915291416,0.059853142,-0.387150372,0.087708532,-0.178235244,0.851894228,0.081511108,0.485658742,268463.915564920
54,268463948628000,0.073294663,-0.405861751,0.087093584,-0.181281738,0.852073072,0.074639874,0.485321907,268463.948901504
55,268463981964583,0.084485983,-0.415920311,0.085991723,-0.183304691,0.851945974,0.072093409,0.485170116,268463.982238087
56,268464015301166,0.096381527,-0.425826672,0.085012789,-0.188251543,0.851197135,0.073910773,0.484316059,268464.015574670
57,268464048637666,0.111535056,-0.437971034,0.085609160,-0.194107870,0.851134318,0.081132061,0.480947138,268464.048911170
58,268464081974208,0.123983803,-0.447365965,0.085171198,-0.198747269,0.851589506,0.085723384,0.477437317,268464.082247712
59,268464115310791,0.136470778,-0.456280736,0.085113062,-0.202142087,0.851877655,0.089072776,0.474878017,268464.115584295
60,268464148647291,0.149970748,-0.459094207,0.087573168,-0.206625973,0.851416947,0.090966328,0.473413213,268464.148920795
61,268464181983833,0.161134416,-0.466712506,0.088203397,-0.209080078,0.849384734,0.092604157,0.475663345,268464.182257337
62,268464215320333,0.171968360,-0.473947143,0.088495339,-0.210703792,0.847104415,0.095590558,0.478414591,268464.215593837
63,268464248656958,0.181016234,-0.478126586,0.089782736,-0.212342021,0.844296171,0.100084700,0.481723934,268464.248930462
64,268464281993541,0.190726661,-0.485084514,0.089827348,-0.213598553,0.844415615,0.103990977,0.480129001,268464.282267045
65,268464315329916,0.200277849,-0.491406310,0.089496071,-0.214591648,0.844981055,0.106457659,0.478146695,268464.315603420
66,268464348666500,0.205123372,-0.490446374,0.088972753,-0.215178342,0.846938413,0.109559333,0.473698651,268464.348940004
67,268464382003041,0.213494433,-0.495406568,0.088473301,-0.218162454,0.845898163,0.113737634,0.473207403,268464.382276545
68,268464415339625,0.221517720,-0.499851847,0.088044834,-0.221787116,0.844027215,0.117513337,0.473940086,268464.415613129
69,268464448676125,0.224286816,-0.495612910,0.087211711,-0.227483972,0.841336434,0.122039647,0.474879380,268464.448949629
70,268464482012708,0.231147683,-0.498981545,0.086709436,-0.231340451,0.841148827,0.125185565,0.472523941,268464.482286212
71,268464515349291,0.237797125,-0.502296287,0.086270353,-0.234258241,0.841097501,0.127691834,0.470502836,268464.515622795
72,268464548685791,0.246243805,-0.507026018,0.086433090,-0.237296527,0.841111262,0.128052912,0.468854678,268464.548959295
73,268464582022416,0.251678945,-0.510172013,0.086686904,-0.241069125,0.840400298,0.128523715,0.468075553,268464.582295920
74,268464615358791,0.256871375,-0.513258071,0.086986370,-0.244336254,0.839623178,0.128303208,0.467836568,268464.615632295
75,268464648695375,0.264714242,-0.518109954,0.086404500,-0.246484975,0.839333901,0.126399677,0.467746657,268464.648968879
76,268464682031958,0.269858350,-0.521939825,0.085978176,-0.248102548,0.840070662,0.127301357,0.465317984,268464.682305462
77,268464715368500,0.274988925,-0.526027341,0.085390633,-0.249618294,0.840545856,0.129317261,0.463087973,268464.715642004
78,268464748704958,0.284294139,-0.534399411,0.084984134,-0.250196861,0.839986243,0.132635566,0.462852571,268464.748978462
79,268464782041541,0.288821182,-0.538702534,0.084720003,-0.252141985,0.837122463,0.135125416,0.466252697,268464.782315045
80,268464815378083,0.294631326,-0.544215932,0.084474549,-0.258242465,0.831881702,0.138867059,0.471168394,268464.815651587
81,268464848714625,0.299860742,-0.549494502,0.082732536,-0.264039981,0.827215070,0.141714892,0.475305227,268464.848988129
82,268464882051125,0.304293551,-0.553816774,0.082189118,-0.267985831,0.825667588,0.143153658,0.475356405,268464.882324629
83,268464915387625,0.310621995,-0.560289020,0.081448909,-0.273960797,0.823676649,0.145690895,0.474632991,268464.915661129
84,268464948724166,0.315143839,-0.565438186,0.079353436,-0.279267430,0.822843148,0.149161159,0.471900264,268464.948997670
85,268464982060708,0.320285185,-0.571541517,0.079058972,-0.283913351,0.820554078,0.151417746,0.472394891,268464.982334212
86,268465015397250,0.327478160,-0.580614140,0.078964875,-0.290446422,0.817179885,0.154401494,0.473305550,268465.015670754
87,268465048733708,0.335612236,-0.588726818,0.080538029,-0.296647856,0.813378835,0.159029664,0.474472907,268465.049007212
88,268465082070333,0.341978174,-0.596678833,0.080676043,-0.303168000,0.809713168,0.164279450,0.474832670,268465.082343837
89,268465115406791,0.350885131,-0.608290100,0.081022900,-0.310800742,0.805829408,0.169978373,0.474498967,268465.115911296
90,268465148743416,0.357526697,-0.615302525,0.082187804,-0.316379296,0.803504033,0.173822724,0.473361514,268465.149247921
91,268465182079875,0.364998151,-0.625219029,0.082899193,-0.320948218,0.802615520,0.175036247,0.471341632,268465.182584380
92,268465215416541,0.375538267,-0.638935394,0.083851552,-0.327229346,0.801859896,0.178669092,0.466925124,268465.215921046
93,268465248752958,0.383072847,-0.647809909,0.085543981,-0.329662587,0.802029986,0.179889976,0.464446047,268465.249257463
94,268465282089500,0.391339614,-0.658981480,0.086783246,-0.333032990,0.800911969,0.183701062,0.462474885,268465.282594005
95,268465315426125,0.402406626,-0.674214846,0.088725481,-0.336859242,0.799671043,0.188331966,0.459981736,268465.315930630
96,268465348762541,0.410531015,-0.685774686,0.091072768,-0.339263006,0.797839972,0.191393175,0.460131174,268465.349267046
97,268465382099083,0.418497342,-0.696919738,0.092975179,-0.343334656,0.796004900,0.193964250,0.459211755,268465.382603588
98,268465415435666,0.428824120,-0.711502179,0.095405444,-0.348878439,0.793467113,0.196918215,0.458167050,268465.415940171
99,268465448772166,0.437015045,-0.723263071,0.096173822,-0.353560210,0.791424085,0.197485670,0.457867403,268465.449276671
100,268465482108666,0.444574344,-0.733948104,0.097498663,-0.356729919,0.790707706,0.198506986,0.456201839,268465.482613171
101,268465515445250,0.454667433,-0.748142969,0.099013748,-0.359798301,0.789847688,0.199745820,0.454738905,268465.515949755
102,268465548781750,0.461550050,-0.758841107,0.097371283,-0.360629019,0.789505472,0.199081184,0.454966543,268465.549286255
103,268465582118333,0.468786530,-0.769016822,0.097987620,-0.362124039,0.788524633,0.199395992,0.455342042,268465.582622838
104,268465615454916,0.478303680,-0.781801668,0.098435576,-0.364037089,0.787881954,0.198854225,0.455165987,268465.615959421
105,268465648791416,0.485147374,-0.789179373,0.097070192,-0.364732607,0.788267370,0.195334612,0.455465829,268465.649295921
106,268465682127916,0.492346282,-0.797464235,0.096610127,-0.365252800,0.789919301,0.192565810,0.453361172,268465.682632421
107,268465715464333,0.502481615,-0.807970294,0.095737016,-0.364399505,0.791270155,0.191292716,0.452229690,268465.715968838
108,268465748800958,0.512387881,-0.815856810,0.094243223,-0.363933780,0.792367115,0.192205236,0.450292971,268465.749305463
109,268465782137541,0.522713153,-0.824340062,0.093281684,-0.365026627,0.791669851,0.195450930,0.449236460,268465.782642046
110,268465815474041,0.530338726,-0.829652445,0.092444870,-0.365424091,0.791005579,0.198638754,0.448684864,268465.815978546
111,268465848810583,0.541619929,-0.837768425,0.091193959,-0.367052966,0.789278545,0.203409596,0.448258951,268465.849315088
112,268465882147125,0.551993727,-0.843518037,0.089560864,-0.368927758,0.787728779,0.206923900,0.447837284,268465.882651630
113,268465915483541,0.560066479,-0.847015663,0.088047820,-0.371161387,0.786347722,0.209881782,0.447041582,268465.915988046
114,268465948820166,0.571952305,-0.853126960,0.086554499,-0.374849396,0.785029719,0.214152253,0.444246707,268465.949324671
115,268465982156750,0.585105462,-0.856148530,0.084024009,-0.381413183,0.782809511,0.218696111,0.440346815,268465.982661255
116,268466015493208,0.595763553,-0.857715727,0.082139429,-0.387408683,0.780942169,0.221140418,0.437196535,268466.015997713
117,268466048829833,0.608999069,-0.859480498,0.081544569,-0.395888194,0.778571803,0.222941920,0.432891948,268466.049334338
118,268466082166375,0.624454012,-0.860505150,0.079307093,-0.404554865,0.775934805,0.221265998,0.430467132,268466.082670880
119,268466115502708,0.636356724,-0.860918251,0.077601895,-0.411969195,0.774225437,0.219135970,0.427593071,268466.116007213
120,268466148839375,0.648064479,-0.860202868,0.077184037,-0.418870569,0.773192841,0.214571561,0.425063966,268466.149343880
121,268466182175916,0.664891792,-0.860784398,0.075375076,-0.426612992,0.771251928,0.209034818,0.423646453,268466.182680421
122,268466215512458,0.678114942,-0.861670649,0.074275750,-0.430985354,0.770257099,0.206952385,0.422050222,268466.216016963
123,268466248849000,0.692346738,-0.864717618,0.074414550,-0.431879016,0.769303330,0.205722397,0.423475206,268466.249353505
124,268466282185625,0.711474963,-0.867306930,0.074521475,-0.432932707,0.767267439,0.207672895,0.425137589,268466.282690130
125,268466315522041,0.725532015,-0.869075718,0.075345139,-0.433398094,0.765817409,0.206810050,0.427690828,268466.316026546
126,268466348858541,0.740442471,-0.873169866,0.075968240,-0.434372533,0.763454619,0.207818585,0.430428898,268466.349363046
127,268466382195041,0.757689105,-0.873034572,0.076547263,-0.440496837,0.759957651,0.208503548,0.430061889,268466.382699546
128,268466415531500,0.770268772,-0.872615975,0.076461059,-0.445294167,0.758126215,0.211053586,0.427099735,268466.416036005
129,268466448868041,0.781710518,-0.874470731,0.075816881,-0.451370700,0.757128251,0.215196136,0.420371239,268466.449372546
130,268466482204708,0.796906551,-0.875118960,0.074995696,-0.454186471,0.756660434,0.219729198,0.415810979,268466.482709213
131,268466515541166,0.807415986,-0.876013487,0.074735028,-0.454804636,0.754907285,0.223356430,0.416388871,268466.516045671
132,268466548877666,0.813858866,-0.880189824,0.076284625,-0.453860983,0.753464079,0.227759012,0.417645754,268466.549382171
133,268466582214250,0.826652803,-0.882992847,0.076751358,-0.455967705,0.752211621,0.231097975,0.415770259,268466.582718755
134,268466615550708,0.836325661,-0.884957781,0.076825499,-0.458482112,0.752107016,0.232082108,0.412634388,268466.616055213
135,268466648887166,0.835322261,-0.884565907,0.076712945,-0.462357658,0.753693372,0.231024355,0.405955042,268466.649391671
136,268466682223833,0.847215550,-0.887141110,0.076307347,-0.466474185,0.756283038,0.228415073,0.397824595,268466.682728338
137,268466715560208,0.856063103,-0.888987043,0.075984448,-0.471711690,0.756395772,0.229072384,0.390997971,268466.716064713
138,268466748896791,0.855492481,-0.887964832,0.077082549,-0.477046004,0.755573773,0.229123712,0.386054092,268466.749401296
139,268466782233291,0.865809162,-0.891265025,0.077710093,-0.482711519,0.751361739,0.231789949,0.385640506,268466.782737796
140,268466815569750,0.873259419,-0.894196758,0.078323333,-0.486470268,0.748003995,0.234607339,0.385741043,268466.816074255
141,268466848906250,0.879202053,-0.896133668,0.078086211,-0.489758372,0.742913422,0.238321348,0.389126422,268466.849410755
142,268466882242833,0.886596176,-0.899662619,0.078299156,-0.491971218,0.740897224,0.240964986,0.388550581,268466.882747338
143,268466915579291,0.894010063,-0.903297193,0.078571042,-0.493778333,0.739617864,0.242470579,0.387758230,268466.916083796
144,268466948915750,0.904403843,-0.907537212,0.077771737,-0.496557383,0.737992231,0.245716480,0.385255365,268466.949420255
145,268466982252250,0.911479642,-0.910634526,0.078363121,-0.499033218,0.736134547,0.248936676,0.383539256,268466.982756755
146,268467015588791,0.918416952,-0.913588332,0.079411081,-0.500687608,0.735138247,0.252529062,0.380936743,268467.016093296
147,268467048925250,0.928858012,-0.916248740,0.082795721,-0.500553730,0.735267554,0.257164197,0.377748880,268467.049429755
148,268467082261833,0.935849747,-0.918628824,0.086236792,-0.500068756,0.735007994,0.259874773,0.377040640,268467.082766338
149,268467115598208,0.942307476,-0.920528207,0.090857058,-0.499880737,0.734858468,0.263077296,0.375356725,268467.116102713
150,268467148934791,0.947782123,-0.920665330,0.100839952,-0.499806542,0.734627505,0.263494923,0.375614601,268467.149439296
151,268467182271291,0.952612516,-0.921071694,0.107940609,-0.499964256,0.735197655,0.260572256,0.376327388,268467.182775796
152,268467215607833,0.956719605,-0.921135276,0.115184369,-0.501031717,0.735899884,0.257647915,0.375547846,268467.216112338
153,268467248944250,0.954416196,-0.916932711,0.126563855,-0.500292280,0.735088540,0.257489701,0.378221601,268467.249448755
154,268467282280750,0.957222538,-0.917340752,0.134817216,-0.499555301,0.732793450,0.259948937,0.381948772,268467.282785255
155,268467315617208,0.959275286,-0.918403036,0.143675588,-0.498784660,0.730695018,0.262358055,0.385314103,268467.316121713
156,268467348953708,0.959562562,-0.920372980,0.155889433,-0.496010903,0.728349252,0.264819997,0.391600528,268467.349458213
157,268467382290208,0.960235534,-0.920490785,0.164660416,-0.493752170,0.729514224,0.263421024,0.393226664,268467.382794713
158,268467415626708,0.960844377,-0.920425462,0.173059841,-0.492712441,0.731164498,0.261507429,0.392742721,268467.416131213
159,268467448963208,0.972190838,-0.924657746,0.182931514,-0.491428079,0.735416327,0.255403978,0.390423015,268467.449467713
160,268467482299541,0.972648102,-0.923414701,0.190200231,-0.490854967,0.737607862,0.251946936,0.389254208,268467.482804046
161,268467515636083,0.973047175,-0.922170277,0.197099302,-0.488419706,0.740079774,0.249322482,0.389315389,268467.516140588
162,268467548972541,0.979747258,-0.922271158,0.205855030,-0.484853922,0.742106652,0.247113490,0.391317476,268467.549477046
163,268467582309083,0.981186377,-0.921245557,0.212033846,-0.482401190,0.742256383,0.249406157,0.392608171,268467.582813588
164,268467615645541,0.982897268,-0.920139579,0.217832340,-0.480025054,0.741507067,0.254496025,0.393668698,268467.616150046
165,268467648981958,0.988947503,-0.919949953,0.224606842,-0.474400588,0.745408093,0.258408262,0.390558677,268467.649486463
166,268467682318541,0.992079758,-0.919165893,0.229746561,-0.469614593,0.751602633,0.256189584,0.385904866,268467.682823046
167,268467715655000,0.995282963,-0.917590826,0.234990813,-0.463794142,0.758156059,0.252173326,0.382757170,268467.716159505
168,268467748991541,1.001278548,-0.915384345,0.241909748,-0.457974332,0.765393917,0.247982980,0.378068986,268467.749496046
169,268467782328041,1.003722408,-0.913896149,0.248571281,-0.455797031,0.766434494,0.247720041,0.378763867,268467.782832546
170,268467815664333,1.005882924,-0.912582287,0.255711403,-0.453113572,0.767818124,0.246225720,0.380153083,268467.816168838
171,268467849001000,1.009236727,-0.910263854,0.267876826,-0.449628795,0.769942266,0.243008728,0.382059765,268467.849505505
172,268467882337458,1.010947435,-0.909016172,0.275886935,-0.446100466,0.774776553,0.236174624,0.380706275,268467.882841963
173,268467915673916,1.012938936,-0.906791756,0.286985555,-0.445118642,0.779209236,0.226896679,0.378444595,268467.916178421
174,268467949010416,1.014107413,-0.900254331,0.293611473,-0.445448455,0.781698984,0.219330339,0.377381277,268467.949514921
175,268467982346875,1.014112041,-0.897707519,0.302804750,-0.445803011,0.780983690,0.216800059,0.379897274,268467.982851380
176,268468015683333,1.013633753,-0.895505640,0.315504332,-0.443947565,0.781398854,0.213481489,0.383082363,268468.016187838
177,268468049019875,1.015218322,-0.896747654,0.326748011,-0.440639050,0.781017147,0.214096573,0.387314026,268468.049524380
178,268468082356333,1.014714054,-0.896116693,0.335890300,-0.438448356,0.781875906,0.213894607,0.388178125,268468.082860838
179,268468115692833,1.013738418,-0.895582882,0.347989470,-0.437843872,0.780874702,0.212763767,0.391483174,268468.116197338
180,268468149029291,1.013991808,-0.898547810,0.358469011,-0.436686498,0.781235717,0.212224863,0.392347190,268468.149533796
181,268468182365708,1.012531501,-0.898147862,0.366873031,-0.434738647,0.782740524,0.209404190,0.393026105,268468.182870213
182,268468215702250,1.011077023,-0.897546030,0.377350369,-0.434506289,0.783636190,0.205451645,0.393583894,268468.216206755
183,268468249038666,1.013620545,-0.900717533,0.385793533,-0.433259329,0.786464079,0.198695612,0.392785837,268468.249543171
184,268468282375208,1.012215258,-0.900158693,0.393033962,-0.433303648,0.787849714,0.195218606,0.391702088,268468.282879713
185,268468315711583,1.010762481,-0.899711391,0.402220997,-0.433622875,0.787399314,0.193236803,0.393234171,268468.316216088
186,268468349048125,1.010421409,-0.903927631,0.413884047,-0.433168393,0.787848988,0.192586796,0.393153271,268468.349552630
187,268468382384708,1.009339681,-0.904509942,0.420389395,-0.433047093,0.787654362,0.194184231,0.392891026,268468.382889213
188,268468415721041,1.008090854,-0.905471013,0.428673501,-0.433964846,0.785550586,0.195587464,0.395386375,268468.416225546
189,268468449057541,1.007897929,-0.907324768,0.434277900,-0.436048054,0.782737266,0.198266798,0.397334618,268468.449562046
190,268468482394125,1.006145424,-0.908154088,0.440103657,-0.436774382,0.781584531,0.198567020,0.398653926,268468.482898630
191,268468515730500,1.003776994,-0.909581904,0.447043560,-0.435836984,0.781257596,0.196922550,0.401128726,268468.516235005
192,268468549067041,1.002118106,-0.909311853,0.452061957,-0.435054022,0.781544259,0.193183953,0.403232666,268468.549571546
193,268468582403541,0.999834316,-0.910308929,0.456243643,-0.433486676,0.783169318,0.189534684,0.403499415,268468.582908046
194,268468615739916,0.996867288,-0.911040971,0.460537195,-0.432406185,0.784138199,0.188162946,0.403419056,268468.616244421
195,268468649076375,0.996093818,-0.907258126,0.460088889,-0.430684254,0.784886866,0.186578364,0.404539550,268468.649580880
196,268468682412958,0.993312045,-0.907507053,0.462079009,-0.429495443,0.784773837,0.185309571,0.406600670,268468.682917463
197,268468715749375,0.989318511,-0.906719589,0.463777485,-0.430067661,0.783817892,0.185702778,0.407658988,268468.716253880
198,268468749085833,0.988290283,-0.900288301,0.459570498,-0.429096713,0.783896430,0.184700492,0.408984326,268468.749590338
199,268468782422333,0.985318922,-0.898087709,0.459712387,-0.427169787,0.785487768,0.182755188,0.408822130,268468.782926838
200,268468815758916,0.981146808,-0.894160183,0.459716572,-0.424846156,0.787502854,0.179837646,0.408660583,268468.816263421
201,268468849095333,0.979613752,-0.888467219,0.456027133,-0.421607006,0.790341927,0.177564573,0.407526744,268468.849599838
202,268468882431750,0.975928618,-0.884065256,0.455630301,-0.418070309,0.792891382,0.175535891,0.407096643,268468.882936255
203,268468915768291,0.970673487,-0.877323945,0.454973918,-0.414186147,0.795504347,0.173219780,0.406961461,268468.916272796
204,268468949104666,0.968004602,-0.868524330,0.451106156,-0.410941089,0.797222533,0.172382982,0.407244171,268468.949609171
205,268468982441208,0.961339224,-0.859439214,0.450510425,-0.407305105,0.798366303,0.170949477,0.409255576,268468.982945713
206,268469015777625,0.955926976,-0.851908635,0.450267295,-0.404699196,0.798977626,0.169072497,0.411421751,268469.016282130
207,268469049114166,0.950942257,-0.839897063,0.445443931,-0.403043618,0.799523923,0.165942225,0.413256057,268469.049618671
208,268469082450583,0.942960823,-0.826995532,0.444960345,-0.399265727,0.802116174,0.160708449,0.413967836,268469.082955088
209,268469115787208,0.936865487,-0.816385588,0.444372314,-0.395906901,0.804233873,0.156801776,0.414582753,268469.116291713
210,268469149123541,0.931109389,-0.803940345,0.442405647,-0.391902496,0.807334903,0.151422146,0.414359958,268469.149628046
211,268469182460041,0.922890965,-0.788346747,0.441261993,-0.385825684,0.810527737,0.146582384,0.415568269,268469.182964546
212,268469215796541,0.916744945,-0.776132433,0.440314308,-0.380071373,0.813481990,0.142568552,0.416493776,268469.216301046
213,268469249132958,0.911613303,-0.763168256,0.439609089,-0.373168287,0.816637649,0.139839031,0.417484705,268469.249637463
214,268469282469458,0.903990393,-0.746191714,0.438592183,-0.365058408,0.819891769,0.136074784,0.419515853,268469.282973963
215,268469315805875,0.898366810,-0.733098643,0.437946400,-0.359147152,0.822310609,0.133267829,0.420782990,268469.316310380
216,268469349142458,0.894007795,-0.720163229,0.438543190,-0.353982554,0.824460182,0.132213786,0.421285329,268469.349646963
217,268469382478875,0.887545612,-0.701951366,0.437185013,-0.347714673,0.826977318,0.132351247,0.421528435,268469.382983380
218,268469415815416,0.883127766,-0.688413852,0.435873359,-0.342600047,0.829078171,0.132825036,0.421440573,268469.416319921
219,268469449151875,0.881103168,-0.677182191,0.434226866,-0.338215409,0.831013566,0.135251683,0.420397223,268469.449656380
220,268469482488333,0.876425422,-0.659903747,0.431928991,-0.331921024,0.834803563,0.134362078,0.418184564,268469.482992838
221,268469515824833,0.873199785,-0.647061493,0.429626886,-0.328668227,0.838276266,0.133456526,0.414076694,268469.516329338
222,268469549161208,0.873469488,-0.637887237,0.426579188,-0.325583610,0.843794478,0.132680271,0.405465399,268469.549665713
223,268469582497750,0.869097962,-0.622406269,0.422997322,-0.317178648,0.852376668,0.126488262,0.396046076,268469.583002255
224,268469615834166,0.864936080,-0.611589226,0.421057517,-0.310701588,0.858119238,0.119251823,0.390992266,268469.616338671
225,268469649170666,0.859917992,-0.600073638,0.421222432,-0.304726507,0.863296958,0.109759996,0.387056734,268469.649675171
226,268469682507208,0.850426565,-0.585808840,0.420698277,-0.301549712,0.865072123,0.102354287,0.387610173,268469.683011713
227,268469715843541,0.841945116,-0.575648569,0.420452744,-0.296567085,0.866719430,0.097019054,0.389143612,268469.716348046
228,268469749180041,0.829682161,-0.561092777,0.418438536,-0.293054359,0.866521645,0.093381212,0.393114976,268469.749684546
229,268469782516500,0.816888886,-0.548998592,0.417215106,-0.286957430,0.868148607,0.091006638,0.394577338,268469.783021005
230,268469815853041,0.806937352,-0.540314116,0.416256170,-0.282202530,0.869376838,0.089386507,0.395671267,268469.816357546
231,268469849189541,0.791835935,-0.536802387,0.411438528,-0.275456104,0.870978967,0.089193030,0.396943612,268469.849694046
232,268469882525916,0.777127671,-0.527030987,0.409246017,-0.267789590,0.873850086,0.086746031,0.396421419,268469.883030421
233,268469915862375,0.765738203,-0.520125725,0.407308252,-0.263948476,0.874104570,0.088103821,0.398133361,268469.916366880
234,268469949198875,0.753143339,-0.521266341,0.404428657,-0.260856580,0.873932686,0.091332955,0.399817271,268469.949703380
235,268469982535416,0.735758481,-0.514112746,0.401338665,-0.253913183,0.874872047,0.093195719,0.401797969,268469.983039921
236,268470015871791,0.722660591,-0.509377399,0.398327169,-0.249034464,0.875912127,0.096226581,0.401870975,268470.016376296
237,268470049208291,0.706359787,-0.500905872,0.394648679,-0.241146060,0.878624686,0.099249106,0.400021133,268470.049712796
238,268470082544791,0.693685231,-0.497534359,0.390557481,-0.231854896,0.881107544,0.100220936,0.399810732,268470.083049296
239,268470115881291,0.681419845,-0.494721270,0.386482983,-0.222984032,0.883206362,0.102706922,0.399594777,268470.116385796
240,268470149217750,0.667055350,-0.486275878,0.384135164,-0.213139045,0.885778497,0.106369515,0.398313672,268470.149722255
241,268470182554208,0.656644001,-0.483729710,0.380986227,-0.207386248,0.887535899,0.109040716,0.396712929,268470.183058713
242,268470215890583,0.646514503,-0.480851046,0.377879187,-0.199266355,0.890459016,0.109541165,0.394178191,268470.216395088
243,268470249227083,0.634672324,-0.469164565,0.374693524,-0.188803223,0.894816243,0.109615792,0.389411949,268470.249731588
244,268470282563541,0.625724923,-0.465724916,0.372160230,-0.181783123,0.897558794,0.109442187,0.386478420,268470.283068046
245,268470315900041,0.617160053,-0.461717762,0.370283595,-0.175795631,0.899782062,0.108873716,0.384232618,268470.316404546
246,268470349236458,0.609481213,-0.451284196,0.370969539,-0.171362462,0.901474445,0.111804597,0.381416462,268470.349740963
247,268470382573000,0.601051890,-0.445509486,0.370823143,-0.167131508,0.901790617,0.112013299,0.382483746,268470.383077505
248,268470415909458,0.591856246,-0.439407839,0.371256576,-0.163448735,0.901606186,0.111211874,0.384737272,268470.416413963
249,268470449245958,0.582989994,-0.426826505,0.372517337,-0.158754602,0.900760120,0.109290576,0.389209205,268470.449750463
250,268470482582375,0.572875400,-0.418947900,0.372860673,-0.153714468,0.900537704,0.108681876,0.391908163,268470.483086880
251,268470515918916,0.562679038,-0.410995189,0.372783420,-0.147691153,0.900881814,0.106687150,0.393976123,268470.516423421
252,268470549255250,0.550789257,-0.394709435,0.370074815,-0.139070592,0.902478911,0.100270542,0.395141820,268470.549759755
253,268470582591750,0.540828677,-0.384669303,0.369462824,-0.134831959,0.903561330,0.094940533,0.395453681,268470.583096255
254,268470615928208,0.530860168,-0.373760327,0.368723972,-0.131117281,0.903331186,0.088952569,0.398608229,268470.616432713
255,268470649264750,0.520339496,-0.355709312,0.367094760,-0.125116225,0.902412411,0.077991142,0.404864428,268470.649769255
256,268470682601166,0.509397852,-0.343617003,0.365843081,-0.116955571,0.902331829,0.070719868,0.408799974,268470.683105671
257,268470715937708,0.498661806,-0.331200977,0.363469972,-0.107849057,0.902769449,0.066565289,0.411029218,268470.716442213
258,268470749274083,0.487491832,-0.314620166,0.359624999,-0.093231449,0.902512881,0.064196290,0.415520499,268470.749778588
259,268470782610625,0.476982129,-0.301602913,0.356614968,-0.084489914,0.901819688,0.060778201,0.419390950,268470.783115130
260,268470815947041,0.466217628,-0.287758061,0.353758078,-0.076515217,0.901123162,0.058193112,0.422771904,268470.816451546
261,268470849283500,0.451943713,-0.268747998,0.350722424,-0.065166376,0.899349541,0.056193369,0.428679490,268470.849788005
262,268470882619916,0.440966377,-0.254210137,0.347174858,-0.054132035,0.898635805,0.054499527,0.431918125,268470.883124421
263,268470915956458,0.429763474,-0.239779018,0.343324212,-0.043801564,0.897911764,0.053359155,0.434728354,268470.916460963
264,268470949292875,0.416142262,-0.222782203,0.337692951,-0.030532528,0.897398555,0.055105705,0.436700141,268470.949797380
265,268470982629416,0.405912383,-0.208136510,0.333308701,-0.022547504,0.897514995,0.057563908,0.436629012,268470.983133921
266,268471015965833,0.395903665,-0.193679134,0.328721035,-0.014513861,0.896962640,0.062305376,0.437453384,268471.016470338
267,268471049302291,0.384894750,-0.178036863,0.323071060,-0.004373385,0.897180830,0.069862716,0.436081053,268471.049806796
268,268471082638708,0.374053641,-0.164987990,0.319305863,0.004716021,0.896954597,0.072194812,0.436163012,268471.083143213
269,268471115975208,0.359051261,-0.148079381,0.314976956,0.015713438,0.896535996,0.073993139,0.436464620,268471.116479713
270,268471149311708,0.350328627,-0.138474741,0.313408159,0.022349798,0.896690878,0.071745907,0.436232202,268471.149816213
271,268471182648208,0.338975399,-0.126657982,0.311649304,0.025319998,0.896785584,0.069341328,0.436264080,268471.183152713
272,268471215984583,0.323418093,-0.110905273,0.309157363,0.027199764,0.896489969,0.066524034,0.437196197,268471.216489088
273,268471249321041,0.312665664,-0.094963809,0.306851809,0.024898631,0.897960586,0.063317117,0.434784821,268471.249825546
274,268471282657583,0.299925358,-0.083676030,0.304530389,0.025739071,0.899445729,0.059633996,0.432179039,268471.283162088
275,268471315993916,0.282099568,-0.068740085,0.301544358,0.026658226,0.900976061,0.052755269,0.429823697,268471.316498421
276,268471349330458,0.266748651,-0.054420828,0.299075129,0.027389081,0.902912002,0.047185327,0.426348864,268471.349834963
277,268471382666916,0.251424680,-0.043117466,0.297137761,0.026296975,0.903490570,0.043336790,0.425599852,268471.383171421
278,268471416003291,0.230015487,-0.028044048,0.294724399,0.021828100,0.902894226,0.036756198,0.427731908,268471.416507796
279,268471449339791,0.212949717,-0.016855150,0.291530275,0.017148800,0.902190304,0.034018304,0.429652630,268471.449844296
280,268471482676166,0.195264953,-0.005898013,0.289033830,0.015099633,0.902133606,0.032936209,0.429932805,268471.483180671
281,268471516012625,0.171141160,0.007344619,0.284887179,0.012896819,0.900760831,0.032706693,0.432890197,268471.516517130
282,268471549349166,0.153998905,0.009069975,0.279497641,0.010291494,0.899738012,0.035269574,0.434881253,268471.549853671
283,268471582685666,0.135260115,0.017587146,0.275543927,0.008045852,0.899875276,0.034773673,0.434684479,268471.583190171
284,268471616022083,0.111743656,0.028034838,0.268956092,0.009050032,0.902866062,0.037913242,0.428151387,268471.616526588
285,268471649358583,0.101091979,0.021531195,0.264611154,0.010843160,0.905068281,0.041756123,0.423072468,268471.649863088
286,268471682695041,0.086702095,0.026379878,0.260807516,0.010727271,0.905633185,0.042418067,0.421798792,268471.683199546
287,268471716031500,0.068296973,0.032324820,0.257663293,0.015351436,0.904400479,0.034165102,0.425037536,268471.716536005
288,268471749367916,0.055288296,0.032715093,0.259470798,0.022635825,0.901409392,0.024707857,0.431669204,268471.749872421
289,268471782704416,0.042588043,0.035512425,0.257877980,0.029280363,0.899587569,0.017470677,0.435407505,268471.783208921
290,268471816040916,0.026744956,0.039080880,0.255534514,0.031235876,0.897051938,0.018417384,0.440435004,268471.816545421
291,268471849377375,0.018330898,0.038588331,0.254572338,0.030044480,0.895722862,0.025053778,0.442888525,268471.849881880
292,268471882713833,0.007969530,0.041826730,0.252979178,0.026376827,0.894691961,0.027752525,0.445039783,268471.883218338
293,268471916050166,-0.004952118,0.046281578,0.251350457,0.022605799,0.894516122,0.022160417,0.445913505,268471.916554671
294,268471949386666,-0.006753808,0.043585759,0.252409689,0.015363391,0.894100273,0.019333727,0.447185563,268471.949891171
295,268471982723166,-0.014104147,0.046591137,0.250317079,0.010478082,0.891845257,0.017954529,0.451862740,268471.983227671
296,268472016059583,-0.023465789,0.049960278,0.246630866,0.007302649,0.888866349,0.012599746,0.457935130,268472.016564088
297,268472049396125,-0.024249829,0.049518712,0.243386620,0.005788015,0.886175361,0.008702455,0.463232176,268472.049900630
298,268472082732583,-0.029023663,0.051520686,0.238054411,0.004064508,0.885487256,0.008138023,0.464574671,268472.083237088
299,268472116068916,-0.033663751,0.054212138,0.228861359,0.000764177,0.887042971,0.011666590,0.461538869,268472.116573421
300,268472149405458,-0.031003072,0.055025056,0.220440852,-0.003591469,0.890890877,0.016625138,0.453898892,268472.149909963
301,268472182741916,-0.032321163,0.058795603,0.210056780,-0.008171106,0.893925783,0.018693040,0.447750545,268472.183246421
302,268472216078416,-0.032883617,0.062246140,0.202495892,-0.012950402,0.894220019,0.021043474,0.446945265,268472.216582921
303,268472249414833,-0.025417392,0.060771151,0.198002293,-0.018193938,0.894516743,0.022065472,0.446118758,268472.249919338
304,268472282751291,-0.026273928,0.065790871,0.189529672,-0.025476221,0.893626454,0.027686203,0.447231763,268472.283255796
305,268472316087708,-0.027012765,0.069560686,0.183454031,-0.028357000,0.891375390,0.034163975,0.451086100,268472.316592213
306,268472349424166,-0.023107072,0.074048860,0.179015414,-0.029961535,0.888622915,0.039129471,0.455983070,268472.349928671
307,268472382760750,-0.025528083,0.078349864,0.173113571,-0.031105497,0.885790003,0.045829575,0.460769164,268472.383265255
308,268472416097166,-0.027472789,0.081593337,0.169414413,-0.030342040,0.881184378,0.050856760,0.469049140,268472.416601671
309,268472449433666,-0.029861892,0.084375569,0.166643208,-0.027562003,0.875335178,0.055072471,0.479578710,268472.449938171
310,268472482770083,-0.033037979,0.087180797,0.163351415,-0.026772440,0.866369843,0.058954251,0.495187824,268472.483274588
311,268472516106541,-0.035234673,0.088934946,0.161072087,-0.023902290,0.859687517,0.056139205,0.507163186,268472.516611046
312,268472549442875,-0.038066112,0.095073149,0.156478811,-0.020775518,0.854169154,0.052527847,0.516918091,268472.549947380
313,268472582779375,-0.038958108,0.096727584,0.150999497,-0.015877672,0.853295462,0.047739777,0.518994914,268472.583283880
314,268472616115875,-0.038819815,0.097732945,0.146088399,-0.010538809,0.853844564,0.037412218,0.519074920,268472.616620380
315,268472649452250,-0.038611290,0.106325582,0.136119981,-0.001625434,0.858986034,0.024494739,0.511410219,268472.649956755
316,268472682788833,-0.037104040,0.108712156,0.126422448,0.002859134,0.861224481,0.019599725,0.507838678,268472.683293338
317,268472716125291,-0.035798831,0.110170549,0.118379067,0.008296966,0.860153436,0.012679642,0.509810265,268472.716629796
318,268472749461708,-0.027774293,0.111924362,0.115554847,0.011204045,0.857347314,0.009631903,0.514526319,268472.749966213
319,268472782798166,-0.025174590,0.114336064,0.103884445,0.012146928,0.852637679,0.009362032,0.522277556,268472.783302671
320,268472816134625,-0.023071969,0.116146175,0.095123131,0.014894876,0.849503953,0.003542591,0.527360105,268472.816639130
321,268472849471041,-0.017418015,0.111062272,0.087911693,0.015287101,0.846700075,0.001455979,0.531848870,268472.849975546
322,268472882807458,-0.012890424,0.114295257,0.075426302,0.020092635,0.845452229,-0.003631740,0.533660640,268472.883311963
323,268472916144000,-0.008703391,0.116591785,0.066599272,0.020259164,0.842560370,-0.004163246,0.538204710,268472.916648505
324,268472949480500,0.001935552,0.111433561,0.058611516,0.021763922,0.840720769,-0.007443094,0.540980197,268472.949985005
325,268472982816875,0.007806001,0.115653216,0.048133961,0.023831899,0.839142259,-0.012295967,0.543250561,268472.983321380
326,268473016153333,0.012916473,0.118890971,0.040573428,0.026184381,0.836944707,-0.015623485,0.546437458,268473.016657838
327,268473049489708,0.024403146,0.119263886,0.035291869,0.028002591,0.834387073,-0.017210615,0.550198069,268473.049994213
328,268473082826291,0.032664452,0.123504290,0.025861949,0.032235199,0.830789159,-0.018512909,0.555344569,268473.083330796
329,268473116162625,0.039368225,0.126517478,0.018513114,0.039119986,0.830448920,-0.021133297,0.555317616,268473.116667130
330,268473149499125,0.048327819,0.129527588,0.011988659,0.047180747,0.831287885,-0.022204214,0.553390871,268473.150003630
331,268473182835583,0.059994069,0.133872346,0.001612562,0.054589584,0.831709107,-0.021078388,0.552119274,268473.183340088
332,268473216172125,0.068321580,0.137282928,-0.005791415,0.062215375,0.831824698,-0.022646411,0.551075414,268473.216676630
333,268473249508458,0.071975237,0.143092670,-0.011152846,0.075303435,0.833821081,-0.022966972,0.546392139,268473.250012963
334,268473282844916,0.080199941,0.146374298,-0.017991421,0.083413413,0.834970643,-0.022319258,0.543477811,268473.283349421
335,268473316181458,0.088963500,0.149891299,-0.024444227,0.093434991,0.836539836,-0.025482656,0.539278864,268473.316685963
336,268473349517958,0.102229324,0.157045628,-0.033899672,0.106135995,0.837601719,-0.030057745,0.535028127,268473.350022463
337,268473382854291,0.111551940,0.162470083,-0.039662973,0.115376310,0.836652195,-0.035340909,0.534277535,268473.383358796
338,268473416190791,0.120753457,0.168622786,-0.044507379,0.125029683,0.836614191,-0.043348847,0.531568626,268473.416695296
339,268473449527208,0.135055006,0.177903297,-0.052671291,0.140218403,0.834981499,-0.052485264,0.529518693,268473.450031713
340,268473482863666,0.145536448,0.185598471,-0.056264097,0.149163291,0.833397465,-0.056989664,0.529104157,268473.483368171
341,268473516200166,0.155525102,0.193912137,-0.059140176,0.159765343,0.834883890,-0.059892387,0.523313368,268473.516704671
342,268473549536541,0.170441430,0.208263687,-0.067535812,0.169870183,0.838266677,-0.064456029,0.514099769,268473.550041046
343,268473582873000,0.181164880,0.218215720,-0.070453675,0.177000737,0.838601447,-0.068653353,0.510592912,268473.583377505
344,268473616209458,0.190939672,0.228626997,-0.072656935,0.181876620,0.837076065,-0.071165384,0.511038255,268473.616713963
345,268473649545958,0.203083659,0.244427664,-0.079077113,0.188191740,0.836493106,-0.077903327,0.508718269,268473.650050463
346,268473682882333,0.211827844,0.255646459,-0.080868829,0.191220989,0.835629817,-0.081895626,0.508380272,268473.683386838
347,268473716218791,0.220665859,0.267179678,-0.082723764,0.194190884,0.833302913,-0.083421467,0.510819995,268473.716723296
348,268473749555291,0.231705733,0.285732514,-0.089680274,0.195789453,0.830621570,-0.085942873,0.514148007,268473.750059796
349,268473782891708,0.239064340,0.297317420,-0.091215565,0.199751340,0.830098027,-0.086677719,0.513345589,268473.783396213
350,268473816228041,0.246966298,0.308960449,-0.092574591,0.201993521,0.829278270,-0.088033151,0.513562446,268473.816732546
351,268473849564666,0.253527917,0.325035527,-0.093870441,0.208094048,0.829091719,-0.096706327,0.509854615,268473.850069171
352,268473882901041,0.260112944,0.336870185,-0.093722346,0.216938388,0.825365570,-0.100332879,0.511510291,268473.883405546
353,268473916237500,0.266454086,0.348627469,-0.092796087,0.219691217,0.820371534,-0.107264896,0.516933855,268473.916742005
354,268473949574000,0.269840269,0.364389002,-0.088219628,0.229174983,0.813782684,-0.117345937,0.521024524,268473.950078505
355,268473982910458,0.274957804,0.376729280,-0.086171451,0.232164214,0.811504130,-0.123552898,0.521819470,268473.983414963
356,268474016246791,0.279716694,0.388861157,-0.083851145,0.235711466,0.811496618,-0.130257755,0.518600342,268474.016751296
357,268474049583291,0.288804301,0.405670283,-0.080121551,0.235735039,0.813722530,-0.130953512,0.514913455,268474.050087796
358,268474082919708,0.294252641,0.418119626,-0.077874735,0.235244715,0.814231409,-0.130199588,0.514524301,268474.083424213
359,268474116256166,0.299020304,0.430764412,-0.075211442,0.236851859,0.814682468,-0.131913696,0.512632913,268474.116760671
360,268474149592708,0.306546767,0.447648429,-0.069797362,0.238256458,0.816077656,-0.132845182,0.509512836,268474.150097213
361,268474182929166,0.311014665,0.460724236,-0.066478872,0.237153741,0.815892288,-0.134562362,0.509873416,268474.183433671
362,268474216265500,0.315246798,0.473908576,-0.062793555,0.235798248,0.816288044,-0.134795195,0.509807144,268474.216770005
363,268474249601875,0.323105092,0.489880797,-0.057045923,0.229912540,0.816972176,-0.130741106,0.512448538,268474.250106380
364,268474282938375,0.327668839,0.502788983,-0.053325501,0.225540297,0.818687609,-0.126198274,0.512792572,268474.283442880
365,268474316274833,0.333405819,0.519943860,-0.048356885,0.221975047,0.820802085,-0.123031442,0.511736586,268474.316779338
366,268474349611333,0.339731684,0.530856035,-0.046632900,0.218665588,0.823570568,-0.118075911,0.509877448,268474.350115838
367,268474382947750,0.343646146,0.543185107,-0.043112834,0.215421467,0.825253214,-0.115842294,0.509049448,268474.383452255
368,268474416284250,0.348337606,0.559387778,-0.038251729,0.212577077,0.827139256,-0.116291818,0.507077809,268474.416788755
369,268474449620708,0.353660140,0.571439008,-0.035652744,0.209242164,0.828759557,-0.112448098,0.506686088,268474.450125213
370,268474482957083,0.357301210,0.583108969,-0.032475921,0.206790533,0.830743760,-0.106661429,0.505693458,268474.483461588
371,268474516293583,0.362179200,0.597703230,-0.027881279,0.200717951,0.834517757,-0.097774659,0.503718757,268474.516798088
372,268474549630000,0.368235802,0.606700007,-0.025160634,0.195250178,0.838197399,-0.089897234,0.501219542,268474.550134505
373,268474582966458,0.372189919,0.617617740,-0.020761008,0.186780004,0.840561296,-0.086780764,0.501038012,268474.583470963
374,268474616302916,0.376451457,0.632392574,-0.013816965,0.174752654,0.842416372,-0.086541639,0.502301468,268474.616807421
375,268474649639291,0.380870110,0.645095252,-0.008136089,0.165344220,0.841562406,-0.091232649,0.506073773,268474.650143796
376,268474682975833,0.382748823,0.656843880,-0.002202049,0.157245657,0.840980762,-0.094250152,0.509060039,268474.683480338
377,268474716312166,0.384710644,0.672419593,0.005365658,0.147635333,0.840267841,-0.098293665,0.512339899,268474.716816671
378,268474749648708,0.387341692,0.685260095,0.009619230,0.144348702,0.836927159,-0.103759106,0.517639338,268474.750153213
379,268474782985125,0.387964385,0.696466754,0.015322998,0.138022872,0.836462909,-0.108287687,0.519185245,268474.783489630
380,268474816321583,0.388638179,0.711332402,0.023436295,0.128598301,0.835561635,-0.113573090,0.521919953,268474.816826088
381,268474849657958,0.391734274,0.724812373,0.029213102,0.122676026,0.835398055,-0.116786912,0.522897268,268474.850162463
382,268474882994541,0.392274139,0.735129721,0.035805837,0.118334313,0.835601622,-0.119787632,0.522893771,268474.883499046
383,268474916330791,0.392799008,0.747396052,0.044280517,0.117624409,0.835505362,-0.120209029,0.523111011,268474.916835296
384,268474949667333,0.392564972,0.754936078,0.051454016,0.120530085,0.834222213,-0.119591657,0.524636718,268474.950171838
385,268474983003750,0.392116966,0.761653216,0.058242946,0.120780299,0.834637066,-0.120432751,0.523726162,268474.983508255
386,268475016340208,0.392154374,0.769661763,0.067212402,0.121936760,0.836703603,-0.116338406,0.521079587,268475.016844713
387,268475049676708,0.392129732,0.771013796,0.077000381,0.125595196,0.837166921,-0.110702366,0.520694184,268475.050181213
388,268475083013083,0.392053068,0.774809370,0.084693735,0.126725877,0.837233902,-0.105830576,0.521325128,268475.083517588
389,268475116349583,0.392429530,0.779747109,0.096067678,0.124786503,0.840140658,-0.101228805,0.518020064,268475.116854088
390,268475149686041,0.390082837,0.774231123,0.106437196,0.124724000,0.841781654,-0.093706161,0.516785043,268475.150190546
391,268475183022500,0.390799244,0.776459438,0.115777953,0.126563735,0.843302312,-0.088677235,0.514741909,268475.183527005
392,268475216358875,0.390605494,0.777823668,0.129472020,0.130604931,0.846009090,-0.085632509,0.509782403,268475.216863380
393,268475249695333,0.389694425,0.773745591,0.139397806,0.135470033,0.848973434,-0.081572149,0.504220206,268475.250199838
394,268475283031750,0.390025629,0.772541243,0.150095850,0.135166709,0.852431645,-0.072713837,0.499802964,268475.283536255
395,268475316368250,0.390807446,0.769237127,0.164797128,0.130320614,0.856946389,-0.057368221,0.495346711,268475.316872755
396,268475349704750,0.393757162,0.768643769,0.175123764,0.127353477,0.861981181,-0.049297271,0.488200131,268475.350209255
397,268475383041166,0.393506956,0.764113716,0.191095804,0.131704749,0.867106006,-0.059566861,0.476689495,268475.383545671
398,268475416377458,0.393913954,0.760620720,0.203339771,0.129530977,0.869709312,-0.067964870,0.471389721,268475.416881963
399,268475449713958,0.395612334,0.759091846,0.215584800,0.127571780,0.870787463,-0.085192829,0.467115479,268475.450218463
400,268475483050458,0.396545092,0.755333769,0.233081745,0.126211622,0.872509104,-0.096263765,0.462095045,268475.483554963
401,268475516386833,0.397524642,0.751680383,0.245486063,0.123903407,0.874123946,-0.101719460,0.458484980,268475.516891338
402,268475549723291,0.407673059,0.771934710,0.263042419,0.119295109,0.876032921,-0.099922884,0.456454234,268475.550227796
403,268475583059833,0.411003419,0.766504916,0.278037727,0.119335640,0.881605777,-0.102387165,0.445024922,268475.583564338
404,268475616396083,0.414018259,0.761804123,0.288513818,0.120261719,0.886331871,-0.102402336,0.435277783,268475.616900588
405,268475649732708,0.420156644,0.765240749,0.299789252,0.119765580,0.890811604,-0.097632257,0.427292508,268475.650237213
406,268475683069083,0.424773056,0.758207201,0.312457051,0.122364025,0.891200233,-0.091786711,0.427041501,268475.683573588
407,268475716405541,0.427275872,0.752463519,0.322620746,0.125857583,0.892344853,-0.089806938,0.424046340,268475.716910046
408,268475749741958,0.427747031,0.746519829,0.333763678,0.129384464,0.892233248,-0.088962262,0.423397286,268475.750246463
409,268475783078416,0.431279186,0.738064085,0.346587321,0.131620659,0.894473515,-0.089252479,0.417884171,268475.783582921
410,268475816414875,0.434257927,0.731795429,0.356408846,0.132745830,0.896480440,-0.088503305,0.413362533,268475.816919380
411,268475849751333,0.426599831,0.722929936,0.365027360,0.133695903,0.898982956,-0.087824754,0.407727747,268475.850255838
412,268475883087708,0.429417263,0.713824783,0.378289634,0.137150665,0.901491725,-0.087347509,0.401089554,268475.883592213
413,268475916424166,0.431793568,0.707147212,0.388299977,0.138514373,0.902830781,-0.086441707,0.397791697,268475.916928671
414,268475949760666,0.429351956,0.699713018,0.400559133,0.137359526,0.904086420,-0.084580946,0.395735041,268475.950265171
415,268475983097041,0.431835277,0.691674730,0.414584697,0.135109983,0.904037034,-0.083391461,0.396873091,268475.983601546
416,268476016433541,0.433336497,0.686013153,0.424761871,0.135155740,0.903163676,-0.082620422,0.399001528,268476.016938046
417,268476049770000,0.424001103,0.679240022,0.430052871,0.134388812,0.900898704,-0.082376545,0.404395017,268476.050274505
418,268476083106333,0.424303422,0.672446073,0.441087918,0.133682795,0.900231404,-0.079972504,0.406591664,268476.083610838
419,268476116442875,0.424924510,0.667948207,0.448012434,0.133440253,0.900992452,-0.076444064,0.405663233,268476.116947380
420,268476149779291,0.415043753,0.669666962,0.454623112,0.134243664,0.903019635,-0.072014091,0.401681717,268476.150283796
421,268476183115625,0.415668075,0.665161178,0.460229380,0.134491258,0.906403952,-0.064267160,0.395238868,268476.183620130
422,268476216452166,0.416494775,0.661991611,0.463846758,0.131324034,0.908602287,-0.059379225,0.392007708,268476.216956671
423,268476249788583,0.412830300,0.663100427,0.476331094,0.127848092,0.910136593,-0.055216032,0.390201858,268476.250293088
424,268476283125000,0.411606018,0.659584802,0.482784007,0.130932137,0.907597239,-0.055462805,0.395029060,268476.283629505
425,268476316461458,0.409679981,0.656356291,0.487646898,0.132847829,0.905393694,-0.061182407,0.398585598,268476.316965963
426,268476349797916,0.409204993,0.655671935,0.489930640,0.135083549,0.901547885,-0.068052510,0.405379767,268476.350302421
427,268476383134333,0.408589586,0.651234540,0.495593224,0.129389495,0.900985325,-0.066653958,0.408706625,268476.383638838
428,268476416470833,0.408936834,0.647470478,0.499077307,0.123757876,0.901338827,-0.061346543,0.410498432,268476.416975338
429,268476449807208,0.410868276,0.642343045,0.502935028,0.110476395,0.903063665,-0.050608428,0.411958521,268476.450311713
430,268476483143708,0.411223729,0.637566885,0.506496500,0.104173558,0.903969378,-0.049230678,0.411781042,268476.483648213
431,268476516480041,0.411553990,0.632809672,0.510691935,0.096816248,0.904944911,-0.050104668,0.411328211,268476.516984546
432,268476549816458,0.409781319,0.632043928,0.501139688,0.085844576,0.904373680,-0.051429831,0.414842117,268476.550320963
433,268476583152958,0.409443037,0.626627145,0.505755615,0.080181615,0.902869526,-0.050489887,0.419342762,268476.583657463
434,268476616489291,0.408498503,0.619921000,0.510572858,0.075510354,0.901983060,-0.047896469,0.422410614,268476.616993796
435,268476649825833,0.413801357,0.604083843,0.516744485,0.070381948,0.900012317,-0.041575941,0.428130477,268476.650330338
436,268476683162291,0.413060244,0.594980529,0.521505234,0.066603714,0.898027375,-0.041104842,0.432921730,268476.683666796
437,268476716498750,0.411750358,0.585161914,0.526794942,0.062604897,0.895776081,-0.040132046,0.438241157,268476.717003255
438,268476749835083,0.410619669,0.567348991,0.529559862,0.058620124,0.892491973,-0.037478932,0.445664832,268476.750339588
439,268476783171666,0.408820483,0.556299695,0.534689043,0.055826203,0.891114177,-0.035518235,0.448929246,268476.783676171
440,268476816507958,0.406520894,0.544917873,0.539657509,0.056662775,0.889919146,-0.036484591,0.451112148,268476.817012463
441,268476849844500,0.405998484,0.527934834,0.542475828,0.055084105,0.888865255,-0.025319130,0.454140170,268476.850349005
442,268476883180958,0.403980022,0.516125864,0.546579798,0.053580480,0.886146366,-0.027221728,0.459491873,268476.883685463
443,268476916517291,0.401772966,0.504914416,0.550687159,0.051853387,0.883705006,-0.035266796,0.463824314,268476.917021796
444,268476949853750,0.405626743,0.493248900,0.556379902,0.048773757,0.880423260,-0.053346594,0.468647199,268476.950358255
445,268476983190208,0.405792806,0.483980787,0.556867889,0.044957294,0.878027793,-0.057146407,0.473054307,268476.983694713
446,268477016526625,0.406706614,0.474333417,0.554966951,0.041132016,0.873269667,-0.046490355,0.483266952,268477.017031130
447,268477049863166,0.412937655,0.460728276,0.548660790,0.037304256,0.865048186,-0.032210822,0.499262000,268477.050367671
448,268477083199583,0.413933603,0.450899628,0.543361108,0.034036166,0.860675219,-0.028041010,0.507241029,268477.083704088
449,268477116536000,0.415820729,0.442704357,0.536207711,0.022333214,0.858699475,-0.023739876,0.511441992,268477.117040505
450,268477149872333,0.418834584,0.425632934,0.526838535,0.012285931,0.858356885,-0.035102497,0.511703412,268477.150376838
451,268477183208833,0.419953962,0.418601151,0.516961344,0.012312250,0.856844917,-0.041826996,0.513727313,268477.183713338
452,268477216545250,0.420284311,0.411317584,0.505494649,0.016956039,0.855658327,-0.044083307,0.515381447,268477.217049755
453,268477249881708,0.426449820,0.401256001,0.486254116,0.026794450,0.853358028,-0.046756454,0.518532564,268477.250386213
454,268477283218208,0.427242757,0.393605689,0.473101082,0.027600249,0.851937938,-0.042413225,0.521192045,268477.283722713
455,268477316554541,0.428064017,0.387001369,0.459705012,0.026768338,0.851546126,-0.037328307,0.522263632,268477.317059046
456,268477349891000,0.436843636,0.388120164,0.437207963,0.021039631,0.848248855,-0.030447083,0.528303173,268477.350395505
457,268477383227500,0.436847904,0.383368440,0.423537794,0.020399113,0.844991613,-0.030188446,0.533537029,268477.383732005
458,268477416563833,0.435971311,0.379151708,0.409874740,0.020887603,0.842874114,-0.030322169,0.536849658,268477.417068338
459,268477449900375,0.435397200,0.374933568,0.389246247,0.034062651,0.839913004,-0.040256454,0.540153082,268477.450404880
460,268477483236791,0.433456300,0.371189711,0.373571545,0.041125987,0.837388910,-0.044015719,0.543278139,268477.483741296
461,268477516573250,0.430514275,0.366387536,0.352538584,0.044798245,0.832795027,-0.040851251,0.550251568,268477.517077755
462,268477549909583,0.427919156,0.366091155,0.339228841,0.052583784,0.829008879,-0.041085533,0.555239819,268477.550414088
463,268477583246041,0.423655587,0.364084637,0.323216216,0.059610310,0.825798666,-0.048082836,0.558740789,268477.583750546
464,268477616582541,0.416980765,0.362196688,0.300948078,0.063400783,0.819710599,-0.056157952,0.566481432,268477.617087046
465,268477649918875,0.410556982,0.366125495,0.278480204,0.069277166,0.816228540,-0.064553682,0.569916240,268477.650423380
466,268477683255291,0.404085734,0.366356937,0.259445796,0.075204779,0.812980871,-0.067649484,0.573436959,268477.683759796
467,268477716591791,0.394829310,0.366296376,0.232293919,0.086375804,0.808004391,-0.073309678,0.578181519,268477.717096296
468,268477749928250,0.385225565,0.363414221,0.211149606,0.093164278,0.806074684,-0.070101265,0.580215379,268477.750432755
469,268477783264708,0.377733147,0.363670822,0.188992174,0.097089088,0.803634669,-0.066041480,0.583424034,268477.783769213
470,268477816601125,0.367613684,0.364131121,0.158277915,0.101301572,0.799695156,-0.058145733,0.588935290,268477.817105630
471,268477849937458,0.353430756,0.360340931,0.136021937,0.104444533,0.796374612,-0.049559211,0.593652048,268477.850441963
472,268477883273958,0.344435164,0.360883309,0.111898924,0.109988379,0.797100971,-0.043561294,0.592144463,268477.883778463
473,268477916610375,0.334000916,0.360599803,0.078811336,0.112227412,0.799529346,-0.030482448,0.589261153,268477.917114880
474,268477949946875,0.328258523,0.355754399,0.053021925,0.112788186,0.806446835,-0.023734838,0.579964687,268477.950451380
475,268477983283375,0.321933657,0.355262197,0.027856545,0.108373369,0.813594896,-0.016703819,0.570998769,268477.983787880
476,268478016619666,0.314801148,0.354532432,-0.006145173,0.096859913,0.820446173,0.002104567,0.563455285,268478.017124171
477,268478049956166,0.305004906,0.351441806,-0.029728601,0.088635328,0.827309795,0.010700512,0.554606017,268478.050460671
478,268478083292583,0.296820539,0.350306613,-0.054098456,0.087544829,0.831664168,0.015604918,0.548112355,268478.083797088
479,268478116629000,0.285011038,0.348140605,-0.085724893,0.089403240,0.837012589,0.020085311,0.539456782,268478.117133505
480,268478149965375,0.272176193,0.346454736,-0.107790112,0.093672177,0.839270292,0.022204098,0.535124221,268478.150469880
481,268478183301916,0.262719815,0.343494036,-0.128683194,0.093859319,0.843885855,0.027127842,0.527552108,268478.183806421
482,268478216638166,0.250408931,0.338783876,-0.154467754,0.092936586,0.849109038,0.032261115,0.518975825,268478.217142671
483,268478249974708,0.237157090,0.341844584,-0.173146858,0.092519993,0.852525612,0.038330029,0.513001943,268478.250479213
484,268478283311125,0.227802656,0.337881949,-0.189710714,0.095463934,0.854604522,0.044024320,0.508526951,268478.283815630
485,268478316647625,0.215647708,0.331331314,-0.210494865,0.101514835,0.855461298,0.052440573,0.505104688,268478.317152130
486,268478349983916,0.206118495,0.331542904,-0.227218848,0.105378158,0.854528113,0.056432559,0.505462727,268478.350488421
487,268478383320500,0.197334865,0.326704127,-0.240942544,0.106686549,0.855784603,0.056312255,0.503070250,268478.383825005
488,268478416656916,0.186533130,0.320836272,-0.258744616,0.106531065,0.855631189,0.058001035,0.503172271,268478.417161421
489,268478449993291,0.183999033,0.318988115,-0.274186865,0.105127846,0.855496385,0.053711678,0.504171777,268478.450497796
490,268478483329791,0.176685193,0.314580881,-0.287033130,0.105879068,0.854270020,0.052164232,0.506252211,268478.483834296
491,268478516666166,0.168208312,0.309052272,-0.304897295,0.104929804,0.854179435,0.048564239,0.506960350,268478.517170671
492,268478550002666,0.166150645,0.305191779,-0.319072975,0.102276189,0.853809124,0.044956987,0.508456963,268478.550507171
493,268478583339125,0.160857456,0.300536042,-0.339020251,0.098850938,0.853199661,0.046858090,0.509983532,268478.583843630
494,268478616675541,0.157228681,0.297230727,-0.353711833,0.095746356,0.853000137,0.045031510,0.511073007,268478.617180046
495,268478650011916,0.154774024,0.292941850,-0.364411241,0.091025879,0.851808407,0.045206543,0.513899940,268478.650516421
496,268478683348375,0.149447841,0.290044656,-0.383646555,0.087138238,0.852715413,0.040195762,0.513485838,268478.683852880
497,268478716684708,0.146144374,0.288183194,-0.398898681,0.081806626,0.853957842,0.046101557,0.511799160,268478.717189213
498,268478750021250,0.137146535,0.283342286,-0.414269791,0.075984366,0.854907880,0.050546966,0.510689680,268478.750525755
499,268478783357541,0.132271293,0.281159327,-0.434552779,0.070028154,0.858855549,0.042648171,0.505612886,268478.783862046
500,268478816694041,0.128529352,0.280303497,-0.449079191,0.063651539,0.861101672,0.038204511,0.502983957,268478.817198546
501,268478850030500,0.117974828,0.279488550,-0.460111755,0.057835083,0.863485390,0.031208401,0.500074168,268478.850535005
502,268478883366958,0.113395176,0.278610890,-0.478023113,0.055797858,0.863754072,0.030364871,0.499893518,268478.883871463
503,268478916703291,0.110063304,0.277711685,-0.490519569,0.054748164,0.863791626,0.029293116,0.500008633,268478.917207796
504,268478950039750,0.099632867,0.275822117,-0.502866472,0.055359183,0.861971358,0.034212602,0.502762658,268478.950544255
505,268478983376166,0.095317758,0.275551170,-0.517683992,0.056424163,0.860269681,0.041578980,0.504998645,268478.983880671
506,268479016712666,0.092152381,0.275653493,-0.527737609,0.057043076,0.858723809,0.048086342,0.506978564,268479.017217171
507,268479050049083,0.081546577,0.270394085,-0.541252294,0.058527026,0.855498849,0.062780946,0.510641667,268479.050553588
508,268479083385416,0.075856787,0.269918605,-0.552256569,0.064944637,0.850260660,0.073555665,0.517135013,268479.083889921
509,268479116721875,0.071079311,0.269351608,-0.559267465,0.069014513,0.847643661,0.075939826,0.520548188,268479.117226380
510,268479150058333,0.061358221,0.263540725,-0.568034565,0.074511564,0.843990048,0.078415316,0.525337907,268479.150562838
511,268479183394791,0.055677906,0.262268924,-0.576647284,0.079955146,0.840922184,0.083983625,0.528586662,268479.183899296
512,268479216731166,0.051767092,0.260562119,-0.582731600,0.083204529,0.838747060,0.087924820,0.530895145,268479.217235671
513,268479250067666,0.051141900,0.258306598,-0.584528796,0.084681596,0.837676444,0.093082484,0.531472395,268479.250572171
514,268479283404041,0.046421118,0.255873605,-0.591584899,0.087125395,0.836889386,0.095771789,0.531839392,268479.283908546
515,268479316740500,0.043026897,0.253791863,-0.596301248,0.088312851,0.836759324,0.097578573,0.531519660,268479.317245005
516,268479350076916,0.044071917,0.252470545,-0.593176811,0.088319419,0.837427623,0.099345381,0.530136968,268479.350581421
517,268479383413333,0.039215072,0.249118791,-0.596817076,0.089750454,0.837498475,0.100907837,0.529489208,268479.383917838
518,268479416749666,0.034946442,0.246205623,-0.598620844,0.090269265,0.837661738,0.101389670,0.529050528,268479.417254171
519,268479450086208,0.032421529,0.243260634,-0.596389354,0.091019581,0.838010856,0.104442419,0.527773697,268479.450590713
520,268479483422583,0.025752751,0.238589026,-0.597272547,0.092589888,0.837275682,0.112805971,0.526945359,268479.483927088
521,268479516758958,0.020195000,0.233937245,-0.597190160,0.093972297,0.836169760,0.119886150,0.526893447,268479.517263463
522,268479550095416,0.015594233,0.231878885,-0.601685852,0.096939040,0.834513662,0.127175592,0.527272408,268479.550599921
523,268479583431875,0.006094874,0.224300013,-0.598876141,0.101743725,0.834192864,0.128132233,0.526642824,268479.583936380
524,268479616768250,-0.001293749,0.218405511,-0.596376326,0.103638469,0.834166108,0.130069539,0.525840223,268479.617272755
525,268479650104666,-0.006844294,0.215375438,-0.595929587,0.107154961,0.834055802,0.130559183,0.525188619,268479.650609171
526,268479683441208,-0.016492866,0.207149659,-0.592832678,0.114193074,0.832720675,0.132284970,0.525392196,268479.683945713
527,268479716777541,-0.024208750,0.200471449,-0.590752126,0.122400180,0.831908065,0.130832787,0.525195204,268479.717282046
528,268479750114083,-0.036827933,0.190641719,-0.592226341,0.136053823,0.830038676,0.127374823,0.525643283,268479.750618588
529,268479783450500,-0.043957199,0.183349599,-0.591811151,0.144624243,0.829201291,0.126100186,0.524983660,268479.783955005
530,268479816786833,-0.050464051,0.175636021,-0.592056686,0.153101893,0.827997395,0.123671670,0.525057611,268479.817291338
531,268479850123291,-0.059017502,0.166350884,-0.595433223,0.159875914,0.827694934,0.119468112,0.524488524,268479.850627796
532,268479883459666,-0.063643937,0.159147080,-0.596504288,0.161014249,0.827918646,0.119248437,0.523836797,268479.883964171
533,268479916796083,-0.066252877,0.152598897,-0.598176160,0.157822683,0.827411910,0.127237550,0.523729119,268479.917300588
534,268479950132541,-0.065729051,0.146848358,-0.600585389,0.152775404,0.830446674,0.131249017,0.519414811,268479.950637046
535,268479983468916,-0.065815789,0.143187696,-0.602890954,0.150686110,0.832989458,0.131270577,0.515936379,268479.983973421
536,268480016805375,-0.065864769,0.139941761,-0.605125137,0.149160303,0.836135586,0.130542683,0.511455909,268480.017309880
537,268480050141833,-0.066476878,0.134792787,-0.608353165,0.148793777,0.837537791,0.135436738,0.507984058,268480.050646338
538,268480083478291,-0.066949801,0.130157904,-0.611491735,0.148798840,0.837026787,0.142865056,0.506788606,268480.083982796
539,268480116814708,-0.067353884,0.125530342,-0.614957183,0.144419528,0.835439306,0.156260003,0.506721847,268480.117319213
540,268480150151083,-0.060940759,0.123692451,-0.618279191,0.129296936,0.830895768,0.182340742,0.509555131,268480.150655588
541,268480183487500,-0.058917722,0.120409535,-0.620999880,0.110979833,0.829779227,0.199719825,0.509177725,268480.183992005
542,268480216823958,-0.056260182,0.118055859,-0.622856979,0.089169327,0.830817426,0.209145250,0.507985781,268480.217328463
543,268480250160333,-0.044709329,0.123373236,-0.621098434,0.047233673,0.834643102,0.210567333,0.506755685,268480.250664838
544,268480283496875,-0.039764865,0.123933701,-0.622747636,0.023794311,0.837241198,0.204393408,0.506640302,268480.284001380
545,268480316833166,-0.035138116,0.124900709,-0.624966277,0.005147282,0.838778462,0.199855962,0.506440367,268480.317337671
546,268480350169666,-0.027493807,0.127244516,-0.626421227,-0.005590138,0.842004672,0.192295648,0.504003294,268480.350674171
547,268480383506041,-0.022837844,0.126534351,-0.630039394,-0.012435533,0.843668153,0.195145075,0.499987858,268480.384010546
548,268480416842458,-0.017834894,0.125770891,-0.633884834,-0.016749815,0.844421551,0.196973885,0.497868487,268480.417346963
549,268480450178916,-0.007756329,0.133288938,-0.634484860,-0.015619955,0.845726818,0.195463482,0.496282426,268480.450683421
550,268480483515291,-0.003002156,0.133143935,-0.637878497,-0.019824666,0.846783452,0.189926361,0.496480411,268480.484019796
551,268480516851708,0.001370457,0.132661881,-0.641891442,-0.021529473,0.847361076,0.181757230,0.498477734,268480.517356213
552,268480550188166,0.010074541,0.133399377,-0.644636504,-0.020863894,0.846156934,0.166626597,0.505785301,268480.550692671
553,268480583524625,0.014051720,0.132939742,-0.647767950,-0.019096870,0.844854421,0.164555231,0.508702217,268480.584029130
554,268480616861000,0.017854728,0.132894570,-0.650527430,-0.013535613,0.841202237,0.165653563,0.514543034,268480.617365505
555,268480650197416,0.020823672,0.128104875,-0.651346518,-0.001943762,0.833060767,0.171769098,0.525834014,268480.650701921
556,268480683533833,0.023658507,0.125237666,-0.653284304,0.002208128,0.827069656,0.175789833,0.533899706,268480.684038338
557,268480716870291,0.026024183,0.122051822,-0.655897989,0.005982298,0.820818812,0.178857222,0.542430491,268480.717374796
558,268480750206666,0.027623997,0.110555123,-0.658391204,0.009628852,0.812879432,0.184960636,0.552199177,268480.750711171
559,268480783543083,0.027636861,0.104490180,-0.663111485,0.011317854,0.809491802,0.192239609,0.554652066,268480.784047588
560,268480816879541,0.026634518,0.094306882,-0.669699975,0.006137482,0.805568096,0.192592022,0.560295226,268480.817384046
561,268480850215958,0.021660578,0.077002447,-0.672038098,-0.004290571,0.805073934,0.192855810,0.560931584,268480.850720463
562,268480883552416,0.018554062,0.065523578,-0.679125619,-0.007975773,0.803241574,0.196981298,0.562083431,268480.884056921
563,268480916888875,0.014285586,0.047527316,-0.691056721,-0.013771971,0.802821437,0.204750617,0.559790417,268480.917393380
564,268480950225291,0.009460882,0.027845414,-0.696426029,-0.025829165,0.801262423,0.207621852,0.560539565,268480.950729796
565,268480983561666,0.006585372,0.013889289,-0.706299764,-0.043393295,0.796915964,0.209506557,0.564932761,268480.984066171
566,268481016898125,0.001978282,-0.004790393,-0.718999432,-0.065874096,0.792264423,0.213509739,0.567795150,268481.017402630
567,268481050234541,-0.000404682,-0.021685298,-0.725209312,-0.085789293,0.787022988,0.212307449,0.572853047,268481.050739046
568,268481083570958,-0.003014641,-0.036868583,-0.734967588,-0.097791206,0.782533523,0.212417824,0.577024165,268481.084075463
569,268481116907375,-0.006489451,-0.058034640,-0.747999004,-0.110395178,0.776508179,0.205514737,0.585330418,268481.117411880
570,268481150243833,-0.006171125,-0.076823722,-0.759197961,-0.115163373,0.773180222,0.199155593,0.590988025,268481.150748338
571,268481183580250,-0.007517551,-0.093645472,-0.768648800,-0.122323011,0.771616130,0.199448307,0.591494764,268481.184084755
572,268481216916666,-0.006884675,-0.116857946,-0.779590507,-0.130422541,0.771164309,0.204428290,0.588646496,268481.217421171
573,268481250253000,0.000361162,-0.133974290,-0.790743985,-0.135689539,0.772544512,0.210273439,0.583565301,268481.250757505
574,268481283589500,0.003250948,-0.151226033,-0.795861399,-0.142289904,0.770943452,0.213336163,0.582998723,268481.284094005
575,268481316925875,0.007871687,-0.173907552,-0.800598562,-0.152544862,0.766446909,0.217555006,0.584772668,268481.317430380
576,268481350262333,0.016643367,-0.188110753,-0.802111375,-0.160530478,0.762167519,0.219400031,0.587532397,268481.350766838
577,268481383598791,0.020710793,-0.204649332,-0.803160220,-0.170667053,0.759782066,0.222249186,0.586693550,268481.384103296
578,268481416935125,0.026603947,-0.226766119,-0.803321256,-0.184954521,0.758456548,0.221602092,0.584318454,268481.417439630
579,268481450271625,0.039845684,-0.232766633,-0.797373631,-0.194340124,0.759011736,0.217526668,0.582078433,268481.450776130
580,268481483608083,0.045577791,-0.249560477,-0.795041037,-0.202264530,0.758256128,0.213450374,0.581872577,268481.484112588
581,268481516944416,0.053598063,-0.272265045,-0.790702687,-0.210372546,0.757739812,0.206104514,0.582318428,268481.517448921
582,268481550280916,0.063053737,-0.282224665,-0.783466166,-0.214135809,0.757628211,0.198289083,0.583803771,268481.550785421
583,268481583617375,0.070177470,-0.297962220,-0.779809734,-0.220566584,0.757403102,0.193215764,0.583402643,268481.584121880
584,268481616953791,0.079963946,-0.317634449,-0.775307383,-0.227771774,0.757905394,0.185854100,0.582372509,268481.617458296
585,268481650290208,0.088684575,-0.333088527,-0.771625723,-0.232315865,0.759845282,0.182294691,0.579165939,268481.650794713
586,268481683626500,0.096633991,-0.346610246,-0.770305601,-0.235946681,0.762817276,0.178799696,0.574864932,268481.684131005
587,268481716963041,0.107286550,-0.363901996,-0.769836959,-0.238225190,0.767349401,0.174033012,0.569329623,268481.717467546
588,268481750299541,0.114701532,-0.380355348,-0.772290019,-0.237874880,0.770553820,0.174646498,0.564943365,268481.750804046
589,268481783635833,0.123077747,-0.392580911,-0.773071166,-0.237244602,0.770831877,0.173475025,0.565189954,268481.784140338
590,268481816972333,0.134912976,-0.407628328,-0.773481913,-0.238925586,0.768839763,0.172415625,0.567514659,268481.817476838
591,268481850308791,0.143082553,-0.429130975,-0.781776814,-0.240870534,0.765709179,0.173960932,0.570445866,268481.850813296
592,268481883645250,0.157478579,-0.442467011,-0.782171280,-0.246591808,0.762441731,0.175120330,0.572020987,268481.884149755
593,268481916981750,0.169981695,-0.451833552,-0.782026815,-0.251625329,0.760092566,0.176509723,0.572528040,268481.917486255
594,268481950318166,0.180336017,-0.464988429,-0.788426383,-0.258199255,0.757535754,0.180934091,0.571607937,268481.950822671
595,268481983654541,0.200082021,-0.477782772,-0.790460272,-0.262308944,0.755477623,0.185318523,0.571055757,268481.984159046
596,268482016991125,0.216169041,-0.487806385,-0.792786660,-0.263056057,0.754268370,0.189221974,0.571030502,268482.017495630
597,268482050327458,0.231670341,-0.499726908,-0.797193158,-0.261506807,0.753376619,0.194547789,0.571129644,268482.050831963
598,268482083663875,0.254386712,-0.515197233,-0.801750931,-0.258238740,0.751470669,0.199135680,0.573541299,268482.084168380
599,268482117000250,0.271354674,-0.526822003,-0.805597644,-0.260146863,0.751047403,0.203305667,0.571767669,268482.117504755
600,268482150336750,0.285349140,-0.536567901,-0.808975988,-0.267025801,0.750899140,0.205756067,0.567901574,268482.150841255
601,268482183673250,0.304901465,-0.549815901,-0.812794293,-0.284372979,0.748385452,0.206029838,0.562674846,268482.184177755
602,268482217009583,0.318330981,-0.559533310,-0.814674767,-0.295586397,0.745359224,0.206771239,0.560637153,268482.217514088
603,268482250346083,0.329549269,-0.567208043,-0.814004085,-0.309842739,0.742483005,0.205336506,0.557273216,268482.250850588
604,268482283682458,0.345176568,-0.581215853,-0.814178460,-0.317086225,0.742307407,0.204771251,0.553628782,268482.284186963
605,268482317018875,0.356851123,-0.591643747,-0.813969944,-0.319131646,0.742741736,0.204904006,0.551818908,268482.317523380
606,268482350355375,0.365442991,-0.599373598,-0.812619781,-0.316094886,0.744877596,0.205240465,0.550561346,268482.350859880
607,268482383691750,0.380306565,-0.612454969,-0.810779026,-0.316860033,0.745917989,0.205850317,0.548481334,268482.384196255
608,268482417028208,0.391108349,-0.621709551,-0.808893745,-0.317758901,0.746373067,0.206762045,0.546997290,268482.417532713
609,268482450364666,0.391065003,-0.619891058,-0.801366094,-0.320498645,0.745485910,0.208391180,0.545989511,268482.450869171
610,268482483701041,0.403072174,-0.630564608,-0.796378894,-0.327223314,0.742816503,0.209960768,0.545036765,268482.484205546
611,268482517037375,0.411184412,-0.638645260,-0.791985440,-0.331509064,0.739502968,0.211350435,0.546413899,268482.517541880
612,268482550373791,0.412922852,-0.644290467,-0.788099560,-0.336012903,0.734009707,0.214608929,0.549789178,268482.550878296
613,268482583710333,0.421706857,-0.657293822,-0.782335637,-0.335992193,0.730276502,0.219040215,0.553016198,268482.584214838
614,268482617046708,0.428660373,-0.668022184,-0.778161672,-0.334708671,0.729546876,0.223034865,0.553160883,268482.617551213
615,268482650383250,0.435589542,-0.681004687,-0.774828440,-0.330473959,0.732203996,0.229968009,0.549344190,268482.650887755
616,268482683719500,0.447617775,-0.696239400,-0.771078922,-0.329850943,0.738089106,0.241312988,0.536834166,268482.684224005
617,268482717056041,0.457627248,-0.707436757,-0.769330290,-0.332112068,0.741339060,0.249423756,0.527167730,268482.717560546
618,268482750392333,0.469105398,-0.720169288,-0.770220185,-0.336713116,0.743954533,0.258156248,0.516247359,268482.750896838
619,268482783728708,0.483008423,-0.736055705,-0.772592759,-0.345042817,0.740230736,0.264812123,0.512716788,268482.784233213
620,268482817065208,0.493957896,-0.748707694,-0.776034854,-0.351535551,0.736460329,0.268833748,0.511641876,268482.817569713
621,268482850401500,0.506422352,-0.762911219,-0.781091299,-0.360057227,0.729540675,0.271135165,0.514407399,268482.850906005
622,268482883738000,0.523940917,-0.782138151,-0.788776372,-0.367139614,0.724448111,0.276806830,0.513577132,268482.884242505
623,268482917074291,0.538216365,-0.797149261,-0.795140586,-0.374166019,0.720311913,0.282549484,0.511191140,268482.917578796
624,268482950410625,0.553436783,-0.810182402,-0.809896778,-0.384897339,0.714510046,0.294156592,0.504778550,268482.950915130
625,268482983747166,0.568830796,-0.824996132,-0.815609652,-0.387752957,0.709847385,0.304022204,0.503323840,268482.984251671
626,268483017083541,0.584450699,-0.840350222,-0.819864942,-0.388424004,0.704038464,0.315915173,0.503641034,268483.017588046
627,268483050419875,0.602789375,-0.857217674,-0.826134299,-0.386199693,0.696188417,0.333303256,0.505054926,268483.050924380
628,268483083756375,0.617597049,-0.874340389,-0.827278390,-0.387568624,0.691141092,0.345500657,0.502736414,268483.084260880
629,268483117092708,0.632449179,-0.891343804,-0.827003144,-0.392016933,0.684782885,0.356940371,0.499988749,268483.117597213
630,268483150429125,0.655324813,-0.913182140,-0.824068778,-0.403969185,0.673034956,0.370413422,0.496615341,268483.150933630
631,268483183765500,0.670612731,-0.929278617,-0.822146057,-0.413594897,0.663561022,0.377961482,0.495753167,268483.184270005
632,268483217101958,0.686085384,-0.945286991,-0.820926905,-0.423960146,0.653770958,0.384318241,0.495117029,268483.217606463
633,268483250438208,0.705661351,-0.960663527,-0.813582721,-0.442039452,0.639692065,0.388398217,0.494511945,268483.250942713
634,268483283774750,0.721169991,-0.975042906,-0.812895467,-0.450769901,0.631617869,0.392564580,0.493719017,268483.284279255
635,268483317110958,0.736642783,-0.988786955,-0.812476084,-0.455973457,0.625749136,0.395825145,0.493810422,268483.317615463
636,268483350447375,0.748828638,-0.997552648,-0.807230905,-0.456468514,0.621579182,0.398339752,0.496589682,268483.350951880
637,268483383783791,0.763656011,-1.008813814,-0.805852084,-0.458727246,0.617288722,0.399982953,0.498535493,268483.384288296
638,268483417120208,0.777742742,-1.018916420,-0.804607542,-0.462773765,0.613353791,0.400102908,0.499555089,268483.417624713
639,268483450456666,0.791250335,-1.022287331,-0.799477397,-0.471105023,0.609763287,0.396174228,0.499294328,268483.450961171
640,268483483793041,0.802717862,-1.028886986,-0.798667756,-0.477906001,0.607754926,0.393092064,0.497713257,268483.484297546
641,268483517129416,0.813550781,-1.035073935,-0.798270389,-0.482905449,0.606331256,0.390185799,0.496910285,268483.517633921
642,268483550465750,0.826678403,-1.037689534,-0.797846673,-0.487019855,0.606028593,0.384973774,0.497329118,268483.550970255
643,268483583802083,0.836446292,-1.043169891,-0.797704005,-0.488425150,0.604794339,0.382012140,0.499731387,268483.584306588
644,268483617138500,0.845940251,-1.048292901,-0.797504663,-0.490157083,0.604031327,0.377911284,0.502071015,268483.617643005
645,268483650474958,0.860764169,-1.049711668,-0.798870115,-0.494474942,0.602829812,0.370800002,0.504577209,268483.650979463
646,268483683811250,0.869813698,-1.052963726,-0.798518504,-0.496607562,0.602508010,0.367941341,0.504959651,268483.684315755
647,268483717147708,0.878290157,-1.055814176,-0.797845424,-0.498008304,0.602371656,0.365443575,0.505556292,268483.717652213
648,268483750484000,0.894464146,-1.056521125,-0.800435418,-0.499235752,0.603833966,0.362437398,0.504764688,268483.750988505
649,268483783820416,0.901995797,-1.057804708,-0.800199004,-0.498923323,0.604843915,0.360937771,0.504938942,268483.784324921
650,268483817156791,0.908795500,-1.057982594,-0.799638016,-0.497621744,0.605281325,0.361601112,0.505224511,268483.817661296
651,268483850493125,0.921087869,-1.055789260,-0.798632400,-0.495894582,0.603960390,0.364478755,0.506434301,268483.850997630
652,268483883829625,0.926156666,-1.053254742,-0.796992543,-0.495901169,0.601269254,0.367332939,0.507566625,268483.884334130
653,268483917166000,0.930776243,-1.050100924,-0.795666862,-0.495015313,0.598716405,0.370649079,0.509036167,268483.917670505
654,268483950502333,0.941297262,-1.051336480,-0.794409271,-0.493570585,0.594691939,0.375574527,0.511540226,268483.951006838
655,268483983838750,0.946409149,-1.048756126,-0.793575111,-0.491717674,0.594475935,0.376238967,0.513085164,268483.984343255
656,268484017175083,0.953130750,-1.045792052,-0.791590759,-0.485637791,0.598227839,0.376494471,0.514326117,268484.017679588
657,268484050511541,0.960331860,-1.049620382,-0.786407250,-0.477685665,0.602351804,0.375644048,0.517571552,268484.051016046
658,268484083847875,0.965705410,-1.047269137,-0.780128775,-0.469406512,0.603959476,0.375931067,0.523035720,268484.084352380
659,268484117184208,0.972195329,-1.043631949,-0.768267190,-0.456343216,0.604704892,0.378277589,0.531967086,268484.117688713
660,268484150520583,0.976343343,-1.043081687,-0.753936026,-0.446316240,0.602966114,0.380924506,0.540490752,268484.151025088
661,268484183857083,0.981182795,-1.039313533,-0.740640141,-0.440076211,0.602055723,0.381730679,0.546025253,268484.184361588
662,268484217193375,0.987769858,-1.033239866,-0.721243356,-0.431928980,0.600933540,0.383943461,0.552180866,268484.217697880
663,268484250529708,0.989828795,-1.025707900,-0.701755868,-0.431969664,0.598059315,0.386446586,0.553521774,268484.251034213
664,268484283866208,0.995067904,-1.019783864,-0.684885157,-0.428445753,0.597701255,0.387724641,0.555749136,268484.284370713
665,268484317202583,1.001867302,-1.010716091,-0.661005705,-0.417000986,0.597031890,0.392884737,0.561520023,268484.317707088
666,268484350539041,1.000520480,-0.996342490,-0.639518639,-0.410332645,0.595992250,0.395749355,0.565511149,268484.351043546
667,268484383875208,1.005604000,-0.987593559,-0.620239001,-0.406964473,0.592897612,0.399128774,0.568813339,268484.384379713
668,268484417211625,1.011906554,-0.975257535,-0.594183483,-0.403937962,0.592296840,0.397511108,0.572715940,268484.417716130
669,268484450547958,1.018797592,-0.966594067,-0.575163367,-0.403210256,0.592342726,0.395581701,0.574514365,268484.451052463
670,268484483884333,1.025701614,-0.958405822,-0.555573775,-0.398737462,0.593593146,0.394738597,0.576920365,268484.484388838
671,268484517220791,1.036534674,-0.949363111,-0.528394986,-0.396180493,0.596079341,0.387262005,0.581170052,268484.517725296
672,268484550557166,1.047817882,-0.943749148,-0.509177097,-0.393187234,0.598056188,0.382191828,0.584518653,268484.551061671
673,268484583893500,1.057820704,-0.938814226,-0.487398294,-0.387593540,0.596612036,0.381033883,0.590456230,268484.584398005
674,268484617229916,1.071910446,-0.934244685,-0.457194892,-0.377714066,0.593049360,0.381280028,0.600208409,268484.617734421
675,268484650566250,1.080274922,-0.932229661,-0.437267749,-0.369118018,0.589990841,0.381897146,0.608126071,268484.651070755
676,268484683902708,1.090965067,-0.929573044,-0.415903599,-0.363462540,0.588093929,0.380134268,0.614441620,268484.684407213
677,268484717239041,1.104857716,-0.926174262,-0.388469720,-0.355918783,0.586094605,0.380293456,0.620638280,268484.717743546
678,268484750575500,1.111248111,-0.923316477,-0.372203962,-0.349645717,0.588258697,0.381190321,0.621605640,268484.751080005
679,268484783911875,1.121451334,-0.921247605,-0.352740758,-0.340256565,0.590808443,0.385083568,0.621998033,268484.784416380
680,268484817248250,1.135658242,-0.918610892,-0.327558403,-0.333277709,0.590958705,0.392818211,0.620796008,268484.817752755
681,268484850584541,1.146259387,-0.915955062,-0.311375930,-0.326805700,0.592936210,0.397828380,0.619158557,268484.851089046
682,268484883920916,1.156948389,-0.915436017,-0.292787877,-0.324153025,0.591726036,0.400090471,0.620252193,268484.884425421
683,268484917257333,1.172346209,-0.915095706,-0.267599449,-0.323542371,0.586771466,0.403055261,0.623350696,268484.917761838
684,268484950593666,1.185045728,-0.913677968,-0.247941508,-0.323380036,0.579848740,0.404721925,0.628809198,268484.951098171
685,268484983930083,1.196997353,-0.914133205,-0.227809707,-0.320838150,0.572645172,0.408590305,0.634187988,268484.984434588
686,268485017266375,1.213060435,-0.914394067,-0.199974029,-0.320642876,0.564137946,0.416220633,0.636943452,268485.017770880
687,268485050602791,1.224715606,-0.908234993,-0.177293288,-0.323888562,0.556400647,0.424593745,0.636580493,268485.051107296
688,268485083939208,1.236027029,-0.906609665,-0.155390474,-0.328948824,0.551085087,0.431657169,0.633853327,268485.084443713
689,268485117275583,1.249898682,-0.904315833,-0.125877334,-0.337936717,0.543131605,0.438305877,0.631422874,268485.117780088
690,268485150611875,1.257994588,-0.900320455,-0.103598313,-0.347898960,0.537028307,0.441619428,0.628919109,268485.151116380
691,268485183948416,1.268097186,-0.897911772,-0.073463965,-0.357500732,0.527867573,0.444536698,0.629234638,268485.184452921
692,268485217284791,1.274101123,-0.896008088,-0.050287902,-0.365141548,0.520734745,0.447492107,0.628695350,268485.217789296
693,268485250621000,1.275857389,-0.891557602,-0.024794768,-0.370474330,0.512690167,0.450537833,0.630010538,268485.251125505
694,268485283957375,1.279708593,-0.889198510,0.007664624,-0.376981933,0.504412635,0.455285964,0.629418191,268485.284461880
695,268485317293750,1.281419215,-0.887697361,0.031885189,-0.380080824,0.502376363,0.459230068,0.626310110,268485.317798255
696,268485350630208,1.275106538,-0.883354936,0.053012204,-0.384205433,0.499989961,0.467151829,0.619810815,268485.351134713
697,268485383966583,1.273423697,-0.880929318,0.085886279,-0.387723080,0.498402599,0.473779985,0.613838938,268485.384471088
698,268485417302916,1.270721758,-0.879479774,0.110626393,-0.392551681,0.493699212,0.473004029,0.615167869,268485.417807421
699,268485450639250,1.262742891,-0.878494999,0.132796827,-0.396957001,0.490128071,0.467341960,0.619508805,268485.451143755
700,268485483975666,1.254525264,-0.875853451,0.162635400,-0.406023709,0.483995998,0.457601753,0.625694263,268485.484480171
701,268485517312041,1.247646128,-0.873688202,0.183651800,-0.413607810,0.478218423,0.451088241,0.629885046,268485.517816546
702,268485550648416,1.239200329,-0.871021704,0.202875631,-0.419997592,0.473490837,0.442261731,0.635462874,268485.551152921
703,268485583984750,1.228220258,-0.868458605,0.226911394,-0.427571391,0.469810491,0.434493494,0.638495313,268485.584489255
704,268485617321250,1.219735461,-0.866551555,0.243182021,-0.433049413,0.468571605,0.425632198,0.641674483,268485.617825755
705,268485650657458,1.210076040,-0.863818126,0.257338702,-0.441644916,0.469721970,0.416814958,0.640762345,268485.651161963
706,268485683993833,1.196701550,-0.860468623,0.274261349,-0.451625765,0.472267266,0.408526681,0.637262741,268485.684498338
707,268485717330291,1.187097868,-0.857926769,0.285626552,-0.458691148,0.475396425,0.403978132,0.632773571,268485.717834796
708,268485750666750,1.179994266,-0.855635986,0.295347244,-0.464484749,0.481095805,0.402425180,0.625183790,268485.751171255
709,268485784003041,1.168981020,-0.852833953,0.308296269,-0.472349108,0.487477886,0.400455439,0.615538077,268485.784507546
710,268485817339500,1.161187617,-0.850805212,0.317831708,-0.477904134,0.491336147,0.398706901,0.609285885,268485.817844005
711,268485850675833,1.156803526,-0.850811745,0.328671027,-0.481399513,0.495417915,0.397414284,0.604050940,268485.851180338
712,268485884012166,1.146840886,-0.848582139,0.341084028,-0.486863033,0.498476617,0.393220452,0.599885971,268485.884516671
713,268485917348625,1.139227261,-0.846770656,0.350042995,-0.492575430,0.501265838,0.386739175,0.597105409,268485.917853130
714,268485950684875,1.132909453,-0.848381572,0.359495445,-0.497300664,0.503768216,0.377388030,0.597066128,268485.951189380
715,268485984021375,1.122524442,-0.845004776,0.370656611,-0.504283675,0.507446828,0.365880663,0.595253800,268485.984525880
716,268486017357708,1.114686486,-0.842373840,0.379088968,-0.508094817,0.509858379,0.358740394,0.594297462,268486.017862213
717,268486050694000,1.108869256,-0.842206398,0.389491783,-0.510497749,0.512926652,0.351910699,0.593681068,268486.051198505
718,268486084030333,1.098971777,-0.838282928,0.401456596,-0.514786906,0.518953286,0.343369614,0.589728149,268486.084534838
719,268486117366750,1.091660256,-0.834323830,0.410123017,-0.518985520,0.523496235,0.337359626,0.585486343,268486.117871255
720,268486150703083,1.086365142,-0.831215445,0.421674848,-0.524481187,0.527211841,0.333252741,0.579577280,268486.151207588
721,268486184039458,1.075832435,-0.823955028,0.431218928,-0.532658156,0.531085756,0.326844490,0.572185233,268486.184543963
722,268486217375916,1.067806479,-0.817975093,0.436895881,-0.538206088,0.537340317,0.320094445,0.564924057,268486.217880421
723,268486250712250,1.059804304,-0.809751689,0.445274118,-0.545322392,0.547835164,0.307699899,0.554816138,268486.251216755
724,268486284048625,1.053801289,-0.802652580,0.449366052,-0.548089001,0.554058118,0.299462291,0.550400253,268486.284553130
725,268486317385000,1.047690006,-0.795644392,0.453459084,-0.548798544,0.559477766,0.291539871,0.548460886,268486.317889505
726,268486350721375,1.039498781,-0.788354022,0.459547337,-0.546243196,0.564547267,0.282111216,0.550743198,268486.351225880
727,268486384057791,1.033877583,-0.782011888,0.463169863,-0.544038134,0.569059322,0.278182454,0.550280448,268486.384562296
728,268486417394125,1.028420098,-0.775616434,0.466015495,-0.539322956,0.574723073,0.276462559,0.549902396,268486.417898630
729,268486450730500,1.020202285,-0.771653432,0.466136118,-0.528746757,0.583992026,0.279363792,0.548940895,268486.451235005
730,268486484066875,1.014951863,-0.765812643,0.467239939,-0.522183266,0.591076505,0.279975455,0.547327142,268486.484571380
731,268486517403208,1.008910198,-0.760039067,0.467426047,-0.514240346,0.597987900,0.279314594,0.547677595,268486.517907713
732,268486550739583,0.997988266,-0.762198404,0.463046098,-0.503336400,0.609368776,0.279479042,0.545173075,268486.551244088
733,268486584075833,0.989039494,-0.755812436,0.461336720,-0.501499480,0.614748774,0.278804432,0.541156501,268486.584580338
734,268486617412333,0.978689574,-0.748573528,0.459286110,-0.499084070,0.618438472,0.279514607,0.538814054,268486.617916838
735,268486650748708,0.960910456,-0.746214329,0.455314637,-0.501475388,0.618315579,0.279368200,0.536806987,268486.651253213
736,268486684085000,0.947141118,-0.737491829,0.453680561,-0.502135594,0.616948190,0.276857391,0.539059193,268486.684589505
737,268486717421333,0.932138602,-0.727124067,0.452300582,-0.502250746,0.614032932,0.275996675,0.542709531,268486.717925838
738,268486750757750,0.911744529,-0.720659448,0.442464805,-0.498508302,0.613519901,0.276402381,0.546520431,268486.751262255
739,268486784094083,0.894364602,-0.709141539,0.441206350,-0.497756145,0.617906969,0.279000318,0.540914664,268486.784598588
740,268486817430458,0.876393451,-0.696875030,0.439580802,-0.495093058,0.622557563,0.283386700,0.535720988,268486.817934963
741,268486850766875,0.859275377,-0.686683583,0.420296400,-0.489891595,0.626167880,0.288612388,0.533500660,268486.851271380
742,268486884103166,0.840025177,-0.674532687,0.418866172,-0.485987061,0.622250480,0.289574583,0.541079968,268486.884607671
743,268486917439541,0.820285777,-0.662194270,0.416664739,-0.480291485,0.617517083,0.292402527,0.549994143,268486.917944046
744,268486950775958,0.801242080,-0.643780745,0.404459185,-0.473400414,0.607933608,0.299903557,0.562464831,268486.951280463
745,268486984112333,0.783168081,-0.631256420,0.399179204,-0.467167249,0.607799954,0.309162322,0.562807862,268486.984616838
746,268487017448708,0.766184213,-0.618625030,0.391756490,-0.459230137,0.612775322,0.316070089,0.560101632,268487.017953213
747,268487050785125,0.746476021,-0.601770017,0.380223831,-0.450764649,0.623509863,0.323551876,0.550782097,268487.051289630
748,268487084121458,0.733788311,-0.588036703,0.368052110,-0.446205378,0.629202423,0.325565367,0.546820187,268487.084625963
749,268487117457708,0.722058215,-0.574397029,0.354189194,-0.442927071,0.633795694,0.323322175,0.545510267,268487.117962213
750,268487150794125,0.702286169,-0.558623794,0.341330160,-0.439227148,0.640312829,0.314086743,0.546286157,268487.151298630
751,268487184130500,0.692700505,-0.546072505,0.324620085,-0.436017191,0.643276471,0.308064508,0.548799328,268487.184635005
752,268487217466875,0.684200522,-0.535157177,0.307138956,-0.432849915,0.644080077,0.304446262,0.552371552,268487.217971380
753,268487250803250,0.673321743,-0.527441932,0.286256619,-0.425988068,0.644396247,0.296876921,0.561383816,268487.251307755
754,268487284139625,0.665756036,-0.520950959,0.266023496,-0.427699006,0.639507937,0.296402867,0.565905074,268487.284644130
755,268487317475958,0.655654256,-0.515892325,0.236542016,-0.422520195,0.634746478,0.305420358,0.570343801,268487.317980463
756,268487350812375,0.649392484,-0.515729042,0.213098412,-0.421908654,0.624298652,0.314979401,0.577089517,268487.351316880
757,268487384148750,0.643164979,-0.516680254,0.188735677,-0.416218970,0.617357973,0.321871081,0.584833277,268487.384653255
758,268487417485083,0.634725277,-0.518721332,0.151018499,-0.405769473,0.618217923,0.330871895,0.586243616,268487.417989588
759,268487450821416,0.634401907,-0.523277893,0.115480991,-0.397514957,0.621519746,0.337245840,0.584773769,268487.451325921
760,268487484157750,0.631312530,-0.524136885,0.081050498,-0.393213161,0.626526444,0.341248853,0.579997672,268487.484662255
761,268487517494166,0.627264345,-0.524689414,0.031226749,-0.387474603,0.634681142,0.339349232,0.576094985,268487.517998671
762,268487550830541,0.627949477,-0.524506649,-0.008868498,-0.383287429,0.642155442,0.333692144,0.573913531,268487.551335046
763,268487584166875,0.625879022,-0.524675966,-0.050539234,-0.376110602,0.647389347,0.334974853,0.572031249,268487.584671380
764,268487617503208,0.622192700,-0.526216752,-0.107694459,-0.365861042,0.656916536,0.342250924,0.563445402,268487.618007713
765,268487650839666,0.604448127,-0.535844850,-0.145305669,-0.361034480,0.659079715,0.343802396,0.563087915,268487.651344171
766,268487684175916,0.598832856,-0.538366532,-0.185881276,-0.361916141,0.655365666,0.334693028,0.572270199,268487.684680421
767,268487717512250,0.587195307,-0.540795217,-0.239187354,-0.363227271,0.644582142,0.317793590,0.592947805,268487.718016755
768,268487750848666,0.563078132,-0.544520832,-0.278511580,-0.362676395,0.635265026,0.300214687,0.612189002,268487.751353171
769,268487784185000,0.549920653,-0.545838426,-0.319227847,-0.357677369,0.640443770,0.295624127,0.611968223,268487.784689505
770,268487817521375,0.531463065,-0.545926763,-0.371745704,-0.353544514,0.653474268,0.291276079,0.602607631,268487.818025880
771,268487850857666,0.514836256,-0.544455080,-0.408367290,-0.349898429,0.668213972,0.290939446,0.588570699,268487.851362171
772,268487884194125,0.499847820,-0.541106572,-0.442378156,-0.350303566,0.671070763,0.285906770,0.587544735,268487.884698630
773,268487917530458,0.478976558,-0.535141866,-0.483672856,-0.356999145,0.670143138,0.284064647,0.585463163,268487.918034963
774,268487950866916,0.456680127,-0.526287376,-0.515020660,-0.363792830,0.667836946,0.275311219,0.588092150,268487.951371421
775,268487984203208,0.440338059,-0.520152118,-0.541522097,-0.358864616,0.672753762,0.274365231,0.585954210,268487.984707713
776,268488017539625,0.420999371,-0.511328837,-0.574039506,-0.352729192,0.680153345,0.272596173,0.581949246,268488.018044130
777,268488050875875,0.406930657,-0.505037995,-0.597327686,-0.347539155,0.686966695,0.265796658,0.580211587,268488.051380380
778,268488084212291,0.393154716,-0.497817168,-0.618607463,-0.344661423,0.691177556,0.259235282,0.579895863,268488.084716796
779,268488117548666,0.375625959,-0.488477119,-0.643932895,-0.340754066,0.696217046,0.246585898,0.581690587,268488.118053171
780,268488150885083,0.360115484,-0.480482814,-0.657787975,-0.336595521,0.700994285,0.232012583,0.584363484,268488.151389588
781,268488184221333,0.349121171,-0.475363529,-0.674387639,-0.321625218,0.712509554,0.222913954,0.582406023,268488.184725838
782,268488217557875,0.336906626,-0.469752059,-0.695206696,-0.301063011,0.728934155,0.209414611,0.578067153,268488.218062380
783,268488250894166,0.327141876,-0.464396561,-0.706513907,-0.282166705,0.744042801,0.200731647,0.571392264,268488.251398671
784,268488284230500,0.318264364,-0.458468148,-0.718750915,-0.277727630,0.751183241,0.191253462,0.567462130,268488.284735005
785,268488317566833,0.305213487,-0.448782400,-0.732749722,-0.275058229,0.759579776,0.179740069,0.561315505,268488.318071338
786,268488350903208,0.284887504,-0.430507902,-0.736095963,-0.277338859,0.763442383,0.174770151,0.556501871,268488.351407713
787,268488384239625,0.271350949,-0.418436325,-0.744463022,-0.271090882,0.769515658,0.170818809,0.552427709,268488.384744130
788,268488417575916,0.261938895,-0.409771238,-0.748280370,-0.263397531,0.774176031,0.169396598,0.550070959,268488.418080421
789,268488450912291,0.239657990,-0.395381201,-0.750118687,-0.253936550,0.775042046,0.171252257,0.552719434,268488.451416796
790,268488484248708,0.228135195,-0.383885896,-0.750838374,-0.242161536,0.775578259,0.168464311,0.558082416,268488.484753213
791,268488517585041,0.219643978,-0.375034892,-0.750231383,-0.232231077,0.778872640,0.166742852,0.558232041,268488.518089546
792,268488550921333,0.216561988,-0.359256079,-0.747700940,-0.218566489,0.782864529,0.165445748,0.558551320,268488.551425838
793,268488584257750,0.206998993,-0.345639338,-0.746509316,-0.205082457,0.785514835,0.161335238,0.561140468,268488.584762255
794,268488617594083,0.199283765,-0.334837258,-0.745402662,-0.193743973,0.786477819,0.157043975,0.565024916,268488.618098588
795,268488650930458,0.201189529,-0.322544361,-0.740803382,-0.182790281,0.786708493,0.153254762,0.569377284,268488.651434963
796,268488684266833,0.190593798,-0.306099534,-0.739732147,-0.168310757,0.788663848,0.148128099,0.572484885,268488.684771338
797,268488717603208,0.183170126,-0.292566742,-0.738886731,-0.159223624,0.789931438,0.145219565,0.574079691,268488.718107713
798,268488750939541,0.181103333,-0.277877875,-0.737131530,-0.151819844,0.790819092,0.142537633,0.575533644,268488.751444046
799,268488784275958,0.170633131,-0.256034582,-0.735250488,-0.142357044,0.789725047,0.137248934,0.580716458,268488.784780463
800,268488817612250,0.162346475,-0.238277396,-0.733756010,-0.135529931,0.790235614,0.134415206,0.582315995,268488.818116755
801,268488850948541,0.152690430,-0.221759681,-0.728515555,-0.130112175,0.789223582,0.130222803,0.585866054,268488.851453046
802,268488884285041,0.141174222,-0.196127762,-0.725651086,-0.122216853,0.787439319,0.124432301,0.591201332,268488.884789546
803,268488917621250,0.131988180,-0.176609926,-0.723267220,-0.114986965,0.786446870,0.119749764,0.594928035,268488.918125755
804,268488950957750,0.123116231,-0.157785038,-0.717864185,-0.106580273,0.785607275,0.114055227,0.598709706,268488.951462255
805,268488984294041,0.110738516,-0.132553361,-0.713600739,-0.095310006,0.784445051,0.107628804,0.603305942,268488.984798546
806,268489017630375,0.101020932,-0.114092644,-0.709541256,-0.088801564,0.783030398,0.100842974,0.607295995,268489.018134880
807,268489050966750,0.090773225,-0.096132298,-0.706543024,-0.081469551,0.782020136,0.094763842,0.610595682,268489.051471255
808,268489084303041,0.076808713,-0.071651597,-0.701043348,-0.072039534,0.781881946,0.088883866,0.612838183,268489.084807546
809,268489117639500,0.066610327,-0.053791671,-0.697152161,-0.065341609,0.782919588,0.086607561,0.612590056,268489.118144005
810,268489150975750,0.058487298,-0.039778595,-0.696754444,-0.062538538,0.784630650,0.086085984,0.610764218,268489.151480255
811,268489184312166,0.047001272,-0.016771553,-0.692053182,-0.064082445,0.785121794,0.080454182,0.610740850,268489.184816671
812,268489217648541,0.038954899,0.000153584,-0.688470470,-0.062148596,0.786149323,0.076834517,0.610084669,268489.218153046
813,268489250984958,0.035961567,0.007380027,-0.684810746,-0.060417304,0.786557725,0.075537398,0.609894130,268489.251489463
814,268489284321291,0.028313756,0.026390913,-0.678955215,-0.053691343,0.789785304,0.075069248,0.606400094,268489.284825796
815,268489317657583,0.023562754,0.040725972,-0.674419947,-0.048849382,0.791632521,0.075063099,0.604398274,268489.318162088
816,268489350993958,0.025640352,0.045928719,-0.671320701,-0.040420339,0.792701354,0.076566202,0.603430551,268489.351498463
817,268489384330333,0.021374619,0.064163131,-0.666933043,-0.026732194,0.791139803,0.072817009,0.606696743,268489.384834838
818,268489417666708,0.018589883,0.077293720,-0.663861668,-0.014801246,0.788550700,0.067960358,0.611023861,268489.418171213
819,268489451002958,0.019710296,0.083827018,-0.661314696,0.001215209,0.782757011,0.061406578,0.619289327,268489.451507463
820,268489484339458,0.017788901,0.101287396,-0.658198341,0.005929308,0.779005801,0.056360408,0.624450449,268489.484843963
821,268489517675791,0.017359571,0.115501036,-0.656171965,0.002695115,0.778369984,0.054867664,0.625397871,268489.518180296
822,268489551012083,0.021495348,0.135904014,-0.656350349,-0.006491003,0.779634414,0.058435484,0.623468840,268489.551516588
823,268489584348541,0.023399353,0.151257552,-0.655721265,-0.005676173,0.780247974,0.059943346,0.622565441,268489.584853046
824,268489617684791,0.026413029,0.165265259,-0.654659724,-0.003034776,0.779874214,0.060495003,0.622998722,268489.618189296
825,268489651021166,0.036427236,0.174469886,-0.655029985,0.004439745,0.779086990,0.061364759,0.623889549,268489.651525671
826,268489684357583,0.041721952,0.186533009,-0.653894564,0.007476716,0.777894627,0.060498895,0.625431039,268489.684862088
827,268489717693833,0.047859572,0.198365816,-0.652546264,0.009143977,0.775754582,0.058730361,0.628229268,268489.718198338
828,268489751030333,0.059684693,0.211544854,-0.651022680,0.009449606,0.771869160,0.054422457,0.633377418,268489.751534838
829,268489784366625,0.067113473,0.222981111,-0.649777384,0.010431023,0.769106147,0.050707691,0.637020967,268489.784871130
830,268489817703000,0.074933073,0.233955903,-0.648603018,0.012736891,0.766389713,0.046376914,0.640573036,268489.818207505
831,268489851039375,0.087864150,0.245277981,-0.646440637,0.020227182,0.762112088,0.038328844,0.645993018,268489.851543880
832,268489884375666,0.095817096,0.254834702,-0.645924615,0.027548226,0.760865008,0.030789400,0.647593700,268489.884880171
833,268489917712083,0.103269481,0.264207550,-0.645885378,0.038441587,0.760589057,0.022724452,0.647696058,268489.918216588
834,268489951048375,0.112918536,0.277189454,-0.644617271,0.053553439,0.762156693,0.010335148,0.645091034,268489.951552880
835,268489984384791,0.119630252,0.286810419,-0.642843086,0.059914855,0.762824583,0.002497174,0.643818828,268489.984889296
836,268490017721166,0.125919140,0.297150099,-0.639779150,0.065067733,0.763278359,-0.003725650,0.642774073,268490.018225671
837,268490051057416,0.134530047,0.311208272,-0.631068388,0.069042362,0.762582591,-0.007011063,0.643157712,268490.051561921
838,268490084393791,0.140745885,0.321818527,-0.624114645,0.073878916,0.761190143,-0.007734230,0.644260589,268490.084898296
839,268490117730208,0.146535039,0.332102811,-0.615594972,0.077604875,0.758897726,-0.006577022,0.646535785,268490.118234713
840,268490151066500,0.152133895,0.339816443,-0.602624595,0.076653318,0.755665944,-0.000979273,0.650455490,268490.151571005
841,268490184402916,0.156936006,0.349112013,-0.592379072,0.076865142,0.752932167,0.001059132,0.653593018,268490.184907421
842,268490217739166,0.161542822,0.358302904,-0.581756964,0.077353489,0.751026452,0.005135379,0.655705259,268490.218243671
843,268490251075541,0.162044437,0.363362840,-0.565180020,0.078089717,0.746188413,0.011511661,0.661038866,268490.251580046
844,268490284411916,0.164489159,0.371713680,-0.553086633,0.081859519,0.746250357,0.020469393,0.660295753,268490.284916421
845,268490317748291,0.165531776,0.380168305,-0.541098030,0.090331457,0.746197557,0.029517368,0.658906831,268490.318252796
846,268490351084583,0.162857228,0.382492311,-0.525396102,0.105716601,0.749456931,0.045821022,0.651949995,268490.351589088
847,268490384421000,0.163657458,0.389907455,-0.514080985,0.112059895,0.751374332,0.057702546,0.647726534,268490.384925505
848,268490417757375,0.163790611,0.398823675,-0.502914454,0.114365155,0.748506350,0.067687302,0.649674794,268490.418261880
849,268490451093791,0.162442885,0.407551673,-0.486517475,0.103799496,0.748700791,0.086105059,0.649044500,268490.451598296
850,268490484430083,0.160460091,0.417710776,-0.476141210,0.101889004,0.743333272,0.093381177,0.654487804,268490.484934588
851,268490517766458,0.160656037,0.426326255,-0.468196317,0.098096605,0.741921614,0.106015961,0.654744259,268490.518270963
852,268490551102875,0.156978435,0.434205617,-0.462033428,0.093422038,0.741636390,0.109941973,0.655103507,268490.551607380
853,268490584439125,0.156225395,0.440466500,-0.459327109,0.092801107,0.739195992,0.111982474,0.657599588,268490.584943630
854,268490617775458,0.155367473,0.445871622,-0.459923687,0.093691806,0.744768576,0.111227318,0.651283464,268490.618279963
855,268490651111875,0.157740988,0.455008431,-0.466801606,0.098753996,0.738779537,0.099805567,0.659159576,268490.651616380
856,268490684448250,0.158475130,0.457623969,-0.470674988,0.098813035,0.736723339,0.092210962,0.662549543,268490.684952755
857,268490717784583,0.158186361,0.460477998,-0.476628822,0.100302165,0.732255799,0.085864271,0.668108001,268490.718289088
858,268490751120916,0.165345964,0.465139368,-0.489411304,0.100989457,0.737560154,0.085441971,0.662197758,268490.751625421
859,268490784457208,0.167790208,0.468552148,-0.495690220,0.099193480,0.741686314,0.088940706,0.657382438,268490.784961713
860,268490817793541,0.170342604,0.472969033,-0.504483892,0.091861913,0.744404207,0.089089831,0.655352440,268490.818298046
861,268490851129916,0.170618357,0.474830533,-0.520655767,0.086387927,0.745780440,0.089511316,0.654474170,268490.851634421
862,268490884466333,0.170850079,0.478920405,-0.529130089,0.080307937,0.741895699,0.082728086,0.660528216,268490.884970838
863,268490917802625,0.170700140,0.483525954,-0.540281611,0.079010248,0.742439794,0.076142845,0.660865231,268490.918307130
864,268490951139000,0.173404493,0.488005705,-0.546941649,0.087696187,0.741678082,0.072638200,0.661019475,268490.951643505
865,268490984475333,0.174702806,0.491541611,-0.552825293,0.099222497,0.744617902,0.079134165,0.655314362,268490.984979838
866,268491017811750,0.177414796,0.497073654,-0.556728825,0.099122236,0.746717354,0.079619548,0.652877291,268491.018316255
867,268491051148000,0.184025354,0.503497129,-0.557925480,0.100631672,0.749362375,0.084101978,0.649042532,268491.051652505
868,268491084484416,0.187119155,0.509264647,-0.560053886,0.096792265,0.750560505,0.080655550,0.648679367,268491.084988921
869,268491117820750,0.191798444,0.514802193,-0.563035730,0.098925805,0.753049577,0.077357194,0.645868359,268491.118325255
870,268491151157125,0.200405641,0.516571456,-0.559699189,0.100794433,0.752794673,0.074123792,0.646255661,268491.151661630
871,268491184493416,0.204708067,0.517657933,-0.560347491,0.102520356,0.753457039,0.075252062,0.645080807,268491.184997921
872,268491217829791,0.210546246,0.518687674,-0.559577082,0.104105268,0.750712697,0.076013749,0.647930939,268491.218334296
873,268491251166083,0.215155174,0.519965769,-0.558450466,0.106521487,0.749746967,0.077844911,0.648438803,268491.251670588
874,268491284502500,0.219894665,0.520901027,-0.558204763,0.111742158,0.750459963,0.078228756,0.646686824,268491.285007005
875,268491317838791,0.226684083,0.522387551,-0.558739490,0.123349451,0.750032243,0.077572571,0.645150446,268491.318343296
876,268491351175166,0.233746030,0.518022722,-0.551315731,0.133128412,0.750749519,0.077022742,0.642432514,268491.351679671
877,268491384511541,0.239834887,0.519377770,-0.551374506,0.137041933,0.751553281,0.081096451,0.640164505,268491.385016046
878,268491417847875,0.249108888,0.521867836,-0.552274823,0.134411987,0.752625049,0.088313973,0.638505793,268491.418352380
879,268491451184291,0.254314990,0.517098202,-0.546013033,0.127932054,0.753761132,0.094424243,0.637621879,268491.451688796
880,268491484520625,0.261425429,0.519312891,-0.546951103,0.125908193,0.753619971,0.099259044,0.637457263,268491.485025130
881,268491517857000,0.270446735,0.522707649,-0.548680369,0.128039400,0.751308576,0.103389923,0.639102427,268491.518361505
882,268491551193208,0.277471794,0.523944769,-0.551796034,0.131859883,0.748372161,0.105553762,0.641412922,268491.551697713
883,268491584529583,0.284541352,0.527161952,-0.554267011,0.137956847,0.746016442,0.108045188,0.642459078,268491.585034088
884,268491617865958,0.295251618,0.531831943,-0.557157148,0.142787538,0.744963372,0.105840333,0.642992357,268491.618370463
885,268491651202375,0.302851973,0.536427695,-0.562955846,0.146135582,0.744664544,0.102203962,0.643174558,268491.651706880
886,268491684538708,0.316298565,0.541470606,-0.565311856,0.143690296,0.746616298,0.099314386,0.641914253,268491.685043213
887,268491717875125,0.327045944,0.544508626,-0.566511612,0.143451760,0.750889418,0.095412074,0.637560401,268491.718379630
888,268491751211333,0.335162983,0.547749652,-0.569113492,0.140090498,0.757849506,0.093283700,0.630346716,268491.751715838
889,268491784547791,0.350381286,0.551570378,-0.572233261,0.149183284,0.769391041,0.096477174,0.613574756,268491.785052296
890,268491817884041,0.362240584,0.553621502,-0.575313817,0.159594607,0.779438008,0.099164095,0.597639095,268491.818388546
891,268491851220416,0.371830931,0.555653020,-0.579390247,0.174461731,0.793035252,0.102187507,0.574644202,268491.851724921
892,268491884556750,0.388048281,0.557754470,-0.584072470,0.189333337,0.810668626,0.101159939,0.544734786,268491.885061255
893,268491917893083,0.400336917,0.559807794,-0.587723051,0.201838661,0.824713186,0.097657459,0.519203612,268491.918397588
894,268491951229458,0.413091066,0.562664337,-0.589042770,0.214382836,0.839507580,0.091930546,0.490729916,268491.951733963
895,268491984565833,0.430489100,0.565441595,-0.593980659,0.227804126,0.850921083,0.089756542,0.464739075,268491.985070338
896,268492017902208,0.443541524,0.567009563,-0.596646507,0.232948229,0.853462572,0.093301870,0.456762055,268492.018406713
897,268492051238541,0.452967890,0.566319864,-0.593792751,0.231750859,0.853198206,0.096191521,0.457265355,268492.051743046
