recording_frame,t_ns,tx,ty,tz,qx,qy,qz,qw,engine_t
39,268541185450000,0.018959037,0.097531743,-0.138622499,-0.038381045,0.876034068,-0.002961702,0.480710401,268541.189954505
40,268541218786500,0.018602561,0.098428122,-0.142321490,-0.038262359,0.874013850,-0.003094280,0.484382350,268541.223291005
41,268541252123000,0.017579567,0.099328466,-0.146883703,-0.037205988,0.870271153,-0.004687548,0.491143477,268541.256627505
42,268541285459541,0.016142033,0.099794356,-0.149935194,-0.036198705,0.867460327,-0.005069548,0.496161856,268541.289964046
43,268541318796083,0.014692590,0.099882481,-0.152959177,-0.035070778,0.863639310,-0.003492030,0.502876766,268541.323300588
44,268541352132625,0.012783615,0.099241400,-0.156660660,-0.033295742,0.857365577,-0.001124397,0.513628707,268541.356637130
45,268541385469083,0.011027937,0.098366091,-0.159294081,-0.030730173,0.853398645,0.000399266,0.520352096,268541.389973588
46,268541418805625,0.009679716,0.096995004,-0.161850377,-0.028558158,0.850140193,0.002426617,0.525775853,268541.423310130
47,268541452142125,0.009013711,0.094496596,-0.165036294,-0.030433599,0.846612484,0.004068651,0.531323440,268541.456646630
48,268541485478666,0.008931339,0.092507421,-0.167200592,-0.033379175,0.845886718,0.002503099,0.532311261,268541.489983171
49,268541518815083,0.009185752,0.090507615,-0.169196590,-0.036660746,0.845160842,0.001514018,0.533251255,268541.523319588
50,268541552151666,0.009766467,0.087093302,-0.172058957,-0.040362549,0.843123532,0.002188982,0.536198504,268541.556656171
51,268541585488125,0.018480477,0.084862771,-0.180302336,-0.042725269,0.841797766,0.004462151,0.538081049,268541.589992630
52,268541618824541,0.018882959,0.081243407,-0.182995467,-0.043560176,0.839555610,0.006468421,0.541486012,268541.623329046
53,268541652161083,0.019405047,0.076269528,-0.187614851,-0.042572087,0.837562301,0.005184129,0.544656026,268541.656665588
54,268541685497500,0.020043613,0.072631073,-0.192221367,-0.040693432,0.838332743,0.003178234,0.543628741,268541.690002005
55,268541718834083,0.021381909,0.069179004,-0.198085238,-0.041587219,0.839268324,0.003041697,0.542116210,268541.723338588
56,268541752170625,0.024046224,0.064739724,-0.207471888,-0.043262942,0.841690126,0.003629427,0.538212718,268541.756675130
57,268541785507083,0.028958363,0.068362165,-0.226318204,-0.044464612,0.843430826,0.005351525,0.535367868,268541.790011588
58,268541818843500,0.030848480,0.065766615,-0.234293679,-0.043634552,0.845254889,0.004814816,0.532557105,268541.823348005
59,268541852180000,0.033260864,0.062596655,-0.244335848,-0.042529989,0.845921885,0.005756530,0.531577162,268541.856684505
60,268541885516500,0.036448677,0.063468682,-0.254672980,-0.043635325,0.846727760,0.004835599,0.530211966,268541.890021005
61,268541918852958,0.038158186,0.062736192,-0.261473209,-0.042707497,0.848091564,0.002515350,0.528119774,268541.923357463
62,268541952189375,0.040781181,0.062631746,-0.270369680,-0.039720482,0.848614283,0.001630446,0.527516329,268541.956693880
63,268541985525958,0.042457890,0.065029316,-0.277268841,-0.036717644,0.849548690,0.000610084,0.526230481,268541.990030463
64,268542018862375,0.044012213,0.065858029,-0.283808715,-0.033355952,0.850666834,-0.000712707,0.524645465,268542.023366880
65,268542052198833,0.046773558,0.068063413,-0.292562978,-0.028624937,0.853362367,-0.005455455,0.520503193,268542.056703338
66,268542085535375,0.049915188,0.072358583,-0.297806978,-0.025593596,0.855656300,-0.007709668,0.516853826,268542.090039880
67,268542118871791,0.052971815,0.075610324,-0.304224599,-0.022082140,0.857711538,-0.007813871,0.513597404,268542.123376296
68,268542152208333,0.057314634,0.081140918,-0.311740724,-0.017971015,0.860217673,-0.009018742,0.509530483,268542.156712838
69,268542185544833,0.060335695,0.087664908,-0.314127023,-0.014370492,0.861369673,-0.010137338,0.507674169,268542.190049338
70,268542218881291,0.063653300,0.095078128,-0.317798661,-0.010997709,0.862760433,-0.012156906,0.505347157,268542.223385796
71,268542252217666,0.068283392,0.107301887,-0.321781134,-0.008192952,0.863805334,-0.013652971,0.503574095,268542.256722171
72,268542285554166,0.069730340,0.119709734,-0.322070850,-0.006447699,0.864349816,-0.018460483,0.502510783,268542.290058671
73,268542318890541,0.074096239,0.137628103,-0.323447334,-0.001895531,0.864312560,-0.030221795,0.502042729,268542.323395046
74,268542352227166,0.077586825,0.152882826,-0.324089958,0.002448340,0.863583438,-0.036206538,0.502898391,268542.356731671
75,268542385563583,0.077397689,0.171008750,-0.321728675,0.006057218,0.862516040,-0.039715728,0.504432459,268542.390068088
76,268542418900000,0.083066280,0.193923067,-0.322859533,0.008853153,0.863002939,-0.037890268,0.503698252,268542.423404505
77,268542452236416,0.087366104,0.212059429,-0.323402535,0.012752263,0.862857856,-0.040506915,0.503659550,268542.456740921
78,268542485572916,0.086248195,0.230890151,-0.321148079,0.020145531,0.861882720,-0.045056090,0.504700245,268542.490077421
79,268542518909333,0.090132035,0.255676702,-0.319456542,0.027867345,0.861094413,-0.049019626,0.505308769,268542.523413838
80,268542552245875,0.093274472,0.273363838,-0.318451811,0.031322123,0.860941350,-0.046714862,0.505585494,268542.556750380
81,268542585582416,0.094018545,0.289791853,-0.316355999,0.034006142,0.860685133,-0.043730095,0.506115023,268542.590086921
82,268542618918791,0.098343010,0.309808094,-0.314779882,0.038661675,0.860188120,-0.044289559,0.506576906,268542.623423296
83,268542652255333,0.101255415,0.323169677,-0.313555321,0.041398018,0.859870600,-0.041793698,0.507111522,268542.656759838
84,268542685591833,0.102729548,0.333126572,-0.311859935,0.044615307,0.859574063,-0.039039712,0.507560695,268542.690096338
85,268542718928250,0.106260587,0.346494342,-0.310978504,0.048169281,0.859286660,-0.037282937,0.507854499,268542.723432755
86,268542752264625,0.108676944,0.355230188,-0.310634293,0.050988477,0.858924832,-0.036300443,0.508262373,268542.756769130
87,268542785601250,0.108422288,0.355114615,-0.308414073,0.053878931,0.858392731,-0.033679867,0.509042925,268542.790105755
88,268542818937583,0.111099960,0.363140883,-0.308910908,0.056674883,0.858476087,-0.031929751,0.508711420,268542.823442088
89,268542852274083,0.113026832,0.368170369,-0.309663372,0.057601808,0.858471643,-0.030308470,0.508713986,268542.856778588
90,268542885610541,0.113677000,0.362106879,-0.309910400,0.058776360,0.858421665,-0.027718733,0.508811664,268542.890115046
91,268542918946958,0.116134416,0.366213626,-0.311901444,0.058383570,0.857996679,-0.021441539,0.509875839,268542.923451463
92,268542952283416,0.118053977,0.368638267,-0.313751209,0.055197462,0.857706496,-0.013540366,0.510988766,268542.956787921
93,268542985619875,0.119904861,0.370809581,-0.315709675,0.051255510,0.857845636,-0.005817247,0.511311989,268542.990124380
94,268543018956416,0.121613430,0.373599451,-0.317987323,0.046490051,0.859405974,-0.002810946,0.509168143,268543.023460921
95,268543052292750,0.122567280,0.375643675,-0.319697582,0.041462656,0.861067572,-0.001815802,0.506794082,268543.056797255
96,268543085629208,0.127262977,0.385174291,-0.326378335,0.036707259,0.862939965,-0.001436831,0.503969426,268543.090133713
97,268543118965708,0.128293857,0.388762693,-0.328667710,0.031604271,0.864679822,-0.002843096,0.501320203,268543.123470213
98,268543152302208,0.128967291,0.391411296,-0.330027666,0.028703684,0.865381478,-0.003547043,0.500278390,268543.156806713
99,268543185638625,0.135892019,0.409458423,-0.335222178,0.025936315,0.866693384,-0.005065461,0.498140823,268543.190143130
100,268543218975125,0.138360521,0.414927983,-0.336881809,0.022097614,0.867443743,-0.004211010,0.497026527,268543.223479630
101,268543252311583,0.140723061,0.419472913,-0.337974974,0.018736988,0.867999064,-0.002558894,0.496205658,268543.256816088
102,268543285648000,0.143107831,0.424509723,-0.338680165,0.014223598,0.868653641,-0.000918290,0.495214853,268543.290152505
103,268543318984500,0.146364368,0.431707489,-0.338632117,0.006039459,0.869446218,0.001285828,0.493989068,268543.323489005
104,268543352321000,0.148701541,0.437393159,-0.337569648,0.000192396,0.869247185,0.004173585,0.494360120,268543.356825505
105,268543385657333,0.153177742,0.453352512,-0.333567991,-0.004100730,0.867986888,0.006275213,0.496530585,268543.390161838
106,268543418993750,0.154666438,0.459034213,-0.330333361,-0.005355976,0.867438978,0.009536785,0.497423398,268543.423498255
107,268543452330208,0.156501823,0.464437598,-0.326799445,-0.008396912,0.866781855,0.015531977,0.498374878,268543.456834713
108,268543485666666,0.156742866,0.476524982,-0.317107831,-0.013115044,0.867617163,0.017926546,0.496736495,268543.490171171
109,268543519003208,0.159749293,0.481185389,-0.311536553,-0.017497102,0.871175585,0.020531780,0.490229997,268543.523507713
110,268543552339625,0.163398582,0.485031854,-0.304857327,-0.024166916,0.871545045,0.023846248,0.489138635,268543.556844130
111,268543585676041,0.166444334,0.485408911,-0.292139359,-0.024525014,0.875146298,0.021452293,0.482760119,268543.590180546
112,268543619012500,0.169489585,0.485869990,-0.282285649,-0.026376386,0.878949137,0.024513409,0.475554252,268543.623517005
113,268543652349000,0.173509622,0.484785868,-0.272226964,-0.027676209,0.880091483,0.030080860,0.473041440,268543.656853505
114,268543685685375,0.179430997,0.476496429,-0.256846883,-0.026570760,0.882550690,0.038031938,0.467922962,268543.690189880
115,268543719021916,0.182929604,0.472899101,-0.244941362,-0.026222624,0.885945301,0.042815337,0.461064202,268543.723526421
116,268543752358333,0.187363546,0.469377952,-0.233091991,-0.028398434,0.888159405,0.047319401,0.456209740,268543.756862838
117,268543785694833,0.191903927,0.459853223,-0.217340283,-0.030803899,0.892287347,0.051817705,0.447425289,268543.790199338
118,268543819031250,0.196242557,0.457391198,-0.204319935,-0.037893459,0.893920998,0.058451904,0.442778458,268543.823535755
119,268543852367708,0.200158165,0.455415104,-0.191287737,-0.039492110,0.893319904,0.060627760,0.443558621,268543.856872213
120,268543885704166,0.201830389,0.452917976,-0.173062939,-0.035358912,0.893439402,0.063198639,0.443307756,268543.890208671
121,268543919040500,0.203487542,0.450464344,-0.159624006,-0.036420544,0.893913600,0.067561424,0.441619211,268543.923545005
122,268543952377083,0.205855890,0.447836537,-0.146899718,-0.038433583,0.894705205,0.070201914,0.439428265,268543.956881588
123,268543985713375,0.209823805,0.450461925,-0.128603809,-0.042819134,0.897127697,0.072753761,0.433630441,268543.990217880
124,268544019049916,0.212268052,0.449195642,-0.116703917,-0.048288366,0.897287912,0.078599692,0.431699870,268544.023554421
125,268544052386416,0.214543140,0.447715551,-0.105719767,-0.050496094,0.897437843,0.084566883,0.430004602,268544.056890921
126,268544085722791,0.212609413,0.449364828,-0.091009830,-0.051670941,0.899433618,0.087208993,0.425139889,268544.090227296
127,268544119059250,0.213972571,0.447081369,-0.081300896,-0.053821031,0.901044097,0.086638939,0.421564442,268544.123563755
128,268544152395708,0.215517249,0.445072261,-0.072433753,-0.053862125,0.903551634,0.085427026,0.416407964,268544.156900213
129,268544185732166,0.211391153,0.445325067,-0.064257289,-0.053905954,0.905153464,0.085163491,0.412963180,268544.190236671
130,268544219068541,0.212348091,0.442535070,-0.056087419,-0.055247733,0.904722787,0.086346654,0.413483586,268544.223573046
131,268544252405000,0.212665871,0.439607969,-0.047107525,-0.054506575,0.905395618,0.082385343,0.412917082,268544.256909505
132,268544285741541,0.210114789,0.436654575,-0.037141900,-0.054490488,0.905410363,0.075483885,0.414204174,268544.290246046
133,268544319077916,0.210590818,0.434014628,-0.026947816,-0.055862006,0.905366056,0.073856806,0.414411591,268544.323582421
134,268544352414416,0.211530497,0.431979968,-0.015859445,-0.059636832,0.906288243,0.071375363,0.412299259,268544.356918921
135,268544385750708,0.214150040,0.428225794,-0.001604327,-0.066151921,0.908016131,0.068611740,0.407949889,268544.390255213
136,268544419087208,0.216709382,0.427075427,0.008938426,-0.068363686,0.907797514,0.068741717,0.408049887,268544.423591713
137,268544452423708,0.219458540,0.424242077,0.023230873,-0.068988996,0.907058290,0.069091689,0.409526763,268544.456928213
138,268544485760166,0.227977312,0.418997871,0.035412284,-0.069042547,0.906542996,0.070046807,0.410495335,268544.490264671
139,268544519096583,0.230281009,0.416007295,0.045010284,-0.069834339,0.906451642,0.070205694,0.410535991,268544.523601088
140,268544552433041,0.233606608,0.412232796,0.056721524,-0.075569172,0.905119333,0.073964362,0.411798032,268544.556937546
141,268544585769416,0.240152687,0.408904401,0.065299741,-0.078946404,0.904524128,0.075346126,0.412221520,268544.590273921
142,268544619105875,0.242073486,0.406089990,0.073007139,-0.082485085,0.903828462,0.077772754,0.412603651,268544.623610380
143,268544652442375,0.244013787,0.401845893,0.082029049,-0.086222971,0.901842436,0.084837006,0.414787363,268544.656946880
144,268544685778750,0.245503353,0.397969637,0.086792119,-0.086895205,0.901627893,0.085363101,0.415005493,268544.690283255
145,268544719115166,0.246102540,0.393874430,0.092660390,-0.088117248,0.901406570,0.086008528,0.415095330,268544.723619671
146,268544752451750,0.246859090,0.388555870,0.099165817,-0.092324842,0.900505288,0.090640810,0.415151353,268544.756956255
147,268544785788083,0.243092712,0.384338350,0.101571920,-0.094352635,0.900547272,0.093264798,0.414021644,268544.790292588
148,268544819124625,0.242789818,0.379266708,0.105286363,-0.095433964,0.901448297,0.094575568,0.411508010,268544.823629130
149,268544852460916,0.242866654,0.371487613,0.108865211,-0.099970274,0.902196250,0.099097734,0.407710147,268544.856965421
150,268544885797416,0.242704567,0.364749353,0.106613642,-0.103502815,0.901687276,0.103501700,0.406859528,268544.890301921
151,268544919133833,0.243152483,0.357305304,0.108030823,-0.106142358,0.901977004,0.106607003,0.404729891,268544.923638338
152,268544952470291,0.244101038,0.345828513,0.108814380,-0.110974446,0.902357380,0.112655518,0.400929694,268544.956974796
153,268544985806791,0.247206947,0.335935974,0.105544165,-0.115985683,0.902703191,0.116657091,0.397574455,268544.990311296
154,268545019143166,0.248718365,0.326011197,0.104708468,-0.120936257,0.903674673,0.119257451,0.393095688,268545.023647671
155,268545052479583,0.250771484,0.311737772,0.102926447,-0.126147794,0.904252617,0.123297453,0.388859524,268545.056984088
156,268545085816000,0.254171127,0.300425439,0.101219069,-0.131213778,0.903613724,0.126218047,0.387729597,268545.090320505
157,268545119152458,0.255519886,0.288448989,0.099616587,-0.136388598,0.902718378,0.129221979,0.387039293,268545.123656963
158,268545152488916,0.257468289,0.271822816,0.097204043,-0.143685874,0.902335107,0.132158208,0.384291537,268545.156993421
159,268545185825250,0.261178408,0.258826247,0.095975366,-0.151339975,0.902490139,0.132987546,0.380686390,268545.190329755
160,268545219161708,0.263842682,0.245761425,0.093458225,-0.161594997,0.901952016,0.134520284,0.377192211,268545.223666213
161,268545252498166,0.267859045,0.228291640,0.090059515,-0.176778800,0.898905097,0.141204198,0.375207024,268545.257002671
162,268545285834583,0.272697520,0.214147805,0.089373579,-0.189319950,0.895566132,0.148055645,0.374431354,268545.290339088
163,268545319171083,0.276131744,0.200287028,0.087322648,-0.202084960,0.892036867,0.154659358,0.373513631,268545.323675588
164,268545352507416,0.280295712,0.181512733,0.084773306,-0.215250506,0.890654482,0.158193314,0.367935785,268545.357011921
165,268545385843916,0.282829523,0.166150492,0.084974426,-0.224988117,0.889972941,0.159300341,0.363251932,268545.390348421
166,268545419180333,0.285798708,0.151426615,0.083248807,-0.232167421,0.889147757,0.160404808,0.360256723,268545.423684838
167,268545452516708,0.289287152,0.131581694,0.081458994,-0.239607832,0.887097400,0.162638602,0.359437099,268545.457021213
168,268545485853166,0.291449169,0.115765489,0.082989648,-0.247042533,0.885431044,0.165265217,0.357308430,268545.490357671
169,268545519189583,0.294835084,0.096624982,0.081783850,-0.256513346,0.883772228,0.164932625,0.354887073,268545.523694088
170,268545552526000,0.297278874,0.082910215,0.080871129,-0.262671632,0.882389621,0.164662030,0.353947227,268545.557030505
171,268545585862416,0.299236611,0.067712033,0.082268436,-0.268663350,0.880785703,0.166505794,0.352579669,268545.590366921
172,268545619198875,0.302264001,0.050959041,0.081033213,-0.276073382,0.877982110,0.170106204,0.352129003,268545.623703380
173,268545652535333,0.304544989,0.038931833,0.079742370,-0.279181822,0.876527876,0.173224081,0.351780987,268545.657039838
174,268545685871750,0.305422217,0.026624828,0.079814247,-0.282530599,0.874549910,0.175560905,0.352870143,268545.690376255
175,268545719208166,0.308455832,0.012193604,0.077298012,-0.291131010,0.871470374,0.178899196,0.351819916,268545.723712671
176,268545752544500,0.310961138,0.002463437,0.074653298,-0.298706501,0.869210706,0.181395693,0.349775400,268545.757049005
177,268545785880916,0.311576943,-0.002064584,0.071776487,-0.308904867,0.865367367,0.183919420,0.349128634,268545.790385421
178,268545819217458,0.316718448,-0.011538579,0.067424276,-0.326512435,0.858131795,0.190871982,0.347228155,268545.823721963
179,268545852553833,0.320902771,-0.017515812,0.064174682,-0.338578932,0.853013977,0.194792899,0.346102936,268545.857058338
180,268545885890250,0.322133236,-0.015776063,0.060860962,-0.348527632,0.849480507,0.196620685,0.343877474,268545.890394755
181,268545919226625,0.329634079,-0.022616415,0.055114112,-0.359040069,0.848267318,0.198546148,0.334831698,268545.923731130
182,268545952563041,0.336482518,-0.027166159,0.049963919,-0.368838318,0.847458350,0.199696719,0.325413450,268545.957067546
183,268545985899458,0.343022720,-0.025934596,0.044635415,-0.380561418,0.845422266,0.200974698,0.316296417,268545.990403963
184,268546019235958,0.354035595,-0.030296745,0.037967843,-0.393699334,0.840942236,0.202483349,0.311155166,268546.023740463
185,268546052572291,0.362814774,-0.033881369,0.033402978,-0.400019997,0.837772597,0.204928741,0.310040872,268546.057076796
186,268546085908791,0.377246028,-0.040680451,0.029666817,-0.406367920,0.834129139,0.206806303,0.310362530,268546.090413296
187,268546119245125,0.391855137,-0.046222382,0.024605583,-0.414022059,0.828896417,0.208728023,0.312968257,268546.123749630
188,268546152581625,0.403589483,-0.050136846,0.020774684,-0.420169868,0.825021527,0.210583913,0.313769393,268546.157086130
189,268546185918041,0.420927126,-0.050862644,0.016462264,-0.427128492,0.820971936,0.212575529,0.313652721,268546.190422546
190,268546219254416,0.440323992,-0.055624304,0.011140479,-0.438811303,0.814166340,0.217824278,0.311657582,268546.223758921
191,268546252590833,0.455709257,-0.059223738,0.007571164,-0.445972941,0.809558966,0.220337959,0.311726891,268546.257095338
192,268546285927291,0.474971413,-0.062511481,0.005433114,-0.453318126,0.804699390,0.222641329,0.312077652,268546.290431796
193,268546319263708,0.497468692,-0.067533856,0.002319730,-0.465076836,0.796686629,0.227927480,0.311517367,268546.323768213
194,268546352600041,0.514822556,-0.071275143,0.000636808,-0.472347926,0.791012448,0.231576449,0.312344594,268546.357104546
195,268546385936500,0.535138441,-0.080517498,0.000961673,-0.478420987,0.786175013,0.232856177,0.314356903,268546.390441005
196,268546419272875,0.558748493,-0.085763169,0.000297516,-0.488088654,0.778846514,0.236816875,0.314778325,268546.423777380
197,268546452609375,0.575867800,-0.088873502,-0.000319202,-0.497685086,0.771534090,0.244136748,0.312157019,268546.457113880
198,268546485945666,0.591165498,-0.095816504,0.001624688,-0.505461272,0.764830105,0.251470725,0.310332629,268546.490450171
199,268546519282208,0.612676703,-0.100806348,0.003965730,-0.513133108,0.756561877,0.256506040,0.313868196,268546.523786713
200,268546552618625,0.628389128,-0.104864618,0.006832598,-0.517912752,0.750999161,0.260743507,0.315878960,268546.557123130
201,268546585954958,0.646207794,-0.113961381,0.013095637,-0.524499024,0.744324190,0.265647467,0.316723462,268546.590459463
202,268546619291458,0.661165809,-0.118114287,0.015744705,-0.528282325,0.742251355,0.265613062,0.315325967,268546.623795963
203,268546652627875,0.676092078,-0.121821582,0.018102006,-0.532881788,0.740076293,0.265454328,0.312822847,268546.657132380
204,268546685964125,0.693040185,-0.127811850,0.021861026,-0.537478431,0.737844443,0.263938101,0.311511230,268546.690468630
205,268546719300583,0.706755552,-0.130833907,0.024391071,-0.540984514,0.735650851,0.264879423,0.309826605,268546.723805088
206,268546752636958,0.719916768,-0.133484294,0.026711231,-0.544401372,0.733385958,0.267274130,0.307142923,268546.757141463
207,268546785973416,0.732801149,-0.137054035,0.027747479,-0.548283326,0.732089737,0.270032625,0.300852866,268546.790477921
208,268546819309875,0.744569074,-0.139341095,0.029239618,-0.552945008,0.730563710,0.270760925,0.295325343,268546.823814380
209,268546852646250,0.755774465,-0.141623683,0.031127111,-0.557856547,0.728182710,0.269931457,0.292716715,268546.857150755
210,268546885982583,0.762074077,-0.144356592,0.032790971,-0.563207555,0.724573965,0.269390508,0.291922294,268546.890487088
211,268546919319041,0.771645888,-0.147044990,0.035443222,-0.567583195,0.721392746,0.269400365,0.291316528,268546.923823546
212,268546952655416,0.781396016,-0.149761676,0.038107646,-0.571612223,0.718347206,0.269115623,0.291227734,268546.957159921
213,268546985991875,0.786166718,-0.151511260,0.038525512,-0.579192199,0.714490752,0.265936528,0.288647153,268546.990496380
214,268547019328250,0.795315384,-0.153829134,0.041002585,-0.585895633,0.710958753,0.263510839,0.286052529,268547.023832755
215,268547052664708,0.804376007,-0.155749230,0.043442647,-0.593532056,0.706223125,0.261329263,0.284034621,268547.057169213
216,268547086001041,0.818103972,-0.157911995,0.045572235,-0.604413411,0.698217608,0.261137649,0.281040534,268547.090505546
217,268547119337583,0.827377519,-0.159966194,0.048442308,-0.613039148,0.691504783,0.260404577,0.279631273,268547.123842088
218,268547152673833,0.836885384,-0.162020088,0.051367372,-0.622084406,0.684728218,0.259515801,0.277145920,268547.157178338
219,268547186010250,0.855632863,-0.164957989,0.053137878,-0.634643950,0.674872319,0.259185213,0.273125407,268547.190514755
220,268547219346708,0.866053559,-0.167158342,0.055455583,-0.642563771,0.667305990,0.260262347,0.272172886,268547.223851213
221,268547252683041,0.877041048,-0.169576229,0.057749549,-0.650305039,0.659561767,0.263013783,0.270010064,268547.257187546
222,268547286019541,0.895371060,-0.172913070,0.060451338,-0.662155139,0.647572571,0.267113003,0.266178575,268547.290524046
223,268547319355875,0.906983660,-0.174610332,0.063044861,-0.671863193,0.637769280,0.270536204,0.262031317,268547.323860380
224,268547352692291,0.918142714,-0.176034029,0.066079733,-0.681659456,0.627517040,0.274128870,0.257713340,268547.357196796
225,268547386028625,0.934087287,-0.178312260,0.071298748,-0.692367444,0.618155622,0.275452003,0.250274242,268547.390533130
226,268547419365083,0.944576998,-0.179179991,0.075203569,-0.701585674,0.611549769,0.274414330,0.241828969,268547.423869588
227,268547452701375,0.954949907,-0.179251768,0.079537598,-0.711511704,0.603817241,0.273885204,0.232686018,268547.457205880
228,268547486037833,0.967186466,-0.179742144,0.088799382,-0.725145999,0.592777571,0.269379812,0.224081683,268547.490542338
229,268547519374333,0.975497141,-0.179589114,0.095500715,-0.735901798,0.583197376,0.266704503,0.217251295,268547.523878838
230,268547552710708,0.983076196,-0.179486894,0.102212115,-0.747465606,0.571594541,0.264424256,0.211316621,268547.557215213
231,268547586047083,0.990874168,-0.181417828,0.112163636,-0.763184576,0.556439353,0.259353502,0.201644153,268547.590551588
232,268547619383375,0.998246686,-0.181956872,0.118204545,-0.775413621,0.544321798,0.254667964,0.193885994,268547.623887880
233,268547652719791,1.005687293,-0.182665416,0.123584535,-0.787412824,0.532304879,0.248279416,0.187055995,268547.657224296
234,268547686056291,1.013175528,-0.186645605,0.130210393,-0.802444003,0.516247811,0.243789388,0.173604745,268547.690560796
235,268547719392708,1.020941909,-0.188643334,0.133545061,-0.811386970,0.505164161,0.241309853,0.168017748,268547.723897213
236,268547752729166,1.032230833,-0.192232070,0.136624433,-0.818578256,0.497337551,0.235095409,0.165273111,268547.757233671
237,268547786065416,1.042636690,-0.198262859,0.136478117,-0.823991130,0.492828812,0.233173134,0.154235932,268547.790569921
238,268547819401875,1.051374299,-0.200250979,0.134620170,-0.829544264,0.488923730,0.228705361,0.143191523,268547.823906380
239,268547852738208,1.063126976,-0.202041783,0.130164245,-0.835571235,0.488880422,0.215479846,0.128004427,268547.857242713
240,268547886074666,1.074549152,-0.205666288,0.124050850,-0.839122987,0.488949126,0.208435612,0.115568219,268547.890579171
241,268547919411000,1.083651729,-0.206494293,0.119973569,-0.841140048,0.489348982,0.204062797,0.106674372,268547.923915505
242,268547952747416,1.096034090,-0.208208259,0.116489099,-0.840947990,0.492345452,0.200966833,0.100074066,268547.957251921
243,268547986083833,1.101478414,-0.209454137,0.108641127,-0.839240992,0.495962990,0.199595296,0.099282629,268547.990588338
244,268548019420250,1.111330936,-0.211437572,0.108439338,-0.837493630,0.499611687,0.197020221,0.100874515,268548.023924755
245,268548052756541,1.124003316,-0.214129464,0.109271061,-0.834844022,0.504937745,0.194260568,0.101667193,268548.057261046
246,268548086093000,1.128385373,-0.215012306,0.106206098,-0.832440361,0.510437229,0.188799772,0.104170912,268548.090597505
247,268548119429375,1.137477901,-0.217352049,0.107765645,-0.829817487,0.517144378,0.179121638,0.108995978,268548.123933880
248,268548152765791,1.148098649,-0.221820774,0.109545924,-0.825500973,0.528080045,0.163078851,0.114389468,268548.157270296
249,268548186102208,1.151035633,-0.223863974,0.106316941,-0.821162758,0.537527010,0.152486020,0.116208889,268548.190606713
250,268548219438541,1.157249205,-0.229182673,0.106289231,-0.815422244,0.548955287,0.139161636,0.119869719,268548.223943046
251,268548252774916,1.164556551,-0.235943410,0.104859503,-0.809322921,0.562635915,0.122713987,0.115665756,268548.257279421
252,268548286111333,1.167729925,-0.238877442,0.100727732,-0.807622218,0.568673589,0.116149346,0.104240513,268548.290615838
253,268548319447791,1.171626557,-0.242705652,0.097631269,-0.807213611,0.571878019,0.111324749,0.094702541,268548.323952296
254,268548352784083,1.177175437,-0.247896422,0.095807084,-0.803575426,0.578400085,0.106163586,0.091919651,268548.357288588
255,268548386120541,1.181175815,-0.251005590,0.093944664,-0.801724363,0.580977722,0.108537443,0.089009042,268548.390625046
256,268548419579625,1.187505821,-0.253630694,0.094114268,-0.798992913,0.583573015,0.114167489,0.089547186,268548.427776346
257,268548452885458,1.191976317,-0.255646353,0.094827605,-0.797112464,0.585987761,0.114622322,0.089954658,268548.461082179
258,268548486221500,1.190995478,-0.258848438,0.095820656,-0.793770724,0.590624727,0.113047817,0.091163121,268548.494418221
259,268548519557666,1.196917217,-0.261949666,0.096032718,-0.789117444,0.596750388,0.115341227,0.088764231,268548.527754387
260,268548552893875,1.201566895,-0.264162171,0.095963237,-0.785708117,0.600673500,0.118975658,0.087743643,268548.561090596
261,268548586230083,1.194679081,-0.267622652,0.096667107,-0.782143919,0.604611051,0.121046526,0.089689239,268548.594426804
262,268548619566291,1.199523027,-0.269847728,0.097061504,-0.780071841,0.605803134,0.128100871,0.089892743,268548.627763012
263,268548652902375,1.202523096,-0.270593289,0.096874478,-0.781238636,0.602287968,0.138296552,0.088258230,268548.661099096
264,268548686238500,1.198166487,-0.268514011,0.098008211,-0.782652021,0.595560586,0.154183052,0.094821109,268548.694435221
265,268548719574625,1.200093505,-0.268909477,0.097566208,-0.784815193,0.589240179,0.166831514,0.095018017,268548.727771346
266,268548752910916,1.202262627,-0.269854404,0.097076161,-0.786944287,0.584023724,0.175368698,0.094238275,268548.761107637
267,268548786247041,1.203471515,-0.271708187,0.101632995,-0.789714497,0.579422570,0.180470035,0.089728023,268548.794443762
268,268548819583083,1.205870529,-0.273882739,0.099632824,-0.790255497,0.578112734,0.182252974,0.089809929,268548.827779804
269,268548852919208,1.208419764,-0.276677974,0.097457020,-0.790773552,0.577139525,0.182647300,0.090703771,268548.861115929
270,268548886255458,1.212265799,-0.283537221,0.103564004,-0.790977310,0.576084041,0.185497861,0.089848032,268548.894452179
271,268548919591583,1.214495898,-0.288202093,0.101501821,-0.788794985,0.576550267,0.193333505,0.089523571,268548.927788304
272,268548952927625,1.217102460,-0.293807953,0.099807475,-0.785400677,0.578184004,0.199945213,0.094185985,268548.961124346
273,268548986263916,1.213089550,-0.301150344,0.107564182,-0.781436083,0.580236221,0.208131301,0.096772885,268548.994460637
274,268549019600083,1.215878787,-0.308272824,0.107300221,-0.778386644,0.581763485,0.213109016,0.101242680,268549.027796804
275,268549052936208,1.218716350,-0.315714936,0.107499575,-0.773954683,0.585113004,0.216871154,0.107721289,268549.061132929
276,268549086272333,1.221852179,-0.326867682,0.115667769,-0.769527812,0.586707706,0.224421416,0.115048232,268549.094469054
277,268549119608416,1.222452427,-0.331999320,0.118649529,-0.771014559,0.569225436,0.256701767,0.124992834,268549.127805137
278,268549152944666,1.222454550,-0.337806578,0.122588673,-0.769249292,0.560210961,0.277638816,0.131666042,268549.161141387
279,268549186280750,1.224835736,-0.349631847,0.129433472,-0.769678497,0.545288328,0.300270804,0.141750301,268549.194477471
280,268549219444291,1.222992033,-0.354688769,0.133792033,-0.770373091,0.535723659,0.314882135,0.142740169,268549.224298660
281,268549252761208,1.220889278,-0.359525147,0.136113280,-0.770007768,0.529257104,0.326012828,0.143842430,268549.257615577
282,268549286087833,1.219427476,-0.365159497,0.138305314,-0.768400800,0.526446279,0.332612514,0.147592325,268549.290592338
283,268549319424166,1.216703741,-0.372396203,0.140824318,-0.766000189,0.529289801,0.330811908,0.153816616,268549.323928671
284,268549352760500,1.214063462,-0.377597762,0.141589821,-0.764977450,0.531910027,0.329070477,0.153603054,268549.357265005
285,268549386096916,1.210055213,-0.379982260,0.143012612,-0.762457736,0.532663425,0.333085403,0.154861372,268549.390601421
286,268549419433291,1.206921534,-0.386474334,0.144725569,-0.757766037,0.532017142,0.341316097,0.162023974,268549.423937796
287,268549452769666,1.204908147,-0.391545767,0.147033377,-0.755516795,0.530372101,0.346696796,0.166436748,268549.457274171
288,268549486106041,1.201808949,-0.395558026,0.151705110,-0.753657983,0.528338255,0.351414114,0.171366585,268549.490610546
289,268549519442416,1.198486417,-0.402264148,0.155769817,-0.751505844,0.527133124,0.353466648,0.180086144,268549.523946921
290,268549552778875,1.196077380,-0.407497526,0.159323463,-0.750331256,0.526144215,0.353263934,0.188095500,268549.557283380
291,268549586115208,1.190929838,-0.409847201,0.162813509,-0.747958496,0.527006274,0.352613647,0.196178856,268549.590619713
292,268549619451583,1.187542461,-0.417198551,0.167492017,-0.742063563,0.531617780,0.351742425,0.207368089,268549.623956088
293,268549652787875,1.185247977,-0.422785930,0.170632922,-0.736719831,0.534592421,0.354066070,0.214690720,268549.657292380
294,268549686124375,1.181963671,-0.426480856,0.173618811,-0.731949556,0.536621629,0.357046146,0.220918938,268549.690628880
295,268549719460750,1.178085287,-0.433559676,0.177256813,-0.727777100,0.538261385,0.359774324,0.226224806,268549.723965255
296,268549752797000,1.174804638,-0.438766869,0.179812316,-0.723892360,0.540004216,0.361892725,0.231103886,268549.757301505
297,268549786133458,1.172564685,-0.439638879,0.178532024,-0.719776875,0.543014956,0.362236862,0.236305980,268549.790637963
298,268549819469833,1.168469330,-0.446697997,0.181527546,-0.713250468,0.548892217,0.362025018,0.242753048,268549.823974338
299,268549852806125,1.165146427,-0.451856131,0.183607682,-0.708455065,0.553544057,0.360904720,0.247847199,268549.857310630
300,268549886142625,1.160387889,-0.452849744,0.179405307,-0.702195645,0.558318970,0.360353668,0.255629596,268549.890647130
301,268549919478916,1.156110266,-0.457719441,0.181278335,-0.696456530,0.562156092,0.360362837,0.262806981,268549.923983421
302,268549952815333,1.151299032,-0.462828308,0.183316298,-0.689703618,0.566753021,0.359391270,0.271915244,268549.957319838
303,268549986151750,1.143385220,-0.468786571,0.185172137,-0.680665766,0.574020369,0.355073029,0.284812092,268549.990656255
304,268550019488041,1.136697764,-0.473339792,0.186480457,-0.676102162,0.577909798,0.351975913,0.291580421,268550.023992546
305,268550052824500,1.129033845,-0.477478265,0.187308397,-0.670289893,0.581784145,0.349728541,0.299881091,268550.057329005
306,268550086160875,1.117299667,-0.480518347,0.185889886,-0.658925254,0.590346091,0.347429712,0.310808060,268550.090665380
307,268550119497208,1.108520461,-0.484640491,0.186279684,-0.651268154,0.597194511,0.344611615,0.316940680,268550.124001713
308,268550152833625,1.099095564,-0.488294054,0.186292788,-0.644227203,0.603745825,0.340859973,0.322919221,268550.157338130
309,268550186169916,1.084526889,-0.484233336,0.181867016,-0.633310440,0.613132781,0.337650396,0.330118681,268550.190674421
310,268550219506250,1.073218932,-0.486644843,0.181448248,-0.623741796,0.620849838,0.335649550,0.335903384,268550.224010755
311,268550252842708,1.061872058,-0.488825681,0.181032935,-0.614255579,0.628497005,0.334732394,0.340052755,268550.257347213
312,268550286179083,1.046992018,-0.482704635,0.176802435,-0.600311592,0.637602800,0.335202554,0.347459297,268550.290683588
313,268550319515416,1.034942873,-0.484010810,0.175948349,-0.590047787,0.642510851,0.337831406,0.353402617,268550.324019921
314,268550352851875,1.022568712,-0.485485884,0.174745310,-0.581567523,0.645626909,0.340660198,0.359020603,268550.357356380
315,268550386188125,1.006633056,-0.483203948,0.170063262,-0.573862123,0.647848713,0.341454304,0.366583306,268550.390692630
316,268550419524583,0.993307382,-0.484283132,0.166578765,-0.568657674,0.648611600,0.343152047,0.371723241,268550.424029088
317,268550452861000,0.979772202,-0.485286383,0.162037454,-0.565533036,0.648542237,0.343616880,0.376155347,268550.457365505
318,268550486197291,0.962638416,-0.486982370,0.154468323,-0.564383135,0.648068803,0.343826575,0.378499461,268550.490701796
319,268550519533708,0.949241340,-0.488170693,0.147832667,-0.561378806,0.647059953,0.345960875,0.382724941,268550.524038213
320,268550552870125,0.936193205,-0.490111286,0.141213790,-0.557296561,0.646550724,0.347247494,0.388345123,268550.557374630
321,268550586206333,0.918746543,-0.494176560,0.129075591,-0.551322115,0.645033430,0.348479402,0.398168256,268550.590710838
322,268550619542833,0.905599152,-0.497321743,0.121061694,-0.548120797,0.643025025,0.348492537,0.405752897,268550.624047338
323,268550652879250,0.892048428,-0.500415050,0.112477581,-0.546408489,0.642371416,0.345686817,0.411457659,268550.657383755
324,268550686215500,0.878904724,-0.504131830,0.095850218,-0.541836697,0.640074820,0.348526842,0.418624309,268550.690720005
325,268550719551916,0.867002624,-0.507359911,0.084869926,-0.539147065,0.636089056,0.357095988,0.420943778,268550.724056421
326,268550752888208,0.855839685,-0.511414329,0.073320564,-0.535281220,0.632634459,0.367177234,0.422408084,268550.757392713
327,268550786224625,0.849195393,-0.517062669,0.055340498,-0.531794318,0.630484162,0.377612590,0.420824559,268550.790729130
328,268550819561000,0.840095633,-0.521395892,0.043937242,-0.527054960,0.631440469,0.376772714,0.426073207,268550.824065505
329,268550852897375,0.831042496,-0.525543622,0.032429836,-0.522822055,0.633993317,0.375712503,0.428427055,268550.857401880
330,268550886233791,0.827240031,-0.530074368,0.015204857,-0.519205827,0.632567510,0.389319724,0.422745621,268550.890738296
331,268550919570208,0.820859513,-0.533937425,0.003105764,-0.515446388,0.633642298,0.398092377,0.417534396,268550.924074713
332,268550952906500,0.816311578,-0.538746161,-0.008181918,-0.511858975,0.633673126,0.407786097,0.412515832,268550.957411005
333,268550986242916,0.820983175,-0.544367269,-0.022344564,-0.498213974,0.639716158,0.412973882,0.414727259,268550.990747421
334,268551019579291,0.818234887,-0.552383203,-0.031418596,-0.486796908,0.650995334,0.399433914,0.423894382,268551.024083796
335,268551052915666,0.814233958,-0.562092674,-0.043403715,-0.480295211,0.661093248,0.375734002,0.437145560,268551.057420171
336,268551086252041,0.813758480,-0.565906486,-0.053478913,-0.480778055,0.663673631,0.368268193,0.439053942,268551.090756546
337,268551119588416,0.810328091,-0.569703365,-0.063472080,-0.486273853,0.663152972,0.361718061,0.439233393,268551.124092921
338,268551152924708,0.806725393,-0.574789740,-0.076957596,-0.490261300,0.663064673,0.354139695,0.441105687,268551.157429213
339,268551186261041,0.815855104,-0.570234328,-0.087854280,-0.490646381,0.663495920,0.352517541,0.441328369,268551.190765546
340,268551219597458,0.813814325,-0.574004381,-0.097826487,-0.491049119,0.662713986,0.352674041,0.441929870,268551.224101963
341,268551252933791,0.812018820,-0.578489442,-0.110895396,-0.489556598,0.662794858,0.352718504,0.443426458,268551.257438296
342,268551286270166,0.814294881,-0.576636599,-0.122074000,-0.488588657,0.662978590,0.354006817,0.443192667,268551.290774671
343,268551319606500,0.813275842,-0.577604014,-0.131430240,-0.488720187,0.661915197,0.355144367,0.443726698,268551.324111005
344,268551352942916,0.812201680,-0.577372355,-0.143245087,-0.488197435,0.662501218,0.353674162,0.444600991,268551.357447421
345,268551386279250,0.812383009,-0.569393029,-0.152812202,-0.488428432,0.662022738,0.352806641,0.445747786,268551.390783755
346,268551419615666,0.812015403,-0.566585686,-0.161534901,-0.486763218,0.661993759,0.353536631,0.447032141,268551.424120171
347,268551452951916,0.812151792,-0.561913349,-0.173897330,-0.482203870,0.662034929,0.358899738,0.447638484,268551.457456421
348,268551486288375,0.808265908,-0.560746001,-0.180096465,-0.479098688,0.659786507,0.362500500,0.451375291,268551.490792880
349,268551519624708,0.808946046,-0.556416743,-0.190593785,-0.476214290,0.660678266,0.363165057,0.452587420,268551.524129213
350,268551552961125,0.809222896,-0.549879380,-0.205775101,-0.475765419,0.659662060,0.362046611,0.455428960,268551.557465630
351,268551586297500,0.811438154,-0.542781468,-0.214632940,-0.475305805,0.659324387,0.359590431,0.458334506,268551.590802005
352,268551619633791,0.811266020,-0.537040779,-0.228099020,-0.474699331,0.658790026,0.357358160,0.461466624,268551.624138296
353,268551652970125,0.810638432,-0.529037283,-0.248052813,-0.476227038,0.658726534,0.351620754,0.464381375,268551.657474630
354,268551686306458,0.808562005,-0.526092181,-0.261667654,-0.477398516,0.658304880,0.347406605,0.466941160,268551.690810963
355,268551719642875,0.807301955,-0.519367148,-0.278966054,-0.477314157,0.658557664,0.343082039,0.469859305,268551.724147380
356,268551752979250,0.805040980,-0.510399225,-0.303071397,-0.476124908,0.656952980,0.342662540,0.473603516,268551.757483755
357,268551786315583,0.802074739,-0.505272103,-0.322865921,-0.474177537,0.656976152,0.342208401,0.475848151,268551.790820088
358,268551819651958,0.799971384,-0.498395592,-0.341854079,-0.473748129,0.656623495,0.341797903,0.477056122,268551.824156463
359,268551852988375,0.797031892,-0.488827678,-0.367074612,-0.475948323,0.654567122,0.342297293,0.477333944,268551.857492880
360,268551886324583,0.793716402,-0.481944713,-0.382593957,-0.476788728,0.654404541,0.339223288,0.478910034,268551.890829088
361,268551919661000,0.791239691,-0.475804661,-0.400578896,-0.476774486,0.656295103,0.335848536,0.478715615,268551.924165505
362,268551952997333,0.788600002,-0.468023944,-0.424069338,-0.476828941,0.659056833,0.333797718,0.476295485,268551.957501838
363,268551986333708,0.783422998,-0.465265752,-0.442545983,-0.478272741,0.660635850,0.332351261,0.473664597,268551.990838213
364,268552019670083,0.781956213,-0.460134580,-0.459050750,-0.478614473,0.662582327,0.331778396,0.470994687,268552.024174588
365,268552053006375,0.780328390,-0.454372451,-0.479364091,-0.475999851,0.667192489,0.329435375,0.468775758,268552.057510880
366,268552086342750,0.776662402,-0.451607051,-0.496243816,-0.473365955,0.670849825,0.326107178,0.468550260,268552.090847255
367,268552119679166,0.775569634,-0.446819289,-0.513842959,-0.473698842,0.675151236,0.320468937,0.465918373,268552.124183671
368,268552153015458,0.774877787,-0.442781984,-0.526070504,-0.475925582,0.676395972,0.317907939,0.463592413,268552.157519963
369,268552186351833,0.774047242,-0.440231400,-0.534016595,-0.475881510,0.678410905,0.316761485,0.461473345,268552.190856338
370,268552219688291,0.773933844,-0.435548417,-0.547952884,-0.474196863,0.681661009,0.314729910,0.459805111,268552.224192796
371,268552253024500,0.774348441,-0.432245096,-0.558195557,-0.473936293,0.682888246,0.314507657,0.458402685,268552.257529005
372,268552286360875,0.775760701,-0.432443156,-0.560947081,-0.471865185,0.685035504,0.313998722,0.457683800,268552.290865380
373,268552319697333,0.776854266,-0.428487073,-0.574936344,-0.467673779,0.688692957,0.315022297,0.455789703,268552.324201838
374,268552353033583,0.778053961,-0.425886473,-0.586195537,-0.464218493,0.691948621,0.316418261,0.453417946,268552.357538088
375,268552386370000,0.782187309,-0.428252062,-0.586585051,-0.461074343,0.695261125,0.316341547,0.451608786,268552.390874505
376,268552419706333,0.784847309,-0.425195745,-0.603405828,-0.458459697,0.698667181,0.317378752,0.448274088,268552.424210838
377,268552453042666,0.786984147,-0.422790485,-0.616883905,-0.456685751,0.701248294,0.318008440,0.445600314,268552.457547171
378,268552486378916,0.790751653,-0.423007965,-0.625864784,-0.455928868,0.701846088,0.319312123,0.444500570,268552.490883421
379,268552519715458,0.794376688,-0.420117539,-0.643748118,-0.455521599,0.701238247,0.319306388,0.445879443,268552.524219963
380,268552553051750,0.796989611,-0.418043994,-0.656555047,-0.455333370,0.699312048,0.318454523,0.449689839,268552.557556255
381,268552586388000,0.798631706,-0.417551740,-0.671428646,-0.454544044,0.697739552,0.319796457,0.451972907,268552.590892505
382,268552619724458,0.802465342,-0.414520896,-0.690773710,-0.450284408,0.694467356,0.324914955,0.457590830,268552.624228963
383,268552653060750,0.805607770,-0.412147730,-0.705810660,-0.447453181,0.692548714,0.324242043,0.463712282,268552.657565255
384,268552686397166,0.807722483,-0.410460719,-0.722173467,-0.446507842,0.690039549,0.321229984,0.470412073,268552.690901671
385,268552719733500,0.810201295,-0.404952113,-0.743374739,-0.448723605,0.685722396,0.316456147,0.477794394,268552.724238005
386,268552753069833,0.811930184,-0.399840291,-0.759902914,-0.450643243,0.682763878,0.314378324,0.481581225,268552.757574338
387,268552786406166,0.813065030,-0.395528255,-0.775494638,-0.451705110,0.679494201,0.314687987,0.484996544,268552.790910671
388,268552819742583,0.814857669,-0.389694195,-0.797027222,-0.448584017,0.676889178,0.314522891,0.491598235,268552.824247088
389,268552853078958,0.816120603,-0.385600783,-0.812838090,-0.445869155,0.676462975,0.316819571,0.493177406,268552.857583463
390,268552886415250,0.816521232,-0.382086752,-0.828222078,-0.444153472,0.673784898,0.324184563,0.493605133,268552.890919755
391,268552919751625,0.818248171,-0.376870327,-0.849053261,-0.441699836,0.671521479,0.330433728,0.494746160,268552.924256130
392,268552953088000,0.819258628,-0.373699123,-0.864457418,-0.435942694,0.671825344,0.335846470,0.495794187,268552.957592505
393,268552986424333,0.818193286,-0.371289047,-0.876862603,-0.430397420,0.672156151,0.342524738,0.495621859,268552.990928838
394,268553019760583,0.819289213,-0.368176468,-0.897237806,-0.427988290,0.669842131,0.352326870,0.493966975,268553.024265088
395,268553053096958,0.820041643,-0.366006143,-0.912044527,-0.426424294,0.669660992,0.356231601,0.492763206,268553.057601463
396,268553086433333,0.818053854,-0.363213693,-0.920792778,-0.425671152,0.668380472,0.359893213,0.492492176,268553.090937838
397,268553119769666,0.818753746,-0.361356535,-0.937792680,-0.427427726,0.664837637,0.364302930,0.492523993,268553.124274171
398,268553153106041,0.819164527,-0.360665571,-0.949478660,-0.428360629,0.662895607,0.364899728,0.493887464,268553.157610546
399,268553186442375,0.816289768,-0.360799386,-0.957144563,-0.430769008,0.659224289,0.363490572,0.497730907,268553.190946880
400,268553219901541,0.816204268,-0.360655054,-0.967130285,-0.432971059,0.655379551,0.364884398,0.499873121,268553.228098262
401,268553253207208,0.816090442,-0.360828659,-0.979830943,-0.434063142,0.649962407,0.367339421,0.504182370,268553.261403929
402,268553286543416,0.815289462,-0.361700937,-0.982439049,-0.434356968,0.646375449,0.367976783,0.508060964,268553.294740137
403,268553319879583,0.815317358,-0.362144662,-0.990968363,-0.433912456,0.641954036,0.370898350,0.511907671,268553.328076304
404,268553353215625,0.815488903,-0.362717215,-1.001981724,-0.430611741,0.636249057,0.377866600,0.516698704,268553.361412346
405,268553386551666,0.816166253,-0.364589217,-1.004500388,-0.428288797,0.632700100,0.381839609,0.520055628,268553.394748387
406,268553419887875,0.816168628,-0.365335876,-1.011752962,-0.428075522,0.628492353,0.384002903,0.523727538,268553.428084596
407,268553453223875,0.815583622,-0.365721207,-1.021074124,-0.429304159,0.623321405,0.383799001,0.529024334,268553.461420596
408,268553486560000,0.815874655,-0.365532448,-1.024644306,-0.429090921,0.620586738,0.384218974,0.532098595,268553.494756721
409,268553519896208,0.815379179,-0.366049194,-1.031675068,-0.427284575,0.619191825,0.385362027,0.534345896,268553.528092929
410,268553553232250,0.815319049,-0.366677484,-1.041694772,-0.424485357,0.619209783,0.388855863,0.534024903,268553.561428971
411,268553586568333,0.817559935,-0.361846589,-1.051913754,-0.424218804,0.619868319,0.390633178,0.532172384,268553.594765054
412,268553619904541,0.818068992,-0.361311576,-1.060002370,-0.424870764,0.620236309,0.393126268,0.529380342,268553.628101262
413,268553653240625,0.818443311,-0.360476933,-1.070716670,-0.424881091,0.621537346,0.395915358,0.525755141,268553.661437346
414,268553686576708,0.820068329,-0.354936361,-1.082339358,-0.423571896,0.623238295,0.396366616,0.524456324,268553.694773429
415,268553719912750,0.820093219,-0.354578966,-1.089998852,-0.421914836,0.624839369,0.396833207,0.523533278,268553.728109471
416,268553753248916,0.820134891,-0.353898803,-1.100146099,-0.418904723,0.625901289,0.399719104,0.522485503,268553.761445637
417,268553786585041,0.821292175,-0.350523822,-1.109960736,-0.415704022,0.626792457,0.403848781,0.520795158,268553.794781762
418,268553819921166,0.822164168,-0.349586987,-1.117964739,-0.413164143,0.628242976,0.407122025,0.518515056,268553.828117887
419,268553853257250,0.823681694,-0.348313724,-1.128192109,-0.411904612,0.629427329,0.408204393,0.517228242,268553.861453971
420,268553886593291,0.824917794,-0.344161146,-1.136743712,-0.411014974,0.631975873,0.406513933,0.516158563,268553.894790012
421,268553919929500,0.825624384,-0.343097682,-1.144225833,-0.409580783,0.634344757,0.406014799,0.514783787,268553.928126221
422,268553953265583,0.827085749,-0.341852790,-1.154441907,-0.408920380,0.636337121,0.406798430,0.512224835,268553.961462304
423,268553986601666,0.827797745,-0.339084576,-1.162283910,-0.410250946,0.638213642,0.404599555,0.510565139,268553.994798387
424,268554019937833,0.828541180,-0.338186142,-1.169578886,-0.412397150,0.639734187,0.401827638,0.509120184,268554.028134554
425,268554053273875,0.829397193,-0.336934582,-1.178974766,-0.413674371,0.641774184,0.399088962,0.507668656,268554.061470596
426,268554086610000,0.828803616,-0.335931587,-1.186736805,-0.413456013,0.644734906,0.396039281,0.506481952,268554.094806721
427,268554119946166,0.829621382,-0.335489693,-1.196152625,-0.411795836,0.651028551,0.392042425,0.502880508,268554.128142887
428,268554153282250,0.830394609,-0.334582670,-1.203435784,-0.410761350,0.655166061,0.391640503,0.498648488,268554.161478971
429,268554186618333,0.829065890,-0.334340765,-1.212967071,-0.408470287,0.659405028,0.390630199,0.495726875,268554.194815054
430,268554219954500,0.829267908,-0.332749268,-1.220475569,-0.403679141,0.664655114,0.389811731,0.493278418,268554.228151221
431,268554253290541,0.828898675,-0.330829382,-1.224899433,-0.402614779,0.666795289,0.390830561,0.490445621,268554.261487262
432,268554286626625,0.826939215,-0.328658217,-1.226802219,-0.403512228,0.666524589,0.393097095,0.488259747,268554.294823346
433,268554319962833,0.824446935,-0.324145585,-1.230318990,-0.405918949,0.666801564,0.393045850,0.485922313,268554.328159554
434,268554353298916,0.821625540,-0.320239153,-1.232153384,-0.408964577,0.665912262,0.393471807,0.484240462,268554.361495637
435,268554386634958,0.817254197,-0.318474627,-1.225580948,-0.412988525,0.664795018,0.392966375,0.482768624,268554.394831679
436,268554419971083,0.811677033,-0.312745375,-1.226591545,-0.420379364,0.664529311,0.386200201,0.482215142,268554.428167804
437,268554453307208,0.806790687,-0.308111655,-1.227074662,-0.426440824,0.663481442,0.380655389,0.482744371,268554.461503929
438,268554486643250,0.799242588,-0.306654446,-1.217175970,-0.432938060,0.663291545,0.371697765,0.484200152,268554.494839971
439,268554519979333,0.790506221,-0.301071191,-1.216793859,-0.439812515,0.664416727,0.359879253,0.485388855,268554.528176054
440,268554553315375,0.783611698,-0.296748299,-1.216473513,-0.442582741,0.665215958,0.355429732,0.485054641,268554.561512096
441,268554586651583,0.774381766,-0.295722324,-1.209442577,-0.444758223,0.666907769,0.349798078,0.484835548,268554.594848304
442,268554619987791,0.764184553,-0.290982114,-1.207847404,-0.444915713,0.670190873,0.345563144,0.483198064,268554.628184512
443,268554653323791,0.755969609,-0.287132090,-1.206123456,-0.443431180,0.672442939,0.346008034,0.481110982,268554.661520512
444,268554686659875,0.747010902,-0.285679785,-1.205293963,-0.439508208,0.675360542,0.347933544,0.479231652,268554.694856596
445,268554719995958,0.735285437,-0.281856810,-1.201531773,-0.434284487,0.679374392,0.348117236,0.478186012,268554.728192679
446,268554753332166,0.726078034,-0.278780987,-1.198306359,-0.433408253,0.679945767,0.349341341,0.477275309,268554.761528887
447,268554786668208,0.715973337,-0.275432966,-1.196508121,-0.433536854,0.679908302,0.351148955,0.475883349,268554.794864929
448,268554820004291,0.703491595,-0.271211296,-1.192954863,-0.433165527,0.679902934,0.356082791,0.472551294,268554.828201012
449,268554853340333,0.695065898,-0.268656248,-1.190904210,-0.433691046,0.678569087,0.361892436,0.469563615,268554.861537054
450,268554886676458,0.690336953,-0.269718571,-1.187973839,-0.434488385,0.679160794,0.362584302,0.467432493,268554.894873179
451,268554920012500,0.680953857,-0.268410108,-1.186627577,-0.436489492,0.680541110,0.361247623,0.464586836,268554.928209221
452,268554953348750,0.674496066,-0.267441308,-1.186470233,-0.436499352,0.681446570,0.364643005,0.460580525,268554.961545471
453,268554986684833,0.670906781,-0.268915560,-1.186158104,-0.434752148,0.683386634,0.369047703,0.455825761,268554.994881554
454,268555020020916,0.665062317,-0.268856216,-1.187202161,-0.431640093,0.686851516,0.373717663,0.449729904,268555.028217637
455,268555053356916,0.661195275,-0.268707051,-1.187850799,-0.432085099,0.687276732,0.375747318,0.446953205,268555.061553637
456,268555086693083,0.656672248,-0.268037808,-1.188748539,-0.434161905,0.687558736,0.374833291,0.445271244,268555.094889804
457,268555120029250,0.651455109,-0.266979284,-1.189182090,-0.437662570,0.687247808,0.372864448,0.443975317,268555.128225971
458,268555153365375,0.647592030,-0.266133824,-1.189506840,-0.441619212,0.685935632,0.371051668,0.443605110,268555.161562096
459,268555186701416,0.641695911,-0.263610153,-1.192301654,-0.446314368,0.683923843,0.369994932,0.442894417,268555.194898137
460,268555220037500,0.636076387,-0.262393571,-1.193374729,-0.452167692,0.682099388,0.369204868,0.440423230,268555.228234221
461,268555253373583,0.631835100,-0.262119465,-1.194592364,-0.455089213,0.681556119,0.368770092,0.438615706,268555.261570304
462,268555286709750,0.623228809,-0.261076810,-1.198359993,-0.457870949,0.682254655,0.366806299,0.436275111,268555.294906471
463,268555320045750,0.618440582,-0.261923402,-1.200073608,-0.461121379,0.682835203,0.364893337,0.433539002,268555.328242471
464,268555353381875,0.613360849,-0.262600086,-1.201807423,-0.463309537,0.683556288,0.364060013,0.430761459,268555.361578596
465,268555386718000,0.603084349,-0.261573095,-1.205186676,-0.465263712,0.685681789,0.363470622,0.425745608,268555.394914721
466,268555420054166,0.597246650,-0.261801846,-1.206072105,-0.465348199,0.687752616,0.363966287,0.421872004,268555.428250887
467,268555453390083,0.591212431,-0.261627992,-1.206270496,-0.466419290,0.689668322,0.362205421,0.419067939,268555.461586804
468,268555486726250,0.582141409,-0.259563071,-1.205730448,-0.468818841,0.691588111,0.361114278,0.414139240,268555.494922971
469,268555520062416,0.575805994,-0.257838611,-1.204533079,-0.470635552,0.692414870,0.361979244,0.409920609,268555.528259137
470,268555553398500,0.570056925,-0.256107108,-1.202634132,-0.472139300,0.693866718,0.361148795,0.406454254,268555.561595221
471,268555586734583,0.564362308,-0.254277069,-1.196776496,-0.472871677,0.696505817,0.358950397,0.403021947,268555.594931304
472,268555620070708,0.560075890,-0.253256780,-1.192394391,-0.475204002,0.696989268,0.356041419,0.402021987,268555.628267429
473,268555653406791,0.556606192,-0.252913002,-1.187283336,-0.476325949,0.698510501,0.353438061,0.400347675,268555.661603512
474,268555686742875,0.555262680,-0.255319540,-1.177013847,-0.476218939,0.702129213,0.349216265,0.397841858,268555.694939596
475,268555720078916,0.554851921,-0.258320420,-1.169362859,-0.476744054,0.705846424,0.342843062,0.396174987,268555.728275637
476,268555753415125,0.555468024,-0.262185636,-1.161204764,-0.476338273,0.710142718,0.337568815,0.393505422,268555.761611846
477,268555786751125,0.561118583,-0.269426389,-1.147212933,-0.479420978,0.712884700,0.335688535,0.386347241,268555.794947846
478,268555820087208,0.563492731,-0.273227725,-1.137347915,-0.483588883,0.713447034,0.334615733,0.381008512,268555.828283929
479,268555853423375,0.566062875,-0.276936636,-1.126521238,-0.488838622,0.713450976,0.332046361,0.376523271,268555.861620096
480,268555886759416,0.573115666,-0.285902746,-1.109663012,-0.493010574,0.713899171,0.330011502,0.371995979,268555.894956137
481,268555920095625,0.575927133,-0.290732618,-1.098029693,-0.497105558,0.714444078,0.328140887,0.367123051,268555.928292346
482,268555953431583,0.578891648,-0.295876845,-1.086790745,-0.500745692,0.715482937,0.327741951,0.360448589,268555.961628304
483,268555986767666,0.582976380,-0.305709413,-1.073177379,-0.503895082,0.717838402,0.325133417,0.353675119,268555.994964387
484,268556020103750,0.585578429,-0.312394340,-1.062763728,-0.508104328,0.719471475,0.320016802,0.348970039,268556.028300471
485,268556053440000,0.587422379,-0.319627978,-1.052478547,-0.511472958,0.722010467,0.314483182,0.343797439,268556.061636721
486,268556086775916,0.585943851,-0.330334084,-1.041624616,-0.514674271,0.726199306,0.306079866,0.337727896,268556.094972637
487,268556120112083,0.585632556,-0.337300239,-1.032507496,-0.517209480,0.729492797,0.294698079,0.336879368,268556.128308804
488,268556153448041,0.584110386,-0.342865610,-1.023796108,-0.517043489,0.733110343,0.285106017,0.337534988,268556.161644762
489,268556186784250,0.577955242,-0.346342905,-1.018035778,-0.511431642,0.737982473,0.282602588,0.337572769,268556.194980971
490,268556220120333,0.574295186,-0.347166334,-1.013384985,-0.509708534,0.740380609,0.283574792,0.334094531,268556.228317054
491,268556253456375,0.569777961,-0.346528891,-1.010612588,-0.511276593,0.740606283,0.284554604,0.330344229,268556.261653096
492,268556286792500,0.558568935,-0.342981493,-1.013148353,-0.518674427,0.736722322,0.284557849,0.327481210,268556.294989221
493,268556320128708,0.550031894,-0.340507173,-1.013085670,-0.523238832,0.734982804,0.280199285,0.327886896,268556.328325429
494,268556353464750,0.537422587,-0.337190540,-1.013478237,-0.524163654,0.735765628,0.268517364,0.334364895,268556.361661471
495,268556386800750,0.527728262,-0.333232170,-1.016193186,-0.522098651,0.736806275,0.260311979,0.341712215,268556.394997471
496,268556420136833,0.518063214,-0.328520792,-1.020159360,-0.512746565,0.745465345,0.258375114,0.338547978,268556.428333554
497,268556453473125,0.505984992,-0.321427889,-1.027937328,-0.483994899,0.761997801,0.267386528,0.337064960,268556.461669846
498,268556486809000,0.498931765,-0.313748261,-1.032677315,-0.473490614,0.769535823,0.266866299,0.335266592,268556.495005721
499,268556520145125,0.489075508,-0.306519307,-1.036689452,-0.466084702,0.773968461,0.262880388,0.338573224,268556.528341846
500,268556553481250,0.474894140,-0.294246292,-1.040275711,-0.460314431,0.778340873,0.256734771,0.341150144,268556.561677971
501,268556586817291,0.465500122,-0.284692751,-1.036961402,-0.454450268,0.780980671,0.258337644,0.341768723,268556.595014012
502,268556620153333,0.456270890,-0.275533747,-1.038730867,-0.447604313,0.783980174,0.260031425,0.342650224,268556.628350054
503,268556653489416,0.444535206,-0.263302489,-1.038914725,-0.440713468,0.786409432,0.258955162,0.346805597,268556.661686137
504,268556686825541,0.437602366,-0.250843766,-1.038290733,-0.434895303,0.789040041,0.258644168,0.348403699,268556.695022262
505,268556720161583,0.429200051,-0.240544476,-1.037308277,-0.427324729,0.791738758,0.261919377,0.349201386,268556.728358304
506,268556753497666,0.419922084,-0.226342387,-1.036889191,-0.417778366,0.795410647,0.275108547,0.342196553,268556.761694387
507,268556786833791,0.416973096,-0.215517009,-1.033836187,-0.413658916,0.795824194,0.287173922,0.336275697,268556.795030512
508,268556820169833,0.412884306,-0.204865486,-1.032057602,-0.410882131,0.797362812,0.290647653,0.333035156,268556.828366554
509,268556853505958,0.407634979,-0.192405543,-1.027520651,-0.400543659,0.803585589,0.286413354,0.334338785,268556.861702679
510,268556886842041,0.407407947,-0.188033900,-1.018835259,-0.392155580,0.808751921,0.280474271,0.336850959,268556.895038762
511,268556920178166,0.405172060,-0.180644608,-1.013633620,-0.386319130,0.812874156,0.273541654,0.339364337,268556.928374887
512,268556953514125,0.403210453,-0.169725689,-1.006913073,-0.383069216,0.816238485,0.266414250,0.340640883,268556.961710846
513,268556986850208,0.401215859,-0.159174182,-0.998622954,-0.379346607,0.819463254,0.262845173,0.339836130,268556.995046929
514,268557020186375,0.400623328,-0.150730857,-0.994071927,-0.376229812,0.822892760,0.257059050,0.339439731,268557.028383096
515,268557053522458,0.399586553,-0.138725552,-0.988558604,-0.376941918,0.825002331,0.252201180,0.337165481,268557.061719179
516,268557086858666,0.396582067,-0.127825649,-0.983163690,-0.378461791,0.825903441,0.252582909,0.332944600,268557.095055387
517,268557120194541,0.395341324,-0.117428017,-0.980571879,-0.379323947,0.826379274,0.255258890,0.328715061,268557.128391262
518,268557153530708,0.393701079,-0.104197448,-0.977802127,-0.382514455,0.828178507,0.250217694,0.324336570,268557.161727429
519,268557186866791,0.390902138,-0.093762086,-0.976214339,-0.384589923,0.828576456,0.250055713,0.320973271,268557.195063512
520,268557220202916,0.388982140,-0.083510163,-0.975488323,-0.384890861,0.829694928,0.249696115,0.317989394,268557.228399637
521,268557253539041,0.386551763,-0.071258609,-0.974397857,-0.382406815,0.832955059,0.245428663,0.315777963,268557.261735762
522,268557286875041,0.383889127,-0.064278866,-0.977287683,-0.378864043,0.836079577,0.238889502,0.316804099,268557.295071762
523,268557320211083,0.381167514,-0.056289514,-0.976058532,-0.376583946,0.838651452,0.228869928,0.320104488,268557.328407804
524,268557353547166,0.377265632,-0.045843588,-0.973533700,-0.371655691,0.842440065,0.209532510,0.329033378,268557.361743887
525,268557386883250,0.373452772,-0.038407313,-0.974130734,-0.362851491,0.845973269,0.192647744,0.339933705,268557.395079971
526,268557420219458,0.368286459,-0.028334579,-0.972055071,-0.347263297,0.851561025,0.175826069,0.351194063,268557.428416179
527,268557453555416,0.363985809,-0.020267473,-0.971323450,-0.338724457,0.853538841,0.171766884,0.356697882,268557.461752137
528,268557486891625,0.356919426,-0.009009048,-0.974221450,-0.331691481,0.854916685,0.167059595,0.362200729,268557.495088346
529,268557520227583,0.348198334,0.004127310,-0.973884335,-0.322589782,0.857107062,0.158518364,0.369019374,268557.528424304
530,268557553563666,0.340062505,0.014509946,-0.973596212,-0.315353527,0.858218532,0.153997594,0.374563612,268557.561760387
531,268557586899708,0.332278760,0.025451521,-0.975004152,-0.308951757,0.859136315,0.148739804,0.379881730,268557.595096429
532,268557620235833,0.320079570,0.039855504,-0.975096535,-0.297777085,0.860437227,0.138944444,0.389449715,268557.628432554
533,268557653571833,0.310775347,0.050802987,-0.975598508,-0.289219131,0.862315439,0.134932991,0.393138040,268557.661768554
534,268557686907958,0.302995337,0.062408042,-0.976288022,-0.281480256,0.864531745,0.130967837,0.395222984,268557.695104679
535,268557720244041,0.290285163,0.075357988,-0.976471789,-0.272674977,0.866872883,0.116922245,0.400635749,268557.728440762
536,268557753580166,0.280158619,0.084477407,-0.975496007,-0.263270230,0.869160092,0.105276644,0.405174533,268557.761776887
537,268557786916166,0.272024558,0.092953515,-0.974578180,-0.252113826,0.873002691,0.098574077,0.405694620,268557.795112887
538,268557820252291,0.261007449,0.104563944,-0.975248750,-0.240356562,0.877714741,0.102104743,0.401771366,268557.828449012
539,268557853588416,0.254539810,0.112687590,-0.977177644,-0.234160107,0.881403276,0.102611486,0.397200510,268557.861785137
540,268557886924583,0.250565103,0.120720406,-0.978036336,-0.226861247,0.885361629,0.101005410,0.393022545,268557.895121304
541,268557920260541,0.244154702,0.130245403,-0.979039291,-0.216362880,0.890833962,0.097571994,0.387403815,268557.928457262
542,268557953596541,0.239826045,0.136141890,-0.978798721,-0.206058744,0.895361264,0.094969553,0.383208609,268557.961793262
543,268557986932666,0.243278632,0.134513222,-0.977845969,-0.195442647,0.899072941,0.091443894,0.380930553,268557.995129387
544,268558020268958,0.238621174,0.141055952,-0.973386654,-0.186086088,0.903077768,0.082209512,0.378238236,268558.028465679
545,268558053604833,0.235101601,0.146632247,-0.969047707,-0.181826400,0.906054070,0.074691849,0.374735058,268558.061801554
546,268558086940875,0.235540911,0.150727558,-0.964177248,-0.175639714,0.907915129,0.066092394,0.374796823,268558.095137596
547,268558120277000,0.230670054,0.158000055,-0.956689623,-0.161485398,0.911731784,0.052860889,0.373996524,268558.128473721
548,268558153613208,0.226842131,0.163038580,-0.950993310,-0.147678250,0.913435528,0.046652913,0.376364490,268558.161809929
549,268558186949125,0.218077599,0.178656693,-0.944800418,-0.137376954,0.913548671,0.036885880,0.381045775,268558.195145846
550,268558220285250,0.213711765,0.187987445,-0.936717245,-0.123789714,0.911305397,0.024528171,0.391914534,268558.228481971
551,268558253621208,0.209989120,0.196692502,-0.930955166,-0.111435704,0.909480459,0.015019164,0.400252240,268558.261817929
552,268558286957333,0.203506760,0.208176231,-0.926944762,-0.099388647,0.906736579,0.010052984,0.409694599,268558.295154054
553,268558320293458,0.196366863,0.222588011,-0.922531110,-0.085977071,0.903601954,0.003849574,0.419638756,268558.328490179
554,268558353629500,0.190028000,0.234773085,-0.920094464,-0.076983731,0.900564509,-0.001101137,0.427850338,268558.361826221
555,268558386965541,0.179669087,0.251186540,-0.918504059,-0.066308473,0.897613668,-0.009712415,0.435658825,268558.395162262
556,268558420301666,0.167853628,0.269794797,-0.916218759,-0.051245598,0.895898007,-0.021522913,0.440769177,268558.428498387
557,268558453637708,0.158715155,0.283992396,-0.915392402,-0.039797966,0.895888596,-0.020143569,0.442033975,268558.461834429
558,268558486973791,0.148864203,0.297081492,-0.915957044,-0.028705545,0.896637207,-0.021381432,0.441316890,268558.495170512
559,268558520309916,0.135162771,0.313669067,-0.912820401,-0.013595647,0.897104795,-0.029959193,0.440591245,268558.528506637
560,268558553645958,0.124828912,0.325154257,-0.908660325,-0.001715537,0.898333826,-0.039528867,0.437528189,268558.561842679
561,268558586981916,0.112934899,0.339688281,-0.902323037,0.018021697,0.900241825,-0.044447342,0.432740525,268558.595178637
562,268558620318166,0.105022955,0.348704202,-0.898810815,0.029234732,0.901447664,-0.047453292,0.429285077,268558.628514887
563,268558653654041,0.098583872,0.356762448,-0.894834218,0.038515655,0.903265558,-0.051907311,0.424185762,268558.661850762
564,268558686990208,0.093298529,0.369362560,-0.887181848,0.050771506,0.905527695,-0.059302398,0.417043316,268558.695186929
565,268558720326166,0.090745635,0.377329299,-0.883116628,0.058102946,0.906868724,-0.063145493,0.412584374,268558.728522887
566,268558753662458,0.089510712,0.384553657,-0.878981567,0.065438255,0.908273342,-0.067278694,0.407714364,268558.761859179
567,268558786998416,0.094391947,0.389408958,-0.874176951,0.076130648,0.909428393,-0.070453390,0.402716396,268558.795195137
568,268558820334541,0.096737683,0.395570960,-0.870546889,0.082220595,0.910585477,-0.072586187,0.398503652,268558.828531262
569,268558853670500,0.099866738,0.401494901,-0.866834822,0.087307865,0.911608890,-0.077518978,0.394128698,268558.861867221
570,268558887006708,0.111496249,0.402190927,-0.862683747,0.094841327,0.912738962,-0.079979843,0.389250547,268558.895203429
571,268558920342708,0.116917518,0.407364345,-0.858530016,0.099810238,0.913101100,-0.081267261,0.386884973,268558.928539429
572,268558953678750,0.122847432,0.412054936,-0.853014099,0.102638055,0.912943505,-0.087509472,0.385151570,268558.961875471
573,268558987014750,0.136501848,0.418922070,-0.843321546,0.108889793,0.911479710,-0.096097976,0.384854495,268558.995211471
574,268559020350916,0.143749526,0.425233835,-0.836524376,0.111942720,0.910549788,-0.098127040,0.385667017,268559.028547637
575,268559053686958,0.151129330,0.431812417,-0.830287847,0.110933007,0.909907685,-0.098020093,0.387497081,268559.061883679
576,268559087023083,0.163716443,0.444224842,-0.822294466,0.104206953,0.909685760,-0.101605944,0.388958886,268559.095219804
577,268559120359041,0.171521362,0.452832940,-0.815958258,0.101698572,0.908616662,-0.104355810,0.391386102,268559.128555762
578,268559153695166,0.178673273,0.461060507,-0.809769116,0.101908334,0.907353771,-0.107012643,0.393538019,268559.161891887
579,268559187031166,0.188611564,0.471599182,-0.802514569,0.109596097,0.904814763,-0.107477114,0.397174600,268559.195227887
580,268559220367291,0.194262390,0.476314385,-0.797454995,0.114472195,0.902749108,-0.107357082,0.400518008,268559.228564012
581,268559253703375,0.199367928,0.479947579,-0.793006127,0.118903543,0.900685894,-0.107946500,0.403700970,268559.261900096
582,268559287039458,0.203822650,0.487283249,-0.788710788,0.123753881,0.897655044,-0.113073881,0.407571771,268559.295236179
583,268559320375666,0.207808666,0.490150384,-0.785521175,0.125234328,0.896091987,-0.116212355,0.409670912,268559.328572387
584,268559353711625,0.211329741,0.492503147,-0.783038656,0.127526123,0.894921515,-0.119042211,0.410708625,268559.361908346
585,268559387047583,0.211490600,0.491699398,-0.781679970,0.132597547,0.893306546,-0.120546629,0.412176988,268559.395244304
586,268559420383625,0.213909834,0.492741033,-0.781039189,0.134487673,0.892938484,-0.120600401,0.412346367,268559.428580346
587,268559453719750,0.216050134,0.493717432,-0.780536601,0.135150298,0.892402717,-0.122461985,0.412740722,268559.461916471
588,268559487055875,0.218210612,0.495205909,-0.779495937,0.138985478,0.890872571,-0.131004477,0.412149221,268559.495252596
589,268559520391916,0.219065904,0.495988946,-0.778322690,0.142571995,0.889375403,-0.137861233,0.411921052,268559.528588637
590,268559553727833,0.219330685,0.496570191,-0.777135053,0.146799592,0.888469464,-0.145645792,0.409706295,268559.561924554
591,268559587064000,0.220657387,0.497555235,-0.776564007,0.142728590,0.889536382,-0.148259643,0.407888105,268559.595260721
592,268559620400125,0.221994080,0.499185019,-0.776167962,0.137098134,0.890835679,-0.150614081,0.406117404,268559.628596846
593,268559653736125,0.223782648,0.500751632,-0.775055476,0.136040467,0.891787501,-0.152638376,0.403620642,268559.661932846
594,268559687072166,0.224239188,0.500967493,-0.773413826,0.139444678,0.890596424,-0.153650731,0.404703220,268559.695268887
595,268559720408375,0.224309838,0.500379608,-0.771117606,0.143671981,0.889971703,-0.151504135,0.405407548,268559.728605096
596,268559753744333,0.224841423,0.500719021,-0.766804661,0.141933456,0.889587174,-0.150925537,0.407076270,268559.761941054
597,268559787080416,0.217022673,0.491345842,-0.768609925,0.138944818,0.890117613,-0.145524944,0.408910156,268559.795277137
598,268559820243833,0.218354425,0.493333841,-0.766373250,0.135208985,0.890407852,-0.137471471,0.412303329,268559.825098202
599,268559853570416,0.219441860,0.494718460,-0.763852651,0.132793674,0.890818668,-0.139328716,0.411576848,268559.858074921
600,268559886906791,0.216910214,0.492609740,-0.760130308,0.132242758,0.890429018,-0.141609955,0.411818759,268559.891411296
601,268559920243000,0.217569404,0.494136539,-0.757803532,0.136001395,0.887589992,-0.142126546,0.416518578,268559.924747505
602,268559953579333,0.217815535,0.494431520,-0.756233345,0.142734607,0.884869469,-0.137838441,0.421465860,268559.958083838
603,268559986915583,0.220371455,0.495849586,-0.750922736,0.146581517,0.882056534,-0.132032962,0.427852171,268559.991420088
604,268560020251875,0.220786786,0.495148709,-0.749782296,0.148626670,0.883266515,-0.126140965,0.426425710,268560.024756380
605,268560053588166,0.221227321,0.495262613,-0.748716904,0.153590561,0.882000421,-0.123862455,0.427952501,268560.058092671
606,268560086924458,0.221810124,0.494946324,-0.746936249,0.154134869,0.882115793,-0.124572373,0.427312469,268560.091428963
607,268560120260708,0.221610117,0.494421112,-0.745559031,0.152600648,0.882773768,-0.126005844,0.426082265,268560.124765213
608,268560153597083,0.222641495,0.494717759,-0.744574878,0.149223152,0.884096093,-0.128730242,0.423715858,268560.158101588
609,268560186933333,0.222982013,0.493779335,-0.743865569,0.146022007,0.886403793,-0.132323706,0.418875137,268560.191437838
610,268560220269666,0.222827282,0.493113820,-0.742818628,0.145657996,0.886583488,-0.137442341,0.416968971,268560.224774171
611,268560253605916,0.222682711,0.492316340,-0.741697992,0.144981641,0.887174993,-0.141701446,0.414513702,268560.258110421
612,268560286942166,0.222494472,0.491978978,-0.740229874,0.144755254,0.888527826,-0.146021082,0.410173275,268560.291446671
613,268560320278541,0.222957262,0.491420316,-0.739395365,0.143186213,0.890498256,-0.146627932,0.406215296,268560.324783046
614,268560353614791,0.223653612,0.490657876,-0.738835716,0.140692901,0.892355971,-0.146767471,0.402946265,268560.358119296
615,268560386951125,0.224525399,0.489779919,-0.738484664,0.139599466,0.896897485,-0.147049338,0.393018365,268560.391455630
616,268560420287458,0.225391243,0.488972127,-0.738524822,0.140458644,0.902922177,-0.153106145,0.376246559,268560.424791963
617,268560453623750,0.226832911,0.487666666,-0.739522552,0.145887054,0.909720980,-0.165323629,0.351842090,268560.458128255
618,268560486959958,0.230868256,0.494950900,-0.749538328,0.167488301,0.908941879,-0.194804507,0.328365020,268560.491464463
619,268560520296333,0.233626028,0.493339296,-0.751654498,0.178083899,0.907949576,-0.205170700,0.319090474,268560.524800838
620,268560553632458,0.236873459,0.490706700,-0.751941815,0.185522377,0.906436648,-0.208668754,0.316877665,268560.558136963
621,268560586968833,0.241003674,0.483012454,-0.765732358,0.192591464,0.902307851,-0.216026886,0.319501967,268560.591473338
622,268560620305125,0.244476950,0.481297846,-0.765063150,0.198496871,0.897816219,-0.225186786,0.322204895,268560.624809630
623,268560653641416,0.248780095,0.480528309,-0.764750662,0.204516667,0.893276732,-0.233577265,0.325071265,268560.658145921
624,268560686977708,0.254829234,0.480630381,-0.765221624,0.213710303,0.884910383,-0.243457900,0.334648809,268560.691482213
625,268560720314041,0.260451138,0.483366383,-0.764090470,0.219908564,0.876962991,-0.249128685,0.347147069,268560.724818546
626,268560753650333,0.266465599,0.488289432,-0.762100522,0.225645712,0.867508923,-0.251582471,0.364991226,268560.758154838
627,268560786986625,0.276109382,0.496959965,-0.756880543,0.229962416,0.858822289,-0.241235770,0.389033316,268560.791491130
628,268560820322875,0.283287213,0.506148229,-0.753149110,0.235990002,0.850477932,-0.234119457,0.407656890,268560.824827380
629,268560853659208,0.291184255,0.516370884,-0.749186097,0.245066012,0.841858559,-0.232311341,0.421008683,268560.858163713
630,268560886995500,0.302911191,0.531625492,-0.743089844,0.261574983,0.832058616,-0.235089099,0.428940737,268560.891500005
631,268560920331750,0.312401875,0.543460623,-0.740140316,0.274764172,0.826617847,-0.239385125,0.428838430,268560.924836255
632,268560953668083,0.325300903,0.559990556,-0.737147108,0.291600371,0.822674227,-0.246906518,0.420967415,268560.958172588
633,268560987004333,0.333925939,0.573170323,-0.732361064,0.304262981,0.821257549,-0.249995970,0.412870614,268560.991508838
634,268561020340625,0.342587804,0.586591941,-0.731387633,0.312003455,0.821529917,-0.249686088,0.406693190,268561.024845130
635,268561053676833,0.352049349,0.605423890,-0.730453068,0.316532079,0.819476837,-0.245620309,0.409799797,268561.058181338
636,268561087013208,0.358066555,0.619605854,-0.728560697,0.316588846,0.818014394,-0.237609948,0.417331427,268561.091517713
637,268561120349458,0.361723415,0.634890012,-0.727358953,0.315879166,0.816578330,-0.229776270,0.424997767,268561.124853963
638,268561153685708,0.365098139,0.655101038,-0.725034014,0.314069557,0.815976512,-0.226822586,0.429062014,268561.158190213
639,268561187022000,0.371159454,0.670688897,-0.718396985,0.310393176,0.820642282,-0.222774057,0.424940106,268561.191526505
640,268561220358333,0.373595075,0.685406273,-0.715533756,0.309001147,0.826573646,-0.220585399,0.415495407,268561.224862838
641,268561253694625,0.377080269,0.703977542,-0.709986346,0.309417328,0.833988037,-0.223708865,0.398345664,268561.258199130
642,268561287030833,0.381923580,0.717472269,-0.701259213,0.307021303,0.839043508,-0.224393140,0.389090841,268561.291535338
643,268561320367125,0.385299352,0.730342692,-0.693787594,0.303714107,0.843602156,-0.216321552,0.386391229,268561.324871630
644,268561353703458,0.389458034,0.747130818,-0.680432804,0.301131330,0.845902189,-0.204452008,0.389831807,268561.358207963
645,268561387039750,0.396931606,0.757379262,-0.668636812,0.299352004,0.845317131,-0.195016973,0.397235143,268561.391544255
646,268561420376000,0.400243416,0.768428206,-0.655980755,0.301146460,0.843616083,-0.186026750,0.403753409,268561.424880505
647,268561453712333,0.404718370,0.782557738,-0.638393497,0.305228333,0.840866129,-0.177413594,0.410249056,268561.458216838
648,268561487048708,0.411855952,0.791604425,-0.625697664,0.308045466,0.839885822,-0.173670964,0.411750223,268561.491553213
649,268561520384916,0.416064772,0.801074839,-0.612246703,0.312381769,0.840995550,-0.172099939,0.406848595,268561.524889421
650,268561553721125,0.422382945,0.812571089,-0.594090299,0.316780772,0.844336596,-0.172015868,0.396429375,268561.558225630
651,268561587057458,0.429046740,0.821167801,-0.579711182,0.321293840,0.845396696,-0.173837082,0.389686306,268561.591561963
652,268561620393708,0.433804665,0.828489248,-0.565196930,0.326010308,0.846465139,-0.171765167,0.384331665,268561.624898213
653,268561653730000,0.440040873,0.837234269,-0.544743405,0.326681418,0.848573229,-0.160639145,0.383924269,268561.658234505
654,268561687066208,0.450030239,0.848329687,-0.524348301,0.328175478,0.848757811,-0.152616465,0.385511739,268561.691570713
655,268561720402500,0.454577190,0.854518434,-0.506796207,0.333805965,0.846641901,-0.147778401,0.387211397,268561.724907005
656,268561753738791,0.461008397,0.860485990,-0.482881570,0.344743463,0.843457025,-0.142165432,0.386679757,268561.758243296
657,268561787075166,0.469940875,0.865770932,-0.464499840,0.352882233,0.842591613,-0.140251994,0.381893878,268561.791579671
658,268561820411416,0.475507009,0.868415418,-0.446083585,0.360759191,0.841646751,-0.138231477,0.377326999,268561.824915921
659,268561853747666,0.482870089,0.870999712,-0.421704171,0.372259627,0.839044022,-0.137361822,0.372236057,268561.858252171
660,268561887083916,0.490484185,0.874810117,-0.402169164,0.379456378,0.839049030,-0.132481780,0.366685443,268561.891588421
661,268561920420291,0.495571411,0.874999058,-0.384690967,0.386854933,0.839175113,-0.128467211,0.360034192,268561.924924796
662,268561953756583,0.502252612,0.873628645,-0.362814623,0.397898965,0.839755659,-0.125491715,0.347474791,268561.958261088
663,268561987092833,0.508594348,0.880714226,-0.344165672,0.406233172,0.839390267,-0.126329160,0.338289206,268561.991597338
664,268562020429125,0.514698692,0.877279539,-0.325957730,0.416941813,0.836746656,-0.134066524,0.328695571,268562.024933630
665,268562053765375,0.519167623,0.874058327,-0.313873083,0.424554127,0.835829940,-0.134770667,0.320903452,268562.058269880
666,268562087101666,0.524860044,0.881264756,-0.298999700,0.431199016,0.833550021,-0.139603636,0.315868088,268562.091606171
667,268562120437875,0.530185867,0.876167857,-0.284579358,0.438789405,0.829713935,-0.146222785,0.312502151,268562.124942380
668,268562153774166,0.533904765,0.872128521,-0.274370279,0.443455271,0.827648802,-0.145838995,0.311570095,268562.158278671
669,268562187110416,0.538189449,0.875340186,-0.266345455,0.448528401,0.825010141,-0.147885527,0.310339274,268562.191614921
670,268562220446750,0.541917588,0.870339266,-0.253456644,0.454331056,0.823486347,-0.153480432,0.303145737,268562.224951255
671,268562253782958,0.544929105,0.866752365,-0.244132104,0.455139977,0.825702558,-0.156779987,0.294079879,268562.258287463
672,268562287119291,0.548110786,0.865044396,-0.241723632,0.455512872,0.828047876,-0.161054243,0.284440368,268562.291623796
673,268562320455625,0.551989828,0.861877116,-0.229977882,0.458318400,0.828822311,-0.167193446,0.273942013,268562.324960130
674,268562353791791,0.554538945,0.859718655,-0.220997438,0.459797348,0.829085919,-0.166795793,0.270891406,268562.358296296
675,268562387128125,0.555871070,0.859244550,-0.217760725,0.463056601,0.827397246,-0.165206413,0.271476104,268562.391632630
676,268562420464458,0.558424384,0.857898848,-0.204825253,0.466485784,0.825290697,-0.161138257,0.274446342,268562.424968963
677,268562453800708,0.560305546,0.857393741,-0.194682619,0.466874195,0.825287499,-0.158443633,0.275362849,268562.458305213
678,268562487136958,0.561600445,0.859083196,-0.184231997,0.468333292,0.825282358,-0.154826054,0.274958003,268562.491641463
679,268562520473250,0.564023597,0.860772733,-0.170854304,0.469136097,0.825703586,-0.149462114,0.275292644,268562.524977755
680,268562553809541,0.565431553,0.862834413,-0.160707745,0.471493805,0.824372191,-0.147561662,0.276278287,268562.558314046
681,268562587145833,0.566811096,0.869025396,-0.144890988,0.475891337,0.821204093,-0.147165525,0.278376787,268562.591650338
682,268562620482166,0.568442728,0.873723700,-0.131092019,0.479871482,0.818407857,-0.143123055,0.281864835,268562.624986671
683,268562653818333,0.569863360,0.877806103,-0.120896548,0.482777514,0.816378903,-0.139656260,0.284512812,268562.658322838
684,268562687154625,0.571315243,0.887189749,-0.107297698,0.485180684,0.814896877,-0.136058349,0.286410478,268562.691659130
685,268562720490916,0.574379834,0.893381356,-0.094530562,0.485146771,0.815735198,-0.131320443,0.286293018,268562.724995421
686,268562753827125,0.577413177,0.897887986,-0.086018569,0.482555369,0.817904711,-0.127933966,0.286016003,268562.758331630
687,268562787163416,0.580736679,0.905737490,-0.075565923,0.481995737,0.818947305,-0.128347980,0.283782082,268562.791667921
688,268562820499666,0.586300579,0.911156323,-0.066856963,0.484913135,0.816078793,-0.132433686,0.285194718,268562.825004171
689,268562853835916,0.591068276,0.914467716,-0.061237281,0.485845294,0.814011894,-0.133502312,0.288991649,268562.858340421
690,268562887172333,0.596068821,0.918965246,-0.054675965,0.488728826,0.809541455,-0.138858951,0.294117344,268562.891676838
691,268562920508625,0.603943255,0.923309377,-0.047588096,0.493268649,0.801630047,-0.143937197,0.305544503,268562.925013130
692,268562953844833,0.610402912,0.926220919,-0.042537918,0.496281414,0.796497460,-0.146660406,0.312709661,268562.958349338
693,268562987181125,0.619228880,0.926588443,-0.033916739,0.501412944,0.791609103,-0.150141566,0.315273930,268562.991685630
694,268563020517333,0.628839128,0.929063458,-0.027770867,0.508353704,0.788515917,-0.151384852,0.311290604,268563.025021838
695,268563053853583,0.636077792,0.930380662,-0.023784193,0.514958707,0.785104879,-0.155039599,0.307230590,268563.058358088
696,268563087189958,0.646548908,0.927249552,-0.018726950,0.520944738,0.782652350,-0.157048376,0.302337130,268563.091694463
697,268563120526166,0.656582240,0.928408092,-0.013175464,0.530073638,0.778448679,-0.159368385,0.296042841,268563.125030671
698,268563153862458,0.664249647,0.928895630,-0.008332307,0.535945597,0.774841502,-0.163237455,0.292808042,268563.158366963
699,268563187198750,0.675856884,0.924111982,-0.003999965,0.541274968,0.770078500,-0.165461616,0.294317889,268563.191703255
700,268563220535000,0.683942267,0.924536767,0.002725485,0.547920289,0.764378928,-0.168481857,0.295164579,268563.225039505
701,268563253871250,0.692384308,0.924507072,0.010023040,0.554063361,0.759162873,-0.167054416,0.297957044,268563.258375755
702,268563287207500,0.702897586,0.917906758,0.015252041,0.563684589,0.751122743,-0.170720726,0.298209316,268563.291712005
703,268563320543750,0.712031595,0.916461990,0.023313131,0.568188879,0.746298344,-0.169189343,0.302613945,268563.325048255
704,268563353880000,0.721272839,0.915062882,0.031763401,0.573421610,0.739715721,-0.171113229,0.307780158,268563.358384505
705,268563387216291,0.731337102,0.906070305,0.036993221,0.580999931,0.729937943,-0.174176709,0.315106660,268563.391720796
706,268563420552583,0.740009066,0.903739848,0.045533329,0.585966442,0.722846110,-0.174973448,0.321747068,268563.425057088
707,268563453888916,0.748465517,0.901535543,0.054138373,0.592821857,0.715153508,-0.178987076,0.324162592,268563.458393421
708,268563487225166,0.757703323,0.894720362,0.061683164,0.598057455,0.709238130,-0.181451857,0.326165344,268563.491729671
709,268563520561416,0.764414035,0.892053707,0.070005570,0.604366410,0.705675644,-0.187223127,0.318921123,268563.525065921
710,268563553897666,0.770496394,0.889094068,0.078132438,0.603824141,0.707345750,-0.184763196,0.317680675,268563.558402171
711,268563587233958,0.773920044,0.882688285,0.085279643,0.605423440,0.706588296,-0.187061425,0.314965894,268563.591738463
712,268563620570208,0.776803980,0.880502748,0.094862058,0.607672039,0.705703378,-0.178371331,0.317649423,268563.625074713
713,268563653906500,0.777832583,0.877668382,0.105005271,0.611468882,0.703317903,-0.171452477,0.319458659,268563.658411005
714,268563687242750,0.773053647,0.874046091,0.116109747,0.615196499,0.703255603,-0.161631788,0.317553212,268563.691747255
715,268563720579000,0.772685520,0.870535189,0.126673937,0.616462350,0.705842157,-0.151935938,0.314128229,268563.725083505
716,268563753915291,0.772793117,0.866677181,0.137372555,0.618093615,0.710089265,-0.145887414,0.304056632,268563.758419796
717,268563787251625,0.771186602,0.862497559,0.149219547,0.619716695,0.716341301,-0.136873950,0.289951608,268563.791756130
718,268563820587875,0.772249074,0.856726827,0.158629877,0.621816820,0.717626861,-0.132422178,0.284288499,268563.825092380
719,268563853924125,0.773405669,0.850383730,0.168198815,0.622232579,0.718567261,-0.125903767,0.283964792,268563.858428630
720,268563887260291,0.779959121,0.842831119,0.183899457,0.624233937,0.717229448,-0.124949348,0.283375415,268563.891764796
721,268563920596708,0.781945241,0.836052359,0.193014949,0.624772005,0.715863874,-0.121364501,0.287175151,268563.925101213
722,268563953932958,0.784299297,0.828901888,0.202022328,0.624999609,0.714508537,-0.123081314,0.289316579,268563.958437463
723,268563987269208,0.792925572,0.817356744,0.217503393,0.622771890,0.712824821,-0.126027407,0.296905865,268563.991773713
724,268564020605458,0.796892278,0.809960499,0.225553327,0.616950121,0.713759351,-0.129914430,0.305028573,268564.025109963
725,268564053941750,0.801326662,0.803032687,0.233463561,0.610200056,0.716747518,-0.130985320,0.311081640,268564.058446255
726,268564087278000,0.810270344,0.792506102,0.246162748,0.604333816,0.718392609,-0.134855712,0.317027898,268564.091782505
727,268564120614333,0.815555450,0.784272874,0.251905741,0.599110410,0.718294245,-0.138373777,0.325534705,268564.125118838
728,268564153950500,0.820786247,0.776012751,0.257161808,0.593226538,0.721714290,-0.138679509,0.328601285,268564.158455005
729,268564187286791,0.831517676,0.765546354,0.265225585,0.581231205,0.731230773,-0.133244241,0.331236877,268564.191791296
730,268564220623125,0.837366888,0.756805389,0.268140500,0.569536070,0.739258020,-0.128055051,0.335750208,268564.225127630
731,268564253959208,0.845202139,0.745954305,0.271889896,0.551398353,0.752658174,-0.132044708,0.334708497,268564.258463713
732,268564287295666,0.853583056,0.735875307,0.268901084,0.540297728,0.763676718,-0.135959674,0.326176725,268564.291800171
733,268564320631875,0.860622919,0.727001330,0.269051856,0.523806432,0.779702221,-0.132426168,0.316472167,268564.325136380
734,268564353968250,0.870045702,0.713760061,0.268390532,0.501158162,0.797107633,-0.133784406,0.309130562,268564.358472755
735,268564387304500,0.876038962,0.706753290,0.259429269,0.492580273,0.804339914,-0.138355837,0.302092193,268564.391809005
736,268564420640750,0.882443857,0.695541902,0.257225156,0.484959871,0.811162345,-0.131137073,0.299387199,268564.425145255
737,268564453976875,0.890647010,0.678975953,0.254207568,0.465761731,0.820383484,-0.117011457,0.310395427,268564.458481380
738,268564487313208,0.892241627,0.673286543,0.244317346,0.453826994,0.822991224,-0.122257934,0.319029084,268564.491817713
739,268564520649541,0.897513073,0.663133892,0.242235514,0.441342721,0.824953062,-0.120024517,0.332059057,268564.525154046
740,268564553985708,0.904299294,0.648393184,0.238637617,0.419592540,0.832372768,-0.114097754,0.343626877,268564.558490213
741,268564587322083,0.905133086,0.639610251,0.228837400,0.393243624,0.843602970,-0.117896315,0.346112690,268564.591826588
742,268564620658333,0.910062301,0.630178378,0.225040600,0.363840935,0.853868488,-0.128557794,0.349286882,268564.625162838
743,268564653994500,0.915734940,0.617959442,0.219371141,0.335321899,0.867348628,-0.152758009,0.334560346,268564.658499005
744,268564687330750,0.918568466,0.602970118,0.210308562,0.312991160,0.882235090,-0.150868318,0.317705182,268564.691835255
745,268564720667166,0.922806322,0.590386898,0.203245766,0.296285333,0.893954131,-0.142456183,0.304577252,268564.725171671
746,268564754003333,0.927368089,0.572756767,0.196050054,0.283321609,0.899279393,-0.135867926,0.304245623,268564.758507838
747,268564787339583,0.927733544,0.556688518,0.191354955,0.276280981,0.898680363,-0.127720678,0.315800422,268564.791844088
748,268564820675916,0.929631681,0.541956190,0.188534907,0.269616225,0.898820158,-0.118323443,0.324698369,268564.825180421
749,268564854012250,0.931671289,0.522585479,0.185426842,0.259527189,0.905662432,-0.103509279,0.318915475,268564.858516755
750,268564887348375,0.929276353,0.508135927,0.181187981,0.252743627,0.913349753,-0.095499345,0.304619133,268564.891852880
751,268564920684791,0.931636781,0.493527822,0.177018540,0.245786387,0.921567826,-0.085311311,0.288138556,268564.925189296
752,268564954020916,0.934989658,0.474076559,0.171858051,0.232963692,0.930547053,-0.065351023,0.274844315,268564.958525421
753,268564987357166,0.931108641,0.462029269,0.170332028,0.224714490,0.935061452,-0.049771867,0.269603956,268564.991861671
754,268565020693458,0.932086285,0.447718820,0.168856026,0.219820120,0.938463651,-0.041355481,0.263163195,268565.025197963
755,268565054029750,0.933327041,0.428995629,0.166466894,0.214362513,0.942836001,-0.034065420,0.252880583,268565.058534255
756,268565087366000,0.931321959,0.420507921,0.164198884,0.207107690,0.946376440,-0.033635079,0.245655803,268565.091870505
757,268565120702250,0.932236252,0.408583940,0.162720494,0.195347147,0.949561202,-0.033985224,0.242936358,268565.125206755
758,268565154038416,0.933256084,0.394417613,0.161369529,0.174411470,0.951516835,-0.032892433,0.251225979,268565.158542921
759,268565187374791,0.931442768,0.388757957,0.158542998,0.156604805,0.951790063,-0.033890487,0.261576181,268565.191879296
760,268565220710958,0.931763483,0.380356481,0.159044171,0.138809482,0.950747273,-0.040811281,0.274127786,268565.225215463
761,268565254047291,0.932533870,0.371408170,0.159233610,0.117292059,0.949768128,-0.054881456,0.284905521,268565.258551796
762,268565287383583,0.930920108,0.374040399,0.160149720,0.103230726,0.949878000,-0.064289193,0.287996796,268565.291888088
763,268565320719750,0.931668229,0.370445619,0.158811632,0.089998962,0.949689861,-0.069451477,0.291831972,268565.325224255
764,268565354056083,0.931438748,0.367124181,0.156616445,0.077003616,0.947428034,-0.073800260,0.301668922,268565.358560588
765,268565387392333,0.924682067,0.382818035,0.160403424,0.068657606,0.945087464,-0.073807026,0.310883248,268565.391896838
766,268565420728666,0.920959270,0.382498156,0.157180941,0.059711891,0.943023106,-0.069389713,0.319885967,268565.425233171
767,268565454064875,0.916796390,0.383202643,0.153208996,0.050731737,0.941716356,-0.065078663,0.326130981,268565.458569380
768,268565487401208,0.911373819,0.383588476,0.149713394,0.042886601,0.940382057,-0.060912170,0.331861549,268565.491905713
769,268565520737375,0.902734662,0.385828645,0.139631486,0.034354896,0.939522339,-0.050098685,0.337057400,268565.525241880
770,268565554073666,0.895653497,0.387386253,0.130951946,0.030718981,0.939975355,-0.047551580,0.336513859,268565.558578171
771,268565587409875,0.888701976,0.386328827,0.123080317,0.026831900,0.941180886,-0.041170141,0.334310727,268565.591914380
772,268565620746250,0.879402833,0.387902511,0.109384005,0.018973853,0.941636592,-0.035680061,0.334196810,268565.625250755
773,268565654082375,0.871824278,0.389055466,0.099521152,0.014557388,0.940639040,-0.034678241,0.337318471,268565.658586880
774,268565687418666,0.863969761,0.387954771,0.088772299,0.008796116,0.939535834,-0.028307169,0.341165359,268565.691923171
775,268565720754875,0.853376795,0.387085723,0.076285854,0.001316304,0.938828558,-0.013260809,0.344127026,268565.725259380
776,268565754091250,0.845303501,0.385395396,0.067404615,-0.006358172,0.937742645,-0.002747283,0.347261877,268565.758595755
777,268565787427458,0.840674683,0.379607738,0.056801399,-0.014217067,0.936043004,0.008561654,0.351494126,268565.791931963
778,268565820763708,0.830228927,0.374951414,0.044117770,-0.026691113,0.934559468,0.013759471,0.354537608,268565.825268213
779,268565854099958,0.822453602,0.370708602,0.034219980,-0.034701962,0.935747796,0.008865763,0.350846530,268565.858604463
780,268565887436250,0.816748464,0.363364455,0.022845464,-0.044143202,0.937320092,0.004455234,0.345633660,268565.891940755
781,268565920772458,0.806914319,0.356760345,0.009022774,-0.053932269,0.936824087,0.007712465,0.345532214,268565.925276963
782,268565954108791,0.798408412,0.351529401,-0.000025495,-0.060879977,0.937219051,0.013808695,0.343108513,268565.958613296
783,268565987445083,0.795388073,0.344970195,-0.009196026,-0.070320939,0.937496263,0.024226662,0.339954179,268565.991949588
784,268566020781333,0.782697158,0.337465487,-0.020728419,-0.083591463,0.935418903,0.042865561,0.340832129,268566.025285838
785,268566054117500,0.772071288,0.332134904,-0.028707719,-0.093869456,0.933846816,0.049937142,0.341504004,268566.058622005
786,268566087453750,0.767938845,0.327512182,-0.038234349,-0.105296746,0.931971346,0.054133649,0.342653771,268566.091958255
787,268566120790041,0.754761909,0.321542101,-0.049257117,-0.117618626,0.928253335,0.051709060,0.349052763,268566.125294546
788,268566154126208,0.744900604,0.317869539,-0.057726080,-0.124435336,0.925625207,0.055179869,0.353113378,268566.158630713
789,268566187462541,0.738067152,0.316071426,-0.068316964,-0.129853590,0.925232818,0.062306834,0.350998846,268566.191967046
790,268566220798833,0.725498543,0.313781942,-0.080913139,-0.142203375,0.927963525,0.067853852,0.337724451,268566.225303338
791,268566254135041,0.716408838,0.313037181,-0.091158207,-0.152095483,0.928384527,0.071433089,0.331461161,268566.258639546
792,268566287471291,0.705605082,0.313860895,-0.100971522,-0.164314882,0.926352621,0.076427548,0.330197401,268566.291975796
793,268566320807583,0.694411011,0.312719401,-0.111501997,-0.180948689,0.921158504,0.079827368,0.335189837,268566.325312088
794,268566354266625,0.684671872,0.310947929,-0.120455469,-0.202314331,0.916225216,0.082113257,0.335943049,268566.362463346
795,268566387572291,0.677578786,0.311531878,-0.126659352,-0.218572333,0.911559100,0.085008168,0.337727416,268566.395769012
796,268566420908291,0.671646574,0.310152352,-0.132607670,-0.234369065,0.908402795,0.083117623,0.336105664,268566.429105012
797,268566454244291,0.665911486,0.307893702,-0.140099619,-0.253567060,0.905512900,0.075463648,0.331746023,268566.462441012
798,268566487580333,0.662750170,0.309557724,-0.144352126,-0.267168373,0.903241916,0.064005019,0.329664241,268566.495777054
799,268566520916416,0.662296448,0.307566860,-0.149588337,-0.278554756,0.901295532,0.050425727,0.327919063,268566.529113137
800,268566554252375,0.664016502,0.304430090,-0.156069331,-0.289397392,0.898231138,0.035650119,0.328875500,268566.562449096
801,268566587588416,0.670835296,0.305471259,-0.153683816,-0.299701755,0.895653773,0.033882644,0.326856537,268566.595785137
802,268566620924583,0.674643081,0.302764656,-0.156770730,-0.308798261,0.892186670,0.035754133,0.327670986,268566.629121304
803,268566654260416,0.680566645,0.298420146,-0.160389061,-0.321803917,0.885784001,0.050436996,0.330582979,268566.662457137
804,268566687596416,0.697573517,0.299169290,-0.160400895,-0.331931410,0.880565548,0.059064303,0.333072539,268566.695793137
805,268566720932541,0.705114591,0.294886118,-0.162533133,-0.339980903,0.875159656,0.066396528,0.337787088,268566.729129262
806,268566754268625,0.717756700,0.289270125,-0.166365881,-0.352188268,0.866681475,0.078737990,0.344422744,268566.762465346
807,268566787604500,0.738204059,0.282464776,-0.163576338,-0.361912720,0.859745702,0.086677420,0.349776483,268566.795801221
808,268566820940500,0.750015247,0.276927582,-0.167095418,-0.371099932,0.851987928,0.093444994,0.357308686,268566.829137221
809,268566854276583,0.767244768,0.268446781,-0.173287295,-0.379300281,0.844110662,0.099251923,0.365728856,268566.862473304
810,268566887612541,0.787061370,0.257813342,-0.178875247,-0.383991564,0.840270128,0.102859217,0.368668719,268566.895809262
811,268566920948666,0.801626118,0.249745195,-0.185419763,-0.388478539,0.837707374,0.103575760,0.369598289,268566.929145387
812,268566954284666,0.821068361,0.238927172,-0.194925126,-0.393020017,0.836928854,0.097077421,0.368322396,268566.962481387
813,268566987620666,0.831565080,0.227799144,-0.206872292,-0.392701745,0.837479343,0.086012563,0.370156158,268566.995817387
814,268567020956666,0.844957918,0.220677258,-0.214301534,-0.390773251,0.838372044,0.074303902,0.372703053,268567.029153387
815,268567054292666,0.860783882,0.212325247,-0.223262498,-0.388763196,0.839337706,0.063531288,0.374618767,268567.062489387
816,268567087628708,0.868070281,0.203574944,-0.229600175,-0.388905449,0.838908868,0.062291986,0.375638423,268567.095825429
817,268567120964666,0.876213609,0.198115847,-0.235461748,-0.393942064,0.837589241,0.067643815,0.372395329,268567.129161387
818,268567154300708,0.884141486,0.190951415,-0.242776484,-0.395163618,0.840407429,0.070450594,0.364139857,268567.162497429
819,268567187636791,0.887310696,0.185743533,-0.247490328,-0.395410905,0.842196198,0.070228285,0.359755224,268567.195833512
820,268567220972750,0.892417746,0.182034228,-0.253404550,-0.400975124,0.840324648,0.073186681,0.357375431,268567.229169471
821,268567254308666,0.895165352,0.177367242,-0.260434874,-0.411350934,0.834803290,0.077396482,0.357636288,268567.262505387
822,268567287644833,0.890958437,0.175666961,-0.264328074,-0.415806449,0.831917410,0.077705075,0.359138405,268567.295841554
823,268567320980708,0.890958923,0.172529567,-0.269087224,-0.416819558,0.830532616,0.077817444,0.361139208,268567.329177429
824,268567354316708,0.890594762,0.168951637,-0.274965269,-0.415807108,0.829302116,0.080326963,0.364568349,268567.362513429
825,268567387652791,0.882081870,0.170101666,-0.279092254,-0.418252618,0.827002948,0.086898104,0.365485491,268567.395849512
826,268567420988875,0.878784941,0.168118364,-0.282926562,-0.419869431,0.825441946,0.090930460,0.366178862,268567.429185596
827,268567454324916,0.873402377,0.165664568,-0.288264478,-0.413946506,0.828488734,0.090101976,0.366246360,268567.462521637
828,268567487660791,0.862814806,0.168369238,-0.291697582,-0.404417090,0.833712609,0.089970880,0.365069029,268567.495857512
829,268567520996833,0.858119481,0.167115225,-0.297198052,-0.386948444,0.843773615,0.092429303,0.360241398,268567.529193554
830,268567554332875,0.854529580,0.166340905,-0.300982406,-0.377875447,0.848716741,0.095307838,0.357500363,268567.562529596
831,268567587668875,0.841964677,0.170560088,-0.299477521,-0.363675887,0.855715343,0.088947223,0.357182790,268567.595865596
832,268567621004958,0.834256575,0.171156135,-0.305192646,-0.347042676,0.865845740,0.081527474,0.351035411,268567.629201679
833,268567654340833,0.828654862,0.172880076,-0.309829470,-0.338441425,0.871546101,0.075605514,0.346624661,268567.662537554
834,268567687676875,0.820373856,0.175739888,-0.311246485,-0.329969951,0.876648109,0.067984221,0.343491082,268567.695873596
835,268567721012916,0.808648250,0.179774975,-0.316244532,-0.319825571,0.882524760,0.059858150,0.339527182,268567.729209637
836,268567754349000,0.799333771,0.183334928,-0.319544873,-0.311587426,0.887041450,0.055785287,0.336093435,268567.762545721
837,268567787684916,0.792235018,0.193073512,-0.328754707,-0.301013756,0.892032041,0.055763041,0.332505780,268567.795881637
838,268567821020916,0.779115128,0.198847986,-0.331894048,-0.290617200,0.897238236,0.058375908,0.327257539,268567.829217637
839,268567854357000,0.768769912,0.203781657,-0.333376222,-0.284744997,0.899465254,0.057736634,0.326418562,268567.862553721
840,268567887693000,0.758889014,0.213258377,-0.338510073,-0.278094448,0.902543210,0.055525541,0.324031170,268567.895889721
841,268567921029041,0.744437072,0.221641465,-0.340170699,-0.267465984,0.906952221,0.054119722,0.320890519,268567.929225762
842,268567954365125,0.734334333,0.228523995,-0.341029325,-0.257799562,0.909734023,0.052331254,0.321224045,268567.962561846
843,268567987701000,0.725075111,0.237076399,-0.342993647,-0.248931706,0.912633586,0.052060734,0.320035430,268567.995897721
844,268568021037083,0.712764564,0.247471656,-0.343514527,-0.236001298,0.914981425,0.051404251,0.323218247,268568.029233804
845,268568054373041,0.704105756,0.256006025,-0.343914002,-0.225990695,0.915793941,0.047145110,0.328674695,268568.062569762
846,268568087709041,0.696278500,0.265657021,-0.345780579,-0.214500001,0.916736599,0.043515450,0.334200862,268568.095905762
847,268568121045083,0.686113951,0.279103505,-0.348125661,-0.198194451,0.919173785,0.040874248,0.337887352,268568.129241804
848,268568154381166,0.679233936,0.289758219,-0.350555497,-0.186257576,0.920399836,0.039576237,0.341476255,268568.162577887
849,268568187717125,0.673486682,0.299696245,-0.352518770,-0.172983040,0.922436332,0.042512472,0.342608851,268568.195913846
850,268568221053166,0.665017817,0.315679753,-0.357777307,-0.153438538,0.926568734,0.047448395,0.340111303,268568.229249887
851,268568254388958,0.659413642,0.328074719,-0.363076462,-0.135628023,0.930034521,0.056506445,0.336820286,268568.262585679
852,268568287725041,0.654790306,0.338818639,-0.366566336,-0.113391440,0.933109538,0.071509553,0.333669611,268568.295921762
853,268568321061208,0.648623645,0.355115478,-0.375252796,-0.084583104,0.933758506,0.089975020,0.335924546,268568.329257929
854,268568354397166,0.643953674,0.366982716,-0.382095543,-0.067820797,0.934476751,0.099887844,0.334926878,268568.362593887
855,268568387733166,0.638728232,0.380110560,-0.388870791,-0.052037817,0.935035953,0.103110071,0.335213662,268568.395929887
856,268568421069250,0.630944022,0.397640643,-0.399578342,-0.036310955,0.934640494,0.098813233,0.339653735,268568.429265971
857,268568454405208,0.624742434,0.409950075,-0.408249510,-0.024955321,0.936546423,0.101774197,0.334514716,268568.462601929
858,268568487741166,0.618964117,0.422573261,-0.419178680,-0.018229734,0.936668480,0.107420465,0.332837395,268568.495937887
859,268568521077208,0.609172640,0.435036603,-0.430987967,-0.014607140,0.936890791,0.103726287,0.333561371,268568.529273929
860,268568554413125,0.600249981,0.443192106,-0.439299362,-0.011316133,0.937763507,0.093248830,0.334329565,268568.562609846
861,268568587749083,0.589316765,0.454024772,-0.451569712,-0.007602278,0.939123581,0.077287728,0.334687563,268568.595945804
862,268568621085208,0.580181727,0.459395120,-0.460138765,-0.006679784,0.939641608,0.069406341,0.334980360,268568.629281929
863,268568654421166,0.570368873,0.463129427,-0.467686669,-0.008331236,0.938867765,0.063943175,0.338185207,268568.662617887
864,268568687757208,0.558986729,0.466916814,-0.478106139,-0.011843960,0.936964047,0.055907810,0.344720852,268568.695953929
865,268568721093166,0.547895190,0.467525674,-0.484751944,-0.016220466,0.933376423,0.052858311,0.354614440,268568.729289887
866,268568754429125,0.536522939,0.466916471,-0.491485151,-0.017794598,0.926526050,0.049400720,0.372548591,268568.762625846
867,268568787765125,0.520088103,0.461521704,-0.498597777,-0.012429216,0.913417580,0.035905205,0.405246478,268568.795961846
868,268568821101208,0.506649718,0.457396321,-0.506816765,-0.008648241,0.908656011,0.030471998,0.416342373,268568.829297929
869,268568854437166,0.492766532,0.452671923,-0.517531284,-0.000961650,0.907412471,0.024656913,0.419516117,268568.862633887
870,268568887773166,0.473521671,0.443477472,-0.532577235,0.008653473,0.907940584,0.017648653,0.418637780,268568.895969887
871,268568921109208,0.458351217,0.438073362,-0.546040963,0.009250253,0.909656369,0.017855715,0.414874620,268568.929305929
872,268568954445083,0.441681515,0.433114131,-0.558989200,0.007202801,0.910270516,0.017957055,0.413561729,268568.962641804
873,268568987781125,0.419384517,0.425905747,-0.572369178,0.004998861,0.910431122,0.014989399,0.413358869,268568.995977846
874,268569021117208,0.402169752,0.420054976,-0.582828233,0.006384679,0.912408011,0.013066867,0.409023431,268569.029313929
875,268569054453208,0.385916819,0.414057349,-0.592279029,0.006738545,0.913070701,0.011201408,0.407591792,268569.062649929
876,268569087789208,0.363652973,0.405568945,-0.602455977,-0.000907007,0.912100217,0.006850039,0.409909138,268569.095985929
877,268569121125166,0.347689531,0.400791660,-0.608721619,-0.011357096,0.910262214,0.001828737,0.413872478,268569.129321887
878,268569154461250,0.332033495,0.396845276,-0.614755989,-0.024053610,0.907539268,-0.002319405,0.419271481,268569.162657971
879,268569187797208,0.309649876,0.392613251,-0.622247926,-0.035311930,0.903035271,-0.007994782,0.428037971,268569.195993929
880,268569221133166,0.295670490,0.388080662,-0.629077181,-0.037132494,0.899841751,-0.015672058,0.434350598,268569.229329887
881,268569254469208,0.282873648,0.383540295,-0.636641921,-0.036392229,0.895517788,-0.018653340,0.443142870,268569.262665929
882,268569287805250,0.265254594,0.382951832,-0.649901952,-0.038493829,0.890638864,-0.009732913,0.452974571,268569.296001971
883,268569321141125,0.251798411,0.380534934,-0.657634311,-0.045022095,0.888977984,-0.000192830,0.455731469,268569.329337846
884,268569354477166,0.238031262,0.379405837,-0.665246434,-0.053986736,0.888375646,0.007391033,0.455872318,268569.362673887
885,268569387813166,0.220734076,0.382263977,-0.677807882,-0.061421049,0.889595440,0.008768835,0.452515821,268569.396009887
886,268569421149250,0.207476716,0.383532680,-0.685778597,-0.063565523,0.890895600,0.007227961,0.449680179,268569.429345971
887,268569454485166,0.194621099,0.384821522,-0.693584670,-0.064591399,0.891331188,0.008124932,0.448654325,268569.462681887
888,268569487821125,0.177863139,0.388255719,-0.702866267,-0.070364096,0.888923600,0.020970168,0.452132761,268569.496017846
889,268569521157125,0.163787419,0.389770779,-0.709325286,-0.075604540,0.886496623,0.037528148,0.454971848,268569.529353846
890,268569554493250,0.148832587,0.391286788,-0.715595103,-0.079052735,0.884066264,0.055572743,0.457262758,268569.562689971
891,268569587829083,0.133182958,0.395368329,-0.725385809,-0.080461688,0.880844788,0.073332801,0.460717624,268569.596025804
892,268569621165166,0.118747519,0.398342442,-0.730441965,-0.079956860,0.880294690,0.081097062,0.460555619,268569.629361887
893,268569654501208,0.104485193,0.402186890,-0.734993942,-0.079937913,0.879810220,0.087848555,0.460246229,268569.662697929
894,268569687837250,0.088767790,0.406062062,-0.739627897,-0.080290890,0.878787681,0.096222647,0.460463722,268569.696033971
895,268569721173208,0.074931743,0.409419934,-0.742317351,-0.079152481,0.877878471,0.101333019,0.461298111,268569.729369929
896,268569754509291,0.057148046,0.412831869,-0.745679711,-0.079205303,0.876789382,0.104716127,0.462602945,268569.762706012
897,268569787845208,0.047746825,0.413692127,-0.746789521,-0.078582551,0.877216461,0.103843093,0.462096017,268569.796041929
898,268569821181166,0.035323506,0.414101101,-0.750559807,-0.072220417,0.879479250,0.098884151,0.459915686,268569.829377887
899,268569854517166,0.020008155,0.412655312,-0.756530629,-0.059853061,0.883833775,0.090951624,0.454954201,268569.862713887
900,268569887853333,0.006836034,0.412455257,-0.755951832,-0.055093971,0.886175708,0.090374686,0.451098369,268569.896050054
