recording_frame,t_ns,tx,ty,tz,qx,qy,qz,qw,engine_t
39,268541185450000,0.014551497,0.067608215,-0.114148988,-0.039982153,0.876040847,-0.000173977,0.480576618,268541.182954505
40,268541218786500,0.013935149,0.067184200,-0.116849893,-0.039752439,0.874471907,0.000033276,0.483444598,268541.216291005
41,268541252123000,0.012795075,0.066248524,-0.120085906,-0.039182084,0.870794650,-0.001063068,0.490081998,268541.249627505
42,268541285459541,0.012488183,0.065907449,-0.122283417,-0.038763623,0.867984717,-0.002017399,0.495071606,268541.282964046
43,268541318796083,0.010318436,0.064221634,-0.124801238,-0.037199834,0.863124994,-0.000001138,0.503618378,268541.316300588
44,268541352132625,0.008670155,0.062420001,-0.126376745,-0.036002901,0.858344080,0.001573273,0.511807395,268541.349637130
45,268541385469083,0.007774472,0.059638823,-0.128192730,-0.033677873,0.853696100,0.003863962,0.519667098,268541.382973588
46,268541418805625,0.005788107,0.055676410,-0.130061962,-0.030435620,0.849357481,0.006539279,0.526899264,268541.416310130
47,268541452142125,0.005021049,0.052150816,-0.131283793,-0.031324209,0.846299622,0.008111393,0.531723614,268541.449646630
48,268541485478666,0.006140091,0.048472310,-0.132535178,-0.034066620,0.845257263,0.007373771,0.533221629,268541.482983171
49,268541518815083,0.006628790,0.043366105,-0.133631741,-0.038349923,0.844547185,0.005567587,0.534077139,268541.516319588
50,268541552151666,0.007287926,0.039089222,-0.134504993,-0.041622220,0.842888524,0.006132946,0.536441020,268541.549656171
51,268541585488125,0.017007399,0.075674837,-0.175732806,-0.043829752,0.842736622,0.005310248,0.536512623,268541.582992630
52,268541618824541,0.017406536,0.070146697,-0.179194469,-0.044873258,0.839761425,0.008108892,0.541037373,268541.616329046
53,268541652161083,0.017711946,0.065792689,-0.182427035,-0.044570435,0.838038311,0.007764017,0.543732507,268541.649665588
54,268541685497500,0.018041622,0.062188910,-0.187227470,-0.041995613,0.837860397,0.005759934,0.544236346,268541.683002005
55,268541718834083,0.019542851,0.056985194,-0.194943454,-0.042927762,0.839258620,0.005512479,0.542007234,268541.716338588
56,268541752170625,0.021441164,0.053158976,-0.202081284,-0.043948034,0.840850197,0.005596515,0.539451803,268541.749675130
57,268541785507083,0.030399467,0.062016581,-0.217078569,-0.045783601,0.843864697,0.006040485,0.534565057,268541.783011588
58,268541818843500,0.033351247,0.058981924,-0.227954201,-0.045187645,0.846183738,0.005718766,0.530941152,268541.816348005
59,268541852180000,0.035593291,0.056854076,-0.235894501,-0.044090745,0.847012394,0.006452624,0.529702206,268541.849684505
60,268541885516500,0.037309985,0.061768238,-0.248607603,-0.043955757,0.847379219,0.005275628,0.529139463,268541.883021005
61,268541918852958,0.039913296,0.061236248,-0.257714572,-0.043098048,0.849222170,0.002041983,0.526270033,268541.916357463
62,268541952189375,0.042093378,0.061620437,-0.264325498,-0.041244365,0.849583904,0.001408604,0.525836630,268541.949693880
63,268541985525958,0.043324767,0.063093152,-0.271959702,-0.038483355,0.850208107,0.000524163,0.525038079,268541.983030463
64,268542018862375,0.046003446,0.064514523,-0.280663267,-0.033923677,0.851811872,-0.001353883,0.522746534,268542.016366880
65,268542052198833,0.048337813,0.066385291,-0.287211815,-0.030457105,0.853503191,-0.004563230,0.520176794,268542.049703338
66,268542085535375,0.050055673,0.069740547,-0.295534266,-0.026923991,0.855830164,-0.007433921,0.516502294,268542.083039880
67,268542118871791,0.054465227,0.074296481,-0.304194911,-0.022292702,0.858573592,-0.007603614,0.512149061,268542.116376296
68,268542152208333,0.058081928,0.078546767,-0.310085429,-0.019225979,0.860580002,-0.008801921,0.508876214,268542.149712838
69,268542185544833,0.060364589,0.084485044,-0.311243134,-0.015727422,0.861834517,-0.009156796,0.506863019,268542.183049338
70,268542218881291,0.065076979,0.094369885,-0.316019551,-0.011098511,0.863695592,-0.011857848,0.503752114,268542.216385796
71,268542252217666,0.068747737,0.103515070,-0.318878282,-0.008751379,0.864487764,-0.012812941,0.502414372,268542.249722171
72,268542285554166,0.069414099,0.117104070,-0.319382168,-0.007130551,0.864896574,-0.016607651,0.501624672,268542.283058671
73,268542318890541,0.074172970,0.135050784,-0.320864966,-0.003388554,0.865360922,-0.027520901,0.500381499,268542.316395046
74,268542352227166,0.077804769,0.150539425,-0.321376335,0.000948370,0.864727618,-0.034895329,0.501026563,268542.349731671
75,268542385563583,0.078807410,0.174196812,-0.319564098,0.005948528,0.863078819,-0.040994249,0.503367751,268542.383068088
76,268542418900000,0.083118814,0.191879680,-0.320235377,0.008451504,0.863505324,-0.040278687,0.502657745,268542.416404505
77,268542452236416,0.087752685,0.210414163,-0.320818844,0.011036779,0.863562724,-0.040831701,0.502464364,268542.449740921
78,268542485572916,0.088958044,0.233922662,-0.320892632,0.020236132,0.862599197,-0.044956300,0.503479999,268542.483077421
79,268542518909333,0.092375624,0.252835468,-0.319629584,0.025940291,0.862069135,-0.047997127,0.503845450,268542.516413838
80,268542552245875,0.095729734,0.271048016,-0.318464244,0.030311418,0.861833663,-0.047758809,0.504026888,268542.549750380
81,268542585582416,0.096094410,0.291835393,-0.314599340,0.034219066,0.861192726,-0.043812079,0.505229353,268542.583086921
82,268542618918791,0.099879775,0.306956061,-0.313591939,0.037957718,0.860957265,-0.044715733,0.505284430,268542.616423296
83,268542652255333,0.103294904,0.320618539,-0.312389092,0.040823986,0.860501003,-0.043099795,0.505978149,268542.649759838
84,268542685591833,0.103301811,0.332983064,-0.309443730,0.044816011,0.860038815,-0.039486178,0.506720491,268542.683096338
85,268542718928250,0.105980639,0.342812782,-0.308679215,0.047640695,0.859875400,-0.038340704,0.506828082,268542.716432755
86,268542752264625,0.108541697,0.351496923,-0.308245066,0.050265055,0.859461178,-0.037345495,0.507351234,268542.749769130
87,268542785601250,0.109239717,0.354544899,-0.307040139,0.053953101,0.858808782,-0.033905429,0.508317827,268542.783105755
88,268542818937583,0.111362776,0.360511722,-0.307426222,0.056331822,0.858773800,-0.032883357,0.508186014,268542.816442088
89,268542852274083,0.113494000,0.365550969,-0.308235197,0.057397587,0.858915036,-0.031178383,0.507935468,268542.849778588
90,268542885610541,0.114621909,0.362989978,-0.309991172,0.058808790,0.858792908,-0.028248764,0.508151874,268542.883115046
91,268542918946958,0.116732502,0.366197374,-0.311620465,0.058848865,0.858533002,-0.024147766,0.508797438,268542.916451463
92,268542952283416,0.118868321,0.368807468,-0.313586654,0.056681469,0.858226331,-0.017185187,0.509842621,268542.949787921
93,268542985619875,0.121460749,0.372128193,-0.316120330,0.050729859,0.858234851,-0.005586895,0.510713482,268542.983124380
94,268543018956416,0.123053142,0.374359433,-0.318014046,0.047416033,0.859258338,-0.002663502,0.509332688,268543.016460921
95,268543052292750,0.124308155,0.376508415,-0.319825132,0.042893262,0.860796787,-0.001915765,0.507134541,268543.049797255
96,268543085629208,0.128579505,0.388079339,-0.326775219,0.035999063,0.863582777,-0.002231104,0.502915430,268543.083133713
97,268543118965708,0.129537615,0.391315566,-0.328631371,0.032133815,0.864986504,-0.003442787,0.500753398,268543.116470213
98,268543152302208,0.130434238,0.394447162,-0.330169758,0.028863626,0.865811396,-0.004341200,0.499518493,268543.149806713
99,268543185638625,0.132261755,0.398686678,-0.331244117,0.025628840,0.867041300,-0.005529121,0.497546006,268543.183143130
100,268543218975125,0.134021243,0.402370045,-0.332196426,0.022692937,0.867526201,-0.005107162,0.496847352,268543.216479630
101,268543252311583,0.136320705,0.406410029,-0.333080108,0.019655435,0.868195841,-0.003802060,0.495817752,268543.249816088
102,268543285648000,0.139858208,0.412666685,-0.333853551,0.013789564,0.868904546,-0.001003476,0.494786605,268543.283152505
103,268543318984500,0.142327191,0.417705428,-0.333715147,0.007980574,0.869612834,0.000370964,0.493669673,268543.316489005
104,268543352321000,0.144810062,0.423028120,-0.332693390,0.001695478,0.869641964,0.003027236,0.493670810,268543.349825505
105,268543385657333,0.155091037,0.447942266,-0.333119396,-0.004512705,0.868912471,0.005663697,0.494912850,268543.383161838
106,268543418993750,0.156798226,0.453683843,-0.329810500,-0.006080633,0.868041746,0.008232919,0.496385762,268543.416498255
107,268543452330208,0.159560082,0.460859951,-0.324938403,-0.009563570,0.867388679,0.015958051,0.497283433,268543.449834713
108,268543485666666,0.158498630,0.476755530,-0.317460452,-0.012080229,0.867248818,0.017828717,0.497409033,268543.483171171
109,268543519003208,0.161581227,0.481566383,-0.312156390,-0.015255036,0.870267304,0.018799829,0.491984474,268543.516507713
110,268543552339625,0.166931233,0.486819856,-0.303603306,-0.024641434,0.871638972,0.024497395,0.488915363,268543.549844130
111,268543585676041,0.169123236,0.487174519,-0.293317573,-0.025662095,0.875062204,0.021669632,0.482843739,268543.583180546
112,268543619012500,0.172672720,0.487931492,-0.283516553,-0.026271715,0.878793201,0.022032800,0.475969448,268543.616517005
113,268543652349000,0.178933062,0.486689160,-0.270093338,-0.028827619,0.880907887,0.030412112,0.471429125,268543.649853505
114,268543685685375,0.181078155,0.480307195,-0.258269771,-0.027068120,0.882796263,0.035689381,0.467615650,268543.683189880
115,268543719021916,0.185281289,0.476598446,-0.246424328,-0.026108703,0.885807843,0.040742417,0.461522383,268543.716526421
116,268543752358333,0.191913951,0.471791032,-0.230547238,-0.028813611,0.889206453,0.046853172,0.454187729,268543.749862838
117,268543785694833,0.192240332,0.463809377,-0.218445981,-0.029319597,0.892254647,0.049649738,0.447835867,268543.783199338
118,268543819031250,0.197051193,0.461478582,-0.205685867,-0.035300533,0.894821313,0.055826621,0.441511191,268543.816535755
119,268543852367708,0.202939536,0.459229112,-0.188384929,-0.038944356,0.894020074,0.060041314,0.442274280,268543.849872213
120,268543885704166,0.202417550,0.455918979,-0.173678252,-0.037449001,0.893801940,0.062663584,0.442480500,268543.883208671
121,268543919040500,0.204147916,0.453980070,-0.159905838,-0.036900972,0.894312809,0.066456250,0.440938248,268543.916545005
122,268543952377083,0.207339030,0.451225373,-0.142610481,-0.040090559,0.895248164,0.070637122,0.438102639,268543.949881588
123,268543985713375,0.210513580,0.452382397,-0.128931334,-0.041699524,0.897309518,0.072120175,0.433469159,268543.983217880
124,268544019049916,0.213373334,0.451414904,-0.116840029,-0.046974829,0.898028587,0.076498325,0.430680952,268544.016554421
125,268544052386416,0.217066341,0.449879802,-0.102211586,-0.050666149,0.898012488,0.085218274,0.428654187,268544.049890921
126,268544085722791,0.213738872,0.450698014,-0.090370019,-0.052209155,0.899134055,0.088308573,0.425480675,268544.083227296
127,268544119059250,0.215225811,0.448429969,-0.080408767,-0.054112379,0.900905337,0.087921638,0.421558138,268544.116563755
128,268544152395708,0.217480747,0.445625318,-0.068424078,-0.054751167,0.904013191,0.086522734,0.415061838,268544.149900213
129,268544185732166,0.212956898,0.446867537,-0.063294536,-0.053982706,0.906069680,0.083814739,0.411216178,268544.183236671
130,268544219068541,0.214313565,0.444520088,-0.055191989,-0.055478706,0.905747082,0.085595536,0.411360905,268544.216573046
131,268544252405000,0.215354015,0.440993985,-0.043438090,-0.054763934,0.906510426,0.080919247,0.410721179,268544.249909505
132,268544285741541,0.211029706,0.436369174,-0.036355195,-0.054815445,0.905815326,0.076684631,0.413053728,268544.283246046
133,268544319077916,0.211343204,0.433528115,-0.026089259,-0.055541906,0.905726126,0.074111354,0.413621617,268544.316582421
134,268544352414416,0.212532057,0.430690219,-0.011158558,-0.060344077,0.906720807,0.071344360,0.411249324,268544.349918921
135,268544385750708,0.215696686,0.427455962,-0.000632172,-0.065577311,0.908340783,0.068867272,0.407276307,268544.383255213
136,268544419087208,0.218631649,0.426498583,0.010178300,-0.068747527,0.908477299,0.068655935,0.406483937,268544.416591713
137,268544452423708,0.222171518,0.424198618,0.024723216,-0.069547506,0.907742313,0.069195878,0.407895847,268544.449928213
138,268544485760166,0.229346999,0.417833670,0.036317071,-0.069361970,0.906933385,0.069844988,0.409612602,268544.483264671
139,268544519096583,0.231553653,0.414490890,0.046219952,-0.069467144,0.906793144,0.070346382,0.409819410,268544.516601088
140,268544552433041,0.234805681,0.410174608,0.058386365,-0.074065687,0.905889136,0.072684234,0.410604679,268544.549937546
141,268544585769416,0.241528816,0.408293031,0.065306351,-0.078272179,0.905149235,0.074855443,0.411065741,268544.583273921
142,268544619105875,0.244478171,0.404761482,0.075318059,-0.082619086,0.904452430,0.077350349,0.411286841,268544.616610380
143,268544652442375,0.246151070,0.401791366,0.081958338,-0.085826343,0.902779058,0.083030077,0.413194714,268544.649946880
144,268544685778750,0.246997146,0.398297452,0.086860406,-0.087333047,0.902009210,0.085471458,0.414061599,268544.683283255
145,268544719115166,0.247937738,0.392922416,0.094536815,-0.088412982,0.901918248,0.085588490,0.414006379,268544.716619671
146,268544752451750,0.248680010,0.388874326,0.099357524,-0.091659555,0.901191777,0.088878168,0.414189126,268544.749956255
147,268544785788083,0.243562217,0.385027005,0.103497076,-0.094003399,0.900882793,0.091912925,0.413673326,268544.783292588
148,268544819124625,0.243258899,0.378691255,0.108365604,-0.095422088,0.902128503,0.093587577,0.410244083,268544.816629130
149,268544852460916,0.243278169,0.373060393,0.111064044,-0.098526753,0.902796427,0.096646087,0.407321345,268544.849965421
150,268544885797416,0.243944618,0.365748943,0.112988280,-0.102275388,0.902731878,0.101458725,0.405365369,268544.883301921
151,268544919133833,0.244773012,0.355986377,0.115002831,-0.105712316,0.902946669,0.105612422,0.402937078,268544.916638338
152,268544952470291,0.245663071,0.347483836,0.115844922,-0.109173426,0.903238026,0.110156548,0.400134751,268544.949974796
153,268544985806791,0.246152235,0.336631145,0.110608967,-0.114264679,0.903130398,0.115383428,0.397474257,268544.983311296
154,268545019143166,0.248271848,0.323316148,0.109461379,-0.120962938,0.904342448,0.118886648,0.391661490,268545.016647671
155,268545052479583,0.249927516,0.312567515,0.108130159,-0.124807919,0.904975150,0.121912727,0.388046776,268545.049984088
156,268545085816000,0.253394200,0.300288091,0.105386577,-0.130137014,0.904688229,0.124931251,0.385999743,268545.083320505
157,268545119152458,0.255453941,0.284333626,0.103150487,-0.137105335,0.903456308,0.128976039,0.385141613,268545.116656963
158,268545152488916,0.256938762,0.271835943,0.101418642,-0.142304264,0.903057122,0.131185486,0.383441980,268545.149993421
159,268545185825250,0.259205429,0.259315145,0.100027242,-0.149350996,0.902741000,0.132934937,0.380895423,268545.183329755
160,268545219161708,0.262685285,0.241904756,0.096775273,-0.162762232,0.902204575,0.134474076,0.376101232,268545.216666213
161,268545252498166,0.265728592,0.228807127,0.094204322,-0.173847080,0.900223877,0.138932710,0.374261832,268545.250002671
162,268545285834583,0.270674575,0.215691177,0.093339852,-0.187088535,0.897090738,0.145645650,0.372845122,268545.283339088
163,268545319171083,0.275254264,0.197580665,0.090786844,-0.204151907,0.892337665,0.154463603,0.371747952,268545.316675588
164,268545352507416,0.278446071,0.183700239,0.089043206,-0.214248263,0.890908128,0.157923763,0.368022455,268545.350011921
165,268545385843916,0.281088167,0.168236675,0.089250131,-0.224202019,0.890104225,0.159575734,0.363295420,268545.383348421
166,268545419180333,0.285004087,0.148916395,0.087121555,-0.234233077,0.888990319,0.161108707,0.358991804,268545.416684838
167,268545452516708,0.287687005,0.134183133,0.085906890,-0.239602414,0.887664577,0.162257172,0.358210755,268545.450021213
168,268545485853166,0.289814308,0.117771398,0.087806899,-0.245481830,0.886296638,0.164423576,0.356625687,268545.483357671
169,268545519189583,0.293110698,0.098599846,0.086856951,-0.255189368,0.884497000,0.165386716,0.353823022,268545.516694088
170,268545552526000,0.295592252,0.084807276,0.086235005,-0.261748131,0.883192530,0.164578149,0.352665503,268545.550030505
171,268545585862416,0.298450841,0.068947117,0.087523046,-0.268106217,0.881827981,0.165248484,0.350986410,268545.583366921
172,268545619198875,0.301512917,0.052304014,0.086586452,-0.275800167,0.879060823,0.168936302,0.350209817,268545.616703380
173,268545652535333,0.303836823,0.040454047,0.085541273,-0.279685651,0.877464814,0.171827821,0.349723734,268545.650039838
174,268545685871750,0.305963956,0.022331075,0.085029993,-0.283413180,0.874805260,0.176132627,0.351240768,268545.683376255
175,268545719208166,0.308376397,0.011413770,0.083335658,-0.289655747,0.872413871,0.178822668,0.350736499,268545.716712671
176,268545752544500,0.310889706,0.001448324,0.080989698,-0.296795673,0.870351413,0.180964150,0.348787581,268545.750049005
177,268545785880916,0.311933049,-0.006064790,0.076625646,-0.310428584,0.865432575,0.184494826,0.347307161,268545.783385421
178,268545819217458,0.316078115,-0.013231951,0.073249761,-0.323408958,0.860229618,0.189399519,0.345744884,268545.816721963
179,268545852553833,0.320377585,-0.019251657,0.069881119,-0.335921048,0.854830530,0.194042234,0.344629482,268545.850058338
180,268545885890250,0.322603928,-0.018662220,0.066275728,-0.350610596,0.849209467,0.197471223,0.341936633,268545.883394755
181,268545919226625,0.328440117,-0.023674019,0.062354312,-0.358743176,0.847771141,0.199209356,0.336010582,268545.916731130
182,268545952563041,0.335250198,-0.028245239,0.057543718,-0.367563866,0.847267339,0.200158582,0.327064911,268545.950067546
183,268545985899458,0.342733777,-0.026768674,0.048825253,-0.381842289,0.845800942,0.201250086,0.313553327,268545.983403963
184,268546019235958,0.351452191,-0.029921196,0.043561819,-0.392249009,0.842506189,0.202205524,0.308928820,268546.016740463
185,268546052572291,0.360509553,-0.033177125,0.038690924,-0.399213696,0.839395693,0.204460668,0.306984013,268546.050076796
186,268546085908791,0.376506276,-0.042738126,0.034261097,-0.407853135,0.833914138,0.207037193,0.308834396,268546.083413296
187,268546119245125,0.387557574,-0.047146414,0.030720255,-0.413344890,0.830127925,0.208527210,0.310725098,268546.116749630
188,268546152581625,0.399155743,-0.051290321,0.027125595,-0.419475172,0.826143908,0.210244629,0.311968062,268546.150086130
189,268546185918041,0.421794627,-0.052584948,0.021496134,-0.428167229,0.820787709,0.213144523,0.312329676,268546.183422546
190,268546219254416,0.436405411,-0.056114825,0.017459904,-0.436928011,0.815670573,0.217052007,0.310908198,268546.216758921
191,268546252590833,0.451782989,-0.059606578,0.013757963,-0.444715441,0.810895419,0.220219972,0.310129026,268546.250095338
192,268546285927291,0.475771553,-0.062816648,0.010539551,-0.454692259,0.804360567,0.223264908,0.310502595,268546.283431796
193,268546319263708,0.492826655,-0.066575404,0.008264518,-0.463484055,0.798474377,0.227010768,0.309979621,268546.316768213
194,268546352600041,0.510264452,-0.070226704,0.006491832,-0.471568725,0.792429259,0.231494349,0.309982624,268546.350104546
195,268546385936500,0.535627867,-0.081708967,0.006695088,-0.479649839,0.785831904,0.233117122,0.313146469,268546.383441005
196,268546419272875,0.553501411,-0.085673670,0.006440167,-0.486485334,0.780636741,0.235571661,0.313758416,268546.416777380
197,268546452609375,0.570895183,-0.088905165,0.006036553,-0.495879615,0.773496399,0.242022046,0.311820638,268546.450113880
198,268546485945666,0.590563435,-0.097931201,0.006964685,-0.506361591,0.764555755,0.251886995,0.309201280,268546.483450171
199,268546519282208,0.606409007,-0.101319645,0.008449065,-0.512708969,0.758039859,0.256171144,0.311257904,268546.516786713
200,268546552618625,0.621917712,-0.105133782,0.011121687,-0.517411970,0.752447429,0.259862776,0.313973105,268546.550123130
201,268546585954958,0.640692411,-0.114930115,0.019193067,-0.523387096,0.745283470,0.265091964,0.316772475,268546.583459463
202,268546619291458,0.655315964,-0.119223940,0.022162385,-0.527462207,0.742502989,0.265851044,0.315905376,268546.616795963
203,268546652627875,0.669958836,-0.123169811,0.024767419,-0.531867713,0.740471437,0.265732038,0.313377288,268546.650132380
204,268546685964125,0.691373561,-0.129325724,0.026888592,-0.536684512,0.739089267,0.263818673,0.310026694,268546.683468630
205,268546719300583,0.705609550,-0.132343987,0.029300329,-0.540114936,0.737152442,0.263850977,0.308650041,268546.716805088
206,268546752636958,0.723709120,-0.135761253,0.032179936,-0.544714294,0.734051858,0.267083413,0.305156865,268546.750141463
207,268546785973416,0.732827222,-0.139163403,0.032661784,-0.547442152,0.732678335,0.269936218,0.301038268,268546.783477921
208,268546819309875,0.744950705,-0.141461007,0.033897848,-0.551361817,0.731762799,0.270717127,0.295356805,268546.816814380
209,268546852646250,0.760328750,-0.144435148,0.036131010,-0.558233354,0.728446961,0.270038812,0.291238117,268546.850150755
210,268546885982583,0.760461857,-0.146253238,0.036836674,-0.562565102,0.725864497,0.269250710,0.290078172,268546.883487088
211,268546919319041,0.770167064,-0.148886913,0.039555736,-0.566688527,0.723080178,0.269258387,0.288996789,268546.916823546
212,268546952655416,0.783166883,-0.152488170,0.043169585,-0.572189090,0.718835664,0.268998091,0.288989644,268546.950159921
213,268546985991875,0.780557204,-0.152151561,0.041945787,-0.577454024,0.715591204,0.266931018,0.288485638,268546.983496380
214,268547019328250,0.789686717,-0.154589680,0.044278324,-0.583958072,0.712389427,0.264420765,0.285615101,268547.016832755
215,268547052664708,0.801745723,-0.157284436,0.047365718,-0.594002605,0.706219971,0.261419582,0.282973697,268547.050169213
216,268547086001041,0.811406023,-0.157549294,0.048330857,-0.602675729,0.700391459,0.260455535,0.279994175,268547.083505546
217,268547119337583,0.820512011,-0.159404268,0.051077465,-0.611059331,0.693798665,0.260089917,0.278573498,268547.116842088
218,268547152673833,0.833048834,-0.161897948,0.054855721,-0.623123984,0.684744095,0.258767330,0.275466055,268547.150178338
219,268547186010250,0.849819881,-0.165220605,0.055865448,-0.632791657,0.676962122,0.258726035,0.272686443,268547.183514755
220,268547219346708,0.860145188,-0.167241385,0.058104560,-0.641347709,0.669252670,0.259395277,0.271086930,268547.216851213
221,268547252683041,0.874716644,-0.170263966,0.061004456,-0.651369223,0.659087374,0.262900480,0.268710549,268547.250187546
222,268547286019541,0.889485439,-0.173848522,0.062607089,-0.660023460,0.649944894,0.266400570,0.266404686,268547.283524046
223,268547319355875,0.901373634,-0.175745141,0.064963679,-0.669448977,0.640401443,0.269707819,0.262643874,268547.316860380
224,268547352692291,0.916533821,-0.177793065,0.068732818,-0.682569089,0.626749940,0.274456160,0.256822549,268547.350196796
225,268547386028625,0.926842990,-0.178832121,0.072990761,-0.691360255,0.618556110,0.276177585,0.251267450,268547.383533130
226,268547419365083,0.937082665,-0.179775353,0.076751762,-0.699723656,0.612574662,0.275412135,0.243489831,268547.416869588
227,268547452701375,0.950458885,-0.179849866,0.082465960,-0.713180503,0.602102245,0.274579037,0.231198751,268547.450205880
228,268547486037833,0.959386555,-0.180430563,0.090040088,-0.723179679,0.594736067,0.270787779,0.223549089,268547.483542338
229,268547519374333,0.967555916,-0.180001525,0.096680798,-0.733454669,0.586090022,0.267213385,0.217117008,268547.516878838
230,268547552710708,0.977342533,-0.179359587,0.105760233,-0.748942988,0.570515410,0.264434590,0.208976002,268547.550215213
231,268547586047083,0.983127626,-0.183549105,0.113351306,-0.760796002,0.558687151,0.260432796,0.203058912,268547.583551588
232,268547619383375,0.990142048,-0.184044080,0.119533563,-0.772949136,0.546805035,0.256234380,0.194673785,268547.616887880
233,268547652719791,0.999618167,-0.184997777,0.126814958,-0.788983327,0.530675471,0.247811969,0.185682891,268547.650224296
234,268547686056291,1.006838735,-0.189495452,0.131368338,-0.800724959,0.518498954,0.243346963,0.175444245,268547.683560796
235,268547719392708,1.014363972,-0.191461092,0.134649677,-0.810614151,0.506635035,0.241398272,0.167190210,268547.716897213
236,268547752729166,1.025339302,-0.195089438,0.137901011,-0.818885655,0.496648631,0.235946828,0.164607319,268547.750233671
237,268547786065416,1.037322602,-0.201643730,0.138005348,-0.823310931,0.492722577,0.233945739,0.157012794,268547.783569921
238,268547819401875,1.048999756,-0.204880916,0.135594268,-0.830808419,0.487233241,0.228800569,0.141461985,268547.816906380
239,268547852738208,1.057951052,-0.206514862,0.131993770,-0.835329614,0.486942083,0.219478160,0.130158499,268547.850242713
240,268547886074666,1.068841727,-0.208133727,0.124637751,-0.839112035,0.488254646,0.209677141,0.116335482,268547.883579171
241,268547919411000,1.080940007,-0.209124148,0.118647856,-0.841976066,0.488587459,0.204121673,0.103406946,268547.916915505
242,268547952747416,1.090219309,-0.210058535,0.115269121,-0.842280400,0.490561620,0.200902481,0.097730603,268547.950251921
243,268547986083833,1.094810773,-0.211693963,0.109512136,-0.840155334,0.494651010,0.200260876,0.096721393,268547.983588338
244,268548019420250,1.107906058,-0.214521909,0.109594274,-0.837690784,0.499685069,0.196898103,0.099096785,268548.016924755
245,268548052756541,1.117564957,-0.216596561,0.110598779,-0.835770243,0.503549430,0.195030403,0.099444799,268548.050261046
246,268548086093000,1.119918806,-0.217408343,0.107848704,-0.832948504,0.509186104,0.190663900,0.102828165,268548.083597505
247,268548119429375,1.131705522,-0.220639821,0.110107112,-0.829395813,0.518173456,0.177951565,0.109234369,268548.116933880
248,268548152765791,1.139646608,-0.223815667,0.111774534,-0.826295831,0.526042657,0.166198920,0.113544245,268548.150270296
249,268548186102208,1.144509549,-0.225131732,0.110342214,-0.821970422,0.536056968,0.153305046,0.116211738,268548.183606713
250,268548219438541,1.152379331,-0.232207999,0.110554418,-0.814408747,0.550973283,0.136288402,0.120798838,268548.216943046
251,268548252774916,1.157575796,-0.237621380,0.109869810,-0.809280229,0.561856046,0.123149864,0.119236984,268548.250279421
252,268548286111333,1.162375565,-0.239144401,0.105688329,-0.806025225,0.570398172,0.114606933,0.108786792,268548.283615838
253,268548319447791,1.167667991,-0.243962605,0.101498762,-0.805505279,0.574762337,0.108513747,0.095049047,268548.316952296
254,268548352784083,1.171533835,-0.247678129,0.099631391,-0.803151955,0.579387525,0.104056917,0.091810919,268548.350288588
255,268548386120541,1.175575513,-0.250660439,0.098579978,-0.801652791,0.581727151,0.105839448,0.088002206,268548.383625046
256,268548419579625,1.182523073,-0.253154513,0.099341606,-0.798949218,0.584395632,0.111920442,0.087382838,268548.420776346
257,268548452885458,1.187529956,-0.254742397,0.100594837,-0.797216240,0.586313840,0.113801433,0.087929717,268548.454082179
258,268548486221500,1.181258520,-0.258355629,0.099666745,-0.792621818,0.592240572,0.112947197,0.090800564,268548.487418221
259,268548519557666,1.185604478,-0.260598228,0.100200333,-0.789360624,0.596574994,0.113758603,0.089817117,268548.520754387
260,268548552893875,1.190203546,-0.262758290,0.100255390,-0.785723806,0.600893459,0.118049171,0.087347572,268548.554090596
261,268548586230083,1.184130542,-0.265624447,0.103008743,-0.780681131,0.606690416,0.120355273,0.089321735,268548.587426804
262,268548619566291,1.187970713,-0.267290802,0.103687287,-0.778484926,0.608511782,0.124851089,0.089927139,268548.620763012
263,268548652902375,1.191175859,-0.268100360,0.103922808,-0.779049800,0.606124030,0.133948192,0.088051150,268548.654099096
264,268548686238500,1.175589503,-0.264717570,0.105221385,-0.781432106,0.598614379,0.150137376,0.092105976,268548.687435221
265,268548719574625,1.176997807,-0.264776726,0.105138321,-0.783091284,0.592628344,0.162758517,0.095233426,268548.720771346
266,268548752910916,1.179136287,-0.265476626,0.104751406,-0.786055708,0.585441924,0.175147648,0.093260558,268548.754107637
267,268548786247041,1.180477495,-0.267884839,0.107882465,-0.788835445,0.580383736,0.180510455,0.091155852,268548.787443762
268,268548819583083,1.182560540,-0.269851693,0.106056161,-0.789858161,0.578476329,0.182953730,0.089538867,268548.820779804
269,268548852919208,1.185532651,-0.273556854,0.103389988,-0.790331495,0.577361836,0.183511476,0.091394913,268548.854115929
270,268548886255458,1.189289318,-0.279710081,0.109753356,-0.790457606,0.577424953,0.183134539,0.090658654,268548.887452179
271,268548919591583,1.191099394,-0.284149471,0.107923625,-0.789384004,0.577039682,0.189439820,0.089502557,268548.920788304
272,268548952927625,1.193973600,-0.291528214,0.105904730,-0.784594298,0.579397793,0.199104829,0.095222396,268548.954124346
273,268548986263916,1.192721490,-0.297544265,0.111643606,-0.781031214,0.581200965,0.207182998,0.096285724,268548.987460637
274,268549019600083,1.195619569,-0.304662937,0.111425170,-0.778557869,0.582001105,0.212777987,0.099236785,268549.020796804
275,268549052936208,1.199562258,-0.314774533,0.112016514,-0.772576176,0.586538219,0.217697044,0.108198987,268549.054132929
276,268549086272333,1.206418092,-0.324017234,0.118156874,-0.769454558,0.588183996,0.221172135,0.114290028,268549.087469054
277,268549119608416,1.207941934,-0.329848298,0.120117031,-0.769423337,0.575357081,0.250095581,0.120017543,268549.120805137
278,268549152944666,1.208095036,-0.338011731,0.125353991,-0.767764015,0.562734835,0.275908588,0.133200698,268549.154141387
279,268549186280750,1.208133641,-0.346759497,0.133707082,-0.770655781,0.543729650,0.300663144,0.141596123,268549.187477471
280,268549219444291,1.206380819,-0.352372088,0.138073175,-0.770202859,0.535138421,0.315295708,0.144924449,268549.217298660
281,268549252761208,1.203295683,-0.357841265,0.141166973,-0.770118926,0.527993564,0.327119655,0.145369940,268549.250615577
282,268549286087833,1.203068859,-0.362249366,0.140996594,-0.767906994,0.526503882,0.333369801,0.148246888,268549.283592338
283,268549319424166,1.200851704,-0.367283301,0.142586663,-0.765735321,0.528354973,0.333351353,0.152863891,268549.316928671
284,268549352760500,1.198102921,-0.372188321,0.143340148,-0.765041864,0.530796397,0.330413026,0.154251147,268549.350265005
285,268549386096916,1.193450095,-0.377428416,0.144662796,-0.761646475,0.533928231,0.332423914,0.155915637,268549.383601421
286,268549419433291,1.190550130,-0.381862643,0.145296586,-0.758225146,0.533841932,0.337649005,0.161556867,268549.416937796
287,268549452769666,1.188130072,-0.386555133,0.146899592,-0.755478173,0.532604760,0.343523522,0.166061862,268549.450274171
288,268549486106041,1.185969824,-0.392707061,0.153913707,-0.752752497,0.528788438,0.352005368,0.172738937,268549.483610546
289,268549519442416,1.183162447,-0.397562865,0.156845749,-0.751025419,0.527858813,0.353973506,0.178965651,268549.516946921
290,268549552778875,1.180592986,-0.402627664,0.160321401,-0.749788515,0.526832733,0.354023147,0.186901361,268549.550283380
291,268549586115208,1.176810555,-0.406721175,0.165258372,-0.747375114,0.527630141,0.352227352,0.197415347,268549.583619713
292,268549619451583,1.174081696,-0.412010487,0.168860490,-0.743323482,0.530783336,0.351134848,0.206018500,268549.616956088
293,268549652787875,1.171714425,-0.417422521,0.172138810,-0.738015389,0.534222343,0.352365595,0.213958676,268549.650292380
294,268549686124375,1.169571366,-0.424135655,0.175709763,-0.730958979,0.537725709,0.356600543,0.222229923,268549.683628880
295,268549719460750,1.166880220,-0.429425155,0.178339548,-0.727585177,0.539262895,0.358288587,0.226814202,268549.716965255
296,268549752797000,1.163809011,-0.434498731,0.180742067,-0.724198875,0.540482270,0.360842449,0.230667911,268549.750301505
297,268549786133458,1.160393131,-0.438718065,0.180589365,-0.719216461,0.543866464,0.361597940,0.237031505,268549.783637963
298,268549819469833,1.157333353,-0.443766482,0.182690589,-0.714497275,0.547957360,0.361807994,0.241518952,268549.816974338
299,268549852806125,1.154026493,-0.448781221,0.184639867,-0.709563523,0.552723208,0.360826132,0.246619581,268549.850310630
300,268549886142625,1.149246614,-0.451804437,0.182117913,-0.702984109,0.558616716,0.359387868,0.254167503,268549.883647130
301,268549919478916,1.145104708,-0.456556298,0.183905257,-0.697530516,0.562259882,0.359496119,0.260916841,268549.916983421
302,268549952815333,1.140374339,-0.461497662,0.185875799,-0.691184941,0.566462048,0.359022402,0.269234275,268549.950319838
303,268549986151750,1.132334002,-0.470056616,0.188782556,-0.681379200,0.573444087,0.355725765,0.283449287,268549.983656255
304,268550019488041,1.125811432,-0.474907479,0.190226798,-0.676249363,0.577853854,0.352414747,0.290818883,268550.016992546
305,268550052824500,1.115584562,-0.480684251,0.191503334,-0.669054845,0.582736885,0.349265358,0.301325572,268550.050329005
306,268550086160875,1.105398231,-0.481916629,0.189470601,-0.661188861,0.589096975,0.346501101,0.309404402,268550.083665380
307,268550119497208,1.096463743,-0.485984327,0.189775729,-0.652850270,0.596060467,0.344423558,0.316023592,268550.117001713
308,268550152833625,1.083539236,-0.490778311,0.189732671,-0.643720545,0.604709851,0.339216793,0.323854715,268550.150338130
309,268550186169916,1.071727662,-0.487803835,0.186276810,-0.634827961,0.612732281,0.336644615,0.328972748,268550.183674421
310,268550219506250,1.060115381,-0.490162722,0.185748255,-0.625378521,0.620137277,0.334613802,0.335209067,268550.217010755
311,268550252842708,1.044463262,-0.492943013,0.184995697,-0.612691187,0.630480430,0.333116211,0.340789642,268550.250347213
312,268550286179083,1.033056823,-0.487057420,0.181441523,-0.601728051,0.637802645,0.333386810,0.346387683,268550.283683588
313,268550319515416,1.020916095,-0.488399816,0.180642098,-0.591071461,0.643326041,0.335251899,0.352664643,268550.317019921
314,268550352851875,1.004240650,-0.490335104,0.179044764,-0.579504464,0.647622841,0.339270765,0.360075870,268550.350356380
315,268550386188125,0.992133380,-0.486834338,0.174458605,-0.573212325,0.649044236,0.340810784,0.366083697,268550.383692630
316,268550419524583,0.978679196,-0.488110647,0.171138078,-0.568017521,0.650074943,0.341784650,0.371405400,268550.417029088
317,268550452861000,0.960321525,-0.489726752,0.164984104,-0.563261070,0.650049294,0.342943221,0.377575003,268550.450365505
318,268550486197291,0.948016687,-0.489684647,0.158786515,-0.563139130,0.649419160,0.342593671,0.379155250,268550.483701796
319,268550519533708,0.934384729,-0.490822413,0.151849852,-0.561312340,0.648459548,0.343982895,0.382236176,268550.517038213
320,268550552870125,0.916628073,-0.493398533,0.142455318,-0.555509227,0.647666062,0.346171652,0.390004373,268550.550374630
321,268550586206333,0.902853607,-0.497264865,0.134542826,-0.551610895,0.646545682,0.347164233,0.396460780,268550.583710838
322,268550619542833,0.889522283,-0.500849990,0.126816102,-0.547465988,0.644418521,0.348057074,0.404798824,268550.617047338
323,268550652879250,0.871266719,-0.505454508,0.115577922,-0.545433748,0.643318334,0.344410566,0.412340833,268550.650383755
324,268550686215500,0.859452899,-0.507683667,0.102454010,-0.542008166,0.641633580,0.344790146,0.419110135,268550.683720005
325,268550719551916,0.846763148,-0.510842046,0.091627597,-0.539059472,0.638399140,0.351664787,0.422129548,268550.717056421
326,268550752888208,0.830933244,-0.516014033,0.076197174,-0.534251995,0.633239220,0.365504778,0.424251348,268550.750392713
327,268550786224625,0.828250053,-0.521522956,0.061951032,-0.531696641,0.630664448,0.376859994,0.421352151,268550.783729130
328,268550819561000,0.818737818,-0.526071646,0.050272290,-0.527617838,0.630565588,0.378830268,0.424846015,268550.817065505
329,268550852897375,0.806339687,-0.532014662,0.034831881,-0.521688202,0.634131457,0.376247213,0.429134948,268550.850401880
330,268550886233791,0.803778124,-0.535718696,0.022414209,-0.518505162,0.634464367,0.382424733,0.427034824,268550.883738296
331,268550919570208,0.796037005,-0.539334797,0.010141054,-0.514855529,0.634434130,0.392934707,0.421923558,268550.917074713
332,268550952906500,0.788575251,-0.545649826,-0.004903248,-0.510537420,0.634967456,0.404983751,0.414916963,268550.950411005
333,268550986242916,0.801705522,-0.546812507,-0.017255419,-0.501696400,0.638132794,0.413930916,0.412005473,268550.983747421
334,268551019579291,0.798835312,-0.554583759,-0.026634297,-0.488991377,0.647592285,0.406290773,0.420047053,268551.017083796
335,268551052915666,0.795092082,-0.565167035,-0.038399921,-0.479826232,0.661091630,0.380154980,0.433828179,268551.050420171
336,268551086252041,0.794403603,-0.569318266,-0.048860389,-0.476770641,0.666650771,0.364425004,0.442109687,268551.083756546
337,268551119588416,0.789131254,-0.573555903,-0.062849294,-0.484016537,0.666187902,0.356664651,0.441261884,268551.117092921
338,268551152924708,0.785734683,-0.576833583,-0.073348470,-0.487322370,0.666220615,0.350204685,0.442745674,268551.150429213
339,268551186261041,0.801355408,-0.574058296,-0.081843188,-0.491205684,0.663823739,0.350955187,0.441458411,268551.183765546
340,268551219597458,0.798435383,-0.578964112,-0.095091000,-0.491751757,0.662887947,0.351403012,0.441900166,268551.217101963
341,268551252933791,0.796915927,-0.582606176,-0.104777903,-0.490560556,0.663046729,0.350965709,0.443331141,268551.250438296
342,268551286270166,0.800114680,-0.581674777,-0.115768263,-0.488072111,0.663471193,0.352879258,0.443923274,268551.283774671
343,268551319606500,0.798696088,-0.583246607,-0.128130072,-0.488211054,0.662189262,0.354616776,0.444299834,268551.317111005
344,268551352942916,0.797878111,-0.583369398,-0.136978808,-0.487607398,0.662562056,0.353729993,0.445113124,268551.350447421
345,268551386279250,0.797863190,-0.576350096,-0.145618292,-0.487712380,0.662726212,0.352140887,0.446012838,268551.383783755
346,268551419615666,0.797066793,-0.572855940,-0.156890736,-0.485872715,0.662462574,0.352807990,0.447881255,268551.417120171
347,268551452951916,0.796920104,-0.569475674,-0.165772152,-0.482530248,0.662741733,0.356095688,0.448479508,268551.450456421
348,268551486288375,0.793278189,-0.568646781,-0.173150543,-0.479250764,0.660699809,0.360969815,0.451104548,268551.483792880
349,268551519624708,0.794253089,-0.563381276,-0.187066066,-0.474969116,0.661641175,0.361845155,0.453545402,268551.517129213
350,268551552961125,0.794480683,-0.558948176,-0.198470731,-0.474373542,0.660407727,0.362098334,0.455758957,268551.550465630
351,268551586297500,0.798458663,-0.548768676,-0.206522779,-0.474398813,0.660629102,0.358707985,0.458086881,268551.583802005
352,268551619633791,0.798254582,-0.541104641,-0.224679051,-0.473354493,0.659807323,0.355908141,0.462514074,268551.617138296
353,268551652970125,0.797721529,-0.535073675,-0.239751112,-0.474194259,0.659918203,0.351573079,0.464805543,268551.650474630
354,268551686306458,0.792615395,-0.531144787,-0.258226176,-0.475913117,0.659216355,0.347001923,0.467472161,268551.683810963
355,268551719642875,0.790930213,-0.522397216,-0.281963190,-0.475824020,0.659596294,0.341215973,0.471270564,268551.717147380
356,268551752979250,0.789185211,-0.515732266,-0.300621847,-0.475312127,0.658288230,0.340297882,0.474270381,268551.750483755
357,268551786315583,0.787828225,-0.508610570,-0.319646188,-0.473329086,0.658073411,0.340309344,0.476538105,268551.783820088
358,268551819651958,0.784797485,-0.499582415,-0.345432486,-0.472389768,0.657867455,0.339450420,0.478363653,268551.817156463
359,268551852988375,0.782562907,-0.492478579,-0.364745538,-0.473868045,0.656352077,0.340130979,0.478499737,268551.850492880
360,268551886324583,0.779577159,-0.485313006,-0.379570198,-0.475379263,0.655314672,0.338727132,0.479417584,268551.883829088
361,268551919661000,0.776133156,-0.476931118,-0.403832316,-0.475503160,0.657844348,0.333737212,0.479329830,268551.917165505
362,268551952997333,0.773868761,-0.471064110,-0.421621714,-0.475119535,0.659725594,0.332447439,0.478019165,268551.950501838
363,268551986333708,0.769987456,-0.468812782,-0.437232782,-0.476139539,0.662078516,0.330150085,0.475335832,268551.983838213
364,268552019670083,0.768343024,-0.462125298,-0.459310751,-0.476967156,0.664437753,0.329461072,0.471678131,268552.017174588
365,268552053006375,0.767292113,-0.457680119,-0.474719302,-0.475349709,0.667762157,0.327988104,0.469638385,268552.050510880
366,268552086342750,0.764036505,-0.454737354,-0.490211185,-0.472914854,0.671126266,0.325705282,0.468889324,268552.083847255
367,268552119679166,0.763155956,-0.450411464,-0.507753748,-0.471687045,0.676046115,0.320175527,0.466862579,268552.117183671
368,268552153015458,0.762595962,-0.446709321,-0.519900554,-0.473957656,0.677543699,0.316829020,0.464669885,268552.150519963
369,268552186351833,0.761092681,-0.441560345,-0.531994062,-0.474875451,0.679967868,0.314733302,0.461605899,268552.183856338
370,268552219688291,0.760963370,-0.437699977,-0.542318295,-0.473687490,0.682482220,0.312974101,0.460310163,268552.217192796
371,268552253024500,0.761369592,-0.434146728,-0.552425280,-0.473294512,0.683986897,0.312271943,0.458955899,268552.250529005
372,268552286360875,0.762556522,-0.434022956,-0.559077983,-0.470312334,0.686635729,0.312273015,0.458064736,268552.283865380
373,268552319697333,0.763246505,-0.430846432,-0.569598421,-0.467398772,0.689302100,0.312690963,0.456755315,268552.317201838
374,268552353033583,0.764354033,-0.428061064,-0.580726274,-0.463872530,0.692376656,0.314134735,0.454704590,268552.350538088
375,268552386370000,0.769264235,-0.430497731,-0.583559811,-0.459281680,0.696935237,0.314812911,0.451923111,268552.383874505
376,268552419706333,0.771305374,-0.428291990,-0.596337701,-0.457288842,0.699609194,0.315501605,0.449324694,268552.417210838
377,268552453042666,0.773484076,-0.426016270,-0.609848118,-0.455229211,0.702198109,0.316324286,0.446792100,268552.450547171
378,268552486378916,0.778264030,-0.425771739,-0.621019476,-0.454499846,0.703244545,0.317846183,0.444804290,268552.483883421
379,268552519715458,0.781020828,-0.423645129,-0.634750689,-0.454036938,0.703319817,0.317899498,0.445119822,268552.517219963
380,268552553051750,0.783743191,-0.421579669,-0.647829825,-0.453790639,0.701444420,0.317468464,0.448624128,268552.550556255
381,268552586388000,0.785706160,-0.420638309,-0.664674715,-0.453276532,0.698807634,0.318161935,0.452748620,268552.583892505
382,268552619724458,0.788438664,-0.418521159,-0.678682989,-0.449848112,0.696069967,0.322344988,0.457402491,268552.617228963
383,268552653060750,0.791559482,-0.416046459,-0.693484456,-0.447132980,0.694100707,0.323318014,0.462343835,268552.650565255
384,268552686397166,0.795192178,-0.413492830,-0.715126518,-0.444724682,0.690814325,0.320004918,0.471797023,268552.683901671
385,268552719733500,0.797122696,-0.409611016,-0.730847505,-0.446101849,0.687274025,0.316835082,0.477768919,268552.717238005
386,268552753069833,0.798858726,-0.404741210,-0.747179968,-0.448064080,0.684639493,0.313681637,0.481779233,268552.750574338
387,268552786406166,0.799893571,-0.396370361,-0.767991133,-0.450894368,0.679975340,0.312708970,0.486354766,268552.783910671
388,268552819742583,0.801310370,-0.391512391,-0.784191668,-0.449088502,0.677578480,0.312782340,0.491298465,268552.817247088
389,268552853078958,0.802423688,-0.387151365,-0.799858487,-0.446136035,0.677365575,0.312962734,0.494158777,268552.850583463
390,268552886415250,0.803071148,-0.383426422,-0.819278220,-0.442460709,0.674384438,0.323199730,0.494950642,268552.883919755
391,268552919751625,0.804429246,-0.379423611,-0.834695948,-0.441116925,0.672663824,0.327563460,0.495622307,268552.917256130
392,268552953088000,0.805421320,-0.376156941,-0.849739273,-0.436344883,0.672444108,0.332060580,0.497149765,268552.950592505
393,268552986424333,0.805033318,-0.372886808,-0.866923916,-0.428770865,0.673058454,0.341779950,0.496320846,268552.983928838
394,268553019760583,0.805787002,-0.370595179,-0.881965997,-0.426716981,0.671181058,0.349336741,0.495371073,268553.017265088
395,268553053096958,0.806519955,-0.368412018,-0.896717659,-0.425418903,0.670697592,0.354000634,0.493829022,268553.050601463
396,268553086433333,0.805235037,-0.365255358,-0.910738139,-0.424456594,0.669030796,0.359413389,0.493007568,268553.083937838
397,268553119769666,0.805700044,-0.363680069,-0.923254219,-0.425832562,0.666486728,0.362888577,0.492721021,268553.117274171
398,268553153106041,0.806126602,-0.362780602,-0.934836187,-0.426920939,0.664186363,0.364529719,0.493673094,268553.150610546
399,268553186442375,0.803090554,-0.364162800,-0.942372320,-0.429172763,0.661008493,0.362287786,0.497620464,268553.183946880
400,268553219901541,0.802893030,-0.363940840,-0.955239991,-0.432354343,0.655694686,0.364052532,0.500599648,268553.221098262
401,268553253207208,0.802658912,-0.364058274,-0.964424168,-0.433215641,0.651764654,0.365808451,0.503697602,268553.254403929
402,268553286543416,0.801199264,-0.366130411,-0.964450060,-0.433616963,0.648041632,0.366245039,0.507821817,268553.287740137
403,268553319879583,0.801259644,-0.366791891,-0.975423674,-0.433238606,0.642165025,0.369789658,0.513014672,268553.321076304
404,268553353215625,0.801337694,-0.367205151,-0.983415389,-0.431153556,0.638056261,0.374593625,0.516401480,268553.354412346
405,268553386551666,0.802322912,-0.368646846,-0.988012470,-0.427652834,0.634312302,0.379398107,0.520401851,268553.387748387
406,268553419887875,0.802371376,-0.369669405,-0.997314132,-0.427157973,0.628790442,0.382535226,0.525190918,268553.421084596
407,268553453223875,0.801976405,-0.370060243,-1.004054648,-0.427935515,0.624863402,0.382671745,0.529130714,268553.454420596
408,268553486560000,0.802058998,-0.369166406,-1.007927218,-0.428670972,0.621945547,0.382004823,0.532444648,268553.487756721
409,268553519896208,0.801186162,-0.369525335,-1.016958005,-0.426335237,0.619781899,0.383629956,0.535664795,268553.521092929
410,268553553232250,0.800912065,-0.369836482,-1.024194330,-0.424230519,0.619624424,0.386066962,0.535767108,268553.554428971
411,268553586568333,0.804784812,-0.366021603,-1.035566133,-0.422480024,0.620891847,0.388516255,0.533909277,268553.587765054
412,268553619904541,0.805773535,-0.365324354,-1.046285980,-0.423390335,0.621375983,0.391698779,0.530287311,268553.621101262
413,268553653240625,0.806326255,-0.364590687,-1.054341872,-0.423553904,0.622208085,0.393867445,0.527567701,268553.654437346
414,268553686576708,0.807997023,-0.358891034,-1.065789521,-0.423272394,0.623887145,0.395035637,0.524930671,268553.687773429
415,268553719912750,0.808095106,-0.358313630,-1.075977964,-0.421148351,0.626041433,0.395392208,0.523804587,268553.721109471
416,268553753248916,0.808173833,-0.357825113,-1.083534689,-0.418979982,0.626938250,0.397254908,0.523060988,268553.754445637
417,268553786585041,0.808856389,-0.354535650,-1.093287140,-0.415486813,0.627897996,0.400453177,0.522256757,268553.787781762
418,268553819921166,0.810027166,-0.353128388,-1.103936390,-0.411833531,0.629804367,0.405219526,0.519169327,268553.821117887
419,268553853257250,0.811284703,-0.352103545,-1.111674676,-0.410653124,0.630494595,0.406655337,0.518142903,268553.854453971
420,268553886593291,0.812676416,-0.348420999,-1.120009631,-0.409862581,0.632574105,0.405726681,0.516960907,268553.887790012
421,268553919929500,0.813815838,-0.346842929,-1.129962437,-0.407956133,0.635911093,0.404750621,0.515136743,268553.921126221
422,268553953265583,0.815000223,-0.345737525,-1.137547897,-0.407282982,0.637591821,0.405265211,0.513183597,268553.954462304
423,268553986601666,0.814908641,-0.344199528,-1.145139740,-0.407952898,0.639149193,0.403933263,0.511762361,268553.987798387
424,268554019937833,0.816197251,-0.343209138,-1.154891986,-0.410947086,0.641437142,0.399909803,0.509659777,268554.021134554
425,268554053273875,0.816916268,-0.342329007,-1.161972783,-0.412099781,0.642807709,0.398028119,0.508473883,268554.054470596
426,268554086610000,0.815572959,-0.340985191,-1.169354247,-0.412924516,0.645059513,0.394683517,0.507559399,268554.087806721
427,268554119946166,0.816267832,-0.340716286,-1.178446252,-0.411253494,0.650790783,0.390425470,0.504886053,268554.121142887
428,268554153282250,0.816979812,-0.340026826,-1.185588125,-0.410256608,0.655405791,0.389142951,0.500700092,268554.154478971
429,268554186618333,0.816466980,-0.339498370,-1.195891938,-0.407908220,0.660040755,0.388649549,0.496899052,268554.187815054
430,268554219954500,0.817021606,-0.337746138,-1.203977820,-0.403279105,0.665645804,0.387393554,0.494173971,268554.221151221
431,268554253290541,0.816937981,-0.335959919,-1.208734408,-0.400935215,0.668595429,0.387817353,0.491760978,268554.254487262
432,268554286626625,0.813831742,-0.333390235,-1.210456215,-0.401707152,0.668102795,0.391432920,0.488927747,268554.287823346
433,268554319962833,0.812103341,-0.329937624,-1.212918683,-0.403166481,0.668669446,0.391340727,0.487022021,268554.321159554
434,268554353298916,0.809462399,-0.326104361,-1.214541409,-0.405709261,0.668276698,0.391383877,0.485412159,268554.354495637
435,268554386634958,0.803341679,-0.322419953,-1.208858085,-0.412017661,0.666004706,0.391102498,0.483443965,268554.387831679
436,268554419971083,0.799039950,-0.318026895,-1.209485439,-0.417257780,0.665788299,0.386470434,0.482972610,268554.421167804
437,268554453307208,0.794231141,-0.313328337,-1.209866701,-0.423180551,0.665279458,0.380759261,0.483056832,268554.454503929
438,268554486643250,0.784760992,-0.310359372,-1.202650601,-0.432612796,0.664551573,0.368701781,0.485053013,268554.487839971
439,268554519979333,0.778071123,-0.305951676,-1.202343312,-0.438208374,0.665298051,0.359134786,0.486183282,268554.521176054
440,268554553315375,0.771022086,-0.301405727,-1.202046691,-0.441369796,0.666339354,0.353642442,0.485923497,268554.554512096
441,268554586651583,0.760071285,-0.299034141,-1.198679207,-0.444192619,0.668425632,0.346458183,0.485661273,268554.587848304
442,268554619987791,0.752567458,-0.295498012,-1.197639477,-0.444560289,0.670966152,0.342776752,0.484432373,268554.621184512
443,268554653323791,0.744472853,-0.291598810,-1.196092985,-0.443673155,0.673186418,0.341948991,0.482747470,268554.654520512
444,268554686659875,0.733134427,-0.288704505,-1.194664802,-0.437882140,0.677191288,0.345836572,0.479654365,268554.687856596
445,268554719995958,0.724527348,-0.285855362,-1.191795083,-0.433708000,0.680619765,0.345694863,0.478695332,268554.721192679
446,268554753332166,0.715566630,-0.282859624,-1.188529677,-0.431724176,0.681784532,0.346547854,0.478214101,268554.754528887
447,268554786668208,0.701902591,-0.277834408,-1.186305723,-0.431718378,0.681550090,0.349388277,0.476483580,268554.787864929
448,268554820004291,0.692276858,-0.274423598,-1.183547936,-0.431336043,0.681802245,0.352218739,0.474380574,268554.821201012
449,268554853340333,0.683519289,-0.271469044,-1.181395367,-0.431411877,0.680799516,0.358232295,0.471238249,268554.854537054
450,268554886676458,0.676635431,-0.272314800,-1.179115720,-0.433252281,0.680524391,0.360937763,0.467870708,268554.887873179
451,268554920012500,0.669834643,-0.271582265,-1.178283896,-0.434666666,0.681452178,0.359893765,0.466008960,268554.921209221
452,268554953348750,0.663434049,-0.270687846,-1.178172687,-0.435285392,0.682293793,0.361991078,0.462562775,268554.954545471
453,268554986684833,0.656758716,-0.271109482,-1.177537705,-0.433577203,0.684988663,0.366909772,0.456265946,268554.987881554
454,268555020020916,0.652397015,-0.271030989,-1.178462546,-0.431200221,0.687806060,0.370269440,0.451541569,268555.021217637
455,268555053356916,0.648553680,-0.270826418,-1.179380294,-0.430421237,0.688736813,0.373424700,0.448255740,268555.054553637
456,268555086693083,0.643287772,-0.270410029,-1.179642426,-0.432585643,0.689313788,0.373029703,0.445606393,268555.087889804
457,268555120029250,0.639386313,-0.269497438,-1.180036125,-0.434939789,0.689217208,0.371872640,0.444429761,268555.121225971
458,268555153365375,0.635596504,-0.268463304,-1.180397519,-0.438354308,0.688293224,0.370170347,0.443927817,268555.154562096
459,268555186701416,0.628253982,-0.266214030,-1.182374133,-0.445335261,0.685167864,0.367901809,0.443700142,268555.187898137
460,268555220037500,0.624078545,-0.265189192,-1.183147940,-0.449844896,0.683630226,0.367516004,0.441838572,268555.221234221
461,268555253373583,0.619834226,-0.264620030,-1.184243590,-0.453327916,0.682922676,0.366775172,0.439984597,268555.254570304
462,268555286709750,0.610965540,-0.263672943,-1.188001797,-0.456223776,0.683341164,0.365572232,0.437334788,268555.287906471
463,268555320045750,0.606185554,-0.264629576,-1.189796963,-0.459121767,0.683903981,0.363433737,0.435199402,268555.321242471
464,268555353381875,0.599411045,-0.265655251,-1.192245669,-0.462412076,0.684793733,0.362335308,0.431214324,268555.354578596
465,268555386718000,0.591924549,-0.264254437,-1.194326887,-0.464213323,0.686830370,0.360679177,0.427411532,268555.387914721
466,268555420054166,0.586089936,-0.264330672,-1.195373131,-0.464318230,0.688447042,0.361972253,0.423586347,268555.421250887
467,268555453390083,0.577953724,-0.263782699,-1.195764277,-0.465532952,0.691295375,0.359647506,0.419575380,268555.454586804
468,268555486726250,0.571460240,-0.262592004,-1.194781267,-0.466624168,0.693123876,0.359167295,0.415740407,268555.487922971
469,268555520062416,0.565102593,-0.260745507,-1.193660881,-0.468221356,0.693954034,0.360158837,0.411682190,268555.521259137
470,268555553398500,0.557386808,-0.258123598,-1.191022501,-0.470427436,0.695787665,0.359283200,0.406808540,268555.554595221
471,268555586734583,0.553646623,-0.256795355,-1.186350899,-0.471009526,0.697586791,0.358383088,0.403836986,268555.587931304
472,268555620070708,0.549459115,-0.255496069,-1.182113406,-0.472988811,0.698403187,0.355877306,0.402325701,268555.621267429
473,268555653406791,0.545136423,-0.254872979,-1.175090305,-0.474945054,0.700105805,0.352022050,0.400449232,268555.654603512
474,268555686742875,0.543863047,-0.257399340,-1.166898248,-0.474833546,0.702467367,0.348707834,0.399343964,268555.687939596
475,268555720078916,0.543224549,-0.260010578,-1.159244318,-0.475470976,0.705785189,0.342987791,0.397685863,268555.721275637
476,268555753415125,0.544046825,-0.265128664,-1.148062561,-0.475035333,0.711671179,0.335377170,0.394192556,268555.754611846
477,268555786751125,0.549735179,-0.272430865,-1.137679085,-0.476564630,0.714712529,0.332755072,0.389032479,268555.787947846
478,268555820087208,0.552328413,-0.276379274,-1.127935825,-0.480309128,0.715658190,0.331974118,0.383314146,268555.821283929
479,268555853423375,0.556086926,-0.281526133,-1.113421711,-0.487187309,0.715711300,0.328649065,0.377353555,268555.854620096
480,268555886759416,0.560055706,-0.288189700,-1.100792702,-0.491273627,0.715118061,0.328619905,0.373182788,268555.887956137
481,268555920095625,0.562784817,-0.292966110,-1.088840237,-0.494982225,0.715617754,0.326671316,0.369011831,268555.921292346
482,268555953431583,0.566584901,-0.299764486,-1.073466421,-0.500063566,0.716882567,0.325982717,0.360209851,268555.954628304
483,268555986767666,0.568536408,-0.307202008,-1.064849114,-0.501905862,0.718875946,0.324696257,0.354796102,268555.987964387
484,268556020103750,0.571016605,-0.313549542,-1.054597603,-0.505673732,0.720465572,0.320131216,0.350341969,268556.021300471
485,268556053440000,0.573440629,-0.322926136,-1.041131323,-0.510503744,0.723642923,0.312680582,0.343449785,268556.054636721
486,268556086775916,0.571531917,-0.331849983,-1.033201493,-0.513154955,0.726908923,0.305755097,0.338805671,268556.087972637
487,268556120112083,0.571031975,-0.338957746,-1.024181547,-0.515598070,0.730086824,0.296083236,0.336848081,268556.121308804
488,268556153448041,0.568623825,-0.346457481,-1.012735303,-0.516054942,0.734806668,0.282203733,0.337798111,268556.154644762
489,268556186784250,0.563962411,-0.347721147,-1.008903886,-0.511639195,0.738895701,0.277834667,0.339214428,268556.187980971
490,268556220120333,0.559951576,-0.348320701,-1.003910861,-0.508618999,0.741871700,0.279050891,0.336249533,268556.221317054
491,268556253456375,0.553377427,-0.346644748,-1.000091098,-0.510493717,0.742422595,0.280099906,0.331283793,268556.254653096
492,268556286792500,0.546351415,-0.344580945,-1.004644509,-0.515050812,0.739234964,0.284564600,0.327532245,268556.287989221
493,268556320128708,0.537781716,-0.341613309,-1.005234513,-0.520372438,0.737399750,0.280870199,0.326444664,268556.321325429
494,268556353464750,0.525099105,-0.337814285,-1.006268302,-0.522659132,0.737089258,0.270613766,0.332107063,268556.354661471
495,268556386800750,0.515501386,-0.335069674,-1.005836899,-0.522108315,0.737622939,0.261012174,0.339393585,268556.387997471
496,268556420136833,0.502375633,-0.328828455,-1.010411075,-0.511383889,0.747190728,0.255309488,0.339130732,268556.421333554
497,268556453473125,0.492628399,-0.323263086,-1.016061271,-0.488821477,0.759836356,0.262558150,0.338770640,268556.454669846
498,268556486809000,0.490074580,-0.315929203,-1.021841771,-0.471705432,0.771253861,0.266640724,0.334012342,268556.488005721
499,268556520145125,0.479658075,-0.306324241,-1.027497623,-0.462051822,0.777330072,0.261025825,0.337833754,268556.521341846
500,268556553481250,0.470710980,-0.297132272,-1.030455200,-0.457427574,0.780980941,0.255865943,0.339649019,268556.554677971
501,268556586817291,0.453382521,-0.286315078,-1.025590937,-0.454539232,0.781787337,0.253901778,0.343127654,268556.588014012
502,268556620153333,0.440354758,-0.273604747,-1.027449676,-0.445359384,0.785706499,0.256521894,0.344262817,268556.621350054
503,268556653489416,0.431411388,-0.264337748,-1.027307451,-0.439823642,0.787580621,0.256299139,0.347250246,268556.654686137
504,268556686825541,0.427076012,-0.254453802,-1.026303878,-0.433556868,0.790190404,0.256930182,0.348732709,268556.688022262
505,268556720161583,0.416105428,-0.240934433,-1.024347905,-0.423410131,0.793845722,0.261130246,0.349776899,268556.721358304
506,268556753497666,0.409179730,-0.230379530,-1.023298669,-0.416371104,0.796670184,0.269557793,0.345384382,268556.754694387
507,268556786833791,0.406988920,-0.220080373,-1.022619807,-0.410240763,0.798124664,0.283073960,0.338480020,268556.788030512
508,268556820169833,0.402155672,-0.206190585,-1.020221206,-0.406958992,0.799424778,0.289200618,0.334166814,268556.821366554
509,268556853505958,0.398928128,-0.196949137,-1.016968896,-0.399655048,0.803672665,0.287582915,0.334188883,268556.854702679
510,268556886842041,0.395973770,-0.190728826,-1.007857343,-0.391913965,0.808952210,0.280576753,0.336565751,268556.888038762
511,268556920178166,0.392987806,-0.180911186,-1.000469993,-0.383776376,0.814586273,0.271186312,0.340033727,268556.921374887
512,268556953514125,0.391492603,-0.173140584,-0.994953393,-0.380747238,0.817410578,0.265211861,0.341371072,268556.954710846
513,268556986850208,0.390354370,-0.163292766,-0.988755659,-0.377523259,0.820240210,0.260967031,0.341435862,268556.988046929
514,268557020186375,0.389725331,-0.151826776,-0.982726214,-0.372944279,0.824867777,0.253754989,0.340755299,268557.021383096
515,268557053522458,0.389306214,-0.142943529,-0.978580641,-0.373093346,0.826701603,0.249655021,0.339172873,268557.054719179
516,268557086858666,0.385845391,-0.132750772,-0.974565344,-0.374468086,0.827868563,0.248620354,0.335552183,268557.088055387
517,268557120194541,0.383962431,-0.118739874,-0.971312963,-0.375794078,0.828521968,0.252578779,0.329445251,268557.121391262
518,268557153530708,0.382594766,-0.108617213,-0.969353783,-0.378027853,0.829741937,0.249059352,0.326485454,268557.154727429
519,268557186866791,0.380763246,-0.099310014,-0.968923195,-0.381174205,0.830118599,0.248598386,0.322192849,268557.188063512
520,268557220202916,0.378375992,-0.086221601,-0.968311229,-0.381675873,0.831305844,0.248993885,0.318207826,268557.221399637
521,268557253539041,0.376584801,-0.077114144,-0.967942121,-0.380420465,0.833455514,0.246132727,0.316308251,268557.254735762
522,268557286875041,0.373947991,-0.068514619,-0.969641036,-0.377155853,0.836773928,0.240042984,0.316136479,268557.288071762
523,268557320211083,0.370623528,-0.058139908,-0.968232288,-0.373647737,0.840248436,0.227233319,0.320523019,268557.321407804
524,268557353547166,0.367889499,-0.050505981,-0.966649619,-0.370524356,0.843158120,0.213309770,0.326029265,268557.354743887
525,268557386883250,0.363315271,-0.041590196,-0.967106828,-0.363702567,0.846176008,0.194712261,0.337333359,268557.388079971
526,268557420219458,0.358103114,-0.031182298,-0.964888922,-0.347911682,0.851965445,0.174968516,0.349997733,268557.421416179
527,268557453555416,0.353731681,-0.023108729,-0.963920053,-0.338205016,0.854647667,0.168258754,0.356207492,268557.454752137
528,268557486891625,0.349028490,-0.014723984,-0.966314733,-0.328849316,0.856410826,0.165260855,0.362087735,268557.488088346
529,268557520227583,0.340985806,-0.001694964,-0.966348927,-0.320162931,0.858516724,0.156776195,0.368600069,268557.521424304
530,268557553563666,0.333317576,0.008650277,-0.966261981,-0.312919133,0.859475965,0.152224052,0.374447024,268557.554760387
531,268557586899708,0.322310798,0.022516232,-0.966925296,-0.305169576,0.860570714,0.145799640,0.380830793,268557.588096429
532,268557620235833,0.312932380,0.033286245,-0.966932102,-0.297038985,0.861350920,0.138156273,0.388272240,268557.621432554
533,268557653571833,0.303531718,0.044269179,-0.967315879,-0.288096746,0.862873530,0.132818069,0.393457685,268557.654768554
534,268557686907958,0.294226644,0.058808795,-0.967620263,-0.277497596,0.865802091,0.128073806,0.396205725,268557.688104679
535,268557720244041,0.285011698,0.068470053,-0.967870936,-0.270869267,0.867337886,0.118001260,0.400537873,268557.721440762
536,268557753580166,0.275228438,0.077614817,-0.967179889,-0.262383636,0.869464878,0.105986465,0.404910577,268557.754776887
537,268557786916166,0.263213032,0.088348887,-0.964052513,-0.248095628,0.874349090,0.095030772,0.406117513,268557.788112887
538,268557820252291,0.254691690,0.096947441,-0.963386985,-0.238507600,0.877702867,0.096515597,0.404272922,268557.821449012
539,268557853588416,0.247909238,0.105000533,-0.964449669,-0.232243043,0.881340072,0.098518256,0.399495999,268557.854785137
540,268557886924583,0.243772632,0.115107761,-0.969447380,-0.222453270,0.886910931,0.099615504,0.392403297,268557.888121304
541,268557920260541,0.239560005,0.122315954,-0.970724864,-0.214998446,0.890879113,0.097697669,0.388027438,268557.921457262
542,268557953596541,0.235712867,0.128262786,-0.970981910,-0.205598993,0.895364270,0.094781454,0.383494990,268557.954793262
543,268557986932666,0.235214524,0.129301751,-0.967100296,-0.190824410,0.900617894,0.088552796,0.380305022,268557.988129387
544,268558020268958,0.231938369,0.133790916,-0.963654384,-0.183050830,0.903799048,0.081864509,0.378071328,268558.021465679
545,268558053604833,0.228567762,0.138890871,-0.959165036,-0.178731969,0.906619625,0.074379999,0.374917868,268558.054801554
546,268558086940875,0.227190454,0.146623894,-0.953696563,-0.171468318,0.909026603,0.062501708,0.374650292,268558.088137596
547,268558120277000,0.223548016,0.152617002,-0.947978401,-0.162026680,0.911955848,0.051934523,0.373345342,268558.121473721
548,268558153613208,0.219486662,0.158066322,-0.942002584,-0.148373779,0.914154388,0.044794718,0.374567034,268558.154809929
549,268558186949125,0.211843067,0.171164250,-0.935614140,-0.132595681,0.914336258,0.032991864,0.381207532,268558.188145846
550,268558220285250,0.208634685,0.177619531,-0.929967524,-0.122389101,0.912818835,0.024152587,0.388843656,268558.221481971
551,268558253621208,0.205178925,0.185762523,-0.924208399,-0.110685477,0.911105626,0.013935189,0.396788518,268558.254817929
552,268558286957333,0.197750383,0.201368969,-0.918667447,-0.094715029,0.906568236,0.006868600,0.411237124,268558.288154054
553,268558320293458,0.192253234,0.212272528,-0.915587881,-0.084026263,0.904274120,0.001667048,0.418599065,268558.321490179
554,268558353629500,0.186048217,0.224308774,-0.913182026,-0.075481964,0.901323974,-0.002805006,0.426508794,268558.354826221
555,268558386965541,0.175435603,0.243206415,-0.912651187,-0.061477955,0.897428058,-0.012430027,0.436679389,268558.388162262
556,268558420301666,0.166446060,0.257512510,-0.911236871,-0.049994046,0.895600454,-0.022744800,0.441455716,268558.421498387
557,268558453637708,0.157312364,0.271987250,-0.910633455,-0.039150078,0.895434606,-0.023744851,0.442832217,268558.454834429
558,268558486973791,0.146707387,0.288243439,-0.909846294,-0.023918349,0.896807912,-0.024817472,0.441075535,268558.488170512
559,268558520309916,0.136841478,0.300919922,-0.908485938,-0.012565719,0.897255905,-0.030328276,0.440288760,268558.521506637
560,268558553645958,0.126757999,0.312752719,-0.905081539,-0.001202985,0.897856326,-0.039529949,0.438508845,268558.554842679
561,268558586981916,0.113471813,0.325333347,-0.895243259,0.018068030,0.899815862,-0.047938713,0.433251537,268558.588178637
562,268558620318166,0.105179924,0.334278913,-0.891424171,0.030597952,0.900924424,-0.050085968,0.429988833,268558.621514887
563,268558653654041,0.096550562,0.344712610,-0.885730761,0.042823378,0.903127182,-0.056030379,0.423542325,268558.654850762
564,268558686990208,0.095095359,0.353416868,-0.881573292,0.052341049,0.905023241,-0.059203750,0.417957315,268558.688186929
565,268558720326166,0.092837424,0.361176542,-0.877378585,0.060427607,0.906536747,-0.063863404,0.412869410,268558.721522887
566,268558753662458,0.091982152,0.370416274,-0.871805966,0.069851682,0.908275594,-0.068920545,0.406701609,268558.754859179
567,268558786998416,0.096554698,0.373494915,-0.869145325,0.077636643,0.909249424,-0.072070566,0.402546797,268558.788195137
568,268558820334541,0.099256186,0.379436272,-0.865585462,0.084407401,0.910190191,-0.073936591,0.398701192,268558.821531262
569,268558853670500,0.104230963,0.386975922,-0.860864182,0.091163886,0.911617708,-0.080026852,0.392731533,268558.854867221
570,268558887006708,0.112930436,0.388025778,-0.858811013,0.096213198,0.912664391,-0.082075916,0.388651937,268558.888203429
571,268558920342708,0.118552689,0.393364643,-0.855235916,0.102168967,0.913079328,-0.082771768,0.386000687,268558.921539429
572,268558953678750,0.127009085,0.399794555,-0.848560088,0.105849206,0.912940213,-0.090421443,0.383614557,268558.954875471
573,268558987014750,0.136641087,0.405568478,-0.840095074,0.110750963,0.911643612,-0.096557536,0.383818765,268558.988211471
574,268559020350916,0.143959694,0.411793233,-0.833151380,0.114669846,0.910643118,-0.100338126,0.384073238,268559.021547637
575,268559053686958,0.154015215,0.420554769,-0.824622048,0.113933283,0.909717727,-0.099866700,0.386599999,268559.054883679
576,268559087023083,0.162719093,0.430145519,-0.820624430,0.108954741,0.909388137,-0.102117335,0.388219246,268559.088219804
577,268559120359041,0.170559076,0.438831470,-0.814794100,0.105429648,0.908676404,-0.105146904,0.390046104,268559.121555762
578,268559153695166,0.180108316,0.450089753,-0.807176015,0.105438964,0.906928585,-0.108698159,0.393125845,268559.154891887
579,268559187031166,0.185918901,0.458995555,-0.800149343,0.109854500,0.904849376,-0.110667989,0.396146748,268559.188227887
580,268559220367291,0.191245953,0.463883808,-0.795205351,0.115458105,0.902784540,-0.110541413,0.399287052,268559.221564012
581,268559253703375,0.197553015,0.468620101,-0.789454053,0.121099193,0.900027085,-0.111078083,0.403668112,268559.254900096
582,268559287039458,0.199973777,0.471434839,-0.786481746,0.126259294,0.897459385,-0.113456805,0.407127560,268559.288236179
583,268559320375666,0.203684685,0.474095962,-0.783327846,0.127996942,0.895720620,-0.117173482,0.409355326,268559.321572387
584,268559353711625,0.207883923,0.476778489,-0.780270044,0.130745374,0.894124013,-0.120739373,0.410937895,268559.354908346
585,268559387047583,0.207778511,0.475304207,-0.779066621,0.133616978,0.892971819,-0.123220677,0.411782165,268559.388244304
586,268559420383625,0.209919380,0.476079684,-0.778641499,0.136442650,0.892402199,-0.122904269,0.412184804,268559.421580346
587,268559453719750,0.212415013,0.477040847,-0.778322390,0.137173462,0.891803916,-0.125257142,0.412528687,268559.454916471
588,268559487055875,0.214078570,0.478399627,-0.777576744,0.139932105,0.890967063,-0.130271626,0.411856838,268559.488252596
589,268559520391916,0.214962608,0.479286842,-0.776692959,0.143470548,0.889380937,-0.137357697,0.411765305,268559.521588637
590,268559553727833,0.215158005,0.480038263,-0.775397208,0.149316353,0.888110497,-0.147661658,0.408852615,268559.554924554
591,268559587064000,0.214879837,0.479739366,-0.774172595,0.147913355,0.888465010,-0.151284419,0.407264832,268559.588260721
592,268559620400125,0.215841307,0.481021762,-0.774060644,0.142331458,0.889558566,-0.153362682,0.406087742,268559.621596846
593,268559653736125,0.217440286,0.482574887,-0.773331519,0.138027236,0.891146939,-0.155557747,0.403246147,268559.654932846
594,268559687072166,0.218548586,0.483166872,-0.771624857,0.138688015,0.890932607,-0.155465857,0.403528370,268559.688268887
595,268559720408375,0.218412499,0.482445343,-0.769318390,0.143790334,0.890041156,-0.155291141,0.403776913,268559.721605096
596,268559753744333,0.218409182,0.481918765,-0.765101192,0.143929896,0.889362505,-0.152967211,0.406102949,268559.754941054
597,268559787080416,0.212924098,0.476744839,-0.765574615,0.142719263,0.889351645,-0.149346596,0.407897671,268559.788277137
598,268559820243833,0.214200066,0.479008386,-0.763395388,0.139018597,0.890086722,-0.140833534,0.410591555,268559.818098202
599,268559853570416,0.215389920,0.480895731,-0.761126052,0.136333679,0.890043921,-0.139839722,0.411922144,268559.851074921
600,268559886906791,0.215315892,0.479094386,-0.756539758,0.133201079,0.890716863,-0.141677512,0.410863090,268559.884411296
601,268559920243000,0.216103133,0.480444035,-0.754047798,0.135628336,0.888644041,-0.142553465,0.414240614,268559.917747505
602,268559953579333,0.216602840,0.480744202,-0.751938172,0.144336911,0.884675016,-0.137589783,0.421409632,268559.951083838
603,268559986915583,0.218359860,0.483289771,-0.747632021,0.149126833,0.881255904,-0.134559090,0.427835393,268559.984420088
604,268560020251875,0.218440642,0.482622814,-0.746218981,0.150752436,0.881980215,-0.129796752,0.427244027,268560.017756380
605,268560053588166,0.218587542,0.482409115,-0.744810726,0.156625325,0.880938704,-0.125179342,0.428655682,268560.051092671
606,268560086924458,0.221207474,0.483839635,-0.744418337,0.156934111,0.882081576,-0.125811070,0.425999302,268560.084428963
607,268560120260708,0.221502192,0.483508834,-0.743218401,0.154937570,0.882720302,-0.126376105,0.425239170,268560.117765213
608,268560153597083,0.222777464,0.483911488,-0.741923486,0.151176204,0.884355831,-0.129876570,0.422128713,268560.151101588
609,268560186933333,0.222481101,0.483544925,-0.741358245,0.147231589,0.886220716,-0.133197713,0.418561972,268560.184437838
610,268560220269666,0.222408961,0.482865278,-0.740820350,0.146541442,0.886653029,-0.137599411,0.416459442,268560.217774171
611,268560253605916,0.222398257,0.482093218,-0.739737078,0.145815210,0.887348554,-0.143685268,0.413164695,268560.251110421
612,268560286942166,0.221487411,0.482973327,-0.737159351,0.146794103,0.887711846,-0.147910274,0.410538395,268560.284446671
613,268560320278541,0.221803114,0.483086399,-0.736075277,0.145961793,0.889602673,-0.149602527,0.406105130,268560.317783046
614,268560353614791,0.222642263,0.482873893,-0.735074222,0.142496050,0.892068103,-0.149478804,0.401952130,268560.351119296
615,268560386951125,0.224079322,0.481966708,-0.735990720,0.140684700,0.895749531,-0.147962068,0.394902358,268560.384455630
616,268560420287458,0.224942650,0.481513540,-0.735975242,0.141248668,0.900696731,-0.151940146,0.381717772,268560.417791963
617,268560453623750,0.226849205,0.480469349,-0.737243545,0.147720841,0.910064359,-0.167412224,0.349191375,268560.451128255
618,268560486959958,0.228012689,0.481518323,-0.747269757,0.165278612,0.909875650,-0.191913013,0.328601173,268560.484464463
619,268560520296333,0.231059317,0.480087527,-0.750154083,0.176777318,0.909225076,-0.205762623,0.315786853,268560.517800838
620,268560553632458,0.236016384,0.476649541,-0.751649890,0.186734875,0.907213730,-0.210460171,0.312729763,268560.551136963
621,268560586968833,0.234259171,0.467140210,-0.763957203,0.193373848,0.903167629,-0.215000717,0.317284624,268560.584473338
622,268560620305125,0.237035231,0.465176339,-0.762788526,0.199010427,0.898867337,-0.223209692,0.320327718,268560.617809630
623,268560653641416,0.241954761,0.463879746,-0.761625727,0.207111618,0.892744990,-0.235035737,0.323835477,268560.651145921
624,268560686977708,0.247653653,0.464842103,-0.764470788,0.213514123,0.885924967,-0.244549377,0.331276814,268560.684482213
625,268560720314041,0.253014296,0.467312929,-0.763859740,0.219765773,0.878669852,-0.250743142,0.341716586,268560.717818546
626,268560753650333,0.260808409,0.473963821,-0.761720829,0.227531802,0.865920954,-0.254896061,0.365291983,268560.751154838
627,268560786986625,0.268030978,0.480963577,-0.756563839,0.230463216,0.859023879,-0.246287876,0.385106500,268560.784491130
628,268560820322875,0.274802829,0.490438943,-0.752809317,0.235300268,0.851340388,-0.238259657,0.403838727,268560.817827380
629,268560853659208,0.284731848,0.504920482,-0.747391778,0.247137327,0.839515693,-0.235577925,0.422657825,268560.851163713
630,268560886995500,0.295036192,0.515299979,-0.742283548,0.259063560,0.832535431,-0.234119634,0.430068458,268560.884500005
631,268560920331750,0.304263745,0.527116595,-0.739373920,0.272309335,0.826282288,-0.237851637,0.431893341,268560.917836255
632,268560953668083,0.316971044,0.543601117,-0.736371634,0.289423566,0.821586586,-0.245541488,0.425369147,268560.951172588
633,268560987004333,0.326152622,0.556156874,-0.734727341,0.303123024,0.820429476,-0.251527297,0.414422464,268560.984508838
634,268561020340625,0.334946972,0.569465344,-0.734315363,0.312730173,0.820408469,-0.252447659,0.406694006,268561.017845130
635,268561053676833,0.344859734,0.588055858,-0.734239056,0.318896219,0.819182872,-0.249377588,0.406270226,268561.051181338
636,268561087013208,0.351261775,0.602372602,-0.731483757,0.318394117,0.818397560,-0.241974865,0.412672798,268561.084517713
637,268561120349458,0.355961546,0.622911508,-0.730590009,0.317169850,0.816700107,-0.230357578,0.423485137,268561.117853963
638,268561153685708,0.357967451,0.638416726,-0.729276574,0.316326553,0.815578907,-0.227903402,0.427584671,268561.151190213
639,268561187022000,0.362095075,0.653549663,-0.719572839,0.312235774,0.818046638,-0.224656484,0.427595646,268561.184526505
640,268561220358333,0.364837492,0.672823384,-0.716276146,0.309542773,0.826529226,-0.220336224,0.415312787,268561.217862838
641,268561253694625,0.366993637,0.686797137,-0.712635913,0.309873087,0.832009670,-0.222280889,0.402901774,268561.251199130
642,268561287030833,0.374883143,0.699384087,-0.703490776,0.308812741,0.838446784,-0.225694668,0.388205681,268561.284535338
643,268561320367125,0.379683355,0.715930102,-0.693936836,0.303890756,0.844727883,-0.215925063,0.384007333,268561.317871630
644,268561353703458,0.383097684,0.728149983,-0.684277247,0.302313869,0.846930647,-0.207422231,0.385085542,268561.351207963
645,268561387039750,0.388487773,0.740014618,-0.670406499,0.299569012,0.846360761,-0.196722504,0.393995151,268561.384544255
646,268561420376000,0.392611745,0.754393109,-0.652949024,0.301355533,0.844106912,-0.184355558,0.403337879,268561.417880505
647,268561453712333,0.395649051,0.764828034,-0.639137454,0.304601917,0.841925924,-0.177867797,0.408339945,268561.451216838
648,268561487048708,0.403570640,0.773787023,-0.630205603,0.308054943,0.839532011,-0.174054804,0.412302235,268561.484553213
649,268561520384916,0.409094746,0.785850970,-0.612633042,0.313877789,0.840680254,-0.171956989,0.406409020,268561.517889421
650,268561553721125,0.413772019,0.794243824,-0.599325271,0.316856773,0.843230808,-0.171268394,0.399037317,268561.551225630
651,268561587057458,0.424157864,0.803647874,-0.584497145,0.321239738,0.845506670,-0.174291742,0.389289024,268561.584561963
652,268561620393708,0.431122112,0.813080501,-0.565796751,0.327702705,0.846722750,-0.172732975,0.381883352,268561.617898213
653,268561653730000,0.436212389,0.819366741,-0.550974722,0.328840564,0.848207301,-0.165370277,0.380868720,268561.651234505
654,268561687066208,0.445960526,0.828652756,-0.532447444,0.328789510,0.849088524,-0.155267504,0.383194719,268561.684570713
655,268561720402500,0.452109259,0.836645730,-0.509449473,0.336130951,0.846269532,-0.148794113,0.385621872,268561.717907005
656,268561753738791,0.457029204,0.841088027,-0.491698291,0.343383296,0.844033082,-0.143777976,0.386036287,268561.751243296
657,268561787075166,0.465542631,0.843940468,-0.475181270,0.352617648,0.841872833,-0.141651521,0.383204680,268561.784579671
658,268561820411416,0.473190005,0.846677943,-0.451153096,0.363071785,0.840759380,-0.139298268,0.376694292,268561.817915921
659,268561853747666,0.479027181,0.847965844,-0.433302015,0.371470767,0.838836726,-0.138208731,0.373176656,268561.851252171
660,268561887083916,0.483802682,0.851894556,-0.413689553,0.379365671,0.838369650,-0.135673288,0.367165944,268561.884588421
661,268561920420291,0.490604801,0.851750382,-0.390956060,0.388750556,0.838835288,-0.129237324,0.358505415,268561.917924796
662,268561953756583,0.495559595,0.850458790,-0.374800852,0.397193591,0.839081003,-0.127073473,0.349331800,268561.951261088
663,268561987092833,0.502461340,0.855771415,-0.357687335,0.405329746,0.839609027,-0.125963081,0.338965830,268561.984597338
664,268562020429125,0.508730294,0.851727312,-0.340130514,0.416309399,0.837110561,-0.133085201,0.328969262,268562.017933630
665,268562053765375,0.513362931,0.848025919,-0.328558663,0.423893064,0.836084620,-0.134651876,0.321163672,268562.051269880
666,268562087101666,0.520555003,0.860330116,-0.311961857,0.431254598,0.833472061,-0.140656435,0.315530688,268562.084606171
667,268562120437875,0.526152443,0.855254487,-0.298434243,0.438804862,0.829772656,-0.147839350,0.311562534,268562.117942380
668,268562153774166,0.529990830,0.851185215,-0.288966211,0.443935435,0.827446404,-0.148818768,0.310010977,268562.151278671
669,268562187110416,0.531996465,0.851646243,-0.278758239,0.450376914,0.823975667,-0.150027799,0.309380749,268562.184614921
670,268562220446750,0.534600143,0.847964700,-0.269508494,0.455185252,0.822231493,-0.154129101,0.304936112,268562.217951255
671,268562253782958,0.537397787,0.844342797,-0.260648934,0.456977537,0.823537224,-0.157796159,0.296746350,268562.251287463
672,268562287119291,0.542037275,0.841538952,-0.254497040,0.456887870,0.827578599,-0.162946625,0.282516525,268562.284623796
673,268562320455625,0.545211711,0.839259411,-0.246384369,0.459134993,0.828162049,-0.168418547,0.273820971,268562.317960130
674,268562353791791,0.548000984,0.837119243,-0.238116097,0.460630225,0.828610232,-0.169341278,0.269348221,268562.351296296
675,268562387128125,0.549494028,0.837131491,-0.227549932,0.464370628,0.826851910,-0.166728077,0.269958589,268562.384632630
676,268562420464458,0.551334262,0.836181154,-0.217968268,0.467275178,0.825103515,-0.163801230,0.272079599,268562.417968963
677,268562453800708,0.553111906,0.835592965,-0.207993654,0.468135805,0.824663194,-0.161143706,0.273518269,268562.451305213
678,268562487136958,0.555251670,0.838346886,-0.194485889,0.469517740,0.824696549,-0.155237361,0.274463309,268562.484641463
679,268562520473250,0.557123919,0.839793275,-0.184718598,0.470227880,0.824889422,-0.151311653,0.274859998,268562.517977755
680,268562553809541,0.558694162,0.841879570,-0.174828844,0.471533355,0.824556339,-0.148188707,0.275323990,268562.551314046
681,268562587145833,0.561424743,0.849918379,-0.156336217,0.477095538,0.820604010,-0.147766232,0.277766268,268562.584650338
682,268562620482166,0.562712994,0.853710774,-0.146166757,0.480212543,0.818471482,-0.144807001,0.280234424,268562.617986671
683,268562653818333,0.564131897,0.857965037,-0.136144829,0.482612352,0.816749103,-0.141313246,0.282907829,268562.651322838
684,268562687154625,0.567540911,0.868931586,-0.117629971,0.486359652,0.814283109,-0.136433915,0.285977530,268562.684659130
685,268562720490916,0.570124831,0.873873180,-0.108074965,0.486586437,0.814686441,-0.132579179,0.286255928,268562.717995421
686,268562753827125,0.573194016,0.878693488,-0.099412643,0.484547116,0.816587063,-0.128953207,0.285955913,268562.751331630
687,268562787163416,0.578439716,0.886591854,-0.085713101,0.482546130,0.818918448,-0.128970481,0.282645494,268562.784667921
688,268562820499666,0.583039071,0.890796947,-0.079539091,0.484180180,0.817305343,-0.131366553,0.283415616,268562.818004171
689,268562853835916,0.588021213,0.894276197,-0.074243773,0.486024103,0.814866155,-0.133814367,0.286124954,268562.851340421
690,268562887172333,0.594169284,0.898800416,-0.063879477,0.489752828,0.808719262,-0.140531078,0.293881595,268562.884676838
691,268562920508625,0.600107665,0.902046836,-0.058718629,0.493365458,0.802630157,-0.144926780,0.302277417,268562.918013130
692,268562953844833,0.606663533,0.904915223,-0.053871431,0.496185424,0.797410183,-0.147318524,0.310216588,268562.951349338
693,268562987181125,0.616979289,0.905295793,-0.041660682,0.502686355,0.790314436,-0.151820733,0.315689783,268562.984685630
694,268563020517333,0.624214697,0.907149065,-0.036823259,0.507528487,0.787855215,-0.152606078,0.313704372,268563.018021838
695,268563053853583,0.631458636,0.908417903,-0.032668332,0.513739609,0.784982848,-0.154963952,0.309612290,268563.051358088
696,268563087189958,0.644269973,0.904635619,-0.025281343,0.522174525,0.782256216,-0.157916906,0.300784445,268563.084694463
697,268563120526166,0.651879480,0.905192182,-0.021234019,0.528997926,0.779348236,-0.158559655,0.296034474,268563.118030671
698,268563153862458,0.659560266,0.905457274,-0.016557750,0.535423541,0.775607331,-0.162950159,0.291894156,268563.151366963
699,268563187198750,0.670065994,0.902795581,-0.011286776,0.541081549,0.770984397,-0.165305382,0.292383313,268563.184703255
700,268563220535000,0.677885992,0.903106686,-0.004625843,0.547406062,0.765414615,-0.169124197,0.293059943,268563.218039505
701,268563253871250,0.688904587,0.902997392,0.005270673,0.555633067,0.758395179,-0.167690636,0.296628643,268563.251375755
702,268563287207500,0.696795457,0.898773161,0.009494400,0.562915473,0.751746313,-0.170936540,0.297967118,268563.284712005
703,268563320543750,0.705628707,0.897454565,0.017781765,0.568645024,0.746395558,-0.171289117,0.300327486,268563.318048255
704,268563353880000,0.717733859,0.895457198,0.029251382,0.574790825,0.738282776,-0.172190017,0.308066065,268563.351384505
705,268563387216291,0.726034049,0.888741479,0.033885526,0.580753451,0.730937735,-0.174792378,0.312894766,268563.384720796
706,268563420552583,0.734793130,0.886798377,0.042983550,0.584918011,0.724351749,-0.174909268,0.320300274,268563.418057088
707,268563453888916,0.745881699,0.884250869,0.054959260,0.594142162,0.713844751,-0.180241136,0.323935100,268563.451393421
708,268563487225166,0.752893130,0.876731481,0.057314899,0.597505096,0.709269427,-0.181020320,0.327347274,268563.484729671
709,268563520561416,0.759715772,0.874097413,0.065700588,0.603881228,0.704779481,-0.186826503,0.322039217,268563.518065921
710,268563553897666,0.767679485,0.870484236,0.076830807,0.604533998,0.706377250,-0.184911112,0.318398743,268563.551402171
711,268563587233958,0.768722720,0.863578565,0.078859186,0.605859532,0.706571601,-0.188674934,0.313197416,268563.584738463
712,268563620570208,0.771593451,0.861537474,0.088309426,0.608021352,0.705656392,-0.183779510,0.313981268,268563.618074713
713,268563653906500,0.772934721,0.858036248,0.101638628,0.612911121,0.702703619,-0.172665445,0.317386637,268563.651411005
714,268563687242750,0.767571981,0.855139097,0.110918801,0.615962768,0.701871143,-0.164087142,0.317871404,268563.684747255
715,268563720579000,0.766469147,0.851522344,0.121861891,0.617294573,0.703876196,-0.153995856,0.315897199,268563.718083505
716,268563753915291,0.765564625,0.846196022,0.136535209,0.619454575,0.709373918,-0.145447037,0.303166435,268563.751419796
717,268563787251625,0.769883872,0.844335259,0.144879400,0.619419920,0.715828156,-0.137696795,0.291459532,268563.784756130
718,268563820587875,0.771155279,0.838704448,0.154240654,0.621668260,0.717978350,-0.133220556,0.283351371,268563.818092380
719,268563853924125,0.773158954,0.830226791,0.166736052,0.622433609,0.719035375,-0.124599679,0.282912538,268563.851428630
720,268563887260291,0.778689148,0.824928230,0.178302715,0.624637496,0.717516442,-0.125591280,0.281469425,268563.884764796
721,268563920596708,0.780593222,0.818440076,0.187644273,0.625283918,0.716250855,-0.122082769,0.284781645,268563.918101213
722,268563953932958,0.783765871,0.809112868,0.199618063,0.625661870,0.714377901,-0.123269470,0.288125199,268563.951437463
723,268563987269208,0.792428237,0.798364164,0.212762741,0.624145286,0.713029158,-0.125520534,0.293729008,268563.984773713
724,268564020605458,0.796521753,0.790923673,0.220748457,0.619925840,0.712653821,-0.128665758,0.302095450,268564.018109963
725,268564053941750,0.802721729,0.781402256,0.231158789,0.610426465,0.716826982,-0.130814987,0.310525522,268564.051446255
726,268564087278000,0.809960420,0.772670131,0.241497863,0.603531908,0.719548746,-0.133942794,0.316319804,268564.084782505
727,268564120614333,0.815602516,0.764918978,0.247343329,0.599866483,0.718648493,-0.137695658,0.323642557,268564.118118838
728,268564153950500,0.823088318,0.754107848,0.254239549,0.591383630,0.722949987,-0.138984373,0.329077674,268564.151455005
729,268564187286791,0.831067924,0.743177106,0.260285389,0.583643218,0.728780208,-0.135871816,0.331328999,268564.184791296
730,268564220623125,0.837043558,0.734757328,0.263260342,0.572946417,0.736527445,-0.129983495,0.335207503,268564.218127630
731,268564253959208,0.844933667,0.723968026,0.266840468,0.555032645,0.749187783,-0.131560246,0.336672518,268564.251463713
732,268564287295666,0.850675161,0.712777467,0.262799591,0.541476889,0.761123200,-0.133911512,0.331001531,268564.284800171
733,268564320631875,0.857428430,0.704502918,0.263224443,0.528273220,0.775181768,-0.134971095,0.319066588,268564.318136380
734,268564353968250,0.866977971,0.691386662,0.262286886,0.502931559,0.795450141,-0.130901859,0.311742965,268564.351472755
735,268564387304500,0.873403371,0.684280729,0.251536697,0.490840544,0.805829847,-0.135247804,0.302360552,268564.384809005
736,268564420640750,0.882190062,0.669467747,0.248585143,0.481994474,0.814240929,-0.128197966,0.297083106,268564.418145255
737,268564453976875,0.888617492,0.656644294,0.245869283,0.467638105,0.821645541,-0.116126712,0.304512476,268564.451481380
738,268564487313208,0.886998695,0.654321981,0.230977098,0.456415252,0.823851840,-0.117138078,0.315011092,268564.484817713
739,268564520649541,0.893535408,0.640354580,0.228548465,0.440609977,0.826053748,-0.116869943,0.331420464,268564.518154046
740,268564553985708,0.898319579,0.629276388,0.225869914,0.425131441,0.830709121,-0.112058712,0.341509169,268564.551490213
741,268564587322083,0.898940505,0.623972612,0.215368221,0.401262090,0.839904791,-0.115862226,0.346590067,268564.584826588
742,268564620658333,0.905027517,0.610845631,0.210343649,0.361310406,0.854151460,-0.129260056,0.350958638,268564.618162838
743,268564653994500,0.909047588,0.602119599,0.205814536,0.339541318,0.863710572,-0.147805734,0.341861462,268564.651499005
744,268564687330750,0.914015461,0.588251422,0.199079955,0.314046652,0.878874763,-0.156790092,0.323064655,268564.684835255
745,268564720667166,0.919617736,0.571819018,0.189660096,0.290552611,0.895549268,-0.144489777,0.304455984,268564.718171671
746,268564754003333,0.923302540,0.558832000,0.183711170,0.279758474,0.900904509,-0.140059363,0.300815041,268564.751507838
747,268564787339583,0.923387068,0.540715601,0.178527395,0.274878345,0.901635688,-0.127468901,0.308620664,268564.784844088
748,268564820675916,0.925871732,0.520589557,0.175100692,0.266155189,0.901313191,-0.114264880,0.322086227,268564.818180421
749,268564854012250,0.927174569,0.505552465,0.173517100,0.258832395,0.905383524,-0.103523739,0.320264507,268564.851516755
750,268564887348375,0.925130566,0.491989616,0.168787516,0.252738661,0.911431866,-0.095368241,0.310354756,268564.884852880
751,268564920684791,0.928029621,0.472454957,0.163277975,0.243750615,0.922386135,-0.082680717,0.288016331,268564.918189296
752,268564954020916,0.930636363,0.457697001,0.158969445,0.234220853,0.929513595,-0.068634958,0.276467655,268564.951525421
753,268564987357166,0.926183854,0.447231967,0.156385394,0.225327691,0.935443293,-0.051750326,0.267385928,268564.984861671
754,268565020693458,0.927619284,0.428209150,0.154464357,0.218604302,0.939962931,-0.040229417,0.258966203,268565.018197963
755,268565054029750,0.928536447,0.413974379,0.152999804,0.214105674,0.943185710,-0.033508154,0.251866500,268565.051534255
756,268565087366000,0.927169343,0.405352887,0.151784125,0.209259040,0.945993009,-0.033329216,0.245350966,268565.084870505
757,268565120702250,0.928687418,0.389212902,0.149569295,0.193979801,0.950376532,-0.033847516,0.240854070,268565.118206755
758,268565154038416,0.929693862,0.378430485,0.148180926,0.179169957,0.952081173,-0.032754310,0.245696512,268565.151542921
759,268565187374791,0.927782102,0.375465755,0.144941236,0.159510462,0.952706317,-0.033262508,0.256516557,268565.184879296
760,268565220710958,0.928344578,0.364706199,0.145945843,0.135787466,0.951443864,-0.041794888,0.273074310,268565.218215463
761,268565254047291,0.928853237,0.358092314,0.146519932,0.119337534,0.950389242,-0.051890282,0.282535472,268565.251551796
762,268565287383583,0.930314071,0.358104250,0.145885709,0.104242090,0.949857092,-0.063871411,0.287794348,268565.284888088
763,268565320719750,0.931679551,0.353552551,0.144089083,0.086786381,0.949651873,-0.071188959,0.292509195,268565.318224255
764,268565354056083,0.932111776,0.351313199,0.142242436,0.076183928,0.948310830,-0.074848427,0.298831634,268565.351560588
765,268565387392333,0.923943029,0.365625322,0.149381575,0.068505152,0.946328435,-0.074200103,0.307024325,268565.384896838
766,268565420728666,0.920629127,0.364959832,0.146986334,0.059762427,0.943875623,-0.070564895,0.317092902,268565.418233171
767,268565454064875,0.916802880,0.365331376,0.143801267,0.051420378,0.942604877,-0.066274042,0.323202404,268565.451569380
768,268565487401208,0.907428053,0.369974800,0.135993646,0.041796284,0.940685493,-0.060261759,0.331258883,268565.484905713
769,268565520737375,0.900811967,0.371637999,0.128175730,0.034988680,0.939907680,-0.051485840,0.335706133,268565.518241880
770,268565554073666,0.893639046,0.373212279,0.119395821,0.030514316,0.940007848,-0.047358423,0.336468951,268565.551578171
771,268565587409875,0.884418984,0.379745077,0.108604383,0.025739204,0.941661619,-0.040007681,0.333182125,268565.584914380
772,268565620746250,0.877802864,0.380764676,0.097942664,0.019592222,0.942199803,-0.034274742,0.332717556,268565.618250755
773,268565654082375,0.870642895,0.381751758,0.087750147,0.014977335,0.941519188,-0.033825139,0.334922693,268565.651586880
774,268565687418666,0.860030807,0.381481023,0.075215497,0.007115619,0.939986180,-0.027065239,0.340063048,268565.684923171
775,268565720754875,0.852321560,0.380872222,0.065988250,0.001495668,0.939449961,-0.015879624,0.342314803,268565.718259380
776,268565754091250,0.844499734,0.379430777,0.057367275,-0.005167962,0.938615010,-0.005539106,0.344883352,268565.751595755
777,268565787427458,0.836440788,0.369443433,0.044314623,-0.015670187,0.936310793,0.011208374,0.350643652,268565.784931963
778,268565820763708,0.828760115,0.365437403,0.034972567,-0.024791795,0.934862877,0.017192714,0.353724797,268565.818268213
779,268565854099958,0.821158277,0.360740558,0.025479032,-0.033500442,0.935419362,0.014007250,0.351670568,268565.851604463
780,268565887436250,0.813068073,0.353556493,0.009791498,-0.046065356,0.937626048,0.004894764,0.344545312,268565.884940755
781,268565920772458,0.806447313,0.348519518,-0.001077528,-0.053951616,0.937264401,0.006958295,0.344349097,268565.918276963
782,268565954108791,0.798702314,0.343201697,-0.010608296,-0.060159725,0.937287649,0.011014615,0.343149242,268565.951613296
783,268565987445083,0.791837823,0.334073830,-0.019455014,-0.072110751,0.937752376,0.025813624,0.338753939,268565.984949588
784,268566020781333,0.782489098,0.327871961,-0.027436646,-0.081826430,0.936173942,0.040180018,0.339512009,268566.018285838
785,268566054117500,0.772080464,0.321924291,-0.034880399,-0.091675950,0.934474657,0.049698358,0.340415573,268566.051622005
786,268566087453750,0.762724676,0.316376398,-0.047255246,-0.107357197,0.931939291,0.056460185,0.341724876,268566.084958255
787,268566120790041,0.752809284,0.311304875,-0.055183252,-0.116703470,0.929172984,0.055031078,0.346395005,268566.118294546
788,268566154126208,0.742910680,0.307049735,-0.063180270,-0.124452145,0.926202707,0.056285799,0.351414528,268566.151630713
789,268566187462541,0.732933883,0.306591091,-0.077034435,-0.131131120,0.925254137,0.062611373,0.350413015,268566.184967046
790,268566220798833,0.723568997,0.305092334,-0.085781958,-0.140301162,0.927013527,0.066885997,0.341303123,268566.218303338
791,268566254135041,0.714463339,0.304399709,-0.095447841,-0.149900209,0.928305044,0.069838638,0.333019955,268566.251639546
792,268566287471291,0.703132114,0.305199050,-0.111068312,-0.166526864,0.926815279,0.077525325,0.327524228,268566.284975796
793,268566320807583,0.695203761,0.304701984,-0.119258025,-0.178658564,0.923172146,0.080611654,0.330660127,268566.318312088
794,268566354266625,0.685930152,0.303317347,-0.128360306,-0.198700033,0.918333108,0.081124772,0.332567923,268566.355463346
795,268566387572291,0.680122913,0.302030173,-0.133694859,-0.215447873,0.912456954,0.085144438,0.337275851,268566.388769012
796,268566420908291,0.674750338,0.300468325,-0.139527860,-0.231626286,0.908758845,0.084524645,0.336693128,268566.422105012
797,268566454244291,0.669302873,0.297907981,-0.146753477,-0.251389619,0.905535766,0.078757558,0.332574106,268566.455441012
798,268566487580333,0.668251721,0.299635868,-0.153430083,-0.265517815,0.903797949,0.067770177,0.328719961,268566.488777054
799,268566520916416,0.668857345,0.297107476,-0.160454757,-0.281239928,0.901016121,0.049814726,0.326485220,268566.522113137
800,268566554252375,0.671090224,0.294908924,-0.165465050,-0.289231011,0.898830497,0.037724715,0.327148374,268566.555449096
801,268566587588416,0.677415308,0.295193812,-0.164869827,-0.298343715,0.896364063,0.031022201,0.326435552,268566.588785137
802,268566620924583,0.683949021,0.291471264,-0.169314730,-0.310924727,0.891967660,0.033893025,0.326451872,268566.622121304
803,268566654260416,0.689306589,0.288189995,-0.172060445,-0.320192142,0.887397236,0.043883088,0.328751374,268566.655457137
804,268566687596416,0.701260677,0.287426814,-0.169472407,-0.330562070,0.881865123,0.058034042,0.331171745,268566.688793137
805,268566720932541,0.711943942,0.281275499,-0.171931842,-0.341589974,0.874621496,0.067344971,0.337369585,268566.722129262
806,268566754268625,0.721822929,0.276642717,-0.174503299,-0.350559490,0.868430748,0.076921907,0.342080624,268566.755465346
807,268566787604500,0.736595612,0.271873582,-0.173132633,-0.359910477,0.861367020,0.085114537,0.348233936,268566.788801221
808,268566820940500,0.752917579,0.264724058,-0.177825195,-0.372364186,0.851072852,0.094215595,0.357971210,268566.822137221
809,268566854276583,0.766143893,0.258527139,-0.182429993,-0.379124262,0.844795519,0.099230195,0.364333291,268566.855473304
810,268566887612541,0.782910122,0.247381746,-0.190211379,-0.384073506,0.839979743,0.103033098,0.369196163,268566.888809262
811,268566920948666,0.802492102,0.236624655,-0.199175373,-0.390122697,0.836443938,0.104414601,0.370490841,268566.922145387
812,268566954284666,0.817265079,0.228303080,-0.206578529,-0.393773877,0.835514328,0.101101730,0.369643658,268566.955481387
813,268566987620666,0.826952733,0.218147163,-0.220837259,-0.394411696,0.836799445,0.090702840,0.368753509,268566.988817387
814,268567020956666,0.844805227,0.208734359,-0.231084477,-0.391576761,0.838053805,0.074385755,0.372559086,268567.022153387
815,268567054292666,0.856890093,0.202720663,-0.238333355,-0.390421858,0.838803771,0.066066364,0.373649964,268567.055489387
816,268567087628708,0.862921991,0.195229982,-0.241830896,-0.387982886,0.839359333,0.059975111,0.375963069,268567.088825429
817,268567120964666,0.873174169,0.188400630,-0.249408450,-0.394221365,0.837555475,0.066888761,0.372312084,268567.122161387
818,268567154300708,0.878494600,0.183462507,-0.254614035,-0.395847727,0.839249130,0.069624364,0.366221212,268567.155497429
819,268567187636791,0.880174581,0.175862439,-0.258653711,-0.396567406,0.841462046,0.072385727,0.359772535,268567.188833512
820,268567220972750,0.885843585,0.170642825,-0.266434655,-0.403410835,0.839359209,0.075952355,0.356324443,268567.222169471
821,268567254308666,0.887724012,0.167180808,-0.271844486,-0.410531206,0.835740425,0.078809702,0.356077456,268567.255505387
822,268567287644833,0.881508114,0.165206964,-0.274748451,-0.416924504,0.831499713,0.079518122,0.358411923,268567.288841554
823,268567320980708,0.879461244,0.160580332,-0.280752299,-0.418506016,0.829616545,0.079492900,0.360929403,268567.322177429
824,268567354316708,0.877860871,0.157709251,-0.284991543,-0.417681911,0.828763065,0.080371946,0.363639941,268567.355513429
825,268567387652791,0.875297356,0.159528060,-0.289386968,-0.416946830,0.827838708,0.084682501,0.365605444,268567.388849512
826,268567420988875,0.870807461,0.156944987,-0.294276331,-0.419748045,0.825467202,0.090968906,0.366251537,268567.422185596
827,268567454324916,0.866292721,0.155013248,-0.297963422,-0.416211949,0.827122380,0.090742174,0.366608910,268567.455521637
828,268567487660791,0.854392096,0.159884952,-0.301450401,-0.408960522,0.831202806,0.090491910,0.365601497,268567.488857512
829,268567520996833,0.849325047,0.158992251,-0.307051719,-0.391135320,0.841377891,0.091379532,0.361588496,268567.522193554
830,268567554332875,0.845683883,0.158486625,-0.310959488,-0.381172648,0.847049505,0.095465185,0.357912001,268567.555529596
831,268567587668875,0.836856212,0.158406008,-0.312380311,-0.361073472,0.857251103,0.088704686,0.356199420,268567.588865596
832,268567621004958,0.830885352,0.158614033,-0.316499490,-0.347760413,0.865152937,0.083294971,0.351617820,268567.622201679
833,268567654340833,0.825409446,0.159990588,-0.321156099,-0.338657658,0.871171561,0.078487237,0.346714449,268567.655537554
834,268567687676875,0.814996862,0.164087023,-0.326067488,-0.327599887,0.878124092,0.066456184,0.342286461,268567.688873596
835,268567721012916,0.806055535,0.167086865,-0.330002765,-0.320112543,0.882544926,0.060735938,0.339048097,268567.722209637
836,268567754349000,0.796727465,0.170715875,-0.333578048,-0.312304358,0.886983768,0.055451601,0.335635154,268567.755545721
837,268567787684916,0.787296237,0.182602848,-0.345058519,-0.299013154,0.893070982,0.055044072,0.331640705,268567.788881637
838,268567821020916,0.777450619,0.186945764,-0.347579568,-0.290867680,0.897312005,0.056665968,0.327133275,268567.822217637
839,268567854357000,0.767322092,0.191773535,-0.349273780,-0.284791515,0.899777160,0.057305927,0.325593212,268567.855553721
840,268567887693000,0.754755017,0.204528211,-0.356288514,-0.276335003,0.903520578,0.055537335,0.322808285,268567.888889721
841,268567921029041,0.743593629,0.211147197,-0.357717550,-0.269010994,0.906840130,0.054562379,0.319839123,268567.922225762
842,268567954365125,0.733217876,0.218167005,-0.358900324,-0.259584866,0.909689068,0.053135544,0.319778304,268567.955561846
843,268567987701000,0.722922044,0.229547815,-0.360067358,-0.247281083,0.913541829,0.051771926,0.318768120,268567.988897721
844,268568021037083,0.714069181,0.237422854,-0.360438626,-0.237715460,0.915507527,0.051385467,0.320463594,268568.022233804
845,268568054373041,0.705714559,0.245930709,-0.360910011,-0.227601572,0.916524490,0.048950464,0.325244968,268568.055569762
846,268568087709041,0.696037110,0.259188568,-0.363528291,-0.212596162,0.917286276,0.042935221,0.333984102,268568.088905762
847,268568121045083,0.688726567,0.269419619,-0.365311177,-0.200298164,0.919029496,0.041213128,0.336996976,268568.122241804
848,268568154381166,0.682161886,0.280180201,-0.367744457,-0.188482536,0.920451100,0.039373168,0.340138081,268568.155577887
849,268568187717125,0.675094141,0.294031606,-0.371630823,-0.170577379,0.923094442,0.042506407,0.342042786,268568.188913846
850,268568221053166,0.669244498,0.306214372,-0.375832658,-0.156497378,0.925954624,0.045792926,0.340616596,268568.222249887
851,268568254388958,0.664024734,0.318669272,-0.381107873,-0.139775993,0.929377721,0.052259545,0.337622151,268568.255585679
852,268568287725041,0.657585204,0.333555565,-0.387203807,-0.110280229,0.933834021,0.072834090,0.332396663,268568.288921762
853,268568321061208,0.653542862,0.346017846,-0.394348464,-0.088212716,0.934527154,0.086409478,0.333782821,268568.322257929
854,268568354397166,0.649694255,0.357913820,-0.401648049,-0.070154710,0.934768442,0.097776193,0.334254611,268568.355593887
855,268568387733166,0.639676252,0.374189677,-0.409739730,-0.048322705,0.935134634,0.104499662,0.335064183,268568.388929887
856,268568421069250,0.633764802,0.387757411,-0.418206528,-0.036523327,0.934379210,0.101415545,0.339582802,268568.422265971
857,268568454405208,0.627584815,0.400450235,-0.427112330,-0.024591275,0.935916232,0.101458668,0.336395999,268568.455601929
858,268568487741166,0.617324695,0.416276337,-0.439307749,-0.016591634,0.936559107,0.106778056,0.333437035,268568.488937887
859,268568521077208,0.609975086,0.425698360,-0.448471982,-0.013633247,0.936777605,0.105247642,0.333443909,268568.522273929
860,268568554413125,0.600983455,0.434000308,-0.456922267,-0.010347013,0.937351697,0.096608251,0.334561855,268568.555609846
861,268568587749083,0.589375791,0.444445533,-0.469361614,-0.008051268,0.938928558,0.078456808,0.334952119,268568.588945804
862,268568621085208,0.580136585,0.450161960,-0.478223955,-0.006317001,0.939715145,0.069363801,0.334789872,268568.622281929
863,268568654421166,0.570315789,0.454349015,-0.486224748,-0.007179807,0.939345180,0.063516592,0.336964061,268568.655617887
864,268568687757208,0.557921633,0.456936122,-0.495270682,-0.010683902,0.937900927,0.056676638,0.342075309,268568.688953929
865,268568721093166,0.546603849,0.457373763,-0.501561065,-0.014624546,0.935061296,0.052442601,0.350280349,268568.722289887
866,268568754429125,0.531131502,0.456145782,-0.510103121,-0.017698059,0.926493045,0.048511541,0.372752063,268568.755625846
867,268568787765125,0.518485932,0.453430552,-0.515704171,-0.014746930,0.915886554,0.038006975,0.399361831,268568.788961846
868,268568821101208,0.504999493,0.449648931,-0.523120726,-0.010850769,0.908733623,0.030993628,0.416082817,268568.822297929
869,268568854437166,0.486186674,0.443274821,-0.536709249,-0.001526753,0.907460111,0.024273254,0.419433758,268568.855633887
870,268568887773166,0.472837586,0.436521236,-0.551408446,0.008087706,0.907417894,0.017412270,0.419790688,268568.888969887
871,268568921109208,0.458111218,0.431321190,-0.565741780,0.010681361,0.908911906,0.015927683,0.416547016,268568.922305929
872,268568954445083,0.436304750,0.424843839,-0.584268038,0.007737242,0.910096753,0.016922484,0.413977920,268568.955641804
873,268568987781125,0.418295025,0.419391356,-0.591845161,0.004718914,0.910631234,0.016147300,0.412877471,268568.988977846
874,268569021117208,0.400464292,0.414165578,-0.602577821,0.005217055,0.912160964,0.013418086,0.409579256,268569.022313929
875,268569054453208,0.377918544,0.406784419,-0.615354491,0.006298063,0.913515051,0.011338608,0.406598174,268569.055649929
876,268569087789208,0.365176801,0.398453860,-0.622144241,0.002653391,0.913121306,0.007318865,0.407613698,268569.088985929
877,268569121125166,0.349712248,0.393460943,-0.628665797,-0.006557642,0.911826707,0.002881774,0.410512852,268569.122321887
878,268569154461250,0.329493203,0.388071940,-0.636557991,-0.023552527,0.908183870,-0.003119909,0.417896706,268569.155657971
879,268569187797208,0.311131174,0.387642939,-0.641277670,-0.036032675,0.903635249,-0.007482254,0.426718937,268569.188993929
880,268569221133166,0.297084132,0.383852270,-0.647834322,-0.039501849,0.900840216,-0.014379116,0.432110869,268569.222329887
881,268569254469208,0.279823515,0.378598465,-0.657662917,-0.038452695,0.895120840,-0.019735019,0.443723624,268569.255665929
882,268569287805250,0.269091878,0.376617091,-0.668290923,-0.036767033,0.891315223,-0.015217320,0.451634637,268569.289001971
883,268569321141125,0.256395659,0.374296295,-0.676272316,-0.041659016,0.888977830,-0.005414002,0.456019393,268569.322337846
884,268569354477166,0.238893408,0.373114523,-0.686610041,-0.053796341,0.888277403,0.004984463,0.456118863,268569.355673887
885,268569387813166,0.224664295,0.376140920,-0.695054637,-0.061785387,0.889227156,0.011041531,0.453139901,268569.389009887
886,268569421149250,0.211446923,0.377945081,-0.703084725,-0.064817322,0.890736933,0.009373165,0.449776198,268569.422345971
887,268569454485166,0.194384040,0.380505511,-0.713566781,-0.066091383,0.891393023,0.010156895,0.448271455,268569.455681887
888,268569487821125,0.182259110,0.381436002,-0.719842360,-0.068148879,0.890504421,0.015628058,0.449570265,268569.489017846
889,268569521157125,0.168709760,0.383104685,-0.726077485,-0.073417769,0.887876165,0.030389901,0.453169124,268569.522353846
890,268569554493250,0.149459075,0.385366941,-0.734120640,-0.078419300,0.884802127,0.054889227,0.456029424,268569.555689971
891,268569587829083,0.135507131,0.387593900,-0.741332802,-0.081021052,0.881217361,0.073411842,0.459893799,268569.589025804
892,268569621165166,0.120976345,0.390260522,-0.746389579,-0.080928531,0.879883229,0.082304135,0.460957870,268569.622361887
893,268569654501208,0.101855626,0.395060803,-0.752278979,-0.080705098,0.879523217,0.091222480,0.460004467,268569.655697929
894,268569687837250,0.091082651,0.399907941,-0.755216350,-0.079947440,0.879342430,0.094749780,0.459769322,268569.689033971
895,268569721173208,0.077578143,0.403757166,-0.757835516,-0.079106124,0.878567297,0.100249244,0.460230235,268569.722369929
896,268569754509291,0.059981496,0.407893757,-0.760798055,-0.078490275,0.877238643,0.104633317,0.461891289,268569.755706012
897,268569787845208,0.050228645,0.407847603,-0.762063190,-0.078442921,0.876985587,0.104996172,0.462297357,268569.789041929
898,268569821181166,0.033967314,0.408390623,-0.766647728,-0.070789886,0.879763017,0.098677713,0.459639629,268569.822377887
899,268569854517166,0.022586381,0.407350579,-0.770994525,-0.061764204,0.883005064,0.092231111,0.456049028,268569.855713887
900,268569887853333,0.009992542,0.407025793,-0.773271181,-0.053712208,0.886339512,0.087849483,0.451441901,268569.889050054
