recording_frame,t_ns,tx,ty,tz,qx,qy,qz,qw,engine_t
39,268541185450000,0.016684487,0.078514074,-0.124838990,-0.039822301,0.876158104,-0.000950501,0.480375177,268541.186954505
40,268541218786500,0.016474137,0.078532820,-0.127981337,-0.040109380,0.874182521,-0.000863942,0.483937459,268541.220291005
41,268541252123000,0.015764264,0.078355155,-0.130805646,-0.039556897,0.871109879,-0.001957847,0.489488561,268541.253627505
42,268541285459541,0.013336326,0.077464127,-0.134070920,-0.037246429,0.867246725,-0.002846928,0.496475347,268541.286964046
43,268541318796083,0.011982470,0.076427752,-0.136508744,-0.036122835,0.863461914,-0.000757745,0.503118419,268541.320300588
44,268541352132625,0.010521702,0.074891604,-0.138702967,-0.035055540,0.858483763,0.001442801,0.511639237,268541.353637130
45,268541385469083,0.007821216,0.072560534,-0.141133815,-0.031970667,0.853137787,0.002893881,0.520697101,268541.386973588
46,268541418805625,0.006522103,0.070008583,-0.143073304,-0.029530246,0.850208734,0.004922524,0.525593849,268541.420310130
47,268541452142125,0.005953323,0.066994342,-0.144863680,-0.030479754,0.847413529,0.006664358,0.530015976,268541.453646630
48,268541485478666,0.005113718,0.062916059,-0.146502766,-0.035833699,0.845680346,0.005083070,0.532461185,268541.486983171
49,268541518815083,0.005183564,0.059716556,-0.147786277,-0.039028734,0.845324378,0.003605449,0.532813765,268541.520319588
50,268541552151666,0.005386909,0.055985634,-0.149183542,-0.041991719,0.843719107,0.004339394,0.535122404,268541.553656171
51,268541585488125,0.005251670,0.049833182,-0.151213232,-0.042671489,0.840833561,0.006966773,0.539564254,268541.586992630
52,268541618824541,0.004939098,0.044941682,-0.153016846,-0.043250400,0.838560671,0.009080162,0.543012898,268541.620329046
53,268541652161083,0.004572384,0.039927864,-0.155400582,-0.042955872,0.836761279,0.008831260,0.545808957,268541.653665588
54,268541685497500,0.004207839,0.033131985,-0.159730739,-0.040371483,0.837865156,0.004501912,0.544363766,268541.687002005
55,268541718834083,0.004923311,0.028225719,-0.164654381,-0.041543459,0.839144690,0.004784085,0.542298346,268541.720338588
56,268541752170625,0.006123888,0.023466943,-0.170466367,-0.043432824,0.840696229,0.005757521,0.539731734,268541.753675130
57,268541785507083,0.036345650,0.049334583,-0.222218858,-0.045620155,0.844296218,0.008063502,0.533870519,268541.787011588
58,268541818843500,0.038525115,0.045870409,-0.229935768,-0.044651590,0.846034601,0.007507798,0.531201821,268541.820348005
59,268541852180000,0.040626669,0.042566185,-0.237317638,-0.043123630,0.846782861,0.007766793,0.530130993,268541.853684505
60,268541885516500,0.036010972,0.062602187,-0.248092537,-0.044622710,0.846453954,0.004195071,0.530572306,268541.887021005
61,268541918852958,0.037762801,0.062299356,-0.254937236,-0.043763832,0.848087756,0.001244706,0.528043927,268541.920357463
62,268541952189375,0.039787559,0.062494684,-0.261716885,-0.041313933,0.848818710,-0.000082162,0.527067361,268541.953693880
63,268541985525958,0.043350731,0.063283335,-0.273036120,-0.036963208,0.849412862,0.000614497,0.526432509,268541.987030463
64,268542018862375,0.045044047,0.064264634,-0.279681664,-0.033562334,0.850792246,-0.001073684,0.524428283,268542.020366880
65,268542052198833,0.047162069,0.065951012,-0.286296410,-0.030125655,0.852708285,-0.004747733,0.521496441,268542.053703338
66,268542085535375,0.051122288,0.070230939,-0.294508999,-0.025828348,0.856060522,-0.008649276,0.516157459,268542.087039880
67,268542118871791,0.054290003,0.073426749,-0.300941668,-0.022349609,0.858043881,-0.008061646,0.513026565,268542.120376296
68,268542152208333,0.057602258,0.077373922,-0.306634270,-0.019228118,0.859922689,-0.008596112,0.509989615,268542.153712838
69,268542185544833,0.059952888,0.086507612,-0.308482085,-0.014648514,0.861521602,-0.011679271,0.507375205,268542.187049338
70,268542218881291,0.063262819,0.094097329,-0.312050841,-0.011143208,0.862871978,-0.013767430,0.505112156,268542.220385796
71,268542252217666,0.067992624,0.106713487,-0.315908355,-0.008481410,0.863904220,-0.015145758,0.503356954,268542.253722171
72,268542285554166,0.068942539,0.118982947,-0.315088545,-0.007014616,0.864398483,-0.019623031,0.502375404,268542.287058671
73,268542318890541,0.072231527,0.132358570,-0.315933570,-0.003849594,0.864618930,-0.028995366,0.501576125,268542.320395046
74,268542352227166,0.076683539,0.152596899,-0.316499867,0.002615730,0.863403822,-0.038883538,0.503006086,268542.353731671
75,268542385563583,0.077798425,0.169848108,-0.314628157,0.005834453,0.862641852,-0.039382131,0.504246066,268542.387068088
76,268542418900000,0.082214023,0.186896128,-0.315430853,0.007905223,0.863116773,-0.037634490,0.503538123,268542.420404505
77,268542452236416,0.088292292,0.210814750,-0.315939760,0.012050314,0.863369987,-0.039332069,0.502891735,268542.453740921
78,268542485572916,0.086771771,0.230438456,-0.314594204,0.020914564,0.861858345,-0.047647212,0.504472567,268542.487077421
79,268542518909333,0.089572933,0.249074005,-0.313132170,0.027704749,0.861033408,-0.051494266,0.505175526,268542.520413838
80,268542552245875,0.094209587,0.272810706,-0.311670709,0.031594106,0.861047431,-0.048236505,0.505244917,268542.553750380
81,268542585582416,0.095701330,0.289942539,-0.309795544,0.033138801,0.861010430,-0.043662207,0.505624885,268542.587086921
82,268542618918791,0.099000317,0.305232569,-0.308341603,0.036921478,0.860695947,-0.044710931,0.505806561,268542.620423296
83,268542652255333,0.102902130,0.323530955,-0.306350313,0.041124257,0.860078298,-0.043146438,0.506668092,268542.653759838
84,268542685591833,0.104340115,0.334707222,-0.305872444,0.044153353,0.859801677,-0.039421976,0.507185882,268542.687096338
85,268542718928250,0.107218254,0.345184357,-0.305097277,0.046902294,0.859677142,-0.037990234,0.507259482,268542.720432755
86,268542752264625,0.110727703,0.357554787,-0.304374987,0.050579859,0.859133189,-0.037437063,0.507868448,268542.753769130
87,268542785601250,0.109565532,0.357503579,-0.302666949,0.053851160,0.858453168,-0.035154080,0.508844235,268542.787105755
88,268542818937583,0.111653444,0.363916745,-0.302917638,0.056197996,0.858377672,-0.033693587,0.508816620,268542.820442088
89,268542852274083,0.114484518,0.371285157,-0.303726130,0.057273069,0.858703129,-0.031819146,0.508267968,268542.853778588
90,268542885610541,0.113934971,0.363250502,-0.304339161,0.058687915,0.858327650,-0.029461108,0.508882570,268542.887115046
91,268542918946958,0.115718896,0.366552997,-0.305727295,0.058881293,0.857957542,-0.025281990,0.509708469,268542.920451463
92,268542952283416,0.118340435,0.370175630,-0.308089696,0.054674713,0.857600555,-0.014272379,0.511202813,268542.953787921
93,268542985619875,0.122407100,0.370371512,-0.313094120,0.050572218,0.858099925,-0.006776049,0.510941394,268542.987124380
94,268543018956416,0.123902635,0.372559865,-0.315101399,0.047232479,0.859239534,-0.004171982,0.509371342,268543.020460921
95,268543052292750,0.125381774,0.375631776,-0.317682381,0.041136783,0.861690560,-0.004832960,0.505740881,268543.053797255
96,268543085629208,0.131777646,0.391233501,-0.323024921,0.036308980,0.863303373,-0.002731842,0.503370176,268543.087133713
97,268543118965708,0.132897863,0.394265358,-0.324905329,0.032505512,0.864638249,-0.003464271,0.501330372,268543.120470213
98,268543152302208,0.134276204,0.398415570,-0.326890227,0.028834635,0.865573373,-0.005401826,0.499922167,268543.153806713
99,268543185638625,0.138074635,0.409359760,-0.331251929,0.026267209,0.866883657,-0.006198658,0.497779459,268543.187143130
100,268543218975125,0.140159136,0.413434611,-0.332690175,0.023348764,0.867498381,-0.005553084,0.496860756,268543.220479630
101,268543252311583,0.143410411,0.419528023,-0.334372281,0.018914980,0.868179012,-0.003333591,0.495879387,268543.253816088
102,268543285648000,0.146395773,0.429513897,-0.335612782,0.014119564,0.868894915,-0.002564769,0.494788581,268543.287152505
103,268543318984500,0.149977332,0.437219642,-0.335542652,0.005650282,0.869792544,-0.000589419,0.493384951,268543.320489005
104,268543352321000,0.152499018,0.443241771,-0.334435803,-0.000377897,0.869463663,0.002547313,0.493990243,268543.353825505
105,268543385657333,0.153708829,0.454002981,-0.330828583,-0.003412951,0.868346259,0.004229445,0.495928716,268543.387161838
106,268543418993750,0.155797303,0.461970980,-0.326809790,-0.004372458,0.867262037,0.007781345,0.497771980,268543.420498255
107,268543452330208,0.157959077,0.467517192,-0.323529946,-0.007422679,0.866832714,0.014322720,0.498338100,268543.453834713
108,268543485666666,0.158233178,0.474723143,-0.314855064,-0.012723475,0.867048830,0.017153741,0.497765247,268543.487171171
109,268543519003208,0.162249610,0.481218383,-0.307383337,-0.017905175,0.871862465,0.018136024,0.489087298,268543.520507713
110,268543552339625,0.166339478,0.485028182,-0.300676678,-0.025239246,0.872413093,0.022469110,0.487599804,268543.553844130
111,268543585676041,0.166822426,0.485371026,-0.290370764,-0.025336188,0.873217657,0.020873434,0.486223565,268543.587180546
112,268543619012500,0.170727761,0.486375440,-0.277590234,-0.024682290,0.879075312,0.021553815,0.475555324,268543.620517005
113,268543652349000,0.174959728,0.485424348,-0.267577676,-0.027008326,0.880172462,0.029122031,0.472989374,268543.653853505
114,268543685685375,0.178566049,0.479645424,-0.256788270,-0.027219023,0.880900886,0.035198787,0.471204681,268543.687189880
115,268543719021916,0.183102388,0.475549790,-0.241368707,-0.025269569,0.885761346,0.040757840,0.461656950,268543.720526421
116,268543752358333,0.187450492,0.472611189,-0.229605009,-0.028078796,0.888251193,0.045308698,0.456254944,268543.753862838
117,268543785694833,0.189825974,0.462086842,-0.218155883,-0.030146647,0.890814514,0.048495142,0.450764856,268543.787199338
118,268543819031250,0.195436186,0.458923771,-0.201315868,-0.038178117,0.893826012,0.056914682,0.443145871,268543.820535755
119,268543852367708,0.199009807,0.457090068,-0.188159124,-0.040349710,0.892655610,0.059467012,0.444973696,268543.853872213
120,268543885704166,0.199162865,0.452036403,-0.174805628,-0.034800022,0.892830431,0.059313495,0.445112057,268543.887208671
121,268543919040500,0.201543678,0.448551452,-0.157619660,-0.034141608,0.894206288,0.065216446,0.441561245,268543.920545005
122,268543952377083,0.204032288,0.445981302,-0.145102621,-0.037610819,0.894956950,0.068326561,0.439282390,268543.953881588
123,268543985713375,0.208413054,0.450784370,-0.128502561,-0.041129543,0.896798986,0.069341679,0.435030716,268543.987217880
124,268544019049916,0.211700036,0.449138696,-0.112744736,-0.048000653,0.897677064,0.076408805,0.431316095,268544.020554421
125,268544052386416,0.213897179,0.447592996,-0.101741942,-0.050353712,0.897447471,0.083351776,0.430238393,268544.053890921
126,268544085722791,0.212580963,0.450664424,-0.089477765,-0.050125380,0.898984052,0.085470913,0.426626179,268544.087227296
127,268544119059250,0.214768555,0.448189209,-0.076414193,-0.052729262,0.901988197,0.083115891,0.420391151,268544.120563755
128,268544152395708,0.216524134,0.446501973,-0.067407647,-0.053019000,0.904343245,0.082009087,0.415483867,268544.153900213
129,268544185732166,0.210862484,0.447365524,-0.062824856,-0.052503112,0.905528043,0.083078862,0.412747311,268544.187236671
130,268544219068541,0.212322607,0.444096424,-0.051756256,-0.054679455,0.904582800,0.085423178,0.414056819,268544.220573046
131,268544252405000,0.212623486,0.441304645,-0.042556278,-0.053867483,0.905259048,0.080802995,0.413612475,268544.253909505
132,268544285741541,0.209573122,0.437917412,-0.037363290,-0.053500412,0.906143102,0.073822968,0.413028579,268544.287246046
133,268544319077916,0.210456439,0.434772323,-0.023870936,-0.055506988,0.905736293,0.071824641,0.414007267,268544.320582421
134,268544352414416,0.211779560,0.433063315,-0.012987361,-0.059747779,0.906716832,0.069903519,0.411592446,268544.353918921
135,268544385750708,0.214813126,0.427984178,0.001002212,-0.066422216,0.908820295,0.066198625,0.406511447,268544.387255213
136,268544419087208,0.217332607,0.426620515,0.011448415,-0.068238679,0.908199130,0.067026862,0.407461993,268544.420591713
137,268544452423708,0.219363958,0.424429723,0.022009893,-0.068293718,0.907427612,0.067763168,0.409046824,268544.453928213
138,268544485760166,0.230009869,0.418086783,0.039008550,-0.068690754,0.907008935,0.068181522,0.409838634,268544.487264671
139,268544519096583,0.232614656,0.415207356,0.048394283,-0.069497875,0.907024227,0.068455260,0.409623031,268544.520601088
140,268544552433041,0.235475372,0.412550991,0.057078658,-0.073666227,0.906239858,0.070654029,0.410256833,268544.553937546
141,268544585769416,0.242089851,0.408060011,0.069585234,-0.079293529,0.904577314,0.074486959,0.412194330,268544.587273921
142,268544619105875,0.244019527,0.405130530,0.077245071,-0.082286648,0.904117158,0.076281635,0.412289021,268544.620610380
143,268544652442375,0.245679276,0.401945098,0.084077121,-0.085241339,0.902623127,0.081731707,0.413914708,268544.653946880
144,268544685778750,0.247849112,0.398070616,0.090828313,-0.086392396,0.901836156,0.084091320,0.414917587,268544.687283255
145,268544719115166,0.248579096,0.394113614,0.096639175,-0.087152606,0.901963220,0.083446154,0.414612549,268544.720619671
146,268544752451750,0.249388844,0.390332019,0.101608542,-0.090458911,0.901372703,0.086260810,0.414612544,268544.753956255
147,268544785788083,0.242682205,0.384647047,0.106699337,-0.094293025,0.900574996,0.092746855,0.414091265,268544.787292588
148,268544819124625,0.242371117,0.379448549,0.110378942,-0.094837778,0.901821896,0.093289739,0.411120592,268544.820629130
149,268544852460916,0.242368850,0.373654991,0.113184003,-0.097416368,0.902811585,0.095372066,0.407854774,268544.853965421
150,268544885797416,0.241516051,0.364732015,0.110293987,-0.103946762,0.901529177,0.103106089,0.407197006,268544.887301921
151,268544919133833,0.241819044,0.357151221,0.111734614,-0.106179040,0.901791844,0.105893341,0.405319794,268544.920638338
152,268544952470291,0.242355392,0.348615486,0.112367613,-0.108969665,0.902445403,0.109525789,0.402146816,268544.953974796
153,268544985806791,0.245291871,0.335160592,0.107485820,-0.116160739,0.902813059,0.115853765,0.397508769,268544.987311296
154,268545019143166,0.246689091,0.325248171,0.106653626,-0.121232794,0.903855786,0.118042646,0.392954596,268545.020647671
155,268545052479583,0.248116264,0.314691288,0.105293099,-0.124807119,0.904778607,0.120343628,0.388993983,268545.053984088
156,268545085816000,0.251985966,0.299041251,0.103657658,-0.130637123,0.903563126,0.125150414,0.388387753,268545.087320505
157,268545119152458,0.253214148,0.287099309,0.102095018,-0.136138807,0.902527994,0.128078019,0.387950409,268545.120656963
158,268545152488916,0.254501176,0.274714250,0.100280955,-0.141457253,0.902238535,0.130011105,0.386073359,268545.153993421
159,268545185825250,0.259220914,0.257392810,0.099394541,-0.150852286,0.903058115,0.131330691,0.380107788,268545.187329755
160,268545219161708,0.261880434,0.244444192,0.096930294,-0.161724127,0.902495023,0.132581253,0.376523976,268545.220666213
161,268545252498166,0.264819981,0.231528194,0.094406483,-0.173567869,0.900310182,0.137179205,0.374830214,268545.254002671
162,268545285834583,0.271265980,0.212183689,0.093953206,-0.188547263,0.895733059,0.147373031,0.374691153,268545.287339088
163,268545319171083,0.274718804,0.198351578,0.091913073,-0.201541385,0.892213907,0.153814607,0.373733239,268545.320675588
164,268545352507416,0.277844744,0.184347686,0.089986306,-0.211958634,0.890916472,0.156905189,0.369759640,268545.354011921
165,268545385843916,0.281545960,0.163804338,0.090496253,-0.223632437,0.891208083,0.156769168,0.362160416,268545.387348421
166,268545419180333,0.284566311,0.149120705,0.088896176,-0.230869227,0.890193876,0.158096005,0.359527425,268545.420684838
167,268545452516708,0.288082951,0.129314283,0.087247583,-0.237774678,0.887971964,0.160470248,0.359469535,268545.454021213
168,268545485853166,0.290659196,0.112764098,0.089846143,-0.246716192,0.886066033,0.163901944,0.356587033,268545.487357671
169,268545519189583,0.293411651,0.098507191,0.088889194,-0.254248693,0.884828513,0.164176588,0.354234678,268545.520694088
170,268545552526000,0.296794351,0.080214440,0.087922248,-0.262484588,0.883188411,0.162438160,0.353120332,268545.554030505
171,268545585862416,0.299433511,0.062132820,0.090339398,-0.268119468,0.881402516,0.165581947,0.351886670,268545.587366921
172,268545619198875,0.301938426,0.049425790,0.089386926,-0.273947585,0.879201019,0.168849989,0.351351708,268545.620703380
173,268545652535333,0.305262657,0.033029824,0.087902849,-0.278585423,0.877088971,0.172683093,0.351120636,268545.654039838
174,268545685871750,0.306072322,0.018554441,0.088446560,-0.281795811,0.875389351,0.174358762,0.351971136,268545.687376255
175,268545719208166,0.308425228,0.007492714,0.086600009,-0.288014225,0.872932385,0.176909073,0.351767097,268545.720712671
176,268545752544500,0.312297662,-0.005868200,0.083241042,-0.299154360,0.869893172,0.180131857,0.348346243,268545.754049005
177,268545785880916,0.311148313,-0.009143652,0.080425849,-0.308959970,0.866033826,0.182772374,0.348027961,268545.787385421
178,268545819217458,0.314906214,-0.016456370,0.077317829,-0.322264511,0.860524776,0.187697776,0.347004745,268545.820721963
179,268545852553833,0.320781139,-0.024891994,0.073297413,-0.339426532,0.853195577,0.194201599,0.345156094,268545.854058338
180,268545885890250,0.320346455,-0.020187832,0.068952392,-0.347751082,0.850561944,0.194656381,0.343107143,268545.887394755
181,268545919226625,0.325841346,-0.025356248,0.064675613,-0.355152533,0.849712692,0.195691889,0.336986287,268545.920731130
182,268545952563041,0.335064413,-0.031638797,0.057819275,-0.367463879,0.849400416,0.197504729,0.323235465,268545.954067546
183,268545985899458,0.337906482,-0.024583799,0.052345830,-0.381119268,0.845726615,0.199483682,0.315754509,268545.987403963
184,268546019235958,0.345797494,-0.027436893,0.047549562,-0.392162551,0.841995651,0.200423638,0.311580287,268546.020740463
185,268546052572291,0.357021238,-0.031983106,0.041842412,-0.399623917,0.837858529,0.203306161,0.311384760,268546.054076796
186,268546085908791,0.373131031,-0.043320291,0.036540828,-0.405675058,0.834829025,0.205671313,0.310141276,268546.087413296
187,268546119245125,0.383844561,-0.047260161,0.032629292,-0.411572771,0.830868252,0.207026810,0.312098952,268546.120749630
188,268546152581625,0.399233545,-0.052209213,0.027307876,-0.419856259,0.825583905,0.209251988,0.313601014,268546.154086130
189,268546185918041,0.419112939,-0.055239029,0.023985579,-0.427053207,0.821746351,0.211532690,0.312429940,268546.187422546
190,268546219254416,0.433689653,-0.058759317,0.019971840,-0.436033248,0.816559614,0.215505744,0.310906306,268546.220758921
191,268546252590833,0.454232646,-0.063451783,0.015154471,-0.446340974,0.810139393,0.219672605,0.310157861,268546.254095338
192,268546285927291,0.474790464,-0.065127269,0.013879564,-0.452688042,0.805767797,0.220811189,0.311535337,268546.287431796
193,268546319263708,0.491806590,-0.068829692,0.011547869,-0.461426439,0.799894635,0.224281114,0.311371562,268546.320768213
194,268546352600041,0.515203711,-0.073505505,0.009205475,-0.472352355,0.791737552,0.230591126,0.311227710,268546.354104546
195,268546385936500,0.536072234,-0.083991174,0.009289220,-0.477612316,0.787426014,0.230818759,0.313957803,268546.387441005
196,268546419272875,0.553986271,-0.087943656,0.008814888,-0.483942601,0.782682878,0.232079992,0.315192009,268546.420777380
197,268546452609375,0.577067382,-0.091766808,0.007786717,-0.497689761,0.772379657,0.243149988,0.310825841,268546.454113880
198,268546485945666,0.593071590,-0.100887562,0.009561975,-0.505420797,0.765578950,0.250710606,0.309164899,268546.487450171
199,268546519282208,0.615102757,-0.105898956,0.012345985,-0.512297087,0.757776743,0.254685337,0.313785811,268546.520786713
200,268546552618625,0.631045207,-0.109890910,0.015241176,-0.516922418,0.752245083,0.258563797,0.316327939,268546.554123130
201,268546585954958,0.644669047,-0.117510949,0.020494389,-0.522840694,0.746456967,0.264169427,0.315680489,268546.587459463
202,268546619291458,0.665380807,-0.122635331,0.023919151,-0.528285448,0.743548600,0.264358910,0.313311961,268546.620795963
203,268546652627875,0.680887030,-0.126013557,0.026231119,-0.532629032,0.741873196,0.263530411,0.310615921,268546.654132380
204,268546685964125,0.696077430,-0.133946877,0.029330789,-0.536389327,0.739233220,0.263308465,0.310627496,268546.687468630
205,268546719300583,0.715187027,-0.138097331,0.032818647,-0.540794738,0.736421987,0.264059984,0.309024412,268546.720805088
206,268546752636958,0.728923629,-0.140722179,0.035029595,-0.544223065,0.734067929,0.267003653,0.306063119,268546.754141463
207,268546785973416,0.739595240,-0.145010109,0.035388918,-0.547132264,0.733100945,0.269269524,0.301169831,268546.787477921
208,268546819309875,0.756401440,-0.148352974,0.037375270,-0.552766281,0.731952979,0.269677554,0.293203590,268546.820814380
209,268546852646250,0.768366575,-0.150739162,0.039522166,-0.558143726,0.729153353,0.268704078,0.290876504,268546.854150755
210,268546885982583,0.766515371,-0.152381855,0.039708923,-0.561921139,0.725814946,0.268448336,0.292186314,268546.887487088
211,268546919319041,0.780176712,-0.156167157,0.042937854,-0.567058843,0.722092896,0.268849230,0.291112114,268546.920823546
212,268546952655416,0.790457028,-0.159070787,0.045482479,-0.571268796,0.718865327,0.268607392,0.291092298,268546.954159921
213,268546985991875,0.784425784,-0.156813906,0.044988759,-0.577103536,0.715905580,0.266018510,0.289248880,268546.987496380
214,268547019328250,0.796738090,-0.159762229,0.048108190,-0.586431867,0.711552767,0.262068378,0.284799128,268547.020832755
215,268547052664708,0.805858006,-0.161607668,0.050589563,-0.594192900,0.706540571,0.260068238,0.283019052,268547.054169213
216,268547086001041,0.813382147,-0.162295204,0.051157564,-0.601807038,0.700574390,0.260457090,0.281400019,268547.087505546
217,268547119337583,0.825730576,-0.164933399,0.054812853,-0.613229899,0.691532957,0.260171986,0.279359717,268547.120842088
218,268547152673833,0.835179898,-0.166927745,0.057591520,-0.622420388,0.684745998,0.258948670,0.276877983,268547.154178338
219,268547186010250,0.853541837,-0.169906516,0.058979093,-0.631725967,0.678104000,0.258050804,0.272959894,268547.187514755
220,268547219346708,0.867545502,-0.172753269,0.062084136,-0.642686043,0.667704368,0.259824089,0.271324570,268547.220851213
221,268547252683041,0.878655703,-0.175123934,0.064293309,-0.650054697,0.660084212,0.262845601,0.269499476,268547.254187546
222,268547286019541,0.893731401,-0.177861657,0.066800766,-0.659180695,0.651240486,0.265543706,0.266182710,268547.287524046
223,268547319355875,0.909155573,-0.179901402,0.070380233,-0.672491937,0.637935007,0.269933049,0.260633312,268547.320860380
224,268547352692291,0.920141520,-0.181082813,0.073463188,-0.682314270,0.627653170,0.273609870,0.256196074,268547.354196796
225,268547386028625,0.932808830,-0.183998071,0.077877346,-0.689992757,0.620278374,0.275063295,0.252001925,268547.387533130
226,268547419365083,0.947182085,-0.185106880,0.083012934,-0.701256184,0.613111811,0.272877558,0.240565090,268547.420869588
227,268547452701375,0.957512092,-0.184909580,0.087499994,-0.711755398,0.604861251,0.272396940,0.230969869,268547.454205880
228,268547486037833,0.965669470,-0.186686748,0.095086397,-0.722188695,0.595265662,0.270936947,0.225156621,268547.487542338
229,268547519374333,0.976814995,-0.186786038,0.103938377,-0.736078631,0.583361381,0.265566614,0.217605548,268547.520878838
230,268547552710708,0.984353024,-0.186738842,0.110669606,-0.747981148,0.571179392,0.263852769,0.211329300,268547.554215213
231,268547586047083,0.993246859,-0.189420311,0.119597617,-0.763574015,0.556322297,0.259077953,0.200845447,268547.587551588
232,268547619383375,1.000717319,-0.190001326,0.125443780,-0.775842042,0.544528099,0.253923557,0.192564678,268547.620887880
233,268547652719791,1.008216437,-0.190825676,0.130764487,-0.787920570,0.532327188,0.247369587,0.186057200,268547.654224296
234,268547686056291,1.016731750,-0.195192668,0.137718663,-0.802620018,0.516432226,0.243452612,0.172712889,268547.687560796
235,268547719392708,1.024698300,-0.197252430,0.140921126,-0.811341377,0.505389914,0.242074262,0.166452125,268547.720897213
236,268547752729166,1.033244160,-0.200061379,0.143540827,-0.816799111,0.498887287,0.237428692,0.166067327,268547.754233671
237,268547786065416,1.047491932,-0.206993942,0.143620329,-0.823596522,0.494283806,0.232132797,0.153253729,268547.787569921
238,268547819401875,1.056265358,-0.208761344,0.141420681,-0.829487791,0.490101371,0.228366641,0.139997793,268547.820906380
239,268547852738208,1.065133563,-0.210058731,0.138112633,-0.834388115,0.489268846,0.219079469,0.128127710,268547.854242713
240,268547886074666,1.080009648,-0.213789467,0.132137471,-0.838850697,0.490309523,0.206449745,0.115345725,268547.887579171
241,268547919411000,1.089262886,-0.214726532,0.128444191,-0.840673256,0.490443838,0.203658723,0.106096638,268547.920915505
242,268547952747416,1.098668592,-0.216075379,0.126072801,-0.840863654,0.491908577,0.202046295,0.100755218,268547.954251921
243,268547986083833,1.104617472,-0.216696798,0.114304487,-0.838924617,0.496868808,0.198668756,0.099285715,268547.987588338
244,268548019420250,1.114493371,-0.218662852,0.114046688,-0.837032432,0.500642568,0.195989606,0.101596521,268548.020924755
245,268548052756541,1.123962764,-0.220639782,0.114355575,-0.835326819,0.504107951,0.194088032,0.102147776,268548.054261046
246,268548086093000,1.128474425,-0.221721716,0.111418298,-0.832459955,0.510919366,0.188128094,0.102857660,268548.087597505
247,268548119429375,1.137557713,-0.224148532,0.112952519,-0.829707191,0.518054039,0.177309901,0.108476914,268548.120933880
248,268548152765791,1.145593928,-0.227372097,0.114327008,-0.826622633,0.526077131,0.164419560,0.113596374,268548.154270296
249,268548186102208,1.154304631,-0.229689583,0.113387186,-0.821079132,0.538235060,0.151977757,0.114170463,268548.187606713
250,268548219438541,1.160930727,-0.234776604,0.113514308,-0.815103857,0.549958292,0.138799756,0.117839978,268548.220943046
251,268548252774916,1.166937556,-0.239657965,0.112787678,-0.809677880,0.561357483,0.124740003,0.117215578,268548.254279421
252,268548286111333,1.172711683,-0.241931461,0.108859485,-0.808186430,0.568568796,0.116054609,0.100476863,268548.287615838
253,268548319447791,1.177226397,-0.245523327,0.106249502,-0.808297832,0.570873405,0.112345184,0.090204119,268548.320952296
254,268548352784083,1.182127890,-0.249179590,0.105327532,-0.806064616,0.575149490,0.107930200,0.088396969,268548.354288588
255,268548386120541,1.186050381,-0.252975029,0.101754937,-0.800475024,0.582825661,0.107594861,0.089316202,268548.387625046
256,268548419579625,1.191173328,-0.254701607,0.101698758,-0.798683999,0.584302772,0.113254416,0.088699670,268548.424776346
257,268548452885458,1.197701807,-0.257183996,0.102477374,-0.796442227,0.586902329,0.114528648,0.090048191,268548.458082179
258,268548486221500,1.188401275,-0.260472941,0.102964622,-0.792831106,0.592467345,0.110344759,0.090693824,268548.491418221
259,268548519557666,1.194480373,-0.263203388,0.103151225,-0.787944281,0.598849519,0.112908876,0.088174272,268548.524754387
260,268548552893875,1.199209309,-0.265153787,0.103079152,-0.784599610,0.602497837,0.118077126,0.086357704,268548.558090596
261,268548586230083,1.190035012,-0.268530416,0.107865624,-0.781505844,0.605766807,0.119086420,0.090075904,268548.591426804
262,268548619566291,1.194644387,-0.270229547,0.108812452,-0.779389695,0.607061516,0.125625278,0.090809482,268548.624763012
263,268548652902375,1.197376674,-0.270531744,0.108778204,-0.781331082,0.602389465,0.137635925,0.087778572,268548.658099096
264,268548686238500,1.186668799,-0.270568315,0.109275637,-0.781977336,0.598140128,0.149436672,0.091698243,268548.691435221
265,268548719574625,1.189142834,-0.271186709,0.109656381,-0.783974476,0.590395214,0.165571613,0.096972193,268548.724771346
266,268548752910916,1.191170938,-0.272178336,0.109332051,-0.786438572,0.585125075,0.173953817,0.094250415,268548.758107637
267,268548786247041,1.183352678,-0.271297626,0.111451411,-0.788491443,0.582017995,0.177295150,0.090015452,268548.791443762
268,268548819583083,1.185823730,-0.273828540,0.109314020,-0.789231199,0.580592953,0.178913740,0.089531363,268548.824779804
269,268548852919208,1.187761933,-0.276488634,0.107618806,-0.789470799,0.579898533,0.179152174,0.091422647,268548.858115929
270,268548886255458,1.190244312,-0.282909142,0.114622298,-0.790114909,0.578204458,0.182187645,0.090585597,268548.891452179
271,268548919591583,1.192473418,-0.288716787,0.112072121,-0.787840212,0.578224126,0.192532075,0.088860081,268548.924788304
272,268548952927625,1.194775351,-0.294284150,0.110804054,-0.783737142,0.580400607,0.199943025,0.094414337,268548.958124346
273,268548986263916,1.196064642,-0.301439058,0.116106025,-0.780910389,0.582118126,0.204220878,0.098037433,268548.991460637
274,268549019600083,1.199098708,-0.310476426,0.115533447,-0.777881010,0.583233967,0.210817954,0.101464858,268549.024796804
275,268549052936208,1.201544831,-0.317804033,0.116020588,-0.772987996,0.587094181,0.214295617,0.109029455,268549.058132929
276,268549086272333,1.209219925,-0.327635552,0.120675414,-0.768944933,0.589308570,0.219648176,0.114864402,268549.091469054
277,268549119608416,1.210029642,-0.334789536,0.123788111,-0.770502123,0.569165037,0.258385149,0.124959221,268549.124805137
278,268549152944666,1.209393114,-0.340972944,0.127847413,-0.769021220,0.558988024,0.279617310,0.133988676,268549.158141387
279,268549186280750,1.215358853,-0.350110036,0.134967654,-0.769301913,0.549752761,0.294378465,0.138880673,268549.191477471
280,268549219444291,1.213889716,-0.354819708,0.139149521,-0.769289811,0.541774005,0.307547530,0.141734558,268549.221298660
281,268549252761208,1.211384198,-0.360432274,0.142520115,-0.769166834,0.533370346,0.322188992,0.141748942,268549.254615577
282,268549286087833,1.208758602,-0.368818805,0.145150832,-0.767466249,0.528512143,0.331017878,0.148652915,268549.287592338
283,268549319424166,1.206682611,-0.374241200,0.147265642,-0.764934910,0.531120392,0.330061477,0.154418870,268549.320928671
284,268549352760500,1.203034296,-0.381105918,0.148477592,-0.764086766,0.535434244,0.324820758,0.154832531,268549.354265005
285,268549386096916,1.199389887,-0.384042892,0.149242813,-0.761656017,0.534093293,0.332857815,0.154370319,268549.387601421
286,268549419433291,1.197262782,-0.388934684,0.150714379,-0.757519127,0.533464943,0.340322010,0.160502053,268549.420937796
287,268549452769666,1.194435532,-0.395683135,0.153783122,-0.754342738,0.531287716,0.347280694,0.167620312,268549.454274171
288,268549486106041,1.191280434,-0.399601614,0.157129898,-0.753434908,0.529926123,0.349474740,0.171410627,268549.487610546
289,268549519442416,1.188826340,-0.404573188,0.159985808,-0.751706916,0.529048252,0.351433909,0.177592008,268549.520946921
290,268549552778875,1.185449955,-0.411377870,0.164538237,-0.750061236,0.527990073,0.350563516,0.189049995,268549.554283380
291,268549586115208,1.180478813,-0.413519233,0.168076012,-0.747317882,0.528765463,0.350936227,0.196893082,268549.587619713
292,268549619451583,1.177975943,-0.418982258,0.171412490,-0.742945126,0.532383327,0.349946152,0.205276096,268549.620956088
293,268549652787875,1.174865316,-0.426374631,0.175351283,-0.735319184,0.537159061,0.352642705,0.215427520,268549.654292380
294,268549686124375,1.172331899,-0.431069289,0.178604063,-0.731381446,0.537773015,0.356294023,0.221214797,268549.687628880
295,268549719460750,1.169374142,-0.436364058,0.181249252,-0.728323685,0.538968217,0.358011380,0.225578757,268549.720965255
296,268549752797000,1.164961355,-0.443121029,0.184417804,-0.723809155,0.541036423,0.360652153,0.230889528,268549.754301505
297,268549786133458,1.163619996,-0.444343172,0.183304633,-0.718696146,0.545151828,0.360399629,0.237481569,268549.787637963
298,268549819469833,1.159405076,-0.451279395,0.186054587,-0.712142707,0.551289400,0.359903865,0.243725303,268549.820974338
299,268549852806125,1.156010218,-0.456343621,0.187992979,-0.707325905,0.556004815,0.358699116,0.248764362,268549.854310630
300,268549886142625,1.151481356,-0.459097357,0.185913330,-0.703241417,0.559009933,0.358286294,0.254146395,268549.887647130
301,268549919478916,1.145446305,-0.465696597,0.188457051,-0.695716965,0.563664246,0.358673746,0.263844120,268549.920983421
302,268549952815333,1.140354724,-0.470922555,0.190442782,-0.688723467,0.568438465,0.357609522,0.273227343,268549.954319838
303,268549986151750,1.135245303,-0.478408405,0.192925049,-0.681638187,0.574085362,0.354427617,0.283154547,268549.987656255
304,268550019488041,1.126002484,-0.484617376,0.194677655,-0.675487393,0.579617676,0.349609736,0.292460625,268550.020992546
305,268550052824500,1.118055110,-0.488792023,0.195534239,-0.670052037,0.583104592,0.347612360,0.300308178,268550.054329005
306,268550086160875,1.108798057,-0.490792002,0.194060985,-0.660837617,0.589525289,0.346340804,0.309518462,268550.087665380
307,268550119497208,1.096986953,-0.496594811,0.194488917,-0.649299995,0.599688131,0.343002182,0.318014495,268550.121001713
308,268550152833625,1.087174312,-0.500271958,0.194505701,-0.642934946,0.605995204,0.338733233,0.323518652,268550.154338130
309,268550186169916,1.075457619,-0.494830621,0.190369685,-0.635881129,0.612124275,0.335943183,0.328787610,268550.187674421
310,268550219506250,1.060324404,-0.498425575,0.189888304,-0.622328991,0.622536522,0.334116512,0.336928947,268550.221010755
311,268550252842708,1.048735340,-0.500737284,0.189459437,-0.612832601,0.630341601,0.333100857,0.340807192,268550.254347213
312,268550286179083,1.037241523,-0.492408670,0.184249771,-0.603376088,0.637129060,0.332577842,0.345537103,268550.287683588
313,268550319515416,1.020697099,-0.494421373,0.183066615,-0.589109580,0.643634814,0.336194598,0.354481839,268550.321019921
314,268550352851875,1.007889132,-0.495979663,0.181582365,-0.580908643,0.646410884,0.339337782,0.359927828,268550.354356380
315,268550386188125,0.996364787,-0.491590400,0.177679545,-0.575077613,0.648771231,0.339181341,0.365154351,268550.387692630
316,268550419524583,0.978038016,-0.492887452,0.173181520,-0.568755006,0.649730769,0.340074058,0.372447793,268550.421029088
317,268550452861000,0.964061984,-0.493821515,0.168381220,-0.565556076,0.649551645,0.340969235,0.376787764,268550.454365505
318,268550486197291,0.951397366,-0.495346349,0.164152676,-0.563973019,0.649727439,0.341369026,0.378491651,268550.487701796
319,268550519533708,0.932942314,-0.496712591,0.155804949,-0.561245404,0.648360150,0.343521748,0.382917190,268550.521038213
320,268550552870125,0.919320884,-0.498791916,0.149399823,-0.556262559,0.647840866,0.345251196,0.389455829,268550.554374630
321,268550586206333,0.904437977,-0.502476884,0.139345054,-0.551677719,0.647406394,0.345438811,0.396470347,268550.587710838
322,268550619542833,0.885829698,-0.506270853,0.128745017,-0.547244284,0.644345748,0.345711883,0.407216893,268550.621047338
323,268550652879250,0.871582593,-0.509087047,0.120062174,-0.546044653,0.643764924,0.342376221,0.412529436,268550.654383755
324,268550686215500,0.861865922,-0.513411076,0.106901044,-0.542165749,0.642938119,0.343286093,0.418140631,268550.687720005
325,268550719551916,0.845093879,-0.518074674,0.092396782,-0.537677623,0.637347233,0.356305133,0.421589830,268550.721056421
326,268550752888208,0.833346037,-0.522223473,0.080816514,-0.534014682,0.633496052,0.367160472,0.422734329,268550.754392713
327,268550786224625,0.827946866,-0.526031791,0.066669232,-0.531684771,0.632674592,0.373127498,0.421675336,268550.787729130
328,268550819561000,0.814418763,-0.531769015,0.051561257,-0.525998177,0.634009741,0.372252843,0.427534139,268550.821065505
329,268550852897375,0.804243658,-0.535863058,0.040066993,-0.521373763,0.636957629,0.369822892,0.430912357,268550.854401880
330,268550886233791,0.797056319,-0.542174394,0.022278058,-0.518564870,0.633797484,0.388661706,0.422295342,268550.887738296
331,268550919570208,0.790149522,-0.546402866,0.010256648,-0.515021975,0.634161136,0.399301631,0.416113301,268550.921074713
332,268550952906500,0.784722433,-0.551480379,-0.001067576,-0.511387204,0.634922988,0.407341878,0.411617024,268550.954411005
333,268550986242916,0.801334204,-0.554378298,-0.018013068,-0.496471660,0.641069637,0.410482131,0.417193102,268550.987747421
334,268551019579291,0.797846697,-0.562886317,-0.027290249,-0.483555524,0.653539950,0.394750287,0.428055901,268551.021083796
335,268551052915666,0.794026902,-0.570413367,-0.036537450,-0.477946840,0.663393015,0.372655840,0.438866954,268551.054420171
336,268551086252041,0.794929919,-0.575437071,-0.050801074,-0.481682531,0.662715381,0.367961217,0.439766824,268551.087756546
337,268551119588416,0.791512888,-0.579533953,-0.061109959,-0.488105274,0.661386175,0.363932822,0.438034842,268551.121092921
338,268551152924708,0.788504388,-0.583764785,-0.071315702,-0.492075637,0.661320712,0.357438472,0.439037897,268551.154429213
339,268551186261041,0.806970255,-0.585259176,-0.083489698,-0.488251265,0.664572902,0.350582489,0.443898111,268551.187765546
340,268551219597458,0.805143596,-0.589682186,-0.093622449,-0.488553876,0.663594894,0.352024226,0.443887287,268551.221101963
341,268551252933791,0.803801542,-0.593810144,-0.103522378,-0.487799028,0.663349850,0.352409128,0.444777409,268551.254438296
342,268551286270166,0.806218028,-0.593567213,-0.118110805,-0.486993621,0.664035262,0.351822183,0.445101773,268551.287774671
343,268551319606500,0.805248369,-0.595159771,-0.127544669,-0.487351970,0.662807056,0.353331980,0.445344169,268551.321111005
344,268551352942916,0.804348726,-0.595815603,-0.136502074,-0.487181638,0.662739462,0.352721562,0.446114345,268551.354447421
345,268551386279250,0.803521476,-0.590759757,-0.149269840,-0.486641712,0.663526861,0.350214798,0.447505975,268551.387783755
346,268551419615666,0.803231543,-0.588942780,-0.158224024,-0.484954561,0.663210752,0.351324602,0.448933903,268551.421120171
347,268551452951916,0.803389616,-0.586646173,-0.167709518,-0.481284915,0.663302933,0.355363042,0.449567805,268551.454456421
348,268551486288375,0.798447018,-0.581903186,-0.180486615,-0.477503204,0.660773669,0.361111485,0.452733252,268551.487792880
349,268551519624708,0.798907044,-0.578478103,-0.191391960,-0.474635248,0.661723630,0.360910863,0.454518009,268551.521129213
350,268551552961125,0.799115351,-0.574389253,-0.203181721,-0.474238579,0.661191575,0.360155291,0.456302192,268551.554465630
351,268551586297500,0.802669138,-0.561559316,-0.214119367,-0.474395273,0.660163868,0.357457307,0.459735923,268551.587802005
352,268551619633791,0.802410499,-0.556563452,-0.227984898,-0.473415948,0.659637940,0.355263058,0.463188235,268551.621138296
353,268551652970125,0.801942540,-0.551382796,-0.243208281,-0.474000785,0.659815853,0.351106277,0.465500517,268551.654474630
354,268551686306458,0.799721354,-0.537376169,-0.266595626,-0.476858737,0.659579454,0.344919427,0.467537519,268551.687810963
355,268551719642875,0.798394285,-0.530902109,-0.284362483,-0.476362634,0.659902096,0.340717062,0.470658901,268551.721147380
356,268551752979250,0.796631834,-0.524372751,-0.302853571,-0.475175564,0.658807919,0.339880492,0.473984825,268551.754483755
357,268551786315583,0.793458486,-0.510598513,-0.333076203,-0.472925206,0.658252180,0.340970795,0.476219264,268551.787820088
358,268551819651958,0.791487045,-0.503568623,-0.352793279,-0.472463808,0.658245604,0.340036904,0.477352734,268551.821156463
359,268551852988375,0.789326902,-0.496171683,-0.372490683,-0.474181347,0.656845778,0.340215335,0.477450787,268551.854492880
360,268551886324583,0.787240886,-0.483988944,-0.393098471,-0.475703554,0.655702461,0.337277092,0.479587977,268551.887829088
361,268551919661000,0.784941493,-0.477704094,-0.411811871,-0.475298703,0.658305705,0.333001955,0.479410569,268551.921165505
362,268551952997333,0.782648299,-0.469651470,-0.436429756,-0.474896014,0.661392911,0.331357478,0.476692215,268551.954501838
363,268551986333708,0.777072146,-0.466221628,-0.451953038,-0.477597907,0.661754823,0.330707708,0.473933812,268551.987838213
364,268552019670083,0.775471123,-0.460792715,-0.469077911,-0.477954644,0.663676737,0.330075345,0.471320345,268552.021174588
365,268552053006375,0.773759932,-0.454811068,-0.490307029,-0.474448617,0.668827703,0.327552607,0.469337146,268552.054510880
366,268552086342750,0.770127014,-0.451359141,-0.509369988,-0.471784876,0.672499424,0.323564242,0.469542107,268552.087847255
367,268552119679166,0.769039995,-0.447391880,-0.523624789,-0.471409494,0.676069415,0.319153239,0.467808184,268552.121183671
368,268552153015458,0.767948416,-0.441229412,-0.541378285,-0.475336006,0.677739448,0.315116720,0.464140526,268552.154519963
369,268552186351833,0.766997055,-0.439328573,-0.549315315,-0.474608641,0.679616248,0.315169950,0.462099933,268552.187856338
370,268552219688291,0.766768948,-0.435704689,-0.560751760,-0.472653101,0.682321137,0.313955892,0.460943233,268552.221192796
371,268552253024500,0.766914326,-0.430867086,-0.575882596,-0.471965407,0.684412123,0.312711117,0.459391458,268552.254529005
372,268552286360875,0.768594992,-0.430980077,-0.576498493,-0.470823557,0.686230924,0.312087017,0.458272893,268552.287865380
373,268552319697333,0.769256274,-0.427744344,-0.587733848,-0.467602462,0.689014724,0.312662326,0.456999968,268552.321201838
374,268552353033583,0.770610395,-0.423907520,-0.603926964,-0.462429894,0.693543008,0.314775193,0.453952993,268552.354538088
375,268552386370000,0.776011730,-0.428369135,-0.595479542,-0.459591909,0.696846795,0.314083863,0.452251260,268552.387874505
376,268552419706333,0.777872286,-0.425749017,-0.608405724,-0.457886596,0.699486251,0.314249840,0.449784328,268552.421210838
377,268552453042666,0.780567106,-0.422195280,-0.626834228,-0.455418462,0.702601948,0.315812839,0.446325925,268552.454547171
378,268552486378916,0.785695784,-0.424768602,-0.629319958,-0.454099501,0.703424607,0.317054203,0.445493154,268552.487883421
379,268552519715458,0.788353362,-0.422421719,-0.642776457,-0.454000067,0.703036483,0.317128155,0.446154041,268552.521219963
380,268552553051750,0.791866388,-0.419416482,-0.659990608,-0.453656268,0.700296279,0.315819035,0.451707319,268552.554556255
381,268552586388000,0.793502604,-0.420037761,-0.675458088,-0.452637447,0.699276817,0.317468859,0.453149921,268552.587892505
382,268552619724458,0.796436227,-0.417598416,-0.690310271,-0.449179370,0.696732322,0.322326263,0.457064326,268552.621228963
383,268552653060750,0.800595168,-0.414372271,-0.710607707,-0.444958166,0.694001705,0.322580400,0.465097627,268552.654565255
384,268552686397166,0.803367425,-0.412666425,-0.725684787,-0.444984742,0.691754121,0.317413914,0.471925074,268552.687901671
385,268552719733500,0.805210108,-0.408328204,-0.741724352,-0.446991322,0.688082663,0.313587533,0.477916226,268552.721238005
386,268552753069833,0.807712387,-0.401356057,-0.763881883,-0.449939582,0.684287257,0.310919149,0.482322152,268552.754574338
387,268552786406166,0.809089782,-0.397647402,-0.779755978,-0.449603259,0.681135558,0.312923389,0.485788293,268552.787910671
388,268552819742583,0.810480513,-0.393207283,-0.796034192,-0.447570000,0.678595254,0.313481110,0.490835231,268552.821247088
389,268552853078958,0.812287680,-0.387945791,-0.817293600,-0.442789002,0.678673014,0.314674614,0.494288155,268552.854583463
390,268552886415250,0.813380855,-0.383464204,-0.833328208,-0.442676340,0.675212555,0.323278615,0.493575378,268552.887919755
391,268552919751625,0.814860448,-0.379226218,-0.849265436,-0.441934815,0.672646346,0.329414528,0.493686777,268552.921256130
392,268552953088000,0.816351857,-0.374887154,-0.870019212,-0.434106537,0.673519106,0.333985234,0.496364227,268552.954592505
393,268552986424333,0.815210031,-0.373152705,-0.881643920,-0.427865228,0.674026650,0.340905823,0.496389660,268552.987928838
394,268553019760583,0.816229492,-0.370491862,-0.897417854,-0.426190927,0.671885338,0.349578120,0.494698472,268553.021265088
395,268553053096958,0.817385375,-0.367267998,-0.917286575,-0.425479547,0.670970634,0.354319154,0.493177000,268553.054601463
396,268553086433333,0.815433082,-0.364928708,-0.925933598,-0.423578090,0.670268562,0.356902988,0.493904816,268553.087937838
397,268553119769666,0.816267680,-0.362891669,-0.943274312,-0.425793407,0.666235049,0.361839550,0.493865395,268553.121274171
398,268553153106041,0.816713839,-0.362049678,-0.955189911,-0.426996601,0.664225313,0.361971383,0.495434564,268553.154610546
399,268553186442375,0.812290039,-0.363154693,-0.957406121,-0.428097904,0.662236617,0.360438586,0.498255886,268553.187946880
400,268553219901541,0.812085130,-0.362658528,-0.971149757,-0.431395205,0.656817701,0.361952072,0.501477252,268553.225098262
401,268553253207208,0.812003654,-0.362538574,-0.981065998,-0.432488296,0.652487013,0.364574343,0.504281839,268553.258403929
402,268553286543416,0.810104552,-0.365073792,-0.982810391,-0.432411229,0.647932885,0.365256612,0.509697132,268553.291740137
403,268553319879583,0.809942861,-0.365373847,-0.991382323,-0.432003138,0.643452702,0.368144341,0.513626037,268553.325076304
404,268553353215625,0.809891462,-0.365700344,-0.999715500,-0.429893446,0.639097574,0.373545139,0.516923591,268553.358412346
405,268553386551666,0.811344148,-0.368428804,-1.004681606,-0.426227068,0.634160515,0.379880005,0.521404030,268553.391748387
406,268553419887875,0.811150724,-0.368978819,-1.012008857,-0.426494447,0.630030914,0.381430982,0.525046659,268553.425084596
407,268553453223875,0.810588209,-0.369127289,-1.019032126,-0.428073834,0.625992847,0.380879528,0.528976924,268553.458420596
408,268553486560000,0.811449625,-0.370356593,-1.021005286,-0.427401316,0.622060201,0.381975737,0.533351489,268553.491756721
409,268553519896208,0.811061445,-0.370980560,-1.028049257,-0.425134460,0.620910509,0.383488312,0.535413484,268553.525092929
410,268553553232250,0.811104023,-0.371568755,-1.035504072,-0.422683764,0.621117920,0.386099112,0.535236858,268553.558428971
411,268553586568333,0.813854469,-0.366871397,-1.048021856,-0.423120675,0.621279863,0.388600653,0.532888179,268553.591765054
412,268553619904541,0.814313226,-0.366287133,-1.055952531,-0.424168383,0.621612109,0.390949249,0.529941796,268553.625101262
413,268553653240625,0.814570556,-0.365642435,-1.063869190,-0.424508430,0.622406780,0.393173080,0.527083841,268553.658437346
414,268553686576708,0.817771877,-0.359517205,-1.080548078,-0.421739904,0.624814597,0.394137922,0.525735222,268553.691773429
415,268553719912750,0.817887059,-0.359194941,-1.088173367,-0.419990662,0.626447804,0.394239929,0.525115153,268553.725109471
416,268553753248916,0.818024899,-0.358692216,-1.095785615,-0.417856670,0.627293126,0.396034088,0.524457999,268553.758445637
417,268553786585041,0.818799454,-0.355251098,-1.109450703,-0.414182138,0.627936527,0.402379868,0.521765627,268553.791781762
418,268553819921166,0.819831282,-0.354380094,-1.117608135,-0.411520340,0.629571344,0.405764022,0.519275017,268553.825117887
419,268553853257250,0.821107113,-0.353440290,-1.125451595,-0.410525563,0.630574179,0.406649272,0.518151898,268553.858453971
420,268553886593291,0.822008079,-0.349175448,-1.136481220,-0.409878865,0.633265213,0.403691420,0.517694674,268553.891790012
421,268553919929500,0.822802326,-0.348200998,-1.144175683,-0.408180796,0.635967184,0.403178261,0.516121615,268553.925126221
422,268553953265583,0.823961850,-0.347364031,-1.152061436,-0.407157433,0.637753316,0.404167770,0.513947467,268553.958462304
423,268553986601666,0.824353800,-0.344559664,-1.161866117,-0.409293344,0.639211746,0.402283287,0.511913579,268553.991798387
424,268554019937833,0.824999298,-0.343582018,-1.169131780,-0.411748619,0.641022672,0.398747719,0.510444237,268554.025134554
425,268554053273875,0.825722221,-0.342389640,-1.178535001,-0.412737251,0.643024379,0.396297462,0.509034364,268554.058470596
426,268554086610000,0.825590699,-0.341571424,-1.186606628,-0.411342476,0.646223621,0.394128314,0.507794568,268554.091806721
427,268554119946166,0.826227797,-0.341300360,-1.193725132,-0.409916761,0.651004858,0.390676125,0.505502860,268554.125142887
428,268554153282250,0.827356816,-0.340085055,-1.203686409,-0.408488886,0.657297016,0.389542323,0.499353877,268554.158478971
429,268554186618333,0.826225073,-0.339883420,-1.212937348,-0.406758218,0.660525556,0.389117108,0.496831633,268554.191815054
430,268554219954500,0.826383462,-0.338882404,-1.218499404,-0.402889210,0.664690373,0.388034857,0.495273657,268554.225151221
431,268554253290541,0.825905939,-0.336564827,-1.224484563,-0.400442923,0.667912345,0.389134461,0.492049783,268554.258487262
432,268554286626625,0.824242986,-0.333984542,-1.228008329,-0.402562862,0.667421544,0.391488154,0.489110113,268554.291823346
433,268554319962833,0.822497133,-0.330648543,-1.230772953,-0.404672248,0.667367631,0.391748879,0.487230629,268554.325159554
434,268554353298916,0.818928917,-0.325679409,-1.233569364,-0.408072891,0.666975363,0.391033122,0.485503379,268554.358495637
435,268554386634958,0.814676231,-0.323514177,-1.225747762,-0.411375893,0.666107589,0.390972843,0.483953350,268554.391831679
436,268554419971083,0.810712325,-0.319171287,-1.226558404,-0.417011716,0.665643228,0.386504503,0.483357677,268554.425167804
437,268554453307208,0.804455995,-0.313023963,-1.227235629,-0.425232031,0.665189932,0.377217812,0.484155811,268554.458503929
438,268554486643250,0.795944459,-0.312084597,-1.214940856,-0.431151887,0.664620427,0.369498109,0.485653105,268554.491839971
439,268554519979333,0.789430726,-0.307874040,-1.214472941,-0.436858519,0.665431463,0.359548206,0.486909379,268554.525176054
440,268554553315375,0.780451464,-0.302236119,-1.214018988,-0.440234110,0.667091656,0.353353799,0.486131460,268554.558512096
441,268554586651583,0.770636755,-0.299994706,-1.209072669,-0.442648237,0.668333937,0.348458257,0.485766593,268554.591848304
442,268554619987791,0.762856429,-0.296238521,-1.207789794,-0.443134057,0.670988889,0.344299526,0.484627701,268554.625184512
443,268554653323791,0.752000423,-0.291105983,-1.205502988,-0.440821833,0.674171447,0.344854866,0.481917158,268554.658520512
444,268554686659875,0.742881734,-0.288891901,-1.206720052,-0.437372291,0.676761227,0.346676123,0.480120235,268554.691856596
445,268554719995958,0.734035427,-0.285909531,-1.203959752,-0.432782924,0.680292140,0.346755776,0.479230665,268554.725192679
446,268554753332166,0.721546806,-0.281496331,-1.199800135,-0.431437663,0.681253331,0.347297863,0.478685376,268554.758528887
447,268554786668208,0.711489455,-0.277714918,-1.198389080,-0.432789310,0.680662846,0.349461582,0.476726503,268554.791864929
448,268554820004291,0.702134232,-0.274368724,-1.195617399,-0.432674579,0.680685437,0.352721422,0.474391923,268554.825201012
449,268554853340333,0.690807896,-0.270858799,-1.193011147,-0.432408459,0.679576894,0.360846084,0.470093955,268554.858537054
450,268554886676458,0.684919653,-0.271152777,-1.190507344,-0.433374348,0.680267459,0.360152535,0.468735601,268554.891873179
451,268554920012500,0.677519736,-0.269841733,-1.189180741,-0.435210079,0.681504174,0.357546344,0.467231114,268554.925209221
452,268554953348750,0.668451179,-0.268084898,-1.188699252,-0.435238531,0.683015532,0.361711573,0.461759672,268554.958545471
453,268554986684833,0.664326309,-0.270552559,-1.187842347,-0.432668572,0.684685217,0.368080091,0.456641172,268554.991881554
454,268555020020916,0.659603434,-0.270449762,-1.188398780,-0.429975934,0.687662792,0.371431835,0.451972372,268555.025217637
455,268555053356916,0.653868092,-0.270031431,-1.189018516,-0.430040170,0.688648577,0.374036969,0.448246570,268555.058553637
456,268555086693083,0.650702919,-0.271134962,-1.188002829,-0.433073661,0.688597399,0.372131961,0.446988460,268555.091889804
457,268555120029250,0.645184027,-0.270147234,-1.188295781,-0.436562911,0.688363552,0.369862172,0.445836822,268555.125225971
458,268555153365375,0.641139133,-0.269360680,-1.188564217,-0.440453915,0.686990504,0.368243724,0.445467182,268555.158562096
459,268555186701416,0.637285202,-0.268158508,-1.189098617,-0.444564183,0.685259593,0.367850420,0.444373829,268555.191898137
460,268555220037500,0.631610997,-0.267082855,-1.190192251,-0.450497674,0.683423708,0.367333767,0.441644471,268555.225234221
461,268555253373583,0.627310454,-0.267045043,-1.191464899,-0.453057033,0.683287091,0.366743263,0.439724354,268555.258570304
462,268555286709750,0.620366921,-0.264593335,-1.195585376,-0.454661197,0.683879976,0.365381251,0.438278415,268555.291906471
463,268555320045750,0.613952739,-0.265455495,-1.197833208,-0.458768432,0.684754972,0.362469002,0.435038423,268555.325242471
464,268555353381875,0.608852702,-0.265892157,-1.199498057,-0.461184345,0.685433086,0.361803135,0.431959522,268555.358578596
465,268555386718000,0.601451960,-0.265274764,-1.202491171,-0.462704219,0.687052778,0.361055210,0.428371889,268555.391914721
466,268555420054166,0.593803603,-0.265547768,-1.203881941,-0.462403183,0.689760643,0.362449968,0.423135469,268555.425250887
467,268555453390083,0.587864988,-0.265330285,-1.204067074,-0.463512883,0.691802085,0.360302279,0.420414085,268555.458586804
468,268555486726250,0.580261852,-0.263060977,-1.203673118,-0.466532432,0.692887814,0.358062783,0.417187086,268555.491922971
469,268555520062416,0.571920258,-0.260716731,-1.202421375,-0.468861693,0.693869816,0.360004233,0.411230345,268555.525259137
470,268555553398500,0.566281486,-0.258973181,-1.200539750,-0.470365042,0.695354315,0.359136574,0.407750019,268555.558595221
471,268555586734583,0.561487070,-0.257248021,-1.196122950,-0.470211056,0.697957162,0.356998155,0.405351371,268555.591931304
472,268555620070708,0.555579419,-0.255788014,-1.190609636,-0.472943914,0.698891442,0.353160807,0.403921162,268555.625267429
473,268555653406791,0.552066289,-0.255426464,-1.185442205,-0.474363046,0.700194102,0.350370796,0.402427979,268555.658603512
474,268555686742875,0.552060613,-0.257279703,-1.176634996,-0.473573165,0.703072424,0.349008875,0.399512805,268555.691939596
475,268555720078916,0.551295878,-0.261092597,-1.166709811,-0.474079801,0.708262352,0.340392549,0.397172190,268555.725275637
476,268555753415125,0.551946529,-0.264787860,-1.158535044,-0.473720588,0.712741846,0.334661208,0.394448724,268555.758611846
477,268555786751125,0.555730715,-0.270506070,-1.147296380,-0.475805193,0.714355386,0.334101506,0.389463782,268555.791947846
478,268555820087208,0.558605065,-0.275191119,-1.134214658,-0.482077163,0.714532701,0.334071957,0.381366766,268555.825283929
479,268555853423375,0.561003111,-0.278849717,-1.123176158,-0.487521411,0.714463553,0.330974588,0.377253999,268555.858620096
480,268555886759416,0.569200773,-0.287977822,-1.110017067,-0.489864438,0.715744242,0.327786974,0.374564766,268555.891956137
481,268555920095625,0.573097396,-0.294530901,-1.094671917,-0.494343224,0.716616127,0.326098625,0.368437028,268555.925292346
482,268555953431583,0.576101288,-0.299623670,-1.083651619,-0.498290795,0.717679150,0.325779554,0.361262586,268555.958628304
483,268555986767666,0.578197602,-0.307655023,-1.072605916,-0.500732260,0.719322459,0.324742756,0.355506117,268555.991964387
484,268556020103750,0.581619093,-0.316781853,-1.058153869,-0.505643840,0.721649440,0.317366773,0.350463661,268556.025300471
485,268556053440000,0.583314500,-0.324029602,-1.047680626,-0.509324529,0.724200319,0.311530108,0.345067337,268556.058636721
486,268556086775916,0.581764334,-0.332502287,-1.040182171,-0.511811008,0.727193018,0.307037506,0.339069063,268556.091972637
487,268556120112083,0.581486693,-0.341790447,-1.027558584,-0.514752783,0.731565100,0.292642127,0.337938923,268556.125308804
488,268556153448041,0.579839726,-0.347019364,-1.018649759,-0.514593545,0.735152217,0.282161997,0.339307179,268556.158644762
489,268556186784250,0.574632294,-0.352064018,-1.012908186,-0.508199746,0.740053817,0.282392090,0.338094849,268556.191980971
490,268556220120333,0.571300647,-0.353146213,-1.008400437,-0.506397973,0.742200158,0.285123934,0.333772997,268556.225317054
491,268556253456375,0.566844408,-0.352795920,-1.005642481,-0.509131441,0.741952950,0.285441081,0.329870334,268556.258653096
492,268556286792500,0.555834349,-0.349525370,-1.007208320,-0.517504905,0.737869931,0.282502296,0.328525712,268556.291989221
493,268556320128708,0.547625187,-0.347455952,-1.006568683,-0.521993821,0.736277009,0.277471398,0.329284517,268556.325325429
494,268556353464750,0.538546500,-0.345419435,-1.006174036,-0.522885429,0.736616445,0.268608292,0.334419916,268556.358661471
495,268556386800750,0.523798369,-0.338059817,-1.010960562,-0.519277150,0.739079234,0.257682530,0.343093129,268556.391997471
496,268556420136833,0.514366968,-0.333090141,-1.014941659,-0.509458940,0.747932316,0.255879397,0.339962684,268556.425333554
497,268556453473125,0.506046092,-0.327864394,-1.020888008,-0.485388382,0.762199762,0.264911396,0.336558535,268556.458669846
498,268556486809000,0.492864975,-0.317137355,-1.027541985,-0.470679905,0.770888760,0.265178733,0.337448129,268556.492005721
499,268556520145125,0.482128642,-0.309160541,-1.030754114,-0.466369179,0.773868549,0.258702621,0.341614205,268556.525341846
500,268556553481250,0.470400398,-0.299744747,-1.033021132,-0.463276699,0.776632426,0.252184694,0.344412120,268556.558677971
501,268556586817291,0.461443274,-0.286935514,-1.033599304,-0.450735568,0.783161247,0.257888226,0.342037462,268556.592014012
502,268556620153333,0.452509246,-0.277792905,-1.035325293,-0.443609365,0.786038367,0.260399695,0.342850504,268556.625350054
503,268556653489416,0.443874987,-0.268621862,-1.035605250,-0.438366478,0.787825897,0.259701526,0.346006297,268556.658686137
504,268556686825541,0.433301946,-0.252309402,-1.034297517,-0.432471611,0.790652750,0.255715832,0.349922850,268556.692022262
505,268556720161583,0.425114576,-0.241872472,-1.033632727,-0.424272651,0.793585337,0.259969798,0.350186791,268556.725358304
506,268556753497666,0.418161372,-0.231163801,-1.033503408,-0.416559084,0.796547217,0.269579383,0.345424478,268556.758694387
507,268556786833791,0.413549144,-0.216506253,-1.029967010,-0.411170159,0.797361088,0.286265627,0.336461646,268556.792030512
508,268556820169833,0.409376430,-0.205826959,-1.027787271,-0.409226395,0.798476974,0.288819509,0.333993448,268556.825366554
509,268556853505958,0.405298610,-0.196255128,-1.024236854,-0.402249333,0.803097445,0.284571469,0.335035970,268556.858702679
510,268556886842041,0.402218438,-0.187687888,-1.013916298,-0.387390567,0.811293997,0.277625381,0.338607146,268556.892038762
511,268556920178166,0.399871595,-0.179817818,-1.008782451,-0.382227393,0.815051944,0.270670304,0.341072115,268556.925374887
512,268556953514125,0.398244894,-0.171193030,-1.003744209,-0.380539990,0.817338419,0.264678637,0.342187811,268556.958710846
513,268556986850208,0.397668628,-0.159771744,-0.994122629,-0.376006039,0.821115709,0.261427432,0.340652611,268556.992046929
514,268557020186375,0.396970550,-0.151491629,-0.989537359,-0.372357930,0.824833126,0.255555322,0.340134410,268557.025383096
515,268557053522458,0.396087578,-0.142588678,-0.985231286,-0.372555970,0.826865236,0.250453703,0.338775628,268557.058719179
516,268557086858666,0.395067175,-0.129371675,-0.979644645,-0.376279772,0.826774456,0.251927179,0.333751827,268557.092055387
517,268557120194541,0.394112958,-0.119246863,-0.977219293,-0.376873613,0.827289443,0.255551684,0.329016484,268557.125391262
518,268557153530708,0.393190327,-0.109748495,-0.975076073,-0.378412474,0.828729398,0.252168457,0.326224933,268557.158727429
519,268557186866791,0.389245875,-0.094977323,-0.973128026,-0.382043524,0.830295269,0.246564863,0.322270592,268557.192063512
520,268557220202916,0.387517767,-0.084756052,-0.972487056,-0.381877218,0.831178954,0.247759150,0.319259759,268557.225399637
521,268557253539041,0.385905842,-0.075481533,-0.971720844,-0.379809879,0.833466657,0.245502442,0.317500223,268557.258735762
522,268557286875041,0.381897630,-0.063843357,-0.973269005,-0.375345158,0.838301007,0.235116668,0.317942824,268557.292071762
523,268557320211083,0.379212710,-0.055584096,-0.972007598,-0.372982116,0.840674145,0.224823775,0.321878311,268557.325407804
524,268557353547166,0.375308154,-0.044527861,-0.969480884,-0.368503391,0.844188105,0.204849158,0.331041644,268557.358743887
525,268557386883250,0.370665853,-0.037541543,-0.971671795,-0.358684510,0.847771921,0.189337180,0.341730418,268557.392079971
526,268557420219458,0.366591851,-0.030037897,-0.970142195,-0.345867961,0.852303433,0.175202695,0.351081587,268557.425416179
527,268557453555416,0.360782851,-0.018966973,-0.969597649,-0.333847125,0.855400651,0.170041064,0.357661730,268557.458752137
528,268557486891625,0.356319647,-0.009648555,-0.971165222,-0.329863829,0.855595594,0.166829379,0.362372800,268557.492088346
529,268557520227583,0.349979342,0.000064822,-0.970723700,-0.323318484,0.857326694,0.159423050,0.367478491,268557.525424304
530,268557553563666,0.339492694,0.013675081,-0.970245748,-0.313152212,0.859094118,0.152294138,0.375099371,268557.558760387
531,268557586899708,0.333018817,0.023442632,-0.972292669,-0.305797921,0.860254289,0.147301725,0.380463461,268557.592096429
532,268557620235833,0.324279354,0.034142022,-0.972341269,-0.298041441,0.860963973,0.139733893,0.387797407,268557.625432554
533,268557653571833,0.312465705,0.048369913,-0.972863570,-0.285617960,0.863402606,0.132762053,0.394122583,268557.658768554
534,268557686907958,0.303750485,0.060124366,-0.973255973,-0.278347348,0.866022002,0.129422535,0.394687859,268557.692104679
535,268557720244041,0.294342647,0.069865125,-0.973575497,-0.272245342,0.867653005,0.119703603,0.398411644,268557.725440762
536,268557753580166,0.281086493,0.082010167,-0.971730802,-0.260350858,0.870391564,0.101432718,0.405397844,268557.758776887
537,268557786916166,0.271796464,0.091759028,-0.970541193,-0.247787064,0.874411793,0.096328324,0.405865119,268557.792112887
538,268557820252291,0.263562282,0.100460933,-0.971519317,-0.237763961,0.878310626,0.099666440,0.402623146,268557.825449012
539,268557853588416,0.254992753,0.111652191,-0.974381178,-0.230906254,0.882820843,0.103282077,0.395780908,268557.858785137
540,268557886924583,0.249315966,0.119169365,-0.972890529,-0.223412190,0.886331592,0.096476394,0.393948805,268557.892121304
541,268557920260541,0.244112934,0.126314604,-0.973422845,-0.215143500,0.890500814,0.093291150,0.389895358,268557.925457262
542,268557953596541,0.237758592,0.134278168,-0.972780820,-0.201861820,0.896411013,0.090587856,0.384048168,268557.958793262
543,268557986932666,0.239813170,0.135230954,-0.973060353,-0.191208910,0.899988745,0.088520629,0.381606556,268557.992129387
544,268558020268958,0.235795223,0.140433018,-0.969861287,-0.183182496,0.903114089,0.080993447,0.379827895,268558.025465679
545,268558053604833,0.230569628,0.148368030,-0.964277090,-0.179033132,0.906602486,0.070758647,0.375516094,268558.058801554
546,268558086940875,0.235615337,0.148276159,-0.961772864,-0.171805115,0.908712255,0.064026525,0.375000930,268558.092137596
547,268558120277000,0.231819680,0.153587956,-0.956081010,-0.161162383,0.911452408,0.052914046,0.374808420,268558.125473721
548,268558153613208,0.226654744,0.160049550,-0.949102971,-0.142014693,0.914205909,0.044442131,0.376940757,268558.158809929
549,268558186949125,0.221395254,0.174527815,-0.942253909,-0.133403134,0.913857166,0.035655100,0.381834324,268558.192145846
550,268558220285250,0.218417358,0.181581158,-0.935964640,-0.124219225,0.911886605,0.025872891,0.390337099,268558.225481971
551,268558253621208,0.213400100,0.192990439,-0.928324062,-0.107713526,0.909379236,0.012757568,0.401577514,268558.258817929
552,268558286957333,0.208313868,0.202576084,-0.925263188,-0.094549818,0.907246941,0.008512021,0.409744944,268558.292154054
553,268558320293458,0.203371733,0.212966343,-0.921894456,-0.083920962,0.904800127,0.004535857,0.417460754,268558.325490179
554,268558353629500,0.195595605,0.228952368,-0.918607298,-0.073440176,0.901076710,-0.002509185,0.427388653,268558.358826221
555,268558386965541,0.187503728,0.242592013,-0.916048154,-0.061721684,0.897874893,-0.012351722,0.435727665,268558.392162262
556,268558420301666,0.176251343,0.260654071,-0.913408231,-0.045858756,0.896132181,-0.025120650,0.440696148,268558.425498387
557,268558453637708,0.167833030,0.274474388,-0.912769261,-0.035163808,0.896747224,-0.021900531,0.440599981,268558.458834429
558,268558486973791,0.157867945,0.288042943,-0.912389697,-0.024661718,0.897133233,-0.022232523,0.440510533,268558.492170512
559,268558520309916,0.144475893,0.304339517,-0.908323510,-0.009440722,0.897515054,-0.033014388,0.439644976,268558.525506637
560,268558553645958,0.134357328,0.315656716,-0.903858151,0.002461575,0.898549688,-0.043413960,0.436712354,268558.558842679
561,268558586981916,0.124539794,0.326956514,-0.901834940,0.017289978,0.900115779,-0.047334129,0.432726444,268558.592178637
562,268558620318166,0.114077438,0.338895255,-0.897615614,0.033759091,0.901705798,-0.048265224,0.428319390,268558.625514887
563,268558653654041,0.108077613,0.347160013,-0.893777287,0.041950972,0.903502015,-0.053458910,0.423162408,268558.658850762
564,268558686990208,0.101729506,0.357188266,-0.887327294,0.051260467,0.904865448,-0.061162879,0.418150740,268558.692186929
565,268558720326166,0.097663748,0.367389439,-0.882026865,0.062161971,0.906669823,-0.066580917,0.411889252,268558.725522887
566,268558753662458,0.096373107,0.374533285,-0.878070224,0.069001554,0.907976908,-0.070153553,0.407302409,268558.758859179
567,268558786998416,0.101645335,0.376983520,-0.875278478,0.077555522,0.908832201,-0.072587421,0.403410821,268558.792195137
568,268558820334541,0.104271099,0.384823370,-0.870645688,0.086503485,0.910094161,-0.075058088,0.398261348,268558.825531262
569,268558853670500,0.107292964,0.390639395,-0.867075425,0.091072230,0.911194697,-0.080125109,0.393713212,268558.858867221
570,268558887006708,0.118392185,0.389898726,-0.863894749,0.096313322,0.912231616,-0.082949289,0.389456918,268558.892203429
571,268558920342708,0.125412165,0.396215057,-0.858516339,0.104209646,0.912547278,-0.083285951,0.386602274,268558.925539429
572,268558953678750,0.131334196,0.400767104,-0.852865131,0.106403132,0.912324045,-0.089987807,0.385026568,268558.958875471
573,268558987014750,0.144938069,0.407486209,-0.845174880,0.110625014,0.911534142,-0.098269938,0.383680449,268558.992211471
574,268559020350916,0.154559064,0.415662181,-0.836809599,0.116180802,0.909989501,-0.101238720,0.384931038,268559.025547637
575,268559053686958,0.162239295,0.422289962,-0.831109106,0.114406643,0.909510615,-0.099907480,0.386936830,268559.058883679
576,268559087023083,0.173088743,0.431441121,-0.824537607,0.108774901,0.909637107,-0.102334217,0.387628838,268559.092219804
577,268559120359041,0.183758025,0.442782817,-0.815988295,0.104514449,0.908413819,-0.107909688,0.390149479,268559.125555762
578,268559153695166,0.190974478,0.450699701,-0.809911743,0.105669494,0.906961610,-0.110202605,0.392568510,268559.158891887
579,268559187031166,0.198294689,0.461865740,-0.804340773,0.112072926,0.905063581,-0.109953511,0.395233921,268559.192227887
580,268559220367291,0.206142912,0.468421741,-0.797887582,0.119964614,0.902205371,-0.109373045,0.399589226,268559.225564012
581,268559253703375,0.211555512,0.472250671,-0.793630117,0.123764530,0.900145810,-0.110106803,0.402860283,268559.258900096
582,268559287039458,0.213350304,0.477457949,-0.789645061,0.126752159,0.897765683,-0.114404280,0.406032489,268559.292236179
583,268559320375666,0.218839632,0.481448965,-0.785183839,0.128631290,0.895578031,-0.119662793,0.408747906,268559.325572387
584,268559353711625,0.222492402,0.483868887,-0.782788302,0.130774222,0.894531830,-0.122066299,0.409647140,268559.358908346
585,268559387047583,0.220614265,0.481193413,-0.781585455,0.135342687,0.893057847,-0.123205010,0.411036029,268559.392244304
586,268559420383625,0.223779143,0.482648766,-0.780544824,0.138770680,0.892413109,-0.122591145,0.411476616,268559.425580346
587,268559453719750,0.225999562,0.483729494,-0.779893590,0.138744292,0.891992449,-0.124743109,0.411750776,268559.458916471
588,268559487055875,0.227521468,0.484663963,-0.779155981,0.141030078,0.890705818,-0.131506207,0.411654994,268559.492252596
589,268559520391916,0.228371151,0.485640367,-0.777436801,0.147095610,0.888394199,-0.141992414,0.411043595,268559.525588637
590,268559553727833,0.228561523,0.486228034,-0.776274188,0.151349501,0.887587706,-0.149578479,0.408543418,268559.558924554
591,268559587064000,0.230321044,0.487799643,-0.776110727,0.145636468,0.889208683,-0.150374710,0.406799012,268559.592260721
592,268559620400125,0.231885258,0.489404434,-0.775598056,0.138569186,0.890705983,-0.151918018,0.405416330,268559.625596846
593,268559653736125,0.233315835,0.490654587,-0.774647110,0.136391857,0.891756716,-0.153898319,0.403091282,268559.658932846
594,268559687072166,0.233123542,0.490748955,-0.772763241,0.145277318,0.889580590,-0.156230365,0.403897265,268559.692268887
595,268559720408375,0.232961590,0.490355597,-0.770360907,0.149830641,0.888678915,-0.153928852,0.405100639,268559.725605096
596,268559753744333,0.233214837,0.490601740,-0.767380011,0.148643695,0.888403241,-0.152278218,0.406762991,268559.758941054
597,268559787080416,0.224093473,0.480822386,-0.768745368,0.141536362,0.889626429,-0.149151861,0.407781866,268559.792277137
598,268559820243833,0.225228852,0.482378229,-0.766761672,0.137987881,0.890052614,-0.139306871,0.411532912,268559.822098202
599,268559853570416,0.225992760,0.483508968,-0.764145712,0.135859092,0.890168929,-0.142074414,0.411043184,268559.855074921
600,268559886906791,0.226100546,0.484041009,-0.760284147,0.135175854,0.890504063,-0.146473685,0.408993295,268559.888411296
601,268559920243000,0.227124167,0.486184216,-0.757459596,0.140174374,0.886954474,-0.146477898,0.414978535,268559.921747505
602,268559953579333,0.227248457,0.486712387,-0.755992183,0.147671217,0.883702730,-0.141379247,0.421039973,268559.955083838
603,268559986915583,0.231138727,0.487657320,-0.751553704,0.150151914,0.881814575,-0.134815519,0.426242052,268559.988420088
604,268560020251875,0.232338201,0.487741837,-0.749783844,0.150568299,0.883616953,-0.128603304,0.424277635,268560.021756380
605,268560053588166,0.233145923,0.488127191,-0.748861864,0.155900113,0.882584081,-0.125922567,0.425304663,268560.055092671
606,268560086924458,0.232238531,0.487459562,-0.747102030,0.159823652,0.880573786,-0.127988974,0.427393359,268560.088428963
607,268560120260708,0.232925097,0.487702975,-0.745080267,0.154982340,0.882056138,-0.129593928,0.425632366,268560.121765213
608,268560153597083,0.233742786,0.487994311,-0.744153128,0.151694772,0.883518795,-0.132396575,0.422911854,268560.155101588
609,268560186933333,0.234606435,0.487851404,-0.743757946,0.149640482,0.885614286,-0.134019547,0.418728883,268560.188437838
610,268560220269666,0.234741710,0.487499235,-0.742319661,0.149478819,0.886022513,-0.140240256,0.415876079,268560.221774171
611,268560253605916,0.234773638,0.487371313,-0.740989686,0.148987201,0.886437314,-0.144839980,0.413585705,268560.255110421
612,268560286942166,0.234594536,0.486438137,-0.740681707,0.147803435,0.887595469,-0.147452851,0.410592423,268560.288446671
613,268560320278541,0.235421197,0.485901882,-0.739715414,0.146209750,0.890465578,-0.148387989,0.404567449,268560.321783046
614,268560353614791,0.236314885,0.485315388,-0.739253551,0.143315796,0.892347934,-0.148055582,0.401566114,268560.355119296
615,268560386951125,0.236756661,0.485870564,-0.738618366,0.142209773,0.894982063,-0.148719378,0.395810671,268560.388455630
616,268560420287458,0.238211198,0.485090262,-0.738842577,0.144437642,0.902878318,-0.156093870,0.373608441,268560.421791963
617,268560453623750,0.239945224,0.484265476,-0.740083466,0.150287933,0.910127879,-0.169515840,0.346908078,268560.455128255
618,268560486959958,0.238586893,0.486684480,-0.746661879,0.167011989,0.908652122,-0.192132781,0.330973358,268560.488464463
619,268560520296333,0.241729902,0.484175503,-0.748299470,0.183703464,0.905556680,-0.208357984,0.320635524,268560.521800838
620,268560553632458,0.244543263,0.481620786,-0.747992159,0.189448962,0.904515003,-0.208768537,0.319964766,268560.555136963
621,268560586968833,0.243541629,0.471343344,-0.769384180,0.192653354,0.903437834,-0.213516835,0.317954998,268560.588473338
622,268560620305125,0.247628964,0.468864203,-0.769279309,0.201021908,0.896476530,-0.228309118,0.322172350,268560.621809630
623,268560653641416,0.251581693,0.468127909,-0.769538779,0.207129111,0.891915321,-0.236780261,0.324838042,268560.655145921
624,268560686977708,0.256023328,0.467797474,-0.768250050,0.213783429,0.886895290,-0.241841022,0.330494120,268560.688482213
625,268560720314041,0.262674207,0.471043559,-0.766779290,0.222346985,0.875959704,-0.249806222,0.347639641,268560.721818546
626,268560753650333,0.268151234,0.475996572,-0.764713509,0.228031096,0.866049114,-0.252092344,0.366620041,268560.755154838
627,268560786986625,0.276399376,0.480939601,-0.762099357,0.230918043,0.860231801,-0.245256235,0.382789158,268560.788491130
628,268560820322875,0.285734529,0.492115004,-0.757843008,0.238096009,0.850578298,-0.233226682,0.406733594,268560.821827380
629,268560853659208,0.293249317,0.501794030,-0.754307797,0.248129217,0.841297912,-0.233114926,0.419889509,268560.855163713
630,268560886995500,0.306401735,0.518385352,-0.748770571,0.264356930,0.831507988,-0.238760408,0.426266818,268560.888500005
631,268560920331750,0.315717949,0.530067780,-0.746157266,0.277697789,0.826518036,-0.243198520,0.424978126,268560.921836255
632,268560953668083,0.325251666,0.542234705,-0.744199907,0.290314992,0.823390621,-0.249342299,0.419014990,268560.955172588
633,268560987004333,0.337147487,0.559513976,-0.740947442,0.305993705,0.820813314,-0.252061936,0.411215502,268560.988508838
634,268561020340625,0.345441424,0.572804832,-0.740337633,0.313453549,0.821448832,-0.250903284,0.404989239,268561.021845130
635,268561053676833,0.352471502,0.586753865,-0.739989296,0.316865894,0.820324498,-0.247917579,0.406448829,268561.055181338
636,268561087013208,0.361102763,0.606775392,-0.739712848,0.317623640,0.816554556,-0.239364056,0.418400265,268561.088517713
637,268561120349458,0.364664406,0.621814747,-0.739088790,0.316571008,0.815376330,-0.230474476,0.426410373,268561.121853963
638,268561153685708,0.367173473,0.636782182,-0.738032577,0.315839843,0.814543845,-0.227959670,0.429881333,268561.155190213
639,268561187022000,0.371426179,0.661302208,-0.726822623,0.312034978,0.820129563,-0.226608822,0.422693940,268561.188526505
640,268561220358333,0.373876143,0.676146303,-0.724213592,0.310342599,0.827162028,-0.223207039,0.411909119,268561.221862838
641,268561253694625,0.376497441,0.690320558,-0.720561225,0.311340575,0.832929020,-0.224851511,0.398419559,268561.255199130
642,268561287030833,0.381382847,0.709649744,-0.709406568,0.309195839,0.837651966,-0.228111599,0.388203900,268561.288535338
643,268561320367125,0.384450392,0.723086843,-0.702038799,0.304886349,0.842379074,-0.218299400,0.387023559,268561.321871630
644,268561353703458,0.387156130,0.736180135,-0.692552031,0.302851254,0.844708239,-0.206753923,0.389874310,268561.355207963
645,268561387039750,0.391953637,0.751643789,-0.677776587,0.302105255,0.843576848,-0.198988693,0.396880422,268561.388544255
646,268561420376000,0.394788092,0.763328943,-0.665780238,0.303997296,0.841653703,-0.189818001,0.403947853,268561.421880505
647,268561453712333,0.397611963,0.774486435,-0.653383206,0.307888140,0.839543220,-0.182652820,0.408668663,268561.455216838
648,268561487048708,0.406942778,0.786846760,-0.638119958,0.309982386,0.839126624,-0.176913079,0.410462234,268561.488553213
649,268561520384916,0.410783288,0.796912517,-0.625132526,0.314510755,0.840532184,-0.175915488,0.404527411,268561.521889421
650,268561553721125,0.415181448,0.806176994,-0.612127550,0.318057917,0.843571460,-0.175502748,0.395506248,268561.555225630
651,268561587057458,0.428347393,0.815355545,-0.595371327,0.323236459,0.844382647,-0.176283535,0.389179014,268561.588561963
652,268561620393708,0.432712817,0.823117729,-0.581265476,0.328297707,0.845104733,-0.174286300,0.384243340,268561.621898213
653,268561653730000,0.436999959,0.830223135,-0.566540566,0.329639759,0.846686351,-0.165731396,0.383396675,268561.655234505
654,268561687066208,0.451148651,0.841764198,-0.541567698,0.329193133,0.848101432,-0.153631983,0.385685245,268561.688570713
655,268561720402500,0.455590931,0.848027850,-0.524699692,0.336019637,0.845297276,-0.149996632,0.387381442,268561.721907005
656,268561753738791,0.460262008,0.852814241,-0.507527699,0.344939761,0.842341087,-0.146332838,0.387381992,268561.755243296
657,268561787075166,0.472444366,0.855050792,-0.484023345,0.354838755,0.842201517,-0.141705558,0.380401959,268561.788579671
658,268561820411416,0.478061564,0.857915527,-0.466241607,0.362509566,0.841467831,-0.140191494,0.375320001,268561.821915921
659,268561853747666,0.483625265,0.860150522,-0.448587908,0.370941282,0.839375249,-0.139290335,0.372088717,268561.855252171
660,268561887083916,0.493077464,0.861509949,-0.421737901,0.381885311,0.837994148,-0.134274540,0.365923240,268561.888588421
661,268561920420291,0.498337829,0.861558753,-0.404903255,0.388745373,0.838691599,-0.129173420,0.358870057,268561.921924796
662,268561953756583,0.505099280,0.860025266,-0.383909259,0.400147818,0.839081640,-0.127216708,0.345889704,268561.955261088
663,268561987092833,0.513237830,0.859883348,-0.367267412,0.408596699,0.838343167,-0.128333676,0.337283253,268561.988597338
664,268562020429125,0.518037172,0.857124606,-0.354010591,0.416724562,0.836111107,-0.134789297,0.330288897,268562.021933630
665,268562053765375,0.524273445,0.852799758,-0.338290094,0.426697217,0.834374075,-0.137657263,0.320624263,268562.055269880
666,268562087101666,0.533819072,0.860552298,-0.323782321,0.433312808,0.832757161,-0.139990718,0.314893909,268562.088606171
667,268562120437875,0.538232623,0.856326034,-0.313385446,0.438763353,0.829702814,-0.146118024,0.312617238,268562.121942380
668,268562153774166,0.543618745,0.850561946,-0.300258075,0.445269173,0.826501479,-0.146775675,0.311588868,268562.155278671
669,268562187110416,0.543575948,0.853452167,-0.294205279,0.450695922,0.824067195,-0.148090155,0.309605883,268562.188614921
670,268562220446750,0.546521110,0.849270519,-0.285188136,0.455536289,0.822295183,-0.152540130,0.305039152,268562.221951255
671,268562253782958,0.550809254,0.843979932,-0.273664635,0.456937350,0.825159926,-0.158351942,0.291965871,268562.255287463
672,268562287119291,0.552223354,0.842775344,-0.268816854,0.456908256,0.827595400,-0.161836491,0.283071906,268562.288623796
673,268562320455625,0.555129741,0.839914525,-0.260388997,0.458975960,0.828255905,-0.167062262,0.274633351,268562.321960130
674,268562353791791,0.558390841,0.836484699,-0.248968017,0.461998337,0.827760650,-0.167651734,0.270671003,268562.355296296
675,268562387128125,0.559760165,0.837551291,-0.243447119,0.464979783,0.826232879,-0.165219896,0.271726830,268562.388632630
676,268562420464458,0.561697046,0.836135241,-0.234218738,0.468034889,0.824259484,-0.161812353,0.274511314,268562.421968963
677,268562453800708,0.564261075,0.835021697,-0.221449964,0.468658578,0.824094750,-0.158629606,0.275796449,268562.455305213
678,268562487136958,0.565620829,0.838926394,-0.209405251,0.469945012,0.824544856,-0.156236708,0.273619463,268562.488641463
679,268562520473250,0.567509763,0.839915827,-0.199741402,0.470999753,0.824722470,-0.151877580,0.273724926,268562.521977755
680,268562553809541,0.569619932,0.842264981,-0.186673019,0.473266408,0.823484564,-0.148742494,0.275259521,268562.555314046
681,268562587145833,0.572793848,0.850553255,-0.168485086,0.478401960,0.819552603,-0.149473177,0.277710133,268562.588650338
682,268562620482166,0.574232131,0.854086636,-0.158391371,0.482195844,0.816866938,-0.146921502,0.280409878,268562.621986671
683,268562653818333,0.576675148,0.859393598,-0.145107726,0.484789936,0.815162755,-0.141003494,0.283912783,268562.655322838
684,268562687154625,0.578900499,0.869389323,-0.132047958,0.487062155,0.813856789,-0.137681794,0.285396849,268562.688659130
685,268562720490916,0.581482073,0.874130849,-0.122659777,0.487558700,0.814085763,-0.134147983,0.285578809,268562.721995421
686,268562753827125,0.586059073,0.880226480,-0.111593606,0.483518428,0.817650418,-0.129606745,0.284358698,268562.755331630
687,268562787163416,0.588653104,0.888641001,-0.098440150,0.483273397,0.818266070,-0.129956597,0.282840590,268562.788667921
688,268562820499666,0.593036917,0.892802566,-0.091844886,0.485723169,0.816109216,-0.133307257,0.283316041,268562.822004171
689,268562853835916,0.599553776,0.897700590,-0.084062640,0.488211828,0.812196214,-0.136068480,0.288915115,268562.855340421
690,268562887172333,0.603935436,0.902826468,-0.076160580,0.489401515,0.809117938,-0.139334936,0.293939023,268562.888676838
691,268562920508625,0.609947677,0.906297147,-0.070843510,0.493469351,0.802574889,-0.144945047,0.302245817,268562.922013130
692,268562953844833,0.618733714,0.910496926,-0.063989844,0.497462392,0.795503708,-0.147353491,0.313036773,268562.955349338
693,268562987181125,0.626400900,0.909515979,-0.051492105,0.502636890,0.791226593,-0.151153198,0.313798343,268562.988685630
694,268563020517333,0.636012014,0.911773396,-0.045429618,0.510062709,0.788320392,-0.152669285,0.308349046,268563.022021838
695,268563053853583,0.643324995,0.913037539,-0.041363144,0.516483813,0.785198330,-0.155778693,0.304041288,268563.055358088
696,268563087189958,0.653730935,0.909710928,-0.032704112,0.522415233,0.781440128,-0.158932677,0.301950505,268563.088694463
697,268563120526166,0.663819298,0.910739852,-0.026621051,0.531513141,0.777447910,-0.160426044,0.295519991,268563.122030671
698,268563153862458,0.671389412,0.911265898,-0.021325786,0.537451762,0.773610189,-0.164988430,0.292321312,268563.155366963
699,268563187198750,0.680587157,0.907680730,-0.019237541,0.540757047,0.770675848,-0.165952275,0.293428780,268563.188703255
700,268563220535000,0.691388274,0.908284030,-0.009998492,0.548871691,0.763185144,-0.169573731,0.295859943,268563.222039505
701,268563253871250,0.699827603,0.908281009,-0.002468233,0.555483467,0.757730561,-0.167852960,0.298509549,268563.255375755
702,268563287207500,0.707343684,0.903148197,-0.000666305,0.562753259,0.752166604,-0.170009335,0.297743258,268563.288712005
703,268563320543750,0.719368685,0.901666422,0.010327696,0.569581594,0.745227690,-0.170991227,0.301619880,268563.322048255
704,268563353880000,0.728602810,0.900508630,0.019051676,0.574145856,0.738859156,-0.171816315,0.308095586,268563.355384505
705,268563387216291,0.735907941,0.892245649,0.022874277,0.581276935,0.730577953,-0.175745324,0.312228464,268563.388720796
706,268563420552583,0.747598803,0.889434456,0.034437573,0.587520416,0.721384851,-0.176902035,0.321137636,268563.422057088
707,268563453888916,0.755894823,0.887329416,0.043160724,0.594620139,0.713558347,-0.181060313,0.323231483,268563.455393421
708,268563487225166,0.763854549,0.879842172,0.045312638,0.598210489,0.709387863,-0.182091384,0.325201247,268563.488729671
709,268563520561416,0.773314433,0.876501850,0.056825363,0.605536638,0.705220553,-0.188962848,0.316674039,268563.522065921
710,268563553897666,0.779318083,0.873689699,0.065236901,0.604976100,0.707389653,-0.186316196,0.314468003,268563.555402171
711,268563587233958,0.782278320,0.866580876,0.067958919,0.604404595,0.707057200,-0.186289075,0.316325204,268563.588738463
712,268563620570208,0.786410143,0.863644313,0.081152892,0.608629460,0.704432009,-0.178837500,0.318375451,268563.622074713
713,268563653906500,0.787605134,0.860765735,0.091667807,0.612692204,0.701988800,-0.169692779,0.320974145,268563.655411005
714,268563687242750,0.781949018,0.858950113,0.099008117,0.616116615,0.701469048,-0.166407160,0.317254159,268563.688747255
715,268563720579000,0.782185736,0.854575375,0.113189095,0.617286805,0.705595377,-0.153769245,0.312165401,268563.722083505
716,268563753915291,0.782802568,0.850833483,0.123845991,0.618952405,0.710128401,-0.147656489,0.301352267,268563.755419796
717,268563787251625,0.782016321,0.848836051,0.133786478,0.620633994,0.714278715,-0.140708046,0.291239868,268563.788756130
718,268563820587875,0.783442481,0.841554136,0.146758576,0.623561186,0.716233257,-0.134439961,0.283032362,268563.822092380
719,268563853924125,0.784643804,0.835555129,0.156518350,0.623841768,0.716657482,-0.127826879,0.284400851,268563.855428630
720,268563887260291,0.790278782,0.829930341,0.166484481,0.624712248,0.716808979,-0.126247338,0.282809402,268563.888764796
721,268563920596708,0.793026402,0.821122689,0.178494090,0.625951736,0.714677711,-0.123173275,0.286790151,268563.922101213
722,268563953932958,0.795586392,0.814159238,0.187283349,0.625960357,0.713336782,-0.124590221,0.289485055,268563.955437463
723,268563987269208,0.803055144,0.802085883,0.202873555,0.624866584,0.712490648,-0.127377523,0.292700955,268563.988773713
724,268564020605458,0.808328098,0.792288276,0.213768016,0.617397447,0.712982863,-0.131668072,0.305187486,268564.022109963
725,268564053941750,0.812880719,0.785379379,0.221627599,0.609815592,0.716776061,-0.132735825,0.311027772,268564.055446255
726,268564087278000,0.819967161,0.772778401,0.232859473,0.606045780,0.718694331,-0.133110497,0.313797102,268564.088782505
727,268564120614333,0.826931725,0.761213227,0.240972755,0.601504958,0.716707249,-0.139237829,0.324245871,268564.122118838
728,268564153950500,0.832223887,0.752563970,0.246356498,0.594606219,0.720861403,-0.139276474,0.327726104,268564.155455005
729,268564187286791,0.845246381,0.738961716,0.254626756,0.582083573,0.731916182,-0.131840818,0.328778753,268564.188791296
730,268564220623125,0.851300689,0.729362476,0.257762746,0.570041128,0.739926503,-0.126461128,0.334020236,268564.222127630
731,268564253959208,0.857358333,0.720345557,0.260765842,0.556036598,0.749718825,-0.129160903,0.334757374,268564.255463713
732,268564287295666,0.864644938,0.708582434,0.257644955,0.541423101,0.763559052,-0.137965862,0.323734572,268564.288800171
733,268564320631875,0.871674212,0.698608207,0.257966417,0.525617774,0.780050952,-0.133595309,0.312087830,268564.322136380
734,268564353968250,0.879098555,0.687710917,0.257616171,0.505791701,0.795284541,-0.130179967,0.307815665,268564.355472755
735,268564387304500,0.886622791,0.681782617,0.244279812,0.494952888,0.802200881,-0.142044838,0.302189845,268564.388809005
736,268564420640750,0.892751595,0.669993645,0.241998563,0.489552963,0.808110738,-0.134307668,0.298758154,268564.422145255
737,268564453976875,0.898792076,0.657001669,0.239608480,0.475338620,0.816025569,-0.118105615,0.306930912,268564.455481380
738,268564487313208,0.901435341,0.655580094,0.219689630,0.452643772,0.822567503,-0.125238256,0.320642717,268564.488817713
739,268564520649541,0.906646670,0.645493377,0.216958681,0.441546837,0.823618366,-0.125869391,0.332935622,268564.522154046
740,268564553985708,0.911769471,0.634585317,0.213580243,0.426932731,0.828157572,-0.118994990,0.343108911,268564.555490213
741,268564587322083,0.913731774,0.625552546,0.201774452,0.391768394,0.845049514,-0.118236431,0.344135211,268564.588826588
742,268564620658333,0.918863848,0.616614758,0.197608557,0.360435552,0.855888136,-0.131462300,0.346784411,268564.622162838
743,268564653994500,0.923348827,0.608000958,0.193139223,0.338266041,0.864852785,-0.152139634,0.338318386,268564.655499005
744,268564687330750,0.928048374,0.587621523,0.185252359,0.315806772,0.882935682,-0.149937043,0.313384110,268564.688835255
745,268564720667166,0.932485040,0.575109293,0.178043148,0.298345287,0.895465377,-0.136535018,0.300815709,268564.722171671
746,268564754003333,0.936089988,0.561880539,0.172412784,0.287758561,0.900236637,-0.130021717,0.299772271,268564.755507838
747,268564787339583,0.937095416,0.541644344,0.164740797,0.278432865,0.896779733,-0.130996216,0.317964298,268564.788844088
748,268564820675916,0.938908742,0.527393280,0.161436146,0.271479665,0.896993974,-0.119820288,0.327633565,268564.822180421
749,268564854012250,0.940416420,0.513269407,0.158442338,0.263448277,0.902185679,-0.107425976,0.324215542,268564.855516755
750,268564887348375,0.940526717,0.491359006,0.156176998,0.253258494,0.914485575,-0.096686755,0.300379749,268564.888852880
751,268564920684791,0.943118932,0.476777727,0.151915062,0.246731509,0.922667014,-0.086847364,0.283313841,268564.922189296
752,268564954020916,0.945916701,0.462235855,0.147922131,0.237230512,0.929712251,-0.071820123,0.272394453,268564.955525421
753,268564987357166,0.941081398,0.446681741,0.142470143,0.224570786,0.934809413,-0.049061177,0.270725648,268564.988861671
754,268565020693458,0.942047272,0.432355819,0.140481293,0.220585461,0.937978050,-0.042145073,0.264127013,268565.022197963
755,268565054029750,0.943047848,0.418250746,0.138211433,0.217252989,0.941183181,-0.037600090,0.256050082,268565.055534255
756,268565087366000,0.941992628,0.405430661,0.138142108,0.207249474,0.946616854,-0.033871046,0.244575127,268565.088870505
757,268565120702250,0.942910090,0.393687301,0.136599521,0.194499575,0.949832773,-0.034962428,0.242415552,268565.122206755
758,268565154038416,0.943714314,0.383108043,0.135531982,0.178540909,0.951394565,-0.034389458,0.248573822,268565.155542921
759,268565187374791,0.942160642,0.374910378,0.129078413,0.157286791,0.951637925,-0.033843942,0.261726510,268565.188879296
760,268565220710958,0.942724726,0.366498307,0.129120630,0.139454795,0.950519510,-0.041938421,0.274419830,268565.222215463
761,268565254047291,0.943771328,0.357617346,0.128718237,0.118037111,0.949468954,-0.057511043,0.285076268,268565.255551796
762,268565287383583,0.944893373,0.357823198,0.129803242,0.104903648,0.950806511,-0.064308399,0.284300346,268565.288888088
763,268565320719750,0.945912399,0.353747445,0.128250791,0.092027435,0.950718995,-0.068666384,0.288009243,268565.322224255
764,268565354056083,0.945936619,0.349645463,0.125953404,0.078984248,0.948229652,-0.072245246,0.299002831,268565.355560588
765,268565387392333,0.940696480,0.367462598,0.130966824,0.070919618,0.945225445,-0.074568920,0.309772165,268565.388896838
766,268565420728666,0.938521159,0.366748877,0.128449366,0.064585605,0.943620250,-0.071054396,0.316797806,268565.422233171
767,268565454064875,0.933818691,0.366985165,0.122686211,0.052865501,0.942327672,-0.064723255,0.324090653,268565.455569380
768,268565487401208,0.926492827,0.374609559,0.119953646,0.044003135,0.940777185,-0.062095550,0.330372832,268565.488905713
769,268565520737375,0.920698283,0.376167308,0.112552122,0.037454333,0.939897125,-0.053632798,0.335133023,268565.522241880
770,268565554073666,0.912358345,0.377940724,0.101063569,0.032780760,0.940684323,-0.047993071,0.334268072,268565.555578171
771,268565587409875,0.901468579,0.387741137,0.095471925,0.028396461,0.941845288,-0.043590284,0.331995535,268565.588914380
772,268565620746250,0.894954155,0.389416018,0.085327114,0.022012180,0.942522366,-0.037292137,0.331325222,268565.622250755
773,268565654082375,0.885469185,0.391524073,0.072617718,0.015414906,0.940967399,-0.037076722,0.336107280,268565.655586880
774,268565687418666,0.873878668,0.391054403,0.062507917,0.010000494,0.939675030,-0.029215941,0.340671852,268565.688923171
775,268565720754875,0.866153822,0.390785601,0.053205815,0.004124918,0.939215438,-0.016328325,0.342915129,268565.722259380
776,268565754091250,0.855586115,0.388836114,0.041150244,-0.005377304,0.938179378,-0.001604562,0.346104056,268565.755595755
777,268565787427458,0.849429971,0.379649248,0.030729101,-0.013723399,0.936215838,0.007658168,0.351074035,268565.788931963
778,268565820763708,0.841612657,0.376466839,0.021288688,-0.022997376,0.934568947,0.013885353,0.354766478,268565.822268213
779,268565854099958,0.831362019,0.371315641,0.008145099,-0.034368025,0.936357167,0.005669521,0.349316483,268565.855604463
780,268565887436250,0.823772587,0.362363032,-0.003304869,-0.042942313,0.938229870,0.003063852,0.343323951,268565.888940755
781,268565920772458,0.816256676,0.357557412,-0.013368809,-0.051049701,0.937863852,0.005928600,0.343176673,268565.922276963
782,268565954108791,0.804592174,0.350353427,-0.025122682,-0.059313264,0.937450754,0.015282873,0.342687187,268565.955613296
783,268565987445083,0.803183810,0.343011804,-0.035654341,-0.069595191,0.938396204,0.024931803,0.337561152,268565.988949588
784,268566020781333,0.793819812,0.337314160,-0.044472616,-0.080274417,0.936983358,0.039893734,0.337678470,268566.022285838
785,268566054117500,0.779945987,0.329760343,-0.055462685,-0.093292427,0.934237600,0.051010355,0.340432998,268566.055622005
786,268566087453750,0.776491826,0.324296491,-0.063710218,-0.104404208,0.932777284,0.052307799,0.341013559,268566.088958255
787,268566120790041,0.766799941,0.319414174,-0.071936099,-0.114350640,0.930128387,0.050247035,0.345340996,268566.122294546
788,268566154126208,0.753786170,0.314260491,-0.082859675,-0.122930807,0.926204039,0.052817046,0.352483345,268566.155630713
789,268566187462541,0.745636804,0.311580859,-0.094332664,-0.128152821,0.926099179,0.064249214,0.348983176,268566.188967046
790,268566220798833,0.736272659,0.309256068,-0.103976331,-0.137209026,0.928502582,0.069947034,0.337881790,268566.222303338
791,268566254135041,0.724424197,0.307298236,-0.117424013,-0.151683107,0.929876925,0.072054302,0.327306234,268566.255639546
792,268566287471291,0.713778226,0.308393158,-0.126920859,-0.163418842,0.926129265,0.077081444,0.331115344,268566.288975796
793,268566320807583,0.705285251,0.306954485,-0.134681650,-0.175810974,0.921802171,0.081319586,0.335795232,268566.322312088
794,268566354266625,0.695338702,0.304176622,-0.143540528,-0.195931782,0.916979911,0.080669244,0.338010513,268566.359463346
795,268566387572291,0.686925706,0.306021799,-0.154619581,-0.218511805,0.912219056,0.085882044,0.335757818,268566.392769012
796,268566420908291,0.681209758,0.304218782,-0.160621278,-0.234105217,0.909036091,0.083668301,0.334436543,268566.426105012
797,268566454244291,0.676964459,0.302292779,-0.166407348,-0.248534195,0.907026057,0.078051664,0.330820915,268566.459441012
798,268566487580333,0.675045903,0.301750435,-0.175452518,-0.266196834,0.904092592,0.063333566,0.328244945,268566.492777054
799,268566520916416,0.674882328,0.299154284,-0.180858258,-0.277504210,0.902059245,0.049071399,0.326913724,268566.526113137
800,268566554252375,0.676269415,0.296198022,-0.185967702,-0.285125882,0.899973403,0.036510395,0.327747082,268566.559449096
801,268566587588416,0.680859179,0.294939853,-0.187225625,-0.298851357,0.896163468,0.035716083,0.326041898,268566.592785137
802,268566620924583,0.684598394,0.291559453,-0.190742420,-0.308505242,0.892612970,0.039439117,0.326360554,268566.626121304
803,268566654260416,0.688987752,0.287550133,-0.193841284,-0.317564348,0.887844248,0.049824937,0.329246115,268566.659457137
804,268566687596416,0.707905280,0.287890187,-0.191665876,-0.331587093,0.880868718,0.060545161,0.332347166,268566.692793137
805,268566720932541,0.715845326,0.283134584,-0.194202993,-0.339509006,0.875527456,0.066618858,0.337264421,268566.726129262
806,268566754268625,0.725446095,0.278435382,-0.197353114,-0.347801907,0.869551988,0.075008782,0.342471764,268566.759465346
807,268566787604500,0.744185459,0.272970601,-0.191371438,-0.362001762,0.859814517,0.087645174,0.349273671,268566.792801221
808,268566820940500,0.755896630,0.267146284,-0.194880787,-0.371230948,0.851997225,0.093836566,0.357047707,268566.826137221
809,268566854276583,0.768560368,0.260572976,-0.199321641,-0.377599950,0.845767898,0.098093029,0.363968064,268566.859473304
810,268566887612541,0.793702015,0.248191078,-0.207623058,-0.382525609,0.841446063,0.102307325,0.367662815,268566.892809262
811,268566920948666,0.808111914,0.240082166,-0.214056870,-0.387116717,0.839188338,0.102849948,0.367866175,268566.926145387
812,268566954284666,0.822611423,0.231955002,-0.221008155,-0.390999695,0.838422889,0.099051685,0.366544832,268566.959481387
813,268566987620666,0.842550326,0.220796198,-0.237518447,-0.391156267,0.838582660,0.083699175,0.369824822,268566.992817387
814,268567020956666,0.855872046,0.213844864,-0.244634894,-0.388385513,0.839576938,0.071218469,0.373088784,268567.026153387
815,268567054292666,0.867901064,0.207685441,-0.251186014,-0.386884481,0.840316591,0.063376034,0.374395455,268567.059489387
816,268567087628708,0.880616394,0.196200102,-0.259995947,-0.388142063,0.839603380,0.062641589,0.374817271,268567.092825429
817,268567120964666,0.888898403,0.190683089,-0.265930326,-0.393900971,0.837949801,0.069602996,0.371264908,268567.126161387
818,268567154300708,0.895364936,0.185142934,-0.271615470,-0.396807287,0.839316014,0.074008784,0.364163917,268567.159497429
819,268567187636791,0.901259645,0.178118639,-0.277518748,-0.392248590,0.844063160,0.067485709,0.359366329,268567.192833512
820,268567220972750,0.906342473,0.174459374,-0.283368556,-0.398868437,0.841400916,0.071073245,0.357627062,268567.226169471
821,268567254308666,0.908676375,0.170891673,-0.288651588,-0.408374445,0.836278102,0.075836452,0.357935936,268567.259505387
822,268567287644833,0.903625787,0.165687580,-0.293975471,-0.413756653,0.833130864,0.076417213,0.358969160,268567.292841554
823,268567320980708,0.904282327,0.162459379,-0.298843609,-0.413753054,0.832275451,0.076045654,0.361030602,268567.326177429
824,268567354316708,0.904589621,0.158694422,-0.304804510,-0.412361317,0.831098981,0.078954500,0.364690098,268567.359513429
825,268567387652791,0.895287175,0.156683954,-0.309540598,-0.417568003,0.827548342,0.087795128,0.364818823,268567.392849512
826,268567420988875,0.892121429,0.154273676,-0.313620644,-0.419738000,0.825846952,0.092125482,0.365116106,268567.426185596
827,268567454324916,0.887194972,0.151328719,-0.319259721,-0.412616379,0.829538551,0.089654278,0.365480067,268567.459521637
828,268567487660791,0.877560241,0.151787932,-0.323032751,-0.401542292,0.835528532,0.089441489,0.364219895,268567.492857512
829,268567520996833,0.874381611,0.150062789,-0.327214318,-0.387435309,0.843542883,0.090819943,0.360667543,268567.526193554
830,268567554332875,0.869746390,0.148144395,-0.332619831,-0.374666833,0.850700933,0.095990472,0.355975518,268567.559529596
831,268567587668875,0.859573152,0.152907690,-0.337978312,-0.363087480,0.856069360,0.088017741,0.357163357,268567.592865596
832,268567621004958,0.854338947,0.152761236,-0.342842522,-0.348344893,0.864474390,0.079953620,0.353478904,268567.626201679
833,268567654340833,0.847142319,0.154171349,-0.349850640,-0.337624561,0.872389547,0.074306606,0.345578811,268567.659537554
834,268567687676875,0.833622836,0.161381729,-0.351006098,-0.329888217,0.876748409,0.067799442,0.343350085,268567.692873596
835,268567721012916,0.825052132,0.164023895,-0.355385625,-0.322029745,0.881058476,0.060984363,0.341048040,268567.726209637
836,268567754349000,0.812980388,0.168075969,-0.360680704,-0.311105523,0.887206143,0.055720452,0.336115898,268567.759545721
837,268567787684916,0.804270594,0.181187039,-0.367422717,-0.299756191,0.892651821,0.056487329,0.331855673,268567.792881637
838,268567821020916,0.794603948,0.185205636,-0.370370801,-0.290985692,0.897005675,0.058983911,0.327458544,268567.826217637
839,268567854357000,0.780820355,0.191728112,-0.373225629,-0.284280190,0.899693509,0.058774277,0.326009204,268567.859553721
840,268567887693000,0.770121843,0.204668610,-0.376243482,-0.276970419,0.902883465,0.054185490,0.324272758,268567.892889721
841,268567921029041,0.759463701,0.210942852,-0.377977039,-0.269048617,0.906576066,0.052816977,0.320847468,268567.926225762
842,268567954365125,0.746118535,0.219951342,-0.379648749,-0.255885770,0.910306321,0.051576095,0.321255092,268567.959561846
843,268567987701000,0.737318071,0.231317303,-0.380049756,-0.247575381,0.912995708,0.051290228,0.320179065,268567.992897721
844,268568021037083,0.728106041,0.239337727,-0.380899451,-0.238361604,0.915078329,0.051067765,0.321259295,268568.026233804
845,268568054373041,0.716500760,0.250903935,-0.381867831,-0.224492188,0.915898916,0.046388745,0.329515662,268568.059569762
846,268568087709041,0.709648417,0.260959351,-0.383539033,-0.213101869,0.917086450,0.041828977,0.334350755,268568.092905762
847,268568121045083,0.702092353,0.271260534,-0.385580676,-0.200568892,0.919017132,0.040311358,0.336978749,268568.126241804
848,268568154381166,0.693063964,0.285748474,-0.389262236,-0.184689129,0.921100333,0.038961748,0.340508647,268568.159577887
849,268568187717125,0.687251340,0.295379008,-0.389850278,-0.171756823,0.922689505,0.042156225,0.342588058,268568.192913846
850,268568221053166,0.681011343,0.307528951,-0.393820281,-0.157311805,0.925724275,0.046490185,0.340773060,268568.226249887
851,268568254388958,0.673673444,0.324320624,-0.401087118,-0.133650460,0.930782651,0.056886393,0.335477573,268568.259585679
852,268568287725041,0.670172520,0.334542478,-0.403095641,-0.111416902,0.933399591,0.072781220,0.333248292,268568.292921762
853,268568321061208,0.665778576,0.346576557,-0.409541550,-0.088352045,0.933939678,0.088168196,0.334928376,268568.326257929
854,268568354397166,0.659474551,0.362950072,-0.418588033,-0.066487333,0.934198473,0.100406532,0.335814277,268568.359593887
855,268568387733166,0.654606626,0.376009977,-0.426092954,-0.051871254,0.935723668,0.101565607,0.333788961,268568.392929887
856,268568421069250,0.649294952,0.389201258,-0.434014544,-0.039828411,0.935116607,0.097262283,0.338394342,268568.426265971
857,268568454405208,0.641407498,0.405732446,-0.445318945,-0.025196621,0.937143412,0.099011377,0.333652748,268568.459601929
858,268568487741166,0.633777439,0.418579646,-0.455789669,-0.017390747,0.937187657,0.109403853,0.330768361,268568.492937887
859,268568521077208,0.624043850,0.431219170,-0.467353857,-0.015057587,0.936982498,0.104645820,0.332996055,268568.526273929
860,268568554413125,0.615498179,0.439418428,-0.475624940,-0.011565364,0.938039723,0.091246543,0.334098551,268568.559609846
861,268568587749083,0.605459996,0.447977908,-0.484645110,-0.006770510,0.939160400,0.079089661,0.334180762,268568.592945804
862,268568621085208,0.593310795,0.455446896,-0.495723660,-0.005442619,0.939939970,0.069599834,0.334124449,268568.626281929
863,268568654421166,0.583541638,0.459087682,-0.503021808,-0.007684584,0.938947635,0.064918889,0.337792655,268568.659617887
864,268568687757208,0.574160245,0.461449090,-0.512587350,-0.010043520,0.937470919,0.057610126,0.343115914,268568.692953929
865,268568721093166,0.559547980,0.462581686,-0.521755413,-0.015471644,0.933030343,0.052146881,0.355662430,268568.726289887
866,268568754429125,0.548121194,0.462109904,-0.528564546,-0.017218030,0.925642510,0.049480368,0.374754893,268568.759625846
867,268568787765125,0.535418220,0.456525116,-0.533078953,-0.012324391,0.915736467,0.038629943,0.399728173,268568.792961846
868,268568821101208,0.517354832,0.451216084,-0.544292247,-0.005599977,0.907896068,0.028255546,0.418204551,268568.826297929
869,268568854437166,0.503491682,0.446663932,-0.555657329,0.001758966,0.908461313,0.023990226,0.417276252,268568.859633887
870,268568887773166,0.487786425,0.440783227,-0.565472723,0.008870527,0.908262854,0.018401731,0.417901103,268568.892969887
871,268568921109208,0.466956100,0.433781738,-0.582551374,0.010388648,0.909877820,0.017275447,0.414386343,268568.926305929
872,268568954445083,0.449998593,0.428914460,-0.594975152,0.006840081,0.910684569,0.018643085,0.412624912,268568.959641804
873,268568987781125,0.433616094,0.421822315,-0.606252109,0.005841172,0.909966629,0.015650983,0.414344923,268568.992977846
874,268569021117208,0.410680176,0.413899165,-0.620206687,0.008286780,0.912186836,0.011106219,0.409540243,268569.026313929
875,268569054453208,0.394451763,0.407726282,-0.629673441,0.008985426,0.913177330,0.009909842,0.407342945,268569.059649929
876,268569087789208,0.376549186,0.401912648,-0.638050026,0.002604582,0.912082728,0.007954681,0.409920834,268569.092985929
877,268569121125166,0.354643273,0.395716473,-0.646742692,-0.012746773,0.909422243,0.000747279,0.415677998,268569.126321887
878,268569154461250,0.338593790,0.391902634,-0.652916993,-0.025929233,0.906523514,-0.003615007,0.421342827,268569.159657971
879,268569187797208,0.321576281,0.388683034,-0.659584746,-0.032759408,0.903917578,-0.006150786,0.426405974,268569.192993929
880,268569221133166,0.302465725,0.382266024,-0.669020477,-0.034149071,0.899906419,-0.016214271,0.434441513,268569.226329887
881,268569254469208,0.289299418,0.377675847,-0.676791484,-0.032530022,0.895430795,-0.019635208,0.443576376,268569.259665929
882,268569287805250,0.275485233,0.378357011,-0.686462926,-0.036183634,0.891337998,-0.012716346,0.451714142,268569.293001971
883,268569321141125,0.256999945,0.374888394,-0.697006810,-0.045324345,0.889155546,0.003144294,0.455344140,268569.326337846
884,268569354477166,0.242812195,0.373778494,-0.704687904,-0.055121232,0.888976669,0.009963138,0.454513939,268569.359673887
885,268569387813166,0.230847856,0.376548857,-0.712858596,-0.059408932,0.889177897,0.007642171,0.453624180,268569.393009887
886,268569421149250,0.212734658,0.377699925,-0.723373344,-0.060996981,0.891333209,0.004203069,0.449206930,268569.426345971
887,268569454485166,0.199499413,0.378772232,-0.730948810,-0.061754819,0.891626608,0.005515920,0.448506367,268569.459681887
888,268569487821125,0.185725914,0.382951736,-0.737173785,-0.067612984,0.889772158,0.016324098,0.451073795,268569.493017846
889,268569521157125,0.166408279,0.384960378,-0.746005562,-0.075881462,0.885671455,0.040061080,0.456314848,268569.526353846
890,268569554493250,0.151009687,0.386464114,-0.752386738,-0.079020635,0.883453644,0.058701188,0.458060719,268569.559689971
891,268569587829083,0.134861877,0.390465853,-0.762037979,-0.078455806,0.881146294,0.071659869,0.460750270,268569.593025804
892,268569621165166,0.119979342,0.393688445,-0.766985803,-0.077910073,0.880672560,0.077914256,0.460733420,268569.626361887
893,268569654501208,0.105447272,0.397702159,-0.771422326,-0.077827673,0.880636283,0.084353110,0.459681626,268569.659697929
894,268569687837250,0.088888599,0.402974749,-0.776953562,-0.079446132,0.878718007,0.095813470,0.460828393,268569.693033971
895,268569721173208,0.074462552,0.406308259,-0.779774264,-0.078071050,0.877785535,0.100580073,0.461823741,268569.726369929
896,268569754509291,0.060461452,0.408967105,-0.782399697,-0.077663188,0.876840704,0.103322954,0.463080154,268569.759706012
897,268569787845208,0.045788803,0.412656131,-0.784541512,-0.077664024,0.877515047,0.102262752,0.462036821,268569.793041929
898,268569821181166,0.032814887,0.413224646,-0.788557053,-0.070559686,0.880102563,0.096442055,0.459499502,268569.826377887
899,268569854517166,0.020672068,0.412518112,-0.793157181,-0.059952417,0.883724647,0.089124868,0.455514288,268569.859713887
900,268569887853333,0.003019278,0.412624376,-0.794594818,-0.053753700,0.886285176,0.090026147,0.451114701,268569.893050054
