ms_since_push,fed_t_at_drain,kind,frame_id,is_keyframe,recording_frame,t_ns,engine_t,engine_t_hex,tx,ty,tz,qx,qy,qz,qw,body_tx,body_ty,body_tz,body_qx,body_qy,body_qz,body_qw,vx,vy,vz,bgx,bgy,bgz,bax,bay,baz
217.664,268541.152618005,1,1,1,2,268539951998500,268539.95250300504,411063efcf5cf2a0,0.00022920510574854782,-0.025432025929875625,-0.0046784183687402069,-0.039414539671666526,0.89846861453257942,0,0.43726507885645416,-6.9974157169254409e-05,0.0077640587109668114,0.0014282584684081579,0.30919309420900359,-0.30919309420900359,-0.60744294557831491,0.66318352065363106,0.026702879419309412,0.053703376176938086,-0.016103833298185474,-0.0046317786770376937,-0.0060930885988206562,0.004476305870596109,0.00064766734877797264,-0.073696222109112142,-0.078616074551157572
188.158,268541.152618005,1,6,1,7,268540118681041,268540.11918554606,411063f07a0bc69a,0.0036517108692635872,-0.015709362464219542,-0.0065183203396200328,-0.035568231640961956,0.89859133533228253,0.0037245647472275989,0.43732675860688425,0.0034758680744378725,0.017424469482351483,-7.7884654474419282e-05,0.31187037329729528,-0.30660304345797312,-0.61024947270435004,0.66055054694230386,0.015167065650475821,0.059150985468038375,-0.0082159191754191674,-0.0046317462686621871,-0.006093130535817828,0.0044764244501158297,0.00061753636403990696,-0.073714732776904185,-0.078612487224975783
160.994,268541.152618005,1,11,1,12,268540285363833,268540.28586833808,411063f124baab6c,0.0047079022646690158,-0.0051075098738364126,-0.0087253981843198967,-0.035212855175328128,0.89868260185181326,0.003377874959021393,0.43717076655752951,0.0045656223076586434,0.02802855777842372,-0.0022956447733971774,0.31151492357063382,-0.30673788711868427,-0.61056529697952633,0.66036379301340431,0.0031574868918415851,0.069350533832701164,-0.02755849425022288,-0.0046318195125802627,-0.0060932375627312909,0.0044766149054320378,0.00046304408216353072,-0.073634843720182766,-0.078578932540078444
132.388,268541.152618005,1,16,1,17,268540452046416,268540.45255092107,411063f1cf698237,0.0046137376452164997,0.0087404472926093449,-0.019260893788527394,-0.037486225981927468,0.89306351195806144,0.012889225858891823,0.44818106557506876,0.0038896569761872868,0.04176451093748626,-0.0123148244302171,0.32602592100228744,-0.30779780346913427,-0.6049844846465442,0.65799801242187805,-0.014061920711878832,0.094711083094695503,-0.10784280440067517,-0.0046318713446735155,-0.0060932831313342678,0.0044768087859038434,0.00018688712033703187,-0.073328908416642594,-0.078493204458285587
106.291,268541.152618005,1,21,1,22,268540618729041,268540.61923354608,411063f27a185bd4,0.0058204948544282702,0.026133143469889986,-0.046399837426317911,-0.038261049007225156,0.89112347008567538,0.018203452310409984,0.45177841994477091,0.0048366458939993542,0.059087242239688878,-0.039159646305912212,0.33232736006440672,-0.30658379160995264,-0.60306478531846264,0.65717407829545726,-0.0037630415866376603,0.10136342302923676,-0.16750168355148132,-0.0046317594591121555,-0.0060933293051214643,0.0044769756616052639,-0.00015252084077158428,-0.072986648339303281,-0.078388562658228703
80.690,268541.152618005,1,26,1,27,268540785411625,268540.78591613006,411063f324c732b0,0.0056492695246563428,0.044632979563570638,-0.072102963660846411,-0.032892495732699922,0.89265130397878789,-0.010198891950722877,0.4494304941199489,0.0058567114384112089,0.077898960222502339,-0.066385232413349787,0.31058363614182893,-0.32500704707596628,-0.60794126732064235,0.65445827964848291,0.018454309055567872,0.13395964284812784,-0.14825613388317238,-0.0046316773987701131,-0.006093366295017528,0.0044771364757720507,-0.00056375009157972982,-0.072773476893889355,-0.078309284863274042
54.719,268541.152618005,1,31,1,32,268540952094416,268540.95259892108,411063f3cf761771,0.011961567985184484,0.065325919097443313,-0.095368165911091221,-0.048278581604500492,0.88524637372597947,-0.0051993714754497433,0.46258086440318896,0.010913761659676275,0.098601795182866339,-0.089802276528575892,0.32341754663350658,-0.33077056809426714,-0.59182558569757704,0.66010180875822433,0.037040633464147953,0.11172883841325149,-0.12511631753862973,-0.0046315895156259553,-0.0060931684799138477,0.0044772243095897212,-0.00078862559343614543,-0.072693402319248784,-0.078282602246417157
29.263,268541.152618005,1,36,1,37,268541118776916,268541.11928142107,411063f47a24e8aa,0.016669181611282474,0.075227748748647766,-0.11487249108743867,-0.043673318428962826,0.87931432306217061,-0.0011263033113876608,0.47423385282838049,0.015595605575039544,0.10843532156101333,-0.10891719979544937,0.33453754759322973,-0.33613038096916059,-0.59088740529238848,0.65265080288517474,0.008656899863109295,0.014681524847442097,-0.11290492114531776,-0.004631589504958766,-0.0060931684706066061,0.0044772243205921216,-0.00078862558554988955,-0.072693401592314785,-0.078282601463591159
5.916,268541.252627505,1,39,0,40,268541218786500,268541.21929100505,411063f4e08dd23c,0.016364518508370503,0.07570924522801821,-0.12564909711503089,-0.040070657848372104,0.87421008335329797,-0.00062063047650356973,0.48389124870502709,0.015338449027838673,0.1088914935801753,-0.1195461037770459,0.34172392220561554,-0.34260162621935658,-0.58982562853654197,0.64649409481118691,-0.015487772452785299,-0.0057027545108989629,-0.094918440012275535,-0.0046315794763266485,-0.0060931800766480804,0.0044772255822007707,-0.00076887856963503052,-0.072677823700004959,-0.078280798561860404
6.191,268541.352637130,1,42,0,43,268541318796083,268541.31930058805,411063f546f6bbbd,0.012791986883992327,0.073519632261505707,-0.13374353653433985,-0.036405236398333762,0.86314876832656506,-0.0009293484559460552,0.50363483996149738,0.011679644379962792,0.10667990785178456,-0.1275371068926629,0.35546645252566605,-0.356780749681267,-0.58459594217466948,0.63608071986077541,-0.042139377382856065,-0.049673204791503375,-0.067566199304151392,-0.0046315596823855686,-0.0060932046935370044,0.0044772251662647203,-0.00072393487319928965,-0.072643886483719056,-0.07827804413512604
6.703,268541.452646630,1,45,0,46,268541418805625,268541.41931013006,411063f5ad5fa27e,0.0088830771642521393,0.066463319185923173,-0.1401886871019869,-0.029367354542472135,0.84935769704198916,0.0055499190107053398,0.52697088399090897,0.0075727103096274416,0.099499343878329885,-0.13338685182056506,0.37654906090679247,-0.36870029038060703,-0.57982071626203924,0.62135242624201981,-0.014668877462693479,-0.1028336884483243,-0.057760032328138665,-0.0046315395385332298,-0.0060932328015695101,0.0044772225597771581,-0.00064258289948795812,-0.072586550900841734,-0.078274927262453192
6.188,268541.552656171,1,48,0,49,268541518815083,268541.51931958809,411063f613c8839c,0.0099785321652400213,0.055993197134504367,-0.14474406807643403,-0.03973674605147598,0.84529132371500526,0.0035362955847232369,0.53281433622922791,0.0080552897487953974,0.089095471829517367,-0.13842730461797759,0.37925715875872718,-0.37425608171531133,-0.56961308932648447,0.62580933302188657,0.019277020811597174,-0.12245171989816679,-0.050556457022870302,-0.0046315212214357408,-0.0060932589645783701,0.0044772182448977764,-0.00052741539125385239,-0.07250401363110387,-0.078276268782869057
299.149,268541.652665588,2,1,1,2,268539951998500,268539.95250300504,411063efcf5cf2a0,0.00022920510574854782,-0.025432025929875625,-0.0046784183687402069,-0.039414539671666526,0.89846861453257942,0,0.43726507885645416,-6.9974157169254409e-05,0.0077640587109668114,0.0014282584684081579,0.30919309420900359,-0.30919309420900359,-0.60744294557831491,0.66318352065363106,0.032394237965079405,0.064480195076347002,-0.01150322889629812,-0.00094929236553514861,-0.0037382340068247734,0.0032150791127914186,0.0032975308446650574,-0.045612022925693073,-0.068539233470611263
269.643,268541.652665588,2,6,1,7,268540118681041,268540.11918554606,411063f07a0bc69a,0.0042542246875399356,-0.013834607153747361,-0.0062791428272759497,-0.035642628479960414,0.89865822891013858,0.0035070513044105356,0.43718502313180962,0.0040822900417429864,0.019302236548167359,0.00014588479282416896,0.31161634595807886,-0.30665662657140269,-0.61024416709765639,0.66065045435152014,0.016306256538234247,0.070352522999677272,-0.0094130151032452668,-0.00094925940739368133,-0.0037382218995612097,0.003215087197892545,0.0033219652817581798,-0.045668530863908,-0.068528521737711817
242.512,268541.652665588,2,11,1,12,268540285363833,268540.28586833808,411063f124baab6c,0.0056977862832485009,-0.001175113977366915,-0.0093538058273032569,-0.03537237030264978,0.89882369297567721,0.0029664008801353614,0.43687071090087548,0.0055622477744907105,0.031966745517496988,-0.0029538268818735973,0.31101179608300389,-0.30681667183849748,-0.61055226924209138,0.6605763537264292,0.0053852654913808459,0.082738836226640314,-0.036986380467992422,-0.00094921324304366806,-0.0037382103893520997,0.0032151047457422825,0.0033483676278471069,-0.04574919047337344,-0.068501041631225168
213.906,268541.652665588,2,16,1,17,268540452046416,268540.45255092107,411063f1cf698237,0.005853106627021252,0.015095209322057407,-0.022276147453177637,-0.037731601054645347,0.89322991861652778,0.012550370633380242,0.4478383415693763,0.0051297605526016326,0.048125106443754541,-0.015357793707283643,0.32554397171881005,-0.3077950678285063,-0.60492864554681303,0.65828918606862008,-0.005857944432960319,0.1111591987631832,-0.13017134995314844,-0.0009491860707411294,-0.0037382057691628359,0.0032151187073858412,0.0033996043631593967,-0.045881507565379683,-0.068454644947685842
187.810,268541.652665588,2,21,1,22,268540618729041,268540.61923354608,411063f27a185bd4,0.0075841542286711437,0.03508324341420907,-0.052341872628296045,-0.038342520276272107,0.89126678101817003,0.01785089645931992,0.45150279611587307,0.0066103195244188416,0.068042777024846762,-0.045125104507825614,0.33188316996470191,-0.30663819076308779,-0.6031085125626694,0.65733302331022847,-0.0040151793456793235,0.117180602555049,-0.18175359591910234,-0.00094917325792593602,-0.0037382010817899438,0.0032151259156870129,0.0034450598230640235,-0.046006487810446459,-0.068396853824720702
22.291,268541.652665588,1,51,1,52,268541618824541,268541.61932904605,411063f67a3164b9,0.021392058704583206,0.077547563844092671,-0.1823609852430943,-0.0441986985713132,0.83955964305929642,0.0072391021967857516,0.54141825735988403,0.018946536066348562,0.11060976160527311,-0.17601500618600022,0.38795932916828813,-0.37772169293457392,-0.56240510237490515,0.62491149967063642,0.017971763635457914,-0.1248944979873009,-0.11075635006243133,-0.0009491771501727057,-0.0037382010206225683,0.0032151292536727965,0.0036008884617127687,-0.046215658438375204,-0.068228379987580703
178.784,268541.752675130,2,26,1,27,268540785411625,268540.78591613006,411063f324c732b0,0.0061422292663955748,0.05557839163416569,-0.081578654006933926,-0.033856190075743364,0.89265407450218359,-0.010623150856365116,0.44934359186102601,0.006306032232856397,0.088853892327812586,-0.07591515913698979,0.31022219062570244,-0.32524559424219307,-0.607261791589644,0.65514167349113805,0.026875496808417682,0.14898936321345094,-0.16330241346253188,0.00071457926966352774,-0.002923697990266194,0.0017722604316578086,0.016896219455579599,-0.039579247771377113,-0.048975899508987203
9.591,268541.752675130,1,54,1,55,268541718834083,268541.71933858807,411063f6e09a4b7a,0.027004605287355696,0.069790699007827486,-0.20174025021267894,-0.042488864801860982,0.84046404957439869,0.0024528871272692099,0.54019340453033382,0.024844123699255212,0.10291097071282732,-0.1955968901010571,0.38370886240777419,-0.38023995625771423,-0.5642536493585818,0.62434197661248603,0.080532341803511459,-0.094053484215724154,-0.2419717792737113,0.0007130128705806583,-0.0029241752466446914,0.0017704885402395347,0.021809446519234152,-0.040995383397263274,-0.047668988196812027
168.909,268541.852684505,2,31,1,32,268540952094416,268540.95259892108,411063f3cf761771,0.014066921388461598,0.079047137604427581,-0.10733477205012648,-0.049384568979812915,0.88550445959825042,-0.0052302769887097311,0.46196938620799333,0.012963322300321186,0.1123272644757012,-0.10180519915059906,0.3229633127692193,-0.33036004122482138,-0.5912260288109501,0.66106635417596271,0.049690849535193732,0.12552967895277489,-0.14396530520790798,0.00085017449487190928,-0.0027650565054845029,0.0012929379282189562,0.022179845874488451,-0.03643223043780637,-0.045530406840744879
9.608,268541.852684505,1,57,1,58,268541818843500,268541.81934800505,411063f7470329d7,0.034534583886555677,0.063051785973686464,-0.2276841829097096,-0.045152728089818628,0.84667923583641613,0.004775300756310219,0.5301629489738755,0.032305241654605667,0.096156889941041185,-0.22148393481063497,0.37825845383624213,-0.37150515892193747,-0.56676481384891042,0.63062041259271917,0.075778733556573136,-0.060302505921996964,-0.25489476350801377,0.00084932404441134216,-0.0027658319919822874,0.0012911230241973107,0.027573456417808628,-0.034921543348887897,-0.044344814513792713
159.385,268541.952693880,2,36,1,37,268541118776916,268541.11928142107,411063f47a24e8aa,0.020599413841735525,0.092061205750402803,-0.13003310095751119,-0.044025363522172289,0.87952651415421035,-0.0023515236915497839,0.47380312558624244,0.019549562081248358,0.12528431256434011,-0.12416079843828461,0.33336661583136568,-0.33669217243971644,-0.59078851358241635,0.65304977810734,0.016081735882556965,0.040809999125083297,-0.13472558489821129,0.00072199385348822853,-0.0025131493377058833,0.001075259422581693,0.025715205131400472,-0.032980209579993022,-0.043989717892646676
123.277,268541.952693880,2,39,0,40,268541218786500,268541.21929100505,411063f4e08dd23c,0.01635965649363004,0.075720138611147667,-0.12565559826597641,-0.040070433546131712,0.8742071222511425,-0.00062757912099609126,0.4838966078799562,0.015333737001966361,0.10890246423530008,-0.11955299985743412,0.34172279828093866,-0.34261032916169964,-0.58982369332681484,0.64649184239019775,-0.015593717286175698,-0.0054487497617333276,-0.09508697044881044,-0.0046315602222847677,-0.0060932072544327915,0.0044772190011214824,-0.00064351475698484089,-0.072588943000259004,-0.078277225328163016
110.503,268541.952693880,2,42,0,43,268541318796083,268541.31930058805,411063f546f6bbbd,0.012781279730659149,0.073544953463629409,-0.13375808805932321,-0.036404826676405933,0.86314554376547559,-0.00093657498180288457,0.50364038252730092,0.011669111119851984,0.10670531005903611,-0.12755206006927977,0.35546526178612481,-0.35678977879232937,-0.58459395178286333,0.63607815003467749,-0.042269752298500669,-0.049364139905661998,-0.067759689446143273,-0.0046315385326845156,-0.0060932360300565321,0.0044772177081226772,-0.00056723534666374136,-0.072533465390915541,-0.078276005150124936
97.198,268541.952693880,2,45,0,46,268541418805625,268541.41931013006,411063f5ad5fa27e,0.0088712208682592952,0.066488523637774646,-0.14020326097772604,-0.029366980426452582,0.84935571078860939,0.0055453729815003183,0.52697415407435777,0.0075609768279824279,0.099524603722973407,-0.1334016710808083,0.37654815867691982,-0.36870581720671997,-0.57981957630880987,0.6213507572088558,-0.014768224044887156,-0.10261667885298512,-0.057894807171590471,-0.0046315253176936596,-0.0060932534784884267,0.0044772180412083803,-0.00053634239244609687,-0.072510646940721471,-0.078276129598885233
9.543,268541.952693880,1,60,1,61,268541918852958,268541.91935746308,411063f7ad6c0af5,0.040740314631386908,0.061515097771958759,-0.25060460730041961,-0.043972814702370744,0.84905516407291626,0.0014277191751800866,0.52646912042274718,0.038752684781868343,0.094661541470113006,-0.244544611449514,0.37327942511507967,-0.37126032534800046,-0.56927917350713186,0.63146612278038272,0.089540180705110162,0.013115546123222523,-0.21282046567939061,0.00072207339588860342,-0.0025139671558450987,0.0010737454686861583,0.030164714030268665,-0.031139433726528186,-0.043770491329244224
106.171,268542.052703338,2,48,1,49,268541518815083,268541.51931958809,411063f613c8839c,0.018249123396453792,0.090067782228917592,-0.17438062135300991,-0.040445995686391789,0.84573317407566551,0.0010855744332572415,0.53206991499375955,0.016383189485063426,0.1232037282411292,-0.16822527209559796,0.37699785197018099,-0.37546261792454988,-0.56942400949140481,0.62662328361292619,0.034501137351848024,-0.066225251249596856,-0.095385051080608158,0.00016880637824663369,-0.002225616147478206,0.0010359210768470209,0.028226795396290319,-0.03274913236315237,-0.044429808030821576
15.356,268542.052703338,1,63,1,64,268542018862375,268542.01936688006,411063f813d4e952,0.044849637066092185,0.065778935381583858,-0.27308200230803298,-0.032813674303391549,0.85152337682177037,-0.0013970571627220374,0.52328701775270936,0.04364368043552079,0.098919543387884071,-0.26678861517990154,0.36903192034780835,-0.3710076574821734,-0.57891516707121105,0.62532070906768389,0.087197934979393141,0.063911158251854908,-0.20441135905918864,0.00016923436921912591,-0.0022258674121195406,0.0010357935383299652,0.028593641823675863,-0.032177918390008914,-0.045537993876008161
116.675,268542.152712838,2,51,1,52,268541618824541,268541.61932904605,411063f67a3164b9,0.020962248129112602,0.081621863208695064,-0.18584435939873645,-0.044960088073796423,0.83903710700232748,0.0066728558905481128,0.54217234322704588,0.018481603520526722,0.11469307827953149,-0.17955929074111815,0.38809215179205886,-0.37865530874296338,-0.56149722992943285,0.62508039455717568,0.018192858822256942,-0.10188795845843236,-0.12672094287493596,3.9851430666431447e-05,-0.0022611219936620039,0.00110073985916984,0.027360720781795699,-0.03111910083695911,-0.046643295116508006
17.368,268542.152712838,1,66,1,67,268542118871791,268542.11937629606,411063f87a3dc79e,0.053238369288128452,0.075969467112030148,-0.29500812778648389,-0.021424451799093747,0.85883490163116138,-0.0079733180949598803,0.51174220464638087,0.053089931821064959,0.10912832985674097,-0.28869712630000005,0.35621838635367459,-0.36749436064067043,-0.59213859195815088,0.62243734145270213,0.11735229361592875,0.13297802460095123,-0.1756334872614369,4.0069673516372426e-05,-0.0022610749075952035,0.0011008817762746181,0.02680949682521119,-0.030816646976098195,-0.048002370248568092
105.617,268542.252722171,2,54,1,55,268541718834083,268541.71933858807,411063f6e09a4b7a,0.024589606676884774,0.072918444182717673,-0.20611937111682993,-0.042592477539160234,0.83996719320541313,0.0018299610995969329,0.54095997971250198,0.022432870223847209,0.10604639292696059,-0.20001622014069045,0.38381043769632739,-0.38122248195951797,-0.56382905359293167,0.62406391138126038,0.069266986632140856,-0.084014092246888439,-0.2531591039884924,-0.00023490312494657713,-0.0021377542960297879,0.0011638694777964583,0.025525497047948272,-0.030072518867007687,-0.048557911920552602
11.854,268542.252722171,1,69,1,70,268542218881291,268542.21938579605,411063f8e0a6ab8d,0.062224337790026521,0.097668700969447991,-0.31021067529857244,-0.010130002211837241,0.86345954421021287,-0.013044273603738638,0.50414769532956394,0.06301206308805031,0.13080309937778964,-0.30381911187960053,0.34726255052689725,-0.36570993867779417,-0.60339508967978783,0.61772107581347691,0.11896456300104091,0.30070511304342462,-0.095244866497454617,-0.00023473822093590348,-0.0021374675321428937,0.0011641549407463206,0.02485457486174366,-0.029348011685430619,-0.050248519848468252
106.071,268542.352731671,2,57,1,58,268541818843500,268541.81934800505,411063f7470329d7,0.031044516713213722,0.066499175954992121,-0.23336941816542867,-0.044905224456162574,0.84605494413970894,0.0041639463149356626,0.5311847767743938,0.028833842739416454,0.099610719085399577,-0.22719693211268277,0.37854870232426657,-0.37265999312936754,-0.56649838446154543,0.63000396021921401,0.061631514612346783,-0.056382866448492816,-0.2602855974070033,-0.00050927613048478532,-0.0018712223955426584,0.001238290109164967,0.024173789441357511,-0.030240611192758386,-0.050752837291782538
10.167,268542.352731671,1,72,1,73,268542318890541,268542.31939504604,411063f9470f7eb5,0.071011977280647801,0.13838271181683898,-0.31558692907392383,-0.0029025255278958828,0.86498154118624893,-0.030143508216161463,0.50088914030703813,0.072829855685975803,0.17161225612057721,-0.30994302480153041,0.33286741980905621,-0.37549677681164967,-0.60958190167196313,0.61368669252943464,0.12089205645831329,0.50229423493386849,-0.024520030333684252,-0.00050897572061777807,-0.0018708969292648987,0.0012386758385713463,0.023851757330902005,-0.029506876491769616,-0.05241956837646726
113.428,268542.452740921,2,60,1,61,268541918852958,268541.91935746308,411063f7ad6c0af5,0.035977225682573812,0.064397874339227584,-0.25764390366383461,-0.043503986672325246,0.84817468839585164,0.0010417347149772049,0.52792619665013585,0.034006231984531468,0.097546741794936484,-0.25159173692681214,0.37403680134677886,-0.37256356602366048,-0.56898809467220957,0.63051202100459003,0.070865298197254886,0.011291614042048061,-0.21429169146758306,-0.0010545238178657906,-0.0017822448189723774,0.0014249197923719579,0.024226353406461117,-0.030689498271440675,-0.053979526741435961
17.230,268542.452740921,1,75,1,76,268542418900000,268542.41940450505,411063f9ad785fe4,0.079243269208911671,0.19354633882855674,-0.31874653302175748,0.0088605093615988784,0.86309080752293355,-0.037910394576549183,0.50354603020855426,0.081948827336877458,0.22672248792388422,-0.31314438714830867,0.3292541067572855,-0.38286749949590604,-0.61656267262917874,0.60403202045386539,0.15258042641679428,0.59244102513477936,-0.028944501359466534,-0.0010542393739119405,-0.0017821396905437264,0.0014255732179001986,0.023809845440051613,-0.029983340633298675,-0.0558791236015245
113.253,268542.552750380,2,63,1,64,268542018862375,268542.01936688006,411063f813d4e952,0.040748483532663762,0.06729555014398797,-0.27885764284273945,-0.032201916229154193,0.85073963329922075,-0.0015696766355940417,0.52459765749840859,0.039561907240718494,0.10043484565639441,-0.27255366936473435,0.36983662217844215,-0.37205648010597736,-0.5787935549976797,0.62433394045169344,0.067985412534484646,0.061111292504077645,-0.2057687457391103,-0.001178864225115101,-0.0018165842272081965,0.0016859383031759211,0.025101585563826606,-0.031507411947610441,-0.057532300637667975
9.806,268542.552750380,1,78,1,79,268542518909333,268542.51941383805,411063fa13e1389e,0.08778890829281831,0.25448645891481064,-0.31619994484176273,0.029584956011435237,0.86113451279561448,-0.050610750091957757,0.50498582795725167,0.092067265980278146,0.28750008738270311,-0.31061810438822823,0.3212916902123511,-0.39286609748994727,-0.62983375977083633,0.58799431485044351,0.10879252945023354,0.59210723653277941,0.041391092020860255,-0.0011787038778136223,-0.0018164418478318453,0.001686812208500087,0.024091510857847102,-0.03158012395450225,-0.058965496693152777
108.853,268542.652759838,2,66,1,67,268542118871791,268542.11937629606,411063f87a3dc79e,0.047888215320474485,0.077032541306774976,-0.29927885458177922,-0.020619172319249035,0.85811874919238862,-0.007852865509868634,0.51297704406057354,0.04776177051658663,0.11018478236919496,-0.29293268438099163,0.35717672249135834,-0.3682823511034275,-0.59220161429160312,0.62136152665455746,0.094677339578439421,0.13212342318700687,-0.17469167654932855,-0.0012793145130956926,-0.0019718017824988479,0.0020473256935244284,0.024378751343438788,-0.034316972414187331,-0.061428842997808084
10.315,268542.652759838,1,81,1,82,268542618918791,268542.61942329607,411063fa7a4a19bc,0.097940282179952917,0.30580122604431259,-0.31202533127065613,0.038459124764543606,0.86084628507960803,-0.043233904112931348,0.50556448840342583,0.10245967092429289,0.33865216709497498,-0.30572043242689667,0.32691708260371311,-0.3880590545278006,-0.63590493673950776,0.58151552234758908,0.09921923564983548,0.44806499128787575,0.051245585030609608,-0.0012792994706394617,-0.0019713588707074036,0.0020483145943571797,0.021975652017367564,-0.034882759225900339,-0.062590638067278964
102.309,268542.752769130,2,69,1,70,268542218881291,268542.21938579605,411063f8e0a6ab8d,0.055911174775282874,0.097666271911297481,-0.31163346575598727,-0.0092362798352250697,0.86281132676100913,-0.012259706516782709,0.50529304206204451,0.056705428303326484,0.13078556239436634,-0.30516487153483729,0.34862720563941813,-0.36596504840487126,-0.60356868787415419,0.61663075973546999,0.095979981897920175,0.29825858012136808,-0.089213833313577628,-0.0014254372924811527,-0.0023025188210492168,0.0024282267502268588,0.019022540274779964,-0.03642252385516323,-0.063841289961070358
10.341,268542.752769130,1,84,1,85,268542718928250,268542.71943275508,411063fae0b2faeb,0.10505890680224136,0.33707322563654352,-0.30727738410833377,0.04814636779560838,0.85986243251854422,-0.035922625551044918,0.50697943015213287,0.10984867846084437,0.36973293552202002,-0.3002231378961896,0.33308745199529122,-0.383889714893972,-0.64205916299641907,0.57396991849246526,0.087175203595408313,0.27971372841445591,0.019396708596916487,-0.0014253906051595407,-0.0023016730587365909,0.0024290687481580177,0.015286291599085084,-0.036681754728018476,-0.064452755906198145
99.608,268542.852778588,2,72,1,73,268542318890541,268542.31939504604,411063f9470f7eb5,0.064438458916233093,0.13591597029619623,-0.31468218961335864,-0.0021095503812711414,0.8645532496000683,-0.028493990617610154,0.50172838679340703,0.066234300988193745,0.16912542206376779,-0.30891432896000415,0.33462724172345454,-0.37492382862886992,-0.60983977188367944,0.61282312656400661,0.10005179957645678,0.49124767169228811,-0.015718425968194411,-0.0014251465968273002,-0.0026450023591666309,0.0026724273800338319,0.013970037394876589,-0.033392246916101188,-0.062652808305623461
9.241,268542.852778588,1,87,1,88,268542818937583,268542.81944208808,411063fb471bd3a5,0.11183779187437423,0.35398074359905302,-0.30719148692125015,0.056836885735210896,0.85883879301430288,-0.031326273127967069,0.50811830695031068,0.1169333373205268,0.38646828145351392,-0.29957858650631214,0.33714287136140086,-0.38144491049886509,-0.64748046458435538,0.56710097207316623,0.073916319262374644,0.16144353512184786,-0.028626060563394992,-0.0014249262274028795,-0.0026441599819603387,0.0026728709582521598,0.011035670744369171,-0.032513690473447016,-0.062284643874929296
101.218,268542.952787921,2,75,1,76,268542418900000,268542.41940450505,411063f9ad785fe4,0.075422394478765142,0.19009223357776198,-0.31612442180139166,0.0094752543797916311,0.86299349339776388,-0.036168659580252588,0.5038296648513364,0.07810054794958117,0.22324983944504753,-0.31040064515453458,0.33068625932538326,-0.38183646687571732,-0.6169285515126961,0.60352851861838419,0.14096362252344063,0.57637039435976045,-0.019687520960868447,-0.0013081656455928132,-0.0026496319482393138,0.0026037287174096755,0.016241750982264637,-0.027617347926253942,-0.060204430229823212
11.271,268542.952787921,1,90,1,91,268542918946958,268542.91945146304,411063fbad84af30,0.12034791839474761,0.36934541280131344,-0.31368649191682058,0.058556575576323933,0.85860103743716976,-0.022934623880482508,0.50877248570311961,0.12524306892255058,0.40173421522758629,-0.30554008591978044,0.34353923751167226,-0.37597369278841758,-0.64852835032380796,0.56571684918094811,0.063280231713828961,0.098537210234563577,-0.057438499250998303,-0.0013077256598070484,-0.0026493392482311463,0.00260375213152229,0.016179238198215536,-0.025755589465100235,-0.059364518386164779
93.210,268543.052797255,2,78,1,79,268542518909333,268542.51941383805,411063fa13e1389e,0.085784655188842346,0.2505585465657722,-0.31375548350273869,0.029971341441130506,0.86121771595264196,-0.049248573149414554,0.5049558353725212,0.090039595284820806,0.28355975892309448,-0.30808305724115065,0.32223368678048819,-0.39188168500284237,-0.63016580903604125,0.58777993261520856,0.10397023093560945,0.57278060941083542,0.046880960552102752,-0.0011795238828108518,-0.0025422130830189175,0.0024983538301837521,0.01931950734258614,-0.025561015766700102,-0.060540884291851817
9.204,268543.052797255,1,93,1,94,268543018956416,268543.01946092106,411063fc13ed904e,0.12872762250327563,0.38312760058334439,-0.32217159410353163,0.045493969393302802,0.86013743280758503,-0.0021239688497421416,0.50802503619489481,0.13221403534987677,0.41550740330943747,-0.3132972348112249,0.35772606581152422,-0.36072981128496917,-0.64037808871367641,0.57603990190327836,0.041053075973069127,0.10190680213656081,-0.07248682217520995,-0.0011790360758841452,-0.0025424416359980605,0.0024981626083780354,0.020892451234047961,-0.024108304981154228,-0.060070884980488973
5.833,268543.152806713,1,96,0,97,268543118965708,268543.11947021307,411063fc7a566648,0.13287075142098925,0.39376849308716311,-0.3284488237555182,0.030529580044141802,0.86562874592200867,-0.0030864626142541873,0.49974528105508886,0.13570879523345067,0.42636613327696343,-0.32016025853942304,0.35119080911174566,-0.35555572628444743,-0.63367961244761783,0.59050426744437112,0.030819400675350984,0.11072510841649057,-0.053619153241039434,-0.0011790365836950943,-0.0025424596126818327,0.0024981587472444771,0.020926331487901701,-0.024108901342790881,-0.06007243772799653
5.615,268543.252816088,1,99,0,100,268543218975125,268543.21947963006,411063fce0bf44a5,0.13840698423321543,0.40595039422991036,-0.33227846123593796,0.021774215744988945,0.86808441991499985,-0.0045099458429817274,0.49591837738735056,0.14086695473541025,0.43867355799169672,-0.32437251091265329,0.34747822503217957,-0.35385625143919719,-0.62922505883127466,0.59843166843396989,0.071215396312839227,0.14216740591578783,-0.030910857217365983,-0.0011790437974301979,-0.0025424946544423534,0.0024981501267214534,0.020999426011127705,-0.024120813586630641,-0.060075093053947815
119.802,268543.352825505,2,81,1,82,268542618918791,268542.61942329607,411063fa7a4a19bc,0.097867952486820564,0.30438213224712002,-0.31161280237823102,0.038481550869699011,0.86093545620629119,-0.042985278404067101,0.5054321215974833,0.10238237664552426,0.33723105577284729,-0.30529385074976978,0.3269992900601551,-0.38778965214416716,-0.63598384789680296,0.58156271820366601,0.09915216702009623,0.4374119603730745,0.047991729066093829,-0.0010986382968145325,-0.0021178842623226419,0.0020833822610500652,0.02694357659321962,-0.02536409513592686,-0.061755357268092059
102.642,268543.352825505,2,84,1,85,268542718928250,268542.71943275508,411063fae0b2faeb,0.10721873678553198,0.34002988687400704,-0.30945062842249321,0.047965390016059206,0.86002532862376224,-0.036434709396235915,0.50668364947952371,0.11202066339564226,0.37269577688901567,-0.30243335813233962,0.33251620553167344,-0.38404266433002743,-0.64204637732222447,0.57421307404178767,0.091588692807491753,0.28535713828831566,0.0092432813666653742,-0.0010984220753802267,-0.0021178968048915304,0.0020830485965965787,0.028983802643313707,-0.025182412527177244,-0.061808694226152719
12.659,268543.352825505,1,102,1,103,268543318984500,268543.31948900508,411063fd47282031,0.14893828192996397,0.43610254811784954,-0.33421362649165204,0.0053098956914044426,0.87022036883565801,4.6781201719053866e-05,0.49263410935021212,0.15037093021281853,0.46895438074706713,-0.32659355012942909,0.34837798940126952,-0.34831183079309452,-0.61909337070939108,0.61158404440761538,0.074800515807279117,0.20769356305080369,0.036081464627629345,-0.0010985530964957881,-0.0021187057195866791,0.0020825826468438917,0.033122017925057236,-0.026350021574666153,-0.062337889746181339
101.407,268543.452834713,2,87,1,88,268542818937583,268542.81944208808,411063fb471bd3a5,0.11488987811941519,0.36425763579438442,-0.3122802848011848,0.056415174149778868,0.8588462815864204,-0.03276504898910626,0.50806190322445033,0.12001171352462234,0.39676327710265941,-0.30476290246513632,0.33608561976447127,-0.38242239518383686,-0.6471875646905102,0.56740446240698117,0.077801155958334547,0.18670449110163723,-0.037310603303386147,-0.0013392974325631582,-0.002006157984155437,0.0018012723839013142,0.034231264348255228,-0.030924792092892662,-0.063498825470129416
9.080,268543.452834713,1,105,1,106,268543418993750,268543.41949825507,411063fdad90f359,0.15329173827200962,0.46292658384071911,-0.32389986114916369,-0.0059357920191870361,0.86734713995515733,0.0083125004620600296,0.49759889543010649,0.15372597075156016,0.49577927574050273,-0.31616209473641937,0.35773336919696319,-0.34597771861905896,-0.60910978931044801,0.61750426666406288,0.049728448583106169,0.1965835514425309,0.13001511692844014,-0.0013401914975936869,-0.0020071670815755664,0.0018006493116394951,0.037982385783861324,-0.033741420600761879,-0.06484309914424416
100.860,268543.552844130,2,90,1,91,268542918946958,268542.91945146304,411063fbad84af30,0.12187327187125759,0.37979828160925827,-0.31845486466023404,0.058131956507146365,0.85837984939744993,-0.02422969222879634,0.50913425047627725,0.12678232327401676,0.41220610286772374,-0.31039289916967144,0.34287929224233232,-0.3771452506927338,-0.64807169574991796,0.56586069663755423,0.063759934913640015,0.12673030980960578,-0.060513510791032711,-0.001667885607414971,-0.0020917352096748751,0.0017912336358728261,0.034755099494614049,-0.037138192609166606,-0.062822572179893912
9.027,268543.552844130,1,108,1,109,268543519003208,268543.51950771303,411063fe13f9d476,0.16026260643540158,0.4787732328205801,-0.3072516708671279,-0.017670915880813431,0.87153957707498875,0.019212274431677029,0.48962990722332833,0.15981052153372238,0.5115701511702021,-0.29928180775810898,0.35980574762893336,-0.33263548928652031,-0.60377630450886299,0.62876675274216154,0.12799975892927307,0.13187373240015177,0.20161357686502746,-0.0016693338420164417,-0.0020922555108476831,0.0017907344679736535,0.035290381869728299,-0.040027905166300747,-0.06435951517868245
98.396,268543.652853505,2,93,1,94,268543018956416,268543.01946092106,411063fc13ed904e,0.12849543229271571,0.39118229882262423,-0.32562658894366514,0.044982677451798847,0.85984261636972603,-0.0029329200134823874,0.50856532028482482,0.13197057346204197,0.42357956570079786,-0.31681174665101752,0.35753608950680604,-0.36168386465687158,-0.63980808402742329,0.57619297319579388,0.038142055001404856,0.12657562065290059,-0.069514841740570127,-0.0017309564888508839,-0.0022937056835206702,0.0018609793016206135,0.033468894910689904,-0.040678535973542991,-0.064103553400269325
82.592,268543.652853505,2,96,0,97,268543118965708,268543.11947021307,411063fc7a566648,0.13287170677245072,0.39377794081410683,-0.32844644007083734,0.030532122213585255,0.86562825259181053,-0.0030908166674111781,0.49974595335309324,0.13571002509770744,0.42637559787161344,-0.32015803519340152,0.35118820571777987,-0.35555928045134372,-0.63368106119570322,0.59050212102204735,0.030845502773268457,0.11095224010358899,-0.053572730505701119,-0.0011790418894567166,-0.0025424820325582738,0.0024981530479066434,0.020975531656558126,-0.024117796191441044,-0.06007420175343705
8.915,268543.652853505,1,111,1,112,268543619012500,268543.61951700505,411063fe7a62aa70,0.17154921059750161,0.4805458388270778,-0.2775426244363392,-0.024939021703519693,0.87995878354632462,0.021884273626487122,0.47388998326242882,0.17086686004543494,0.51336038316759836,-0.26966220379942507,0.35056532965664866,-0.31961629391482421,-0.604590255561681,0.63985935734873733,0.15226335438442476,-0.035344938274150514,0.3284132144821974,-0.0017322602143414021,-0.0022936464002708957,0.0018607215354673854,0.03148924276094793,-0.04295196959532431,-0.065101019706283014
87.941,268543.752862838,2,99,1,100,268543218975125,268543.21947963006,411063fce0bf44a5,0.13685833035384709,0.41821805202315043,-0.33411741220430957,0.021119770342230892,0.86765866064205754,-0.0048159753435439157,0.49668829612493681,0.13927770358398273,0.45095282511637391,-0.32624707449395202,0.3478062442486714,-0.35461706171435542,-0.62846123880033988,0.59859337394282353,0.065252878974810899,0.1721893812725668,-0.019494328057052562,-0.0018383940750818048,-0.002562895765951566,0.0020244749105081004,0.030659314106636356,-0.04162801975711268,-0.066748563837233529
11.007,268543.752862838,1,114,1,115,268543719021916,268543.71952642105,411063fee0cb88bc,0.18344331363549554,0.4663737560875903,-0.2403888342009616,-0.025216666942959098,0.88651077083891816,0.043163285427914033,0.45999973575908026,0.18234621594496214,0.49886231655193497,-0.23129758744495243,0.35578997485740077,-0.2947478728327646,-0.60902688525690818,0.6446886366966611,0.15459961035083122,-0.1209831870277374,0.3882782591685609,-0.0018387242591743802,-0.0025622479642330841,0.0020244841516148119,0.02787439721464699,-0.041466351809340794,-0.067079168484482352
91.905,268543.852872213,2,102,1,103,268543318984500,268543.31948900508,411063fd47282031,0.14457076435159202,0.43796894095274636,-0.33382576031455047,0.0047611376987676257,0.86961216021394805,0.00053502774187255686,0.49371225357857973,0.1459375272911777,0.47082050411431059,-0.32619243149447913,0.34948559490620951,-0.34872895143753896,-0.61827527179254649,0.61154200646577039,0.063699364492408664,0.21259910235148638,0.049520699513771339,-0.0019555219799151881,-0.0024879338311213938,0.0019604992311059123,0.028984904163892378,-0.043006164947223965,-0.066835236669248829
9.175,268543.852872213,1,117,1,118,268543819031250,268543.81953575509,411063ff47346188,0.19741915970910284,0.45810576306980666,-0.1988815378527147,-0.03756101451114674,0.89524794681746611,0.057641209025069196,0.44022474730825045,0.19553876035580528,0.49042279798200439,-0.1893194091816231,0.35204438447863862,-0.27052740709266354,-0.60647622983283389,0.65959552455768555,0.14301183096587733,-0.046491966581242397,0.43361263815643553,-0.0019556501638439902,-0.0024874961043492775,0.0019603278005337322,0.028186565740754545,-0.042654659096382899,-0.067122001165092551
90.472,268543.952881588,2,105,1,106,268543418993750,268543.41949825507,411063fdad90f359,0.14994184439578731,0.45904738949852486,-0.32388325482191099,-0.0061850253754664464,0.86675816308361253,0.0088481726580416087,0.49861186833259452,0.15032654210743843,0.49189502450805045,-0.31612143583933755,0.35882842661860703,-0.34631522117631514,-0.6085170851900632,0.61726403172694622,0.041027773038789635,0.18128133374283409,0.13887803217235328,-0.0020634518376088386,-0.0022833642486453703,0.0017742192949116303,0.029587670828882591,-0.046466833515948242,-0.065904874252356221
10.751,268543.952881588,1,120,1,121,268543919040500,268543.91954500508,411063ffad9d34b0,0.20558373937531566,0.45555764424493378,-0.15368457243469594,-0.03426151727914406,0.89462874640341417,0.066075210865390421,0.44056744576053392,0.2036527661574512,0.48769338185004768,-0.14353929456892223,0.35825044860686128,-0.26480599175056968,-0.60837148583797385,0.65682458695246471,0.087884548885376959,-0.064002033140740364,0.43237292042449332,-0.0020634970470208504,-0.002283476343065795,0.0017738469752505981,0.031557844442350144,-0.04591464626128882,-0.066374112686549067
90.952,268544.052890921,2,108,1,109,268543519003208,268543.51950771303,411063fe13f9d476,0.1573046188538392,0.47411020794192205,-0.30741080376548946,-0.018024198905423561,0.87102866021499015,0.019460973986236946,0.49051557064163021,0.1568085417070853,0.5069056225535632,-0.29943737038446572,0.36060786335802958,-0.33308589074195949,-0.60316522292641406,0.6286552887911796,0.11887543881449544,0.11751839769989826,0.2077730949999165,-0.0022969724304530733,-0.0022935849682346678,0.0016306546675259419,0.032916856939964698,-0.046408019133437374,-0.067095284437445765
9.328,268544.052890921,1,123,1,124,268544019049916,268544.01955442107,41106400140612fc,0.21026861021993096,0.45273058695462354,-0.11270875222467851,-0.049040792732612692,0.89827144045736462,0.07736669290833259,0.42978816636538081,0.20735184166172232,0.48471403016382303,-0.10232064490773399,0.35861263056281834,-0.2491996070869692,-0.60049673382065616,0.66985088616739175,0.063714591438493728,-0.030159429409616464,0.38302680942011702,-0.0022968761911277605,-0.0022941862766795626,0.0016302334545388773,0.035324392188369816,-0.045192116479369236,-0.067920022318626774
91.495,268544.152900213,2,111,1,112,268543619012500,268543.61951700505,411063fe7a62aa70,0.16699739777751035,0.47768379002085198,-0.27896065178426677,-0.025136047082707613,0.8792357963174473,0.02135848927591999,0.47524358150259205,0.16629639012771932,0.51050641952459552,-0.27111561942604678,0.35115068245596848,-0.32094521805381593,-0.60393970842504952,0.63948744616807163,0.13700006488275854,-0.039400693687926036,0.33271848807933457,-0.0026073952297627255,-0.0021770151526861064,0.0015880054622480497,0.037388951632790775,-0.044605421683436855,-0.064920272769091777
9.347,268544.152900213,1,126,1,127,268544119059250,268544.11956375506,411064007a6eebc7,0.21090872644848926,0.44848762715551377,-0.080914483164075138,-0.053473612883073784,0.90211357854145224,0.085181930804598349,0.41961381771010242,0.20771390318917651,0.48033132817253354,-0.070184489601774813,0.35694448739193341,-0.23647904878407622,-0.60007905853711097,0.67570216509339609,0.048100882465619929,-0.04554901601312511,0.29404791401451508,-0.0026070679154062797,-0.0021777231827988315,0.0015877206461757947,0.039299087238771707,-0.04273723845605238,-0.065594212036256747
91.429,268544.252909505,2,114,1,115,268543719021916,268543.71952642105,411063fee0cb88bc,0.17860341836975804,0.46799973049291765,-0.24224056990829759,-0.02552862198910999,0.8857560434197147,0.041970284546595071,0.46154422261831812,0.17749524731630684,0.50050944772025752,-0.23322662545088649,0.35603851296926659,-0.29668356892602576,-0.60827262687235129,0.64437554935748365,0.13671818655434201,-0.1070614810784614,0.39270895204453737,-0.0027623164727917913,-0.0021559866128892063,0.0014977862296827126,0.039037703911526098,-0.041551081192438701,-0.062313329468748777
9.031,268544.252909505,1,129,1,130,268544219068541,268544.21957304608,41106400e0d7c1b0,0.21228876668311469,0.44167494086582382,-0.054824707456262126,-0.055390798401699526,0.9052543917158582,0.086251324111270122,0.41231918222792713,0.20909372106761562,0.47351250829668423,-0.044076594339677644,0.35254257655222465,-0.2305647874667992,-0.60094429392713988,0.67927871017331309,0.011598308692659418,-0.088018633142172439,0.29109415078128387,-0.0027618916787425056,-0.002156261959906528,0.0014974358589662183,0.039293195571120765,-0.039695945590921801,-0.06236139001196922
89.524,268544.352918921,2,117,1,118,268543819031250,268543.81953575509,411063ff47346188,0.19143320642428152,0.45999196652540586,-0.20039640601207126,-0.03828280589067673,0.89460188488559123,0.056869293285026962,0.44157426445166137,0.18950666843419617,0.4923255896915536,-0.19089976364284869,0.35245281033691678,-0.27202748663047388,-0.60550901150640501,0.65964907336223322,0.1224572606125396,-0.027417370277589191,0.43526555827271229,-0.0027482638311529164,-0.0023452519116248555,0.0013636407280805307,0.037812684995713365,-0.038382463059978215,-0.062823716774318819
8.955,268544.352918921,1,132,1,133,268544319077916,268544.31958242104,4110640147409d3b,0.21281261951776001,0.43114587503597435,-0.022266529003551961,-0.056100828424066829,0.90593651760533689,0.072236787140269682,0.41341700849793317,0.20992261824040728,0.46328359881193515,-0.012358171163650249,0.34340908306793461,-0.24125084170995351,-0.60092456272607619,0.68026311303285703,0.03399431298340732,-0.070946402311798801,0.36227581847364609,-0.0027479802772694675,-0.0023451485128678519,0.0013631767731807475,0.036641679617639131,-0.037480466565763454,-0.062500004207588666
88.707,268544.452928213,2,120,1,121,268543919040500,268543.91954500508,411063ffad9d34b0,0.19855701866029635,0.45555434576756859,-0.15497284612954002,-0.03517912148586716,0.89419421243827801,0.065853380517323284,0.44140970236311194,0.19656166113945744,0.48769844416953251,-0.14486658874831854,0.35868915620697972,-0.26555841482912385,-0.60741537979298943,0.65716616918699211,0.068449772027671843,-0.052824248589940552,0.42883955269801033,-0.0025394398675475769,-0.0024452102232305345,0.0012683910363931645,0.032420242668819058,-0.036967249613129582,-0.063709254899858264
9.078,268544.452928213,1,135,1,136,268544419087208,268544.41959171306,41106401ada97335,0.22471412868496016,0.42468931992105441,0.014527464644712721,-0.069622919989476784,0.90886709286530143,0.067811928800658339,0.40560430476454423,0.22126279688046646,0.45695523562795487,0.023820469774221857,0.33475582017115557,-0.23885527332213882,-0.59343522992271081,0.6918969050041508,0.079653306054447731,-0.072591910507846663,0.36525915235974854,-0.0025394500838632999,-0.0024448396356335903,0.0012679852601699955,0.030888566974468398,-0.037419233621482306,-0.063323859203177166
86.319,268544.552937546,2,123,1,124,268544019049916,268544.01955442107,41106400140612fc,0.20593280213446274,0.45224040259363391,-0.11439878837521816,-0.04993416742966722,0.89816990244512418,0.07747561953023871,0.42987787435003899,0.2029579284149397,0.4842245382329925,-0.10402930691650469,0.35875308643636133,-0.24918601745860758,-0.59979322431594273,0.67041079924191882,0.05428828973499239,-0.025289138756196324,0.37393818231688136,-0.0023765669487059741,-0.0025433196490934097,0.0012111298566168955,0.029133058985613053,-0.036337792681698643,-0.064657490266186765
9.042,268544.552937546,1,138,1,139,268544519096583,268544.51960108808,4110640214124ec1,0.23533662421082729,0.41452950235948283,0.047807789574282208,-0.069825273186442993,0.90710614248215937,0.069917583096228669,0.40913868343391446,0.23175496218816888,0.44674785153944685,0.057215798143578737,0.33874392562067224,-0.23986553398842,-0.59204696468462503,0.69079481039399027,0.087716516120910179,-0.094610085060796004,0.29436492783535917,-0.0023768487601212446,-0.0025428650093565958,0.0012108683458502945,0.027588102054040161,-0.037344662914221664,-0.064473134771434237
92.227,268544.652946880,2,126,1,127,268544119059250,268544.11956375506,411064007a6eebc7,0.21077957455165819,0.44666841978627742,-0.082406785295984941,-0.054548129953207125,0.90225604461864928,0.085594485592622116,0.41908491826398703,0.20751964253534022,0.47850706088754336,-0.071681360920214834,0.35686221929743084,-0.23581334012865166,-0.59941999897712916,0.67656270210656744,0.052182062820493667,-0.048889832294269235,0.28473794301309635,-0.0024129803465749544,-0.00260509560193178,0.0011911259264199261,0.026402605727747473,-0.035182630679907588,-0.063231336158981438
15.131,268544.652946880,1,141,1,142,268544619105875,268544.61961038003,411064027a7b24ba,0.24348384618801683,0.40484667618849518,0.073033130916065184,-0.083294863544658537,0.90418929691875671,0.0776268555189909,0.41167682174170905,0.23883858944263098,0.43690309617195011,0.08252883939834274,0.34598993904506359,-0.23620899008658813,-0.58046000503325534,0.6982567275999999,0.045341723428556316,-0.10185772258322776,0.22935120937870096,-0.0024132001647795376,-0.0026047255096944052,0.0011909142591484006,0.025144641073685241,-0.035053174409876028,-0.063533831443121414
99.087,268544.752956255,2,129,1,130,268544219068541,268544.21957304608,41106400e0d7c1b0,0.21453605071010937,0.43838423924479919,-0.055979683449517009,-0.056439155570227106,0.90537846839181357,0.086909162133855106,0.41176607611687133,0.2112714256762728,0.47021103832480299,-0.045220592610783636,0.35261663319510317,-0.22970852068104577,-0.6002907289405125,0.68010774607318203,0.021082942205435034,-0.096053846225029077,0.28652154191000667,-0.0025625163166959454,-0.0026937343924449729,0.0011979332528609841,0.028780537136162375,-0.03452925473377317,-0.062752898747996458
16.002,268544.752956255,1,144,1,145,268544719115166,268544.71961967106,41106402e0e3faa3,0.24383135451233603,0.39207023162553217,0.09229476080145102,-0.087977818344295966,0.90192539205576738,0.08530892151212835,0.41414119786293424,0.23865764257765415,0.42394979204454114,0.10210736923521038,0.35316455687815657,-0.23251952629419334,-0.5755478335885551,0.69996725416872196,0.0083951343864606953,-0.12950044869370433,0.16470211240769309,-0.002562424790439118,-0.0026937036546414946,0.0011977900826263526,0.028342798268780767,-0.033453887071714788,-0.063160405214661777
99.501,268544.852965421,2,132,1,133,268544319077916,268544.31958242104,4110640147409d3b,0.21677910197129596,0.42834076295586698,-0.023934961330172502,-0.056757870839709124,0.90603095194995187,0.072746231709758913,0.41303086711638975,0.21384319487437681,0.46047045968175404,-0.01401407478776209,0.34349627158595325,-0.24061756682769198,-0.60052673875448714,0.68079448733180126,0.045425180213610104,-0.078462733461864512,0.35826703965098533,-0.0025830334353827483,-0.0027129192159114517,0.0011923156208520479,0.027489543258412862,-0.032405310745970223,-0.060554573680991798
9.650,268544.852965421,1,147,1,148,268544819124625,268544.81962913007,41106403474cdbd2,0.24414835966854087,0.37691206511321884,0.10317942990199069,-0.095934515416581934,0.90224817426702231,0.095054772755202993,0.40952343543751857,0.23832855543844811,0.40856312107681236,0.1133628226116659,0.35679066315917313,-0.22236291793708926,-0.57014984076693953,0.70582172995904169,-0.0019799714921427784,-0.18916770839864258,0.090529117958488114,-0.0025827958992563032,-0.0027128225162991607,0.001192131132466725,0.027032229612540096,-0.031362086418340644,-0.060532322509138321
99.876,268544.952974796,2,135,1,136,268544419087208,268544.41959171306,41106401ada97335,0.22575988887072318,0.42271846755947634,0.011841936408755308,-0.070118091596442556,0.90877352962895197,0.068269483718171126,0.40565189002634272,0.2222657896518685,0.45497576684129837,0.021148862091190043,0.33511300820789292,-0.23856538100621544,-0.59301893153375795,0.69218088499883923,0.082015832374420741,-0.077651983065891994,0.35977675896651612,-0.0025499761430716845,-0.0027322930943959873,0.0011371268149506261,0.025228369606707719,-0.030839521961505904,-0.059776994156569827
9.247,268544.952974796,1,150,1,151,268544919133833,268544.91963833803,41106403adb5ac28,0.24658153703346611,0.35377748646658813,0.108372286725695,-0.10742012383952237,0.90235012217087107,0.1077887496677345,0.40324535046304272,0.23986523495403247,0.38509725596626659,0.11901767431053219,0.36135566800572222,-0.20891936041013057,-0.56210037743333019,0.71401536939709354,0.021993404673755754,-0.28447714021472242,0.029361298540412358,-0.0025498088490157203,-0.0027321226230858997,0.0011367854938222175,0.024783573346910344,-0.030405810991420364,-0.059465558475685971
108.211,268545.052984088,2,138,1,139,268544519096583,268544.51960108808,4110640214124ec1,0.23397302116429686,0.41310960248037526,0.044787651424519105,-0.070231482572075232,0.9069283181525033,0.070163838706950199,0.40942112004534559,0.23035519672545401,0.44532294495225977,0.054198967224416132,0.33911776746617045,-0.23989111781869116,-0.59163399049509069,0.69095630301149591,0.083049437553604361,-0.098424697442463141,0.28758171677718641,-0.0025213515138899096,-0.0027345711402486641,0.0010640268944020763,0.023081611045565706,-0.030296057818609202,-0.059909838140866555
16.956,268545.052984088,1,153,1,154,268545019143166,268545.01964767108,41106404141e84e3,0.25216532885419879,0.32252056437656812,0.10754403047276617,-0.12305274988520659,0.90439428382162923,0.11997705397695599,0.39055673066526686,0.24445026713281923,0.35348179392399898,0.11855498136327508,0.36100189154044537,-0.19132871914703048,-0.55249188236941194,0.72651474551428141,0.053684735524956013,-0.34824161860674752,-0.035774771319242157,-0.0025212925764938891,-0.0027343782723776616,0.0010635410052625819,0.022941835022286142,-0.030194035074729168,-0.059698307783968112
115.245,268545.152993421,2,141,1,142,268544619105875,268544.61961038003,411064027a7b24ba,0.24155401180390193,0.40398664825311009,0.07073785082463363,-0.083748213774968494,0.90406792390581492,0.077793159958346403,0.41181998874545572,0.23687433914619188,0.43603889999272599,0.080230731009465275,0.34620876839524251,-0.23619262944940517,-0.58005361434145897,0.69849147093535469,0.041725815993176499,-0.10372775795738995,0.22281969082386385,-0.0024893172049927749,-0.0027475095195995799,0.0010013482169229444,0.022469889459953898,-0.030014280218984092,-0.059285386024375046
15.617,268545.152993421,1,156,1,157,268545119152458,268545.11965696304,411064047a875adc,0.25849478751036986,0.28483436617427627,0.10287357208766353,-0.13836206206840962,0.90278395387309129,0.13000800312944455,0.3859210343376222,0.24970550370221203,0.31542952023090531,0.11410059263442442,0.36481691129760507,-0.18095783494669945,-0.54052788900112514,0.73620138849004202,0.040753442350965813,-0.40772576087166895,-0.050709193714517362,-0.0024892529868242533,-0.0027474230986405785,0.0010009255588000368,0.02261475690118242,-0.030011291810755441,-0.059250382325712031
116.948,268545.253002671,2,144,1,145,268544719115166,268544.71961967106,41106402e0e3faa3,0.24475539863108917,0.39141518989592378,0.090413741134582754,-0.088531495373409153,0.90194344680164185,0.085317609716796,0.41398206698263496,0.23955090363077178,0.42329405389134839,0.10021232338506637,0.35305817784486793,-0.23240086028435797,-0.57516909144999917,0.70037152957307924,0.012235610945247848,-0.13071069685506084,0.15847538256994856,-0.0024800818090944137,-0.0027969116895969434,0.00092127260574298517,0.022195907405701713,-0.029609285396297619,-0.059536601574191272
16.272,268545.253002671,1,159,1,160,268545219161708,268545.21966621309,41106404e0f02e05,0.26675050571483128,0.24230794426107743,0.096110923994825487,-0.16510118742370428,0.9024331248011086,0.13425609709044783,0.37460833784035041,0.2564584798188056,0.27255897634929743,0.10698797380254541,0.35982148307073147,-0.1699546947857824,-0.52137239903321841,0.75486073123947672,0.076042629150486998,-0.43123379015051666,-0.079541065776833259,-0.0024799990050595696,-0.0027970219970244502,0.00092084793422488064,0.022750562183569353,-0.029480775044375719,-0.059812856148175178
110.135,268545.353011921,2,147,1,148,268544819124625,268544.81962913007,41106403474cdbd2,0.24569603974443471,0.37571112708877297,0.10342444405194363,-0.096679129557636023,0.90226890517419089,0.095047631831771173,0.40930425060020709,0.23983544293157805,0.40736095352762047,0.11358824468726518,0.35663062668325224,-0.22221298025166489,-0.5696379780370906,0.70636291061818868,0.0024561170101014187,-0.19153482187055285,0.089338050973346766,-0.0025032338554509849,-0.0028687172266302508,0.0008562149915423724,0.022882575101836364,-0.030105139234895606,-0.061741424353393387
8.973,268545.353011921,1,162,1,163,268545319171083,268545.31967558805,4110640547590990,0.27705931735912598,0.19713452764588149,0.090432267271561284,-0.20662080371171088,0.89109636450368523,0.15679852155172391,0.37238339046406976,0.26382535163322895,0.22612201726672082,0.10156548552209943,0.37418810851189216,-0.1524415186732371,-0.4839972977151219,0.7762032328181514,0.081852859161455432,-0.4642153420645807,-0.055866024874236565,-0.0025031893229943139,-0.0028689299739049082,0.00085583280094778265,0.023675571385164774,-0.030176830013237673,-0.062288080032924409
109.761,268545.453021213,2,150,1,151,268544919133833,268544.91963833803,41106403adb5ac28,0.24782737597233703,0.35235778756772507,0.10966974897506168,-0.1081966870283777,0.90227484814602366,0.10781618498130935,0.40319883282037122,0.24106419880484217,0.38367385416729144,0.12029633635291724,0.3613421747617761,-0.20886706777467126,-0.5614980375790799,0.71451125570734242,0.023421944500767348,-0.28684431777051717,0.031719397893323689,-0.0025457104124465817,-0.0029111404033599084,0.00080812681532608155,0.023171005556426684,-0.032496754514509466,-0.065673828274479457
9.335,268545.453021213,1,165,1,166,268545419180333,268545.41968483804,41106405adc1dcb8,0.28574219913009941,0.14845279981592382,0.087455306104637892,-0.23498458857440851,0.8893416913653075,0.16024366606587767,0.35801622844538483,0.27101785086190688,0.17684759471459072,0.098239096843808271,0.36646507607568085,-0.13984631627040439,-0.46270033239031144,0.79501871565915916,0.071745920234464633,-0.4944397162784035,-0.03440569187575817,-0.0025458865577796886,-0.0029113288773068686,0.00080783744076192148,0.023834249558572173,-0.03305381300782493,-0.066342681812265311
109.351,268545.553030505,2,153,1,154,268545019143166,268545.01964767108,41106404141e84e3,0.25278276866571958,0.32035673342498511,0.10920955695729501,-0.12382947257599641,0.90427144675084514,0.12013118874075948,0.39054828512860773,0.24501696757593311,0.35130921390600811,0.12020943138714023,0.36110490937816403,-0.19121375751714464,-0.55185579757884429,0.726977112458006,0.051746465440534836,-0.35190163302141308,-0.031257463336320825,-0.0025659868810268618,-0.0029591596268425807,0.0008062311021662141,0.023502933378142042,-0.033579905217889283,-0.069227826208718812
9.093,268545.553030505,1,168,1,169,268545519189583,268545.51969408809,41106406142aafe1,0.29326635688957425,0.099174551209123413,0.085871116280387627,-0.25706857804659983,0.88402320288045844,0.16588185706063369,0.35341475020246488,0.27721387313294804,0.12690817894354095,0.096478878056492787,0.36719814267314255,-0.13260577690797995,-0.44332385492110848,0.80687371478188175,0.066628380372250662,-0.46054311364858275,-0.026890745173595802,-0.0025662641208585701,-0.0029591909413394595,0.0008061705768630514,0.023632600286218743,-0.034040541763970152,-0.069668881327526924
100.747,268545.653039838,2,156,1,157,268545119152458,268545.11965696304,411064047a875adc,0.25754995541786191,0.28187882509424322,0.10514369588255124,-0.13902189662935543,0.90255775922156078,0.13028445324922841,0.38611969385225831,0.24871031425568046,0.31246033704164966,0.1163683483538353,0.36515286453297202,-0.18090282868375041,-0.53990137175332309,0.73650801820242451,0.034555083445765508,-0.41237773339387418,-0.042723948104588003,-0.0026189989328140877,-0.0029779398224376633,0.00083424969589656619,0.024317589664920626,-0.035404555159809642,-0.071513150533890874
9.211,268545.653039838,1,171,1,172,268545619198875,268545.61970338004,411064067a9385da,0.29941618331941122,0.05570248545562357,0.084437994741855149,-0.27623383947054803,0.87830242074554177,0.17019876436494691,0.35115830826709266,0.28220533001381987,0.082814659509974617,0.094834027567245266,0.36865511166915627,-0.12795771720915833,-0.42572676523192371,0.81638039700374099,0.062988493824322714,-0.40254217102859358,-0.027141174933464875,-0.0026192992949771888,-0.0029778419908866221,0.00083434993705067714,0.024340399706443704,-0.035638284412360541,-0.071836354185702805
95.139,268545.753049005,2,159,1,160,268545219161708,268545.21966621309,41106404e0f02e05,0.26404623527944149,0.23992350677181859,0.098354327946247183,-0.16553806370804075,0.90218035407345054,0.13441595273528617,0.37496688260490618,0.25371732724833135,0.2701637025765451,0.10922654798372208,0.36018804750583105,-0.17009518920594455,-0.52088474496738668,0.7549909135235946,0.067422394998272475,-0.43510619129677691,-0.068167367029979012,-0.0026940708304513733,-0.002925181966090869,0.00083744894831617404,0.025428908517976471,-0.039039826744221268,-0.072388828263113311
11.032,268545.753049005,1,174,1,175,268545719208166,268545.71971267107,41106406e0fc5bc3,0.30480607318825526,0.020635880348681607,0.079627372676659161,-0.28993563724693028,0.8718281034127201,0.17835711217006794,0.35219579512656013,0.28664258794471409,0.047085756172498897,0.090108442501772815,0.37515754854615174,-0.12292250828056822,-0.41146009779978765,0.82149099730030195,0.06303990358393434,-0.32829890656699906,-0.07698217184388452,-0.0026943870577083545,-0.0029251132011929226,0.00083758198147060401,0.02579688429810665,-0.039367706215244651,-0.0727961414025214
88.200,268545.853058338,2,162,1,163,268545319171083,268545.31967558805,4110640547590990,0.27359276613855271,0.19636271512510767,0.091956666110389773,-0.20672253247239886,0.89080104319967535,0.1568046442674379,0.37303036438232529,0.26034015103472075,0.22534552995086007,0.10307986662339104,0.37464991755825511,-0.15289466889222916,-0.48371654092937344,0.77606634222162352,0.073761734651025604,-0.4661739032824444,-0.044074141614509232,-0.002781040064417737,-0.0028727978630661219,0.00085599321637161972,0.027690947694341266,-0.042112771107617568,-0.072059160717206597
9.420,268545.853058338,1,177,1,178,268545819217458,268545.81972196308,41106407476531bd,0.31387282191045718,-0.0025923661248653876,0.069986463448961173,-0.32640552587396754,0.85855764299824644,0.18983348903875324,0.34684507489668653,0.29355356713006425,0.02233428806275356,0.080240767333035271,0.37948904177943116,-0.1110239541310685,-0.3762883606297372,0.83789546987259489,0.11067484489557387,-0.21338791306069405,-0.10137752692530481,-0.0027812477951538448,-0.0028729199042896352,0.00085606040749770416,0.028405566624936485,-0.042381366961948365,-0.072384447029833932
90.454,268545.953067546,2,165,1,166,268545419180333,268545.41968483804,41106405adc1dcb8,0.28223874155252565,0.14962543078295926,0.087649055605639042,-0.23491188305071187,0.88915193562733508,0.16009160559585034,0.35860280757678831,0.26751073660481756,0.17802391609663679,0.098418124930131606,0.36677232715951719,-0.14036861332753264,-0.46261756539225979,0.79483312752617208,0.063720175424687303,-0.49354115447920538,-0.025542012218008829,-0.0027797740240353428,-0.0028676357704102611,0.00082615248495842002,0.029318298079274531,-0.044105857363108118,-0.07407234004346458
11.155,268545.953067546,1,180,1,181,268545919226625,268545.91973113007,41106407adcdff53,0.33053728569568575,-0.018076327194120147,0.057900094691843373,-0.35933642409850308,0.84829323035584014,0.19805947170907631,0.3347363567456576,0.30850251568745179,0.0054211665903763674,0.067984619891295381,0.37674353326451815,-0.096645149669456795,-0.3457446642129145,0.85392309510695075,0.21781095418665378,-0.17202701121913994,-0.16481961149950833,-0.0027799969961150297,-0.0028679012126154391,0.0008260606236065917,0.029686495585448624,-0.044593012524796416,-0.07429870288090816
99.827,268546.053076796,2,168,1,169,268545519189583,268545.51969408809,41106406142aafe1,0.29086062990572203,0.10134250128281164,0.086405402075832388,-0.25717828666188658,0.88401835738090329,0.16571004605580919,0.35342765388674313,0.27480458369672406,0.12907894844301482,0.097000392922000134,0.36708577823219368,-0.13273638991375417,-0.44324285293184612,0.80694786420013909,0.060199135456550923,-0.45697220190461935,-0.019429961141194243,-0.0025864977196786939,-0.0029553946772282276,0.00071831422168990369,0.025984694996499628,-0.03906560854703757,-0.078180866629776996
18.288,268546.053076796,1,183,1,184,268546019235958,268546.01974046306,411064081436d80d,0.36063339595054472,-0.031800110344273422,0.041391359192517567,-0.39645935060702597,0.84091444663570192,0.20286585386688816,0.30745467194850884,0.33702880336903679,-0.0098471553430969899,0.051403947656243766,0.36085109478186111,-0.073955460534123468,-0.31427720397306036,0.87495537961360847,0.28522102050790971,-0.13769068180829785,-0.1553072931833992,-0.0025864543136117817,-0.0029553312374207253,0.00071796251610503853,0.025020206715315609,-0.039319975189540834,-0.077825327285150098
102.325,268546.153086130,2,171,1,172,268545619198875,268545.61970338004,411064067a9385da,0.29762461067696933,0.061189649754330708,0.084884251305853656,-0.27633756356468264,0.87847024756276892,0.16988335277235384,0.35080945650516121,0.2804195311937262,0.08831116076646231,0.095265476299114804,0.36818540655917537,-0.12793407143928426,-0.42577209270090899,0.81657241248949353,0.059348230395976774,-0.39297083883693762,-0.020822335924203007,-0.0025104670876182566,-0.002901510595297324,0.00069405547500621867,0.022291657946502202,-0.037505810601171162,-0.079476277378356414
10.670,268546.153086130,1,186,1,187,268546119245125,268546.11974963004,411064087a9fa5a3,0.39664285705621249,-0.043593348703235599,0.02773647892763529,-0.41430224414844963,0.82919674718383285,0.20890575818154294,0.31168067371010338,0.37198766957754997,-0.022709313206055723,0.037500686202736236,0.36811018639026405,-0.072672837772568749,-0.2933747087677443,0.87928654577518028,0.37873702548594795,-0.14434973865646653,-0.13032430069633996,-0.0025105636431035699,-0.0029010658111940169,0.00069390055015419673,0.020616752213544864,-0.037661189791151482,-0.07907114244260198
104.237,268546.253095338,2,174,1,175,268545719208166,268545.71971267107,41106406e0fc5bc3,0.30465079427530911,0.026401920890055015,0.080715331300710458,-0.29020423343283236,0.87211593273027477,0.17838202080458077,0.35124807564144678,0.28648853336705266,0.052848231124394227,0.091207514374604309,0.37450502275330083,-0.12223475635990629,-0.41147369767724079,0.82188444953655304,0.063281102626652083,-0.31922677147576822,-0.072550246502267615,-0.0023874129467183753,-0.0029591615451623381,0.00068950563388931266,0.020629833628434829,-0.033268004260211981,-0.084063912683938272
10.329,268546.253095338,1,189,1,190,268546219254416,268546.21975892107,41106408e1087b8c,0.44360947789688965,-0.055915203593027769,0.014874143688075141,-0.4393741066602751,0.81416340077314986,0.21815885440086497,0.31063663450560181,0.41764189181062716,-0.036606366162807505,0.024476967330758138,0.37391486611814984,-0.065391663681311538,-0.26501604433225279,0.88638484839448928,0.4964016368220987,-0.13944413838133801,-0.12356415235984318,-0.0023876219900491073,-0.0029584780181913582,0.00068959570122914494,0.018514478814803573,-0.033259577187363921,-0.084247940027482052
103.685,268546.353104546,2,177,1,178,268545819217458,268545.81972196308,41106407476531bd,0.31652576036360852,0.00043384890968793666,0.07123141456777593,-0.32680707284863914,0.85882443576012246,0.19050581228283492,0.34543496403281049,0.29619845559594449,0.025331171082157707,0.081540875343653063,0.37896734716427943,-0.10955145089113526,-0.37619307501461119,0.83836805741987031,0.1177523997599207,-0.21165104596713308,-0.1002056104192975,-0.0023285764615986232,-0.0030631428971107763,0.00075266814315567217,0.021634461872259838,-0.030934447497439579,-0.090089887438496705
10.442,268546.353104546,1,192,1,193,268546319263708,268546.31976821308,4110640947715186,0.49892770526645591,-0.07215338365861397,0.0068400238605598029,-0.46508841479040453,0.79673871137356367,0.22767487057732336,0.31155159885101091,0.47165979691394122,-0.054589387893867393,0.016184978586047963,0.3812906829833444,-0.059309801768055101,-0.23451216745699457,0.89224649385635102,0.55835840111695134,-0.15028381061802132,-0.060657433284963633,-0.0023289601257610996,-0.0030625257429405606,0.00075297302924357099,0.019966646409147998,-0.030841425747769238,-0.091165822937165741
105.236,268546.453113880,2,180,1,181,268545919226625,268545.91973113007,41106407adcdff53,0.33527737973892263,-0.018215109848827911,0.058500785714192573,-0.35960513346614875,0.84849077561430741,0.19910354275735787,0.33332474279023105,0.31323780960872993,0.0052426903366491967,0.068666901535938282,0.37648364118941363,-0.094908718197076594,-0.34569434359007623,0.85425278690606288,0.22933489477766456,-0.17776179917633114,-0.16532584004066214,-0.0023354295727345074,-0.0031574423624637217,0.00085662664147023,0.025190276066396532,-0.031434900538379003,-0.09549822151372804
10.589,268546.453113880,1,195,1,196,268546419272875,268546.41977738007,41106409adda1f1c,0.55687748672076698,-0.089092363748551701,0.0055239621900191275,-0.48715078108662246,0.77953682629903254,0.2350697617561737,0.3158301968632854,0.52851737724551917,-0.073115908217241649,0.014458054822997257,0.38954508613087802,-0.05710624979643221,-0.20674814979322081,0.89568337299659329,0.54544978248025922,-0.14028106280124475,-0.016342209797698858,-0.0023359362825621285,-0.0031571205863726208,0.00085707610424458726,0.024502323980855799,-0.031409916475908788,-0.097112877697786246
103.820,268546.553123130,2,183,1,184,268546019235958,268546.01974046306,411064081436d80d,0.36292752086230118,-0.031949140094843925,0.040708178929414439,-0.39614788079938934,0.84092604933026138,0.20420621449027671,0.30693665677462362,0.33933272824402833,-0.010028440135283263,0.050814099300672801,0.36143258081021162,-0.072641390440840697,-0.31450565072409997,0.87474334155013822,0.29166526688480343,-0.14955242119809006,-0.15195785196754683,-0.0024503227344991815,-0.0032196416739985315,0.0010670898006577669,0.03043633352532641,-0.035778424400465782,-0.098869615269039174
9.783,268546.553123130,1,198,1,199,268546519282208,268546.51978671306,4110640a1442f7d6,0.60906536798637323,-0.10342320518353895,0.0098507733937084757,-0.51321537402459105,0.75632848857471302,0.25776177903752501,0.31326684426376733,0.57953786736345225,-0.089978687405494043,0.019163807305696244,0.40377820104494277,-0.03924800696743571,-0.17190692731997625,0.89770305037322795,0.4990842303600872,-0.16353146625037973,0.097568770498708962,-0.0024510190903138077,-0.0032195560091280574,0.0010678928441093976,0.030675888034244685,-0.036066086506230985,-0.1002366598475596
94.767,268546.653132380,2,186,1,187,268546119245125,268546.11974963004,411064087a9fa5a3,0.39754818706107403,-0.047303528117911262,0.027441406155600468,-0.41372201360875838,0.82900852244898882,0.21040616857061029,0.31194272327203715,0.37290175098989942,-0.026450829074460874,0.037294277998844237,0.36935643374002863,-0.071797184457444652,-0.29365189872324121,0.87874316585397505,0.38019325305083235,-0.16163410605672637,-0.12193707817246835,-0.002591903151843405,-0.0032156474330731545,0.0011822951172195885,0.033178897081836169,-0.040163618783567091,-0.097454421043367837
9.742,268546.653132380,1,201,1,202,268546619291458,268546.61979596305,4110640a7aabcafe,0.65621584543317546,-0.11817731126588668,0.019280379520920113,-0.52866849564313201,0.74174454131093892,0.26643581151098522,0.31517720207339778,0.62604035575895745,-0.1061298735116534,0.028426964591078123,0.41126249498971229,-0.034465366874150097,-0.15066751279142482,0.89831764943716486,0.48689820561540509,-0.13570598112654209,0.074834418250383172,-0.0025926422270726528,-0.0032157228925457889,0.0011830316524901448,0.034075573740769187,-0.040510940408936089,-0.097831832677838931
92.982,268546.753141463,2,189,1,190,268546219254416,268546.21975892107,41106408e1087b8c,0.4420442268710526,-0.061680698591530192,0.015061169154631949,-0.43859886510916812,0.81383257131368114,0.21948722943923449,0.31166166065058576,0.41608454090436925,-0.042391995329345684,0.024725618592710424,0.37557897200947599,-0.065177163627440221,-0.26533029112753054,0.88560273810324641,0.49014658572153352,-0.157822936464318,-0.11210473721992645,-0.0027092481172283087,-0.0032285370900169918,0.0012596291528994572,0.037476103100189749,-0.04217281083080094,-0.093460926935046054
9.583,268546.753141463,1,204,1,205,268546719300583,268546.71980508807,4110640ae11495c3,0.69954421187745153,-0.12896081578333063,0.026730443204810238,-0.54088987432208002,0.73605904578698444,0.2638595905947792,0.30989255337073579,0.66902684561093317,-0.11755565056089924,0.035560704490344673,0.40570402092407748,-0.032550219270947894,-0.13800544094958819,0.90293921661414112,0.42345344595965562,-0.097766238743425854,0.075245060554469098,-0.0027096996930782644,-0.0032287065170131376,0.0012600778502010997,0.038774420218842649,-0.041871714353366903,-0.093263672493815702
91.864,268546.853150755,2,192,1,193,268546319263708,268546.31976821308,4110640947715186,0.4939418699009574,-0.076027109841765944,0.0069365384449642225,-0.4642024123520872,0.79629789189037536,0.22876910969151029,0.31319408583317931,0.46667894722928116,-0.058471666167606524,0.016312059591450795,0.3832258405128402,-0.059697471542961421,-0.23482695933505951,0.89130828910318949,0.54430201832449876,-0.16315999141719167,-0.050036343341572101,-0.0028343633078403052,-0.0032792663302076953,0.0013516049890491503,0.044817424299797404,-0.042453991488918041,-0.088036385131852191
9.438,268546.853150755,1,207,1,208,268546819309875,268546.81981438008,4110640b477d6bbd,0.73436941630885633,-0.13637573075131035,0.030567896877996034,-0.55240487508579328,0.7315216733462635,0.27057916896515261,0.29412898860999609,0.70367285119067546,-0.12591365528928813,0.039928816647913479,0.39930895698863922,-0.016652236723535566,-0.12665469930459594,0.90787314478665515,0.35542626982907455,-0.079649143806495751,0.052166825523186293,-0.0028343644752247712,-0.0032795607929465447,0.0013518317518306717,0.046434587783292,-0.041279719799712518,-0.087669690326521874
90.647,268546.953159921,2,195,1,196,268546419272875,268546.41977738007,41106409adda1f1c,0.5486623631456885,-0.090154575213373764,0.0052781033338414659,-0.4863150212657279,0.77903729145817402,0.23584087614310029,0.31776993715794083,0.52030246962402149,-0.074177358406058408,0.014211520065324994,0.39146194980803539,-0.057932593078471699,-0.20698589675028303,0.89473917711150697,0.52581918017884266,-0.14611500374106834,-0.010534620237387209,-0.0029169648810616279,-0.0033108281481678955,0.0013839791452157915,0.051200036644250956,-0.040262858942642921,-0.081953943864791351
9.454,268546.953159921,1,210,1,211,268546919319041,268546.91982354608,4110640bade63942,0.76236951021244237,-0.14334976044249828,0.036634612201593697,-0.56745667694725066,0.72189588180620423,0.26873900222911568,0.29092723748835497,0.73123810513288101,-0.13382722368481101,0.045551891127216304,0.39574378277614541,-0.015689451196933234,-0.10920500613128997,0.91170991337762197,0.30677466634918288,-0.096094150254145055,0.073973979254832248,-0.0029163948052388813,-0.003311247528343319,0.0013839852665361446,0.052808376001510511,-0.038645912060894481,-0.08146384021414424
89.551,268547.053169213,2,198,1,199,268546519282208,268546.51978671306,4110640a1442f7d6,0.60096047436687272,-0.10232154747698027,0.0087693551886385106,-0.5128088063230164,0.75581901678146768,0.25813983464533041,0.31484698031078551,0.57142233741100246,-0.088882462653037175,0.018056465408600123,0.40516285160609111,-0.040098006174919452,-0.17183416314088001,0.89705531265183991,0.47936218180093149,-0.16293637449494619,0.094842398000674136,-0.0028663852072490148,-0.0033214789808687375,0.001328744406575435,0.052052797778571136,-0.035935763430343659,-0.08039457321599279
9.582,268547.053169213,1,213,1,214,268547019328250,268547.01983275503,4110640c144f09a9,0.79423426341958914,-0.15098268718078778,0.043654510855074255,-0.58666166536153319,0.71158778516184495,0.26199548297269892,0.28430500262583325,0.7626270776883447,-0.14248925293276052,0.051913344718983526,0.38629276765442799,-0.015775212212026747,-0.088336104107831895,0.91800096571223611,0.30062759954393792,-0.075326637276168271,0.07018322533006438,-0.0028655211465265788,-0.0033218161436593271,0.0013284706212322165,0.052520735162522959,-0.034363834837348367,-0.07996404613855744
89.546,268547.153178338,2,201,1,202,268546619291458,268546.61979596305,4110640a7aabcafe,0.64960200019207293,-0.11638518223029204,0.017750685864474681,-0.52853166320144607,0.74139751953323874,0.26665538991747573,0.31603631953291889,0.61941752564228081,-0.10434680768980957,0.026879540477328229,0.41202524813111302,-0.034917589263349744,-0.15051888649055048,0.89797551284663413,0.46906380979006917,-0.13465695044089901,0.065675315394723544,-0.002777186010525492,-0.0032997390587199429,0.0012798229642531937,0.05018232605719336,-0.029217907964204815,-0.080753898470234509
9.557,268547.153178338,1,216,1,217,268547119337583,268547.11984208808,4110640c7ab7e264,0.82842074468022509,-0.15768194508965924,0.051235186270562477,-0.61407376082037801,0.69126978013522578,0.26012676260463741,0.27819710266827835,0.79617160474521265,-0.15114814029883136,0.058762690529873172,0.38065244548130195,-0.012777659657381956,-0.054585827285812967,0.92301724502974913,0.31850089626323236,-0.08805344305623973,0.087613898888187991,-0.0027764946740274953,-0.0032996887880288339,0.0012794909984981254,0.049498968909765781,-0.028150589810150724,-0.080433968516821677
89.345,268547.253187546,2,204,1,205,268546719300583,268546.71980508807,4110640ae11495c3,0.69481768801076393,-0.12738342730510233,0.02488870516411703,-0.54082832480917487,0.73588987077764545,0.26407717571853934,0.31021624658931396,0.66429691002447477,-0.11598703002290323,0.033718495199249757,0.40608676250027104,-0.032625249022336211,-0.13792933823325595,0.90277606974421698,0.41013268375680978,-0.097817706928963744,0.063221406820788265,-0.0027552807585659862,-0.0032799054687050961,0.0012919959148164919,0.047510539669035123,-0.026169617126638085,-0.081352763507231973
9.618,268547.253187546,1,219,1,220,268547219346708,268547.21985121304,4110640ce120ad28,0.86455789714439268,-0.16500965061872824,0.059103499404203161,-0.64409979705844567,0.6666311006369352,0.25981960175530316,0.2706145872806075,0.83176591154267887,-0.16083669132804806,0.065932338472589461,0.37507360206118129,-0.0076332072646623384,-0.015932037125431023,0.92682668141176183,0.36654337053019337,-0.10983778157367589,0.071882885595610832,-0.0027550764622376739,-0.0032795746566611516,0.0012918953892653764,0.046379205079008098,-0.025909042043036623,-0.081318293406209802
96.419,268547.353196796,2,207,1,208,268546819309875,268546.81981438008,4110640b477d6bbd,0.73380467227864588,-0.13524633646681192,0.028540064850859151,-0.5525380252371197,0.73149362178971145,0.27075667090806066,0.29378510908366118,0.70310843064722206,-0.1247983916521916,0.037917812492083577,0.39919131027429083,-0.016283564360857872,-0.12654071248684901,0.907947460713736,0.35266934369352648,-0.08030124646807657,0.040116008305631987,-0.0027354556314649471,-0.0033168979332022829,0.0012991221070734981,0.047159378026267261,-0.024927476049589874,-0.08413302307053537
16.805,268547.353196796,1,222,1,223,268547319355875,268547.31986038008,4110640d47897abf,0.9040435911862581,-0.17249290666933514,0.067527034657937954,-0.67355641907346253,0.63645708288876446,0.27085810526591458,0.26053804326796004,0.87098353855372856,-0.17127494692268444,0.074228560301887389,0.37575381012732068,0.0072973856268632514,0.02623319149575289,0.92631940603755114,0.37093552119867501,-0.082063062081640561,0.098630848424607689,-0.0027356302990238276,-0.0033166497962025614,0.0012991689141967958,0.046354729005995687,-0.025184678695023586,-0.084678933575105281
97.183,268547.453205880,2,210,1,211,268546919319041,268546.91982354608,4110640bade63942,0.76686195898788623,-0.14369329723124277,0.035197439122084749,-0.56753206385670962,0.72202426168457023,0.26886146296545288,0.29034787579376498,0.73573627829260502,-0.13417622366179432,0.044140495864368384,0.39542070501883014,-0.015193187810039515,-0.10924247781796229,0.91185399825124003,0.31608991836642203,-0.09881785757757576,0.06620839526529658,-0.0027434415313962166,-0.0033033522229138006,0.0013125597270960546,0.047210939152095441,-0.027431448869048101,-0.085977033052040755
10.200,268547.453205880,1,225,1,226,268547419365083,268547.41986958805,4110640dadf24b15,0.93950015523750829,-0.17672333453443509,0.080736084174398176,-0.70237753451441443,0.61171951245880363,0.27374631052767273,0.23985005268205262,0.9064569560050123,-0.17806819354110973,0.087496209225041865,0.3631674615558253,0.023968273141780065,0.064104900458891653,0.92920690832927788,0.34542221255171568,-0.025775353926895551,0.14380178339757718,-0.0027437042670008876,-0.0033033290597680536,0.0013126396359005778,0.047213659906903856,-0.028014803233340782,-0.086581359220242002
98.040,268547.553215213,2,213,1,214,268547019328250,268547.01983275503,4110640c144f09a9,0.79836305392918094,-0.15215136746538743,0.042352852222551626,-0.58659871147548936,0.71174239424471808,0.26214981791622899,0.28390534005027096,0.76676284833398423,-0.14365632449305921,0.050636704177179588,0.386119294826821,-0.015383476819938662,-0.088489944354394987,0.91806577572172088,0.30968139089978547,-0.080996516926716083,0.067339880048649936,-0.0027457518837849075,-0.003313503729530245,0.0013365511740090002,0.050722442025923957,-0.029187448400309082,-0.089282983110262226
9.943,268547.553215213,1,228,1,229,268547519374333,268547.51987883804,4110640e145b1e3d,0.96733026192783689,-0.17783165224498043,0.10171365070964064,-0.73757862489763193,0.58245413018289405,0.26479901987457638,0.21588536451772433,0.93443281531758338,-0.18194893779262108,0.10805138833526921,0.33989517877094427,0.034587176475217057,0.1096895792225006,0.93340408767142802,0.25174712844372149,-0.028878881986067258,0.22195120789245557,-0.0027459859999199561,-0.0033136584007926544,0.0013365448038220066,0.051451108360558925,-0.029663678990569761,-0.08997343122732461
97.672,268547.653224296,2,216,1,217,268547119337583,268547.11984208808,4110640c7ab7e264,0.83007431587654379,-0.15951015840309202,0.050978284925754208,-0.613881962086127,0.69126264298287243,0.26058359815653243,0.27821059761607891,0.79783004864526164,-0.15298177554280409,0.058531324043470993,0.38098501935818696,-0.012464170518192229,-0.054716402739123302,0.92287657611905261,0.32168111694261758,-0.094880885161130413,0.09237519501853049,-0.0027498530873937797,-0.003373451403246846,0.0013912241499550004,0.057430267414163794,-0.030657670335431524,-0.09136190135265955
9.517,268547.653224296,1,231,1,232,268547619383375,268547.61988788005,4110640e7ac3e370,0.99000764589179457,-0.18099264805220791,0.12351487710078171,-0.7777643685431308,0.54260257066990514,0.25324297843244115,0.19113629800292251,0.95761380872299817,-0.18855014094980116,0.12924938375357542,0.31422359142590878,0.043916053720257399,0.16628449752797295,0.93364039153140366,0.2474952146243421,-0.060985006476109646,0.17679959529898184,-0.0027498771722957328,-0.0033737778576374837,0.0013911650056689167,0.058556809718132152,-0.030417136563863412,-0.091976737439425346
97.376,268547.753233671,2,219,1,220,268547219346708,268547.21985121304,4110640ce120ad28,0.86541301927812242,-0.16786590124331807,0.059869045548285024,-0.64398231646224502,0.66639823493947359,0.26061047743174098,0.2707072234329097,0.83262454079779369,-0.16371939794664778,0.066730761173572808,0.37569833924992002,-0.0071394773753899144,-0.015850447540052406,0.92657894917834094,0.36437251553224098,-0.1184362889661157,0.08049889455968251,-0.0027055180143327378,-0.0034772339897046209,0.0014130983326914347,0.065164430174150537,-0.028405180791032745,-0.092276425789802399
9.303,268547.753233671,1,234,1,235,268547719392708,268547.71989721304,4110640ee12cbc2a,1.0161505953245691,-0.18913644933391807,0.13639345453277818,-0.8137275386885412,0.5027916455681023,0.24133193074463799,0.16372845306284972,0.98464679974967029,-0.19994803427629743,0.14186898623073282,0.28642093655971607,0.054873943852462102,0.21986487268998034,0.93091961798178402,0.28218038654810285,-0.11448644497859355,0.083840861247685305,-0.0027052037996919548,-0.0034775562281348748,0.00141297926463675,0.066129525638749936,-0.027217607963749467,-0.092554938105665591
96.672,268547.853242713,2,222,1,223,268547319355875,268547.31986038008,4110640d47897abf,0.90378837034431236,-0.17529630970508636,0.068899098509925968,-0.67354003734723089,0.63599407566318744,0.27206456895913056,0.26045398315476298,0.87073688649119307,-0.1741318786931145,0.075652206497508798,0.37654746928886379,0.0082099237373813687,0.026549003406588334,0.92598042686792026,0.36434652913682114,-0.091782794409502641,0.10693042301631285,-0.0025889514892689408,-0.0036313399476673768,0.0014032391530152673,0.074642314832394391,-0.021255980754982511,-0.09200164420586196
9.001,268547.853242713,1,237,1,238,268547819401875,268547.81990638009,4110640f479589c1,1.0456656900586834,-0.19929708139354779,0.13325138539454651,-0.83050038813386085,0.48885805487174028,0.22836600097855372,0.13833267981958816,1.0146581194024946,-0.21129555688725543,0.13907616863471572,0.25929511694565932,0.063663170230413263,0.24157760416256821,0.93292727704329881,0.29245599150084373,-0.064597979002869968,-0.1076553424610644,-0.0025880903320489746,-0.0036315684905571552,0.0014030935829123484,0.075066635452925565,-0.018967793192536053,-0.092019084515175459
88.569,268547.953251921,2,225,1,226,268547419365083,268547.41986958805,4110640dadf24b15,0.93506573820109862,-0.17803428305449251,0.080883989727810274,-0.70252377045568171,0.61092799214872273,0.2755041042610008,0.23942615166620063,0.9020430216535833,-0.17947034684178026,0.08772495929271111,0.3641106661166329,0.025510964252359176,0.064767994245677599,0.92875062338843606,0.33500406442892749,-0.03859355599915594,0.14401342743145665,-0.0024567085235649138,-0.0037790281635060653,0.0013864391279902952,0.082974063788524899,-0.0094160635800297782,-0.089647232150336417
9.093,268547.953251921,1,240,1,241,268547919411000,268547.91991550504,4110640fadfe5485,1.0718771724118688,-0.20318419546450572,0.11570296667017269,-0.84135111042690713,0.49055682485543661,0.20236604114930956,0.10261748960678624,1.0409938588004115,-0.2151606702558802,0.1221949574214409,0.21565591701005832,0.070532875332639508,0.24804901152942566,0.9418011078965326,0.30464605237769588,-0.047005219879005564,-0.09713210987151788,-0.0024553773153935181,-0.0037790315275929055,0.0013863787535071917,0.082621887341145436,-0.0068051265186517516,-0.089335059792441593
86.710,268548.053261046,2,228,1,229,268547519374333,268547.51987883804,4110640e145b1e3d,0.95948621721779104,-0.17737779422235461,0.099740476739082817,-0.73781761347329489,0.58144685516397054,0.26685353621135,0.21525326314014007,0.92662170258917342,-0.18160534464399705,0.1061757271323816,0.3409009780074877,0.036486902028950871,0.11057082063793214,0.93286082713195895,0.24251916909310109,-0.044929834405729133,0.21262344170320663,-0.0023845456778035408,-0.003849923435322936,0.001386099104196614,0.086900156632680373,-0.00059813499213714344,-0.088064169417071861
8.978,268548.053261046,1,243,1,244,268548019420250,268548.01992475503,41106410146727ad,1.0993027189419924,-0.20904878247788217,0.10905627152454013,-0.83608798000804696,0.50228645102747693,0.19600565793539856,0.1012276941853236,1.0680923209215998,-0.22014954483510821,0.11554048947766857,0.2101757132873861,0.067018139091630125,0.23603331843263997,0.94637361077246307,0.30769078544581441,-0.065742669542962984,0.011893456662738494,-0.0023833683830068102,-0.0038497254832607812,0.0013861931243837992,0.086097470381531552,0.0010146002273697108,-0.087745874107127989
85.043,268548.153270296,2,231,1,232,268547619383375,268547.61988788005,4110640e7ac3e370,0.97994574402090673,-0.17893515375161861,0.11861088689842134,-0.77812119609488606,0.54151021687747802,0.25505710422013511,0.19036810658429654,0.9475936993607017,-0.1866021174667537,0.12443530323497419,0.31496317869127521,0.045742027679438656,0.16730922345634919,0.93312029595272172,0.24266789369975317,-0.076967953228925537,0.15675330437125601,-0.0023653730512090392,-0.0038853805961622358,0.0013875483098528707,0.086797612422118656,0.0035156907521887849,-0.08342111298722632
8.501,268548.153270296,1,246,1,247,268548119429375,268548.11993388005,411064107acff272,1.125289485362541,-0.21492604533021797,0.10945609931485624,-0.82823243425208437,0.520527949736725,0.17605300437935475,0.10994126275985441,1.0933930303139121,-0.2245134124170769,0.11493875374854086,0.20222848029407237,0.04674805957141151,0.21757992181333805,0.95371758833942011,0.25551966611293037,-0.080512884805776799,0.031592523433383667,-0.0023646249279460347,-0.0038851953289448147,0.0013877227644167216,0.086024773134693422,0.0039805587048679439,-0.08307258233116864
83.351,268548.253279421,2,234,1,235,268547719392708,268547.71989721304,4110640ee12cbc2a,1.0034796825219603,-0.18554161333661578,0.12920783078377365,-0.8139227771077937,0.50204486109117963,0.24269226140681766,0.16303738780660015,0.9720138193421578,-0.19642514757718132,0.13475842433320523,0.28689417865407163,0.056324499778687975,0.22053098345017624,0.93052961603464523,0.28010102395804432,-0.12760450859037506,0.059291669172254348,-0.0023695883114082028,-0.0038461469796514788,0.0014497964615403705,0.085666155522938048,0.0057311085322020667,-0.080574530418385915
8.028,268548.253279421,1,249,1,250,268548219438541,268548.21994304605,41106410e138bff7,1.1458513404052406,-0.22988814575060659,0.10973120475114923,-0.81290465536771628,0.55355652343791795,0.13560363101452871,0.11988705146501837,1.1129795668503359,-0.23662623805868707,0.1133925661604414,0.18065918930460509,0.01111329968083347,0.18338681789639014,0.96623394005377561,0.17617594656896787,-0.14484063630063967,-0.031773427680507491,-0.0023693024557165528,-0.003845786881716988,0.0014500879835814169,0.085020878227682659,0.0062102485363026913,-0.080200303628034361
81.312,268548.353288588,2,237,1,238,268547819401875,268547.81990638009,4110640f479589c1,1.0321121941591291,-0.19503819654413118,0.12516348113595191,-0.8305546406971307,0.48852496537159712,0.22922471316460369,0.13776222672498262,1.0011288232630517,-0.20707107503450894,0.1310457863914202,0.2594989468985352,0.064673742664913617,0.24185149635495903,0.93273010955963631,0.29100299911492822,-0.072044804870980181,-0.13087524906085965,-0.0023544581693942953,-0.0038513440141197371,0.0014886175423674411,0.085340282286586161,0.0079401510352104764,-0.078342993137482511
7.698,268548.353288588,1,252,1,253,268548319447791,268548.31995229603,4110641147a1931f,1.1607414126684874,-0.24465579234441207,0.10076659505038509,-0.80683453813117856,0.57348252775265318,0.11036667823892579,0.089191187838601832,1.1276470248385058,-0.24985853279932732,0.10489623642514778,0.14110871658816435,0.014973332458635649,0.16500478455201198,0.97603153150544708,0.13082956048111394,-0.12968437874407271,-0.042972165375607461,-0.0023541751085913425,-0.0038509925967204718,0.0014888045056528616,0.084976211885875896,0.0087120190982697097,-0.078041558823260554
85.460,268548.457082179,2,240,1,241,268547919411000,268547.91991550504,4110640fadfe5485,1.0592776504117107,-0.19945134059097286,0.10893401380294895,-0.84112395329506073,0.49080601107798044,0.20271470377558243,0.10259998425276683,1.0283924487734568,-0.21141209119768373,0.11544598099075505,0.21589008055667774,0.070791795187668691,0.24771218592232475,0.9418166848155336,0.3000747710576917,-0.046637858397549976,-0.11272216934472089,-0.0024052841360628972,-0.0037828304761958254,0.0015526834653973372,0.087891777449221081,0.0075667258018470105,-0.076056242476965866
13.157,268548.457082179,1,255,1,256,268548419579625,268548.42377634608,41106411b1f26d2d,1.1707875038413869,-0.25470594075056713,0.099613616833962054,-0.79800942067952707,0.58492317641546621,0.11502959172207117,0.088397332762369524,1.1376158182432647,-0.25900837035890584,0.10414013050468272,0.14384455395170906,0.018831850407676497,0.15067472428780262,0.97788099131205719,0.13403264883473751,-0.071036785042694686,0.028741073144339449,-0.0024048220106258748,-0.003782817938149718,0.0015526457887616262,0.088826292976041318,0.0086217501783957175,-0.076149719109887992
86.645,268548.557090596,2,243,1,244,268548019420250,268548.01992475503,41106410146727ad,1.0889291921083277,-0.20587730498041718,0.10385501419610429,-0.83575638372529359,0.50271023632761669,0.1961319888902899,0.10161683669683316,1.0577060731093484,-0.21694598163203518,0.11033283706525554,0.21054020806130208,0.066832303262715581,0.23549918300720402,0.9464387982500736,0.29957410159097336,-0.063840872813414828,0.001451291307797349,-0.0024017193865972365,-0.0037896935950067728,0.0015480767147761643,0.09318903939196195,0.0055365197890071619,-0.07823524960388073
10.389,268548.557090596,1,258,1,259,268548519557666,268548.52375438705,41106412185311ee,1.1795318324577437,-0.2634522628048695,0.10225934271355726,-0.78805683829111839,0.59851375701093068,0.112837989596899,0.089528451385452512,1.1462326983302678,-0.26661551265157557,0.10678951585972783,0.1430946788959967,0.016482332097107873,0.13402719453425405,0.98045344444576754,0.13840065614769997,-0.072736592751306922,0.0097841228311874619,-0.0024013372038722983,-0.0037902439240201976,0.0015478741108516094,0.09416397219476047,0.0054173668332541261,-0.07906021251424912
86.184,268548.657099096,2,246,1,247,268548119429375,268548.11993388005,411064107acff272,1.1159966276665934,-0.21304379113706085,0.10690031244001191,-0.82790241846161428,0.52099742404337646,0.17595351353572775,0.11036160533667864,1.0840857225998746,-0.22259270382419089,0.11236596485148366,0.20245535672433526,0.04638048184450292,0.21701459695921305,0.9538162003992825,0.24476951657539014,-0.082769546206971245,0.027220939440796239,-0.0023803547531788712,-0.0038015540904106082,0.0015041296265196392,0.095618354895182611,0.0026606557447895686,-0.082026363518489326
8.374,268548.657099096,1,261,1,262,268548619566291,268548.62376301206,411064127ebbbb25,1.1871224802745723,-0.26869151211278641,0.10600615325967652,-0.77858760994920728,0.6079791403763668,0.12579353320242648,0.091316694627681855,1.1538629121623845,-0.27113186840830628,0.11122216151391155,0.15352011027903303,0.024378805701447508,0.12063840255308006,0.98045072563690094,0.10006251364861464,-0.03558345990302942,0.024498839276896715,-0.0023804079570044412,-0.0038020843746025611,0.0015039638960198307,0.096237876265711855,0.0016209363896480243,-0.083086440534645423
86.606,268548.757107637,2,249,1,250,268548219438541,268548.21994304605,41106410e138bff7,1.1354665246265399,-0.22868490849405659,0.10996377644227402,-0.81282338280678634,0.55376156144733546,0.13521625967627546,0.1199287194861168,1.1025889927067265,-0.23540420797495318,0.11360793084546174,0.1804147401512701,0.010809923048511657,0.18318436575595851,0.96632145543934922,0.16140420981187828,-0.15000013080558858,-0.025730355278907081,-0.0023182016256270577,-0.0037723638801860949,0.0014189742096066863,0.09915740870843899,0.0021245702576278918,-0.094739016658779956
8.450,268548.757107637,1,264,1,265,268548719574625,268548.72377134603,41106412e52450d4,1.1923384843678912,-0.27006520657242461,0.11305192972693671,-0.78436950072289069,0.58909957455388684,0.16803506235748455,0.097418933617388639,1.1595419666550431,-0.27430166861963484,0.11981963001580738,0.1877043156527933,0.049933142164730916,0.13807668528219771,0.97118927103853159,0.077301817382694246,-0.049043391057070819,0.023408121498194424,-0.0023184678729576517,-0.003772590178677896,0.0014188854135788402,0.1002475433497889,0.001412493307882685,-0.0958895568062091
87.834,268548.857115929,2,252,1,253,268548319447791,268548.31995229603,4110641147a1931f,1.1465313702059388,-0.24429815089040741,0.10599440149790387,-0.80666515682953976,0.57390712885515849,0.10961055245086911,0.088924193616236255,1.1134287304125969,-0.2494636598273772,0.11010459712596714,0.14038526151007552,0.014627464220845319,0.16458477557731108,0.97621199915253121,0.1125263608520357,-0.13569955699973957,-0.020525989964653983,-0.0022660070418598324,-0.003601761900703688,0.0013813053647038392,0.10219485769168996,0.0047520971097960137,-0.11318647167051593
8.455,268548.857115929,1,267,1,268,268548819583083,268548.82377980405,411064134b8ceed6,1.1992576214569888,-0.27795946643416719,0.11986993996264647,-0.79025479676129406,0.57861632825396447,0.1817123712580353,0.087642274148543489,1.1668092207280172,-0.28317576706528308,0.12756750125337304,0.1904624912435991,0.066517601803215434,0.14965099225981821,0.96793802931555628,0.087513820806221693,-0.10034063315238843,-0.039634504704776502,-0.0022663408799718644,-0.0036015902335900865,0.0013813976521340043,0.10394639680046318,0.0042199700829183822,-0.11409312073458747
92.146,268548.957124346,2,255,1,256,268548419579625,268548.42377634608,41106411b1f26d2d,1.1571082373482151,-0.25417083431576704,0.10978878717440163,-0.7975694252407497,0.58582888815671974,0.11377930762583907,0.087987772394046954,1.1239219943769729,-0.25839388211496811,0.11428323894363249,0.14267086670633489,0.01823736897438414,0.14972316564062874,0.97821030245888552,0.11793084066010991,-0.070972312249642705,0.060047155103550506,-0.0022689930158086248,-0.0032898796006269686,0.0014234344777010256,0.10752474056918124,0.004460637206192242,-0.12333434584557552
11.472,268548.957124346,1,270,1,271,268548919591583,268548.92378830403,41106413b1f58fa9,1.2007612893783388,-0.29016840416988693,0.11886184408921756,-0.78840647323750856,0.57769222222260563,0.19205980739780382,0.088317681896096525,1.1684449997677975,-0.29552207125854152,0.12700780176637694,0.19825681869690712,0.073356758485215584,0.14899747182101972,0.96597762562891076,0.078106777824857865,-0.17913390855941461,-0.026424818587848297,-0.0022694850199541021,-0.0032896047590280464,0.0014236571080567151,0.11082827714356705,0.0024537765019238852,-0.12413053728110339
89.326,268549.057132929,2,258,1,259,268548519557666,268548.52375438705,41106412185311ee,1.1716957508791441,-0.26350489683718914,0.11667198156415937,-0.78746321298931732,0.59961758426527845,0.11150461238674124,0.089034911452618118,1.1383832648146275,-0.2665709317959018,0.12117072069862093,0.1418028534298916,0.015888477479019527,0.13282691435299368,0.98081421169658933,0.12737387017603952,-0.073385368344647234,0.045904648364595797,-0.0022051083646008568,-0.003231634628769338,0.0014536556571875679,0.11231041067786664,0.0002172887150460553,-0.12173796661026222
9.673,268549.057132929,1,273,1,274,268549019600083,268549.02379680407,41106414185e307d,1.2110133725991623,-0.31241950884877473,0.11936823752892287,-0.77779304486804124,0.58268552142773378,0.21335529084396612,0.099975674815217547,1.1788002683078882,-0.31746265480520325,0.12809999237822223,0.22155844467850094,0.080171493209193131,0.13796184921450871,0.96200359429139626,0.083525930754783387,-0.23097572415188425,0.019245527992126053,-0.0022055028051827011,-0.0032315217289216923,0.0014537217709458886,0.1138020945251743,-0.0030526758049584067,-0.12111312729181968
87.315,268549.157141387,2,261,1,262,268548619566291,268548.62376301206,411064127ebbbb25,1.1869688261973736,-0.27261452882433873,0.12322337495579611,-0.77761752452905286,0.60956142231408572,0.1243894408361466,0.090957012883492602,1.1536939059637945,-0.27491521986176898,0.1284048280498456,0.15227293367822173,0.023640295887872944,0.11883360633426737,0.98088361393437207,0.093891112918518829,-0.040908737499276128,0.058809602755230922,-0.0021457743662312932,-0.0031280270967064747,0.0015085847662934951,0.11796361873241093,-0.0035438179777663422,-0.118127232800915
8.463,268549.157141387,1,276,1,277,268549119608416,268549.12380513706,411064147ec6c61b,1.2204087198598181,-0.3365495805578595,0.12645926109684111,-0.76950000969005294,0.57128874022202425,0.25734862705634842,0.12357446235866741,1.1886199140874862,-0.34267556343125505,0.13601463201431066,0.26935329246940903,0.094592616488542475,0.1401565290193989,0.94808079197659889,-0.036841205385925502,-0.21339600815069551,0.18297771885507316,-0.0021461112249044328,-0.0031280667173951351,0.0015084671150966086,0.11967901077625248,-0.0075708453172921245,-0.11660370757964339
86.646,268549.253615577,2,264,1,265,268548719574625,268548.72377134603,41106412e52450d4,1.1949911606949426,-0.27507682258397337,0.12720190018777783,-0.78335960832469853,0.59082145657447938,0.16670757605799966,0.097397986601016256,1.1621680684642615,-0.27916400965009813,0.13393246259141892,0.18675082933654144,0.049009279402335966,0.13614502911739726,0.97169272371527038,0.068072315881160764,-0.051133719916753806,0.046410131504541687,-0.0020938377522962161,-0.0031063265314006817,0.0014665587747797067,0.12519210026276006,-0.0099962430431404081,-0.11692915102129624
8.163,268549.253615577,1,279,1,280,268549219444291,268549.22029866005,41106414e195f8d1,1.214584209672201,-0.35305507029750871,0.1404447301223217,-0.76992008400239109,0.53567777841747299,0.31553653024022588,0.14390668245745578,1.1838236596159524,-0.36220133845367414,0.15090872988432175,0.32487540262495113,0.12136062599226176,0.16563431831296069,0.92319707745694424,-0.081462614444481607,-0.17152320980461144,0.088269087888031075,-0.0020939145987967944,-0.0031065085117352453,0.0014663193652046554,0.12875453049339541,-0.01464553473135468,-0.11603199624075815
86.140,268549.353265005,2,267,1,268,268548819583083,268548.82377980405,411064134b8ceed6,1.2023427206246287,-0.28055316352245552,0.12549848549916545,-0.7897766299024872,0.5795237094555955,0.18087373829037368,0.087692012452912915,1.1698751069726707,-0.28569085410501921,0.13316784995729516,0.18990465849238516,0.065889428469264308,0.14867126185668963,0.96824152967987487,0.075018787074801974,-0.094368022720933351,-0.034409118503185877,-0.0021109806578071817,-0.0032318976828297034,0.0013818268537810622,0.12888652455681651,-0.017472568791003132,-0.1148923412797989
8.332,268549.353265005,1,282,1,283,268549319424166,268549.31992867106,41106415479b61ad,1.2057678400108218,-0.36689703889304282,0.14719488281164297,-0.76524458010954655,0.52920946190103113,0.33237041689122665,0.15449283878360653,1.1752014235654173,-0.3765571613764449,0.15776546327150293,0.34426430043865591,0.12577843835444666,0.1669020282427742,0.91531720668686656,-0.10809591142695039,-0.14647154684486535,0.027048270404769873,-0.0021113891991090959,-0.0032324449750657028,0.0013815719248527452,0.13161931064264784,-0.020587100862379599,-0.11441456144443189
86.178,268549.453274171,2,270,1,271,268548919591583,268548.92378830403,41106413b1f58fa9,1.2095381484125352,-0.2934250354895851,0.12132494222565596,-0.78867581499669792,0.57745066935723566,0.19177943464578853,0.088101560471972012,1.177222993670729,-0.29879710573373303,0.12946328279801222,0.19790574430747981,0.073311325936772587,0.1493587288649057,0.96599727534364932,0.072459967122429733,-0.17059822505086794,-0.023860696116420194,-0.0021733881623690245,-0.0033576329587705709,0.0013335418598600574,0.12970471937684824,-0.022839894090363813,-0.11643519208571557
8.435,268549.453274171,1,285,1,286,268549419433291,268549.41993779608,41106415ae042c72,1.1973787600002834,-0.38179477069149226,0.15144401579820629,-0.75704664784304676,0.53235166526973432,0.34262322559872954,0.16152849893114546,1.1668259251560817,-0.3912324798543963,0.16225210909471205,0.35648909367713261,0.12805330585675606,0.15888334164889414,0.91174226659450952,-0.08156616483411723,-0.15816589563852124,0.074260519851211682,-0.0021741672594960877,-0.0033582600592678602,0.001333380224385252,0.13071736194362624,-0.024093270186909294,-0.11641917627755966
82.833,268549.553283380,2,273,1,274,268549019600083,268549.02379680407,41106414185e307d,1.2176343245634871,-0.31390612283267655,0.11989060855596755,-0.77842541881958116,0.58183062023572196,0.21348602782892229,0.099753525381229502,1.1854325185273655,-0.31902012504705196,0.12862282599084418,0.22149380631762541,0.08042102158237821,0.13901351152602356,0.9618462437748464,0.071433422382530892,-0.22112959567300591,0.021285676725046974,-0.0022380857474512332,-0.0034895577505407293,0.0013074772773195827,0.12881288296583035,-0.027752762133619723,-0.11583530534637963
8.304,268549.553283380,1,288,1,289,268549519442416,268549.51994692103,41106416146cf736,1.1892552709995741,-0.39617115896160027,0.16017247534378745,-0.75130995465595884,0.52719346554851521,0.35413743370068118,0.17940772888084711,1.1586440788510644,-0.40587426387574838,0.1705727456402103,0.3772733924928513,0.12355255586555955,0.1584742850071896,0.90403841414371489,-0.089972869773378317,-0.15409057903697074,0.10074081687875563,-0.0022387628733117793,-0.0034899412470552195,0.001307409052711828,0.12799463540284595,-0.027515658291954032,-0.116211399979708
81.750,268549.653292380,2,276,1,277,268549119608416,268549.12380513706,411064147ec6c61b,1.2217462501594332,-0.33444331304866043,0.12646530942358325,-0.77039159163579418,0.56994019834915854,0.25788814908804847,0.12312076029252773,1.1899841651427792,-0.34068301800159678,0.13603594103606056,0.26941397634740338,0.095294931964676852,0.14174053572008896,0.94775767252199572,-0.049020538772474476,-0.20390006984796327,0.18970761226270683,-0.0022600650972076047,-0.0035372955061044654,0.0013082903833311133,0.1261129885082001,-0.028515751345954285,-0.11623180026803702
8.773,268549.653292380,1,291,1,292,268549619451583,268549.61995608808,411064167ad5c4cd,1.1810957841925656,-0.41179382287056304,0.17176667188383288,-0.74194275075217242,0.53207433459166042,0.35108012618587547,0.20775142667363677,1.1498711819938932,-0.42069523705817546,0.1809943473745424,0.39515357005441909,0.10134869266724539,0.14839937627562907,0.90086609642548532,-0.075134356784417947,-0.16032081867311648,0.097403927137386201,-0.0022602804135620066,-0.0035373952731035958,0.0013082842597800469,0.12421710148090936,-0.027481689847453746,-0.11660130204778303
82.841,268549.753301505,2,279,1,280,268549219444291,268549.22029866005,41106414e195f8d1,1.2141125555302068,-0.3495161581517971,0.13990939911427122,-0.77069501781939875,0.53416635177163796,0.31639912318054331,0.14348221564500277,1.1833948286321452,-0.35878583992256957,0.15039058254226806,0.32518520457273642,0.12227071464702396,0.16725101925745928,0.92267629839724108,-0.083478661895905609,-0.16293186982397526,0.091836381736060596,-0.002350713169942164,-0.003585055685366515,0.0012673983468686012,0.11690447995197725,-0.025624112391000497,-0.11332845639306417
9.154,268549.753301505,1,294,1,295,268549719460750,268549.71996525506,41106416e13e9263,1.1732126164453174,-0.42624591943221285,0.17821961122696114,-0.72719348509255943,0.53867510090029436,0.35987445018363595,0.22695639278614943,1.1417389798300415,-0.43439981303400982,0.18729072853999004,0.41495205743303937,0.093987257227257995,0.13330262429399994,0.89510423743121537,-0.10230362098744049,-0.14607396695619462,0.070085352715589827,-0.0023508978810670277,-0.0035851073620540713,0.0012672821706332844,0.11428731461039218,-0.024410082961387879,-0.11339627460201404
84.446,268549.853310630,2,282,1,283,268549319424166,268549.31992867106,41106415479b61ad,1.2046770770953894,-0.36234315514341547,0.14575250578890359,-0.76588077903672558,0.52796170084653904,0.33309786922187024,0.15404199905758878,1.1741491126251529,-0.37210574438561567,0.15634005454008548,0.34445989508194447,0.1266116166357624,0.16823418908585416,0.91488476697103216,-0.10345387228686392,-0.13866468894918207,0.021285329492075684,-0.0023336596211995107,-0.0036472516940801456,0.0011952129927734322,0.10764810360815114,-0.020581244011530272,-0.10616276388440005
9.275,268549.853310630,1,297,1,298,268549819469833,268549.81997433805,4110641747a75a56,1.1637017581670963,-0.43711540144719163,0.17942729232394017,-0.71287691899284955,0.5495837086660148,0.36162938802562677,0.24287545051911269,1.1319152572352043,-0.44415508726568892,0.18833920199865523,0.42744945922224159,0.083971712269288096,0.11546573327171698,0.89269444704736567,-0.10127358169937609,-0.1374365637206702,0.051970684568654078,-0.002333572565843899,-0.0036472539038056328,0.001194893630411194,0.10472445260611281,-0.020020299260179876,-0.10619684335598661
86.357,268549.953319838,2,285,1,286,268549419433291,268549.41993779608,41106415ae042c72,1.195166467874148,-0.3758984426569541,0.14833324321368696,-0.75741794829893605,0.53172223320106182,0.34300050266331439,0.16105969917859528,1.164637216100648,-0.38539090029434886,0.15916001494486817,0.35642437736556182,0.12865157249563935,0.15959096638433845,0.91155973998552819,-0.074005322420684291,-0.14830902670443902,0.062035814606141784,-0.0022767990875412797,-0.003607891116531238,0.00122559996808282,0.10497733189941608,-0.016040478010006454,-0.10351478845167392
10.104,268549.953319838,1,300,1,301,268549919478916,268549.91998342104,41106417ae102249,1.151219485978052,-0.45040464928691987,0.18384847103767449,-0.69591073696717753,0.56302426681913498,0.35990429938833796,0.2630225648891083,1.119046838675656,-0.4559632253562359,0.19241491426715218,0.44047579819444971,0.068505729614840111,0.093964921669571322,0.89020145456550026,-0.15429713686857269,-0.13702731637002591,0.051972269363939658,-0.0022763429130600484,-0.003607760820866709,0.0012254590679755457,0.10373334745333547,-0.015663645030089497,-0.1029002712783606
87.750,268550.053329005,2,288,1,289,268549519442416,268549.51994692103,41106416146cf736,1.1868473704916502,-0.38891598395626054,0.15589789258803963,-0.7516582314324709,0.52693366089187221,0.35403422670510665,0.17891517451769356,1.1562468218176327,-0.39864360148931716,0.1663065827047763,0.37685212560733417,0.12382786602208684,0.15890426350064712,0.90410097337795581,-0.079199602816690071,-0.14084782663737225,0.083019566993943458,-0.0022417383526629957,-0.0035675086852372854,0.0011531697671768417,0.10406732750020409,-0.0097588278327031992,-0.10151109233665299
9.769,268550.053329005,1,303,1,304,268550019488041,268550.01999254606,411064181478ed0e,1.131179266141213,-0.46339260434094348,0.18658721848455809,-0.67495645579304564,0.57938389078839236,0.35051628138063579,0.29306395134469482,1.0984896279348157,-0.46683184936251065,0.19426316139621924,0.45507993468973185,0.040624931082504749,0.067580007012132515,0.88695254138514723,-0.25266048839493305,-0.10193851934335491,0.0058964091497318927,-0.0022412219583930562,-0.0035675762530547155,0.0011528651907457778,0.10489413881719081,-0.0091829427406340848,-0.10071960849053173
90.049,268550.153338130,2,291,1,292,268549619451583,268549.61995608808,411064167ad5c4cd,1.1794408726267442,-0.40193851365376926,0.16537404467649086,-0.74234187148381148,0.53200576550695455,0.35063398745959851,0.20725412266088764,1.1482183441081897,-0.41084920597277808,0.17459978189747219,0.39448645531374193,0.1013848719873086,0.14873008290745962,0.90109983173034536,-0.061809975040254428,-0.14260621435381943,0.074445473593687334,-0.0021738273910025213,-0.0035221802140182434,0.0011153904006440411,0.10564657445001649,-0.0042518186482794536,-0.099793747032723187
9.986,268550.153338130,1,306,1,307,268550119497208,268550.12000171305,411064187ae1baa4,1.103537982708757,-0.471974498065378,0.18540484022133502,-0.64907930977521089,0.59912131155198478,0.34413129745180421,0.31831337859503089,1.0706101404746768,-0.47306064637471051,0.19274911960220431,0.4684191101307717,0.018256025014024294,0.035325638378266279,0.88261110013875954,-0.3081185168138933,-0.08075247761352336,-0.016344933507201738,-0.0021731033326312212,-0.0035223717498421227,0.0011151801769996705,0.1081407274193646,-0.003719473682841778,-0.098993348215025673
93.561,268550.253347213,2,294,1,295,268549719460750,268549.71996525506,41106416e13e9263,1.1719610518169394,-0.41489950769150646,0.17181478716886023,-0.72749722861432842,0.53909144618680727,0.35904985745770213,0.22629946548494542,1.1404812236608219,-0.42302704627159154,0.18088807146161465,0.41390446460325903,0.093868699871615335,0.13322300282469435,0.89561341709706066,-0.093030245072530771,-0.12593367394694738,0.047333566769537185,-0.0020649969648077328,-0.0034378099987537754,0.0011273508425300388,0.10828940004137749,0.00025881418756957847,-0.097557465734168777
11.833,268550.253347213,1,309,1,310,268550219506250,268550.22001075506,41106418e14a7fd7,1.0685183410318051,-0.47551537364710261,0.18222367349956714,-0.62193322829834297,0.62257439472431297,0.33491246870953123,0.33679945678017925,1.0356036063716583,-0.47401745738364243,0.18955425608803739,0.47497204488042716,-0.0013343020252725717,-0.00045337311560997458,0.87999975606418712,-0.36534360920690367,-0.034431776717641596,-0.015282909697798087,-0.0020639137697468619,-0.0034378687104712467,0.0011272427995319813,0.1103436738452431,0.00040025992659151383,-0.096770586089046082
93.784,268550.353356380,2,297,1,298,268549819469833,268549.81997433805,4110641747a75a56,1.1630360920102747,-0.42869618607312754,0.17643948793260342,-0.71282088349299455,0.55043568140016319,0.36073581665152854,0.24243900778348293,1.1312367873967906,-0.43567197808147318,0.18535596167067644,0.42650899725120128,0.08364847351775262,0.11482367450916287,0.89325725964815905,-0.099156060189979869,-0.12307485248508648,0.036091672979282084,-0.0020045719356115762,-0.0034354057428955527,0.0011926519029185829,0.11042305880316378,-2.4014636724406101e-05,-0.094802880007327922
9.234,268550.353356380,1,312,1,313,268550319515416,268550.32001992106,4110641947b34d5c,1.0304017410201933,-0.47882357626865202,0.17887186678396724,-0.58753182964628103,0.6443443175541097,0.337568794735634,0.35450544653281918,0.9978473240114466,-0.47496582342297883,0.18691479088959742,0.48937037606515249,-0.011976021017748117,-0.040172494386865445,0.87106795409151117,-0.39405799261792168,-0.028064585577379134,-0.033067969524209789,-0.0020036811541935913,-0.0034355558367396679,0.0011927318684826866,0.11091558335650029,-0.00030737719999447477,-0.094366895786568955
97.902,268550.453365505,2,300,1,301,268549919478916,268549.91998342104,41106417ae102249,1.1505697535065063,-0.44290980755023118,0.18043542320969894,-0.69582408732033185,0.56373659015054511,0.35916562822722253,0.26273561072471374,1.118387781413408,-0.44841293630997631,0.18900263967826758,0.43975057159112046,0.068186317471779903,0.093399962473693393,0.89064387265889466,-0.15837371616988247,-0.12470833684285364,0.037458009422732239,-0.0020068844363402218,-0.0034393070376523898,0.0012524579060788051,0.10822658496525531,-0.0012101963203539131,-0.091790298479644775
13.830,268550.453365505,1,315,1,316,268550419524583,268550.42002908804,41106419ae1c1af2,0.98840034319401981,-0.48282061137928212,0.16986448481844854,-0.56759958255700327,0.6492593305362433,0.34244553070383121,0.37285942029965724,0.95601404340150686,-0.47796443156089669,0.17804409699064722,0.50579696801352247,-0.021505867003277338,-0.057742160009803346,0.86044916630220958,-0.4325783867442462,-0.030346742112366831,-0.14774465185388086,-0.0020064358469407016,-0.003439462674237787,0.0012525938105413647,0.1068969194295061,-0.00090760964497491612,-0.09192346882059349
95.621,268550.553374630,2,303,1,304,268550019488041,268550.01999254606,411064181478ed0e,1.1298871988794492,-0.45596510925158729,0.18328491320294846,-0.67469753703930535,0.58021339413914541,0.34968604023851735,0.29301088247608487,1.0971881956013791,-0.45933201413029062,0.19095303475422298,0.45445534020787393,0.040075387312378079,0.066810376381728945,0.88735600561220085,-0.25545348727475137,-0.088665530721547231,-0.0053387764254410877,-0.0020610508943400842,-0.0033621240506980588,0.0012413152167577246,0.10101584376700351,0.0035427713391935432,-0.093263438115811129
8.509,268550.553374630,1,318,1,319,268550519533708,268550.52003821306,4110641a1484e5b7,0.94511528823132962,-0.4862937065696793,0.14820671019800621,-0.56169050274029442,0.64728501462454913,0.34508063696649682,0.38268171654408811,0.91272101253245086,-0.48127228065400557,0.15625389204540052,0.51460568156789388,-0.026587977641843698,-0.060524458175380755,0.85487476387219263,-0.42216279069457346,-0.067144339889834773,-0.22083462616638805,-0.0020608416665577876,-0.0033623290496267166,0.0012413642478634323,0.099783875220471413,0.0054192415622497849,-0.094070194986569169
93.707,268550.653383755,2,306,1,307,268550119497208,268550.12000171305,411064187ae1baa4,1.1023207285026499,-0.46572348151912418,0.18220179626135244,-0.64863593868980285,0.59984314124239879,0.34339914953261386,0.3186482422000908,1.0693863116338811,-0.46673351732506163,0.18952743378661083,0.46813818770566529,0.017501533949696883,0.03450171703016016,0.88280800010140015,-0.30399589746833133,-0.067616994036807598,-0.023653602434460276,-0.0021320240891218424,-0.0033243974627879978,0.0012392294666927809,0.090439669763702976,0.0080671581409857748,-0.094551585360272195
8.384,268550.653383755,1,321,1,322,268550619542833,268550.62004733807,4110641a7aedb07c,0.90454750906046233,-0.4956659407399111,0.12114270755379151,-0.54671582495207738,0.64284184517822651,0.3485914248889832,0.40784830579661724,0.87213781715565974,-0.49007241344990465,0.12873778984816642,0.53488364889547124,-0.041900941206925231,-0.067971358941923091,0.84114427278192194,-0.43704205145682479,-0.10202059420323435,-0.29299432180897333,-0.0021316192845538639,-0.0033246240409160136,0.0012391609740352767,0.089376283283710958,0.010632801114298328,-0.095520838248300377
91.031,268550.753392713,2,309,1,310,268550219506250,268550.22001075506,41106418e14a7fd7,1.0686674017111408,-0.47140757717422421,0.17886969638117098,-0.62145316803546646,0.62279190289871056,0.33465634556244045,0.33753724121903644,1.0357493716386803,-0.46986481657738638,0.18617614133449997,0.47531263083700853,-0.0020371008004703055,-0.00094662847482459363,0.87981410370694846,-0.35430172133986049,-0.028348282649915291,-0.020288271145979118,-0.0022175016306233662,-0.003330464635310323,0.0012341888595683011,0.079010945108161437,0.010021741541847769,-0.09633053653346503
8.158,268550.753392713,1,324,1,325,268550719551916,268550.72005642107,4110641ae156786f,0.867578922215958,-0.50691130943794349,0.08642797585608282,-0.5377822592328837,0.63592649947903579,0.35817446926129992,0.42201757273433749,0.83514810631228764,-0.50142673623510448,0.09401234060018232,0.55167906884478934,-0.045143890196670165,-0.069398455966023884,0.82993740034173014,-0.35663510673175436,-0.1482252494899485,-0.36613292685169768,-0.0022170109774876903,-0.0033305081182151012,0.0012340397829731517,0.077877106577137881,0.012117271067102277,-0.097265030394980231
86.693,268550.853401880,2,312,1,313,268550319515416,268550.32001992106,4110641947b34d5c,1.0333547347724377,-0.47453893756710008,0.17475432094545817,-0.58712433401660924,0.64405728247423255,0.33768770933949005,0.35558725718308287,1.000794045118492,-0.47066934399819593,0.18276610519352302,0.49021941701209271,-0.012656891323625239,-0.04025767285622437,0.87057684673011326,-0.37633113166653487,-0.031015191519843877,-0.038609753790381243,-0.0022919387651714812,-0.003373912905504517,0.001237933333459694,0.067883631125030014,0.0097410367731000664,-0.096978168632236669
8.341,268550.853401880,1,327,1,328,268550819561000,268550.82006550505,4110641b47bf4073,0.84120469017045818,-0.52012104062249631,0.046906220885689458,-0.5263926710022111,0.63177960797657806,0.37800760801864514,0.42529470294446642,0.8089265858232102,-0.51511044670103523,0.055413798700143117,0.5680204963119514,-0.033437024595026732,-0.074519815800362141,0.81895145045896112,-0.29133939326955727,-0.1303184670605366,-0.3692760785976491,-0.0022915891600659615,-0.0033737211576548272,0.0012378271693759455,0.066563700350976446,0.01086042490605557,-0.097571249605021726
85.153,268550.953411005,2,315,1,316,268550419524583,268550.42002908804,41106419ae1c1af2,0.9957191613131271,-0.47810447333722073,0.16440195647383415,-0.56737671307804105,0.64870474157781477,0.34294567354989269,0.3737032805811441,0.96332575933270481,-0.47327026997172839,0.17256644898240051,0.50674732171366244,-0.021748911926212148,-0.057507598922661787,0.85989942018366661,-0.40874912868663399,-0.038059861334149465,-0.15571897376103702,-0.0023184329768577553,-0.0034755303500567819,0.0012684459174943275,0.061687328974050167,0.0049392131484904305,-0.092442599445401619
7.819,268550.953411005,1,330,1,331,268550919570208,268550.92007471307,4110641bae2810ca,0.82438791721565219,-0.53048218168125261,0.0072817617853303158,-0.51469420973799185,0.63308191210800513,0.40311824432026855,0.41447906742377294,0.79251710759749794,-0.52617602943222797,0.017532103197116965,0.57812858803227563,-0.0080333148426124205,-0.083712744927649796,0.8116002574476705,-0.13836738747628263,-0.15439419947136254,-0.35135204401275122,-0.0023182860513495311,-0.0034749307960826002,0.0012683223457060232,0.060050611804220382,0.0047967531664867748,-0.092374914048190995
79.259,268551.053420171,2,318,1,319,268550519533708,268550.52003821306,4110641a1484e5b7,0.95588801803296941,-0.48243766478628475,0.14343684984371927,-0.56158611903821476,0.64665885142674595,0.34590905838325253,0.38314532140681251,0.92348871384531872,-0.4774617750151447,0.15149206933844087,0.51551928208727804,-0.026330013389462479,-0.060155504365487084,0.85435818921905482,-0.39464102545401664,-0.075478111300691916,-0.22448853332557703,-0.0023278416806624424,-0.0035059985326335165,0.0012790905502489663,0.058833240441671736,0.0029580626193304233,-0.091134428131165304
7.925,268551.053420171,1,333,1,334,268551019579291,268551.02008379606,4110641c1490d8bd,0.81584695319501621,-0.55163278468492394,-0.025650929640605606,-0.48209655054528866,0.65359986053304941,0.39911298450291266,0.42555730175520456,0.78464815288876844,-0.54515065977046073,-0.014516394714944389,0.58312993614127118,-0.018698955555435139,-0.12127115026171491,0.80305861227634778,-0.092358237872961074,-0.19303376522285631,-0.32136272534548199,-0.0023277308487758721,-0.0035054518478030163,0.0012790064360226302,0.05781795412991525,0.0028167242768131922,-0.090969616542449949
78.240,268551.153429213,2,321,1,322,268550619542833,268550.62004733807,4110641a7aedb07c,0.9197339798163926,-0.49161724238244153,0.11778064753709847,-0.54656117632532508,0.64239568307874761,0.34983070098307512,0.40769743776216782,0.88732632418485524,-0.48608346956107373,0.12542801092559885,0.53565326959466586,-0.040917960892960348,-0.067765227794035238,0.84071943545449757,-0.40334535116396203,-0.10294982987894558,-0.2914298623451359,-0.002301528173659318,-0.0035870403236820938,0.0013463021467582466,0.056311186572106472,-0.00079785936103869215,-0.08228593580953171
7.650,268551.153429213,1,336,1,337,268551119588416,268551.12009292108,4110641c7af9a382,0.81440259445016894,-0.56124872652400748,-0.058285413548685432,-0.48750809043388904,0.66322240347432548,0.3618049307326473,0.43768613252108701,0.78303814815358541,-0.55289643366021612,-0.049018717028739028,0.56532553728357182,-0.053656110921603106,-0.12424877899663563,0.81368931391143073,-0.076448292529671141,-0.097684703470973633,-0.34604192371701431,-0.0023010906763513135,-0.003585976718774973,0.001346063428968149,0.054812618327456784,-0.00033038470117608592,-0.081724318269666904
78.299,268551.253438296,2,324,1,325,268550719551916,268550.72005642107,4110641ae156786f,0.88408269786686278,-0.50180474268040709,0.084377612024213344,-0.537600394684149,0.63569835380760109,0.35953465945958046,0.42143599806081683,0.8516595881083151,-0.49638219830540775,0.092039133939142162,0.55222963314763573,-0.043770855124880992,-0.069365730271192555,0.82964747934240624,-0.32205690729816627,-0.14018193041323848,-0.3637750378425933,-0.0022820376272320009,-0.0036208330407539123,0.0013677720993697166,0.056009659506959131,0.00027491900964227817,-0.077476366339750025
8.017,268551.253438296,1,339,1,340,268551219597458,268551.22010196309,4110641ce16268b5,0.81033275252974568,-0.56997021939174064,-0.092338960294363698,-0.49045285816055062,0.6633988913150336,0.35236136436433418,0.44181379226990669,0.7788831503698167,-0.56128135587138916,-0.083691005237039512,0.56156662376478406,-0.063252416682722148,-0.12229130956913653,0.81589637483021249,-0.045865574288064287,-0.10519196489840668,-0.3245145351582257,-0.0022815100164439595,-0.0036200631672661607,0.0013675291886882138,0.055263532889125236,0.0010057966801526731,-0.077248004241854143
82.253,268551.353447421,2,327,1,328,268550819561000,268550.82006550505,4110641b47bf4073,0.8558555436055536,-0.51293806418471322,0.045571339791815275,-0.52627998960886835,0.63186963258824336,0.37901267173461362,0.42440498091699885,0.82359103588829241,-0.50797219837075958,0.054156365735119005,0.56810205519987389,-0.032097208782594998,-0.074663150587276961,0.81893542969542343,-0.26183969613095254,-0.11125088873034544,-0.37144897183997055,-0.0022254229816542227,-0.0036228065816654139,0.0013281079862777054,0.063144451026561035,0.001969705486267868,-0.072999093199469983
11.581,268551.353447421,1,342,1,343,268551319606500,268551.32011100504,4110641d47cb2de7,0.80555206191387041,-0.57070861045044829,-0.12542664362632461,-0.48852195847108848,0.66245452453981279,0.35490062710050124,0.4433349716686627,0.774115162967564,-0.56206805337885046,-0.11668461239217878,0.56443778985661286,-0.06253252307017941,-0.12298889366410017,0.81386325446941055,-0.040188262979442668,0.013014712388631864,-0.29066487962856197,-0.0022252789237353619,-0.0036227756739096442,0.001327893087337116,0.063947959891447526,0.0017716061295758913,-0.07329437393973369
83.607,268551.453456421,2,330,1,331,268550919570208,268550.92007471307,4110641bae2810ca,0.83507504826314782,-0.52377638830536155,0.0062654759374474352,-0.51453468199495123,0.63321182405364218,0.4036582924872667,0.41395275457684566,0.80321692018885948,-0.51948906626392188,0.016563024057355828,0.57813830036998115,-0.007279283758534716,-0.083917409688812949,0.81157931591705335,-0.1182070540825181,-0.13943066640402951,-0.35410857218913844,-0.0022684853762934402,-0.0036063399504952832,0.0013362019808291698,0.061392817406335974,-0.0032370147115786917,-0.077471929465245157
9.070,268551.453456421,1,345,1,346,268551419615666,268551.42012017104,4110641dae33fb6c,0.80161877581054142,-0.5665594525257982,-0.1505256589481799,-0.48640650087084536,0.66238043253974976,0.35257227977740813,0.44760889093501688,0.77019412186554759,-0.55769896219400494,-0.1419615601932506,0.56581351693437609,-0.067201030422567504,-0.12443235708446333,0.81231500914048271,-0.010126958673749388,0.10593427371458169,-0.28182213969665543,-0.0022688177460033392,-0.0036068750041431926,0.0013363108342760986,0.061643054293237326,-0.0042111475174130492,-0.078239180881276099
85.540,268551.553465630,2,333,1,334,268551019579291,268551.02008379606,4110641c1490d8bd,0.82778444566449982,-0.54319041032767024,-0.026185472407535597,-0.4818223984666315,0.65389281623097895,0.39929092847348624,0.42525071295489125,0.79659883466329084,-0.53669994574228508,-0.015018893347065248,0.58303897051221787,-0.018356339156549599,-0.12167215600553367,0.80307190844269227,-0.07397965405116344,-0.17692370596476764,-0.32075922362561454,-0.0022968293212877224,-0.0035982984525803532,0.0013518182741976111,0.061232509783336574,-0.010955789420619784,-0.079996922734249951
8.647,268551.553465630,1,348,1,349,268551519624708,268551.52012921305,4110641e149cc09f,0.80497590687329212,-0.55335559320296401,-0.17882409044326553,-0.47468073630324531,0.66087936895966581,0.36319750386761307,0.45387694881200802,0.7737100890787042,-0.54449422017063243,-0.16969799283343842,0.57775887085205591,-0.064120048728420517,-0.13166231229597886,0.80296222951250862,0.0122844758431708,0.1659911930114796,-0.36297245466965783,-0.0022974153452640766,-0.0035988639054474916,0.0013520418309008878,0.06130062866862461,-0.011950549749136796,-0.080845963256954562
86.939,268551.653474630,2,336,1,337,268551119588416,268551.12009292108,4110641c7af9a382,0.81977333750184289,-0.55823011288678792,-0.05708323803005709,-0.48770741180754656,0.66301495386324083,0.36189589621219775,0.43770316989823055,0.78840203027117739,-0.54989561492752703,-0.047823746771198924,0.56540190683389568,-0.053603835860461795,-0.12396114848258728,0.81368356637977979,-0.076353166588552693,-0.096052310854385925,-0.3371401779399737,-0.0023504891055904482,-0.003648973568452256,0.0012803650118664086,0.059770677557981981,-0.015017988730291344,-0.086223166497043924
8.941,268551.653474630,1,351,1,352,268551619633791,268551.62013829604,4110641e7b058892,0.80465566874148853,-0.54064245534326172,-0.21643658744931452,-0.474383692432639,0.6586683934202997,0.35619856004879741,0.46285926467419897,0.77331175390875473,-0.53144148808547431,-0.20793587239432901,0.57916132663622832,-0.075420505520100781,-0.13030895827027875,0.80118879202755422,-0.016771485892754012,0.18306187787809405,-0.48773081528864853,-0.0023508401870284152,-0.0036493494688650831,0.0012804339242730137,0.059459400442102246,-0.015094683179717058,-0.086735526450306702
91.206,268551.753483755,2,339,1,340,268551219597458,268551.22010196309,4110641ce16268b5,0.81107846885021639,-0.56986436377236704,-0.088118590643411931,-0.49021475996942759,0.66333114131022564,0.35207045390441427,0.44241127333761487,0.77962856081008391,-0.56115028515994925,-0.07949715977780647,0.561783401914696,-0.063880604339542915,-0.12241176392363785,0.81568010750261,-0.05213390019586419,-0.11041055445168821,-0.30787012771921995,-0.0023869718749023696,-0.0034964341011442094,0.0013628809190237212,0.054512733639934551,-0.0093534639932428311,-0.089060544787369939
11.221,268551.753483755,1,354,1,355,268551719642875,268551.72014738008,4110641ee16e5097,0.80003829734475096,-0.5221351721641897,-0.27089328454217737,-0.47701025441025174,0.65905893170478613,0.34089102010017119,0.47105828445656034,0.76864070669578466,-0.51228236636360058,-0.26337833469121891,0.57413484395619696,-0.092042152866009155,-0.12872785079604265,0.80332220402564214,-0.057135505372380921,0.21108309403591496,-0.5987035183729299,-0.0023865380035860274,-0.0034960110077261412,0.0013630307286652767,0.053837341788894162,-0.0070962981053630369,-0.089525368080031129
91.907,268551.853492880,2,342,1,343,268551319606500,268551.32011100504,4110641d47cb2de7,0.80661855261759041,-0.57460580927343097,-0.1149892480569832,-0.48773863223102587,0.66252964285263516,0.35435970321246313,0.44451631344937526,0.77518989312980768,-0.56589830115652939,-0.10628409916901481,0.56489063367926762,-0.063750348771155971,-0.12359590561256749,0.81336247585489274,-0.045696157607529417,-0.0012703598313555009,-0.26452100107954563,-0.0023973717052748452,-0.00333447087732414,0.0014069325138229649,0.054627484122291799,-0.0065028269781277643,-0.09246970770649407
8.725,268551.853492880,1,357,1,358,268551819651958,268551.82015646307,4110641f47d7188a,0.79235719578484154,-0.50032870209012403,-0.32902832911082541,-0.47283196894802598,0.65722677771412019,0.34074406271128016,0.47788746450993996,0.76098495473712791,-0.49029310786119279,-0.32165064030721019,0.57885988878993955,-0.096975026826682922,-0.13038681622499895,0.79907218164366822,-0.085274626193013667,0.22478218930190957,-0.62465248280558716,-0.002396600494297671,-0.0033337708891461575,0.0014071143362957769,0.054804852927352994,-0.0039770226828930418,-0.092927790175671821
88.145,268551.953501838,2,345,1,346,268551419615666,268551.42012017104,4110641dae33fb6c,0.80129578085958097,-0.56953701435344317,-0.1410871568250312,-0.48518005037659118,0.66275662248707123,0.35160253104237466,0.44914328609384174,0.76989111529216958,-0.56056161232908497,-0.13256952270123878,0.56621278223898874,-0.068971727503870067,-0.12556559497835404,0.81171378415796758,-0.013752391606276376,0.090924507687293266,-0.26504842582912586,-0.0024308775664306295,-0.0031650093187483583,0.0014567747962960665,0.051369960859015268,-0.0024967936833043725,-0.095948618634281266
8.427,268551.953501838,1,360,1,361,268551919661000,268551.92016550509,4110641fae3fddbd,0.78065833053309386,-0.48152792379911741,-0.38987081665273188,-0.47632978435378953,0.65743436378738251,0.33329709861776585,0.47937781666907725,0.74924402176171112,-0.47129043537219556,-0.38296458851492288,0.5746479282103093,-0.1032946635863998,-0.12806027281422902,0.80169229608679482,-0.068623502196004993,0.18468048672983622,-0.57474298248044708,-0.0024302805702227682,-0.0031643667027305695,0.001457066104241277,0.051243459389303775,-0.0011755767988190845,-0.096680061639618634
86.496,268552.053510880,2,348,1,349,268551519624708,268551.52012921305,4110641e149cc09f,0.80032241665770631,-0.55823739769151437,-0.17351453611945178,-0.47325204310131025,0.66145425071090158,0.3618585750084648,0.45559763259068681,0.76908230589254445,-0.54922966231022841,-0.16444386168764979,0.57802881233722514,-0.066283521514870158,-0.13307905369428732,0.80235849366192769,0.0042388183255329479,0.14780782840170636,-0.36036171254185834,-0.0024380047582775286,-0.0030738703137768381,0.0014974740790318502,0.049444661310226526,-0.0015291844450044108,-0.097438349557850412
8.434,268552.053510880,1,363,1,364,268552019670083,268552.02017458808,4110642014a8a5b0,0.7732885372543753,-0.46542527878041395,-0.44603212543366472,-0.47904254526862111,0.6634064262279995,0.33099202110693027,0.46995158116340485,0.74195345670629831,-0.45511825205843282,-0.4388739916570093,0.56635263744482101,-0.098259244612323424,-0.13036494696372489,0.80783339341144833,-0.036620922398963335,0.14180822635736104,-0.48927643020200817,-0.0024378059965106469,-0.0030733012840490587,0.0014978024880882861,0.048840583702092898,-0.0016794313002888501,-0.098012637154030205
85.712,268552.153519963,2,351,1,352,268551619633791,268551.62013829604,4110641e7b058892,0.79877902408686963,-0.5421202763886952,-0.21495799590750375,-0.47241730775273022,0.65980064252353843,0.35442684677517378,0.46461453158362997,0.76748299471396053,-0.53271692556846284,-0.20650243615026434,0.57914969730089128,-0.077914457058294556,-0.13250002317246007,0.80059896912055473,-0.023945508881230211,0.17046227103777362,-0.49302679900613811,-0.0024522305252062961,-0.0030218369975268358,0.0015370942503319181,0.046776202216855599,-0.0057712384500719083,-0.099060370697260647
8.310,268552.153519963,1,366,1,367,268552119679166,268552.12018367107,411064207b116da3,0.7699702887689035,-0.45513402284457333,-0.48830003490559387,-0.47209586318392538,0.67615261595362131,0.31982299477206139,0.46653664500359365,0.73903195590519766,-0.44375887505841011,-0.48103460137248072,0.55604021894263711,-0.10374221421115754,-0.1442899097913469,0.8119342644827815,-0.016747798882484344,0.12660156571421977,-0.39842263712734555,-0.002452432072168663,-0.0030212618335970728,0.0015374053355161948,0.045747043444275846,-0.0068733037641655918,-0.099535973942393802
83.794,268552.253529005,2,354,1,355,268551719642875,268551.72014738008,4110641ee16e5097,0.79457518646667935,-0.52318615964871729,-0.2682623650955368,-0.47534311644450783,0.66000775904410602,0.3394147823624496,0.47247892902936062,0.76322249935168662,-0.5131644789311105,-0.26078333586506075,0.57409553365333932,-0.094090557937578173,-0.1305776175533867,0.80281428172421321,-0.064614594534958603,0.19895182960073018,-0.59614776742184727,-0.0024824620313872786,-0.0029785250024985414,0.0015747696362733406,0.04233241923245093,-0.011279285417882123,-0.10201958370743067
8.196,268552.253529005,1,369,1,370,268552219688291,268552.22019279609,41106420e17a3868,0.77014186028447273,-0.44562663295681137,-0.51891960278649973,-0.47364992113995652,0.68214924975434399,0.31492098360425991,0.45951385241568543,0.73931459329428195,-0.43400351199305237,-0.51157497066882907,0.54760810956700268,-0.10224259532748482,-0.14743128521348367,0.81727340968457696,0.014351686533648721,0.10045219090169942,-0.31784869873302324,-0.0024827721606280563,-0.0029779888463020887,0.0015750385150811899,0.041183342122604327,-0.012388566370482735,-0.10248180672202246
80.881,268552.353538088,2,357,1,358,268551819651958,268551.82015646307,4110641f47d7188a,0.78731896122221368,-0.50316116564764279,-0.32743321747554321,-0.4714821114710076,0.6578598218371362,0.33980160334993309,0.47901982938970994,0.75598126749399508,-0.49300381579162861,-0.3200753544932976,0.5789941722662284,-0.098442149078312391,-0.1317889393555037,0.79856531807369391,-0.086657356512116743,0.21188871686560951,-0.61537868581453625,-0.0025119278634230615,-0.0029556280252625712,0.0015981327214280815,0.037908708922320164,-0.016555397495222085,-0.10447650933985013
8.709,268552.353538088,1,372,1,373,268552319697333,268552.32020183804,4110642147e2fd9a,0.7737165898197893,-0.4381612222031292,-0.54680849434972323,-0.46779637383063422,0.68896453968002647,0.31435334366134771,0.45571531051283498,0.74314821465942915,-0.42612736496690995,-0.53905467773850735,0.5445207528581133,-0.099958002703048041,-0.15638950569375962,0.81795346439226768,0.044334483423114204,0.081341934795066545,-0.33773490465459632,-0.0025122139236822263,-0.0029552124155716678,0.0015983475074952931,0.036897999084130113,-0.017411070215107554,-0.10484758556907232
87.048,268552.453547171,2,360,1,361,268551919661000,268551.92016550509,4110641fae3fddbd,0.77902504545486206,-0.48403522849093217,-0.38407982488749493,-0.4752759350213257,0.65787465450752547,0.33281860995937679,0.48015159129528767,0.74763689965247637,-0.47371615080281182,-0.37717606571431139,0.57485672691498968,-0.10418014742321166,-0.12911678934935983,0.80125844464291052,-0.064213791250301772,0.17336563756131487,-0.55746307767021108,-0.0025340258083795674,-0.0029401947274030507,0.0016272038734142407,0.034644191938771093,-0.019826529124229986,-0.10558258669991231
14.850,268552.453547171,1,375,1,376,268552419706333,268552.42021083809,41106421ae4bbffc,0.78047064113143183,-0.43227334181644378,-0.58306776617263634,-0.45840934414442486,0.69955203432972091,0.31617104852104233,0.44779877819821273,0.75033140208810112,-0.41972298012713194,-0.5744959727008464,0.54020823072218727,-0.093074857770545,-0.17051362692686314,0.81880232128593988,0.072501725345639007,0.076971589420101211,-0.42886985239236991,-0.0025342667508057985,-0.0029399531029369146,0.0016273965960630359,0.034101397214720455,-0.020080521661423222,-0.1058710811362437
87.760,268552.553556255,2,363,1,364,268552019670083,268552.02017458808,4110642014a8a5b0,0.77391966217514063,-0.46844632878328596,-0.43644947804823847,-0.47816200636886369,0.66367230090989704,0.33066919642263654,0.47069959466729289,0.7426041941841548,-0.45807643454701752,-0.42929631720838973,0.56665329133444153,-0.099016441536594141,-0.13117558375978938,0.80739876018641077,-0.030963629228183336,0.12880029785808683,-0.46885155463058792,-0.0025600612826851186,-0.0028859154416159428,0.0016261588289742423,0.034201007124512323,-0.017213599902807044,-0.1077795697895277
8.908,268552.553556255,1,378,1,379,268552519715458,268552.52021996304,4110642214b48ac0,0.78740314900996811,-0.42649836342827929,-0.62773314129811175,-0.45573199231466965,0.70186551628400706,0.31912633841373977,0.44480510515888377,0.75737384691478715,-0.41392841122558832,-0.61881135508317553,0.54018108973964296,-0.088868305852202248,-0.1740426792454389,0.81854502643637184,0.08326881562292282,0.067906993436519084,-0.43173321986609681,-0.0025601175019161811,-0.0028857873214756359,0.0016262940881184408,0.034425061657802319,-0.016353727966261684,-0.10819769132980762
88.657,268552.653565255,2,366,1,367,268552119679166,268552.12018367107,411064207b116da3,0.77144060149812377,-0.45888664267997198,-0.47817178903141477,-0.47136885872833356,0.676287153318748,0.31954581457351378,0.4672661028559662,0.74051841800534746,-0.44746130538747569,-0.47091636431894168,0.55636002753012692,-0.10445401478422527,-0.14489911183884413,0.8115153269966302,-0.011693355677706931,0.11211546244422609,-0.38110333819960451,-0.0025873253263644577,-0.0028585929774075677,0.0016239661792503625,0.034018014155472731,-0.013749626146287199,-0.10907895917857088
8.873,268552.653565255,1,381,1,382,268552619724458,268552.62022896303,411064227b1d4d21,0.79576959506893963,-0.42062009485558566,-0.67390910878344934,-0.45030294995005465,0.69468488103435422,0.32512929445400374,0.45708988659659233,0.76565443709414482,-0.40820051666271545,-0.66506646836155403,0.55311247257882123,-0.093310227070782389,-0.17280411607150398,0.80962863812397845,0.10509959281463309,0.070666858442779409,-0.49799597702193715,-0.0025871706684645166,-0.0028586506240352357,0.0016240242448647684,0.034636552181918169,-0.012564268894173274,-0.10941386661664622
90.689,268552.753574338,2,369,1,370,268552219688291,268552.22019279609,41106420e17a3868,0.77128335573404549,-0.44910623548617151,-0.51003379083397093,-0.47293081627474864,0.68224690321727832,0.31460791482400852,0.46032327685084895,0.74047158789394685,-0.43743233728085656,-0.50270466979346373,0.54795908600713317,-0.1030363178708226,-0.14800882055053749,0.81683397719554307,0.015415300981526157,0.086789293306047857,-0.30668010428189174,-0.0026067594340110837,-0.002809482701826794,0.0016417468140333216,0.034777422601520294,-0.010832671772381697,-0.11180650078408885
10.004,268552.753574338,1,384,1,385,268552719733500,268552.72023800504,41106422e1861254,0.80178382306327634,-0.41105995097601039,-0.72375785828157546,-0.44875372877880143,0.68566132493746523,0.31480119227396236,0.47894561376788253,0.77150667965464781,-0.39821002057704596,-0.71617268671319867,0.56126373416423436,-0.11606763044417066,-0.16751896330134558,0.80215255582061062,0.05130754472027732,0.16495535291055904,-0.54912805142878574,-0.0026064929675018336,-0.0028095720084630495,0.0016418631337636186,0.035591483179712224,-0.0099942180861942037,-0.11206932967459686
97.809,268552.853583463,2,372,1,373,268552319697333,268552.32020183804,4110642147e2fd9a,0.77345970930777563,-0.44109172081050912,-0.54159509710592291,-0.46716004028628816,0.68908100210026912,0.31402243719865164,0.4564195782966608,0.7429062014954394,-0.42901048572550898,-0.53385637168444211,0.54478475917309266,-0.10068998141299812,-0.15692181281100742,0.81758586000485156,0.040135370025398839,0.069240889507298078,-0.33536597523400158,-0.0026067600823836438,-0.0027963933341478746,0.0016443525119769181,0.035027023744054239,-0.01186161109610496,-0.11242899838224842
15.244,268552.853583463,1,387,1,388,268552819742583,268552.82024708804,4110642347eeda47,0.80624204413914369,-0.39577069551909017,-0.77680411892042434,-0.44929628836975449,0.67635999705326011,0.31480497407231128,0.49149555558019858,0.77575676570671037,-0.38307810528235919,-0.76981077180004909,0.57014055702229838,-0.12493910503186173,-0.16055828389962137,0.79595917153039286,0.037476555711864576,0.13099726830024974,-0.51006800325525348,-0.0026067575843551315,-0.0027963437336476268,0.0016444105006226842,0.035476791436767012,-0.012048822899654303,-0.11234170416503507
105.237,268552.953592505,2,375,1,376,268552419706333,268552.42021083809,41106421ae4bbffc,0.77847142494030175,-0.43555891961691273,-0.5790826231520031,-0.45791048316388888,0.69972002706396785,0.31559381392097291,0.44845342117271042,0.74834622877144374,-0.42295597429441106,-0.57053866171994716,0.54026296670720975,-0.093945926733937146,-0.17098516369809977,0.8185683621115345,0.063646013735851784,0.064759441101960441,-0.42859801935651165,-0.0025976349756160278,-0.0027333479809935261,0.0016237797242892667,0.038064876328346771,-0.013964362768739582,-0.11417333689867343
15.141,268552.953592505,1,390,1,391,268552919751625,268552.92025613005,41106423ae579f7a,0.80865037613987545,-0.3826077195449214,-0.82493757304182513,-0.44258454320948859,0.6708760014635029,0.33243658029726725,0.49348787833656976,0.77810610334211228,-0.37054318812722703,-0.81713658381648391,0.58401676990932416,-0.11388046193255565,-0.16142643392342873,0.78733548077390247,0.030030702929392927,0.11455561761301185,-0.48440916275134449,-0.0025977701675878803,-0.0027332349014442384,0.001623755285988382,0.039250061626688405,-0.014704023069538502,-0.11393421100199874
99.628,268553.053601463,2,378,1,379,268552519715458,268552.52021996304,4110642214b48ac0,0.78526813406268403,-0.42974944799093162,-0.62238946226411085,-0.45521487789595322,0.7021207600655569,0.31845496554238845,0.44541255186738254,0.75525523546968021,-0.41712033345795285,-0.61349607505081716,0.5401358871175973,-0.08977256782496934,-0.17458881895182146,0.81835985593796434,0.075381135800689864,0.059805050895234517,-0.42853258339076383,-0.0025959599820599239,-0.0026548358949636283,0.0016282063720686601,0.039183675502365949,-0.016237785790402387,-0.11485502627764764
8.657,268553.053601463,1,393,1,394,268553019760583,268553.02026508807,4110642414c05f0a,0.80925961997758045,-0.37389379248485405,-0.8721041056210096,-0.42675349581662425,0.67046726839365489,0.35363214876021037,0.49325394311323817,0.77896150729322855,-0.36221076034250382,-0.86289041582301207,0.59883888252343809,-0.098727514961691631,-0.17233165667267705,0.77585222218926408,0.015273796040252452,0.072397419461337084,-0.46724298155168792,-0.0025960975578360147,-0.0026545943973052088,0.0016281452768187048,0.040207263834659432,-0.016965080823096709,-0.11480394573764069
99.682,268553.153610546,2,381,1,382,268552619724458,268552.62022896303,411064227b1d4d21,0.79287844454101408,-0.42372166625169977,-0.6656915877687356,-0.44960797025694782,0.69508942074958158,0.32418990196615666,0.45782565559292615,0.76278728552852981,-0.41121941402586842,-0.65688381900850568,0.55296848903099416,-0.094494745084313631,-0.17358159368049761,0.80942326605155634,0.09606429158817463,0.065791208675280655,-0.48811934430344744,-0.0026051250632878969,-0.00256383979176019,0.0016365043018125071,0.040601105992401777,-0.020999301280616767,-0.11730720187181858
8.463,268553.153610546,1,396,1,397,268553119769666,268553.12027417106,411064247b2926fd,0.80847790325472157,-0.36919352989387322,-0.91042891932983105,-0.42683722328850288,0.66541157463233724,0.36434629662549811,0.49222885988982679,0.77805251312481638,-0.35814743504613933,-0.90085602133473397,0.60569008565277893,-0.090426625273812025,-0.1686975371640001,0.77233651120371083,0.0060121941509205523,0.024345836432098089,-0.37988451474399626,-0.0026053538193483066,-0.0025635414642782729,0.0016364569598689622,0.041159275409552963,-0.022086420665653674,-0.11744333600195736
99.908,268553.257403929,2,384,1,385,268552719733500,268552.72023800504,41106422e1861254,0.79847211480265912,-0.41310097219700004,-0.71310430461259466,-0.44800403731347743,0.68615141467332286,0.31371318765787526,0.47965894945746312,0.76822546764459454,-0.40015814332271826,-0.70555549885319135,0.5609988032326505,-0.1173413703556435,-0.16839562097256411,0.80196898968218111,0.041650395802512889,0.16470881031077947,-0.53353084165572884,-0.0026115205470594056,-0.0024895378997134465,0.0016661321048616461,0.040409920892218475,-0.026604792679620941,-0.11900285574760394
8.613,268553.257403929,1,399,1,400,268553219901541,268553.22409826209,41106424e57a03cb,0.80736505759105215,-0.36876649121209992,-0.9394463877452438,-0.43322608448877364,0.65526274654893935,0.36363687669366473,0.50071365851614558,0.77658360166186235,-0.35810337159253097,-0.93060552789878614,0.61118810850766125,-0.096927919391017636,-0.15700362523749292,0.76967781319435269,-0.0022983588481476445,-0.0098977664671967246,-0.31002415660713106,-0.002611747889413988,-0.0024891002964441112,0.0016661924353239997,0.039772341091082263,-0.027716792651290543,-0.11919082651917016
99.949,268553.357412346,2,387,1,388,268552819742583,268552.82024708804,4110642347eeda47,0.80178629202554019,-0.39740177896718143,-0.76450275551759395,-0.44839100870392623,0.6769454374045607,0.31363403891900771,0.49226427956378666,0.7713375616229502,-0.38460344257721807,-0.75754298867621672,0.56985615078429053,-0.12631065112425657,-0.1616123821045381,0.79573301098821769,0.025881577241505756,0.13197223045542006,-0.49153996186796867,-0.0026082753774703451,-0.0024634048130659889,0.0017058614035992225,0.038913273030308566,-0.029617374428421408,-0.11904094344695157
9.056,268553.357412346,1,402,1,403,268553319879583,268553.32407630404,411064254bdaa89d,0.80802043410068836,-0.3703236735233274,-0.96655045421452823,-0.43355394227908239,0.64172002328243805,0.37018130294905227,0.51302265740615749,0.77692846435675156,-0.36021056056043049,-0.95816145453587731,0.62451949292186815,-0.10100408768315136,-0.14719564357417836,0.7603334924522861,0.0078398277622597715,-0.02254492106009472,-0.26290545452634034,-0.0026084246162657605,-0.0024629640978032215,0.0017060592446063588,0.037619828147278191,-0.030640803610976038,-0.11879552705006656
95.174,268553.457420596,2,390,1,391,268552919751625,268552.92025613005,41106423ae579f7a,0.80432664015420507,-0.38394946619949633,-0.81391643704024141,-0.44160559353921486,0.67155387007758405,0.331451050606553,0.49410540738084374,0.77381934161952126,-0.37178226895999833,-0.8061302313264529,0.58375655416366856,-0.11501399560454706,-0.1625979813363195,0.78712258432304627,0.021228697079887143,0.11481924703167826,-0.46662967530264188,-0.002578815758262886,-0.0024471967119626004,0.001745308237520903,0.036785922947150627,-0.032060365170090907,-0.11681612775274079
10.349,268553.457420596,1,405,1,406,268553419887875,268553.42408459604,41106425b2433b7b,0.80951190854625621,-0.37147990185011676,-0.99099709980747819,-0.42721408834937785,0.62836633159510735,0.38406571903975417,0.5245354637243077,0.77823130806263352,-0.36202498641637937,-0.98254194992758492,0.64247804063266101,-0.09932710637526998,-0.14223611146557313,0.74640805317137748,-0.01040245576316577,-0.0064870373935139612,-0.23687578160339884,-0.0025789133382576154,-0.002446699297024903,0.0017455403855682736,0.035192152373112212,-0.033106488506041844,-0.11584690690829752
89.375,268553.557428971,2,393,1,394,268553019760583,268553.02026508807,4110642414c05f0a,0.8056319364868062,-0.37470785011471847,-0.86433927021691492,-0.42592697724837791,0.67115803471546831,0.35278744069480805,0.49363364693810907,0.77536698882920208,-0.36293559926756247,-0.85513014402379983,0.59851007488042618,-0.099593304889233902,-0.17340453907888484,0.77575623085780399,0.012278690725991368,0.07490005186926639,-0.45408818038526344,-0.0025347723953852166,-0.002410928003795958,0.0017505282068592221,0.037025560620054576,-0.033549069024241651,-0.11138972416712742
9.193,268553.557428971,1,408,1,409,268553519896208,268553.52409292909,4110642618abd11a,0.80921048684016628,-0.36803423747646474,-1.0170379745722775,-0.42640724584148637,0.61963430734454239,0.38474848894233715,0.53497555021196597,0.77776495186745076,-0.35869470838162409,-1.0090810606898135,0.65034308760310544,-0.1062265709151919,-0.13663216186229293,0.73966305598109694,0.0060021014124811995,-0.0057246062382895549,-0.24357588114298662,-0.0025349149771551377,-0.0024105103552363978,0.0017506031564280397,0.036417754632934042,-0.034659706065312268,-0.10997342354334169
90.152,268553.657437346,2,396,1,397,268553119769666,268553.12027417106,411064247b2926fd,0.80689509511293789,-0.36805294991784998,-0.90813594558233923,-0.42618654981465287,0.66615763924427673,0.36361143925744921,0.49232692277305046,0.77649949123670647,-0.35692934534621623,-0.89855817766388579,0.60523980396631716,-0.091015588816004342,-0.16968518010972589,0.77240396292252422,0.011751401536895667,0.033082682334425163,-0.37413519165096004,-0.0024921051604530967,-0.0023636380148535337,0.0017509036705239042,0.03687786263161838,-0.035789108542497533,-0.10509887511732374
9.419,268553.657437346,1,411,1,412,268553619904541,268553.62410126207,411064267f1466b8,0.81158133038527092,-0.36204855216823201,-1.0459649948387628,-0.424905007216277,0.62143874680689315,0.3925841218349238,0.52834399713178859,0.78019193247830643,-0.3530612220866709,-1.03740377126909,0.65119450058089701,-0.095996725881341269,-0.13897033629899763,0.73987674423663452,0.016609293655069989,0.032941488287748968,-0.26590735825679412,-0.0024923382467221572,-0.0023633488501296081,0.0017507573226109093,0.036522122429472621,-0.036925778868300216,-0.10382721603353079
97.947,268553.757445637,2,399,1,400,268553219901541,268553.22409826209,41106424e57a03cb,0.80749271653228816,-0.36571148225492667,-0.94283489390270903,-0.4327027000777558,0.6561029591451627,0.36288375854710619,0.50061233638573699,0.77673988404111305,-0.35497364756094191,-0.9339848570767415,0.6105839280097739,-0.097388808761725121,-0.15796783390246488,0.76990184454662181,0.007724751781925868,0.0053777496731712681,-0.31177885432577979,-0.002454900236275009,-0.0023231293112195958,0.0017733921759597246,0.035510001623189492,-0.036195151927152225,-0.10136919570396109
16.148,268553.757445637,1,414,1,415,268553719912750,268553.72410947108,41106426e57cf404,0.81276415781177969,-0.35789009563381929,-1.0727051315067655,-0.42088644091956207,0.62653513184423093,0.39562812349563947,0.52324637937284901,0.78154802524985745,-0.34883413989278811,-1.063599985409114,0.64974237475052454,-0.090239731733034942,-0.14541558002600802,0.74063887715674137,0.0034990952217387136,0.025944085689696649,-0.2470034856154138,-0.0024551304879407046,-0.0023229212049885898,0.0017732081654507337,0.035002515223650749,-0.036580661263565677,-0.10048155857950124
98.697,268553.857453971,2,402,1,403,268553319879583,268553.32407630404,411064254bdaa89d,0.80868658386135006,-0.36495925432453846,-0.970533332296457,-0.43316703333323564,0.64267250748679206,0.36919615420925389,0.51286706102410184,0.77762224945837966,-0.35476288158425368,-0.96214273857442478,0.62371286433206108,-0.10159066976505388,-0.14814273752816148,0.76073341454220755,0.017017468569367502,0.0010846888254120706,-0.26684145062913761,-0.002416974628332973,-0.0022690771770267591,0.0017834664364676444,0.03617721088331563,-0.032895087834599913,-0.098579545127943119
9.772,268553.857453971,1,417,1,418,268553819921166,268553.82411788707,411064274be58f34,0.81508504931729109,-0.35148940380354554,-1.0995329003548926,-0.41168608349079144,0.62967915333221058,0.40767940624690391,0.51750969793183177,0.7841107260583825,-0.34269345963973197,-1.089404543287416,0.65420747203869034,-0.077661741963822056,-0.15414437383533797,0.73635640105780475,0.04583139108984953,0.046384938583139489,-0.25769606190109662,-0.002417017942801677,-0.0022689101165900222,0.0017833255419187361,0.036225040235750253,-0.031983800633152704,-0.098101291969907536
101.169,268553.957462304,2,405,1,406,268553419887875,268553.42408459604,41106425b2433b7b,0.81012139989644838,-0.36418484153693448,-0.99515220126429926,-0.42696850122574609,0.62919995033511689,0.38300879604914978,0.52450894827522976,0.77886246237266554,-0.35464931898682794,-0.98670746405422272,0.64171193398534676,-0.1000557145158836,-0.14299922522974659,0.74682385430380727,-0.0032572922017190076,0.021049014274222875,-0.24177302280319418,-0.0024021803520624593,-0.0022335440398619064,0.0017710592111099743,0.037757862862495981,-0.028352924936528825,-0.098063956877921507
11.118,268553.957462304,1,420,1,421,268553919929500,268553.92412622104,41106427b24e24e3,0.81756108215976997,-0.34631640966547123,-1.1248225728773478,-0.40891857614829547,0.63626721318277735,0.40437539912047893,0.51422779126385865,0.78678106184996155,-0.33712634985814299,-1.114454636610563,0.64955052785826517,-0.077677369347444944,-0.16075975866338849,0.73905793957226318,0.03905957258249898,0.037717540390437426,-0.25305563382702645,-0.002401929530519346,-0.002233584910200908,0.001770970208512938,0.038809235403777946,-0.02671570068011031,-0.09814793259505529
99.856,268554.057470596,2,408,1,409,268553519896208,268553.52409292909,4110642618abd11a,0.81001736221003007,-0.36213943849364227,-1.0189781334018488,-0.42626956070762323,0.6201855146667441,0.38389085395749212,0.5350626640608962,0.77858591529805377,-0.35273875206478178,-1.0110375923842323,0.64979824689734866,-0.10689460920429844,-0.13711928237652418,0.73995546031686243,0.011902994690011331,0.014322741049011514,-0.24852476787149777,-0.0024087208963202147,-0.0022362886867188692,0.0017404422033016455,0.039222186784538642,-0.02580467723413004,-0.098767726900539296
8.929,268554.057470596,1,423,1,424,268554019937833,268554.02413455409,4110642818b6ba82,0.8196854894952833,-0.34297119971649365,-1.1509619432394245,-0.41337635002976642,0.64112399004655241,0.39950600788161261,0.50840439170195351,0.78894234580427114,-0.33362270420256129,-1.1406262913690117,0.64198958317439891,-0.077002783610863976,-0.16104189637038283,0.74564432139269399,0.017293460532853543,0.040124191429560849,-0.23885318040260486,-0.0024083453931285038,-0.0022364862663679028,0.0017403754000664953,0.040717353035637803,-0.024478517062397797,-0.099151733707456655
100.468,268554.157478971,2,411,1,412,268553619904541,268553.62410126207,411064267f1466b8,0.81237067210995506,-0.35854234185743844,-1.0476744606415995,-0.42480831257987939,0.62167505813999546,0.39202432909643231,0.5285593611493804,0.7809874435460924,-0.34951596575850541,-1.0391317180260478,0.65095095270319325,-0.096544844465466934,-0.13920580707194166,0.73997546814701454,0.018053524610513769,0.043543760422846606,-0.27409939091116442,-0.0024385261999658133,-0.0022548038486495236,0.0017187824977432018,0.042864425441592323,-0.023576574651552433,-0.10128620712828969
9.502,268554.157478971,1,426,1,427,268554119946166,268554.12414288707,411064287f1f5020,0.81985828071956512,-0.34232081418135363,-1.1764278748200265,-0.4115152525811937,0.6513611355976584,0.3909983579244764,0.50349201109730479,0.78938232523140972,-0.33227433570396164,-1.1659567068214758,0.63250018881290715,-0.079545022882560573,-0.16959664580828857,0.7515670816479576,0.024487408467879883,0.031493976385177584,-0.24098321983714197,-0.0024382180646972244,-0.0022551576269070599,0.0017188401307279293,0.044378508603667099,-0.022729319149369483,-0.10204690234993072
104.393,268554.257487262,2,414,1,415,268553719912750,268553.72410947108,41106426e57cf404,0.81306039732252866,-0.35523975753870535,-1.0739422947246362,-0.42104741879163438,0.62641604674281326,0.39537380816097356,0.52345163343405221,0.78183883492550277,-0.34617784821120867,-1.0648617224521719,0.64970768319228844,-0.090564696360633648,-0.14521754560356293,0.74066849981816585,-0.0014387572642037842,0.032831307062047461,-0.25586603005344694,-0.002464563156323386,-0.0022745795413400302,0.001685800990031894,0.045943278487147535,-0.02452545466556463,-0.10306007085596286
12.875,268554.257487262,1,429,1,430,268554219954500,268554.22415122105,41106428e587e5cf,0.82021609662066031,-0.33916624091644559,-1.1958077463641528,-0.40347425673330872,0.66560801429202954,0.3888205344784933,0.49294334425374309,0.79026243297161691,-0.32847326595164966,-1.1845029123375594,0.62350120146789445,-0.073625942909366596,-0.18535655261604109,0.75595530337520322,-0.0085623794453806197,0.056479540927036727,-0.14329447413055793,-0.0024644647011469599,-0.0022748784109569279,0.0016858361435717795,0.047059778684184553,-0.024297517014571449,-0.10398069637632176
97.702,268554.357495637,2,417,1,418,268553819921166,268553.82411788707,411064274be58f34,0.81451612291309916,-0.35163794270043391,-1.0983318714833388,-0.4118835812250905,0.62930898058626838,0.40775771746614076,0.51774107382933132,0.78353007960322074,-0.34285972395355846,-1.0882240058531998,0.65442645389315446,-0.077769975032902075,-0.15374297019995983,0.73623430138937918,0.036011476297234522,0.043155814122909697,-0.26040414365942627,-0.002484744353410521,-0.0022841687901602528,0.0016972580845616603,0.04727216077495025,-0.026287501002806933,-0.10639841579601152
9.311,268554.357495637,1,432,1,433,268554319962833,268554.32415955403,411064294bf07b6d,0.8149744030047209,-0.33183340630669789,-1.2015729029464879,-0.40617761415562381,0.66694571904614797,0.39347766877974721,0.48515825355135189,0.78503546430663174,-0.32149117811852729,-1.1899084604950687,0.62128940234424213,-0.064827961470321535,-0.18439089037930628,0.75881276576732937,-0.091198883293447289,0.11662299812546915,-0.059429879843308261,-0.0024846583129201007,-0.0022843535957746651,0.0016973398031692709,0.047996684818537569,-0.026600158514044455,-0.10717716833469791
97.924,268554.457503929,2,420,1,421,268553919929500,268553.92412622104,41106427b24e24e3,0.81629621748149384,-0.34865275903900539,-1.1169450337293472,-0.40907016346278802,0.63571994101579476,0.40477837842362013,0.51446698196543872,0.78550145426361118,-0.33949953384118098,-1.1065882978150228,0.65000461061119674,-0.07756155331968137,-0.16026559039808894,0.73877814813729892,0.026382117628942787,0.027810823340242163,-0.24700850036988525,-0.0025301461259584919,-0.0022907708435139537,0.001703115611445016,0.050161256648472798,-0.030891677182435393,-0.11196936889588514
10.746,268554.457503929,1,435,1,436,268554419971083,268554.42416780407,41106429b2590b7a,0.80119044161305297,-0.32146913676613403,-1.1950403425811096,-0.42026986901802588,0.6644921881331084,0.38707945133142768,0.4816564342714485,0.7709157301057622,-0.31138683224793584,-1.1840335296582316,0.61428901942597369,-0.06687602420173358,-0.17269125336871496,0.76704258617731735,-0.16491597612487346,0.15146188647247452,-0.023927552812798868,-0.0025301725761367952,-0.002290744461277478,0.0017032273931270724,0.051080611704262757,-0.031696355325961656,-0.11331359156236395
100.710,268554.557512096,2,423,1,424,268554019937833,268554.02413455409,4110642818b6ba82,0.81762599632158295,-0.34623286459551866,-1.1409445135850727,-0.41329218791336142,0.64062973290648417,0.39993346669410729,0.50875965657318711,0.7868730842435121,-0.33691191591858649,-1.1306130438712787,0.6425430523842327,-0.076951734786795845,-0.16075191540593498,0.74523531722495495,0.0067093372203877177,0.02638011255877877,-0.22865523201859847,-0.002566561960423742,-0.0022600085565498999,0.0017172207646805615,0.049658406638003666,-0.030250683432435515,-0.11558844908896998
14.001,268554.557512096,1,438,1,439,268554519979333,268554.52417605405,4110642a18c19b86,0.78030518265132531,-0.30885655009177432,-1.1939132469105493,-0.44062038377069729,0.66480002440548558,0.35749240789704945,0.48589488211410398,0.74962203203039757,-0.29806463621078044,-1.1848888458376097,0.59636485606640566,-0.090794257824316299,-0.15851893987922921,0.78165024588660637,-0.22898931981050114,0.14473382452734979,-0.0027825353053674406,-0.0025666417216815723,-0.0022597723124902378,0.0017174651347908762,0.050197621485382732,-0.029902088159303439,-0.11744178355862915
108.379,268554.657520512,2,426,1,427,268554119946166,268554.12414288707,411064287f1f5020,0.81808737485717375,-0.34586740134688454,-1.1636976896225424,-0.41119278425086192,0.65107805683303466,0.39129634699079885,0.50388994843584689,0.78761020501853396,-0.33582809643264072,-1.1532231763912679,0.63299228307990085,-0.07961569698173461,-0.16962449843656766,0.75113889520217914,0.017758856351244971,0.017044071743642419,-0.22744220051391881,-0.0025744914124920157,-0.0022524092401686267,0.0017588160905651154,0.049171784866656881,-0.030117838303860622,-0.11928596479685423
16.597,268554.657520512,1,441,1,442,268554619987791,268554.62418451207,4110642a7f2a3988,0.75584736113014872,-0.29794172224670873,-1.1918049529700894,-0.44517695638751725,0.67126063860056639,0.34355272108213769,0.48290600909146425,0.72524032317742959,-0.28654611030781169,-1.1832779248673164,0.58439455692803544,-0.098537652310320398,-0.15986530055505696,0.78944057318362915,-0.25683866323690629,0.12359172291234617,0.052832362305362535,-0.0025744152888756778,-0.0022521913684323924,0.0017592707467832727,0.048278981876704527,-0.029310839681585519,-0.12096684277906788
116.665,268554.757528887,2,429,1,430,268554219954500,268554.22415122105,41106428e587e5cf,0.81746049377130015,-0.34344139954546293,-1.1839443951754058,-0.40251156987849246,0.66591247154405586,0.38872346548210374,0.49339551776653018,0.78753216166665674,-0.33270003151773975,-1.1726183675269415,0.62375229827278844,-0.074014316001788136,-0.1862525587828906,0.75548986477187619,-0.016623688760137614,0.041967298813561059,-0.12900854722760832,-0.0025298340278878842,-0.0021682692135617299,0.00188270367436747,0.048403396621304863,-0.026468095631485087,-0.12260638320004719
17.948,268554.757528887,1,444,1,445,268554719995958,268554.72419267904,4110642ae592c402,0.72766470589077969,-0.28767573892290271,-1.1852656259225358,-0.43225023411773389,0.68143506399180254,0.34786422088625069,0.47728034288804966,0.69754337112831866,-0.27577842926607915,-1.1757514172311097,0.58346530098020577,-0.091511015027573583,-0.17620027828474327,0.78749440544874993,-0.28933263013812588,0.10090327714435555,0.10110176260990673,-0.0025292308693778609,-0.0021677849893755301,0.0018834591873940426,0.045082481297815745,-0.024233726270811343,-0.12402759096382969
114.058,268554.857537054,2,432,1,433,268554319962833,268554.32415955403,411064294bf07b6d,0.81145495737466344,-0.33544716335714025,-1.1907315948712505,-0.40481633846773679,0.66757470802216656,0.39331796044697992,0.48556027073989666,0.78155692573393576,-0.32503219713038406,-1.1790270173704531,0.62146074057474521,-0.065225161385038824,-0.18579821998206617,0.75829496088137138,-0.099200609116645549,0.10461957548616976,-0.046732072223460472,-0.0025102522766011618,-0.0021531479498897391,0.001985574796407456,0.043393775416386379,-0.023888806218885575,-0.12517743631195188
9.804,268554.857537054,1,447,1,448,268554820004291,268554.82420101209,4110642b4bfb59a1,0.69934674958067522,-0.27935659623346448,-1.1737698915463226,-0.43293697740714443,0.68083809433564058,0.35520912025849843,0.47207160155281819,0.66920480484763367,-0.26787476334378013,-1.1638204376331558,0.58497579277367762,-0.082634250790912855,-0.17529255617998304,0.78755788499190282,-0.26788330541424937,0.067051179786514051,0.073160369765245925,-0.0025094661747980178,-0.0021527317455359569,0.0019861157740815884,0.038840647577129551,-0.021599029401061239,-0.12626422141104759
114.711,268554.957545471,2,435,1,436,268554419971083,268554.42416780407,41106429b2590b7a,0.79823348631665414,-0.32301280984897796,-1.1927258392376341,-0.4188255677436552,0.66534210266678318,0.38693788939655033,0.48185490885221022,0.76800551970163777,-0.31284991110212285,-1.1816648051381826,0.61432926274274302,-0.067116466321395812,-0.1743135088809272,0.76662229129350645,-0.1670971165984334,0.14158942373662967,-0.021199939108224448,-0.0024949503747911826,-0.0021626434907019211,0.0020285879959549705,0.039542879240702343,-0.020710131906815851,-0.12721041437192984
9.790,268554.957545471,1,450,1,451,268554920012500,268554.92420922103,4110642bb263e6ec,0.67630377844594336,-0.2758369773952104,-1.169674358174047,-0.43660477638843664,0.68151315492179965,0.35931006708852359,0.46455615140116152,0.6461272485310976,-0.26471680908907708,-1.1594235118134635,0.5825613743848066,-0.074420217930755261,-0.17317637062277086,0.7906287503600844,-0.21307791489156955,0.02782473283380299,0.011062481675175043,-0.0024941726227511417,-0.0021623110082647891,0.0020289029807211059,0.036563498725480717,-0.019017905500652726,-0.12792027821464236
121.406,268555.057553637,2,438,1,439,268554519979333,268554.52417605405,4110642a18c19b86,0.77835666897420142,-0.30954021467910209,-1.1944683436480017,-0.43954148020262468,0.66567479877958502,0.35741255164153923,0.48573312692527854,0.74771296686458155,-0.29868342021131233,-1.1853878983468258,0.59619401098024916,-0.090736346534737944,-0.15990039876363824,0.78150590475315018,-0.22344252388833546,0.13504102341962287,-0.0039443132761975792,-0.0024743175183898781,-0.0021745044821065681,0.0019902215595784174,0.042847361213795968,-0.019618455311916218,-0.12972060711886774
17.347,268555.057553637,1,453,1,454,268555020020916,268555.02421763708,4110642c18cc821d,0.65818666432825257,-0.27364121044196821,-1.1739546027954977,-0.43094350478602206,0.68811223604964622,0.37371603296459555,0.44847031808045146,0.62837481856578015,-0.26293195485947207,-1.162295844325149,0.58137352875481252,-0.052859260521788159,-0.1818457489474179,0.79129188181733523,-0.13097151324804035,0.0082594105332998487,-0.020453197635236443,-0.0024738098847417035,-0.0021744831255314607,0.0019902769238898353,0.043641003204498763,-0.018364051104737874,-0.1299548077049936
122.535,268555.157562096,2,441,1,442,268554619987791,268554.62418451207,4110642a7f2a3988,0.75481201373024109,-0.29785006359241478,-1.1940213397499966,-0.44442892752747731,0.67202980457694794,0.34338333308955998,0.48264563595440285,0.72423653617359629,-0.28640098145831838,-1.1854528134801867,0.58409066992706249,-0.098473316099380495,-0.16093811928372811,0.78945551938153136,-0.24823978503948044,0.11541808033564617,0.050646817235462931,-0.0024614509626278516,-0.0021832388528672821,0.0019500068855401779,0.045863206489436897,-0.019325603796052731,-0.12980185060169575
14.821,268555.157562096,1,456,1,457,268555120029250,268555.12422597106,4110642c7f3517cc,0.64274065291940641,-0.26992891974229571,-1.1772358967333811,-0.43827230792163541,0.68798306211327109,0.37136298070756352,0.44349326953941975,0.61279454829646252,-0.25941037167036529,-1.1657488642037506,0.57619036491162523,-0.051003815004930127,-0.17657216292619138,0.79638278831069542,-0.13499200769195271,0.030320854742970804,-0.017386043893263214,-0.0024611618209316954,-0.0021834167250314165,0.0019498922951828477,0.048505781873274041,-0.018287024014741617,-0.12937260336703155
119.109,268555.257570304,2,444,1,445,268554719995958,268554.72419267904,4110642ae592c402,0.7279196673805981,-0.28818771671149745,-1.1879711896380962,-0.43229100204484583,0.68152147189704504,0.34790574515201927,0.4770897385157708,0.69779984058487288,-0.27629304641269303,-1.1784489102762601,0.58335988542875705,-0.091346875297869778,-0.17623255062191401,0.78758433233981828,-0.28415340580463527,0.092846639738818015,0.099314102210553992,-0.0024802841352941471,-0.0021734482750247991,0.0018823793663547876,0.049589966937217865,-0.016830664823406116,-0.12727005200177854
11.931,268555.257570304,1,459,1,460,268555220037500,268555.22423422104,4110642ce59da7d8,0.62626671637364262,-0.26524065554034637,-1.1809609676937947,-0.45335179085481236,0.68193332567779752,0.36841624033195747,0.44012341465877397,0.59589318721679807,-0.25532679946707926,-1.1700740426787384,0.57172385769075573,-0.050704627877158397,-0.16163154902695406,0.80276778312173624,-0.15499042264863408,0.01599278864902751,-0.04116175901588863,-0.002480109909383613,-0.0021737053720963326,0.0018821996238321344,0.053542629324233371,-0.015225546101859007,-0.12650682071943914
116.977,268555.357578596,2,447,1,448,268554820004291,268554.82420101209,4110642b4bfb59a1,0.69816634940288935,-0.27841034823382793,-1.1791781817071192,-0.43351634195014022,0.68048479224702119,0.35510883922101522,0.47212476560998251,0.66800438319813549,-0.26695369318137735,-1.1692604298631253,0.58494247603827154,-0.082742752854991178,-0.17463306129772826,0.78771773528211109,-0.27452961146863791,0.066616837942993085,0.072190611206682992,-0.002500905711968556,-0.0021713291040538749,0.0018314516206418207,0.051390061864608386,-0.015434938417999229,-0.12491681584985995
15.580,268555.357578596,1,462,1,463,268555320045750,268555.32424247108,4110642d4c0637e5,0.60895964642633749,-0.2660940496218695,-1.1870059826871153,-0.46117285940154268,0.68357200789845707,0.36357379368237497,0.43343171726231899,0.57849332367734696,-0.25625575522714628,-1.1763114937547867,0.5635679864376173,-0.049397010168721327,-0.15725994184818645,0.8094568368597217,-0.17992484408298418,-0.014656426748987664,-0.058889955586625777,-0.0025007687783460447,-0.0021715546301276489,0.0018312314819957419,0.054649229611768387,-0.014263353866068923,-0.12411228364526897
125.469,268555.457586804,2,450,1,451,268554920012500,268554.92420922103,4110642bb263e6ec,0.67348419775339408,-0.27387891143678583,-1.1754742357435459,-0.43745296112624449,0.68091649192932513,0.35919116177544758,0.46472508038132215,0.64327630679107595,-0.26279855507087879,-1.1652727663209674,0.58259674645808079,-0.074623747505945762,-0.17215470902208879,0.7908066030870935,-0.22747156438890423,0.032621799277283377,0.010399248106025818,-0.0024945195679094076,-0.0021788327795607444,0.0017995192617392018,0.052463075310209023,-0.015753077674755367,-0.12539675426960548
17.819,268555.457586804,1,465,1,466,268555420054166,268555.42425088707,4110642db26ed315,0.59004835580300041,-0.26666657866970833,-1.1910239829890878,-0.46522294423978106,0.68871781189811232,0.36356648909502509,0.42077885990950536,0.55968906549300923,-0.25692582768458389,-1.1799428181547362,0.55461590031698915,-0.040455254294316088,-0.15803473227688611,0.81595931204302752,-0.19753002058303146,0.0041338661090403453,-0.0048770176191933442,-0.0024943598895173598,-0.0021789398125501127,0.0017993181590427259,0.054006388838831867,-0.015682325577582142,-0.12512903756333796
129.977,268555.557595221,2,453,1,454,268555020020916,268555.02421763708,4110642c18cc821d,0.65582276238919845,-0.27227431896903403,-1.1772431301271169,-0.43161212042564001,0.68768285718362154,0.37348990678814886,0.44867427848865316,0.62598508384660323,-0.26158812915950713,-1.1656293779982776,0.58135785519019334,-0.053163377654198971,-0.18106934960742957,0.79146104775775139,-0.14515835157095841,0.013390117319526799,-0.022844870624012151,-0.0024744675818318389,-0.0021766633921105174,0.0018102732941392724,0.053237336092043404,-0.017332158992506189,-0.12760410878758968
13.933,268555.557595221,1,468,1,469,268555520062416,268555.52425913705,4110642e18d76321,0.57014514801231087,-0.26284171990844002,-1.187449184139298,-0.47059064904650866,0.69350221475886087,0.36123784807537074,0.40878648398020234,0.53985357729799166,-0.25314492821729545,-1.176146355885956,0.54448941238832171,-0.033621961989922601,-0.15762227552637892,0.82313793602703966,-0.18686019095523304,0.055947690926769766,0.067093112362319365,-0.002474492631413183,-0.0021767284514282387,0.0018101640084997744,0.053245458361676927,-0.018883802125038707,-0.12769408218894865
130.398,268555.657603512,2,456,1,457,268555120029250,268555.12422597106,4110642c7f3517cc,0.6409561984432911,-0.26901645367265842,-1.179029625679815,-0.43867777749652048,0.68767670892812971,0.37124854085013059,0.44366330213081506,0.61099339425077648,-0.25851422554524406,-1.1675712435406396,0.57622967490974886,-0.051204967397205377,-0.17606882823896558,0.7964528741801451,-0.14709235985533872,0.034889151990268333,-0.020420747205766265,-0.0024857769161234469,-0.0021809326737175063,0.0018350609928653844,0.054251732317998971,-0.017951974960649,-0.12892537649957045
18.240,268555.657603512,1,471,1,472,268555620070708,268555.62426742906,4110642e7f3ff5ff,0.55488014891027948,-0.25925123831246155,-1.1753979077951158,-0.4745887319234941,0.69839427693690748,0.35504833497219057,0.40118786437151754,0.5246408551502878,-0.24934165161752864,-1.1641397482475195,0.53473973050726431,-0.032625573250976363,-0.15825441433558085,0.8294242177139306,-0.12260943728766135,0.019470812241976443,0.16845558752416606,-0.0024860205477545156,-0.0021809339552038127,0.0018351364067036051,0.053742744400960475,-0.019259439634454496,-0.1293841327859386
132.738,268555.757611846,2,459,1,460,268555220037500,268555.22423422104,4110642ce59da7d8,0.62656550825421553,-0.26524554970932046,-1.1806654226860689,-0.45353144741751195,0.68178636958384164,0.36847929171986527,0.44011320957131983,0.59618553216592018,-0.25534539127006012,-1.1697840226052545,0.57176122566717291,-0.05065282772804236,-0.16140059900875628,0.80279090584431767,-0.15827546832154907,0.016991275305620713,-0.042060741622509716,-0.0025119624532704663,-0.0022011505960029161,0.0018468213775505215,0.05204593636437737,-0.017937362173781717,-0.12979706561373081
18.366,268555.757611846,1,474,1,475,268555720078916,268555.72427563707,4110642ee5a8833a,0.55124745851849044,-0.26663105518276076,-1.1521541739707801,-0.47616642327822162,0.70714543345252601,0.3417537847004688,0.3954937131548999,0.52115270738193431,-0.25598781945769777,-1.1411820073982157,0.52131269127617541,-0.037999866819574533,-0.16332682006049468,0.83672781589057532,0.019425972770984068,-0.11738816982172084,0.2666303197109624,-0.0025124117663362271,-0.0022011003043583208,0.0018470419382221495,0.050327288818875091,-0.018427036835586868,-0.13018998946634858
134.180,268555.857620096,2,462,1,463,268555320045750,268555.32424247108,4110642d4c0637e5,0.61106799725643157,-0.26673500328681249,-1.1850192052916262,-0.4610502968885441,0.68363360576099752,0.36370963610402496,0.43335097857367322,0.58060619292581239,-0.25689709747301659,-1.1743114960086585,0.56360695065985655,-0.049243864201028928,-0.15739016289509128,0.80941372834311709,-0.17677095392410472,-0.016061255615751866,-0.055920056627938156,-0.0025404045539854305,-0.0021932901997820135,0.0018839573362407251,0.05067287548755206,-0.017911193867030814,-0.13048586692029052
13.531,268555.857620096,1,477,1,478,268555820087208,268555.82428392908,4110642f4c111618,0.55895286256866383,-0.28079830792432875,-1.1204806426082103,-0.48379852791191852,0.71430724203169893,0.33444400341348784,0.37927748438915748,0.52893982642906134,-0.27002914134583816,-1.1094079886872104,0.50467729047623733,-0.031702057578621531,-0.16299427054002338,0.84718869196535618,0.081846926849323431,-0.13305807024252483,0.3519480580183838,-0.0025408511880838183,-0.0021931125815310964,0.0018843661474164627,0.048132120194253114,-0.017346688030309636,-0.13102610712247093
132.439,268555.957628304,2,465,1,466,268555420054166,268555.42425088707,4110642db26ed315,0.59339417054544352,-0.26751065074572711,-1.1879679006635515,-0.46454595603542792,0.68882311248580264,0.36390472484195074,0.42106196561395309,0.56304976758295888,-0.2577545771150232,-1.1768594719659706,0.555055255058998,-0.040416271468470065,-0.15858789397186868,0.81555506786332022,-0.19067437254135,0.00067190043403001073,0.00049071452113546199,-0.0026336987385003853,-0.0021600770094097402,0.0019447090022728238,0.04886961797567739,-0.013035340200745229,-0.12804917531642129
13.727,268555.957628304,1,480,1,481,268555920095625,268555.92429234606,4110642fb279b159,0.5691477014522448,-0.29778745469092521,-1.0827999322524362,-0.49669448984522951,0.71531359815918749,0.32714115995245213,0.36687839228194913,0.53895002899861866,-0.28726681768326345,-1.0719935578695488,0.49074591860409289,-0.028098465698178105,-0.15458704987277594,0.85701911507880923,0.090446207290630409,-0.17468075165201466,0.37085675014890773,-0.0026339691323185848,-0.0021596715140330307,0.0019451588647794249,0.046264446114052359,-0.009526911077651171,-0.1299799926798961
134.188,268556.057636721,2,468,1,469,268555520062416,268555.52425913705,4110642e18d76321,0.57378520551127765,-0.26376077681856258,-1.1851582632849991,-0.46979666295224537,0.6933498189315308,0.36171862362322421,0.40953243412841961,0.54350283674382127,-0.25405462949980284,-1.1738388199230261,0.54535683842359017,-0.033809468743049395,-0.15807594834280017,0.82246874297049333,-0.18234868730973197,0.050474318755035309,0.069409370411147753,-0.0027086554335964816,-0.0021375302395808915,0.0019166718973245708,0.050492362797147174,-0.009354073431167861,-0.12384733015608804
19.683,268556.057636721,1,483,1,484,268556020103750,268556.02430047106,4110643018e23902,0.576456506322642,-0.31864362126822643,-1.049422291752981,-0.508011220060128,0.72045214301416716,0.31842034489033333,0.34854246095951558,0.54623411765672614,-0.30816978097390013,-1.0386395812967986,0.47161391026776217,-0.021299551969506031,-0.15021841322558283,0.86865475135742942,0.045289913082477644,-0.23246143727153706,0.33249361863232879,-0.0027086486711729893,-0.0021373924620702272,0.0019166853609801653,0.051788750083751132,-0.0052384197067259063,-0.12568122404613433
132.507,268556.157644762,2,471,1,472,268555620070708,268555.62426742906,4110642e7f3ff5ff,0.56022975840320932,-0.26057560336517338,-1.1733791525004831,-0.47404827188910231,0.69781148640102653,0.35569955745195164,0.4022626547502412,0.52998395941907916,-0.25068390147824099,-1.1621227396811944,0.53596020587144177,-0.032925080976656945,-0.15822448215172322,0.82862995963985131,-0.11678491213449747,0.012542814472991192,0.16523174009172981,-0.0027886599091350348,-0.0021470189733734696,0.0018303454497859788,0.053806042372037344,-0.0052572106033953936,-0.11632194958016263
11.789,268556.157644762,1,486,1,487,268556120112083,268556.12430880405,411064307f4acea0,0.57575505884203038,-0.34090783576641204,-1.0212813768099982,-0.51730405000324442,0.7306773408913787,0.29251663382448317,0.33606727824442845,0.5455365379516961,-0.32956789056983599,-1.0114017214462883,0.44447593494286269,-0.030794955175049432,-0.15087769689680139,0.88245608081736948,-0.071273833692427027,-0.16191601769214378,0.26622754976999863,-0.0027883475576780787,-0.0021475067334422574,0.0018300123441695551,0.058758021622044673,-0.0015391679762835914,-0.1173397597341605
124.889,268556.257653096,2,474,1,475,268555720078916,268555.72427563707,4110642ee5a8833a,0.5581868473046564,-0.26810256404684285,-1.1515915295661256,-0.47604452540707515,0.70600648399477517,0.34252143305174149,0.39700828139970762,0.5280625371513249,-0.25751119375863513,-1.1406503337827316,0.52292646206446403,-0.038528018927244202,-0.16260765600592444,0.8358362622179919,0.025544386414053169,-0.12756494160363033,0.25783683600194646,-0.0028661515995482842,-0.0021990980306057185,0.0017092751696263389,0.059299955198516281,-0.00055108436363305886,-0.10654126865524247
10.681,268556.257653096,1,489,1,490,268556220120333,268556.22431705403,41106430e5b35eac,0.56394764325776703,-0.34793409565251981,-1.0044788131148736,-0.50783235004186722,0.74167781489299134,0.28423689900788401,0.33351126158103556,0.53415672258103031,-0.33556823982974632,-0.99453157194109265,0.43681390179596602,-0.034842234987099215,-0.16535370954650994,0.88353708727936042,-0.1659834388472885,0.025234239627918362,0.081911807398144298,-0.002865616386080223,-0.0022002596018640313,0.0017088067235652867,0.064993278767485563,0.0027583443089773331,-0.10659590677278931
125.253,268556.357661471,2,477,1,478,268555820087208,268555.82428392908,4110642f4c111618,0.56415031723641462,-0.28223808298566311,-1.1223807020592131,-0.48388579085180006,0.71310903894090705,0.33519298665812258,0.38075681858660371,0.53410197301145768,-0.27153060373746324,-1.1113440427161663,0.50625294880824667,-0.03221849367626016,-0.16208530881693325,0.84640313867205563,0.077156678338071077,-0.14476692356717288,0.34024631207157724,-0.0028665551267930489,-0.0022529906536687921,0.0017277325883606816,0.061900771265188968,0.0026292238028906832,-0.10707971608275935
19.124,268556.357661471,1,492,1,493,268556320128708,268556.32432542904,411064314c1bf71c,0.53979357008854323,-0.34179649067405221,-1.0025023482116895,-0.52447919497513928,0.73505485195482079,0.27900624144201591,0.32675909949806414,0.50953266188877344,-0.33017220383582352,-0.9930941420918018,0.42834076898997436,-0.033766368854074219,-0.14889947104149021,0.8906250420233266,-0.30665270222605434,0.089129409452694347,-0.023497690042922934,-0.0028659541915361042,-0.0022539743431363173,0.0017273996741232025,0.063485594024482131,0.0045175974470296094,-0.10690724735589585
129.875,268556.457669846,2,480,1,481,268555920095625,268555.92429234606,4110642fb279b159,0.57173667163269848,-0.29875205065094179,-1.0853097003016772,-0.49763928006972363,0.71398726402423351,0.32765950379937836,0.36771814821314153,0.54148825687174429,-0.28832584503731518,-1.0745538371137098,0.49170624014117803,-0.02832573835647113,-0.15298112248001985,0.85674932279958071,0.071935278178852105,-0.17620689364457684,0.36003056286259433,-0.002814795516133744,-0.0023029902191243979,0.0016867759944900313,0.062753190733883801,0.0014110880188347326,-0.11217972586998956
18.473,268556.457669846,1,495,1,496,268556420136833,268556.42433355405,41106431b2847ec5,0.50862246365366415,-0.32863837675050278,-1.0082502579268027,-0.51195231809352093,0.74644281844374027,0.25393555495096221,0.34094681394121085,0.47875933968467144,-0.31519276263810608,-1.0000789520385318,0.42064534586018193,-0.061526249634601626,-0.16580981850989085,0.88981971078291222,-0.22234210732139478,0.2151703100163479,-0.15334661355921583,-0.0028144161797568094,-0.0023034398269351159,0.001686460300937692,0.0624590735565132,0.0005501007663601537,-0.11189854903815845
126.294,268556.557677971,2,483,1,484,268556020103750,268556.02430047106,4110643018e23902,0.5777819799343098,-0.31979596653751607,-1.0508786241125632,-0.50972627928577441,0.71905068238807601,0.31898078199306235,0.34842007734098424,0.54749993679795717,-0.30945823234947256,-1.0401319936028623,0.4719236608487194,-0.020816724820014374,-0.14801470096334918,0.8688764990478457,0.025232561334923329,-0.23080236282293029,0.32413762042445543,-0.0027140235140279286,-0.0023961629044178729,0.0016113906638343498,0.060697732813440514,-0.00054828088563537423,-0.12141525430010967
10.490,268556.557677971,1,498,1,499,268556520145125,268556.52434184606,4110643218ed11a3,0.48054831927653785,-0.30809660233073743,-1.0202073285749707,-0.46472791367345434,0.77582850323296682,0.26065891396587837,0.3378980372932372,0.45258448139723034,-0.29213741536736687,-1.0100737667877908,0.42324366790074391,-0.05461630642454491,-0.21998133065578815,0.87720583149986753,-0.34213330101331962,0.31728158520058192,-0.074885315268520797,-0.002713573551994683,-0.0023964002525837919,0.0016106099711117037,0.059160408386998722,-0.0030942839342333207,-0.1210596675709322
124.302,268556.657686137,2,486,1,487,268556120112083,268556.12430880405,411064307f4acea0,0.57644155848713896,-0.34304433380146782,-1.020295206880691,-0.51919162490165893,0.72969121607313336,0.29278036463379253,0.33506789926083724,0.54617149538187282,-0.3318284848503758,-1.0104316900699335,0.44395575314410052,-0.029901801698869742,-0.14884568439412152,0.88309350226499883,-0.078020941897403051,-0.16415373187220272,0.26343607971187838,-0.0026062745420537712,-0.0023941569998879946,0.0015661226762494597,0.059820260934667982,-0.0032709137885617232,-0.12319747296369427
17.931,268556.657686137,1,501,1,502,268556620153333,268556.62435005407,411064327f559ede,0.44962829629861817,-0.27566462946780512,-1.0257289968697534,-0.44484796879109834,0.7856535769865135,0.26082210484809909,0.34180495090887408,0.42247020972023891,-0.25867692484612703,-1.015088640811121,0.42612166631474419,-0.0572635180857934,-0.24098595020965377,0.87009596412989654,-0.27965608485089799,0.31383622230605107,-0.004105950339333554,-0.0026060811154414976,-0.0023943468327104118,0.0015654872983269679,0.059821449797737736,-0.0067852417733946227,-0.12197430513412587
126.084,268556.757694387,2,489,1,490,268556220120333,268556.22431705403,41106430e5b35eac,0.56518886406720947,-0.35053487749069789,-1.0011395309795237,-0.50924048651250642,0.74141867333867517,0.28415728810627128,0.33200476886604247,0.53537078118246784,-0.33823878424984138,-0.99118719577327985,0.43569235720283961,-0.033833277207750811,-0.16417476598030781,0.88434954935462473,-0.15992619512651185,0.021591084942177634,0.088323787053267155,-0.0025877769981789756,-0.0024321583047231337,0.0015967187848907902,0.057683582688458919,-0.0073572621333955479,-0.12584052929388595
12.690,268556.757694387,1,504,1,505,268556720161583,268556.72435830405,41106432e5be2eea,0.42308963646283787,-0.24380916547048134,-1.0213454571124898,-0.42488064987346996,0.79333093199108429,0.26172248382899349,0.34871745063893483,0.39671131955273903,-0.22590548895403723,-1.0102547530702966,0.43164620568486139,-0.061514729323732531,-0.26053368608363986,0.86140564753765214,-0.21977704071031026,0.33978198251868047,0.04881458919886382,-0.0025879443280136544,-0.0024322789456446637,0.0015965347777378994,0.05558255859253558,-0.010865782268361891,-0.12567431015185124
127.819,268556.857702679,2,492,1,493,268556320128708,268556.32432542904,411064314c1bf71c,0.54120643350718278,-0.34310210748893366,-0.99882297455811497,-0.52595841420954481,0.73475467825475871,0.2789916192105652,0.32506466883940793,0.51091953294365455,-0.33155706099525423,-0.98940084594084743,0.42713228613412652,-0.032578564955705915,-0.14764125026460914,0.89145875309380673,-0.30176526835387879,0.092935492051871529,-0.012921822972297296,-0.0025893518404607541,-0.0024724179496624921,0.0016209064314871824,0.051630086060433573,-0.012015242913337231,-0.13155446792547629
12.033,268556.857702679,1,507,1,508,268556820169833,268556.82436655404,411064334c26bef6,0.40946157506539216,-0.2115323886197647,-1.0150340499030943,-0.41009122971071027,0.79757162156484518,0.29330419647571732,0.33117577407019833,0.38381655393401692,-0.19427040726284661,-1.0014797943805165,0.44157401013956843,-0.026779248618794955,-0.27399000536703566,0.85394656880371911,-0.11294412565265119,0.32083325114949046,0.12361876537796358,-0.0025894872705855016,-0.0024722127849292255,0.0016209414976771392,0.047251497194777149,-0.015062377977605835,-0.13275129657885223
129.147,268556.957710846,2,495,1,496,268556420136833,268556.42433355405,41106431b2847ec5,0.50944877170820857,-0.32958208317587656,-1.0028109660771036,-0.51298492951891761,0.74658967791970776,0.25337459307143001,0.33948738372520654,0.47957178202063339,-0.31616333175064654,-0.99464619116514097,0.41921671294678292,-0.060890936598104073,-0.16518349731666424,0.89065372263328912,-0.21858587722101944,0.21991970249121368,-0.13998298200806689,-0.0024982086469279262,-0.0024144283235145248,0.001634672326160092,0.060028146386037678,-0.014026002673486259,-0.14165145446737679
19.970,268556.957710846,1,510,1,511,268556920178166,268556.92437488708,41106433b28f5495,0.39814231825191371,-0.18343424223057331,-0.99599321023771281,-0.38309794205841896,0.81531740428420008,0.27013841043883002,0.33988055178244758,0.37386330755768704,-0.16392500245199193,-0.98298243950965658,0.4313485333624833,-0.049315139766452187,-0.30562530456911258,0.84740759553056122,-0.048028991563783673,0.2882403626019841,0.16835128013897366,-0.0024985778733080245,-0.0024142427615299537,0.0016347544609696377,0.060474743418052167,-0.01682087039427408,-0.14228886207570313
129.948,268557.057719179,2,498,1,499,268556520145125,268556.52434184606,4110643218ed11a3,0.47976091582409375,-0.30685302660888869,-1.016722194417343,-0.46478766915172837,0.77650923566930996,0.26015840310982546,0.33663554183804395,0.45182009230296905,-0.29086390258323253,-1.0065723547230352,0.42199703421595536,-0.054077501961668661,-0.22042042766211661,0.87772943551174887,-0.34067952972136184,0.32270182465750041,-0.067368879952453525,-0.0024701256489477988,-0.0023833590861053141,0.0016853371107504113,0.065889534905826969,-0.014755148149530009,-0.14337175225142157
17.772,268557.057719179,1,513,1,514,268557020186375,268557.02438309608,4110643418f7e1e1,0.39297122543707208,-0.15439426384400207,-0.97831617115330427,-0.37392223236599215,0.8249392020864077,0.25489490895494371,0.33865338563907077,0.36935791763235415,-0.13380121272774684,-0.96575834920005355,0.41970201290244591,-0.05922618526941547,-0.31891714923432746,0.84772302744960149,-0.030990355897527123,0.30123431887599766,0.13673150718950583,-0.0024706462206727027,-0.0023833048084304343,0.0016853626899648961,0.068045726974327189,-0.015879923637503585,-0.14301800025680203
137.173,268557.157727429,2,501,1,502,268556620153333,268556.62435005407,411064327f559ede,0.44853102063615602,-0.2765807414035138,-1.0215483833414538,-0.44458031626840644,0.78628500150857372,0.26056844833465564,0.34089349617482589,0.42140344024542398,-0.25956012750975765,-1.0108828295916175,0.4252978082727259,-0.056798384515726774,-0.24162169366789238,0.87035318977061182,-0.26986766561957898,0.3101373924386705,0.010148128631443971,-0.0024807491980837629,-0.0023936237255727209,0.0016725139506083017,0.066156105382896943,-0.016686912397399032,-0.13955076478287515
17.862,268557.157727429,1,516,1,517,268557120194541,268557.12439126207,411064347f606c4a,0.38814594917558598,-0.12006133912102021,-0.96823510510324762,-0.37954457083005927,0.82697651110279558,0.25606442820684172,0.32632319969204981,0.36447862444034934,-0.099665154605985365,-0.95545956796886033,0.41181023000973227,-0.049680452433216615,-0.31638215066856684,0.8531392159804253,-0.043215824106646587,0.32379474068459752,0.064885094846017136,-0.0024810093636470996,-0.0023939565616812233,0.0016724390435740987,0.067625179916480996,-0.01599713177203841,-0.13893532502571077
134.567,268557.257735762,2,504,1,505,268556720161583,268556.72435830405,41106432e5be2eea,0.42252230524043122,-0.24438435843744075,-1.0181956843921869,-0.42465443863008318,0.79359664681721975,0.26128155533575204,0.34871904445562552,0.39615917693382918,-0.22644959895751129,-1.0071190955556668,0.43133554916412736,-0.06182763984158654,-0.26088153033398676,0.86143358078815169,-0.2135765526095387,0.34141546005838952,0.061611562707364093,-0.0025632884623204752,-0.0023863906537452857,0.0016105056613090012,0.054201972203865981,-0.014692583940016334,-0.13072325018997058
16.261,268557.257735762,1,519,1,520,268557220202916,268557.22439963708,41106434e5c904ba,0.38270530647423767,-0.088415953948462633,-0.96788276284174923,-0.38487468244438344,0.8301170291502793,0.24979516957723055,0.31682743441250827,0.35902067033902685,-0.067903255591702891,-0.95532775709767048,0.40066267499459685,-0.047398967762209136,-0.31483387425060527,0.85912885549584772,-0.053726874270633405,0.30734187009602959,0.015660542679800327,-0.0025630042685122752,-0.0023865305038331315,0.0016104123686076245,0.053821375545157764,-0.01141509751924673,-0.13046058168163294
132.217,268557.357743887,2,507,1,508,268556820169833,268556.82436655404,411064334c26bef6,0.40669409788023647,-0.20921893282106874,-1.0125301439337866,-0.40997320662515668,0.79774025002251259,0.29255171904734034,0.33158107340201415,0.38105278979668489,-0.19191767414372127,-0.99901901074998212,0.44132851815974222,-0.02759792039524565,-0.27419269861169199,0.85398235220455321,-0.12094279743668357,0.33509108441080621,0.12852191218130166,-0.0025556170787563478,-0.0023554719431662426,0.0015531436399794335,0.052107275250261327,-0.0099537633845063374,-0.13196130620440494
10.546,268557.357743887,1,522,1,523,268557320211083,268557.32440780406,411064354c318f34,0.37437128595040081,-0.061666388374762786,-0.96675778672359813,-0.37473028785543661,0.8403107423689018,0.22443134708185808,0.32106960504337589,0.35141744802317537,-0.03970373307859254,-0.95535059387352017,0.3857274121287152,-0.068333565708544888,-0.32921508781521064,0.85916372903240235,-0.091598130234769412,0.28213585106797817,0.027103668561539333,-0.0025550905208011447,-0.0023554291358745369,0.0015529601410154829,0.052908045437006709,-0.0068354469494785481,-0.1322853144366643
130.280,268557.457752137,2,510,1,511,268556920178166,268556.92437488708,41106433b28f5495,0.3966363471701751,-0.18238940443505208,-0.995717386447597,-0.38318111327515036,0.81516206244189271,0.26969871923184457,0.34050800349166405,0.37234519263655114,-0.16286814484327328,-0.98274737537047818,0.43148130008331737,-0.050069723738917112,-0.30545665037215197,0.84735656319317187,-0.054930882006974643,0.29380446090797796,0.16553793879601533,-0.0025224322669656616,-0.0023214958403165501,0.0015275516768482552,0.055525637912082586,-0.0028285422540320852,-0.12823408159541122
10.767,268557.457752137,1,525,1,526,268557420219458,268557.42441617907,41106435b29a27a4,0.36106024192453412,-0.034334195629487307,-0.96269025912224271,-0.34538145300478396,0.85257324164239845,0.1716844150923181,0.35264009185367118,0.33988793217673879,-0.0094967108746538079,-0.95407668826205805,0.37075340453944816,-0.1279549827277528,-0.35863874356576297,0.84708186560161935,-0.12397910365566454,0.28392195691428801,0.012840740160149336,-0.0025219077234066496,-0.0023216997566216585,0.001527419857867943,0.058073336788530598,-0.00049737355219613231,-0.1270959338357556
119.351,268557.557760387,2,513,1,514,268557020186375,268557.02438309608,4110643418f7e1e1,0.3933342373737318,-0.15399627584958148,-0.98102132273936415,-0.37451627406378124,0.82436799555043949,0.25482818847226907,0.3394372047168005,0.36967563533861847,-0.13343054975098398,-0.96850403821962117,0.42020907816829756,-0.059827607544243259,-0.31809319432839445,0.84773917434694501,-0.033331228980316673,0.30134893766440701,0.12591679740145756,-0.0025248086524167768,-0.002372179112850847,0.0015158250236053435,0.055912357193113042,-0.0018864335984646065,-0.12262093295069675
10.764,268557.557760387,1,528,1,529,268557520227583,268557.52442430408,411064361902af4d,0.34295149312030654,-0.0029255548621137765,-0.96302677541454162,-0.32241808336720096,0.85750537579154917,0.1582033282314162,0.3683787048071559,0.32303277747152193,0.023073330902516502,-0.95486199385793102,0.37234971650574711,-0.14861643006101743,-0.37836384293316672,0.83433185705380719,-0.24194583773737766,0.35703986142679428,0.0011792332177301785,-0.0025242914330335449,-0.0023726962643483888,0.0015157734529549728,0.055655765765723994,-0.00099962462858607507,-0.1212973952826655
112.027,268557.657768554,2,516,1,517,268557120194541,268557.12439126207,411064347f606c4a,0.38870515673721606,-0.1203717861878803,-0.97261677070960395,-0.38006748373717197,0.82639583781227222,0.25612426183203379,0.32713765109770404,0.36499406611012658,-0.10000616677544136,-0.95987366750872549,0.41242844286728525,-0.050214047768788392,-0.31560179740535677,0.85309837322271842,-0.047512237906642441,0.32309718119783204,0.04931878584812166,-0.0025482493007758021,-0.0024240237422951051,0.0015477232132642407,0.054918587978772464,-0.0050770304949073041,-0.11488583369541974
10.418,268557.657768554,1,531,1,532,268557620235833,268557.62443255406,411064367f6b3f59,0.31554905781814241,0.033172114221291155,-0.96371286563096603,-0.29766423697798428,0.86077746129352151,0.13886661095640329,0.38881137036789115,0.29708049435365502,0.060446395134921269,-0.95633813064120587,0.37312466894979263,-0.17673762959957948,-0.39818116889523419,0.81914195866275485,-0.27979512517753935,0.37814178535670723,-0.0078401303552251035,-0.0025479067039476714,-0.002424309877534636,0.0015477315466966032,0.051743282699028073,-0.005922488444088523,-0.11402737660545698
105.555,268557.757776887,2,519,1,520,268557220202916,268557.22439963708,41106434e5c904ba,0.38195181080835844,-0.086483804994552826,-0.9712188555911343,-0.38503027276614332,0.8298470985698444,0.25004865518782399,0.31714540088117488,0.35825028058554331,-0.065991003917703642,-0.95866323847813384,0.40106675262421376,-0.047444562612996288,-0.3145329855431323,0.85904800472572718,-0.061270996672297934,0.31627209610725709,0.0002974854899721618,-0.0025826572631846081,-0.002437425204338514,0.0016058228230724709,0.05114305306028126,-0.011096006850643964,-0.11044879370478405
11.001,268557.757776887,1,534,1,535,268557720244041,268557.72444076207,41106436e5d3cc94,0.28641430657449934,0.066780894752761777,-0.96522331177847487,-0.2715504943407317,0.86760836946140718,0.11864912872111658,0.3992974877582165,0.26971079328368464,0.095317651398060588,-0.95844045722621074,0.36624355506080059,-0.19844835252404577,-0.42147655426356767,0.80550693601174439,-0.30085177252703044,0.31460384579671002,0.024589803608718326,-0.0025825726470382246,-0.0024370540640608839,0.0016058763558246978,0.047069671038240155,-0.013471791954033122,-0.11058581197579422
100.969,268557.857785137,2,522,1,523,268557320211083,268557.32440780406,411064354c318f34,0.37296244828274039,-0.057873694724266095,-0.97002546078574503,-0.37460804492286015,0.84015429534816732,0.22548993117240049,0.32087991030826968,0.35000596078465884,-0.03594699935971947,-0.95855459926154396,0.3863418096676981,-0.067450899309601589,-0.32919090187317329,0.85896666548181078,-0.09475446939694207,0.29166784219746467,0.015286955446524725,-0.0025819011599918116,-0.0024589447168959677,0.0016473290042605777,0.050008823487863209,-0.016883420644643699,-0.10779186380589358
11.019,268557.857785137,1,537,1,538,268557820252291,268557.82444901206,411064374c3c5ca0,0.25871928012101431,0.095774322426878833,-0.96300858119170207,-0.23699561214873932,0.87903318321694646,0.10070918940527515,0.40123740479613657,0.24440852527706697,0.12560247160267099,-0.95631195782542811,0.35492983110996229,-0.21250553338679634,-0.45398910819992616,0.78915150820617608,-0.19878819331827868,0.27406516493812016,-0.044954778013533918,-0.0025819188387280301,-0.0024585774779225717,0.0016472185707691051,0.046926903231005616,-0.019751220290247257,-0.10781711565335558
101.596,268557.957793262,2,525,1,526,268557420219458,268557.42441617907,41106435b29a27a4,0.36292387956334859,-0.034036865990676936,-0.96802425029763006,-0.34534442670372567,0.8520296853673951,0.1737701611048495,0.35296830809505769,0.3417145578968046,-0.0092694235030941936,-0.95930075220134159,0.37246033357330688,-0.12671222154150416,-0.35828057279584175,0.8466713317359702,-0.11033798956168045,0.27819317717433995,0.0096820086807036104,-0.0027062535945109362,-0.0025519612393480619,0.0016118192219898217,0.037232562828065106,-0.037396424943351464,-0.094580928848334994
10.415,268557.957793262,1,540,1,541,268557920260541,268557.92445726204,41106437b2a4ecac,0.24842546794091525,0.1147712593719766,-0.96794489931872352,-0.21515574118438274,0.89140814333359542,0.096853854333695671,0.38693528289255108,0.2357176452264205,0.14519018530490591,-0.96069499318757035,0.34209057049532454,-0.20511853977281463,-0.47818264663075832,0.78245880574050353,-0.096644766004480923,0.19161975277631443,0.013235136189170431,-0.0027062972991632817,-0.0025518162335637314,0.0016112503604781021,0.031508442989024339,-0.04102840436365407,-0.09453420083191541
111.243,268558.057801554,2,528,1,529,268557520227583,268557.52442430408,411064361902af4d,0.34572603790930068,-0.0030953221580864651,-0.96691267970323547,-0.32252248168929776,0.85707535778625554,0.16043499190251825,0.36832288344095282,0.32576207779381727,0.022829647583684103,-0.95862430275945032,0.37388826931339869,-0.1469989339223117,-0.37798595353414632,0.83410160917385689,-0.2269461710575254,0.35050966558978269,0.0043901795939561439,-0.0026827767474867131,-0.0026413966920378084,0.001573065412345088,0.040618650214895108,-0.038194443073372844,-0.090408877090702708
19.516,268558.057801554,1,543,1,544,268558020268958,268558.02446567907,41106438190d87ee,0.23757658857131872,0.13225266521651022,-0.96005870890940093,-0.1835128521928332,0.9041993525673121,0.081098234492423871,0.37705396625893872,0.22729405134854788,0.16357703676441074,-0.9528189487367148,0.3239625193474045,-0.20927229929518062,-0.50960229796579448,0.76912865550164788,-0.091982577603713506,0.19557573378608811,0.12701609964809035,-0.0026828344310297577,-0.002641214317952517,0.0015718293016803843,0.038239228392276954,-0.039253070316094367,-0.089281191209232141
113.803,268558.157809929,2,531,1,532,268557620235833,268557.62443255406,411064367f6b3f59,0.31665231712408287,0.034356196399689121,-0.9640563048780485,-0.29831911007716483,0.86055258421502445,0.14025418801022815,0.38830886459323,0.29812607665889318,0.061572433867673741,-0.95661212700007991,0.37375050883647148,-0.17540113925011172,-0.39755909159539948,0.81944601175677367,-0.267209273863527,0.37462792988613258,-0.0014025608086623404,-0.0025717708211646737,-0.0026332567790602829,0.0014838181142815682,0.043641870106029379,-0.023096322319682214,-0.096523878700629423
12.984,268558.157809929,1,546,1,547,268558120277000,268558.12447372108,411064387f760a05,0.2211490715368816,0.15902247043983786,-0.94248083196608756,-0.16122025844944593,0.91224413291539297,0.048990748639004239,0.37338804210526966,0.21302333867621437,0.19125129223452794,-0.936595556851891,0.29866689921824668,-0.22938351990552586,-0.53105406033851399,0.75905393030079671,-0.10560207129971957,0.1986229538632909,0.16859706570396094,-0.0025716172436846037,-0.0026332223361373473,0.0014825142705737937,0.046218797660592496,-0.020459526536839107,-0.095443432724154301
113.547,268558.257817929,2,534,1,535,268557720244041,268557.72444076207,41106436e5d3cc94,0.28767801990513697,0.067377353678443885,-0.96426216635837569,-0.27321241674327496,0.86725252037441392,0.11991235583209786,0.39855880541370831,0.27086183598598945,0.095838966439047948,-0.9574420850223927,0.36661446421234112,-0.19703278881041056,-0.42004977439839286,0.80643046928532502,-0.28370579737566903,0.30884998681387704,0.030268913921784657,-0.0025465170471693989,-0.0026861228524876703,0.0014106920860024719,0.046614771294713718,-0.019126017105292038,-0.096758535472726739
10.211,268558.257817929,1,549,1,550,268558220285250,268558.22448197106,41106438e5de9a11,0.20716081524672531,0.18284819845402103,-0.92427842758487722,-0.12365910224114729,0.91127426056393901,0.022342547448742589,0.39215878448982966,0.20174868271689295,0.21576632001283022,-0.9191338142383183,0.29309669482641959,-0.26149956204712432,-0.55692800459760228,0.73180837944500476,-0.10881848412905795,0.30113929489513203,0.18165922534791923,-0.0025463932987356405,-0.0026866898255376213,0.0014098461960227065,0.049607255154460905,-0.016356491909622881,-0.096274649679233271
118.177,268558.357826221,2,537,1,538,268557820252291,268557.82444901206,411064374c3c5ca0,0.25957357607228171,0.096494325156457561,-0.96214553218267396,-0.2390598168397382,0.87845309832270768,0.10116104367814435,0.40116960811384372,0.24513160980190701,0.12626613393714933,-0.95547995162747223,0.35520140082939955,-0.21213808468232762,-0.45211931315253184,0.79020093935063684,-0.18401831994383377,0.27123880613708995,-0.044607278973103334,-0.0025647183186321464,-0.0026705104119074509,0.0013500825734181034,0.043367663216921204,-0.015906898231283793,-0.092942766189817047
16.287,268558.357826221,1,552,1,553,268558320293458,268558.32449017907,411064394c47274c,0.18700703704537777,0.21956644785704929,-0.91241122367155492,-0.083140965806800471,0.90312727900277889,0.0029437179701145011,0.4212363771835736,0.1842050612079994,0.25282768839856373,-0.90739128731609542,0.29994061374723596,-0.29577756798086163,-0.57981786711425942,0.69739694541869723,-0.19411961534811292,0.4156345673050918,0.07056299211427354,-0.0025644595841318048,-0.0026710801472457696,0.0013498618419447092,0.044268417492002797,-0.013042318325122109,-0.093166519308865783
121.122,268558.457834429,2,540,1,541,268557920260541,268557.92445726204,41106437b2a4ecac,0.24363710461942503,0.123256612060646,-0.96668239208886941,-0.21671393257529548,0.89119791672779736,0.096822327943404091,0.38655767315096012,0.23084199470721636,0.15364834474370193,-0.95947207317617422,0.34180126756973928,-0.20487382189476613,-0.47693218630658185,0.78341196075549879,-0.10438807696803834,0.21447068585374507,0.0013893408499592618,-0.00263181439099482,-0.0026868683728299464,0.0014387270191614421,0.049068915860212239,-0.022788230511098885,-0.086663746824413801
15.019,268558.457834429,1,555,1,556,268558420301666,268558.42449838709,41106439b2afb487,0.16032783807073905,0.26383065149242729,-0.90707190894988365,-0.047370483204536851,0.89485632580871477,-0.025066528522176446,0.44312516949663688,0.16019121128692679,0.2972987917483369,-0.90268717715656865,0.29561209210154704,-0.33106151575604514,-0.59926297032087505,0.66625494834249332,-0.27197605398961849,0.47469393024160689,0.030067238959706956,-0.002631711673662239,-0.0026867316309402861,0.0014389571513511025,0.047685270354862988,-0.023570349238737388,-0.086895689475420743
126.274,268558.557842679,2,543,1,544,268558020268958,268558.02446567907,41106438190d87ee,0.23113266386660347,0.14251702520423432,-0.95928329832560799,-0.18426778264915156,0.90430608984310845,0.080830066626393027,0.37648696350854699,0.22081843852082569,0.17383812089485129,-0.95207450701066976,0.32337196455679679,-0.20906099112761603,-0.50914395618452324,0.76973794658194494,-0.10827660512577592,0.21867147879915913,0.11322715421806616,-0.0025816657262692061,-0.0026890809711048779,0.0015203843362832773,0.058805348796054951,-0.020069851171474629,-0.094488193374710747
15.950,268558.557842679,1,558,1,559,268558520309916,268558.52450663707,4110643a19184493,0.13054257749390955,0.30900244554849454,-0.90027815378678988,-0.011157605948644567,0.89779464674709097,-0.030475352947828493,0.43921701489917986,0.13278123609193765,0.34229137175333324,-0.89515987753624648,0.28902399322941835,-0.33212264953965109,-0.6269470473190516,0.64272628455541336,-0.30246996899228323,0.38824498807764724,0.13665640608058308,-0.0025818185404490827,-0.0026889638763708786,0.0015205151272360494,0.059483131073409488,-0.023158903411674262,-0.094357436858954022
115.372,268558.657850762,2,546,1,547,268558120277000,268558.12447372108,411064387f760a05,0.21770529052195545,0.16399106403895172,-0.94281978666505761,-0.16133970783217988,0.9123726075994758,0.049535284469946317,0.37295044226240226,0.20956562961161632,0.19621036465712793,-0.93690171773111586,0.29874251437855537,-0.22868904512900734,-0.53106044219013016,0.75922923908499795,-0.11437212108176742,0.20370646474089368,0.16226786531273235,-0.0025810908470441387,-0.0027114392097277152,0.0015323270080796786,0.062159508906158796,-0.02475063516686056,-0.094904371506599167
9.322,268558.657850762,1,561,1,562,268558620318166,268558.62451488705,4110643a7f80d49f,0.10147375831390028,0.3433116980397305,-0.88580767893868806,0.033176952887378486,0.90191010214012546,-0.046943396238757623,0.42808156724711743,0.1069612889983307,0.37618466074093537,-0.88045826007312622,0.26950537811852449,-0.33589336397689501,-0.66120638001749088,0.61428708453429304,-0.18388907061472046,0.27106572565425036,0.13987706011094767,-0.0025815322607953663,-0.0027115546144334986,0.0015322689999814373,0.062831252490008677,-0.027616930970552386,-0.09450163479033874
111.810,268558.757859179,2,549,1,550,268558220285250,268558.22448197106,41106438e5de9a11,0.20530975709597393,0.1857551286959816,-0.92573534136068947,-0.12297936787794767,0.91147623886828244,0.023309615591707272,0.39184672524893871,0.1999197868268823,0.21866458611811579,-0.92051262323258354,0.29355985605049051,-0.26059508242406343,-0.55755146958729196,0.73147055490502288,-0.1079044328182361,0.29789652239822056,0.18118739565937891,-0.0026437573128515138,-0.0027480942084159733,0.0015310345609658535,0.063778479628963367,-0.035836622514002381,-0.0871850021628129
9.818,268558.757859179,1,564,1,565,268558720326166,268558.72452288703,4110643ae5e953e4,0.09206024997844961,0.3670586493287088,-0.87188897419264633,0.060800024561992905,0.90732279534771787,-0.064367270484103178,0.41100560794053725,0.099879804050537813,0.39952379634271906,-0.86696660124466796,0.24511031251321161,-0.33613937698282664,-0.68456619276586705,0.59858197572539606,-0.010897890831061042,0.22854534665749998,0.14010665693145963,-0.0026443308796555262,-0.0027482482123724577,0.00153091445688126,0.062776437258480713,-0.038622050045925588,-0.086441392483481982
112.607,268558.857867221,2,552,1,553,268558320293458,268558.32449017907,411064394c47274c,0.1892807553553808,0.2182357974709413,-0.91374222071349454,-0.082353732768550458,0.90344314844616136,0.0044266325209137147,0.42070036648638454,0.18649370212261629,0.25148115732694026,-0.90861003460137135,0.30061017586544087,-0.29434997228528337,-0.58059787833861232,0.69706364103322993,-0.17942466794801259,0.4107726340565076,0.077358718554409775,-0.0027231902625265893,-0.0027906742652710572,0.0015081300543995789,0.064117714214202662,-0.046626248556815367,-0.079152870373532372
10.654,268558.857867221,1,567,1,568,268558820334541,268558.82453126204,4110643b4c51ec54,0.099762552893277276,0.38405196891211341,-0.85949209203514465,0.084622742977881915,0.910704070528217,-0.073026677070755913,0.39764839361264792,0.10937024230112967,0.41603770125252043,-0.85459656521398608,0.22954221097993399,-0.33281752536066955,-0.70380232060142744,0.5841276929809861,0.13044567257794479,0.1880033559949417,0.11660860222896531,-0.0027236301559437951,-0.0027905573917739773,0.0015079587807562645,0.062771814321913949,-0.048372882063118836,-0.078297221361452063
115.164,268558.957875471,2,555,1,556,268558420301666,268558.42449838709,41106439b2afb487,0.16387066474416037,0.26239849341738902,-0.90622228769982172,-0.047230049852346856,0.89527224341164802,-0.023720135419060873,0.44237353102983151,0.16371321841395589,0.29585551234381646,-0.90175417320079854,0.29603264712683475,-0.32957798344528177,-0.59965636984349546,0.66644974511912125,-0.25552780437776496,0.47844365092741509,0.040189872354772269,-0.0027235458562116788,-0.0028322506972351582,0.0015442071398361096,0.071730957858322161,-0.044564305015458008,-0.078885323420253881
18.533,268558.957875471,1,570,1,571,268558920342708,268558.92453942908,4110643bb2ba76cf,0.11782186994906554,0.40136480415675241,-0.84641602586235709,0.10198275492359571,0.91343800749016446,-0.082141726661449477,0.38533532685720373,0.12882019543929504,0.43293768802142812,-0.84177374271230399,0.21439024500666251,-0.33055618579728918,-0.71801088775681421,0.57378549645298893,0.21034377967335083,0.15598463462160206,0.16343429315459049,-0.0027237137000338616,-0.0028320639872641026,0.0015441658422956114,0.072486533156344027,-0.045036550477982641,-0.077975328390049725
120.134,268559.057883679,2,558,1,559,268558520309916,268558.52450663707,4110643a19184493,0.13405500516778629,0.30527374585222367,-0.89993377547055931,-0.011263799215260495,0.89808913002865531,-0.028971465967547155,0.43871374348632275,0.13625079160272294,0.33855245298374714,-0.89473116789809737,0.28973153526367978,-0.33070337426670898,-0.62708018846190905,0.64300960565215592,-0.29068941341832999,0.37982069773678306,0.14408921477402434,-0.0027043359276999693,-0.0028371026051471201,0.0015743298237925196,0.075451677221106045,-0.040334873708829176,-0.081547728089263166
19.360,268559.057883679,1,573,1,574,268559020350916,268559.02454763703,4110643c19230409,0.14102691212002097,0.4218058774156726,-0.82538645872472627,0.11405952804926489,0.91000929284808429,-0.10129086797895434,0.38550450615765641,0.15319885638845465,0.45305560883188273,-0.82155774992051089,0.20096938551482044,-0.34421630094393857,-0.72412598839195808,0.56282146119852006,0.23756303602976572,0.22678539906558662,0.19687557562216934,-0.0027044194124702702,-0.0028372129176903712,0.0015744189811293448,0.077647520985390434,-0.040276227641921382,-0.081248174591235317
115.132,268559.157891887,2,561,1,562,268558620318166,268558.62451488705,4110643a7f80d49f,0.10711459006006478,0.33616443192231504,-0.88634095222585541,0.033338378315493966,0.90223245250353723,-0.045914703309393734,0.42750093264604216,0.11259050247077883,0.36902934828116141,-0.88093053560947354,0.26982220319239497,-0.33475539759724832,-0.66154846115115229,0.61440087564427559,-0.16602269429890212,0.25408644389339891,0.14193240300224552,-0.0027015338365636325,-0.0028155498506838516,0.0016235009312102677,0.079817686992470147,-0.039164734193465771,-0.083553514926784117
10.440,268559.157891887,1,576,1,577,268559120359041,268559.12455576204,4110643c7f8b8bb2,0.16765819396269727,0.44943664233320368,-0.80493741668613272,0.10070596395288489,0.90850028159500362,-0.10688936352233339,0.39122917113169076,0.17914980189762592,0.48101047239778522,-0.80171295485670857,0.20105860077244153,-0.35222298431723759,-0.71361656085607472,0.5711968246113025,0.22827425347105587,0.2817939971705764,0.19940270204110735,-0.0027016723420782368,-0.0028157610718805349,0.001623809988463054,0.081860493795776396,-0.038929549924948272,-0.083899726417327639
116.870,268559.257900096,2,564,1,565,268558720326166,268558.72452288703,4110643ae5e953e4,0.097316201876063615,0.36203444316388705,-0.87181493175700864,0.061439317793337556,0.90761854808507869,-0.064362039057054177,0.41025767822421244,0.10518270596245728,0.39448678041135249,-0.86688290655410072,0.24458514553046176,-0.33560681164519035,-0.68522737009346835,0.59833905591895109,0.0042317686915546524,0.22261730962782664,0.13731675279299674,-0.0026920438036735976,-0.0027430199085898303,0.0016984715863990951,0.079244392189454213,-0.034847063023572621,-0.085849494314857847
10.933,268559.257900096,1,579,1,580,268559220367291,268559.22456401208,4110643ce5f41bbf,0.18609987851733847,0.47051782278421733,-0.78814126562084985,0.11771454865615899,0.90189731911453741,-0.10851027266974247,0.4011858481381233,0.19848325441026099,0.50169277874161244,-0.78438160147153246,0.20695287859512931,-0.36040957377857608,-0.720974446696522,0.55450093992758831,0.16360751434169266,0.12355309545336844,0.15079292366717903,-0.0026920842763895358,-0.0027430438882825106,0.001699059142919009,0.080034698241382526,-0.033945921794443647,-0.086832194841705804
125.002,268559.357908346,2,567,1,568,268558820334541,268558.82453126204,4110643b4c51ec54,0.10338624521521168,0.3833213434095652,-0.86052672336360314,0.085570185380702213,0.91075832253014166,-0.073467882600966677,0.3972399083105892,0.11306548738234591,0.41528643182358804,-0.85563731177116442,0.22894138884650986,-0.3328406620552623,-0.7045106254888539,0.5834961120084261,0.13929432562751101,0.19270919655225607,0.11170254099048467,-0.0027341317468464088,-0.0027234319997018219,0.0016772501568590229,0.070109358319645959,-0.042074042377055802,-0.081091013510744159
18.331,268559.357908346,1,582,1,583,268559320375666,268559.32457238704,4110643d4c5cb42e,0.19712911420532939,0.47877907563912503,-0.77648528652441584,0.1265866988980115,0.89513717948893468,-0.11811421549446491,0.41079717972413854,0.21015083872519225,0.50971046172137513,-0.7728735006052081,0.20695810323820504,-0.37399682425526343,-0.72246786368547589,0.54344724205093431,0.10981233592156311,0.065359606646610793,0.083308627022980378,-0.0027341418058560922,-0.0027233404161795646,0.0016774955435307087,0.06724563722649364,-0.042236562126598182,-0.081487512106712262
6.417,268559.457916471,1,585,0,586,268559420383625,268559.42458034604,4110643db2c530b3,0.20522693267267458,0.48282365218265338,-0.77252236763736182,0.13642304383789228,0.89251776380055559,-0.12085021787580316,0.41254826682742396,0.21884233100444722,0.51347939597228553,-0.76875311665895874,0.20626166298472934,-0.37716967557321407,-0.72757100316278089,0.53463968948019114,0.071870434282615761,0.029460733088824149,0.013275460732330815,-0.002734142651768755,-0.0027233147198493157,0.0016774869943811197,0.067171825175507849,-0.042238504895243348,-0.081485577867624143
6.164,268559.557924554,1,588,0,589,268559520391916,268559.52458863705,4110643e192dc380,0.20909926149036884,0.48536766571216594,-0.76937730851872876,0.1444943995160321,0.88868671286271206,-0.14069284394188547,0.41178012551092508,0.223696071572207,0.51566929188406607,-0.76653028573347304,0.19168764999080731,-0.39065737272842699,-0.73056935131916712,0.52622341727351507,0.017954324390695477,0.0013952533801640764,0.03190974081625466,-0.0027341450597202326,-0.0027232947855873779,0.0016774788936080337,0.067085735923538448,-0.042238748450158355,-0.081465714812409551
6.699,268559.657932846,1,591,0,592,268559620400125,268559.62459684606,4110643e7f9650cc,0.21190556912911906,0.488475790306792,-0.76770889660591013,0.1355215811447445,0.89105139400715516,-0.15076566292783342,0.40611707964125954,0.22633891640180462,0.51892981319203768,-0.76581365820993097,0.18056071353961392,-0.39377555311948131,-0.72589669279937608,0.53424023984948998,0.041879799654600321,0.041530339907637291,0.018965861416977842,-0.0027340613749742386,-0.002723194462281398,0.0016774730236774017,0.066699639027320068,-0.041965780616080417,-0.081602573561636776
166.921,268559.757941054,2,570,1,571,268558920342708,268558.92453942908,4110643bb2ba76cf,0.12073639123796259,0.40082642051091122,-0.84871047856009063,0.1031011563323756,0.91317246886894732,-0.082871551705720192,0.38551076871221762,0.1318151527135494,0.43237281606249767,-0.84407939619886019,0.21399823690459308,-0.33119630614352585,-0.71861395280127616,0.57280690309905924,0.2093890825655223,0.16305567391593564,0.1588968837181956,-0.0027301937022940663,-0.0027093940945466161,0.0016731457828285579,0.063138245662666931,-0.036544095671595563,-0.081815107815536997
140.455,268559.757941054,2,573,1,574,268559020350916,268559.02454763703,4110643c19230409,0.14237451952452682,0.42129673833857745,-0.82767784960798452,0.11524151652461984,0.90962364988660038,-0.10182597140124935,0.38592192629696132,0.15462214913003564,0.45251602859165269,-0.82384217012357708,0.20088617086959984,-0.34488983679566554,-0.72468908969000179,0.56171297840862267,0.23039675542320695,0.22871739184813777,0.19454799916740625,-0.0027301723566997603,-0.0027095497387845768,0.0016733054338411424,0.061923127759776139,-0.036098063849714701,-0.081980175214413545
11.666,268559.757941054,1,594,1,595,268559720408375,268559.72460509604,4110643ee5fee0d8,0.20930797795614031,0.48224621659388439,-0.76414870101392085,0.14647899811125875,0.88905867147348905,-0.15257414574816675,0.40600463673684106,0.22438624137277258,0.51237170045722324,-0.7620363217144196,0.17920241396962547,-0.39497483441327941,-0.73223568885545132,0.52508310863523744,-0.008590837245049587,-0.020627813191587387,0.098102931102425975,-0.0027302119544675,-0.0027092580985275216,0.0016732360716157472,0.060150968870309712,-0.034715612585040211,-0.08233927564307135
132.756,268559.854074921,2,576,1,577,268559120359041,268559.12455576204,4110643c7f8b8bb2,0.1666170652476352,0.44628126753723174,-0.80841586232062312,0.10121607995693216,0.90807723414872021,-0.10698088636084113,0.392053803890348,0.17813110752758285,0.47784473641221531,-0.80517006273960756,0.20157698775454205,-0.35287080413537891,-0.71367812762205951,0.57053697842517426,0.21447255862092188,0.27310523409442794,0.19746016789640228,-0.0027072349938499067,-0.0027495947298717526,0.001610865970031758,0.054141336856662461,-0.037476551990034988,-0.083896855212759303
11.936,268559.854074921,1,597,1,598,268559820243833,268559.82109820208,4110643f48cdf793,0.20947955016009184,0.48243570061926144,-0.75591594799628437,0.13445826038134623,0.89085347793201297,-0.13659466887138175,0.41187741710375014,0.22341946374935079,0.51305047311577889,-0.7531274957235935,0.19465429283975796,-0.38782832096589359,-0.72500486370188999,0.53485217335674518,0.026330636549859877,0.032925232629829396,0.081626540167659564,-0.002707212241844492,-0.0027494174882063166,0.0016103122809776966,0.05383671883240352,-0.037942844021413902,-0.085044705299198303
133.593,268559.954083838,2,579,1,580,268559220367291,268559.22456401208,4110643ce5f41bbf,0.18428881929229565,0.46360532102323743,-0.79087194050347132,0.11744856516817898,0.90163633593374559,-0.10847543106919744,0.40185928672949456,0.19664855123752406,0.49478898256214399,-0.78710667408054447,0.20745370830848828,-0.36086113002922049,-0.72060182500148806,0.55450447567861494,0.14997682761965761,0.10665236113781093,0.15133724397444476,-0.002672064263059268,-0.0027403527504259069,0.0015994931274310763,0.05795745218559957,-0.03821167279297373,-0.089208797481686378
10.821,268559.954083838,1,600,1,601,268559920243000,268559.92074750504,4110643faed86f18,0.2133495278924144,0.48778451527236416,-0.74530232582294875,0.13603492338087414,0.88806870131566429,-0.1441289156384459,0.41479560057169729,0.22754811589822552,0.51830895317476988,-0.74284880970317002,0.19139024326541007,-0.39521930506830311,-0.72415059839372098,0.53176816991067699,0.016823685326034191,0.021788662548368254,0.082770573323656393,-0.0026721066847597025,-0.0027404154610110604,0.0015990234268748915,0.06213688892547381,-0.040174564178116427,-0.09056146015433994
6.971,268560.054092671,1,603,0,604,268560020251875,268560.02075638005,4110644015412916,0.21432872668875894,0.48744562384898577,-0.74049072797714366,0.14915052108929178,0.88278178711409816,-0.12673046499748841,0.42707128310439268,0.22861978094084454,0.51775323231712833,-0.73641941501050523,0.21237302350005988,-0.39159696109688175,-0.7296863134418945,0.51875562929447605,0.03267670199805571,0.0052463590510010774,0.039763970296930302,-0.0026721010496817744,-0.0027404380397939481,0.0015990266124777126,0.062192704254636008,-0.040160051357986871,-0.090559800516752845
7.097,268560.154101588,1,606,0,607,268560120260708,268560.12076521304,411064407ba9e042,0.21534344038699657,0.48719259741504461,-0.73648790593471491,0.1527563862991711,0.8826693690908417,-0.12699821049906782,0.42594809432148928,0.22984796155777273,0.51738869977560087,-0.73234360625878492,0.21138948446148548,-0.39099207136783087,-0.73215655357154874,0.51612640607590721,0.029378476920058572,0.0097533528449286391,0.01765863152566495,-0.0026720757935592837,-0.0027404902204385619,0.0015990312042094756,0.062331745199251526,-0.040095686314628065,-0.090558258663914912
7.281,268560.254110421,1,609,0,610,268560220269666,268560.22077417106,41106440e2129fd2,0.21573317362617447,0.48533474996489001,-0.73402569921655281,0.14606159365402993,0.88690403872258439,-0.13845685758702389,0.4158088367945304,0.23031096692877151,0.51562092908382162,-0.73092791795097778,0.19611746005519001,-0.39192502064861651,-0.73041698395250498,0.52385470276099344,-0.0082819568064802125,-0.018428743841596304,0.030710663278571127,-0.0026720220590192999,-0.0027405569803707263,0.0015990322052039708,0.062613315555696006,-0.039893953321864517,-0.090570035882303696
7.344,268560.354119296,1,612,0,613,268560320278541,268560.32078304607,41106441487b59d0,0.21594607088807494,0.48412946973324866,-0.73070934462925174,0.14419935710326004,0.89074578366031543,-0.1481605988662042,0.40475546254308287,0.23079702366329768,0.5143558489798904,-0.72843422896782006,0.18143996329612347,-0.39097068604720464,-0.73181670771909946,0.52788802664396339,0.018311424483870496,-0.0210541422281127,0.011848112863096375,-0.0026719879461740582,-0.0027406208911267054,0.0015990263277681346,0.063036692515295312,-0.03967229241299771,-0.09061963004092731
195.066,268560.454128255,2,582,1,583,268559320375666,268559.32457238704,4110643d4c5cb42e,0.19663155662169554,0.4716536496456688,-0.77865976397374159,0.12672020285345587,0.89510755934804964,-0.11874437757775347,0.41063886006186612,0.20967946562375323,0.50257812795402845,-0.77508350000188286,0.20640056246391114,-0.37433046722193847,-0.72254132063325194,0.54333189589931374,0.099303844385160558,0.054870794057322397,0.081342394741586249,-0.0026811776204600322,-0.002625338663799387,0.0016709989696176457,0.067546036696230938,-0.029520662135356205,-0.091707231291659017
169.154,268560.454128255,2,585,0,586,268559420383625,268559.42458034604,4110643db2c530b3,0.20518638385831278,0.48279968275451002,-0.77253389000132888,0.13642707587673664,0.892520458170596,-0.12083529418312125,0.41254547580458489,0.21880163163224478,0.51345537873718849,-0.76876370647282144,0.20627024207762079,-0.3771571493780756,-0.72757575945198982,0.53463874360553409,0.071008120807026745,0.028870490984492968,0.013075379114540946,-0.0027340979762096543,-0.002723260015162288,0.0016774856684214474,0.066888257725712261,-0.042058722712241821,-0.081565975374849539
155.653,268560.454128255,2,588,0,589,268559520391916,268559.52458863705,4110643e192dc380,0.20894777369479647,0.48529804701572754,-0.76940915853941116,0.14450356786449425,0.88869075370063377,-0.14069302274582077,0.41176812616393144,0.22354521194174268,0.51559936722693722,-0.76656210004845482,0.19167903873793224,-0.39064901434249549,-0.73057869162418454,0.52621979157613774,0.016578842378872485,0.00064302382396886943,0.03162993603140913,-0.0027340702670188874,-0.0027232101008805446,0.0016774762216409749,0.066742122924594721,-0.041986656138494401,-0.081595265132798564
142.324,268560.454128255,2,591,1,592,268559620400125,268559.62459684606,4110643e7f9650cc,0.20805228647662474,0.47936156982798989,-0.77015194860402436,0.13569517527487179,0.89099944464415204,-0.15152467698968067,0.40589054500762567,0.22251729750199434,0.50980320899822973,-0.76829964932165795,0.17986382539239121,-0.39415207292399557,-0.7259827086368168,0.53408075652028819,0.031077902100566018,0.037473186713791108,0.019898072003006886,-0.002681828666839004,-0.0026244771949986826,0.0016708699329295181,0.073442164597157591,-0.027634977543503227,-0.091398119336178682
12.968,268560.454128255,1,615,1,616,268560420287458,268560.42079196306,41106441aee4169f,0.22139144053179455,0.48828068198172253,-0.73688309333627544,0.14214596656055756,0.90323267110954997,-0.15410192084772051,0.37445682960041632,0.23655774136058025,0.51840868340607171,-0.7355994262019343,0.15581444610113762,-0.37374746675335097,-0.7391943039369071,0.53816955553884671,0.072034417214104141,-0.032196347169378234,-0.082502669015164232,-0.0026819844079751551,-0.0026249933700757031,0.0016709814651986264,0.077644306262407564,-0.02277228543949868,-0.089325991930268328
144.969,268560.554136963,2,594,1,595,268559720408375,268559.72460509604,4110643ee5fee0d8,0.20709499438186163,0.4779536415286158,-0.76378073063748708,0.14641081219296753,0.88916728821437641,-0.15317135334118548,0.40556626754526537,0.22218950688898378,0.50807409790769043,-0.76171318338163152,0.17847015062228216,-0.39508715012106432,-0.73226427776351732,0.52520812699114816,-0.0073852793211973021,-0.014726057936742613,0.10257051037329665,-0.002693416144459739,-0.0026733556798070358,0.0016283069853360835,0.074993380041159755,-0.017174825042661761,-0.079562552340934303
9.237,268560.554136963,1,618,1,619,268560520296333,268560.52080083807,41106442154cd09d,0.22997624787832296,0.48088040252433739,-0.75387147409004462,0.18328815883170529,0.90664847332588394,-0.21188737595262502,0.31543270244589189,0.24900684585069222,0.50866555167624128,-0.75614804593980278,0.073217600575519057,-0.37287159337070219,-0.77070156315678851,0.51149297001116278,0.12167985551654149,-0.10107837856065122,-0.040293482712164277,-0.0026933524167287552,-0.0026743121253634491,0.0016265900301393784,0.075914908491504229,-0.0093163614840817057,-0.073556419492153177
142.584,268560.654145921,2,597,1,598,268559820243833,268559.82109820208,4110643f48cdf793,0.2103737223144555,0.48283279469836698,-0.75564715577353514,0.13508694678814281,0.89091503585515475,-0.13714037642162513,0.41135688405821158,0.22436816533353535,0.51342471496431752,-0.75288112414066277,0.19390034690416386,-0.38784612202840973,-0.7254929401352791,0.53445115297081847,0.035377740403027491,0.046883902081939009,0.078717566003440195,-0.0027266572734191852,-0.0026646396284283622,0.0016711514281869226,0.074130695280153119,-0.01365096894674573,-0.076561021581354249
9.409,268560.654145921,1,621,1,622,268560620305125,268560.62080963008,411064427bb58509,0.24091979599455168,0.47330307620946854,-0.75425775184764532,0.20065299940785197,0.89647184346658892,-0.22801705468337521,0.32262188965761024,0.26115905536136302,0.50019542795333627,-0.75681406754286629,0.066895718563472331,-0.38936052116949338,-0.775784395564037,0.49201821002056334,0.15849309497361661,-0.042574206241119267,0.0046393259696521725,-0.0027268333002976944,-0.0026652400387632363,0.0016700006652637959,0.072373845703449763,-0.0079344589814749102,-0.072286094672638301
141.111,268560.754154838,2,600,1,601,268559920243000,268559.92074750504,4110643faed86f18,0.21434115868083672,0.48872308739742631,-0.74764112449825992,0.13696871701101532,0.88795533579600894,-0.14452950937289402,0.41459156566995459,0.22860348823299922,0.51921770732235273,-0.74518652405289343,0.19096270626803513,-0.39535829314811322,-0.72473072865868648,0.53102771659457493,0.02413589824080271,0.028314898769066083,0.068465863567079066,-0.0027309348557582542,-0.0026664033770314667,0.0017025128985484641,0.068610577730755962,-0.01339535454866371,-0.076049015116087956
122.762,268560.754154838,2,603,0,604,268560020251875,268560.02075638005,4110644015412916,0.21432383269998539,0.48749101497963199,-0.74051392271882299,0.14914992107597252,0.8827806736965389,-0.12674496715609698,0.4270694904860286,0.22861528134177087,0.51779855561385058,-0.73644348927863523,0.21236150135307114,-0.39160594809873528,-0.72968510186333346,0.51875526626286605,0.032605438825805341,0.0062681107966160105,0.039230832188985876,-0.0026720566496429322,-0.0027405012355932461,0.0015990198044593662,0.062635383034133324,-0.03989465214377038,-0.090593396729001366
108.275,268560.754154838,2,606,0,607,268560120260708,268560.12076521304,411064407ba9e042,0.21532366024307609,0.48730933838411955,-0.73654926133471288,0.1527555650592346,0.88266728130364969,-0.12701484268317725,0.42594775596322315,0.22982860436257602,0.51750537209512382,-0.73240594187072272,0.21137748447621058,-0.39100359284226965,-0.73215449657879428,0.51612551049177791,0.029229386294417875,0.011072736181641818,0.016975293186996993,-0.0026720184568179333,-0.0027405670704819486,0.0015990223234549285,0.062898065911145981,-0.03974732614050392,-0.090610070061213979
93.691,268560.754154838,2,609,0,610,268560220269666,268560.22077417106,41106440e2129fd2,0.21572498609445151,0.48545132558880638,-0.7340605672192787,0.14606095388673074,0.88690064111539657,-0.138469005099189,0.41581226338110522,0.23030303626461332,0.51573744775203878,-0.73096343798132191,0.19611129342973099,-0.39193603319915338,-0.73041412909770298,0.52385275267375864,-0.0083268926117245259,-0.01750396034470262,0.030375967783493676,-0.0026719951890827034,-0.0027406079589307212,0.0015990254107145821,0.063005573690240166,-0.039688852439112667,-0.090617241161111362
10.755,268560.754154838,1,624,1,625,268560720314041,268560.72081854608,41106442e21e41c7,0.2581892771950216,0.47712342985484479,-0.75033727025296604,0.2221701958856746,0.87517454902001046,-0.25122324161300391,0.34870739724542221,0.27990603694602134,0.50283937081758567,-0.75287373990284989,0.068931705671914312,-0.42421501169160453,-0.77593988977738937,0.4617437939603577,0.21555415356523841,0.14950900238477238,0.088298769188178125,-0.0027309051279973376,-0.0026663738302087352,0.001701615811110865,0.065346574112602474,-0.010832131567328472,-0.073893212017664189
93.896,268560.854163713,2,612,1,613,268560320278541,268560.32078304607,41106441487b59d0,0.21979361609573064,0.48790344309174138,-0.74306071674526752,0.14504990429211334,0.89058654043061103,-0.14863158757097988,0.40462926693121776,0.23470433715472044,0.51810072742201863,-0.74079017307821504,0.1810176902274436,-0.39121449157482124,-0.73230553342346894,0.52717399701042167,0.021654331994790429,-0.015529072496093544,-0.022163927508566592,-0.0027167626188330119,-0.0026469485634677426,0.0016962292111637833,0.064706196822329795,-0.013409928195647295,-0.076069219434009169
8.782,268560.854163713,1,627,1,628,268560820322875,268560.82082738006,411064434886f904,0.2818849496094708,0.50322643237931808,-0.73732194874609402,0.23689659181988915,0.84922663796637354,-0.23114000468863732,0.41142250011085674,0.30352096515982069,0.52912495878837862,-0.73660772685423581,0.12747897165054797,-0.45436029239111692,-0.76800508055237382,0.43298271643440872,0.27361637334258732,0.3273085938078415,0.16944105070879817,-0.0027168411141129693,-0.0026465628147162006,0.0016962059027981681,0.062854376885116123,-0.014430489095127005,-0.076781189947201456
94.354,268560.954172588,2,615,1,616,268560420287458,268560.42079196306,41106441aee4169f,0.22253915554677767,0.48557645160374707,-0.74663932201696348,0.14227143109160578,0.90322238985594616,-0.15398865679209395,0.37448057513028155,0.23770944004039418,0.51570199644725567,-0.74534511637986756,0.15591132650554881,-0.37368416759842749,-0.73927575081130026,0.53807356877655566,0.067269762868245056,-0.041036486497508941,-0.10315111665830605,-0.002725011166713837,-0.0026397174686973615,0.0017104717504641642,0.06015971823844609,-0.019905312911850853,-0.082816638098466011
8.562,268560.954172588,1,630,1,631,268560920331750,268560.92083625507,41106443aeefb302,0.31127226605125446,0.54111954580558408,-0.72211478585429278,0.27887656376642522,0.82487285483994399,-0.24078169843766872,0.42876201142356762,0.33488502409397197,0.56514502202468198,-0.71997583704044898,0.13292215050534015,-0.47343888494725006,-0.7804686778619363,0.38607766964871409,0.35136031859743699,0.38487381690854761,0.097987708475972934,-0.002725339457437539,-0.0026394747401550845,0.0017105806872077644,0.058824633962422893,-0.021827609713562381,-0.083511639954135547
89.875,268561.054181338,2,618,1,619,268560520296333,268560.52080083807,41106442154cd09d,0.2290760230916869,0.48029620895798464,-0.75396907486947562,0.18396413200804201,0.90651229778397102,-0.21204338048468158,0.31532572065415415,0.24814631623216246,0.50805460203699615,-0.75623986441807267,0.073031641167552466,-0.37290625768189173,-0.77108325771440256,0.51091869416043589,0.11372051427522238,-0.11004817170442617,-0.030439481091272851,-0.0027239588015716479,-0.002626409510705259,0.0017246128938940837,0.056848452360699145,-0.023251404642023965,-0.085132191249726805
8.893,268561.054181338,1,633,1,634,268561020340625,268561.02084513009,4110644415586d00,0.34138179869505847,0.58436675439631902,-0.71482391186480121,0.31593017169642396,0.82130838474480328,-0.25064465993652862,0.40350708967443483,0.36697572639003523,0.60627024566522525,-0.71269109979060152,0.10809005778045569,-0.4625551257681042,-0.80414907369100908,0.35735635200254001,0.25932750224343842,0.46132585117353681,0.041661885144459516,-0.0027242614302574871,-0.0026262429788216834,0.0017246330735489058,0.056154374208254525,-0.023939236592521066,-0.085255344397291197
89.147,268561.154190213,2,621,1,622,268560620305125,268560.62080963008,411064427bb58509,0.24047447882408091,0.47239197230557239,-0.7516655632170427,0.20098117811510552,0.8964622423015548,-0.22815693431273112,0.32234528181536792,0.26073446426119701,0.49926812200719595,-0.75422808526970209,0.066601217455861533,-0.38926383972555417,-0.77600966389848058,0.49177936358867519,0.15738849129045587,-0.048842805302011676,0.022588707877751902,-0.00270753786841188,-0.0026384246759039802,0.0017199629502800717,0.056744294483791619,-0.029560912659136258,-0.08549710999051742
8.432,268561.154190213,1,636,1,637,268561120349458,268561.12085396308,411064447bc1242c,0.36103018555180255,0.63336614047947648,-0.70861920556557634,0.31576598942295092,0.81597521178158372,-0.22699779477133061,0.42772461708811826,0.38581549230530132,0.65591401720381803,-0.70453964966750804,0.14193529344986336,-0.46295864490303934,-0.80026185662797666,0.35370132373117669,0.094694543084768171,0.50701273500239996,0.076521227827540159,-0.0027077940952411231,-0.0026383271211394134,0.0017198212367768035,0.056245143999900167,-0.030044879585641893,-0.085208955716140691
89.141,268561.254199130,2,624,1,625,268560720314041,268560.72081854608,41106442e21e41c7,0.25848505445569958,0.47710585127816152,-0.74604878269904107,0.2222881213711369,0.87526413926029201,-0.25128203831403051,0.34836484905262322,0.28020997944100734,0.50281399302212826,-0.74859437387231831,0.068647911983446289,-0.42401436909293877,-0.77608662555036168,0.46172375791687703,0.22114791124221866,0.14808002924482258,0.11030721909231266,-0.0026971475074391137,-0.002653479179566666,0.0017145346239306005,0.05868277412480849,-0.038037135462440273,-0.086072286029430636
9.626,268561.254199130,1,639,1,640,268561220358333,268561.22086283803,41106444e229de29,0.37294455627987139,0.6820593111617298,-0.69715576991367678,0.30807163846132712,0.82876077566123674,-0.219402912779114,0.41244376268487731,0.3974050207804028,0.70502159811599441,-0.69344362683792504,0.136500490382615,-0.44678305700354692,-0.8038618877109962,0.36818281000826858,0.10428522823632885,0.4554983583582834,0.121742537337582,-0.0026973832341616634,-0.0026534635090297745,0.001714352389458561,0.058425190675390273,-0.038857998821787441,-0.085610505100860254
86.722,268561.354207963,2,627,1,628,268560820322875,268560.82082738006,411064434886f904,0.28356083403743515,0.50240609690902871,-0.73279858470462333,0.23683105511695896,0.84942794065852079,-0.2309680218899155,0.41114115707084342,0.30519162233499664,0.52830901088955495,-0.73208514451081785,0.12740164228439599,-0.45403974262498881,-0.76810108160144963,0.43317140037513563,0.28436472437660015,0.3236025214657125,0.18793283813320089,-0.0026851778347335852,-0.0026744723160235465,0.0016969858220546841,0.062366750317403075,-0.039617991362457597,-0.083090116862545152
8.335,268561.354207963,1,642,1,643,268561320367125,268561.32087163004,4110644548929295,0.38741382323017171,0.7247560896438352,-0.67534455347962052,0.30272892534054835,0.84505107545686098,-0.21599204563623722,0.38417621876648389,0.41185789890878571,0.74786154168152119,-0.67251856651592368,0.11892416614452486,-0.42438303832088808,-0.81160300028044507,0.38347965973196163,0.10707013094604098,0.43045101269984748,0.34850848494954834,-0.0026852014052444096,-0.0026745779662333512,0.0016967370178220045,0.062573648111547961,-0.040205469520401327,-0.082648515727774569
86.560,268561.454216838,2,630,1,631,268560920331750,268560.92083625507,41106443aeefb302,0.3157794471099446,0.53947360992116189,-0.71960424568133796,0.27865206740995513,0.82520388588108973,-0.24044928515172934,0.42845742675020826,0.33937705795990875,0.56351398781740203,-0.71746556741048428,0.13294182830548296,-0.47298845938261208,-0.78054400925789758,0.38647048682825175,0.36745949954166701,0.37998139232989442,0.10585325473990717,-0.0026734956648676485,-0.0026902918157728673,0.0016880738874869745,0.066548131366751945,-0.040695179064624852,-0.080875110914704063
8.308,268561.454216838,1,645,1,646,268561420376000,268561.42088050506,41106445aefb4c93,0.40201985628549158,0.76218169109358025,-0.63671954695434907,0.3016007675775767,0.84285727887214157,-0.18394935725773143,0.40594491205804417,0.4254240342572016,0.78595991776562246,-0.63160082233115378,0.15697455801606827,-0.41711822691832096,-0.80925402389689804,0.38272613931485661,0.12070552494923453,0.34642696268223333,0.46198407599934066,-0.0026735575024060877,-0.0026904389892353831,0.0016879321673451421,0.066767563978051739,-0.041512749648205872,-0.080613954693919687
90.462,268561.554225630,2,633,1,634,268561020340625,268561.02084513009,4110644415586d00,0.34864336258892248,0.58279522190485689,-0.71350538548945242,0.31544605522681007,0.82185314110324237,-0.25022621816278862,0.40303609473222984,0.37421262380795184,0.60472861535259492,-0.71138404521821719,0.10805289707964996,-0.46192619905155657,-0.80419195256646692,0.35808387493687821,0.28068331453290385,0.45893081629335369,0.044450188651144272,-0.002660759396531836,-0.002706331553175771,0.0016742766650722899,0.071663864097994842,-0.037711998632049666,-0.080612371474352643
12.246,268561.554225630,1,648,1,649,268561520384916,268561.52088942105,4110644615640951,0.41907477562316192,0.7949794473018521,-0.59420936171559424,0.31388080025368509,0.84111184570454456,-0.17216092858612092,0.40542616359633926,0.44270210591893744,0.81830108764328957,-0.58810925459804564,0.16494342510227475,-0.40841573874163006,-0.81670311044825872,0.37280863757133959,0.18093504869967669,0.27905441777123668,0.44277326089970881,-0.0026608866517826573,-0.0027065212259256713,0.0016741648935586458,0.072207590186461765,-0.038117051853567681,-0.080477926144226761
89.534,268561.654234505,2,636,1,637,268561120349458,268561.12085396308,411064447bc1242c,0.36862541766783236,0.63320282504940339,-0.70822924940520537,0.31526800399152971,0.81654069674288832,-0.22665927319478357,0.42719199818012493,0.39338881134039322,0.65577793771867832,-0.70416728267049222,0.14179804591423911,-0.46234265557544385,-0.80030958600201407,0.35445331083745663,0.11738201823579317,0.50898623377365604,0.078913068154713578,-0.0026461141971107038,-0.0027085668022501126,0.0016638917754291664,0.076486162383025275,-0.039963786902954185,-0.08414265147244071
7.988,268561.654234505,1,651,1,652,268561620393708,268561.62089821306,411064467bccbdbd,0.43956694952101477,0.82453334726280902,-0.5447920091961701,0.32820111556547432,0.84647478306908086,-0.172862059927436,0.38194663347103153,0.46410058099612367,0.84698688576409675,-0.53902135174824151,0.1478451158605712,-0.39230897892543776,-0.83062127152118681,0.36647481505170537,0.16911364463732897,0.22323496743381613,0.51611382617617796,-0.0026461749811629437,-0.0027086985390364611,0.001663851797427797,0.077298697056958368,-0.039780251118986816,-0.084225225174236779
89.592,268561.754243296,2,639,1,640,268561220358333,268561.22086283803,41106444e229de29,0.38180455284558362,0.68421511440100269,-0.69828005199269416,0.30750879772195427,0.82931420571074599,-0.21933379812635972,0.41178759784857327,0.40624751438906109,0.70720180568037005,-0.69460383015801963,0.13608538322797456,-0.44627020697222325,-0.80385523334855513,0.36897213263172673,0.12862452680662359,0.46467541264430823,0.12033095618623349,-0.002618825297977473,-0.0026980570813174049,0.00165661777436871,0.082294436264181148,-0.0362028253929189,-0.088563619829463189
8.818,268561.754243296,1,654,1,655,268561720402500,268561.72090700507,41106446e2357229,0.4603633179503735,0.85101720901875078,-0.48887157319514013,0.33582128111536103,0.84597388081190605,-0.14663964359924164,0.38736175375435344,0.48450698757423233,0.87337270882999729,-0.48134324022894409,0.17021623194340074,-0.37759599918540954,-0.835655350738578,0.36073235308764179,0.17923440666192639,0.1456275790302517,0.60124349127380061,-0.0026186911749576667,-0.0026982634956506418,0.0016566471971400693,0.083558706075700678,-0.035146236680371076,-0.088701382113233446
88.363,268561.854252171,2,642,1,643,268561320367125,268561.32087163004,4110644548929295,0.39520717546443629,0.72947356430320875,-0.67514695486961296,0.30231988294146467,0.84542517667892536,-0.21616350776626783,0.38357834941290658,0.4196434809952993,0.75259214201169211,-0.67236140488698337,0.11838016664995918,-0.42408152288959344,-0.81157829313788943,0.38403342588238482,0.12681768148578623,0.44402205579310494,0.35025844064941092,-0.0026092100267506571,-0.0026938628746368096,0.0016614381385937935,0.083493376848458076,-0.035757713457612993,-0.090202767825810312
8.410,268561.854252171,1,657,1,658,268561820411416,268561.82091592107,41106447489e2ee7,0.47904552352163748,0.86408853141026121,-0.4272464497619376,0.36399899696338611,0.84152230492920954,-0.13855581808740375,0.37436249679006267,0.50426919095289979,0.88491256447725342,-0.41891055148349804,0.16674049712338992,-0.36268800899486919,-0.85243226475307243,0.337659960253404,0.2046400236572947,0.062994750003425984,0.60859743334534677,-0.0026089199587537391,-0.0026941455218999957,0.0016615564216677511,0.084756794240823871,-0.034487447839533378,-0.090212070389539031
87.903,268561.954261088,2,645,1,646,268561420376000,268561.42088050506,41106445aefb4c93,0.40957131697504034,0.77142640566299736,-0.63362046003466133,0.30137677889982123,0.84307105672846161,-0.18453319570711774,0.40540200214271521,0.43298722764795106,0.79520458713176889,-0.62855546592182798,0.15617782662788526,-0.41714716776152694,-0.80924680375601166,0.38303568699144197,0.13688103745087721,0.37127046918054063,0.46773945456926419,-0.002608443364357906,-0.0026598576399641271,0.0016641226490883684,0.086511287684451488,-0.033643361165007199,-0.096890105319764427
8.225,268561.954261088,1,660,1,661,268561920420291,268561.92092479608,41106447af06e8e5,0.49728635977671803,0.87485030288352961,-0.365762078451288,0.38992165029404546,0.83934099194445033,-0.12692376665728886,0.35687282965179745,0.52344617003657445,0.89416669540607929,-0.35671209176346913,0.16259853744477398,-0.34209584486324152,-0.8692199270594595,0.31778745562226585,0.18259643126314398,-0.025863906955393229,0.55108897206805629,-0.0026081509964563441,-0.0026600899947689777,0.0016642735586386184,0.087726163611280897,-0.032568913621215584,-0.097065257319806669
88.145,268562.054269880,2,648,1,649,268561520384916,268561.52088942105,4110644615640951,0.4261224237369865,0.80896252105655275,-0.58684458720229438,0.31379093966365429,0.84118932696609083,-0.17302643666140111,0.40496625515229573,0.44977371413078382,0.83227591594347405,-0.58080612435804824,0.16400621411849992,-0.40870254098369357,-0.81669435694137371,0.37292696612621778,0.19470331289273929,0.31536367933157972,0.45388158346417329,-0.0026024988696468992,-0.0026408914591098016,0.001661756325897211,0.091196941935419343,-0.029828989525719853,-0.10331291639259008
8.322,268562.054269880,1,663,1,664,268562020429125,268562.02093363006,41106448156fa022,0.51437859828736687,0.87794659272175102,-0.3148223603972013,0.41817379467364058,0.83656033387997408,-0.13457964943049419,0.3273925112132523,0.54208978494314897,0.89531925774844501,-0.306477206356365,0.13633927843909727,-0.32666363881930316,-0.88723098728057381,0.29584395115867468,0.16242356055585394,-0.089730288284712398,0.40336354575884359,-0.0026021490921641979,-0.0026411854105472649,0.0016620103190731889,0.092104675415218398,-0.028601306909588519,-0.10339442514823048
84.520,268562.154278671,2,651,1,652,268561620393708,268561.62089821306,411064467bccbdbd,0.44503153693858621,0.83941808172101562,-0.53823178612775957,0.32819652390098331,0.84636728400489758,-0.17406641916055235,0.38164171312709994,0.46959662574012645,0.86185568304927496,-0.53253341699500445,0.14677789406532898,-0.39294497824632163,-0.8305420114089419,0.36640204853348479,0.17888224541610315,0.26016015014359672,0.52388634374683951,-0.0026023400404982817,-0.0025963548774722107,0.0016331078791125345,0.092744840273018284,-0.021761611251910708,-0.10180527044278549
8.951,268562.154278671,1,666,1,667,268562120437875,268562.12094238005,411064487bd851bc,0.52944345140401894,0.87279140018957702,-0.28004622863839468,0.43966964614400739,0.82935279625543668,-0.14792016662034158,0.31142289434526454,0.55828614620438222,0.88858201089445865,-0.27242280931458884,0.11561388444074006,-0.32480458465793716,-0.89733435062386901,0.27554759062664169,0.12994380776898878,-0.1202892858629505,0.32806648941255423,-0.0026018024069081472,-0.0025965376400859659,0.0016333417466924888,0.093116318855421321,-0.019340776763561326,-0.10168691711739157
86.386,268562.254287463,2,654,1,655,268561720402500,268561.72090700507,41106446e2357229,0.46268436257531526,0.86328207361679565,-0.48355816966767162,0.33599240864862795,0.84565587253006713,-0.14800424319667113,0.38738875021632369,0.48686702581546265,0.885617210453161,-0.47609483173608491,0.16927040372094609,-0.37858000616950283,-0.83555149036800025,0.3603864818450615,0.18369349127787443,0.17876407921688761,0.60417384784937866,-0.0026042211582689482,-0.0025518112608539788,0.0016325520856322092,0.091344880135175555,-0.012778439715425461,-0.096278117999383545
9.423,268562.254287463,1,669,1,670,268562220446750,268562.22095125506,41106448e2410bba,0.5394698700033187,0.86178930784567609,-0.25411125104536902,0.45603984635392447,0.82212600630723942,-0.1535734575235892,0.30422316586270709,0.56896509091277803,0.87639959984131588,-0.24663246349183224,0.10652542751612477,-0.3237110881880193,-0.90379971785108271,0.25886199931418774,0.10265852708767263,-0.11664408285387648,0.26887222736760719,-0.0026036264653110318,-0.0025518333430843425,0.0016328832723340109,0.091217933863677172,-0.010258294346055227,-0.096081523908843516
87.117,268562.354296296,2,657,1,658,268561820411416,268561.82091592107,41106447489e2ee7,0.48176983761422004,0.87756800080609443,-0.42457947966513593,0.36424936649964379,0.84109006115993479,-0.14004451226523554,0.37453637449446486,0.50703432447087149,0.89836782714662833,-0.4163070024037398,0.16581078150374828,-0.36386362481572826,-0.85230366025300452,0.33717727976897621,0.20807138021301649,0.098467326891294338,0.60410234020375064,-0.0026111937389179207,-0.0025277304693854894,0.0016424220239023954,0.089893900419471887,-0.006291607905184733,-0.093739465132086752
9.127,268562.354296296,1,672,1,673,268562320455625,268562.32096013008,4110644948a9c5b8,0.5487996581430149,0.8537142915309992,-0.22923800847273276,0.45849395007544447,0.82924995986394279,-0.16836827589893544,0.27162470192006732,0.5789911800014379,0.86777128386418056,-0.22373946990472685,0.073013317098019628,-0.31112201001249229,-0.91057242692291118,0.26216408171191274,0.08271185974746692,-0.070567509625165906,0.2712985974296252,-0.0026107649923237039,-0.0025275871498359214,0.0016427567160875697,0.089382918391695543,-0.0044696885382989994,-0.093933050149996075
88.656,268562.454305213,2,660,1,661,268561920420291,268561.92092479608,41106447af06e8e5,0.50017151659571513,0.88487832320915705,-0.3666992808239552,0.39019185065406081,0.83893093038496536,-0.12811290299637196,0.35711671904980591,0.52636286138155863,0.9041728133488145,-0.35769389018687958,0.16193014694062757,-0.34310914705259365,-0.86912103025952103,0.31730643781880224,0.18381192472379329,0.0027647866534423107,0.53941917393688155,-0.0026237265442566743,-0.0025192692639061814,0.0016647961496750587,0.089314727605198027,-0.0045104336425582864,-0.097775546536889094
9.455,268562.454305213,1,675,1,676,268562420464458,268562.42096896307,41106449af127ce4,0.55498484748237753,0.85086087004764721,-0.19718423601681639,0.46801066013580173,0.82451186189444303,-0.16076270313577057,0.27441140298385969,0.58528228722408449,0.86438256416810333,-0.19097216026252495,0.080361764197493996,-0.30771455324685765,-0.91395141584711437,0.2520844105576705,0.056510073971097446,-0.013376603197800565,0.33672418638908619,-0.0026235327906731789,-0.0025190089378556643,0.0016650931792063788,0.089115233363901647,-0.0036766430589893675,-0.098591060980625866
91.188,268562.554314046,2,663,1,664,268562020429125,268562.02093363006,41106448156fa022,0.5166073557882529,0.88286982325423313,-0.31865507628430212,0.41871914096185936,0.8360691919148644,-0.13559444777741939,0.3275313515793643,0.54435361770787227,0.90020164511032519,-0.31034160212465173,0.13571988262730958,-0.32747938455462716,-0.88726931552399413,0.29511104330562588,0.15841265588936687,-0.071148832622612276,0.39014184935055435,-0.002637836845560724,-0.0024932963251084275,0.0016981554471921466,0.090565848326485343,-0.0040614391892195706,-0.10887678997663063
10.257,268562.554314046,1,678,1,679,268562520473250,268562.52097775508,4110644a157b3150,0.56091685666775071,0.85660178136843845,-0.15861690295672373,0.47063353064665592,0.82530961141773507,-0.14926399202350546,0.27402269802017787,0.59111054237219818,0.87006541565057116,-0.15180273774999251,0.088217724675163936,-0.29930888095241293,-0.91637015940476807,0.25079385516521635,0.046785519728645433,0.072902493197110618,0.34927643132005481,-0.0026378327969673846,-0.0024930071756717859,0.0016984044642305404,0.091340516227664828,-0.0038766721434514884,-0.11034313024098656
94.090,268562.654322838,2,666,1,667,268562120437875,268562.12094238005,411064487bd851bc,0.52999614062926181,0.87471563749823988,-0.28233699662602701,0.44028336218538583,0.82894518583427512,-0.1486336058700532,0.31130137211945791,0.5588711050714954,0.89045886771798943,-0.27473778070105759,0.11502347753508008,-0.32522313318830415,-0.89748008930168754,0.27482540377838915,0.12197166179224408,-0.10684226450586148,0.32471953139859516,-0.0026446321863371428,-0.0024866986636920209,0.0017114265520958201,0.093442380559980748,-0.0018497633731102115,-0.12244148591110726
10.190,268562.654322838,1,681,1,682,268562620482166,268562.62098667107,4110644a7be3ee0e,0.56466276847996777,0.87114304752143079,-0.11957374988982901,0.48231234642856136,0.81690465554297431,-0.14451640181394926,0.28134791105323553,0.59497211133721128,0.88389406214121335,-0.11195034424046504,0.096754485488816031,-0.30113153548175803,-0.91868512788417223,0.23659248441283057,0.043587708318200774,0.14325164521264544,0.35923977722361355,-0.0026447573329539233,-0.0024865576123866548,0.0017115635184095288,0.094628056282415357,-0.0018788014491113985,-0.12408998338020816
95.918,268562.754331630,2,669,1,670,268562220446750,268562.22095125506,41106448e2410bba,0.53945294618209594,0.86511252672140126,-0.25048213984816836,0.45662232152727833,0.8218338692848407,-0.15410526165728955,0.30386965679607547,0.56897762644336303,0.87967608530030372,-0.2430284851100267,0.10589941656535186,-0.32383716183564137,-0.90400501792099797,0.25824355511611707,0.094793302361887682,-0.10138711452999422,0.28133885876364789,-0.0026556850474271994,-0.0024628781900331046,0.0017149694696649499,0.095549850878640513,-0.0018434429194802817,-0.1303018033302403
10.857,268562.754331630,1,684,1,685,268562720490916,268562.72099542106,4110644ae24c9fa8,0.57119047750679264,0.88866362481762229,-0.083644537841644051,0.48733109603542368,0.81443125395669391,-0.13133150115745079,0.28629045641035689,0.60133032935951203,0.90120913331211439,-0.07506779610148695,0.10957252514959981,-0.29530331031168677,-0.92048496068211871,0.23129473363943764,0.090690600986063033,0.16219442307038817,0.29540648975104244,-0.0026559729032879561,-0.0024627784737121148,0.0017148892333525435,0.096343194956813719,-0.0022877082829809488,-0.13106377889258147
105.080,268562.854340421,2,672,1,673,268562320455625,268562.32096013008,4110644948a9c5b8,0.54851410688068336,0.85867033091747647,-0.21981339403394862,0.45898088286753824,0.82906415450577209,-0.16875130033529998,0.27113138645938795,0.57872956940424991,0.87268637881773103,-0.21434190632845987,0.072393651230682546,-0.31104402248337021,-0.91078535616777434,0.26168838401655437,0.078765171455497343,-0.053268771366477223,0.29545303686769309,-0.0026607380768006389,-0.0024454063179855461,0.0016859833210946746,0.098772029087278085,-0.0036775359881335125,-0.12957078287941515
18.311,268562.854340421,1,687,1,688,268562820499666,268562.82100417104,4110644b48b55142,0.5843760051655833,0.90288525864023628,-0.058605979435733126,0.4857651871487263,0.81608627565312597,-0.13279449846110769,0.2835507856379807,0.6145444130374027,0.91551084151597395,-0.050249977072519825,0.10660079013302728,-0.29440056586861302,-0.92054797295249613,0.23357227543590281,0.14985193444598491,0.10547730152613119,0.19057253325230342,-0.002661135214955443,-0.0024454614389828777,0.0016854892212621938,0.099293092885949993,-0.0045865449799360495,-0.12878273196523007
106.114,268562.954349338,2,675,1,676,268562420464458,268562.42096896307,41106449af127ce4,0.55484947400969009,0.85684189197131466,-0.18543338511110244,0.46818010782436914,0.82451235259092825,-0.16097502349416432,0.27399609866943042,0.58515920498645513,0.87034673784704464,-0.17924466165989611,0.079917966547108671,-0.30757102191889168,-0.91407158042837189,0.25196493992601898,0.057600605488259397,0.0040775661931210039,0.36145761473899879,-0.0026561718329094421,-0.002469916450704985,0.0016495270365779514,0.10089655700462737,-0.0082779886173333719,-0.1249022225484297
9.769,268562.954349338,1,690,1,691,268562920508625,268562.92101313005,4110644baf1e10e3,0.60423894681587575,0.91148935326503377,-0.039261961250743105,0.49490695358679648,0.80033108237389139,-0.14627785693236658,0.30518864274645974,0.63451429665126469,0.92350533617994246,-0.030408696378390051,0.11236689126316782,-0.31923501490780903,-0.91587157411064912,0.21596746685726609,0.21277126830534618,0.079291424380174794,0.17861939946023331,-0.0026566647053496684,-0.0024701991583554852,0.0016489149169682841,0.1008357862779263,-0.0099712707698791734,-0.12356302408093846
105.228,268563.054358088,2,678,1,679,268562520473250,268562.52097775508,4110644a157b3150,0.56059078656374561,0.86106132043933847,-0.14958031354513054,0.47037908966083752,0.82561688628974816,-0.14907200086076641,0.27363819334097095,0.59077980062061919,0.87454178149827588,-0.14277872903275676,0.088081597065821277,-0.29890123684409298,-0.91640751860297887,0.25119104824682109,0.051833496583060884,0.083027503314125034,0.36431697618769437,-0.0026406287185928648,-0.0025040744630100108,0.0016286592451372993,0.10533153379220123,-0.014625820242370323,-0.1201124455069537
9.445,268563.054358088,1,693,1,694,268563020517333,268563.02102183807,4110644c1586bfac,0.6295140483190631,0.91473954852439221,-0.023565299551336495,0.51039705386168865,0.78729373217722265,-0.15272417008575317,0.31038493482749197,0.6601186830604806,0.92562276070995442,-0.014385268133359014,0.1114829929097972,-0.32746757980070701,-0.91760593027737192,0.19579551371556175,0.25942406026586107,0.0094998677500115567,0.12569059652928105,-0.0026413130082069388,-0.0025045515468374215,0.0016281169960897437,0.10541489682296196,-0.017190475658173936,-0.11885334367347193
103.882,268563.154366963,2,681,1,682,268562620482166,268562.62098667107,4110644a7be3ee0e,0.56454064977985341,0.87222564521798129,-0.11494341699502464,0.48197461922193585,0.81730273068028492,-0.14401661399431484,0.28102665523845316,0.59483842213256921,0.88500270856840502,-0.10731763214565564,0.09688072667674695,-0.30055096997565856,-0.91872780031405488,0.23711277522599772,0.052221168167158244,0.13884859179960302,0.36267259082146674,-0.0026177881919852344,-0.0025313004406184105,0.0016346631652355702,0.10743927123330105,-0.020782428047877898,-0.11480255779951726
9.665,268563.154366963,1,696,1,697,268563120526166,268563.12103067106,4110644c7bef76d8,0.65523146517681363,0.91300947229473028,-0.012742985709427933,0.53185882094774151,0.7778579118053357,-0.15895209311553571,0.29461423748453019,0.6865260340970587,0.92212905777235021,-0.0039769108307258234,0.095927619681351176,-0.32071981955205769,-0.92610955852289722,0.1739476206830384,0.26019730584920187,-0.019716322819365792,0.13700087557251725,-0.0026184530480611581,-0.0025317112952318952,0.0016343343131391315,0.10730759663427619,-0.023145004284676911,-0.11376539152679095
103.845,268563.254375755,2,684,1,685,268562720490916,268562.72099542106,4110644ae24c9fa8,0.57129172776272807,0.88619956396582178,-0.084021470473752469,0.48685902162285727,0.81494775516002882,-0.13043108775722106,0.28603537190881145,0.60140959307995268,0.8987833483327482,-0.075423592147862151,0.11002884157781423,-0.29448624993143363,-0.92051637516630158,0.23199376214255857,0.10277600787977756,0.14528688295854991,0.29017161838725541,-0.0026043638758164651,-0.0025539320780442643,0.0016479213104545851,0.1067767612267025,-0.026149308690835434,-0.10914603710991078
9.444,268563.254375755,1,699,1,700,268563220535000,268563.22103950504,4110644ce2582e15,0.68049363880963432,0.90916096516655032,0.0027651467389912532,0.54896421289934438,0.76352079593049549,-0.16898997228729756,0.29515543297775254,0.71215342314143193,0.91687542034708369,0.011568906691318822,0.089212450432137672,-0.32820035478731791,-0.92806702525689178,0.15171441077299158,0.27251406013770652,-0.032410362413546431,0.23422931423322227,-0.0026048631169086102,-0.0025541175656174772,0.0016477721920130312,0.10616531680861749,-0.027820211819154603,-0.10837040035462488
102.361,268563.354384505,2,687,1,688,268562820499666,268562.82100417104,4110644b48b55142,0.58422994230363989,0.89679290623434238,-0.063661816877282923,0.48549778144922595,0.81648527649438718,-0.13165176456749861,0.28339294905573731,0.61437562219149644,0.90944509445833555,-0.055264134505929922,0.10729721768213703,-0.29348092369019496,-0.92064102476713072,0.23404349600736493,0.16235881518857098,0.078485057230688632,0.18267758721545094,-0.0026003378037561023,-0.0025536587148102586,0.0016772311980298642,0.10541161390142942,-0.031838142345120689,-0.10436588120449854
9.391,268563.354384505,1,702,1,703,268563320543750,268563.32104825508,4110644d48c0dfb0,0.70771778527006457,0.90092076692177447,0.023778772352787882,0.57100656280802198,0.74447335947114401,-0.17124359776967255,0.3006436523582301,0.73952299699493418,0.90694597484851724,0.033343620942406726,0.091499653651016769,-0.33367466564308434,-0.93018474880963231,0.12265954496769234,0.3047186962008237,-0.067844852472504685,0.28639656819632237,-0.0026007099765338122,-0.00255357327867453,0.0016771868066501143,0.10480206234486585,-0.033341398556406068,-0.10389245678744546
93.497,268563.454393421,2,690,1,691,268562920508625,268562.92101313005,4110644baf1e10e3,0.60261391413307241,0.90349053455132922,-0.04914744036214351,0.49499367342249379,0.8004795957676647,-0.14528145016736116,0.30513445148178603,0.63287464230153234,0.91550920542319492,-0.040247955368339701,0.11303313821506514,-0.31849212993648707,-0.91603790911794258,0.21601116150005265,0.21987609172712988,0.050924534600587275,0.16832791594670582,-0.002616914240351393,-0.0025332025733664333,0.0016672973102562177,0.10565771987496128,-0.0357990445013113,-0.10122536007358694
9.743,268563.454393421,1,705,1,706,268563420552583,268563.42105708807,4110644daf2996dc,0.73577360837433248,0.89199082241341443,0.048464867117436472,0.58749964933180165,0.72113728543143041,-0.17591214257427484,0.32227340706767271,0.76735624309702022,0.89684200021218452,0.059344398812532395,0.10349303987275885,-0.35227037106837861,-0.92534602606228089,0.094496076193602438,0.28285857305681583,-0.094320190045121169,0.29294408333227334,-0.0026173788226666319,-0.002533033508137494,0.0016671497301631501,0.10567065787252078,-0.037287024505732486,-0.10105640766757322
93.261,268563.554402171,2,693,1,694,268563020517333,268563.02102183807,4110644c1586bfac,0.6253262442162798,0.90612286732025504,-0.037685411974198849,0.51075972307098294,0.78717738582178798,-0.1519834354358898,0.31044702785630562,0.65592363108303553,0.91698772646206783,-0.028459594681337731,0.11205067779041002,-0.32698770772123487,-0.91778010683306321,0.19545679857045997,0.25790193043348508,-0.017010147764973369,0.1110938318919847,-0.0026430623559950523,-0.0025120862996354755,0.0016616580120925059,0.10674483183429465,-0.039913212547767793,-0.09705089081343779
9.370,268563.554402171,1,708,1,709,268563520561416,268563.52106592106,4110644e15924e08,0.75845328292595116,0.88065801388956599,0.07124619943761959,0.60558023660332971,0.70430550234246148,-0.18808987621116935,0.31913725587109909,0.79027425452080446,0.88385936643731755,0.082041478988939348,0.092664488348810789,-0.3586637351544833,-0.92622906394464821,0.069809303021220959,0.19260471511771371,-0.11306993447878069,0.25111319241980734,-0.0026438146882347695,-0.0025119799327660269,0.0016615262388066064,0.10684281159467113,-0.041519820392865038,-0.09681379709065846
92.932,268563.654411005,2,696,1,697,268563120526166,268563.12103067106,4110644c7bef76d8,0.64958042047537667,0.90554938813077768,-0.027411568430082238,0.53226088927124848,0.77758537234712211,-0.15854931581916876,0.29482452769354378,0.6808713847516632,0.91464498685294804,-0.018607785691281173,0.096361123860196962,-0.32058371063092062,-0.92620114925946861,0.1734706009586342,0.25355345929707185,-0.041800165295891922,0.12309365611437537,-0.0026677569986766759,-0.0024993324319350012,0.0016523468011113735,0.10237937699752554,-0.040653940230950744,-0.093465151988867665
9.271,268563.654411005,1,711,1,712,268563620570208,268563.62107471307,4110644e7bfb0274,0.76741518691763855,0.87241558640293027,0.098108150430885457,0.60852902247502505,0.70481290645003569,-0.18100668996086766,0.31649301273319491,0.7991746760488555,0.87545013413102635,0.10913027918066059,0.095803295041376524,-0.35178540405357617,-0.92867295925103577,0.068082985466276488,0.016225403192336094,-0.10221403335034848,0.34495818029387493,-0.0026683235811721722,-0.0024990884736341332,0.001652191333287107,0.10148326523086634,-0.040891730322557794,-0.093247643729145846
92.401,268563.754419796,2,699,1,700,268563220535000,268563.22103950504,4110644ce2582e15,0.67494828695813125,0.90369043129602089,-0.0096081888076814739,0.54923695332048761,0.76321134554786585,-0.16894018001307487,0.29547669946016847,0.70660560543554429,0.91138725503290463,-0.00078016280241910343,0.08947482858819461,-0.32839231603574121,-0.92804106739487824,0.15130273971865227,0.26591546836181157,-0.048277759966411385,0.22452914124161907,-0.0026810145657632217,-0.0024928360956432681,0.0016239513034480065,0.09873512496609177,-0.039652935551474651,-0.092501302769445959
9.771,268563.754419796,1,714,1,715,268563720579000,268563.72108350508,4110644ee263b6e0,0.7656731550131155,0.86283662789214288,0.13196911864720082,0.61730963022698659,0.70571058049324253,-0.15121272606146238,0.3131072686771309,0.79701775532980734,0.86546629877352665,0.14421500832533529,0.11447672587483852,-0.32832380818469947,-0.93551653775655175,0.062508909733477266,0.00055811591238556042,-0.12205685777257576,0.34864918684276686,-0.0026811910439327865,-0.0024925384699057097,0.0016236094364474052,0.098047975979362323,-0.038922413863416605,-0.092407126346493604
95.735,268563.854428630,2,702,1,703,268563320543750,268563.32104825508,4110644d48c0dfb0,0.70510838457201808,0.89845576428955043,0.017191588489280263,0.57086512469666562,0.74445142568027545,-0.171407756578211,0.30087292733805548,0.73691146412461916,0.90449195905255042,0.026756599504467949,0.0915456977360736,-0.33395286533538249,-0.93006922743278742,0.12274404728084208,0.3027228631779727,-0.076310185498655314,0.28053010186074362,-0.0026540209602517514,-0.0025009607266252339,0.0015869594063179031,0.099498518853691362,-0.035875814469413667,-0.092901270998984264
12.275,268563.854428630,1,717,1,718,268563820587875,268563.82109238004,4110644f48cc70dd,0.77292763424226063,0.84655137360411958,0.16763291031423611,0.62283958383804572,0.71844120765741992,-0.13171280380809178,0.28029426406847757,0.80458775403657379,0.84860644461495338,0.17915568991452233,0.10506295531338818,-0.29133298384103318,-0.94842871790758165,0.067600554696528245,0.040868293515892079,-0.20351891129747274,0.32832849543274611,-0.0026536274825310997,-0.0025009878535106923,0.0015865014468337086,0.10006184421186884,-0.034291352337543414,-0.092777182169784617
98.620,268563.954437463,2,705,1,706,268563420552583,268563.42105708807,4110644daf2996dc,0.73571221320796487,0.89057953642988841,0.046948058249154608,0.58708147455170046,0.72137911247017816,-0.17607758016083888,0.32240387297165463,0.7672941870317036,0.89546308507880601,0.057815018907818094,0.10346831115951349,-0.35247960642755344,-0.92522132938184054,0.094962767942888979,0.28170368242532334,-0.099958103740223361,0.28973325407263084,-0.0026304584319314411,-0.0025330988533317071,0.0015746119952084186,0.10249156211437142,-0.033415576896961507,-0.095117448571830049
11.909,268563.954437463,1,720,1,721,268563920596708,268563.92110121308,4110644faf35280a,0.78247644280092132,0.82466379853541194,0.20192469836180924,0.62597996700245317,0.71515682771221456,-0.12209466571860983,0.28599429802664017,0.81386835996346929,0.82657439516439812,0.21418267981666686,0.11589453835547214,-0.28856246591409529,-0.9483268968101195,0.063057561255075889,0.084870478515229678,-0.23496387206852171,0.30836235605462875,-0.0026297452651141747,-0.0025337101156256724,0.0015743742331139239,0.10420048602309032,-0.03184108495312208,-0.094996456589489228
99.031,268564.054446255,2,708,1,709,268563520561416,268563.52106592106,4110644e15924e08,0.76014078760841874,0.88101350927899036,0.074449208797254696,0.60492909302903497,0.70484674479041276,-0.18827045118209346,0.31907075890717268,0.79196686999249266,0.88426460734434276,0.085214513875059059,0.09248978211288536,-0.35874440048466943,-0.92615135211501831,0.070652447240910202,0.19216654490540866,-0.11188676139052604,0.25125147984892682,-0.0026202030928686743,-0.0025593132495240821,0.0015589086040264865,0.10591411372689925,-0.032627832257547035,-0.097810196135632882
10.056,268564.054446255,1,723,1,724,268564020605458,268564.02110996307,41106450159dd9a4,0.79589239631286746,0.80120590322678131,0.23192018827433761,0.61735253133072754,0.71267557798774916,-0.13100986235058559,0.30627739351563549,0.82704900646574575,0.80394593519586199,0.24461344713707955,0.12393285651124407,-0.30920877572257899,-0.94047187024539758,0.067403570901186136,0.15194690134296701,-0.19335038445578084,0.27078953558310148,-0.0026195911025177171,-0.002560153008583537,0.0015587858897895663,0.1078048836466434,-0.031802271031428041,-0.097657632476642039
99.711,268564.154455005,2,711,1,712,268563620570208,268563.62107471307,4110644e7bfb0274,0.77210550807189771,0.8728514904343817,0.1048854566256894,0.60765925118429664,0.7056957381272877,-0.18108668353274934,0.31615095429037188,0.80387445888737474,0.87595277196791244,0.11586164762713369,0.095504859207705642,-0.35160009621115312,-0.92868219433866583,0.069322262876690605,0.026778670399969777,-0.09803306914700359,0.3508387234144697,-0.0026056025620405585,-0.0025838472419774054,0.0015173773467221012,0.11072995641421531,-0.032773359052743097,-0.10013505186250811
9.819,268564.154455005,1,726,1,727,268564120614333,268564.12111883808,411064507c0693a2,0.81510410049694393,0.77654295962600839,0.25561977078505882,0.60001532843103378,0.71721914839098411,-0.14026553794537322,0.32542884154064367,0.8460480188439482,0.78079453190136427,0.26841660642860582,0.13093022411555824,-0.32929564493370511,-0.93142540619183534,0.082875613669639595,0.17832709112243361,-0.23305638625108557,0.17824050014932885,-0.0026053524781980441,-0.0025846274272739093,0.001517123694715297,0.11207739537246289,-0.032895642629021143,-0.099798491693861305
100.050,268564.254463713,2,714,1,715,268563720579000,268563.72108350508,4110644ee263b6e0,0.77267822494979321,0.86199085324184299,0.13922179207627233,0.61653581073245667,0.70669180054397984,-0.15100906531229136,0.31251657321551518,0.80403432412987208,0.86468100823897098,0.1514250319029366,0.11420305101239574,-0.32776211353631907,-0.93566319209236604,0.0637499100641679,0.019819962703224368,-0.12140468159479341,0.35246825052334257,-0.0025998783994882657,-0.0025890178594800786,0.0015103365574779717,0.11525936193243926,-0.032637304368372054,-0.095066423670629632
9.703,268564.254463713,1,729,1,730,268564220623125,268564.22112763004,41106450e26f480d,0.8357961792455868,0.7469346310387559,0.26513609756224416,0.56814911970305726,0.74080684371457406,-0.12672436306250093,0.33519067275981229,0.86618316243313587,0.75389523691501914,0.27807990575618557,0.14740793731393287,-0.3266232454717683,-0.92557161338119731,0.12208744422449118,0.19351845322300143,-0.23252388285223188,0.076444903970611766,-0.0026000570805131129,-0.0025896240494519916,0.0015100639923734031,0.11612379319895295,-0.033004147373688134,-0.094621601905514274
106.294,268564.354472755,2,717,1,718,268563820587875,268563.82109238004,4110644f48cc70dd,0.77647151314664486,0.84549892381067382,0.17051067963302527,0.62214794306231624,0.7192770193493494,-0.1314297765467273,0.27981917987979665,0.80813861164673162,0.84760992774156152,0.18200413372464549,0.10492715056132212,-0.29079691810807362,-0.94853066213736426,0.068680626665613337,0.056334346467919565,-0.20430895802682952,0.32705304293014836,-0.0025978301252997929,-0.0025917643063837537,0.0014853365000604638,0.11355474056174937,-0.027854614616388784,-0.089798958507889368
16.405,268564.354472755,1,732,1,733,268564320631875,268564.32113638008,4110645148d7f9a8,0.85632622913489587,0.72052010573453884,0.26376108314789604,0.522816431659472,0.78209639286411881,-0.13523983961937341,0.31096374394452658,0.88682491647654393,0.7306583214622866,0.27407648930861733,0.12425556105891866,-0.31551357133314228,-0.92271268252800753,0.18333861391563966,0.23132908817542264,-0.27613049170464266,-0.051556509297216432,-0.002597897168579047,-0.0025921030615046392,0.0014850170052775928,0.11359791434999235,-0.027215560376378962,-0.089291140005898606
102.558,268564.454481380,2,720,1,721,268563920596708,268563.92110121308,4110644faf35280a,0.78330722998915248,0.82444981224107405,0.20039031274439753,0.6253283989999584,0.71584414790247519,-0.12189519128332947,0.28578517259019759,0.81470292117889054,0.82641446683263742,0.21263007005494322,0.11588771406728667,-0.28827354218169521,-0.94835217742385836,0.064004298150234742,0.096102181795502797,-0.2349649383837368,0.3035783871952466,-0.0026081811474907056,-0.0026014503574470845,0.001472650765631252,0.11001042376782985,-0.023169613646677752,-0.088689871713029889
9.290,268564.454481380,1,735,1,736,268564420640750,268564.42114525504,41106451af40b3a5,0.87564741600301554,0.68792178496724965,0.25436892583685061,0.48592745527291981,0.81116903162034215,-0.13477072899090053,0.29616923231801501,0.90566698693016123,0.70060593826010675,0.26316088628716938,0.11412597313949922,-0.30472056081833432,-0.91718569733261079,0.22998051804014774,0.16892078474389882,-0.39017425706650521,-0.067246555850160941,-0.0026080285775897548,-0.0026013896823179352,0.0014724468950337083,0.10914482639172447,-0.022036258588856106,-0.088439851523281862
99.458,268564.554490213,2,723,1,724,268564020605458,268564.02110996307,41106450159dd9a4,0.79578668499972649,0.80144679763589244,0.22589900598250923,0.61681739680486547,0.7131795945267142,-0.13093158770961566,0.30621583483206744,0.82694496414537766,0.80423107964617635,0.23857853146004532,0.12394467647776243,-0.3091098986331931,-0.94044986650643125,0.068138361646252546,0.15798668204200583,-0.19299546597574421,0.25708612005580622,-0.0026013942939991596,-0.0026100162635201915,0.0014826334792508464,0.10282112710902136,-0.017888473489436577,-0.087013198021434521
9.161,268564.554490213,1,738,1,739,268564520649541,268564.52115404606,4110645215a96800,0.89004029360246339,0.65231437240111578,0.2433700712779488,0.43943694861997107,0.82436082248160958,-0.12476519542939329,0.33430241065083321,0.91807876127197696,0.66845015466403523,0.253005516959177,0.14816518185190689,-0.32460980864575656,-0.89363995021797316,0.27218227420641306,0.12756138757251842,-0.35035008055525441,-0.076292426578166497,-0.0026010584585480167,-0.0026095737798416479,0.0014825459896475072,0.1011404526730023,-0.017135950731176467,-0.086816713361894726
98.223,268564.654499005,2,726,1,727,268564120614333,268564.12111883808,411064507c0693a2,0.81352117611513364,0.77709058450509005,0.24443459142698232,0.59984570275327442,0.71738108903388809,-0.14041177791019771,0.3253215206861671,0.84446993436571416,0.78135368992224852,0.25721587645298483,0.13075092954555759,-0.32932316489981767,-0.93141997205172011,0.083110066457155907,0.17668235806223684,-0.23144972886870208,0.15450723123630419,-0.0025452687677745452,-0.0026020856802967387,0.0015080786807887628,0.094137173903605514,-0.017777880866102602,-0.085299554288830182
8.807,268564.654499005,1,741,1,742,268564620658333,268564.62116283807,411064527c121c6c,0.90467509873193719,0.61616507265988307,0.22939094363612481,0.35550272619909012,0.85729526562432978,-0.13156072526073037,0.34835968191579675,0.9298196090015407,0.63736013675209391,0.23699908489371685,0.15330000832622906,-0.33935496531537179,-0.85757766141085046,0.35482089793595512,0.12258214915053484,-0.27443240730450008,-0.18006743687761098,-0.0025451991505182335,-0.0026015094043535898,0.0015081495251561166,0.092555269588326647,-0.018458261184362862,-0.084985897804074395
96.621,268564.754507838,2,729,1,730,268564220623125,268564.22112763004,41106450e26f480d,0.83206091919704972,0.75097786032885994,0.25274654574569544,0.56797490406431494,0.74104034247818484,-0.12689476442930991,0.33490519725118767,0.86245612455695386,0.75794851867569235,0.2656656155770567,0.14708558369250427,-0.32654187576791621,-0.9256135328796864,0.12237574183551198,0.18320507441159017,-0.2237899127459903,0.051610513694737875,-0.0024905365341071251,-0.0026106716504084534,0.0015169301760530923,0.08599371635036436,-0.01746011533536166,-0.085073684706698738
8.534,268564.754507838,1,744,1,745,268564720667166,268564.72117167106,41106452e27ad398,0.91691373483802563,0.57671803839558733,0.20857634096021996,0.29173594154176619,0.89856866492337373,-0.13822743801126491,0.29725027068765947,0.94011941604883364,0.60089137708288265,0.21263922272299207,0.11244612035720385,-0.30792923268375044,-0.84167243651534673,0.42909552233241677,0.089985666005358247,-0.42139241905172253,-0.17557916983208768,-0.002490809961594257,-0.0026101557673660655,0.001517022486912988,0.084725540731479906,-0.018464315092774304,-0.084641249742826372
95.486,268564.854516755,2,732,1,733,268564320631875,268564.32113638008,4110645148d7f9a8,0.85138828028225877,0.72485284326691191,0.25193867667045644,0.52280118732439274,0.78234808835290082,-0.13513867343031358,0.31039970898623992,0.8818946241069946,0.73498876738281349,0.26223367452039753,0.12392826342210704,-0.31504320310351525,-0.92287987873776167,0.18352736887023857,0.21410139083198507,-0.27139902867825194,-0.074214902481391246,-0.0024514694718242359,-0.0026448003759039053,0.0015552622202929238,0.078095571702366487,-0.015285941552594256,-0.087156614498708901
9.434,268564.854516755,1,747,1,748,268564820675916,268564.82118042104,4110645348e38532,0.92083241287095141,0.5293615558200776,0.19501456949198975,0.26966578209189174,0.89745369367152739,-0.11604467391672872,0.32922776394487285,0.94220295117625363,0.55485870559727213,0.20072039088312332,0.15074320458249316,-0.31485515191029245,-0.82527807380965579,0.44391307761404331,0.020238068973235018,-0.47277851478386723,-0.055524231818588898,-0.0024516844357282759,-0.0026446139997763915,0.0015554368395786764,0.077314803361883649,-0.016008238178367423,-0.087010072642899408
93.757,268564.954525421,2,735,1,736,268564420640750,268564.42114525504,41106451af40b3a5,0.86895593804059423,0.69054771080504507,0.24413411678690097,0.48583560531861675,0.81142300352754759,-0.13429519189479749,0.29584003886804527,0.89897021176188341,0.70323981474461839,0.25293268613294784,0.11422945372131037,-0.30415153040731807,-0.91730033486183715,0.23022505101699695,0.15200258618655996,-0.39219415229409738,-0.08105851490514919,-0.0025172598565338295,-0.0027216478942880735,0.0015658451385583351,0.083015431438296386,-0.0099406879136210383,-0.08959332981997313
14.494,268564.954525421,1,750,1,751,268564920684791,268564.92118929606,41106453af4c3f30,0.9236970346005362,0.48266353477903357,0.18314611837364814,0.24545454994494453,0.92390276159757367,-0.083561246430110009,0.28137754411329352,0.94382028757122682,0.50914857083976195,0.18888706835654373,0.13987724179938835,-0.25805068664549929,-0.82686046262213719,0.47973531837950728,0.057411901943592317,-0.4683565917987173,-0.11893841961816966,-0.0025171969312656017,-0.0027217772438601676,0.0015658783182643167,0.082776422554925941,-0.009395340613749692,-0.089695011990976098
97.740,268565.054534255,2,738,1,739,268564520649541,268564.52115404606,4110645215a96800,0.88247514409248706,0.6532445726904198,0.23621932326934048,0.43891890829853564,0.82469026482355612,-0.12374204936981983,0.33455062019597526,0.91047381982989384,0.66942166595520691,0.24590109802506199,0.14906416599738218,-0.32406184579599229,-0.89350659131130661,0.2727815349286844,0.11500781187653919,-0.35400947364578345,-0.083227897089475131,-0.0026134379078070597,-0.0028232863517412858,0.0015518610617487791,0.092161204982288719,-0.0043123256419189916,-0.091069189617076038
12.187,268565.054534255,1,753,1,754,268565020693458,268565.02119796304,4110645415b4eb38,0.92472989886530332,0.43750176797469836,0.17457187184186165,0.2192872116250919,0.93915306562906409,-0.038073043431222697,0.26163932180310218,0.9429211832593164,0.46494843830370103,0.18199604936625985,0.15808522727534191,-0.21192864022402616,-0.81914095385177732,0.50902201336769226,0.024162748974684258,-0.46531546655146483,-0.06214916607497583,-0.0026133243689493422,-0.0028235723304412944,0.0015516506519514036,0.092250465185454641,-0.0030057304117605496,-0.091279152730343802
97.484,268565.154542921,2,741,1,742,268564620658333,268564.62116283807,411064527c121c6c,0.89534101617896233,0.61932221001780408,0.2235947490900391,0.35442836001049682,0.85754320464588119,-0.13032855129125911,0.34930604305786628,0.92040354533799995,0.64058996348466213,0.23127024559462661,0.15484046523566675,-0.33915286513234305,-0.85699328917242623,0.35575590889196962,0.10955073463083728,-0.2700480482598086,-0.18587740791932555,-0.0026883328070911468,-0.0028578689095651107,0.0015127294348920772,0.099033802904730878,-0.002970770562476425,-0.089545825168330914
8.666,268565.154542921,1,756,1,757,268565120702250,268565.12120675505,411064547c1d9fa4,0.92554263814230464,0.40026832775453691,0.16743690974973116,0.19288957782429428,0.95051096181211014,-0.034692969078311223,0.24107877001261235,0.94252244993312506,0.42866163440576283,0.1741351991525836,0.14593679549843186,-0.19500006158258099,-0.80850625367794826,0.53571920393624828,-0.0053029871236509717,-0.33095120510667597,-0.040483893181195246,-0.0026883262503211384,-0.0028581857603805737,0.0015124521187013806,0.099662791545327617,-0.0017766120433623952,-0.089815549648491616
97.940,268565.254551796,2,744,1,745,268564720667166,268564.72117167106,41106452e27ad398,0.90488753159498081,0.58283757114888757,0.20413145228215249,0.29041365955771459,0.89855560662137457,-0.13728262848437142,0.29901715883957447,0.92799661759702223,0.60709058491849277,0.20826937678704538,0.11436358012340078,-0.30851053003870554,-0.84072820836901097,0.43002128325145506,0.073860753423746275,-0.40851559527981168,-0.17680813480671556,-0.0027897854545936899,-0.0028626016781202299,0.0014787694084933399,0.10843519426429381,-0.0063766236085433785,-0.089559511520082014
8.832,268565.254551796,1,759,1,760,268565220710958,268565.22121546307,41106454e2864e6d,0.92401925691005826,0.3761812405106692,0.16883485453156,0.13414817516063537,0.95006624124038697,-0.04323579739644666,0.27840460375577097,0.93735256755999463,0.4066187442021551,0.17476293584929467,0.16628945327588726,-0.22743410270712827,-0.76665534569956217,0.57694118206737055,-0.0069102764548770179,-0.19492265683136623,-0.011801855695859953,-0.0027897903838559864,-0.0028630569514824689,0.0014785899629433526,0.10986215492760447,-0.0055861968126114988,-0.089688531680734915
98.099,268565.354560588,2,747,1,748,268564820675916,268564.82118042104,4110645348e38532,0.9065584910196518,0.54209316650339234,0.19182674006075084,0.26786978509774417,0.89714576180286942,-0.11564523370850072,0.33166473047917483,0.92780469449700009,0.56768373128703664,0.19757850360072887,0.15274884697097674,-0.31629590055397255,-0.8237903714832141,0.44496529852712857,0.0041236196360664393,-0.44405475650648191,-0.049626284669247227,-0.0028976437493508909,-0.0028503260467757871,0.0014025380977636139,0.11826578954263033,-0.014220602058250055,-0.093473234958893647
8.593,268565.354560588,1,762,1,763,268565320719750,268565.32122425508,4110645548ef02d9,0.92127881936601197,0.37434793063380961,0.170099856450805,0.087047397792423153,0.94968587203086408,-0.072031686861963248,0.29211467663033519,0.93222264552802592,0.40609014077769134,0.17356766787645536,0.15562217034850459,-0.25749035611897553,-0.73308110586921749,0.60997749861721084,-0.026240727364793732,-0.0568491099580168,-0.047661881590550091,-0.002897646949762436,-0.0028507947580127375,0.0014023046184289203,0.11971986581670076,-0.014249707592567615,-0.093668298293727886
97.026,268565.454569380,2,750,1,751,268564920684791,268564.92118929606,41106453af4c3f30,0.91259280558053868,0.49535468125808391,0.18121379652581002,0.24392333274432332,0.92381678830395986,-0.08362510190533981,0.28296792209446753,0.93262053588270766,0.52191048135915274,0.18696187898018152,0.14095665618625622,-0.25922040630906623,-0.82571693628761811,0.48075726011943065,0.042884755813278656,-0.43784247939451293,-0.11284179448801272,-0.0028278968498151209,-0.0028461166621973743,0.0013955851962972905,0.11104406688285687,-0.015361442260139149,-0.099744840303516352
8.561,268565.454569380,1,765,1,766,268565420728666,268565.42123317107,41106455af57bf97,0.91614587055247798,0.36675193603316342,0.16538756312881817,0.061797952997348471,0.94271051313969778,-0.069878041837364346,0.32030456428636944,0.9252317749415303,0.39907356665155674,0.16886886856898536,0.1770782875012693,-0.27590075935045016,-0.71029472926653103,0.62289922833605138,-0.14757113251911566,0.0035518592114940663,-0.11149993583171991,-0.0028282042849195727,-0.0028463160603129679,0.0013953597263410107,0.11128483067437345,-0.016776781549044474,-0.10032198312661984
91.939,268565.554578171,2,753,1,754,268565020693458,268565.02119796304,4110645415b4eb38,0.91677580551650928,0.45021590679484841,0.17400154307285307,0.21863693792011568,0.93910550757335409,-0.038537757468025527,0.26228539700891546,0.93493214593899587,0.47769199017890179,0.18140242790521757,0.15821346898438107,-0.21271408680905129,-0.81864751229479737,0.50944819767907645,0.016193857912667083,-0.43614113296039719,-0.049879005812688705,-0.0027807402108874736,-0.0028435904399598234,0.0014572804664385903,0.10582704291716244,-0.016942642375611675,-0.10800746057656858
10.568,268565.554578171,1,768,1,769,268565520737375,268565.52124188008,4110645615c06e71,0.89820428655526685,0.36779101579427725,0.14651917495989752,0.035660919647769906,0.93918404647565401,-0.050436229907632663,0.33781335909149091,0.90508162486413701,0.40055447558324347,0.15083413410324323,0.2032063113972728,-0.27453390986985526,-0.6893194678112442,0.63888731294048084,-0.24298608874078395,0.033980341714739896,-0.27179854221827537,-0.0027811650367995508,-0.0028435460881413716,0.001457355964116717,0.10538790516989373,-0.018157744681235745,-0.10850053791505737
93.872,268565.654586880,2,756,1,757,268565120702250,268565.12120675505,411064547c1d9fa4,0.91913670869224773,0.41134387641036724,0.17022423593220554,0.19286076420748199,0.95047371104970368,-0.035191343761357949,0.24117643493811874,0.93612194137475846,0.43974059818368971,0.1768942445690877,0.14565345091912621,-0.19542152522043113,-0.80845953910865065,0.53571323797354353,-0.00890100870826048,-0.31138818383142802,-0.02224037173738758,-0.0027663214706273864,-0.0028285101767957501,0.0014729459528268439,0.1040274458116906,-0.017562333063637189,-0.10594252912890266
14.509,268565.654586880,1,771,1,772,268565620746250,268565.62125075504,411064567c29286e,0.8755866178398809,0.3702114248651705,0.11366727134287918,0.021132309732219412,0.94241265454348389,-0.033793615658757631,0.33206905726802394,0.88127139387600295,0.40311190116766793,0.11862740566107442,0.21091258181173356,-0.25870397012642327,-0.68132916008989253,0.65144356185746222,-0.25863164435315472,0.034008547898201132,-0.33343726703031534,-0.002766489991686211,-0.0028283568168671566,0.0014730222917858306,0.10371880167671543,-0.017947245438399304,-0.10558396468949173
97.148,268565.754595755,2,759,1,760,268565220710958,268565.22121546307,41106454e2864e6d,0.92134506718718068,0.38417210758476883,0.17233970578408703,0.13433720416758876,0.95015025617668614,-0.043756188852851416,0.27794505826397908,0.93470481712948705,0.41460517065216479,0.17823094553320129,0.16559653323311815,-0.22747712730016917,-0.76684841691826111,0.57686692590786659,-0.003685842198444797,-0.18761372228091142,0.0062393758044654362,-0.0027445897443437871,-0.0028007348789824186,0.0014377016779186433,0.10118331822259306,-0.021413259321779166,-0.10251287973278471
12.270,268565.754595755,1,774,1,775,268565720754875,268565.72125938005,41106456e291d1a5,0.85225727249896033,0.37007181199798317,0.081768331735862371,0.0029788373001590762,0.93881724005739353,-0.013038855953305256,0.34415600786164824,0.85620257667517552,0.40306317936758784,0.087715196961132141,0.23413517725210886,-0.25257490368849056,-0.66595037507598043,0.66173766307807702,-0.28145570172516127,-0.063591513653406484,-0.28272099092107111,-0.0027445209072321742,-0.0028007220189471657,0.0014376150499813402,0.10130208757492684,-0.021812282283200729,-0.10186990916084716
97.263,268565.854604463,2,762,1,763,268565320719750,268565.32122425508,4110645548ef02d9,0.924251096479898,0.3708323460491541,0.1723797938706432,0.087350639671474217,0.94997134249182325,-0.072164116277581139,0.29106134701746855,0.93522632154867258,0.4025657582890802,0.17582884218391046,0.15478371212091821,-0.25683918136203021,-0.73349738834593126,0.6099649323273012,-0.019890407131557535,-0.070383237460422285,-0.039286666231975992,-0.002706333647691734,-0.0028131508566684592,0.0013939222627438116,0.097433422174047032,-0.022486267314191285,-0.1003589974844894
8.836,268565.854604463,1,777,1,778,268565820763708,268565.82126821304,4110645748fa88d1,0.82843174706851175,0.35941969167913773,0.05000067725186548,-0.025270859701247539,0.93393403396378172,0.017065721862782435,0.35614241281245917,0.82976668020921185,0.39236349900952766,0.057231476934791733,0.2638979958015123,-0.23976342113360863,-0.64252187524044047,0.67826026681190821,-0.2631742479793524,-0.14181704730036282,-0.34313052377520981,-0.0027062957639193592,-0.0028132602031043989,0.0013938025644434464,0.097269908846405892,-0.023595537600009434,-0.099777536031753447
97.044,268565.954613296,2,765,1,766,268565420728666,268565.42123317107,41106455af57bf97,0.9193618488649512,0.36876686422552013,0.16736441618983083,0.062105711906947136,0.94305104596737255,-0.070426156831591633,0.31912037680910976,0.92849040660826665,0.40108111081889775,0.17080241743996735,0.17585336470920526,-0.27545098819633851,-0.71075314073794771,0.62292240299515245,-0.13834474783425751,-0.0031393487017706413,-0.11053819253364323,-0.0026193982108731542,-0.0027671959050828221,0.0013680521916069571,0.085513784973243273,-0.025556719759739888,-0.094401650730871617
8.405,268565.954613296,1,780,1,781,268565920772458,268565.92127696308,41106457af633a6c,0.80993415844896699,0.3441711371323844,0.015380635512559448,-0.053235913266441559,0.9377983339504059,0.0050865081962428171,0.34303702865052432,0.80998059716900006,0.37742591722627877,0.021166687389151031,0.24616050704558856,-0.2389670983607296,-0.62548006940674616,0.700767017950363,-0.28028378649122493,-0.18836346414110197,-0.29279758521185156,-0.0026196385985868148,-0.0027671535607316201,0.001367984855495296,0.084851417374970928,-0.027316686981785455,-0.093616001369375451
97.310,268566.054622005,2,768,1,769,268565520737375,268565.52124188008,4110645615c06e71,0.90226548074806678,0.37234126915482552,0.14646420673570121,0.035658149286660612,0.93959750471012016,-0.051219287163400767,0.33654370201642314,0.90917486566168981,0.40510618038649476,0.15071649365720988,0.20175482321271859,-0.27418983184705892,-0.68960986798371959,0.63918163099510539,-0.22833115743858454,0.030124308142265955,-0.27769764675069747,-0.0025792039908589448,-0.0027306434593734196,0.0013514980629403376,0.079848897482841033,-0.028146909344558848,-0.089601332572567097
8.400,268566.054622005,1,783,1,784,268566020781333,268566.02128583804,4110645815cbf469,0.78431554678968562,0.32634250867025943,-0.014267787366904063,-0.083130432359358741,0.93616133448710337,0.04340857851338123,0.33883186914899233,0.78170096159082703,0.35915275763455518,-0.0067836401806549455,0.2702848053945836,-0.20889580657095297,-0.6031839194077504,0.72074810116835386,-0.36832997199979312,-0.18651833273776572,-0.25441429539898236,-0.002579494104633988,-0.0027304699972681683,0.0013513851130051598,0.079664402995034939,-0.029041338721014366,-0.089261622441332775
95.598,268566.154630713,2,771,1,772,268565620746250,268565.62125075504,411064567c29286e,0.88142454246835844,0.37497377093815487,0.11275625308948242,0.020973144205576,0.94283396264914754,-0.034631197920806378,0.33079446706450261,0.88713343920142052,0.40788028974656526,0.11764813104887262,0.20941905037803074,-0.25839495885579727,-0.68151452288022363,0.65185401868824588,-0.23503821902296401,0.028911241761482413,-0.3421551674326816,-0.0025727130778356215,-0.0027107627079205098,0.001333729880823627,0.079031703784699828,-0.030227929200252652,-0.083216817461529369
8.671,268566.154630713,1,786,1,787,268566120790041,268566.12129454606,411064587c34a332,0.75406653633262,0.3115388566682108,-0.043418387673953472,-0.11767096763729867,0.92857783446729525,0.050794702775178308,0.3483054695146085,0.74897700233851006,0.34413260222820319,-0.03626958735083094,0.28220643069037576,-0.21037187504025573,-0.57339772919026977,0.739809603092909,-0.33745896031549261,-0.11472974651205675,-0.27947702195959273,-0.0025728447379336117,-0.0027108123316811734,0.0013336085736218263,0.079689529149599023,-0.030456034830563482,-0.083019244202399103
90.551,268566.254639546,2,774,1,775,268565720754875,268565.72125938005,41106456e291d1a5,0.85820693877265253,0.37254802330815001,0.080224771716681798,0.0028350427379434384,0.93912429681260912,-0.013703310251335921,0.34329257226093929,0.86217000408864308,0.40554646355506624,0.086120363844576428,0.23305479597254852,-0.25243420266378092,-0.66606581887669059,0.66205646309345745,-0.25758931970770765,-0.071617063547497625,-0.290516761459366,-0.0026071685190953882,-0.0027133685098324782,0.0013290339512924787,0.08374792385131298,-0.031530948633120393,-0.082170672873617706
8.900,268566.254639546,1,789,1,790,268566220798833,268566.22130333807,41106458e29d579e,0.72071518276595414,0.30588058400962798,-0.074134574684583288,-0.14003993020354216,0.92840534545759246,0.069831895986292386,0.33701022534901681,0.71398555927463891,0.33801481948142187,-0.06629467479523253,0.28768081521441258,-0.18892360345192866,-0.55745851634721255,0.75550487964557456,-0.31971210276555118,-0.011631978863945423,-0.34469876601750515,-0.0026071820678080534,-0.0027136070241466632,0.0013289522799613909,0.084993468569059913,-0.031583795915314385,-0.082247078768765886
87.673,268566.358463346,2,777,1,778,268565820763708,268565.82126821304,4110645748fa88d1,0.83495097456710343,0.36103842286132937,0.047837295300309494,-0.025200408400250951,0.93412330221564788,0.016294775651135684,0.35568684143942297,0.83631498015828354,0.39399154844223067,0.055020049309961912,0.26303071692321345,-0.23998642481467247,-0.64270552469259024,0.67834428308135264,-0.24218714695616289,-0.14618979613375699,-0.35110052918971929,-0.002632352637351312,-0.0027176784782253151,0.0013146422696641621,0.088223107627013492,-0.03425450668039947,-0.081399404747002899
8.537,268566.358463346,1,792,1,793,268566320807583,268566.32131208805,4110645949060938,0.6919290756299975,0.30604042617190425,-0.10292469993849067,-0.1802838059694975,0.92072755748990187,0.081305128824251255,0.33637485551566382,0.68245322217862803,0.33752590650264258,-0.095293600300990267,0.29534434143464261,-0.18036152862015511,-0.52357278385698203,0.77853258055176344,-0.27676842655788242,-0.039723796109361359,-0.23532776729848548,-0.0026323836614701277,-0.0027179967536273397,0.0013145909376320103,0.089418446262684026,-0.034418876285963032,-0.081601482068558162
87.118,268566.458441012,2,780,1,781,268565920772458,268565.92127696308,41106457af633a6c,0.81302846538668527,0.34487891893201084,0.013500619353881242,-0.053352767655150513,0.93774930637110854,0.0045235230324721931,0.34316076631208203,0.81307844397016893,0.3781401646631069,0.019249357173910523,0.24584991216641827,-0.23945268471439518,-0.62536277314541311,0.7008149787459681,-0.27296210276617056,-0.18306774289239852,-0.29754923230415198,-0.0026410519259924513,-0.0027210820874107641,0.0013052370965651993,0.090122268825960042,-0.036502387085339892,-0.082852820360242468
7.841,268566.458441012,1,795,1,796,268566420908291,268566.42510501208,41106459b34eba71,0.67002259162700273,0.30314087539469464,-0.1231844880669187,-0.23685822808404017,0.90763551678739507,0.083182508340170241,0.33641740735830672,0.65700583764211395,0.33361396846364694,-0.11675676168238314,0.29670193788157384,-0.17906410956459226,-0.47431115688843245,0.80927926649230009,-0.17489665409846769,-0.043962344673433962,-0.20488269292887062,-0.0026411231691304245,-0.0027212431980982838,0.001305249372050229,0.090547449832547131,-0.037026892934978857,-0.08288459976357028
86.048,268566.558449096,2,783,1,784,268566020781333,268566.02128583804,4110645815cbf469,0.78500806637199771,0.32801269898080704,-0.014761691633830535,-0.0834374601041038,0.9360577191031435,0.042957216876465476,0.33910008476776454,0.78237982021897712,0.3608297223397397,-0.0073121109754981286,0.27015530160665263,-0.20940462451449984,-0.60289355087452112,0.72089193542421548,-0.36771649376982535,-0.17465698855449777,-0.25372518688109558,-0.0026336903277662136,-0.002709780392404393,0.0012969521559146105,0.088755106088352811,-0.041332513774920095,-0.084669662756427053
7.764,268566.558449096,1,798,1,799,268566520916416,268566.52511313703,4110645a19b74219,0.66705354341586187,0.2999940850749907,-0.1374080985404986,-0.28013076819943916,0.90133935502766915,0.045853906398138189,0.32712626349287255,0.65221771267037776,0.33014258492476845,-0.13419452811713795,0.26373680036099972,-0.1988895857703068,-0.43926079259047573,0.83542551367566276,0.038288714902212438,-0.073887020716501092,-0.19242214408131136,-0.0026338111499459517,-0.002709802752413061,0.0012970772878260839,0.088285080142343222,-0.042233896610487098,-0.084577161140726553
85.536,268566.658457137,2,786,1,787,268566120790041,268566.12129454606,411064587c34a332,0.75420815103578631,0.31545084893485759,-0.040740040648424743,-0.1178198942594893,0.92857110931949971,0.050217855980818155,0.34835669594110952,0.74912103093789006,0.34805353656057547,-0.033630404887287475,0.28183476097382154,-0.21081598986199213,-0.57328766677113718,0.73991015471707311,-0.33665100314509699,-0.099884342251358879,-0.27222752506680331,-0.0026053794215278314,-0.0026641303507176336,0.0012894098433306987,0.083531535285560468,-0.045049074506836102,-0.082293733951748257
8.351,268566.658457137,1,801,1,802,268566620924583,268566.62512130407,4110645a801fcc94,0.68441854165139238,0.29468333705342031,-0.14813810398205657,-0.30989129583228986,0.89228107711005955,0.036138458473128909,0.32633714043970286,0.66798735867394987,0.32410565489762577,-0.14621342463137174,0.25630894718650121,-0.2052014504503237,-0.41181175267849901,0.85006421444564628,0.1349731937099943,-0.11617884406003416,-0.08272735392035982,-0.0026055355499498617,-0.0026639633142652819,0.0012896118453579553,0.082293151314082255,-0.045431955676201154,-0.082095246829558738
84.604,268566.758465346,2,789,1,790,268566220798833,268566.22130333807,41106458e29d579e,0.72527509038014981,0.31246475401710044,-0.067856564885123066,-0.14003696616109756,0.92870547705893602,0.069654943780055822,0.33622020612777981,0.71856132688328134,0.34460427279773415,-0.060024728304600559,0.28699706317902446,-0.18849009961983393,-0.55767283732658102,0.75571500883602993,-0.30945177491521003,0.00053155148616621569,-0.3312606332468207,-0.0025208136056912751,-0.0026836454491277612,0.0013122271556746912,0.07366490382292129,-0.038063274488282048,-0.090111456772499987
8.234,268566.758465346,1,804,1,805,268566720932541,268566.72512926208,4110645ae6884908,0.71242994982502483,0.27923574798804879,-0.15168454102340775,-0.34080915229047254,0.8744259518465487,0.068549672335524614,0.33842188476438567,0.6934835166611496,0.30701162322449604,-0.14870219678058016,0.28777234011885494,-0.1908284663850362,-0.37732404748199011,0.85930096000846068,0.29714201741254193,-0.17215482874648855,-0.086177063844129931,-0.0025207404368466058,-0.0026832288564431141,0.0013124241362346171,0.070284534102380947,-0.036831447200108329,-0.090271484140895225
82.335,268566.858473304,2,792,1,793,268566320807583,268566.32131208805,4110645949060938,0.69991197019629203,0.31333429533787882,-0.094578993846240786,-0.1799929502682146,0.92122823630066131,0.081616789965955366,0.33508182180513779,0.69046745102163276,0.34482088028302638,-0.08691368380566819,0.29465040625482114,-0.17922683803859785,-0.5241324832630988,0.77868094789137643,-0.25769836035862637,-0.035618204107627553,-0.22292783324338786,-0.0024592482630117307,-0.0026912485115952022,0.0013359744448927877,0.065489457558022421,-0.025541646161089386,-0.092457818027895503
7.683,268566.858473304,1,807,1,808,268566820940500,268566.82513722108,4110645b4cf0c58d,0.75305970330564476,0.2584864233667219,-0.16451625311669163,-0.37219225471937545,0.85046738522701015,0.095647336902495161,0.35920717190498952,0.7316614208804687,0.28437199343464359,-0.16113812886235829,0.32163069907366515,-0.18636494162020104,-0.33819157905682329,0.86455089948674335,0.404848549841134,-0.23787873073232824,-0.16163759699536531,-0.0024588636691014821,-0.002690566421240713,0.0013361038223361991,0.06219719762274302,-0.023366241609098896,-0.09251511351363198
81.662,268566.958481387,2,795,1,796,268566420908291,268566.42510501208,41106459b34eba71,0.6796908031605654,0.30866372149949645,-0.11711154481163134,-0.23626573998872652,0.90815305770228982,0.083869399465721223,0.33526482210232023,0.66671287813442348,0.33913893230154912,-0.1106157045616797,0.29637264241274541,-0.17776340337598151,-0.47509606590798109,0.80922627083420506,-0.15336889643652979,-0.049941632408814322,-0.20144894634655566,-0.002466483252004663,-0.002697874885726296,0.0013865946631380903,0.065989554738694362,-0.017195052522819811,-0.091184488361093746
8.482,268566.958481387,1,810,1,811,268566920948666,268566.92514538707,4110645bb3594ff6,0.79586498767164515,0.22991175959759841,-0.19026832834423241,-0.38739519621391744,0.83785215999919394,0.1037292596443139,0.37036335380432595,0.77339466641482357,0.25489896813477358,-0.18709263564789838,0.3352340929606672,-0.18853877105976921,-0.31852116525062163,0.86638069115804806,0.46253190503939839,-0.28210311114653824,-0.26030588254710452,-0.0024661787805819544,-0.0026972917428971775,0.0013868414975508711,0.064938919876238343,-0.015618013936111527,-0.09142922227770639
81.351,268567.058489387,2,798,1,799,268566520916416,268566.52511313703,4110645a19b74219,0.67608962270221928,0.30183350115817859,-0.13494321210746801,-0.27945633859575153,0.90184103921153236,0.046684175812980733,0.32620167956904006,0.66128819428311747,0.3319904069007163,-0.13165084141805555,0.26367010993390305,-0.19764871710755666,-0.44009243060297315,0.83530336422113594,0.055891048535512133,-0.094518431367295333,-0.19636656408517994,-0.0024866012049527069,-0.0026908639066711634,0.0014105985684907407,0.064488585282105937,-0.020050684132111814,-0.094382465130438103
7.263,268567.058489387,1,813,1,814,268567020956666,268567.02515338705,4110645c19c1cf3b,0.83783090719406506,0.20323465264317422,-0.21457232797035888,-0.38737482089028652,0.83966240910258727,0.068507773768326286,0.37445230006777375,0.81601174920809638,0.22896867370120585,-0.21354985208569183,0.31322006367079203,-0.21633544345737268,-0.31981561216233584,0.86764632301151234,0.39149782737333244,-0.20371058154150046,-0.24266502380520791,-0.0024866556328681385,-0.002690660765452399,0.0014108362119069219,0.065070189259383251,-0.020686154870568012,-0.094773625566527991
80.527,268567.158497429,2,801,1,802,268566620924583,268566.62512130407,4110645a801fcc94,0.6880643757869005,0.29011968423113299,-0.14767791422750123,-0.30922113905043153,0.89263130328503859,0.036944535820600477,0.32592452814338441,0.67166138079637194,0.31955294591417321,-0.14568146387625996,0.25658716898492906,-0.20433970676196575,-0.41253327236748893,0.84983798935003174,0.14108520151194437,-0.14905653817417266,-0.085484567201008735,-0.0025219116305639569,-0.0026816047961478952,0.0014276804484011326,0.067010807236139378,-0.026562076886006036,-0.097504138788813019
7.241,268567.158497429,1,816,1,817,268567120964666,268567.12516138708,4110645c802a4e81,0.86429483203678192,0.18405662740342382,-0.23206913574136886,-0.39274023043640321,0.83802301185748163,0.068160332915675664,0.37259463928427716,0.84221323974963336,0.20957068094890041,-0.23117621597493188,0.3116608213921524,-0.21526755673160086,-0.31486246591114547,0.8702810115062426,0.16420797911964008,-0.18267764911004503,-0.16729673010172186,-0.0025221890421222659,-0.0026817686447501354,0.0014278394539032821,0.068853181127925212,-0.027638021342593459,-0.097898497945667282
80.230,268567.258505387,2,804,1,805,268566720932541,268566.72512926208,4110645ae6884908,0.71081217219092585,0.27366744148643929,-0.15605697387085404,-0.3401349123560875,0.87457041355510134,0.068720379580213514,0.33869218439965076,0.69189856051022725,0.30146326421041136,-0.15305223024520834,0.28808417906592348,-0.19089888883789358,-0.37790295695007725,0.85892635024241659,0.29320616039098102,-0.18997342421188398,-0.090313648508688352,-0.0025471810806963879,-0.0026726981085641033,0.0014395578480370511,0.070100347514762421,-0.032533381969769695,-0.09832142527612657
8.094,268567.258505387,1,819,1,820,268567220972750,268567.22516947106,4110645ce692d369,0.87780772877765967,0.17157480753629864,-0.24948993637299929,-0.39938248082871958,0.84125931795889342,0.071863173874879477,0.3572284022968274,0.85541773986058367,0.19680208160839782,-0.24821165973979081,0.30341355518834418,-0.20178368276330247,-0.31245409967078092,0.87726620560544244,0.020972860002486309,-0.12570943489770089,-0.16826976387684489,-0.0025474641754502456,-0.0026728838301214339,0.0014396770452532329,0.071554919053399793,-0.03273724991244565,-0.098823545135836049
80.021,268567.358513429,2,807,1,808,268566820940500,268566.82513722108,4110645b4cf0c58d,0.74687465717055312,0.25491155053111703,-0.16748953456982774,-0.37167097237207913,0.85035959532198857,0.095379370284250725,0.36007232034200731,0.72550097722255891,0.28082005862276455,-0.16413156406484339,0.32205297037608605,-0.18716617493832369,-0.3384839623589459,0.86410607824310814,0.39154666339915412,-0.23639428321738687,-0.15636059948001252,-0.0025859027933065088,-0.0026773679567253924,0.0014472734465059713,0.07836130630282051,-0.034797284267462036,-0.096528543943551315
7.906,268567.358513429,1,822,1,823,268567320980708,268567.32517742907,4110645d4cfb4fdd,0.87448778368777513,0.16425296753688789,-0.26503624350209737,-0.4145744034658253,0.83130755109840393,0.075911674244757921,0.3623441601620862,0.85119584609776699,0.18866375584759695,-0.2640564428491502,0.30989366415854303,-0.20253834775547927,-0.29467482679602186,0.88097155519097625,-0.020214565613766569,-0.080320586390686663,-0.14242473777879189,-0.0025859977766774086,-0.0026775385013598834,0.0014473571242703996,0.079725091432785389,-0.033963265517955116,-0.096964243260634894
81.145,268567.458521637,2,810,1,811,268566920948666,268566.92514538707,4110645bb3594ff6,0.79057045942214943,0.22994727980111107,-0.18710755345912528,-0.38711844833306985,0.83755905785924933,0.10332707927540657,0.37142657344220403,0.76811190344633107,0.25495014044411179,-0.18397208298177795,0.33570151829795059,-0.18957496531414877,-0.31850960104342052,0.8659777463548074,0.44721601173020475,-0.26977323420387389,-0.24578827345419332,-0.0026266338120895243,-0.002682362587160815,0.0014561157700773676,0.086762882109683886,-0.035530430851139445,-0.095820273722797
8.515,268567.458521637,1,825,1,826,268567420988875,268567.42518559605,4110645db363da57,0.86192955437316798,0.16047234545214042,-0.27761234369133447,-0.41902257477444549,0.82563108496288307,0.092236120840419045,0.36639588507132353,0.838077879997016,0.18429561945973363,-0.27590641374560149,0.32430179282093069,-0.19386022325828609,-0.28751562719269397,0.88010301961268689,-0.14356673544855289,-0.043428130561160891,-0.12720416924459424,-0.0026265894149177238,-0.0026824855630700689,0.0014562235120050354,0.087821054037065124,-0.034421204375377892,-0.096291771751457922
82.864,268567.558529596,2,813,1,814,268567020956666,268567.02515338705,4110645c19c1cf3b,0.83148498520166436,0.20651304664973275,-0.2096435564542381,-0.38731112381732374,0.83916428915729591,0.068164146181723034,0.37569547715974561,0.80966693851980953,0.23224981108117657,-0.20866746857122281,0.31385614120912758,-0.21745748377615839,-0.3195084288115827,0.8672490583986886,0.36953334263381921,-0.1869323836990586,-0.22776189822178639,-0.0026565733366854692,-0.0026941996717059296,0.0014494413321246638,0.093824247669222788,-0.042438925439761452,-0.099293729097820901
9.809,268567.558529596,1,828,1,829,268567520996833,268567.52519355406,4110645e19cc56cb,0.8439426092383765,0.15985544082492809,-0.2863069697762109,-0.38351232797808382,0.84531737833312448,0.08999777937007869,0.36091173034106061,0.82202406492943203,0.1853829502893079,-0.28360796479484501,0.31884116353508357,-0.19156508675279457,-0.32654547400409717,0.86891379513760036,-0.09967768248721795,-0.0012140095588154883,-0.096318036157159864,-0.0026565615556615923,-0.0026943719151033474,0.0014494991402484436,0.094965935834647172,-0.04285327641781185,-0.099641250460454925
87.657,268567.658537554,2,816,1,817,268567120964666,268567.12516138708,4110645c802a4e81,0.85771501113977411,0.18896061805027614,-0.22820166246398207,-0.39273423167261207,0.83760060863161834,0.067861007394201672,0.37360404251077062,0.83563245633053362,0.21447522279830136,-0.22734921327749807,0.31216292213918201,-0.21619296767940074,-0.31456802350013202,0.86997808556234391,0.14125144000605841,-0.16817295523907722,-0.15907152391389795,-0.0026588095334912354,-0.0026843272806164908,0.0014516396017233148,0.093912425687761467,-0.044067034133850817,-0.1003498371784233
11.269,268567.658537554,1,831,1,832,268567621004958,268567.62520167907,4110645e8034de74,0.82654730679801292,0.16071615580612841,-0.29763143815065679,-0.34150346926757147,0.86774157422623366,0.077135009501359236,0.35277497694606408,0.80726098368364096,0.18822987457337975,-0.29440746974336085,0.30399225862869889,-0.19490688496045069,-0.37210652263467281,0.85506534762061759,-0.14686240026654546,0.069025328040080422,-0.14485818905180955,-0.0026589316709418769,-0.0026844027973456997,0.0014516865002561904,0.094400003369715643,-0.044806843194522411,-0.10027743074773723
89.115,268567.758545721,2,819,1,820,268567220972750,268567.22516947106,4110645ce692d369,0.87017159711656733,0.1776352748400517,-0.24753413364981727,-0.39940014708620797,0.84094909136803053,0.071538760351479963,0.35800336201585181,0.84778101300807651,0.20286388616308423,-0.2462932202932307,0.30373213945003202,-0.20256105701739247,-0.31222224442037794,0.87705933421531124,-0.0025147827482664082,-0.10811465615853619,-0.16956200405190358,-0.0026528030220147746,-0.0026685240816228116,0.0014544966713540808,0.0946241519062863,-0.043163561832613995,-0.091533939732708403
8.414,268567.758545721,1,834,1,835,268567721012916,268567.72520963708,4110645ee69d5ae8,0.80366869150625153,0.17392373317526016,-0.3159097321444182,-0.31663909697799758,0.88371994363613915,0.057102559835138039,0.33987952918269737,0.78632087090843628,0.20273779759047331,-0.31305250195618284,0.28070871968550959,-0.19995350726902872,-0.40098670148423227,0.84878199489393724,-0.27188683349496984,0.13531672903037373,-0.12188342074396799,-0.0026529717703751856,-0.0026684337429524621,0.0014545144716773986,0.094500748502374818,-0.043326665490136189,-0.091248876966612089
89.606,268567.858553721,2,822,1,823,268567320980708,268567.32517742907,4110645d4cfb4fdd,0.86829629496148886,0.17027348358033539,-0.26419158159632139,-0.41463815896465239,0.83110655079185336,0.075541096570795746,0.36280944626984857,0.84500479187443478,0.19468605836906919,-0.26324657995778733,0.30996063313253691,-0.20312939268795949,-0.29448761617566177,0.88087450845933435,-0.033839991587111547,-0.062066139969492569,-0.14486142182014525,-0.0026545501335601533,-0.002655269665388961,0.0014389986104675885,0.096865390055177511,-0.041987318764907355,-0.085273497365216069
8.212,268567.858553721,1,837,1,838,268567821020916,268567.82521763706,4110645f4d05da2d,0.7737199251776784,0.19046568414188073,-0.32863504316193415,-0.28573282547926054,0.89915987765691852,0.057638318495891627,0.32641406879771601,0.75833262295217352,0.22026443951131891,-0.32481063985946318,0.27156604016084107,-0.1900531506003226,-0.43375841681741573,0.83784564307412901,-0.32290514508261797,0.17836078306959091,-0.054771244195371438,-0.0026545650090370409,-0.0026552399137485918,0.0014389208139498056,0.097743089124632518,-0.041066335612246194,-0.085302128941074168
89.244,268567.958561846,2,825,1,826,268567420988875,268567.42518559605,4110645db363da57,0.85877002621818377,0.16621495470954206,-0.27763972359974382,-0.41903585487597467,0.82557326509065398,0.091798267167313541,0.36662087727443493,0.83492398488038522,0.19004609378526813,-0.27596518639919981,0.32415127703604918,-0.19432892605977017,-0.28746535192044492,0.8800715252396305,-0.14606894463619871,-0.02600050394342731,-0.1301098079586816,-0.0026592361336215029,-0.0026435283717979995,0.0014445500036576046,0.098720049972133767,-0.039708299499643725,-0.082705662736622734
7.594,268567.958561846,1,840,1,841,268567921029041,268567.92522576207,4110645fb36e61d6,0.73846241860565065,0.21125236620037138,-0.33422761081389418,-0.26438583838791191,0.90838908442439337,0.051998377177143229,0.31972741787647369,0.72454743283709988,0.24173799073721738,-0.33018275981217815,0.26284982343092789,-0.18931301516215826,-0.45537905026262043,0.82927707866216616,-0.31222787667624247,0.23335200730964811,-0.025857192503783568,-0.0026590836535472558,-0.0026436382498681347,0.0014446006771563305,0.099572573025615466,-0.038446666529276141,-0.082811084180161643
87.992,268568.058569762,2,828,1,829,268567520996833,268567.52519355406,4110645e19cc56cb,0.84627239191284009,0.16505319925728179,-0.29130228261985408,-0.3834107261210189,0.84536561363527474,0.089629950835705102,0.3609982264555851,0.82436534615301715,0.19059276235181602,-0.288624034128035,0.31864223147853349,-0.19188634278434316,-0.32665142487263293,0.86887605928573552,-0.093554980282308298,0.013759137544307345,-0.10967814604479659,-0.0026635963903377654,-0.0026508789720811436,0.0014424627428431501,0.098976203023478926,-0.036842007041635254,-0.081018567898392818
7.642,268568.058569762,1,843,1,844,268568021037083,268568.02523380407,4110646019d6e3ed,0.70775826219898841,0.23578364889972123,-0.33758459670458418,-0.23293658117810201,0.91643442336352965,0.050455991866262345,0.32146966096458363,0.69579365142205185,0.2670036299896239,-0.33294543496250911,0.26299114421671943,-0.19163559811496741,-0.48330594627673473,0.81272800978694559,-0.26168250319327463,0.27785623622504263,-0.0088623985617062341,-0.0026634013353562976,-0.0026509262943927984,0.001442556900104092,0.099069448327796628,-0.036097151811615838,-0.081328713894939716
86.737,268568.158577887,2,831,1,832,268567621004958,268567.62520167907,4110645e8034de74,0.82995326434066441,0.16693871900745072,-0.30546058564747658,-0.34137760376251186,0.86776193045952077,0.076940947010805727,0.35288908679653391,0.81067663155902747,0.19446045456349176,-0.30224710582773823,0.30393572357622611,-0.19512479570676464,-0.37220991701466372,0.85499074130105424,-0.14286477206305978,0.082678081206679327,-0.16391585689577029,-0.0026597582376760875,-0.0026644640693284679,0.0014689553914035145,0.098120496599934381,-0.037217204869617264,-0.08118236120420648
9.017,268568.158577887,1,846,1,847,268568121045083,268568.12524180405,41106460803f6332,0.68174986635990809,0.26565655752530437,-0.34081817178773283,-0.19379002627272912,0.91989100475333585,0.039290571765633109,0.33867723465553923,0.6722475359500909,0.29770267031646164,-0.33611569119492973,0.26726359187973608,-0.21169833389376688,-0.51343091204935853,0.78749138816517172,-0.19129830778435117,0.34295298423143544,-0.07129659820589225,-0.0026596158870641948,-0.0026643750738453839,0.0014691209770893519,0.097361999298081342,-0.03745082651982521,-0.081093177056865667
84.650,268568.258585679,2,834,1,835,268567721012916,268567.72520963708,4110645ee69d5ae8,0.80475938952693937,0.17662375051317908,-0.3197314003577012,-0.31634533124016673,0.88380384359555419,0.05706802201637845,0.33994071766102496,0.78742882859754126,0.20544778734715785,-0.31687001774916129,0.28072756454711184,-0.20002119598103602,-0.40125375145267128,0.84863359738282873,-0.27502307291507189,0.13856519639693457,-0.13092855715545809,-0.0026467793023850525,-0.0026501446903604881,0.0015023973979887534,0.098621957608572355,-0.038650788089422149,-0.084812762580870657
9.433,268568.258585679,1,849,1,850,268568221053166,268568.22524988704,41106460e6a7e809,0.66094312367485131,0.30196924062005209,-0.34985705704214543,-0.14901448746794438,0.92713939171279858,0.047107651882046686,0.34057033518162994,0.65406854734797504,0.33442619905686988,-0.34364038580077882,0.2741297262759152,-0.20750944786528941,-0.55021738176245383,0.7609556853227426,-0.14767585764188515,0.40279223347103654,-0.14427660948001517,-0.0026468044616209845,-0.0026501001885039939,0.00150257967662413,0.098652156077850675,-0.039727391793335669,-0.084553272150136707
83.149,268568.358593887,2,837,1,838,268567821020916,268567.82521763706,4110645f4d05da2d,0.77333941231399472,0.19021375042157035,-0.32947389972898089,-0.2853036071153684,0.89931189016298207,0.057708237009996638,0.32635837444766502,0.75797725927983728,0.22002354179346409,-0.3256344278270264,0.27157609816343276,-0.18996432889463682,-0.43416940909606133,0.83764962893748895,-0.32468307123716933,0.17434062656938024,-0.057895240025442385,-0.0026260844636045899,-0.0026519917325353829,0.0015116120018929813,0.099868743179961139,-0.039179171610198668,-0.08252636779511302
7.260,268568.358593887,1,852,1,853,268568321061208,268568.32525792904,411064614d106a20,0.64614043328092685,0.34261413228056753,-0.37113390700645982,-0.077157864692248057,0.93444909524375575,0.09242800866977699,0.33512485544954573,0.64292348194286075,0.37449427359983206,-0.36051935258722784,0.30232552149075836,-0.17161258156460152,-0.60619642644612359,0.71531412223443736,-0.12107089805448497,0.38577086118640586,-0.19149737593300428,-0.002626152674231377,-0.0026520368525232625,0.001511714206102466,0.10029439314904576,-0.040075373806995059,-0.082053521730465942
85.780,268568.458601929,2,840,1,841,268567921029041,268567.92522576207,4110645fb36e61d6,0.73830373000621663,0.21000987821987843,-0.33387063910609499,-0.26391512973507353,0.90858718215073009,0.051964097802411152,0.3195589499300201,0.72442002587493382,0.24050838359516138,-0.32981541020559668,0.26270645942906451,-0.18921812951566083,-0.45585196777605341,0.82908431363253998,-0.31041104489872201,0.22888019357599812,-0.02600398979732987,-0.002615379849885469,-0.0026231707087784706,0.0015042382485895998,0.10119466118934931,-0.037186360558674865,-0.081788915328866382
11.470,268568.458601929,1,855,1,856,268568421069250,268568.42526597105,41106461b378ec37,0.62863017337489813,0.38647142267547102,-0.39752500601201934,-0.030898456154633047,0.93483119013689386,0.096722805165543296,0.34026560732446554,0.62809896950833422,0.41806268972103944,-0.38564769062198573,0.30899746155036895,-0.17221076233386687,-0.63917694892925703,0.68287396351691632,-0.18799003679066983,0.41774365178115508,-0.26966939016077823,-0.0026153812204987681,-0.0026231970148369952,0.0015042513204391976,0.10212240508141608,-0.036960989063004629,-0.081572131850468979
85.199,268568.558609846,2,843,1,844,268568021037083,268568.02523380407,4110646019d6e3ed,0.70828874580080703,0.23448924623673512,-0.33463070701172332,-0.23218561718657499,0.9168130332121176,0.050017849775735812,0.321001509685512,0.69638446617773486,0.26573323009860106,-0.32999793774682679,0.26235029804638266,-0.19161437841481385,-0.48410467557767983,0.81246471565447587,-0.25650278513748204,0.2752443588002651,-0.0058952372780622523,-0.0025623066317593192,-0.0025476879216736648,0.0014746026832703363,0.10632646442542878,-0.030398513736736986,-0.083432310095204784
7.397,268568.558609846,1,858,1,859,268568521077208,268568.52527392906,4110646219e168ab,0.60579439141999192,0.42364002050873989,-0.42803513796898707,-0.0111530399148424,0.93690098754747664,0.10555959539131521,0.33309063971616354,0.60643130340522466,0.45487051118011362,-0.41524405718920521,0.31017254756104645,-0.16088874009191279,-0.65460263402404995,0.67037541391365418,-0.27958184911604422,0.29506591419046513,-0.30089266052454738,-0.0025621286376703747,-0.0025478291946119803,0.0014745286075719456,0.10921531012372789,-0.029398590917409893,-0.083078441184452914
84.985,268568.658617887,2,846,1,847,268568121045083,268568.12524180405,41106460803f6332,0.68397944595916482,0.26543320832584494,-0.33731962040831931,-0.19313020312978718,0.9203050818163534,0.038517609968232558,0.33801734860337779,0.67454214370938448,0.29750272687255425,-0.33264583624608407,0.26625041547585904,-0.21177829051788585,-0.51419027414710639,0.7873176194502306,-0.18344166703594042,0.34473376352399027,-0.070596274550346075,-0.0025130645548604139,-0.0025110619570194379,0.0014461005204086019,0.11121693879670551,-0.025389884825414245,-0.082624213294900897
7.451,268568.658617887,1,861,1,862,268568621085208,268568.62528192904,411064628049e7f0,0.57786607048038652,0.44698501410468888,-0.45650051877774306,-0.0027050579743250203,0.94022605557864769,0.065539932481380236,0.33417393305760601,0.57986946551723606,0.47897787657821389,-0.4459267724670431,0.28264037733690739,-0.18995291841078726,-0.66292743727278725,0.66675296684530028,-0.31682517552277689,0.13976038042984748,-0.26988894180755252,-0.0025128266016097543,-0.0025113679104105681,0.0014460096159198241,0.11406717756875956,-0.024431146781373998,-0.082127418703935307
88.057,268568.758625846,2,849,1,850,268568221053166,268568.22524988704,41106460e6a7e809,0.66423820845247195,0.30321182800030555,-0.34864691060720321,-0.14855963509383485,0.92745131687575222,0.046265042174682885,0.34003483458503858,0.65741720800173409,0.33568771644872958,-0.34247021454027932,0.27315525516069245,-0.20772660679430296,-0.55075957534414699,0.76085462052520703,-0.14302296268570705,0.40967067810446417,-0.14849343727981004,-0.0025148238823645293,-0.0025106522789229242,0.0014595245893161285,0.11350170371808246,-0.025588792240822573,-0.084211854587440557
12.281,268568.758625846,1,864,1,865,268568721093166,268568.72528988705,41106462e6b26464,0.54272219724721793,0.45236724241752063,-0.47848660123681963,-0.013342454341791932,0.93364816005167717,0.049574171642438519,0.35449336645796548,0.54406744030045606,0.4847341209660061,-0.46900311843133591,0.28571888864624412,-0.21561042463141844,-0.65075438795800378,0.66962346734147449,-0.38702909451108308,-0.0056355911748124481,-0.220767659185126,-0.0025147597984718946,-0.002510968999697407,0.0014596163537541969,0.11434182047048046,-0.025396480761277505,-0.084166025108823359
90.089,268568.858633887,2,852,1,853,268568321061208,268568.32525792904,411064614d106a20,0.64945617118166377,0.34362583969216987,-0.37004437412357927,-0.0766900326541467,0.93469353131449573,0.091505816394935324,0.3348034948872553,0.64629362781717259,0.37552660959890161,-0.35947554491727302,0.30144619687025398,-0.17203743373159469,-0.60670007604250797,0.71515615743522931,-0.12065349172611992,0.3953988256401148,-0.19552192458093404,-0.0025406791173598372,-0.0025187439998067447,0.0014770020919121988,0.11112370848666876,-0.026126110767008402,-0.085332180387892975
11.078,268568.858633887,1,867,1,868,268568821101208,268568.82529792906,411064634d1ae67b,0.50090205697443035,0.44150148477907225,-0.50131139643624345,-0.0040049028713392554,0.90550711941490114,0.025174257513538051,0.42356478537886211,0.5022326371094652,0.47412413273858017,-0.49274673949151615,0.3173064117700467,-0.28170463631895776,-0.63745831361228733,0.64312210141823012,-0.43702126692612742,-0.14351968868723161,-0.35173799749060214,-0.002540714236803136,-0.0025188494546283299,0.0014772054201929617,0.11062256514724336,-0.025948320367881517,-0.08538176646603797
90.926,268568.958641804,2,855,1,856,268568421069250,268568.42526597105,41106461b378ec37,0.63136307508191147,0.38785486313000683,-0.3967615692642853,-0.030455192466101233,0.93506673581842814,0.096236733770544022,0.33979585798443812,0.63087908197740106,0.41945476997880282,-0.3849052380531221,0.30832159424501515,-0.17222230376931327,-0.63965693962519299,0.68272708470950161,-0.18734656107189893,0.43216040961795271,-0.2719691590594373,-0.0024984311479344171,-0.0025415180942869324,0.001511569063809594,0.11686754899341219,-0.03107839158125468,-0.085105418245132222
7.865,268568.958641804,1,870,1,871,268568921109208,268568.92530592903,41106463b38365c0,0.45383362329125249,0.42591906432700694,-0.54244279428128261,0.014662398944357058,0.90984329175666323,0.014267390207758079,0.41444745540506778,0.45673219344904725,0.4584874139879857,-0.53406056048788564,0.30314716646256679,-0.28297003026792394,-0.65372422574710087,0.63298846285476684,-0.54675412562496994,-0.14658035837403879,-0.4331776517699143,-0.0024984897092769505,-0.0025414168697920191,0.001511709724870287,0.11645618101842896,-0.031876990613319958,-0.085197101663827157
87.621,268569.058649929,2,858,1,859,268568521077208,268568.52527392906,4110646219e168ab,0.60820047131469601,0.42384124820787122,-0.42711167666133659,-0.010922788096282554,0.93699387159538983,0.10561748771925676,0.33281853432950304,0.60885587694990584,0.45506849886133599,-0.41431362165107744,0.31002107605863766,-0.16065539647635002,-0.65483112558039835,0.67027828023409786,-0.27633895589333529,0.29874775194205361,-0.29884822624194252,-0.0024971174705285984,-0.0025430028054200561,0.0015131917319136778,0.11690434783932389,-0.03253417584469101,-0.08616199842882824
7.555,268569.058649929,1,873,1,874,268569021117208,268569.02531392907,4110646419ebe506,0.39732058144408716,0.40881998269933684,-0.57972773700010494,0.0092668854601000716,0.9124244750275563,0.0098141101430492816,0.40902254052697118,0.40010955493684569,0.44150835597070526,-0.57178715568039173,0.29616222801846936,-0.28228298072082031,-0.65173419382168041,0.63862883907173307,-0.52533904295103606,-0.19205536899000278,-0.33110124225938897,-0.0024971725419787004,-0.0025429798194487692,0.0015132211522054621,0.11717819709717731,-0.03346157247680203,-0.086254906423525152
87.765,268569.158657971,2,861,1,862,268568621085208,268568.62528192904,411064628049e7f0,0.57802482891735907,0.44584034959401392,-0.45475914301250581,-0.002399738257828965,0.94023746873933933,0.065690933290466408,0.33411449853432218,0.58004481031912225,0.47782713107523023,-0.44417016583923513,0.28270512447680363,-0.18980411816422624,-0.66315140123211247,0.66654514353218508,-0.31816702325697616,0.1346773160907247,-0.26336529433874206,-0.0025015354327127415,-0.0025198438664332141,0.0015019669901443983,0.11757490079045012,-0.032249470995635354,-0.09023903564878348
7.456,268569.158657971,1,876,1,877,268569121125166,268569.12532188708,411064648054617a,0.34268389597374077,0.39336296757939659,-0.60348464273323488,-0.0099314602691307208,0.91030806504101369,-0.00083691516085071527,0.41381148558697822,0.3445338571637967,0.42637167623476491,-0.59667554966096015,0.29201711143643894,-0.29320068817597916,-0.63666238591672641,0.65070759134981049,-0.53882403962467462,-0.10549031212060057,-0.2176281026060117,-0.0025016525661274514,-0.002519979667617453,0.0015018942697624395,0.11862594432608513,-0.033018802321255716,-0.090393838657151435
88.146,268569.258665929,2,864,1,865,268568721093166,268568.72528988705,41106462e6b26464,0.54223230711807346,0.45166230160402232,-0.47733659551541252,-0.013157508681992724,0.9337258974963899,0.049572388474891954,0.35429572368745732,0.54359239833847917,0.48402764599865178,-0.46784999517304526,0.28557787321685302,-0.21547193098168863,-0.65094013295756536,0.66954765968760488,-0.38774923223818786,-0.0081678864652472392,-0.2161053132480171,-0.0024833982319898418,-0.0025057511120407908,0.001478849344269974,0.12057102743338803,-0.029846131779381932,-0.089470018001341078
7.870,268569.258665929,1,879,1,880,268569221133166,268569.22532988706,41106464e6bce0bf,0.29522630403164218,0.38315240663132782,-0.62686642510651158,-0.035337027716055791,0.89975808482572073,-0.018191931274504747,0.43457541360727026,0.29572932702194771,0.41651095644314901,-0.62173660305403566,0.29442757609795683,-0.32015485134761468,-0.61123797501994381,0.66121207754032096,-0.4054400908793529,-0.1271810298466535,-0.26132654763651658,-0.0024834623440081163,-0.0025059673734098317,0.0014787119878793503,0.12170103161763303,-0.030161570830325314,-0.089408356471400025
83.460,268569.358673887,2,867,1,868,268568821101208,268568.82529792906,411064634d1ae67b,0.50015861954626128,0.4428826590897959,-0.50148035874648433,-0.0039521017680438364,0.90564467969906115,0.025083819371744975,0.42327644659560942,0.50149986624799492,0.47550619332251609,-0.49292074290123611,0.31703857604491598,-0.28156469943710372,-0.63759291943665175,0.64318203520819273,-0.43444725970722958,-0.13980070828529303,-0.34980640405267449,-0.002473386774899596,-0.0025064169687670544,0.0014722062165354291,0.12155716036049825,-0.02696850898637709,-0.086399484144835809
7.440,268569.358673887,1,882,1,883,268569321141125,268569.32533784606,411064654d255d44,0.25337712481322744,0.37523783829321355,-0.65545520412429858,-0.042447278322126802,0.8885882532278675,0.0014662091877326588,0.45673520581578669,0.25256226106273011,0.4084204492600676,-0.64932240064977365,0.32399731907790968,-0.32192378621451101,-0.59831200527681294,0.65834152036863047,-0.46527542733315397,-0.025070891910718707,-0.25265996234003729,-0.0024733313675955131,-0.0025065383114777802,0.0014721463878038909,0.12175975342511602,-0.026724990736741026,-0.086206409337830706
84.105,268569.458681887,2,870,1,871,268568921109208,268568.92530592903,41106463b38365c0,0.45127472442946043,0.4275444216652764,-0.54391799461195844,0.014581730538671289,0.9098787011636934,0.014044522162113604,0.41438017195913968,0.45417574060378862,0.46011661798036613,-0.53555156859279451,0.30294199838076319,-0.2830800451905045,-0.65369222280309325,0.63307054226109982,-0.55024658626267353,-0.1405430363418069,-0.43615047544647018,-0.0024770911601794602,-0.00251369648240079,0.0014821219607571692,0.12063598235896929,-0.027064287057236576,-0.084750406324771876
11.441,268569.458681887,1,885,1,886,268569421149250,268569.42534597107,41106465b38de4ed,0.21020533437329289,0.37812980137147201,-0.68252433733467599,-0.060788896926525393,0.89188479818117106,0.0046968452073974654,0.44813414246335415,0.20832892134359249,0.41133485793215857,-0.67675682097924383,0.32019985359407632,-0.31355751157813549,-0.58767353195772243,0.67364201214561681,-0.41102742299129097,0.048934537997057062,-0.26132949751488249,-0.0024770608349433398,-0.0025136520501787721,0.0014821548392610743,0.12009636041890917,-0.027089463351961246,-0.08460352569191637
83.167,268569.558689971,2,873,1,874,268569021117208,268569.02531392907,4110646419ebe506,0.39581317122856291,0.41189422080852733,-0.58243351821085798,0.0092412712918268913,0.91250136562028428,0.0096281772935765952,0.408855974715438,0.39860836949906575,0.4445851588149643,-0.57450569436982368,0.29591297383154463,-0.28229667528431446,-0.65177045172816261,0.63870132088141229,-0.52517322135823852,-0.18219967131187037,-0.33853402713304936,-0.0024528589760696921,-0.0025164608311410547,0.0014956558079488684,0.12213573291545109,-0.029256015919180912,-0.081591183081577187
7.409,268569.558689971,1,888,1,889,268569521157125,268569.52535384608,4110646619f65bcf,0.17016395692528963,0.38426824884697863,-0.70665778683288993,-0.073896900416287714,0.88604146789115457,0.039599513994910129,0.45596238549906759,0.16636413088750418,0.41697620110984374,-0.69923403220202385,0.35041517030664793,-0.29441300204166998,-0.5742729156860511,0.67877891169158766,-0.49915064923590902,0.047454539799297139,-0.18194959463840621,-0.0024529773223656557,-0.0025163083672865467,0.0014957087596925958,0.12143583313545633,-0.029926962134203303,-0.081709035983137432
82.432,268569.658697929,2,876,1,877,268569121125166,268569.12532188708,411064648054617a,0.34291842444106352,0.39683772252841232,-0.609360950952611,-0.010093461077925914,0.91035834309189312,-0.00064023673784788238,0.41369729575602876,0.34475504464873624,0.42984576156764398,-0.60254500369900577,0.2920754396776985,-0.29298087113140237,-0.63658338599909325,0.65085769516699532,-0.53297107375753394,-0.10033469911006915,-0.22934072458459553,-0.0024704676585685943,-0.0025466448733467129,0.0015100689636917538,0.1176777488940297,-0.035846677726936289,-0.080566713044895585
7.185,268569.658697929,1,891,1,892,268569621165166,268569.62536188704,41106466805eddd4,0.12392052720580091,0.39071685547108892,-0.72507589971682285,-0.076649116771495829,0.88003376310763426,0.081809809191772664,0.46148964996113601,0.11862478872601295,0.422592536690923,-0.71531592775519259,0.38417072156066712,-0.26847418294475695,-0.56807871621100126,0.67647693380910079,-0.45468823199923025,0.1214635758061877,-0.13417128446364815,-0.0024707704207004794,-0.0025464076442637479,0.0015101281370490122,0.11678616510181786,-0.036930528423038143,-0.081004856265528502
82.364,268569.758706012,2,879,1,880,268569221133166,268569.22532988706,41106464e6bce0bf,0.29723555857855843,0.38401381257524309,-0.63195132846906932,-0.035716604041077515,0.89974111278089586,-0.017735151224191531,0.43459840288604779,0.29770243382680717,0.41737035367511194,-0.62680505357144356,0.29476682423493611,-0.31984811495960674,-0.61095757298601727,0.66146847747891357,-0.39615000679299012,-0.13207115210967305,-0.26715083966943359,-0.0024826578900838188,-0.0025589429988653674,0.0014643159754827624,0.1162331758792447,-0.040935900610613453,-0.08077598125317928
7.498,268569.758706012,1,894,1,895,268569721173208,268569.72536992904,41106466e6c75feb,0.081054107064282607,0.40150366020155392,-0.73420744869257248,-0.076148381841148194,0.87799740927531089,0.1014864064783646,0.46154364448165131,0.075213468118133592,0.43291551025012059,-0.72331967733229441,0.39812235645309585,-0.25459890783350314,-0.56699286970098628,0.67468294118827532,-0.42872925122374961,0.088736719883928838,-0.064781537190401708,-0.0024828946495951926,-0.0025589359203849723,0.0014641404868597071,0.11684350281091536,-0.041694712154108998,-0.081124816732391206
81.532,268569.858713887,2,882,1,883,268569321141125,268569.32533784606,411064654d255d44,0.25571936188174454,0.37417746364920013,-0.65689315860084141,-0.042898677166254617,0.88846090143335898,0.0017235544524028534,0.45693983487340911,0.25486692163145891,0.40735881645189242,-0.65075865586878912,0.3243239842452455,-0.32188651022802089,-0.59790276678650545,0.65857065622874333,-0.45826889022442446,-0.033386858202380021,-0.24664766531875107,-0.0025075229059460745,-0.0025349464367042333,0.0014173523927425249,0.11845382790442896,-0.042972403448189998,-0.085112809735853195
7.582,268569.858713887,1,897,1,898,268569821181166,268569.82537788706,411064674d2fdc5f,0.038314438676911852,0.40649940202988355,-0.74082271310098213,-0.068780649818878992,0.88015796859749829,0.096271496515385441,0.45969884130372374,0.033095601834226704,0.43804255818349636,-0.72999894324732995,0.39313038555074653,-0.2569819331311326,-0.57373038894451256,0.67100091415920282,-0.34764251352937026,-0.019408373944644175,-0.14236197159358621,-0.0025075588896320525,-0.0025352131089546306,0.0014171053584750061,0.12028409512861719,-0.043066807944709525,-0.085162905076178769
577.416,268569.892050054,3,885,1,886,268569421149250,268569.42534597107,41106465b38de4ed,0.21359277000726881,0.37644664676954642,-0.68244989843808479,-0.061322773833611954,0.89174217999568406,0.0048913090227869216,0.44834309421961738,0.21167565988869916,0.40965014189932286,-0.67668677845609682,0.32048511147283854,-0.3135677560991002,-0.58719517770305141,0.67391867383349724,-0.40385932351296117,0.04281259996539466,-0.25257561303126058,-0.0025075673664443185,-0.0025349800282777587,0.0014172214530862605,0.1193410301688245,-0.043085610495927962,-0.085233775995492395
559.360,268569.892050054,3,888,1,889,268569521157125,268569.52535384608,4110646619f65bcf,0.17037065308966431,0.38120505383895686,-0.70408424378342194,-0.074507687570192938,0.8858388211700301,0.039706725692172401,0.45624731949713482,0.16652662990792994,0.41391075828601365,-0.69667335083002835,0.35069245917965092,-0.29453867068239364,-0.57369773109227429,0.67906751055160486,-0.50003975886757657,0.042278184267970254,-0.17052232515958604,-0.0025075709545853775,-0.0025350792597203116,0.0014171556593134929,0.11987458722301751,-0.043082988772922472,-0.085229445878941296
545.619,268569.892050054,3,891,1,892,268569621165166,268569.62536188704,41106466805eddd4,0.12370206692356336,0.38974767165343094,-0.72135249701646542,-0.077226723812241604,0.87991131150863844,0.081737786300542792,0.46163958291240853,0.1183715214031914,0.42162434891311606,-0.71161475172796496,0.38422581229098013,-0.26863112942193862,-0.56758370001278224,0.67679877729989302,-0.4586117896786544,0.12547043860793367,-0.12589895156381437,-0.0025075656342995896,-0.0025351816976919021,0.0014171177322928072,0.12019401900622162,-0.043080277253474429,-0.085187729915896529
531.949,268569.892050054,3,894,1,895,268569721173208,268569.72536992904,41106466e6c75feb,0.079119189047890642,0.40220918893628749,-0.73099181179551154,-0.076368690348378676,0.87794284558942415,0.10133687063796151,0.46164388317685245,0.073267914309574869,0.43362443764940306,-0.72011956804380894,0.39808749810835786,-0.25477552509669749,-0.56679850571444468,0.67480014047227577,-0.43472358459461424,0.094122316755767862,-0.059712804734244188,-0.0025075594028018513,-0.0025352104574625873,0.0014171069687578222,0.12027610168619031,-0.04306846234278499,-0.085167111100924953
517.727,268569.892050054,3,897,1,898,268569821181166,268569.82537788706,411064674d2fdc5f,0.038314438676911852,0.40649940202988355,-0.74082271310098213,-0.068780649818878992,0.88015796859749829,0.096271496515385441,0.45969884130372374,0.033095601834226704,0.43804255818349636,-0.72999894324732995,0.39313038555074653,-0.2569819331311326,-0.57373038894451256,0.67100091415920282,-0.34764251352937026,-0.019408373944644175,-0.14236197159358621,-0.0025075588896320525,-0.0025352131089546306,0.0014171053584750061,0.12028409512861719,-0.043066807944709525,-0.085162905076178769
