recording_frame,t_ns,tx,ty,tz,qx,qy,qz,qw,engine_t
39,268541185450000,0.019471816,0.109745070,-0.147307548,-0.039250813,0.875810937,-0.004904955,0.481030737,268541.190954505
40,268541218786500,0.019439214,0.111235732,-0.151449346,-0.039598820,0.874686970,-0.004629405,0.483045815,268541.224291005
41,268541252123000,0.018353467,0.113045477,-0.156393015,-0.039316505,0.870451903,-0.005923568,0.490645148,268541.257627505
42,268541285459541,0.017284453,0.114103186,-0.159894482,-0.037778572,0.867411468,-0.007320679,0.496101387,268541.290964046
43,268541318796083,0.016399765,0.114649323,-0.163348335,-0.036343990,0.864269420,-0.006142232,0.501676998,268541.324300588
44,268541352132625,0.015019949,0.114943495,-0.167683217,-0.035125914,0.857586285,-0.002593977,0.513132788,268541.357637130
45,268541385469083,0.014084061,0.114745957,-0.170867913,-0.032872285,0.853027386,-0.001215900,0.520828443,268541.390973588
46,268541418805625,0.013771075,0.113979118,-0.174102988,-0.029669253,0.850072294,0.000231738,0.525829659,268541.424310130
47,268541452142125,0.014322089,0.112751353,-0.178128052,-0.030239125,0.846585461,0.002702844,0.531386301,268541.457646630
48,268541485478666,0.015308638,0.111866656,-0.180835845,-0.034679760,0.845217783,0.001761936,0.533292754,268541.490983171
49,268541518815083,0.016530874,0.110664936,-0.183504751,-0.038309116,0.845418917,-0.001061320,0.532727128,268541.524319588
50,268541552151666,0.017891623,0.108140687,-0.187138487,-0.042018831,0.843584486,-0.000381919,0.535349924,268541.557656171
51,268541585488125,0.018631280,0.105596994,-0.190295143,-0.043254048,0.841538662,0.001298340,0.538460895,268541.590992630
52,268541618824541,0.019456255,0.103039756,-0.193850507,-0.043495670,0.839390164,0.003372567,0.541775745,268541.624329046
53,268541652161083,0.020636876,0.099782559,-0.199671855,-0.043270821,0.836894706,0.003553516,0.545639361,268541.657665588
54,268541685497500,0.023249585,0.088021802,-0.197622441,-0.041420967,0.837330967,-0.000217476,0.545124904,268541.691002005
55,268541718834083,0.025374749,0.085477191,-0.204316539,-0.041026321,0.839135464,-0.001401007,0.542371279,268541.724338588
56,268541752170625,0.028621651,0.082660062,-0.214173471,-0.044227279,0.841200437,0.000621752,0.538911346,268541.757675130
57,268541785507083,0.031817397,0.071075491,-0.226784296,-0.046469163,0.843375206,0.004632496,0.535291950,268541.791011588
58,268541818843500,0.033979637,0.068893890,-0.234483293,-0.046160310,0.845199542,0.004923795,0.532431000,268541.824348005
59,268541852180000,0.036490845,0.066464666,-0.244069865,-0.043580621,0.846429402,0.004379113,0.530696593,268541.857684505
60,268541885516500,0.038634017,0.064794018,-0.250025396,-0.044782088,0.846194721,0.005529187,0.530960018,268541.891021005
61,268541918852958,0.040860648,0.064550286,-0.256033567,-0.045279270,0.847430901,0.003148941,0.528961995,268541.924357463
62,268541952189375,0.043587235,0.064498992,-0.263806850,-0.041767769,0.849035317,0.000369421,0.526682447,268541.957693880
63,268541985525958,0.044029680,0.067389655,-0.269131534,-0.038387826,0.848844108,0.000687555,0.527247225,268541.991030463
64,268542018862375,0.046711930,0.069254666,-0.276957748,-0.033766198,0.850622600,-0.001218698,0.524690008,268542.024366880
65,268542052198833,0.049004069,0.071472566,-0.282614478,-0.030398174,0.852648012,-0.005189292,0.521574964,268542.057703338
66,268542085535375,0.048395648,0.075253955,-0.288330862,-0.026909589,0.855078349,-0.009016400,0.517721594,268542.091039880
67,268542118871791,0.052148382,0.080065205,-0.295565641,-0.022439576,0.857814642,-0.008249230,0.513402872,268542.124376296
68,268542152208333,0.054992819,0.085115404,-0.299965335,-0.019300734,0.859585686,-0.008483156,0.510556578,268542.157712838
69,268542185544833,0.057474835,0.091121564,-0.307344135,-0.016301537,0.861027625,-0.010131131,0.508195928,268542.191049338
70,268542218881291,0.061091334,0.102058140,-0.311341783,-0.011474092,0.862623067,-0.012823462,0.505554548,268542.224385796
71,268542252217666,0.064016150,0.112275153,-0.313657744,-0.009210832,0.863480021,-0.013817901,0.504109644,268542.257722171
72,268542285554166,0.066478913,0.122989223,-0.321024891,-0.008428524,0.863978999,-0.016183113,0.503197187,268542.291058671
73,268542318890541,0.070022476,0.141434952,-0.321973999,-0.004669337,0.864401201,-0.028631163,0.501965209,268542.324395046
74,268542352227166,0.072593422,0.156622725,-0.322327937,0.000510820,0.863456320,-0.037462278,0.503030370,268542.357731671
75,268542385563583,0.074946094,0.171793588,-0.326305985,0.004460791,0.862210805,-0.040102384,0.504940077,268542.391068088
76,268542418900000,0.080262644,0.194144059,-0.328183038,0.007040249,0.862629870,-0.037427619,0.504400008,268542.424404505
77,268542452236416,0.084068602,0.211751537,-0.328693174,0.009245930,0.863150393,-0.037108748,0.503496679,268542.457740921
78,268542485572916,0.084266702,0.229401206,-0.328569471,0.016590447,0.862283966,-0.043412468,0.504288142,268542.491077421
79,268542518909333,0.087162263,0.252405090,-0.327567901,0.027200669,0.860870900,-0.049797239,0.505649785,268542.524413838
80,268542552245875,0.090400343,0.268723814,-0.327290601,0.030168011,0.860929449,-0.047880737,0.505566874,268542.557750380
81,268542585582416,0.093996631,0.282346294,-0.324805011,0.031240659,0.861198879,-0.041678785,0.505592172,268542.591086921
82,268542618918791,0.097639229,0.300098624,-0.323675864,0.035997940,0.860792914,-0.042328081,0.505913130,268542.624423296
83,268542652255333,0.100092815,0.311731265,-0.322956566,0.039557228,0.860202173,-0.042449111,0.506641464,268542.657759838
84,268542685591833,0.103887513,0.319956810,-0.319385330,0.042160625,0.860256807,-0.038120987,0.506682890,268542.691096338
85,268542718928250,0.107394311,0.331350259,-0.319332748,0.045730349,0.860104624,-0.035512614,0.506821150,268542.724432755
86,268542752264625,0.109738505,0.338741041,-0.319489410,0.048429100,0.859681877,-0.035479733,0.507289794,268542.757769130
87,268542785601250,0.112729031,0.345898308,-0.317738744,0.051384791,0.859447864,-0.033909240,0.507502896,268542.791105755
88,268542818937583,0.115751041,0.353061373,-0.319080254,0.054539323,0.859184441,-0.031349932,0.507784199,268542.824442088
89,268542852274083,0.118105808,0.357676297,-0.320334468,0.055347389,0.859606412,-0.030018102,0.507062570,268542.857778588
90,268542885610541,0.121606526,0.365411210,-0.321259078,0.055987681,0.859634085,-0.028734605,0.507019718,268542.891115046
91,268542918946958,0.124536963,0.370134978,-0.323548720,0.056592273,0.859081474,-0.023597192,0.508153088,268542.924451463
92,268542952283416,0.127000136,0.373349275,-0.325601172,0.053858369,0.858790487,-0.015427816,0.509254564,268542.957787921
93,268542985619875,0.128990303,0.378022131,-0.328110219,0.048613646,0.858698644,-0.006007762,0.510134603,268542.991124380
94,268543018956416,0.131248327,0.382230029,-0.330665990,0.043894613,0.860113536,-0.001675339,0.508207846,268543.024460921
95,268543052292750,0.132505744,0.385629810,-0.332403787,0.039837507,0.862011684,-0.003216285,0.505310339,268543.057797255
96,268543085629208,0.133184978,0.390055425,-0.335345441,0.032657681,0.864327400,-0.002073490,0.501863902,268543.091133713
97,268543118965708,0.134148618,0.393443356,-0.336632481,0.029020111,0.865563829,-0.002608304,0.499950338,268543.124470213
98,268543152302208,0.135167210,0.397015908,-0.337583640,0.026271565,0.866276798,-0.004592981,0.498851954,268543.157806713
99,268543185638625,0.137311059,0.402084099,-0.338720865,0.023241577,0.867400324,-0.005350235,0.497039169,268543.191143130
100,268543218975125,0.139430148,0.406311077,-0.339386104,0.020262765,0.868085206,-0.004496445,0.495981180,268543.224479630
101,268543252311583,0.141685199,0.410975643,-0.339865156,0.017003604,0.868563189,-0.002871133,0.495278381,268543.257816088
102,268543285648000,0.144844036,0.417860358,-0.339721524,0.010988377,0.869315573,-0.000313798,0.494135249,268543.291152505
103,268543318984500,0.147233311,0.423340288,-0.338540297,0.004654750,0.870136595,0.000880874,0.492787902,268543.324489005
104,268543352321000,0.149365288,0.428811495,-0.336311149,-0.002096823,0.870077759,0.003609204,0.492896868,268543.357825505
105,268543385657333,0.150552643,0.444483355,-0.333746751,-0.007065906,0.868584393,0.006625576,0.495446648,268543.391161838
106,268543418993750,0.151789466,0.449804419,-0.330013740,-0.007513396,0.867505008,0.008722131,0.497295273,268543.424498255
107,268543452330208,0.153767534,0.454678022,-0.326139082,-0.009005540,0.867274980,0.014217239,0.497544906,268543.457834713
108,268543485666666,0.156406491,0.464232754,-0.320420341,-0.015112217,0.867479529,0.020758194,0.496809861,268543.491171171
109,268543519003208,0.159627388,0.468043683,-0.314555632,-0.018426912,0.870917629,0.019931961,0.490678819,268543.524507713
110,268543552339625,0.163510433,0.470629181,-0.307542578,-0.025448450,0.873636911,0.024308813,0.485304090,268543.557844130
111,268543585676041,0.166654441,0.470996269,-0.296138843,-0.028748955,0.874474541,0.023939571,0.483626639,268543.591180546
112,268543619012500,0.170018893,0.470109359,-0.286663384,-0.026476472,0.879109921,0.021913169,0.475378386,268543.624517005
113,268543652349000,0.174314212,0.467812618,-0.276642039,-0.028928469,0.882182705,0.029523451,0.469089797,268543.657853505
114,268543685685375,0.179683280,0.463477382,-0.262116042,-0.029490445,0.882180726,0.038763001,0.468385487,268543.691189880
115,268543719021916,0.183549339,0.459943996,-0.251004356,-0.027131237,0.885700472,0.042586296,0.461503012,268543.724526421
116,268543752358333,0.187879850,0.456775165,-0.239423598,-0.028676127,0.889569721,0.046957518,0.453473743,268543.757862838
117,268543785694833,0.193694913,0.457031217,-0.223612625,-0.032320583,0.892231341,0.050069306,0.447629011,268543.791199338
118,268543819031250,0.198040465,0.455719700,-0.211318047,-0.037380723,0.895094457,0.055785713,0.440790883,268543.824535755
119,268543852367708,0.201530669,0.454635380,-0.198131240,-0.043056567,0.894645725,0.061638555,0.440404246,268543.857872213
120,268543885704166,0.202875921,0.457903320,-0.181042065,-0.037243163,0.893048783,0.060292827,0.444344063,268543.891208671
121,268543919040500,0.204892822,0.456322606,-0.168713851,-0.034906806,0.894368350,0.064277810,0.441310758,268543.924545005
122,268543952377083,0.207505003,0.455214685,-0.156408377,-0.039285215,0.895312835,0.069569924,0.438214192,268543.957881588
123,268543985713375,0.209284113,0.456140663,-0.141501485,-0.043777463,0.897326612,0.070771282,0.433451224,268543.991217880
124,268544019049916,0.211471243,0.455663310,-0.130652638,-0.048529843,0.898495707,0.075062786,0.429785935,268544.024554421
125,268544052386416,0.213431830,0.454638876,-0.120426184,-0.052962339,0.897866704,0.083557818,0.429008760,268544.057890921
126,268544085722791,0.213511767,0.451714959,-0.107674527,-0.052271841,0.899212734,0.088207585,0.425327626,268544.091227296
127,268544119059250,0.214939808,0.450189910,-0.099066346,-0.053789227,0.901898574,0.085802011,0.419909215,268544.124563755
128,268544152395708,0.216771500,0.447665370,-0.088264470,-0.055652157,0.904794463,0.083801017,0.413796157,268544.157900213
129,268544185732166,0.216902012,0.445286824,-0.078468124,-0.054257082,0.906799852,0.083696685,0.409591400,268544.191236671
130,268544219068541,0.217848452,0.442668156,-0.070340679,-0.055864957,0.906082901,0.085951565,0.410493928,268544.224573046
131,268544252405000,0.218512506,0.438625315,-0.058329509,-0.056084208,0.906085451,0.081567775,0.411352001,268544.257909505
132,268544285741541,0.218680535,0.437477685,-0.046653975,-0.054904160,0.906938064,0.073771663,0.411104216,268544.291246046
133,268544319077916,0.219795196,0.435169482,-0.035884900,-0.056154959,0.906528074,0.071728613,0.412199625,268544.324582421
134,268544352414416,0.222748756,0.433155321,-0.021377447,-0.061846064,0.907289690,0.071073554,0.409815917,268544.357918921
135,268544385750708,0.223312819,0.432581298,-0.011578339,-0.067404771,0.909426298,0.067015803,0.404857185,268544.391255213
136,268544419087208,0.226024805,0.430968005,-0.000697509,-0.070293734,0.909405339,0.066929114,0.404427086,268544.424591713
137,268544452423708,0.229048399,0.427851430,0.013339967,-0.069934386,0.907828488,0.068805294,0.407703940,268544.457928213
138,268544485760166,0.232590445,0.424269323,0.019816706,-0.070161081,0.907184345,0.069079248,0.409050240,268544.491264671
139,268544519096583,0.235056362,0.421548546,0.028699492,-0.070454745,0.907125226,0.069535601,0.409053549,268544.524601088
140,268544552433041,0.238591617,0.418448267,0.039652247,-0.075386759,0.906390158,0.071747004,0.409421712,268544.557937546
141,268544585769416,0.241900394,0.414061728,0.046629237,-0.080918873,0.904896563,0.075760832,0.410943665,268544.591273921
142,268544619105875,0.243564320,0.411296122,0.053534793,-0.083758676,0.904436168,0.076985624,0.411160515,268544.624610380
143,268544652442375,0.245484096,0.407117352,0.061791849,-0.087461225,0.902814847,0.083217811,0.412735673,268544.657946880
144,268544685778750,0.248705520,0.401972798,0.067065804,-0.089135527,0.901791894,0.087285267,0.413772369,268544.691283255
145,268544719115166,0.249396005,0.398084445,0.072166708,-0.088982631,0.902150808,0.085774154,0.413338674,268544.724619671
146,268544752451750,0.250390529,0.392993572,0.078027114,-0.092973521,0.901673555,0.088180197,0.412995194,268544.757956255
147,268544785788083,0.249799452,0.385442935,0.084060510,-0.096597780,0.900950256,0.094143792,0.412425150,268544.791292588
148,268544819124625,0.250131697,0.379990905,0.087148814,-0.097418437,0.901986709,0.095666930,0.409606538,268544.824629130
149,268544852460916,0.250919111,0.371911584,0.090246005,-0.099742089,0.903719014,0.096928613,0.404905368,268544.857965421
150,268544885797416,0.252395003,0.366492433,0.095830978,-0.105131343,0.902964149,0.103135350,0.403690845,268544.891301921
151,268544919133833,0.253591317,0.358601633,0.097349696,-0.108220487,0.902419233,0.107378723,0.402986001,268544.924638338
152,268544952470291,0.255545102,0.346927796,0.098046960,-0.111034503,0.903603891,0.110984748,0.398564657,268544.957974796
153,268544985806791,0.256903822,0.340958268,0.099906051,-0.116687507,0.903623246,0.116225412,0.395399497,268544.991311296
154,268545019143166,0.259081917,0.331247156,0.099603934,-0.122589599,0.904153604,0.119439358,0.391423483,268545.024647671
155,268545052479583,0.261753689,0.317219858,0.098512767,-0.127371217,0.905717868,0.121636514,0.385559761,268545.057984088
156,268545085816000,0.261901033,0.307789373,0.097741159,-0.131668318,0.904788217,0.125319232,0.385119306,268545.091320505
157,268545119152458,0.263623301,0.296367401,0.096950873,-0.137374859,0.903302057,0.128804436,0.385464670,268545.124656963
158,268545152488916,0.266319994,0.280394190,0.095218125,-0.144653147,0.902802254,0.131318940,0.383117405,268545.157993421
159,268545185825250,0.267214796,0.268982993,0.090213013,-0.151426105,0.903056037,0.132699190,0.379408628,268545.191329755
160,268545219161708,0.271088212,0.252553113,0.087926244,-0.165663284,0.902527805,0.133843502,0.374279585,268545.224666213
161,268545252498166,0.274350164,0.239977467,0.086265432,-0.178013486,0.900049765,0.138813714,0.372763229,268545.258002671
162,268545285834583,0.276076821,0.227638736,0.081733016,-0.189769365,0.896212391,0.147036526,0.373056634,268545.291339088
163,268545319171083,0.280652438,0.210368944,0.079798190,-0.206877856,0.891277900,0.156112819,0.372094207,268545.324675588
164,268545352507416,0.283800629,0.197056718,0.078373912,-0.217402760,0.890065852,0.158852748,0.367810653,268545.358011921
165,268545385843916,0.283539981,0.183015705,0.075998269,-0.225441409,0.890508141,0.158425533,0.362039813,268545.391348421
166,268545419180333,0.286973650,0.164311104,0.074689934,-0.235430904,0.889347247,0.159767175,0.357922152,268545.424684838
167,268545452516708,0.289230747,0.150170630,0.073927746,-0.240233248,0.887522419,0.161541845,0.358463705,268545.458021213
168,268545485853166,0.288871844,0.135970045,0.074117586,-0.246504319,0.885688122,0.164190757,0.357538277,268545.491357671
169,268545519189583,0.291920624,0.118458629,0.073198025,-0.257201946,0.883962943,0.165429156,0.353680537,268545.524694088
170,268545552526000,0.293866727,0.105701838,0.072934475,-0.263545752,0.882833844,0.163353134,0.352794342,268545.558030505
171,268545585862416,0.292699962,0.094934149,0.072896939,-0.268608984,0.881253563,0.163930861,0.352658612,268545.591366921
172,268545619198875,0.295266956,0.080024648,0.071763231,-0.276253306,0.878365134,0.169061580,0.351535259,268545.624703380
173,268545652535333,0.297114026,0.069188911,0.070815617,-0.280252680,0.876603911,0.171860932,0.351408441,268545.658039838
174,268545685871750,0.298703591,0.058837272,0.069820655,-0.282102128,0.875242115,0.174259292,0.352141140,268545.691376255
175,268545719208166,0.301198725,0.046649988,0.067071429,-0.289631334,0.871984833,0.177394403,0.352544212,268545.724712671
176,268545752544500,0.303953278,0.038471683,0.064365496,-0.298356507,0.869684509,0.179706262,0.349768440,268545.758049005
177,268545785880916,0.309383076,0.025870980,0.062824281,-0.308168528,0.866584373,0.182998856,0.347239333,268545.791385421
178,268545819217458,0.314585807,0.018113834,0.058683848,-0.325518513,0.859204627,0.188978971,0.346543083,268545.824721963
179,268545852553833,0.319499764,0.013044844,0.055517591,-0.339090660,0.853266846,0.194640239,0.345062956,268545.858058338
180,268545885890250,0.328372092,-0.001208999,0.053761297,-0.349813379,0.849301835,0.197898906,0.342276306,268545.891394755
181,268545919226625,0.337123850,-0.008184936,0.047471501,-0.359287107,0.848207814,0.198505604,0.334741479,268545.924731130
182,268545952563041,0.344971866,-0.012908012,0.041972173,-0.367784421,0.848386521,0.199794685,0.324125082,268545.958067546
183,268545985899458,0.354600919,-0.021842679,0.038352271,-0.380098208,0.846544851,0.202066298,0.313139636,268545.991403963
184,268546019235958,0.366571831,-0.027340969,0.032051984,-0.395928996,0.841197493,0.203566334,0.306900323,268546.024740463
185,268546052572291,0.376440393,-0.032189037,0.027870464,-0.401424831,0.838035378,0.205466438,0.307145580,268546.058076796
186,268546085908791,0.384998056,-0.032413379,0.026797183,-0.406003193,0.834760594,0.207454476,0.308705119,268546.091413296
187,268546119245125,0.400179261,-0.038384413,0.022251202,-0.414144843,0.829358230,0.209358228,0.311156167,268546.124749630
188,268546152581625,0.412707602,-0.042793109,0.018724680,-0.420387229,0.825273875,0.210833011,0.312645331,268546.158086130
189,268546185918041,0.421278355,-0.045951173,0.013566952,-0.426776450,0.821123958,0.212694483,0.313653338,268546.191422546
190,268546219254416,0.440611730,-0.051086235,0.008880108,-0.438541829,0.814278575,0.217610697,0.311892777,268546.224758921
191,268546252590833,0.455896014,-0.055041239,0.005842216,-0.446906570,0.809186069,0.221396526,0.310605949,268546.258095338
192,268546285927291,0.475237693,-0.062162878,0.001153018,-0.455341487,0.802980116,0.223228187,0.313139414,268546.291431796
193,268546319263708,0.491594778,-0.066141012,-0.000686405,-0.464144386,0.796985966,0.226695685,0.313037505,268546.324768213
194,268546352600041,0.508392972,-0.070011143,-0.001963806,-0.473205924,0.790399106,0.232313829,0.312050869,268546.358104546
195,268546385936500,0.530327953,-0.074228589,-0.003220891,-0.480337199,0.784389146,0.233461060,0.315445445,268546.391441005
196,268546419272875,0.546602355,-0.078101386,-0.003638031,-0.486420592,0.779841065,0.234081692,0.316936486,268546.424777380
197,268546452609375,0.562441971,-0.081045034,-0.004173357,-0.496946711,0.771984800,0.242379814,0.313584939,268546.458113880
198,268546485945666,0.584297867,-0.086398166,-0.002751264,-0.508776648,0.762151296,0.254625643,0.308929701,268546.491450171
199,268546519282208,0.599351163,-0.090580955,-0.000260199,-0.513561793,0.756580065,0.257456147,0.312341601,268546.524786713
200,268546552618625,0.613871119,-0.094897661,0.002566739,-0.517720129,0.751059989,0.259770668,0.316850145,268546.558123130
201,268546585954958,0.630852801,-0.100941537,0.005451996,-0.524522853,0.743792172,0.266261276,0.317417656,268546.591459463
202,268546619291458,0.645214054,-0.104764246,0.007441255,-0.528931802,0.741237051,0.266920071,0.315519433,268546.624795963
203,268546652627875,0.659382006,-0.108379178,0.009357822,-0.532644047,0.740383939,0.265161154,0.312748393,268546.658132380
204,268546685964125,0.668963328,-0.109391919,0.012974731,-0.537869414,0.737779948,0.263441264,0.311409691,268546.691468630
205,268546719300583,0.681284360,-0.111997513,0.015137783,-0.541053864,0.735755863,0.263514928,0.310618676,268546.724805088
206,268546752636958,0.693116576,-0.114165605,0.016737138,-0.544381731,0.733314813,0.266269401,0.308218388,268546.758141463
207,268546785973416,0.703841597,-0.114388387,0.018598994,-0.548370517,0.731510265,0.269950241,0.302174500,268546.791477921
208,268546819309875,0.714132739,-0.116194042,0.019739212,-0.552090506,0.731234185,0.270122742,0.295848607,268546.824814380
209,268546852646250,0.723766933,-0.117958910,0.021736270,-0.557811192,0.728740971,0.269457746,0.291849016,268546.858150755
210,268546885982583,0.739698880,-0.122636067,0.024768317,-0.563675158,0.724785633,0.267763871,0.291990865,268546.891487088
211,268546919319041,0.748916374,-0.124902918,0.027026722,-0.567139084,0.722289772,0.268158895,0.291104114,268546.924823546
212,268546952655416,0.758086462,-0.127177785,0.029423790,-0.571362240,0.718961982,0.268511989,0.290758017,268546.958159921
213,268546985991875,0.772395396,-0.132265650,0.032539540,-0.578226634,0.715213868,0.265812232,0.288906548,268546.991496380
214,268547019328250,0.781651964,-0.134172728,0.034849764,-0.585287706,0.712243961,0.262449177,0.285074245,268547.024832755
215,268547052664708,0.790836601,-0.135995381,0.037466556,-0.592980685,0.707662767,0.260090959,0.282736735,268547.058169213
216,268547086001041,0.804445168,-0.138820217,0.040183606,-0.603930884,0.699369459,0.260006703,0.280261333,268547.091505546
217,268547119337583,0.814139241,-0.140813099,0.043095129,-0.612359747,0.692560323,0.260279399,0.278622373,268547.124842088
218,268547152673833,0.824007536,-0.142806530,0.045922817,-0.621478003,0.685661331,0.258994764,0.276686459,268547.158178338
219,268547186010250,0.834371181,-0.144959939,0.047000495,-0.634238821,0.675928810,0.258036504,0.272540966,268547.191514755
220,268547219346708,0.845081423,-0.147428864,0.049320518,-0.642829036,0.667936992,0.259331943,0.270883741,268547.224851213
221,268547252683041,0.856307882,-0.149999484,0.051518073,-0.649721855,0.660399034,0.262124061,0.270232598,268547.258187546
222,268547286019541,0.871009688,-0.152965195,0.052887847,-0.661207639,0.648672776,0.266784582,0.266184388,268547.291524046
223,268547319355875,0.882212295,-0.154599951,0.055600177,-0.671295526,0.638588497,0.269949761,0.262095835,268547.324860380
224,268547352692291,0.896206471,-0.156361743,0.059705973,-0.684513337,0.624855817,0.274706195,0.255994646,268547.358196796
225,268547386028625,0.907261819,-0.157383885,0.062613131,-0.692509304,0.617268979,0.276312652,0.251119977,268547.391533130
226,268547419365083,0.917673519,-0.158020567,0.066321292,-0.700186350,0.612744176,0.274417499,0.242855387,268547.424869588
227,268547452701375,0.930283187,-0.157941952,0.072631533,-0.714333804,0.602205708,0.272873226,0.229381248,268547.458205880
228,268547486037833,0.938183515,-0.157388527,0.079674151,-0.724770745,0.593221594,0.270582449,0.222667237,268547.491542338
229,268547519374333,0.945976800,-0.157575385,0.086136814,-0.734796166,0.584879062,0.265577349,0.217852706,268547.524878838
230,268547552710708,0.955762895,-0.157759791,0.094658034,-0.750524757,0.568962438,0.263068643,0.209258873,268547.558215213
231,268547586047083,0.960280527,-0.158013598,0.103495488,-0.762308812,0.557139346,0.259617425,0.202681696,268547.591551588
232,268547619383375,0.967667208,-0.158676051,0.108903420,-0.774359440,0.546000634,0.254296801,0.193865820,268547.624887880
233,268547652719791,0.977599324,-0.160213914,0.115306569,-0.790556552,0.529684653,0.245642062,0.184701212,268547.658224296
234,268547686056291,0.982013118,-0.163659559,0.119329228,-0.801827240,0.517726745,0.241148611,0.175725622,268547.691560796
235,268547719392708,0.990049676,-0.165883732,0.121774427,-0.811421968,0.506130377,0.240794094,0.165664388,268547.724897213
236,268547752729166,1.001462158,-0.169813810,0.124036535,-0.818874224,0.496615146,0.235615878,0.165238049,268547.758233671
237,268547786065416,1.004688673,-0.174580384,0.121736312,-0.822798440,0.494219866,0.231091272,0.159205303,268547.791569921
238,268547819401875,1.013002341,-0.176284703,0.118478632,-0.828423477,0.490598646,0.228592924,0.144127855,268547.824906380
239,268547852738208,1.024256635,-0.178038155,0.113117051,-0.835565306,0.488203022,0.217470336,0.127260109,268547.858242713
240,268547886074666,1.028048578,-0.180635579,0.106021279,-0.838772727,0.490331249,0.205431496,0.117616037,268547.891579171
241,268547919411000,1.036528436,-0.182058420,0.102275467,-0.840721430,0.491156466,0.201262371,0.106987444,268547.924915505
242,268547952747416,1.048020898,-0.184507649,0.099318076,-0.841156753,0.492263101,0.200585251,0.099488528,268547.958251921
243,268547986083833,1.060120993,-0.188066998,0.100055104,-0.838982729,0.496915897,0.198361198,0.099173895,268547.991588338
244,268548019420250,1.069129343,-0.190507808,0.100724288,-0.836415511,0.501720931,0.195589672,0.102127050,268548.024924755
245,268548052756541,1.080562927,-0.193446134,0.102167731,-0.834342337,0.505952962,0.192816480,0.103471366,268548.058261046
246,268548086093000,1.088399242,-0.195991262,0.101414997,-0.832063103,0.510877379,0.189291593,0.104134737,268548.091597505
247,268548119429375,1.096344686,-0.198972988,0.103422028,-0.829054483,0.518195090,0.179520687,0.109155344,268548.124933880
248,268548152765791,1.105415100,-0.204446551,0.105637327,-0.824939661,0.528864267,0.161508799,0.117013264,268548.158270296
249,268548186102208,1.106877672,-0.209019141,0.101641414,-0.821190423,0.537522245,0.151041833,0.117909050,268548.191606713
250,268548219438541,1.112200964,-0.214776788,0.101802623,-0.815500981,0.548606075,0.140060094,0.119886394,268548.224943046
251,268548252774916,1.118251909,-0.222051775,0.100361907,-0.807538342,0.564547696,0.120435793,0.121090868,268548.258279421
252,268548286111333,1.120449461,-0.227432977,0.095211924,-0.806586828,0.569981289,0.113304084,0.108172353,268548.291615838
253,268548319447791,1.123362467,-0.232044675,0.092896118,-0.807409704,0.571836802,0.111058060,0.093586342,268548.324952296
254,268548352784083,1.128020452,-0.237739566,0.092498223,-0.805165995,0.576498965,0.105492488,0.090708606,268548.358288588
255,268548386120541,1.137943706,-0.241497212,0.094115262,-0.801318649,0.581749928,0.105028058,0.091785641,268548.391625046
256,268548419579625,1.142723111,-0.244968418,0.094927443,-0.799334425,0.583185092,0.113894011,0.089374674,268548.428776346
257,268548452885458,1.146135602,-0.247608598,0.096101812,-0.797886705,0.584547134,0.116045507,0.090636347,268548.462082179
258,268548486221500,1.156123810,-0.250993821,0.096506503,-0.793971515,0.590526635,0.111584346,0.091850494,268548.495418221
259,268548519557666,1.160188194,-0.253820203,0.096896340,-0.790087503,0.595795944,0.112074498,0.090709924,268548.528754387
260,268548552893875,1.164247143,-0.256533347,0.097028077,-0.786573320,0.599697079,0.118755566,0.086965479,268548.562090596
261,268548586230083,1.175222003,-0.261942876,0.100622717,-0.782282162,0.604259953,0.121962645,0.089608560,268548.595426804
262,268548619566291,1.178779274,-0.263740903,0.101488242,-0.779949925,0.606353081,0.124775298,0.091897955,268548.628763012
263,268548652902375,1.181584954,-0.264668378,0.101341217,-0.781411684,0.602555294,0.136189209,0.088178512,268548.662099096
264,268548686238500,1.189004611,-0.267061359,0.105885421,-0.784184777,0.594169173,0.154445754,0.090353704,268548.695435221
265,268548719574625,1.191743669,-0.268197824,0.106445716,-0.785096455,0.588629510,0.166354053,0.097289458,268548.728771346
266,268548752910916,1.194581191,-0.269594272,0.105861715,-0.787382594,0.582962320,0.176474553,0.095080859,268548.762107637
267,268548786247041,1.201790797,-0.273459469,0.110735608,-0.790507644,0.578235102,0.181334986,0.088653865,268548.795443762
268,268548819583083,1.205040744,-0.276292219,0.109194693,-0.791232085,0.577125922,0.182280596,0.087471683,268548.828779804
269,268548852919208,1.208359586,-0.279934640,0.107854344,-0.790948235,0.576981757,0.182563355,0.090352731,268548.862115929
270,268548886255458,1.209184984,-0.284867441,0.114067705,-0.791259765,0.576171807,0.183639696,0.090612077,268548.895452179
271,268548919591583,1.212189428,-0.289974177,0.112576604,-0.790204061,0.575647328,0.190785666,0.088366160,268548.928788304
272,268548952927625,1.215853806,-0.296150308,0.111703445,-0.785883105,0.577753636,0.200468305,0.091656932,268548.962124346
273,268548986263916,1.211880593,-0.301258948,0.113690091,-0.781004503,0.580670544,0.207851544,0.098241917,268548.995460637
274,268549019600083,1.214847986,-0.307945434,0.113734249,-0.779346434,0.580888635,0.212945411,0.099206025,268549.028796804
275,268549052936208,1.218140926,-0.315075643,0.114880325,-0.775073758,0.584079436,0.216627756,0.105756090,268549.062132929
276,268549086272333,1.210103078,-0.319986463,0.120171647,-0.768972012,0.588291884,0.221559730,0.116215504,268549.095469054
277,268549119608416,1.209710841,-0.324515739,0.123903190,-0.769650557,0.574831290,0.250240468,0.120775695,268549.128805137
278,268549152944666,1.208363195,-0.329410352,0.128645544,-0.769960912,0.559477033,0.276003095,0.134044725,268549.162141387
279,268549186280750,1.202250234,-0.333510850,0.131910615,-0.771054434,0.542090004,0.302769064,0.141224764,268549.195477471
280,268549219444291,1.199579377,-0.337155743,0.134532050,-0.770570358,0.535355481,0.314411415,0.144087986,268549.225298660
281,268549252761208,1.196841479,-0.340485832,0.136472914,-0.770625894,0.528929899,0.325355658,0.143222354,268549.258615577
282,268549286087833,1.195157861,-0.342623870,0.136841611,-0.769989891,0.523838737,0.334092391,0.145226969,268549.291592338
283,268549319424166,1.191413279,-0.347512237,0.138489847,-0.766326782,0.527135855,0.333513803,0.153751912,268549.324928671
284,268549352760500,1.188253723,-0.351041230,0.138782798,-0.765837689,0.530987614,0.327900569,0.155003412,268549.358265005
285,268549386096916,1.188292620,-0.354766686,0.138140185,-0.764942617,0.531449420,0.330427693,0.152452944,268549.391601421
286,268549419433291,1.185209767,-0.359464262,0.140031853,-0.758884435,0.530355540,0.342372924,0.159994529,268549.424937796
287,268549452769666,1.182557842,-0.362816252,0.141947747,-0.756115422,0.528808042,0.347858289,0.166271428,268549.458274171
288,268549486106041,1.181380618,-0.367693056,0.144643893,-0.755064193,0.526512101,0.351786297,0.170028014,268549.491610546
289,268549519442416,1.178181953,-0.372359134,0.148093786,-0.752753326,0.525202108,0.354826078,0.177830491,268549.524946921
290,268549552778875,1.175595963,-0.375906768,0.151217149,-0.751392691,0.524562687,0.354087172,0.186722629,268549.558283380
291,268549586115208,1.175219041,-0.384887816,0.154453374,-0.748838397,0.524731437,0.353265141,0.197741670,268549.591619713
292,268549619451583,1.173539434,-0.389222313,0.157132278,-0.744126616,0.528814733,0.352404707,0.206013431,268549.624956088
293,268549652787875,1.171818893,-0.393624855,0.159551554,-0.738146189,0.533039262,0.353853434,0.214002685,268549.658292380
294,268549686124375,1.169242459,-0.398738741,0.160435229,-0.731650421,0.535055014,0.359508898,0.221714227,268549.691628880
295,268549719460750,1.166736905,-0.402535828,0.162147959,-0.728839712,0.536073382,0.361057324,0.225955008,268549.724965255
296,268549752797000,1.164185017,-0.406268046,0.163703709,-0.725966648,0.537350667,0.362961748,0.229097160,268549.758301505
297,268549786133458,1.161132402,-0.409378238,0.163451253,-0.719710154,0.541740369,0.363789783,0.237047913,268549.791637963
298,268549819469833,1.158718391,-0.413379242,0.164677754,-0.714806717,0.546466485,0.363296747,0.241746280,268549.824974338
299,268549852806125,1.156108437,-0.417310674,0.165831826,-0.709885516,0.551426287,0.362333713,0.246385751,268549.858310630
300,268549886142625,1.153491139,-0.419357341,0.165440388,-0.703956274,0.556070934,0.361517118,0.254039579,268549.891647130
301,268549919478916,1.149803014,-0.423198337,0.166787500,-0.698496755,0.559291559,0.362028470,0.261210022,268549.924983421
302,268549952815333,1.145707428,-0.427202623,0.168078670,-0.691773185,0.563654281,0.361780469,0.269923428,268549.958319838
303,268549986151750,1.137176116,-0.428430592,0.168001094,-0.681656076,0.571860696,0.357144139,0.284197916,268549.991656255
304,268550019488041,1.130918894,-0.431544950,0.168283652,-0.676754255,0.576407137,0.353160580,0.291609583,268550.024992546
305,268550052824500,1.124052033,-0.434300927,0.168377551,-0.672740790,0.579416264,0.350697994,0.297838200,268550.058329005
306,268550086160875,1.114820711,-0.438827817,0.167855151,-0.661439997,0.586720115,0.349395379,0.310128295,268550.091665380
307,268550119497208,1.107089945,-0.441812822,0.167277359,-0.651840929,0.594946124,0.347403571,0.316943724,268550.125001713
308,268550152833625,1.098294655,-0.444076568,0.166552339,-0.645479645,0.601713400,0.343093651,0.321844390,268550.158338130
309,268550186169916,1.086983933,-0.447916910,0.166575640,-0.636085199,0.609982607,0.339427717,0.328794338,268550.191674421
310,268550219506250,1.077407602,-0.449714250,0.165978607,-0.625666757,0.617765665,0.338518926,0.335129352,268550.225010755
311,268550252842708,1.067562367,-0.451116809,0.165243355,-0.615559847,0.626051596,0.337330299,0.339637744,268550.258347213
312,268550286179083,1.053708670,-0.453953486,0.165325440,-0.602530119,0.635249662,0.337707803,0.345497925,268550.291683588
313,268550319515416,1.043278015,-0.455363433,0.164448919,-0.591472053,0.640334089,0.340316407,0.352587381,268550.325019921
314,268550352851875,1.032493505,-0.456681849,0.162757078,-0.582205375,0.643511839,0.344091427,0.358511586,268550.358356380
315,268550386188125,1.018014525,-0.457243628,0.158271330,-0.574888291,0.645344435,0.345895697,0.365226277,268550.391692630
316,268550419524583,1.006548789,-0.458339701,0.154461991,-0.570459495,0.646111910,0.345763865,0.370894551,268550.425029088
317,268550452861000,0.995019876,-0.459484962,0.149230472,-0.566191076,0.646182735,0.347348622,0.375798517,268550.458365505
318,268550486197291,0.980692701,-0.461455848,0.140489817,-0.565379669,0.645518380,0.347501032,0.378014466,268550.491701796
319,268550519533708,0.969671275,-0.463034121,0.134099196,-0.564365953,0.644533103,0.348481392,0.380301094,268550.525038213
320,268550552870125,0.958827237,-0.465743445,0.127410782,-0.559041055,0.643706379,0.351248685,0.386962027,268550.558374630
321,268550586206333,0.944597726,-0.470008580,0.118062534,-0.552865419,0.642933492,0.352545262,0.395838661,268550.591710838
322,268550619542833,0.933341375,-0.473019675,0.110169722,-0.549133081,0.640572393,0.353119427,0.404260549,268550.625047338
323,268550652879250,0.918733609,-0.476873899,0.098538340,-0.547533300,0.639078010,0.349343469,0.412002156,268550.658383755
324,268550686215500,0.907344250,-0.480142469,0.089658086,-0.544412666,0.638828653,0.349107870,0.416697192,268550.691720005
325,268550719551916,0.897940656,-0.483596387,0.079106058,-0.540438524,0.634891310,0.358795823,0.419648468,268550.725056421
326,268550752888208,0.886498302,-0.488038051,0.064100601,-0.535997248,0.628476207,0.375255895,0.420603939,268550.758392713
327,268550786224625,0.877076552,-0.491113103,0.054059661,-0.533278119,0.628147201,0.382685584,0.417848465,268550.791729130
328,268550819561000,0.869561889,-0.494474425,0.043599360,-0.529585772,0.629020097,0.383157950,0.420788148,268550.825065505
329,268550852897375,0.859630627,-0.498766947,0.029239817,-0.522740675,0.633085574,0.377651404,0.428163887,268550.858401880
330,268550886233791,0.853092093,-0.500780219,0.018310445,-0.519881348,0.633132206,0.387701536,0.422557174,268550.891738296
331,268550919570208,0.849025447,-0.503681648,0.007397285,-0.517227405,0.631149616,0.403287634,0.414107608,268550.925074713
332,268550952906500,0.844822405,-0.508908535,-0.006028536,-0.512301378,0.632948129,0.413038384,0.407827549,268550.958411005
333,268550986242916,0.836152426,-0.516085000,-0.013955965,-0.502612587,0.636722143,0.417597900,0.409362367,268550.991747421
334,268551019579291,0.833555509,-0.522927209,-0.022464650,-0.487611047,0.647591451,0.408480917,0.419528514,268551.025083796
335,268551052915666,0.829122318,-0.530250695,-0.033588136,-0.478879370,0.663542622,0.375369794,0.435296806,268551.058420171
336,268551086252041,0.823122310,-0.534839488,-0.042128531,-0.480999313,0.664296828,0.365550234,0.440139143,268551.091756546
337,268551119588416,0.820449421,-0.537203238,-0.051492177,-0.487489676,0.661900432,0.365233435,0.436859502,268551.125092921
338,268551152924708,0.816599549,-0.540930967,-0.063317536,-0.494104012,0.661424342,0.356969961,0.436980052,268551.158429213
339,268551186261041,0.810571977,-0.545428749,-0.073270117,-0.493573845,0.662120479,0.352422287,0.440204403,268551.191765546
340,268551219597458,0.808290096,-0.548664751,-0.082201461,-0.492888581,0.661675904,0.353902183,0.440453338,268551.225101963
341,268551252933791,0.805368876,-0.551830265,-0.093697334,-0.492555723,0.660728080,0.355617343,0.440866899,268551.258438296
342,268551286270166,0.807255552,-0.552064895,-0.103292330,-0.491035285,0.661209951,0.355656394,0.441808026,268551.291774671
343,268551319606500,0.805505702,-0.552234316,-0.111306026,-0.490813601,0.660605482,0.357187790,0.441723151,268551.325111005
344,268551352942916,0.803183775,-0.550809478,-0.121282876,-0.491233694,0.659680637,0.357245980,0.442590417,268551.358447421
345,268551386279250,0.805481164,-0.547617587,-0.130242253,-0.491015709,0.660369048,0.355087482,0.443541685,268551.391783755
346,268551419615666,0.804623125,-0.544701259,-0.137775450,-0.490095356,0.660024714,0.355000082,0.445139207,268551.425120171
347,268551452951916,0.804415847,-0.540052556,-0.149027828,-0.485263095,0.659815107,0.360567428,0.446267785,268551.458456421
348,268551486288375,0.807970715,-0.536413897,-0.158826932,-0.481361147,0.658471072,0.366102423,0.447969153,268551.491792880
349,268551519624708,0.808087077,-0.531983930,-0.168814038,-0.478050252,0.658163708,0.366932956,0.451274583,268551.525129213
350,268551552961125,0.808135442,-0.525067966,-0.183634363,-0.477268592,0.658391995,0.365079206,0.453268021,268551.558465630
351,268551586297500,0.809073073,-0.520874627,-0.196314679,-0.477885873,0.657638998,0.362461162,0.455804783,268551.591802005
352,268551619633791,0.808715178,-0.515453869,-0.209781993,-0.476940337,0.656921476,0.360140774,0.459652875,268551.625138296
353,268551652970125,0.807950835,-0.507586226,-0.229942652,-0.477089623,0.657102107,0.355183396,0.463084356,268551.658474630
354,268551686306458,0.807839411,-0.501440364,-0.244133991,-0.479519409,0.656941407,0.349895789,0.464824821,268551.691810963
355,268551719642875,0.806582166,-0.495134207,-0.260983515,-0.479912817,0.657008840,0.345544509,0.467570441,268551.725147380
356,268551752979250,0.804191610,-0.486599656,-0.284498512,-0.477823121,0.656042589,0.343788660,0.472337376,268551.758483755
357,268551786315583,0.798581103,-0.490386188,-0.296129939,-0.476403470,0.654633990,0.345469950,0.474494088,268551.791820088
358,268551819651958,0.795586247,-0.481925422,-0.319798800,-0.475471993,0.654844701,0.344445651,0.475880288,268551.825156463
359,268551852988375,0.793074366,-0.475413320,-0.337187335,-0.477473007,0.653364690,0.344411136,0.475936058,268551.858492880
360,268551886324583,0.786034544,-0.473869530,-0.354334793,-0.479284566,0.651679868,0.343411434,0.477145989,268551.891829088
361,268551919661000,0.783101803,-0.467153578,-0.375957825,-0.479030246,0.654811214,0.337213250,0.477534894,268551.925165505
362,268551952997333,0.781437518,-0.462523313,-0.392001541,-0.477798325,0.657858030,0.335613346,0.475705065,268551.958501838
363,268551986333708,0.778340279,-0.460022587,-0.408070887,-0.479861042,0.658954456,0.335281390,0.472333408,268551.991838213
364,268552019670083,0.776795853,-0.454758253,-0.426948176,-0.481668253,0.660821744,0.334597411,0.468353437,268552.025174588
365,268552053006375,0.775968849,-0.451967171,-0.440026164,-0.478661561,0.664958773,0.332831125,0.466836627,268552.058510880
366,268552086342750,0.774470358,-0.449409312,-0.452413609,-0.475477262,0.668985115,0.329613017,0.466621476,268552.091847255
367,268552119679166,0.773571225,-0.445823417,-0.467443832,-0.474708343,0.673557855,0.323706976,0.464957689,268552.125183671
368,268552153015458,0.773178674,-0.442627580,-0.477571648,-0.478032121,0.674938756,0.320091393,0.462043851,268552.158519963
369,268552186351833,0.772299574,-0.439362228,-0.487348201,-0.479779919,0.675951566,0.319230496,0.459339365,268552.191856338
370,268552219688291,0.772563209,-0.436394242,-0.499424681,-0.476740394,0.679545539,0.318476152,0.457722023,268552.225192796
371,268552253024500,0.772894493,-0.433941660,-0.508392228,-0.475926232,0.681441650,0.317002136,0.456772590,268552.258529005
372,268552286360875,0.772803926,-0.431301108,-0.519786195,-0.475450357,0.682718472,0.316810502,0.455492705,268552.291865380
373,268552319697333,0.773943407,-0.428742382,-0.532874611,-0.471231419,0.686374416,0.317548065,0.453866049,268552.325201838
374,268552353033583,0.775134118,-0.427108260,-0.543756842,-0.467064027,0.689858193,0.319234386,0.451703805,268552.358538088
375,268552386370000,0.775861749,-0.424113073,-0.559185465,-0.463981518,0.693379278,0.319936656,0.448984317,268552.391874505
376,268552419706333,0.777963093,-0.421629669,-0.576124351,-0.461912769,0.697050880,0.319305153,0.445870987,268552.425210838
377,268552453042666,0.779789123,-0.419845794,-0.589724483,-0.460043120,0.699248630,0.320793238,0.443287078,268552.458547171
378,268552486378916,0.782316446,-0.416691888,-0.602328585,-0.459127054,0.700585308,0.322134028,0.441148837,268552.491883421
379,268552519715458,0.785092123,-0.414086291,-0.619654266,-0.459337722,0.699689654,0.322578264,0.442025522,268552.525219963
380,268552553051750,0.787230167,-0.412273378,-0.632460204,-0.459036222,0.697602827,0.321657684,0.446287385,268552.558556255
381,268552586388000,0.788726401,-0.411154097,-0.642775143,-0.458277556,0.696015508,0.321005847,0.449999327,268552.591892505
382,268552619724458,0.792346678,-0.408080256,-0.662306567,-0.454086765,0.692961013,0.327715405,0.454106718,268552.625228963
383,268552653060750,0.794784439,-0.405490740,-0.677238573,-0.450531054,0.690764843,0.329334030,0.459787832,268552.658565255
384,268552686397166,0.796480716,-0.402309883,-0.692319809,-0.448814483,0.688974333,0.324531289,0.467503395,268552.691901671
385,268552719733500,0.798413696,-0.396000816,-0.713081113,-0.451663599,0.684101652,0.318687689,0.475860414,268552.725238005
386,268552753069833,0.800054613,-0.390715667,-0.729170044,-0.454161578,0.681236434,0.316479319,0.479056444,268552.758574338
387,268552786406166,0.801032319,-0.385617576,-0.744859135,-0.455301804,0.678221558,0.316969677,0.481919145,268552.791910671
388,268552819742583,0.802516099,-0.379750016,-0.765146518,-0.453055209,0.674555769,0.318431269,0.488177297,268552.825247088
389,268552853078958,0.803699050,-0.375724131,-0.780311079,-0.448878417,0.674901915,0.317970639,0.491843774,268552.858583463
390,268552886415250,0.805552158,-0.371044182,-0.799360756,-0.446121876,0.672314373,0.328661588,0.490866855,268552.891919755
391,268552919751625,0.806719490,-0.366873440,-0.814109267,-0.445790408,0.669227072,0.335649050,0.490658544,268552.925256130
392,268552953088000,0.807545807,-0.363894370,-0.828676823,-0.440435311,0.669825225,0.337716822,0.493252780,268552.958592505
393,268552986424333,0.806640778,-0.361577598,-0.845613908,-0.430540196,0.671593489,0.346933389,0.493188202,268552.991928838
394,268553019760583,0.807332081,-0.358594084,-0.860176760,-0.429495625,0.669120012,0.356208008,0.490843993,268553.025265088
395,268553053096958,0.807884600,-0.356009040,-0.873792734,-0.429855653,0.667775234,0.360129859,0.489496571,268553.058601463
396,268553086433333,0.807176773,-0.353858956,-0.888854325,-0.427727362,0.667410428,0.363194912,0.489593845,268553.091937838
397,268553119769666,0.807695964,-0.352299126,-0.900559175,-0.429242919,0.664224016,0.367589654,0.489320828,268553.125274171
398,268553153106041,0.808076371,-0.351213118,-0.911328941,-0.431309635,0.661278468,0.369086745,0.490364980,268553.158610546
399,268553186442375,0.807180373,-0.351972251,-0.922958468,-0.432701548,0.658887614,0.366071354,0.494599130,268553.191946880
400,268553219901541,0.807415184,-0.351601215,-0.932346856,-0.435265024,0.654791964,0.366681848,0.497329186,268553.229098262
401,268553253207208,0.808043881,-0.351343287,-0.944464836,-0.437225662,0.648690846,0.370889231,0.500474913,268553.262403929
402,268553286543416,0.807599978,-0.352019556,-0.950883745,-0.436747629,0.645343321,0.371355662,0.504854962,268553.295740137
403,268553319879583,0.808144327,-0.352063699,-0.959043129,-0.436496567,0.641255035,0.372850258,0.509161532,268553.329076304
404,268553353215625,0.809109893,-0.352237216,-0.969578705,-0.434015943,0.635258700,0.380058943,0.513450872,268553.362412346
405,268553386551666,0.809121471,-0.353570485,-0.977440207,-0.430239124,0.631441239,0.385489549,0.517275670,268553.395748387
406,268553419887875,0.809266690,-0.353425391,-0.984873219,-0.429353864,0.627637835,0.387871548,0.520847121,268553.429084596
407,268553453223875,0.809132967,-0.352951211,-0.994141531,-0.432076723,0.622173075,0.386763542,0.525950935,268553.462420596
408,268553486560000,0.808090059,-0.353337860,-1.004909078,-0.432048137,0.619194532,0.386288186,0.529824527,268553.495756721
409,268553519896208,0.808231495,-0.353440152,-1.012507162,-0.429893379,0.617548133,0.387882584,0.532328039,268553.529092929
410,268553553232250,0.808952107,-0.353327648,-1.023406531,-0.426316820,0.618049908,0.391261915,0.532148895,268553.562428971
411,268553586568333,0.808618224,-0.349161026,-1.031137415,-0.425449933,0.618863361,0.393489253,0.530251597,268553.595765054
412,268553619904541,0.809168088,-0.348008631,-1.039561045,-0.426710060,0.619182156,0.395523833,0.527345175,268553.629101262
413,268553653240625,0.809512680,-0.346699844,-1.050741304,-0.427587777,0.620040012,0.398603874,0.523291583,268553.662437346
414,268553686576708,0.809244372,-0.342708158,-1.052889189,-0.426004745,0.621806268,0.399730656,0.521624748,268553.695773429
415,268553719912750,0.809074242,-0.342059478,-1.060419602,-0.424079425,0.623635534,0.399436065,0.521235307,268553.729109471
416,268553753248916,0.809080014,-0.340845792,-1.070601376,-0.421327824,0.624903577,0.401386579,0.520449087,268553.762445637
417,268553786585041,0.811103232,-0.338971171,-1.075097842,-0.418426493,0.625076852,0.406156689,0.518878595,268553.795781762
418,268553819921166,0.812397719,-0.337240964,-1.085427270,-0.414470442,0.626973949,0.411693774,0.515389377,268553.829117887
419,268553853257250,0.813144479,-0.335908841,-1.092632550,-0.413728446,0.628131780,0.412038798,0.514298865,268553.862453971
420,268553886593291,0.814494680,-0.332376186,-1.098913004,-0.413878990,0.629619295,0.410022239,0.513970370,268553.895790012
421,268553919929500,0.815541588,-0.331044389,-1.108599470,-0.411876811,0.633515303,0.408566810,0.511946354,268553.929126221
422,268553953265583,0.816443563,-0.330187486,-1.116005258,-0.410716377,0.635271724,0.409930270,0.509606829,268553.962462304
423,268553986601666,0.816488571,-0.329556360,-1.124079834,-0.412254821,0.635905614,0.409326226,0.508057188,268553.995798387
424,268554019937833,0.816997236,-0.328367544,-1.133118966,-0.416086865,0.638430113,0.403885648,0.506117721,268554.029134554
425,268554053273875,0.817342630,-0.327924904,-1.139676142,-0.417072775,0.639921559,0.401882202,0.505016285,268554.062470596
426,268554086610000,0.817340097,-0.328819297,-1.146761544,-0.416693054,0.641970215,0.400232586,0.504038761,268554.095806721
427,268554119946166,0.817900758,-0.328613398,-1.155939975,-0.414768733,0.648339772,0.395408927,0.501272652,268554.129142887
428,268554153282250,0.818401427,-0.327938831,-1.162943326,-0.413730760,0.653574963,0.393923456,0.496478589,268554.162478971
429,268554186618333,0.817406499,-0.328173823,-1.168340205,-0.412251179,0.657145591,0.394608937,0.492435252,268554.195815054
430,268554219954500,0.816731105,-0.327075405,-1.174458977,-0.407119186,0.662692512,0.393056088,0.490509498,268554.229151221
431,268554253290541,0.815678846,-0.325424402,-1.178201727,-0.404402241,0.665601257,0.393395113,0.488542867,268554.262487262
432,268554286626625,0.814201543,-0.321917185,-1.178824975,-0.406052987,0.665145635,0.396569298,0.485216550,268554.295823346
433,268554319962833,0.810689381,-0.317673171,-1.181170481,-0.409568491,0.664211482,0.397771419,0.482550215,268554.329159554
434,268554353298916,0.807201021,-0.314285893,-1.182464436,-0.411726187,0.664382650,0.396540856,0.481490025,268554.362495637
435,268554386634958,0.804265154,-0.310906877,-1.191042661,-0.415605496,0.662959403,0.396724857,0.479964939,268554.395831679
436,268554419971083,0.798175952,-0.305491150,-1.192072218,-0.423286877,0.661748597,0.391909971,0.478877481,268554.429167804
437,268554453307208,0.792850242,-0.301520853,-1.192559928,-0.429550933,0.661841035,0.384142734,0.479465174,268554.462503929
438,268554486643250,0.788214320,-0.298864678,-1.191318056,-0.435649738,0.661242765,0.376278911,0.481021357,268554.495839971
439,268554519979333,0.779903940,-0.294060858,-1.191060096,-0.443616673,0.662084554,0.362705521,0.483004191,268554.529176054
440,268554553315375,0.773606490,-0.290815326,-1.191008753,-0.446246795,0.663620084,0.357401715,0.482427455,268554.562512096
441,268554586651583,0.767257148,-0.288966106,-1.183902132,-0.447455480,0.665064230,0.354260008,0.481635820,268554.595848304
442,268554619987791,0.757892079,-0.284952302,-1.182115632,-0.448614067,0.668532796,0.347940509,0.480361088,268554.629184512
443,268554653323791,0.750631334,-0.282188130,-1.180354145,-0.447005739,0.671068395,0.347762031,0.478450312,268554.662520512
444,268554686659875,0.742964500,-0.280269506,-1.177844456,-0.443179760,0.673568810,0.351294523,0.475908572,268554.695856596
445,268554719995958,0.732233906,-0.277337397,-1.174358832,-0.436659922,0.678278975,0.352230177,0.474552104,268554.729192679
446,268554753332166,0.723480381,-0.274799204,-1.171386212,-0.435108203,0.679460080,0.351838387,0.474578396,268554.762528887
447,268554786668208,0.714737035,-0.272736312,-1.166811411,-0.436345105,0.678656754,0.353881503,0.473070707,268554.795864929
448,268554820004291,0.704176925,-0.269745912,-1.163942292,-0.436857697,0.678176946,0.358467873,0.469821477,268554.829201012
449,268554853340333,0.696960382,-0.268270270,-1.162737522,-0.436010986,0.677771065,0.364685341,0.466396247,268554.862537054
450,268554886676458,0.689715541,-0.267523536,-1.159025890,-0.437881956,0.677339637,0.367213357,0.463276174,268554.895873179
451,268554920012500,0.683705373,-0.266927464,-1.158583928,-0.439974522,0.678820617,0.363486660,0.462063297,268554.929209221
452,268554953348750,0.678555664,-0.266488550,-1.159015720,-0.440268176,0.680114002,0.365573945,0.458218966,268554.962545471
453,268554986684833,0.674663307,-0.265824123,-1.161038920,-0.437620330,0.682316435,0.374101336,0.450534098,268554.995881554
454,268555020020916,0.671247455,-0.265772565,-1.162224826,-0.434748131,0.685428914,0.377186620,0.445995037,268555.029217637
455,268555053356916,0.667999216,-0.265411732,-1.163262930,-0.434115753,0.686635216,0.379291555,0.442960001,268555.062553637
456,268555086693083,0.657154317,-0.258964719,-1.170140336,-0.438872047,0.685860248,0.377437688,0.441053163,268555.095889804
457,268555120029250,0.653572177,-0.257851857,-1.170478745,-0.441683907,0.685708457,0.375282738,0.440320518,268555.129225971
458,268555153365375,0.650083456,-0.256704695,-1.170948025,-0.444745016,0.684827706,0.373900555,0.439785529,268555.162562096
459,268555186701416,0.638550957,-0.252511231,-1.176265068,-0.451884145,0.681358030,0.372291205,0.439262184,268555.195898137
460,268555220037500,0.634325367,-0.251491600,-1.177126958,-0.456716756,0.679489093,0.372217435,0.437216893,268555.229234221
461,268555253373583,0.630040198,-0.251314759,-1.178402894,-0.459731791,0.679344241,0.371452932,0.434926263,268555.262570304
462,268555286709750,0.620203423,-0.252467145,-1.182893414,-0.461648119,0.680060133,0.370145728,0.432887310,268555.295906471
463,268555320045750,0.615155170,-0.253112956,-1.184378267,-0.464492047,0.680745802,0.367747888,0.430806030,268555.329242471
464,268555353381875,0.609929770,-0.253545517,-1.185665578,-0.467838095,0.681197745,0.366516606,0.427507637,268555.362578596
465,268555386718000,0.601626333,-0.254948684,-1.187208046,-0.469600100,0.683530865,0.365680792,0.422538655,268555.395914721
466,268555420054166,0.595832374,-0.255185565,-1.187508755,-0.469282261,0.685488679,0.367133771,0.418440291,268555.429250887
467,268555453390083,0.589749899,-0.254919235,-1.187072401,-0.469622973,0.687810485,0.366028304,0.415203966,268555.462586804
468,268555486726250,0.582777445,-0.253925656,-1.185175906,-0.472526154,0.689735714,0.362878389,0.411464465,268555.495922971
469,268555520062416,0.577088529,-0.252529768,-1.183413332,-0.474279781,0.690401257,0.364536058,0.406839415,268555.529259137
470,268555553398500,0.571955166,-0.251188311,-1.180745206,-0.475993987,0.691388174,0.365110249,0.402624734,268555.562595221
471,268555586734583,0.566230953,-0.250011019,-1.177224775,-0.476405510,0.694312323,0.362262587,0.399667437,268555.595931304
472,268555620070708,0.562483956,-0.249799137,-1.172511272,-0.478087259,0.695269134,0.359499862,0.398488778,268555.629267429
473,268555653406791,0.559825970,-0.250400913,-1.166689583,-0.480668099,0.695633956,0.356141287,0.397762509,268555.662603512
474,268555686742875,0.556860120,-0.253258412,-1.160189649,-0.479941826,0.699145281,0.353345053,0.394967145,268555.695939596
475,268555720078916,0.557029284,-0.257304388,-1.152622218,-0.480186264,0.702976918,0.347288057,0.393237414,268555.729275637
476,268555753415125,0.558217996,-0.261886963,-1.144311131,-0.480438562,0.707663975,0.339771126,0.391083267,268555.762611846
477,268555786751125,0.555913877,-0.265550341,-1.135154695,-0.482550167,0.710891298,0.337015073,0.384967261,268555.795947846
478,268555820087208,0.557794210,-0.269354617,-1.125446943,-0.487405136,0.710794521,0.337804582,0.378279658,268555.829283929
479,268555853423375,0.559746207,-0.273471236,-1.114654659,-0.493150224,0.710340783,0.335535033,0.373677834,268555.862620096
480,268555886759416,0.559456881,-0.276123317,-1.099918260,-0.498642842,0.710609086,0.331179547,0.369743429,268555.895956137
481,268555920095625,0.561331325,-0.280790771,-1.088854188,-0.501405640,0.711279332,0.330137714,0.365627186,268555.929292346
482,268555953431583,0.563114878,-0.285490194,-1.078421465,-0.505604433,0.712061282,0.329527247,0.358810165,268555.962628304
483,268555986767666,0.574073081,-0.295032222,-1.065597885,-0.508405973,0.714881617,0.328669198,0.349920351,268555.995964387
484,268556020103750,0.575709358,-0.301695592,-1.055723690,-0.511578872,0.716668762,0.323210119,0.346710565,268556.029300471
485,268556053440000,0.576779852,-0.310856301,-1.043458578,-0.517203541,0.719653704,0.314446887,0.340179735,268556.062636721
486,268556086775916,0.577559531,-0.317467490,-1.036271085,-0.518410928,0.724032555,0.308522313,0.334426383,268556.095972637
487,268556120112083,0.576437066,-0.323329639,-1.027961864,-0.520386159,0.727335414,0.298771806,0.333041892,268556.129308804
488,268556153448041,0.573292732,-0.328410658,-1.017869658,-0.521182856,0.731858885,0.282667563,0.335931698,268556.162644762
489,268556186784250,0.567775285,-0.327518705,-1.013664685,-0.515649223,0.736291442,0.280525070,0.336580643,268556.195980971
490,268556220120333,0.563648330,-0.327173956,-1.010829551,-0.511346690,0.739281292,0.285289433,0.332562364,268556.229317054
491,268556253456375,0.555545415,-0.324446281,-1.009616464,-0.515082177,0.738930246,0.286411861,0.326558939,268556.262653096
492,268556286792500,0.546956644,-0.321098145,-1.011747828,-0.521749817,0.735110558,0.286660377,0.324369352,268556.295989221
493,268556320128708,0.538251564,-0.318002652,-1.012147806,-0.527192857,0.732828913,0.282849519,0.324076656,268556.329325429
494,268556353464750,0.525510425,-0.313602864,-1.013358216,-0.528701912,0.733043338,0.271258969,0.330968847,268556.362661471
495,268556386800750,0.518865245,-0.314396642,-1.013257788,-0.525592827,0.735512113,0.262355764,0.337555357,268556.395997471
496,268556420136833,0.511236905,-0.308979284,-1.017250258,-0.519358687,0.740697874,0.255630853,0.341007528,268556.429333554
497,268556453473125,0.501962322,-0.302066619,-1.025991335,-0.488316953,0.761107055,0.268367876,0.332026113,268556.462669846
498,268556486809000,0.494208630,-0.300864201,-1.027689934,-0.471736510,0.770302708,0.273644715,0.330479994,268556.496005721
499,268556520145125,0.484759958,-0.292704261,-1.030286060,-0.468100474,0.773353345,0.266995007,0.333946508,268556.529341846
500,268556553481250,0.471779082,-0.281153803,-1.032861365,-0.465709467,0.776008815,0.256660462,0.339190907,268556.562677971
501,268556586817291,0.463367973,-0.276312666,-1.029580714,-0.459694977,0.779014796,0.259027538,0.338705276,268556.596014012
502,268556620153333,0.455192306,-0.268107183,-1.030505009,-0.451514562,0.782128630,0.263866205,0.338798001,268556.629350054
503,268556653489416,0.444216405,-0.256633102,-1.029511093,-0.444364950,0.784711265,0.263306458,0.342691967,268556.662686137
504,268556686825541,0.434794781,-0.247242733,-1.027325104,-0.440570239,0.786376931,0.260163700,0.346156163,268556.696022262
505,268556720161583,0.427463481,-0.237980578,-1.026120753,-0.432956166,0.789424443,0.262880948,0.346773221,268556.729358304
506,268556753497666,0.419626553,-0.225046141,-1.025291148,-0.421858781,0.793561458,0.275687054,0.341016250,268556.762694387
507,268556786833791,0.415285362,-0.214767275,-1.025223169,-0.416972466,0.794539458,0.289823612,0.332931433,268556.796030512
508,268556820169833,0.411234631,-0.204910663,-1.022709006,-0.415740320,0.794149540,0.296950928,0.329099824,268556.829366554
509,268556853505958,0.406446078,-0.194093061,-1.017173007,-0.408074726,0.800038515,0.289950851,0.330668943,268556.862702679
510,268556886842041,0.408063626,-0.191430960,-1.012072394,-0.396754135,0.806603756,0.283477499,0.334091452,268556.896038762
511,268556920178166,0.406094733,-0.184642791,-1.007094208,-0.389608545,0.811196001,0.276606424,0.337127823,268556.929374887
512,268556953514125,0.404896260,-0.174493865,-1.000719918,-0.388082026,0.813996658,0.268358680,0.338800021,268556.962710846
513,268556986850208,0.399362154,-0.162042561,-0.993402904,-0.385717467,0.816691926,0.265080298,0.337592687,268556.996046929
514,268557020186375,0.398355575,-0.154283700,-0.989466006,-0.381158949,0.820513709,0.261095960,0.336606687,268557.029383096
515,268557053522458,0.396524960,-0.142631510,-0.984551663,-0.380652955,0.823857048,0.252900698,0.335267328,268557.062719179
516,268557086858666,0.391817946,-0.129204380,-0.979936996,-0.383457507,0.824054539,0.253294357,0.331264967,268557.096055387
517,268557120194541,0.389818488,-0.116247822,-0.977863954,-0.385001735,0.824393241,0.259192718,0.323988637,268557.129391262
518,268557153530708,0.387961574,-0.106903668,-0.976518567,-0.386118893,0.825959276,0.255552063,0.321553526,268557.162727429
519,268557186866791,0.384732195,-0.094127550,-0.974929275,-0.389849551,0.827140416,0.250317846,0.318114900,268557.196063512
520,268557220202916,0.382243599,-0.081496376,-0.974601271,-0.390316875,0.827778528,0.252955392,0.313765946,268557.229399637
521,268557253539041,0.380093134,-0.072957766,-0.974171872,-0.387719382,0.830314361,0.250610454,0.312163733,268557.262735762
522,268557286875041,0.379082717,-0.069244191,-0.975438938,-0.383987509,0.834143439,0.242693694,0.312822857,268557.296071762
523,268557320211083,0.375470903,-0.059465255,-0.973677867,-0.380025299,0.837815524,0.228982286,0.318140042,268557.329407804
524,268557353547166,0.372759917,-0.051973392,-0.971792620,-0.377903555,0.840100214,0.214451283,0.324701761,268557.362743887
525,268557386883250,0.370087396,-0.047550602,-0.971558398,-0.369687514,0.843599855,0.196964278,0.335969571,268557.396079971
526,268557420219458,0.365136856,-0.039163006,-0.969544426,-0.351541095,0.850031935,0.176926799,0.350087888,268557.429416179
527,268557453555416,0.361107086,-0.031631816,-0.969256046,-0.341719358,0.852940955,0.172326241,0.354997643,268557.462752137
528,268557486891625,0.351631502,-0.016118990,-0.968932371,-0.336049644,0.853811327,0.171692709,0.358606360,268557.496088346
529,268557520227583,0.342340155,-0.003297260,-0.968154871,-0.327956072,0.855771078,0.162261641,0.365748396,268557.529424304
530,268557553563666,0.334127291,0.006572783,-0.967726820,-0.320118545,0.857318832,0.156075557,0.371710923,268557.562760387
531,268557586899708,0.326701115,0.017005284,-0.968877534,-0.313678177,0.858260060,0.152400625,0.376523270,268557.596096429
532,268557620235833,0.315137174,0.031037575,-0.968636447,-0.304154690,0.859139933,0.143064644,0.385877003,268557.629432554
533,268557653571833,0.306407158,0.041200230,-0.968918853,-0.294375479,0.860881683,0.136611601,0.391871318,268557.662768554
534,268557686907958,0.300639172,0.051152895,-0.972022052,-0.286358550,0.863382307,0.135076694,0.392841078,268557.696104679
535,268557720244041,0.288738997,0.062966998,-0.971550590,-0.278435806,0.865853962,0.124021821,0.396722901,268557.729440762
536,268557753580166,0.279654047,0.071270555,-0.969373615,-0.270270244,0.867758858,0.108913578,0.402599608,268557.762776887
537,268557786916166,0.274351125,0.077543646,-0.969798690,-0.258504371,0.871194498,0.099707532,0.405282739,268557.796112887
538,268557820252291,0.265918142,0.087587611,-0.971987250,-0.244236143,0.877217808,0.104116619,0.399996758,268557.829449012
539,268557853588416,0.261167593,0.095444321,-0.974192202,-0.239559013,0.880471910,0.108895334,0.394363479,268557.862785137
540,268557886924583,0.259175886,0.103243632,-0.974796121,-0.234007295,0.884279449,0.105945740,0.389956402,268557.896121304
541,268557920260541,0.254549875,0.111314501,-0.975308339,-0.222485367,0.890183067,0.100137974,0.384768513,268557.929457262
542,268557953596541,0.251564657,0.116520483,-0.974644834,-0.213034062,0.894685383,0.098249949,0.380133600,268557.962793262
543,268557986932666,0.252777031,0.113947763,-0.971589147,-0.201831838,0.898533956,0.095817665,0.377782566,268557.996129387
544,268558020268958,0.248707912,0.120581078,-0.966625347,-0.190260199,0.902984510,0.085207490,0.375712348,268558.029465679
545,268558053604833,0.245995821,0.126165897,-0.961938723,-0.187814216,0.905401095,0.077245792,0.372837522,268558.062801554
546,268558086940875,0.237530429,0.136394784,-0.955162233,-0.183811888,0.907507093,0.068867822,0.371350700,268558.096137596
547,268558120277000,0.232380712,0.143292471,-0.947299671,-0.169223391,0.910866638,0.053540975,0.372583990,268558.129473721
548,268558153613208,0.228602181,0.148134273,-0.942084994,-0.154576790,0.913517537,0.046536244,0.373398122,268558.162809929
549,268558186949125,0.214078711,0.166336952,-0.933290153,-0.139533433,0.913382389,0.036805213,0.380668441,268558.196145846
550,268558220285250,0.210241968,0.174561549,-0.927155502,-0.131141812,0.911151963,0.026183603,0.389767108,268558.229481971
551,268558253621208,0.205508529,0.183588319,-0.922008398,-0.119200688,0.909308896,0.015886173,0.398366928,268558.262817929
552,268558286957333,0.193298209,0.201400022,-0.918246314,-0.101403994,0.905817827,0.008979609,0.411255048,268558.296154054
553,268558320293458,0.186921190,0.213219381,-0.915894300,-0.091054227,0.903338020,0.005865905,0.419112389,268558.329490179
554,268558353629500,0.179614962,0.226324457,-0.914077863,-0.083955440,0.900796353,0.000753953,0.426048000,268558.362826221
555,268558386965541,0.162355327,0.248150990,-0.914628103,-0.069809932,0.896423339,-0.010085712,0.437550115,268558.396162262
556,268558420301666,0.152575880,0.262237723,-0.913326915,-0.056636376,0.894612171,-0.021495221,0.442718187,268558.429498387
557,268558453637708,0.142933201,0.276326433,-0.913376903,-0.046534692,0.895528253,-0.021901136,0.442022695,268558.462834429
558,268558486973791,0.131550739,0.293529225,-0.914914169,-0.031753553,0.896756402,-0.016294688,0.441082990,268558.496170512
559,268558520309916,0.121268531,0.304910524,-0.911470256,-0.020356112,0.897320318,-0.024740129,0.440215692,268558.529506637
560,268558553645958,0.111042344,0.315418669,-0.907433069,-0.008767338,0.897720314,-0.036387205,0.438973116,268558.562842679
561,268558586981916,0.103211088,0.334505480,-0.896020242,0.010897457,0.900707368,-0.043395245,0.432116174,268558.596178637
562,268558620318166,0.096770026,0.342537436,-0.892434662,0.024448755,0.902041879,-0.042564673,0.428848469,268558.629514887
563,268558653654041,0.092180189,0.350689165,-0.888251334,0.032791910,0.903534846,-0.046080367,0.424765965,268558.662850762
564,268558686990208,0.093229642,0.362306026,-0.879253190,0.043458139,0.906567562,-0.056460182,0.416003542,268558.696186929
565,268558720326166,0.092193749,0.369815618,-0.875093365,0.052309079,0.908062862,-0.061028383,0.411048889,268558.729522887
566,268558753662458,0.092887474,0.377220894,-0.871084104,0.058887484,0.909283458,-0.063659271,0.407042267,268558.762859179
567,268558786998416,0.088857392,0.390599198,-0.864914540,0.069303383,0.910468924,-0.069381496,0.401783077,268558.796195137
568,268558820334541,0.091585651,0.397536741,-0.861508477,0.076611271,0.911327031,-0.071138708,0.398187258,268558.829531262
569,268558853670500,0.095264304,0.404766949,-0.858026257,0.081332402,0.912535515,-0.074606505,0.393824704,268558.862867221
570,268558887006708,0.099885192,0.406223282,-0.853575828,0.087419620,0.913632320,-0.080813237,0.388719781,268558.896203429
571,268558920342708,0.104702425,0.411970122,-0.849153589,0.094095236,0.913926473,-0.080392223,0.386550944,268558.929539429
572,268558953678750,0.110161375,0.418213761,-0.843286269,0.097167362,0.913855202,-0.084012590,0.385187111,268558.962875471
573,268558987014750,0.118474687,0.421487229,-0.836280494,0.101473780,0.911826539,-0.096324563,0.386001381,268558.996211471
574,268559020350916,0.124049208,0.428438991,-0.830076085,0.106629505,0.910477914,-0.099494823,0.386989599,268559.029547637
575,268559053686958,0.130198628,0.436061880,-0.824465532,0.106938429,0.909905987,-0.097110431,0.388850722,268559.062883679
576,268559087023083,0.140661480,0.441870390,-0.820579707,0.098419236,0.909629789,-0.098307391,0.391437111,268559.096219804
577,268559120359041,0.146618051,0.450212539,-0.814375897,0.094215769,0.908873596,-0.103395458,0.392914251,268559.129555762
578,268559153695166,0.151741312,0.457375559,-0.808604957,0.094907027,0.907303201,-0.106380989,0.395571355,268559.162891887
579,268559187031166,0.162499297,0.461445219,-0.800925793,0.102690255,0.904974968,-0.106464908,0.398923922,268559.196227887
580,268559220367291,0.166424388,0.465085027,-0.796568199,0.109548493,0.902861862,-0.105689513,0.402081292,268559.229564012
581,268559253703375,0.170154889,0.468179840,-0.792661386,0.113335091,0.900813071,-0.105810948,0.405579912,268559.262900096
582,268559287039458,0.177040302,0.473004410,-0.789871969,0.118544303,0.898006643,-0.109743907,0.409252546,268559.296236179
583,268559320375666,0.179960982,0.475013465,-0.787164870,0.120111515,0.896239739,-0.114340273,0.411404800,268559.329572387
584,268559353711625,0.183354565,0.476740621,-0.785045235,0.122224182,0.894905052,-0.117439417,0.412812590,268559.362908346
585,268559387047583,0.188553066,0.479335778,-0.783109991,0.126615700,0.894172963,-0.118681794,0.412720077,268559.396244304
586,268559420383625,0.190620548,0.480155387,-0.782966171,0.129994228,0.893580199,-0.117886170,0.413181356,268559.429580346
587,268559453719750,0.193396306,0.481416106,-0.782641402,0.129703274,0.893241486,-0.120030133,0.413387867,268559.462916471
588,268559487055875,0.194519283,0.482016907,-0.781775894,0.131875229,0.892049954,-0.126840661,0.413240007,268559.496252596
589,268559520391916,0.194787456,0.482255028,-0.780684320,0.136968522,0.890219806,-0.135445818,0.412798746,268559.529588637
590,268559553727833,0.195085813,0.482916708,-0.780057921,0.142819825,0.889034507,-0.145237982,0.410031857,268559.562924554
591,268559587064000,0.199387921,0.485465976,-0.778490984,0.139938821,0.890196278,-0.147258542,0.407777743,268559.596260721
592,268559620400125,0.201413203,0.486673390,-0.778117436,0.131545394,0.891765174,-0.147167452,0.407176225,268559.629596846
593,268559653736125,0.203285332,0.487090607,-0.776561515,0.126852539,0.893338650,-0.149918947,0.404201500,268559.662932846
594,268559687072166,0.203355933,0.486517527,-0.774576733,0.132684720,0.892307059,-0.151120374,0.404160318,268559.696268887
595,268559720408375,0.203296184,0.485951434,-0.771979466,0.139138671,0.890687911,-0.150447004,0.405809350,268559.729605096
596,268559753744333,0.204653111,0.487018506,-0.768455941,0.138143459,0.890428537,-0.146378409,0.408199485,268559.762941054
597,268559787080416,0.203995442,0.485870184,-0.766571558,0.132778482,0.891162218,-0.145199879,0.408799247,268559.796277137
598,268559820243833,0.205952112,0.487348036,-0.764787635,0.128843856,0.892119766,-0.135369250,0.411335390,268559.826098202
599,268559853570416,0.207747602,0.488720171,-0.762532983,0.126496837,0.891793907,-0.132232932,0.413783376,268559.859074921
600,268559886906791,0.197799614,0.486138259,-0.756167081,0.125974595,0.891832528,-0.140880593,0.410996175,268559.892411296
601,268559920243000,0.197970468,0.486696403,-0.754012553,0.129300494,0.889581824,-0.141224378,0.414706268,268559.925747505
602,268559953579333,0.197577917,0.486312684,-0.752434703,0.136506170,0.885636082,-0.136854139,0.422239024,268559.959083838
603,268559986915583,0.196715263,0.487067396,-0.750889726,0.144529576,0.881824568,-0.128648685,0.430053719,268559.992420088
604,268560020251875,0.197264385,0.487098065,-0.749791736,0.143810774,0.883016876,-0.124812637,0.428977292,268560.025756380
605,268560053588166,0.197358639,0.486760151,-0.749055543,0.146309733,0.884063759,-0.120062924,0.427328538,268560.059092671
606,268560086924458,0.196278244,0.486475737,-0.747238125,0.153089657,0.881881621,-0.122691174,0.428713532,268560.092428963
607,268560120260708,0.196920051,0.486784223,-0.746270978,0.148377799,0.883069897,-0.123827844,0.427595958,268560.125765213
608,268560153597083,0.196916749,0.486273248,-0.745794413,0.144380683,0.884744220,-0.125851261,0.424903986,268560.159101588
609,268560186933333,0.196509330,0.485316111,-0.744873435,0.140480401,0.887213363,-0.130076940,0.419759156,268560.192437838
610,268560220269666,0.195701401,0.484545787,-0.743896161,0.140350452,0.887712037,-0.134309592,0.417408765,268560.225774171
611,268560253605916,0.194787348,0.484110225,-0.742669127,0.140587000,0.887668884,-0.139701441,0.415647458,268560.259110421
612,268560286942166,0.194181596,0.483604237,-0.741297352,0.139860989,0.888720211,-0.144349216,0.412042046,268560.292446671
613,268560320278541,0.194002886,0.482871292,-0.740720628,0.139068562,0.890921604,-0.145454393,0.407138432,268560.325783046
614,268560353614791,0.193885627,0.482062758,-0.740307487,0.136241011,0.893032931,-0.144608540,0.403756109,268560.359119296
615,268560386951125,0.194215974,0.481061611,-0.740245133,0.133256372,0.896743457,-0.144087488,0.396651939,268560.392455630
616,268560420287458,0.194759976,0.479803438,-0.741222554,0.135020551,0.902292334,-0.148656491,0.381496127,268560.425791963
617,268560453623750,0.195653987,0.478548614,-0.743140494,0.139200160,0.910373688,-0.160454599,0.355102012,268560.459128255
618,268560486959958,0.210241138,0.483430734,-0.748462645,0.160054025,0.911843300,-0.192694751,0.325258808,268560.492464463
619,268560520296333,0.212288494,0.481033604,-0.748658434,0.174725388,0.908500634,-0.208094558,0.317481251,268560.525800838
620,268560553632458,0.214826529,0.478392735,-0.747963532,0.180716059,0.907381357,-0.208132778,0.317303608,268560.559136963
621,268560586968833,0.230790112,0.478203142,-0.753447539,0.185612278,0.905139827,-0.210215776,0.319498601,268560.592473338
622,268560620305125,0.235125326,0.477269313,-0.752060358,0.192000686,0.899697381,-0.222048823,0.323070786,268560.625809630
623,268560653641416,0.242100125,0.477815366,-0.750278250,0.200678713,0.893015600,-0.235451091,0.326824155,268560.659145921
624,268560686977708,0.247509418,0.480144936,-0.751910653,0.207811395,0.887471424,-0.241076877,0.333302997,268560.692482213
625,268560720314041,0.253917843,0.484379518,-0.749366218,0.214423901,0.879458724,-0.247115202,0.345700555,268560.725818546
626,268560753650333,0.263343169,0.493500585,-0.744517300,0.222168303,0.866015642,-0.250771300,0.371176457,268560.759154838
627,268560786986625,0.270535494,0.500569215,-0.740680474,0.224837638,0.859612800,-0.241018144,0.390415392,268560.792491130
628,268560820322875,0.279532477,0.510187674,-0.736373803,0.229151811,0.853395487,-0.229799865,0.407918700,268560.825827380
629,268560853659208,0.292431386,0.524707869,-0.730780801,0.242747676,0.840655501,-0.228553932,0.426772830,268560.859163713
630,268560886995500,0.301275212,0.535688079,-0.726447906,0.256079552,0.833092089,-0.231868936,0.431992689,268560.892500005
631,268560920331750,0.312177838,0.547894325,-0.723298600,0.269752576,0.827977871,-0.235826974,0.431360503,268560.925836255
632,268560953668083,0.326604606,0.565057320,-0.720221955,0.286838958,0.824005523,-0.243988501,0.423329630,268560.959172588
633,268560987004333,0.335574256,0.578262368,-0.718219811,0.299334465,0.822690194,-0.248320144,0.414628607,268560.992508838
634,268561020340625,0.344566356,0.592331766,-0.716982944,0.308974493,0.823201932,-0.248114286,0.406586640,268561.025845130
635,268561053676833,0.354482978,0.612239425,-0.715483779,0.313126353,0.822578326,-0.243543325,0.407435254,268561.059181338
636,268561087013208,0.358490937,0.627516508,-0.713955416,0.312690699,0.819797706,-0.236961605,0.417139663,268561.092517713
637,268561120349458,0.363062624,0.642790073,-0.712538862,0.310926398,0.818319548,-0.226247889,0.427188293,268561.125853963
638,268561153685708,0.368130193,0.663154649,-0.710146373,0.310210821,0.817363736,-0.221536168,0.431980959,268561.159190213
639,268561187022000,0.372207314,0.676577310,-0.706307670,0.306899280,0.820391316,-0.221754103,0.428481146,268561.192526505
640,268561220358333,0.376168037,0.690815842,-0.703014640,0.303125995,0.828214533,-0.217173047,0.418343447,268561.225862838
641,268561253694625,0.381276177,0.709087540,-0.696806083,0.304599472,0.836536953,-0.218254080,0.399737786,268561.259199130
642,268561287030833,0.385569020,0.722456183,-0.687161636,0.304035663,0.840711637,-0.223444182,0.388379981,268561.292535338
643,268561320367125,0.389598513,0.735707172,-0.678060237,0.299034088,0.845405882,-0.217852674,0.385237298,268561.325871630
644,268561353703458,0.394928111,0.752059980,-0.663728545,0.295523940,0.849072097,-0.199048061,0.390028330,268561.359207963
645,268561387039750,0.398100342,0.764875108,-0.648903543,0.294742819,0.847674523,-0.192447730,0.396911198,268561.392544255
646,268561420376000,0.402192796,0.776355554,-0.635875719,0.295323212,0.845286641,-0.184280040,0.405358625,268561.425880505
647,268561453712333,0.407989226,0.790620731,-0.618469886,0.300929244,0.842551576,-0.173545076,0.411619475,268561.459216838
648,268561487048708,0.410627464,0.804525700,-0.599073535,0.303340070,0.841143273,-0.170303334,0.414076834,268561.492553213
649,268561520384916,0.415748182,0.814595543,-0.585396068,0.307022306,0.841804382,-0.169556907,0.410308658,268561.525889421
650,268561553721125,0.422929699,0.826937177,-0.566972606,0.312497349,0.846191064,-0.169286001,0.397049611,268561.559225630
651,268561587057458,0.427362933,0.838208776,-0.555340403,0.316174217,0.847749866,-0.171186541,0.389934931,268561.592561963
652,268561620393708,0.432017510,0.846480790,-0.540207156,0.321364574,0.847874874,-0.171992433,0.385034627,268561.625898213
653,268561653730000,0.438107827,0.857065733,-0.519082478,0.324308805,0.849839205,-0.160711318,0.383104490,268561.659234505
654,268561687066208,0.447735813,0.870315552,-0.500847607,0.322300203,0.851356048,-0.149544113,0.385943092,268561.692570713
655,268561720402500,0.454306112,0.878955453,-0.477426869,0.330358172,0.847859581,-0.144137549,0.388872767,268561.725907005
656,268561753738791,0.459448902,0.884245998,-0.459492369,0.340308329,0.844618748,-0.141202658,0.388421516,268561.759243296
657,268561787075166,0.468416600,0.892135818,-0.441240100,0.348555832,0.843837808,-0.137698525,0.384038741,268561.792579671
658,268561820411416,0.476115364,0.897506436,-0.416944122,0.358411297,0.843564599,-0.136083689,0.376060357,268561.825915921
659,268561853747666,0.481459813,0.900777765,-0.398915485,0.366897421,0.841353292,-0.135082055,0.373180669,268561.859252171
660,268561887083916,0.485692217,0.905900661,-0.380509681,0.375741519,0.839848000,-0.132943779,0.368510044,268561.892588421
661,268561920420291,0.492595983,0.907725367,-0.358375079,0.384307959,0.841460032,-0.124617639,0.358779744,268561.925924796
662,268561953756583,0.497394500,0.907976942,-0.343038082,0.392825714,0.841817185,-0.123380458,0.349011606,268561.959261088
663,268561987092833,0.501834315,0.907150559,-0.329206124,0.401706817,0.841732155,-0.123767080,0.338822040,268561.992597338
664,268562020429125,0.507446905,0.905770155,-0.312252782,0.412486348,0.839142451,-0.131320003,0.329317580,268562.025933630
665,268562053765375,0.511468071,0.904094068,-0.300874184,0.419907601,0.837549619,-0.134929678,0.322462832,268562.059269880
666,268562087101666,0.517274650,0.901319484,-0.290278282,0.426891344,0.836315581,-0.136145522,0.315918470,268562.092606171
667,268562120437875,0.521954323,0.897808119,-0.276630603,0.434107607,0.832328513,-0.144382085,0.312943604,268562.125942380
668,268562153774166,0.524969752,0.894956101,-0.266898403,0.439096085,0.829647899,-0.146056709,0.312324323,268562.159278671
669,268562187110416,0.530013255,0.891208143,-0.259514164,0.443917573,0.827722028,-0.144342732,0.311413971,268562.192614921
670,268562220446750,0.533602135,0.887398692,-0.247639174,0.450361755,0.825221076,-0.149725475,0.306213652,268562.225951255
671,268562253782958,0.536517963,0.884899147,-0.238940123,0.451954563,0.826958559,-0.155149619,0.296319529,268562.259287463
672,268562287119291,0.539653276,0.881496221,-0.236566004,0.450843052,0.830917368,-0.158246534,0.285087631,268562.292623796
673,268562320455625,0.542611512,0.879118863,-0.224992035,0.452789992,0.832417491,-0.164751667,0.273713874,268562.325960130
674,268562353791791,0.544381193,0.877790087,-0.215997808,0.455597891,0.831688192,-0.166307118,0.270309653,268562.359296296
675,268562387128125,0.544711491,0.875062352,-0.209195927,0.458157853,0.830612380,-0.162908059,0.271358570,268562.392632630
676,268562420464458,0.546557880,0.874357068,-0.196386373,0.462399187,0.827840939,-0.157822235,0.275605818,268562.425968963
677,268562453800708,0.548080888,0.874538303,-0.186574409,0.463153058,0.827429921,-0.155550293,0.276863018,268562.459305213
678,268562487136958,0.548719635,0.875946198,-0.174404483,0.463291874,0.828204896,-0.152585648,0.275961886,268562.492641463
679,268562520473250,0.550157568,0.878150039,-0.161208042,0.465142783,0.828444664,-0.146305578,0.275529238,268562.525977755
680,268562553809541,0.551061562,0.880463175,-0.151167307,0.466215200,0.828012241,-0.143254114,0.276617836,268562.559314046
681,268562587145833,0.551328882,0.884839389,-0.137087930,0.470858116,0.824493074,-0.143865308,0.278938402,268562.592650338
682,268562620482166,0.552131853,0.889744880,-0.123659476,0.476982289,0.820098340,-0.141489306,0.282679037,268562.625986671
683,268562653818333,0.553307482,0.893594826,-0.113781387,0.478304355,0.819299009,-0.136400049,0.285252795,268562.659322838
684,268562687154625,0.554833389,0.899564558,-0.102260385,0.481396436,0.817330278,-0.132690650,0.287440311,268562.692659130
685,268562720490916,0.557453110,0.905071399,-0.090740714,0.482702336,0.817069865,-0.128168822,0.288041833,268562.725995421
686,268562753827125,0.560318294,0.908846818,-0.083229998,0.479539468,0.819921118,-0.124618702,0.286777773,268562.759331630
687,268562787163416,0.565200322,0.913727673,-0.074138807,0.477371406,0.821976219,-0.123827808,0.284847966,268562.792667921
688,268562820499666,0.570212968,0.917469448,-0.066536279,0.480760940,0.819328713,-0.128644716,0.284640068,268562.826004171
689,268562853835916,0.574493069,0.920041743,-0.061324524,0.483639444,0.815703498,-0.131771436,0.288716180,268562.859340421
690,268562887172333,0.583649965,0.924304494,-0.053330327,0.485874801,0.810852074,-0.135805873,0.296650317,268562.892676838
691,268562920508625,0.589443320,0.926426593,-0.048430179,0.490585436,0.803778790,-0.142555437,0.304866506,268562.926013130
692,268562953844833,0.595892253,0.928152106,-0.043688287,0.493708716,0.798124479,-0.144003408,0.313866359,268562.959349338
693,268562987181125,0.607284758,0.929802479,-0.043772905,0.499798767,0.792243700,-0.147909305,0.317291671,268562.992685630
694,268563020517333,0.614435310,0.930314116,-0.040324884,0.505955473,0.789814350,-0.150008175,0.312569916,268563.026021838
695,268563053853583,0.621626030,0.930672526,-0.037134374,0.511816140,0.787894775,-0.151028652,0.307337699,268563.059358088
696,268563087189958,0.632022570,0.930464002,-0.035971870,0.520169814,0.783620570,-0.155956545,0.301727984,268563.092694463
697,268563120526166,0.639260206,0.930355863,-0.032603332,0.526863908,0.780962785,-0.156164993,0.296857035,268563.126030671
698,268563153862458,0.646347135,0.930305760,-0.028466307,0.533488833,0.777223381,-0.160234286,0.292640576,268563.159366963
699,268563187198750,0.656497287,0.926719396,-0.021552148,0.538224201,0.772959979,-0.163233171,0.293602733,268563.192703255
700,268563220535000,0.664198329,0.926222079,-0.015360506,0.543721527,0.767598923,-0.165819513,0.296078937,268563.226039505
701,268563253871250,0.672249339,0.925288613,-0.008749975,0.550922203,0.761585211,-0.165767533,0.298318405,268563.259375755
702,268563287207500,0.683346437,0.922807961,0.003598821,0.560242194,0.754207151,-0.166045642,0.299548254,268563.292712005
703,268563320543750,0.692072789,0.921237610,0.011439975,0.566104334,0.748690012,-0.168600532,0.300936975,268563.326048255
704,268563353880000,0.700992344,0.919379185,0.019597302,0.569518237,0.743475564,-0.167332450,0.308047021,268563.359384505
705,268563387216291,0.710312768,0.916291488,0.031258760,0.577752988,0.732883848,-0.171798128,0.315544303,268563.392720796
706,268563420552583,0.718676258,0.913925866,0.039353826,0.582322604,0.726093168,-0.172734989,0.322260413,268563.426057088
707,268563453888916,0.726427950,0.911280172,0.047235221,0.588691533,0.718509025,-0.175365956,0.326242080,268563.459393421
708,268563487225166,0.734649322,0.909025662,0.058262833,0.595098249,0.711499833,-0.179186017,0.327900115,268563.492729671
709,268563520561416,0.740406908,0.906429498,0.065982696,0.600022854,0.708492202,-0.183901012,0.322787617,268563.526065921
710,268563553897666,0.744737079,0.904084073,0.074010225,0.602766056,0.708948898,-0.185213849,0.315848739,268563.559402171
711,268563587233958,0.749248984,0.901463702,0.083741889,0.599754506,0.711712383,-0.182878882,0.316726040,268563.592738463
712,268563620570208,0.750201343,0.899155942,0.093251863,0.603181382,0.709253108,-0.180370469,0.317173131,268563.626074713
713,268563653906500,0.750027764,0.896355756,0.102943441,0.607775508,0.706572711,-0.168606275,0.320836272,268563.659411005
714,268563687242750,0.752154518,0.888647647,0.114096779,0.612566950,0.705324638,-0.159582405,0.319080548,268563.692747255
715,268563720579000,0.752319245,0.885128011,0.124225097,0.613226286,0.708453240,-0.150527385,0.315260350,268563.726083505
716,268563753915291,0.752900531,0.880983318,0.133996631,0.614179365,0.713105603,-0.142368686,0.306586557,268563.759419796
717,268563787251625,0.751317666,0.873915627,0.145832179,0.616224045,0.719928589,-0.134686303,0.289534810,268563.792756130
718,268563820587875,0.752423150,0.868206764,0.155503833,0.618416242,0.721910427,-0.129852503,0.282037353,268563.826092380
719,268563853924125,0.753657206,0.862349541,0.165082279,0.619495211,0.721598630,-0.123986301,0.283105197,268563.859428630
720,268563887260291,0.759039142,0.855387625,0.179683800,0.621089723,0.720298595,-0.121535882,0.283983402,268563.892764796
721,268563920596708,0.761303477,0.848783022,0.188749335,0.622399550,0.718572020,-0.120320948,0.285999956,268563.926101213
722,268563953932958,0.765280377,0.839605771,0.200144557,0.622414262,0.716603404,-0.120039961,0.290981973,268563.959437463
723,268563987269208,0.772277627,0.837794444,0.205729424,0.621143023,0.715330628,-0.125201268,0.294632200,268563.992773713
724,268564020605458,0.776552158,0.831795098,0.213313711,0.616290040,0.714881135,-0.128064372,0.304517846,268564.026109963
725,268564053941750,0.783142017,0.823291055,0.222374777,0.605011908,0.719977487,-0.130260861,0.314046447,268564.059446255
726,268564087278000,0.788815027,0.820712532,0.227965832,0.600543635,0.722113991,-0.132288011,0.316857478,268564.092782505
727,268564120614333,0.793803605,0.813949503,0.232851635,0.598666675,0.719656679,-0.137339144,0.323775370,268564.126118838
728,268564153950500,0.800782134,0.804947955,0.238010930,0.589134371,0.723614899,-0.139050138,0.331613153,268564.159455005
729,268564187286791,0.806093074,0.798904138,0.240779587,0.580527001,0.731968074,-0.133233284,0.330847526,268564.192791296
730,268564220623125,0.811485301,0.791741321,0.242756789,0.569388103,0.740176165,-0.126708014,0.334487019,268564.226127630
731,268564253959208,0.819075617,0.783006337,0.244279697,0.550413601,0.752506410,-0.128821549,0.337911280,268564.259463713
732,268564287295666,0.828599142,0.769239906,0.249286955,0.537716808,0.763819842,-0.135388878,0.330317708,268564.292800171
733,268564320631875,0.834572377,0.760860757,0.248803746,0.525733373,0.778219324,-0.136307861,0.315276583,268564.326136380
734,268564353968250,0.843217477,0.748614029,0.247029826,0.497791213,0.800391016,-0.127226623,0.308855257,268564.359472755
735,268564387304500,0.850035492,0.731614958,0.249127524,0.487315809,0.807150808,-0.135980927,0.304204071,268564.392809005
736,268564420640750,0.854607636,0.720074029,0.247373651,0.485078765,0.810682655,-0.137370128,0.297694012,268564.426145255
737,268564453976875,0.861226953,0.704627615,0.244721907,0.468052557,0.821129436,-0.112044897,0.306788605,268564.459481380
738,268564487313208,0.866159353,0.689588515,0.248591685,0.451194200,0.825184743,-0.113601354,0.320294737,268564.492817713
739,268564520649541,0.870091117,0.678369231,0.247365878,0.440381925,0.825201495,-0.122960858,0.331642780,268564.526154046
740,268564553985708,0.875619228,0.662953115,0.244117451,0.422667544,0.830001404,-0.113129322,0.345906963,268564.559490213
741,268564587322083,0.878587837,0.651900067,0.243503371,0.397506863,0.841605075,-0.111710524,0.348152270,268564.592826588
742,268564620658333,0.882897666,0.641690191,0.240727762,0.363957925,0.854514625,-0.123492264,0.349412506,268564.626162838
743,268564653994500,0.887383593,0.626718941,0.236214700,0.331713540,0.866157602,-0.151956184,0.341535514,268564.659499005
744,268564687330750,0.890487475,0.617262680,0.228817209,0.314867580,0.879414466,-0.158716545,0.319840142,268564.692835255
745,268564720667166,0.893597743,0.603838688,0.223704846,0.295637932,0.894908526,-0.142957162,0.302159306,268564.726171671
746,268564754003333,0.896357503,0.584998041,0.219047470,0.280117874,0.902293037,-0.130253154,0.300724825,268564.759507838
747,268564787339583,0.902782750,0.575609880,0.214473838,0.276611227,0.898605966,-0.130572613,0.314554277,268564.792844088
748,268564820675916,0.903944337,0.561483356,0.212886304,0.270924855,0.896448010,-0.120672705,0.329270162,268564.826180421
749,268564854012250,0.906132610,0.542655230,0.209980891,0.259629737,0.903286243,-0.102699775,0.325759379,268564.859516755
750,268564887348375,0.911698622,0.529446020,0.203586684,0.252876267,0.912154960,-0.095296831,0.308132260,268564.892852880
751,268564920684791,0.913919955,0.515750241,0.200530668,0.247063697,0.920737717,-0.088185019,0.288833936,268564.926189296
752,268564954020916,0.916640016,0.497849865,0.197513443,0.234979975,0.930268783,-0.068313232,0.273345494,268564.959525421
753,268564987357166,0.917507894,0.485770036,0.192797127,0.224793383,0.934926383,-0.049754839,0.270009449,268564.992861671
754,268565020693458,0.919118442,0.468282706,0.191105613,0.218984298,0.938887924,-0.039034655,0.262700767,268565.026197963
755,268565054029750,0.920253622,0.455886696,0.189991551,0.216328738,0.942045417,-0.036193905,0.253855005,268565.059534255
756,268565087366000,0.917509943,0.446189302,0.186694381,0.210138388,0.945738055,-0.033454902,0.245565087,268565.092870505
757,268565120702250,0.918395779,0.432784262,0.186077810,0.193466393,0.950252799,-0.035221564,0.241557171,268565.126206755
758,268565154038416,0.919088849,0.423780468,0.186558812,0.176725520,0.951617679,-0.034758322,0.248965449,268565.159542921
759,268565187374791,0.915298503,0.419831311,0.186318077,0.158737535,0.951559917,-0.033462864,0.261182714,268565.192879296
760,268565220710958,0.916455587,0.411249339,0.187512815,0.134945779,0.950052188,-0.042985642,0.278105671,268565.226215463
761,268565254047291,0.917565275,0.406351823,0.188212838,0.118520138,0.948694166,-0.056280100,0.287689000,268565.259551796
762,268565287383583,0.915481673,0.407869210,0.184362344,0.104685137,0.949106712,-0.065923793,0.289640428,268565.292888088
763,268565320719750,0.916040563,0.405049935,0.182992467,0.088191416,0.949487495,-0.071861691,0.292458068,268565.326224255
764,268565354056083,0.915403465,0.403831305,0.181836459,0.077403495,0.947672445,-0.073875087,0.300779257,268565.359560588
765,268565387392333,0.911954958,0.396663222,0.178263340,0.070445117,0.944771270,-0.074548625,0.311267232,268565.392896838
766,268565420728666,0.907514878,0.396705408,0.173787427,0.062276011,0.942387853,-0.069790381,0.321179372,268565.426233171
767,268565454064875,0.902780290,0.397736232,0.168340584,0.053816107,0.941580519,-0.064646431,0.326114772,268565.459569380
768,268565487401208,0.903231214,0.373682785,0.161246847,0.044633749,0.940550982,-0.060072378,0.331305057,268565.492905713
769,268565520737375,0.894703392,0.374341308,0.149565965,0.035909520,0.939007644,-0.050166269,0.338317232,268565.526241880
770,268565554073666,0.888085258,0.374667416,0.139298761,0.032208336,0.939510762,-0.044218906,0.338122600,268565.559578171
771,268565587409875,0.886123572,0.361968364,0.131792356,0.030274969,0.941213030,-0.042170265,0.333801109,268565.592914380
772,268565620746250,0.877148165,0.361853755,0.117256459,0.021950167,0.942381589,-0.032965264,0.332187411,268565.626250755
773,268565654082375,0.869955328,0.361225052,0.107016949,0.016499502,0.941218508,-0.032951730,0.335782257,268565.659586880
774,268565687418666,0.864096344,0.360783185,0.102622997,0.012033280,0.939529368,-0.031312746,0.340821555,268565.692923171
775,268565720754875,0.854553340,0.357665237,0.090154777,0.003926653,0.938759879,-0.013415603,0.344288463,268565.726259380
776,268565754091250,0.847165359,0.354271657,0.080686342,-0.002690519,0.938243390,-0.001626249,0.345961718,268565.759595755
777,268565787427458,0.842033524,0.360809125,0.073050394,-0.011370254,0.936445560,0.007670523,0.350544785,268565.792931963
778,268565820763708,0.833080923,0.355108510,0.059649891,-0.023618695,0.933824394,0.017511273,0.356521483,268565.826268213
779,268565854099958,0.826758264,0.350281283,0.049131217,-0.032615408,0.934980226,0.011438043,0.353011950,268565.859604463
780,268565887436250,0.822016763,0.349976880,0.041854873,-0.041480262,0.937624670,0.002186007,0.345158864,268565.892940755
781,268565920772458,0.812520788,0.342978256,0.029673353,-0.052818494,0.937593108,0.004947081,0.343664009,268565.926276963
782,268565954108791,0.804552905,0.337270699,0.021176982,-0.058438871,0.936661893,0.012271580,0.345107024,268565.959613296
783,268565987445083,0.799111634,0.336700304,0.011962223,-0.067278129,0.937295295,0.022128975,0.341264626,268565.992949588
784,268566020781333,0.786473723,0.330584603,0.001010307,-0.082537727,0.935907344,0.041775670,0.339882059,268566.026285838
785,268566054117500,0.776566968,0.326179330,-0.007140830,-0.091967441,0.933406222,0.051960372,0.342921256,268566.059622005
786,268566087453750,0.769820955,0.324613135,-0.015752620,-0.103108340,0.931802769,0.053944991,0.343805557,268566.092958255
787,268566120790041,0.757327698,0.320667515,-0.026291163,-0.117348430,0.928447467,0.051654918,0.348635151,268566.126294546
788,268566154126208,0.747832042,0.318831601,-0.033987368,-0.123886815,0.925124770,0.051743175,0.355132250,268566.159630713
789,268566187462541,0.739788713,0.317972445,-0.046889475,-0.129861813,0.924480005,0.063679013,0.352728885,268566.192967046
790,268566220798833,0.731012704,0.318313577,-0.056967303,-0.139162700,0.927451875,0.069894413,0.339972921,268566.226303338
791,268566254135041,0.722457383,0.319025737,-0.066519746,-0.150603709,0.929259527,0.070098063,0.329972073,268566.259639546
792,268566287471291,0.711101669,0.318728343,-0.076617649,-0.166466540,0.925836400,0.076753240,0.330491822,268566.292975796
793,268566320807583,0.703732509,0.318578073,-0.083542199,-0.179057658,0.921032003,0.081682711,0.336104736,268566.326312088
794,268566354266625,0.695276298,0.318007557,-0.091831894,-0.199140112,0.916173418,0.080205765,0.338432522,268566.363463346
795,268566387572291,0.688773039,0.316174645,-0.097079500,-0.217115715,0.911974346,0.084537186,0.337664146,268566.396769012
796,268566420908291,0.684092356,0.315445450,-0.102606230,-0.233397804,0.907948046,0.085177703,0.337491662,268566.430105012
797,268566454244291,0.680428780,0.314247173,-0.109667951,-0.252417722,0.905365296,0.076782050,0.332721421,268566.463441012
798,268566487580333,0.679760875,0.312813909,-0.111645256,-0.265752494,0.903668725,0.065739293,0.329297502,268566.496777054
799,268566520916416,0.680676179,0.310865455,-0.116208294,-0.278004958,0.901402742,0.051490865,0.327925425,268566.530113137
800,268566554252375,0.684226503,0.307445047,-0.121324182,-0.288559820,0.898620048,0.033527702,0.328772239,268566.563449096
801,268566587588416,0.686568970,0.303718232,-0.126278994,-0.297227093,0.895953766,0.030581712,0.328614844,268566.596785137
802,268566620924583,0.690677903,0.300611567,-0.129102442,-0.308051150,0.892713029,0.035253809,0.326994126,268566.630121304
803,268566654260416,0.697476398,0.295486387,-0.132085978,-0.319938849,0.886431799,0.048093931,0.331005778,268566.663457137
804,268566687596416,0.701351830,0.291130744,-0.139033590,-0.330453816,0.880605882,0.061029746,0.334079300,268566.696793137
805,268566720932541,0.709297820,0.286803402,-0.141751745,-0.339667750,0.874993192,0.067698404,0.338274612,268566.730129262
806,268566754268625,0.721692562,0.280867673,-0.145862058,-0.349717307,0.867334957,0.077000957,0.345685961,268566.763465346
807,268566787604500,0.734588619,0.270656718,-0.151967216,-0.360140060,0.859968222,0.087723064,0.350796966,268566.796801221
808,268566820940500,0.745959331,0.264803657,-0.156708382,-0.370412328,0.851907934,0.094770514,0.357863356,268566.830137221
809,268566854276583,0.762517353,0.255738191,-0.164306014,-0.379040642,0.843185300,0.100026455,0.367915076,268566.863473304
810,268566887612541,0.776335370,0.244801912,-0.173673053,-0.382310359,0.839650929,0.103202507,0.371718175,268566.896809262
811,268566920948666,0.789494636,0.236790580,-0.181463255,-0.386592716,0.837372570,0.104711568,0.372006441,268566.930145387
812,268566954284666,0.807100766,0.226330440,-0.192573009,-0.392107723,0.836206041,0.100175217,0.370102647,268566.963481387
813,268566987620666,0.819064543,0.218244331,-0.200789942,-0.392428705,0.837181863,0.088168410,0.370611150,268566.996817387
814,268567020956666,0.830252560,0.211526033,-0.208182682,-0.389132917,0.838417016,0.073457035,0.374481772,268567.030153387
815,268567054292666,0.843012762,0.203237073,-0.217324882,-0.386607906,0.839411544,0.062724945,0.376813246,268567.063489387
816,268567087628708,0.850709952,0.198404436,-0.219887582,-0.386405854,0.839479570,0.059524988,0.377387596,268567.096825429
817,268567120964666,0.857791413,0.191611874,-0.227669684,-0.393129993,0.837309267,0.068433564,0.373736406,268567.130161387
818,268567154300708,0.862395549,0.186957494,-0.233944584,-0.396785359,0.838636904,0.073692445,0.365812792,268567.163497429
819,268567187636791,0.864920311,0.182666250,-0.236147743,-0.393101592,0.843096218,0.069668767,0.360286305,268567.196833512
820,268567220972750,0.866659557,0.178101741,-0.243535428,-0.399560366,0.840773676,0.072129036,0.358118130,268567.230169471
821,268567254308666,0.866039179,0.174959643,-0.248680509,-0.410638930,0.834569246,0.078147724,0.358835379,268567.263505387
822,268567287644833,0.865105679,0.174347230,-0.251598770,-0.415927507,0.831333587,0.078260431,0.360227892,268567.296841554
823,268567320980708,0.863593120,0.170977736,-0.257526537,-0.415228796,0.830712952,0.076340273,0.362868095,268567.330177429
824,268567354316708,0.861457716,0.168760215,-0.261512449,-0.413448041,0.830135297,0.077952153,0.365868311,268567.363513429
825,268567387652791,0.857473151,0.169257420,-0.262655576,-0.415180939,0.828042121,0.084458282,0.367202784,268567.396849512
826,268567420988875,0.851692691,0.167749817,-0.267806943,-0.419467283,0.825209487,0.092330116,0.366812901,268567.430185596
827,268567454324916,0.847341836,0.167015934,-0.271604699,-0.414758666,0.827544944,0.089840356,0.367523302,268567.463521637
828,268567487660791,0.845482188,0.167596405,-0.275037217,-0.404185727,0.833566802,0.087759822,0.366194690,268567.496857512
829,268567520996833,0.840559569,0.166782060,-0.279837112,-0.385027463,0.844436225,0.089916407,0.361381249,268567.530193554
830,268567554332875,0.835794660,0.166650262,-0.283633920,-0.374654538,0.850350847,0.094729873,0.357160633,268567.563529596
831,268567587668875,0.832864318,0.166473590,-0.288151968,-0.364679946,0.855293800,0.091939815,0.356410124,268567.596865596
832,268567621004958,0.825764744,0.167838287,-0.293902518,-0.343180599,0.866785627,0.077959488,0.353315899,268567.630201679
833,268567654340833,0.819163788,0.169804958,-0.298475566,-0.334851157,0.873124908,0.074685438,0.346337603,268567.663537554
834,268567687676875,0.813121275,0.174306703,-0.303378746,-0.328797753,0.877511152,0.068389416,0.342329018,268567.696873596
835,268567721012916,0.801495564,0.178737626,-0.308140745,-0.317998496,0.883066261,0.057949597,0.340165890,268567.730209637
836,268567754349000,0.792274584,0.182273840,-0.311226247,-0.309919864,0.887635935,0.053610089,0.336419585,268567.763545721
837,268567787684916,0.784872176,0.189365158,-0.319021558,-0.300034767,0.892530457,0.053640005,0.332402353,268567.796881637
838,268567821020916,0.771670562,0.195332045,-0.321978999,-0.287100375,0.898592794,0.057597200,0.326782774,268567.830217637
839,268567854357000,0.760958666,0.200772500,-0.323464673,-0.282397138,0.900606287,0.058219366,0.325224123,268567.863553721
840,268567887693000,0.752432875,0.209257011,-0.329385388,-0.277174962,0.902538425,0.054926757,0.324933126,268567.896889721
841,268567921029041,0.738980983,0.217747917,-0.330979996,-0.266320894,0.907714653,0.052304767,0.319986805,268567.930225762
842,268567954365125,0.729328729,0.224439395,-0.331591698,-0.256376367,0.910624695,0.051969935,0.319895298,268567.963561846
843,268567987701000,0.718595056,0.230668419,-0.335140302,-0.246794303,0.912996446,0.050925436,0.320837521,268567.996897721
844,268568021037083,0.706999857,0.241010749,-0.336128612,-0.234963636,0.916050052,0.050774660,0.321039528,268568.030233804
845,268568054373041,0.698751056,0.249489631,-0.336815241,-0.224401557,0.916633200,0.048313410,0.327251257,268568.063569762
846,268568087709041,0.690632234,0.259283250,-0.340158491,-0.213329688,0.916886063,0.041722880,0.334768050,268568.096905762
847,268568121045083,0.681366650,0.272423910,-0.343381247,-0.196486698,0.919331389,0.039505212,0.338618023,268568.130241804
848,268568154381166,0.674878893,0.283053238,-0.346504766,-0.184529233,0.921170766,0.038711803,0.340433300,268568.163577887
849,268568187717125,0.668426242,0.296097421,-0.351484732,-0.171911337,0.922486912,0.039724273,0.343345925,268568.196913846
850,268568221053166,0.660756618,0.312167710,-0.358181530,-0.152535464,0.926351050,0.046560021,0.341231419,268568.230249887
851,268568254388958,0.655579539,0.324744217,-0.364502903,-0.135234400,0.930281822,0.052858505,0.336887846,268568.263585679
852,268568287725041,0.649776870,0.340923732,-0.372482264,-0.105463247,0.934274915,0.074304787,0.332395454,268568.296921762
853,268568321061208,0.644966719,0.353156448,-0.380010096,-0.081775935,0.934447777,0.090562707,0.334542222,268568.330257929
854,268568354397166,0.639585864,0.366578275,-0.388174956,-0.064871291,0.934014092,0.099911496,0.336789458,268568.363593887
855,268568387733166,0.632532865,0.382005033,-0.393408167,-0.046319777,0.935544701,0.103422660,0.334536092,268568.396929887
856,268568421069250,0.626197158,0.395108089,-0.401522701,-0.034079115,0.934892065,0.098048605,0.339414151,268568.430265971
857,268568454405208,0.619579025,0.407081827,-0.410436062,-0.023201240,0.935849928,0.096986220,0.337994588,268568.463601929
858,268568487741166,0.609490846,0.418366073,-0.418866567,-0.013721675,0.937340524,0.109164987,0.330586625,268568.496937887
859,268568521077208,0.601050300,0.427466122,-0.427408234,-0.012821884,0.936741462,0.108077362,0.332671564,268568.530273929
860,268568554413125,0.592147503,0.435141696,-0.435663829,-0.010288028,0.937327099,0.094184184,0.335322918,268568.563609846
861,268568587749083,0.580175695,0.446165059,-0.444538092,-0.005395401,0.939339798,0.074435315,0.334770175,268568.596945804
862,268568621085208,0.570418625,0.450639582,-0.451971946,-0.004041470,0.940049609,0.067222724,0.334322535,268568.630281929
863,268568654421166,0.560069248,0.453403390,-0.458636752,-0.005745339,0.939439832,0.063255137,0.336776830,268568.663617887
864,268568687757208,0.547392428,0.455942970,-0.465619528,-0.010085859,0.937322376,0.055792374,0.343820160,268568.696953929
865,268568721093166,0.536103419,0.455754533,-0.471489882,-0.013868975,0.934387618,0.050669030,0.352363639,268568.730289887
866,268568754429125,0.524536955,0.454385329,-0.477285057,-0.017524453,0.928320970,0.049019583,0.368117106,268568.763625846
867,268568787765125,0.507681353,0.452341263,-0.486481859,-0.012397209,0.913672218,0.036613089,0.404609592,268568.796961846
868,268568821101208,0.494527375,0.447945162,-0.495294482,-0.006420092,0.906043484,0.026636680,0.422296730,268568.830297929
869,268568854437166,0.481470294,0.443281838,-0.506800579,-0.000743834,0.906763958,0.023440016,0.420985973,268568.863633887
870,268568887773166,0.461680005,0.437484934,-0.524129015,0.011279900,0.908695354,0.016256327,0.416990771,268568.896969887
871,268568921109208,0.445717942,0.432777806,-0.536759602,0.013685256,0.909486993,0.013992079,0.415271476,268568.930305929
872,268568954445083,0.429107394,0.428242212,-0.548931615,0.009371586,0.910888968,0.016902135,0.412198778,268568.963641804
873,268568987781125,0.408138586,0.421290276,-0.562641066,0.005130931,0.910593719,0.015166085,0.412992488,268568.996977846
874,268569021117208,0.391905542,0.415558121,-0.572201740,0.006931639,0.911822441,0.010611690,0.410389124,268569.030313929
875,268569054453208,0.376110198,0.409801257,-0.580889323,0.009462607,0.913968123,0.009276581,0.405569632,268569.063649929
876,268569087789208,0.357028095,0.405919637,-0.592372362,0.003567812,0.912891666,0.006374269,0.408136617,268569.096985929
877,268569121125166,0.341788000,0.402131459,-0.598227196,-0.008213596,0.910897520,0.000964537,0.412549837,268569.130321887
878,268569154461250,0.327295579,0.398551435,-0.603839047,-0.022119826,0.908033327,-0.004746035,0.418286647,268569.163657971
879,268569187797208,0.306338160,0.394513922,-0.614000710,-0.035884544,0.903340685,-0.008560748,0.427334382,268569.196993929
880,268569221133166,0.294078825,0.390007391,-0.621021439,-0.037175307,0.900430109,-0.015599324,0.433128536,268569.230329887
881,268569254469208,0.282083212,0.386015477,-0.628233923,-0.034466221,0.896458753,-0.022733798,0.441199513,268569.263665929
882,268569287805250,0.264282903,0.383932901,-0.639958752,-0.034783847,0.890468703,-0.014943023,0.453467013,268569.297001971
883,268569321141125,0.251776004,0.382297410,-0.647704064,-0.041261264,0.888570375,-0.001374142,0.456878935,268569.330337846
884,268569354477166,0.235326891,0.382423646,-0.657899345,-0.055105002,0.888812776,0.008780395,0.454860689,268569.363673887
885,268569387813166,0.224142105,0.382340116,-0.665311099,-0.061254143,0.889520822,0.008870229,0.452683122,268569.397009887
886,268569421149250,0.212219132,0.383334416,-0.672780358,-0.062184818,0.891335194,0.005598939,0.449024860,268569.430345971
887,268569454485166,0.195871485,0.384830319,-0.681650815,-0.062424359,0.892077558,0.006323079,0.447505198,268569.463681887
888,268569487821125,0.183137241,0.385317330,-0.688150355,-0.066703553,0.890204683,0.016124703,0.450362415,268569.497017846
889,268569521157125,0.169720053,0.386596137,-0.694111933,-0.073514208,0.886696364,0.034037711,0.455199633,268569.530353846
890,268569554493250,0.151697763,0.388973128,-0.701862427,-0.078578251,0.883603144,0.060466247,0.457618650,268569.563689971
891,268569587829083,0.135347606,0.392229970,-0.707507772,-0.078551062,0.881319348,0.073920207,0.460045427,268569.597025804
892,268569621165166,0.121834508,0.395824063,-0.711881956,-0.078144275,0.879869969,0.080436834,0.461792463,268569.630361887
893,268569654501208,0.104291433,0.401227715,-0.716569092,-0.077727812,0.880355492,0.087767558,0.459597111,268569.663697929
894,268569687837250,0.094488641,0.404637624,-0.721418948,-0.078361334,0.879337751,0.094909519,0.460018323,268569.697033971
895,268569721173208,0.081789908,0.407885827,-0.723682606,-0.077533186,0.878257061,0.100216221,0.461096413,268569.730369929
896,268569754509291,0.065541350,0.411051978,-0.726831781,-0.076226942,0.877023689,0.103888972,0.462845587,268569.763706012
897,268569787845208,0.053990665,0.411969113,-0.731158821,-0.076966097,0.877102531,0.103549287,0.462649941,268569.797041929
898,268569821181166,0.043048313,0.411840933,-0.735188062,-0.072525207,0.879123521,0.098673292,0.460592623,268569.830377887
899,268569854517166,0.029205980,0.409573812,-0.740898108,-0.057284513,0.884243252,0.088113191,0.455047773,268569.863713887
900,268569887853333,0.019117342,0.405909302,-0.743922932,-0.050350372,0.886881808,0.086450007,0.451034308,268569.897050054
