# 3D point list with one line of data per point:
#   POINT3D_ID, X, Y, Z, R, G, B, ERROR, TRACK[] as (IMAGE_ID, POINT2D_IDX)
# Number of points: 2485, mean track length: 3.1549295774647885
2 -0.13953625888468038 -0.8376301123386638 -0.81351833651349836 0 0 0 2.0320146263055054 5 81 16 82 2 69 7 109 1 30 8 137 18 98
3 0.14685809347664877 -0.82016670323426011 -0.73709167967485045 0 0 0 2.0330490614850669 5 88 18 70 2 72 7 97 15 62 14 184
4 0.3438096269741836 -0.3818640182973842 -1.0806508550244966 0 0 0 0.24726628209825793 5 373 2 123 4 191
5 0.10539519852699816 -0.78958527620358154 -0.75376031081102979 0 0 0 0.40108537204823297 16 163 18 154
6 -0.067194343882092278 -0.85831016409304461 -0.8076678222811442 0 0 0 1.7078451905566887 5 165 16 167 7 238
7 -0.33478399803241876 -0.61354643801561615 -0.86119065498445391 0 0 0 2.0091800099060322 5 275 16 295 18 239 7 264 1 151 4 265 3 278
8 -0.33500214239661175 -0.61373965246971474 -0.86144474280944827 0 0 0 2.0622801201166081 5 276 16 296 18 238 7 263 1 152 4 269
9 -0.10785050022855633 -0.71089501747501549 -0.81454203268347247 0 0 0 1.5050043137781417 5 223 18 301 1 237 8 786
10 -0.087133663750625923 -0.73355119029101279 -0.80664459510043818 0 0 0 2.1123645005334706 5 298 16 358 7 558 1 232 11 335
11 -0.086986215112288906 -0.73308477863699428 -0.80641500508143693 0 0 0 2.2572439433494984 5 297 16 359 7 557 1 231 19 315 11 336
12 -0.016606286210305882 -0.87190900638908597 -0.81446053997397283 0 0 0 0.59388835289970032 5 405 16 381 7 538 1 282
13 -0.045713027186224969 -0.86535221775003568 -0.81931157927222253 0 0 0 1.2419698378435129 5 403 16 396 7 865
14 -0.045630990098947721 -0.86524848255925413 -0.81891105909651341 0 0 0 1.1000193242888101 5 402 16 397
15 0.14233900076692624 -0.17825588710386461 -0.87686942087932196 0 0 0 1.732261407302524 16 474 2 261 19 770 11 627
17 -0.15196797447071805 -0.8578562659861737 -0.80956157014217434 0 0 0 0.52928070040998454 5 362 19 434 11 395
18 -0.1341091133044969 -0.87325435506368332 -0.79693919956740955 0 0 0 1.3636448039957265 16 618 2 437 18 500 19 435 8 781 10 1493
19 0.0049750159310943398 -0.22917293398215893 -0.87480894699445977 0 0 0 2.3663218284941974 5 644 16 700 7 381 3 410
20 0.17978435488225544 -0.86645537922374349 -0.73227718149138832 0 0 0 1.9705670604371563 16 840 18 1159 2 619 7 1249
21 0.13386045348012138 -0.85312275019352191 -0.74070246605121515 0 0 0 1.9286969365716555 5 680 18 743 2 398 7 854 1 408 19 387 15 696 13 477
22 0.13386045348012138 -0.85312275019352191 -0.74070246605121515 0 0 0 1.9286969365716555 5 681 18 742 2 399 7 855 1 409 19 386 15 695 13 483
23 0.067571748448361918 -0.1500640742377988 -0.91707128598818866 0 0 0 1.9888132756422405 5 1108 18 955 2 522 7 1457 4 1019
24 -0.21414651748542055 -0.83056904899766959 -0.79662644175127206 0 0 0 1.3216496862526561 5 772 16 1231 18 1412 2 578 8 1275 10 1511
25 -0.23116296029325387 -0.67754069775543013 -0.80789678302099066 0 0 0 1.5101544382369783 16 1238 18 647 2 769
26 0.012396074271332727 -0.86902307323100492 -0.80375389144457565 0 0 0 1.8157454633213976 5 802 16 1277 8 1311
27 0.05845613393412194 -0.86748429494358525 -0.76499485659341659 0 0 0 1.7762521489549787 5 1332 16 1386 7 1904 19 3188 11 3269
28 0.13288118962399395 -0.16117189607690149 -0.8784596105753173 0 0 0 2.0240072707015457 5 3991 16 1610 18 2522 7 2637 19 2541 17 1211
29 0.097630918497486952 -0.15306573862754855 -0.86276659487824614 0 0 0 1.660042668858295 5 2935 16 1631 18 1290 2 828 7 1655 3 1341
31 -0.17864445178127045 -0.86956916056692579 -0.75328370645172193 0 0 0 0.77866175608516586 5 1372 16 1866 18 1636 1 1035 10 3183
32 -0.2056070365365463 -0.86968967042157574 -0.79418658466319703 0 0 0 1.8768908352646181 5 4072 18 1638 2 1913 7 2871 1 1047 16 1871
34 -0.27953630080736003 -0.19412144485900695 -0.80459037519059651 0 0 0 1.4121906683991639 16 1961 18 1198 7 1380 4 780
35 -0.32991053701950113 -0.42132833857677437 -0.83697688156488836 0 0 0 1.0889313140037193 5 1439 16 1974
36 -0.48162218441000093 -0.69659892107022592 -0.89545919150703512 0 0 0 1.8156947708740818 5 1653 16 2090 4 1266
37 -0.20462188028727044 -0.1229031351919069 -0.97257871792109674 0 0 0 2.2834887536295017 16 2210 10 3317 17 2808 5 6124
38 -0.3427967361244062 -0.55807265048984234 -0.85408067688281331 0 0 0 1.9322829514913298 5 3896 16 2497 18 3988
39 0.12097131436675441 -0.74516680197330887 -0.75773846730810113 0 0 0 1.6817261141602016 16 2630 7 3398
40 -0.13639414039305361 -0.8491589317169026 -0.80969373871011663 0 0 0 0.47663536086966418 5 2139 16 2633
41 -0.13659652678748255 -0.85153688293306917 -0.81113825550180629 0 0 0 1.162525775573731 5 2140 16 2634 8 4894
42 -0.26685618724195037 -0.2045664478635898 -0.80524221453035105 0 0 0 1.2041038321524122 5 3545 16 2720 18 2642 7 5066 1 1250 19 4503
43 -0.19823636203240788 -0.14922437609935141 -0.97957061285587721 0 0 0 1.149459897368873 5 6222 16 2743 18 2945 7 2652 10 2809
44 0.0053047667835545431 -0.18635892837596704 -0.90130347774669395 0 0 0 1.453053858232344 5 2906 16 2770 18 1974 2 991 1 1422 19 2585 8 2687 10 1894
45 0.14388687190437208 -0.15959472621598011 -0.88668012942356067 0 0 0 2.1627193666174809 5 3956 18 3007 2 836 7 1642 8 1854 16 2790
48 0.04325994415042457 -0.16668119089383107 -0.91087781795998146 0 0 0 2.0328340548166697 5 2975 16 2823 2 978 7 2410
49 -0.20702701367767393 -0.134643110366688 -0.96230972753640587 0 0 0 2.227837767111827 16 3976 18 8725 2 3079 7 7961 1 3672 19 7632 8 3676 10 4763 11 6477 20 7001 17 4303 9 2290 5 7927
51 -0.19991721227884959 -0.13088509521873878 -0.97822487559981997 0 0 0 1.4360049279848701 5 12678 16 3982 18 8703 7 9443 19 10617 11 9025 20 9998
52 0.14728850839725058 -0.14431764277555387 -0.89562611537887005 0 0 0 1.8173310805469753 5 7663 16 4055 7 9242 8 6555
53 0.12407602437426352 -0.1520123130155358 -0.88203593580296391 0 0 0 0.36166342931501078 5 7669 16 4113
55 -0.0034099379899086707 -0.17782235645563368 -0.94071876312914338 0 0 0 1.9498844377664704 5 2900 2 1589 18 1964 7 2375 15 876
56 -0.3034057614389648 -0.17860169236679571 -0.83448110290462552 0 0 0 1.1764532267749526 5 6589 16 4232 7 8898 8 6731
57 -0.27330822754036388 -0.48066274270239379 -0.82736502902031717 0 0 0 1.9813662616168568 5 1472 16 4503 7 2975
58 -0.37483904377174038 -0.73630549793058186 -0.86914925146608324 0 0 0 1.9520239198740263 5 4323 16 4524 7 4463 1 2877 8 5628
59 -0.40641111966874044 -0.71571885737271979 -0.86604873646559111 0 0 0 0.65721632190692203 5 10813 16 4530 18 7518
60 -0.40641111966874044 -0.71571885737271979 -0.86604873646559111 0 0 0 0.65721632190692203 5 10814 16 4531 18 7520
61 -0.45220290661488372 -0.72077928289031123 -0.89341821512362585 0 0 0 1.4010629811207667 5 4298 18 3998 7 7578 4 3153
63 -0.10448253364237425 -0.86775061173415335 -0.80368924921228735 0 0 0 2.3906288410914276 5 4117 16 4707 7 4358 19 3951 8 3071
64 -0.086147844321337069 -0.76073904399696635 -0.80590831163210086 0 0 0 0.95881242458435068 5 4379 16 4713
65 -0.20097086485903179 -0.71812147457740205 -0.80209189246055268 0 0 0 0.97501370943392229 5 4373 16 4735 1 1604 19 2996
66 0.13252167177595786 -0.80857928525334777 -0.74892611108516749 0 0 0 2.2855108033518303 5 4905 16 5149 18 5036 2 4137 19 4067 8 3046 20 3152
67 0.13239152492339373 -0.80890451374068673 -0.74933115876085754 0 0 0 2.2692055250574925 5 4904 18 5041 19 4064 8 3045 20 3153 16 5150
68 0.13620164845595609 -0.8110018609067553 -0.74680897001154012 0 0 0 1.7322329104569181 5 4431 16 5152 5 10966 2 4153 7 4499 18 7239 1 3135 19 4069 11 4900 20 7695
70 -0.22054883434014014 0.059905798100879412 -0.89638111144882315 0 0 0 0.66509360512793736 5 12239 16 5693
71 0.12633452404770701 -0.14125055459435659 -0.8828790534369142 0 0 0 0.67228719601618014 5 12559 16 6172
72 0.13587154672618348 -0.1648151238946205 -0.87963382258767164 0 0 0 2.0809154492748818 5 7664 7 7695 1 3804 19 7288
73 0.0027705528485189035 -0.19416758668467349 -0.89707921190410467 0 0 0 1.6620939959199343 5 8555 16 6257 2 3566 7 9942 1 6475 19 11824 10 7160 11 8101
74 0.0043209588131726678 -0.19145846484729701 -0.89882722147926475 0 0 0 1.6414193664153647 5 5848 16 6272 18 6039 2 3279 7 7752 8 4243 17 4843
75 -0.26823665014748821 -0.20060929632154845 -0.80621840559285518 0 0 0 1.055900501924415 5 6603 16 6604 18 8049 1 5299 19 11907 17 6928
76 -0.055304453332778364 -0.86382190897874933 -0.76619970434187157 0 0 0 0.12175685209810817 5 4842 16 6832
77 -0.31088154471062068 -0.64126129145111044 -0.85052028769382182 0 0 0 2.3158863547590096 5 5788 16 7060 11 3753 20 5870
78 0.057762536976839848 -0.29348620769241135 -0.77705149691921749 0 0 0 1.8140363141373461 5 7558 16 7606 1 3621 19 4825
79 -0.32826504841030102 -0.86557829725640323 -0.82663862212029771 0 0 0 1.1705185869283086 5 4336 7 4441 1 2592
80 -0.11222944764348367 -0.82904357991935962 -0.80255261650765042 0 0 0 2.0857196989279423 5 10392 16 8176 18 7183 7 9084 1 3187 19 5199
81 -0.12032524893386146 -0.81410544298101062 -0.81224919792218842 0 0 0 2.0613641231745627 5 4382 16 8177 2 7805 7 6638 1 3175 19 5553 11 7431
82 -0.10969177963060425 -0.84258201508958686 -0.80370945208030919 0 0 0 2.0513871577596823 5 13289 16 8184 2 5592
83 0.11063848993908589 -0.73963281331620001 -0.75157619994275526 0 0 0 2.5058807290860505 5 4896 16 8220 19 1321 11 1231
84 0.11025077596290341 -0.73826309943982449 -0.74951689986420522 0 0 0 2.1228241167518336 5 4897 19 1322 11 1230 20 973
86 0.019117401542167442 -0.86252099514371761 -0.75024290208342759 0 0 0 1.7259813370789652 5 13216 16 9179 8 5171 11 8888
87 -0.25430912030776054 -0.20898341496149014 -0.79875665606320467 0 0 0 2.0759034196713095 5 8767 16 10087 18 9284 1 5024 4 5038 19 10505
88 -0.11767277482501809 -0.87101847830339851 -0.79724756740250702 0 0 0 1.0728311516527362 5 13299 16 10310 2 7825 19 6761
89 0.11771904939116838 -0.67098345682410354 -0.75668902258715609 0 0 0 1.9619791492868128 5 11463 16 10326 2 8453 11 10412 20 8947 1 8723
90 0.11359217449330819 -0.68001978402335128 -0.76125316345606286 0 0 0 0.97506753077104458 16 10341 18 7231 7 7152
91 -0.2163173860789617 -0.71166899156930175 -0.80128485141862238 0 0 0 2.3557859560200698 5 11381 16 11279 2 7280 1 5861 4 4390 11 7418
92 -0.21646485249152483 -0.71827730776163845 -0.80294920844467166 0 0 0 1.7396793088491158 16 11300 18 9951 2 5284 4 6435 8 4699 10 10841
93 -0.10124190106549547 -0.74389924229702564 -0.80383922460417367 0 0 0 1.7395795302445245 5 11432 19 5550
94 -0.090431441534732621 -0.75994448665490655 -0.81099831026260616 0 0 0 2.0549546266913059 5 4831 16 11327 2 8390
95 -0.20108278941587202 -0.12147662240105347 -0.98470574975887382 0 0 0 1.5249409768883082 5 12691 18 11565 1 10100 9 4178
99 0.31612454476908824 -1.07282415292637 -0.85166620057828202 0 0 0 0.58458017827155428 5 87 18 32
102 0.1774085554430061 -0.18670046623129691 -0.90960024299445341 0 0 0 1.2171690725572368 5 195 18 88 7 170
103 -0.029034440087401442 -0.25357447019744284 -0.90306948396583486 0 0 0 1.6861858321590557 5 190 2 83 16 215
106 -0.51780082760047863 -0.87914365705000574 -0.92619790404261404 0 0 0 2.8474347435585763 16 116 7 139 8 111
107 0.28176348075720964 -0.85992311894144779 -0.89762245388901341 0 0 0 1.3095483429560055 16 109 2 70 18 104
108 -0.46892770399077932 -0.61516587377961218 -0.89697092353175201 0 0 0 1.2163224246713535 16 115 11 78
109 0.58254459433925398 -0.81140757651845341 -1.0388124558470562 0 0 0 2.0422091028379703 5 207 16 143 18 131
110 0.11141628417329083 -0.1679750125126242 -0.87060337833961721 0 0 0 1.6668983812841791 16 139 18 135 2 68
111 0.38575565138408141 -0.84052660959495284 -0.79295898784034802 0 0 0 1.2602494147124947 5 138 7 174 18 137
113 0.49210007090727992 -0.85363773430845535 -0.95308960579047253 0 0 0 2.0311078594923324 2 121 7 227 19 191 5 168
114 -0.35844550114013285 -0.71133120635761227 -0.86761438615789355 0 0 0 1.1464510522975768 5 158 7 215 1 147 19 213
115 -0.066416892373085179 -0.86826618345169937 -0.81388041255834032 0 0 0 0.33683488696674435 5 164 19 128
117 0.55745692970844329 -0.84800685194380487 -1.0371430118579898 0 0 0 1.7408609803152275 5 189 18 193 2 128 7 231 1 172 3 140
118 0.0013158689070271179 -0.28388370501199911 -0.8334443576047097 0 0 0 1.0410185905718137 16 217 1 132
119 0.033940104862799317 -0.29302255950057721 -0.79239594995706253 0 0 0 1.2543370530170053 18 220 2 126 7 210
120 0.14061856984690238 -0.14707100534126352 -0.8916858256628124 0 0 0 1.5857541695323856 5 451 18 223 2 129 16 211 7 320
121 0.14046406698170349 -0.14672753514517467 -0.89153265312862207 0 0 0 2.0706947738711348 5 448 18 224 2 130 16 212 7 323 4 329 3 377 8 155
123 0.070294805809912625 -0.28538658870201078 -0.78752207733065771 0 0 0 1.6064860613981473 18 229 2 217 4 495 19 267 3 297
124 -0.32752250918275672 -0.49841465427376602 -0.84746699431804529 0 0 0 1.5094629776635411 16 291 18 231 1 156
125 0.06653580498402667 -0.27509186632791011 -0.81828005140047044 0 0 0 0.44276181925151104 18 260 8 739
126 0.13014347884310337 -0.22323451521192089 -0.85374735088297737 0 0 0 1.8409405647337882 5 641 18 261 2 203 7 361 1 302 19 505
127 0.052421261465051799 -0.27792962024750778 -0.78900099991699024 0 0 0 3.0942112406795879 16 494 18 263 2 211 8 575
128 0.0011092663552045023 -0.18011164351885894 -0.9139904497963518 0 0 0 1.7260599208698311 16 484 18 270 2 220
129 0.17126383574271001 -0.77933335315703989 -0.73318907308482384 0 0 0 1.7744136425259085 18 326 2 179 7 269 19 185 11 147
130 0.53008336527898192 -0.83514854046028075 -1.0554284561136951 0 0 0 1.9115626861274113 5 443 16 313 18 334 2 192
131 -0.32752250918275672 -0.49841465427376602 -0.84746699431804529 0 0 0 1.5094629776635411 16 290 18 353 1 157
132 0.042305044358387833 -0.29409602897069698 -0.76769715361715485 0 0 0 1.6457566466717772 18 362 2 221 7 365 1 330 4 317 8 565 10 554
133 0.0744551557650594 -0.11681164700929428 -1.0719370328768452 0 0 0 0.39430474882426292 18 373 8 288
134 0.063896271081110512 -0.13212259190351797 -0.9257926313624727 0 0 0 2.5762716303876969 16 516 18 377 2 265
135 0.14091666943477049 -0.16424350307208405 -1.1008273666720609 0 0 0 2.0758895869896841 2 251 8 287 18 380
136 0.088085442294258021 -0.29231914366827283 -0.753401363907378 0 0 0 1.4986634157546586 16 757 1 328 3 379
137 0.10937419599488166 -0.31320169840694578 -0.72513156894857989 0 0 0 1.9157172493363259 16 585 18 387 2 335 1 331 4 435
138 0.13056323718875187 -0.16734507325805051 -0.87322299453714414 0 0 0 1.8700633513371916 5 1085 18 388 7 947
139 0.12440660695248049 -0.23542040014135091 -0.85088481130321814 0 0 0 2.1652250063695004 2 254 7 938 18 389 10 849
140 0.09779933277079389 -0.31810521260175378 -0.72696406791623258 0 0 0 2.0907242626825031 16 399 18 394 7 368 3 425 4 321
142 0.14730285408590849 -0.17141331320150194 -0.89012763682553953 0 0 0 1.5857788265484738 5 1080 16 458 18 403 2 250 7 928 3 704
143 -0.017047481347903598 -0.26419020483270261 -0.87861583994571824 0 0 0 1.7158488988579497 18 404 2 272 1 501 10 519
144 0.14728351805582385 -0.1713148517703067 -0.88998782088049655 0 0 0 1.4819287263306968 5 1082 16 456 18 408 2 249 7 925 3 705 8 297
147 0.4973690437743451 -0.84061610182235236 -1.0413337748334999 0 0 0 2.1609581836723675 5 615 16 418 18 441 1 433 3 312 2 342 8 260 10 370 12 107
148 0.11017601941182824 -0.72496923042516959 -0.75681322254111438 0 0 0 1.0939168971472173 5 417 16 391
149 0.1095469908499016 -0.72997431083236752 -0.76194675009633039 0 0 0 1.730371095287488 16 390 18 471 7 523
150 0.14355176463926109 -0.86991339819885138 -0.7306534528059212 0 0 0 0.74244087742526832 5 427 18 476 7 541 15 769
153 -0.14026980370608286 -0.80704327249376195 -0.81920191499339357 0 0 0 2.1130683252993725 16 602 2 430 7 892 18 494 8 1278
156 -0.21253772548956171 -0.14648671433304999 -0.95413786390536903 0 0 0 1.5129443601683159 16 260 2 236 8 327
157 -0.20716015854323214 -0.36118825396018261 -0.98003363203269944 0 0 0 1.3851848944536373 16 536 18 567 7 400 4 533
158 -0.21115105277298388 -0.12318163372985888 -0.94663183231045589 0 0 0 1.366985703524437 16 257 18 569 7 430 5 736
159 -0.20855093529202826 -0.1219404659581039 -0.94182032074098698 0 0 0 1.2291962168036261 16 258 4 573
160 -0.27410738438675841 -0.2017016827220417 -0.80731163415383844 0 0 0 1.5188217657955978 5 327 16 660 18 572 7 439 19 722 4 352
161 -0.27399315770892307 -0.20174605887107411 -0.8077511935506041 0 0 0 0.68044561211175469 5 328 18 573 7 440
162 -0.044738684397348571 -0.22746004071668502 -0.87760791727724174 0 0 0 2.0733836426064181 5 1129 2 243 7 993 18 608 3 859
163 -0.36356828005542863 -0.87156889385532144 -0.77441970158782825 0 0 0 1.8987974584273877 16 615 18 626 7 900 11 807
165 -0.49822741170937723 -0.72933462470477139 -0.89982738672281415 0 0 0 1.8592290469878683 5 889 16 1264 18 634 7 827
166 -0.34453069932560054 -0.87232957449242554 -0.78656832409846977 0 0 0 2.2403250852605532 16 769 18 635 2 458 7 889 1 421 19 617 8 800 10 682
167 -0.25328283770036131 -0.84435599676640316 -0.82420604920257334 0 0 0 1.5622620704470198 5 593 16 1302 18 644 7 1213
168 -0.11955678462876818 -0.8577414457120458 -0.80204008825970607 0 0 0 1.9431691660039541 5 786 16 591 18 645 2 596 7 765 19 574 8 775 10 1498 11 414 20 583
169 0.093524170434005072 -0.69068267971192143 -0.75605143130007457 0 0 0 1.2868729269385606 16 583 18 663 19 680 8 777
170 -0.21700306328081667 -0.71595245898442061 -0.80339128143976479 0 0 0 1.4786602334821759 5 661 16 601 2 763 7 1222 1 261
171 0.084567341167438512 -0.44720398922875443 -0.79210965833974711 0 0 0 1.1945501146772519 16 1184 2 571 7 1233 19 677 11 608
172 0.10066884717552681 -0.68021955662820388 -0.77313973780911449 0 0 0 1.8960367501605482 1 415 19 1126 11 1223 2 748 5 940
173 0.16996976921499193 -0.79993560934743946 -0.7261296915879093 0 0 0 1.0004181416470974 18 719 7 1245 5 1027
175 0.48122223407419673 -0.84095225827071451 -1.0501597334856467 0 0 0 1.6357520830987593 16 575 7 1291 8 751 10 637
176 0.48121101291311985 -0.84051721357305142 -1.0499122906578688 0 0 0 1.5150299616796712 16 589 7 1283 3 662 8 752 10 620
177 0.087822851370058075 -0.14672361740742795 -0.87113442653037532 0 0 0 1.0621592630368175 5 1089 2 527 18 840 7 1012
178 0.41778679176181988 -0.844486065040565 -0.67070831668535447 0 0 0 0.48548984290446862 5 707 1 454
180 0.018756980406158447 -0.18455340879703375 -0.90387837064093168 0 0 0 1.9260685341269301 5 1119 16 917 18 935 2 519 7 991 1 790 4 841 19 958 3 923 11 1983 20 4994
181 0.018795381431848585 -0.18518391793544456 -0.90540688468424335 0 0 0 1.4882767674218595 5 1120 16 918 18 936 2 520 7 992 1 789 4 840 19 959 3 922
182 0.0097532859720946136 -0.19114403635946864 -0.90152994865656111 0 0 0 1.9023884743404864 5 1110 16 759 18 941 2 523 4 836 19 755
183 0.019493146487417012 -0.16602871610060999 -0.90848107187271232 0 0 0 0.78022444805804847 16 914 18 945
184 0.019493146487417012 -0.16602871610060999 -0.90848107187271232 0 0 0 0.78022444805804847 16 913 18 946
185 0.019493146487417012 -0.16602871610060999 -0.90848107187271232 0 0 0 0.78022444805804847 16 915 18 947
186 0.10936992033432885 -0.14709849496250688 -0.86747284824461413 0 0 0 1.258709404672552 16 498 2 258 7 574 5 502
187 0.1606350363525155 -0.14829843557239389 -0.91634177456564236 0 0 0 1.6919160323400746 16 733 18 960 2 461 7 1611
189 0.10983322112384708 -0.14559371179751471 -0.89668406276781099 0 0 0 1.8029861834024408 16 557 18 966 7 949
190 0.16705365558101268 -0.16053862767121749 -0.92199126950393762 0 0 0 2.2772665111966828 5 1161 18 968 2 422 7 924 4 865
192 0.15830576648979808 -0.16628831848931191 -0.90311618099629487 0 0 0 1.36654874481025 5 1172 16 457 18 971 2 539 7 1447 4 862 3 976
193 0.18290044765956312 -0.27524033035146289 -0.87295632775169496 0 0 0 0.90470576903970334 16 744 2 538 19 1740
194 0.10425350592966812 -0.19790857926199101 -0.84712346414349859 0 0 0 0.37788378611522599 5 1170 18 989 2 546
195 0.11891501937522596 -0.21521133278849008 -0.84991735601499241 0 0 0 2.0597625908789849 16 746 18 990 2 550 19 939 8 828 1 802
196 0.17523553282792853 -0.24137582560614868 -0.87944513070314434 0 0 0 2.4287420468934835 16 739 18 992 19 925 8 839 10 879
197 0.11901181674415151 -0.21590767252686016 -0.85176384092991753 0 0 0 1.9656558486225317 5 1235 18 993 2 551 7 1453 1 803 19 940 11 1122
198 -0.18635636790726404 -0.17133359457666031 -1.0262895035220532 0 0 0 1.2646942811104611 5 3034 18 1054 2 902 7 1756 16 941
199 -0.092461629366021619 -0.87035276315842869 -0.81297996803990702 0 0 0 1.4729012836084481 1 570 8 780 10 1495
200 -0.20128670207575197 -0.28471054905940185 -1.0598211554636487 0 0 0 1.5051687578321871 16 939 18 1158 7 1391 4 810 3 564
201 -0.27953630080736003 -0.19412144485900695 -0.80459037519059651 0 0 0 1.4121906683991639 16 1963 18 1202 7 1377 4 779
202 0.17940625760519402 -0.86361519166417322 -0.73077712258460825 0 0 0 2.0367751329238546 16 839 18 1207 2 621 7 1250 19 602
204 0.11474984914765654 -0.154386827414386 -0.864278063697556 0 0 0 1.6006335684342707 5 1165 18 1229 2 537 16 745 7 1460 3 696 8 827
207 0.015548758699585205 -0.17872848046643408 -0.91862901424314969 0 0 0 1.4365184640547715 5 1192 16 1655 18 1279 2 806 7 1686
208 0.1020785135380198 -0.15839457943801746 -0.85952362955356887 0 0 0 1.507825394721229 5 1177 16 896 18 1285 2 808 7 1641 8 1052 10 1356
209 0.071378736107120727 -0.18196389494216678 -0.89420312281215941 0 0 0 0.37281757095891727 18 1291 2 819 4 1025
210 0.052123063916499013 -0.20448889576987844 -0.89846995884777558 0 0 0 1.5451716455401958 18 1294 2 977 7 1668 4 1665
211 0.1592230315075297 -0.24037655317114553 -0.86861994281219257 0 0 0 0.79719378195145085 2 838 8 1042 18 1306
212 0.19910446157034312 -0.17942308265273688 -0.90902304637715536 0 0 0 1.9016909103334425 5 3957 18 1307 2 855 7 1615 4 1543 19 1749
213 0.15836522211131204 -0.17628464879100891 -0.89769142473877772 0 0 0 1.8941561903507826 2 846 7 1629 5 2947 4 1037 19 1752 3 919
215 0.40707314738317146 -0.85789070791531752 -0.68841581882635727 0 0 0 1.9092018434278277 5 1280 18 1379 19 1403
216 -0.21521868567631139 -0.68798653348412109 -0.81296910123720156 0 0 0 1.5897761840601263 16 1227 18 1411 2 1204 7 2847 4 1141
217 -0.30056669075897335 -0.87877724823044301 -0.80173977974192367 0 0 0 1.0434198899304801 16 1237 18 1414 7 1199 8 1258
219 -0.47873572875791193 -0.87665554917085453 -0.85999980142488641 0 0 0 1.5083092387918349 16 1256 8 2983
220 -0.43024384063361143 -0.73824758671501867 -0.87952033514082473 0 0 0 1.4663980521766187 16 1832 18 1434 7 1172
221 -0.45610459922492974 -0.71708882775392535 -0.8805623855276774 0 0 0 2.9072078347926031 16 1814 18 1450 3 491
222 0.24746320911089176 -0.20651267804562456 -1.0285916136337629 0 0 0 0.83418353516957977 5 5523 18 1468 2 928
223 0.24746320911089176 -0.20651267804562456 -1.0285916136337629 0 0 0 0.83418353516957977 5 5525 18 1470 2 931
224 -0.036536110442637049 -0.86340998498536936 -0.78621776151437373 0 0 0 1.1638057601896703 1 556 19 1122
226 0.15171468919337283 -0.27139394681456863 -0.84635750534505005 0 0 0 1.1399551750871881 5 1558 18 1515 2 944 4 1043 10 2699
227 -0.45852910823716375 -0.57009798667794964 -0.88603324151800633 0 0 0 0.21666436796061742 16 2531 18 1531 4 1261
228 0.29928356760497798 -0.84470410470471191 -1.0970296753934117 0 0 0 0.15954325898138713 16 1905 17 682
229 -0.46804367178675577 -0.74857108912627246 -0.88980269560008662 0 0 0 1.0264820426184551 5 2692 18 1541 7 1960
230 -0.49505798319371985 -0.86592644437454935 -0.91479897108442088 0 0 0 1.1165820854898389 5 890 16 1815
231 0.012757007071769397 -0.16396696829409838 -0.92560149140892722 0 0 0 1.3971771851031389 16 1385 18 1561 2 790
232 0.012757007071769397 -0.16396696829409838 -0.92560149140892722 0 0 0 1.3971771851031389 16 1701 18 1562 2 789
233 -0.0060601596657088863 -0.17944938727705137 -1.0122961532347445 0 0 0 2.0320010605464636 16 1647 18 1570 2 1092
235 0.057018883657214484 -0.15277567072693229 -0.92120166695666961 0 0 0 0.59837708254756461 5 2922 18 1576 2 1098
236 0.056888949724773659 -0.15290623759099797 -0.92168472036645754 0 0 0 1.6466974859478434 5 2920 16 2822 18 1577 2 1099 7 2298 1 1231 4 2540 15 1965
237 0.13752374921950355 -0.15988938413727083 -0.88902992547312243 0 0 0 1.301617171791924 5 3951 18 1580 7 2435 1 1497 4 2513
238 0.13752374921950355 -0.15988938413727083 -0.88902992547312243 0 0 0 1.301617171791924 5 3950 18 1584 7 2434 1 1498 4 2516
239 0.13058629233134056 -0.14215566133683127 -0.8842828422217901 0 0 0 2.2640310886725636 5 5543 16 1613 18 1591
240 0.068166525940355271 -0.11823963836824497 -1.0082765746293505 0 0 0 2.3834894503586108 16 1629 18 1593 7 1505 19 10219
241 -0.33732835689019558 -0.53866347621091215 -0.85891465611061202 0 0 0 2.0387476258331092 5 3897 18 1610 1 1807 4 1990 19 1255
244 -0.24579133871672834 -0.81400048489315679 -0.82686083270530442 0 0 0 0.77619096144097588 5 757 19 5214
245 -0.17039198255504215 -0.86805417635894067 -0.82244121836499851 0 0 0 1.9677351198899873 16 2553 18 1633 2 3018 7 1938 1 1634 5 2153
246 -0.11676609185646955 -0.83961362901104875 -0.80228156835155384 0 0 0 1.9403186162347563 16 1870 18 1635 2 1876 7 2904 8 1401
247 -0.17872183587980708 -0.86998450463312471 -0.75365085906619345 0 0 0 1.0101491002302545 16 1865 18 1637 2 1241 1 1037 10 3184
248 -0.10744641107486924 -0.86315484303224488 -0.80884415367967066 0 0 0 1.145052148542566 16 1867 2 1208 1 1038 19 911 11 1238
249 -0.087186582516790928 -0.67183193360707905 -0.82148681979164229 0 0 0 1.4297834347365861 18 1646 2 1220 10 2258
252 0.10834535152335271 -0.4977384789889045 -0.78156347759632827 0 0 0 1.724950913887783 16 2456 18 1668
253 0.43529121646358704 -0.84450079468245209 -1.0523777076404726 0 0 0 1.2903459649341578 5 1584 18 1689 7 1877 19 2959
255 0.46637506480094115 -0.84903705079918423 -0.83881054987492609 0 0 0 1.9965993234650845 5 1604 18 1698 2 1118 12 709
257 0.51614730097284278 -0.83689227571755009 -1.0402479785381349 0 0 0 2.231205886310708 5 1585 18 1707 1 1356 3 1200
258 0.51629575867524646 -0.85205593607506014 -0.88729673992766189 0 0 0 0.9492725395895949 16 1083 18 1711 10 705
259 0.15173974837489179 -0.27161504582054702 -0.8465985104991447 0 0 0 1.368915248707445 5 1557 18 1721 2 945
260 -0.19921072632631556 -0.12696085563887952 -0.98671633554748994 0 0 0 1.3902289500024394 5 3035 18 1751 16 2027 7 2755 8 1945 10 2358 17 1400 9 1201
261 -0.20687864574156592 -0.14737562868637841 -0.96499983674261558 0 0 0 1.6501678427224542 5 3036 18 1763 2 1055 7 1778 7 2751 19 2648 8 2081 10 2069 20 2665 17 2238 9 1221
263 -0.18591106499387819 -0.34792249820014415 -1.0813249175902915 0 0 0 1.8399217713936606 16 949 18 1834 7 1739
264 -0.036626742397995016 -0.26586851536245348 -0.8936590521976302 0 0 0 1.9329263483114763 5 1385 18 1835 2 799 3 1100
265 -0.32288598513133926 -0.46386350891115397 -0.83721933913872726 0 0 0 1.7040500743545406 5 3907 7 4593 4 3956
266 -0.32389682603000736 -0.46756380689533544 -0.84058616648259865 0 0 0 1.8029685254687664 5 3906 4 3957
268 -0.21733213381586416 -0.26779533245657167 -1.1129340489867627 0 0 0 1.1208430299987167 16 2755 18 1908 1 1313
269 -0.016101901080586123 -0.31367906694650283 -0.74794822464416244 0 0 0 0.27789202193887003 16 1685 2 758
270 0.012211526338823511 -0.19955272116650885 -0.89819247934193958 0 0 0 2.7085846443007018 18 1962 2 793 7 1701 3 873 4 839 19 1694
271 0.010584055478705431 -0.18557530529677363 -0.90700792932208452 0 0 0 1.2484824600525386 5 6217 16 1667 18 1963 2 993 7 2377 1 1409 19 2586
272 0.020884979375527482 -0.31702095877304948 -0.73857609762210807 0 0 0 2.7647251656890752 16 1668 18 1967 2 1331
273 0.040709053966453759 -0.32259184124163132 -0.73388660012834162 0 0 0 1.9307075329739134 16 2460 18 1975 2 2526 7 3090
274 0.081328065708601183 -0.16126559595117401 -0.88443234436367413 0 0 0 0.39078302615239874 5 3860 16 898 18 1981
275 0.053474346756870246 -0.28913114908031301 -0.77908676325632875 0 0 0 1.1943991355714378 16 1662 2 984 7 3349 1 1189 10 2263
277 0.082184898094601 -0.17545296395329049 -0.87753147023336897 0 0 0 1.0281777997182322 5 2938 18 1988 2 969
278 0.082184898094601 -0.17545296395329049 -0.87753147023336897 0 0 0 1.0281777997182322 5 2939 18 1991 2 968
279 0.083832506064183659 -0.17556259743449082 -0.89485944944125517 0 0 0 0.41352424162822887 5 1837 18 1992
280 0.13979737533566083 -0.26116948674266938 -0.84072871719788678 0 0 0 2.6624057886017081 7 1646 1 1476
283 0.48362149500007034 -0.85460763912067583 -0.68325806295875102 0 0 0 0.26199106719984894 5 1955 18 2085 10 1719
284 -0.35320811432631294 -0.52861158670365405 -0.86213042873157231 0 0 0 2.1683926555497322 5 2230 18 2365 7 2940
285 -0.35316673831526102 -0.52854206079652122 -0.86196539745457001 0 0 0 1.7585137671719269 5 2229 16 2505 18 2366 7 2941
286 0.16161266046770703 -0.27902882103435228 -0.84417081752271494 0 0 0 1.8864772397262684 5 6806 16 1614 2 948 3 1636 8 1643
287 0.16501251222118196 -0.78561951230034999 -0.72734263774993757 0 0 0 1.8217542076216229 16 3361 18 2408 2 1607 7 2285
291 0.095939803356046224 -0.16034520971806293 -0.86112072210315693 0 0 0 0.61932188282088785 5 3938 18 2535 7 5902
292 0.1107112563879212 -0.17137243331191201 -0.86683145074561119 0 0 0 1.0769605993432576 5 3876 18 2537 2 1844 16 2798 7 2426
293 0.11085005532616629 -0.17044176537157635 -0.8652406591678885 0 0 0 1.9149346237630291 5 3877 18 2538 2 1843 7 2425 19 4376 11 4767 20 4915
294 0.089562878424553419 -0.15956344111714135 -0.87098451890507977 0 0 0 1.0994424690544571 5 3864 18 2542 2 3306 7 5914
295 0.12658694742767393 -0.16047159430361244 -0.87425324944980631 0 0 0 2.2058552444519473 16 2793 18 2544 2 953 7 2440 1 1234 19 4353 8 2655 10 2709 11 5362 17 2951
296 0.11746116438995356 -0.18101907727312422 -0.86851865597639399 0 0 0 2.0098141669598153 5 3934 18 2545 2 955 7 2437 19 2544
297 0.12662996989688202 -0.16031801675953203 -0.87412974445987524 0 0 0 1.9668803786570919 16 2794 18 2546 2 952 1 1478 19 4352 8 2658 11 5361 10 2708
298 0.098705366744233081 -0.17676883920771189 -0.86937654175950319 0 0 0 2.3626982922203985 16 2809 18 2548
299 0.13716864238358253 -0.17449738135510273 -0.88844224192254084 0 0 0 0.050815535034003795 18 2550 2 960
300 0.13575818234682652 -0.16810368945220766 -0.87119678492344832 0 0 0 3.0578459395046722 16 2085 18 2551 2 961
301 0.04018050281875965 -0.23395315890265062 -0.87635390297513016 0 0 0 1.5828270127521433 16 2319 18 2570 7 2386 1 1420
302 0.025551687301575449 -0.20645693988474717 -0.89713310788916756 0 0 0 1.4176066312265194 16 2765 18 2572 2 1781 19 2572
303 0.025109317612743626 -0.18262545946507994 -0.90429952189654572 0 0 0 1.2965782086101045 5 2911 18 2574 2 3323 4 2560
304 0.025109317612743626 -0.18262545946507994 -0.90429952189654572 0 0 0 1.2965782086101045 5 2912 18 2575 2 3324 4 2561
305 0.0086321739110391538 -0.1780780793233678 -0.91989421369715507 0 0 0 2.3064604346787347 16 3105 18 2576 7 2389 19 4392 3 1918 1 1417 11 12285
306 0.033812366252090234 -0.19014261353590467 -0.90155535600344616 0 0 0 1.9092420682997557 5 2990 18 2577 2 1782 7 5945 19 2578 1 1184 11 2502 20 2024
307 0.048315541002010715 -0.21616429801267534 -0.88718962970060344 0 0 0 1.2700346997932068 18 2578 2 3329 7 5951 4 2884
308 0.027713728664487097 -0.28023982766149808 -0.87667723286106658 0 0 0 1.3238643580525309 16 2324 18 2587 2 1775
309 -0.18394388740489756 -0.36634984657810465 -1.0520724879574215 0 0 0 0.87957654153090004 5 6645 2 3184
310 -0.23652005343578561 -0.28160705728285346 -1.0340466618077853 0 0 0 0.55524447627930884 18 2614 2 1689 7 2907
311 -0.22410248253368506 -0.26689081771675249 -1.1123577546751466 0 0 0 1.3536407575303495 16 6502 18 2626 1 2755 10 10521
312 -0.28516417016899653 -0.1792794589361979 -0.83005933488574346 0 0 0 0.047586298132307005 5 1449 18 2651
313 -0.29061520326658363 -0.19539351667313964 -0.81162972466204719 0 0 0 1.7345458231401145 5 3549 18 2655 7 8862 19 11716
314 -0.46731144563289218 -0.8639401387925989 -0.80723349776946174 0 0 0 2.2076925772419567 5 2280 16 3192 10 2976
316 -0.41665136241610268 -0.87596758988046752 -0.79677474840461016 0 0 0 1.6715601120680279 16 3174 18 2836 7 2814
317 -0.43757938627666682 -0.87678978897227733 -0.89147165589860777 0 0 0 1.4602750688901851 16 3161 8 2989 10 2969
318 -0.34232859198652776 -0.87279944768899198 -0.7638032991635435 0 0 0 2.4269798725339022 16 1827 18 2848 2 1305 19 1844 11 1734 20 1769 10 2034
319 -0.36740808772181965 -0.87834515344001507 -0.71451041792148329 0 0 0 1.7843305850836155 16 3182 20 2897
320 -0.37506657603878546 -0.86227992092183725 -0.90756536477490712 0 0 0 0.98726326034734091 16 3155 18 2851 7 2826
321 -0.27465036654672315 -0.87933717038820802 -0.82933987703362311 0 0 0 0.37377303503391524 2 2020 7 1937
322 -0.24032570051871285 -0.71048211703936337 -0.81559084714735208 0 0 0 2.1508809976843786 16 4742 1 1605
323 -0.24032570051871285 -0.71048211703936337 -0.81559084714735208 0 0 0 2.1508809976843786 16 4740 1 1606
324 -0.24032570051871285 -0.71048211703936337 -0.81559084714735208 0 0 0 2.1508809976843786 16 4741 1 1607
325 -0.24824387724828514 -0.86663981890540565 -0.81522819409223879 0 0 0 1.9289922063420981 5 2494 16 3137 7 4413 19 2988
326 -0.20576940035673599 -0.12352187315270069 -0.97403437427964135 0 0 0 1.1191567616106692 16 2209 18 2947 8 2553 19 3646 10 3316 17 2806 9 1519
327 -0.18923096507096446 -0.16453550546416354 -1.0249666580066643 0 0 0 1.8130760891513706 16 2753 18 2948 7 6013 8 2535 10 2826 17 2123 9 1497
330 0.047100811758928524 -0.15472920407854601 -0.92768404746581878 0 0 0 2.1352679976105118 16 1646 18 2978 7 2396
331 0.083019330680279224 -0.14242328453738312 -0.89474523950446017 0 0 0 1.52055918810533 5 5565 18 2994 2 3001 7 7703
333 -0.22376111302085447 -0.82588820014585784 -0.81129137147037156 0 0 0 1.5006903160186127 16 2665 18 3033 7 2850
334 -0.22400540780126019 -0.82566612794755301 -0.81141260174019081 0 0 0 1.7979941747402766 16 2666 18 3034 7 2851 1 1632
335 -0.16172015982296392 -0.86151321617600995 -0.7540929592229404 0 0 0 1.4316120250686568 5 2141 1 1641 7 2895
337 0.10548075323860776 -0.86348928747950282 -0.72764155426647026 0 0 0 2.5335189298395324 16 3388 18 3076 2 1176 10 1584 17 1989
338 0.23424637486098859 -0.85778143815943331 -0.74446122487310895 0 0 0 1.357736782982307 16 3354 18 3081 8 3287 20 2313
339 0.10061290931371489 -0.82136409696014545 -0.7591118782100188 0 0 0 1.8313964973533186 16 5328 18 3088 7 3396
340 0.23803637290658081 -0.82197997576302639 -0.71424627908092608 0 0 0 2.3409056656539287 16 5132 18 3101
341 0.47449761332339935 -0.84890412226736345 -0.71267521390350841 0 0 0 1.0822906632064573 18 3143 20 1841
342 0.32305355977754346 -0.85985633038130849 -0.50182512575244675 0 0 0 1.7593359299032418 5 3120 18 3226 7 3755
343 -0.2508736238392959 0.027556419780569413 -0.81028031356602037 0 0 0 1.3649381143811734 16 3921 4 3011
344 0.13460014253770558 -0.29057077252685104 -0.77129137256396874 0 0 0 2.0512797658922866 16 4295 18 3316 2 1841 7 4310 19 4791 4 2925 3 1629 10 2544
345 0.11731858688100316 -0.3229836243703671 -0.71703112815004166 0 0 0 1.0770681624601961 2 1369 1 812 4 2241
346 0.1411820986693415 -0.28816267444686711 -0.7927480848612074 0 0 0 1.7920263320857135 16 4321 18 3327 2 1842 7 3359
347 0.087972645117138121 -0.30367328931380422 -0.73835657889976258 0 0 0 0.6574978868110013 18 3330 8 1813
348 0.070213921999947471 -0.27404940067173517 -0.78479372772412148 0 0 0 1.1358498740687593 16 2328 2 1814 7 4984 1 3541 19 4807 8 2829 10 2665
349 0.040626712793745898 -0.28050028566148982 -0.78578294310668162 0 0 0 1.7753103249298281 16 2318 2 983 7 3346 8 2844
351 -0.56544976509402145 -0.44504484582381837 -1.0828872054066947 0 0 0 0.23443115448669866 16 4405 18 3444
352 -0.32481660340161 -0.87457377319652441 -0.60479903942888691 0 0 0 1.3656683645387806 16 3543 18 3516 7 3512
353 0.020974354333464673 -0.85660664000657283 -0.60676152673052863 0 0 0 1.251088847338848 5 2545 18 3680
354 -0.50412742632049723 -0.69814898080613097 -0.89791448085553816 0 0 0 1.8605458507185206 5 1634 18 3773
355 -0.4581848705958419 -0.70885373763030146 -0.88538697001858679 0 0 0 1.5079973155993185 16 2535 18 3775 7 2923
356 -0.4581848705958419 -0.70885373763030146 -0.88538697001858679 0 0 0 1.5079973155993185 16 2536 18 3776 7 2929
357 -0.38459765392326717 -0.72268524372494913 -0.87055220988824056 0 0 0 1.4858698751778259 16 1824 18 3783 19 1192 11 1260 20 1339
358 -0.46900304037409479 -0.72973681438494142 -0.89562949055159891 0 0 0 1.8076772187381909 5 4295 18 3788 7 2917 4 3163
359 -0.43833796131529368 -0.72395069757025032 -0.87295920872080202 0 0 0 1.5159887347711463 5 2684 18 3792
360 -0.24702656914037316 -0.60859740718514033 -0.82013732549177454 0 0 0 0.7433654657301948 16 2474 7 1948 5 907
361 -0.24833743099065567 -0.6093797162120671 -0.8216035916134683 0 0 0 2.4908377922183487 16 2475 19 1266 1 1787 11 2208 20 5862
362 -0.31496538282388609 -0.64056452436009326 -0.85600906642971464 0 0 0 1.3534602247287 7 7605 1 8406 5 5787
363 0.54916272893013529 -0.83996560585810776 -1.0389970163265339 0 0 0 1.8111706187927692 5 3772 16 2582 18 3847 7 3027 1 1935 19 2947 10 3095
364 0.54768209691377856 -0.81966907433008185 -1.0436596658300183 0 0 0 2.1696843395283447 5 3779 16 2577 18 3848 2 1413 7 4475 1 1344 19 2938 8 3010 10 3074 3 1651 12 689
365 0.48827559131867715 -0.83725966021402232 -1.0344494368609534 0 0 0 2.046810428516304 5 2709 16 2542 18 3849 2 2371 7 3018 9 1436 17 1662
366 0.48827559131867715 -0.83725966021402232 -1.0344494368609534 0 0 0 2.046810428516304 5 2710 16 2541 18 3852 2 2369 7 3019 9 1455 17 1663
367 0.47097159373226538 -0.86843929610134163 -0.67974197202771447 0 0 0 1.7688749480605654 5 1970 18 3893 2 1116 16 1472
368 0.44867957847828033 -0.85360333478061534 -0.68127890439784655 0 0 0 0.65930559490933927 2 1498 1 1273 11 3246 15 3637
369 -0.099295833653490623 -0.67702229511021206 -0.81227668786689455 0 0 0 1.5843713266517268 16 4709 7 4362 19 2989 8 8687 10 5347 11 2642 18 3944 20 5946
370 -0.093701983193447191 -0.67994686689884865 -0.81344374702537303 0 0 0 1.5929115931100644 16 2549 18 3946 7 4363 19 2983 8 2952 10 5350 11 2655
371 -0.093392631565298534 -0.67899662375716807 -0.81227926487408375 0 0 0 1.167917691272351 16 2550 18 3947 7 4364 19 2982 11 2654
372 -0.31530177517506919 -0.63963391148381987 -0.8510461879016995 0 0 0 1.3764164625531745 5 9714 18 3960 7 7911 4 4415 13 7066 19 8273 14 9206
373 -0.31944687441438746 -0.63653955288477837 -0.85726096322965351 0 0 0 1.5295375811711216 5 3905 7 7930 1 2890 16 10557 4 3130 18 3969 19 5061 3 1366
374 -0.31960971039863117 -0.63701334715413238 -0.85784179335660404 0 0 0 1.2480176026790328 5 3904 18 3970 7 7929 1 2897 4 3129 19 5060 3 1367
375 -0.34023309149844572 -0.55056104810344841 -0.85784318642146484 0 0 0 2.432035759956078 16 2506 18 3973 2 4722 7 2974 4 6709
376 -0.40528999133852961 -0.74206836608360893 -0.87281495459890701 0 0 0 1.525502829383756 16 4527 18 3983 7 4470 4 3140
377 -0.33560066614920403 -0.47793389466080777 -0.84259485819032043 0 0 0 0.1886115907224245 16 7772 4 2161
378 -0.44426188553933854 -0.72269362098074952 -0.88385070841478175 0 0 0 0.4092766549766379 5 4306 16 4430 18 3993 7 5565
379 -0.45220290661488449 -0.72077928289031323 -0.89341821512362718 0 0 0 1.4010629811205852 5 4299 18 3997 7 7580 4 3154
380 -0.49197042436476823 -0.75289180493266028 -0.89622230935425073 0 0 0 1.5589904614250372 5 2696 18 4004 7 4502
381 -0.47775681103337597 -0.72652805361015238 -0.90999294614912341 0 0 0 0.14534887914135619 5 10795 18 4009
382 -0.45213623819617121 -0.57714765855486561 -0.88015309462264435 0 0 0 0.96219654170307956 5 3936 16 4555 18 4017 7 5641 4 3183
383 -0.45233960705756826 -0.56695351378702008 -0.89097484921499848 0 0 0 1.354244065622181 5 3927 16 4558 18 4021 7 5643 4 1321 11 2377 20 5876 13 3047 10 8176
384 -0.45085258323189126 -0.56451039888587773 -0.88850972730545208 0 0 0 0.9106917611313744 16 4556 18 4022 7 5644 4 1320 10 8175
385 -0.45212474264249269 -0.56638726018704588 -0.89039659947605032 0 0 0 0.73223780960741724 16 4557 18 4023 7 5645
386 -0.32567182314539933 -0.87933607625285481 -0.60053156439366417 0 0 0 1.1235670640999189 16 5542 18 4246 7 4135
387 0.34078800073691173 -0.84990468650703432 -1.0244792281550732 0 0 0 2.1937953778135548 16 4641 2 4788 1 3355 19 5604 3 2891 8 3023 10 5258 20 4872 11 4310 17 1684 9 2965 12 4411
388 0.34078800073691173 -0.84990468650703432 -1.0244792281550732 0 0 0 2.1937953778135548 16 4640 2 4787 1 3350 19 5606 3 2890 8 3024 10 5257 20 4870 11 4313 17 1697 9 2967 12 4408
389 0.50217100280969118 -0.8349716826435829 -0.98852567259404855 0 0 0 1.2905616924936929 16 4622 18 4380 2 2387
390 0.553116406353798 -0.81573883075956299 -1.0354436285462365 0 0 0 1.1527268159092954 18 4391 2 2204 1 1348
391 0.54955511786393274 -0.84488942711772785 -1.0314903878109301 0 0 0 0.083843486661296596 16 4620 18 4399
392 -0.3098752135923698 -0.86949635212069531 -0.76326412271818489 0 0 0 2.3880767074436564 16 8105 18 4556 1 2243 19 6954 8 5047 10 8912 17 5359
393 0.46800398682076183 -0.85504318463480056 -0.69702007754846373 0 0 0 1.4386393062063103 16 3758 18 4606 19 4225
394 0.39481955959580006 -0.85195052978742991 -0.79265775397659644 0 0 0 1.6303883334491092 5 5049 18 4655 1 2807
395 0.41272231115027669 -0.8541944725195405 -0.66042883047367473 0 0 0 0.48916345029820574 5 2060 19 4187
396 0.41272231115027669 -0.8541944725195405 -0.66042883047367473 0 0 0 0.48916345029820574 5 2056 19 4189
397 0.42068440819259534 -0.86738396952675068 -0.53044085630289972 0 0 0 0.98526185375000797 5 3153 18 4750
398 0.4775627819024435 -0.85129292312193883 -0.68753147831458039 0 0 0 1.8269225744349153 5 4535 16 3084 18 4771 11 3250 15 3624
400 0.13698744482998013 -0.80003053330078577 -0.75135657453694304 0 0 0 1.6260645420060567 16 5156 18 5030 2 2928
401 0.13698744482998013 -0.80003053330078577 -0.75135657453694304 0 0 0 1.6260645420060567 16 5162 18 5031 2 2929
402 -0.18203480353812804 -0.86780517491474818 -0.7448609770758523 0 0 0 2.2598460583774744 5 4372 18 5114 2 3101 7 4390
403 -0.19569108225123386 -0.87132746712405496 -0.75344188078259289 0 0 0 1.1081181461852121 5 4778 16 4738 18 5115 10 12163 2 5649
404 -0.19600415115168648 -0.81954908451188002 -0.80863387851348678 0 0 0 0.66677324034023178 18 5116 2 3103
405 -0.2096345016592697 -0.71436037379934336 -0.80741988592134173 0 0 0 1.3657171205641911 5 4362 16 1859 3 1255 8 2961 10 5203
406 -0.23264791868565768 -0.8569900059930684 -0.80530696759949238 0 0 0 0.90983169872355851 2 4002 7 2862 5 2160
407 -0.21757595690968876 -0.71289585214662665 -0.79064718716107052 0 0 0 1.3494212028470143 16 4736 18 5133 8 2949
408 -0.30768233146708002 -0.8701274391005589 -0.83450451336932563 0 0 0 1.1285177155948938 5 4342 16 4773 18 5158
409 -0.30832668058678936 -0.87262280642970036 -0.83607471198127725 0 0 0 1.498514223636481 5 4341 16 4774 18 5159 8 5642
410 -0.38004040045910736 -0.87489430489804754 -0.78574246324682884 0 0 0 1.3045684784296785 16 4794 18 5200 2 1989 7 4472 10 5442 20 4258
411 -0.41405183128464151 -0.88440353428174956 -0.87159873608140415 0 0 0 0.57011673303126664 18 5203 7 5615
412 -0.4284222261558005 -0.87411692156149812 -0.90756407776603765 0 0 0 1.1998475424613924 16 4789 18 5204 7 4460 11 4403
413 -0.41189030996477727 -0.87055160161209288 -0.76836639100709525 0 0 0 1.1968029754628184 16 4822 18 5206
414 -0.42348962304264914 -0.87336595533373496 -0.81754624007650389 0 0 0 1.0023367069003191 16 4811 18 5210 20 5729
415 -0.51853449190630341 -0.88232410433559694 -0.88806695619692544 0 0 0 0.76218111249465625 16 4833 18 5232 8 4744
416 -0.40267292456844916 -0.87749713680744401 -0.77970784531928916 0 0 0 1.8800105830428191 16 4813 18 5256 10 8084
417 -0.16325885084842776 -0.9076417567723154 -0.4742848695469507 0 0 0 0.10590913862252424 18 5480 7 5319
418 -0.11340007167887689 -0.30517293309403742 -0.77228517892289839 0 0 0 1.7036262949601537 16 7722 18 5703 7 5026 1 2851
419 -0.025951587455290692 -0.31998544602579848 -0.75042814348429454 0 0 0 0.7074651543159991 16 7683 2 4577
420 -0.046794525035838752 -0.32010414428197503 -0.75718082658826247 0 0 0 2.0101634581688499 16 7672 18 5717 2 4588
421 0.13311894929460902 -0.14693603345761402 -0.88312447638904468 0 0 0 1.7060516036253528 5 5546 18 5748 7 5881 4 2503 17 2935 9 2347
422 0.13311894929460902 -0.14693603345761402 -0.88312447638904468 0 0 0 1.7060516036253528 5 5547 18 5749 7 5851 4 2502 17 2936 9 2349
423 0.098154234001427546 -0.15208404746921059 -0.87999492175750316 0 0 0 2.0861910964529642 5 3870 18 5762 2 3303 7 7713
424 0.098154234001427546 -0.15208404746921059 -0.87999492175750316 0 0 0 2.0861910964529642 5 3869 18 5766 2 3304 7 7714
425 0.14207835826046217 -0.13672510654285228 -0.89585851010024742 0 0 0 2.1834600888494053 18 5776 2 1417 5 7650 7 7689 8 2676
426 0.064024755292296426 -0.11845210189585736 -0.97311174269445622 0 0 0 0.56006010746936863 16 4131 18 5782
427 0.0049736364901003804 -0.29588408620231188 -0.77293905418734932 0 0 0 2.403464769156884 18 5819 1 3641 19 4833 16 4332
429 -0.20184247674029079 -0.12462648219651523 -0.97609884315083084 0 0 0 1.8712720833276109 5 7933 18 5836 2 2024 16 2200 10 3300 7 6011
430 0.15665476676092743 -0.18209271710336694 -0.89566654736236817 0 0 0 1.0626726165718274 5 12548 2 3275
431 0.10665670490713937 -0.15566093647032375 -0.86067830818058666 0 0 0 0.90112384405069401 18 5976 7 5911 5 3939 1 1897 2 1838 19 4365
432 0.10658357801982779 -0.15551775374390087 -0.85999130512787736 0 0 0 0.39880395406379904 18 5977 7 5912 1 1898 19 4366
433 0.08994625680701604 -0.15387519101891908 -0.86819388945993681 0 0 0 0.77887692593417457 16 8693 18 5983 7 7719 5 7840
434 0.11423698516729086 -0.16232066481038615 -0.86343710677707608 0 0 0 2.1489062666759948 18 5988 2 1848 7 5835 5 7674 1 2933 19 4367 16 4141
435 0.038839202771488876 -0.16687762266783746 -0.90537220557817322 0 0 0 0.74807106020606962 5 5670 18 5999
436 0.048449400908534099 -0.25386939600115327 -0.87394558248045162 0 0 0 1.2562703211348041 16 4314 18 6015 1 3828 10 4914
437 0.09320077077313027 -0.15559101013593338 -0.86476808483931777 0 0 0 1.0644707452211508 5 5564 16 6184 18 6020 2 3297 7 5910
438 0.03576847065613728 -0.19685706699406458 -0.90204065111986775 0 0 0 0.11452190630916004 7 7742 19 4394
439 0.0043209588131726678 -0.19145846484729701 -0.89882722147926475 0 0 0 1.6414193664153647 16 6270 18 6038 2 3268 7 7753 5 5854 8 4242 17 4842
440 -0.19499026223045865 -0.36881067144659774 -1.0364947235064701 0 0 0 1.936945545874486 5 6649 16 4360 18 6076 7 5050 1 1948
441 -0.19506240029296171 -0.3689021575834 -1.0363212674784039 0 0 0 1.7448893475628624 16 4359 18 6077 7 5051 1 1951
442 -0.1859797919586357 -0.2929307991246427 -1.10304099926122 0 0 0 1.8563562949918273 16 9885 18 6082 19 10565
443 0.11761428068626298 -0.31204107908019152 -0.72011085876402647 0 0 0 1.0810073954070512 16 7937 2 4507 7 11288 1 4347 19 9894
444 0.14686177094772551 -0.28394255314133626 -0.80673820204000402 0 0 0 0.53597457703482365 5 7497 18 6123
445 -0.28495440586238452 -0.19524204764136988 -0.81725525113033348 0 0 0 1.8925386597146037 5 8800 7 8873 19 7088
446 -0.27334422640232314 -0.19857809390337133 -0.80812646585601478 0 0 0 2.2168607202454167 16 6603 18 6192 7 8827 19 7095
447 -0.25728513283394938 -0.20822662090371163 -0.79865479031190012 0 0 0 1.8289029790173454 18 6205 7 5063 5 3521 1 2723 4 3425
448 -0.26401905864298358 -0.22532663995565866 -0.80716670554511527 0 0 0 1.7089927629152595 5 2735 18 6209 4 5039
449 -0.25121250337448131 -0.2108956684405201 -0.80076639154244478 0 0 0 0.50728544364063766 5 6625 16 4217 18 6213
451 -0.015655125783743978 -0.8647276007167688 -0.65600171445370803 0 0 0 1.6957317531220653 5 9836 18 6514 15 6681 13 9564 11 8563 14 7465
452 0.01869197445500155 -0.8600339085289026 -0.61380297677203255 0 0 0 2.2310065697200936 16 6838 18 6547 7 10873 15 2452
453 0.018406774825361349 -0.85566626398651802 -0.66978958476393524 0 0 0 1.337578535615108 5 6406 18 6562 7 6696 1 4063
454 0.040112046586255598 -0.86868626536427884 -0.60043581822139802 0 0 0 1.1138932091271896 16 5389 18 6565 7 3935
455 0.46641559819806522 -0.85937313949585903 -0.66697492450981932 0 0 0 0.10368141783927112 18 6825 10 7206
457 -0.16390160243322263 -0.86734569602639788 -0.74831470339793138 0 0 0 1.9979536248572292 16 4724 18 6896 10 8986
458 -0.4752479948360554 -0.87276073544879762 -0.7856614010883185 0 0 0 1.0544045518629117 18 6985 10 8846 20 8678
459 -0.47578750301198225 -0.87392722795087208 -0.78641284493602037 0 0 0 1.0572585656602316 18 6986 10 8847
460 -0.43435161302704739 -0.85918677855528536 -0.80070878206664831 0 0 0 1.7061420408750578 5 4666 18 7032
461 -0.35665541505133647 -0.87412042145537527 -0.73880439531016528 0 0 0 1.5997653384647716 16 4807 18 7076 20 7428
462 -0.35892043476977942 -0.87487070930600974 -0.9057428930317748 0 0 0 1.5231362251522256 5 4714 16 11271 18 7077
463 -0.33177714043097095 -0.86049808294470864 -0.70922264253453382 0 0 0 1.3836616605691827 16 8065 18 7085 1 2251
464 -0.22749639226259419 -0.71925840474822533 -0.79196810189487832 0 0 0 1.3446301031859558 18 7130 2 4851
466 -0.21299007303684772 -0.72032279144359435 -0.78769131219351252 0 0 0 2.780225141020368 16 8142 18 7144 8 5654
467 -0.18402034080081195 -0.86680262462538482 -0.73740313607080399 0 0 0 1.3457689666064347 5 3365 18 7149 7 4391 1 2057
468 -0.19961236886399161 -0.83970369719906879 -0.80686507877597835 0 0 0 0.77582496765401043 16 8154 2 4033 1 3182
469 -0.0072170949430833409 -0.86930917725865697 -0.74298131509388399 0 0 0 1.3477772068187654 5 4864 18 7211 2 5545
471 0.1242077419126261 -0.9236543968351949 -0.81590891310327884 0 0 0 1.0956192809268863 5 678 18 7233
473 0.44406544692540439 -0.84355934955527023 -0.78729181674697801 0 0 0 0.39531574115582202 5 11051 18 7357
474 0.53640320366566974 -0.85337262988116325 -0.84139191869251828 0 0 0 1.6326113023167674 16 5010 2 2752 4 2701 18 7385 10 3771
475 -0.31290637508238295 -0.61602365894114119 -0.84753868137430688 0 0 0 2.087513945107748 16 10551 18 7428 2 10817
476 -0.52023843498051647 -0.73934289185631408 -0.90685574165751737 0 0 0 1.7265631617058868 5 4613 18 7489 4 4620
477 -0.48783777274804552 -0.69172430601762747 -0.89500638909494623 0 0 0 1.9251948186801315 5 4624 18 7498 7 7820 4 4611
478 -0.44918294004622183 -0.64157989681174765 -0.89593898363465541 0 0 0 1.145044183266591 5 5738 18 7508 7 4596 4 3167
479 -0.47265861524336317 -0.73053584148235173 -0.89103701696353466 0 0 0 1.8051090602022704 5 4650 18 7511 11 3796 20 8747
480 -0.47224341138990023 -0.72902016943350234 -0.89021316580001431 0 0 0 2.1738148843768306 5 4649 16 10720 18 7512 11 3797
481 -0.39939336416873927 -0.73305469352096653 -0.87071242618022859 0 0 0 1.9155173526778142 5 4675 16 10567 18 7531 19 5435
482 -0.35372744401961909 -0.71226531974595808 -0.85747440269720521 0 0 0 1.2110608543982635 16 7284 1 3069 18 7551
483 -0.22395150589140136 -0.69688919286517503 -0.81189601682127344 0 0 0 2.7782543369528221 5 4744 18 7572 4 3106
484 0.48462322946609504 -0.84056085757171317 -1.0434283590294693 0 0 0 1.6916590503602364 5 5894 16 4630 18 7626 7 8373 19 5136 3 2866 20 6767 12 1891 9 2837
485 0.49820940187897134 -0.83242240065750384 -1.0592336681279484 0 0 0 2.011443913639527 16 8311 18 7640 2 4776 7 4503 1 3665 11 4304 20 3824
486 0.50125218754237777 -0.83497591357386169 -1.0439444703162797 0 0 0 1.1689954277745382 5 3688 18 7641 2 5383 12 4477
487 0.50918126933968122 -0.839740136575577 -1.0527607152200196 0 0 0 1.9898259221502441 16 10386 18 7645 2 4760 7 9204 19 8403 10 9112
488 0.53042287157083545 -0.84328727850303964 -1.0196086578339143 0 0 0 2.7319079751277524 18 7649 10 5239 16 10395 11 9195
489 0.54715184105943138 -0.8133937466088188 -1.049886668486016 0 0 0 1.2700151070173729 5 5916 16 10383 18 7650 2 4752 7 4492 8 4973
490 0.5470671069710108 -0.81303072168734247 -1.0494206369856549 0 0 0 1.2000339079488542 5 5915 16 10382 18 7651 2 4753 8 4974
491 0.55373552749791166 -0.81020331348278196 -1.0428182081139283 0 0 0 1.6416563968166884 18 7654 11 4295 12 1873
492 0.54122614652683276 -0.84893739209029406 -0.96680080859977879 0 0 0 1.9539629804623639 18 7663 2 2368 7 8391 16 8309
493 0.57276757868443495 -0.84550350056940626 -1.0471058690961641 0 0 0 1.6399261646965593 5 8300 18 7665 1 10472
494 -0.38106400815382901 -0.42154325660247566 -0.86104809321162823 0 0 0 1.8276685137109876 16 7788 18 7722 10 12489
495 -0.31893185337961327 -0.43643873768215863 -0.8382589844791819 0 0 0 1.4455043889293619 16 7804 18 7738 19 6388
496 -0.32663239837655589 -0.41485046951660076 -0.84881670016023736 0 0 0 2.1513483117077725 18 7747 7 8658 1 4432 4 3951 5 8432 19 6391 13 11392 14 9727
497 -0.32104646847500917 -0.47077931682458679 -0.84382343746347166 0 0 0 1.0305422590580733 5 8413 4 3952
498 0.029209741775111861 -0.32330998640640024 -0.73675851443977125 0 0 0 2.6631195013100375 16 7623 18 7851
499 0.060439456196744464 -0.29514419693697069 -0.77954546799399105 0 0 0 1.7969823319463174 18 7853 7 12859 16 11110
500 0.064869333967089798 -0.27688640354885152 -0.7858274626530326 0 0 0 0.88971480778734657 16 11125 2 3508 7 8887
501 0.071290729304824621 -0.27811002634353715 -0.80191458160745976 0 0 0 0.45877784658986387 18 7880 2 3502
502 0.098974079059140393 -0.31248513837579417 -0.73961154325564693 0 0 0 1.7047195982984722 16 9084 18 7885 2 4522
503 -0.25878643671265977 -0.20406208762758316 -0.79729859087131683 0 0 0 1.6511349731461311 5 6606 18 7956 7 8504 4 3421
504 -0.25949777664893203 -0.20545998582963138 -0.79933996459705781 0 0 0 1.7689411564045561 5 6608 18 7957 7 8506 1 3374 4 3419
505 -0.25963569281229271 -0.2054514606629661 -0.79949641089803469 0 0 0 2.1905192253496493 5 6607 16 4216 18 7958 7 8505 1 3372 4 3422 19 7110
506 -0.29235691965872446 -0.19287158290029899 -0.81493052522897935 0 0 0 1.0260964709065348 5 6587 18 8012 7 6043
507 -0.29212507052734638 -0.19225842729843268 -0.81395287760947621 0 0 0 1.5052136193572265 5 6588 18 8013 10 7831
508 -0.29323764832971444 -0.19028786439365614 -0.81656740700290964 0 0 0 2.0575121127379599 5 8821 16 10153 18 8016 19 11916 10 7854
509 -0.30416518900175671 -0.183013284463032 -0.83629455848334078 0 0 0 1.5212572814647505 5 8828 13 7810 18 8018
510 -0.30312160876583183 -0.18198322310246018 -0.83287738548475598 0 0 0 1.6039741930305766 5 8826 16 6616 18 8019 7 8891 8 6726 15 2226
511 -0.30312160876583172 -0.18198322310246007 -0.83287738548475576 0 0 0 1.6039741930305615 5 8827 16 6615 18 8021 7 8895 8 6727 15 2225
512 -0.30162933286638427 -0.18448435124004817 -0.81523995683544626 0 0 0 0.79949479252208144 16 13272 18 8030 7 8882
513 -0.27031297772949248 -0.2034172487204351 -0.80160646089886711 0 0 0 2.0441136479126358 16 6599 18 8034 7 8685 1 3549 19 7085 10 9518 4 3438
514 -0.27600076771436088 -0.19995667235809006 -0.80233925293019959 0 0 0 0.59425595996864489 5 8777 1 5301 4 5036
515 -0.27027132856098379 -0.20068113260478615 -0.80365813076155446 0 0 0 0.17416316666649695 16 10137 18 8047
516 -0.27117615490496016 -0.20136943108541999 -0.80491672709805484 0 0 0 0.83325651194980832 16 10138 18 8048 19 10494
517 -0.24551375231703085 -0.28592184513269675 -1.0510944213138333 0 0 0 0.54066898957750409 16 9922 18 8071 10 7231
518 -0.21526274472769855 -0.28810988367330098 -1.0457672102742857 0 0 0 1.3836087655345963 16 6514 18 8085 1 5358 10 2818
519 -0.21587263690337752 -0.28882747937031067 -1.0478169575003471 0 0 0 0.22995018004479406 16 6515 18 8086
520 -0.19774066285316752 -0.29111029884197354 -1.0691655642522555 0 0 0 1.6763777447147563 16 8493 18 8105 7 7810
521 -0.20210904896427853 -0.29646300342461707 -1.0215258981501905 0 0 0 0.86104881306147252 16 4190 18 8106 10 2823
522 0.0087483430365999648 -0.17577407501402934 -0.92722595158560228 0 0 0 1.6132400868997778 5 7870 16 8724 18 8459 7 9476
523 -0.0046899407283374356 -0.2196348310025506 -0.87161790590497401 0 0 0 0.68407499656264059 16 6246 18 8465 1 3851
524 0.026889211722775502 -0.22204907072701624 -0.88659865955889083 0 0 0 1.447436203761187 16 8731 18 8470 19 10694 11 8049
526 0.025327126511053691 -0.17531778530126058 -0.89867022301600175 0 0 0 0.02453498100102661 5 8565 2 3330
527 0.033605118196487357 -0.24535183066197214 -0.87207794764724778 0 0 0 1.4072809693488215 16 4328 18 8480 1 5269 19 4396
528 0.061345720372393019 -0.2176674655161418 -0.88165184712998501 0 0 0 1.6840105943399544 5 8573 18 8494 7 9925 1 6804 19 10704
529 -0.19620603538750994 -0.12333260364255666 -0.98640007298419619 0 0 0 1.5272629627813099 5 7928 18 8589 2 3072 16 3984 7 7571 4 5850
530 -0.21542600112684282 -0.11699410224135551 -0.95022963080081579 0 0 0 1.4501119607603357 16 9989 18 8708 7 6021
531 -0.19897453766906484 -0.13290683969751615 -0.99170544172938091 0 0 0 1.4801448517561282 16 5884 18 8710 7 7923 2 3075 1 6167 19 10686 10 4599 11 9033 20 7007 17 4295 9 2238
533 -0.20407206258572355 -0.13254097543027513 -0.9552794722639073 0 0 0 2.7343252984612638 16 3978 18 8724 2 3080 4 3728
534 0.078461640281734524 -0.15701435310636278 -0.88841516085130579 0 0 0 1.1109271254529309 5 12584 18 8792 2 3614 7 7718
535 0.087141674258717439 -0.12642616743042981 -1.0804634914847808 0 0 0 1.2938409837323348 18 8801 7 5664 8 3590
536 0.087141674258717439 -0.12642616743042981 -1.0804634914847808 0 0 0 1.2938409837323348 18 8802 7 5665 8 3591
537 0.088518135017657706 -0.1396653565000501 -0.88639488523438725 0 0 0 1.6319133320927361 5 7830 18 8804 7 7712 1 3353 19 7273 15 2883
538 0.078854946490383743 -0.14127798604484473 -0.90156848349519381 0 0 0 1.3885997543414748 18 8806 7 7711 15 2887
540 -0.45322146944737363 -0.57165278232022398 -0.8819008536428401 0 0 0 1.0856957359470245 16 8664 18 9342 7 7844 4 3177 10 12487
541 0.61270758701526218 -0.80387873193469628 -0.97235967398809753 0 0 0 1.94615302632966 5 8283 8 5875
542 -0.029932907042814039 -0.33425722745286668 -0.74735174317133868 0 0 0 1.6056668342975167 16 10762 18 9387 2 2509 4 13096
543 -0.44828136133729346 -0.87507338534815315 -0.78140916219324508 0 0 0 0.92270121266922533 18 9454 20 12447
544 0.43887275837875883 -0.86088834631568223 -0.69040235221234059 0 0 0 1.6659035921465033 16 3744 18 9464 2 1503
545 -0.31017796149771593 -0.869560072418744 -0.67464713306689084 0 0 0 2.2257905045798192 16 9039 18 9691 8 11107
546 -0.44282517889843642 -0.56865473413934997 -0.8863768248803976 0 0 0 1.1411532058106653 18 9744 4 6658 16 5802
547 -0.44282517889843642 -0.56865473413934997 -0.8863768248803976 0 0 0 1.1411532058106653 16 5805 18 9745 4 6659
548 -0.45556909955442004 -0.57123076167283249 -0.89905637408120409 0 0 0 0.17610654769887346 4 6646 8 9567
549 0.49814498585804956 -0.80870897282921161 -1.0570503339816999 0 0 0 1.0077527663795585 16 8315 18 9856 2 5369 1 9990 19 8411 20 3782
550 -0.1018285391221215 -0.78271927310709777 -0.80813119420999247 0 0 0 1.8230560035556862 5 4821 18 9907 1 3184 11 9474
551 -0.1018285391221215 -0.78271927310709777 -0.80813119420999247 0 0 0 1.8230560035556862 5 4822 18 9908 1 3183 11 9473
552 -0.20658106556924824 -0.72012752926092571 -0.80197042684843067 0 0 0 1.60340581728736 16 8147 2 4860 7 7052 5 2157 1 3208 10 8607
553 -0.20626466464811985 -0.82960133728136332 -0.80316475564198675 0 0 0 0.99956830680928377 2 5986 1 5704 19 5520 20 7607
555 -0.21634100617476834 -0.71787417032244982 -0.80263198879748554 0 0 0 1.8764977242960559 16 11299 18 9950 2 5285 4 6436 10 10840
556 -0.53190233934477049 -0.69232604632136074 -0.91467033913098672 0 0 0 2.963946351210073 16 5626 18 10162 4 6613
557 -0.50906972593577693 -0.69390815804593942 -0.90257201702192846 0 0 0 1.0050749808414097 16 9022 18 10184 11 7805 20 8665
558 -0.47091257215420401 -0.70719026216657799 -0.88954215845191187 0 0 0 1.0560685402187531 5 11219 18 10196
559 -0.47893448896440927 -0.69125095035652895 -0.89941776513195104 0 0 0 1.8804091180401907 5 11216 18 10198 4 8236 20 12366
560 -0.48186000907000426 -0.69760236612590587 -0.90462002225141069 0 0 0 1.3343824462999512 5 11217 18 10199 4 8237
561 -0.40850995687016523 -0.71856155828095281 -0.87316007035882204 0 0 0 1.7377182656394912 5 11254 16 10585 4 6377
562 -0.45003172310177719 -0.72494654534161951 -0.88472266954538958 0 0 0 0.10620670291310466 16 10674 18 10213
563 0.08287171908134526 -0.11926477703944427 -1.0326828337706453 0 0 0 1.9766906679135354 16 13290 18 10961 7 10087 4 8732
564 -0.33366135130478347 -0.41433432238779416 -0.84960277940807938 0 0 0 0.49870391015515403 5 8430 18 11111
565 -0.32457792853846701 -0.44450542156937373 -0.84421536198072245 0 0 0 0.89014998118104016 5 8445 18 11114 1 8216
566 0.096028054731019039 -0.31403428325789756 -0.73804172521809086 0 0 0 1.8926212915503988 16 8606 18 11193 2 4514 7 13073 3 2064
567 -0.387992299836452 -0.71147224324756109 -0.87009976818786017 0 0 0 0.87889772094571128 5 11532 16 10574 18 11292 1 7960 19 8510 11 10584 20 12769
568 -0.33176937180258104 -0.6431374327416397 -0.85695925929524619 0 0 0 1.6342255651385851 16 10568 18 11298 1 5217 2 5242
569 -0.32565652423602687 -0.6440820267691707 -0.85732758019491184 0 0 0 0.19148457513820888 18 11306 20 10822
570 -0.26288451708848659 -0.67584811843226422 -0.82918170651030731 0 0 0 2.2519788090533477 5 11354 18 11338 4 6433
571 -0.26288451708848659 -0.67584811843226422 -0.82918170651030731 0 0 0 2.2519788090533477 5 11355 18 11339 4 6432
572 -0.26414488577386896 -0.67906719579752761 -0.83224431180167158 0 0 0 1.211679728127621 18 11340 4 6431
573 0.43355187258065453 -0.8409747645669241 -1.0592606034727479 0 0 0 2.2172506999083876 16 4637 2 4794 4 2265
574 0.5038880686717534 -0.83615673290147496 -1.0574603469016044 0 0 0 2.5631340377971226 5 8335 18 11387 2 5361 1 9833 3 3606 8 4775
575 0.53278702320524896 -0.83617453693336419 -1.0467693827422644 0 0 0 1.9686764095985385 5 8312 16 10381 18 11393 2 9632 19 8402
576 0.56826360337565751 -0.83653680547766518 -1.0165378081106999 0 0 0 0.9544932310801254 16 8329 2 5395
577 0.52610187414585552 -0.83423301828204321 -1.0323074342351384 0 0 0 1.7999952287159018 16 10393 18 11404 2 9809 8 7511
578 0.60859599796754338 -0.8472156080677995 -0.98748761223530468 0 0 0 1.7828179343871082 16 10405 18 11405 4 3581 8 5893
579 -0.46207866987025881 -0.65244759987632639 -0.90310583402827094 0 0 0 0.69728832549627695 8 9798 18 11429
580 0.13473051325898547 -0.14329948418932656 -0.88448727012856843 0 0 0 0.094567810746907843 16 6159 17 4829
581 0.15188656780147952 -0.14037647497647623 -0.90078579108353773 0 0 0 2.228387598170158 16 8609 18 11490 7 9533
582 0.15138883043566348 -0.13785912137062417 -0.89445727953031073 0 0 0 2.1873334376926534 18 11491 2 7135 7 9530 8 6549 10 10441
583 -0.20852458445797914 -0.12602202663338846 -0.96091139436415718 0 0 0 1.5529728666433475 16 9986 18 11581 7 9426 1 11490 10 7766 17 6978 9 4247
585 -0.21021033568761807 -0.13522323953693452 -0.95408733640075938 0 0 0 1.4407605957245657 16 9987 18 11596 2 7177 8 6905 10 7772 17 4298 9 6665
586 0.48134816332624308 -0.84169044657010406 -0.69327469839564415 0 0 0 0.0038940671173826368 5 11096 18 11695
588 -0.20486689676255879 -0.36377387241498654 -0.97588639957331469 0 0 0 1.9690875215449826 16 10848 18 12407 7 11699
589 0.075171084070077832 -0.27391873676429768 -0.80933851631179166 0 0 0 1.9828753032809463 16 11121 18 12502 2 6236
590 0.021986845866222723 -0.8629581280683456 -0.68008010045580036 0 0 0 1.5087396966588813 5 9862 18 12702 1 6407 13 6385
591 -0.33907735339476985 -0.87608075681100983 -0.72482912312841363 0 0 0 1.9969925893537088 16 10221 18 12804 7 9287
592 0.025655749871217437 -0.21184718108074707 -0.89721961406991424 0 0 0 1.5471110868899816 16 8723 18 12960 1 8973
593 0.018411368127832256 -0.22175755178427603 -0.88405235974608698 0 0 0 1.2521540861749392 16 8751 18 12972 1 7232
594 0.018411368127832256 -0.22175755178427603 -0.88405235974608698 0 0 0 1.2521540861749392 16 8750 18 12973 1 7233
595 0.028707962640390924 -0.20484582378740201 -0.89356389866912411 0 0 0 0.087578116953585416 16 8743 20 11081
596 0.027338836471124284 -0.20625428270105611 -0.89705735316314206 0 0 0 1.5016805574617909 16 8742 18 12976 1 6678
597 0.027346342471230162 -0.20639971729087059 -0.89737429243308742 0 0 0 1.2626127440265695 16 8744 18 12977 1 6718 19 13003
598 0.0050532036010035725 -0.21266994128184963 -0.88378480014213778 0 0 0 1.3207778997768944 16 8741 18 12986 10 10962
599 -0.19892591528000295 -0.29016723452501991 -1.0482496174635627 0 0 0 1.6343264653589014 16 9902 18 13102 10 4746
600 -0.23049273474802337 -0.24866094238708208 -1.1209781511719161 0 0 0 1.8387267444607005 16 8909 18 13117 1 7037
601 -0.22758079665368539 -0.28435743892854504 -1.0534089305793701 0 0 0 1.7246007860920429 16 9917 18 13139 7 10008 10 7225
603 0.04092067698173843 -0.21189642333292047 -0.90395680619595065 0 0 0 1.4293471666573137 4 500 18 412 2 514 3 532
605 -0.35123757493897845 -0.87074257059019056 -0.87352532153710305 0 0 0 2.5724453230402058 16 1838 18 1624 20 3092
609 0.017919469272551863 -0.54924120556223843 -0.78055310548265289 0 0 0 1.2169809400401972 18 7 2 6 7 6
610 0.024425408430456083 -0.27161126774376027 -0.8833920609540169 0 0 0 0.080795020208964383 16 14 7 20
611 0.13088826701368575 -0.26208920031622007 -0.85861285573355262 0 0 0 0.88757321692008162 5 95 2 27 7 88 4 67
612 -0.18595442272160853 -0.78027367343300535 -0.8190120762487807 0 0 0 0.47081850101871198 16 32 2 33
613 -0.18595442272160853 -0.78027367343300535 -0.8190120762487807 0 0 0 0.47081850101871198 16 31 2 34
614 0.31468611517986039 -0.79782100452214344 -1.0927211118362221 0 0 0 0.59671810394942715 2 37 19 42
615 0.091673457392925969 -0.27848597753612087 -0.83696088117988743 0 0 0 1.6152422812260385 18 79 7 72 19 78
616 -0.054084230432638797 -0.12120770629465574 -1.2092744415724352 0 0 0 1.6965900222313404 16 108 2 62
617 0.088487155264921 -0.19659901224688459 -0.85607714690392167 0 0 0 1.2312020734854656 16 107 18 108 2 76 7 100 3 96
618 -0.031259670029287784 -0.26499884046429306 -0.86730326709004157 0 0 0 1.5226923438104922 18 127 2 84
619 0.076083588092067611 -0.32720143887036401 -0.72801680076845687 0 0 0 0.017077952620459198 16 132 2 98
620 0.43742066684575243 -0.85619615229139256 -0.81297254564735577 0 0 0 1.7862763025255159 2 104 20 160 19 180
621 -0.075631868793213292 -0.2947238765545987 -0.79327179199463904 0 0 0 1.8998075285562324 18 202 2 134 1 142 3 210
622 0.073511380950203445 -0.31060398177914594 -0.73702260650614537 0 0 0 1.2343920039080201 18 194 7 217 4 172 3 164
624 -0.28410561982281013 -0.69533140367481572 -0.8404770429679691 0 0 0 2.8859561324002834 2 141 7 229 1 103
625 -0.2060493155029913 -0.71465485930712003 -0.82058844137236764 0 0 0 1.9966470438915209 16 288 2 145 7 568
626 -0.35071220082315124 -0.87189511705697798 -0.80600237349221793 0 0 0 1.2590871139859154 18 232 2 151 10 398
627 -0.13349452819525506 -0.76425974250977058 -0.82422163160114326 0 0 0 1.3148573442457261 2 153 19 166
628 -0.11714805484895643 -0.92481663239514567 -0.79466859814439927 0 0 0 1.5227190706662996 18 159 2 163 1 97
632 0.072300681108980969 -0.84883523890127632 -0.73446589617032676 0 0 0 0.27940943717780681 18 321 2 181 7 347
633 0.0018811366886516551 -0.86693441132978277 -0.75763117589843598 0 0 0 0.52885049729799583 2 183 7 340 1 197
634 0.19564276341787246 -0.20916327801926948 -0.89013469797859313 0 0 0 1.879827352265929 16 282 2 185 4 474
635 0.46524518404795689 -0.85125007877289671 -0.86746047291093742 0 0 0 1.8875216362011802 2 194 19 232 7 358
636 0.14257607415019269 -0.21424777163262299 -0.85504137760100085 0 0 0 1.7888675715661853 16 274 2 197 8 296
638 0.18548303853188258 -0.23296283723373129 -0.88772720156471774 0 0 0 0.33605270576088397 18 252 4 490
639 0.1782675119285313 -0.29139850191751543 -0.78992469485925376 0 0 0 1.6478432450170073 18 400 2 201 7 611
640 0.20648612878229314 -0.18340330629106336 -0.95469949796348486 0 0 0 2.5624069780412202 18 250 2 202
641 0.14538608374350104 -0.29553869676572431 -0.7506185504808196 0 0 0 1.9246457281081906 18 255 2 207 7 468
644 0.052421261465051799 -0.27792962024750778 -0.78900099991699024 0 0 0 3.0942112406795879 16 497 18 264 2 210 8 572
645 -0.022098118833478536 -0.27724628681362595 -0.84829555881488861 0 0 0 1.6255584620500272 16 273 2 214 7 392
646 0.04048478824761427 -0.17210972061912796 -0.89154467674777416 0 0 0 1.0526784070237993 16 270 18 354 2 218
647 0.04048478824761427 -0.17210972061912796 -0.89154467674777416 0 0 0 1.0526784070237993 16 269 18 355 2 219
648 -0.015287825210611811 -0.30678024167577927 -0.7587242139461674 0 0 0 1.6367285123099693 16 265 2 225 7 315 3 256
649 -0.20304039610397115 -0.30098382571486149 -0.89347680787751416 0 0 0 0.80054815048843286 18 568 2 235
650 0.24483958178577778 -0.25541215559958208 -0.98662411100245806 0 0 0 1.8994248162339313 16 453 2 237 3 373 7 931
653 0.074455155765059469 -0.11681164700929425 -1.0719370328768454 0 0 0 0.3943047488238744 18 375 8 289
654 0.1366765243142882 -0.28634900969565213 -0.78796947699986242 0 0 0 1.6194079279380589 18 381 2 257 7 940 4 485 3 381
655 0.14181737655773569 -0.17996277833546628 -0.88118877958345543 0 0 0 1.4845381070647841 16 473 2 262 7 932 8 584
656 0.15106716631119221 -0.28136584945272058 -0.83055404910096065 0 0 0 2.1871802403629608 18 399 2 263 3 371
657 0.066264252140140339 -0.29412715478161561 -0.77841605915222845 0 0 0 1.8724468686272497 16 752 2 269 7 957 3 412
658 0.066264252140140284 -0.29412715478161572 -0.77841605915222867 0 0 0 1.872446868627242 16 753 2 271 7 951 3 411
659 -0.031647977166614993 -0.2895970369044289 -0.7768236962776438 0 0 0 0.16437518205414714 2 284 7 1425
660 -0.19542774375226554 -0.35773955900702475 -1.0413038301370812 0 0 0 1.2243800150655682 16 534 18 451 7 394 5 574 3 446
661 -0.18435404044871492 -0.24472070622136033 -1.0833192703675116 0 0 0 0.23679319931780157 18 338 2 294
662 -0.20970993989438255 -0.28915212077184071 -1.0189641613889446 0 0 0 1.442200411329859 2 301 8 560 10 316
663 0.064252624966282784 -0.27659902099003297 -0.79588768862973835 0 0 0 2.6303345850857434 16 487 2 302 8 520
664 -0.20970993989438255 -0.28915212077184071 -1.0189641613889446 0 0 0 1.442200411329859 2 303 8 561 10 313
665 0.082668260181302744 -0.28390373880845493 -0.76087535470246692 0 0 0 0.46802970534630262 5 939 2 306
666 -0.10633252223409273 -0.70963961779459361 -0.81091928230581733 0 0 0 1.615420973806619 16 353 2 314 7 342
667 0.033908142034458438 -0.30487146716310159 -0.73829309116084829 0 0 0 0.30086498913898996 2 328 8 540
668 0.19344702812108217 -0.80761358903796188 -0.7523847533412642 0 0 0 0.97361785164569614 18 458 2 331 7 875
669 0.19388531225772015 -0.81387714769910491 -0.75547242683533011 0 0 0 2.2162919579682834 16 173 18 457 2 332 7 874 19 228 8 127 11 169 20 183
670 0.34280907838811259 -0.7535391342815585 -1.1038349853997962 0 0 0 1.0043034796208592 2 349 7 501 10 599
671 0.32437030381779874 -0.88268419952378774 -0.67523836262241499 0 0 0 1.6727790932484901 18 450 2 361 7 792
672 0.50278220072158031 -0.8563423146223994 -0.87796448091091195 0 0 0 1.5463081270661594 18 753 7 1167 10 608 2 362
673 0.21453468311894197 -0.83436669080749826 -0.77683517936158042 0 0 0 1.6398175383781448 18 463 2 372 19 226
674 0.21599126479576986 -0.8455179888808475 -0.78319046523710623 0 0 0 0.21828563998593417 18 462 2 373
675 0.11873239692614324 -0.33590261743648675 -0.72395982972755191 0 0 0 1.2536639830821477 18 390 2 378
676 -0.22160641544139217 -0.87305784295817568 -0.79981705534462533 0 0 0 1.4582044782941144 5 651 2 397 10 662 17 853
677 -0.024877027742839369 -0.34217800600382564 -0.75324314861382025 0 0 0 0.20941042561997569 16 512 4 727
678 -0.024877027742839369 -0.34217800600382564 -0.75324314861382025 0 0 0 0.20941042561997569 16 513 4 726
679 0.1675041596580118 -0.16054009518984655 -0.92130921420477407 0 0 0 0.95148053268885824 5 1162 2 421
680 -0.14181398505832879 -0.81152027375005531 -0.82144859576782658 0 0 0 1.5819253719407753 2 432 1 279 8 1277 7 891
683 -0.18990824287930416 -0.86905054932309644 -0.79485166691440456 0 0 0 1.8671967122092357 18 649 2 444 8 784 20 1009
685 -0.1614401598975552 -0.83516634516708077 -0.83125596335125995 0 0 0 1.9348443859703801 5 364 7 572 19 321 11 341
686 -0.31854858908211492 -0.62640677034571612 -0.84553067110361146 0 0 0 0.47596289354451948 16 377 8 602
687 -0.21240630685234382 -0.33694410560384846 -1.0037213313208855 0 0 0 1.1102281675726378 16 676 10 809
688 0.13597579048919253 -0.18360702767954545 -0.86500721283489246 0 0 0 0.48447935511222417 16 736 2 491
689 0.033156161724407052 -0.23209996332846017 -0.88151170428123038 0 0 0 1.9149540671719478 16 1151 2 509 7 1007 4 847 19 945 8 1068
690 0.077280062864095361 -0.25962355941546528 -0.87937479253155426 0 0 0 0.99290901443686685 18 980 2 515 7 1471 1 798
691 0.081176222392434175 -0.26832867520504933 -0.82225789984181685 0 0 0 0.030630395071903547 2 524 7 1004
692 0.028880223264432167 -0.2738893167877387 -0.7743752263787036 0 0 0 0.16617237337797686 18 957 7 1468
693 0.087819856923481238 -0.14698005155761767 -0.87136784766074848 0 0 0 0.61030318482304435 5 1090 2 526 7 821
694 0.10206503585593135 -0.14265891881745135 -0.91435170100694885 0 0 0 1.5520607361982441 5 1099 2 528 7 936 4 856 3 682
695 0.059096871167903152 -0.12360418960532432 -0.93487765725572536 0 0 0 1.1529708757151067 18 944 2 529 7 1010
696 0.11371541149730116 -0.1384538549245132 -0.90849769925864821 0 0 0 2.1331163975581338 18 808 2 531 7 946 4 489 5 1092 3 695
697 0.10131553479578803 -0.21465513354658389 -0.83250128544176394 0 0 0 1.68951010969861 16 561 2 532
698 0.10125559706406591 -0.21527514556735394 -0.83309833251489573 0 0 0 2.0445426197292935 16 562 2 533 8 812
699 0.08280301302669707 -0.15902254730693643 -0.87798574095551363 0 0 0 0.7800913758486292 16 899 2 542 7 1465
700 0.1144730348334404 -0.18286253915694331 -0.86186140392773636 0 0 0 0.9879966424762473 16 750 2 548 3 699 8 826
702 -0.18700245133254798 -0.86972161137887283 -0.74889999505007099 0 0 0 1.5845717193800948 18 1099 2 579 1 550 5 1020 10 2179 16 1234 11 1006 19 1169 20 1341 8 1377
703 -0.10321079727092397 -0.86660910608673136 -0.79532795469758466 0 0 0 0.59949007069579485 5 792 2 584 7 1230 1 560
706 0.2295395111480214 -0.85916440610395628 -0.78063190801680671 0 0 0 1.9164314035529486 16 1067 2 626 7 761 10 972 11 443 20 557
708 -0.21847984658131023 -0.28342914984742074 -1.0339919990854034 0 0 0 0.16560776761175128 18 1920 7 1761
709 0.53196028556879715 -0.873511554464385 -0.72014710163366913 0 0 0 2.1196299530532396 18 1504 2 643 7 1856
710 -0.20835232277982399 -0.29203679428259521 -1.0556186155462799 0 0 0 0.51503762307128675 16 1705 10 1075
714 -0.10914534100735621 -0.67868827355418593 -0.82088946756794234 0 0 0 1.4328961424911484 16 1860 2 751 1 403
715 -0.2031107338698577 -0.1445885181298181 -0.97328328537651454 0 0 0 1.7191014591926568 16 943 7 1394 8 961 10 1084 17 1084 9 592
716 -0.22330982863972612 -0.70851235996628215 -0.81406255772510661 0 0 0 0.3379767483673578 18 1410 2 767
718 -0.34757272343963674 -0.8731234152902867 -0.88202362608679041 0 0 0 0.2580122814274769 2 780 7 1202 20 1765
719 0.018363374460342544 -0.28446266314130991 -0.79081838506658308 0 0 0 0.52124685428311957 18 930 2 782 7 1003
720 0.035478326301433216 -0.28647045846268854 -0.77370630028414755 0 0 0 1.4863761107140268 16 909 2 786 7 1682 4 1010
721 0.035478326301433216 -0.28647045846268854 -0.77370630028414755 0 0 0 1.4863761107140268 16 908 2 788 7 1681 4 1011
723 0.10754829715271108 -0.17819292304219964 -0.87024269661460307 0 0 0 0.82058924286982826 16 1636 2 817 8 1017
724 0.12655915419920069 -0.27982092502457251 -0.85115718494137727 0 0 0 2.2259056730801063 18 1289 2 823 7 1300
725 0.12655915419920069 -0.27982092502457251 -0.85115718494137727 0 0 0 2.2259056730801063 18 1287 2 825 7 1301
726 0.13544550770385858 -0.29103256275720352 -0.75620355438614517 0 0 0 2.3961848257715652 18 2167 2 827 4 1050 3 1273
727 0.13482061139472407 -0.28049508324614236 -0.80210671410661183 0 0 0 1.8366569698440347 16 1626 2 830 10 2297
728 0.12260899120823301 -0.22417542374701338 -0.8516977016062468 0 0 0 1.8611731787225509 18 2039 19 1742 11 1957 7 2438
729 0.12853919514854767 -0.28098040642499372 -0.80939533827482313 0 0 0 1.8598129428290522 16 902 2 833 4 1041 3 974
730 0.12853919514854767 -0.28098040642499372 -0.80939533827482313 0 0 0 1.8598129428290522 16 900 2 834 4 1042 3 973
731 0.14467280241333208 -0.16104992800095924 -0.89065338847083764 0 0 0 1.3940622548947932 5 3955 2 835 7 1643
732 0.16067988471009323 -0.26909937137806572 -0.74446736591772011 0 0 0 2.9487794000418233 18 1476 2 839 7 1627 4 2938
733 0.16067988471009323 -0.26909937137806572 -0.74446736591772011 0 0 0 2.9487794000418233 18 1474 2 840 7 1626 4 2937
734 0.15287908200219272 -0.2621710437619359 -0.73580461958411236 0 0 0 2.1496004265574595 16 734 18 2046 2 843 7 4300
735 0.15178842009318011 -0.24706955147267412 -0.86431183055612371 0 0 0 1.8775904111633419 2 847 17 1282 9 2025
736 0.15393250582950388 -0.27272144754761574 -0.86438013306548145 0 0 0 0.52684508848022804 2 849 19 4337
738 0.20768087796170343 -0.19343910303049905 -0.90475996977018713 0 0 0 1.9280193499864973 18 2037 2 927 7 1620 4 1551 19 2525 3 1129
739 0.11731351018633045 -0.1804902868987398 -0.86731347629749367 0 0 0 2.0309681240398083 5 3889 2 958 7 2436 19 2545 18 2543 11 2480
740 0.077134836419554709 -0.18461718446612788 -0.87862639552532706 0 0 0 3.3727565989287576 18 1994 2 963 7 2402 15 2889
741 0.059993991603477813 -0.27793020740404401 -0.78373657835861876 0 0 0 1.3410718722355413 16 2325 2 976 7 1665 5 3379 4 1017 10 2666
742 0.042843496181579802 -0.16755648943373302 -0.91364746456958312 0 0 0 1.5410745854989241 5 2976 16 2826 15 1947 2 979
743 0.054512295049987017 -0.28445195188368644 -0.78472576726691656 0 0 0 1.085936313317452 1 1226 19 1508 5 3453
744 -0.020399110821110067 -0.30327436266796093 -0.74890438264288894 0 0 0 1.6587606464960827 2 1006 7 1434 4 440
745 -0.044605839773824263 -0.27225898563768103 -0.79381249534851261 0 0 0 0.815873867867976 2 1011 10 4947
746 -0.2230847736061988 -0.34804974968354974 -0.99583347265621391 0 0 0 1.4969011808666453 16 1798 2 1038 8 1750
749 0.0069240684629831156 -0.16423181784163141 -0.94680144548460543 0 0 0 1.0392776995279556 18 1566 2 1090 7 1692
750 0.060185263634903161 -0.13982131131315428 -0.92389670742317898 0 0 0 1.5216692018028326 18 2986 2 1101 7 2400 4 3794
751 0.47149285570574218 -0.87034022393487209 -0.6805931156901861 0 0 0 1.5170134972276161 16 1471 18 3892 2 1117
752 0.30699070394698647 -0.87136735463132409 -0.65720319144498296 0 0 0 0.75736825093255844 18 2112 2 1126 7 2122
753 0.30699070394698647 -0.87136735463132409 -0.65720319144498296 0 0 0 0.75736825093255844 18 2111 2 1127 7 2119
754 0.042707614476704528 -0.88271483244549342 -0.7928975168164063 0 0 0 2.2581283944398378 16 1380 2 1173 7 1261
756 -0.15901485803177204 -0.35544031221337014 -0.76729059958755252 0 0 0 1.7639419651173887 18 3376 8 1680
758 0.0076148647925384783 -0.32982317615264994 -0.73728818979770894 0 0 0 1.8089769734212811 5 1552 2 1228 7 1910
759 0.15608015335888539 -0.3244333451638054 -0.71083865223963749 0 0 0 1.5625264715766267 16 1895 18 3310 2 1239
760 0.53677617744588146 -0.84638424390490585 -0.95327701837155709 0 0 0 2.2366487923728369 5 3782 16 1913 2 1257 1 1342 8 1557 10 1429 11 1570
761 -0.021229881008605095 -0.31050279863063301 -0.73188952506001037 0 0 0 0.31739941502935998 5 2779 2 1334
762 0.059844318331776759 -0.13352283399288997 -0.92037062021351201 0 0 0 1.5004708290218562 2 1339 4 3784 18 2984
763 0.13894978537514305 -0.32025611658889386 -0.71034269789302451 0 0 0 2.3737087245588948 18 3317 2 1355 7 3007
764 -0.21647931085265373 -0.72289387109298153 -0.79864918350424619 0 0 0 1.7304612434451812 16 2890 2 1371 7 4414 1 2623 10 3187
765 0.44761005010925581 -0.84482346249904161 -1.0222446419197326 0 0 0 1.5491049396898049 18 3827 2 1384 17 1665
766 0.44761005010925581 -0.84482346249904161 -1.0222446419197326 0 0 0 1.5491049396898049 18 3828 2 1386 17 1664
767 0.48064272165933852 -0.85222075900880223 -1.0331141630144551 0 0 0 0.98481627685238715 2 1390 11 1551
768 0.48064272165933852 -0.85222075900880223 -1.0331141630144551 0 0 0 0.98481627685238715 2 1392 11 1553
769 0.48515213112953626 -0.83187381111211334 -0.95461828809649107 0 0 0 0.48234422455702014 5 1591 2 1402
770 0.48982952209128772 -0.84344427513765963 -0.96281650214777525 0 0 0 2.3428116690920842 5 1590 2 1403 20 1831
771 0.51706351989437038 -0.83709523327979229 -1.037448392918821 0 0 0 1.89409824824769 16 2576 2 1409 7 3029 19 2937 10 2331 11 2160 8 4772
772 -0.28806650273313372 -0.69854127443064051 -0.84404356734331798 0 0 0 1.4942916236758537 16 2509 2 1432 1 627
773 0.48855029677798401 -0.85276728814869096 -0.87477287150840932 0 0 0 2.1219219044318978 18 1709 2 1499 7 1864 10 1258 16 1474
774 0.30967651638087834 -0.87842820056405246 -0.67003228883832511 0 0 0 1.4148958380912831 18 3858 2 1538 7 3747
775 0.34395162867739171 -0.8578822578271057 -0.79550339309812768 0 0 0 0.98635464396915329 18 4907 2 1541
776 0.31358977074473138 -0.87141438941854088 -0.65994955190051563 0 0 0 1.9859632855638003 18 4670 2 1545 7 4402
777 0.25957823503594307 -0.86451886299237968 -0.7638617140735422 0 0 0 1.6398034896815232 18 3094 2 1582 7 4608
779 0.097076041237405333 -0.13887485962376198 -0.88802328829972654 0 0 0 2.1059130754790285 16 2802 18 5772 2 1596 7 5931 4 2523
780 0.096941158388185192 -0.13924312803499031 -0.8888648796159202 0 0 0 2.6289408285170737 16 2801 2 1618 4 2524
781 0.06117448224488458 -0.86205985437320476 -0.75927392690307616 0 0 0 2.2058546920170721 18 3077 2 1644 11 3271
782 0.001226308457727518 -0.86797985376955933 -0.74086280950806271 0 0 0 1.3250257137826573 18 5069 2 1655 1 2028 7 4357 10 3129
783 0.19434035369673502 -0.16725299765389123 -0.93141233087423236 0 0 0 1.0129246843766704 2 1656 19 13050
784 -0.19544705109285479 -0.3042740196079784 -1.0320956671591388 0 0 0 1.7187358493868488 16 4184 10 1904
785 0.057943767815998665 -0.11669583750256907 -0.94702006218100498 0 0 0 1.8741661036249211 18 2981 2 1720 7 1674
786 -0.038175549255308472 -0.27051824787773676 -0.86955539076616883 0 0 0 1.8134501120097057 18 2589 2 1738 3 856
788 -0.0065287513856028406 -0.18959425384454009 -0.90388156814883946 0 0 0 1.3398045396794023 5 5810 2 1758 7 2371 1 2791
789 0.015374142995428511 -0.18119712348447889 -0.91019254130016258 0 0 0 1.9405746211277468 16 6243 2 1769 7 2365 5 2995 10 10395
790 -0.021315857960680112 -0.18066452246567463 -0.97764535864044144 0 0 0 0.95813300250751843 18 2972 2 1771 19 12978
791 0.056021062945195405 -0.29315891564412039 -0.76899525666745472 0 0 0 1.9416599039020277 18 7873 2 1773 4 2227
793 0.053482141605250215 -0.16586687794866459 -0.89810346968065202 0 0 0 0.6144413509289679 2 1784 7 5941
795 0.075483402417307319 -0.27800819095278273 -0.8009335134112876 0 0 0 2.0657810429278305 18 3332 2 1790 7 4326 3 1625
796 0.06663855191001114 -0.27053821389564248 -0.79740553992048624 0 0 0 1.6792059951003273 16 4316 2 1794 3 1619 10 2675
797 0.049008338296996509 -0.25477233255202375 -0.87317893680953529 0 0 0 0.7703425684473425 2 1810 7 3104 8 2683
799 0.079094655310170153 -0.2762695265549524 -0.81605980536952005 0 0 0 1.4361655387583412 18 6088 2 1817 7 4324
800 0.10989739768110227 -0.25396211918191841 -0.84921750413088981 0 0 0 0.90131072704873638 16 2076 18 2547 2 1828
802 0.10424645347139011 -0.16960908223519014 -0.86731270020701978 0 0 0 2.1245732332778844 2 1836 7 5927 4 3824
803 0.10424645347139011 -0.16960908223519014 -0.86731270020701978 0 0 0 2.1245732332778844 2 1837 7 5929 4 3823
805 0.11137157146536625 -0.17048857730986233 -0.86424826657245135 0 0 0 1.9496858496419951 16 2797 2 1845 19 4375 8 2667 10 2681 11 4769 20 4914
806 0.10552415109608329 -0.26738980838646986 -0.79502661285523057 0 0 0 2.2937435088347984 16 2333 18 3322 2 1847 7 3371
807 0.1692539429395542 -0.20188176651687822 -0.89645946720394032 0 0 0 1.4665631998654378 2 1854 4 2492
808 0.16878920882715087 -0.19589587995011232 -0.88610252433036396 0 0 0 1.5260589675148957 18 2511 1 2601 20 2715
809 0.12155006358844288 -0.15587174218418814 -0.87650649965551142 0 0 0 1.6357563734150036 16 4119 18 8524 2 1857 7 7698 19 4358 11 4776
810 -0.16310491025913595 -0.87566531557128036 -0.76180648356665048 0 0 0 1.8546751596620694 18 3058 2 1899 7 2899
812 -0.1837180653259344 -0.8820051735483756 -0.7763022624293785 0 0 0 0.7775022479638527 16 2637 2 1902 7 4386
813 -0.1890459997508214 -0.86868939748188811 -0.6749306223580851 0 0 0 0.18644055198171663 16 5457 10 5394
814 -0.21002407667843762 -0.87189033772815883 -0.72810514383341829 0 0 0 2.0193809572131549 16 4749 2 1932 10 5387
815 -0.27466752728911503 -0.87096112567153683 -0.70315144088645276 0 0 0 1.8999318336762869 16 3488 2 1963 19 3298
816 -0.30293787696627072 -0.87262615428288015 -0.76501085414803183 0 0 0 1.7808182654454736 2 1976 19 1841 10 2219
817 -0.38183271434495369 -0.87314666508240113 -0.81127034975374501 0 0 0 1.818164229576041 2 2001 7 2811 1 1896 16 4797 5 2639 10 5428 20 4307
819 0.022829807313675829 -0.12851642920996945 -0.95178811706730948 0 0 0 0.55975481914074077 2 2008 19 1659
820 0.19430787242424552 -0.86357313060614049 -0.74199661578580667 0 0 0 1.517364593412756 18 1667 2 2009 7 2282 1 1730
821 -0.20122825200135205 -0.12430403811446228 -0.97340287027792471 0 0 0 0.75403248528246025 5 7931 2 2023
823 0.12659549156819372 -0.15315562875668354 -0.87942405012620761 0 0 0 2.4490037855105755 5 7675 2 2079 7 7692 1 2813 19 4381
824 -0.019641729547142578 -0.26096214383047583 -0.80256967943726454 0 0 0 1.8663755539583864 16 4339 18 6045 2 2084 7 4986 4 2872
825 0.10041541532429825 -0.31080681156459344 -0.73297580880444724 0 0 0 2.1382598257777401 16 4476 4 2054 19 2732
826 0.45679429672284733 -0.85932694426652212 -0.65776948527331802 0 0 0 1.3600505660496189 16 3079 2 2119
827 -0.0043574531574449571 -0.86522778376849296 -0.66442652390174439 0 0 0 1.9826566693831313 18 4063 2 2205 1 1918
829 0.53993126828493043 -0.82480096533963931 -1.0478082481833004 0 0 0 1.5202263015238435 5 3778 16 4616 2 2364 7 8397
830 0.44971313315332495 -0.84852693143150715 -1.0172108295977667 0 0 0 1.8746483207730924 5 3790 2 2386 12 963
831 -0.20055132114789395 -0.75244067257493308 -0.80375595657733379 0 0 0 2.5519824855746371 2 2420 1 3222 7 7048 16 4730
834 -0.10336098477146216 -0.76042598659530514 -0.80966291976866134 0 0 0 1.0833036209975355 16 1751 2 2427 7 11554 1 3186 8 1280
835 -0.051890757680430583 -0.31999715589997346 -0.76290148569628502 0 0 0 1.3173766568125718 16 7675 2 2502 7 5024
836 -0.04939425021252869 -0.33354226644134777 -0.76162409585613067 0 0 0 0.11266511292930886 2 2503 1 332
837 0.016592729960245176 -0.86636937060250863 -0.73002353335799941 0 0 0 2.1293190441842946 18 11845 2 2511 10 3131
839 0.087854855535547755 -0.32396573631447872 -0.72657372046531643 0 0 0 2.0134552170895899 18 6105 2 2530 10 5095
840 0.11680731532825264 -0.31361157352421143 -0.71658758427374558 0 0 0 1.7479468371664917 16 7920 2 2546 7 4532 8 9737
841 0.12401153851316543 -0.32515200917903314 -0.71711597842961328 0 0 0 0.78585526576044629 2 2549 7 8011
842 -0.21378988834338283 -0.36207628995729035 -0.95266809172450162 0 0 0 0.6713025305650473 16 10836 10 8114
843 -0.10870284788270071 -0.30173316944703382 -0.77808552029862121 0 0 0 2.3207763344929893 18 7796 2 2617 1 4272 10 12531 16 7707
844 -0.01668990602232881 -0.2647763556277864 -0.80622124272892881 0 0 0 2.044960442447016 18 5712 2 2629 7 8837
845 -0.088698108576315771 -0.29326770125250323 -0.78988142575875964 0 0 0 1.1312455664788441 2 2633 10 8109
847 0.067287374571316894 -0.274887054461049 -0.82479835170280613 0 0 0 0.7795460095653961 18 8499 2 2666
848 0.10197268521236903 -0.26303525959026325 -0.81825676980845841 0 0 0 1.6705050849279628 16 7483 2 2672 7 4327
849 0.10419266686302217 -0.25834428848935315 -0.86739910162215939 0 0 0 1.4924421833869956 18 5980 2 2673 7 4321
850 0.16467319574499947 -0.27858190784096337 -0.85817262561155738 0 0 0 1.2722698314464707 16 4310 18 5966 2 2687 7 9002
851 0.16448399021812493 -0.27718039417216528 -0.85595042889796025 0 0 0 1.4817449122860609 16 4309 18 5965 2 2688 7 9001 1 4968
852 -0.34813157518858262 -0.87767958891586884 -0.82518664540215858 0 0 0 0.59513757963709613 18 5184 2 2723 8 4726
854 0.36349226687742409 -0.85278338755703098 -0.81606062498828846 0 0 0 1.5705383880011516 18 4731 2 2807 7 4648 1 3088 20 4504
855 0.35064836644928765 -0.85913748353554609 -0.82887168101190234 0 0 0 1.1250834279302482 18 3126 2 2814
859 0.014287771357255397 -0.86432057915386018 -0.79090326941139644 0 0 0 1.5036968799264054 16 5371 2 2958 1 2671 13 3377 14 4666
860 -0.054266395370172027 -0.85706682544719448 -0.76351788358012729 0 0 0 0.088922682615785453 18 7200 2 2969
861 -0.055269592017990449 -0.86473764673588271 -0.76763256034992433 0 0 0 1.4549823634661117 18 7201 2 2970 17 4725
862 0.11878814742833663 -0.13909752106118317 -0.93037368369152507 0 0 0 1.070442961625748 2 2994 7 2418 4 2527
863 0.11890191697268657 -0.13895194511697076 -0.93010205047089656 0 0 0 0.67300272102652769 2 2995 7 2417
865 -0.19568409072076401 -0.1357983043030617 -0.99778082461090589 0 0 0 2.2376844821462214 5 12674 16 5871 7 7850 10 4765 17 2778 8 3644
866 -0.19074377639073212 -0.15968313099654735 -1.0165923539494137 0 0 0 1.5030364846178752 18 11559 2 3068 7 6003
867 -0.21387390698049316 -0.14506123497263149 -0.93735832430466881 0 0 0 0.36495094953203111 16 6528 1 10083
868 -0.22743876041229258 -0.86719703824486283 -0.777320747205962 0 0 0 1.884547151581792 18 5122 2 3104 1 2632
869 -0.24671084808695717 -0.87262010868047768 -0.71182874857268608 0 0 0 2.2757753160146716 18 5148 2 3128 10 8933
870 -0.31147234054709905 -0.87246955113140134 -0.7700360273719844 0 0 0 1.8737136085998058 18 7099 2 3144 7 6980 8 5028 10 8921 17 5375
871 -0.29574342757480931 -0.86996749972135667 -0.74643344346892526 0 0 0 1.7584367833090069 2 3156 7 4444 1 2210
872 0.60381411641181715 -0.854552223630626 -0.96430693818640556 0 0 0 0.31522038053606716 18 3846 2 3171
873 0.074670760300798097 -0.27589649238068847 -0.82271562418291189 0 0 0 2.060675234292316 18 5992 2 3189 7 4941 4 2894
875 0.20683405990702755 -0.18808817711648354 -0.90584657365267485 0 0 0 2.4766408627167698 18 8534 2 3262 4 5761 19 7316 8 11008
876 0.16848431432236013 -0.19123555264132475 -0.8844138761513376 0 0 0 1.6036538867313037 16 2796 2 3277 4 3829 8 2659
877 0.12073692172752869 -0.16320051179573561 -0.87172243794806081 0 0 0 2.7051580088168881 18 5971 2 3278 4 8955 8 4204
878 0.12073692172752869 -0.16320051179573561 -0.87172243794806081 0 0 0 2.7051580088168881 18 5972 2 3280 4 8954 8 4205
879 0.098517784009760023 -0.25070568385149955 -0.87901017934731529 0 0 0 1.4941463362580969 18 2560 2 3290 7 4325
881 0.093631241320014269 -0.17002590939949905 -0.87628006054435259 0 0 0 1.5355267449271361 18 6158 2 3305 7 5918
882 0.060858539724852272 -0.21852718169548901 -0.88056603229189556 0 0 0 1.2066205153527387 16 4153 2 3314 4 6196
883 0.024317560127785492 -0.16715915449973329 -0.91839632891775991 0 0 0 1.3191819710844728 18 8605 2 3320 7 5956
884 0.023267867290815952 -0.1974989458612233 -0.90123317324496677 0 0 0 2.1477455304140185 2 3331 19 7245 7 7757 11 5445 20 6924
885 0.019664664662609688 -0.2005462867160091 -0.89654626464192 0 0 0 1.5058864880049041 5 5728 2 3332 8 6354
886 0.15120480583845003 -0.28476026926489773 -0.81947522089312375 0 0 0 0.36376005534759753 18 12539 2 3442 7 9083
887 0.15181958157042449 -0.28652858219910143 -0.82259482901051562 0 0 0 1.7377583714884104 18 12536 2 3443 3 3790
888 0.14569869878469069 -0.29167211991143344 -0.77632720226941743 0 0 0 1.6877988921037315 18 7923 2 3452 7 8983
889 0.1353971978149747 -0.27627337838111715 -0.75537376220078256 0 0 0 1.0086565792123587 7 8978 4 4718 3 2484
890 0.13922111751161889 -0.29086050305096983 -0.77489717264672286 0 0 0 0.54389399502990132 2 3477 10 8505
892 0.080072154844678972 -0.27542206489958648 -0.78989682208601186 0 0 0 1.9392720755386996 16 4312 18 7877 2 3496 10 4907 7 11482
893 0.077116783014236218 -0.28236271675866298 -0.78565645961638797 0 0 0 1.3876764089963203 16 7582 2 3499 4 3273 10 9403
894 0.083298625058970427 -0.27321629602840364 -0.78718631270800898 0 0 0 1.4010163532570516 16 11131 2 3501 4 4938
895 0.077707617075231133 -0.27649393264945921 -0.78731615611426209 0 0 0 1.8916875635271966 16 7535 18 7858 2 3505 3 2580 8 6089 10 12900
896 0.0010233553609047541 -0.18042815080661892 -0.93851253215989616 0 0 0 0.96768663517502518 5 12631 18 6032 2 3543
897 0.010867257333330299 -0.20392127387604159 -0.88923247508342285 0 0 0 1.8869909877112772 16 6251 19 7238 10 8028 11 5438 20 11127
898 0.010867257333330299 -0.20392127387604159 -0.88923247508342285 0 0 0 1.8869909877112772 16 6250 19 7239 10 8030 11 5437 20 11128
899 0.016737731499181632 -0.19825321694927384 -0.90349083347641113 0 0 0 1.0751567131601287 18 9413 2 3578 7 10380
900 0.048148351876917614 -0.24641279957258111 -0.87482027690908937 0 0 0 0.24972320067278653 16 7591 2 3584
901 0.053029596971331652 -0.24987940827764082 -0.87302241169813 0 0 0 1.4746615669357035 16 7529 2 3599 7 8930 19 7259
902 0.089158445858745827 -0.17912830368025145 -0.87000577964561376 0 0 0 1.708484607640762 2 3615 7 7705 18 5991
904 0.14185677636084212 -0.13794452595269513 -0.89094498972499658 0 0 0 1.6875965833884916 18 9378 2 3732 19 13035 1 9675
905 0.078891721207387411 -0.14239131709246916 -0.89304657262128329 0 0 0 0.56496659043770403 18 8811 2 3739 7 7704
907 0.45094093668151103 -0.86373324893329362 -0.65224121881251007 0 0 0 2.0452887988936554 5 10642 16 11502 2 3858
909 -0.27743515481647596 -0.87162164679204301 -0.73757805965343792 0 0 0 2.5096938607732953 16 8099 18 12773 2 3952 8 5048
910 -0.30441605692346685 -0.87261099097171835 -0.85968837387550279 0 0 0 1.4432268360510303 18 7109 2 3968
911 -0.21741310744260092 -0.8286469755720749 -0.81150129440520136 0 0 0 1.9953715971082935 7 4392 1 2640 19 5195 11 4364 20 4388
912 -0.17468129584171002 -0.86829243864096894 -0.75826878417994958 0 0 0 0.52472620223721933 5 4790 2 4036 1 4174
915 -0.10307053979653516 -0.7690585108157264 -0.80286355846874535 0 0 0 1.2115160543192676 2 4060 11 4343 18 7174
916 -0.10926031885302551 -0.86629974677985366 -0.79539238810603141 0 0 0 1.8014771259318396 5 4380 2 4064 1 2657 19 3952
917 0.032498788379221127 -0.86322528531419551 -0.7293527076309394 0 0 0 1.7532466373289586 2 4105 1 2024 13 6419
918 0.16472882341676259 -0.80234533543430464 -0.73756815371717466 0 0 0 0.87618227877601895 5 11482 1 11257
919 0.12604405007784056 -0.8621216782276484 -0.74192650780319824 0 0 0 1.7915057720069696 5 2105 16 6017 2 4148 7 4550 11 6516 20 9144
920 0.16439801961115857 -0.79043707070596003 -0.72846696972717784 0 0 0 1.2036185734001155 5 4910 2 4156 1 5615
921 0.5295038956669833 -0.84968723503225307 -0.86043580736554426 0 0 0 0.92701847187462394 2 4308 11 6686
922 -0.3399522139403085 -0.55611413090777884 -0.8560401504766959 0 0 0 1.6945984216679391 5 5770 2 4471 7 11183
923 0.15021473597348298 -0.32729008154153255 -0.69978649787539648 0 0 0 1.0316437718511866 16 8302 2 4501 1 8315
924 0.12844324962404291 -0.33412017860205079 -0.70860231408357777 0 0 0 0.7845744013850493 2 4505 7 8010
926 0.084601495979210906 -0.32992067532814862 -0.72878544044404192 0 0 0 1.8345252652315611 18 6099 2 4528 7 8001
927 0.065178307436250735 -0.33673001942131808 -0.72831482344277654 0 0 0 0.43266318245171065 5 6503 2 4531
928 0.092279012350067857 -0.31507315821778498 -0.73625295249421829 0 0 0 1.4864629469210777 16 8831 2 4533 19 8181
929 0.093960506362005605 -0.31528028522704438 -0.74701393753907608 0 0 0 1.6108506428514844 18 11196 2 4536 19 6513
930 -0.01735790276394425 -0.31811135316102168 -0.74369588228845451 0 0 0 1.1392114618275675 18 5723 8 9500 4 5971
931 -0.021146255166222261 -0.32131467801964203 -0.74925682720331643 0 0 0 0.80241910317787268 7 8839 8 9499
932 -0.33975777317723321 -0.54860892260243044 -0.85655524850895626 0 0 0 1.3802021455289615 18 3972 2 4723 1 4444 4 6710
933 0.53897375163688677 -0.83416387565940009 -1.0497702059436 0 0 0 1.8093796175999044 5 8318 16 8314 2 4754 7 8392
934 0.49716318899625078 -0.83134683025637734 -1.0579838097290371 0 0 0 1.7540447661529814 18 7639 2 4778 7 3888 1 3664
935 0.43702408860593922 -0.84997953324319453 -1.0595800715557353 0 0 0 1.2089404895958156 16 4633 2 4790 1 3697 8 4977
937 -0.21470466162553706 -0.71043344470857583 -0.81213359885810865 0 0 0 1.8906657690026147 2 4850 7 7046 1 3209 4 6437 3 3412 10 10836
938 -0.29908587661014197 -0.71811072630060169 -0.84635798920457939 0 0 0 0.19246945097241386 2 4870 7 4435
940 -0.37039151191092112 -0.70779931026419729 -0.86285326146979502 0 0 0 2.102594232223955 16 4521 2 4882 3 1701
941 -0.3320073710755197 -0.86947909631965525 -0.87055555658017614 0 0 0 0.58348284025960995 2 4938 1 2605
942 -0.33201805193433997 -0.87133816429416711 -0.87204409178452713 0 0 0 2.0292243241079935 2 4939 1 2607 5 2510 19 5252 16 7481 11 4380
944 -0.37322462441714011 -0.86679532772344681 -0.89832663809427804 0 0 0 1.8746261514314277 18 9975 2 5247 13 4354
945 -0.30823268610653887 -0.86815941138602115 -0.65746516564501567 0 0 0 2.0746149636668965 2 5336 1 4238
946 -0.27700001190864265 -0.87379778058273594 -0.58940053356757094 0 0 0 0.036748477969946583 2 5337 19 6094
947 0.1206053266095074 -0.67677159523005548 -0.75860909676431687 0 0 0 1.5133836154565257 16 8235 2 5339 11 7462
948 0.12053105385912249 -0.67700211287783452 -0.7587339256405452 0 0 0 1.2544371521325248 16 8236 2 5340 1 8714 11 7463
949 0.54379382705555479 -0.82404127982134301 -1.0392194603121354 0 0 0 2.6630504235670243 18 7643 2 5375 7 8393 10 9132 12 1240
950 0.5502367992340973 -0.80580690920749887 -1.0483916474808301 0 0 0 1.2844239063236753 5 5911 16 4618 2 5384 10 7835
951 0.5147215954618295 -0.83644510136345906 -1.0582866759788205 0 0 0 0.90120094364768655 16 10375 2 5385 1 5054
952 0.55793076187182256 -0.83538546495039068 -1.0442582211848348 0 0 0 0.91862072146273599 18 11396 2 5393 8 7510
953 -0.011419129591135307 -0.86714292393590275 -0.73501622067031502 0 0 0 0.84075752459341657 5 10428 2 5553 11 8871
954 0.019121923130285143 -0.3186979318273338 -0.73505019105161218 0 0 0 2.1566118705561217 2 5762 8 9508
955 0.12941197411231475 -0.34062235032192512 -0.72102528840167901 0 0 0 1.7601650262256474 18 7895 2 5806 3 1216
956 -0.34038525446425472 -0.8694656806485328 -0.81434993987470672 0 0 0 0.41983724995290561 5 10311 2 5908
957 -0.11940166546466821 -0.30871452084869089 -0.77276581633421104 0 0 0 1.163469303988663 16 10741 2 6002 19 9833
958 0.055192781205863288 -0.27977176237355672 -0.78318931915974144 0 0 0 0.65583355622583794 2 6071 10 8026
959 0.48595547266860795 -0.85365303318051367 -0.70962147948667309 0 0 0 0.89995636829574188 2 6077 11 9984
960 0.10709958859477169 -0.2398165949797284 -0.84493158917817768 0 0 0 1.4029358167091484 18 8517 2 6260 7 8932
961 0.13995211759101558 -0.28565856085092078 -0.78032951523053518 0 0 0 0.62488290279069092 2 6266 7 12757 1 6924
962 0.14577612989322764 -0.28826559221438131 -0.79654841244350072 0 0 0 1.1849399395589726 18 9403 2 6270 7 12814
963 0.28742918612800594 -0.34027424607881163 -0.94348492155300323 0 0 0 1.399757825458309 2 6309 3 2540
964 0.28346748463967508 -0.33533911401106259 -0.94097082873080606 0 0 0 1.7955609195521489 5 12827 1 5012 7 10288
965 0.018337500350122202 -0.20583642703568844 -0.89775025868719949 0 0 0 1.357819175316987 18 12988 2 6757 19 11792
966 0.020602940750821752 -0.20559055505209789 -0.89872101178661068 0 0 0 1.7128869311625483 18 12965 2 6767 11 8034
967 0.045198083951335719 -0.24494807262469215 -0.87675526920245672 0 0 0 1.639798185599245 16 10936 2 6780 19 10697 11 9610
968 0.09961740507782943 -0.1505485944064269 -0.86753418802232685 0 0 0 1.6585367188992195 5 12567 16 8694 2 6820 19 11758 1 6852
969 0.090884780677407281 -0.17705606785148886 -0.87118633140723234 0 0 0 1.6282323251888118 18 12916 2 6823 19 7272 11 5408
971 -0.41778411592466913 -0.86877708162535106 -0.88833543222736333 0 0 0 2.2242427797276312 18 9976 2 7309 10 10866
972 -0.21348451938117011 -0.86687910373145938 -0.80167001024541173 0 0 0 2.1406981996122521 5 10355 2 7782 1 11122 19 9228
973 0.19429571535001922 -0.17736033196293347 -0.90196754793328959 0 0 0 1.8819901119783986 18 5949 2 8096 1 6814 19 11744
974 0.079929095196373867 -0.18081629285961018 -0.88533954961830674 0 0 0 1.4052211270647741 5 13242 2 8105 15 10487
975 -0.21702664735526769 -0.71380927689241691 -0.80695614107287406 0 0 0 2.7299802765722618 5 11369 2 8245 1 8778 4 6441 8 10931
976 -0.21630966184779102 -0.71047812314110748 -0.80428655680657601 0 0 0 1.7335271892925148 5 11370 2 8246 1 8777 4 6442
977 -0.20998303452606945 -0.69423108638252096 -0.8141141442407176 0 0 0 0.94838552916720031 16 8563 2 8248 1 7049 4 9296 19 8357 11 7428
978 -0.095431934587070277 -0.69570856142616222 -0.81070156348116074 0 0 0 1.1113199833842387 2 8420 4 9278 5 4838
979 0.12239162326591034 -0.67344150929910396 -0.75812374165186602 0 0 0 1.1484955767551859 18 9902 2 8470 19 8457
980 0.23201247896882643 -0.85644021708816553 -0.74981563712455168 0 0 0 1.1080234140263547 16 9223 2 8908
982 0.54084595959223503 -0.81205068516067636 -1.051727778231824 0 0 0 1.9208828364285511 5 8327 2 9624 19 8398
983 0.43832985255398182 -0.86738089857993184 -0.68214299610311957 0 0 0 0.46875354444077044 16 11516 2 9714
984 0.40343887347047314 -0.85386961028657171 -0.64488219575670169 0 0 0 0.45928895279949455 5 12997 19 11050
985 0.39721521846502472 -0.85710630117707742 -0.68562734977819106 0 0 0 1.5740104077085955 16 11542 2 9759 11 10023
986 0.39721521846502472 -0.85710630117707742 -0.68562734977819106 0 0 0 1.5740104077085955 16 11543 2 9760 11 10024
987 0.45970411654616072 -0.83188983108598347 -1.1358451530151659 0 0 0 1.1291439497335967 18 9848 2 10629
988 -0.26827363536141968 -0.66971686632393967 -0.83092529914740099 0 0 0 1.527965125518858 18 7578 2 11008
990 -0.093303373502355125 -0.75061709239340058 -0.80597267454561283 0 0 0 0.96628033837984673 16 11320 2 13201 8 11199
991 -0.24155650901194561 -0.28970379209428548 -1.0295704301430142 0 0 0 0.26651128685938713 2 483 8 1108
992 -0.23465230173767912 -0.18893924640404403 -0.93358530030854481 0 0 0 1.6158226655423666 16 2744 2 1675 8 2558
994 -0.24623353864519623 -0.28438891055900428 -1.0371159452300347 0 0 0 2.2057403529272293 16 8492 2 6634 10 7217
996 0.027445893180462852 -0.29780421634332177 -0.75399929301408353 0 0 0 1.6169096782492391 2 80 7 99 5 131 16 83
997 -0.089532789419285219 -0.8097457113448765 -0.80329509613259642 0 0 0 2.0224488948254371 2 96 7 144 10 194 5 110
998 0.17591157961962806 -0.88460999954803787 -0.69534241256751306 0 0 0 1.2944345118643095 2 169 7 271
999 -0.024333838327668306 -0.19791628222837243 -1.0115885358472088 0 0 0 0.56683943667589909 18 356 2 209
1000 -0.23463022745700399 -0.26289049232144612 -1.1370044076027379 0 0 0 1.1645574212069811 18 890 2 292
1001 -0.21123801026364 -0.35309081788277497 -1.0057000092443826 0 0 0 0.85536848571667956 16 690 18 561
1003 -0.17360432902634812 -0.83677606611160171 -0.81980944656466992 0 0 0 0.91881933241061908 2 440 7 559 18 509
1004 -0.17809124926752309 -0.85694775667636436 -0.8337995288790967 0 0 0 1.727392341752978 7 560 18 508 19 316
1005 0.17202200091644798 -0.64848809474885427 -0.7116768120704543 0 0 0 0.20404900110676444 18 1490 7 1903
1007 -0.20169817161487572 -0.34756770596881598 -1.0523822791195212 0 0 0 0.32602359191573982 7 1751 10 1847
1009 0.0032792718166994445 -0.25309267810080066 -1.1670162335674932 0 0 0 0.57618459102693609 18 1560 2 797
1010 0.087402739503740515 -0.27725741098331164 -0.82287778873985662 0 0 0 2.395825400103178 16 1643 7 3364 18 2071
1012 0.14907880409858745 -0.15362275744554627 -1.0888037948091447 0 0 0 1.7745658999803235 18 1574 2 1107 7 1515 4 1024
1013 -0.22492880105239618 -0.69064129276273611 -0.80970875830037836 0 0 0 2.1679618302658499 2 1202 7 1930 1 847 4 658 19 1284 3 824 11 1757
1014 -0.32698302970684623 -0.89707748409406696 -0.88664058822653535 0 0 0 0.87535423109670463 16 3148 2 1207
1015 0.031347192500109006 -0.32593049961614012 -0.74649216716632449 0 0 0 1.6382516995895549 18 1275 2 1225
1016 0.092954015983750429 -0.44717764269680177 -0.77892886387800564 0 0 0 1.9729912129755338 5 2267 18 1661 7 1482 3 1228
1018 0.48683104323624871 -0.87887658159137239 -0.68962515265534952 0 0 0 2.0810253741206637 18 2083 2 1473 7 3811 5 1856
1019 -0.0065685298955569654 -0.19001899127587102 -0.90474321610780817 0 0 0 1.9890882675122394 16 2228 2 1757 19 2477
1020 0.049793163428056272 -0.18087406585142451 -0.94095976709143603 0 0 0 1.8076250224180104 18 2585 2 1785
1021 0.09277625126592616 -0.14387161003609075 -0.87737521858027856 0 0 0 0.22655785398748582 2 1831 7 7710
1022 -0.19871196039026282 -0.84211199905759915 -0.82671369912636816 0 0 0 0.85309554068330329 16 2639 2 1900
1024 0.050480951809583618 -0.15545233551502111 -0.91435415070892789 0 0 0 1.3831592028509241 18 2974 2 2049
1029 0.46982380726116002 -0.86458052449580425 -0.71883336122952657 0 0 0 0.52882921119891013 2 2763 7 4681
1030 0.34915133446920166 -0.86883493660495903 -0.7570841363884524 0 0 0 2.393064015615376 18 9478 2 2835 7 4641
1031 0.019813162397045433 -0.86523766745651298 -0.80530390387423334 0 0 0 0.55427549421533151 16 4694 1 2677
1032 -0.11288525383372774 -0.86485525610849967 -0.79953656100161297 0 0 0 0.92672119986506907 7 4374 19 3243 11 2062 20 3127
1033 -0.23024380901651223 -0.14619715957058649 -0.966557460216245 0 0 0 1.6644116581577015 16 6533 2 3083
1034 -0.048575727260112084 -0.26130092350723677 -0.90283585545672862 0 0 0 1.3401397489508686 18 2600 7 3040
1035 0.089176890451706126 -0.1524587059163974 -0.89644347523982781 0 0 0 0.89783702799247833 2 3315 4 3807
1036 -0.17649164035775386 -0.91705331088618958 -0.84005360763615733 0 0 0 1.1458099119705252 16 4716 2 4038
1041 0.4421453475942968 -0.84396928898195189 -0.90313234280721755 0 0 0 1.1558344005524834 18 21 7 19 19 20
1042 0.1257522879944328 -0.52828779087546929 -0.78104631267079538 0 0 0 1.3121654098647133 5 41 7 28 3 21
1044 -0.29144355129399391 -0.42427752852815381 -0.83184621962590333 0 0 0 2.0460652530272854 5 30 7 45 3 30
1046 0.13102267829309291 -0.26226170845286212 -0.85896778778046223 0 0 0 1.0431602241504814 5 96 7 87 4 71
1047 -0.035212482970273212 -0.31991931255093997 -0.74669324931576531 0 0 0 0.65958532152479576 5 59 4 54
1048 0.34978705948422595 -0.8395460915161741 -1.0275096367491707 0 0 0 0.13261934755845114 18 83 7 93
1050 0.29887804127489215 -0.85275203090334517 -0.83469227227563692 0 0 0 0.99456840166606519 18 85 7 123
1051 0.034758824720832596 -0.22779335583220345 -0.87310308436648998 0 0 0 2.0770981937855053 7 129 4 131 5 112 3 91
1055 -0.1831197951322027 -0.19793478770011053 -1.1191138235016198 0 0 0 2.4860536810401279 18 129 7 153 3 127
1056 -0.041776102336426785 -0.81760542942785386 -0.97938665911503575 0 0 0 0.043916935844347374 18 128 7 154
1058 -0.28657688920619218 -0.49875440886439287 -0.83469081625647745 0 0 0 0.80841678365706604 5 150 7 183 4 165
1059 -0.28657688920619173 -0.49875440886439154 -0.83469081625647612 0 0 0 0.80841678365752545 5 149 7 184 4 164
1060 -0.020334051757557731 -0.28049025800539373 -0.80167104493353913 0 0 0 1.4998394636457824 18 206 7 187 1 180 4 232 3 171
1061 0.028549540535135406 -0.31617609009508896 -0.73261194187247547 0 0 0 1.9950016187021764 2 137 5 288
1063 0.14799931355355922 -0.21637914709322059 -0.85581216231189883 0 0 0 1.6492368004947398 5 246 7 216 4 248
1064 0.032917888658305514 -0.14772253757991613 -0.92709568634547668 0 0 0 1.7640902848705069 7 225 15 188
1065 -0.28166163086596896 -0.68891869761477365 -0.83631152350539306 0 0 0 1.5360731628508573 2 142 7 228
1066 -0.062680208760948875 -0.81434859788139891 -0.7805635776221107 0 0 0 0.83962004588997941 2 136 18 171
1067 0.1102057668636558 -0.3391936649017302 -0.73040131181861767 0 0 0 3.2140670158256048 5 231 18 124 7 239 3 112
1068 -0.0003098726009221342 -0.86266770207450372 -0.65027258644376795 0 0 0 1.6364664872165577 5 179 18 151
1069 -0.31455050797151929 -0.87325947654696168 -0.89124974546211555 0 0 0 1.0581475882744522 18 341 7 268 19 259 11 388
1070 -0.36524033136217537 -0.49354823591535663 -0.85183073358188621 0 0 0 1.6278847504870413 5 307 7 276 4 258
1071 0.71661705689380684 -0.84430206577332623 -0.84549248117250508 0 0 0 1.0352332529753205 5 286 19 239
1072 0.2761815358038453 -0.2611184767505606 -1.0204445412562424 0 0 0 1.8279976174961365 2 191 7 305 18 221 4 327 19 274 3 316
1073 -0.037009319841713378 -0.27664556167829685 -0.79382226308202308 0 0 0 1.2844076039651702 18 309 7 308 4 236 3 252
1074 0.13992194709547096 -0.13424684899431591 -0.90653932154102312 0 0 0 1.2619551810577838 18 374 7 311 4 318
1075 0.13953928199604529 -0.1336002321405742 -0.90470299364549533 0 0 0 1.2659248276143256 18 376 7 312
1077 -0.12235471286388844 -0.81969801100368311 -0.80668075590343857 0 0 0 2.2820622401540485 7 336 19 178
1079 0.012352631355291674 -0.26751031973932227 -0.86305378695491841 0 0 0 0.93645175644461442 5 406 3 296
1080 0.069720321496599957 -0.27311148763859711 -0.81256547025111536 0 0 0 0.55889758911997001 2 266 4 316 3 402
1081 0.097918673990989094 -0.31803342111416488 -0.72687697834477949 0 0 0 2.1364755014419234 16 400 7 367 4 322 3 427
1082 0.07888148785828672 -0.13137173675221758 -0.90429755591841987 0 0 0 2.5237241075926011 5 642 18 406 7 370 3 403
1084 -0.022088684158930061 -0.21741296304650309 -0.86939998486894821 0 0 0 1.9898481129031069 18 932 7 378 19 970 1 474 5 504
1085 -0.090309930253029275 -0.29378802641848401 -1.0017011421506261 0 0 0 0.29429027594470447 18 1249 3 562
1088 -0.27345535432524704 -0.20018672746339561 -0.80479169463224864 0 0 0 1.4600634922576674 5 326 7 442 4 354
1089 -0.00071028178362260441 -0.8608667952365705 -0.73371510794691197 0 0 0 1.9796874954849688 2 180 7 545 1 295
1090 -0.20047220439839722 -0.861196131631909 -0.80263937898615567 0 0 0 0.35653232224401976 5 352 7 569
1091 -0.20047220439839722 -0.861196131631909 -0.80263937898615567 0 0 0 0.35653232224401976 5 351 7 570
1092 -0.16013647939497691 -0.82353672539460243 -0.82356061265323821 0 0 0 1.3486819399592758 2 448 5 309 7 573
1093 -0.17373635749544727 -0.35987773860059408 -0.77168116769998973 0 0 0 1.9636032150578022 5 349 7 578 4 355 3 277
1095 -0.2380560671075008 0.043058976567901266 -0.82083391073441225 0 0 0 1.5997528332735502 5 732 7 663
1096 -0.23088670840496281 0.053559393262154552 -0.83120892893442866 0 0 0 1.6038907979685098 5 1056 7 675
1097 0.0079000674743907179 -0.8467461850318363 -0.69039690553060162 0 0 0 1.2509094635731113 18 673 7 747 1 286
1098 -0.018895909579552422 -0.86659863095393774 -0.71099901990038816 0 0 0 1.7337118122243733 18 662 7 755 1 428
1099 0.35744747597269244 -0.86005322688058294 -0.58026754982514639 0 0 0 1.1122948794092471 5 708 7 793
1100 0.30186913450415026 -0.85490396991884121 -0.49580192595789796 0 0 0 0.90406029327400628 5 702 18 437
1101 0.41646379409364753 -0.84218701491623271 -0.66959560470673574 0 0 0 1.4800446747401959 5 706 7 812 1 452
1102 0.7053380807398284 -0.83925671985209704 -0.87908995968642256 0 0 0 0.72778670020100689 5 626 8 413
1103 0.63670171130740816 -0.60633377376275166 -1.0180162032350084 0 0 0 0.78756295557721367 5 935 7 835
1104 0.44103968283272732 -0.8553460481181725 -0.70814803707087592 0 0 0 1.5731034491963367 2 364 11 813
1105 0.50426267635429234 -0.79551604789053187 -1.0625070699477879 0 0 0 0.80672470951503494 16 565 7 859
1106 0.098458872677721465 -0.66784510715654255 -0.76714112548731217 0 0 0 1.3218095037306823 18 691 7 872 16 395
1107 -0.063946128513847095 -0.86093497806811237 -0.7589340103680231 0 0 0 0.24175911337818862 7 876 1 285
1108 -0.0010987261724998698 -0.43185941813556322 -0.77209018569047894 0 0 0 0.62149173970584193 5 404 7 878
1111 0.11007821157134991 -0.14645934105210595 -0.89945543203832834 0 0 0 0.98922711158057552 18 967 7 948 3 691
1112 -0.171120928415434 -0.3472703346365219 -0.78042601823715407 0 0 0 0.54497449445549428 2 445 7 954
1113 0.064883346789002719 -0.23897277733788241 -0.87788370887601008 0 0 0 1.3536350015795156 18 397 7 958 1 384 19 501 11 550
1115 0.070668836243746633 -0.21909588349657261 -0.87909528966304973 0 0 0 1.9828753346003269 2 423 4 831
1116 0.040718126462688423 -0.20786775608760111 -0.8973425443758698 0 0 0 1.9885317470635708 18 420 4 501 19 535
1117 0.033213161548325668 -0.23151766462874329 -0.8807727008528774 0 0 0 1.8298205138078223 2 510 7 1005 4 848 8 1069
1118 0.049951180493692973 -0.24709310002353407 -0.87497619428877216 0 0 0 2.4351159758452083 7 1009 11 598 15 584
1119 0.017286711174855168 -0.17543757164771273 -0.93235622403781138 0 0 0 1.0216590088469202 2 512 7 1052
1120 0.029869296479351243 -0.85641492180461176 -0.65921044272484886 0 0 0 0.85569618826794014 18 1086 1 381
1121 0.50111702072232445 -0.85013547811972789 -0.87517176012008169 0 0 0 2.2974420200835439 18 752 19 666 10 607
1123 -0.46992135556370573 -0.70333898412541207 -0.89504710257206699 0 0 0 0.53645454900524836 16 1828 7 1180
1124 -0.3210394441985972 -0.86433094878806616 -0.87168820985606144 0 0 0 0.50298862537886957 7 1185 19 1247
1125 -0.34610177726876168 -0.5978516968719878 -0.85658096557756935 0 0 0 0.68728705945450042 16 1251 7 1195 8 1114
1126 -0.34400453212892423 -0.54492901946266259 -0.86250972466910403 0 0 0 0.65769659591311802 16 1845 7 1197
1127 -0.34400453212892401 -0.54492901946266237 -0.86250972466910381 0 0 0 0.65769659591334217 16 1846 7 1198
1128 -0.22053651023978857 -0.72059025689351297 -0.78383706929367936 0 0 0 0.25338727583647291 7 1217 1 553
1129 -0.19875413007213052 -0.87065603760892718 -0.73121766555406731 0 0 0 1.349377445285701 18 1236 7 1220 1 417
1130 0.096979338385932923 -0.69091137324406215 -0.75636405897436876 0 0 0 1.0527328935213152 2 609 7 1234 15 1103
1131 0.69419433372028516 -0.83410242751969244 -0.88983027061871023 0 0 0 1.972288882992759 5 915 7 1265 8 419
1132 0.57713193646747285 -0.85707264774566028 -0.68978225847590124 0 0 0 0.26651982019910597 5 1222 7 1268
1133 -0.26320302291153319 -0.19474202172271876 -0.82032309296380812 0 0 0 0.95818679752552904 5 1458 7 1304 3 899
1134 0.29405768778058461 -0.85329525821865637 -0.77020984933551717 0 0 0 0.87059797402879935 18 1491 7 1323
1135 -0.27682463386276157 -0.19991185979214793 -0.82166309420114136 0 0 0 1.0425351596449624 5 991 18 1866 7 1359 16 1952
1136 0.36617845726822118 -0.8526441647513352 -0.78370962868481264 0 0 0 1.2656645252821088 5 827 7 1368 1 442
1137 -0.24066301803042214 -0.22998753842161568 -0.83334104256645181 0 0 0 2.5211422521445206 18 1174 7 1386
1138 -0.20161517711618485 -0.28444715395573511 -1.0594911228128483 0 0 0 0.82884682595287762 18 1117 7 1390 4 808 5 1217
1139 -0.20315298445341176 -0.28423380050148239 -1.0389656427165344 0 0 0 0.78928369515641217 18 1072 7 1410 4 795
1140 -0.20424724575637518 -0.28708263815172602 -1.0438191535095946 0 0 0 1.7103779101157457 18 1044 7 1411 1 1311 4 794 5 883
1141 -0.19175862844511191 -0.39172797352221839 -1.0786461272117627 0 0 0 0.80818157084468178 7 1414 3 559
1142 -0.17884862509624569 -0.27014597418365344 -1.0845571123132927 0 0 0 0.89174813639582562 18 1237 7 1419
1143 0.035095471510829035 -0.30328595581000267 -0.72954996269752925 0 0 0 0.55908426266300837 18 953 7 1426
1144 0.13596043737176064 -0.29787163249345772 -0.74416072920793641 0 0 0 1.975254552035848 18 988 7 1428 3 693
1145 -0.020726251803833806 -0.19101099608579913 -0.92848336283270627 0 0 0 1.2919780038064694 18 1264 7 1429 1 1398
1146 -0.026406538445923944 -0.27086697983052915 -0.86585904160480753 0 0 0 1.6217139510279701 18 940 7 1433 4 820
1149 0.085398957381677312 -0.30162899755496175 -0.74109395160120117 0 0 0 1.4081063271936796 2 391 7 1454 3 971
1150 0.098569997887318656 -0.13308652834484072 -0.93950727946221013 0 0 0 1.6740980710078053 5 1174 18 1069 7 1456 4 850
1151 0.092253998190320333 -0.14553785778821715 -0.88710254642706898 0 0 0 2.4136075653506008 16 1641 7 1461 3 964 4 1027
1152 0.041007001663728684 -0.19852497931439672 -0.90738887778579724 0 0 0 2.1542247779276043 2 805 18 950 3 893
1153 0.047125901763916261 -0.16750570704147616 -0.92944776907836224 0 0 0 2.346813963188878 5 1190 18 1071
1154 -0.27236248606642421 -0.43435803497895714 -0.83166579675685504 0 0 0 1.3838625857596998 7 1479 3 1268 4 1294
1156 -0.24606990587470798 0.025184931475841693 -0.81174556018829991 0 0 0 0.31775152418537261 18 1792 7 1572
1157 0.19358762672866692 -0.23351964578474788 -0.89952117035685775 0 0 0 1.753200395192728 2 939 7 1617 4 1593
1158 0.17909095321071922 -0.26713700779621996 -0.86535743510075536 0 0 0 0.67695843559677005 7 1628 4 871 3 694
1159 0.13503674199185356 -0.28983416710933085 -0.75517825137650685 0 0 0 3.4094454221591173 18 2118 7 1640 4 1049 3 1259
1160 0.13708746891001788 -0.18547811970008626 -0.87402007099594914 0 0 0 1.9058534687923576 16 1383 7 1644 1 808 19 1725 8 1059
1161 0.090502819694168804 -0.26053908273591342 -0.8941877020762361 0 0 0 1.0147518485034075 18 1448 7 1648 4 1622
1162 0.081446609523186164 -0.26363575395275335 -0.85578125817889172 0 0 0 1.1457869258057263 2 1833 7 1650 3 1295
1163 0.077959509424612994 -0.29275415232246432 -0.76569167533199556 0 0 0 1.5331972626259862 7 1657 1 1218 3 1291
1164 0.078205699331680589 -0.29532497722893436 -0.76866239530356095 0 0 0 2.4607352039930275 18 3358 7 1658 19 2740 3 1288
1165 0.068298124981650665 -0.32058034951978093 -0.72773435692662702 0 0 0 1.8409401586288989 2 749 7 1671 8 1078
1166 0.048489497344353566 -0.2804358305568681 -0.78411171091526866 0 0 0 1.7107228519246895 2 811 10 1340 7 1679
1167 0.061480524545630202 -0.20386717652781533 -0.90098482053025974 0 0 0 0.79316077257423845 2 518 4 842
1168 0.0009801294792442794 -0.31366818416983694 -0.74772073314391618 0 0 0 0.26869000719368424 7 1702 3 808 8 1107
1169 -0.0270761134674746 -0.26386369857269698 -0.81349272938985084 0 0 0 1.475074654117404 5 1530 18 2593 7 1707 4 997
1170 0.02213149318128195 -0.31524291346750111 -0.73646767487985376 0 0 0 1.4773551076772087 16 1669 7 1710 8 1762
1171 -0.025464071063918486 -0.29717923930556639 -0.75231017802710487 0 0 0 1.539765981512988 18 1292 7 1713 1 1175
1174 -0.18764030501119286 -0.26492764225790943 -1.0943440225758403 0 0 0 1.2607340472439656 18 1913 7 1752 4 2965
1175 -0.19976784674257095 -0.29502914823369436 -1.1148649529286971 0 0 0 1.7160495336548436 18 1923 1 1323 7 1759
1176 -0.20712277861649445 -0.11773485918299331 -0.95586324702701986 0 0 0 2.1888655443602212 16 2096 18 1036 7 1774 4 943
1180 0.64134674260735536 -0.84950953723681488 -0.94444723874428393 0 0 0 1.5093533832502037 5 1607 7 1852 19 1358
1182 0.14357014059684312 -0.83728186961347695 -0.73856175043838368 0 0 0 0.7220865113816779 18 1671 7 1902 1 584 19 596
1183 -0.023271777765382251 -0.35250043239641926 -0.73590805179930663 0 0 0 0.71017157664729869 5 1526 7 1917
1184 -0.2266884169510657 -0.6966944269694062 -0.81483736964504927 0 0 0 1.4926496809345515 16 1232 7 1931 1 848 4 657
1185 -0.29929586618020021 -0.86648470811629941 -0.76054550698278001 0 0 0 1.7861282574535264 18 1621 7 1965 1 1060
1186 -0.47625973294778146 -0.74847166406785726 -0.88858127371632967 0 0 0 2.1641465511190647 5 1627 18 1538 7 1968
1187 -0.41321797967366902 -0.87473310879100308 -0.883772393317932 0 0 0 2.1166656246491109 18 1588 7 1969 19 1262
1188 -0.47338245838574866 -0.72012747284386536 -0.89648486287622875 0 0 0 0.68964950261091884 7 1971 8 1504
1189 -0.5179312763137176 -0.75253366520910903 -0.90205689423942759 0 0 0 0.23815236877742629 5 1642 7 1978
1190 0.53380471836882115 -0.85659890979877673 -0.64079104652946395 0 0 0 1.8055205483499779 5 1893 7 2029
1191 0.50930260157250951 -0.84091284467350547 -0.67684778002633461 0 0 0 0.045932245454366041 16 1097 7 2043
1192 0.432714129067582 -0.84829245502165374 -0.5185389468417978 0 0 0 1.7367993882536272 5 3147 15 5176
1193 0.29259075830231646 -0.88994619301668187 -0.63153660038799886 0 0 0 1.8688979269908248 2 1311 18 1362 7 2103
1194 0.28757708110326186 -0.86658202897060432 -0.6232385620524945 0 0 0 1.9650228542240256 2 1312 5 1286
1195 0.28106506126375963 -0.80518605465393778 -0.46793394754622475 0 0 0 2.0259477472553731 5 1295 18 1375 7 2106
1196 -0.43276037219231045 -0.86563332365191847 -0.60536850436652767 0 0 0 0.015954284291945502 18 1505 10 3248
1197 -0.31515555991837518 -0.87503128823516163 -0.60906200355024764 0 0 0 2.0562764309623871 18 2360 7 2242 10 3207
1198 0.015247009661139635 -0.18119440361895303 -0.91014838270551168 0 0 0 1.5639850780572 5 2993 16 6244 7 2363 19 7243
1200 0.086166099804537849 -0.12963168866324581 -0.93729202541661927 0 0 0 0.63326469601352375 18 2987 7 2413 4 1787
1201 0.12966779701753778 -0.1450448176163624 -0.88463222531444141 0 0 0 1.3977191464135916 5 5558 7 2420 3 1908 10 1932
1202 0.13752374921950355 -0.15988938413727083 -0.88902992547312243 0 0 0 1.301617171791924 5 3953 18 1581 7 2433 1 1499 4 2517
1203 0.12716139774263621 -0.16360754743795089 -0.8821004316549359 0 0 0 1.5952075064087969 5 3937 7 2439 4 1544 3 1338
1204 -0.37935107226532938 -0.42387857797500456 -0.85639512240511606 0 0 0 1.451397966843734 5 3915 16 2407 8 4599
1205 -0.26168349726619489 -0.20267602197176782 -0.80375515961865918 0 0 0 1.5809117034592965 5 2728 7 2532 4 1731 19 7116
1206 -0.33200083743086017 -0.87377957831700526 -0.53537617655607073 0 0 0 1.9510650051864031 18 3491 7 2581 10 5963
1208 0.047055111801565713 -0.22323052925750808 -0.88133761883060968 0 0 0 1.4469947086191068 2 1803 7 2601 1 1456
1209 -0.20492443543702402 -0.13325028840826245 -0.97077478652170734 0 0 0 1.9130056823682207 16 2040 7 2607 17 2235
1210 0.13296605091329228 -0.16128013548300088 -0.8789437041693724 0 0 0 1.4171093315306178 16 1612 18 2523 7 2634 19 2543
1211 -0.21229241670792129 -0.41046343953839565 -0.96533195141795658 0 0 0 2.0841446556296637 18 1899 7 2679 4 2818
1212 -0.23736752689561849 0.02723282935496972 -0.81132108470235131 0 0 0 2.2346774030217351 18 3403 7 2714 4 2999
1213 -0.19977783216529996 -0.29547107214321222 -1.0309968197435455 0 0 0 1.6814674447770954 18 1901 7 2739 1 1307 4 3374
1214 -0.19063252870202133 -0.13342181774922698 -1.0137111344647904 0 0 0 1.2401851778628428 16 1777 18 2956 7 2745 10 1100 17 1110 9 1187
1215 0.065159922993673666 -0.11770313501681828 -0.98733019553376677 0 0 0 1.5023007175727148 18 2971 7 2770 4 1522
1217 -0.50493040693672953 -0.88095347687198422 -0.88571521376661222 0 0 0 1.3688278832337717 18 1534 7 2797 8 2984
1218 -0.40468794265592922 -0.87458618463843396 -0.80548659611941242 0 0 0 1.1932683135608286 18 2841 7 2818 8 1483 20 2930 16 3169
1219 -0.4123446620126926 -0.89169093861068416 -0.82371518990621495 0 0 0 1.017189025293026 16 3170 7 2821
1220 -0.34293396892563432 -0.87552816912418696 -0.80111869579862005 0 0 0 0.46722445748639047 18 2860 7 2833 10 3197
1221 -0.23785399052054187 -0.8663594013440914 -0.77188003656832604 0 0 0 1.4959260174653082 18 1605 7 2838 1 1057 16 1854 19 3275 8 1264
1223 -0.21675927900112948 -0.69626882076489705 -0.81792457811278241 0 0 0 1.3940761875493859 5 2486 7 2846 4 1142
1224 -0.26586765696133319 -0.86878666039392782 -0.82890958844760299 0 0 0 2.3347210969579755 5 2487 7 2853 19 5222
1225 -0.28033008531962234 -0.87322480664301327 -0.86316194523187084 0 0 0 1.3067217887663591 18 3025 7 2854 1 1613 11 2680
1226 -0.20104637474421314 -0.69468525601662057 -0.84323069734717238 0 0 0 2.5199579245195047 2 1201 5 1389 7 2865
1227 -0.22441424626306525 -0.85549554277110129 -0.79880526697353149 0 0 0 1.5358373443427782 2 4024 5 1393 7 2866 8 3087
1228 -0.045317692929473657 -0.26318702883459605 -0.87457482665974062 0 0 0 1.1169009726429284 2 2085 16 2298 7 2873
1229 -0.17291063946938659 -0.86718681168213463 -0.79927950451275986 0 0 0 0.31075481709735298 2 1898 13 1195
1230 -0.20391194627222234 -0.73321540857380763 -0.84752912970907857 0 0 0 1.0107949443416018 5 2147 18 3945
1231 -0.14262100352506593 -0.85811027525347749 -0.74291859285189399 0 0 0 1.6446989915263275 18 3048 7 2881 1 1655
1232 -0.14262100352506593 -0.85811027525347749 -0.74291859285189399 0 0 0 1.6446989915263275 18 3049 7 2891 1 1656
1233 -0.13139548403800375 -0.84141626179226048 -0.80433346052863897 0 0 0 1.9407864051487458 2 2115 1 569 7 2902 20 986 18 1630
1234 -0.1072687149628884 -0.87861883928471984 -0.78063903965266412 0 0 0 1.4236901219028093 18 3050 7 2926 1 2666
1237 -0.27132795077322513 -0.47568148644146052 -0.83194035694096846 0 0 0 1.1164935667226985 5 2249 18 1606 7 2982 3 1524
1238 -0.1072687149628884 -0.87861883928471984 -0.78063903965266412 0 0 0 1.4236901219028093 18 3052 7 2994 1 2667
1239 0.41992646672580836 -0.83652771347565213 -1.0706081334913609 0 0 0 2.3020430996824741 2 1259 7 3012 8 3017
1240 0.46532655280439372 -0.83523224109809591 -1.0449097753706789 0 0 0 2.2324043829949223 5 3787 7 3017 12 704
1241 0.60636565521984465 -0.8559222236589723 -1.0096178067247488 0 0 0 0.21270689326193132 2 2104 7 3036
1243 0.12297853774618665 -0.8502394389826613 -0.76103959327388648 0 0 0 0.87567735173809713 2 2708 18 1653
1244 -0.065643601786168959 -0.27803880890887622 -0.91225900143917338 0 0 0 1.2206390636248212 18 2592 7 3073 3 1087 4 1658
1245 0.0043429558632070292 -0.2820655589374792 -0.87838070502602394 0 0 0 1.7864779137144076 5 3461 7 3088 4 999
1246 -0.242713415394578 0.070303725200342684 -0.82779843673416198 0 0 0 1.3769731011332571 5 2402 7 3158 4 1821 19 9489
1247 -0.22610624361370305 0.057043827193048791 -0.82958880085321951 0 0 0 1.6278765818318621 5 5462 18 1790 7 3161
1249 -0.14665697222884996 0.065202888018718541 -1.1164210706871918 0 0 0 1.5949085398720599 16 1209 7 3214 19 2333
1250 0.10063609405273788 -0.2615962766285766 -0.82688404465123777 0 0 0 1.378315784113368 18 2539 7 3358 4 2905
1251 0.12106119834177376 -0.74977270097906557 -0.7497400383276478 0 0 0 1.6942239470953582 5 2103 7 3397 1 1459 19 1317 20 1367
1252 0.19651381331738421 -0.83691050327718908 -0.74439496425150309 0 0 0 1.7677292041182491 2 1600 1 3127
1254 -0.42614703469590998 -0.87148652729071441 -0.62878977213331622 0 0 0 2.0984486324140987 18 4283 7 3494 10 8800
1255 -0.010393916790096547 -0.8549404113588257 -0.67311528574975854 0 0 0 1.2382866722608779 18 3647 7 3652 1 1666
1256 -0.010393916790096547 -0.8549404113588257 -0.67311528574975854 0 0 0 1.2382866722608779 18 3648 7 3653 1 1669
1257 -0.29099408119867642 -0.17909836092035317 -0.81299205432162869 0 0 0 1.0543982026073622 18 6190 3 2678
1259 0.3713599397252223 -0.85535700011044713 -0.52365668651919628 0 0 0 1.6725593311532831 5 3144 7 3802 19 2210
1261 0.54045932847638289 -0.85190750471211052 -0.65499769505160188 0 0 0 1.4324142475179424 5 1962 7 3839 19 3063
1262 0.60790817050240331 -0.84873925135092998 -0.67073526606726319 0 0 0 1.8807446269547508 5 1881 16 2031 7 3870 19 1250 10 1288
1263 -0.29318618931338258 -0.87212656913340747 -0.58370357376729487 0 0 0 0.33066138579913501 18 2354 7 3880 10 4071
1264 -0.019354414954441734 -0.83738638391072096 -0.62535799732533892 0 0 0 0.8721334033810082 7 3885 1 1684
1265 0.11338284678819238 -0.85888759795230918 -0.67470702489776557 0 0 0 0.51352726236084845 5 4426 7 3901 15 4685 13 5678
1267 -0.063910682735287411 -0.87327512964819265 -0.62470731369613386 0 0 0 1.7488692800235592 16 5426 18 4091 7 3991
1268 -0.30312440261584284 -0.87293441661981408 -0.58113654357125655 0 0 0 1.958220747688687 18 4225 7 4121 10 5992
1269 -0.32668240976464957 -0.87345670388563268 -0.66042075942146905 0 0 0 0.21067648332765365 18 4223 10 8877
1270 -0.43269602984002753 -0.87302656589169536 -0.56751913366700357 0 0 0 1.4153402171895912 18 9085 7 4186 10 8786
1271 0.25069756306121593 -0.42920611166327649 -0.87861589381078375 0 0 0 1.5468638366420262 2 2577 7 4287 4 5921
1272 0.13946632739342285 -0.28163029090279385 -0.75812362681506174 0 0 0 1.1858319901281 18 6124 7 4318 3 1623
1273 -0.058054612832139418 -0.87047562167961656 -0.8238071776891247 0 0 0 2.3871596291625425 2 2716 5 4393 7 4359
1274 -0.23727848207513388 -0.88094679829690814 -0.80609601908629203 0 0 0 1.5010361365900973 18 2921 7 4400 1 1064
1275 -0.22815641628913272 -0.86649671013630214 -0.77767483960411043 0 0 0 0.39689780499495059 2 3107 5 2482
1276 -0.21866502179113287 -0.76309903905364873 -0.8008194199843568 0 0 0 1.8784170976701648 5 4361 18 5124 7 4410
1278 -0.30728316055476024 -0.88085403047632016 -0.78764456736454491 0 0 0 0.95950092346959326 18 5169 7 4437
1279 -0.36678124344995799 -0.87362577940697972 -0.81474451887446975 0 0 0 1.5603035020234914 16 4784 18 5186 7 4450 1 2532 17 5383
1280 -0.35001320485204757 -0.86960100826619491 -0.87203559131172259 0 0 0 1.681405451839711 2 1423 7 4452 20 3093 16 1837
1281 -0.38648815566951333 -0.872881801360186 -0.81860546160637382 0 0 0 2.7134238117033433 7 4459 8 2977 10 8905 17 5301
1282 -0.40696111986426231 -0.86986156146838733 -0.78948571489726804 0 0 0 2.2781944919719868 18 5209 7 4471 10 5450 20 4222
1283 -0.40176098651683656 -0.71490374383413458 -0.86972611813084266 0 0 0 1.479916836948864 16 4551 7 4477 4 3158
1284 -0.47448621014091774 -0.88238483784237132 -0.81098223270690584 0 0 0 0.40259446118107334 7 4484 8 4758
1285 0.54168518258316523 -0.81048547056576048 -1.0364340675976256 0 0 0 1.5785263536685374 5 3780 7 4485 3 1393
1286 -0.49399540014921051 -0.87222170175435787 -0.89593310630497536 0 0 0 2.2163807532473387 5 4637 7 4491 10 8832
1287 0.12742344147615495 -0.71125829724444811 -0.75210976030891374 0 0 0 2.3901000093353071 18 5023 7 4517 1 3139
1288 0.09882624990211164 -0.33532149239258019 -0.73411560264464071 0 0 0 1.0606397474030917 5 6769 18 6110 7 4534
1290 -0.17125413738652448 -0.36646942065094451 -0.76734088377793119 0 0 0 0.80047697863498435 5 3882 7 4574
1291 -0.32032913177966715 -0.4607920100608775 -0.84162126048979435 0 0 0 1.6300765546182718 5 5777 7 4576 1 4435
1292 -0.37422467820897698 -0.70110130724410391 -0.86541996432329782 0 0 0 2.1212082409450121 2 4902 5 2509
1293 -0.33427959768321613 -0.64709999973239074 -0.85454675264236823 0 0 0 1.1568170692072681 2 2455 5 3842 7 4587 1 1823 19 5056 20 10795
1294 -0.4524407130556819 -0.71801821441519831 -0.89671771253407728 0 0 0 0.70497102210974116 5 4656 16 5807
1295 0.33288632522161277 -0.85977325071907007 -0.83278575598649995 0 0 0 1.9345935747437855 2 2844 7 4643 4 1400
1296 0.39633689786532245 -0.85388926737851967 -0.79428142056238493 0 0 0 2.0164332023877511 2 2788 7 4656 19 4184 20 3923
1297 0.38112518153095698 -0.85454154577510932 -0.71147713753387176 0 0 0 1.5574408173758156 2 2802 5 4503 1 2388
1299 0.39539231483712522 -0.81323039371094485 -0.53301838924719558 0 0 0 1.3826122905672789 5 3148 18 3887 7 4772
1300 0.39539231483712522 -0.81323039371094485 -0.53301838924719558 0 0 0 1.3826122905672789 5 3149 18 3886 7 4773
1301 0.40930761481744582 -0.85551292097389808 -0.52209492698646032 0 0 0 0.23543554401884464 5 3146 19 2250
1305 0.63422083026864162 -0.86203029873199721 -0.66292677137918776 0 0 0 0.84059184996501135 5 5389 7 4936
1306 0.64222149149504226 -0.84513696564242169 -0.66520468655128462 0 0 0 1.9959036515960138 5 4089 16 3145 7 4956
1307 0.031729656073884269 -0.28322228797020244 -0.77661380015421355 0 0 0 0.793747120049209 2 2651 7 4957
1308 0.0091796034365579787 -0.28700649020329483 -0.79140378763478259 0 0 0 2.3234346432241497 18 4944 7 4975 3 1613
1309 0.0091796034365579787 -0.28700649020329483 -0.79140378763478259 0 0 0 2.3234346432241497 18 4943 7 4976 3 1612
1310 0.00017304566522724496 -0.31264542389322181 -0.75321107089101114 0 0 0 1.7534606864049291 2 2518 7 4977 3 2424
1311 0.023760374014854271 -0.25678342499006701 -0.78377922158423963 0 0 0 0.92530983003189338 18 3351 7 4979 3 1595
1312 -0.010585636322775344 -0.26555618458761915 -0.88217414134092476 0 0 0 0.43475518488737042 2 3186 7 4980
1313 0.023849017636847838 -0.25893035609681408 -0.78730582113000036 0 0 0 1.0690107823012094 18 3350 7 4983 4 2885
1314 -0.020201999977735557 -0.26401847893103053 -0.80691091581953067 0 0 0 1.1520747212534281 18 6046 7 4987 3 2613
1315 -0.066323587989822352 -0.2755009234891696 -0.92999775707900922 0 0 0 1.4544780270897355 5 3489 18 6040 7 5014
1316 -0.4084315116641517 -0.87132347357582174 -0.62852712087972895 0 0 0 1.9135598670203542 18 9042 7 5103 10 8058
1317 -0.13926280329298621 0.048465070756428016 -1.1523301467703124 0 0 0 1.6472345785714475 5 5151 7 5490 1 3761
1318 -0.23804159513257342 -0.8584097699171116 -0.7334432367641659 0 0 0 1.2281469030668213 7 5617 1 2412
1319 -0.081068150660733473 -0.67258572328974342 -0.81856611213878439 0 0 0 0.27904938341519947 7 5619 19 5186
1320 0.11823921108628815 -0.78853337143482771 -0.75611777198171803 0 0 0 2.1403809709662682 16 4911 7 5622 15 1404
1321 0.11823921108628815 -0.78853337143482771 -0.75611777198171803 0 0 0 2.1403809709662682 16 4910 7 5623 15 1405
1322 -0.34757331248246348 -0.87498737076770183 -0.79486149057601252 0 0 0 1.7133042813424779 16 4785 7 5737 1 1550 17 5199
1323 -0.23968417464099154 0.051578396553935167 -0.82109728081059097 0 0 0 1.6434112722016065 5 4228 18 4898 7 5742
1325 0.19422992294869251 -0.18218502121393915 -0.89638255663400934 0 0 0 1.890850670735154 7 5787 4 3831 8 1031
1326 -0.21432891740880419 -0.1224316930252167 -0.93303063384583385 0 0 0 2.3286955414858186 16 2055 7 5804 4 2987
1327 0.17179479119317442 -0.23372025051924095 -0.87900139726240401 0 0 0 1.6594476412807162 2 1871 7 5827 8 1861 19 4347
1328 0.11939842045613548 -0.14730059880632568 -0.8768657007735865 0 0 0 0.28148449270415016 18 3012 7 5838 1 2865
1329 0.13248359556935624 -0.15321311978206237 -0.88381503088425695 0 0 0 1.8884951243915771 18 3008 7 5839 4 2520 19 2529 1 1465 11 2482
1330 0.11939842045613548 -0.14730059880632568 -0.8768657007735865 0 0 0 0.28148449270415016 18 3011 7 5843 1 2866
1331 0.14031905666748282 -0.16497418455094506 -0.88896652403000376 0 0 0 1.127505461331352 5 7649 7 5846 4 2508
1332 0.1163706785119247 -0.14079692628105572 -0.93802395634235824 0 0 0 1.5780266477669098 5 3866 7 5850 4 2543
1333 0.11436425052261402 -0.16897132000384799 -0.86872832201157424 0 0 0 1.5018519549400595 16 4123 7 5872 8 2663
1334 0.10416380931461307 -0.14715328434834399 -0.90654343463680287 0 0 0 0.44080761702006066 2 2093 7 5891
1335 0.62857061798593239 -0.62741616644479836 -1.0214722389495225 0 0 0 0.89330217803524614 7 5898 19 2861
1336 0.093780113442634649 -0.16967650802695394 -0.8764393191244213 0 0 0 1.5683527998066449 5 2942 18 6157 7 5915 4 3808
1337 0.10105481973852426 -0.17849846195289271 -0.86826194535715451 0 0 0 1.1408709634493073 2 1819 7 5919 19 2549
1338 0.061442506630161708 -0.14655945463882888 -0.91356335580450754 0 0 0 0.60947610730338719 2 1454 7 5922
1339 0.064099317259572575 -0.15682034402861675 -0.91355854714398244 0 0 0 1.9948629511463143 5 3632 16 2819 7 5924
1340 0.093956339558637775 -0.13941764640104068 -0.898094296886361 0 0 0 1.4436506963874443 5 5569 7 5928 4 3788
1341 0.059380480396575543 -0.20768647705518234 -0.89174940570078598 0 0 0 1.8281237042385294 2 3317 18 2568 7 5949
1342 0.061920519834130806 -0.12528285713266554 -0.92827225327058183 0 0 0 1.8082482973296319 5 12590 18 11500
1343 0.032106272758192458 -0.15918807007180186 -0.94204003646535917 0 0 0 0.64431177135863016 2 3012 4 2538
1344 0.014969524107895982 -0.19832885662887323 -0.89878439604850979 0 0 0 1.6706802228519535 2 3585 5 5836 7 5957
1345 -0.05276722810664039 -0.22182005211520894 -0.87427543195251478 0 0 0 1.6376729198423929 5 3025 18 8299 7 5962
1346 -0.062921441159407759 -0.26706225470246564 -0.92834612282869422 0 0 0 1.3966471211677918 18 2604 7 5971 4 2848
1347 -0.19897533140030924 -0.29510446974009907 -1.0062376059037734 0 0 0 0.28676451106992396 2 3212 7 6017
1348 -0.29772718722316538 -0.18922744706304456 -0.82092443214662958 0 0 0 0.063869639277758378 18 5921 7 6045
1349 -0.28813015938638853 -0.19348092195421573 -0.81744444343893408 0 0 0 1.4620615044043623 16 4225 7 6056 10 4807
1350 -0.43848393512080397 -0.86983110942943909 -0.60634655937793724 0 0 0 2.0055258438969981 18 9631 7 6253 10 8818
1351 0.54232065882020264 -0.8531685726709799 -0.62930864804755293 0 0 0 1.7887346384909959 5 5355 7 6271 10 4353
1352 -0.42626972852131928 -0.87051916489005987 -0.55616326007487471 0 0 0 0.92682395396111716 18 9069 10 12058
1353 -0.34855061712281854 -0.87385374237228142 -0.58705429496568717 0 0 0 1.7434934216799098 18 6232 7 6370 10 8836
1355 -0.41449886976658301 -0.87303516626174527 -0.89370937740223644 0 0 0 1.3123194894799082 5 4700 7 6574 19 8170 10 8619
1357 -0.48364862498440331 -0.8791645494828364 -0.80568508105455106 0 0 0 1.6393752266984043 18 7002 7 6786 10 8533 17 5366
1358 -0.48232996510870108 -0.87641762732038941 -0.80412834112092035 0 0 0 1.5870019392907284 18 7003 7 6788 10 8534
1359 -0.46621652798133562 -0.87144900785501989 -0.79638735623652623 0 0 0 0.22171841862778779 7 6876 10 8883
1360 -0.46672951696401088 -0.8746030437711676 -0.79786593256607929 0 0 0 2.8966999631023898 16 8041 18 6998 7 6877 10 8884
1361 -0.45939864726948698 -0.75512753604997451 -0.88463074814516385 0 0 0 2.0895629370598683 5 4660 18 4010 7 6902
1362 -0.40104839011353632 -0.87521211682483546 -0.81760935601773399 0 0 0 2.2845045370591972 7 6927 10 5476 18 9457 20 7461
1363 -0.34136175985202388 -0.69062233176659116 -0.84570427328122677 0 0 0 0.46910338733414181 18 3966 7 6952
1364 -0.36061040924731114 -0.87244708019157335 -0.81743453256100862 0 0 0 1.2611915481578631 16 4780 7 6963 10 5420
1365 -0.31951076862339856 -0.86980687670527845 -0.89715144422451987 0 0 0 1.3361823446682228 18 7100 7 6999 19 9239
1367 -0.26451852880571547 -0.69488179682208084 -0.83347590817212902 0 0 0 0.068547561530618098 5 4738 7 7025 15 7266
1368 -0.24460079655376862 -0.74608721688446367 -0.81266975960964993 0 0 0 1.8443426664862297 18 7120 7 7035 3 3288
1369 -0.24682787382004875 -0.86852236831782492 -0.80031323948602973 0 0 0 1.5427094300433681 18 12711 7 7047 19 3872 8 5093 16 3096
1370 -0.22825045385717477 -0.81700435275589567 -0.81418199996723883 0 0 0 2.9906376912750141 16 8137 7 7055 1 2620
1371 -0.19234303940125783 -0.87497693458301118 -0.78568913065905477 0 0 0 3.2237166102630561 2 4040 7 7072 1 3211
1372 -0.15925937722926944 -0.8074782313668869 -0.8273765120100931 0 0 0 1.4897307849526256 2 4840 7 7079 11 7422
1373 -0.093579145854638918 -0.76199945776960565 -0.81012461465589514 0 0 0 1.516035015181652 5 10930 4 6472 8 11204
1374 0.12469619718083155 -0.68397280011104278 -0.75966694359215459 0 0 0 2.4781344655833091 16 4667 7 7147 4 2470
1375 -0.13734265035780455 0.059650396923862453 -1.154059011890918 0 0 0 0.58915712168434586 5 7784 7 7254
1376 -0.13734265035780455 0.059650396923862453 -1.154059011890918 0 0 0 0.58915712168434586 5 7783 7 7255
1377 0.38939793188879679 -0.85242951035287762 -0.7935379891660217 0 0 0 2.6543700047411529 2 2806 7 7274 20 4521
1378 0.4447858180151244 -0.85292972288947677 -0.74059350848328132 0 0 0 1.2762865162866814 2 2769 7 7277 15 3615
1379 0.54090256085107735 -0.85113942284330579 -0.71939378036827906 0 0 0 0.23867736811148579 5 4421 8 3516
1380 -0.22079530069173545 0.058292767058539148 -0.89198800050794413 0 0 0 0.56001156180241796 7 7426 19 7774
1381 0.60881741486740548 -0.22815719974728704 -1.0104548520841121 0 0 0 1.4047226099607752 5 12532 7 7654
1382 0.14238314854905232 -0.13673874863298785 -0.92242042739659236 0 0 0 1.9744276815266149 5 5556 7 7694 4 3827
1383 0.13028009436508919 -0.21263020322839682 -0.85857167275041779 0 0 0 1.4665911465695256 2 3286 16 7358 7 7700
1384 0.062917043763945885 -0.22878243531933745 -0.88056537886813335 0 0 0 2.5776392284132563 16 7538 7 7723 4 6191
1385 0.065822157910520734 -0.12967372113343481 -0.9220799399970443 0 0 0 1.4516779901067292 5 7853 7 7728 4 5803
1386 0.056199922698968084 -0.14356939124998855 -0.92656882473474811 0 0 0 0.9303911010807232 5 7864 7 7735 15 5351
1387 0.037502362907561607 -0.20520222207265409 -0.90051871384850291 0 0 0 0.96824573004102144 18 6030 7 7743 19 11784
1388 0.022335498856458857 -0.18552162618713233 -0.91797235008259581 0 0 0 1.7114419758052843 5 8568 7 7754 4 5825
1389 -0.0067506737285201596 -0.20925180220007666 -0.87730232424362242 0 0 0 1.1279290668510609 18 8463 7 7756 1 3843
1390 -0.0043926948156982615 -0.19838992807474543 -0.88843298294869921 0 0 0 0.95006054427754749 18 8457 7 7775 1 3852
1391 -0.17041269910158038 -0.24352100495328605 -1.0710459673344233 0 0 0 1.2040856053719247 18 8130 7 7791
1392 -0.17884943971930636 -0.28741018734427248 -1.104775330443613 0 0 0 0.6460205376373388 7 7806 1 6302
1393 -0.19037135038136191 -0.17086202024125938 -1.0249477617218545 0 0 0 1.0466586755836704 2 3070 16 2771 8 2533 10 4767 20 5023 17 2793
1394 -0.1918368438772621 -0.17727253747792526 -1.0132938696169 0 0 0 1.6840382566460419 18 11556 7 7818 10 7210 17 6992 9 3830
1396 -0.46262238079430473 -0.58081352904426176 -0.8807600168065417 0 0 0 0.71432570852024002 7 7827 4 3171 8 8929
1397 -0.49075661921364844 -0.6886437608997884 -0.89644390718893074 0 0 0 1.7033438233360356 5 4631 18 7488 7 7828 4 4623
1398 -0.4544984962114359 -0.57417773044359821 -0.89033959167954069 0 0 0 1.8058185057573237 7 7835 8 6011 4 3174
1399 -0.49785278879851347 -0.7010146635140726 -0.90160717117848033 0 0 0 1.5784339151466067 5 10781 7 7837 4 6639
1400 -0.49785278879851347 -0.7010146635140726 -0.90160717117848033 0 0 0 1.5784339151466067 5 10782 7 7838 4 6638
1401 -0.45501172010907642 -0.72843284882498627 -0.89340452188904185 0 0 0 1.2302381896813144 5 4300 18 7509 7 7847 4 1327
1402 -0.329264020836467 -0.41314840763182237 -0.83897804192062608 0 0 0 1.0794348669102687 18 7739 7 7874 4 3966
1403 -0.3868925180150794 -0.64967677812009361 -0.87258348338054081 0 0 0 1.7162738847435137 18 11294 7 7890 19 5908 1 2971
1404 -0.33814481821565123 -0.60893607306245956 -0.85728981536637705 0 0 0 1.2849621622740124 1 3199 4 4571 2 5224
1405 -0.070279896188046004 -0.47827577437095287 -0.82810702296554672 0 0 0 1.9706993724350115 7 7951 1 4612 19 5966 20 5851
1406 -0.069948925581654026 -0.47772199080833017 -0.82824404378219318 0 0 0 2.0499738725959307 5 5850 7 7952 1 4614 19 5965
1408 0.50590856924639582 -0.81517034741337513 -1.0654029606207245 0 0 0 2.1259924025163777 5 8321 7 8384
1409 0.55046760199996325 -0.83045328991989131 -1.0182724993354053 0 0 0 1.413135796471557 16 4614 7 8386 8 3025
1410 0.55046760199996325 -0.83045328991989131 -1.0182724993354053 0 0 0 1.413135796471557 16 4613 7 8388 8 3026
1411 -0.27539322356121787 -0.2021548944568885 -0.80486326827395871 0 0 0 1.3118046251155155 18 8050 7 8667 19 7103
1412 -0.21306149743053163 -0.36186558261184809 -0.95155825821628937 0 0 0 2.2427979052287195 18 12424 7 8716 1 4809
1413 -0.1085386147806606 -0.2963672434577152 -0.77766167742103964 0 0 0 1.0422747983167153 18 7797 1 9327
1414 -0.015951696215334182 -0.28869760447505005 -0.85131940562105557 0 0 0 1.3054669699384875 18 6035 7 8812 3 1124
1415 0.1608678099316217 -0.13999288692102194 -0.91516754749956286 0 0 0 1.9513283077519878 5 7653 7 8919 4 8942
1416 0.085116583406853311 -0.29679809653939887 -0.76358209854335835 0 0 0 0.3894099598519124 2 3491 7 8921
1418 0.085773327535353494 -0.15909864319457551 -0.86195347770386022 0 0 0 0.015491628845772444 18 8509 7 8927
1419 0.077787026339616608 -0.27165774792759667 -0.81848027812280866 0 0 0 0.24969901718253817 2 2664 7 8929
1420 0.092006941387441463 -0.14300946309566234 -0.89890366301779023 0 0 0 1.1940748444089972 5 7692 7 8934 4 5780
1421 0.13119719349507483 -0.30473803927672449 -0.80019867226948893 0 0 0 1.9490457179056186 18 6112 7 8939 4 2921
1423 0.18977351017652394 -0.28609252704238192 -0.80523326494389291 0 0 0 0.016860615784345601 16 4287 7 8982
1424 0.17166580661955211 -0.67310044631519794 -0.71380937951470791 0 0 0 1.2743924179739461 18 6906 7 9095 1 3122
1425 -0.19833063035649975 -0.35973550705723056 -1.0029922709175776 0 0 0 0.78959589562395316 16 10854 7 9144 1 10663
1426 -0.19833063035649975 -0.35973550705723051 -1.0029922709175776 0 0 0 0.78959589562375276 16 10855 7 9152 1 10661
1428 -0.34288601108655714 -0.6316673041912293 -0.84525626123385367 0 0 0 1.0995506359416913 5 4561 18 7542 7 9174
1429 -0.29382559044647227 -0.50904783284981736 -0.83397754251394551 0 0 0 0.90886592128375865 5 5789 18 9763
1431 -0.37668483476463166 -0.8699458102114408 -0.64847142212137776 0 0 0 1.3365165182939123 18 4244 10 8839
1432 0.16250756777069808 -0.18572068204767772 -0.88737937035060566 0 0 0 0.30100263990760551 2 3281 7 9281
1433 -0.19490465256633629 -0.14158998847309123 -0.98490520463758724 0 0 0 2.423445706002112 18 11576 7 9421 4 8907
1434 -0.21455837808479403 -0.13882592844987182 -0.93867931921597481 0 0 0 0.71104570096951814 18 8588 7 9429
1435 0.082322298965073426 -0.15399697661743555 -0.878550527973186 0 0 0 0.75343083163377422 2 6828 5 12581 7 9505
1436 0.12497645665750491 -0.15773198679183897 -0.88005973298389062 0 0 0 1.3374798820789782 2 3611 7 9511 8 6539
1437 0.12497645665750491 -0.15773198679183897 -0.88005973298389062 0 0 0 1.3374798820789782 2 3609 7 9514 8 6541
1438 0.12523991164992956 -0.15726505213000166 -0.87914768281398858 0 0 0 1.4518481344852658 2 3610 7 9515 8 6540 19 12846 11 8051 20 12659
1439 0.1100370214903031 -0.18732883207236747 -0.85624975674409143 0 0 0 0.31110321318239204 16 4128 7 9731 15 8893
1440 -0.36699121652164413 -0.86991530439245102 -0.8230783648312392 0 0 0 1.2750041812403676 5 10303 10 8918 2 3924
1441 -0.25114742853031213 -0.86933333528048351 -0.81181681792730354 0 0 0 1.5722954550759143 5 10356 18 7142 7 9911
1442 0.024883917574775108 -0.20147921279650866 -0.89932082714935024 0 0 0 0.97474676844723385 2 8119 18 12959 7 9929 1 6726
1443 0.28167497399525721 -0.35040784587951818 -0.94140375055851333 0 0 0 2.4386999360421728 18 8553 7 10290 4 6160
1444 0.059565871153601652 -0.22909616170872293 -0.88228764963621242 0 0 0 1.5634740188156027 16 7494 7 10419 19 7264
1445 0.0087132091929755795 -0.85274893661898843 -0.65979409024145808 0 0 0 1.0775038034446824 5 9853 18 12698 7 10518
1446 0.058719138608353663 -0.29632400567785555 -0.78571805555588359 0 0 0 2.8800106307715181 18 7836 7 11250 1 3623 10 11337
1448 0.14752104629910273 -0.28589084892662714 -0.80253965325135379 0 0 0 0.84898435073055012 16 11179 7 11320
1449 -0.27177235766179253 -0.20308560843915824 -0.8078112802276658 0 0 0 0.71386026849707096 5 8810 7 11623
1450 -0.27177235766179253 -0.20308560843915813 -0.80781128022766557 0 0 0 0.71386026849660833 5 8806 7 11626
1451 -0.04035603472882382 -0.27200862332091136 -0.82882353433358325 0 0 0 2.20688392024381 5 7427 7 11750 4 4989
1452 -0.38622380648260157 -0.71092414358893996 -0.85986975515581854 0 0 0 1.6614443098840161 5 10826 16 10594 7 11955 1 2974
1453 0.081764565877675138 -0.29290709205310522 -0.77583439330140846 0 0 0 1.1551381108484651 7 12847 19 9879
1454 0.090372960149657469 -0.31715264535193477 -0.73267792427128442 0 0 0 1.613564426837949 2 5789 16 8642 7 12851
1456 0.043395276147570119 -0.31810855809562838 -0.74497623084781928 0 0 0 2.1032633849689444 2 2523 7 12867 1 4920
1457 0.037293215764847357 -0.32041046332241163 -0.73519916289089438 0 0 0 1.1834277426884139 2 5754 16 10846 7 12868
1458 0.021332574434370755 -0.31649030001663769 -0.73413850740865028 0 0 0 0.46709984429216622 7 12883 8 9879
1459 -0.025379174610987709 -0.31738478089862687 -0.74738166634560677 0 0 0 2.0253764508750072 2 4576 7 12905 15 11879 5 7324
1460 -0.36888273807131444 -0.42315986273138073 -0.85279003379735907 0 0 0 0.9791436351507149 16 10707 4 4840
1461 0.056276735007662608 -0.24669706056519591 -0.87333866104423929 0 0 0 1.9033628122633457 2 6806 7 13074 1 7308 19 10722
1462 0.092515553602352363 -0.30804265033426875 -0.74127893209000728 0 0 0 1.4776643765623436 2 4524 7 13075 19 6516
1463 0.092939936010490942 -0.3083424622557247 -0.74406361959380907 0 0 0 1.210433303265815 18 11198 19 6515 1 4900
1464 0.02931592614565659 -0.19165593329005132 -0.90491701391744561 0 0 0 1.9666422837916129 7 377 18 211 2 208 3 329
1465 -0.17397323901849579 -0.36016038821329288 -0.7729312172945777 0 0 0 2.2493622195782925 2 321 5 348 7 580 16 661 4 356
1466 0.34978705948422595 -0.83954609151617432 -1.0275096367491707 0 0 0 0.13261934755819249 18 82 7 65
1467 -0.1896899047095382 -0.12372241450951577 -0.99772493128659523 0 0 0 2.4635139015533647 18 93 7 119 1 146
1468 0.13923048752440789 -0.36689108626888184 -0.80082992349999604 0 0 0 1.1433658008170995 18 145 7 150
1469 -0.18533619054092063 -0.34281227833149402 -1.1029861858226302 0 0 0 1.0217169350363573 1 346 4 379
1470 0.14968510980483876 -0.19722295657007205 -0.87304831629479551 0 0 0 0.24362308497820445 7 942 17 575
1471 -0.094381395175435812 -0.35300577482154916 -0.80229122151208587 0 0 0 0.18727135422843716 18 1247 7 1439
1474 -0.28144311547836676 -0.265371036558808 -0.82563762237319938 0 0 0 0.72027430936524872 7 1779 4 941
1475 0.083584237751512747 -0.18879986768549373 -0.89280537579974406 0 0 0 1.0883348711340157 18 2429 4 2533
1476 -0.0027429241036614344 -0.17541163951425875 -0.93510867299105249 0 0 0 0.36529317626451741 2 1588 7 2374
1477 -0.47693749810584929 -0.89196916220284317 -0.75800427578966789 0 0 0 1.7765680195087947 18 2818 7 2796
1478 -0.40392618824848103 -0.78135715797663718 -0.89263168156923345 0 0 0 3.3986772289554468 16 1839 7 2803
1480 -0.31091859806289568 -0.51523068978757069 -0.84448084656761035 0 0 0 0.4244409405762376 7 4573 1 1785
1481 0.070574359699800471 -0.27841692580172023 -0.85111797286427637 0 0 0 1.784916588122472 18 2566 3 2432
1482 0.50067634380690906 -0.85669356729171153 -0.66943148360731164 0 0 0 0.74468193689453732 5 4390 7 4788 15 8165
1483 0.13441293854996428 -0.17146468865406461 -0.87897792904687466 0 0 0 1.7113173017355805 16 2086 7 5845 19 2526
1484 -0.019875175301549253 -1.0154591621753908 -0.64106972443555787 0 0 0 2.3383268492790528 18 9231 7 6669
1486 0.071629689370117766 -0.2717145118955524 -0.81169012480664349 0 0 0 2.058667918564649 2 2657 7 8922
1487 -0.024306051220403024 -0.79139121048974492 -0.97186499508188118 0 0 0 2.7301314492514623 18 11347 7 9183
1488 -0.2179861288857983 -0.14688165212645016 -0.96171629480626808 0 0 0 1.3545183664902889 7 9548 1 6180
1489 -0.10329468754610627 -0.75934419374671602 -0.80878031814016693 0 0 0 0.80303637208932666 2 2426 7 11547 1 3190
1490 -0.10329468754610635 -0.75934419374671691 -0.80878031814016782 0 0 0 0.80303637208953305 2 2425 7 11549 1 3192
1491 0.075682258487280274 -0.21965074006451873 -0.825443690916005 0 0 0 0.95352167346589145 2 52 1 43
1492 0.023757469591539099 -0.31478525303521743 -0.77502429579135801 0 0 0 1.5057164763764228 18 96 1 81
1493 -0.33173685261170893 -0.55454608445794684 -0.86090138615895362 0 0 0 1.9439932268168236 1 84 4 208 18 156
1495 -0.082087734198024204 -0.3160670374810996 -0.78158746472749896 0 0 0 1.7083122136076809 18 280 1 221 3 245
1499 0.069764621648801636 -0.20646529315311435 -0.85475941350649576 0 0 0 1.0844971152788621 18 253 1 251 7 970
1500 -0.22151697094526998 -0.83035447131663442 -0.7963489716654113 0 0 0 1.6287139224958829 5 317 7 879 1 274 19 447
1501 0.065175635057161785 -0.29201838347652437 -0.77021692713910839 0 0 0 0.071782825191162275 18 379 1 321
1502 0.065175635057161868 -0.29201838347652453 -0.77021692713910861 0 0 0 0.071782825191277697 18 378 1 326
1503 -0.12060872704296549 -0.8535438130237325 -0.79830458076794786 0 0 0 0.48577458870141677 5 787 1 389
1504 -0.059587590319476857 -0.29531484092237881 -0.79580013926217141 0 0 0 0.15798856965192826 18 909 1 401
1505 -0.33093256237647595 -0.42114470810927923 -0.85123085354327532 0 0 0 1.2825732721256655 1 404 19 730 7 609 15 213
1506 0.14221084251349311 -0.27665637739237858 -0.84110825067109296 0 0 0 0.1185365510808588 5 566 1 496
1507 0.0032451370097411475 -0.22518041951559087 -0.86157332209631909 0 0 0 0.61436985945468447 18 1276 1 527
1508 -0.26351605825479862 -0.49263562366713959 -0.82669604958757592 0 0 0 0.87611379097844555 7 1204 1 530
1510 -0.25564346184360554 -0.4782525959203679 -0.80558403985979243 0 0 0 1.7581290259120566 1 532 4 426
1512 -0.34706280463830796 -0.87615429966131986 -0.88261850604055581 0 0 0 1.2417679668584978 16 1244 1 538 11 1250
1514 -0.13151462516592155 -0.84153450360494064 -0.80452416794907355 0 0 0 2.1678222447036877 7 2900 18 1627 1 568 20 985
1515 -0.092955405416151937 -0.86251082527104339 -0.80603434407946462 0 0 0 2.734480501856924 5 788 16 1260
1516 -0.04371421747337928 -0.69880846454940682 -0.79657624296452512 0 0 0 1.2997112242247306 18 1374 20 1079
1517 0.090025015793819746 -0.86166855778057894 -0.7581589766490977 0 0 0 1.6112838393623157 18 1484 1 576 20 1823
1519 0.11456999064330273 -0.18307111812174146 -0.86668063132771533 0 0 0 1.5324525419574735 5 1168 1 801 19 942
1521 0.51016520270964683 -0.8520142155815511 -0.855957080182288 0 0 0 1.099253177472953 16 1479 1 822
1522 -0.27424234512992729 -0.68018849445022611 -0.849868299457049 0 0 0 0.28737606476069749 1 856 3 821
1524 -0.33151781821018433 -0.58208897235996004 -0.86077301477734691 0 0 0 1.8350298697076877 5 2247 1 902
1525 -0.32190325223180338 -0.87299713668124923 -0.7530307032912924 0 0 0 2.3206002105711332 2 1296 1 1066 8 1488 17 1555
1526 -0.40315179433162662 -0.87397172806259293 -0.91015115731838003 0 0 0 1.0358496928475416 18 2849 1 1074 19 1272
1527 -0.20827330376613704 -0.3571471480738681 -1.0686814484444609 0 0 0 1.7200607689075147 18 1897 1 1086
1530 -0.19744914779146347 -0.36376223350381376 -0.99410880538713564 0 0 0 1.3019634850116957 2 679 18 2644 1 1317
1531 -0.076537249524318618 -0.30851355444304179 -0.79395664225235807 0 0 0 2.172757770436863 18 5714 1 1333 10 8338
1532 0.50295299534662397 -0.80118336982286342 -1.0560448037675576 0 0 0 1.7974131813303558 16 8317 1 1353
1533 0.074652322393546716 -0.26470969337700712 -0.85076721980444536 0 0 0 0.25089828434793704 1 1450 4 1661
1534 0.086388849415506744 -0.26648122018432696 -0.80676393158775284 0 0 0 0.85546849295287863 2 970 1 1453
1536 -0.32941370289638738 -0.87327140540522352 -0.8241680075153841 0 0 0 1.9511706522095835 2 1983 1 1581 19 5260 8 2981
1537 -0.28078761383147677 -0.83742313655978018 -0.66043293295198624 0 0 0 0.8902969323993688 18 6286 1 1583
1538 -0.32686588740959477 -0.87434528044731841 -0.89771517914464338 0 0 0 1.536085986225399 18 2863 1 1593 3 1270
1539 -0.079671332047841964 -0.86518682263015423 -0.76922861457023051 0 0 0 0.63584101338956733 7 4371 1 1663
1540 0.0037826962942156817 -0.86650028912138 -0.78980167106128629 0 0 0 1.9875084649860766 18 3053 1 1676 8 3061
1541 -0.037940018403099102 -0.86755735635119557 -0.76893272962569648 0 0 0 0.99894448808350289 5 2123 1 1679 8 3093
1542 0.042821462552973075 -0.86661798557886782 -0.78543310918307596 0 0 0 2.3838625401640421 5 2121 1 1698 19 3196
1543 -0.26755220030041837 -0.71758389477180784 -0.83045565113422715 0 0 0 2.2333695394125881 1 1793 4 1363
1544 -0.3446077687118706 -0.63815817209337666 -0.86461990690227242 0 0 0 1.563391457704228 18 3815 1 1804 19 2899 11 2306
1545 -0.33770946532343749 -0.5399019001861971 -0.8611862872993612 0 0 0 0.60400234576654577 5 3898 1 1808
1546 -0.0018551674192647943 -0.87249833687071754 -0.74905906479363704 0 0 0 1.4020249307102113 5 4386 1 1923 8 4910
1547 -0.19433345699440782 -0.3659229301589329 -1.0300370689613869 0 0 0 0.16988604758148618 2 2611 1 1952
1548 0.03249878837922103 -0.86322528531419596 -0.7293527076309394 0 0 0 1.7532466373293509 2 4104 1 2023 13 6420
1549 -0.060497881870771764 -0.44324237783237391 -0.82090608712965651 0 0 0 0.11098268273363641 7 5889 1 2158
1551 -0.39676932653281727 -0.8730282033303769 -0.77724488899145161 0 0 0 0.97349927746990106 2 3176 1 2282 19 3804
1552 0.073787434947715738 -0.26809407132772328 -0.88011282176199068 0 0 0 0.84172509296156639 7 4328 1 2300
1553 0.10032616317678021 -0.31166242123656324 -0.74135632643417537 0 0 0 1.7086817741883926 5 3435 1 2307 19 4819
1554 0.41262788319365906 -0.8595064390926721 -0.70923910138147472 0 0 0 1.5534973001965131 2 2339 1 2393 19 4182
1555 -0.40758245810620053 -0.86796761405720946 -0.78395160567320255 0 0 0 0.60338672828288054 2 3887 1 2531
1556 -0.23223750188240092 -0.83168309876908131 -0.80655387737237105 0 0 0 0.5126951178450907 18 9938 1 2619 19 5511
1557 -0.23576291753623338 -0.87423124097185667 -0.81584926154098225 0 0 0 0.61331627099668251 18 5129 1 2625
1558 0.17439667265846887 -0.19822876996589195 -0.88479911229152597 0 0 0 1.7489976634699982 7 2421 18 2524 1 2634
1559 -0.16208721598349854 -0.86332639808413481 -0.80888807880896607 0 0 0 1.4821538015793958 5 4807 1 2639 19 5539
1560 -0.16208721598349854 -0.86332639808413481 -0.80888807880896607 0 0 0 1.4821538015793958 5 4808 1 2641 19 5541
1561 -0.039124929984856976 -0.86550680247538003 -0.79327797593686489 0 0 0 1.5981900168220891 1 2652 8 4982
1562 -0.26095088485965601 -0.20286005608026797 -0.80353932893052948 0 0 0 2.2576048027293214 18 8057 1 2702 19 7115
1563 -0.1963343049147693 -0.3047156247999514 -1.0480014822729853 0 0 0 0.004340866989142593 7 2557 1 2767
1564 0.046802293805980139 -0.20120898169384477 -0.8972729317536936 0 0 0 0.70496088632715748 5 3021 1 2780 19 4389 11 4645
1565 0.065126698593591242 -0.14229002105323404 -0.91328902403300649 0 0 0 0.68661587148613668 2 1608 1 2786
1566 0.39370662428293901 -0.85366938801319092 -0.78275616405582404 0 0 0 1.3711233909643892 2 1518 1 2819 19 4183 20 2092
1569 -0.25232883797518357 -0.68489244110132641 -0.81444187198948481 0 0 0 1.7391793821081984 7 4436 1 2949 19 5216
1570 0.51780252637927893 -0.85001269337502472 -0.86014354449784891 0 0 0 0.57756961122022898 2 2746 1 3037 8 3984
1571 0.4126802900803711 -0.8533519803600278 -0.72773438430234938 0 0 0 1.4756926814136078 2 4273 1 3066 15 11582
1572 0.36807882258407232 -0.85888478157707704 -0.73493682590588338 0 0 0 0.46702952842410439 1 3072 15 6241
1573 0.25633971959863056 -0.85873387593484174 -0.75417121773937335 0 0 0 2.5211583622187277 2 4190 1 3105 12 1285 20 4464
1574 0.11657366919042614 -0.85898943911630044 -0.74306763173099244 0 0 0 2.26544039628148 16 9206 1 3140 20 6317
1575 0.046198531786115771 -0.86289291334434548 -0.76599528320051347 0 0 0 1.7785367717687979 2 4120 5 4392 1 3152 19 4024 13 5452
1576 0.022959964390981316 -0.86489427441165678 -0.79787246225446773 0 0 0 1.036303034875159 18 7218 11 8897 20 9824
1579 -0.2135193528953849 -0.70688368428307413 -0.80931405189588057 0 0 0 0.53535808866382251 5 4357 1 3213 3 3001
1582 -0.41264292627066945 -0.87445995799139165 -0.89345945068375787 0 0 0 0.92989505516748716 2 4875 1 3290
1584 -0.20662799117940747 -0.36088969632149293 -0.97903478751904038 0 0 0 0.18415538764915751 1 3391 4 3395
1585 -0.20100273395862781 -0.13677653554979308 -0.98445002916589486 0 0 0 1.3011426078878945 16 5890 1 3669 19 7647 10 7281 17 4292 9 4185
1586 -0.0083859537256316258 -0.27987336771753762 -0.82237595032980892 0 0 0 1.4103275670136977 18 5908 1 3690 4 1642
1587 -0.13856340350442239 0.038396540875140245 -1.144088786106412 0 0 0 2.3451888145742501 5 7793 1 3744 11 5287
1588 0.13242579218850592 -0.21278949586284523 -0.85512688073423049 0 0 0 1.7687053240619885 18 5982 1 3799 19 7001
1589 0.12751557767045335 -0.16903747289758433 -0.87334617522131097 0 0 0 2.5060842414190203 7 7697 1 3802 19 4349 20 4954
1590 0.3157328340404893 -0.85772519621640964 -0.70232720877249011 0 0 0 1.3514665983758176 5 5023 1 3926 20 4466
1591 0.3157328340404893 -0.85772519621640964 -0.70232720877249011 0 0 0 1.3514665983758176 5 5022 1 3928 20 4463
1592 0.041204656700501593 -0.86081545717291319 -0.66714656276178486 0 0 0 1.4468136501436744 5 3287 18 6566 1 4064 13 6208
1593 -0.33864878901780993 -0.86645415910344914 -0.73409852201546388 0 0 0 1.678941289560127 2 5936 1 4243
1594 -0.33864878901780993 -0.86645415910344914 -0.73409852201546388 0 0 0 1.678941289560127 2 5934 1 4245
1595 -0.11392990209482382 -0.30264196590952586 -0.77401836055826378 0 0 0 1.0822040858501525 18 7751 1 4281 19 6440
1596 -0.10056959439217339 -0.29959755251519654 -0.78171688928611571 0 0 0 1.1101597750889123 1 4287 10 8134
1597 -0.19568922115407614 -0.37397418064539872 -1.007988251249311 0 0 0 1.1451660331357048 18 8112 1 4292 4 5007
1598 -0.071253082253574823 -0.45732212424074187 -0.81565828250531869 0 0 0 1.5719481957604164 18 7430 1 4458 7 9645
1599 0.078030713782768671 -0.27556557109295932 -0.78743890887741541 0 0 0 1.7039608165907911 1 4925 4 3266 19 9882
1600 -0.34509283295367499 -0.41977336154552364 -0.85371361916308275 0 0 0 1.9908075212755374 7 10448 1 4955 4 6982
1603 0.48919847969232833 -0.83816628831724027 -1.0410852385743468 0 0 0 1.5663288501346937 2 9609 12 1898 1 5057
1604 0.50051026782332797 -0.84270982083397761 -0.99712328949118811 0 0 0 0.65524058255749007 2 4769 12 1205
1605 0.50804200560667878 -0.85775113605742881 -1.0092149042939511 0 0 0 1.9458984364157399 2 4768 16 4624 1 5065
1606 0.53376673737741243 -0.80859052319345603 -1.0438778295473241 0 0 0 0.54722199137804095 2 5372 1 5261
1609 -0.26834422746325248 -0.67653893373948115 -0.83371470532126035 0 0 0 2.4099756505971128 16 8598 1 5302
1610 -0.21567712319974094 -0.28898505719498691 -1.0309704310698391 0 0 0 1.1374406023011854 7 7854 18 6095 1 5348 10 4755
1611 0.36768992510874943 -0.85390459289666776 -0.77054610697018222 0 0 0 1.9657381190893075 1 5486 20 6673 12 1153
1614 0.23653900999419653 -0.86059465259171586 -0.74076316334672754 0 0 0 2.5082459482146637 2 4181 1 5589 20 4378 7 4610
1615 0.37506422745981893 -0.85165840818450755 -0.80927321302243893 0 0 0 1.6832335724816145 18 7299 1 5591 11 8362 20 8962
1616 0.034019037546715369 -0.86534706328592659 -0.79808441745887859 0 0 0 1.0789414314667065 16 10331 1 5646 11 6480
1619 -0.22380689802402917 -0.82763698772903682 -0.80954189914289665 0 0 0 1.7083551635441985 2 7678 1 5722 11 9457
1621 -0.19652451742859681 -0.14147896242965044 -0.99770110062571193 0 0 0 1.3547747258852334 16 8401 1 6163 11 6622 20 6996
1622 -0.19718265868979265 -0.14395939639588456 -0.99024745102578038 0 0 0 1.3609206386100767 16 9996 1 6173 10 7241
1623 -0.19844053453199992 -0.14182138782334336 -0.98942655848344763 0 0 0 1.6648591474273111 16 10004 1 6179 19 11864 10 7555 11 6114 9 4188
1624 -0.39018789885710836 -0.86844900200295116 -0.80706365752893117 0 0 0 1.0908919749894666 2 3911 1 6267
1625 -0.39018789885710836 -0.86844900200295116 -0.80706365752893117 0 0 0 1.0908919749894666 2 3912 1 6268
1626 -0.023781357129370351 -0.21540940416324128 -0.87099456726383151 0 0 0 0.77046849775526161 18 13047 1 6360
1627 0.0035115499150630558 -0.21716829348255423 -0.87958278733800088 0 0 0 0.9628625863523661 1 6548 10 8052
1628 0.0032130553030255832 -0.21752714753112751 -0.87958864837354844 0 0 0 2.2352842538055242 18 13002 1 6549 10 8051
1629 0.006549595687889001 -0.2158300929910848 -0.87962933636042551 0 0 0 0.99986938514843082 18 8323 1 6567 11 8137
1630 0.018152605720117149 -0.20592578389449029 -0.89905996925125509 0 0 0 0.67025201028186787 18 12989 19 11793
1631 0.31388996736128799 -0.8558970847787688 -0.69578344469154874 0 0 0 1.4174715644619387 5 10561 1 6603 20 4482 15 6288
1632 0.010437502047639421 -0.19832883746852986 -0.89869206584682981 0 0 0 1.2562514653741155 16 8739 1 6622 19 7237 10 7163
1633 0.057315287536523582 -0.23895501622230647 -0.87407411644197253 0 0 0 2.0590279784317649 18 8496 1 6771 11 5426
1635 0.12456191878603028 -0.14960495555686873 -0.88049487689452932 0 0 0 1.756776284146554 18 5755 1 6840 4 4766 19 7293 11 8061 20 6883
1637 -0.32261256485832934 -0.63528412300676851 -0.86316001705008527 0 0 0 1.2731762200420489 5 3699 1 7003 4 3124 19 8274
1638 -0.074910900408087705 -0.68981479960920589 -0.80160616769957116 0 0 0 1.9546162393601565 1 7050 4 6473
1639 -0.20486230199182517 -0.28875158979118792 -1.0373337960152902 0 0 0 1.2332205338155331 18 5918 1 7288 4 2810
1640 0.064133154073609311 -0.22367229015191198 -0.88083743261674119 0 0 0 0.90929430800045741 2 8313 5 12790 1 7305 4 10949
1641 -0.20245117369253188 -0.29036684987350703 -1.0339419646401311 0 0 0 1.1127395090015249 16 6510 1 7367 10 9477
1642 -0.20245117369253188 -0.29036684987350703 -1.0339419646401311 0 0 0 1.1127395090015249 16 6512 1 7381 10 9480
1643 0.27026600329101919 -0.2466565480021497 -1.0220324714439772 0 0 0 1.8424320057802994 18 9407 1 7385
1644 0.56396248485786582 -0.83940369106526602 -1.0369552363258081 0 0 0 1.4181142372728865 16 10390 1 7775 8 7527
1646 -0.094735390074003889 -0.67792270386290365 -0.81057480418641248 0 0 0 1.7739838723098682 2 5292 19 5549 20 12572
1647 -0.09662368039831104 -0.68325232757252863 -0.81379362334463079 0 0 0 0.65833812018352722 2 5293 1 7877
1648 -0.38732482080718844 -0.71078927099738043 -0.86898962328516904 0 0 0 1.5415941353082558 5 11534 1 7958 19 8511 11 10585 20 12768 13 4337
1649 -0.38736594190853146 -0.71018559110046309 -0.86845468459315334 0 0 0 1.206897677621201 5 11535 1 7959 19 8512 13 4336
1651 -0.21329434607549305 -0.71926986738275311 -0.78611894252504921 0 0 0 0.61334524011546443 5 11380 1 8792 19 8483 11 7409
1652 0.28472817001149975 -0.34137332095924822 -0.94385543619322987 0 0 0 1.4085008262908312 2 6304 1 8875 9 9735
1654 0.09695617122515339 -0.15438112194603978 -0.8597523292922129 0 0 0 1.8370150868782353 5 7683 1 9676 19 11772 15 5849 4 8959
1655 0.25144329238238761 -0.41079647938652519 -0.89836223153611039 0 0 0 1.1399702547513406 18 12570 1 9759 10 12216
1656 -0.29496786041550604 -0.87172080810382235 -0.68599374355551812 0 0 0 1.9498619933274817 2 7583 1 9960 19 13151
1657 -0.19883841391764442 -0.13925840197953676 -0.99208779073539621 0 0 0 1.0838139206977886 16 13192 1 10081 17 9142 9 8997
1658 -0.19883841391764442 -0.13925840197953676 -0.99208779073539621 0 0 0 1.0838139206977886 16 13194 1 10082 17 9143 9 8996
1659 -0.20408860492540595 -0.13925682714149559 -0.97460835786219091 0 0 0 1.7062024459103478 16 5878 18 11442 1 10090 19 11866 10 10509 20 9989 11 6112 17 9153 9 6777
1660 0.079468924791537804 -0.26584044235205612 -0.88146885511359163 0 0 0 0.45092295308278901 5 3859 1 10141 4 2899
1661 -0.19171727881538028 -0.37168644853174193 -1.0539429481403197 0 0 0 1.1087149326534185 16 7670 1 10476 10 8074
1662 -0.12220680555772639 -0.87764039821615203 -0.80300433661173054 0 0 0 0.22701934702790277 18 12516 1 10503
1663 -0.2051008692866125 -0.83268637193479877 -0.80811600383981474 0 0 0 1.6768183075412078 1 10531 19 5522 11 9448 20 7623
1664 0.54432826846853977 -0.83713446232839428 -1.0486328535253764 0 0 0 0.69776155800244655 2 10698 1 10549
1665 -0.19347106693483215 -0.16546264543713116 -1.0098810983928117 0 0 0 1.9844651936471578 16 6524 1 10854 10 7580 20 9985 9 7922
1666 -0.3469798300454785 -0.8700054200997609 -0.84142264487850871 0 0 0 0.33963391211614358 1 10955 13 3774
1667 0.12680019143618163 -0.13901727992999505 -0.87970976725206507 0 0 0 0.51713593712511952 18 11494 1 10980
1668 -0.11996293948950593 -0.82921832804080453 -0.79603551989481458 0 0 0 0.63409864168214625 5 13295 1 11168 19 8133
1669 -0.11996293948950593 -0.82921832804080453 -0.79603551989481458 0 0 0 0.63409864168214625 5 13296 1 11170 19 8132
1670 0.11791896623326689 -0.77407786391157729 -0.75221015062398955 0 0 0 1.844945436900387 5 11474 1 11235 13 8912
1671 0.11659126295893629 -0.76802458446604693 -0.74753261706687946 0 0 0 1.304816277126865 5 11475 1 11236 11 6524
1672 -0.19545377420314783 -0.13990110095225042 -1.0030396736541132 0 0 0 1.753077028275186 18 11575 1 11510 19 12899 10 7218 20 9979 11 9032 17 4280 9 4176
1673 0.0112972901239482 -0.17972848219385235 -0.9142195152467183 0 0 0 0.70837649021867011 18 12990 19 12840 11 12262
1674 0.41508134629355853 -0.85579753152795068 -0.70145405749987833 0 0 0 0.8427070890744861 2 9738 1 11944
1675 0.029377573489802689 -0.20670474814334133 -0.89555847856264714 0 0 0 1.683490924260252 7 9935 1 12558 19 12995
1676 0.029377573489802689 -0.20670474814334133 -0.89555847856264714 0 0 0 1.683490924260252 7 9936 1 12562 19 12994
1677 0.029377573489802689 -0.20670474814334133 -0.89555847856264714 0 0 0 1.683490924260252 7 9937 1 12564 19 12996
1678 -0.21823153210533316 -0.71548507408575412 -0.78987548653964246 0 0 0 1.3818596157436314 2 8227 5 11385 1 12815
1679 0.11832533833393243 -0.67514303940837928 -0.75387403222069715 0 0 0 1.9095146929108409 2 7916 1 12879 19 8461 11 10420
1680 0.33709206317496448 -0.84964583840067642 -1.0260259580690096 0 0 0 1.6576173509464849 2 7267 1 13252 3 5711 17 3938 9 8488
1681 -0.075310784474932141 -0.68089182132184378 -0.81687130399688312 0 0 0 1.1428541852645435 1 234 5 299 16 569
1682 -0.19065994546071099 -0.86499904458371479 -0.77962388311369812 0 0 0 1.112452440400209 1 3205 13 2838
1685 0.37225021896218358 -0.31935242264327723 -1.0793574872894256 0 0 0 2.4201112466037262 2 3 1 8
1686 -0.085932933701481862 -0.81168879315371112 -0.80364584866060729 0 0 0 1.6166795115580717 16 70 1 62
1688 -0.24594359238156818 -0.4267499180525644 -0.82486732769924442 0 0 0 0.069370835173011486 1 99 4 112
1689 0.11844748290905704 -0.43650412377314857 -0.7873578519377038 0 0 0 0.94238926243153975 1 104 19 144
1690 -0.22321977464477852 -0.84361088719824151 -0.85258091632896815 0 0 0 0.81386891883845858 1 225 19 445
1691 -0.20113574224251804 -0.349971291826081 -1.0899011038065682 0 0 0 1.0094821547345989 7 201 4 217 3 199
1692 0.096929126717358344 -0.30549399671498184 -0.74727605478797121 0 0 0 0.31445933529483294 5 550 1 257
1693 0.11789408060165614 -0.85629419860795108 -0.70619411039462965 0 0 0 2.300272244894765 18 482 1 301
1694 0.11789408060165614 -0.85629419860795108 -0.70619411039462965 0 0 0 2.300272244894765 18 483 1 308
1695 0.021582566524832827 -0.12884509555368517 -0.96449886308105337 0 0 0 1.175533001162645 1 535 19 1665 11 1203
1696 -0.22370276874456865 -0.69973047687738243 -0.80394680972158272 0 0 0 1.9521090470362361 5 761 1 567 3 511
1698 0.15518952487350987 -0.27732594568532531 -0.87046865819828212 0 0 0 2.3425176716734404 7 943 4 477 5 570 3 308
1699 0.48003649287339734 -0.84672061022393286 -1.0453781836879945 0 0 0 1.3475948092458809 19 5134 10 9123 17 11895 20 4540
1700 0.10004250327610256 -0.29969853258011903 -0.72623729581271079 0 0 0 1.7778369100062392 7 11264 4 3865 3 2438
1701 -0.24826194593915171 -0.86645997355129456 -0.81482373186093526 0 0 0 1.6887006614881002 5 2495 19 2987
1703 0.13774032725307214 -0.3284668847445949 -0.72173519871860514 0 0 0 1.9043855526210489 5 6804 1 2135
1708 -0.28008970842806558 -0.87794352597061653 -0.76312349735324303 0 0 0 1.0666519505795622 1 5848 19 3873
1712 -0.01871325121535386 -0.22373697526652536 -0.91346536701778525 0 0 0 0.71225494167811731 7 80 4 48
1713 0.0035331303754065485 -0.25851628551440126 -0.8826724613697321 0 0 0 1.6995927202712964 5 58 4 79
1717 -0.00080881689963223369 -0.29407171345309369 -0.85304919382144329 0 0 0 2.1392846812938129 18 199 4 162 3 193
1718 -0.00032426505773526515 -0.29308794540521976 -0.8521036192438638 0 0 0 1.3439684276476047 7 219 4 163 3 189
1720 0.076090776571698257 -0.33267009890301191 -0.72972818944002449 0 0 0 1.2234371146999912 18 134 3 124
1721 0.20792708043469971 -0.29036326799074463 -0.90183522639035996 0 0 0 2.8610976549952087 7 218 4 185 3 162
1722 0.11765811083550577 -0.18008099780944589 -0.88907542209034229 0 0 0 0.8498528558850873 5 201 4 187
1724 -0.36198856699555837 -0.61131872977154145 -0.88266669797404607 0 0 0 2.3382708474432885 18 559 4 214
1727 0.11198599398210729 -0.39449894450684603 -0.73770616284966217 0 0 0 0.19841239518174736 7 236 4 242
1728 0.039636627714143918 -0.12764628813331597 -1.0287888680429327 0 0 0 2.4929254623359638 5 252 4 243 3 239
1731 0.12033339105891558 -0.32576745790362627 -0.69815558960641033 0 0 0 0.40218895659673637 7 524 3 149
1732 0.12033339105891558 -0.32576745790362627 -0.69815558960641033 0 0 0 0.40218895659673637 7 525 3 148
1733 0.00056131403240733402 -0.18671958988989873 -0.92868574805091408 0 0 0 0.94745041278394826 7 304 4 286 3 249
1734 -0.023235083477566365 -0.26525563039877353 -0.83056042452311485 0 0 0 1.8033800456020195 5 754 4 306 3 253
1736 0.092537231584657501 -0.29618480712404865 -0.73321403820532771 0 0 0 0.73673906330642636 7 362 4 315 3 303
1738 0.092202749456913896 -0.2398766927867832 -0.87056075003350308 0 0 0 0.72012906548782163 7 460 18 205
1739 0.28175440965887055 -0.40036254133043964 -1.0391261302837711 0 0 0 1.1326485011349723 2 241 3 314
1740 0.56244612558640794 -0.81519834139311076 -1.029563764090291 0 0 0 2.6365055907010282 5 610 18 762 4 339
1741 0.58695986168785963 -0.83498205940957138 -0.9004465690247101 0 0 0 0.49947555931575416 7 620 18 431
1742 -0.24544476105427057 -0.5155179008342734 -0.82212448206123678 0 0 0 1.4164518609922387 5 271 4 343
1743 -0.2029148503489577 -0.27830451545191104 -0.99798263855188196 0 0 0 1.744815943414441 7 395 3 265
1745 -0.33595688661828726 -0.42726001474079595 -0.84392115415137425 0 0 0 2.1595818829717914 7 1190 16 1976 4 416
1746 -0.33429323926536458 -0.42429948668128109 -0.8398570651142141 0 0 0 1.9176568344031617 1 623 7 1191 4 417 3 982
1747 -0.27256930315309025 -0.66310190497856425 -0.84583743216952301 0 0 0 2.4971044033573859 18 1424 4 428
1749 -0.053943698212596286 -0.31743527658861276 -0.77723074246502843 0 0 0 0.99699756247715121 18 926 4 434
1750 -0.090878495334952319 -0.32171379647505777 -0.76583872002454978 0 0 0 1.5379452412182235 5 382 4 437 3 524
1751 0.1328313764485371 -0.32510901328376052 -0.69339681949367904 0 0 0 1.2968594093792178 7 861 4 442 3 482
1753 0.15878591686356247 -0.15355555394801806 -1.0450754031616949 0 0 0 2.5302795111851539 7 960 4 478
1754 0.066398269796430043 -0.1381384767282042 -0.93645153259250979 0 0 0 1.0753744319633551 5 645 4 492 3 393
1757 -0.017057332051928858 -0.26444476575326564 -0.88167353056168496 0 0 0 1.5958856414441276 5 710 16 559 4 504 19 968 3 419
1758 -0.18633446053816763 -0.35754211831916138 -1.0756360483716823 0 0 0 2.2848674545821801 5 571 3 442
1759 -0.044741124933975279 -0.26400112888604277 -0.79810918729401847 0 0 0 1.293052125717302 5 389 4 506 3 439
1760 -0.20551459838858602 -0.33755836684137042 -0.98103212754387381 0 0 0 0.13108031181234636 7 952 3 574
1763 -0.23432230310011429 0.021829505557079749 -0.80671651729975102 0 0 0 0.88402943843316828 16 711 4 782
1764 -0.067078029071406364 -0.27669065868281351 -0.8945894806247443 0 0 0 2.3944423287044789 7 1420 4 786 3 804
1765 -0.00071941311948868492 -0.2179724872323256 -1.1573183151439479 0 0 0 2.3556775578521969 5 1127 4 828 3 330
1766 -0.00071941311948868492 -0.2179724872323256 -1.1573183151439479 0 0 0 2.3556775578521969 5 1125 4 830 3 331
1767 0.062118412186464605 -0.13264033504300807 -0.95207109523982414 0 0 0 0.47814562092207052 5 1114 4 837 3 535
1768 0.050887587000166698 -0.17182947551763639 -0.93252832953458209 0 0 0 0.23739882208375196 7 1474 4 852
1769 -0.23520070026660242 -0.22285167955877322 -0.81908064658188984 0 0 0 1.6866555567635784 5 1473 4 876 3 594
1771 -0.20293346938505727 -0.14439579112141687 -0.97264099330482146 0 0 0 1.5450401871510377 7 1395 8 960 10 1085
1772 -0.19504193723692068 -0.35103682754788657 -0.9760322840688036 0 0 0 1.1995327260804904 5 2744 4 939
1773 -0.16907608209845618 -0.35237489010709067 -1.0759567102684569 0 0 0 0.84338533357705081 5 2752 3 1887
1774 -0.069663811992443703 -0.26632706650372001 -0.94896226311217369 0 0 0 2.1936759680050337 7 1733 4 971 3 1088
1775 0.082330854288059391 -0.2716704106436223 -0.80631281210997185 0 0 0 1.9344142736516012 16 905 4 1003 10 1350
1776 0.15356111779988241 -0.16620163730631429 -1.0938909972437263 0 0 0 2.6684482140184174 5 1160 8 996 4 1021
1777 0.081380670796608101 -0.26625433776748514 -0.84674349750396982 0 0 0 1.8720872429314293 5 1550 7 1652 4 1026
1778 -0.051055343991170926 -0.33155177039911127 -0.7590098410671009 0 0 0 2.7447430140603841 18 1250 4 1115
1780 -0.32789783031198916 -0.4203528085743829 -0.83643748068759027 0 0 0 1.0812509273233848 7 3675 18 2374 4 1272
1781 -0.088588145154323866 -0.66926356385858932 -0.81423566111563472 0 0 0 0.72548876493017889 5 2708 4 1308
1782 -0.31325357984510038 -0.64133481255118663 -0.85777034784127104 0 0 0 2.4268371952762466 18 3817 4 1358
1783 0.0431596967765559 -0.15362814810922074 -0.9303571042014922 0 0 0 1.9682977373844637 5 2918 4 1525 15 1931
1785 0.14988564469456817 -0.28249210873607411 -0.81829197929785802 0 0 0 1.7405473778660658 5 3427 4 1608 3 1634
1786 0.064996655145496088 -0.20966610496449467 -0.88178150512398634 0 0 0 0.18624148497561188 7 2401 4 1639
1787 -0.048513592293436825 -0.26172283365850879 -0.90497147867337668 0 0 0 1.2123488631054833 5 1514 4 1657 3 1573
1788 -0.043267296352224482 -0.26449703008741887 -0.82786178210861894 0 0 0 1.8186164424269193 5 2777 4 1668 3 1096
1789 -0.26161239039754891 -0.20247476337265313 -0.80400427257494833 0 0 0 2.3795360430062842 5 2727 4 1732 10 2780
1790 -0.2674219463174563 -0.20105732691542955 -0.81486871038760222 0 0 0 3.2008925336353613 5 2721 4 1742
1791 -0.2773532616496508 -0.18014420528806921 -0.82360951053539977 0 0 0 1.0951828118266942 18 1859 4 1743
1792 -0.22984350095746023 0.062642316030896844 -0.81814374461303796 0 0 0 0.88020301854387384 7 1596 4 1829
1793 -0.092445180722727477 -0.31291513147691391 -0.77292669262786218 0 0 0 0.7869025604147164 5 973 3 1073
1794 0.14526131887299895 -0.28987108365638409 -0.72554500677732603 0 0 0 0.67756031858976562 4 2069 3 1665
1795 -0.3131858248772964 -0.42612040846551452 -0.82265392090932066 0 0 0 0.035751236554918679 1 2191 4 2156
1797 -0.21377406817628772 0.12571766194266773 -0.8306513967725726 0 0 0 2.0389913640041462 7 5543 4 2269
1798 0.45848612315681847 -0.81213159866990114 -1.0141729442180547 0 0 0 2.5511043457390441 5 5888 16 1906 4 2280
1800 -0.0016485158373531206 -0.18007307288355456 -0.9444464664732044 0 0 0 1.7047499035754372 5 2898 4 2562 15 875
1801 -0.094545609430436134 -0.68017646914691787 -0.8103463294950588 0 0 0 1.2473029675110086 1 2941 5 4553 4 2610 3 1686
1802 -0.094511473805608176 -0.6784015699004784 -0.80870299647879418 0 0 0 0.99414613867679635 1 2942 5 4554 4 2612
1804 -0.11607058313653917 -0.28362313405183109 -0.82088509190517822 0 0 0 1.1692504926530662 18 12441 3 4568
1805 -0.27131435404225002 -0.189908007153963 -0.81899478263081815 0 0 0 0.44234650401566133 7 6041 4 2777 11 8982
1806 -0.10075362312354622 -0.26409838314011297 -0.81334897154979213 0 0 0 0.27005195874586707 5 6678 4 2830
1807 0.014707064072423073 -0.29483658817770442 -0.80990607594956598 0 0 0 0.40168427518145133 4 2874 3 1184
1808 0.023816896206259444 -0.2557196994077538 -0.78299131412296408 0 0 0 1.2919118574980493 7 4504 4 2886 3 1596
1809 0.069391451334255366 -0.28518253067146504 -0.84243948969684346 0 0 0 0.63031008887059714 7 8883 4 2888
1810 0.12643415803152944 -0.20943577668290586 -0.85213384665498082 0 0 0 2.1339311081368675 2 1835 4 2923 3 1840
1813 0.075996118344713509 -0.27821629070674897 -0.78589334907008812 0 0 0 1.145648121699598 16 11134 4 3262 10 12918
1815 0.079272915256268672 -0.27274862029052499 -0.79645170917951003 0 0 0 0.78470922229440132 16 7549 4 3291
1816 -0.22463750773425981 -0.27269921798805946 -1.0144766175144402 0 0 0 0.092491491601900414 16 2745 4 3418
1817 -0.26346660480549489 -0.21914635369798091 -0.80146999488321002 0 0 0 0.68772491331959085 1 3557 4 3424
1818 -0.28610369553845372 -0.19584682463328201 -0.81368157322845569 0 0 0 0.081453284177909091 5 8817 19 12858
1819 -0.30508492902376783 -0.18394032980623162 -0.83038150856355597 0 0 0 2.3519174812050183 7 8897 15 3710 4 3457
1821 0.5388066064732685 -0.83442183012823867 -1.0493209211000696 0 0 0 1.075112879550266 5 8319 16 8313
1822 0.12662301561626593 -0.33108516061831056 -0.71980662143104246 0 0 0 0.067136353746419714 18 11203 4 3631
1824 0.10440182603675668 -0.30983859288465537 -0.73081649124796044 0 0 0 0.1391963331091402 16 8660 4 3846
1825 -0.31867605621701112 -0.41970070523357184 -0.84038225836335179 0 0 0 0.81413782544925817 4 3949 19 9525
1827 -0.21716551020686073 0.060582527166228389 -0.89066294975906279 0 0 0 0.97451455654377195 7 5532 18 3315 4 4145
1828 -0.21111887330476034 -0.70912197650344755 -0.8144193689257222 0 0 0 0.48905068060238049 18 5142 4 4371
1829 -0.33694932077892426 -0.6065883730222279 -0.85559867304530823 0 0 0 0.10060324882985769 2 5225 4 4572
1830 -0.45523508595702833 -0.57224423768125376 -0.87617247824705702 0 0 0 1.461126970645118 5 9761 4 4607 10 12491
1831 -0.27764651842904775 -0.67688726681233935 -0.83145321010788598 0 0 0 0.3248318135496705 2 9531 4 4706
1833 0.071764074575568132 -0.27433323278845367 -0.80832493873784728 0 0 0 1.1288411359991743 18 12504 4 4950
1834 -0.26866963170464642 -0.19712666280929836 -0.82107977216091088 0 0 0 0.38112450223561556 7 8819 4 5040 19 12863
1836 -0.16743397486822112 0.070135928512605125 -1.0722776150907525 0 0 0 1.3486187019977933 7 11430 4 5499
1837 0.12944405563510913 -0.17648035577743093 -0.87603086844856426 0 0 0 1.5832231572590951 18 8540 19 11536 4 5731
1838 0.066514498811761108 -0.13170952955911969 -0.92716961416920607 0 0 0 2.3337906398787367 5 7854 7 7725 4 5802 15 5913
1839 0.063446392334673016 -0.12935747947257767 -0.91594225589300793 0 0 0 0.31026629591124144 7 9484 15 5360
1840 -0.010355586452208493 -0.19228167336758789 -0.97670955413092209 0 0 0 1.055570083610003 5 7886 7 9483 4 5818
1841 0.025341762065159146 -0.18779405080592837 -0.92721443107073553 0 0 0 1.9937906358017456 18 8472 4 5832
1842 0.41702617003308962 -0.76306548463018475 -1.0742222497160498 0 0 0 1.0264571372218039 4 5899 20 11518
1843 0.42740244037164021 -0.7648451862783785 -1.0626914913478269 0 0 0 0.87028107479123851 3 2872 11 10460
1844 0.087248557535359525 -0.29189878500354832 -0.75152441206667686 0 0 0 2.4035458457262342 16 11230 4 5964
1845 0.12847225379966082 -0.21134315193336783 -0.85230064312431586 0 0 0 0.98397873990781004 16 10952 4 6132
1846 0.12847225379966082 -0.21134315193336783 -0.85230064312431586 0 0 0 0.98397873990781004 16 10991 4 6133
1847 0.047835411418225449 -0.20122761890326046 -0.89522675831020626 0 0 0 2.26521960703572 2 3604 4 6213 3 3710
1848 -0.22593355094044773 -0.28571800963650845 -1.0459747984612917 0 0 0 2.8491019825153323 1 7430 18 13132 4 6257
1850 -0.093504869026652171 -0.77844696727057139 -0.82117932640582225 0 0 0 1.0155002430666202 5 10928 4 6471 7 7103
1851 -0.39107614982318895 -0.63642823032718465 -0.86902900163095675 0 0 0 1.3575225614338413 5 9723 4 6704
1852 -0.33844074347531328 -0.64021652784330652 -0.85763725941151958 0 0 0 1.9238101810112718 2 9480 5 9728 4 6715 13 7038 14 6566
1853 0.50099365209634728 -0.84298761187238846 -1.0274679307886831 0 0 0 2.1042159618205081 1 7808 2 9613 18 7642 4 6820
1857 0.51992115398188488 -0.81872079863229597 -0.94512854186051953 0 0 0 0.0889064288546009 5 8317 4 7143
1859 -0.32376487024318168 -0.44040907023086434 -0.84977460192779408 0 0 0 2.7561771861851239 5 8425 4 7313
1860 -0.25145768442690541 -0.20914327593599891 -0.79466104466766718 0 0 0 1.8582132696950928 7 8520 4 7329
1861 -0.28435188226043107 -0.19903320016438303 -0.80984216998032243 0 0 0 1.7985128057254325 16 10158 4 7539 19 12848
1862 -0.44869369305282036 -0.57521257447803364 -0.89796817137160256 0 0 0 0.49282628746265966 16 8546 4 8233
1863 -0.12682318416135099 0.064705274041217398 -1.0842640013710689 0 0 0 1.5899675508620832 7 9256 4 8312
1866 -0.13456380180914637 0.063506543341667457 -1.1143793592828413 0 0 0 0.053451527568630128 7 7301 4 8452
1867 -0.21977766707758364 0.03114059246048741 -0.90894460028864121 0 0 0 0.14710956106169809 18 8929 4 8586
1868 -0.2395289693761237 0.028183336649204138 -0.80876127438924894 0 0 0 0.077048929142526257 16 10626 4 8791
1869 0.15365363185254333 -0.16085878918576468 -0.89302470828942848 0 0 0 1.36869183108198 16 6169 17 4818 8 7107
1871 -0.19766946928485293 -0.13966802326465769 -0.97794831942810512 0 0 0 0.56047153414320594 4 9031 8 3674
1872 -0.19983522143385987 -0.13800489676464103 -0.96758714039758797 0 0 0 1.4663958746650279 2 7064 4 9043
1873 0.114077310788827 -0.67735731325825665 -0.75790526942863612 0 0 0 1.2969779257401906 5 10949 4 9245
1874 -0.085221010494760108 -0.68484226148823701 -0.81050879463541015 0 0 0 1.8894187168763252 4 9275 11 10388 20 8953
1875 -0.38764648512580291 -0.70793685393279282 -0.87090146903989751 0 0 0 2.278157799240498 5 11270 4 9358 19 8514
1876 -0.035636341736237087 -0.22290422245574537 -0.87516985094168342 0 0 0 0.31616308722610076 2 13261 5 8414
1879 0.14835755343028117 -0.1408678671446951 -0.90026789512377414 0 0 0 1.980555778922626 7 9526 4 11639 17 4815
1880 -0.13733193477951935 0.039069098413969015 -1.1103134558851064 0 0 0 2.3074267143397087 7 11301 4 12752 3 4424
1881 0.17211142396173207 -0.1671314894937434 -0.91425302960094834 0 0 0 2.4557410600779201 5 1107 7 911 4 721 16 463 18 965
1882 0.059763593651069202 -0.20913064763343597 -0.88215069624956621 0 0 0 1.9484932660075365 18 2588 4 1610 5 2925 7 2395 19 2564
1884 -0.048761825251054658 -0.22256405554306385 -0.89402695027330292 0 0 0 1.3094493764754269 7 302 4 173 3 184
1885 -0.074792016575027515 -0.28081140499046026 -0.77803777618985337 0 0 0 1.7310345582239548 5 360 4 234
1887 -0.10945012334702761 -0.34793553039855385 -0.79949978985745007 0 0 0 1.9271173584150423 5 221 4 431
1888 0.30907452176196581 -0.3019000269061638 -1.0691293963561015 0 0 0 2.2608065043689112 2 204 4 475 19 210
1889 -0.22680178853471081 -0.34754212681102159 -0.98590756051335382 0 0 0 3.0196950602301778 1 533 4 537
1890 -0.41975793463385225 -0.72132169540399582 -0.890040156903531 0 0 0 1.1605806462412762 5 1636 4 1254
1891 -0.055208159835619497 -0.31190110863592541 -0.75667856502596753 0 0 0 0.12052772711291407 3 812 7 1717
1892 0.61246815653978559 -0.56839588597040303 -0.96745259984580834 0 0 0 1.9436892906045637 5 2813 4 2109
1893 -0.0067186420512962836 -0.30906735330931195 -0.7517237523009106 0 0 0 2.6389349865742302 16 2307 4 2220
1894 0.0074656552395499232 -0.31636393727767348 -0.73815582633366184 0 0 0 0.80808412436073962 4 2231 8 9505
1895 0.1692539429395542 -0.20188176651687822 -0.89645946720394032 0 0 0 1.4665631998654378 2 1855 4 2493
1896 0.15432592549089999 -0.28542692952036874 -0.82429247516930038 0 0 0 2.0883863753035095 2 3449 4 2928
1898 0.072190195295943824 -0.2656735593290187 -0.77978915044842689 0 0 0 0.79032124834389972 5 7478 4 3275
1899 -0.39119513866993028 -0.81301536535804142 -0.92099174567113962 0 0 0 1.1301346438790427 5 4080 4 4535
1900 0.11353480328143625 -0.30219758487961068 -0.71965125526622575 0 0 0 2.8733809506481136 1 4961 4 5936
1901 -0.21682176268522782 -0.68737445454254154 -0.81492855804346132 0 0 0 0.70656033047066347 1 3315 19 5523 11 10602
1904 -0.20371843150240085 -0.29167590910136476 -1.000751590054701 0 0 0 0.78512610821252216 1 7405 19 10550
1905 -0.23700848182472642 0.027857804194255056 -0.80949105552404377 0 0 0 1.0198660211180142 16 3920 7 2715 4 2997
1906 0.46122116942053903 -0.88939609495653871 -0.94881187950753731 0 0 0 0.89861089268490491 1 10 5 25
1908 -0.18374393608448017 -0.83850209754101268 -0.80731400034474343 0 0 0 0.48411173811917896 19 82 8 76
1911 -0.18478323851936515 0.084635741376840018 -1.0572247326362898 0 0 0 0.63068276208836449 16 89 19 108
1913 -0.093415090166871939 0.04434323957168175 -1.2075430459908174 0 0 0 1.7690025524314534 16 99 19 130 8 84 11 165
1914 -0.11110134097589247 -0.88926179646152992 -0.7790844216840036 0 0 0 1.1620344974288448 8 491 11 176
1915 0.21225953581718876 -0.864077302989537 -0.76036180092617922 0 0 0 1.4252513345639501 16 186 8 138 10 269 11 252
1917 -0.076665652078147073 -0.29405770908894652 -0.79233166334943506 0 0 0 1.8668812612046874 19 198 8 226
1918 0.27256259439890762 -0.5053159014693267 -1.0540156951840152 0 0 0 0.08168388636749184 19 211 10 245
1919 0.64125131727439999 -0.63323851337100034 -1.0205526415585167 0 0 0 0.49341684104306949 5 442 19 238
1923 -0.13120044876817297 -0.86730610500421945 -0.79081258788925402 0 0 0 1.0169812918868124 1 291 5 358 7 566 11 392
1924 -0.14322346531136562 0.048218714248076042 -1.125373452836216 0 0 0 0.45572191014463725 16 266 11 536
1925 0.1786720751294737 -0.22612902380423722 -0.87764177681274624 0 0 0 1.1731800900096119 16 452 19 516 8 291 10 603 11 304
1928 0.25021073022918044 -0.82496235521877481 -1.034054732814772 0 0 0 0.52201140297391735 16 574 19 538
1929 0.055083672188933432 -0.19717096235738391 -0.88385536506734286 0 0 0 1.0178133962231812 1 329 11 553
1930 0.15220175212878931 -0.19873732487694701 -0.87129192729290095 0 0 0 1.4118752039464515 16 455 19 794
1931 0.082132358225956048 -0.17716847072262643 -0.88111007668610997 0 0 0 1.4916171638047759 1 475 19 943 11 620
1932 0.033298354725312451 -0.18251149601679062 -0.90048093308519817 0 0 0 1.3459967322163238 1 780 19 944 11 957
1933 0.025349079534691274 -0.19052570877544706 -0.90056226782002291 0 0 0 2.1285715328720367 1 792 5 1117 19 949 11 885 20 1166
1934 0.53169103194914324 -0.85484095106018088 -0.64251407597832733 0 0 0 1.1739587157456339 16 1102 19 1030 10 1268
1935 0.59841472873538493 -0.84970616516769337 -0.66880566150125331 0 0 0 1.2666876289387801 5 1232 19 1039 10 695
1936 0.42248498210245 -0.85018103198214878 -0.58035297024360832 0 0 0 1.759859840320757 18 1402 19 1047
1937 0.1005580591030054 -0.68114654898650873 -0.77466413519252542 0 0 0 1.738922392530224 1 413 19 1127 11 1224
1939 -0.21416094894619844 -0.83240852448738067 -0.79883282581702275 0 0 0 1.970243841955891 1 562 19 1212 11 1263 20 1346
1940 0.48319410345830216 -0.84807698204693072 -0.84291953594574176 0 0 0 0.90536341884455551 18 1702 19 1227 7 1862
1942 0.29704212417236464 -0.85238469462581867 -0.84771959163419242 0 0 0 1.0116174762877057 1 437 19 1234
1943 -0.22439301646297025 -0.68933122245208445 -0.80765832836667206 0 0 0 2.0168790559890595 1 851 19 1285 11 1758
1945 0.4225104358161853 -0.84907898753282529 -0.53118810356309165 0 0 0 1.9687531302131813 7 2079 19 1390
1946 0.045642230386997676 -0.13023800558552881 -0.92843265560723176 0 0 0 1.5204014282629561 1 667 19 1393 11 1117
1947 0.24807464836832588 -0.8567332373334724 -0.75567686103277532 0 0 0 1.5268250214331303 16 1417 19 1444 20 1575
1949 0.042960876987939919 -0.2078037003116141 -0.8877806539876909 0 0 0 2.3506401651822082 1 1941 19 1715 11 2499
1950 -0.24544630924058616 -0.86945422298643749 -0.74961908561033241 0 0 0 1.0859006254834862 16 1844 19 1808
1951 -0.25344761415283801 -0.87093359892132871 -0.6706412479201036 0 0 0 0.75779977637248308 16 3485 19 1820
1952 -0.3421453529573667 -0.87413060361963413 -0.80083699745395065 0 0 0 1.4333429088524725 18 2859 19 1830 10 3198 11 2070
1953 -0.18971047850507253 -0.11956530314859687 -1.0277823979964413 0 0 0 1.4475925115861905 1 870 18 1051 19 1929
1954 0.54417453910753955 -0.85257720107651602 -0.83333478866862731 0 0 0 2.6281332524192806 1 1919 19 1947 10 5689
1955 0.37579644956590319 -0.85403545105052614 -0.56407864149916964 0 0 0 1.3129769516350942 7 4750 19 2211
1956 0.37579644956590319 -0.85403545105052614 -0.56407864149916964 0 0 0 1.3129769516350942 7 4749 19 2213
1957 -0.13481202960266489 0.10525843942306348 -1.161618780687214 0 0 0 1.7318332102481999 16 2699 19 2319 11 2915 20 4574
1958 -0.13502546444357297 0.10512970776425845 -1.1614352546360631 0 0 0 1.3383790191984464 16 2698 19 2320 11 2903
1959 -0.12984477185626325 0.072749112992621712 -1.15232616999004 0 0 0 2.1562489185979814 4 1229 19 2321 11 1590
1960 -0.14812489409514176 0.039452815369900487 -1.1190528304172804 0 0 0 0.77614181807636451 16 1551 8 1746
1961 -0.18955372336408741 0.052224813697199265 -1.070390520630319 0 0 0 2.562460586323672 1 1859 19 2342 11 1205
1962 0.15421558275098421 -0.1837119211804541 -0.88498458151606618 0 0 0 0.61310309238680349 2 940 20 2044
1963 0.12750121805114001 -0.18159134959487644 -0.86810050644347214 0 0 0 2.0584375502573677 16 4110 19 2537 20 6872
1964 0.12750121805114001 -0.18159134959487644 -0.86810050644347214 0 0 0 2.0584375502573677 16 4111 19 2539 20 6871
1965 0.1334388272153639 -0.16098761214240678 -0.87757858431594005 0 0 0 0.88299027502099414 16 1611 19 2542 17 1209 9 1089
1966 0.068952712171633124 -0.22230473378527249 -0.87899869566061661 0 0 0 0.21611203320211375 1 1439 19 2557
1967 0.060001825117819277 -0.20871156898128673 -0.88106254698422592 0 0 0 0.85847394439918956 1 1445 19 2565 11 2491
1968 0.060001825117819277 -0.20871156898128673 -0.88106254698422592 0 0 0 0.85847394439918956 1 1446 19 2566 11 2492
1972 0.45549811325196154 -0.85383755828044849 -1.0589845129428828 0 0 0 2.9113310993557122 18 3884 19 2913 8 4955
1973 0.53992863540387015 -0.85273650134540602 -0.85271739373328947 0 0 0 1.2114534341431649 16 1493 19 2935 10 1737
1974 0.53966657072841662 -0.85178095039515322 -0.85172392072073877 0 0 0 1.276996768068406 16 1492 19 2936
1975 0.52671662192572732 -0.85350172773805832 -0.86354516700616557 0 0 0 1.5430514563949222 18 3162 19 2939 16 3272
1976 0.52206758470581793 -0.84414114297580922 -0.85233775352319974 0 0 0 0.5469618311862432 2 1487 19 2941
1978 -0.33360832028736631 -0.87183617547524817 -0.83201097166895477 0 0 0 1.2041755358136648 2 1975 18 2858 19 3010 10 3182
1979 0.44136077166169141 -0.84871281663956655 -0.68687299052863493 0 0 0 2.9037745222905027 18 3137 20 1970
1980 0.5799374257856218 -0.85365774573702757 -0.64710424957795332 0 0 0 1.598108995379274 16 3115 19 3048
1981 0.60622265688420751 -0.85154269293913409 -0.66406411330288284 0 0 0 1.4399738915240476 5 1887 19 3059 16 3118 10 3765
1982 0.60622265688420751 -0.85154269293913409 -0.66406411330288284 0 0 0 1.4399738915240476 5 1886 16 3117 19 3060 10 3763
1984 0.25973216630327112 -0.85736582815543794 -0.75244378088483321 0 0 0 2.1226385093048754 19 3138 8 3275 11 4861 17 2447 9 4952 16 3353 10 3873
1985 0.22611936818947254 -0.85792791404767521 -0.78080920134148424 0 0 0 0.4539465690079072 18 3082 19 3152 20 3868
1987 -0.15635542079784834 -0.869060907685693 -0.79254060633012124 0 0 0 1.0844948182465755 16 8173 19 3255 11 6341
1988 -0.23735646105390831 -0.87091588742200976 -0.63773697219172343 0 0 0 1.5187643200422418 16 3484 19 3283 11 3352 17 4643
1990 -0.29242385501784096 -0.87154733496863113 -0.6801073815354779 0 0 0 0.9091456278164961 16 5528 19 3304 20 2920
1991 0.53035535720837768 0.16823730736654197 -1.0237202599279303 0 0 0 1.1257362265389697 4 2617 19 3345
1992 -0.1299053963427963 0.11072976900338286 -1.1633508034309592 0 0 0 0.51919869368791649 16 3574 19 3389
1993 -0.13794356065989752 0.071982067954035181 -1.1408069498448712 0 0 0 2.3610972390799758 16 2383 19 3395 20 3398
1994 -0.1393300962381214 0.062843649610300339 -1.1391673002252882 0 0 0 1.181297152328838 16 3840 11 5436 20 4582
1995 -0.1444135001726444 0.060011487165630442 -1.1388197887885392 0 0 0 0.84997130996807124 16 2367 11 3815 20 3382
1996 -0.1444135001726444 0.060011487165630442 -1.1388197887885392 0 0 0 0.84997130996807124 16 2366 11 3816 20 3380
1997 -0.1444135001726444 0.060011487165630442 -1.1388197887885392 0 0 0 0.84997130996807124 16 2369 11 3817 20 3381
1998 -0.14768154601160946 0.074909765020747546 -1.1204391449585487 0 0 0 2.0215564412338249 19 3405 10 3378 11 3810 20 4585
1999 -0.20170312098221307 -0.12695776523945826 -0.97384919403075632 0 0 0 0.10025997436030713 1 3679 19 3673
2000 -0.37332837702100996 -0.87146562938110317 -0.79517897110453983 0 0 0 1.0979865116496368 7 4448 16 4805 19 3811 10 8899
2001 -0.34842356012232956 -0.86810831327356763 -0.74561429716401428 0 0 0 2.7505683933091305 1 1564 16 4806 19 3817
2002 -0.3661707578077511 -0.87146165887591143 -0.80664601569154271 0 0 0 2.2386158601097925 18 5189 19 3829 11 4402
2004 -0.31008882479039801 -0.87127110928302653 -0.78797858092306927 0 0 0 1.2280006443871343 18 5162 19 3847 8 4842 20 7533
2007 0.11574595481100737 -0.85994084795023595 -0.7290758084198139 0 0 0 0.7662162515959462 16 5304 19 4051 8 3830
2008 0.12491177412257194 -0.85693853802044817 -0.74841626666664141 0 0 0 2.7738199258063165 1 2993 19 4056 11 2713
2009 0.24215690075867274 -0.85636805903011237 -0.77326017380447776 0 0 0 1.6421654329666495 16 5119 19 4103
2011 0.57785007042233827 -0.84598679699197055 -0.66230476138062033 0 0 0 1.3771530070125451 7 6347 16 3806 5 5362
2012 -0.37396971287432623 -0.8736578986120267 -0.78852086890549056 0 0 0 1.3635691362018498 16 4799 19 4354 10 5438
2013 0.12475202465131201 -0.16491067671747298 -0.86864363205445505 0 0 0 2.0519916727427225 1 2806 16 4098 19 4361 10 7970 11 2475
2014 0.033645948476482598 -0.86318310028938461 -0.57033730870693922 0 0 0 0.0086853449317670934 5 6380 11 3607
2015 -0.26066718941806089 -0.19490424301206882 -0.81060658584489875 0 0 0 1.9657536774667641 4 2792 19 4498 11 5894
2016 0.17861102551995117 -0.77633057165179453 -0.71933393996256245 0 0 0 0.17030574490546094 16 1405 8 1664
2017 -0.10279547853718407 -0.42079097296204626 -0.83285118533334268 0 0 0 0.81199065427946127 2 4589 11 7061
2018 0.49421425502406791 -0.74735291509442558 -1.0619691942481244 0 0 0 1.4369833437105779 18 7638 19 5009
2019 0.10790242614086189 -0.48017233326082126 -0.76438835939607364 0 0 0 0.45657484241731627 2 2404 19 5029
2020 -0.34509156042630762 -0.64619460773651993 -0.8560824273965657 0 0 0 1.680477682639429 1 2882 19 5064 11 3767
2021 0.52874220296982943 -0.84845666883165882 -0.83484485650930829 0 0 0 1.113536335339274 2 4303 16 3259 19 5131 8 3195 10 3782
2022 0.57416781572937792 -0.84404022284281877 -0.98039097574940626 0 0 0 0.92960243711387058 5 3774 19 5138 8 3187
2023 0.22302949557828358 -0.85573061969606079 -0.92527373617334363 0 0 0 1.2682971200548252 16 4654 19 5160 10 9100
2024 -0.086117192971247675 -0.74094974560153304 -0.80332931106418326 0 0 0 0.935694278042006 18 9903 19 5185
2025 -0.2268340550524606 -0.85016739473168879 -0.8266142212438492 0 0 0 0.82565806235616834 2 4021 16 4727
2028 -0.37329153763417577 -0.8765608533483078 -0.91981633500447924 0 0 0 0.98456473518226573 1 2583 11 7389
2029 -0.29757131425818495 -0.86746778351348297 -0.83211233333495738 0 0 0 1.680268296193286 1 5812 18 9944 19 5489
2030 -0.28213905352619262 -0.685382448706918 -0.84134413336598635 0 0 0 2.188767515542835 16 7412 19 5494 8 8762
2031 -0.26766416387506231 -0.871225455421057 -0.85405368815395999 0 0 0 0.15403475229717986 1 2613 19 5497
2032 -0.1500439151369716 -0.76046257833880748 -0.83982147653157502 0 0 0 1.6860551308997112 2 4848 19 5544 11 10180
2033 -0.096465890978591151 -0.66787524474294147 -0.81057391362273079 0 0 0 1.2985687437555833 5 11435 19 5557
2034 0.31611445276291472 -0.77475072929889932 -0.96313345189581567 0 0 0 0.98523067894238947 4 2095 7 8359
2035 0.31611445276291472 -0.77475072929889932 -0.96313345189581567 0 0 0 0.98523067894238947 4 2096 7 8360
2036 0.53502401139136457 -0.85016027997662902 -0.83941291554719677 0 0 0 2.0510694442562207 2 2753 19 5637 4 2700 10 3772 8 3193 11 4683 18 7384
2037 0.65640563054278944 -0.84359535983529166 -0.95723917004296144 0 0 0 0.04893958672236022 7 8406 16 7170
2039 -0.069063356776087714 -0.46658958608304618 -0.82739137428482512 0 0 0 1.3220027887599097 4 2206 19 5953 11 7048 10 11323
2040 -0.069509567128847316 -0.46726164874325543 -0.82963996459784739 0 0 0 0.81659209038416669 1 4554 19 5954 11 7047
2041 0.24172844792869175 -0.86020430322248731 -0.76133223465843858 0 0 0 1.7868745719715915 16 6945 19 6308 8 6194 12 1263
2042 0.24172254434800861 -0.85696804400582671 -0.75942612592711201 0 0 0 0.4829423938179877 16 6944 19 6309 8 6195
2043 0.23202293141323549 -0.86016917786007863 -0.7728012263984787 0 0 0 0.90666862479565324 16 5128 19 6327 10 5828
2044 0.13551325173993264 -0.84853389647931698 -0.7475372940349958 0 0 0 0.79169758734881757 1 10413 19 6375 11 8913
2045 -0.14099554253924487 0.075805656680999312 -1.1395972803224237 0 0 0 1.2832539265988716 1 3732 16 2398 19 6396 11 5413
2046 -0.13626108856180238 0.06244605552306242 -1.1440058857113777 0 0 0 2.1369970013001178 16 3730 19 6399 10 3364 11 5389
2047 -0.21027601069240151 -0.3395068775377077 -1.0111154556569 0 0 0 1.7159773131484783 19 6423 10 4749
2048 -0.14107840392320911 0.075698502542241641 -1.139858070502151 0 0 0 1.4039856694796484 16 2399 19 6468 11 5406
2049 0.092529061864611878 -0.3113981921544503 -0.73524924345147236 0 0 0 1.7076877156112094 1 4935 10 11358
2051 -0.23742103008693141 -0.8723601100531202 -0.70266222082717733 0 0 0 0.52046951138523334 16 6434 20 4890
2052 -0.23608075235713225 -0.86802459419114508 -0.70077940534707839 0 0 0 1.4663891024780753 16 6433 19 6891 10 8947
2053 -0.19167120702324628 -0.16387614303653364 -1.0126647719103845 0 0 0 1.1851539481155007 16 8899 19 7171 10 7221 20 6986 17 4290 9 3584
2054 -0.19167120702324628 -0.16387614303653364 -1.0126647719103845 0 0 0 1.1851539481155007 16 8900 19 7172 10 7220 20 6985 17 4289 9 3585
2056 0.087973086770002012 -0.17991496627589129 -0.88003410182917885 0 0 0 1.7544494052979811 18 12930 19 7265 11 4758
2057 0.094722587426209273 -0.1463632000972494 -0.87797259544929607 0 0 0 2.2005024985659012 5 7687 19 7291 11 7595
2058 0.13108282348299249 -0.21817478015315261 -0.85539835935358099 0 0 0 0.77515970579017202 7 7707 11 5368
2059 0.13108282348299249 -0.21817478015315261 -0.85539835935358099 0 0 0 0.77515970579017202 7 7708 11 5369
2060 0.16960512791890214 -0.19806424595823291 -0.89019508075303833 0 0 0 0.73615990284576038 18 2510 19 7311
2061 -0.20384965253292756 -0.13395633762978382 -0.94871489361618977 0 0 0 0.87653534408494649 2 2066 4 2981
2063 0.65223414855240869 -0.61590918386392635 -1.0274843443500721 0 0 0 1.7887280002851484 16 8336 19 8189 8 5328
2064 0.65223414855240869 -0.61590918386392635 -1.0274843443500721 0 0 0 1.7887280002851484 16 8337 19 8205 8 5329
2065 -0.21011586189074363 -0.69475151589690864 -0.81555321154045202 0 0 0 1.7496551826178099 16 8562 19 8356 11 7429 20 8779
2066 0.50893499885045346 -0.82338707316554771 -1.0564433334070928 0 0 0 1.1528239453993796 2 9611 19 8408 8 12103
2067 0.49770553346966784 -0.8172009299759746 -1.0686457357965891 0 0 0 1.3784696113289707 1 2923 19 8409
2068 -0.10186737045724134 -0.67515553786050009 -0.80877892151342068 0 0 0 0.71579151083986559 4 6470 19 8468
2069 -0.099018081669789898 -0.67692327342126268 -0.8120442533192056 0 0 0 1.7364957149138502 16 4712 19 8474 8 8686 10 5348 11 2643 20 5943
2070 0.42042784566630798 -0.76343425788738184 -1.0787082926264722 0 0 0 2.1927779262844482 2 5860 17 7568 19 8545
2072 0.19026405714410788 -0.81917137017498831 -0.74360298966118488 0 0 0 1.4682443604985964 16 9209 19 9103 20 9119
2073 -0.22020181012013937 -0.82061776672345066 -0.79944970029466278 0 0 0 1.1663245593348637 1 3223 19 9154
2074 -0.27652853185670989 -0.87133248286473464 -0.8530160050645641 0 0 0 0.17964278068381168 5 4742 19 9224
2075 -0.4134530539775404 -0.87374853332684776 -0.8987828829089588 0 0 0 1.4853511652071301 1 3292 19 9511 8 5622 10 10860 5 10279
2076 0.090780835852550201 -0.29842937997526764 -0.75115591910253587 0 0 0 1.2097320066622506 2 8731 19 9895
2077 0.00095569664331944526 -0.22850568708275454 -0.8658114799188692 0 0 0 1.422112298409786 18 9414 19 10636 11 8149
2078 0.013097892351930068 -0.23049008071688976 -0.87649297883593191 0 0 0 0.92125929925996741 16 8762 19 10640 10 10950
2079 -0.00042546299967784196 -0.22542595315122876 -0.86807323595073971 0 0 0 1.5014551927489599 1 7207 19 10650 11 8144
2080 -0.0036927331218077203 -0.20982819177430773 -0.87232453020777689 0 0 0 2.8925308734421442 16 6245 18 12987 19 10651
2081 0.017175301724037112 -0.21781302035774097 -0.88860511796084896 0 0 0 1.9408842556889201 18 12969 19 10691 10 9593
2082 0.027312300598743663 -0.2218736485528871 -0.88543122534439944 0 0 0 1.0846203464097874 16 8733 19 10693 11 8048
2083 0.049839911381004048 -0.23034690463493707 -0.87175828777574726 0 0 0 0.60898785296506197 1 6742 7 10355
2084 0.051476173114701429 -0.24493326814631544 -0.87658575102019887 0 0 0 1.9696934426517414 16 10942 19 10700 11 9334
2085 0.044924318843186359 -0.2354176722222765 -0.87790372989616983 0 0 0 0.52732579107118449 1 5267 19 10708 11 9322
2086 0.062584157114905808 -0.2127350580382798 -0.87933993194430715 0 0 0 0.74928789265534268 1 3837 19 10718 11 4642
2087 0.065427928311971167 -0.22829253636210395 -0.87780937438128337 0 0 0 1.942683533453059 1 6797 19 10724 11 9317
2088 -0.20288520890682213 -0.1381665779387054 -0.97994007956164375 0 0 0 1.2912509505849616 16 9985 19 10779 20 7008 11 6613
2089 -0.20595683790130784 -0.1277788090030394 -0.97155812521736551 0 0 0 1.6008770615896779 1 10094 19 10845 10 7787 11 9024 20 9986 9 4168
2091 0.28855497956952592 -0.8581390665824471 -0.67016116488216593 0 0 0 1.4317173592161379 16 9488 19 11111
2092 0.0077075517072604655 -0.86707288976402808 -0.61077545839369018 0 0 0 1.073207586595383 5 9840 19 11287
2093 0.135411893120223 -0.14172046651161241 -0.88647338892427374 0 0 0 1.4322527998378096 1 6836 19 11747 11 12088
2094 0.11703489288440473 -0.13293196959078959 -0.95327507675516543 0 0 0 0.87858590656977231 1 9738 19 11764
2095 0.029797587044929255 -0.17754859339444889 -0.89929045475480462 0 0 0 1.1430729690022614 1 6727 19 11777 15 7638
2096 0.0080235980908916066 -0.1995907609770633 -0.89434762281022162 0 0 0 0.68859398777178771 2 3648 11 8120
2097 -0.0017302555208066617 -0.19691451725738879 -0.89330391506256168 0 0 0 0.18293114843179059 2 6706 19 11820
2098 0.0030986451498264955 -0.19429218755549638 -0.89649347292827852 0 0 0 1.3185273165037388 16 6258 19 11822 10 7161 11 8095
2099 -0.18850475169858785 -0.17232459175229425 -1.0200103198719779 0 0 0 0.5789725701854519 1 9536 19 11848
2100 -0.19027974274389584 -0.16103013013739945 -1.0224175511962579 0 0 0 1.1593070873950775 1 10857 11 8197
2101 0.0037825623226514504 -0.20854287000857402 -0.88324211132175945 0 0 0 2.4209710727534888 1 7199 19 12126 10 10958
2102 0.0037825623226514504 -0.20854287000857402 -0.88324211132175945 0 0 0 2.4209710727534888 1 7198 19 12127 10 10959
2103 0.0091720809356750505 -0.20901264092048277 -0.88724899617718767 0 0 0 1.0785756551741155 1 13023 19 12448
2104 0.0091720809356750505 -0.20901264092048277 -0.88724899617718767 0 0 0 1.0785756551741155 1 13022 19 12523
2105 0.029739403215393798 -0.22094973607862251 -0.88663399662599751 0 0 0 1.5801703014906829 2 8325 19 12686 11 12270
2106 0.054346115927369619 -0.21005964809321803 -0.88352590885812643 0 0 0 1.8746640877467859 1 7297 19 12706 11 12253
2107 -0.19375556462254687 -0.17571842829873907 -1.0098529012162647 0 0 0 0.12195814422359266 16 8891 11 12852
2108 -0.031888907429466873 -0.20629178450052482 -0.88947720905113603 0 0 0 2.6731513174512584 1 7174 18 13029 19 12966
2109 0.027775439305724361 -0.18018476527717767 -0.90032089857706388 0 0 0 0.39118494410911281 1 6640 19 13001
2110 0.10517482986370175 -0.14678183083077698 -0.86468469856563579 0 0 0 0.80768336361998105 1 9670 19 13038 11 12066
2111 0.028175548881459719 -0.8648245347714516 -0.79506285456289616 0 0 0 1.9381652068314028 1 2672 19 4011 5 4401 11 4920
2112 0.069902039427374552 -0.86183261606744455 -0.73154571903099319 0 0 0 1.4586806007654569 18 3074 19 4030 16 3385
2113 -0.21425449748539413 -0.81965885352393086 -0.81238581751073569 0 0 0 1.8842301320895749 5 10365 16 8148 2 7786 13 10667 14 13304
2115 0.3553062950000031 -0.83692703271507085 -1.022930604884186 0 0 0 0.69926162741885556 16 54 19 80
2117 0.29101548789484966 -0.8469935853888908 -0.8302529585384324 0 0 0 1.6311334072931869 1 53 19 114
2118 -0.11110134097589236 -0.8892617964615297 -0.7790844216840036 0 0 0 1.1620344974289765 8 490 11 177
2119 0.14678290579766276 -0.86729962361719815 -0.73067338595299569 0 0 0 1.3048882817092236 10 952 13 679
2120 -0.090746127650911418 -0.43866077799842201 -0.82057566160860174 0 0 0 0.072813661454189965 7 182 19 291
2121 -0.10684531030348215 -0.38681493064181399 -0.84952010408811773 0 0 0 0.060835993205670756 1 140 19 301
2122 0.17207368875454282 -0.16594078241533999 -0.90963461857634198 0 0 0 1.7349786260265665 2 248 19 917
2123 -0.026601709921281552 -0.3042778531305228 -0.7631955887281614 0 0 0 1.3669054118773416 18 1293 19 965
2127 -0.24871489062922378 0.021455796844135719 -0.80695622425761582 0 0 0 1.6078362838641582 18 1220 19 1885
2128 0.10974119190711612 -0.50510764932961982 -0.77484287298303922 0 0 0 1.5990579586250753 2 2403 19 2871 11 2341
2129 -0.2071886727387913 -0.84449493221416683 -0.7957111262421257 0 0 0 1.1562595850796287 1 3215 19 2993 11 2651
2130 0.51079524253813724 -0.85303961950159835 -0.60279465654810449 0 0 0 1.635445334224082 5 4308 19 3070
2133 0.12622723926161203 -0.17352580471971371 -0.8733080328498668 0 0 0 1.1515476181208524 18 5970 19 4355 20 2712
2134 0.1134210500529322 -0.30343441658418541 -0.72900901083712721 0 0 0 1.4329561091958269 16 4465 19 4804
2135 0.46500683836777745 -0.8429820002417463 -1.0506797584108043 0 0 0 1.8737704350168545 2 4789 11 4302 19 5611 12 1886
2138 0.12366140241095259 -0.85868217946871739 -0.76550476999031347 0 0 0 1.9926984070069591 7 3053 19 6404
2139 0.12434043274437355 -0.19995011532054452 -0.85550638437093274 0 0 0 0.30533514137231277 18 5979 19 7279
2140 0.063737909675182058 -0.22062777935329486 -0.88545956431358719 0 0 0 0.10126427922881376 18 12936 19 8152
2141 0.49322610571972925 -0.83983524762175765 -1.0256193367100646 0 0 0 0.78183808720138626 1 7797 20 6782
2142 -0.11005991512296698 -0.75879630343386339 -0.81004872321879162 0 0 0 0.18141893390574126 16 11328 19 8869
2143 0.12548449458343966 -0.81733069846055151 -0.73108899563669727 0 0 0 2.4451225705166051 18 11793 19 9126
2144 -0.22020181012013909 -0.82061776672344977 -0.79944970029466234 0 0 0 1.1663245593347085 1 3221 19 9168
2146 0.047600153795115424 -0.15462950734487749 -0.89165941512062163 0 0 0 1.9872226941215634 1 3708 19 11779
2148 0.064358872793173122 -0.20293809044433164 -0.82123911863793597 0 0 0 2.8544114101927178 4 91 3 50
2149 -0.10007405564166766 -0.28903280463757808 -0.80977938390639048 0 0 0 2.7085661705238064 4 43 7 118 3 73
2151 0.17364875004972877 -0.17862759814037649 -0.88666300132394538 0 0 0 1.0071122548198108 2 78 4 128 3 84
2152 0.03693321777179806 -0.22888424030100629 -0.88284252908725036 0 0 0 1.1609262507692373 1 69 11 95
2153 -0.1678391369383995 0.22847744965570929 -1.1834652692568264 0 0 0 1.4709930554610025 4 118 3 92
2154 -0.24415224669155758 -0.41733044085948118 -0.81766059879856656 0 0 0 1.3711009701243553 5 106 7 162
2155 -0.14526518921730372 -0.32232246745284898 -0.77560737032549398 0 0 0 0.66009160337938699 7 195 3 120
2156 -0.1934008703514952 -0.14090140145435368 -1.0325924817348255 0 0 0 1.7583573600612334 4 149 3 123
2158 0.33142140664300113 -0.36110273676433957 -1.0510251815639826 0 0 0 0.67537003567504028 7 211 18 201
2159 0.054418020471057232 -0.27928235185690009 -0.79263045153901435 0 0 0 3.2493643229756337 4 239 7 321 3 172
2160 0.054418020471057232 -0.27928235185690009 -0.79263045153901435 0 0 0 3.2493643229756337 4 240 7 324 3 173
2161 0.027362263147900717 -0.3169219198114881 -0.73166603336350566 0 0 0 0.19727908255727411 4 179 7 193
2163 -0.3387226327394316 -0.69101446144214074 -0.85274913876960245 0 0 0 1.7047406169773955 16 150 3 196
2164 -0.028988054328502266 -0.24160315171552499 -0.88122416788698499 0 0 0 1.8383353894206849 18 92 3 201 7 148
2166 0.00062799593422714628 -0.18118210349589248 -0.91939840027100539 0 0 0 1.4951145873302722 4 285 5 453 3 250
2167 -0.10329987219639167 -0.30612698830268581 -0.90737511227718071 0 0 0 2.5272463418998741 4 231 7 328 3 267
2169 0.028967277280659454 -0.18809559006828835 -0.89967394125560762 0 0 0 2.4040092642168114 4 304 16 758
2170 -0.21349300933455687 0.130039168281812 -0.85552040995631295 0 0 0 1.488857149734236 4 587 3 337
2175 0.21281011920884763 -0.19103273951889549 -0.96954654495033887 0 0 0 0.4693925708008887 7 309 3 436
2176 -0.20164695811274105 -0.40447123414206454 -0.9822749331543581 0 0 0 0.7139344017610787 7 742 3 437
2177 0.18323382306433425 -0.23655333103002973 -0.89662917986688861 0 0 0 0.10982538193847474 2 199 3 479
2182 -0.49611585927297708 -0.87724955627941781 -0.91053462289337794 0 0 0 1.4135401315402703 3 657 8 1490 5 886
2183 0.46256637791838506 -0.80008637192591947 -1.0142743123351576 0 0 0 0.89784615397292478 4 684 18 745
2184 0.048460356567582394 -0.2806139698726271 -0.7844885163172588 0 0 0 1.1995851493954615 2 810 10 1341 17 1308
2185 0.086409789043066343 -0.13920412383189773 -0.86196928545457885 0 0 0 1.3454048088082755 4 857 3 690
2186 0.13791652662814194 -0.26668566492355039 -0.85026040355801391 0 0 0 1.5970929000961025 5 1547 3 697
2187 0.14652179369994617 -0.17026412679450345 -0.89273377934542908 0 0 0 2.6710159102476947 4 1036 19 791
2188 0.45228493123185609 -0.8563853407798796 -0.85242813690324204 0 0 0 1.7140151353288913 3 783 20 770
2189 0.41924671939518021 -0.84267042676889936 -1.0624501562709152 0 0 0 1.9681004929584489 3 795 8 1324
2190 0.010680610684537156 -0.44700860540041659 -0.81108037887552187 0 0 0 2.5894028444726009 19 1215 3 798
2191 0.082917515774513298 -0.16065401762986375 -0.88215639070804541 0 0 0 1.202710066734564 2 543 7 1464 3 931
2192 -0.17846674597818582 -0.20294411717774691 -1.0729977093461682 0 0 0 0.89602756262086025 5 3053 3 955
2193 0.10957314635730295 -0.21465991507689841 -0.8392229908421347 0 0 0 0.6146717428548375 5 1169 3 977
2196 0.016728938075788305 -0.17697621678837594 -0.91224720750706623 0 0 0 1.5492253023992359 16 1656 10 2859
2197 0.014623705343704191 -0.16992443064393373 -0.90721056900246144 0 0 0 0.11963749263244133 4 1001 3 1181
2198 -0.21629329734497252 -0.69873394713277293 -0.81796619852874808 0 0 0 2.0004497324745945 5 2488 3 1253
2199 -0.27236248606642355 -0.43435803497895559 -0.83166579675685348 0 0 0 1.3838625857594768 4 1296 7 1947 3 1269
2200 -0.45230601105906765 -0.72657195824041376 -0.8952687242481816 0 0 0 0.93947854785589013 16 4537 3 1327 8 5603
2201 -0.34594987068821459 -0.60642357364040445 -0.85988070388980642 0 0 0 0.18533245026618583 5 1463 4 1246
2202 0.05884901534451583 -0.28342529985919085 -0.76173776265291027 0 0 0 0.71880723532999813 4 3195 3 1614
2203 0.058849015344516122 -0.2834252998591929 -0.76173776265291226 0 0 0 0.71880723533041468 4 3198 3 1615
2204 0.066477258858717955 -0.27067284887920789 -0.79736719796063382 0 0 0 1.3214292693960248 2 1793 3 1622 10 2674
2205 0.073474038354129856 -0.27230983653058427 -0.78241647393835878 0 0 0 0.46631596684760107 18 6089 3 1627
2206 0.14988564469456817 -0.28249210873607411 -0.81829197929785802 0 0 0 1.7405473778660658 4 1614 5 3429 3 1632
2207 0.11246711994034686 -0.27487085954375429 -0.85495589323944454 0 0 0 0.19808217512951792 7 4322 3 1666
2210 -0.23245684708251282 -0.12302539857552999 -0.93365722130025586 0 0 0 2.5281636123782785 18 5847 3 1944
2212 0.10567738459932421 -0.31208056656138528 -0.73154797057536136 0 0 0 1.5279177143529012 2 4521 3 2067
2213 0.1605787226457589 -0.54696139222335938 -0.72142249110851153 0 0 0 0.80336692332087034 4 4291 7 7982 3 2143
2215 0.12492769954988529 -0.27865140964564572 -0.74088221043259406 0 0 0 3.2706988206992271 18 6119 3 2431
2216 0.098107488765790424 -0.30971924655223526 -0.74477313308522297 0 0 0 2.2412593376042143 4 5944 18 7888 3 2440
2217 0.13802368782073021 -0.28998079992289011 -0.76915351942041355 0 0 0 2.4367178377941219 16 7372 18 7915
2218 0.13850430486219295 -0.29548113120009961 -0.74546823133434792 0 0 0 0.3642560554034604 16 4304 3 2486
2219 -0.093192141655037308 -0.65466899682411905 -0.80368059459871177 0 0 0 1.2080280621893849 4 4370 3 2804
2220 0.4274024403716401 -0.7648451862783785 -1.0626914913478267 0 0 0 0.87028107479140937 3 2873 11 10459
2221 0.48866024642671713 -0.84039202784597888 -1.0290408074020891 0 0 0 1.341298509968627 7 8377 20 10249
2224 0.40009306382224774 -0.76386724661296035 -1.0844168595262598 0 0 0 1.2424013928494768 19 8542 3 3480 8 8094
2225 0.11845223400559957 -0.67220943216886098 -0.75345643288120079 0 0 0 0.019403444752418075 4 4569 3 4251
2226 0.091358223343341899 -0.30057941952703793 -0.74980058880631106 0 0 0 1.9097026975562343 2 8733 3 4462
2227 0.19669252754723299 -0.18320504187228176 -0.89674718689537714 0 0 0 1.4300809978856779 1 10994 3 5614
2229 -0.016985004778610813 -0.26454461975717863 -0.88173770446165856 0 0 0 1.5901176817401288 1 503 19 967 5 716 16 560 4 503 3 418
2230 0.5077922313759613 -0.83551372888085673 -1.0677627941401324 0 0 0 1.8361383288510509 3 2095 5 3977 16 1918 18 1703 7 3756 4 1077 10 3068 19 5135
2231 -0.14149232262491482 -0.33462096460903601 -1.0578797373220259 0 0 0 2.8064576829437646 7 17 3 12
2232 0.29495534698105474 -0.47071252684831916 -0.90256894839662505 0 0 0 2.5937827051785116 2 5 3 15
2233 -0.31388069796314033 -0.3621847273945451 -0.87869479412120444 0 0 0 2.3496529868406473 18 61 3 38
2234 -0.099281173825694985 -0.28600942072782953 -0.80551370426293767 0 0 0 1.7858516312373189 7 116 3 74
2235 -0.046485921749757159 -0.86628134365976117 -1.0124911890287438 0 0 0 0.73684061749035901 4 120 3 82
2236 -0.30884241979326055 -0.4193442505329712 -0.82852391262465797 0 0 0 0.56493125595095961 16 535 18 185
2237 -0.15822163127640412 0.089298550275799915 -1.0771471175624332 0 0 0 1.2669637459157632 4 829 3 352
2238 0.086706991193282984 -0.22220466056408117 -0.85155138286605059 0 0 0 0.98725196955636951 4 326 5 226 3 380
2239 -0.09925528717384377 -0.33234557479823079 -0.76957938649875035 0 0 0 2.8101811193239321 7 420 3 422
2240 -0.1936528532363033 -0.33838472407683545 -0.90971961158106529 0 0 0 1.7396513107395957 7 414 3 443
2241 -0.26240921442889464 -0.66059406646543462 -0.84377400706990646 0 0 0 2.5053849073573891 1 628 18 1613
2242 0.088048440907842113 -0.29884843786964749 -0.71615987013841087 0 0 0 2.9343383777316525 18 969 3 525
2243 0.082389127929767075 -0.34980739492348523 -0.76026015512932377 0 0 0 1.5690705585007729 4 704 3 586
2244 -0.23219404184801404 0.046384551972815949 -0.80593957348685863 0 0 0 3.3789768807701259 4 778 3 625
2245 0.10492833419980777 -0.45855532679836125 -0.76312185989325987 0 0 0 0.84578018751784811 1 531 3 797
2246 -0.26795224692043285 -0.22460622282893189 -0.79605668760085035 0 0 0 0.30188704486830431 18 1865 3 1009
2247 -0.2422048174215958 -0.28427975075977069 -0.97254847651524012 0 0 0 0.34581640962408067 18 2694 3 1032
2248 -0.18690213231067068 -0.29648365411637534 -1.1109529451977778 0 0 0 0.8096591374789639 3 1072 5 1778
2249 -0.14589523629707399 -0.72426019687662557 -0.84583413895026438 0 0 0 2.4069039917352626 7 4377 3 1692
2250 -0.17101343125589777 -0.30817785318672186 -1.2353085452109653 0 0 0 0.67673612874610034 7 2514 3 1910
2251 0.10628719457254421 -0.15368882508928139 -0.86150451775042702 0 0 0 1.7046971112668903 3 1915 8 4211
2252 0.10123329300503404 -0.44647443266263226 -0.75974914277773076 0 0 0 1.5181341551222045 7 4540 3 2069
2253 0.13633503906698216 -0.30026175477286937 -0.73279034596957349 0 0 0 0.3761047083876975 2 2548 19 6540
2254 0.088682972565268497 -0.3152155540535494 -0.8301212462599481 0 0 0 2.3675173637069546 7 12852 3 2591
2255 -0.089441643894281303 -0.49057991805304774 -0.84216369609466279 0 0 0 1.9999368683262775 4 2030 3 3154
2256 0.19451147599810326 -0.28875663093531995 -0.8104921582920861 0 0 0 2.5524902625209904 2 3445 3 6132
2258 0.0906359207124946 -0.26932657512871078 -0.82027205867867004 0 0 0 0.94666155144195607 16 92 8 112
2259 -0.074674339645893567 -0.69257678125704647 -0.83111765225042156 0 0 0 0.27916166552874211 7 341 8 159
2260 0.025751786515702202 -0.31994570759575858 -0.73566283135389654 0 0 0 0.4690391793501798 16 203 8 228
2262 0.070145998798660736 -0.28159460200087921 -0.78106304864740328 0 0 0 2.1993807614954166 16 500 8 312
2264 -0.016002663577892345 -0.865801432606363 -0.81041924005811361 0 0 0 0.83015709910753899 7 539 8 463 2 403
2265 0.1291070409435604 -0.22096765673775531 -0.84856567048715426 0 0 0 1.8636249744864326 16 465 17 573 9 461
2266 -0.14837392502093436 0.02395846550956534 -1.1297522065321506 0 0 0 1.2904774849051337 8 581 10 515
2267 0.1352329634103985 -0.85393056827380365 -0.73898961979608502 0 0 0 1.7132149505589904 16 844 8 662 10 1597
2268 0.46256637791838418 -0.80008637192591725 -1.0142743123351552 0 0 0 0.89784615397284484 4 683 18 744
2269 0.18630136433382394 -0.80785134372969147 -0.76422569479235913 0 0 0 1.434431061894669 8 757 20 564
2270 0.26681746625421754 -0.84025860632903848 -1.035468531745358 0 0 0 1.2822039592044885 19 1224 8 762 10 1440
2271 0.20410523038883294 -0.82693605546226467 -0.78801013708952561 0 0 0 0.011279058314614451 16 830 10 1444
2272 0.097271572698327577 -0.69974758464840625 -0.76180039302790381 0 0 0 1.4602021260975 2 610 7 1235 10 2279
2276 0.19778799170943628 -0.18056027817388975 -0.90770347744049129 0 0 0 0.75037144108660403 16 1130 8 857
2278 -0.19917504771344616 -0.15194969579922873 -0.98197564916367064 0 0 0 2.5402261484485762 19 2636 8 976 17 2115
2279 -0.19702283165091397 -0.15116148948443536 -0.97988479160959807 0 0 0 1.8534433305676943 2 740 4 1466 8 977 17 2113
2280 -0.14063818338313264 -0.86850989735258999 -0.59131858518115621 0 0 0 1.3978567900822323 19 1171 8 978 20 2122 11 1000
2281 0.15768949843182656 -0.17183969168333776 -0.88672747121352757 0 0 0 2.6528558011684913 16 1598 18 1308
2282 0.12250722172314424 -0.84126184946433735 -0.74215106783307427 0 0 0 0.74940617645354535 16 854 8 1216
2283 0.50925101404445106 -0.82678407570801471 -1.0413783177499911 0 0 0 0.44395801378311928 16 1266 8 1219
2284 -0.2765002392346716 -0.87720810583216946 -0.66212002238634171 0 0 0 0.79212838813790398 16 969 8 1249
2285 -0.14119225270956234 -0.80646172893062906 -0.81669739989700552 0 0 0 0.022309120878375562 1 280 19 427
2286 -0.038617703183610214 -0.87241154409836641 -0.79301142335648156 0 0 0 0.79183552231492116 5 785 8 1297
2287 0.41777906592899028 -0.84814231948240959 -1.0674992839570709 0 0 0 1.392548088430636 1 1365 16 1167 18 1494
2288 0.26383328348052698 -0.70678093333167857 -1.0665657049219681 0 0 0 0.52363877335811337 2 1380 8 1455
2289 0.49389065625574435 -0.81756182126052002 -1.0563579188951477 0 0 0 1.565918702975736 16 2587 8 1461 10 3077
2290 0.49386563146559181 -0.82044502739033698 -1.058649491568072 0 0 0 2.2855664451012698 16 2588 8 1462 10 3078 20 1385
2292 0.50773781838288345 -0.8436131066366912 -0.84916186773834323 0 0 0 0.10882347089437697 16 1480 8 1567
2293 0.052847886661016502 -0.29112435140153736 -0.77978252024666972 0 0 0 0.59907164503274313 18 1982 19 1710
2294 0.2452468829044662 -0.85636287973452641 -0.76533883545153669 0 0 0 2.7685108593077628 16 1414 8 1647 10 3879 20 2111
2295 0.20845399685065782 -0.85010649529705984 -0.78180579312913312 0 0 0 1.770433025490459 16 5131 8 1649 10 5844 17 655
2296 0.090645454765822406 -0.26797173128267909 -0.80860470407038232 0 0 0 0.72513484687857321 16 1642 10 1909
2297 0.14671898705306427 -0.27787456835268964 -0.82495282831442096 0 0 0 1.4556934336611389 16 1635 17 3098 10 1937
2298 0.12094632167882299 -0.19546246466921613 -0.85781474122765822 0 0 0 2.3002893873737897 2 3291 8 1847
2299 0.14323599201782961 -0.16782661004327648 -0.89450254411094554 0 0 0 1.5381439927241518 16 2672 8 1855 17 1101
2300 0.19727048766839367 -0.17357876646505876 -0.90718471564665171 0 0 0 1.2909354232354391 16 2660 10 2714 17 1847
2301 -0.19933037434778675 -0.12854174095665383 -0.98638839762267483 0 0 0 0.86590926899004683 19 2438 1 1849 20 2674 11 2299
2302 -0.194603223638426 -0.16862200832251226 -1.0086918347257852 0 0 0 0.58362205956255919 2 3063 8 1974
2303 0.67392263264016583 -0.84283247609800438 -0.82189446442411929 0 0 0 0.31166958435047298 5 2470 8 2054
2305 0.5441092626229147 -0.84363012859478226 -0.65590343422525277 0 0 0 0.43057384555096095 16 3104 8 2383 5 4111
2307 0.13777927916712557 -0.18361039216666877 -0.87470168768174017 0 0 0 0.025405334159794311 18 2379 8 2654
2308 0.17422986609141647 -0.19893978524436401 -0.88279410869739117 0 0 0 2.0113756672023215 16 2668 8 2660 10 2094 17 1840 9 1978
2309 -0.2065580113650243 -0.29799155845794106 -1.0288690721408231 0 0 0 0.51890614454893336 2 1700 8 2716
2310 0.18123832299069384 -0.28724285607905631 -0.78777255961316017 0 0 0 1.9709028155767414 19 9925 8 2813 10 5065 2 6268 17 5994
2311 -0.32658602414287174 -0.51712351699458181 -0.85123693012412738 0 0 0 0.56449899561037498 5 2244 8 2883
2312 0.62874359640014388 -0.63355360477319445 -1.0182853473177735 0 0 0 0.55278853942628159 5 7254 16 12021 8 3008
2313 0.63657182398559597 -0.62045075102342118 -1.0143493778473518 0 0 0 2.5914271774491318 19 2859 8 3013
2314 0.19773289849985012 -0.8525659425548715 -0.82049158256266219 0 0 0 1.8052538156314175 8 3060 10 5276
2315 -0.20941758512862432 -0.86956478968716144 -0.72685116605222455 0 0 0 1.2320001735432993 19 3274 8 3090 17 4685
2317 -0.25061629009771325 -0.87175315592528047 -0.73703910314683241 0 0 0 1.6112668720828656 16 2955 8 3108 10 3179 20 4335 17 3423
2318 -0.24756921009770175 -0.87455482473489665 -0.65269763114700019 0 0 0 2.5252368524679123 2 1960 19 3286 20 1774
2320 -0.3033592287878939 -0.86674674274923436 -0.67712081164761329 0 0 0 0.42041281895358895 16 1774 8 3127
2321 0.62312004447143821 -0.83958223427443524 -0.9319673110719493 0 0 0 2.5269206489939413 5 3750 8 3176 10 3592
2323 0.22475814048006643 -0.856966535215818 -0.767418726051317 0 0 0 1.6157831851419202 16 2067 20 3869 19 4113
2324 0.2374213980313592 -0.85770343634621593 -0.73719369841786175 0 0 0 1.9421197505190981 19 4108 8 3301 10 5851
2325 -0.20154091588109443 -0.1406635018487245 -0.98237619974467094 0 0 0 1.0490570876404799 2 3069 19 7161 1 10085 16 5879 10 7762 11 6548 20 7003 17 4302 9 2243
2326 0.13883092289600565 -0.86234807483989262 -0.73495890691348875 0 0 0 1.2009821886481837 19 3166 8 3847
2327 -0.21111024362628253 -0.32739572626167457 -1.0047051640794624 0 0 0 2.9436884994834718 18 6091 19 2687 8 4169
2328 0.13051818387541808 -0.16648164687109746 -0.86982075916382517 0 0 0 0.99707760099548193 16 6177 10 7966
2329 0.10725191814604089 -0.21814424343770306 -0.83312960392369328 0 0 0 1.7528316810177269 16 4301 8 4216 17 1810
2330 -0.072079808945199553 -0.4824447444136068 -0.8286928574044794 0 0 0 2.0273685302127959 4 7029 8 4542 10 11319
2331 -0.33926523076093495 -0.87108973504407206 -0.77849870980804159 0 0 0 2.5028755358921546 16 3160 8 4819 10 5217
2332 -0.2599338221936246 -0.86822694245934917 -0.71164527413824508 0 0 0 1.389607807922083 16 1849 8 4838 10 3178
2333 0.14874909708553616 -0.81004763602258656 -0.7518541948274029 0 0 0 0.8049806440979328 18 1660 19 1497
2334 0.34578475688484056 -0.85298666554958014 -1.0279232939050829 0 0 0 1.6369056654027516 1 13121 10 9106 11 9502 17 3678
2335 -0.32778221572012312 -0.87648646346861447 -0.74487601674113035 0 0 0 1.0124015487779539 7 6962 8 5018
2336 -0.31018737145765363 -0.86956333698363331 -0.76352328905146449 0 0 0 2.501926615346723 1 2242 8 5046 10 8911 19 6953 17 5358
2337 -0.25149190426432377 -0.87078251984075927 -0.72624113322860784 0 0 0 1.867856003712326 16 4756 8 5077 11 6207 17 6242 19 6894 20 7523
2339 0.49565009456647102 -0.83711765810600136 -1.0537930596399532 0 0 0 0.71517256133635332 16 10377 8 5286 20 4548
2340 0.40515640561456645 -0.76015514081528024 -1.084921376246518 0 0 0 1.8933051739576243 16 8299 8 5288 17 6736
2341 0.55925026945465772 -0.81113205516773834 -1.0436081731092151 0 0 0 0.25928706128324508 3 3732 12 971
2343 -0.20293932995922973 -0.73501298636774903 -0.81081521271381596 0 0 0 1.9985288716135683 2 2434 8 5658 10 8984
2344 0.54408463470338564 -0.84896935313449173 -0.85860580485831539 0 0 0 0.37158767086233807 1 3017 8 5927 10 7735
2345 -0.48366512678417906 -0.70870277830148276 -0.89754343290660432 0 0 0 0.99517484728741668 18 7514 8 5993 20 5744
2346 0.025264696687532257 -0.31795674084760339 -0.73237686164540039 0 0 0 1.7802229208732288 2 2524 16 7610 8 6058
2348 0.019394698319295939 -0.86615604153455417 -0.67517722881324027 0 0 0 2.1338179215011959 2 4618 16 9596 8 6313
2349 -0.19771319058809042 -0.1217096730434081 -0.98150465257921238 0 0 0 0.91602565112859691 3 5648 8 6907
2351 0.50959163708373612 -0.8534512130507923 -0.67046514471808738 0 0 0 0.56957995191861976 16 11452 10 6263
2352 -0.40532194380088937 -0.87409852500342877 -0.89552790123845227 0 0 0 0.9607847298974127 2 4732 18 7068 8 7156 10 10852
2353 -0.19911440236400987 -0.13890558305134673 -0.99610254698613332 0 0 0 0.67661935389475136 2 7091 8 7468 17 6989
2354 -0.19848689692598334 -0.13884405013139609 -0.99537576085232748 0 0 0 1.5571962659240606 2 7090 8 7469 10 10503 17 6987
2355 0.54055746693114515 -0.82913998676474976 -1.0470505872537537 0 0 0 0.9692054817243716 8 7514 11 4301
2356 0.54616151601870433 -0.85515277350960472 -1.03956170472784 0 0 0 0.35703064914863181 2 9954 8 7531
2357 0.52144605624246321 -0.84419889365157386 -1.0204324154248186 0 0 0 1.2805386339198861 8 7560 12 3324 20 10824
2358 -0.34622345427335954 -0.87525394683651436 -0.75335669749538869 0 0 0 1.8824912759622983 2 3921 8 7655 9 11255
2359 0.22630637654002184 -0.85755733241728072 -0.7691588561320315 0 0 0 0.82026402399293352 8 7814 17 8428
2360 0.25652658109636584 -0.8560730839723194 -0.74737923358614777 0 0 0 1.5992799865557348 16 8534 19 9077 8 7819 10 10650 12 2014
2361 0.23858510746596243 -0.85843613374554195 -0.74853832421797373 0 0 0 2.22700609380676 18 7258 8 7820
2362 0.10732634179346714 -0.15718773281730086 -0.8597943056720887 0 0 0 1.6616557171620414 16 6181 8 8616 10 9553
2363 -0.26589977956903954 -0.66895999106154047 -0.82657102224648527 0 0 0 0.13067034147496329 2 5260 8 8760
2364 0.019121923130284865 -0.31869793182733408 -0.73505019105161229 0 0 0 2.1566118705563837 2 5763 8 9507
2365 -0.12696115335455396 -0.8654973392508396 -0.79700474033616975 0 0 0 1.2635679156685842 8 11206 15 9820 5 13294
2372 -0.20670276764776926 -0.12996863765051142 -0.95942382202089482 0 0 0 1.897556214865163 4 11508 17 7353 9 8982
2373 -0.20448019734959047 -0.13934102176856081 -0.9793645736097587 0 0 0 0.71547844647679149 8 12381 17 9147 9 6764 10 10500
2374 0.25193032276264482 -0.85655616190424144 -0.9126213722991865 0 0 0 2.6661481167760219 8 13193 17 7692 20 9873 2 7306
2375 0.54737777187359871 -0.80803052242029438 -1.040169226503459 0 0 0 0.59291698141596139 2 9977 8 13247
2376 0.090303815848901292 -0.27050253973014576 -0.82363765104864406 0 0 0 2.0577775263335636 16 94 18 78 7 73 2 50
2377 0.68509516492499389 -0.83563955764736009 -0.87672039423800796 0 0 0 1.1089651249386565 7 214 8 104
2378 0.59097099589481761 -0.84439671120516446 -0.90895158343415416 0 0 0 2.1442261838098853 19 355 8 255
2379 0.53864234333067262 -0.84419296027558244 -1.0613946987199059 0 0 0 0.49361897352716405 1 338 19 544
2380 0.11046602677267933 -0.81650293512654182 -0.77116216693136241 0 0 0 1.5104903743963745 2 337 7 353
2381 0.1720873094113799 -0.77863633440165692 -0.71150522147873407 0 0 0 1.9503990208008464 16 837 8 675
2382 -0.31245406495305716 -0.86961114269242845 -0.776349821997111 0 0 0 1.2420808679856843 19 616 11 774 20 997
2383 -0.21674040860708607 -0.18404382136769382 -0.94392576301710607 0 0 0 0.13733594128541488 16 1995 8 1365
2384 0.55413826085737783 -0.85342735821296722 -0.72483427915669907 0 0 0 0.74662417322220931 7 4725 8 1573
2385 0.053743486689976486 -0.28329099386301465 -0.78029061984140902 0 0 0 0.034373924048878721 2 985 17 1776
2386 0.18403936853537034 -0.26223883851409568 -0.86058239820705107 0 0 0 2.7300046469869566 18 2516 8 1848
2387 0.62882373527446522 -0.63341805420029273 -1.0181619824791444 0 0 0 0.34958481698931765 5 7255 8 3009
2388 -0.32232050261835188 -0.60490097351720684 -0.85918470149768189 0 0 0 0.49536265876915392 2 2450 8 4561
2389 -0.013163255586488093 -0.86469362359852808 -0.74940041371256316 0 0 0 1.8432490964016779 5 10434 8 5170 13 6454
2390 -0.34654745153955924 -0.72246482409515234 -0.87306497430712948 0 0 0 0.64865410501711951 18 7543 8 5639
2392 -0.25602329721484429 -0.86472272975693332 -0.63990103991917358 0 0 0 2.2813589402764567 2 4964 8 7229 10 12111
2395 0.539787565732467 -0.84609987871654502 -1.0418496547265224 0 0 0 0.64433016024596645 2 9873 8 12092
2397 -0.19063955873989522 -0.15980380354545007 -1.022729561531726 0 0 0 1.5262482464096578 8 2542 10 7268 20 7000 17 2787 9 2765
2398 -0.1985584944532385 -0.14191706176946797 -0.98963617079140254 0 0 0 1.5331522568368812 16 10005 7 9239 1 6178 19 11861 18 11562 10 7528 11 6115 20 9984 17 6986 9 4189
2399 0.27009403563659007 -0.74606667830183904 -1.0817082363577046 0 0 0 0.68710324684523827 10 124 17 54
2400 0.60880008934859808 -0.85407039588766742 -0.95325568183227527 0 0 0 1.0537909152456399 2 198 10 239
2402 0.52962347570710422 -0.82996398362967283 -1.0437808929048402 0 0 0 1.3228542570259805 8 353 10 284
2403 0.21931828870455194 -0.85071512061036025 -0.80036909322536642 0 0 0 1.2919422266380693 11 164 20 84
2404 0.24584658746889909 -0.85000508066036473 -0.92518212927679522 0 0 0 0.75502271739977722 10 345 9 194
2405 0.15715158105558524 -0.27634003846545929 -0.86423200734634564 0 0 0 1.0668523186413619 8 480 10 380
2406 0.071152816147862424 -0.86636711395534149 -0.74299533914044169 0 0 0 0.83845970594426311 16 165 10 545
2407 -0.16876349720932557 -0.84761690020115843 -0.83339917358514315 0 0 0 0.79168487792012943 8 476 10 738
2410 0.16120492865822206 -0.21008668907399325 -0.87524624194765299 0 0 0 1.4501700208532893 8 830 10 861 17 759 9 1082
2411 0.16113475651633777 -0.20981322718282502 -0.87515606175267635 0 0 0 0.71101580159317723 8 831 10 863 17 761
2412 -0.21923459721907698 -0.24626846317136292 -0.90874046225747929 0 0 0 0.40193899728716298 2 1045 10 1162
2413 0.20119749419678079 -0.86071311121827021 -0.72817889660389334 0 0 0 1.1810858324974363 19 1449 10 1223 20 1073
2414 0.53890850991876338 -0.85219519271187205 -0.65677707916543449 0 0 0 2.166994603621573 16 1498 10 1271
2415 0.61408940199788331 -0.85067427680134267 -0.75205444581109337 0 0 0 0.4053992777582367 16 1095 10 1287
2418 0.26614255791819524 -0.85045787599699629 -1.0410175399301453 0 0 0 0.68757986742509636 10 1439 17 430
2420 0.2254365863426015 -0.86153058978641206 -0.6756925803363405 0 0 0 0.51124174891136076 19 3157 10 1625
2421 0.53574877842132362 -0.84470353409040522 -0.84824286479247157 0 0 0 1.6036138020669437 4 1075 5 3765 8 1054
2422 0.14376968584366473 -0.16091202485409578 -0.8864755192772078 0 0 0 0.61518975346362259 10 1942 9 1098
2423 0.12910209764862945 -0.14877785963429863 -0.88096155732970383 0 0 0 1.5448165268181622 16 2804 10 1953 17 1232
2424 0.12922886071532402 -0.14856947005333851 -0.88052861487361644 0 0 0 1.3085492052150969 16 2805 10 1968 17 1229 9 1112
2426 -0.014793813007062617 -0.28088689723574245 -0.83903316039814957 0 0 0 0.18785015537584077 2 1002 10 2211
2427 -0.29982269199574407 -0.87113103208617226 -0.76293682969141297 0 0 0 1.2454581613651723 8 1445 16 1840 11 1722
2428 -0.15158802449566153 -0.86352073707730659 -0.81240873989378781 0 0 0 0.80540588497959031 16 593 10 2236
2429 -0.087581501228382375 -0.67850132034089339 -0.82236381449375173 0 0 0 2.6133569418532083 7 1923 8 1406
2430 -0.20369309696869378 -0.12607282381353307 -0.97962113850919241 0 0 0 1.1315643176001047 8 1842 10 2355 11 5186 17 2243 9 1209
2431 -0.2038850324831358 -0.12645093821004774 -0.98009699178118947 0 0 0 1.8036404517212414 19 3672 10 2356 17 2242 8 1900
2432 -0.19618282314367394 -0.12443785917523159 -0.97783412570684214 0 0 0 2.0339561565372883 2 1046 4 1470
2433 0.19643475903805571 -0.22760693387964714 -0.88591782990396339 0 0 0 2.1374778518038746 8 2649 16 2344 10 2711
2436 -0.22227694560431596 -0.29179319918666569 -1.0578076494739936 0 0 0 0.4056234983229895 2 3358 8 4275
2438 -0.49862567828769899 -0.87684679704621304 -0.81441235652920718 0 0 0 1.4588981903552896 5 3686 10 2994 17 3310
2439 0.55574100476198773 -0.81585060437951884 -1.0440207439340552 0 0 0 1.0926003774621098 3 1422 7 3022 10 3034 11 1817
2440 0.53912194715979822 -0.80110304319954917 -1.0448300002753166 0 0 0 1.3495252292801447 2 4762 10 3060 17 2551
2441 0.22661260057419291 -0.85425681833001055 -0.93120570633842337 0 0 0 1.9539680434747286 16 2605 19 2966 10 3107
2444 0.63154454096613055 -0.84539012532688207 -0.95454973593259762 0 0 0 0.32637904293327069 19 5124 10 3545
2445 0.47749573649022437 -0.85687361722525845 -0.67818060694564597 0 0 0 2.1411392514476284 16 3083 10 3733 15 3634
2446 0.21142876847840164 -0.85817519741198534 -0.77741146518071003 0 0 0 2.1546082175069357 10 3889 20 3862
2451 -0.21395456824188494 -0.14435969445177163 -0.94283336601605328 0 0 0 0.95418284297913603 16 6529 10 4664 19 11872
2453 -0.19017949555938282 -0.17084685538411512 -1.0244213184517938 0 0 0 1.0736838401904318 10 4766 17 2794 20 5024 9 2752
2454 -0.18910899875851631 -0.1696864740561711 -1.023464852532713 0 0 0 1.9159895640269113 16 6504 10 4768 9 2753
2455 -0.21615680409396396 -0.36025092025104338 -0.98277311199951378 0 0 0 1.1417132672966877 16 7701 10 4954
2457 -0.44626641865294914 -0.71481162065934756 -0.88662494413659299 0 0 0 1.5977632011785849 3 1328 10 5139
2459 0.500603305401778 -0.85688062210798321 -1.0499720800955752 0 0 0 3.5086022488108641 4 8348 10 5255
2460 -0.32988974337366017 -0.87312285709535664 -0.686374754405912 0 0 0 0.26437044848214453 16 3522 20 2909
2461 -0.41665109244423537 -0.87853291711478954 -0.78529333014216673 0 0 0 1.2177314227324867 8 4754 10 5453 17 5356
2463 -0.3672538477116587 -0.87311773782799351 -0.59590828756554615 0 0 0 1.1414987664598006 7 4144 10 5474 9 4531
2465 0.50222897808213995 -0.85280948337527884 -0.72203150667060778 0 0 0 1.2900659418590286 5 5314 10 5715 15 8187
2466 0.20777288550768516 -0.85074861206630548 -0.78258446623724143 0 0 0 2.3286837601685431 8 1650 10 5843 17 652 9 830
2467 0.2037686884336482 -0.82464307625319022 -0.75973571220500147 0 0 0 0.67991649057219739 8 1674 10 5852
2468 -0.29611395446592981 -0.87219887222788373 -0.59749989844827223 0 0 0 1.014332089611744 16 5544 18 4209 10 6015
2471 -0.19342457083954959 -0.16547736514952441 -1.0086850924476456 0 0 0 2.257152824992875 16 6525 10 7554 17 2788
2472 0.23299500998399739 -0.85950801115811859 -0.76529555673598626 0 0 0 0.28498401282259089 16 5120 10 7560
2473 0.2327512739695255 -0.85870253125821838 -0.76499370356675311 0 0 0 1.6347154595791153 19 6334 10 7562 11 6579 20 6906
2474 0.54010558607966919 -0.79168787204883162 -1.0320155686822616 0 0 0 2.4747116274148206 1 2913 4 3604
2475 0.26426024808352289 -0.51591192483415704 -1.0446914004397032 0 0 0 0.56309757690584328 8 8900 10 8439
2476 0.13922111751161886 -0.29086050305096978 -0.77489717264672286 0 0 0 0.54389399503008307 2 3476 10 8507
2477 0.062444915868241177 -0.31688452919922211 -0.72799754523284854 0 0 0 0.79175627828952955 8 4532 17 5930
2478 -0.41426494066811503 -0.87184478888106098 -0.89347543128575824 0 0 0 0.30941443836842386 5 4701 10 8618
2480 -0.45074205402552081 -0.87175700122936228 -0.6226796502695261 0 0 0 1.635190717124076 7 3484 18 4293 10 8797
2481 -0.35174880905287409 -0.87223364565000772 -0.58430999072238121 0 0 0 0.93785224218576313 7 6339 10 8822
2482 -0.25688454501710722 -0.87211814532340881 -0.7429040888494719 0 0 0 2.027829705475368 16 7436 10 8930 17 6229
2483 -0.25688454501710722 -0.87211814532340881 -0.7429040888494719 0 0 0 2.027829705475368 16 7437 10 8931 17 6228
2484 -0.25258111733369759 -0.87109792438269285 -0.73114045042339071 0 0 0 0.62232800529548138 8 4988 10 8950 17 6240
2485 -0.089617050284013816 -0.69326657792207702 -0.80571387060334954 0 0 0 0.23900476352659961 18 3940 10 9015
2486 -0.11620011655203119 -0.87312541851479253 -0.80534787999711899 0 0 0 1.6649777702723603 8 7055 16 4710 10 9017
2487 0.52892145700795656 -0.84614371000276933 -0.97033219463272324 0 0 0 0.016021053925628796 2 5396 10 9119
2488 0.53915311643421981 -0.83699228438369411 -1.0382202496572177 0 0 0 0.06241896718184313 2 9735 12 5559
2489 -0.20608553510945174 -0.13035037204288896 -0.96265814332965705 0 0 0 0.26855479621494499 10 9316 11 12115
2490 -0.20608553510945174 -0.13035037204288896 -0.96265814332965705 0 0 0 0.26855479621494499 10 9317 11 12114
2491 0.021164367159350994 -0.23901313540426999 -0.87326548120903547 0 0 0 0.63276024776160089 19 10663 10 9623
2492 -0.18967736115897152 -0.3622070870386585 -1.0679099836840025 0 0 0 2.0047017821861988 4 9693 16 10881 10 10374
2493 0.13574844102026895 -0.14728426646164294 -0.88534482428763339 0 0 0 2.0535838419902799 10 10428 17 4940 9 2351
2494 -0.19756208531225469 -0.13884018251785335 -0.99486026285983331 0 0 0 1.3268641858716763 8 7471 10 10504 17 6988 9 6779
2495 -0.19841022792728744 -0.14391154172976189 -0.99675671713899749 0 0 0 0.88806943469498201 2 7979 10 10518 9 8992
2498 0.0057148150160083871 -0.21005730546434537 -0.8854183779194631 0 0 0 2.0559387311334389 1 7221 16 8764 10 10947
2499 0.077717081752901679 -0.29364861576777856 -0.76953566694467179 0 0 0 1.9922674774744844 2 1811 10 11360
2500 -0.43514458530302136 -0.87441787818843708 -0.62244857737252768 0 0 0 1.5760232009659318 7 6264 18 9642 10 12067
2501 -0.14280742467793597 0.036776634044891753 -1.1201561731514027 0 0 0 0.91136033691631457 10 12335 17 6407
2502 0.53787571765940867 -0.83999345053202723 -1.0318768273176124 0 0 0 1.5814028114345806 2 9604 8 7429 10 12421 17 6627 9 6428
2503 -0.45568360614862813 -0.56428664320917554 -0.89401604309457605 0 0 0 1.950531006956941 18 9750 10 12480
2505 -0.32248096248859848 -0.87169016697692947 -0.79405957193734733 0 0 0 1.8296955386812053 2 1957 1 1575 10 5407 16 3156 19 3297 20 4325 17 3288
2506 -0.4233780871931736 -0.87613728519891554 -0.80549842736455224 0 0 0 1.9908462892286616 8 2994 18 5218 16 4819 7 5754 10 5463 17 5179
2507 -0.012719145177246177 -0.86565235699458087 -0.74197103473465953 0 0 0 1.2652963829620318 2 5557 1 5277 10 9027 5 10407 16 9169 8 5166 11 6421 17 6173 12 4148
2508 0.17057958204568285 -0.80092007400291299 -0.72672291279156953 0 0 0 1.7512120503891002 2 1163 10 3907 5 1028 18 733 7 1014
2509 -0.46895484027218082 -0.87355489820117649 -0.90363997160065379 0 0 0 1.7829672797492226 10 2980 16 3177 18 2834 7 3771 8 1475 11 2693 5 2668
2510 -0.20899728251886382 -0.13660640395678067 -0.95885952752697357 0 0 0 1.6221693413171283 8 2568 19 7633 16 3979 2 2067 10 2810 17 2799 9 1516
2512 -0.031476782698710237 -0.26899068156827005 -0.8491851323785784 0 0 0 1.8543174490006624 16 1682 3 1099 10 1841 18 2590 7 3051
2513 0.34754654329507112 -0.83419203366705053 -1.0239332299868704 0 0 0 1.9771338290872968 7 70 10 70
2514 0.29448123398634252 -0.85189270905639414 -0.84812936320968269 0 0 0 0.82835798794887794 8 153 10 251
2515 0.13721128778711711 -0.16049049126210777 -1.080634736182738 0 0 0 0.45572104033926797 4 245 5 314
2516 0.10437645748380338 -0.20099524753499953 -0.84873645798733 0 0 0 3.2654993359143325 7 1451 10 842
2517 0.15658068672047212 -0.22484251593938398 -0.86019095427388903 0 0 0 2.3875459209415677 8 829 10 1382
2518 0.46220256547681904 -0.84681450561830274 -1.045261664877956 0 0 0 2.0457396126987466 1 1355 10 1432
2519 0.33263725403239497 -0.84012150000016139 -1.088326801123511 0 0 0 0.51911298813798601 8 765 10 1438
2520 0.54963643521667604 -0.8539546683379784 -0.61570448180202519 0 0 0 2.1448342693729812 16 3556 10 1741
2521 -0.14056569164433272 0.035185051202650655 -1.133551561740848 0 0 0 1.9832615723863449 8 3422 10 3371 17 2581
2522 0.47267768927744835 -0.70309132854313683 -0.99909320372882582 0 0 0 3.1617842061203616 4 2255 18 4371
2523 -0.29168875897761681 -0.8701100348269748 -0.67920676142763248 0 0 0 0.81952413060124618 8 3120 10 5434
2524 -0.15488621113303733 -0.86584233013982947 -0.64170884694463948 0 0 0 1.5954058740709236 16 5465 11 6263 17 4658
2528 -0.34303100090045013 -0.87593692647316423 -0.58198143078348374 0 0 0 2.1495365798312895 18 6246 10 9714
2529 -0.4460517949063677 -0.8760942507764975 -0.8141305215893484 0 0 0 0.67286205468360305 8 5582 20 8717
2531 0.58711947958587551 -0.8451428048642935 -1.0186026656213381 0 0 0 0.88790808868752813 8 12063 10 12450
2532 -0.27157043853672658 -0.7029446784937663 -0.833719935207067 0 0 0 2.6454405680831821 4 406 3 505 2 1406 8 5650
2533 0.35345191528437103 -0.66844363432436071 -1.1648636652847872 0 0 0 1.176535512071438 16 3 11 3
2538 0.39978625500692477 -0.87397201553854664 -0.82158096793125757 0 0 0 2.2882564936323364 1 102 19 143
2539 -0.065789140634034182 -0.87351645893731233 -0.81935474965644906 0 0 0 0.37325845425778431 1 127 11 125 20 103
2540 0.07167322768105365 -0.85269423243133158 -0.76750024862451882 0 0 0 0.87040407176909618 19 125 20 165
2541 0.3440881655027066 -0.39237350606285615 -1.1002838642979051 0 0 0 0.32685461223660922 10 101 16 119 11 166
2542 0.27182051434001447 -0.50852099870657597 -1.0634243772260119 0 0 0 1.6837471088821319 16 185 11 254 20 286
2544 -0.34967268907265059 -0.87589652508050331 -0.81111911450461438 0 0 0 1.3094820271134724 19 339 11 330 20 399
2545 0.15620213781805156 -0.8603323458120633 -0.74318402551643858 0 0 0 2.8086237978536293 19 400 20 375
2548 0.010425581307100362 -0.8526854618140618 -0.74143762865803475 0 0 0 1.6770443553480756 19 415 11 416 20 584
2549 -0.046096379143853894 -0.86370740205350693 -0.81885603373382065 0 0 0 1.4296744486701602 19 413 11 417 20 574
2551 -0.31769771682378711 -0.66933573791608869 -0.85512583768712891 0 0 0 1.192128473402319 19 661 20 989
2552 0.10270833433456784 -0.21362678008466141 -0.82606902203942267 0 0 0 2.265250815880695 19 1063 11 594 20 780
2554 0.14497622035100213 -0.16959576379873759 -0.88028373172868735 0 0 0 1.9498085219922412 19 792 11 610 20 783
2555 0.15444721739179745 -0.13616348830895553 -0.9098107325985767 0 0 0 1.0892587332904775 19 926 11 744 20 441
2557 -0.31245406495305716 -0.86961114269242845 -0.776349821997111 0 0 0 1.2420808679856843 19 820 11 772 20 996
2559 -0.28164812216032731 -0.87792056955584052 -0.66636294884364244 0 0 0 1.489790104875361 19 1202 11 979 20 1312
2560 -0.28164812216032731 -0.87792056955584052 -0.66636294884364244 0 0 0 1.489790104875361 19 1204 11 980 20 1311
2561 -0.24974308291209399 -0.86981426239760573 -0.70570442659866517 0 0 0 1.924434688902388 19 1176 11 994 20 1335
2562 0.02475154074240217 -0.19090313176445572 -0.90136524318920941 0 0 0 0.71164347874048006 1 794 11 1056
2563 0.19059066004171604 -0.81038610598296756 -0.76496375617065704 0 0 0 0.086112135994876576 16 1409 11 1061
2566 0.50755056531512688 -0.8520196235677211 -0.9703022877910159 0 0 0 1.8046367641969518 7 1861 11 1093
2567 0.10336379559130542 -0.19627331660146025 -0.84860391261691737 0 0 0 0.090980386963925394 1 797 11 1131
2570 0.11134081074858529 -0.67379644106958048 -0.76535460527175636 0 0 0 2.2277557151661846 19 683 11 1229 20 1391
2571 -0.045864813212031785 -0.86585764180372937 -0.57460867157779916 0 0 0 1.462736098375131 8 3381 11 1367 20 4084
2572 -0.31921385559388549 -0.87477457517869128 -0.87695575903619916 0 0 0 0.80325564470691724 5 888 11 1737
2573 -0.22512436681915873 -0.6902737396949703 -0.809473377659087 0 0 0 2.4250103264630836 19 1283 11 1756
2574 0.094654844307174038 -0.45411214343430922 -0.7831024177939867 0 0 0 0.44114153817241003 4 2040 11 1776
2575 0.11021267823758481 -0.46607128750580756 -0.75935438098300123 0 0 0 2.7415410173050665 19 1326 11 1781
2576 -0.15229631377516842 -0.86705781417817041 -0.60039809306334579 0 0 0 1.0719037262213278 8 1996 11 1824
2577 -0.20463951960319168 -0.87192319760259229 -0.66519879720239805 0 0 0 1.7126622291200604 19 1806 11 1840 20 2946
2578 -0.24728326984710394 -0.87208725507865048 -0.7527694121624029 0 0 0 0.59470413995498139 19 1807 11 1842 20 1754
2579 -0.1739208834531111 -0.87149189008984895 -0.63861625992088489 0 0 0 1.5736603050195601 16 1712 10 4026 17 1581
2580 0.16386769248066113 -0.19239247660358449 -0.87362583148416051 0 0 0 1.6777873803889634 19 2524 11 1939 20 2036
2581 0.1550322153920197 -0.1844262296692338 -0.88203483119049908 0 0 0 1.0776519594606226 19 2519 20 2045
2582 0.070372754173001692 -0.17922922380845369 -0.88436463569355528 0 0 0 1.4654925459710355 19 956 11 1970
2583 -0.36001956955078485 -0.71758774017737958 -0.86064245938515627 0 0 0 2.1881953690006761 8 5643 19 5255 11 2119
2584 -0.20458690809834965 -0.14630500326906237 -0.95974386603471351 0 0 0 3.054571442331417 4 2973 11 2304
2586 0.097931883238437364 -0.17539716881473047 -0.87290668250082137 0 0 0 1.5814024219465368 1 1447 20 2716
2587 0.043207192887642618 -0.20793732175183671 -0.88833105420554603 0 0 0 1.4773754135934627 1 1942 11 2500 20 4982
2588 -0.10013200325380051 -0.77000568972452443 -0.8113595362476651 0 0 0 0.010520709533983087 2 2421 11 2637
2590 -0.21606614454753528 -0.8387559511999656 -0.79569916517970962 0 0 0 1.7618964894667679 19 5212 11 2658 20 4394
2591 -0.21925573852546473 -0.71919422051706872 -0.8048449007601528 0 0 0 1.2127531311615689 19 5208 11 2660
2592 -0.21925573852546473 -0.71919422051706872 -0.8048449007601528 0 0 0 1.2127531311615689 19 5210 11 2661
2593 -0.21925573852546473 -0.71919422051706872 -0.8048449007601528 0 0 0 1.2127531311615689 19 5211 11 2662
2594 -0.32566039560835425 -0.87072507440602465 -0.82069982279025844 0 0 0 1.0015350326026018 16 4771 11 2681 20 4345
2595 0.52523902165190051 -0.85153983380804243 -0.85614317014531216 0 0 0 1.304701137857972 2 1488 8 2132 10 1743 11 2745
2596 0.026526392726018852 -0.8635348402811116 -0.73868223161574365 0 0 0 0.84224870005085206 5 2130 11 3279 13 2607
2597 -0.093095724188553025 -0.86642500011959345 -0.68713746334657699 0 0 0 1.6675916832385405 16 3436 11 3318 13 1705
2598 -0.12076496667413264 -0.86782033966540784 -0.58870806844247392 0 0 0 1.4039817167474042 11 3332 20 3483 17 4650
2599 -0.18903715728648837 -0.86992267440673055 -0.67530504440633177 0 0 0 0.9702472853076094 8 3118 11 3337 20 4329 13 1205
2600 -0.17140328680742342 -0.86983481334171042 -0.67123993756950484 0 0 0 1.3735563236226909 8 3095 11 3350 20 2954
2601 -0.31906103011692388 -0.87186091676777866 -0.6927639899330873 0 0 0 0.52959450178306433 8 4812 11 3381
2602 -0.29049569157033506 -0.68389944603241193 -0.84300294385227548 0 0 0 1.1070488970178312 19 5483 11 3650 20 12742
2605 -0.31568236508101055 -0.63748293415410417 -0.85637083873984077 0 0 0 1.37600281021042 2 1444 11 4271 16 4507
2606 0.54309038871702398 -0.83368812406093817 -1.0559112692155463 0 0 0 1.4345292520072419 18 4438 11 4300
2609 -0.099651179471757279 -0.74380407151332006 -0.80575068009816708 0 0 0 1.6653794423188768 16 11319 18 9911 11 4342 20 12586
2610 -0.25449446031108458 -0.87351269328000214 -0.82201457242825415 0 0 0 0.48735999440397626 1 1617 11 4375
2611 -0.32900566582959945 -0.86984761805145694 -0.83493162954178768 0 0 0 1.8244827948653777 16 4763 18 5179 11 4385
2612 -0.32718759666690089 -0.87148730209283309 -0.82927330156535217 0 0 0 0.55537693971622359 18 5173 11 4399
2613 -0.32984241433872108 -0.86967791284615181 -0.82944030478396691 0 0 0 1.172466254884541 1 2590 20 4342
2614 -0.072137944681497784 -0.4647775415515753 -0.82766637755581485 0 0 0 0.61191316593581757 10 5117 11 4436 20 3700
2615 0.53435279820128256 -0.84893378672207365 -0.83825671476923858 0 0 0 0.82387079086015136 1 3025 8 3194 11 4684
2616 0.14948085095997438 -0.16714352844870961 -0.89818021534195625 0 0 0 2.08891222222335 19 4340 11 4777 20 9086
2617 0.2609282049202265 -0.85371200687927851 -0.73033134472177741 0 0 0 1.9723844952146496 11 4860 20 4269 19 6302
2618 -0.1359393632076473 -0.86722890257220309 -0.65694710256488487 0 0 0 1.1634283889211863 16 6472 11 5025 14 4211
2619 -0.13044099448844937 -0.87208036471024042 -0.59640907746699434 0 0 0 0.78757261687664271 19 3723 11 5049
2622 0.43640320959061363 -0.85914360987339822 -0.66107430867868433 0 0 0 2.9832864276955595 2 3465 11 5657
2624 0.28443260153874683 -0.51878343554583206 -1.0561840026811229 0 0 0 0.9026931071367269 10 5052 11 6079
2625 -0.27980777594812745 -0.87983815269083232 -0.68117862728820822 0 0 0 3.0818190340457767 19 3853 11 6169 20 9633
2626 -0.14805404944078379 -0.87003509402011425 -0.57641773793589024 0 0 0 2.0254929587020718 19 8107 11 6220 20 6760
2627 -0.14906383778423285 -0.86853682408671951 -0.59317187066371435 0 0 0 0.28365757892541388 16 6425 20 9397
2628 -0.21143687933016722 -0.8707050197203241 -0.73989091178504274 0 0 0 1.2309742534819128 19 6822 11 6275 20 7558
2629 -0.10052986833595878 -0.86679007025364396 -0.65120071904211629 0 0 0 0.66882333679789774 8 7316 11 6305 14 4210
2630 -0.1080778211076 -0.8673977694488173 -0.67694854714516217 0 0 0 1.1612275448644507 8 5102 11 6323 20 7582 13 6452
2631 -0.10148678910401279 -0.86749162884754405 -0.67924906844331812 0 0 0 2.0258493636791202 16 6490 11 6336 17 6234
2632 0.028142554033432271 -0.86476170006273589 -0.74065147130370379 0 0 0 1.0595075655580366 19 9143 11 6450 20 7675
2633 0.18486567303168294 -0.86015351840372789 -0.67562717654877724 0 0 0 1.1299664560731701 10 7512 19 6357 11 6537
2635 0.19134351140922623 -0.8688580941391657 -0.74127436946236092 0 0 0 0.58709266215532074 19 9104 20 4212
2636 0.23288358965420991 -0.85855027455715138 -0.76464024623496263 0 0 0 1.4814125922944428 10 7561 11 6580 20 6908
2637 0.2545029878388349 -0.85755341342184388 -0.75826739415444577 0 0 0 1.5481759524591763 10 7553 11 6582 20 6606 1 10391
2638 0.24774080756601555 -0.85943634290749937 -0.74775499004412893 0 0 0 1.1109976192562703 2 8895 11 6584 15 12164
2639 -0.22219028052578324 -0.72763664835928155 -0.80786358471514186 0 0 0 1.1599791432362103 19 5518 20 2315
2640 -0.20373103119230382 -0.83375798915285304 -0.7945587890671828 0 0 0 1.0533477984076087 19 5525 11 7413 20 7611
2641 -0.20373103119230382 -0.83375798915285304 -0.7945587890671828 0 0 0 1.0533477984076087 19 5524 11 7414 20 7610
2643 -0.1594382428707016 -0.80547979372589196 -0.83074077798137513 0 0 0 1.7001170830157983 16 11322 18 5120
2644 0.11845223400559925 -0.67220943216885831 -0.75345643288119946 0 0 0 0.019403444752284567 3 4252 4 4617
2645 -0.47954201661332452 -0.69083154511695222 -0.90619101597564167 0 0 0 0.085042917508841798 11 7820 20 8567
2646 -0.39512933980884357 -0.7156194510195093 -0.86859569768383449 0 0 0 0.83064698371168699 19 5426 11 7834 20 12941
2648 0.0063456178823580039 -0.20964911519455526 -0.8803232496587341 0 0 0 1.8560631767877898 19 10681 11 8102 20 11129
2649 0.0063456178823580039 -0.20964911519455526 -0.8803232496587341 0 0 0 1.8560631767877898 19 10680 11 8107 20 11130
2650 0.37788049724653261 -0.86171535173493918 -0.81663223352772096 0 0 0 1.6557417427793002 2 5151 16 9344
2651 -0.015630340284283228 -0.8647067596767406 -0.655981724085831 0 0 0 1.9467166680215626 5 9834 11 8564 20 9264 13 9563 15 6680
2652 0.13081510438239211 -0.8059278624686923 -0.74357625805471905 0 0 0 0.66146387807679097 11 8916 20 7685
2653 0.070406755075240468 -0.22948176619996974 -0.88026812590779824 0 0 0 0.94893732376616813 1 7313 19 10732 11 9308
2654 -0.22022332713508333 -0.82895028445108765 -0.80849698237667966 0 0 0 0.29441501623183952 16 10281 11 9463
2655 -0.20993970009898441 -0.82711944170705798 -0.80153097178028387 0 0 0 1.9993155745580256 8 5111 11 9468 20 11447
2657 -0.13952128466065153 0.054016700509535179 -1.159055391603101 0 0 0 2.5845693047486669 19 9728 11 9874 20 12321
2658 -0.12104128764048974 0.11450419843959184 -1.1583348357108676 0 0 0 2.1951085165800088 19 6213 11 9876 20 12326
2660 0.080463962292389446 -0.18159978568946311 -0.88084409805610386 0 0 0 1.2220233591023664 1 6795 11 12244
2661 0.02426549445412364 -0.19570514789875498 -0.90366113229693124 0 0 0 0.17123395017144288 1 6882 11 12266
2662 0.0028547769943964296 -0.19127171769982909 -0.89758624143934207 0 0 0 0.5266272608108975 1 3849 11 12293
2663 0.032802838862034972 -0.20129763237767745 -0.90452215607983155 0 0 0 2.2031720695981396 1 1442 11 2501 5 2977 18 1987 2 1777 16 4154 19 2576
2664 -0.21088042908234547 -0.70921100091573663 -0.80451666718888171 0 0 0 2.438162848682528 7 4421 1 2636 11 4358 10 10854 20 5873
2665 -0.21646910986826515 -0.71189697988795464 -0.80155782584980795 0 0 0 2.1082757192224411 16 11280 7 12070 1 5836 4 4391 11 7419 2 7281
2666 0.24911708153174603 -0.85917443713148445 -0.80573291467294506 0 0 0 1.0055939577801547 2 629 7 1981 19 1069
2667 0.36719710396470606 -0.30010916408383226 -1.1087867370920641 0 0 0 1.0931219481975019 16 4 11 4
2668 0.22435695700917574 -0.20461153827353207 -0.93242702080321505 0 0 0 2.9914280304090388 19 98 11 76
2669 -0.17431379172235403 -0.80876539391187574 -0.85010377861622755 0 0 0 2.1056890756843067 16 160 11 123
2672 0.43815198505308806 -0.85773933875050057 -0.66482256288047892 0 0 0 2.7878807284291698 2 1505 11 3235
2674 -0.15084994300848406 0.073524983944398964 -1.1135304052855326 0 0 0 1.4406089838909188 19 7913 20 6073
2676 0.19539006615483492 -0.8582915965662623 -0.74059353823211316 0 0 0 1.3248553904671736 10 7525 20 4228
2677 0.40998162472271371 -0.86947521509230552 -0.64972880015746282 0 0 0 0.12777779120630037 5 10636 16 7433
2678 0.37592433794245395 -0.85198388632380651 -0.80536779470679165 0 0 0 3.2287887485311391 1 5487 11 8355
2679 0.31518197496679567 -0.80980553659141319 -1.1098378376572384 0 0 0 0.89063088819815539 11 16 20 17
2680 -0.18078936661828318 -0.77060178130218948 -0.81750085604391964 0 0 0 2.7264680980112743 11 17 20 32
2681 0.24483528256683909 -0.86458819464907677 -0.73553824378247445 0 0 0 0.94446995074771467 11 62 19 96 20 86
2682 -0.19371547082483767 -0.85606805687389409 -0.82179853128192337 0 0 0 0.25254983287079552 16 81 20 97
2683 0.24110359494857267 -0.20761905775389633 -0.95399226697856188 0 0 0 2.6074458233366316 11 311 20 147
2684 0.34484949266388043 -0.75955653950385504 -1.1081707170644639 0 0 0 1.4626844706984665 16 436 20 226 12 158
2685 -0.33566699956733659 -0.61597582732345191 -0.86103161315662868 0 0 0 0.91996310270842685 11 180 19 160 20 247
2686 -0.024619226808017897 -0.43878369858996885 -0.82477379391137107 0 0 0 1.187672498131906 11 302 20 264
2687 -0.13898819112231894 -0.86799630547178164 -0.64965009828146125 0 0 0 0.52184945669211313 8 494 20 389 17 490
2688 0.25398482904817055 -0.49756612168448694 -1.0546333685476192 0 0 0 2.3283578062299224 20 409 17 374
2689 -0.32415797665202317 -0.6378543047844516 -0.85112197105894016 0 0 0 1.4475863960441426 11 400 20 508
2690 0.28179658527731755 -0.85815533931753407 -0.77709660843216444 0 0 0 1.0967791726971534 11 832 19 627 20 549
2691 0.20726487549884332 -0.84824833883221307 -0.77463922385951589 0 0 0 1.8950004863786143 11 1068 19 3167 20 571
2692 -0.10142532588584877 -0.86980976770027829 -0.76688550160469315 0 0 0 1.9550781759632903 8 492 11 412 20 581
2693 -0.13552961342611056 -0.87013305557268072 -0.60106855498948275 0 0 0 0.79659239721404129 11 419 19 448 20 606
2694 0.49364838399280686 -0.8392313733023935 -1.0386964074202301 0 0 0 0.050093053649679538 11 714 17 370
2695 0.021337659761933594 -0.12773030311362732 -0.9693009759637059 0 0 0 2.0801379237376918 11 1202 20 778
2696 -0.14779450095689098 0.026466099598043843 -1.1279637408613521 0 0 0 0.32808895160553675 19 1005 20 781
2699 0.27379745257679566 -0.85643593916541239 -0.78485129626133987 0 0 0 1.7934557005761425 8 1169 20 1061 12 500
2700 0.2953892373565149 -0.85522043930070457 -0.77006084700777766 0 0 0 0.43869838764729185 11 1080 20 1065
2701 -0.1995623515754775 -0.14641853377480699 -0.96950677765337745 0 0 0 0.93150677331702902 11 1244 20 1148
2702 0.14628621486256133 -0.12921534444659427 -0.90779766552083552 0 0 0 0.16335746544619012 11 1193 20 1172
2703 0.034457086544939272 -0.23308903050683627 -0.87393759489840872 0 0 0 1.6009028096429425 11 1118 20 1258
2704 0.24648147616735028 -0.86996238597430708 -0.76363898181004219 0 0 0 0.36825016549137979 8 1654 10 3884
2708 -0.14534709329845782 -0.81624371179743949 -0.82337516455638715 0 0 0 0.26890341437397181 11 764 20 1729
2709 -0.25708145723756126 -0.87307002193978467 -0.67353480128529453 0 0 0 1.1693630391456358 11 1154 20 1783
2710 0.12811805302341545 -0.84228965146920332 -0.74728228991066881 0 0 0 0.91729256687070226 11 3255 19 4071 20 1821
2711 0.34912070281006308 -0.85537348267398383 -0.80219242997467943 0 0 0 0.96820961322754595 19 1419 20 2153
2713 -0.20055398355969742 -0.12774218498245596 -0.98810946357996698 0 0 0 1.7215481847688481 11 2298 20 2675 17 1401 8 1968 9 1202
2715 -0.13821631393311903 -0.86595996746048587 -0.66663288666967979 0 0 0 1.5240207587814301 8 1383 11 3357 20 2971
2716 -0.24273552536846235 -0.87344407734627727 -0.81224038112400354 0 0 0 0.75515547349135481 1 2626 20 2983
2717 -0.14576783633643639 -0.86758574843397773 -0.69388600074715345 0 0 0 1.727825245129506 8 3085 11 1825 20 2988 13 1225
2718 -0.10114291747900617 -0.86746218444763867 -0.65622632797625657 0 0 0 1.5499058950252607 8 3101 11 5002 20 2990 14 2847
2719 0.20250407776298354 -0.85837355004777716 -0.74899956337769913 0 0 0 1.2038871084302911 19 8238 20 3898 12 4765
2720 0.20250407776298354 -0.85837355004777716 -0.74899956337769913 0 0 0 1.2038871084302911 19 8237 20 3902 12 4766
2721 -0.32904118425950069 -0.8730441467209844 -0.73971044099121896 0 0 0 1.4630620338435611 11 4414 16 3173 20 4233 17 5175
2722 -0.16475812089906253 -0.86768033112512311 -0.69654433993112219 0 0 0 1.5092420083143654 11 3320 20 4365 13 2392 14 1979
2723 -0.12070009942950086 -0.86675767043841967 -0.65853021466476902 0 0 0 1.7788241846325374 11 5022 20 4367 17 4678 13 4119
2724 0.23087583223737329 -0.85876167025975425 -0.76002986887470803 0 0 0 0.98612805672910664 11 8417 12 1169 8 3278
2728 0.47634528510720453 -0.85045175536917483 -0.68138367167260916 0 0 0 1.2722892162787218 20 4785 16 3091
2729 0.39039092851667812 -0.84380584397056135 -1.0822060084992189 0 0 0 1.395666055347683 16 8285 20 4871 17 3950
2731 -0.19662117814255362 -0.13763362888077676 -0.99887666957252619 0 0 0 0.77496811086510975 11 6503 19 8035 20 4922
2733 -0.20214492010589971 -0.13278964782509581 -0.9826613750877462 0 0 0 1.1199716513442648 11 5188 19 3662 20 5042
2735 -0.081514287254622314 -0.69010286205106919 -0.82325113055660548 0 0 0 1.2852272919325805 19 1130 20 5982 10 788
2737 -0.031024581887302116 -0.86555688943073861 -0.64184747913964135 0 0 0 1.1046030678346863 11 8583 20 6455 14 7452 13 7588
2738 -0.072648405067951283 -0.86648311150963209 -0.63490106129652735 0 0 0 1.5561555334557864 11 6344 20 6479 13 6380
2739 -0.072648405067951283 -0.86648311150963209 -0.63490106129652735 0 0 0 1.5561555334557864 11 6345 20 6480 13 6379
2740 -0.069008910635087156 -0.86792387432617701 -0.55642862391122616 0 0 0 2.1283057273339572 11 7286 20 6526 13 7890
2742 0.22959537151590953 -0.85721857649082112 -0.74618230422650811 0 0 0 1.2797192908326596 11 4875 20 6579 12 1253
2743 -0.10686964498301491 -0.8687651285734701 -0.55576587243721198 0 0 0 1.9807959531526047 11 7481 20 6724 13 7892
2745 -0.23307918427915544 -0.86967395411498005 -0.59202738790916065 0 0 0 1.3931617625129207 11 6144 20 7379 17 8051
2746 -0.23307918427915544 -0.86967395411498005 -0.59202738790916065 0 0 0 1.3931617625129207 11 6146 20 7382 17 8052
2747 -0.3889250422559013 -0.87226114445132219 -0.80725350942429208 0 0 0 1.3335362444574506 18 7063 20 7467 19 7012
2748 -0.12335686358843242 -0.86967990594557065 -0.63868998939830757 0 0 0 1.7588996929340397 11 5035 19 6803 20 7530
2749 -0.15446870813747079 -0.86733142448658573 -0.68107695410605107 0 0 0 1.8899188702957581 8 5087 11 6293 20 7563
2750 -0.10807031670196268 -0.86767941841805962 -0.67689829256765244 0 0 0 0.69737243951214545 8 5103 20 7583 13 6451
2751 -0.044282805370732148 -0.86305274445840841 -0.81190495207495883 0 0 0 1.1397751400190304 16 8192 20 7674
2752 0.49601801241901233 -0.82765192990460945 -1.0634292127770801 0 0 0 1.4205940560531842 20 7783 12 4049
2753 0.2676069154036424 -0.52077932753539691 -1.0486436307387768 0 0 0 0.0076045693291659847 11 10899 20 7856
2754 0.47373009066781391 -0.85004232011919845 -0.70619340524370489 0 0 0 2.7307204948910937 16 11476 20 7987 15 12596
2755 -0.45331930005635057 -0.72667360383316026 -0.90274067347851661 0 0 0 1.5583421323014588 11 2363 20 8734
2756 -0.10141463493268682 -0.78979919607123295 -0.80976090891567498 0 0 0 0.83055921661800114 1 8749 20 8975
2757 -0.18500310075526302 -0.86957972688389851 -0.73916627643852539 0 0 0 1.4377506594591305 11 6304 16 8159 19 9218 20 8977
2758 -0.082002060477193106 -0.86772253979301417 -0.59631879940582089 0 0 0 1.0041093701290844 8 11718 20 9350 14 10722
2759 0.22334606430384035 -0.85836749839224313 -0.74800081713869293 0 0 0 0.88526665061859022 11 8424 19 9086 20 9451
2760 0.26826096157867885 -0.85110713196223564 -1.0297805800795123 0 0 0 2.2505203224021746 11 7515 20 9862 17 6760 12 2201
2761 0.26449434937364175 -0.84802634633389418 -1.031384339011745 0 0 0 2.1522388015411376 11 9510 20 9866 12 6026
2762 -0.1960595176001946 -0.16724964362980996 -1.0141174016561241 0 0 0 0.62309055867192242 11 5811 19 7169
2763 -0.20846549122139282 -0.12689061839635823 -0.9595699676827425 0 0 0 0.45411582646576748 19 10715 20 9992
2764 0.029559906159085436 -0.20924208218288465 -0.89090290383815374 0 0 0 0.17333437058153062 11 8077 20 11108
2767 0.43037612094986899 -0.75183514395068896 -1.0591167248654958 0 0 0 2.5761958774424616 11 7527 20 11491
2768 -0.46957401997171599 -0.87466078170817063 -0.81671828988228423 0 0 0 0.3859395547873487 7 6897 20 12468
2769 -0.27202886821991046 -0.67814944059082238 -0.8358543812059207 0 0 0 0.96515728358595498 19 5476 20 12741
2770 -0.36031212832984172 -0.72384364437010129 -0.86078040879526618 0 0 0 3.0738176218539093 11 10592 20 13061
2771 0.22828955258362463 -0.85916916730845094 -0.74150225091857003 0 0 0 2.1667618733247154 19 4107 20 1666 16 5126 8 3887
2772 0.21936744883883103 -0.85739526948767186 -0.7441631773847811 0 0 0 1.6873026351038538 5 10525 8 11583 20 9521 16 9217 18 7264 19 6333
2773 -0.21812923636743106 -0.82452174725680849 -0.80595136544497481 0 0 0 1.153241415530867 19 8959 20 11444 16 10282
2774 0.42712635308813451 -0.76284072023908389 -1.0877204401108556 0 0 0 1.9826497909485885 16 571 7 857 19 1238
2775 0.42712635308813451 -0.76284072023908389 -1.0877204401108556 0 0 0 1.9826497909485885 16 608 7 858 19 1237
2776 0.45387892248998407 -0.85455261475616573 -0.91456044337086029 0 0 0 2.1744162162295462 16 18 20 19
2777 0.26717540725193989 -0.80323818071972819 -1.0425434142471528 0 0 0 0.97632690136181266 11 368 20 273
2778 -0.099207101432200379 -0.75142042600620917 -0.80860757637325076 0 0 0 2.8336158829077869 11 767 20 966
2779 0.24370906961238539 -0.85588859298035214 -0.8642103386117046 0 0 0 1.1805820146019812 20 1059 16 1178
2780 0.15115810743562497 -0.79712236997803343 -0.73185063343154844 0 0 0 0.8328390873444711 11 1457 20 1708
2781 0.17311265752214205 -0.76817738739720043 -0.73833858329094015 0 0 0 1.0209497718729161 10 10651 20 3160
2782 0.27430885187065057 -0.51970591479220674 -1.0429183710134562 0 0 0 2.0060740399681745 8 10708 10 5061
2783 0.024463822928862303 -0.85948626188969124 -0.79600875964586471 0 0 0 2.3231923253919682 1 2670 11 4658
2785 0.48891208460817881 -0.84336115031334158 -0.68965671165581699 0 0 0 0.47987505843822409 19 8939 20 4771
2786 0.4247015422535142 -0.84396401276175359 -1.072621853567719 0 0 0 2.0319730557519851 1 2960 20 4864
2787 0.41904948635238926 -0.75208884796734043 -1.0554003555107843 0 0 0 0.27860022868687984 11 10457 20 4904
2788 0.12352369668622021 -0.2790886550152975 -0.7591023805834245 0 0 0 1.4478749650985674 11 5404 20 5583
2789 -0.20947018797257885 -0.70475439585881916 -0.81007947339175712 0 0 0 2.066934907762068 8 4700 18 5141
2791 -0.14395829912371741 0.035088912145220814 -1.1287737805720812 0 0 0 2.6565574898455573 10 4500 20 6055
2792 0.060372438908680479 -0.86122771017753119 -0.6801226710247017 0 0 0 2.7175061138317367 8 11866 20 7174
2793 -0.45331930005635046 -0.72667360383316026 -0.90274067347851639 0 0 0 1.5583421323019397 11 2362 20 8733
2794 0.0065610393267484662 -0.23047798952869303 -0.86429622848595367 0 0 0 0.66500756872974698 11 8135 20 11163
2796 0.49110497446798318 -0.84331297969436747 -1.0303243568639013 0 0 0 0.82023198577602008 11 9532 1 7807
2797 -0.32386368550293132 -0.64233119666448157 -0.85948993259833539 0 0 0 2.1685831357492007 1 414 18 630 3 397 19 712 5 601 7 894 4 366 15 511
2798 0.34112278371443194 -0.85027034577401883 -1.0245922279906934 0 0 0 1.5447835738360687 16 4642 1 3358 20 4869 11 4311 17 1706
2799 0.19598952488386967 -0.20583890697775659 -0.88278519156074298 0 0 0 0.48764329868603418 10 229 17 101
2800 0.27176328826107787 -0.50533737045743665 -1.050435862932162 0 0 0 1.038452910265167 8 181 17 184 9 206
2802 0.14843099103087079 -0.17064277564941777 -0.88770839556836934 0 0 0 0.91569376424588445 10 491 17 268 9 243
2803 -0.20175178777433736 -0.12444073865758876 -1.0047336557339006 0 0 0 1.9778684027514979 10 283 17 320 9 222
2804 0.20302498287393855 -0.35771317514931317 -0.81829864059053881 0 0 0 1.1464989051796715 8 603 17 333 9 529
2805 0.13863770188718785 -0.17976452923802919 -0.87908506449733537 0 0 0 2.2661801371043393 10 855 17 562 9 289
2807 0.16869260403493869 -0.15760297182356922 -0.91631596488985423 0 0 0 1.3856685611866018 10 866 17 591 9 430
2808 -0.18611462109547242 -0.17187966144004835 -1.0299209845964508 0 0 0 1.2930045901560765 8 974 10 1064 17 922
2811 0.15347586420769063 -0.29501499884690263 -0.74787191504589279 0 0 0 1.4439336664162514 8 1819 17 1301 9 696
2812 0.28252847969773587 -0.85176871237152141 -1.0553736825599109 0 0 0 1.7120234159719911 8 1513 17 1345 12 646
2813 0.22599084241446521 -0.85868263333736627 -0.76833662918163537 0 0 0 2.1816717403198642 10 1623 17 1373 9 957
2814 -0.11634549714567241 -0.86622082704032999 -0.60496490056041807 0 0 0 2.1335697320081377 8 1995 16 1594 17 1583
2816 0.083498955562329225 -0.2694937097143757 -0.80082011150479637 0 0 0 0.81842667666733337 8 1816 17 1795 9 2101
2817 0.11800446317461347 -0.18051855621172103 -0.86483193132113323 0 0 0 1.3660472218605728 8 1635 17 1828 9 1087
2818 0.15096920809443146 -0.1588838433985984 -0.89371208117683576 0 0 0 0.99924402742764828 10 1782 17 1830 9 1085
2819 0.25288692359813847 -0.24406257321960095 -1.0806374729277222 0 0 0 1.4950008065536728 10 2901 17 1897 9 1834
2820 0.26929769903138667 -0.85648011145405145 -0.72946521562123623 0 0 0 0.06940160261408182 11 1491 12 491
2822 0.54473181529327896 -0.84261871694587342 -1.0058136347495799 0 0 0 0.016903536596062516 17 2544 12 2772
2825 0.13339194296411838 -0.15221715091409896 -0.88039484952883162 0 0 0 0.48792362754320534 10 2877 17 2934 9 1858
2826 0.12806736836561824 -0.17697239540507018 -0.87161561608764004 0 0 0 1.7630334030649539 8 4209 17 2963
2827 0.1522986747811032 -0.30945777666368945 -0.74466594265182184 0 0 0 1.5078016514879282 8 4500 17 3127 9 2097
2828 -0.48970638551778822 -0.88547742700389898 -0.86564436734100503 0 0 0 1.7264071303117234 10 2990 17 3309
2829 -0.070281911968153477 -0.86623202117183329 -0.67488514918958531 0 0 0 0.6429059201189693 8 3088 17 3422 14 1967
2830 -0.08713734446048535 -0.86797946448016727 -0.64619174049124373 0 0 0 0.96292961858374848 8 3392 17 3428 14 1938
2831 -0.23415498052217795 -0.87061421933936223 -0.66665968498752459 0 0 0 1.1339457565332187 8 1486 11 1861 17 3436 9 1894
2832 0.43277037711751876 -0.84421468732130056 -1.0629240260448527 0 0 0 1.2258611918473561 17 3683 18 11376 9 6003
2833 0.49852916708996964 -0.80343499892932213 -1.0556073710457845 0 0 0 1.598245582326453 10 5235 17 3698 9 6036
2834 -0.19318756872918827 -0.13839832739190561 -1.0017489309499721 0 0 0 1.0469665573603659 8 3652 17 4281 9 4175
2835 0.14625077140725606 -0.14515997261443461 -0.89474779462727438 0 0 0 0.096736359840016994 10 10444 9 2350
2836 -0.57611895877909647 -0.88712463702698963 -0.7505341083686794 0 0 0 1.753738960833001 10 5498 17 5153 9 4370
2837 -0.2774046424799741 -0.86871950734913406 -0.75636416063971756 0 0 0 0.38261653154873093 1 5847 17 5352
2838 -0.20879084181953836 -0.8337353821496698 -0.80823257044200192 0 0 0 0.5379994961990856 16 10284 17 5406
2839 -0.17159589441538822 -0.86866354730229833 -0.66027721834090569 0 0 0 0.31946003238400739 8 5066 17 6266 13 4093
2841 0.43926657940917202 -0.85468771945999955 -1.0604685508849998 0 0 0 1.5250594145688217 4 3601 17 6743
2842 0.24230538563631918 -0.85870293574180501 -0.76357288233583187 0 0 0 2.4401458737648136 1 10394 17 6850 12 5321
2843 -0.20280053736123613 -0.12101189033780943 -0.98571061579899322 0 0 0 1.7741345863345819 10 11176 19 10662 16 13199 17 6973
2844 -0.20218901368041933 -0.12156200517444399 -0.98526246770295423 0 0 0 1.1432887357734651 11 9017 19 10648 17 6975 9 4179
2845 -0.19632363394661725 -0.1318742808101942 -1.0007430266457225 0 0 0 1.2466132859900216 16 5877 17 6985 9 6772
2846 -0.19547241907590548 -0.13999352243787433 -0.98408865229141296 0 0 0 1.1216606440373857 4 11274 8 6915
2848 0.10836386165498839 -0.15483575030462016 -0.85767880790053086 0 0 0 1.876368222386235 10 9554 17 7392 9 5248
2850 0.24006657371413986 -0.85431767566326378 -0.90086203705851364 0 0 0 1.5645210658616433 8 12126 17 7648 12 5371
2851 -0.20852099021768331 -0.12640810292636104 -0.96544679335341388 0 0 0 1.8148362569521588 16 9984 17 9168 9 8988
2852 -0.27378121385558851 -0.87043795885312436 -0.7117117911341817 0 0 0 2.4441729424245122 19 1174 11 793 20 1317 17 1184 16 612 8 799
2853 -0.20393199191014064 -0.11951596146533155 -0.97986854103865295 0 0 0 1.835713228190559 5 6127 16 2006 18 5832 7 2314 10 3325 8 971 19 3652 17 2173 11 2372 20 2664 9 1205
2854 -0.20101770900060825 -0.14579363876040008 -0.98633909321958568 0 0 0 1.1825153843748941 16 2742 10 2820 17 2028 2 915 20 1996 9 1508
2855 -0.18993599998103564 -0.1646476503142853 -1.0253554466170178 0 0 0 1.4762975189105143 16 2750 18 2949 2 2030 10 2825 8 2534 19 4454 17 2141 11 2904 20 2679 9 1498
2856 -0.19214064521295179 -0.17761933866137727 -1.0135026845016564 0 0 0 1.7449149530667316 16 8884 18 11555 10 7209 20 11230 17 6993 1 9530 7 7822 9 3831
2857 -0.18879193697377192 -0.17669611699959228 -1.0243549784619717 0 0 0 1.2106681125686551 18 8718 7 7823 10 4761 17 2783 8 2556 20 5027
2858 -0.18901874013476685 -0.17689039742371604 -1.0245104165110739 0 0 0 1.1314412020967357 7 7832 10 4759 17 2782 11 4579 20 5026 8 2555
2859 -0.20505141203543373 -0.13332039439185345 -0.97090593443377937 0 0 0 1.4295289839704832 7 2585 1 1855 19 2433 11 2293 8 1943 16 2042 10 2066 20 2666 9 1220 17 2236
2860 -0.48996783200891159 -0.87975288418334263 -0.80809088097978554 0 0 0 0.89994675525000423 17 1594 5 597 7 1178
2861 0.13863770188718788 -0.17976452923802913 -0.87908506449733537 0 0 0 2.266180137104298 10 856 17 563 9 288
2862 0.049405744006516053 -0.29213851707911215 -0.78087184035403023 0 0 0 2.3659029519149009 8 1616 17 1596
2863 0.50136151905618132 -0.8329426746456523 -1.0342157922942881 0 0 0 1.0021087897932413 10 9111 9 3878
2864 -0.19986743162299528 -0.12932286893750553 -0.99555459697874049 0 0 0 1.3857378452706133 20 9980 17 6994 8 6909
2866 0.27802116581632608 -0.85557951499123597 -0.88764883845790199 0 0 0 1.8329882271603892 17 59 9 35 12 50
2868 0.24349890759607032 -0.85489515383945869 -0.92656061028553061 0 0 0 2.4259785966852263 17 222 9 195
2869 0.24729445035204362 -0.79914460497922302 -1.0179005558864072 0 0 0 1.3361549258112329 8 254 17 214 9 208
2870 0.41637691380739161 -0.84379457608700847 -1.0649854866413644 0 0 0 2.2824981026650364 17 612 9 444
2871 0.2500773298465 -0.85290689453326651 -0.80318296764425057 0 0 0 2.8545891025621621 17 659 9 832
2872 0.50223531256004517 -0.83288984280570655 -1.0652527585032741 0 0 0 0.53715923003944188 17 1163 9 994
2873 0.14376968584366479 -0.16091202485409578 -0.88647551927720758 0 0 0 0.61518975346360816 10 1943 9 1097
2874 0.1099337703034973 -0.17768097509939365 -0.86553017357609163 0 0 0 2.0506368469578127 10 1927 17 1217 9 1105
2875 -0.18314051167027642 -0.86708168479300185 -0.68090430747551944 0 0 0 2.5634007160116639 8 3098 9 2463
2876 0.51125863987347631 -0.82642937163575492 -1.0577604939782597 0 0 0 1.037708412845942 10 9122 17 1656 9 3422
2877 -0.19475949853465294 -0.14456616461108265 -0.99796647695901197 0 0 0 1.9339076740019203 10 7229 17 11256 9 3642
2878 0.54322029756398371 -0.83663318759809524 -1.0236167917213264 0 0 0 0.26007858982989596 17 4781 9 3846
2879 -0.198682528283773 -0.13162826516517559 -0.98135972485471235 0 0 0 2.1892030733267962 17 4294 9 4184 4 5869
2880 0.22486762356200521 -0.852063789484103 -0.92143128923937345 0 0 0 1.2981723515379291 8 4950 17 6807 9 4601
2881 -0.2163557170475052 -0.11784917367192674 -0.95522982236876053 0 0 0 0.098862445863013765 10 6611 9 6756
2882 -0.51569352683997027 -0.88018472786171409 -0.6454357960152608 0 0 0 0.41746007332850266 10 8768 9 7324
2883 0.26830049515532617 -0.80553418565028712 -1.0413641981704598 0 0 0 1.6030416999870845 17 5841 9 7379 12 6037
2884 -0.20324521383213454 -0.1233490934936177 -0.97758327060458172 0 0 0 2.0795096404473115 1 11629 9 8990 12 9814
2885 -0.20159224743250206 -0.12906972949120815 -0.97905658415971519 0 0 0 1.7452304150719868 17 11253 9 8999 12 10685
2887 0.48339639077173346 -0.84872133082557433 -1.0416457511212744 0 0 0 0.48211774591179257 9 9290 4 3597
2888 0.49158937186058249 -0.83893235186270232 -1.0589914744367031 0 0 0 0.65330995939710002 17 6728 9 9295
2889 0.49135621532539642 -0.79092887699442294 -1.0280460917714471 0 0 0 0.68503841668736309 17 3684 9 9298
2890 0.4846860620398924 -0.83781074029962554 -1.0528974589860272 0 0 0 2.231024079876287 17 11909 9 9303 12 4481
2891 -0.20867966530632301 -0.13631960247388203 -0.95863168746333316 0 0 0 1.7002718297957973 16 3977 18 8704 7 7963 10 2811 17 2798 8 2566 9 1514 19 7634
2894 0.48784668588188818 -0.84769401240800524 -1.0350168784708516 0 0 0 2.3342536926431374 17 6613 9 9285 4 10294
2895 -0.21124972413965468 -0.28808827527392683 -1.0356307913638312 0 0 0 2.8739164461144839 2 8387 18 8099 1 7421 4 3387 7 9168 10 4663
2896 0.097370574013923544 -0.67419076180067994 -0.7742595846532192 0 0 0 2.1912612813095467 7 515 15 536
2898 0.077197391256704925 -0.16580963052417966 -0.88313271571212382 0 0 0 0.10281277148538188 1 1221 15 905
2900 0.18638998654237979 -0.84887646821588647 -0.70899770751707814 0 0 0 0.21838897288620396 1 519 13 2260
2901 0.10707972720906606 -0.85808562145964751 -0.65985782583359853 0 0 0 1.6738135620204115 1 1705 15 2459 13 3405
2902 0.082518848242063764 -0.1823591040092169 -0.88050109957026379 0 0 0 0.6662767494889692 5 3867 15 2899
2904 -0.018106956763773802 -0.32641744968889208 -0.74806256040288721 0 0 0 1.5823086177275438 15 4203 7 3087
2905 0.037869792184180059 -0.2488246469651435 -0.87631811968366558 0 0 0 1.5196969036252368 4 3299 15 4416
2907 0.096429259311027193 -0.15400185886393961 -0.85912883901907722 0 0 0 2.1579443902398379 5 7685 15 5850 4 8957
2908 0.044143055465570374 -0.15445906739360216 -0.92104009645207507 0 0 0 2.2214872053742227 4 8981 15 5939
2909 -0.21611389769908448 -0.71279386207157658 -0.79622998871151385 0 0 0 0.49866310666583424 5 11377 15 9860
2910 0.46657239306319986 -0.85133367623078104 -0.66200333591914395 0 0 0 1.8232160452815098 16 7357 15 11554 5 12956
2912 0.51912539750554376 -0.8562754930659473 -0.65525929581895681 0 0 0 0.12659298540918493 5 10666 15 12636
2914 -0.022910353399347494 -0.31468745784873198 -0.74656750095510915 0 0 0 0.014773061655652899 2 5743 15 13252
2915 -0.26490324585941649 -0.82804343822075421 -0.82608121400576007 0 0 0 2.7681179913735008 16 3074 15 3025
2916 0.089665934631856611 -0.1526418914988748 -0.86725794042025628 0 0 0 2.6953647564728813 4 5793 15 5382
2917 -0.0039336774379596928 -0.85411704421570867 -0.75229250251015278 0 0 0 1.3273076935967258 15 341 13 274 14 237
2918 -0.20733337581484981 -0.85249259623098239 -0.80227370884455551 0 0 0 0.84635531058439872 15 255 13 284 14 224
2920 0.21307414763843927 -0.85674798617172709 -0.69192885212249611 0 0 0 1.2831662882383741 15 216 13 364 14 419
2921 -0.12071362555812806 -0.85785342907692241 -0.79970722262488936 0 0 0 0.91844040508715652 15 1176 13 913 14 690
2922 -0.22297420939274917 -0.86833720154293004 -0.79426541766355974 0 0 0 0.66310622020517984 11 2666 13 1183 14 464
2923 -0.10788795949973581 -0.85060288459454392 -0.78565729890196456 0 0 0 1.9355596875022669 15 1826 13 1197 14 1537
2924 0.16562348269230037 -0.85222804430445476 -0.7323695039188538 0 0 0 1.4118332042562016 15 1401 13 1428 14 1341
2925 -0.0050873844693501008 -0.86058274731693696 -0.66843917196019431 0 0 0 0.33884645109034911 15 1889 13 1732 14 1957
2926 -0.17662176780225078 -0.86927689715848588 -0.70345241735258646 0 0 0 1.7422489736996365 11 5031 13 1744 14 1982 8 3102
2927 -0.12559221174967067 -0.84586009733605971 -0.80369558417239162 0 0 0 1.3394687382555015 15 2577 13 1770 14 2004
2928 -0.16494822418618768 -0.86720034758487641 -0.69645209124074969 0 0 0 1.3699695607413893 11 3321 13 2391 14 1977
2929 -0.005403320106262044 -0.86149956050409071 -0.6622640083705168 0 0 0 1.1539392804661044 5 3307 15 2440 13 2741 14 3036
2930 0.0063107791247737077 -0.86357131693002542 -0.65869622940620143 0 0 0 1.1636306157026326 5 6437 13 2743 14 4725
2931 -0.073073987660422057 -0.86469219448369916 -0.6695497790542172 0 0 0 1.4641700067543024 11 4999 13 2765 14 3023
2932 -0.038300414266056793 -0.85968834688544415 -0.66332390914445472 0 0 0 1.0964386762247165 15 2549 13 2769 14 4716
2933 -0.076237231326300059 -0.86620267513240656 -0.66003042798044098 0 0 0 1.1660085931702071 5 6470 13 2775 14 4703
2934 -0.055995985057265885 -0.86396346035810878 -0.76644931367954561 0 0 0 0.82253978574504016 8 5157 13 2815 14 3001
2936 0.16840782107556584 -0.55482561838651834 -0.74406261172738541 0 0 0 2.3327217287512632 15 4193 13 3900 14 3426
2937 0.16770821672697811 -0.62734732430354967 -0.68724036258371157 0 0 0 2.0311218240790434 15 2363 13 3922 14 3507
2938 -0.38792400676918593 -0.70836187082258362 -0.86369758574223532 0 0 0 0.4737771217528246 5 10829 13 4339 14 4770
2939 -0.35724016563230343 -0.86918572407195782 -0.90275221000782024 0 0 0 1.7752579406396345 15 7094 13 4357
2940 -0.16044942495237322 -0.86993537048534342 -0.70500489434940328 0 0 0 1.0111070783761253 8 7269 13 4740 14 6766
2941 -0.15861919357832135 -0.86904675217404392 -0.6849944837383396 0 0 0 0.67664936149444177 8 12214 13 4764 14 4166
2942 -0.15326293015920264 -0.86874624290813385 -0.66075676043351761 0 0 0 0.64665584652959052 8 7264 13 4772 14 4178
2943 -0.16267674675148583 -0.86699461462113669 -0.65694787120622145 0 0 0 0.98982948264632675 11 6247 13 4786 14 6818
2944 -0.15833611581500348 -0.86668934832344879 -0.65860269205113897 0 0 0 0.13065343137355409 8 7307 13 4787 14 4200
2945 -0.13846565205753256 -0.86778629417747366 -0.63929278589448324 0 0 0 0.53832949680066233 8 5079 13 4815 14 4202
2946 -0.10504451102306497 -0.8651662243780287 -0.64653279643421357 0 0 0 0.99119000092430254 5 9790 13 4822 14 6844
2947 -0.037975352081247721 -0.86712115330054207 -0.52580616187499496 0 0 0 0.67489746599289213 11 4323 13 4868
2948 0.011147505647388825 -0.85710832511755597 -0.6598774047935787 0 0 0 1.2054282794064268 15 4656 13 6364
2949 -0.020205120702462137 -0.86193755459654176 -0.65816894560142414 0 0 0 1.0627161129476574 5 9843 13 6381 14 8218
2951 -0.17478865152267434 -0.86926694806968752 -0.7583680576855083 0 0 0 2.0431180049590729 1 4175 13 6501 14 6721
2953 -0.048510284842757434 -0.86583489328713314 -0.65903581014326462 0 0 0 0.8076011866297842 15 9780 13 7575 14 7464
2954 -0.023471833338977233 -0.86511694885564028 -0.64952417335137502 0 0 0 0.99728756667315788 5 9833 13 7586 14 11895
2955 0.057006047119006191 -0.8610658879463311 -0.67822312464771572 0 0 0 0.86658388605988523 5 10466 13 7595 14 7461
2956 -0.28732777909853335 -0.19858519381934231 -0.81248755364326986 0 0 0 2.4643192138011227 15 12822 13 7840 4 10326
2957 -0.085940573145027732 -0.28848658488424972 -0.85180531528683523 0 0 0 1.913223316403639 15 6636 13 7991 14 9523
2958 -0.23955762485947937 -0.86719071869816333 -0.74506206799384578 0 0 0 0.62140578809647995 1 7704 13 8551 14 4359
2959 0.11644246371374191 -0.74400734259979306 -0.75315613112745972 0 0 0 1.3914973201461345 15 9198 13 8926 14 9353
2960 -0.015501327807210252 -0.86484344193639484 -0.65639452389867359 0 0 0 1.8509011751947153 5 9835 11 8565 13 9562
2962 0.019857519191678705 -0.86337245092246961 -0.74651508283305934 0 0 0 1.9168520139397398 16 6847 19 6669 8 5167 11 6452 20 7672 13 7553 5 10453 15 6739
2963 0.1635159639794872 -0.62571513814218438 -0.69551112107253665 0 0 0 0.69660745824677206 13 288 14 244
2964 0.078373626876594243 -0.6609305807270609 -0.75638149874647276 0 0 0 0.82706813843317462 15 838 13 579
2966 -0.30195573762813044 -0.18601750024171232 -0.83209984696065109 0 0 0 0.57361193323136495 15 3731 14 2174
2968 0.80522081082850816 -0.14478684354759117 -1.0053480321179469 0 0 0 0.23807176971540189 13 2356 14 1333
2969 0.80522081082850816 -0.14478684354759117 -1.0053480321179469 0 0 0 0.23807176971540189 13 2351 14 1350
2970 -0.085270244767840009 -0.86634712390418422 -0.66021598338629151 0 0 0 0.97199486417293457 11 3312 13 1712 14 1948
2971 -0.02422339873873039 -0.86233311815461766 -0.66947296702183423 0 0 0 0.29200194064923773 13 1726 15 2186 14 1983
2972 -0.15443550973860412 -0.8714837626597165 -0.64424065355751403 0 0 0 0.39151626629211905 13 4110 14 2766
2973 -0.011854372822865861 -0.8613179055894884 -0.67722265709771268 0 0 0 0.71335277886128878 13 2751 15 2552 14 3033
2974 -0.00013619629166281011 -0.17389445116848742 -0.93703365525708815 0 0 0 1.8378327396967089 13 3177 14 3860
2975 -0.11568530052914414 -0.86175941027864966 -0.68701729317693361 0 0 0 2.2713579307357241 8 7321 13 6437 14 4181
2976 -0.10038480958418819 -0.86522578221414093 -0.65927526758694555 0 0 0 1.172329120808794 8 5104 11 6331 14 4207
2977 -0.057564860337588175 -0.86268523917753148 -0.69449246846827717 0 0 0 1.9697656639345347 13 2790 15 4613 14 4677
2978 -0.052617721828640773 -0.85874357977667604 -0.68847773495164866 0 0 0 2.0011782041681623 13 6421 15 4626 14 4702
2979 -0.035055331729432093 -0.86459846099887327 -0.66430327893447094 0 0 0 0.53782106798834095 11 4970 13 2768 14 4715
2980 0.040162623822981067 -0.29371956262415533 -0.77868124607241174 0 0 0 0.81021082442319226 13 8119 14 7742
2981 -0.46411560355974069 -0.58013480157227137 -0.88274425436281767 0 0 0 2.0758407548008315 13 10350 15 12963 14 8853
2982 -0.37153700795700684 -0.4286673576908836 -0.85617474127095594 0 0 0 2.0329522524276622 15 9977 14 10818 13 12632
2983 -0.22039109090034067 -0.70899626356799073 -0.79540065045624275 0 0 0 0.2430379598543505 13 7436 14 12014
2984 0.096733161440757776 -0.69050468285494726 -0.75635576623937961 0 0 0 0.66535096165216678 15 1079 14 1324 7 1236
2985 0.2684364065051848 -0.84240257186844758 -1.0351442353799527 0 0 0 1.2811834546069165 17 429 12 237
2986 0.22648979385039181 -0.86021611285385768 -0.78049263526750678 0 0 0 0.098849710038580132 17 1942 12 488
2988 0.50594799174457883 -0.8377629788410943 -1.0522234770291305 0 0 0 0.98628263940805738 8 7039 12 1890 5 8324
2989 0.4865285663388641 -0.84239979707985957 -1.0429258206910961 0 0 0 0.66369981049367122 1 5053 2 4781 11 7536
2990 0.48636836147776696 -0.83853131093873134 -1.0315524946028909 0 0 0 0.86005924865296524 1 5070 20 10240
2991 0.48636836147776696 -0.83853131093873134 -1.0315524946028909 0 0 0 0.86005924865296524 1 5071 20 10247
2992 0.23648501185827914 -0.85379803363082685 -0.76194227074493681 0 0 0 1.7090432185182702 17 3896 12 4731
2993 0.49127005091031373 -0.83858656635776629 -1.0354478911995006 0 0 0 1.8514904303958479 1 13297 12 4953
2994 0.20760806041952704 -0.85925509684082657 -0.75325882940642952 0 0 0 0.77234771423627735 17 8442 12 5277
2995 0.34549875362804616 -0.84907680782406469 -1.0199733234460842 0 0 0 0.48654341617132091 17 6763 12 5402
2996 0.54076104860408536 -0.83738244750452173 -1.0333215586427589 0 0 0 1.7699206732408908 1 13311 12 5575 10 12434
2997 0.34540954357668446 -0.84887424453703875 -1.0253416309955672 0 0 0 2.4167192302380274 9 11968 20 7778 12 7451
2998 -0.10879685689935356 -0.86889559725358501 -0.80529653472017926 0 0 0 1.1484064412484551 11 8857 12 8925
3000 0.27522476485686098 -0.7965431679734003 -1.0385823122119962 0 0 0 0.55073506189077404 17 88 12 47
3001 0.41707685833799346 -0.75959683888691276 -1.0827293535181794 0 0 0 2.0945177796648595 9 2212 12 632
3002 0.41707685833799346 -0.75959683888691276 -1.0827293535181794 0 0 0 2.0945177796648595 9 2215 12 633
3003 0.19007667012490476 -0.86086107746888296 -0.7324990897541348 0 0 0 2.7121208975793842 11 6552 12 1303
3004 0.21634493011008513 -0.84791158002909794 -0.73306977823460828 0 0 0 0.31675374312120519 11 4868 20 6574
3005 0.48284647143749693 -0.84318072705219471 -1.0409984559451433 0 0 0 2.6235993890321856 17 6618 12 11154
