0.9596868141111426 -0.09770778846109146 0.2630739310511508 -0.20462278915550955 0.22400699728626797 0.8315946985214934 -0.5081950224907028 0.06020677213217595 -0.1688095626332413 0.5466105507423644 0.8198236129262702 -0.08490201086319224 0.0 0.0 0.0 1.0
0.9672070494175288 -0.1008456232595713 0.23394476088283564 -0.18877794778308385 0.21077249578914758 0.832684175059434 -0.5122260720597214 0.1280401621020051 -0.14328228744121446 0.5448084897071488 0.8265702268062962 -0.1170000227422894 0.0 0.0 0.0 1.0
0.960376380225286 -0.08575919866019949 0.2660225842281403 -0.22144782177532132 0.22420739125061953 0.8044286710441931 -0.5502561973011241 0.16587616782361594 -0.1667138859304258 0.5880857470310206 0.7914941200058057 -0.08912968532148205 0.0 0.0 0.0 1.0
0.962747241878745 -0.07525089795269903 0.259493570162972 -0.22100102817166017 0.20919818106695645 0.8150045811451613 -0.5409924467185308 0.12294104039585228 -0.1710120711950135 0.5752172915687136 0.8004887234071836 -0.0897083161224384 0.0 0.0 0.0 1.0
0.9616253159129166 -0.0728956388262341 0.2648984603450905 -0.25930806721873434 0.21928242913810397 0.784409543280168 -0.5806232851927958 0.183356430617851 -0.1656145897696193 0.6159951943437357 0.7701408512706066 -0.0664222789853073 0.0 0.0 0.0 1.0
0.9627041717775037 -0.09402608873811576 0.25338365602723845 -0.22871840831406615 0.23186588972576636 0.7686925418009746 -0.5968143604646421 0.23413571566180555 -0.13889365862563421 0.6333374814586736 0.7618881003172132 -0.05222285905191479 0.0 0.0 0.0 1.0
0.9523916864839123 -0.08384928618259983 0.29356921207073117 -0.24298887709515574 0.22778476652012514 0.8356559628555613 -0.5002602048149773 0.06570889287024287 -0.20318226492428243 0.5437294861646839 0.8146272143945678 -0.05387414249029525 0.0 0.0 0.0 1.0
0.9583624778073588 -0.06870988370217457 0.2777035389726156 -0.22672026379567997 0.2149498639799808 0.8137372982462556 -0.5397124626331827 0.13418524848551883 -0.18892733434307643 0.5768362258519018 0.7942657878699517 -0.03690865176613899 0.0 0.0 0.0 1.0
0.9566471926582295 -0.10300433110948763 0.27176565772824496 -0.2255623659648934 0.22708117233131636 0.8482275277120628 -0.47817266742521963 0.07989599180333373 -0.18121665400464412 0.5188408298612153 0.8349686557948227 -0.02403937309472419 0.0 0.0 0.0 1.0
0.975757206071456 -0.03548900075576723 0.21517648216204271 -0.2497227823243374 0.16830212052694798 0.7498722660073445 -0.6398275140160714 0.2836762984907693 -0.13887038384328934 0.660478701391737 0.7378776492425451 -0.055100133667809005 0.0 0.0 0.0 1.0
0.9869013504992584 -0.07053478630576367 0.1454163819190344 -0.23248994998752734 0.14802410966782698 0.7557572085382116 -0.6385852168162597 0.3163449893780975 -0.06494211232879335 0.6511761285358174 0.7562725963317649 -0.08858498789626507 0.0 0.0 0.0 1.0
0.9865872008904204 -0.13428923289238914 0.0916145490936184 -0.2170434464739589 0.15776236982807937 0.6563260541890803 -0.7378564507762736 0.4859225651652197 0.03897360630895919 0.742253940910236 0.6685556021328446 -0.07742726848283632 0.0 0.0 0.0 1.0
0.996227414760647 -0.08396530441096726 0.011014878854566692 -0.1558686052478021 0.06912304930385395 0.7311446341260507 -0.6783854577133221 0.4759080019202305 0.04901105043903548 0.6769789394353812 0.734572403807647 -0.1249921143973904 0.0 0.0 0.0 1.0
0.9783626849624918 -0.1924139597907035 0.0750614406344706 -0.207482692788268 0.19163177007241378 0.7097744702855064 -0.6783358305938435 0.4881525838291655 0.07711378671470065 0.6778721862518889 0.7314093439933977 -0.0778342112841174 0.0 0.0 0.0 1.0
0.9894525240159986 -0.1252233725484266 0.07429887008991409 -0.182760693689277 0.1409054118351942 0.6960063824654786 -0.704740429996328 0.4585167622471865 0.036360869954957936 0.7077553370143378 0.7061953612277548 -0.07369793302793405 0.0 0.0 0.0 1.0
0.9905077367585047 -0.11493932563126645 0.07716293692851607 -0.1632146824230089 0.1345836472239555 0.6694203245530037 -0.7302432312775888 0.49436573056847544 0.03234584698294138 0.7335243536441222 0.6786863506051348 -0.018101689987070565 0.0 0.0 0.0 1.0
0.9829534547128926 -0.16522984834468515 0.08087770759251427 -0.1736915551487624 0.17770469970281624 0.7376071863352364 -0.6519513838787674 0.408766593456779 0.04796988382183907 0.655527039237538 0.7540279812574407 -0.03883665775939477 0.0 0.0 0.0 1.0
0.9862193020725624 -0.12000670706974642 0.11343535651683055 -0.19838438383703533 0.16505544305766992 0.6962581607262015 -0.6988441419936673 0.46716449862798726 0.004827005993164176 0.7078289955431653 0.7069899829861839 -0.016514518544831762 0.0 0.0 0.0 1.0
0.9967021546647352 -0.07713100496679913 0.016206704760397907 -0.11382105305054804 0.06940775509707797 0.760994332439112 -0.644773095029714 0.4112787002409177 0.037450218354826904 0.6439829382615991 0.7640363459754073 -0.055861597944813254 0.0 0.0 0.0 1.0
0.9962913296841076 -0.0647168120056976 0.05404058143258583 -0.10594907661221964 0.08421390323171524 0.798464016364575 -0.5955659057494548 0.37923981609791874 -0.004503078915527191 0.5984667040275908 0.8012405787683949 -0.007755982903238544 0.0 0.0 0.0 1.0
0.9973094739974749 -0.04640432932644314 0.058819644187122426 -0.08201453824048363 0.07061501332104052 0.8450628070105217 -0.5310152276739574 0.334139017685559 -0.025158994218469434 0.533410069536595 0.8458844710535948 -0.02931088909697557 0.0 0.0 0.0 1.0
0.9978464115339131 -0.06716875921692474 -0.009175617691281975 -0.03827135045125421 0.0523447195816758 0.8501891887388223 -0.5242614901483377 0.3405851252305442 0.042990036179771395 0.5228443956046956 0.8513593386708109 -0.013435181934007417 0.0 0.0 0.0 1.0
0.9983509318272036 -0.059376694760588586 -0.008641747882547575 -0.026957491459997443 0.051823522210921284 0.9258090537851951 -0.3744019070777523 0.22326098569817313 0.030221892790500526 0.37337875025040673 0.9271622018867838 -0.007298690568138951 0.0 0.0 0.0 1.0
0.9985773177810353 -0.04394329381997698 -0.030916281862339152 -0.02178131567062542 0.03669836627707291 0.978010276487513 -0.2052044029225834 0.12993307737984064 0.0392214043075282 0.20393174296396285 0.9784109135681822 -0.01010490689557132 0.0 0.0 0.0 1.0
0.9985804842086977 -0.04014358054356676 -0.03563537063868192 0.004815277996654883 0.034171032945597285 0.9875235525515506 -0.15442025117651464 0.09937173738484643 0.041426990997301245 0.1530026375573509 0.9874188854095641 -0.002103423245999859 0.0 0.0 0.0 1.0
0.9997415720754046 -0.026000142145983677 0.008423588221177085 -0.011400779014795187 0.026668487591399725 0.9953083423316048 -0.09399004383392152 0.06517975177614521 -0.005938462332519546 0.09424706811851082 0.9954633942666382 0.0067760501465842 0.0 0.0 0.0 1.0
0.9996332885889534 -0.016563622525338013 0.009602390741592805 -0.013200018893413684 0.01734642017797196 0.9958678380398877 -0.08785150225933641 0.061566653563258966 -0.008108973268100913 0.08803041586227718 0.9960773689034067 0.007384472065223278 0.0 0.0 0.0 1.0
0.9999075521749036 0.002984376811094245 0.009139347086396129 0.0028089822052639567 -0.0025592683816640545 0.9988164772770739 -0.04640085603714818 0.02126394343866185 -0.009266935478265913 0.04634980524823527 0.9987394142342119 0.0027161963543587933 0.0 0.0 0.0 1.0
0.9997187860602413 0.0065984210817712115 0.026934779610465684 -0.006415503980251855 -0.006149231093606625 0.9996819739336499 -0.016740215272194287 0.008019613430866187 -0.02705558565419017 0.016563848219571412 0.9994820035883965 0.010314290668703971 0.0 0.0 0.0 1.0
0.9999988970620375 -0.00044381440369590657 0.0009518223166820582 -0.0008946299594740744 0.0004440558451652173 0.9999997868334078 -0.00012665443788726494 -0.0002594205478685042 -0.0009517097004456213 0.00012702264640524237 0.9999990780524743 0.0007933219934671646 0.0 0.0 0.0 1.0
0.9997422709870739 0.014478865353357285 0.006922568145607632 -0.0024653926699221528 -0.014436702662763675 0.9997439848113775 -0.006901250818332039 -0.00015265670588402377 -0.007025329434316506 0.006798718448799458 0.999904419912404 0.018082431782179394 0.0 0.0 0.0 1.0
0.9996657295977293 0.015007262737325182 -0.010430385025110447 0.009497029054471858 -0.015096600829569339 0.9997036481481988 -0.008272377193321316 0.003449843228332643 0.010316296909485155 0.008424558237305035 0.9998226436311574 0.022970131399803806 0.0 0.0 0.0 1.0
0.9996883609346344 0.010306051131572427 -0.014336358092037847 0.022992130441306047 -0.01087877569091952 0.9992207881953473 -0.04044494276266725 0.012232081258318308 0.013896885046818536 0.04062211193039173 0.9991336475370385 0.0284248089256697 0.0 0.0 0.0 1.0
0.9977641079984417 0.003269763723232673 -0.06830693933163111 0.031305420332389415 -0.01119776360284654 0.9932631365562591 -0.11580783306792311 0.04650610047276702 0.06741432435628761 0.11624460958312229 0.9911324045299688 0.028380669444799014 0.0 0.0 0.0 1.0
0.996886845642533 -0.009978803341186698 -0.08012284642258441 0.034957229660653094 -0.003082684747087706 0.9870365140430825 -0.1611509269095481 0.06573597199669233 0.08069318490051702 0.16083587024111412 0.9834590729284083 0.020444591105192637 0.0 0.0 0.0 1.0
0.9941512704854595 -0.033934337828165156 -0.1001482365021268 0.04691358601765911 0.00879120145842844 0.9705178538903162 -0.24138033361538727 0.10731991386145139 0.10541173251830958 0.2393518894147714 0.9651095874566139 0.019429965054667483 0.0 0.0 0.0 1.0
0.9946167641667835 -0.03833785308911838 -0.09616299264307636 0.051227004682293985 0.012016474108037774 0.9655745566270684 -0.26034265028358616 0.13204461799116424 0.10288039143087466 0.2576696592439202 0.9605087588791068 0.034505890339068965 0.0 0.0 0.0 1.0
0.991178687385926 -0.03759744170639039 -0.12880091016122897 0.06478811237995423 0.0006005688863543247 0.961080208486881 -0.2756993249358974 0.13177668749622826 0.1342953329606517 0.2729902886111518 0.9525188574019074 0.028186571891301263 0.0 0.0 0.0 1.0
0.9901646387388322 -0.021213037329471753 -0.13802766740341518 0.058711798345456055 -0.02353468595159989 0.9488458586291681 -0.3141475839494975 0.15169030527542507 0.13763654566038175 0.31447959805211856 0.9390133227537463 0.030523293960265825 0.0 0.0 0.0 1.0
0.9850562124185861 -0.04207902767322511 -0.16617309889382856 0.07022030519882581 -0.015215282468698143 0.9442253332878366 -0.3287253625312456 0.1519581367605165 0.17065014891426247 0.326480237816987 0.9296549744940026 0.027894571403418257 0.0 0.0 0.0 1.0
0.995196958331567 -0.013815209304940224 -0.09729456248153645 0.040429438608262334 -0.016166112074233456 0.9536797044654923 -0.3004533632793491 0.1533544089912424 0.09699801934414075 0.30068731381540814 0.9488794912541453 0.03394248999311991 0.0 0.0 0.0 1.0
0.8948141459213783 -0.4084629125436662 0.17906806885774604 -0.07864649651281119 0.41641046206939697 0.6204426874376494 -0.6639226873138238 0.2489282401775977 0.1603888609174317 0.6691308119153208 0.7258972014098878 0.1543772537697929 0.0 0.0 0.0 1.0
0.9457738384057295 0.04047984659858739 0.3222520722758622 -0.16274337966649363 0.013989201604759176 0.9861666812731121 -0.1647005702784372 0.07403802221689543 -0.3245117208520568 0.1602242087502826 0.932304015176285 0.06903338854310308 0.0 0.0 0.0 1.0
0.9367914690921203 0.0760044690630143 0.34199466603535555 -0.16752360467848462 -0.012246928475331528 0.9828895718515133 -0.18513634571455329 0.0866506884850833 -0.34996955618681297 0.16908653788799713 0.9212948292717882 0.07395560229923928 0.0 0.0 0.0 1.0
0.9340574444200128 0.11741191418566864 0.33646288978638966 -0.17302091387504598 -0.09318273909250988 0.9919480000204731 -0.08714682796498527 0.04238644671879002 -0.34409673273729785 0.05005583498574789 0.9377360045315285 0.06954174523757721 0.0 0.0 0.0 1.0
-0.5015145369158973 0.8572225142738271 -0.11654514130522384 -0.06443181675165865 -0.6390178744487467 -0.4579783464995456 -0.6176390229403019 0.20563651597213922 -0.5832981293209503 -0.23483613181660123 0.77710421274723 0.3145517554595648 0.0 0.0 0.0 1.0
-0.09845707252789211 0.9915527525486323 0.10067717352493018 -0.10516921974910276 -0.7041853550560986 0.0008668498107594385 -0.7104723286883137 0.2252090073824623 -0.705042309972631 -0.1406596532636511 0.6972434293823333 0.34881627577219515 0.0 0.0 0.0 1.0
-0.5685113973018279 0.7952459137802144 -0.20604731446075883 -0.017395982875397842 -0.47548132595827486 -0.5214442081473707 -0.7079604410247964 0.16439946151453394 -0.6705571324920584 -0.30436322054056164 0.6739072090757889 0.2938129945425304 0.0 0.0 0.0 1.0
0.11376661577590727 0.9173851094452411 0.38231226533420054 -0.06033268133036343 -0.664150723428938 0.35592850712189567 -0.6575344270698532 0.1610610435519675 -0.739371458802523 -0.17906634973683183 0.6492856436658173 0.3200844283272169 0.0 0.0 0.0 1.0
0.4926145429283259 0.6258926319009772 0.6095130000268424 -0.10351696671733934 -0.5216300273952861 0.7704444753634382 -0.3695016601522753 0.11631964824238783 -0.700761286697374 -0.13359813223367084 0.7042875408437554 0.35368456337419385 0.0 0.0 0.0 1.0
0.8196180635118214 0.24190698215755235 0.5216887495873369 -0.09288962122907968 -0.23199859945572743 0.9693589351866995 -0.08532544789954402 0.029104047210749162 -0.5259009746437945 -0.05003366443237637 0.8495818696938566 0.30097321351252687 0.0 0.0 0.0 1.0
0.654994005760137 0.4766623993161175 0.5852038603916963 -0.07764821396637615 -0.45472021194970974 0.8686713454665893 -0.1984296219537312 0.07772148965737108 -0.6026093414983104 -0.1360290111337131 0.7863062608379147 0.30815735353246454 0.0 0.0 0.0 1.0
0.7349533773707351 0.33278791035783484 0.5945094565501288 -0.1014038361434561 -0.376909109837842 0.9257774002216695 -0.051196911626982734 0.024348805169508658 -0.5681659479889399 -0.1837774850547108 0.8040929952541617 0.32599272870253865 0.0 0.0 0.0 1.0
0.7753016521636138 0.2552340627076684 0.5775733305508275 -0.0979079623202097 -0.4169529784893615 0.8936596030914604 0.16596486095321442 0.02096152861656808 -0.4736719252264677 -0.3696718435168723 0.799767501861398 0.33988688714546655 0.0 0.0 0.0 1.0
0.7977744686791589 0.05950086613420875 0.5949475688551109 -0.1703222492540706 -0.37341073031357747 0.8260531142512421 0.41789975682676456 -0.05660172260998808 -0.46733573564731623 -0.5591110662883066 0.6832472729114215 0.36169337545813596 0.0 0.0 0.0 1.0
0.8105074439257918 0.06959601348967584 0.5854426972886979 -0.08337783534671674 -0.47770652834657745 0.6587601055072225 0.583008610010412 -0.057920204926385555 -0.34488404906609105 -0.7489999109495599 0.5659549586238845 0.3740810851886812 0.0 0.0 0.0 1.0
0.8079684108219904 0.019406968965696738 0.5926702551911384 -0.1151094296894555 -0.4757453893515064 0.617594419849552 0.6287980936850552 -0.07248120907344441 -0.3536935469831071 -0.7864591248504589 0.5074011571519148 0.4052429528073268 0.0 0.0 0.0 1.0
0.8418970105047789 -0.09852906740356622 0.5277843538156765 -0.15838020344015905 -0.4546896501745398 0.3920723237515734 0.7989542282124648 -0.1430290768516928 -0.2857041718512459 -0.914509788513677 0.28570476045408283 0.4281853176189166 0.0 0.0 0.0 1.0
0.8704018082293135 -0.09387405781217195 0.4850988747693091 -0.1605501229606465 -0.447530840326254 0.266060306283266 0.8559730329285155 -0.17014085142899676 -0.20927785001423352 -0.9596047407800594 0.19006028062171573 0.4342993014174147 0.0 0.0 0.0 1.0
0.7534528884011759 -0.12156690632579362 -0.644904248091884 0.06784981448645566 0.5797836005572297 0.5854611619904385 0.5665127390855178 -0.09995654024211609 0.3089712567869996 -0.801677460330178 0.5116316929579654 0.4317480776446418 0.0 0.0 0.0 1.0
0.7002471268446993 -0.34986445911949154 -0.6266937228125793 0.11494826569840322 0.5695427791919474 0.8025706852122265 0.18683010809399994 -0.08808594585609808 0.4377069014391456 -0.48441981790607563 0.7592214969502998 0.3550448793875668 0.0 0.0 0.0 1.0
0.7798381247974084 -0.16350643549000474 -0.6092288984201659 0.08482548245623664 0.5509388253575124 0.6479248761662002 0.5321495769132667 -0.09125434720534698 0.30757496563851894 -0.7443115138371955 0.5947628129154998 0.43897163300930775 0.0 0.0 0.0 1.0
0.8173780372831636 -0.20271948930964703 -0.546876127711777 0.03513444100420718 0.5697392760215647 0.47752403517963726 0.673131437596346 -0.11280296011870311 0.12480477227546494 -0.8552274121183158 0.504647420612158 0.42096207488642845 0.0 0.0 0.0 1.0
0.6870270472424391 -0.22671852464654818 -0.6946074944804219 0.04023763496910315 0.7191669763768036 0.37689781658220867 0.5879576251133409 -0.10410265894405074 0.1287611634226788 -0.8979658894778395 0.42184658936624275 0.43446526425135845 0.0 0.0 0.0 1.0
-0.767405419922849 0.5357080894224139 -0.35440736407542067 -0.003953156083952053 0.13978410752379958 -0.4002749352791162 -0.9060435744129782 0.004372552093297344 -0.6263080118729931 -0.7447628229622058 0.23341007367619057 0.3286687378233233 0.0 0.0 0.0 1.0
0.6471410723744896 0.5978890278695372 0.46738848498440266 0.0025039726050067046 -0.6418358638224009 0.7612311168622174 -0.08293319265187586 0.0329279659620364 -0.4051068032692187 -0.24788285904002283 0.8784606868733129 0.22520951563583752 0.0 0.0 0.0 1.0
0.34448274721198385 -0.7148778130511504 -0.6075740609126123 0.03824014340683332 0.9331969230297508 0.1932245178292143 0.302561440439437 0.05856874285770619 -0.09956737111697452 -0.6720294804823856 0.7338043495973756 0.2614310412287054 0.0 0.0 0.0 1.0
-0.382395910072685 0.9242610533220043 0.03740162138410477 -0.04660354608828721 -0.6045375899653956 -0.2195981430808867 -0.7658563993420666 0.13152556740914223 -0.6998132590528106 -0.3155014935364915 0.6423855095050579 0.2268094865241907 0.0 0.0 0.0 1.0
0.9578384431967912 -0.06896156853862535 0.27837900100442636 -0.09982377606418508 -0.2600459565608766 0.19984635869201103 0.9449100202624242 -0.20394689657644383 -0.12074030520066918 -0.9773087368146826 0.17365934300121336 0.4171397325120586 0.0 0.0 0.0 1.0
0.8685564417677167 -0.10323184150757052 0.47798284383577416 -0.1927647840853562 -0.44560931845520735 0.23594942600685453 0.8611259663805314 -0.2015336460845179 -0.2016842680891461 -0.9664419764450071 0.15886130907013946 0.49432321436618887 0.0 0.0 0.0 1.0
-0.7560251638718126 -0.5864843359423767 -0.2898748564088351 0.015413843481591055 0.5390576982908667 -0.30647342579574044 -0.7844664449295193 0.2217060566726506 0.37104951233500166 -0.7494208460551248 0.5477247230740389 0.32523929474874497 0.0 0.0 0.0 1.0
0.20458152991144557 -0.7905244758783925 -0.5819813745779695 0.0484012854434224 0.8608518634410769 0.4276922048671569 -0.2807322184240727 0.12889031905525183 0.4713237128272923 -0.4408922715283114 0.7657924745122449 0.31363580737412944 0.0 0.0 0.0 1.0
-0.8497480211868125 0.5146352296450118 0.1162913610816871 0.02536885302879696 -0.41556190818800726 -0.5165547365230626 -0.7487705935297188 0.190502767714136 -0.3249948592538007 -0.6840366278208145 0.6533301129185101 0.2654566172026477 0.0 0.0 0.0 1.0
-0.4020972244034657 -0.8923075474122536 0.20867645743476898 -0.006247527501212269 0.38310378371705206 -0.37169309064166095 -0.8462217056187727 0.19080625817547742 0.8321956773049897 -0.2603381504539792 0.49104059847271064 0.27466743427604573 0.0 0.0 0.0 1.0
-0.04214061072609036 0.6204651689758541 0.7810623367628411 -0.1103318671773568 -0.9974974950823218 -0.028279857306578657 -0.03057821786524753 0.1458273575414898 0.0038354248141965336 -0.7832097872493067 0.6205997342115734 0.31960471931387235 0.0 0.0 0.0 1.0
-0.5625246625674878 0.7977613073377199 0.22069665853496612 -0.05342612696145217 -0.6195371613620104 -0.23065392888090352 -0.7510150409534757 0.2683723597342241 -0.5484627914190504 -0.5590264768613905 0.6232473471605261 0.3157140902377252 0.0 0.0 0.0 1.0
-0.99036707680409 0.13623953325914237 0.029054677077605635 -0.03650842799383075 -0.10031272936567227 -0.5502053766769286 -0.828136544235063 0.26629697301452193 -0.0968540390125942 -0.823036613993187 0.5586088088037997 0.33289053483931574 0.0 0.0 0.0 1.0
-0.9169524043616548 0.01161972627702617 0.3991599622463277 -0.06292256220660075 -0.35849877855804446 -0.46460599840930755 -0.809733050688845 0.23823792882985087 0.17595315054967836 -0.8852520165043787 0.4301981102923289 0.4178046005777055 0.0 0.0 0.0 1.0
-0.9369368425566075 0.34359712364639755 0.06229007593599086 0.015078809198540571 -0.16258475056709257 -0.27155489346204625 -0.9484403690282168 0.16999965703757497 -0.30898844641325945 -0.8988668544078496 0.3097221520744336 0.4472436874733207 0.0 0.0 0.0 1.0
0.5248795861910173 -0.15400737992730437 0.8370843678799091 -0.11970530141744168 -0.8201452551074497 -0.3552460329582172 0.4496763539884081 0.06579810000417319 0.22822741071842742 -0.9221866529396385 -0.31198945167899644 0.43452919329631146 0.0 0.0 0.0 1.0
-0.3878137637201161 -0.764620488988236 -0.5157141988598899 0.13296386254752193 0.6120494064479381 0.20410957560383655 -0.764340528992551 0.1495506834582243 0.6896541534575533 -0.6117167695652305 0.38847391459961883 0.4301218327059296 0.0 0.0 0.0 1.0
0.26682637805970605 0.35307440039109356 0.8945252418610075 -0.05864880580315761 -0.9598305840712296 0.03213626743716589 0.27419109369935035 0.07940681061118443 0.06871208607505176 -0.9348343289909246 0.3470026570196053 0.35045178062259374 0.0 0.0 0.0 1.0
-0.5434856938408466 -0.01652701919627666 0.8409699492905761 -0.04363319092644116 -0.7462074046175795 -0.45373526484283794 -0.4913949460897632 0.12653336264554232 0.3877349766169254 -0.8916594168843777 0.23560846782078812 0.3434371540983718 0.0 0.0 0.0 1.0
0.5544670674059219 0.386322380172523 0.7362101564250612 -0.11516926243470536 -0.7844580225968408 0.5362082302755679 0.30872179304804703 0.08503362869004949 -0.27498261816817354 -0.7502655637438594 0.600540709122529 0.4004281339084638 0.0 0.0 0.0 1.0
0.3925963534253242 0.7668501149408289 0.5084732997829536 -0.12084086670887202 -0.7853144515341617 0.5675654034786968 -0.24940698378851442 0.18799807778444894 -0.48017306789537345 -0.30099384274842544 0.8251909006257606 0.3563618585580686 0.0 0.0 0.0 1.0
-0.2853651001442887 0.9397452320099302 0.18656138551414758 -0.0878626574238558 -0.714746857717409 -0.07964698165570065 -0.694479502701529 0.2490371690068338 -0.6376074005333049 -0.3315908435493739 0.6950206899314724 0.3495178457960616 0.0 0.0 0.0 1.0
0.2050472515784917 0.8406749487214358 0.4989045657496457 -0.17264026612804773 -0.7852823921188835 0.44608363733934825 -0.42828982376845626 0.2692245597766968 -0.5816565674597585 -0.30525642992774715 0.752992693476738 0.30561576878961955 0.0 0.0 0.0 1.0
-0.7140171406874629 0.12838394351073806 0.6893480097522099 -0.029765713294464702 -0.690409087047944 -0.3012023309724557 -0.6594315102088795 0.16102132562805122 0.12215620736646048 -0.9454526162592068 0.30344250239976117 0.3609474078786372 0.0 0.0 0.0 1.0
0.24735947815901307 0.5737474606529275 0.7805830086435337 -0.09401230559977111 -0.7186164394718046 0.6487028564231438 -0.24944262982840004 0.1259415435250213 -0.6490164686379879 -0.4999641169779869 0.5735043130291215 0.37348552306149707 0.0 0.0 0.0 1.0
0.45944537704649846 0.4010295566480889 0.7939006164230838 -0.10978804983129617 -0.650557628265018 0.7600972619191907 -0.007566819512999531 0.09554377656097723 -0.6065004399981863 -0.5119227401340407 0.6097676747670456 0.3971150019799784 0.0 0.0 0.0 1.0
-0.560596002852641 0.6541989420578667 -0.5078845652449968 0.06848318653664198 -0.8276701289533517 -0.46681521305603063 0.3126374337810981 -0.012771750629268531 -0.03247236566948347 0.5957146337036814 0.8028761610715199 0.26297095525432956 0.0 0.0 0.0 1.0
-0.5109912815396042 0.7066098315451108 -0.4897904098191114 0.06354768282634975 -0.8587922066949618 -0.4034538798784204 0.3141319498878922 -0.0021772666195919756 0.024893241286271777 0.5808028871188446 0.8127267200022223 0.2645916547067431 0.0 0.0 0.0 1.0
-0.5390875254436766 0.7597201256612701 -0.36616239794061367 0.0298600118295097 -0.8322180264512558 -0.5489755175608185 0.08760402133218156 0.0983891736327266 -0.13516048668436229 0.3520304561656669 0.9269668816601835 0.2528285344935129 0.0 0.0 0.0 1.0
-0.5934526574703353 0.7728088188182755 -0.2230674492977058 0.04934816318790204 -0.7783139820175373 -0.6217581964374865 -0.08616482844777389 0.13274427866390287 -0.20523048859578352 0.12259595851831502 0.9708458696273292 0.26283783455264986 0.0 0.0 0.0 1.0
-0.8470731479264482 0.24708333258028597 -0.47085730635295525 0.08978691504965483 -0.35118369632380997 -0.9249690128758908 0.14784882921857034 0.03693955385738103 -0.3987811891500698 0.29059889636159203 0.8704014674458623 0.2884396859080942 0.0 0.0 0.0 1.0
-0.9913413043512476 0.10026228183452562 -0.08397862197277181 0.008092474359332275 -0.05278582877711531 -0.8944366668319867 -0.4442440838565443 0.1794242070828191 -0.119619706598756 -0.43597663192086766 0.8921089056509923 0.2775968094999216 0.0 0.0 0.0 1.0
-0.992856675630097 0.07101346136155207 -0.0949482944631948 -0.008159731311625795 -0.018880818558482275 -0.8854139898968358 -0.46477234470061013 0.18533516132444736 -0.11710495686026923 -0.4597493133355417 0.8802422886362291 0.2826917459125378 0.0 0.0 0.0 1.0
-0.9573303533741492 0.27408139440790774 -0.09157953767815762 -0.032389270079073565 -0.21830445874946033 -0.8935641515546642 -0.3922657495859975 0.21973476500547326 -0.18934667838538152 -0.3555369979911779 0.9152767511403768 0.24981808773478437 0.0 0.0 0.0 1.0
-0.970077181132604 0.22946963308407042 -0.07856675498258177 -0.03348878485625669 -0.18683904673337967 -0.9133199743656717 -0.3613148196862986 0.2119128937734831 -0.15470242292753503 -0.3358111168878993 0.9290557461390037 0.2598200426386773 0.0 0.0 0.0 1.0
-0.9726860874317957 0.20864057646800646 -0.10043275217601708 -0.045111607134606185 -0.1463765086253024 -0.890368199169247 -0.43128074152964707 0.21419673642963155 -0.17939801016811496 -0.40494980054098084 0.8964557059472308 0.25448852509039144 0.0 0.0 0.0 1.0
-0.9867545243445324 0.018534607451421728 -0.16192483972301475 0.04717936239711209 0.09589190951422108 -0.7366564522570316 -0.6695840363184752 0.24640599284797332 -0.13147687441457956 -0.6762208807881455 0.7249006947908737 0.29878488906830675 0.0 0.0 0.0 1.0
-0.9773328501618608 -0.04908005509270103 -0.20653077491627658 0.05687396867722624 0.18164345592992318 -0.6958261245946027 -0.6949073241476178 0.25924205393354754 -0.10977718743537433 -0.7168129019488503 0.6885924054003668 0.31998202126067143 0.0 0.0 0.0 1.0
-0.9569857178078592 -0.0824241499318987 -0.27752327026555806 0.07161704243927901 0.26285388495312634 -0.6503356848837581 -0.7124329771045106 0.28576004244274944 -0.12171261626856088 -0.7547484974552942 0.6442397910483221 0.33898831109396965 0.0 0.0 0.0 1.0
-0.881224856287822 -0.14789446356136599 -0.4487193589105806 0.03329613597647438 0.4725635209434139 -0.2826802303712035 -0.8352303369099933 0.2692782642813042 -0.0036133604627672845 -0.9479279834636744 0.31873812643658855 0.5029257521797815 0.0 0.0 0.0 1.0
-0.9119710882994735 -0.129561843433349 -0.3892192159698937 0.02463763797496045 0.4100386672641424 -0.2867382704864919 -0.8657493056191137 0.2753116874342293 0.0012772067206956081 -0.9492513134409641 0.31446085017688324 0.5172973378510448 0.0 0.0 0.0 1.0
-0.6633517584364125 -0.4080019489463662 -0.6285116116848873 0.08047658357957857 0.7485388381564685 -0.318540378634918 -0.5826285786993214 0.22487236626543253 0.03693120445251339 -0.8564891997149997 0.5154590470631155 0.4416835910515483 0.0 0.0 0.0 1.0
-0.7946678454965057 -0.18269134199955148 -0.5795134023467552 0.0834754340579763 0.6067016017708973 -0.29234652615375095 -0.7410477535734233 0.26194718406620404 -0.034907525351098194 -0.9396327145573872 0.3420332893115217 0.484840175206816 0.0 0.0 0.0 1.0
-0.8172624342300582 -0.08365164347685508 -0.5709489832178288 0.1013748035110816 0.5618524434108618 -0.3401084474212448 -0.7547865419632551 0.2710102390577429 -0.1316291368480664 -0.9371493846579327 0.3243948799745805 0.4760845972064508 0.0 0.0 0.0 1.0
-0.8691863590580213 -0.03571332485313723 -0.4929485406085925 0.06560041091179288 0.47732290283969464 -0.31938170382791164 -0.8188042928304519 0.2551887853247423 -0.12864644396575997 -0.9468357273860962 0.29471069668377486 0.5011804046299999 0.0 0.0 0.0 1.0
-0.7748065571525058 -0.16039101465018102 -0.6112506733709476 0.10252790235035782 0.6310886060218329 -0.20825218662010012 -0.7455989368193666 0.25130348234613187 -0.006724309008702909 -0.9640472439042754 0.2637305748870276 0.47876774802632 0.0 0.0 0.0 1.0
-0.6472824124222719 -0.42227000507443196 -0.6343823075635807 0.1619975210023294 0.6738813969379953 0.06928340407190627 -0.7340882214486436 0.29552425977615043 0.3544819800133032 -0.9025766915199047 0.24073891253289856 0.6097231262673803 0.0 0.0 0.0 1.0
-0.8375040742003911 -0.18137432760933753 -0.5150005787582561 0.1365770827207165 0.5346538227790917 -0.07942904847927397 -0.8416223901178872 0.29943424235805205 0.11154261353295315 -0.9807450356358933 0.16316739643150233 0.5961991158763873 0.0 0.0 0.0 1.0
-0.5638030819952163 -0.7158305737554745 -0.411402102117332 0.11747302967528377 0.5657224412325864 0.02856390793790031 -0.8244695039009395 0.16226153001131688 0.6022888013534993 -0.6972035047039468 0.3890313838092035 0.5735622149227328 0.0 0.0 0.0 1.0
-0.5845443014718511 -0.809686153191781 0.04336254668516582 -0.00962496812877257 0.2624346121361187 -0.2394405715731325 -0.9344790821685485 0.10401655959174552 0.767407435460982 -0.5348308308862079 0.35254812026989724 0.5263441474361792 0.0 0.0 0.0 1.0
-0.3072767690411262 -0.8742358799137981 -0.3716585347909484 0.08001254139601002 0.4647036071970812 0.2013299723650316 -0.8606338534342196 0.18346486120553723 0.8284533190206362 -0.4377548247457438 0.34695731019504905 0.5612858475023758 0.0 0.0 0.0 1.0
0.07259285876092288 -0.9695729935025081 0.24263349441965681 -0.021596807521272958 0.013386768609323717 -0.24137511038532486 -0.9709525207501982 0.0671446933730987 0.9989866707102336 0.07282686861903781 -0.006052443336491788 0.6022743833896234 0.0 0.0 0.0 1.0
-0.2154598388194897 -0.9042561139251211 -0.36840107761276164 0.07013682985268803 0.2838993800581882 0.30318210580852695 -0.9094106140774534 0.14362716517779336 0.9343946651770153 -0.3004302070340154 0.19186800916819313 0.683016436728509 0.0 0.0 0.0 1.0
-0.33259011550797224 -0.8699838688170132 -0.3645627813890885 0.03846124892876374 0.4281586454911368 0.20529428634868285 -0.8801645882226797 0.18458574368179054 0.8401702063587994 -0.4494502738783372 0.30375386347729055 0.6346385312236769 0.0 0.0 0.0 1.0
-0.3244088919345734 -0.9372429957719469 -0.12692092336040736 -0.03259741470759697 0.32378551541088585 0.01570169521903183 -0.94617012124028 0.21010147400206564 0.8890581176231914 -0.3481552036242897 0.29836589365353805 0.5909109720423968 0.0 0.0 0.0 1.0
-0.22039356608619706 -0.9544241486790375 0.2127766866350176 -0.017821550067157688 0.16002891958810034 -0.2482332597446312 -0.9568809122291554 0.13320236033640676 0.9651790592037406 -0.17911025672521594 0.20476212449379214 0.5774433784037226 0.0 0.0 0.0 1.0
-0.9039342781247948 -0.22847920206086106 -0.36174193569033514 0.08345248482898836 0.39495246485739616 -0.12175147043699998 -0.910524193230974 0.3500456181357615 0.16398697470818524 -0.9658588893024327 0.19970469032948854 0.5506367279911877 0.0 0.0 0.0 1.0
-0.8778142913562107 -0.19269595696090697 -0.438905348191473 0.08196009439340882 0.4715364132287111 -0.17822487389590097 -0.8648056840746446 0.3227556740414169 0.0875900173148477 -0.9654651192742842 0.2466706689614545 0.5242428706654846 0.0 0.0 0.0 1.0
-0.9100929009994381 -0.10505058178344671 -0.40021294607798413 0.05519038627565445 0.414106783731586 -0.21490498459489943 -0.8849629963324095 0.347123236779081 0.006994747311091692 -0.970948395917654 0.23875161608368642 0.5203056074564512 0.0 0.0 0.0 1.0
-0.5021159177702093 -0.8021669811766534 0.32521621640467124 0.010394535551924593 0.13362626674352607 -0.44279909488030483 -0.8867737811206605 0.03284452128876507 0.8550336004061037 -0.40198631427613046 0.32989411517279116 0.5478835194631231 0.0 0.0 0.0 1.0
-0.6340279028934017 -0.7723045410856041 0.012539651582357732 0.02808344632376083 0.4701085581050827 -0.39953587407042046 -0.7862352824479881 0.021728785037471776 0.6128131787565966 -0.4923803752303335 0.6174823828118216 0.519683145081401 0.0 0.0 0.0 1.0
-0.3702629151883652 -0.9267913499096007 0.07477437537493799 0.004762830208561029 0.16040310688934753 -0.14195443157291293 -0.9772421798242399 0.09423151523483554 0.9162320998588427 -0.34982519619465213 0.2004162015152422 0.552115721044334 0.0 0.0 0.0 1.0
-0.5645675955863817 -0.7510587309250534 -0.3404518149498219 0.10004316796419069 0.5348168018609434 -0.021220317044503653 -0.843324595599837 0.16028887023815214 0.6268583594791748 -0.6580640397184735 0.4144921623374561 0.5368321665613446 0.0 0.0 0.0 1.0
0.09521191654451956 -0.9877036137897002 0.15115570753587695 0.05882955961895338 0.3492210658517426 -0.10755382682029141 -0.9327729504638493 -0.00276014354804216 0.9358621015464237 0.13972715637667005 0.3300660445736197 0.5385860250472028 0.0 0.0 0.0 1.0
0.03200996575563585 -0.8506825647640027 0.5298760184502271 -0.042111646990060626 0.003222856035041367 -0.5283329452340011 -0.8496829788728433 -0.04158001126755301 1.001747014758601 0.028424434949197133 -0.014994837422469234 0.47170759943433105 0.0 0.0 0.0 1.0
0.32756929856785366 -0.8976233558870366 0.29423820579962406 0.006448184354921048 0.1256780949957332 -0.26788803611872974 -0.955380182640818 -0.04703510682462547 0.9359226077306462 0.34991043135062116 0.025345799078725487 0.5361776579778336 0.0 0.0 0.0 1.0
0.29707109145248606 -0.8384763894407711 0.46026837081190686 -0.01660095736788463 0.0821755423744016 -0.45744561992430965 -0.8860314586005752 -0.058917829908628566 0.9529997924127479 0.2996018361973016 -0.06782602064554002 0.5250969981012066 0.0 0.0 0.0 1.0
0.5049775672425285 -0.7177203042549809 0.48460379756115557 0.011512165486683917 -0.11373479713148024 -0.6095967209916469 -0.7845623281237911 -0.06239886521391 0.8586259060253736 0.3400657631727085 -0.3899136715543123 0.5755159042517766 0.0 0.0 0.0 1.0
0.3231973605146952 -0.7235835624038972 0.6130706896805026 -0.09148536290177936 -0.23584097826744094 -0.686977123436269 -0.6874238053814242 -0.07005133408388817 0.9186753654658738 0.07729445725863664 -0.39343434966152346 0.5554282394658936 0.0 0.0 0.0 1.0
0.5065908183581196 -0.8272754126221745 0.23823469524562324 0.037643821637266664 -0.0068172330780471215 -0.2807801762692485 -0.9602125104738483 -0.0699065517246947 0.8610351851159522 0.4860824437303688 -0.1472592957843669 0.5916967680276832 0.0 0.0 0.0 1.0
0.2772520632534424 -0.8892928019449795 0.36193080914821496 -0.02423374549474333 -0.03179850261443754 -0.3853855180447127 -0.9223154269847389 -0.021528886468993105 0.9594384260786447 0.24456910585039535 -0.13525751100024064 0.5501063495730197 0.0 0.0 0.0 1.0
-0.8599719765075629 -0.43606095213880774 -0.2661759023555199 -0.04106833736074497 0.24061873754261345 0.11456227713711316 -0.9646560059170658 0.38709474112311637 0.4503574531402 -0.8935161991711539 0.0057824607105827555 0.4920109225491925 0.0 0.0 0.0 1.0
-0.8982852655181507 -0.35125646112929176 -0.2650270504971843 0.0005678692898272719 0.2589312898756162 0.06482097739104443 -0.9633874816304451 0.33113305614175537 0.35563877947588063 -0.9340341109088935 0.03280837502414765 0.479914746425938 0.0 0.0 0.0 1.0
-0.9430775670713312 -0.2077260290795689 -0.2588897262564457 0.0383825048774738 0.21715319073386585 0.19978059437099055 -0.9543913625618048 0.3049316980340932 0.2506172688072449 -0.956642981894964 -0.14279012892053575 0.5172074201993756 0.0 0.0 0.0 1.0
-0.9288611363555008 -0.27703761698551305 -0.24703880666705505 0.026481335817557572 0.26253458705863225 -0.01930791052711636 -0.96423322410111 0.3540702846841126 0.26227541035403806 -0.9605598051093326 0.09138153512833833 0.45137814684557753 0.0 0.0 0.0 1.0
-0.9428706336992804 -0.27765231001122515 -0.1840666669519193 -0.06594327204731909 0.233296968291816 -0.15972247402279866 -0.9580835215663498 0.412957800240781 0.23694522476968966 -0.9466688513481218 0.21536862084156144 0.43000520023888605 0.0 0.0 0.0 1.0
-0.9330983536784627 -0.32067087449637416 -0.16418270810982505 -0.06428673479564675 0.23523515726145447 -0.1961601551571322 -0.9534881073311159 0.43845179096237585 0.2726684909071426 -0.9280779750682348 0.25734872634786726 0.4128130480340315 0.0 0.0 0.0 1.0
-0.9373821275189087 -0.3163560305325447 -0.1461987183660512 -0.08207025980901522 0.2103867634737855 -0.1782737561885258 -0.9613683061021032 0.40103039246862815 0.27818552962950926 -0.9315385426018893 0.23361862129868838 0.4109241261712538 0.0 0.0 0.0 1.0
-0.958557349251763 -0.22060209329568756 -0.1817781756400019 -0.03164434861655899 0.17958499335680705 0.032549066676053756 -0.9838683689661695 0.39898667592444903 0.22253109680516556 -0.975326704432302 0.008234896604995975 0.48506686084540596 0.0 0.0 0.0 1.0
-0.9719825994958474 -0.15919451349718253 -0.171590397303237 -0.06355246052758032 0.17554400899215006 -0.016689003165320956 -0.9838849628097481 0.34786618825052984 0.1543751496344053 -0.9866793299588987 0.04458684917939517 0.464670898776693 0.0 0.0 0.0 1.0
-0.9438039028632743 -0.2741821084206312 -0.1863112409046792 -0.07188751121317022 0.1702793588516197 0.08410406185468293 -0.982824930247424 0.35380196691946136 0.2844922768184572 -0.959016168212516 -0.0330202329768569 0.5131990634934299 0.0 0.0 0.0 1.0
-0.8965954907881444 -0.3829702054249421 -0.2217042347861175 -0.03210847821073007 0.17042269147841269 0.16426152360797855 -0.9723246030957726 0.2585741884494097 0.40861995473075585 -0.9094920639842459 -0.0825395622731289 0.5212360576976504 0.0 0.0 0.0 1.0
-0.683799412109139 -0.5625141086723388 -0.464507900514688 -0.003335891783465078 0.30394315136391675 0.3592264008583133 -0.8823103663621795 0.3162951575310938 0.6632831238902689 -0.7440887749020162 -0.07431874510807067 0.47635430592728 0.0 0.0 0.0 1.0
-0.6743067601398235 -0.5810100885187207 -0.45605322663542464 0.009567735386928372 0.24240387903228636 0.4094950873612484 -0.8807040149163889 0.3070966398285616 0.6976910936528036 -0.7038553999443642 -0.13554480132473187 0.5095041500526436 0.0 0.0 0.0 1.0
-0.687692210896199 -0.3820765545146028 -0.6176109752447465 0.1397075412916155 0.16599004078332175 0.745597970780452 -0.6457332187899695 0.29127014644850246 0.7069763455788848 -0.5468758960231546 -0.4492990738885607 0.6066668811313988 0.0 0.0 0.0 1.0
-0.6613470856158971 -0.4001226122956106 -0.6343502805254884 0.1469568336135606 0.18781849290296387 0.7303496384177789 -0.6566725412526737 0.29338747190567993 0.7262041734003474 -0.5534567331880573 -0.4075569900326903 0.5831106110531683 0.0 0.0 0.0 1.0
-0.6720728752562561 -0.39072936711128825 -0.6289646464855183 0.148359524245563 0.13015656546942683 0.773790157703231 -0.6197896769905601 0.27538200495438764 0.7290479096419398 -0.49847242227006516 -0.4692035243699039 0.6183976310119054 0.0 0.0 0.0 1.0
-0.7263536740382244 -0.35765870674826183 -0.5867585058161677 0.13961246496548751 0.11747217315149973 0.7765598351538728 -0.6190151523815632 0.3116554900161739 0.6768920457559183 -0.5186487962557494 -0.5221304392503755 0.6641729678995942 0.0 0.0 0.0 1.0
-0.8306565089167226 -0.3291437592489039 -0.44887595843812517 0.054927225438076266 0.03110285769307101 0.7777943706291205 -0.62793303325426 0.3083435893049795 0.5559776491194597 -0.5354230799195496 -0.6356236125738458 0.787233803953271 0.0 0.0 0.0 1.0
-0.8250424162769534 -0.3399015137288124 -0.4518469238182448 0.058559845833679514 0.02751166720202121 0.774272102471112 -0.6325570950979568 0.3079436574195304 0.5646117065998303 -0.5341470984413044 -0.6294861043228006 0.7843991436694625 0.0 0.0 0.0 1.0
-0.8414098263173205 -0.34429072996122545 -0.4169452385203428 0.03532366612442939 -0.007610897274308715 0.7789228869389488 -0.6276449747543983 0.3215471245205939 0.5404444080432369 -0.5247839385401725 -0.6577832240861754 0.7928671478109393 0.0 0.0 0.0 1.0
-0.8505813365591905 -0.353173575553712 -0.3897361485690352 0.0011245457975307682 -0.015643338125403135 0.7578505758526027 -0.6525330844035242 0.3139282345716644 0.5257376701271745 -0.5489108508398215 -0.6501661564456587 0.8116002283219481 0.0 0.0 0.0 1.0
-0.8357923335495852 -0.38057625093951897 -0.3953530955371194 0.0015484092848088993 -0.008961542275694992 0.7292665017945298 -0.6838151389681185 0.34499812271292946 0.5487475236309866 -0.5682106845685758 -0.6131841769502235 0.7846230236453683 0.0 0.0 0.0 1.0
-0.8386068715203567 -0.33703516897397395 -0.4283029122919304 -0.004696411388862759 6.953502397032635e-05 0.7856498561970656 -0.6188077270793013 0.3204305177018281 0.5451579180015231 -0.5187855355404377 -0.6587574778697732 0.7784521007018418 0.0 0.0 0.0 1.0
-0.8216167241657703 -0.3254951282955577 -0.4678014684284303 0.0029266140903831672 -3.643187790460235e-05 0.8208332241755143 -0.5711935616460635 0.29454305689475135 0.5697708624026459 -0.46937711678892524 -0.674625286960273 0.7635188342272861 0.0 0.0 0.0 1.0
-0.7994761394267054 -0.3575435021348327 -0.48276091775752883 0.03782644212629807 0.030454478036671027 0.7784446870881591 -0.6268733105425341 0.31266417435957083 0.5996187739633528 -0.5160904111170711 -0.6118706605022611 0.7381550469011655 0.0 0.0 0.0 1.0
-0.8167342452673036 -0.350265797647358 -0.45902957817689777 0.04510577732483606 0.06676723080913674 0.733010517293398 -0.6777007351514358 0.3602358693423032 0.573033333483826 -0.5842942247796846 -0.575513048165209 0.7369679459279028 0.0 0.0 0.0 1.0
-0.8299736719158156 -0.3991763394375477 -0.388973419115824 0.020711272064978248 0.0849911275529887 0.597990664890847 -0.7967785486267466 0.3395638919618986 0.5510157714218502 -0.69404150176979 -0.4624858999548534 0.7134329497052182 0.0 0.0 0.0 1.0
-0.8293755065985778 -0.4114013578809782 -0.37857509819502627 0.009491587238377036 0.07342705786859303 0.5909741870726487 -0.8028454081197186 0.33664275198728155 0.5541245420291652 -0.6941995108663801 -0.46031185954447545 0.6952430368022285 0.0 0.0 0.0 1.0
-0.826033171426053 -0.39488695249885064 -0.4020095124974311 0.02353914214038999 0.07091182299624901 0.6339388131183823 -0.7693456223157642 0.3436246506245572 0.5592397592139929 -0.6642077682303376 -0.495855109822125 0.7009816393344038 0.0 0.0 0.0 1.0
-0.8093964891258355 -0.4107589435357898 -0.4206302912816693 0.02479104034709098 0.08375914920391174 0.6279091634898931 -0.7741637930454893 0.3857378639939746 0.5814930983169484 -0.6617802082313369 -0.47400006526914157 0.6908873599576107 0.0 0.0 0.0 1.0
-0.8138697697046475 -0.3896849000051019 -0.43119180803335777 0.04596955777802586 0.089807918569073 0.6487205835966634 -0.7560999703605709 0.36796942275861133 0.57446673175079 -0.65353492448354 -0.4928693827642741 0.6921338935409809 0.0 0.0 0.0 1.0
-0.8271752901434286 -0.39378883239567086 -0.40093470484782384 0.029672010242085406 0.08022809604415296 0.6230235856862232 -0.7782635791971374 0.3649255709871748 0.5564574397999532 -0.675545466741426 -0.48367893401929846 0.6930252749931743 0.0 0.0 0.0 1.0
-0.7963951239995816 -0.39807412293454736 -0.4555583216638389 0.05579529557063434 0.1069672010413739 0.6495133640823981 -0.7534849133639687 0.36907392268970646 0.5955695791731389 -0.648622409342035 -0.47454156673514925 0.6794102692238463 0.0 0.0 0.0 1.0
-0.7507547095172343 -0.4270320854935725 -0.5041534732248653 0.09213150310226398 0.06712593709901428 0.7101406830279343 -0.7013512096394178 0.3233158133937036 0.6570638306268096 -0.5604561858570141 -0.5045640427746622 0.6842197026397083 0.0 0.0 0.0 1.0
-0.7364465088990275 -0.41096359914600716 -0.5368529089983022 0.13072250559638704 0.0854058648674327 0.7311147094760582 -0.6767937316676966 0.3264795080701116 0.6707707030800759 -0.5443127695565695 -0.503209443420259 0.6616897113093718 0.0 0.0 0.0 1.0
-0.7404183373447861 -0.39335291507854636 -0.5453512985345946 0.1394927463496628 0.0858651542612472 0.7491448436108662 -0.6568172659421843 0.29523508251522523 0.6667202665232437 -0.5330167123446408 -0.5212385776586052 0.6621649389559651 0.0 0.0 0.0 1.0
-0.72458201367166 -0.4164176214957629 -0.5491912040316949 0.1322544126407098 0.0984262694687907 0.726168793171509 -0.6804138598414189 0.3510141990419104 0.6818895150032285 -0.54719395808979 -0.4854528345674916 0.6631343828347414 0.0 0.0 0.0 1.0
-0.7205371128417539 -0.41180331676656257 -0.5577849870521416 0.14465663537539147 0.12147428158078631 0.7171515719283909 -0.6862310236105492 0.3368453985442719 0.682706253065968 -0.5622435731524621 -0.4667367144609287 0.6583340858863095 0.0 0.0 0.0 1.0
-0.7300567148263067 -0.43297703226037787 -0.5284671461152587 0.13229078528396765 0.10831681853582595 0.6898185115609107 -0.7151427416001277 0.3667508667287025 0.6743690219262559 -0.5798192525387447 -0.4569852183949731 0.651549124628773 0.0 0.0 0.0 1.0
-0.7420245924296968 -0.4131900701670426 -0.5280188636006441 0.09739648080789266 0.09257761887899313 0.716805762126084 -0.6911367587641469 0.359573485613288 0.6642648783694983 -0.561525979297236 -0.49365782648898604 0.6540790377589115 0.0 0.0 0.0 1.0
-0.6921520127163363 -0.43322173717110957 -0.5774854526149521 0.12017144882902304 0.08877170346847216 0.7427751192375562 -0.6637320187407258 0.34171572925658966 0.71643821573893 -0.5104308875357189 -0.47578742389381323 0.6501749796082334 0.0 0.0 0.0 1.0
-0.6802451796891184 -0.4097454692587232 -0.6077956977025261 0.15380438130403418 0.045337607336969996 0.8037337861614684 -0.5931509088496297 0.2699598311787953 0.7316309780850052 -0.4307779217712445 -0.528390382190921 0.7095311652357511 0.0 0.0 0.0 1.0
-0.7075616738069863 -0.3656635356259258 -0.6048241609834675 0.1547594119040797 0.011060467536661855 0.8498422713033155 -0.5270942729206279 0.23949566743481998 0.7065604656083121 -0.379525383053177 -0.5974371630792888 0.7753975435260511 0.0 0.0 0.0 1.0
-0.6842471847546816 -0.3444055510021158 -0.642856509510273 0.17786475521177825 -0.07156786357648726 0.9087107645242322 -0.41093470413061745 0.23573054883462982 0.7259265067858796 -0.23502614971366204 -0.6465239949823391 0.7968350204006969 0.0 0.0 0.0 1.0
-0.6324254720670182 -0.35080727179444793 -0.6904362398148701 0.19007907644477823 -0.09880854269085206 0.9210208664201405 -0.37723835987052357 0.16644931950390626 0.7680252058250294 -0.17042400945657812 -0.6170787873180682 0.7538187274261033 0.0 0.0 0.0 1.0
-0.7022978053181832 -0.08584580605735405 -0.7068799474455489 0.13177787505971447 -0.4031888264720047 0.8664550617584195 0.29538336406792304 -0.014544924646633612 0.5873274711765101 0.4921458783436455 -0.64280739319219 0.6667259693737461 0.0 0.0 0.0 1.0
-0.6955509154782343 -0.1220275064863322 -0.7082073563860987 0.13017507519485277 -0.4157661576325423 0.8720605925608665 0.2580180869485393 -0.009726448398086316 0.5863514752572088 0.4736335125009506 -0.6574308971570711 0.6813743749779736 0.0 0.0 0.0 1.0
-0.7005635480957569 -0.09266182308475966 -0.7072392489349891 0.10708583380383119 -0.5257544073228001 0.7370237052500604 0.42425983072328527 -0.04755594040046532 0.48170650549757277 0.6693601091703301 -0.5652392988032792 0.6372694391533277 0.0 0.0 0.0 1.0
-0.7421296459326961 -0.07720954472457758 -0.6654100626775993 0.09659548337848946 -0.4239710543957384 0.8228639804027662 0.3771220000971853 -0.0461286948116879 0.5183527075044704 0.5621469535012831 -0.6440232263745043 0.6613279161166616 0.0 0.0 0.0 1.0
-0.8853305647244047 0.08711287541791266 -0.45697816459107865 0.053908379675902555 -0.13286074405497414 0.894276890277446 0.4274373330102954 -0.07590310585796288 0.44606177426971566 0.439163841198139 -0.7800076572230288 0.716949431677454 0.0 0.0 0.0 1.0
-0.85763404150381 0.07661384464642948 -0.5086156218308705 0.05537175393761828 -0.13370425919662016 0.9220187356938426 0.36400033001048676 -0.0505464161799893 0.4964578991510975 0.3799843875783481 -0.7805240870640441 0.7326131496467226 0.0 0.0 0.0 1.0
-0.8600527729233665 0.10189275728521846 -0.49985768760317834 0.05712344459496933 -0.13732269002424413 0.8975648267508067 0.41915281391713666 -0.06629775717017931 0.4912890016849041 0.42895856280590894 -0.758215915522094 0.7159728673759622 0.0 0.0 0.0 1.0
-0.857869278469184 0.10422798742365962 -0.5033254581665316 0.030270783273567945 -0.12410070451651171 0.9082858584005403 0.39937161059352305 -0.06631945604513746 0.49887286213599014 0.4048652654674978 -0.766320480878269 0.7160574243297984 0.0 0.0 0.0 1.0
-0.8462503365805477 0.16782855814933198 -0.5059602707761292 0.03703809236922061 -0.05397011616349669 0.917023332201769 0.39483751238661297 -0.05271313380394567 0.5304141525321907 0.36135628510744555 -0.767147247536218 0.7103647849645919 0.0 0.0 0.0 1.0
-0.8629267371829936 0.13925934316757715 -0.4861337982236727 0.02247669028786917 -0.061420312719212125 0.9250671028990243 0.3740369574300952 -0.03844095713851188 0.5019333332619365 0.35240503705683063 -0.7897945223413209 0.7218363665422114 0.0 0.0 0.0 1.0
-0.8482549296802071 0.15111004590418653 -0.5076668673326995 0.03744483223987999 -0.06591397874022957 0.9210206676126022 0.3842189454484847 -0.05543366109604929 0.5257016437293922 0.35949503865709015 -0.7711044041660727 0.7134020331615795 0.0 0.0 0.0 1.0
-0.8446919557218977 0.14435733689274524 -0.5157379310877603 0.025296820908145556 -0.05395967501987555 0.934872140532265 0.35016161183585676 -0.03444210198591894 0.5329466177459505 0.3235614943590601 -0.7819709607242652 0.7169717992361595 0.0 0.0 0.0 1.0
-0.8585031132069257 0.15924789128620567 -0.4877828569999824 0.026992566682005753 -0.0445917877328236 0.9240855370339852 0.37996168277299763 -0.04604376391945863 0.5112152262667705 0.34790510656657153 -0.7859265371593601 0.7187953094761347 0.0 0.0 0.0 1.0
-0.8378302909814372 0.1112612285562382 -0.5345321724124991 0.04893567573037396 -0.07357337045139724 0.9473108932452532 0.3126586139175271 -0.025464264002328298 0.5410557915917534 0.3014182300780752 -0.7851470840153592 0.7278328183089764 0.0 0.0 0.0 1.0
-0.8490346150454172 0.1062927774156518 -0.5176482172507717 0.03775737572496797 -0.09807210085624518 0.9305174885769292 0.35228437911879257 -0.011330994001930418 0.5193109992480479 0.3498864740194723 -0.7798353737611914 0.7055278451095977 0.0 0.0 0.0 1.0
-0.8604676904686781 0.2616609045560601 -0.43740313222325233 0.023428166342004574 0.15595961019831095 0.9523083421812224 0.26273776000307286 -0.016895389333898867 0.48525504471360403 0.15785814645357144 -0.8600196170329202 0.7703108946058663 0.0 0.0 0.0 1.0
-0.8290700745066503 0.29251647764741423 -0.47652445299871254 0.049037387681949346 0.19141417615900522 0.949226057361673 0.24965836828905325 -0.03069351003187508 0.5253589908877342 0.11577058385189042 -0.8429677776053432 0.7871281163606523 0.0 0.0 0.0 1.0
-0.9069745628898115 0.23510687249250622 -0.34898535334668546 -0.007758816918482202 0.1673688694184793 0.9626503416138895 0.2132219370279976 -0.025710763944745717 0.38596468367742975 0.13498458920278367 -0.9126597683121215 0.8046984685952078 0.0 0.0 0.0 1.0
-0.9134443661368429 0.26329654927976553 -0.3098783059257373 -0.007094800164416035 0.20081617811038696 0.9546204394252483 0.2192015818970472 -0.018198200546203837 0.3535187442822601 0.13799945218138537 -0.9251088029896987 0.8070680911314458 0.0 0.0 0.0 1.0
-0.9182449896379273 0.25041941503668813 -0.3072631118287408 -0.019661884524752156 0.18179580489923575 0.9549745833538394 0.23499727856924513 -0.019309779192273835 0.3523965216325435 0.15992728568991627 -0.9222898937640752 0.813683286314011 0.0 0.0 0.0 1.0
-0.915490591318721 0.24729393182521253 -0.3173787693140009 -0.009973349053039267 0.17597574189940657 0.9554071867793291 0.2369179599370534 -0.02167558559453942 0.3618594430604413 0.16103560729679994 -0.9183827975706902 0.8063355054660576 0.0 0.0 0.0 1.0
-0.917173906989081 0.2195189061488926 -0.33259105552950574 -0.0021109771413804074 0.14270220530937394 0.9603638414782417 0.23992224702246856 -0.021040235110222107 0.37196418561687944 0.17258411892331338 -0.9120182028951023 0.8012414410153704 0.0 0.0 0.0 1.0
-0.9213664719099824 0.21303755687864376 -0.32533885888719616 -0.01562854848156279 0.13614584311908223 0.9605486445384152 0.24325868036707268 -0.016529299738547498 0.36400007705319026 0.17984696779071155 -0.9140422774534586 0.8008992516385289 0.0 0.0 0.0 1.0
-0.9391472620900435 0.14367908471580393 -0.3121763779464303 -0.0026417904710768145 0.02239451448288678 0.932486455509596 0.36100624702758316 -0.03822086839328002 0.34269367811876866 0.3320819058075486 -0.8789443672928109 0.7780020500703784 0.0 0.0 0.0 1.0
-0.952702144721571 -0.0248175964106421 -0.3029368929348462 -0.025031223909646863 -0.15040827253799205 0.904763350819763 0.3981650054227271 -0.07844059023332917 0.26423284608503256 0.4247742342512908 -0.8658745109750879 0.7826169984938007 0.0 0.0 0.0 1.0
-0.9334755364267547 -0.051806755820428915 -0.3546451857801438 0.004025639413169017 -0.18295026573667966 0.9193513929110477 0.34797160469234856 -0.05747237944981773 0.3080517895183941 0.38975232110613456 -0.8679871742403952 0.7739944394450201 0.0 0.0 0.0 1.0
-0.9396276123195367 -0.03900959505893114 -0.3396264361076792 -0.0033585940965015146 -0.17331284110129666 0.910544114273295 0.37539177756467795 -0.07953906993843843 0.29435831823277375 0.4116875116886063 -0.8624961512812074 0.7697759416074336 0.0 0.0 0.0 1.0
-0.9384859451195328 0.0033307984300784774 -0.34526131988014985 0.0038197988473992334 -0.14478955961969167 0.9040921644336685 0.4016969245417208 -0.07498018470575132 0.313701914237507 0.42700013494599764 -0.8479793964624569 0.7683444762213038 0.0 0.0 0.0 1.0
-0.9465519715815721 -0.06646100511486441 -0.3156539827980743 -0.021164671073184614 -0.20423239057039627 0.8812574449510624 0.4262792401225577 -0.0964222351863359 0.2499556609074951 0.4679888335100902 -0.8474501997155612 0.7672852248520635 0.0 0.0 0.0 1.0
-0.9327580401259907 -0.08349379620790276 -0.35043025327619115 -0.0014440527666597647 -0.23401056433269132 0.8797299530907079 0.41388250187836745 -0.07929553237053553 0.2737058910317614 0.46827724779373736 -0.8401725368239046 0.7566114059511523 0.0 0.0 0.0 1.0
-0.9533668614966383 -0.09753300605788376 -0.2859734997701676 -0.04502098073634703 -0.2310828738576956 0.8465208919607377 0.48026274079614456 -0.07299339579631836 0.1953425567722004 0.5240246516035252 -0.8293215064423827 0.7731616563059756 0.0 0.0 0.0 1.0
-0.9529090664101264 -0.04820611799751048 -0.29943836914817 -0.030683870495025273 -0.20566477992526364 0.8275346350007522 0.5219803597503384 -0.08642594549779296 0.22279944760318188 0.5591208410993659 -0.7984618922636179 0.7527018976748011 0.0 0.0 0.0 1.0
-0.9241070501422248 -0.08710240064453281 -0.3719838304423432 -0.01631643764620721 -0.31513310109760884 0.7258013443669962 0.6116476291310295 -0.10562555317242368 0.21681478297846243 0.6825265004233926 -0.698056375359318 0.7094247009321514 0.0 0.0 0.0 1.0
-0.7299719718829525 0.00961983248294279 -0.683301525585529 0.1113396388634115 -0.27160059406716053 0.9131714153494987 0.30303287235063536 0.027071126275025684 0.6266618956625177 0.4068728635894059 -0.6645472792296641 0.6640287959183306 0.0 0.0 0.0 1.0
-0.7022070248249811 0.043228545108817365 -0.710890784813642 0.1160150195692233 -0.25603077396713886 0.9160704736855176 0.3088401779648642 0.018269500435743612 0.6644757603100336 0.39856444293073623 -0.6321906246832514 0.6504103360292431 0.0 0.0 0.0 1.0
-0.7480305992813966 0.1655921457481955 -0.6425084572731525 0.0868748775315985 -0.28748673455912765 0.7918254956281559 0.5389778655426448 -0.09620343599669988 0.5978770523101598 0.5881388667051805 -0.5450701835222365 0.5861438107659181 0.0 0.0 0.0 1.0
-0.7194171948697695 0.3045814807595376 -0.6241267002646065 0.07026996367574184 -0.23346707662219382 0.740436785726544 0.630145132681482 -0.12528222305337203 0.6543488010037465 0.5991641403231974 -0.4613678988271103 0.5502015525462807 0.0 0.0 0.0 1.0
-0.7298761674423756 0.30118424423621426 -0.613424111496043 0.05747571958672406 -0.22319613058533663 0.7431801084889152 0.630604081099214 -0.1279656852478194 0.6456176021589954 0.5975264689818506 -0.4754366104635368 0.5576945253737816 0.0 0.0 0.0 1.0
-0.7191848059699549 0.2995403627020878 -0.6272528005713413 0.0573808374692681 -0.250754838644346 0.7292750461094246 0.6362199976622176 -0.12943865133026713 0.6481507672921477 0.6149552447282448 -0.44955221725983835 0.5401268957522747 0.0 0.0 0.0 1.0
-0.7371450045849816 0.29347929071251727 -0.6085175263073664 0.05464662325918799 -0.23851906757488078 0.7295725465991342 0.6406453981485877 -0.13031576856464383 0.6320671287182551 0.6176059750757209 -0.46779896882361316 0.5335181641836535 0.0 0.0 0.0 1.0
-0.7502344887981346 0.26336632347740085 -0.606324582276196 0.04570778593786081 -0.2648237453743965 0.7207484323405796 0.640565042428627 -0.13876419092996328 0.6054135176244759 0.6411652287716288 -0.4710718288502264 0.5471571733607842 0.0 0.0 0.0 1.0
-0.7395511760893732 0.26778789853927837 -0.6173429727574298 0.052809432634958416 -0.277378131004974 0.7149580180975281 0.6417398753134956 -0.13823492726219538 0.613005896788136 0.6461477023321409 -0.45465936480842767 0.5157349765188457 0.0 0.0 0.0 1.0
-0.7041785834355694 0.1618686191664746 -0.6913125736222526 0.06734424009585825 -0.39214219512297693 0.7232760747167049 0.5688422903815281 -0.11051088369835149 0.5924614988408292 0.6717504357386707 -0.4456077662420616 0.5151524474109086 0.0 0.0 0.0 1.0
-0.6942920383192813 0.19312232050852526 -0.6932165545383455 0.07623482844821677 -0.33568143475146595 0.7652953747361682 0.5494418092094976 -0.10240135239999676 0.636560309519771 0.6141707663206734 -0.46653696992329513 0.5115928037380214 0.0 0.0 0.0 1.0
-0.7035530739853727 0.19814300499784265 -0.6827032217767683 0.05337859888328268 -0.2979029338766969 0.7896871097435234 0.5361589279829619 -0.09087620638893512 0.6453803152870512 0.5805439593214742 -0.4962520671493724 0.5405961774582617 0.0 0.0 0.0 1.0
-0.7328692684171958 0.16031215995015524 -0.6612127284996046 0.0775333715081072 -0.48177750106205963 0.5639400908464403 0.6707171653802466 -0.0269811654920717 0.4804085834817245 0.8101054707949762 -0.33605947480614556 0.5119481743448492 0.0 0.0 0.0 1.0
-0.7486380036383092 0.12892184438231308 -0.650303019345462 0.06224493481651361 -0.45511279115316433 0.6131769852087106 0.6455599129477391 -0.011017399054481736 0.4820657742180913 0.7790707988789158 -0.40046455926034547 0.5312037721968964 0.0 0.0 0.0 1.0
-0.7515302928505116 0.15236688454383426 -0.6418228777775575 0.054284587720107795 -0.3288079638600809 0.7570979082301207 0.5647916640728566 -0.004091664855271423 0.5717772667161374 0.6356729750238657 -0.5187687801569658 0.5727456756991616 0.0 0.0 0.0 1.0
-0.7694029842650992 0.16201254974226265 -0.6180740437514908 0.0453171919818286 -0.33295212645492495 0.7239748966067304 0.604110161126264 0.004460288904845618 0.5454252541720905 0.6702879582992392 -0.5030808273479451 0.5904562258407012 0.0 0.0 0.0 1.0
-0.7684487442200342 0.19151571391026767 -0.6103923998477871 0.04145501417915006 -0.30538533783658267 0.7287026540337125 0.613099303628029 -0.0008412736079695983 0.5620452840040643 0.65772261006573 -0.5015251037923597 0.5978128867187715 0.0 0.0 0.0 1.0
-0.7631652109904905 0.16896352715208732 -0.6235522696599216 0.04239219851430497 -0.3581129360872764 0.6926587801046913 0.6258870434121431 -0.0068197073883313215 0.5377095881269284 0.7009751891841992 -0.4681049781286269 0.5781054369434458 0.0 0.0 0.0 1.0
-0.7482076749135689 0.2321901548504615 -0.6213592748902214 0.03851531802116998 -0.5104383178029622 0.3963878231701513 0.7629929396533588 -0.0021961306474360814 0.42347811284878534 0.8880613797904017 -0.17809127811655923 0.4568204629988952 0.0 0.0 0.0 1.0
-0.7678691925355751 0.32521827573127604 -0.5516048957477473 0.015538706996949266 -0.4390043512636946 0.3597395238776639 0.8231363901278825 -0.01775021346019008 0.4661300989041905 0.8745287435960262 -0.13340758789259383 0.44201155348921817 0.0 0.0 0.0 1.0
-0.7758963242492009 0.3032027361763493 -0.5531761791751504 -0.0015473202962805466 -0.4225117731747428 0.4017995706225153 0.8123183146074556 -0.04259660064042508 0.4687865969865529 0.8640357201510114 -0.18341374688380976 0.4628641703442645 0.0 0.0 0.0 1.0
-0.7931298917632204 0.3116333446389278 -0.5235471176480416 -0.015108419577832197 -0.3885893449415033 0.40306908533848324 0.8287494367197433 -0.04183768107028681 0.46911853662942904 0.8606650439259436 -0.19872317767689496 0.46772777196665566 0.0 0.0 0.0 1.0
-0.78131185401699 0.3110743290406606 -0.5411246570397636 0.010228467385589274 -0.4045541445581371 0.4082913763501809 0.8183572364288126 -0.03444912265164009 0.4756333160284879 0.8583916936117958 -0.19304839968713677 0.46171416877771526 0.0 0.0 0.0 1.0
-0.8069954264975322 0.3055351707969978 -0.5050644964687244 -0.006696797708096572 -0.37325747803467196 0.3987900457506103 0.8373663297570928 -0.04638016637130242 0.45725966570037996 0.8647932321872758 -0.20772477336286835 0.4715315206432591 0.0 0.0 0.0 1.0
-0.7887212575238969 0.3187791993273014 -0.5257800550757504 0.006742929087240203 -0.40375044977174523 0.37678142629446215 0.8337764514842564 -0.04251424834901981 0.46377741031468905 0.8700337599122256 -0.16836446665893276 0.4557762547613576 0.0 0.0 0.0 1.0
-0.7712808894320861 0.3354032427989024 -0.5410790934604974 -0.012802350194914117 -0.45593629267999075 0.30248890890117364 0.8369278258222647 -0.03893285996985661 0.4446674935953624 0.8919375136908505 -0.08040345732911948 0.4343371616011162 0.0 0.0 0.0 1.0
-0.7756368464486535 0.3285806188613711 -0.5387111481090158 -0.01664088715707142 -0.4464448752145317 0.31736634275732745 0.836524471348599 -0.03088012261667169 0.4457468286765862 0.8896033218765522 -0.09941995664805334 0.4243191613925004 0.0 0.0 0.0 1.0
-0.7878410286104155 0.3656708661491233 -0.4950231209582077 -0.03481037414381245 -0.43130933573908536 0.24588153960129663 0.8677739994477743 -0.04053702687667728 0.43907485318698686 0.8977421300067685 -0.03598185734675419 0.41154305968032784 0.0 0.0 0.0 1.0
-0.8150799947298583 0.3827530056940916 -0.43525749623723287 -0.03381978139468732 -0.42271551971634264 0.12115011425650213 0.8982061333911462 -0.02758497787834098 0.3965537327965072 0.9159165416566422 0.06289226986003339 0.38553862654165894 0.0 0.0 0.0 1.0
-0.7982540764840662 0.3835265546173677 -0.46402463889476075 -0.020236843244872314 -0.45312841510734586 0.12476043971317592 0.882385110141802 -0.029986096186347774 0.39630386521795463 0.9150181149641352 0.07422779275493335 0.3996710583130397 0.0 0.0 0.0 1.0
-0.7786029438986501 0.42649701551628777 -0.46051922547772306 -0.027564991644337032 -0.4814086989642214 0.06392502269727206 0.8742216785837696 -0.01443866567299354 0.402096190250304 0.9023549199935874 0.15501276301612438 0.38091883944175386 0.0 0.0 0.0 1.0
-0.7876567016497039 0.44042137768893147 -0.43157893618400234 -0.04539896938271422 -0.4740709602540373 0.014905145580460761 0.8807513188843016 -0.00828825672299438 0.3938732468453588 0.8984121467650156 0.1968179026554975 0.3711674332348479 0.0 0.0 0.0 1.0
-0.7987118873908826 0.4852799663412799 -0.35533002750237935 -0.07039400813097077 -0.4384981105114229 -0.06529755819741775 0.8960958024459724 -0.028326367769963723 0.41182999699782735 0.8717874864574393 0.2651491057102143 0.3333895503839889 0.0 0.0 0.0 1.0
-0.8017639945214063 0.5003729123204453 -0.32708643939439763 -0.06572894839407926 -0.430862369945816 -0.10446470209049233 0.8962521610525063 -0.035963197308140446 0.41413021967569114 0.8599902332134967 0.2989968367847501 0.3481224347464233 0.0 0.0 0.0 1.0
-0.8201975529691258 0.4840234364531368 -0.3050019534958502 -0.09156452053707015 -0.41084196691830666 -0.1268807764806758 0.9031948668115971 -0.032458199349288105 0.398183434371155 0.8660225461663742 0.30303166329183123 0.3310957787360571 0.0 0.0 0.0 1.0
-0.8132273038843294 0.4759894568092749 -0.334682122824284 -0.07684667310439042 -0.44343616196524527 -0.13443754900158694 0.886514279062852 -0.020643253216431998 0.3767383158824139 0.8693019393737462 0.3207272480954232 0.32715090091111465 0.0 0.0 0.0 1.0
-0.8037796797269787 0.5025536825042451 -0.318406391666682 -0.06990504398083724 -0.4438568203878128 -0.149769421173823 0.8835510281982256 -0.000514040169314875 0.396340148730819 0.8514985355868553 0.3435704627637884 0.3300223068205558 0.0 0.0 0.0 1.0
-0.7921263560226068 0.5397759461234023 -0.28592310296375945 -0.07545646513744572 -0.44737769368669544 -0.1949104806543834 0.8734938172128571 -0.0022079624943980303 0.41502031884206486 0.8198141002972232 0.3958570806450921 0.3256799820335701 0.0 0.0 0.0 1.0
-0.8281427874712869 0.4896471604695998 -0.2734752893560982 -0.07172652268168145 -0.43066286119884356 -0.24300975951864195 0.8695875409209604 -0.008672149747422253 0.3586680696636356 0.8383775562080313 0.41218019374534465 0.34831038779154916 0.0 0.0 0.0 1.0
-0.8344575653915386 0.47278169550231225 -0.28334621895582784 -0.06441289984623559 -0.42561296987431424 -0.2270118259625988 0.8762265704396744 -0.006040932825292514 0.3496968076552816 0.8517961875344159 0.39013785869687284 0.341746723266255 0.0 0.0 0.0 1.0
-0.8342510296109416 0.4676892326745685 -0.291557988460565 -0.07146713742572691 -0.440516207839998 -0.24751155812468265 0.8625351867971157 -0.005795300260086705 0.3318421765474712 0.8477268777418456 0.41240915923380495 0.3064761366026421 0.0 0.0 0.0 1.0
-0.8228093175095583 0.4912257354205874 -0.2855319499880818 -0.05884729425570934 -0.43450898024233464 -0.220013660521849 0.873327556185707 0.0006407471494194461 0.3665160978661264 0.8423656722369138 0.3948675553189716 0.33650945017105743 0.0 0.0 0.0 1.0
-0.8682157934180624 0.4347671691337231 -0.2401332020457012 -0.0731937723242852 -0.3890674057275288 -0.2950034142652965 0.8737125237635467 -0.008555198116196372 0.308206300443679 0.8517662506122734 0.42519644607923424 0.34957951541269566 0.0 0.0 0.0 1.0
-0.8906058218811763 0.42622947637301994 -0.15606913885175194 -0.0827501427677967 -0.34281805334905235 -0.40629265904958756 0.8463470989993243 0.01772171464173658 0.2980809990970164 0.8070550120722154 0.5081087639959864 0.34822674576911583 0.0 0.0 0.0 1.0
-0.9074778172975654 0.4050030496107878 -0.11365190825822853 -0.059517489507018406 -0.33236302212372193 -0.5258146561158231 0.7831084661398646 -0.011451036649092763 0.2570509243760676 0.7486459343914971 0.6113164800625683 0.3443566303326241 0.0 0.0 0.0 1.0
-0.906654201768655 0.3859234786483518 -0.16947659398292836 -0.03568996657893979 -0.36202769237390536 -0.5080850310207486 0.781079914342805 0.006198353415766356 0.21592924392564258 0.7690734890274633 0.6003053632787184 0.3558690393059603 0.0 0.0 0.0 1.0
-0.9189202112565871 0.39178130597776184 -0.049612646040567636 -0.06945000192435039 -0.3145608522974445 -0.6514616050796902 0.6913287073583494 0.0005566709324942298 0.23766974073985006 0.6510466537166987 0.7218550580195311 0.2888711661983423 0.0 0.0 0.0 1.0
-0.9250476121865772 0.37892468652745526 0.010429213041178187 -0.08021704299808884 -0.2567652609290967 -0.6463505050807058 0.7180733043321317 0.015234273651720448 0.27920393117759945 0.6616645529997951 0.6954368086628282 0.32930024793618645 0.0 0.0 0.0 1.0
-0.9079691031538315 0.4168937153731894 -0.05347086177735767 -0.06480052908843154 -0.32105829449700257 -0.6088368273992412 0.7269716344319105 0.004888876137704279 0.2692771723908007 0.6768601682070831 0.6859571662248269 0.29702094305406657 0.0 0.0 0.0 1.0
-0.915005657769032 0.3966997190614063 -0.07510216805804229 -0.056483117765941504 -0.3154317256848955 -0.5863424923991618 0.7462250577195733 -0.012770332461512657 0.2520167628819227 0.7066873259408022 0.6612980854211655 0.3444288840756302 0.0 0.0 0.0 1.0
-0.9333619894036639 0.3437638474629253 -0.10058611615087606 -0.06637877794887315 -0.3042430879016589 -0.6117056308775838 0.7296588765807628 -0.009552249877362529 0.18974785767168428 0.7122240946721643 0.6754461106488937 0.32576906677221584 0.0 0.0 0.0 1.0
-0.9517803181408501 0.3046379152126989 -0.04967285649524089 -0.10287197264961803 -0.2611581014951863 -0.7107525262122091 0.6545120755952472 0.02996284490700904 0.16329330190879032 0.6356683895614474 0.7555289270192096 0.25493728790467507 0.0 0.0 0.0 1.0
-0.9149217988953663 0.40206613050434126 0.0262482253775801 -0.11512188161451906 -0.2650496627509078 -0.6481506347361867 0.7122743776887517 0.021675145716071736 0.3042852534779698 0.6450444309638478 0.6996660962422762 0.29391960881665297 0.0 0.0 0.0 1.0
-0.9186609407768628 0.38511426775033314 0.0794524648517094 -0.1446938210680513 -0.20301180329635538 -0.6358016512007191 0.7426781307763641 0.013564945391776245 0.3383359329956426 0.6666463993121924 0.6627740795130224 0.27507151330213575 0.0 0.0 0.0 1.0
-0.9288760787708106 0.3652874951104172 0.06938219613264973 -0.14689224793960035 -0.17939653726950874 -0.6044869588711134 0.7775243474655397 -0.0012311790229760644 0.3244872066923206 0.7094272385331161 0.6270857553387749 0.3063017770793974 0.0 0.0 0.0 1.0
-0.9233086751229085 0.38237144246111143 0.02653681949134567 -0.1310300259452544 -0.2164408645721686 -0.5762195996616656 0.787463067546826 -0.0012270602681597742 0.3172661660441367 0.7213183642431485 0.6154183554814207 0.3348845885613238 0.0 0.0 0.0 1.0
-0.9373454872845156 0.34800971597927344 0.03953576230424218 -0.14852753585833406 -0.1938399239499659 -0.6102374465113855 0.7704623221445116 0.004547600184868245 0.29018801320761567 0.7142796543705201 0.6391295199592727 0.29872223122756947 0.0 0.0 0.0 1.0
-0.8104707187882725 0.5154516129675649 0.2768264006412169 -0.11256407352758402 -0.44258635399343316 -0.8495606588599935 0.2855752954323233 0.030787302041346887 0.38239407373074663 0.10876110553362925 0.9166580173724097 0.4799018086874258 0.0 0.0 0.0 1.0
-0.8176090188003035 0.5287072838623268 0.2249528113839409 -0.11473727671083306 -0.45829724382419895 -0.836549066797205 0.298377250269729 -0.0028352568459297234 0.34624638109099226 0.14044668246189765 0.9272027760045026 0.3843850789651667 0.0 0.0 0.0 1.0
-0.7687576687543152 0.5929891210178476 0.23824752323512352 -0.12749394841090023 -0.592944183845982 -0.8004341762949786 0.07811019732045173 0.06920673145042809 0.23743853011883426 -0.08130150215370445 0.9672075975010298 0.35580465494388197 0.0 0.0 0.0 1.0
-0.4813482758797586 0.1964154206971206 0.8562666699247768 -0.13018546437946665 -0.45103805269503494 -0.8921097735232287 -0.04776888095356679 0.004816838255621708 0.7537368329920567 -0.4070307957716208 0.5183296119284794 0.4844264384440156 0.0 0.0 0.0 1.0
-0.5182295439300678 0.12774196833346568 0.8453531262658881 -0.12297212311469141 -0.36149191901201627 -0.9290362182592493 -0.08102540276437493 0.030369309521894594 0.7754403062080304 -0.34704813279329694 0.527589246329494 0.4793019824117704 0.0 0.0 0.0 1.0
-0.6890837425747747 0.21952209781966486 0.691147922825671 -0.10760882592996898 -0.26475426492226645 -0.963943011102419 0.04239403606978702 0.04405341913139629 0.6753715934662182 -0.15285016605738824 0.7224658712646297 0.47335000234451124 0.0 0.0 0.0 1.0
-0.5839015505703679 0.386798660307473 0.7166489822210215 -0.14325355960249897 -0.4629804118791036 -0.8822666255778137 0.10077073901123691 0.05013172739838184 0.6696155234230182 -0.2704980509280103 0.6944853374287584 0.46617299630543374 0.0 0.0 0.0 1.0
-0.682205779315004 0.23658994822111007 0.6939057276558135 -0.1105568937466988 -0.24155231927359636 -0.9665980384323503 0.09485290431874088 0.0006402096563787318 0.6920609146264665 -0.10155708310773495 0.7164265658917194 0.4211989281185909 0.0 0.0 0.0 1.0
-0.668023092149351 0.43746953408330674 0.6040398721607724 -0.08716376919609928 -0.42335166145487924 -0.8895221632162106 0.17723895093964223 0.033200743815342354 0.6141657943763461 -0.1351537013720871 0.7794684630726999 0.48181154901337614 0.0 0.0 0.0 1.0
-0.7286075919200116 0.30614409089596134 0.6151144752889016 -0.12278174384909821 -0.26519284978233565 -0.9517790281455263 0.16220532521418307 0.05548971186655641 0.6341116967337499 -0.04315865157517886 0.7744814493210286 0.496720470159211 0.0 0.0 0.0 1.0
-0.7455731742190174 -0.19002552401719483 0.6407196782631525 -0.13561815931453572 0.10554456328172615 -0.9806443871740536 -0.16700045332121746 0.11187054704727906 0.6598334127513564 -0.05587185135019851 0.7512154501804682 0.499476597427427 0.0 0.0 0.0 1.0
-0.944150588455976 0.037138934684155155 0.32855038450856294 -0.13289477364520463 0.09704424737955676 -0.918383616483125 0.38559648697751714 -0.01262647248254703 0.31641081400722226 0.3965224256099851 0.8635353179667588 0.4384582889388242 0.0 0.0 0.0 1.0
-0.9403809555907006 0.2690948738349838 -0.20712032911635211 0.049093997867028255 -0.32474912088310204 -0.8912651640036129 0.316553272799896 -0.0037879763932907873 -0.09938758657381012 0.3644485452775399 0.9248507277296049 0.36787635802016266 0.0 0.0 0.0 1.0
-0.8632523642215484 0.4426829820012732 -0.24201657776001567 0.07846071037906524 -0.4920511773954674 -0.8463397647949494 0.20642135480268373 -0.027012137530688915 -0.11378633330942055 0.29725494438973943 0.9479716016862266 0.2896476632858587 0.0 0.0 0.0 1.0
-0.8298190182652987 0.4651559888373001 -0.3091365486199697 0.10021919863580475 -0.5378988505922326 -0.8151984414020785 0.2154535239716925 -0.02630408057312736 -0.15174943352343057 0.3450511189673515 0.9265111766053725 0.24194119531250044 0.0 0.0 0.0 1.0
-0.8109695848864249 0.42729840718141465 -0.3991678784960481 0.14542647707110593 -0.5309232130028889 -0.8265467688252756 0.19246974846021023 -0.03597532043642242 -0.2487040966900943 0.36851066865435617 0.8973384637195423 0.27233168211545655 0.0 0.0 0.0 1.0
-0.9417828550103523 0.21965932079784328 -0.25583367851178085 0.08340943877378176 -0.16199393892946928 -0.9602978175733965 -0.23014263003901247 0.1425988427150625 -0.2966515633366089 -0.17476678089141692 0.9394038702726601 0.3209407001038435 0.0 0.0 0.0 1.0
-0.9713449250775201 0.006418052556047848 -0.2386208933492353 0.08757331447155065 0.08292619147457282 -0.9283228813544462 -0.36337388183260233 0.1624533100418635 -0.22428966171096384 -0.3726488524337323 0.9007409311026084 0.3185393136171949 0.0 0.0 0.0 1.0
-0.9599837470629397 -0.06260990864536839 -0.2713158375922153 0.07822544609179588 0.1806025747055393 -0.8822147182571872 -0.4344483087154488 0.21525844533792854 -0.21221378726247192 -0.46637689099123075 0.8586114419898426 0.3406051313320887 0.0 0.0 0.0 1.0
-0.9538569185209783 0.019283361592552607 -0.29966785995409 0.10042207437757172 0.13399391744146 -0.8661061971847179 -0.4812277636574636 0.23061521314763483 -0.2690425484693957 -0.4991134675036602 0.8237594950093342 0.3602697599229563 0.0 0.0 0.0 1.0
-0.9649759670255871 0.01648239218525943 -0.2626766907330163 0.082294565677167 0.10622735844117583 -0.8882890843621001 -0.4469773319866562 0.22675588181215744 -0.2408405744766674 -0.45895135836104156 0.8554269982429797 0.34534529828760896 0.0 0.0 0.0 1.0
-0.9641890680797606 0.02000318811709822 -0.2638805233548438 0.08420145057481757 0.10426044294859149 -0.8875926695334979 -0.44822587471767916 0.22992878835324032 -0.24280548412065064 -0.4599188274941949 0.8541974309718715 0.36072556519400156 0.0 0.0 0.0 1.0
-0.9735272104940967 -0.04373983675697366 -0.22539539096762493 0.07458385125645436 0.14945349828342264 -0.8655320131615115 -0.4782445205743743 0.23727379680922503 -0.1742895843125962 -0.4989775385542531 0.8490989004778375 0.36155865357178624 0.0 0.0 0.0 1.0
-0.8766858592900385 -0.33500160975165716 -0.34528664949958615 0.07440849801275837 0.4576458670381281 -0.3596021813032657 -0.8131347716449858 0.3363817951885831 0.1484246682727718 -0.8708300974396145 0.4685150318992237 0.4984495056725054 0.0 0.0 0.0 1.0
-0.8681490017963757 -0.3566325114713676 -0.344880142614353 0.07218526943747658 0.46621595156293644 -0.3480277105635587 -0.8133964608492479 0.3365589618607232 0.1704681708998708 -0.8670844246670243 0.46814995209247234 0.5000573406589607 0.0 0.0 0.0 1.0
-0.8514654333558426 -0.3506721903199884 -0.3906099316784708 0.09529130307435432 0.5172656947231963 -0.4359346954315382 -0.7366362319909449 0.30793873756696244 0.0880180357720511 -0.8292022338457135 0.5524324879617152 0.48179627072418063 0.0 0.0 0.0 1.0
-0.94290742753693 0.29183329445040485 -0.15940743102485191 0.051775995554780324 -0.25412866228106884 -0.9416910576196277 -0.2209878383673654 0.17443466283992962 -0.21477115355698595 -0.1680680941629509 0.9619150858218378 0.302335669912734 0.0 0.0 0.0 1.0
-0.9322708396080852 0.35450383741183117 -0.06902270086699833 -0.014914570786997039 -0.34110865310007665 -0.9270748787566416 -0.1524876557310164 0.13068571526366063 -0.11813112536549598 -0.11881335900408631 0.9851783261904813 0.2862084190858707 0.0 0.0 0.0 1.0
-0.9842310060565652 0.17389642848893772 0.010262109846577858 -0.022887518315771738 -0.17282769150239038 -0.9764476363122537 -0.12501312502348486 0.13934580459496285 -0.01097705043825783 -0.1253151815115167 0.9915704099108449 0.32938312300288974 0.0 0.0 0.0 1.0
-0.9217557899591564 0.3866059565557915 -0.022435336905136515 -0.03131721711791813 -0.38287063521179215 -0.9194215854223132 -0.08685170316921041 0.1272654319971782 -0.054057981978099676 -0.07173682375608222 0.9955985059069052 0.30885510532026955 0.0 0.0 0.0 1.0
-0.9716179845051119 0.19900496422443195 0.12448589238586971 -0.03553654088113556 -0.20726762410993152 -0.975042245951966 -0.06992292451876603 0.1519358710340585 0.10824151434209181 -0.09444655223031011 0.9886602790720928 0.3836663017637397 0.0 0.0 0.0 1.0
-0.991658583762291 0.09689638798375202 0.08016572758464204 -0.04664822614358449 -0.10967720742258255 -0.9758671927237835 -0.1862666297496851 0.14927742614896364 0.06036851840054285 -0.19409376299361122 0.9784263775112503 0.3803011691043149 0.0 0.0 0.0 1.0
-0.9894535075667066 0.11667850776510613 0.08156708382549599 -0.06636782484582648 -0.1279540039585685 -0.9798936582684233 -0.15177791659672668 0.1357812027548783 0.0627461045295551 -0.16026167737898 0.9849563764799147 0.36034729195006565 0.0 0.0 0.0 1.0
-0.9351222303505893 0.34956201393031405 0.05912314381426607 -0.07250350616764906 -0.3519693807099492 -0.9351196276948389 -0.03295198909168433 0.11327063578693711 0.043782261286889605 -0.051868230940512065 0.9971367819835737 0.37165050712116904 0.0 0.0 0.0 1.0
-0.9453026864257521 0.3036896384618492 0.12315776818139461 -0.10128145440162417 -0.3078705884812192 -0.9520704154352309 -0.012592569889494979 0.10392565042531089 0.11281085768425285 -0.04907592915494145 0.9933493713414758 0.3973055094412155 0.0 0.0 0.0 1.0
-0.9420673528395574 0.2950747612462052 0.15869023391489503 -0.07449039234053095 -0.3017939174939565 -0.9527477869031609 -0.023485534152896895 0.09792000176490084 0.14428515388651686 -0.07122037560722178 0.9864150644374458 0.3554490135378308 0.0 0.0 0.0 1.0
-0.9579856390540985 0.2639097166721989 0.11457644862511886 -0.07544148460293243 -0.2688154453257463 -0.9638531296880956 -0.0245046005118075 0.1036520735835888 0.10367661675043112 -0.05380438594960113 0.9939145550447777 0.34623147130462517 0.0 0.0 0.0 1.0
-0.8195223828267812 0.5213829649052978 0.23964333485172648 -0.13867331228733765 -0.552223326227644 -0.8297402312743789 -0.08328316293738589 0.11028352258675123 0.15500370872282396 -0.20063715588965592 0.9671535053624802 0.3643009286961274 0.0 0.0 0.0 1.0
-0.8868853488675356 0.4444948240259541 0.12645547321711184 -0.11042450818316812 -0.44696842846716917 -0.8951005587480488 0.014603034329377656 0.06945218780596986 0.1191035492789126 -0.04350133913740173 0.9928985069284071 0.3574970650161311 0.0 0.0 0.0 1.0
-0.8082188252795005 0.5643933307072428 0.16700823695465328 -0.13549930176278535 -0.555916493419394 -0.8255560025752237 0.09881313019294259 0.04383096237533564 0.1935550565771976 -0.012963044258618044 0.9817182948110323 0.37342857106383953 0.0 0.0 0.0 1.0
-0.9230977743008142 0.33270936339801455 0.19026440016709106 -0.12196727514162803 -0.34316293983612023 -0.9380031976069602 -0.03160416042407335 0.07716719236397583 0.16814824076845059 -0.09493734619699033 0.9806747626653719 0.3823926548862966 0.0 0.0 0.0 1.0
-0.8651432981591516 0.37291679447200476 0.33519588570275055 -0.15210254732883433 -0.38314227497228165 -0.9227963419907476 0.039429213747569525 0.06765382263305365 0.32448358721909476 -0.09444682321423425 0.9412342388437615 0.40024744899529985 0.0 0.0 0.0 1.0
-0.8099977333975513 0.537683860797477 0.23234341421026888 -0.14351042464296287 -0.5394656746692024 -0.8387716702277935 0.05915357974610072 0.07206858801603258 0.22735185844713615 -0.07827943361245664 0.9703997845754617 0.355253618731775 0.0 0.0 0.0 1.0
-0.8521672828239615 0.4688859211098805 0.23207889248510885 -0.14658265792067188 -0.48580487830086333 -0.8734501592382679 -0.02161696713846411 0.09555097231533977 0.19293881100189256 -0.1312727237587269 0.9717310765630501 0.3763356181953858 0.0 0.0 0.0 1.0
-0.7405479919177554 0.6383168384284124 0.21057276312541726 -0.12806695859651934 -0.6552607629328643 -0.7557686318786099 -0.01198615526414105 0.0648036112060211 0.1516928153460982 -0.14656582497693532 0.977585363146701 0.3945323101767144 0.0 0.0 0.0 1.0
-0.8186536880001936 0.3001066061152904 0.4899522548286694 -0.29166533646464066 -0.5468607145629613 -0.6687425154341481 -0.5039305921446853 0.226597961624603 0.1765590119387659 -0.6806854602525624 0.7115372266969656 0.45596467739194285 0.0 0.0 0.0 1.0
-0.8742132619516322 0.06863575439016797 0.48047830397679464 -0.22803004563053425 -0.3682426922606731 -0.7383904995976361 -0.5644089484998629 0.24985445932147726 0.31611078807858506 -0.6705032754620043 0.6715168718019855 0.4528320984190788 0.0 0.0 0.0 1.0
-0.9108255831613026 0.04369401806059823 0.4117914644327647 -0.20390463190759853 -0.30043022238129036 -0.7532947551371524 -0.5857922845559154 0.2689785613398454 0.2836450674616944 -0.6571387970973189 0.6991237913310588 0.45184590399931474 0.0 0.0 0.0 1.0
-0.9956081499308029 0.07883200207059865 0.05417195037078663 -0.10336826883097336 -0.09496739994920644 -0.8484093327176032 -0.5215734921749055 0.3263134424800329 0.004525626096957741 -0.5239410568104397 0.851543240758654 0.313479004117602 0.0 0.0 0.0 1.0
-0.8802827925942786 0.4494558393286698 -0.14621685543993274 -0.022754327859465906 -0.2941915389188405 -0.7608808737383917 -0.576862722215636 0.3222502914819721 -0.37009553706348297 -0.46495047619561425 0.8025501658496089 0.3680687198516462 0.0 0.0 0.0 1.0
-0.9749512270308307 0.13593997297987978 -0.17416508129955507 0.005160411201446696 0.030647032233680763 -0.6944798993462709 -0.7180982011865046 0.3380947140071583 -0.21871354235750887 -0.7048424102802453 0.6738279615887013 0.42447550881174756 0.0 0.0 0.0 1.0
-0.9952511526279538 0.08339484299372212 0.05419981903140605 -0.08981857865932777 -0.09865149811343783 -0.8315903990907038 -0.5470350504362538 0.2896582524074893 -0.0008181043717035745 -0.5498021751791607 0.8356861218421872 0.3985752121947063 0.0 0.0 0.0 1.0
-0.9911065537258923 0.109294144069623 -0.07443894364653754 -0.0445897439847065 -0.019950493374846088 -0.6848732733230658 -0.729464631772446 0.3924192160054128 -0.13086698999730065 -0.7218115647651359 0.6804340078944568 0.33706583685520525 0.0 0.0 0.0 1.0
-0.8361122098363702 0.5049986550441043 -0.2143167889606542 0.003787545391408381 -0.28759585990410336 -0.7367603495805496 -0.6126570386748769 0.2865239986437791 -0.4669246225708619 -0.45071026793876334 0.7613163615986257 0.4123903887155087 0.0 0.0 0.0 1.0
-0.9952446672316678 0.024336195621931043 0.09376185504364937 -0.2106847507583677 -0.08308187331551417 -0.7030785344854279 -0.7066081005277675 0.38726764073000586 0.04848032149191144 -0.710613007548615 0.7015816058945429 0.1863241428960046 0.0 0.0 0.0 1.0
-0.9712780134598922 -0.06984529292668974 -0.22710159502842858 -0.04374877193599186 0.22566229281995717 -0.5649412990050833 -0.7935714257110991 0.3056490615464643 -0.0732186657363651 -0.8223066229884851 0.5643012475829715 0.3401064228704971 0.0 0.0 0.0 1.0
-0.9897336169687905 -0.11209508882901399 -0.08684819812156537 -0.1055538465693768 0.13940491938467287 -0.6428104305312577 -0.7534595522191867 0.2996897651915901 0.028384551424478502 -0.7580402068755386 0.6519807466372398 0.30661508685960365 0.0 0.0 0.0 1.0
-0.9571712838460049 0.09318800841390501 -0.2717416643314728 -0.05687256565551019 0.16720787721983615 -0.5876141642515744 -0.7917380259389224 0.3421789974071592 -0.2331878667385039 -0.8032034888296185 0.5469024922404871 0.32850808539855614 0.0 0.0 0.0 1.0
-0.9110738733811472 0.029652054106567093 -0.41102956720522177 -0.024463150406976136 0.35010965550926937 -0.4703677096078586 -0.8104978089798943 0.3025489532544988 -0.21732812315487246 -0.8820630929702348 0.4177439425326406 0.3988355941806374 0.0 0.0 0.0 1.0
-0.9016247249454993 0.09812239240452626 -0.4227449608134185 -0.01788936699945612 0.3376947066383938 -0.4561528671925462 -0.8237002108166931 0.31101485284994324 -0.27338199118830325 -0.8851957393919101 0.37864681963152946 0.41581729692403036 0.0 0.0 0.0 1.0
-0.5947355053547565 -0.6380334654754255 -0.4887807078814444 -0.012285820706977146 0.4810194316788156 0.20357604055018722 -0.8522102900250609 0.2579333900066864 0.643375243589113 -0.7423930190429467 0.1863314304905573 0.30718022220402086 0.0 0.0 0.0 1.0
-0.43129790299388093 -0.6713363566342857 -0.6030936809766675 0.07806741673141049 0.4341471006657794 0.43216368536478855 -0.7907560480829295 0.24658441967979894 0.7914494048213639 -0.6019961953605673 0.10488809732449834 0.39090535042827995 0.0 0.0 0.0 1.0
-0.6683462908033213 -0.43630882731047466 -0.6027838351043716 0.1234866907114959 0.410046499720061 0.46106343450652426 -0.7875493113438874 0.3108670315369051 0.6209930985007557 -0.7726617019743233 -0.12904491739542617 0.5238252180403238 0.0 0.0 0.0 1.0
-0.5940527906858205 -0.5117569374915432 -0.621232068101507 0.12610543176946615 0.4115252651122252 0.4700057326237308 -0.7808883224511677 0.2953348938342368 0.6915313803138102 -0.7191386596965901 -0.06835482528676527 0.5061790293101739 0.0 0.0 0.0 1.0
-0.6224263706262049 -0.43949006227475856 -0.6471285227931699 0.1559761390705381 0.49064511992080434 0.42532303326743215 -0.7601761927485972 0.2980439838158071 0.6093931900586121 -0.7912310458638381 -0.049156900422388426 0.5093674976016057 0.0 0.0 0.0 1.0
-0.7102191572232706 -0.5724214279170667 -0.40866764918770554 0.023851840696817395 0.37867361769847685 0.17752195645050892 -0.9080026445302218 0.413402106181226 0.5920604933582193 -0.8005496509532315 0.0907271412713918 0.42944032914598856 0.0 0.0 0.0 1.0
-0.6469601239487631 -0.5922457625893142 -0.4805170231393743 0.07310192294069712 0.3825670555871686 0.2930248693994385 -0.8761407287356769 0.39275246029068056 0.6594260608725273 -0.7509093408825829 0.03673207169800694 0.4458134065896395 0.0 0.0 0.0 1.0
-0.6410407252840407 -0.5583567283952439 -0.5261722026568351 0.09635964925912252 0.40102286186389924 0.3399885594334624 -0.85005692120643 0.38165869238537875 0.6533790048541337 -0.7568479637148428 0.006320422500299923 0.4895462664112294 0.0 0.0 0.0 1.0
-0.6310280628189575 -0.5526780901776687 -0.5443979744685387 0.12167857704192053 0.38758415357988873 0.3833075579931533 -0.8382643096973558 0.38380508055146106 0.6720559371603972 -0.7401410397611404 -0.027390718132439415 0.502427493137416 0.0 0.0 0.0 1.0
-0.6509507921743628 -0.5111148032422291 -0.5603648285414286 0.1321263742220394 0.3954546173159467 0.40211398470316445 -0.8253103154953867 0.36875170946919944 0.6477627510886397 -0.7595545511036277 -0.05965807040181369 0.5149890497906271 0.0 0.0 0.0 1.0
-0.609626289610035 -0.5476408194989649 -0.5733485292407535 0.12869929903712826 0.4033527322038953 0.40854581707614085 -0.8189261784528077 0.37521082176587917 0.68238060661023 -0.7301740502772923 -0.02802890636613754 0.5124469713477443 0.0 0.0 0.0 1.0
-0.6548896746350736 -0.5699513352220776 -0.4974907656030077 0.08999102392307035 0.331276722866368 0.3754679366123642 -0.866409033808504 0.36110660386059157 0.6804229770318428 -0.7308684013161496 -0.057053050589405616 0.49174150222138097 0.0 0.0 0.0 1.0
-0.6733725476690411 -0.6180831015896714 -0.4054704769277143 0.007361429512716872 0.21661703021545092 0.35897429954483806 -0.9075398076979663 0.35430376496700944 0.7066242516813785 -0.6993800417577967 -0.10806854007761996 0.5284462653842965 0.0 0.0 0.0 1.0
-0.7013612876968819 -0.6129651120625091 -0.3639931446655252 -0.023889385606145147 0.12800175944641082 0.39409341373388146 -0.9102983985307144 0.2796931228483883 0.7014869533439066 -0.684913167866708 -0.197917340099319 0.6040138445545093 0.0 0.0 0.0 1.0
-0.7039232455118078 -0.5684149764846285 -0.42657338034498554 -0.005306336479869778 0.1479885894000532 0.4698247154546972 -0.8704587740511891 0.2563170264762255 0.6949922075819696 -0.6755085329744843 -0.24641743244273714 0.6216099690526624 0.0 0.0 0.0 1.0
-0.7286842096708114 -0.538886558934183 -0.4222563079624697 0.020653251995866345 0.130373175416753 0.49602456702047754 -0.8582020577383007 0.27273807653558785 0.6721348936185014 -0.6806896290827876 -0.2914787348707362 0.6400236459747795 0.0 0.0 0.0 1.0
-0.7072735134619142 -0.5687762398092747 -0.4208044162421645 0.008674071136865136 0.12624913908855567 0.48368924382739753 -0.866337171405924 0.25894248075142823 0.6957457222136593 -0.6656587556202456 -0.27015836652581027 0.6331010265100425 0.0 0.0 0.0 1.0
-0.7332995718566727 -0.5551704638570982 -0.39297819914592785 -0.004997727200324764 0.09001625776771216 0.49343636261639484 -0.8655912488917265 0.2727430046806829 0.6736508639047836 -0.6699907326648658 -0.3119808259228907 0.6323493467420107 0.0 0.0 0.0 1.0
-0.708821938104137 -0.5621226900830069 -0.4262311405248013 0.012450339542454225 0.1375207034395538 0.48273009991596455 -0.8649692163704146 0.28081929920810594 0.6920236154827275 -0.6714899826809085 -0.2648808250762818 0.6207588789505247 0.0 0.0 0.0 1.0
-0.6952258108143781 -0.6034061479840173 -0.3901328023302415 0.008980194018861853 0.06850921936210679 0.4849787468164997 -0.872031944331178 0.333581372798138 0.7155131276005231 -0.6328048807803351 -0.2959128140579437 0.6389478806697108 0.0 0.0 0.0 1.0
-0.7313219176028742 -0.5630671462657539 -0.385441663272967 0.013267848286891232 0.09915726281478232 0.47109987339092824 -0.8763945367345173 0.31620312601046213 0.6749517577668186 -0.6791004231238047 -0.28838840965865836 0.6484102451748965 0.0 0.0 0.0 1.0
-0.707131829300076 -0.5887316646119501 -0.3914678409724935 0.00852980473015727 0.10013152967361595 0.4648461876822271 -0.8799208588296451 0.34213978151326674 0.7000062828650385 -0.6610970181475755 -0.2698481019666561 0.6305709118808668 0.0 0.0 0.0 1.0
-0.7213200305491082 -0.6029338652452385 -0.3403008199514897 0.012461864657536473 -0.0031658112075938307 0.49461708361394136 -0.8687812813513565 0.3738719457443809 0.6926645716329081 -0.625684074341201 -0.35840754590709634 0.6865337179617015 0.0 0.0 0.0 1.0
-0.7481068079339805 -0.5707240759449297 -0.3377324083223073 0.006732395824232781 -0.016222109081890118 0.5245022090397295 -0.8508550046011153 0.3807402183610699 0.6633270090168059 -0.6310632260927783 -0.40186051715902776 0.6915956937676327 0.0 0.0 0.0 1.0
-0.7797718988521921 -0.5664880485907443 -0.2667408550211009 -0.02760130881738132 -0.05844471563788263 0.4902650162284984 -0.8698130293109932 0.4032229070959612 0.6232469632445347 -0.6627189205790102 -0.41521136982846796 0.7244365005672545 0.0 0.0 0.0 1.0
-0.813113555451386 -0.5268245277634575 -0.24826815810932878 -0.05707613198214226 -0.03064891946853238 0.4645465375049095 -0.885401769264741 0.42292258654475423 0.581382889282138 -0.7122148700167586 -0.393968414016026 0.6981413595850092 0.0 0.0 0.0 1.0
-0.8249887514088007 -0.5067484580574054 -0.2505418549890974 -0.03882240519737944 -0.05169720374448392 0.508777412949205 -0.8593549906566883 0.4147358682708672 0.5629654054910262 -0.6958658303069369 -0.44577979894797304 0.7428542578290044 0.0 0.0 0.0 1.0
-0.8529830993596929 -0.435810589171223 -0.28765510129436156 -0.025442279042001054 -0.023423162174554507 0.5824643912745957 -0.8129538485982967 0.4340482211806882 0.521634910679329 -0.6863323039425668 -0.5067579742269793 0.7434258513418691 0.0 0.0 0.0 1.0
-0.8419254427119148 -0.48669147475115887 -0.2326516519296534 -0.08068770551085727 -0.10165981186293256 0.5664727737906186 -0.8175815728876769 0.42801897893029994 0.5298662851757866 -0.6646475976336004 -0.5264088567928972 0.7754388251002916 0.0 0.0 0.0 1.0
-0.8054070718488704 -0.5439722868614649 -0.23597130609839398 -0.10369339558235614 -0.09617963425602892 0.5125968991586347 -0.8530904371721335 0.4161863938698174 0.5848050760317227 -0.6646635544386528 -0.4651415236783111 0.7257861075810347 0.0 0.0 0.0 1.0
-0.8525224960537722 -0.44928929225985725 -0.2669219462756431 -0.0801327351803941 -0.05798551990824269 0.588685442362092 -0.8057442950006066 0.4082498594281907 0.5193941105583096 -0.6717145453356839 -0.5280372717187523 0.7623884346720157 0.0 0.0 0.0 1.0
-0.6031820743846763 -0.5057614570054565 -0.6171756113064485 0.1402135176930216 0.31158786053797144 0.5629965188317504 -0.7663158064524201 0.2994420198184633 0.7344889616446567 -0.6539070042241291 -0.1818896585116272 0.5849367744447318 0.0 0.0 0.0 1.0
-0.29109807720328396 -0.6706248961682372 -0.6840060983677755 0.14120687161713974 0.22169327388791876 0.6482160241774505 -0.7299625125726708 0.2357740315557007 0.9314189345272649 -0.3623233227043154 -0.04131132575039688 0.5109366678332006 0.0 0.0 0.0 1.0
-0.2293065001862988 -0.6611460610939606 -0.713907177207791 0.1599997994825109 0.3002550820333579 0.649128368645265 -0.6988643172809806 0.17691992653241512 0.925763838305878 -0.37476868556820003 0.04981041787752619 0.4808785529265945 0.0 0.0 0.0 1.0
-0.21138650995293098 -0.7483133043606054 -0.6295760713640253 0.12435832019518009 0.16870314919787907 0.6063929006572686 -0.7776433250957234 0.21187260624548104 0.9630094368321998 -0.2699743461863711 -0.0027144749961138573 0.448013860401254 0.0 0.0 0.0 1.0
-0.4575624701549637 -0.717917285518291 -0.5259175591596432 0.05830810483045401 0.21426799621610707 0.4846445494234968 -0.8487282042083485 0.35120457513744163 0.8630699994413932 -0.5003723757606202 -0.06828212700772582 0.41123796269917917 0.0 0.0 0.0 1.0
-0.4862746516019607 -0.7406954788823793 -0.4631861906645244 0.021856839865717403 0.14572984635854055 0.4540357913512885 -0.8788853411517087 0.3792484375802734 0.861274828125096 -0.4952308724885226 -0.1129273313253125 0.4220395652509036 0.0 0.0 0.0 1.0
-0.47543913448881864 -0.6889603073720184 -0.5466565595309961 0.11744383490967958 0.15766066944783913 0.5447048721946395 -0.8234302238981813 0.3458905596062527 0.8654205080905072 -0.4777731654961101 -0.1504065302355531 0.4934855669116486 0.0 0.0 0.0 1.0
-0.4705635555948057 -0.7781613586413694 -0.41617008425905716 -0.07081584624233911 0.3309617002758423 0.28176910760350937 -0.9006684520114949 0.27368224735841457 0.8180008775758978 -0.5613950709501453 0.12515419874632946 0.3241183708615114 0.0 0.0 0.0 1.0
-0.38948212209158317 -0.7931664544058362 -0.4690908955635655 -0.015067931387178712 0.20915404397778573 0.41976768987840235 -0.883222959501243 0.2674900002832159 0.8971392419775469 -0.4418921833135194 0.0017383592070169859 0.4237367651473605 0.0 0.0 0.0 1.0
-0.42135220049478783 -0.7248514378456941 -0.5453644557202532 -0.009163402821406652 0.2572186056217786 0.4809580041781174 -0.8382342836871893 0.2846750676641007 0.8696929626195488 -0.4931677896904219 -0.01595642977956651 0.39907728872933823 0.0 0.0 0.0 1.0
-0.42420738381843315 -0.7456559160223316 -0.5148027704395807 -0.007558477811475617 0.2522668642396591 0.4486598686591027 -0.857641329967261 0.2886971592612636 0.8702239382444119 -0.49319746421168853 -0.0019966973483635355 0.405210934866193 0.0 0.0 0.0 1.0
-0.6253677796203825 -0.5566517206057442 -0.5475869073545298 0.13759654563227738 0.11689271795964143 0.6269756770309795 -0.7706800044361573 0.3651101823808446 0.7715891717328897 -0.5456733352018995 -0.3271712942164386 0.5937900407090879 0.0 0.0 0.0 1.0
-0.7011148520857593 -0.6517332072271003 -0.28894954111549975 0.04194580475951115 0.07452288451621747 0.3362742792699191 -0.9387377114468184 0.4704208226947051 0.7091908643739129 -0.6796937632723239 -0.187118850183333 0.6006097945064598 0.0 0.0 0.0 1.0
-0.7229758915231772 -0.6752549979476609 -0.14508919238589474 -0.11832938452497563 -0.13503324593159677 0.3445102744605165 -0.929253506475956 0.4330213930579416 0.6773420134913175 -0.6520190699263646 -0.34023944557260954 0.6730330421222379 0.0 0.0 0.0 1.0
-0.753153871656711 -0.647384340748776 0.11739536867072549 -0.259015526826026 -0.19973858448480844 0.05489895522166002 -0.9783003048555913 0.45803732906215167 0.6270306283087642 -0.7600665614662291 -0.17065134467882717 0.6395584903206559 0.0 0.0 0.0 1.0
-0.7801014392643791 -0.6053561292859355 0.15752711693531135 -0.3163751133744093 -0.204992117721399 0.009507117463837882 -0.9787877495511852 0.4894606475292263 0.5910063714250038 -0.7957518380340578 -0.13153535573802147 0.605305003849242 0.0 0.0 0.0 1.0
-0.7828588113147786 -0.6000519783176288 0.16455507660410826 -0.3094146718575639 -0.19984498122381747 -0.007979556837862941 -0.9795472484519699 0.4944527610745737 0.5891260579187984 -0.7999746974809017 -0.11367228769716593 0.5892991801038452 0.0 0.0 0.0 1.0
-0.7190149940157688 -0.6737861698519653 0.1703776583394624 -0.29535026403492187 -0.24061090898644794 0.011341986883118755 -0.9705547809734753 0.5256682271016053 0.6520139670978987 -0.7388390081164958 -0.17027545870050168 0.5850658915535308 0.0 0.0 0.0 1.0
-0.7197678456447929 -0.6437740739974597 0.25995755921597963 -0.31172888861366677 -0.2894043433090078 -0.062160158425838545 -0.9550911344244544 0.439795078783738 0.6311698189911696 -0.7626425045319591 -0.14154688558640427 0.6157436224809294 0.0 0.0 0.0 1.0
-0.7585274637024494 -0.6177721100912612 0.20720434953147368 -0.3158754743443591 -0.21335779801610164 -0.0649570039092621 -0.9746362485216953 0.4790974579716217 0.615850055378919 -0.783481515493262 -0.08245675864529754 0.5901779995692372 0.0 0.0 0.0 1.0
-0.7674641389774606 -0.6343032746839828 0.09252841048315194 -0.25262016730187414 -0.1092595857748705 -0.01276012793801861 -0.99411218772753 0.5046846294654505 0.631838829523929 -0.7727097045411384 -0.05957358458993395 0.5298439142940958 0.0 0.0 0.0 1.0
-0.8376541637635216 -0.5308824309321 0.12887611198330462 -0.2919158022816893 -0.02783584642972593 -0.19416069781890213 -0.9805722723489998 0.5300176030622162 0.5454611702714961 -0.8249550848247612 0.1477755296741552 0.4572223952121369 0.0 0.0 0.0 1.0
-0.8373075219024538 -0.5057020463634503 0.20746114151751732 -0.3344616105815989 -0.11547138174886645 -0.20743100559178507 -0.9712911342310511 0.5202152747097133 0.5343296151962993 -0.8373903329375089 0.11521952764057523 0.5001097751015573 0.0 0.0 0.0 1.0
-0.8693835144461537 -0.4529961469923576 0.19682855686498166 -0.34872786544015805 -0.07257917870620825 -0.277319643087557 -0.9580599394612279 0.5269738929537552 0.48868644628642416 -0.847103282692852 0.20800139528464404 0.4211715251336906 0.0 0.0 0.0 1.0
-0.8402808470243461 -0.47166817661605553 0.2672333581510194 -0.38107432877385317 -0.1402087925127385 -0.28754054550411434 -0.9475717840326722 0.5152629858951362 0.5240231373537602 -0.8333039731975327 0.17529396994819707 0.4277750203137576 0.0 0.0 0.0 1.0
-0.8090507062206949 -0.5098986220336513 0.29221521483571766 -0.4152394954794374 -0.14985243702575998 -0.3016488948773711 -0.9413982505448671 0.5168433352514954 0.568037564013625 -0.8058405047267498 0.1677441892585872 0.42084144004440266 0.0 0.0 0.0 1.0
-0.8058895265894533 -0.4570156921499176 0.37630762165066933 -0.4544246755148114 -0.19028805056354417 -0.40185271808646505 -0.8955823049032493 0.4793115702812581 0.5605148398461733 -0.793351435349129 0.23693751154088116 0.37968754980577546 0.0 0.0 0.0 1.0
-0.9052215146133183 -0.2967152700230028 0.30473953004971815 -0.4207070864709782 -0.1554680124182511 -0.43507350065011646 -0.8869727815283461 0.4749805784842012 0.3956310954016759 -0.8508803438868777 0.3479074998427648 0.370988903701226 0.0 0.0 0.0 1.0
-0.900332642013252 -0.40071471818678195 0.17025733915207056 -0.3461777713963407 -0.04774812691250672 -0.2978070627127412 -0.9533814987154601 0.48726393642098537 0.4328274467569276 -0.86621173085953 0.24933127955683135 0.3826874622436668 0.0 0.0 0.0 1.0
-0.7900815839270248 -0.6051384371617571 0.09660713818546493 -0.25457685882990905 -0.03826187672711009 -0.10869624393030967 -0.9932646589711868 0.5073883731414905 0.6115184032115054 -0.7885478035853924 0.06272744928940652 0.4522646554237709 0.0 0.0 0.0 1.0
-0.7297851322195176 -0.6795069336853319 0.07517840996545919 -0.22177711179048598 -0.050777915672845855 -0.05576273118267402 -0.9969943811963856 0.5057022916845199 0.6815414711353712 -0.7317661270657636 0.006283697408928077 0.48622878057195784 0.0 0.0 0.0 1.0
-0.7323018620816332 -0.6771367968937848 0.069713384954075 -0.23316601794642056 -0.07145549194029235 -0.025118373786953526 -0.9972852510217738 0.5037529199803624 0.6769094135377461 -0.735183175376012 -0.030112726966977487 0.5056325440882968 0.0 0.0 0.0 1.0
-0.720332856479924 -0.6889703884693807 0.08066146637418828 -0.24086600519859885 -0.06614643481433573 -0.04734611082351993 -0.9965885100403188 0.4982907113779588 0.6904798005073003 -0.7232644440861239 -0.011539956740912063 0.49676032078804605 0.0 0.0 0.0 1.0
-0.7019345921901656 -0.7121277883257348 0.013548086096430146 -0.2029363738049284 0.007763475872969355 -0.026745862204516344 -0.9994386195813745 0.5061707595151382 0.712390955142037 -0.7012998151408353 0.024407055322903604 0.4708072535512711 0.0 0.0 0.0 1.0
-0.7458988754445268 -0.6627610823520524 0.0688960472087385 -0.24173879876573698 -0.004358411658820158 -0.09854163367633241 -0.9950693636528317 0.49918782338405676 0.6663105207754194 -0.7426497477281676 0.0706890618532317 0.4723273688345494 0.0 0.0 0.0 1.0
-0.8138085180824677 -0.5348687688554663 0.22738578864108241 -0.3358723190885469 -0.09844829075100553 -0.2588308016000479 -0.9608306051309109 0.47823735639460224 0.5728969514513581 -0.8043132175920413 0.15799288801178266 0.4344382252666317 0.0 0.0 0.0 1.0
-0.8997080577350799 -0.3436268776612014 0.27004993927710147 -0.35404287831203907 -0.10024217848417628 -0.4381703231793508 -0.8935736921379515 0.44602943311216986 0.42502749385823163 -0.8309432028401049 0.3597644548975306 0.36928582110906816 0.0 0.0 0.0 1.0
-0.9150714664914306 -0.2871549807810022 0.2830932434337101 -0.3582350904874558 -0.16058134409861885 -0.3842664713518762 -0.909087227850983 0.4612677445773618 0.3697415383481723 -0.8777778213142075 0.30555015167169103 0.3720607401454085 0.0 0.0 0.0 1.0
-0.9164418457710655 -0.2632538572334565 0.30244573046623635 -0.37236130034751397 -0.17372036288764842 -0.41833505870092363 -0.8916943290716571 0.4535530703656953 0.3610583932724557 -0.8696823378608681 0.33746389073729005 0.3384286025434514 0.0 0.0 0.0 1.0
-0.7922560997071157 -0.4345240588346905 0.4286362902984336 -0.46490143651682025 -0.166751552394166 -0.5217604442390288 -0.8363092167871148 0.4148604044971489 0.5872250840449764 -0.7341279359084543 0.34098549834980885 0.35631952049550614 0.0 0.0 0.0 1.0
-0.7975620365737762 -0.44748932395964275 0.4048447321646156 -0.45260801098281295 -0.1745760079857358 -0.4712236277988216 -0.8643725302430743 0.43070999812454946 0.5776296522039691 -0.7602646331914173 0.29787421510081563 0.3868410947442743 0.0 0.0 0.0 1.0
-0.7902661629621135 -0.4333799264300151 0.433401707428913 -0.46395590515093404 -0.20647197306851556 -0.47715859534346855 -0.8544571466930437 0.4283257479294649 0.5765728003713929 -0.764878752213607 0.2878172024782298 0.3828404958528608 0.0 0.0 0.0 1.0
-0.7882339825511755 -0.44204904208325413 0.4278852553830846 -0.4854772125936986 -0.19047059990706747 -0.4858495537440055 -0.8533788667030171 0.424678861201718 0.5848844525931431 -0.7539611659821209 0.29857396880952974 0.3642637364097241 0.0 0.0 0.0 1.0
-0.759635622446151 -0.46213729092298544 0.4569505889307711 -0.4705599982601137 -0.24653043236772296 -0.445619838775726 -0.8604347013984451 0.4352114551377161 0.601462761909886 -0.7664134747982202 0.22448954792372505 0.4073204679102167 0.0 0.0 0.0 1.0
-0.7968156253532493 -0.5610217799747889 0.2235819445919126 -0.33075300930443574 -0.12405210158203174 -0.210184421757953 -0.9698411297079907 0.5029905005552275 0.5910854631880715 -0.8005376411047882 0.0978348781097864 0.4771527837178339 0.0 0.0 0.0 1.0
-0.6679089140931591 -0.7429051263056555 -0.048446430664057225 -0.21697210325491662 0.05269679268518743 0.01778269039429245 -0.9982325423657928 0.5193304754354654 0.7426316418730077 -0.6693536557270184 0.02717714611352486 0.4853272376565976 0.0 0.0 0.0 1.0
-0.6710333391649616 -0.7336751369234218 -0.10801365175478386 -0.17314752954299328 0.10235813611802021 0.05236610566960344 -0.9934594750790582 0.49018003419268447 0.7346321340199355 -0.6773671299113696 0.04010202009828313 0.49937284966765083 0.0 0.0 0.0 1.0
-0.6085699784522114 -0.6964020873526584 0.38022030724517114 -0.29324786671991854 -0.31302207779922053 -0.2297102936228533 -0.9215529597490895 0.4458126796262164 0.72938534217836 -0.679593797895162 -0.07832934588505791 0.5527010486424735 0.0 0.0 0.0 1.0
-0.7066485274914912 -0.618919039998737 0.34318562423752386 -0.3162588523425838 -0.3251500493430503 -0.1467571484610438 -0.9341344678790439 0.3333415430375508 0.6285470291960128 -0.7716984764760388 -0.09734425489784342 0.5660305427052041 0.0 0.0 0.0 1.0
-0.6950927631845085 -0.6722279422904451 0.25448088052010026 -0.33276921924973596 -0.28062705317375847 -0.07216936922919093 -0.9569162399226608 0.44584575642459867 0.6617399549027326 -0.7367393660372914 -0.1384826508656746 0.5685680909605736 0.0 0.0 0.0 1.0
-0.7075009946535661 -0.648571352933418 0.28076020938561735 -0.35334834408313054 -0.30121084374057844 -0.08268653387787016 -0.9500090088069575 0.47791828417727433 0.6393651263237776 -0.7566269394728843 -0.13687570977570365 0.5782286696180002 0.0 0.0 0.0 1.0
-0.6854353072348566 -0.6763786631339223 0.2689533123101389 -0.3138137349363287 -0.28610215839395725 -0.08926027707356766 -0.9542215850743669 0.4318999900165077 0.6692610743545109 -0.7308641278363497 -0.13238923669738326 0.5851834090744901 0.0 0.0 0.0 1.0
-0.7268373600661964 -0.6352716068811881 0.260616921193349 -0.29355401912323476 -0.24937800500779925 -0.1093330880865443 -0.9622397553804873 0.4144272842198492 0.6397083822163 -0.7644340182879767 -0.0789866903423159 0.5703294463595187 0.0 0.0 0.0 1.0
