#t[s:double],w.x[rad/s:double],w.y[rad/s:double],w.z[rad/s:double],a.x[m/s^2:double],a.y[m/s^2:double],a.z[m/s^2:double]
131859.443770000,6.899940816e-02,-2.211637993e-01,-1.653805538e-01,1.766172637e+00,5.641936212e+00,8.117091816e+00
131859.453777000,4.970380684e-02,-1.720620555e-01,-1.741583704e-01,1.710956361e+00,5.756109704e+00,7.895777800e+00
131859.463783000,3.049600431e-02,-1.566721336e-01,-1.780931910e-01,1.520168417e+00,5.831227781e+00,7.861660426e+00
131859.473790000,2.927472889e-03,-1.443216506e-01,-1.841408308e-01,1.346289521e+00,5.811774892e+00,7.798064445e+00
131859.483797000,-2.579651760e-02,-1.355117597e-01,-1.915032930e-01,1.248875441e+00,5.830030680e+00,7.756016278e+00
131859.493803000,-4.450848018e-02,-1.071705765e-01,-1.888359009e-01,1.180341418e+00,5.806537576e+00,7.793126404e+00
131859.503810000,-7.117466093e-02,-5.896947715e-02,-1.735931395e-01,1.108964281e+00,5.667224967e+00,7.831134355e+00
131859.513817000,-7.499670895e-02,-1.750855534e-02,-1.557966791e-01,9.641150810e-01,5.642983675e+00,7.970147689e+00
131859.523823000,-5.283691790e-02,-3.615993906e-03,-1.396098273e-01,8.459013741e-01,5.574898566e+00,8.241739940e+00
131859.533830000,-1.423766510e-02,-2.179343485e-02,-1.356736044e-01,7.661445312e-01,5.508160194e+00,8.462605043e+00
131859.543837000,2.651924852e-02,-6.772150653e-02,-1.370648214e-01,7.276876671e-01,5.486313104e+00,8.555679633e+00
131859.553843000,5.982554382e-02,-1.085885037e-01,-1.362094691e-01,7.655459808e-01,5.490652595e+00,8.513332191e+00
131859.563850000,8.175958881e-02,-1.350865747e-01,-1.294178394e-01,8.441057228e-01,5.481973614e+00,8.433575348e+00
131859.573857000,1.055918697e-01,-1.321713390e-01,-1.201117471e-01,9.222165520e-01,5.536142426e+00,8.388235154e+00
131859.583863000,1.222826464e-01,-1.112304592e-01,-1.162297145e-01,1.089661031e+00,5.581183345e+00,8.358606908e+00
131859.593870000,1.499462216e-01,-9.574375079e-02,-1.215311779e-01,1.208473288e+00,5.690568433e+00,8.311171788e+00
131859.603877000,1.916565414e-01,-1.125014466e-01,-1.409487668e-01,1.245583414e+00,5.700743790e+00,8.321347145e+00
131859.613883000,1.894381240e-01,-1.020351307e-01,-1.548744133e-01,1.254860945e+00,5.956923368e+00,8.159139983e+00
131859.623890000,1.603286896e-01,-9.303227482e-02,-1.779782495e-01,1.321449679e+00,5.966350537e+00,7.669226468e+00
131859.633897000,1.432160690e-01,-8.654522347e-02,-1.922734126e-01,1.340453654e+00,5.959467207e+00,7.525275093e+00
131859.643904000,1.218069540e-01,-8.798344252e-02,-2.106613082e-01,1.259350073e+00,6.102820032e+00,7.533355524e+00
131859.653910000,9.601044828e-02,-1.076118721e-01,-2.278816559e-01,1.217601182e+00,6.126612411e+00,7.471555193e+00
131859.663917000,7.168663806e-02,-1.353130945e-01,-2.382598553e-01,1.130063184e+00,6.152649354e+00,7.454646144e+00
131859.673924000,4.840903944e-02,-1.534040835e-01,-2.514908574e-01,1.095945810e+00,6.138583419e+00,7.479785262e+00
131859.683930000,5.196021151e-02,-1.573268142e-01,-2.606761263e-01,1.128417170e+00,6.098630179e+00,7.571962025e+00
131859.693937000,6.765846178e-02,-1.478722581e-01,-2.496643674e-01,1.040879172e+00,6.042964990e+00,7.756315553e+00
131859.703944000,8.367704689e-02,-1.376966932e-01,-2.302506990e-01,9.365817619e-01,6.022763914e+00,7.852382895e+00
131859.713950000,8.380268197e-02,-1.278763294e-01,-2.146960772e-01,9.096469933e-01,6.020668987e+00,7.770082213e+00
131859.723957000,6.595140480e-02,-1.192365191e-01,-2.007219585e-01,9.355342987e-01,5.988496902e+00,7.621043159e+00
131859.733964000,3.566487143e-02,-1.108928712e-01,-1.878037636e-01,9.412205276e-01,5.995829145e+00,7.472752294e+00
131859.743970000,2.960647016e-03,-9.974328362e-02,-1.759678161e-01,9.735422501e-01,6.003011750e+00,7.391648713e+00
131859.753977000,-2.071378764e-02,-8.430489432e-02,-1.689613384e-01,1.018283894e+00,6.043862816e+00,7.442974411e+00
131859.763984000,-2.643269012e-02,-7.288252163e-02,-1.719514144e-01,1.108216093e+00,6.067505557e+00,7.574206590e+00
131859.773990000,-2.321785641e-02,-7.439952539e-02,-1.864853253e-01,1.203535247e+00,6.005705227e+00,7.677755811e+00
131859.783997000,-7.726476796e-03,-1.003012070e-01,-2.089056877e-01,1.262642101e+00,5.944054534e+00,7.804349224e+00
131859.794004000,2.148291001e-02,-1.407067711e-01,-2.424686949e-01,1.289726507e+00,5.881506016e+00,7.912686849e+00
131859.804010000,4.882336389e-02,-1.931968157e-01,-2.802304827e-01,1.307234106e+00,5.825990465e+00,7.961019795e+00
131859.814017000,7.819030454e-02,-2.224746298e-01,-3.091795413e-01,1.281496439e+00,5.816563296e+00,7.951891901e+00
131859.824024000,9.941097781e-02,-2.264770506e-01,-3.247820909e-01,1.230320378e+00,5.846191541e+00,7.862857527e+00
131859.834030000,1.026953753e-01,-2.171158411e-01,-3.293671395e-01,1.129614271e+00,5.927295123e+00,7.727884409e+00
131859.844037000,7.128468374e-02,-2.028274987e-01,-3.158133210e-01,9.998784683e-01,6.004957039e+00,7.524377267e+00
131859.854044000,3.156432131e-02,-1.814012974e-01,-2.877505670e-01,8.734346931e-01,6.060622227e+00,7.344063955e+00
131859.864050000,-8.607764612e-03,-1.627983569e-01,-2.542040052e-01,8.008604553e-01,6.091597211e+00,7.346757432e+00
131859.874057000,-4.139045332e-02,-1.456103101e-01,-2.247894976e-01,8.176198669e-01,6.049549045e+00,7.414692904e+00
131859.884064000,-4.550363382e-02,-1.244702622e-01,-2.091552232e-01,9.162310478e-01,5.966051262e+00,7.569567824e+00
131859.894070000,-2.989549481e-02,-1.072960107e-01,-1.972494142e-01,1.029207439e+00,5.889137534e+00,7.786542349e+00
131859.904077000,-7.349615865e-03,-1.030920283e-01,-1.986203447e-01,1.054196918e+00,5.854271972e+00,7.909694097e+00
131859.914084000,1.788220878e-02,-1.234398849e-01,-2.176077593e-01,1.079186398e+00,5.838709661e+00,7.912986124e+00
131859.924090000,4.544338512e-02,-1.650442769e-01,-2.434231813e-01,9.938929642e-01,5.924751283e+00,7.906402070e+00
131859.934097000,5.596233500e-02,-2.274316807e-01,-2.669857714e-01,8.875006279e-01,5.985653788e+00,7.808539077e+00
131859.944104000,6.017291394e-02,-2.753592363e-01,-2.790132316e-01,8.185176926e-01,5.994632044e+00,7.682544215e+00
131859.954110000,6.831655370e-02,-3.046481769e-01,-2.820688899e-01,8.300397881e-01,5.984755962e+00,7.668179005e+00
131859.964117000,7.977031523e-02,-3.163754953e-01,-2.729454500e-01,8.037035698e-01,6.014533846e+00,7.754070989e+00
131859.974124000,8.322425522e-02,-3.184225080e-01,-2.566631291e-01,7.918821991e-01,5.944653085e+00,7.772626052e+00
131859.984130000,8.450506892e-02,-3.137113598e-01,-2.368128180e-01,8.366238426e-01,5.896619414e+00,7.684190228e+00
131859.994137000,7.980229045e-02,-2.855226202e-01,-2.176128564e-01,8.467991997e-01,5.947645837e+00,7.655160533e+00
131860.004144000,6.670244217e-02,-2.409198867e-01,-1.976919246e-01,8.304887009e-01,6.027701955e+00,7.552958050e+00
131860.014150000,4.069938602e-02,-2.087808967e-01,-1.738294951e-01,7.510311333e-01,6.128707337e+00,7.456142520e+00
131860.024157000,-1.812222962e-03,-1.817506237e-01,-1.559312566e-01,6.572083557e-01,6.211756207e+00,7.324012516e+00
131860.034164000,-4.175248242e-02,-1.588806747e-01,-1.370799312e-01,6.370072792e-01,6.196642809e+00,7.254281393e+00
131860.044170000,-5.857981601e-02,-1.533042486e-01,-1.150873019e-01,5.894225212e-01,6.180631586e+00,7.388057410e+00
131860.054177000,-4.243576269e-02,-1.620668370e-01,-9.264246687e-02,5.428852264e-01,6.167164201e+00,7.644087350e+00
131860.064184000,-9.908152815e-03,-1.866453155e-01,-8.039867104e-02,5.826888290e-01,6.071845048e+00,7.839962974e+00
131860.074190000,3.368929670e-02,-2.226195276e-01,-7.423988064e-02,6.842927620e-01,5.994931319e+00,7.906252432e+00
131860.084197000,7.563338961e-02,-2.486444320e-01,-7.813584925e-02,7.676409073e-01,5.977573357e+00,7.916577427e+00
131860.094204000,1.020516637e-01,-2.571927064e-01,-9.558444005e-02,9.331400970e-01,6.017077685e+00,7.755417728e+00
131860.104211000,1.094859255e-01,-2.494669246e-01,-1.139062617e-01,1.028010338e+00,6.135889942e+00,7.528716758e+00
131860.114217000,9.230568395e-02,-2.342921624e-01,-1.227755270e-01,1.030105264e+00,6.259939516e+00,7.276427758e+00
131860.124224000,6.083823079e-02,-2.137094221e-01,-1.237941460e-01,1.002871220e+00,6.377853947e+00,7.063493448e+00
131860.134231000,2.505327371e-02,-1.953323314e-01,-1.219968245e-01,9.570821136e-01,6.524199524e+00,6.985382619e+00
131860.144237000,-1.846653455e-02,-1.764741075e-01,-1.115264413e-01,9.663596451e-01,6.548141541e+00,6.959495313e+00
131860.154244000,-4.182425823e-02,-1.496211005e-01,-9.617546741e-02,1.040280621e+00,6.483947009e+00,7.010072823e+00
131860.164251000,-3.898615365e-02,-1.232412789e-01,-7.937125087e-02,1.166574759e+00,6.401047776e+00,7.210886488e+00
131860.174257000,-9.653767551e-03,-1.015450309e-01,-6.336442395e-02,1.293916360e+00,6.308871012e+00,7.455394332e+00
131860.184264000,2.215803647e-02,-9.285099820e-02,-5.582772546e-02,1.382501821e+00,6.271760886e+00,7.568221085e+00
131860.194271000,4.844983961e-02,-1.040459099e-01,-5.965673566e-02,1.504606106e+00,6.274304726e+00,7.501183439e+00
131860.204277000,6.914559853e-02,-1.199178140e-01,-9.387055648e-02,1.718288604e+00,6.281038418e+00,7.359027715e+00
131860.214284000,9.465177901e-02,-1.389196610e-01,-1.443464074e-01,1.962796449e+00,6.338499258e+00,7.302763976e+00
131860.224291000,1.106547334e-01,-1.518404626e-01,-2.003214204e-01,2.073977188e+00,6.424690517e+00,7.225251698e+00
131860.234297000,1.187495976e-01,-1.638874207e-01,-2.512167248e-01,2.103306158e+00,6.461800643e+00,7.060650333e+00
131860.244304000,1.130407964e-01,-1.731975714e-01,-2.873148748e-01,2.041206553e+00,6.498162581e+00,6.952911259e+00
131860.254311000,9.724259011e-02,-1.802595306e-01,-3.074118718e-01,1.923292121e+00,6.537217995e+00,6.808660609e+00
131860.264317000,7.367359514e-02,-1.709764515e-01,-3.143787425e-01,1.816899785e+00,6.546944440e+00,6.720075147e+00
131860.274324000,5.175084883e-02,-1.422895905e-01,-3.161128120e-01,1.751358514e+00,6.540958936e+00,6.688501613e+00
131860.284331000,4.143360236e-02,-1.147555161e-01,-3.061102723e-01,1.649305669e+00,6.547692628e+00,6.718129858e+00
131860.294337000,5.157488974e-02,-1.044728109e-01,-2.766908189e-01,1.415122819e+00,6.589142244e+00,6.853851165e+00
131860.304344000,6.555639643e-02,-1.136196618e-01,-2.437041880e-01,1.176899754e+00,6.634183163e+00,6.915352220e+00
131860.314351000,7.891668787e-02,-1.375386004e-01,-2.123752012e-01,1.070657055e+00,6.681019733e+00,6.868964563e+00
131860.324357000,8.766390335e-02,-1.727483593e-01,-1.803180823e-01,9.837176071e-01,6.774094322e+00,6.801627641e+00
131860.334364000,8.371234527e-02,-2.056687019e-01,-1.453285768e-01,9.237129280e-01,6.831405524e+00,6.677278793e+00
131860.344371000,5.661288975e-02,-2.269651610e-01,-1.099834018e-01,9.470563942e-01,6.874950067e+00,6.538115821e+00
131860.354377000,1.417045289e-02,-2.317072003e-01,-8.311736601e-02,1.055992570e+00,6.864924348e+00,6.384886915e+00
131860.364384000,-2.560257596e-02,-2.210100040e-01,-6.220184213e-02,1.101482401e+00,6.846818198e+00,6.349722078e+00
131860.374391000,-5.639589469e-02,-2.092506378e-01,-4.103162227e-02,1.067215390e+00,6.832752263e+00,6.452074199e+00
131860.384397000,-6.275069069e-02,-2.001135725e-01,-9.460440176e-03,9.721955116e-01,6.805667857e+00,6.628347296e+00
131860.394404000,-6.101155278e-02,-1.978680251e-01,3.201289369e-02,8.815151237e-01,6.782474028e+00,6.847416748e+00
131860.404411000,-5.418749838e-02,-1.870895817e-01,6.063255519e-02,9.497498711e-01,6.760626938e+00,6.921487362e+00
131860.414417500,-3.112325828e-02,-1.729264122e-01,7.415079501e-02,1.149216797e+00,6.744615714e+00,6.967575744e+00
131860.424423500,-1.275535751e-03,-1.613259831e-01,7.180170690e-02,1.308131932e+00,6.779032363e+00,7.086537639e+00
131860.434430500,2.378591965e-02,-1.625452674e-01,6.191956078e-02,1.455824247e+00,6.729203041e+00,7.094169157e+00
131860.444437500,4.452793887e-02,-1.798117920e-01,4.852049664e-02,1.530044498e+00,6.685957774e+00,6.995109063e+00
131860.454443500,4.540911720e-02,-2.069473373e-01,3.292089723e-02,1.564760423e+00,6.682815384e+00,6.841880157e+00
131860.464450500,2.026321654e-02,-2.250728232e-01,1.702462236e-02,1.666214718e+00,6.684012485e+00,6.634482438e+00
131860.474457500,-1.962874513e-02,-2.134385695e-01,6.586238941e-03,1.785924801e+00,6.707954501e+00,6.446687245e+00
131860.484463500,-5.595007329e-02,-1.664035372e-01,1.433136619e-03,1.867626933e+00,6.760626938e+00,6.392219157e+00
131860.494470500,-8.880855989e-02,-1.034246348e-01,9.000136689e-03,1.893813513e+00,6.789656633e+00,6.417507912e+00
131860.504477500,-1.083099870e-01,-4.149529344e-02,1.549695860e-02,1.881692867e+00,6.765564979e+00,6.492027439e+00
131860.514483500,-1.099764766e-01,-3.481151220e-03,1.516758351e-02,1.875258450e+00,6.730100867e+00,6.627898383e+00
131860.524490500,-8.669281606e-02,-3.585550176e-03,1.688614561e-02,1.740135694e+00,6.760028387e+00,6.841281606e+00
131860.534497500,-5.047333874e-02,-4.646549317e-02,1.454825966e-02,1.576881068e+00,6.807762783e+00,7.017105791e+00
131860.544503500,-1.370431910e-02,-1.080587991e-01,2.302805139e-03,1.551143401e+00,6.893355492e+00,7.028178973e+00
131860.554510500,1.622614555e-02,-1.565168943e-01,-1.881026214e-02,1.654842260e+00,6.946177567e+00,6.956801836e+00
131860.564517500,3.670021646e-02,-1.934869299e-01,-4.757976477e-02,1.778891833e+00,7.064391273e+00,6.847117473e+00
131860.574523500,3.810507015e-02,-2.046875392e-01,-7.273421206e-02,1.940500446e+00,7.104194876e+00,6.678176618e+00
131860.584530500,3.299533852e-02,-1.887348727e-01,-9.268944939e-02,2.007538092e+00,7.223156771e+00,6.563703851e+00
131860.594537500,2.641148463e-02,-1.646269747e-01,-1.017472396e-01,2.010231569e+00,7.256077044e+00,6.524947712e+00
131860.604543500,2.993806704e-02,-1.339402138e-01,-9.163742523e-02,1.970278329e+00,7.272237905e+00,6.592434271e+00
131860.614550500,4.143943021e-02,-9.944187267e-02,-6.968023637e-02,1.915660603e+00,7.288548404e+00,6.706757401e+00
131860.624557500,5.296320753e-02,-6.929542016e-02,-5.196913681e-02,1.964292825e+00,7.230489014e+00,6.753893246e+00
131860.634563500,6.176501975e-02,-5.789487905e-02,-4.056227271e-02,2.097171017e+00,7.169736147e+00,6.743717889e+00
131860.644570500,6.089090888e-02,-5.399962571e-02,-4.485011588e-02,2.282272733e+00,7.132326746e+00,6.679822632e+00
131860.654577500,5.689659228e-02,-6.798330649e-02,-7.172052007e-02,2.545934190e+00,7.103596326e+00,6.619967590e+00
131860.664583500,4.879352187e-02,-8.360835649e-02,-1.201889799e-01,2.843114471e+00,7.062745260e+00,6.581061813e+00
131860.674590500,3.174390974e-02,-1.078605352e-01,-1.946198783e-01,3.099593324e+00,7.055263380e+00,6.521954960e+00
131860.684597500,2.363440615e-02,-1.351682637e-01,-2.807794780e-01,3.259705560e+00,6.980145303e+00,6.549787554e+00
131860.694603500,4.102364538e-02,-1.567062403e-01,-3.597824641e-01,3.260304111e+00,6.895600056e+00,6.736385646e+00
131860.704610500,8.336156814e-02,-1.807903478e-01,-4.133132208e-01,3.086275578e+00,6.825120745e+00,7.020697093e+00
131860.714617500,1.269472214e-01,-1.939083107e-01,-4.410219333e-01,2.765602193e+00,6.810905173e+00,7.218218730e+00
131860.724623500,1.509921465e-01,-2.093579503e-01,-4.514969063e-01,2.470217563e+00,6.798185976e+00,7.162104629e+00
131860.734630500,1.659867651e-01,-2.320268160e-01,-4.468548435e-01,2.196231110e+00,6.812102274e+00,7.018901442e+00
131860.744637500,1.700258920e-01,-2.633360930e-01,-4.365576852e-01,2.004994253e+00,6.842478707e+00,6.940341700e+00
131860.754644500,1.540969314e-01,-2.969496875e-01,-4.303694808e-01,1.933467478e+00,6.905476138e+00,6.836792478e+00
131860.764650500,1.232847250e-01,-3.214634939e-01,-4.370248298e-01,1.963694274e+00,6.918494610e+00,6.723067899e+00
131860.774657500,9.901112499e-02,-3.464863629e-01,-4.538196689e-01,1.997063460e+00,6.942586264e+00,6.694786392e+00
131860.784664500,8.254597832e-02,-3.868789695e-01,-4.773457177e-01,1.965639563e+00,7.000047104e+00,6.823774007e+00
131860.794670500,5.305645450e-02,-4.277462734e-01,-5.109939966e-01,1.946785225e+00,6.954108360e+00,6.857741743e+00
131860.804677500,3.970252651e-03,-4.638353003e-01,-5.403871856e-01,1.944241386e+00,6.780678377e+00,6.773944685e+00
131860.814684500,-3.756982224e-02,-4.782107738e-01,-5.494892362e-01,1.887229459e+00,6.603657092e+00,6.841281606e+00
131860.824690500,-5.455118861e-02,-4.663756891e-01,-5.204585687e-01,1.744325547e+00,6.421248853e+00,7.154173836e+00
131860.834697500,-5.818434987e-02,-4.368558520e-01,-4.799233849e-01,1.618480322e+00,6.272957987e+00,7.517194662e+00
131860.844704500,-4.476566969e-02,-3.841473022e-01,-4.189772881e-01,1.582866573e+00,6.078578740e+00,7.780856120e+00
131860.854710500,-7.843441862e-03,-3.166981526e-01,-3.375818664e-01,1.458816999e+00,6.011690731e+00,8.078634952e+00
131860.864717500,2.618401849e-02,-2.249650945e-01,-2.668457395e-01,1.438915198e+00,6.006303777e+00,8.201188149e+00
131860.874724500,4.078290051e-02,-1.350574033e-01,-2.156968151e-01,1.536778191e+00,6.047603756e+00,8.043470115e+00
131860.884730500,3.154807933e-02,-6.899508378e-02,-1.912206515e-01,1.559972019e+00,6.146514212e+00,7.752873888e+00
131860.894737500,4.864722669e-03,-4.819854035e-02,-1.886413866e-01,1.534234351e+00,6.200533387e+00,7.443872237e+00
131860.904744500,-4.299160978e-02,-7.259559895e-02,-2.108921801e-01,1.522712256e+00,6.137535956e+00,7.164498830e+00
131860.914750500,-7.023242012e-02,-1.231763546e-01,-2.427593969e-01,1.507598858e+00,6.093542500e+00,7.075165181e+00
131860.924757500,-6.916335013e-02,-1.773455442e-01,-2.783635337e-01,1.476923149e+00,6.014533846e+00,7.274332832e+00
131860.934764500,-6.843119139e-02,-2.069522913e-01,-3.004880425e-01,1.426196001e+00,5.973682780e+00,7.413046890e+00
131860.944770500,-7.300736735e-02,-2.131182181e-01,-3.039214821e-01,1.365592772e+00,5.926247659e+00,7.395988203e+00
131860.954777500,-9.314464654e-02,-1.975735578e-01,-2.835788783e-01,1.257704060e+00,5.931484975e+00,7.335235336e+00
131860.964784500,-1.331475031e-01,-1.624650130e-01,-2.527853515e-01,1.176151566e+00,5.959616845e+00,7.195473814e+00
131860.974790500,-1.831546984e-01,-1.145781801e-01,-2.125805114e-01,1.077989297e+00,6.010044717e+00,7.082347786e+00
131860.984797500,-2.285484658e-01,-7.269641852e-02,-1.664773139e-01,9.917980377e-01,6.060023677e+00,7.078756483e+00
131860.994804500,-2.675938487e-01,-3.278034809e-02,-1.234368157e-01,9.449614677e-01,6.099528004e+00,7.154173836e+00
131861.004811500,-2.919352635e-01,-2.342732246e-03,-9.209347620e-02,9.718962364e-01,6.144419286e+00,7.269993341e+00
131861.014817500,-2.901833237e-01,1.466843378e-02,-7.724484671e-02,1.033546929e+00,6.122572195e+00,7.493701559e+00
131861.024824500,-2.642962619e-01,-1.090179041e-03,-7.184528295e-02,1.074996545e+00,6.081272217e+00,7.749731499e+00
131861.034831500,-2.231944217e-01,-4.582456706e-02,-7.857935520e-02,1.096245085e+00,6.025158115e+00,7.927052059e+00
131861.044837500,-1.765828833e-01,-1.025632688e-01,-9.245704658e-02,1.137245789e+00,5.942258883e+00,7.986458188e+00
131861.054844500,-1.248153919e-01,-1.566513601e-01,-1.024844470e-01,1.216254443e+00,5.879860002e+00,7.952041539e+00
131861.064851500,-7.532676333e-02,-1.969601869e-01,-1.119153585e-01,1.260696812e+00,5.893626662e+00,7.916727065e+00
131861.074857500,-2.738468402e-02,-2.211805443e-01,-1.232942593e-01,1.339406191e+00,5.909188972e+00,7.815123132e+00
131861.084864500,1.750716525e-02,-2.339368878e-01,-1.349980194e-01,1.392078628e+00,5.927594398e+00,7.698106525e+00
131861.094871500,3.976155948e-02,-2.408607879e-01,-1.411142806e-01,1.380706170e+00,6.014683483e+00,7.570016737e+00
131861.104877500,4.504173584e-02,-2.501290950e-01,-1.398690480e-01,1.324442431e+00,6.108506261e+00,7.385214296e+00
131861.114884500,3.434881136e-02,-2.495727406e-01,-1.367964719e-01,1.299752226e+00,6.138284144e+00,7.223306409e+00
131861.124891500,1.031620803e-02,-2.306502569e-01,-1.364775505e-01,1.277156948e+00,6.211456932e+00,7.089530391e+00
131861.134897500,-2.368567493e-02,-2.065669038e-01,-1.347111942e-01,1.310825409e+00,6.213102946e+00,6.948871043e+00
131861.144904500,-6.163502233e-02,-1.782913383e-01,-1.233594113e-01,1.267430504e+00,6.201730488e+00,6.848913124e+00
131861.154911500,-1.008292844e-01,-1.542134316e-01,-1.087834916e-01,1.196502280e+00,6.210110194e+00,6.803273655e+00
131861.164917500,-1.251998072e-01,-1.400879527e-01,-9.109847100e-02,1.181837794e+00,6.169857678e+00,6.844723271e+00
131861.174924500,-1.260920826e-01,-1.374858054e-01,-8.230688435e-02,1.170166061e+00,6.196044259e+00,6.994061600e+00
131861.184931500,-1.071576795e-01,-1.541995828e-01,-8.876964487e-02,1.218050095e+00,6.155043555e+00,7.133374209e+00
131861.194937500,-8.289889579e-02,-1.933883204e-01,-1.101931680e-01,1.304241354e+00,6.101922206e+00,7.211634676e+00
131861.204944500,-5.617199756e-02,-2.562856550e-01,-1.417678115e-01,1.319205115e+00,6.109703362e+00,7.286902390e+00
131861.214951500,-3.755824574e-02,-3.194519465e-01,-1.801383567e-01,1.379658707e+00,6.055235274e+00,7.236175243e+00
131861.224957500,-3.157457988e-02,-3.587011693e-01,-2.231588278e-01,1.481561915e+00,6.081870767e+00,7.138910800e+00
131861.234964500,-3.396531543e-02,-3.719185108e-01,-2.640416630e-01,1.590348453e+00,6.140827983e+00,7.057507944e+00
131861.244971500,-4.007153833e-02,-3.742762162e-01,-2.887035597e-01,1.598578521e+00,6.202179401e+00,7.033565927e+00
131861.254978500,-5.035785874e-02,-3.632292790e-01,-3.018274834e-01,1.540369493e+00,6.253505099e+00,7.013813763e+00
131861.264984500,-6.872429350e-02,-3.372360043e-01,-3.099520084e-01,1.493981836e+00,6.337002882e+00,6.973561248e+00
131861.274991500,-8.159038500e-02,-3.044364827e-01,-2.961066399e-01,1.375917767e+00,6.424391242e+00,7.027879698e+00
131861.284998500,-8.698856352e-02,-2.698620020e-01,-2.708011162e-01,1.213560966e+00,6.492177077e+00,7.152976735e+00
131861.295004500,-9.321581697e-02,-2.427483906e-01,-2.451941643e-01,1.140837091e+00,6.486640485e+00,7.221211482e+00
131861.305011500,-9.212482793e-02,-2.356191714e-01,-2.289574715e-01,1.151760636e+00,6.496067654e+00,7.247398063e+00
131861.315018500,-8.776628747e-02,-2.662930510e-01,-2.278679190e-01,1.169268236e+00,6.514921992e+00,7.321917590e+00
131861.325024500,-8.577864113e-02,-3.229610996e-01,-2.510532367e-01,1.293168172e+00,6.509983952e+00,7.307702017e+00
131861.335031500,-8.250770388e-02,-3.808141390e-01,-2.989114993e-01,1.506102482e+00,6.515819818e+00,7.250540453e+00
131861.345038500,-6.707202538e-02,-4.316415294e-01,-3.526889143e-01,1.649604944e+00,6.606350568e+00,7.294982821e+00
131861.355044500,-5.953214706e-02,-4.503118003e-01,-4.004816842e-01,1.705120495e+00,6.653785689e+00,7.300669050e+00
131861.365051500,-5.351007193e-02,-4.493453562e-01,-4.418433845e-01,1.742230621e+00,6.649146923e+00,7.217470542e+00
131861.375058500,-4.558369978e-02,-4.375435484e-01,-4.581844541e-01,1.606359676e+00,6.713790368e+00,7.261314360e+00
131861.385064500,-3.267253230e-02,-4.215279117e-01,-4.552084304e-01,1.411232241e+00,6.776488524e+00,7.329100195e+00
131861.395071500,-3.283392008e-02,-4.109064374e-01,-4.415236325e-01,1.262642101e+00,6.833350813e+00,7.344812143e+00
131861.405078500,-5.058802660e-02,-4.088900805e-01,-4.256478109e-01,1.144578031e+00,6.923582288e+00,7.255927406e+00
131861.415084667,-6.586223597e-02,-4.164665279e-01,-4.123920543e-01,1.141435641e+00,6.930315981e+00,7.241562196e+00
131861.425091667,-6.190499578e-02,-4.364492558e-01,-4.116241249e-01,1.165527296e+00,6.970568496e+00,7.378929517e+00
131861.435098667,-4.786265295e-02,-4.598285554e-01,-4.116462758e-01,1.160589255e+00,7.013065575e+00,7.602637734e+00
131861.445104667,-3.286191808e-02,-4.797099301e-01,-4.190236854e-01,1.219247195e+00,7.003638406e+00,7.716811226e+00
131861.455111667,-3.286201623e-02,-4.926714685e-01,-4.405665465e-01,1.373822840e+00,6.979397115e+00,7.635109094e+00
131861.465118667,-5.078659609e-02,-5.001769538e-01,-4.630591189e-01,1.537975291e+00,6.961440602e+00,7.457489259e+00
131861.475124667,-9.312471279e-02,-5.072818087e-01,-4.788670515e-01,1.622670175e+00,6.986430082e+00,7.282263625e+00
131861.485131667,-1.490938258e-01,-4.918111855e-01,-4.938488818e-01,1.690156734e+00,6.984335155e+00,7.101052486e+00
131861.495138667,-1.974431462e-01,-4.568465428e-01,-5.005328690e-01,1.791461392e+00,6.960991689e+00,7.074716268e+00
131861.505145667,-2.138252378e-01,-4.171779571e-01,-4.855184549e-01,1.751957065e+00,6.966378643e+00,7.339874102e+00
131861.515151667,-2.106871342e-01,-3.977904854e-01,-4.581432620e-01,1.657984650e+00,6.960243501e+00,7.588422162e+00
131861.525158667,-2.135665604e-01,-3.995002087e-01,-4.395903715e-01,1.687163982e+00,6.881833397e+00,7.608323963e+00
131861.535165667,-2.295538944e-01,-4.163139595e-01,-4.308208990e-01,1.799841098e+00,6.870012026e+00,7.467514978e+00
131861.545171667,-2.464197562e-01,-4.301891343e-01,-4.288705161e-01,1.978059484e+00,6.845321822e+00,7.373692200e+00
131861.555178667,-2.679953534e-01,-4.292506717e-01,-4.305945723e-01,2.189347781e+00,6.806266407e+00,7.290942606e+00
131861.565185667,-2.896424886e-01,-4.064164984e-01,-4.403030294e-01,2.453308514e+00,6.729651954e+00,7.194127076e+00
131861.575191667,-3.001233298e-01,-3.815816916e-01,-4.566974575e-01,2.734627209e+00,6.609492958e+00,7.210587212e+00
131861.585198667,-2.869081081e-01,-3.509126470e-01,-4.767410663e-01,2.911199581e+00,6.488286499e+00,7.342567579e+00
131861.595205667,-2.463157203e-01,-3.294948953e-01,-4.934209308e-01,2.995445552e+00,6.315604704e+00,7.580192094e+00
131861.605211667,-1.639215916e-01,-3.412565556e-01,-5.094241674e-01,2.930652470e+00,6.190956580e+00,7.876175274e+00
131861.615218667,-6.825433258e-02,-3.801326299e-01,-5.112904126e-01,2.813935139e+00,6.092345399e+00,8.118737830e+00
131861.625225667,9.030248080e-03,-4.225190650e-01,-5.195282490e-01,2.791639136e+00,5.998672260e+00,8.070255246e+00
131861.635231667,6.496342087e-02,-4.633058592e-01,-5.336288700e-01,2.844610847e+00,5.955726267e+00,7.786392712e+00
131861.645238667,9.140160337e-02,-4.956080311e-01,-5.353479118e-01,2.791788773e+00,5.990741467e+00,7.460182735e+00
131861.655245667,8.901630039e-02,-5.222725958e-01,-5.277383018e-01,2.649932325e+00,6.029946519e+00,7.122001751e+00
131861.665251667,7.574651803e-02,-5.464273283e-01,-5.041271839e-01,2.508225514e+00,6.063465342e+00,6.864475435e+00
131861.675258667,5.389021661e-02,-5.571259994e-01,-4.747095706e-01,2.478447631e+00,6.076334176e+00,6.691644003e+00
131861.685265667,4.648534186e-02,-5.496348932e-01,-4.448627240e-01,2.493710667e+00,6.102221481e+00,6.632686787e+00
131861.695271667,4.866679128e-02,-5.397432720e-01,-4.197039806e-01,2.493112116e+00,6.210110194e+00,6.684611035e+00
131861.705278667,3.789161560e-02,-5.253229278e-01,-4.045636701e-01,2.543839264e+00,6.284928996e+00,6.608295857e+00
131861.715285667,1.204618998e-02,-5.114474421e-01,-4.075520630e-01,2.628983060e+00,6.353313380e+00,6.395810460e+00
131861.725292667,-2.030435045e-02,-4.920738246e-01,-4.045616192e-01,2.627935597e+00,6.426186893e+00,6.316502530e+00
131861.735298667,-5.713851971e-02,-4.624704606e-01,-4.013548263e-01,2.537404847e+00,6.567295154e+00,6.267571033e+00
131861.745305667,-9.913087838e-02,-4.296556821e-01,-3.926916099e-01,2.431910336e+00,6.572831745e+00,6.217592074e+00
131861.755312667,-1.343239476e-01,-3.954867363e-01,-3.739003500e-01,2.269254261e+00,6.585251666e+00,6.280888780e+00
131861.765318667,-1.489494531e-01,-3.637488153e-01,-3.500451664e-01,2.074126826e+00,6.645405983e+00,6.473622014e+00
131861.775325667,-1.475945586e-01,-3.549793024e-01,-3.311492942e-01,1.932120740e+00,6.666055972e+00,6.624007806e+00
131861.785332667,-1.349764135e-01,-3.664358945e-01,-3.250954115e-01,1.850867521e+00,6.670545100e+00,6.730100867e+00
131861.795338667,-1.172400364e-01,-3.916811855e-01,-3.291125502e-01,1.810465368e+00,6.695235305e+00,6.742221513e+00
131861.805345667,-1.103270070e-01,-4.102611135e-01,-3.548995455e-01,1.923142484e+00,6.667701986e+00,6.609343320e+00
131861.815352667,-1.088284416e-01,-4.239410440e-01,-3.892487282e-01,2.058414877e+00,6.684461398e+00,6.476165853e+00
131861.825358667,-1.088438246e-01,-4.361739701e-01,-4.290674029e-01,2.081907981e+00,6.719775872e+00,6.423194141e+00
131861.835365667,-1.192011785e-01,-4.436461671e-01,-4.649049291e-01,2.083703632e+00,6.704213561e+00,6.337601432e+00
131861.845372667,-1.403717108e-01,-4.334478345e-01,-4.852193344e-01,2.039261264e+00,6.682067196e+00,6.267122121e+00
131861.855378667,-1.658517044e-01,-3.961497274e-01,-4.885963851e-01,1.972223618e+00,6.602908904e+00,6.250811622e+00
131861.865385667,-1.853587757e-01,-3.371493735e-01,-4.703465358e-01,1.877054102e+00,6.579565437e+00,6.326528249e+00
131861.875392667,-2.001500599e-01,-2.744876716e-01,-4.343772631e-01,1.763179885e+00,6.543353137e+00,6.415712261e+00
131861.885398667,-2.151241502e-01,-2.354347177e-01,-4.092240126e-01,1.643769077e+00,6.520907497e+00,6.445789420e+00
131861.895405667,-2.262780129e-01,-2.253727504e-01,-3.988630744e-01,1.530942324e+00,6.554875233e+00,6.467037959e+00
131861.905412667,-2.338705948e-01,-2.407562893e-01,-3.967772282e-01,1.415272456e+00,6.594229922e+00,6.513275979e+00
131861.915418667,-2.288563205e-01,-2.771514716e-01,-4.057963794e-01,1.364844584e+00,6.592284634e+00,6.555773058e+00
131861.925425667,-2.016424839e-01,-3.234239781e-01,-4.153137628e-01,1.315464175e+00,6.572382832e+00,6.700771896e+00
131861.935432667,-1.632188469e-01,-3.639779594e-01,-4.191324158e-01,1.227776539e+00,6.643909607e+00,6.893954043e+00
131861.945438667,-1.338846619e-01,-3.894282343e-01,-4.110175782e-01,1.214309155e+00,6.618022301e+00,6.936002209e+00
131861.955445667,-1.116289620e-01,-3.986418360e-01,-3.855069295e-01,1.214758067e+00,6.594080285e+00,6.939443874e+00
131861.965452667,-8.766707274e-02,-3.782634877e-01,-3.476114568e-01,1.254860945e+00,6.582558189e+00,6.972064872e+00
131861.975459667,-7.003592544e-02,-3.398355653e-01,-3.130032739e-01,1.378910519e+00,6.626850920e+00,7.020547456e+00
131861.985465667,-6.195376799e-02,-2.853449009e-01,-2.903496364e-01,1.520168417e+00,6.705111387e+00,7.003638406e+00
131861.995472667,-5.861844137e-02,-2.421451091e-01,-2.673647197e-01,1.595735406e+00,6.711246529e+00,6.904279037e+00
131862.005479667,-5.561603094e-02,-2.093305154e-01,-2.356523685e-01,1.543661520e+00,6.786663881e+00,6.900538097e+00
131862.015485667,-3.947789303e-02,-1.917963286e-01,-2.054763996e-01,1.533785439e+00,6.772897221e+00,6.949319956e+00
131862.025492667,-2.053450860e-02,-1.829378605e-01,-1.859260877e-01,1.600374172e+00,6.786364606e+00,7.000795292e+00
131862.035499667,-5.270624215e-03,-1.722841896e-01,-1.781207270e-01,1.791162117e+00,6.829909148e+00,6.991218485e+00
131862.045505667,3.695233995e-03,-1.595256090e-01,-1.951343193e-01,2.063502556e+00,6.829160960e+00,6.873603329e+00
131862.055512667,1.739488811e-02,-1.550448852e-01,-2.294492834e-01,2.285564760e+00,6.823923644e+00,6.838288854e+00
131862.065519667,4.220118852e-02,-1.678064423e-01,-2.750254644e-01,2.427870121e+00,6.841580882e+00,6.848613849e+00
131862.075525667,6.762410176e-02,-1.875948089e-01,-3.200240858e-01,2.480542558e+00,6.852654064e+00,6.852953339e+00
131862.085532667,8.366794860e-02,-2.014972360e-01,-3.545127008e-01,2.530820792e+00,6.845770734e+00,6.774992148e+00
131862.095539667,9.092533559e-02,-2.040885067e-01,-3.782487561e-01,2.597559164e+00,6.860884132e+00,6.664709234e+00
131862.105545667,8.782533771e-02,-1.938782897e-01,-3.867034456e-01,2.615216401e+00,6.916100408e+00,6.586598405e+00
131862.115552667,7.948391824e-02,-1.612217260e-01,-3.867334122e-01,2.621950093e+00,6.955604736e+00,6.514772355e+00
131862.125559667,6.595179706e-02,-1.246957853e-01,-3.849121229e-01,2.646640298e+00,6.942586264e+00,6.446238332e+00
131862.135565667,6.110571971e-02,-1.021911293e-01,-3.940957737e-01,2.613570387e+00,7.009474273e+00,6.473771651e+00
131862.145572667,6.527251453e-02,-1.091352071e-01,-4.140719818e-01,2.553416071e+00,7.007678622e+00,6.507290475e+00
131862.155579667,7.172653528e-02,-1.456037700e-01,-4.427009919e-01,2.461089669e+00,6.983886243e+00,6.597821225e+00
131862.165585667,7.667115839e-02,-1.999697977e-01,-4.732370008e-01,2.341229948e+00,6.976404362e+00,6.664110683e+00
131862.175592667,8.233764458e-02,-2.620670486e-01,-5.085364526e-01,2.261323468e+00,6.983138055e+00,6.742670425e+00
131862.185599667,8.619922260e-02,-3.221936091e-01,-5.519815246e-01,2.270002449e+00,7.053467728e+00,6.837091753e+00
131862.195606667,7.592527165e-02,-3.811327547e-01,-5.918249414e-01,2.298583231e+00,7.023091295e+00,6.883479411e+00
131862.205612667,5.137796578e-02,-4.183032188e-01,-6.301634241e-01,2.299780332e+00,7.033117014e+00,6.903979762e+00
131862.215619667,2.231992153e-02,-4.419017054e-01,-6.478965079e-01,2.259976730e+00,7.016956153e+00,6.973561248e+00
131862.225626667,-6.415537229e-03,-4.373809080e-01,-6.460323949e-01,2.130689840e+00,6.973860523e+00,7.109282555e+00
131862.235632667,-4.049189696e-02,-4.233325775e-01,-6.184694817e-01,1.925835960e+00,6.956203286e+00,7.218667643e+00
131862.245639667,-7.325736372e-02,-4.130644279e-01,-5.632747829e-01,1.669207470e+00,6.891410204e+00,7.274931382e+00
131862.255646667,-9.816397273e-02,-4.070787098e-01,-4.896480798e-01,1.413177530e+00,6.823774007e+00,7.374590026e+00
131862.265652667,-1.110217851e-01,-3.920107267e-01,-4.167566541e-01,1.278503687e+00,6.794445036e+00,7.493701559e+00
131862.275659667,-1.067166083e-01,-3.687711147e-01,-3.508492154e-01,1.295263098e+00,6.716633482e+00,7.628824315e+00
131862.285666667,-9.113218518e-02,-3.350219426e-01,-2.971428161e-01,1.398513045e+00,6.610690059e+00,7.759607581e+00
131862.295672667,-4.769946027e-02,-2.930643405e-01,-2.712443428e-01,1.574786142e+00,6.464793395e+00,7.856872023e+00
131862.305679667,1.629994686e-02,-2.737197299e-01,-2.732555062e-01,1.718138966e+00,6.352565192e+00,8.023119401e+00
131862.315686667,8.663467408e-02,-2.890637512e-01,-2.991030245e-01,1.796997984e+00,6.314706879e+00,8.101080592e+00
131862.325692667,1.430205468e-01,-3.403964984e-01,-3.407616930e-01,1.788319003e+00,6.323236222e+00,7.926752784e+00
131862.335699667,1.643209600e-01,-4.165186724e-01,-3.776004408e-01,1.709908898e+00,6.343736574e+00,7.578246805e+00
131862.345706667,1.412221661e-01,-4.883312137e-01,-3.864176215e-01,1.553238327e+00,6.429778196e+00,7.170933247e+00
131862.355712667,7.045614435e-02,-5.130702801e-01,-3.616968818e-01,1.445349615e+00,6.441898842e+00,6.770503020e+00
131862.365719667,-2.608338965e-02,-4.887158401e-01,-3.067974889e-01,1.459714825e+00,6.438457177e+00,6.445639782e+00
131862.375726667,-1.193853276e-01,-4.154937356e-01,-2.325442870e-01,1.525106458e+00,6.459256804e+00,6.398055024e+00
131862.385732667,-1.982087035e-01,-3.151441880e-01,-1.571081787e-01,1.668908195e+00,6.430676022e+00,6.540510023e+00
131862.395739667,-2.585996073e-01,-2.078652644e-01,-9.772594210e-02,1.845480567e+00,6.390423506e+00,6.687304512e+00
131862.405746667,-2.868669905e-01,-1.272503571e-01,-6.570812921e-02,2.055571763e+00,6.319794557e+00,6.906523602e+00
131862.415753000,-2.783986633e-01,-7.679323298e-02,-6.890984094e-02,2.213888348e+00,6.272808350e+00,7.147440144e+00
131862.425759000,-2.363454711e-01,-5.726571565e-02,-8.771445120e-02,2.243965506e+00,6.245723943e+00,7.420229495e+00
131862.435766000,-1.803947265e-01,-7.746821014e-02,-1.004545904e-01,2.060060891e+00,6.282684431e+00,7.635258732e+00
131862.445773000,-1.328458688e-01,-1.342019748e-01,-1.138013873e-01,1.840392889e+00,6.283731895e+00,7.669825018e+00
131862.455779000,-8.462045261e-02,-2.191151361e-01,-1.356710249e-01,1.739088231e+00,6.248417420e+00,7.582735933e+00
131862.465786000,-2.404699214e-02,-3.091681393e-01,-1.596582368e-01,1.690456010e+00,6.307973186e+00,7.625831563e+00
131862.475793000,2.503482120e-02,-3.759305790e-01,-1.792243360e-01,1.715595127e+00,6.337751070e+00,7.600243533e+00
131862.485799000,5.145580757e-02,-4.054518862e-01,-1.954957992e-01,1.827673692e+00,6.320542745e+00,7.382520819e+00
131862.495806000,6.736966765e-02,-4.121782888e-01,-2.002743680e-01,1.854907736e+00,6.355707582e+00,7.177218027e+00
131862.505813000,6.460000233e-02,-4.051140891e-01,-1.876353932e-01,1.844582742e+00,6.358251421e+00,7.014561951e+00
131862.515819000,4.622773591e-02,-3.842805455e-01,-1.699902970e-01,1.814206308e+00,6.336254694e+00,6.805368581e+00
131862.525826000,3.048099947e-02,-3.512274039e-01,-1.520086991e-01,1.824381665e+00,6.343437299e+00,6.731746880e+00
131862.535833000,1.714060117e-02,-3.147984830e-01,-1.424499945e-01,1.874360625e+00,6.372317356e+00,6.744017164e+00
131862.545839000,7.874619299e-03,-2.961231761e-01,-1.480091169e-01,1.904587421e+00,6.387131479e+00,6.682067196e+00
131862.555846000,-1.616318977e-03,-3.019010897e-01,-1.713166724e-01,1.954865656e+00,6.347327876e+00,6.658125179e+00
131862.565853000,1.467977372e-04,-3.353305685e-01,-2.032930562e-01,1.896207715e+00,6.397306836e+00,6.751050131e+00
131862.575859000,1.188236886e-02,-3.721454829e-01,-2.333910393e-01,1.832761371e+00,6.412270596e+00,6.849362037e+00
131862.585866000,1.275378923e-02,-3.995636196e-01,-2.509918821e-01,1.798494360e+00,6.355408307e+00,6.841730519e+00
131862.595873000,3.475789190e-03,-4.133933237e-01,-2.594513194e-01,1.770961040e+00,6.322338396e+00,6.723666450e+00
131862.605879000,-1.461201949e-02,-4.037303804e-01,-2.576214661e-01,1.741033520e+00,6.273855813e+00,6.626102732e+00
131862.615886000,-3.381498174e-02,-3.814283469e-01,-2.423832911e-01,1.670703846e+00,6.294206527e+00,6.599167963e+00
131862.625893000,-6.243653868e-02,-3.455683578e-01,-2.264082386e-01,1.624166551e+00,6.363937650e+00,6.611288609e+00
131862.635900000,-9.145594886e-02,-3.127108903e-01,-2.152186131e-01,1.655440810e+00,6.351667367e+00,6.608146220e+00
131862.645906000,-1.119723334e-01,-2.870958315e-01,-2.112025614e-01,1.676689350e+00,6.364985114e+00,6.701370447e+00
131862.655913000,-1.193104787e-01,-2.661109683e-01,-2.202433541e-01,1.712303100e+00,6.343437299e+00,6.847716023e+00
131862.665920000,-1.128102875e-01,-2.559462732e-01,-2.356421910e-01,1.734748740e+00,6.344484762e+00,6.962039153e+00
131862.675926000,-9.775019656e-02,-2.746443968e-01,-2.506281072e-01,1.688061808e+00,6.376058296e+00,7.072621342e+00
131862.685933000,-7.795224414e-02,-3.048104805e-01,-2.700947167e-01,1.676240437e+00,6.391321332e+00,7.135918048e+00
131862.695940000,-5.668827426e-02,-3.417767807e-01,-2.995344255e-01,1.719934618e+00,6.429628558e+00,7.179163316e+00
131862.705946000,-3.426264838e-02,-3.813835112e-01,-3.190849237e-01,1.748515400e+00,6.510133589e+00,7.235427055e+00
131862.715953000,-1.730249313e-02,-4.213647814e-01,-3.454352848e-01,1.740584607e+00,6.617573389e+00,7.264307112e+00
131862.725960000,-1.239300565e-02,-4.510906736e-01,-3.749011746e-01,1.811961744e+00,6.777386349e+00,7.226748074e+00
131862.735966000,-1.766154527e-03,-4.764347468e-01,-4.102577831e-01,1.907879448e+00,6.819284879e+00,7.223755322e+00
131862.745973000,3.144278450e-03,-4.758433235e-01,-4.418789245e-01,1.930923639e+00,6.995408338e+00,7.198466566e+00
131862.755980000,-8.818447393e-03,-4.470850957e-01,-4.552258077e-01,1.975964558e+00,6.952462346e+00,7.089530391e+00
131862.765986000,-3.612212185e-02,-3.969145187e-01,-4.511981653e-01,1.956362032e+00,6.987477545e+00,6.965630455e+00
131862.775993000,-5.673427697e-02,-3.563473845e-01,-4.347194939e-01,1.838597237e+00,7.136815874e+00,6.973710886e+00
131862.786000000,-8.064357338e-02,-3.327897090e-01,-4.278881604e-01,1.712003825e+00,7.219415831e+00,7.016956153e+00
131862.796006000,-9.290148241e-02,-3.387876652e-01,-4.327840583e-01,1.714697301e+00,7.133823122e+00,6.997652902e+00
131862.806013000,-8.560603798e-02,-3.712591238e-01,-4.483616671e-01,1.709609623e+00,7.101501399e+00,7.120655013e+00
131862.816020000,-6.538706772e-02,-4.229328760e-01,-4.651828595e-01,1.727566135e+00,7.046285123e+00,7.286902390e+00
131862.826026000,-4.752494173e-02,-4.636533782e-01,-4.783239229e-01,1.788468640e+00,7.073668805e+00,7.374889301e+00
131862.836033000,-2.192840348e-02,-4.976327389e-01,-4.891043831e-01,1.903539957e+00,7.151929272e+00,7.401973708e+00
131862.846040000,-6.543558650e-03,-5.140525329e-01,-5.099729321e-01,2.098218480e+00,7.160159340e+00,7.383269007e+00
131862.856047000,2.542584940e-03,-5.262402603e-01,-5.351300148e-01,2.296039392e+00,7.262212186e+00,7.304858903e+00
131862.866053000,-7.514716074e-03,-5.364680439e-01,-5.532097519e-01,2.401982816e+00,7.270891167e+00,7.196521278e+00
131862.876060000,-4.253000562e-02,-5.401193948e-01,-5.739762628e-01,2.470516838e+00,7.294234633e+00,6.965929730e+00
131862.886067000,-8.747623180e-02,-5.249658137e-01,-6.000379306e-01,2.545784553e+00,7.314734985e+00,6.715436382e+00
131862.896073000,-1.287770129e-01,-5.033967114e-01,-6.239964252e-01,2.563741065e+00,7.329100195e+00,6.650194386e+00
131862.906080000,-1.674606543e-01,-4.869093335e-01,-6.419300327e-01,2.436698740e+00,7.382520819e+00,6.677877343e+00
131862.916087000,-1.983594669e-01,-4.777521406e-01,-6.562305990e-01,2.265513321e+00,7.376086402e+00,6.654833152e+00
131862.926093000,-2.223768572e-01,-4.788494497e-01,-6.523389259e-01,2.028038444e+00,7.409455588e+00,6.712892542e+00
131862.936100000,-2.341770205e-01,-4.905063736e-01,-6.234574641e-01,1.703773756e+00,7.474398308e+00,6.795941412e+00
131862.946107000,-2.351264370e-01,-4.947896259e-01,-5.811447416e-01,1.505354294e+00,7.520785965e+00,6.875548618e+00
131862.956113000,-2.189239899e-01,-5.013868248e-01,-5.299020327e-01,1.426944189e+00,7.528716758e+00,6.960542776e+00
131862.966120000,-2.058686310e-01,-5.199319832e-01,-4.775242464e-01,1.446845991e+00,7.475745046e+00,6.971915234e+00
131862.976127000,-1.972063815e-01,-5.477467941e-01,-4.269629752e-01,1.563862597e+00,7.419331670e+00,6.844124721e+00
131862.986133000,-1.883479643e-01,-5.586298889e-01,-3.748894008e-01,1.794454144e+00,7.253383567e+00,6.724265000e+00
131862.996140000,-1.835431176e-01,-5.386226669e-01,-3.357772414e-01,2.121412309e+00,7.077110470e+00,6.604554917e+00
131863.006147000,-1.688167192e-01,-4.804227981e-01,-3.202141844e-01,2.563142515e+00,6.908917803e+00,6.521655685e+00
131863.016153000,-1.324911131e-01,-4.115234807e-01,-3.330008869e-01,2.931400658e+00,6.799981628e+00,6.573879208e+00
131863.026160000,-8.786837148e-02,-3.456213353e-01,-3.727240367e-01,3.153013949e+00,6.688202338e+00,6.574328121e+00
131863.036167000,-5.413620710e-02,-3.117031332e-01,-4.193442186e-01,3.170072636e+00,6.602459991e+00,6.454618038e+00
131863.046173000,-3.166241673e-02,-3.297821784e-01,-4.671544093e-01,2.929156094e+00,6.600514702e+00,6.275801102e+00
131863.056180000,1.791068613e-03,-3.772149636e-01,-5.102861684e-01,2.650979788e+00,6.571784282e+00,6.157288120e+00
131863.066187000,3.632874898e-02,-4.401427217e-01,-5.405320961e-01,2.451812138e+00,6.510283227e+00,6.178686297e+00
131863.076194000,6.153898786e-02,-4.953816626e-01,-5.504026674e-01,2.210596320e+00,6.541258211e+00,6.131251176e+00
131863.086200000,7.417795330e-02,-5.323025205e-01,-5.483523341e-01,2.018312000e+00,6.587196955e+00,6.011990006e+00
131863.096207000,6.742436412e-02,-5.432821040e-01,-5.329506131e-01,1.876156276e+00,6.691943278e+00,5.833921258e+00
131863.106214000,4.428352355e-02,-5.376819756e-01,-4.888060381e-01,1.731007800e+00,6.831555162e+00,5.655852509e+00
131863.116220000,-1.264396033e-03,-5.142642176e-01,-4.240701936e-01,1.572391940e+00,6.966229005e+00,5.452943919e+00
131863.126227000,-4.880579619e-02,-4.904663495e-01,-3.597306452e-01,1.412429342e+00,7.165695931e+00,5.326500143e+00
131863.136234000,-9.348230405e-02,-4.659725817e-01,-2.995266819e-01,1.439214473e+00,7.338228088e+00,5.341613541e+00
131863.146240000,-1.415621504e-01,-4.299956577e-01,-2.343213500e-01,1.426046364e+00,7.430704128e+00,5.351339986e+00
131863.156247000,-1.894776550e-01,-3.753288608e-01,-1.684071464e-01,1.439064835e+00,7.454945419e+00,5.344606293e+00
131863.166254000,-2.198024213e-01,-3.123308374e-01,-1.053494433e-01,1.548749199e+00,7.391648713e+00,5.499930126e+00
131863.176260000,-2.094906705e-01,-2.717624384e-01,-5.567710738e-02,1.605461851e+00,7.389553786e+00,5.847239005e+00
131863.186267000,-1.740948464e-01,-2.627948391e-01,-2.826766370e-02,1.660678127e+00,7.373991476e+00,6.175394270e+00
131863.196274000,-1.320297061e-01,-2.854129394e-01,-2.791255275e-02,1.837549774e+00,7.271489717e+00,6.314257966e+00
131863.206280000,-8.953254251e-02,-3.187267954e-01,-5.804940432e-02,2.058115602e+00,7.214777065e+00,6.290615224e+00
131863.216287000,-4.627915738e-02,-3.559577409e-01,-1.172475125e-01,2.276137591e+00,7.177517302e+00,6.216544611e+00
131863.226294000,-1.509842711e-02,-3.871732100e-01,-1.894075263e-01,2.459443655e+00,7.149684708e+00,6.101174018e+00
131863.236300000,5.209728908e-04,-4.223807461e-01,-2.628693085e-01,2.512116092e+00,7.135469135e+00,5.913229188e+00
131863.246307000,1.239933307e-02,-4.582611655e-01,-3.251218431e-01,2.423979543e+00,7.164498830e+00,5.779303532e+00
131863.256314000,8.262237491e-03,-4.771653242e-01,-3.615717759e-01,2.232443410e+00,7.244255673e+00,5.737554641e+00
131863.266320000,-1.042380079e-02,-4.567210850e-01,-3.686015188e-01,2.109142025e+00,7.259668346e+00,5.610661953e+00
131863.276327000,-3.664788791e-02,-4.016104600e-01,-3.533950085e-01,2.012476133e+00,7.320870126e+00,5.492597884e+00
131863.286334000,-7.110169643e-02,-3.366651628e-01,-3.262279689e-01,1.921646107e+00,7.382371181e+00,5.457133772e+00
131863.296341000,-1.131042402e-01,-2.690864712e-01,-2.958650478e-01,1.870320409e+00,7.439233471e+00,5.384858809e+00
131863.306347000,-1.624216725e-01,-2.117940421e-01,-2.717187213e-01,1.836053398e+00,7.489362068e+00,5.276970097e+00
131863.316354000,-2.098176913e-01,-1.654760095e-01,-2.559181138e-01,1.844133829e+00,7.465120776e+00,5.232827003e+00
131863.326361000,-2.381666237e-01,-1.373796698e-01,-2.513746451e-01,1.833509559e+00,7.496993586e+00,5.284900890e+00
131863.336367000,-2.525378194e-01,-1.324381269e-01,-2.556591036e-01,1.796848346e+00,7.564629783e+00,5.414337417e+00
131863.346374000,-2.494661557e-01,-1.426120277e-01,-2.684144075e-01,1.813308482e+00,7.572710213e+00,5.581482620e+00
131863.356381000,-2.298427272e-01,-1.846531818e-01,-2.783493733e-01,1.782632774e+00,7.574356227e+00,5.764489410e+00
131863.366387000,-2.072416543e-01,-2.338345783e-01,-2.905153978e-01,1.705569408e+00,7.600991721e+00,5.881805291e+00
131863.376394000,-1.864151747e-01,-2.758477504e-01,-2.984495867e-01,1.717390778e+00,7.491157719e+00,5.912331362e+00
131863.386401000,-1.457475939e-01,-2.937559065e-01,-3.002526249e-01,1.717839691e+00,7.455693607e+00,6.062268241e+00
131863.396407000,-9.686037601e-02,-2.874251893e-01,-2.939163630e-01,1.745522648e+00,7.451952667e+00,6.248567058e+00
131863.406414000,-5.825404876e-02,-2.772491464e-01,-2.771879241e-01,1.738489680e+00,7.422174784e+00,6.282385156e+00
131863.416421292,-3.792164193e-02,-2.595459536e-01,-2.516817080e-01,1.742679533e+00,7.403170808e+00,6.178087746e+00
131863.426427292,-3.126540418e-02,-2.305382665e-01,-2.326277036e-01,1.821089638e+00,7.453299406e+00,6.048651219e+00
131863.436434292,-3.290638548e-02,-1.926383465e-01,-2.296207228e-01,2.015618523e+00,7.489062793e+00,5.954678804e+00
131863.446441292,-4.289812743e-02,-1.633164059e-01,-2.436383916e-01,2.232443410e+00,7.534702262e+00,5.858910738e+00
131863.456447292,-5.012974586e-02,-1.495770681e-01,-2.681153319e-01,2.373402033e+00,7.558943554e+00,5.826589015e+00
131863.466454292,-5.106707785e-02,-1.625022225e-01,-3.086000170e-01,2.414552374e+00,7.597849331e+00,5.834370171e+00
131863.476461292,-5.298536034e-02,-1.856249900e-01,-3.558342419e-01,2.456301266e+00,7.608024688e+00,5.899761803e+00
131863.486467292,-5.241662690e-02,-2.049115718e-01,-4.000215175e-01,2.484882048e+00,7.637353658e+00,5.956773730e+00
131863.496474292,-5.623691780e-02,-2.112553626e-01,-4.437401816e-01,2.498050157e+00,7.645583727e+00,5.990442191e+00
131863.506481292,-6.448640527e-02,-2.044624004e-01,-4.744506761e-01,2.438943304e+00,7.670423569e+00,6.023212827e+00
131863.516488292,-5.938206878e-02,-1.824906561e-01,-4.800375860e-01,2.343324875e+00,7.655759084e+00,6.133046828e+00
131863.526494292,-4.844933539e-02,-1.565393388e-01,-4.599034776e-01,2.122459772e+00,7.717260139e+00,6.305578985e+00
131863.536501292,-4.613325306e-02,-1.322649635e-01,-4.281493633e-01,1.934664579e+00,7.774272066e+00,6.356904683e+00
131863.546508292,-5.524983282e-02,-1.112277747e-01,-3.923655050e-01,1.878400840e+00,7.776666267e+00,6.289118848e+00
131863.556514292,-7.230696247e-02,-9.930521602e-02,-3.729426672e-01,1.933766753e+00,7.802852848e+00,6.227019243e+00
131863.566521292,-9.497016354e-02,-1.020823347e-01,-3.847844002e-01,2.089539499e+00,7.860313688e+00,6.189759480e+00
131863.576528292,-1.128027945e-01,-1.143865687e-01,-4.203279905e-01,2.246958258e+00,7.814674219e+00,6.215497147e+00
131863.586534292,-1.038057839e-01,-1.407352278e-01,-4.632810610e-01,2.273893027e+00,7.754669540e+00,6.386532928e+00
131863.596541292,-7.226773378e-02,-1.904690544e-01,-5.011966001e-01,2.161515186e+00,7.737910128e+00,6.705560300e+00
131863.606548292,-3.707463979e-02,-2.375119464e-01,-5.233881020e-01,1.982249337e+00,7.703792754e+00,6.933907283e+00
131863.616554292,-5.403333359e-03,-2.742004469e-01,-5.220199646e-01,1.826177316e+00,7.652018143e+00,7.066486200e+00
131863.626561292,1.171838574e-02,-2.878314562e-01,-5.008850351e-01,1.708861435e+00,7.584381947e+00,7.108684004e+00
131863.636568292,-1.914857519e-03,-2.901694957e-01,-4.717834885e-01,1.598129608e+00,7.610418890e+00,6.984484793e+00
131863.646574292,-4.280887718e-02,-2.849562259e-01,-4.334984644e-01,1.546504635e+00,7.557447178e+00,6.733093619e+00
131863.656581292,-1.027015013e-01,-2.761380952e-01,-3.837460408e-01,1.539322030e+00,7.513453722e+00,6.557269434e+00
131863.666588292,-1.836564694e-01,-2.482675487e-01,-3.428819164e-01,1.640925963e+00,7.483975114e+00,6.402693790e+00
131863.676594292,-2.677720197e-01,-1.817400980e-01,-3.064848007e-01,1.915062053e+00,7.329249832e+00,6.309020650e+00
131863.686601292,-3.282102562e-01,-9.277329092e-02,-2.836919650e-01,2.172887644e+00,7.179612228e+00,6.446986520e+00
131863.696608292,-3.434677365e-01,-1.981902464e-02,-2.748544255e-01,2.354248420e+00,6.994660150e+00,6.812850462e+00
131863.706615292,-2.978206576e-01,1.606178105e-02,-2.816084682e-01,2.353649870e+00,6.748057379e+00,7.317727737e+00
131863.716621292,-2.087681382e-01,5.695939120e-03,-3.060266370e-01,2.278681430e+00,6.545747339e+00,7.804199586e+00
131863.726628292,-1.050964062e-01,-3.892728378e-02,-3.428176302e-01,2.237980002e+00,6.330418827e+00,8.033893308e+00
131863.736635292,-1.446181619e-02,-1.257439714e-01,-3.911244876e-01,2.144606137e+00,6.187963828e+00,7.962366534e+00
131863.746641292,3.923537762e-02,-2.411660962e-01,-4.388490735e-01,1.982997525e+00,6.075436350e+00,7.664587702e+00
131863.756648292,5.273008443e-02,-3.460669441e-01,-4.713978750e-01,1.844732379e+00,6.017526598e+00,7.267299864e+00
131863.766655292,2.575119849e-02,-4.123675080e-01,-4.767727818e-01,1.702427018e+00,6.034884560e+00,6.910264542e+00
131863.776661292,-2.900562703e-02,-4.176833940e-01,-4.536303106e-01,1.613542281e+00,6.017227322e+00,6.626850920e+00
131863.786668292,-9.114896726e-02,-3.657036547e-01,-4.028997652e-01,1.554734703e+00,6.032789633e+00,6.499808595e+00
131863.796675292,-1.494769852e-01,-2.828811826e-01,-3.385915272e-01,1.500266615e+00,6.045808105e+00,6.529736115e+00
131863.806681292,-1.959282401e-01,-2.078899860e-01,-2.727843081e-01,1.401805072e+00,6.087407359e+00,6.618022301e+00
131863.816688292,-2.332333701e-01,-1.543759588e-01,-2.218106702e-01,1.336413439e+00,6.117933430e+00,6.682665746e+00
131863.826695292,-2.453040265e-01,-1.224374656e-01,-1.915532329e-01,1.271620357e+00,6.176890646e+00,6.826317846e+00
131863.836701292,-2.324297133e-01,-1.176040289e-01,-1.769136447e-01,1.150713173e+00,6.273107625e+00,7.042244908e+00
131863.846708292,-1.949385390e-01,-1.425662444e-01,-1.733418213e-01,1.012896940e+00,6.350919179e+00,7.215674891e+00
131863.856715292,-1.373804801e-01,-1.976063510e-01,-1.709624884e-01,8.620622353e-01,6.368726054e+00,7.405415372e+00
131863.866721292,-7.347303212e-02,-2.762738289e-01,-1.722002851e-01,6.821978355e-01,6.443095943e+00,7.518541401e+00
131863.876728292,-7.035373560e-03,-3.615042716e-01,-1.646020425e-01,5.943605621e-01,6.478709692e+00,7.530063496e+00
131863.886735292,5.019303111e-02,-4.246116924e-01,-1.492415204e-01,5.915174477e-01,6.536769083e+00,7.420977683e+00
131863.896742292,8.894857332e-02,-4.448774943e-01,-1.284853995e-01,7.806593788e-01,6.560112549e+00,7.221361120e+00
131863.906748292,1.073271251e-01,-4.284058416e-01,-1.007056977e-01,9.898527489e-01,6.632088236e+00,7.001693118e+00
131863.916755292,1.032999099e-01,-3.745786328e-01,-7.216806030e-02,1.163881282e+00,6.664260321e+00,6.768857006e+00
131863.926762292,7.103520113e-02,-2.889227990e-01,-5.311152612e-02,1.370979726e+00,6.681468645e+00,6.497264755e+00
131863.936768292,2.491686326e-02,-2.043445660e-01,-5.031714146e-02,1.558176368e+00,6.744017164e+00,6.253056186e+00
131863.946775292,-2.334003884e-02,-1.489660212e-01,-6.350944469e-02,1.602618736e+00,6.815992851e+00,6.125265672e+00
131863.956782292,-6.020915580e-02,-1.392968946e-01,-9.715247225e-02,1.581370197e+00,6.833201176e+00,6.113893214e+00
131863.966788292,-7.663478540e-02,-1.657209735e-01,-1.454234840e-01,1.562515858e+00,6.827664584e+00,6.228515619e+00
131863.976795292,-6.124033266e-02,-2.254087912e-01,-1.840768324e-01,1.466897430e+00,6.854898628e+00,6.462249556e+00
131863.986802292,-3.032713806e-02,-2.965827219e-01,-2.005392407e-01,1.260397536e+00,6.825420020e+00,6.703914286e+00
131863.996808292,6.751474258e-03,-3.563689781e-01,-2.038561365e-01,1.125424418e+00,6.820631617e+00,6.813449012e+00
131864.006815292,3.400917741e-02,-3.898714951e-01,-2.039684470e-01,1.144278756e+00,6.770203745e+00,6.818985603e+00
131864.016822292,5.394232235e-02,-3.962412816e-01,-2.011479979e-01,1.202188509e+00,6.765714616e+00,6.752546507e+00
131864.026828292,4.411008635e-02,-3.787431299e-01,-1.961628177e-01,1.250970367e+00,6.830657336e+00,6.621613604e+00
131864.036835292,5.776053131e-03,-3.339853377e-01,-1.910320377e-01,1.363647483e+00,6.852504427e+00,6.356755045e+00
131864.046842292,-3.985948777e-02,-2.763233743e-01,-1.859630428e-01,1.465251416e+00,6.889764190e+00,6.179584122e+00
131864.056848292,-8.050649717e-02,-2.191666960e-01,-1.864973761e-01,1.515828926e+00,6.973710886e+00,6.191854406e+00
131864.066855292,-1.082359349e-01,-1.744742397e-01,-1.952466366e-01,1.595436131e+00,6.940491338e+00,6.309619200e+00
131864.076862292,-1.219643725e-01,-1.531882492e-01,-2.096204841e-01,1.573289766e+00,7.003189494e+00,6.449829635e+00
131864.086868292,-1.224739465e-01,-1.670978494e-01,-2.300906617e-01,1.494580386e+00,7.054066279e+00,6.657227354e+00
131864.096875292,-1.137971950e-01,-1.987789564e-01,-2.540774807e-01,1.436969909e+00,7.067384026e+00,6.838288854e+00
131864.106882292,-1.067795933e-01,-2.371291735e-01,-2.812298664e-01,1.413027892e+00,7.087585102e+00,6.922085912e+00
131864.116889292,-8.892854809e-02,-2.759514370e-01,-2.929145703e-01,1.398363407e+00,7.039102518e+00,7.006182246e+00
131864.126895292,-5.942459849e-02,-3.051377260e-01,-3.033212997e-01,1.421856511e+00,7.023091295e+00,7.124395953e+00
131864.136902292,-1.660499932e-02,-3.223956599e-01,-3.167344360e-01,1.510591610e+00,6.998401090e+00,7.229890463e+00
131864.146909292,4.820010073e-02,-3.274311583e-01,-3.231566578e-01,1.527650297e+00,6.985831532e+00,7.407809574e+00
131864.156915292,1.168850474e-01,-3.347002625e-01,-3.257005465e-01,1.489043795e+00,7.000346379e+00,7.535749725e+00
131864.166922292,1.626691104e-01,-3.551602830e-01,-3.370981447e-01,1.478269888e+00,7.038653606e+00,7.414692904e+00
131864.176929292,1.747925011e-01,-3.872591900e-01,-3.432105790e-01,1.495777487e+00,7.138910800e+00,7.110479655e+00
131864.186935292,1.492300778e-01,-4.173771268e-01,-3.465049502e-01,1.491737272e+00,7.222258945e+00,6.732794344e+00
131864.196942292,9.936652684e-02,-4.349117186e-01,-3.430450306e-01,1.554884341e+00,7.339425189e+00,6.441449929e+00
131864.206949292,5.303442455e-02,-4.383183450e-01,-3.387267805e-01,1.625662927e+00,7.414393629e+00,6.333261942e+00
131864.216955292,2.690939654e-02,-4.283304708e-01,-3.326243518e-01,1.656787549e+00,7.485321853e+00,6.428581095e+00
131864.226962292,2.469791279e-02,-4.040788282e-01,-3.226102396e-01,1.723974833e+00,7.433846517e+00,6.627449471e+00
131864.236969292,4.218778539e-02,-3.835328279e-01,-3.185932674e-01,1.754500904e+00,7.396287479e+00,6.790105546e+00
131864.246975292,6.315620426e-02,-3.846637558e-01,-3.275390531e-01,1.750610326e+00,7.412747615e+00,6.865223623e+00
131864.256982292,8.434604165e-02,-4.040187121e-01,-3.549328217e-01,1.811662469e+00,7.424718623e+00,6.826168208e+00
131864.266989292,1.019664986e-01,-4.331595779e-01,-3.809397089e-01,1.864185268e+00,7.554155151e+00,6.759130562e+00
131864.276995292,1.107196349e-01,-4.635097124e-01,-4.101352197e-01,1.852064622e+00,7.738059766e+00,6.687753425e+00
131864.287002292,8.959371471e-02,-4.942393038e-01,-4.398425209e-01,1.875857001e+00,7.895628162e+00,6.486041935e+00
131864.297009292,5.318699752e-02,-5.194795254e-01,-4.705010508e-01,1.926434511e+00,8.028655992e+00,6.220135913e+00
131864.307016292,-4.246295635e-03,-5.403492877e-01,-4.938330279e-01,1.939901895e+00,8.149413538e+00,6.044461366e+00
131864.317022292,-6.461056311e-02,-5.378893028e-01,-5.003387068e-01,1.918054805e+00,8.196250108e+00,5.904400569e+00
131864.327029292,-1.221677399e-01,-5.206384753e-01,-4.775780532e-01,1.842188540e+00,8.185775476e+00,5.916221940e+00
131864.337036292,-1.765624063e-01,-4.826102374e-01,-4.211728487e-01,1.705270132e+00,8.198644310e+00,5.985504150e+00
131864.347042292,-2.194329061e-01,-4.312015287e-01,-3.409776017e-01,1.668908195e+00,8.136395067e+00,6.038625500e+00
131864.357049292,-2.440870909e-01,-3.761622750e-01,-2.580068178e-01,1.718438242e+00,8.018031722e+00,6.139181969e+00
131864.367056292,-2.413927944e-01,-3.291102588e-01,-1.908873754e-01,1.907430535e+00,7.838616235e+00,6.296600729e+00
131864.377062292,-2.027472354e-01,-3.000266694e-01,-1.549144462e-01,2.203862628e+00,7.579593543e+00,6.473322739e+00
131864.387069292,-1.520725041e-01,-2.961680550e-01,-1.612380116e-01,2.573467509e+00,7.315782448e+00,6.575525222e+00
131864.397076292,-9.646685439e-02,-3.250202553e-01,-1.990109520e-01,2.928108630e+00,7.015759052e+00,6.509834314e+00
131864.407082292,-4.833501776e-02,-3.990579459e-01,-2.682920420e-01,3.151517573e+00,6.768857006e+00,6.341940923e+00
131864.417089250,-5.934964932e-03,-4.828049750e-01,-3.424567487e-01,3.216609930e+00,6.638522653e+00,6.170605866e+00
131864.427096250,2.091935410e-02,-5.549265245e-01,-4.074659139e-01,3.205686385e+00,6.578218699e+00,6.018873336e+00
131864.437102250,1.834534694e-02,-5.772365846e-01,-4.527027650e-01,3.137451638e+00,6.631190411e+00,5.807585040e+00
131864.447109250,-1.619217040e-02,-5.559751228e-01,-4.739995691e-01,3.025373073e+00,6.698676970e+00,5.542427206e+00
131864.457116250,-6.691729239e-02,-5.020202705e-01,-4.662403546e-01,2.810792749e+00,6.851905876e+00,5.382913520e+00
131864.467123250,-1.061534040e-01,-4.543057157e-01,-4.351095755e-01,2.476352705e+00,7.009025360e+00,5.456984134e+00
131864.477129250,-1.348246842e-01,-4.249216705e-01,-3.842881192e-01,2.104802534e+00,7.174225275e+00,5.603628986e+00
131864.487136250,-1.628247523e-01,-4.273315782e-01,-3.318320570e-01,1.834557022e+00,7.301566875e+00,5.683535466e+00
131864.497143250,-1.862114905e-01,-4.405243556e-01,-2.813199214e-01,1.695394051e+00,7.414393629e+00,5.720944867e+00
131864.507149250,-2.063200029e-01,-4.442245966e-01,-2.367372586e-01,1.691503473e+00,7.511059521e+00,5.722291605e+00
131864.517156250,-2.292456133e-01,-4.238111240e-01,-2.098810014e-01,1.859696140e+00,7.553406963e+00,5.686378580e+00
131864.527163250,-2.483664258e-01,-3.850544739e-01,-2.088676048e-01,2.098817030e+00,7.607276500e+00,5.662885477e+00
131864.537169250,-2.604732601e-01,-3.498428245e-01,-2.307843378e-01,2.265513321e+00,7.660547487e+00,5.707776758e+00
131864.547176250,-2.714559397e-01,-3.401377133e-01,-2.684441802e-01,2.234987250e+00,7.711424272e+00,5.768080712e+00
131864.557183250,-2.674283221e-01,-3.432139317e-01,-3.004459629e-01,2.109142025e+00,7.653065607e+00,5.851129582e+00
131864.567189250,-2.509987859e-01,-3.445662837e-01,-3.155240150e-01,1.944091748e+00,7.554454426e+00,6.021417175e+00
131864.577196250,-2.201752206e-01,-3.291026511e-01,-3.050875787e-01,1.795351970e+00,7.476193959e+00,6.224176128e+00
131864.587203250,-1.925160573e-01,-2.829504075e-01,-2.952073621e-01,1.804779139e+00,7.399280231e+00,6.359598160e+00
131864.597209250,-1.665537411e-01,-2.356601682e-01,-2.980042173e-01,1.901295393e+00,7.297825935e+00,6.342090560e+00
131864.607216250,-1.471236363e-01,-2.012277280e-01,-3.118019792e-01,1.946186674e+00,7.200411855e+00,6.272509074e+00
131864.617223250,-1.386006457e-01,-1.924594618e-01,-3.417335013e-01,1.987935566e+00,7.101202124e+00,6.097582716e+00
131864.627229250,-1.303278578e-01,-2.184469580e-01,-3.922939505e-01,1.939752258e+00,7.111227843e+00,6.000318273e+00
131864.637236250,-1.060531319e-01,-2.591552076e-01,-4.491937982e-01,1.803582038e+00,7.162403904e+00,6.038775137e+00
131864.647243250,-6.181052240e-02,-2.952961874e-01,-4.805189707e-01,1.626261478e+00,7.209090836e+00,6.196792447e+00
131864.657250250,-3.105934659e-02,-2.956238138e-01,-4.886763485e-01,1.448492004e+00,7.233631403e+00,6.281487331e+00
131864.667256250,-1.016526706e-02,-2.653682475e-01,-4.727063376e-01,1.361702194e+00,7.217021629e+00,6.188712016e+00
131864.677263250,-1.432969817e-03,-2.287180634e-01,-4.462230714e-01,1.314117436e+00,7.228394087e+00,6.069151571e+00
131864.687270250,-1.920235755e-02,-2.024511535e-01,-4.270027073e-01,1.336114164e+00,7.238120531e+00,5.893327386e+00
131864.697276250,-3.486122565e-02,-1.890457358e-01,-4.126561181e-01,1.374421391e+00,7.287949854e+00,5.748478186e+00
131864.707283250,-5.508259771e-02,-1.963099014e-01,-4.062015091e-01,1.378311968e+00,7.345111418e+00,5.723339069e+00
131864.717290250,-6.423547211e-02,-1.986273342e-01,-4.139207671e-01,1.429188754e+00,7.441178760e+00,5.720346317e+00
131864.727296250,-5.310533540e-02,-1.995626668e-01,-4.123221914e-01,1.479317351e+00,7.513453722e+00,5.863848779e+00
131864.737303250,-2.633778902e-02,-1.974118415e-01,-4.007465484e-01,1.394772105e+00,7.600991721e+00,6.095787064e+00
131864.747310250,5.898492666e-03,-1.900596542e-01,-3.917359222e-01,1.419013396e+00,7.641094598e+00,6.152050803e+00
131864.757316250,3.423311176e-02,-1.981872274e-01,-3.822425204e-01,1.504755743e+00,7.647080103e+00,6.146663850e+00
131864.767323250,5.087307963e-02,-2.192435892e-01,-3.846792863e-01,1.612794093e+00,7.681646389e+00,6.125864223e+00
131864.777330250,5.466012247e-02,-2.420631478e-01,-4.112425336e-01,1.788618278e+00,7.733869913e+00,6.002712475e+00
131864.787336250,4.856122664e-02,-2.697641599e-01,-4.419088687e-01,1.973570356e+00,7.706785506e+00,5.874323411e+00
131864.797343250,3.097666307e-02,-2.945453135e-01,-4.829878339e-01,2.042403654e+00,7.714865937e+00,5.818658222e+00
131864.807350250,2.676256470e-02,-3.176450235e-01,-5.190155697e-01,2.077119578e+00,7.717709052e+00,5.818059672e+00
131864.817356250,2.945996993e-02,-3.451906458e-01,-5.400846979e-01,2.004994253e+00,7.704989855e+00,5.939715044e+00
131864.827363250,3.559839271e-02,-3.695534510e-01,-5.554370142e-01,1.957559132e+00,7.681496751e+00,5.998073709e+00
131864.837370250,4.663073957e-02,-3.809737952e-01,-5.665907847e-01,2.010381207e+00,7.624933737e+00,6.001665012e+00
131864.847377250,5.543429385e-02,-3.869000199e-01,-5.837756567e-01,2.099714856e+00,7.570316012e+00,5.981164660e+00
131864.857383250,6.646846337e-02,-3.799278687e-01,-5.991582275e-01,2.196680023e+00,7.510161695e+00,5.947047286e+00
131864.867390250,7.232400170e-02,-3.607575188e-01,-5.973941558e-01,2.178873148e+00,7.484872940e+00,5.896020863e+00
131864.877397250,6.893764451e-02,-3.278592650e-01,-5.886237742e-01,2.111985139e+00,7.474547945e+00,5.792471642e+00
131864.887403250,5.018689775e-02,-2.706500934e-01,-5.783694429e-01,2.099864494e+00,7.429207751e+00,5.611559779e+00
131864.897410250,2.986707202e-02,-1.703901703e-01,-5.644674928e-01,2.116025355e+00,7.441478035e+00,5.474940646e+00
131864.907417250,7.301009255e-03,-8.805607755e-02,-5.275275730e-01,1.964143187e+00,7.469759542e+00,5.509207658e+00
131864.917423250,-1.430333630e-02,-4.896275151e-02,-5.049043535e-01,1.745971561e+00,7.514650823e+00,5.567566323e+00
131864.927430250,-3.709827915e-02,-5.635119172e-02,-4.892428536e-01,1.578826357e+00,7.578546080e+00,5.529857647e+00
131864.937437250,-5.688201662e-02,-1.084142381e-01,-4.814896221e-01,1.426196001e+00,7.612064903e+00,5.583876822e+00
131864.947443250,-9.633716356e-02,-1.900138201e-01,-4.839747385e-01,1.277007310e+00,7.715015575e+00,5.594501092e+00
131864.957450250,-1.619629091e-01,-2.592003720e-01,-4.822376850e-01,1.175553015e+00,7.785045973e+00,5.471947894e+00
131864.967457250,-2.316201075e-01,-2.587633101e-01,-4.613824992e-01,1.157446865e+00,7.671919945e+00,5.457433047e+00
131864.977463250,-2.666922272e-01,-1.922180458e-01,-4.083456848e-01,1.068562128e+00,7.597250780e+00,5.813121631e+00
131864.987470250,-2.615244108e-01,-1.123054456e-01,-3.268577460e-01,8.500912270e-01,7.620145334e+00,6.390273869e+00
131864.997477250,-2.507556606e-01,-6.948300603e-02,-2.305088684e-01,5.357026215e-01,7.651120318e+00,6.841431244e+00
131865.007484250,-2.479140047e-01,-6.730458651e-02,-1.482101330e-01,3.570353226e-01,7.660098574e+00,6.936451122e+00
131865.017490250,-2.433693429e-01,-8.535991921e-02,-8.396361902e-02,3.767874863e-01,7.640346410e+00,6.941089888e+00
131865.027497250,-2.319340881e-01,-1.121866123e-01,-3.220869873e-02,4.743512039e-01,7.669226468e+00,7.024138758e+00
131865.037504250,-2.244250729e-01,-1.382501560e-01,-8.999635552e-03,6.958148575e-01,7.606528312e+00,7.083095974e+00
131865.047510250,-2.114863221e-01,-1.403321607e-01,2.739394127e-03,1.020229182e+00,7.464222951e+00,7.097760459e+00
131865.057517250,-1.913980544e-01,-1.171079113e-01,2.261450029e-02,1.254112757e+00,7.312340783e+00,7.221810033e+00
131865.067524250,-1.734584259e-01,-7.089922650e-02,4.090659542e-02,1.459415549e+00,7.133823122e+00,7.310844407e+00
131865.077530250,-1.447866928e-01,-2.645638931e-02,5.973077125e-02,1.641524513e+00,7.017554704e+00,7.366509595e+00
131865.087537250,-1.059685454e-01,-9.160710517e-03,6.388335016e-02,1.771559591e+00,6.969371395e+00,7.485621128e+00
131865.097544250,-7.396618922e-02,-3.186114524e-02,4.463672243e-02,1.930025813e+00,6.938546049e+00,7.413495803e+00
131865.107550250,-6.793334008e-02,-8.764077475e-02,-1.766161478e-03,2.127547450e+00,6.848464211e+00,7.168389408e+00
131865.117557250,-9.414189995e-02,-1.649663529e-01,-8.138525529e-02,2.365620878e+00,6.669198362e+00,6.814346838e+00
131865.127564250,-1.283592363e-01,-2.344727741e-01,-1.755789849e-01,2.579004101e+00,6.471826363e+00,6.566696603e+00
131865.137570250,-1.672301841e-01,-2.626898187e-01,-2.574433229e-01,2.630629074e+00,6.352265917e+00,6.554426320e+00
131865.147577250,-2.170519148e-01,-2.587250649e-01,-3.178586749e-01,2.522590724e+00,6.222230840e+00,6.553079581e+00
131865.157584250,-2.748474112e-01,-2.329214888e-01,-3.475663692e-01,2.251297749e+00,6.166266376e+00,6.554875233e+00
131865.167591250,-3.252035835e-01,-1.910324514e-01,-3.453470461e-01,1.925237410e+00,6.118681618e+00,6.644957070e+00
131865.177597250,-3.567548659e-01,-1.383936371e-01,-3.223876513e-01,1.638681399e+00,6.161178697e+00,6.856694279e+00
131865.187604250,-3.717522253e-01,-9.567128023e-02,-2.941852155e-01,1.373074652e+00,6.254103649e+00,7.050325339e+00
131865.197611250,-3.650851527e-01,-6.943712264e-02,-2.608404636e-01,1.117493625e+00,6.289418124e+00,7.218069093e+00
131865.207617250,-3.405206662e-01,-6.788788348e-02,-2.267192915e-01,8.807669357e-01,6.355707582e+00,7.362768655e+00
131865.217624250,-3.071388027e-01,-8.464118180e-02,-1.934402851e-01,6.744166801e-01,6.411522408e+00,7.483376564e+00
131865.227631250,-2.551905331e-01,-1.061767482e-01,-1.612137157e-01,5.496189186e-01,6.483049183e+00,7.585429410e+00
131865.237637250,-1.923448466e-01,-1.374888787e-01,-1.365531140e-01,5.135562561e-01,6.552032118e+00,7.661594950e+00
131865.247644250,-1.189478276e-01,-1.842953974e-01,-1.240891281e-01,6.028899055e-01,6.575076309e+00,7.665934441e+00
131865.257651250,-4.985116739e-02,-2.332464268e-01,-1.244170031e-01,7.707832970e-01,6.545298426e+00,7.614758380e+00
131865.267657250,3.446217293e-03,-2.758350364e-01,-1.403738402e-01,1.004517234e+00,6.545896976e+00,7.473949395e+00
131865.277664250,5.253953069e-02,-3.062111346e-01,-1.677300543e-01,1.231816754e+00,6.513275979e+00,7.278073772e+00
131865.287671250,8.724697929e-02,-3.228649858e-01,-2.039512014e-01,1.375468854e+00,6.485593022e+00,7.138910800e+00
131865.297677250,1.115248867e-01,-3.207597905e-01,-2.245217024e-01,1.439663386e+00,6.465391946e+00,7.038653606e+00
131865.307684250,1.169818109e-01,-3.145567227e-01,-2.445670171e-01,1.419462309e+00,6.411372771e+00,6.881683759e+00
131865.317691250,1.042016251e-01,-3.159468476e-01,-2.760320728e-01,1.468244168e+00,6.313360140e+00,6.643311057e+00
131865.327697250,8.184235476e-02,-3.251900566e-01,-3.109178528e-01,1.496076762e+00,6.228814894e+00,6.494122366e+00
131865.337704250,6.504910602e-02,-3.428673418e-01,-3.404290268e-01,1.415871007e+00,6.197390997e+00,6.463596294e+00
131865.347711250,4.663068733e-02,-3.729767790e-01,-3.606701041e-01,1.235557694e+00,6.239439164e+00,6.482600270e+00
131865.357718250,2.504261905e-02,-3.999876973e-01,-3.750568011e-01,1.064970826e+00,6.284330445e+00,6.469132886e+00
131865.367724250,1.105547675e-03,-4.092169540e-01,-3.739243693e-01,9.311948082e-01,6.307224998e+00,6.436362251e+00
131865.377731250,-1.852351315e-02,-4.045107465e-01,-3.567274053e-01,7.995137169e-01,6.399401762e+00,6.432621310e+00
131865.387738250,-3.765450529e-02,-3.896646374e-01,-3.441173551e-01,7.230489014e-01,6.517316194e+00,6.456712965e+00
131865.397744250,-4.836245394e-02,-3.820254122e-01,-3.314779948e-01,6.853402252e-01,6.587795506e+00,6.491428889e+00
131865.407751250,-4.724684089e-02,-4.038303728e-01,-3.073550106e-01,5.671265182e-01,6.663063220e+00,6.599916151e+00
131865.417759042,-4.177575831e-02,-4.458315601e-01,-3.002046458e-01,5.183446594e-01,6.714987469e+00,6.693439654e+00
131865.427765042,-3.314016946e-02,-4.977558003e-01,-3.106132527e-01,6.307224998e-01,6.723067899e+00,6.732046156e+00
131865.437772042,-1.129938906e-02,-5.430579749e-01,-3.297363100e-01,7.127239067e-01,6.836044290e+00,6.853851165e+00
131865.447779042,9.457163631e-03,-5.740102878e-01,-3.461315477e-01,7.769184387e-01,6.907870340e+00,6.968323932e+00
131865.457785042,1.301473940e-02,-5.909445799e-01,-3.583186457e-01,8.517372406e-01,6.988076096e+00,6.959495313e+00
131865.467792042,9.387796550e-03,-5.900715490e-01,-3.644570571e-01,9.063549660e-01,7.045985848e+00,6.910414179e+00
131865.477799042,1.288212383e-03,-5.726785471e-01,-3.577384734e-01,9.151835846e-01,7.101501399e+00,6.910563817e+00
131865.487806042,-9.267214036e-03,-5.533149071e-01,-3.576979415e-01,9.512462471e-01,7.124545590e+00,6.950666695e+00
131865.497812042,-1.823788417e-02,-5.377568269e-01,-3.644418163e-01,1.002272670e+00,7.117811898e+00,7.032668102e+00
131865.507819042,-2.408439583e-02,-5.322009050e-01,-3.766054057e-01,1.062875900e+00,7.075464456e+00,7.091774955e+00
131865.517826042,-3.239834146e-02,-5.319146831e-01,-4.090189421e-01,1.226878713e+00,6.965630455e+00,7.095665533e+00
131865.527832042,-2.987702385e-02,-5.443743506e-01,-4.460369389e-01,1.299901864e+00,6.915202583e+00,7.156717675e+00
131865.537839042,-1.272671868e-02,-5.621886163e-01,-4.805059735e-01,1.267729779e+00,6.959794588e+00,7.291241881e+00
131865.547846042,1.279515991e-02,-5.842363413e-01,-5.164261644e-01,1.199943945e+00,7.079803947e+00,7.399130593e+00
131865.557852042,4.209351487e-02,-6.096001589e-01,-5.479294771e-01,1.135001225e+00,7.193977438e+00,7.417087106e+00
131865.567859042,6.153534152e-02,-6.298147516e-01,-5.806538601e-01,1.062875900e+00,7.413046890e+00,7.359925541e+00
131865.577866042,5.526147991e-02,-6.343797550e-01,-6.137078829e-01,1.074397995e+00,7.567323260e+00,7.178714403e+00
131865.587872042,3.882925658e-02,-6.083913465e-01,-6.282377731e-01,1.126471881e+00,7.666981904e+00,6.942735902e+00
131865.597879042,-1.471010262e-02,-5.721489323e-01,-6.373259654e-01,1.140837091e+00,7.743446719e+00,6.750900494e+00
131865.607886042,-8.828524155e-02,-5.333403742e-01,-6.516157421e-01,1.189319675e+00,7.751826425e+00,6.491428889e+00
131865.617892042,-1.608530282e-01,-5.074019312e-01,-6.414289517e-01,1.104924066e+00,7.810035453e+00,6.422296316e+00
131865.627899042,-2.292333732e-01,-4.775336960e-01,-6.127229785e-01,1.012448027e+00,7.757363017e+00,6.520458584e+00
131865.637906042,-2.806144079e-01,-4.324238145e-01,-5.838407356e-01,1.047912139e+00,7.743147444e+00,6.641365768e+00
131865.647913042,-3.030380021e-01,-3.774162533e-01,-5.730370457e-01,1.288230131e+00,7.711723547e+00,6.880486658e+00
131865.657919042,-3.031124720e-01,-3.325023618e-01,-5.787390969e-01,1.492335822e+00,7.653065607e+00,7.095366257e+00
131865.667926042,-2.900667607e-01,-3.175200449e-01,-5.946995031e-01,1.614739382e+00,7.477391060e+00,7.169287234e+00
131865.677933042,-2.481219501e-01,-3.450488497e-01,-6.013898009e-01,1.570895564e+00,7.284508189e+00,7.277026308e+00
131865.687939042,-2.008237456e-01,-4.140147964e-01,-5.970634769e-01,1.379060156e+00,7.149235795e+00,7.341969028e+00
131865.697946042,-1.559279389e-01,-4.966464380e-01,-5.838611628e-01,1.258601885e+00,7.047631862e+00,7.260416534e+00
131865.707953042,-1.232524683e-01,-5.910473891e-01,-5.629841276e-01,1.200542495e+00,7.057208669e+00,7.108085454e+00
131865.717959042,-1.163040838e-01,-6.862667290e-01,-5.355524606e-01,1.163881282e+00,7.165396656e+00,6.909217078e+00
131865.727966042,-1.401884193e-01,-7.381659976e-01,-5.103225615e-01,1.324442431e+00,7.233781041e+00,6.633285337e+00
131865.737973042,-1.642384819e-01,-7.127609222e-01,-4.840251987e-01,1.663970154e+00,7.254580668e+00,6.485144109e+00
131865.747979042,-1.652556587e-01,-6.200065301e-01,-4.475545555e-01,1.960701522e+00,7.260865447e+00,6.590189707e+00
131865.757986042,-1.566769481e-01,-5.085530266e-01,-4.050500636e-01,2.200271326e+00,7.141604277e+00,6.717531308e+00
131865.767993042,-1.462052463e-01,-4.050998354e-01,-3.702426953e-01,2.376843698e+00,6.957699662e+00,6.730400142e+00
131865.777999042,-1.288911283e-01,-3.276111424e-01,-3.477116903e-01,2.439242579e+00,6.830657336e+00,6.723516812e+00
131865.788006042,-9.239583310e-02,-3.045782741e-01,-3.265125701e-01,2.377292611e+00,6.650942574e+00,6.773196497e+00
131865.798013042,-5.362689411e-02,-3.419390027e-01,-3.143403630e-01,2.161215911e+00,6.570287906e+00,6.840084505e+00
131865.808019042,-2.362818374e-02,-4.411024592e-01,-3.227850973e-01,2.027888806e+00,6.497115118e+00,6.726659202e+00
131865.818026042,4.466703470e-03,-5.726870363e-01,-3.394651696e-01,1.923591396e+00,6.463596294e+00,6.553378857e+00
131865.828033042,8.360922041e-03,-7.043083635e-01,-3.569286486e-01,1.865980919e+00,6.496965480e+00,6.360047073e+00
131865.838040042,7.818825920e-04,-7.834022685e-01,-3.709221601e-01,1.884535982e+00,6.572382832e+00,6.103717857e+00
131865.848046042,-1.317334239e-02,-7.962799833e-01,-3.669764881e-01,1.890970399e+00,6.727108115e+00,5.969044014e+00
131865.858053042,-3.682265108e-02,-7.420537019e-01,-3.449639530e-01,1.955164931e+00,6.850409500e+00,5.897517239e+00
131865.868060042,-7.134634569e-02,-6.530223812e-01,-3.217877293e-01,2.003198602e+00,6.984933706e+00,5.821800612e+00
131865.878066042,-1.106295119e-01,-5.830069104e-01,-2.958461010e-01,1.929576900e+00,7.146542318e+00,5.808033952e+00
131865.888073042,-1.381086829e-01,-5.331089843e-01,-2.628700027e-01,1.788917553e+00,7.252036829e+00,5.900210716e+00
131865.898080042,-1.471392343e-01,-4.911188783e-01,-2.336006309e-01,1.698536440e+00,7.269095515e+00,6.083367143e+00
131865.908086042,-1.287451796e-01,-4.591145586e-01,-2.133695798e-01,1.681777029e+00,7.268945878e+00,6.320692383e+00
131865.918093042,-9.081652585e-02,-4.557778093e-01,-2.100776832e-01,1.700930642e+00,7.284657826e+00,6.581510726e+00
131865.928100042,-4.113901947e-02,-4.818812505e-01,-2.229160520e-01,1.726369035e+00,7.255777769e+00,6.679822632e+00
131865.938106042,3.593872639e-03,-5.345191022e-01,-2.516207517e-01,1.776048719e+00,7.219415831e+00,6.641515405e+00
131865.948113042,4.558870194e-02,-5.980845529e-01,-2.934739504e-01,1.860593965e+00,7.180210779e+00,6.544101325e+00
131865.958120042,7.218693978e-02,-6.469022529e-01,-3.538008662e-01,2.076371390e+00,7.206098084e+00,6.420051752e+00
131865.968127042,7.478312202e-02,-6.549227997e-01,-4.260675835e-01,2.315641918e+00,7.262810736e+00,6.212803671e+00
131865.978133042,5.263589657e-02,-6.187660263e-01,-4.802581825e-01,2.424877369e+00,7.295132458e+00,5.995529870e+00
131865.988140042,5.964837115e-03,-5.478434346e-01,-5.028702630e-01,2.435202364e+00,7.327154906e+00,5.825391914e+00
131865.998147042,-6.032930657e-02,-4.681065875e-01,-4.999018821e-01,2.302174534e+00,7.393444364e+00,5.712864436e+00
131866.008153042,-1.296328600e-01,-4.018885551e-01,-4.816554366e-01,2.096871741e+00,7.406612473e+00,5.655553234e+00
131866.018160042,-1.840392582e-01,-3.488397249e-01,-4.550800124e-01,1.917007342e+00,7.389104874e+00,5.678747063e+00
131866.028167042,-2.148416475e-01,-3.132336816e-01,-4.302958949e-01,1.741632070e+00,7.365761407e+00,5.832724157e+00
131866.038173042,-2.191211211e-01,-3.032806012e-01,-4.030006348e-01,1.589151352e+00,7.270591891e+00,6.035034197e+00
131866.048180042,-1.995042037e-01,-3.144331004e-01,-3.798790712e-01,1.438167010e+00,7.201010406e+00,6.253355461e+00
131866.058187042,-1.565801302e-01,-3.374089573e-01,-3.713857515e-01,1.400009421e+00,7.101950312e+00,6.468235060e+00
131866.068193042,-8.640250931e-02,-3.841471559e-01,-3.647895184e-01,1.308880120e+00,7.078008295e+00,6.696881319e+00
131866.078200042,-9.850096824e-03,-4.435319430e-01,-3.581320997e-01,1.195155541e+00,7.100603574e+00,6.858190656e+00
131866.088207042,4.559878886e-02,-4.932206612e-01,-3.636491300e-01,1.245284138e+00,7.092373505e+00,6.777236712e+00
131866.098213042,8.483665960e-02,-5.225093774e-01,-3.635248139e-01,1.296759474e+00,7.105840890e+00,6.625653819e+00
131866.108220042,9.968087581e-02,-5.218904141e-01,-3.578023301e-01,1.366640235e+00,7.148936520e+00,6.454318763e+00
131866.118227042,7.870538570e-02,-4.950063886e-01,-3.421864511e-01,1.535281815e+00,7.087285827e+00,6.157138482e+00
131866.128234042,3.713186502e-02,-4.442390069e-01,-3.178735725e-01,1.644367628e+00,7.027879698e+00,5.911882449e+00
131866.138240042,-4.988110215e-03,-3.724388811e-01,-2.795338131e-01,1.687463258e+00,6.979846027e+00,5.863100591e+00
131866.148247042,-5.257788523e-02,-2.819861754e-01,-2.338143068e-01,1.649904219e+00,6.977002913e+00,5.928641861e+00
131866.158254042,-9.742332022e-02,-1.816297039e-01,-1.929464472e-01,1.624166551e+00,7.000944930e+00,5.965901624e+00
131866.168260042,-1.229325624e-01,-1.093792067e-01,-1.602240897e-01,1.583614761e+00,7.067533663e+00,6.107907710e+00
131866.178267042,-1.267315004e-01,-9.420645586e-02,-1.478939436e-01,1.486200681e+00,7.205649171e+00,6.329072089e+00
131866.188274042,-1.035290894e-01,-1.176642670e-01,-1.605942077e-01,1.499668065e+00,7.211036125e+00,6.495768379e+00
131866.198280042,-6.927606107e-02,-1.625439897e-01,-1.810615697e-01,1.587804613e+00,7.169586509e+00,6.665008509e+00
131866.208287042,-3.311776012e-02,-2.032206992e-01,-2.050208219e-01,1.655291173e+00,7.184550269e+00,6.744166801e+00
131866.218294042,-2.636467149e-03,-2.259825798e-01,-2.332038028e-01,1.839195788e+00,7.105840890e+00,6.683264297e+00
131866.228300042,1.750898251e-02,-2.255880709e-01,-2.610989815e-01,2.045396406e+00,7.053018816e+00,6.536170532e+00
131866.238307042,2.028056488e-02,-1.996901078e-01,-2.889813919e-01,2.219424939e+00,7.086388001e+00,6.385485465e+00
131866.248314042,9.469490519e-03,-1.555518893e-01,-3.169484440e-01,2.359635374e+00,7.189488310e+00,6.250512347e+00
131866.258320042,-1.038910118e-02,-1.046065288e-01,-3.412091653e-01,2.429366497e+00,7.257124507e+00,6.081721130e+00
131866.268327042,-2.957293565e-02,-3.776225606e-02,-3.547482860e-01,2.422782442e+00,7.297676298e+00,6.023811377e+00
131866.278334042,-4.863271174e-02,4.454873952e-02,-3.612972113e-01,2.364573415e+00,7.364863582e+00,6.052841072e+00
131866.288341042,-6.305892693e-02,1.278856061e-01,-3.651869684e-01,2.298732869e+00,7.364564307e+00,6.085761345e+00
131866.298347042,-6.170155822e-02,1.875905988e-01,-3.668304827e-01,2.221370228e+00,7.325359254e+00,6.209062730e+00
131866.308354042,-4.935570219e-02,2.023493329e-01,-3.707837752e-01,2.068440597e+00,7.357082426e+00,6.372167719e+00
131866.318361042,-3.233598821e-02,1.600275944e-01,-3.757794355e-01,1.884087069e+00,7.394641465e+00,6.494571278e+00
131866.328367042,-9.245062625e-03,1.009510384e-01,-3.920301058e-01,1.796848346e+00,7.403170808e+00,6.575974135e+00
131866.338374042,3.443029177e-03,4.318161030e-02,-4.182854916e-01,1.819293987e+00,7.427112825e+00,6.629694035e+00
131866.348381042,1.438236494e-02,-8.571246870e-03,-4.560427437e-01,1.817498335e+00,7.540687766e+00,6.655880615e+00
131866.358387042,1.434053014e-02,-6.720670653e-02,-4.886876367e-01,1.726967585e+00,7.568520361e+00,6.666654523e+00
131866.368394042,7.379982202e-03,-1.412108699e-01,-5.175139298e-01,1.515080738e+00,7.618050407e+00,6.638971566e+00
131866.378401042,-2.328366000e-02,-2.241056557e-01,-5.309372081e-01,1.280897888e+00,7.679701100e+00,6.594678835e+00
131866.388407042,-7.031428699e-02,-2.872177909e-01,-5.255095559e-01,1.038933883e+00,7.721001079e+00,6.501304971e+00
131866.398414042,-1.184378638e-01,-3.187965839e-01,-4.898301887e-01,8.512883278e-01,7.714716299e+00,6.469881074e+00
131866.408421042,-1.742248856e-01,-2.998271514e-01,-4.223923224e-01,8.017582809e-01,7.666084078e+00,6.534075606e+00
131866.418427625,-2.260762151e-01,-2.353058009e-01,-3.530523809e-01,9.497498711e-01,7.567173622e+00,6.610839697e+00
131866.428433625,-2.526804356e-01,-1.327483348e-01,-2.926086404e-01,1.118092175e+00,7.381772631e+00,6.818237415e+00
131866.438440625,-2.259416450e-01,-2.403752139e-02,-2.483685604e-01,1.282244627e+00,7.192481062e+00,7.221510757e+00
131866.448447625,-1.722844126e-01,4.239142882e-02,-2.294052538e-01,1.345092420e+00,7.051971352e+00,7.635408369e+00
131866.458453625,-9.685937929e-02,5.359113783e-02,-2.368530574e-01,1.402702898e+00,6.820781255e+00,7.824400663e+00
131866.468460625,-2.192976490e-02,2.650446866e-03,-2.734579040e-01,1.330128660e+00,6.799981628e+00,7.854477821e+00
131866.478467625,4.487988862e-02,-1.179387334e-01,-3.283773281e-01,1.233911681e+00,6.706158850e+00,7.697956888e+00
131866.488473625,8.782459801e-02,-2.769878523e-01,-3.842720105e-01,1.096245085e+00,6.627898383e+00,7.417835294e+00
131866.498480625,9.493616942e-02,-4.207655740e-01,-4.335563289e-01,1.039233158e+00,6.569090805e+00,7.094917345e+00
131866.508487625,8.662736034e-02,-5.011336169e-01,-4.588803903e-01,1.019929907e+00,6.591686083e+00,6.884826149e+00
131866.518493625,5.398227344e-02,-5.018694803e-01,-4.411133730e-01,9.946411522e-01,6.573579933e+00,6.755239984e+00
131866.528500625,4.784507711e-03,-4.470035336e-01,-3.870716197e-01,9.442132797e-01,6.549189004e+00,6.657526629e+00
131866.538507625,-5.566135895e-02,-3.657646211e-01,-3.082138144e-01,8.575731071e-01,6.549338641e+00,6.620416503e+00
131866.548513625,-1.165364476e-01,-2.778675494e-01,-2.227212458e-01,8.098387115e-01,6.539312922e+00,6.661866119e+00
131866.558520625,-1.643100740e-01,-1.997525201e-01,-1.515913534e-01,8.391676819e-01,6.550685380e+00,6.780977652e+00
131866.568527625,-1.953638764e-01,-1.400799591e-01,-1.030557494e-01,9.395745140e-01,6.533177780e+00,6.956801836e+00
131866.578534625,-2.140767676e-01,-1.027298848e-01,-8.535951071e-02,1.097891099e+00,6.449530360e+00,7.122001751e+00
131866.588540625,-2.090144729e-01,-8.411864392e-02,-8.465994580e-02,1.195604454e+00,6.405087991e+00,7.292139706e+00
131866.598547625,-1.754679259e-01,-9.304616449e-02,-8.663783054e-02,1.145924770e+00,6.372018081e+00,7.523629079e+00
131866.608554625,-1.213614738e-01,-1.348034024e-01,-9.979980444e-02,1.068412491e+00,6.358999609e+00,7.726687308e+00
131866.618560625,-4.324865326e-02,-2.127303132e-01,-1.265282923e-01,1.020528458e+00,6.305728622e+00,7.883956429e+00
131866.628567625,5.097220236e-02,-3.045807415e-01,-1.624014987e-01,9.371803123e-01,6.324134048e+00,8.002319774e+00
131866.638574625,1.387800218e-01,-4.016699012e-01,-1.993137089e-01,8.406640579e-01,6.371269893e+00,7.935282127e+00
131866.648580625,2.104318677e-01,-4.766613959e-01,-2.185812672e-01,7.411550514e-01,6.445490144e+00,7.733271362e+00
131866.658587625,2.639341040e-01,-5.182485853e-01,-2.233388428e-01,6.639420479e-01,6.575674860e+00,7.514800461e+00
131866.668594625,2.927464978e-01,-5.291858981e-01,-2.078285912e-01,6.105214233e-01,6.732644706e+00,7.253832480e+00
131866.678600625,2.821174049e-01,-5.206766909e-01,-1.831876058e-01,6.109703362e-01,6.814047562e+00,6.902184111e+00
131866.688607625,2.364937555e-01,-4.894194609e-01,-1.502356336e-01,6.563105301e-01,6.830507699e+00,6.566995879e+00
131866.698614625,1.761107890e-01,-4.297788643e-01,-1.163533651e-01,7.395090378e-01,6.870161664e+00,6.305578985e+00
131866.708620625,1.167485975e-01,-3.494397626e-01,-8.818174228e-02,8.900444672e-01,6.886322525e+00,6.224176128e+00
131866.718627625,6.241780932e-02,-2.742132746e-01,-6.732316368e-02,9.877578224e-01,6.885275062e+00,6.237344238e+00
131866.728634625,1.734345224e-02,-2.246272946e-01,-5.380879457e-02,9.973346291e-01,6.873004778e+00,6.290016674e+00
131866.738641625,-7.771953575e-03,-2.020467322e-01,-5.043968460e-02,9.904512993e-01,6.836044290e+00,6.402095239e+00
131866.748647625,-1.149881732e-02,-2.053862303e-01,-5.949072469e-02,9.769839149e-01,6.784868230e+00,6.550236467e+00
131866.758654625,2.257596400e-03,-2.213063405e-01,-8.502949442e-02,1.001075569e+00,6.732195793e+00,6.704213561e+00
131866.768661625,3.104083877e-02,-2.374765730e-01,-1.173835305e-01,1.005415060e+00,6.679373719e+00,6.845920372e+00
131866.778667625,7.472247143e-02,-2.532589661e-01,-1.364048344e-01,9.165303230e-01,6.683713210e+00,6.979696390e+00
131866.788674625,1.091616307e-01,-2.691542074e-01,-1.543546934e-01,7.601590271e-01,6.692392191e+00,7.039252156e+00
131866.798681625,1.473758851e-01,-2.631551507e-01,-1.613488121e-01,7.101800674e-01,6.783521491e+00,7.043442009e+00
131866.808687625,1.775031601e-01,-2.720326977e-01,-1.433159517e-01,5.973533142e-01,6.895300781e+00,7.029226437e+00
131866.818694625,1.815591367e-01,-3.018309213e-01,-1.283573826e-01,5.268740028e-01,7.000496017e+00,6.879139920e+00
131866.828701625,1.535199867e-01,-3.526711025e-01,-1.263406987e-01,5.594950005e-01,7.113173132e+00,6.632387511e+00
131866.838707625,1.149339650e-01,-4.052632640e-01,-1.232407631e-01,6.627449471e-01,7.228394087e+00,6.479906793e+00
131866.848714625,5.560767990e-02,-4.352984383e-01,-1.329154293e-01,7.650970680e-01,7.320121938e+00,6.391919882e+00
131866.858721625,1.131928889e-02,-4.155041605e-01,-1.521960394e-01,9.891045609e-01,7.344363230e+00,6.408380019e+00
131866.868728625,3.439277775e-03,-3.525632986e-01,-1.634555870e-01,1.222688860e+00,7.264606387e+00,6.663063220e+00
131866.878734625,1.689562878e-02,-2.699873353e-01,-1.706944255e-01,1.284788466e+00,7.287052028e+00,6.992415586e+00
131866.888741625,4.602995487e-02,-2.155078832e-01,-1.792668502e-01,1.304989542e+00,7.193678163e+00,7.133823122e+00
131866.898748625,7.663698007e-02,-2.051477090e-01,-1.888134517e-01,1.195454816e+00,7.176320201e+00,7.221660395e+00
131866.908754625,9.652644370e-02,-2.356635797e-01,-1.964054093e-01,1.033546929e+00,7.173776362e+00,7.182156068e+00
131866.918761625,1.251336411e-01,-2.796364767e-01,-2.102040530e-01,9.657610947e-01,7.126490879e+00,7.180659692e+00
131866.928768625,1.496730518e-01,-3.277349886e-01,-2.267799074e-01,9.301473450e-01,7.190236498e+00,7.208492286e+00
131866.938774625,1.592415982e-01,-3.575156830e-01,-2.521104442e-01,1.003469771e+00,7.212382864e+00,7.079205396e+00
131866.948781625,1.628830217e-01,-3.676035864e-01,-2.768726068e-01,1.105073704e+00,7.228394087e+00,6.927921779e+00
131866.958788625,1.787119368e-01,-3.561296299e-01,-2.977525738e-01,1.195903729e+00,7.224503510e+00,6.867019274e+00
131866.968794625,1.935883799e-01,-3.438657952e-01,-3.209032989e-01,1.208174013e+00,7.302165426e+00,6.857592105e+00
131866.978801625,1.999513679e-01,-3.442658749e-01,-3.369134268e-01,1.189020399e+00,7.339425189e+00,6.750451581e+00
131866.988808625,2.013929242e-01,-3.484304977e-01,-3.630381449e-01,1.195305179e+00,7.351096922e+00,6.579565437e+00
131866.998814625,2.013437715e-01,-3.529094122e-01,-3.944957164e-01,1.235707332e+00,7.404816822e+00,6.490531063e+00
131867.008821625,1.975255804e-01,-3.612158464e-01,-4.236640620e-01,1.207425825e+00,7.472602657e+00,6.426635806e+00
131867.018828625,1.913915138e-01,-3.710126704e-01,-4.468199616e-01,1.108964281e+00,7.568370723e+00,6.342389835e+00
131867.028835625,1.816207592e-01,-3.932039806e-01,-4.466984511e-01,9.334393723e-01,7.732822449e+00,6.259191328e+00
131867.038841625,1.447964428e-01,-4.316392173e-01,-4.320679628e-01,7.145195580e-01,7.916876702e+00,6.136338855e+00
131867.048848625,8.091619554e-02,-4.562833045e-01,-4.056176924e-01,6.344634399e-01,8.083273717e+00,5.865943705e+00
131867.058855625,1.796783681e-02,-4.482734677e-01,-3.759993895e-01,7.360673729e-01,8.198494672e+00,5.670816270e+00
131867.068861625,-2.988831788e-02,-4.092087527e-01,-3.462905749e-01,8.930372192e-01,8.269572534e+00,5.676352861e+00
131867.078868625,-6.394851819e-02,-3.482168298e-01,-3.260396300e-01,1.045966850e+00,8.355913432e+00,5.771372739e+00
131867.088875625,-9.445855063e-02,-2.931946676e-01,-3.182993592e-01,1.186925473e+00,8.355015606e+00,5.802497361e+00
131867.098881625,-1.098666810e-01,-2.516060023e-01,-3.289082923e-01,1.296909112e+00,8.357409808e+00,5.828384666e+00
131867.108888625,-1.165071346e-01,-2.258958447e-01,-3.427765542e-01,1.309777946e+00,8.387187691e+00,5.880757828e+00
131867.118895625,-1.301627123e-01,-2.278657515e-01,-3.510275086e-01,1.236156245e+00,8.346336625e+00,5.872976672e+00
131867.128901625,-1.410178510e-01,-2.495397924e-01,-3.537092214e-01,1.174206277e+00,8.238298275e+00,5.846640454e+00
131867.138908625,-1.398849676e-01,-2.922623874e-01,-3.444183045e-01,1.085471178e+00,8.155399043e+00,5.914127013e+00
131867.148915625,-1.266773025e-01,-3.478744049e-01,-3.157268260e-01,9.909002121e-01,8.053495834e+00,6.018873336e+00
131867.158922625,-1.075695227e-01,-3.811539878e-01,-2.743451925e-01,1.023221935e+00,7.917774528e+00,6.047005206e+00
131867.168928625,-7.875004969e-02,-3.919186085e-01,-2.222891969e-01,1.198896481e+00,7.757363017e+00,6.073042149e+00
131867.178935625,-3.406867292e-02,-3.865531628e-01,-1.792610545e-01,1.428290928e+00,7.622240260e+00,6.123619659e+00
131867.188942625,1.079753368e-02,-3.888774896e-01,-1.600693967e-01,1.687313620e+00,7.532158423e+00,6.071695410e+00
131867.198948625,4.681254441e-02,-3.861477510e-01,-1.655786712e-01,1.939004070e+00,7.453897956e+00,5.888538983e+00
131867.208955625,7.507207260e-02,-3.864381458e-01,-1.881402398e-01,2.182015538e+00,7.337030988e+00,5.659144537e+00
131867.218962625,1.080536025e-01,-3.986186918e-01,-2.182498987e-01,2.318185757e+00,7.303961077e+00,5.556792416e+00
131867.228968625,1.338129180e-01,-4.362023049e-01,-2.480844365e-01,2.260126367e+00,7.377433141e+00,5.466112028e+00
131867.238975625,1.353478274e-01,-4.822187606e-01,-2.786616743e-01,2.161515186e+00,7.439233471e+00,5.214271941e+00
131867.248982625,1.270217477e-01,-5.204953304e-01,-3.066042989e-01,2.073827551e+00,7.466018602e+00,4.961683665e+00
131867.258988625,1.287983094e-01,-5.450485380e-01,-3.220857208e-01,1.941996822e+00,7.581538832e+00,4.950161570e+00
131867.268995625,1.181793291e-01,-5.499029888e-01,-3.181852462e-01,1.728463961e+00,7.782801409e+00,4.975749600e+00
131867.279002625,8.874221831e-02,-5.324577678e-01,-3.006471908e-01,1.525256095e+00,7.858069124e+00,4.824166708e+00
131867.289009625,4.491452708e-02,-5.008515248e-01,-2.563560593e-01,1.279251875e+00,7.959673057e+00,4.691887066e+00
131867.299015625,-1.493685049e-03,-4.580618956e-01,-1.861173283e-01,1.039083521e+00,8.024915052e+00,4.653579839e+00
131867.309022625,-5.447069154e-02,-4.158698058e-01,-1.107974671e-01,8.714894043e-01,8.087762846e+00,4.642506657e+00
131867.319029625,-9.349849536e-02,-3.813669885e-01,-3.890939415e-02,8.345289162e-01,8.104671895e+00,4.722562775e+00
131867.329035625,-1.163890998e-01,-3.667743892e-01,1.758437312e-02,8.828618622e-01,8.105420083e+00,4.901080436e+00
131867.339042625,-1.196207984e-01,-3.756095295e-01,4.777993841e-02,1.010802013e+00,8.115146527e+00,5.097704247e+00
131867.349049625,-1.103551016e-01,-3.855004459e-01,5.022607608e-02,1.262791738e+00,8.102576968e+00,5.266345827e+00
131867.359055625,-1.007986341e-01,-3.876197879e-01,3.422334468e-02,1.554285790e+00,8.064269742e+00,5.377376929e+00
131867.369062625,-9.815228772e-02,-3.726876052e-01,6.665021488e-03,1.795950520e+00,8.019378461e+00,5.393238515e+00
131867.379069625,-9.289822148e-02,-3.507324397e-01,-3.160303827e-02,1.981052236e+00,7.927800247e+00,5.370643237e+00
131867.389075625,-7.500542636e-02,-3.336159626e-01,-6.745342618e-02,2.023698953e+00,7.885602443e+00,5.485714554e+00
131867.399082625,-5.793508109e-02,-3.315075970e-01,-9.709033733e-02,1.935412767e+00,7.824849576e+00,5.591358702e+00
131867.409089625,-3.646154867e-02,-3.398780247e-01,-1.212064268e-01,1.817947248e+00,7.736713027e+00,5.619939484e+00
131867.419095542,2.634683245e-03,-3.652990941e-01,-1.333742614e-01,1.640776325e+00,7.737012302e+00,5.748029273e+00
131867.429102542,4.788399660e-02,-3.919639843e-01,-1.383367856e-01,1.506401757e+00,7.719504703e+00,5.897068327e+00
131867.439109542,9.357708440e-02,-4.080339138e-01,-1.369513219e-01,1.427692377e+00,7.741052518e+00,5.889586446e+00
131867.449116542,1.223947377e-01,-4.067177927e-01,-1.357773627e-01,1.427093827e+00,7.785644524e+00,5.778106432e+00
131867.459122542,1.272002087e-01,-3.816342986e-01,-1.404458928e-01,1.509244872e+00,7.833229282e+00,5.538536628e+00
131867.469129542,1.028520314e-01,-3.443571643e-01,-1.515602489e-01,1.601720911e+00,7.891438309e+00,5.227589687e+00
131867.479136542,5.812665162e-02,-3.088435303e-01,-1.671882724e-01,1.671003121e+00,7.929296623e+00,4.975899238e+00
131867.489142542,6.408419537e-03,-2.719202306e-01,-1.796145873e-01,1.674744061e+00,7.938574155e+00,4.809651860e+00
131867.499149542,-4.505252101e-02,-2.299444860e-01,-1.840649689e-01,1.604115112e+00,7.963563634e+00,4.763264203e+00
131867.509156542,-7.116490919e-02,-1.954181509e-01,-1.706195081e-01,1.487996332e+00,7.944410021e+00,4.871152915e+00
131867.519162542,-7.505101141e-02,-1.627022477e-01,-1.407727945e-01,1.329081197e+00,7.931840462e+00,5.114762934e+00
131867.529169542,-5.565122461e-02,-1.477972061e-01,-1.032455752e-01,1.179742868e+00,7.915978876e+00,5.332186372e+00
131867.539176542,-2.673151955e-02,-1.457869375e-01,-6.952692705e-02,1.129015720e+00,7.911340111e+00,5.451148267e+00
131867.549182542,-2.450162361e-03,-1.568029134e-01,-5.881486884e-02,1.214309155e+00,7.852083620e+00,5.427954439e+00
131867.559189542,2.393049795e-02,-1.817731271e-01,-5.590244260e-02,1.272967095e+00,7.838316960e+00,5.352387449e+00
131867.569196542,4.229168261e-02,-2.086724165e-01,-6.764791498e-02,1.330427935e+00,7.779210107e+00,5.259462497e+00
131867.579202542,5.591710017e-02,-2.469942433e-01,-7.759702201e-02,1.360804369e+00,7.763198883e+00,5.103839389e+00
131867.589209542,6.721009191e-02,-2.831347583e-01,-7.768489059e-02,1.383250009e+00,7.779958295e+00,4.996549227e+00
131867.599216542,7.070340136e-02,-3.074494138e-01,-7.556059942e-02,1.447145266e+00,7.823652475e+00,4.929212305e+00
131867.609223542,6.353282944e-02,-3.037389535e-01,-7.344033783e-02,1.582118385e+00,7.919869454e+00,4.824765258e+00
131867.619229542,4.168292891e-02,-2.679950631e-01,-7.147603887e-02,1.746420473e+00,8.012644769e+00,4.724059151e+00
131867.629236542,2.239215799e-02,-2.110690078e-01,-6.308664078e-02,1.909974374e+00,8.066065393e+00,4.667795412e+00
131867.639243542,2.520943979e-03,-1.346925206e-01,-6.413506737e-02,2.009782656e+00,8.146869699e+00,4.655824403e+00
131867.649249542,-2.286001516e-02,-7.684709738e-02,-7.308720360e-02,2.049885534e+00,8.199542136e+00,4.606144719e+00
131867.659256542,-4.989108758e-02,-3.247871713e-02,-9.504129887e-02,2.067093858e+00,8.179041784e+00,4.554220470e+00
131867.669263542,-4.997136899e-02,-9.172748939e-03,-1.195730950e-01,2.081010155e+00,8.091803061e+00,4.639364267e+00
131867.679269542,-3.352472741e-02,-3.586149163e-02,-1.393220641e-01,1.958456958e+00,8.182932362e+00,4.893748193e+00
131867.689276542,-2.606409862e-02,-9.406880284e-02,-1.582352086e-01,1.830067894e+00,8.255207324e+00,4.996100314e+00
131867.699283542,-2.097488581e-02,-1.595858075e-01,-1.705723959e-01,1.822137101e+00,8.252663485e+00,4.986822783e+00
131867.709290542,-1.255294059e-02,-1.999720947e-01,-1.727706113e-01,1.892317137e+00,8.338405832e+00,5.038298119e+00
131867.719296542,-1.509521604e-03,-1.873982023e-01,-1.776453601e-01,2.122010859e+00,8.434473174e+00,5.095010770e+00
131867.729303542,-7.374533653e-04,-1.423809892e-01,-1.934858604e-01,2.422034254e+00,8.526500300e+00,5.087828165e+00
131867.739310542,-1.836076826e-02,-8.262190581e-02,-2.220650564e-01,2.708141353e+00,8.522011172e+00,4.973505036e+00
131867.749316542,-5.976274370e-02,-1.683500380e-02,-2.559897042e-01,2.887107927e+00,8.526649937e+00,4.805611645e+00
131867.759323542,-1.115944112e-01,3.996779637e-02,-3.025356954e-01,2.987664397e+00,8.524854286e+00,4.704007712e+00
131867.769330542,-1.485204326e-01,7.568323167e-02,-3.535184468e-01,2.987814034e+00,8.536376382e+00,4.792144260e+00
131867.779336542,-1.570436269e-01,9.471839349e-02,-4.001654036e-01,2.866757213e+00,8.527996676e+00,5.055356805e+00
131867.789343542,-1.356030512e-01,9.033857847e-02,-4.395097502e-01,2.713229031e+00,8.452878599e+00,5.366303746e+00
131867.799350542,-9.461190129e-02,7.454478756e-02,-4.825428718e-01,2.553864983e+00,8.418461950e+00,5.695805750e+00
131867.809356542,-4.543897247e-02,3.016932893e-02,-5.223653167e-01,2.318185757e+00,8.417414487e+00,5.884049855e+00
131867.819363542,-1.427782852e-02,-6.288754243e-02,-5.595233263e-01,1.939602620e+00,8.410231882e+00,5.855469073e+00
131867.829370542,-1.638704835e-02,-1.551091192e-01,-5.889253637e-01,1.562665496e+00,8.436119187e+00,5.682637640e+00
131867.839376542,-2.750866157e-02,-2.320410189e-01,-5.958566641e-01,1.350030461e+00,8.327482287e+00,5.565920309e+00
131867.849383542,-5.699081469e-02,-2.833574773e-01,-5.755619724e-01,1.009904188e+00,8.335861993e+00,5.607519563e+00
131867.859390542,-9.727540226e-02,-3.132297475e-01,-5.145520138e-01,6.844423996e-01,8.267926521e+00,5.638195272e+00
131867.869397542,-1.416423138e-01,-3.158007326e-01,-4.231245350e-01,4.082113831e-01,8.247426169e+00,5.748927099e+00
131867.879403542,-1.821016972e-01,-2.920603257e-01,-3.319854669e-01,3.351882324e-01,8.185775476e+00,5.882254204e+00
131867.889410542,-2.178666108e-01,-2.300168624e-01,-2.555794055e-01,4.896142395e-01,8.069207783e+00,5.926098022e+00
131867.899417542,-2.497425819e-01,-1.478807820e-01,-2.083560835e-01,7.781155396e-01,7.936179953e+00,5.953032790e+00
131867.909423542,-2.701600800e-01,-7.213877422e-02,-1.957979024e-01,1.036689319e+00,7.765144172e+00,6.034585284e+00
131867.919430542,-2.675673328e-01,-1.920334577e-02,-2.024762993e-01,1.115997249e+00,7.634510544e+00,6.203226864e+00
131867.929437542,-2.449751135e-01,2.383609559e-03,-2.214121288e-01,1.064372276e+00,7.485920403e+00,6.422296316e+00
131867.939443542,-2.046138271e-01,-1.487086905e-02,-2.276204403e-01,8.770259956e-01,7.388207048e+00,6.654384239e+00
131867.949450542,-1.532137468e-01,-7.200134608e-02,-2.213577856e-01,6.328174263e-01,7.287201665e+00,6.829460236e+00
131867.959457542,-1.059648309e-01,-1.446059252e-01,-2.126109135e-01,5.699696327e-01,7.202656419e+00,6.916698959e+00
131867.969463542,-8.379869498e-02,-2.057996166e-01,-2.149773213e-01,7.565677246e-01,7.056310843e+00,6.836044290e+00
131867.979470542,-1.034780748e-01,-2.343881672e-01,-2.246870412e-01,1.122880579e+00,6.853402252e+00,6.566098053e+00
131867.989477542,-1.561921256e-01,-2.135330299e-01,-2.550389383e-01,1.527351022e+00,6.690297264e+00,6.301239494e+00
131867.999483542,-2.281965303e-01,-1.409371929e-01,-2.856451426e-01,1.774402705e+00,6.592284634e+00,6.173448981e+00
131868.009490542,-3.006339994e-01,-4.470891634e-02,-2.991662950e-01,1.692401299e+00,6.571933920e+00,6.249614521e+00
131868.019497542,-3.596962422e-01,6.378909195e-02,-2.720746028e-01,1.347486622e+00,6.439654278e+00,6.457610790e+00
131868.029504542,-3.971050773e-01,1.646147833e-01,-2.086686358e-01,8.388684067e-01,6.407182918e+00,6.739827311e+00
131868.039510542,-3.977955916e-01,2.333931742e-01,-1.164541392e-01,3.247136002e-01,6.450278548e+00,7.051821715e+00
131868.049517542,-3.570514137e-01,2.594107752e-01,-1.777118015e-02,-1.140238541e-01,6.542754587e+00,7.387608498e+00
131868.059524542,-3.059489494e-01,2.335212036e-01,7.037592688e-02,-4.068646446e-01,6.619817953e+00,7.554454426e+00
131868.069530542,-2.528477374e-01,1.506234911e-01,1.198504857e-01,-5.059247383e-01,6.748955205e+00,7.504026553e+00
131868.079537542,-2.078059758e-01,3.086672045e-02,1.259086894e-01,-4.182371025e-01,6.820033067e+00,7.464073313e+00
131868.089544542,-1.654863933e-01,-6.965589500e-02,8.344693178e-02,-2.118868469e-01,7.028178973e+00,7.392845814e+00
131868.099550542,-1.229938983e-01,-1.289492466e-01,2.716567674e-02,-0.000000000e+00,7.171980711e+00,7.402123345e+00
131868.109557542,-9.306481524e-02,-1.279686624e-01,-1.741490829e-02,8.649053497e-02,7.231835752e+00,7.351994748e+00
131868.119564542,-8.736419851e-02,-8.136571367e-02,-2.579753205e-02,7.167641220e-02,7.143998479e+00,7.209689387e+00
131868.129570542,-7.812601626e-02,-2.338638796e-02,1.551415139e-02,-1.562216583e-01,7.223007133e+00,7.179462591e+00
131868.139577542,-6.645027874e-02,1.193285943e-02,9.696125540e-02,-4.074631950e-01,7.297526660e+00,7.307851655e+00
131868.149584542,-4.977659511e-02,3.450168583e-02,1.888754860e-01,-3.871124809e-01,7.316380998e+00,7.424868261e+00
131868.159591542,-3.998651132e-02,4.693678836e-02,2.452354976e-01,2.618658066e-02,7.239616908e+00,7.400178056e+00
131868.169597542,-2.961175414e-02,4.465094429e-02,2.497717798e-01,6.587047318e-01,7.148487607e+00,7.319673026e+00
131868.179604542,-1.544555219e-02,2.033993271e-02,1.945295889e-01,1.299752226e+00,7.007828259e+00,7.189488310e+00
131868.189611542,2.999447636e-03,-3.540231754e-02,9.355894416e-02,1.745223373e+00,6.918494610e+00,7.088482928e+00
131868.199617542,3.802597868e-02,-1.244327416e-01,-2.018925270e-02,1.829618981e+00,6.967725381e+00,7.064391273e+00
131868.209624542,5.883285962e-02,-2.225326397e-01,-1.237458354e-01,1.711405274e+00,7.033416290e+00,6.952013433e+00
131868.219631542,7.449634789e-02,-2.994054304e-01,-1.903237698e-01,1.539770943e+00,7.026981873e+00,6.781276927e+00
131868.229637542,9.342546868e-02,-3.521123967e-01,-2.220790511e-01,1.335216338e+00,7.142502103e+00,6.699724433e+00
131868.239644542,1.099906482e-01,-3.828214004e-01,-2.328705956e-01,1.239747547e+00,7.177966215e+00,6.646752721e+00
131868.249651542,1.122070300e-01,-4.014762115e-01,-2.329091311e-01,1.140687453e+00,7.182305705e+00,6.528090102e+00
131868.259658542,1.140671747e-01,-4.026750339e-01,-2.337046501e-01,1.067514665e+00,7.172728899e+00,6.488735412e+00
131868.269664542,1.237036988e-01,-4.138035071e-01,-2.365883011e-01,9.428665413e-01,7.217171267e+00,6.579415800e+00
131868.279671542,1.169541996e-01,-4.401966054e-01,-2.461848433e-01,7.996633545e-01,7.247398063e+00,6.570587181e+00
131868.289678542,7.917850146e-02,-4.859762550e-01,-2.640652260e-01,7.133224571e-01,7.157765138e+00,6.352116280e+00
131868.299684542,4.567771095e-02,-5.398561583e-01,-2.904405769e-01,6.512228516e-01,7.190984686e+00,6.187814191e+00
131868.309691542,3.721221335e-02,-5.762288087e-01,-3.161252261e-01,6.880337021e-01,7.243956398e+00,6.206369254e+00
131868.319698542,4.949609595e-02,-5.946349664e-01,-3.481865950e-01,7.740753242e-01,7.352892574e+00,6.282983707e+00
131868.329704542,7.130709943e-02,-5.966534124e-01,-4.046162329e-01,9.213187263e-01,7.419331670e+00,6.184971076e+00
131868.339711542,7.545209564e-02,-5.902976692e-01,-4.756187248e-01,1.045517937e+00,7.442076585e+00,5.938966856e+00
131868.349718542,6.025740174e-02,-5.679747021e-01,-5.249468257e-01,9.476549446e-01,7.527818932e+00,5.700594153e+00
131868.359724542,2.408929543e-02,-5.285075551e-01,-5.570072803e-01,7.300818687e-01,7.600243533e+00,5.491700058e+00
131868.369731542,-8.861800022e-03,-4.990382521e-01,-5.646078063e-01,4.954501060e-01,7.779210107e+00,5.429600452e+00
131868.379738542,-5.142702106e-02,-5.092321248e-01,-5.454505267e-01,1.740285332e-01,7.967603850e+00,5.480626875e+00
131868.389744542,-1.255756061e-01,-5.641015811e-01,-5.283078200e-01,-1.098340012e-01,8.218396474e+00,5.335628037e+00
131868.399751542,-2.253709529e-01,-6.248892172e-01,-5.203206090e-01,-1.149216797e-01,8.411728258e+00,5.059845934e+00
131868.409758542,-3.278279920e-01,-6.382993764e-01,-5.063075246e-01,6.030395432e-02,8.552986156e+00,4.926818104e+00
131868.419765500,-4.542237706e-01,-5.836831295e-01,-5.018335714e-01,3.564367722e-01,8.714145855e+00,4.808155484e+00
131868.429771500,-6.207812696e-01,-4.791860843e-01,-5.186667884e-01,7.785644524e-01,8.698134631e+00,4.513967955e+00
131868.439778500,-8.011569815e-01,-3.547292774e-01,-5.449312882e-01,9.991302803e-01,8.722974474e+00,4.388122730e+00
131868.449785500,-9.539938320e-01,-2.478898232e-01,-5.935382899e-01,1.070657055e+00,8.677035729e+00,4.592826972e+00
131868.459791500,-1.083429806e+00,-1.995066909e-01,-6.374484440e-01,1.074697270e+00,8.525303199e+00,5.005527483e+00
131868.469798500,-1.178067391e+00,-2.012631422e-01,-6.716566713e-01,8.533832542e-01,8.519766608e+00,5.504868167e+00
131868.479805500,-1.225834352e+00,-2.463128097e-01,-6.811288056e-01,6.766612442e-01,8.260295003e+00,5.948394025e+00
131868.489811500,-1.246219607e+00,-3.087968508e-01,-7.002666984e-01,5.904699844e-01,8.211812419e+00,6.403890891e+00
131868.499818500,-1.209452428e+00,-3.573562583e-01,-7.615356693e-01,9.721955116e-01,7.909394822e+00,6.755389622e+00
131868.509825500,-1.103815754e+00,-4.009564719e-01,-8.164753570e-01,1.271620357e+00,7.555202614e+00,7.458835997e+00
131868.519831500,-9.954208962e-01,-4.177659262e-01,-8.819591760e-01,1.394173554e+00,7.358129890e+00,8.008006003e+00
131868.529838500,-9.048085838e-01,-4.101777725e-01,-9.511604314e-01,1.670404571e+00,6.905027225e+00,7.978677032e+00
131868.539845500,-8.488873663e-01,-4.076168629e-01,-1.017776451e+00,1.862688892e+00,6.742371150e+00,7.810334728e+00
131868.549852500,-8.592634397e-01,-4.363858586e-01,-1.091260942e+00,1.941098996e+00,6.620117228e+00,7.336881350e+00
131868.559858500,-9.028720076e-01,-5.066661188e-01,-1.152489411e+00,1.876754826e+00,6.688202338e+00,6.805518219e+00
131868.569865500,-9.591173066e-01,-5.746730750e-01,-1.184780925e+00,1.710208173e+00,6.867767462e+00,6.703764648e+00
131868.579872500,-1.011744336e+00,-5.741176707e-01,-1.184614486e+00,1.608155328e+00,7.025335859e+00,6.788160257e+00
131868.589878500,-1.031867308e+00,-4.999012548e-01,-1.152703802e+00,1.601720911e+00,7.142951015e+00,7.048828963e+00
131868.599885500,-1.003813887e+00,-4.082578957e-01,-1.085165807e+00,1.524358270e+00,7.265504213e+00,7.538143927e+00
131868.609892500,-9.600002293e-01,-3.342436867e-01,-1.008343299e+00,1.404498549e+00,7.361571555e+00,7.843255001e+00
131868.619898500,-9.225444443e-01,-3.256657761e-01,-9.538552673e-01,1.541566594e+00,7.437737095e+00,7.806593788e+00
131868.629905500,-9.295813064e-01,-3.828822532e-01,-9.826327364e-01,1.938555157e+00,7.539490665e+00,7.413645441e+00
131868.639912500,-9.374023222e-01,-4.530095415e-01,-1.048961686e+00,2.447622285e+00,7.503577641e+00,7.010072823e+00
131868.649919500,-9.216822458e-01,-4.970265360e-01,-1.123852787e+00,2.695721432e+00,7.261613635e+00,7.042693821e+00
131868.659925500,-8.852181888e-01,-5.351312556e-01,-1.207846354e+00,2.785653632e+00,6.977900739e+00,7.246350600e+00
131868.669932500,-7.956514775e-01,-5.986525069e-01,-1.252801054e+00,2.617460965e+00,6.720374422e+00,7.669675381e+00
131868.679939500,-6.900529159e-01,-6.893309090e-01,-1.269480932e+00,2.238728190e+00,6.561608925e+00,8.160935634e+00
131868.689945500,-5.899940177e-01,-7.482834435e-01,-1.264441851e+00,2.055272488e+00,6.478260780e+00,8.223334515e+00
131868.699952500,-5.052201026e-01,-7.415718453e-01,-1.215046134e+00,1.937806969e+00,6.400149950e+00,8.139088544e+00
131868.709959500,-4.640242692e-01,-6.565529863e-01,-1.151618308e+00,1.938704794e+00,6.315006154e+00,7.797765170e+00
131868.719965500,-4.666183133e-01,-5.658309724e-01,-1.082321201e+00,2.030133370e+00,6.090250473e+00,7.243357848e+00
131868.729972500,-4.814779221e-01,-5.356256484e-01,-1.039112553e+00,2.106747823e+00,5.784391211e+00,6.882132672e+00
131868.739979500,-4.904251765e-01,-5.699821903e-01,-1.037727533e+00,2.123357597e+00,5.598840582e+00,6.764517516e+00
131868.749985500,-4.517943930e-01,-6.440189983e-01,-1.051910889e+00,2.029983733e+00,5.341014991e+00,7.086986552e+00
131868.759992500,-3.641965715e-01,-6.926055874e-01,-1.052787575e+00,1.796549071e+00,5.159654215e+00,7.677905449e+00
131868.769999500,-2.369071060e-01,-6.776406999e-01,-1.032276916e+00,1.553238327e+00,5.103689751e+00,8.210316043e+00
131868.780005500,-8.550324053e-02,-6.273020244e-01,-9.811524664e-01,1.250970367e+00,5.165490082e+00,8.646958571e+00
131868.790012500,6.268780678e-02,-6.053513798e-01,-9.128027697e-01,8.499415894e-01,5.254374818e+00,8.774000896e+00
131868.800019500,1.640821958e-01,-6.342229483e-01,-8.749721371e-01,6.094739601e-01,5.388749387e+00,8.481459381e+00
131868.810026500,2.146697809e-01,-7.045362540e-01,-8.761107101e-01,5.975029518e-01,5.541828655e+00,7.871237233e+00
131868.820032500,2.368442988e-01,-8.029337756e-01,-9.034956618e-01,5.455787033e-01,5.740547393e+00,7.390750887e+00
131868.830039500,2.191286102e-01,-8.644428509e-01,-9.527879077e-01,5.894225212e-01,5.962310322e+00,6.968174294e+00
131868.840046500,1.633342604e-01,-8.846049400e-01,-1.003072822e+00,6.633434975e-01,6.099079092e+00,6.554725595e+00
131868.850052500,1.177989483e-01,-8.898568473e-01,-1.019551296e+00,5.689221695e-01,6.105363871e+00,6.486341210e+00
131868.860059500,8.748572975e-02,-8.877262041e-01,-1.003267597e+00,1.940799721e-01,6.254103649e+00,6.750301943e+00
131868.870066500,4.867922641e-02,-8.611115753e-01,-9.681624191e-01,-2.873041992e-02,6.367828228e+00,6.878541370e+00
131868.880072500,2.044475145e-02,-8.109005226e-01,-8.946367396e-01,-2.069488060e-01,6.559065086e+00,6.977451826e+00
131868.890079500,-1.482006861e-02,-7.123322891e-01,-7.965426886e-01,-3.930979851e-01,6.820481979e+00,7.121702476e+00
131868.900086500,-8.439278262e-02,-5.603515820e-01,-7.061719622e-01,-2.723404388e-01,7.097161909e+00,6.902932299e+00
131868.910092500,-1.737109189e-01,-3.962642801e-01,-6.369273610e-01,8.828618622e-03,7.091625317e+00,6.597671587e+00
131868.920099500,-2.371961295e-01,-2.509656643e-01,-5.741382949e-01,9.920973129e-02,6.996605439e+00,6.694337479e+00
131868.930106500,-2.378822003e-01,-1.580261605e-01,-5.284637133e-01,4.578910675e-02,6.800879453e+00,7.140706451e+00
131868.940113500,-1.829569750e-01,-1.626724565e-01,-5.118017062e-01,-2.109890213e-02,6.613832449e+00,7.721300354e+00
131868.950119500,-1.141483507e-01,-2.618686436e-01,-5.452188161e-01,2.184709015e-02,6.574178484e+00,8.073098360e+00
131868.960126500,-7.588676411e-02,-3.989804514e-01,-6.429806047e-01,3.306991043e-01,6.556521246e+00,7.904456781e+00
131868.970133500,-4.627242032e-02,-5.153350417e-01,-7.659226647e-01,7.127239067e-01,6.616974838e+00,7.548768197e+00
131868.980139500,-2.414957356e-02,-5.855617411e-01,-8.765581522e-01,8.572738319e-01,6.844423996e+00,7.428908476e+00
131868.990146500,-4.857580498e-02,-5.988417231e-01,-9.292991834e-01,7.978677032e-01,6.938994962e+00,7.205948447e+00
131869.000153500,-1.301108220e-01,-5.237531899e-01,-9.221619869e-01,6.557119797e-01,6.861333045e+00,6.766612442e+00
131869.010159500,-2.173252869e-01,-3.933171213e-01,-8.751556724e-01,5.867290443e-01,6.793098298e+00,6.545747339e+00
131869.020166500,-2.976203102e-01,-2.630874098e-01,-8.048074279e-01,4.450222336e-01,6.720075147e+00,6.648249097e+00
131869.030173500,-3.653062470e-01,-1.772266091e-01,-7.315708339e-01,2.494458855e-01,6.546645164e+00,6.791901197e+00
131869.040180500,-3.900594381e-01,-1.463664752e-01,-6.664775039e-01,4.713584518e-02,6.384288364e+00,7.054664829e+00
131869.050186500,-3.829406624e-01,-1.507660378e-01,-6.416532187e-01,9.726444244e-03,6.296301453e+00,7.351695473e+00
131869.060193500,-3.388559340e-01,-1.712350554e-01,-6.503814297e-01,1.221042847e-01,6.067355920e+00,7.560888843e+00
131869.070200500,-2.612859009e-01,-2.092741193e-01,-6.845236719e-01,1.527799934e-01,5.856815811e+00,7.807491614e+00
131869.080206500,-1.751655775e-01,-2.553474607e-01,-7.534396791e-01,2.440589317e-01,5.532551124e+00,7.891737585e+00
131869.090213500,-9.097762573e-02,-3.164834826e-01,-8.240143213e-01,2.506429863e-01,5.217414330e+00,7.858518037e+00
131869.100220500,-3.453719587e-02,-4.026922774e-01,-8.819060410e-01,5.252279892e-02,4.968417358e+00,7.682693852e+00
131869.110226500,-1.727970725e-02,-4.802661661e-01,-9.306011670e-01,-2.310404602e-01,4.840028294e+00,7.282113987e+00
131869.120233500,-2.675768760e-02,-4.993799511e-01,-9.393003727e-01,-4.390367294e-01,4.711639230e+00,6.900687735e+00
131869.130240500,-6.013761818e-02,-4.392958573e-01,-8.830295258e-01,-7.764695259e-01,4.728249004e+00,6.685658498e+00
131869.140246500,-9.964739885e-02,-3.110791349e-01,-7.728164116e-01,-1.158344691e+00,4.826710547e+00,6.592733546e+00
131869.150253500,-1.258335596e-01,-1.486817313e-01,-6.273030723e-01,-1.441309399e+00,4.876090956e+00,6.700921534e+00
131869.160260500,-1.200781641e-01,-4.904302918e-03,-4.673099895e-01,-1.723825195e+00,5.051615865e+00,6.993762325e+00
131869.170267500,-9.082767377e-02,6.187790249e-02,-3.353361686e-01,-1.838148325e+00,5.171774861e+00,7.200561493e+00
131869.180273500,-6.114371575e-02,4.292263807e-02,-2.697719358e-01,-1.706018320e+00,5.308094718e+00,7.144597029e+00
131869.190280500,-3.000979008e-02,-7.802823551e-03,-2.577916000e-01,-1.418414846e+00,5.449202979e+00,7.015010864e+00
131869.200287500,3.019022273e-03,-5.018829528e-02,-2.615973068e-01,-1.209670389e+00,5.741744494e+00,6.970568496e+00
131869.210293500,1.461655354e-02,-6.566684619e-02,-2.743305866e-01,-1.035043305e+00,6.060322952e+00,6.849212399e+00
131869.220300500,-1.418879609e-02,-6.100202293e-02,-2.994129425e-01,-7.613561279e-01,6.371269893e+00,6.485443385e+00
131869.230307500,-8.250781086e-02,-5.819129583e-02,-3.251255770e-01,-4.941033676e-01,6.619518678e+00,6.083516781e+00
131869.240313500,-1.955517207e-01,-4.887778616e-02,-3.451048179e-01,-3.254617882e-01,6.788459532e+00,5.762244846e+00
131869.250320500,-3.110524826e-01,5.134620839e-03,-3.533086159e-01,-1.206079086e-01,6.833650089e+00,5.658695624e+00
131869.260327500,-3.828247923e-01,1.059022324e-01,-3.237670193e-01,-1.134253036e-01,6.838438492e+00,6.184522163e+00
131869.270333500,-4.077588131e-01,2.406273856e-01,-2.509476636e-01,-3.477577911e-01,6.712443629e+00,7.001543480e+00
131869.280340500,-3.848522723e-01,3.581885760e-01,-1.567270372e-01,-6.061819328e-01,6.459855354e+00,7.741202155e+00
131869.290347500,-3.285972462e-01,4.246750120e-01,-7.307077216e-02,-7.842506813e-01,6.175394270e+00,8.374917407e+00
131869.300354500,-2.530572281e-01,4.179907438e-01,-2.639592855e-02,-7.416039642e-01,5.994482407e+00,8.659677767e+00
131869.310360500,-1.949020388e-01,3.065801391e-01,-3.746794747e-02,-4.399345551e-01,5.824643726e+00,8.597129249e+00
131869.320367500,-1.993406745e-01,1.170328001e-01,-1.163870356e-01,4.474164352e-02,5.629366653e+00,8.146420786e+00
131869.330374500,-2.754778069e-01,-9.223593857e-02,-2.495923091e-01,5.750573112e-01,5.474491734e+00,7.541136679e+00
131869.340380500,-3.767693544e-01,-2.671376703e-01,-3.848016272e-01,9.542389992e-01,5.270086767e+00,7.329549107e+00
131869.350387500,-4.576712196e-01,-3.872595617e-01,-4.944423948e-01,9.567828384e-01,5.095758958e+00,7.815572044e+00
131869.360394500,-4.442607404e-01,-4.173419824e-01,-5.365831712e-01,5.493196434e-01,4.902427174e+00,8.849867162e+00
131869.370400500,-3.408865780e-01,-4.135016738e-01,-5.146653794e-01,-1.683423042e-01,4.893748193e+00,1.016982046e+01
131869.380407500,-2.060400750e-01,-3.908968979e-01,-4.439094640e-01,-8.096890739e-01,4.909011229e+00,1.104505081e+01
131869.390414500,-5.878284846e-02,-3.677074658e-01,-3.392829866e-01,-1.348085172e+00,5.000739080e+00,1.141734917e+01
131869.400420500,7.693983950e-02,-3.496494165e-01,-2.296873697e-01,-1.659780301e+00,5.223399834e+00,1.148004732e+01
131869.410427500,1.792022895e-01,-3.327884201e-01,-1.414026013e-01,-1.638382124e+00,5.367500847e+00,1.117239241e+01
131869.420433875,2.387067200e-01,-3.128461417e-01,-8.978945975e-02,-1.387140587e+00,5.430199003e+00,1.058686047e+01
131869.430440875,2.518515303e-01,-2.969004013e-01,-7.373839517e-02,-1.006312885e+00,5.439027621e+00,9.945663334e+00
131869.440446875,2.254604452e-01,-2.669725121e-01,-8.734857247e-02,-6.048351944e-01,5.344307018e+00,9.301772725e+00
131869.450453875,1.846717399e-01,-2.142707803e-01,-1.140051489e-01,-2.539350136e-01,5.020640881e+00,8.871863889e+00
131869.460460875,1.618852047e-01,-1.469404011e-01,-1.308802000e-01,-5.850830307e-02,4.674229829e+00,8.775197997e+00
131869.470466875,1.950015061e-01,-9.805570278e-02,-1.292873663e-01,-5.521627579e-02,4.408922357e+00,9.016413815e+00
131869.480473875,2.875862598e-01,-1.271716694e-01,-1.202632501e-01,-2.017114899e-01,4.294748866e+00,9.455899457e+00
131869.490480875,3.753156553e-01,-2.326452610e-01,-1.279149960e-01,-2.566284904e-01,4.209006519e+00,9.494206683e+00
131869.500486875,4.141928181e-01,-3.661732241e-01,-1.556635395e-01,-9.906009369e-02,4.137479744e+00,8.959850800e+00
131869.510493875,3.931060049e-01,-4.661039058e-01,-1.898150416e-01,1.631049881e-01,4.187458704e+00,8.230966032e+00
131869.520500875,3.166461001e-01,-5.083291078e-01,-2.126213247e-01,3.941454483e-01,4.263175331e+00,7.595455129e+00
131869.530506875,2.042505230e-01,-4.930673585e-01,-2.068872093e-01,4.707599014e-01,4.363582163e+00,7.171980711e+00
131869.540513875,8.543719368e-02,-4.356084470e-01,-1.928291253e-01,5.674257935e-01,4.450820886e+00,7.013963401e+00
131869.550520875,1.559500041e-03,-3.649992747e-01,-1.529849659e-01,5.201403107e-01,4.546588953e+00,7.282263625e+00
131869.560527875,-2.897057191e-02,-2.991767446e-01,-9.460549404e-02,2.932897034e-01,4.667645774e+00,7.915081051e+00
131869.570533875,-1.813772198e-02,-2.613417817e-01,-5.079342444e-02,1.461959389e-01,4.796783026e+00,8.480711193e+00
131869.580540875,1.529728070e-02,-2.547869181e-01,-4.191248261e-02,1.449988380e-01,4.908562316e+00,8.777143286e+00
131869.590547875,5.873356094e-02,-2.749336884e-01,-6.651842945e-02,2.283469833e-01,4.986373870e+00,8.894459167e+00
131869.600553875,1.029813237e-01,-2.937136850e-01,-1.204739309e-01,3.250128754e-01,5.079747735e+00,8.822633118e+00
131869.610560875,1.303799987e-01,-3.092829606e-01,-1.948464923e-01,4.650736725e-01,5.100996275e+00,8.680776669e+00
131869.620567875,1.478690514e-01,-3.084116707e-01,-2.586260903e-01,4.604349068e-01,5.119102425e+00,8.606855693e+00
131869.630573875,1.549985935e-01,-2.920115765e-01,-3.028693495e-01,3.061585373e-01,5.020940157e+00,8.567052090e+00
131869.640580875,1.777888240e-01,-2.847609007e-01,-3.193310635e-01,7.197568741e-02,4.880280809e+00,8.676287541e+00
131869.650587875,2.293418539e-01,-2.975915137e-01,-3.068948950e-01,-2.449567574e-01,4.819527942e+00,8.986785569e+00
131869.660593875,2.959655737e-01,-3.213909543e-01,-2.777382167e-01,-4.997895966e-01,4.850802201e+00,9.221417332e+00
131869.670600875,3.475122473e-01,-3.418395816e-01,-2.439187191e-01,-5.330091446e-01,4.840327569e+00,9.221118056e+00
131869.680607875,3.796889684e-01,-3.362715069e-01,-2.107543591e-01,-4.647743973e-01,4.917690210e+00,9.061903646e+00
131869.690614875,3.875989878e-01,-2.856754516e-01,-1.826059383e-01,-3.239654121e-01,4.948515556e+00,8.799738564e+00
131869.700620875,3.751843228e-01,-1.829359320e-01,-1.507163823e-01,-1.140238541e-01,4.954650698e+00,8.533383630e+00
131869.710627875,3.531611479e-01,-9.261901264e-02,-1.162189535e-01,-7.317278824e-02,5.016002116e+00,8.389132980e+00
131869.720634875,3.306064615e-01,-5.436706056e-02,-9.799112170e-02,-9.516951599e-02,4.989665897e+00,8.282591006e+00
131869.730640875,3.273975120e-01,-1.007636769e-01,-1.097554300e-01,-6.808510971e-02,5.040542683e+00,8.280196804e+00
131869.740647875,3.459171628e-01,-2.140574480e-01,-1.560033164e-01,-5.282207413e-02,5.182997681e+00,8.366986614e+00
131869.750654875,3.781536053e-01,-3.419331613e-01,-2.308652606e-01,4.698620758e-02,5.272331331e+00,8.400056525e+00
131869.760660875,4.022173520e-01,-4.339346323e-01,-3.131097418e-01,1.161187805e-01,5.426607700e+00,8.382997838e+00
131869.770667875,4.198649443e-01,-4.856532731e-01,-3.904913962e-01,9.756371765e-02,5.610512315e+00,8.328230475e+00
131869.780674875,4.264290520e-01,-5.030081149e-01,-4.429641369e-01,-5.611410141e-02,5.769726726e+00,8.241590302e+00
131869.790680875,4.221995221e-01,-4.828978731e-01,-4.445333482e-01,-3.233668617e-01,5.853224509e+00,8.154950130e+00
131869.800687875,4.017178928e-01,-4.315534263e-01,-4.105026569e-01,-5.725134720e-01,5.971138940e+00,8.075791837e+00
131869.810694875,3.546703384e-01,-3.473616984e-01,-3.734217187e-01,-5.882254204e-01,5.998073709e+00,7.900715841e+00
131869.820701875,2.985545351e-01,-2.524068212e-01,-3.281157376e-01,-4.969464821e-01,5.997774434e+00,7.803301761e+00
131869.830707875,2.435668387e-01,-1.593268338e-01,-2.778733643e-01,-4.520552010e-01,5.918915417e+00,7.852532533e+00
131869.840714875,2.031394500e-01,-1.015381370e-01,-2.306557338e-01,-4.516062881e-01,5.884199493e+00,7.997531371e+00
131869.850721875,1.819487577e-01,-1.045295948e-01,-2.051449094e-01,-3.947439987e-01,5.828534304e+00,8.134300140e+00
131869.860727875,1.606820280e-01,-1.526185370e-01,-2.123530985e-01,-2.790741310e-01,5.825691190e+00,8.177844683e+00
131869.870734875,1.342638379e-01,-2.157231323e-01,-2.610972357e-01,-7.107786179e-02,5.891531735e+00,8.053495834e+00
131869.880741875,1.254432540e-01,-2.648445924e-01,-3.199309569e-01,1.692401299e-01,5.912331362e+00,7.999327022e+00
131869.890747875,1.330117751e-01,-3.011549128e-01,-3.757736104e-01,2.430114685e-01,6.000168636e+00,8.241889577e+00
131869.900754875,1.645640468e-01,-3.186021299e-01,-4.283969051e-01,2.413654549e-01,6.082319680e+00,8.544307175e+00
131869.910761875,2.177591937e-01,-3.247481658e-01,-4.676201608e-01,2.017114899e-01,6.120926182e+00,8.827122246e+00
131869.920767875,2.967602754e-01,-3.216830334e-01,-4.882334053e-01,9.292495193e-02,6.064812080e+00,9.093327543e+00
131869.930774875,3.959310238e-01,-3.238291651e-01,-4.905589326e-01,-1.355716690e-01,6.108057348e+00,9.398737892e+00
131869.940781875,4.828269839e-01,-3.346307028e-01,-4.868280311e-01,-3.152864311e-01,6.162824711e+00,9.503484215e+00
131869.950788875,5.399145525e-01,-3.487717560e-01,-4.797237324e-01,-3.402759109e-01,6.168510940e+00,9.248202463e+00
131869.960794875,5.636278404e-01,-3.844817138e-01,-4.795559058e-01,-3.094505646e-01,6.170605866e+00,8.873509903e+00
131869.970801875,5.635719937e-01,-4.206980442e-01,-4.944419441e-01,-1.964741737e-01,6.273706175e+00,8.440907590e+00
131869.980808875,5.440373270e-01,-4.615565630e-01,-5.224992816e-01,-7.811082916e-02,6.474669477e+00,8.057236774e+00
131869.990814875,4.978464618e-01,-4.882832876e-01,-5.559420097e-01,-2.214636536e-02,6.712293992e+00,7.688529719e+00
131870.000821875,4.452637526e-01,-4.996506139e-01,-5.871947768e-01,-3.606266251e-02,6.851606601e+00,7.468412804e+00
131870.010828875,4.126245253e-01,-4.945423465e-01,-5.938687708e-01,-2.352303131e-01,6.925377940e+00,7.463774038e+00
131870.020834875,4.108144482e-01,-4.840346961e-01,-5.709786411e-01,-5.749076736e-01,6.946776117e+00,7.692420296e+00
131870.030841875,4.205247859e-01,-4.652383458e-01,-5.145231815e-01,-9.952397026e-01,7.034314115e+00,7.908945909e+00
131870.040848875,4.268130728e-01,-4.376624208e-01,-4.239619825e-01,-1.318756202e+00,7.111976031e+00,7.869890495e+00
131870.050854875,4.020544285e-01,-4.131131763e-01,-3.178909473e-01,-1.436670634e+00,7.120056462e+00,7.629273228e+00
131870.060861875,3.218003359e-01,-3.861358971e-01,-2.382031281e-01,-1.175553015e+00,7.156568037e+00,7.071723516e+00
131870.070868875,2.240766167e-01,-3.798554954e-01,-1.950810916e-01,-6.899789909e-01,7.136666236e+00,6.477662229e+00
131870.080875875,1.436022678e-01,-4.087060209e-01,-1.835366624e-01,-2.225111168e-01,7.118260811e+00,6.266972483e+00
131870.090881875,9.085718436e-02,-4.627964976e-01,-2.028297546e-01,2.662052971e-01,6.980594215e+00,6.237643513e+00
131870.100888875,7.582208744e-02,-5.166077442e-01,-2.344222814e-01,7.380126617e-01,6.881234846e+00,6.382791988e+00
131870.110895875,1.064733513e-01,-5.693913863e-01,-2.551152427e-01,9.798270294e-01,6.971915234e+00,6.665158147e+00
131870.120901875,1.323676233e-01,-5.985921036e-01,-2.881955363e-01,1.232564942e+00,6.879888108e+00,6.694038204e+00
131870.130908875,1.682493604e-01,-5.873823890e-01,-3.328321105e-01,1.573888316e+00,6.785017867e+00,6.479906793e+00
131870.140915875,2.213295008e-01,-5.516906118e-01,-3.705375299e-01,1.744175909e+00,6.686406686e+00,6.439803915e+00
131870.150921875,2.692330973e-01,-5.114385293e-01,-4.033268851e-01,1.778742196e+00,6.618471214e+00,6.318298181e+00
131870.160928875,3.013495517e-01,-4.691549732e-01,-4.225104904e-01,1.818246523e+00,6.426935081e+00,6.035932023e+00
131870.170935875,3.278935608e-01,-4.408422386e-01,-4.322798386e-01,1.762880610e+00,6.375010833e+00,5.810428154e+00
131870.180941875,3.338140838e-01,-4.375927195e-01,-4.483078221e-01,1.689707822e+00,6.348076064e+00,5.547514884e+00
131870.190948875,3.325377304e-01,-4.575534938e-01,-4.578084382e-01,1.546205360e+00,6.312911227e+00,5.327846882e+00
131870.200955875,3.343348121e-01,-4.755453130e-01,-4.597176182e-01,1.309628308e+00,6.354660119e+00,5.338471152e+00
131870.210962875,3.534513590e-01,-4.982865263e-01,-4.522758108e-01,1.026513962e+00,6.506991199e+00,5.436034869e+00
131870.220968875,3.685695662e-01,-5.313786039e-01,-4.482472712e-01,7.100304298e-01,6.667402711e+00,5.541230105e+00
131870.230975875,3.848219104e-01,-5.723794068e-01,-4.299048631e-01,3.945943611e-01,6.873453691e+00,5.592705441e+00
131870.240982875,3.977767316e-01,-6.181150348e-01,-4.009947686e-01,4.743512039e-02,7.177068389e+00,5.650166280e+00
131870.250988875,4.100856084e-01,-6.444128189e-01,-3.551155557e-01,-1.355716690e-01,7.391050163e+00,5.667823518e+00
131870.260995875,4.015986769e-01,-6.340040375e-01,-3.062075788e-01,-1.780687485e-01,7.625083375e+00,5.582380446e+00
131870.271002875,3.713036243e-01,-5.924617631e-01,-2.573122058e-01,-7.003039856e-02,7.762301057e+00,5.418676907e+00
131870.281008875,3.317149372e-01,-5.310890756e-01,-1.982424968e-01,3.905541458e-02,7.818864072e+00,5.311087470e+00
131870.291015875,2.771865404e-01,-4.628910476e-01,-1.451987885e-01,1.216553719e-01,7.869441582e+00,5.214271941e+00
131870.301022875,2.112812937e-01,-3.904223249e-01,-1.035086191e-01,2.470516838e-01,7.793276041e+00,5.069572378e+00
131870.311028875,1.627832712e-01,-3.351964918e-01,-6.134178309e-02,3.356371452e-01,7.748235123e+00,5.111021994e+00
131870.321035875,1.059982687e-01,-3.016580396e-01,-3.186167203e-02,3.443161263e-01,7.766341273e+00,5.210830276e+00
131870.331042875,2.621013537e-02,-2.683572765e-01,-2.010648541e-02,4.893149643e-01,7.711274635e+00,4.992509012e+00
131870.341049875,-6.295895197e-02,-2.509088543e-01,-1.519914054e-02,6.247369957e-01,7.636904745e+00,4.792742811e+00
131870.351055875,-1.421719844e-01,-2.310303802e-01,-3.805783594e-02,7.808090164e-01,7.572859851e+00,4.732139581e+00
131870.361062875,-1.887473875e-01,-2.045770854e-01,-1.040591291e-01,1.114949786e+00,7.353940037e+00,4.915296008e+00
131870.371069875,-1.815863413e-01,-1.870095545e-01,-1.597855827e-01,1.203535247e+00,7.304409990e+00,5.390245763e+00
131870.381075875,-1.364555669e-01,-1.978961539e-01,-2.065775042e-01,9.644143562e-01,7.182754618e+00,5.922207444e+00
131870.391082875,-8.474556492e-02,-2.343940999e-01,-2.476435163e-01,7.146691956e-01,7.080701772e+00,6.173897894e+00
131870.401089875,-2.044677836e-02,-2.899236109e-01,-2.814164548e-01,5.470750793e-01,7.009923186e+00,6.274604001e+00
131870.411095875,4.014046593e-02,-3.496525768e-01,-3.058271857e-01,3.553893089e-01,7.022642382e+00,6.336404331e+00
131870.421103750,6.919584411e-02,-3.910802520e-01,-3.263097067e-01,2.955342674e-01,7.086537639e+00,6.134393566e+00
131870.431110750,5.843687615e-02,-4.104022384e-01,-3.474118951e-01,3.673603172e-01,7.092223868e+00,5.739948843e+00
131870.441116750,3.038668020e-02,-4.014403907e-01,-3.529082780e-01,3.721487206e-01,7.179312953e+00,5.479280137e+00
131870.451123750,-5.559457766e-04,-3.612894117e-01,-3.394886214e-01,2.904465889e-01,7.272686818e+00,5.445013126e+00
131870.461130750,-2.284942642e-02,-2.763010682e-01,-3.145679886e-01,2.454056702e-01,7.372495100e+00,5.533897862e+00
131870.471137750,-2.992808660e-02,-1.823726234e-01,-2.734261690e-01,1.864484543e-01,7.536647551e+00,5.705232919e+00
131870.481143750,-3.467912562e-02,-1.145487179e-01,-2.300240241e-01,2.094926453e-02,7.749581861e+00,5.877016888e+00
131870.491150750,-5.011239047e-02,-8.669935936e-02,-1.966751446e-01,-3.965396500e-02,7.718307602e+00,5.825840827e+00
131870.501157750,-6.585401648e-02,-9.246975147e-02,-1.720875774e-01,-7.841010437e-02,7.724143468e+00,5.791124903e+00
131870.511163750,-6.192630235e-02,-1.163455614e-01,-1.643650777e-01,-8.304887009e-02,7.765742722e+00,5.953780978e+00
131870.521170750,-4.406217672e-02,-1.516077443e-01,-1.681967012e-01,2.498947983e-02,7.749132948e+00,6.159532684e+00
131870.531177750,-7.994690584e-03,-1.803894701e-01,-1.668722373e-01,6.793547211e-02,7.773823153e+00,6.309170287e+00
131870.541183750,4.431477585e-02,-2.031104572e-01,-1.581203383e-01,6.928221054e-02,7.813177843e+00,6.491728164e+00
131870.551190750,8.538405038e-02,-2.044488997e-01,-1.494709545e-01,1.824082390e-01,7.894431062e+00,6.493972728e+00
131870.561197750,1.039285016e-01,-1.832100041e-01,-1.447913597e-01,4.710591766e-01,7.882609691e+00,6.243030466e+00
131870.571203750,8.756169771e-02,-1.274123273e-01,-1.538724799e-01,8.001122673e-01,7.964910373e+00,5.884498768e+00
131870.581210750,4.522680144e-02,-6.073386674e-02,-1.695287081e-01,1.086668279e+00,8.004713976e+00,5.509357295e+00
131870.591217750,-9.471931202e-03,4.789812643e-03,-1.961086073e-01,1.263240651e+00,8.002918324e+00,5.227440050e+00
131870.601224750,-6.422042688e-02,3.970106885e-02,-2.268015547e-01,1.283890640e+00,8.020276286e+00,5.151723422e+00
131870.611230750,-1.202399223e-01,3.325151043e-02,-2.679457313e-01,1.236305882e+00,8.008305278e+00,5.174169063e+00
131870.621237750,-1.707326065e-01,2.604422124e-03,-3.169750010e-01,1.184381634e+00,7.941716544e+00,5.185242245e+00
131870.631244750,-2.064217443e-01,-3.623587562e-02,-3.622411210e-01,1.071854156e+00,7.893533236e+00,5.331587822e+00
131870.641250750,-2.096111988e-01,-6.212452488e-02,-3.901142654e-01,8.849567886e-01,7.886649906e+00,5.700444515e+00
131870.651257750,-1.861742345e-01,-8.191480029e-02,-4.006998776e-01,6.274304726e-01,7.933636114e+00,6.149058051e+00
131870.661264750,-1.400909398e-01,-9.893848940e-02,-4.017108866e-01,3.898059578e-01,7.949647337e+00,6.589441519e+00
131870.671270750,-8.648048878e-02,-1.212467222e-01,-3.950963151e-01,1.617582497e-01,7.970446964e+00,6.930914531e+00
131870.681277750,-5.250730547e-02,-1.484056368e-01,-3.884427993e-01,2.050035172e-02,8.021323750e+00,7.001693118e+00
131870.691284750,-6.494717527e-02,-1.757475517e-01,-3.828235497e-01,-8.230068207e-03,8.055141848e+00,6.770054107e+00
131870.701290750,-1.114879819e-01,-1.967765084e-01,-3.829493256e-01,1.765723724e-02,8.104073344e+00,6.485144109e+00
131870.711297750,-1.889425073e-01,-2.153993350e-01,-3.932042052e-01,9.906009369e-02,8.151209190e+00,6.255450388e+00
131870.721304750,-2.841685268e-01,-2.320988774e-01,-4.075920927e-01,2.174234383e-01,8.157045056e+00,6.145317111e+00
131870.731311750,-3.591822587e-01,-2.482763329e-01,-4.223981661e-01,2.368763268e-01,8.060079889e+00,6.308122824e+00
131870.741317750,-3.951922467e-01,-2.469375321e-01,-4.447891874e-01,1.426046364e-01,7.989301302e+00,6.811354086e+00
131870.751324750,-3.806971758e-01,-2.377245362e-01,-4.533843528e-01,-1.032499466e-02,7.840262249e+00,7.443722599e+00
131870.761331750,-3.253193502e-01,-2.205274802e-01,-4.281643322e-01,-3.303998291e-01,7.713668836e+00,8.075492562e+00
131870.771337750,-2.638690674e-01,-2.183717508e-01,-3.927375177e-01,-6.820481979e-01,7.617002944e+00,8.451082948e+00
131870.781344750,-2.206091490e-01,-2.262920472e-01,-3.499066911e-01,-8.704419411e-01,7.436988907e+00,8.461108667e+00
131870.791351750,-1.808561641e-01,-2.353092446e-01,-3.005313983e-01,-9.952397026e-01,7.298574123e+00,8.312967439e+00
131870.801357750,-1.477532807e-01,-2.367950912e-01,-2.438544836e-01,-9.760860893e-01,7.213280689e+00,8.178143958e+00
131870.811364750,-1.175252736e-01,-2.382424097e-01,-2.002467646e-01,-7.420528770e-01,7.051672077e+00,7.997381733e+00
131870.821371750,-8.122944128e-02,-2.360195903e-01,-1.698690909e-01,-3.863642929e-01,6.818237415e+00,7.855974197e+00
131870.831377750,-4.880571678e-02,-2.229007561e-01,-1.439475903e-01,-4.534019394e-02,6.653336776e+00,7.740154692e+00
131870.841384750,-3.397300258e-02,-1.933927287e-01,-1.269020874e-01,2.867056488e-01,6.430376746e+00,7.501632352e+00
131870.851391750,-3.005653640e-02,-1.447784301e-01,-1.055463773e-01,6.147112762e-01,6.108356623e+00,7.203703883e+00
131870.861398750,-4.496884784e-02,-7.964911738e-02,-6.384994748e-02,8.207622566e-01,5.850082119e+00,7.015010864e+00
131870.871404750,-1.048089467e-01,-2.059967512e-02,-1.182729573e-02,9.750386261e-01,5.640290199e+00,6.686257049e+00
131870.881411750,-1.943182864e-01,3.858841067e-03,4.613473829e-02,1.124975505e+00,5.407454087e+00,6.288370660e+00
131870.891418750,-2.685120527e-01,-1.894344226e-03,8.717161154e-02,1.252915656e+00,5.353434912e+00,6.212504395e+00
131870.901424750,-3.084658497e-01,-2.801320240e-02,1.098749468e-01,1.424549988e+00,5.377077654e+00,6.439055727e+00
131870.911431750,-3.087594657e-01,-6.467902184e-02,1.154008529e-01,1.562366221e+00,5.444863488e+00,6.771400845e+00
131870.921438750,-2.763957285e-01,-1.022401830e-01,1.019667770e-01,1.656338636e+00,5.545868871e+00,7.102548862e+00
131870.931444750,-2.234962563e-01,-1.481904208e-01,6.281730824e-02,1.708262885e+00,5.732018050e+00,7.319673026e+00
131870.941451750,-1.506635873e-01,-2.008670256e-01,8.213825963e-03,1.635090096e+00,5.949291850e+00,7.530662047e+00
131870.951458750,-6.776671429e-02,-2.703766659e-01,-5.457955875e-02,1.440860487e+00,6.208464180e+00,7.713519199e+00
131870.961464750,2.849017893e-02,-3.542813094e-01,-1.051684124e-01,1.157147590e+00,6.440701741e+00,7.863904990e+00
131870.971471750,1.210095650e-01,-4.361309943e-01,-1.398925471e-01,8.457517365e-01,6.724414638e+00,7.949048787e+00
131870.981478750,1.949571805e-01,-4.929593066e-01,-1.587252891e-01,6.610989334e-01,7.000047104e+00,7.873182522e+00
131870.991485750,2.346488320e-01,-5.172455829e-01,-1.607615801e-01,6.486790123e-01,7.170484335e+00,7.593509840e+00
131871.001491750,2.333231201e-01,-5.094307396e-01,-1.654698543e-01,7.869441582e-01,7.249492989e+00,7.147739419e+00
131871.011498750,1.958959280e-01,-4.695849903e-01,-1.709859583e-01,9.959878906e-01,7.248295889e+00,6.706158850e+00
131871.021505750,1.352225817e-01,-4.032428495e-01,-1.812927850e-01,1.121982753e+00,7.209689387e+00,6.395062272e+00
131871.031511750,6.806984486e-02,-3.280799580e-01,-1.960409559e-01,1.215655893e+00,7.061248884e+00,6.233304022e+00
131871.041518750,5.951332987e-03,-2.539285724e-01,-2.103881837e-01,1.183932721e+00,6.901286285e+00,6.271162336e+00
131871.051525750,-4.302420909e-02,-2.045156992e-01,-2.235493411e-01,1.022174471e+00,6.707355951e+00,6.392518433e+00
131871.061531750,-7.774057791e-02,-1.944438399e-01,-2.345157681e-01,7.818564796e-01,6.492476352e+00,6.520608221e+00
131871.071538750,-7.686066475e-02,-2.221819317e-01,-2.338395873e-01,4.423287567e-01,6.374113007e+00,6.795791775e+00
131871.081545750,-4.227257328e-02,-2.655679648e-01,-2.249684252e-01,8.768763580e-02,6.338199982e+00,7.173925999e+00
131871.091551750,7.646013080e-03,-3.150927479e-01,-2.095399175e-01,-1.288379768e-01,6.317549993e+00,7.434893980e+00
131871.101558750,5.910462242e-02,-3.586262665e-01,-1.905413622e-01,-2.576759537e-01,6.279691679e+00,7.535899363e+00
131871.111565750,1.067999271e-01,-3.965144939e-01,-1.702356374e-01,-3.381809845e-01,6.240187352e+00,7.560589568e+00
131871.121572750,1.336483729e-01,-4.358733605e-01,-1.469711957e-01,-3.544914833e-01,6.288221023e+00,7.473949395e+00
131871.131578750,1.176325961e-01,-4.732734561e-01,-1.410324652e-01,-2.418143677e-01,6.308272462e+00,7.125293778e+00
131871.141585750,8.084946312e-02,-4.963775435e-01,-1.479573355e-01,-6.988076096e-02,6.367528953e+00,6.747159554e+00
131871.151592750,3.979464705e-02,-4.985762089e-01,-1.601910296e-01,6.584054565e-02,6.439953553e+00,6.597821225e+00
131871.161598750,9.139766839e-03,-4.647676653e-01,-1.722158262e-01,1.843535278e-01,6.474370202e+00,6.604255642e+00
131871.171605750,-3.322766763e-03,-4.173883243e-01,-1.683173173e-01,1.934814217e-01,6.544250963e+00,6.751499044e+00
131871.181612750,4.373914506e-03,-3.808191553e-01,-1.565063451e-01,4.982932205e-02,6.599467239e+00,6.998850003e+00
131871.191618750,2.315155816e-02,-3.600596813e-01,-1.391522486e-01,-1.083376251e-01,6.590788258e+00,7.194426351e+00
131871.201625750,5.461266492e-02,-3.686401615e-01,-1.191201204e-01,-2.433107437e-01,6.647949822e+00,7.310545132e+00
131871.211632750,7.000542278e-02,-3.776055105e-01,-1.090795901e-01,-2.323871986e-01,6.666654523e+00,7.272686818e+00
131871.221639750,7.343216231e-02,-3.710197298e-01,-9.964415223e-02,-8.454524612e-02,6.675483141e+00,7.125593053e+00
131871.231645750,7.739034321e-02,-3.679736895e-01,-9.566155183e-02,7.586626511e-02,6.703166098e+00,7.078756483e+00
131871.241652750,6.289948542e-02,-3.603763002e-01,-1.111644112e-01,2.669534851e-01,6.759878750e+00,6.983736605e+00
131871.251659750,4.189130645e-02,-3.521470784e-01,-1.480126999e-01,4.966472069e-01,6.815543938e+00,6.822876181e+00
131871.261665750,1.957634508e-02,-3.553066423e-01,-1.846611732e-01,5.985504150e-01,6.856993555e+00,6.774094322e+00
131871.271672750,-4.542016535e-03,-3.676529159e-01,-2.124603346e-01,5.547065971e-01,7.017853979e+00,6.789506995e+00
131871.281679750,-2.516348423e-02,-3.790993544e-01,-2.306636153e-01,5.099649536e-01,7.157465863e+00,6.793696848e+00
131871.291685750,-3.409755813e-02,-3.853171631e-01,-2.336920731e-01,4.709095390e-01,7.286303840e+00,6.880337021e+00
131871.301692750,-3.491134693e-02,-3.926253175e-01,-2.309858555e-01,4.673182365e-01,7.487865692e+00,6.994211237e+00
131871.311699750,-2.834641395e-02,-4.049033883e-01,-2.398641623e-01,5.472247169e-01,7.672219220e+00,7.042544183e+00
131871.321705750,-1.530240329e-02,-4.244657202e-01,-2.607145576e-01,7.517793213e-01,7.736563390e+00,7.092074230e+00
131871.331712750,-3.439717044e-03,-4.479406671e-01,-3.044882431e-01,9.510966095e-01,7.792677491e+00,7.089231116e+00
131871.341719750,1.566686862e-03,-4.777119945e-01,-3.737027812e-01,1.174355914e+00,7.795520605e+00,7.027580423e+00
131871.351725750,1.680409264e-02,-5.129150418e-01,-4.451634375e-01,1.279700787e+00,7.756465191e+00,7.068431489e+00
131871.361732750,3.823099948e-02,-5.353682263e-01,-4.988214176e-01,1.230918929e+00,7.734318826e+00,7.238719082e+00
131871.371739750,6.291377185e-02,-5.311520966e-01,-5.323426780e-01,1.147870058e+00,7.668029367e+00,7.381772631e+00
131871.381746750,8.160544883e-02,-5.195881462e-01,-5.418873215e-01,1.023670847e+00,7.606229037e+00,7.466766790e+00
131871.391752750,8.468774471e-02,-5.123747315e-01,-5.417929059e-01,8.955810585e-01,7.554155151e+00,7.456441795e+00
131871.401759750,7.746959671e-02,-5.058844745e-01,-5.239468041e-01,7.745242371e-01,7.584830859e+00,7.437138544e+00
131871.411766750,5.900050892e-02,-5.042366906e-01,-4.980616876e-01,6.950666695e-01,7.697358337e+00,7.437138544e+00
131871.421771625,3.236439839e-02,-4.853780224e-01,-4.751995112e-01,7.217021629e-01,7.736563390e+00,7.342717216e+00
131871.431778625,5.504855151e-03,-4.526060884e-01,-4.585423424e-01,7.995137169e-01,7.775020254e+00,7.293785720e+00
131871.441785625,-1.298545711e-02,-4.191034758e-01,-4.529667681e-01,8.924386688e-01,7.743745995e+00,7.295132458e+00
131871.451791625,-2.649093844e-02,-3.961217808e-01,-4.525427057e-01,9.533411736e-01,7.635258732e+00,7.265204938e+00
131871.461798625,-2.630070570e-02,-3.924810490e-01,-4.562966800e-01,9.665092827e-01,7.575702966e+00,7.256376319e+00
131871.471805625,-2.036414207e-02,-4.017452729e-01,-4.558527318e-01,1.016787518e+00,7.468412804e+00,7.238868719e+00
131871.481812625,-1.751819923e-02,-4.115444338e-01,-4.453982946e-01,1.088164655e+00,7.394192552e+00,7.152078909e+00
131871.491818625,-1.328240580e-02,-4.192354919e-01,-4.224186686e-01,1.148917522e+00,7.403918996e+00,7.108684004e+00
131871.501825625,-2.419795300e-03,-4.161375533e-01,-3.969637546e-01,1.257554422e+00,7.387309222e+00,7.089530391e+00
131871.511832625,1.199785067e-02,-4.039445160e-01,-3.760919262e-01,1.467495980e+00,7.308599843e+00,7.048529687e+00
131871.521838625,3.512595880e-02,-3.905597320e-01,-3.549691123e-01,1.681178478e+00,7.188590485e+00,7.018153254e+00
131871.531845625,7.989866440e-02,-3.844816281e-01,-3.336882585e-01,1.811063918e+00,6.988076096e+00,7.041795995e+00
131871.541852625,1.360460572e-01,-3.916850549e-01,-3.170139058e-01,1.926883424e+00,6.866869637e+00,7.018153254e+00
131871.551858625,1.877866085e-01,-4.083775545e-01,-3.205660526e-01,2.109740575e+00,6.719626234e+00,6.822127993e+00
131871.561865625,2.220517430e-01,-4.340418263e-01,-3.427336800e-01,2.273893027e+00,6.655880615e+00,6.477662229e+00
131871.571872625,2.352669810e-01,-4.544791816e-01,-3.774530311e-01,2.392705284e+00,6.615628100e+00,6.086509533e+00
131871.581878625,2.290963830e-01,-4.742585275e-01,-4.220330900e-01,2.414103461e+00,6.633883887e+00,5.741145943e+00
131871.591885625,2.152134597e-01,-5.045041466e-01,-4.546829727e-01,2.218227838e+00,6.760626938e+00,5.544971045e+00
131871.601892625,1.886770269e-01,-5.410798321e-01,-4.751518098e-01,1.895160252e+00,6.881384484e+00,5.450549717e+00
131871.611899625,1.635822569e-01,-5.924093017e-01,-4.688656791e-01,1.496076762e+00,6.983886243e+00,5.427056613e+00
131871.621905625,1.595100477e-01,-6.443924244e-01,-4.291102702e-01,9.935936890e-01,7.182904256e+00,5.599888046e+00
131871.631912625,1.630277174e-01,-6.903829026e-01,-3.720486679e-01,6.227917068e-01,7.386261759e+00,5.788431426e+00
131871.641919625,1.584860137e-01,-6.996098289e-01,-3.058280840e-01,4.318541245e-01,7.471255918e+00,5.778256069e+00
131871.651925625,1.533013033e-01,-6.790648665e-01,-2.405730744e-01,3.559878593e-01,7.558943554e+00,5.720645592e+00
131871.661932625,1.282681732e-01,-6.230928663e-01,-1.888211076e-01,4.794388824e-01,7.598298244e+00,5.629067378e+00
131871.671939625,7.594589559e-02,-5.430522713e-01,-1.567838243e-01,7.454945419e-01,7.573308764e+00,5.386205547e+00
131871.681945625,1.925174676e-02,-4.621185548e-01,-1.244820598e-01,8.907926552e-01,7.535899363e+00,5.235819756e+00
131871.691952625,-3.363829997e-02,-3.974960470e-01,-8.796247671e-02,8.848071510e-01,7.514800461e+00,5.285349802e+00
131871.701959625,-8.780823524e-02,-3.409146109e-01,-5.927095761e-02,9.623194298e-01,7.469909180e+00,5.353434912e+00
131871.711965625,-1.264850603e-01,-2.925809854e-01,-4.108587281e-02,1.128117895e+00,7.397035667e+00,5.432593204e+00
131871.721972625,-1.387152630e-01,-2.649719885e-01,-3.908551603e-02,1.254262395e+00,7.398831318e+00,5.655553234e+00
131871.731979625,-1.391599634e-01,-2.496182972e-01,-5.503842389e-02,1.373972478e+00,7.351246560e+00,5.809679966e+00
131871.741985625,-1.337224977e-01,-2.469741947e-01,-8.346848082e-02,1.496824950e+00,7.241861472e+00,5.863998416e+00
131871.751992625,-1.285789447e-01,-2.574495620e-01,-1.375762520e-01,1.685218694e+00,7.117213348e+00,5.901108542e+00
131871.761999625,-1.172406267e-01,-2.686225683e-01,-2.128942224e-01,1.881393592e+00,6.973261973e+00,5.887341882e+00
131871.772006625,-1.028946251e-01,-2.957158815e-01,-2.841365605e-01,1.909824737e+00,6.909516354e+00,5.919663605e+00
131871.782012625,-7.771709967e-02,-3.476644717e-01,-3.449740924e-01,1.682375579e+00,6.865822173e+00,6.021866088e+00
131871.792019625,-5.551386223e-02,-3.999405677e-01,-3.802024008e-01,1.334168875e+00,6.904578313e+00,6.116885966e+00
131871.802026625,-4.134672386e-02,-4.366151302e-01,-3.858923890e-01,1.027561425e+00,6.891709479e+00,6.110750825e+00
131871.812032625,-3.219662625e-02,-4.321674871e-01,-3.572420342e-01,7.275380295e-01,6.901585561e+00,6.130203713e+00
131871.822039625,-2.858287872e-02,-3.823255313e-01,-3.038778695e-01,5.503671066e-01,6.991667398e+00,6.164171449e+00
131871.832046625,-3.888236587e-02,-3.032378062e-01,-2.411841531e-01,4.426280319e-01,7.138611525e+00,6.111947926e+00
131871.842052625,-5.640675970e-02,-2.350454264e-01,-1.728273308e-01,3.399766357e-01,7.263558924e+00,6.058078388e+00
131871.852059625,-6.322334631e-02,-1.923914758e-01,-9.433948421e-02,2.066495308e-01,7.350348734e+00,6.107458797e+00
131871.862066625,-8.036654263e-02,-1.656224334e-01,-2.656788761e-02,1.449988380e-01,7.376385677e+00,6.124367847e+00
131871.872072625,-9.743555613e-02,-1.425725318e-01,2.734916078e-02,2.629132698e-01,7.353042211e+00,6.057779113e+00
131871.882079625,-1.012668089e-01,-1.320314142e-01,6.278124643e-02,4.750993919e-01,7.351994748e+00,6.109852999e+00
131871.892086625,-1.031687731e-01,-1.403815110e-01,7.723268939e-02,7.234978142e-01,7.384915021e+00,6.186317815e+00
131871.902093625,-1.031234655e-01,-1.692508717e-01,7.044489654e-02,1.000327381e+00,7.366808871e+00,6.211008019e+00
131871.912099625,-9.082878196e-02,-1.977154588e-01,5.817880980e-02,1.274463471e+00,7.339125914e+00,6.277896028e+00
131871.922106625,-7.423063415e-02,-2.105580045e-01,4.636161946e-02,1.483207928e+00,7.314286072e+00,6.397007561e+00
131871.932113625,-6.776186404e-02,-2.024599220e-01,2.336932511e-02,1.693598399e+00,7.328651282e+00,6.371269893e+00
131871.942119625,-6.490629438e-02,-1.708611575e-01,-1.338662018e-03,1.893663876e+00,7.312340783e+00,6.284480083e+00
131871.952126625,-5.794978100e-02,-1.144055508e-01,-1.964395807e-02,1.973719994e+00,7.303811440e+00,6.300640944e+00
131871.962133625,-6.060590494e-02,-4.544173014e-02,-2.960345436e-02,1.986139915e+00,7.314286072e+00,6.310965939e+00
131871.972139625,-7.197611256e-02,1.435967275e-02,-3.564094423e-02,1.944540661e+00,7.353790399e+00,6.235249311e+00
131871.982146625,-8.979340380e-02,5.740159659e-02,-4.772345125e-02,1.841440352e+00,7.423371885e+00,6.192752232e+00
131871.992153625,-1.081619947e-01,8.789783524e-02,-4.853568972e-02,1.717390778e+00,7.501781989e+00,6.146813487e+00
131872.002160625,-1.197135127e-01,9.236059541e-02,-4.748354944e-02,1.602169823e+00,7.542034505e+00,6.136488493e+00
131872.012166625,-1.246926454e-01,8.386616163e-02,-5.570661937e-02,1.516726752e+00,7.613710917e+00,6.129754800e+00
131872.022173625,-1.336676296e-01,7.672182727e-02,-8.300919330e-02,1.573888316e+00,7.688679356e+00,6.064961718e+00
131872.032180625,-1.369889930e-01,8.332788609e-02,-1.091887979e-01,1.616086121e+00,7.713968111e+00,6.008847617e+00
131872.042186625,-1.383125549e-01,8.813882738e-02,-1.189485983e-01,1.546354997e+00,7.726836945e+00,6.001365736e+00
131872.052193625,-1.562223739e-01,1.007522716e-01,-1.236703559e-01,1.490839446e+00,7.757363017e+00,5.930437512e+00
131872.062200625,-1.785613874e-01,1.258781109e-01,-1.336570079e-01,1.524358270e+00,7.664737340e+00,5.816114383e+00
131872.072206625,-1.909693859e-01,1.546795281e-01,-1.360643471e-01,1.529894861e+00,7.593509840e+00,5.881057103e+00
131872.082213625,-1.918834262e-01,1.952758593e-01,-1.373408991e-01,1.499368790e+00,7.523778717e+00,6.071994685e+00
131872.092220625,-1.912643092e-01,2.318477997e-01,-1.348626817e-01,1.477820975e+00,7.428160288e+00,6.208613818e+00
131872.102226625,-1.775073343e-01,2.526000982e-01,-1.345793143e-01,1.409735865e+00,7.396437116e+00,6.361094536e+00
131872.112233625,-1.680992006e-01,2.560070969e-01,-1.261996673e-01,1.284938103e+00,7.403769359e+00,6.524798074e+00
131872.122240625,-1.649941438e-01,2.438897714e-01,-1.202696874e-01,1.199195757e+00,7.392696176e+00,6.538115821e+00
131872.132246625,-1.821355858e-01,2.267291920e-01,-1.251044647e-01,1.196502280e+00,7.463923676e+00,6.497564030e+00
131872.142253625,-1.974505416e-01,2.043923418e-01,-1.416526476e-01,1.259948624e+00,7.501033801e+00,6.470329987e+00
131872.152260625,-2.148246994e-01,1.823370267e-01,-1.503307578e-01,1.209221476e+00,7.514501186e+00,6.576871960e+00
131872.162267625,-2.240927929e-01,1.443905826e-01,-1.622680481e-01,1.107318268e+00,7.549067472e+00,6.723666450e+00
131872.172273625,-2.282731404e-01,8.999181431e-02,-1.757222898e-01,9.765350021e-01,7.562235581e+00,6.872106953e+00
131872.182280625,-2.327395492e-01,3.169827404e-02,-1.808869450e-01,8.448539108e-01,7.601889546e+00,7.003488769e+00
131872.192287625,-2.465895476e-01,-1.839352327e-02,-1.718134176e-01,7.791630028e-01,7.605480849e+00,7.044639110e+00
131872.202293625,-2.878905469e-01,-4.099240508e-02,-1.460572902e-01,7.793126404e-01,7.597550056e+00,6.996605439e+00
131872.212300625,-3.369323349e-01,-2.379139573e-02,-9.875746297e-02,8.327332649e-01,7.543231606e+00,6.948871043e+00
131872.222307625,-3.886488291e-01,2.702753652e-02,-3.482185442e-02,9.018658379e-01,7.476193959e+00,7.009025360e+00
131872.232313625,-4.288777281e-01,9.910102008e-02,2.726120943e-02,9.989806427e-01,7.335983524e+00,7.170484335e+00
131872.242320625,-4.480124003e-01,1.643135115e-01,7.015807948e-02,1.135749413e+00,7.168389408e+00,7.431601953e+00
131872.252327625,-4.394661060e-01,2.284595709e-01,1.001011452e-01,1.344344232e+00,6.909366716e+00,7.699602901e+00
131872.262334625,-4.143538530e-01,2.775627281e-01,1.099687202e-01,1.468393806e+00,6.718578771e+00,7.955932117e+00
131872.272340625,-3.704469855e-01,2.924228156e-01,1.014572176e-01,1.599476347e+00,6.479008968e+00,8.116193990e+00
131872.282347625,-3.219143016e-01,2.628401591e-01,7.129636300e-02,1.719186430e+00,6.241534090e+00,8.170512440e+00
131872.292354625,-2.579012858e-01,1.888110262e-01,2.080723374e-02,1.792359218e+00,6.027701955e+00,8.192060255e+00
131872.302360625,-1.869478460e-01,9.604951861e-02,-3.304895501e-02,1.844732379e+00,5.831227781e+00,8.230666757e+00
131872.312367625,-1.211672173e-01,2.213708128e-02,-9.367342545e-02,1.954416743e+00,5.696254662e+00,8.170512440e+00
131872.322374625,-7.126444266e-02,-2.432327351e-02,-1.460297748e-01,2.050484084e+00,5.596895293e+00,8.008155640e+00
131872.332380625,-4.303750039e-02,-5.898097666e-02,-1.942879225e-01,2.023698953e+00,5.608267751e+00,7.775169891e+00
131872.342387625,-2.126767060e-02,-8.580063525e-02,-2.272463851e-01,1.871068597e+00,5.616048907e+00,7.562085944e+00
131872.352394625,-1.020475408e-02,-1.070246307e-01,-2.506218554e-01,1.628057129e+00,5.682188728e+00,7.442824773e+00
131872.362400625,-5.198166341e-03,-1.257171216e-01,-2.664025238e-01,1.359457630e+00,5.800701710e+00,7.310994044e+00
131872.372407625,-8.981881772e-03,-1.508095604e-01,-2.662704975e-01,1.032798741e+00,5.917867953e+00,7.201908231e+00
131872.382414625,-1.465164151e-02,-1.805583484e-01,-2.434358159e-01,6.322188759e-01,6.087257721e+00,7.162703179e+00
131872.392420625,-2.861705207e-02,-2.127649203e-01,-2.027082099e-01,3.045125237e-01,6.227767431e+00,7.139060438e+00
131872.402427625,-4.400568143e-02,-2.234427495e-01,-1.571541425e-01,1.028010338e-01,6.357054321e+00,7.126640517e+00
131872.412434625,-4.767695021e-02,-2.071532328e-01,-1.085467304e-01,6.239888077e-02,6.395810460e+00,7.202057869e+00
131872.422441625,-5.260211638e-02,-1.732667203e-01,-5.682972307e-02,6.628945847e-02,6.472574551e+00,7.313238609e+00
131872.432449000,-5.711925767e-02,-1.374007515e-01,-1.779211135e-02,1.491886909e-01,6.465840858e+00,7.351396198e+00
131872.442456000,-5.588279913e-02,-1.176555456e-01,3.581712908e-03,2.680009483e-01,6.448782172e+00,7.357680977e+00
131872.452463000,-4.173427267e-02,-1.162477136e-01,5.966012995e-03,3.969885628e-01,6.464045207e+00,7.454346869e+00
131872.462469000,-1.928234411e-02,-1.322663010e-01,-6.105390825e-03,5.771522377e-01,6.419453201e+00,7.538293565e+00
131872.472476000,5.030339363e-03,-1.561693217e-01,-3.014286998e-02,7.398083130e-01,6.381894163e+00,7.574056952e+00
131872.482483000,2.939124044e-02,-1.742575400e-01,-5.567795710e-02,8.852560638e-01,6.346430051e+00,7.621791348e+00
131872.492489000,5.365886082e-02,-1.838094358e-01,-7.938934472e-02,1.006462523e+00,6.296301453e+00,7.613411642e+00
131872.502496000,6.956581164e-02,-1.895309164e-01,-1.009810430e-01,1.076792197e+00,6.262483355e+00,7.572710213e+00
131872.512503000,7.776161650e-02,-1.911471420e-01,-1.213877943e-01,1.131260284e+00,6.225522867e+00,7.472901932e+00
131872.522509000,7.668771098e-02,-1.875694711e-01,-1.351451846e-01,1.132307748e+00,6.212504395e+00,7.358878078e+00
131872.532516000,6.615589740e-02,-1.872113006e-01,-1.460783472e-01,1.141585279e+00,6.193650057e+00,7.216871992e+00
131872.542523000,5.912704933e-02,-1.930438092e-01,-1.585824282e-01,1.113752685e+00,6.227617793e+00,7.132626021e+00
131872.552530000,5.468483769e-02,-2.072569977e-01,-1.750482555e-01,1.056591120e+00,6.280888780e+00,7.101501399e+00
131872.562536000,5.985180114e-02,-2.300217859e-01,-1.938746265e-01,9.766846397e-01,6.351218454e+00,7.108235091e+00
131872.572543000,7.297130373e-02,-2.622790380e-01,-2.082569288e-01,9.096469933e-01,6.418405738e+00,7.117811898e+00
131872.582550000,8.044649686e-02,-2.901654486e-01,-2.275951898e-01,8.411129707e-01,6.556670884e+00,7.100453936e+00
131872.592556000,8.597319763e-02,-3.125379282e-01,-2.505587918e-01,8.075941475e-01,6.668150899e+00,7.044938385e+00
131872.602563000,8.296514380e-02,-3.315196477e-01,-2.776710498e-01,8.084919731e-01,6.751050131e+00,6.947673943e+00
131872.612570000,7.596047087e-02,-3.472964538e-01,-3.034632588e-01,8.037035698e-01,6.820332342e+00,6.882282310e+00
131872.622576000,7.777933890e-02,-3.539783479e-01,-3.187703493e-01,7.335235336e-01,6.827814222e+00,6.915352220e+00
131872.632583000,8.188682415e-02,-3.546030292e-01,-3.186369313e-01,6.440402466e-01,6.807313870e+00,6.981940954e+00
131872.642590000,8.426901507e-02,-3.478863656e-01,-3.072014837e-01,5.431845016e-01,6.804620393e+00,7.015160502e+00
131872.652596000,7.990831388e-02,-3.336154354e-01,-2.832616754e-01,4.447229584e-01,6.801029091e+00,7.046883674e+00
131872.662603000,6.621582497e-02,-3.128250583e-01,-2.586813645e-01,4.293102852e-01,6.800131265e+00,7.012616663e+00
131872.672610000,4.567387886e-02,-2.875492821e-01,-2.407895223e-01,5.286696541e-01,6.764816791e+00,6.968473569e+00
131872.682617000,2.519464152e-02,-2.608115382e-01,-2.294407240e-01,6.162076523e-01,6.734739632e+00,6.964433354e+00
131872.692623000,2.133066631e-04,-2.483307140e-01,-2.430949282e-01,7.582137383e-01,6.725911014e+00,6.943633727e+00
131872.702630000,-3.292210282e-02,-2.399618340e-01,-2.751299465e-01,9.293991570e-01,6.733392894e+00,6.866121449e+00
131872.712637000,-6.798694801e-02,-2.385399027e-01,-3.111329039e-01,1.017236430e+00,6.766013892e+00,6.854449715e+00
131872.722643000,-9.195278085e-02,-2.445433490e-01,-3.436305719e-01,1.007061073e+00,6.810456260e+00,6.951265245e+00
131872.732650000,-9.661562941e-02,-2.559479729e-01,-3.671793944e-01,9.282020561e-01,6.811952636e+00,7.182455343e+00
131872.742657000,-7.548567578e-02,-2.752584834e-01,-3.848356867e-01,8.104372620e-01,6.810007347e+00,7.500884164e+00
131872.752663000,-1.677021630e-02,-2.932499138e-01,-3.953213242e-01,6.847416748e-01,6.767210992e+00,7.843554276e+00
131872.762670000,7.108601900e-02,-3.248097596e-01,-4.038895128e-01,5.916670853e-01,6.703016460e+00,8.225878354e+00
131872.772677000,1.570042668e-01,-3.755202629e-01,-4.206275280e-01,4.752490295e-01,6.728005940e+00,8.365789513e+00
131872.782683000,2.292749716e-01,-4.402548887e-01,-4.468876653e-01,4.571428795e-01,6.684012485e+00,8.226925817e+00
131872.792690000,2.783406387e-01,-5.041011467e-01,-4.808740117e-01,4.409820183e-01,6.744316439e+00,7.995586082e+00
131872.802697000,3.010136939e-01,-5.469946460e-01,-5.084140323e-01,4.357447021e-01,6.813748287e+00,7.689128269e+00
131872.812704000,2.866686808e-01,-5.522652983e-01,-5.257197507e-01,4.704606262e-01,6.892607304e+00,7.317278824e+00
131872.822710000,2.459901785e-01,-5.262620422e-01,-5.296934248e-01,5.421370384e-01,6.982389867e+00,6.955305460e+00
131872.832717000,1.863306370e-01,-4.834364345e-01,-5.329418680e-01,5.919663605e-01,7.086986552e+00,6.658424454e+00
131872.842724000,1.263575264e-01,-4.443762204e-01,-5.307012313e-01,5.985504150e-01,7.190386136e+00,6.507889025e+00
131872.852730000,7.805630337e-02,-4.230026297e-01,-5.191734934e-01,4.453215088e-01,7.310844407e+00,6.540958936e+00
131872.862737000,4.737223139e-02,-4.227703344e-01,-5.026125808e-01,2.488473351e-01,7.396586754e+00,6.656030253e+00
131872.872744000,3.200542371e-02,-4.307326407e-01,-4.845508761e-01,9.801263046e-02,7.440430572e+00,6.809857710e+00
131872.882750000,3.158007909e-02,-4.440160911e-01,-4.579379542e-01,-6.389525681e-02,7.544279069e+00,6.978948202e+00
131872.892757000,3.301562288e-02,-4.608171345e-01,-4.357083690e-01,-1.294365273e-01,7.583484121e+00,7.058705045e+00
131872.902764000,2.983827122e-02,-4.809420353e-01,-4.170601097e-01,-1.592144104e-01,7.633911993e+00,7.010970649e+00
131872.912770000,2.049274513e-02,-5.043908623e-01,-3.978571093e-01,-1.539770943e-01,7.682843490e+00,6.938695686e+00
131872.922777000,6.460644868e-03,-5.102826623e-01,-3.748728075e-01,-4.683656998e-02,7.647828291e+00,6.839037042e+00
131872.932784000,-1.746985469e-02,-5.061385907e-01,-3.504664470e-01,1.598129608e-01,7.621192797e+00,6.706009212e+00
131872.942790000,-5.499106484e-02,-4.868982169e-01,-3.325318729e-01,4.375403534e-01,7.569268549e+00,6.552331393e+00
131872.952797000,-9.719629193e-02,-4.571915422e-01,-3.221179077e-01,7.597101143e-01,7.409006675e+00,6.392518433e+00
131872.962804000,-1.341231990e-01,-4.366196736e-01,-3.107268960e-01,1.030703815e+00,7.268646603e+00,6.318747094e+00
131872.972811000,-1.535054460e-01,-4.239515949e-01,-2.999731083e-01,1.237353345e+00,7.088482928e+00,6.368127503e+00
131872.982817000,-1.593998912e-01,-4.101602068e-01,-2.875022139e-01,1.393275729e+00,6.928221054e+00,6.464643758e+00
131872.992824000,-1.405158469e-01,-3.995655695e-01,-2.728966329e-01,1.523161169e+00,6.775590698e+00,6.581211451e+00
131873.002831000,-9.492582567e-02,-4.081144166e-01,-2.551423777e-01,1.567004987e+00,6.671592564e+00,6.761075851e+00
131873.012837000,-3.842186505e-02,-4.372709173e-01,-2.443589551e-01,1.595286494e+00,6.635978814e+00,6.847865661e+00
131873.022844000,1.172082454e-02,-4.786617257e-01,-2.560511698e-01,1.769315027e+00,6.616525925e+00,6.739827311e+00
131873.032851000,5.417919682e-02,-5.292455626e-01,-3.025065996e-01,2.033425397e+00,6.624755994e+00,6.498162581e+00
131873.042857000,8.813626186e-02,-5.773146454e-01,-3.675104951e-01,2.218676751e+00,6.636876640e+00,6.266373933e+00
131873.052864000,9.951460288e-02,-6.033069341e-01,-4.271458060e-01,2.262221294e+00,6.692841103e+00,6.002113924e+00
131873.062871000,9.372958593e-02,-6.016968707e-01,-4.727714332e-01,2.178424236e+00,6.784718592e+00,5.702539442e+00
131873.072878000,7.009978307e-02,-5.748762324e-01,-4.933051435e-01,1.954566380e+00,6.885125424e+00,5.460276161e+00
131873.082884000,4.317294256e-02,-5.240341093e-01,-4.910138646e-01,1.725022296e+00,7.006481521e+00,5.276970097e+00
131873.092891000,-7.642143291e-04,-4.581232085e-01,-4.925249814e-01,1.596932507e+00,7.075165181e+00,5.143044441e+00
131873.102898000,-4.392471915e-02,-4.217024720e-01,-4.920165780e-01,1.514182912e+00,7.214328152e+00,5.064484699e+00
131873.112904000,-7.947155796e-02,-4.455846355e-01,-4.945364266e-01,1.291222883e+00,7.339425189e+00,5.140201327e+00
131873.122911000,-1.023344298e-01,-5.170558234e-01,-4.889486050e-01,1.038784245e+00,7.458387084e+00,5.284451977e+00
131873.132918000,-9.064675131e-02,-6.249792216e-01,-4.679890965e-01,7.827543053e-01,7.629422865e+00,5.556942053e+00
131873.142924000,-5.949225455e-02,-7.314073247e-01,-4.403812238e-01,6.790554459e-01,7.790283289e+00,5.896769051e+00
131873.152931000,-2.747093763e-02,-8.104696200e-01,-4.103802858e-01,7.074865906e-01,7.984812174e+00,6.089502285e+00
131873.162938000,-5.322253924e-03,-8.450715872e-01,-3.709985555e-01,8.032546570e-01,8.081178791e+00,6.099528004e+00
131873.172944000,-5.369689526e-03,-8.390718527e-01,-3.323454528e-01,9.377788628e-01,8.174103743e+00,6.002113924e+00
131873.182951000,-2.721393749e-02,-8.008396977e-01,-2.903749047e-01,1.068262853e+00,8.183231637e+00,5.877166525e+00
131873.192958000,-6.388592517e-02,-7.417432968e-01,-2.339626271e-01,1.107018993e+00,8.150909914e+00,5.785289037e+00
131873.202965000,-1.080571387e-01,-6.737336764e-01,-1.923942416e-01,1.206079086e+00,7.994688256e+00,5.703886180e+00
131873.212971000,-1.437384975e-01,-6.161206209e-01,-1.653249629e-01,1.306037006e+00,7.886200993e+00,5.735459715e+00
131873.222978000,-1.754169035e-01,-5.572800147e-01,-1.483994220e-01,1.433827519e+00,7.786691987e+00,5.873275948e+00
131873.232985000,-2.033277136e-01,-4.914953604e-01,-1.635285766e-01,1.705270132e+00,7.547720734e+00,5.929240411e+00
131873.242991000,-2.019280334e-01,-4.386664766e-01,-1.886125682e-01,1.896058077e+00,7.356483876e+00,6.096834528e+00
131873.252998000,-1.766445971e-01,-4.188718221e-01,-2.218142927e-01,1.858947952e+00,7.221211482e+00,6.433968049e+00
131873.263005000,-1.389738362e-01,-4.356758497e-01,-2.689793148e-01,1.764227348e+00,7.058405769e+00,6.603058541e+00
131873.273011000,-9.502101374e-02,-4.873848771e-01,-3.290322501e-01,1.645864004e+00,6.876446443e+00,6.632986062e+00
131873.283018000,-4.370439129e-02,-5.537364898e-01,-3.840834459e-01,1.450736568e+00,6.767659905e+00,6.676979517e+00
131873.293025000,-9.090035921e-03,-6.132330589e-01,-4.335559572e-01,1.225831250e+00,6.701370447e+00,6.599467239e+00
131873.303031000,-2.844293197e-04,-6.461426692e-01,-4.600708152e-01,1.006462523e+00,6.613533173e+00,6.290315949e+00
131873.313038000,-9.701951390e-03,-6.470184887e-01,-4.480550289e-01,7.107786179e-01,6.570287906e+00,6.032041445e+00
131873.323045000,-2.798102729e-02,-6.077891092e-01,-4.050257405e-01,4.436754951e-01,6.542904224e+00,5.857863274e+00
131873.333051000,-4.627486641e-02,-5.471500831e-01,-3.284927192e-01,2.214636536e-01,6.546196252e+00,5.791573816e+00
131873.343058000,-4.497455007e-02,-4.715093775e-01,-2.235021891e-01,-6.284779358e-03,6.661716482e+00,5.924302370e+00
131873.353065000,-3.238680787e-02,-4.014800525e-01,-1.038177929e-01,-1.717839691e-01,6.827664584e+00,6.126612411e+00
131873.363072000,-3.333754661e-02,-3.441198807e-01,5.413042737e-03,-1.529296310e-01,6.991667398e+00,6.103717857e+00
131873.373078000,-4.099227035e-02,-3.066129355e-01,8.685300125e-02,4.144961624e-02,7.111227843e+00,5.945550910e+00
131873.383085000,-5.584635740e-02,-2.918768777e-01,1.226708859e-01,3.610755379e-01,7.324162154e+00,5.839906762e+00
131873.393092000,-8.837116210e-02,-2.993829866e-01,1.105922359e-01,8.556278183e-01,7.473799757e+00,5.703437267e+00
131873.403098000,-1.243163415e-01,-3.154647021e-01,6.828255744e-02,1.351826112e+00,7.554753701e+00,5.558887342e+00
131873.413105000,-1.606921886e-01,-3.230047443e-01,9.824868438e-04,1.797746172e+00,7.579294268e+00,5.514444974e+00
131873.423112000,-1.797013450e-01,-3.128590321e-01,-6.575710501e-02,2.111236951e+00,7.671471032e+00,5.617994196e+00
131873.433117542,-1.879268850e-01,-2.897901579e-01,-1.189588940e-01,2.234987250e+00,7.786542349e+00,5.784840124e+00
131873.443124542,-1.939700659e-01,-2.575095854e-01,-1.479360128e-01,2.240224566e+00,7.832481094e+00,5.872228484e+00
131873.453131542,-1.992297516e-01,-1.946930929e-01,-1.626641838e-01,2.206556105e+00,7.876923462e+00,5.957073006e+00
131873.463138542,-2.099299270e-01,-1.181707381e-01,-1.571828191e-01,2.204610816e+00,7.910292648e+00,6.037877312e+00
131873.473144542,-2.277747406e-01,-4.890560894e-02,-1.471247990e-01,2.175281846e+00,7.919420541e+00,6.052541797e+00
131873.483151542,-2.538796730e-01,7.617186904e-03,-1.488663673e-01,2.171391268e+00,7.958176681e+00,5.971438216e+00
131873.493158542,-2.884392608e-01,4.712496850e-02,-1.774624844e-01,2.330904954e+00,7.872733609e+00,5.853673421e+00
131873.503164542,-3.285655920e-01,6.820708279e-02,-2.216946370e-01,2.449268298e+00,7.814075668e+00,5.837662198e+00
131873.513171542,-3.553545956e-01,7.480127673e-02,-2.741344167e-01,2.452859601e+00,7.760505406e+00,5.910386073e+00
131873.523178542,-3.643280432e-01,7.799919094e-02,-3.190990157e-01,2.382829202e+00,7.750928600e+00,6.055684187e+00
131873.533184542,-3.551950009e-01,7.359199919e-02,-3.600343316e-01,2.251447386e+00,7.738059766e+00,6.254552562e+00
131873.543191542,-3.296372363e-01,5.606923554e-02,-3.837063864e-01,2.027589531e+00,7.676109798e+00,6.490680701e+00
131873.553198542,-2.956350525e-01,4.641923422e-02,-3.966193748e-01,1.812859570e+00,7.604283748e+00,6.663661771e+00
131873.563204542,-2.561123123e-01,4.677888407e-02,-3.971822728e-01,1.672050584e+00,7.546673270e+00,6.780678377e+00
131873.573211542,-2.168456842e-01,5.314279220e-02,-3.868376100e-01,1.505653569e+00,7.540538129e+00,6.917447147e+00
131873.583218542,-1.943285531e-01,5.809237358e-02,-3.732724931e-01,1.329679747e+00,7.501183439e+00,6.928071416e+00
131873.593225542,-1.927827193e-01,6.913842247e-02,-3.603902540e-01,1.202188509e+00,7.454496507e+00,6.816142489e+00
131873.603231542,-2.087130408e-01,8.090076178e-02,-3.495028081e-01,1.131709197e+00,7.410802326e+00,6.679224081e+00
131873.613238542,-2.257256615e-01,8.221241757e-02,-3.416275019e-01,1.051802717e+00,7.384915021e+00,6.617872664e+00
131873.623245542,-2.555219923e-01,8.093292507e-02,-3.322618468e-01,9.888052856e-01,7.340472652e+00,6.559513998e+00
131873.633251542,-2.928231405e-01,8.604096682e-02,-3.263939273e-01,9.415198029e-01,7.224353872e+00,6.510732140e+00
131873.643258542,-2.983467023e-01,8.307013958e-02,-3.098339194e-01,7.891887222e-01,7.104045238e+00,6.755239984e+00
131873.653265542,-2.683625343e-01,5.933657073e-02,-2.831839146e-01,5.042787247e-01,6.996605439e+00,7.224653147e+00
131873.663271542,-2.170231003e-01,1.603386597e-02,-2.440465660e-01,1.705868683e-01,6.907571065e+00,7.647828291e+00
131873.673278542,-1.628627316e-01,-4.660963305e-02,-1.789302281e-01,-2.041056915e-01,6.815693576e+00,7.904007868e+00
131873.683285542,-1.416656951e-01,-1.252776862e-01,-9.343207940e-02,-4.647743973e-01,6.770203745e+00,7.863306440e+00
131873.693291542,-1.700878382e-01,-1.733308884e-01,-1.499518984e-02,-4.138976120e-01,6.755838535e+00,7.546373995e+00
131873.703298542,-2.194122735e-01,-1.685871638e-01,6.185082385e-02,-9.666589203e-02,6.718429134e+00,7.265803488e+00
131873.713305542,-2.685542522e-01,-1.190611977e-01,1.319278094e-01,2.718915260e-01,6.734290720e+00,7.246799512e+00
131873.723312542,-3.039546107e-01,-4.321782891e-02,1.747836964e-01,7.007528984e-01,6.761375126e+00,7.373542563e+00
131873.733318542,-3.134697967e-01,4.252350709e-02,2.119606633e-01,1.097142911e+00,6.676081692e+00,7.586327235e+00
131873.743325542,-2.980356541e-01,1.048551741e-01,2.405743836e-01,1.354669227e+00,6.591985358e+00,7.834127107e+00
131873.753332542,-2.625943335e-01,1.287484773e-01,2.457626149e-01,1.642871252e+00,6.502950984e+00,7.984363261e+00
131873.763338542,-2.142296287e-01,1.021435603e-01,2.162534330e-01,2.019209825e+00,6.457012240e+00,8.082375892e+00
131873.773345542,-1.513589726e-01,5.204175339e-02,1.599100516e-01,2.371157469e+00,6.416759724e+00,8.075492562e+00
131873.783352542,-8.689019716e-02,2.212173203e-03,7.048229466e-02,2.780117040e+00,6.430676022e+00,8.079233502e+00
131873.793358542,-1.534331873e-02,-4.731923978e-02,-6.150306982e-02,3.257012083e+00,6.304082609e+00,7.996932820e+00
131873.803365542,4.802534034e-02,-9.981015589e-02,-1.961394051e-01,3.511096735e+00,6.190208392e+00,7.945008572e+00
131873.813372542,9.629626410e-02,-1.595195288e-01,-3.284585249e-01,3.463960889e+00,6.096385615e+00,7.757961567e+00
131873.823378542,1.094382006e-01,-2.243422903e-01,-4.464523902e-01,3.287089242e+00,6.040121876e+00,7.447164264e+00
131873.833385542,9.473449077e-02,-2.690239562e-01,-5.242491815e-01,2.949506808e+00,6.045808105e+00,7.112275307e+00
131873.843392542,4.986084308e-02,-2.786315352e-01,-5.472465480e-01,2.523189275e+00,6.083067868e+00,6.876446443e+00
131873.853399542,-8.275803686e-03,-2.542652948e-01,-5.362597630e-01,2.155080769e+00,6.073790337e+00,6.735038908e+00
131873.863405542,-6.585306597e-02,-2.151497353e-01,-4.981396398e-01,1.837549774e+00,6.078429102e+00,6.676380967e+00
131873.873412542,-1.146655346e-01,-1.790851426e-01,-4.417332359e-01,1.502062267e+00,6.079925478e+00,6.760327663e+00
131873.883419542,-1.482626765e-01,-1.539220772e-01,-3.840751161e-01,1.226878713e+00,6.123470021e+00,6.873304053e+00
131873.893425542,-1.610685886e-01,-1.622886141e-01,-3.432089082e-01,1.083376251e+00,6.178536659e+00,7.019051080e+00
131873.903432542,-1.516145464e-01,-1.939960420e-01,-3.167724014e-01,9.726444244e-01,6.254702200e+00,7.203853520e+00
131873.913439542,-1.235304405e-01,-2.453113858e-01,-3.069216557e-01,9.235632904e-01,6.323535497e+00,7.381323718e+00
131873.923445542,-8.489937458e-02,-3.056515643e-01,-3.159734242e-01,9.235632904e-01,6.421697765e+00,7.505822205e+00
131873.933452542,-4.425049539e-02,-3.612540548e-01,-3.302539958e-01,9.409212524e-01,6.499658957e+00,7.530512409e+00
131873.943459542,-5.395280581e-03,-4.122860674e-01,-3.468245567e-01,9.401730644e-01,6.572532470e+00,7.533355524e+00
131873.953465542,1.825666332e-02,-4.496759932e-01,-3.581193703e-01,9.433154541e-01,6.615628100e+00,7.446565714e+00
131873.963472542,1.824309154e-02,-4.627009807e-01,-3.640549538e-01,9.729436996e-01,6.610241146e+00,7.299471949e+00
131873.973479542,1.034502332e-02,-4.468997462e-01,-3.507920105e-01,1.006911436e+00,6.554725595e+00,7.171980711e+00
131873.983486542,-1.138335406e-02,-4.076618958e-01,-3.265665928e-01,1.054645831e+00,6.442347755e+00,7.139509351e+00
131873.993492542,-4.436643690e-02,-3.572088110e-01,-3.039964867e-01,1.173607726e+00,6.304232246e+00,7.043292371e+00
131874.003499542,-6.368522160e-02,-3.281583277e-01,-2.929280977e-01,1.271171444e+00,6.192004044e+00,7.032518464e+00
131874.013506542,-6.208791785e-02,-3.277220851e-01,-2.907969366e-01,1.337460902e+00,6.150853703e+00,7.177367664e+00
131874.023512542,-5.310931178e-02,-3.546822444e-01,-3.194766540e-01,1.496226400e+00,6.062268241e+00,7.245602412e+00
131874.033519542,-4.968939109e-02,-4.126590667e-01,-3.653335735e-01,1.633892995e+00,6.035183835e+00,7.197568741e+00
131874.043526542,-4.447103190e-02,-4.698274827e-01,-4.167986418e-01,1.699733541e+00,6.078129827e+00,7.180958967e+00
131874.053532542,-4.458412303e-02,-5.150295649e-01,-4.716561328e-01,1.762431697e+00,6.063465342e+00,7.159860065e+00
131874.063539542,-4.946964719e-02,-5.282679847e-01,-5.102697676e-01,1.734449465e+00,6.092794312e+00,7.107187628e+00
131874.073546542,-6.319243200e-02,-5.276887827e-01,-5.232029432e-01,1.558625281e+00,6.094739601e+00,7.176320201e+00
131874.083552542,-8.206452368e-02,-4.944558471e-01,-5.161588713e-01,1.365892047e+00,6.086509533e+00,7.196222002e+00
131874.093559542,-9.489939982e-02,-4.527679402e-01,-4.834173184e-01,1.149815347e+00,6.078129827e+00,7.301267600e+00
131874.103566542,-8.263102758e-02,-4.120548763e-01,-4.370816910e-01,9.094973557e-01,6.113145026e+00,7.535899363e+00
131874.113573542,-6.385710186e-02,-3.952262792e-01,-3.919568343e-01,7.104793427e-01,6.220734464e+00,7.752724251e+00
131874.123579542,-4.186816800e-02,-3.884272114e-01,-3.574616453e-01,6.980594215e-01,6.217891349e+00,7.796568069e+00
131874.133586542,-2.408853923e-02,-3.998132439e-01,-3.504780989e-01,8.043021202e-01,6.249614521e+00,7.747187659e+00
131874.143593542,-1.361106931e-02,-4.195788748e-01,-3.789291615e-01,1.065719014e+00,6.195744984e+00,7.638251484e+00
131874.153599542,-1.900552764e-02,-4.461803295e-01,-4.370803169e-01,1.334168875e+00,6.209062730e+00,7.521384515e+00
131874.163606542,-2.372128786e-02,-4.735813054e-01,-4.941626174e-01,1.437119547e+00,6.173149706e+00,7.529165671e+00
131874.173613542,-2.705897501e-02,-4.904248180e-01,-5.263551213e-01,1.328781921e+00,6.150554427e+00,7.673865234e+00
131874.183619542,-3.310998835e-02,-4.867449138e-01,-5.337069625e-01,1.202188509e+00,6.095038876e+00,7.802703210e+00
131874.193626542,-2.658261359e-02,-4.658398923e-01,-5.100757551e-01,1.016937155e+00,6.038475862e+00,7.964311823e+00
131874.203633542,-5.217822110e-03,-4.302667647e-01,-4.582508194e-01,8.233060959e-01,6.054038173e+00,8.176946857e+00
131874.213640542,3.195301200e-02,-4.031791307e-01,-4.113240332e-01,7.433996155e-01,6.096984165e+00,8.335113805e+00
131874.223646542,7.218401076e-02,-4.051547787e-01,-3.916027584e-01,7.760206131e-01,6.157886670e+00,8.340650396e+00
131874.233653542,1.059848123e-01,-4.198159881e-01,-4.044891494e-01,8.988730858e-01,6.204423965e+00,8.167370051e+00
131874.243660542,1.296734874e-01,-4.596711393e-01,-4.503245768e-01,1.041926635e+00,6.286126096e+00,7.933935389e+00
131874.253666542,1.445708919e-01,-5.049893345e-01,-5.133250878e-01,1.101033488e+00,6.359897435e+00,7.723694556e+00
131874.263673542,1.584607409e-01,-5.524770320e-01,-5.735170228e-01,1.041926635e+00,6.414964073e+00,7.587524336e+00
131874.273680542,1.612311865e-01,-5.889271800e-01,-6.172175582e-01,9.144353966e-01,6.486790123e+00,7.517045025e+00
131874.283686542,1.549064117e-01,-6.038652831e-01,-6.391461326e-01,7.501333076e-01,6.592583909e+00,7.431901228e+00
131874.293693542,1.447974313e-01,-6.025852106e-01,-6.275410875e-01,6.045359192e-01,6.669647275e+00,7.371447636e+00
131874.303700542,1.314705809e-01,-5.860934426e-01,-5.966697701e-01,4.053682686e-01,6.805218944e+00,7.382969732e+00
131874.313706542,1.150243455e-01,-5.686530360e-01,-5.571309158e-01,2.804208694e-01,6.910713454e+00,7.365611770e+00
131874.323713542,8.712837973e-02,-5.543259360e-01,-5.156994270e-01,1.749263588e-01,7.046135486e+00,7.295731009e+00
131874.333720542,4.375403966e-02,-5.425207787e-01,-4.797138158e-01,2.124853973e-01,7.122301026e+00,7.141454639e+00
131874.343727542,-2.231753676e-02,-5.085687047e-01,-4.530290899e-01,3.715501701e-01,7.215375616e+00,6.963535529e+00
131874.353733542,-1.000240486e-01,-4.450099327e-01,-4.314296631e-01,6.082768593e-01,7.311143682e+00,6.835146465e+00
131874.363740542,-1.596214428e-01,-3.736582451e-01,-4.141494555e-01,8.373720306e-01,7.378779879e+00,6.871957315e+00
131874.373747542,-1.997145741e-01,-3.196089606e-01,-4.160022457e-01,9.894038361e-01,7.444770062e+00,7.030872450e+00
131874.383753542,-2.167616290e-01,-3.011082838e-01,-4.371619932e-01,1.127818620e+00,7.490259894e+00,7.216871992e+00
131874.393760542,-2.278909550e-01,-3.129422735e-01,-4.773781507e-01,1.265634853e+00,7.448062090e+00,7.308899118e+00
131874.403767542,-2.302188438e-01,-3.378517500e-01,-5.292716093e-01,1.411531516e+00,7.302763976e+00,7.281814712e+00
131874.413773542,-2.071691618e-01,-3.685004525e-01,-5.740826650e-01,1.426644914e+00,7.194276714e+00,7.413795078e+00
131874.423780542,-1.612506089e-01,-3.899973731e-01,-6.046861089e-01,1.410334415e+00,7.048080775e+00,7.592163102e+00
131874.433787000,-9.288555623e-02,-4.154239742e-01,-6.100699261e-01,1.285536654e+00,6.954706910e+00,7.760655044e+00
131874.443794000,-3.819879089e-02,-4.359934758e-01,-5.813188762e-01,1.121982753e+00,6.880337021e+00,7.808239802e+00
131874.453800000,-7.170611219e-03,-4.445705815e-01,-5.304755577e-01,1.036090768e+00,6.839186680e+00,7.628525040e+00
131874.463807000,1.414133087e-02,-4.288403455e-01,-4.660086088e-01,1.116296524e+00,6.818985603e+00,7.378031691e+00
131874.473814000,3.504873950e-02,-3.814382757e-01,-4.029000827e-01,1.365293497e+00,6.744466077e+00,7.197119828e+00
131874.483820000,6.875545133e-02,-3.232819298e-01,-3.598760571e-01,1.708262885e+00,6.681917558e+00,7.062296347e+00
131874.493827000,1.069769344e-01,-2.851898706e-01,-3.653012633e-01,2.118419556e+00,6.620117228e+00,6.920439899e+00
131874.503834000,1.440284848e-01,-2.967329097e-01,-4.152897186e-01,2.435950552e+00,6.560411824e+00,6.686705962e+00
131874.513840000,1.830135456e-01,-3.538756836e-01,-4.947898556e-01,2.580799752e+00,6.530633941e+00,6.466439409e+00
131874.523847000,2.179710838e-01,-4.403327566e-01,-5.785400062e-01,2.573916422e+00,6.563404576e+00,6.326228974e+00
131874.533854000,2.430272345e-01,-5.112164553e-01,-6.344836988e-01,2.336890458e+00,6.677578068e+00,6.179434485e+00
131874.543860000,2.491067064e-01,-5.538701861e-01,-6.529428418e-01,2.043900030e+00,6.771849758e+00,6.009895080e+00
131874.553867000,2.491008429e-01,-5.746931910e-01,-6.181532666e-01,1.647510017e+00,6.828562410e+00,5.903053831e+00
131874.563874000,2.440660683e-01,-5.824029927e-01,-5.447430843e-01,1.188721124e+00,6.964283717e+00,5.886444057e+00
131874.573881000,2.364684740e-01,-5.772148880e-01,-4.565828644e-01,8.670002762e-01,7.149235795e+00,5.873575223e+00
131874.583887000,2.277178611e-01,-5.722932362e-01,-3.641673994e-01,6.937199310e-01,7.353640762e+00,5.856366898e+00
131874.593894000,2.122228854e-01,-5.649470447e-01,-2.853580376e-01,6.706757401e-01,7.566874347e+00,5.792022729e+00
131874.603901000,1.760561278e-01,-5.500033532e-01,-2.347157852e-01,8.319850769e-01,7.771877864e+00,5.607669201e+00
131874.613907000,1.352793754e-01,-5.454827054e-01,-1.998988494e-01,1.032349828e+00,7.879018388e+00,5.425859512e+00
131874.623914000,7.838985367e-02,-5.409617465e-01,-1.798735224e-01,1.215356618e+00,7.927800247e+00,5.320065726e+00
131874.633921000,9.836692711e-03,-5.325958104e-01,-1.748002800e-01,1.440710849e+00,7.902062579e+00,5.201253469e+00
131874.643927000,-5.106945116e-02,-5.103950590e-01,-1.847439884e-01,1.648557481e+00,7.813028205e+00,5.219209982e+00
131874.653934000,-9.051995588e-02,-4.651413283e-01,-1.864185105e-01,1.755698005e+00,7.743596357e+00,5.423914223e+00
131874.663941000,-1.160303674e-01,-4.062510652e-01,-1.755005413e-01,1.795651245e+00,7.638251484e+00,5.713014074e+00
131874.673947000,-1.288854965e-01,-3.428583182e-01,-1.620801228e-01,1.751358514e+00,7.547571096e+00,5.937470480e+00
131874.683954000,-1.242600534e-01,-2.882829264e-01,-1.419561369e-01,1.664718342e+00,7.430255215e+00,6.142473997e+00
131874.693961000,-9.854240849e-02,-2.603824566e-01,-1.217087772e-01,1.588852077e+00,7.364564307e+00,6.357054321e+00
131874.703968000,-7.195271112e-02,-2.504319579e-01,-1.211115429e-01,1.607556777e+00,7.308450205e+00,6.458957529e+00
131874.713974000,-5.582859510e-02,-2.560423050e-01,-1.484390863e-01,1.770811403e+00,7.192630700e+00,6.338199982e+00
131874.723981000,-5.314216001e-02,-2.837592988e-01,-2.063240058e-01,1.984493901e+00,7.138312250e+00,6.180631586e+00
131874.733988000,-6.417609751e-02,-3.240471952e-01,-2.810757891e-01,2.122609409e+00,7.104943064e+00,6.036380936e+00
131874.743994000,-8.263617533e-02,-3.553843196e-01,-3.614704639e-01,2.188749230e+00,7.046285123e+00,5.906046583e+00
131874.754001000,-8.921240822e-02,-3.546837189e-01,-4.257672122e-01,2.136974619e+00,6.994360875e+00,5.894973400e+00
131874.764008000,-8.572554929e-02,-3.285518846e-01,-4.635225595e-01,1.864933456e+00,6.962936978e+00,6.000916824e+00
131874.774014000,-7.038540546e-02,-3.085182261e-01,-4.473636103e-01,1.461510476e+00,6.991817036e+00,6.162375798e+00
131874.784021000,-3.379890266e-02,-2.979527825e-01,-3.996881549e-01,9.374795876e-01,7.091625317e+00,6.323385860e+00
131874.794028000,5.925136487e-03,-3.017216999e-01,-3.279298399e-01,5.363011719e-01,7.161057166e+00,6.423343779e+00
131874.804035000,3.080905321e-02,-3.037906640e-01,-2.578977847e-01,3.579331482e-01,7.290044780e+00,6.334608680e+00
131874.814041000,3.756835863e-02,-2.980722256e-01,-2.109827257e-01,4.622305580e-01,7.371297999e+00,6.103867495e+00
131874.824048000,2.507957375e-02,-2.764398800e-01,-1.832062273e-01,7.022492744e-01,7.481730550e+00,5.876418337e+00
131874.834055000,2.561556734e-03,-2.423945322e-01,-1.670911788e-01,9.487024078e-01,7.520935603e+00,5.706878932e+00
131874.844061000,-2.182136964e-02,-2.182673049e-01,-1.522602289e-01,1.066317564e+00,7.548768197e+00,5.663184752e+00
131874.854068000,-4.726869259e-02,-1.977006494e-01,-1.439450810e-01,1.151012448e+00,7.523778717e+00,5.667224967e+00
131874.864075000,-5.698269931e-02,-1.809450880e-01,-1.244161609e-01,1.248127253e+00,7.488164967e+00,5.766135423e+00
131874.874081000,-4.788398935e-02,-1.607349741e-01,-1.115877055e-01,1.357961254e+00,7.478288885e+00,5.967248363e+00
131874.884088000,-2.172265942e-02,-1.312449238e-01,-1.000194202e-01,1.548898837e+00,7.488913155e+00,6.162525436e+00
131874.894095000,4.712336317e-03,-1.052929833e-01,-9.310192615e-02,1.713350563e+00,7.584681222e+00,6.286724647e+00
131874.904101000,2.433123824e-02,-8.684029416e-02,-1.082840403e-01,1.906831985e+00,7.630171053e+00,6.218190624e+00
131874.914108000,3.641649148e-02,-7.333865784e-02,-1.489142327e-01,2.099116306e+00,7.720552166e+00,6.071096860e+00
131874.924115000,2.896410038e-02,-6.260435620e-02,-2.076582269e-01,2.238728190e+00,7.786243074e+00,5.857713637e+00
131874.934122000,-3.463114258e-03,-4.393484476e-02,-2.685658855e-01,2.331952417e+00,7.826794865e+00,5.599888046e+00
131874.944128000,-5.332076358e-02,5.106445973e-03,-3.296079993e-01,2.356492984e+00,7.845798840e+00,5.431695379e+00
131874.954135000,-9.307254440e-02,6.332044615e-02,-3.673660641e-01,2.300528520e+00,7.959074506e+00,5.464765289e+00
131874.964142000,-1.298646317e-01,1.186298929e-01,-3.681608654e-01,2.034772136e+00,8.057087137e+00,5.639392373e+00
131874.974148000,-1.672535357e-01,1.668220264e-01,-3.547783992e-01,1.739686781e+00,8.072649448e+00,5.705232919e+00
131874.984155000,-1.953752217e-01,2.075831888e-01,-3.344269179e-01,1.528997035e+00,8.163030560e+00,5.747879636e+00
131874.994162000,-2.194986389e-01,2.540617466e-01,-3.179762716e-01,1.409137315e+00,8.215403722e+00,5.834669446e+00
131875.004168000,-2.541955897e-01,2.871197158e-01,-3.058510919e-01,1.355267777e+00,8.218396474e+00,5.787982513e+00
131875.014175000,-2.829110524e-01,2.982552963e-01,-3.081562469e-01,1.355417415e+00,8.104671895e+00,5.825990465e+00
131875.024182000,-2.726341554e-01,2.955533435e-01,-3.348280516e-01,1.375319216e+00,8.011896581e+00,6.086509533e+00
131875.034189000,-2.373582363e-01,2.820663990e-01,-3.609303514e-01,1.384297472e+00,7.963264359e+00,6.538265459e+00
131875.044195000,-1.870581890e-01,2.522666023e-01,-3.845530125e-01,1.262492463e+00,7.926154234e+00,6.913406931e+00
131875.054202000,-1.321023368e-01,2.089789449e-01,-4.097120359e-01,1.137395426e+00,7.806444151e+00,7.110030743e+00
131875.064209000,-7.199533607e-02,1.575052392e-01,-4.322997859e-01,1.096245085e+00,7.696759787e+00,7.186495558e+00
131875.074215000,-2.695165834e-02,1.058615968e-01,-4.526046094e-01,1.080383499e+00,7.646481552e+00,7.160009702e+00
131875.084222000,-1.212943583e-02,7.484313368e-02,-4.671279043e-01,1.053149455e+00,7.633911993e+00,7.009773548e+00
131875.094229000,-2.466253765e-02,6.828822092e-02,-4.744221614e-01,1.050455978e+00,7.627926489e+00,6.773495772e+00
131875.104235000,-3.252491866e-02,9.718123964e-02,-4.697642285e-01,1.061529161e+00,7.595754404e+00,6.757634186e+00
131875.114242000,-3.214966474e-02,1.554277011e-01,-4.636627801e-01,1.018433531e+00,7.553406963e+00,6.941838076e+00
131875.124249000,-1.141966186e-02,2.269437572e-01,-4.539091048e-01,1.003170496e+00,7.413645441e+00,7.164648468e+00
131875.134255000,1.536386103e-02,2.543715749e-01,-4.508679297e-01,8.276455864e-01,7.406762111e+00,7.427861013e+00
131875.144262000,3.949987586e-02,2.259648343e-01,-4.532720436e-01,5.933130989e-01,7.268048052e+00,7.461379836e+00
131875.154269000,6.077963264e-02,1.534604696e-01,-4.691856454e-01,3.993827644e-01,7.188590485e+00,7.353491124e+00
131875.164276000,7.850452522e-02,3.771562770e-02,-4.848747042e-01,2.268506073e-01,7.173626724e+00,7.316829911e+00
131875.174282000,7.789110984e-02,-6.855638852e-02,-5.143367738e-01,1.659481026e-01,7.086088726e+00,7.147589781e+00
131875.184289000,7.153668656e-02,-1.348104185e-01,-5.376006683e-01,2.063502556e-01,6.993762325e+00,6.933009457e+00
131875.194296000,7.255718528e-02,-1.423794131e-01,-5.375622550e-01,1.616086121e-01,6.915052945e+00,6.912209830e+00
131875.204302000,7.985308717e-02,-8.999288924e-02,-5.000882863e-01,3.486556168e-02,6.841730519e+00,6.980893491e+00
131875.214309000,1.001012927e-01,-2.794845749e-02,-4.297242748e-01,-1.984194626e-01,6.875847893e+00,7.118410448e+00
131875.224316000,1.045965590e-01,3.710364115e-02,-3.394889138e-01,-4.958990189e-01,6.937947498e+00,7.126939792e+00
131875.234322000,8.562603816e-02,7.477815788e-02,-2.505638894e-01,-6.307224998e-01,6.919242798e+00,6.900987010e+00
131875.244329000,5.564394403e-02,7.897507698e-02,-1.694595049e-01,-6.165069275e-01,6.879588833e+00,6.681767921e+00
131875.254336000,1.005549316e-02,4.460654140e-02,-1.004182279e-01,-5.523123955e-01,6.759729112e+00,6.509535039e+00
131875.264343000,-3.681977611e-02,-5.257202096e-03,-6.931088662e-02,-3.121440414e-01,6.624157443e+00,6.421548128e+00
131875.274349000,-6.269978052e-02,-3.846917922e-02,-6.778914317e-02,7.646481552e-02,6.534823794e+00,6.506093374e+00
131875.284356000,-6.280353645e-02,-4.036306354e-02,-6.711233842e-02,4.058171814e-01,6.369025329e+00,6.747309191e+00
131875.294363000,-6.282036898e-02,-7.877058382e-03,-6.808073480e-02,6.769605194e-01,6.217143161e+00,6.850858413e+00
131875.304369000,-7.171521375e-02,3.545252583e-02,-7.123338165e-02,8.306383385e-01,6.138882694e+00,6.775590698e+00
131875.314376000,-8.693962656e-02,5.126473884e-02,-6.516867654e-02,7.737760490e-01,6.043114628e+00,6.671442926e+00
131875.324383000,-9.868665720e-02,3.377517869e-02,-3.892492419e-02,5.385457359e-01,6.018125148e+00,6.661417207e+00
131875.334389000,-1.095937340e-01,-1.550698011e-04,1.275974337e-03,2.424129181e-01,6.018125148e+00,6.742670425e+00
131875.344396000,-1.101226550e-01,-4.611031082e-02,4.780261931e-02,1.098340012e-01,5.983109949e+00,6.860435220e+00
131875.354403000,-1.073976341e-01,-9.260175976e-02,8.659254618e-02,1.273416008e-01,5.998223347e+00,6.957699662e+00
131875.364410000,-1.280947599e-01,-1.119000949e-01,9.791288305e-02,3.708019821e-01,5.989694003e+00,6.875997530e+00
131875.374416000,-1.544100801e-01,-1.075442936e-01,8.670294480e-02,6.561608925e-01,6.062268241e+00,6.730100867e+00
131875.384423000,-1.720206946e-01,-8.893002608e-02,6.154069420e-02,8.366238426e-01,6.115988141e+00,6.793098298e+00
131875.394430000,-1.903742720e-01,-5.544672624e-02,3.283110839e-02,8.581716576e-01,6.169708041e+00,6.848464211e+00
131875.404436000,-2.061625647e-01,-1.713083489e-02,1.877300456e-02,6.992565224e-01,6.232406197e+00,6.931812357e+00
131875.414443000,-2.120385659e-01,1.615616009e-02,3.114364016e-02,4.017769661e-01,6.236596049e+00,7.048978600e+00
131875.424450000,-1.995836365e-01,4.047932663e-02,7.502917189e-02,4.519055634e-02,6.295702903e+00,7.248894439e+00
131875.434456292,-1.899377710e-01,4.943960676e-02,1.416727983e-01,-3.098994774e-01,6.371868443e+00,7.334936061e+00
131875.444463292,-1.950146429e-01,5.422716356e-02,1.951437875e-01,-4.010287781e-01,6.366631127e+00,7.204601708e+00
131875.454470292,-1.907954914e-01,3.986756808e-02,2.399025960e-01,-3.179799080e-01,6.357802509e+00,7.158812601e+00
131875.464476292,-1.622318799e-01,3.717784462e-02,2.537701837e-01,-1.541267319e-01,6.337002882e+00,7.307851655e+00
131875.474483292,-1.103531912e-01,4.425214767e-02,2.371572794e-01,1.529296310e-01,6.288969211e+00,7.574056952e+00
131875.484490292,-4.823599592e-02,5.441204564e-02,2.158520374e-01,3.383306221e-01,6.326677887e+00,7.838316960e+00
131875.494497292,3.069515940e-03,4.856958706e-02,1.888987000e-01,3.540425705e-01,6.317998906e+00,7.830386167e+00
131875.504503292,4.269808442e-02,2.607931143e-02,1.649789603e-01,2.940378914e-01,6.300192031e+00,7.663540239e+00
131875.514510292,8.387863510e-02,-1.163622774e-03,1.630902393e-01,1.545756447e-01,6.339397083e+00,7.575852603e+00
131875.524517292,1.097657506e-01,-2.325322487e-02,1.754588317e-01,5.237316132e-02,6.372915907e+00,7.497592136e+00
131875.534523292,1.146746288e-01,-2.678235436e-02,1.893466118e-01,5.401917496e-02,6.383540176e+00,7.282113987e+00
131875.544530292,1.064090203e-01,1.501683859e-03,2.096155136e-01,1.728314323e-01,6.343287661e+00,7.138012975e+00
131875.554537292,9.210907514e-02,2.823847156e-02,2.336315270e-01,2.461538582e-01,6.419602839e+00,7.124994503e+00
131875.564543292,6.594645458e-02,6.063098987e-02,2.542914339e-01,2.500444359e-01,6.454767676e+00,7.061997072e+00
131875.574550292,4.301788611e-02,8.172594702e-02,2.819444444e-01,2.929904282e-01,6.443993768e+00,7.007229709e+00
131875.584557292,2.745524281e-02,8.600050248e-02,3.116801549e-01,2.392705284e-01,6.545148788e+00,7.030273900e+00
131875.594564292,2.659141303e-02,8.725586148e-02,3.219466082e-01,2.473509590e-01,6.600963615e+00,7.090128941e+00
131875.604570292,3.578643073e-02,1.064897523e-01,3.283764724e-01,3.278559898e-01,6.731896518e+00,7.175721651e+00
131875.614577292,4.670065606e-02,1.634269360e-01,3.447486105e-01,4.393360046e-01,6.776488524e+00,7.269694066e+00
131875.624584292,4.453397525e-02,2.394194671e-01,3.587648945e-01,4.776432312e-01,6.873453691e+00,7.176918752e+00
131875.634590292,3.258047727e-02,2.831847514e-01,3.714848487e-01,3.998316772e-01,7.060201421e+00,7.056161205e+00
131875.644597292,-3.799834931e-03,2.458476885e-01,3.592977453e-01,3.564367722e-01,7.078157933e+00,6.871059489e+00
131875.654604292,-4.026355001e-02,1.377878518e-01,3.065244747e-01,4.758475800e-01,6.973112335e+00,6.762871502e+00
131875.664610292,-4.620267462e-02,-1.827050514e-02,2.421066773e-01,5.123591553e-01,7.070526415e+00,6.935852572e+00
131875.674617292,-3.893332475e-02,-1.533282290e-01,1.757018524e-01,6.166565651e-01,7.085939088e+00,7.218218730e+00
131875.684624292,-5.072288190e-02,-1.956225943e-01,1.376440080e-01,7.538742477e-01,7.202656419e+00,7.302614339e+00
131875.694631292,-9.314400669e-02,-1.306010264e-01,1.433401379e-01,7.974187904e-01,7.274482469e+00,7.205649171e+00
131875.704637292,-1.494360056e-01,1.709998635e-02,1.814314203e-01,8.759785324e-01,7.229441550e+00,7.079504671e+00
131875.714644292,-1.860069021e-01,1.872854542e-01,2.251301399e-01,8.702923035e-01,7.290493693e+00,7.164349193e+00
131875.724651292,-1.865961036e-01,3.094366478e-01,2.618524962e-01,8.131307388e-01,7.268197690e+00,7.464073313e+00
131875.734657292,-1.586150043e-01,3.526190613e-01,2.745462577e-01,7.793126404e-01,7.250091540e+00,7.800009734e+00
131875.744664292,-1.092416859e-01,3.268148676e-01,2.394300186e-01,9.630676178e-01,7.117961536e+00,7.976282831e+00
131875.754671292,-4.256786048e-02,2.908485694e-01,1.848782796e-01,1.180491056e+00,7.161206803e+00,8.052448371e+00
131875.764677292,1.168777629e-02,2.402978733e-01,1.425496341e-01,1.301996790e+00,7.228543725e+00,8.039729175e+00
131875.774684292,-1.659096353e-02,1.809819900e-01,9.858841555e-02,1.226130525e+00,7.419182032e+00,7.446266438e+00
131875.784691292,-9.442087046e-02,1.277959985e-01,5.129530866e-02,1.267430504e+00,7.388955236e+00,6.602459991e+00
131875.794698292,-1.354463016e-01,1.017385705e-01,3.432021932e-03,1.322946055e+00,7.347056707e+00,6.454767676e+00
131875.804704292,-1.260935831e-01,9.138534893e-02,-3.613512121e-02,1.308131932e+00,7.416189280e+00,6.836493203e+00
131875.814711292,-1.122698863e-01,9.417068582e-02,-5.683555879e-02,1.213411329e+00,7.433996155e+00,7.080402497e+00
131875.824718292,-1.244654881e-01,9.358741146e-02,-6.189360040e-02,1.108964281e+00,7.381024443e+00,6.963385891e+00
131875.834724292,-1.589023361e-01,9.106499625e-02,-7.439549856e-02,1.062875900e+00,7.370998724e+00,6.723816087e+00
131875.844731292,-1.964075280e-01,1.157999116e-01,-9.770817607e-02,1.193509528e+00,7.336582075e+00,6.609193683e+00
131875.854738292,-2.303971378e-01,1.663856444e-01,-1.028823106e-01,1.295712011e+00,7.423820798e+00,6.662315032e+00
131875.864744292,-2.750458608e-01,2.342470405e-01,-9.039704063e-02,1.248576166e+00,7.395090378e+00,6.641365768e+00
131875.874751292,-3.332609385e-01,3.059274679e-01,-6.458223194e-02,1.246780515e+00,7.280168698e+00,6.538864009e+00
131875.884758292,-4.106214912e-01,3.643644390e-01,-3.988623427e-02,1.222239948e+00,7.216123804e+00,6.440701741e+00
131875.894764292,-4.916267969e-01,4.340849463e-01,-2.405027469e-02,1.313518886e+00,6.957400387e+00,6.353014105e+00
131875.904771292,-5.300910582e-01,4.948613291e-01,-9.397712914e-03,1.321449679e+00,6.833201176e+00,6.645405983e+00
131875.914778292,-5.188519424e-01,5.346510976e-01,-1.334611626e-02,1.375319216e+00,6.593631372e+00,7.180510054e+00
131875.924785292,-4.501925667e-01,5.361984263e-01,-4.128348305e-02,1.449988380e+00,6.414365523e+00,7.718307602e+00
131875.934791292,-3.504074416e-01,4.732444516e-01,-7.944163920e-02,1.393425366e+00,6.211756207e+00,8.164078024e+00
131875.944798292,-2.209064829e-01,3.469853663e-01,-1.575803599e-01,1.455375334e+00,5.828534304e+00,8.458714465e+00
131875.954805292,-5.027658762e-02,1.820722523e-01,-2.458194107e-01,1.524358270e+00,5.556642778e+00,8.858995055e+00
131875.964811292,1.064697320e-01,6.916631941e-03,-3.159870375e-01,1.362899295e+00,5.501725777e+00,9.055469229e+00
131875.974818292,2.036619678e-01,-1.299106543e-01,-3.659040929e-01,1.211166765e+00,5.357325490e+00,8.659528130e+00
131875.984825292,2.340855258e-01,-2.067078759e-01,-3.687299105e-01,1.014094041e+00,5.422268210e+00,8.017582809e+00
131875.994832292,1.998081120e-01,-1.976657594e-01,-3.403374426e-01,8.668506386e-01,5.508609107e+00,7.387907773e+00
131876.004838292,1.271029887e-01,-1.124450351e-01,-3.031136134e-01,9.614216042e-01,5.554248576e+00,6.859537394e+00
131876.014845292,6.471866355e-02,-1.598278537e-03,-2.568224662e-01,9.813234055e-01,5.702240166e+00,6.731447605e+00
131876.024852292,1.373259693e-02,1.012365466e-01,-2.195651619e-01,9.080009796e-01,5.847687917e+00,6.826467484e+00
131876.034858292,-1.451487861e-02,1.895466475e-01,-1.902585136e-01,8.200140686e-01,5.928342586e+00,6.907122152e+00
131876.044865292,-1.537432850e-02,2.526071409e-01,-1.645720866e-01,6.667851624e-01,5.970091477e+00,7.044788747e+00
131876.054872292,-6.100664096e-03,2.953297139e-01,-1.438564229e-01,4.610334572e-01,6.065709906e+00,7.118111173e+00
131876.064878292,2.108447203e-02,3.092867907e-01,-1.274065573e-01,3.363853333e-01,6.054935999e+00,7.114519871e+00
131876.074885292,7.155920324e-02,2.809044632e-01,-1.084857065e-01,1.731307076e-01,6.153547179e+00,7.258321608e+00
131876.084892292,1.235065785e-01,2.185540766e-01,-9.085761958e-02,2.259527817e-02,6.317400356e+00,7.312640058e+00
131876.094898292,1.596401807e-01,1.424750614e-01,-7.154714425e-02,-4.264671707e-02,6.381145975e+00,7.116315522e+00
131876.104905292,1.657378092e-01,7.131830096e-02,-4.730534250e-02,-6.479308243e-02,6.546794802e+00,6.858041018e+00
131876.114912292,1.342213093e-01,1.953576603e-02,-3.460977938e-02,7.332242584e-03,6.667103436e+00,6.449530360e+00
131876.124919292,8.843824955e-02,-2.985677493e-02,-5.073162103e-02,1.831564270e-01,6.719775872e+00,6.150404790e+00
131876.134925292,3.925201737e-02,-6.988179583e-02,-8.290364791e-02,2.675520355e-01,6.901136648e+00,6.077232001e+00
131876.144932292,-1.145934597e-02,-8.680649525e-02,-1.206652199e-01,3.767874863e-01,6.839635593e+00,6.006303777e+00
131876.154939292,-3.471173339e-02,-8.125208355e-02,-1.441556441e-01,3.911526962e-01,6.755389622e+00,6.109404086e+00
131876.164945292,-2.078447485e-02,-5.823703633e-02,-1.525549249e-01,2.747346405e-01,6.703315736e+00,6.452672749e+00
131876.174952292,2.471541616e-02,-1.846581671e-02,-1.367850840e-01,1.782183861e-01,6.518662933e+00,6.854150440e+00
131876.184959292,9.008513948e-02,7.556522725e-03,-1.037496704e-01,1.197100830e-03,6.449829635e+00,7.198915479e+00
131876.194965292,1.543118149e-01,1.329332261e-02,-6.300540426e-02,-1.982698250e-01,6.420500665e+00,7.339275552e+00
131876.204972292,2.062410588e-01,-7.462114380e-04,-2.041509496e-02,-3.947439987e-01,6.490381425e+00,7.273584644e+00
131876.214979292,2.370384640e-01,-1.654063090e-02,2.233176949e-02,-4.737526535e-01,6.544101325e+00,7.130680732e+00
131876.224986292,2.469751864e-01,-9.853055024e-03,3.603125457e-02,-3.019686844e-01,6.587047318e+00,6.921637000e+00
131876.234992292,2.362429948e-01,2.527567788e-02,2.118297904e-02,2.917933273e-02,6.739677673e+00,6.671442926e+00
131876.244999292,1.838902659e-01,7.678299511e-02,1.877172263e-03,2.094926453e-01,6.876147168e+00,6.381894163e+00
131876.255006292,1.099871708e-01,1.402783227e-01,-3.161854420e-02,2.284966209e-01,6.969371395e+00,6.038924775e+00
131876.265012292,4.608747817e-02,1.978782212e-01,-4.747684190e-02,1.464952141e-01,7.027430785e+00,5.957222643e+00
131876.275019292,1.565162146e-02,2.473539631e-01,-3.904141952e-02,-1.227028351e-01,7.109581830e+00,6.163423261e+00
131876.285026292,2.967236156e-02,3.040447888e-01,3.208193562e-03,-4.043208054e-01,7.134272034e+00,6.537367633e+00
131876.295032292,7.335409723e-02,3.860236648e-01,7.585307582e-02,-6.000467911e-01,7.141604277e+00,6.953509809e+00
131876.305039292,1.113148820e-01,4.666270025e-01,1.587826419e-01,-7.582137383e-01,7.262212186e+00,7.149385432e+00
131876.315046292,1.315445547e-01,5.311974931e-01,2.483428041e-01,-8.810662109e-01,7.249941902e+00,7.086088726e+00
131876.325053292,1.451237101e-01,5.650739510e-01,3.342055067e-01,-1.021127008e+00,7.294533908e+00,6.989422834e+00
131876.335059292,1.640492777e-01,5.598683608e-01,4.158497266e-01,-1.151012448e+00,7.381473356e+00,7.007828259e+00
131876.345066292,1.849106686e-01,5.259004797e-01,4.784402026e-01,-1.225083062e+00,7.355436413e+00,6.994959425e+00
131876.355073292,2.142777017e-01,4.724152296e-01,5.141828595e-01,-1.080383499e+00,7.248744801e+00,7.007528984e+00
131876.365079292,2.511948404e-01,3.994559640e-01,5.026604928e-01,-7.824550301e-01,7.286303840e+00,7.048230412e+00
131876.375086292,2.802154324e-01,3.341330725e-01,4.381490787e-01,-3.012204964e-01,7.293336807e+00,6.951265245e+00
131876.385093292,3.092738637e-01,2.976198111e-01,3.388056158e-01,1.306336281e-01,7.330746208e+00,6.830358061e+00
131876.395099292,3.336423604e-01,2.982260714e-01,2.576821242e-01,2.406172668e-01,7.450456291e+00,6.795193224e+00
131876.405106292,3.342542808e-01,3.205219808e-01,2.179465077e-01,1.930325089e-02,7.589469625e+00,6.704213561e+00
131876.415113292,3.153345506e-01,3.452947045e-01,2.397073956e-01,-3.607762627e-01,7.544428706e+00,6.580163988e+00
131876.425120292,3.012877980e-01,3.467356423e-01,3.256234578e-01,-8.925883064e-01,7.523329804e+00,6.636278089e+00
131876.435127125,3.106373086e-01,3.471319945e-01,4.437956685e-01,-1.114650510e+00,7.410802326e+00,6.832004075e+00
131876.445134125,3.431971658e-01,3.612655576e-01,5.420112855e-01,-8.768763580e-01,7.264456750e+00,7.088632565e+00
131876.455141125,3.754333607e-01,3.875276693e-01,5.994849305e-01,-3.630208267e-01,7.287351303e+00,7.251887191e+00
131876.465147125,3.920112069e-01,4.176738920e-01,6.039824603e-01,3.202244720e-01,7.263409286e+00,7.087285827e+00
131876.475154125,4.015267847e-01,4.441223686e-01,5.596859023e-01,9.500491463e-01,7.311592595e+00,6.866420724e+00
131876.485161125,4.019690222e-01,4.679485016e-01,5.000682782e-01,1.244685588e+00,7.558943554e+00,6.722618987e+00
131876.495167125,3.901151525e-01,4.932551115e-01,4.428531142e-01,1.323394968e+00,7.700949640e+00,6.486041935e+00
131876.505174125,3.836270921e-01,4.934128534e-01,4.068391156e-01,1.265934128e+00,7.751676788e+00,6.304082609e+00
131876.515181125,3.760338506e-01,4.454499907e-01,3.898843035e-01,1.047612864e+00,7.848941230e+00,6.249464883e+00
131876.525187125,3.561864833e-01,3.709724495e-01,3.519997858e-01,1.018283894e+00,7.920617642e+00,6.035932023e+00
131876.535194125,3.316861061e-01,3.058861143e-01,3.088661425e-01,1.200093582e+00,7.911639386e+00,5.825691190e+00
131876.545201125,2.941773929e-01,2.869340269e-01,2.652365096e-01,1.315464175e+00,8.019977011e+00,5.678148512e+00
131876.555208125,2.360421945e-01,2.987208002e-01,2.205244189e-01,1.370680450e+00,8.110058849e+00,5.582530083e+00
131876.565214125,1.720951397e-01,3.452443429e-01,1.801798220e-01,1.320252578e+00,8.201487424e+00,5.507262369e+00
131876.575221125,1.214828646e-01,4.116308701e-01,1.534589098e-01,1.122282028e+00,8.269422897e+00,5.528959821e+00
131876.585228125,1.016615105e-01,4.787542018e-01,1.435206783e-01,7.905354607e-01,8.209418217e+00,5.796362219e+00
131876.595234125,1.011155922e-01,5.250675571e-01,1.479500290e-01,4.095581215e-01,8.144026585e+00,6.097283440e+00
131876.605241125,1.022944670e-01,5.314889420e-01,1.571202924e-01,-2.274491577e-02,8.037035698e+00,6.189310567e+00
131876.615248125,8.969667904e-02,5.096412625e-01,1.509726764e-01,-3.577835106e-01,7.920617642e+00,6.143820735e+00
131876.625255125,6.951302341e-02,4.767500919e-01,1.202064542e-01,-5.714660088e-01,7.810933279e+00,6.029198331e+00
131876.635261125,4.569608552e-02,4.484154853e-01,8.809084249e-02,-7.556698990e-01,7.710676084e+00,6.029048693e+00
131876.645268125,2.327493993e-02,4.275641370e-01,6.086814351e-02,-1.035043305e+00,7.653664157e+00,6.072293961e+00
131876.655275125,1.598893282e-02,4.155383664e-01,5.666633328e-02,-1.358559805e+00,7.479037074e+00,6.142174722e+00
131876.665281125,2.870519040e-02,3.926320446e-01,7.438403160e-02,-1.693748037e+00,7.336282800e+00,6.260388428e+00
131876.675288125,3.337356354e-02,3.328528026e-01,1.033698874e-01,-1.962796449e+00,7.224503510e+00,6.276399652e+00
131876.685295125,2.563437319e-02,2.432145504e-01,1.206469302e-01,-2.087294935e+00,7.070975328e+00,6.100874743e+00
131876.695301125,1.449184279e-02,1.452330285e-01,1.286316728e-01,-2.065148569e+00,6.969371395e+00,5.974430968e+00
131876.705308125,8.723579038e-03,1.034140287e-01,1.184475096e-01,-1.853261723e+00,6.848913124e+00,5.958120469e+00
131876.715315125,-2.290802644e-03,1.123071470e-01,1.102719410e-01,-1.674295148e+00,6.914304757e+00,5.930886425e+00
131876.725321125,-3.590438627e-02,1.658848304e-01,1.072166288e-01,-1.623119088e+00,6.978798564e+00,5.793219830e+00
131876.735328125,-9.306830727e-02,2.361277481e-01,1.122283621e-01,-1.595436131e+00,6.980444578e+00,5.566069947e+00
131876.745335125,-1.567736323e-01,3.031921048e-01,1.211296048e-01,-1.684620143e+00,7.186944471e+00,5.455487758e+00
131876.755342125,-2.281235803e-01,3.419681406e-01,1.221789301e-01,-1.796249796e+00,7.374141113e+00,5.430348640e+00
131876.765348125,-2.798874008e-01,3.561876015e-01,1.184060932e-01,-1.801487112e+00,7.308749480e+00,5.495590636e+00
131876.775355125,-2.988903132e-01,3.479198639e-01,1.095245830e-01,-1.819742899e+00,7.236474518e+00,5.782894835e+00
131876.785362125,-2.819617710e-01,3.201940622e-01,9.911720618e-02,-1.795651245e+00,7.186046645e+00,6.169109490e+00
131876.795368125,-2.391604946e-01,2.837196679e-01,8.673818278e-02,-1.773804155e+00,7.080252859e+00,6.428132182e+00
131876.805375125,-1.857369589e-01,2.302961198e-01,6.950300215e-02,-1.726967585e+00,6.981791316e+00,6.564003127e+00
131876.815382125,-1.405132218e-01,1.744472368e-01,4.788397970e-02,-1.699883179e+00,6.993911962e+00,6.598120500e+00
131876.825388125,-1.097705288e-01,1.259300232e-01,1.169759106e-02,-1.628954955e+00,7.076511919e+00,6.438307539e+00
131876.835395125,-1.016889752e-01,1.104062403e-01,-2.944718477e-02,-1.478419525e+00,7.084442712e+00,6.226271055e+00
131876.845402125,-1.117815727e-01,1.305228162e-01,-7.209729468e-02,-1.373822840e+00,7.146691956e+00,6.013935295e+00
131876.855409125,-1.325393178e-01,1.730201981e-01,-1.065883614e-01,-1.350329736e+00,7.158662964e+00,5.820453873e+00
131876.865415125,-1.598870854e-01,2.133359853e-01,-1.249170997e-01,-1.491737272e+00,7.189039397e+00,5.743689783e+00
131876.875422125,-1.821759961e-01,2.427196869e-01,-1.214523415e-01,-1.777096182e+00,7.203703883e+00,5.722291605e+00
131876.885429125,-1.995790460e-01,2.527619237e-01,-9.828178286e-02,-2.076670665e+00,7.161206803e+00,5.743839420e+00
131876.895435125,-2.079316164e-01,2.556707986e-01,-6.147467378e-02,-2.316390106e+00,7.131428920e+00,5.807734677e+00
131876.905442125,-2.114586814e-01,2.569626068e-01,-3.613319731e-02,-2.413504911e+00,7.135768410e+00,5.868936457e+00
131876.915449125,-2.163393634e-01,2.523511261e-01,-2.476721891e-02,-2.384475216e+00,7.113472408e+00,5.910236436e+00
131876.925455125,-2.076772626e-01,2.470464397e-01,-2.447881847e-02,-2.342127774e+00,7.113921320e+00,5.972036766e+00
131876.935462125,-1.886865137e-01,2.351973978e-01,-3.296781760e-02,-2.332550967e+00,7.187243746e+00,6.060921503e+00
131876.945469125,-1.776478467e-01,2.109024423e-01,-4.712295242e-02,-2.390311082e+00,7.286154202e+00,6.068553020e+00
131876.955476125,-1.873545846e-01,1.885331227e-01,-5.633900470e-02,-2.448819386e+00,7.366509595e+00,5.922656357e+00
131876.965482125,-2.015303409e-01,1.552938195e-01,-6.282628935e-02,-2.478148356e+00,7.389703424e+00,5.785139399e+00
131876.975489125,-2.152196318e-01,1.394137847e-01,-6.353513496e-02,-2.485630236e+00,7.334187873e+00,5.801449898e+00
131876.985496125,-2.138682857e-01,1.255595761e-01,-4.758902403e-02,-2.546233466e+00,7.324162154e+00,5.945700548e+00
131876.995502125,-2.003069526e-01,1.288633356e-01,-1.453530686e-02,-2.614917126e+00,7.221061845e+00,6.151003340e+00
131877.005509125,-1.917151705e-01,1.336373323e-01,2.812037095e-02,-2.677316006e+00,7.193229250e+00,6.263680456e+00
131877.015516125,-1.878712090e-01,1.390949699e-01,5.596927319e-02,-2.667140649e+00,7.242310384e+00,6.280888780e+00
131877.025522125,-1.967591691e-01,1.501506573e-01,7.032487747e-02,-2.543240714e+00,7.225251698e+00,6.213851134e+00
131877.035529125,-2.055445640e-01,1.620084964e-01,8.214192869e-02,-2.443133157e+00,7.237222706e+00,6.201730488e+00
131877.045536125,-2.020405483e-01,1.692431394e-01,8.543707777e-02,-2.351405305e+00,7.213280689e+00,6.249165608e+00
131877.055543125,-1.911681514e-01,1.692632597e-01,8.943166596e-02,-2.287061136e+00,7.212981414e+00,6.338050345e+00
131877.065549125,-1.726924577e-01,1.428470100e-01,9.382384249e-02,-2.248304996e+00,7.226149523e+00,6.396109735e+00
131877.075556125,-1.603842906e-01,8.612066140e-02,8.903993774e-02,-2.233939787e+00,7.205948447e+00,6.364835476e+00
131877.085563125,-1.386616670e-01,-8.654254850e-04,7.280072542e-02,-2.187103217e+00,7.096712996e+00,6.359598160e+00
131877.095569125,-9.601395124e-02,-9.329287816e-02,5.230673695e-02,-2.147598889e+00,7.066486200e+00,6.514921992e+00
131877.105576125,-4.508320290e-02,-1.754150890e-01,4.255798203e-02,-2.109890213e+00,7.065738012e+00,6.686855599e+00
131877.115583125,-6.458891090e-03,-2.362248602e-01,4.924866270e-02,-2.124853973e+00,7.102099950e+00,6.744914989e+00
131877.125589125,6.110894725e-03,-2.783517689e-01,6.826622740e-02,-2.088342398e+00,7.160608253e+00,6.585102029e+00
131877.135596125,3.788196344e-03,-2.985107469e-01,7.744339832e-02,-1.947383775e+00,7.170933247e+00,6.434566599e+00
131877.145603125,2.478648950e-03,-3.044405712e-01,8.681260626e-02,-1.750610326e+00,7.206098084e+00,6.378003585e+00
131877.155610125,-2.246737872e-03,-3.031145772e-01,9.361275551e-02,-1.573589041e+00,7.235277417e+00,6.412270596e+00
131877.165616125,-4.086603822e-03,-2.829677076e-01,9.337593537e-02,-1.348234810e+00,7.174524550e+00,6.423493417e+00
131877.175623125,-1.805924499e-03,-2.506940933e-01,9.867649878e-02,-1.106420442e+00,7.148487607e+00,6.515520543e+00
131877.185630125,3.805948259e-03,-2.227277250e-01,1.002621446e-01,-9.524433479e-01,7.201758594e+00,6.651092212e+00
131877.195636125,-2.534288530e-04,-2.080481976e-01,9.471997979e-02,-8.161234909e-01,7.224054597e+00,6.687603787e+00
131877.205643125,-2.783176774e-03,-2.217337084e-01,6.971444595e-02,-7.034463753e-01,7.236025605e+00,6.673388215e+00
131877.215650125,1.017884564e-02,-2.722898874e-01,2.167833496e-02,-6.135141754e-01,7.224054597e+00,6.802675105e+00
131877.225656125,4.401727890e-02,-3.491645200e-01,-3.664028417e-02,-5.729623848e-01,7.260416534e+00,6.978349651e+00
131877.235663125,9.073635915e-02,-4.299368530e-01,-9.414888711e-02,-5.765536873e-01,7.282263625e+00,7.078457208e+00
131877.245670125,1.352724207e-01,-5.022370721e-01,-1.290222024e-01,-6.266822845e-01,7.313537884e+00,7.128136893e+00
131877.255677125,1.708927333e-01,-5.610500266e-01,-1.495539935e-01,-7.396586754e-01,7.486070041e+00,7.025934409e+00
131877.265683125,1.940870156e-01,-6.011239232e-01,-1.554973643e-01,-7.447463539e-01,7.520187415e+00,6.864026522e+00
131877.275690125,2.137872442e-01,-6.330980495e-01,-1.558791814e-01,-7.269394791e-01,7.566874347e+00,6.752546507e+00
131877.285697125,2.154935848e-01,-6.559770186e-01,-1.604307562e-01,-5.770026001e-01,7.611316715e+00,6.651241850e+00
131877.295703125,2.106854381e-01,-6.626170039e-01,-1.778674227e-01,-3.953425491e-01,7.725190932e+00,6.517465832e+00
131877.305710125,1.940524593e-01,-6.568369819e-01,-1.998962250e-01,-2.277484329e-01,7.846547028e+00,6.503699172e+00
131877.315717125,1.655250576e-01,-6.383260759e-01,-2.177139039e-01,-1.288379768e-01,7.923161481e+00,6.493074902e+00
131877.325723125,1.409090483e-01,-6.134697819e-01,-2.498396735e-01,-3.890577698e-03,7.917325615e+00,6.549338641e+00
131877.335730125,1.430789551e-01,-6.018662706e-01,-2.933882788e-01,1.283890640e-01,7.854627459e+00,6.758681649e+00
131877.345737125,1.742825193e-01,-6.156034210e-01,-3.334907258e-01,1.626560753e-01,7.789235826e+00,7.107037991e+00
131877.355744125,2.166353973e-01,-6.325052529e-01,-3.561116933e-01,4.578910675e-02,7.864653178e+00,7.364414669e+00
131877.365750125,2.325213442e-01,-6.553163969e-01,-3.557363780e-01,-9.891045609e-02,7.981969060e+00,7.320121938e+00
131877.375757125,2.287708390e-01,-6.839348216e-01,-3.570530120e-01,-1.369184074e-01,8.149712814e+00,7.068581126e+00
131877.385764125,2.205844687e-01,-6.934460699e-01,-3.712726508e-01,2.783259430e-02,8.287977959e+00,6.932261269e+00
131877.395770125,2.071515654e-01,-6.784134831e-01,-3.920159129e-01,2.696469620e-01,8.413224634e+00,6.905775414e+00
131877.405777125,1.843961088e-01,-6.424222145e-01,-4.219333772e-01,4.993406837e-01,8.341997134e+00,6.830956612e+00
131877.415784125,1.550274110e-01,-6.124369291e-01,-4.446121122e-01,6.227917068e-01,8.227973280e+00,6.716932758e+00
131877.425790125,1.101765470e-01,-5.962178465e-01,-4.744116464e-01,6.444891594e-01,8.118438554e+00,6.576572685e+00
131877.435797000,5.398651233e-02,-5.866709768e-01,-5.109727365e-01,7.261912910e-01,7.961019795e+00,6.379499961e+00
131877.445804000,-3.453469239e-03,-5.844627082e-01,-5.501626822e-01,8.298901505e-01,7.722048542e+00,6.282534794e+00
131877.455811000,-6.458251597e-02,-5.670083178e-01,-5.616838086e-01,8.601169464e-01,7.504325829e+00,6.324882236e+00
131877.465817000,-1.329533236e-01,-5.169221115e-01,-5.516239094e-01,8.589198456e-01,7.321468677e+00,6.326827525e+00
131877.475824000,-1.884536316e-01,-4.470747071e-01,-5.195322314e-01,8.726865051e-01,7.161506078e+00,6.389675318e+00
131877.485831000,-2.224576171e-01,-3.699481364e-01,-4.650826843e-01,7.770680763e-01,7.085490176e+00,6.610839697e+00
131877.495837000,-2.340553878e-01,-3.060602415e-01,-4.068455210e-01,6.732195793e-01,6.926126128e+00,6.854898628e+00
131877.505844000,-2.370385208e-01,-2.687611132e-01,-3.548781381e-01,6.040870064e-01,6.756586723e+00,6.969072120e+00
131877.515851000,-2.268262402e-01,-2.728127723e-01,-3.223155700e-01,5.750573112e-01,6.648249097e+00,6.998401090e+00
131877.525857000,-2.155176566e-01,-3.155446204e-01,-3.136981784e-01,6.100725105e-01,6.520757859e+00,7.000047104e+00
131877.535864000,-1.956444663e-01,-3.961415829e-01,-3.191640893e-01,6.190507668e-01,6.424241605e+00,6.955155823e+00
131877.545871000,-1.818347400e-01,-4.986870207e-01,-3.410532639e-01,6.280290230e-01,6.330867740e+00,6.915202583e+00
131877.555878000,-1.712429177e-01,-5.800535491e-01,-3.689218463e-01,6.905775414e-01,6.268768134e+00,6.888716727e+00
131877.565884000,-1.584722637e-01,-6.285683476e-01,-3.862854599e-01,6.941688438e-01,6.279990955e+00,6.922983738e+00
131877.575891000,-1.456250707e-01,-6.415435161e-01,-3.872945762e-01,6.561608925e-01,6.292560513e+00,6.955455098e+00
131877.585898000,-1.320857421e-01,-6.272313099e-01,-3.741707238e-01,6.407482193e-01,6.328623176e+00,6.978200014e+00
131877.595904000,-1.137407851e-01,-6.095564822e-01,-3.490646177e-01,5.813420906e-01,6.469881074e+00,7.021295644e+00
131877.605911000,-9.077590395e-02,-6.040778193e-01,-3.102910306e-01,4.484638985e-01,6.627449471e+00,7.073070255e+00
131877.615918000,-6.338920887e-02,-6.116582793e-01,-2.678511227e-01,3.657143036e-01,6.803722568e+00,7.123947040e+00
131877.625924000,-4.570920428e-02,-6.219883009e-01,-2.372626080e-01,3.711012573e-01,7.028328611e+00,7.116315522e+00
131877.635931000,-3.526936111e-02,-6.260066352e-01,-2.271103766e-01,5.306149429e-01,7.149385432e+00,7.045985848e+00
131877.645938000,-3.333503085e-02,-6.188638837e-01,-2.392873335e-01,7.776666267e-01,7.218518005e+00,6.966378643e+00
131877.655945000,-3.844830386e-02,-5.943431757e-01,-2.804998793e-01,1.085920090e+00,7.265354575e+00,6.815543938e+00
131877.665951000,-4.734110074e-02,-5.648213876e-01,-3.413370679e-01,1.304690267e+00,7.230489014e+00,6.682216833e+00
131877.675958000,-4.644156413e-02,-5.357129255e-01,-4.016494840e-01,1.367538061e+00,7.209090836e+00,6.622062517e+00
131877.685965000,-3.744965827e-02,-5.122677908e-01,-4.503370451e-01,1.289277594e+00,7.155969487e+00,6.623708530e+00
131877.695971000,-3.021448037e-02,-4.848330555e-01,-4.796936333e-01,1.143979481e+00,7.047182949e+00,6.595427023e+00
131877.705978000,-2.506213825e-02,-4.633238074e-01,-4.971499558e-01,9.982324547e-01,6.971316684e+00,6.481403169e+00
131877.715985000,-2.480767332e-02,-4.399705543e-01,-5.123446013e-01,9.172785110e-01,6.873752966e+00,6.382343076e+00
131877.725991000,-2.798450736e-02,-4.181579084e-01,-5.292627901e-01,9.006687370e-01,6.825868933e+00,6.254851837e+00
131877.735998000,-3.052365781e-02,-4.080018783e-01,-5.510571175e-01,8.393173195e-01,6.813299374e+00,6.139032332e+00
131877.746005000,-2.632667657e-02,-4.060050800e-01,-5.697457044e-01,6.874351517e-01,6.801777279e+00,6.091297936e+00
131877.756012000,-1.062369075e-02,-4.236717717e-01,-5.681977083e-01,4.447229584e-01,6.801029091e+00,6.123320383e+00
131877.766018000,7.742210278e-03,-4.562674756e-01,-5.535022153e-01,1.126771156e-01,6.844573634e+00,6.151601891e+00
131877.776025000,3.287666421e-02,-4.942757588e-01,-5.270442562e-01,-5.596446381e-02,6.851157688e+00,6.189160929e+00
131877.786032000,6.451264163e-02,-5.298680166e-01,-4.935332806e-01,-1.876455551e-01,6.864475435e+00,6.266224295e+00
131877.796038000,8.290033331e-02,-5.500376559e-01,-4.555579691e-01,-2.518400871e-01,7.001992393e+00,6.265027194e+00
131877.806045000,7.955652178e-02,-5.493949276e-01,-4.246107493e-01,-2.223614792e-01,7.129932544e+00,6.112995389e+00
131877.816052000,5.292430430e-02,-5.435472280e-01,-4.050133989e-01,-1.159691429e-01,7.321618314e+00,5.892579198e+00
131877.826058000,1.285515189e-02,-5.243070712e-01,-4.093535035e-01,2.304419098e-02,7.464372588e+00,5.720795229e+00
131877.836065000,-2.514992560e-02,-4.975131247e-01,-4.253398676e-01,1.851017159e-01,7.533205886e+00,5.677250687e+00
131877.846072000,-4.317015030e-02,-4.629495875e-01,-4.257732700e-01,2.084451820e-01,7.594856579e+00,5.866542255e+00
131877.856079000,-5.098069952e-02,-4.253696681e-01,-4.172908712e-01,1.491886909e-01,7.580042456e+00,6.126013860e+00
131877.866085000,-5.029398547e-02,-3.854843144e-01,-4.004240707e-01,1.288379768e-01,7.512256622e+00,6.294805077e+00
131877.876092000,-3.361232400e-02,-3.536340872e-01,-3.796573802e-01,1.204582710e-01,7.431153040e+00,6.504148085e+00
131877.886099000,-7.298635195e-03,-3.333247729e-01,-3.631061676e-01,1.545756447e-01,7.361571555e+00,6.693589291e+00
131877.896105000,1.291135790e-02,-3.411830680e-01,-3.610783393e-01,2.409165421e-01,7.303063251e+00,6.755539259e+00
131877.906112000,2.855339190e-02,-3.795413074e-01,-3.842344927e-01,4.016273285e-01,7.234678867e+00,6.728155578e+00
131877.916119000,3.822220944e-02,-4.370080773e-01,-4.246291546e-01,5.342062454e-01,7.176320201e+00,6.668749449e+00
131877.926125000,4.357005998e-02,-5.090186219e-01,-4.660124459e-01,5.934627365e-01,7.139060438e+00,6.637924103e+00
131877.936132000,4.744500038e-02,-5.732850523e-01,-4.970311441e-01,6.001964287e-01,7.095066982e+00,6.629843672e+00
131877.946139000,5.984362264e-02,-5.906096658e-01,-5.296318209e-01,6.323685135e-01,7.185298457e+00,6.682067196e+00
131877.956146000,8.055932189e-02,-5.585561953e-01,-5.348814533e-01,6.938695686e-01,7.112574582e+00,6.785167505e+00
131877.966152000,1.003185049e-01,-4.956505622e-01,-5.101425443e-01,5.918167229e-01,7.167641220e+00,6.879439195e+00
131877.976159000,1.105337575e-01,-4.188266689e-01,-4.658599274e-01,5.017348854e-01,7.190236498e+00,6.870760214e+00
131877.986166000,1.304689420e-01,-3.337266824e-01,-4.165532520e-01,4.083610207e-01,7.331045483e+00,6.805967132e+00
131877.996172000,1.374340315e-01,-2.687031095e-01,-3.667423058e-01,3.467103279e-01,7.473650120e+00,6.730549780e+00
131878.006179000,1.405737569e-01,-2.209608493e-01,-3.271062005e-01,3.375824341e-01,7.541735229e+00,6.585401304e+00
131878.016186000,1.214917890e-01,-2.078593625e-01,-3.111530823e-01,3.785831375e-01,7.690624645e+00,6.390273869e+00
131878.026192000,9.010158204e-02,-2.281285997e-01,-3.346365935e-01,5.184942970e-01,7.697657613e+00,6.266373933e+00
131878.036199000,7.031323627e-02,-2.714642564e-01,-4.005625063e-01,6.706757401e-01,7.630171053e+00,6.306776086e+00
131878.046206000,9.426194653e-02,-3.359252751e-01,-4.698777928e-01,6.670844376e-01,7.597998969e+00,6.686406686e+00
131878.056213000,1.443684413e-01,-3.904707738e-01,-5.436709097e-01,5.541080467e-01,7.586626511e+00,7.121702476e+00
131878.066219000,1.823271508e-01,-4.234811516e-01,-6.135522685e-01,4.867711250e-01,7.462427299e+00,7.241861472e+00
131878.076226000,1.955869524e-01,-4.159779005e-01,-6.661581267e-01,3.815758896e-01,7.398980956e+00,7.146691956e+00
131878.086233000,1.769490720e-01,-3.881590767e-01,-6.893685880e-01,9.023147507e-02,7.562385219e+00,6.956053648e+00
131878.096239000,1.109438319e-01,-3.557586502e-01,-6.750827794e-01,-3.090016518e-01,7.694664861e+00,6.668001261e+00
131878.106246000,2.713897874e-02,-3.314888758e-01,-6.148565113e-01,-7.800608284e-01,7.843105363e+00,6.531980679e+00
131878.116253000,-4.692838789e-02,-3.147908981e-01,-5.207152653e-01,-1.201889233e+00,7.981520147e+00,6.639270841e+00
131878.126259000,-1.136971544e-01,-3.026774024e-01,-4.132169299e-01,-1.332672499e+00,7.947552411e+00,6.864176160e+00
131878.136266000,-1.771395052e-01,-2.845322027e-01,-3.277590906e-01,-1.153705925e+00,7.762301057e+00,7.012616663e+00
131878.146273000,-2.246212935e-01,-2.739301040e-01,-2.773573821e-01,-7.647977928e-01,7.485621128e+00,7.168239771e+00
131878.156280000,-2.369179759e-01,-2.605237844e-01,-2.726155354e-01,-3.449146767e-01,7.156867313e+00,7.429955939e+00
131878.166286000,-2.179733280e-01,-2.444906092e-01,-3.111287061e-01,9.591770401e-02,6.762572227e+00,7.723993831e+00
131878.176293000,-1.555891125e-01,-2.277500511e-01,-3.736869918e-01,3.253121506e-01,6.475716940e+00,8.051550546e+00
131878.186300000,-7.899179479e-02,-2.154812361e-01,-4.174238273e-01,3.396773605e-01,6.186168177e+00,8.382848200e+00
131878.196306000,-3.055515307e-02,-2.079074353e-01,-4.337708293e-01,1.230021103e-01,5.950937864e+00,8.348281914e+00
131878.206313000,-2.572366272e-02,-2.059464571e-01,-4.036378033e-01,-1.746270836e-01,5.797260045e+00,8.035389684e+00
131878.216320000,-3.924574809e-02,-2.104510122e-01,-3.458454175e-01,-4.628291084e-01,5.726182183e+00,7.762301057e+00
131878.226326000,-4.889361924e-02,-2.156180153e-01,-2.663098739e-01,-6.413467697e-01,5.681739815e+00,7.649623942e+00
131878.236333000,-3.538063667e-02,-2.299443237e-01,-1.812714572e-01,-7.438485283e-01,5.668122793e+00,7.660846762e+00
131878.246340000,4.404230388e-03,-2.510556562e-01,-1.126244120e-01,-7.706336594e-01,5.797110407e+00,7.736862665e+00
131878.256347000,5.583445304e-02,-2.881177883e-01,-6.964458267e-02,-7.133224571e-01,5.977872633e+00,7.688230444e+00
131878.266353000,9.530128262e-02,-3.257142212e-01,-5.240589261e-02,-6.159083771e-01,6.250961259e+00,7.498938875e+00
131878.276360000,1.122301942e-01,-3.472975364e-01,-5.243911436e-02,-4.492120865e-01,6.510133589e+00,7.191882512e+00
131878.286367000,1.010870545e-01,-3.651161695e-01,-6.941359044e-02,-3.173813576e-01,6.787561707e+00,6.826467484e+00
131878.296373000,7.058763664e-02,-3.838954295e-01,-9.504019881e-02,-1.930325089e-01,6.981791316e+00,6.479457880e+00
131878.306380000,3.221618315e-02,-3.981802297e-01,-1.225529018e-01,-8.634089737e-02,7.072022791e+00,6.249315246e+00
131878.316387000,3.166577040e-03,-4.078849445e-01,-1.511625619e-01,6.284779358e-03,7.069030039e+00,6.195445708e+00
131878.326393000,1.183101350e-02,-4.174172048e-01,-1.575224707e-01,3.666121292e-02,6.980294940e+00,6.377554672e+00
131878.336400000,4.802116276e-02,-4.285494491e-01,-1.457513516e-01,-5.686228943e-03,6.874800430e+00,6.702118635e+00
131878.346407000,9.195393471e-02,-4.332072470e-01,-1.309507468e-01,1.496376038e-04,6.787561707e+00,6.901585561e+00
131878.356414000,1.263575455e-01,-4.418146950e-01,-1.243930231e-01,7.227496262e-02,6.723067899e+00,6.880935571e+00
131878.366420000,1.156742470e-01,-4.498448613e-01,-1.339488008e-01,2.198176399e-01,6.671742201e+00,6.575525222e+00
131878.376427000,6.239306878e-02,-4.487749638e-01,-1.671326129e-01,4.725555527e-01,6.624157443e+00,6.144269648e+00
131878.386434000,-1.750172467e-02,-4.381892824e-01,-2.071506826e-01,6.884826149e-01,6.609792233e+00,5.867440081e+00
131878.396440000,-8.663368202e-02,-4.272432148e-01,-2.570485596e-01,8.099883492e-01,6.641964318e+00,5.838709661e+00
131878.406447000,-1.371735332e-01,-4.171823450e-01,-3.148263197e-01,8.904933800e-01,6.710199065e+00,5.973383504e+00
131878.416454000,-1.734450915e-01,-4.023913172e-01,-3.838428911e-01,9.708487732e-01,6.754192521e+00,6.076034901e+00
131878.426461000,-1.896692218e-01,-3.819985174e-01,-4.674497674e-01,9.900023865e-01,6.755389622e+00,6.175543907e+00
131878.436466167,-1.837353120e-01,-3.586890584e-01,-5.361315914e-01,8.050503082e-01,6.773196497e+00,6.299443843e+00
131878.446473167,-1.692973078e-01,-3.310675612e-01,-5.744365277e-01,4.673182365e-01,6.713341455e+00,6.461351730e+00
131878.456480167,-1.609948305e-01,-3.141426046e-01,-5.675927439e-01,2.917933273e-02,6.691344727e+00,6.543353137e+00
131878.466486167,-1.532954775e-01,-3.176822833e-01,-5.342323992e-01,-3.968389252e-01,6.671891839e+00,6.587645868e+00
131878.476493167,-1.405004253e-01,-3.522445832e-01,-4.903089587e-01,-6.741174049e-01,6.697629507e+00,6.682665746e+00
131878.486500167,-1.203193188e-01,-4.097534462e-01,-4.517409013e-01,-8.770259956e-01,6.824522195e+00,6.770951933e+00
131878.496506167,-8.424389726e-02,-4.868782549e-01,-4.242877846e-01,-8.390180443e-01,6.847566386e+00,6.849661312e+00
131878.506513167,-4.146819107e-02,-5.692681577e-01,-4.113514343e-01,-7.686883705e-01,6.942137351e+00,6.931064169e+00
131878.516520167,5.605723282e-04,-6.323201101e-01,-4.302627125e-01,-6.193500420e-01,7.083544887e+00,6.952163071e+00
131878.526526167,2.825609683e-02,-6.680558837e-01,-4.461042799e-01,-4.396352798e-01,7.176320201e+00,6.889764190e+00
131878.536533167,2.573114484e-02,-6.665421620e-01,-4.629183034e-01,-3.362356956e-01,7.310395494e+00,6.759280199e+00
131878.546540167,-5.213506788e-03,-6.397087763e-01,-4.894478473e-01,-1.382651459e-01,7.382820094e+00,6.521356409e+00
131878.556547167,-4.170016940e-02,-5.976802083e-01,-5.239256036e-01,6.584054565e-02,7.394940740e+00,6.393266621e+00
131878.566553167,-5.546912034e-02,-5.422374553e-01,-5.575486360e-01,1.684919418e-01,7.398831318e+00,6.541108573e+00
131878.576560167,-4.168887310e-02,-4.923295806e-01,-5.759582834e-01,9.636661682e-02,7.462277662e+00,6.812850462e+00
131878.586567167,-1.675939814e-02,-4.622809318e-01,-5.865358414e-01,-6.569090805e-02,7.481730550e+00,6.986878995e+00
131878.596573167,5.176218912e-03,-4.709314576e-01,-5.849056908e-01,-3.371335213e-01,7.511508434e+00,7.044639110e+00
131878.606580167,2.959117097e-02,-5.064751324e-01,-5.796696373e-01,-6.045359192e-01,7.509114232e+00,7.055263380e+00
131878.616587167,5.486506304e-02,-5.725538594e-01,-5.637381572e-01,-7.303811440e-01,7.621492072e+00,7.110030743e+00
131878.626594167,5.984547963e-02,-6.380361050e-01,-5.379221607e-01,-8.025064690e-01,7.571213837e+00,7.021295644e+00
131878.636600167,5.439388179e-02,-6.944359085e-01,-5.128174446e-01,-8.087912483e-01,7.601290996e+00,6.848763486e+00
131878.646607167,5.119557754e-02,-7.288174823e-01,-5.030327093e-01,-5.585971748e-01,7.605480849e+00,6.840832693e+00
131878.656614167,4.454079508e-02,-7.537337775e-01,-5.150391877e-01,-2.488473351e-01,7.595305492e+00,6.839037042e+00
131878.666620167,4.622801207e-02,-7.625439971e-01,-5.514100070e-01,6.823474731e-02,7.559392467e+00,6.845920372e+00
131878.676627167,6.193149242e-02,-7.500580394e-01,-5.872353678e-01,2.920926025e-01,7.474847221e+00,6.964732629e+00
131878.686634167,8.396931897e-02,-7.195723533e-01,-6.123533168e-01,3.815758896e-01,7.425915724e+00,7.085490176e+00
131878.696640167,9.949030941e-02,-6.916212863e-01,-6.117086643e-01,3.221697609e-01,7.389104874e+00,7.096114445e+00
131878.706647167,9.465779489e-02,-6.692987246e-01,-6.019496062e-01,2.706944252e-01,7.291990069e+00,6.950816332e+00
131878.716654167,7.326851394e-02,-6.535352574e-01,-5.894772844e-01,2.458545830e-01,7.274781744e+00,6.711545804e+00
131878.726661167,4.173054803e-02,-6.548509118e-01,-5.831785792e-01,2.436100189e-01,7.327304543e+00,6.558167260e+00
131878.736667167,1.754170698e-03,-6.709146707e-01,-5.814675499e-01,2.575263161e-01,7.432050866e+00,6.446687245e+00
131878.746674167,-3.953797165e-02,-6.765125105e-01,-5.962167074e-01,2.659060219e-01,7.503577641e+00,6.426935081e+00
131878.756681167,-4.946696067e-02,-6.685415261e-01,-6.021210056e-01,3.190273712e-01,7.580341731e+00,6.681468645e+00
131878.766687167,-6.036043358e-02,-6.674852060e-01,-6.073209703e-01,2.497451607e-01,7.743446719e+00,6.940640975e+00
131878.776694167,-8.760884324e-02,-6.830367486e-01,-6.172262663e-01,2.160766998e-01,7.829488342e+00,6.942885539e+00
131878.786701167,-1.225395187e-01,-7.179853326e-01,-6.435667349e-01,2.629132698e-01,7.806294513e+00,6.854748991e+00
131878.796707167,-1.369005785e-01,-7.598557220e-01,-6.712194375e-01,2.920926025e-01,7.823652475e+00,6.990320660e+00
131878.806714167,-1.266731238e-01,-8.095750708e-01,-6.772394981e-01,2.775777550e-01,7.839813336e+00,7.338826639e+00
131878.816721167,-1.169612231e-01,-8.555269852e-01,-6.577999068e-01,2.552817520e-01,7.670124294e+00,7.524826180e+00
131878.826728167,-8.570050802e-02,-8.824653502e-01,-6.249974983e-01,3.224690361e-01,7.527519657e+00,7.692420296e+00
131878.836734167,-2.477679507e-02,-8.760836934e-01,-5.825226587e-01,4.623801956e-01,7.374739664e+00,8.005761439e+00
131878.846741167,3.983998302e-02,-8.529658339e-01,-5.314632753e-01,5.904699844e-01,7.291690794e+00,8.195501920e+00
131878.856748167,9.502765371e-02,-8.053805789e-01,-4.635767535e-01,7.746738747e-01,6.944830828e+00,8.152107015e+00
131878.866754167,1.283656824e-01,-7.568143591e-01,-4.149008942e-01,9.614216042e-01,6.796988876e+00,7.860762601e+00
131878.876761167,1.354609760e-01,-7.204346435e-01,-4.130924485e-01,1.270722531e+00,6.605003830e+00,7.416039642e+00
131878.886768167,1.162246926e-01,-7.079223966e-01,-4.360875810e-01,1.465999604e+00,6.506542287e+00,6.978200014e+00
131878.896774167,6.623026868e-02,-7.207102478e-01,-4.597309618e-01,1.421557236e+00,6.456413689e+00,6.591087533e+00
131878.906781167,-7.996276250e-03,-7.387942125e-01,-4.793289771e-01,1.309329033e+00,6.412120959e+00,6.237344238e+00
131878.916788167,-7.395424735e-02,-7.464968262e-01,-4.723074260e-01,1.218648645e+00,6.357353596e+00,6.070797585e+00
131878.926795167,-1.058307366e-01,-7.474257275e-01,-4.401296366e-01,1.023820485e+00,6.408529656e+00,6.173448981e+00
131878.936801167,-1.117487001e-01,-7.434983735e-01,-3.946613856e-01,9.546879120e-01,6.501604246e+00,6.378602135e+00
131878.946808167,-1.119949136e-01,-7.294923455e-01,-3.515136278e-01,1.007958899e+00,6.496516567e+00,6.418555376e+00
131878.956815167,-1.138239959e-01,-7.218610755e-01,-3.359432121e-01,1.142483105e+00,6.696881319e+00,6.358101784e+00
131878.966821167,-1.329562505e-01,-7.081381802e-01,-3.606795885e-01,1.378461606e+00,6.885125424e+00,6.202329038e+00
131878.976828167,-1.712426808e-01,-7.012777313e-01,-4.120454349e-01,1.590647728e+00,7.075314819e+00,5.995679507e+00
131878.986835167,-2.353011583e-01,-6.854890913e-01,-4.823818554e-01,1.682974129e+00,7.270891167e+00,5.822548800e+00
131878.996841167,-3.101329332e-01,-6.664666978e-01,-5.559283427e-01,1.731007800e+00,7.281515437e+00,5.676801774e+00
131879.006848167,-3.775761931e-01,-6.508233630e-01,-6.193264259e-01,1.597231783e+00,7.327454181e+00,5.639691648e+00
131879.016855167,-4.269884578e-01,-6.392047067e-01,-6.653739396e-01,1.363348208e+00,7.247248425e+00,5.737554641e+00
131879.026862167,-4.533601900e-01,-6.266959462e-01,-6.699563456e-01,1.034145480e+00,7.100753211e+00,5.975179156e+00
131879.036868167,-4.462443758e-01,-5.983272584e-01,-6.438296514e-01,7.333738960e-01,6.942735902e+00,6.283582257e+00
131879.046875167,-4.222411508e-01,-5.334474178e-01,-6.143013841e-01,6.651391487e-01,6.766762080e+00,6.545448064e+00
131879.056882167,-3.818357461e-01,-4.464167911e-01,-5.820977797e-01,6.947673943e-01,6.632088236e+00,6.716932758e+00
131879.066888167,-3.383912586e-01,-3.607135822e-01,-5.522908101e-01,6.525695900e-01,6.517016919e+00,6.804321118e+00
131879.076895167,-3.040595393e-01,-2.804392469e-01,-5.303189578e-01,5.826888290e-01,6.438307539e+00,6.717232033e+00
131879.086902167,-2.865128820e-01,-2.285880036e-01,-5.195273851e-01,5.011363350e-01,6.375908659e+00,6.566546966e+00
131879.096908167,-2.727019432e-01,-2.110757193e-01,-5.174931040e-01,3.528454697e-01,6.351368092e+00,6.442347755e+00
131879.106915167,-2.699568982e-01,-2.246210427e-01,-5.266290211e-01,2.335842995e-01,6.320093832e+00,6.345681863e+00
131879.116922167,-2.657943865e-01,-2.628375060e-01,-5.464433072e-01,1.640028137e-01,6.287023922e+00,6.313210503e+00
131879.126929167,-2.520315142e-01,-2.982395155e-01,-5.685485765e-01,1.233013855e-01,6.239439164e+00,6.365284389e+00
131879.136935167,-2.122308114e-01,-3.020938540e-01,-5.741569843e-01,9.262567673e-02,6.183175425e+00,6.565349865e+00
131879.146942167,-1.418140896e-01,-2.905639216e-01,-5.270441197e-01,-7.422025146e-02,6.210708744e+00,6.945878291e+00
131879.156949167,-6.531744871e-02,-2.819861814e-01,-4.325647925e-01,-4.002805901e-01,6.332214478e+00,7.261314360e+00
131879.166955167,-2.160500286e-02,-2.857995252e-01,-3.229260355e-01,-5.820902786e-01,6.459406441e+00,7.256525957e+00
131879.176962167,-1.597814505e-02,-3.060642411e-01,-2.417190825e-01,-4.614823700e-01,6.630292585e+00,6.982090591e+00
131879.186969167,-4.229005500e-02,-3.299463164e-01,-2.114294197e-01,1.256955872e-02,6.738630210e+00,6.647351272e+00
131879.196975167,-7.839085476e-02,-3.505182365e-01,-2.289053361e-01,5.773018753e-01,6.807313870e+00,6.461202093e+00
131879.206982167,-9.448726033e-02,-3.419435507e-01,-2.626876774e-01,1.054645831e+00,6.932710182e+00,6.587795506e+00
131879.216989167,-9.316603918e-02,-2.958972728e-01,-2.916068346e-01,1.439214473e+00,6.961440602e+00,6.913257294e+00
131879.226996167,-5.769721277e-02,-2.248062635e-01,-3.272184626e-01,1.625363652e+00,7.001543480e+00,7.255927406e+00
131879.237002167,2.674787769e-03,-1.391354121e-01,-3.490435999e-01,1.761683509e+00,6.966079368e+00,7.700351089e+00
131879.247009167,6.367056351e-02,-7.252016967e-02,-3.378254087e-01,1.587056425e+00,6.923133376e+00,7.956381030e+00
131879.257016167,1.017498286e-01,-4.796939406e-02,-3.145012873e-01,1.233163493e+00,6.933458370e+00,7.923909669e+00
131879.267022167,1.232364913e-01,-6.800840495e-02,-2.861331140e-01,9.623194298e-01,6.953509809e+00,7.732523174e+00
131879.277029167,1.253726071e-01,-1.128534200e-01,-2.701614240e-01,8.807669357e-01,6.960093864e+00,7.541585592e+00
131879.287036167,1.285913524e-01,-1.576145071e-01,-2.681977683e-01,1.004217959e+00,6.983287692e+00,7.447313902e+00
131879.297042167,1.305316695e-01,-2.153246386e-01,-2.819066274e-01,1.229422552e+00,6.919691711e+00,7.453748318e+00
131879.307049167,1.201080512e-01,-2.856507263e-01,-3.255557680e-01,1.448791280e+00,6.744914989e+00,7.365013219e+00
131879.317056167,1.419758465e-01,-3.600764547e-01,-4.068231133e-01,1.729062511e+00,6.636727002e+00,7.466018602e+00
131879.327063167,1.918039780e-01,-4.298335818e-01,-4.901426379e-01,1.886032358e+00,6.481253532e+00,7.740154692e+00
131879.337069167,2.678524278e-01,-4.862808477e-01,-5.796706019e-01,1.879149028e+00,6.435314787e+00,7.884554980e+00
131879.347076167,3.572421519e-01,-5.246488426e-01,-6.590374221e-01,1.764825899e+00,6.395361547e+00,7.963563634e+00
131879.357083167,4.479364376e-01,-5.321238115e-01,-7.070840023e-01,1.555782166e+00,6.447734708e+00,7.875427086e+00
131879.367089167,5.269456352e-01,-5.383031887e-01,-7.069738880e-01,1.124227317e+00,6.562506750e+00,7.698854713e+00
131879.377096167,5.562523790e-01,-5.473461323e-01,-6.930742786e-01,5.696703575e-01,6.855347541e+00,7.243956398e+00
131879.387103167,5.259388355e-01,-5.564578757e-01,-6.780659682e-01,2.187701767e-01,7.162553542e+00,6.539462560e+00
131879.397110167,4.512715832e-01,-5.715972953e-01,-6.452514880e-01,-1.494879662e-01,7.452850493e+00,5.949142213e+00
131879.407116167,3.368030525e-01,-5.710436927e-01,-6.239683980e-01,-4.586392555e-01,7.727734771e+00,5.478531949e+00
131879.417123167,2.200915771e-01,-5.576333616e-01,-5.972783034e-01,-6.257844589e-01,7.827094140e+00,5.235370843e+00
131879.427130167,1.064887969e-01,-5.369845445e-01,-5.658227283e-01,-7.574655502e-01,7.937377054e+00,5.319916089e+00
131879.437136750,-6.696894753e-03,-5.279298125e-01,-5.533881468e-01,-7.541735229e-01,8.016535346e+00,5.415085605e+00
131879.447143750,-1.223686389e-01,-5.443681551e-01,-5.436188785e-01,-7.196072365e-01,8.047211055e+00,5.485415279e+00
131879.457150750,-2.196768509e-01,-5.724234743e-01,-5.197958379e-01,-8.116343628e-01,8.003516875e+00,5.696105025e+00
131879.467156750,-2.658944807e-01,-5.431794751e-01,-4.812313551e-01,-7.594108391e-01,7.843255001e+00,6.200533387e+00
131879.477163750,-2.446591237e-01,-4.497601726e-01,-4.206341709e-01,-5.180453842e-01,7.733121725e+00,7.040598895e+00
131879.487170750,-1.852990820e-01,-3.270692444e-01,-3.404727276e-01,-3.842693665e-01,7.693617397e+00,7.835473846e+00
131879.497176750,-1.448588815e-01,-2.035365965e-01,-2.607034829e-01,-2.370259644e-01,7.555950802e+00,8.128015361e+00
131879.507183750,-1.427901721e-01,-9.788763821e-02,-1.970872372e-01,-2.064998932e-02,7.408857037e+00,7.977928844e+00
131879.517190750,-1.816182157e-01,-3.041228109e-02,-1.672617797e-01,2.470516838e-01,7.309198393e+00,7.663989152e+00
131879.527197750,-2.318650959e-01,-2.371076040e-03,-1.735088139e-01,5.662286926e-01,7.168838321e+00,7.440280934e+00
131879.537203750,-2.699760047e-01,-9.974986331e-04,-2.112390880e-01,8.785223717e-01,6.957699662e+00,7.428010651e+00
131879.547210750,-2.782354660e-01,-2.897209991e-02,-2.657804421e-01,1.032050553e+00,6.747758104e+00,7.619247508e+00
131879.557217750,-2.733697680e-01,-6.161545095e-02,-3.408494601e-01,1.106270805e+00,6.496815842e+00,7.768885112e+00
131879.567223750,-2.489833331e-01,-6.378049960e-02,-4.066182236e-01,1.196352642e+00,5.969642564e+00,7.842057900e+00
131879.577230750,-2.036034928e-01,-3.180811674e-02,-4.372303078e-01,1.148618246e+00,5.492597884e+00,8.061725903e+00
131879.587237750,-1.481833828e-01,9.291579817e-03,-4.537555217e-01,1.011699839e+00,5.126883580e+00,8.226027991e+00
131879.597244750,-9.306833726e-02,2.558563711e-02,-4.473409756e-01,8.342296410e-01,4.835988078e+00,8.257601526e+00
131879.607250750,-3.956525286e-02,5.066613297e-03,-4.339331458e-01,5.496189186e-01,4.765059854e+00,8.195501920e+00
131879.617257750,2.069995261e-02,-6.182380888e-02,-4.253581229e-01,3.248632378e-01,4.863820673e+00,8.093149799e+00
131879.627264750,8.032076211e-02,-1.613038568e-01,-4.342230668e-01,1.496376038e-01,5.063886149e+00,7.927949885e+00
131879.637270750,1.137338181e-01,-2.668407608e-01,-4.557091531e-01,4.399345551e-02,5.335628037e+00,7.625083375e+00
131879.647277750,1.079514036e-01,-3.447118578e-01,-4.750448195e-01,-6.943184814e-02,5.693261910e+00,7.192780338e+00
131879.657284750,6.064382996e-02,-3.887090370e-01,-4.921259268e-01,-1.313818161e-01,6.029497606e+00,6.748955205e+00
131879.667290750,-1.616541281e-02,-3.992851519e-01,-4.913515057e-01,-2.011129395e-01,6.349123528e+00,6.409427482e+00
131879.677297750,-9.920200825e-02,-3.894825006e-01,-4.582633118e-01,-3.428197502e-01,6.580912176e+00,6.244377205e+00
131879.687304750,-1.716116844e-01,-3.648620212e-01,-4.116525657e-01,-4.830301849e-01,6.793397573e+00,6.311714127e+00
131879.697311750,-2.166950002e-01,-3.286733395e-01,-3.684514747e-01,-4.360439774e-01,6.892607304e+00,6.511929240e+00
131879.707317750,-2.442504013e-01,-2.928541214e-01,-3.343388476e-01,-2.751835533e-01,6.957550024e+00,6.800430540e+00
131879.717324750,-2.438022966e-01,-2.721606813e-01,-3.107017623e-01,-1.203086334e-01,6.951564520e+00,7.094767707e+00
131879.727331750,-2.199841653e-01,-2.723111629e-01,-2.911066353e-01,-2.738368149e-02,6.878541370e+00,7.404667184e+00
131879.737337750,-1.884864606e-01,-2.978386886e-01,-2.764578676e-01,6.120177994e-02,6.801029091e+00,7.590068176e+00
131879.747344750,-1.563197020e-01,-3.371341793e-01,-2.838799915e-01,2.253542313e-01,6.730100867e+00,7.624933737e+00
131879.757351750,-1.167258931e-01,-3.902369032e-01,-3.111117397e-01,4.432265823e-01,6.631040773e+00,7.691372833e+00
131879.767357750,-7.698358922e-02,-4.584702840e-01,-3.612085402e-01,6.603507454e-01,6.593032822e+00,7.703643117e+00
131879.777364750,-5.333489468e-02,-5.270521084e-01,-4.422413048e-01,9.280524185e-01,6.506243011e+00,7.549815660e+00
131879.787371750,-3.865112771e-02,-5.812967733e-01,-5.310786453e-01,1.137694701e+00,6.401197414e+00,7.380276255e+00
131879.797378750,-3.723757600e-02,-6.080746815e-01,-6.159211681e-01,1.213560966e+00,6.292111600e+00,7.265504213e+00
131879.807384750,-4.413633773e-02,-6.179714507e-01,-6.880247246e-01,1.179293955e+00,6.216245335e+00,7.129034718e+00
131879.817391750,-6.013579390e-02,-6.278897676e-01,-7.397199108e-01,9.566332008e-01,6.182876150e+00,7.010372099e+00
131879.827398750,-8.918428687e-02,-6.381396413e-01,-7.691274148e-01,6.521206772e-01,6.139331607e+00,6.884526874e+00
131879.837404750,-1.086703409e-01,-6.472042152e-01,-7.733360158e-01,3.363853333e-01,6.079476566e+00,6.843526170e+00
131879.847411750,-1.125590125e-01,-6.539446514e-01,-7.566243464e-01,1.406593475e-02,6.103418582e+00,7.005882970e+00
131879.857418750,-1.041799222e-01,-6.668769687e-01,-7.364205881e-01,-2.029085907e-01,6.135889942e+00,7.141604277e+00
131879.867424750,-9.446383117e-02,-6.731802143e-01,-7.207875860e-01,-2.766799294e-01,6.088604459e+00,7.231835752e+00
131879.877431750,-7.755843250e-02,-6.621991326e-01,-7.049818830e-01,-2.678513107e-01,6.061819328e+00,7.335235336e+00
131879.887438750,-5.314043378e-02,-6.526376652e-01,-6.946433120e-01,-2.687491364e-01,6.087257721e+00,7.439383109e+00
131879.897445750,-4.347171971e-02,-6.571439039e-01,-6.999629155e-01,-2.617161690e-01,6.109104811e+00,7.403021171e+00
131879.907451750,-4.798668960e-02,-6.751391540e-01,-7.148061862e-01,-2.166752502e-01,6.101473293e+00,7.215076340e+00
131879.917458750,-6.047702538e-02,-7.147911400e-01,-7.362023435e-01,-2.187701767e-01,6.139481245e+00,7.108384729e+00
131879.927465750,-7.668178775e-02,-7.544982794e-01,-7.593298534e-01,-2.448071198e-01,6.199336286e+00,7.089530391e+00
131879.937471750,-9.897380732e-02,-7.844086180e-01,-7.845044366e-01,-2.244564056e-01,6.209661281e+00,7.076661557e+00
131879.947478750,-1.204817079e-01,-7.854196717e-01,-7.979577508e-01,-1.749263588e-01,6.226570330e+00,7.144896304e+00
131879.957485750,-1.305935237e-01,-7.756280255e-01,-7.901313991e-01,-2.458545830e-01,6.271910524e+00,7.310545132e+00
131879.967492750,-1.290531678e-01,-7.504774886e-01,-7.721192784e-01,-3.513490936e-01,6.292560513e+00,7.469759542e+00
131879.977498750,-1.130743143e-01,-7.269045815e-01,-7.530450558e-01,-4.251204323e-01,6.306626448e+00,7.589469625e+00
131879.987505750,-8.670118516e-02,-7.169806568e-01,-7.283032050e-01,-5.363011719e-01,6.332513754e+00,7.692569934e+00
131879.997512750,-5.240151012e-02,-7.297194667e-01,-7.073161184e-01,-6.340145271e-01,6.353014105e+00,7.771129676e+00
131880.007518750,-3.290117395e-02,-7.485010581e-01,-6.944281571e-01,-6.525695900e-01,6.364236926e+00,7.769334025e+00
131880.017525750,-2.219960034e-02,-7.697619761e-01,-6.956593165e-01,-5.816413658e-01,6.357203958e+00,7.745990559e+00
131880.027532750,-1.175479211e-02,-7.761783464e-01,-7.063048290e-01,-4.409820183e-01,6.299443843e+00,7.804498862e+00
131880.037538750,5.160028434e-03,-7.737316721e-01,-7.208689967e-01,-3.476081535e-01,6.362291637e+00,7.979724496e+00
131880.047545750,1.462497873e-02,-7.694982472e-01,-7.386391194e-01,-2.804208694e-01,6.392967345e+00,8.105120808e+00
131880.057552750,2.673002313e-02,-7.774301973e-01,-7.595494223e-01,-2.688987740e-01,6.373065544e+00,8.116642903e+00
131880.067559750,4.955469205e-02,-7.879507019e-01,-7.836573608e-01,-2.952349922e-01,6.376058296e+00,8.163329836e+00
131880.077565750,8.318489794e-02,-8.022262605e-01,-8.006792490e-01,-3.733458214e-01,6.421398490e+00,8.232312771e+00
131880.087572750,1.182009048e-01,-8.179478526e-01,-8.119607324e-01,-4.433762199e-01,6.418854651e+00,8.237250812e+00
131880.097579750,1.467689462e-01,-8.310064782e-01,-8.151146703e-01,-5.246294388e-01,6.461052455e+00,8.216600822e+00
131880.107585750,1.697367928e-01,-8.361108588e-01,-8.107019889e-01,-5.669768806e-01,6.480654981e+00,8.117690366e+00
131880.117592750,1.763311038e-01,-8.365011970e-01,-7.960312004e-01,-5.811924530e-01,6.516418369e+00,8.012944044e+00
131880.127599750,1.677180267e-01,-8.403604599e-01,-7.874678994e-01,-5.342062454e-01,6.598120500e+00,7.863605715e+00
131880.137605750,1.471555465e-01,-8.620560524e-01,-7.976124686e-01,-4.109048599e-01,6.657077716e+00,7.705289130e+00
131880.147612750,1.250351904e-01,-8.843818264e-01,-8.224265567e-01,-2.793734062e-01,6.733692169e+00,7.657554735e+00
131880.157619750,1.055754674e-01,-9.007427051e-01,-8.527424973e-01,-1.496376038e-01,6.826018571e+00,7.694365585e+00
131880.167626750,9.930917761e-02,-9.018914859e-01,-8.790133581e-01,-8.230068207e-02,6.918943523e+00,7.751976063e+00
131880.177632750,1.088330966e-01,-8.998036306e-01,-8.925015671e-01,-1.171662437e-01,7.064840186e+00,7.904756056e+00
131880.187639750,1.257960567e-01,-8.889499737e-01,-9.043081918e-01,-2.136824982e-01,7.225700610e+00,7.991096954e+00
131880.197646750,1.269122815e-01,-8.722812971e-01,-9.039949983e-01,-2.986766571e-01,7.397484579e+00,7.888744833e+00
131880.207652750,9.973992962e-02,-8.476494418e-01,-8.898307620e-01,-3.630208267e-01,7.515548649e+00,7.634660181e+00
131880.217659750,4.654660146e-02,-8.089511007e-01,-8.665168233e-01,-4.034229797e-01,7.572859851e+00,7.283011813e+00
131880.227666750,-1.361438648e-02,-7.560732479e-01,-8.319328929e-01,-3.764882111e-01,7.535001537e+00,7.057208669e+00
131880.237672750,-7.045524992e-02,-7.089292072e-01,-7.874509044e-01,-3.431190254e-01,7.455095057e+00,6.989722109e+00
131880.247679750,-1.144853716e-01,-6.845215827e-01,-7.472608240e-01,-2.768295670e-01,7.321468677e+00,7.019350355e+00
131880.257686750,-1.537535584e-01,-6.935873150e-01,-7.273106733e-01,-1.165676933e-01,7.162403904e+00,7.040449257e+00
131880.267693750,-1.870733593e-01,-7.145846339e-01,-7.269121997e-01,1.111807396e-01,6.984634431e+00,7.020547456e+00
131880.277699750,-1.872014057e-01,-7.410230035e-01,-7.354457318e-01,3.199251968e-01,6.802375829e+00,7.126191604e+00
131880.287706750,-1.575650427e-01,-7.800888754e-01,-7.448685290e-01,4.739022911e-01,6.569240443e+00,7.347206345e+00
131880.297713750,-1.142401499e-01,-8.198382338e-01,-7.636347596e-01,6.361094536e-01,6.357203958e+00,7.442974411e+00
131880.307719750,-6.488018151e-02,-8.555827973e-01,-7.818922281e-01,8.128314636e-01,6.120028356e+00,7.422623697e+00
131880.317726750,-1.509412015e-02,-8.689587425e-01,-7.943968383e-01,9.566332008e-01,5.915773027e+00,7.375038939e+00
131880.327733750,2.601076288e-02,-8.499191901e-01,-7.997262145e-01,1.100135663e+00,5.707926395e+00,7.300818687e+00
131880.337739750,6.218744951e-02,-8.162300589e-01,-7.855192926e-01,1.157746140e+00,5.578040955e+00,7.191732874e+00
131880.347746750,7.753185420e-02,-7.831785613e-01,-7.648910887e-01,1.083825164e+00,5.534795688e+00,7.053018816e+00
131880.357753750,5.966370771e-02,-7.659542456e-01,-7.389558960e-01,9.599252281e-01,5.550657274e+00,6.750002668e+00
131880.367760750,1.439370854e-02,-7.559710037e-01,-7.113611053e-01,8.523357910e-01,5.664531490e+00,6.416161174e+00
131880.377766750,-4.536185502e-02,-7.421317971e-01,-6.883164674e-01,8.749310692e-01,5.778555344e+00,6.261884805e+00
131880.387773750,-1.004470016e-01,-7.181349206e-01,-6.771972429e-01,9.166799606e-01,5.927444760e+00,6.193500420e+00
131880.397780750,-1.460615807e-01,-7.077995772e-01,-6.601447639e-01,8.514379654e-01,6.071845048e+00,6.237793150e+00
131880.407786750,-1.784332908e-01,-6.985112708e-01,-6.420289699e-01,6.997054352e-01,6.157138482e+00,6.377853947e+00
131880.417793750,-1.626227836e-01,-6.931319754e-01,-6.052507221e-01,4.700117134e-01,6.208464180e+00,6.726808839e+00
131880.427800750,-9.310662872e-02,-7.178046769e-01,-5.096610182e-01,-1.170166061e-01,6.325181511e+00,7.414692904e+00
131880.437807917,-7.149881300e-04,-7.624683319e-01,-3.779544890e-01,-7.712322098e-01,6.464045207e+00,7.958176681e+00
131880.447813917,6.340828672e-02,-8.069107943e-01,-2.403841015e-01,-1.087566104e+00,6.564751315e+00,8.053196559e+00
131880.457820917,9.795660385e-02,-8.400074856e-01,-1.147118192e-01,-1.028608888e+00,6.674585316e+00,7.909245184e+00
131880.467827917,9.763960138e-02,-8.465924409e-01,-4.504454801e-02,-5.357026215e-01,6.732644706e+00,7.624335187e+00
131880.477833917,8.017118466e-02,-8.368109781e-01,-4.855027067e-02,2.753331909e-01,6.798185976e+00,7.360823367e+00
131880.487840917,5.667336774e-02,-8.150678986e-01,-1.128089781e-01,1.061978074e+00,6.892158392e+00,7.253832480e+00
131880.497847917,1.660776853e-02,-7.845841958e-01,-2.031138072e-01,1.663221966e+00,6.967126831e+00,7.167042670e+00
131880.507853917,-3.336813251e-02,-7.389712011e-01,-3.026932433e-01,2.048239520e+00,7.014262676e+00,7.075464456e+00
131880.517860917,-6.436395783e-02,-6.654840078e-01,-3.986975930e-01,2.230348484e+00,7.038503968e+00,7.084891625e+00
131880.527867917,-5.177181525e-02,-5.791919261e-01,-4.791899516e-01,2.217629288e+00,7.050175701e+00,7.308150930e+00
131880.537874917,-5.214340496e-03,-5.043696092e-01,-5.285694941e-01,1.987636291e+00,7.036409042e+00,7.605630486e+00
131880.547880917,6.253414028e-02,-4.537647592e-01,-5.419473126e-01,1.598428883e+00,6.968473569e+00,7.780107932e+00
131880.557887917,1.259141095e-01,-4.433247066e-01,-5.356423283e-01,1.197250468e+00,6.880636296e+00,7.758260842e+00
131880.567894917,1.774725635e-01,-4.639286502e-01,-5.354378127e-01,9.415198029e-01,6.780528739e+00,7.528417483e+00
131880.577900917,2.166320683e-01,-5.120657673e-01,-5.418853903e-01,7.885901718e-01,6.701819360e+00,7.213280689e+00
131880.587907917,2.439211984e-01,-5.619206444e-01,-5.649903070e-01,7.278373047e-01,6.666055972e+00,6.907720702e+00
131880.597914917,2.640993180e-01,-6.021062487e-01,-5.857394272e-01,6.739677673e-01,6.705410662e+00,6.675034229e+00
131880.607921917,2.666309373e-01,-6.173981006e-01,-5.909983584e-01,5.312134933e-01,6.796390325e+00,6.515969456e+00
131880.617927917,2.518034911e-01,-6.076383466e-01,-5.774322796e-01,4.336497757e-01,6.803124017e+00,6.320093832e+00
131880.627934917,2.402316130e-01,-5.785778979e-01,-5.559647167e-01,3.739443718e-01,6.898293533e+00,6.178087746e+00
131880.637941917,2.211023999e-01,-5.367971552e-01,-5.160122739e-01,3.265092514e-01,6.998700365e+00,6.129605163e+00
131880.647947917,1.925053070e-01,-4.917035274e-01,-4.642056208e-01,2.873041992e-01,7.079504671e+00,6.024110652e+00
131880.657954917,1.580622451e-01,-4.492889831e-01,-4.203807752e-01,3.446154015e-01,7.103596326e+00,5.880159277e+00
131880.667961917,1.175305752e-01,-4.216081820e-01,-3.843458497e-01,4.876689507e-01,7.164648468e+00,5.794117655e+00
131880.677967917,8.628646498e-02,-3.949634380e-01,-3.632523540e-01,6.027402679e-01,7.273285368e+00,5.794716206e+00
131880.687974917,5.367033216e-02,-3.672745964e-01,-3.469652142e-01,7.211036125e-01,7.355586050e+00,5.797708958e+00
131880.697981917,3.260642152e-02,-3.422194043e-01,-3.460129209e-01,8.725368675e-01,7.320570851e+00,5.828384666e+00
131880.707988917,4.201028171e-02,-3.219244010e-01,-3.453239708e-01,9.451111053e-01,7.337779176e+00,6.025906303e+00
131880.717994917,7.141003860e-02,-3.124632313e-01,-3.405911385e-01,9.118915573e-01,7.350947285e+00,6.280290230e+00
131880.728001917,9.954199182e-02,-3.196824442e-01,-3.389724170e-01,9.213187263e-01,7.328052731e+00,6.347776789e+00
131880.738008917,1.208706065e-01,-3.490995024e-01,-3.471053129e-01,9.759364517e-01,7.316380998e+00,6.237344238e+00
131880.748014917,1.301687632e-01,-3.872634276e-01,-3.695909569e-01,1.128716445e+00,7.300519412e+00,6.113593939e+00
131880.758021917,1.312072546e-01,-4.216976877e-01,-4.116998122e-01,1.384896023e+00,7.268945878e+00,5.978321545e+00
131880.768028917,1.311025951e-01,-4.403187264e-01,-4.564241395e-01,1.594388668e+00,7.277325584e+00,5.898115790e+00
131880.778035917,1.253720466e-01,-4.492336855e-01,-4.946617992e-01,1.654842260e+00,7.367706696e+00,5.900809267e+00
131880.788041917,1.086347627e-01,-4.514866468e-01,-5.263834232e-01,1.647360380e+00,7.420229495e+00,5.847687917e+00
131880.798048917,9.666273271e-02,-4.281913314e-01,-5.499733096e-01,1.610699167e+00,7.441178760e+00,5.795165118e+00
131880.808055917,8.922689644e-02,-3.908388144e-01,-5.623014461e-01,1.504755743e+00,7.480683087e+00,5.830778868e+00
131880.818061917,8.793671975e-02,-3.480553560e-01,-5.573187798e-01,1.321300041e+00,7.501333076e+00,5.903652381e+00
131880.828068917,7.938279476e-02,-3.161055493e-01,-5.341342593e-01,1.113303772e+00,7.445667888e+00,5.928941136e+00
131880.838075917,7.271452894e-02,-2.999084014e-01,-4.973965791e-01,8.973767097e-01,7.447313902e+00,5.944204172e+00
131880.848081917,7.392213788e-02,-2.932512600e-01,-4.664844698e-01,8.131307388e-01,7.491756270e+00,6.017077685e+00
131880.858088917,6.775107674e-02,-2.888006990e-01,-4.534299070e-01,8.776245461e-01,7.513603360e+00,6.010044717e+00
131880.868095917,6.220005756e-02,-2.892791344e-01,-4.539570200e-01,9.594763153e-01,7.549666022e+00,5.986850889e+00
131880.878102917,5.021406418e-02,-2.877927656e-01,-4.803709200e-01,1.019331357e+00,7.647529015e+00,6.024709203e+00
131880.888108917,3.340331437e-02,-2.803524690e-01,-5.233482111e-01,1.091307044e+00,7.774272066e+00,6.068403383e+00
131880.898115917,1.220007952e-02,-2.646087002e-01,-5.738382693e-01,1.101033488e+00,7.857919486e+00,6.113294664e+00
131880.908122917,-5.895092262e-03,-2.324902936e-01,-6.056093649e-01,9.808744926e-01,7.812429655e+00,6.239439164e+00
131880.918128917,-1.030433786e-02,-1.998087600e-01,-6.103086554e-01,7.276876671e-01,7.773374240e+00,6.483348458e+00
131880.928135917,-1.265940700e-02,-1.796590743e-01,-6.086771773e-01,4.804863457e-01,7.724742019e+00,6.684162122e+00
131880.938142917,-1.822656590e-02,-2.011298753e-01,-6.110966953e-01,2.735375397e-01,7.677905449e+00,6.776638161e+00
131880.948148917,-3.237852968e-02,-2.492800210e-01,-6.215091739e-01,1.219546471e-01,7.551461674e+00,6.795492500e+00
131880.958155917,-5.495003949e-02,-3.080715965e-01,-6.263920839e-01,-2.199672775e-02,7.476942147e+00,6.852205151e+00
131880.968162917,-9.073739111e-02,-3.567405927e-01,-6.313179858e-01,-1.550245575e-01,7.447912452e+00,6.899340997e+00
131880.978169917,-1.246579503e-01,-3.914067181e-01,-6.280468867e-01,-2.124853973e-01,7.364115394e+00,6.932261269e+00
131880.988175917,-1.464379222e-01,-3.852484026e-01,-6.135241712e-01,-2.454056702e-01,7.325957805e+00,7.052719540e+00
131880.998182917,-1.587039219e-01,-3.335978287e-01,-5.940405016e-01,-2.403179916e-01,7.371746912e+00,7.231835752e+00
131881.008189917,-1.717658674e-01,-2.658055144e-01,-5.657023898e-01,-2.341828499e-01,7.420229495e+00,7.360524091e+00
131881.018195917,-1.932052477e-01,-2.089001996e-01,-5.267644830e-01,-3.091512894e-01,7.435791806e+00,7.378031691e+00
131881.028202917,-2.033954276e-01,-1.753359494e-01,-4.723722118e-01,-4.990414085e-01,7.385064658e+00,7.418134569e+00
131881.038209917,-1.920282399e-01,-1.653969054e-01,-4.037332043e-01,-6.157587395e-01,7.266252401e+00,7.601590271e+00
131881.048216917,-1.603262256e-01,-1.610843331e-01,-3.482801832e-01,-5.345055206e-01,7.074267355e+00,7.771279314e+00
131881.058222917,-1.179102042e-01,-1.590312527e-01,-3.127080223e-01,-2.307411850e-01,6.764667153e+00,7.840711162e+00
131881.068229917,-7.902538848e-02,-1.659506535e-01,-3.048284014e-01,1.399111595e-01,6.508337938e+00,7.799710458e+00
131881.078236917,-3.990689096e-02,-1.874883314e-01,-3.256887906e-01,5.065232887e-01,6.279392404e+00,7.655759084e+00
131881.088242917,-1.820637464e-02,-2.273627228e-01,-3.715163203e-01,8.524854286e-01,6.079027653e+00,7.407360661e+00
131881.098249917,-1.388301964e-02,-2.726818574e-01,-4.343805044e-01,1.145475857e+00,5.855319435e+00,7.111527119e+00
131881.108256917,-1.624301464e-02,-3.222780845e-01,-4.964178169e-01,1.276259122e+00,5.710470235e+00,6.918494610e+00
131881.118262917,-2.472295829e-02,-3.600239927e-01,-5.263640997e-01,1.223287411e+00,5.664830766e+00,6.858340293e+00
131881.128269917,-4.338603977e-02,-3.713798799e-01,-5.304283397e-01,1.121384203e+00,5.664531490e+00,6.766313167e+00
131881.138276917,-7.264699064e-02,-3.640552383e-01,-5.063018906e-01,1.034594392e+00,5.688024594e+00,6.694337479e+00
131881.148283917,-1.115302640e-01,-3.498729068e-01,-4.664598355e-01,8.885480911e-01,5.832724157e+00,6.701220809e+00
131881.158289917,-1.552932301e-01,-3.350696923e-01,-4.248905940e-01,7.778162643e-01,5.980715747e+00,6.672490389e+00
131881.168296917,-2.041410988e-01,-3.279231567e-01,-3.860758473e-01,7.275380295e-01,6.108805536e+00,6.684611035e+00
131881.178303917,-2.554281758e-01,-3.361769225e-01,-3.625181343e-01,7.341220840e-01,6.267571033e+00,6.735936733e+00
131881.188309917,-2.949555706e-01,-3.539764504e-01,-3.569312053e-01,8.438064476e-01,6.392219157e+00,6.829011323e+00
131881.198316917,-3.207064799e-01,-3.879544418e-01,-3.740787077e-01,9.127893829e-01,6.532878505e+00,7.003937682e+00
131881.208323917,-3.141897613e-01,-4.265662476e-01,-3.978945050e-01,9.099462685e-01,6.633285337e+00,7.273734281e+00
131881.218329917,-2.782528850e-01,-4.670806192e-01,-4.157179256e-01,8.213608070e-01,6.732644706e+00,7.579593543e+00
131881.228336917,-2.211054669e-01,-5.142504463e-01,-4.372568850e-01,6.971615959e-01,6.804620393e+00,7.852083620e+00
131881.238343917,-1.529823930e-01,-5.669271080e-01,-4.501042408e-01,5.720645592e-01,6.796988876e+00,8.024017226e+00
131881.248350917,-7.518603526e-02,-6.277174972e-01,-4.569140148e-01,4.435258575e-01,6.740425861e+00,8.160337083e+00
131881.258356917,1.035988146e-02,-6.922961697e-01,-4.574388668e-01,3.078045509e-01,6.756437085e+00,8.305335921e+00
131881.268363917,8.191733538e-02,-7.451224734e-01,-4.534799639e-01,2.314893730e-01,6.743119338e+00,8.313266714e+00
131881.278370917,1.167698525e-01,-7.739358309e-01,-4.556225822e-01,3.242646873e-01,6.672640027e+00,8.081777341e+00
131881.288376917,1.213172510e-01,-7.733827536e-01,-4.653661942e-01,5.190928474e-01,6.628945847e+00,7.802703210e+00
131881.298383917,1.098791622e-01,-7.455754061e-01,-4.808426543e-01,7.006032608e-01,6.642562868e+00,7.567173622e+00
131881.308390917,7.531043783e-02,-7.137734768e-01,-5.063282404e-01,8.587702080e-01,6.602759266e+00,7.342268304e+00
131881.318397917,2.740492092e-02,-6.772949086e-01,-5.387683024e-01,9.617208794e-01,6.536469807e+00,7.124395953e+00
131881.328403917,-1.912528130e-02,-6.448705069e-01,-5.719830043e-01,9.593266777e-01,6.422745229e+00,7.022941657e+00
131881.338410917,-4.014830049e-02,-6.174976424e-01,-5.967883061e-01,8.577227448e-01,6.319495282e+00,7.064241636e+00
131881.348417917,-4.734108054e-02,-5.896241944e-01,-6.101348246e-01,7.193079613e-01,6.188712016e+00,7.158513326e+00
131881.358423917,-3.986853721e-02,-5.765560369e-01,-6.144753120e-01,5.259761772e-01,6.098480541e+00,7.267898415e+00
131881.368430917,-3.574019669e-02,-5.874537466e-01,-6.110870005e-01,3.073556381e-01,6.046107380e+00,7.251737553e+00
131881.378437917,-2.677557684e-02,-6.061556619e-01,-6.104628024e-01,1.663970154e-01,6.044162091e+00,7.198616204e+00
131881.388443917,-3.214607269e-03,-6.273132849e-01,-6.243756893e-01,1.186626198e-01,6.054337448e+00,7.237821256e+00
131881.398450917,2.779851050e-02,-6.401074015e-01,-6.356697545e-01,4.803367081e-02,6.133046828e+00,7.357830614e+00
131881.408457917,5.289670229e-02,-6.280158227e-01,-6.361499675e-01,-9.786299286e-02,6.223727216e+00,7.373392925e+00
131881.418464917,5.669327353e-02,-6.070611809e-01,-6.239875989e-01,-2.902969513e-01,6.301239494e+00,7.222109308e+00
131881.428470917,3.713749626e-02,-5.779992770e-01,-6.093188256e-01,-4.475660728e-01,6.366780765e+00,6.970568496e+00
131881.438477042,-4.417147010e-03,-5.650992592e-01,-5.757419888e-01,-6.347627151e-01,6.441599567e+00,6.766313167e+00
131881.448484042,-7.266708354e-02,-5.615887667e-01,-5.384954345e-01,-7.653963432e-01,6.465990496e+00,6.551134293e+00
131881.458490042,-1.361079803e-01,-5.580694594e-01,-5.123245641e-01,-7.269394791e-01,6.458358978e+00,6.466888322e+00
131881.468497042,-1.753890813e-01,-5.484798879e-01,-4.980733351e-01,-5.867290443e-01,6.517316194e+00,6.677727705e+00
131881.478504042,-1.849065318e-01,-5.216959779e-01,-5.059419490e-01,-3.529951073e-01,6.549937192e+00,6.986878995e+00
131881.488511042,-1.768452286e-01,-4.867225625e-01,-5.186686741e-01,-1.698386803e-01,6.533925968e+00,7.230489014e+00
131881.498517042,-1.629973897e-01,-4.584393867e-01,-5.288281034e-01,-1.789665741e-01,6.514024167e+00,7.437886732e+00
131881.508524042,-1.454385813e-01,-4.576863330e-01,-5.309785481e-01,-3.509001808e-01,6.586748042e+00,7.541435954e+00
131881.518531042,-1.281082838e-01,-4.796702242e-01,-5.310101879e-01,-5.018845230e-01,6.552780306e+00,7.612513816e+00
131881.528537042,-1.005242381e-01,-5.146295374e-01,-5.252459385e-01,-6.114192490e-01,6.610989334e+00,7.788338000e+00
131881.538544042,-6.010903620e-02,-5.717701483e-01,-5.204426869e-01,-6.868366013e-01,6.717381670e+00,7.968352038e+00
131881.548551042,-2.818604600e-02,-6.405516854e-01,-5.214427578e-01,-6.670844376e-01,6.750301943e+00,8.061725903e+00
131881.558558042,8.678244965e-03,-7.057825072e-01,-5.279344726e-01,-5.394435616e-01,6.818237415e+00,8.075492562e+00
131881.568564042,4.418826052e-02,-7.467240343e-01,-5.501566786e-01,-3.169324448e-01,6.915950771e+00,8.116792541e+00
131881.578571042,7.532436668e-02,-7.606956473e-01,-5.821205953e-01,-2.528875504e-02,6.991966673e+00,8.074894012e+00
131881.588578042,9.160954815e-02,-7.373359116e-01,-6.106683249e-01,1.988683754e-01,7.023540208e+00,7.975684280e+00
131881.598584042,1.110806625e-01,-6.882551861e-01,-6.470831930e-01,3.242646873e-01,7.081300323e+00,7.842656451e+00
131881.608591042,1.144649151e-01,-6.193226646e-01,-6.801239996e-01,4.300584732e-01,7.079953584e+00,7.729829697e+00
131881.618598042,1.054672349e-01,-5.546655119e-01,-6.965933149e-01,3.387795349e-01,7.123348489e+00,7.583035208e+00
131881.628604042,8.611612621e-02,-5.051997147e-01,-6.911002642e-01,8.634089737e-02,7.142053190e+00,7.381024443e+00
131881.638611042,6.296874026e-02,-4.748295210e-01,-6.771015019e-01,-1.964741737e-01,7.159111877e+00,7.255628131e+00
131881.648618042,4.609618841e-02,-4.610415682e-01,-6.650221964e-01,-3.612251755e-01,7.192780338e+00,7.217769817e+00
131881.658624042,3.596625623e-02,-4.691057000e-01,-6.541686056e-01,-4.252700699e-01,7.255927406e+00,7.248445526e+00
131881.668631042,2.035301542e-02,-4.933496661e-01,-6.433606657e-01,-4.450222336e-01,7.319074475e+00,7.261763273e+00
131881.678638042,-6.515192325e-05,-5.129898730e-01,-6.484471430e-01,-3.413233742e-01,7.327005268e+00,7.172728899e+00
131881.688645042,-1.577552355e-02,-5.184409652e-01,-6.717542421e-01,-1.345242058e-01,7.373991476e+00,7.166743394e+00
131881.698651042,-1.777959440e-02,-5.170611406e-01,-6.898995899e-01,-2.094926453e-02,7.495197935e+00,7.236025605e+00
131881.708658042,-2.537851869e-02,-5.084107545e-01,-7.014111500e-01,-8.978256226e-03,7.515548649e+00,7.209689387e+00
131881.718665042,-5.729390868e-02,-4.867743073e-01,-7.075038960e-01,-1.002571945e-02,7.514201910e+00,7.023689845e+00
131881.728671042,-8.601328362e-02,-4.575796626e-01,-6.980310236e-01,-5.416881256e-02,7.511508434e+00,6.937797861e+00
131881.738678042,-1.099497782e-01,-4.350480386e-01,-6.789221392e-01,-1.734299828e-01,7.554604063e+00,6.950217782e+00
131881.748685042,-1.172678749e-01,-4.380065285e-01,-6.548907273e-01,-2.917933273e-01,7.496395036e+00,7.000645654e+00
131881.758692042,-1.070196948e-01,-4.745369208e-01,-6.189558365e-01,-4.127005112e-01,7.365312495e+00,7.098209372e+00
131881.768698042,-7.938334553e-02,-5.349708486e-01,-5.607723746e-01,-5.342062454e-01,7.182754618e+00,7.277924134e+00
131881.778705042,-3.814878668e-02,-6.207879298e-01,-4.948599713e-01,-5.765536873e-01,7.017405066e+00,7.407809574e+00
131881.788712042,2.665983960e-03,-6.966115439e-01,-4.330006969e-01,-3.513490936e-01,6.780528739e+00,7.446565714e+00
131881.798718042,4.842862215e-02,-7.496625505e-01,-3.784666233e-01,9.008183746e-02,6.545148788e+00,7.414393629e+00
131881.808725042,9.254956086e-02,-7.695371470e-01,-3.465118732e-01,5.967547638e-01,6.285677184e+00,7.390301974e+00
131881.818732042,1.246334619e-01,-7.521861569e-01,-3.411542563e-01,1.120037464e+00,6.107309160e+00,7.257872695e+00
131881.828739042,1.359945691e-01,-6.991918632e-01,-3.598463511e-01,1.654243710e+00,5.920711068e+00,7.018302892e+00
131881.838745042,1.251580554e-01,-6.420588915e-01,-3.870782965e-01,2.023399678e+00,5.767631799e+00,6.721421886e+00
131881.848752042,9.596517196e-02,-6.032039763e-01,-4.243428457e-01,2.147898164e+00,5.717054289e+00,6.423792692e+00
131881.858759042,6.762682103e-02,-5.896458955e-01,-4.600130206e-01,2.106747823e+00,5.744587608e+00,6.202029763e+00
131881.868765042,4.544790984e-02,-5.848889476e-01,-4.830967556e-01,1.950376527e+00,5.824494089e+00,6.148459501e+00
131881.878772042,4.537616655e-02,-5.758754844e-01,-4.951490238e-01,1.766771188e+00,5.960215395e+00,6.203077226e+00
131881.888779042,6.146353621e-02,-5.716047280e-01,-4.937150519e-01,1.530493411e+00,6.213551859e+00,6.308721375e+00
131881.898785042,6.674215912e-02,-5.843403435e-01,-4.811139816e-01,1.241393561e+00,6.461052455e+00,6.277596753e+00
131881.908792042,6.675846369e-02,-6.155172292e-01,-4.605431795e-01,9.641150810e-01,6.641066492e+00,6.112247201e+00
131881.918799042,6.117435383e-02,-6.755257263e-01,-4.239456358e-01,7.206546997e-01,6.931064169e+00,5.989245090e+00
131881.928806042,3.520087099e-02,-7.244357538e-01,-3.899227670e-01,6.112696114e-01,7.220463294e+00,5.881506016e+00
131881.938812042,-9.623443177e-03,-7.534634684e-01,-3.688013478e-01,6.925228302e-01,7.457339621e+00,5.708674583e+00
131881.948819042,-5.165239234e-02,-7.419821243e-01,-3.477553416e-01,8.277952240e-01,7.617751132e+00,5.635202520e+00
131881.958826042,-9.038969767e-02,-7.022480224e-01,-3.163167905e-01,9.537900864e-01,7.694664861e+00,5.739051017e+00
131881.968832042,-1.344263906e-01,-6.508121471e-01,-2.853409170e-01,1.039382796e+00,7.745092733e+00,5.857863274e+00
131881.978839042,-1.810465316e-01,-6.153273778e-01,-2.722859492e-01,1.166574759e+00,7.683591678e+00,5.890184997e+00
131881.988846042,-2.045211659e-01,-6.076204938e-01,-2.691080272e-01,1.257105509e+00,7.631817067e+00,6.023063189e+00
131881.998852042,-2.050662898e-01,-6.251542133e-01,-2.827562040e-01,1.331774673e+00,7.618798595e+00,6.283582257e+00
131882.008859042,-1.890301008e-01,-6.485294959e-01,-3.163952363e-01,1.500715528e+00,7.531859148e+00,6.512078878e+00
131882.018866042,-1.683046544e-01,-6.722981421e-01,-3.600400455e-01,1.707065784e+00,7.470358092e+00,6.664409959e+00
131882.028873042,-1.511400386e-01,-6.857675764e-01,-4.206822353e-01,1.908926911e+00,7.457938171e+00,6.723816087e+00
131882.038879042,-1.413193557e-01,-6.751143394e-01,-4.855685870e-01,2.087294935e+00,7.375038939e+00,6.732195793e+00
131882.048886042,-1.410227238e-01,-6.385563189e-01,-5.433846877e-01,2.127098537e+00,7.304260352e+00,6.671293288e+00
131882.058893042,-1.337066719e-01,-5.805639821e-01,-5.815742169e-01,2.021454389e+00,7.170185059e+00,6.640318304e+00
131882.068899042,-1.196828961e-01,-5.075017701e-01,-5.994366981e-01,1.809417905e+00,7.053318091e+00,6.703914286e+00
131882.078906042,-9.814798699e-02,-4.457902449e-01,-6.044399851e-01,1.510292335e+00,6.932560545e+00,6.751349406e+00
131882.088913042,-7.608835174e-02,-4.171724690e-01,-5.947322195e-01,1.139191077e+00,6.859387756e+00,6.747159554e+00
131882.098920042,-6.111137575e-02,-4.262927695e-01,-5.876248115e-01,7.459434547e-01,6.849810950e+00,6.630591860e+00
131882.108926042,-5.881079401e-02,-4.677843436e-01,-5.791418395e-01,4.513070129e-01,6.792350110e+00,6.454767676e+00
131882.118933042,-6.177221110e-02,-5.256179388e-01,-5.768395775e-01,2.874538368e-01,6.790554459e+00,6.329670639e+00
131882.128940042,-5.613462133e-02,-5.794699775e-01,-5.848360682e-01,2.714426132e-01,6.793397573e+00,6.299593481e+00
131882.138946042,-4.764139762e-02,-6.145092020e-01,-6.036017810e-01,3.441664886e-01,6.822127993e+00,6.308272462e+00
131882.148953042,-3.704886762e-02,-6.383493775e-01,-6.060205168e-01,3.553893089e-01,6.854748991e+00,6.297049641e+00
131882.158960042,-3.754042496e-02,-6.373778933e-01,-5.994889396e-01,2.516904495e-01,6.915202583e+00,6.248118145e+00
131882.168966042,-3.248479168e-02,-6.120827766e-01,-5.884183088e-01,1.741781708e-01,6.871508402e+00,6.168660577e+00
131882.178973042,-1.976868231e-02,-5.845659327e-01,-5.572217422e-01,-2.648585587e-02,6.889614552e+00,6.252307998e+00
131882.188980042,-1.078364260e-02,-5.429263471e-01,-5.064866983e-01,-3.479074287e-01,6.938845324e+00,6.329969914e+00
131882.198987042,-2.929611385e-02,-4.928967333e-01,-4.412300720e-01,-5.556044228e-01,6.884975787e+00,6.209062730e+00
131882.208993042,-5.249088016e-02,-4.409795468e-01,-3.630524040e-01,-6.893804405e-01,6.851905876e+00,6.082618955e+00
131882.219000042,-7.940390261e-02,-3.974904699e-01,-2.832217874e-01,-7.686883705e-01,6.881833397e+00,6.105663146e+00
131882.229007042,-1.060477419e-01,-3.533950400e-01,-2.192682773e-01,-6.211456932e-01,6.895450419e+00,6.108356623e+00
131882.239013042,-1.300110732e-01,-3.081800702e-01,-1.837358068e-01,-2.781763054e-01,6.873154416e+00,6.170905141e+00
131882.249020042,-1.389977147e-01,-2.656434215e-01,-1.827482685e-01,1.300350777e-01,6.833650089e+00,6.278494579e+00
131882.259027042,-1.421617365e-01,-2.368098190e-01,-2.038380215e-01,4.967968445e-01,6.774094322e+00,6.374711558e+00
131882.269033042,-1.306438361e-01,-2.400918385e-01,-2.422460458e-01,7.311293320e-01,6.780079826e+00,6.451176373e+00
131882.279040042,-1.075690768e-01,-2.750910383e-01,-2.910372763e-01,8.456020988e-01,6.863577609e+00,6.547542990e+00
131882.289047042,-7.368378252e-02,-3.299998320e-01,-3.418668892e-01,9.111433693e-01,6.969820308e+00,6.599766514e+00
131882.299054042,-3.457525063e-02,-3.946783539e-01,-3.825117016e-01,9.497498711e-01,7.081898873e+00,6.724863551e+00
131882.309060042,1.055072997e-02,-4.460860390e-01,-4.096227362e-01,9.507973343e-01,7.268347327e+00,6.859836669e+00
131882.319067042,4.753917652e-02,-4.405356809e-01,-4.222166258e-01,1.015740054e+00,7.383269007e+00,6.916399683e+00
131882.329074042,6.520364904e-02,-3.827720505e-01,-4.210604847e-01,1.159242516e+00,7.463175488e+00,6.878840645e+00
131882.339080042,6.330344722e-02,-2.847095053e-01,-4.052927117e-01,1.263240651e+00,7.599196069e+00,6.787412069e+00
131882.349087042,3.382375732e-02,-1.697985157e-01,-3.895923974e-01,1.320102940e+00,7.654113070e+00,6.592733546e+00
131882.359094042,-2.981633478e-02,-5.166920036e-02,-3.750859461e-01,1.359008717e+00,7.628225764e+00,6.364985114e+00
131882.369101042,-9.681534373e-02,5.624748047e-02,-3.662595151e-01,1.386990949e+00,7.588721437e+00,6.247519595e+00
131882.379107042,-1.393180244e-01,1.383052961e-01,-3.618531668e-01,1.331176123e+00,7.544578344e+00,6.445041232e+00
131882.389114042,-1.313650315e-01,1.625404385e-01,-3.539803869e-01,1.122581303e+00,7.559841380e+00,6.906822877e+00
131882.399121042,-8.668237734e-02,1.385750627e-01,-3.593562463e-01,9.192237999e-01,7.554454426e+00,7.298574123e+00
131882.409127042,-2.990228748e-02,6.525452758e-02,-3.851609261e-01,8.382698563e-01,7.562834132e+00,7.491456995e+00
131882.419134042,2.542174939e-02,-4.285082461e-02,-4.339960743e-01,8.569745567e-01,7.590966001e+00,7.473500482e+00
131882.429141042,5.534441939e-02,-1.553807275e-01,-4.922616848e-01,8.339303658e-01,7.567622535e+00,7.368155609e+00
131882.439149292,7.783766343e-02,-2.490133956e-01,-5.403536040e-01,7.336731712e-01,7.495796485e+00,7.347206345e+00
131882.449155292,7.466150601e-02,-3.231259654e-01,-5.757131872e-01,5.675754311e-01,7.457938171e+00,7.378031691e+00
131882.459162292,5.396491527e-02,-3.816879336e-01,-5.946050321e-01,3.651157532e-01,7.345410693e+00,7.386860310e+00
131882.469169292,1.069162484e-02,-4.072549066e-01,-5.891066615e-01,9.337386475e-02,7.341969028e+00,7.392247263e+00
131882.479175292,-5.893138123e-02,-3.925535212e-01,-5.581880715e-01,-1.201589958e-01,7.312939333e+00,7.307402742e+00
131882.489182292,-1.489306698e-01,-3.254308192e-01,-4.944440030e-01,-3.329436684e-01,7.351695473e+00,7.187243746e+00
131882.499189292,-2.407511466e-01,-2.164015725e-01,-4.098388749e-01,-5.285200165e-01,7.440879485e+00,7.161206803e+00
131882.509195292,-3.122714332e-01,-7.926817106e-02,-3.043181258e-01,-6.564601677e-01,7.512555897e+00,7.289146954e+00
131882.519202292,-3.476572214e-01,6.441101140e-02,-1.999203063e-01,-6.696282768e-01,7.509263869e+00,7.557297540e+00
131882.529209292,-3.391481151e-01,1.710184183e-01,-1.220410491e-01,-5.858312187e-01,7.499088512e+00,7.931092274e+00
131882.539216292,-2.903282320e-01,2.223847901e-01,-6.817733214e-02,-4.626794708e-01,7.394342190e+00,8.268674709e+00
131882.549222292,-2.239757950e-01,2.069532825e-01,-4.306914176e-02,-3.110965782e-01,7.208791561e+00,8.434772449e+00
131882.559229292,-1.546020304e-01,1.449989774e-01,-4.573086050e-02,-6.449380722e-02,6.941838076e+00,8.465597795e+00
131882.569236292,-8.492338512e-02,4.809295881e-02,-8.342815384e-02,2.976291939e-01,6.665158147e+00,8.394220658e+00
131882.579242292,-6.985717044e-03,-6.061965833e-02,-1.498826238e-01,7.200561493e-01,6.358401059e+00,8.389581892e+00
131882.589249292,6.744809394e-02,-1.676485534e-01,-2.226150189e-01,1.095197622e+00,6.104615683e+00,8.434622811e+00
131882.599256292,1.251280651e-01,-2.508268660e-01,-3.033285988e-01,1.422903974e+00,5.825541552e+00,8.337807281e+00
131882.609263292,1.531573725e-01,-2.912146759e-01,-3.881190724e-01,1.726518672e+00,5.627421365e+00,8.100930955e+00
131882.619269292,1.416724208e-01,-2.846619158e-01,-4.623053824e-01,1.900696843e+00,5.572354726e+00,7.790582565e+00
131882.629276292,8.977111136e-02,-2.479315452e-01,-5.163514392e-01,1.826476591e+00,5.566818135e+00,7.413346165e+00
131882.639283292,2.363137058e-02,-1.982588658e-01,-5.435089044e-01,1.495478212e+00,5.630563754e+00,7.125293778e+00
131882.649289292,-2.105851016e-02,-1.647473487e-01,-5.232429415e-01,9.605237785e-01,5.690418796e+00,7.174973463e+00
131882.659296292,-3.046963169e-02,-1.616325953e-01,-4.685606577e-01,3.455132271e-01,5.758054993e+00,7.418733119e+00
131882.669303292,-1.905492271e-02,-1.963571028e-01,-3.975562980e-01,-1.197100830e-01,5.818209309e+00,7.613710917e+00
131882.679309292,1.454570818e-02,-2.707336089e-01,-3.255624535e-01,-3.696048813e-01,5.938966856e+00,7.751676788e+00
131882.689316292,5.646260972e-02,-3.586588747e-01,-2.779134291e-01,-3.606266251e-01,6.063166067e+00,7.823053925e+00
131882.699323292,1.033415755e-01,-4.317975961e-01,-2.664951576e-01,-1.087865379e-01,6.241384453e+00,7.790133652e+00
131882.709330292,1.409824411e-01,-4.735342633e-01,-2.888509023e-01,2.225111168e-01,6.441449929e+00,7.715314850e+00
131882.719336292,1.555119533e-01,-4.848960589e-01,-3.266838523e-01,5.132569809e-01,6.589591157e+00,7.573458401e+00
131882.729343292,1.574610232e-01,-4.765438813e-01,-3.699483477e-01,6.325181511e-01,6.684910310e+00,7.368155609e+00
131882.739350292,1.527541281e-01,-4.725055694e-01,-3.913095171e-01,5.273229156e-01,6.722768624e+00,7.266551676e+00
131882.749356292,1.502930835e-01,-4.740057687e-01,-3.870318288e-01,2.892494881e-01,6.736684921e+00,7.286603115e+00
131882.759363292,1.595594324e-01,-4.797197900e-01,-3.599296575e-01,5.910685349e-02,6.686556324e+00,7.343315767e+00
131882.769370292,1.759640929e-01,-4.858898023e-01,-3.337635804e-01,-9.876081848e-03,6.626102732e+00,7.425017899e+00
131882.779377292,1.891515624e-01,-4.789221208e-01,-3.268715489e-01,1.264437752e-01,6.529287202e+00,7.454496507e+00
131882.789383292,1.924703555e-01,-4.759523203e-01,-3.375609675e-01,3.104980278e-01,6.450877098e+00,7.374889301e+00
131882.799390292,1.816062733e-01,-4.863364059e-01,-3.577756860e-01,4.314052116e-01,6.348973890e+00,7.233781041e+00
131882.809397292,1.662328478e-01,-5.118480671e-01,-3.873800648e-01,5.063736511e-01,6.285826821e+00,7.141753915e+00
131882.819403292,1.568942208e-01,-5.382672098e-01,-4.247203738e-01,5.433341393e-01,6.264578281e+00,7.149684708e+00
131882.829410292,1.586193662e-01,-5.596611804e-01,-4.592941288e-01,5.345055206e-01,6.223427940e+00,7.228843000e+00
131882.839417292,1.709379869e-01,-5.698051452e-01,-4.905980286e-01,4.581903427e-01,6.169408765e+00,7.336731712e+00
131882.849424292,1.780533221e-01,-5.680386010e-01,-5.084886018e-01,3.380313469e-01,6.077680914e+00,7.405265735e+00
131882.859430292,1.852718305e-01,-5.627956490e-01,-5.067854270e-01,1.189618950e-01,5.991788930e+00,7.415590730e+00
131882.869437292,1.908781759e-01,-5.543691824e-01,-4.857567143e-01,-1.851017159e-01,5.970540390e+00,7.355436413e+00
131882.879444292,1.898023094e-01,-5.465347740e-01,-4.576476954e-01,-4.593874435e-01,5.991639292e+00,7.306804192e+00
131882.889450292,1.869050773e-01,-5.350230551e-01,-4.195569213e-01,-6.525695900e-01,6.039224050e+00,7.233332128e+00
131882.899457292,1.865868575e-01,-5.220175214e-01,-3.876090681e-01,-7.836521309e-01,6.078279465e+00,7.134272034e+00
131882.909464292,1.875899904e-01,-5.174542722e-01,-3.697582459e-01,-8.511386902e-01,6.118681618e+00,7.019948905e+00
131882.919470292,1.841650149e-01,-5.227285251e-01,-3.593238221e-01,-9.115922821e-01,6.144419286e+00,6.911910555e+00
131882.929477292,1.783479792e-01,-5.425567157e-01,-3.570826791e-01,-9.882067352e-01,6.161477972e+00,6.781276927e+00
131882.939484292,1.761717549e-01,-5.803576612e-01,-3.576859595e-01,-1.007958899e+00,6.156240656e+00,6.727257752e+00
131882.949491292,1.846755543e-01,-6.136791289e-01,-3.548513159e-01,-9.666589203e-01,6.269516322e+00,6.802675105e+00
131882.959497292,1.906206480e-01,-6.309843987e-01,-3.665047227e-01,-7.380126617e-01,6.309469563e+00,6.835296102e+00
131882.969504292,1.845655485e-01,-6.226140863e-01,-3.841519383e-01,-4.680664246e-01,6.383390539e+00,6.783371854e+00
131882.979511292,1.664115280e-01,-5.892272105e-01,-4.043213606e-01,-2.067991684e-01,6.435913338e+00,6.701669722e+00
131882.989517292,1.253045639e-01,-5.407111736e-01,-4.276209869e-01,-2.902969513e-02,6.490830338e+00,6.576273410e+00
131882.999524292,6.995815816e-02,-4.868374790e-01,-4.541405682e-01,4.339490509e-02,6.520308946e+00,6.462399194e+00
131883.009531292,1.610593417e-02,-4.484460524e-01,-4.660409848e-01,-4.040215302e-02,6.520608221e+00,6.464494120e+00
131883.019538292,-2.974597136e-02,-4.188286670e-01,-4.654955401e-01,-2.347814003e-01,6.544999151e+00,6.582109277e+00
131883.029544292,-4.836175420e-02,-4.020813864e-01,-4.522301723e-01,-4.204816666e-01,6.536769083e+00,6.802076554e+00
131883.039551292,-4.260582591e-02,-4.076119789e-01,-4.344640330e-01,-5.578489868e-01,6.548440816e+00,7.085490176e+00
131883.049558292,-4.953310465e-03,-4.346597437e-01,-4.134052478e-01,-6.621463966e-01,6.632836424e+00,7.358279527e+00
131883.059564292,3.792873518e-02,-4.890629445e-01,-4.095533461e-01,-6.732195793e-01,6.750601218e+00,7.468861716e+00
131883.069571292,6.984331775e-02,-5.519289888e-01,-4.193880075e-01,-5.801449898e-01,6.852354789e+00,7.417087106e+00
131883.079578292,7.411173829e-02,-6.063686593e-01,-4.345830855e-01,-4.236240562e-01,6.914304757e+00,7.217769817e+00
131883.089585292,6.510395715e-02,-6.368921933e-01,-4.522954508e-01,-2.026093155e-01,6.950517057e+00,7.039551431e+00
131883.099591292,5.529430327e-02,-6.328840604e-01,-4.667145462e-01,-8.379705811e-03,6.998700365e+00,6.986729357e+00
131883.109598292,5.008922348e-02,-6.100879054e-01,-4.704307003e-01,1.077390747e-01,7.008726085e+00,7.053767004e+00
131883.119605292,4.930960804e-02,-5.880132918e-01,-4.670757994e-01,1.101332764e-01,7.059303595e+00,7.134122397e+00
131883.129611292,4.191892644e-02,-5.853719280e-01,-4.609485902e-01,4.668693237e-02,7.146841593e+00,7.125742691e+00
131883.139618292,3.376239273e-02,-6.024760367e-01,-4.488489985e-01,-2.738368149e-02,7.224503510e+00,7.046135486e+00
131883.149625292,3.118254278e-02,-6.209956069e-01,-4.359454836e-01,-6.194996796e-02,7.338826639e+00,7.029376074e+00
131883.159631292,3.304450983e-02,-6.403102924e-01,-4.314447292e-01,4.623801956e-02,7.468562441e+00,7.033715565e+00
131883.169638292,2.801000605e-02,-6.636828139e-01,-4.365225841e-01,2.133832230e-01,7.617451857e+00,6.982988417e+00
131883.179645292,1.271819981e-02,-6.972466621e-01,-4.511451168e-01,3.769371239e-01,7.773523878e+00,6.858041018e+00
131883.189652292,-1.327764059e-02,-7.266605625e-01,-4.753884123e-01,5.663783302e-01,7.903858231e+00,6.711545804e+00
131883.199658292,-3.902840676e-02,-7.411017497e-01,-5.130443091e-01,7.647977928e-01,8.082226254e+00,6.629993310e+00
131883.209665292,-6.755810964e-02,-7.326882224e-01,-5.478843138e-01,9.310451706e-01,8.167968601e+00,6.604106004e+00
131883.219672292,-1.022198022e-01,-7.042739680e-01,-5.737527482e-01,9.850643456e-01,8.198644310e+00,6.520159309e+00
131883.229678292,-1.340225341e-01,-6.638490067e-01,-5.863457086e-01,1.024269398e+00,8.191012792e+00,6.471377450e+00
131883.239685292,-1.773075102e-01,-6.116862949e-01,-5.767148814e-01,9.332897346e-01,8.116942178e+00,6.385186190e+00
131883.249692292,-2.433294368e-01,-5.667406004e-01,-5.435533606e-01,7.677905449e-01,7.987206376e+00,6.196493172e+00
131883.259699292,-3.141138561e-01,-5.229950869e-01,-4.943703517e-01,6.290764862e-01,7.768585837e+00,6.046556293e+00
131883.269705292,-3.590884746e-01,-4.826577989e-01,-4.311899940e-01,5.316624062e-01,7.551611311e+00,6.140379070e+00
131883.279712292,-3.559435492e-01,-4.412965985e-01,-3.663093639e-01,5.620388397e-01,7.293636082e+00,6.513724892e+00
131883.289719292,-3.048171432e-01,-4.068375892e-01,-3.144986766e-01,6.744166801e-01,7.058405769e+00,6.949170319e+00
131883.299725292,-2.206607751e-01,-4.034608261e-01,-2.821593670e-01,7.879916214e-01,6.877344269e+00,7.233930679e+00
131883.309732292,-1.249834254e-01,-4.413751014e-01,-2.810947175e-01,8.466495621e-01,6.817938140e+00,7.287052028e+00
131883.319739292,-3.743197282e-02,-4.970839584e-01,-2.999422156e-01,8.628104233e-01,6.778583450e+00,7.119158636e+00
131883.329746292,4.050917049e-02,-5.642231428e-01,-3.331337427e-01,8.559270935e-01,6.830956612e+00,6.846219647e+00
131883.339752292,9.134583649e-02,-6.311408147e-01,-3.643008464e-01,7.860463326e-01,6.945878291e+00,6.509385401e+00
131883.349759292,9.774113406e-02,-6.811808509e-01,-3.707164809e-01,5.919663605e-01,7.101351762e+00,6.047603756e+00
131883.359766292,7.213577716e-02,-6.949572167e-01,-3.523508527e-01,4.170400017e-01,7.189488310e+00,5.634304694e+00
131883.369772292,3.153222140e-02,-6.716615929e-01,-2.984206816e-01,2.940378914e-01,7.233481766e+00,5.383512070e+00
131883.379779292,-9.981509888e-03,-6.152421000e-01,-2.222487998e-01,1.886930183e-01,7.327753456e+00,5.329792171e+00
131883.389786292,-4.694518396e-02,-5.366566359e-01,-1.371237107e-01,1.482908653e-01,7.413495803e+00,5.351788898e+00
131883.399792292,-8.131015026e-02,-4.649431457e-01,-5.196582367e-02,1.616086121e-01,7.477839973e+00,5.343558830e+00
131883.409799292,-1.282440129e-01,-4.099546948e-01,2.195096742e-02,2.021604027e-01,7.551012761e+00,5.292981320e+00
131883.419806292,-1.768964057e-01,-3.771449639e-01,7.664043065e-02,3.087023766e-01,7.602488097e+00,5.225345123e+00
131883.429813292,-2.152727685e-01,-3.661079587e-01,1.083606571e-01,4.745008415e-01,7.653664157e+00,5.268291116e+00
131883.439819125,-2.281854961e-01,-3.661103969e-01,1.138365898e-01,7.260416534e-01,7.683292403e+00,5.498882663e+00
131883.449826125,-2.275328865e-01,-3.748387024e-01,9.827433235e-02,1.055992570e+00,7.654412345e+00,5.740996306e+00
131883.459833125,-2.145286934e-01,-3.808113619e-01,5.961198516e-02,1.372027189e+00,7.618200045e+00,5.929539687e+00
131883.469839125,-1.927601361e-01,-3.767173220e-01,7.685918913e-03,1.677886451e+00,7.530811684e+00,6.079626203e+00
131883.479846125,-1.719678914e-01,-3.627901408e-01,-5.229543370e-02,1.945737762e+00,7.414543266e+00,6.199336286e+00
131883.489853125,-1.459819090e-01,-3.418977242e-01,-1.132495979e-01,2.063801831e+00,7.375936765e+00,6.260538066e+00
131883.499860125,-1.294321932e-01,-3.107850047e-01,-1.639831432e-01,2.103006883e+00,7.320570851e+00,6.251410172e+00
131883.509866125,-1.189755458e-01,-2.736211000e-01,-2.057976943e-01,2.036567787e+00,7.262361823e+00,6.170007316e+00
131883.519873125,-1.080999770e-01,-2.356717218e-01,-2.260110806e-01,1.878550478e+00,7.242759297e+00,6.150404790e+00
131883.529880125,-9.950858445e-02,-2.156728565e-01,-2.282550085e-01,1.655141535e+00,7.223456046e+00,6.143521460e+00
131883.539886125,-8.560538382e-02,-2.028774848e-01,-2.217946320e-01,1.445050340e+00,7.200112580e+00,6.086808808e+00
131883.549893125,-6.515303700e-02,-2.067902200e-01,-2.161857969e-01,1.285835929e+00,7.197718378e+00,6.070797585e+00
131883.559900125,-4.755484942e-02,-2.197099841e-01,-2.182653200e-01,1.213261691e+00,7.228693362e+00,6.003161388e+00
131883.569907125,-3.790239678e-02,-2.327403410e-01,-2.223401780e-01,1.163582007e+00,7.269245153e+00,5.876268700e+00
131883.579913125,-4.216092644e-02,-2.581582737e-01,-2.330102718e-01,1.112256309e+00,7.317877374e+00,5.688623145e+00
131883.589920125,-5.847653705e-02,-2.797904784e-01,-2.408908516e-01,1.052999818e+00,7.410353413e+00,5.470152243e+00
131883.599927125,-8.934088857e-02,-2.903679662e-01,-2.482855984e-01,1.020528458e+00,7.469310629e+00,5.305251604e+00
131883.609933125,-1.129883913e-01,-2.794159715e-01,-2.455241306e-01,1.006312885e+00,7.540538129e+00,5.214571216e+00
131883.619940125,-1.298935166e-01,-2.493595010e-01,-2.283267868e-01,9.367313995e-01,7.648277203e+00,5.297470448e+00
131883.629947125,-1.339357019e-01,-2.139314793e-01,-1.971596194e-01,8.218097198e-01,7.709329346e+00,5.440224722e+00
131883.639954125,-1.332592052e-01,-1.845782360e-01,-1.464840196e-01,7.246949150e-01,7.726088757e+00,5.603778623e+00
131883.649960125,-1.310630083e-01,-1.722780518e-01,-9.786457876e-02,6.603507454e-01,7.735815202e+00,5.734561889e+00
131883.659967125,-1.324280584e-01,-1.728399278e-01,-6.944730546e-02,7.224503510e-01,7.688080806e+00,5.791124903e+00
131883.669974125,-1.296741839e-01,-1.929849087e-01,-7.081241325e-02,9.177274239e-01,7.698854713e+00,5.824793364e+00
131883.679980125,-1.206171857e-01,-2.299076804e-01,-8.810175862e-02,1.117942538e+00,7.711573910e+00,5.884947681e+00
131883.689987125,-1.119290719e-01,-2.585259240e-01,-1.230423713e-01,1.312022510e+00,7.725639845e+00,5.925948384e+00
131883.699994125,-9.253409074e-02,-2.723029466e-01,-1.687388653e-01,1.546953548e+00,7.673865234e+00,5.984905600e+00
131883.710000125,-6.728551095e-02,-2.547143260e-01,-2.101993257e-01,1.727416498e+00,7.643339162e+00,6.059275489e+00
131883.720007125,-4.803975980e-02,-2.206721721e-01,-2.490738224e-01,1.809567542e+00,7.622090623e+00,6.083965694e+00
131883.730014125,-3.809513068e-02,-1.783180177e-01,-2.802475608e-01,1.804629501e+00,7.570016737e+00,5.994332769e+00
131883.740021125,-3.736541301e-02,-1.511695147e-01,-2.962639389e-01,1.712452737e+00,7.587973249e+00,5.912331362e+00
131883.750027125,-4.683434964e-02,-1.368265529e-01,-3.008659562e-01,1.537825654e+00,7.674912697e+00,5.843647702e+00
131883.760034125,-6.862943591e-02,-1.298054450e-01,-3.040887145e-01,1.457021348e+00,7.666832266e+00,5.763890859e+00
131883.770041125,-9.107407147e-02,-1.293339839e-01,-3.166146600e-01,1.476923149e+00,7.688080806e+00,5.708225671e+00
131883.780047125,-1.135188440e-01,-1.202136555e-01,-3.323867374e-01,1.581968747e+00,7.682394577e+00,5.766434698e+00
131883.790054125,-1.341884096e-01,-1.097527609e-01,-3.559042081e-01,1.726668310e+00,7.622689173e+00,5.770923827e+00
131883.800061125,-1.491079825e-01,-9.735101332e-02,-3.851715160e-01,1.895160252e+00,7.552209862e+00,5.816413658e+00
131883.810068125,-1.270627688e-01,-8.797985572e-02,-4.095152466e-01,2.000804400e+00,7.502230902e+00,5.984157412e+00
131883.820074125,-9.497306162e-02,-9.700902665e-02,-4.292311540e-01,2.017563811e+00,7.511807709e+00,6.193051507e+00
131883.830081125,-7.693942218e-02,-1.116185526e-01,-4.465094039e-01,2.031031196e+00,7.519439227e+00,6.201431213e+00
131883.840088125,-7.032955638e-02,-1.201304749e-01,-4.607432406e-01,2.052728648e+00,7.517344300e+00,6.110301912e+00
131883.850094125,-6.797137637e-02,-1.173312282e-01,-4.764997387e-01,2.031330471e+00,7.595155854e+00,6.100126555e+00
131883.860101125,-6.145339727e-02,-1.101572592e-01,-4.944164614e-01,1.930624364e+00,7.731625349e+00,6.197091722e+00
131883.870108125,-6.253612072e-02,-1.074035482e-01,-5.107041820e-01,1.678485001e+00,7.891438309e+00,6.277297478e+00
131883.880115125,-6.294545439e-02,-1.043604892e-01,-5.248607569e-01,1.400757609e+00,7.946804223e+00,6.320842020e+00
131883.890121125,-6.075842057e-02,-1.333200882e-01,-5.283130456e-01,1.073799445e+00,8.019228823e+00,6.541557486e+00
131883.900128125,-7.270109341e-02,-1.859411161e-01,-5.161606105e-01,6.305728622e-01,8.081328429e+00,6.724115363e+00
131883.910135125,-1.087125711e-01,-2.576753754e-01,-5.009564947e-01,3.350385948e-01,8.004863613e+00,6.737283472e+00
131883.920141125,-1.358372100e-01,-3.249047920e-01,-4.753797522e-01,1.562216583e-01,7.925106770e+00,6.880337021e+00
131883.930148125,-1.493691342e-01,-3.739186873e-01,-4.400340638e-01,-1.945288849e-02,7.924807495e+00,7.192481062e+00
131883.940155125,-1.595888715e-01,-4.005395305e-01,-4.017383319e-01,-6.733692169e-02,7.940818719e+00,7.374739664e+00
131883.950162125,-1.894797403e-01,-3.828314303e-01,-3.559174149e-01,5.087678528e-03,7.954585378e+00,7.400626969e+00
131883.960168125,-2.599008389e-01,-3.161675657e-01,-3.270040204e-01,1.587654976e-01,7.989301302e+00,7.213579964e+00
131883.970175125,-3.555602030e-01,-2.113927402e-01,-3.026685250e-01,3.782838623e-01,7.963713272e+00,6.964882267e+00
131883.980182125,-4.487004316e-01,-9.254073195e-02,-2.880107193e-01,5.309142181e-01,7.911340111e+00,6.961290965e+00
131883.990188125,-5.187411335e-01,2.035630528e-02,-2.728070584e-01,5.349544334e-01,7.812429655e+00,7.179911504e+00
131884.000195125,-5.464143335e-01,1.080860364e-01,-2.553669100e-01,4.849754738e-01,7.604732661e+00,7.551910587e+00
131884.010202125,-5.365358935e-01,1.558297793e-01,-2.337439952e-01,4.152443504e-01,7.369352710e+00,7.978826670e+00
131884.020208125,-4.947184022e-01,1.551030739e-01,-2.122927552e-01,4.354454269e-01,7.033565927e+00,8.331672140e+00
131884.030215125,-4.265939906e-01,1.285397344e-01,-1.992626544e-01,5.758054993e-01,6.635080988e+00,8.624213655e+00
131884.040222125,-3.339696518e-01,9.180749110e-02,-1.976690722e-01,8.180687798e-01,6.175094994e+00,8.870367513e+00
131884.050229125,-2.283068713e-01,6.166704636e-02,-2.106599194e-01,1.141286004e+00,5.721693055e+00,9.007435558e+00
131884.060235125,-1.270859365e-01,4.000556427e-02,-2.526354769e-01,1.511040523e+00,5.316773699e+00,8.931419656e+00
131884.070242125,-5.167337968e-02,1.048791293e-02,-3.124290036e-01,1.802085662e+00,5.047874925e+00,8.668506386e+00
131884.080249125,-1.292754193e-02,-4.064099431e-02,-3.787552986e-01,1.889922935e+00,4.880430447e+00,8.282591006e+00
131884.090255125,-1.389136536e-02,-1.045525411e-01,-4.372506045e-01,1.769015752e+00,4.847959087e+00,7.811831104e+00
131884.100262125,-4.935556920e-02,-1.654061857e-01,-4.721286306e-01,1.526602834e+00,4.894795657e+00,7.409904501e+00
131884.110269125,-9.217432773e-02,-1.876854680e-01,-4.890585895e-01,1.261744275e+00,4.965723881e+00,7.167042670e+00
131884.120276125,-1.253573049e-01,-1.729580543e-01,-4.638980773e-01,9.376292252e-01,5.077203896e+00,7.167641220e+00
131884.130282125,-1.496314466e-01,-1.392654958e-01,-4.013631159e-01,5.143044441e-01,5.227739325e+00,7.302015788e+00
131884.140289125,-1.707112292e-01,-1.157200479e-01,-3.174317377e-01,1.339256554e-01,5.316324786e+00,7.366808871e+00
131884.150296125,-1.753517848e-01,-1.163856839e-01,-2.151113194e-01,-1.877951927e-01,5.451447543e+00,7.449259190e+00
131884.160302125,-1.570189118e-01,-1.436823678e-01,-1.085348734e-01,-3.784334999e-01,5.668422068e+00,7.622539536e+00
131884.170309125,-1.264449235e-01,-1.904229288e-01,-2.400684999e-02,-3.643675652e-01,5.870582471e+00,7.767388736e+00
131884.180316125,-8.173635746e-02,-2.489427623e-01,2.188664608e-02,-1.417068108e-01,6.090699386e+00,7.885752081e+00
131884.190323125,-3.551192263e-02,-3.042482463e-01,2.814421874e-02,2.130839478e-01,6.336105056e+00,7.940519444e+00
131884.200329125,1.978642074e-03,-3.477587467e-01,1.397944486e-03,6.067804832e-01,6.520608221e+00,7.892186497e+00
131884.210336125,3.050530227e-02,-3.756576565e-01,-4.903385650e-02,9.742904381e-01,6.641066492e+00,7.765892360e+00
131884.220343125,5.019662594e-02,-3.827539509e-01,-1.145075304e-01,1.207725100e+00,6.734589995e+00,7.641693149e+00
131884.230349125,5.384724843e-02,-3.769287229e-01,-1.817704488e-01,1.303193891e+00,6.723965725e+00,7.492803733e+00
131884.240356125,4.421796863e-02,-3.602572775e-01,-2.388107198e-01,1.234510231e+00,6.662315032e+00,7.318027012e+00
131884.250363125,3.118118851e-02,-3.355609813e-01,-2.785480391e-01,1.050605616e+00,6.572981383e+00,7.127987255e+00
131884.260369125,1.987291667e-02,-3.078899507e-01,-2.945575437e-01,7.793126404e-01,6.468384698e+00,7.077559383e+00
131884.270376125,2.023620442e-02,-2.872500317e-01,-2.822593548e-01,4.339490509e-01,6.405237629e+00,7.152078909e+00
131884.280383125,3.082451055e-02,-2.750205909e-01,-2.429787283e-01,8.319850769e-02,6.371718806e+00,7.283460725e+00
131884.290390125,3.349622445e-02,-2.686661864e-01,-1.937907694e-01,-1.334767426e-01,6.298097105e+00,7.295880647e+00
131884.300396125,2.471915083e-02,-2.688359670e-01,-1.482966156e-01,-2.310404602e-01,6.235548586e+00,7.222857496e+00
131884.310403125,5.277845640e-03,-2.747066156e-01,-1.062327847e-01,-2.298433594e-01,6.212803671e+00,7.138461887e+00
131884.320410125,-1.638565866e-02,-2.946418833e-01,-8.410423360e-02,-1.227028351e-01,6.216394973e+00,7.041646358e+00
131884.330416125,-2.801863041e-02,-3.249656517e-01,-8.153797406e-02,7.900865479e-02,6.256946764e+00,7.060351058e+00
131884.340423125,-2.541826342e-02,-3.554928438e-01,-1.028581339e-01,3.205237473e-01,6.325181511e+00,7.139060438e+00
131884.350430125,-1.097015833e-02,-3.810719754e-01,-1.403529913e-01,5.600935509e-01,6.320243470e+00,7.211036125e+00
131884.360437125,1.308127342e-02,-3.954565854e-01,-1.835189435e-01,7.302315063e-01,6.373963370e+00,7.311891870e+00
131884.370443125,4.088482998e-02,-3.979157028e-01,-2.347451789e-01,8.328829025e-01,6.428730733e+00,7.343315767e+00
131884.380450125,5.795721595e-02,-3.923413340e-01,-2.758716364e-01,8.259995728e-01,6.472873826e+00,7.295731009e+00
131884.390457125,5.019170360e-02,-3.699628848e-01,-3.042619582e-01,7.112275307e-01,6.557568710e+00,7.136666236e+00
131884.400463125,1.876399289e-02,-3.379233123e-01,-3.161448743e-01,5.949591125e-01,6.593930647e+00,6.906972514e+00
131884.410470125,-9.808974465e-03,-3.141737267e-01,-3.137138039e-01,4.438251328e-01,6.639719754e+00,6.819284879e+00
131884.420477125,-3.195317237e-02,-2.897464763e-01,-2.992849769e-01,2.883516624e-01,6.676231329e+00,6.879588833e+00
131884.430484125,-3.744378734e-02,-2.695292771e-01,-2.749723664e-01,1.725321571e-01,6.656179890e+00,7.013514488e+00
131884.440489542,-4.164519556e-02,-2.509574576e-01,-2.578598220e-01,1.451484756e-01,6.649895111e+00,7.130231819e+00
131884.450496542,-5.259521903e-02,-2.288711813e-01,-2.531640267e-01,2.247556808e-01,6.641665043e+00,7.099705748e+00
131884.460503542,-7.109470663e-02,-2.073803875e-01,-2.687359955e-01,3.800795135e-01,6.618471214e+00,7.015908690e+00
131884.470509542,-8.886738330e-02,-1.823205145e-01,-3.047359055e-01,5.187935722e-01,6.659621555e+00,6.991517760e+00
131884.480516542,-1.089590523e-01,-1.747685772e-01,-3.441131091e-01,5.600935509e-01,6.675483141e+00,6.975057624e+00
131884.490523542,-1.281409876e-01,-1.886615532e-01,-3.685728938e-01,4.650736725e-01,6.673687490e+00,7.000944930e+00
131884.500530542,-1.312899133e-01,-2.107078870e-01,-3.843320744e-01,3.215712105e-01,6.672490389e+00,7.092672781e+00
131884.510536542,-1.274837131e-01,-2.362961665e-01,-3.954062530e-01,2.246060432e-01,6.704961749e+00,7.221810033e+00
131884.520543542,-1.155775250e-01,-2.593062204e-01,-3.975632669e-01,2.050035172e-01,6.695833855e+00,7.337629538e+00
131884.530550542,-1.054955549e-01,-2.714906305e-01,-3.957730959e-01,2.211643784e-01,6.727557027e+00,7.437587457e+00
131884.540556542,-7.899893506e-02,-2.961955432e-01,-3.944630228e-01,2.421136429e-01,6.731297968e+00,7.527818932e+00
131884.550563542,-3.803799700e-02,-3.217768202e-01,-3.876892709e-01,2.524386375e-01,6.741323687e+00,7.706486231e+00
131884.560570542,7.899415426e-05,-3.548571332e-01,-3.847430829e-01,2.935889786e-01,6.727257752e+00,7.775319529e+00
131884.570577542,3.948506972e-02,-3.937316902e-01,-3.786992827e-01,3.703530693e-01,6.708253777e+00,7.778162643e+00
131884.580583542,7.917508369e-02,-4.332614608e-01,-3.702522712e-01,4.948515556e-01,6.748057379e+00,7.819462622e+00
131884.590590542,1.122596949e-01,-4.700945486e-01,-3.746198019e-01,7.007528984e-01,6.769455556e+00,7.809586540e+00
131884.600597542,1.396955143e-01,-5.133344338e-01,-4.022943002e-01,1.000327381e+00,6.777236712e+00,7.721300354e+00
131884.610603542,1.542283660e-01,-5.540032488e-01,-4.535834484e-01,1.294514910e+00,6.807164233e+00,7.602338459e+00
131884.620610542,1.512847922e-01,-6.000943291e-01,-5.171063439e-01,1.448043092e+00,6.939443874e+00,7.461529474e+00
131884.630617542,1.367732939e-01,-6.395507653e-01,-5.782539735e-01,1.454477509e+00,7.081749236e+00,7.322366502e+00
131884.640624542,1.190541366e-01,-6.665189481e-01,-6.230603119e-01,1.354070676e+00,7.218966918e+00,7.226299161e+00
131884.650630542,1.065817836e-01,-6.784366340e-01,-6.488651918e-01,1.166275484e+00,7.385214296e+00,7.279719785e+00
131884.660637542,9.941781571e-02,-6.722127254e-01,-6.592974452e-01,9.503484215e-01,7.559841380e+00,7.300519412e+00
131884.670644542,8.263881562e-02,-6.504807868e-01,-6.567305501e-01,7.921814743e-01,7.611017440e+00,7.228094812e+00
131884.680650542,5.968139797e-02,-6.183825431e-01,-6.498109561e-01,7.396586754e-01,7.609521064e+00,7.114819146e+00
131884.690657542,2.491039808e-02,-5.823689704e-01,-6.425030507e-01,7.441478035e-01,7.627776852e+00,6.974459074e+00
131884.700664542,-2.053395283e-02,-5.603027118e-01,-6.360494668e-01,7.160159340e-01,7.621492072e+00,6.823025819e+00
131884.710671542,-7.165263209e-02,-5.516407351e-01,-6.147139433e-01,6.658873367e-01,7.558644279e+00,6.685209586e+00
131884.720677542,-1.231087063e-01,-5.577963933e-01,-5.762310693e-01,6.308721375e-01,7.449857741e+00,6.633434975e+00
131884.730684542,-1.837626341e-01,-5.726251435e-01,-5.439641569e-01,6.991068848e-01,7.310694769e+00,6.567594429e+00
131884.740691542,-2.485894386e-01,-5.799099074e-01,-5.082621346e-01,8.910919304e-01,7.107935816e+00,6.547243715e+00
131884.750697542,-2.919525265e-01,-5.601334444e-01,-4.757892409e-01,1.135749413e+00,6.830956612e+00,6.690446902e+00
131884.760704542,-2.788552293e-01,-5.065911532e-01,-4.384579583e-01,1.461959389e+00,6.496217292e+00,7.074566631e+00
131884.770711542,-2.176560658e-01,-4.340627673e-01,-4.079276710e-01,1.738788956e+00,6.170156953e+00,7.517793213e+00
131884.780717542,-1.394465404e-01,-3.792731211e-01,-3.951922921e-01,1.898153004e+00,5.935225916e+00,7.741950343e+00
131884.790724542,-7.376862635e-02,-3.891548795e-01,-3.985210520e-01,1.857900488e+00,5.832724157e+00,7.613710917e+00
131884.800731542,-3.636961344e-02,-4.603699538e-01,-4.137855164e-01,1.621921987e+00,5.861454577e+00,7.254879943e+00
131884.810738542,-1.427507517e-02,-5.742817532e-01,-4.256182854e-01,1.445648890e+00,5.917867953e+00,6.966229005e+00
131884.820744542,-2.209827130e-03,-6.828294042e-01,-4.255977633e-01,1.205929449e+00,6.156689569e+00,6.877194631e+00
131884.830751542,1.972196938e-03,-7.557410842e-01,-3.952099747e-01,1.011999114e+00,6.313060865e+00,6.826467484e+00
131884.840758542,-8.825916592e-04,-7.659216435e-01,-3.348611492e-01,9.693523972e-01,6.366481490e+00,6.781276927e+00
131884.850764542,-4.210043071e-03,-7.194561995e-01,-2.607992928e-01,1.032349828e+00,6.426935081e+00,6.759429837e+00
131884.860771542,-2.353301347e-03,-6.366708575e-01,-1.929295444e-01,1.190367138e+00,6.488286499e+00,6.734440357e+00
131884.870778542,-1.741811330e-03,-5.536087049e-01,-1.494723815e-01,1.418564484e+00,6.527790826e+00,6.711246529e+00
131884.880785542,-4.053532712e-03,-5.016120421e-01,-1.418687332e-01,1.613392644e+00,6.602459991e+00,6.590189707e+00
131884.890791542,-2.883392724e-03,-4.872613940e-01,-1.732914050e-01,1.729960337e+00,6.747907742e+00,6.481403169e+00
131884.900798542,7.504176669e-03,-5.174520512e-01,-2.309021332e-01,1.745223373e+00,6.880935571e+00,6.454618038e+00
131884.910805542,1.098577686e-02,-5.714611653e-01,-2.970557751e-01,1.649754581e+00,7.018452529e+00,6.402394514e+00
131884.920811542,5.884408379e-03,-6.262542169e-01,-3.630653078e-01,1.538723479e+00,7.107486903e+00,6.284928996e+00
131884.930818542,-7.876978980e-03,-6.561786608e-01,-4.141257318e-01,1.414823544e+00,7.149535070e+00,6.211157657e+00
131884.940825542,-2.660160925e-02,-6.483642364e-01,-4.296275378e-01,1.218648645e+00,7.165247018e+00,6.212803671e+00
131884.950832542,-5.261859506e-02,-5.977009243e-01,-4.115950136e-01,1.023072297e+00,7.167641220e+00,6.217741711e+00
131884.960838542,-8.543538526e-02,-5.084533875e-01,-3.728181329e-01,9.142857590e-01,7.104943064e+00,6.192752232e+00
131884.970845542,-1.191919827e-01,-4.040217355e-01,-3.279808390e-01,8.761281700e-01,7.051372802e+00,6.218190624e+00
131884.980852542,-1.444737584e-01,-3.103063539e-01,-2.816265703e-01,8.445546356e-01,6.991966673e+00,6.276100377e+00
131884.990858542,-1.571944705e-01,-2.438265844e-01,-2.452783745e-01,8.520365158e-01,6.892906580e+00,6.351068816e+00
131885.000865542,-1.513130273e-01,-2.139965592e-01,-2.223588029e-01,9.355342987e-01,6.741323687e+00,6.457461153e+00
131885.010872542,-1.318124896e-01,-2.087424247e-01,-2.225325352e-01,1.111508121e+00,6.583306377e+00,6.547542990e+00
131885.020879542,-7.830279847e-02,-2.230977554e-01,-2.518446375e-01,1.260846449e+00,6.470778899e+00,6.634183163e+00
131885.030885542,-1.442921580e-02,-2.635295622e-01,-2.987649175e-01,1.369333712e+00,6.393565896e+00,6.688351975e+00
131885.040892542,4.579097908e-02,-3.197263789e-01,-3.485388866e-01,1.353322488e+00,6.408679294e+00,6.632387511e+00
131885.050899542,9.915672144e-02,-3.947970172e-01,-3.918076258e-01,1.237951896e+00,6.439654278e+00,6.460902818e+00
131885.060905542,1.358922593e-01,-4.648758138e-01,-4.229514539e-01,1.064970826e+00,6.549488279e+00,6.217442436e+00
131885.070912542,1.444722670e-01,-5.237140061e-01,-4.347925567e-01,8.681973770e-01,6.769305919e+00,5.940762507e+00
131885.080919542,1.390046121e-01,-5.555458705e-01,-4.236860017e-01,7.076362282e-01,6.908019978e+00,5.710320597e+00
131885.090925542,1.188590278e-01,-5.525308120e-01,-3.902062702e-01,6.190507668e-01,6.995258701e+00,5.583128634e+00
131885.100932542,9.470783984e-02,-5.146917609e-01,-3.391614193e-01,6.127659874e-01,7.093121693e+00,5.553949301e+00
131885.110939542,6.547229156e-02,-4.573907702e-01,-2.814109032e-01,6.607996582e-01,7.189637948e+00,5.609165577e+00
131885.120946542,3.078885136e-02,-3.894717089e-01,-2.267747650e-01,7.721300354e-01,7.281814712e+00,5.644779327e+00
131885.130952542,-6.533329751e-03,-3.214077401e-01,-1.894882422e-01,9.549871872e-01,7.348104170e+00,5.679345613e+00
131885.140959542,-3.210574015e-02,-2.609736839e-01,-1.667057250e-01,1.136048688e+00,7.416338918e+00,5.735908627e+00
131885.150966542,-4.478354517e-02,-2.167041744e-01,-1.614565753e-01,1.314566349e+00,7.476193959e+00,5.875819787e+00
131885.160972542,-5.669760000e-02,-1.898248475e-01,-1.714583090e-01,1.491288359e+00,7.535899363e+00,5.997475159e+00
131885.170979542,-7.435429493e-02,-1.690563868e-01,-1.991662582e-01,1.707215421e+00,7.555950802e+00,6.054786361e+00
131885.180986542,-9.476629826e-02,-1.441629549e-01,-2.347639531e-01,1.974168906e+00,7.437886732e+00,6.080673666e+00
131885.190993542,-1.008171560e-01,-1.108748720e-01,-2.805570673e-01,2.197128936e+00,7.346158881e+00,6.211307294e+00
131885.200999542,-9.477307496e-02,-6.119296586e-02,-3.259017111e-01,2.366668341e+00,7.228843000e+00,6.413467697e+00
131885.211006542,-8.546285647e-02,-2.622692295e-03,-3.616943628e-01,2.453757426e+00,7.036109766e+00,6.542305674e+00
131885.221013542,-8.235349032e-02,5.683211391e-02,-3.942857223e-01,2.445976271e+00,6.852803702e+00,6.516418369e+00
131885.231019542,-8.453625287e-02,1.001461494e-01,-4.190527991e-01,2.300827795e+00,6.751499044e+00,6.432022760e+00
131885.241026542,-8.692451692e-02,1.156369032e-01,-4.295365842e-01,2.093430077e+00,6.707355951e+00,6.391620607e+00
131885.251033542,-8.523350029e-02,1.038541175e-01,-4.352128208e-01,1.827075142e+00,6.782623666e+00,6.427533632e+00
131885.261040542,-6.495142110e-02,6.053742728e-02,-4.300666961e-01,1.581070921e+00,6.935403659e+00,6.616825201e+00
131885.271046542,-1.893326145e-02,1.256363017e-02,-4.206466166e-01,1.411082603e+00,7.105840890e+00,6.920140623e+00
131885.281053542,2.652761939e-02,-2.610903184e-02,-4.174097499e-01,1.406294200e+00,7.222558221e+00,7.107636541e+00
131885.291060542,6.934944858e-02,-5.310660872e-02,-4.291715999e-01,1.474828223e+00,7.265204938e+00,7.166144844e+00
131885.301066542,1.072614441e-01,-8.440605741e-02,-4.503786663e-01,1.506102482e+00,7.305457453e+00,7.252036829e+00
131885.311073542,1.241336922e-01,-1.215787226e-01,-4.838136741e-01,1.491587634e+00,7.315183897e+00,7.304260352e+00
131885.321080542,1.011876908e-01,-1.713298979e-01,-5.234255000e-01,1.412578979e+00,7.351096922e+00,7.246051324e+00
131885.331087542,4.500987017e-02,-2.031949781e-01,-5.563067431e-01,1.265485215e+00,7.391648713e+00,7.141604277e+00
131885.341093542,-2.105910906e-02,-1.876674099e-01,-5.612746678e-01,1.052850180e+00,7.420229495e+00,7.215375616e+00
131885.351100542,-8.095363567e-02,-1.219884904e-01,-5.402302195e-01,7.890390846e-01,7.464522226e+00,7.442675136e+00
131885.361107542,-1.398036561e-01,-3.855746154e-02,-4.908605616e-01,4.282628220e-01,7.534702262e+00,7.603385922e+00
131885.371113542,-2.066152780e-01,2.751671998e-02,-4.228628871e-01,3.082534637e-02,7.585429410e+00,7.613561279e+00
131885.381120542,-2.743314785e-01,7.002842570e-02,-3.554047452e-01,-2.674023979e-01,7.549965298e+00,7.551760949e+00
131885.391127542,-3.203642938e-01,7.950012085e-02,-2.900583709e-01,-4.872200378e-01,7.426065362e+00,7.607575775e+00
131885.401134542,-3.446580091e-01,6.971846694e-02,-2.314254389e-01,-6.338648895e-01,7.303961077e+00,7.748983311e+00
131885.411140542,-3.523693636e-01,4.176333770e-02,-1.960639193e-01,-6.326677887e-01,7.123348489e+00,7.867047380e+00
131885.421147542,-3.452489866e-01,1.924972896e-02,-1.658050556e-01,-5.720645592e-01,6.845621097e+00,7.995735719e+00
131885.431154542,-3.104784243e-01,7.654459310e-03,-1.330844332e-01,-5.349544334e-01,6.619967590e+00,8.252813123e+00
131885.441161167,-2.601095897e-01,9.958372402e-03,-9.444922606e-02,-4.933551796e-01,6.414515160e+00,8.518120594e+00
131885.451168167,-2.034320019e-01,2.268519768e-02,-4.386454616e-02,-4.436754951e-01,6.203226864e+00,8.686163623e+00
131885.461175167,-1.348685138e-01,3.590946752e-02,2.325059538e-02,-4.065653694e-01,6.008099429e+00,8.831461736e+00
131885.471181167,-4.871472170e-02,2.933415505e-02,9.352343128e-02,-3.136404175e-01,5.873874498e+00,8.952668195e+00
131885.481188167,9.108974570e-03,5.184404045e-03,1.294930905e-01,-7.182604980e-03,5.804741925e+00,8.896554094e+00
131885.491195167,2.904877298e-02,-2.830294586e-02,1.232501412e-01,4.875193130e-01,5.695356837e+00,8.469937286e+00
131885.501202167,1.909072059e-02,-6.608528091e-02,9.023424839e-02,9.938929642e-01,5.604676449e+00,8.049754894e+00
131885.511208167,-1.607695911e-02,-8.857601898e-02,3.541956215e-02,1.391779353e+00,5.566967773e+00,7.737461215e+00
131885.521215167,-6.768926303e-02,-7.772071923e-02,-2.316137748e-02,1.703025568e+00,5.503820704e+00,7.514201910e+00
131885.531222167,-1.047030436e-01,-4.129723292e-02,-6.707804753e-02,1.857152300e+00,5.449801529e+00,7.476044321e+00
131885.541228167,-1.189331627e-01,7.038094503e-03,-8.559355134e-02,1.771260316e+00,5.486462742e+00,7.624335187e+00
131885.551235167,-1.123647726e-01,4.368629287e-02,-8.298682706e-02,1.487248144e+00,5.620089122e+00,7.820360448e+00
131885.561242167,-9.061311864e-02,3.985828392e-02,-6.270620585e-02,1.121982753e+00,5.713163712e+00,7.948150961e+00
131885.571249167,-6.011780268e-02,1.275645226e-03,-2.797533729e-02,7.790133652e-01,5.792022729e+00,8.013841869e+00
131885.581255167,-1.652787758e-02,-5.273412252e-02,1.504983061e-04,5.422866760e-01,5.895721588e+00,8.024765414e+00
131885.591262167,3.063295065e-02,-1.140707687e-01,1.590924784e-02,4.774935936e-01,6.023212827e+00,7.992144417e+00
131885.601269167,7.222615074e-02,-1.631000182e-01,1.506723734e-02,5.333084198e-01,6.143970373e+00,7.868244481e+00
131885.611275167,9.788849258e-02,-1.972553073e-01,-4.782514498e-03,6.521206772e-01,6.220435188e+00,7.630619966e+00
131885.621282167,1.176210329e-01,-2.210514761e-01,-2.241491586e-02,7.686883705e-01,6.301838045e+00,7.433846517e+00
131885.631289167,1.256905697e-01,-2.399646327e-01,-3.566219803e-02,8.261492104e-01,6.336105056e+00,7.244106036e+00
131885.641296167,1.217798603e-01,-2.404709092e-01,-4.659623249e-02,8.897451920e-01,6.379649599e+00,7.081898873e+00
131885.651302167,1.051522139e-01,-2.243193175e-01,-5.080271955e-02,9.811737679e-01,6.345232950e+00,6.910563817e+00
131885.661309167,8.220368898e-02,-1.957620566e-01,-4.853358583e-02,1.061379523e+00,6.302137320e+00,6.783671129e+00
131885.671316167,5.473330386e-02,-1.563098563e-01,-4.925225245e-02,1.121084927e+00,6.238092426e+00,6.704512836e+00
131885.681322167,1.569209367e-02,-1.194211789e-01,-4.581459605e-02,1.184830547e+00,6.095487789e+00,6.645106708e+00
131885.691329167,-1.824753445e-02,-1.000716852e-01,-4.349007895e-02,1.165976208e+00,5.970390752e+00,6.606051293e+00
131885.701336167,-5.105788131e-02,-1.021381935e-01,-4.972618483e-02,1.140088903e+00,5.864896242e+00,6.591237170e+00
131885.711343167,-7.819008558e-02,-1.201540659e-01,-6.548963366e-02,1.133355211e+00,5.767931075e+00,6.612036797e+00
131885.721349167,-9.310364613e-02,-1.645562252e-01,-8.325645069e-02,1.049707790e+00,5.751171663e+00,6.706308488e+00
131885.731356167,-1.044091927e-01,-2.199947094e-01,-9.643480438e-02,9.439140045e-01,5.776759693e+00,6.772448309e+00
131885.741363167,-1.070227629e-01,-2.839991161e-01,-1.107766117e-01,8.667010010e-01,5.883451305e+00,6.807014595e+00
131885.751369167,-1.196693983e-01,-3.387789911e-01,-1.254234192e-01,8.527847038e-01,6.011092181e+00,6.839635593e+00
131885.761376167,-1.379756768e-01,-3.684906850e-01,-1.476673306e-01,9.352350235e-01,6.135889942e+00,6.807164233e+00
131885.771383167,-1.636559428e-01,-3.645524684e-01,-1.627437364e-01,1.066167927e+00,6.212354758e+00,6.822427268e+00
131885.781390167,-1.888290136e-01,-3.278462226e-01,-1.786582442e-01,1.140388178e+00,6.297648192e+00,6.886921075e+00
131885.791396167,-2.166761976e-01,-2.785961092e-01,-1.958335701e-01,1.183334171e+00,6.327575713e+00,6.923881564e+00
131885.801403167,-2.382478979e-01,-2.422381329e-01,-2.084125798e-01,1.162235268e+00,6.308571737e+00,7.009474273e+00
131885.811410167,-2.512397476e-01,-2.210301691e-01,-2.127823571e-01,1.000177744e+00,6.326378612e+00,7.149983983e+00
131885.821416167,-2.573958509e-01,-2.158356972e-01,-2.141386778e-01,8.810662109e-01,6.304381884e+00,7.288847679e+00
131885.831423167,-2.450621386e-01,-2.228862036e-01,-2.207803890e-01,8.065466843e-01,6.300640944e+00,7.471704831e+00
131885.841430167,-2.060437447e-01,-2.358058009e-01,-2.226080966e-01,7.347206345e-01,6.314407603e+00,7.749881136e+00
131885.851436167,-1.754438493e-01,-2.627753138e-01,-2.244905814e-01,6.824971107e-01,6.327725350e+00,7.927650610e+00
131885.861443167,-1.474434989e-01,-3.012113445e-01,-2.395179394e-01,7.049427513e-01,6.277147840e+00,7.883806792e+00
131885.871450167,-1.204351382e-01,-3.505330186e-01,-2.638260029e-01,7.721300354e-01,6.198438461e+00,7.875427086e+00
131885.881457167,-8.984243609e-02,-4.059461870e-01,-2.966452957e-01,8.093897987e-01,6.160280872e+00,7.923909669e+00
131885.891463167,-6.708742769e-02,-4.583309072e-01,-3.286686358e-01,8.203133438e-01,6.104615683e+00,7.932887926e+00
131885.901470167,-5.939808440e-02,-5.074985585e-01,-3.548318765e-01,8.421604340e-01,6.080224754e+00,7.895927438e+00
131885.911477167,-6.332457816e-02,-5.260786662e-01,-3.803448911e-01,8.909422928e-01,6.090849023e+00,7.871237233e+00
131885.921483167,-6.150794000e-02,-5.070050480e-01,-3.883153155e-01,9.518447975e-01,6.187664553e+00,7.949796975e+00
131885.931490167,-6.068688987e-02,-4.680136250e-01,-3.901184626e-01,9.292495193e-01,6.296451091e+00,8.112303413e+00
131885.941497167,-7.039576345e-02,-4.146108620e-01,-3.793164210e-01,8.955810585e-01,6.370222430e+00,8.161085271e+00
131885.951504167,-8.059040502e-02,-3.670490242e-01,-3.723514693e-01,8.696937531e-01,6.406883643e+00,8.174552656e+00
131885.961510167,-7.555290471e-02,-3.431333184e-01,-3.660762712e-01,7.849988693e-01,6.378003585e+00,8.272116373e+00
131885.971517167,-4.953335728e-02,-3.449199452e-01,-3.550132686e-01,6.202478676e-01,6.385335828e+00,8.489689449e+00
131885.981524167,-5.759925881e-03,-3.686687162e-01,-3.403806045e-01,4.848258362e-01,6.360196710e+00,8.667608560e+00
131885.991530167,4.110378502e-02,-4.017608351e-01,-3.346390844e-01,4.529530266e-01,6.329969914e+00,8.752752357e+00
131886.001537167,1.000964817e-01,-4.423621563e-01,-3.460748495e-01,5.255272644e-01,6.300341669e+00,8.733598743e+00
131886.011544167,1.515299445e-01,-4.926232053e-01,-3.765309533e-01,6.507739388e-01,6.337451794e+00,8.692448402e+00
131886.021551167,1.848902489e-01,-5.463152595e-01,-4.252364439e-01,7.571662750e-01,6.381445250e+00,8.469338735e+00
131886.031557167,1.991196131e-01,-5.938823098e-01,-4.752856469e-01,7.821557549e-01,6.445490144e+00,8.161534184e+00
131886.041564167,1.894903286e-01,-6.151379268e-01,-5.075842833e-01,6.994061600e-01,6.538714371e+00,7.880664402e+00
131886.051571167,1.561686434e-01,-6.007169041e-01,-5.188420832e-01,5.901707092e-01,6.663811408e+00,7.629722141e+00
131886.061577167,1.153104004e-01,-5.617048728e-01,-4.902021611e-01,4.526537514e-01,6.705410662e+00,7.490110256e+00
131886.071584167,7.825185097e-02,-4.940940384e-01,-4.358346846e-01,2.732382645e-01,6.835595377e+00,7.501931627e+00
131886.081591167,4.193252410e-02,-4.303813631e-01,-3.775788153e-01,1.753752716e-01,6.934655471e+00,7.502679815e+00
131886.091597167,2.026909878e-03,-3.763299504e-01,-3.200715518e-01,1.964741737e-01,7.028627886e+00,7.489661343e+00
131886.101604167,-3.094123899e-02,-3.386577283e-01,-2.812913486e-01,3.256114258e-01,7.072022791e+00,7.449408828e+00
131886.111611167,-5.081887886e-02,-3.144625819e-01,-2.647281382e-01,5.374982727e-01,7.075614094e+00,7.471854469e+00
131886.121618167,-4.678444256e-02,-2.982968343e-01,-2.640140923e-01,7.743745995e-01,7.077858658e+00,7.609670702e+00
131886.131624167,-1.819214916e-02,-2.951303982e-01,-2.716535427e-01,9.534908112e-01,7.025335859e+00,7.760804681e+00
131886.141631167,2.482905863e-02,-3.143887188e-01,-2.791871409e-01,1.042525185e+00,6.931812357e+00,7.872883247e+00
131886.151638167,7.059057250e-02,-3.517524530e-01,-2.864955551e-01,1.114650510e+00,6.838887405e+00,7.826645227e+00
131886.161644167,1.109344852e-01,-3.865904013e-01,-2.891445098e-01,1.193659165e+00,6.727557027e+00,7.705289130e+00
131886.171651167,1.474340118e-01,-3.923168307e-01,-2.800694052e-01,1.327435183e+00,6.570587181e+00,7.556100439e+00
131886.181658167,1.703064927e-01,-3.713719574e-01,-2.629856848e-01,1.544110433e+00,6.391919882e+00,7.341969028e+00
131886.191665167,1.807081637e-01,-3.170187321e-01,-2.488661275e-01,1.770512128e+00,6.233752935e+00,7.101052486e+00
131886.201671167,1.756380588e-01,-2.557237235e-01,-2.409103740e-01,1.955314568e+00,6.128108787e+00,6.820182704e+00
131886.211678167,1.463154750e-01,-1.953131917e-01,-2.421363071e-01,2.108693112e+00,6.056731650e+00,6.482001720e+00
131886.221685167,1.046040456e-01,-1.466318403e-01,-2.575662104e-01,2.181267350e+00,6.088454822e+00,6.136787768e+00
131886.231691167,6.549059125e-02,-1.175649764e-01,-2.766314141e-01,2.113182240e+00,6.174646082e+00,5.944054534e+00
131886.241698167,2.817377880e-02,-1.042240510e-01,-2.762750062e-01,1.930474726e+00,6.311714127e+00,5.904999120e+00
131886.251705167,-1.051427314e-02,-1.078756949e-01,-2.580878943e-01,1.671452034e+00,6.484246284e+00,5.912331362e+00
131886.261712167,-4.833796523e-02,-1.154818788e-01,-2.190677078e-01,1.410334415e+00,6.597521950e+00,5.916820490e+00
131886.271718167,-7.747853075e-02,-1.307560454e-01,-1.642804294e-01,1.207575462e+00,6.710498341e+00,5.977722995e+00
131886.281725167,-9.261805170e-02,-1.374831610e-01,-1.142119414e-01,1.141884554e+00,6.840234143e+00,6.140528708e+00
131886.291732167,-9.203013225e-02,-1.493362180e-01,-7.346196545e-02,1.194856266e+00,6.997503265e+00,6.332364116e+00
131886.301738167,-8.578959123e-02,-1.649554318e-01,-4.324150824e-02,1.252167468e+00,7.169137596e+00,6.520458584e+00
131886.311745167,-8.352434206e-02,-1.962392008e-01,-2.267166589e-02,1.327884096e+00,7.268796240e+00,6.594678835e+00
131886.321752167,-8.105490474e-02,-2.240108258e-01,-4.254561610e-03,1.408538764e+00,7.294084995e+00,6.612784985e+00
131886.331759167,-8.147401771e-02,-2.396932759e-01,1.830183440e-03,1.558924556e+00,7.285256377e+00,6.663063220e+00
131886.341765167,-7.887747717e-02,-2.366875112e-01,4.785970885e-04,1.778592558e+00,7.286902390e+00,6.684760673e+00
131886.351772167,-7.685249416e-02,-2.275227948e-01,-1.384331021e-02,2.037465613e+00,7.211933951e+00,6.714837831e+00
131886.361779167,-6.672598536e-02,-2.139482150e-01,-3.366471427e-02,2.266111871e+00,7.140706451e+00,6.739677673e+00
131886.371785167,-5.643370870e-02,-2.008432877e-01,-6.708641793e-02,2.417694764e+00,7.128436168e+00,6.761824039e+00
131886.381792167,-4.431751896e-02,-1.982907656e-01,-1.041917827e-01,2.490269002e+00,7.106439440e+00,6.778433813e+00
131886.391799167,-3.193561728e-02,-1.915049796e-01,-1.341160326e-01,2.444779170e+00,7.057956857e+00,6.750002668e+00
131886.401805167,-1.780049541e-02,-1.762990414e-01,-1.630174267e-01,2.385821954e+00,7.010970649e+00,6.753893246e+00
131886.411812167,-1.537649359e-03,-1.609217326e-01,-1.900543925e-01,2.307860763e+00,6.964582992e+00,6.752247232e+00
131886.421819167,1.326968407e-02,-1.513481201e-01,-2.093231359e-01,2.141314110e+00,6.918943523e+00,6.759579475e+00
131886.431826167,1.956263289e-02,-1.474269297e-01,-2.274910784e-01,1.939752258e+00,6.869712751e+00,6.701370447e+00
131886.441831625,1.640335827e-02,-1.433112714e-01,-2.363127586e-01,1.745821923e+00,6.814496475e+00,6.595277386e+00
131886.451838625,9.402249277e-03,-1.438054578e-01,-2.363055261e-01,1.589001714e+00,6.731148330e+00,6.523900249e+00
131886.461845625,4.837584236e-03,-1.487358141e-01,-2.361434596e-01,1.460911926e+00,6.691943278e+00,6.477811867e+00
131886.471851625,-4.081953366e-03,-1.438394206e-01,-2.361626334e-01,1.430535492e+00,6.669198362e+00,6.422296316e+00
131886.481858625,-1.476825798e-02,-1.251610700e-01,-2.371856395e-01,1.435473533e+00,6.638522653e+00,6.347178239e+00
131886.491865625,-2.186014301e-02,-1.113331443e-01,-2.429882018e-01,1.417367383e+00,6.640767217e+00,6.277297478e+00
131886.501872625,-2.081141191e-02,-1.144636024e-01,-2.493762525e-01,1.331924311e+00,6.688950526e+00,6.236596049e+00
131886.511878625,-1.843256701e-02,-1.359615332e-01,-2.500665668e-01,1.142034192e+00,6.766612442e+00,6.196792447e+00
131886.521885625,-8.398583891e-03,-1.719414979e-01,-2.414835857e-01,9.296984322e-01,6.818985603e+00,6.154893918e+00
131886.531892625,1.410426577e-02,-2.236725362e-01,-2.185545222e-01,7.507318581e-01,6.911611280e+00,6.246023219e+00
131886.541898625,3.728923867e-02,-2.697878792e-01,-1.835164465e-01,6.341641647e-01,7.045387298e+00,6.332364116e+00
131886.551905625,4.899268376e-02,-3.017400035e-01,-1.573465902e-01,6.687304512e-01,7.157316225e+00,6.290166312e+00
131886.561912625,3.660441194e-02,-3.179440055e-01,-1.439145434e-01,8.813654861e-01,7.173925999e+00,6.165218913e+00
131886.571919625,9.516117666e-03,-3.096264661e-01,-1.452729174e-01,1.128866083e+00,7.236474518e+00,6.024709203e+00
131886.581925625,-2.867702379e-02,-2.849738146e-01,-1.551115551e-01,1.324143156e+00,7.262511461e+00,5.946897649e+00
131886.591932625,-6.654120652e-02,-2.451581480e-01,-1.659630035e-01,1.437718097e+00,7.279121235e+00,5.956025542e+00
131886.601939625,-1.005222581e-01,-1.938782096e-01,-1.684727678e-01,1.457619898e+00,7.255777769e+00,6.038775137e+00
131886.611945625,-1.134584604e-01,-1.504332750e-01,-1.641531524e-01,1.397166306e+00,7.180061141e+00,6.221033739e+00
131886.621952625,-1.048964628e-01,-1.080241363e-01,-1.506388948e-01,1.293467447e+00,7.094767707e+00,6.437559351e+00
131886.631959625,-8.794828734e-02,-8.162642155e-02,-1.386481729e-01,1.218947920e+00,7.019051080e+00,6.638073740e+00
131886.641965625,-7.194099666e-02,-6.703778765e-02,-1.307310341e-01,1.182735620e+00,6.912209830e+00,6.705709937e+00
131886.651972625,-6.061567735e-02,-7.284264236e-02,-1.288411175e-01,1.141884554e+00,6.889016002e+00,6.680271545e+00
131886.661979625,-4.695536781e-02,-1.050854281e-01,-1.416228607e-01,1.141435641e+00,6.887070713e+00,6.660220106e+00
131886.671986625,-2.181844165e-02,-1.396592135e-01,-1.620059713e-01,1.177199029e+00,6.924779389e+00,6.754641434e+00
131886.681992625,1.400613233e-02,-1.644974748e-01,-1.860447994e-01,1.223736324e+00,6.998101815e+00,6.845321822e+00
131886.691999625,3.891072463e-02,-1.720103136e-01,-2.096340606e-01,1.322048229e+00,7.061997072e+00,6.850559138e+00
131886.702006625,4.810904957e-02,-1.660081417e-01,-2.247452222e-01,1.386542036e+00,7.177517302e+00,6.748805567e+00
131886.712012625,4.039860200e-02,-1.510165152e-01,-2.405578461e-01,1.460762288e+00,7.246200962e+00,6.584353841e+00
131886.722019625,1.835849847e-02,-1.199480586e-01,-2.539097110e-01,1.525555370e+00,7.250241177e+00,6.407182918e+00
131886.732026625,1.822107799e-04,-8.089920939e-02,-2.500975688e-01,1.550844125e+00,7.196820553e+00,6.377554672e+00
131886.742033625,-9.674391165e-03,-4.180121697e-02,-2.298818342e-01,1.545008259e+00,7.142502103e+00,6.480954256e+00
131886.752039625,-1.095667484e-02,-1.317373202e-02,-2.122894040e-01,1.589300990e+00,7.113622045e+00,6.552181756e+00
131886.762046625,-2.680989640e-03,8.140769722e-04,-1.962266686e-01,1.701828468e+00,7.049427513e+00,6.637924103e+00
131886.772053625,8.895315381e-03,-1.937812049e-02,-2.025336790e-01,1.865532006e+00,7.038803243e+00,6.705261024e+00
131886.782059625,2.634069898e-02,-5.364717080e-02,-2.250445641e-01,2.085948196e+00,7.042843459e+00,6.648698010e+00
131886.792066625,4.533182318e-02,-9.032630751e-02,-2.746239081e-01,2.337937921e+00,7.077110470e+00,6.646902359e+00
131886.802073625,4.943856504e-02,-1.198204220e-01,-3.399709497e-01,2.587084531e+00,7.041945633e+00,6.519261483e+00
131886.812080625,5.662129648e-02,-1.226235567e-01,-4.090660777e-01,2.734028658e+00,7.051372802e+00,6.421997041e+00
131886.822086625,5.337550123e-02,-1.085763778e-01,-4.654233381e-01,2.716820334e+00,7.088482928e+00,6.434716237e+00
131886.832093625,3.085489832e-02,-7.382845295e-02,-5.013376957e-01,2.541445062e+00,7.049427513e+00,6.335955418e+00
131886.842100625,3.997635869e-04,-3.350094456e-02,-5.103301893e-01,2.241571304e+00,7.031022088e+00,6.268169584e+00
131886.852106625,-2.878844365e-02,1.641309877e-03,-5.008871496e-01,1.835005935e+00,7.035211941e+00,6.342838748e+00
131886.862113625,-4.272544535e-02,3.818484220e-02,-4.650502691e-01,1.411681154e+00,6.942436626e+00,6.550535742e+00
131886.872120625,-3.559493528e-02,6.121808729e-02,-3.930081010e-01,1.002871220e+00,6.888417451e+00,6.905027225e+00
131886.882127625,-2.266602745e-02,5.481586979e-02,-3.198770226e-01,6.613982086e-01,6.950367419e+00,7.202057869e+00
131886.892133625,-1.384108294e-02,2.825167294e-02,-2.630589123e-01,5.596446381e-01,6.921487362e+00,7.286603115e+00
131886.902140625,-1.023206829e-02,-2.166482016e-02,-2.354567935e-01,6.147112762e-01,7.009773548e+00,7.284807464e+00
131886.912147625,-2.028525868e-02,-9.293474658e-02,-2.489553737e-01,8.140285645e-01,7.109731467e+00,7.248295889e+00
131886.922153625,-5.534370331e-02,-1.804833729e-01,-2.919630016e-01,1.010652376e+00,7.205798809e+00,7.042394546e+00
131886.932160625,-1.104791210e-01,-2.674076895e-01,-3.487015685e-01,1.117343987e+00,7.277325584e+00,6.833350813e+00
131886.942167625,-1.904420767e-01,-3.352841426e-01,-4.051215272e-01,1.163731644e+00,7.328052731e+00,6.684012485e+00
131886.952173625,-2.472876618e-01,-3.412690754e-01,-4.317304771e-01,1.161038168e+00,7.207295185e+00,6.783371854e+00
131886.962180625,-2.691096481e-01,-2.945913193e-01,-4.076799459e-01,1.013794765e+00,7.087285827e+00,7.269544428e+00
131886.972187625,-2.625501244e-01,-2.117821490e-01,-3.472851696e-01,6.765116066e-01,7.008726085e+00,7.753771714e+00
131886.982194625,-2.368792293e-01,-1.102052559e-01,-2.640490140e-01,3.881599442e-01,6.820930892e+00,8.031050194e+00
131886.992200625,-1.781953600e-01,-2.418364453e-02,-1.762346205e-01,2.141314110e-01,6.638073740e+00,8.262689204e+00
131887.002207625,-9.989278208e-02,1.584978029e-02,-1.056627651e-01,6.105214233e-02,6.495768379e+00,8.499116618e+00
131887.012214625,-2.930925128e-02,7.703370081e-03,-6.911865164e-02,3.681085052e-02,6.367528953e+00,8.458564828e+00
131887.022220625,1.498805165e-02,-3.533221159e-02,-6.959303177e-02,2.126350349e-01,6.176142458e+00,8.133701590e+00
131887.032227625,4.276971030e-02,-9.603553618e-02,-9.797783303e-02,4.828805473e-01,6.019621524e+00,7.808688715e+00
131887.042234625,6.750290389e-02,-1.483505537e-01,-1.484141083e-01,7.633014168e-01,5.951686052e+00,7.641094598e+00
131887.052241625,8.624984533e-02,-1.831963982e-01,-2.100140678e-01,1.035043305e+00,5.877765076e+00,7.515249374e+00
131887.062247625,9.283973084e-02,-1.883343761e-01,-2.561414549e-01,1.208174013e+00,5.818508585e+00,7.374141113e+00
131887.072254625,7.731066518e-02,-1.669865327e-01,-2.813197110e-01,1.197998656e+00,5.823895538e+00,7.181258242e+00
131887.082261625,3.112019648e-02,-1.331956442e-01,-2.842642150e-01,1.075595096e+00,5.822548800e+00,6.897545345e+00
131887.092267625,-2.538884358e-02,-9.427362635e-02,-2.620168382e-01,8.667010010e-01,5.829132854e+00,6.696731681e+00
131887.102274625,-8.629011312e-02,-6.330863759e-02,-2.215827917e-01,6.060322952e-01,5.885246956e+00,6.636727002e+00
131887.112281625,-1.372005485e-01,-4.851513013e-02,-1.630639825e-01,3.486556168e-01,5.979069733e+00,6.676530605e+00
131887.122288625,-1.835553614e-01,-5.856400851e-02,-1.021465361e-01,1.544260071e-01,6.102969669e+00,6.764966428e+00
131887.132294625,-2.220138573e-01,-7.841565311e-02,-4.586322490e-02,1.011550201e-01,6.178536659e+00,6.887818901e+00
131887.142301625,-2.465424205e-01,-1.029167820e-01,-7.968486459e-03,1.852513535e-01,6.279093129e+00,7.014861227e+00
131887.152308625,-2.546163681e-01,-1.250166667e-01,6.825167595e-03,4.144961624e-01,6.309319925e+00,7.214926703e+00
131887.162314625,-2.403973211e-01,-1.427177090e-01,4.639464501e-03,6.606500206e-01,6.318896732e+00,7.441328397e+00
131887.172321625,-2.047948691e-01,-1.643991851e-01,-8.879159738e-03,8.337807281e-01,6.316652168e+00,7.686285155e+00
131887.182328625,-1.452833761e-01,-1.874275291e-01,-2.747635962e-02,9.537900864e-01,6.321290933e+00,7.917774528e+00
131887.192334625,-6.313398740e-02,-2.226186387e-01,-4.469218017e-02,9.832686943e-01,6.381744525e+00,8.157793244e+00
131887.202341625,1.811727547e-02,-2.624454007e-01,-6.628576820e-02,1.007360349e+00,6.417807188e+00,8.257451888e+00
131887.212348625,8.493075959e-02,-3.028801062e-01,-9.226808054e-02,1.033846204e+00,6.433369498e+00,8.170961353e+00
131887.222355625,1.263810353e-01,-3.285115044e-01,-1.263161965e-01,1.077091472e+00,6.478859330e+00,7.936329591e+00
131887.232361625,1.476815005e-01,-3.427722729e-01,-1.652053434e-01,1.105821892e+00,6.558765810e+00,7.654113070e+00
131887.242368625,1.348827344e-01,-3.352523640e-01,-2.019190885e-01,1.089212118e+00,6.621613604e+00,7.381622993e+00
131887.252375625,9.336656199e-02,-3.108688931e-01,-2.317637627e-01,1.041477722e+00,6.659771193e+00,7.065438737e+00
131887.262381625,3.452297844e-02,-2.779790696e-01,-2.485676612e-01,9.507973343e-01,6.655282065e+00,6.807463508e+00
131887.272388625,-1.891820909e-02,-2.326149918e-01,-2.468983531e-01,7.858966949e-01,6.600963615e+00,6.699425158e+00
131887.282395625,-5.537764438e-02,-1.919656085e-01,-2.278748081e-01,5.771522377e-01,6.560411824e+00,6.744316439e+00
131887.292402625,-7.742157911e-02,-1.548644259e-01,-1.964341598e-01,3.851671921e-01,6.525246987e+00,6.908169615e+00
131887.302408625,-8.929991907e-02,-1.237094383e-01,-1.597730525e-01,2.777273926e-01,6.471826363e+00,7.031171725e+00
131887.312415625,-9.703920697e-02,-1.123091404e-01,-1.327473483e-01,2.374748772e-01,6.449979272e+00,7.070676053e+00
131887.322422625,-9.964973799e-02,-1.168776706e-01,-1.183150866e-01,2.430114685e-01,6.414066248e+00,7.140856089e+00
131887.332428625,-9.876252904e-02,-1.328244607e-01,-1.147648215e-01,3.049614365e-01,6.395660822e+00,7.202357144e+00
131887.342435625,-9.548958281e-02,-1.633901533e-01,-1.171433637e-01,3.494038048e-01,6.384737277e+00,7.272387543e+00
131887.352442625,-7.986984919e-02,-2.023624601e-01,-1.266902705e-01,3.945943611e-01,6.360944898e+00,7.366509595e+00
131887.362449625,-5.893448030e-02,-2.356067559e-01,-1.409406533e-01,4.481646233e-01,6.386981841e+00,7.469460267e+00
131887.372455625,-3.571055379e-02,-2.621855572e-01,-1.557581201e-01,5.231330627e-01,6.400898138e+00,7.517793213e+00
131887.382462625,-1.499045532e-02,-2.870214118e-01,-1.668491741e-01,5.686228943e-01,6.422894866e+00,7.520486690e+00
131887.392469625,4.425366939e-03,-3.079062753e-01,-1.690223667e-01,5.343558830e-01,6.458508616e+00,7.512705534e+00
131887.402475625,1.905846350e-02,-3.178151757e-01,-1.560422728e-01,4.688146126e-01,6.508637213e+00,7.488464243e+00
131887.412482625,2.086989424e-02,-3.178715597e-01,-1.439040560e-01,4.745008415e-01,6.577021598e+00,7.388506323e+00
131887.422489625,2.822803777e-02,-3.071651229e-01,-1.322257610e-01,5.711667336e-01,6.629694035e+00,7.338527364e+00
131887.432496625,3.373594167e-02,-2.904231699e-01,-1.280471488e-01,6.856395004e-01,6.691344727e+00,7.376834590e+00
131887.442502375,2.947585446e-02,-2.712878011e-01,-1.352132475e-01,8.162731285e-01,6.721122610e+00,7.339275552e+00
131887.452509375,3.116357791e-02,-2.518857134e-01,-1.597258810e-01,9.638158058e-01,6.741922237e+00,7.274033556e+00
131887.462516375,3.028279996e-02,-2.477491024e-01,-1.995018491e-01,1.018134256e+00,6.789207720e+00,7.273285368e+00
131887.472522375,3.648994294e-02,-2.656289544e-01,-2.475655114e-01,9.906009369e-01,6.806864957e+00,7.267898415e+00
131887.482529375,3.471237912e-02,-2.987584345e-01,-2.927472588e-01,9.057564156e-01,6.780977652e+00,7.223156771e+00
131887.492536375,3.553031349e-02,-3.392247883e-01,-3.214854241e-01,7.873930710e-01,6.757783823e+00,7.159111877e+00
131887.502542375,4.049715561e-02,-3.661826625e-01,-3.386906768e-01,7.134720947e-01,6.709450877e+00,7.162403904e+00
131887.512549375,4.103901484e-02,-3.646133851e-01,-3.519055186e-01,7.194575989e-01,6.732195793e+00,7.170484335e+00
131887.522556375,2.579373147e-02,-3.357462198e-01,-3.620490050e-01,8.216600822e-01,6.664858871e+00,7.081749236e+00
131887.532563375,3.572078651e-03,-2.865055222e-01,-3.690921554e-01,8.625111481e-01,6.641365768e+00,6.933907283e+00
131887.542569375,-2.380914239e-02,-2.453108219e-01,-3.728875177e-01,8.156745781e-01,6.632237874e+00,6.832452988e+00
131887.552576375,-4.971260873e-02,-2.264237525e-01,-3.752350758e-01,6.892308029e-01,6.603507454e+00,6.775291423e+00
131887.562583375,-7.787609981e-02,-2.247357378e-01,-3.726899272e-01,5.232827003e-01,6.565948415e+00,6.745363902e+00
131887.572589375,-9.796983433e-02,-2.363668672e-01,-3.740831349e-01,4.158429008e-01,6.553229219e+00,6.772448309e+00
131887.582596375,-1.085091169e-01,-2.523573450e-01,-3.779949848e-01,3.806780640e-01,6.534374881e+00,6.856544642e+00
131887.592603375,-1.048376025e-01,-2.685370835e-01,-3.737786881e-01,3.480570663e-01,6.516867281e+00,7.009174998e+00
131887.602610375,-9.194775428e-02,-2.798493253e-01,-3.665251043e-01,2.874538368e-01,6.526294450e+00,7.163152092e+00
131887.612616375,-8.624562963e-02,-2.933801429e-01,-3.515195550e-01,2.275987953e-01,6.551283930e+00,7.183951719e+00
131887.622623375,-1.065961528e-01,-3.161697514e-01,-3.353802004e-01,1.717839691e-01,6.610690059e+00,7.087734740e+00
131887.632630375,-1.342512296e-01,-3.307502275e-01,-3.099407531e-01,1.439513748e-01,6.685059948e+00,7.010072823e+00
131887.642636375,-1.616863184e-01,-3.259283919e-01,-2.757981748e-01,1.696890427e-01,6.783371854e+00,7.041496720e+00
131887.652643375,-1.633857896e-01,-2.935494109e-01,-2.370127732e-01,2.904465889e-01,6.801627641e+00,7.194575989e+00
131887.662650375,-1.540702570e-01,-2.546750238e-01,-1.996028895e-01,4.433762199e-01,6.892308029e+00,7.485770766e+00
131887.672657375,-1.409206864e-01,-2.220257637e-01,-1.726992963e-01,5.758054993e-01,6.968323932e+00,7.599794620e+00
131887.682663375,-1.382604852e-01,-2.208923609e-01,-1.685736830e-01,7.004536232e-01,6.980743853e+00,7.529315308e+00
131887.692670375,-1.462558640e-01,-2.441979297e-01,-1.804529608e-01,8.342296410e-01,7.034463753e+00,7.439981659e+00
131887.702677375,-1.600907893e-01,-2.808821012e-01,-1.997309960e-01,9.618705170e-01,7.049577151e+00,7.408857037e+00
131887.712683375,-1.543910124e-01,-3.103214645e-01,-2.291944211e-01,1.077390747e+00,7.103297050e+00,7.470807005e+00
131887.722690375,-1.356969644e-01,-3.336544536e-01,-2.609680163e-01,1.195305179e+00,7.113322770e+00,7.617751132e+00
131887.732697375,-1.000721129e-01,-3.275998336e-01,-2.780987114e-01,1.279551150e+00,7.107187628e+00,7.836970222e+00
131887.742703375,-6.489371629e-02,-3.212263754e-01,-2.837586409e-01,1.343147131e+00,7.135918048e+00,8.014440420e+00
131887.752710375,-4.935505947e-02,-3.203041129e-01,-2.731028023e-01,1.303942079e+00,7.146542318e+00,7.998129921e+00
131887.762717375,-4.573466071e-02,-3.249197680e-01,-2.565404908e-01,1.301847153e+00,7.076362282e+00,7.799411183e+00
131887.772724375,-4.058582584e-02,-3.339733033e-01,-2.375534581e-01,1.333869600e+00,7.004685870e+00,7.739406504e+00
131887.782730375,-2.687650794e-02,-3.359244380e-01,-2.286168933e-01,1.452831495e+00,6.953210534e+00,7.727585133e+00
131887.792737375,-2.067268354e-02,-3.151427028e-01,-2.305960864e-01,1.702277380e+00,6.838588129e+00,7.646032639e+00
131887.802744375,-2.320550901e-02,-2.837822236e-01,-2.339580605e-01,1.984493901e+00,6.632387511e+00,7.512855172e+00
131887.812750375,-2.695562339e-02,-2.447601500e-01,-2.457624388e-01,2.193836909e+00,6.522403873e+00,7.375487852e+00
131887.822757375,-3.447278869e-02,-2.125101245e-01,-2.774052165e-01,2.417545126e+00,6.381295612e+00,7.210437575e+00
131887.832764375,-2.570550301e-02,-2.020595184e-01,-3.246869929e-01,2.547131291e+00,6.283432619e+00,7.127987255e+00
131887.842771375,1.345868997e-02,-2.103066232e-01,-3.700296507e-01,2.477549805e+00,6.255151112e+00,7.173626724e+00
131887.852777375,7.073278455e-02,-2.328899378e-01,-4.035641470e-01,2.263568032e+00,6.235698224e+00,7.195324177e+00
131887.862784375,1.212498134e-01,-2.856668262e-01,-4.194670096e-01,1.975066732e+00,6.293757614e+00,7.139210075e+00
131887.872791375,1.678073008e-01,-3.453659022e-01,-4.283946249e-01,1.725471209e+00,6.348824252e+00,6.946476842e+00
131887.882797375,2.001754442e-01,-4.084627423e-01,-4.310252864e-01,1.484704305e+00,6.470778899e+00,6.693738929e+00
131887.892804375,2.080965524e-01,-4.447426705e-01,-4.227061383e-01,1.388786600e+00,6.568043342e+00,6.418405738e+00
131887.902811375,1.829681560e-01,-4.537708538e-01,-4.037001217e-01,1.356913791e+00,6.679373719e+00,6.087108083e+00
131887.912818375,1.328735476e-01,-4.274614724e-01,-3.751192224e-01,1.367837336e+00,6.716932758e+00,5.802198086e+00
131887.922824375,6.590617555e-02,-3.853289969e-01,-3.323405580e-01,1.321898592e+00,6.895001506e+00,5.623530787e+00
131887.932831375,-1.041605482e-02,-3.416521553e-01,-2.820905832e-01,1.232265667e+00,7.049726788e+00,5.533000037e+00
131887.942838375,-7.841005360e-02,-3.102031776e-01,-2.347176553e-01,1.197250468e+00,7.102848138e+00,5.507860919e+00
131887.952844375,-1.236681239e-01,-2.925758073e-01,-1.934255695e-01,1.209820026e+00,7.141604277e+00,5.640589474e+00
131887.962851375,-1.443842898e-01,-2.982415089e-01,-1.621668773e-01,1.222688860e+00,7.205499534e+00,5.905298395e+00
131887.972858375,-1.378497703e-01,-3.276189438e-01,-1.508139558e-01,1.255459496e+00,7.275081020e+00,6.165967101e+00
131887.982865375,-1.230017904e-01,-3.883951465e-01,-1.587809697e-01,1.326836633e+00,7.315034260e+00,6.356755045e+00
131887.992871375,-9.439669143e-02,-4.692256084e-01,-1.811919912e-01,1.400009421e+00,7.331195121e+00,6.480206068e+00
131888.002878375,-6.305685712e-02,-5.504634669e-01,-2.100067947e-01,1.446397078e+00,7.356184601e+00,6.563554214e+00
131888.012885375,-3.088108763e-02,-6.172304830e-01,-2.442328411e-01,1.495927125e+00,7.373991476e+00,6.613084261e+00
131888.022891375,-4.478178190e-03,-6.507271407e-01,-2.699562400e-01,1.551442676e+00,7.378630241e+00,6.631489686e+00
131888.032898375,1.191962293e-03,-6.392333795e-01,-2.880283473e-01,1.624016914e+00,7.326855630e+00,6.569988631e+00
131888.042905375,-6.521367130e-03,-5.898364608e-01,-2.997506282e-01,1.689707822e+00,7.322067227e+00,6.468384698e+00
131888.052912375,-3.064483172e-02,-5.227230177e-01,-3.014152660e-01,1.693897675e+00,7.305158178e+00,6.407332555e+00
131888.062918375,-6.527113407e-02,-4.481535286e-01,-2.989758870e-01,1.668908195e+00,7.263708562e+00,6.340145271e+00
131888.072925375,-1.001211077e-01,-3.784653459e-01,-2.989121313e-01,1.642272701e+00,7.220463294e+00,6.317549993e+00
131888.082932375,-1.199481714e-01,-3.208078069e-01,-3.076013394e-01,1.613991194e+00,7.193229250e+00,6.399401762e+00
131888.092938375,-1.264911018e-01,-2.703218576e-01,-3.202628677e-01,1.556979267e+00,7.151330721e+00,6.510133589e+00
131888.102945375,-1.240175639e-01,-2.233832047e-01,-3.351808376e-01,1.487397781e+00,7.079654309e+00,6.584952391e+00
131888.112952375,-1.314488918e-01,-1.807107534e-01,-3.381979401e-01,1.371129363e+00,7.087136189e+00,6.589740794e+00
131888.122958375,-1.347382792e-01,-1.498828036e-01,-3.375548256e-01,1.241243923e+00,7.009623911e+00,6.459556079e+00
131888.132965375,-1.324666016e-01,-1.396337580e-01,-3.524160264e-01,1.133953761e+00,6.994061600e+00,6.443245580e+00
131888.142972375,-1.134114811e-01,-1.583994803e-01,-3.638041512e-01,1.067514665e+00,6.877194631e+00,6.559962911e+00
131888.152979375,-6.566046984e-02,-2.127677175e-01,-3.639560831e-01,8.367734802e-01,6.831255887e+00,6.723816087e+00
131888.162985375,-7.424567398e-03,-2.867172027e-01,-3.550766295e-01,6.266822845e-01,6.737283472e+00,6.932859820e+00
131888.172992375,4.893122426e-02,-3.562148159e-01,-3.432840452e-01,5.469254417e-01,6.752696145e+00,6.934356196e+00
131888.182999375,8.602007312e-02,-3.984856497e-01,-3.341534555e-01,6.349123528e-01,6.767061355e+00,6.796988876e+00
131888.193005375,1.044806316e-01,-4.182276178e-01,-3.208581964e-01,7.098807922e-01,6.822876181e+00,6.545298426e+00
131888.203012375,1.087427276e-01,-4.344165006e-01,-2.910303452e-01,7.167641220e-01,6.887519626e+00,6.373664095e+00
131888.213019375,1.140884178e-01,-4.485286524e-01,-2.542774570e-01,6.760626938e-01,7.039850706e+00,6.231807646e+00
131888.223026375,1.105407936e-01,-4.605933641e-01,-2.187264044e-01,7.044938385e-01,7.103745963e+00,6.095787064e+00
131888.233032375,1.045678651e-01,-4.591546465e-01,-1.844502644e-01,8.014590057e-01,7.155969487e+00,6.026953767e+00
131888.243039375,9.468655900e-02,-4.530371389e-01,-1.521934646e-01,9.214683640e-01,7.149086157e+00,5.985803426e+00
131888.253046375,8.299796313e-02,-4.324272696e-01,-1.426872564e-01,1.148468609e+00,7.145794130e+00,5.936871929e+00
131888.263052375,8.657173247e-02,-4.002375981e-01,-1.588631000e-01,1.436221721e+00,7.171980711e+00,5.943605621e+00
131888.273059375,8.665617506e-02,-3.592014021e-01,-1.848208466e-01,1.704970857e+00,7.149235795e+00,5.976825169e+00
131888.283066375,8.588688826e-02,-3.161673287e-01,-2.154569661e-01,1.888276922e+00,7.111377481e+00,5.904250932e+00
131888.293073375,8.697528088e-02,-2.767857461e-01,-2.512810383e-01,2.012027220e+00,7.023091295e+00,5.874473048e+00
131888.303079375,9.894944861e-02,-2.690597053e-01,-2.810732897e-01,1.950975078e+00,7.048978600e+00,5.960514671e+00
131888.313086375,1.053326479e-01,-2.876464931e-01,-3.069936120e-01,1.837998687e+00,7.163152092e+00,6.005405952e+00
131888.323093375,1.016768890e-01,-3.255640166e-01,-3.286717646e-01,1.798943272e+00,7.139509351e+00,6.014833121e+00
131888.333099375,9.740845019e-02,-3.487526435e-01,-3.545604863e-01,1.837400137e+00,7.141155364e+00,5.891531735e+00
131888.343106375,1.061045672e-01,-3.579384437e-01,-3.737282935e-01,1.837400137e+00,7.356483876e+00,6.001066461e+00
131888.353113375,1.238531679e-01,-3.463975412e-01,-3.854057142e-01,1.819742899e+00,7.436988907e+00,6.193500420e+00
131888.363120375,1.340850105e-01,-3.084972540e-01,-3.860090909e-01,1.823184564e+00,7.455244695e+00,6.147711313e+00
131888.373126375,2.206594863e-01,-2.781929015e-01,-3.039221460e-01,1.557428180e+00,7.719803978e+00,6.199785199e+00
131888.383133375,2.736329616e-01,-2.511353605e-01,-2.475386648e-01,8.616133224e-01,8.160935634e+00,6.965630455e+00
131888.393140375,1.758915542e-01,-1.846638760e-01,-2.460807010e-01,1.460313375e+00,7.059602870e+00,6.175843182e+00
131888.403146375,5.762399431e-02,-1.144042828e-01,-2.451616117e-01,1.727715773e+00,7.128585806e+00,5.440075085e+00
131888.413153375,-1.808578899e-02,-5.055860290e-02,-2.554441031e-01,1.840243251e+00,7.331195121e+00,5.637895997e+00
131888.423160375,-5.826665237e-02,1.840796247e-02,-2.796506985e-01,2.030283008e+00,7.430404852e+00,6.043563541e+00
131888.433166375,-7.002188780e-02,6.571512799e-02,-3.223061478e-01,2.180968075e+00,7.420828046e+00,6.308871012e+00
131888.443173167,-7.715556650e-02,8.704771065e-02,-3.737690082e-01,2.228103920e+00,7.317877374e+00,6.455366226e+00
131888.453180167,-7.533730365e-02,6.254811569e-02,-4.362057808e-01,2.101660145e+00,7.325359254e+00,6.543951688e+00
131888.463187167,-7.081229976e-02,-2.076548082e-03,-4.868359582e-01,1.858199763e+00,7.327753456e+00,6.628197659e+00
131888.473193167,-7.227363531e-02,-9.150815810e-02,-5.307886035e-01,1.593939755e+00,7.386112122e+00,6.679523357e+00
131888.483200167,-7.000315665e-02,-1.789704652e-01,-5.675550001e-01,1.433079331e+00,7.448660640e+00,6.659471918e+00
131888.493207167,-7.284047271e-02,-2.430294677e-01,-5.941675680e-01,1.300650052e+00,7.577049704e+00,6.732195793e+00
131888.503213167,-9.794563395e-02,-2.822481000e-01,-6.046190518e-01,1.166425121e+00,7.680299651e+00,6.721870798e+00
131888.513220167,-1.393209677e-01,-2.929194025e-01,-6.037351512e-01,1.063324812e+00,7.661594950e+00,6.637624828e+00
131888.523227167,-2.013047095e-01,-2.774016846e-01,-5.923008012e-01,9.850643456e-01,7.668328642e+00,6.604854192e+00
131888.533234167,-2.748228903e-01,-2.180287793e-01,-5.816178576e-01,9.454103806e-01,7.676259435e+00,6.565499503e+00
131888.543240167,-3.490569012e-01,-1.234926457e-01,-5.741862739e-01,9.268553177e-01,7.642890250e+00,6.585401304e+00
131888.553247167,-4.039873701e-01,-3.625697555e-03,-5.588945877e-01,8.159738533e-01,7.623437361e+00,6.769156281e+00
131888.563254167,-4.308873225e-01,1.092586533e-01,-5.199754053e-01,5.250783516e-01,7.606827587e+00,7.132326746e+00
131888.573260167,-4.156857084e-01,1.795198837e-01,-4.739285568e-01,1.984194626e-01,7.504026553e+00,7.560589568e+00
131888.583267167,-3.480773143e-01,1.990454282e-01,-4.177830823e-01,-1.092354507e-01,7.332392222e+00,8.112303413e+00
131888.593274167,-2.407948374e-01,1.709208720e-01,-3.516812166e-01,-3.480570663e-01,7.069927865e+00,8.651597337e+00
131888.603281167,-1.099712894e-01,1.105889529e-01,-2.870239605e-01,-4.224269554e-01,6.857143192e+00,8.955660947e+00
131888.613287167,1.815640708e-02,1.886529734e-02,-2.431564070e-01,-3.109469406e-01,6.628496934e+00,9.074772480e+00
131888.623294167,1.102160651e-01,-7.926193400e-02,-2.255040100e-01,-4.923077164e-02,6.420799940e+00,8.905681988e+00
131888.633301167,1.616935788e-01,-1.640935966e-01,-2.373726460e-01,3.779845871e-01,6.132897190e+00,8.508094875e+00
131888.643307167,1.777475339e-01,-2.038839150e-01,-2.783960241e-01,9.141361214e-01,5.951686052e+00,8.146869699e+00
131888.653314167,1.619246356e-01,-1.876889992e-01,-3.335614504e-01,1.382801096e+00,5.840954225e+00,7.811681467e+00
131888.663321167,1.243580732e-01,-1.408646379e-01,-3.809997382e-01,1.625214014e+00,5.783343748e+00,7.492055545e+00
131888.673328167,7.301894373e-02,-6.892534005e-02,-4.066837817e-01,1.631049881e+00,5.762993034e+00,7.291391518e+00
131888.683334167,1.925665940e-02,1.188769737e-02,-4.070631092e-01,1.469291631e+00,5.797559320e+00,7.165546294e+00
131888.693341167,-2.952593342e-02,7.192780761e-02,-3.770597585e-01,1.159242516e+00,5.863399866e+00,7.174973463e+00
131888.703348167,-7.344611276e-02,1.062813437e-01,-3.234492424e-01,8.381202187e-01,5.913229188e+00,7.152378185e+00
131888.713354167,-1.137874206e-01,1.194299604e-01,-2.687981027e-01,6.247369957e-01,5.979369009e+00,7.128585806e+00
131888.723361167,-1.452329153e-01,1.120603168e-01,-2.255174346e-01,5.511152946e-01,6.060472590e+00,7.087734740e+00
131888.733368167,-1.672488194e-01,1.002517209e-01,-2.015631793e-01,5.505167442e-01,6.129305888e+00,7.056310843e+00
131888.743375167,-1.631176070e-01,7.988552766e-02,-1.959909646e-01,5.539584091e-01,6.319046369e+00,7.042394546e+00
131888.753381167,-1.422421816e-01,3.285834831e-02,-2.056334099e-01,5.125087929e-01,6.461052455e+00,7.157914776e+00
131888.763388167,-1.043473131e-01,-4.511036286e-02,-2.188624713e-01,3.259107010e-01,6.629843672e+00,7.170484335e+00
131888.773395167,-4.345367442e-02,-1.560383729e-01,-2.181972473e-01,9.516951599e-02,6.691045452e+00,7.308001292e+00
131888.783401167,1.028008067e-02,-2.721456478e-01,-2.098970219e-01,-9.816226807e-02,6.820182704e+00,7.402272983e+00
131888.793408167,6.508040996e-02,-3.675379459e-01,-2.018378155e-01,-5.282207413e-02,6.800879453e+00,7.343465405e+00
131888.803415167,1.083932657e-01,-4.099423763e-01,-2.091182482e-01,2.009633018e-01,6.779930189e+00,7.304260352e+00
131888.813421167,1.457064853e-01,-3.997926272e-01,-2.234695323e-01,5.707178207e-01,6.734141082e+00,7.232883215e+00
131888.823428167,1.598113675e-01,-3.492986359e-01,-2.330784167e-01,8.261492104e-01,6.797437788e+00,7.146392680e+00
131888.833435167,1.457148466e-01,-3.019152275e-01,-2.530561270e-01,9.338882851e-01,6.876745718e+00,6.912658743e+00
131888.843442167,1.040855755e-01,-2.654551777e-01,-2.773626217e-01,9.555857376e-01,6.912658743e+00,6.614730274e+00
131888.853448167,5.459030191e-02,-2.456267969e-01,-3.038410797e-01,9.018658379e-01,6.962039153e+00,6.449979272e+00
131888.863455167,1.194599526e-02,-2.354618369e-01,-3.314769890e-01,8.282441368e-01,6.925527577e+00,6.469731436e+00
131888.873462167,-2.204853203e-02,-2.347569116e-01,-3.498658175e-01,7.633014168e-01,6.812251911e+00,6.574178484e+00
131888.883468167,-3.342356290e-02,-2.529666955e-01,-3.631031552e-01,6.573579933e-01,6.683862847e+00,6.707804864e+00
131888.893475167,-2.775928899e-02,-2.773011717e-01,-3.711184968e-01,5.416881256e-01,6.588543694e+00,6.870460939e+00
131888.903482167,-3.328653985e-03,-3.066409535e-01,-3.709836812e-01,4.055179062e-01,6.543802050e+00,7.016806516e+00
131888.913489167,2.080882481e-02,-3.394718402e-01,-3.632263249e-01,2.606687057e-01,6.601861440e+00,7.137713699e+00
131888.923495167,3.782441008e-02,-3.557572023e-01,-3.602197957e-01,1.815104134e-01,6.665158147e+00,7.092972056e+00
131888.933502167,4.091069960e-02,-3.669316982e-01,-3.552285391e-01,1.191115326e-01,6.782174753e+00,6.999149278e+00
131888.943509167,2.257424931e-02,-3.675483986e-01,-3.508106405e-01,4.923077164e-02,6.871658040e+00,6.872106953e+00
131888.953515167,-6.954343731e-03,-3.630399486e-01,-3.493462079e-01,7.601590271e-02,6.825719296e+00,6.713491093e+00
131888.963522167,-2.121046469e-02,-3.426330674e-01,-3.474410145e-01,1.553238327e-01,6.798185976e+00,6.776189249e+00
131888.973529167,-2.016565837e-02,-3.265565027e-01,-3.575293619e-01,2.454056702e-01,6.782025115e+00,6.940940250e+00
131888.983536167,3.556608749e-04,-3.168928340e-01,-3.730686943e-01,3.314472923e-01,6.700173346e+00,7.078457208e+00
131888.993542167,2.528576729e-02,-3.165576306e-01,-3.974974118e-01,3.715501701e-01,6.652438950e+00,7.194875264e+00
131889.003549167,4.974361680e-02,-3.307097455e-01,-4.211854250e-01,3.039139732e-01,6.696731681e+00,7.227047349e+00
131889.013556167,6.310984625e-02,-3.563719617e-01,-4.445394178e-01,1.830067894e-01,6.795342862e+00,7.150432896e+00
131889.023562167,6.206167901e-02,-3.940059487e-01,-4.706224471e-01,9.846154327e-02,6.789656633e+00,7.003937682e+00
131889.033569167,5.087748360e-02,-4.303777678e-01,-4.887021330e-01,5.835866547e-03,6.777984900e+00,6.902483386e+00
131889.043576167,5.415487913e-02,-4.595219024e-01,-5.056281855e-01,-3.980360260e-02,6.699125883e+00,6.916698959e+00
131889.053583167,6.891915409e-02,-4.828028376e-01,-5.151232316e-01,-7.107786179e-02,6.642113956e+00,7.057807219e+00
131889.063589167,1.044468019e-01,-4.993986338e-01,-5.123934129e-01,-1.228524727e-01,6.603058541e+00,7.231835752e+00
131889.073596167,1.463252920e-01,-5.075373960e-01,-5.127803362e-01,-1.360205818e-01,6.704213561e+00,7.282263625e+00
131889.083603167,1.765140949e-01,-5.033892164e-01,-5.176248053e-01,-8.394669571e-02,6.738330935e+00,7.286303840e+00
131889.093609167,1.779937290e-01,-4.846921699e-01,-5.183895966e-01,-6.105214233e-02,6.851157688e+00,7.091625317e+00
131889.103616167,1.486739787e-01,-4.550032903e-01,-5.175891978e-01,-8.215104446e-02,7.005134782e+00,6.807313870e+00
131889.113623167,9.412022811e-02,-4.100158084e-01,-5.064458453e-01,-1.345242058e-01,7.153425648e+00,6.552032118e+00
131889.123629167,3.281558429e-02,-3.640282020e-01,-4.947694131e-01,-2.023100403e-01,7.309348031e+00,6.381744525e+00
131889.133636167,-9.623036816e-03,-3.217804554e-01,-4.944247956e-01,-1.722328819e-01,7.321618314e+00,6.365882939e+00
131889.143643167,-3.332486581e-02,-3.035759820e-01,-5.039735411e-01,-1.662473778e-01,7.408258487e+00,6.499060406e+00
131889.153650167,-3.600483956e-02,-3.122278090e-01,-5.230040755e-01,-1.586158600e-01,7.431601953e+00,6.639869392e+00
131889.163656167,-2.288336571e-02,-3.392438812e-01,-5.459488971e-01,-1.628057129e-01,7.409305950e+00,6.805368581e+00
131889.173663167,1.249081251e-02,-3.652713321e-01,-5.618461775e-01,-2.163759750e-01,7.384615746e+00,6.989123559e+00
131889.183670167,5.285568297e-02,-4.011879066e-01,-5.635559478e-01,-3.149871559e-01,7.422324422e+00,7.164049918e+00
131889.193677167,9.068407241e-02,-4.377030063e-01,-5.699300705e-01,-4.046200806e-01,7.404218272e+00,7.189338673e+00
131889.203683167,1.170175576e-01,-4.742123271e-01,-5.744275840e-01,-4.293102852e-01,7.380575530e+00,7.122600301e+00
131889.213690167,1.233249521e-01,-5.118924117e-01,-5.719693801e-01,-4.719570023e-01,7.351994748e+00,7.037306867e+00
131889.223697167,1.064259871e-01,-5.415347028e-01,-5.826102799e-01,-3.968389252e-01,7.335684249e+00,6.837241391e+00
131889.233703167,9.095063215e-02,-5.519661368e-01,-6.009529464e-01,-2.207154655e-01,7.358129890e+00,6.810156985e+00
131889.243710167,7.795817445e-02,-5.578831425e-01,-6.154534922e-01,-8.334814529e-02,7.463325125e+00,6.926275765e+00
131889.253717167,7.227648604e-02,-5.388264136e-01,-6.359575070e-01,8.858546143e-02,7.500285613e+00,6.968174294e+00
131889.263723167,8.345417784e-02,-5.207408739e-01,-6.489980803e-01,1.999158386e-01,7.561038480e+00,7.094767707e+00
131889.273730167,1.053076928e-01,-5.069606426e-01,-6.561546083e-01,1.472434021e-01,7.651120318e+00,7.192481062e+00
131889.283737167,1.135111734e-01,-4.862796049e-01,-6.561339619e-01,4.773439560e-02,7.762151420e+00,7.156418400e+00
131889.293744167,1.113735147e-01,-4.626615294e-01,-6.374443587e-01,-1.075894371e-01,7.841010437e+00,6.992265948e+00
131889.303750167,8.334934683e-02,-4.522926430e-01,-6.021310355e-01,-3.721487206e-01,7.946654585e+00,6.796091050e+00
131889.313757167,4.350451395e-02,-4.487077924e-01,-5.675727191e-01,-5.141548065e-01,7.979425220e+00,6.559065086e+00
131889.323764167,1.544959111e-02,-4.494611486e-01,-5.371353312e-01,-5.469254417e-01,7.997381733e+00,6.518214020e+00
131889.333770167,4.937207976e-03,-4.505636863e-01,-5.128446858e-01,-5.466261665e-01,7.997381733e+00,6.618471214e+00
131889.343777167,-4.324223649e-03,-4.430995804e-01,-4.837965747e-01,-4.146458000e-01,7.873182522e+00,6.687005237e+00
131889.353784167,-9.028365333e-03,-4.333561543e-01,-4.427582210e-01,-3.191770088e-01,7.652018143e+00,6.705410662e+00
131889.363791167,-2.829400663e-03,-4.280746691e-01,-4.010335226e-01,-2.659060219e-01,7.515698286e+00,6.788309895e+00
131889.373797167,1.599412457e-02,-4.309152614e-01,-3.640849676e-01,-9.352350235e-02,7.315632810e+00,6.894103680e+00
131889.383804167,4.779912946e-02,-4.526483322e-01,-3.202410217e-01,1.236006607e-01,7.070975328e+00,6.885125424e+00
131889.393811167,6.008865473e-02,-4.990723400e-01,-2.929298869e-01,2.983773819e-01,6.823774007e+00,6.824522195e+00
131889.403817167,7.831562340e-02,-5.429999253e-01,-2.980504680e-01,6.631938599e-01,6.593930647e+00,6.691344727e+00
131889.413824167,1.161416477e-01,-5.697710590e-01,-3.056751410e-01,1.006462523e+00,6.455815139e+00,6.713341455e+00
131889.423831167,1.562589118e-01,-5.676721678e-01,-3.122500643e-01,1.264737027e+00,6.342090560e+00,6.769605194e+00
131889.433838167,1.903939451e-01,-5.343988353e-01,-3.244523603e-01,1.432331143e+00,6.305130072e+00,6.653037501e+00
131889.443845000,2.115686337e-01,-4.878697729e-01,-3.319100524e-01,1.503259367e+00,6.361094536e+00,6.503848810e+00
131889.453852000,2.240140490e-01,-4.675371092e-01,-3.309567134e-01,1.351975750e+00,6.560262186e+00,6.305728622e+00
131889.463859000,2.171398928e-01,-4.741722460e-01,-3.418558483e-01,1.149665710e+00,6.762272952e+00,6.043563541e+00
131889.473865000,2.098200181e-01,-5.096563492e-01,-3.544729843e-01,1.010652376e+00,6.927472866e+00,5.832574519e+00
131889.483872000,2.096175329e-01,-5.733325030e-01,-3.641482480e-01,8.104372620e-01,7.137863337e+00,5.761945570e+00
131889.493879000,2.070897408e-01,-6.699103222e-01,-3.685825466e-01,5.722141968e-01,7.353940037e+00,5.699247414e+00
131889.503885000,2.096539106e-01,-7.686998459e-01,-3.676731300e-01,4.517559258e-01,7.404816822e+00,5.620837310e+00
131889.513892000,2.237898579e-01,-8.348053588e-01,-3.560024503e-01,4.474164352e-01,7.455693607e+00,5.648071354e+00
131889.523899000,2.415871672e-01,-8.412696693e-01,-3.385066097e-01,5.693710823e-01,7.564480145e+00,5.715857188e+00
131889.533906000,2.350855334e-01,-7.946763357e-01,-3.168644759e-01,7.321767952e-01,7.723694556e+00,5.591957253e+00
131889.543912000,1.942697774e-01,-7.164026413e-01,-2.873628203e-01,8.575731071e-01,7.853131083e+00,5.328595070e+00
131889.553919000,1.148255742e-01,-6.301686818e-01,-2.474689337e-01,8.017582809e-01,8.038681712e+00,4.989815535e+00
131889.563926000,1.572293625e-02,-5.425210988e-01,-1.996984418e-01,7.022492744e-01,8.151807740e+00,4.780023615e+00
131889.573932000,-7.068747687e-02,-4.564876617e-01,-1.547300705e-01,6.411971321e-01,8.207472929e+00,4.792443536e+00
131889.583939000,-1.316205246e-01,-3.922258699e-01,-1.158016782e-01,6.331167015e-01,8.178592871e+00,5.012710088e+00
131889.593946000,-1.621593791e-01,-3.639884351e-01,-1.036539635e-01,6.980594215e-01,8.103325156e+00,5.336525863e+00
131889.603953000,-1.562186372e-01,-3.704680196e-01,-1.156311100e-01,8.078934227e-01,7.998728471e+00,5.693860461e+00
131889.613959000,-1.241976548e-01,-3.999766328e-01,-1.435120200e-01,9.253589417e-01,7.852532533e+00,6.002862112e+00
131889.623966000,-8.430310429e-02,-4.463135363e-01,-1.722465771e-01,1.004816509e+00,7.773074965e+00,6.197839910e+00
131889.633973000,-4.932060570e-02,-5.005020236e-01,-2.166774988e-01,1.073949082e+00,7.725340569e+00,6.218340262e+00
131889.643979000,-3.492894490e-02,-5.282999892e-01,-2.653655684e-01,1.205929449e+00,7.664737340e+00,6.090699386e+00
131889.653986000,-2.290130575e-02,-5.114251173e-01,-3.080148979e-01,1.303792442e+00,7.614159830e+00,5.979069733e+00
131889.663993000,-2.033221804e-02,-4.565413221e-01,-3.321785753e-01,1.326088445e+00,7.584681222e+00,5.932083526e+00
131889.674000000,-1.920213984e-02,-3.818224947e-01,-3.389694575e-01,1.205031623e+00,7.574056952e+00,5.882553479e+00
131889.684006000,-2.039876290e-02,-3.304692596e-01,-3.248275330e-01,9.235632904e-01,7.535300813e+00,5.847837555e+00
131889.694013000,-3.454872321e-02,-3.065843925e-01,-3.031980064e-01,5.545569595e-01,7.477091785e+00,5.751620576e+00
131889.704020000,-3.441839137e-02,-3.000072181e-01,-2.574779566e-01,2.460042206e-01,7.418733119e+00,5.726631096e+00
131889.714026000,-2.925193409e-02,-2.934955020e-01,-2.102939260e-01,9.097966309e-02,7.411849789e+00,5.786486137e+00
131889.724033000,-2.294005048e-02,-2.820309750e-01,-1.783419842e-01,1.463455765e-01,7.366659233e+00,5.760748470e+00
131889.734040000,-2.389452201e-02,-2.823881929e-01,-1.652665231e-01,2.500444359e-01,7.354688225e+00,5.690568433e+00
131889.744047000,-2.958206011e-02,-2.902931026e-01,-1.610860816e-01,3.612251755e-01,7.413046890e+00,5.611559779e+00
131889.754053000,-4.152581236e-02,-2.886984850e-01,-1.644211487e-01,4.653729477e-01,7.432200504e+00,5.522226129e+00
131889.764060000,-4.763060502e-02,-2.921187567e-01,-1.555953536e-01,4.481646233e-01,7.486818229e+00,5.516240625e+00
131889.774067000,-5.104317120e-02,-2.860073175e-01,-1.421517556e-01,3.693056061e-01,7.552359499e+00,5.573551827e+00
131889.784073000,-3.571660163e-02,-2.695839831e-01,-1.162357878e-01,3.185784584e-01,7.547870371e+00,5.627870277e+00
131889.794080000,-3.573423518e-03,-2.639542002e-01,-6.986554781e-02,2.014122147e-01,7.620893522e+00,5.829132854e+00
131889.804087000,3.074496686e-02,-2.742766092e-01,-2.448146899e-02,1.375169579e-01,7.657255460e+00,5.921608894e+00
131889.814094000,5.864968995e-02,-2.971955283e-01,8.302502053e-03,1.928828712e-01,7.770231850e+00,5.823147350e+00
131889.824100000,6.958536180e-02,-3.057809814e-01,2.434428123e-02,4.532523018e-01,7.841309712e+00,5.768529625e+00
131889.834107000,6.415527743e-02,-3.124044585e-01,1.211032532e-02,8.239046463e-01,7.880664402e+00,5.604377174e+00
131889.844114000,5.185143800e-02,-3.116374809e-01,-2.257085949e-02,1.173308451e+00,7.986607825e+00,5.480477238e+00
131889.854120000,3.580244535e-02,-2.928291416e-01,-6.840819757e-02,1.444751064e+00,8.026860341e+00,5.475988110e+00
131889.864127000,1.834397355e-02,-2.611310161e-01,-1.043101651e-01,1.548001011e+00,8.078934227e+00,5.494992085e+00
131889.874134000,6.318889433e-03,-2.249901646e-01,-1.311679515e-01,1.545157896e+00,8.091054873e+00,5.536292064e+00
131889.884141000,-2.881003719e-04,-1.807285988e-01,-1.448664741e-01,1.460163737e+00,8.099584216e+00,5.599289495e+00
131889.894147000,6.874171704e-03,-1.418003872e-01,-1.474730288e-01,1.387290224e+00,8.047360693e+00,5.718999578e+00
131889.904154000,1.421040582e-02,-1.075329406e-01,-1.347162547e-01,1.272069270e+00,8.052448371e+00,5.843498064e+00
131889.914161000,1.301652913e-02,-7.769998794e-02,-1.208632767e-01,1.215206980e+00,8.065167567e+00,5.859658926e+00
131889.924167000,8.712479463e-03,-4.467566533e-02,-1.108931982e-01,1.269226155e+00,8.036586785e+00,5.834669446e+00
131889.934174000,5.837681979e-03,-4.499125404e-03,-1.098982692e-01,1.344194595e+00,8.012495131e+00,5.820304236e+00
131889.944181000,6.148164564e-03,1.670711173e-02,-1.212132164e-01,1.451634394e+00,8.020425924e+00,5.816563296e+00
131889.954188000,1.154599022e-02,2.464707398e-02,-1.462050523e-01,1.546654272e+00,8.019378461e+00,5.830928506e+00
131889.964194000,1.310304075e-02,1.583486039e-02,-1.821747330e-01,1.609352428e+00,8.052747646e+00,5.798307508e+00
131889.974201000,1.032311949e-02,1.935930742e-03,-2.231865284e-01,1.651550233e+00,8.041375188e+00,5.744587608e+00
131889.984208000,1.802873142e-02,1.185082731e-04,-2.564007308e-01,1.597381420e+00,8.040477363e+00,5.710470235e+00
131889.994214000,2.904632476e-02,1.340989154e-02,-2.810190937e-01,1.506850670e+00,8.102128056e+00,5.765686510e+00
131890.004221000,3.364097211e-02,5.418471973e-02,-2.879032038e-01,1.379957982e+00,8.114847252e+00,5.755810429e+00
131890.014228000,1.798169396e-02,9.463280073e-02,-2.811652671e-01,1.195903729e+00,8.119186742e+00,5.696703575e+00
131890.024234000,-2.028122429e-04,1.193787608e-01,-2.671411275e-01,1.022024834e+00,8.021024474e+00,5.633107594e+00
131890.034241000,7.211384414e-04,1.024466296e-01,-2.427762168e-01,8.014590057e-01,8.023568314e+00,5.756259341e+00
131890.044248000,2.518180956e-02,3.552705107e-02,-2.308413298e-01,6.425438705e-01,8.067262494e+00,6.018574061e+00
131890.054255000,5.645837101e-02,-6.052211927e-02,-2.403714847e-01,6.471826363e-01,8.089708134e+00,6.168810215e+00
131890.064261000,7.718652494e-02,-1.637612393e-01,-2.573252569e-01,7.073369530e-01,8.089408859e+00,6.166864926e+00
131890.074268000,7.927968007e-02,-2.451148725e-01,-2.899875810e-01,8.183680550e-01,8.109161023e+00,6.025756666e+00
131890.084275000,6.577407928e-02,-3.034993689e-01,-3.192899883e-01,8.762778076e-01,8.125621159e+00,5.860706389e+00
131890.094281000,2.623537470e-02,-3.450978494e-01,-3.366555917e-01,8.105868996e-01,8.164377299e+00,5.683385828e+00
131890.104288000,-3.462602779e-02,-3.640971635e-01,-3.562578980e-01,7.499836700e-01,8.175600119e+00,5.483769265e+00
131890.114295000,-1.055476981e-01,-3.612116659e-01,-3.587586252e-01,6.329670639e-01,8.234557335e+00,5.398625468e+00
131890.124302000,-1.963113372e-01,-3.254507949e-01,-3.420717592e-01,4.574421547e-01,8.277952240e+00,5.395183804e+00
131890.134308000,-2.853899618e-01,-2.558995766e-01,-3.110241020e-01,3.519476440e-01,8.178892146e+00,5.427804801e+00
131890.144315000,-3.414113168e-01,-1.683177932e-01,-2.484764940e-01,2.412158173e-01,8.012195856e+00,5.789179614e+00
131890.154322000,-3.528191053e-01,-8.769179508e-02,-1.723171111e-01,7.077858658e-02,7.880065852e+00,6.425887618e+00
131890.164328000,-3.157942922e-01,-2.585262085e-02,-1.040982468e-01,-0.000000000e+00,7.685985880e+00,6.971915234e+00
131890.174335000,-2.612257791e-01,-1.496805133e-03,-5.103625873e-02,4.893149643e-02,7.492803733e+00,7.406762111e+00
131890.184342000,-2.011823371e-01,-1.065470950e-02,-2.875294575e-02,2.166752502e-01,7.315632810e+00,7.612364178e+00
131890.194349000,-1.545221469e-01,-4.319988452e-02,-4.969497639e-02,4.807856209e-01,7.137115149e+00,7.608772876e+00
131890.204355000,-1.155505756e-01,-8.724991770e-02,-1.088519841e-01,8.610147720e-01,6.867917100e+00,7.492205183e+00
131890.214362000,-7.038309737e-02,-1.164772083e-01,-1.989066349e-01,1.205779811e+00,6.607697307e+00,7.474547945e+00
131890.224369000,-2.697822597e-02,-1.472546071e-01,-2.973562438e-01,1.419013396e+00,6.405087991e+00,7.498489962e+00
131890.234375000,1.240549799e-02,-1.728501204e-01,-3.768871755e-01,1.310675771e+00,6.220584826e+00,7.449558466e+00
131890.244382000,3.875437956e-02,-2.118388056e-01,-4.189913412e-01,9.569324760e-01,6.052990710e+00,7.364265031e+00
131890.254389000,6.015195867e-02,-2.745278435e-01,-4.205498319e-01,4.001309525e-01,6.036829848e+00,7.216123804e+00
131890.264396000,6.754463235e-02,-3.412418326e-01,-3.749849956e-01,-1.749263588e-01,6.041767889e+00,7.093869881e+00
131890.274402000,5.059332166e-02,-3.779213956e-01,-2.992867658e-01,-5.407903000e-01,6.165967101e+00,6.893205855e+00
131890.284409000,7.734695213e-03,-3.736488435e-01,-2.249781770e-01,-5.225345123e-01,6.291961963e+00,6.625504182e+00
131890.294416000,-5.636260829e-02,-3.426580777e-01,-1.701352329e-01,-2.379237900e-01,6.438756452e+00,6.389974593e+00
131890.304422000,-1.279823913e-01,-2.916733666e-01,-1.329991723e-01,9.397241516e-02,6.539761835e+00,6.241683728e+00
131890.314429000,-1.863252647e-01,-2.533070527e-01,-1.091456743e-01,3.122936790e-01,6.608894408e+00,6.214449684e+00
131890.324436000,-2.203483650e-01,-2.291540068e-01,-9.243928588e-02,4.305073860e-01,6.663362495e+00,6.417059000e+00
131890.334443000,-2.389000912e-01,-2.274220647e-01,-7.736047940e-02,5.267243652e-01,6.769305919e+00,6.651092212e+00
131890.344449000,-2.408381485e-01,-2.341587110e-01,-6.518660744e-02,6.060322952e-01,6.810156985e+00,6.810905173e+00
131890.354456000,-2.249265847e-01,-2.424411978e-01,-5.528348301e-02,6.582558189e-01,6.845920372e+00,6.933608008e+00
131890.364463000,-2.014870475e-01,-2.375639075e-01,-5.972673300e-02,8.014590057e-01,6.926575040e+00,7.095066982e+00
131890.374469000,-1.681142087e-01,-2.326314324e-01,-7.925051232e-02,9.156324974e-01,7.086238364e+00,7.200561493e+00
131890.384476000,-1.268636011e-01,-2.354644376e-01,-1.015415582e-01,8.907926552e-01,7.153425648e+00,7.226598436e+00
131890.394483000,-9.822477195e-02,-2.670297587e-01,-1.256758985e-01,7.787140900e-01,7.204751346e+00,7.206247722e+00
131890.404490000,-6.947353752e-02,-3.090889327e-01,-1.350834655e-01,6.459855354e-01,7.217620180e+00,7.148786882e+00
131890.414496000,-6.545690988e-02,-3.505032098e-01,-1.442089572e-01,5.720645592e-01,7.268048052e+00,7.054066279e+00
131890.424503000,-7.822954141e-02,-3.777008757e-01,-1.648689010e-01,7.015010864e-01,7.248445526e+00,6.893954043e+00
131890.434510000,-8.015462275e-02,-3.847293836e-01,-1.863078257e-01,8.792705597e-01,7.235127779e+00,6.899789909e+00
131890.444515917,-7.236630836e-02,-3.578174819e-01,-2.133977724e-01,1.065419739e+00,7.138312250e+00,7.026832235e+00
131890.454522917,-5.161350743e-02,-3.092071228e-01,-2.386088701e-01,1.214309155e+00,7.073070255e+00,7.178265490e+00
131890.464529917,-2.804864240e-02,-2.675513872e-01,-2.531140575e-01,1.150413898e+00,7.059004320e+00,7.280467973e+00
131890.474535917,-1.606298053e-02,-2.415337304e-01,-2.511228784e-01,8.978256226e-01,7.033117014e+00,7.193079613e+00
131890.484542917,-5.433414744e-03,-2.431392847e-01,-2.468532154e-01,6.847416748e-01,6.936451122e+00,7.005284420e+00
131890.494549917,2.141018597e-02,-2.842148374e-01,-2.442581072e-01,4.400841927e-01,6.871957315e+00,7.022941657e+00
131890.504556917,4.730358194e-02,-3.616895754e-01,-2.352045870e-01,1.221042847e-01,6.934206558e+00,7.124844865e+00
131890.514562917,4.763880665e-02,-4.296911035e-01,-2.159113071e-01,-5.222352371e-02,6.839336317e+00,7.009773548e+00
131890.524569917,2.828909987e-02,-4.636642345e-01,-1.907771317e-01,-6.643909607e-02,6.798934164e+00,6.792499747e+00
131890.534576917,1.813376992e-02,-4.502714086e-01,-1.652275598e-01,7.975684280e-02,6.810007347e+00,6.743268976e+00
131890.544582917,1.296418567e-02,-4.061160467e-01,-1.463770684e-01,3.164835320e-01,6.898742446e+00,6.808062058e+00
131890.554589917,1.095729698e-02,-3.584602804e-01,-1.406190504e-01,5.475239922e-01,6.941688438e+00,6.791751559e+00
131890.564596917,1.131689528e-02,-3.269363454e-01,-1.458512642e-01,7.151181084e-01,6.883778686e+00,6.731597243e+00
131890.574603917,1.937654527e-02,-3.042981508e-01,-1.617159202e-01,8.188169678e-01,6.840234143e+00,6.728754128e+00
131890.584609917,4.167533936e-02,-3.033077582e-01,-1.834782698e-01,8.146271149e-01,6.922235550e+00,6.798185976e+00
131890.594616917,7.527860531e-02,-3.212860973e-01,-2.104875846e-01,7.917325615e-01,7.003488769e+00,6.851606601e+00
131890.604623917,1.085644808e-01,-3.643768497e-01,-2.511063321e-01,7.383119370e-01,7.148637244e+00,6.809259159e+00
131890.614629917,1.381913334e-01,-4.325617922e-01,-2.925261756e-01,6.569090805e-01,7.282712537e+00,6.667552348e+00
131890.624636917,1.460649045e-01,-5.088999268e-01,-3.393589654e-01,5.984007774e-01,7.424718623e+00,6.449231084e+00
131890.634643917,1.202246903e-01,-5.701937033e-01,-3.786424750e-01,5.951087502e-01,7.479037074e+00,6.157886670e+00
131890.644650917,5.352085231e-02,-5.926912242e-01,-4.066288709e-01,6.058826576e-01,7.456890708e+00,5.806238301e+00
131890.654656917,-2.164842440e-02,-5.568301092e-01,-4.100953804e-01,6.124667122e-01,7.386411397e+00,5.627421365e+00
131890.664663917,-8.078428519e-02,-4.827040880e-01,-3.796242282e-01,5.301660301e-01,7.326705993e+00,5.794865843e+00
131890.674670917,-1.172890229e-01,-3.915776869e-01,-3.355166538e-01,3.826233528e-01,7.277475221e+00,6.119429806e+00
131890.684676917,-1.385342571e-01,-3.278916112e-01,-2.946128352e-01,2.371756020e-01,7.208492286e+00,6.370521705e+00
131890.694683917,-1.447877249e-01,-3.005170745e-01,-2.719388266e-01,1.672948410e-01,7.123498127e+00,6.514921992e+00
131890.704690917,-1.294410411e-01,-3.193336112e-01,-2.842573471e-01,1.788169365e-01,7.119607549e+00,6.676231329e+00
131890.714697917,-1.030030754e-01,-3.564420582e-01,-3.291750371e-01,3.314472923e-01,7.085639813e+00,6.808211696e+00
131890.724703917,-6.331877012e-02,-4.056357857e-01,-3.901717904e-01,4.605845444e-01,7.055562655e+00,6.901585561e+00
131890.734710917,-3.387971691e-02,-4.621537063e-01,-4.547296853e-01,4.758475800e-01,7.054964104e+00,6.896048969e+00
131890.744717917,-1.824063015e-02,-5.120562917e-01,-5.149103346e-01,4.354454269e-01,7.013813763e+00,6.762272952e+00
131890.754723917,-3.278529161e-03,-5.579379369e-01,-5.529675414e-01,2.865560112e-01,6.987327908e+00,6.683563572e+00
131890.764730917,1.388883275e-02,-6.089758103e-01,-5.701907952e-01,2.783259430e-02,7.008875723e+00,6.714837831e+00
131890.774737917,2.656771166e-02,-6.456865368e-01,-5.802811121e-01,-1.689408546e-01,6.995408338e+00,6.697479869e+00
131890.784744917,2.543785674e-02,-6.594986352e-01,-5.776741702e-01,-3.374327965e-01,7.048978600e+00,6.560112549e+00
131890.794750917,2.948801161e-03,-6.562986983e-01,-5.565993963e-01,-5.398924744e-01,7.137713699e+00,6.373215182e+00
131890.804757917,-3.352203146e-02,-6.398319015e-01,-5.266456178e-01,-6.798036339e-01,7.171831073e+00,6.210858382e+00
131890.814764917,-6.548238193e-02,-5.884821367e-01,-4.894052957e-01,-7.272387543e-01,7.174823825e+00,6.149357327e+00
131890.824770917,-7.269481513e-02,-5.140478755e-01,-4.457656738e-01,-6.980594215e-01,7.231835752e+00,6.320093832e+00
131890.834777917,-5.345794728e-02,-4.291215477e-01,-4.013970206e-01,-6.503250259e-01,7.261463998e+00,6.634632076e+00
131890.844784917,-3.884783236e-02,-3.792070014e-01,-3.624471139e-01,-6.290764862e-01,7.285106739e+00,6.779630914e+00
131890.854791917,-3.599828147e-02,-3.791799547e-01,-3.352342326e-01,-6.768108818e-01,7.268347327e+00,6.743119338e+00
131890.864797917,-3.252613241e-02,-4.216241782e-01,-3.308837336e-01,-6.977601463e-01,7.262960374e+00,6.717232033e+00
131890.874804917,-1.946169549e-02,-4.795918592e-01,-3.425982274e-01,-5.898714340e-01,7.207295185e+00,6.742071875e+00
131890.884811917,-1.474723539e-03,-5.361960572e-01,-3.655284102e-01,-4.770446808e-01,7.146841593e+00,6.836343565e+00
131890.894817917,2.072914502e-02,-5.913901963e-01,-3.879350987e-01,-4.501099121e-01,7.130531094e+00,6.911312005e+00
131890.904824917,3.599430902e-02,-6.351172548e-01,-3.998587930e-01,-4.905120651e-01,7.151779634e+00,6.918045697e+00
131890.914831917,4.370781491e-02,-6.677615530e-01,-3.954268065e-01,-5.307645805e-01,7.202357144e+00,6.872406228e+00
131890.924838917,3.819923895e-02,-6.802742779e-01,-3.926901291e-01,-5.294178421e-01,7.313388246e+00,6.793696848e+00
131890.934844917,2.772867016e-02,-6.541197926e-01,-3.878828196e-01,-4.162918137e-01,7.380725168e+00,6.686705962e+00
131890.944851917,2.120299713e-02,-6.066732452e-01,-3.855892307e-01,-2.250549561e-01,7.386411397e+00,6.631639323e+00
131890.954858917,5.176607922e-03,-5.627415167e-01,-3.864724738e-01,-8.125321884e-02,7.422174784e+00,6.600365064e+00
131890.964864917,-1.953499693e-02,-5.320556720e-01,-3.867474809e-01,-3.785831375e-02,7.503428003e+00,6.524798074e+00
131890.974871917,-5.443119819e-02,-5.127386288e-01,-3.886908303e-01,-4.129997864e-02,7.561337756e+00,6.401646326e+00
131890.984878917,-8.763826317e-02,-5.089437552e-01,-3.852193477e-01,-2.528875504e-02,7.527070744e+00,6.328323901e+00
131890.994885917,-1.073956093e-01,-5.107843204e-01,-3.781256359e-01,-3.351882324e-02,7.586776148e+00,6.356755045e+00
131891.004891917,-1.232001017e-01,-5.349314505e-01,-3.751890924e-01,5.342062454e-02,7.566126159e+00,6.339397083e+00
131891.014898917,-1.369129435e-01,-5.622042173e-01,-3.803742270e-01,1.943792473e-01,7.522282341e+00,6.270563786e+00
131891.024905917,-1.492486545e-01,-6.017612556e-01,-3.809615154e-01,3.145382431e-01,7.565078696e+00,6.222679752e+00
131891.034911917,-1.670781383e-01,-6.269662908e-01,-3.677462828e-01,3.929483475e-01,7.561786668e+00,6.175543907e+00
131891.044918917,-1.786314983e-01,-6.194226227e-01,-3.444333212e-01,5.138555313e-01,7.535899363e+00,6.150105515e+00
131891.054925917,-1.866244468e-01,-5.808975480e-01,-3.060761431e-01,6.700771896e-01,7.437886732e+00,6.175992820e+00
131891.064932917,-1.942623948e-01,-5.328387115e-01,-2.573592533e-01,7.790133652e-01,7.391499075e+00,6.227168880e+00
131891.074938917,-1.937078065e-01,-4.724915577e-01,-2.065859364e-01,9.112930069e-01,7.317129186e+00,6.247070682e+00
131891.084945917,-1.946140093e-01,-4.238129443e-01,-1.584147063e-01,1.012298389e+00,7.271489717e+00,6.231807646e+00
131891.094952917,-1.846302305e-01,-3.958925183e-01,-1.208119265e-01,1.124526592e+00,7.277624859e+00,6.222380477e+00
131891.104958917,-1.747855460e-01,-3.868631810e-01,-9.765768420e-02,1.223137773e+00,7.340023740e+00,6.249464883e+00
131891.114965917,-1.651474335e-01,-3.992185114e-01,-1.024022665e-01,1.444601427e+00,7.316979549e+00,6.184671801e+00
131891.124972917,-1.432628490e-01,-4.388437343e-01,-1.238221858e-01,1.635090096e+00,7.335833887e+00,6.197091722e+00
131891.134979917,-1.178100611e-01,-4.781571008e-01,-1.452482614e-01,1.743876634e+00,7.389553786e+00,6.301089857e+00
131891.144985917,-1.108612244e-01,-4.953454895e-01,-1.637042199e-01,1.826775867e+00,7.399280231e+00,6.219836638e+00
131891.154992917,-1.037996263e-01,-5.027259373e-01,-1.687401107e-01,1.870769322e+00,7.392247263e+00,6.116885966e+00
131891.164999917,-9.637361773e-02,-4.996167082e-01,-1.607569401e-01,1.785176613e+00,7.465569689e+00,6.131251176e+00
131891.175005917,-9.057108234e-02,-5.064824001e-01,-1.389830477e-01,1.666513993e+00,7.491307357e+00,6.105962421e+00
131891.185012917,-7.561626845e-02,-5.195438084e-01,-1.061107519e-01,1.501314079e+00,7.578396442e+00,6.120177994e+00
131891.195019917,-5.179449987e-02,-5.435925048e-01,-7.278740361e-02,1.409286952e+00,7.674164509e+00,6.211756207e+00
131891.205025917,-3.442962036e-02,-5.645174398e-01,-4.894696634e-02,1.432181506e+00,7.840561524e+00,6.227617793e+00
131891.215032917,-3.683941059e-02,-5.803654620e-01,-4.419395427e-02,1.592293742e+00,7.981669785e+00,6.125714585e+00
131891.225039917,-4.501017774e-02,-5.728950199e-01,-4.582764876e-02,1.749712501e+00,8.084321181e+00,5.959916120e+00
131891.235046917,-5.755688706e-02,-5.470944164e-01,-5.369004423e-02,1.898153004e+00,8.170362803e+00,5.963357785e+00
131891.245052917,-6.902862887e-02,-5.030217750e-01,-6.431417214e-02,2.058863790e+00,8.100332404e+00,5.978471183e+00
131891.255059917,-6.358396764e-02,-4.564159265e-01,-7.149563890e-02,2.098667393e+00,8.118438554e+00,6.089502285e+00
131891.265066917,-4.355217704e-02,-4.257508633e-01,-8.180608137e-02,2.055122850e+00,8.060678439e+00,6.249315246e+00
131891.275072917,-2.439159618e-02,-4.097158059e-01,-9.163999649e-02,2.089539499e+00,7.967753487e+00,6.290465587e+00
131891.285079917,-8.406662398e-03,-4.012263196e-01,-1.143720420e-01,2.184559377e+00,7.853131083e+00,6.226570330e+00
131891.295086917,-5.960927280e-03,-3.852476382e-01,-1.492723547e-01,2.356642622e+00,7.726388033e+00,6.117783792e+00
131891.305093917,-3.699442476e-03,-3.605154086e-01,-1.940930986e-01,2.522291449e+00,7.660697124e+00,5.995080957e+00
131891.315099917,-3.030449380e-03,-3.366297822e-01,-2.410347653e-01,2.586336343e+00,7.600991721e+00,5.922955632e+00
131891.325106917,-6.663226331e-04,-3.186559942e-01,-2.834156789e-01,2.554014621e+00,7.532906611e+00,5.845293716e+00
131891.335113917,-2.573081015e-03,-3.081829179e-01,-3.260215496e-01,2.453907064e+00,7.508665319e+00,5.722590881e+00
131891.345119917,-1.045259155e-02,-3.119609836e-01,-3.602787972e-01,2.281973457e+00,7.517942850e+00,5.603329710e+00
131891.355126917,-6.029741591e-03,-3.221819024e-01,-3.867750932e-01,2.045097131e+00,7.546822908e+00,5.575796391e+00
131891.365133917,-1.524679528e-03,-3.282581060e-01,-3.955510811e-01,1.791162117e+00,7.548917834e+00,5.605125362e+00
131891.375140917,6.700274808e-05,-3.278798810e-01,-3.767438358e-01,1.496675313e+00,7.587823611e+00,5.592406165e+00
131891.385146917,-9.948425997e-03,-3.097053192e-01,-3.422837638e-01,1.285835929e+00,7.597101143e+00,5.548263072e+00
131891.395153917,-3.182058863e-02,-2.816408677e-01,-3.033291468e-01,1.180790331e+00,7.649025391e+00,5.460575436e+00
131891.405160917,-6.161397864e-02,-2.525781560e-01,-2.611727450e-01,1.124676230e+00,7.672817770e+00,5.360018967e+00
131891.415166917,-9.780935959e-02,-2.321447366e-01,-2.232362819e-01,1.132307748e+00,7.652167781e+00,5.276072271e+00
131891.425173917,-1.246413810e-01,-2.176090633e-01,-1.980806551e-01,1.212513503e+00,7.624185549e+00,5.294178421e+00
131891.435180917,-1.334650030e-01,-2.035926488e-01,-1.877420770e-01,1.307683019e+00,7.602488097e+00,5.446509502e+00
131891.445187500,-1.177091016e-01,-1.969123735e-01,-1.913894456e-01,1.437718097e+00,7.553406963e+00,5.635352158e+00
131891.455193500,-8.115735954e-02,-1.996299738e-01,-2.051397498e-01,1.538274567e+00,7.532158423e+00,5.837961473e+00
131891.465200500,-3.637655377e-02,-2.176949588e-01,-2.228187062e-01,1.568351725e+00,7.513603360e+00,5.972485679e+00
131891.475207500,1.023337820e-02,-2.453549412e-01,-2.417832634e-01,1.524657545e+00,7.519289589e+00,5.986850889e+00
131891.485213500,5.612790580e-02,-2.759764867e-01,-2.552627416e-01,1.459116274e+00,7.478438523e+00,5.949890401e+00
131891.495220500,8.885728257e-02,-2.965817637e-01,-2.623823081e-01,1.423652162e+00,7.518691039e+00,5.829132854e+00
131891.505227500,9.455530851e-02,-3.008677009e-01,-2.678332787e-01,1.445648890e+00,7.536946826e+00,5.623680424e+00
131891.515234500,8.083323134e-02,-2.975582106e-01,-2.759787314e-01,1.491138721e+00,7.516895387e+00,5.402964959e+00
131891.525240500,5.837591762e-02,-2.935489785e-01,-2.845205060e-01,1.527201384e+00,7.564480145e+00,5.300463200e+00
131891.535247500,3.845332607e-02,-2.715113117e-01,-2.950255499e-01,1.574786142e+00,7.613710917e+00,5.318868626e+00
131891.545254500,1.611657793e-02,-2.365058105e-01,-3.058637655e-01,1.598578521e+00,7.701248915e+00,5.310638557e+00
131891.555260500,-7.489710960e-03,-2.076317708e-01,-3.204025254e-01,1.624615464e+00,7.754519902e+00,5.294776971e+00
131891.565267500,-2.120130532e-02,-1.664444780e-01,-3.346126326e-01,1.631199519e+00,7.825897039e+00,5.361664980e+00
131891.575274500,-3.732046578e-02,-1.129719134e-01,-3.496849785e-01,1.647809293e+00,7.861810064e+00,5.383661708e+00
131891.585281500,-4.383224912e-02,-5.216820407e-02,-3.583996817e-01,1.642871252e+00,7.863904990e+00,5.416133068e+00
131891.595287500,-4.589376861e-02,-3.734566430e-03,-3.586482805e-01,1.544858621e+00,7.959972332e+00,5.568613786e+00
131891.605294500,-5.559112183e-02,1.996186820e-02,-3.604982737e-01,1.421257961e+00,8.030451643e+00,5.595997468e+00
131891.615301500,-7.652824363e-02,3.172922434e-02,-3.645468957e-01,1.369632987e+00,8.003217599e+00,5.578040955e+00
131891.625307500,-9.423520965e-02,3.852078264e-02,-3.697718277e-01,1.340304017e+00,7.987655289e+00,5.638644185e+00
131891.635314500,-9.279716675e-02,4.881567358e-02,-3.723606262e-01,1.308131932e+00,7.972990804e+00,5.841403138e+00
131891.645321500,-7.575292111e-02,6.176742851e-02,-3.699049584e-01,1.253214931e+00,8.013692232e+00,6.104914958e+00
131891.655327500,-5.306706107e-02,6.747872702e-02,-3.676824640e-01,1.227177988e+00,8.005761439e+00,6.323385860e+00
131891.665334500,-1.946408453e-02,5.995080136e-02,-3.599298570e-01,1.218349370e+00,7.957129218e+00,6.464494120e+00
131891.675341500,8.355266787e-03,3.348871315e-02,-3.615461506e-01,1.176001928e+00,7.947552411e+00,6.560112549e+00
131891.685348500,3.350127113e-02,-1.919843749e-02,-3.756988404e-01,1.201889233e+00,7.891737585e+00,6.566995879e+00
131891.695354500,6.324956245e-02,-9.226716898e-02,-3.913473654e-01,1.108665006e+00,7.944410021e+00,6.663811408e+00
131891.705361500,9.475747267e-02,-1.896334577e-01,-4.246140903e-01,9.898527489e-01,8.034791134e+00,6.735787096e+00
131891.715368500,9.603818779e-02,-2.923188926e-01,-4.426259017e-01,9.036614891e-01,8.061725903e+00,6.664709234e+00
131891.725374500,5.487673059e-02,-3.748883003e-01,-4.451051828e-01,7.350199097e-01,8.164975849e+00,6.387131479e+00
131891.735381500,-2.457223589e-02,-4.113074755e-01,-4.337903219e-01,6.337152519e-01,8.262838842e+00,6.038026949e+00
131891.745388500,-1.317158386e-01,-3.745268153e-01,-4.145644514e-01,6.643909607e-01,8.372373568e+00,5.854122334e+00
131891.755395500,-2.399959578e-01,-2.654857801e-01,-3.723637124e-01,7.193079613e-01,8.345887712e+00,5.844246252e+00
131891.765401500,-3.437770882e-01,-9.712588010e-02,-3.039353870e-01,7.242460022e-01,8.216900098e+00,5.990741467e+00
131891.775408500,-4.172511642e-01,7.793036364e-02,-2.191508772e-01,7.044938385e-01,7.909245184e+00,6.275651464e+00
131891.785415500,-4.333203051e-01,2.165950550e-01,-1.388862736e-01,6.793547211e-01,7.508066769e+00,6.811503723e+00
131891.795421500,-3.847219685e-01,2.900583666e-01,-7.700488906e-02,6.780079826e-01,7.171681435e+00,7.479635624e+00
131891.805428500,-2.924486945e-01,3.078678083e-01,-4.914656609e-02,8.068459595e-01,6.826018571e+00,7.932738288e+00
131891.815435500,-2.076240386e-01,2.674902938e-01,-5.353126455e-02,1.012298389e+00,6.546794802e+00,8.002768687e+00
131891.825442500,-1.427982952e-01,1.709981805e-01,-1.036378873e-01,1.287481943e+00,6.271760886e+00,7.814225306e+00
131891.835448500,-1.064316771e-01,4.530767261e-02,-1.875798514e-01,1.521664793e+00,6.156539931e+00,7.460781286e+00
131891.845455500,-1.118098869e-01,-7.457391994e-02,-2.755302467e-01,1.657236462e+00,6.070199034e+00,7.090278579e+00
131891.855462500,-1.498139727e-01,-1.478920237e-01,-3.347527017e-01,1.709459985e+00,6.001216099e+00,6.765864254e+00
131891.865468500,-2.023895034e-01,-1.540716544e-01,-3.565614905e-01,1.660229214e+00,5.966649812e+00,6.622511430e+00
131891.875475500,-2.577675334e-01,-9.738078821e-02,-3.300049841e-01,1.526602834e+00,5.927594398e+00,6.617423751e+00
131891.885482500,-2.955568113e-01,-2.305496611e-02,-2.561963595e-01,1.320701491e+00,5.951985327e+00,6.764816791e+00
131891.895489500,-3.048186104e-01,5.115718035e-02,-1.690591111e-01,1.103278053e+00,6.077830552e+00,7.021146006e+00
131891.905495500,-2.795387084e-01,9.610145597e-02,-9.101378792e-02,1.023820485e+00,6.237643513e+00,7.274183194e+00
131891.915502500,-2.328835308e-01,9.624817725e-02,-4.035626532e-02,1.033397292e+00,6.397306836e+00,7.470358092e+00
131891.925509500,-1.740469183e-01,3.372162856e-02,-2.113090919e-02,1.040430259e+00,6.579565437e+00,7.509263869e+00
131891.935515500,-1.200447780e-01,-7.600639948e-02,-3.740757296e-02,1.077241109e+00,6.786663881e+00,7.398681680e+00
131891.945522500,-7.987250811e-02,-2.077102764e-01,-8.330871989e-02,1.167771860e+00,6.998101815e+00,7.195473814e+00
131891.955529500,-5.296709441e-02,-3.191725457e-01,-1.366421943e-01,1.303044254e+00,7.159860065e+00,6.980743853e+00
131891.965536500,-3.649984642e-02,-3.886681211e-01,-1.897901225e-01,1.453878958e+00,7.244554948e+00,6.789955908e+00
131891.975542500,-2.641744312e-02,-4.023748302e-01,-2.253382356e-01,1.536778191e+00,7.285705289e+00,6.658873367e+00
131891.985549500,-3.283210731e-02,-3.871645627e-01,-2.267469004e-01,1.506551395e+00,7.257723058e+00,6.591536446e+00
131891.995556500,-5.105223528e-02,-3.424085047e-01,-2.190948777e-01,1.432181506e+00,7.216871992e+00,6.445190869e+00
131892.005562500,-7.340465796e-02,-2.853209553e-01,-1.958982184e-01,1.364694946e+00,7.107636541e+00,6.365583664e+00
131892.015569500,-1.062005778e-01,-2.365997508e-01,-1.686482822e-01,1.230021103e+00,7.050175701e+00,6.349123528e+00
131892.025576500,-1.374614376e-01,-2.024612325e-01,-1.373221384e-01,1.124676230e+00,6.921487362e+00,6.348674615e+00
131892.035583500,-1.607916169e-01,-1.824636831e-01,-1.119287961e-01,1.102978777e+00,6.803124017e+00,6.446238332e+00
131892.045589500,-1.627402267e-01,-1.687721047e-01,-1.023957735e-01,1.216104806e+00,6.717531308e+00,6.639121204e+00
131892.055596500,-1.553263781e-01,-1.652065627e-01,-1.126905027e-01,1.445648890e+00,6.651840400e+00,6.805967132e+00
131892.065603500,-1.496777085e-01,-1.868496657e-01,-1.534009160e-01,1.685069056e+00,6.648698010e+00,6.882880860e+00
131892.075609500,-1.425283391e-01,-2.280904033e-01,-2.204223966e-01,1.873612437e+00,6.586748042e+00,6.883629048e+00
131892.085616500,-1.340163664e-01,-2.906274247e-01,-2.998757234e-01,1.941098996e+00,6.612784985e+00,6.903680487e+00
131892.095623500,-1.273206187e-01,-3.540662779e-01,-3.937288622e-01,1.955763481e+00,6.578817249e+00,6.913855844e+00
131892.105630500,-1.136865513e-01,-3.895775922e-01,-4.681289466e-01,1.885882720e+00,6.510881777e+00,6.968473569e+00
131892.115636500,-1.019366936e-01,-3.945115817e-01,-5.134599676e-01,1.631349156e+00,6.485443385e+00,6.995707613e+00
131892.125643500,-9.238950193e-02,-3.765287595e-01,-5.150275101e-01,1.276558398e+00,6.430825659e+00,7.004236957e+00
131892.135650500,-8.665041425e-02,-3.519452405e-01,-4.847419707e-01,8.643067993e-01,6.475268027e+00,6.947823580e+00
131892.145656500,-8.769031380e-02,-3.344040892e-01,-4.357458247e-01,4.788403320e-01,6.561160012e+00,6.834248639e+00
131892.155663500,-9.400973276e-02,-3.379048291e-01,-3.854334067e-01,2.066495308e-01,6.685209586e+00,6.713640730e+00
131892.165670500,-1.101934977e-01,-3.500940341e-01,-3.426726540e-01,9.337386475e-02,6.797138513e+00,6.579415800e+00
131892.175676500,-1.315387050e-01,-3.603876329e-01,-3.149920116e-01,1.544260071e-01,6.898592809e+00,6.479607518e+00
131892.185683500,-1.517483673e-01,-3.694181489e-01,-3.098617164e-01,3.027168724e-01,6.988225733e+00,6.475268027e+00
131892.195690500,-1.765513161e-01,-3.680085185e-01,-3.179888376e-01,5.015852478e-01,7.002142030e+00,6.482749908e+00
131892.205697500,-1.948423203e-01,-3.536962587e-01,-3.351262996e-01,6.377554672e-01,7.023989120e+00,6.495918017e+00
131892.215703500,-2.044662499e-01,-3.527938942e-01,-3.476619517e-01,6.602011078e-01,7.049277876e+00,6.643460694e+00
131892.225710500,-2.027040500e-01,-3.605209303e-01,-3.546931968e-01,5.876268700e-01,6.996605439e+00,6.770353382e+00
131892.235717500,-1.845094472e-01,-3.774839161e-01,-3.544846985e-01,4.809352585e-01,6.964433354e+00,6.910563817e+00
131892.245723500,-1.557258983e-01,-4.059555494e-01,-3.542238642e-01,3.969885628e-01,6.912060193e+00,7.015310139e+00
131892.255730500,-1.294347112e-01,-4.388137970e-01,-3.587407836e-01,3.589806114e-01,6.942137351e+00,7.100902849e+00
131892.265737500,-1.083482343e-01,-4.721768459e-01,-3.704548041e-01,3.730465462e-01,6.901136648e+00,7.094169157e+00
131892.275744500,-1.046514136e-01,-5.038967392e-01,-3.887033709e-01,3.859153801e-01,6.917596784e+00,7.053617366e+00
131892.285750500,-9.789117135e-02,-5.296371155e-01,-4.115170858e-01,4.077624702e-01,6.975207262e+00,6.995109063e+00
131892.295757500,-9.685847105e-02,-5.489307327e-01,-4.292930000e-01,3.814262520e-01,7.020547456e+00,6.967426106e+00
131892.305764500,-1.033432075e-01,-5.542015169e-01,-4.388658049e-01,3.247136002e-01,7.096563358e+00,6.925078664e+00
131892.315770500,-1.182359642e-01,-5.519877153e-01,-4.464704143e-01,3.084031013e-01,7.178415128e+00,6.902633024e+00
131892.325777500,-1.351702256e-01,-5.490169542e-01,-4.604805725e-01,3.517980064e-01,7.248445526e+00,6.894253318e+00
131892.335784500,-1.541409935e-01,-5.451502902e-01,-4.800964849e-01,4.399345551e-01,7.223156771e+00,6.920739174e+00
131892.345791500,-1.558272862e-01,-5.399942944e-01,-5.022675052e-01,4.975450325e-01,7.166294482e+00,7.081599598e+00
131892.355797500,-1.327708923e-01,-5.381970424e-01,-5.275023832e-01,5.461772537e-01,7.041197445e+00,7.351396198e+00
131892.365804500,-9.527357849e-02,-5.433465386e-01,-5.428422049e-01,5.325602318e-01,7.038354330e+00,7.660996400e+00
131892.375811500,-4.489232427e-02,-5.606288293e-01,-5.529256526e-01,4.932055420e-01,6.973710886e+00,7.857620211e+00
131892.385817500,8.113110651e-04,-5.918891904e-01,-5.577311098e-01,4.329015877e-01,6.973112335e+00,7.969998051e+00
131892.395824500,2.442935223e-02,-6.394518548e-01,-5.729750700e-01,3.782838623e-01,7.020397818e+00,7.849390143e+00
131892.405831500,4.383559102e-02,-6.701659957e-01,-5.927053905e-01,4.510077377e-01,7.028627886e+00,7.655010896e+00
131892.415838500,3.423087778e-02,-6.833567804e-01,-6.082391113e-01,5.336076950e-01,7.189937223e+00,7.527968570e+00
131892.425844500,2.864419977e-03,-6.880039522e-01,-6.203310985e-01,5.520131203e-01,7.347355982e+00,7.284807464e+00
131892.435851500,-2.668817462e-02,-6.651201883e-01,-6.265653369e-01,6.388029305e-01,7.337180625e+00,7.124246315e+00
131892.445858417,-4.482903231e-02,-6.117517128e-01,-6.293634558e-01,7.058405769e-01,7.437138544e+00,7.171082885e+00
131892.455864417,-5.786981116e-02,-5.402910088e-01,-6.271897540e-01,8.075941475e-01,7.406013923e+00,7.231686115e+00
131892.465871417,-8.054976877e-02,-4.716714116e-01,-6.280625834e-01,8.957306961e-01,7.386710672e+00,7.144148116e+00
131892.475878417,-1.221236947e-01,-4.115250058e-01,-6.238096958e-01,9.593266777e-01,7.269394791e+00,7.007080071e+00
131892.485885417,-1.577908498e-01,-3.599731710e-01,-6.215170413e-01,9.805752174e-01,7.178564765e+00,6.879888108e+00
131892.495891417,-1.752725299e-01,-3.339157418e-01,-6.176381416e-01,9.234136528e-01,7.137564062e+00,7.005134782e+00
131892.505898417,-1.697328164e-01,-3.252581724e-01,-6.050143462e-01,8.056488586e-01,7.101950312e+00,7.223306409e+00
131892.515905417,-1.469456754e-01,-3.487090363e-01,-5.854313860e-01,6.813000099e-01,7.006331883e+00,7.366359958e+00
131892.525911417,-1.098384367e-01,-3.856972193e-01,-5.472500855e-01,5.912181725e-01,6.871807677e+00,7.501781989e+00
131892.535918417,-6.251145513e-02,-4.324125401e-01,-5.027539772e-01,5.755062241e-01,6.730699417e+00,7.594557304e+00
131892.545925417,-1.962452750e-02,-4.737751205e-01,-4.596163666e-01,6.980594215e-01,6.540360385e+00,7.573907314e+00
131892.555932417,1.308303260e-02,-5.124882875e-01,-4.298223531e-01,9.261071297e-01,6.389974593e+00,7.440729847e+00
131892.565938417,3.662284539e-02,-5.293438077e-01,-4.216164512e-01,1.240944648e+00,6.252457635e+00,7.256226682e+00
131892.575945417,4.859220599e-02,-5.262293154e-01,-4.247087928e-01,1.544409708e+00,6.206219616e+00,7.127388705e+00
131892.585952417,4.884001976e-02,-5.208608784e-01,-4.355426688e-01,1.714697301e+00,6.211606570e+00,6.955006185e+00
131892.595958417,4.032057811e-02,-5.193682228e-01,-4.407459831e-01,1.703175206e+00,6.253505099e+00,6.806864957e+00
131892.605965417,3.382538401e-02,-5.315754329e-01,-4.281394519e-01,1.517026027e+00,6.374861195e+00,6.731297968e+00
131892.615972417,4.177022588e-02,-5.473196181e-01,-4.000507126e-01,1.272667820e+00,6.505943736e+00,6.752247232e+00
131892.625979417,5.823145389e-02,-5.622419839e-01,-3.635648569e-01,1.108814644e+00,6.654084964e+00,6.796390325e+00
131892.635985417,8.312721966e-02,-5.835361341e-01,-3.233232777e-01,9.733926125e-01,6.819434516e+00,6.822427268e+00
131892.645992417,1.148301066e-01,-6.122643589e-01,-2.695719189e-01,8.113350876e-01,6.964283717e+00,6.869862389e+00
131892.655999417,1.443633225e-01,-6.287239242e-01,-2.205468808e-01,7.627028664e-01,7.093869881e+00,6.830358061e+00
131892.666005417,1.611718577e-01,-6.359731439e-01,-1.949130123e-01,9.362824867e-01,7.172579261e+00,6.744914989e+00
131892.676012417,1.669272147e-01,-6.442332415e-01,-1.818014049e-01,1.112106671e+00,7.257573420e+00,6.618920127e+00
131892.686019417,1.491647464e-01,-6.635597143e-01,-1.848904262e-01,1.206527999e+00,7.332092947e+00,6.384886915e+00
131892.696025417,1.050600934e-01,-6.866510940e-01,-1.984799000e-01,1.293168172e+00,7.371148361e+00,6.125116035e+00
131892.706032417,4.626475647e-02,-6.922299315e-01,-2.198871449e-01,1.467495980e+00,7.340023740e+00,5.902604918e+00
131892.716039417,-1.621156123e-03,-6.638488725e-01,-2.461462902e-01,1.706167958e+00,7.266102763e+00,5.859658926e+00
131892.726046417,-2.754190826e-02,-6.145987187e-01,-2.702629945e-01,1.866429832e+00,7.236474518e+00,6.027701955e+00
131892.736052417,-4.226333188e-02,-5.571926837e-01,-2.865552772e-01,1.955613844e+00,7.177367664e+00,6.185569627e+00
131892.746059417,-5.478080276e-02,-5.074743405e-01,-3.036115995e-01,2.026392430e+00,7.098508647e+00,6.284031170e+00
131892.756066417,-6.071668125e-02,-4.617834775e-01,-3.311897179e-01,2.101061594e+00,7.055263380e+00,6.318896732e+00
131892.766072417,-6.095044752e-02,-4.344823336e-01,-3.694811529e-01,2.102707608e+00,7.018602167e+00,6.371569168e+00
131892.776079417,-4.615668693e-02,-4.398418059e-01,-3.977440411e-01,1.939452982e+00,7.031022088e+00,6.491578526e+00
131892.786086417,-3.365987463e-02,-4.713465234e-01,-4.233349369e-01,1.718587879e+00,7.068581126e+00,6.540510023e+00
131892.796093417,-2.443413954e-02,-5.126167998e-01,-4.431388126e-01,1.602469099e+00,7.084891625e+00,6.507290475e+00
131892.806099417,-1.749528729e-02,-5.453372019e-01,-4.537777644e-01,1.585410412e+00,7.082048511e+00,6.449679997e+00
131892.816106417,-1.388649392e-02,-5.559090831e-01,-4.661312616e-01,1.676240437e+00,7.115567334e+00,6.415113711e+00
131892.826113417,-2.120793986e-02,-5.447371573e-01,-4.892612004e-01,1.848174044e+00,7.155819849e+00,6.321290933e+00
131892.836119417,-3.472919678e-02,-5.233486003e-01,-5.111056839e-01,1.967285577e+00,7.163152092e+00,6.215347510e+00
131892.846126417,-6.548968014e-02,-5.019914496e-01,-5.222671406e-01,1.958606596e+00,7.185448095e+00,6.112696114e+00
131892.856133417,-1.095078158e-01,-4.951227196e-01,-5.272079714e-01,1.887528734e+00,7.211485038e+00,5.964554886e+00
131892.866140417,-1.490530680e-01,-5.290856844e-01,-5.322078264e-01,1.790713204e+00,7.218817281e+00,5.913977376e+00
131892.876146417,-1.544525826e-01,-5.681851971e-01,-5.420059149e-01,1.726219397e+00,7.276876671e+00,6.071845048e+00
131892.886153417,-1.212369558e-01,-5.764767557e-01,-5.517238005e-01,1.768417201e+00,7.273734281e+00,6.409577119e+00
131892.896160417,-5.947595858e-02,-5.525990834e-01,-5.624281611e-01,1.807472616e+00,7.278073772e+00,6.724863551e+00
131892.906166417,1.993817409e-03,-5.171450849e-01,-5.574519284e-01,1.755398730e+00,7.202955695e+00,6.874950067e+00
131892.916173417,3.730573119e-02,-5.017649039e-01,-5.482181543e-01,1.554285790e+00,7.183353168e+00,6.726359927e+00
131892.926180417,4.354002144e-02,-5.218913800e-01,-5.263751162e-01,1.319953303e+00,7.160608253e+00,6.439504640e+00
131892.936187417,2.501455599e-02,-5.649770050e-01,-5.119982989e-01,1.164928745e+00,7.220912207e+00,6.180332310e+00
131892.946193417,1.281583283e-02,-6.181389519e-01,-4.998437952e-01,1.190217500e+00,7.231686115e+00,6.085910983e+00
131892.956200417,1.481857927e-02,-6.636681786e-01,-4.850696154e-01,1.292719259e+00,7.283460725e+00,6.217442436e+00
131892.966207417,1.200328383e-02,-7.005119195e-01,-4.811416552e-01,1.422155786e+00,7.350498372e+00,6.299443843e+00
131892.976213417,6.896355126e-03,-7.126857994e-01,-4.948147983e-01,1.649006393e+00,7.221061845e+00,6.244526842e+00
131892.986220417,3.727519011e-02,-6.821415347e-01,-5.007299223e-01,1.776796907e+00,7.064989824e+00,6.379499961e+00
131892.996227417,9.667312800e-02,-6.190191428e-01,-4.792210731e-01,1.705569408e+00,6.979097839e+00,6.751050131e+00
131893.006233417,1.483744044e-01,-5.502823109e-01,-4.521333648e-01,1.531540874e+00,6.961590240e+00,6.861781958e+00
131893.016240417,1.702783354e-01,-5.262372563e-01,-4.357313896e-01,1.375319216e+00,6.961290965e+00,6.618321577e+00
131893.026247417,1.673521179e-01,-5.525061506e-01,-4.290569919e-01,1.232415305e+00,7.073519167e+00,6.269815598e+00
131893.036254417,1.488913909e-01,-6.222113660e-01,-4.326858166e-01,1.148767884e+00,7.221361120e+00,6.035183835e+00
131893.046260417,1.257160457e-01,-6.944758475e-01,-4.525713285e-01,1.235707332e+00,7.306355279e+00,5.896918689e+00
131893.056267417,1.093079080e-01,-7.501645081e-01,-4.765497705e-01,1.437867735e+00,7.399729144e+00,5.899761803e+00
131893.066274417,9.098976259e-02,-7.845766482e-01,-4.906325118e-01,1.592593017e+00,7.450605929e+00,5.996427695e+00
131893.076281417,5.796906285e-02,-7.823268733e-01,-4.996930183e-01,1.683871955e+00,7.425915724e+00,5.950788226e+00
131893.086287417,3.753998141e-02,-7.550998889e-01,-4.990187890e-01,1.794154869e+00,7.356034963e+00,5.952883153e+00
131893.096294417,3.210182197e-02,-7.191353469e-01,-4.942655187e-01,1.891568949e+00,7.333888598e+00,6.083516781e+00
131893.106301417,2.732362871e-02,-6.758195502e-01,-5.124961757e-01,1.979106947e+00,7.326107442e+00,6.081870767e+00
131893.116307417,2.251984981e-02,-6.429510605e-01,-5.340042430e-01,2.093878989e+00,7.306953829e+00,6.001964287e+00
131893.126314417,1.416889335e-02,-6.173947195e-01,-5.470701314e-01,2.096722104e+00,7.293486445e+00,5.963806698e+00
131893.136321417,-2.798123383e-03,-6.126710511e-01,-5.625566277e-01,2.063951469e+00,7.306953829e+00,5.843797340e+00
131893.146327417,-1.431512550e-02,-6.211481535e-01,-5.785120264e-01,2.062006180e+00,7.271190442e+00,5.780650271e+00
131893.156334417,-1.272818720e-02,-6.413736413e-01,-5.944160917e-01,1.998859111e+00,7.327753456e+00,5.866392618e+00
131893.166341417,-1.314704899e-02,-6.631395893e-01,-6.159131147e-01,1.963095724e+00,7.361721192e+00,5.919364330e+00
131893.176348417,6.857606304e-04,-6.780586362e-01,-6.298532005e-01,1.985691002e+00,7.341819391e+00,5.940163956e+00
131893.186354417,9.076594156e-03,-6.835878577e-01,-6.482377040e-01,1.907280898e+00,7.498938875e+00,5.986551614e+00
131893.196361417,5.260010416e-03,-6.871182886e-01,-6.692931949e-01,1.929576900e+00,7.484872940e+00,5.919214692e+00
131893.206368417,-1.785534251e-02,-6.755565550e-01,-6.822764905e-01,1.953967830e+00,7.516596112e+00,5.803095911e+00
131893.216374417,-4.628901408e-02,-6.580780085e-01,-6.894172098e-01,1.927033061e+00,7.502081264e+00,5.663035114e+00
131893.226381417,-7.877143197e-02,-6.515332008e-01,-7.079704628e-01,1.865532006e+00,7.498489962e+00,5.670068082e+00
131893.236388417,-1.086759456e-01,-6.616684112e-01,-7.104321438e-01,1.789815379e+00,7.480533450e+00,5.791424178e+00
131893.246395417,-1.529079684e-01,-6.722050340e-01,-7.019424907e-01,1.724723021e+00,7.346757432e+00,5.896769051e+00
131893.256401417,-1.772264814e-01,-6.651426443e-01,-6.895573804e-01,1.729511424e+00,7.281814712e+00,6.118382343e+00
131893.266408417,-1.837709759e-01,-6.450206160e-01,-6.824535503e-01,1.776796907e+00,7.329549107e+00,6.478560055e+00
131893.276415417,-1.937852477e-01,-6.272819102e-01,-6.836054610e-01,1.771709229e+00,7.365013219e+00,6.668899087e+00
131893.286421417,-2.116783236e-01,-6.434162012e-01,-6.987162738e-01,1.682674854e+00,7.366509595e+00,6.675632779e+00
131893.296428417,-2.311256202e-01,-6.994146490e-01,-7.229579386e-01,1.513434724e+00,7.367257784e+00,6.638073740e+00
131893.306435417,-2.588550354e-01,-7.776451265e-01,-7.602846991e-01,1.348085172e+00,7.349301271e+00,6.612186435e+00
131893.316442417,-2.847627395e-01,-8.724944865e-01,-7.936614303e-01,1.232415305e+00,7.276128483e+00,6.672191114e+00
131893.326448417,-3.019853894e-01,-9.559216136e-01,-8.141582377e-01,1.167322947e+00,7.187243746e+00,6.796988876e+00
131893.336455417,-3.016359171e-01,-1.009699288e+00,-8.218841259e-01,1.126920794e+00,7.101351762e+00,7.027430785e+00
131893.346462417,-2.774755602e-01,-9.890325662e-01,-8.097356454e-01,1.167173309e+00,7.007828259e+00,7.284358551e+00
131893.356468417,-2.352853645e-01,-8.879154658e-01,-7.804080179e-01,1.291671796e+00,6.934655471e+00,7.536198638e+00
131893.366475417,-1.921926495e-01,-7.435235826e-01,-7.351632793e-01,1.319953303e+00,7.017554704e+00,7.693318122e+00
131893.376482417,-1.637798092e-01,-6.220770495e-01,-6.933914865e-01,1.248576166e+00,7.132326746e+00,7.652915969e+00
131893.386489417,-1.618506694e-01,-5.589687311e-01,-6.661040919e-01,1.161187805e+00,7.083694524e+00,7.439832021e+00
131893.396495417,-1.508029222e-01,-5.556487695e-01,-6.507905573e-01,1.063025537e+00,6.990919210e+00,7.330446933e+00
131893.406502417,-1.126465101e-01,-5.964799641e-01,-6.554076153e-01,9.980828171e-01,6.882581585e+00,7.471106281e+00
131893.416509417,-6.358187883e-02,-6.406314823e-01,-6.748238356e-01,1.092204870e+00,6.757783823e+00,7.603236285e+00
131893.426515417,-2.198403380e-02,-6.799378329e-01,-7.109305750e-01,1.266532678e+00,6.597372312e+00,7.568969273e+00
131893.436522417,-5.713572819e-03,-7.170264016e-01,-7.538364638e-01,1.369034437e+00,6.498611494e+00,7.387907773e+00
131893.446528875,-1.891767191e-02,-7.418774712e-01,-7.927833371e-01,1.405396375e+00,6.406135455e+00,7.071424241e+00
131893.456534875,-5.435616365e-02,-7.566561240e-01,-8.180276276e-01,1.379658707e+00,6.343736574e+00,6.771101570e+00
131893.466541875,-1.053159100e-01,-7.627137278e-01,-8.180951312e-01,1.251120005e+00,6.302586233e+00,6.643610332e+00
131893.476548875,-1.625721786e-01,-7.638268179e-01,-7.859020545e-01,1.017984618e+00,6.268768134e+00,6.669647275e+00
131893.486555875,-2.204088442e-01,-7.586176624e-01,-7.318593920e-01,8.625111481e-01,6.188412741e+00,6.773346134e+00
131893.496561875,-2.625790953e-01,-7.457549530e-01,-6.753422725e-01,8.111854500e-01,6.098480541e+00,6.963685166e+00
131893.506568875,-2.887093635e-01,-7.289207883e-01,-6.235205860e-01,8.382698563e-01,6.064512805e+00,7.208641924e+00
131893.516575875,-2.877665300e-01,-7.284606206e-01,-5.853724488e-01,9.124901077e-01,6.022913551e+00,7.459284910e+00
131893.526581875,-2.552836105e-01,-7.528480195e-01,-5.611243101e-01,9.358335739e-01,6.063016429e+00,7.702894929e+00
131893.536588875,-2.084719545e-01,-8.050467693e-01,-5.590184751e-01,9.311948082e-01,6.150704065e+00,7.884704617e+00
131893.546595875,-1.482682057e-01,-8.645006221e-01,-5.812959106e-01,9.377788628e-01,6.321739846e+00,7.951143713e+00
131893.556602875,-8.463712989e-02,-9.111827178e-01,-6.020431919e-01,9.639654434e-01,6.431274572e+00,7.959224144e+00
131893.566608875,-2.654590677e-02,-9.332460459e-01,-6.138396568e-01,9.362824867e-01,6.523301698e+00,7.918373078e+00
131893.576615875,2.319948656e-02,-9.321853264e-01,-6.077435535e-01,8.367734802e-01,6.603806729e+00,7.826794865e+00
131893.586622875,6.068513661e-02,-9.141495360e-01,-5.862529280e-01,7.665934441e-01,6.651241850e+00,7.714566662e+00
131893.596628875,8.267507252e-02,-8.895054910e-01,-5.573159369e-01,7.410054138e-01,6.689549076e+00,7.585728685e+00
131893.606635875,8.601409913e-02,-8.625110654e-01,-5.257095292e-01,7.327753456e-01,6.714388918e+00,7.448062090e+00
131893.616642875,7.685809593e-02,-8.439568978e-01,-4.993868988e-01,7.842506813e-01,6.658424454e+00,7.293187170e+00
131893.626649875,6.530908869e-02,-8.333526826e-01,-4.878273779e-01,8.604162216e-01,6.627748746e+00,7.211784313e+00
131893.636655875,4.901692330e-02,-8.352165092e-01,-4.950104207e-01,9.237129280e-01,6.665607059e+00,7.171531798e+00
131893.646662875,2.079749684e-02,-8.370570437e-01,-5.232609004e-01,1.048809965e+00,6.677278793e+00,7.044639110e+00
131893.656669875,-1.117395440e-02,-8.188124099e-01,-5.598833784e-01,1.219696108e+00,6.676081692e+00,6.923881564e+00
131893.666675875,-4.633188918e-02,-7.882839289e-01,-5.954997130e-01,1.267430504e+00,6.707206313e+00,6.870311301e+00
131893.676682875,-8.846704347e-02,-7.422166058e-01,-6.187869077e-01,1.237353345e+00,6.654833152e+00,6.843376533e+00
131893.686689875,-1.138233863e-01,-6.928607587e-01,-6.207591583e-01,1.124227317e+00,6.574926672e+00,6.983586967e+00
131893.696695875,-1.057435201e-01,-6.560768000e-01,-5.928094683e-01,8.336310905e-01,6.552481031e+00,7.378181329e+00
131893.706702875,-7.257934734e-02,-6.349854939e-01,-5.431849797e-01,4.990414085e-01,6.494272003e+00,7.794173867e+00
131893.716709875,-2.599425129e-02,-6.365750390e-01,-4.871830511e-01,2.717418884e-01,6.455964777e+00,8.044667216e+00
131893.726716875,3.429880743e-02,-6.618703865e-01,-4.417355090e-01,1.843535278e-01,6.458358978e+00,8.168417514e+00
131893.736722875,8.699271376e-02,-7.007963872e-01,-4.258333154e-01,3.146878807e-01,6.521655685e+00,8.111255949e+00
131893.746729875,1.277738507e-01,-7.292199446e-01,-4.475907276e-01,6.603507454e-01,6.567444791e+00,7.884106067e+00
131893.756736875,1.510582295e-01,-7.476885851e-01,-4.937990553e-01,9.765350021e-01,6.701220809e+00,7.600542808e+00
131893.766743875,1.487774735e-01,-7.529505075e-01,-5.419300816e-01,1.095047984e+00,6.825270383e+00,7.265653851e+00
131893.776749875,1.337573370e-01,-7.376113584e-01,-5.797458133e-01,1.088613567e+00,6.930166343e+00,6.961889515e+00
131893.786756875,1.210140262e-01,-7.014332730e-01,-5.965988415e-01,9.762357269e-01,7.072471704e+00,6.876446443e+00
131893.796763875,1.033338941e-01,-6.588465092e-01,-5.910705028e-01,7.817068420e-01,7.241861472e+00,6.826617121e+00
131893.806769875,6.740911519e-02,-6.187376053e-01,-5.724453958e-01,6.060322952e-01,7.280767249e+00,6.627000558e+00
131893.816776875,3.746870515e-02,-5.884034346e-01,-5.476368525e-01,4.369418030e-01,7.312640058e+00,6.477512592e+00
131893.826783875,1.993991856e-02,-5.601593354e-01,-5.109539991e-01,2.925415154e-01,7.325359254e+00,6.505794099e+00
131893.836789875,5.064734912e-03,-5.405255886e-01,-4.698267960e-01,2.165256126e-01,7.321618314e+00,6.577620148e+00
131893.846796875,-1.155434617e-02,-5.259768870e-01,-4.404095923e-01,2.504933487e-01,7.276727033e+00,6.556072334e+00
131893.856803875,-3.020713456e-02,-5.262743910e-01,-4.247877832e-01,3.305494667e-01,7.225251698e+00,6.537666908e+00
131893.866810875,-4.533838185e-02,-5.428475011e-01,-4.248249792e-01,3.930979851e-01,7.219116556e+00,6.558167260e+00
131893.876816875,-6.097753643e-02,-5.577211801e-01,-4.371426405e-01,4.944026428e-01,7.246500237e+00,6.569090805e+00
131893.886823875,-6.394398163e-02,-5.614783192e-01,-4.509942398e-01,5.922656357e-01,7.261463998e+00,6.611737522e+00
131893.896830875,-6.232598411e-02,-5.617931990e-01,-4.648668122e-01,6.199485924e-01,7.337330263e+00,6.726509564e+00
131893.906836875,-6.788024844e-02,-5.438839859e-01,-4.704248935e-01,6.124667122e-01,7.344961781e+00,6.702118635e+00
131893.916843875,-9.029034043e-02,-5.150408496e-01,-4.664235682e-01,6.148609138e-01,7.301716513e+00,6.559214723e+00
131893.926850875,-1.280989841e-01,-4.604558187e-01,-4.454702748e-01,6.196493172e-01,7.217171267e+00,6.435165150e+00
131893.936857875,-1.475115335e-01,-3.820971395e-01,-3.999703900e-01,5.873275948e-01,7.122899577e+00,6.535721619e+00
131893.946863875,-1.398698583e-01,-3.014495366e-01,-3.401027843e-01,4.584896179e-01,7.124545590e+00,6.832901900e+00
131893.956870875,-1.193190118e-01,-2.349571940e-01,-2.748306577e-01,3.642179276e-01,7.073519167e+00,7.010671374e+00
131893.966877875,-8.886352326e-02,-1.950587617e-01,-2.200991768e-01,3.301005539e-01,7.060650333e+00,7.046883674e+00
131893.976883875,-6.561777735e-02,-1.645732769e-01,-1.902590545e-01,3.809773392e-01,7.163002454e+00,6.945579016e+00
131893.986890875,-5.737295720e-02,-1.512871278e-01,-1.795279229e-01,4.421791191e-01,7.341819391e+00,6.672191114e+00
131893.996897875,-5.928362516e-02,-1.575419818e-01,-1.802944817e-01,4.189852905e-01,7.473650120e+00,6.384288364e+00
131894.006904875,-6.968336655e-02,-1.758465725e-01,-1.869963384e-01,2.853589104e-01,7.694365585e+00,6.217891349e+00
131894.016910875,-1.069110256e-01,-1.928998731e-01,-1.728755885e-01,1.400607971e-01,7.824699938e+00,6.041019701e+00
131894.026917875,-1.377714139e-01,-1.875678397e-01,-1.361985125e-01,2.992752075e-04,7.816320232e+00,5.942109245e+00
131894.036924875,-1.507409104e-01,-1.465385461e-01,-6.983808189e-02,-6.359598160e-02,7.784597060e+00,6.083516781e+00
131894.046930875,-1.410504805e-01,-8.439845117e-02,2.080770302e-02,-2.917933273e-02,7.649773579e+00,6.323086584e+00
131894.056937875,-1.182738166e-01,-1.404323821e-02,1.246105560e-01,1.518821678e-01,7.454795782e+00,6.553827769e+00
131894.066944875,-8.652701316e-02,3.534815827e-02,2.085056949e-01,5.017348854e-01,7.295431734e+00,6.721421886e+00
131894.076950875,-6.129192436e-02,7.473060315e-02,2.539056360e-01,9.819219559e-01,7.134720947e+00,6.769156281e+00
131894.086957875,-5.201452162e-02,1.100338240e-01,2.802629125e-01,1.481861190e+00,7.015609415e+00,6.704063924e+00
131894.096964875,-6.067789175e-02,1.379576997e-01,2.822590713e-01,1.883039606e+00,6.929118880e+00,6.575824497e+00
131894.106971875,-7.064701039e-02,1.591925506e-01,2.754857707e-01,2.126948900e+00,6.871508402e+00,6.533925968e+00
131894.116977875,-8.344625913e-02,1.842277756e-01,2.501543317e-01,2.330007128e+00,6.835296102e+00,6.538415096e+00
131894.126984875,-8.749888902e-02,2.109443267e-01,2.129352244e-01,2.530671155e+00,6.794295399e+00,6.516717644e+00
131894.136991875,-8.756790305e-02,2.387314367e-01,1.622349692e-01,2.655618554e+00,6.805967132e+00,6.604554917e+00
131894.146997875,-7.711419071e-02,2.686645616e-01,1.079152146e-01,2.647089211e+00,6.822726543e+00,6.523600974e+00
131894.157004875,-4.265232710e-02,2.936581149e-01,9.068634297e-02,2.472611765e+00,6.712443629e+00,6.584054565e+00
131894.167011875,3.720665004e-02,3.073069002e-01,1.311119488e-01,1.977610571e+00,6.772597946e+00,6.887519626e+00
131894.177018875,1.224375554e-01,3.157779977e-01,2.079849046e-01,1.471236920e+00,7.013963401e+00,7.137264787e+00
131894.187024875,1.834759329e-01,3.281807455e-01,2.936444565e-01,1.167771860e+00,7.233631403e+00,7.057807219e+00
131894.197031875,2.011313969e-01,3.377535275e-01,3.538776764e-01,1.076343284e+00,7.480832725e+00,6.728155578e+00
131894.207038875,1.766555025e-01,3.557139921e-01,3.814148427e-01,1.231816754e+00,7.574206590e+00,6.278494579e+00
131894.217044875,1.159125859e-01,3.980992634e-01,3.739013574e-01,1.501463716e+00,7.573757677e+00,5.857115086e+00
131894.227051875,3.645623125e-02,4.710650321e-01,3.553035508e-01,1.691204198e+00,7.491008082e+00,5.573851102e+00
131894.237058875,-5.631672181e-02,5.639114545e-01,3.394133817e-01,1.666513993e+00,7.297676298e+00,5.408202275e+00
131894.247065875,-1.497943279e-01,6.733814491e-01,3.463823119e-01,1.405695650e+00,7.065588374e+00,5.282955601e+00
131894.257071875,-2.290924737e-01,8.004305921e-01,4.022042899e-01,9.065046036e-01,6.802824742e+00,5.370044686e+00
131894.267078875,-2.787993047e-01,9.104755126e-01,5.327956474e-01,2.823661583e-01,6.597821225e+00,5.565321759e+00
131894.277085875,-2.324755979e-01,9.625039167e-01,7.658011132e-01,-3.853168297e-01,6.540061110e+00,6.181529411e+00
131894.287091875,-1.016876401e-01,9.403398352e-01,1.031011221e+00,-8.037035698e-01,6.782922941e+00,7.162852817e+00
131894.297098875,7.049546291e-02,8.869707341e-01,1.228063902e+00,-3.589806114e-01,6.845172184e+00,7.702894929e+00
131894.307105875,2.196067447e-01,8.163499959e-01,1.300227884e+00,7.556698990e-01,7.109432192e+00,7.606827587e+00
131894.317111875,2.995100828e-01,7.215666698e-01,1.254377213e+00,2.013822871e+00,7.336133162e+00,6.992116311e+00
131894.327118875,2.593493796e-01,6.237450074e-01,1.113779443e+00,2.973448824e+00,7.556848627e+00,6.011990006e+00
131894.337125875,1.515700591e-01,5.753453775e-01,9.250839844e-01,3.761590083e+00,7.591863827e+00,5.131971259e+00
131894.347132875,3.106530756e-02,6.022733008e-01,7.531999837e-01,4.077774340e+00,7.441478035e+00,4.762516015e+00
131894.357138875,-7.657714424e-02,6.962458386e-01,6.420841645e-01,3.793163618e+00,7.199813305e+00,4.835539165e+00
131894.367145875,-1.732998212e-01,7.998852614e-01,6.288075596e-01,3.045424512e+00,6.885873612e+00,5.100846637e+00
131894.377152875,-2.017232982e-01,8.681517095e-01,7.423917491e-01,2.072630450e+00,6.599916151e+00,5.476287385e+00
131894.387158875,-1.075103431e-01,8.856889395e-01,9.396570994e-01,1.171213525e+00,6.619069765e+00,6.471676725e+00
131894.397165875,5.574721546e-02,8.802703116e-01,1.137266603e+00,8.047510330e-01,6.783671129e+00,7.460033098e+00
131894.407172875,2.243189529e-01,8.665031195e-01,1.271951328e+00,1.123329491e+00,6.851008051e+00,7.639298947e+00
131894.417179875,3.375179893e-01,8.356125725e-01,1.310187468e+00,1.836502311e+00,6.916848596e+00,7.162104629e+00
131894.427185875,3.646295974e-01,7.953953860e-01,1.263153768e+00,2.477699443e+00,7.191134324e+00,6.251559810e+00
131894.437192875,3.113986219e-01,7.824708611e-01,1.160810627e+00,3.036446255e+00,7.402422620e+00,5.249287140e+00
131894.447200167,1.874920083e-01,8.068037624e-01,1.022973096e+00,3.369838837e+00,7.515399011e+00,4.389918382e+00
131894.457206167,3.273675898e-02,8.451783468e-01,9.024273547e-01,3.418620695e+00,7.558345004e+00,3.887285670e+00
131894.467213167,-1.077487752e-01,8.674442503e-01,8.597201989e-01,2.981678893e+00,7.507767493e+00,3.861248727e+00
131894.477220167,-1.661509037e-01,8.630164248e-01,9.099387861e-01,2.317138294e+00,7.351246560e+00,4.464288271e+00
131894.487227167,-1.267177124e-01,8.459632289e-01,1.008320466e+00,1.807771891e+00,7.393444364e+00,5.499780489e+00
131894.497233167,-3.241941454e-02,8.271567318e-01,1.104388148e+00,1.774701981e+00,7.427711375e+00,6.290615224e+00
131894.507240167,4.547999965e-02,8.087888026e-01,1.164857845e+00,2.100762319e+00,7.467664616e+00,6.498312218e+00
131894.517247167,6.310438255e-02,8.104007629e-01,1.172708326e+00,2.640205881e+00,7.656357634e+00,6.201580850e+00
131894.527253167,1.704155198e-02,8.565484366e-01,1.119411688e+00,3.269432005e+00,7.899219465e+00,5.673659384e+00
131894.537260167,-8.943931006e-02,9.429164438e-01,1.028329414e+00,3.928735287e+00,8.005162888e+00,5.227440050e+00
131894.547267167,-2.428810006e-01,1.062915176e+00,9.020234489e-01,4.286069884e+00,8.182633086e+00,4.892551093e+00
131894.557274167,-4.075959276e-01,1.190737472e+00,7.684693941e-01,4.419845902e+00,7.986308550e+00,4.711339954e+00
131894.567280167,-5.224079640e-01,1.289585041e+00,6.785402359e-01,4.042908778e+00,7.628225764e+00,5.041290871e+00
131894.577287167,-5.489304108e-01,1.317414097e+00,6.792137438e-01,3.199401606e+00,7.214178515e+00,5.866841531e+00
131894.587294167,-4.894281582e-01,1.261056980e+00,7.436327621e-01,2.289455338e+00,6.946327204e+00,6.864026522e+00
131894.597300167,-3.753859431e-01,1.156666095e+00,8.090513213e-01,1.809118629e+00,6.745663177e+00,7.559542104e+00
131894.607307167,-2.162149853e-01,1.027352593e+00,8.381574810e-01,1.924938135e+00,6.525995175e+00,7.937377054e+00
131894.617314167,-5.736516507e-02,8.959249836e-01,8.211201949e-01,2.286462585e+00,6.528688652e+00,8.105270445e+00
131894.627320167,4.570865030e-02,7.675130416e-01,7.590191138e-01,2.652476164e+00,6.625653819e+00,7.741950343e+00
131894.637327167,7.957860170e-02,6.423849745e-01,6.595963924e-01,2.978835778e+00,6.670994013e+00,6.960093864e+00
131894.647334167,6.639413725e-02,5.398904060e-01,5.471502623e-01,3.167079884e+00,6.780528739e+00,6.323535497e+00
131894.657341167,2.913631838e-02,4.584169196e-01,4.511444000e-01,3.185784584e+00,6.823175456e+00,6.007351241e+00
131894.667347167,6.675229677e-03,4.140243044e-01,3.967052528e-01,3.059490446e+00,6.816890677e+00,6.046705930e+00
131894.677354167,5.864190075e-03,4.166491144e-01,3.812179287e-01,2.903867339e+00,6.860135944e+00,6.348674615e+00
131894.687361167,2.711021396e-02,4.569762445e-01,4.076731071e-01,2.737769598e+00,6.988674646e+00,6.728454853e+00
131894.697367167,3.645992548e-02,4.931432577e-01,4.450963868e-01,2.624643570e+00,7.047781499e+00,6.876296806e+00
131894.707374167,3.553458459e-02,5.089581171e-01,4.712946851e-01,2.609230897e+00,7.050774252e+00,6.789506995e+00
131894.717381167,3.903982385e-02,4.992219925e-01,4.641397555e-01,2.605789232e+00,7.124395953e+00,6.752845782e+00
131894.727388167,4.157361358e-02,4.681042946e-01,4.329484505e-01,2.612522924e+00,7.215076340e+00,6.756137810e+00
131894.737394167,2.369923046e-02,4.056259654e-01,3.785953298e-01,2.665943549e+00,7.200860768e+00,6.658574092e+00
131894.747401167,-1.479947253e-02,3.406181140e-01,3.026565233e-01,2.703352950e+00,7.134272034e+00,6.440851379e+00
131894.757408167,-3.267630528e-02,2.742330542e-01,2.240424379e-01,2.658611306e+00,7.067533663e+00,6.400898138e+00
131894.767414167,-1.971753466e-02,2.355163869e-01,1.602047300e-01,2.515408119e+00,7.039252156e+00,6.664709234e+00
131894.777421167,7.919976599e-03,2.474922540e-01,1.281076842e-01,2.301127071e+00,7.106439440e+00,6.946776117e+00
131894.787428167,1.019416748e-02,2.877286481e-01,1.281643439e-01,1.980304048e+00,7.250390815e+00,6.967875019e+00
131894.797435167,-3.018617847e-02,3.372851435e-01,1.508817628e-01,1.643020889e+00,7.318475925e+00,6.725312463e+00
131894.807441167,-8.720847244e-02,3.933124301e-01,1.855784018e-01,1.409735865e+00,7.276727033e+00,6.468983248e+00
131894.817448167,-1.318414543e-01,4.417857764e-01,2.207081393e-01,1.252167468e+00,7.164199555e+00,6.554276682e+00
131894.827455167,-1.504029655e-01,4.836478166e-01,2.482506578e-01,1.191115326e+00,6.993163774e+00,6.857292830e+00
131894.837461167,-1.414383986e-01,5.155061307e-01,2.626197251e-01,1.193958440e+00,6.770503020e+00,7.190835049e+00
131894.847468167,-9.738272065e-02,5.207768361e-01,2.576268408e-01,1.211615678e+00,6.614281361e+00,7.560739205e+00
131894.857475167,-3.933736236e-02,4.930842414e-01,2.297173703e-01,1.206527999e+00,6.613533173e+00,7.819612260e+00
131894.867481167,1.090042737e-02,4.401314789e-01,1.765996467e-01,1.223437048e+00,6.614879912e+00,7.803900311e+00
131894.877488167,5.057111914e-02,3.811818847e-01,1.147145162e-01,1.192910977e+00,6.680421182e+00,7.675960160e+00
131894.887495167,8.523227993e-02,3.255895747e-01,6.041949933e-02,1.091307044e+00,6.767360630e+00,7.574505865e+00
131894.897502167,1.129889848e-01,2.733782252e-01,2.505082752e-02,8.825625870e-01,6.880187383e+00,7.495796485e+00
131894.907508167,1.250037977e-01,2.376181367e-01,1.642600940e-02,6.569090805e-01,6.933907283e+00,7.353940037e+00
131894.917515167,1.311021579e-01,2.193151126e-01,2.331946299e-02,4.873696754e-01,6.978499289e+00,7.204900983e+00
131894.927522167,1.329505778e-01,2.069494026e-01,3.752195474e-02,4.041711678e-01,6.957101112e+00,7.120505375e+00
131894.937528167,1.351065993e-01,2.027182030e-01,5.341615302e-02,3.474585159e-01,6.961290965e+00,7.058405769e+00
131894.947535167,1.363926491e-01,1.956997908e-01,5.451914813e-02,3.523965569e-01,7.012467025e+00,6.992415586e+00
131894.957542167,1.300451116e-01,1.917982740e-01,4.787404219e-02,3.721487206e-01,7.068880402e+00,6.898742446e+00
131894.967549167,1.031505602e-01,1.881495579e-01,3.483763754e-02,3.455132271e-01,7.158363689e+00,6.689399438e+00
131894.977555167,6.692463720e-02,1.938824664e-01,2.656362730e-02,2.952349922e-01,7.188440847e+00,6.494272003e+00
131894.987562167,2.432232660e-02,1.990535868e-01,3.123493796e-02,1.937806969e-01,7.268048052e+00,6.359598160e+00
131894.997569167,-1.713835856e-02,2.030634546e-01,4.511579279e-02,7.302315063e-02,7.325059979e+00,6.288520298e+00
131895.007575167,-4.437469040e-02,2.071653337e-01,6.939081868e-02,-1.735796204e-02,7.345410693e+00,6.323086584e+00
131895.017582167,-4.452127204e-02,2.059549218e-01,1.006118619e-01,-6.449380722e-02,7.335235336e+00,6.526593726e+00
131895.027589167,-2.161969604e-02,1.956497058e-01,1.223929041e-01,-3.920505219e-02,7.406163560e+00,6.786813519e+00
131895.037596167,1.417383726e-02,1.775509568e-01,1.221950505e-01,9.472060318e-02,7.437737095e+00,6.946626479e+00
131895.047602167,5.040909400e-02,1.517709884e-01,9.855966268e-02,2.688987740e-01,7.452850493e+00,6.981043128e+00
131895.057609167,6.898266233e-02,1.133820203e-01,6.086141147e-02,3.684077805e-01,7.542184142e+00,6.928819604e+00
131895.067616167,6.731754099e-02,8.256062603e-02,1.686832123e-02,4.381389038e-01,7.520486690e+00,6.724414638e+00
131895.077622167,4.623349638e-02,7.562321510e-02,-2.043149869e-02,4.958990189e-01,7.438485283e+00,6.498761131e+00
131895.087629167,3.294654636e-02,7.683273947e-02,-4.457371298e-02,4.698620758e-01,7.362319743e+00,6.487388673e+00
131895.097636167,4.079047334e-02,7.054723043e-02,-4.921569002e-02,3.574842354e-01,7.240814008e+00,6.676829880e+00
131895.107642167,6.833762944e-02,4.721552300e-02,-4.657960249e-02,2.395698036e-01,7.092223868e+00,6.889016002e+00
131895.117649167,1.066522838e-01,2.364583233e-02,-3.674633133e-02,1.669955658e-01,7.001393842e+00,7.024138758e+00
131895.127656167,1.414613310e-01,-6.922491184e-04,-3.717786989e-02,2.045546043e-01,6.848464211e+00,7.022492744e+00
131895.137663167,1.672571156e-01,-2.625390455e-02,-4.293332446e-02,3.342904068e-01,6.804770031e+00,6.963086616e+00
131895.147669167,1.732854251e-01,-5.605769656e-02,-6.412573151e-02,3.734954590e-01,6.839635593e+00,6.782474028e+00
131895.157676167,1.582453526e-01,-9.999496733e-02,-9.763684113e-02,4.122515984e-01,6.861781958e+00,6.580612901e+00
131895.167683167,1.459330163e-01,-1.382799472e-01,-1.457190954e-01,4.279635468e-01,6.907421427e+00,6.438906090e+00
131895.177689167,1.333807789e-01,-1.612181622e-01,-1.826753291e-01,3.902548706e-01,6.894702231e+00,6.459256804e+00
131895.187696167,1.309429158e-01,-1.743005481e-01,-1.944788972e-01,2.370259644e-01,6.886771438e+00,6.473322739e+00
131895.197703167,1.292223913e-01,-1.947602285e-01,-1.935716256e-01,5.147533569e-02,6.883329773e+00,6.495469104e+00
131895.207710167,1.506024787e-01,-2.246943982e-01,-1.959662415e-01,-5.985504150e-03,6.872406228e+00,6.540958936e+00
131895.217716167,1.801615377e-01,-2.603669856e-01,-1.747257472e-01,-4.953004684e-02,6.891110928e+00,6.673088940e+00
131895.227723167,2.123087612e-01,-3.071508202e-01,-1.620999939e-01,-1.845031654e-01,6.970718134e+00,6.697030956e+00
131895.237730167,2.334787555e-01,-3.508841846e-01,-1.624217766e-01,-1.408089851e-01,7.028478249e+00,6.611737522e+00
131895.247736167,2.373138789e-01,-3.960740011e-01,-1.671261473e-01,-1.366191322e-01,7.230788289e+00,6.494571278e+00
131895.257743167,2.200533885e-01,-4.257804260e-01,-1.909714550e-01,-8.619125977e-02,7.311293320e+00,6.277447115e+00
131895.267750167,1.869872350e-01,-4.363041487e-01,-2.101031772e-01,-3.740940094e-03,7.361421917e+00,6.101024380e+00
131895.277757167,1.445642430e-01,-4.254502195e-01,-2.067949138e-01,-7.526771469e-02,7.440131297e+00,6.080673666e+00
131895.287763167,9.920578404e-02,-4.004684210e-01,-1.846166575e-01,-1.665466530e-01,7.437587457e+00,6.097433078e+00
131895.297770167,8.132738767e-02,-3.677793704e-01,-1.518249745e-01,-2.066495308e-01,7.523329804e+00,6.287023922e+00
131895.307777167,8.140934642e-02,-3.387496514e-01,-1.103560679e-01,-2.100911957e-01,7.690774283e+00,6.631639323e+00
131895.317783167,7.983639537e-02,-3.113390266e-01,-6.314221569e-02,-1.767220100e-01,7.831283993e+00,6.800729816e+00
131895.327790167,4.900972428e-02,-2.863669904e-01,-2.456483058e-02,-3.950432739e-02,7.921515468e+00,6.687603787e+00
131895.337797167,1.752568489e-02,-2.532430801e-01,-6.972640022e-03,2.519897247e-01,7.973439716e+00,6.562506750e+00
131895.347804167,-1.547106621e-02,-2.085178223e-01,4.958770815e-03,5.680243439e-01,8.023867589e+00,6.574178484e+00
131895.357810167,-5.147305633e-02,-1.709144433e-01,9.056806990e-03,8.527847038e-01,7.965060011e+00,6.609044045e+00
131895.367817167,-7.860274404e-02,-1.420517951e-01,9.226738439e-04,1.148917522e+00,7.780407207e+00,6.636427727e+00
131895.377824167,-9.313880275e-02,-1.302515662e-01,-1.340284855e-02,1.462857214e+00,7.567323260e+00,6.764816791e+00
131895.387830167,-8.877519542e-02,-1.082874892e-01,-4.713346841e-02,1.838297962e+00,7.369651985e+00,6.962488065e+00
131895.397837167,-6.433072398e-02,-9.576294844e-02,-9.843862141e-02,2.183811189e+00,7.217320905e+00,7.073219892e+00
131895.407844167,-3.271880193e-02,-7.999257664e-02,-1.406950248e-01,2.406920856e+00,7.052869178e+00,7.197119828e+00
131895.417850167,-1.239225365e-02,-6.554061519e-02,-1.738655006e-01,2.504185299e+00,6.890213103e+00,7.086687276e+00
131895.427857167,-6.324561639e-03,-7.802369195e-02,-1.964827995e-01,2.522590724e+00,6.702268272e+00,6.858639568e+00
131895.437864167,-1.915226515e-02,-1.305218700e-01,-2.138105469e-01,2.425775195e+00,6.632986062e+00,6.653486414e+00
131895.447871125,-5.551865443e-02,-2.064920799e-01,-2.351376878e-01,2.371606382e+00,6.589441519e+00,6.402394514e+00
131895.457877125,-9.858042451e-02,-2.889207160e-01,-2.617587000e-01,2.388515431e+00,6.593481734e+00,6.244975755e+00
131895.467884125,-1.394980021e-01,-3.671617269e-01,-2.946743586e-01,2.409913609e+00,6.665756697e+00,6.195296071e+00
131895.477891125,-1.727530985e-01,-4.303839779e-01,-3.210034402e-01,2.392406009e+00,6.763320415e+00,6.212654033e+00
131895.487897125,-1.959807440e-01,-4.600942039e-01,-3.296379339e-01,2.340032848e+00,6.840234143e+00,6.286874284e+00
131895.497904125,-2.256247208e-01,-4.521662621e-01,-3.201877429e-01,2.259527817e+00,6.885723975e+00,6.282534794e+00
131895.507911125,-2.592955240e-01,-4.128932718e-01,-2.843513602e-01,2.101510507e+00,6.945279741e+00,6.256647488e+00
131895.517918125,-2.674860060e-01,-3.456177476e-01,-2.069177096e-01,1.902043581e+00,6.970867771e+00,6.372766269e+00
131895.527924125,-2.811693697e-01,-2.702017128e-01,-1.081934127e-01,1.706467233e+00,6.996605439e+00,6.490082150e+00
131895.537931125,-2.945040741e-01,-1.970693362e-01,-3.706238369e-02,1.817348698e+00,6.850559138e+00,6.517914745e+00
131895.547938125,-2.842867899e-01,-1.592890013e-01,-4.582612632e-03,2.005892078e+00,6.799532715e+00,6.673388215e+00
131895.557944125,-2.585423961e-01,-1.615766971e-01,-1.325853422e-02,2.207005018e+00,6.719925510e+00,6.864325797e+00
131895.567951125,-2.283913121e-01,-1.851475623e-01,-6.904950251e-02,2.474108141e+00,6.626102732e+00,6.926724678e+00
131895.577958125,-1.969004446e-01,-2.272447173e-01,-1.531588018e-01,2.634370014e+00,6.553827769e+00,6.944531553e+00
131895.587965125,-1.745687352e-01,-2.603442659e-01,-2.274439459e-01,2.581398302e+00,6.516418369e+00,6.886322525e+00
131895.597971125,-1.729089158e-01,-2.881879102e-01,-2.811865624e-01,2.397344050e+00,6.458209341e+00,6.720075147e+00
131895.607978125,-1.748273788e-01,-3.011331757e-01,-2.940581322e-01,2.104952172e+00,6.436212613e+00,6.631489686e+00
131895.617985125,-1.787240873e-01,-2.977281186e-01,-2.791315467e-01,1.785475888e+00,6.496217292e+00,6.633285337e+00
131895.627991125,-1.735969713e-01,-2.854575450e-01,-2.451846443e-01,1.583016210e+00,6.543053862e+00,6.685359223e+00
131895.637998125,-1.660618387e-01,-2.806961247e-01,-2.023947636e-01,1.417816296e+00,6.570736819e+00,6.722618987e+00
131895.648005125,-1.601117461e-01,-2.933348233e-01,-1.707186873e-01,1.348234810e+00,6.595127748e+00,6.700921534e+00
131895.658011125,-1.507467162e-01,-3.159033445e-01,-1.584693132e-01,1.336263802e+00,6.681618283e+00,6.698377695e+00
131895.668018125,-1.576440734e-01,-3.417628361e-01,-1.692687495e-01,1.424699625e+00,6.783371854e+00,6.642413231e+00
131895.678025125,-1.689191368e-01,-3.661314184e-01,-1.970142604e-01,1.561618033e+00,6.839785230e+00,6.557867985e+00
131895.688032125,-1.657942029e-01,-3.824949253e-01,-2.305502457e-01,1.636586472e+00,6.813598650e+00,6.622661067e+00
131895.698038125,-1.391827951e-01,-3.964579947e-01,-2.487687407e-01,1.603217287e+00,6.824671832e+00,6.880636296e+00
131895.708045125,-9.104315975e-02,-4.004771105e-01,-2.535835622e-01,1.567453899e+00,6.774243960e+00,7.151181084e+00
131895.718052125,-4.392729369e-02,-3.983489132e-01,-2.437560516e-01,1.546504635e+00,6.706158850e+00,7.269095515e+00
131895.728058125,-4.744907998e-03,-3.860894892e-01,-2.171680887e-01,1.484105754e+00,6.655282065e+00,7.248146251e+00
131895.738065125,2.327589567e-02,-3.830650155e-01,-1.958594060e-01,1.465999604e+00,6.563105301e+00,7.140257539e+00
131895.748072125,4.248561486e-02,-3.844887661e-01,-1.755892549e-01,1.479766264e+00,6.524199524e+00,7.041047807e+00
131895.758079125,4.747863641e-02,-3.770771231e-01,-1.674932147e-01,1.501912629e+00,6.533776331e+00,6.871957315e+00
131895.768085125,2.526436702e-02,-3.430909521e-01,-1.640525586e-01,1.524807182e+00,6.606949119e+00,6.635529901e+00
131895.778092125,-3.137743364e-02,-2.840885244e-01,-1.611172211e-01,1.536030003e+00,6.646453446e+00,6.324732598e+00
131895.788099125,-9.970189911e-02,-2.210792165e-01,-1.395173624e-01,1.394472829e+00,6.597073037e+00,6.110451550e+00
131895.798105125,-1.512219639e-01,-1.613863709e-01,-8.816926494e-02,1.114351235e+00,6.578966887e+00,6.190358030e+00
131895.808112125,-1.705638275e-01,-9.319529404e-02,-1.527506981e-02,8.689455650e-01,6.542455312e+00,6.491129613e+00
131895.818119125,-1.505359263e-01,-7.060147107e-03,8.337767264e-02,7.600093895e-01,6.496067654e+00,6.926126128e+00
131895.828126125,-9.484680997e-02,8.286601873e-02,2.002718769e-01,7.531260597e-01,6.513425616e+00,7.368305247e+00
131895.838132125,-2.532105600e-02,1.445806307e-01,3.007410710e-01,8.584709328e-01,6.603806729e+00,7.637353658e+00
131895.848139125,1.972208881e-02,1.694932393e-01,3.539397491e-01,1.171213525e+00,6.658125179e+00,7.546074720e+00
131895.858146125,2.612035594e-02,1.416634215e-01,3.496769783e-01,1.603666199e+00,6.696282768e+00,7.159560789e+00
131895.868152125,-3.293275329e-03,1.054552759e-01,2.989292844e-01,2.025344967e+00,6.705709937e+00,6.751947957e+00
131895.878159125,-4.295964477e-02,7.640870497e-02,2.154686328e-01,2.426224107e+00,6.708702689e+00,6.511181052e+00
131895.888166125,-6.720003572e-02,7.893674105e-02,1.260976362e-01,2.673275791e+00,6.696731681e+00,6.579415800e+00
131895.898172125,-6.963328230e-02,1.032923623e-01,7.181503315e-02,2.663848622e+00,6.655730978e+00,6.839635593e+00
131895.908179125,-6.533748895e-02,1.332104060e-01,5.991737820e-02,2.402581366e+00,6.624307081e+00,7.056610118e+00
131895.918186125,-4.625124931e-02,1.563205557e-01,8.699675211e-02,2.070086610e+00,6.565349865e+00,7.196222002e+00
131895.928193125,-1.834002451e-02,1.681708794e-01,1.432137644e-01,1.805676965e+00,6.565948415e+00,7.401375157e+00
131895.938199125,1.978259966e-02,1.786705139e-01,2.019551289e-01,1.685966882e+00,6.654683514e+00,7.494300109e+00
131895.948206125,6.109625756e-02,1.777610078e-01,2.438175972e-01,1.814355946e+00,6.710647978e+00,7.489212431e+00
131895.958213125,8.772734953e-02,1.634814055e-01,2.450741894e-01,2.102857246e+00,6.810156985e+00,7.369352710e+00
131895.968219125,8.613148978e-02,1.375338128e-01,2.007901801e-01,2.540696874e+00,6.821978355e+00,7.079803947e+00
131895.978226125,8.252071830e-02,1.014991274e-01,1.181406144e-01,2.949806083e+00,6.793547211e+00,6.850858413e+00
131895.988233125,8.842348252e-02,5.862391173e-02,2.338118811e-02,3.187430598e+00,6.814795750e+00,6.858041018e+00
131895.998240125,9.912213018e-02,3.394663375e-02,-7.161751541e-02,3.273771495e+00,6.824222919e+00,6.904578313e+00
131896.008246125,1.177250567e-01,2.832092842e-02,-1.385576594e-01,3.188627699e+00,6.780828014e+00,6.958148575e+00
131896.018253125,1.411841228e-01,3.659367350e-02,-1.698315459e-01,2.928108630e+00,6.791751559e+00,7.047482224e+00
131896.028260125,1.587027081e-01,5.598482941e-02,-1.816837755e-01,2.630629074e+00,6.841131969e+00,7.002740581e+00
131896.038266125,1.568418685e-01,8.321234701e-02,-1.727519146e-01,2.408866145e+00,6.852354789e+00,6.842927620e+00
131896.048273125,1.470335221e-01,1.057201335e-01,-1.387127753e-01,2.151639104e+00,6.905176863e+00,6.694786392e+00
131896.058280125,1.205864952e-01,1.357235207e-01,-1.071016385e-01,1.997961285e+00,6.978648927e+00,6.569090805e+00
131896.068287125,8.630023502e-02,1.630158251e-01,-8.467341590e-02,2.049735896e+00,6.995408338e+00,6.391620607e+00
131896.078293125,6.234897511e-02,1.832139572e-01,-7.182380255e-02,2.133832230e+00,7.049726788e+00,6.383540176e+00
131896.088300125,5.010887561e-02,1.939802068e-01,-8.160858281e-02,2.222268053e+00,7.126191604e+00,6.412270596e+00
131896.098307125,3.676164803e-02,1.807177573e-01,-1.027404481e-01,2.301875259e+00,7.189039397e+00,6.389824956e+00
131896.108313125,1.477636251e-02,1.507558545e-01,-1.399201700e-01,2.216881100e+00,7.280767249e+00,6.276549290e+00
131896.118320125,-3.697776511e-03,1.113336557e-01,-1.829239021e-01,2.207753206e+00,7.276128483e+00,6.160131234e+00
131896.128327125,-3.881186965e-03,6.630542528e-02,-2.292456547e-01,2.126499987e+00,7.294084995e+00,6.252607273e+00
131896.138333125,5.046776548e-03,1.983116140e-02,-2.619597749e-01,1.973869631e+00,7.293187170e+00,6.435015512e+00
131896.148340125,2.691361146e-02,-6.572853877e-03,-2.638399964e-01,1.785625526e+00,7.190386136e+00,6.625204906e+00
131896.158347125,6.394790348e-02,1.756236198e-02,-2.394460566e-01,1.615337933e+00,7.176918752e+00,6.830208424e+00
131896.168354125,9.979868998e-02,9.410769071e-02,-1.803674735e-01,1.562366221e+00,7.102848138e+00,7.015010864e+00
131896.178360125,1.138618834e-01,1.902201837e-01,-1.019103610e-01,1.463455765e+00,7.191882512e+00,7.045836211e+00
131896.188367125,8.711776035e-02,2.696962653e-01,-2.773514133e-02,1.408239489e+00,7.247846976e+00,6.744316439e+00
131896.198374125,2.092840693e-02,3.137452513e-01,1.677041942e-02,1.459265912e+00,7.287351303e+00,6.308871012e+00
131896.208380125,-6.203036331e-02,3.234323560e-01,2.464830738e-02,1.606808589e+00,7.310245856e+00,6.021417175e+00
131896.218387125,-1.291388370e-01,3.099830646e-01,-7.516839823e-03,1.826177316e+00,7.297377023e+00,5.976825169e+00
131896.228394125,-1.677135990e-01,2.799082185e-01,-5.308899951e-02,2.002600051e+00,7.267898415e+00,6.180930861e+00
131896.238401125,-1.755637678e-01,2.310960938e-01,-1.053932865e-01,2.021604027e+00,7.214328152e+00,6.448333259e+00
131896.248407125,-1.681472773e-01,1.592227477e-01,-1.527774132e-01,1.921346832e+00,7.122600301e+00,6.682516109e+00
131896.258414125,-1.540705786e-01,6.178476392e-02,-1.833643129e-01,1.739088231e+00,7.029525712e+00,6.882581585e+00
131896.268421125,-1.432504978e-01,-1.427317138e-02,-2.071228707e-01,1.573888316e+00,6.925826852e+00,6.912209830e+00
131896.278427125,-1.172883165e-01,-7.039412664e-02,-2.060504846e-01,1.494131474e+00,6.796988876e+00,7.033565927e+00
131896.288434125,-9.023685551e-02,-9.567819144e-02,-1.848621234e-01,1.361851832e+00,6.811952636e+00,7.202656419e+00
131896.298441125,-7.271681698e-02,-1.046636052e-01,-1.557476933e-01,1.312321785e+00,6.781725840e+00,7.199214754e+00
131896.308447125,-6.682061998e-02,-1.035030158e-01,-1.258776516e-01,1.299004038e+00,6.708253777e+00,7.097461184e+00
131896.318454125,-7.080646436e-02,-9.843579505e-02,-1.025565160e-01,1.318307289e+00,6.682216833e+00,6.963685166e+00
131896.328461125,-9.005748944e-02,-8.754267832e-02,-9.512924549e-02,1.391031165e+00,6.718878046e+00,6.786065331e+00
131896.338468125,-1.290586677e-01,-6.759570329e-02,-9.640616472e-02,1.470937645e+00,6.734141082e+00,6.585850217e+00
131896.348474125,-1.780488709e-01,-4.182600752e-02,-9.863979699e-02,1.491737272e+00,6.749404118e+00,6.452523112e+00
131896.358481125,-2.088368861e-01,9.873355470e-04,-9.537184403e-02,1.435473533e+00,6.736535284e+00,6.486939761e+00
131896.368488125,-2.294491932e-01,5.197630091e-02,-7.921398599e-02,1.316062725e+00,6.716483845e+00,6.683713210e+00
131896.378494125,-2.294781686e-01,1.041005983e-01,-4.920352651e-02,1.154603751e+00,6.629394759e+00,6.938546049e+00
131896.388501125,-2.115978199e-01,1.375550483e-01,-7.102462669e-03,9.853636208e-01,6.478709692e+00,7.196820553e+00
131896.398508125,-1.811087359e-01,1.418941480e-01,2.820384791e-02,8.623615105e-01,6.368576416e+00,7.421875509e+00
131896.408515125,-1.340983610e-01,1.150828750e-01,4.565300333e-02,8.566752815e-01,6.272209799e+00,7.576750429e+00
131896.418521125,-8.775469454e-02,7.762842983e-02,4.581368572e-02,9.440636421e-01,6.177788471e+00,7.643039887e+00
131896.428528125,-5.951394870e-02,3.604298155e-02,2.239871389e-02,1.083376251e+00,6.104316408e+00,7.556399715e+00
131896.438535125,-4.404110299e-02,-1.385549566e-03,-4.097341791e-03,1.217601182e+00,6.020968262e+00,7.429058114e+00
131896.448541500,-3.949411132e-02,-2.885468659e-02,-4.277583830e-02,1.300051501e+00,5.972635316e+00,7.309348031e+00
131896.458548500,-3.737612556e-02,-4.459814948e-02,-8.604951810e-02,1.389983701e+00,5.950339314e+00,7.255927406e+00
131896.468555500,-3.370887719e-02,-4.651104131e-02,-1.288619756e-01,1.391779353e+00,5.981015022e+00,7.278373047e+00
131896.478562500,-2.986506689e-02,-3.906194143e-02,-1.678579319e-01,1.309478671e+00,5.992986031e+00,7.294234633e+00
131896.488568500,-2.754803087e-02,-4.371051454e-02,-1.838398479e-01,1.111508121e+00,5.992537118e+00,7.338677001e+00
131896.498575500,-4.103332375e-02,-5.130307179e-02,-1.788558955e-01,8.128314636e-01,5.978022270e+00,7.317877374e+00
131896.508582500,-5.305388692e-02,-4.754688055e-02,-1.536556199e-01,5.599439133e-01,5.961412496e+00,7.260117259e+00
131896.518588500,-6.344120171e-02,-4.584172034e-02,-1.081704144e-01,3.829226280e-01,5.997475159e+00,7.289895142e+00
131896.528595500,-7.926125886e-02,-3.998358370e-02,-5.736572857e-02,2.745850029e-01,6.087108083e+00,7.296179922e+00
131896.538602500,-1.013815961e-01,-3.922473348e-02,-8.931943439e-03,2.401683540e-01,6.167164201e+00,7.259518709e+00
131896.548609500,-1.215150949e-01,-4.307629405e-02,3.259137890e-02,3.245639626e-01,6.243928292e+00,7.255478493e+00
131896.558615500,-1.405394016e-01,-4.090815720e-02,5.540055486e-02,5.318120438e-01,6.350320628e+00,7.298274848e+00
131896.568622500,-1.532328154e-01,-3.214746995e-02,5.229624193e-02,7.983166161e-01,6.435614063e+00,7.331793671e+00
131896.578629500,-1.503203204e-01,-2.531386197e-02,2.904614092e-02,1.032200191e+00,6.483049183e+00,7.415590730e+00
131896.588635500,-1.332077248e-01,-2.536193667e-02,1.557463707e-03,1.143680206e+00,6.516867281e+00,7.558793916e+00
131896.598642500,-1.068585827e-01,-3.572702531e-02,-2.802077574e-02,1.136497601e+00,6.561908200e+00,7.640795323e+00
131896.608649500,-6.996884352e-02,-6.723629921e-02,-6.243248016e-02,1.075146183e+00,6.556521246e+00,7.681496751e+00
131896.618656500,-1.767732272e-02,-1.060744681e-01,-8.347934351e-02,9.096469933e-01,6.558316898e+00,7.777264818e+00
131896.628662500,3.770367509e-02,-1.521156459e-01,-9.128156657e-02,7.448959915e-01,6.591985358e+00,7.816769145e+00
131896.638669500,7.931093909e-02,-1.954879056e-01,-9.842261983e-02,6.928221054e-01,6.603806729e+00,7.671770307e+00
131896.648676500,9.759917083e-02,-2.338660518e-01,-1.038393163e-01,7.315782448e-01,6.652588588e+00,7.442076585e+00
131896.658682500,9.304261076e-02,-2.443855441e-01,-1.119186997e-01,8.126818260e-01,6.698377695e+00,7.180809329e+00
131896.668689500,6.591347788e-02,-2.247185244e-01,-1.177378511e-01,9.579799393e-01,6.700023708e+00,6.960842052e+00
131896.678696500,1.991898407e-02,-1.759060402e-01,-1.223606776e-01,1.105971529e+00,6.690895815e+00,6.712443629e+00
131896.688703500,-2.825042702e-02,-1.348457735e-01,-1.296103978e-01,1.186626198e+00,6.649446198e+00,6.545448064e+00
131896.698709500,-6.880819925e-02,-1.104895046e-01,-1.381116262e-01,1.160439617e+00,6.602459991e+00,6.546345889e+00
131896.708716500,-9.409594851e-02,-1.184716328e-01,-1.559276764e-01,1.062277349e+00,6.588992606e+00,6.601262890e+00
131896.718723500,-1.023039563e-01,-1.514368892e-01,-1.768297228e-01,9.442132797e-01,6.571185732e+00,6.707804864e+00
131896.728729500,-9.700666124e-02,-2.071057172e-01,-1.978867208e-01,8.286930496e-01,6.525396625e+00,6.816890677e+00
131896.738736500,-8.632560806e-02,-2.664703286e-01,-2.123939182e-01,7.098807922e-01,6.490381425e+00,6.898143896e+00
131896.748743500,-6.670701918e-02,-3.248537596e-01,-2.147734793e-01,6.064812080e-01,6.478859330e+00,7.032817739e+00
131896.758749500,-4.522537535e-02,-3.593582571e-01,-2.110082557e-01,5.466261665e-01,6.514772355e+00,7.150582533e+00
131896.768756500,-2.858131051e-02,-3.678066829e-01,-2.095085995e-01,5.811924530e-01,6.522104597e+00,7.161805354e+00
131896.778763500,-1.826980332e-02,-3.693138187e-01,-2.121757684e-01,6.462848106e-01,6.551882481e+00,7.080701772e+00
131896.788770500,-1.435740076e-02,-3.646588819e-01,-2.116689311e-01,6.727706665e-01,6.572831745e+00,7.007977897e+00
131896.798776500,-2.052768522e-02,-3.631552493e-01,-2.208766552e-01,7.312789696e-01,6.601861440e+00,6.907122152e+00
131896.808783500,-3.559860545e-02,-3.547783490e-01,-2.418524636e-01,8.514379654e-01,6.608146220e+00,6.816441764e+00
131896.818790500,-5.352621487e-02,-3.519988125e-01,-2.651985864e-01,9.460089310e-01,6.651241850e+00,6.831555162e+00
131896.828796500,-7.902161819e-02,-3.578481496e-01,-2.895616977e-01,9.733926125e-01,6.706009212e+00,6.892158392e+00
131896.838803500,-1.101817340e-01,-3.677129429e-01,-3.177691541e-01,1.006462523e+00,6.694038204e+00,6.864325797e+00
131896.848810500,-1.283451204e-01,-3.588615344e-01,-3.447482328e-01,1.001674120e+00,6.683264297e+00,6.965929730e+00
131896.858817500,-1.240637512e-01,-3.392924944e-01,-3.407168747e-01,8.658031754e-01,6.669946550e+00,7.183951719e+00
131896.868823500,-1.066260156e-01,-3.174711475e-01,-3.239015001e-01,6.741174049e-01,6.653336776e+00,7.400926244e+00
131896.878830500,-8.295261233e-02,-3.048873774e-01,-3.021062104e-01,5.307645805e-01,6.641066492e+00,7.518242126e+00
131896.888837500,-4.991196195e-02,-3.248303136e-01,-2.842842387e-01,4.477157104e-01,6.606799481e+00,7.577947530e+00
131896.898843500,-1.642195183e-02,-3.644347081e-01,-2.744980241e-01,4.317044868e-01,6.629394759e+00,7.592761652e+00
131896.908850500,2.891277709e-03,-4.141444168e-01,-3.030668758e-01,5.939116493e-01,6.694038204e+00,7.507318581e+00
131896.918857500,1.268778969e-02,-4.680110013e-01,-3.556191336e-01,8.577227448e-01,6.740874774e+00,7.341819391e+00
131896.928864500,1.855165612e-02,-5.195376585e-01,-4.173907189e-01,1.010502738e+00,6.820182704e+00,7.267748777e+00
131896.938870500,4.470359902e-03,-5.575989011e-01,-4.717372772e-01,1.042674823e+00,6.842927620e+00,7.178864040e+00
131896.948877500,-1.732394810e-02,-5.567992825e-01,-5.026743384e-01,1.021276646e+00,6.813149737e+00,7.065887650e+00
131896.958884500,-2.705488046e-02,-5.181952094e-01,-5.016667278e-01,9.017162003e-01,6.819135241e+00,7.139509351e+00
131896.968890500,-2.667424101e-02,-4.557749685e-01,-4.705095276e-01,7.398083130e-01,6.872256590e+00,7.305756728e+00
131896.978897500,-2.769000040e-02,-4.029364117e-01,-4.299633805e-01,6.301239494e-01,6.894253318e+00,7.372046187e+00
131896.988904500,-1.664927784e-02,-3.877467597e-01,-3.959003475e-01,5.852326683e-01,6.944531553e+00,7.443872237e+00
131896.998910500,-7.800145335e-04,-4.166283546e-01,-3.906924872e-01,6.488286499e-01,7.062146709e+00,7.502979090e+00
131897.008917500,8.163788448e-03,-4.740624219e-01,-4.220156750e-01,8.643067993e-01,7.177966215e+00,7.460781286e+00
131897.018924500,9.562806375e-03,-5.482416524e-01,-4.821938818e-01,1.137545064e+00,7.286154202e+00,7.379228792e+00
131897.028931500,-1.611546097e-02,-6.152766648e-01,-5.617399431e-01,1.452681857e+00,7.339125914e+00,7.179462591e+00
131897.038937500,-5.960007801e-02,-6.622026083e-01,-6.380288044e-01,1.700481729e+00,7.327154906e+00,6.939144599e+00
131897.048944500,-1.066793839e-01,-6.457550928e-01,-6.998434988e-01,1.843086366e+00,7.298274848e+00,6.862979059e+00
131897.058951500,-1.416324844e-01,-5.578247351e-01,-7.357576999e-01,1.950675803e+00,7.205200259e+00,6.974459074e+00
131897.068957500,-1.535302832e-01,-4.444139045e-01,-7.403384616e-01,1.868973671e+00,7.195922727e+00,7.234828504e+00
131897.078964500,-1.692676469e-01,-3.551445512e-01,-7.155781240e-01,1.600074897e+00,7.181707155e+00,7.436839269e+00
131897.088971500,-1.927748401e-01,-3.199813182e-01,-6.887979858e-01,1.329380472e+00,7.132775658e+00,7.420079858e+00
131897.098978500,-2.166218056e-01,-3.412694055e-01,-6.601223585e-01,1.123778404e+00,7.139808626e+00,7.399429868e+00
131897.108984500,-2.234610314e-01,-3.921377773e-01,-6.347786710e-01,9.911994873e-01,7.140856089e+00,7.513902635e+00
131897.118991500,-2.129763458e-01,-4.526626485e-01,-6.071268434e-01,9.870096344e-01,7.083245612e+00,7.663839514e+00
131897.128998500,-1.930084351e-01,-5.111797962e-01,-5.809592281e-01,1.082628063e+00,6.987477545e+00,7.726836945e+00
131897.139004500,-1.720363693e-01,-5.616673958e-01,-5.485648126e-01,1.223885961e+00,6.855497179e+00,7.727285858e+00
131897.149011500,-1.485439334e-01,-5.911369739e-01,-5.153461873e-01,1.438915198e+00,6.688501613e+00,7.682394577e+00
131897.159018500,-1.222727160e-01,-5.931199493e-01,-4.888083577e-01,1.763030247e+00,6.518513295e+00,7.622389898e+00
131897.169025500,-9.402865766e-02,-5.735555549e-01,-4.633149829e-01,2.066644946e+00,6.414964073e+00,7.594108391e+00
131897.179031500,-6.848932693e-02,-5.429583900e-01,-4.444175615e-01,2.282123095e+00,6.325780061e+00,7.533355524e+00
131897.189038500,-5.992456419e-02,-5.208481222e-01,-4.291973903e-01,2.436549102e+00,6.257096401e+00,7.369203072e+00
131897.199045500,-7.318064083e-02,-5.070656786e-01,-4.283256699e-01,2.618209153e+00,6.139181969e+00,7.101351762e+00
131897.209051500,-9.576967541e-02,-4.953640859e-01,-4.415764560e-01,2.827252885e+00,6.007500878e+00,6.807613145e+00
131897.219058500,-1.091838626e-01,-4.913700687e-01,-4.780043986e-01,3.039738283e+00,5.920262155e+00,6.668599812e+00
131897.229065500,-1.118788476e-01,-4.978754376e-01,-5.305263431e-01,3.192667914e+00,5.902006367e+00,6.644059245e+00
131897.239072500,-1.037030775e-01,-5.254832121e-01,-5.792160250e-01,3.106177379e+00,5.894674125e+00,6.632836424e+00
131897.249078500,-9.100127759e-02,-5.699522781e-01,-5.990001924e-01,2.792237686e+00,5.938966856e+00,6.636128452e+00
131897.259085500,-8.689511993e-02,-6.250123453e-01,-6.016530547e-01,2.439990767e+00,6.029048693e+00,6.582857465e+00
131897.269092500,-8.328891919e-02,-6.622740267e-01,-5.885223474e-01,2.175581121e+00,6.207715992e+00,6.502202796e+00
131897.279098500,-8.516968910e-02,-6.835411643e-01,-5.575983030e-01,1.985391727e+00,6.429628558e+00,6.496067654e+00
131897.289105500,-8.883142172e-02,-6.934124730e-01,-5.160589683e-01,1.770212852e+00,6.635080988e+00,6.461501368e+00
131897.299112500,-1.009739523e-01,-6.982188992e-01,-4.686705466e-01,1.619078873e+00,6.785616418e+00,6.416909362e+00
131897.309118500,-1.059758730e-01,-7.004781295e-01,-4.168988356e-01,1.488594882e+00,6.897694983e+00,6.452822387e+00
131897.319125500,-1.087956897e-01,-6.976204515e-01,-3.478126275e-01,1.353472126e+00,7.028478249e+00,6.601113252e+00
131897.329132500,-1.272331282e-01,-7.009740717e-01,-2.912228382e-01,1.358410167e+00,7.095964808e+00,6.655431702e+00
131897.339139500,-1.481435005e-01,-6.939919713e-01,-2.470868859e-01,1.550245575e+00,7.096563358e+00,6.631040773e+00
131897.349145500,-1.601469942e-01,-6.682893017e-01,-2.185351693e-01,1.823932752e+00,7.090278579e+00,6.720823335e+00
131897.359152500,-1.639303134e-01,-6.193284475e-01,-2.182519003e-01,2.228702470e+00,7.104194876e+00,6.854898628e+00
131897.369159500,-1.717457539e-01,-5.514690666e-01,-2.479441075e-01,2.670133401e+00,7.027430785e+00,6.879738470e+00
131897.379165500,-1.756907854e-01,-4.860763530e-01,-2.944335876e-01,2.944868042e+00,6.926275765e+00,6.885125424e+00
131897.389172500,-1.750126759e-01,-4.431090912e-01,-3.436129116e-01,2.997989391e+00,6.802076554e+00,6.883030498e+00
131897.399179500,-1.623280698e-01,-4.315477384e-01,-3.955721118e-01,2.863465186e+00,6.650942574e+00,6.923881564e+00
131897.409186500,-1.170331154e-01,-4.510660733e-01,-4.356578444e-01,2.572868959e+00,6.528688652e+00,7.035361578e+00
131897.419192500,-5.583472296e-02,-4.969803993e-01,-4.608044421e-01,2.246060432e+00,6.402693790e+00,7.261314360e+00
131897.429199500,-2.396669784e-04,-5.556625849e-01,-4.793480003e-01,1.973869631e+00,6.217442436e+00,7.236025605e+00
131897.439206500,6.264773408e-02,-6.156037514e-01,-4.972230377e-01,1.788618278e+00,6.207117442e+00,7.166893032e+00
131897.449212500,1.060818826e-01,-6.530464910e-01,-5.152008132e-01,1.702277380e+00,6.259490603e+00,7.070825690e+00
131897.459219500,1.064784401e-01,-6.621838170e-01,-5.304945122e-01,1.715744765e+00,6.410325307e+00,6.719925510e+00
131897.469226500,7.237960299e-02,-6.576434379e-01,-5.388984428e-01,1.685667606e+00,6.565798778e+00,6.308721375e+00
131897.479233500,1.642762008e-02,-6.309691513e-01,-5.324609112e-01,1.656039361e+00,6.727108115e+00,6.043413903e+00
131897.489239500,-4.599513453e-02,-5.795810997e-01,-5.204121274e-01,1.678185726e+00,6.858489931e+00,5.953032790e+00
131897.499246500,-1.092406459e-01,-4.975468437e-01,-4.958481664e-01,1.694645863e+00,6.940042425e+00,5.931185700e+00
131897.509253500,-1.613869305e-01,-4.066439383e-01,-4.574646644e-01,1.651550233e+00,6.930914531e+00,6.007500878e+00
131897.519259500,-1.978192119e-01,-3.252135819e-01,-4.023693845e-01,1.553238327e+00,6.896497882e+00,6.161178697e+00
131897.529266500,-2.216588464e-01,-2.773255254e-01,-3.459070466e-01,1.424101075e+00,6.829909148e+00,6.361693086e+00
131897.539273500,-2.327117584e-01,-2.576500203e-01,-3.062492437e-01,1.405845287e+00,6.702268272e+00,6.509385401e+00
131897.549279500,-2.142010056e-01,-2.580683621e-01,-2.717109287e-01,1.452831495e+00,6.570287906e+00,6.763170777e+00
131897.559286500,-1.599814811e-01,-2.851489368e-01,-2.449287169e-01,1.431283680e+00,6.557419072e+00,7.114220596e+00
131897.569293500,-9.365083529e-02,-3.365018425e-01,-2.303020116e-01,1.390881527e+00,6.544250963e+00,7.357082426e+00
131897.579300500,-2.007209078e-02,-3.737605241e-01,-2.313606855e-01,1.528398485e+00,6.480654981e+00,7.391648713e+00
131897.589306500,3.644122336e-02,-3.841879648e-01,-2.401494659e-01,1.736394754e+00,6.488735412e+00,7.340173377e+00
131897.599313500,6.148989791e-02,-3.725371669e-01,-2.479639718e-01,1.860743603e+00,6.562506750e+00,7.168838321e+00
131897.609320500,6.389173431e-02,-3.565585571e-01,-2.536509127e-01,1.889623660e+00,6.603357816e+00,6.895749694e+00
131897.619326500,3.687942624e-02,-3.425476730e-01,-2.534380528e-01,1.884087069e+00,6.664858871e+00,6.618022301e+00
131897.629333500,-4.260658594e-03,-3.185532001e-01,-2.515328606e-01,1.904138508e+00,6.738779848e+00,6.380846700e+00
131897.639340500,-3.205574979e-02,-2.909840200e-01,-2.448532196e-01,1.942595372e+00,6.826168208e+00,6.362291637e+00
131897.649347500,-5.139732815e-02,-2.564327541e-01,-2.450186030e-01,2.021005476e+00,6.854599353e+00,6.461052455e+00
131897.659353500,-6.427041502e-02,-2.237237451e-01,-2.499810092e-01,2.071433349e+00,6.844423996e+00,6.506991199e+00
131897.669360500,-5.601647056e-02,-1.921235643e-01,-2.601547504e-01,2.027739169e+00,6.829909148e+00,6.625204906e+00
131897.679367500,-2.976670609e-02,-1.831782168e-01,-2.708907532e-01,1.921945383e+00,6.813748287e+00,6.806266407e+00
131897.689373500,8.093997988e-03,-1.934454495e-01,-2.815352430e-01,1.737741492e+00,6.785017867e+00,6.932859820e+00
131897.699380500,3.616273370e-02,-2.052076683e-01,-2.959005134e-01,1.586308237e+00,6.771700121e+00,6.944232278e+00
131897.709387500,5.345886433e-02,-2.217018874e-01,-3.088998625e-01,1.488744520e+00,6.774094322e+00,6.855347541e+00
131897.719394500,5.183582346e-02,-2.286215697e-01,-3.076623082e-01,1.407042388e+00,6.792948660e+00,6.733692169e+00
131897.729400500,3.743811779e-02,-2.266129096e-01,-3.025940556e-01,1.395819568e+00,6.865522898e+00,6.632088236e+00
131897.739407500,1.114943780e-02,-2.085428433e-01,-3.048036060e-01,1.506401757e+00,6.922534825e+00,6.534674156e+00
131897.749414500,-1.306151886e-02,-1.721289498e-01,-2.988385855e-01,1.661127039e+00,6.951414883e+00,6.522104597e+00
131897.759420500,-3.674719932e-02,-1.314904946e-01,-2.868942459e-01,1.743876634e+00,7.013664126e+00,6.543203500e+00
131897.769427500,-5.673830402e-02,-9.339713078e-02,-2.798741068e-01,1.820042175e+00,7.051522440e+00,6.529586478e+00
131897.779434500,-7.727292520e-02,-4.912619964e-02,-2.820897697e-01,1.948880151e+00,7.034314115e+00,6.506093374e+00
131897.789440500,-8.975690137e-02,-6.961613038e-05,-2.958075088e-01,2.095525003e+00,7.035511216e+00,6.495768379e+00
131897.799447500,-1.046508864e-01,3.715181948e-02,-3.155989811e-01,2.160617361e+00,7.024288396e+00,6.461202093e+00
131897.809454500,-1.161104583e-01,5.370460086e-02,-3.350189995e-01,2.175281846e+00,7.022642382e+00,6.388927130e+00
131897.819461500,-1.193450974e-01,3.916272017e-02,-3.672259349e-01,2.221070953e+00,7.077559383e+00,6.367379315e+00
131897.829467500,-1.100913205e-01,-1.193811710e-04,-3.974402364e-01,2.334795531e+00,7.222707858e+00,6.402244877e+00
131897.839474500,-8.930455753e-02,-3.953866636e-02,-4.588787094e-01,2.406172668e+00,7.358728440e+00,6.367080040e+00
131897.849481500,-6.730111823e-02,-7.677078252e-02,-5.482090217e-01,2.602197929e+00,7.536198638e+00,6.363339100e+00
131897.859487500,-4.445552358e-02,-1.004005970e-01,-6.260045168e-01,2.669834126e+00,7.569118911e+00,6.366032577e+00
131897.869494500,-2.415608524e-02,-1.220925490e-01,-6.876693598e-01,2.516156307e+00,7.525275093e+00,6.403741253e+00
131897.879501500,-2.093794933e-02,-1.382869106e-01,-7.436137721e-01,2.288557512e+00,7.532158423e+00,6.417358275e+00
131897.889508500,-3.191177730e-02,-1.565724700e-01,-7.737949647e-01,1.971026517e+00,7.489062793e+00,6.416759724e+00
131897.899514500,-4.066523561e-02,-1.779549817e-01,-7.779449290e-01,1.586457875e+00,7.332392222e+00,6.558017622e+00
131897.909521500,-5.626389694e-02,-1.931311659e-01,-7.677177844e-01,1.229721828e+00,7.241861472e+00,6.782324390e+00
131897.919528500,-6.810467950e-02,-2.071876988e-01,-7.306868227e-01,8.894459167e-01,7.135469135e+00,6.969670670e+00
131897.929534500,-1.012427576e-01,-2.251774298e-01,-6.666758253e-01,5.394435616e-01,7.074267355e+00,7.047033311e+00
131897.939541500,-1.504342751e-01,-2.495988983e-01,-6.030185899e-01,3.468599655e-01,7.013215213e+00,6.970718134e+00
131897.949548500,-2.082682498e-01,-2.684579652e-01,-5.716662055e-01,3.760392982e-01,7.022193469e+00,6.916549321e+00
131897.959555500,-2.636558973e-01,-2.702976334e-01,-5.552094085e-01,5.689221695e-01,7.035062303e+00,6.942735902e+00
131897.969561500,-3.113995469e-01,-2.565361452e-01,-5.524474808e-01,7.383119370e-01,7.006930434e+00,7.034613390e+00
131897.979568500,-3.545390128e-01,-2.256194928e-01,-5.412392135e-01,8.227075455e-01,6.852654064e+00,7.144148116e+00
131897.989575500,-3.869695814e-01,-1.799631829e-01,-5.052998495e-01,7.025485497e-01,6.721421886e+00,7.360973004e+00
131897.999581500,-4.103524320e-01,-1.351774850e-01,-4.464251323e-01,5.155015450e-01,6.520308946e+00,7.567173622e+00
131898.009588500,-4.019497315e-01,-9.314095133e-02,-3.670118192e-01,2.820668831e-01,6.226121417e+00,7.816918783e+00
131898.019595500,-3.426948609e-01,-5.264527295e-02,-2.617470817e-01,8.215104446e-02,5.954529166e+00,8.286930496e+00
131898.029602500,-2.286292737e-01,-2.027979503e-02,-1.615380003e-01,-3.277063522e-02,5.833023432e+00,8.860641069e+00
131898.039608500,-8.465434323e-02,1.630929043e-03,-8.959231940e-02,4.623801956e-02,5.730072761e+00,9.234884716e+00
131898.049615500,3.672332166e-02,-2.936931968e-03,-6.150555208e-02,2.804208694e-01,5.691166984e+00,9.199121329e+00
131898.059622500,9.989016837e-02,-4.229894282e-02,-7.908854197e-02,6.269815598e-01,5.656451060e+00,8.731653455e+00
131898.069628500,1.016289643e-01,-1.068160184e-01,-1.302440006e-01,9.687538467e-01,5.632359406e+00,8.094197263e+00
131898.079635500,7.616296518e-02,-1.793879176e-01,-2.086871111e-01,1.238400809e+00,5.573402190e+00,7.583633759e+00
131898.089642500,6.068898448e-02,-2.344869164e-01,-2.830927081e-01,1.421557236e+00,5.660790550e+00,7.436988907e+00
131898.099648500,6.192104131e-02,-2.752917151e-01,-3.275697034e-01,1.341351480e+00,5.750722750e+00,7.528118208e+00
131898.109655500,5.985288326e-02,-3.048670441e-01,-3.352865502e-01,1.161786356e+00,5.747729998e+00,7.583184846e+00
131898.119662500,5.417959157e-02,-3.130901056e-01,-3.122965180e-01,9.980828171e-01,5.654954684e+00,7.523479442e+00
131898.129669500,4.992714692e-02,-3.012591072e-01,-2.604596251e-01,8.690952026e-01,5.582679721e+00,7.524077992e+00
131898.139675500,4.112917939e-02,-2.737760566e-01,-2.069757521e-01,7.914332863e-01,5.601534059e+00,7.468412804e+00
131898.149682500,2.331324995e-02,-2.426028164e-01,-1.509654530e-01,7.610568527e-01,5.596745656e+00,7.338078451e+00
131898.159689500,-1.912322785e-03,-2.273250960e-01,-8.699756354e-02,6.438906090e-01,5.693860461e+00,7.249492989e+00
131898.169695500,-2.039708239e-02,-2.351284259e-01,-2.651715823e-02,5.798457146e-01,5.819855323e+00,7.203554245e+00
131898.179702500,-2.207275229e-02,-2.571689871e-01,1.281720639e-02,5.973533142e-01,6.019920799e+00,7.234229954e+00
131898.189709500,-9.446378344e-03,-2.940211557e-01,3.060755468e-02,7.113771683e-01,6.201880125e+00,7.300818687e+00
131898.199716500,2.153066172e-02,-3.402133829e-01,2.895747889e-02,8.872013527e-01,6.321141296e+00,7.333888598e+00
131898.209722500,5.472548201e-02,-3.866027943e-01,6.231248664e-03,1.074397995e+00,6.472125638e+00,7.346308519e+00
131898.219729500,9.078101351e-02,-4.461431303e-01,-2.750122936e-02,1.266083765e+00,6.597222675e+00,7.254580668e+00
131898.229736500,1.133857956e-01,-5.067942057e-01,-5.868704926e-02,1.393275729e+00,6.718279496e+00,7.147739419e+00
131898.239742500,1.291306343e-01,-5.503476510e-01,-9.408630085e-02,1.472733296e+00,6.838588129e+00,7.005583695e+00
131898.249749500,1.487773072e-01,-5.828470281e-01,-1.199439101e-01,1.605910764e+00,6.975207262e+00,6.957849300e+00
131898.259756500,1.557883685e-01,-5.772447961e-01,-1.277148853e-01,1.732653814e+00,7.048679325e+00,6.933159095e+00
131898.269762500,1.373631310e-01,-5.344529060e-01,-1.332592820e-01,1.914164227e+00,7.011269924e+00,6.758083099e+00
131898.279769500,1.070220526e-01,-4.749309043e-01,-1.482196580e-01,2.116324630e+00,6.969969946e+00,6.563254939e+00
131898.289776500,8.483432486e-02,-4.249374508e-01,-1.672716402e-01,2.281973457e+00,6.918494610e+00,6.531531767e+00
131898.299783500,5.225637652e-02,-4.042069411e-01,-1.921700361e-01,2.326715101e+00,6.936002209e+00,6.488286499e+00
131898.309789500,-3.983746619e-03,-4.104937384e-01,-2.270458153e-01,2.382380289e+00,6.893654768e+00,6.325331149e+00
131898.319796500,-5.771636469e-02,-4.314005231e-01,-2.687865251e-01,2.430413960e+00,6.848015298e+00,6.240785902e+00
131898.329803500,-9.030775462e-02,-4.517742688e-01,-3.113450374e-01,2.449268298e+00,6.831405524e+00,6.367080040e+00
131898.339809500,-1.013033439e-01,-4.800858148e-01,-3.436057340e-01,2.416048750e+00,6.798185976e+00,6.597372312e+00
131898.349816500,-8.851102211e-02,-5.017726818e-01,-3.837879256e-01,2.348861466e+00,6.766013892e+00,6.770054107e+00
131898.359823500,-5.790934855e-02,-5.250312609e-01,-4.318442413e-01,2.348262916e+00,6.687903062e+00,6.921487362e+00
131898.369830500,-1.772437321e-02,-5.514075790e-01,-4.770938135e-01,2.282871283e+00,6.644208882e+00,7.028328611e+00
131898.379836500,1.801984277e-02,-5.801166173e-01,-5.180517716e-01,2.190245606e+00,6.604405280e+00,7.002590943e+00
131898.389843500,3.358263449e-02,-6.198350485e-01,-5.714816549e-01,2.107047099e+00,6.560112549e+00,6.839186680e+00
131898.399850500,3.349722907e-02,-6.669340642e-01,-6.258012770e-01,2.023250040e+00,6.491279251e+00,6.653187138e+00
131898.409856500,3.153541385e-02,-7.062880542e-01,-6.706792257e-01,1.869123309e+00,6.477213316e+00,6.578368336e+00
131898.419863500,2.501206580e-02,-7.377501353e-01,-6.937229859e-01,1.685966882e+00,6.424091967e+00,6.616825201e+00
131898.429870500,1.315936799e-02,-7.568900701e-01,-7.017530551e-01,1.551442676e+00,6.444592319e+00,6.610241146e+00
131898.439877500,1.622708768e-03,-7.724472908e-01,-6.968619851e-01,1.442207225e+00,6.494421641e+00,6.623558893e+00
131898.449883125,-1.539509523e-02,-7.792423371e-01,-6.857439763e-01,1.352873576e+00,6.543353137e+00,6.613533173e+00
131898.459890125,-4.821309875e-02,-7.698541352e-01,-6.740310714e-01,1.357512341e+00,6.631340048e+00,6.539462560e+00
131898.469897125,-8.617584601e-02,-7.422652309e-01,-6.652093394e-01,1.422455061e+00,6.692841103e+00,6.469282523e+00
131898.479903125,-1.294261172e-01,-6.973168626e-01,-6.634117474e-01,1.490540171e+00,6.779331638e+00,6.500706420e+00
131898.489910125,-1.603796914e-01,-6.442939424e-01,-6.476574981e-01,1.460014100e+00,6.832752263e+00,6.651840400e+00
131898.499917125,-1.912545581e-01,-6.018626322e-01,-6.390514938e-01,1.411830791e+00,6.845920372e+00,6.814795750e+00
131898.509923125,-2.203345819e-01,-5.886118971e-01,-6.512384529e-01,1.446696353e+00,6.797737064e+00,6.852953339e+00
131898.519930125,-2.294375411e-01,-6.037216089e-01,-6.735644468e-01,1.451784032e+00,6.725611739e+00,7.016956153e+00
131898.529937125,-2.140716437e-01,-6.523767002e-01,-6.977346198e-01,1.369333712e+00,6.758382374e+00,7.300519412e+00
131898.539944125,-1.890383822e-01,-7.166508020e-01,-7.285031342e-01,1.322646780e+00,6.787412069e+00,7.504475466e+00
131898.549950125,-1.752980348e-01,-7.742123491e-01,-7.723656148e-01,1.379808344e+00,6.774842510e+00,7.490110256e+00
131898.559957125,-1.543782661e-01,-7.991682483e-01,-8.097350756e-01,1.428739841e+00,6.771849758e+00,7.472453019e+00
131898.569964125,-1.406114672e-01,-8.016578281e-01,-8.292076157e-01,1.371279001e+00,6.811802998e+00,7.544129431e+00
131898.579970125,-1.419924079e-01,-7.893792405e-01,-8.342059348e-01,1.240346098e+00,6.884077961e+00,7.506420755e+00
131898.589977125,-1.592463400e-01,-7.726674683e-01,-8.328132423e-01,1.182137070e+00,6.878840645e+00,7.340023740e+00
131898.599984125,-1.793703043e-01,-7.507838759e-01,-8.177057152e-01,1.153107375e+00,6.898892084e+00,7.265653851e+00
131898.609991125,-1.839345240e-01,-7.289991761e-01,-8.082099699e-01,1.164629470e+00,6.942286989e+00,7.332541859e+00
131898.619997125,-1.880875278e-01,-7.140258543e-01,-8.081517981e-01,1.235258419e+00,6.965929730e+00,7.407211024e+00
131898.630004125,-1.831342485e-01,-7.112781101e-01,-8.129716010e-01,1.322946055e+00,6.950068144e+00,7.401824070e+00
131898.640011125,-1.794696347e-01,-7.282263090e-01,-8.284935237e-01,1.351975750e+00,6.999747829e+00,7.425766087e+00
131898.650017125,-1.897729248e-01,-7.792655463e-01,-8.593027942e-01,1.375019941e+00,7.036109766e+00,7.304409990e+00
131898.660024125,-2.176059512e-01,-8.492400925e-01,-8.966727147e-01,1.409586227e+00,7.055562655e+00,7.092523143e+00
131898.670031125,-2.626823350e-01,-8.967660835e-01,-9.217409687e-01,1.402403622e+00,7.173776362e+00,6.945279741e+00
131898.680038125,-3.168344489e-01,-9.000904379e-01,-9.367613601e-01,1.428440565e+00,7.295431734e+00,6.844124721e+00
131898.690044125,-3.619310029e-01,-8.736879519e-01,-9.301961479e-01,1.364246033e+00,7.401674432e+00,6.878391732e+00
131898.700051125,-4.047005172e-01,-8.276394320e-01,-8.974566095e-01,1.188122574e+00,7.479186711e+00,6.970718134e+00
131898.710058125,-4.399511157e-01,-7.705846212e-01,-8.483669858e-01,1.002571945e+00,7.543231606e+00,6.991966673e+00
131898.720064125,-4.658994499e-01,-7.046104451e-01,-7.965374172e-01,8.738836060e-01,7.588721437e+00,6.965480817e+00
131898.730071125,-4.672646875e-01,-6.580768712e-01,-7.426188527e-01,7.712322098e-01,7.578546080e+00,7.063343810e+00
131898.740078125,-4.344613412e-01,-6.387416091e-01,-6.911176063e-01,6.506243011e-01,7.549516385e+00,7.262511461e+00
131898.750084125,-3.726816313e-01,-6.585337684e-01,-6.314311574e-01,5.502174690e-01,7.508515681e+00,7.448511002e+00
131898.760091125,-3.080246481e-01,-7.071244799e-01,-5.713292639e-01,5.781997009e-01,7.366509595e+00,7.506420755e+00
131898.770098125,-2.501099541e-01,-7.554727566e-01,-5.281656739e-01,8.512883278e-01,7.126041966e+00,7.356633514e+00
131898.780105125,-1.906774205e-01,-7.805479190e-01,-4.912567196e-01,1.272368545e+00,6.830657336e+00,7.206696635e+00
131898.790111125,-1.433781377e-01,-7.827464614e-01,-4.811427743e-01,1.791910305e+00,6.572532470e+00,7.073369530e+00
131898.800118125,-1.121218437e-01,-7.672826958e-01,-5.009864457e-01,2.332850243e+00,6.358550697e+00,6.807762783e+00
131898.810125125,-1.024847160e-01,-7.509896908e-01,-5.460312123e-01,2.735076122e+00,6.227617793e+00,6.501753883e+00
131898.820131125,-1.178704802e-01,-7.399473827e-01,-6.043704581e-01,2.949057895e+00,6.199336286e+00,6.233603297e+00
131898.830138125,-1.595774152e-01,-7.289723763e-01,-6.641601706e-01,2.997540479e+00,6.242282278e+00,5.974580605e+00
131898.840145125,-2.055547470e-01,-7.036147594e-01,-7.053455565e-01,2.876334019e+00,6.274753638e+00,5.779602808e+00
131898.850152125,-2.450965378e-01,-6.626974614e-01,-7.084649534e-01,2.587832719e+00,6.377704310e+00,5.821052424e+00
131898.860158125,-2.548303910e-01,-6.155640503e-01,-6.766878786e-01,2.233191599e+00,6.475866578e+00,6.001066461e+00
131898.870165125,-2.409036691e-01,-5.722752685e-01,-6.341017292e-01,1.896506990e+00,6.626551645e+00,6.246472131e+00
131898.880172125,-1.951697844e-01,-5.538837642e-01,-5.876736184e-01,1.612045905e+00,6.785616418e+00,6.530035390e+00
131898.890178125,-1.439944753e-01,-5.702263115e-01,-5.434711470e-01,1.296609837e+00,6.969969946e+00,6.709301240e+00
131898.900185125,-1.043669942e-01,-6.158313864e-01,-5.013759514e-01,1.047163951e+00,7.137264787e+00,6.669048724e+00
131898.910192125,-8.758195278e-02,-6.785422781e-01,-4.659801182e-01,9.412205276e-01,7.242908935e+00,6.514473080e+00
131898.920199125,-9.534291125e-02,-7.311994628e-01,-4.427563680e-01,1.049408515e+00,7.308150930e+00,6.320842020e+00
131898.930205125,-1.130833450e-01,-7.519272499e-01,-4.278318105e-01,1.335066701e+00,7.353491124e+00,6.161627610e+00
131898.940212125,-1.208312033e-01,-7.577773337e-01,-4.129893603e-01,1.603067649e+00,7.404517547e+00,6.180781223e+00
131898.950219125,-1.235614879e-01,-7.402641923e-01,-3.953349916e-01,1.815702684e+00,7.406612473e+00,6.311414851e+00
131898.960225125,-1.233504714e-01,-6.940203368e-01,-3.783679897e-01,2.041206553e+00,7.345709969e+00,6.412420234e+00
131898.970232125,-1.138532006e-01,-6.260544266e-01,-3.737903737e-01,2.286761861e+00,7.284059276e+00,6.480804619e+00
131898.980239125,-1.022020166e-01,-5.583919844e-01,-3.821520071e-01,2.479345457e+00,7.243657123e+00,6.555623421e+00
131898.990245125,-9.864101642e-02,-5.131406620e-01,-4.134688821e-01,2.578704826e+00,7.206247722e+00,6.521954960e+00
131899.000252125,-9.688265880e-02,-5.014152020e-01,-4.588853381e-01,2.570774033e+00,7.155370937e+00,6.424989793e+00
131899.010259125,-9.118708025e-02,-5.205183774e-01,-5.066792479e-01,2.404077742e+00,7.162553542e+00,6.446088695e+00
131899.020266125,-8.013044150e-02,-5.508902774e-01,-5.461515607e-01,2.183063001e+00,7.230189738e+00,6.514473080e+00
131899.030272125,-7.488987479e-02,-5.757350152e-01,-5.760372907e-01,2.023998228e+00,7.257423782e+00,6.514921992e+00
131899.040279125,-6.980507905e-02,-5.806266480e-01,-5.936238000e-01,1.919700819e+00,7.246051324e+00,6.467786147e+00
131899.050286125,-6.016722907e-02,-5.647148516e-01,-6.041176654e-01,1.867626933e+00,7.252485741e+00,6.483348458e+00
131899.060292125,-5.726167158e-02,-5.491547479e-01,-6.138044936e-01,1.835604485e+00,7.272686818e+00,6.439355003e+00
131899.070299125,-6.470252101e-02,-5.303358826e-01,-6.225675263e-01,1.771409953e+00,7.248744801e+00,6.299743118e+00
131899.080306125,-7.521845369e-02,-5.147695190e-01,-6.237080654e-01,1.686565432e+00,7.199514030e+00,6.211905845e+00
131899.090313125,-7.675724599e-02,-4.958215087e-01,-6.210034936e-01,1.564760423e+00,7.198616204e+00,6.225073954e+00
131899.100319125,-7.959785009e-02,-4.848481060e-01,-6.113208380e-01,1.478120250e+00,7.235875967e+00,6.294505802e+00
131899.110326125,-6.879786668e-02,-4.834266579e-01,-5.969290361e-01,1.324592068e+00,7.275978845e+00,6.335057593e+00
131899.120333125,-5.212080778e-02,-4.964096126e-01,-5.809993856e-01,1.205181261e+00,7.287052028e+00,6.368726054e+00
131899.130339125,-3.205358604e-02,-5.217116227e-01,-5.742125216e-01,1.120486377e+00,7.362170105e+00,6.379799236e+00
131899.140346125,-1.149525918e-02,-5.541806704e-01,-5.668553648e-01,1.102230589e+00,7.357830614e+00,6.345532225e+00
131899.150353125,5.314933620e-03,-5.856341269e-01,-5.639028843e-01,1.095047984e+00,7.364564307e+00,6.291363412e+00
131899.160360125,2.604868204e-02,-5.977755087e-01,-5.523814247e-01,1.125723693e+00,7.338976276e+00,6.254103649e+00
131899.170366125,4.703266141e-02,-5.749658695e-01,-5.369078548e-01,1.187673661e+00,7.290194418e+00,6.280140592e+00
131899.180373125,7.216332134e-02,-5.162499061e-01,-5.258903217e-01,1.304690267e+00,7.240365096e+00,6.254552562e+00
131899.190380125,9.611808968e-02,-4.549435340e-01,-5.090145698e-01,1.394921742e+00,7.171382160e+00,6.246023219e+00
131899.200386125,1.005678990e-01,-4.083698108e-01,-4.901846967e-01,1.391330440e+00,7.158812601e+00,6.187365278e+00
131899.210393125,7.661988891e-02,-3.859825632e-01,-4.729426013e-01,1.411830791e+00,7.078756483e+00,5.996876608e+00
131899.220400125,4.267103373e-02,-3.820287827e-01,-4.624013181e-01,1.448342367e+00,7.092223868e+00,5.866093343e+00
131899.230407125,1.712197772e-02,-3.906122505e-01,-4.630062898e-01,1.524208632e+00,7.184999182e+00,5.901258179e+00
131899.240413125,-8.024720721e-03,-4.035539595e-01,-4.706586229e-01,1.582567297e+00,7.274183194e+00,6.010044717e+00
131899.250420125,-4.299062250e-02,-3.905573772e-01,-4.923115319e-01,1.727266860e+00,7.282113987e+00,5.941361057e+00
131899.260427125,-7.058658914e-02,-3.405710503e-01,-5.272336338e-01,1.958157683e+00,7.266252401e+00,5.908291147e+00
131899.270433125,-8.702706846e-02,-2.610542134e-01,-5.592479650e-01,2.054075387e+00,7.242759297e+00,6.015282034e+00
131899.280440125,-9.447885576e-02,-1.825675559e-01,-5.756568719e-01,1.985691002e+00,7.217620180e+00,6.099677642e+00
131899.290447125,-9.391799311e-02,-1.368368600e-01,-5.832306648e-01,1.775150893e+00,7.202357144e+00,6.139331607e+00
131899.300453125,-8.924498630e-02,-1.193136655e-01,-5.831912575e-01,1.538424204e+00,7.228394087e+00,6.179883398e+00
131899.310460125,-7.385552656e-02,-1.078437483e-01,-5.747240309e-01,1.352574300e+00,7.250390815e+00,6.231358733e+00
131899.320467125,-5.422347499e-02,-9.385723382e-02,-5.605367391e-01,1.300949327e+00,7.255628131e+00,6.328174263e+00
131899.330474125,-3.947725190e-02,-1.003671639e-01,-5.446378437e-01,1.282244627e+00,7.271788992e+00,6.373664095e+00
131899.340480125,-4.124073042e-02,-1.167596894e-01,-5.425520948e-01,1.212663141e+00,7.278672322e+00,6.238990251e+00
131899.350487125,-4.510817503e-02,-1.474163123e-01,-5.451920806e-01,1.217451544e+00,7.254730305e+00,6.139930157e+00
131899.360494125,-5.183431342e-02,-1.762504770e-01,-5.557097623e-01,1.244685588e+00,7.265354575e+00,6.112845751e+00
131899.370500125,-6.466979895e-02,-1.980304068e-01,-5.757304892e-01,1.337161627e+00,7.255927406e+00,6.061520053e+00
131899.380507125,-7.194584983e-02,-2.054929358e-01,-5.886265650e-01,1.430685130e+00,7.257723058e+00,6.113145026e+00
131899.390514125,-7.469221980e-02,-2.072283393e-01,-6.050232147e-01,1.475127498e+00,7.341220840e+00,6.227617793e+00
131899.400521125,-8.150414134e-02,-2.008080419e-01,-6.034508800e-01,1.493383286e+00,7.349600546e+00,6.318896732e+00
131899.410527125,-1.065346883e-01,-1.925579696e-01,-5.954730058e-01,1.459265912e+00,7.406313198e+00,6.346729326e+00
131899.420534125,-1.425076823e-01,-1.681368121e-01,-5.739647034e-01,1.398213770e+00,7.416488555e+00,6.326528249e+00
131899.430541125,-1.873278753e-01,-1.235205972e-01,-5.525545581e-01,1.344344232e+00,7.464971139e+00,6.310965939e+00
131899.440547125,-2.360845734e-01,-7.929128988e-02,-5.454128566e-01,1.296011286e+00,7.542932330e+00,6.307524274e+00
131899.450554125,-2.792675381e-01,-7.238517400e-02,-5.447516656e-01,1.144428394e+00,7.618200045e+00,6.352116280e+00
131899.460561375,-3.239063061e-01,-1.029612633e-01,-5.361588985e-01,8.506897774e-01,7.663540239e+00,6.432172398e+00
131899.470568375,-3.753433904e-01,-1.420362756e-01,-5.309851809e-01,6.063315704e-01,7.685985880e+00,6.441150654e+00
131899.480574375,-4.075368172e-01,-1.576555221e-01,-5.135413557e-01,6.259340965e-01,7.641244236e+00,6.550685380e+00
131899.490581375,-4.293304372e-01,-1.715882906e-01,-4.811728167e-01,5.268740028e-01,7.765144172e+00,6.854748991e+00
131899.500588375,-4.603940996e-01,-1.726331696e-01,-4.469968358e-01,4.828805473e-01,7.714117749e+00,6.957250749e+00
131899.510594375,-4.856425659e-01,-1.612726685e-01,-4.100882585e-01,5.940612869e-01,7.498639600e+00,7.032069551e+00
131899.520601375,-4.914764854e-01,-1.358441260e-01,-3.700634497e-01,7.167641220e-01,7.297975573e+00,7.284059276e+00
131899.530608375,-4.661590524e-01,-9.499053062e-02,-3.288064359e-01,8.891466415e-01,7.051971352e+00,7.687332618e+00
131899.540614375,-4.248763015e-01,-4.544181441e-02,-2.949424479e-01,1.092803420e+00,6.780229464e+00,8.068609232e+00
131899.550621375,-3.809529611e-01,-6.362793594e-04,-2.695922004e-01,1.345391695e+00,6.495319466e+00,8.258499352e+00
131899.560628375,-3.349716815e-01,2.909781813e-02,-2.592393622e-01,1.644517265e+00,6.158036308e+00,8.386439503e+00
131899.570635375,-2.755037773e-01,2.846734344e-02,-2.647468034e-01,1.930474726e+00,5.857264724e+00,8.541164785e+00
131899.580641375,-2.011232775e-01,3.950375502e-03,-2.945508303e-01,2.196530386e+00,5.660341637e+00,8.720280997e+00
131899.590648375,-1.256198202e-01,-5.576901868e-02,-3.572560322e-01,2.486228786e+00,5.494543172e+00,8.816198701e+00
131899.600655375,-5.473413069e-02,-1.439730395e-01,-4.483573018e-01,2.757372124e+00,5.378574030e+00,8.755894746e+00
131899.610661375,3.522382220e-03,-2.500323721e-01,-5.605659448e-01,2.877531120e+00,5.328445432e+00,8.619724527e+00
131899.620668375,4.801988878e-02,-3.478170232e-01,-6.604055053e-01,2.848351788e+00,5.272331331e+00,8.447940558e+00
131899.630675375,7.227532546e-02,-4.185792423e-01,-7.171498302e-01,2.528875504e+00,5.355080926e+00,8.255057687e+00
131899.640682375,7.351463902e-02,-4.630398843e-01,-7.317288809e-01,2.072181537e+00,5.410746114e+00,7.972242616e+00
131899.650688375,6.814187720e-02,-4.823384851e-01,-7.048126081e-01,1.603366924e+00,5.492148971e+00,7.738209403e+00
131899.660695375,7.053311101e-02,-4.793264908e-01,-6.457362239e-01,1.129464633e+00,5.613654705e+00,7.661594950e+00
131899.670702375,8.067882873e-02,-4.696137991e-01,-5.641559764e-01,7.339724464e-01,5.778854620e+00,7.600991721e+00
131899.680708375,9.822560807e-02,-4.563982409e-01,-4.771306299e-01,4.803367081e-01,5.949740763e+00,7.573308764e+00
131899.690715375,1.241359265e-01,-4.512410044e-01,-3.990044757e-01,3.782838623e-01,6.145915662e+00,7.574505865e+00
131899.700722375,1.503409099e-01,-4.710822802e-01,-3.407594131e-01,4.197334785e-01,6.299144568e+00,7.510460970e+00
131899.710729375,1.729268966e-01,-5.286337016e-01,-3.167308156e-01,5.568015236e-01,6.434566599e+00,7.412897253e+00
131899.720735375,1.923606864e-01,-6.244536598e-01,-3.353251369e-01,7.712322098e-01,6.560411824e+00,7.276577396e+00
131899.730742375,2.093998197e-01,-7.251774733e-01,-3.817705463e-01,9.944915146e-01,6.623858168e+00,7.179462591e+00
131899.740749375,2.238469023e-01,-7.937600230e-01,-4.381185118e-01,1.242441024e+00,6.614131724e+00,7.142202827e+00
131899.750755375,2.393364638e-01,-8.150526152e-01,-4.881750783e-01,1.460612650e+00,6.591985358e+00,7.147739419e+00
131899.760762375,2.454593704e-01,-7.933132825e-01,-5.168392179e-01,1.528248847e+00,6.582857465e+00,7.133523846e+00
131899.770769375,2.381032266e-01,-7.502662754e-01,-5.267949055e-01,1.483656841e+00,6.561608925e+00,7.036857954e+00
131899.780776375,2.366372809e-01,-7.104241223e-01,-5.148600391e-01,1.345092420e+00,6.474819115e+00,7.051971352e+00
131899.790782375,2.226444277e-01,-6.847518103e-01,-4.869717276e-01,1.163582007e+00,6.520009671e+00,7.130680732e+00
131899.800789375,1.762001993e-01,-6.699478024e-01,-4.674070352e-01,1.145625494e+00,6.457012240e+00,6.991667398e+00
131899.810796375,1.169373293e-01,-6.499275483e-01,-4.558642354e-01,1.278952599e+00,6.383540176e+00,6.836343565e+00
131899.820802375,5.432433255e-02,-6.186824667e-01,-4.667871744e-01,1.477521700e+00,6.344484762e+00,6.814047562e+00
131899.830809375,-8.787842600e-03,-5.841767037e-01,-5.032054242e-01,1.713949113e+00,6.254253287e+00,6.824971107e+00
131899.840816375,-5.623644262e-02,-5.549733985e-01,-5.577487144e-01,1.870320409e+00,6.106261697e+00,6.856993555e+00
131899.850823375,-8.168261050e-02,-5.538052519e-01,-6.161693259e-01,1.839794338e+00,6.006303777e+00,7.012915938e+00
131899.860829375,-8.450010414e-02,-5.789701676e-01,-6.635208544e-01,1.649156031e+00,5.928043311e+00,7.231386839e+00
131899.870836375,-6.200214011e-02,-6.192994437e-01,-6.924081038e-01,1.353771401e+00,5.885695869e+00,7.438634921e+00
131899.880843375,-1.854762729e-02,-6.667430819e-01,-7.067328881e-01,1.052101992e+00,5.918915417e+00,7.649623942e+00
131899.890849375,3.115666445e-02,-7.053531635e-01,-7.016321839e-01,7.803601036e-01,5.994632044e+00,7.773823153e+00
131899.900856375,6.190296603e-02,-7.342782400e-01,-6.874972875e-01,5.129577057e-01,6.023961015e+00,7.768885112e+00
131899.910863375,7.962312035e-02,-7.554976350e-01,-6.696582425e-01,3.450643143e-01,6.129156250e+00,7.681496751e+00
131899.920870375,7.352725068e-02,-7.589668022e-01,-6.421543216e-01,2.389712532e-01,6.218489899e+00,7.548468922e+00
131899.930876375,3.339513173e-02,-7.386475280e-01,-6.180896877e-01,2.624643570e-01,6.220884101e+00,7.340771928e+00
131899.940883375,-1.687002132e-02,-7.020826810e-01,-5.957003783e-01,3.585316986e-01,6.193650057e+00,7.171382160e+00
131899.950890375,-4.951498030e-02,-6.500736687e-01,-5.604640131e-01,4.227262306e-01,6.151601891e+00,7.257423782e+00
131899.960896375,-5.181450364e-02,-5.958094819e-01,-5.299291833e-01,4.414309311e-01,6.175543907e+00,7.535899363e+00
131899.970903375,-3.249932692e-02,-5.584201103e-01,-5.189301254e-01,5.784989761e-01,6.103268945e+00,7.769932575e+00
131899.980910375,-2.494935061e-04,-5.441830211e-01,-5.142237685e-01,6.437409714e-01,6.017975510e+00,7.941716544e+00
131899.990917375,4.854315806e-02,-5.640835457e-01,-5.294962341e-01,6.349123528e-01,5.991040742e+00,8.127566448e+00
131900.000923375,1.042989697e-01,-6.140368262e-01,-5.642239690e-01,5.309142181e-01,6.047903031e+00,8.226177629e+00
131900.010930375,1.377958052e-01,-6.840618496e-01,-6.040366907e-01,4.104559471e-01,6.112995389e+00,8.173056280e+00
131900.020937375,1.504431749e-01,-7.547359437e-01,-6.395631265e-01,2.691980492e-01,6.119130531e+00,7.927500972e+00
131900.030943375,1.382262687e-01,-8.093042867e-01,-6.670183289e-01,1.544260071e-01,6.170007316e+00,7.729530422e+00
131900.040950375,1.187531002e-01,-8.255926485e-01,-6.814611853e-01,9.711480484e-02,6.243030466e+00,7.565377971e+00
131900.050957375,1.096192339e-01,-8.061518760e-01,-6.682163245e-01,2.558803024e-02,6.326677887e+00,7.590966001e+00
131900.060964375,1.147966493e-01,-7.574732351e-01,-6.373879968e-01,-6.449380722e-02,6.454468401e+00,7.680299651e+00
131900.070970375,1.144897449e-01,-7.148325667e-01,-6.073305621e-01,-9.651625443e-02,6.527192276e+00,7.670573206e+00
131900.080977375,1.159870999e-01,-6.887561078e-01,-5.934597946e-01,-1.042974098e-01,6.575525222e+00,7.568370723e+00
131900.090984375,1.059541771e-01,-6.802243186e-01,-5.948307710e-01,-1.138742165e-01,6.602609628e+00,7.420678408e+00
131900.100990375,9.247501659e-02,-6.843476378e-01,-6.008027911e-01,-1.654991898e-01,6.637175915e+00,7.325658530e+00
131900.110997375,7.611408540e-02,-6.946845673e-01,-5.959360374e-01,-3.250128754e-01,6.700322984e+00,7.315333535e+00
131900.121004375,5.678573140e-02,-7.075237407e-01,-5.679770143e-01,-5.217863243e-01,6.750750856e+00,7.317578099e+00
131900.131011375,3.814297045e-02,-7.272155656e-01,-5.303749968e-01,-6.100725105e-01,6.796988876e+00,7.302763976e+00
131900.141017375,2.045892254e-02,-7.393152206e-01,-4.937532831e-01,-5.316624062e-01,6.853701527e+00,7.336582075e+00
131900.151024375,1.295991638e-02,-7.415425458e-01,-4.574531318e-01,-3.356371452e-01,6.948871043e+00,7.409156313e+00
131900.161031375,8.411515266e-03,-7.283996814e-01,-4.427108294e-01,-4.444236832e-02,7.040000344e+00,7.468263166e+00
131900.171038375,-9.043679589e-03,-7.096843179e-01,-4.469311818e-01,3.272574394e-01,7.074865906e+00,7.387458860e+00
131900.181044375,-3.702742780e-02,-6.688133098e-01,-4.609957252e-01,6.256348213e-01,7.068880402e+00,7.275230657e+00
131900.191051375,-5.699920410e-02,-6.228224442e-01,-4.733588578e-01,8.090905235e-01,7.116465160e+00,7.255328856e+00
131900.201058375,-6.202305256e-02,-5.583832599e-01,-4.891625336e-01,9.608230537e-01,7.137115149e+00,7.356783151e+00
131900.211064375,-5.388780993e-02,-5.054668166e-01,-5.147865012e-01,1.080233862e+00,7.231835752e+00,7.454646144e+00
131900.221071375,-4.743087395e-02,-4.887260277e-01,-5.424906599e-01,1.037138232e+00,7.367557059e+00,7.485172215e+00
131900.231078375,-4.841481244e-02,-5.129768896e-01,-5.729119452e-01,8.219593575e-01,7.556998265e+00,7.359775903e+00
131900.241085375,-6.516483751e-02,-5.415974230e-01,-5.971657545e-01,5.773018753e-01,7.719654340e+00,7.146392680e+00
131900.251091375,-7.676009364e-02,-5.452660530e-01,-5.982041977e-01,3.480570663e-01,7.816918783e+00,6.942286989e+00
131900.261098375,-6.969271518e-02,-5.308139515e-01,-5.662694598e-01,1.188122574e-01,7.936329591e+00,7.008426810e+00
131900.271105375,-6.742712614e-02,-5.085904196e-01,-5.095600012e-01,-1.839046150e-01,8.186822939e+00,7.057657581e+00
131900.281111375,-8.007466336e-02,-4.799912458e-01,-4.387341299e-01,-3.420715622e-01,8.240692477e+00,6.851905876e+00
131900.291118375,-1.013091338e-01,-4.421640914e-01,-3.691486137e-01,-2.959831802e-01,8.170512440e+00,6.650194386e+00
131900.301125375,-1.135671069e-01,-3.936181961e-01,-3.187009180e-01,3.890577698e-03,8.041674464e+00,6.618171939e+00
131900.311132375,-1.143507192e-01,-3.417518303e-01,-2.840190167e-01,3.757400230e-01,7.844452102e+00,6.692242553e+00
131900.321138375,-9.809979812e-02,-2.894919767e-01,-2.689600753e-01,7.534253349e-01,7.519139951e+00,6.747608466e+00
131900.331145375,-4.629803108e-02,-2.386988948e-01,-2.583200308e-01,1.027262150e+00,7.217320905e+00,6.906373964e+00
131900.341152375,3.011789716e-02,-2.153018709e-01,-2.375509516e-01,1.014094041e+00,7.139509351e+00,7.131428920e+00
131900.351159375,9.395614902e-02,-2.196653332e-01,-2.132924299e-01,8.978256226e-01,7.091176405e+00,7.027430785e+00
131900.361165375,1.290918813e-01,-2.609823865e-01,-1.978979123e-01,8.243535591e-01,7.072471704e+00,6.650792937e+00
131900.371172375,1.705824217e-01,-3.146327910e-01,-2.024509525e-01,8.191162430e-01,7.081300323e+00,6.353612656e+00
131900.381179375,2.190707495e-01,-3.702469056e-01,-2.115343358e-01,8.309376137e-01,7.225700610e+00,6.242132641e+00
131900.391186375,2.634970684e-01,-4.109162925e-01,-2.265629590e-01,8.535328918e-01,7.349301271e+00,6.114641402e+00
131900.401192375,2.868711626e-01,-4.401270692e-01,-2.256264447e-01,8.096890739e-01,7.443572961e+00,5.807734677e+00
131900.411199375,2.729209842e-01,-4.437298738e-01,-2.055891590e-01,7.815572044e-01,7.456441795e+00,5.366303746e+00
131900.421206375,2.465161159e-01,-4.287615261e-01,-1.757679857e-01,8.248024719e-01,7.557447178e+00,5.019743056e+00
131900.431212375,2.272466231e-01,-3.944146444e-01,-1.319127706e-01,8.481459381e-01,7.697358337e+00,4.911555068e+00
131900.441219375,2.238455635e-01,-3.469844691e-01,-8.346607601e-02,8.667010010e-01,7.861510789e+00,4.885967038e+00
131900.451226375,2.225954159e-01,-3.066011232e-01,-4.205610345e-02,9.406219772e-01,8.027458891e+00,4.859181907e+00
131900.461233750,2.225980030e-01,-2.901429869e-01,3.084944797e-03,9.418190781e-01,8.214056983e+00,4.815338089e+00
131900.471239750,2.091382995e-01,-3.046503512e-01,3.504689193e-02,8.976759850e-01,8.416367023e+00,4.702810611e+00
131900.481246750,1.771338648e-01,-3.404783419e-01,4.459228602e-02,9.886556480e-01,8.567501003e+00,4.474463628e+00
131900.491253750,1.286105393e-01,-3.609862014e-01,4.553232988e-02,1.206827274e+00,8.632144448e+00,4.288314449e+00
131900.501260750,7.231871921e-02,-3.638612289e-01,4.558606398e-02,1.451634394e+00,8.649801685e+00,4.217835137e+00
131900.511266750,1.942861299e-02,-3.370895323e-01,3.614655450e-02,1.704222669e+00,8.602067290e+00,4.276343440e+00
131900.521273750,-1.442508811e-02,-2.985596954e-01,2.903399764e-02,1.892167500e+00,8.493879302e+00,4.482095145e+00
131900.531280750,-2.246403764e-02,-2.595451420e-01,2.710350556e-02,1.978358759e+00,8.394370296e+00,4.769399345e+00
131900.541287750,-1.687412477e-02,-2.309084115e-01,2.681808786e-02,1.984493901e+00,8.318952943e+00,5.007472772e+00
131900.551293750,-5.033131441e-03,-2.236471970e-01,1.369982057e-02,1.996913822e+00,8.233509872e+00,5.108478155e+00
131900.561300750,1.581850206e-02,-2.258074593e-01,-1.244866650e-02,2.032527572e+00,8.206724741e+00,5.171475586e+00
131900.571307750,4.723068623e-02,-2.420870084e-01,-4.666856288e-02,2.093430077e+00,8.179490697e+00,5.254524456e+00
131900.581313750,7.335863974e-02,-2.566029778e-01,-9.489969466e-02,2.156577145e+00,8.117241454e+00,5.301211388e+00
131900.591320750,9.585168514e-02,-2.724883822e-01,-1.365864353e-01,2.181267350e+00,8.046313229e+00,5.280711037e+00
131900.601327750,1.172641428e-01,-3.018800708e-01,-1.685974863e-01,2.082656169e+00,8.021623025e+00,5.289240380e+00
131900.611334750,1.255749223e-01,-3.295361184e-01,-1.994077965e-01,2.001552588e+00,7.989151665e+00,5.186140071e+00
131900.621340750,1.228145718e-01,-3.577199167e-01,-2.264723925e-01,1.966687026e+00,7.967454212e+00,5.034108266e+00
131900.631347750,1.110827065e-01,-3.738919574e-01,-2.661324979e-01,1.982398975e+00,7.952939365e+00,4.880430447e+00
131900.641354750,9.076502490e-02,-3.751059151e-01,-2.974601731e-01,1.989282304e+00,7.945607122e+00,4.721964224e+00
131900.651361750,6.087971838e-02,-3.593630864e-01,-3.246002204e-01,1.934215666e+00,7.925106770e+00,4.591330596e+00
131900.661367750,2.982341964e-02,-3.347557601e-01,-3.345774654e-01,1.775001256e+00,7.898172002e+00,4.543446563e+00
131900.671374750,1.196062250e-02,-3.107878335e-01,-3.141467874e-01,1.470339095e+00,7.892934686e+00,4.615122975e+00
131900.681381750,-3.875633918e-03,-2.860038055e-01,-2.691768426e-01,1.167322947e+00,7.865850279e+00,4.734533783e+00
131900.691388750,-9.531469031e-03,-2.628618384e-01,-2.268693187e-01,1.048361052e+00,7.836820584e+00,4.830301849e+00
131900.701394750,2.646707251e-04,-2.521446089e-01,-1.899846722e-01,1.036390044e+00,7.839214786e+00,4.992359374e+00
131900.711401750,5.700007003e-03,-2.632259688e-01,-1.713889315e-01,1.061678799e+00,7.884405342e+00,5.108627792e+00
131900.721408750,-4.519363580e-03,-2.916475168e-01,-1.711012178e-01,1.190516776e+00,7.873481797e+00,5.028870950e+00
131900.731415750,-2.337005551e-02,-3.270254701e-01,-1.870473655e-01,1.350180099e+00,7.858218761e+00,4.950161570e+00
131900.741421750,-4.612026772e-02,-3.470185906e-01,-2.041346143e-01,1.498919877e+00,7.820360448e+00,4.944924254e+00
131900.751428750,-5.932912305e-02,-3.494435169e-01,-2.239887719e-01,1.613392644e+00,7.832032181e+00,5.038298119e+00
131900.761435750,-6.195839297e-02,-3.400816108e-01,-2.415101807e-01,1.665017617e+00,7.864054628e+00,5.211877739e+00
131900.771442750,-6.430580671e-02,-3.179608125e-01,-2.530959876e-01,1.657984650e+00,7.815123132e+00,5.319467176e+00
131900.781448750,-7.225001995e-02,-2.989983174e-01,-2.582567632e-01,1.610998442e+00,7.744943095e+00,5.343558830e+00
131900.791455750,-7.159751289e-02,-2.852977862e-01,-2.541929662e-01,1.477072787e+00,7.754519902e+00,5.428852264e+00
131900.801462750,-5.917161853e-02,-2.862869835e-01,-2.385893533e-01,1.262642101e+00,7.747038022e+00,5.630114841e+00
131900.811469750,-3.962990745e-02,-2.948971935e-01,-2.214822407e-01,1.054196918e+00,7.760954319e+00,5.811325980e+00
131900.821475750,-1.587430758e-02,-2.824783620e-01,-2.063573197e-01,1.002272670e+00,7.739107229e+00,5.891382098e+00
131900.831482750,1.071902022e-02,-2.423475052e-01,-2.075168313e-01,1.027112512e+00,7.794922055e+00,5.995679507e+00
131900.841489750,2.749921048e-02,-1.978569478e-01,-2.053575538e-01,9.856628960e-01,7.914482500e+00,6.097433078e+00
131900.851496750,2.429285009e-02,-1.477627119e-01,-1.968096671e-01,8.583212952e-01,8.005761439e+00,6.051045421e+00
131900.861502750,1.206321860e-02,-1.016870149e-01,-1.818334793e-01,7.309796944e-01,8.065915755e+00,5.962160684e+00
131900.871509750,1.416300343e-02,-8.352430034e-02,-1.537827120e-01,5.659294174e-01,8.152705566e+00,6.052691434e+00
131900.881516750,3.155718624e-02,-8.426657530e-02,-1.276453980e-01,4.373907158e-01,8.257302251e+00,6.251559810e+00
131900.891523750,4.889025806e-02,-8.818708939e-02,-1.150968273e-01,4.858732994e-01,8.263736668e+00,6.314856516e+00
131900.901529750,6.771602526e-02,-9.610072800e-02,-1.212057478e-01,6.986579720e-01,8.228871106e+00,6.253804374e+00
131900.911536750,7.533875509e-02,-8.773810977e-02,-1.484665957e-01,9.750386261e-01,8.156296868e+00,6.178387022e+00
131900.921543750,8.205337274e-02,-6.466925167e-02,-1.840735778e-01,1.221641397e+00,8.097638927e+00,6.089203010e+00
131900.931550750,7.878810301e-02,-3.799832732e-02,-2.046205587e-01,1.300051501e+00,8.094047625e+00,5.985055238e+00
131900.941556750,6.766365017e-02,-1.970873699e-02,-2.293839023e-01,1.247977615e+00,8.047360693e+00,5.867739356e+00
131900.951563750,6.680395528e-02,1.358208201e-03,-2.382966102e-01,1.207126550e+00,8.029703455e+00,5.828384666e+00
131900.961570750,9.272870333e-02,1.389097455e-02,-2.335772829e-01,1.029955627e+00,8.027907804e+00,5.953481703e+00
131900.971577750,1.223510374e-01,2.136429826e-02,-2.206959561e-01,8.876502655e-01,7.976582106e+00,6.032490358e+00
131900.981583750,1.610878225e-01,4.073744525e-02,-2.060173001e-01,7.938274879e-01,7.929296623e+00,6.025008478e+00
131900.991590750,1.891680308e-01,6.464563490e-02,-1.772138482e-01,6.756137810e-01,7.877222737e+00,5.935525191e+00
131901.001597750,1.970131689e-01,9.252235574e-02,-1.426808248e-01,5.538087715e-01,7.819462622e+00,5.728127472e+00
131901.011604750,1.856632116e-01,1.035798995e-01,-1.215185035e-01,4.855740242e-01,7.806593788e+00,5.423166035e+00
131901.021610750,1.806032159e-01,8.477472668e-02,-1.050117725e-01,4.520552010e-01,7.758859393e+00,5.277718285e+00
131901.031617750,1.722681853e-01,4.201839424e-02,-1.065187034e-01,4.887164139e-01,7.804199586e+00,5.243151998e+00
131901.041624750,1.834749117e-01,-8.228165641e-03,-1.413489486e-01,7.441478035e-01,7.719803978e+00,5.261856699e+00
131901.051631750,2.242543182e-01,-5.220547654e-02,-1.890382866e-01,9.359832115e-01,7.841758625e+00,5.444564213e+00
131901.061637750,2.687365105e-01,-8.475675576e-02,-2.351881386e-01,1.042525185e+00,7.954435741e+00,5.605873550e+00
131901.071644750,2.871940759e-01,-1.047478546e-01,-2.753834141e-01,9.784802910e-01,8.088361396e+00,5.482422527e+00
131901.081651750,2.761017462e-01,-1.205699313e-01,-2.998388032e-01,7.429507027e-01,8.267627245e+00,5.163544793e+00
131901.091658750,2.206848735e-01,-1.250236926e-01,-2.923078098e-01,3.839700912e-01,8.471284024e+00,4.765359129e+00
131901.101664750,1.243436927e-01,-1.216368273e-01,-2.637129110e-01,8.095394363e-02,8.560916949e+00,4.416404237e+00
131901.111671750,1.184816437e-02,-9.936801043e-02,-2.066573660e-01,-1.545756447e-01,8.664316533e+00,4.200926088e+00
131901.121678750,-1.020145588e-01,-7.820871028e-02,-1.225162901e-01,-3.734954590e-01,8.748861779e+00,4.157531183e+00
131901.131685750,-2.122923819e-01,-4.234233972e-02,-2.951605388e-02,-4.210802170e-01,8.696638255e+00,4.228459407e+00
131901.141692750,-3.148784736e-01,5.215039673e-03,5.208706334e-02,-2.817676079e-01,8.604760767e+00,4.347421302e+00
131901.151698750,-3.918901603e-01,7.611398332e-02,1.075259114e-01,3.815758896e-02,8.407089492e+00,4.532074105e+00
131901.161705750,-4.388937341e-01,1.627079517e-01,1.369911805e-01,4.550479530e-01,8.133402315e+00,4.841375032e+00
131901.171712750,-4.478873515e-01,2.476961621e-01,1.548329486e-01,7.255927406e-01,8.016834621e+00,5.242104535e+00
131901.181719750,-4.292950377e-01,2.965004232e-01,1.763129127e-01,7.818564796e-01,7.922413293e+00,5.564872846e+00
131901.191725750,-3.892164997e-01,2.940444893e-01,2.099113818e-01,6.938695686e-01,7.838316960e+00,5.802347723e+00
131901.201732750,-3.333058185e-01,2.547716837e-01,2.303522199e-01,6.871358765e-01,7.858817312e+00,5.970989303e+00
131901.211739750,-2.570502261e-01,2.008759752e-01,2.244425786e-01,8.113350876e-01,7.829039429e+00,6.169857678e+00
131901.221746750,-1.689945091e-01,1.455577483e-01,2.019888590e-01,9.709984108e-01,7.879616939e+00,6.350170991e+00
131901.231752750,-1.110944654e-01,8.318426232e-02,1.683915128e-01,1.095646535e+00,7.931541187e+00,6.342838748e+00
131901.241759750,-1.016045959e-01,5.048786253e-02,1.277353114e-01,1.171213525e+00,7.877222737e+00,5.996876608e+00
131901.251766750,-1.217845648e-01,4.941515184e-02,9.734056224e-02,1.236006607e+00,7.773074965e+00,5.697751038e+00
131901.261773750,-1.716553421e-01,9.364979942e-02,7.953783897e-02,1.231966392e+00,7.643788075e+00,5.581781895e+00
131901.271779750,-2.265941500e-01,1.779288911e-01,6.966871774e-02,1.261445000e+00,7.484573665e+00,5.566967773e+00
131901.281786750,-2.611549738e-01,2.636545130e-01,8.218798586e-02,1.173158813e+00,7.326556355e+00,5.828235029e+00
131901.291793750,-2.942709613e-01,3.299912296e-01,1.137488467e-01,9.636661682e-01,7.287351303e+00,6.248118145e+00
131901.301800750,-3.273732246e-01,3.794468994e-01,1.542012372e-01,8.227075455e-01,7.146093405e+00,6.432022760e+00
131901.311807750,-3.408902835e-01,4.157412218e-01,1.928441589e-01,7.146691956e-01,7.062445985e+00,6.668001261e+00
131901.321813750,-3.414596403e-01,4.543694467e-01,2.338603798e-01,5.882254204e-01,7.119308274e+00,7.018153254e+00
131901.331820750,-3.451586058e-01,4.897142433e-01,2.752993325e-01,5.096656784e-01,7.107037991e+00,7.228693362e+00
131901.341827750,-3.355506858e-01,5.170953736e-01,3.149027945e-01,4.079121078e-01,7.039102518e+00,7.300968325e+00
131901.351834750,-3.137303162e-01,5.349753517e-01,3.449451627e-01,3.862146553e-01,6.895899332e+00,7.383867558e+00
131901.361840750,-2.622141367e-01,5.131448116e-01,3.728995958e-01,3.477577911e-01,6.825569658e+00,7.522132703e+00
131901.371847750,-1.885512597e-01,4.405310420e-01,3.953680637e-01,2.575263161e-01,6.834996827e+00,7.669376105e+00
131901.381854750,-1.132668444e-01,3.556800823e-01,4.021582388e-01,3.113958534e-01,6.870012026e+00,7.661445312e+00
131901.391861750,-4.179520466e-02,2.661553471e-01,4.040394356e-01,4.335001381e-01,6.982539504e+00,7.588122887e+00
131901.401868750,-2.392037403e-02,2.038532525e-01,4.091520469e-01,5.475239922e-01,7.131279282e+00,7.326107442e+00
131901.411874750,-6.244373498e-02,1.998731887e-01,4.136008148e-01,8.575731071e-01,7.198017654e+00,6.821679080e+00
131901.421881750,-1.156618392e-01,2.396470856e-01,4.354417141e-01,1.155501576e+00,7.211185763e+00,6.599616876e+00
131901.431888750,-1.573164559e-01,3.093743806e-01,4.624556836e-01,1.432480781e+00,7.183203531e+00,6.711096891e+00
131901.441895750,-1.500525990e-01,3.860588472e-01,4.832656248e-01,1.738040768e+00,7.126341241e+00,7.079355034e+00
131901.451901750,-1.115978198e-01,4.360820727e-01,5.107270947e-01,1.868973671e+00,7.015609415e+00,7.510909883e+00
131901.461907750,-4.070911886e-02,4.483725376e-01,5.170153359e-01,1.849520782e+00,6.980444578e+00,7.705738043e+00
131901.471914750,4.263631950e-02,4.416034180e-01,4.949829970e-01,1.937657331e+00,7.025784772e+00,7.817367696e+00
131901.481921750,1.132991694e-01,4.240376654e-01,4.563407155e-01,1.941098996e+00,7.070526415e+00,7.582586295e+00
131901.491927750,1.554449249e-01,3.888373043e-01,4.290144822e-01,1.719635342e+00,7.151031446e+00,7.063792723e+00
131901.501934750,1.394622865e-01,3.307154026e-01,4.046477896e-01,1.455674609e+00,7.190386136e+00,6.401047776e+00
131901.511941750,9.782531654e-02,2.749665767e-01,3.486726915e-01,1.437867735e+00,7.242609660e+00,5.750573112e+00
131901.521948750,2.337584832e-02,2.006694514e-01,2.938828306e-01,1.579424908e+00,7.178714403e+00,5.439027621e+00
131901.531955750,-9.020978571e-02,1.581562288e-01,2.229420308e-01,1.643769077e+00,7.102249587e+00,5.132420171e+00
131901.541961750,-1.834396136e-01,1.711452318e-01,1.530465762e-01,1.815253771e+00,6.874800430e+00,5.091269830e+00
131901.551968750,-2.066922543e-01,2.330986512e-01,1.179255167e-01,1.729960337e+00,6.784718592e+00,5.642235487e+00
131901.561975750,-1.945716124e-01,3.213854460e-01,1.183937284e-01,1.419761584e+00,6.723217537e+00,6.270563786e+00
131901.571982750,-1.660926808e-01,3.911678627e-01,1.709702053e-01,9.274538681e-01,6.678026981e+00,6.512078878e+00
131901.581989750,-1.322857612e-01,4.135109542e-01,2.548774590e-01,3.760392982e-01,6.697180594e+00,6.585850217e+00
131901.591995750,-9.186489283e-02,3.850534812e-01,3.434300258e-01,1.002571945e-02,6.810156985e+00,6.649446198e+00
131901.602002750,-5.044814562e-02,3.216709881e-01,4.005560813e-01,-7.631517792e-02,7.023091295e+00,6.654084964e+00
131901.612009750,-1.867533076e-02,2.528762964e-01,3.971557912e-01,2.292448090e-01,7.108684004e+00,6.549338641e+00
131901.622016750,1.023301694e-02,2.016651911e-01,3.408364082e-01,7.764695259e-01,7.175272738e+00,6.459107166e+00
131901.632022750,1.094506717e-02,1.611094543e-01,2.631487435e-01,1.162684181e+00,7.314435709e+00,6.346579688e+00
131901.642029750,-3.050376069e-02,1.354111190e-01,1.767370163e-01,1.404498549e+00,7.226598436e+00,6.050895783e+00
131901.652036750,-8.669169992e-02,1.220383070e-01,1.024103679e-01,1.439962661e+00,7.184999182e+00,5.791573816e+00
131901.662043750,-1.274322119e-01,1.132963027e-01,5.045935909e-02,1.302445703e+00,7.177966215e+00,5.831527056e+00
131901.672050750,-1.407964350e-01,1.196423787e-01,2.468821762e-02,1.116296524e+00,7.154173836e+00,6.082918230e+00
131901.682056750,-1.246008010e-01,1.456449611e-01,4.135168957e-02,8.806172981e-01,7.141005727e+00,6.477362954e+00
131901.692063750,-9.709025570e-02,1.762879279e-01,9.346459863e-02,6.298246742e-01,7.273285368e+00,6.827215672e+00
131901.702070750,-8.426474607e-02,2.108314395e-01,1.507702860e-01,5.186439346e-01,7.397185304e+00,6.933308733e+00
131901.712077750,-8.002656766e-02,2.315729750e-01,2.036179538e-01,5.838859299e-01,7.397634217e+00,6.966528281e+00
131901.722084750,-7.845442964e-02,2.273818990e-01,2.297863121e-01,7.089829666e-01,7.453299406e+00,7.059602870e+00
131901.732090750,-6.987757223e-02,2.075079236e-01,2.121402808e-01,9.962871658e-01,7.376535315e+00,7.159710427e+00
131901.742097750,-5.379556708e-02,1.754304303e-01,1.701425628e-01,1.262193188e+00,7.297227385e+00,7.323413966e+00
131901.752104750,-1.944013783e-02,1.572172519e-01,1.197898246e-01,1.393724641e+00,7.235127779e+00,7.497741774e+00
131901.762111750,3.948674617e-02,1.557293694e-01,7.693691411e-02,1.441608675e+00,7.186196283e+00,7.665784803e+00
131901.772118750,1.054254493e-01,1.602785724e-01,6.139263441e-02,1.342997494e+00,7.222558221e+00,7.808539077e+00
131901.782124750,1.500153462e-01,1.490813302e-01,6.555582684e-02,1.219546471e+00,7.266252401e+00,7.709030070e+00
131901.792131750,1.621409711e-01,1.172058176e-01,7.771783598e-02,1.125723693e+00,7.357381702e+00,7.443872237e+00
131901.802138750,1.680593095e-01,8.735647585e-02,7.666781870e-02,1.132457385e+00,7.546673270e+00,7.201758594e+00
131901.812145750,1.890247929e-01,7.530862304e-02,4.923664210e-02,1.363348208e+00,7.671919945e+00,7.142951015e+00
131901.822151750,2.314260725e-01,7.634068062e-02,1.078485930e-02,1.617732134e+00,7.761103957e+00,7.212532501e+00
131901.832158750,2.711121093e-01,7.028131170e-02,-3.149787153e-02,1.789815379e+00,7.794024229e+00,7.201309681e+00
131901.842165750,2.787202087e-01,4.551006847e-02,-8.059764872e-02,1.921795745e+00,7.802104660e+00,6.960542776e+00
131901.852172750,2.588612115e-01,7.532112722e-03,-1.296102468e-01,2.011578307e+00,7.816619508e+00,6.554725595e+00
131901.862179750,2.219927055e-01,-4.542449181e-02,-1.793383408e-01,2.034921774e+00,7.936479228e+00,6.273855813e+00
131901.872185750,1.912931661e-01,-8.885757873e-02,-2.376483673e-01,2.069787335e+00,8.007257815e+00,6.126163498e+00
131901.882192750,1.733809116e-01,-9.924811706e-02,-2.982769779e-01,2.157325333e+00,8.031648744e+00,6.074987437e+00
131901.892199750,1.530241996e-01,-6.056846925e-02,-3.387486279e-01,2.168248878e+00,8.084021906e+00,6.059724402e+00
131901.902206750,1.337616313e-01,1.209145887e-02,-3.531180448e-01,2.063951469e+00,8.083872268e+00,5.976226619e+00
131901.912213750,1.102586190e-01,9.255890955e-02,-3.380429819e-01,1.803731676e+00,8.133701590e+00,5.880907465e+00
131901.922219750,6.702558104e-02,1.553872403e-01,-3.041909372e-01,1.477521700e+00,8.247276531e+00,5.748029273e+00
131901.932226750,9.021090037e-04,2.002143537e-01,-2.671599966e-01,1.301398240e+00,8.270919273e+00,5.505317080e+00
131901.942233750,-6.676394001e-02,2.049124783e-01,-2.381907453e-01,1.186326923e+00,8.272714924e+00,5.308992544e+00
131901.952240750,-1.188833203e-01,1.560217227e-01,-2.176256789e-01,1.076343284e+00,8.247426169e+00,5.325602318e+00
131901.962247750,-1.546234292e-01,6.909579024e-02,-2.091468776e-01,1.037138232e+00,8.074744374e+00,5.442618924e+00
131901.972253750,-1.697741662e-01,-3.441448320e-02,-2.162047918e-01,1.064671551e+00,7.959673057e+00,5.569661250e+00
131901.982260750,-1.509641405e-01,-1.307719061e-01,-2.309262325e-01,1.155202301e+00,7.693467760e+00,5.755960066e+00
131901.992267750,-9.837515018e-02,-1.960738734e-01,-2.382283383e-01,1.287481943e+00,7.318775200e+00,6.024110652e+00
131902.002274750,-2.348189279e-02,-2.179790654e-01,-2.314971491e-01,1.351377200e+00,7.078606846e+00,6.272957987e+00
131902.012281750,3.053044722e-02,-1.956414821e-01,-2.035012177e-01,1.324292793e+00,6.947374667e+00,6.279691679e+00
131902.022287750,3.571916504e-02,-1.560186127e-01,-1.680960827e-01,1.352125388e+00,6.768408093e+00,5.908590422e+00
131902.032294750,2.713139537e-04,-1.275000029e-01,-1.403394671e-01,1.408089851e+00,6.672490389e+00,5.439476534e+00
131902.042301750,-5.549495912e-02,-1.275623384e-01,-1.192241503e-01,1.409436590e+00,6.687005237e+00,5.121047713e+00
131902.052308750,-1.171105012e-01,-1.496019343e-01,-1.212015951e-01,1.455225697e+00,6.751947957e+00,5.020191969e+00
131902.062315750,-1.589129662e-01,-1.816340972e-01,-1.422166060e-01,1.584512586e+00,6.837540666e+00,5.094112945e+00
131902.072321750,-1.792383559e-01,-2.230436039e-01,-1.710680111e-01,1.609053153e+00,6.914753670e+00,5.327248331e+00
131902.082328750,-1.748131845e-01,-2.520633315e-01,-1.933317812e-01,1.580173096e+00,6.959495313e+00,5.598391669e+00
131902.092335750,-1.498995266e-01,-2.561595015e-01,-2.100022358e-01,1.586308237e+00,6.935104384e+00,5.787234325e+00
131902.102342750,-1.216214291e-01,-2.483888529e-01,-2.167318436e-01,1.495328574e+00,7.009923186e+00,5.876867250e+00
131902.112349750,-9.021740971e-02,-2.459007017e-01,-2.034271576e-01,1.267580141e+00,7.095665533e+00,5.934328090e+00
131902.122356750,-6.447070222e-02,-2.642342719e-01,-1.686643732e-01,9.285013313e-01,7.259219434e+00,6.005405952e+00
131902.132362750,-4.979921353e-02,-2.798182176e-01,-1.247102693e-01,6.750152306e-01,7.377133865e+00,6.001216099e+00
131902.142369750,-4.038711514e-02,-2.842123820e-01,-7.613829154e-02,5.768529625e-01,7.522880891e+00,6.014833121e+00
131902.152376750,-4.740861215e-02,-2.740506450e-01,-2.616288776e-02,5.590460876e-01,7.646481552e+00,5.995080957e+00
131902.162383750,-7.260375320e-02,-2.422738558e-01,3.411791763e-02,6.094739601e-01,7.680898201e+00,5.901108542e+00
131902.172390750,-1.012540798e-01,-1.935194888e-01,8.551388243e-02,7.410054138e-01,7.707384057e+00,5.824793364e+00
131902.182396750,-1.208188686e-01,-1.540982300e-01,1.158668039e-01,9.534908112e-01,7.739256866e+00,5.825990465e+00
131902.192403750,-1.278250735e-01,-1.370778705e-01,1.267222202e-01,1.184231996e+00,7.736862665e+00,5.904699844e+00
131902.202410750,-1.315537227e-01,-1.250270713e-01,1.081209258e-01,1.445648890e+00,7.721599629e+00,5.935674828e+00
131902.212417750,-1.231707604e-01,-1.112997356e-01,6.789246661e-02,1.736245116e+00,7.680299651e+00,5.966799450e+00
131902.222424750,-9.626371962e-02,-1.122554346e-01,2.238715361e-02,1.899050829e+00,7.691522471e+00,6.077082364e+00
131902.232430750,-5.959019873e-02,-1.152773536e-01,-2.817517155e-02,1.909824737e+00,7.678952912e+00,6.201431213e+00
131902.242437750,-1.723338664e-02,-1.144102504e-01,-7.289633067e-02,1.872265698e+00,7.696759787e+00,6.262483355e+00
131902.252444750,2.225598310e-02,-1.234311601e-01,-1.110279847e-01,1.733850915e+00,7.737760490e+00,6.266822845e+00
131902.262451750,4.104880092e-02,-1.417358205e-01,-1.389593522e-01,1.543062970e+00,7.716063038e+00,6.138433781e+00
131902.272458750,3.563130362e-02,-1.490337207e-01,-1.506568341e-01,1.377563780e+00,7.700650365e+00,5.937021567e+00
131902.282464750,2.235801893e-02,-1.328090644e-01,-1.481973292e-01,1.307383744e+00,7.636006920e+00,5.787982513e+00
131902.292471750,1.646245611e-02,-8.679217686e-02,-1.348251105e-01,1.251868193e+00,7.599495345e+00,5.794117655e+00
131902.302478750,1.623559017e-02,-2.360560834e-02,-1.127415853e-01,1.191414601e+00,7.603385922e+00,5.819556048e+00
131902.312485750,2.878802262e-03,3.183115712e-02,-9.140913978e-02,1.193060615e+00,7.546224358e+00,5.694309373e+00
131902.322492750,-1.316659986e-02,5.831109524e-02,-8.886688794e-02,1.225382337e+00,7.536647551e+00,5.516539900e+00
131902.332499750,-2.164935689e-02,5.150521051e-02,-1.028335015e-01,1.245882689e+00,7.579593543e+00,5.466860216e+00
131902.342505750,-1.782803373e-02,2.734399893e-02,-1.271209159e-01,1.263390289e+00,7.636755108e+00,5.480327600e+00
131902.352512750,-5.959515307e-03,3.273022490e-03,-1.535501797e-01,1.273266370e+00,7.667730092e+00,5.494842448e+00
131902.362519750,1.509095744e-02,-1.281384544e-02,-1.764254878e-01,1.233313130e+00,7.762899608e+00,5.572354726e+00
131902.372526750,3.452471628e-02,-1.829849500e-02,-1.857483687e-01,1.138293252e+00,7.811681467e+00,5.631012667e+00
131902.382533750,3.589839323e-02,-4.550586581e-03,-1.736804656e-01,9.706991356e-01,7.807491614e+00,5.535843151e+00
131902.392539750,1.907010280e-02,1.922281917e-02,-1.392441091e-01,8.047510330e-01,7.768885112e+00,5.365405920e+00
131902.402546750,-4.559361360e-03,4.213894839e-02,-9.639322821e-02,6.937199310e-01,7.788936551e+00,5.241655622e+00
131902.412553750,-2.795427879e-02,6.285667136e-02,-6.113445343e-02,7.583633759e-01,7.769633300e+00,5.149628496e+00
131902.422560750,-4.949145369e-02,7.656222675e-02,-5.412016653e-02,9.813234055e-01,7.774122428e+00,5.089474179e+00
131902.432567750,-5.406374075e-02,7.618387902e-02,-6.491985128e-02,1.231367841e+00,7.824699938e+00,5.179855292e+00
131902.442574750,-4.697247083e-02,6.450950760e-02,-9.074522793e-02,1.381005445e+00,7.891438309e+00,5.308543631e+00
131902.452580750,-3.570121845e-02,3.725239686e-02,-1.314282661e-01,1.472134746e+00,8.000823398e+00,5.341314266e+00
131902.462589042,-2.607787244e-02,2.213062122e-02,-1.777788569e-01,1.500865166e+00,8.123226958e+00,5.333233836e+00
131902.472596042,-2.695255926e-02,1.652983141e-02,-2.153660556e-01,1.454028596e+00,8.246079430e+00,5.272630606e+00
131902.482603042,-4.581655856e-02,8.048884864e-03,-2.413213373e-01,1.371578276e+00,8.298452592e+00,5.111620544e+00
131902.492610042,-7.784465080e-02,-1.813580960e-02,-2.535706076e-01,1.215955168e+00,8.379107260e+00,4.970063371e+00
131902.502616042,-1.298123424e-01,-5.361593488e-02,-2.612205924e-01,1.127220069e+00,8.410231882e+00,4.864269585e+00
131902.512623042,-1.748918059e-01,-1.050718878e-01,-2.581221188e-01,1.157596503e+00,8.374318857e+00,4.863222122e+00
131902.522630042,-2.047631836e-01,-1.604257326e-01,-2.610165021e-01,1.294365273e+00,8.475024964e+00,5.086780702e+00
131902.532637042,-2.293035618e-01,-1.999697429e-01,-2.846724151e-01,1.536927828e+00,8.602067290e+00,5.308693269e+00
131902.542644042,-2.502144813e-01,-2.050514136e-01,-3.309194897e-01,1.880196491e+00,8.643816181e+00,5.389796850e+00
131902.552651042,-2.765757123e-01,-1.819489433e-01,-3.866513963e-01,2.122010859e+00,8.698433907e+00,5.417779082e+00
131902.562657042,-3.225898588e-01,-1.339445915e-01,-4.480912906e-01,2.204461179e+00,8.730007441e+00,5.321711740e+00
131902.572664042,-3.852472821e-01,-7.162172227e-02,-5.009282398e-01,2.139817734e+00,8.707861076e+00,5.213523753e+00
131902.582671042,-4.376178545e-01,-1.406765746e-02,-5.300034881e-01,1.924938135e+00,8.571541219e+00,5.345953032e+00
131902.592678042,-4.881332280e-01,5.027939749e-02,-5.297683041e-01,1.630152055e+00,8.415918111e+00,5.625625713e+00
131902.602685042,-5.268879822e-01,1.395742492e-01,-5.240673665e-01,1.475277135e+00,8.170662078e+00,5.862502040e+00
131902.612692042,-5.202796803e-01,2.348643885e-01,-4.892121804e-01,1.310675771e+00,8.000973035e+00,6.331615928e+00
131902.622698042,-4.813027850e-01,3.070970996e-01,-4.604025710e-01,1.041926635e+00,7.969249863e+00,6.874650792e+00
131902.632705042,-4.421223086e-01,3.454950582e-01,-4.608946585e-01,8.927379440e-01,7.892036860e+00,7.101351762e+00
131902.642712042,-3.926719885e-01,3.265610055e-01,-4.744370027e-01,7.414543266e-01,7.797615532e+00,7.228094812e+00
131902.652719042,-3.498775025e-01,2.713875746e-01,-5.190014168e-01,6.254851837e-01,7.570914562e+00,7.331793671e+00
131902.662726042,-2.876315663e-01,1.867570047e-01,-5.751659478e-01,6.196493172e-01,7.043292371e+00,7.609521064e+00
131902.672733042,-1.629355951e-01,8.890639106e-02,-6.137005975e-01,3.287538155e-01,6.726210289e+00,8.315361641e+00
131902.682739042,-1.373458217e-02,-1.755005411e-02,-6.224543222e-01,-5.566518860e-02,6.574178484e+00,8.929175092e+00
131902.692746042,1.063318874e-01,-1.139716903e-01,-6.049641314e-01,-4.129997864e-01,6.584054565e+00,8.960000438e+00
131902.702753042,1.550521116e-01,-1.715953377e-01,-5.517422869e-01,-6.934206558e-01,6.712593267e+00,8.439411214e+00
131902.712760042,1.262173729e-01,-1.610548775e-01,-4.483964067e-01,-9.083002548e-01,6.943334452e+00,7.641992424e+00
131902.722767042,4.425548169e-02,-6.620697136e-02,-3.249067206e-01,-9.365817619e-01,7.203254970e+00,6.936750397e+00
131902.732773042,-5.827540756e-02,7.138774060e-02,-2.108292943e-01,-8.096890739e-01,7.528417483e+00,6.518962208e+00
131902.742780042,-1.713728883e-01,2.190651161e-01,-1.133348410e-01,-6.343138023e-01,7.715763763e+00,6.275801102e+00
131902.752787042,-2.883946782e-01,3.532099434e-01,-3.284364726e-02,-4.324526749e-01,7.717409776e+00,6.124068571e+00
131902.762794042,-3.713368922e-01,4.534154633e-01,2.232126962e-02,-2.142810486e-01,7.552060224e+00,6.220285551e+00
131902.772801042,-4.165646265e-01,4.914725243e-01,3.149387214e-02,1.167173309e-02,7.313088971e+00,6.593781010e+00
131902.782808042,-4.017794129e-01,4.489181743e-01,1.062774759e-02,2.847603600e-01,6.868814925e+00,7.138012975e+00
131902.792815042,-3.312262917e-01,3.301758652e-01,-3.576577275e-02,4.650736725e-01,6.455815139e+00,7.744793458e+00
131902.802821042,-2.332353832e-01,1.633137165e-01,-1.159361332e-01,7.134720947e-01,6.101024380e+00,8.164377299e+00
131902.812828042,-1.370471299e-01,-1.018828340e-02,-2.191528000e-01,9.573813889e-01,5.876119062e+00,8.242787403e+00
131902.822835042,-4.934562834e-02,-1.488612120e-01,-3.205432018e-01,1.083825164e+00,5.655702872e+00,8.097938203e+00
131902.832842042,1.147897519e-02,-2.107626226e-01,-4.048376451e-01,1.097591824e+00,5.638494547e+00,7.828889791e+00
131902.842849042,2.272296400e-02,-1.993492810e-01,-4.553282330e-01,1.023970123e+00,5.740547393e+00,7.418733119e+00
131902.852856042,-3.311947738e-02,-1.378959659e-01,-4.818887643e-01,8.459013741e-01,5.777807156e+00,6.775141785e+00
131902.862862042,-1.253738976e-01,-6.235784313e-02,-4.935525685e-01,6.073790337e-01,5.728726022e+00,6.170156953e+00
131902.872869042,-2.276652290e-01,-1.315122176e-02,-4.940034439e-01,2.409165421e-01,5.703736543e+00,5.983109949e+00
131902.882876042,-3.118819435e-01,1.117372779e-03,-4.873494515e-01,-1.128267532e-01,5.557989516e+00,6.115838503e+00
131902.892883042,-3.688234747e-01,-2.661794814e-02,-4.750277734e-01,-4.513070129e-01,5.489904407e+00,6.441001016e+00
131902.902890042,-4.061192787e-01,-8.505213451e-02,-4.506887733e-01,-8.367734802e-01,5.534346775e+00,6.797288151e+00
131902.912897042,-4.559644041e-01,-1.358644514e-01,-4.117035670e-01,-1.086817916e+00,5.637297446e+00,6.957998937e+00
131902.922903042,-5.332599129e-01,-1.493101555e-01,-3.579595721e-01,-1.173158813e+00,5.843049152e+00,6.815095026e+00
131902.932910042,-6.240863478e-01,-1.085223144e-01,-3.072843068e-01,-1.069011041e+00,6.098929454e+00,6.657077716e+00
131902.942917042,-7.258974618e-01,-4.575175439e-02,-2.741897618e-01,-8.173205917e-01,6.287472835e+00,6.570138268e+00
131902.952924042,-8.264409852e-01,1.528219404e-02,-2.686997617e-01,-5.779004257e-01,6.304980434e+00,6.587795506e+00
131902.962931042,-8.855004313e-01,3.259408963e-02,-2.871567754e-01,-4.547486778e-01,6.111199738e+00,6.846070010e+00
131902.972938042,-8.593846632e-01,-1.121211791e-02,-3.157640109e-01,-5.650315918e-01,5.904849482e+00,7.580940282e+00
131902.982944042,-7.492208257e-01,-1.045782323e-01,-3.433674097e-01,-8.098387115e-01,5.769726726e+00,8.589198456e+00
131902.992951042,-6.025595190e-01,-2.168300214e-01,-3.668990885e-01,-1.069160679e+00,5.864148054e+00,9.361777404e+00
131903.002958042,-4.767328296e-01,-2.943058951e-01,-3.956651739e-01,-1.091606319e+00,5.907542959e+00,9.549871872e+00
131903.012965042,-3.819299274e-01,-3.138377385e-01,-4.273775665e-01,-8.716390419e-01,5.847837555e+00,9.281122736e+00
131903.022972042,-3.441440401e-01,-2.913841205e-01,-4.464620967e-01,-6.824971107e-01,5.770624551e+00,8.872462440e+00
131903.032979042,-3.803730379e-01,-2.637640596e-01,-4.356406771e-01,-5.816413658e-01,5.485265641e+00,8.274510575e+00
131903.042985042,-4.535594388e-01,-2.592032210e-01,-4.206748107e-01,-4.697124382e-01,5.087977803e+00,7.831134355e+00
131903.052992042,-4.797014228e-01,-2.715720115e-01,-4.187250576e-01,-3.311480171e-01,4.761618189e+00,8.035688960e+00
131903.062999042,-4.207737026e-01,-2.867827431e-01,-4.140182859e-01,-2.783259430e-01,4.639513905e+00,8.902539598e+00
131903.073006042,-3.193373076e-01,-2.969921443e-01,-4.096334437e-01,-2.932897034e-01,4.566490754e+00,9.610325464e+00
131903.083013042,-2.125208253e-01,-3.045665678e-01,-4.063331079e-01,-2.979284691e-01,4.430619810e+00,9.814131880e+00
131903.093020042,-1.110411604e-01,-3.071087894e-01,-3.835797386e-01,-4.303577484e-01,4.514716143e+00,9.793332253e+00
131903.103027042,-1.497945622e-02,-2.985352097e-01,-3.431347960e-01,-6.473322739e-01,4.820425768e+00,9.589675475e+00
131903.113033042,4.862934916e-02,-2.651907158e-01,-3.025360363e-01,-7.933785751e-01,5.090671280e+00,9.229797038e+00
131903.123040042,8.982647620e-02,-2.155598644e-01,-2.800104328e-01,-7.296329559e-01,5.264250900e+00,8.841936369e+00
131903.133047042,1.293040990e-01,-1.669879590e-01,-2.768204585e-01,-6.712742905e-01,5.407154812e+00,8.609998083e+00
131903.143054042,1.690702182e-01,-1.340047255e-01,-2.787526428e-01,-6.968623207e-01,5.433790305e+00,8.509441613e+00
131903.153061042,2.035685496e-01,-1.279244754e-01,-2.874784986e-01,-8.093897987e-01,5.426308425e+00,8.399906887e+00
131903.163068042,2.273285498e-01,-1.377969692e-01,-2.914457575e-01,-9.835679695e-01,5.432293929e+00,8.210914594e+00
131903.173075042,2.442865220e-01,-1.494040069e-01,-2.712530447e-01,-1.279102237e+00,5.516539900e+00,8.014141145e+00
131903.183081042,2.227967972e-01,-1.660898545e-01,-2.205976047e-01,-1.578377444e+00,5.684582929e+00,7.686883705e+00
131903.193088042,1.607844278e-01,-1.867974829e-01,-1.678899921e-01,-1.749562863e+00,5.832873795e+00,7.124994503e+00
131903.203095042,8.886390136e-02,-1.996041449e-01,-1.360257747e-01,-1.696291876e+00,6.024260290e+00,6.719775872e+00
131903.213102042,2.522301156e-02,-1.998126667e-01,-1.249087205e-01,-1.492485460e+00,6.187215640e+00,6.593930647e+00
131903.223109042,-4.469514540e-02,-1.938099670e-01,-1.294267529e-01,-1.313967799e+00,6.285677184e+00,6.541108573e+00
131903.233116042,-9.557442921e-02,-1.727175771e-01,-1.433750335e-01,-1.147570783e+00,6.311414851e+00,6.596324849e+00
131903.243122042,-1.148135458e-01,-1.548907941e-01,-1.583929161e-01,-1.051802717e+00,6.280888780e+00,6.941838076e+00
131903.253129042,-1.261336994e-01,-1.529842536e-01,-1.836064812e-01,-1.005714335e+00,6.245574306e+00,7.176170564e+00
131903.263136042,-1.338133680e-01,-1.826116013e-01,-2.166631767e-01,-9.069535164e-01,6.146214937e+00,7.190685411e+00
131903.273143042,-1.331804137e-01,-2.513803799e-01,-2.467219655e-01,-9.626187050e-01,6.104615683e+00,7.248595164e+00
131903.283150042,-1.414590729e-01,-3.366397867e-01,-2.761556556e-01,-1.039083521e+00,6.099079092e+00,7.213879240e+00
131903.293157042,-1.531676987e-01,-4.102873326e-01,-3.028457953e-01,-1.028309613e+00,6.048501582e+00,7.174973463e+00
131903.303164042,-1.432102732e-01,-4.465926517e-01,-3.050662099e-01,-1.094599072e+00,6.025756666e+00,7.403619721e+00
131903.313170042,-1.128606495e-01,-4.338806776e-01,-2.742057959e-01,-1.225083062e+00,5.930886425e+00,7.833378919e+00
131903.323177042,-8.140077482e-02,-3.760224600e-01,-2.318405329e-01,-1.313818161e+00,5.837961473e+00,8.127267173e+00
131903.333184042,-5.689310485e-02,-2.975902834e-01,-2.006484172e-01,-1.292120708e+00,5.745784709e+00,8.156745781e+00
131903.343191042,-3.973609771e-02,-2.323151876e-01,-1.841899960e-01,-1.245433776e+00,5.650914468e+00,8.117540729e+00
131903.353198042,-2.053777777e-02,-1.996390652e-01,-1.965108596e-01,-1.241992111e+00,5.651363381e+00,7.979275583e+00
131903.363205042,1.141543714e-02,-1.996165756e-01,-2.200126017e-01,-1.221192484e+00,5.618143833e+00,7.887098819e+00
131903.373211042,4.714212860e-02,-2.197437327e-01,-2.491444398e-01,-1.248276891e+00,5.658994899e+00,7.948899149e+00
131903.383218042,6.755168619e-02,-2.470679286e-01,-2.704938911e-01,-1.339555829e+00,5.736507178e+00,7.895927438e+00
131903.393225042,7.194486711e-02,-2.771170121e-01,-2.812799936e-01,-1.494281111e+00,5.912929913e+00,7.737012302e+00
131903.403232042,5.871803489e-02,-3.123776275e-01,-2.878916311e-01,-1.650802045e+00,6.128557700e+00,7.563731957e+00
131903.413239042,1.751846807e-02,-3.590633540e-01,-2.884221139e-01,-1.801636749e+00,6.331466290e+00,7.306056004e+00
131903.423246042,-4.581736438e-02,-4.113038645e-01,-2.881081277e-01,-1.876904464e+00,6.507290475e+00,7.052420265e+00
131903.433253042,-1.083427747e-01,-4.403569741e-01,-2.813777426e-01,-1.907280898e+00,6.531980679e+00,6.952013433e+00
131903.443259042,-1.410335646e-01,-4.343000206e-01,-2.589770095e-01,-1.812111382e+00,6.362740549e+00,7.128436168e+00
131903.453266042,-1.048957910e-01,-3.962415438e-01,-2.075753551e-01,-1.751957065e+00,6.182876150e+00,7.764994534e+00
131903.463272750,-3.753389913e-02,-3.331075256e-01,-1.468538535e-01,-1.670703846e+00,6.137835231e+00,8.426243105e+00
131903.473279750,1.884957453e-02,-2.558182476e-01,-9.846963072e-02,-1.427842015e+00,6.153996092e+00,8.623315829e+00
131903.483286750,5.298379880e-02,-1.962152287e-01,-6.678652393e-02,-1.142333467e+00,6.181230136e+00,8.554931445e+00
131903.493293750,5.772899807e-02,-1.710062263e-01,-4.450974315e-02,-9.772831902e-01,6.245873581e+00,8.373121756e+00
131903.503300750,2.451743506e-02,-1.793556149e-01,-6.138620450e-02,-8.029553818e-01,6.289717399e+00,7.989899853e+00
131903.513306750,-1.921338520e-02,-1.957997518e-01,-1.023543896e-01,-5.102642288e-01,6.225522867e+00,7.692719572e+00
131903.523313750,-6.562769571e-02,-2.138020075e-01,-1.506515484e-01,-3.666121292e-01,6.178536659e+00,7.602488097e+00
131903.533320750,-1.071582684e-01,-2.044349308e-01,-2.072307299e-01,-3.520972816e-01,6.120477269e+00,7.570764925e+00
131903.543327750,-1.131011771e-01,-1.574665377e-01,-2.510899942e-01,-3.586813362e-01,5.971887128e+00,7.740304330e+00
131903.553334750,-8.460777135e-02,-7.676208426e-02,-2.660676302e-01,-4.794388824e-01,6.006154140e+00,8.144026585e+00
131903.563341750,-5.356637769e-02,4.357445372e-03,-2.585043571e-01,-6.676829880e-01,6.044760641e+00,8.278850066e+00
131903.573347750,-5.466470629e-02,5.331832658e-02,-2.350136973e-01,-8.421604340e-01,6.039822601e+00,8.042123376e+00
131903.583354750,-9.303190171e-02,6.430381123e-02,-1.851546443e-01,-1.001973395e+00,6.019022974e+00,7.712471735e+00
131903.593361750,-1.628568068e-01,7.115734716e-02,-1.233801132e-01,-1.002871220e+00,6.019471886e+00,7.393145089e+00
131903.603368750,-2.357417446e-01,8.851981038e-02,-6.419216922e-02,-7.416039642e-01,5.931634613e+00,7.231686115e+00
131903.613375750,-3.000877650e-01,9.321453294e-02,-1.574948951e-02,-3.802291512e-01,5.928941136e+00,7.330147658e+00
131903.623382750,-3.643449325e-01,9.193467414e-02,-4.910211532e-04,1.062426987e-01,5.822249525e+00,7.392696176e+00
131903.633389750,-3.991604052e-01,9.045845408e-02,9.279341720e-03,5.579986244e-01,5.609464852e+00,7.624634462e+00
131903.643395750,-4.018445596e-01,7.514600005e-02,1.336150414e-02,7.378630241e-01,5.577442405e+00,8.045116129e+00
131903.653402750,-3.904166805e-01,6.081076083e-02,1.476175465e-02,9.424176285e-01,5.396979455e+00,8.252214572e+00
131903.663409750,-3.582570885e-01,4.991492680e-02,9.230514873e-04,1.129015720e+00,5.262305611e+00,8.334664892e+00
131903.673416750,-2.963537257e-01,2.078533753e-02,-2.618141125e-02,1.301547878e+00,5.185691158e+00,8.507346687e+00
131903.683423750,-2.266253339e-01,-3.848974472e-02,-6.500749224e-02,1.341950031e+00,5.138704951e+00,8.550591954e+00
131903.693430750,-1.451601280e-01,-1.129693777e-01,-1.155017795e-01,1.331026485e+00,5.075707520e+00,8.504204297e+00
131903.703437750,-5.648539884e-02,-1.899181572e-01,-1.618572625e-01,1.287631580e+00,5.127482130e+00,8.541613698e+00
131903.713443750,-1.545224801e-03,-2.465750225e-01,-2.102872169e-01,1.219995383e+00,5.276970097e+00,8.380005086e+00
131903.723450750,1.944076574e-02,-2.732084851e-01,-2.592532932e-01,1.197998656e+00,5.354632013e+00,7.994688256e+00
131903.733457750,1.662968027e-02,-2.648352520e-01,-2.850402476e-01,1.094449434e+00,5.396380904e+00,7.713369561e+00
131903.743464750,-3.009334703e-03,-2.303127716e-01,-2.898743698e-01,8.328829025e-01,5.473444270e+00,7.580940282e+00
131903.753471750,-3.185216532e-02,-1.993400133e-01,-2.762752315e-01,5.470750793e-01,5.521627579e+00,7.483526202e+00
131903.763478750,-6.595897591e-02,-1.977776963e-01,-2.555836039e-01,2.497451607e-01,5.596147105e+00,7.372794375e+00
131903.773485750,-9.293560840e-02,-2.257640620e-01,-2.322074313e-01,-2.678513107e-02,5.713313349e+00,7.296628835e+00
131903.783491750,-1.093629213e-01,-2.647909819e-01,-1.963799373e-01,-2.697965996e-01,5.850082119e+00,7.359027715e+00
131903.793498750,-1.283661176e-01,-2.878752719e-01,-1.598305335e-01,-4.106055847e-01,5.972635316e+00,7.344512868e+00
131903.803505750,-1.530659978e-01,-2.735762603e-01,-1.329415255e-01,-3.898059578e-01,6.037129124e+00,7.324311791e+00
131903.813512750,-1.687453648e-01,-2.248188619e-01,-1.150411125e-01,-2.084451820e-01,5.971438216e+00,7.394791103e+00
131903.823519750,-1.738965814e-01,-1.622605459e-01,-9.828663265e-02,-1.291372520e-01,5.943306346e+00,7.615506568e+00
131903.833526750,-1.822337761e-01,-1.193142438e-01,-9.823602725e-02,-1.195604454e-01,5.868188269e+00,7.744793458e+00
131903.843533750,-2.069219121e-01,-1.005573871e-01,-1.322012687e-01,-3.366846085e-02,5.740397755e+00,7.662941689e+00
131903.853539750,-2.233282085e-01,-1.131360686e-01,-1.724067845e-01,3.875613937e-02,5.588964500e+00,7.654412345e+00
131903.863546750,-2.270625193e-01,-1.372150663e-01,-2.165667362e-01,-5.985504150e-03,5.536740977e+00,7.820360448e+00
131903.873553750,-2.302183839e-01,-1.566996659e-01,-2.640857456e-01,1.795651245e-03,5.371840337e+00,7.912986124e+00
131903.883560750,-2.001271709e-01,-1.701302619e-01,-2.933842122e-01,-5.057751007e-02,5.235370843e+00,8.166621863e+00
131903.893567750,-1.457274578e-01,-1.758149124e-01,-2.948600625e-01,-2.690484116e-01,5.188234998e+00,8.545953188e+00
131903.903574750,-9.235512507e-02,-1.672509414e-01,-2.862706281e-01,-4.659714981e-01,5.178358916e+00,8.639327053e+00
131903.913581750,-4.960630208e-02,-1.635454159e-01,-2.748463360e-01,-5.530605835e-01,5.171026673e+00,8.531587978e+00
131903.923587750,-2.691106040e-02,-1.553708939e-01,-2.669015644e-01,-5.725134720e-01,5.151873060e+00,8.325237723e+00
131903.933594750,-3.958720681e-02,-1.317565210e-01,-2.782198981e-01,-4.537012146e-01,5.132869084e+00,7.988553114e+00
131903.943601750,-5.238722292e-02,-9.935217122e-02,-2.913180362e-01,-3.374327965e-01,5.046977100e+00,7.798363720e+00
131903.953608750,-4.101712582e-02,-8.360015417e-02,-2.827370063e-01,-4.569932419e-01,4.992808287e+00,7.971644065e+00
131903.963615750,-1.944019252e-02,-1.025186251e-01,-2.755840242e-01,-6.940192062e-01,4.966172794e+00,8.164826212e+00
131903.973622750,2.387076621e-02,-1.637224224e-01,-2.791655988e-01,-8.438064476e-01,4.965873518e+00,8.232312771e+00
131903.983629750,8.234818928e-02,-2.338806412e-01,-2.683039070e-01,-1.011699839e+00,5.078550634e+00,8.379705811e+00
131903.993635750,1.284440083e-01,-2.838482430e-01,-2.515374121e-01,-1.148318971e+00,5.327996519e+00,8.399607612e+00
131904.003642750,1.302964403e-01,-2.830606964e-01,-2.326006958e-01,-1.113603047e+00,5.496039548e+00,8.131008113e+00
131904.013649750,1.061817346e-01,-2.273001501e-01,-1.996573567e-01,-1.068412491e+00,5.668721343e+00,7.807491614e+00
131904.023656750,7.058208534e-02,-1.305818497e-01,-1.490430726e-01,-1.127968257e+00,5.737704279e+00,7.709478983e+00
131904.033663750,2.908191285e-02,-1.857300469e-02,-8.409710164e-02,-1.244087038e+00,5.741894131e+00,7.696011599e+00
131904.043670750,-1.686881381e-02,9.864594433e-02,-2.210946366e-02,-1.295562373e+00,5.635052882e+00,7.587374699e+00
131904.053677750,-6.311462212e-02,1.965079299e-01,3.931689062e-02,-1.301847153e+00,5.512649323e+00,7.502679815e+00
131904.063683750,-1.099533125e-01,2.544367877e-01,7.759562180e-02,-1.247079790e+00,5.372738163e+00,7.377433141e+00
131904.073690750,-1.427553031e-01,2.787612735e-01,9.870243662e-02,-1.173308451e+00,5.274276620e+00,7.314585347e+00
131904.083697750,-1.389743741e-01,2.700730574e-01,1.123511488e-01,-1.087117191e+00,5.232228453e+00,7.478737798e+00
131904.093704750,-1.012628957e-01,2.320167791e-01,1.234604172e-01,-1.050007066e+00,5.289090742e+00,7.756465191e+00
131904.103711750,-6.000526211e-02,1.494877980e-01,1.102529465e-01,-9.701005852e-01,5.402815321e+00,7.888595195e+00
131904.113718750,1.576318290e-03,4.039895688e-02,6.568767457e-02,-7.522282341e-01,5.443965662e+00,7.920468005e+00
131904.123725750,9.427226619e-02,-1.044665785e-01,1.914715842e-02,-6.097732353e-01,5.556642778e+00,8.183081999e+00
131904.133731750,2.012575572e-01,-2.623961787e-01,-2.799435921e-02,-5.729623848e-01,5.728576385e+00,8.402450726e+00
131904.143738750,2.776810173e-01,-3.860113691e-01,-9.223735226e-02,-3.930979851e-01,5.804741925e+00,8.298602229e+00
131904.153745750,3.413462302e-01,-4.392415677e-01,-1.536345090e-01,-4.489128113e-03,5.902455280e+00,8.077138576e+00
131904.163752750,3.788793148e-01,-3.961567580e-01,-1.895001525e-01,2.733879021e-01,6.079177290e+00,7.937227416e+00
131904.173759750,3.531454756e-01,-2.796182326e-01,-1.828825202e-01,3.673603172e-01,6.243479379e+00,7.507468218e+00
131904.183766750,2.762432132e-01,-1.310681719e-01,-1.409119594e-01,3.431190254e-01,6.348076064e+00,6.922983738e+00
131904.193773750,1.780177367e-01,-8.661062410e-03,-7.584134972e-02,1.833060646e-01,6.486191573e+00,6.559663636e+00
131904.203779750,6.783024283e-02,7.619703149e-02,-1.351451388e-02,-6.584054565e-03,6.652139675e+00,6.359897435e+00
131904.213786750,-4.718437874e-02,1.296986199e-01,4.164713375e-02,-8.215104446e-02,6.716034932e+00,6.255300750e+00
131904.223793750,-1.487604047e-01,1.595482454e-01,6.890920061e-02,-1.705868683e-02,6.683114659e+00,6.343586936e+00
131904.233800750,-2.048551876e-01,1.746948106e-01,7.180454922e-02,9.367313995e-02,6.625953094e+00,6.714837831e+00
131904.243807750,-2.214394998e-01,1.847356090e-01,6.336028481e-02,8.828618622e-02,6.552331393e+00,7.226748074e+00
131904.253814750,-2.203790133e-01,2.020497737e-01,5.740054372e-02,4.878185883e-02,6.436811163e+00,7.598447881e+00
131904.263821750,-2.150369818e-01,2.422634882e-01,4.344793677e-02,6.569090805e-02,6.258293502e+00,7.791480390e+00
131904.273827750,-2.104873192e-01,2.959398247e-01,1.702314274e-02,1.839046150e-01,6.139780520e+00,7.867945206e+00
131904.283834750,-1.965635504e-01,3.275205913e-01,-1.276352338e-02,2.232593048e-01,6.089801560e+00,7.918971629e+00
131904.293841750,-1.926984415e-01,3.082162813e-01,-4.067930755e-02,8.245031967e-02,6.083965694e+00,7.961618346e+00
131904.303848750,-2.121768247e-01,2.439579114e-01,-6.527833713e-02,-1.048959602e-01,5.984456687e+00,7.872583971e+00
131904.313855750,-2.336088963e-01,1.581646394e-01,-8.656312739e-02,-2.829647087e-01,5.872976672e+00,7.826345952e+00
131904.323862750,-2.343804070e-01,6.373309927e-02,-9.994724991e-02,-4.659714981e-01,5.818059672e+00,8.132803764e+00
131904.333869750,-2.333480069e-01,-1.742410276e-02,-1.151366805e-01,-5.406406624e-01,5.783194110e+00,8.429984045e+00
131904.343875750,-2.382577378e-01,-7.383564341e-02,-1.233774390e-01,-5.454290657e-01,5.702838717e+00,8.508992700e+00
131904.353882750,-2.535172818e-01,-9.769305849e-02,-1.176410747e-01,-6.205471428e-01,5.559485892e+00,8.551639417e+00
131904.363889750,-2.695505519e-01,-8.700449538e-02,-1.046126688e-01,-6.257844589e-01,5.445761314e+00,8.588300630e+00
131904.373896750,-2.595073769e-01,-6.873475728e-02,-7.496725144e-02,-6.425438705e-01,5.417479807e+00,8.795698349e+00
131904.383903750,-2.122700016e-01,-6.189039668e-02,-4.115295576e-02,-7.513304085e-01,5.404910248e+00,9.125050715e+00
131904.393910750,-1.358241114e-01,-8.676968508e-02,-8.795390665e-03,-8.216600822e-01,5.444713850e+00,9.452158517e+00
131904.403916750,-5.469087648e-02,-1.472681557e-01,7.602438693e-03,-8.352771042e-01,5.442918199e+00,9.625289224e+00
131904.413923750,1.537390689e-02,-2.115165407e-01,4.952177843e-03,-6.811503723e-01,5.362113893e+00,9.586084172e+00
131904.423930750,6.765272224e-02,-2.446270001e-01,-7.718434617e-03,-4.311059364e-01,5.237615407e+00,9.459041846e+00
131904.433937750,1.051691166e-01,-2.364771211e-01,-1.605706912e-02,-2.172738007e-01,5.127332493e+00,9.306261853e+00
131904.443944750,9.796158462e-02,-1.865971006e-01,-1.257524356e-02,-1.192611702e-01,4.988169521e+00,8.994866000e+00
131904.453951750,4.837717174e-02,-1.158230529e-01,-1.035093415e-03,-8.409633331e-02,4.846013798e+00,8.525602474e+00
131904.463958875,-1.266737095e-02,-5.326227812e-02,2.082892693e-02,-1.177647942e-01,4.710741404e+00,8.221838139e+00
131904.473965875,-5.306212062e-02,-1.182741555e-02,4.505409472e-02,-1.607107864e-01,4.645499409e+00,8.213159158e+00
131904.483971875,-6.318488365e-02,-7.014067055e-03,6.024089672e-02,-2.240074928e-01,4.637119703e+00,8.413523909e+00
131904.493978875,-4.880813609e-02,-3.430169130e-02,6.304020360e-02,-2.181716263e-01,4.605546169e+00,8.599373813e+00
131904.503985875,-2.938816239e-02,-9.300136354e-02,5.132510930e-02,-1.616086121e-01,4.483292246e+00,8.647407484e+00
131904.513992875,-1.239136066e-03,-1.697881850e-01,2.755857291e-02,-8.649053497e-02,4.355651370e+00,8.618826701e+00
131904.523999875,2.913743064e-02,-2.485238779e-01,1.540561658e-02,-7.122749939e-02,4.283526045e+00,8.649203135e+00
131904.534006875,4.380403712e-02,-3.151179377e-01,8.802856584e-03,-1.110311020e-01,4.340537972e+00,8.653841901e+00
131904.544013875,4.090627594e-02,-3.365354101e-01,9.983485922e-03,-7.242460022e-02,4.370615131e+00,8.452280048e+00
131904.554019875,2.532564363e-02,-3.167465364e-01,2.789975611e-02,2.693476868e-03,4.385429253e+00,8.300846793e+00
131904.564026875,-2.234130755e-02,-2.799590320e-01,6.202467053e-02,1.241992111e-02,4.472368701e+00,8.188169678e+00
131904.574033875,-1.142563479e-01,-2.410594088e-01,8.789905797e-02,7.481880188e-02,4.451419437e+00,7.877222737e+00
131904.584040875,-2.045480327e-01,-2.011065473e-01,1.029618640e-01,1.900397568e-01,4.438999516e+00,7.635558007e+00
131904.594047875,-2.537498730e-01,-1.718091577e-01,1.316573775e-01,1.149216797e-01,4.439448428e+00,7.906402070e+00
131904.604054875,-2.664847464e-01,-1.559504897e-01,1.700052435e-01,-4.144961624e-02,4.485536810e+00,8.394819209e+00
131904.614060875,-2.571698298e-01,-1.587157808e-01,1.908195596e-01,-2.498947983e-02,4.385728529e+00,8.662670519e+00
131904.624067875,-2.137920465e-01,-1.749108721e-01,2.006113567e-01,2.513911743e-02,4.315548492e+00,8.917652996e+00
131904.634074875,-1.455546931e-01,-1.943358123e-01,2.054670186e-01,1.122282028e-02,4.353257169e+00,9.251793765e+00
131904.644081875,-8.036548462e-02,-1.914032288e-01,1.938017024e-01,9.112930069e-02,4.385728529e+00,9.370007472e+00
131904.654088875,-1.537034835e-02,-1.643909171e-01,1.788102509e-01,2.413654549e-01,4.257489102e+00,9.355791900e+00
131904.664095875,2.746235482e-02,-1.280246446e-01,1.683210582e-01,2.642600082e-01,4.153939880e+00,9.252691591e+00
131904.674102875,5.975721832e-02,-1.003619185e-01,1.482780713e-01,2.130839478e-01,3.979013522e+00,9.071779728e+00
131904.684108875,8.785427639e-02,-1.176992419e-01,1.288745319e-01,7.975684280e-02,3.820397662e+00,8.936956247e+00
131904.694115875,1.282114050e-01,-1.922565382e-01,1.146922634e-01,-1.336263802e-01,3.784035724e+00,8.880692508e+00
131904.704122875,1.893981251e-01,-3.098344569e-01,1.088552375e-01,-3.706523445e-01,3.898658128e+00,8.994267449e+00
131904.714129875,2.448567112e-01,-4.221918394e-01,1.059299288e-01,-4.842272858e-01,4.147355826e+00,9.040056556e+00
131904.724136875,2.726764693e-01,-4.917113207e-01,1.030688976e-01,-3.374327965e-01,4.336048844e+00,8.880692508e+00
131904.734143875,2.815508713e-01,-5.270878575e-01,9.911055671e-02,-1.511339798e-01,4.522347661e+00,8.660425955e+00
131904.744150875,2.768864231e-01,-5.339098520e-01,1.004831270e-01,-1.511339798e-02,4.663755196e+00,8.528744864e+00
131904.754156875,2.498782546e-01,-5.119289902e-01,9.691967731e-02,8.738836060e-02,4.748150805e+00,8.366687339e+00
131904.764163875,1.975228578e-01,-4.724014203e-01,9.248268529e-02,2.267009697e-01,4.766406593e+00,8.168567152e+00
131904.774170875,1.445905631e-01,-4.185311743e-01,8.797189057e-02,3.760392982e-01,4.761468552e+00,8.051400908e+00
131904.784177875,1.198033607e-01,-3.577649688e-01,9.274351009e-02,4.876689507e-01,4.797980127e+00,8.164526936e+00
131904.794184875,1.252001154e-01,-3.215300378e-01,9.708778338e-02,5.354033463e-01,4.913051444e+00,8.440907590e+00
131904.804191875,1.528414993e-01,-2.953615583e-01,8.906318623e-02,6.218938812e-01,4.974402862e+00,8.600122001e+00
131904.814198875,1.946580625e-01,-3.088636648e-01,7.109428050e-02,7.034463753e-01,5.140051689e+00,8.657732478e+00
131904.824204875,2.077695986e-01,-3.587214285e-01,2.692465574e-02,8.429086220e-01,5.243600911e+00,8.544307175e+00
131904.834211875,1.748283229e-01,-4.250203193e-01,-5.061188891e-02,1.142782380e+00,5.239560696e+00,8.118887467e+00
131904.844218875,1.189709581e-01,-4.800680109e-01,-1.502011764e-01,1.474528947e+00,5.266645102e+00,7.766939823e+00
131904.854225875,5.727129044e-02,-4.735402904e-01,-2.386334666e-01,1.786523351e+00,5.234921930e+00,7.665335890e+00
131904.864232875,-9.348484826e-04,-3.957998512e-01,-3.067604186e-01,2.032228297e+00,5.185092608e+00,7.753771714e+00
131904.874239875,-2.084930725e-02,-2.829782342e-01,-3.584208481e-01,2.148496715e+00,5.212476289e+00,8.021024474e+00
131904.884246875,1.997519222e-03,-1.819588691e-01,-3.875083098e-01,2.035520324e+00,5.231031352e+00,8.520963708e+00
131904.894252875,5.137684930e-02,-1.387335569e-01,-3.947005909e-01,1.690904922e+00,5.247042576e+00,8.958653699e+00
131904.904259875,1.013986054e-01,-1.433367272e-01,-4.139199814e-01,1.398513045e+00,5.196913979e+00,9.091831167e+00
131904.914266875,1.616429534e-01,-1.943333509e-01,-4.518484846e-01,1.269675068e+00,5.172373412e+00,9.106196377e+00
131904.924273875,2.024508367e-01,-2.855784509e-01,-5.040954735e-01,1.165826571e+00,5.158906027e+00,9.036016341e+00
131904.934280875,2.070973611e-01,-3.963970020e-01,-5.626193053e-01,1.096394723e+00,5.160851316e+00,8.761580975e+00
131904.944287875,1.731930401e-01,-4.766202028e-01,-6.331468726e-01,1.197699380e+00,5.185691158e+00,8.364592413e+00
131904.954294875,1.393484851e-01,-4.990415138e-01,-7.046469168e-01,1.359008717e+00,5.311835658e+00,8.181735261e+00
131904.964300875,1.280366318e-01,-4.737202203e-01,-7.603898131e-01,1.383100372e+00,5.506065268e+00,8.338854745e+00
131904.974307875,1.280356826e-01,-4.139933166e-01,-7.841767601e-01,1.241243923e+00,5.621884773e+00,8.576628897e+00
131904.984314875,1.321584801e-01,-3.586181541e-01,-7.943374528e-01,9.804255798e-01,5.706729295e+00,8.729558528e+00
131904.994321875,1.360050268e-01,-3.186427383e-01,-7.965479375e-01,7.640496048e-01,5.722441243e+00,8.832658837e+00
131905.004328875,1.641230328e-01,-3.002492372e-01,-7.893258987e-01,5.535094963e-01,5.681141264e+00,8.997709114e+00
131905.014335875,2.045641729e-01,-3.243296392e-01,-7.788244515e-01,2.853589104e-01,5.648520267e+00,9.175478587e+00
131905.024341875,2.392295882e-01,-3.950058309e-01,-7.874197846e-01,1.303343529e-01,5.719149216e+00,9.081057259e+00
131905.034348875,2.527285951e-01,-5.003137245e-01,-8.200995052e-01,1.454477509e-01,5.799354971e+00,8.782829515e+00
131905.044355875,2.224375194e-01,-5.969986378e-01,-8.595968599e-01,2.359785011e-01,5.914725564e+00,8.388833704e+00
131905.054362875,1.488009515e-01,-6.534838338e-01,-8.998058961e-01,4.132990616e-01,6.001964287e+00,7.927052059e+00
131905.064369875,7.381313566e-02,-6.465650025e-01,-9.263357369e-01,6.537666908e-01,6.028150867e+00,7.641543511e+00
131905.074376875,2.675235840e-02,-5.835281632e-01,-9.259627511e-01,6.970119583e-01,6.109254449e+00,7.783699235e+00
131905.084383875,1.321603848e-02,-4.913057231e-01,-8.848076876e-01,5.734112976e-01,6.152499716e+00,8.098686391e+00
131905.094389875,2.642078303e-02,-4.116733402e-01,-8.252053001e-01,3.673603172e-01,6.250811622e+00,8.358157996e+00
131905.104396875,5.904097952e-02,-3.681694541e-01,-7.579550720e-01,2.048538795e-01,6.384438002e+00,8.501510820e+00
131905.114403875,9.892683948e-02,-3.693530266e-01,-7.130220209e-01,2.006640266e-01,6.459406441e+00,8.539369134e+00
131905.124410875,1.418642864e-01,-4.217336597e-01,-6.814326926e-01,2.256535065e-01,6.597671587e+00,8.527996676e+00
131905.134417875,1.828632843e-01,-5.252172044e-01,-6.585151560e-01,2.035071411e-01,6.595427023e+00,8.434622811e+00
131905.144424875,2.126201042e-01,-6.551497178e-01,-6.449240610e-01,2.346317627e-01,6.533925968e+00,8.259097902e+00
131905.154431875,2.414793417e-01,-7.690169686e-01,-6.363504891e-01,3.299509163e-01,6.453420937e+00,8.119785293e+00
131905.164437875,2.559150788e-01,-8.282087632e-01,-6.257835044e-01,6.027402679e-01,6.252307998e+00,7.957278855e+00
131905.174444875,2.480494883e-01,-8.177084087e-01,-6.170282979e-01,1.086518641e+00,6.010194355e+00,7.679850738e+00
131905.184451875,2.069634376e-01,-7.542533989e-01,-6.302672280e-01,1.720084255e+00,5.876119062e+00,7.318924837e+00
131905.194458875,1.519670008e-01,-6.762303871e-01,-6.755866255e-01,2.330904954e+00,5.845443353e+00,7.012018112e+00
131905.204465875,1.031307775e-01,-6.159523954e-01,-7.398941637e-01,2.707093890e+00,5.911583174e+00,6.860435220e+00
131905.214472875,6.134652688e-02,-5.971948980e-01,-8.145300682e-01,2.829048537e+00,5.901407817e+00,6.778583450e+00
131905.224479875,3.218117662e-02,-6.378624308e-01,-8.919422438e-01,2.706345702e+00,5.945850185e+00,6.781276927e+00
131905.234485875,2.195772697e-02,-7.276491824e-01,-9.590953007e-01,2.480243282e+00,5.882104566e+00,6.866420724e+00
131905.244492875,3.309126822e-02,-8.438911438e-01,-1.007858022e+00,2.124704336e+00,5.841253500e+00,7.016806516e+00
131905.254499875,5.338622781e-02,-9.477147313e-01,-1.030946163e+00,1.742679533e+00,5.746233622e+00,7.146841593e+00
131905.264506875,8.148840456e-02,-9.961003015e-01,-1.031382498e+00,1.533336526e+00,5.706430019e+00,7.228693362e+00
131905.274513875,1.257735273e-01,-9.892670769e-01,-1.020910332e+00,1.455824247e+00,5.832724157e+00,7.283161450e+00
131905.284520875,1.524584506e-01,-9.207013165e-01,-9.628571126e-01,1.299153676e+00,6.123769296e+00,7.174524550e+00
131905.294527875,9.287897554e-02,-8.291898900e-01,-8.916500214e-01,1.137545064e+00,6.606200931e+00,6.552032118e+00
131905.304533875,1.688866108e-02,-7.555738403e-01,-8.362253886e-01,1.220593934e+00,6.566247691e+00,5.911732812e+00
131905.314540875,-2.523631565e-02,-7.138101668e-01,-7.951931285e-01,1.293766722e+00,6.675183866e+00,6.008249066e+00
131905.324547875,-6.029483123e-02,-7.055910322e-01,-7.669315385e-01,1.296160924e+00,6.917297509e+00,6.216843886e+00
131905.334554875,-1.030610226e-01,-7.329927469e-01,-7.503525174e-01,1.293317809e+00,6.869114201e+00,6.149656602e+00
131905.344561875,-1.506551874e-01,-7.725586557e-01,-7.454459964e-01,1.347486622e+00,6.905925051e+00,6.105513509e+00
131905.354568875,-1.997023125e-01,-8.170536646e-01,-7.485167279e-01,1.416170282e+00,6.791601922e+00,6.121225457e+00
131905.364575875,-2.184609833e-01,-8.531919748e-01,-7.535196786e-01,1.402852535e+00,6.558017622e+00,6.360346348e+00
131905.374581875,-1.943204159e-01,-8.619760323e-01,-7.578924831e-01,1.353023213e+00,6.451625286e+00,6.868366013e+00
131905.384588875,-1.490782254e-01,-8.459154751e-01,-7.454679096e-01,1.230021103e+00,6.417208637e+00,7.337629538e+00
131905.394595875,-1.314101897e-01,-8.063212871e-01,-7.214071803e-01,1.087416467e+00,6.361094536e+00,7.428459563e+00
131905.404602875,-1.299889225e-01,-7.581917212e-01,-6.811052772e-01,9.991302803e-01,6.401945602e+00,7.273285368e+00
131905.414609875,-1.524885882e-01,-7.095410904e-01,-6.386550223e-01,9.521440727e-01,6.383689814e+00,7.187543021e+00
131905.424616875,-1.845463519e-01,-6.685882649e-01,-5.961546121e-01,9.410708900e-01,6.341940923e+00,7.079355034e+00
131905.434622875,-1.903622977e-01,-6.511207608e-01,-5.498232755e-01,8.942343201e-01,6.266373933e+00,7.183053893e+00
131905.444629875,-1.755575915e-01,-6.566368503e-01,-5.243261988e-01,8.469488373e-01,6.294805077e+00,7.354388950e+00
131905.454636875,-1.526532891e-01,-6.896420524e-01,-5.223034362e-01,9.795277542e-01,6.332214478e+00,7.366958508e+00
131905.464643750,-1.287728298e-01,-7.451688321e-01,-5.333710693e-01,1.091307044e+00,6.425139430e+00,7.271489717e+00
131905.474650750,-1.078900045e-01,-7.940500467e-01,-5.627460809e-01,1.183932721e+00,6.488286499e+00,7.206846272e+00
131905.484657750,-9.862810288e-02,-8.360576969e-01,-5.964174649e-01,1.308281570e+00,6.500407145e+00,7.126640517e+00
131905.494664750,-9.565984180e-02,-8.735592562e-01,-6.331791550e-01,1.382950734e+00,6.443993768e+00,7.122450664e+00
131905.504670750,-9.572029634e-02,-8.678924215e-01,-6.668207682e-01,1.485602130e+00,6.353463018e+00,7.216572717e+00
131905.514677750,-9.657875973e-02,-8.182302681e-01,-6.982915664e-01,1.627907491e+00,6.303633696e+00,7.277475221e+00
131905.524684750,-1.032662744e-01,-7.385257369e-01,-7.165744187e-01,1.737142942e+00,6.301538770e+00,7.321319039e+00
131905.534691750,-1.153395502e-01,-6.515002781e-01,-7.180836787e-01,1.588253526e+00,6.246322494e+00,7.325359254e+00
131905.544698750,-1.054413695e-01,-5.843989123e-01,-6.968279530e-01,1.330876848e+00,6.372766269e+00,7.398083130e+00
131905.554705750,-9.260010192e-02,-5.484805220e-01,-6.351278729e-01,9.907505745e-01,6.465391946e+00,7.563133407e+00
131905.564712750,-1.006874605e-01,-5.462216447e-01,-5.641616142e-01,6.661866119e-01,6.505345186e+00,7.471255918e+00
131905.574718750,-1.138411468e-01,-5.464557886e-01,-5.206703910e-01,6.958148575e-01,6.613533173e+00,7.256825232e+00
131905.584725750,-1.219624661e-01,-5.484216726e-01,-5.138510004e-01,9.500491463e-01,6.636876640e+00,7.241711834e+00
131905.594732750,-1.319408273e-01,-5.744807634e-01,-5.302500155e-01,1.212962416e+00,6.671742201e+00,7.230489014e+00
131905.604739750,-1.565263946e-01,-5.900150810e-01,-5.727053627e-01,1.401505797e+00,6.557867985e+00,7.083095974e+00
131905.614746750,-1.730849421e-01,-5.968213181e-01,-6.232153746e-01,1.568501363e+00,6.471826363e+00,6.985831532e+00
131905.624753750,-1.838618517e-01,-5.722254626e-01,-6.614863490e-01,1.579424908e+00,6.383989089e+00,7.080851410e+00
131905.634760750,-2.061558025e-01,-5.186644206e-01,-6.709531645e-01,1.488295607e+00,6.241234815e+00,7.110928568e+00
131905.644766750,-2.089001905e-01,-4.470063182e-01,-6.533135247e-01,1.312471423e+00,6.014982758e+00,7.229890463e+00
131905.654773750,-1.712399975e-01,-3.868939505e-01,-6.089635046e-01,1.066467202e+00,5.921010343e+00,7.655759084e+00
131905.664780750,-1.185403726e-01,-3.569798234e-01,-5.489936532e-01,8.123825508e-01,5.854720885e+00,8.050802357e+00
131905.674787750,-7.813765997e-02,-3.655317741e-01,-5.178958168e-01,7.469909180e-01,5.815964745e+00,8.065466843e+00
131905.684794750,-5.173670656e-02,-3.934903645e-01,-5.172354468e-01,8.848071510e-01,5.810727429e+00,7.886500269e+00
131905.694801750,-2.895386465e-02,-4.264406044e-01,-5.314886130e-01,9.938929642e-01,5.895123038e+00,7.697507975e+00
131905.704808750,-3.272201899e-02,-4.422161626e-01,-5.660891750e-01,1.086219366e+00,6.008997254e+00,7.428459563e+00
131905.714814750,-4.714238607e-02,-4.166745777e-01,-5.951544697e-01,1.244535950e+00,6.091896487e+00,7.165695931e+00
131905.724821750,-7.674348534e-02,-3.506287482e-01,-6.064143526e-01,1.285087741e+00,6.183923613e+00,7.001842755e+00
131905.734828750,-1.090105357e-01,-2.918325346e-01,-5.974922514e-01,1.168968961e+00,6.174197169e+00,6.942137351e+00
131905.744835750,-1.131815482e-01,-2.561306914e-01,-5.653927663e-01,9.271545929e-01,6.127360599e+00,7.206098084e+00
131905.754842750,-1.102151973e-01,-2.461518693e-01,-5.236938839e-01,6.670844376e-01,6.209661281e+00,7.430404852e+00
131905.764849750,-1.110656780e-01,-2.573853671e-01,-4.622681287e-01,4.547486778e-01,6.188263103e+00,7.449259190e+00
131905.774855750,-7.999045368e-02,-2.830979092e-01,-3.990662894e-01,2.790741310e-01,6.172102242e+00,7.592761652e+00
131905.784862750,-3.990394945e-02,-3.001174879e-01,-3.537847401e-01,2.874538368e-01,6.297498554e+00,7.824251025e+00
131905.794869750,-2.761615117e-02,-2.772655505e-01,-3.345688315e-01,5.837362923e-01,6.386532928e+00,7.649175029e+00
131905.804876750,-5.331567075e-02,-2.048528987e-01,-3.263883232e-01,9.672574707e-01,6.456413689e+00,7.274183194e+00
131905.814883750,-1.111172624e-01,-1.047818963e-01,-3.390048010e-01,1.315464175e+00,6.539462560e+00,6.905775414e+00
131905.824890750,-1.727604207e-01,-1.595075595e-02,-3.711695892e-01,1.597531058e+00,6.545448064e+00,6.723816087e+00
131905.834897750,-2.143326740e-01,1.991769438e-02,-4.064124161e-01,1.608903516e+00,6.483049183e+00,6.860435220e+00
131905.844903750,-2.218176787e-01,-5.115890246e-03,-4.414909509e-01,1.448492004e+00,6.364386563e+00,7.247846976e+00
131905.854910750,-1.874807447e-01,-6.767884359e-02,-4.801422884e-01,1.315464175e+00,6.203825414e+00,7.693467760e+00
131905.864917750,-1.264735880e-01,-1.246605781e-01,-4.969644977e-01,1.139490353e+00,6.116137778e+00,8.139687094e+00
131905.874924750,-6.437633329e-02,-1.621812136e-01,-4.948125560e-01,9.903016617e-01,6.070199034e+00,8.312219251e+00
131905.884931750,-1.713829375e-03,-1.828366953e-01,-4.774077854e-01,8.433575348e-01,6.097433078e+00,8.318204755e+00
131905.894938750,2.493425755e-02,-2.019381898e-01,-4.646537122e-01,7.860463326e-01,6.185120714e+00,8.192209893e+00
131905.904944750,1.412809569e-02,-2.271805974e-01,-4.490429171e-01,8.372223930e-01,6.217143161e+00,7.861810064e+00
131905.914951750,-2.920236854e-02,-2.470541266e-01,-4.422403045e-01,9.027636635e-01,6.254702200e+00,7.526771469e+00
131905.924958750,-1.083290242e-01,-2.399121012e-01,-4.387543316e-01,1.098040736e+00,6.164470724e+00,7.260865447e+00
131905.934965750,-1.893661243e-01,-2.109475531e-01,-4.244417304e-01,1.237652621e+00,6.031592532e+00,7.193528526e+00
131905.944972750,-2.531653184e-01,-1.905185187e-01,-4.000922030e-01,1.211316402e+00,5.849782844e+00,7.427262463e+00
131905.954979750,-2.644531097e-01,-1.862440703e-01,-3.819646917e-01,1.154753388e+00,5.552452925e+00,7.863456078e+00
131905.964986750,-2.303656635e-01,-2.015455371e-01,-3.582960867e-01,1.004966147e+00,5.433191755e+00,8.435819912e+00
131905.974992750,-1.714003876e-01,-2.191029708e-01,-3.346371708e-01,8.441057228e-01,5.301510664e+00,8.829366810e+00
131905.984999750,-8.379517396e-02,-2.296469580e-01,-3.064968119e-01,7.468412804e-01,5.244798012e+00,9.045742785e+00
131905.995006750,9.371662068e-03,-2.477550995e-01,-2.897928933e-01,7.092822418e-01,5.260061047e+00,9.185953220e+00
131906.005013750,9.265378113e-02,-2.834323365e-01,-2.980693665e-01,7.788637276e-01,5.254374818e+00,9.038859455e+00
131906.015020750,1.626477156e-01,-3.424851032e-01,-3.188884633e-01,9.439140045e-01,5.286247628e+00,8.796895450e+00
131906.025027750,2.030585433e-01,-3.963885496e-01,-3.447852022e-01,1.048809965e+00,5.335927312e+00,8.544905725e+00
131906.035033750,2.142264478e-01,-4.247706536e-01,-3.657202425e-01,1.174056639e+00,5.380818594e+00,8.221987776e+00
131906.045040750,2.175739683e-01,-4.042114328e-01,-3.786349460e-01,1.262941376e+00,5.487360567e+00,8.031948019e+00
131906.055047750,2.014139770e-01,-3.394415300e-01,-3.804263655e-01,1.323394968e+00,5.635801070e+00,7.903110043e+00
131906.065054750,1.752544157e-01,-2.664454569e-01,-3.621109080e-01,1.273715283e+00,5.731718774e+00,7.728782234e+00
131906.075061750,1.485071838e-01,-2.147207000e-01,-3.167392802e-01,1.005415060e+00,5.815216557e+00,7.678803275e+00
131906.085068750,1.278104085e-01,-1.943985459e-01,-2.574694805e-01,6.778583450e-01,5.896769051e+00,7.662043863e+00
131906.095075750,9.794465787e-02,-1.924740517e-01,-1.994268966e-01,5.811924530e-01,5.900509991e+00,7.591564552e+00
131906.105081750,6.931185000e-02,-1.916842600e-01,-1.557958765e-01,7.290344055e-01,5.880009640e+00,7.451204479e+00
131906.115088750,4.471494189e-02,-1.974290028e-01,-1.309374585e-01,1.001973395e+00,5.827037928e+00,7.355436413e+00
131906.125095750,1.019642866e-02,-2.044224596e-01,-1.439496565e-01,1.335515614e+00,5.785887587e+00,7.229591188e+00
131906.135102750,-3.432967227e-02,-2.078617838e-01,-1.807178905e-01,1.685368331e+00,5.693411548e+00,7.089829666e+00
131906.145109750,-7.366495265e-02,-2.107499825e-01,-2.294982463e-01,1.864334905e+00,5.638195272e+00,7.085490176e+00
131906.155116750,-1.260045147e-01,-2.042790838e-01,-2.684503698e-01,1.897853728e+00,5.652410844e+00,7.073818443e+00
131906.165122750,-1.941817168e-01,-1.870847348e-01,-2.871645649e-01,1.799841098e+00,5.671714095e+00,6.988525008e+00
131906.175129750,-2.540525215e-01,-1.616638952e-01,-2.771170971e-01,1.579873820e+00,5.705232919e+00,7.027430785e+00
131906.185136750,-2.759971896e-01,-1.517621599e-01,-2.427375461e-01,1.274613109e+00,5.758204630e+00,7.362469380e+00
131906.195143750,-2.600781110e-01,-1.646504027e-01,-2.043974952e-01,9.973346291e-01,5.807734677e+00,7.899668378e+00
131906.205150750,-2.107346740e-01,-1.943751764e-01,-1.798662867e-01,9.059060532e-01,5.733664063e+00,8.381800737e+00
131906.215157750,-1.305671821e-01,-2.229611927e-01,-1.685683977e-01,9.160814102e-01,5.678597425e+00,8.798541463e+00
131906.225164750,-4.512171064e-02,-2.284088061e-01,-1.739354426e-01,1.032798741e+00,5.645527515e+00,9.061754008e+00
131906.235170750,2.183498723e-02,-2.214076936e-01,-1.889573700e-01,1.183034895e+00,5.631012667e+00,9.010877223e+00
131906.245177750,6.005012332e-02,-2.020657115e-01,-2.088262289e-01,1.288529406e+00,5.641786575e+00,8.732551280e+00
131906.255184750,5.758652778e-02,-1.825309724e-01,-2.226653727e-01,1.342548581e+00,5.696703575e+00,8.325536998e+00
131906.265191750,2.416468867e-02,-1.824738720e-01,-2.363822719e-01,1.351975750e+00,5.740397755e+00,7.919270904e+00
131906.275198750,-2.127005187e-02,-1.862414307e-01,-2.539395077e-01,1.372027189e+00,5.771223102e+00,7.678055087e+00
131906.285205750,-5.397345854e-02,-1.880480146e-01,-2.627124444e-01,1.373224290e+00,5.806387939e+00,7.665186253e+00
131906.295211750,-7.546411258e-02,-1.770433806e-01,-2.543502261e-01,1.276857673e+00,5.834370171e+00,7.835623483e+00
131906.305218750,-7.915502316e-02,-1.526900028e-01,-2.475370733e-01,1.228674364e+00,5.778704982e+00,8.020874837e+00
131906.315225750,-5.453087424e-02,-1.320566528e-01,-2.440591116e-01,1.199345394e+00,5.703287630e+00,8.230666757e+00
131906.325232750,-1.864548558e-02,-1.330128298e-01,-2.558174883e-01,1.115697974e+00,5.621286223e+00,8.367585165e+00
131906.335239750,1.846363148e-02,-1.569072584e-01,-2.835988537e-01,1.051054529e+00,5.562029732e+00,8.276755139e+00
131906.345246750,4.845219239e-02,-2.045915247e-01,-3.132533538e-01,9.522937103e-01,5.516539900e+00,8.081328429e+00
131906.355253750,4.978250703e-02,-2.603192060e-01,-3.344444633e-01,8.107365372e-01,5.530156922e+00,7.838616235e+00
131906.365259750,1.936746954e-02,-3.085361122e-01,-3.451107731e-01,7.043442009e-01,5.541379742e+00,7.532008785e+00
131906.375266750,-1.706987112e-02,-3.289931974e-01,-3.368429412e-01,6.856395004e-01,5.535244601e+00,7.404667184e+00
131906.385273750,-5.050430776e-02,-2.981114940e-01,-3.010967183e-01,6.464344482e-01,5.588665225e+00,7.501482714e+00
131906.395280750,-8.193176108e-02,-2.224135803e-01,-2.405054135e-01,6.420949577e-01,5.573252552e+00,7.647678653e+00
131906.405287750,-9.372098694e-02,-1.343617838e-01,-1.675856654e-01,5.822399162e-01,5.522525404e+00,7.841309712e+00
131906.415294750,-5.713192784e-02,-7.323138228e-02,-1.062932564e-01,4.867711250e-01,5.474791009e+00,8.169016064e+00
131906.425300750,-1.346702032e-02,-7.208432820e-02,-6.431486824e-02,3.552396713e-01,5.477783761e+00,8.341398584e+00
131906.435307750,-2.439232415e-02,-8.444437958e-02,-4.343348883e-02,3.051110741e-01,5.578190593e+00,7.848492317e+00
131906.445314750,-9.610896481e-02,-7.835047616e-02,-2.340627683e-02,4.797381577e-01,5.619789847e+00,7.084891625e+00
131906.455321750,-1.896741988e-01,-3.842004842e-02,-4.205968433e-03,6.605003830e-01,5.889736084e+00,6.651241850e+00
131906.465328667,-2.917092550e-01,2.080453467e-03,1.486380932e-02,8.170213165e-01,6.034435647e+00,6.625354544e+00
131906.475335667,-3.696700315e-01,3.375325513e-02,2.089014978e-02,9.784802910e-01,6.066009181e+00,6.944681190e+00
131906.485341667,-3.875674241e-01,5.447893789e-02,1.385900635e-02,1.137844339e+00,5.992088205e+00,7.651120318e+00
131906.495348667,-3.353334243e-01,6.508048281e-02,-2.239304311e-03,1.241842474e+00,5.866093343e+00,8.521711897e+00
131906.505355667,-2.418429839e-01,6.338414038e-02,-3.804467322e-02,1.303493166e+00,5.724236894e+00,9.134627522e+00
131906.515362667,-1.610483547e-01,3.426600523e-02,-8.477134787e-02,1.268627605e+00,5.567715961e+00,9.165752143e+00
131906.525369667,-9.460085146e-02,-1.292124222e-02,-1.353965698e-01,1.173158813e+00,5.547365247e+00,8.884583086e+00
131906.535376667,-2.764095713e-02,-9.629254419e-02,-1.955726943e-01,1.212214228e+00,5.394585253e+00,8.702025209e+00
131906.545383667,3.416330960e-02,-1.979412510e-01,-2.691301877e-01,1.227626901e+00,5.400870033e+00,8.645911108e+00
131906.555389667,8.582602909e-02,-2.844719580e-01,-3.286061661e-01,1.233313130e+00,5.429450815e+00,8.535328918e+00
131906.565396667,1.143472312e-01,-3.137937110e-01,-3.646245242e-01,1.198297931e+00,5.460725074e+00,8.331372865e+00
131906.575403667,1.039728653e-01,-2.730911112e-01,-3.754998582e-01,1.147570783e+00,5.545569595e+00,8.081627704e+00
131906.585410667,7.353021802e-02,-1.970443246e-01,-3.590648372e-01,9.976339043e-01,5.565022484e+00,7.831882543e+00
131906.595417667,4.105835988e-02,-1.190592184e-01,-3.279648018e-01,7.202057869e-01,5.588814863e+00,7.758560117e+00
131906.605424667,1.174727086e-02,-6.589240439e-02,-2.867301516e-01,4.002805901e-01,5.581183345e+00,7.809736178e+00
131906.615430667,-2.047131089e-02,-3.995002837e-02,-2.385569284e-01,1.562216583e-01,5.533299312e+00,7.844452102e+00
131906.625437667,-4.758163814e-02,-1.538569166e-02,-1.811721520e-01,-3.725976334e-02,5.496787737e+00,7.909993372e+00
131906.635444667,-5.806875994e-02,-1.737530216e-03,-1.290779652e-01,-1.087865379e-01,5.522675042e+00,8.019079185e+00
131906.645451667,-6.262022128e-02,4.609862728e-03,-9.095649220e-02,-5.820902786e-02,5.535843151e+00,8.106168271e+00
131906.655458667,-5.925096204e-02,6.816354599e-04,-7.146257947e-02,3.501519928e-02,5.543025756e+00,8.158541432e+00
131906.665465667,-4.446390801e-02,-2.631961169e-02,-6.639730831e-02,1.304839905e-01,5.487959118e+00,8.257451888e+00
131906.675472667,-1.616034134e-02,-6.391350418e-02,-7.516058531e-02,2.388216156e-01,5.465064565e+00,8.314014902e+00
131906.685478667,2.109285617e-02,-8.634778692e-02,-8.107215055e-02,3.564367722e-01,5.431246466e+00,8.336161268e+00
131906.695485667,4.802886200e-02,-8.671059173e-02,-8.642467023e-02,4.709095390e-01,5.451447543e+00,8.283788107e+00
131906.705492667,6.785574182e-02,-8.332436235e-02,-8.152040596e-02,5.499181938e-01,5.454589932e+00,8.122778045e+00
131906.715499667,7.401318751e-02,-8.661007336e-02,-7.697220013e-02,6.034884560e-01,5.546317783e+00,7.966855662e+00
131906.725506667,5.889759562e-02,-9.111260974e-02,-7.266983031e-02,6.827963860e-01,5.646126065e+00,7.780856120e+00
131906.735513667,4.384122466e-02,-9.653211552e-02,-6.182546718e-02,7.263409286e-01,5.711068785e+00,7.658452560e+00
131906.745519667,3.195894212e-02,-1.001378447e-01,-4.819336920e-02,7.178115852e-01,5.782894835e+00,7.690475008e+00
131906.755526667,2.043564432e-02,-1.034891996e-01,-3.896375161e-02,7.351695473e-01,5.801449898e+00,7.700800002e+00
131906.765533667,-4.007496018e-03,-1.174865891e-01,-4.247595580e-02,7.927800247e-01,5.759252094e+00,7.602188821e+00
131906.775540667,-3.694374637e-02,-1.312841517e-01,-6.732643094e-02,9.276035057e-01,5.689670608e+00,7.445069337e+00
131906.785547667,-6.723822044e-02,-1.343538275e-01,-9.223454974e-02,1.024269398e+00,5.620238760e+00,7.385962484e+00
131906.795554667,-7.569466745e-02,-1.289453524e-01,-9.999431133e-02,9.738415253e-01,5.587468124e+00,7.505373292e+00
131906.805560667,-7.829867286e-02,-1.158026429e-01,-9.045581033e-02,8.171709541e-01,5.616048907e+00,7.737161940e+00
131906.815567667,-7.123230700e-02,-9.392954599e-02,-6.389505241e-02,7.323264328e-01,5.645078602e+00,7.846846304e+00
131906.825574667,-6.745627816e-02,-6.240246791e-02,-1.937364990e-02,6.805518219e-01,5.670516994e+00,7.949348062e+00
131906.835581667,-6.242459551e-02,-3.532060202e-02,2.650407320e-02,6.949170319e-01,5.752518401e+00,8.022670488e+00
131906.845588667,-5.509876755e-02,-3.661234096e-02,4.904979415e-02,8.037035698e-01,5.729025298e+00,8.084620456e+00
131906.855595667,-4.082312089e-02,-7.316370523e-02,4.042424270e-02,9.663596451e-01,5.652111569e+00,8.117091816e+00
131906.865601667,-1.544370674e-02,-1.312592633e-01,-3.845094935e-03,1.144129118e+00,5.512798960e+00,8.130259925e+00
131906.875608667,1.311833843e-02,-1.956710881e-01,-7.503100481e-02,1.274313834e+00,5.447856240e+00,8.141931658e+00
131906.885615667,1.362412212e-01,-2.375275552e-01,-1.225218760e-01,1.285686292e+00,5.345953032e+00,8.086565745e+00
131906.895622667,-1.714819054e-02,-2.579904779e-01,-1.772687194e-01,7.463923676e-01,6.360495985e+00,6.790404821e+00
131906.905629667,-1.523505397e-01,-2.500414107e-01,-1.394670576e-01,8.128314636e-01,5.407304449e+00,5.810727429e+00
131906.915636667,-1.813870476e-01,-1.916045014e-01,-7.078434864e-02,3.323451180e-01,5.825242277e+00,6.880037746e+00
131906.925643667,-1.938063586e-01,-1.284200370e-01,-1.733972130e-02,3.003226707e-01,5.833771620e+00,7.757213379e+00
131906.935649667,-1.868401793e-01,-1.003123795e-01,4.119928921e-02,3.969885628e-01,5.403264234e+00,8.270769635e+00
131906.945656667,-1.769545949e-01,-9.804932654e-02,9.347172046e-02,3.823240776e-01,5.325452680e+00,8.722974474e+00
131906.955663667,-1.460924854e-01,-7.961400048e-02,1.315062101e-01,5.859808563e-01,5.190778837e+00,9.035268153e+00
131906.965670667,-8.104462174e-02,-4.675575285e-02,1.507672311e-01,8.649053497e-01,5.318569350e+00,9.262866948e+00
