2026-09-22 10:16:05.150878+0800 Runner[8700:1155242] [UIFocus] FlutterView implements focusItemsInRect: - caching for linear focus movement is limited as long as this view is on screen.
2026-09-22 10:16:05.165908+0800 Runner[8700:1155242] [IMPORTANT:flutter/shell/platform/darwin/graphics/FlutterDarwinContextMetalImpeller.mm(45)] Using the Impeller rendering backend (Metal).
FEngine (64 bits) created at 0x106e85800 (threading is enabled)
FEngine resolved backend: Metal
Selected physical device 'Apple A16 GPU'
Backend feature level: 3
FEngine feature level: 1
No material provider specified, using default ubershader provider
Starting build. Validating inputs...
Starting build. Validating inputs...
Starting build. Validating inputs...
Starting build. Validating inputs...
2026-09-22 10:16:05.330066+0800 Runner[8700:1155242] [MC] Reading from public effective user settings.
2026-09-22 10:16:05.337063+0800 Runner[8700:1155242] [] (Fig) signalled err=-12710 at <>:601
2026-09-22 10:16:05.337075+0800 Runner[8700:1155242] [] (Fig) signalled err=-12710 at <>:601
2026-09-22 10:16:05.337116+0800 Runner[8700:1155242] [] (Fig) signalled err=-12710 at <>:601
2026-09-22 10:16:05.342957+0800 Runner[8700:1155375] [Core] {"msg":"#Warning Error reading file", "file":"\/\/private\/var\/Managed Preferences\/mobile\/com.apple.CoreMotion.plist", "error":"Error Domain=NSCocoaErrorDomain Code=257 \"The file “com.apple.CoreMotion.plist” couldn’t be opened because you don’t have permission to view it.\" UserInfo={NSFilePath=\/\/private\/var\/Managed Preferences\/mobile\/com.apple.CoreMotion.plist, NSURL=file:\/\/\/\/private\/var\/Managed%20Preferences\/mobile\/com.apple.CoreMotion.plist, NSUnderlyingError=0x113f48840 {Error Domain=NSPOSIXErrorDomain Code=1 \"Operation not permitted\"}}"}
2026-09-22 10:16:05.349913+0800 Runner[8700:1155242] [] <<<< FigXPCUtilities >>>> signalled err=-17281 at <>:308
2026-09-22 10:16:05.349928+0800 Runner[8700:1155242] [] <<<< FigCaptureSourceRemote >>>> Fig assert: "err == 0 " at bail (FigCaptureSourceRemote.m:569) - (err=-17281)
2026-09-22 10:16:05.593991+0800 Runner[8700:1155242] flutter: [arloop] 材质字节 = 72653
2026-09-22 10:16:05.594025+0800 Runner[8700:1155242] flutter: [arloop] 三角形 entity = 3
2026-09-22 10:16:05.594630+0800 Runner[8700:1155242] flutter: [arloop] isRenderable = true
2026-09-22 10:16:05.594797+0800 Runner[8700:1155242] flutter: [arloop] primitiveCount = 1
2026-09-22 10:16:05.594945+0800 Runner[8700:1155242] flutter: [arloop] boundingBox = Instance of 'Aabb3'
2026-09-22 10:16:05.608 - [XRSLAM][[32minfo[m] 
██╗  ██╗██████╗ ███████╗██╗      █████╗ ███╗   ███╗
╚██╗██╔╝██╔══██╗██╔════╝██║     ██╔══██╗████╗ ████║
 ╚███╔╝ ██████╔╝███████╗██║     ███████║██╔████╔██║
 ██╔██╗ ██╔══██╗╚════██║██║     ██╔══██║██║╚██╔╝██║
██╔╝ ██╗██║  ██║███████║███████╗██║  ██║██║ ╚═╝ ██║
╚═╝  ╚═╝╚═╝  ╚═╝╚══════╝╚══════╝╚═╝  ╚═╝╚═╝     ╚═╝NSt3__120__shared_ptr_emplaceIN12xrslam_0_5_05extra11OpenCvImageENS_9allocatorIS3_EEEE
2026-09-22 10:16:05.609 - [XRSLAM][[32minfo[m] Configurat2026-09-22 10:16:05.609887+0800 Runner[8700:1155242] flutter: [arloop] XRSLAMCreate rc=1 ok=true fx=1317.63 fy=1317.63 cx=957.65 cy=718.97 1920x1440
ions: 
Config::camera_intrinsic:
1.31762e+03 0.00000e+00 9.57654e+02
0.00000e+00 1.31762e+03 7.18966e+02
0.00000e+00 0.00000e+00 1.00000e+00

Config::camera_distortion_flag:
0

Config::camera_distortion:
0.00000e+00 0.00000e+00 0.00000e+00 0.00000e+00

Config::camera_time_offset:
0.00000e+00

Config::camera_to_body_rotation:
0.00000e+00 0.00000e+00 0.00000e+00 1.00000e+00

Config::camera_to_body_translation:
0.00000e+00 0.00000e+00 0.00000e+00

Config::imu_to_body_rotation:
0.00000e+00 0.00000e+00 0.00000e+00 1.00000e+00

Config::imu_to_body_translation:
0.00000e+00 0.00000e+00 0.00000e+00

Config::keypoint_noise_cov:
5.00000e-01 0.00000e+00
0.00000e+00 5.00000e-01

Config::gyroscope_noise_cov:
2.87913e-08 0.00000e+00 0.00000e+00
0.00000e+00 2.87913e-08 0.00000e+00
0.00000e+00 0.00000e+00 2.87913e-08

Config::accelerometer_noise_cov:
4.00000e-06 0.00000e+00 0.00000e+00
0.00000e+00 4.00000e-06 0.00000e+00
0.00000e+00 0.00000e+00 4.00000e-06

Config::gyroscope_bias_noise_cov:
3.76088e-10 0.00000e+00 0.00000e+00
0.00000e+00 3.76088e-10 0.00000e+00
0.00000e+00 0.00000e+00 3.76088e-10

Config::accelerometer_bias_noise_cov:
9.00000e-06 0.00000e+00 0.00000e+00
0.00000e+00 9.00000e-06 0.00000e+00
0.00000e+00 0.00000e+00 9.00000e-06

Config::sliding_window_size: 10
Config::sliding_window_subframe_size: 3
Config::sliding_window_force_keyframe_landmarks: 35
Config::sliding_window_tracker_frequent: 1
Config::feature_tracker_min_keypoint_distance: 2.50000e+01
Config::feature_tracker_max_keypoint_detection: 200
Config::feature_tracker_max_init_frames: 60
Config::feature_tracker_max_frames: 20
Config::feature_tracker_predict_keypoints: true
Config::feature_tracker_clahe_clip_limit: 6.00000e+00
Config::feature_tracker_clahe_width: 8
Config::feature_tracker_clahe_height: 8
Config::initializer_keyframe_gap: 5
Config::initializer_min_matches: 50
Config::initializer_min_parallax: 1.00000e+01
Config::initializer_min_triangulation: 20
Config::initializer_min_landmarks: 30
Config::initializer_refine_imu: true
Config::visual_localization_enable: false
Config::visual_localization_config_ip: 0.0.0.0
Config::visual_localization_config_port: 12345
Config::solver_iteration_limit: 10
Config::solver_time_limit: 1.00000e-01
Config::parsac_flag: false
Config::parsac_dynamic_probability: 1.50000e-01
Config::parsac_threshold: 1.00000e+00
Config::parsac_norm_scale: 1.00000e+00
Config::rotation_misalignment_threshold: 2.00000e-02
Config::rotation_ransac_threshold: 1.00000e+01

THREADING DISABLE

-----------------Create XRSLAM v0.1.0 successfully-----------
2026-09-22 10:16:06.403341+0800 Runner[8700:1155242] flutter: [arloop] ArFrame frame=true K=true proj=true pose=false rot=90
2026-09-22 10:16:06.403373+0800 Runner[8700:1155242] flutter:   K(cropped) = K(fx:1328.8397216796875 fy:1328.8397216796875 cx:442.07379838110694 cy:967.1424560546875 886x1920)
2026-09-22 10:16:06.403380+0800 Runner[8700:1155242] flutter:   frustum    = Frustum(l:-0.003330528062644623 r:0.003336942705613819 b:-0.007166835310593427 t:0.007281859807980173 n:0.01 f:100.0)
2026-09-22 10:16:06.403386+0800 Runner[8700:1155242] flutter:   uv         = UvTransform((0.0000, 1.0000, 0.0000, -0.6150, 0.0000, 0.8075, 0.0000, 0.0000, 1.0000))
2026-09-22 10:16:06.403404+0800 Runner[8700:1155242] flutter: [arloop] pose stage=none state=0 hasPos=false hasOri=false init=refuse sess=true rc=1
2026-09-22 10:16:06.403411+0800 Runner[8700:1155242] flutter: [arloop] CameraSlot(offered:25 displaced:0 acquired:25 released:25 outstanding:0 occupied:false)
2026-09-22 10:16:06.403481+0800 Runner[8700:1155242] flutter: [arloop] step 分段 p50(ms) 纹理=0.0 内参=0.0 UV=0.0 投影=0.0 位姿=0.0 出图=0.0 | 合计=0.0 (帧间隔 16.7)
2026-09-22 10:16:06.420037+0800 Runner[8700:1155242] flutter: [arloop] 喂料 cam交付=24 背压丢=0 进引擎=24 run=24 在途峰值=2 acc=81 gyr=81 imu丢=0 拒:非单调=0 参数=0 未运行=0 lockFail=0 run=true
2026-09-22 10:16:06.420249+0800 Runner[8700:1155242] flutter: [arloop] GPU前端 (无痕迹 ⇒ 没链那条臂,或 PW_XRSLAM_GPU_FRONTEND 没置位)
2026-09-22 10:16:06.420269+0800 Runner[8700:1155242] flutter: [arloop] 时钟 camPTS=76097.349s imuTS=76097.399s delta=-20.1ms |delta|峰值=30.5ms
2026-09-22 10:16:06.420294+0800 Runner[8700:1155242] flutter: [arloop] 时基 c传入=0.00ms c施加=0.00ms 帧=24 有曝光=24 曝光ms[min/mean/max]=8.33/23.51/25.69 平均加=11.75ms 引擎收到−PTS=12.85ms residual[raw/offset]=0.0e+0/0.0e+0 trace读=24
2026-09-22 10:16:06.420554+0800 Runner[8700:1155242] flutter: [arloop] exp=25.69ms iso=139 f/1.8 mode=2 evOff=-0.03 binned=false minFrameDur=33.33ms
2026-09-22 10:16:06.420563+0800 Runner[8700:1155242] flutter: [arloop] viewport = 1179x2556
2026-09-22 10:16:06.851541+0800 Runner[8700:1155242] flutter: [arloop] capture: 48216384 字节 = 3013524 像素
2026-09-22 10:16:06.859305+0800 Runner[8700:1155242] flutter: [arloop] 均值 RGB = (0.564, 0.432, 0.314)
2026-09-22 10:16:06.859332+0800 Runner[8700:1155242] flutter: [arloop] 亮度 min=0.094 max=0.920 方差=0.02819
2026-09-22 10:16:06.859341+0800 Runner[8700:1155242] flutter: [arloop] 判据: ✅ 方差大 ⇒ 屏上有真实图像内容
2026-09-22 10:16:07.246577+0800 Runner[8700:1155242] flutter: [arloop] ArFrame frame=false K=true proj=true pose=false rot=90
2026-09-22 10:16:07.246599+0800 Runner[8700:1155242] flutter:   K(cropped) = K(fx:1328.8338623046875 fy:1328.8338623046875 cx:442.0683662522007 cy:966.8779296875 886x1920)
2026-09-22 10:16:07.246606+0800 Runner[8700:1155242] flutter:   frustum    = Frustum(l:-0.0033305018693956527 r:0.003336998298483495 b:-0.00716885757757785 t:0.00727990125123475 n:0.01 f:100.0)
2026-09-22 10:16:07.246612+0800 Runner[8700:1155242] flutter:   uv         = UvTransform((0.0000, 1.0000, 0.0000, -0.6150, 0.0000, 0.8075, 0.0000, 0.0000, 1.0000))
2026-09-22 10:16:07.246620+0800 Runner[8700:1155242] flutter: [arloop] pose stage=none state=0 hasPos=false hasOri=false init=refuse sess=true rc=1
2026-09-22 10:16:07.246627+0800 Runner[8700:1155242] flutter: [arloop] CameraSlot(offered:50 displaced:1 acquired:49 released:49 outstanding:0 occupied:false)
2026-09-22 10:16:07.246700+0800 Runner[8700:1155242] flutter: [arloop] step 分段 p50(ms) 纹理=0.0 内参=0.0 UV=0.0 投影=0.0 位姿=0.0 出图=0.0 | 合计=0.0 (帧间隔 16.7)
2026-09-22 10:16:07.260386+0800 Runner[8700:1155242] flutter: [arloop] 喂料 cam交付=50 背压丢=0 进引擎=49 run=49 在途峰值=2 acc=165 gyr=165 imu丢=0 拒:非单调=0 参数=0 未运行=0 lockFail=0 run=true
2026-09-22 10:16:07.260403+0800 Runner[8700:1155242] flutter: [arloop] 时钟 camPTS=76098.217s imuTS=76098.246s delta=-19.1ms |delta|峰值=30.6ms
2026-09-22 10:16:07.260419+0800 Runner[8700:1155242] flutter: [arloop] 时基 c传入=0.00ms c施加=0.00ms 帧=50 有曝光=50 曝光ms[min/mean/max]=8.33/24.65/25.69 平均加=12.32ms 引擎收到−PTS=12.85ms residual[raw/offset]=0.0e+0/0.0e+0 trace读=49
2026-09-22 10:16:07.260514+0800 Runner[8700:1155242] flutter: [arloop] exp=25.69ms iso=139 f/1.8 mode=2 evOff=-0.04 binned=false minFrameDur=33.33ms
2026-09-22 10:16:07.260524+0800 Runner[8700:1155242] flutter: [arloop] viewport = 1179x2556
2026-09-22 10:16:08.057724+0800 Runner[8700:1155242] flutter: [arloop] ArFrame frame=false K=true proj=true pose=false rot=90
2026-09-22 10:16:08.057751+0800 Runner[8700:1155242] flutter:   K(cropped) = K(fx:1328.8843994140625 fy:1328.8843994140625 cx:442.06049271704444 cy:966.994873046875 886x1920)
2026-09-22 10:16:08.057759+0800 Runner[8700:1155242] flutter:   frustum    = Frustum(l:-0.0033303159621121303 r:0.0033369306425636335 b:-0.007167704936359458 t:0.007280504410116239 n:0.01 f:100.0)
2026-09-22 10:16:08.057766+0800 Runner[8700:1155242] flutter:   uv         = UvTransform((0.0000, 1.0000, 0.0000, -0.6150, 0.0000, 0.8075, 0.0000, 0.0000, 1.0000))
2026-09-22 10:16:08.057773+0800 Runner[8700:1155242] flutter: [arloop] pose stage=none state=0 hasPos=false hasOri=false init=refuse sess=true rc=1
2026-09-22 10:16:08.057780+0800 Runner[8700:1155242] flutter: [arloop] CameraSlot(offered:74 displaced:1 acquired:73 released:73 outstanding:0 occupied:false)
2026-09-22 10:16:08.057870+0800 Runner[8700:1155242] flutter: [arloop] step 分段 p50(ms) 纹理=0.0 内参=0.0 UV=0.0 投影=0.0 位姿=0.0 出图=0.0 | 合计=0.0 (帧间隔 16.7)
2026-09-22 10:16:08.064801+0800 Runner[8700:1155242] flutter: [arloop] 喂料 cam交付=74 背压丢=0 进引擎=73 run=73 在途峰值=2 acc=246 gyr=246 imu丢=0 拒:非单调=0 参数=0 未运行=0 lockFail=0 run=true
2026-09-22 10:16:08.064820+0800 Runner[8700:1155242] flutter: [arloop] 时钟 camPTS=76099.018s imuTS=76099.044s delta=-25.7ms |delta|峰值=30.6ms
2026-09-22 10:16:08.064836+0800 Runner[8700:1155242] flutter: [arloop] 时基 c传入=0.00ms c施加=0.00ms 帧=74 有曝光=74 曝光ms[min/mean/max]=8.33/24.29/25.69 平均加=12.15ms 引擎收到−PTS=10.00ms residual[raw/offset]=0.0e+0/0.0e+0 trace读=73
2026-09-22 10:16:08.064944+0800 Runner[8700:1155242] flutter: [arloop] exp=20.00ms iso=178 f/1.8 mode=2 evOff=-0.04 binned=false minFrameDur=33.33ms
2026-09-22 10:16:08.064952+0800 Runner[8700:1155242] flutter: [arloop] viewport = 1179x2556
2026-09-22 10:16:08.861447+0800 Runner[8700:1155242] flutter: [arloop] ArFrame frame=false K=true proj=true pose=false rot=90
2026-09-22 10:16:08.861473+0800 Runner[8700:1155242] flutter:   K(cropped) = K(fx:1328.8515625 fy:1328.8515625 cx:442.06098099829444 cy:966.992919921875 886x1920)
2026-09-22 10:16:08.861481+0800 Runner[8700:1155242] flutter:   frustum    = Frustum(l:-0.003330401931165991 r:0.003337009426150301 b:-0.007167896753540711 t:0.0072806696189731505 n:0.01 f:100.0)
2026-09-22 10:16:08.861487+0800 Runner[8700:1155242] flutter:   uv         = UvTransform((0.0000, 1.0000, 0.0000, -0.6150, 0.0000, 0.8075, 0.0000, 0.0000, 1.0000))
2026-09-22 10:16:08.861496+0800 Runner[8700:1155242] flutter: [arloop] pose stage=none state=0 hasPos=false hasOri=false init=refuse sess=true rc=1
2026-09-22 10:16:08.861503+0800 Runner[8700:1155242] flutter: [arloop] CameraSlot(offered:98 displaced:1 acquired:97 released:97 outstanding:0 occupied:false)
2026-09-22 10:16:08.861618+0800 Runner[8700:1155242] flutter: [arloop] step 分段 p50(ms) 纹理=0.0 内参=0.0 UV=0.0 投影=0.0 位姿=0.0 出图=0.0 | 合计=0.0 (帧间隔 16.7)
2026-09-22 10:16:08.863145+0800 Runner[8700:1155242] flutter: [arloop] 喂料 cam交付=97 背压丢=0 进引擎=97 run=97 在途峰值=2 acc=324 gyr=324 imu丢=0 拒:非单调=0 参数=0 未运行=0 lockFail=0 run=true
2026-09-22 10:16:08.863158+0800 Runner[8700:1155242] flutter: [arloop] 时钟 camPTS=76099.785s imuTS=76099.841s delta=-26.6ms |delta|峰值=30.7ms
2026-09-22 10:16:08.863173+0800 Runner[8700:1155242] flutter: [arloop] 时基 c传入=0.00ms c施加=0.00ms 帧=97 有曝光=97 曝光ms[min/mean/max]=8.33/23.28/25.69 平均加=11.64ms 引擎收到−PTS=10.00ms residual[raw/offset]=0.0e+0/0.0e+0 trace读=97
2026-09-22 10:16:08.863295+0800 Runner[8700:1155242] flutter: [arloop] exp=20.00ms iso=178 f/1.8 mode=2 evOff=-0.04 binned=false minFrameDur=33.33ms
2026-09-22 10:16:08.863309+0800 Runner[8700:1155242] flutter: [arloop] viewport = 1179x2556
2026-09-22 10:16:09.660091+0800 Runner[8700:1155242] flutter: [arloop] ArFrame frame=false K=true proj=true pose=false rot=90
2026-09-22 10:16:09.660117+0800 Runner[8700:1155242] flutter:   K(cropped) = K(fx:1328.9737548828125 fy:1328.9737548828125 cx:442.0843574631382 cy:966.92724609375 886x1920)
2026-09-22 10:16:09.660129+0800 Runner[8700:1155242] flutter:   frustum    = Frustum(l:-0.003330271616252985 r:0.00333652670647331 b:-0.007167731871350965 t:0.007279506028913692 n:0.01 f:100.0)
2026-09-22 10:16:09.660135+0800 Runner[8700:1155242] flutter:   uv         = UvTransform((0.0000, 1.0000, 0.0000, -0.6150, 0.0000, 0.8075, 0.0000, 0.0000, 1.0000))
2026-09-22 10:16:09.660143+0800 Runner[8700:1155242] flutter: [arloop] pose stage=none state=0 hasPos=false hasOri=false init=refuse sess=true rc=1
2026-09-22 10:16:09.660150+0800 Runner[8700:1155242] flutter: [arloop] CameraSlot(offered:122 displaced:1 acquired:121 released:121 outstanding:0 occupied:false)
2026-09-22 10:16:09.660260+0800 Runner[8700:1155242] flutter: [arloop] step 分段 p50(ms) 纹理=0.0 内参=0.0 UV=0.0 投影=0.0 位姿=0.0 出图=0.0 | 合计=0.0 (帧间隔 16.7)
2026-09-22 10:16:09.660273+0800 Runner[8700:1155242] flutter: [arloop] 喂料 cam交付=121 背压丢=0 进引擎=121 run=121 在途峰值=2 acc=406 gyr=406 imu丢=0 拒:非单调=0 参数=0 未运行=0 lockFail=0 run=true
2026-09-22 10:16:09.660283+0800 Runner[8700:1155242] flutter: [arloop] 时钟 camPTS=76100.585s imuTS=76100.639s delta=-24.1ms |delta|峰值=31.3ms
2026-09-22 10:16:09.660297+0800 Runner[8700:1155242] flutter: [arloop] 时基 c传入=0.00ms c施加=0.00ms 帧=121 有曝光=121 曝光ms[min/mean/max]=8.33/22.63/25.69 平均加=11.31ms 引擎收到−PTS=10.00ms residual[raw/offset]=0.0e+0/0.0e+0 trace读=121
2026-09-22 10:16:09.660500+0800 Runner[8700:1155242] flutter: [arloop] exp=20.00ms iso=178 f/1.8 mode=2 evOff=-0.05 binned=false minFrameDur=33.33ms
2026-09-22 10:16:09.660508+0800 Runner[8700:1155242] flutter: [arloop] viewport = 1179x2556
2026-09-22 10:16:10.457619+0800 Runner[8700:1155242] flutter: [arloop] ArFrame frame=false K=true proj=true pose=false rot=90
2026-09-22 10:16:10.457668+0800 Runner[8700:1155242] flutter:   K(cropped) = K(fx:1328.949951171875 fy:1328.949951171875 cx:442.0655586350132 cy:966.939453125 886x1920)
2026-09-22 10:16:10.457678+0800 Runner[8700:1155242] flutter:   frustum    = Frustum(l:-0.0033301898107205357 r:0.003336727925487066 b:-0.007167768402677821 t:0.007279728271722399 n:0.01 f:100.0)
2026-09-22 10:16:10.457684+0800 Runner[8700:1155242] flutter:   uv         = UvTransform((0.0000, 1.0000, 0.0000, -0.6150, 0.0000, 0.8075, 0.0000, 0.0000, 1.0000))
2026-09-22 10:16:10.457695+0800 Runner[8700:1155242] flutter: [arloop] pose stage=none state=0 hasPos=false hasOri=false init=refuse sess=true rc=1
2026-09-22 10:16:10.457703+0800 Runner[8700:1155242] flutter: [arloop] CameraSlot(offered:146 displaced:1 acquired:145 released:145 outstanding:0 occupied:false)
2026-09-22 10:16:10.457852+0800 Runner[8700:1155242] flutter: [arloop] step 分段 p50(ms) 纹理=0.0 内参=0.0 UV=0.0 投影=0.0 位姿=0.0 出图=0.0 | 合计=0.0 (帧间隔 16.7)
2026-09-22 10:16:10.467457+0800 Runner[8700:1155242] flutter: [arloop] 喂料 cam交付=146 背压丢=0 进引擎=145 run=145 在途峰值=2 acc=487 gyr=487 imu丢=0 拒:非单调=0 参数=0 未运行=0 lockFail=0 run=true
2026-09-22 10:16:10.467478+0800 Runner[8700:1155242] flutter: [arloop] 时钟 camPTS=76101.418s imuTS=76101.446s delta=-28.1ms |delta|峰值=31.6ms
2026-09-22 10:16:10.467497+0800 Runner[8700:1155242] flutter: [arloop] 时基 c传入=0.00ms c施加=0.00ms 帧=146 有曝光=146 曝光ms[min/mean/max]=8.33/22.18/25.69 平均加=11.09ms 引擎收到−PTS=10.00ms residual[raw/offset]=0.0e+0/0.0e+0 trace读=145
2026-09-22 10:16:10.467612+0800 Runner[8700:1155242] flutter: [arloop] exp=20.00ms iso=178 f/1.8 mode=2 evOff=-0.06 binned=false minFrameDur=33.33ms
2026-09-22 10:16:10.467622+0800 Runner[8700:1155242] flutter: [arloop] viewport = 1179x2556
2026-09-22 10:16:11.262950+0800 Runner[8700:1155242] flutter: [arloop] ArFrame frame=true K=true proj=true pose=false rot=90
2026-09-22 10:16:11.263017+0800 Runner[8700:1155242] flutter:   K(cropped) = K(fx:1329.0006103515625 fy:1329.0006103515625 cx:442.0806953537632 cy:966.93603515625 886x1920)
2026-09-22 10:16:11.263048+0800 Runner[8700:1155242] flutter:   frustum    = Frustum(l:-0.0033301767652062 r:0.0033364868397535077 b:-0.007167520898216645 t:0.007279425062869856 n:0.01 f:100.0)
2026-09-22 10:16:11.263054+0800 Runner[8700:1155242] flutter:   uv         = UvTransform((0.0000, 1.0000, 0.0000, -0.6150, 0.0000, 0.8075, 0.0000, 0.0000, 1.0000))
2026-09-22 10:16:11.263066+0800 Runner[8700:1155242] flutter: [arloop] pose stage=none state=0 hasPos=false hasOri=false init=refuse sess=true rc=1
2026-09-22 10:16:11.263075+0800 Runner[8700:1155242] flutter: [arloop] CameraSlot(offered:171 displaced:1 acquired:170 released:170 outstanding:0 occupied:false)
2026-09-22 10:16:11.263204+0800 Runner[8700:1155242] flutter: [arloop] step 分段 p50(ms) 纹理=0.0 内参=0.0 UV=0.0 投影=0.0 位姿=0.0 出图=0.0 | 合计=0.0 (帧间隔 16.7)
2026-09-22 10:16:11.265027+0800 Runner[8700:1155242] flutter: [arloop] 喂料 cam交付=170 背压丢=0 进引擎=169 run=169 在途峰值=2 acc=567 gyr=567 imu丢=0 拒:非单调=0 参数=0 未运行=0 lockFail=0 run=true
2026-09-22 10:16:11.265045+0800 Runner[8700:1155242] flutter: [arloop] 时钟 camPTS=76102.218s imuTS=76102.244s delta=-25.6ms |delta|峰值=31.6ms
2026-09-22 10:16:11.265061+0800 Runner[8700:1155242] flutter: [arloop] 时基 c传入=0.00ms c施加=0.00ms 帧=170 有曝光=170 曝光ms[min/mean/max]=8.33/21.87/25.69 平均加=10.93ms 引擎收到−PTS=10.00ms residual[raw/offset]=0.0e+0/0.0e+0 trace读=169
2026-09-22 10:16:11.265181+0800 Runner[8700:1155242] flutter: [arloop] exp=20.00ms iso=178 f/1.8 mode=2 evOff=-0.05 binned=false minFrameDur=33.33ms
2026-09-22 10:16:11.265190+0800 Runner[8700:1155242] flutter: [arloop] viewport = 1179x2556
2026-09-22 10:16:12.058731+0800 Runner[8700:1155242] flutter: [arloop] ArFrame frame=false K=true proj=true pose=false rot=90
2026-09-22 10:16:12.058765+0800 Runner[8700:1155242] flutter:   K(cropped) = K(fx:1329.0452880859375 fy:1329.0452880859375 cx:442.0731269943882 cy:966.933349609375 886x1920)
2026-09-22 10:16:12.058772+0800 Runner[8700:1155242] flutter:   frustum    = Frustum(l:-0.0033300078707759655 r:0.0033364316248713066 b:-0.007167300158465562 t:0.007279160148128976 n:0.01 f:100.0)
2026-09-22 10:16:12.058778+0800 Runner[8700:1155242] flutter:   uv         = UvTransform((0.0000, 1.0000, 0.0000, -0.6150, 0.0000, 0.8075, 0.0000, 0.0000, 1.0000))
2026-09-22 10:16:12.058787+0800 Runner[8700:1155242] flutter: [arloop] pose stage=none state=0 hasPos=false hasOri=false init=refuse sess=true rc=1
2026-09-22 10:16:12.058793+0800 Runner[8700:1155242] flutter: [arloop] CameraSlot(offered:194 displaced:1 acquired:193 released:193 outstanding:0 occupied:false)
2026-09-22 10:16:12.058979+0800 Runner[8700:1155242] flutter: [arloop] step 分段 p50(ms) 纹理=0.0 内参=0.0 UV=0.0 投影=0.0 位姿=0.0 出图=0.0 | 合计=0.0 (帧间隔 16.7)
2026-09-22 10:16:12.064952+0800 Runner[8700:1155242] flutter: [arloop] 喂料 cam交付=194 背压丢=0 进引擎=193 run=193 在途峰值=2 acc=647 gyr=647 imu丢=0 拒:非单调=0 参数=0 未运行=0 lockFail=0 run=true
2026-09-22 10:16:12.064971+0800 Runner[8700:1155242] flutter: [arloop] 时钟 camPTS=76103.018s imuTS=76103.041s delta=-23.1ms |delta|峰值=31.6ms
2026-09-22 10:16:12.064987+0800 Runner[8700:1155242] flutter: [arloop] 时基 c传入=0.00ms c施加=0.00ms 帧=194 有曝光=194 曝光ms[min/mean/max]=8.33/21.64/25.69 平均加=10.82ms 引擎收到−PTS=10.00ms residual[raw/offset]=0.0e+0/0.0e+0 trace读=193
2026-09-22 10:16:12.065106+0800 Runner[8700:1155242] flutter: [arloop] exp=20.00ms iso=178 f/1.8 mode=2 evOff=-0.05 binned=false minFrameDur=33.33ms
2026-09-22 10:16:12.065116+0800 Runner[8700:1155242] flutter: [arloop] viewport = 1179x2556
2026-09-22 10:16:12.859265+0800 Runner[8700:1155242] flutter: [arloop] ArFrame frame=false K=true proj=true pose=false rot=90
2026-09-22 10:16:12.859292+0800 Runner[8700:1155242] flutter:   K(cropped) = K(fx:1329.0869140625 fy:1329.0869140625 cx:442.07599564673194 cy:966.9568481445312 886x1920)
2026-09-22 10:16:12.859308+0800 Runner[8700:1155242] flutter:   frustum    = Frustum(l:-0.003329925161131486 r:0.0033363055467749204 b:-0.007166898882059685 t:0.00727910897254562 n:0.01 f:100.0)
2026-09-22 10:16:12.859316+0800 Runner[8700:1155242] flutter:   uv         = UvTransform((0.0000, 1.0000, 0.0000, -0.6150, 0.0000, 0.8075, 0.0000, 0.0000, 1.0000))
2026-09-22 10:16:12.859326+0800 Runner[8700:1155242] flutter: [arloop] pose stage=none state=0 hasPos=false hasOri=false init=refuse sess=true rc=1
2026-09-22 10:16:12.859334+0800 Runner[8700:1155242] flutter: [arloop] CameraSlot(offered:218 displaced:1 acquired:217 released:217 outstanding:0 occupied:false)
2026-09-22 10:16:12.859511+0800 Runner[8700:1155242] flutter: [arloop] step 分段 p50(ms) 纹理=0.0 内参=0.0 UV=0.0 投影=0.0 位姿=0.0 出图=0.0 | 合计=0.0 (帧间隔 16.7)
2026-09-22 10:16:12.861607+0800 Runner[8700:1155242] flutter: [arloop] 喂料 cam交付=217 背压丢=0 进引擎=217 run=217 在途峰值=2 acc=727 gyr=727 imu丢=0 拒:非单调=0 参数=0 未运行=0 lockFail=0 run=true
2026-09-22 10:16:12.861621+0800 Runner[8700:1155242] flutter: [arloop] 时钟 camPTS=76103.785s imuTS=76103.839s delta=-24.1ms |delta|峰值=31.6ms
2026-09-22 10:16:12.861636+0800 Runner[8700:1155242] flutter: [arloop] 时基 c传入=0.00ms c施加=0.00ms 帧=217 有曝光=217 曝光ms[min/mean/max]=8.33/21.46/25.69 平均加=10.73ms 引擎收到−PTS=10.00ms residual[raw/offset]=0.0e+0/0.0e+0 trace读=217
2026-09-22 10:16:12.861800+0800 Runner[8700:1155242] flutter: [arloop] exp=20.00ms iso=178 f/1.8 mode=2 evOff=-0.02 binned=false minFrameDur=33.33ms
2026-09-22 10:16:12.861813+0800 Runner[8700:1155242] flutter: [arloop] viewport = 1179x2556
2026-09-22 10:16:13.653652+0800 Runner[8700:1155242] flutter: [arloop] ArFrame frame=false K=true proj=true pose=false rot=90
2026-09-22 10:16:13.653673+0800 Runner[8700:1155242] flutter:   K(cropped) = K(fx:1329.1793212890625 fy:1329.1793212890625 cx:442.07538529516944 cy:966.8783569335938 886x1920)
2026-09-22 10:16:13.653680+0800 Runner[8700:1155242] flutter:   frustum    = Frustum(l:-0.003329689066076891 r:0.0033360781920289675 b:-0.007166991148662592 t:0.0072780123903478456 n:0.01 f:100.0)
2026-09-22 10:16:13.653686+0800 Runner[8700:1155242] flutter:   uv         = UvTransform((0.0000, 1.0000, 0.0000, -0.6150, 0.0000, 0.8075, 0.0000, 0.0000, 1.0000))
2026-09-22 10:16:13.653695+0800 Runner[8700:1155242] flutter: [arloop] pose stage=none state=0 hasPos=false hasOri=false init=refuse sess=true rc=1
2026-09-22 10:16:13.653702+0800 Runner[8700:1155242] flutter: [arloop] CameraSlot(offered:242 displaced:1 acquired:241 released:241 outstanding:0 occupied:false)
2026-09-22 10:16:13.653820+0800 Runner[8700:1155242] flutter: [arloop] step 分段 p50(ms) 纹理=0.0 内参=0.0 UV=0.0 投影=0.0 位姿=0.0 出图=0.0 | 合计=0.0 (帧间隔 16.7)
2026-09-22 10:16:13.657634+0800 Runner[8700:1155242] flutter: [arloop] 喂料 cam交付=241 背压丢=0 进引擎=241 run=241 在途峰值=2 acc=807 gyr=807 imu丢=0 拒:非单调=0 参数=0 未运行=0 lockFail=0 run=true
2026-09-22 10:16:13.657649+0800 Runner[8700:1155242] flutter: [arloop] 时钟 camPTS=76104.585s imuTS=76104.637s delta=-21.6ms |delta|峰值=31.6ms
2026-09-22 10:16:13.657664+0800 Runner[8700:1155242] flutter: [arloop] 时基 c传入=0.00ms c施加=0.00ms 帧=241 有曝光=241 曝光ms[min/mean/max]=8.33/21.32/25.69 平均加=10.66ms 引擎收到−PTS=10.00ms residual[raw/offset]=0.0e+0/0.0e+0 trace读=241
2026-09-22 10:16:13.657825+0800 Runner[8700:1155242] flutter: [arloop] exp=20.00ms iso=178 f/1.8 mode=2 evOff=-0.01 binned=false minFrameDur=33.33ms
2026-09-22 10:16:13.657837+0800 Runner[8700:1155242] flutter: [arloop] viewport = 1179x2556
2026-09-22 10:16:14.452364+0800 Runner[8700:1155242] flutter: [arloop] ArFrame frame=false K=true proj=true pose=false rot=90
2026-09-22 10:16:14.452417+0800 Runner[8700:1155242] flutter:   K(cropped) = K(fx:1329.1256103515625 fy:1329.1256103515625 cx:442.07746049048194 cy:966.9220581054688 886x1920)
2026-09-22 10:16:14.452433+0800 Runner[8700:1155242] flutter:   frustum    = Frustum(l:-0.0033298392344830166 r:0.003336197392150392 b:-0.007166951975611756 t:0.007278635296550934 n:0.01 f:100.0)
2026-09-22 10:16:14.452441+0800 Runner[8700:1155242] flutter:   uv         = UvTransform((0.0000, 1.0000, 0.0000, -0.6150, 0.0000, 0.8075, 0.0000, 0.0000, 1.0000))
2026-09-22 10:16:14.452451+0800 Runner[8700:1155242] flutter: [arloop] pose stage=none state=0 hasPos=false hasOri=false init=refuse sess=true rc=1
2026-09-22 10:16:14.452459+0800 Runner[8700:1155242] flutter: [arloop] CameraSlot(offered:266 displaced:1 acquired:265 released:265 outstanding:0 occupied:false)
2026-09-22 10:16:14.452590+0800 Runner[8700:1155242] flutter: [arloop] step 分段 p50(ms) 纹理=0.0 内参=0.0 UV=0.0 投影=0.0 位姿=0.0 出图=0.0 | 合计=0.0 (帧间隔 16.7)
2026-09-22 10:16:14.465487+0800 Runner[8700:1155242] flutter: [arloop] 喂料 cam交付=266 背压丢=0 进引擎=265 run=265 在途峰值=2 acc=888 gyr=888 imu丢=0 拒:非单调=0 参数=0 未运行=0 lockFail=0 run=true
2026-09-22 10:16:14.465506+0800 Runner[8700:1155242] flutter: [arloop] 时钟 camPTS=76105.419s imuTS=76105.444s delta=-25.7ms |delta|峰值=31.6ms
2026-09-22 10:16:14.465524+0800 Runner[8700:1155242] flutter: [arloop] 时基 c传入=0.00ms c施加=0.00ms 帧=266 有曝光=266 曝光ms[min/mean/max]=8.33/21.20/25.69 平均加=10.60ms 引擎收到−PTS=10.00ms residual[raw/offset]=0.0e+0/0.0e+0 trace读=265
2026-09-22 10:16:14.465633+0800 Runner[8700:1155242] flutter: [arloop] exp=20.00ms iso=178 f/1.8 mode=2 evOff=-0.03 binned=false minFrameDur=33.33ms
2026-09-22 10:16:14.465641+0800 Runner[8700:1155242] flutter: [arloop] viewport = 1179x2556
2026-09-22 10:16:15.267155+0800 Runner[8700:1155242] flutter: [arloop] ArFrame frame=true K=true proj=true pose=false rot=90
2026-09-22 10:16:15.267173+0800 Runner[8700:1155242] flutter:   K(cropped) = K(fx:1329.1851806640625 fy:1329.1851806640625 cx:442.07379838110694 cy:966.876953125 886x1920)
2026-09-22 10:16:15.267180+0800 Runner[8700:1155242] flutter:   frustum    = Frustum(l:-0.003329662448989964 r:0.003336075424775326 b:-0.007166970116226156 t:0.007277969745657993 n:0.01 f:100.0)
2026-09-22 10:16:15.267186+0800 Runner[8700:1155242] flutter:   uv         = UvTransform((0.0000, 1.0000, 0.0000, -0.6150, 0.0000, 0.8075, 0.0000, 0.0000, 1.0000))
2026-09-22 10:16:15.267193+0800 Runner[8700:1155242] flutter: [arloop] pose stage=none state=0 hasPos=false hasOri=false init=refuse sess=true rc=1
2026-09-22 10:16:15.267200+0800 Runner[8700:1155242] flutter: [arloop] CameraSlot(offered:291 displaced:1 acquired:290 released:290 outstanding:0 occupied:false)
2026-09-22 10:16:15.267313+0800 Runner[8700:1155242] flutter: [arloop] step 分段 p50(ms) 纹理=0.0 内参=0.0 UV=0.0 投影=0.0 位姿=0.0 出图=0.0 | 合计=0.0 (帧间隔 16.7)
2026-09-22 10:16:15.292054+0800 Runner[8700:1155242] flutter: [arloop] 喂料 cam交付=290 背压丢=0 进引擎=290 run=290 在途峰值=2 acc=971 gyr=971 imu丢=0 拒:非单调=0 参数=0 未运行=0 lockFail=0 run=true
2026-09-22 10:16:15.292072+0800 Runner[8700:1155242] flutter: [arloop] 时钟 camPTS=76106.219s imuTS=76106.272s delta=-23.3ms |delta|峰值=31.6ms
2026-09-22 10:16:15.292087+0800 Runner[8700:1155242] flutter: [arloop] 时基 c传入=0.00ms c施加=0.00ms 帧=290 有曝光=290 曝光ms[min/mean/max]=8.33/21.10/25.69 平均加=10.55ms 引擎收到−PTS=10.00ms residual[raw/offset]=0.0e+0/0.0e+0 trace读=290
2026-09-22 10:16:15.292243+0800 Runner[8700:1155242] flutter: [arloop] exp=20.00ms iso=178 f/1.8 mode=2 evOff=-0.01 binned=false minFrameDur=33.33ms
2026-09-22 10:16:15.292255+0800 Runner[8700:1155242] flutter: [arloop] viewport = 1179x2556
2026-09-22 10:16:16.086601+0800 Runner[8700:1155242] flutter: [arloop] ArFrame frame=false K=true proj=true pose=false rot=90
2026-09-22 10:16:16.086626+0800 Runner[8700:1155242] flutter:   K(cropped) = K(fx:1329.1822509765625 fy:1329.1822509765625 cx:442.06427689673194 cy:966.8584594726562 886x1920)
2026-09-22 10:16:16.086634+0800 Runner[8700:1155242] flutter:   frustum    = Frustum(l:-0.0033295981538391437 r:0.003336154412064047 b:-0.007167125048708928 t:0.00727784665166819 n:0.01 f:100.0)
2026-09-22 10:16:16.086641+0800 Runner[8700:1155242] flutter:   uv         = UvTransform((0.0000, 1.0000, 0.0000, -0.6150, 0.0000, 0.8075, 0.0000, 0.0000, 1.0000))
2026-09-22 10:16:16.086650+0800 Runner[8700:1155242] flutter: [arloop] pose stage=none state=0 hasPos=false hasOri=false init=refuse sess=true rc=1
2026-09-22 10:16:16.086656+0800 Runner[8700:1155242] flutter: [arloop] CameraSlot(offered:315 displaced:1 acquired:314 released:314 outstanding:0 occupied:false)
2026-09-22 10:16:16.086804+0800 Runner[8700:1155242] flutter: [arloop] step 分段 p50(ms) 纹理=0.0 内参=0.0 UV=0.0 投影=0.0 位姿=0.0 出图=0.0 | 合计=0.0 (帧间隔 16.7)
2026-09-22 10:16:16.093356+0800 Runner[8700:1155242] flutter: [arloop] 喂料 cam交付=314 背压丢=0 进引擎=314 run=314 在途峰值=2 acc=1048 gyr=1049 imu丢=0 拒:非单调=0 参数=0 未运行=0 lockFail=0 run=true
2026-09-22 10:16:16.093374+0800 Runner[8700:1155242] flutter: [arloop] 时钟 camPTS=76107.019s imuTS=76107.079s delta=-20.8ms |delta|峰值=31.6ms
2026-09-22 10:16:16.093389+0800 Runner[8700:1155242] flutter: [arloop] 时基 c传入=0.00ms c施加=0.00ms 帧=314 有曝光=314 曝光ms[min/mean/max]=8.33/21.01/25.69 平均加=10.51ms 引擎收到−PTS=10.00ms residual[raw/offset]=0.0e+0/0.0e+0 trace读=314
2026-09-22 10:16:16.093599+0800 Runner[8700:1155242] flutter: [arloop] exp=20.00ms iso=178 f/1.8 mode=2 evOff=-0.01 binned=false minFrameDur=33.33ms
2026-09-22 10:16:16.093614+0800 Runner[8700:1155242] flutter: [arloop] viewport = 1179x2556
2026-09-22 10:16:16.887022+0800 Runner[8700:1155242] flutter: [arloop] ArFrame frame=false K=true proj=true pose=false rot=90
2026-09-22 10:16:16.887062+0800 Runner[8700:1155242] flutter:   K(cropped) = K(fx:1329.29541015625 fy:1329.29541015625 cx:442.0795967209507 cy:966.8195190429688 886x1920)
2026-09-22 10:16:16.887069+0800 Runner[8700:1155242] flutter:   frustum    = Frustum(l:-0.003329429962215309 r:0.0033357551669190534 b:-0.00716680787188643 t:0.007276934168675619 n:0.01 f:100.0)
2026-09-22 10:16:16.887076+0800 Runner[8700:1155242] flutter:   uv         = UvTransform((0.0000, 1.0000, 0.0000, -0.6150, 0.0000, 0.8075, 0.0000, 0.0000, 1.0000))
2026-09-22 10:16:16.887086+0800 Runner[8700:1155242] flutter: [arloop] pose stage=none state=0 hasPos=false hasOri=false init=refuse sess=true rc=1
2026-09-22 10:16:16.887094+0800 Runner[8700:1155242] flutter: [arloop] CameraSlot(offered:339 displaced:1 acquired:338 released:338 outstanding:0 occupied:false)
2026-09-22 10:16:16.887231+0800 Runner[8700:1155242] flutter: [arloop] step 分段 p50(ms) 纹理=0.0 内参=0.0 UV=0.0 投影=0.0 位姿=0.0 出图=0.0 | 合计=0.0 (帧间隔 16.7)
2026-09-22 10:16:16.897754+0800 Runner[8700:1155242] flutter: [arloop] 喂料 cam交付=339 背压丢=0 进引擎=338 run=338 在途峰值=2 acc=1132 gyr=1132 imu丢=0 拒:非单调=0 参数=0 未运行=0 lockFail=0 run=true
2026-09-22 10:16:16.897769+0800 Runner[8700:1155242] flutter: [arloop] 时钟 camPTS=76107.852s imuTS=76107.877s delta=-24.9ms |delta|峰值=31.6ms
2026-09-22 10:16:16.897788+0800 Runner[8700:1155242] flutter: [arloop] 时基 c传入=0.00ms c施加=0.00ms 帧=339 有曝光=339 曝光ms[min/mean/max]=8.33/20.94/25.69 平均加=10.47ms 引擎收到−PTS=10.00ms residual[raw/offset]=0.0e+0/0.0e+0 trace读=338
2026-09-22 10:16:16.897883+0800 Runner[8700:1155242] flutter: [arloop] exp=20.00ms iso=178 f/1.8 mode=2 evOff=-0.02 binned=false minFrameDur=33.33ms
2026-09-22 10:16:16.897891+0800 Runner[8700:1155242] flutter: [arloop] viewport = 1179x2556
2026-09-22 10:16:17.695277+0800 Runner[8700:1155242] flutter: [arloop] ArFrame frame=false K=true proj=true pose=false rot=90
2026-09-22 10:16:17.695306+0800 Runner[8700:1155242] flutter:   K(cropped) = K(fx:1329.277587890625 fy:1329.277587890625 cx:442.07550736548194 cy:966.8369140625 886x1920)
2026-09-22 10:16:17.695313+0800 Runner[8700:1155242] flutter:   frustum    = Frustum(l:-0.00332944383774488 r:0.0033358306547405935 b:-0.007166773100035796 t:0.007277162594740851 n:0.01 f:100.0)
2026-09-22 10:16:17.695319+0800 Runner[8700:1155242] flutter:   uv         = UvTransform((0.0000, 1.0000, 0.0000, -0.6150, 0.0000, 0.8075, 0.0000, 0.0000, 1.0000))
2026-09-22 10:16:17.695328+0800 Runner[8700:1155242] flutter: [arloop] pose stage=none state=0 hasPos=false hasOri=false init=refuse sess=true rc=1
2026-09-22 10:16:17.695334+0800 Runner[8700:1155242] flutter: [arloop] CameraSlot(offered:363 displaced:1 acquired:362 released:362 outstanding:0 occupied:false)
2026-09-22 10:16:17.695460+0800 Runner[8700:1155242] flutter: [arloop] step 分段 p50(ms) 纹理=0.0 内参=0.0 UV=0.0 投影=0.0 位姿=0.0 出图=0.0 | 合计=0.0 (帧间隔 16.7)
2026-09-22 10:16:17.698009+0800 Runner[8700:1155242] flutter: [arloop] 喂料 cam交付=363 背压丢=0 进引擎=362 run=362 在途峰值=2 acc=1212 gyr=1212 imu丢=0 拒:非单调=0 参数=0 未运行=0 lockFail=0 run=true
2026-09-22 10:16:17.698025+0800 Runner[8700:1155242] flutter: [arloop] 时钟 camPTS=76108.652s imuTS=76108.675s delta=-22.5ms |delta|峰值=31.6ms
2026-09-22 10:16:17.698040+0800 Runner[8700:1155242] flutter: [arloop] 时基 c传入=0.00ms c施加=0.00ms 帧=363 有曝光=363 曝光ms[min/mean/max]=8.33/20.88/25.69 平均加=10.44ms 引擎收到−PTS=10.00ms residual[raw/offset]=0.0e+0/0.0e+0 trace读=362
2026-09-22 10:16:17.698146+0800 Runner[8700:1155242] flutter: [arloop] exp=20.00ms iso=178 f/1.8 mode=2 evOff=-0.02 binned=false minFrameDur=33.33ms
2026-09-22 10:16:17.698153+0800 Runner[8700:1155242] flutter: [arloop] viewport = 1179x2556
2026-09-22 10:16:18.492256+0800 Runner[8700:1155242] flutter: [arloop] ArFrame frame=false K=true proj=true pose=false rot=90
2026-09-22 10:16:18.492278+0800 Runner[8700:1155242] flutter:   K(cropped) = K(fx:1329.29541015625 fy:1329.29541015625 cx:442.0678779709507 cy:966.890625 886x1920)
2026-09-22 10:16:18.492285+0800 Runner[8700:1155242] flutter:   frustum    = Frustum(l:-0.003329341804610081 r:0.0033358433245242814 b:-0.0071662729572505406 t:0.007277469083311508 n:0.01 f:100.0)
2026-09-22 10:16:18.492291+0800 Runner[8700:1155242] flutter:   uv         = UvTransform((0.0000, 1.0000, 0.0000, -0.6150, 0.0000, 0.8075, 0.0000, 0.0000, 1.0000))
2026-09-22 10:16:18.492299+0800 Runner[8700:1155242] flutter: [arloop] pose stage=none state=0 hasPos=false hasOri=false init=refuse sess=true rc=1
2026-09-22 10:16:18.492306+0800 Runner[8700:1155242] flutter: [arloop] CameraSlot(offered:387 displaced:1 acquired:386 released:386 outstanding:0 occupied:false)
2026-09-22 10:16:18.492428+0800 Runner[8700:1155242] flutter: [arloop] step 分段 p50(ms) 纹理=0.0 内参=0.0 UV=0.0 投影=0.0 位姿=0.0 出图=0.0 | 合计=0.0 (帧间隔 16.7)
2026-09-22 10:16:18.495310+0800 Runner[8700:1155242] flutter: [arloop] 喂料 cam交付=386 背压丢=0 进引擎=386 run=386 在途峰值=2 acc=1292 gyr=1292 imu丢=0 拒:非单调=0 参数=0 未运行=0 lockFail=0 run=true
2026-09-22 10:16:18.495324+0800 Runner[8700:1155242] flutter: [arloop] 时钟 camPTS=76109.419s imuTS=76109.472s delta=-23.5ms |delta|峰值=31.6ms
2026-09-22 10:16:18.495338+0800 Runner[8700:1155242] flutter: [arloop] 时基 c传入=0.00ms c施加=0.00ms 帧=386 有曝光=386 曝光ms[min/mean/max]=8.33/20.82/25.69 平均加=10.41ms 引擎收到−PTS=10.00ms residual[raw/offset]=0.0e+0/0.0e+0 trace读=386
2026-09-22 10:16:18.495566+0800 Runner[8700:1155242] flutter: [arloop] exp=20.00ms iso=178 f/1.8 mode=2 evOff=-0.02 binned=false minFrameDur=33.33ms
2026-09-22 10:16:18.495574+0800 Runner[8700:1155242] flutter: [arloop] viewport = 1179x2556
2026-09-22 10:16:19.290598+0800 Runner[8700:1155242] flutter: [arloop] ArFrame frame=false K=true proj=true pose=false rot=90
2026-09-22 10:16:19.290623+0800 Runner[8700:1155242] flutter:   K(cropped) = K(fx:1329.4056396484375 fy:1329.4056396484375 cx:442.09076615454444 cy:966.8385620117188 886x1920)
2026-09-22 10:16:19.291164+0800 Runner[8700:1155242] flutter:   frustum    = Frustum(l:-0.0033292379162133535 r:0.00333539455995324 b:-0.0071660703819506405 t:0.007276474035927306 n:0.01 f:100.0)
2026-09-22 10:16:19.291177+0800 Runner[8700:1155242] flutter:   uv         = UvTransform((0.0000, 1.0000, 0.0000, -0.6150, 0.0000, 0.8075, 0.0000, 0.0000, 1.0000))
2026-09-22 10:16:19.291189+0800 Runner[8700:1155242] flutter: [arloop] pose stage=none state=0 hasPos=false hasOri=false init=refuse sess=true rc=1
2026-09-22 10:16:19.291197+0800 Runner[8700:1155242] flutter: [arloop] CameraSlot(offered:411 displaced:1 acquired:410 released:410 outstanding:0 occupied:false)
2026-09-22 10:16:19.291335+0800 Runner[8700:1155242] flutter: [arloop] step 分段 p50(ms) 纹理=0.0 内参=0.0 UV=0.0 投影=0.0 位姿=0.0 出图=0.0 | 合计=0.0 (帧间隔 16.7)
2026-09-22 10:16:19.301124+0800 Runner[8700:1155242] flutter: [arloop] 喂料 cam交付=411 背压丢=0 进引擎=410 run=410 在途峰值=2 acc=1373 gyr=1373 imu丢=0 拒:非单调=0 参数=0 未运行=0 lockFail=0 run=true
2026-09-22 10:16:19.301143+0800 Runner[8700:1155242] flutter: [arloop] 时钟 camPTS=76110.252s imuTS=76110.280s delta=-27.7ms |delta|峰值=31.6ms
2026-09-22 10:16:19.301160+0800 Runner[8700:1155242] flutter: [arloop] 时基 c传入=0.00ms c施加=0.00ms 帧=411 有曝光=411 曝光ms[min/mean/max]=8.33/20.77/25.69 平均加=10.39ms 引擎收到−PTS=10.00ms residual[raw/offset]=0.0e+0/0.0e+0 trace读=410
2026-09-22 10:16:19.301336+0800 Runner[8700:1155242] flutter: [arloop] exp=20.00ms iso=178 f/1.8 mode=2 evOff=-0.01 binned=false minFrameDur=33.33ms
2026-09-22 10:16:19.301348+0800 Runner[8700:1155242] flutter: [arloop] viewport = 1179x2556
2026-09-22 10:16:20.095352+0800 Runner[8700:1155242] flutter: [arloop] ArFrame frame=false K=true proj=true pose=false rot=90
2026-09-22 10:16:20.095388+0800 Runner[8700:1155242] flutter:   K(cropped) = K(fx:1329.3817138671875 fy:1329.3817138671875 cx:442.0642158615757 cy:966.8446655273438 886x1920)
2026-09-22 10:16:20.095396+0800 Runner[8700:1155242] flutter:   frustum    = Frustum(l:-0.003329098115650704 r:0.003335654308411271 b:-0.007166153442124388 t:0.007276650907987341 n:0.01 f:100.0)
2026-09-22 10:16:20.095403+0800 Runner[8700:1155242] flutter:   uv         = UvTransform((0.0000, 1.0000, 0.0000, -0.6150, 0.0000, 0.8075, 0.0000, 0.0000, 1.0000))
2026-09-22 10:16:20.095413+0800 Runner[8700:1155242] flutter: [arloop] pose stage=none state=0 hasPos=false hasOri=false init=refuse sess=true rc=1
2026-09-22 10:16:20.095420+0800 Runner[8700:1155242] flutter: [arloop] CameraSlot(offered:435 displaced:1 acquired:434 released:434 outstanding:0 occupied:false)
2026-09-22 10:16:20.095551+0800 Runner[8700:1155242] flutter: [arloop] step 分段 p50(ms) 纹理=0.0 内参=0.0 UV=0.0 投影=0.0 位姿=0.0 出图=0.0 | 合计=0.0 (帧间隔 16.7)
2026-09-22 10:16:20.100137+0800 Runner[8700:1155242] flutter: [arloop] 喂料 cam交付=435 背压丢=0 进引擎=434 run=434 在途峰值=2 acc=1453 gyr=1453 imu丢=0 拒:非单调=0 参数=0 未运行=0 lockFail=0 run=true
2026-09-22 10:16:20.100153+0800 Runner[8700:1155242] flutter: [arloop] 时钟 camPTS=76111.052s imuTS=76111.078s delta=-25.3ms |delta|峰值=31.6ms
2026-09-22 10:16:20.100168+0800 Runner[8700:1155242] flutter: [arloop] 时基 c传入=0.00ms c施加=0.00ms 帧=435 有曝光=435 曝光ms[min/mean/max]=8.33/20.73/25.69 平均加=10.37ms 引擎收到−PTS=10.00ms residual[raw/offset]=0.0e+0/0.0e+0 trace读=434
2026-09-22 10:16:20.100282+0800 Runner[8700:1155242] flutter: [arloop] exp=20.00ms iso=178 f/1.8 mode=2 evOff=0.02 binned=false minFrameDur=33.33ms
2026-09-22 10:16:20.100291+0800 Runner[8700:1155242] flutter: [arloop] viewport = 1179x2556
2026-09-22 10:16:20.895164+0800 Runner[8700:1155242] flutter: [arloop] ArFrame frame=false K=true proj=true pose=false rot=90
2026-09-22 10:16:20.895223+0800 Runner[8700:1155242] flutter:   K(cropped) = K(fx:1329.47998046875 fy:1329.47998046875 cx:442.0846016037632 cy:966.8969116210938 886x1920)
2026-09-22 10:16:20.895249+0800 Runner[8700:1155242] flutter:   frustum    = Frustum(l:-0.00332900538635953 r:0.003335254422107934 b:-0.007165230784769215 t:0.007276506046221227 n:0.01 f:100.0)
2026-09-22 10:16:20.895258+0800 Runner[8700:1155242] flutter:   uv         = UvTransform((0.0000, 1.0000, 0.0000, -0.6150, 0.0000, 0.8075, 0.0000, 0.0000, 1.0000))
2026-09-22 10:16:20.895270+0800 Runner[8700:1155242] flutter: [arloop] pose stage=none state=0 hasPos=false hasOri=false init=refuse sess=true rc=1
2026-09-22 10:16:20.895280+0800 Runner[8700:1155242] flutter: [arloop] CameraSlot(offered:459 displaced:1 acquired:458 released:458 outstanding:0 occupied:false)
2026-09-22 10:16:20.895471+0800 Runner[8700:1155242] flutter: [arloop] step 分段 p50(ms) 纹理=0.0 内参=0.0 UV=0.0 投影=0.0 位姿=0.0 出图=0.0 | 合计=0.0 (帧间隔 16.7)
2026-09-22 10:16:20.897986+0800 Runner[8700:1155242] flutter: [arloop] 喂料 cam交付=458 背压丢=0 进引擎=458 run=458 在途峰值=2 acc=1530 gyr=1531 imu丢=0 拒:非单调=0 参数=0 未运行=0 lockFail=0 run=true
2026-09-22 10:16:20.898004+0800 Runner[8700:1155242] flutter: [arloop] 时钟 camPTS=76111.819s imuTS=76111.875s delta=-26.3ms |delta|峰值=31.6ms
2026-09-22 10:16:20.898020+0800 Runner[8700:1155242] flutter: [arloop] 时基 c传入=0.00ms c施加=0.00ms 帧=459 有曝光=459 曝光ms[min/mean/max]=8.33/20.69/25.69 平均加=10.35ms 引擎收到−PTS=10.00ms residual[raw/offset]=0.0e+0/0.0e+0 trace读=458
2026-09-22 10:16:20.898122+0800 Runner[8700:1155242] flutter: [arloop] exp=20.00ms iso=178 f/1.8 mode=2 evOff=0.03 binned=false minFrameDur=33.33ms
2026-09-22 10:16:20.898130+0800 Runner[8700:1155242] flutter: [arloop] viewport = 1179x2556
2026-09-22 10:16:21.688510+0800 Runner[8700:1155242] flutter: [arloop] ArFrame frame=false K=true proj=true pose=false rot=90
2026-09-22 10:16:21.688531+0800 Runner[8700:1155242] flutter:   K(cropped) = K(fx:1329.4830322265625 fy:1329.4830322265625 cx:442.0577461350132 cy:966.8634643554688 886x1920)
2026-09-22 10:16:21.688540+0800 Runner[8700:1155242] flutter:   frustum    = Frustum(l:-0.0033287957454698463 r:0.0033354487655425607 b:-0.007165465918350951 t:0.007276237762398284 n:0.01 f:100.0)
2026-09-22 10:16:21.688547+0800 Runner[8700:1155242] flutter:   uv         = UvTransform((0.0000, 1.0000, 0.0000, -0.6150, 0.0000, 0.8075, 0.0000, 0.0000, 1.0000))
2026-09-22 10:16:21.688556+0800 Runner[8700:1155242] flutter: [arloop] pose stage=none state=0 hasPos=false hasOri=false init=refuse sess=true rc=1
2026-09-22 10:16:21.688564+0800 Runner[8700:1155242] flutter: [arloop] CameraSlot(offered:483 displaced:1 acquired:482 released:482 outstanding:0 occupied:false)
2026-09-22 10:16:21.688711+0800 Runner[8700:1155242] flutter: [arloop] step 分段 p50(ms) 纹理=0.0 内参=0.0 UV=0.0 投影=0.0 位姿=0.0 出图=0.0 | 合计=0.0 (帧间隔 16.7)
2026-09-22 10:16:21.694958+0800 Runner[8700:1155242] flutter: [arloop] 喂料 cam交付=482 背压丢=0 进引擎=482 run=482 在途峰值=2 acc=1613 gyr=1613 imu丢=0 拒:非单调=0 参数=0 未运行=0 lockFail=0 run=true
2026-09-22 10:16:21.694973+0800 Runner[8700:1155242] flutter: [arloop] 时钟 camPTS=76112.619s imuTS=76112.673s delta=-24.0ms |delta|峰值=31.6ms
2026-09-22 10:16:21.694989+0800 Runner[8700:1155242] flutter: [arloop] 时基 c传入=0.00ms c施加=0.00ms 帧=482 有曝光=482 曝光ms[min/mean/max]=8.33/20.66/25.69 平均加=10.33ms 引擎收到−PTS=10.00ms residual[raw/offset]=0.0e+0/0.0e+0 trace读=482
2026-09-22 10:16:21.695159+0800 Runner[8700:1155242] flutter: [arloop] exp=20.00ms iso=178 f/1.8 mode=2 evOff=0.03 binned=false minFrameDur=33.33ms
2026-09-22 10:16:21.695166+0800 Runner[8700:1155242] flutter: [arloop] viewport = 1179x2556
2026-09-22 10:16:22.486972+0800 Runner[8700:1155242] flutter: [arloop] ArFrame frame=false K=true proj=true pose=false rot=90
2026-09-22 10:16:22.487006+0800 Runner[8700:1155242] flutter:   K(cropped) = K(fx:1329.5872802734375 fy:1329.5872802734375 cx:442.0699531662632 cy:966.8330688476562 886x1920)
2026-09-22 10:16:22.487028+0800 Runner[8700:1155242] flutter:   frustum    = Frustum(l:-0.003328626557522768 r:0.0033350954345963872 b:-0.007165132709124761 t:0.007275438650772279 n:0.01 f:100.0)
2026-09-22 10:16:22.487041+0800 Runner[8700:1155242] flutter:   uv         = UvTransform((0.0000, 1.0000, 0.0000, -0.6150, 0.0000, 0.8075, 0.0000, 0.0000, 1.0000))
2026-09-22 10:16:22.487056+0800 Runner[8700:1155242] flutter: [arloop] pose stage=none state=0 hasPos=false hasOri=false init=refuse sess=true rc=1
2026-09-22 10:16:22.487069+0800 Runner[8700:1155242] flutter: [arloop] CameraSlot(offered:507 displaced:1 acquired:506 released:506 outstanding:0 occupied:false)
2026-09-22 10:16:22.487330+0800 Runner[8700:1155242] flutter: [arloop] step 分段 p50(ms) 纹理=0.0 内参=0.0 UV=0.0 投影=0.0 位姿=0.0 出图=0.0 | 合计=0.0 (帧间隔 16.7)
2026-09-22 10:16:22.508888+0800 Runner[8700:1155242] flutter: [arloop] 喂料 cam交付=507 背压丢=0 进引擎=506 run=506 在途峰值=2 acc=1694 gyr=1694 imu丢=0 拒:非单调=0 参数=0 未运行=0 lockFail=0 run=true
2026-09-22 10:16:22.508907+0800 Runner[8700:1155242] flutter: [arloop] 时钟 camPTS=76113.453s imuTS=76113.491s delta=-28.2ms |delta|峰值=31.6ms
2026-09-22 10:16:22.508924+0800 Runner[8700:1155242] flutter: [arloop] 时基 c传入=0.00ms c施加=0.00ms 帧=507 有曝光=507 曝光ms[min/mean/max]=8.33/20.63/25.69 平均加=10.31ms 引擎收到−PTS=10.00ms residual[raw/offset]=0.0e+0/0.0e+0 trace读=506
2026-09-22 10:16:22.509057+0800 Runner[8700:1155242] flutter: [arloop] exp=20.00ms iso=178 f/1.8 mode=2 evOff=0.03 binned=false minFrameDur=33.33ms
2026-09-22 10:16:22.509067+0800 Runner[8700:1155242] flutter: [arloop] viewport = 1179x2556
2026-09-22 10:16:23.306128+0800 Runner[8700:1155242] flutter: [arloop] ArFrame frame=true K=true proj=true pose=false rot=90
2026-09-22 10:16:23.306151+0800 Runner[8700:1155242] flutter:   K(cropped) = K(fx:1329.59912109375 fy:1329.59912109375 cx:442.0872871506382 cy:966.8283081054688 886x1920)
2026-09-22 10:16:23.306158+0800 Runner[8700:1155242] flutter:   frustum    = Frustum(l:-0.0033287272842551117 r:0.0033349353637102536 b:-0.007165104705475798 t:0.007275338053094746 n:0.01 f:100.0)
2026-09-22 10:16:23.306165+0800 Runner[8700:1155242] flutter:   uv         = UvTransform((0.0000, 1.0000, 0.0000, -0.6150, 0.0000, 0.8075, 0.0000, 0.0000, 1.0000))
2026-09-22 10:16:23.306173+0800 Runner[8700:1155242] flutter: [arloop] pose stage=none state=0 hasPos=false hasOri=false init=refuse sess=true rc=1
2026-09-22 10:16:23.306180+0800 Runner[8700:1155242] flutter: [arloop] CameraSlot(offered:532 displaced:1 acquired:531 released:531 outstanding:0 occupied:false)
2026-09-22 10:16:23.306321+0800 Runner[8700:1155242] flutter: [arloop] step 分段 p50(ms) 纹理=0.0 内参=0.0 UV=0.0 投影=0.0 位姿=0.0 出图=0.0 | 合计=0.0 (帧间隔 16.7)
2026-09-22 10:16:23.330232+0800 Runner[8700:1155242] flutter: [arloop] 喂料 cam交付=531 背压丢=0 进引擎=531 run=531 在途峰值=2 acc=1777 gyr=1777 imu丢=0 拒:非单调=0 参数=0 未运行=0 lockFail=0 run=true
2026-09-22 10:16:23.330255+0800 Runner[8700:1155242] flutter: [arloop] 时钟 camPTS=76114.253s imuTS=76114.308s delta=-25.8ms |delta|峰值=31.6ms
2026-09-22 10:16:23.330273+0800 Runner[8700:1155242] flutter: [arloop] 时基 c传入=0.00ms c施加=0.00ms 帧=531 有曝光=531 曝光ms[min/mean/max]=8.33/20.60/25.69 平均加=10.30ms 引擎收到−PTS=10.00ms residual[raw/offset]=0.0e+0/0.0e+0 trace读=531
2026-09-22 10:16:23.330441+0800 Runner[8700:1155242] flutter: [arloop] exp=20.00ms iso=178 f/1.8 mode=2 evOff=0.03 binned=false minFrameDur=33.33ms
2026-09-22 10:16:23.330450+0800 Runner[8700:1155242] flutter: [arloop] viewport = 1179x2556
2026-09-22 10:16:24.125551+0800 Runner[8700:1155242] flutter: [arloop] ArFrame frame=false K=true proj=true pose=false rot=90
2026-09-22 10:16:24.125577+0800 Runner[8700:1155242] flutter:   K(cropped) = K(fx:1329.6617431640625 fy:1329.6617431640625 cx:442.0749580490757 cy:966.84619140625 886x1920)
2026-09-22 10:16:24.125592+0800 Runner[8700:1155242] flutter:   frustum    = Frustum(l:-0.0033284777901176925 r:0.003334871024383617 b:-0.007164632760861537 t:0.007275129907132271 n:0.01 f:100.0)
2026-09-22 10:16:24.125599+0800 Runner[8700:1155242] flutter:   uv         = UvTransform((0.0000, 1.0000, 0.0000, -0.6150, 0.0000, 0.8075, 0.0000, 0.0000, 1.0000))
2026-09-22 10:16:24.125609+0800 Runner[8700:1155242] flutter: [arloop] pose stage=none state=0 hasPos=false hasOri=false init=refuse sess=true rc=1
2026-09-22 10:16:24.125617+0800 Runner[8700:1155242] flutter: [arloop] CameraSlot(offered:556 displaced:1 acquired:555 released:555 outstanding:0 occupied:false)
2026-09-22 10:16:24.125767+0800 Runner[8700:1155242] flutter: [arloop] step 分段 p50(ms) 纹理=0.0 内参=0.0 UV=0.0 投影=0.0 位姿=0.0 出图=0.0 | 合计=0.0 (帧间隔 16.7)
2026-09-22 10:16:24.137893+0800 Runner[8700:1155242] flutter: [arloop] 喂料 cam交付=556 背压丢=0 进引擎=555 run=555 在途峰值=2 acc=1857 gyr=1858 imu丢=0 拒:非单调=0 参数=0 未运行=0 lockFail=0 run=true
2026-09-22 10:16:24.137916+0800 Runner[8700:1155242] flutter: [arloop] 时钟 camPTS=76115.086s imuTS=76115.116s delta=-30.0ms |delta|峰值=31.6ms
2026-09-22 10:16:24.137933+0800 Runner[8700:1155242] flutter: [arloop] 时基 c传入=0.00ms c施加=0.00ms 帧=556 有曝光=556 曝光ms[min/mean/max]=8.33/20.57/25.69 平均加=10.29ms 引擎收到−PTS=10.00ms residual[raw/offset]=0.0e+0/0.0e+0 trace读=555
2026-09-22 10:16:24.138060+0800 Runner[8700:1155242] flutter: [arloop] exp=20.00ms iso=178 f/1.8 mode=2 evOff=0.02 binned=false minFrameDur=33.33ms
2026-09-22 10:16:24.138068+0800 Runner[8700:1155242] flutter: [arloop] viewport = 1179x2556
2026-09-22 10:16:24.922673+0800 Runner[8700:1155242] flutter: [arloop] ArFrame frame=false K=true proj=true pose=false rot=90
2026-09-22 10:16:24.922717+0800 Runner[8700:1155242] flutter:   K(cropped) = K(fx:1329.727294921875 fy:1329.727294921875 cx:442.0842353928257 cy:966.8268432617188 886x1920)
2026-09-22 10:16:24.922725+0800 Runner[8700:1155242] flutter:   frustum    = Frustum(l:-0.00332838347443886 r:0.0033346368559970503 b:-0.007164425069534677 t:0.007274625759400929 n:0.01 f:100.0)
2026-09-22 10:16:24.922732+0800 Runner[8700:1155242] flutter:   uv         = UvTransform((0.0000, 1.0000, 0.0000, -0.6150, 0.0000, 0.8075, 0.0000, 0.0000, 1.0000))
2026-09-22 10:16:24.922747+0800 Runner[8700:1155242] flutter: [arloop] pose stage=none state=0 hasPos=false hasOri=false init=refuse sess=true rc=1
2026-09-22 10:16:24.922754+0800 Runner[8700:1155242] flutter: [arloop] CameraSlot(offered:580 displaced:1 acquired:579 released:579 outstanding:0 occupied:false)
2026-09-22 10:16:24.922939+0800 Runner[8700:1155242] flutter: [arloop] step 分段 p50(ms) 纹理=0.0 内参=0.0 UV=0.0 投影=0.0 位姿=0.0 出图=0.0 | 合计=0.0 (帧间隔 16.7)
2026-09-22 10:16:24.935089+0800 Runner[8700:1155242] flutter: [arloop] 喂料 cam交付=580 背压丢=0 进引擎=579 run=579 在途峰值=2 acc=1938 gyr=1938 imu丢=0 拒:非单调=0 参数=0 未运行=0 lockFail=0 run=true
2026-09-22 10:16:24.935110+0800 Runner[8700:1155242] flutter: [arloop] 时钟 camPTS=76115.886s imuTS=76115.914s delta=-27.7ms |delta|峰值=31.6ms
2026-09-22 10:16:24.935126+0800 Runner[8700:1155242] flutter: [arloop] 时基 c传入=0.00ms c施加=0.00ms 帧=580 有曝光=580 曝光ms[min/mean/max]=8.33/20.55/25.69 平均加=10.27ms 引擎收到−PTS=10.00ms residual[raw/offset]=0.0e+0/0.0e+0 trace读=579
2026-09-22 10:16:24.935302+0800 Runner[8700:1155242] flutter: [arloop] exp=20.00ms iso=178 f/1.8 mode=2 evOff=0.00 binned=false minFrameDur=33.33ms
2026-09-22 10:16:24.935310+0800 Runner[8700:1155242] flutter: [arloop] viewport = 1179x2556
2026-09-22 10:16:25.727583+0800 Runner[8700:1155242] flutter: [arloop] ArFrame frame=false K=true proj=true pose=false rot=90
2026-09-22 10:16:25.727611+0800 Runner[8700:1155242] flutter:   K(cropped) = K(fx:1329.6051025390625 fy:1329.6051025390625 cx:442.10089799048194 cy:966.855224609375 886x1920)
2026-09-22 10:16:25.727620+0800 Runner[8700:1155242] flutter:   frustum    = Frustum(l:-0.0033288146769689373 r:0.003334817993423663 b:-0.007164870032248069 t:0.007275507763636573 n:0.01 f:100.0)
2026-09-22 10:16:25.727627+0800 Runner[8700:1155242] flutter:   uv         = UvTransform((0.0000, 1.0000, 0.0000, -0.6150, 0.0000, 0.8075, 0.0000, 0.0000, 1.0000))
2026-09-22 10:16:25.727639+0800 Runner[8700:1155242] flutter: [arloop] pose stage=none state=0 hasPos=false hasOri=false init=refuse sess=true rc=1
2026-09-22 10:16:25.727648+0800 Runner[8700:1155242] flutter: [arloop] CameraSlot(offered:604 displaced:1 acquired:603 released:603 outstanding:0 occupied:false)
2026-09-22 10:16:25.727812+0800 Runner[8700:1155242] flutter: [arloop] step 分段 p50(ms) 纹理=0.0 内参=0.0 UV=0.0 投影=0.0 位姿=0.0 出图=0.0 | 合计=0.0 (帧间隔 16.7)
2026-09-22 10:16:25.734416+0800 Runner[8700:1155242] flutter: [arloop] 喂料 cam交付=604 背压丢=0 进引擎=603 run=603 在途峰值=2 acc=2018 gyr=2018 imu丢=0 拒:非单调=0 参数=0 未运行=0 lockFail=0 run=true
2026-09-22 10:16:25.734432+0800 Runner[8700:1155242] flutter: [arloop] 时钟 camPTS=76116.686s imuTS=76116.711s delta=-25.3ms |delta|峰值=31.6ms
2026-09-22 10:16:25.734448+0800 Runner[8700:1155242] flutter: [arloop] 时基 c传入=0.00ms c施加=0.00ms 帧=604 有曝光=604 曝光ms[min/mean/max]=8.33/20.53/25.69 平均加=10.26ms 引擎收到−PTS=10.00ms residual[raw/offset]=0.0e+0/0.0e+0 trace读=603
2026-09-22 10:16:25.734570+0800 Runner[8700:1155242] flutter: [arloop] exp=20.00ms iso=178 f/1.8 mode=2 evOff=0.00 binned=false minFrameDur=33.33ms
2026-09-22 10:16:25.734579+0800 Runner[8700:1155242] flutter: [arloop] viewport = 1179x2556
2026-09-22 10:16:26.524385+0800 Runner[8700:1155242] flutter: [arloop] ArFrame frame=false K=true proj=true pose=false rot=90
2026-09-22 10:16:26.524438+0800 Runner[8700:1155242] flutter:   K(cropped) = K(fx:1329.6973876953125 fy:1329.6973876953125 cx:442.0675117600132 cy:966.7965087890625 886x1920)
2026-09-22 10:16:26.524447+0800 Runner[8700:1155242] flutter:   frustum    = Frustum(l:-0.0033283325654048994 r:0.0033348376280453004 b:-0.0071648143406689195 t:0.007274561247846186 n:0.01 f:100.0)
2026-09-22 10:16:26.524453+0800 Runner[8700:1155242] flutter:   uv         = UvTransform((0.0000, 1.0000, 0.0000, -0.6150, 0.0000, 0.8075, 0.0000, 0.0000, 1.0000))
2026-09-22 10:16:26.524466+0800 Runner[8700:1155242] flutter: [arloop] pose stage=none state=0 hasPos=false hasOri=false init=refuse sess=true rc=1
2026-09-22 10:16:26.524476+0800 Runner[8700:1155242] flutter: [arloop] CameraSlot(offered:628 displaced:1 acquired:627 released:627 outstanding:0 occupied:false)
2026-09-22 10:16:26.524625+0800 Runner[8700:1155242] flutter: [arloop] step 分段 p50(ms) 纹理=0.0 内参=0.0 UV=0.0 投影=0.0 位姿=0.0 出图=0.0 | 合计=0.0 (帧间隔 16.7)
2026-09-22 10:16:26.547760+0800 Runner[8700:1155242] flutter: [arloop] 喂料 cam交付=628 背压丢=0 进引擎=627 run=627 在途峰值=2 acc=2098 gyr=2098 imu丢=0 拒:非单调=0 参数=0 未运行=0 lockFail=0 run=true
2026-09-22 10:16:26.547786+0800 Runner[8700:1155242] flutter: [arloop] 时钟 camPTS=76117.486s imuTS=76117.529s delta=-23.0ms |delta|峰值=31.6ms
2026-09-22 10:16:26.547811+0800 Runner[8700:1155242] flutter: [arloop] 时基 c传入=0.00ms c施加=0.00ms 帧=628 有曝光=628 曝光ms[min/mean/max]=8.33/20.51/25.69 平均加=10.25ms 引擎收到−PTS=10.00ms residual[raw/offset]=0.0e+0/0.0e+0 trace读=627
2026-09-22 10:16:26.547937+0800 Runner[8700:1155242] flutter: [arloop] exp=20.00ms iso=178 f/1.8 mode=2 evOff=-0.01 binned=false minFrameDur=33.33ms
2026-09-22 10:16:26.547944+0800 Runner[8700:1155242] flutter: [arloop] viewport = 1179x2556
2026-09-22 10:16:27.340740+0800 Runner[8700:1155242] flutter: [arloop] ArFrame frame=true K=true proj=true pose=false rot=90
2026-09-22 10:16:27.340775+0800 Runner[8700:1155242] flutter:   K(cropped) = K(fx:1329.7093505859375 fy:1329.7093505859375 cx:442.0185615647007 cy:966.8513793945312 886x1920)
2026-09-22 10:16:27.340789+0800 Runner[8700:1155242] flutter:   frustum    = Frustum(l:-0.0033279344946300074 r:0.00333517575280552 b:-0.007164337230430721 t:0.007274908452499541 n:0.01 f:100.0)
2026-09-22 10:16:27.340797+0800 Runner[8700:1155242] flutter:   uv         = UvTransform((0.0000, 1.0000, 0.0000, -0.6150, 0.0000, 0.8075, 0.0000, 0.0000, 1.0000))
2026-09-22 10:16:27.340808+0800 Runner[8700:1155242] flutter: [arloop] pose stage=none state=0 hasPos=false hasOri=false init=refuse sess=true rc=1
2026-09-22 10:16:27.340816+0800 Runner[8700:1155242] flutter: [arloop] CameraSlot(offered:653 displaced:1 acquired:652 released:652 outstanding:0 occupied:false)
2026-09-22 10:16:27.340974+0800 Runner[8700:1155242] flutter: [arloop] step 分段 p50(ms) 纹理=0.0 内参=0.0 UV=0.0 投影=0.0 位姿=0.0 出图=0.0 | 合计=0.0 (帧间隔 16.7)
2026-09-22 10:16:27.371533+0800 Runner[8700:1155242] flutter: [arloop] 喂料 cam交付=653 背压丢=0 进引擎=652 run=652 在途峰值=2 acc=2182 gyr=2182 imu丢=0 拒:非单调=0 参数=0 未运行=0 lockFail=0 run=true
2026-09-22 10:16:27.371558+0800 Runner[8700:1155242] flutter: [arloop] 时钟 camPTS=76118.320s imuTS=76118.357s delta=-27.3ms |delta|峰值=32.1ms
2026-09-22 10:16:27.371577+0800 Runner[8700:1155242] flutter: [arloop] 时基 c传入=0.00ms c施加=0.00ms 帧=653 有曝光=653 曝光ms[min/mean/max]=8.33/20.49/25.69 平均加=10.24ms 引擎收到−PTS=10.00ms residual[raw/offset]=0.0e+0/0.0e+0 trace读=652
2026-09-22 10:16:27.371703+0800 Runner[8700:1155242] flutter: [arloop] exp=20.00ms iso=178 f/1.8 mode=2 evOff=0.01 binned=false minFrameDur=33.33ms
2026-09-22 10:16:27.371712+0800 Runner[8700:1155242] flutter: [arloop] viewport = 1179x2556
2026-09-22 10:16:28.168087+0800 Runner[8700:1155242] flutter: [arloop] ArFrame frame=true K=true proj=true pose=false rot=90
2026-09-22 10:16:28.168149+0800 Runner[8700:1155242] flutter:   K(cropped) = K(fx:1329.71826171875 fy:1329.71826171875 cx:442.0246650803257 cy:966.8451538085938 886x1920)
2026-09-22 10:16:28.168161+0800 Runner[8700:1155242] flutter:   frustum    = Frustum(l:-0.003327958093230463 r:0.0033351075012420504 b:-0.007164336037319936 t:0.0072748128807243375 n:0.01 f:100.0)
2026-09-22 10:16:28.168169+0800 Runner[8700:1155242] flutter:   uv         = UvTransform((0.0000, 1.0000, 0.0000, -0.6150, 0.0000, 0.8075, 0.0000, 0.0000, 1.0000))
2026-09-22 10:16:28.168186+0800 Runner[8700:1155242] flutter: [arloop] pose stage=none state=0 hasPos=false hasOri=false init=refuse sess=true rc=1
2026-09-22 10:16:28.168204+0800 Runner[8700:1155242] flutter: [arloop] CameraSlot(offered:678 displaced:1 acquired:677 released:677 outstanding:0 occupied:false)
2026-09-22 10:16:28.168381+0800 Runner[8700:1155242] flutter: [arloop] step 分段 p50(ms) 纹理=0.0 内参=0.0 UV=0.0 投影=0.0 位姿=0.0 出图=0.0 | 合计=0.0 (帧间隔 16.7)
2026-09-22 10:16:28.185947+0800 Runner[8700:1155242] flutter: [arloop] 喂料 cam交付=677 背压丢=0 进引擎=676 run=676 在途峰值=2 acc=2262 gyr=2262 imu丢=0 拒:非单调=0 参数=0 未运行=0 lockFail=0 run=true
2026-09-22 10:16:28.185965+0800 Runner[8700:1155242] flutter: [arloop] 时钟 camPTS=76119.120s imuTS=76119.165s delta=-25.0ms |delta|峰值=32.1ms
2026-09-22 10:16:28.185986+0800 Runner[8700:1155242] flutter: [arloop] 时基 c传入=0.00ms c施加=0.00ms 帧=677 有曝光=677 曝光ms[min/mean/max]=8.33/20.47/25.69 平均加=10.24ms 引擎收到−PTS=10.00ms residual[raw/offset]=0.0e+0/0.0e+0 trace读=676
2026-09-22 10:16:28.186157+0800 Runner[8700:1155242] flutter: [arloop] exp=20.00ms iso=178 f/1.8 mode=2 evOff=0.01 binned=false minFrameDur=33.33ms
2026-09-22 10:16:28.186175+0800 Runner[8700:1155242] flutter: [arloop] viewport = 1179x2556
2026-09-22 10:16:28.979301+0800 Runner[8700:1155242] flutter: [arloop] ArFrame frame=false K=true proj=true pose=false rot=90
2026-09-22 10:16:28.979337+0800 Runner[8700:1155242] flutter:   K(cropped) = K(fx:1329.8045654296875 fy:1329.8045654296875 cx:442.02399369360694 cy:966.8450317382812 886x1920)
2026-09-22 10:16:28.979356+0800 Runner[8700:1155242] flutter:   frustum    = Frustum(l:-0.003327737061502855 r:0.003334896103045764 b:-0.007163871993129276 t:0.0072743398307232605 n:0.01 f:100.0)
2026-09-22 10:16:28.979362+0800 Runner[8700:1155242] flutter:   uv         = UvTransform((0.0000, 1.0000, 0.0000, -0.6150, 0.0000, 0.8075, 0.0000, 0.0000, 1.0000))
2026-09-22 10:16:28.979373+0800 Runner[8700:1155242] flutter: [arloop] pose stage=none state=0 hasPos=false hasOri=false init=refuse sess=true rc=1
2026-09-22 10:16:28.979381+0800 Runner[8700:1155242] flutter: [arloop] CameraSlot(offered:702 displaced:1 acquired:701 released:701 outstanding:0 occupied:false)
2026-09-22 10:16:28.979553+0800 Runner[8700:1155242] flutter: [arloop] step 分段 p50(ms) 纹理=0.0 内参=0.0 UV=0.0 投影=0.0 位姿=0.0 出图=0.0 | 合计=0.0 (帧间隔 16.7)
2026-09-22 10:16:28.998577+0800 Runner[8700:1155242] flutter: [arloop] 喂料 cam交付=702 背压丢=0 进引擎=701 run=701 在途峰值=2 acc=2345 gyr=2346 imu丢=0 拒:非单调=0 参数=0 未运行=0 lockFail=0 run=true
2026-09-22 10:16:28.998594+0800 Runner[8700:1155242] flutter: [arloop] 时钟 camPTS=76119.953s imuTS=76119.982s delta=-29.2ms |delta|峰值=32.1ms
2026-09-22 10:16:28.998611+0800 Runner[8700:1155242] flutter: [arloop] 时基 c传入=0.00ms c施加=0.00ms 帧=702 有曝光=702 曝光ms[min/mean/max]=8.33/20.45/25.69 平均加=10.23ms 引擎收到−PTS=10.00ms residual[raw/offset]=0.0e+0/0.0e+0 trace读=701
2026-09-22 10:16:28.998833+0800 Runner[8700:1155242] flutter: [arloop] exp=20.00ms iso=178 f/1.8 mode=2 evOff=0.01 binned=false minFrameDur=33.33ms
2026-09-22 10:16:28.998846+0800 Runner[8700:1155242] flutter: [arloop] viewport = 1179x2556
2026-09-22 10:16:29.799512+0800 Runner[8700:1155242] flutter: [arloop] ArFrame frame=true K=true proj=true pose=false rot=90
2026-09-22 10:16:29.799546+0800 Runner[8700:1155242] flutter:   K(cropped) = K(fx:1329.8255615234375 fy:1329.8255615234375 cx:442.08039017798194 cy:966.8267211914062 886x1920)
2026-09-22 10:16:29.799560+0800 Runner[8700:1155242] flutter:   frustum    = Frustum(l:-0.0033281086105080237 r:0.003334419360341067 b:-0.007163896576910575 t:0.0072740872876833895 n:0.01 f:100.0)
2026-09-22 10:16:29.799572+0800 Runner[8700:1155242] flutter:   uv         = UvTransform((0.0000, 1.0000, 0.0000, -0.6150, 0.0000, 0.8075, 0.0000, 0.0000, 1.0000))
2026-09-22 10:16:29.799587+0800 Runner[8700:1155242] flutter: [arloop] pose stage=none state=0 hasPos=false hasOri=false init=refuse sess=true rc=1
2026-09-22 10:16:29.799600+0800 Runner[8700:1155242] flutter: [arloop] CameraSlot(offered:727 displaced:1 acquired:726 released:726 outstanding:0 occupied:false)
2026-09-22 10:16:29.799884+0800 Runner[8700:1155242] flutter: [arloop] step 分段 p50(ms) 纹理=0.0 内参=0.0 UV=0.0 投影=0.0 位姿=0.0 出图=0.0 | 合计=0.0 (帧间隔 16.7)
2026-09-22 10:16:29.818528+0800 Runner[8700:1155242] flutter: [arloop] 喂料 cam交付=726 背压丢=0 进引擎=725 run=725 在途峰值=2 acc=2426 gyr=2426 imu丢=0 拒:非单调=0 参数=0 未运行=0 lockFail=0 run=true
2026-09-22 10:16:29.818548+0800 Runner[8700:1155242] flutter: [arloop] 时钟 camPTS=76120.753s imuTS=76120.800s delta=-26.9ms |delta|峰值=32.1ms
2026-09-22 10:16:29.818566+0800 Runner[8700:1155242] flutter: [arloop] 时基 c传入=0.00ms c施加=0.00ms 帧=726 有曝光=726 曝光ms[min/mean/max]=8.33/20.44/25.69 平均加=10.22ms 引擎收到−PTS=10.00ms residual[raw/offset]=0.0e+0/0.0e+0 trace读=725
2026-09-22 10:16:29.818733+0800 Runner[8700:1155242] flutter: [arloop] exp=20.00ms iso=178 f/1.8 mode=2 evOff=0.01 binned=false minFrameDur=33.33ms
2026-09-22 10:16:29.818741+0800 Runner[8700:1155242] flutter: [arloop] viewport = 1179x2556
2026-09-22 10:16:30.614225+0800 Runner[8700:1155242] flutter: [arloop] ArFrame frame=false K=true proj=true pose=false rot=90
2026-09-22 10:16:30.614255+0800 Runner[8700:1155242] flutter:   K(cropped) = K(fx:1329.9237060546875 fy:1329.9237060546875 cx:442.0136787522007 cy:966.796875 886x1920)
2026-09-22 10:16:30.614272+0800 Runner[8700:1155242] flutter:   frustum    = Frustum(l:-0.0033273613872554296 r:0.0033346749082579542 b:-0.007163592322346528 t:0.007273326060707306 n:0.01 f:100.0)
2026-09-22 10:16:30.614279+0800 Runner[8700:1155242] flutter:   uv         = UvTransform((0.0000, 1.0000, 0.0000, -0.6150, 0.0000, 0.8075, 0.0000, 0.0000, 1.0000))
2026-09-22 10:16:30.614289+0800 Runner[8700:1155242] flutter: [arloop] pose stage=none state=0 hasPos=false hasOri=false init=refuse sess=true rc=1
2026-09-22 10:16:30.614296+0800 Runner[8700:1155242] flutter: [arloop] CameraSlot(offered:751 displaced:1 acquired:750 released:750 outstanding:0 occupied:false)
2026-09-22 10:16:30.614422+0800 Runner[8700:1155242] flutter: [arloop] step 分段 p50(ms) 纹理=0.0 内参=0.0 UV=0.0 投影=0.0 位姿=0.0 出图=0.0 | 合计=0.0 (帧间隔 16.7)
2026-09-22 10:16:30.641580+0800 Runner[8700:1155242] flutter: [arloop] 喂料 cam交付=751 背压丢=1 进引擎=748 run=748 在途峰值=2 acc=2506 gyr=2506 imu丢=0 拒:非单调=0 参数=0 未运行=0 lockFail=0 run=true
2026-09-22 10:16:30.641598+0800 Runner[8700:1155242] flutter: [arloop] 时钟 camPTS=76121.587s imuTS=76121.618s delta=-31.2ms |delta|峰值=32.1ms
2026-09-22 10:16:30.641615+0800 Runner[8700:1155242] flutter: [arloop] 时基 c传入=0.00ms c施加=0.00ms 帧=751 有曝光=751 曝光ms[min/mean/max]=8.33/20.42/25.69 平均加=10.21ms 引擎收到−PTS=10.00ms residual[raw/offset]=0.0e+0/0.0e+0 trace读=748
2026-09-22 10:16:30.641752+0800 Runner[8700:1155242] flutter: [arloop] exp=20.00ms iso=178 f/1.8 mode=2 evOff=0.02 binned=false minFrameDur=33.33ms
2026-09-22 10:16:30.641761+0800 Runner[8700:1155242] flutter: [arloop] viewport = 1179x2556
2026-09-22 10:16:31.438521+0800 Runner[8700:1155242] flutter: [arloop] ArFrame frame=true K=true proj=true pose=false rot=90
2026-09-22 10:16:31.438542+0800 Runner[8700:1155242] flutter:   K(cropped) = K(fx:1329.9237060546875 fy:1329.9237060546875 cx:442.0881416428257 cy:966.84375 886x1920)
2026-09-22 10:16:31.438550+0800 Runner[8700:1155242] flutter:   frustum    = Frustum(l:-0.0033279212907317414 r:0.003334115004781642 b:-0.007163239858518817 t:0.0072736785245350166 n:0.01 f:100.0)
2026-09-22 10:16:31.438556+0800 Runner[8700:1155242] flutter:   uv         = UvTransform((0.0000, 1.0000, 0.0000, -0.6150, 0.0000, 0.8075, 0.0000, 0.0000, 1.0000))
2026-09-22 10:16:31.438564+0800 Runner[8700:1155242] flutter: [arloop] pose stage=none state=0 hasPos=false hasOri=false init=refuse sess=true rc=1
2026-09-22 10:16:31.438571+0800 Runner[8700:1155242] flutter: [arloop] CameraSlot(offered:776 displaced:1 acquired:775 released:775 outstanding:0 occupied:false)
2026-09-22 10:16:31.438714+0800 Runner[8700:1155242] flutter: [arloop] step 分段 p50(ms) 纹理=0.0 内参=0.0 UV=0.0 投影=0.0 位姿=0.0 出图=0.0 | 合计=0.0 (帧间隔 16.7)
2026-09-22 10:16:31.471376+0800 Runner[8700:1155242] flutter: [arloop] 喂料 cam交付=776 背压丢=2 进引擎=772 run=772 在途峰值=2 acc=2589 gyr=2589 imu丢=0 拒:非单调=0 参数=0 未运行=0 lockFail=0 run=true
2026-09-22 10:16:31.471405+0800 Runner[8700:1155242] flutter: [arloop] 时钟 camPTS=76122.420s imuTS=76122.455s delta=-25.5ms |delta|峰值=32.1ms
2026-09-22 10:16:31.471428+0800 Runner[8700:1155242] flutter: [arloop] 时基 c传入=0.00ms c施加=0.00ms 帧=776 有曝光=776 曝光ms[min/mean/max]=8.33/20.41/25.69 平均加=10.21ms 引擎收到−PTS=10.00ms residual[raw/offset]=0.0e+0/0.0e+0 trace读=772
2026-09-22 10:16:31.471593+0800 Runner[8700:1155242] flutter: [arloop] exp=20.00ms iso=178 f/1.8 mode=2 evOff=0.02 binned=false minFrameDur=33.33ms
2026-09-22 10:16:31.471604+0800 Runner[8700:1155242] flutter: [arloop] viewport = 1179x2556
2026-09-22 10:16:32.271282+0800 Runner[8700:1155242] flutter: [arloop] ArFrame frame=true K=true proj=true pose=false rot=90
2026-09-22 10:16:32.271333+0800 Runner[8700:1155242] flutter:   K(cropped) = K(fx:1329.9207763671875 fy:1329.9207763671875 cx:442.0456611740757 cy:966.7918090820312 886x1920)
2026-09-22 10:16:32.271362+0800 Runner[8700:1155242] flutter:   frustum    = Frustum(l:-0.0033276092007746036 r:0.003334441770563691 b:-0.007163646194928897 t:0.007273303991266955 n:0.01 f:100.0)
2026-09-22 10:16:32.271370+0800 Runner[8700:1155242] flutter:   uv         = UvTransform((0.0000, 1.0000, 0.0000, -0.6150, 0.0000, 0.8075, 0.0000, 0.0000, 1.0000))
2026-09-22 10:16:32.271385+0800 Runner[8700:1155242] flutter: [arloop] pose stage=none state=0 hasPos=false hasOri=false init=refuse sess=true rc=1
2026-09-22 10:16:32.271392+0800 Runner[8700:1155242] flutter: [arloop] CameraSlot(offered:801 displaced:1 acquired:800 released:800 outstanding:0 occupied:false)
2026-09-22 10:16:32.271541+0800 Runner[8700:1155242] flutter: [arloop] step 分段 p50(ms) 纹理=0.0 内参=0.0 UV=0.0 投影=0.0 位姿=0.0 出图=0.0 | 合计=0.0 (帧间隔 16.7)
2026-09-22 10:16:32.273874+0800 Runner[8700:1155242] flutter: [arloop] 喂料 cam交付=800 背压丢=3 进引擎=795 run=795 在途峰值=2 acc=2670 gyr=2670 imu丢=0 拒:非单调=0 参数=0 未运行=0 lockFail=0 run=true
2026-09-22 10:16:32.273889+0800 Runner[8700:1155242] flutter: [arloop] 时钟 camPTS=76123.220s imuTS=76123.253s delta=-23.2ms |delta|峰值=32.1ms
2026-09-22 10:16:32.273905+0800 Runner[8700:1155242] flutter: [arloop] 时基 c传入=0.00ms c施加=0.00ms 帧=800 有曝光=800 曝光ms[min/mean/max]=8.33/20.40/25.69 平均加=10.20ms 引擎收到−PTS=10.00ms residual[raw/offset]=0.0e+0/0.0e+0 trace读=795
2026-09-22 10:16:32.274041+0800 Runner[8700:1155242] flutter: [arloop] exp=20.00ms iso=178 f/1.8 mode=2 evOff=0.02 binned=false minFrameDur=33.33ms
2026-09-22 10:16:32.274050+0800 Runner[8700:1155242] flutter: [arloop] viewport = 1179x2556
2026-09-22 10:16:33.066453+0800 Runner[8700:1155242] flutter: [arloop] ArFrame frame=true K=true proj=true pose=false rot=90
2026-09-22 10:16:33.066506+0800 Runner[8700:1155242] flutter:   K(cropped) = K(fx:1330.0159912109375 fy:1330.0159912109375 cx:442.08026810766944 cy:966.837890625 886x1920)
2026-09-22 10:16:33.066517+0800 Runner[8700:1155242] flutter:   frustum    = Frustum(l:-0.003327631179116231 r:0.0033339428610073395 b:-0.007162786881288783 t:0.0072731297745094745 n:0.01 f:100.0)
2026-09-22 10:16:33.066525+0800 Runner[8700:1155242] flutter:   uv         = UvTransform((0.0000, 1.0000, 0.0000, -0.6150, 0.0000, 0.8075, 0.0000, 0.0000, 1.0000))
2026-09-22 10:16:33.066539+0800 Runner[8700:1155242] flutter: [arloop] pose stage=none state=0 hasPos=false hasOri=false init=refuse sess=true rc=1
2026-09-22 10:16:33.066548+0800 Runner[8700:1155242] flutter: [arloop] CameraSlot(offered:825 displaced:1 acquired:824 released:824 outstanding:0 occupied:false)
2026-09-22 10:16:33.066714+0800 Runner[8700:1155242] flutter: [arloop] step 分段 p50(ms) 纹理=0.0 内参=0.0 UV=0.0 投影=0.0 位姿=0.0 出图=0.0 | 合计=0.0 (帧间隔 16.7)
2026-09-22 10:16:33.067124+0800 Runner[8700:1155242] flutter: [arloop] 喂料 cam交付=824 背压丢=5 进引擎=818 run=818 在途峰值=2 acc=2747 gyr=2747 imu丢=0 拒:非单调=0 参数=0 未运行=0 lockFail=0 run=true
2026-09-22 10:16:33.067140+0800 Runner[8700:1155242] flutter: [arloop] 时钟 camPTS=76124.020s imuTS=76124.051s delta=-30.9ms |delta|峰值=32.1ms
2026-09-22 10:16:33.067157+0800 Runner[8700:1155242] flutter: [arloop] 时基 c传入=0.00ms c施加=0.00ms 帧=824 有曝光=824 曝光ms[min/mean/max]=8.33/20.39/25.69 平均加=10.19ms 引擎收到−PTS=10.00ms residual[raw/offset]=0.0e+0/0.0e+0 trace读=818
2026-09-22 10:16:33.067307+0800 Runner[8700:1155242] flutter: [arloop] exp=20.00ms iso=178 f/1.8 mode=2 evOff=0.02 binned=false minFrameDur=33.33ms
2026-09-22 10:16:33.067319+0800 Runner[8700:1155242] flutter: [arloop] viewport = 1179x2556
2026-09-22 10:16:33.861264+0800 Runner[8700:1155242] flutter: [arloop] ArFrame frame=false K=true proj=true pose=false rot=90
2026-09-22 10:16:33.861292+0800 Runner[8700:1155242] flutter:   K(cropped) = K(fx:1330.0189208984375 fy:1330.0189208984375 cx:442.0793525803257 cy:966.823974609375 886x1920)
2026-09-22 10:16:33.861310+0800 Runner[8700:1155242] flutter:   frustum    = Frustum(l:-0.003327616965639557 r:0.003333942400760287 b:-0.007162875733730806 t:0.00727300912347879 n:0.01 f:100.0)
2026-09-22 10:16:33.861319+0800 Runner[8700:1155242] flutter:   uv         = UvTransform((0.0000, 1.0000, 0.0000, -0.6150, 0.0000, 0.8075, 0.0000, 0.0000, 1.0000))
2026-09-22 10:16:33.861330+0800 Runner[8700:1155242] flutter: [arloop] pose stage=none state=0 hasPos=false hasOri=false init=refuse sess=true rc=1
2026-09-22 10:16:33.861339+0800 Runner[8700:1155242] flutter: [arloop] CameraSlot(offered:848 displaced:1 acquired:847 released:847 outstanding:0 occupied:false)
2026-09-22 10:16:33.861513+0800 Runner[8700:1155242] flutter: [arloop] step 分段 p50(ms) 纹理=0.0 内参=0.0 UV=0.0 投影=0.0 位姿=0.0 出图=0.0 | 合计=0.0 (帧间隔 16.7)
2026-09-22 10:16:33.871190+0800 Runner[8700:1155242] flutter: [arloop] 喂料 cam交付=848 背压丢=6 进引擎=840 run=840 在途峰值=2 acc=2830 gyr=2830 imu丢=0 拒:非单调=0 参数=0 未运行=0 lockFail=0 run=true
2026-09-22 10:16:33.871212+0800 Runner[8700:1155242] flutter: [arloop] 时钟 camPTS=76124.820s imuTS=76124.849s delta=-28.7ms |delta|峰值=32.1ms
2026-09-22 10:16:33.871231+0800 Runner[8700:1155242] flutter: [arloop] 时基 c传入=0.00ms c施加=0.00ms 帧=848 有曝光=848 曝光ms[min/mean/max]=8.33/20.38/25.69 平均加=10.19ms 引擎收到−PTS=10.00ms residual[raw/offset]=0.0e+0/0.0e+0 trace读=840
2026-09-22 10:16:33.871375+0800 Runner[8700:1155242] flutter: [arloop] exp=20.00ms iso=178 f/1.8 mode=2 evOff=0.02 binned=false minFrameDur=33.33ms
2026-09-22 10:16:33.871384+0800 Runner[8700:1155242] flutter: [arloop] viewport = 1179x2556
2026-09-22 10:16:34.665923+0800 Runner[8700:1155242] flutter: [arloop] ArFrame frame=false K=true proj=true pose=false rot=90
2026-09-22 10:16:34.665961+0800 Runner[8700:1155242] flutter:   K(cropped) = K(fx:1330.0159912109375 fy:1330.0159912109375 cx:442.0880195725132 cy:966.8499755859375 886x1920)
2026-09-22 10:16:34.665983+0800 Runner[8700:1155242] flutter:   frustum    = Frustum(l:-0.003327689460106046 r:0.0033338845800175245 b:-0.007162696018013323 t:0.007273220637784933 n:0.01 f:100.0)
2026-09-22 10:16:34.666008+0800 Runner[8700:1155242] flutter:   uv         = UvTransform((0.0000, 1.0000, 0.0000, -0.6150, 0.0000, 0.8075, 0.0000, 0.0000, 1.0000))
2026-09-22 10:16:34.666028+0800 Runner[8700:1155242] flutter: [arloop] pose stage=none state=0 hasPos=false hasOri=false init=refuse sess=true rc=1
2026-09-22 10:16:34.666047+0800 Runner[8700:1155242] flutter: [arloop] CameraSlot(offered:873 displaced:1 acquired:871 released:871 outstanding:0 occupied:true)
2026-09-22 10:16:34.666394+0800 Runner[8700:1155242] flutter: [arloop] step 分段 p50(ms) 纹理=0.0 内参=0.0 UV=0.0 投影=0.0 位姿=0.0 出图=0.0 | 合计=0.0 (帧间隔 16.7)
2026-09-22 10:16:34.695265+0800 Runner[8700:1155242] flutter: [arloop] 喂料 cam交付=872 背压丢=7 进引擎=864 run=864 在途峰值=2 acc=2914 gyr=2914 imu丢=0 拒:非单调=0 参数=0 未运行=0 lockFail=0 run=true
2026-09-22 10:16:34.695334+0800 Runner[8700:1155242] flutter: [arloop] 时钟 camPTS=76125.620s imuTS=76125.676s delta=-26.4ms |delta|峰值=32.1ms
2026-09-22 10:16:34.695360+0800 Runner[8700:1155242] flutter: [arloop] 时基 c传入=0.00ms c施加=0.00ms 帧=872 有曝光=872 曝光ms[min/mean/max]=8.33/20.37/25.69 平均加=10.18ms 引擎收到−PTS=10.00ms residual[raw/offset]=0.0e+0/0.0e+0 trace读=864
2026-09-22 10:16:34.695620+0800 Runner[8700:1155242] flutter: [arloop] exp=20.00ms iso=178 f/1.8 mode=2 evOff=0.02 binned=false minFrameDur=33.33ms
2026-09-22 10:16:34.695650+0800 Runner[8700:1155242] flutter: [arloop] viewport = 1179x2556
2026-09-22 10:16:35.487681+0800 Runner[8700:1155242] flutter: [arloop] ArFrame frame=false K=true proj=true pose=false rot=90
2026-09-22 10:16:35.487713+0800 Runner[8700:1155242] flutter:   K(cropped) = K(fx:1330.1649169921875 fy:1330.1649169921875 cx:442.06830521704444 cy:966.8522338867188 886x1920)
2026-09-22 10:16:35.487721+0800 Runner[8700:1155242] flutter:   frustum    = Frustum(l:-0.003327168680841428 r:0.0033336595268627133 b:-0.007161877102182484 t:0.007272423302774571 n:0.01 f:100.0)
2026-09-22 10:16:35.487728+0800 Runner[8700:1155242] flutter:   uv         = UvTransform((0.0000, 1.0000, 0.0000, -0.6150, 0.0000, 0.8075, 0.0000, 0.0000, 1.0000))
2026-09-22 10:16:35.487737+0800 Runner[8700:1155242] flutter: [arloop] pose stage=none state=0 hasPos=false hasOri=false init=refuse sess=true rc=1
2026-09-22 10:16:35.487744+0800 Runner[8700:1155242] flutter: [arloop] CameraSlot(offered:897 displaced:2 acquired:895 released:895 outstanding:0 occupied:false)
2026-09-22 10:16:35.487880+0800 Runner[8700:1155242] flutter: [arloop] step 分段 p50(ms) 纹理=0.0 内参=0.0 UV=0.0 投影=0.0 位姿=0.0 出图=0.0 | 合计=0.0 (帧间隔 16.7)
2026-09-22 10:16:35.489205+0800 Runner[8700:1155242] flutter: [arloop] 喂料 cam交付=896 背压丢=7 进引擎=887 run=887 在途峰值=2 acc=2990 gyr=2990 imu丢=0 拒:非单调=0 参数=0 未运行=0 lockFail=0 run=true
2026-09-22 10:16:35.489219+0800 Runner[8700:1155242] flutter: [arloop] 时钟 camPTS=76126.420s imuTS=76126.474s delta=-24.2ms |delta|峰值=32.1ms
2026-09-22 10:16:35.489235+0800 Runner[8700:1155242] flutter: [arloop] 时基 c传入=0.00ms c施加=0.00ms 帧=896 有曝光=896 曝光ms[min/mean/max]=8.33/20.36/25.69 平均加=10.18ms 引擎收到−PTS=10.00ms residual[raw/offset]=0.0e+0/0.0e+0 trace读=887
2026-09-22 10:16:35.489637+0800 Runner[8700:1155242] flutter: [arloop] exp=20.00ms iso=178 f/1.8 mode=2 evOff=0.03 binned=false minFrameDur=33.33ms
2026-09-22 10:16:35.489653+0800 Runner[8700:1155242] flutter: [arloop] viewport = 1179x2556
2026-09-22 10:16:36.291504+0800 Runner[8700:1155242] flutter: [arloop] ArFrame frame=false K=true proj=true pose=false rot=90
2026-09-22 10:16:36.291536+0800 Runner[8700:1155242] flutter:   K(cropped) = K(fx:1330.1619873046875 fy:1330.1619873046875 cx:442.07465287329444 cy:966.8045043945312 886x1920)
2026-09-22 10:16:36.291545+0800 Runner[8700:1155242] flutter:   frustum    = Frustum(l:-0.0033272237298713164 r:0.0033336191483356106 b:-0.00716225170090689 t:0.007272080495658911 n:0.01 f:100.0)
2026-09-22 10:16:36.291551+0800 Runner[8700:1155242] flutter:   uv         = UvTransform((0.0000, 1.0000, 0.0000, -0.6150, 0.0000, 0.8075, 0.0000, 0.0000, 1.0000))
2026-09-22 10:16:36.291562+0800 Runner[8700:1155242] flutter: [arloop] pose stage=none state=0 hasPos=false hasOri=false init=refuse sess=true rc=1
2026-09-22 10:16:36.291582+0800 Runner[8700:1155242] flutter: [arloop] CameraSlot(offered:921 displaced:2 acquired:919 released:919 outstanding:0 occupied:false)
2026-09-22 10:16:36.291729+0800 Runner[8700:1155242] flutter: [arloop] step 分段 p50(ms) 纹理=0.0 内参=0.0 UV=0.0 投影=0.0 位姿=0.0 出图=0.0 | 合计=0.0 (帧间隔 16.7)
2026-09-22 10:16:36.321909+0800 Runner[8700:1155242] flutter: [arloop] 喂料 cam交付=921 背压丢=8 进引擎=911 run=911 在途峰值=2 acc=3074 gyr=3074 imu丢=0 拒:非单调=0 参数=0 未运行=0 lockFail=0 run=true
2026-09-22 10:16:36.321957+0800 Runner[8700:1155242] flutter: [arloop] 时钟 camPTS=76127.254s imuTS=76127.302s delta=-28.5ms |delta|峰值=32.1ms
2026-09-22 10:16:36.322036+0800 Runner[8700:1155242] flutter: [arloop] 时基 c传入=0.00ms c施加=0.00ms 帧=921 有曝光=921 曝光ms[min/mean/max]=8.33/20.35/25.69 平均加=10.17ms 引擎收到−PTS=10.00ms residual[raw/offset]=0.0e+0/0.0e+0 trace读=911
2026-09-22 10:16:36.322347+0800 Runner[8700:1155242] flutter: [arloop] exp=20.00ms iso=178 f/1.8 mode=2 evOff=0.04 binned=false minFrameDur=33.33ms
2026-09-22 10:16:36.322356+0800 Runner[8700:1155242] flutter: [arloop] viewport = 1179x2556
2026-09-22 10:16:37.116478+0800 Runner[8700:1155242] flutter: [arloop] ArFrame frame=false K=true proj=true pose=false rot=90
2026-09-22 10:16:37.116547+0800 Runner[8700:1155242] flutter:   K(cropped) = K(fx:1330.1619873046875 fy:1330.1619873046875 cx:442.0865547287632 cy:966.7774047851562 886x1920)
2026-09-22 10:16:37.116569+0800 Runner[8700:1155242] flutter:   frustum    = Frustum(l:-0.003327313206608603 r:0.0033335296715983234 b:-0.007162455432554868 t:0.0072718767640109335 n:0.01 f:100.0)
2026-09-22 10:16:37.116580+0800 Runner[8700:1155242] flutter:   uv         = UvTransform((0.0000, 1.0000, 0.0000, -0.6150, 0.0000, 0.8075, 0.0000, 0.0000, 1.0000))
2026-09-22 10:16:37.116598+0800 Runner[8700:1155242] flutter: [arloop] pose stage=none state=0 hasPos=false hasOri=false init=refuse sess=true rc=1
2026-09-22 10:16:37.116612+0800 Runner[8700:1155242] flutter: [arloop] CameraSlot(offered:946 displaced:3 acquired:943 released:943 outstanding:0 occupied:false)
2026-09-22 10:16:37.116870+0800 Runner[8700:1155242] flutter: [arloop] step 分段 p50(ms) 纹理=0.0 内参=0.0 UV=0.0 投影=0.0 位姿=0.0 出图=0.0 | 合计=0.0 (帧间隔 16.7)
2026-09-22 10:16:37.137892+0800 Runner[8700:1155242] flutter: [arloop] 喂料 cam交付=946 背压丢=11 进引擎=933 run=933 在途峰值=2 acc=3154 gyr=3154 imu丢=0 拒:非单调=0 参数=0 未运行=0 lockFail=0 run=true
2026-09-22 10:16:37.137917+0800 Runner[8700:1155242] flutter: [arloop] 时钟 camPTS=76128.087s imuTS=76128.120s delta=-22.8ms |delta|峰值=32.1ms
2026-09-22 10:16:37.137936+0800 Runner[8700:1155242] flutter: [arloop] 时基 c传入=0.00ms c施加=0.00ms 帧=946 有曝光=946 曝光ms[min/mean/max]=8.33/20.34/25.69 平均加=10.17ms 引擎收到−PTS=10.00ms residual[raw/offset]=0.0e+0/0.0e+0 trace读=933
2026-09-22 10:16:37.138088+0800 Runner[8700:1155242] flutter: [arloop] exp=20.00ms iso=178 f/1.8 mode=2 evOff=0.03 binned=false minFrameDur=33.33ms
2026-09-22 10:16:37.138098+0800 Runner[8700:1155242] flutter: [arloop] viewport = 1179x2556
2026-09-22 10:16:37.934960+0800 Runner[8700:1155242] flutter: [arloop] ArFrame frame=true K=true proj=true pose=false rot=90
2026-09-22 10:16:37.935009+0800 Runner[8700:1155242] flutter:   K(cropped) = K(fx:1330.242431640625 fy:1330.242431640625 cx:442.06964799048194 cy:966.7797241210938 886x1920)
2026-09-22 10:16:37.935023+0800 Runner[8700:1155242] flutter:   frustum    = Frustum(l:-0.003326984897366779 r:0.0033334551767576917 b:-0.00716200485879773 t:0.007271454444045367 n:0.01 f:100.0)
2026-09-22 10:16:37.935037+0800 Runner[8700:1155242] flutter:   uv         = UvTransform((0.0000, 1.0000, 0.0000, -0.6150, 0.0000, 0.8075, 0.0000, 0.0000, 1.0000))
2026-09-22 10:16:37.935057+0800 Runner[8700:1155242] flutter: [arloop] pose stage=none state=0 hasPos=false hasOri=false init=refuse sess=true rc=1
2026-09-22 10:16:37.935071+0800 Runner[8700:1155242] flutter: [arloop] CameraSlot(offered:971 displaced:3 acquired:968 released:968 outstanding:0 occupied:false)
2026-09-22 10:16:37.935369+0800 Runner[8700:1155242] flutter: [arloop] step 分段 p50(ms) 纹理=0.0 内参=0.0 UV=0.0 投影=0.0 位姿=0.0 出图=0.0 | 合计=0.0 (帧间隔 16.7)
2026-09-22 10:16:37.955339+0800 Runner[8700:1155242] flutter: [arloop] 喂料 cam交付=970 背压丢=12 进引擎=956 run=956 在途峰值=2 acc=3238 gyr=3238 imu丢=0 拒:非单调=0 参数=0 未运行=0 lockFail=0 run=true
2026-09-22 10:16:37.955370+0800 Runner[8700:1155242] flutter: [arloop] 时钟 camPTS=76128.887s imuTS=76128.938s delta=-30.6ms |delta|峰值=32.1ms
2026-09-22 10:16:37.955394+0800 Runner[8700:1155242] flutter: [arloop] 时基 c传入=0.00ms c施加=0.00ms 帧=970 有曝光=970 曝光ms[min/mean/max]=8.33/20.33/25.69 平均加=10.16ms 引擎收到−PTS=10.00ms residual[raw/offset]=0.0e+0/0.0e+0 trace读=956
2026-09-22 10:16:37.955630+0800 Runner[8700:1155242] flutter: [arloop] exp=20.00ms iso=178 f/1.8 mode=2 evOff=0.03 binned=false minFrameDur=33.33ms
2026-09-22 10:16:37.955644+0800 Runner[8700:1155242] flutter: [arloop] viewport = 1179x2556
2026-09-22 10:16:38.742521+0800 Runner[8700:1155242] flutter: [arloop] ArFrame frame=true K=true proj=true pose=false rot=90
2026-09-22 10:16:38.742566+0800 Runner[8700:1155242] flutter:   K(cropped) = K(fx:1330.1529541015625 fy:1330.1529541015625 cx:442.0356514084507 cy:966.8238525390625 886x1920)
2026-09-22 10:16:38.742596+0800 Runner[8700:1155242] flutter:   frustum    = Frustum(l:-0.0033269531150074143 r:0.0033339349976565856 b:-0.007162154882439158 t:0.007272275339135197 n:0.01 f:100.0)
2026-09-22 10:16:38.742606+0800 Runner[8700:1155242] flutter:   uv         = UvTransform((0.0000, 1.0000, 0.0000, -0.6150, 0.0000, 0.8075, 0.0000, 0.0000, 1.0000))
2026-09-22 10:16:38.742618+0800 Runner[8700:1155242] flutter: [arloop] pose stage=none state=0 hasPos=false hasOri=false init=refuse sess=true rc=1
2026-09-22 10:16:38.742627+0800 Runner[8700:1155242] flutter: [arloop] CameraSlot(offered:995 displaced:3 acquired:992 released:992 outstanding:0 occupied:false)
2026-09-22 10:16:38.742777+0800 Runner[8700:1155242] flutter: [arloop] step 分段 p50(ms) 纹理=0.0 内参=0.0 UV=0.0 投影=0.0 位姿=0.0 出图=0.0 | 合计=0.0 (帧间隔 16.7)
2026-09-22 10:16:38.770218+0800 Runner[8700:1155242] flutter: [arloop] 喂料 cam交付=995 背压丢=14 进引擎=979 run=979 在途峰值=2 acc=3321 gyr=3321 imu丢=0 拒:非单调=0 参数=0 未运行=0 lockFail=0 run=true
2026-09-22 10:16:38.770241+0800 Runner[8700:1155242] flutter: [arloop] 时钟 camPTS=76129.720s imuTS=76129.755s delta=-24.9ms |delta|峰值=32.1ms
2026-09-22 10:16:38.770262+0800 Runner[8700:1155242] flutter: [arloop] 时基 c传入=0.00ms c施加=0.00ms 帧=995 有曝光=995 曝光ms[min/mean/max]=8.33/20.32/25.69 平均加=10.16ms 引擎收到−PTS=10.00ms residual[raw/offset]=0.0e+0/0.0e+0 trace读=979
2026-09-22 10:16:38.770437+0800 Runner[8700:1155242] flutter: [arloop] exp=20.00ms iso=178 f/1.8 mode=2 evOff=0.02 binned=false minFrameDur=33.33ms
2026-09-22 10:16:38.770453+0800 Runner[8700:1155242] flutter: [arloop] viewport = 1179x2556
2026-09-22 10:16:39.569449+0800 Runner[8700:1155242] flutter: [arloop] ArFrame frame=true K=true proj=true pose=false rot=90
2026-09-22 10:16:39.569484+0800 Runner[8700:1155242] flutter:   K(cropped) = K(fx:1330.123291015625 fy:1330.123291015625 cx:442.0318672287632 cy:966.7998046875 886x1920)
2026-09-22 10:16:39.569500+0800 Runner[8700:1155242] flutter:   frustum    = Frustum(l:-0.003326998859563348 r:0.0033340377975986236 b:-0.007162495399844168 t:0.007272256724028277 n:0.01 f:100.0)
2026-09-22 10:16:39.569514+0800 Runner[8700:1155242] flutter:   uv         = UvTransform((0.0000, 1.0000, 0.0000, -0.6150, 0.0000, 0.8075, 0.0000, 0.0000, 1.0000))
2026-09-22 10:16:39.569531+0800 Runner[8700:1155242] flutter: [arloop] pose stage=none state=0 hasPos=false hasOri=false init=refuse sess=true rc=1
2026-09-22 10:16:39.569545+0800 Runner[8700:1155242] flutter: [arloop] CameraSlot(offered:1020 displaced:3 acquired:1017 released:1017 outstanding:0 occupied:false)
2026-09-22 10:16:39.569847+0800 Runner[8700:1155242] flutter: [arloop] step 分段 p50(ms) 纹理=0.0 内参=0.0 UV=0.0 投影=0.0 位姿=0.0 出图=0.0 | 合计=0.0 (帧间隔 16.7)
2026-09-22 10:16:39.604092+0800 Runner[8700:1155242] flutter: [arloop] 喂料 cam交付=1020 背压丢=16 进引擎=1002 run=1002 在途峰值=2 acc=3404 gyr=3405 imu丢=0 拒:非单调=0 参数=0 未运行=0 lockFail=0 run=true
2026-09-22 10:16:39.604124+0800 Runner[8700:1155242] flutter: [arloop] 时钟 camPTS=76130.554s imuTS=76130.583s delta=-29.3ms |delta|峰值=32.1ms
2026-09-22 10:16:39.604146+0800 Runner[8700:1155242] flutter: [arloop] 时基 c传入=0.00ms c施加=0.00ms 帧=1020 有曝光=1020 曝光ms[min/mean/max]=8.33/20.31/25.69 平均加=10.16ms 引擎收到−PTS=10.00ms residual[raw/offset]=0.0e+0/0.0e+0 trace读=1002
2026-09-22 10:16:39.604394+0800 Runner[8700:1155242] flutter: [arloop] exp=20.00ms iso=178 f/1.8 mode=2 evOff=0.03 binned=false minFrameDur=33.33ms
2026-09-22 10:16:39.604411+0800 Runner[8700:1155242] flutter: [arloop] viewport = 1179x2556
2026-09-22 10:16:40.400097+0800 Runner[8700:1155242] flutter: [arloop] ArFrame frame=true K=true proj=true pose=false rot=90
2026-09-22 10:16:40.400135+0800 Runner[8700:1155242] flutter:   K(cropped) = K(fx:1330.2244873046875 fy:1330.2244873046875 cx:442.07562943579444 cy:966.8009643554688 886x1920)
2026-09-22 10:16:40.400152+0800 Runner[8700:1155242] flutter:   frustum    = Frustum(l:-0.003327074743095018 r:0.0033334551784013227 b:-0.007161941798071229 t:0.007271712207880208 n:0.01 f:100.0)
2026-09-22 10:16:40.400160+0800 Runner[8700:1155242] flutter:   uv         = UvTransform((0.0000, 1.0000, 0.0000, -0.6150, 0.0000, 0.8075, 0.0000, 0.0000, 1.0000))
2026-09-22 10:16:40.400171+0800 Runner[8700:1155242] flutter: [arloop] pose stage=none state=0 hasPos=false hasOri=false init=refuse sess=true rc=1
2026-09-22 10:16:40.400178+0800 Runner[8700:1155242] flutter: [arloop] CameraSlot(offered:1045 displaced:3 acquired:1042 released:1042 outstanding:0 occupied:false)
2026-09-22 10:16:40.400341+0800 Runner[8700:1155242] flutter: [arloop] step 分段 p50(ms) 纹理=0.0 内参=0.0 UV=0.0 投影=0.0 位姿=0.0 出图=0.0 | 合计=0.0 (帧间隔 16.7)
2026-09-22 10:16:40.405723+0800 Runner[8700:1155242] flutter: [arloop] 喂料 cam交付=1044 背压丢=17 进引擎=1025 run=1025 在途峰值=2 acc=3484 gyr=3484 imu丢=0 拒:非单调=0 参数=0 未运行=0 lockFail=0 run=true
2026-09-22 10:16:40.405747+0800 Runner[8700:1155242] flutter: [arloop] 时钟 camPTS=76131.354s imuTS=76131.391s delta=-27.0ms |delta|峰值=32.1ms
2026-09-22 10:16:40.405770+0800 Runner[8700:1155242] flutter: [arloop] 时基 c传入=0.00ms c施加=0.00ms 帧=1044 有曝光=1044 曝光ms[min/mean/max]=8.33/20.31/25.69 平均加=10.15ms 引擎收到−PTS=10.00ms residual[raw/offset]=0.0e+0/0.0e+0 trace读=1025
2026-09-22 10:16:40.406051+0800 Runner[8700:1155242] flutter: [arloop] exp=20.00ms iso=178 f/1.8 mode=2 evOff=0.02 binned=false minFrameDur=33.33ms
2026-09-22 10:16:40.406080+0800 Runner[8700:1155242] flutter: [arloop] viewport = 1179x2556
2026-09-22 10:16:41.201804+0800 Runner[8700:1155242] flutter: [arloop] ArFrame frame=true K=true proj=true pose=false rot=90
2026-09-22 10:16:41.201848+0800 Runner[8700:1155242] flutter:   K(cropped) = K(fx:1330.2275390625 fy:1330.2275390625 cx:442.0706855881382 cy:966.7854614257812 886x1920)
2026-09-22 10:16:41.201862+0800 Runner[8700:1155242] flutter:   frustum    = Frustum(l:-0.003327029944817164 r:0.003333484696342823 b:-0.007162041910857298 t:0.007271578981949899 n:0.01 f:100.0)
2026-09-22 10:16:41.201874+0800 Runner[8700:1155242] flutter:   uv         = UvTransform((0.0000, 1.0000, 0.0000, -0.6150, 0.0000, 0.8075, 0.0000, 0.0000, 1.0000))
2026-09-22 10:16:41.201888+0800 Runner[8700:1155242] flutter: [arloop] pose stage=none state=0 hasPos=false hasOri=false init=refuse sess=true rc=1
2026-09-22 10:16:41.201901+0800 Runner[8700:1155242] flutter: [arloop] CameraSlot(offered:1069 displaced:3 acquired:1066 released:1066 outstanding:0 occupied:false)
2026-09-22 10:16:41.202167+0800 Runner[8700:1155242] flutter: [arloop] step 分段 p50(ms) 纹理=0.0 内参=0.0 UV=0.0 投影=0.0 位姿=0.0 出图=0.0 | 合计=0.0 (帧间隔 16.7)
2026-09-22 10:16:41.221126+0800 Runner[8700:1155242] flutter: [arloop] 喂料 cam交付=1068 背压丢=19 进引擎=1047 run=1047 在途峰值=2 acc=3563 gyr=3564 imu丢=0 拒:非单调=0 参数=0 未运行=0 lockFail=0 run=true
2026-09-22 10:16:41.221148+0800 Runner[8700:1155242] flutter: [arloop] 时钟 camPTS=76132.154s imuTS=76132.199s delta=-24.8ms |delta|峰值=32.1ms
2026-09-22 10:16:41.221169+0800 Runner[8700:1155242] flutter: [arloop] 时基 c传入=0.00ms c施加=0.00ms 帧=1068 有曝光=1068 曝光ms[min/mean/max]=8.33/20.30/25.69 平均加=10.15ms 引擎收到−PTS=10.00ms residual[raw/offset]=0.0e+0/0.0e+0 trace读=1047
2026-09-22 10:16:41.221478+0800 Runner[8700:1155242] flutter: [arloop] exp=20.00ms iso=178 f/1.8 mode=2 evOff=0.02 binned=false minFrameDur=33.33ms
2026-09-22 10:16:41.221488+0800 Runner[8700:1155242] flutter: [arloop] viewport = 1179x2556
2026-09-22 10:16:42.022921+0800 Runner[8700:1155242] flutter: [arloop] ArFrame frame=false K=true proj=true pose=false rot=90
2026-09-22 10:16:42.022961+0800 Runner[8700:1155242] flutter:   K(cropped) = K(fx:1330.3228759765625 fy:1330.3228759765625 cx:442.08368607641944 cy:966.7804565429688 886x1920)
2026-09-22 10:16:42.022985+0800 Runner[8700:1155242] flutter:   frustum    = Frustum(l:-0.003326889239212157 r:0.0033331480795448084 b:-0.0071615662683215875 t:0.0072710202463661935 n:0.01 f:100.0)
2026-09-22 10:16:42.022993+0800 Runner[8700:1155242] flutter:   uv         = UvTransform((0.0000, 1.0000, 0.0000, -0.6150, 0.0000, 0.8075, 0.0000, 0.0000, 1.0000))
2026-09-22 10:16:42.023007+0800 Runner[8700:1155242] flutter: [arloop] pose stage=none state=0 hasPos=false hasOri=false init=refuse sess=true rc=1
2026-09-22 10:16:42.023016+0800 Runner[8700:1155242] flutter: [arloop] CameraSlot(offered:1093 displaced:3 acquired:1090 released:1090 outstanding:0 occupied:false)
2026-09-22 10:16:42.023197+0800 Runner[8700:1155242] flutter: [arloop] step 分段 p50(ms) 纹理=0.0 内参=0.0 UV=0.0 投影=0.0 位姿=0.0 出图=0.0 | 合计=0.0 (帧间隔 16.7)
2026-09-22 10:16:42.040698+0800 Runner[8700:1155242] flutter: [arloop] 喂料 cam交付=1093 背压丢=22 进引擎=1069 run=1069 在途峰值=2 acc=3646 gyr=3647 imu丢=0 拒:非单调=0 参数=0 未运行=0 lockFail=0 run=true
2026-09-22 10:16:42.040722+0800 Runner[8700:1155242] flutter: [arloop] 时钟 camPTS=76132.987s imuTS=76133.026s delta=-29.2ms |delta|峰值=32.1ms
2026-09-22 10:16:42.040745+0800 Runner[8700:1155242] flutter: [arloop] 时基 c传入=0.00ms c施加=0.00ms 帧=1093 有曝光=1093 曝光ms[min/mean/max]=8.33/20.29/25.69 平均加=10.15ms 引擎收到−PTS=10.00ms residual[raw/offset]=0.0e+0/0.0e+0 trace读=1069
2026-09-22 10:16:42.040900+0800 Runner[8700:1155242] flutter: [arloop] exp=20.00ms iso=178 f/1.8 mode=2 evOff=0.01 binned=false minFrameDur=33.33ms
2026-09-22 10:16:42.040913+0800 Runner[8700:1155242] flutter: [arloop] viewport = 1179x2556
2026-09-22 10:16:42.838204+0800 Runner[8700:1155242] flutter: [arloop] ArFrame frame=true K=true proj=true pose=false rot=90
2026-09-22 10:16:42.838229+0800 Runner[8700:1155242] flutter:   K(cropped) = K(fx:1330.3734130859375 fy:1330.3734130859375 cx:442.04047318579444 cy:966.8499755859375 886x1920)
2026-09-22 10:16:42.838237+0800 Runner[8700:1155242] flutter:   frustum    = Frustum(l:-0.003326438042378466 r:0.0033333462804668937 b:-0.007160771667890544 t:0.007271266593805946 n:0.01 f:100.0)
2026-09-22 10:16:42.838245+0800 Runner[8700:1155242] flutter:   uv         = UvTransform((0.0000, 1.0000, 0.0000, -0.6150, 0.0000, 0.8075, 0.0000, 0.0000, 1.0000))
2026-09-22 10:16:42.838254+0800 Runner[8700:1155242] flutter: [arloop] pose stage=none state=0 hasPos=false hasOri=false init=refuse sess=true rc=1
2026-09-22 10:16:42.838262+0800 Runner[8700:1155242] flutter: [arloop] CameraSlot(offered:1118 displaced:3 acquired:1115 released:1115 outstanding:0 occupied:false)
2026-09-22 10:16:42.838418+0800 Runner[8700:1155242] flutter: [arloop] step 分段 p50(ms) 纹理=0.0 内参=0.0 UV=0.0 投影=0.0 位姿=0.0 出图=0.0 | 合计=0.0 (帧间隔 16.7)
2026-09-22 10:16:42.861469+0800 Runner[8700:1155242] flutter: [arloop] 喂料 cam交付=1117 背压丢=23 进引擎=1092 run=1092 在途峰值=2 acc=3727 gyr=3728 imu丢=0 拒:非单调=0 参数=0 未运行=0 lockFail=0 run=true
2026-09-22 10:16:42.861494+0800 Runner[8700:1155242] flutter: [arloop] 时钟 camPTS=76133.787s imuTS=76133.844s delta=-27.0ms |delta|峰值=32.1ms
2026-09-22 10:16:42.861519+0800 Runner[8700:1155242] flutter: [arloop] 时基 c传入=0.00ms c施加=0.00ms 帧=1117 有曝光=1117 曝光ms[min/mean/max]=8.33/20.29/25.69 平均加=10.14ms 引擎收到−PTS=10.00ms residual[raw/offset]=0.0e+0/0.0e+0 trace读=1092
2026-09-22 10:16:42.861793+0800 Runner[8700:1155242] flutter: [arloop] exp=20.00ms iso=178 f/1.8 mode=2 evOff=-0.02 binned=false minFrameDur=33.33ms
2026-09-22 10:16:42.861817+0800 Runner[8700:1155242] flutter: [arloop] viewport = 1179x2556
2026-09-22 10:16:43.648188+0800 Runner[8700:1155242] flutter: [arloop] ArFrame frame=false K=true proj=true pose=false rot=90
2026-09-22 10:16:43.648216+0800 Runner[8700:1155242] flutter:   K(cropped) = K(fx:1330.349609375 fy:1330.349609375 cx:442.0744697678257 cy:966.7739868164062 886x1920)
2026-09-22 10:16:43.648234+0800 Runner[8700:1155242] flutter:   frustum    = Frustum(l:-0.003326753107972481 r:0.003333150377219235 b:-0.007161470988300479 t:0.0072708255033113655 n:0.01 f:100.0)
2026-09-22 10:16:43.648246+0800 Runner[8700:1155242] flutter:   uv         = UvTransform((0.0000, 1.0000, 0.0000, -0.6150, 0.0000, 0.8075, 0.0000, 0.0000, 1.0000))
2026-09-22 10:16:43.648258+0800 Runner[8700:1155242] flutter: [arloop] pose stage=none state=0 hasPos=false hasOri=false init=refuse sess=true rc=1
2026-09-22 10:16:43.648269+0800 Runner[8700:1155242] flutter: [arloop] CameraSlot(offered:1142 displaced:3 acquired:1139 released:1139 outstanding:0 occupied:false)
2026-09-22 10:16:43.648485+0800 Runner[8700:1155242] flutter: [arloop] step 分段 p50(ms) 纹理=0.0 内参=0.0 UV=0.0 投影=0.0 位姿=0.0 出图=0.0 | 合计=0.0 (帧间隔 16.7)
2026-09-22 10:16:43.655470+0800 Runner[8700:1155242] flutter: [arloop] 喂料 cam交付=1141 背压丢=25 进引擎=1114 run=1114 在途峰值=2 acc=3807 gyr=3807 imu丢=0 拒:非单调=0 参数=0 未运行=0 lockFail=0 run=true
2026-09-22 10:16:43.655493+0800 Runner[8700:1155242] flutter: [arloop] 时钟 camPTS=76134.587s imuTS=76134.632s delta=-24.8ms |delta|峰值=32.1ms
2026-09-22 10:16:43.655511+0800 Runner[8700:1155242] flutter: [arloop] 时基 c传入=0.00ms c施加=0.00ms 帧=1141 有曝光=1141 曝光ms[min/mean/max]=8.33/20.28/25.69 平均加=10.14ms 引擎收到−PTS=10.00ms residual[raw/offset]=0.0e+0/0.0e+0 trace读=1114
2026-09-22 10:16:43.655675+0800 Runner[8700:1155242] flutter: [arloop] exp=20.00ms iso=178 f/1.8 mode=2 evOff=0.01 binned=false minFrameDur=33.33ms
2026-09-22 10:16:43.655684+0800 Runner[8700:1155242] flutter: [arloop] viewport = 1179x2556
2026-09-22 10:16:44.440563+0800 Runner[8700:1155242] flutter: [arloop] ArFrame frame=true K=true proj=true pose=false rot=90
2026-09-22 10:16:44.440587+0800 Runner[8700:1155242] flutter:   K(cropped) = K(fx:1330.4449462890625 fy:1330.4449462890625 cx:442.0771553147007 cy:966.7832641601562 886x1920)
2026-09-22 10:16:44.440596+0800 Runner[8700:1155242] flutter:   frustum    = Frustum(l:-0.003326534905101914 r:0.0033328913452759876 b:-0.007160888081067952 t:0.0072703742222340485 n:0.01 f:100.0)
2026-09-22 10:16:44.440603+0800 Runner[8700:1155242] flutter:   uv         = UvTransform((0.0000, 1.0000, 0.0000, -0.6150, 0.0000, 0.8075, 0.0000, 0.0000, 1.0000))
2026-09-22 10:16:44.440613+0800 Runner[8700:1155242] flutter: [arloop] pose stage=none state=0 hasPos=false hasOri=false init=refuse sess=true rc=1
2026-09-22 10:16:44.440628+0800 Runner[8700:1155242] flutter: [arloop] CameraSlot(offered:1166 displaced:3 acquired:1163 released:1163 outstanding:0 occupied:false)
2026-09-22 10:16:44.440769+0800 Runner[8700:1155242] flutter: [arloop] step 分段 p50(ms) 纹理=0.0 内参=0.0 UV=0.0 投影=0.0 位姿=0.0 出图=0.0 | 合计=0.0 (帧间隔 16.7)
2026-09-22 10:16:44.464269+0800 Runner[8700:1155242] flutter: [arloop] 喂料 cam交付=1165 背压丢=26 进引擎=1137 run=1137 在途峰值=2 acc=3888 gyr=3889 imu丢=0 拒:非单调=0 参数=0 未运行=0 lockFail=0 run=true
2026-09-22 10:16:44.464310+0800 Runner[8700:1155242] flutter: [arloop] 时钟 camPTS=76135.387s imuTS=76135.450s delta=-22.6ms |delta|峰值=32.1ms
2026-09-22 10:16:44.464335+0800 Runner[8700:1155242] flutter: [arloop] 时基 c传入=0.00ms c施加=0.00ms 帧=1165 有曝光=1165 曝光ms[min/mean/max]=8.33/20.27/25.69 平均加=10.14ms 引擎收到−PTS=10.00ms residual[raw/offset]=0.0e+0/0.0e+0 trace读=1137
2026-09-22 10:16:44.464664+0800 Runner[8700:1155242] flutter: [arloop] exp=20.00ms iso=178 f/1.8 mode=2 evOff=-0.05 binned=false minFrameDur=33.33ms
2026-09-22 10:16:44.464677+0800 Runner[8700:1155242] flutter: [arloop] viewport = 1179x2556
2026-09-22 10:16:45.257037+0800 Runner[8700:1155242] flutter: [arloop] ArFrame frame=false K=true proj=true pose=false rot=90
2026-09-22 10:16:45.257057+0800 Runner[8700:1155242] flutter:   K(cropped) = K(fx:1330.427001953125 fy:1330.427001953125 cx:442.0736152756382 cy:966.7802124023438 886x1920)
2026-09-22 10:16:45.257072+0800 Runner[8700:1155242] flutter:   frustum    = Frustum(l:-0.003326553163953534 r:0.0033329629064457688 b:-0.007161007602814901 t:0.0072704493443258005 n:0.01 f:100.0)
2026-09-22 10:16:45.257079+0800 Runner[8700:1155242] flutter:   uv         = UvTransform((0.0000, 1.0000, 0.0000, -0.6150, 0.0000, 0.8075, 0.0000, 0.0000, 1.0000))
2026-09-22 10:16:45.257088+0800 Runner[8700:1155242] flutter: [arloop] pose stage=none state=0 hasPos=false hasOri=false init=refuse sess=true rc=1
2026-09-22 10:16:45.257095+0800 Runner[8700:1155242] flutter: [arloop] CameraSlot(offered:1190 displaced:3 acquired:1187 released:1187 outstanding:0 occupied:false)
2026-09-22 10:16:45.257236+0800 Runner[8700:1155242] flutter: [arloop] step 分段 p50(ms) 纹理=0.0 内参=0.0 UV=0.0 投影=0.0 位姿=0.0 出图=0.0 | 合计=0.0 (帧间隔 16.7)
2026-09-22 10:16:45.287967+0800 Runner[8700:1155242] flutter: [arloop] 喂料 cam交付=1190 背压丢=28 进引擎=1160 run=1160 在途峰值=2 acc=3973 gyr=3974 imu丢=0 拒:非单调=0 参数=0 未运行=0 lockFail=0 run=true
2026-09-22 10:16:45.288001+0800 Runner[8700:1155242] flutter: [arloop] 时钟 camPTS=76136.221s imuTS=76136.268s delta=-26.9ms |delta|峰值=32.1ms
2026-09-22 10:16:45.288022+0800 Runner[8700:1155242] flutter: [arloop] 时基 c传入=0.00ms c施加=0.00ms 帧=1190 有曝光=1190 曝光ms[min/mean/max]=8.33/20.27/25.69 平均加=10.13ms 引擎收到−PTS=10.00ms residual[raw/offset]=0.0e+0/0.0e+0 trace读=1160
2026-09-22 10:16:45.288210+0800 Runner[8700:1155242] flutter: [arloop] exp=20.00ms iso=178 f/1.8 mode=2 evOff=-0.01 binned=false minFrameDur=33.33ms
2026-09-22 10:16:45.288226+0800 Runner[8700:1155242] flutter: [arloop] viewport = 1179x2556
2026-09-22 10:16:46.081494+0800 Runner[8700:1155242] flutter: [arloop] ArFrame frame=false K=true proj=true pose=false rot=90
2026-09-22 10:16:46.081556+0800 Runner[8700:1155242] flutter:   K(cropped) = K(fx:1330.4388427734375 fy:1330.4388427734375 cx:442.0959541428257 cy:966.781494140625 886x1920)
2026-09-22 10:16:46.081572+0800 Runner[8700:1155242] flutter:   frustum    = Frustum(l:-0.0033266914638495414 r:0.0033327653372841447 b:-0.007160934236355687 t:0.007270394271744401 n:0.01 f:100.0)
2026-09-22 10:16:46.081579+0800 Runner[8700:1155242] flutter:   uv         = UvTransform((0.0000, 1.0000, 0.0000, -0.6150, 0.0000, 0.8075, 0.0000, 0.0000, 1.0000))
2026-09-22 10:16:46.081589+0800 Runner[8700:1155242] flutter: [arloop] pose stage=none state=0 hasPos=false hasOri=false init=refuse sess=true rc=1
2026-09-22 10:16:46.081597+0800 Runner[8700:1155242] flutter: [arloop] CameraSlot(offered:1215 displaced:4 acquired:1211 released:1211 outstanding:0 occupied:false)
2026-09-22 10:16:46.081772+0800 Runner[8700:1155242] flutter: [arloop] step 分段 p50(ms) 纹理=0.0 内参=0.0 UV=0.0 投影=0.0 位姿=0.0 出图=0.0 | 合计=0.0 (帧间隔 16.7)
2026-09-22 10:16:46.115226+0800 Runner[8700:1155242] flutter: [arloop] 喂料 cam交付=1215 背压丢=30 进引擎=1183 run=1183 在途峰值=2 acc=4056 gyr=4056 imu丢=0 拒:非单调=0 参数=0 未运行=0 lockFail=0 run=true
2026-09-22 10:16:46.115280+0800 Runner[8700:1155242] flutter: [arloop] 时钟 camPTS=76137.054s imuTS=76137.096s delta=-21.3ms |delta|峰值=32.1ms
2026-09-22 10:16:46.115308+0800 Runner[8700:1155242] flutter: [arloop] 时基 c传入=0.00ms c施加=0.00ms 帧=1215 有曝光=1215 曝光ms[min/mean/max]=8.33/20.26/25.69 平均加=10.13ms 引擎收到−PTS=10.00ms residual[raw/offset]=0.0e+0/0.0e+0 trace读=1183
2026-09-22 10:16:46.115535+0800 Runner[8700:1155242] flutter: [arloop] exp=20.00ms iso=178 f/1.8 mode=2 evOff=0.00 binned=false minFrameDur=33.33ms
2026-09-22 10:16:46.115549+0800 Runner[8700:1155242] flutter: [arloop] viewport = 1179x2556
2026-09-22 10:16:46.910853+0800 Runner[8700:1155242] flutter: [arloop] ArFrame frame=true K=true proj=true pose=false rot=90
2026-09-22 10:16:46.910912+0800 Runner[8700:1155242] flutter:   K(cropped) = K(fx:1330.5372314453125 fy:1330.5372314453125 cx:442.0730049240757 cy:966.7777099609375 886x1920)
2026-09-22 10:16:46.910921+0800 Runner[8700:1155242] flutter:   frustum    = Frustum(l:-0.003326272985561819 r:0.003332691371546562 b:-0.007160433150781929 t:0.007269828209994696 n:0.01 f:100.0)
2026-09-22 10:16:46.910928+0800 Runner[8700:1155242] flutter:   uv         = UvTransform((0.0000, 1.0000, 0.0000, -0.6150, 0.0000, 0.8075, 0.0000, 0.0000, 1.0000))
2026-09-22 10:16:46.910941+0800 Runner[8700:1155242] flutter: [arloop] pose stage=none state=0 hasPos=false hasOri=false init=refuse sess=true rc=1
2026-09-22 10:16:46.910948+0800 Runner[8700:1155242] flutter: [arloop] CameraSlot(offered:1240 displaced:4 acquired:1236 released:1236 outstanding:0 occupied:false)
2026-09-22 10:16:46.911123+0800 Runner[8700:1155242] flutter: [arloop] step 分段 p50(ms) 纹理=0.0 内参=0.0 UV=0.0 投影=0.0 位姿=0.0 出图=0.0 | 合计=0.0 (帧间隔 16.7)
2026-09-22 10:16:46.931763+0800 Runner[8700:1155242] flutter: [arloop] 喂料 cam交付=1239 背压丢=32 进引擎=1206 run=1206 在途峰值=2 acc=4139 gyr=4140 imu丢=0 拒:非单调=0 参数=0 未运行=0 lockFail=0 run=true
2026-09-22 10:16:46.931789+0800 Runner[8700:1155242] flutter: [arloop] 时钟 camPTS=76137.854s imuTS=76137.913s delta=-29.1ms |delta|峰值=32.1ms
2026-09-22 10:16:46.931811+0800 Runner[8700:1155242] flutter: [arloop] 时基 c传入=0.00ms c施加=0.00ms 帧=1239 有曝光=1239 曝光ms[min/mean/max]=8.33/20.26/25.69 平均加=10.13ms 引擎收到−PTS=10.00ms residual[raw/offset]=0.0e+0/0.0e+0 trace读=1206
2026-09-22 10:16:46.932093+0800 Runner[8700:1155242] flutter: [arloop] exp=20.00ms iso=178 f/1.8 mode=2 evOff=-0.03 binned=false minFrameDur=33.33ms
2026-09-22 10:16:46.932107+0800 Runner[8700:1155242] flutter: [arloop] viewport = 1179x2556
2026-09-22 10:16:47.730456+0800 Runner[8700:1155242] flutter: [arloop] ArFrame frame=false K=true proj=true pose=false rot=90
2026-09-22 10:16:47.730487+0800 Runner[8700:1155242] flutter:   K(cropped) = K(fx:1330.5550537109375 fy:1330.5550537109375 cx:442.0731269943882 cy:966.7741088867188 886x1920)
2026-09-22 10:16:47.730497+0800 Runner[8700:1155242] flutter:   frustum    = Frustum(l:-0.003326229348872452 r:0.0033326458140073784 b:-0.007160364304025714 t:0.007269703769032158 n:0.01 f:100.0)
2026-09-22 10:16:47.730506+0800 Runner[8700:1155242] flutter:   uv         = UvTransform((0.0000, 1.0000, 0.0000, -0.6150, 0.0000, 0.8075, 0.0000, 0.0000, 1.0000))
2026-09-22 10:16:47.730517+0800 Runner[8700:1155242] flutter: [arloop] pose stage=none state=0 hasPos=false hasOri=false init=refuse sess=true rc=1
2026-09-22 10:16:47.730525+0800 Runner[8700:1155242] flutter: [arloop] CameraSlot(offered:1264 displaced:4 acquired:1260 released:1260 outstanding:0 occupied:false)
2026-09-22 10:16:47.730706+0800 Runner[8700:1155242] flutter: [arloop] step 分段 p50(ms) 纹理=0.0 内参=0.0 UV=0.0 投影=0.0 位姿=0.0 出图=0.0 | 合计=0.0 (帧间隔 16.7)
2026-09-22 10:16:47.757524+0800 Runner[8700:1155242] flutter: [arloop] 喂料 cam交付=1264 背压丢=33 进引擎=1229 run=1229 在途峰值=2 acc=4219 gyr=4220 imu丢=0 拒:非单调=0 参数=0 未运行=0 lockFail=0 run=true
2026-09-22 10:16:47.757554+0800 Runner[8700:1155242] flutter: [arloop] 时钟 camPTS=76138.688s imuTS=76138.741s delta=-23.5ms |delta|峰值=32.1ms
2026-09-22 10:16:47.757581+0800 Runner[8700:1155242] flutter: [arloop] 时基 c传入=0.00ms c施加=0.00ms 帧=1264 有曝光=1264 曝光ms[min/mean/max]=8.33/20.25/25.69 平均加=10.13ms 引擎收到−PTS=10.00ms residual[raw/offset]=0.0e+0/0.0e+0 trace读=1229
2026-09-22 10:16:47.757811+0800 Runner[8700:1155242] flutter: [arloop] exp=20.00ms iso=178 f/1.8 mode=2 evOff=-0.04 binned=false minFrameDur=33.33ms
2026-09-22 10:16:47.757827+0800 Runner[8700:1155242] flutter: [arloop] viewport = 1179x2556
2026-09-22 10:16:48.551058+0800 Runner[8700:1155242] flutter: [arloop] ArFrame frame=false K=true proj=true pose=false rot=90
2026-09-22 10:16:48.551081+0800 Runner[8700:1155242] flutter:   K(cropped) = K(fx:1330.5521240234375 fy:1330.5521240234375 cx:442.0286934006382 cy:966.778076171875 886x1920)
2026-09-22 10:16:48.551092+0800 Runner[8700:1155242] flutter:   frustum    = Frustum(l:-0.0033259027242200936 r:0.003332987100560595 b:-0.007160350253300884 t:0.007269749592724986 n:0.01 f:100.0)
2026-09-22 10:16:48.551099+0800 Runner[8700:1155242] flutter:   uv         = UvTransform((0.0000, 1.0000, 0.0000, -0.6150, 0.0000, 0.8075, 0.0000, 0.0000, 1.0000))
2026-09-22 10:16:48.551108+0800 Runner[8700:1155242] flutter: [arloop] pose stage=none state=0 hasPos=false hasOri=false init=refuse sess=true rc=1
2026-09-22 10:16:48.551115+0800 Runner[8700:1155242] flutter: [arloop] CameraSlot(offered:1289 displaced:5 acquired:1284 released:1284 outstanding:0 occupied:false)
2026-09-22 10:16:48.551271+0800 Runner[8700:1155242] flutter: [arloop] step 分段 p50(ms) 纹理=0.0 内参=0.0 UV=0.0 投影=0.0 位姿=0.0 出图=0.0 | 合计=0.0 (帧间隔 16.7)
2026-09-22 10:16:48.574847+0800 Runner[8700:1155242] flutter: [arloop] 喂料 cam交付=1289 背压丢=35 进引擎=1252 run=1252 在途峰值=2 acc=4304 gyr=4304 imu丢=0 拒:非单调=0 参数=0 未运行=0 lockFail=0 run=true
2026-09-22 10:16:48.574871+0800 Runner[8700:1155242] flutter: [arloop] 时钟 camPTS=76139.521s imuTS=76139.559s delta=-27.9ms |delta|峰值=32.1ms
2026-09-22 10:16:48.574891+0800 Runner[8700:1155242] flutter: [arloop] 时基 c传入=0.00ms c施加=0.00ms 帧=1289 有曝光=1289 曝光ms[min/mean/max]=8.33/20.25/25.69 平均加=10.12ms 引擎收到−PTS=10.00ms residual[raw/offset]=0.0e+0/0.0e+0 trace读=1252
2026-09-22 10:16:48.575109+0800 Runner[8700:1155242] flutter: [arloop] exp=20.00ms iso=178 f/1.8 mode=2 evOff=-0.03 binned=false minFrameDur=33.33ms
2026-09-22 10:16:48.575120+0800 Runner[8700:1155242] flutter: [arloop] viewport = 1179x2556
2026-09-22 10:16:49.368681+0800 Runner[8700:1155242] flutter: [arloop] ArFrame frame=true K=true proj=true pose=false rot=90
2026-09-22 10:16:49.368702+0800 Runner[8700:1155242] flutter:   K(cropped) = K(fx:1330.5938720703125 fy:1330.5938720703125 cx:442.02387162329444 cy:966.775146484375 886x1920)
2026-09-22 10:16:49.368709+0800 Runner[8700:1155242] flutter:   frustum    = Frustum(l:-0.0033257621345779815 r:0.003332918764210805 b:-0.00716014761163187 t:0.007269499482808842 n:0.01 f:100.0)
2026-09-22 10:16:49.368715+0800 Runner[8700:1155242] flutter:   uv         = UvTransform((0.0000, 1.0000, 0.0000, -0.6150, 0.0000, 0.8075, 0.0000, 0.0000, 1.0000))
2026-09-22 10:16:49.368723+0800 Runner[8700:1155242] flutter: [arloop] pose stage=none state=0 hasPos=false hasOri=false init=refuse sess=true rc=1
2026-09-22 10:16:49.368730+0800 Runner[8700:1155242] flutter: [arloop] CameraSlot(offered:1314 displaced:5 acquired:1309 released:1309 outstanding:0 occupied:false)
2026-09-22 10:16:49.368863+0800 Runner[8700:1155242] flutter: [arloop] step 分段 p50(ms) 纹理=0.0 内参=0.0 UV=0.0 投影=0.0 位姿=0.0 出图=0.0 | 合计=0.0 (帧间隔 16.7)
2026-09-22 10:16:49.395863+0800 Runner[8700:1155242] flutter: [arloop] 喂料 cam交付=1313 背压丢=36 进引擎=1275 run=1275 在途峰值=2 acc=4383 gyr=4383 imu丢=0 拒:非单调=0 参数=0 未运行=0 lockFail=0 run=true
2026-09-22 10:16:49.395898+0800 Runner[8700:1155242] flutter: [arloop] 时钟 camPTS=76140.321s imuTS=76140.377s delta=-25.7ms |delta|峰值=32.6ms
2026-09-22 10:16:49.395922+0800 Runner[8700:1155242] flutter: [arloop] 时基 c传入=0.00ms c施加=0.00ms 帧=1313 有曝光=1313 曝光ms[min/mean/max]=8.33/20.24/25.69 平均加=10.12ms 引擎收到−PTS=10.00ms residual[raw/offset]=0.0e+0/0.0e+0 trace读=1275
2026-09-22 10:16:49.396176+0800 Runner[8700:1155242] flutter: [arloop] exp=20.00ms iso=178 f/1.8 mode=2 evOff=-0.02 binned=false minFrameDur=33.33ms
2026-09-22 10:16:49.396184+0800 Runner[8700:1155242] flutter: [arloop] viewport = 1179x2556
2026-09-22 10:16:50.187533+0800 Runner[8700:1155242] flutter: [arloop] ArFrame frame=false K=true proj=true pose=false rot=90
2026-09-22 10:16:50.187566+0800 Runner[8700:1155242] flutter:   K(cropped) = K(fx:1330.671142578125 fy:1330.671142578125 cx:442.0351631272007 cy:966.8269653320312 886x1920)
2026-09-22 10:16:50.187585+0800 Runner[8700:1155242] flutter:   frustum    = Frustum(l:-0.003325653867189196 r:0.003332640369833248 b:-0.007159342411395507 t:0.007269466770413852 n:0.01 f:100.0)
2026-09-22 10:16:50.187593+0800 Runner[8700:1155242] flutter:   uv         = UvTransform((0.0000, 1.0000, 0.0000, -0.6150, 0.0000, 0.8075, 0.0000, 0.0000, 1.0000))
2026-09-22 10:16:50.187603+0800 Runner[8700:1155242] flutter: [arloop] pose stage=none state=0 hasPos=false hasOri=false init=refuse sess=true rc=1
2026-09-22 10:16:50.187611+0800 Runner[8700:1155242] flutter: [arloop] CameraSlot(offered:1338 displaced:5 acquired:1333 released:1333 outstanding:0 occupied:false)
2026-09-22 10:16:50.187784+0800 Runner[8700:1155242] flutter: [arloop] step 分段 p50(ms) 纹理=0.0 内参=0.0 UV=0.0 投影=0.0 位姿=0.0 出图=0.0 | 合计=0.0 (帧间隔 16.7)
2026-09-22 10:16:50.202753+0800 Runner[8700:1155242] flutter: [arloop] 喂料 cam交付=1338 背压丢=38 进引擎=1298 run=1298 在途峰值=2 acc=4468 gyr=4468 imu丢=0 拒:非单调=0 参数=0 未运行=0 lockFail=0 run=true
2026-09-22 10:16:50.202772+0800 Runner[8700:1155242] flutter: [arloop] 时钟 camPTS=76141.154s imuTS=76141.185s delta=-30.1ms |delta|峰值=32.6ms
2026-09-22 10:16:50.202791+0800 Runner[8700:1155242] flutter: [arloop] 时基 c传入=0.00ms c施加=0.00ms 帧=1338 有曝光=1338 曝光ms[min/mean/max]=8.33/20.24/25.69 平均加=10.12ms 引擎收到−PTS=10.00ms residual[raw/offset]=0.0e+0/0.0e+0 trace读=1298
2026-09-22 10:16:50.203026+0800 Runner[8700:1155242] flutter: [arloop] exp=20.00ms iso=178 f/1.8 mode=2 evOff=-0.02 binned=false minFrameDur=33.33ms
2026-09-22 10:16:50.203042+0800 Runner[8700:1155242] flutter: [arloop] viewport = 1179x2556
2026-09-22 10:16:50.997485+0800 Runner[8700:1155242] flutter: [arloop] ArFrame frame=false K=true proj=true pose=false rot=90
2026-09-22 10:16:50.997516+0800 Runner[8700:1155242] flutter:   K(cropped) = K(fx:1330.65625 fy:1330.65625 cx:442.0250312912632 cy:966.7736206054688 886x1920)
2026-09-22 10:16:50.997524+0800 Runner[8700:1155242] flutter:   frustum    = Frustum(l:-0.0033256149459431252 r:0.003332753810074817 b:-0.007159823428436392 t:0.007269147239232288 n:0.01 f:100.0)
2026-09-22 10:16:50.997531+0800 Runner[8700:1155242] flutter:   uv         = UvTransform((0.0000, 1.0000, 0.0000, -0.6150, 0.0000, 0.8075, 0.0000, 0.0000, 1.0000))
2026-09-22 10:16:50.997541+0800 Runner[8700:1155242] flutter: [arloop] pose stage=none state=0 hasPos=false hasOri=false init=refuse sess=true rc=1
2026-09-22 10:16:50.997549+0800 Runner[8700:1155242] flutter: [arloop] CameraSlot(offered:1362 displaced:5 acquired:1357 released:1357 outstanding:0 occupied:false)
2026-09-22 10:16:50.997748+0800 Runner[8700:1155242] flutter: [arloop] step 分段 p50(ms) 纹理=0.0 内参=0.0 UV=0.0 投影=0.0 位姿=0.0 出图=0.0 | 合计=0.0 (帧间隔 16.7)
2026-09-22 10:16:51.014187+0800 Runner[8700:1155242] flutter: [arloop] 喂料 cam交付=1362 背压丢=39 进引擎=1321 run=1321 在途峰值=2 acc=4548 gyr=4548 imu丢=0 拒:非单调=0 参数=0 未运行=0 lockFail=0 run=true
2026-09-22 10:16:51.014219+0800 Runner[8700:1155242] flutter: [arloop] 时钟 camPTS=76141.955s imuTS=76141.992s delta=-28.0ms |delta|峰值=32.6ms
2026-09-22 10:16:51.014238+0800 Runner[8700:1155242] flutter: [arloop] 时基 c传入=0.00ms c施加=0.00ms 帧=1362 有曝光=1362 曝光ms[min/mean/max]=8.33/20.23/25.69 平均加=10.12ms 引擎收到−PTS=10.00ms residual[raw/offset]=0.0e+0/0.0e+0 trace读=1321
2026-09-22 10:16:51.014459+0800 Runner[8700:1155242] flutter: [arloop] exp=20.00ms iso=178 f/1.8 mode=2 evOff=-0.02 binned=false minFrameDur=33.33ms
2026-09-22 10:16:51.014476+0800 Runner[8700:1155242] flutter: [arloop] viewport = 1179x2556
2026-09-22 10:16:51.806897+0800 Runner[8700:1155242] flutter: [arloop] ArFrame frame=true K=true proj=true pose=false rot=90
2026-09-22 10:16:51.806942+0800 Runner[8700:1155242] flutter:   K(cropped) = K(fx:1330.65625 fy:1330.65625 cx:442.0368721115757 cy:966.7824096679688 886x1920)
2026-09-22 10:16:51.806970+0800 Runner[8700:1155242] flutter:   frustum    = Frustum(l:-0.0033257039307602976 r:0.003332664825257645 b:-0.00715975737785045 t:0.007269213289818229 n:0.01 f:100.0)
2026-09-22 10:16:51.806982+0800 Runner[8700:1155242] flutter:   uv         = UvTransform((0.0000, 1.0000, 0.0000, -0.6150, 0.0000, 0.8075, 0.0000, 0.0000, 1.0000))
2026-09-22 10:16:51.807000+0800 Runner[8700:1155242] flutter: [arloop] pose stage=none state=0 hasPos=false hasOri=false init=refuse sess=true rc=1
2026-09-22 10:16:51.807013+0800 Runner[8700:1155242] flutter: [arloop] CameraSlot(offered:1387 displaced:5 acquired:1382 released:1382 outstanding:0 occupied:false)
2026-09-22 10:16:51.807306+0800 Runner[8700:1155242] flutter: [arloop] step 分段 p50(ms) 纹理=0.0 内参=0.0 UV=0.0 投影=0.0 位姿=0.0 出图=0.0 | 合计=0.0 (帧间隔 16.7)
2026-09-22 10:16:51.835044+0800 Runner[8700:1155242] flutter: [arloop] 喂料 cam交付=1387 背压丢=41 进引擎=1344 run=1344 在途峰值=2 acc=4632 gyr=4632 imu丢=0 拒:非单调=0 参数=0 未运行=0 lockFail=0 run=true
2026-09-22 10:16:51.835074+0800 Runner[8700:1155242] flutter: [arloop] 时钟 camPTS=76142.788s imuTS=76142.820s delta=-22.4ms |delta|峰值=32.6ms
2026-09-22 10:16:51.835096+0800 Runner[8700:1155242] flutter: [arloop] 时基 c传入=0.00ms c施加=0.00ms 帧=1387 有曝光=1387 曝光ms[min/mean/max]=8.33/20.23/25.69 平均加=10.11ms 引擎收到−PTS=10.00ms residual[raw/offset]=0.0e+0/0.0e+0 trace读=1344
2026-09-22 10:16:51.835243+0800 Runner[8700:1155242] flutter: [arloop] exp=20.00ms iso=178 f/1.8 mode=2 evOff=-0.02 binned=false minFrameDur=33.33ms
2026-09-22 10:16:51.835255+0800 Runner[8700:1155242] flutter: [arloop] viewport = 1179x2556
2026-09-22 10:16:52.645759+0800 Runner[8700:1155242] flutter: [arloop] ArFrame frame=true K=true proj=true pose=false rot=90
2026-09-22 10:16:52.645778+0800 Runner[8700:1155242] flutter:   K(cropped) = K(fx:1330.7813720703125 fy:1330.7813720703125 cx:442.0739814865757 cy:966.7911376953125 886x1920)
2026-09-22 10:16:52.645787+0800 Runner[8700:1155242] flutter:   frustum    = Frustum(l:-0.0033256700970953484 r:0.003332072629056876 b:-0.007159018620936563 t:0.007268595413163066 n:0.01 f:100.0)
2026-09-22 10:16:52.645795+0800 Runner[8700:1155242] flutter:   uv         = UvTransform((0.0000, 1.0000, 0.0000, -0.6150, 0.0000, 0.8075, 0.0000, 0.0000, 1.0000))
2026-09-22 10:16:52.645804+0800 Runner[8700:1155242] flutter: [arloop] pose stage=none state=0 hasPos=false hasOri=false init=refuse sess=true rc=1
2026-09-22 10:16:52.645811+0800 Runner[8700:1155242] flutter: [arloop] CameraSlot(offered:1412 displaced:5 acquired:1407 released:1407 outstanding:0 occupied:false)
2026-09-22 10:16:52.645965+0800 Runner[8700:1155242] flutter: [arloop] step 分段 p50(ms) 纹理=0.0 内参=0.0 UV=0.0 投影=0.0 位姿=0.0 出图=0.0 | 合计=0.0 (帧间隔 16.7)
2026-09-22 10:16:52.675878+0800 Runner[8700:1155242] flutter: [arloop] 喂料 cam交付=1412 背压丢=44 进引擎=1366 run=1366 在途峰值=2 acc=4714 gyr=4715 imu丢=0 拒:非单调=0 参数=0 未运行=0 lockFail=0 run=true
2026-09-22 10:16:52.675900+0800 Runner[8700:1155242] flutter: [arloop] 时钟 camPTS=76143.621s imuTS=76143.658s delta=-26.8ms |delta|峰值=32.6ms
2026-09-22 10:16:52.675919+0800 Runner[8700:1155242] flutter: [arloop] 时基 c传入=0.00ms c施加=0.00ms 帧=1412 有曝光=1412 曝光ms[min/mean/max]=8.33/20.23/25.69 平均加=10.11ms 引擎收到−PTS=10.00ms residual[raw/offset]=0.0e+0/0.0e+0 trace读=1366
2026-09-22 10:16:52.676089+0800 Runner[8700:1155242] flutter: [arloop] exp=20.00ms iso=178 f/1.8 mode=2 evOff=-0.02 binned=false minFrameDur=33.33ms
2026-09-22 10:16:52.676103+0800 Runner[8700:1155242] flutter: [arloop] viewport = 1179x2556
2026-09-22 10:16:53.469094+0800 Runner[8700:1155242] flutter: [arloop] ArFrame frame=true K=true proj=true pose=false rot=90
2026-09-22 10:16:53.469125+0800 Runner[8700:1155242] flutter:   K(cropped) = K(fx:1330.7039794921875 fy:1330.7039794921875 cx:442.0822822678257 cy:966.828857421875 886x1920)
2026-09-22 10:16:53.469141+0800 Runner[8700:1155242] flutter:   frustum    = Frustum(l:-0.003325925894027313 r:0.003332204040611555 b:-0.007159151526259625 t:0.007269301605237697 n:0.01 f:100.0)
2026-09-22 10:16:53.469148+0800 Runner[8700:1155242] flutter:   uv         = UvTransform((0.0000, 1.0000, 0.0000, -0.6150, 0.0000, 0.8075, 0.0000, 0.0000, 1.0000))
2026-09-22 10:16:53.469157+0800 Runner[8700:1155242] flutter: [arloop] pose stage=none state=0 hasPos=false hasOri=false init=refuse sess=true rc=1
2026-09-22 10:16:53.469163+0800 Runner[8700:1155242] flutter: [arloop] CameraSlot(offered:1437 displaced:5 acquired:1432 released:1432 outstanding:0 occupied:false)
2026-09-22 10:16:53.469307+0800 Runner[8700:1155242] flutter: [arloop] step 分段 p50(ms) 纹理=0.0 内参=0.0 UV=0.0 投影=0.0 位姿=0.0 出图=0.0 | 合计=0.0 (帧间隔 16.7)
2026-09-22 10:16:53.492303+0800 Runner[8700:1155242] flutter: [arloop] 喂料 cam交付=1436 背压丢=47 进引擎=1387 run=1387 在途峰值=2 acc=4795 gyr=4796 imu丢=0 拒:非单调=0 参数=0 未运行=0 lockFail=0 run=true
2026-09-22 10:16:53.492336+0800 Runner[8700:1155242] flutter: [arloop] 时钟 camPTS=76144.421s imuTS=76144.476s delta=-24.6ms |delta|峰值=32.6ms
2026-09-22 10:16:53.492370+0800 Runner[8700:1155242] flutter: [arloop] 时基 c传入=0.00ms c施加=0.00ms 帧=1436 有曝光=1436 曝光ms[min/mean/max]=8.33/20.22/25.69 平均加=10.11ms 引擎收到−PTS=10.00ms residual[raw/offset]=0.0e+0/0.0e+0 trace读=1387
2026-09-22 10:16:53.492615+0800 Runner[8700:1155242] flutter: [arloop] exp=20.00ms iso=178 f/1.8 mode=2 evOff=-0.02 binned=false minFrameDur=33.33ms
2026-09-22 10:16:53.492632+0800 Runner[8700:1155242] flutter: [arloop] viewport = 1179x2556
2026-09-22 10:16:54.280665+0800 Runner[8700:1155242] flutter: [arloop] ArFrame frame=false K=true proj=true pose=false rot=90
2026-09-22 10:16:54.280694+0800 Runner[8700:1155242] flutter:   K(cropped) = K(fx:1330.68603515625 fy:1330.68603515625 cx:442.0285713303257 cy:966.8380126953125 886x1920)
2026-09-22 10:16:54.280701+0800 Runner[8700:1155242] flutter:   frustum    = Frustum(l:-0.003325567110790065 r:0.003332652608904862 b:-0.007159179266451274 t:0.007269468433113354 n:0.01 f:100.0)
2026-09-22 10:16:54.280707+0800 Runner[8700:1155242] flutter:   uv         = UvTransform((0.0000, 1.0000, 0.0000, -0.6150, 0.0000, 0.8075, 0.0000, 0.0000, 1.0000))
2026-09-22 10:16:54.280717+0800 Runner[8700:1155242] flutter: [arloop] pose stage=none state=0 hasPos=false hasOri=false init=refuse sess=true rc=1
2026-09-22 10:16:54.280724+0800 Runner[8700:1155242] flutter: [arloop] CameraSlot(offered:1461 displaced:5 acquired:1456 released:1456 outstanding:0 occupied:false)
2026-09-22 10:16:54.280875+0800 Runner[8700:1155242] flutter: [arloop] step 分段 p50(ms) 纹理=0.0 内参=0.0 UV=0.0 投影=0.0 位姿=0.0 出图=0.0 | 合计=0.0 (帧间隔 16.7)
2026-09-22 10:16:54.290862+0800 Runner[8700:1155242] flutter: [arloop] 喂料 cam交付=1460 背压丢=50 进引擎=1408 run=1408 在途峰值=2 acc=4876 gyr=4876 imu丢=0 拒:非单调=0 参数=0 未运行=0 lockFail=0 run=true
2026-09-22 10:16:54.290898+0800 Runner[8700:1155242] flutter: [arloop] 时钟 camPTS=76145.221s imuTS=76145.274s delta=-22.5ms |delta|峰值=32.6ms
2026-09-22 10:16:54.290931+0800 Runner[8700:1155242] flutter: [arloop] 时基 c传入=0.00ms c施加=0.00ms 帧=1460 有曝光=1460 曝光ms[min/mean/max]=8.33/20.22/25.69 平均加=10.11ms 引擎收到−PTS=10.00ms residual[raw/offset]=0.0e+0/0.0e+0 trace读=1408
2026-09-22 10:16:54.291224+0800 Runner[8700:1155242] flutter: [arloop] exp=20.00ms iso=178 f/1.8 mode=2 evOff=-0.03 binned=false minFrameDur=33.33ms
2026-09-22 10:16:54.291239+0800 Runner[8700:1155242] flutter: [arloop] viewport = 1179x2556
2026-09-22 10:16:55.091468+0800 Runner[8700:1155242] flutter: [arloop] ArFrame frame=false K=true proj=true pose=false rot=90
2026-09-22 10:16:55.091494+0800 Runner[8700:1155242] flutter:   K(cropped) = K(fx:1330.6949462890625 fy:1330.6949462890625 cx:442.0333320725132 cy:966.8544311523438 886x1920)
2026-09-22 10:16:55.091510+0800 Runner[8700:1155242] flutter:   frustum    = Frustum(l:-0.0033255806171550843 r:0.0033325945151004882 b:-0.007159007941709852 t:0.007269543134961366 n:0.01 f:100.0)
2026-09-22 10:16:55.091517+0800 Runner[8700:1155242] flutter:   uv         = UvTransform((0.0000, 1.0000, 0.0000, -0.6150, 0.0000, 0.8075, 0.0000, 0.0000, 1.0000))
2026-09-22 10:16:55.091526+0800 Runner[8700:1155242] flutter: [arloop] pose stage=none state=0 hasPos=false hasOri=false init=refuse sess=true rc=1
2026-09-22 10:16:55.091532+0800 Runner[8700:1155242] flutter: [arloop] CameraSlot(offered:1485 displaced:5 acquired:1480 released:1480 outstanding:0 occupied:false)
2026-09-22 10:16:55.091676+0800 Runner[8700:1155242] flutter: [arloop] step 分段 p50(ms) 纹理=0.0 内参=0.0 UV=0.0 投影=0.0 位姿=0.0 出图=0.0 | 合计=0.0 (帧间隔 16.7)
2026-09-22 10:16:55.104385+0800 Runner[8700:1155242] flutter: [arloop] 喂料 cam交付=1485 背压丢=53 进引擎=1430 run=1430 在途峰值=2 acc=4955 gyr=4956 imu丢=0 拒:非单调=0 参数=0 未运行=0 lockFail=0 run=true
2026-09-22 10:16:55.104407+0800 Runner[8700:1155242] flutter: [arloop] 时钟 camPTS=76146.055s imuTS=76146.082s delta=-26.9ms |delta|峰值=32.6ms
2026-09-22 10:16:55.104426+0800 Runner[8700:1155242] flutter: [arloop] 时基 c传入=0.00ms c施加=0.00ms 帧=1485 有曝光=1485 曝光ms[min/mean/max]=8.33/20.21/25.69 平均加=10.11ms 引擎收到−PTS=10.00ms residual[raw/offset]=0.0e+0/0.0e+0 trace读=1430
2026-09-22 10:16:55.104588+0800 Runner[8700:1155242] flutter: [arloop] exp=20.00ms iso=178 f/1.8 mode=2 evOff=-0.03 binned=false minFrameDur=33.33ms
2026-09-22 10:16:55.104603+0800 Runner[8700:1155242] flutter: [arloop] viewport = 1179x2556
2026-09-22 10:16:55.898831+0800 Runner[8700:1155242] flutter: [arloop] ArFrame frame=false K=true proj=true pose=false rot=90
2026-09-22 10:16:55.898862+0800 Runner[8700:1155242] flutter:   K(cropped) = K(fx:1330.7366943359375 fy:1330.7366943359375 cx:442.0311348068882 cy:966.791748046875 886x1920)
2026-09-22 10:16:55.898874+0800 Runner[8700:1155242] flutter:   frustum    = Frustum(l:-0.003325459774953598 r:0.0033325064761546316 b:-0.0071592543890025085 t:0.007268844033263633 n:0.01 f:100.0)
2026-09-22 10:16:55.898884+0800 Runner[8700:1155242] flutter:   uv         = UvTransform((0.0000, 1.0000, 0.0000, -0.6150, 0.0000, 0.8075, 0.0000, 0.0000, 1.0000))
2026-09-22 10:16:55.898898+0800 Runner[8700:1155242] flutter: [arloop] pose stage=none state=0 hasPos=false hasOri=false init=refuse sess=true rc=1
2026-09-22 10:16:55.898909+0800 Runner[8700:1155242] flutter: [arloop] CameraSlot(offered:1509 displaced:5 acquired:1504 released:1504 outstanding:0 occupied:false)
2026-09-22 10:16:55.899115+0800 Runner[8700:1155242] flutter: [arloop] step 分段 p50(ms) 纹理=0.0 内参=0.0 UV=0.0 投影=0.0 位姿=0.0 出图=0.0 | 合计=0.0 (帧间隔 16.7)
2026-09-22 10:16:55.915013+0800 Runner[8700:1155242] flutter: [arloop] 喂料 cam交付=1509 背压丢=56 进引擎=1451 run=1451 在途峰值=2 acc=5036 gyr=5037 imu丢=0 拒:非单调=0 参数=0 未运行=0 lockFail=0 run=true
2026-09-22 10:16:55.915035+0800 Runner[8700:1155242] flutter: [arloop] 时钟 camPTS=76146.855s imuTS=76146.900s delta=-24.7ms |delta|峰值=32.6ms
2026-09-22 10:16:55.915053+0800 Runner[8700:1155242] flutter: [arloop] 时基 c传入=0.00ms c施加=0.00ms 帧=1509 有曝光=1509 曝光ms[min/mean/max]=8.33/20.21/25.69 平均加=10.11ms 引擎收到−PTS=10.00ms residual[raw/offset]=0.0e+0/0.0e+0 trace读=1451
2026-09-22 10:16:55.915193+0800 Runner[8700:1155242] flutter: [arloop] exp=20.00ms iso=178 f/1.8 mode=2 evOff=-0.02 binned=false minFrameDur=33.33ms
2026-09-22 10:16:55.915207+0800 Runner[8700:1155242] flutter: [arloop] viewport = 1179x2556
2026-09-22 10:16:56.707825+0800 Runner[8700:1155242] flutter: [arloop] ArFrame frame=true K=true proj=true pose=false rot=90
2026-09-22 10:16:56.707856+0800 Runner[8700:1155242] flutter:   K(cropped) = K(fx:1330.784423828125 fy:1330.784423828125 cx:442.07416459204444 cy:966.8135986328125 886x1920)
2026-09-22 10:16:56.707865+0800 Runner[8700:1155242] flutter:   frustum    = Frustum(l:-0.0033256638465825952 r:0.0033320636120191425 b:-0.007158833424174719 t:0.00726874752448819 n:0.01 f:100.0)
2026-09-22 10:16:56.707872+0800 Runner[8700:1155242] flutter:   uv         = UvTransform((0.0000, 1.0000, 0.0000, -0.6150, 0.0000, 0.8075, 0.0000, 0.0000, 1.0000))
2026-09-22 10:16:56.707882+0800 Runner[8700:1155242] flutter: [arloop] pose stage=none state=0 hasPos=false hasOri=false init=refuse sess=true rc=1
2026-09-22 10:16:56.707890+0800 Runner[8700:1155242] flutter: [arloop] CameraSlot(offered:1534 displaced:5 acquired:1529 released:1529 outstanding:0 occupied:false)
2026-09-22 10:16:56.708071+0800 Runner[8700:1155242] flutter: [arloop] step 分段 p50(ms) 纹理=0.0 内参=0.0 UV=0.0 投影=0.0 位姿=0.0 出图=0.0 | 合计=0.0 (帧间隔 16.7)
2026-09-22 10:16:56.737169+0800 Runner[8700:1155242] flutter: [arloop] 喂料 cam交付=1534 背压丢=58 进引擎=1474 run=1474 在途峰值=2 acc=5123 gyr=5123 imu丢=0 拒:非单调=0 参数=0 未运行=0 lockFail=0 run=true
2026-09-22 10:16:56.737194+0800 Runner[8700:1155242] flutter: [arloop] 时钟 camPTS=76147.688s imuTS=76147.717s delta=-29.1ms |delta|峰值=32.6ms
2026-09-22 10:16:56.737214+0800 Runner[8700:1155242] flutter: [arloop] 时基 c传入=0.00ms c施加=0.00ms 帧=1534 有曝光=1534 曝光ms[min/mean/max]=8.33/20.21/25.69 平均加=10.10ms 引擎收到−PTS=10.00ms residual[raw/offset]=0.0e+0/0.0e+0 trace读=1474
2026-09-22 10:16:56.737405+0800 Runner[8700:1155242] flutter: [arloop] exp=20.00ms iso=178 f/1.8 mode=2 evOff=-0.02 binned=false minFrameDur=33.33ms
2026-09-22 10:16:56.737423+0800 Runner[8700:1155242] flutter: [arloop] viewport = 1179x2556
2026-09-22 10:16:57.534971+0800 Runner[8700:1155242] flutter: [arloop] ArFrame frame=true K=true proj=true pose=false rot=90
2026-09-22 10:16:57.534995+0800 Runner[8700:1155242] flutter:   K(cropped) = K(fx:1330.7783203125 fy:1330.7783203125 cx:442.01911088110694 cy:966.7839965820312 886x1920)
2026-09-22 10:16:57.535002+0800 Runner[8700:1155242] flutter:   frustum    = Frustum(l:-0.003325265403911843 r:0.003332492589860892 b:-0.007159088699267712 t:0.00726855842042038 n:0.01 f:100.0)
2026-09-22 10:16:57.535009+0800 Runner[8700:1155242] flutter:   uv         = UvTransform((0.0000, 1.0000, 0.0000, -0.6150, 0.0000, 0.8075, 0.0000, 0.0000, 1.0000))
2026-09-22 10:16:57.535017+0800 Runner[8700:1155242] flutter: [arloop] pose stage=none state=0 hasPos=false hasOri=false init=refuse sess=true rc=1
2026-09-22 10:16:57.535025+0800 Runner[8700:1155242] flutter: [arloop] CameraSlot(offered:1559 displaced:5 acquired:1554 released:1554 outstanding:0 occupied:false)
2026-09-22 10:16:57.535165+0800 Runner[8700:1155242] flutter: [arloop] step 分段 p50(ms) 纹理=0.0 内参=0.0 UV=0.0 投影=0.0 位姿=0.0 出图=0.0 | 合计=0.0 (帧间隔 16.7)
2026-09-22 10:16:57.564902+0800 Runner[8700:1155242] flutter: [arloop] 喂料 cam交付=1558 背压丢=59 进引擎=1497 run=1497 在途峰值=2 acc=5203 gyr=5203 imu丢=0 拒:非单调=0 参数=0 未运行=0 lockFail=0 run=true
2026-09-22 10:16:57.564948+0800 Runner[8700:1155242] flutter: [arloop] 时钟 camPTS=76148.488s imuTS=76148.545s delta=-27.0ms |delta|峰值=32.6ms
2026-09-22 10:16:57.564973+0800 Runner[8700:1155242] flutter: [arloop] 时基 c传入=0.00ms c施加=0.00ms 帧=1558 有曝光=1558 曝光ms[min/mean/max]=8.33/20.20/25.69 平均加=10.10ms 引擎收到−PTS=10.00ms residual[raw/offset]=0.0e+0/0.0e+0 trace读=1497
2026-09-22 10:16:57.565393+0800 Runner[8700:1155242] flutter: [arloop] exp=20.00ms iso=178 f/1.8 mode=2 evOff=-0.02 binned=false minFrameDur=33.33ms
2026-09-22 10:16:57.565404+0800 Runner[8700:1155242] flutter: [arloop] viewport = 1179x2556
2026-09-22 10:16:58.355522+0800 Runner[8700:1155242] flutter: [arloop] ArFrame frame=false K=true proj=true pose=false rot=90
2026-09-22 10:16:58.355570+0800 Runner[8700:1155242] flutter:   K(cropped) = K(fx:1330.8558349609375 fy:1330.8558349609375 cx:442.03021927954444 cy:966.7614135742188 886x1920)
2026-09-22 10:16:58.355580+0800 Runner[8700:1155242] flutter:   frustum    = Frustum(l:-0.0033251551945333987 r:0.0033322150233760822 b:-0.007158841411652566 t:0.007267965381108386 n:0.01 f:100.0)
2026-09-22 10:16:58.355587+0800 Runner[8700:1155242] flutter:   uv         = UvTransform((0.0000, 1.0000, 0.0000, -0.6150, 0.0000, 0.8075, 0.0000, 0.0000, 1.0000))
2026-09-22 10:16:58.355597+0800 Runner[8700:1155242] flutter: [arloop] pose stage=none state=0 hasPos=false hasOri=false init=refuse sess=true rc=1
2026-09-22 10:16:58.355605+0800 Runner[8700:1155242] flutter: [arloop] CameraSlot(offered:1583 displaced:5 acquired:1578 released:1578 outstanding:0 occupied:false)
2026-09-22 10:16:58.355753+0800 Runner[8700:1155242] flutter: [arloop] step 分段 p50(ms) 纹理=0.0 内参=0.0 UV=0.0 投影=0.0 位姿=0.0 出图=0.0 | 合计=0.0 (帧间隔 16.7)
2026-09-22 10:16:58.377753+0800 Runner[8700:1155242] flutter: [arloop] 喂料 cam交付=1583 背压丢=61 进引擎=1520 run=1520 在途峰值=2 acc=5287 gyr=5287 imu丢=0 拒:非单调=0 参数=0 未运行=0 lockFail=0 run=true
2026-09-22 10:16:58.377775+0800 Runner[8700:1155242] flutter: [arloop] 时钟 camPTS=76149.322s imuTS=76149.363s delta=-31.4ms |delta|峰值=32.6ms
2026-09-22 10:16:58.377795+0800 Runner[8700:1155242] flutter: [arloop] 时基 c传入=0.00ms c施加=0.00ms 帧=1583 有曝光=1583 曝光ms[min/mean/max]=8.33/20.20/25.69 平均加=10.10ms 引擎收到−PTS=10.00ms residual[raw/offset]=0.0e+0/0.0e+0 trace读=1520
2026-09-22 10:16:58.377968+0800 Runner[8700:1155242] flutter: [arloop] exp=20.00ms iso=178 f/1.8 mode=2 evOff=-0.02 binned=false minFrameDur=33.33ms
2026-09-22 10:16:58.377977+0800 Runner[8700:1155242] flutter: [arloop] viewport = 1179x2556
2026-09-22 10:16:59.175079+0800 Runner[8700:1155242] flutter: [arloop] ArFrame frame=true K=true proj=true pose=false rot=90
2026-09-22 10:16:59.175147+0800 Runner[8700:1155242] flutter:   K(cropped) = K(fx:1330.8707275390625 fy:1330.8707275390625 cx:442.0295478928257 cy:966.8202514648438 886x1920)
2026-09-22 10:16:59.175159+0800 Runner[8700:1155242] flutter:   frustum    = Frustum(l:-0.003325112940992513 r:0.003332182780270505 b:-0.007158319202773164 t:0.007268326152559786 n:0.01 f:100.0)
2026-09-22 10:16:59.175166+0800 Runner[8700:1155242] flutter:   uv         = UvTransform((0.0000, 1.0000, 0.0000, -0.6150, 0.0000, 0.8075, 0.0000, 0.0000, 1.0000))
2026-09-22 10:16:59.175182+0800 Runner[8700:1155242] flutter: [arloop] pose stage=none state=0 hasPos=false hasOri=false init=refuse sess=true rc=1
2026-09-22 10:16:59.175193+0800 Runner[8700:1155242] flutter: [arloop] CameraSlot(offered:1608 displaced:5 acquired:1603 released:1603 outstanding:0 occupied:false)
2026-09-22 10:16:59.175364+0800 Runner[8700:1155242] flutter: [arloop] step 分段 p50(ms) 纹理=0.0 内参=0.0 UV=0.0 投影=0.0 位姿=0.0 出图=0.0 | 合计=0.0 (帧间隔 16.7)
2026-09-22 10:16:59.209518+0800 Runner[8700:1155242] flutter: [arloop] 喂料 cam交付=1608 背压丢=63 进引擎=1543 run=1543 在途峰值=2 acc=5370 gyr=5370 imu丢=0 拒:非单调=0 参数=0 未运行=0 lockFail=0 run=true
2026-09-22 10:16:59.209545+0800 Runner[8700:1155242] flutter: [arloop] 时钟 camPTS=76150.155s imuTS=76150.191s delta=-25.9ms |delta|峰值=32.6ms
2026-09-22 10:16:59.209566+0800 Runner[8700:1155242] flutter: [arloop] 时基 c传入=0.00ms c施加=0.00ms 帧=1608 有曝光=1608 曝光ms[min/mean/max]=8.33/20.20/25.69 平均加=10.10ms 引擎收到−PTS=10.00ms residual[raw/offset]=0.0e+0/0.0e+0 trace读=1543
2026-09-22 10:16:59.209824+0800 Runner[8700:1155242] flutter: [arloop] exp=20.00ms iso=178 f/1.8 mode=2 evOff=-0.02 binned=false minFrameDur=33.33ms
2026-09-22 10:16:59.209841+0800 Runner[8700:1155242] flutter: [arloop] viewport = 1179x2556
2026-09-22 10:17:00.008006+0800 Runner[8700:1155242] flutter: [arloop] ArFrame frame=true K=true proj=true pose=false rot=90
2026-09-22 10:17:00.008033+0800 Runner[8700:1155242] flutter:   K(cropped) = K(fx:1330.8707275390625 fy:1330.8707275390625 cx:442.06659623266944 cy:966.7963256835938 886x1920)
2026-09-22 10:17:00.008052+0800 Runner[8700:1155242] flutter:   frustum    = Frustum(l:-0.0033253913176903922 r:0.0033319044035726255 b:-0.007158498978169488 t:0.007268146377163462 n:0.01 f:100.0)
2026-09-22 10:17:00.008060+0800 Runner[8700:1155242] flutter:   uv         = UvTransform((0.0000, 1.0000, 0.0000, -0.6150, 0.0000, 0.8075, 0.0000, 0.0000, 1.0000))
2026-09-22 10:17:00.008070+0800 Runner[8700:1155242] flutter: [arloop] pose stage=none state=0 hasPos=false hasOri=false init=refuse sess=true rc=1
2026-09-22 10:17:00.008080+0800 Runner[8700:1155242] flutter: [arloop] CameraSlot(offered:1633 displaced:5 acquired:1628 released:1628 outstanding:0 occupied:false)
2026-09-22 10:17:00.008257+0800 Runner[8700:1155242] flutter: [arloop] step 分段 p50(ms) 纹理=0.0 内参=0.0 UV=0.0 投影=0.0 位姿=0.0 出图=0.0 | 合计=0.0 (帧间隔 16.7)
2026-09-22 10:17:00.016560+0800 Runner[8700:1155242] flutter: [arloop] 喂料 cam交付=1632 背压丢=65 进引擎=1565 run=1565 在途峰值=2 acc=5451 gyr=5451 imu丢=0 拒:非单调=0 参数=0 未运行=0 lockFail=0 run=true
2026-09-22 10:17:00.016586+0800 Runner[8700:1155242] flutter: [arloop] 时钟 camPTS=76150.955s imuTS=76150.999s delta=-23.7ms |delta|峰值=32.6ms
2026-09-22 10:17:00.016609+0800 Runner[8700:1155242] flutter: [arloop] 时基 c传入=0.00ms c施加=0.00ms 帧=1632 有曝光=1632 曝光ms[min/mean/max]=8.33/20.20/25.69 平均加=10.10ms 引擎收到−PTS=10.00ms residual[raw/offset]=0.0e+0/0.0e+0 trace读=1565
2026-09-22 10:17:00.016820+0800 Runner[8700:1155242] flutter: [arloop] exp=20.00ms iso=178 f/1.8 mode=2 evOff=-0.03 binned=false minFrameDur=33.33ms
2026-09-22 10:17:00.016836+0800 Runner[8700:1155242] flutter: [arloop] viewport = 1179x2556
2026-09-22 10:17:00.809523+0800 Runner[8700:1155242] flutter: [arloop] ArFrame frame=true K=true proj=true pose=false rot=90
2026-09-22 10:17:00.809606+0800 Runner[8700:1155242] flutter:   K(cropped) = K(fx:1330.9659423828125 fy:1330.9659423828125 cx:442.0708076584507 cy:966.8409423828125 886x1920)
2026-09-22 10:17:00.809617+0800 Runner[8700:1155242] flutter:   frustum    = Frustum(l:-0.003325185067216081 r:0.0033316344034144355 b:-0.007157651651939744 t:0.007267961647846478 n:0.01 f:100.0)
2026-09-22 10:17:00.809626+0800 Runner[8700:1155242] flutter:   uv         = UvTransform((0.0000, 1.0000, 0.0000, -0.6150, 0.0000, 0.8075, 0.0000, 0.0000, 1.0000))
2026-09-22 10:17:00.809639+0800 Runner[8700:1155242] flutter: [arloop] pose stage=none state=0 hasPos=false hasOri=false init=refuse sess=true rc=1
2026-09-22 10:17:00.809647+0800 Runner[8700:1155242] flutter: [arloop] CameraSlot(offered:1657 displaced:5 acquired:1652 released:1652 outstanding:0 occupied:false)
2026-09-22 10:17:00.809855+0800 Runner[8700:1155242] flutter: [arloop] step 分段 p50(ms) 纹理=0.0 内参=0.0 UV=0.0 投影=0.0 位姿=0.0 出图=0.0 | 合计=0.0 (帧间隔 16.7)
2026-09-22 10:17:00.840004+0800 Runner[8700:1155242] flutter: [arloop] 喂料 cam交付=1657 背压丢=68 进引擎=1587 run=1587 在途峰值=2 acc=5534 gyr=5534 imu丢=0 拒:非单调=0 参数=0 未运行=0 lockFail=0 run=true
2026-09-22 10:17:00.840030+0800 Runner[8700:1155242] flutter: [arloop] 时钟 camPTS=76151.788s imuTS=76151.817s delta=-28.2ms |delta|峰值=32.6ms
2026-09-22 10:17:00.840053+0800 Runner[8700:1155242] flutter: [arloop] 时基 c传入=0.00ms c施加=0.00ms 帧=1657 有曝光=1657 曝光ms[min/mean/max]=8.33/20.19/25.69 平均加=10.10ms 引擎收到−PTS=10.00ms residual[raw/offset]=0.0e+0/0.0e+0 trace读=1587
2026-09-22 10:17:00.840233+0800 Runner[8700:1155242] flutter: [arloop] exp=20.00ms iso=178 f/1.8 mode=2 evOff=-0.02 binned=false minFrameDur=33.33ms
2026-09-22 10:17:00.840259+0800 Runner[8700:1155242] flutter: [arloop] viewport = 1179x2556
10:16:06  Acquired tunnel connection to device.
10:16:06  Enabling developer disk image services.
10:16:06  Acquired usage assertion.
Launched application with com.kyle.arloopbench bundle identifier.
Waiting for the application to terminate...
App terminated due to signal 15.
