I20260620 13:29:38.243007 0x16d577000 misc.cc:44] 
==============================================================================
Feature extraction
==============================================================================
I20260620 13:29:38.243541 0x16ddab000 sift.cc:715] Creating Covariant SIFT CPU feature extractor
I20260620 13:29:38.243560 0x16dec3000 sift.cc:715] Creating Covariant SIFT CPU feature extractor
I20260620 13:29:38.243570 0x16de37000 sift.cc:715] Creating Covariant SIFT CPU feature extractor
I20260620 13:29:38.243564 0x16dd1f000 sift.cc:715] Creating Covariant SIFT CPU feature extractor
I20260620 13:29:38.243572 0x16e067000 sift.cc:715] Creating Covariant SIFT CPU feature extractor
I20260620 13:29:38.243569 0x16dfdb000 sift.cc:715] Creating Covariant SIFT CPU feature extractor
I20260620 13:29:38.243607 0x16dc93000 sift.cc:715] Creating Covariant SIFT CPU feature extractor
I20260620 13:29:38.243624 0x16df4f000 sift.cc:715] Creating Covariant SIFT CPU feature extractor
I20260620 13:29:38.243624 0x16e0f3000 sift.cc:715] Creating Covariant SIFT CPU feature extractor
I20260620 13:29:38.243625 0x16e20b000 sift.cc:715] Creating Covariant SIFT CPU feature extractor
I20260620 13:29:38.243629 0x16e17f000 sift.cc:715] Creating Covariant SIFT CPU feature extractor
I20260620 13:29:38.243630 0x16e297000 sift.cc:715] Creating Covariant SIFT CPU feature extractor
I20260620 13:30:59.230056 0x16e323000 feature_extraction.cc:262] Processed file [1/300]
I20260620 13:30:59.231790 0x16e323000 feature_extraction.cc:265]   Name:            cell_100_slot_9.jpg
I20260620 13:30:59.232084 0x16e323000 feature_extraction.cc:274]   Dimensions:      4224 x 2376
I20260620 13:30:59.232090 0x16e323000 feature_extraction.cc:277]   Camera:          #11 - SIMPLE_RADIAL
I20260620 13:30:59.232554 0x16e323000 feature_extraction.cc:280]   Focal Length:    5068.80px
I20260620 13:30:59.232579 0x16e323000 feature_extraction.cc:284]   Features:        8685 (SIFT)
I20260620 13:31:00.790457 0x16e323000 feature_extraction.cc:262] Processed file [2/300]
I20260620 13:31:00.790548 0x16e323000 feature_extraction.cc:265]   Name:            cell_100_slot_10.jpg
I20260620 13:31:00.790563 0x16e323000 feature_extraction.cc:274]   Dimensions:      4224 x 2376
I20260620 13:31:00.790568 0x16e323000 feature_extraction.cc:277]   Camera:          #2 - SIMPLE_RADIAL
I20260620 13:31:00.790580 0x16e323000 feature_extraction.cc:280]   Focal Length:    5068.80px
I20260620 13:31:00.790594 0x16e323000 feature_extraction.cc:284]   Features:        10728 (SIFT)
I20260620 13:31:01.233304 0x16e323000 feature_extraction.cc:262] Processed file [3/300]
I20260620 13:31:01.233370 0x16e323000 feature_extraction.cc:265]   Name:            cell_100_slot_6.jpg
I20260620 13:31:01.233377 0x16e323000 feature_extraction.cc:274]   Dimensions:      4224 x 2376
I20260620 13:31:01.233382 0x16e323000 feature_extraction.cc:277]   Camera:          #8 - SIMPLE_RADIAL
I20260620 13:31:01.233387 0x16e323000 feature_extraction.cc:280]   Focal Length:    5068.80px
I20260620 13:31:01.233392 0x16e323000 feature_extraction.cc:284]   Features:        12180 (SIFT)
I20260620 13:31:01.593737 0x16e323000 feature_extraction.cc:262] Processed file [4/300]
I20260620 13:31:01.593808 0x16e323000 feature_extraction.cc:265]   Name:            cell_100_slot_5.jpg
I20260620 13:31:01.593822 0x16e323000 feature_extraction.cc:274]   Dimensions:      4224 x 2376
I20260620 13:31:01.593831 0x16e323000 feature_extraction.cc:277]   Camera:          #7 - SIMPLE_RADIAL
I20260620 13:31:01.593842 0x16e323000 feature_extraction.cc:280]   Focal Length:    5068.80px
I20260620 13:31:01.593873 0x16e323000 feature_extraction.cc:284]   Features:        12168 (SIFT)
I20260620 13:31:01.946760 0x16e323000 feature_extraction.cc:262] Processed file [5/300]
I20260620 13:31:01.946793 0x16e323000 feature_extraction.cc:265]   Name:            cell_101_slot_1.jpg
I20260620 13:31:01.946800 0x16e323000 feature_extraction.cc:274]   Dimensions:      4224 x 2376
I20260620 13:31:01.946804 0x16e323000 feature_extraction.cc:277]   Camera:          #12 - SIMPLE_RADIAL
I20260620 13:31:01.946864 0x16e323000 feature_extraction.cc:280]   Focal Length:    5068.80px
I20260620 13:31:01.946908 0x16e323000 feature_extraction.cc:284]   Features:        11819 (SIFT)
I20260620 13:31:02.058351 0x16e323000 feature_extraction.cc:262] Processed file [6/300]
I20260620 13:31:02.058376 0x16e323000 feature_extraction.cc:265]   Name:            cell_100_slot_7.jpg
I20260620 13:31:02.058380 0x16e323000 feature_extraction.cc:274]   Dimensions:      4224 x 2376
I20260620 13:31:02.058384 0x16e323000 feature_extraction.cc:277]   Camera:          #9 - SIMPLE_RADIAL
I20260620 13:31:02.058388 0x16e323000 feature_extraction.cc:280]   Focal Length:    5068.80px
I20260620 13:31:02.058393 0x16e323000 feature_extraction.cc:284]   Features:        12487 (SIFT)
I20260620 13:31:02.063081 0x16e323000 feature_extraction.cc:262] Processed file [7/300]
I20260620 13:31:02.063106 0x16e323000 feature_extraction.cc:265]   Name:            cell_100_slot_1.jpg
I20260620 13:31:02.063110 0x16e323000 feature_extraction.cc:274]   Dimensions:      4224 x 2376
I20260620 13:31:02.063113 0x16e323000 feature_extraction.cc:277]   Camera:          #1 - SIMPLE_RADIAL
I20260620 13:31:02.063116 0x16e323000 feature_extraction.cc:280]   Focal Length:    5068.80px
I20260620 13:31:02.063121 0x16e323000 feature_extraction.cc:284]   Features:        12312 (SIFT)
I20260620 13:31:02.267876 0x16e323000 feature_extraction.cc:262] Processed file [8/300]
I20260620 13:31:02.267905 0x16e323000 feature_extraction.cc:265]   Name:            cell_100_slot_2.jpg
I20260620 13:31:02.267911 0x16e323000 feature_extraction.cc:274]   Dimensions:      4224 x 2376
I20260620 13:31:02.267915 0x16e323000 feature_extraction.cc:277]   Camera:          #4 - SIMPLE_RADIAL
I20260620 13:31:02.267919 0x16e323000 feature_extraction.cc:280]   Focal Length:    5068.80px
I20260620 13:31:02.267924 0x16e323000 feature_extraction.cc:284]   Features:        12608 (SIFT)
I20260620 13:31:02.269443 0x16e323000 feature_extraction.cc:262] Processed file [9/300]
I20260620 13:31:02.269461 0x16e323000 feature_extraction.cc:265]   Name:            cell_100_slot_11.jpg
I20260620 13:31:02.269465 0x16e323000 feature_extraction.cc:274]   Dimensions:      4224 x 2376
I20260620 13:31:02.269469 0x16e323000 feature_extraction.cc:277]   Camera:          #3 - SIMPLE_RADIAL
I20260620 13:31:02.269472 0x16e323000 feature_extraction.cc:280]   Focal Length:    5068.80px
I20260620 13:31:02.269477 0x16e323000 feature_extraction.cc:284]   Features:        12494 (SIFT)
I20260620 13:31:02.598899 0x16e323000 feature_extraction.cc:262] Processed file [10/300]
I20260620 13:31:02.598992 0x16e323000 feature_extraction.cc:265]   Name:            cell_100_slot_3.jpg
I20260620 13:31:02.599005 0x16e323000 feature_extraction.cc:274]   Dimensions:      4224 x 2376
I20260620 13:31:02.599013 0x16e323000 feature_extraction.cc:277]   Camera:          #5 - SIMPLE_RADIAL
I20260620 13:31:02.599021 0x16e323000 feature_extraction.cc:280]   Focal Length:    5068.80px
I20260620 13:31:02.599031 0x16e323000 feature_extraction.cc:284]   Features:        13190 (SIFT)
I20260620 13:31:02.903112 0x16e323000 feature_extraction.cc:262] Processed file [11/300]
I20260620 13:31:02.903144 0x16e323000 feature_extraction.cc:265]   Name:            cell_100_slot_4.jpg
I20260620 13:31:02.903150 0x16e323000 feature_extraction.cc:274]   Dimensions:      4224 x 2376
I20260620 13:31:02.903153 0x16e323000 feature_extraction.cc:277]   Camera:          #6 - SIMPLE_RADIAL
I20260620 13:31:02.903157 0x16e323000 feature_extraction.cc:280]   Focal Length:    5068.80px
I20260620 13:31:02.903163 0x16e323000 feature_extraction.cc:284]   Features:        13033 (SIFT)
I20260620 13:31:02.904983 0x16e323000 feature_extraction.cc:262] Processed file [12/300]
I20260620 13:31:02.904999 0x16e323000 feature_extraction.cc:265]   Name:            cell_100_slot_8.jpg
I20260620 13:31:02.905002 0x16e323000 feature_extraction.cc:274]   Dimensions:      4224 x 2376
I20260620 13:31:02.905005 0x16e323000 feature_extraction.cc:277]   Camera:          #10 - SIMPLE_RADIAL
I20260620 13:31:02.905009 0x16e323000 feature_extraction.cc:280]   Focal Length:    5068.80px
I20260620 13:31:02.905020 0x16e323000 feature_extraction.cc:284]   Features:        13397 (SIFT)
I20260620 13:32:46.346793 0x16e323000 feature_extraction.cc:262] Processed file [13/300]
I20260620 13:32:46.349984 0x16e323000 feature_extraction.cc:265]   Name:            cell_101_slot_10.jpg
I20260620 13:32:46.350001 0x16e323000 feature_extraction.cc:274]   Dimensions:      3840 x 2160
I20260620 13:32:46.350006 0x16e323000 feature_extraction.cc:277]   Camera:          #13 - SIMPLE_RADIAL
I20260620 13:32:46.350405 0x16e323000 feature_extraction.cc:280]   Focal Length:    4608.00px
I20260620 13:32:46.350879 0x16e323000 feature_extraction.cc:284]   Features:        10043 (SIFT)
I20260620 13:32:47.418032 0x16e323000 feature_extraction.cc:262] Processed file [14/300]
I20260620 13:32:47.418077 0x16e323000 feature_extraction.cc:265]   Name:            cell_101_slot_2.jpg
I20260620 13:32:47.418084 0x16e323000 feature_extraction.cc:274]   Dimensions:      4224 x 2376
I20260620 13:32:47.418088 0x16e323000 feature_extraction.cc:277]   Camera:          #15 - SIMPLE_RADIAL
I20260620 13:32:47.418093 0x16e323000 feature_extraction.cc:280]   Focal Length:    5068.80px
I20260620 13:32:47.418099 0x16e323000 feature_extraction.cc:284]   Features:        9296 (SIFT)
I20260620 13:32:47.470388 0x16e323000 feature_extraction.cc:262] Processed file [15/300]
I20260620 13:32:47.470417 0x16e323000 feature_extraction.cc:265]   Name:            cell_103_slot_2.jpg
I20260620 13:32:47.470423 0x16e323000 feature_extraction.cc:274]   Dimensions:      4224 x 2376
I20260620 13:32:47.470432 0x16e323000 feature_extraction.cc:277]   Camera:          #21 - SIMPLE_RADIAL
I20260620 13:32:47.470440 0x16e323000 feature_extraction.cc:280]   Focal Length:    5068.80px
I20260620 13:32:47.470451 0x16e323000 feature_extraction.cc:284]   Features:        8719 (SIFT)
I20260620 13:32:47.936931 0x16e323000 feature_extraction.cc:262] Processed file [16/300]
I20260620 13:32:47.936968 0x16e323000 feature_extraction.cc:265]   Name:            cell_101_slot_4.jpg
I20260620 13:32:47.936979 0x16e323000 feature_extraction.cc:274]   Dimensions:      4224 x 2376
I20260620 13:32:47.936986 0x16e323000 feature_extraction.cc:277]   Camera:          #17 - SIMPLE_RADIAL
I20260620 13:32:47.936995 0x16e323000 feature_extraction.cc:280]   Focal Length:    5068.80px
I20260620 13:32:47.937397 0x16e323000 feature_extraction.cc:284]   Features:        9644 (SIFT)
I20260620 13:32:48.304400 0x16e323000 feature_extraction.cc:262] Processed file [17/300]
I20260620 13:32:48.304428 0x16e323000 feature_extraction.cc:265]   Name:            cell_101_slot_11.jpg
I20260620 13:32:48.304433 0x16e323000 feature_extraction.cc:274]   Dimensions:      4224 x 2376
I20260620 13:32:48.304438 0x16e323000 feature_extraction.cc:277]   Camera:          #14 - SIMPLE_RADIAL
I20260620 13:32:48.304442 0x16e323000 feature_extraction.cc:280]   Focal Length:    5068.80px
I20260620 13:32:48.304448 0x16e323000 feature_extraction.cc:284]   Features:        9824 (SIFT)
I20260620 13:32:48.423709 0x16e323000 feature_extraction.cc:262] Processed file [18/300]
I20260620 13:32:48.423739 0x16e323000 feature_extraction.cc:265]   Name:            cell_101_slot_5.jpg
I20260620 13:32:48.423744 0x16e323000 feature_extraction.cc:274]   Dimensions:      4224 x 2376
I20260620 13:32:48.423748 0x16e323000 feature_extraction.cc:277]   Camera:          #18 - SIMPLE_RADIAL
I20260620 13:32:48.423752 0x16e323000 feature_extraction.cc:280]   Focal Length:    5068.80px
I20260620 13:32:48.423758 0x16e323000 feature_extraction.cc:284]   Features:        11413 (SIFT)
I20260620 13:32:48.796775 0x16e323000 feature_extraction.cc:262] Processed file [19/300]
I20260620 13:32:48.796865 0x16e323000 feature_extraction.cc:265]   Name:            cell_103_slot_3.jpg
I20260620 13:32:48.796883 0x16e323000 feature_extraction.cc:274]   Dimensions:      4224 x 2376
I20260620 13:32:48.796894 0x16e323000 feature_extraction.cc:277]   Camera:          #22 - SIMPLE_RADIAL
I20260620 13:32:48.796915 0x16e323000 feature_extraction.cc:280]   Focal Length:    5068.80px
I20260620 13:32:48.796971 0x16e323000 feature_extraction.cc:284]   Features:        11485 (SIFT)
I20260620 13:32:48.906398 0x16e323000 feature_extraction.cc:262] Processed file [20/300]
I20260620 13:32:48.906429 0x16e323000 feature_extraction.cc:265]   Name:            cell_101_slot_6.jpg
I20260620 13:32:48.906434 0x16e323000 feature_extraction.cc:274]   Dimensions:      4224 x 2376
I20260620 13:32:48.906438 0x16e323000 feature_extraction.cc:277]   Camera:          #19 - SIMPLE_RADIAL
I20260620 13:32:48.906442 0x16e323000 feature_extraction.cc:280]   Focal Length:    5068.80px
I20260620 13:32:48.906447 0x16e323000 feature_extraction.cc:284]   Features:        12698 (SIFT)
I20260620 13:33:42.691654 0x16e323000 feature_extraction.cc:262] Processed file [21/300]
I20260620 13:33:42.710308 0x16e323000 feature_extraction.cc:265]   Name:            cell_101_slot_3.jpg
I20260620 13:33:42.710331 0x16e323000 feature_extraction.cc:274]   Dimensions:      4224 x 2376
I20260620 13:33:42.710336 0x16e323000 feature_extraction.cc:277]   Camera:          #16 - SIMPLE_RADIAL
I20260620 13:33:42.716852 0x16e323000 feature_extraction.cc:280]   Focal Length:    5068.80px
I20260620 13:33:42.725628 0x16e323000 feature_extraction.cc:284]   Features:        10497 (SIFT)
I20260620 13:33:50.887714 0x16e323000 feature_extraction.cc:262] Processed file [22/300]
I20260620 13:33:50.888321 0x16e323000 feature_extraction.cc:265]   Name:            cell_102_slot_3.jpg
I20260620 13:33:50.888341 0x16e323000 feature_extraction.cc:274]   Dimensions:      4224 x 2376
I20260620 13:33:50.888347 0x16e323000 feature_extraction.cc:277]   Camera:          #20 - SIMPLE_RADIAL
I20260620 13:33:50.888420 0x16e323000 feature_extraction.cc:280]   Focal Length:    5068.80px
I20260620 13:33:50.888486 0x16e323000 feature_extraction.cc:284]   Features:        12588 (SIFT)
I20260620 13:33:54.221215 0x16e323000 feature_extraction.cc:262] Processed file [23/300]
I20260620 13:33:54.221278 0x16e323000 feature_extraction.cc:265]   Name:            cell_105_slot_0.jpg
I20260620 13:33:54.221285 0x16e323000 feature_extraction.cc:274]   Dimensions:      4224 x 2376
I20260620 13:33:54.221290 0x16e323000 feature_extraction.cc:277]   Camera:          #23 - SIMPLE_RADIAL
I20260620 13:33:54.221298 0x16e323000 feature_extraction.cc:280]   Focal Length:    5068.80px
I20260620 13:33:54.221309 0x16e323000 feature_extraction.cc:284]   Features:        8221 (SIFT)
I20260620 13:34:21.144813 0x16e323000 feature_extraction.cc:262] Processed file [24/300]
I20260620 13:34:21.145582 0x16e323000 feature_extraction.cc:265]   Name:            cell_107_slot_2.jpg
I20260620 13:34:21.145598 0x16e323000 feature_extraction.cc:274]   Dimensions:      4224 x 2376
I20260620 13:34:21.145603 0x16e323000 feature_extraction.cc:277]   Camera:          #32 - SIMPLE_RADIAL
I20260620 13:34:21.148264 0x16e323000 feature_extraction.cc:280]   Focal Length:    5068.80px
I20260620 13:34:21.150515 0x16e323000 feature_extraction.cc:284]   Features:        8627 (SIFT)
I20260620 13:34:22.966550 0x16e323000 feature_extraction.cc:262] Processed file [25/300]
I20260620 13:34:22.966593 0x16e323000 feature_extraction.cc:265]   Name:            cell_105_slot_5.jpg
I20260620 13:34:22.966598 0x16e323000 feature_extraction.cc:274]   Dimensions:      4224 x 2376
I20260620 13:34:22.966603 0x16e323000 feature_extraction.cc:277]   Camera:          #24 - SIMPLE_RADIAL
I20260620 13:34:22.966608 0x16e323000 feature_extraction.cc:280]   Focal Length:    5068.80px
I20260620 13:34:22.966617 0x16e323000 feature_extraction.cc:284]   Features:        8494 (SIFT)
I20260620 13:34:46.426059 0x16e323000 feature_extraction.cc:262] Processed file [26/300]
I20260620 13:34:46.429419 0x16e323000 feature_extraction.cc:265]   Name:            cell_107_slot_0.jpg
I20260620 13:34:46.429459 0x16e323000 feature_extraction.cc:274]   Dimensions:      4224 x 2376
I20260620 13:34:46.429472 0x16e323000 feature_extraction.cc:277]   Camera:          #30 - SIMPLE_RADIAL
I20260620 13:34:46.430055 0x16e323000 feature_extraction.cc:280]   Focal Length:    5068.80px
I20260620 13:34:46.430444 0x16e323000 feature_extraction.cc:284]   Features:        10971 (SIFT)
I20260620 13:34:47.152537 0x16e323000 feature_extraction.cc:262] Processed file [27/300]
I20260620 13:34:47.152592 0x16e323000 feature_extraction.cc:265]   Name:            cell_107_slot_1.jpg
I20260620 13:34:47.152597 0x16e323000 feature_extraction.cc:274]   Dimensions:      4224 x 2376
I20260620 13:34:47.152659 0x16e323000 feature_extraction.cc:277]   Camera:          #31 - SIMPLE_RADIAL
I20260620 13:34:47.152670 0x16e323000 feature_extraction.cc:280]   Focal Length:    5068.80px
I20260620 13:34:47.152680 0x16e323000 feature_extraction.cc:284]   Features:        8316 (SIFT)
I20260620 13:35:24.116461 0x16e323000 feature_extraction.cc:262] Processed file [28/300]
I20260620 13:35:24.128175 0x16e323000 feature_extraction.cc:265]   Name:            cell_105_slot_6.jpg
I20260620 13:35:24.128196 0x16e323000 feature_extraction.cc:274]   Dimensions:      4224 x 2376
I20260620 13:35:24.128201 0x16e323000 feature_extraction.cc:277]   Camera:          #25 - SIMPLE_RADIAL
I20260620 13:35:24.130306 0x16e323000 feature_extraction.cc:280]   Focal Length:    5068.80px
I20260620 13:35:24.135639 0x16e323000 feature_extraction.cc:284]   Features:        8437 (SIFT)
I20260620 13:35:26.138231 0x16e323000 feature_extraction.cc:262] Processed file [29/300]
I20260620 13:35:26.138316 0x16e323000 feature_extraction.cc:265]   Name:            cell_106_slot_0.jpg
I20260620 13:35:26.138359 0x16e323000 feature_extraction.cc:274]   Dimensions:      4224 x 2376
I20260620 13:35:26.138388 0x16e323000 feature_extraction.cc:277]   Camera:          #28 - SIMPLE_RADIAL
I20260620 13:35:26.138409 0x16e323000 feature_extraction.cc:280]   Focal Length:    5068.80px
I20260620 13:35:26.138421 0x16e323000 feature_extraction.cc:284]   Features:        9134 (SIFT)
I20260620 13:35:27.094074 0x16e323000 feature_extraction.cc:262] Processed file [30/300]
I20260620 13:35:27.094138 0x16e323000 feature_extraction.cc:265]   Name:            cell_105_slot_9.jpg
I20260620 13:35:27.094147 0x16e323000 feature_extraction.cc:274]   Dimensions:      4224 x 2376
I20260620 13:35:27.094164 0x16e323000 feature_extraction.cc:277]   Camera:          #27 - SIMPLE_RADIAL
I20260620 13:35:27.094180 0x16e323000 feature_extraction.cc:280]   Focal Length:    5068.80px
I20260620 13:35:27.094199 0x16e323000 feature_extraction.cc:284]   Features:        9040 (SIFT)
I20260620 13:35:27.381928 0x16e323000 feature_extraction.cc:262] Processed file [31/300]
I20260620 13:35:27.381982 0x16e323000 feature_extraction.cc:265]   Name:            cell_105_slot_8.jpg
I20260620 13:35:27.382000 0x16e323000 feature_extraction.cc:274]   Dimensions:      4224 x 2376
I20260620 13:35:27.382007 0x16e323000 feature_extraction.cc:277]   Camera:          #26 - SIMPLE_RADIAL
I20260620 13:35:27.382011 0x16e323000 feature_extraction.cc:280]   Focal Length:    5068.80px
I20260620 13:35:27.382017 0x16e323000 feature_extraction.cc:284]   Features:        12599 (SIFT)
I20260620 13:35:30.137238 0x16e323000 feature_extraction.cc:262] Processed file [32/300]
I20260620 13:35:30.137558 0x16e323000 feature_extraction.cc:265]   Name:            cell_106_slot_1.jpg
I20260620 13:35:30.137571 0x16e323000 feature_extraction.cc:274]   Dimensions:      4224 x 2376
I20260620 13:35:30.137622 0x16e323000 feature_extraction.cc:277]   Camera:          #29 - SIMPLE_RADIAL
I20260620 13:35:30.137640 0x16e323000 feature_extraction.cc:280]   Focal Length:    5068.80px
I20260620 13:35:30.137664 0x16e323000 feature_extraction.cc:284]   Features:        8688 (SIFT)
I20260620 13:36:15.308634 0x16e323000 feature_extraction.cc:262] Processed file [33/300]
I20260620 13:36:15.310494 0x16e323000 feature_extraction.cc:265]   Name:            cell_107_slot_4.jpg
I20260620 13:36:15.310523 0x16e323000 feature_extraction.cc:274]   Dimensions:      3840 x 2160
I20260620 13:36:15.310530 0x16e323000 feature_extraction.cc:277]   Camera:          #34 - SIMPLE_RADIAL
I20260620 13:36:15.313387 0x16e323000 feature_extraction.cc:280]   Focal Length:    4608.00px
I20260620 13:36:15.313585 0x16e323000 feature_extraction.cc:284]   Features:        10244 (SIFT)
I20260620 13:36:17.394525 0x16e323000 feature_extraction.cc:262] Processed file [34/300]
I20260620 13:36:17.394616 0x16e323000 feature_extraction.cc:265]   Name:            cell_107_slot_5.jpg
I20260620 13:36:17.394622 0x16e323000 feature_extraction.cc:274]   Dimensions:      4224 x 2376
I20260620 13:36:17.394626 0x16e323000 feature_extraction.cc:277]   Camera:          #35 - SIMPLE_RADIAL
I20260620 13:36:17.394630 0x16e323000 feature_extraction.cc:280]   Focal Length:    5068.80px
I20260620 13:36:17.394636 0x16e323000 feature_extraction.cc:284]   Features:        8593 (SIFT)
I20260620 13:36:39.256266 0x16e323000 feature_extraction.cc:262] Processed file [35/300]
I20260620 13:36:39.268041 0x16e323000 feature_extraction.cc:265]   Name:            cell_114_slot_4.jpg
I20260620 13:36:39.268060 0x16e323000 feature_extraction.cc:274]   Dimensions:      4224 x 2376
I20260620 13:36:39.268066 0x16e323000 feature_extraction.cc:277]   Camera:          #45 - SIMPLE_RADIAL
I20260620 13:36:39.268082 0x16e323000 feature_extraction.cc:280]   Focal Length:    5068.80px
I20260620 13:36:39.276934 0x16e323000 feature_extraction.cc:284]   Features:        9372 (SIFT)
I20260620 13:37:23.513622 0x16e323000 feature_extraction.cc:262] Processed file [36/300]
I20260620 13:37:23.516655 0x16e323000 feature_extraction.cc:265]   Name:            cell_107_slot_3.jpg
I20260620 13:37:23.516684 0x16e323000 feature_extraction.cc:274]   Dimensions:      4224 x 2376
I20260620 13:37:23.516692 0x16e323000 feature_extraction.cc:277]   Camera:          #33 - SIMPLE_RADIAL
I20260620 13:37:23.517778 0x16e323000 feature_extraction.cc:280]   Focal Length:    5068.80px
I20260620 13:37:23.520423 0x16e323000 feature_extraction.cc:284]   Features:        9809 (SIFT)
I20260620 13:37:30.076852 0x16e323000 feature_extraction.cc:262] Processed file [37/300]
I20260620 13:37:30.078835 0x16e323000 feature_extraction.cc:265]   Name:            cell_108_slot_1.jpg
I20260620 13:37:30.078867 0x16e323000 feature_extraction.cc:274]   Dimensions:      4224 x 2376
I20260620 13:37:30.078875 0x16e323000 feature_extraction.cc:277]   Camera:          #39 - SIMPLE_RADIAL
I20260620 13:37:30.078903 0x16e323000 feature_extraction.cc:280]   Focal Length:    5068.80px
I20260620 13:37:30.078924 0x16e323000 feature_extraction.cc:284]   Features:        10753 (SIFT)
I20260620 13:37:50.596087 0x16e323000 feature_extraction.cc:262] Processed file [38/300]
I20260620 13:37:50.596519 0x16e323000 feature_extraction.cc:265]   Name:            cell_108_slot_3.jpg
I20260620 13:37:50.596533 0x16e323000 feature_extraction.cc:274]   Dimensions:      4224 x 2376
I20260620 13:37:50.596538 0x16e323000 feature_extraction.cc:277]   Camera:          #41 - SIMPLE_RADIAL
I20260620 13:37:50.596866 0x16e323000 feature_extraction.cc:280]   Focal Length:    5068.80px
I20260620 13:37:50.596899 0x16e323000 feature_extraction.cc:284]   Features:        10050 (SIFT)
I20260620 13:37:51.871198 0x16e323000 feature_extraction.cc:262] Processed file [39/300]
I20260620 13:37:51.871224 0x16e323000 feature_extraction.cc:265]   Name:            cell_108_slot_4.jpg
I20260620 13:37:51.871230 0x16e323000 feature_extraction.cc:274]   Dimensions:      4224 x 2376
I20260620 13:37:51.871234 0x16e323000 feature_extraction.cc:277]   Camera:          #42 - SIMPLE_RADIAL
I20260620 13:37:51.871238 0x16e323000 feature_extraction.cc:280]   Focal Length:    5068.80px
I20260620 13:37:51.871243 0x16e323000 feature_extraction.cc:284]   Features:        10710 (SIFT)
I20260620 13:37:54.009428 0x16e323000 feature_extraction.cc:262] Processed file [40/300]
I20260620 13:37:54.009492 0x16e323000 feature_extraction.cc:265]   Name:            cell_107_slot_6.jpg
I20260620 13:37:54.009498 0x16e323000 feature_extraction.cc:274]   Dimensions:      4224 x 2376
I20260620 13:37:54.009502 0x16e323000 feature_extraction.cc:277]   Camera:          #36 - SIMPLE_RADIAL
I20260620 13:37:54.009510 0x16e323000 feature_extraction.cc:280]   Focal Length:    5068.80px
I20260620 13:37:54.011469 0x16e323000 feature_extraction.cc:284]   Features:        8358 (SIFT)
I20260620 13:38:08.858669 0x16e323000 feature_extraction.cc:262] Processed file [41/300]
I20260620 13:38:08.860848 0x16e323000 feature_extraction.cc:265]   Name:            cell_107_slot_7.jpg
I20260620 13:38:08.860920 0x16e323000 feature_extraction.cc:274]   Dimensions:      4224 x 2376
I20260620 13:38:08.860936 0x16e323000 feature_extraction.cc:277]   Camera:          #37 - SIMPLE_RADIAL
I20260620 13:38:08.860952 0x16e323000 feature_extraction.cc:280]   Focal Length:    5068.80px
I20260620 13:38:08.860971 0x16e323000 feature_extraction.cc:284]   Features:        9215 (SIFT)
I20260620 13:38:35.366079 0x16e323000 feature_extraction.cc:262] Processed file [42/300]
I20260620 13:38:35.366740 0x16e323000 feature_extraction.cc:265]   Name:            cell_114_slot_2.jpg
I20260620 13:38:35.366873 0x16e323000 feature_extraction.cc:274]   Dimensions:      4224 x 2376
I20260620 13:38:35.366897 0x16e323000 feature_extraction.cc:277]   Camera:          #43 - SIMPLE_RADIAL
I20260620 13:38:35.366958 0x16e323000 feature_extraction.cc:280]   Focal Length:    5068.80px
I20260620 13:38:35.367003 0x16e323000 feature_extraction.cc:284]   Features:        8674 (SIFT)
I20260620 13:39:03.560729 0x16e323000 feature_extraction.cc:262] Processed file [43/300]
I20260620 13:39:03.561241 0x16e323000 feature_extraction.cc:265]   Name:            cell_114_slot_6.jpg
I20260620 13:39:03.561255 0x16e323000 feature_extraction.cc:274]   Dimensions:      4224 x 2376
I20260620 13:39:03.561260 0x16e323000 feature_extraction.cc:277]   Camera:          #47 - SIMPLE_RADIAL
I20260620 13:39:03.565185 0x16e323000 feature_extraction.cc:280]   Focal Length:    5068.80px
I20260620 13:39:03.571730 0x16e323000 feature_extraction.cc:284]   Features:        11523 (SIFT)
I20260620 13:39:39.678090 0x16e323000 feature_extraction.cc:262] Processed file [44/300]
I20260620 13:39:39.680884 0x16e323000 feature_extraction.cc:265]   Name:            cell_108_slot_0.jpg
I20260620 13:39:39.680907 0x16e323000 feature_extraction.cc:274]   Dimensions:      4224 x 2376
I20260620 13:39:39.680913 0x16e323000 feature_extraction.cc:277]   Camera:          #38 - SIMPLE_RADIAL
I20260620 13:39:39.681762 0x16e323000 feature_extraction.cc:280]   Focal Length:    5068.80px
I20260620 13:39:39.685854 0x16e323000 feature_extraction.cc:284]   Features:        9628 (SIFT)
I20260620 13:39:40.288304 0x16e323000 feature_extraction.cc:262] Processed file [45/300]
I20260620 13:39:40.288341 0x16e323000 feature_extraction.cc:265]   Name:            cell_108_slot_2.jpg
I20260620 13:39:40.288346 0x16e323000 feature_extraction.cc:274]   Dimensions:      4224 x 2376
I20260620 13:39:40.288350 0x16e323000 feature_extraction.cc:277]   Camera:          #40 - SIMPLE_RADIAL
I20260620 13:39:40.288355 0x16e323000 feature_extraction.cc:280]   Focal Length:    5068.80px
I20260620 13:39:40.288361 0x16e323000 feature_extraction.cc:284]   Features:        9857 (SIFT)
I20260620 13:39:41.301910 0x16e323000 feature_extraction.cc:262] Processed file [46/300]
I20260620 13:39:41.301959 0x16e323000 feature_extraction.cc:265]   Name:            cell_114_slot_3.jpg
I20260620 13:39:41.301965 0x16e323000 feature_extraction.cc:274]   Dimensions:      4224 x 2376
I20260620 13:39:41.301969 0x16e323000 feature_extraction.cc:277]   Camera:          #44 - SIMPLE_RADIAL
I20260620 13:39:41.301985 0x16e323000 feature_extraction.cc:280]   Focal Length:    5068.80px
I20260620 13:39:41.301991 0x16e323000 feature_extraction.cc:284]   Features:        11631 (SIFT)
I20260620 13:40:14.355300 0x16e323000 feature_extraction.cc:262] Processed file [47/300]
I20260620 13:40:14.361232 0x16e323000 feature_extraction.cc:265]   Name:            cell_114_slot_7.jpg
I20260620 13:40:14.361255 0x16e323000 feature_extraction.cc:274]   Dimensions:      4224 x 2376
I20260620 13:40:14.361261 0x16e323000 feature_extraction.cc:277]   Camera:          #48 - SIMPLE_RADIAL
I20260620 13:40:14.361895 0x16e323000 feature_extraction.cc:280]   Focal Length:    5068.80px
I20260620 13:40:14.362246 0x16e323000 feature_extraction.cc:284]   Features:        11144 (SIFT)
I20260620 13:40:35.742363 0x16e323000 feature_extraction.cc:262] Processed file [48/300]
I20260620 13:40:35.745840 0x16e323000 feature_extraction.cc:265]   Name:            cell_114_slot_5.jpg
I20260620 13:40:35.745852 0x16e323000 feature_extraction.cc:274]   Dimensions:      4224 x 2376
I20260620 13:40:35.745857 0x16e323000 feature_extraction.cc:277]   Camera:          #46 - SIMPLE_RADIAL
I20260620 13:40:35.746810 0x16e323000 feature_extraction.cc:280]   Focal Length:    5068.80px
I20260620 13:40:35.748188 0x16e323000 feature_extraction.cc:284]   Features:        11413 (SIFT)
I20260620 13:40:39.549045 0x16e323000 feature_extraction.cc:262] Processed file [49/300]
I20260620 13:40:39.549156 0x16e323000 feature_extraction.cc:265]   Name:            cell_33_slot_0.jpg
I20260620 13:40:39.549204 0x16e323000 feature_extraction.cc:274]   Dimensions:      4224 x 2376
I20260620 13:40:39.549214 0x16e323000 feature_extraction.cc:277]   Camera:          #49 - SIMPLE_RADIAL
I20260620 13:40:39.549223 0x16e323000 feature_extraction.cc:280]   Focal Length:    5068.80px
I20260620 13:40:39.549235 0x16e323000 feature_extraction.cc:284]   Features:        8628 (SIFT)
I20260620 13:40:49.967936 0x16e323000 feature_extraction.cc:262] Processed file [50/300]
I20260620 13:40:49.970003 0x16e323000 feature_extraction.cc:265]   Name:            cell_33_slot_1.jpg
I20260620 13:40:49.970029 0x16e323000 feature_extraction.cc:274]   Dimensions:      4224 x 2376
I20260620 13:40:49.970034 0x16e323000 feature_extraction.cc:277]   Camera:          #50 - SIMPLE_RADIAL
I20260620 13:40:49.970050 0x16e323000 feature_extraction.cc:280]   Focal Length:    5068.80px
I20260620 13:40:49.970075 0x16e323000 feature_extraction.cc:284]   Features:        9346 (SIFT)
I20260620 13:40:50.689707 0x16e323000 feature_extraction.cc:262] Processed file [51/300]
I20260620 13:40:50.689737 0x16e323000 feature_extraction.cc:265]   Name:            cell_33_slot_3.jpg
I20260620 13:40:50.689742 0x16e323000 feature_extraction.cc:274]   Dimensions:      4224 x 2376
I20260620 13:40:50.689746 0x16e323000 feature_extraction.cc:277]   Camera:          #52 - SIMPLE_RADIAL
I20260620 13:40:50.689751 0x16e323000 feature_extraction.cc:280]   Focal Length:    5068.80px
I20260620 13:40:50.689757 0x16e323000 feature_extraction.cc:284]   Features:        8876 (SIFT)
I20260620 13:41:24.963000 0x16e323000 feature_extraction.cc:262] Processed file [52/300]
I20260620 13:41:24.963874 0x16e323000 feature_extraction.cc:265]   Name:            cell_33_slot_5.jpg
I20260620 13:41:24.963893 0x16e323000 feature_extraction.cc:274]   Dimensions:      4224 x 2376
I20260620 13:41:24.963901 0x16e323000 feature_extraction.cc:277]   Camera:          #54 - SIMPLE_RADIAL
I20260620 13:41:24.964225 0x16e323000 feature_extraction.cc:280]   Focal Length:    5068.80px
I20260620 13:41:24.964579 0x16e323000 feature_extraction.cc:284]   Features:        8999 (SIFT)
I20260620 13:42:22.751867 0x16e323000 feature_extraction.cc:262] Processed file [53/300]
I20260620 13:42:22.756932 0x16e323000 feature_extraction.cc:265]   Name:            cell_33_slot_2.jpg
I20260620 13:42:22.756954 0x16e323000 feature_extraction.cc:274]   Dimensions:      4224 x 2376
I20260620 13:42:22.756962 0x16e323000 feature_extraction.cc:277]   Camera:          #51 - SIMPLE_RADIAL
I20260620 13:42:22.757733 0x16e323000 feature_extraction.cc:280]   Focal Length:    5068.80px
I20260620 13:42:22.757756 0x16e323000 feature_extraction.cc:284]   Features:        9607 (SIFT)
I20260620 13:42:41.485944 0x16e323000 feature_extraction.cc:262] Processed file [54/300]
I20260620 13:42:41.490576 0x16e323000 feature_extraction.cc:265]   Name:            cell_41_slot_0.jpg
I20260620 13:42:41.490590 0x16e323000 feature_extraction.cc:274]   Dimensions:      4224 x 2376
I20260620 13:42:41.490596 0x16e323000 feature_extraction.cc:277]   Camera:          #57 - SIMPLE_RADIAL
I20260620 13:42:41.490725 0x16e323000 feature_extraction.cc:280]   Focal Length:    5068.80px
I20260620 13:42:41.490840 0x16e323000 feature_extraction.cc:284]   Features:        8321 (SIFT)
I20260620 13:42:54.023489 0x16e323000 feature_extraction.cc:262] Processed file [55/300]
I20260620 13:42:54.023744 0x16e323000 feature_extraction.cc:265]   Name:            cell_41_slot_1.jpg
I20260620 13:42:54.023755 0x16e323000 feature_extraction.cc:274]   Dimensions:      4224 x 2376
I20260620 13:42:54.023759 0x16e323000 feature_extraction.cc:277]   Camera:          #58 - SIMPLE_RADIAL
I20260620 13:42:54.023771 0x16e323000 feature_extraction.cc:280]   Focal Length:    5068.80px
I20260620 13:42:54.023788 0x16e323000 feature_extraction.cc:284]   Features:        9089 (SIFT)
I20260620 13:42:58.993818 0x16e323000 feature_extraction.cc:262] Processed file [56/300]
I20260620 13:42:58.994063 0x16e323000 feature_extraction.cc:265]   Name:            cell_33_slot_4.jpg
I20260620 13:42:58.994072 0x16e323000 feature_extraction.cc:274]   Dimensions:      4224 x 2376
I20260620 13:42:58.994077 0x16e323000 feature_extraction.cc:277]   Camera:          #53 - SIMPLE_RADIAL
I20260620 13:42:58.994161 0x16e323000 feature_extraction.cc:280]   Focal Length:    5068.80px
I20260620 13:42:58.994198 0x16e323000 feature_extraction.cc:284]   Features:        8861 (SIFT)
I20260620 13:43:07.923305 0x16e323000 feature_extraction.cc:262] Processed file [57/300]
I20260620 13:43:07.925621 0x16e323000 feature_extraction.cc:265]   Name:            cell_43_slot_0.jpg
I20260620 13:43:07.925656 0x16e323000 feature_extraction.cc:274]   Dimensions:      4224 x 2376
I20260620 13:43:07.925661 0x16e323000 feature_extraction.cc:277]   Camera:          #62 - SIMPLE_RADIAL
I20260620 13:43:07.925675 0x16e323000 feature_extraction.cc:280]   Focal Length:    5068.80px
I20260620 13:43:07.925691 0x16e323000 feature_extraction.cc:284]   Features:        13703 (SIFT)
I20260620 13:43:09.533714 0x16e323000 feature_extraction.cc:262] Processed file [58/300]
I20260620 13:43:09.533760 0x16e323000 feature_extraction.cc:265]   Name:            cell_41_slot_2.jpg
I20260620 13:43:09.533765 0x16e323000 feature_extraction.cc:274]   Dimensions:      4224 x 2376
I20260620 13:43:09.533770 0x16e323000 feature_extraction.cc:277]   Camera:          #59 - SIMPLE_RADIAL
I20260620 13:43:09.533776 0x16e323000 feature_extraction.cc:280]   Focal Length:    5068.80px
I20260620 13:43:09.533782 0x16e323000 feature_extraction.cc:284]   Features:        10586 (SIFT)
I20260620 13:43:13.666219 0x16e323000 feature_extraction.cc:262] Processed file [59/300]
I20260620 13:43:13.666406 0x16e323000 feature_extraction.cc:265]   Name:            cell_43_slot_1.jpg
I20260620 13:43:13.666420 0x16e323000 feature_extraction.cc:274]   Dimensions:      4224 x 2376
I20260620 13:43:13.666425 0x16e323000 feature_extraction.cc:277]   Camera:          #63 - SIMPLE_RADIAL
I20260620 13:43:13.666443 0x16e323000 feature_extraction.cc:280]   Focal Length:    5068.80px
I20260620 13:43:13.666459 0x16e323000 feature_extraction.cc:284]   Features:        12941 (SIFT)
I20260620 13:43:32.163565 0x16e323000 feature_extraction.cc:262] Processed file [60/300]
I20260620 13:43:32.165275 0x16e323000 feature_extraction.cc:265]   Name:            cell_41_slot_3.jpg
I20260620 13:43:32.165289 0x16e323000 feature_extraction.cc:274]   Dimensions:      4224 x 2376
I20260620 13:43:32.165294 0x16e323000 feature_extraction.cc:277]   Camera:          #60 - SIMPLE_RADIAL
I20260620 13:43:32.165767 0x16e323000 feature_extraction.cc:280]   Focal Length:    5068.80px
I20260620 13:43:32.165788 0x16e323000 feature_extraction.cc:284]   Features:        9114 (SIFT)
I20260620 13:43:48.412284 0x16e323000 feature_extraction.cc:262] Processed file [61/300]
I20260620 13:43:48.414327 0x16e323000 feature_extraction.cc:265]   Name:            cell_33_slot_7.jpg
I20260620 13:43:48.414340 0x16e323000 feature_extraction.cc:274]   Dimensions:      4224 x 2376
I20260620 13:43:48.414345 0x16e323000 feature_extraction.cc:277]   Camera:          #56 - SIMPLE_RADIAL
I20260620 13:43:48.414356 0x16e323000 feature_extraction.cc:280]   Focal Length:    5068.80px
I20260620 13:43:48.414373 0x16e323000 feature_extraction.cc:284]   Features:        9111 (SIFT)
I20260620 13:43:52.584120 0x16e323000 feature_extraction.cc:262] Processed file [62/300]
I20260620 13:43:52.584168 0x16e323000 feature_extraction.cc:265]   Name:            cell_33_slot_6.jpg
I20260620 13:43:52.584175 0x16e323000 feature_extraction.cc:274]   Dimensions:      4224 x 2376
I20260620 13:43:52.584180 0x16e323000 feature_extraction.cc:277]   Camera:          #55 - SIMPLE_RADIAL
I20260620 13:43:52.584187 0x16e323000 feature_extraction.cc:280]   Focal Length:    5068.80px
I20260620 13:43:52.584194 0x16e323000 feature_extraction.cc:284]   Features:        9130 (SIFT)
I20260620 13:44:14.863401 0x16e323000 feature_extraction.cc:262] Processed file [63/300]
I20260620 13:44:14.864428 0x16e323000 feature_extraction.cc:265]   Name:            cell_43_slot_2.jpg
I20260620 13:44:14.864439 0x16e323000 feature_extraction.cc:274]   Dimensions:      4224 x 2376
I20260620 13:44:14.864444 0x16e323000 feature_extraction.cc:277]   Camera:          #64 - SIMPLE_RADIAL
I20260620 13:44:14.864457 0x16e323000 feature_extraction.cc:280]   Focal Length:    5068.80px
I20260620 13:44:14.864476 0x16e323000 feature_extraction.cc:284]   Features:        12836 (SIFT)
I20260620 13:44:31.520336 0x16e323000 feature_extraction.cc:262] Processed file [64/300]
I20260620 13:44:31.521771 0x16e323000 feature_extraction.cc:265]   Name:            cell_41_slot_4.jpg
I20260620 13:44:31.521789 0x16e323000 feature_extraction.cc:274]   Dimensions:      4224 x 2376
I20260620 13:44:31.521794 0x16e323000 feature_extraction.cc:277]   Camera:          #61 - SIMPLE_RADIAL
I20260620 13:44:31.526486 0x16e323000 feature_extraction.cc:280]   Focal Length:    5068.80px
I20260620 13:44:31.526516 0x16e323000 feature_extraction.cc:284]   Features:        10190 (SIFT)
I20260620 13:45:16.487644 0x16e323000 feature_extraction.cc:262] Processed file [65/300]
I20260620 13:45:16.489340 0x16e323000 feature_extraction.cc:265]   Name:            cell_43_slot_4.jpg
I20260620 13:45:16.489351 0x16e323000 feature_extraction.cc:274]   Dimensions:      4224 x 2376
I20260620 13:45:16.489355 0x16e323000 feature_extraction.cc:277]   Camera:          #66 - SIMPLE_RADIAL
I20260620 13:45:16.489368 0x16e323000 feature_extraction.cc:280]   Focal Length:    5068.80px
I20260620 13:45:16.489771 0x16e323000 feature_extraction.cc:284]   Features:        12644 (SIFT)
I20260620 13:45:19.148393 0x16e323000 feature_extraction.cc:262] Processed file [66/300]
I20260620 13:45:19.148456 0x16e323000 feature_extraction.cc:265]   Name:            cell_43_slot_3.jpg
I20260620 13:45:19.148480 0x16e323000 feature_extraction.cc:274]   Dimensions:      4224 x 2376
I20260620 13:45:19.148518 0x16e323000 feature_extraction.cc:277]   Camera:          #65 - SIMPLE_RADIAL
I20260620 13:45:19.148523 0x16e323000 feature_extraction.cc:280]   Focal Length:    5068.80px
I20260620 13:45:19.148532 0x16e323000 feature_extraction.cc:284]   Features:        12422 (SIFT)
I20260620 13:45:24.063555 0x16e323000 feature_extraction.cc:262] Processed file [67/300]
I20260620 13:45:24.064912 0x16e323000 feature_extraction.cc:265]   Name:            cell_48_slot_0.jpg
I20260620 13:45:24.064932 0x16e323000 feature_extraction.cc:274]   Dimensions:      4224 x 2376
I20260620 13:45:24.064936 0x16e323000 feature_extraction.cc:277]   Camera:          #67 - SIMPLE_RADIAL
I20260620 13:45:24.065405 0x16e323000 feature_extraction.cc:280]   Focal Length:    5068.80px
I20260620 13:45:24.065725 0x16e323000 feature_extraction.cc:284]   Features:        8219 (SIFT)
I20260620 13:45:52.136013 0x16e323000 feature_extraction.cc:262] Processed file [68/300]
I20260620 13:45:52.137077 0x16e323000 feature_extraction.cc:265]   Name:            cell_49_slot_0.jpg
I20260620 13:45:52.137089 0x16e323000 feature_extraction.cc:274]   Dimensions:      4224 x 2376
I20260620 13:45:52.137093 0x16e323000 feature_extraction.cc:277]   Camera:          #70 - SIMPLE_RADIAL
I20260620 13:45:52.137554 0x16e323000 feature_extraction.cc:280]   Focal Length:    5068.80px
I20260620 13:45:52.138330 0x16e323000 feature_extraction.cc:284]   Features:        12831 (SIFT)
I20260620 13:45:53.092789 0x16e323000 feature_extraction.cc:262] Processed file [69/300]
I20260620 13:45:53.092813 0x16e323000 feature_extraction.cc:265]   Name:            cell_49_slot_1.jpg
I20260620 13:45:53.092817 0x16e323000 feature_extraction.cc:274]   Dimensions:      4224 x 2376
I20260620 13:45:53.092819 0x16e323000 feature_extraction.cc:277]   Camera:          #71 - SIMPLE_RADIAL
I20260620 13:45:53.092824 0x16e323000 feature_extraction.cc:280]   Focal Length:    5068.80px
I20260620 13:45:53.092828 0x16e323000 feature_extraction.cc:284]   Features:        13373 (SIFT)
I20260620 13:46:47.366307 0x16e323000 feature_extraction.cc:262] Processed file [70/300]
I20260620 13:46:47.386024 0x16e323000 feature_extraction.cc:265]   Name:            cell_49_slot_4.jpg
I20260620 13:46:47.386049 0x16e323000 feature_extraction.cc:274]   Dimensions:      4224 x 2376
I20260620 13:46:47.386054 0x16e323000 feature_extraction.cc:277]   Camera:          #74 - SIMPLE_RADIAL
I20260620 13:46:47.386074 0x16e323000 feature_extraction.cc:280]   Focal Length:    5068.80px
I20260620 13:46:47.409250 0x16e323000 feature_extraction.cc:284]   Features:        8778 (SIFT)
I20260620 13:46:54.525796 0x16e323000 feature_extraction.cc:262] Processed file [71/300]
I20260620 13:46:54.525834 0x16e323000 feature_extraction.cc:265]   Name:            cell_48_slot_2.jpg
I20260620 13:46:54.525840 0x16e323000 feature_extraction.cc:274]   Dimensions:      4224 x 2376
I20260620 13:46:54.525845 0x16e323000 feature_extraction.cc:277]   Camera:          #69 - SIMPLE_RADIAL
I20260620 13:46:54.525853 0x16e323000 feature_extraction.cc:280]   Focal Length:    5068.80px
I20260620 13:46:54.525864 0x16e323000 feature_extraction.cc:284]   Features:        8250 (SIFT)
I20260620 13:46:55.127316 0x16e323000 feature_extraction.cc:262] Processed file [72/300]
I20260620 13:46:55.127460 0x16e323000 feature_extraction.cc:265]   Name:            cell_49_slot_5.jpg
I20260620 13:46:55.127471 0x16e323000 feature_extraction.cc:274]   Dimensions:      4224 x 2376
I20260620 13:46:55.127476 0x16e323000 feature_extraction.cc:277]   Camera:          #75 - SIMPLE_RADIAL
I20260620 13:46:55.127481 0x16e323000 feature_extraction.cc:280]   Focal Length:    5068.80px
I20260620 13:46:55.127486 0x16e323000 feature_extraction.cc:284]   Features:        8279 (SIFT)
I20260620 13:47:20.441462 0x16e323000 feature_extraction.cc:262] Processed file [73/300]
I20260620 13:47:20.443243 0x16e323000 feature_extraction.cc:265]   Name:            cell_48_slot_1.jpg
I20260620 13:47:20.443259 0x16e323000 feature_extraction.cc:274]   Dimensions:      4224 x 2376
I20260620 13:47:20.443264 0x16e323000 feature_extraction.cc:277]   Camera:          #68 - SIMPLE_RADIAL
I20260620 13:47:20.443371 0x16e323000 feature_extraction.cc:280]   Focal Length:    5068.80px
I20260620 13:47:20.443388 0x16e323000 feature_extraction.cc:284]   Features:        8319 (SIFT)
I20260620 13:47:31.810628 0x16e323000 feature_extraction.cc:262] Processed file [74/300]
I20260620 13:47:31.811671 0x16e323000 feature_extraction.cc:265]   Name:            cell_50_slot_1.jpg
I20260620 13:47:31.811687 0x16e323000 feature_extraction.cc:274]   Dimensions:      4224 x 2376
I20260620 13:47:31.811692 0x16e323000 feature_extraction.cc:277]   Camera:          #78 - SIMPLE_RADIAL
I20260620 13:47:31.811836 0x16e323000 feature_extraction.cc:280]   Focal Length:    5068.80px
I20260620 13:47:31.811900 0x16e323000 feature_extraction.cc:284]   Features:        8896 (SIFT)
I20260620 13:47:32.250378 0x16e323000 feature_extraction.cc:262] Processed file [75/300]
I20260620 13:47:32.250414 0x16e323000 feature_extraction.cc:265]   Name:            cell_50_slot_2.jpg
I20260620 13:47:32.250421 0x16e323000 feature_extraction.cc:274]   Dimensions:      4224 x 2376
I20260620 13:47:32.250427 0x16e323000 feature_extraction.cc:277]   Camera:          #79 - SIMPLE_RADIAL
I20260620 13:47:32.250433 0x16e323000 feature_extraction.cc:280]   Focal Length:    5068.80px
I20260620 13:47:32.250438 0x16e323000 feature_extraction.cc:284]   Features:        9835 (SIFT)
I20260620 13:48:13.778343 0x16e323000 feature_extraction.cc:262] Processed file [76/300]
I20260620 13:48:13.797051 0x16e323000 feature_extraction.cc:265]   Name:            cell_50_slot_0.jpg
I20260620 13:48:13.797086 0x16e323000 feature_extraction.cc:274]   Dimensions:      3840 x 2160
I20260620 13:48:13.797091 0x16e323000 feature_extraction.cc:277]   Camera:          #77 - SIMPLE_RADIAL
I20260620 13:48:13.801611 0x16e323000 feature_extraction.cc:280]   Focal Length:    4608.00px
I20260620 13:48:13.801645 0x16e323000 feature_extraction.cc:284]   Features:        8984 (SIFT)
I20260620 13:48:15.942310 0x16e323000 feature_extraction.cc:262] Processed file [77/300]
I20260620 13:48:15.942378 0x16e323000 feature_extraction.cc:265]   Name:            cell_50_slot_3.jpg
I20260620 13:48:15.942392 0x16e323000 feature_extraction.cc:274]   Dimensions:      3840 x 2160
I20260620 13:48:15.942397 0x16e323000 feature_extraction.cc:277]   Camera:          #80 - SIMPLE_RADIAL
I20260620 13:48:15.942402 0x16e323000 feature_extraction.cc:280]   Focal Length:    4608.00px
I20260620 13:48:15.942408 0x16e323000 feature_extraction.cc:284]   Features:        9121 (SIFT)
I20260620 13:48:42.688203 0x16e323000 feature_extraction.cc:262] Processed file [78/300]
I20260620 13:48:42.705626 0x16e323000 feature_extraction.cc:265]   Name:            cell_49_slot_2.jpg
I20260620 13:48:42.705646 0x16e323000 feature_extraction.cc:274]   Dimensions:      4224 x 2376
I20260620 13:48:42.705652 0x16e323000 feature_extraction.cc:277]   Camera:          #72 - SIMPLE_RADIAL
I20260620 13:48:42.710865 0x16e323000 feature_extraction.cc:280]   Focal Length:    5068.80px
I20260620 13:48:42.713603 0x16e323000 feature_extraction.cc:284]   Features:        8310 (SIFT)
I20260620 13:48:59.253727 0x16e323000 feature_extraction.cc:262] Processed file [79/300]
I20260620 13:48:59.254941 0x16e323000 feature_extraction.cc:265]   Name:            cell_51_slot_4.jpg
I20260620 13:48:59.254956 0x16e323000 feature_extraction.cc:274]   Dimensions:      4224 x 2376
I20260620 13:48:59.254964 0x16e323000 feature_extraction.cc:277]   Camera:          #89 - SIMPLE_RADIAL
I20260620 13:48:59.254988 0x16e323000 feature_extraction.cc:280]   Focal Length:    5068.80px
I20260620 13:48:59.255011 0x16e323000 feature_extraction.cc:284]   Features:        12305 (SIFT)
I20260620 13:49:05.011055 0x16e323000 feature_extraction.cc:262] Processed file [80/300]
I20260620 13:49:05.012758 0x16e323000 feature_extraction.cc:265]   Name:            cell_49_slot_3.jpg
I20260620 13:49:05.012794 0x16e323000 feature_extraction.cc:274]   Dimensions:      4224 x 2376
I20260620 13:49:05.012800 0x16e323000 feature_extraction.cc:277]   Camera:          #73 - SIMPLE_RADIAL
I20260620 13:49:05.012844 0x16e323000 feature_extraction.cc:280]   Focal Length:    5068.80px
I20260620 13:49:05.012882 0x16e323000 feature_extraction.cc:284]   Features:        8563 (SIFT)
I20260620 13:49:23.611417 0x16e323000 feature_extraction.cc:262] Processed file [81/300]
I20260620 13:49:23.612473 0x16e323000 feature_extraction.cc:265]   Name:            cell_50_slot_4.jpg
I20260620 13:49:23.612483 0x16e323000 feature_extraction.cc:274]   Dimensions:      4224 x 2376
I20260620 13:49:23.612495 0x16e323000 feature_extraction.cc:277]   Camera:          #81 - SIMPLE_RADIAL
I20260620 13:49:23.612529 0x16e323000 feature_extraction.cc:280]   Focal Length:    5068.80px
I20260620 13:49:23.612548 0x16e323000 feature_extraction.cc:284]   Features:        10173 (SIFT)
I20260620 13:49:25.958050 0x16e323000 feature_extraction.cc:262] Processed file [82/300]
I20260620 13:49:25.958131 0x16e323000 feature_extraction.cc:265]   Name:            cell_51_slot_3.jpg
I20260620 13:49:25.958138 0x16e323000 feature_extraction.cc:274]   Dimensions:      4224 x 2376
I20260620 13:49:25.958142 0x16e323000 feature_extraction.cc:277]   Camera:          #88 - SIMPLE_RADIAL
I20260620 13:49:25.958150 0x16e323000 feature_extraction.cc:280]   Focal Length:    5068.80px
I20260620 13:49:25.958157 0x16e323000 feature_extraction.cc:284]   Features:        12615 (SIFT)
I20260620 13:49:30.615921 0x16e323000 feature_extraction.cc:262] Processed file [83/300]
I20260620 13:49:30.619075 0x16e323000 feature_extraction.cc:265]   Name:            cell_50_slot_6.jpg
I20260620 13:49:30.619092 0x16e323000 feature_extraction.cc:274]   Dimensions:      4224 x 2376
I20260620 13:49:30.619098 0x16e323000 feature_extraction.cc:277]   Camera:          #83 - SIMPLE_RADIAL
I20260620 13:49:30.619118 0x16e323000 feature_extraction.cc:280]   Focal Length:    5068.80px
I20260620 13:49:30.619139 0x16e323000 feature_extraction.cc:284]   Features:        12070 (SIFT)
I20260620 13:49:44.424979 0x16e323000 feature_extraction.cc:262] Processed file [84/300]
I20260620 13:49:44.425397 0x16e323000 feature_extraction.cc:265]   Name:            cell_50_slot_7.jpg
I20260620 13:49:44.425413 0x16e323000 feature_extraction.cc:274]   Dimensions:      4224 x 2376
I20260620 13:49:44.425417 0x16e323000 feature_extraction.cc:277]   Camera:          #84 - SIMPLE_RADIAL
I20260620 13:49:44.425434 0x16e323000 feature_extraction.cc:280]   Focal Length:    5068.80px
I20260620 13:49:44.425481 0x16e323000 feature_extraction.cc:284]   Features:        11943 (SIFT)
I20260620 13:49:47.374076 0x16e323000 feature_extraction.cc:262] Processed file [85/300]
I20260620 13:49:47.374266 0x16e323000 feature_extraction.cc:265]   Name:            cell_49_slot_6.jpg
I20260620 13:49:47.374307 0x16e323000 feature_extraction.cc:274]   Dimensions:      4224 x 2376
I20260620 13:49:47.374316 0x16e323000 feature_extraction.cc:277]   Camera:          #76 - SIMPLE_RADIAL
I20260620 13:49:47.374332 0x16e323000 feature_extraction.cc:280]   Focal Length:    5068.80px
I20260620 13:49:47.374357 0x16e323000 feature_extraction.cc:284]   Features:        8265 (SIFT)
I20260620 13:50:02.285410 0x16e323000 feature_extraction.cc:262] Processed file [86/300]
I20260620 13:50:02.287511 0x16e323000 feature_extraction.cc:265]   Name:            cell_51_slot_0.jpg
I20260620 13:50:02.287529 0x16e323000 feature_extraction.cc:274]   Dimensions:      4224 x 2376
I20260620 13:50:02.287534 0x16e323000 feature_extraction.cc:277]   Camera:          #85 - SIMPLE_RADIAL
I20260620 13:50:02.287548 0x16e323000 feature_extraction.cc:280]   Focal Length:    5068.80px
I20260620 13:50:02.287566 0x16e323000 feature_extraction.cc:284]   Features:        11810 (SIFT)
I20260620 13:50:07.733338 0x16e323000 feature_extraction.cc:262] Processed file [87/300]
I20260620 13:50:07.733923 0x16e323000 feature_extraction.cc:265]   Name:            cell_50_slot_5.jpg
I20260620 13:50:07.733941 0x16e323000 feature_extraction.cc:274]   Dimensions:      4224 x 2376
I20260620 13:50:07.733948 0x16e323000 feature_extraction.cc:277]   Camera:          #82 - SIMPLE_RADIAL
I20260620 13:50:07.733965 0x16e323000 feature_extraction.cc:280]   Focal Length:    5068.80px
I20260620 13:50:07.734222 0x16e323000 feature_extraction.cc:284]   Features:        10344 (SIFT)
I20260620 13:50:30.122776 0x16e323000 feature_extraction.cc:262] Processed file [88/300]
I20260620 13:50:30.123114 0x16e323000 feature_extraction.cc:265]   Name:            cell_51_slot_1.jpg
I20260620 13:50:30.123127 0x16e323000 feature_extraction.cc:274]   Dimensions:      4224 x 2376
I20260620 13:50:30.123132 0x16e323000 feature_extraction.cc:277]   Camera:          #86 - SIMPLE_RADIAL
I20260620 13:50:30.123159 0x16e323000 feature_extraction.cc:280]   Focal Length:    5068.80px
I20260620 13:50:30.123178 0x16e323000 feature_extraction.cc:284]   Features:        11514 (SIFT)
I20260620 13:50:30.843909 0x16e323000 feature_extraction.cc:262] Processed file [89/300]
I20260620 13:50:30.843972 0x16e323000 feature_extraction.cc:265]   Name:            cell_51_slot_2.jpg
I20260620 13:50:30.843979 0x16e323000 feature_extraction.cc:274]   Dimensions:      4224 x 2376
I20260620 13:50:30.843983 0x16e323000 feature_extraction.cc:277]   Camera:          #87 - SIMPLE_RADIAL
I20260620 13:50:30.843988 0x16e323000 feature_extraction.cc:280]   Focal Length:    5068.80px
I20260620 13:50:30.843994 0x16e323000 feature_extraction.cc:284]   Features:        12005 (SIFT)
I20260620 13:51:45.805974 0x16e323000 feature_extraction.cc:262] Processed file [90/300]
I20260620 13:51:45.807899 0x16e323000 feature_extraction.cc:265]   Name:            cell_51_slot_6.jpg
I20260620 13:51:45.807919 0x16e323000 feature_extraction.cc:274]   Dimensions:      4224 x 2376
I20260620 13:51:45.807924 0x16e323000 feature_extraction.cc:277]   Camera:          #91 - SIMPLE_RADIAL
I20260620 13:51:45.807944 0x16e323000 feature_extraction.cc:280]   Focal Length:    5068.80px
I20260620 13:51:45.807960 0x16e323000 feature_extraction.cc:284]   Features:        13168 (SIFT)
I20260620 13:51:49.938430 0x16e323000 feature_extraction.cc:262] Processed file [91/300]
I20260620 13:51:49.938541 0x16e323000 feature_extraction.cc:265]   Name:            cell_54_slot_1.jpg
I20260620 13:51:49.938548 0x16e323000 feature_extraction.cc:274]   Dimensions:      4224 x 2376
I20260620 13:51:49.938553 0x16e323000 feature_extraction.cc:277]   Camera:          #93 - SIMPLE_RADIAL
I20260620 13:51:49.938570 0x16e323000 feature_extraction.cc:280]   Focal Length:    5068.80px
I20260620 13:51:49.938590 0x16e323000 feature_extraction.cc:284]   Features:        9203 (SIFT)
I20260620 13:52:00.697178 0x16e323000 feature_extraction.cc:262] Processed file [92/300]
I20260620 13:52:00.699358 0x16e323000 feature_extraction.cc:265]   Name:            cell_54_slot_3.jpg
I20260620 13:52:00.699381 0x16e323000 feature_extraction.cc:274]   Dimensions:      4224 x 2376
I20260620 13:52:00.699387 0x16e323000 feature_extraction.cc:277]   Camera:          #95 - SIMPLE_RADIAL
I20260620 13:52:00.699398 0x16e323000 feature_extraction.cc:280]   Focal Length:    5068.80px
I20260620 13:52:00.699413 0x16e323000 feature_extraction.cc:284]   Features:        12776 (SIFT)
I20260620 13:52:17.393589 0x16e323000 feature_extraction.cc:262] Processed file [93/300]
I20260620 13:52:17.395835 0x16e323000 feature_extraction.cc:265]   Name:            cell_51_slot_5.jpg
I20260620 13:52:17.461377 0x16e323000 feature_extraction.cc:274]   Dimensions:      4224 x 2376
I20260620 13:52:17.461419 0x16e323000 feature_extraction.cc:277]   Camera:          #90 - SIMPLE_RADIAL
I20260620 13:52:17.461480 0x16e323000 feature_extraction.cc:280]   Focal Length:    5068.80px
I20260620 13:52:17.461530 0x16e323000 feature_extraction.cc:284]   Features:        12157 (SIFT)
I20260620 13:52:28.187960 0x16e323000 feature_extraction.cc:262] Processed file [94/300]
I20260620 13:52:28.188256 0x16e323000 feature_extraction.cc:265]   Name:            cell_54_slot_6.jpg
I20260620 13:52:28.188272 0x16e323000 feature_extraction.cc:274]   Dimensions:      4224 x 2376
I20260620 13:52:28.188278 0x16e323000 feature_extraction.cc:277]   Camera:          #98 - SIMPLE_RADIAL
I20260620 13:52:28.188300 0x16e323000 feature_extraction.cc:280]   Focal Length:    5068.80px
I20260620 13:52:28.188317 0x16e323000 feature_extraction.cc:284]   Features:        8541 (SIFT)
I20260620 13:52:42.596340 0x16e323000 feature_extraction.cc:262] Processed file [95/300]
I20260620 13:52:42.596709 0x16e323000 feature_extraction.cc:265]   Name:            cell_54_slot_4.jpg
I20260620 13:52:42.596729 0x16e323000 feature_extraction.cc:274]   Dimensions:      4224 x 2376
I20260620 13:52:42.596735 0x16e323000 feature_extraction.cc:277]   Camera:          #96 - SIMPLE_RADIAL
I20260620 13:52:42.596752 0x16e323000 feature_extraction.cc:280]   Focal Length:    5068.80px
I20260620 13:52:42.596775 0x16e323000 feature_extraction.cc:284]   Features:        11885 (SIFT)
I20260620 13:53:02.530323 0x16e323000 feature_extraction.cc:262] Processed file [96/300]
I20260620 13:53:02.531272 0x16e323000 feature_extraction.cc:265]   Name:            cell_54_slot_5.jpg
I20260620 13:53:02.531283 0x16e323000 feature_extraction.cc:274]   Dimensions:      4224 x 2376
I20260620 13:53:02.531288 0x16e323000 feature_extraction.cc:277]   Camera:          #97 - SIMPLE_RADIAL
I20260620 13:53:02.531300 0x16e323000 feature_extraction.cc:280]   Focal Length:    5068.80px
I20260620 13:53:02.531323 0x16e323000 feature_extraction.cc:284]   Features:        9807 (SIFT)
I20260620 13:53:05.609711 0x16e323000 feature_extraction.cc:262] Processed file [97/300]
I20260620 13:53:05.609761 0x16e323000 feature_extraction.cc:265]   Name:            cell_54_slot_0.jpg
I20260620 13:53:05.609766 0x16e323000 feature_extraction.cc:274]   Dimensions:      4224 x 2376
I20260620 13:53:05.609769 0x16e323000 feature_extraction.cc:277]   Camera:          #92 - SIMPLE_RADIAL
I20260620 13:53:05.609777 0x16e323000 feature_extraction.cc:280]   Focal Length:    5068.80px
I20260620 13:53:05.609787 0x16e323000 feature_extraction.cc:284]   Features:        9845 (SIFT)
I20260620 13:53:09.202309 0x16e323000 feature_extraction.cc:262] Processed file [98/300]
I20260620 13:53:09.202621 0x16e323000 feature_extraction.cc:265]   Name:            cell_54_slot_7.jpg
I20260620 13:53:09.202704 0x16e323000 feature_extraction.cc:274]   Dimensions:      4224 x 2376
I20260620 13:53:09.202718 0x16e323000 feature_extraction.cc:277]   Camera:          #99 - SIMPLE_RADIAL
I20260620 13:53:09.202738 0x16e323000 feature_extraction.cc:280]   Focal Length:    5068.80px
I20260620 13:53:09.203138 0x16e323000 feature_extraction.cc:284]   Features:        9557 (SIFT)
I20260620 13:53:15.573859 0x16e323000 feature_extraction.cc:262] Processed file [99/300]
I20260620 13:53:15.574304 0x16e323000 feature_extraction.cc:265]   Name:            cell_58_slot_0.jpg
I20260620 13:53:15.574326 0x16e323000 feature_extraction.cc:274]   Dimensions:      4224 x 2376
I20260620 13:53:15.574331 0x16e323000 feature_extraction.cc:277]   Camera:          #101 - SIMPLE_RADIAL
I20260620 13:53:15.574356 0x16e323000 feature_extraction.cc:280]   Focal Length:    5068.80px
I20260620 13:53:15.574375 0x16e323000 feature_extraction.cc:284]   Features:        8340 (SIFT)
I20260620 13:53:16.443793 0x16e323000 feature_extraction.cc:262] Processed file [100/300]
I20260620 13:53:16.443836 0x16e323000 feature_extraction.cc:265]   Name:            cell_54_slot_2.jpg
I20260620 13:53:16.443845 0x16e323000 feature_extraction.cc:274]   Dimensions:      4224 x 2376
I20260620 13:53:16.443851 0x16e323000 feature_extraction.cc:277]   Camera:          #94 - SIMPLE_RADIAL
I20260620 13:53:16.443858 0x16e323000 feature_extraction.cc:280]   Focal Length:    5068.80px
I20260620 13:53:16.443866 0x16e323000 feature_extraction.cc:284]   Features:        11251 (SIFT)
I20260620 13:53:16.561634 0x16e323000 feature_extraction.cc:262] Processed file [101/300]
I20260620 13:53:16.561677 0x16e323000 feature_extraction.cc:265]   Name:            cell_55_slot_1.jpg
I20260620 13:53:16.561682 0x16e323000 feature_extraction.cc:274]   Dimensions:      4224 x 2376
I20260620 13:53:16.561686 0x16e323000 feature_extraction.cc:277]   Camera:          #100 - SIMPLE_RADIAL
I20260620 13:53:16.561691 0x16e323000 feature_extraction.cc:280]   Focal Length:    5068.80px
I20260620 13:53:16.561696 0x16e323000 feature_extraction.cc:284]   Features:        10570 (SIFT)
I20260620 13:54:58.791797 0x16e323000 feature_extraction.cc:262] Processed file [102/300]
I20260620 13:54:58.794086 0x16e323000 feature_extraction.cc:265]   Name:            cell_58_slot_1.jpg
I20260620 13:54:58.794100 0x16e323000 feature_extraction.cc:274]   Dimensions:      4224 x 2376
I20260620 13:54:58.794105 0x16e323000 feature_extraction.cc:277]   Camera:          #102 - SIMPLE_RADIAL
I20260620 13:54:58.794417 0x16e323000 feature_extraction.cc:280]   Focal Length:    5068.80px
I20260620 13:54:58.794434 0x16e323000 feature_extraction.cc:284]   Features:        11258 (SIFT)
I20260620 13:55:11.730315 0x16e323000 feature_extraction.cc:262] Processed file [103/300]
I20260620 13:55:11.730651 0x16e323000 feature_extraction.cc:265]   Name:            cell_58_slot_11.jpg
I20260620 13:55:11.730667 0x16e323000 feature_extraction.cc:274]   Dimensions:      4224 x 2376
I20260620 13:55:11.730673 0x16e323000 feature_extraction.cc:277]   Camera:          #104 - SIMPLE_RADIAL
I20260620 13:55:11.730692 0x16e323000 feature_extraction.cc:280]   Focal Length:    5068.80px
I20260620 13:55:11.730714 0x16e323000 feature_extraction.cc:284]   Features:        9421 (SIFT)
I20260620 13:55:12.761262 0x16e323000 feature_extraction.cc:262] Processed file [104/300]
I20260620 13:55:12.761325 0x16e323000 feature_extraction.cc:265]   Name:            cell_58_slot_7.jpg
I20260620 13:55:12.761331 0x16e323000 feature_extraction.cc:274]   Dimensions:      4224 x 2376
I20260620 13:55:12.761335 0x16e323000 feature_extraction.cc:277]   Camera:          #110 - SIMPLE_RADIAL
I20260620 13:55:12.761339 0x16e323000 feature_extraction.cc:280]   Focal Length:    5068.80px
I20260620 13:55:12.761344 0x16e323000 feature_extraction.cc:284]   Features:        10736 (SIFT)
I20260620 13:55:26.740952 0x16e323000 feature_extraction.cc:262] Processed file [105/300]
I20260620 13:55:26.741445 0x16e323000 feature_extraction.cc:265]   Name:            cell_58_slot_2.jpg
I20260620 13:55:26.741463 0x16e323000 feature_extraction.cc:274]   Dimensions:      4224 x 2376
I20260620 13:55:26.741469 0x16e323000 feature_extraction.cc:277]   Camera:          #105 - SIMPLE_RADIAL
I20260620 13:55:26.741490 0x16e323000 feature_extraction.cc:280]   Focal Length:    5068.80px
I20260620 13:55:26.741504 0x16e323000 feature_extraction.cc:284]   Features:        10417 (SIFT)
I20260620 13:55:36.626724 0x16e323000 feature_extraction.cc:262] Processed file [106/300]
I20260620 13:55:36.627212 0x16e323000 feature_extraction.cc:265]   Name:            cell_60_slot_0.jpg
I20260620 13:55:36.627228 0x16e323000 feature_extraction.cc:274]   Dimensions:      4224 x 2376
I20260620 13:55:36.627236 0x16e323000 feature_extraction.cc:277]   Camera:          #113 - SIMPLE_RADIAL
I20260620 13:55:36.627256 0x16e323000 feature_extraction.cc:280]   Focal Length:    5068.80px
I20260620 13:55:36.627275 0x16e323000 feature_extraction.cc:284]   Features:        12508 (SIFT)
I20260620 13:55:38.908686 0x16e323000 feature_extraction.cc:262] Processed file [107/300]
I20260620 13:55:38.908726 0x16e323000 feature_extraction.cc:265]   Name:            cell_58_slot_3.jpg
I20260620 13:55:38.908731 0x16e323000 feature_extraction.cc:274]   Dimensions:      4224 x 2376
I20260620 13:55:38.908736 0x16e323000 feature_extraction.cc:277]   Camera:          #106 - SIMPLE_RADIAL
I20260620 13:55:38.908742 0x16e323000 feature_extraction.cc:280]   Focal Length:    5068.80px
I20260620 13:55:38.908752 0x16e323000 feature_extraction.cc:284]   Features:        8242 (SIFT)
I20260620 13:55:51.359766 0x16e323000 feature_extraction.cc:262] Processed file [108/300]
I20260620 13:55:51.361002 0x16e323000 feature_extraction.cc:265]   Name:            cell_58_slot_4.jpg
I20260620 13:55:51.361021 0x16e323000 feature_extraction.cc:274]   Dimensions:      4224 x 2376
I20260620 13:55:51.361027 0x16e323000 feature_extraction.cc:277]   Camera:          #107 - SIMPLE_RADIAL
I20260620 13:55:51.361369 0x16e323000 feature_extraction.cc:280]   Focal Length:    5068.80px
I20260620 13:55:51.361662 0x16e323000 feature_extraction.cc:284]   Features:        10549 (SIFT)
I20260620 13:55:51.850612 0x16e323000 feature_extraction.cc:262] Processed file [109/300]
I20260620 13:55:51.850638 0x16e323000 feature_extraction.cc:265]   Name:            cell_58_slot_5.jpg
I20260620 13:55:51.850643 0x16e323000 feature_extraction.cc:274]   Dimensions:      4224 x 2376
I20260620 13:55:51.850648 0x16e323000 feature_extraction.cc:277]   Camera:          #108 - SIMPLE_RADIAL
I20260620 13:55:51.850653 0x16e323000 feature_extraction.cc:280]   Focal Length:    5068.80px
I20260620 13:55:51.850660 0x16e323000 feature_extraction.cc:284]   Features:        8544 (SIFT)
I20260620 13:55:58.178420 0x16e323000 feature_extraction.cc:262] Processed file [110/300]
I20260620 13:55:58.179429 0x16e323000 feature_extraction.cc:265]   Name:            cell_58_slot_8.jpg
I20260620 13:55:58.179459 0x16e323000 feature_extraction.cc:274]   Dimensions:      4224 x 2376
I20260620 13:55:58.179465 0x16e323000 feature_extraction.cc:277]   Camera:          #111 - SIMPLE_RADIAL
I20260620 13:55:58.179479 0x16e323000 feature_extraction.cc:280]   Focal Length:    5068.80px
I20260620 13:55:58.179496 0x16e323000 feature_extraction.cc:284]   Features:        9930 (SIFT)
I20260620 13:55:58.919600 0x16e323000 feature_extraction.cc:262] Processed file [111/300]
I20260620 13:55:58.919684 0x16e323000 feature_extraction.cc:265]   Name:            cell_58_slot_6.jpg
I20260620 13:55:58.919690 0x16e323000 feature_extraction.cc:274]   Dimensions:      4224 x 2376
I20260620 13:55:58.919694 0x16e323000 feature_extraction.cc:277]   Camera:          #109 - SIMPLE_RADIAL
I20260620 13:55:58.919698 0x16e323000 feature_extraction.cc:280]   Focal Length:    5068.80px
I20260620 13:55:58.919705 0x16e323000 feature_extraction.cc:284]   Features:        9011 (SIFT)
I20260620 13:56:02.125452 0x16e323000 feature_extraction.cc:262] Processed file [112/300]
I20260620 13:56:02.125569 0x16e323000 feature_extraction.cc:265]   Name:            cell_58_slot_9.jpg
I20260620 13:56:02.125576 0x16e323000 feature_extraction.cc:274]   Dimensions:      4224 x 2376
I20260620 13:56:02.125582 0x16e323000 feature_extraction.cc:277]   Camera:          #112 - SIMPLE_RADIAL
I20260620 13:56:02.125607 0x16e323000 feature_extraction.cc:280]   Focal Length:    5068.80px
I20260620 13:56:02.125688 0x16e323000 feature_extraction.cc:284]   Features:        8606 (SIFT)
I20260620 13:56:24.621206 0x16e323000 feature_extraction.cc:262] Processed file [113/300]
I20260620 13:56:24.622267 0x16e323000 feature_extraction.cc:265]   Name:            cell_58_slot_10.jpg
I20260620 13:56:24.622282 0x16e323000 feature_extraction.cc:274]   Dimensions:      4224 x 2376
I20260620 13:56:24.622287 0x16e323000 feature_extraction.cc:277]   Camera:          #103 - SIMPLE_RADIAL
I20260620 13:56:24.622709 0x16e323000 feature_extraction.cc:280]   Focal Length:    5068.80px
I20260620 13:56:24.623476 0x16e323000 feature_extraction.cc:284]   Features:        11190 (SIFT)
I20260620 13:57:19.894630 0x16e323000 feature_extraction.cc:262] Processed file [114/300]
I20260620 13:57:19.896104 0x16e323000 feature_extraction.cc:265]   Name:            cell_60_slot_11.jpg
I20260620 13:57:19.896124 0x16e323000 feature_extraction.cc:274]   Dimensions:      4224 x 2376
I20260620 13:57:19.896130 0x16e323000 feature_extraction.cc:277]   Camera:          #116 - SIMPLE_RADIAL
I20260620 13:57:19.896686 0x16e323000 feature_extraction.cc:280]   Focal Length:    5068.80px
I20260620 13:57:19.896709 0x16e323000 feature_extraction.cc:284]   Features:        8783 (SIFT)
I20260620 13:57:30.498688 0x16e323000 feature_extraction.cc:262] Processed file [115/300]
I20260620 13:57:30.501764 0x16e323000 feature_extraction.cc:265]   Name:            cell_60_slot_2.jpg
I20260620 13:57:30.501778 0x16e323000 feature_extraction.cc:274]   Dimensions:      4224 x 2376
I20260620 13:57:30.501783 0x16e323000 feature_extraction.cc:277]   Camera:          #117 - SIMPLE_RADIAL
I20260620 13:57:30.501795 0x16e323000 feature_extraction.cc:280]   Focal Length:    5068.80px
I20260620 13:57:30.501814 0x16e323000 feature_extraction.cc:284]   Features:        12643 (SIFT)
I20260620 13:57:45.681104 0x16e323000 feature_extraction.cc:262] Processed file [116/300]
I20260620 13:57:45.683070 0x16e323000 feature_extraction.cc:265]   Name:            cell_60_slot_4.jpg
I20260620 13:57:45.683085 0x16e323000 feature_extraction.cc:274]   Dimensions:      4224 x 2376
I20260620 13:57:45.683090 0x16e323000 feature_extraction.cc:277]   Camera:          #119 - SIMPLE_RADIAL
I20260620 13:57:45.683155 0x16e323000 feature_extraction.cc:280]   Focal Length:    5068.80px
I20260620 13:57:45.683177 0x16e323000 feature_extraction.cc:284]   Features:        12636 (SIFT)
I20260620 13:57:51.361909 0x16e323000 feature_extraction.cc:262] Processed file [117/300]
I20260620 13:57:51.362489 0x16e323000 feature_extraction.cc:265]   Name:            cell_60_slot_5.jpg
I20260620 13:57:51.362507 0x16e323000 feature_extraction.cc:274]   Dimensions:      4224 x 2376
I20260620 13:57:51.362512 0x16e323000 feature_extraction.cc:277]   Camera:          #120 - SIMPLE_RADIAL
I20260620 13:57:51.362553 0x16e323000 feature_extraction.cc:280]   Focal Length:    5068.80px
I20260620 13:57:51.362572 0x16e323000 feature_extraction.cc:284]   Features:        12352 (SIFT)
I20260620 13:57:51.540342 0x16e323000 feature_extraction.cc:262] Processed file [118/300]
I20260620 13:57:51.540377 0x16e323000 feature_extraction.cc:265]   Name:            cell_60_slot_1.jpg
I20260620 13:57:51.540382 0x16e323000 feature_extraction.cc:274]   Dimensions:      4224 x 2376
I20260620 13:57:51.540385 0x16e323000 feature_extraction.cc:277]   Camera:          #114 - SIMPLE_RADIAL
I20260620 13:57:51.540388 0x16e323000 feature_extraction.cc:280]   Focal Length:    5068.80px
I20260620 13:57:51.540393 0x16e323000 feature_extraction.cc:284]   Features:        12758 (SIFT)
I20260620 13:57:56.748602 0x16e323000 feature_extraction.cc:262] Processed file [119/300]
I20260620 13:57:56.749100 0x16e323000 feature_extraction.cc:265]   Name:            cell_60_slot_8.jpg
I20260620 13:57:56.749114 0x16e323000 feature_extraction.cc:274]   Dimensions:      4224 x 2376
I20260620 13:57:56.749120 0x16e323000 feature_extraction.cc:277]   Camera:          #123 - SIMPLE_RADIAL
I20260620 13:57:56.749151 0x16e323000 feature_extraction.cc:280]   Focal Length:    5068.80px
I20260620 13:57:56.749222 0x16e323000 feature_extraction.cc:284]   Features:        12673 (SIFT)
I20260620 13:57:57.298582 0x16e323000 feature_extraction.cc:262] Processed file [120/300]
I20260620 13:57:57.298649 0x16e323000 feature_extraction.cc:265]   Name:            cell_60_slot_7.jpg
I20260620 13:57:57.298695 0x16e323000 feature_extraction.cc:274]   Dimensions:      4224 x 2376
I20260620 13:57:57.298708 0x16e323000 feature_extraction.cc:277]   Camera:          #122 - SIMPLE_RADIAL
I20260620 13:57:57.298730 0x16e323000 feature_extraction.cc:280]   Focal Length:    5068.80px
I20260620 13:57:57.298758 0x16e323000 feature_extraction.cc:284]   Features:        13253 (SIFT)
I20260620 13:57:59.199714 0x16e323000 feature_extraction.cc:262] Processed file [121/300]
I20260620 13:57:59.199876 0x16e323000 feature_extraction.cc:265]   Name:            cell_60_slot_10.jpg
I20260620 13:57:59.199891 0x16e323000 feature_extraction.cc:274]   Dimensions:      4224 x 2376
I20260620 13:57:59.199902 0x16e323000 feature_extraction.cc:277]   Camera:          #115 - SIMPLE_RADIAL
I20260620 13:57:59.199930 0x16e323000 feature_extraction.cc:280]   Focal Length:    5068.80px
I20260620 13:57:59.199963 0x16e323000 feature_extraction.cc:284]   Features:        9672 (SIFT)
I20260620 13:58:04.946278 0x16e323000 feature_extraction.cc:262] Processed file [122/300]
I20260620 13:58:04.946630 0x16e323000 feature_extraction.cc:265]   Name:            cell_60_slot_9.jpg
I20260620 13:58:04.946659 0x16e323000 feature_extraction.cc:274]   Dimensions:      4224 x 2376
I20260620 13:58:04.946665 0x16e323000 feature_extraction.cc:277]   Camera:          #124 - SIMPLE_RADIAL
I20260620 13:58:04.946681 0x16e323000 feature_extraction.cc:280]   Focal Length:    5068.80px
I20260620 13:58:04.946700 0x16e323000 feature_extraction.cc:284]   Features:        11657 (SIFT)
I20260620 13:58:07.301663 0x16e323000 feature_extraction.cc:262] Processed file [123/300]
I20260620 13:58:07.301710 0x16e323000 feature_extraction.cc:265]   Name:            cell_60_slot_6.jpg
I20260620 13:58:07.301716 0x16e323000 feature_extraction.cc:274]   Dimensions:      4224 x 2376
I20260620 13:58:07.301720 0x16e323000 feature_extraction.cc:277]   Camera:          #121 - SIMPLE_RADIAL
I20260620 13:58:07.301729 0x16e323000 feature_extraction.cc:280]   Focal Length:    5068.80px
I20260620 13:58:07.301738 0x16e323000 feature_extraction.cc:284]   Features:        13613 (SIFT)
I20260620 13:58:34.652096 0x16e323000 feature_extraction.cc:262] Processed file [124/300]
I20260620 13:58:34.654763 0x16e323000 feature_extraction.cc:265]   Name:            cell_60_slot_3.jpg
I20260620 13:58:34.654777 0x16e323000 feature_extraction.cc:274]   Dimensions:      4224 x 2376
I20260620 13:58:34.654783 0x16e323000 feature_extraction.cc:277]   Camera:          #118 - SIMPLE_RADIAL
I20260620 13:58:34.656590 0x16e323000 feature_extraction.cc:280]   Focal Length:    5068.80px
I20260620 13:58:34.656609 0x16e323000 feature_extraction.cc:284]   Features:        12555 (SIFT)
I20260620 13:59:09.798143 0x16e323000 feature_extraction.cc:262] Processed file [125/300]
I20260620 13:59:09.798930 0x16e323000 feature_extraction.cc:265]   Name:            cell_66_slot_0.jpg
I20260620 13:59:09.798949 0x16e323000 feature_extraction.cc:274]   Dimensions:      4224 x 2376
I20260620 13:59:09.798978 0x16e323000 feature_extraction.cc:277]   Camera:          #125 - SIMPLE_RADIAL
I20260620 13:59:09.799142 0x16e323000 feature_extraction.cc:280]   Focal Length:    5068.80px
I20260620 13:59:09.799352 0x16e323000 feature_extraction.cc:284]   Features:        11567 (SIFT)
I20260620 13:59:43.103154 0x16e323000 feature_extraction.cc:262] Processed file [126/300]
I20260620 13:59:43.130094 0x16e323000 feature_extraction.cc:265]   Name:            cell_66_slot_3.jpg
I20260620 13:59:43.130115 0x16e323000 feature_extraction.cc:274]   Dimensions:      4224 x 2376
I20260620 13:59:43.130125 0x16e323000 feature_extraction.cc:277]   Camera:          #128 - SIMPLE_RADIAL
I20260620 13:59:43.130142 0x16e323000 feature_extraction.cc:280]   Focal Length:    5068.80px
I20260620 13:59:43.133327 0x16e323000 feature_extraction.cc:284]   Features:        8914 (SIFT)
I20260620 13:59:54.008318 0x16e323000 feature_extraction.cc:262] Processed file [127/300]
I20260620 13:59:54.012369 0x16e323000 feature_extraction.cc:265]   Name:            cell_67_slot_3.jpg
I20260620 13:59:54.012403 0x16e323000 feature_extraction.cc:274]   Dimensions:      4224 x 2376
I20260620 13:59:54.012410 0x16e323000 feature_extraction.cc:277]   Camera:          #132 - SIMPLE_RADIAL
I20260620 13:59:54.012428 0x16e323000 feature_extraction.cc:280]   Focal Length:    5068.80px
I20260620 13:59:54.012450 0x16e323000 feature_extraction.cc:284]   Features:        8831 (SIFT)
I20260620 13:59:56.250506 0x16e323000 feature_extraction.cc:262] Processed file [128/300]
I20260620 13:59:56.250545 0x16e323000 feature_extraction.cc:265]   Name:            cell_67_slot_2.jpg
I20260620 13:59:56.250551 0x16e323000 feature_extraction.cc:274]   Dimensions:      4224 x 2376
I20260620 13:59:56.250555 0x16e323000 feature_extraction.cc:277]   Camera:          #131 - SIMPLE_RADIAL
I20260620 13:59:56.250560 0x16e323000 feature_extraction.cc:280]   Focal Length:    5068.80px
I20260620 13:59:56.250565 0x16e323000 feature_extraction.cc:284]   Features:        8830 (SIFT)
I20260620 14:00:00.375532 0x16e323000 feature_extraction.cc:262] Processed file [129/300]
I20260620 14:00:00.376165 0x16e323000 feature_extraction.cc:265]   Name:            cell_67_slot_4.jpg
I20260620 14:00:00.376222 0x16e323000 feature_extraction.cc:274]   Dimensions:      4224 x 2376
I20260620 14:00:00.376234 0x16e323000 feature_extraction.cc:277]   Camera:          #133 - SIMPLE_RADIAL
I20260620 14:00:00.376266 0x16e323000 feature_extraction.cc:280]   Focal Length:    5068.80px
I20260620 14:00:00.376456 0x16e323000 feature_extraction.cc:284]   Features:        8727 (SIFT)
I20260620 14:00:01.745299 0x16e323000 feature_extraction.cc:262] Processed file [130/300]
I20260620 14:00:01.745368 0x16e323000 feature_extraction.cc:265]   Name:            cell_67_slot_0.jpg
I20260620 14:00:01.745384 0x16e323000 feature_extraction.cc:274]   Dimensions:      4224 x 2376
I20260620 14:00:01.745488 0x16e323000 feature_extraction.cc:277]   Camera:          #129 - SIMPLE_RADIAL
I20260620 14:00:01.745503 0x16e323000 feature_extraction.cc:280]   Focal Length:    5068.80px
I20260620 14:00:01.745516 0x16e323000 feature_extraction.cc:284]   Features:        8654 (SIFT)
I20260620 14:00:02.472341 0x16e323000 feature_extraction.cc:262] Processed file [131/300]
I20260620 14:00:02.472420 0x16e323000 feature_extraction.cc:265]   Name:            cell_67_slot_5.jpg
I20260620 14:00:02.472426 0x16e323000 feature_extraction.cc:274]   Dimensions:      4224 x 2376
I20260620 14:00:02.472431 0x16e323000 feature_extraction.cc:277]   Camera:          #134 - SIMPLE_RADIAL
I20260620 14:00:02.472443 0x16e323000 feature_extraction.cc:280]   Focal Length:    5068.80px
I20260620 14:00:02.472459 0x16e323000 feature_extraction.cc:284]   Features:        8719 (SIFT)
I20260620 14:00:03.284168 0x16e323000 feature_extraction.cc:262] Processed file [132/300]
I20260620 14:00:03.284248 0x16e323000 feature_extraction.cc:265]   Name:            cell_66_slot_1.jpg
I20260620 14:00:03.284261 0x16e323000 feature_extraction.cc:274]   Dimensions:      4224 x 2376
I20260620 14:00:03.284271 0x16e323000 feature_extraction.cc:277]   Camera:          #126 - SIMPLE_RADIAL
I20260620 14:00:03.284282 0x16e323000 feature_extraction.cc:280]   Focal Length:    5068.80px
I20260620 14:00:03.284296 0x16e323000 feature_extraction.cc:284]   Features:        10637 (SIFT)
I20260620 14:00:05.684408 0x16e323000 feature_extraction.cc:262] Processed file [133/300]
I20260620 14:00:05.684789 0x16e323000 feature_extraction.cc:265]   Name:            cell_67_slot_6.jpg
I20260620 14:00:05.684806 0x16e323000 feature_extraction.cc:274]   Dimensions:      4224 x 2376
I20260620 14:00:05.684812 0x16e323000 feature_extraction.cc:277]   Camera:          #135 - SIMPLE_RADIAL
I20260620 14:00:05.684835 0x16e323000 feature_extraction.cc:280]   Focal Length:    5068.80px
I20260620 14:00:05.684852 0x16e323000 feature_extraction.cc:284]   Features:        8636 (SIFT)
I20260620 14:00:10.383515 0x16e323000 feature_extraction.cc:262] Processed file [134/300]
I20260620 14:00:10.383737 0x16e323000 feature_extraction.cc:265]   Name:            cell_66_slot_2.jpg
I20260620 14:00:10.383770 0x16e323000 feature_extraction.cc:274]   Dimensions:      4224 x 2376
I20260620 14:00:10.383781 0x16e323000 feature_extraction.cc:277]   Camera:          #127 - SIMPLE_RADIAL
I20260620 14:00:10.383824 0x16e323000 feature_extraction.cc:280]   Focal Length:    5068.80px
I20260620 14:00:10.383882 0x16e323000 feature_extraction.cc:284]   Features:        8954 (SIFT)
I20260620 14:00:46.586483 0x16e323000 feature_extraction.cc:262] Processed file [135/300]
I20260620 14:00:46.898702 0x16e323000 feature_extraction.cc:265]   Name:            cell_67_slot_1.jpg
I20260620 14:00:46.898744 0x16e323000 feature_extraction.cc:274]   Dimensions:      4224 x 2376
I20260620 14:00:46.898756 0x16e323000 feature_extraction.cc:277]   Camera:          #130 - SIMPLE_RADIAL
I20260620 14:00:46.898842 0x16e323000 feature_extraction.cc:280]   Focal Length:    5068.80px
I20260620 14:00:46.964636 0x16e323000 feature_extraction.cc:284]   Features:        8734 (SIFT)
I20260620 14:01:46.788227 0x16e323000 feature_extraction.cc:262] Processed file [136/300]
I20260620 14:01:46.791926 0x16e323000 feature_extraction.cc:265]   Name:            cell_68_slot_4.jpg
I20260620 14:01:46.791943 0x16e323000 feature_extraction.cc:274]   Dimensions:      4224 x 2376
I20260620 14:01:46.791947 0x16e323000 feature_extraction.cc:277]   Camera:          #140 - SIMPLE_RADIAL
I20260620 14:01:46.792748 0x16e323000 feature_extraction.cc:280]   Focal Length:    5068.80px
I20260620 14:01:46.794034 0x16e323000 feature_extraction.cc:284]   Features:        12364 (SIFT)
I20260620 14:01:51.785989 0x16e323000 feature_extraction.cc:262] Processed file [137/300]
I20260620 14:01:51.786292 0x16e323000 feature_extraction.cc:265]   Name:            cell_68_slot_6.jpg
I20260620 14:01:51.786311 0x16e323000 feature_extraction.cc:274]   Dimensions:      4224 x 2376
I20260620 14:01:51.786316 0x16e323000 feature_extraction.cc:277]   Camera:          #142 - SIMPLE_RADIAL
I20260620 14:01:51.786340 0x16e323000 feature_extraction.cc:280]   Focal Length:    5068.80px
I20260620 14:01:51.786453 0x16e323000 feature_extraction.cc:284]   Features:        8212 (SIFT)
I20260620 14:01:52.099610 0x16e323000 feature_extraction.cc:262] Processed file [138/300]
I20260620 14:01:52.099653 0x16e323000 feature_extraction.cc:265]   Name:            cell_68_slot_2.jpg
I20260620 14:01:52.099658 0x16e323000 feature_extraction.cc:274]   Dimensions:      4224 x 2376
I20260620 14:01:52.099663 0x16e323000 feature_extraction.cc:277]   Camera:          #138 - SIMPLE_RADIAL
I20260620 14:01:52.099667 0x16e323000 feature_extraction.cc:280]   Focal Length:    5068.80px
I20260620 14:01:52.099673 0x16e323000 feature_extraction.cc:284]   Features:        11985 (SIFT)
I20260620 14:01:53.462929 0x16e323000 feature_extraction.cc:262] Processed file [139/300]
I20260620 14:01:53.462953 0x16e323000 feature_extraction.cc:265]   Name:            cell_68_slot_5.jpg
I20260620 14:01:53.462958 0x16e323000 feature_extraction.cc:274]   Dimensions:      4224 x 2376
I20260620 14:01:53.462962 0x16e323000 feature_extraction.cc:277]   Camera:          #141 - SIMPLE_RADIAL
I20260620 14:01:53.462966 0x16e323000 feature_extraction.cc:280]   Focal Length:    5068.80px
I20260620 14:01:53.462971 0x16e323000 feature_extraction.cc:284]   Features:        12606 (SIFT)
I20260620 14:01:54.072127 0x16e323000 feature_extraction.cc:262] Processed file [140/300]
I20260620 14:01:54.072180 0x16e323000 feature_extraction.cc:265]   Name:            cell_69_slot_1.jpg
I20260620 14:01:54.562485 0x16e323000 feature_extraction.cc:274]   Dimensions:      4224 x 2376
I20260620 14:01:54.562520 0x16e323000 feature_extraction.cc:277]   Camera:          #144 - SIMPLE_RADIAL
I20260620 14:01:54.562561 0x16e323000 feature_extraction.cc:280]   Focal Length:    5068.80px
I20260620 14:01:54.562605 0x16e323000 feature_extraction.cc:284]   Features:        11923 (SIFT)
I20260620 14:01:57.818120 0x16e323000 feature_extraction.cc:262] Processed file [141/300]
I20260620 14:01:57.820161 0x16e323000 feature_extraction.cc:265]   Name:            cell_68_slot_0.jpg
I20260620 14:01:57.820191 0x16e323000 feature_extraction.cc:274]   Dimensions:      4224 x 2376
I20260620 14:01:57.820196 0x16e323000 feature_extraction.cc:277]   Camera:          #136 - SIMPLE_RADIAL
I20260620 14:01:57.820286 0x16e323000 feature_extraction.cc:280]   Focal Length:    5068.80px
I20260620 14:01:57.820308 0x16e323000 feature_extraction.cc:284]   Features:        12263 (SIFT)
I20260620 14:02:02.211707 0x16e323000 feature_extraction.cc:262] Processed file [142/300]
I20260620 14:02:02.211831 0x16e323000 feature_extraction.cc:265]   Name:            cell_68_slot_1.jpg
I20260620 14:02:02.211839 0x16e323000 feature_extraction.cc:274]   Dimensions:      4224 x 2376
I20260620 14:02:02.211844 0x16e323000 feature_extraction.cc:277]   Camera:          #137 - SIMPLE_RADIAL
I20260620 14:02:02.211858 0x16e323000 feature_extraction.cc:280]   Focal Length:    5068.80px
I20260620 14:02:02.211878 0x16e323000 feature_extraction.cc:284]   Features:        9990 (SIFT)
I20260620 14:02:08.030545 0x16e323000 feature_extraction.cc:262] Processed file [143/300]
I20260620 14:02:08.030844 0x16e323000 feature_extraction.cc:265]   Name:            cell_69_slot_0.jpg
I20260620 14:02:08.030867 0x16e323000 feature_extraction.cc:274]   Dimensions:      4224 x 2376
I20260620 14:02:08.030882 0x16e323000 feature_extraction.cc:277]   Camera:          #143 - SIMPLE_RADIAL
I20260620 14:02:08.030901 0x16e323000 feature_extraction.cc:280]   Focal Length:    5068.80px
I20260620 14:02:08.030920 0x16e323000 feature_extraction.cc:284]   Features:        11625 (SIFT)
I20260620 14:02:11.916298 0x16e323000 feature_extraction.cc:262] Processed file [144/300]
I20260620 14:02:11.916365 0x16e323000 feature_extraction.cc:265]   Name:            cell_69_slot_3.jpg
I20260620 14:02:11.916375 0x16e323000 feature_extraction.cc:274]   Dimensions:      4224 x 2376
I20260620 14:02:11.916380 0x16e323000 feature_extraction.cc:277]   Camera:          #146 - SIMPLE_RADIAL
I20260620 14:02:11.916391 0x16e323000 feature_extraction.cc:280]   Focal Length:    5068.80px
I20260620 14:02:11.916405 0x16e323000 feature_extraction.cc:284]   Features:        12774 (SIFT)
I20260620 14:02:21.572180 0x16e323000 feature_extraction.cc:262] Processed file [145/300]
I20260620 14:02:21.572388 0x16e323000 feature_extraction.cc:265]   Name:            cell_68_slot_3.jpg
I20260620 14:02:21.572403 0x16e323000 feature_extraction.cc:274]   Dimensions:      4224 x 2376
I20260620 14:02:21.572407 0x16e323000 feature_extraction.cc:277]   Camera:          #139 - SIMPLE_RADIAL
I20260620 14:02:21.572422 0x16e323000 feature_extraction.cc:280]   Focal Length:    5068.80px
I20260620 14:02:21.572437 0x16e323000 feature_extraction.cc:284]   Features:        12028 (SIFT)
I20260620 14:02:54.710974 0x16e323000 feature_extraction.cc:262] Processed file [146/300]
I20260620 14:02:54.720735 0x16e323000 feature_extraction.cc:265]   Name:            cell_69_slot_2.jpg
I20260620 14:02:54.720748 0x16e323000 feature_extraction.cc:274]   Dimensions:      4224 x 2376
I20260620 14:02:54.720754 0x16e323000 feature_extraction.cc:277]   Camera:          #145 - SIMPLE_RADIAL
I20260620 14:02:54.731118 0x16e323000 feature_extraction.cc:280]   Focal Length:    5068.80px
I20260620 14:02:54.731255 0x16e323000 feature_extraction.cc:284]   Features:        12225 (SIFT)
I20260620 14:03:19.865738 0x16e323000 feature_extraction.cc:262] Processed file [147/300]
I20260620 14:03:19.866950 0x16e323000 feature_extraction.cc:265]   Name:            cell_69_slot_4.jpg
I20260620 14:03:19.866984 0x16e323000 feature_extraction.cc:274]   Dimensions:      4224 x 2376
I20260620 14:03:19.866991 0x16e323000 feature_extraction.cc:277]   Camera:          #147 - SIMPLE_RADIAL
I20260620 14:03:19.867837 0x16e323000 feature_extraction.cc:280]   Focal Length:    5068.80px
I20260620 14:03:19.869229 0x16e323000 feature_extraction.cc:284]   Features:        12199 (SIFT)
I20260620 14:03:37.125041 0x16e323000 feature_extraction.cc:262] Processed file [148/300]
I20260620 14:03:37.125322 0x16e323000 feature_extraction.cc:265]   Name:            cell_71_slot_0.jpg
I20260620 14:03:37.125337 0x16e323000 feature_extraction.cc:274]   Dimensions:      4224 x 2376
I20260620 14:03:37.125343 0x16e323000 feature_extraction.cc:277]   Camera:          #152 - SIMPLE_RADIAL
I20260620 14:03:37.125356 0x16e323000 feature_extraction.cc:280]   Focal Length:    5068.80px
I20260620 14:03:37.125373 0x16e323000 feature_extraction.cc:284]   Features:        9687 (SIFT)
I20260620 14:03:37.881169 0x16e323000 feature_extraction.cc:262] Processed file [149/300]
I20260620 14:03:37.881222 0x16e323000 feature_extraction.cc:265]   Name:            cell_70_slot_1.jpg
I20260620 14:03:37.881228 0x16e323000 feature_extraction.cc:274]   Dimensions:      4224 x 2376
I20260620 14:03:37.881233 0x16e323000 feature_extraction.cc:277]   Camera:          #150 - SIMPLE_RADIAL
I20260620 14:03:37.881237 0x16e323000 feature_extraction.cc:280]   Focal Length:    5068.80px
I20260620 14:03:37.881285 0x16e323000 feature_extraction.cc:284]   Features:        8324 (SIFT)
I20260620 14:03:38.701645 0x16e323000 feature_extraction.cc:262] Processed file [150/300]
I20260620 14:03:38.701690 0x16e323000 feature_extraction.cc:265]   Name:            cell_70_slot_3.jpg
I20260620 14:03:38.701696 0x16e323000 feature_extraction.cc:274]   Dimensions:      4224 x 2376
I20260620 14:03:38.701700 0x16e323000 feature_extraction.cc:277]   Camera:          #151 - SIMPLE_RADIAL
I20260620 14:03:38.701705 0x16e323000 feature_extraction.cc:280]   Focal Length:    5068.80px
I20260620 14:03:38.701734 0x16e323000 feature_extraction.cc:284]   Features:        12745 (SIFT)
I20260620 14:04:00.738769 0x16e323000 feature_extraction.cc:262] Processed file [151/300]
I20260620 14:04:00.739033 0x16e323000 feature_extraction.cc:265]   Name:            cell_71_slot_3.jpg
I20260620 14:04:00.739051 0x16e323000 feature_extraction.cc:274]   Dimensions:      3840 x 2160
I20260620 14:04:00.739057 0x16e323000 feature_extraction.cc:277]   Camera:          #155 - SIMPLE_RADIAL
I20260620 14:04:00.739070 0x16e323000 feature_extraction.cc:280]   Focal Length:    4608.00px
I20260620 14:04:00.739087 0x16e323000 feature_extraction.cc:284]   Features:        12017 (SIFT)
I20260620 14:04:03.178646 0x16e323000 feature_extraction.cc:262] Processed file [152/300]
I20260620 14:04:03.178699 0x16e323000 feature_extraction.cc:265]   Name:            cell_71_slot_1.jpg
I20260620 14:04:03.178705 0x16e323000 feature_extraction.cc:274]   Dimensions:      4224 x 2376
I20260620 14:04:03.178709 0x16e323000 feature_extraction.cc:277]   Camera:          #153 - SIMPLE_RADIAL
I20260620 14:04:03.178717 0x16e323000 feature_extraction.cc:280]   Focal Length:    5068.80px
I20260620 14:04:03.178727 0x16e323000 feature_extraction.cc:284]   Features:        8436 (SIFT)
I20260620 14:04:06.161588 0x16e323000 feature_extraction.cc:262] Processed file [153/300]
I20260620 14:04:06.161794 0x16e323000 feature_extraction.cc:265]   Name:            cell_71_slot_4.jpg
I20260620 14:04:06.161813 0x16e323000 feature_extraction.cc:274]   Dimensions:      4224 x 2376
I20260620 14:04:06.161818 0x16e323000 feature_extraction.cc:277]   Camera:          #156 - SIMPLE_RADIAL
I20260620 14:04:06.161838 0x16e323000 feature_extraction.cc:280]   Focal Length:    5068.80px
I20260620 14:04:06.161847 0x16e323000 feature_extraction.cc:284]   Features:        11687 (SIFT)
I20260620 14:04:12.850036 0x16e323000 feature_extraction.cc:262] Processed file [154/300]
I20260620 14:04:12.851923 0x16e323000 feature_extraction.cc:265]   Name:            cell_69_slot_5.jpg
I20260620 14:04:12.851951 0x16e323000 feature_extraction.cc:274]   Dimensions:      4224 x 2376
I20260620 14:04:12.851957 0x16e323000 feature_extraction.cc:277]   Camera:          #148 - SIMPLE_RADIAL
I20260620 14:04:12.851974 0x16e323000 feature_extraction.cc:280]   Focal Length:    5068.80px
I20260620 14:04:12.851998 0x16e323000 feature_extraction.cc:284]   Features:        13273 (SIFT)
I20260620 14:04:13.995994 0x16e323000 feature_extraction.cc:262] Processed file [155/300]
I20260620 14:04:13.996066 0x16e323000 feature_extraction.cc:265]   Name:            cell_70_slot_0.jpg
I20260620 14:04:13.996078 0x16e323000 feature_extraction.cc:274]   Dimensions:      4224 x 2376
I20260620 14:04:13.996083 0x16e323000 feature_extraction.cc:277]   Camera:          #149 - SIMPLE_RADIAL
I20260620 14:04:13.996088 0x16e323000 feature_extraction.cc:280]   Focal Length:    5068.80px
I20260620 14:04:13.996162 0x16e323000 feature_extraction.cc:284]   Features:        8367 (SIFT)
I20260620 14:04:28.160272 0x16e323000 feature_extraction.cc:262] Processed file [156/300]
I20260620 14:04:28.160593 0x16e323000 feature_extraction.cc:265]   Name:            cell_71_slot_5.jpg
I20260620 14:04:28.160610 0x16e323000 feature_extraction.cc:274]   Dimensions:      4224 x 2376
I20260620 14:04:28.160615 0x16e323000 feature_extraction.cc:277]   Camera:          #157 - SIMPLE_RADIAL
I20260620 14:04:28.160629 0x16e323000 feature_extraction.cc:280]   Focal Length:    5068.80px
I20260620 14:04:28.160655 0x16e323000 feature_extraction.cc:284]   Features:        11418 (SIFT)
I20260620 14:04:48.516079 0x16e323000 feature_extraction.cc:262] Processed file [157/300]
I20260620 14:04:48.516359 0x16e323000 feature_extraction.cc:265]   Name:            cell_71_slot_2.jpg
I20260620 14:04:48.516374 0x16e323000 feature_extraction.cc:274]   Dimensions:      4224 x 2376
I20260620 14:04:48.516379 0x16e323000 feature_extraction.cc:277]   Camera:          #154 - SIMPLE_RADIAL
I20260620 14:04:48.516398 0x16e323000 feature_extraction.cc:280]   Focal Length:    5068.80px
I20260620 14:04:48.516421 0x16e323000 feature_extraction.cc:284]   Features:        11567 (SIFT)
I20260620 14:05:31.975789 0x16e323000 feature_extraction.cc:262] Processed file [158/300]
I20260620 14:05:31.985824 0x16e323000 feature_extraction.cc:265]   Name:            cell_71_slot_6.jpg
I20260620 14:05:31.985837 0x16e323000 feature_extraction.cc:274]   Dimensions:      4224 x 2376
I20260620 14:05:31.985841 0x16e323000 feature_extraction.cc:277]   Camera:          #158 - SIMPLE_RADIAL
I20260620 14:05:31.989634 0x16e323000 feature_extraction.cc:280]   Focal Length:    5068.80px
I20260620 14:05:31.989659 0x16e323000 feature_extraction.cc:284]   Features:        10075 (SIFT)
I20260620 14:06:20.680697 0x16e323000 feature_extraction.cc:262] Processed file [159/300]
I20260620 14:06:20.696671 0x16e323000 feature_extraction.cc:265]   Name:            cell_76_slot_0.jpg
I20260620 14:06:20.696700 0x16e323000 feature_extraction.cc:274]   Dimensions:      4224 x 2376
I20260620 14:06:20.696705 0x16e323000 feature_extraction.cc:277]   Camera:          #162 - SIMPLE_RADIAL
I20260620 14:06:20.701356 0x16e323000 feature_extraction.cc:280]   Focal Length:    5068.80px
I20260620 14:06:20.701394 0x16e323000 feature_extraction.cc:284]   Features:        6143 (SIFT)
I20260620 14:06:22.216359 0x16e323000 feature_extraction.cc:262] Processed file [160/300]
I20260620 14:06:22.216426 0x16e323000 feature_extraction.cc:265]   Name:            cell_71_slot_7.jpg
I20260620 14:06:22.216433 0x16e323000 feature_extraction.cc:274]   Dimensions:      4224 x 2376
I20260620 14:06:22.216437 0x16e323000 feature_extraction.cc:277]   Camera:          #159 - SIMPLE_RADIAL
I20260620 14:06:22.216442 0x16e323000 feature_extraction.cc:280]   Focal Length:    5068.80px
I20260620 14:06:22.216448 0x16e323000 feature_extraction.cc:284]   Features:        10263 (SIFT)
I20260620 14:06:28.862405 0x16e323000 feature_extraction.cc:262] Processed file [161/300]
I20260620 14:06:28.864060 0x16e323000 feature_extraction.cc:265]   Name:            cell_72_slot_0.jpg
I20260620 14:06:28.864076 0x16e323000 feature_extraction.cc:274]   Dimensions:      4224 x 2376
I20260620 14:06:28.864082 0x16e323000 feature_extraction.cc:277]   Camera:          #160 - SIMPLE_RADIAL
I20260620 14:06:28.864097 0x16e323000 feature_extraction.cc:280]   Focal Length:    5068.80px
I20260620 14:06:28.864129 0x16e323000 feature_extraction.cc:284]   Features:        8981 (SIFT)
I20260620 14:06:29.627014 0x16e323000 feature_extraction.cc:262] Processed file [162/300]
I20260620 14:06:29.627072 0x16e323000 feature_extraction.cc:265]   Name:            cell_77_slot_1.jpg
I20260620 14:06:29.627078 0x16e323000 feature_extraction.cc:274]   Dimensions:      4224 x 2376
I20260620 14:06:29.627082 0x16e323000 feature_extraction.cc:277]   Camera:          #166 - SIMPLE_RADIAL
I20260620 14:06:29.627087 0x16e323000 feature_extraction.cc:280]   Focal Length:    5068.80px
I20260620 14:06:29.627091 0x16e323000 feature_extraction.cc:284]   Features:        12431 (SIFT)
I20260620 14:06:30.387279 0x16e323000 feature_extraction.cc:262] Processed file [163/300]
I20260620 14:06:30.392238 0x16e323000 feature_extraction.cc:265]   Name:            cell_72_slot_5.jpg
I20260620 14:06:30.392256 0x16e323000 feature_extraction.cc:274]   Dimensions:      4224 x 2376
I20260620 14:06:30.392262 0x16e323000 feature_extraction.cc:277]   Camera:          #161 - SIMPLE_RADIAL
I20260620 14:06:30.392268 0x16e323000 feature_extraction.cc:280]   Focal Length:    5068.80px
I20260620 14:06:30.392274 0x16e323000 feature_extraction.cc:284]   Features:        10880 (SIFT)
I20260620 14:06:44.008647 0x16e323000 feature_extraction.cc:262] Processed file [164/300]
I20260620 14:06:44.008930 0x16e323000 feature_extraction.cc:265]   Name:            cell_76_slot_2.jpg
I20260620 14:06:44.008943 0x16e323000 feature_extraction.cc:274]   Dimensions:      4224 x 2376
I20260620 14:06:44.008948 0x16e323000 feature_extraction.cc:277]   Camera:          #164 - SIMPLE_RADIAL
I20260620 14:06:44.008961 0x16e323000 feature_extraction.cc:280]   Focal Length:    5068.80px
I20260620 14:06:44.008975 0x16e323000 feature_extraction.cc:284]   Features:        9072 (SIFT)
I20260620 14:06:44.387762 0x16e323000 feature_extraction.cc:262] Processed file [165/300]
I20260620 14:06:44.387848 0x16e323000 feature_extraction.cc:265]   Name:            cell_77_slot_2.jpg
I20260620 14:06:44.387866 0x16e323000 feature_extraction.cc:274]   Dimensions:      4224 x 2376
I20260620 14:06:44.387895 0x16e323000 feature_extraction.cc:277]   Camera:          #167 - SIMPLE_RADIAL
I20260620 14:06:44.387963 0x16e323000 feature_extraction.cc:280]   Focal Length:    5068.80px
I20260620 14:06:44.388001 0x16e323000 feature_extraction.cc:284]   Features:        12527 (SIFT)
I20260620 14:06:54.825053 0x16e323000 feature_extraction.cc:262] Processed file [166/300]
I20260620 14:06:54.825353 0x16e323000 feature_extraction.cc:265]   Name:            cell_77_slot_3.jpg
I20260620 14:06:54.825365 0x16e323000 feature_extraction.cc:274]   Dimensions:      4224 x 2376
I20260620 14:06:54.825369 0x16e323000 feature_extraction.cc:277]   Camera:          #168 - SIMPLE_RADIAL
I20260620 14:06:54.825389 0x16e323000 feature_extraction.cc:280]   Focal Length:    5068.80px
I20260620 14:06:54.825404 0x16e323000 feature_extraction.cc:284]   Features:        13110 (SIFT)
I20260620 14:06:59.146843 0x16e323000 feature_extraction.cc:262] Processed file [167/300]
I20260620 14:06:59.146996 0x16e323000 feature_extraction.cc:265]   Name:            cell_77_slot_0.jpg
I20260620 14:06:59.147006 0x16e323000 feature_extraction.cc:274]   Dimensions:      4224 x 2376
I20260620 14:06:59.147014 0x16e323000 feature_extraction.cc:277]   Camera:          #165 - SIMPLE_RADIAL
I20260620 14:06:59.147033 0x16e323000 feature_extraction.cc:280]   Focal Length:    5068.80px
I20260620 14:06:59.147088 0x16e323000 feature_extraction.cc:284]   Features:        11790 (SIFT)
I20260620 14:07:05.868144 0x16e323000 feature_extraction.cc:262] Processed file [168/300]
I20260620 14:07:05.868469 0x16e323000 feature_extraction.cc:265]   Name:            cell_76_slot_1.jpg
I20260620 14:07:05.868487 0x16e323000 feature_extraction.cc:274]   Dimensions:      4224 x 2376
I20260620 14:07:05.868494 0x16e323000 feature_extraction.cc:277]   Camera:          #163 - SIMPLE_RADIAL
I20260620 14:07:05.868519 0x16e323000 feature_extraction.cc:280]   Focal Length:    5068.80px
I20260620 14:07:05.868559 0x16e323000 feature_extraction.cc:284]   Features:        11261 (SIFT)
I20260620 14:07:45.025413 0x16e323000 feature_extraction.cc:262] Processed file [169/300]
I20260620 14:07:45.027574 0x16e323000 feature_extraction.cc:265]   Name:            cell_77_slot_4.jpg
I20260620 14:07:45.027588 0x16e323000 feature_extraction.cc:274]   Dimensions:      4224 x 2376
I20260620 14:07:45.027596 0x16e323000 feature_extraction.cc:277]   Camera:          #169 - SIMPLE_RADIAL
I20260620 14:07:45.028599 0x16e323000 feature_extraction.cc:280]   Focal Length:    5068.80px
I20260620 14:07:45.028621 0x16e323000 feature_extraction.cc:284]   Features:        11351 (SIFT)
I20260620 14:08:26.963798 0x16e323000 feature_extraction.cc:262] Processed file [170/300]
I20260620 14:08:26.965761 0x16e323000 feature_extraction.cc:265]   Name:            cell_78_slot_1.jpg
I20260620 14:08:26.965780 0x16e323000 feature_extraction.cc:274]   Dimensions:      4224 x 2376
I20260620 14:08:26.965786 0x16e323000 feature_extraction.cc:277]   Camera:          #172 - SIMPLE_RADIAL
I20260620 14:08:26.966281 0x16e323000 feature_extraction.cc:280]   Focal Length:    5068.80px
I20260620 14:08:26.966333 0x16e323000 feature_extraction.cc:284]   Features:        8503 (SIFT)
I20260620 14:08:33.732954 0x16e323000 feature_extraction.cc:262] Processed file [171/300]
I20260620 14:08:33.733237 0x16e323000 feature_extraction.cc:265]   Name:            cell_78_slot_10.jpg
I20260620 14:08:33.733288 0x16e323000 feature_extraction.cc:274]   Dimensions:      4224 x 2376
I20260620 14:08:33.733318 0x16e323000 feature_extraction.cc:277]   Camera:          #173 - SIMPLE_RADIAL
I20260620 14:08:33.733350 0x16e323000 feature_extraction.cc:280]   Focal Length:    5068.80px
I20260620 14:08:33.733374 0x16e323000 feature_extraction.cc:284]   Features:        12496 (SIFT)
I20260620 14:08:34.768022 0x16e323000 feature_extraction.cc:262] Processed file [172/300]
I20260620 14:08:34.768063 0x16e323000 feature_extraction.cc:265]   Name:            cell_78_slot_2.jpg
I20260620 14:08:34.768068 0x16e323000 feature_extraction.cc:274]   Dimensions:      4224 x 2376
I20260620 14:08:34.768072 0x16e323000 feature_extraction.cc:277]   Camera:          #175 - SIMPLE_RADIAL
I20260620 14:08:34.768077 0x16e323000 feature_extraction.cc:280]   Focal Length:    5068.80px
I20260620 14:08:34.768082 0x16e323000 feature_extraction.cc:284]   Features:        8334 (SIFT)
I20260620 14:08:36.488123 0x16e323000 feature_extraction.cc:262] Processed file [173/300]
I20260620 14:08:36.488159 0x16e323000 feature_extraction.cc:265]   Name:            cell_78_slot_11.jpg
I20260620 14:08:36.488165 0x16e323000 feature_extraction.cc:274]   Dimensions:      4224 x 2376
I20260620 14:08:36.488169 0x16e323000 feature_extraction.cc:277]   Camera:          #174 - SIMPLE_RADIAL
I20260620 14:08:36.488175 0x16e323000 feature_extraction.cc:280]   Focal Length:    5068.80px
I20260620 14:08:36.488182 0x16e323000 feature_extraction.cc:284]   Features:        11883 (SIFT)
I20260620 14:08:43.315389 0x16e323000 feature_extraction.cc:262] Processed file [174/300]
I20260620 14:08:43.316919 0x16e323000 feature_extraction.cc:265]   Name:            cell_77_slot_5.jpg
I20260620 14:08:43.316938 0x16e323000 feature_extraction.cc:274]   Dimensions:      4224 x 2376
I20260620 14:08:43.316944 0x16e323000 feature_extraction.cc:277]   Camera:          #170 - SIMPLE_RADIAL
I20260620 14:08:43.317226 0x16e323000 feature_extraction.cc:280]   Focal Length:    5068.80px
I20260620 14:08:43.317602 0x16e323000 feature_extraction.cc:284]   Features:        10328 (SIFT)
I20260620 14:08:44.317501 0x16e323000 feature_extraction.cc:262] Processed file [175/300]
I20260620 14:08:44.317530 0x16e323000 feature_extraction.cc:265]   Name:            cell_78_slot_4.jpg
I20260620 14:08:44.317535 0x16e323000 feature_extraction.cc:274]   Dimensions:      4224 x 2376
I20260620 14:08:44.317539 0x16e323000 feature_extraction.cc:277]   Camera:          #177 - SIMPLE_RADIAL
I20260620 14:08:44.317543 0x16e323000 feature_extraction.cc:280]   Focal Length:    5068.80px
I20260620 14:08:44.317548 0x16e323000 feature_extraction.cc:284]   Features:        8503 (SIFT)
I20260620 14:08:45.112794 0x16e323000 feature_extraction.cc:262] Processed file [176/300]
I20260620 14:08:45.112825 0x16e323000 feature_extraction.cc:265]   Name:            cell_78_slot_3.jpg
I20260620 14:08:45.112830 0x16e323000 feature_extraction.cc:274]   Dimensions:      4224 x 2376
I20260620 14:08:45.112834 0x16e323000 feature_extraction.cc:277]   Camera:          #176 - SIMPLE_RADIAL
I20260620 14:08:45.112839 0x16e323000 feature_extraction.cc:280]   Focal Length:    5068.80px
I20260620 14:08:45.112845 0x16e323000 feature_extraction.cc:284]   Features:        8854 (SIFT)
I20260620 14:09:02.475363 0x16e323000 feature_extraction.cc:262] Processed file [177/300]
I20260620 14:09:02.475882 0x16e323000 feature_extraction.cc:265]   Name:            cell_78_slot_5.jpg
I20260620 14:09:02.475895 0x16e323000 feature_extraction.cc:274]   Dimensions:      4224 x 2376
I20260620 14:09:02.475900 0x16e323000 feature_extraction.cc:277]   Camera:          #178 - SIMPLE_RADIAL
I20260620 14:09:02.476042 0x16e323000 feature_extraction.cc:280]   Focal Length:    5068.80px
I20260620 14:09:02.476168 0x16e323000 feature_extraction.cc:284]   Features:        8193 (SIFT)
I20260620 14:09:17.821941 0x16e323000 feature_extraction.cc:262] Processed file [178/300]
I20260620 14:09:17.822343 0x16e323000 feature_extraction.cc:265]   Name:            cell_78_slot_0.jpg
I20260620 14:09:17.822382 0x16e323000 feature_extraction.cc:274]   Dimensions:      4224 x 2376
I20260620 14:09:17.822394 0x16e323000 feature_extraction.cc:277]   Camera:          #171 - SIMPLE_RADIAL
I20260620 14:09:17.822458 0x16e323000 feature_extraction.cc:280]   Focal Length:    5068.80px
I20260620 14:09:17.822489 0x16e323000 feature_extraction.cc:284]   Features:        8205 (SIFT)
I20260620 14:09:18.422611 0x16e323000 feature_extraction.cc:262] Processed file [179/300]
I20260620 14:09:18.422673 0x16e323000 feature_extraction.cc:265]   Name:            cell_78_slot_7.jpg
I20260620 14:09:18.422684 0x16e323000 feature_extraction.cc:274]   Dimensions:      4224 x 2376
I20260620 14:09:18.422693 0x16e323000 feature_extraction.cc:277]   Camera:          #180 - SIMPLE_RADIAL
I20260620 14:09:18.422702 0x16e323000 feature_extraction.cc:280]   Focal Length:    5068.80px
I20260620 14:09:18.422713 0x16e323000 feature_extraction.cc:284]   Features:        13126 (SIFT)
I20260620 14:09:59.700044 0x16e323000 feature_extraction.cc:262] Processed file [180/300]
I20260620 14:09:59.701410 0x16e323000 feature_extraction.cc:265]   Name:            cell_78_slot_6.jpg
I20260620 14:09:59.701423 0x16e323000 feature_extraction.cc:274]   Dimensions:      4224 x 2376
I20260620 14:09:59.701428 0x16e323000 feature_extraction.cc:277]   Camera:          #179 - SIMPLE_RADIAL
I20260620 14:09:59.702497 0x16e323000 feature_extraction.cc:280]   Focal Length:    5068.80px
I20260620 14:09:59.703010 0x16e323000 feature_extraction.cc:284]   Features:        8578 (SIFT)
I20260620 14:10:34.145482 0x16e323000 feature_extraction.cc:262] Processed file [181/300]
I20260620 14:10:34.147935 0x16e323000 feature_extraction.cc:265]   Name:            cell_79_slot_2.jpg
I20260620 14:10:34.147952 0x16e323000 feature_extraction.cc:274]   Dimensions:      4224 x 2376
I20260620 14:10:34.147958 0x16e323000 feature_extraction.cc:277]   Camera:          #185 - SIMPLE_RADIAL
I20260620 14:10:34.147971 0x16e323000 feature_extraction.cc:280]   Focal Length:    5068.80px
I20260620 14:10:34.148515 0x16e323000 feature_extraction.cc:284]   Features:        8223 (SIFT)
I20260620 14:10:45.519129 0x16e323000 feature_extraction.cc:262] Processed file [182/300]
I20260620 14:10:45.519812 0x16e323000 feature_extraction.cc:265]   Name:            cell_80_slot_1.jpg
I20260620 14:10:45.519877 0x16e323000 feature_extraction.cc:274]   Dimensions:      4224 x 2376
I20260620 14:10:45.519956 0x16e323000 feature_extraction.cc:277]   Camera:          #187 - SIMPLE_RADIAL
I20260620 14:10:45.520174 0x16e323000 feature_extraction.cc:280]   Focal Length:    5068.80px
I20260620 14:10:45.520227 0x16e323000 feature_extraction.cc:284]   Features:        11373 (SIFT)
I20260620 14:10:49.950233 0x16e323000 feature_extraction.cc:262] Processed file [183/300]
I20260620 14:10:49.950335 0x16e323000 feature_extraction.cc:265]   Name:            cell_78_slot_8.jpg
I20260620 14:10:49.950356 0x16e323000 feature_extraction.cc:274]   Dimensions:      4224 x 2376
I20260620 14:10:49.950446 0x16e323000 feature_extraction.cc:277]   Camera:          #181 - SIMPLE_RADIAL
I20260620 14:10:49.950470 0x16e323000 feature_extraction.cc:280]   Focal Length:    5068.80px
I20260620 14:10:49.950488 0x16e323000 feature_extraction.cc:284]   Features:        13284 (SIFT)
I20260620 14:10:58.416964 0x16e323000 feature_extraction.cc:262] Processed file [184/300]
I20260620 14:10:58.417288 0x16e323000 feature_extraction.cc:265]   Name:            cell_80_slot_2.jpg
I20260620 14:10:58.417311 0x16e323000 feature_extraction.cc:274]   Dimensions:      4224 x 2376
I20260620 14:10:58.417317 0x16e323000 feature_extraction.cc:277]   Camera:          #189 - SIMPLE_RADIAL
I20260620 14:10:58.417331 0x16e323000 feature_extraction.cc:280]   Focal Length:    5068.80px
I20260620 14:10:58.417352 0x16e323000 feature_extraction.cc:284]   Features:        9961 (SIFT)
I20260620 14:11:06.983653 0x16e323000 feature_extraction.cc:262] Processed file [185/300]
I20260620 14:11:06.984909 0x16e323000 feature_extraction.cc:265]   Name:            cell_78_slot_9.jpg
I20260620 14:11:06.984921 0x16e323000 feature_extraction.cc:274]   Dimensions:      4224 x 2376
I20260620 14:11:06.984926 0x16e323000 feature_extraction.cc:277]   Camera:          #182 - SIMPLE_RADIAL
I20260620 14:11:06.985235 0x16e323000 feature_extraction.cc:280]   Focal Length:    5068.80px
I20260620 14:11:06.985685 0x16e323000 feature_extraction.cc:284]   Features:        12418 (SIFT)
I20260620 14:11:08.389840 0x16e323000 feature_extraction.cc:262] Processed file [186/300]
I20260620 14:11:08.389870 0x16e323000 feature_extraction.cc:265]   Name:            cell_80_slot_10.jpg
I20260620 14:11:08.389878 0x16e323000 feature_extraction.cc:274]   Dimensions:      4224 x 2376
I20260620 14:11:08.389883 0x16e323000 feature_extraction.cc:277]   Camera:          #188 - SIMPLE_RADIAL
I20260620 14:11:08.389890 0x16e323000 feature_extraction.cc:280]   Focal Length:    5068.80px
I20260620 14:11:08.389895 0x16e323000 feature_extraction.cc:284]   Features:        11415 (SIFT)
I20260620 14:11:27.548884 0x16e323000 feature_extraction.cc:262] Processed file [187/300]
I20260620 14:11:27.550883 0x16e323000 feature_extraction.cc:265]   Name:            cell_80_slot_0.jpg
I20260620 14:11:27.550913 0x16e323000 feature_extraction.cc:274]   Dimensions:      4224 x 2376
I20260620 14:11:27.551051 0x16e323000 feature_extraction.cc:277]   Camera:          #186 - SIMPLE_RADIAL
I20260620 14:11:27.551979 0x16e323000 feature_extraction.cc:280]   Focal Length:    5068.80px
I20260620 14:11:27.552956 0x16e323000 feature_extraction.cc:284]   Features:        9687 (SIFT)
I20260620 14:11:28.725110 0x16e323000 feature_extraction.cc:262] Processed file [188/300]
I20260620 14:11:28.725168 0x16e323000 feature_extraction.cc:265]   Name:            cell_79_slot_0.jpg
I20260620 14:11:28.725179 0x16e323000 feature_extraction.cc:274]   Dimensions:      4224 x 2376
I20260620 14:11:28.725185 0x16e323000 feature_extraction.cc:277]   Camera:          #183 - SIMPLE_RADIAL
I20260620 14:11:28.725190 0x16e323000 feature_extraction.cc:280]   Focal Length:    5068.80px
I20260620 14:11:28.725197 0x16e323000 feature_extraction.cc:284]   Features:        8811 (SIFT)
I20260620 14:11:49.781404 0x16e323000 feature_extraction.cc:262] Processed file [189/300]
I20260620 14:11:49.781697 0x16e323000 feature_extraction.cc:265]   Name:            cell_79_slot_1.jpg
I20260620 14:11:49.781714 0x16e323000 feature_extraction.cc:274]   Dimensions:      4224 x 2376
I20260620 14:11:49.781719 0x16e323000 feature_extraction.cc:277]   Camera:          #184 - SIMPLE_RADIAL
I20260620 14:11:49.782717 0x16e323000 feature_extraction.cc:280]   Focal Length:    5068.80px
I20260620 14:11:49.783503 0x16e323000 feature_extraction.cc:284]   Features:        12054 (SIFT)
I20260620 14:11:52.498774 0x16e323000 feature_extraction.cc:262] Processed file [190/300]
I20260620 14:11:52.498825 0x16e323000 feature_extraction.cc:265]   Name:            cell_80_slot_4.jpg
I20260620 14:11:52.498831 0x16e323000 feature_extraction.cc:274]   Dimensions:      4224 x 2376
I20260620 14:11:52.498835 0x16e323000 feature_extraction.cc:277]   Camera:          #191 - SIMPLE_RADIAL
I20260620 14:11:52.498840 0x16e323000 feature_extraction.cc:280]   Focal Length:    5068.80px
I20260620 14:11:52.498846 0x16e323000 feature_extraction.cc:284]   Features:        10831 (SIFT)
I20260620 14:12:42.233286 0x16e323000 feature_extraction.cc:262] Processed file [191/300]
I20260620 14:12:42.235991 0x16e323000 feature_extraction.cc:265]   Name:            cell_80_slot_3.jpg
I20260620 14:12:42.236000 0x16e323000 feature_extraction.cc:274]   Dimensions:      4224 x 2376
I20260620 14:12:42.236005 0x16e323000 feature_extraction.cc:277]   Camera:          #190 - SIMPLE_RADIAL
I20260620 14:12:42.236307 0x16e323000 feature_extraction.cc:280]   Focal Length:    5068.80px
I20260620 14:12:42.236326 0x16e323000 feature_extraction.cc:284]   Features:        10494 (SIFT)
I20260620 14:12:56.054081 0x16e323000 feature_extraction.cc:262] Processed file [192/300]
I20260620 14:12:56.054303 0x16e323000 feature_extraction.cc:265]   Name:            cell_80_slot_5.jpg
I20260620 14:12:56.054317 0x16e323000 feature_extraction.cc:274]   Dimensions:      4224 x 2376
I20260620 14:12:56.054323 0x16e323000 feature_extraction.cc:277]   Camera:          #192 - SIMPLE_RADIAL
I20260620 14:12:56.054342 0x16e323000 feature_extraction.cc:280]   Focal Length:    5068.80px
I20260620 14:12:56.054356 0x16e323000 feature_extraction.cc:284]   Features:        10710 (SIFT)
I20260620 14:13:07.891706 0x16e323000 feature_extraction.cc:262] Processed file [193/300]
I20260620 14:13:07.891953 0x16e323000 feature_extraction.cc:265]   Name:            cell_80_slot_7.jpg
I20260620 14:13:07.891969 0x16e323000 feature_extraction.cc:274]   Dimensions:      4224 x 2376
I20260620 14:13:07.891974 0x16e323000 feature_extraction.cc:277]   Camera:          #194 - SIMPLE_RADIAL
I20260620 14:13:07.891989 0x16e323000 feature_extraction.cc:280]   Focal Length:    5068.80px
I20260620 14:13:07.892009 0x16e323000 feature_extraction.cc:284]   Features:        8211 (SIFT)
I20260620 14:13:11.401525 0x16e323000 feature_extraction.cc:262] Processed file [194/300]
I20260620 14:13:11.401593 0x16e323000 feature_extraction.cc:265]   Name:            cell_80_slot_9.jpg
I20260620 14:13:11.709700 0x16e323000 feature_extraction.cc:274]   Dimensions:      4224 x 2376
I20260620 14:13:11.709735 0x16e323000 feature_extraction.cc:277]   Camera:          #196 - SIMPLE_RADIAL
I20260620 14:13:11.709759 0x16e323000 feature_extraction.cc:280]   Focal Length:    5068.80px
I20260620 14:13:11.709785 0x16e323000 feature_extraction.cc:284]   Features:        11317 (SIFT)
I20260620 14:13:37.003823 0x16e323000 feature_extraction.cc:262] Processed file [195/300]
I20260620 14:13:37.003904 0x16e323000 feature_extraction.cc:265]   Name:            cell_80_slot_6.jpg
I20260620 14:13:37.003910 0x16e323000 feature_extraction.cc:274]   Dimensions:      4224 x 2376
I20260620 14:13:37.003915 0x16e323000 feature_extraction.cc:277]   Camera:          #193 - SIMPLE_RADIAL
I20260620 14:13:37.004326 0x16e323000 feature_extraction.cc:280]   Focal Length:    5068.80px
I20260620 14:13:37.004774 0x16e323000 feature_extraction.cc:284]   Features:        10884 (SIFT)
I20260620 14:13:53.210144 0x16e323000 feature_extraction.cc:262] Processed file [196/300]
I20260620 14:13:53.210408 0x16e323000 feature_extraction.cc:265]   Name:            cell_81_slot_3.jpg
I20260620 14:13:53.210423 0x16e323000 feature_extraction.cc:274]   Dimensions:      4224 x 2376
I20260620 14:13:53.210430 0x16e323000 feature_extraction.cc:277]   Camera:          #200 - SIMPLE_RADIAL
I20260620 14:13:53.210444 0x16e323000 feature_extraction.cc:280]   Focal Length:    5068.80px
I20260620 14:13:53.210460 0x16e323000 feature_extraction.cc:284]   Features:        9403 (SIFT)
I20260620 14:13:54.723985 0x16e323000 feature_extraction.cc:262] Processed file [197/300]
I20260620 14:13:54.724136 0x16e323000 feature_extraction.cc:265]   Name:            cell_81_slot_0.jpg
I20260620 14:13:54.724195 0x16e323000 feature_extraction.cc:274]   Dimensions:      4224 x 2376
I20260620 14:13:54.724224 0x16e323000 feature_extraction.cc:277]   Camera:          #197 - SIMPLE_RADIAL
I20260620 14:13:54.724232 0x16e323000 feature_extraction.cc:280]   Focal Length:    5068.80px
I20260620 14:13:54.724238 0x16e323000 feature_extraction.cc:284]   Features:        10049 (SIFT)
I20260620 14:13:56.657430 0x16e323000 feature_extraction.cc:262] Processed file [198/300]
I20260620 14:13:56.657576 0x16e323000 feature_extraction.cc:265]   Name:            cell_80_slot_8.jpg
I20260620 14:13:56.657583 0x16e323000 feature_extraction.cc:274]   Dimensions:      4224 x 2376
I20260620 14:13:56.657588 0x16e323000 feature_extraction.cc:277]   Camera:          #195 - SIMPLE_RADIAL
I20260620 14:13:56.657605 0x16e323000 feature_extraction.cc:280]   Focal Length:    5068.80px
I20260620 14:13:56.657621 0x16e323000 feature_extraction.cc:284]   Features:        10382 (SIFT)
I20260620 14:14:07.423628 0x16e323000 feature_extraction.cc:262] Processed file [199/300]
I20260620 14:14:07.426120 0x16e323000 feature_extraction.cc:265]   Name:            cell_81_slot_2.jpg
I20260620 14:14:07.426141 0x16e323000 feature_extraction.cc:274]   Dimensions:      3840 x 2160
I20260620 14:14:07.426146 0x16e323000 feature_extraction.cc:277]   Camera:          #199 - SIMPLE_RADIAL
I20260620 14:14:07.426159 0x16e323000 feature_extraction.cc:280]   Focal Length:    4608.00px
I20260620 14:14:07.426176 0x16e323000 feature_extraction.cc:284]   Features:        8720 (SIFT)
I20260620 14:14:08.564324 0x16e323000 feature_extraction.cc:262] Processed file [200/300]
I20260620 14:14:08.564358 0x16e323000 feature_extraction.cc:265]   Name:            cell_81_slot_4.jpg
I20260620 14:14:08.564363 0x16e323000 feature_extraction.cc:274]   Dimensions:      4224 x 2376
I20260620 14:14:08.564367 0x16e323000 feature_extraction.cc:277]   Camera:          #201 - SIMPLE_RADIAL
I20260620 14:14:08.564371 0x16e323000 feature_extraction.cc:280]   Focal Length:    5068.80px
I20260620 14:14:08.564378 0x16e323000 feature_extraction.cc:284]   Features:        10061 (SIFT)
I20260620 14:14:50.563493 0x16e323000 feature_extraction.cc:262] Processed file [201/300]
I20260620 14:14:50.565367 0x16e323000 feature_extraction.cc:265]   Name:            cell_81_slot_1.jpg
I20260620 14:14:50.565383 0x16e323000 feature_extraction.cc:274]   Dimensions:      4224 x 2376
I20260620 14:14:50.565388 0x16e323000 feature_extraction.cc:277]   Camera:          #198 - SIMPLE_RADIAL
I20260620 14:14:50.565775 0x16e323000 feature_extraction.cc:280]   Focal Length:    5068.80px
I20260620 14:14:50.566081 0x16e323000 feature_extraction.cc:284]   Features:        8974 (SIFT)
I20260620 14:15:40.092898 0x16e323000 feature_extraction.cc:262] Processed file [202/300]
I20260620 14:15:40.096080 0x16e323000 feature_extraction.cc:265]   Name:            cell_82_slot_3.jpg
I20260620 14:15:40.096093 0x16e323000 feature_extraction.cc:274]   Dimensions:      4224 x 2376
I20260620 14:15:40.096098 0x16e323000 feature_extraction.cc:277]   Camera:          #211 - SIMPLE_RADIAL
I20260620 14:15:40.097545 0x16e323000 feature_extraction.cc:280]   Focal Length:    5068.80px
I20260620 14:15:40.097824 0x16e323000 feature_extraction.cc:284]   Features:        11002 (SIFT)
I20260620 14:15:47.025136 0x16e323000 feature_extraction.cc:262] Processed file [203/300]
I20260620 14:15:47.026670 0x16e323000 feature_extraction.cc:265]   Name:            cell_82_slot_1.jpg
I20260620 14:15:47.026686 0x16e323000 feature_extraction.cc:274]   Dimensions:      4224 x 2376
I20260620 14:15:47.026693 0x16e323000 feature_extraction.cc:277]   Camera:          #207 - SIMPLE_RADIAL
I20260620 14:15:47.026708 0x16e323000 feature_extraction.cc:280]   Focal Length:    5068.80px
I20260620 14:15:47.026725 0x16e323000 feature_extraction.cc:284]   Features:        12118 (SIFT)
I20260620 14:15:56.584722 0x16e323000 feature_extraction.cc:262] Processed file [204/300]
I20260620 14:15:56.585335 0x16e323000 feature_extraction.cc:265]   Name:            cell_82_slot_0.jpg
I20260620 14:15:56.585348 0x16e323000 feature_extraction.cc:274]   Dimensions:      4224 x 2376
I20260620 14:15:56.585353 0x16e323000 feature_extraction.cc:277]   Camera:          #206 - SIMPLE_RADIAL
I20260620 14:15:56.585364 0x16e323000 feature_extraction.cc:280]   Focal Length:    5068.80px
I20260620 14:15:56.585380 0x16e323000 feature_extraction.cc:284]   Features:        12104 (SIFT)
I20260620 14:15:58.519814 0x16e323000 feature_extraction.cc:262] Processed file [205/300]
I20260620 14:15:58.519932 0x16e323000 feature_extraction.cc:265]   Name:            cell_82_slot_11.jpg
I20260620 14:15:58.519964 0x16e323000 feature_extraction.cc:274]   Dimensions:      4224 x 2376
I20260620 14:15:58.519981 0x16e323000 feature_extraction.cc:277]   Camera:          #209 - SIMPLE_RADIAL
I20260620 14:15:58.519999 0x16e323000 feature_extraction.cc:280]   Focal Length:    5068.80px
I20260620 14:15:58.520043 0x16e323000 feature_extraction.cc:284]   Features:        9615 (SIFT)
I20260620 14:15:59.050166 0x16e323000 feature_extraction.cc:262] Processed file [206/300]
I20260620 14:15:59.050224 0x16e323000 feature_extraction.cc:265]   Name:            cell_82_slot_2.jpg
I20260620 14:15:59.050230 0x16e323000 feature_extraction.cc:274]   Dimensions:      4224 x 2376
I20260620 14:15:59.050239 0x16e323000 feature_extraction.cc:277]   Camera:          #210 - SIMPLE_RADIAL
I20260620 14:15:59.050250 0x16e323000 feature_extraction.cc:280]   Focal Length:    5068.80px
I20260620 14:15:59.050259 0x16e323000 feature_extraction.cc:284]   Features:        8632 (SIFT)
I20260620 14:16:00.174538 0x16e323000 feature_extraction.cc:262] Processed file [207/300]
I20260620 14:16:00.174570 0x16e323000 feature_extraction.cc:265]   Name:            cell_82_slot_10.jpg
I20260620 14:16:00.174576 0x16e323000 feature_extraction.cc:274]   Dimensions:      4224 x 2376
I20260620 14:16:00.174581 0x16e323000 feature_extraction.cc:277]   Camera:          #208 - SIMPLE_RADIAL
I20260620 14:16:00.174586 0x16e323000 feature_extraction.cc:280]   Focal Length:    5068.80px
I20260620 14:16:00.174617 0x16e323000 feature_extraction.cc:284]   Features:        10722 (SIFT)
I20260620 14:16:13.864860 0x16e323000 feature_extraction.cc:262] Processed file [208/300]
I20260620 14:16:13.865804 0x16e323000 feature_extraction.cc:265]   Name:            cell_82_slot_4.jpg
I20260620 14:16:13.865820 0x16e323000 feature_extraction.cc:274]   Dimensions:      4224 x 2376
I20260620 14:16:13.865824 0x16e323000 feature_extraction.cc:277]   Camera:          #212 - SIMPLE_RADIAL
I20260620 14:16:13.865837 0x16e323000 feature_extraction.cc:280]   Focal Length:    5068.80px
I20260620 14:16:13.865860 0x16e323000 feature_extraction.cc:284]   Features:        11316 (SIFT)
I20260620 14:16:33.671243 0x16e323000 feature_extraction.cc:262] Processed file [209/300]
I20260620 14:16:33.671494 0x16e323000 feature_extraction.cc:265]   Name:            cell_81_slot_5.jpg
I20260620 14:16:33.671505 0x16e323000 feature_extraction.cc:274]   Dimensions:      4224 x 2376
I20260620 14:16:33.671510 0x16e323000 feature_extraction.cc:277]   Camera:          #202 - SIMPLE_RADIAL
I20260620 14:16:33.672028 0x16e323000 feature_extraction.cc:280]   Focal Length:    5068.80px
I20260620 14:16:33.672046 0x16e323000 feature_extraction.cc:284]   Features:        9690 (SIFT)
I20260620 14:16:37.330833 0x16e323000 feature_extraction.cc:262] Processed file [210/300]
I20260620 14:16:37.330886 0x16e323000 feature_extraction.cc:265]   Name:            cell_81_slot_8.jpg
I20260620 14:16:37.330892 0x16e323000 feature_extraction.cc:274]   Dimensions:      4224 x 2376
I20260620 14:16:37.330896 0x16e323000 feature_extraction.cc:277]   Camera:          #204 - SIMPLE_RADIAL
I20260620 14:16:37.330904 0x16e323000 feature_extraction.cc:280]   Focal Length:    5068.80px
I20260620 14:16:37.330912 0x16e323000 feature_extraction.cc:284]   Features:        8380 (SIFT)
I20260620 14:16:37.419751 0x16e323000 feature_extraction.cc:262] Processed file [211/300]
I20260620 14:16:37.419800 0x16e323000 feature_extraction.cc:265]   Name:            cell_81_slot_9.jpg
I20260620 14:16:37.419806 0x16e323000 feature_extraction.cc:274]   Dimensions:      4224 x 2376
I20260620 14:16:37.419810 0x16e323000 feature_extraction.cc:277]   Camera:          #205 - SIMPLE_RADIAL
I20260620 14:16:37.419815 0x16e323000 feature_extraction.cc:280]   Focal Length:    5068.80px
I20260620 14:16:37.419820 0x16e323000 feature_extraction.cc:284]   Features:        8802 (SIFT)
I20260620 14:16:41.566602 0x16e323000 feature_extraction.cc:262] Processed file [212/300]
I20260620 14:16:41.566916 0x16e323000 feature_extraction.cc:265]   Name:            cell_81_slot_6.jpg
I20260620 14:16:41.566951 0x16e323000 feature_extraction.cc:274]   Dimensions:      4224 x 2376
I20260620 14:16:41.566966 0x16e323000 feature_extraction.cc:277]   Camera:          #203 - SIMPLE_RADIAL
I20260620 14:16:41.566974 0x16e323000 feature_extraction.cc:280]   Focal Length:    5068.80px
I20260620 14:16:41.566983 0x16e323000 feature_extraction.cc:284]   Features:        9573 (SIFT)
I20260620 14:17:18.499553 0x16e323000 feature_extraction.cc:262] Processed file [213/300]
I20260620 14:17:18.502351 0x16e323000 feature_extraction.cc:265]   Name:            cell_82_slot_5.jpg
I20260620 14:17:18.502366 0x16e323000 feature_extraction.cc:274]   Dimensions:      4224 x 2376
I20260620 14:17:18.502372 0x16e323000 feature_extraction.cc:277]   Camera:          #213 - SIMPLE_RADIAL
I20260620 14:17:18.504363 0x16e323000 feature_extraction.cc:280]   Focal Length:    5068.80px
I20260620 14:17:18.504386 0x16e323000 feature_extraction.cc:284]   Features:        11467 (SIFT)
I20260620 14:17:50.109062 0x16e323000 feature_extraction.cc:262] Processed file [214/300]
I20260620 14:17:50.113445 0x16e323000 feature_extraction.cc:265]   Name:            cell_82_slot_7.jpg
I20260620 14:17:50.113464 0x16e323000 feature_extraction.cc:274]   Dimensions:      4224 x 2376
I20260620 14:17:50.113469 0x16e323000 feature_extraction.cc:277]   Camera:          #215 - SIMPLE_RADIAL
I20260620 14:17:50.117497 0x16e323000 feature_extraction.cc:280]   Focal Length:    5068.80px
I20260620 14:17:50.117520 0x16e323000 feature_extraction.cc:284]   Features:        10554 (SIFT)
I20260620 14:18:00.790481 0x16e323000 feature_extraction.cc:262] Processed file [215/300]
I20260620 14:18:00.790919 0x16e323000 feature_extraction.cc:265]   Name:            cell_82_slot_6.jpg
I20260620 14:18:00.790941 0x16e323000 feature_extraction.cc:274]   Dimensions:      4224 x 2376
I20260620 14:18:00.790947 0x16e323000 feature_extraction.cc:277]   Camera:          #214 - SIMPLE_RADIAL
I20260620 14:18:00.790959 0x16e323000 feature_extraction.cc:280]   Focal Length:    5068.80px
I20260620 14:18:00.790979 0x16e323000 feature_extraction.cc:284]   Features:        11085 (SIFT)
I20260620 14:18:16.426502 0x16e323000 feature_extraction.cc:262] Processed file [216/300]
I20260620 14:18:16.428440 0x16e323000 feature_extraction.cc:265]   Name:            cell_83_slot_2.jpg
I20260620 14:18:16.428459 0x16e323000 feature_extraction.cc:274]   Dimensions:      4224 x 2376
I20260620 14:18:16.428463 0x16e323000 feature_extraction.cc:277]   Camera:          #220 - SIMPLE_RADIAL
I20260620 14:18:16.428477 0x16e323000 feature_extraction.cc:280]   Focal Length:    5068.80px
I20260620 14:18:16.428496 0x16e323000 feature_extraction.cc:284]   Features:        10494 (SIFT)
I20260620 14:18:20.095197 0x16e323000 feature_extraction.cc:262] Processed file [217/300]
I20260620 14:18:20.095299 0x16e323000 feature_extraction.cc:265]   Name:            cell_83_slot_1.jpg
I20260620 14:18:20.095306 0x16e323000 feature_extraction.cc:274]   Dimensions:      4224 x 2376
I20260620 14:18:20.095310 0x16e323000 feature_extraction.cc:277]   Camera:          #219 - SIMPLE_RADIAL
I20260620 14:18:20.095328 0x16e323000 feature_extraction.cc:280]   Focal Length:    5068.80px
I20260620 14:18:20.095347 0x16e323000 feature_extraction.cc:284]   Features:        9422 (SIFT)
I20260620 14:18:21.246533 0x16e323000 feature_extraction.cc:262] Processed file [218/300]
I20260620 14:18:21.247376 0x16e323000 feature_extraction.cc:265]   Name:            cell_82_slot_9.jpg
I20260620 14:18:21.247392 0x16e323000 feature_extraction.cc:274]   Dimensions:      4224 x 2376
I20260620 14:18:21.247397 0x16e323000 feature_extraction.cc:277]   Camera:          #217 - SIMPLE_RADIAL
I20260620 14:18:21.247403 0x16e323000 feature_extraction.cc:280]   Focal Length:    5068.80px
I20260620 14:18:21.247409 0x16e323000 feature_extraction.cc:284]   Features:        10256 (SIFT)
I20260620 14:18:27.250092 0x16e323000 feature_extraction.cc:262] Processed file [219/300]
I20260620 14:18:27.250161 0x16e323000 feature_extraction.cc:265]   Name:            cell_83_slot_0.jpg
I20260620 14:18:27.250168 0x16e323000 feature_extraction.cc:274]   Dimensions:      4224 x 2376
I20260620 14:18:27.250173 0x16e323000 feature_extraction.cc:277]   Camera:          #218 - SIMPLE_RADIAL
I20260620 14:18:27.250184 0x16e323000 feature_extraction.cc:280]   Focal Length:    5068.80px
I20260620 14:18:27.250199 0x16e323000 feature_extraction.cc:284]   Features:        8540 (SIFT)
I20260620 14:18:44.725011 0x16e323000 feature_extraction.cc:262] Processed file [220/300]
I20260620 14:18:44.731976 0x16e323000 feature_extraction.cc:265]   Name:            cell_82_slot_8.jpg
I20260620 14:18:44.731990 0x16e323000 feature_extraction.cc:274]   Dimensions:      4224 x 2376
I20260620 14:18:44.732007 0x16e323000 feature_extraction.cc:277]   Camera:          #216 - SIMPLE_RADIAL
I20260620 14:18:44.732029 0x16e323000 feature_extraction.cc:280]   Focal Length:    5068.80px
I20260620 14:18:44.732049 0x16e323000 feature_extraction.cc:284]   Features:        10546 (SIFT)
I20260620 14:18:51.691335 0x16e323000 feature_extraction.cc:262] Processed file [221/300]
I20260620 14:18:51.691679 0x16e323000 feature_extraction.cc:265]   Name:            cell_83_slot_3.jpg
I20260620 14:18:51.691703 0x16e323000 feature_extraction.cc:274]   Dimensions:      4224 x 2376
I20260620 14:18:51.691709 0x16e323000 feature_extraction.cc:277]   Camera:          #221 - SIMPLE_RADIAL
I20260620 14:18:51.691756 0x16e323000 feature_extraction.cc:280]   Focal Length:    5068.80px
I20260620 14:18:51.691779 0x16e323000 feature_extraction.cc:284]   Features:        9647 (SIFT)
I20260620 14:18:53.725467 0x16e323000 feature_extraction.cc:262] Processed file [222/300]
I20260620 14:18:53.725514 0x16e323000 feature_extraction.cc:265]   Name:            cell_83_slot_5.jpg
I20260620 14:18:53.725521 0x16e323000 feature_extraction.cc:274]   Dimensions:      4224 x 2376
I20260620 14:18:53.725526 0x16e323000 feature_extraction.cc:277]   Camera:          #223 - SIMPLE_RADIAL
I20260620 14:18:53.725550 0x16e323000 feature_extraction.cc:280]   Focal Length:    5068.80px
I20260620 14:18:53.725568 0x16e323000 feature_extraction.cc:284]   Features:        8810 (SIFT)
I20260620 14:18:56.109594 0x16e323000 feature_extraction.cc:262] Processed file [223/300]
I20260620 14:18:56.109782 0x16e323000 feature_extraction.cc:265]   Name:            cell_84_slot_0.jpg
I20260620 14:18:56.109806 0x16e323000 feature_extraction.cc:274]   Dimensions:      4224 x 2376
I20260620 14:18:56.109819 0x16e323000 feature_extraction.cc:277]   Camera:          #224 - SIMPLE_RADIAL
I20260620 14:18:56.109836 0x16e323000 feature_extraction.cc:280]   Focal Length:    5068.80px
I20260620 14:18:56.109862 0x16e323000 feature_extraction.cc:284]   Features:        8682 (SIFT)
I20260620 14:19:15.240621 0x16e323000 feature_extraction.cc:262] Processed file [224/300]
I20260620 14:19:15.242111 0x16e323000 feature_extraction.cc:265]   Name:            cell_83_slot_4.jpg
I20260620 14:19:15.242126 0x16e323000 feature_extraction.cc:274]   Dimensions:      4224 x 2376
I20260620 14:19:15.242132 0x16e323000 feature_extraction.cc:277]   Camera:          #222 - SIMPLE_RADIAL
I20260620 14:19:15.242144 0x16e323000 feature_extraction.cc:280]   Focal Length:    5068.80px
I20260620 14:19:15.242717 0x16e323000 feature_extraction.cc:284]   Features:        9651 (SIFT)
I20260620 14:20:14.582089 0x16e323000 feature_extraction.cc:262] Processed file [225/300]
I20260620 14:20:14.583462 0x16e323000 feature_extraction.cc:265]   Name:            cell_84_slot_1.jpg
I20260620 14:20:14.583478 0x16e323000 feature_extraction.cc:274]   Dimensions:      4224 x 2376
I20260620 14:20:14.583484 0x16e323000 feature_extraction.cc:277]   Camera:          #225 - SIMPLE_RADIAL
I20260620 14:20:14.583909 0x16e323000 feature_extraction.cc:280]   Focal Length:    5068.80px
I20260620 14:20:14.584298 0x16e323000 feature_extraction.cc:284]   Features:        9390 (SIFT)
I20260620 14:20:37.508851 0x16e323000 feature_extraction.cc:262] Processed file [226/300]
I20260620 14:20:37.510791 0x16e323000 feature_extraction.cc:265]   Name:            cell_85_slot_0.jpg
I20260620 14:20:37.510827 0x16e323000 feature_extraction.cc:274]   Dimensions:      4224 x 2376
I20260620 14:20:37.510833 0x16e323000 feature_extraction.cc:277]   Camera:          #229 - SIMPLE_RADIAL
I20260620 14:20:37.510848 0x16e323000 feature_extraction.cc:280]   Focal Length:    5068.80px
I20260620 14:20:37.510865 0x16e323000 feature_extraction.cc:284]   Features:        12391 (SIFT)
I20260620 14:20:38.212892 0x16e323000 feature_extraction.cc:262] Processed file [227/300]
I20260620 14:20:38.212932 0x16e323000 feature_extraction.cc:265]   Name:            cell_85_slot_1.jpg
I20260620 14:20:38.212938 0x16e323000 feature_extraction.cc:274]   Dimensions:      4224 x 2376
I20260620 14:20:38.212942 0x16e323000 feature_extraction.cc:277]   Camera:          #230 - SIMPLE_RADIAL
I20260620 14:20:38.212947 0x16e323000 feature_extraction.cc:280]   Focal Length:    5068.80px
I20260620 14:20:38.212952 0x16e323000 feature_extraction.cc:284]   Features:        12444 (SIFT)
I20260620 14:20:42.545350 0x16e323000 feature_extraction.cc:262] Processed file [228/300]
I20260620 14:20:42.545570 0x16e323000 feature_extraction.cc:265]   Name:            cell_84_slot_2.jpg
I20260620 14:20:42.545580 0x16e323000 feature_extraction.cc:274]   Dimensions:      4224 x 2376
I20260620 14:20:42.545585 0x16e323000 feature_extraction.cc:277]   Camera:          #226 - SIMPLE_RADIAL
I20260620 14:20:42.545601 0x16e323000 feature_extraction.cc:280]   Focal Length:    5068.80px
I20260620 14:20:42.545618 0x16e323000 feature_extraction.cc:284]   Features:        9832 (SIFT)
I20260620 14:20:46.029056 0x16e323000 feature_extraction.cc:262] Processed file [229/300]
I20260620 14:20:46.029170 0x16e323000 feature_extraction.cc:265]   Name:            cell_85_slot_10.jpg
I20260620 14:20:46.029186 0x16e323000 feature_extraction.cc:274]   Dimensions:      4224 x 2376
I20260620 14:20:46.029192 0x16e323000 feature_extraction.cc:277]   Camera:          #231 - SIMPLE_RADIAL
I20260620 14:20:46.029205 0x16e323000 feature_extraction.cc:280]   Focal Length:    5068.80px
I20260620 14:20:46.029225 0x16e323000 feature_extraction.cc:284]   Features:        11722 (SIFT)
I20260620 14:20:53.027128 0x16e323000 feature_extraction.cc:262] Processed file [230/300]
I20260620 14:20:53.029808 0x16e323000 feature_extraction.cc:265]   Name:            cell_85_slot_3.jpg
I20260620 14:20:53.029831 0x16e323000 feature_extraction.cc:274]   Dimensions:      4224 x 2376
I20260620 14:20:53.029835 0x16e323000 feature_extraction.cc:277]   Camera:          #233 - SIMPLE_RADIAL
I20260620 14:20:53.029849 0x16e323000 feature_extraction.cc:280]   Focal Length:    5068.80px
I20260620 14:20:53.029868 0x16e323000 feature_extraction.cc:284]   Features:        12082 (SIFT)
I20260620 14:20:53.623681 0x16e323000 feature_extraction.cc:262] Processed file [231/300]
I20260620 14:20:53.623723 0x16e323000 feature_extraction.cc:265]   Name:            cell_85_slot_2.jpg
I20260620 14:20:53.623730 0x16e323000 feature_extraction.cc:274]   Dimensions:      4224 x 2376
I20260620 14:20:53.623733 0x16e323000 feature_extraction.cc:277]   Camera:          #232 - SIMPLE_RADIAL
I20260620 14:20:53.623737 0x16e323000 feature_extraction.cc:280]   Focal Length:    5068.80px
I20260620 14:20:53.623742 0x16e323000 feature_extraction.cc:284]   Features:        12353 (SIFT)
I20260620 14:20:54.352482 0x16e323000 feature_extraction.cc:262] Processed file [232/300]
I20260620 14:20:54.352513 0x16e323000 feature_extraction.cc:265]   Name:            cell_85_slot_7.jpg
I20260620 14:20:54.352518 0x16e323000 feature_extraction.cc:274]   Dimensions:      4224 x 2376
I20260620 14:20:54.352521 0x16e323000 feature_extraction.cc:277]   Camera:          #234 - SIMPLE_RADIAL
I20260620 14:20:54.352525 0x16e323000 feature_extraction.cc:280]   Focal Length:    5068.80px
I20260620 14:20:54.352530 0x16e323000 feature_extraction.cc:284]   Features:        12169 (SIFT)
I20260620 14:20:54.896200 0x16e323000 feature_extraction.cc:262] Processed file [233/300]
I20260620 14:20:54.896233 0x16e323000 feature_extraction.cc:265]   Name:            cell_85_slot_8.jpg
I20260620 14:20:54.896237 0x16e323000 feature_extraction.cc:274]   Dimensions:      4224 x 2376
I20260620 14:20:54.896240 0x16e323000 feature_extraction.cc:277]   Camera:          #235 - SIMPLE_RADIAL
I20260620 14:20:54.896245 0x16e323000 feature_extraction.cc:280]   Focal Length:    5068.80px
I20260620 14:20:54.896251 0x16e323000 feature_extraction.cc:284]   Features:        11803 (SIFT)
I20260620 14:21:00.031514 0x16e323000 feature_extraction.cc:262] Processed file [234/300]
I20260620 14:21:00.032009 0x16e323000 feature_extraction.cc:265]   Name:            cell_84_slot_4.jpg
I20260620 14:21:00.032022 0x16e323000 feature_extraction.cc:274]   Dimensions:      3840 x 2160
I20260620 14:21:00.032027 0x16e323000 feature_extraction.cc:277]   Camera:          #228 - SIMPLE_RADIAL
I20260620 14:21:00.032042 0x16e323000 feature_extraction.cc:280]   Focal Length:    4608.00px
I20260620 14:21:00.032061 0x16e323000 feature_extraction.cc:284]   Features:        9863 (SIFT)
I20260620 14:21:30.874002 0x16e323000 feature_extraction.cc:262] Processed file [235/300]
I20260620 14:21:30.874970 0x16e323000 feature_extraction.cc:265]   Name:            cell_84_slot_3.jpg
I20260620 14:21:30.874985 0x16e323000 feature_extraction.cc:274]   Dimensions:      4224 x 2376
I20260620 14:21:30.874990 0x16e323000 feature_extraction.cc:277]   Camera:          #227 - SIMPLE_RADIAL
I20260620 14:21:30.875665 0x16e323000 feature_extraction.cc:280]   Focal Length:    5068.80px
I20260620 14:21:30.875690 0x16e323000 feature_extraction.cc:284]   Features:        9451 (SIFT)
I20260620 14:21:47.495522 0x16e323000 feature_extraction.cc:262] Processed file [236/300]
I20260620 14:21:47.497406 0x16e323000 feature_extraction.cc:265]   Name:            cell_85_slot_9.jpg
I20260620 14:21:47.497426 0x16e323000 feature_extraction.cc:274]   Dimensions:      3840 x 2160
I20260620 14:21:47.497439 0x16e323000 feature_extraction.cc:277]   Camera:          #236 - SIMPLE_RADIAL
I20260620 14:21:47.497926 0x16e323000 feature_extraction.cc:280]   Focal Length:    4608.00px
I20260620 14:21:47.497967 0x16e323000 feature_extraction.cc:284]   Features:        12372 (SIFT)
I20260620 14:23:19.422983 0x16e323000 feature_extraction.cc:262] Processed file [237/300]
I20260620 14:23:19.425855 0x16e323000 feature_extraction.cc:265]   Name:            cell_87_slot_0.jpg
I20260620 14:23:19.425872 0x16e323000 feature_extraction.cc:274]   Dimensions:      4224 x 2376
I20260620 14:23:19.425878 0x16e323000 feature_extraction.cc:277]   Camera:          #240 - SIMPLE_RADIAL
I20260620 14:23:19.426574 0x16e323000 feature_extraction.cc:280]   Focal Length:    5068.80px
I20260620 14:23:19.427146 0x16e323000 feature_extraction.cc:284]   Features:        8273 (SIFT)
I20260620 14:23:21.056549 0x16e323000 feature_extraction.cc:262] Processed file [238/300]
I20260620 14:23:21.056580 0x16e323000 feature_extraction.cc:265]   Name:            cell_88_slot_0.jpg
I20260620 14:23:21.056585 0x16e323000 feature_extraction.cc:274]   Dimensions:      4224 x 2376
I20260620 14:23:21.056589 0x16e323000 feature_extraction.cc:277]   Camera:          #243 - SIMPLE_RADIAL
I20260620 14:23:21.056594 0x16e323000 feature_extraction.cc:280]   Focal Length:    5068.80px
I20260620 14:23:21.056599 0x16e323000 feature_extraction.cc:284]   Features:        10176 (SIFT)
I20260620 14:23:21.095495 0x16e323000 feature_extraction.cc:262] Processed file [239/300]
I20260620 14:23:21.095517 0x16e323000 feature_extraction.cc:265]   Name:            cell_88_slot_2.jpg
I20260620 14:23:21.095521 0x16e323000 feature_extraction.cc:274]   Dimensions:      4224 x 2376
I20260620 14:23:21.095525 0x16e323000 feature_extraction.cc:277]   Camera:          #245 - SIMPLE_RADIAL
I20260620 14:23:21.095530 0x16e323000 feature_extraction.cc:280]   Focal Length:    5068.80px
I20260620 14:23:21.095536 0x16e323000 feature_extraction.cc:284]   Features:        9564 (SIFT)
I20260620 14:23:22.730081 0x16e323000 feature_extraction.cc:262] Processed file [240/300]
I20260620 14:23:22.730142 0x16e323000 feature_extraction.cc:265]   Name:            cell_88_slot_1.jpg
I20260620 14:23:22.730149 0x16e323000 feature_extraction.cc:274]   Dimensions:      4224 x 2376
I20260620 14:23:22.730153 0x16e323000 feature_extraction.cc:277]   Camera:          #244 - SIMPLE_RADIAL
I20260620 14:23:22.730160 0x16e323000 feature_extraction.cc:280]   Focal Length:    5068.80px
I20260620 14:23:22.730166 0x16e323000 feature_extraction.cc:284]   Features:        10882 (SIFT)
I20260620 14:23:23.912739 0x16e323000 feature_extraction.cc:262] Processed file [241/300]
I20260620 14:23:23.912785 0x16e323000 feature_extraction.cc:265]   Name:            cell_88_slot_5.jpg
I20260620 14:23:23.912800 0x16e323000 feature_extraction.cc:274]   Dimensions:      4224 x 2376
I20260620 14:23:23.912806 0x16e323000 feature_extraction.cc:277]   Camera:          #248 - SIMPLE_RADIAL
I20260620 14:23:23.912812 0x16e323000 feature_extraction.cc:280]   Focal Length:    5068.80px
I20260620 14:23:23.912818 0x16e323000 feature_extraction.cc:284]   Features:        10927 (SIFT)
I20260620 14:23:29.182923 0x16e323000 feature_extraction.cc:262] Processed file [242/300]
I20260620 14:23:29.184554 0x16e323000 feature_extraction.cc:265]   Name:            cell_87_slot_2.jpg
I20260620 14:23:29.184596 0x16e323000 feature_extraction.cc:274]   Dimensions:      4224 x 2376
I20260620 14:23:29.184648 0x16e323000 feature_extraction.cc:277]   Camera:          #242 - SIMPLE_RADIAL
I20260620 14:23:29.184672 0x16e323000 feature_extraction.cc:280]   Focal Length:    5068.80px
I20260620 14:23:29.184692 0x16e323000 feature_extraction.cc:284]   Features:        12999 (SIFT)
*** Aborted at 1781936610 (unix time) try "date -d @1781936610" if you are using GNU date ***
PC: @                0x0 (unknown)
*** SIGTERM (@0x185fb4ae4) received by PID 88119 (TID 0x1f29c2080) stack trace: ***
    @        0x185f104e4 (unknown)
    @        0x10355a9fc (unknown)
    @        0x185fff744 (unknown)
    @        0x185ff80ac (unknown)
    @        0x185f2831c (unknown)
    @        0x102a328f0 (unknown)
    @        0x102a442c0 (unknown)
    @        0x185c2dd54 (unknown)
