I20260620 09:38:32.504056 0x16d83f000 misc.cc:44] 
==============================================================================
Feature extraction
==============================================================================
I20260620 09:38:32.504264 0x16df5b000 sift.cc:715] Creating Covariant SIFT CPU feature extractor
I20260620 09:38:32.504267 0x16dfe7000 sift.cc:715] Creating Covariant SIFT CPU feature extractor
I20260620 09:38:32.504276 0x16e073000 sift.cc:715] Creating Covariant SIFT CPU feature extractor
I20260620 09:38:32.504303 0x16e32f000 sift.cc:715] Creating Covariant SIFT CPU feature extractor
I20260620 09:38:32.504308 0x16e3bb000 sift.cc:715] Creating Covariant SIFT CPU feature extractor
I20260620 09:38:32.504318 0x16e4d3000 sift.cc:715] Creating Covariant SIFT CPU feature extractor
I20260620 09:38:32.504323 0x16e55f000 sift.cc:715] Creating Covariant SIFT CPU feature extractor
I20260620 09:38:32.504282 0x16e0ff000 sift.cc:715] Creating Covariant SIFT CPU feature extractor
I20260620 09:38:32.504293 0x16e217000 sift.cc:715] Creating Covariant SIFT CPU feature extractor
I20260620 09:38:32.504314 0x16e447000 sift.cc:715] Creating Covariant SIFT CPU feature extractor
I20260620 09:38:32.504290 0x16e18b000 sift.cc:715] Creating Covariant SIFT CPU feature extractor
I20260620 09:38:32.504298 0x16e2a3000 sift.cc:715] Creating Covariant SIFT CPU feature extractor
I20260620 09:38:44.369755 0x16e5eb000 feature_extraction.cc:262] Processed file [1/300]
I20260620 09:38:44.370026 0x16e5eb000 feature_extraction.cc:265]   Name:            cell_100_slot_1.jpg
I20260620 09:38:44.370070 0x16e5eb000 feature_extraction.cc:274]   Dimensions:      4224 x 2376
I20260620 09:38:44.370076 0x16e5eb000 feature_extraction.cc:277]   Camera:          #1 - SIMPLE_RADIAL
I20260620 09:38:44.370089 0x16e5eb000 feature_extraction.cc:280]   Focal Length:    5068.80px
I20260620 09:38:44.370101 0x16e5eb000 feature_extraction.cc:284]   Features:        10715 (SIFT)
I20260620 09:38:44.760467 0x16e5eb000 feature_extraction.cc:262] Processed file [2/300]
I20260620 09:38:44.760541 0x16e5eb000 feature_extraction.cc:265]   Name:            cell_100_slot_10.jpg
I20260620 09:38:44.760553 0x16e5eb000 feature_extraction.cc:274]   Dimensions:      4224 x 2376
I20260620 09:38:44.760563 0x16e5eb000 feature_extraction.cc:277]   Camera:          #2 - SIMPLE_RADIAL
I20260620 09:38:44.760576 0x16e5eb000 feature_extraction.cc:280]   Focal Length:    5068.80px
I20260620 09:38:44.760588 0x16e5eb000 feature_extraction.cc:284]   Features:        10063 (SIFT)
I20260620 09:38:45.343046 0x16e5eb000 feature_extraction.cc:262] Processed file [3/300]
I20260620 09:38:45.343118 0x16e5eb000 feature_extraction.cc:265]   Name:            cell_100_slot_5.jpg
I20260620 09:38:45.343130 0x16e5eb000 feature_extraction.cc:274]   Dimensions:      4224 x 2376
I20260620 09:38:45.343139 0x16e5eb000 feature_extraction.cc:277]   Camera:          #7 - SIMPLE_RADIAL
I20260620 09:38:45.343149 0x16e5eb000 feature_extraction.cc:280]   Focal Length:    5068.80px
I20260620 09:38:45.343159 0x16e5eb000 feature_extraction.cc:284]   Features:        10537 (SIFT)
I20260620 09:38:45.764564 0x16e5eb000 feature_extraction.cc:262] Processed file [4/300]
I20260620 09:38:45.764626 0x16e5eb000 feature_extraction.cc:265]   Name:            cell_100_slot_6.jpg
I20260620 09:38:45.764638 0x16e5eb000 feature_extraction.cc:274]   Dimensions:      4224 x 2376
I20260620 09:38:45.764646 0x16e5eb000 feature_extraction.cc:277]   Camera:          #8 - SIMPLE_RADIAL
I20260620 09:38:45.764656 0x16e5eb000 feature_extraction.cc:280]   Focal Length:    5068.80px
I20260620 09:38:45.764666 0x16e5eb000 feature_extraction.cc:284]   Features:        10517 (SIFT)
I20260620 09:38:45.960304 0x16e5eb000 feature_extraction.cc:262] Processed file [5/300]
I20260620 09:38:45.960373 0x16e5eb000 feature_extraction.cc:265]   Name:            cell_100_slot_11.jpg
I20260620 09:38:45.960387 0x16e5eb000 feature_extraction.cc:274]   Dimensions:      4224 x 2376
I20260620 09:38:45.960396 0x16e5eb000 feature_extraction.cc:277]   Camera:          #3 - SIMPLE_RADIAL
I20260620 09:38:45.960438 0x16e5eb000 feature_extraction.cc:280]   Focal Length:    5068.80px
I20260620 09:38:45.960450 0x16e5eb000 feature_extraction.cc:284]   Features:        11126 (SIFT)
I20260620 09:38:46.005439 0x16e5eb000 feature_extraction.cc:262] Processed file [6/300]
I20260620 09:38:46.005498 0x16e5eb000 feature_extraction.cc:265]   Name:            cell_101_slot_1.jpg
I20260620 09:38:46.005510 0x16e5eb000 feature_extraction.cc:274]   Dimensions:      4224 x 2376
I20260620 09:38:46.005518 0x16e5eb000 feature_extraction.cc:277]   Camera:          #12 - SIMPLE_RADIAL
I20260620 09:38:46.005525 0x16e5eb000 feature_extraction.cc:280]   Focal Length:    5068.80px
I20260620 09:38:46.005535 0x16e5eb000 feature_extraction.cc:284]   Features:        10917 (SIFT)
I20260620 09:38:46.109850 0x16e5eb000 feature_extraction.cc:262] Processed file [7/300]
I20260620 09:38:46.109908 0x16e5eb000 feature_extraction.cc:265]   Name:            cell_100_slot_2.jpg
I20260620 09:38:46.109918 0x16e5eb000 feature_extraction.cc:274]   Dimensions:      4224 x 2376
I20260620 09:38:46.109927 0x16e5eb000 feature_extraction.cc:277]   Camera:          #4 - SIMPLE_RADIAL
I20260620 09:38:46.109935 0x16e5eb000 feature_extraction.cc:280]   Focal Length:    5068.80px
I20260620 09:38:46.109944 0x16e5eb000 feature_extraction.cc:284]   Features:        10886 (SIFT)
I20260620 09:38:46.196836 0x16e5eb000 feature_extraction.cc:262] Processed file [8/300]
I20260620 09:38:46.196893 0x16e5eb000 feature_extraction.cc:265]   Name:            cell_100_slot_7.jpg
I20260620 09:38:46.196908 0x16e5eb000 feature_extraction.cc:274]   Dimensions:      4224 x 2376
I20260620 09:38:46.196916 0x16e5eb000 feature_extraction.cc:277]   Camera:          #9 - SIMPLE_RADIAL
I20260620 09:38:46.196925 0x16e5eb000 feature_extraction.cc:280]   Focal Length:    5068.80px
I20260620 09:38:46.196936 0x16e5eb000 feature_extraction.cc:284]   Features:        10711 (SIFT)
I20260620 09:38:46.492108 0x16e5eb000 feature_extraction.cc:262] Processed file [9/300]
I20260620 09:38:46.492163 0x16e5eb000 feature_extraction.cc:265]   Name:            cell_100_slot_4.jpg
I20260620 09:38:46.492172 0x16e5eb000 feature_extraction.cc:274]   Dimensions:      4224 x 2376
I20260620 09:38:46.492180 0x16e5eb000 feature_extraction.cc:277]   Camera:          #6 - SIMPLE_RADIAL
I20260620 09:38:46.492188 0x16e5eb000 feature_extraction.cc:280]   Focal Length:    5068.80px
I20260620 09:38:46.492198 0x16e5eb000 feature_extraction.cc:284]   Features:        11655 (SIFT)
I20260620 09:38:46.919173 0x16e5eb000 feature_extraction.cc:262] Processed file [10/300]
I20260620 09:38:46.919237 0x16e5eb000 feature_extraction.cc:265]   Name:            cell_100_slot_8.jpg
I20260620 09:38:46.919247 0x16e5eb000 feature_extraction.cc:274]   Dimensions:      4224 x 2376
I20260620 09:38:46.919255 0x16e5eb000 feature_extraction.cc:277]   Camera:          #10 - SIMPLE_RADIAL
I20260620 09:38:46.919264 0x16e5eb000 feature_extraction.cc:280]   Focal Length:    5068.80px
I20260620 09:38:46.919274 0x16e5eb000 feature_extraction.cc:284]   Features:        11613 (SIFT)
I20260620 09:38:46.964358 0x16e5eb000 feature_extraction.cc:262] Processed file [11/300]
I20260620 09:38:46.964422 0x16e5eb000 feature_extraction.cc:265]   Name:            cell_100_slot_3.jpg
I20260620 09:38:46.964434 0x16e5eb000 feature_extraction.cc:274]   Dimensions:      4224 x 2376
I20260620 09:38:46.964442 0x16e5eb000 feature_extraction.cc:277]   Camera:          #5 - SIMPLE_RADIAL
I20260620 09:38:46.964450 0x16e5eb000 feature_extraction.cc:280]   Focal Length:    5068.80px
I20260620 09:38:46.964459 0x16e5eb000 feature_extraction.cc:284]   Features:        11811 (SIFT)
I20260620 09:38:48.591885 0x16e5eb000 feature_extraction.cc:262] Processed file [12/300]
I20260620 09:38:48.591958 0x16e5eb000 feature_extraction.cc:265]   Name:            cell_100_slot_9.jpg
I20260620 09:38:48.591970 0x16e5eb000 feature_extraction.cc:274]   Dimensions:      4224 x 2376
I20260620 09:38:48.591978 0x16e5eb000 feature_extraction.cc:277]   Camera:          #11 - SIMPLE_RADIAL
I20260620 09:38:48.592005 0x16e5eb000 feature_extraction.cc:280]   Focal Length:    5068.80px
I20260620 09:38:48.592016 0x16e5eb000 feature_extraction.cc:284]   Features:        13160 (SIFT)
I20260620 09:38:53.630143 0x16e5eb000 feature_extraction.cc:262] Processed file [13/300]
I20260620 09:38:53.630449 0x16e5eb000 feature_extraction.cc:265]   Name:            cell_101_slot_2.jpg
I20260620 09:38:53.630473 0x16e5eb000 feature_extraction.cc:274]   Dimensions:      4224 x 2376
I20260620 09:38:53.630479 0x16e5eb000 feature_extraction.cc:277]   Camera:          #15 - SIMPLE_RADIAL
I20260620 09:38:53.630486 0x16e5eb000 feature_extraction.cc:280]   Focal Length:    5068.80px
I20260620 09:38:53.630494 0x16e5eb000 feature_extraction.cc:284]   Features:        9108 (SIFT)
I20260620 09:38:54.154746 0x16e5eb000 feature_extraction.cc:262] Processed file [14/300]
I20260620 09:38:54.154814 0x16e5eb000 feature_extraction.cc:265]   Name:            cell_105_slot_5.jpg
I20260620 09:38:54.154826 0x16e5eb000 feature_extraction.cc:274]   Dimensions:      4224 x 2376
I20260620 09:38:54.154835 0x16e5eb000 feature_extraction.cc:277]   Camera:          #24 - SIMPLE_RADIAL
I20260620 09:38:54.154845 0x16e5eb000 feature_extraction.cc:280]   Focal Length:    5068.80px
I20260620 09:38:54.154856 0x16e5eb000 feature_extraction.cc:284]   Features:        8604 (SIFT)
I20260620 09:38:54.703393 0x16e5eb000 feature_extraction.cc:262] Processed file [15/300]
I20260620 09:38:54.703458 0x16e5eb000 feature_extraction.cc:265]   Name:            cell_105_slot_0.jpg
I20260620 09:38:54.703469 0x16e5eb000 feature_extraction.cc:274]   Dimensions:      4224 x 2376
I20260620 09:38:54.703478 0x16e5eb000 feature_extraction.cc:277]   Camera:          #23 - SIMPLE_RADIAL
I20260620 09:38:54.703488 0x16e5eb000 feature_extraction.cc:280]   Focal Length:    5068.80px
I20260620 09:38:54.703500 0x16e5eb000 feature_extraction.cc:284]   Features:        7768 (SIFT)
I20260620 09:38:54.785832 0x16e5eb000 feature_extraction.cc:262] Processed file [16/300]
I20260620 09:38:54.785891 0x16e5eb000 feature_extraction.cc:265]   Name:            cell_101_slot_10.jpg
I20260620 09:38:54.785904 0x16e5eb000 feature_extraction.cc:274]   Dimensions:      3840 x 2160
I20260620 09:38:54.785913 0x16e5eb000 feature_extraction.cc:277]   Camera:          #13 - SIMPLE_RADIAL
I20260620 09:38:54.785922 0x16e5eb000 feature_extraction.cc:280]   Focal Length:    4608.00px
I20260620 09:38:54.785933 0x16e5eb000 feature_extraction.cc:284]   Features:        10809 (SIFT)
I20260620 09:38:54.859169 0x16e5eb000 feature_extraction.cc:262] Processed file [17/300]
I20260620 09:38:54.859238 0x16e5eb000 feature_extraction.cc:265]   Name:            cell_101_slot_3.jpg
I20260620 09:38:54.859250 0x16e5eb000 feature_extraction.cc:274]   Dimensions:      4224 x 2376
I20260620 09:38:54.859260 0x16e5eb000 feature_extraction.cc:277]   Camera:          #16 - SIMPLE_RADIAL
I20260620 09:38:54.859270 0x16e5eb000 feature_extraction.cc:280]   Focal Length:    5068.80px
I20260620 09:38:54.859281 0x16e5eb000 feature_extraction.cc:284]   Features:        9745 (SIFT)
I20260620 09:38:55.080646 0x16e5eb000 feature_extraction.cc:262] Processed file [18/300]
I20260620 09:38:55.080725 0x16e5eb000 feature_extraction.cc:265]   Name:            cell_101_slot_11.jpg
I20260620 09:38:55.080748 0x16e5eb000 feature_extraction.cc:274]   Dimensions:      4224 x 2376
I20260620 09:38:55.080762 0x16e5eb000 feature_extraction.cc:277]   Camera:          #14 - SIMPLE_RADIAL
I20260620 09:38:55.080775 0x16e5eb000 feature_extraction.cc:280]   Focal Length:    5068.80px
I20260620 09:38:55.080790 0x16e5eb000 feature_extraction.cc:284]   Features:        8890 (SIFT)
I20260620 09:38:55.936886 0x16e5eb000 feature_extraction.cc:262] Processed file [19/300]
I20260620 09:38:55.936953 0x16e5eb000 feature_extraction.cc:265]   Name:            cell_101_slot_5.jpg
I20260620 09:38:55.936967 0x16e5eb000 feature_extraction.cc:274]   Dimensions:      4224 x 2376
I20260620 09:38:55.936976 0x16e5eb000 feature_extraction.cc:277]   Camera:          #18 - SIMPLE_RADIAL
I20260620 09:38:55.936985 0x16e5eb000 feature_extraction.cc:280]   Focal Length:    5068.80px
I20260620 09:38:55.937025 0x16e5eb000 feature_extraction.cc:284]   Features:        11005 (SIFT)
I20260620 09:38:56.390031 0x16e5eb000 feature_extraction.cc:262] Processed file [20/300]
I20260620 09:38:56.390083 0x16e5eb000 feature_extraction.cc:265]   Name:            cell_101_slot_4.jpg
I20260620 09:38:56.390094 0x16e5eb000 feature_extraction.cc:274]   Dimensions:      4224 x 2376
I20260620 09:38:56.390102 0x16e5eb000 feature_extraction.cc:277]   Camera:          #17 - SIMPLE_RADIAL
I20260620 09:38:56.390110 0x16e5eb000 feature_extraction.cc:280]   Focal Length:    5068.80px
I20260620 09:38:56.390119 0x16e5eb000 feature_extraction.cc:284]   Features:        8752 (SIFT)
I20260620 09:38:56.549543 0x16e5eb000 feature_extraction.cc:262] Processed file [21/300]
I20260620 09:38:56.549606 0x16e5eb000 feature_extraction.cc:265]   Name:            cell_103_slot_3.jpg
I20260620 09:38:56.549616 0x16e5eb000 feature_extraction.cc:274]   Dimensions:      4224 x 2376
I20260620 09:38:56.549624 0x16e5eb000 feature_extraction.cc:277]   Camera:          #22 - SIMPLE_RADIAL
I20260620 09:38:56.549632 0x16e5eb000 feature_extraction.cc:280]   Focal Length:    5068.80px
I20260620 09:38:56.549642 0x16e5eb000 feature_extraction.cc:284]   Features:        10635 (SIFT)
I20260620 09:38:57.128911 0x16e5eb000 feature_extraction.cc:262] Processed file [22/300]
I20260620 09:38:57.128957 0x16e5eb000 feature_extraction.cc:265]   Name:            cell_103_slot_2.jpg
I20260620 09:38:57.128967 0x16e5eb000 feature_extraction.cc:274]   Dimensions:      4224 x 2376
I20260620 09:38:57.128975 0x16e5eb000 feature_extraction.cc:277]   Camera:          #21 - SIMPLE_RADIAL
I20260620 09:38:57.128983 0x16e5eb000 feature_extraction.cc:280]   Focal Length:    5068.80px
I20260620 09:38:57.128993 0x16e5eb000 feature_extraction.cc:284]   Features:        12052 (SIFT)
I20260620 09:38:57.208551 0x16e5eb000 feature_extraction.cc:262] Processed file [23/300]
I20260620 09:38:57.208614 0x16e5eb000 feature_extraction.cc:265]   Name:            cell_102_slot_3.jpg
I20260620 09:38:57.208624 0x16e5eb000 feature_extraction.cc:274]   Dimensions:      4224 x 2376
I20260620 09:38:57.208632 0x16e5eb000 feature_extraction.cc:277]   Camera:          #20 - SIMPLE_RADIAL
I20260620 09:38:57.208640 0x16e5eb000 feature_extraction.cc:280]   Focal Length:    5068.80px
I20260620 09:38:57.208650 0x16e5eb000 feature_extraction.cc:284]   Features:        11530 (SIFT)
I20260620 09:38:57.483313 0x16e5eb000 feature_extraction.cc:262] Processed file [24/300]
I20260620 09:38:57.483373 0x16e5eb000 feature_extraction.cc:265]   Name:            cell_101_slot_6.jpg
I20260620 09:38:57.483382 0x16e5eb000 feature_extraction.cc:274]   Dimensions:      4224 x 2376
I20260620 09:38:57.483390 0x16e5eb000 feature_extraction.cc:277]   Camera:          #19 - SIMPLE_RADIAL
I20260620 09:38:57.483398 0x16e5eb000 feature_extraction.cc:280]   Focal Length:    5068.80px
I20260620 09:38:57.483406 0x16e5eb000 feature_extraction.cc:284]   Features:        11828 (SIFT)
I20260620 09:38:59.874447 0x16e5eb000 feature_extraction.cc:262] Processed file [25/300]
I20260620 09:38:59.874614 0x16e5eb000 feature_extraction.cc:265]   Name:            cell_105_slot_8.jpg
I20260620 09:38:59.874635 0x16e5eb000 feature_extraction.cc:274]   Dimensions:      4224 x 2376
I20260620 09:38:59.874641 0x16e5eb000 feature_extraction.cc:277]   Camera:          #26 - SIMPLE_RADIAL
I20260620 09:38:59.874646 0x16e5eb000 feature_extraction.cc:280]   Focal Length:    5068.80px
I20260620 09:38:59.874652 0x16e5eb000 feature_extraction.cc:284]   Features:        4307 (SIFT)
I20260620 09:39:00.595626 0x16e5eb000 feature_extraction.cc:262] Processed file [26/300]
I20260620 09:39:00.595712 0x16e5eb000 feature_extraction.cc:265]   Name:            cell_105_slot_6.jpg
I20260620 09:39:00.595724 0x16e5eb000 feature_extraction.cc:274]   Dimensions:      4224 x 2376
I20260620 09:39:00.595733 0x16e5eb000 feature_extraction.cc:277]   Camera:          #25 - SIMPLE_RADIAL
I20260620 09:39:00.595743 0x16e5eb000 feature_extraction.cc:280]   Focal Length:    5068.80px
I20260620 09:39:00.595773 0x16e5eb000 feature_extraction.cc:284]   Features:        6597 (SIFT)
I20260620 09:39:02.639665 0x16e5eb000 feature_extraction.cc:262] Processed file [27/300]
I20260620 09:39:02.639730 0x16e5eb000 feature_extraction.cc:265]   Name:            cell_106_slot_0.jpg
I20260620 09:39:02.639740 0x16e5eb000 feature_extraction.cc:274]   Dimensions:      4224 x 2376
I20260620 09:39:02.639747 0x16e5eb000 feature_extraction.cc:277]   Camera:          #28 - SIMPLE_RADIAL
I20260620 09:39:02.639755 0x16e5eb000 feature_extraction.cc:280]   Focal Length:    5068.80px
I20260620 09:39:02.639764 0x16e5eb000 feature_extraction.cc:284]   Features:        8396 (SIFT)
I20260620 09:39:02.702150 0x16e5eb000 feature_extraction.cc:262] Processed file [28/300]
I20260620 09:39:02.702200 0x16e5eb000 feature_extraction.cc:265]   Name:            cell_106_slot_1.jpg
I20260620 09:39:02.702210 0x16e5eb000 feature_extraction.cc:274]   Dimensions:      4224 x 2376
I20260620 09:39:02.702217 0x16e5eb000 feature_extraction.cc:277]   Camera:          #29 - SIMPLE_RADIAL
I20260620 09:39:02.702225 0x16e5eb000 feature_extraction.cc:280]   Focal Length:    5068.80px
I20260620 09:39:02.702234 0x16e5eb000 feature_extraction.cc:284]   Features:        8274 (SIFT)
I20260620 09:39:02.934368 0x16e5eb000 feature_extraction.cc:262] Processed file [29/300]
I20260620 09:39:02.934424 0x16e5eb000 feature_extraction.cc:265]   Name:            cell_105_slot_9.jpg
I20260620 09:39:02.934433 0x16e5eb000 feature_extraction.cc:274]   Dimensions:      4224 x 2376
I20260620 09:39:02.934440 0x16e5eb000 feature_extraction.cc:277]   Camera:          #27 - SIMPLE_RADIAL
I20260620 09:39:02.934448 0x16e5eb000 feature_extraction.cc:280]   Focal Length:    5068.80px
I20260620 09:39:02.934457 0x16e5eb000 feature_extraction.cc:284]   Features:        8748 (SIFT)
I20260620 09:39:05.817835 0x16e5eb000 feature_extraction.cc:262] Processed file [30/300]
I20260620 09:39:05.818175 0x16e5eb000 feature_extraction.cc:265]   Name:            cell_107_slot_3.jpg
I20260620 09:39:05.818200 0x16e5eb000 feature_extraction.cc:274]   Dimensions:      4224 x 2376
I20260620 09:39:05.818206 0x16e5eb000 feature_extraction.cc:277]   Camera:          #33 - SIMPLE_RADIAL
I20260620 09:39:05.818217 0x16e5eb000 feature_extraction.cc:280]   Focal Length:    5068.80px
I20260620 09:39:05.818228 0x16e5eb000 feature_extraction.cc:284]   Features:        9765 (SIFT)
I20260620 09:39:06.134973 0x16e5eb000 feature_extraction.cc:262] Processed file [31/300]
I20260620 09:39:06.135050 0x16e5eb000 feature_extraction.cc:265]   Name:            cell_107_slot_0.jpg
I20260620 09:39:06.135063 0x16e5eb000 feature_extraction.cc:274]   Dimensions:      4224 x 2376
I20260620 09:39:06.135073 0x16e5eb000 feature_extraction.cc:277]   Camera:          #30 - SIMPLE_RADIAL
I20260620 09:39:06.135083 0x16e5eb000 feature_extraction.cc:280]   Focal Length:    5068.80px
I20260620 09:39:06.135094 0x16e5eb000 feature_extraction.cc:284]   Features:        9952 (SIFT)
I20260620 09:39:06.587860 0x16e5eb000 feature_extraction.cc:262] Processed file [32/300]
I20260620 09:39:06.587920 0x16e5eb000 feature_extraction.cc:265]   Name:            cell_107_slot_4.jpg
I20260620 09:39:06.587931 0x16e5eb000 feature_extraction.cc:274]   Dimensions:      3840 x 2160
I20260620 09:39:06.587941 0x16e5eb000 feature_extraction.cc:277]   Camera:          #34 - SIMPLE_RADIAL
I20260620 09:39:06.587952 0x16e5eb000 feature_extraction.cc:280]   Focal Length:    4608.00px
I20260620 09:39:06.587964 0x16e5eb000 feature_extraction.cc:284]   Features:        11341 (SIFT)
I20260620 09:39:07.958057 0x16e5eb000 feature_extraction.cc:262] Processed file [33/300]
I20260620 09:39:07.958124 0x16e5eb000 feature_extraction.cc:265]   Name:            cell_107_slot_1.jpg
I20260620 09:39:07.958134 0x16e5eb000 feature_extraction.cc:274]   Dimensions:      4224 x 2376
I20260620 09:39:07.958144 0x16e5eb000 feature_extraction.cc:277]   Camera:          #31 - SIMPLE_RADIAL
I20260620 09:39:07.958153 0x16e5eb000 feature_extraction.cc:280]   Focal Length:    5068.80px
I20260620 09:39:07.958197 0x16e5eb000 feature_extraction.cc:284]   Features:        12261 (SIFT)
I20260620 09:39:08.900905 0x16e5eb000 feature_extraction.cc:262] Processed file [34/300]
I20260620 09:39:08.900958 0x16e5eb000 feature_extraction.cc:265]   Name:            cell_108_slot_0.jpg
I20260620 09:39:08.900967 0x16e5eb000 feature_extraction.cc:274]   Dimensions:      4224 x 2376
I20260620 09:39:08.900974 0x16e5eb000 feature_extraction.cc:277]   Camera:          #38 - SIMPLE_RADIAL
I20260620 09:39:08.900982 0x16e5eb000 feature_extraction.cc:280]   Focal Length:    5068.80px
I20260620 09:39:08.900991 0x16e5eb000 feature_extraction.cc:284]   Features:        9592 (SIFT)
I20260620 09:39:09.083358 0x16e5eb000 feature_extraction.cc:262] Processed file [35/300]
I20260620 09:39:09.083414 0x16e5eb000 feature_extraction.cc:265]   Name:            cell_107_slot_2.jpg
I20260620 09:39:09.083424 0x16e5eb000 feature_extraction.cc:274]   Dimensions:      4224 x 2376
I20260620 09:39:09.083431 0x16e5eb000 feature_extraction.cc:277]   Camera:          #32 - SIMPLE_RADIAL
I20260620 09:39:09.083439 0x16e5eb000 feature_extraction.cc:280]   Focal Length:    5068.80px
I20260620 09:39:09.083448 0x16e5eb000 feature_extraction.cc:284]   Features:        12785 (SIFT)
I20260620 09:39:09.125092 0x16e5eb000 feature_extraction.cc:262] Processed file [36/300]
I20260620 09:39:09.125156 0x16e5eb000 feature_extraction.cc:265]   Name:            cell_107_slot_6.jpg
I20260620 09:39:09.125167 0x16e5eb000 feature_extraction.cc:274]   Dimensions:      4224 x 2376
I20260620 09:39:09.125175 0x16e5eb000 feature_extraction.cc:277]   Camera:          #36 - SIMPLE_RADIAL
I20260620 09:39:09.125183 0x16e5eb000 feature_extraction.cc:280]   Focal Length:    5068.80px
I20260620 09:39:09.125193 0x16e5eb000 feature_extraction.cc:284]   Features:        12370 (SIFT)
I20260620 09:39:09.241949 0x16e5eb000 feature_extraction.cc:262] Processed file [37/300]
I20260620 09:39:09.241996 0x16e5eb000 feature_extraction.cc:265]   Name:            cell_107_slot_5.jpg
I20260620 09:39:09.242007 0x16e5eb000 feature_extraction.cc:274]   Dimensions:      4224 x 2376
I20260620 09:39:09.242015 0x16e5eb000 feature_extraction.cc:277]   Camera:          #35 - SIMPLE_RADIAL
I20260620 09:39:09.242023 0x16e5eb000 feature_extraction.cc:280]   Focal Length:    5068.80px
I20260620 09:39:09.242033 0x16e5eb000 feature_extraction.cc:284]   Features:        12680 (SIFT)
I20260620 09:39:10.161589 0x16e5eb000 feature_extraction.cc:262] Processed file [38/300]
I20260620 09:39:10.161645 0x16e5eb000 feature_extraction.cc:265]   Name:            cell_107_slot_7.jpg
I20260620 09:39:10.161655 0x16e5eb000 feature_extraction.cc:274]   Dimensions:      4224 x 2376
I20260620 09:39:10.161662 0x16e5eb000 feature_extraction.cc:277]   Camera:          #37 - SIMPLE_RADIAL
I20260620 09:39:10.161671 0x16e5eb000 feature_extraction.cc:280]   Focal Length:    5068.80px
I20260620 09:39:10.161679 0x16e5eb000 feature_extraction.cc:284]   Features:        8239 (SIFT)
I20260620 09:39:12.884160 0x16e5eb000 feature_extraction.cc:262] Processed file [39/300]
I20260620 09:39:12.884465 0x16e5eb000 feature_extraction.cc:265]   Name:            cell_108_slot_1.jpg
I20260620 09:39:12.884477 0x16e5eb000 feature_extraction.cc:274]   Dimensions:      4224 x 2376
I20260620 09:39:12.884482 0x16e5eb000 feature_extraction.cc:277]   Camera:          #39 - SIMPLE_RADIAL
I20260620 09:39:12.884493 0x16e5eb000 feature_extraction.cc:280]   Focal Length:    5068.80px
I20260620 09:39:12.884503 0x16e5eb000 feature_extraction.cc:284]   Features:        10255 (SIFT)
I20260620 09:39:12.945719 0x16e5eb000 feature_extraction.cc:262] Processed file [40/300]
I20260620 09:39:12.945789 0x16e5eb000 feature_extraction.cc:265]   Name:            cell_108_slot_2.jpg
I20260620 09:39:12.945800 0x16e5eb000 feature_extraction.cc:274]   Dimensions:      4224 x 2376
I20260620 09:39:12.945809 0x16e5eb000 feature_extraction.cc:277]   Camera:          #40 - SIMPLE_RADIAL
I20260620 09:39:12.945819 0x16e5eb000 feature_extraction.cc:280]   Focal Length:    5068.80px
I20260620 09:39:12.945864 0x16e5eb000 feature_extraction.cc:284]   Features:        9875 (SIFT)
I20260620 09:39:13.378281 0x16e5eb000 feature_extraction.cc:262] Processed file [41/300]
I20260620 09:39:13.378344 0x16e5eb000 feature_extraction.cc:265]   Name:            cell_108_slot_3.jpg
I20260620 09:39:13.378357 0x16e5eb000 feature_extraction.cc:274]   Dimensions:      4224 x 2376
I20260620 09:39:13.378366 0x16e5eb000 feature_extraction.cc:277]   Camera:          #41 - SIMPLE_RADIAL
I20260620 09:39:13.378375 0x16e5eb000 feature_extraction.cc:280]   Focal Length:    5068.80px
I20260620 09:39:13.378386 0x16e5eb000 feature_extraction.cc:284]   Features:        9379 (SIFT)
I20260620 09:39:14.102907 0x16e5eb000 feature_extraction.cc:262] Processed file [42/300]
I20260620 09:39:14.102973 0x16e5eb000 feature_extraction.cc:265]   Name:            cell_114_slot_4.jpg
I20260620 09:39:14.102984 0x16e5eb000 feature_extraction.cc:274]   Dimensions:      4224 x 2376
I20260620 09:39:14.102992 0x16e5eb000 feature_extraction.cc:277]   Camera:          #45 - SIMPLE_RADIAL
I20260620 09:39:14.103001 0x16e5eb000 feature_extraction.cc:280]   Focal Length:    5068.80px
I20260620 09:39:14.103010 0x16e5eb000 feature_extraction.cc:284]   Features:        4106 (SIFT)
I20260620 09:39:14.227773 0x16e5eb000 feature_extraction.cc:262] Processed file [43/300]
I20260620 09:39:14.227837 0x16e5eb000 feature_extraction.cc:265]   Name:            cell_114_slot_2.jpg
I20260620 09:39:14.227846 0x16e5eb000 feature_extraction.cc:274]   Dimensions:      4224 x 2376
I20260620 09:39:14.227853 0x16e5eb000 feature_extraction.cc:277]   Camera:          #43 - SIMPLE_RADIAL
I20260620 09:39:14.227861 0x16e5eb000 feature_extraction.cc:280]   Focal Length:    5068.80px
I20260620 09:39:14.227870 0x16e5eb000 feature_extraction.cc:284]   Features:        8489 (SIFT)
I20260620 09:39:14.668789 0x16e5eb000 feature_extraction.cc:262] Processed file [44/300]
I20260620 09:39:14.668843 0x16e5eb000 feature_extraction.cc:265]   Name:            cell_114_slot_3.jpg
I20260620 09:39:14.668852 0x16e5eb000 feature_extraction.cc:274]   Dimensions:      4224 x 2376
I20260620 09:39:14.668860 0x16e5eb000 feature_extraction.cc:277]   Camera:          #44 - SIMPLE_RADIAL
I20260620 09:39:14.668868 0x16e5eb000 feature_extraction.cc:280]   Focal Length:    5068.80px
I20260620 09:39:14.668877 0x16e5eb000 feature_extraction.cc:284]   Features:        7981 (SIFT)
I20260620 09:39:14.736077 0x16e5eb000 feature_extraction.cc:262] Processed file [45/300]
I20260620 09:39:14.736134 0x16e5eb000 feature_extraction.cc:265]   Name:            cell_114_slot_6.jpg
I20260620 09:39:14.736144 0x16e5eb000 feature_extraction.cc:274]   Dimensions:      4224 x 2376
I20260620 09:39:14.736152 0x16e5eb000 feature_extraction.cc:277]   Camera:          #47 - SIMPLE_RADIAL
I20260620 09:39:14.736161 0x16e5eb000 feature_extraction.cc:280]   Focal Length:    5068.80px
I20260620 09:39:14.736171 0x16e5eb000 feature_extraction.cc:284]   Features:        3443 (SIFT)
I20260620 09:39:14.863683 0x16e5eb000 feature_extraction.cc:262] Processed file [46/300]
I20260620 09:39:14.863753 0x16e5eb000 feature_extraction.cc:265]   Name:            cell_114_slot_7.jpg
I20260620 09:39:14.863767 0x16e5eb000 feature_extraction.cc:274]   Dimensions:      4224 x 2376
I20260620 09:39:14.863776 0x16e5eb000 feature_extraction.cc:277]   Camera:          #48 - SIMPLE_RADIAL
I20260620 09:39:14.863784 0x16e5eb000 feature_extraction.cc:280]   Focal Length:    5068.80px
I20260620 09:39:14.863794 0x16e5eb000 feature_extraction.cc:284]   Features:        3933 (SIFT)
I20260620 09:39:15.129641 0x16e5eb000 feature_extraction.cc:262] Processed file [47/300]
I20260620 09:39:15.129708 0x16e5eb000 feature_extraction.cc:265]   Name:            cell_114_slot_5.jpg
I20260620 09:39:15.129718 0x16e5eb000 feature_extraction.cc:274]   Dimensions:      4224 x 2376
I20260620 09:39:15.129725 0x16e5eb000 feature_extraction.cc:277]   Camera:          #46 - SIMPLE_RADIAL
I20260620 09:39:15.129734 0x16e5eb000 feature_extraction.cc:280]   Focal Length:    5068.80px
I20260620 09:39:15.129761 0x16e5eb000 feature_extraction.cc:284]   Features:        4779 (SIFT)
I20260620 09:39:16.375818 0x16e5eb000 feature_extraction.cc:262] Processed file [48/300]
I20260620 09:39:16.375884 0x16e5eb000 feature_extraction.cc:265]   Name:            cell_108_slot_4.jpg
I20260620 09:39:16.375893 0x16e5eb000 feature_extraction.cc:274]   Dimensions:      4224 x 2376
I20260620 09:39:16.375901 0x16e5eb000 feature_extraction.cc:277]   Camera:          #42 - SIMPLE_RADIAL
I20260620 09:39:16.375909 0x16e5eb000 feature_extraction.cc:280]   Focal Length:    5068.80px
I20260620 09:39:16.375918 0x16e5eb000 feature_extraction.cc:284]   Features:        10243 (SIFT)
I20260620 09:39:18.089504 0x16e5eb000 feature_extraction.cc:262] Processed file [49/300]
I20260620 09:39:18.089554 0x16e5eb000 feature_extraction.cc:265]   Name:            cell_33_slot_0.jpg
I20260620 09:39:18.089563 0x16e5eb000 feature_extraction.cc:274]   Dimensions:      4224 x 2376
I20260620 09:39:18.089571 0x16e5eb000 feature_extraction.cc:277]   Camera:          #49 - SIMPLE_RADIAL
I20260620 09:39:18.089579 0x16e5eb000 feature_extraction.cc:280]   Focal Length:    5068.80px
I20260620 09:39:18.089587 0x16e5eb000 feature_extraction.cc:284]   Features:        7982 (SIFT)
I20260620 09:39:19.107828 0x16e5eb000 feature_extraction.cc:262] Processed file [50/300]
I20260620 09:39:19.108226 0x16e5eb000 feature_extraction.cc:265]   Name:            cell_33_slot_1.jpg
I20260620 09:39:19.108251 0x16e5eb000 feature_extraction.cc:274]   Dimensions:      4224 x 2376
I20260620 09:39:19.108257 0x16e5eb000 feature_extraction.cc:277]   Camera:          #50 - SIMPLE_RADIAL
I20260620 09:39:19.108263 0x16e5eb000 feature_extraction.cc:280]   Focal Length:    5068.80px
I20260620 09:39:19.108268 0x16e5eb000 feature_extraction.cc:284]   Features:        8614 (SIFT)
I20260620 09:39:20.633926 0x16e5eb000 feature_extraction.cc:262] Processed file [51/300]
I20260620 09:39:20.633997 0x16e5eb000 feature_extraction.cc:265]   Name:            cell_33_slot_3.jpg
I20260620 09:39:20.634009 0x16e5eb000 feature_extraction.cc:274]   Dimensions:      4224 x 2376
I20260620 09:39:20.634018 0x16e5eb000 feature_extraction.cc:277]   Camera:          #52 - SIMPLE_RADIAL
I20260620 09:39:20.634028 0x16e5eb000 feature_extraction.cc:280]   Focal Length:    5068.80px
I20260620 09:39:20.634039 0x16e5eb000 feature_extraction.cc:284]   Features:        8283 (SIFT)
I20260620 09:39:20.747105 0x16e5eb000 feature_extraction.cc:262] Processed file [52/300]
I20260620 09:39:20.747175 0x16e5eb000 feature_extraction.cc:265]   Name:            cell_33_slot_2.jpg
I20260620 09:39:20.747187 0x16e5eb000 feature_extraction.cc:274]   Dimensions:      4224 x 2376
I20260620 09:39:20.747196 0x16e5eb000 feature_extraction.cc:277]   Camera:          #51 - SIMPLE_RADIAL
I20260620 09:39:20.747206 0x16e5eb000 feature_extraction.cc:280]   Focal Length:    5068.80px
I20260620 09:39:20.747217 0x16e5eb000 feature_extraction.cc:284]   Features:        8686 (SIFT)
I20260620 09:39:21.111308 0x16e5eb000 feature_extraction.cc:262] Processed file [53/300]
I20260620 09:39:21.111373 0x16e5eb000 feature_extraction.cc:265]   Name:            cell_33_slot_4.jpg
I20260620 09:39:21.111384 0x16e5eb000 feature_extraction.cc:274]   Dimensions:      4224 x 2376
I20260620 09:39:21.111393 0x16e5eb000 feature_extraction.cc:277]   Camera:          #53 - SIMPLE_RADIAL
I20260620 09:39:21.111403 0x16e5eb000 feature_extraction.cc:280]   Focal Length:    5068.80px
I20260620 09:39:21.111413 0x16e5eb000 feature_extraction.cc:284]   Features:        8045 (SIFT)
I20260620 09:39:21.839404 0x16e5eb000 feature_extraction.cc:262] Processed file [54/300]
I20260620 09:39:21.839465 0x16e5eb000 feature_extraction.cc:265]   Name:            cell_33_slot_5.jpg
I20260620 09:39:21.839476 0x16e5eb000 feature_extraction.cc:274]   Dimensions:      4224 x 2376
I20260620 09:39:21.839486 0x16e5eb000 feature_extraction.cc:277]   Camera:          #54 - SIMPLE_RADIAL
I20260620 09:39:21.839495 0x16e5eb000 feature_extraction.cc:280]   Focal Length:    5068.80px
I20260620 09:39:21.839544 0x16e5eb000 feature_extraction.cc:284]   Features:        8192 (SIFT)
I20260620 09:39:21.993983 0x16e5eb000 feature_extraction.cc:262] Processed file [55/300]
I20260620 09:39:21.994044 0x16e5eb000 feature_extraction.cc:265]   Name:            cell_33_slot_6.jpg
I20260620 09:39:21.994054 0x16e5eb000 feature_extraction.cc:274]   Dimensions:      4224 x 2376
I20260620 09:39:21.994062 0x16e5eb000 feature_extraction.cc:277]   Camera:          #55 - SIMPLE_RADIAL
I20260620 09:39:21.994070 0x16e5eb000 feature_extraction.cc:280]   Focal Length:    5068.80px
I20260620 09:39:21.994080 0x16e5eb000 feature_extraction.cc:284]   Features:        8361 (SIFT)
I20260620 09:39:22.550189 0x16e5eb000 feature_extraction.cc:262] Processed file [56/300]
I20260620 09:39:22.550244 0x16e5eb000 feature_extraction.cc:265]   Name:            cell_33_slot_7.jpg
I20260620 09:39:22.550253 0x16e5eb000 feature_extraction.cc:274]   Dimensions:      4224 x 2376
I20260620 09:39:22.550260 0x16e5eb000 feature_extraction.cc:277]   Camera:          #56 - SIMPLE_RADIAL
I20260620 09:39:22.550267 0x16e5eb000 feature_extraction.cc:280]   Focal Length:    5068.80px
I20260620 09:39:22.550276 0x16e5eb000 feature_extraction.cc:284]   Features:        8350 (SIFT)
I20260620 09:39:23.609277 0x16e5eb000 feature_extraction.cc:262] Processed file [57/300]
I20260620 09:39:23.609333 0x16e5eb000 feature_extraction.cc:265]   Name:            cell_41_slot_1.jpg
I20260620 09:39:23.609342 0x16e5eb000 feature_extraction.cc:274]   Dimensions:      4224 x 2376
I20260620 09:39:23.609349 0x16e5eb000 feature_extraction.cc:277]   Camera:          #58 - SIMPLE_RADIAL
I20260620 09:39:23.609356 0x16e5eb000 feature_extraction.cc:280]   Focal Length:    5068.80px
I20260620 09:39:23.609365 0x16e5eb000 feature_extraction.cc:284]   Features:        8242 (SIFT)
I20260620 09:39:24.225359 0x16e5eb000 feature_extraction.cc:262] Processed file [58/300]
I20260620 09:39:24.225413 0x16e5eb000 feature_extraction.cc:265]   Name:            cell_41_slot_4.jpg
I20260620 09:39:24.225423 0x16e5eb000 feature_extraction.cc:274]   Dimensions:      4224 x 2376
I20260620 09:39:24.225430 0x16e5eb000 feature_extraction.cc:277]   Camera:          #61 - SIMPLE_RADIAL
I20260620 09:39:24.225439 0x16e5eb000 feature_extraction.cc:280]   Focal Length:    5068.80px
I20260620 09:39:24.225448 0x16e5eb000 feature_extraction.cc:284]   Features:        6355 (SIFT)
I20260620 09:39:24.451718 0x16e5eb000 feature_extraction.cc:262] Processed file [59/300]
I20260620 09:39:24.451787 0x16e5eb000 feature_extraction.cc:265]   Name:            cell_41_slot_2.jpg
I20260620 09:39:24.451798 0x16e5eb000 feature_extraction.cc:274]   Dimensions:      4224 x 2376
I20260620 09:39:24.451807 0x16e5eb000 feature_extraction.cc:277]   Camera:          #59 - SIMPLE_RADIAL
I20260620 09:39:24.451815 0x16e5eb000 feature_extraction.cc:280]   Focal Length:    5068.80px
I20260620 09:39:24.451825 0x16e5eb000 feature_extraction.cc:284]   Features:        10600 (SIFT)
I20260620 09:39:24.817228 0x16e5eb000 feature_extraction.cc:262] Processed file [60/300]
I20260620 09:39:24.817293 0x16e5eb000 feature_extraction.cc:265]   Name:            cell_41_slot_3.jpg
I20260620 09:39:24.817304 0x16e5eb000 feature_extraction.cc:274]   Dimensions:      4224 x 2376
I20260620 09:39:24.817312 0x16e5eb000 feature_extraction.cc:277]   Camera:          #60 - SIMPLE_RADIAL
I20260620 09:39:24.817321 0x16e5eb000 feature_extraction.cc:280]   Focal Length:    5068.80px
I20260620 09:39:24.817331 0x16e5eb000 feature_extraction.cc:284]   Features:        8630 (SIFT)
I20260620 09:39:24.828214 0x16e5eb000 feature_extraction.cc:262] Processed file [61/300]
I20260620 09:39:24.828272 0x16e5eb000 feature_extraction.cc:265]   Name:            cell_41_slot_0.jpg
I20260620 09:39:24.828282 0x16e5eb000 feature_extraction.cc:274]   Dimensions:      4224 x 2376
I20260620 09:39:24.828291 0x16e5eb000 feature_extraction.cc:277]   Camera:          #57 - SIMPLE_RADIAL
I20260620 09:39:24.828300 0x16e5eb000 feature_extraction.cc:280]   Focal Length:    5068.80px
I20260620 09:39:24.828310 0x16e5eb000 feature_extraction.cc:284]   Features:        11568 (SIFT)
I20260620 09:39:27.949121 0x16e5eb000 feature_extraction.cc:262] Processed file [62/300]
I20260620 09:39:27.949332 0x16e5eb000 feature_extraction.cc:265]   Name:            cell_48_slot_2.jpg
I20260620 09:39:27.949359 0x16e5eb000 feature_extraction.cc:274]   Dimensions:      4224 x 2376
I20260620 09:39:27.949365 0x16e5eb000 feature_extraction.cc:277]   Camera:          #69 - SIMPLE_RADIAL
I20260620 09:39:27.949370 0x16e5eb000 feature_extraction.cc:280]   Focal Length:    5068.80px
I20260620 09:39:27.949375 0x16e5eb000 feature_extraction.cc:284]   Features:        3659 (SIFT)
I20260620 09:39:28.754536 0x16e5eb000 feature_extraction.cc:262] Processed file [63/300]
I20260620 09:39:28.771116 0x16e5eb000 feature_extraction.cc:265]   Name:            cell_43_slot_0.jpg
I20260620 09:39:28.771136 0x16e5eb000 feature_extraction.cc:274]   Dimensions:      4224 x 2376
I20260620 09:39:28.771141 0x16e5eb000 feature_extraction.cc:277]   Camera:          #62 - SIMPLE_RADIAL
I20260620 09:39:28.771146 0x16e5eb000 feature_extraction.cc:280]   Focal Length:    5068.80px
I20260620 09:39:28.771152 0x16e5eb000 feature_extraction.cc:284]   Features:        12146 (SIFT)
I20260620 09:39:28.877493 0x16e5eb000 feature_extraction.cc:262] Processed file [64/300]
I20260620 09:39:28.877564 0x16e5eb000 feature_extraction.cc:265]   Name:            cell_48_slot_0.jpg
I20260620 09:39:28.877575 0x16e5eb000 feature_extraction.cc:274]   Dimensions:      4224 x 2376
I20260620 09:39:28.877584 0x16e5eb000 feature_extraction.cc:277]   Camera:          #67 - SIMPLE_RADIAL
I20260620 09:39:28.877594 0x16e5eb000 feature_extraction.cc:280]   Focal Length:    5068.80px
I20260620 09:39:28.877605 0x16e5eb000 feature_extraction.cc:284]   Features:        7607 (SIFT)
I20260620 09:39:29.713356 0x16e5eb000 feature_extraction.cc:262] Processed file [65/300]
I20260620 09:39:29.713426 0x16e5eb000 feature_extraction.cc:265]   Name:            cell_48_slot_1.jpg
I20260620 09:39:29.713437 0x16e5eb000 feature_extraction.cc:274]   Dimensions:      4224 x 2376
I20260620 09:39:29.713445 0x16e5eb000 feature_extraction.cc:277]   Camera:          #68 - SIMPLE_RADIAL
I20260620 09:39:29.713455 0x16e5eb000 feature_extraction.cc:280]   Focal Length:    5068.80px
I20260620 09:39:29.713465 0x16e5eb000 feature_extraction.cc:284]   Features:        7910 (SIFT)
I20260620 09:39:30.203572 0x16e5eb000 feature_extraction.cc:262] Processed file [66/300]
I20260620 09:39:30.203659 0x16e5eb000 feature_extraction.cc:265]   Name:            cell_43_slot_3.jpg
I20260620 09:39:30.203671 0x16e5eb000 feature_extraction.cc:274]   Dimensions:      4224 x 2376
I20260620 09:39:30.203681 0x16e5eb000 feature_extraction.cc:277]   Camera:          #65 - SIMPLE_RADIAL
I20260620 09:39:30.203691 0x16e5eb000 feature_extraction.cc:280]   Focal Length:    5068.80px
I20260620 09:39:30.203703 0x16e5eb000 feature_extraction.cc:284]   Features:        11105 (SIFT)
I20260620 09:39:30.255825 0x16e5eb000 feature_extraction.cc:262] Processed file [67/300]
I20260620 09:39:30.255896 0x16e5eb000 feature_extraction.cc:265]   Name:            cell_43_slot_2.jpg
I20260620 09:39:30.255907 0x16e5eb000 feature_extraction.cc:274]   Dimensions:      4224 x 2376
I20260620 09:39:30.255917 0x16e5eb000 feature_extraction.cc:277]   Camera:          #64 - SIMPLE_RADIAL
I20260620 09:39:30.255926 0x16e5eb000 feature_extraction.cc:280]   Focal Length:    5068.80px
I20260620 09:39:30.255936 0x16e5eb000 feature_extraction.cc:284]   Features:        11573 (SIFT)
I20260620 09:39:30.303217 0x16e5eb000 feature_extraction.cc:262] Processed file [68/300]
I20260620 09:39:30.303269 0x16e5eb000 feature_extraction.cc:265]   Name:            cell_43_slot_1.jpg
I20260620 09:39:30.303282 0x16e5eb000 feature_extraction.cc:274]   Dimensions:      4224 x 2376
I20260620 09:39:30.303291 0x16e5eb000 feature_extraction.cc:277]   Camera:          #63 - SIMPLE_RADIAL
I20260620 09:39:30.303301 0x16e5eb000 feature_extraction.cc:280]   Focal Length:    5068.80px
I20260620 09:39:30.303312 0x16e5eb000 feature_extraction.cc:284]   Features:        11649 (SIFT)
I20260620 09:39:30.628877 0x16e5eb000 feature_extraction.cc:262] Processed file [69/300]
I20260620 09:39:30.628946 0x16e5eb000 feature_extraction.cc:265]   Name:            cell_49_slot_0.jpg
I20260620 09:39:30.628956 0x16e5eb000 feature_extraction.cc:274]   Dimensions:      4224 x 2376
I20260620 09:39:30.628965 0x16e5eb000 feature_extraction.cc:277]   Camera:          #70 - SIMPLE_RADIAL
I20260620 09:39:30.628973 0x16e5eb000 feature_extraction.cc:280]   Focal Length:    5068.80px
I20260620 09:39:30.628982 0x16e5eb000 feature_extraction.cc:284]   Features:        7137 (SIFT)
I20260620 09:39:31.074978 0x16e5eb000 feature_extraction.cc:262] Processed file [70/300]
I20260620 09:39:31.075028 0x16e5eb000 feature_extraction.cc:265]   Name:            cell_43_slot_4.jpg
I20260620 09:39:31.075042 0x16e5eb000 feature_extraction.cc:274]   Dimensions:      4224 x 2376
I20260620 09:39:31.075051 0x16e5eb000 feature_extraction.cc:277]   Camera:          #66 - SIMPLE_RADIAL
I20260620 09:39:31.075060 0x16e5eb000 feature_extraction.cc:280]   Focal Length:    5068.80px
I20260620 09:39:31.075070 0x16e5eb000 feature_extraction.cc:284]   Features:        11299 (SIFT)
I20260620 09:39:31.480469 0x16e5eb000 feature_extraction.cc:262] Processed file [71/300]
I20260620 09:39:31.480547 0x16e5eb000 feature_extraction.cc:265]   Name:            cell_49_slot_1.jpg
I20260620 09:39:31.480560 0x16e5eb000 feature_extraction.cc:274]   Dimensions:      4224 x 2376
I20260620 09:39:31.480569 0x16e5eb000 feature_extraction.cc:277]   Camera:          #71 - SIMPLE_RADIAL
I20260620 09:39:31.480578 0x16e5eb000 feature_extraction.cc:280]   Focal Length:    5068.80px
I20260620 09:39:31.480588 0x16e5eb000 feature_extraction.cc:284]   Features:        7311 (SIFT)
I20260620 09:39:31.969472 0x16e5eb000 feature_extraction.cc:262] Processed file [72/300]
I20260620 09:39:31.969534 0x16e5eb000 feature_extraction.cc:265]   Name:            cell_49_slot_2.jpg
I20260620 09:39:31.969545 0x16e5eb000 feature_extraction.cc:274]   Dimensions:      4224 x 2376
I20260620 09:39:31.969553 0x16e5eb000 feature_extraction.cc:277]   Camera:          #72 - SIMPLE_RADIAL
I20260620 09:39:31.969561 0x16e5eb000 feature_extraction.cc:280]   Focal Length:    5068.80px
I20260620 09:39:31.969571 0x16e5eb000 feature_extraction.cc:284]   Features:        7573 (SIFT)
I20260620 09:39:32.280225 0x16e5eb000 feature_extraction.cc:262] Processed file [73/300]
I20260620 09:39:32.280296 0x16e5eb000 feature_extraction.cc:265]   Name:            cell_49_slot_3.jpg
I20260620 09:39:32.280307 0x16e5eb000 feature_extraction.cc:274]   Dimensions:      4224 x 2376
I20260620 09:39:32.280315 0x16e5eb000 feature_extraction.cc:277]   Camera:          #73 - SIMPLE_RADIAL
I20260620 09:39:32.280323 0x16e5eb000 feature_extraction.cc:280]   Focal Length:    5068.80px
I20260620 09:39:32.280334 0x16e5eb000 feature_extraction.cc:284]   Features:        7822 (SIFT)
I20260620 09:39:35.725216 0x16e5eb000 feature_extraction.cc:262] Processed file [74/300]
I20260620 09:39:35.725569 0x16e5eb000 feature_extraction.cc:265]   Name:            cell_49_slot_4.jpg
I20260620 09:39:35.725589 0x16e5eb000 feature_extraction.cc:274]   Dimensions:      4224 x 2376
I20260620 09:39:35.725595 0x16e5eb000 feature_extraction.cc:277]   Camera:          #74 - SIMPLE_RADIAL
I20260620 09:39:35.725603 0x16e5eb000 feature_extraction.cc:280]   Focal Length:    5068.80px
I20260620 09:39:35.725610 0x16e5eb000 feature_extraction.cc:284]   Features:        8135 (SIFT)
I20260620 09:39:36.199966 0x16e5eb000 feature_extraction.cc:262] Processed file [75/300]
I20260620 09:39:36.200043 0x16e5eb000 feature_extraction.cc:265]   Name:            cell_49_slot_5.jpg
I20260620 09:39:36.200054 0x16e5eb000 feature_extraction.cc:274]   Dimensions:      4224 x 2376
I20260620 09:39:36.200063 0x16e5eb000 feature_extraction.cc:277]   Camera:          #75 - SIMPLE_RADIAL
I20260620 09:39:36.200072 0x16e5eb000 feature_extraction.cc:280]   Focal Length:    5068.80px
I20260620 09:39:36.200083 0x16e5eb000 feature_extraction.cc:284]   Features:        7600 (SIFT)
I20260620 09:39:37.189581 0x16e5eb000 feature_extraction.cc:262] Processed file [76/300]
I20260620 09:39:37.189918 0x16e5eb000 feature_extraction.cc:265]   Name:            cell_49_slot_6.jpg
I20260620 09:39:37.189929 0x16e5eb000 feature_extraction.cc:274]   Dimensions:      4224 x 2376
I20260620 09:39:37.189933 0x16e5eb000 feature_extraction.cc:277]   Camera:          #76 - SIMPLE_RADIAL
I20260620 09:39:37.190187 0x16e5eb000 feature_extraction.cc:280]   Focal Length:    5068.80px
I20260620 09:39:37.190346 0x16e5eb000 feature_extraction.cc:284]   Features:        7575 (SIFT)
I20260620 09:39:38.020053 0x16e5eb000 feature_extraction.cc:262] Processed file [77/300]
I20260620 09:39:38.020118 0x16e5eb000 feature_extraction.cc:265]   Name:            cell_50_slot_0.jpg
I20260620 09:39:38.020127 0x16e5eb000 feature_extraction.cc:274]   Dimensions:      3840 x 2160
I20260620 09:39:38.020135 0x16e5eb000 feature_extraction.cc:277]   Camera:          #77 - SIMPLE_RADIAL
I20260620 09:39:38.020144 0x16e5eb000 feature_extraction.cc:280]   Focal Length:    4608.00px
I20260620 09:39:38.020153 0x16e5eb000 feature_extraction.cc:284]   Features:        9876 (SIFT)
I20260620 09:39:39.408056 0x16e5eb000 feature_extraction.cc:262] Processed file [78/300]
I20260620 09:39:39.408121 0x16e5eb000 feature_extraction.cc:265]   Name:            cell_50_slot_3.jpg
I20260620 09:39:39.408130 0x16e5eb000 feature_extraction.cc:274]   Dimensions:      3840 x 2160
I20260620 09:39:39.408138 0x16e5eb000 feature_extraction.cc:277]   Camera:          #80 - SIMPLE_RADIAL
I20260620 09:39:39.408149 0x16e5eb000 feature_extraction.cc:280]   Focal Length:    4608.00px
I20260620 09:39:39.408157 0x16e5eb000 feature_extraction.cc:284]   Features:        9878 (SIFT)
I20260620 09:39:39.669736 0x16e5eb000 feature_extraction.cc:262] Processed file [79/300]
I20260620 09:39:39.669789 0x16e5eb000 feature_extraction.cc:265]   Name:            cell_50_slot_2.jpg
I20260620 09:39:39.669798 0x16e5eb000 feature_extraction.cc:274]   Dimensions:      4224 x 2376
I20260620 09:39:39.669805 0x16e5eb000 feature_extraction.cc:277]   Camera:          #79 - SIMPLE_RADIAL
I20260620 09:39:39.669813 0x16e5eb000 feature_extraction.cc:280]   Focal Length:    5068.80px
I20260620 09:39:39.669821 0x16e5eb000 feature_extraction.cc:284]   Features:        8800 (SIFT)
I20260620 09:39:39.854793 0x16e5eb000 feature_extraction.cc:262] Processed file [80/300]
I20260620 09:39:39.854856 0x16e5eb000 feature_extraction.cc:265]   Name:            cell_50_slot_4.jpg
I20260620 09:39:39.854870 0x16e5eb000 feature_extraction.cc:274]   Dimensions:      4224 x 2376
I20260620 09:39:39.854879 0x16e5eb000 feature_extraction.cc:277]   Camera:          #81 - SIMPLE_RADIAL
I20260620 09:39:39.854888 0x16e5eb000 feature_extraction.cc:280]   Focal Length:    5068.80px
I20260620 09:39:39.854897 0x16e5eb000 feature_extraction.cc:284]   Features:        9064 (SIFT)
I20260620 09:39:40.531094 0x16e5eb000 feature_extraction.cc:262] Processed file [81/300]
I20260620 09:39:40.531149 0x16e5eb000 feature_extraction.cc:265]   Name:            cell_50_slot_5.jpg
I20260620 09:39:40.531160 0x16e5eb000 feature_extraction.cc:274]   Dimensions:      4224 x 2376
I20260620 09:39:40.531167 0x16e5eb000 feature_extraction.cc:277]   Camera:          #82 - SIMPLE_RADIAL
I20260620 09:39:40.531175 0x16e5eb000 feature_extraction.cc:280]   Focal Length:    5068.80px
I20260620 09:39:40.531184 0x16e5eb000 feature_extraction.cc:284]   Features:        9459 (SIFT)
I20260620 09:39:40.917131 0x16e5eb000 feature_extraction.cc:262] Processed file [82/300]
I20260620 09:39:40.917187 0x16e5eb000 feature_extraction.cc:265]   Name:            cell_50_slot_1.jpg
I20260620 09:39:40.917197 0x16e5eb000 feature_extraction.cc:274]   Dimensions:      4224 x 2376
I20260620 09:39:40.917204 0x16e5eb000 feature_extraction.cc:277]   Camera:          #78 - SIMPLE_RADIAL
I20260620 09:39:40.917213 0x16e5eb000 feature_extraction.cc:280]   Focal Length:    5068.80px
I20260620 09:39:40.917223 0x16e5eb000 feature_extraction.cc:284]   Features:        12406 (SIFT)
I20260620 09:39:42.448573 0x16e5eb000 feature_extraction.cc:262] Processed file [83/300]
I20260620 09:39:42.448866 0x16e5eb000 feature_extraction.cc:265]   Name:            cell_50_slot_6.jpg
I20260620 09:39:42.448888 0x16e5eb000 feature_extraction.cc:274]   Dimensions:      4224 x 2376
I20260620 09:39:42.448893 0x16e5eb000 feature_extraction.cc:277]   Camera:          #83 - SIMPLE_RADIAL
I20260620 09:39:42.448898 0x16e5eb000 feature_extraction.cc:280]   Focal Length:    5068.80px
I20260620 09:39:42.448903 0x16e5eb000 feature_extraction.cc:284]   Features:        10833 (SIFT)
I20260620 09:39:42.596967 0x16e5eb000 feature_extraction.cc:262] Processed file [84/300]
I20260620 09:39:42.597034 0x16e5eb000 feature_extraction.cc:265]   Name:            cell_50_slot_7.jpg
I20260620 09:39:42.597046 0x16e5eb000 feature_extraction.cc:274]   Dimensions:      4224 x 2376
I20260620 09:39:42.597056 0x16e5eb000 feature_extraction.cc:277]   Camera:          #84 - SIMPLE_RADIAL
I20260620 09:39:42.597066 0x16e5eb000 feature_extraction.cc:280]   Focal Length:    5068.80px
I20260620 09:39:42.597077 0x16e5eb000 feature_extraction.cc:284]   Features:        10478 (SIFT)
I20260620 09:39:42.933595 0x16e5eb000 feature_extraction.cc:262] Processed file [85/300]
I20260620 09:39:42.933667 0x16e5eb000 feature_extraction.cc:265]   Name:            cell_51_slot_0.jpg
I20260620 09:39:42.933681 0x16e5eb000 feature_extraction.cc:274]   Dimensions:      4224 x 2376
I20260620 09:39:42.933692 0x16e5eb000 feature_extraction.cc:277]   Camera:          #85 - SIMPLE_RADIAL
I20260620 09:39:42.933703 0x16e5eb000 feature_extraction.cc:280]   Focal Length:    5068.80px
I20260620 09:39:42.933716 0x16e5eb000 feature_extraction.cc:284]   Features:        10363 (SIFT)
I20260620 09:39:46.023888 0x16e5eb000 feature_extraction.cc:262] Processed file [86/300]
I20260620 09:39:46.023967 0x16e5eb000 feature_extraction.cc:265]   Name:            cell_51_slot_1.jpg
I20260620 09:39:46.023979 0x16e5eb000 feature_extraction.cc:274]   Dimensions:      4224 x 2376
I20260620 09:39:46.023989 0x16e5eb000 feature_extraction.cc:277]   Camera:          #86 - SIMPLE_RADIAL
I20260620 09:39:46.024002 0x16e5eb000 feature_extraction.cc:280]   Focal Length:    5068.80px
I20260620 09:39:46.024014 0x16e5eb000 feature_extraction.cc:284]   Features:        10051 (SIFT)
I20260620 09:39:46.555119 0x16e5eb000 feature_extraction.cc:262] Processed file [87/300]
I20260620 09:39:46.555186 0x16e5eb000 feature_extraction.cc:265]   Name:            cell_51_slot_2.jpg
I20260620 09:39:46.555198 0x16e5eb000 feature_extraction.cc:274]   Dimensions:      4224 x 2376
I20260620 09:39:46.555206 0x16e5eb000 feature_extraction.cc:277]   Camera:          #87 - SIMPLE_RADIAL
I20260620 09:39:46.555216 0x16e5eb000 feature_extraction.cc:280]   Focal Length:    5068.80px
I20260620 09:39:46.555226 0x16e5eb000 feature_extraction.cc:284]   Features:        10541 (SIFT)
I20260620 09:39:47.799870 0x16e5eb000 feature_extraction.cc:262] Processed file [88/300]
I20260620 09:39:47.799936 0x16e5eb000 feature_extraction.cc:265]   Name:            cell_51_slot_3.jpg
I20260620 09:39:47.799947 0x16e5eb000 feature_extraction.cc:274]   Dimensions:      4224 x 2376
I20260620 09:39:47.799957 0x16e5eb000 feature_extraction.cc:277]   Camera:          #88 - SIMPLE_RADIAL
I20260620 09:39:47.799966 0x16e5eb000 feature_extraction.cc:280]   Focal Length:    5068.80px
I20260620 09:39:47.799977 0x16e5eb000 feature_extraction.cc:284]   Features:        10828 (SIFT)
I20260620 09:39:48.699268 0x16e5eb000 feature_extraction.cc:262] Processed file [89/300]
I20260620 09:39:48.700048 0x16e5eb000 feature_extraction.cc:265]   Name:            cell_51_slot_4.jpg
I20260620 09:39:48.700075 0x16e5eb000 feature_extraction.cc:274]   Dimensions:      4224 x 2376
I20260620 09:39:48.700081 0x16e5eb000 feature_extraction.cc:277]   Camera:          #89 - SIMPLE_RADIAL
I20260620 09:39:48.700087 0x16e5eb000 feature_extraction.cc:280]   Focal Length:    5068.80px
I20260620 09:39:48.700092 0x16e5eb000 feature_extraction.cc:284]   Features:        10689 (SIFT)
I20260620 09:39:48.958641 0x16e5eb000 feature_extraction.cc:262] Processed file [90/300]
I20260620 09:39:48.958699 0x16e5eb000 feature_extraction.cc:265]   Name:            cell_54_slot_1.jpg
I20260620 09:39:48.958708 0x16e5eb000 feature_extraction.cc:274]   Dimensions:      4224 x 2376
I20260620 09:39:48.958716 0x16e5eb000 feature_extraction.cc:277]   Camera:          #93 - SIMPLE_RADIAL
I20260620 09:39:48.958724 0x16e5eb000 feature_extraction.cc:280]   Focal Length:    5068.80px
I20260620 09:39:48.958732 0x16e5eb000 feature_extraction.cc:284]   Features:        8309 (SIFT)
I20260620 09:39:49.268899 0x16e5eb000 feature_extraction.cc:262] Processed file [91/300]
I20260620 09:39:49.268962 0x16e5eb000 feature_extraction.cc:265]   Name:            cell_54_slot_0.jpg
I20260620 09:39:49.268972 0x16e5eb000 feature_extraction.cc:274]   Dimensions:      4224 x 2376
I20260620 09:39:49.268980 0x16e5eb000 feature_extraction.cc:277]   Camera:          #92 - SIMPLE_RADIAL
I20260620 09:39:49.268988 0x16e5eb000 feature_extraction.cc:280]   Focal Length:    5068.80px
I20260620 09:39:49.268997 0x16e5eb000 feature_extraction.cc:284]   Features:        9070 (SIFT)
I20260620 09:39:49.993092 0x16e5eb000 feature_extraction.cc:262] Processed file [92/300]
I20260620 09:39:49.993155 0x16e5eb000 feature_extraction.cc:265]   Name:            cell_51_slot_5.jpg
I20260620 09:39:49.993166 0x16e5eb000 feature_extraction.cc:274]   Dimensions:      4224 x 2376
I20260620 09:39:49.993175 0x16e5eb000 feature_extraction.cc:277]   Camera:          #90 - SIMPLE_RADIAL
I20260620 09:39:49.993183 0x16e5eb000 feature_extraction.cc:280]   Focal Length:    5068.80px
I20260620 09:39:49.993192 0x16e5eb000 feature_extraction.cc:284]   Features:        10691 (SIFT)
I20260620 09:39:50.368522 0x16e5eb000 feature_extraction.cc:262] Processed file [93/300]
I20260620 09:39:50.368559 0x16e5eb000 feature_extraction.cc:265]   Name:            cell_54_slot_2.jpg
I20260620 09:39:50.368564 0x16e5eb000 feature_extraction.cc:274]   Dimensions:      4224 x 2376
I20260620 09:39:50.368568 0x16e5eb000 feature_extraction.cc:277]   Camera:          #94 - SIMPLE_RADIAL
I20260620 09:39:50.368573 0x16e5eb000 feature_extraction.cc:280]   Focal Length:    5068.80px
I20260620 09:39:50.368576 0x16e5eb000 feature_extraction.cc:284]   Features:        10892 (SIFT)
I20260620 09:39:51.106618 0x16e5eb000 feature_extraction.cc:262] Processed file [94/300]
I20260620 09:39:51.106679 0x16e5eb000 feature_extraction.cc:265]   Name:            cell_51_slot_6.jpg
I20260620 09:39:51.106689 0x16e5eb000 feature_extraction.cc:274]   Dimensions:      4224 x 2376
I20260620 09:39:51.106697 0x16e5eb000 feature_extraction.cc:277]   Camera:          #91 - SIMPLE_RADIAL
I20260620 09:39:51.106705 0x16e5eb000 feature_extraction.cc:280]   Focal Length:    5068.80px
I20260620 09:39:51.106714 0x16e5eb000 feature_extraction.cc:284]   Features:        11576 (SIFT)
I20260620 09:39:51.732482 0x16e5eb000 feature_extraction.cc:262] Processed file [95/300]
I20260620 09:39:51.732555 0x16e5eb000 feature_extraction.cc:265]   Name:            cell_54_slot_5.jpg
I20260620 09:39:51.732565 0x16e5eb000 feature_extraction.cc:274]   Dimensions:      4224 x 2376
I20260620 09:39:51.732573 0x16e5eb000 feature_extraction.cc:277]   Camera:          #97 - SIMPLE_RADIAL
I20260620 09:39:51.732581 0x16e5eb000 feature_extraction.cc:280]   Focal Length:    5068.80px
I20260620 09:39:51.732591 0x16e5eb000 feature_extraction.cc:284]   Features:        9771 (SIFT)
I20260620 09:39:51.850867 0x16e5eb000 feature_extraction.cc:262] Processed file [96/300]
I20260620 09:39:51.850932 0x16e5eb000 feature_extraction.cc:265]   Name:            cell_54_slot_4.jpg
I20260620 09:39:51.850943 0x16e5eb000 feature_extraction.cc:274]   Dimensions:      4224 x 2376
I20260620 09:39:51.850950 0x16e5eb000 feature_extraction.cc:277]   Camera:          #96 - SIMPLE_RADIAL
I20260620 09:39:51.850959 0x16e5eb000 feature_extraction.cc:280]   Focal Length:    5068.80px
I20260620 09:39:51.850969 0x16e5eb000 feature_extraction.cc:284]   Features:        10678 (SIFT)
I20260620 09:39:52.364026 0x16e5eb000 feature_extraction.cc:262] Processed file [97/300]
I20260620 09:39:52.364110 0x16e5eb000 feature_extraction.cc:265]   Name:            cell_54_slot_3.jpg
I20260620 09:39:52.364120 0x16e5eb000 feature_extraction.cc:274]   Dimensions:      4224 x 2376
I20260620 09:39:52.364128 0x16e5eb000 feature_extraction.cc:277]   Camera:          #95 - SIMPLE_RADIAL
I20260620 09:39:52.364137 0x16e5eb000 feature_extraction.cc:280]   Focal Length:    5068.80px
I20260620 09:39:52.364147 0x16e5eb000 feature_extraction.cc:284]   Features:        11304 (SIFT)
I20260620 09:39:54.875697 0x16e5eb000 feature_extraction.cc:262] Processed file [98/300]
I20260620 09:39:54.875757 0x16e5eb000 feature_extraction.cc:265]   Name:            cell_58_slot_0.jpg
I20260620 09:39:54.875767 0x16e5eb000 feature_extraction.cc:274]   Dimensions:      4224 x 2376
I20260620 09:39:54.875774 0x16e5eb000 feature_extraction.cc:277]   Camera:          #101 - SIMPLE_RADIAL
I20260620 09:39:54.875781 0x16e5eb000 feature_extraction.cc:280]   Focal Length:    5068.80px
I20260620 09:39:54.875791 0x16e5eb000 feature_extraction.cc:284]   Features:        5740 (SIFT)
I20260620 09:39:55.032578 0x16e5eb000 feature_extraction.cc:262] Processed file [99/300]
I20260620 09:39:55.032637 0x16e5eb000 feature_extraction.cc:265]   Name:            cell_58_slot_10.jpg
I20260620 09:39:55.032646 0x16e5eb000 feature_extraction.cc:274]   Dimensions:      4224 x 2376
I20260620 09:39:55.032653 0x16e5eb000 feature_extraction.cc:277]   Camera:          #103 - SIMPLE_RADIAL
I20260620 09:39:55.032662 0x16e5eb000 feature_extraction.cc:280]   Focal Length:    5068.80px
I20260620 09:39:55.032670 0x16e5eb000 feature_extraction.cc:284]   Features:        5087 (SIFT)
I20260620 09:39:55.095455 0x16e5eb000 feature_extraction.cc:262] Processed file [100/300]
I20260620 09:39:55.095512 0x16e5eb000 feature_extraction.cc:265]   Name:            cell_54_slot_7.jpg
I20260620 09:39:55.095521 0x16e5eb000 feature_extraction.cc:274]   Dimensions:      4224 x 2376
I20260620 09:39:55.095528 0x16e5eb000 feature_extraction.cc:277]   Camera:          #99 - SIMPLE_RADIAL
I20260620 09:39:55.095536 0x16e5eb000 feature_extraction.cc:280]   Focal Length:    5068.80px
I20260620 09:39:55.095546 0x16e5eb000 feature_extraction.cc:284]   Features:        9575 (SIFT)
I20260620 09:39:55.215218 0x16e5eb000 feature_extraction.cc:262] Processed file [101/300]
I20260620 09:39:55.215271 0x16e5eb000 feature_extraction.cc:265]   Name:            cell_55_slot_1.jpg
I20260620 09:39:55.215285 0x16e5eb000 feature_extraction.cc:274]   Dimensions:      4224 x 2376
I20260620 09:39:55.215294 0x16e5eb000 feature_extraction.cc:277]   Camera:          #100 - SIMPLE_RADIAL
I20260620 09:39:55.215305 0x16e5eb000 feature_extraction.cc:280]   Focal Length:    5068.80px
I20260620 09:39:55.215317 0x16e5eb000 feature_extraction.cc:284]   Features:        7913 (SIFT)
I20260620 09:39:55.913357 0x16e5eb000 feature_extraction.cc:262] Processed file [102/300]
I20260620 09:39:55.913424 0x16e5eb000 feature_extraction.cc:265]   Name:            cell_54_slot_6.jpg
I20260620 09:39:55.913440 0x16e5eb000 feature_extraction.cc:274]   Dimensions:      4224 x 2376
I20260620 09:39:55.913448 0x16e5eb000 feature_extraction.cc:277]   Camera:          #98 - SIMPLE_RADIAL
I20260620 09:39:55.913456 0x16e5eb000 feature_extraction.cc:280]   Focal Length:    5068.80px
I20260620 09:39:55.913465 0x16e5eb000 feature_extraction.cc:284]   Features:        11661 (SIFT)
I20260620 09:39:57.296422 0x16e5eb000 feature_extraction.cc:262] Processed file [103/300]
I20260620 09:39:57.296482 0x16e5eb000 feature_extraction.cc:265]   Name:            cell_58_slot_5.jpg
I20260620 09:39:57.296491 0x16e5eb000 feature_extraction.cc:274]   Dimensions:      4224 x 2376
I20260620 09:39:57.296498 0x16e5eb000 feature_extraction.cc:277]   Camera:          #108 - SIMPLE_RADIAL
I20260620 09:39:57.296505 0x16e5eb000 feature_extraction.cc:280]   Focal Length:    5068.80px
I20260620 09:39:57.296514 0x16e5eb000 feature_extraction.cc:284]   Features:        4796 (SIFT)
I20260620 09:39:58.066583 0x16e5eb000 feature_extraction.cc:262] Processed file [104/300]
I20260620 09:39:58.066665 0x16e5eb000 feature_extraction.cc:265]   Name:            cell_58_slot_6.jpg
I20260620 09:39:58.066675 0x16e5eb000 feature_extraction.cc:274]   Dimensions:      4224 x 2376
I20260620 09:39:58.066683 0x16e5eb000 feature_extraction.cc:277]   Camera:          #109 - SIMPLE_RADIAL
I20260620 09:39:58.066692 0x16e5eb000 feature_extraction.cc:280]   Focal Length:    5068.80px
I20260620 09:39:58.066701 0x16e5eb000 feature_extraction.cc:284]   Features:        5488 (SIFT)
I20260620 09:39:58.715001 0x16e5eb000 feature_extraction.cc:262] Processed file [105/300]
I20260620 09:39:58.715064 0x16e5eb000 feature_extraction.cc:265]   Name:            cell_58_slot_1.jpg
I20260620 09:39:58.715074 0x16e5eb000 feature_extraction.cc:274]   Dimensions:      4224 x 2376
I20260620 09:39:58.715082 0x16e5eb000 feature_extraction.cc:277]   Camera:          #102 - SIMPLE_RADIAL
I20260620 09:39:58.715090 0x16e5eb000 feature_extraction.cc:280]   Focal Length:    5068.80px
I20260620 09:39:58.715099 0x16e5eb000 feature_extraction.cc:284]   Features:        11147 (SIFT)
I20260620 09:39:58.980554 0x16e5eb000 feature_extraction.cc:262] Processed file [106/300]
I20260620 09:39:58.980610 0x16e5eb000 feature_extraction.cc:265]   Name:            cell_58_slot_11.jpg
I20260620 09:39:58.980620 0x16e5eb000 feature_extraction.cc:274]   Dimensions:      4224 x 2376
I20260620 09:39:58.980628 0x16e5eb000 feature_extraction.cc:277]   Camera:          #104 - SIMPLE_RADIAL
I20260620 09:39:58.980635 0x16e5eb000 feature_extraction.cc:280]   Focal Length:    5068.80px
I20260620 09:39:58.980644 0x16e5eb000 feature_extraction.cc:284]   Features:        8419 (SIFT)
I20260620 09:39:59.486875 0x16e5eb000 feature_extraction.cc:262] Processed file [107/300]
I20260620 09:39:59.486919 0x16e5eb000 feature_extraction.cc:265]   Name:            cell_58_slot_2.jpg
I20260620 09:39:59.486928 0x16e5eb000 feature_extraction.cc:274]   Dimensions:      4224 x 2376
I20260620 09:39:59.486936 0x16e5eb000 feature_extraction.cc:277]   Camera:          #105 - SIMPLE_RADIAL
I20260620 09:39:59.486944 0x16e5eb000 feature_extraction.cc:280]   Focal Length:    5068.80px
I20260620 09:39:59.486953 0x16e5eb000 feature_extraction.cc:284]   Features:        10092 (SIFT)
I20260620 09:40:00.460572 0x16e5eb000 feature_extraction.cc:262] Processed file [108/300]
I20260620 09:40:00.460927 0x16e5eb000 feature_extraction.cc:265]   Name:            cell_58_slot_8.jpg
I20260620 09:40:00.460942 0x16e5eb000 feature_extraction.cc:274]   Dimensions:      4224 x 2376
I20260620 09:40:00.460948 0x16e5eb000 feature_extraction.cc:277]   Camera:          #111 - SIMPLE_RADIAL
I20260620 09:40:00.460954 0x16e5eb000 feature_extraction.cc:280]   Focal Length:    5068.80px
I20260620 09:40:00.460961 0x16e5eb000 feature_extraction.cc:284]   Features:        4660 (SIFT)
I20260620 09:40:00.664159 0x16e5eb000 feature_extraction.cc:262] Processed file [109/300]
I20260620 09:40:00.664271 0x16e5eb000 feature_extraction.cc:265]   Name:            cell_58_slot_4.jpg
I20260620 09:40:00.664292 0x16e5eb000 feature_extraction.cc:274]   Dimensions:      4224 x 2376
I20260620 09:40:00.664303 0x16e5eb000 feature_extraction.cc:277]   Camera:          #107 - SIMPLE_RADIAL
I20260620 09:40:00.664314 0x16e5eb000 feature_extraction.cc:280]   Focal Length:    5068.80px
I20260620 09:40:00.664325 0x16e5eb000 feature_extraction.cc:284]   Features:        10303 (SIFT)
I20260620 09:40:01.143384 0x16e5eb000 feature_extraction.cc:262] Processed file [110/300]
I20260620 09:40:01.143453 0x16e5eb000 feature_extraction.cc:265]   Name:            cell_58_slot_3.jpg
I20260620 09:40:01.143466 0x16e5eb000 feature_extraction.cc:274]   Dimensions:      4224 x 2376
I20260620 09:40:01.143475 0x16e5eb000 feature_extraction.cc:277]   Camera:          #106 - SIMPLE_RADIAL
I20260620 09:40:01.143485 0x16e5eb000 feature_extraction.cc:280]   Focal Length:    5068.80px
I20260620 09:40:01.143496 0x16e5eb000 feature_extraction.cc:284]   Features:        11760 (SIFT)
I20260620 09:40:02.285590 0x16e5eb000 feature_extraction.cc:262] Processed file [111/300]
I20260620 09:40:02.285710 0x16e5eb000 feature_extraction.cc:265]   Name:            cell_58_slot_9.jpg
I20260620 09:40:02.285721 0x16e5eb000 feature_extraction.cc:274]   Dimensions:      4224 x 2376
I20260620 09:40:02.285729 0x16e5eb000 feature_extraction.cc:277]   Camera:          #112 - SIMPLE_RADIAL
I20260620 09:40:02.285738 0x16e5eb000 feature_extraction.cc:280]   Focal Length:    5068.80px
I20260620 09:40:02.285748 0x16e5eb000 feature_extraction.cc:284]   Features:        7370 (SIFT)
I20260620 09:40:03.914711 0x16e5eb000 feature_extraction.cc:262] Processed file [112/300]
I20260620 09:40:03.914774 0x16e5eb000 feature_extraction.cc:265]   Name:            cell_58_slot_7.jpg
I20260620 09:40:03.914783 0x16e5eb000 feature_extraction.cc:274]   Dimensions:      4224 x 2376
I20260620 09:40:03.914791 0x16e5eb000 feature_extraction.cc:277]   Camera:          #110 - SIMPLE_RADIAL
I20260620 09:40:03.914799 0x16e5eb000 feature_extraction.cc:280]   Focal Length:    5068.80px
I20260620 09:40:03.914808 0x16e5eb000 feature_extraction.cc:284]   Features:        10309 (SIFT)
I20260620 09:40:05.634093 0x16e5eb000 feature_extraction.cc:262] Processed file [113/300]
I20260620 09:40:05.634157 0x16e5eb000 feature_extraction.cc:265]   Name:            cell_60_slot_10.jpg
I20260620 09:40:05.634167 0x16e5eb000 feature_extraction.cc:274]   Dimensions:      4224 x 2376
I20260620 09:40:05.634184 0x16e5eb000 feature_extraction.cc:277]   Camera:          #115 - SIMPLE_RADIAL
I20260620 09:40:05.634193 0x16e5eb000 feature_extraction.cc:280]   Focal Length:    5068.80px
I20260620 09:40:05.634203 0x16e5eb000 feature_extraction.cc:284]   Features:        8531 (SIFT)
I20260620 09:40:05.726506 0x16e5eb000 feature_extraction.cc:262] Processed file [114/300]
I20260620 09:40:05.726542 0x16e5eb000 feature_extraction.cc:265]   Name:            cell_60_slot_0.jpg
I20260620 09:40:05.726550 0x16e5eb000 feature_extraction.cc:274]   Dimensions:      4224 x 2376
I20260620 09:40:05.726557 0x16e5eb000 feature_extraction.cc:277]   Camera:          #113 - SIMPLE_RADIAL
I20260620 09:40:05.726564 0x16e5eb000 feature_extraction.cc:280]   Focal Length:    5068.80px
I20260620 09:40:05.726573 0x16e5eb000 feature_extraction.cc:284]   Features:        10657 (SIFT)
I20260620 09:40:06.411729 0x16e5eb000 feature_extraction.cc:262] Processed file [115/300]
I20260620 09:40:06.411873 0x16e5eb000 feature_extraction.cc:265]   Name:            cell_60_slot_1.jpg
I20260620 09:40:06.411883 0x16e5eb000 feature_extraction.cc:274]   Dimensions:      4224 x 2376
I20260620 09:40:06.411888 0x16e5eb000 feature_extraction.cc:277]   Camera:          #114 - SIMPLE_RADIAL
I20260620 09:40:06.411893 0x16e5eb000 feature_extraction.cc:280]   Focal Length:    5068.80px
I20260620 09:40:06.411899 0x16e5eb000 feature_extraction.cc:284]   Features:        10974 (SIFT)
I20260620 09:40:08.542961 0x16e5eb000 feature_extraction.cc:262] Processed file [116/300]
I20260620 09:40:08.543046 0x16e5eb000 feature_extraction.cc:265]   Name:            cell_60_slot_11.jpg
I20260620 09:40:08.543058 0x16e5eb000 feature_extraction.cc:274]   Dimensions:      4224 x 2376
I20260620 09:40:08.543068 0x16e5eb000 feature_extraction.cc:277]   Camera:          #116 - SIMPLE_RADIAL
I20260620 09:40:08.543081 0x16e5eb000 feature_extraction.cc:280]   Focal Length:    5068.80px
I20260620 09:40:08.543093 0x16e5eb000 feature_extraction.cc:284]   Features:        13130 (SIFT)
I20260620 09:40:09.231475 0x16e5eb000 feature_extraction.cc:262] Processed file [117/300]
I20260620 09:40:09.231545 0x16e5eb000 feature_extraction.cc:265]   Name:            cell_60_slot_2.jpg
I20260620 09:40:09.231556 0x16e5eb000 feature_extraction.cc:274]   Dimensions:      4224 x 2376
I20260620 09:40:09.231566 0x16e5eb000 feature_extraction.cc:277]   Camera:          #117 - SIMPLE_RADIAL
I20260620 09:40:09.231575 0x16e5eb000 feature_extraction.cc:280]   Focal Length:    5068.80px
I20260620 09:40:09.231586 0x16e5eb000 feature_extraction.cc:284]   Features:        10933 (SIFT)
I20260620 09:40:09.277407 0x16e5eb000 feature_extraction.cc:262] Processed file [118/300]
I20260620 09:40:09.277504 0x16e5eb000 feature_extraction.cc:265]   Name:            cell_60_slot_3.jpg
I20260620 09:40:09.277515 0x16e5eb000 feature_extraction.cc:274]   Dimensions:      4224 x 2376
I20260620 09:40:09.277523 0x16e5eb000 feature_extraction.cc:277]   Camera:          #118 - SIMPLE_RADIAL
I20260620 09:40:09.277531 0x16e5eb000 feature_extraction.cc:280]   Focal Length:    5068.80px
I20260620 09:40:09.277539 0x16e5eb000 feature_extraction.cc:284]   Features:        10820 (SIFT)
I20260620 09:40:10.166763 0x16e5eb000 feature_extraction.cc:262] Processed file [119/300]
I20260620 09:40:10.166820 0x16e5eb000 feature_extraction.cc:265]   Name:            cell_60_slot_4.jpg
I20260620 09:40:10.166829 0x16e5eb000 feature_extraction.cc:274]   Dimensions:      4224 x 2376
I20260620 09:40:10.166837 0x16e5eb000 feature_extraction.cc:277]   Camera:          #119 - SIMPLE_RADIAL
I20260620 09:40:10.166845 0x16e5eb000 feature_extraction.cc:280]   Focal Length:    5068.80px
I20260620 09:40:10.166854 0x16e5eb000 feature_extraction.cc:284]   Features:        10922 (SIFT)
I20260620 09:40:10.706149 0x16e5eb000 feature_extraction.cc:262] Processed file [120/300]
I20260620 09:40:10.706217 0x16e5eb000 feature_extraction.cc:265]   Name:            cell_60_slot_5.jpg
I20260620 09:40:10.706232 0x16e5eb000 feature_extraction.cc:274]   Dimensions:      4224 x 2376
I20260620 09:40:10.706242 0x16e5eb000 feature_extraction.cc:277]   Camera:          #120 - SIMPLE_RADIAL
I20260620 09:40:10.706251 0x16e5eb000 feature_extraction.cc:280]   Focal Length:    5068.80px
I20260620 09:40:10.706270 0x16e5eb000 feature_extraction.cc:284]   Features:        10854 (SIFT)
I20260620 09:40:12.056947 0x16e5eb000 feature_extraction.cc:262] Processed file [121/300]
I20260620 09:40:12.057296 0x16e5eb000 feature_extraction.cc:265]   Name:            cell_60_slot_6.jpg
I20260620 09:40:12.057321 0x16e5eb000 feature_extraction.cc:274]   Dimensions:      4224 x 2376
I20260620 09:40:12.057327 0x16e5eb000 feature_extraction.cc:277]   Camera:          #121 - SIMPLE_RADIAL
I20260620 09:40:12.057333 0x16e5eb000 feature_extraction.cc:280]   Focal Length:    5068.80px
I20260620 09:40:12.057339 0x16e5eb000 feature_extraction.cc:284]   Features:        11826 (SIFT)
I20260620 09:40:12.298448 0x16e5eb000 feature_extraction.cc:262] Processed file [122/300]
I20260620 09:40:12.298518 0x16e5eb000 feature_extraction.cc:265]   Name:            cell_60_slot_7.jpg
I20260620 09:40:12.298531 0x16e5eb000 feature_extraction.cc:274]   Dimensions:      4224 x 2376
I20260620 09:40:12.298541 0x16e5eb000 feature_extraction.cc:277]   Camera:          #122 - SIMPLE_RADIAL
I20260620 09:40:12.298551 0x16e5eb000 feature_extraction.cc:280]   Focal Length:    5068.80px
I20260620 09:40:12.298562 0x16e5eb000 feature_extraction.cc:284]   Features:        11612 (SIFT)
I20260620 09:40:13.127280 0x16e5eb000 feature_extraction.cc:262] Processed file [123/300]
I20260620 09:40:13.127345 0x16e5eb000 feature_extraction.cc:265]   Name:            cell_60_slot_8.jpg
I20260620 09:40:13.127356 0x16e5eb000 feature_extraction.cc:274]   Dimensions:      4224 x 2376
I20260620 09:40:13.127366 0x16e5eb000 feature_extraction.cc:277]   Camera:          #123 - SIMPLE_RADIAL
I20260620 09:40:13.127376 0x16e5eb000 feature_extraction.cc:280]   Focal Length:    5068.80px
I20260620 09:40:13.127386 0x16e5eb000 feature_extraction.cc:284]   Features:        11058 (SIFT)
I20260620 09:40:14.007157 0x16e5eb000 feature_extraction.cc:262] Processed file [124/300]
I20260620 09:40:14.007224 0x16e5eb000 feature_extraction.cc:265]   Name:            cell_60_slot_9.jpg
I20260620 09:40:14.007246 0x16e5eb000 feature_extraction.cc:274]   Dimensions:      4224 x 2376
I20260620 09:40:14.007263 0x16e5eb000 feature_extraction.cc:277]   Camera:          #124 - SIMPLE_RADIAL
I20260620 09:40:14.007279 0x16e5eb000 feature_extraction.cc:280]   Focal Length:    5068.80px
I20260620 09:40:14.007294 0x16e5eb000 feature_extraction.cc:284]   Features:        10287 (SIFT)
I20260620 09:40:15.294849 0x16e5eb000 feature_extraction.cc:262] Processed file [125/300]
I20260620 09:40:15.294918 0x16e5eb000 feature_extraction.cc:265]   Name:            cell_66_slot_1.jpg
I20260620 09:40:15.294929 0x16e5eb000 feature_extraction.cc:274]   Dimensions:      4224 x 2376
I20260620 09:40:15.294939 0x16e5eb000 feature_extraction.cc:277]   Camera:          #126 - SIMPLE_RADIAL
I20260620 09:40:15.294949 0x16e5eb000 feature_extraction.cc:280]   Focal Length:    5068.80px
I20260620 09:40:15.294961 0x16e5eb000 feature_extraction.cc:284]   Features:        9488 (SIFT)
I20260620 09:40:15.737259 0x16e5eb000 feature_extraction.cc:262] Processed file [126/300]
I20260620 09:40:15.737326 0x16e5eb000 feature_extraction.cc:265]   Name:            cell_66_slot_0.jpg
I20260620 09:40:15.737338 0x16e5eb000 feature_extraction.cc:274]   Dimensions:      4224 x 2376
I20260620 09:40:15.737348 0x16e5eb000 feature_extraction.cc:277]   Camera:          #125 - SIMPLE_RADIAL
I20260620 09:40:15.737358 0x16e5eb000 feature_extraction.cc:280]   Focal Length:    5068.80px
I20260620 09:40:15.737383 0x16e5eb000 feature_extraction.cc:284]   Features:        10260 (SIFT)
I20260620 09:40:17.026127 0x16e5eb000 feature_extraction.cc:262] Processed file [127/300]
I20260620 09:40:17.026191 0x16e5eb000 feature_extraction.cc:265]   Name:            cell_66_slot_2.jpg
I20260620 09:40:17.026202 0x16e5eb000 feature_extraction.cc:274]   Dimensions:      4224 x 2376
I20260620 09:40:17.026211 0x16e5eb000 feature_extraction.cc:277]   Camera:          #127 - SIMPLE_RADIAL
I20260620 09:40:17.026221 0x16e5eb000 feature_extraction.cc:280]   Focal Length:    5068.80px
I20260620 09:40:17.026231 0x16e5eb000 feature_extraction.cc:284]   Features:        12904 (SIFT)
I20260620 09:40:18.910656 0x16e5eb000 feature_extraction.cc:262] Processed file [128/300]
I20260620 09:40:18.910715 0x16e5eb000 feature_extraction.cc:265]   Name:            cell_66_slot_3.jpg
I20260620 09:40:18.910726 0x16e5eb000 feature_extraction.cc:274]   Dimensions:      4224 x 2376
I20260620 09:40:18.910735 0x16e5eb000 feature_extraction.cc:277]   Camera:          #128 - SIMPLE_RADIAL
I20260620 09:40:18.910747 0x16e5eb000 feature_extraction.cc:280]   Focal Length:    5068.80px
I20260620 09:40:18.910757 0x16e5eb000 feature_extraction.cc:284]   Features:        12674 (SIFT)
I20260620 09:40:19.301110 0x16e5eb000 feature_extraction.cc:262] Processed file [129/300]
I20260620 09:40:19.301181 0x16e5eb000 feature_extraction.cc:265]   Name:            cell_67_slot_0.jpg
I20260620 09:40:19.301193 0x16e5eb000 feature_extraction.cc:274]   Dimensions:      4224 x 2376
I20260620 09:40:19.301203 0x16e5eb000 feature_extraction.cc:277]   Camera:          #129 - SIMPLE_RADIAL
I20260620 09:40:19.301213 0x16e5eb000 feature_extraction.cc:280]   Focal Length:    5068.80px
I20260620 09:40:19.301223 0x16e5eb000 feature_extraction.cc:284]   Features:        12230 (SIFT)
I20260620 09:40:19.354287 0x16e5eb000 feature_extraction.cc:262] Processed file [130/300]
I20260620 09:40:19.354356 0x16e5eb000 feature_extraction.cc:265]   Name:            cell_67_slot_1.jpg
I20260620 09:40:19.354367 0x16e5eb000 feature_extraction.cc:274]   Dimensions:      4224 x 2376
I20260620 09:40:19.354378 0x16e5eb000 feature_extraction.cc:277]   Camera:          #130 - SIMPLE_RADIAL
I20260620 09:40:19.354387 0x16e5eb000 feature_extraction.cc:280]   Focal Length:    5068.80px
I20260620 09:40:19.354398 0x16e5eb000 feature_extraction.cc:284]   Features:        12366 (SIFT)
I20260620 09:40:20.512256 0x16e5eb000 feature_extraction.cc:262] Processed file [131/300]
I20260620 09:40:20.512318 0x16e5eb000 feature_extraction.cc:265]   Name:            cell_67_slot_2.jpg
I20260620 09:40:20.512331 0x16e5eb000 feature_extraction.cc:274]   Dimensions:      4224 x 2376
I20260620 09:40:20.512341 0x16e5eb000 feature_extraction.cc:277]   Camera:          #131 - SIMPLE_RADIAL
I20260620 09:40:20.512352 0x16e5eb000 feature_extraction.cc:280]   Focal Length:    5068.80px
I20260620 09:40:20.512363 0x16e5eb000 feature_extraction.cc:284]   Features:        12708 (SIFT)
I20260620 09:40:20.820615 0x16e5eb000 feature_extraction.cc:262] Processed file [132/300]
I20260620 09:40:20.820671 0x16e5eb000 feature_extraction.cc:265]   Name:            cell_67_slot_3.jpg
I20260620 09:40:20.820682 0x16e5eb000 feature_extraction.cc:274]   Dimensions:      4224 x 2376
I20260620 09:40:20.820691 0x16e5eb000 feature_extraction.cc:277]   Camera:          #132 - SIMPLE_RADIAL
I20260620 09:40:20.820701 0x16e5eb000 feature_extraction.cc:280]   Focal Length:    5068.80px
I20260620 09:40:20.820713 0x16e5eb000 feature_extraction.cc:284]   Features:        12577 (SIFT)
I20260620 09:40:21.800482 0x16e5eb000 feature_extraction.cc:262] Processed file [133/300]
I20260620 09:40:21.800547 0x16e5eb000 feature_extraction.cc:265]   Name:            cell_67_slot_4.jpg
I20260620 09:40:21.800559 0x16e5eb000 feature_extraction.cc:274]   Dimensions:      4224 x 2376
I20260620 09:40:21.800569 0x16e5eb000 feature_extraction.cc:277]   Camera:          #133 - SIMPLE_RADIAL
I20260620 09:40:21.800579 0x16e5eb000 feature_extraction.cc:280]   Focal Length:    5068.80px
I20260620 09:40:21.800589 0x16e5eb000 feature_extraction.cc:284]   Features:        12327 (SIFT)
I20260620 09:40:22.110513 0x16e5eb000 feature_extraction.cc:262] Processed file [134/300]
I20260620 09:40:22.110586 0x16e5eb000 feature_extraction.cc:265]   Name:            cell_67_slot_5.jpg
I20260620 09:40:22.110599 0x16e5eb000 feature_extraction.cc:274]   Dimensions:      4224 x 2376
I20260620 09:40:22.110609 0x16e5eb000 feature_extraction.cc:277]   Camera:          #134 - SIMPLE_RADIAL
I20260620 09:40:22.110619 0x16e5eb000 feature_extraction.cc:280]   Focal Length:    5068.80px
I20260620 09:40:22.110630 0x16e5eb000 feature_extraction.cc:284]   Features:        12369 (SIFT)
I20260620 09:40:22.660253 0x16e5eb000 feature_extraction.cc:262] Processed file [135/300]
I20260620 09:40:22.660323 0x16e5eb000 feature_extraction.cc:265]   Name:            cell_67_slot_6.jpg
I20260620 09:40:22.660334 0x16e5eb000 feature_extraction.cc:274]   Dimensions:      4224 x 2376
I20260620 09:40:22.660344 0x16e5eb000 feature_extraction.cc:277]   Camera:          #135 - SIMPLE_RADIAL
I20260620 09:40:22.660354 0x16e5eb000 feature_extraction.cc:280]   Focal Length:    5068.80px
I20260620 09:40:22.660365 0x16e5eb000 feature_extraction.cc:284]   Features:        12274 (SIFT)
I20260620 09:40:23.865688 0x16e5eb000 feature_extraction.cc:262] Processed file [136/300]
I20260620 09:40:23.865761 0x16e5eb000 feature_extraction.cc:265]   Name:            cell_68_slot_1.jpg
I20260620 09:40:23.865779 0x16e5eb000 feature_extraction.cc:274]   Dimensions:      4224 x 2376
I20260620 09:40:23.865790 0x16e5eb000 feature_extraction.cc:277]   Camera:          #137 - SIMPLE_RADIAL
I20260620 09:40:23.865801 0x16e5eb000 feature_extraction.cc:280]   Focal Length:    5068.80px
I20260620 09:40:23.865814 0x16e5eb000 feature_extraction.cc:284]   Features:        8573 (SIFT)
I20260620 09:40:24.394206 0x16e5eb000 feature_extraction.cc:262] Processed file [137/300]
I20260620 09:40:24.394280 0x16e5eb000 feature_extraction.cc:265]   Name:            cell_68_slot_0.jpg
I20260620 09:40:24.394292 0x16e5eb000 feature_extraction.cc:274]   Dimensions:      4224 x 2376
I20260620 09:40:24.394302 0x16e5eb000 feature_extraction.cc:277]   Camera:          #136 - SIMPLE_RADIAL
I20260620 09:40:24.394314 0x16e5eb000 feature_extraction.cc:280]   Focal Length:    5068.80px
I20260620 09:40:24.394325 0x16e5eb000 feature_extraction.cc:284]   Features:        10629 (SIFT)
I20260620 09:40:25.786908 0x16e5eb000 feature_extraction.cc:262] Processed file [138/300]
I20260620 09:40:25.786982 0x16e5eb000 feature_extraction.cc:265]   Name:            cell_68_slot_2.jpg
I20260620 09:40:25.786994 0x16e5eb000 feature_extraction.cc:274]   Dimensions:      4224 x 2376
I20260620 09:40:25.787004 0x16e5eb000 feature_extraction.cc:277]   Camera:          #138 - SIMPLE_RADIAL
I20260620 09:40:25.787014 0x16e5eb000 feature_extraction.cc:280]   Focal Length:    5068.80px
I20260620 09:40:25.787025 0x16e5eb000 feature_extraction.cc:284]   Features:        10348 (SIFT)
I20260620 09:40:26.882354 0x16e5eb000 feature_extraction.cc:262] Processed file [139/300]
I20260620 09:40:26.882430 0x16e5eb000 feature_extraction.cc:265]   Name:            cell_68_slot_3.jpg
I20260620 09:40:26.882442 0x16e5eb000 feature_extraction.cc:274]   Dimensions:      4224 x 2376
I20260620 09:40:26.882450 0x16e5eb000 feature_extraction.cc:277]   Camera:          #139 - SIMPLE_RADIAL
I20260620 09:40:26.882460 0x16e5eb000 feature_extraction.cc:280]   Focal Length:    5068.80px
I20260620 09:40:26.882469 0x16e5eb000 feature_extraction.cc:284]   Features:        10344 (SIFT)
I20260620 09:40:28.848402 0x16e5eb000 feature_extraction.cc:262] Processed file [140/300]
I20260620 09:40:28.848465 0x16e5eb000 feature_extraction.cc:265]   Name:            cell_68_slot_4.jpg
I20260620 09:40:28.848476 0x16e5eb000 feature_extraction.cc:274]   Dimensions:      4224 x 2376
I20260620 09:40:28.848484 0x16e5eb000 feature_extraction.cc:277]   Camera:          #140 - SIMPLE_RADIAL
I20260620 09:40:28.848494 0x16e5eb000 feature_extraction.cc:280]   Focal Length:    5068.80px
I20260620 09:40:28.848504 0x16e5eb000 feature_extraction.cc:284]   Features:        10436 (SIFT)
I20260620 09:40:29.537209 0x16e5eb000 feature_extraction.cc:262] Processed file [141/300]
I20260620 09:40:29.537272 0x16e5eb000 feature_extraction.cc:265]   Name:            cell_68_slot_5.jpg
I20260620 09:40:29.537283 0x16e5eb000 feature_extraction.cc:274]   Dimensions:      4224 x 2376
I20260620 09:40:29.537292 0x16e5eb000 feature_extraction.cc:277]   Camera:          #141 - SIMPLE_RADIAL
I20260620 09:40:29.537302 0x16e5eb000 feature_extraction.cc:280]   Focal Length:    5068.80px
I20260620 09:40:29.537312 0x16e5eb000 feature_extraction.cc:284]   Features:        10771 (SIFT)
I20260620 09:40:30.003764 0x16e5eb000 feature_extraction.cc:262] Processed file [142/300]
I20260620 09:40:30.003847 0x16e5eb000 feature_extraction.cc:265]   Name:            cell_69_slot_0.jpg
I20260620 09:40:30.003859 0x16e5eb000 feature_extraction.cc:274]   Dimensions:      4224 x 2376
I20260620 09:40:30.003868 0x16e5eb000 feature_extraction.cc:277]   Camera:          #143 - SIMPLE_RADIAL
I20260620 09:40:30.003877 0x16e5eb000 feature_extraction.cc:280]   Focal Length:    5068.80px
I20260620 09:40:30.003888 0x16e5eb000 feature_extraction.cc:284]   Features:        9864 (SIFT)
I20260620 09:40:30.223644 0x16e5eb000 feature_extraction.cc:262] Processed file [143/300]
I20260620 09:40:30.223724 0x16e5eb000 feature_extraction.cc:265]   Name:            cell_69_slot_1.jpg
I20260620 09:40:30.223737 0x16e5eb000 feature_extraction.cc:274]   Dimensions:      4224 x 2376
I20260620 09:40:30.223747 0x16e5eb000 feature_extraction.cc:277]   Camera:          #144 - SIMPLE_RADIAL
I20260620 09:40:30.223757 0x16e5eb000 feature_extraction.cc:280]   Focal Length:    5068.80px
I20260620 09:40:30.223769 0x16e5eb000 feature_extraction.cc:284]   Features:        10106 (SIFT)
I20260620 09:40:30.972075 0x16e5eb000 feature_extraction.cc:262] Processed file [144/300]
I20260620 09:40:30.972152 0x16e5eb000 feature_extraction.cc:265]   Name:            cell_68_slot_6.jpg
I20260620 09:40:30.972167 0x16e5eb000 feature_extraction.cc:274]   Dimensions:      4224 x 2376
I20260620 09:40:30.972176 0x16e5eb000 feature_extraction.cc:277]   Camera:          #142 - SIMPLE_RADIAL
I20260620 09:40:30.972187 0x16e5eb000 feature_extraction.cc:280]   Focal Length:    5068.80px
I20260620 09:40:30.972198 0x16e5eb000 feature_extraction.cc:284]   Features:        12522 (SIFT)
I20260620 09:40:31.790335 0x16e5eb000 feature_extraction.cc:262] Processed file [145/300]
I20260620 09:40:31.790415 0x16e5eb000 feature_extraction.cc:265]   Name:            cell_69_slot_2.jpg
I20260620 09:40:31.790431 0x16e5eb000 feature_extraction.cc:274]   Dimensions:      4224 x 2376
I20260620 09:40:31.790441 0x16e5eb000 feature_extraction.cc:277]   Camera:          #145 - SIMPLE_RADIAL
I20260620 09:40:31.790452 0x16e5eb000 feature_extraction.cc:280]   Focal Length:    5068.80px
I20260620 09:40:31.790463 0x16e5eb000 feature_extraction.cc:284]   Features:        10527 (SIFT)
I20260620 09:40:32.325828 0x16e5eb000 feature_extraction.cc:262] Processed file [146/300]
I20260620 09:40:32.325899 0x16e5eb000 feature_extraction.cc:265]   Name:            cell_69_slot_3.jpg
I20260620 09:40:32.325912 0x16e5eb000 feature_extraction.cc:274]   Dimensions:      4224 x 2376
I20260620 09:40:32.325921 0x16e5eb000 feature_extraction.cc:277]   Camera:          #146 - SIMPLE_RADIAL
I20260620 09:40:32.325931 0x16e5eb000 feature_extraction.cc:280]   Focal Length:    5068.80px
I20260620 09:40:32.325942 0x16e5eb000 feature_extraction.cc:284]   Features:        10928 (SIFT)
I20260620 09:40:32.422387 0x16e5eb000 feature_extraction.cc:262] Processed file [147/300]
I20260620 09:40:32.422416 0x16e5eb000 feature_extraction.cc:265]   Name:            cell_69_slot_4.jpg
I20260620 09:40:32.422422 0x16e5eb000 feature_extraction.cc:274]   Dimensions:      4224 x 2376
I20260620 09:40:32.422426 0x16e5eb000 feature_extraction.cc:277]   Camera:          #147 - SIMPLE_RADIAL
I20260620 09:40:32.422431 0x16e5eb000 feature_extraction.cc:280]   Focal Length:    5068.80px
I20260620 09:40:32.422436 0x16e5eb000 feature_extraction.cc:284]   Features:        10340 (SIFT)
I20260620 09:40:34.633005 0x16e5eb000 feature_extraction.cc:262] Processed file [148/300]
I20260620 09:40:34.633073 0x16e5eb000 feature_extraction.cc:265]   Name:            cell_69_slot_5.jpg
I20260620 09:40:34.633085 0x16e5eb000 feature_extraction.cc:274]   Dimensions:      4224 x 2376
I20260620 09:40:34.633094 0x16e5eb000 feature_extraction.cc:277]   Camera:          #148 - SIMPLE_RADIAL
I20260620 09:40:34.633104 0x16e5eb000 feature_extraction.cc:280]   Focal Length:    5068.80px
I20260620 09:40:34.633115 0x16e5eb000 feature_extraction.cc:284]   Features:        11834 (SIFT)
I20260620 09:40:34.974987 0x16e5eb000 feature_extraction.cc:262] Processed file [149/300]
I20260620 09:40:34.975062 0x16e5eb000 feature_extraction.cc:265]   Name:            cell_70_slot_0.jpg
I20260620 09:40:34.975074 0x16e5eb000 feature_extraction.cc:274]   Dimensions:      4224 x 2376
I20260620 09:40:34.975083 0x16e5eb000 feature_extraction.cc:277]   Camera:          #149 - SIMPLE_RADIAL
I20260620 09:40:34.975092 0x16e5eb000 feature_extraction.cc:280]   Focal Length:    5068.80px
I20260620 09:40:34.975104 0x16e5eb000 feature_extraction.cc:284]   Features:        11738 (SIFT)
I20260620 09:40:36.720916 0x16e5eb000 feature_extraction.cc:262] Processed file [150/300]
I20260620 09:40:36.721698 0x16e5eb000 feature_extraction.cc:265]   Name:            cell_70_slot_1.jpg
I20260620 09:40:36.721719 0x16e5eb000 feature_extraction.cc:274]   Dimensions:      4224 x 2376
I20260620 09:40:36.721725 0x16e5eb000 feature_extraction.cc:277]   Camera:          #150 - SIMPLE_RADIAL
I20260620 09:40:36.721730 0x16e5eb000 feature_extraction.cc:280]   Focal Length:    5068.80px
I20260620 09:40:36.721736 0x16e5eb000 feature_extraction.cc:284]   Features:        12165 (SIFT)
I20260620 09:40:37.316907 0x16e5eb000 feature_extraction.cc:262] Processed file [151/300]
I20260620 09:40:37.316976 0x16e5eb000 feature_extraction.cc:265]   Name:            cell_70_slot_3.jpg
I20260620 09:40:37.316988 0x16e5eb000 feature_extraction.cc:274]   Dimensions:      4224 x 2376
I20260620 09:40:37.316996 0x16e5eb000 feature_extraction.cc:277]   Camera:          #151 - SIMPLE_RADIAL
I20260620 09:40:37.317006 0x16e5eb000 feature_extraction.cc:280]   Focal Length:    5068.80px
I20260620 09:40:37.317016 0x16e5eb000 feature_extraction.cc:284]   Features:        11286 (SIFT)
I20260620 09:40:37.405552 0x16e5eb000 feature_extraction.cc:262] Processed file [152/300]
I20260620 09:40:37.405629 0x16e5eb000 feature_extraction.cc:265]   Name:            cell_71_slot_0.jpg
I20260620 09:40:37.405641 0x16e5eb000 feature_extraction.cc:274]   Dimensions:      4224 x 2376
I20260620 09:40:37.405651 0x16e5eb000 feature_extraction.cc:277]   Camera:          #152 - SIMPLE_RADIAL
I20260620 09:40:37.405661 0x16e5eb000 feature_extraction.cc:280]   Focal Length:    5068.80px
I20260620 09:40:37.405672 0x16e5eb000 feature_extraction.cc:284]   Features:        8599 (SIFT)
I20260620 09:40:38.437362 0x16e5eb000 feature_extraction.cc:262] Processed file [153/300]
I20260620 09:40:38.437436 0x16e5eb000 feature_extraction.cc:265]   Name:            cell_71_slot_3.jpg
I20260620 09:40:38.437447 0x16e5eb000 feature_extraction.cc:274]   Dimensions:      3840 x 2160
I20260620 09:40:38.437457 0x16e5eb000 feature_extraction.cc:277]   Camera:          #155 - SIMPLE_RADIAL
I20260620 09:40:38.437466 0x16e5eb000 feature_extraction.cc:280]   Focal Length:    4608.00px
I20260620 09:40:38.437478 0x16e5eb000 feature_extraction.cc:284]   Features:        8325 (SIFT)
I20260620 09:40:40.406444 0x16e5eb000 feature_extraction.cc:262] Processed file [154/300]
I20260620 09:40:40.406494 0x16e5eb000 feature_extraction.cc:265]   Name:            cell_76_slot_0.jpg
I20260620 09:40:40.406505 0x16e5eb000 feature_extraction.cc:274]   Dimensions:      4224 x 2376
I20260620 09:40:40.406515 0x16e5eb000 feature_extraction.cc:277]   Camera:          #162 - SIMPLE_RADIAL
I20260620 09:40:40.406525 0x16e5eb000 feature_extraction.cc:280]   Focal Length:    5068.80px
I20260620 09:40:40.406535 0x16e5eb000 feature_extraction.cc:284]   Features:        2095 (SIFT)
I20260620 09:40:40.490966 0x16e5eb000 feature_extraction.cc:262] Processed file [155/300]
I20260620 09:40:40.491017 0x16e5eb000 feature_extraction.cc:265]   Name:            cell_71_slot_2.jpg
I20260620 09:40:40.491030 0x16e5eb000 feature_extraction.cc:274]   Dimensions:      4224 x 2376
I20260620 09:40:40.491040 0x16e5eb000 feature_extraction.cc:277]   Camera:          #154 - SIMPLE_RADIAL
I20260620 09:40:40.491050 0x16e5eb000 feature_extraction.cc:280]   Focal Length:    5068.80px
I20260620 09:40:40.491060 0x16e5eb000 feature_extraction.cc:284]   Features:        10635 (SIFT)
I20260620 09:40:40.907866 0x16e5eb000 feature_extraction.cc:262] Processed file [156/300]
I20260620 09:40:40.907939 0x16e5eb000 feature_extraction.cc:265]   Name:            cell_71_slot_4.jpg
I20260620 09:40:40.907951 0x16e5eb000 feature_extraction.cc:274]   Dimensions:      4224 x 2376
I20260620 09:40:40.907961 0x16e5eb000 feature_extraction.cc:277]   Camera:          #156 - SIMPLE_RADIAL
I20260620 09:40:40.907972 0x16e5eb000 feature_extraction.cc:280]   Focal Length:    5068.80px
I20260620 09:40:40.907984 0x16e5eb000 feature_extraction.cc:284]   Features:        10314 (SIFT)
I20260620 09:40:41.172878 0x16e5eb000 feature_extraction.cc:262] Processed file [157/300]
I20260620 09:40:41.172958 0x16e5eb000 feature_extraction.cc:265]   Name:            cell_71_slot_1.jpg
I20260620 09:40:41.172970 0x16e5eb000 feature_extraction.cc:274]   Dimensions:      4224 x 2376
I20260620 09:40:41.172979 0x16e5eb000 feature_extraction.cc:277]   Camera:          #153 - SIMPLE_RADIAL
I20260620 09:40:41.172990 0x16e5eb000 feature_extraction.cc:280]   Focal Length:    5068.80px
I20260620 09:40:41.173002 0x16e5eb000 feature_extraction.cc:284]   Features:        12529 (SIFT)
I20260620 09:40:41.301885 0x16e5eb000 feature_extraction.cc:262] Processed file [158/300]
I20260620 09:40:41.301956 0x16e5eb000 feature_extraction.cc:265]   Name:            cell_71_slot_6.jpg
I20260620 09:40:41.301976 0x16e5eb000 feature_extraction.cc:274]   Dimensions:      4224 x 2376
I20260620 09:40:41.301990 0x16e5eb000 feature_extraction.cc:277]   Camera:          #158 - SIMPLE_RADIAL
I20260620 09:40:41.302003 0x16e5eb000 feature_extraction.cc:280]   Focal Length:    5068.80px
I20260620 09:40:41.302017 0x16e5eb000 feature_extraction.cc:284]   Features:        9467 (SIFT)
I20260620 09:40:41.389684 0x16e5eb000 feature_extraction.cc:262] Processed file [159/300]
I20260620 09:40:41.389711 0x16e5eb000 feature_extraction.cc:265]   Name:            cell_71_slot_7.jpg
I20260620 09:40:41.389716 0x16e5eb000 feature_extraction.cc:274]   Dimensions:      4224 x 2376
I20260620 09:40:41.389721 0x16e5eb000 feature_extraction.cc:277]   Camera:          #159 - SIMPLE_RADIAL
I20260620 09:40:41.389725 0x16e5eb000 feature_extraction.cc:280]   Focal Length:    5068.80px
I20260620 09:40:41.389731 0x16e5eb000 feature_extraction.cc:284]   Features:        8881 (SIFT)
I20260620 09:40:41.923860 0x16e5eb000 feature_extraction.cc:262] Processed file [160/300]
I20260620 09:40:41.923919 0x16e5eb000 feature_extraction.cc:265]   Name:            cell_71_slot_5.jpg
I20260620 09:40:41.923931 0x16e5eb000 feature_extraction.cc:274]   Dimensions:      4224 x 2376
I20260620 09:40:41.923941 0x16e5eb000 feature_extraction.cc:277]   Camera:          #157 - SIMPLE_RADIAL
I20260620 09:40:41.923952 0x16e5eb000 feature_extraction.cc:280]   Focal Length:    5068.80px
I20260620 09:40:41.923963 0x16e5eb000 feature_extraction.cc:284]   Features:        10313 (SIFT)
I20260620 09:40:43.257748 0x16e5eb000 feature_extraction.cc:262] Processed file [161/300]
I20260620 09:40:43.259281 0x16e5eb000 feature_extraction.cc:265]   Name:            cell_76_slot_1.jpg
I20260620 09:40:43.259296 0x16e5eb000 feature_extraction.cc:274]   Dimensions:      4224 x 2376
I20260620 09:40:43.259301 0x16e5eb000 feature_extraction.cc:277]   Camera:          #163 - SIMPLE_RADIAL
I20260620 09:40:43.259478 0x16e5eb000 feature_extraction.cc:280]   Focal Length:    5068.80px
I20260620 09:40:43.259493 0x16e5eb000 feature_extraction.cc:284]   Features:        4785 (SIFT)
I20260620 09:40:43.494514 0x16e5eb000 feature_extraction.cc:262] Processed file [162/300]
I20260620 09:40:43.494594 0x16e5eb000 feature_extraction.cc:265]   Name:            cell_72_slot_0.jpg
I20260620 09:40:43.494610 0x16e5eb000 feature_extraction.cc:274]   Dimensions:      4224 x 2376
I20260620 09:40:43.494620 0x16e5eb000 feature_extraction.cc:277]   Camera:          #160 - SIMPLE_RADIAL
I20260620 09:40:43.494631 0x16e5eb000 feature_extraction.cc:280]   Focal Length:    5068.80px
I20260620 09:40:43.494644 0x16e5eb000 feature_extraction.cc:284]   Features:        8673 (SIFT)
I20260620 09:40:45.058983 0x16e5eb000 feature_extraction.cc:262] Processed file [163/300]
I20260620 09:40:45.059050 0x16e5eb000 feature_extraction.cc:265]   Name:            cell_72_slot_5.jpg
I20260620 09:40:45.059063 0x16e5eb000 feature_extraction.cc:274]   Dimensions:      4224 x 2376
I20260620 09:40:45.059073 0x16e5eb000 feature_extraction.cc:277]   Camera:          #161 - SIMPLE_RADIAL
I20260620 09:40:45.059083 0x16e5eb000 feature_extraction.cc:280]   Focal Length:    5068.80px
I20260620 09:40:45.059094 0x16e5eb000 feature_extraction.cc:284]   Features:        10991 (SIFT)
I20260620 09:40:48.548266 0x16e5eb000 feature_extraction.cc:262] Processed file [164/300]
I20260620 09:40:48.548507 0x16e5eb000 feature_extraction.cc:265]   Name:            cell_76_slot_2.jpg
I20260620 09:40:48.548518 0x16e5eb000 feature_extraction.cc:274]   Dimensions:      4224 x 2376
I20260620 09:40:48.548523 0x16e5eb000 feature_extraction.cc:277]   Camera:          #164 - SIMPLE_RADIAL
I20260620 09:40:48.548528 0x16e5eb000 feature_extraction.cc:280]   Focal Length:    5068.80px
I20260620 09:40:48.548534 0x16e5eb000 feature_extraction.cc:284]   Features:        13271 (SIFT)
I20260620 09:40:49.004044 0x16e5eb000 feature_extraction.cc:262] Processed file [165/300]
I20260620 09:40:49.004084 0x16e5eb000 feature_extraction.cc:265]   Name:            cell_77_slot_0.jpg
I20260620 09:40:49.004090 0x16e5eb000 feature_extraction.cc:274]   Dimensions:      4224 x 2376
I20260620 09:40:49.004096 0x16e5eb000 feature_extraction.cc:277]   Camera:          #165 - SIMPLE_RADIAL
I20260620 09:40:49.004101 0x16e5eb000 feature_extraction.cc:280]   Focal Length:    5068.80px
I20260620 09:40:49.004107 0x16e5eb000 feature_extraction.cc:284]   Features:        10264 (SIFT)
I20260620 09:40:50.760556 0x16e5eb000 feature_extraction.cc:262] Processed file [166/300]
I20260620 09:40:50.760604 0x16e5eb000 feature_extraction.cc:265]   Name:            cell_77_slot_5.jpg
I20260620 09:40:50.760609 0x16e5eb000 feature_extraction.cc:274]   Dimensions:      4224 x 2376
I20260620 09:40:50.760613 0x16e5eb000 feature_extraction.cc:277]   Camera:          #170 - SIMPLE_RADIAL
I20260620 09:40:50.760620 0x16e5eb000 feature_extraction.cc:280]   Focal Length:    5068.80px
I20260620 09:40:50.760626 0x16e5eb000 feature_extraction.cc:284]   Features:        9052 (SIFT)
I20260620 09:40:51.250594 0x16e5eb000 feature_extraction.cc:262] Processed file [167/300]
I20260620 09:40:51.250636 0x16e5eb000 feature_extraction.cc:265]   Name:            cell_77_slot_4.jpg
I20260620 09:40:51.250641 0x16e5eb000 feature_extraction.cc:274]   Dimensions:      4224 x 2376
I20260620 09:40:51.250645 0x16e5eb000 feature_extraction.cc:277]   Camera:          #169 - SIMPLE_RADIAL
I20260620 09:40:51.250650 0x16e5eb000 feature_extraction.cc:280]   Focal Length:    5068.80px
I20260620 09:40:51.250655 0x16e5eb000 feature_extraction.cc:284]   Features:        9669 (SIFT)
I20260620 09:40:51.328821 0x16e5eb000 feature_extraction.cc:262] Processed file [168/300]
I20260620 09:40:51.328846 0x16e5eb000 feature_extraction.cc:265]   Name:            cell_77_slot_1.jpg
I20260620 09:40:51.328851 0x16e5eb000 feature_extraction.cc:274]   Dimensions:      4224 x 2376
I20260620 09:40:51.328855 0x16e5eb000 feature_extraction.cc:277]   Camera:          #166 - SIMPLE_RADIAL
I20260620 09:40:51.328859 0x16e5eb000 feature_extraction.cc:280]   Focal Length:    5068.80px
I20260620 09:40:51.328864 0x16e5eb000 feature_extraction.cc:284]   Features:        10666 (SIFT)
I20260620 09:40:51.385482 0x16e5eb000 feature_extraction.cc:262] Processed file [169/300]
I20260620 09:40:51.385549 0x16e5eb000 feature_extraction.cc:265]   Name:            cell_77_slot_2.jpg
I20260620 09:40:51.385560 0x16e5eb000 feature_extraction.cc:274]   Dimensions:      4224 x 2376
I20260620 09:40:51.385570 0x16e5eb000 feature_extraction.cc:277]   Camera:          #167 - SIMPLE_RADIAL
I20260620 09:40:51.385580 0x16e5eb000 feature_extraction.cc:280]   Focal Length:    5068.80px
I20260620 09:40:51.385591 0x16e5eb000 feature_extraction.cc:284]   Features:        10784 (SIFT)
I20260620 09:40:52.606810 0x16e5eb000 feature_extraction.cc:262] Processed file [170/300]
I20260620 09:40:52.606848 0x16e5eb000 feature_extraction.cc:265]   Name:            cell_77_slot_3.jpg
I20260620 09:40:52.606854 0x16e5eb000 feature_extraction.cc:274]   Dimensions:      4224 x 2376
I20260620 09:40:52.606858 0x16e5eb000 feature_extraction.cc:277]   Camera:          #168 - SIMPLE_RADIAL
I20260620 09:40:52.606863 0x16e5eb000 feature_extraction.cc:280]   Focal Length:    5068.80px
I20260620 09:40:52.606868 0x16e5eb000 feature_extraction.cc:284]   Features:        11296 (SIFT)
I20260620 09:40:53.754080 0x16e5eb000 feature_extraction.cc:262] Processed file [171/300]
I20260620 09:40:53.754143 0x16e5eb000 feature_extraction.cc:265]   Name:            cell_78_slot_10.jpg
I20260620 09:40:53.754155 0x16e5eb000 feature_extraction.cc:274]   Dimensions:      4224 x 2376
I20260620 09:40:53.754164 0x16e5eb000 feature_extraction.cc:277]   Camera:          #173 - SIMPLE_RADIAL
I20260620 09:40:53.754173 0x16e5eb000 feature_extraction.cc:280]   Focal Length:    5068.80px
I20260620 09:40:53.754183 0x16e5eb000 feature_extraction.cc:284]   Features:        10674 (SIFT)
I20260620 09:40:53.953491 0x16e5eb000 feature_extraction.cc:262] Processed file [172/300]
I20260620 09:40:53.953566 0x16e5eb000 feature_extraction.cc:265]   Name:            cell_78_slot_0.jpg
I20260620 09:40:53.953582 0x16e5eb000 feature_extraction.cc:274]   Dimensions:      4224 x 2376
I20260620 09:40:53.953594 0x16e5eb000 feature_extraction.cc:277]   Camera:          #171 - SIMPLE_RADIAL
I20260620 09:40:53.953604 0x16e5eb000 feature_extraction.cc:280]   Focal Length:    5068.80px
I20260620 09:40:53.953616 0x16e5eb000 feature_extraction.cc:284]   Features:        12448 (SIFT)
I20260620 09:40:54.057395 0x16e5eb000 feature_extraction.cc:262] Processed file [173/300]
I20260620 09:40:54.057471 0x16e5eb000 feature_extraction.cc:265]   Name:            cell_78_slot_11.jpg
I20260620 09:40:54.057490 0x16e5eb000 feature_extraction.cc:274]   Dimensions:      4224 x 2376
I20260620 09:40:54.057502 0x16e5eb000 feature_extraction.cc:277]   Camera:          #174 - SIMPLE_RADIAL
I20260620 09:40:54.057515 0x16e5eb000 feature_extraction.cc:280]   Focal Length:    5068.80px
I20260620 09:40:54.057527 0x16e5eb000 feature_extraction.cc:284]   Features:        10240 (SIFT)
I20260620 09:40:54.660969 0x16e5eb000 feature_extraction.cc:262] Processed file [174/300]
I20260620 09:40:54.661033 0x16e5eb000 feature_extraction.cc:265]   Name:            cell_78_slot_1.jpg
I20260620 09:40:54.661049 0x16e5eb000 feature_extraction.cc:274]   Dimensions:      4224 x 2376
I20260620 09:40:54.661059 0x16e5eb000 feature_extraction.cc:277]   Camera:          #172 - SIMPLE_RADIAL
I20260620 09:40:54.661071 0x16e5eb000 feature_extraction.cc:280]   Focal Length:    5068.80px
I20260620 09:40:54.661085 0x16e5eb000 feature_extraction.cc:284]   Features:        12794 (SIFT)
I20260620 09:40:57.219102 0x16e5eb000 feature_extraction.cc:262] Processed file [175/300]
I20260620 09:40:57.219448 0x16e5eb000 feature_extraction.cc:265]   Name:            cell_78_slot_2.jpg
I20260620 09:40:57.219471 0x16e5eb000 feature_extraction.cc:274]   Dimensions:      4224 x 2376
I20260620 09:40:57.219477 0x16e5eb000 feature_extraction.cc:277]   Camera:          #175 - SIMPLE_RADIAL
I20260620 09:40:57.219482 0x16e5eb000 feature_extraction.cc:280]   Focal Length:    5068.80px
I20260620 09:40:57.219487 0x16e5eb000 feature_extraction.cc:284]   Features:        12468 (SIFT)
I20260620 09:41:00.455266 0x16e5eb000 feature_extraction.cc:262] Processed file [176/300]
I20260620 09:41:00.455332 0x16e5eb000 feature_extraction.cc:265]   Name:            cell_78_slot_3.jpg
I20260620 09:41:00.455343 0x16e5eb000 feature_extraction.cc:274]   Dimensions:      4224 x 2376
I20260620 09:41:00.455352 0x16e5eb000 feature_extraction.cc:277]   Camera:          #176 - SIMPLE_RADIAL
I20260620 09:41:00.455361 0x16e5eb000 feature_extraction.cc:280]   Focal Length:    5068.80px
I20260620 09:41:00.455372 0x16e5eb000 feature_extraction.cc:284]   Features:        12997 (SIFT)
I20260620 09:41:00.591910 0x16e5eb000 feature_extraction.cc:262] Processed file [177/300]
I20260620 09:41:00.591972 0x16e5eb000 feature_extraction.cc:265]   Name:            cell_80_slot_0.jpg
I20260620 09:41:00.591982 0x16e5eb000 feature_extraction.cc:274]   Dimensions:      4224 x 2376
I20260620 09:41:00.591991 0x16e5eb000 feature_extraction.cc:277]   Camera:          #186 - SIMPLE_RADIAL
I20260620 09:41:00.592000 0x16e5eb000 feature_extraction.cc:280]   Focal Length:    5068.80px
I20260620 09:41:00.592010 0x16e5eb000 feature_extraction.cc:284]   Features:        6731 (SIFT)
I20260620 09:41:00.773429 0x16e5eb000 feature_extraction.cc:262] Processed file [178/300]
I20260620 09:41:00.773493 0x16e5eb000 feature_extraction.cc:265]   Name:            cell_78_slot_4.jpg
I20260620 09:41:00.773504 0x16e5eb000 feature_extraction.cc:274]   Dimensions:      4224 x 2376
I20260620 09:41:00.773514 0x16e5eb000 feature_extraction.cc:277]   Camera:          #177 - SIMPLE_RADIAL
I20260620 09:41:00.773524 0x16e5eb000 feature_extraction.cc:280]   Focal Length:    5068.80px
I20260620 09:41:00.773535 0x16e5eb000 feature_extraction.cc:284]   Features:        12645 (SIFT)
I20260620 09:41:01.062801 0x16e5eb000 feature_extraction.cc:262] Processed file [179/300]
I20260620 09:41:01.062864 0x16e5eb000 feature_extraction.cc:265]   Name:            cell_79_slot_0.jpg
I20260620 09:41:01.062879 0x16e5eb000 feature_extraction.cc:274]   Dimensions:      4224 x 2376
I20260620 09:41:01.062888 0x16e5eb000 feature_extraction.cc:277]   Camera:          #183 - SIMPLE_RADIAL
I20260620 09:41:01.062898 0x16e5eb000 feature_extraction.cc:280]   Focal Length:    5068.80px
I20260620 09:41:01.062908 0x16e5eb000 feature_extraction.cc:284]   Features:        8660 (SIFT)
I20260620 09:41:01.613143 0x16e5eb000 feature_extraction.cc:262] Processed file [180/300]
I20260620 09:41:01.613217 0x16e5eb000 feature_extraction.cc:265]   Name:            cell_78_slot_7.jpg
I20260620 09:41:01.613229 0x16e5eb000 feature_extraction.cc:274]   Dimensions:      4224 x 2376
I20260620 09:41:01.613238 0x16e5eb000 feature_extraction.cc:277]   Camera:          #180 - SIMPLE_RADIAL
I20260620 09:41:01.613247 0x16e5eb000 feature_extraction.cc:280]   Focal Length:    5068.80px
I20260620 09:41:01.613258 0x16e5eb000 feature_extraction.cc:284]   Features:        11193 (SIFT)
I20260620 09:41:02.112262 0x16e5eb000 feature_extraction.cc:262] Processed file [181/300]
I20260620 09:41:02.112326 0x16e5eb000 feature_extraction.cc:265]   Name:            cell_78_slot_8.jpg
I20260620 09:41:02.112339 0x16e5eb000 feature_extraction.cc:274]   Dimensions:      4224 x 2376
I20260620 09:41:02.112349 0x16e5eb000 feature_extraction.cc:277]   Camera:          #181 - SIMPLE_RADIAL
I20260620 09:41:02.112360 0x16e5eb000 feature_extraction.cc:280]   Focal Length:    5068.80px
I20260620 09:41:02.112383 0x16e5eb000 feature_extraction.cc:284]   Features:        11178 (SIFT)
I20260620 09:41:02.760434 0x16e5eb000 feature_extraction.cc:262] Processed file [182/300]
I20260620 09:41:02.760505 0x16e5eb000 feature_extraction.cc:265]   Name:            cell_78_slot_5.jpg
I20260620 09:41:02.760518 0x16e5eb000 feature_extraction.cc:274]   Dimensions:      4224 x 2376
I20260620 09:41:02.760527 0x16e5eb000 feature_extraction.cc:277]   Camera:          #178 - SIMPLE_RADIAL
I20260620 09:41:02.760537 0x16e5eb000 feature_extraction.cc:280]   Focal Length:    5068.80px
I20260620 09:41:02.760548 0x16e5eb000 feature_extraction.cc:284]   Features:        12463 (SIFT)
I20260620 09:41:02.979604 0x16e5eb000 feature_extraction.cc:262] Processed file [183/300]
I20260620 09:41:02.979748 0x16e5eb000 feature_extraction.cc:265]   Name:            cell_78_slot_9.jpg
I20260620 09:41:02.979771 0x16e5eb000 feature_extraction.cc:274]   Dimensions:      4224 x 2376
I20260620 09:41:02.979777 0x16e5eb000 feature_extraction.cc:277]   Camera:          #182 - SIMPLE_RADIAL
I20260620 09:41:02.979782 0x16e5eb000 feature_extraction.cc:280]   Focal Length:    5068.80px
I20260620 09:41:02.979787 0x16e5eb000 feature_extraction.cc:284]   Features:        10653 (SIFT)
I20260620 09:41:03.526080 0x16e5eb000 feature_extraction.cc:262] Processed file [184/300]
I20260620 09:41:03.526154 0x16e5eb000 feature_extraction.cc:265]   Name:            cell_78_slot_6.jpg
I20260620 09:41:03.526167 0x16e5eb000 feature_extraction.cc:274]   Dimensions:      4224 x 2376
I20260620 09:41:03.526176 0x16e5eb000 feature_extraction.cc:277]   Camera:          #179 - SIMPLE_RADIAL
I20260620 09:41:03.526186 0x16e5eb000 feature_extraction.cc:280]   Focal Length:    5068.80px
I20260620 09:41:03.526198 0x16e5eb000 feature_extraction.cc:284]   Features:        13056 (SIFT)
I20260620 09:41:04.207740 0x16e5eb000 feature_extraction.cc:262] Processed file [185/300]
I20260620 09:41:04.207807 0x16e5eb000 feature_extraction.cc:265]   Name:            cell_79_slot_1.jpg
I20260620 09:41:04.207820 0x16e5eb000 feature_extraction.cc:274]   Dimensions:      4224 x 2376
I20260620 09:41:04.207829 0x16e5eb000 feature_extraction.cc:277]   Camera:          #184 - SIMPLE_RADIAL
I20260620 09:41:04.207842 0x16e5eb000 feature_extraction.cc:280]   Focal Length:    5068.80px
I20260620 09:41:04.207853 0x16e5eb000 feature_extraction.cc:284]   Features:        11233 (SIFT)
I20260620 09:41:06.023505 0x16e5eb000 feature_extraction.cc:262] Processed file [186/300]
I20260620 09:41:06.023578 0x16e5eb000 feature_extraction.cc:265]   Name:            cell_79_slot_2.jpg
I20260620 09:41:06.023590 0x16e5eb000 feature_extraction.cc:274]   Dimensions:      4224 x 2376
I20260620 09:41:06.023599 0x16e5eb000 feature_extraction.cc:277]   Camera:          #185 - SIMPLE_RADIAL
I20260620 09:41:06.023609 0x16e5eb000 feature_extraction.cc:280]   Focal Length:    5068.80px
I20260620 09:41:06.023620 0x16e5eb000 feature_extraction.cc:284]   Features:        12184 (SIFT)
I20260620 09:41:06.298874 0x16e5eb000 feature_extraction.cc:262] Processed file [187/300]
I20260620 09:41:06.298948 0x16e5eb000 feature_extraction.cc:265]   Name:            cell_80_slot_1.jpg
I20260620 09:41:06.298961 0x16e5eb000 feature_extraction.cc:274]   Dimensions:      4224 x 2376
I20260620 09:41:06.298971 0x16e5eb000 feature_extraction.cc:277]   Camera:          #187 - SIMPLE_RADIAL
I20260620 09:41:06.298981 0x16e5eb000 feature_extraction.cc:280]   Focal Length:    5068.80px
I20260620 09:41:06.298993 0x16e5eb000 feature_extraction.cc:284]   Features:        10828 (SIFT)
I20260620 09:41:09.810809 0x16e5eb000 feature_extraction.cc:262] Processed file [188/300]
I20260620 09:41:09.811438 0x16e5eb000 feature_extraction.cc:265]   Name:            cell_80_slot_2.jpg
I20260620 09:41:09.811462 0x16e5eb000 feature_extraction.cc:274]   Dimensions:      4224 x 2376
I20260620 09:41:09.811467 0x16e5eb000 feature_extraction.cc:277]   Camera:          #189 - SIMPLE_RADIAL
I20260620 09:41:09.811473 0x16e5eb000 feature_extraction.cc:280]   Focal Length:    5068.80px
I20260620 09:41:09.811479 0x16e5eb000 feature_extraction.cc:284]   Features:        8849 (SIFT)
I20260620 09:41:10.023942 0x16e5eb000 feature_extraction.cc:262] Processed file [189/300]
I20260620 09:41:10.024007 0x16e5eb000 feature_extraction.cc:265]   Name:            cell_80_slot_3.jpg
I20260620 09:41:10.024017 0x16e5eb000 feature_extraction.cc:274]   Dimensions:      4224 x 2376
I20260620 09:41:10.024027 0x16e5eb000 feature_extraction.cc:277]   Camera:          #190 - SIMPLE_RADIAL
I20260620 09:41:10.024036 0x16e5eb000 feature_extraction.cc:280]   Focal Length:    5068.80px
I20260620 09:41:10.024047 0x16e5eb000 feature_extraction.cc:284]   Features:        9276 (SIFT)
I20260620 09:41:10.680260 0x16e5eb000 feature_extraction.cc:262] Processed file [190/300]
I20260620 09:41:10.680321 0x16e5eb000 feature_extraction.cc:265]   Name:            cell_80_slot_10.jpg
I20260620 09:41:10.680332 0x16e5eb000 feature_extraction.cc:274]   Dimensions:      4224 x 2376
I20260620 09:41:10.680341 0x16e5eb000 feature_extraction.cc:277]   Camera:          #188 - SIMPLE_RADIAL
I20260620 09:41:10.680350 0x16e5eb000 feature_extraction.cc:280]   Focal Length:    5068.80px
I20260620 09:41:10.680361 0x16e5eb000 feature_extraction.cc:284]   Features:        10241 (SIFT)
I20260620 09:41:10.765897 0x16e5eb000 feature_extraction.cc:262] Processed file [191/300]
I20260620 09:41:10.765918 0x16e5eb000 feature_extraction.cc:265]   Name:            cell_80_slot_4.jpg
I20260620 09:41:10.765922 0x16e5eb000 feature_extraction.cc:274]   Dimensions:      4224 x 2376
I20260620 09:41:10.765926 0x16e5eb000 feature_extraction.cc:277]   Camera:          #191 - SIMPLE_RADIAL
I20260620 09:41:10.765930 0x16e5eb000 feature_extraction.cc:280]   Focal Length:    5068.80px
I20260620 09:41:10.765935 0x16e5eb000 feature_extraction.cc:284]   Features:        9628 (SIFT)
I20260620 09:41:11.470535 0x16e5eb000 feature_extraction.cc:262] Processed file [192/300]
I20260620 09:41:11.470600 0x16e5eb000 feature_extraction.cc:265]   Name:            cell_80_slot_5.jpg
I20260620 09:41:11.470610 0x16e5eb000 feature_extraction.cc:274]   Dimensions:      4224 x 2376
I20260620 09:41:11.470619 0x16e5eb000 feature_extraction.cc:277]   Camera:          #192 - SIMPLE_RADIAL
I20260620 09:41:11.470629 0x16e5eb000 feature_extraction.cc:280]   Focal Length:    5068.80px
I20260620 09:41:11.470639 0x16e5eb000 feature_extraction.cc:284]   Features:        10143 (SIFT)
I20260620 09:41:11.568495 0x16e5eb000 feature_extraction.cc:262] Processed file [193/300]
I20260620 09:41:11.568556 0x16e5eb000 feature_extraction.cc:265]   Name:            cell_80_slot_6.jpg
I20260620 09:41:11.568566 0x16e5eb000 feature_extraction.cc:274]   Dimensions:      4224 x 2376
I20260620 09:41:11.568575 0x16e5eb000 feature_extraction.cc:277]   Camera:          #193 - SIMPLE_RADIAL
I20260620 09:41:11.568585 0x16e5eb000 feature_extraction.cc:280]   Focal Length:    5068.80px
I20260620 09:41:11.568595 0x16e5eb000 feature_extraction.cc:284]   Features:        9791 (SIFT)
I20260620 09:41:12.065875 0x16e5eb000 feature_extraction.cc:262] Processed file [194/300]
I20260620 09:41:12.065938 0x16e5eb000 feature_extraction.cc:265]   Name:            cell_80_slot_7.jpg
I20260620 09:41:12.065950 0x16e5eb000 feature_extraction.cc:274]   Dimensions:      4224 x 2376
I20260620 09:41:12.065959 0x16e5eb000 feature_extraction.cc:277]   Camera:          #194 - SIMPLE_RADIAL
I20260620 09:41:12.065969 0x16e5eb000 feature_extraction.cc:280]   Focal Length:    5068.80px
I20260620 09:41:12.065979 0x16e5eb000 feature_extraction.cc:284]   Features:        10767 (SIFT)
I20260620 09:41:12.459608 0x16e5eb000 feature_extraction.cc:262] Processed file [195/300]
I20260620 09:41:12.459675 0x16e5eb000 feature_extraction.cc:265]   Name:            cell_80_slot_8.jpg
I20260620 09:41:12.459686 0x16e5eb000 feature_extraction.cc:274]   Dimensions:      4224 x 2376
I20260620 09:41:12.459695 0x16e5eb000 feature_extraction.cc:277]   Camera:          #195 - SIMPLE_RADIAL
I20260620 09:41:12.459705 0x16e5eb000 feature_extraction.cc:280]   Focal Length:    5068.80px
I20260620 09:41:12.459715 0x16e5eb000 feature_extraction.cc:284]   Features:        9563 (SIFT)
I20260620 09:41:12.865587 0x16e5eb000 feature_extraction.cc:262] Processed file [196/300]
I20260620 09:41:12.865656 0x16e5eb000 feature_extraction.cc:265]   Name:            cell_81_slot_0.jpg
I20260620 09:41:12.865670 0x16e5eb000 feature_extraction.cc:274]   Dimensions:      4224 x 2376
I20260620 09:41:12.865679 0x16e5eb000 feature_extraction.cc:277]   Camera:          #197 - SIMPLE_RADIAL
I20260620 09:41:12.865688 0x16e5eb000 feature_extraction.cc:280]   Focal Length:    5068.80px
I20260620 09:41:12.865699 0x16e5eb000 feature_extraction.cc:284]   Features:        9958 (SIFT)
I20260620 09:41:13.550486 0x16e5eb000 feature_extraction.cc:262] Processed file [197/300]
I20260620 09:41:13.550554 0x16e5eb000 feature_extraction.cc:265]   Name:            cell_80_slot_9.jpg
I20260620 09:41:13.550567 0x16e5eb000 feature_extraction.cc:274]   Dimensions:      4224 x 2376
I20260620 09:41:13.550576 0x16e5eb000 feature_extraction.cc:277]   Camera:          #196 - SIMPLE_RADIAL
I20260620 09:41:13.550585 0x16e5eb000 feature_extraction.cc:280]   Focal Length:    5068.80px
I20260620 09:41:13.550595 0x16e5eb000 feature_extraction.cc:284]   Features:        10507 (SIFT)
I20260620 09:41:14.400785 0x16e5eb000 feature_extraction.cc:262] Processed file [198/300]
I20260620 09:41:14.400849 0x16e5eb000 feature_extraction.cc:265]   Name:            cell_81_slot_1.jpg
I20260620 09:41:14.400860 0x16e5eb000 feature_extraction.cc:274]   Dimensions:      4224 x 2376
I20260620 09:41:14.400869 0x16e5eb000 feature_extraction.cc:277]   Camera:          #198 - SIMPLE_RADIAL
I20260620 09:41:14.400878 0x16e5eb000 feature_extraction.cc:280]   Focal Length:    5068.80px
I20260620 09:41:14.400888 0x16e5eb000 feature_extraction.cc:284]   Features:        8917 (SIFT)
I20260620 09:41:14.604822 0x16e5eb000 feature_extraction.cc:262] Processed file [199/300]
I20260620 09:41:14.604889 0x16e5eb000 feature_extraction.cc:265]   Name:            cell_81_slot_2.jpg
I20260620 09:41:14.604900 0x16e5eb000 feature_extraction.cc:274]   Dimensions:      3840 x 2160
I20260620 09:41:14.604909 0x16e5eb000 feature_extraction.cc:277]   Camera:          #199 - SIMPLE_RADIAL
I20260620 09:41:14.604919 0x16e5eb000 feature_extraction.cc:280]   Focal Length:    4608.00px
I20260620 09:41:14.604929 0x16e5eb000 feature_extraction.cc:284]   Features:        9300 (SIFT)
I20260620 09:41:18.250854 0x16e5eb000 feature_extraction.cc:262] Processed file [200/300]
I20260620 09:41:18.251140 0x16e5eb000 feature_extraction.cc:265]   Name:            cell_81_slot_3.jpg
I20260620 09:41:18.251163 0x16e5eb000 feature_extraction.cc:274]   Dimensions:      4224 x 2376
I20260620 09:41:18.251169 0x16e5eb000 feature_extraction.cc:277]   Camera:          #200 - SIMPLE_RADIAL
I20260620 09:41:18.251174 0x16e5eb000 feature_extraction.cc:280]   Focal Length:    5068.80px
I20260620 09:41:18.251179 0x16e5eb000 feature_extraction.cc:284]   Features:        8826 (SIFT)
I20260620 09:41:18.385427 0x16e5eb000 feature_extraction.cc:262] Processed file [201/300]
I20260620 09:41:18.385504 0x16e5eb000 feature_extraction.cc:265]   Name:            cell_81_slot_5.jpg
I20260620 09:41:18.385517 0x16e5eb000 feature_extraction.cc:274]   Dimensions:      4224 x 2376
I20260620 09:41:18.385527 0x16e5eb000 feature_extraction.cc:277]   Camera:          #202 - SIMPLE_RADIAL
I20260620 09:41:18.385536 0x16e5eb000 feature_extraction.cc:280]   Focal Length:    5068.80px
I20260620 09:41:18.385547 0x16e5eb000 feature_extraction.cc:284]   Features:        7977 (SIFT)
I20260620 09:41:18.457664 0x16e5eb000 feature_extraction.cc:262] Processed file [202/300]
I20260620 09:41:18.457732 0x16e5eb000 feature_extraction.cc:265]   Name:            cell_81_slot_8.jpg
I20260620 09:41:18.457743 0x16e5eb000 feature_extraction.cc:274]   Dimensions:      4224 x 2376
I20260620 09:41:18.457753 0x16e5eb000 feature_extraction.cc:277]   Camera:          #204 - SIMPLE_RADIAL
I20260620 09:41:18.457763 0x16e5eb000 feature_extraction.cc:280]   Focal Length:    5068.80px
I20260620 09:41:18.457775 0x16e5eb000 feature_extraction.cc:284]   Features:        7232 (SIFT)
I20260620 09:41:18.531187 0x16e5eb000 feature_extraction.cc:262] Processed file [203/300]
I20260620 09:41:18.531258 0x16e5eb000 feature_extraction.cc:265]   Name:            cell_81_slot_6.jpg
I20260620 09:41:18.531271 0x16e5eb000 feature_extraction.cc:274]   Dimensions:      4224 x 2376
I20260620 09:41:18.531280 0x16e5eb000 feature_extraction.cc:277]   Camera:          #203 - SIMPLE_RADIAL
I20260620 09:41:18.531290 0x16e5eb000 feature_extraction.cc:280]   Focal Length:    5068.80px
I20260620 09:41:18.531301 0x16e5eb000 feature_extraction.cc:284]   Features:        7942 (SIFT)
I20260620 09:41:18.620759 0x16e5eb000 feature_extraction.cc:262] Processed file [204/300]
I20260620 09:41:18.620781 0x16e5eb000 feature_extraction.cc:265]   Name:            cell_81_slot_9.jpg
I20260620 09:41:18.620785 0x16e5eb000 feature_extraction.cc:274]   Dimensions:      4224 x 2376
I20260620 09:41:18.620789 0x16e5eb000 feature_extraction.cc:277]   Camera:          #205 - SIMPLE_RADIAL
I20260620 09:41:18.620792 0x16e5eb000 feature_extraction.cc:280]   Focal Length:    5068.80px
I20260620 09:41:18.620797 0x16e5eb000 feature_extraction.cc:284]   Features:        7397 (SIFT)
I20260620 09:41:18.902952 0x16e5eb000 feature_extraction.cc:262] Processed file [205/300]
I20260620 09:41:18.903020 0x16e5eb000 feature_extraction.cc:265]   Name:            cell_81_slot_4.jpg
I20260620 09:41:18.903038 0x16e5eb000 feature_extraction.cc:274]   Dimensions:      4224 x 2376
I20260620 09:41:18.903049 0x16e5eb000 feature_extraction.cc:277]   Camera:          #201 - SIMPLE_RADIAL
I20260620 09:41:18.903060 0x16e5eb000 feature_extraction.cc:280]   Focal Length:    5068.80px
I20260620 09:41:18.903073 0x16e5eb000 feature_extraction.cc:284]   Features:        8973 (SIFT)
I20260620 09:41:21.843301 0x16e5eb000 feature_extraction.cc:262] Processed file [206/300]
I20260620 09:41:21.843364 0x16e5eb000 feature_extraction.cc:265]   Name:            cell_82_slot_11.jpg
I20260620 09:41:21.843375 0x16e5eb000 feature_extraction.cc:274]   Dimensions:      4224 x 2376
I20260620 09:41:21.843384 0x16e5eb000 feature_extraction.cc:277]   Camera:          #209 - SIMPLE_RADIAL
I20260620 09:41:21.843393 0x16e5eb000 feature_extraction.cc:280]   Focal Length:    5068.80px
I20260620 09:41:21.843404 0x16e5eb000 feature_extraction.cc:284]   Features:        8506 (SIFT)
I20260620 09:41:21.910601 0x16e5eb000 feature_extraction.cc:262] Processed file [207/300]
I20260620 09:41:21.910674 0x16e5eb000 feature_extraction.cc:265]   Name:            cell_82_slot_2.jpg
I20260620 09:41:21.910687 0x16e5eb000 feature_extraction.cc:274]   Dimensions:      4224 x 2376
I20260620 09:41:21.910697 0x16e5eb000 feature_extraction.cc:277]   Camera:          #210 - SIMPLE_RADIAL
I20260620 09:41:21.910706 0x16e5eb000 feature_extraction.cc:280]   Focal Length:    5068.80px
I20260620 09:41:21.910717 0x16e5eb000 feature_extraction.cc:284]   Features:        8206 (SIFT)
I20260620 09:41:21.970340 0x16e5eb000 feature_extraction.cc:262] Processed file [208/300]
I20260620 09:41:21.970404 0x16e5eb000 feature_extraction.cc:265]   Name:            cell_82_slot_10.jpg
I20260620 09:41:21.970419 0x16e5eb000 feature_extraction.cc:274]   Dimensions:      4224 x 2376
I20260620 09:41:21.970429 0x16e5eb000 feature_extraction.cc:277]   Camera:          #208 - SIMPLE_RADIAL
I20260620 09:41:21.970439 0x16e5eb000 feature_extraction.cc:280]   Focal Length:    5068.80px
I20260620 09:41:21.970452 0x16e5eb000 feature_extraction.cc:284]   Features:        9887 (SIFT)
I20260620 09:41:22.129864 0x16e5eb000 feature_extraction.cc:262] Processed file [209/300]
I20260620 09:41:22.129947 0x16e5eb000 feature_extraction.cc:265]   Name:            cell_82_slot_0.jpg
I20260620 09:41:22.129971 0x16e5eb000 feature_extraction.cc:274]   Dimensions:      4224 x 2376
I20260620 09:41:22.129986 0x16e5eb000 feature_extraction.cc:277]   Camera:          #206 - SIMPLE_RADIAL
I20260620 09:41:22.129999 0x16e5eb000 feature_extraction.cc:280]   Focal Length:    5068.80px
I20260620 09:41:22.130013 0x16e5eb000 feature_extraction.cc:284]   Features:        10614 (SIFT)
I20260620 09:41:22.570686 0x16e5eb000 feature_extraction.cc:262] Processed file [210/300]
I20260620 09:41:22.570764 0x16e5eb000 feature_extraction.cc:265]   Name:            cell_82_slot_1.jpg
I20260620 09:41:22.570777 0x16e5eb000 feature_extraction.cc:274]   Dimensions:      4224 x 2376
I20260620 09:41:22.570786 0x16e5eb000 feature_extraction.cc:277]   Camera:          #207 - SIMPLE_RADIAL
I20260620 09:41:22.570796 0x16e5eb000 feature_extraction.cc:280]   Focal Length:    5068.80px
I20260620 09:41:22.570807 0x16e5eb000 feature_extraction.cc:284]   Features:        10898 (SIFT)
I20260620 09:41:23.979685 0x16e5eb000 feature_extraction.cc:262] Processed file [211/300]
I20260620 09:41:23.980510 0x16e5eb000 feature_extraction.cc:265]   Name:            cell_82_slot_3.jpg
I20260620 09:41:23.980535 0x16e5eb000 feature_extraction.cc:274]   Dimensions:      4224 x 2376
I20260620 09:41:23.980541 0x16e5eb000 feature_extraction.cc:277]   Camera:          #211 - SIMPLE_RADIAL
I20260620 09:41:23.980546 0x16e5eb000 feature_extraction.cc:280]   Focal Length:    5068.80px
I20260620 09:41:23.980552 0x16e5eb000 feature_extraction.cc:284]   Features:        9725 (SIFT)
I20260620 09:41:27.275311 0x16e5eb000 feature_extraction.cc:262] Processed file [212/300]
I20260620 09:41:27.275386 0x16e5eb000 feature_extraction.cc:265]   Name:            cell_82_slot_4.jpg
I20260620 09:41:27.275397 0x16e5eb000 feature_extraction.cc:274]   Dimensions:      4224 x 2376
I20260620 09:41:27.275406 0x16e5eb000 feature_extraction.cc:277]   Camera:          #212 - SIMPLE_RADIAL
I20260620 09:41:27.275416 0x16e5eb000 feature_extraction.cc:280]   Focal Length:    5068.80px
I20260620 09:41:27.275427 0x16e5eb000 feature_extraction.cc:284]   Features:        9845 (SIFT)
I20260620 09:41:27.363443 0x16e5eb000 feature_extraction.cc:262] Processed file [213/300]
I20260620 09:41:27.363505 0x16e5eb000 feature_extraction.cc:265]   Name:            cell_82_slot_9.jpg
I20260620 09:41:27.363515 0x16e5eb000 feature_extraction.cc:274]   Dimensions:      4224 x 2376
I20260620 09:41:27.363523 0x16e5eb000 feature_extraction.cc:277]   Camera:          #217 - SIMPLE_RADIAL
I20260620 09:41:27.363532 0x16e5eb000 feature_extraction.cc:280]   Focal Length:    5068.80px
I20260620 09:41:27.363558 0x16e5eb000 feature_extraction.cc:284]   Features:        9222 (SIFT)
I20260620 09:41:27.523470 0x16e5eb000 feature_extraction.cc:262] Processed file [214/300]
I20260620 09:41:27.523557 0x16e5eb000 feature_extraction.cc:265]   Name:            cell_82_slot_7.jpg
I20260620 09:41:27.523571 0x16e5eb000 feature_extraction.cc:274]   Dimensions:      4224 x 2376
I20260620 09:41:27.523581 0x16e5eb000 feature_extraction.cc:277]   Camera:          #215 - SIMPLE_RADIAL
I20260620 09:41:27.523596 0x16e5eb000 feature_extraction.cc:280]   Focal Length:    5068.80px
I20260620 09:41:27.523609 0x16e5eb000 feature_extraction.cc:284]   Features:        9508 (SIFT)
I20260620 09:41:27.573323 0x16e5eb000 feature_extraction.cc:262] Processed file [215/300]
I20260620 09:41:27.573387 0x16e5eb000 feature_extraction.cc:265]   Name:            cell_82_slot_8.jpg
I20260620 09:41:27.573399 0x16e5eb000 feature_extraction.cc:274]   Dimensions:      4224 x 2376
I20260620 09:41:27.573408 0x16e5eb000 feature_extraction.cc:277]   Camera:          #216 - SIMPLE_RADIAL
I20260620 09:41:27.573417 0x16e5eb000 feature_extraction.cc:280]   Focal Length:    5068.80px
I20260620 09:41:27.573428 0x16e5eb000 feature_extraction.cc:284]   Features:        9418 (SIFT)
I20260620 09:41:27.672058 0x16e5eb000 feature_extraction.cc:262] Processed file [216/300]
I20260620 09:41:27.672141 0x16e5eb000 feature_extraction.cc:265]   Name:            cell_82_slot_6.jpg
I20260620 09:41:27.672154 0x16e5eb000 feature_extraction.cc:274]   Dimensions:      4224 x 2376
I20260620 09:41:27.672164 0x16e5eb000 feature_extraction.cc:277]   Camera:          #214 - SIMPLE_RADIAL
I20260620 09:41:27.672175 0x16e5eb000 feature_extraction.cc:280]   Focal Length:    5068.80px
I20260620 09:41:27.672186 0x16e5eb000 feature_extraction.cc:284]   Features:        10145 (SIFT)
I20260620 09:41:27.916151 0x16e5eb000 feature_extraction.cc:262] Processed file [217/300]
I20260620 09:41:27.916221 0x16e5eb000 feature_extraction.cc:265]   Name:            cell_82_slot_5.jpg
I20260620 09:41:27.916235 0x16e5eb000 feature_extraction.cc:274]   Dimensions:      4224 x 2376
I20260620 09:41:27.916244 0x16e5eb000 feature_extraction.cc:277]   Camera:          #213 - SIMPLE_RADIAL
I20260620 09:41:27.916254 0x16e5eb000 feature_extraction.cc:280]   Focal Length:    5068.80px
I20260620 09:41:27.916265 0x16e5eb000 feature_extraction.cc:284]   Features:        10235 (SIFT)
I20260620 09:41:30.547938 0x16e5eb000 feature_extraction.cc:262] Processed file [218/300]
I20260620 09:41:30.548022 0x16e5eb000 feature_extraction.cc:265]   Name:            cell_83_slot_3.jpg
I20260620 09:41:30.548035 0x16e5eb000 feature_extraction.cc:274]   Dimensions:      4224 x 2376
I20260620 09:41:30.548045 0x16e5eb000 feature_extraction.cc:277]   Camera:          #221 - SIMPLE_RADIAL
I20260620 09:41:30.548055 0x16e5eb000 feature_extraction.cc:280]   Focal Length:    5068.80px
I20260620 09:41:30.548067 0x16e5eb000 feature_extraction.cc:284]   Features:        8562 (SIFT)
I20260620 09:41:30.813211 0x16e5eb000 feature_extraction.cc:262] Processed file [219/300]
I20260620 09:41:30.813289 0x16e5eb000 feature_extraction.cc:265]   Name:            cell_83_slot_2.jpg
I20260620 09:41:30.813311 0x16e5eb000 feature_extraction.cc:274]   Dimensions:      4224 x 2376
I20260620 09:41:30.813325 0x16e5eb000 feature_extraction.cc:277]   Camera:          #220 - SIMPLE_RADIAL
I20260620 09:41:30.813338 0x16e5eb000 feature_extraction.cc:280]   Focal Length:    5068.80px
I20260620 09:41:30.813353 0x16e5eb000 feature_extraction.cc:284]   Features:        9413 (SIFT)
I20260620 09:41:30.888153 0x16e5eb000 feature_extraction.cc:262] Processed file [220/300]
I20260620 09:41:30.888220 0x16e5eb000 feature_extraction.cc:265]   Name:            cell_83_slot_1.jpg
I20260620 09:41:30.888234 0x16e5eb000 feature_extraction.cc:274]   Dimensions:      4224 x 2376
I20260620 09:41:30.888244 0x16e5eb000 feature_extraction.cc:277]   Camera:          #219 - SIMPLE_RADIAL
I20260620 09:41:30.888255 0x16e5eb000 feature_extraction.cc:280]   Focal Length:    5068.80px
I20260620 09:41:30.888266 0x16e5eb000 feature_extraction.cc:284]   Features:        8708 (SIFT)
I20260620 09:41:31.132109 0x16e5eb000 feature_extraction.cc:262] Processed file [221/300]
I20260620 09:41:31.132178 0x16e5eb000 feature_extraction.cc:265]   Name:            cell_83_slot_4.jpg
I20260620 09:41:31.132189 0x16e5eb000 feature_extraction.cc:274]   Dimensions:      4224 x 2376
I20260620 09:41:31.132199 0x16e5eb000 feature_extraction.cc:277]   Camera:          #222 - SIMPLE_RADIAL
I20260620 09:41:31.132208 0x16e5eb000 feature_extraction.cc:280]   Focal Length:    5068.80px
I20260620 09:41:31.132219 0x16e5eb000 feature_extraction.cc:284]   Features:        8853 (SIFT)
I20260620 09:41:33.430352 0x16e5eb000 feature_extraction.cc:262] Processed file [222/300]
I20260620 09:41:33.430438 0x16e5eb000 feature_extraction.cc:265]   Name:            cell_83_slot_0.jpg
I20260620 09:41:33.430450 0x16e5eb000 feature_extraction.cc:274]   Dimensions:      4224 x 2376
I20260620 09:41:33.430459 0x16e5eb000 feature_extraction.cc:277]   Camera:          #218 - SIMPLE_RADIAL
I20260620 09:41:33.430469 0x16e5eb000 feature_extraction.cc:280]   Focal Length:    5068.80px
I20260620 09:41:33.430480 0x16e5eb000 feature_extraction.cc:284]   Features:        12504 (SIFT)
I20260620 09:41:33.603789 0x16e5eb000 feature_extraction.cc:262] Processed file [223/300]
I20260620 09:41:33.603871 0x16e5eb000 feature_extraction.cc:265]   Name:            cell_83_slot_5.jpg
I20260620 09:41:33.603883 0x16e5eb000 feature_extraction.cc:274]   Dimensions:      4224 x 2376
I20260620 09:41:33.603892 0x16e5eb000 feature_extraction.cc:277]   Camera:          #223 - SIMPLE_RADIAL
I20260620 09:41:33.603902 0x16e5eb000 feature_extraction.cc:280]   Focal Length:    5068.80px
I20260620 09:41:33.603913 0x16e5eb000 feature_extraction.cc:284]   Features:        12585 (SIFT)
I20260620 09:41:34.553143 0x16e5eb000 feature_extraction.cc:262] Processed file [224/300]
I20260620 09:41:34.553219 0x16e5eb000 feature_extraction.cc:265]   Name:            cell_84_slot_4.jpg
I20260620 09:41:34.553231 0x16e5eb000 feature_extraction.cc:274]   Dimensions:      3840 x 2160
I20260620 09:41:34.553240 0x16e5eb000 feature_extraction.cc:277]   Camera:          #228 - SIMPLE_RADIAL
I20260620 09:41:34.553250 0x16e5eb000 feature_extraction.cc:280]   Focal Length:    4608.00px
I20260620 09:41:34.553260 0x16e5eb000 feature_extraction.cc:284]   Features:        7843 (SIFT)
I20260620 09:41:34.992770 0x16e5eb000 feature_extraction.cc:262] Processed file [225/300]
I20260620 09:41:34.992832 0x16e5eb000 feature_extraction.cc:265]   Name:            cell_84_slot_3.jpg
I20260620 09:41:34.992845 0x16e5eb000 feature_extraction.cc:274]   Dimensions:      4224 x 2376
I20260620 09:41:34.992855 0x16e5eb000 feature_extraction.cc:277]   Camera:          #227 - SIMPLE_RADIAL
I20260620 09:41:34.992865 0x16e5eb000 feature_extraction.cc:280]   Focal Length:    5068.80px
I20260620 09:41:34.992877 0x16e5eb000 feature_extraction.cc:284]   Features:        7878 (SIFT)
I20260620 09:41:37.511502 0x16e5eb000 feature_extraction.cc:262] Processed file [226/300]
I20260620 09:41:37.511577 0x16e5eb000 feature_extraction.cc:265]   Name:            cell_84_slot_1.jpg
I20260620 09:41:37.511588 0x16e5eb000 feature_extraction.cc:274]   Dimensions:      4224 x 2376
I20260620 09:41:37.511601 0x16e5eb000 feature_extraction.cc:277]   Camera:          #225 - SIMPLE_RADIAL
I20260620 09:41:37.511610 0x16e5eb000 feature_extraction.cc:280]   Focal Length:    5068.80px
I20260620 09:41:37.511621 0x16e5eb000 feature_extraction.cc:284]   Features:        8288 (SIFT)
I20260620 09:41:37.724293 0x16e5eb000 feature_extraction.cc:262] Processed file [227/300]
I20260620 09:41:37.724367 0x16e5eb000 feature_extraction.cc:265]   Name:            cell_84_slot_2.jpg
I20260620 09:41:37.724379 0x16e5eb000 feature_extraction.cc:274]   Dimensions:      4224 x 2376
I20260620 09:41:37.724390 0x16e5eb000 feature_extraction.cc:277]   Camera:          #226 - SIMPLE_RADIAL
I20260620 09:41:37.724399 0x16e5eb000 feature_extraction.cc:280]   Focal Length:    5068.80px
I20260620 09:41:37.724411 0x16e5eb000 feature_extraction.cc:284]   Features:        8594 (SIFT)
I20260620 09:41:37.777932 0x16e5eb000 feature_extraction.cc:262] Processed file [228/300]
I20260620 09:41:37.777998 0x16e5eb000 feature_extraction.cc:265]   Name:            cell_85_slot_0.jpg
I20260620 09:41:37.778009 0x16e5eb000 feature_extraction.cc:274]   Dimensions:      4224 x 2376
I20260620 09:41:37.778018 0x16e5eb000 feature_extraction.cc:277]   Camera:          #229 - SIMPLE_RADIAL
I20260620 09:41:37.778027 0x16e5eb000 feature_extraction.cc:280]   Focal Length:    5068.80px
I20260620 09:41:37.778038 0x16e5eb000 feature_extraction.cc:284]   Features:        10559 (SIFT)
I20260620 09:41:39.377912 0x16e5eb000 feature_extraction.cc:262] Processed file [229/300]
I20260620 09:41:39.377988 0x16e5eb000 feature_extraction.cc:265]   Name:            cell_84_slot_0.jpg
I20260620 09:41:39.377999 0x16e5eb000 feature_extraction.cc:274]   Dimensions:      4224 x 2376
I20260620 09:41:39.378008 0x16e5eb000 feature_extraction.cc:277]   Camera:          #224 - SIMPLE_RADIAL
I20260620 09:41:39.378017 0x16e5eb000 feature_extraction.cc:280]   Focal Length:    5068.80px
I20260620 09:41:39.378027 0x16e5eb000 feature_extraction.cc:284]   Features:        13015 (SIFT)
I20260620 09:41:40.123254 0x16e5eb000 feature_extraction.cc:262] Processed file [230/300]
I20260620 09:41:40.123344 0x16e5eb000 feature_extraction.cc:265]   Name:            cell_85_slot_10.jpg
I20260620 09:41:40.123354 0x16e5eb000 feature_extraction.cc:274]   Dimensions:      4224 x 2376
I20260620 09:41:40.123362 0x16e5eb000 feature_extraction.cc:277]   Camera:          #231 - SIMPLE_RADIAL
I20260620 09:41:40.123370 0x16e5eb000 feature_extraction.cc:280]   Focal Length:    5068.80px
I20260620 09:41:40.123378 0x16e5eb000 feature_extraction.cc:284]   Features:        9867 (SIFT)
I20260620 09:41:40.286529 0x16e5eb000 feature_extraction.cc:262] Processed file [231/300]
I20260620 09:41:40.286594 0x16e5eb000 feature_extraction.cc:265]   Name:            cell_85_slot_1.jpg
I20260620 09:41:40.286603 0x16e5eb000 feature_extraction.cc:274]   Dimensions:      4224 x 2376
I20260620 09:41:40.286610 0x16e5eb000 feature_extraction.cc:277]   Camera:          #230 - SIMPLE_RADIAL
I20260620 09:41:40.286617 0x16e5eb000 feature_extraction.cc:280]   Focal Length:    5068.80px
I20260620 09:41:40.286627 0x16e5eb000 feature_extraction.cc:284]   Features:        10705 (SIFT)
I20260620 09:41:40.553364 0x16e5eb000 feature_extraction.cc:262] Processed file [232/300]
I20260620 09:41:40.553426 0x16e5eb000 feature_extraction.cc:265]   Name:            cell_85_slot_2.jpg
I20260620 09:41:40.553437 0x16e5eb000 feature_extraction.cc:274]   Dimensions:      4224 x 2376
I20260620 09:41:40.553445 0x16e5eb000 feature_extraction.cc:277]   Camera:          #232 - SIMPLE_RADIAL
I20260620 09:41:40.553453 0x16e5eb000 feature_extraction.cc:280]   Focal Length:    5068.80px
I20260620 09:41:40.553463 0x16e5eb000 feature_extraction.cc:284]   Features:        10447 (SIFT)
I20260620 09:41:40.721480 0x16e5eb000 feature_extraction.cc:262] Processed file [233/300]
I20260620 09:41:40.721561 0x16e5eb000 feature_extraction.cc:265]   Name:            cell_85_slot_3.jpg
I20260620 09:41:40.721577 0x16e5eb000 feature_extraction.cc:274]   Dimensions:      4224 x 2376
I20260620 09:41:40.721587 0x16e5eb000 feature_extraction.cc:277]   Camera:          #233 - SIMPLE_RADIAL
I20260620 09:41:40.721596 0x16e5eb000 feature_extraction.cc:280]   Focal Length:    5068.80px
I20260620 09:41:40.721607 0x16e5eb000 feature_extraction.cc:284]   Features:        10360 (SIFT)
I20260620 09:41:43.020365 0x16e5eb000 feature_extraction.cc:262] Processed file [234/300]
I20260620 09:41:43.020410 0x16e5eb000 feature_extraction.cc:265]   Name:            cell_85_slot_8.jpg
I20260620 09:41:43.020418 0x16e5eb000 feature_extraction.cc:274]   Dimensions:      4224 x 2376
I20260620 09:41:43.020425 0x16e5eb000 feature_extraction.cc:277]   Camera:          #235 - SIMPLE_RADIAL
I20260620 09:41:43.020432 0x16e5eb000 feature_extraction.cc:280]   Focal Length:    5068.80px
I20260620 09:41:43.020441 0x16e5eb000 feature_extraction.cc:284]   Features:        9896 (SIFT)
I20260620 09:41:43.346171 0x16e5eb000 feature_extraction.cc:262] Processed file [235/300]
I20260620 09:41:43.346238 0x16e5eb000 feature_extraction.cc:265]   Name:            cell_85_slot_7.jpg
I20260620 09:41:43.346250 0x16e5eb000 feature_extraction.cc:274]   Dimensions:      4224 x 2376
I20260620 09:41:43.346257 0x16e5eb000 feature_extraction.cc:277]   Camera:          #234 - SIMPLE_RADIAL
I20260620 09:41:43.346265 0x16e5eb000 feature_extraction.cc:280]   Focal Length:    5068.80px
I20260620 09:41:43.346277 0x16e5eb000 feature_extraction.cc:284]   Features:        11007 (SIFT)
I20260620 09:41:44.466795 0x16e5eb000 feature_extraction.cc:262] Processed file [236/300]
I20260620 09:41:44.466862 0x16e5eb000 feature_extraction.cc:265]   Name:            cell_86_slot_2.jpg
I20260620 09:41:44.466871 0x16e5eb000 feature_extraction.cc:274]   Dimensions:      3840 x 2160
I20260620 09:41:44.466878 0x16e5eb000 feature_extraction.cc:277]   Camera:          #238 - SIMPLE_RADIAL
I20260620 09:41:44.466886 0x16e5eb000 feature_extraction.cc:280]   Focal Length:    4608.00px
I20260620 09:41:44.466895 0x16e5eb000 feature_extraction.cc:284]   Features:        12661 (SIFT)
I20260620 09:41:44.640014 0x16e5eb000 feature_extraction.cc:262] Processed file [237/300]
I20260620 09:41:44.640080 0x16e5eb000 feature_extraction.cc:265]   Name:            cell_85_slot_9.jpg
I20260620 09:41:44.640092 0x16e5eb000 feature_extraction.cc:274]   Dimensions:      3840 x 2160
I20260620 09:41:44.640099 0x16e5eb000 feature_extraction.cc:277]   Camera:          #236 - SIMPLE_RADIAL
I20260620 09:41:44.640106 0x16e5eb000 feature_extraction.cc:280]   Focal Length:    4608.00px
I20260620 09:41:44.640115 0x16e5eb000 feature_extraction.cc:284]   Features:        13210 (SIFT)
I20260620 09:41:46.691981 0x16e5eb000 feature_extraction.cc:262] Processed file [238/300]
I20260620 09:41:46.692050 0x16e5eb000 feature_extraction.cc:265]   Name:            cell_86_slot_3.jpg
I20260620 09:41:46.692060 0x16e5eb000 feature_extraction.cc:274]   Dimensions:      4224 x 2376
I20260620 09:41:46.692068 0x16e5eb000 feature_extraction.cc:277]   Camera:          #239 - SIMPLE_RADIAL
I20260620 09:41:46.692078 0x16e5eb000 feature_extraction.cc:280]   Focal Length:    5068.80px
I20260620 09:41:46.692088 0x16e5eb000 feature_extraction.cc:284]   Features:        9004 (SIFT)
I20260620 09:41:47.119223 0x16e5eb000 feature_extraction.cc:262] Processed file [239/300]
I20260620 09:41:47.119292 0x16e5eb000 feature_extraction.cc:265]   Name:            cell_86_slot_1.jpg
I20260620 09:41:47.119304 0x16e5eb000 feature_extraction.cc:274]   Dimensions:      4224 x 2376
I20260620 09:41:47.119313 0x16e5eb000 feature_extraction.cc:277]   Camera:          #237 - SIMPLE_RADIAL
I20260620 09:41:47.119323 0x16e5eb000 feature_extraction.cc:280]   Focal Length:    5068.80px
I20260620 09:41:47.119334 0x16e5eb000 feature_extraction.cc:284]   Features:        10455 (SIFT)
I20260620 09:41:47.992636 0x16e5eb000 feature_extraction.cc:262] Processed file [240/300]
I20260620 09:41:47.992715 0x16e5eb000 feature_extraction.cc:265]   Name:            cell_87_slot_0.jpg
I20260620 09:41:47.992727 0x16e5eb000 feature_extraction.cc:274]   Dimensions:      4224 x 2376
I20260620 09:41:47.992737 0x16e5eb000 feature_extraction.cc:277]   Camera:          #240 - SIMPLE_RADIAL
I20260620 09:41:47.992747 0x16e5eb000 feature_extraction.cc:280]   Focal Length:    5068.80px
I20260620 09:41:47.992758 0x16e5eb000 feature_extraction.cc:284]   Features:        11589 (SIFT)
I20260620 09:41:48.567027 0x16e5eb000 feature_extraction.cc:262] Processed file [241/300]
I20260620 09:41:48.567096 0x16e5eb000 feature_extraction.cc:265]   Name:            cell_88_slot_0.jpg
I20260620 09:41:48.567107 0x16e5eb000 feature_extraction.cc:274]   Dimensions:      4224 x 2376
I20260620 09:41:48.567117 0x16e5eb000 feature_extraction.cc:277]   Camera:          #243 - SIMPLE_RADIAL
I20260620 09:41:48.567127 0x16e5eb000 feature_extraction.cc:280]   Focal Length:    5068.80px
I20260620 09:41:48.567139 0x16e5eb000 feature_extraction.cc:284]   Features:        10538 (SIFT)
I20260620 09:41:49.242069 0x16e5eb000 feature_extraction.cc:262] Processed file [242/300]
I20260620 09:41:49.242137 0x16e5eb000 feature_extraction.cc:265]   Name:            cell_88_slot_2.jpg
I20260620 09:41:49.242148 0x16e5eb000 feature_extraction.cc:274]   Dimensions:      4224 x 2376
I20260620 09:41:49.242158 0x16e5eb000 feature_extraction.cc:277]   Camera:          #245 - SIMPLE_RADIAL
I20260620 09:41:49.242168 0x16e5eb000 feature_extraction.cc:280]   Focal Length:    5068.80px
I20260620 09:41:49.242179 0x16e5eb000 feature_extraction.cc:284]   Features:        9248 (SIFT)
I20260620 09:41:49.620829 0x16e5eb000 feature_extraction.cc:262] Processed file [243/300]
I20260620 09:41:49.620902 0x16e5eb000 feature_extraction.cc:265]   Name:            cell_88_slot_1.jpg
I20260620 09:41:49.620913 0x16e5eb000 feature_extraction.cc:274]   Dimensions:      4224 x 2376
I20260620 09:41:49.620923 0x16e5eb000 feature_extraction.cc:277]   Camera:          #244 - SIMPLE_RADIAL
I20260620 09:41:49.620932 0x16e5eb000 feature_extraction.cc:280]   Focal Length:    5068.80px
I20260620 09:41:49.620943 0x16e5eb000 feature_extraction.cc:284]   Features:        10184 (SIFT)
I20260620 09:41:49.909055 0x16e5eb000 feature_extraction.cc:262] Processed file [244/300]
I20260620 09:41:49.909322 0x16e5eb000 feature_extraction.cc:265]   Name:            cell_87_slot_1.jpg
I20260620 09:41:49.909343 0x16e5eb000 feature_extraction.cc:274]   Dimensions:      4224 x 2376
I20260620 09:41:49.909349 0x16e5eb000 feature_extraction.cc:277]   Camera:          #241 - SIMPLE_RADIAL
I20260620 09:41:49.909355 0x16e5eb000 feature_extraction.cc:280]   Focal Length:    5068.80px
I20260620 09:41:49.909361 0x16e5eb000 feature_extraction.cc:284]   Features:        11479 (SIFT)
I20260620 09:41:50.979076 0x16e5eb000 feature_extraction.cc:262] Processed file [245/300]
I20260620 09:41:50.979147 0x16e5eb000 feature_extraction.cc:265]   Name:            cell_87_slot_2.jpg
I20260620 09:41:50.979158 0x16e5eb000 feature_extraction.cc:274]   Dimensions:      4224 x 2376
I20260620 09:41:50.979168 0x16e5eb000 feature_extraction.cc:277]   Camera:          #242 - SIMPLE_RADIAL
I20260620 09:41:50.979178 0x16e5eb000 feature_extraction.cc:280]   Focal Length:    5068.80px
I20260620 09:41:50.979188 0x16e5eb000 feature_extraction.cc:284]   Features:        11780 (SIFT)
I20260620 09:41:52.125304 0x16e5eb000 feature_extraction.cc:262] Processed file [246/300]
I20260620 09:41:52.125379 0x16e5eb000 feature_extraction.cc:265]   Name:            cell_88_slot_3.jpg
I20260620 09:41:52.125391 0x16e5eb000 feature_extraction.cc:274]   Dimensions:      4224 x 2376
I20260620 09:41:52.125400 0x16e5eb000 feature_extraction.cc:277]   Camera:          #246 - SIMPLE_RADIAL
I20260620 09:41:52.125410 0x16e5eb000 feature_extraction.cc:280]   Focal Length:    5068.80px
I20260620 09:41:52.125420 0x16e5eb000 feature_extraction.cc:284]   Features:        9821 (SIFT)
I20260620 09:41:52.805177 0x16e5eb000 feature_extraction.cc:262] Processed file [247/300]
I20260620 09:41:52.805244 0x16e5eb000 feature_extraction.cc:265]   Name:            cell_88_slot_4.jpg
I20260620 09:41:52.805256 0x16e5eb000 feature_extraction.cc:274]   Dimensions:      4224 x 2376
I20260620 09:41:52.805265 0x16e5eb000 feature_extraction.cc:277]   Camera:          #247 - SIMPLE_RADIAL
I20260620 09:41:52.805275 0x16e5eb000 feature_extraction.cc:280]   Focal Length:    5068.80px
I20260620 09:41:52.805286 0x16e5eb000 feature_extraction.cc:284]   Features:        10315 (SIFT)
I20260620 09:41:53.964182 0x16e5eb000 feature_extraction.cc:262] Processed file [248/300]
I20260620 09:41:53.964244 0x16e5eb000 feature_extraction.cc:265]   Name:            cell_88_slot_5.jpg
I20260620 09:41:53.964254 0x16e5eb000 feature_extraction.cc:274]   Dimensions:      4224 x 2376
I20260620 09:41:53.964263 0x16e5eb000 feature_extraction.cc:277]   Camera:          #248 - SIMPLE_RADIAL
I20260620 09:41:53.964272 0x16e5eb000 feature_extraction.cc:280]   Focal Length:    5068.80px
I20260620 09:41:53.964282 0x16e5eb000 feature_extraction.cc:284]   Features:        10181 (SIFT)
I20260620 09:41:54.179072 0x16e5eb000 feature_extraction.cc:262] Processed file [249/300]
I20260620 09:41:54.179142 0x16e5eb000 feature_extraction.cc:265]   Name:            cell_88_slot_6.jpg
I20260620 09:41:54.179152 0x16e5eb000 feature_extraction.cc:274]   Dimensions:      4224 x 2376
I20260620 09:41:54.179161 0x16e5eb000 feature_extraction.cc:277]   Camera:          #249 - SIMPLE_RADIAL
I20260620 09:41:54.179171 0x16e5eb000 feature_extraction.cc:280]   Focal Length:    5068.80px
I20260620 09:41:54.179180 0x16e5eb000 feature_extraction.cc:284]   Features:        10431 (SIFT)
I20260620 09:41:55.109474 0x16e5eb000 feature_extraction.cc:262] Processed file [250/300]
I20260620 09:41:55.109544 0x16e5eb000 feature_extraction.cc:265]   Name:            cell_88_slot_9.jpg
I20260620 09:41:55.109556 0x16e5eb000 feature_extraction.cc:274]   Dimensions:      4224 x 2376
I20260620 09:41:55.109566 0x16e5eb000 feature_extraction.cc:277]   Camera:          #251 - SIMPLE_RADIAL
I20260620 09:41:55.109575 0x16e5eb000 feature_extraction.cc:280]   Focal Length:    5068.80px
I20260620 09:41:55.109586 0x16e5eb000 feature_extraction.cc:284]   Features:        8526 (SIFT)
I20260620 09:41:56.026651 0x16e5eb000 feature_extraction.cc:262] Processed file [251/300]
I20260620 09:41:56.026736 0x16e5eb000 feature_extraction.cc:265]   Name:            cell_88_slot_7.jpg
I20260620 09:41:56.026749 0x16e5eb000 feature_extraction.cc:274]   Dimensions:      4224 x 2376
I20260620 09:41:56.026759 0x16e5eb000 feature_extraction.cc:277]   Camera:          #250 - SIMPLE_RADIAL
I20260620 09:41:56.026769 0x16e5eb000 feature_extraction.cc:280]   Focal Length:    5068.80px
I20260620 09:41:56.026780 0x16e5eb000 feature_extraction.cc:284]   Features:        10278 (SIFT)
I20260620 09:41:56.205072 0x16e5eb000 feature_extraction.cc:262] Processed file [252/300]
I20260620 09:41:56.205141 0x16e5eb000 feature_extraction.cc:265]   Name:            cell_91_slot_2.jpg
I20260620 09:41:56.205158 0x16e5eb000 feature_extraction.cc:274]   Dimensions:      4224 x 2376
I20260620 09:41:56.205169 0x16e5eb000 feature_extraction.cc:277]   Camera:          #255 - SIMPLE_RADIAL
I20260620 09:41:56.205179 0x16e5eb000 feature_extraction.cc:280]   Focal Length:    5068.80px
I20260620 09:41:56.205190 0x16e5eb000 feature_extraction.cc:284]   Features:        7192 (SIFT)
I20260620 09:41:57.559282 0x16e5eb000 feature_extraction.cc:262] Processed file [253/300]
I20260620 09:41:57.559356 0x16e5eb000 feature_extraction.cc:265]   Name:            cell_89_slot_1.jpg
I20260620 09:41:57.559367 0x16e5eb000 feature_extraction.cc:274]   Dimensions:      4224 x 2376
I20260620 09:41:57.559377 0x16e5eb000 feature_extraction.cc:277]   Camera:          #253 - SIMPLE_RADIAL
I20260620 09:41:57.559387 0x16e5eb000 feature_extraction.cc:280]   Focal Length:    5068.80px
I20260620 09:41:57.559396 0x16e5eb000 feature_extraction.cc:284]   Features:        9554 (SIFT)
I20260620 09:41:58.093566 0x16e5eb000 feature_extraction.cc:262] Processed file [254/300]
I20260620 09:41:58.093642 0x16e5eb000 feature_extraction.cc:265]   Name:            cell_91_slot_3.jpg
I20260620 09:41:58.093654 0x16e5eb000 feature_extraction.cc:274]   Dimensions:      4224 x 2376
I20260620 09:41:58.093662 0x16e5eb000 feature_extraction.cc:277]   Camera:          #256 - SIMPLE_RADIAL
I20260620 09:41:58.093672 0x16e5eb000 feature_extraction.cc:280]   Focal Length:    5068.80px
I20260620 09:41:58.093683 0x16e5eb000 feature_extraction.cc:284]   Features:        9767 (SIFT)
I20260620 09:41:58.275562 0x16e5eb000 feature_extraction.cc:262] Processed file [255/300]
I20260620 09:41:58.275644 0x16e5eb000 feature_extraction.cc:265]   Name:            cell_89_slot_2.jpg
I20260620 09:41:58.275662 0x16e5eb000 feature_extraction.cc:274]   Dimensions:      4224 x 2376
I20260620 09:41:58.275673 0x16e5eb000 feature_extraction.cc:277]   Camera:          #254 - SIMPLE_RADIAL
I20260620 09:41:58.275684 0x16e5eb000 feature_extraction.cc:280]   Focal Length:    5068.80px
I20260620 09:41:58.275697 0x16e5eb000 feature_extraction.cc:284]   Features:        9668 (SIFT)
I20260620 09:41:58.644689 0x16e5eb000 feature_extraction.cc:262] Processed file [256/300]
I20260620 09:41:58.644760 0x16e5eb000 feature_extraction.cc:265]   Name:            cell_89_slot_0.jpg
I20260620 09:41:58.644771 0x16e5eb000 feature_extraction.cc:274]   Dimensions:      4224 x 2376
I20260620 09:41:58.644780 0x16e5eb000 feature_extraction.cc:277]   Camera:          #252 - SIMPLE_RADIAL
I20260620 09:41:58.644790 0x16e5eb000 feature_extraction.cc:280]   Focal Length:    5068.80px
I20260620 09:41:58.644801 0x16e5eb000 feature_extraction.cc:284]   Features:        10810 (SIFT)
I20260620 09:42:00.327950 0x16e5eb000 feature_extraction.cc:262] Processed file [257/300]
I20260620 09:42:00.328031 0x16e5eb000 feature_extraction.cc:265]   Name:            cell_91_slot_4.jpg
I20260620 09:42:00.328042 0x16e5eb000 feature_extraction.cc:274]   Dimensions:      4224 x 2376
I20260620 09:42:00.328065 0x16e5eb000 feature_extraction.cc:277]   Camera:          #257 - SIMPLE_RADIAL
I20260620 09:42:00.328077 0x16e5eb000 feature_extraction.cc:280]   Focal Length:    5068.80px
I20260620 09:42:00.328088 0x16e5eb000 feature_extraction.cc:284]   Features:        11413 (SIFT)
I20260620 09:42:02.172322 0x16e5eb000 feature_extraction.cc:262] Processed file [258/300]
I20260620 09:42:02.172475 0x16e5eb000 feature_extraction.cc:265]   Name:            cell_91_slot_5.jpg
I20260620 09:42:02.172501 0x16e5eb000 feature_extraction.cc:274]   Dimensions:      4224 x 2376
I20260620 09:42:02.172509 0x16e5eb000 feature_extraction.cc:277]   Camera:          #258 - SIMPLE_RADIAL
I20260620 09:42:02.172516 0x16e5eb000 feature_extraction.cc:280]   Focal Length:    5068.80px
I20260620 09:42:02.172525 0x16e5eb000 feature_extraction.cc:284]   Features:        12694 (SIFT)
I20260620 09:42:02.695528 0x16e5eb000 feature_extraction.cc:262] Processed file [259/300]
I20260620 09:42:02.695599 0x16e5eb000 feature_extraction.cc:265]   Name:            cell_91_slot_6.jpg
I20260620 09:42:02.695611 0x16e5eb000 feature_extraction.cc:274]   Dimensions:      4224 x 2376
I20260620 09:42:02.695620 0x16e5eb000 feature_extraction.cc:277]   Camera:          #259 - SIMPLE_RADIAL
I20260620 09:42:02.695631 0x16e5eb000 feature_extraction.cc:280]   Focal Length:    5068.80px
I20260620 09:42:02.695641 0x16e5eb000 feature_extraction.cc:284]   Features:        12377 (SIFT)
I20260620 09:42:04.019974 0x16e5eb000 feature_extraction.cc:262] Processed file [260/300]
I20260620 09:42:04.020040 0x16e5eb000 feature_extraction.cc:265]   Name:            cell_93_slot_1.jpg
I20260620 09:42:04.020052 0x16e5eb000 feature_extraction.cc:274]   Dimensions:      4224 x 2376
I20260620 09:42:04.020061 0x16e5eb000 feature_extraction.cc:277]   Camera:          #261 - SIMPLE_RADIAL
I20260620 09:42:04.020071 0x16e5eb000 feature_extraction.cc:280]   Focal Length:    5068.80px
I20260620 09:42:04.020082 0x16e5eb000 feature_extraction.cc:284]   Features:        10656 (SIFT)
I20260620 09:42:04.110678 0x16e5eb000 feature_extraction.cc:262] Processed file [261/300]
I20260620 09:42:04.110750 0x16e5eb000 feature_extraction.cc:265]   Name:            cell_93_slot_2.jpg
I20260620 09:42:04.110761 0x16e5eb000 feature_extraction.cc:274]   Dimensions:      4224 x 2376
I20260620 09:42:04.110771 0x16e5eb000 feature_extraction.cc:277]   Camera:          #262 - SIMPLE_RADIAL
I20260620 09:42:04.110781 0x16e5eb000 feature_extraction.cc:280]   Focal Length:    5068.80px
I20260620 09:42:04.110792 0x16e5eb000 feature_extraction.cc:284]   Features:        9432 (SIFT)
I20260620 09:42:04.382546 0x16e5eb000 feature_extraction.cc:262] Processed file [262/300]
I20260620 09:42:04.382628 0x16e5eb000 feature_extraction.cc:265]   Name:            cell_93_slot_0.jpg
I20260620 09:42:04.382641 0x16e5eb000 feature_extraction.cc:274]   Dimensions:      4224 x 2376
I20260620 09:42:04.382651 0x16e5eb000 feature_extraction.cc:277]   Camera:          #260 - SIMPLE_RADIAL
I20260620 09:42:04.382661 0x16e5eb000 feature_extraction.cc:280]   Focal Length:    5068.80px
I20260620 09:42:04.382671 0x16e5eb000 feature_extraction.cc:284]   Features:        11011 (SIFT)
I20260620 09:42:04.760132 0x16e5eb000 feature_extraction.cc:262] Processed file [263/300]
I20260620 09:42:04.760201 0x16e5eb000 feature_extraction.cc:265]   Name:            cell_93_slot_3.jpg
I20260620 09:42:04.760222 0x16e5eb000 feature_extraction.cc:274]   Dimensions:      4224 x 2376
I20260620 09:42:04.760235 0x16e5eb000 feature_extraction.cc:277]   Camera:          #263 - SIMPLE_RADIAL
I20260620 09:42:04.760250 0x16e5eb000 feature_extraction.cc:280]   Focal Length:    5068.80px
I20260620 09:42:04.760266 0x16e5eb000 feature_extraction.cc:284]   Features:        9136 (SIFT)
I20260620 09:42:06.443783 0x16e5eb000 feature_extraction.cc:262] Processed file [264/300]
I20260620 09:42:06.443857 0x16e5eb000 feature_extraction.cc:265]   Name:            cell_93_slot_4.jpg
I20260620 09:42:06.443870 0x16e5eb000 feature_extraction.cc:274]   Dimensions:      4224 x 2376
I20260620 09:42:06.443880 0x16e5eb000 feature_extraction.cc:277]   Camera:          #264 - SIMPLE_RADIAL
I20260620 09:42:06.443890 0x16e5eb000 feature_extraction.cc:280]   Focal Length:    5068.80px
I20260620 09:42:06.443902 0x16e5eb000 feature_extraction.cc:284]   Features:        13078 (SIFT)
I20260620 09:42:08.010293 0x16e5eb000 feature_extraction.cc:262] Processed file [265/300]
I20260620 09:42:08.010366 0x16e5eb000 feature_extraction.cc:265]   Name:            cell_94_slot_2.jpg
I20260620 09:42:08.010377 0x16e5eb000 feature_extraction.cc:274]   Dimensions:      4224 x 2376
I20260620 09:42:08.010386 0x16e5eb000 feature_extraction.cc:277]   Camera:          #267 - SIMPLE_RADIAL
I20260620 09:42:08.010396 0x16e5eb000 feature_extraction.cc:280]   Focal Length:    5068.80px
I20260620 09:42:08.010407 0x16e5eb000 feature_extraction.cc:284]   Features:        10919 (SIFT)
I20260620 09:42:08.075815 0x16e5eb000 feature_extraction.cc:262] Processed file [266/300]
I20260620 09:42:08.075880 0x16e5eb000 feature_extraction.cc:265]   Name:            cell_94_slot_1.jpg
I20260620 09:42:08.075892 0x16e5eb000 feature_extraction.cc:274]   Dimensions:      4224 x 2376
I20260620 09:42:08.075901 0x16e5eb000 feature_extraction.cc:277]   Camera:          #266 - SIMPLE_RADIAL
I20260620 09:42:08.075912 0x16e5eb000 feature_extraction.cc:280]   Focal Length:    5068.80px
I20260620 09:42:08.075923 0x16e5eb000 feature_extraction.cc:284]   Features:        10782 (SIFT)
I20260620 09:42:08.317460 0x16e5eb000 feature_extraction.cc:262] Processed file [267/300]
I20260620 09:42:08.317514 0x16e5eb000 feature_extraction.cc:265]   Name:            cell_94_slot_0.jpg
I20260620 09:42:08.317529 0x16e5eb000 feature_extraction.cc:274]   Dimensions:      4224 x 2376
I20260620 09:42:08.317540 0x16e5eb000 feature_extraction.cc:277]   Camera:          #265 - SIMPLE_RADIAL
I20260620 09:42:08.317552 0x16e5eb000 feature_extraction.cc:280]   Focal Length:    5068.80px
I20260620 09:42:08.317564 0x16e5eb000 feature_extraction.cc:284]   Features:        11712 (SIFT)
I20260620 09:42:09.230750 0x16e5eb000 feature_extraction.cc:262] Processed file [268/300]
I20260620 09:42:09.230871 0x16e5eb000 feature_extraction.cc:265]   Name:            cell_94_slot_3.jpg
I20260620 09:42:09.230885 0x16e5eb000 feature_extraction.cc:274]   Dimensions:      4224 x 2376
I20260620 09:42:09.230895 0x16e5eb000 feature_extraction.cc:277]   Camera:          #268 - SIMPLE_RADIAL
I20260620 09:42:09.230907 0x16e5eb000 feature_extraction.cc:280]   Focal Length:    5068.80px
I20260620 09:42:09.230924 0x16e5eb000 feature_extraction.cc:284]   Features:        11437 (SIFT)
I20260620 09:42:09.972646 0x16e5eb000 feature_extraction.cc:262] Processed file [269/300]
I20260620 09:42:09.973456 0x16e5eb000 feature_extraction.cc:265]   Name:            cell_96_slot_0.jpg
I20260620 09:42:09.973475 0x16e5eb000 feature_extraction.cc:274]   Dimensions:      4224 x 2376
I20260620 09:42:09.973481 0x16e5eb000 feature_extraction.cc:277]   Camera:          #269 - SIMPLE_RADIAL
I20260620 09:42:09.973486 0x16e5eb000 feature_extraction.cc:280]   Focal Length:    5068.80px
I20260620 09:42:09.973491 0x16e5eb000 feature_extraction.cc:284]   Features:        12187 (SIFT)
I20260620 09:42:11.127051 0x16e5eb000 feature_extraction.cc:262] Processed file [270/300]
I20260620 09:42:11.127083 0x16e5eb000 feature_extraction.cc:265]   Name:            cell_96_slot_1.jpg
I20260620 09:42:11.127088 0x16e5eb000 feature_extraction.cc:274]   Dimensions:      4224 x 2376
I20260620 09:42:11.127092 0x16e5eb000 feature_extraction.cc:277]   Camera:          #270 - SIMPLE_RADIAL
I20260620 09:42:11.127097 0x16e5eb000 feature_extraction.cc:280]   Focal Length:    5068.80px
I20260620 09:42:11.127103 0x16e5eb000 feature_extraction.cc:284]   Features:        10706 (SIFT)
I20260620 09:42:12.357003 0x16e5eb000 feature_extraction.cc:262] Processed file [271/300]
I20260620 09:42:12.357074 0x16e5eb000 feature_extraction.cc:265]   Name:            cell_96_slot_10.jpg
I20260620 09:42:12.357086 0x16e5eb000 feature_extraction.cc:274]   Dimensions:      4224 x 2376
I20260620 09:42:12.357095 0x16e5eb000 feature_extraction.cc:277]   Camera:          #271 - SIMPLE_RADIAL
I20260620 09:42:12.357104 0x16e5eb000 feature_extraction.cc:280]   Focal Length:    5068.80px
I20260620 09:42:12.357115 0x16e5eb000 feature_extraction.cc:284]   Features:        10633 (SIFT)
I20260620 09:42:12.442648 0x16e5eb000 feature_extraction.cc:262] Processed file [272/300]
I20260620 09:42:12.442676 0x16e5eb000 feature_extraction.cc:265]   Name:            cell_96_slot_11.jpg
I20260620 09:42:12.442682 0x16e5eb000 feature_extraction.cc:274]   Dimensions:      4224 x 2376
I20260620 09:42:12.442686 0x16e5eb000 feature_extraction.cc:277]   Camera:          #272 - SIMPLE_RADIAL
I20260620 09:42:12.442690 0x16e5eb000 feature_extraction.cc:280]   Focal Length:    5068.80px
I20260620 09:42:12.442696 0x16e5eb000 feature_extraction.cc:284]   Features:        8883 (SIFT)
I20260620 09:42:13.165741 0x16e5eb000 feature_extraction.cc:262] Processed file [273/300]
I20260620 09:42:13.165812 0x16e5eb000 feature_extraction.cc:265]   Name:            cell_96_slot_3.jpg
I20260620 09:42:13.165823 0x16e5eb000 feature_extraction.cc:274]   Dimensions:      4224 x 2376
I20260620 09:42:13.165832 0x16e5eb000 feature_extraction.cc:277]   Camera:          #274 - SIMPLE_RADIAL
I20260620 09:42:13.165841 0x16e5eb000 feature_extraction.cc:280]   Focal Length:    5068.80px
I20260620 09:42:13.165852 0x16e5eb000 feature_extraction.cc:284]   Features:        8805 (SIFT)
I20260620 09:42:13.308343 0x16e5eb000 feature_extraction.cc:262] Processed file [274/300]
I20260620 09:42:13.308409 0x16e5eb000 feature_extraction.cc:265]   Name:            cell_96_slot_2.jpg
I20260620 09:42:13.308420 0x16e5eb000 feature_extraction.cc:274]   Dimensions:      4224 x 2376
I20260620 09:42:13.308429 0x16e5eb000 feature_extraction.cc:277]   Camera:          #273 - SIMPLE_RADIAL
I20260620 09:42:13.308439 0x16e5eb000 feature_extraction.cc:280]   Focal Length:    5068.80px
I20260620 09:42:13.308450 0x16e5eb000 feature_extraction.cc:284]   Features:        10721 (SIFT)
I20260620 09:42:14.186071 0x16e5eb000 feature_extraction.cc:262] Processed file [275/300]
I20260620 09:42:14.186134 0x16e5eb000 feature_extraction.cc:265]   Name:            cell_96_slot_4.jpg
I20260620 09:42:14.186145 0x16e5eb000 feature_extraction.cc:274]   Dimensions:      4224 x 2376
I20260620 09:42:14.186154 0x16e5eb000 feature_extraction.cc:277]   Camera:          #275 - SIMPLE_RADIAL
I20260620 09:42:14.186164 0x16e5eb000 feature_extraction.cc:280]   Focal Length:    5068.80px
I20260620 09:42:14.186174 0x16e5eb000 feature_extraction.cc:284]   Features:        9752 (SIFT)
I20260620 09:42:16.442264 0x16e5eb000 feature_extraction.cc:262] Processed file [276/300]
I20260620 09:42:16.442327 0x16e5eb000 feature_extraction.cc:265]   Name:            cell_96_slot_6.jpg
I20260620 09:42:16.442338 0x16e5eb000 feature_extraction.cc:274]   Dimensions:      4224 x 2376
I20260620 09:42:16.442347 0x16e5eb000 feature_extraction.cc:277]   Camera:          #277 - SIMPLE_RADIAL
I20260620 09:42:16.442357 0x16e5eb000 feature_extraction.cc:280]   Focal Length:    5068.80px
I20260620 09:42:16.442367 0x16e5eb000 feature_extraction.cc:284]   Features:        8682 (SIFT)
I20260620 09:42:16.559098 0x16e5eb000 feature_extraction.cc:262] Processed file [277/300]
I20260620 09:42:16.559170 0x16e5eb000 feature_extraction.cc:265]   Name:            cell_96_slot_5.jpg
I20260620 09:42:16.559183 0x16e5eb000 feature_extraction.cc:274]   Dimensions:      4224 x 2376
I20260620 09:42:16.559193 0x16e5eb000 feature_extraction.cc:277]   Camera:          #276 - SIMPLE_RADIAL
I20260620 09:42:16.559203 0x16e5eb000 feature_extraction.cc:280]   Focal Length:    5068.80px
I20260620 09:42:16.559214 0x16e5eb000 feature_extraction.cc:284]   Features:        10928 (SIFT)
I20260620 09:42:17.932951 0x16e5eb000 feature_extraction.cc:262] Processed file [278/300]
I20260620 09:42:17.933020 0x16e5eb000 feature_extraction.cc:265]   Name:            cell_96_slot_8.jpg
I20260620 09:42:17.933031 0x16e5eb000 feature_extraction.cc:274]   Dimensions:      4224 x 2376
I20260620 09:42:17.933041 0x16e5eb000 feature_extraction.cc:277]   Camera:          #279 - SIMPLE_RADIAL
I20260620 09:42:17.933051 0x16e5eb000 feature_extraction.cc:280]   Focal Length:    5068.80px
I20260620 09:42:17.933061 0x16e5eb000 feature_extraction.cc:284]   Features:        10618 (SIFT)
I20260620 09:42:18.169188 0x16e5eb000 feature_extraction.cc:262] Processed file [279/300]
I20260620 09:42:18.169265 0x16e5eb000 feature_extraction.cc:265]   Name:            cell_96_slot_9.jpg
I20260620 09:42:18.169280 0x16e5eb000 feature_extraction.cc:274]   Dimensions:      4224 x 2376
I20260620 09:42:18.169290 0x16e5eb000 feature_extraction.cc:277]   Camera:          #280 - SIMPLE_RADIAL
I20260620 09:42:18.169299 0x16e5eb000 feature_extraction.cc:280]   Focal Length:    5068.80px
I20260620 09:42:18.169310 0x16e5eb000 feature_extraction.cc:284]   Features:        10389 (SIFT)
I20260620 09:42:18.292573 0x16e5eb000 feature_extraction.cc:262] Processed file [280/300]
I20260620 09:42:18.292641 0x16e5eb000 feature_extraction.cc:265]   Name:            cell_97_slot_0.jpg
I20260620 09:42:18.292654 0x16e5eb000 feature_extraction.cc:274]   Dimensions:      4224 x 2376
I20260620 09:42:18.292663 0x16e5eb000 feature_extraction.cc:277]   Camera:          #281 - SIMPLE_RADIAL
I20260620 09:42:18.292672 0x16e5eb000 feature_extraction.cc:280]   Focal Length:    5068.80px
I20260620 09:42:18.292684 0x16e5eb000 feature_extraction.cc:284]   Features:        9310 (SIFT)
I20260620 09:42:18.469670 0x16e5eb000 feature_extraction.cc:262] Processed file [281/300]
I20260620 09:42:18.469771 0x16e5eb000 feature_extraction.cc:265]   Name:            cell_96_slot_7.jpg
I20260620 09:42:18.469788 0x16e5eb000 feature_extraction.cc:274]   Dimensions:      4224 x 2376
I20260620 09:42:18.469798 0x16e5eb000 feature_extraction.cc:277]   Camera:          #278 - SIMPLE_RADIAL
I20260620 09:42:18.469808 0x16e5eb000 feature_extraction.cc:280]   Focal Length:    5068.80px
I20260620 09:42:18.469819 0x16e5eb000 feature_extraction.cc:284]   Features:        11305 (SIFT)
I20260620 09:42:19.073231 0x16e5eb000 feature_extraction.cc:262] Processed file [282/300]
I20260620 09:42:19.073316 0x16e5eb000 feature_extraction.cc:265]   Name:            cell_97_slot_1.jpg
I20260620 09:42:19.073328 0x16e5eb000 feature_extraction.cc:274]   Dimensions:      4224 x 2376
I20260620 09:42:19.073338 0x16e5eb000 feature_extraction.cc:277]   Camera:          #282 - SIMPLE_RADIAL
I20260620 09:42:19.073348 0x16e5eb000 feature_extraction.cc:280]   Focal Length:    5068.80px
I20260620 09:42:19.073359 0x16e5eb000 feature_extraction.cc:284]   Features:        11139 (SIFT)
I20260620 09:42:19.768015 0x16e5eb000 feature_extraction.cc:262] Processed file [283/300]
I20260620 09:42:19.768079 0x16e5eb000 feature_extraction.cc:265]   Name:            cell_97_slot_2.jpg
I20260620 09:42:19.768090 0x16e5eb000 feature_extraction.cc:274]   Dimensions:      4224 x 2376
I20260620 09:42:19.768099 0x16e5eb000 feature_extraction.cc:277]   Camera:          #283 - SIMPLE_RADIAL
I20260620 09:42:19.768109 0x16e5eb000 feature_extraction.cc:280]   Focal Length:    5068.80px
I20260620 09:42:19.768119 0x16e5eb000 feature_extraction.cc:284]   Features:        8945 (SIFT)
I20260620 09:42:19.945916 0x16e5eb000 feature_extraction.cc:262] Processed file [284/300]
I20260620 09:42:19.945984 0x16e5eb000 feature_extraction.cc:265]   Name:            cell_97_slot_6.jpg
I20260620 09:42:19.945999 0x16e5eb000 feature_extraction.cc:274]   Dimensions:      4224 x 2376
I20260620 09:42:19.946010 0x16e5eb000 feature_extraction.cc:277]   Camera:          #287 - SIMPLE_RADIAL
I20260620 09:42:19.946020 0x16e5eb000 feature_extraction.cc:280]   Focal Length:    5068.80px
I20260620 09:42:19.946031 0x16e5eb000 feature_extraction.cc:284]   Features:        7812 (SIFT)
I20260620 09:42:20.112409 0x16e5eb000 feature_extraction.cc:262] Processed file [285/300]
I20260620 09:42:20.112550 0x16e5eb000 feature_extraction.cc:265]   Name:            cell_97_slot_3.jpg
I20260620 09:42:20.112575 0x16e5eb000 feature_extraction.cc:274]   Dimensions:      4224 x 2376
I20260620 09:42:20.112580 0x16e5eb000 feature_extraction.cc:277]   Camera:          #284 - SIMPLE_RADIAL
I20260620 09:42:20.112585 0x16e5eb000 feature_extraction.cc:280]   Focal Length:    5068.80px
I20260620 09:42:20.112591 0x16e5eb000 feature_extraction.cc:284]   Features:        8930 (SIFT)
I20260620 09:42:20.949063 0x16e5eb000 feature_extraction.cc:262] Processed file [286/300]
I20260620 09:42:20.949129 0x16e5eb000 feature_extraction.cc:265]   Name:            cell_97_slot_4.jpg
I20260620 09:42:20.949141 0x16e5eb000 feature_extraction.cc:274]   Dimensions:      4224 x 2376
I20260620 09:42:20.949151 0x16e5eb000 feature_extraction.cc:277]   Camera:          #285 - SIMPLE_RADIAL
I20260620 09:42:20.949160 0x16e5eb000 feature_extraction.cc:280]   Focal Length:    5068.80px
I20260620 09:42:20.949170 0x16e5eb000 feature_extraction.cc:284]   Features:        9634 (SIFT)
I20260620 09:42:21.221097 0x16e5eb000 feature_extraction.cc:262] Processed file [287/300]
I20260620 09:42:21.221160 0x16e5eb000 feature_extraction.cc:265]   Name:            cell_97_slot_5.jpg
I20260620 09:42:21.221172 0x16e5eb000 feature_extraction.cc:274]   Dimensions:      4224 x 2376
I20260620 09:42:21.221182 0x16e5eb000 feature_extraction.cc:277]   Camera:          #286 - SIMPLE_RADIAL
I20260620 09:42:21.221192 0x16e5eb000 feature_extraction.cc:280]   Focal Length:    5068.80px
I20260620 09:42:21.221204 0x16e5eb000 feature_extraction.cc:284]   Features:        9990 (SIFT)
I20260620 09:42:23.869627 0x16e5eb000 feature_extraction.cc:262] Processed file [288/300]
I20260620 09:42:23.869697 0x16e5eb000 feature_extraction.cc:265]   Name:            cell_97_slot_7.jpg
I20260620 09:42:23.869709 0x16e5eb000 feature_extraction.cc:274]   Dimensions:      4224 x 2376
I20260620 09:42:23.869718 0x16e5eb000 feature_extraction.cc:277]   Camera:          #288 - SIMPLE_RADIAL
I20260620 09:42:23.869727 0x16e5eb000 feature_extraction.cc:280]   Focal Length:    5068.80px
I20260620 09:42:23.869738 0x16e5eb000 feature_extraction.cc:284]   Features:        10227 (SIFT)
I20260620 09:42:24.288055 0x16e5eb000 feature_extraction.cc:262] Processed file [289/300]
I20260620 09:42:24.288134 0x16e5eb000 feature_extraction.cc:265]   Name:            cell_98_slot_0.jpg
I20260620 09:42:24.288148 0x16e5eb000 feature_extraction.cc:274]   Dimensions:      4224 x 2376
I20260620 09:42:24.288157 0x16e5eb000 feature_extraction.cc:277]   Camera:          #289 - SIMPLE_RADIAL
I20260620 09:42:24.288171 0x16e5eb000 feature_extraction.cc:280]   Focal Length:    5068.80px
I20260620 09:42:24.288184 0x16e5eb000 feature_extraction.cc:284]   Features:        10221 (SIFT)
I20260620 09:42:25.331177 0x16e5eb000 feature_extraction.cc:262] Processed file [290/300]
I20260620 09:42:25.331243 0x16e5eb000 feature_extraction.cc:265]   Name:            cell_98_slot_3.jpg
I20260620 09:42:25.331254 0x16e5eb000 feature_extraction.cc:274]   Dimensions:      4224 x 2376
I20260620 09:42:25.331263 0x16e5eb000 feature_extraction.cc:277]   Camera:          #292 - SIMPLE_RADIAL
I20260620 09:42:25.331273 0x16e5eb000 feature_extraction.cc:280]   Focal Length:    5068.80px
I20260620 09:42:25.331284 0x16e5eb000 feature_extraction.cc:284]   Features:        9743 (SIFT)
I20260620 09:42:25.519033 0x16e5eb000 feature_extraction.cc:262] Processed file [291/300]
I20260620 09:42:25.519116 0x16e5eb000 feature_extraction.cc:265]   Name:            cell_98_slot_1.jpg
I20260620 09:42:25.519127 0x16e5eb000 feature_extraction.cc:274]   Dimensions:      4224 x 2376
I20260620 09:42:25.519137 0x16e5eb000 feature_extraction.cc:277]   Camera:          #290 - SIMPLE_RADIAL
I20260620 09:42:25.519146 0x16e5eb000 feature_extraction.cc:280]   Focal Length:    5068.80px
I20260620 09:42:25.519156 0x16e5eb000 feature_extraction.cc:284]   Features:        10265 (SIFT)
I20260620 09:42:25.807737 0x16e5eb000 feature_extraction.cc:262] Processed file [292/300]
I20260620 09:42:25.807799 0x16e5eb000 feature_extraction.cc:265]   Name:            cell_98_slot_2.jpg
I20260620 09:42:25.807809 0x16e5eb000 feature_extraction.cc:274]   Dimensions:      4224 x 2376
I20260620 09:42:25.807819 0x16e5eb000 feature_extraction.cc:277]   Camera:          #291 - SIMPLE_RADIAL
I20260620 09:42:25.807828 0x16e5eb000 feature_extraction.cc:280]   Focal Length:    5068.80px
I20260620 09:42:25.807837 0x16e5eb000 feature_extraction.cc:284]   Features:        10606 (SIFT)
I20260620 09:42:26.786522 0x16e5eb000 feature_extraction.cc:262] Processed file [293/300]
I20260620 09:42:26.786591 0x16e5eb000 feature_extraction.cc:265]   Name:            cell_99_slot_1.jpg
I20260620 09:42:26.786602 0x16e5eb000 feature_extraction.cc:274]   Dimensions:      4224 x 2376
I20260620 09:42:26.786611 0x16e5eb000 feature_extraction.cc:277]   Camera:          #294 - SIMPLE_RADIAL
I20260620 09:42:26.786620 0x16e5eb000 feature_extraction.cc:280]   Focal Length:    5068.80px
I20260620 09:42:26.786631 0x16e5eb000 feature_extraction.cc:284]   Features:        11296 (SIFT)
I20260620 09:42:26.833838 0x16e5eb000 feature_extraction.cc:262] Processed file [294/300]
I20260620 09:42:26.833887 0x16e5eb000 feature_extraction.cc:265]   Name:            cell_99_slot_0.jpg
I20260620 09:42:26.833896 0x16e5eb000 feature_extraction.cc:274]   Dimensions:      4224 x 2376
I20260620 09:42:26.833901 0x16e5eb000 feature_extraction.cc:277]   Camera:          #293 - SIMPLE_RADIAL
I20260620 09:42:26.833905 0x16e5eb000 feature_extraction.cc:280]   Focal Length:    5068.80px
I20260620 09:42:26.833910 0x16e5eb000 feature_extraction.cc:284]   Features:        12151 (SIFT)
I20260620 09:42:27.559090 0x16e5eb000 feature_extraction.cc:262] Processed file [295/300]
I20260620 09:42:27.559173 0x16e5eb000 feature_extraction.cc:265]   Name:            cell_99_slot_3.jpg
I20260620 09:42:27.559201 0x16e5eb000 feature_extraction.cc:274]   Dimensions:      4224 x 2376
I20260620 09:42:27.559206 0x16e5eb000 feature_extraction.cc:277]   Camera:          #296 - SIMPLE_RADIAL
I20260620 09:42:27.559211 0x16e5eb000 feature_extraction.cc:280]   Focal Length:    5068.80px
I20260620 09:42:27.559216 0x16e5eb000 feature_extraction.cc:284]   Features:        11701 (SIFT)
I20260620 09:42:27.599369 0x16e5eb000 feature_extraction.cc:262] Processed file [296/300]
I20260620 09:42:27.599413 0x16e5eb000 feature_extraction.cc:265]   Name:            cell_99_slot_4.jpg
I20260620 09:42:27.599419 0x16e5eb000 feature_extraction.cc:274]   Dimensions:      4224 x 2376
I20260620 09:42:27.599423 0x16e5eb000 feature_extraction.cc:277]   Camera:          #297 - SIMPLE_RADIAL
I20260620 09:42:27.599428 0x16e5eb000 feature_extraction.cc:280]   Focal Length:    5068.80px
I20260620 09:42:27.599434 0x16e5eb000 feature_extraction.cc:284]   Features:        11825 (SIFT)
I20260620 09:42:27.801068 0x16e5eb000 feature_extraction.cc:262] Processed file [297/300]
I20260620 09:42:27.801113 0x16e5eb000 feature_extraction.cc:265]   Name:            cell_99_slot_2.jpg
I20260620 09:42:27.801118 0x16e5eb000 feature_extraction.cc:274]   Dimensions:      4224 x 2376
I20260620 09:42:27.801123 0x16e5eb000 feature_extraction.cc:277]   Camera:          #295 - SIMPLE_RADIAL
I20260620 09:42:27.801127 0x16e5eb000 feature_extraction.cc:280]   Focal Length:    5068.80px
I20260620 09:42:27.801131 0x16e5eb000 feature_extraction.cc:284]   Features:        12679 (SIFT)
I20260620 09:42:28.107828 0x16e5eb000 feature_extraction.cc:262] Processed file [298/300]
I20260620 09:42:28.107861 0x16e5eb000 feature_extraction.cc:265]   Name:            cell_99_slot_6.jpg
I20260620 09:42:28.107865 0x16e5eb000 feature_extraction.cc:274]   Dimensions:      4224 x 2376
I20260620 09:42:28.107870 0x16e5eb000 feature_extraction.cc:277]   Camera:          #299 - SIMPLE_RADIAL
I20260620 09:42:28.107874 0x16e5eb000 feature_extraction.cc:280]   Focal Length:    5068.80px
I20260620 09:42:28.107880 0x16e5eb000 feature_extraction.cc:284]   Features:        11162 (SIFT)
I20260620 09:42:28.159806 0x16e5eb000 feature_extraction.cc:262] Processed file [299/300]
I20260620 09:42:28.159830 0x16e5eb000 feature_extraction.cc:265]   Name:            cell_99_slot_5.jpg
I20260620 09:42:28.159834 0x16e5eb000 feature_extraction.cc:274]   Dimensions:      4224 x 2376
I20260620 09:42:28.159839 0x16e5eb000 feature_extraction.cc:277]   Camera:          #298 - SIMPLE_RADIAL
I20260620 09:42:28.159843 0x16e5eb000 feature_extraction.cc:280]   Focal Length:    5068.80px
I20260620 09:42:28.159849 0x16e5eb000 feature_extraction.cc:284]   Features:        11603 (SIFT)
I20260620 09:42:30.256903 0x16e5eb000 feature_extraction.cc:262] Processed file [300/300]
I20260620 09:42:30.256963 0x16e5eb000 feature_extraction.cc:265]   Name:            cell_99_slot_7.jpg
I20260620 09:42:30.256971 0x16e5eb000 feature_extraction.cc:274]   Dimensions:      4224 x 2376
I20260620 09:42:30.256975 0x16e5eb000 feature_extraction.cc:277]   Camera:          #300 - SIMPLE_RADIAL
I20260620 09:42:30.256980 0x16e5eb000 feature_extraction.cc:280]   Focal Length:    5068.80px
I20260620 09:42:30.256985 0x16e5eb000 feature_extraction.cc:284]   Features:        12597 (SIFT)
I20260620 09:42:30.258846 0x16d83f000 timer.cc:90] Elapsed time: 3.963 [minutes]
