W20260718 14:08:27.683302 0x208442080 aether_sfm_c.cc:6952] [aether_sfm] host replay reusing stored pairs from /Users/kaidongwang/.config/superpowers/worktrees/pocketworld_research_benchmarks/pocketworld-repro-contract-20260714/experiments/rs_replication_exec_2026-07-19/E9_birth_alias/runs/cap51_geom_winner/input_db/sfm_live.db (matches=858, verified=858)
I20260718 14:08:27.718646 0x208442080 bundle_adjustment_ceres.cc:1051] [AETHER] solver_used=DENSE_SCHUR sparse_backend=EIGEN_SPARSE dense_backend=EIGEN mixed=0 threads=1
I20260718 14:08:27.747230 0x208442080 bundle_adjustment_ceres.cc:1051] [AETHER] solver_used=DENSE_SCHUR sparse_backend=EIGEN_SPARSE dense_backend=EIGEN mixed=0 threads=1
I20260718 14:08:27.786987 0x208442080 bundle_adjustment_ceres.cc:1051] [AETHER] solver_used=DENSE_SCHUR sparse_backend=EIGEN_SPARSE dense_backend=EIGEN mixed=0 threads=1
I20260718 14:08:27.835748 0x208442080 bundle_adjustment_ceres.cc:1051] [AETHER] solver_used=DENSE_SCHUR sparse_backend=EIGEN_SPARSE dense_backend=EIGEN mixed=0 threads=1
I20260718 14:08:27.892298 0x208442080 bundle_adjustment_ceres.cc:1051] [AETHER] solver_used=DENSE_SCHUR sparse_backend=EIGEN_SPARSE dense_backend=EIGEN mixed=0 threads=1
I20260718 14:08:27.954398 0x208442080 bundle_adjustment_ceres.cc:1051] [AETHER] solver_used=DENSE_SCHUR sparse_backend=EIGEN_SPARSE dense_backend=EIGEN mixed=0 threads=1
I20260718 14:08:28.038360 0x208442080 bundle_adjustment_ceres.cc:1051] [AETHER] solver_used=DENSE_SCHUR sparse_backend=EIGEN_SPARSE dense_backend=EIGEN mixed=0 threads=1
I20260718 14:08:28.134917 0x208442080 bundle_adjustment_ceres.cc:1051] [AETHER] solver_used=DENSE_SCHUR sparse_backend=EIGEN_SPARSE dense_backend=EIGEN mixed=0 threads=1
I20260718 14:08:28.238114 0x208442080 bundle_adjustment_ceres.cc:1051] [AETHER] solver_used=DENSE_SCHUR sparse_backend=EIGEN_SPARSE dense_backend=EIGEN mixed=0 threads=1
I20260718 14:08:28.344541 0x208442080 bundle_adjustment_ceres.cc:1051] [AETHER] solver_used=DENSE_SCHUR sparse_backend=EIGEN_SPARSE dense_backend=EIGEN mixed=0 threads=1
I20260718 14:08:28.418849 0x208442080 bundle_adjustment_ceres.cc:1051] [AETHER] solver_used=DENSE_SCHUR sparse_backend=EIGEN_SPARSE dense_backend=EIGEN mixed=0 threads=1
I20260718 14:08:28.485855 0x208442080 bundle_adjustment_ceres.cc:1051] [AETHER] solver_used=DENSE_SCHUR sparse_backend=EIGEN_SPARSE dense_backend=EIGEN mixed=0 threads=1
I20260718 14:08:28.555507 0x208442080 bundle_adjustment_ceres.cc:1051] [AETHER] solver_used=DENSE_SCHUR sparse_backend=EIGEN_SPARSE dense_backend=EIGEN mixed=0 threads=1
I20260718 14:08:28.616776 0x208442080 bundle_adjustment_ceres.cc:1051] [AETHER] solver_used=DENSE_SCHUR sparse_backend=EIGEN_SPARSE dense_backend=EIGEN mixed=0 threads=1
I20260718 14:08:28.677370 0x208442080 bundle_adjustment_ceres.cc:1051] [AETHER] solver_used=DENSE_SCHUR sparse_backend=EIGEN_SPARSE dense_backend=EIGEN mixed=0 threads=1
I20260718 14:08:28.751344 0x208442080 bundle_adjustment_ceres.cc:1051] [AETHER] solver_used=DENSE_SCHUR sparse_backend=EIGEN_SPARSE dense_backend=EIGEN mixed=0 threads=1
I20260718 14:08:28.811441 0x208442080 bundle_adjustment_ceres.cc:1051] [AETHER] solver_used=DENSE_SCHUR sparse_backend=EIGEN_SPARSE dense_backend=EIGEN mixed=0 threads=1
I20260718 14:08:28.862728 0x208442080 bundle_adjustment_ceres.cc:1051] [AETHER] solver_used=DENSE_SCHUR sparse_backend=EIGEN_SPARSE dense_backend=EIGEN mixed=0 threads=1
I20260718 14:08:28.913918 0x208442080 bundle_adjustment_ceres.cc:1051] [AETHER] solver_used=DENSE_SCHUR sparse_backend=EIGEN_SPARSE dense_backend=EIGEN mixed=0 threads=1
I20260718 14:08:28.965197 0x208442080 bundle_adjustment_ceres.cc:1051] [AETHER] solver_used=DENSE_SCHUR sparse_backend=EIGEN_SPARSE dense_backend=EIGEN mixed=0 threads=1
I20260718 14:08:29.018757 0x208442080 bundle_adjustment_ceres.cc:1051] [AETHER] solver_used=DENSE_SCHUR sparse_backend=EIGEN_SPARSE dense_backend=EIGEN mixed=0 threads=1
I20260718 14:08:29.080059 0x208442080 bundle_adjustment_ceres.cc:1051] [AETHER] solver_used=DENSE_SCHUR sparse_backend=EIGEN_SPARSE dense_backend=EIGEN mixed=0 threads=1
I20260718 14:08:29.137833 0x208442080 bundle_adjustment_ceres.cc:1051] [AETHER] solver_used=DENSE_SCHUR sparse_backend=EIGEN_SPARSE dense_backend=EIGEN mixed=0 threads=1
I20260718 14:08:29.195730 0x208442080 bundle_adjustment_ceres.cc:1051] [AETHER] solver_used=DENSE_SCHUR sparse_backend=EIGEN_SPARSE dense_backend=EIGEN mixed=0 threads=1
I20260718 14:08:29.254290 0x208442080 bundle_adjustment_ceres.cc:1051] [AETHER] solver_used=DENSE_SCHUR sparse_backend=EIGEN_SPARSE dense_backend=EIGEN mixed=0 threads=1
I20260718 14:08:29.322518 0x208442080 bundle_adjustment_ceres.cc:1051] [AETHER] solver_used=DENSE_SCHUR sparse_backend=EIGEN_SPARSE dense_backend=EIGEN mixed=0 threads=1
I20260718 14:08:29.396963 0x208442080 bundle_adjustment_ceres.cc:1051] [AETHER] solver_used=DENSE_SCHUR sparse_backend=EIGEN_SPARSE dense_backend=EIGEN mixed=0 threads=1
I20260718 14:08:29.466630 0x208442080 bundle_adjustment_ceres.cc:1051] [AETHER] solver_used=DENSE_SCHUR sparse_backend=EIGEN_SPARSE dense_backend=EIGEN mixed=0 threads=1
I20260718 14:08:29.528187 0x208442080 bundle_adjustment_ceres.cc:1051] [AETHER] solver_used=DENSE_SCHUR sparse_backend=EIGEN_SPARSE dense_backend=EIGEN mixed=0 threads=1
I20260718 14:08:29.585825 0x208442080 bundle_adjustment_ceres.cc:1051] [AETHER] solver_used=DENSE_SCHUR sparse_backend=EIGEN_SPARSE dense_backend=EIGEN mixed=0 threads=1
I20260718 14:08:29.636700 0x208442080 bundle_adjustment_ceres.cc:1051] [AETHER] solver_used=DENSE_SCHUR sparse_backend=EIGEN_SPARSE dense_backend=EIGEN mixed=0 threads=1
I20260718 14:08:29.678992 0x208442080 bundle_adjustment_ceres.cc:1051] [AETHER] solver_used=DENSE_SCHUR sparse_backend=EIGEN_SPARSE dense_backend=EIGEN mixed=0 threads=1
I20260718 14:08:29.716673 0x208442080 bundle_adjustment_ceres.cc:1051] [AETHER] solver_used=DENSE_SCHUR sparse_backend=EIGEN_SPARSE dense_backend=EIGEN mixed=0 threads=1
I20260718 14:08:29.752740 0x208442080 bundle_adjustment_ceres.cc:1051] [AETHER] solver_used=DENSE_SCHUR sparse_backend=EIGEN_SPARSE dense_backend=EIGEN mixed=0 threads=1
I20260718 14:08:29.783094 0x208442080 bundle_adjustment_ceres.cc:1051] [AETHER] solver_used=DENSE_SCHUR sparse_backend=EIGEN_SPARSE dense_backend=EIGEN mixed=0 threads=1
I20260718 14:08:29.812835 0x208442080 bundle_adjustment_ceres.cc:1051] [AETHER] solver_used=DENSE_SCHUR sparse_backend=EIGEN_SPARSE dense_backend=EIGEN mixed=0 threads=1
I20260718 14:08:29.837896 0x208442080 bundle_adjustment_ceres.cc:1051] [AETHER] solver_used=DENSE_SCHUR sparse_backend=EIGEN_SPARSE dense_backend=EIGEN mixed=0 threads=1
I20260718 14:08:29.857022 0x208442080 bundle_adjustment_ceres.cc:1051] [AETHER] solver_used=DENSE_SCHUR sparse_backend=EIGEN_SPARSE dense_backend=EIGEN mixed=0 threads=1
I20260718 14:08:29.880207 0x208442080 bundle_adjustment_ceres.cc:1051] [AETHER] solver_used=DENSE_SCHUR sparse_backend=EIGEN_SPARSE dense_backend=EIGEN mixed=0 threads=1
I20260718 14:08:29.914726 0x208442080 bundle_adjustment_ceres.cc:1051] [AETHER] solver_used=DENSE_SCHUR sparse_backend=EIGEN_SPARSE dense_backend=EIGEN mixed=0 threads=1
I20260718 14:08:29.959875 0x208442080 bundle_adjustment_ceres.cc:1051] [AETHER] solver_used=DENSE_SCHUR sparse_backend=EIGEN_SPARSE dense_backend=EIGEN mixed=0 threads=1
I20260718 14:08:30.029681 0x208442080 bundle_adjustment_ceres.cc:1051] [AETHER] solver_used=DENSE_SCHUR sparse_backend=EIGEN_SPARSE dense_backend=EIGEN mixed=0 threads=1
I20260718 14:08:30.107867 0x208442080 bundle_adjustment_ceres.cc:1051] [AETHER] solver_used=DENSE_SCHUR sparse_backend=EIGEN_SPARSE dense_backend=EIGEN mixed=0 threads=1
I20260718 14:08:30.197812 0x208442080 bundle_adjustment_ceres.cc:1051] [AETHER] solver_used=DENSE_SCHUR sparse_backend=EIGEN_SPARSE dense_backend=EIGEN mixed=0 threads=1
I20260718 14:08:30.291872 0x208442080 bundle_adjustment_ceres.cc:1051] [AETHER] solver_used=DENSE_SCHUR sparse_backend=EIGEN_SPARSE dense_backend=EIGEN mixed=0 threads=1
I20260718 14:08:30.393463 0x208442080 bundle_adjustment_ceres.cc:1051] [AETHER] solver_used=DENSE_SCHUR sparse_backend=EIGEN_SPARSE dense_backend=EIGEN mixed=0 threads=1
I20260718 14:08:30.507919 0x208442080 bundle_adjustment_ceres.cc:1051] [AETHER] solver_used=DENSE_SCHUR sparse_backend=EIGEN_SPARSE dense_backend=EIGEN mixed=0 threads=1
I20260718 14:08:30.633690 0x208442080 bundle_adjustment_ceres.cc:1051] [AETHER] solver_used=DENSE_SCHUR sparse_backend=EIGEN_SPARSE dense_backend=EIGEN mixed=0 threads=1
I20260718 14:08:30.755894 0x208442080 bundle_adjustment_ceres.cc:1051] [AETHER] solver_used=DENSE_SCHUR sparse_backend=EIGEN_SPARSE dense_backend=EIGEN mixed=0 threads=12
I20260718 14:08:30.874145 0x208442080 bundle_adjustment_ceres.cc:1051] [AETHER] solver_used=DENSE_SCHUR sparse_backend=EIGEN_SPARSE dense_backend=EIGEN mixed=0 threads=12
I20260718 14:08:31.004909 0x208442080 bundle_adjustment_ceres.cc:1051] [AETHER] solver_used=DENSE_SCHUR sparse_backend=EIGEN_SPARSE dense_backend=EIGEN mixed=0 threads=12
I20260718 14:08:31.125877 0x208442080 bundle_adjustment_ceres.cc:1051] [AETHER] solver_used=DENSE_SCHUR sparse_backend=EIGEN_SPARSE dense_backend=EIGEN mixed=0 threads=12
I20260718 14:08:31.233285 0x208442080 bundle_adjustment_ceres.cc:1051] [AETHER] solver_used=DENSE_SCHUR sparse_backend=EIGEN_SPARSE dense_backend=EIGEN mixed=0 threads=12
I20260718 14:08:31.352252 0x208442080 bundle_adjustment_ceres.cc:1051] [AETHER] solver_used=DENSE_SCHUR sparse_backend=EIGEN_SPARSE dense_backend=EIGEN mixed=0 threads=12
I20260718 14:08:31.477317 0x208442080 bundle_adjustment_ceres.cc:1051] [AETHER] solver_used=DENSE_SCHUR sparse_backend=EIGEN_SPARSE dense_backend=EIGEN mixed=0 threads=12
I20260718 14:08:31.615769 0x208442080 bundle_adjustment_ceres.cc:1051] [AETHER] solver_used=DENSE_SCHUR sparse_backend=EIGEN_SPARSE dense_backend=EIGEN mixed=0 threads=12
I20260718 14:08:31.765944 0x208442080 bundle_adjustment_ceres.cc:1051] [AETHER] solver_used=DENSE_SCHUR sparse_backend=EIGEN_SPARSE dense_backend=EIGEN mixed=0 threads=12
I20260718 14:08:31.913984 0x208442080 bundle_adjustment_ceres.cc:1051] [AETHER] solver_used=DENSE_SCHUR sparse_backend=EIGEN_SPARSE dense_backend=EIGEN mixed=0 threads=12
I20260718 14:08:32.077643 0x208442080 bundle_adjustment_ceres.cc:1051] [AETHER] solver_used=DENSE_SCHUR sparse_backend=EIGEN_SPARSE dense_backend=EIGEN mixed=0 threads=12
I20260718 14:08:32.243473 0x208442080 bundle_adjustment_ceres.cc:1051] [AETHER] solver_used=DENSE_SCHUR sparse_backend=EIGEN_SPARSE dense_backend=EIGEN mixed=0 threads=12
I20260718 14:08:32.406134 0x208442080 bundle_adjustment_ceres.cc:1051] [AETHER] solver_used=DENSE_SCHUR sparse_backend=EIGEN_SPARSE dense_backend=EIGEN mixed=0 threads=12
I20260718 14:08:32.556728 0x208442080 bundle_adjustment_ceres.cc:1051] [AETHER] solver_used=DENSE_SCHUR sparse_backend=EIGEN_SPARSE dense_backend=EIGEN mixed=0 threads=12
I20260718 14:08:32.692319 0x208442080 bundle_adjustment_ceres.cc:1051] [AETHER] solver_used=DENSE_SCHUR sparse_backend=EIGEN_SPARSE dense_backend=EIGEN mixed=0 threads=12
I20260718 14:08:32.837785 0x208442080 bundle_adjustment_ceres.cc:1051] [AETHER] solver_used=DENSE_SCHUR sparse_backend=EIGEN_SPARSE dense_backend=EIGEN mixed=0 threads=12
I20260718 14:08:32.962106 0x208442080 bundle_adjustment_ceres.cc:1051] [AETHER] solver_used=DENSE_SCHUR sparse_backend=EIGEN_SPARSE dense_backend=EIGEN mixed=0 threads=12
I20260718 14:08:33.078008 0x208442080 bundle_adjustment_ceres.cc:1051] [AETHER] solver_used=DENSE_SCHUR sparse_backend=EIGEN_SPARSE dense_backend=EIGEN mixed=0 threads=12
I20260718 14:08:33.186576 0x208442080 bundle_adjustment_ceres.cc:1051] [AETHER] solver_used=DENSE_SCHUR sparse_backend=EIGEN_SPARSE dense_backend=EIGEN mixed=0 threads=12
I20260718 14:08:33.293574 0x208442080 bundle_adjustment_ceres.cc:1051] [AETHER] solver_used=DENSE_SCHUR sparse_backend=EIGEN_SPARSE dense_backend=EIGEN mixed=0 threads=1
I20260718 14:08:33.392451 0x208442080 bundle_adjustment_ceres.cc:1051] [AETHER] solver_used=DENSE_SCHUR sparse_backend=EIGEN_SPARSE dense_backend=EIGEN mixed=0 threads=1
I20260718 14:08:33.495112 0x208442080 bundle_adjustment_ceres.cc:1051] [AETHER] solver_used=DENSE_SCHUR sparse_backend=EIGEN_SPARSE dense_backend=EIGEN mixed=0 threads=1
I20260718 14:08:33.585096 0x208442080 bundle_adjustment_ceres.cc:1051] [AETHER] solver_used=DENSE_SCHUR sparse_backend=EIGEN_SPARSE dense_backend=EIGEN mixed=0 threads=1
I20260718 14:08:33.676322 0x208442080 bundle_adjustment_ceres.cc:1051] [AETHER] solver_used=DENSE_SCHUR sparse_backend=EIGEN_SPARSE dense_backend=EIGEN mixed=0 threads=1
I20260718 14:08:33.764584 0x208442080 bundle_adjustment_ceres.cc:1051] [AETHER] solver_used=DENSE_SCHUR sparse_backend=EIGEN_SPARSE dense_backend=EIGEN mixed=0 threads=1
I20260718 14:08:33.855763 0x208442080 bundle_adjustment_ceres.cc:1051] [AETHER] solver_used=DENSE_SCHUR sparse_backend=EIGEN_SPARSE dense_backend=EIGEN mixed=0 threads=1
I20260718 14:08:33.941788 0x208442080 bundle_adjustment_ceres.cc:1051] [AETHER] solver_used=DENSE_SCHUR sparse_backend=EIGEN_SPARSE dense_backend=EIGEN mixed=0 threads=1
I20260718 14:08:34.024235 0x208442080 bundle_adjustment_ceres.cc:1051] [AETHER] solver_used=DENSE_SCHUR sparse_backend=EIGEN_SPARSE dense_backend=EIGEN mixed=0 threads=1
I20260718 14:08:34.095466 0x208442080 bundle_adjustment_ceres.cc:1051] [AETHER] solver_used=DENSE_SCHUR sparse_backend=EIGEN_SPARSE dense_backend=EIGEN mixed=0 threads=1
I20260718 14:08:34.188306 0x208442080 bundle_adjustment_ceres.cc:1051] [AETHER] solver_used=DENSE_SCHUR sparse_backend=EIGEN_SPARSE dense_backend=EIGEN mixed=0 threads=1
I20260718 14:08:34.278196 0x208442080 bundle_adjustment_ceres.cc:1051] [AETHER] solver_used=DENSE_SCHUR sparse_backend=EIGEN_SPARSE dense_backend=EIGEN mixed=0 threads=1
I20260718 14:08:34.381750 0x208442080 bundle_adjustment_ceres.cc:1051] [AETHER] solver_used=DENSE_SCHUR sparse_backend=EIGEN_SPARSE dense_backend=EIGEN mixed=0 threads=1
I20260718 14:08:34.467543 0x208442080 bundle_adjustment_ceres.cc:1051] [AETHER] solver_used=DENSE_SCHUR sparse_backend=EIGEN_SPARSE dense_backend=EIGEN mixed=0 threads=1
I20260718 14:08:34.544173 0x208442080 bundle_adjustment_ceres.cc:1051] [AETHER] solver_used=DENSE_SCHUR sparse_backend=EIGEN_SPARSE dense_backend=EIGEN mixed=0 threads=1
I20260718 14:08:34.612583 0x208442080 bundle_adjustment_ceres.cc:1051] [AETHER] solver_used=DENSE_SCHUR sparse_backend=EIGEN_SPARSE dense_backend=EIGEN mixed=0 threads=1
I20260718 14:08:34.686353 0x208442080 bundle_adjustment_ceres.cc:1051] [AETHER] solver_used=DENSE_SCHUR sparse_backend=EIGEN_SPARSE dense_backend=EIGEN mixed=0 threads=1
I20260718 14:08:34.760652 0x208442080 bundle_adjustment_ceres.cc:1051] [AETHER] solver_used=DENSE_SCHUR sparse_backend=EIGEN_SPARSE dense_backend=EIGEN mixed=0 threads=1
I20260718 14:08:34.831775 0x208442080 bundle_adjustment_ceres.cc:1051] [AETHER] solver_used=DENSE_SCHUR sparse_backend=EIGEN_SPARSE dense_backend=EIGEN mixed=0 threads=1
I20260718 14:08:34.908797 0x208442080 bundle_adjustment_ceres.cc:1051] [AETHER] solver_used=DENSE_SCHUR sparse_backend=EIGEN_SPARSE dense_backend=EIGEN mixed=0 threads=1
I20260718 14:08:34.980553 0x208442080 bundle_adjustment_ceres.cc:1051] [AETHER] solver_used=DENSE_SCHUR sparse_backend=EIGEN_SPARSE dense_backend=EIGEN mixed=0 threads=1
I20260718 14:08:35.054483 0x208442080 bundle_adjustment_ceres.cc:1051] [AETHER] solver_used=DENSE_SCHUR sparse_backend=EIGEN_SPARSE dense_backend=EIGEN mixed=0 threads=1
I20260718 14:08:35.109203 0x208442080 bundle_adjustment_ceres.cc:1051] [AETHER] solver_used=DENSE_SCHUR sparse_backend=EIGEN_SPARSE dense_backend=EIGEN mixed=0 threads=1
I20260718 14:08:35.162326 0x208442080 bundle_adjustment_ceres.cc:1051] [AETHER] solver_used=DENSE_SCHUR sparse_backend=EIGEN_SPARSE dense_backend=EIGEN mixed=0 threads=1
I20260718 14:08:35.207046 0x208442080 bundle_adjustment_ceres.cc:1051] [AETHER] solver_used=DENSE_SCHUR sparse_backend=EIGEN_SPARSE dense_backend=EIGEN mixed=0 threads=1
I20260718 14:08:35.251344 0x208442080 bundle_adjustment_ceres.cc:1051] [AETHER] solver_used=DENSE_SCHUR sparse_backend=EIGEN_SPARSE dense_backend=EIGEN mixed=0 threads=1
I20260718 14:08:35.294886 0x208442080 bundle_adjustment_ceres.cc:1051] [AETHER] solver_used=DENSE_SCHUR sparse_backend=EIGEN_SPARSE dense_backend=EIGEN mixed=0 threads=1
I20260718 14:08:35.346959 0x208442080 bundle_adjustment_ceres.cc:1051] [AETHER] solver_used=DENSE_SCHUR sparse_backend=EIGEN_SPARSE dense_backend=EIGEN mixed=0 threads=1
I20260718 14:08:35.402080 0x208442080 bundle_adjustment_ceres.cc:1051] [AETHER] solver_used=DENSE_SCHUR sparse_backend=EIGEN_SPARSE dense_backend=EIGEN mixed=0 threads=1
I20260718 14:08:35.456537 0x208442080 bundle_adjustment_ceres.cc:1051] [AETHER] solver_used=DENSE_SCHUR sparse_backend=EIGEN_SPARSE dense_backend=EIGEN mixed=0 threads=1
I20260718 14:08:35.536018 0x208442080 bundle_adjustment_ceres.cc:1051] [AETHER] solver_used=DENSE_SCHUR sparse_backend=EIGEN_SPARSE dense_backend=EIGEN mixed=0 threads=1
I20260718 14:08:35.611403 0x208442080 bundle_adjustment_ceres.cc:1051] [AETHER] solver_used=DENSE_SCHUR sparse_backend=EIGEN_SPARSE dense_backend=EIGEN mixed=0 threads=1
I20260718 14:08:35.693680 0x208442080 bundle_adjustment_ceres.cc:1051] [AETHER] solver_used=DENSE_SCHUR sparse_backend=EIGEN_SPARSE dense_backend=EIGEN mixed=0 threads=1
I20260718 14:08:35.780008 0x208442080 bundle_adjustment_ceres.cc:1051] [AETHER] solver_used=DENSE_SCHUR sparse_backend=EIGEN_SPARSE dense_backend=EIGEN mixed=0 threads=1
I20260718 14:08:35.874766 0x208442080 bundle_adjustment_ceres.cc:1051] [AETHER] solver_used=DENSE_SCHUR sparse_backend=EIGEN_SPARSE dense_backend=EIGEN mixed=0 threads=1
I20260718 14:08:35.968953 0x208442080 bundle_adjustment_ceres.cc:1051] [AETHER] solver_used=DENSE_SCHUR sparse_backend=EIGEN_SPARSE dense_backend=EIGEN mixed=0 threads=1
W20260718 14:08:36.544738 0x16b0db000 aether_sfm_c.cc:2263] [aether_sfm] exact-site-geometric-conflict image_id=1 site_key=4994613818946793166 gap_m=0.0187558 a_views=2 a_rms_px=0.0257739 a_max_px=0.0270668 a_angle_deg=1.83356 b_views=3 b_rms_px=0.866654 b_max_px=1.09824 b_angle_deg=7.79956 winner=none
W20260718 14:08:36.544807 0x16b0db000 aether_sfm_c.cc:2263] [aether_sfm] exact-site-geometric-conflict image_id=1 site_key=4994733725847352114 gap_m=0.0438759 a_views=2 a_rms_px=1.19803 a_max_px=1.25511 a_angle_deg=2.02499 b_views=3 b_rms_px=1.49213 b_max_px=1.8101 b_angle_deg=7.91763 winner=none
W20260718 14:08:36.544821 0x16b0db000 aether_sfm_c.cc:2263] [aether_sfm] exact-site-geometric-conflict image_id=1 site_key=5001348559599117980 gap_m=0.0166934 a_views=2 a_rms_px=0.638896 a_max_px=0.664895 a_angle_deg=2.10538 b_views=3 b_rms_px=0.716861 b_max_px=0.882907 b_angle_deg=18.5514 winner=b
W20260718 14:08:36.544851 0x16b0db000 aether_sfm_c.cc:2263] [aether_sfm] exact-site-geometric-conflict image_id=1 site_key=4973475725077394092 gap_m=0.0410764 a_views=2 a_rms_px=0.284419 a_max_px=0.285058 a_angle_deg=1.7258 b_views=3 b_rms_px=1.07266 b_max_px=1.19008 b_angle_deg=3.89566 winner=none
W20260718 14:08:36.544864 0x16b0db000 aether_sfm_c.cc:2263] [aether_sfm] exact-site-geometric-conflict image_id=1 site_key=4990874440034616456 gap_m=0.0219658 a_views=2 a_rms_px=1.15772 a_max_px=1.2041 a_angle_deg=1.91262 b_views=2 b_rms_px=1.75358 b_max_px=1.85857 b_angle_deg=4.10961 winner=a
W20260718 14:08:36.544945 0x16b0db000 aether_sfm_c.cc:2263] [aether_sfm] exact-site-geometric-conflict image_id=1 site_key=4992083615058730647 gap_m=0.0161567 a_views=3 a_rms_px=1.44808 a_max_px=1.92027 a_angle_deg=6.02134 b_views=2 b_rms_px=1.73373 b_max_px=1.81177 b_angle_deg=1.80025 winner=a
W20260718 14:08:36.545033 0x16b0db000 aether_sfm_c.cc:2263] [aether_sfm] exact-site-geometric-conflict image_id=1 site_key=4992242971230068999 gap_m=0.0131638 a_views=2 a_rms_px=1.59947 a_max_px=1.67239 a_angle_deg=1.77924 b_views=4 b_rms_px=1.42726 b_max_px=1.99126 b_angle_deg=7.53316 winner=b
W20260718 14:08:36.545047 0x16b0db000 aether_sfm_c.cc:2263] [aether_sfm] exact-site-geometric-conflict image_id=1 site_key=4826880476865557824 gap_m=0.0250583 a_views=2 a_rms_px=1.24874 a_max_px=1.33291 a_angle_deg=1.45748 b_views=4 b_rms_px=1.23 b_max_px=1.28636 b_angle_deg=5.32729 winner=b
W20260718 14:08:36.545088 0x16b0db000 aether_sfm_c.cc:2263] [aether_sfm] exact-site-geometric-conflict image_id=1 site_key=4806060902067234813 gap_m=0.0341105 a_views=2 a_rms_px=0.543826 a_max_px=0.582417 a_angle_deg=1.98555 b_views=4 b_rms_px=1.38359 b_max_px=1.54819 b_angle_deg=7.05717 winner=b
W20260718 14:08:36.545150 0x16b0db000 aether_sfm_c.cc:2263] [aether_sfm] exact-site-geometric-conflict image_id=2 site_key=4997720038083176042 gap_m=0.0171546 a_views=3 a_rms_px=0.716861 a_max_px=0.882907 a_angle_deg=18.5514 b_views=2 b_rms_px=0.638896 b_max_px=0.664895 b_angle_deg=2.10538 winner=a
W20260718 14:08:36.545208 0x16b0db000 aether_sfm_c.cc:2263] [aether_sfm] exact-site-geometric-conflict image_id=2 site_key=5001684395978629828 gap_m=0.013435 a_views=2 a_rms_px=0.877672 a_max_px=0.881034 a_angle_deg=12.8512 b_views=2 b_rms_px=0.540634 b_max_px=0.599079 b_angle_deg=3.45384 winner=b
W20260718 14:08:36.545407 0x16b0db000 aether_sfm_c.cc:2263] [aether_sfm] exact-site-geometric-conflict image_id=3 site_key=4978478167974062175 gap_m=0.0404072 a_views=2 a_rms_px=0.284419 a_max_px=0.285058 a_angle_deg=1.7258 b_views=3 b_rms_px=1.07266 b_max_px=1.19008 b_angle_deg=3.89566 winner=none
W20260718 14:08:36.545425 0x16b0db000 aether_sfm_c.cc:2263] [aether_sfm] exact-site-geometric-conflict image_id=3 site_key=4998298806396722832 gap_m=0.012364 a_views=2 a_rms_px=1.59947 a_max_px=1.67239 a_angle_deg=1.77924 b_views=4 b_rms_px=1.42726 b_max_px=1.99126 b_angle_deg=7.53316 winner=b
W20260718 14:08:36.545437 0x16b0db000 aether_sfm_c.cc:2263] [aether_sfm] exact-site-geometric-conflict image_id=3 site_key=5000833511410686015 gap_m=0.0175888 a_views=3 a_rms_px=0.866654 a_max_px=1.09824 a_angle_deg=7.79956 b_views=2 b_rms_px=0.0257739 b_max_px=0.0270668 b_angle_deg=1.83356 winner=none
W20260718 14:08:36.545484 0x16b0db000 aether_sfm_c.cc:2263] [aether_sfm] exact-site-geometric-conflict image_id=3 site_key=4887465848181231376 gap_m=0.0296109 a_views=2 a_rms_px=0.0729601 a_max_px=0.0741592 a_angle_deg=2.95907 b_views=3 b_rms_px=1.07712 b_max_px=1.31381 b_angle_deg=3.67255 winner=none
W20260718 14:08:36.545499 0x16b0db000 aether_sfm_c.cc:2263] [aether_sfm] exact-site-geometric-conflict image_id=3 site_key=4881198760753665658 gap_m=0.0172383 a_views=3 a_rms_px=1.38098 a_max_px=1.78222 a_angle_deg=3.72674 b_views=2 b_rms_px=0.458309 b_max_px=0.475085 b_angle_deg=3.70736 winner=none
W20260718 14:08:36.545509 0x16b0db000 aether_sfm_c.cc:2263] [aether_sfm] exact-site-geometric-conflict image_id=3 site_key=5000994113126477563 gap_m=0.0412027 a_views=3 a_rms_px=1.49213 a_max_px=1.8101 a_angle_deg=7.91763 b_views=2 b_rms_px=1.19803 b_max_px=1.25511 b_angle_deg=2.02499 winner=none
W20260718 14:08:36.545536 0x16b0db000 aether_sfm_c.cc:2263] [aether_sfm] exact-site-geometric-conflict image_id=3 site_key=4998127574640816588 gap_m=0.0152344 a_views=3 a_rms_px=1.44808 a_max_px=1.92027 a_angle_deg=6.02134 b_views=2 b_rms_px=1.73373 b_max_px=1.81177 b_angle_deg=1.80025 winner=a
W20260718 14:08:36.545572 0x16b0db000 aether_sfm_c.cc:2263] [aether_sfm] exact-site-geometric-conflict image_id=3 site_key=4901613148329224113 gap_m=0.0365112 a_views=2 a_rms_px=0.543826 a_max_px=0.582417 a_angle_deg=1.98555 b_views=4 b_rms_px=1.38359 b_max_px=1.54819 b_angle_deg=7.05717 winner=b
W20260718 14:08:36.545602 0x16b0db000 aether_sfm_c.cc:2263] [aether_sfm] exact-site-geometric-conflict image_id=3 site_key=4903497436385046649 gap_m=0.0268545 a_views=4 a_rms_px=1.23 a_max_px=1.28636 a_angle_deg=5.32729 b_views=2 b_rms_px=1.24874 b_max_px=1.33291 b_angle_deg=1.45748 winner=a
W20260718 14:08:36.545687 0x16b0db000 aether_sfm_c.cc:2263] [aether_sfm] exact-site-geometric-conflict image_id=4 site_key=5000977182364972373 gap_m=0.0346901 a_views=3 a_rms_px=1.16136 a_max_px=1.38527 a_angle_deg=5.84701 b_views=2 b_rms_px=0.0114917 b_max_px=0.011564 b_angle_deg=1.52777 winner=none
W20260718 14:08:36.545696 0x16b0db000 aether_sfm_c.cc:2263] [aether_sfm] exact-site-geometric-conflict image_id=4 site_key=4998860656845789770 gap_m=0.0134222 a_views=2 a_rms_px=0.230674 a_max_px=0.233816 a_angle_deg=1.53815 b_views=3 b_rms_px=0.794488 b_max_px=0.978373 b_angle_deg=5.56678 winner=none
W20260718 14:08:36.545701 0x16b0db000 aether_sfm_c.cc:2263] [aether_sfm] exact-site-geometric-conflict image_id=4 site_key=4998860656845789770 gap_m=0.0134222 a_views=3 a_rms_px=0.794488 a_max_px=0.978373 a_angle_deg=5.56678 b_views=2 b_rms_px=0.230674 b_max_px=0.233816 b_angle_deg=1.53815 winner=none
W20260718 14:08:36.545714 0x16b0db000 aether_sfm_c.cc:2263] [aether_sfm] exact-site-geometric-conflict image_id=4 site_key=4998296341092417837 gap_m=0.0299366 a_views=3 a_rms_px=0.802459 a_max_px=0.919096 a_angle_deg=7.34292 b_views=2 b_rms_px=0.200943 b_max_px=0.203579 b_angle_deg=1.512 winner=none
W20260718 14:08:36.545726 0x16b0db000 aether_sfm_c.cc:2263] [aether_sfm] exact-site-geometric-conflict image_id=4 site_key=4904644403108186090 gap_m=0.0584029 a_views=2 a_rms_px=1.16857 a_max_px=1.19344 a_angle_deg=1.11686 b_views=4 b_rms_px=1.25888 b_max_px=1.69862 b_angle_deg=5.46124 winner=b
W20260718 14:08:36.545741 0x16b0db000 aether_sfm_c.cc:2263] [aether_sfm] exact-site-geometric-conflict image_id=4 site_key=4993548924754354466 gap_m=0.0518894 a_views=2 a_rms_px=1.13057 a_max_px=1.1345 a_angle_deg=1.73729 b_views=2 b_rms_px=0.871758 b_max_px=0.876702 b_angle_deg=7.51216 winner=b
W20260718 14:08:36.545748 0x16b0db000 aether_sfm_c.cc:2263] [aether_sfm] exact-site-geometric-conflict image_id=4 site_key=4993300100117278212 gap_m=0.0465758 a_views=2 a_rms_px=0.166286 a_max_px=0.167256 a_angle_deg=1.7808 b_views=3 b_rms_px=1.53664 b_max_px=1.81941 b_angle_deg=9.17435 winner=none
W20260718 14:08:36.545782 0x16b0db000 aether_sfm_c.cc:2263] [aether_sfm] exact-site-geometric-conflict image_id=4 site_key=4884694383095745329 gap_m=0.0295583 a_views=2 a_rms_px=0.0729601 a_max_px=0.0741592 a_angle_deg=2.95907 b_views=3 b_rms_px=1.07712 b_max_px=1.31381 b_angle_deg=3.67255 winner=none
W20260718 14:08:36.545801 0x16b0db000 aether_sfm_c.cc:2263] [aether_sfm] exact-site-geometric-conflict image_id=4 site_key=5000718844376597320 gap_m=0.0359847 a_views=4 a_rms_px=1.42726 a_max_px=1.99126 a_angle_deg=7.53316 b_views=2 b_rms_px=0.258294 b_max_px=0.259699 b_angle_deg=1.51249 winner=a
W20260718 14:08:36.545808 0x16b0db000 aether_sfm_c.cc:2263] [aether_sfm] exact-site-geometric-conflict image_id=4 site_key=4888623419174753058 gap_m=0.0353887 a_views=2 a_rms_px=0.823259 a_max_px=0.853535 a_angle_deg=1.46913 b_views=3 b_rms_px=0.947361 b_max_px=1.24546 b_angle_deg=7.11891 winner=b
W20260718 14:08:36.545813 0x16b0db000 aether_sfm_c.cc:2263] [aether_sfm] exact-site-geometric-conflict image_id=4 site_key=4888623419174753058 gap_m=0.0353887 a_views=2 a_rms_px=0.823259 a_max_px=0.853535 a_angle_deg=1.46913 b_views=3 b_rms_px=0.947361 b_max_px=1.24546 b_angle_deg=7.11891 winner=b
W20260718 14:08:36.545819 0x16b0db000 aether_sfm_c.cc:2263] [aether_sfm] exact-site-geometric-conflict image_id=4 site_key=4888085762283377362 gap_m=0.0461433 a_views=2 a_rms_px=0.324272 a_max_px=0.336401 a_angle_deg=1.44323 b_views=2 b_rms_px=1.03886 b_max_px=1.06921 b_angle_deg=5.61541 winner=a
W20260718 14:08:36.545825 0x16b0db000 aether_sfm_c.cc:2263] [aether_sfm] exact-site-geometric-conflict image_id=4 site_key=4882602291637601302 gap_m=0.0378336 a_views=2 a_rms_px=0.574749 a_max_px=0.596319 a_angle_deg=1.46379 b_views=3 b_rms_px=0.908113 b_max_px=1.18415 b_angle_deg=7.0903 winner=none
W20260718 14:08:36.545832 0x16b0db000 aether_sfm_c.cc:2263] [aether_sfm] exact-site-geometric-conflict image_id=4 site_key=4882201133102966443 gap_m=0.0306107 a_views=2 a_rms_px=0.387264 a_max_px=0.401325 a_angle_deg=1.51522 b_views=3 b_rms_px=0.809762 b_max_px=0.993404 b_angle_deg=7.29284 winner=none
W20260718 14:08:36.545856 0x16b0db000 aether_sfm_c.cc:2263] [aether_sfm] exact-site-geometric-conflict image_id=4 site_key=4998843859225985800 gap_m=0.0407107 a_views=2 a_rms_px=0.736255 a_max_px=0.74296 a_angle_deg=1.50764 b_views=2 b_rms_px=0.701367 b_max_px=0.719861 b_angle_deg=5.91097 winner=b
W20260718 14:08:36.545886 0x16b0db000 aether_sfm_c.cc:2263] [aether_sfm] exact-site-geometric-conflict image_id=4 site_key=4882352732563527532 gap_m=0.0411895 a_views=3 a_rms_px=0.970512 a_max_px=1.24353 a_angle_deg=7.27544 b_views=2 b_rms_px=0.463915 b_max_px=0.48079 b_angle_deg=1.50135 winner=none
W20260718 14:08:36.545911 0x16b0db000 aether_sfm_c.cc:2263] [aether_sfm] exact-site-geometric-conflict image_id=4 site_key=4883443345018559854 gap_m=0.0364114 a_views=2 a_rms_px=0.236831 a_max_px=0.245622 a_angle_deg=1.47628 b_views=3 b_rms_px=0.787206 b_max_px=1.00153 b_angle_deg=7.1436 winner=none
W20260718 14:08:36.545921 0x16b0db000 aether_sfm_c.cc:2263] [aether_sfm] exact-site-geometric-conflict image_id=4 site_key=4908862812611643394 gap_m=0.0681029 a_views=2 a_rms_px=0.652314 a_max_px=0.666115 a_angle_deg=1.13655 b_views=3 b_rms_px=1.03723 b_max_px=1.18135 b_angle_deg=5.59758 winner=none
W20260718 14:08:36.545974 0x16b0db000 aether_sfm_c.cc:2263] [aether_sfm] exact-site-geometric-conflict image_id=4 site_key=4900364214787686269 gap_m=0.0499474 a_views=2 a_rms_px=0.622632 a_max_px=0.645941 a_angle_deg=1.33495 b_views=3 b_rms_px=1.05617 b_max_px=1.35637 b_angle_deg=6.5898 winner=none
W20260718 14:08:36.545981 0x16b0db000 aether_sfm_c.cc:2263] [aether_sfm] exact-site-geometric-conflict image_id=4 site_key=4903721775413365738 gap_m=0.0784225 a_views=3 a_rms_px=1.0386 a_max_px=1.37835 a_angle_deg=4.18311 b_views=2 b_rms_px=0.765629 b_max_px=0.782358 b_angle_deg=1.12891 winner=none
W20260718 14:08:36.545987 0x16b0db000 aether_sfm_c.cc:2263] [aether_sfm] exact-site-geometric-conflict image_id=4 site_key=4978840976757899273 gap_m=0.0133105 a_views=2 a_rms_px=1.59335 a_max_px=1.66464 a_angle_deg=3.3939 b_views=3 b_rms_px=1.70809 b_max_px=1.91714 b_angle_deg=3.40965 winner=b
W20260718 14:08:36.546005 0x16b0db000 aether_sfm_c.cc:2263] [aether_sfm] exact-site-geometric-conflict image_id=4 site_key=4909946497284928163 gap_m=0.0605638 a_views=3 a_rms_px=1.32637 a_max_px=1.53746 a_angle_deg=4.12804 b_views=2 b_rms_px=0.875032 b_max_px=0.893211 b_angle_deg=1.11745 winner=none
W20260718 14:08:36.546027 0x16b0db000 aether_sfm_c.cc:2263] [aether_sfm] exact-site-geometric-conflict image_id=5 site_key=4901140882319190189 gap_m=0.0603282 a_views=3 a_rms_px=1.32637 a_max_px=1.53746 a_angle_deg=4.12804 b_views=2 b_rms_px=0.875032 b_max_px=0.893211 b_angle_deg=1.11745 winner=none
W20260718 14:08:36.546064 0x16b0db000 aether_sfm_c.cc:2263] [aether_sfm] exact-site-geometric-conflict image_id=5 site_key=4980419007870561328 gap_m=0.0214144 a_views=2 a_rms_px=1.3555 a_max_px=1.36195 a_angle_deg=1.12328 b_views=2 b_rms_px=0.585405 b_max_px=0.588167 b_angle_deg=1.11419 winner=b
W20260718 14:08:36.546070 0x16b0db000 aether_sfm_c.cc:2263] [aether_sfm] exact-site-geometric-conflict image_id=5 site_key=4980419007870561328 gap_m=0.0214144 a_views=2 a_rms_px=1.3555 a_max_px=1.36195 a_angle_deg=1.12328 b_views=2 b_rms_px=0.585405 b_max_px=0.588167 b_angle_deg=1.11419 winner=b
W20260718 14:08:36.546096 0x16b0db000 aether_sfm_c.cc:2263] [aether_sfm] exact-site-geometric-conflict image_id=5 site_key=4995988152652523181 gap_m=0.0311778 a_views=2 a_rms_px=0.200943 a_max_px=0.203579 a_angle_deg=1.512 b_views=3 b_rms_px=0.802459 b_max_px=0.919096 b_angle_deg=7.34292 winner=none
W20260718 14:08:36.546102 0x16b0db000 aether_sfm_c.cc:2263] [aether_sfm] exact-site-geometric-conflict image_id=5 site_key=4996514689873561675 gap_m=0.0140073 a_views=2 a_rms_px=0.230674 a_max_px=0.233816 a_angle_deg=1.53815 b_views=3 b_rms_px=0.794488 b_max_px=0.978373 b_angle_deg=5.56678 winner=none
W20260718 14:08:36.546108 0x16b0db000 aether_sfm_c.cc:2263] [aether_sfm] exact-site-geometric-conflict image_id=5 site_key=4996514689873561675 gap_m=0.0140073 a_views=2 a_rms_px=0.230674 a_max_px=0.233816 a_angle_deg=1.53815 b_views=3 b_rms_px=0.794488 b_max_px=0.978373 b_angle_deg=5.56678 winner=none
W20260718 14:08:36.546118 0x16b0db000 aether_sfm_c.cc:2263] [aether_sfm] exact-site-geometric-conflict image_id=5 site_key=4992278615159638350 gap_m=0.0472147 a_views=2 a_rms_px=0.166286 a_max_px=0.167256 a_angle_deg=1.7808 b_views=3 b_rms_px=1.53664 b_max_px=1.81941 b_angle_deg=9.17435 winner=none
W20260718 14:08:36.546142 0x16b0db000 aether_sfm_c.cc:2263] [aether_sfm] exact-site-geometric-conflict image_id=5 site_key=4999157911527387984 gap_m=0.0357894 a_views=3 a_rms_px=1.16136 a_max_px=1.38527 a_angle_deg=5.84701 b_views=2 b_rms_px=0.0114917 b_max_px=0.011564 b_angle_deg=1.52777 winner=none
W20260718 14:08:36.546166 0x16b0db000 aether_sfm_c.cc:2263] [aether_sfm] exact-site-geometric-conflict image_id=5 site_key=4891335845645069031 gap_m=0.0581734 a_views=2 a_rms_px=1.16857 a_max_px=1.19344 a_angle_deg=1.11686 b_views=4 b_rms_px=1.25888 b_max_px=1.69862 b_angle_deg=5.46124 winner=b
W20260718 14:08:36.546216 0x16b0db000 aether_sfm_c.cc:2263] [aether_sfm] exact-site-geometric-conflict image_id=5 site_key=4857282097922854075 gap_m=0.0300416 a_views=2 a_rms_px=0.387264 a_max_px=0.401325 a_angle_deg=1.51522 b_views=3 b_rms_px=0.809762 b_max_px=0.993404 b_angle_deg=7.29284 winner=none
W20260718 14:08:36.546223 0x16b0db000 aether_sfm_c.cc:2263] [aether_sfm] exact-site-geometric-conflict image_id=5 site_key=4856473411419729759 gap_m=0.0169774 a_views=2 a_rms_px=0.458309 a_max_px=0.475085 a_angle_deg=3.70736 b_views=3 b_rms_px=1.38098 b_max_px=1.78222 b_angle_deg=3.72674 winner=none
W20260718 14:08:36.546250 0x16b0db000 aether_sfm_c.cc:2263] [aether_sfm] exact-site-geometric-conflict image_id=5 site_key=4900024830772370516 gap_m=0.0677991 a_views=2 a_rms_px=0.652314 a_max_px=0.666115 a_angle_deg=1.13655 b_views=3 b_rms_px=1.03723 b_max_px=1.18135 b_angle_deg=5.59758 winner=none
W20260718 14:08:36.546260 0x16b0db000 aether_sfm_c.cc:2263] [aether_sfm] exact-site-geometric-conflict image_id=5 site_key=4857577673277103401 gap_m=0.0404097 a_views=3 a_rms_px=0.970512 a_max_px=1.24353 a_angle_deg=7.27544 b_views=2 b_rms_px=0.463915 b_max_px=0.48079 b_angle_deg=1.50135 winner=none
W20260718 14:08:36.546271 0x16b0db000 aether_sfm_c.cc:2263] [aether_sfm] exact-site-geometric-conflict image_id=5 site_key=4857751473423008722 gap_m=0.0370448 a_views=2 a_rms_px=0.574749 a_max_px=0.596319 a_angle_deg=1.46379 b_views=3 b_rms_px=0.908113 b_max_px=1.18415 b_angle_deg=7.0903 winner=none
W20260718 14:08:36.546279 0x16b0db000 aether_sfm_c.cc:2263] [aether_sfm] exact-site-geometric-conflict image_id=5 site_key=4867182942432143977 gap_m=0.0346686 a_views=2 a_rms_px=0.823259 a_max_px=0.853535 a_angle_deg=1.46913 b_views=3 b_rms_px=0.947361 b_max_px=1.24546 b_angle_deg=7.11891 winner=b
W20260718 14:08:36.546285 0x16b0db000 aether_sfm_c.cc:2263] [aether_sfm] exact-site-geometric-conflict image_id=5 site_key=4867182942432143977 gap_m=0.0346686 a_views=2 a_rms_px=0.823259 a_max_px=0.853535 a_angle_deg=1.46913 b_views=3 b_rms_px=0.947361 b_max_px=1.24546 b_angle_deg=7.11891 winner=b
W20260718 14:08:36.546298 0x16b0db000 aether_sfm_c.cc:2263] [aether_sfm] exact-site-geometric-conflict image_id=5 site_key=4859792622270860278 gap_m=0.0356708 a_views=2 a_rms_px=0.236831 a_max_px=0.245622 a_angle_deg=1.47628 b_views=3 b_rms_px=0.787206 b_max_px=1.00153 b_angle_deg=7.1436 winner=none
W20260718 14:08:36.546355 0x16b0db000 aether_sfm_c.cc:2263] [aether_sfm] exact-site-geometric-conflict image_id=5 site_key=4889465099624694748 gap_m=0.0780824 a_views=3 a_rms_px=1.0386 a_max_px=1.37835 a_angle_deg=4.18311 b_views=2 b_rms_px=0.765629 b_max_px=0.782358 b_angle_deg=1.12891 winner=none
W20260718 14:08:36.546363 0x16b0db000 aether_sfm_c.cc:2263] [aether_sfm] exact-site-geometric-conflict image_id=5 site_key=4880122875733101648 gap_m=0.048776 a_views=3 a_rms_px=1.05617 a_max_px=1.35637 a_angle_deg=6.5898 b_views=2 b_rms_px=0.622632 b_max_px=0.645941 b_angle_deg=1.33495 winner=none
W20260718 14:08:36.546387 0x16b0db000 aether_sfm_c.cc:2263] [aether_sfm] exact-site-geometric-conflict image_id=5 site_key=4998960373096058050 gap_m=0.037062 a_views=4 a_rms_px=1.42726 a_max_px=1.99126 a_angle_deg=7.53316 b_views=2 b_rms_px=0.258294 b_max_px=0.259699 b_angle_deg=1.51249 winner=a
W20260718 14:08:36.546407 0x16b0db000 aether_sfm_c.cc:2263] [aether_sfm] exact-site-geometric-conflict image_id=6 site_key=4989737613730828284 gap_m=0.0252228 a_views=3 a_rms_px=1.53093 a_max_px=1.93073 a_angle_deg=8.05086 b_views=2 b_rms_px=0.708701 b_max_px=0.717095 b_angle_deg=2.66505 winner=none
W20260718 14:08:36.546430 0x16b0db000 aether_sfm_c.cc:2263] [aether_sfm] exact-site-geometric-conflict image_id=6 site_key=4993249187578386573 gap_m=0.0259698 a_views=3 a_rms_px=1.47073 a_max_px=1.937 a_angle_deg=8.73906 b_views=2 b_rms_px=0.346652 b_max_px=0.347773 b_angle_deg=2.8978 winner=none
W20260718 14:08:36.546450 0x16b0db000 aether_sfm_c.cc:2263] [aether_sfm] exact-site-geometric-conflict image_id=6 site_key=4996660422408207642 gap_m=0.0142892 a_views=3 a_rms_px=1.28577 a_max_px=1.57242 a_angle_deg=18.287 b_views=2 b_rms_px=0.332488 b_max_px=0.34391 b_angle_deg=3.62394 winner=none
W20260718 14:08:36.546477 0x16b0db000 aether_sfm_c.cc:2263] [aether_sfm] exact-site-geometric-conflict image_id=6 site_key=4998698788118736320 gap_m=0.013521 a_views=3 a_rms_px=1.50819 a_max_px=1.93707 a_angle_deg=15.1679 b_views=2 b_rms_px=0.309036 b_max_px=0.321029 b_angle_deg=3.64379 winner=none
W20260718 14:08:36.546482 0x16b0db000 aether_sfm_c.cc:2263] [aether_sfm] exact-site-geometric-conflict image_id=6 site_key=4998698788118736320 gap_m=0.0125979 a_views=2 a_rms_px=0.309036 a_max_px=0.321029 a_angle_deg=3.64379 b_views=3 b_rms_px=1.21398 b_max_px=1.4726 b_angle_deg=18.587 winner=none
W20260718 14:08:36.546497 0x16b0db000 aether_sfm_c.cc:2263] [aether_sfm] exact-site-geometric-conflict image_id=6 site_key=4986560643602161559 gap_m=0.0267665 a_views=3 a_rms_px=0.988412 a_max_px=1.257 a_angle_deg=7.50149 b_views=2 b_rms_px=0.506678 b_max_px=0.513565 b_angle_deg=2.45673 winner=none
W20260718 14:08:36.546516 0x16b0db000 aether_sfm_c.cc:2263] [aether_sfm] exact-site-geometric-conflict image_id=6 site_key=4999338514907676709 gap_m=0.0189237 a_views=3 a_rms_px=1.17979 a_max_px=1.64536 a_angle_deg=12.1837 b_views=2 b_rms_px=0.0683356 b_max_px=0.0710409 b_angle_deg=3.65763 winner=none
W20260718 14:08:36.546523 0x16b0db000 aether_sfm_c.cc:2263] [aether_sfm] exact-site-geometric-conflict image_id=6 site_key=4997794160631609817 gap_m=0.0137529 a_views=2 a_rms_px=0.885963 a_max_px=0.906168 a_angle_deg=8.91815 b_views=2 b_rms_px=0.0855428 b_max_px=0.0874899 b_angle_deg=15.0438 winner=b
W20260718 14:08:36.546544 0x16b0db000 aether_sfm_c.cc:2263] [aether_sfm] exact-site-geometric-conflict image_id=6 site_key=4984253236846907647 gap_m=0.0256705 a_views=2 a_rms_px=0.0399423 a_max_px=0.0405127 a_angle_deg=2.29262 b_views=3 b_rms_px=1.318 b_max_px=1.70457 b_angle_deg=7.07315 winner=none
W20260718 14:08:36.546554 0x16b0db000 aether_sfm_c.cc:2263] [aether_sfm] exact-site-geometric-conflict image_id=6 site_key=4982522008539745509 gap_m=0.0473015 a_views=3 a_rms_px=1.39953 a_max_px=1.98849 a_angle_deg=7.52993 b_views=2 b_rms_px=0.00220675 b_max_px=0.00222253 b_angle_deg=2.51865 winner=none
W20260718 14:08:36.546578 0x16b0db000 aether_sfm_c.cc:2263] [aether_sfm] exact-site-geometric-conflict image_id=6 site_key=4994344949699230425 gap_m=0.0152843 a_views=3 a_rms_px=1.13666 a_max_px=1.38102 a_angle_deg=5.71192 b_views=2 b_rms_px=0.458141 b_max_px=0.458981 b_angle_deg=2.92563 winner=none
W20260718 14:08:36.546587 0x16b0db000 aether_sfm_c.cc:2263] [aether_sfm] exact-site-geometric-conflict image_id=6 site_key=4983704447398983028 gap_m=0.0127551 a_views=3 a_rms_px=1.41614 a_max_px=1.84087 a_angle_deg=4.62595 b_views=2 b_rms_px=0.488655 b_max_px=0.494135 b_angle_deg=2.32032 winner=none
W20260718 14:08:36.546628 0x16b0db000 aether_sfm_c.cc:2263] [aether_sfm] exact-site-geometric-conflict image_id=6 site_key=4992115947578247173 gap_m=0.023149 a_views=3 a_rms_px=1.5177 a_max_px=1.71576 a_angle_deg=11.1158 b_views=2 b_rms_px=0.862772 b_max_px=0.8905 b_angle_deg=3.34608 winner=none
W20260718 14:08:36.546655 0x16b0db000 aether_sfm_c.cc:2263] [aether_sfm] exact-site-geometric-conflict image_id=6 site_key=4997503382753454814 gap_m=0.0137304 a_views=2 a_rms_px=1.25213 a_max_px=1.29435 a_angle_deg=3.69 b_views=3 b_rms_px=1.28391 b_max_px=1.76482 b_angle_deg=16.3894 winner=b
W20260718 14:08:36.546689 0x16b0db000 aether_sfm_c.cc:2263] [aether_sfm] exact-site-geometric-conflict image_id=6 site_key=4993076375278152074 gap_m=0.0142986 a_views=4 a_rms_px=1.45456 a_max_px=1.68319 a_angle_deg=11.5186 b_views=3 b_rms_px=0.84566 b_max_px=0.904097 b_angle_deg=5.48462 winner=none
W20260718 14:08:36.546726 0x16b0db000 aether_sfm_c.cc:2263] [aether_sfm] exact-site-geometric-conflict image_id=6 site_key=4997781825479815116 gap_m=0.0134851 a_views=2 a_rms_px=1.23563 a_max_px=1.27137 a_angle_deg=3.69708 b_views=2 b_rms_px=1.85994 b_max_px=1.9286 b_angle_deg=6.4877 winner=a
W20260718 14:08:36.546758 0x16b0db000 aether_sfm_c.cc:2263] [aether_sfm] exact-site-geometric-conflict image_id=6 site_key=4971243153838542063 gap_m=0.0726174 a_views=3 a_rms_px=1.42212 a_max_px=1.7477 a_angle_deg=3.33668 b_views=2 b_rms_px=0.00728585 b_max_px=0.00737894 b_angle_deg=1.54433 winner=none
W20260718 14:08:36.546785 0x16b0db000 aether_sfm_c.cc:2263] [aether_sfm] exact-site-geometric-conflict image_id=6 site_key=4980149498666503656 gap_m=0.0226913 a_views=4 a_rms_px=0.926619 a_max_px=1.17315 a_angle_deg=7.152 b_views=2 b_rms_px=1.64941 b_max_px=1.67956 b_angle_deg=7.1484 winner=a
W20260718 14:08:36.546841 0x16b0db000 aether_sfm_c.cc:2263] [aether_sfm] exact-site-geometric-conflict image_id=7 site_key=4992792593904857278 gap_m=0.0148328 a_views=3 a_rms_px=1.28577 a_max_px=1.57242 a_angle_deg=18.287 b_views=2 b_rms_px=0.332488 b_max_px=0.34391 b_angle_deg=3.62394 winner=none
W20260718 14:08:36.546920 0x16b0db000 aether_sfm_c.cc:2263] [aether_sfm] exact-site-geometric-conflict image_id=7 site_key=4978627443870700060 gap_m=0.0156101 a_views=2 a_rms_px=1.3398 a_max_px=1.36898 a_angle_deg=2.67384 b_views=2 b_rms_px=1.67038 b_max_px=1.70558 b_angle_deg=6.26806 winner=a
W20260718 14:08:36.546935 0x16b0db000 aether_sfm_c.cc:2263] [aether_sfm] exact-site-geometric-conflict image_id=7 site_key=4988520961167174316 gap_m=0.0240552 a_views=2 a_rms_px=0.862772 a_max_px=0.8905 a_angle_deg=3.34608 b_views=3 b_rms_px=1.5177 b_max_px=1.71576 b_angle_deg=11.1158 winner=none
W20260718 14:08:36.546968 0x16b0db000 aether_sfm_c.cc:2263] [aether_sfm] exact-site-geometric-conflict image_id=7 site_key=4989510594644799347 gap_m=0.0148043 a_views=3 a_rms_px=0.84566 a_max_px=0.904097 a_angle_deg=5.48462 b_views=4 b_rms_px=1.45456 b_max_px=1.68319 b_angle_deg=11.5186 winner=none
W20260718 14:08:36.547025 0x16b0db000 aether_sfm_c.cc:2263] [aether_sfm] exact-site-geometric-conflict image_id=7 site_key=4983912152016642097 gap_m=0.0872296 a_views=2 a_rms_px=1.95717 a_max_px=1.99718 a_angle_deg=3.16162 b_views=2 b_rms_px=1.53004 b_max_px=1.60859 b_angle_deg=4.12232 winner=b
W20260718 14:08:36.547034 0x16b0db000 aether_sfm_c.cc:2263] [aether_sfm] exact-site-geometric-conflict image_id=7 site_key=4995149994081170516 gap_m=0.0198078 a_views=3 a_rms_px=1.17979 a_max_px=1.64536 a_angle_deg=12.1837 b_views=2 b_rms_px=0.0683356 b_max_px=0.0710409 b_angle_deg=3.65763 winner=none
W20260718 14:08:36.547062 0x16b0db000 aether_sfm_c.cc:2263] [aether_sfm] exact-site-geometric-conflict image_id=7 site_key=4932866152170054716 gap_m=0.0388302 a_views=2 a_rms_px=1.13566 a_max_px=1.13782 a_angle_deg=8.6546 b_views=2 b_rms_px=0.0582588 b_max_px=0.060137 b_angle_deg=4.02798 winner=b
W20260718 14:08:36.547073 0x16b0db000 aether_sfm_c.cc:2263] [aether_sfm] exact-site-geometric-conflict image_id=7 site_key=4994565753974752426 gap_m=0.0131541 a_views=2 a_rms_px=0.309036 a_max_px=0.321029 a_angle_deg=3.64379 b_views=3 b_rms_px=1.21398 b_max_px=1.4726 b_angle_deg=18.587 winner=none
W20260718 14:08:36.547088 0x16b0db000 aether_sfm_c.cc:2263] [aether_sfm] exact-site-geometric-conflict image_id=7 site_key=4993601366310490466 gap_m=0.0142422 a_views=2 a_rms_px=1.25213 a_max_px=1.29435 a_angle_deg=3.69 b_views=3 b_rms_px=1.28391 b_max_px=1.76482 b_angle_deg=16.3894 winner=b
W20260718 14:08:36.547241 0x16b0db000 aether_sfm_c.cc:2263] [aether_sfm] exact-site-geometric-conflict image_id=8 site_key=4992895015989519011 gap_m=0.0226116 a_views=2 a_rms_px=0.220051 a_max_px=0.244036 a_angle_deg=3.4859 b_views=2 b_rms_px=1.57584 b_max_px=1.73969 b_angle_deg=10.3925 winner=a
W20260718 14:08:36.547397 0x16b0db000 aether_sfm_c.cc:2263] [aether_sfm] exact-site-geometric-conflict image_id=9 site_key=4960505653998264489 gap_m=0.0136717 a_views=2 a_rms_px=1.59335 a_max_px=1.66464 a_angle_deg=3.3939 b_views=3 b_rms_px=1.70809 b_max_px=1.91714 b_angle_deg=3.40965 winner=b
W20260718 14:08:36.547691 0x16b0db000 aether_sfm_c.cc:2263] [aether_sfm] exact-site-geometric-conflict image_id=10 site_key=4991853318910438039 gap_m=0.0131856 a_views=2 a_rms_px=0.507943 a_max_px=0.556929 a_angle_deg=6.58898 b_views=2 b_rms_px=0.820129 b_max_px=0.876027 b_angle_deg=11.3839 winner=a
W20260718 14:08:36.547872 0x16b0db000 aether_sfm_c.cc:2263] [aether_sfm] exact-site-geometric-conflict image_id=11 site_key=4997740404815039324 gap_m=0.0132932 a_views=2 a_rms_px=0.993613 a_max_px=1.10716 a_angle_deg=12.3416 b_views=2 b_rms_px=0.832566 b_max_px=0.918565 b_angle_deg=7.19782 winner=none
W20260718 14:08:36.547878 0x16b0db000 aether_sfm_c.cc:2263] [aether_sfm] exact-site-geometric-conflict image_id=11 site_key=4997740404815039324 gap_m=0.0132932 a_views=2 a_rms_px=0.993613 a_max_px=1.10716 a_angle_deg=12.3416 b_views=2 b_rms_px=0.832566 b_max_px=0.918565 b_angle_deg=7.19782 winner=none
W20260718 14:08:36.548219 0x16b0db000 aether_sfm_c.cc:2263] [aether_sfm] exact-site-geometric-conflict image_id=13 site_key=4975201322685025489 gap_m=0.0289292 a_views=2 a_rms_px=0.275927 a_max_px=0.276635 a_angle_deg=4.52786 b_views=2 b_rms_px=0.844906 b_max_px=0.847831 b_angle_deg=5.72881 winner=a
W20260718 14:08:36.548351 0x16b0db000 aether_sfm_c.cc:2263] [aether_sfm] exact-site-geometric-conflict image_id=14 site_key=4970182498774355438 gap_m=0.0123055 a_views=2 a_rms_px=0.647893 a_max_px=0.662164 a_angle_deg=5.68177 b_views=4 b_rms_px=1.11824 b_max_px=1.50262 b_angle_deg=15.5783 winner=b
W20260718 14:08:36.548501 0x16b0db000 aether_sfm_c.cc:2263] [aether_sfm] exact-site-geometric-conflict image_id=15 site_key=4973249075362745721 gap_m=0.0122756 a_views=4 a_rms_px=1.11824 a_max_px=1.50262 a_angle_deg=15.5783 b_views=2 b_rms_px=0.647893 b_max_px=0.662164 b_angle_deg=5.68177 winner=a
W20260718 14:08:36.548531 0x16b0db000 aether_sfm_c.cc:2263] [aether_sfm] exact-site-geometric-conflict image_id=15 site_key=4975549352468260481 gap_m=0.022468 a_views=2 a_rms_px=0.377508 a_max_px=0.386672 a_angle_deg=5.38463 b_views=2 b_rms_px=1.05628 b_max_px=1.09655 b_angle_deg=9.04892 winner=a
W20260718 14:08:36.548692 0x16b0db000 aether_sfm_c.cc:2263] [aether_sfm] exact-site-geometric-conflict image_id=16 site_key=4984668156457751612 gap_m=0.0136158 a_views=2 a_rms_px=0.241219 a_max_px=0.244985 a_angle_deg=3.66452 b_views=2 b_rms_px=0.542037 b_max_px=0.549598 b_angle_deg=6.9464 winner=a
W20260718 14:08:36.549084 0x16b0db000 aether_sfm_c.cc:2263] [aether_sfm] exact-site-geometric-conflict image_id=18 site_key=4991541212230109290 gap_m=0.026808 a_views=2 a_rms_px=0.346652 a_max_px=0.347773 a_angle_deg=2.8978 b_views=3 b_rms_px=1.47073 b_max_px=1.937 b_angle_deg=8.73906 winner=none
W20260718 14:08:36.549107 0x16b0db000 aether_sfm_c.cc:2263] [aether_sfm] exact-site-geometric-conflict image_id=18 site_key=4988567342514340462 gap_m=0.0514097 a_views=2 a_rms_px=1.04932 a_max_px=1.06376 a_angle_deg=7.8865 b_views=2 b_rms_px=0.634262 b_max_px=0.636778 b_angle_deg=2.75604 winner=b
W20260718 14:08:36.549126 0x16b0db000 aether_sfm_c.cc:2263] [aether_sfm] exact-site-geometric-conflict image_id=18 site_key=4991803819416764876 gap_m=0.0179095 a_views=2 a_rms_px=0.22679 a_max_px=0.229024 a_angle_deg=6.133 b_views=4 b_rms_px=0.397265 b_max_px=0.548365 b_angle_deg=12.1929 winner=b
W20260718 14:08:36.549152 0x16b0db000 aether_sfm_c.cc:2263] [aether_sfm] exact-site-geometric-conflict image_id=18 site_key=4992678772972707374 gap_m=0.0158709 a_views=2 a_rms_px=0.458141 a_max_px=0.458981 a_angle_deg=2.92563 b_views=3 b_rms_px=1.13666 b_max_px=1.38102 b_angle_deg=5.71192 winner=none
W20260718 14:08:36.549187 0x16b0db000 aether_sfm_c.cc:2263] [aether_sfm] exact-site-geometric-conflict image_id=18 site_key=4980761900878138369 gap_m=0.0481352 a_views=3 a_rms_px=1.39953 a_max_px=1.98849 a_angle_deg=7.52993 b_views=2 b_rms_px=0.00220675 b_max_px=0.00222253 b_angle_deg=2.51865 winner=none
W20260718 14:08:36.549216 0x16b0db000 aether_sfm_c.cc:2263] [aether_sfm] exact-site-geometric-conflict image_id=18 site_key=5000849948258406238 gap_m=0.0152875 a_views=2 a_rms_px=0.0964888 a_max_px=0.0976902 a_angle_deg=6.66856 b_views=2 b_rms_px=1.5149 b_max_px=1.69057 b_angle_deg=12.602 winner=a
W20260718 14:08:36.549254 0x16b0db000 aether_sfm_c.cc:2263] [aether_sfm] exact-site-geometric-conflict image_id=18 site_key=4981819553759385363 gap_m=0.0259032 a_views=2 a_rms_px=0.0399423 a_max_px=0.0405127 a_angle_deg=2.29262 b_views=3 b_rms_px=1.318 b_max_px=1.70457 b_angle_deg=7.07315 winner=none
W20260718 14:08:36.549269 0x16b0db000 aether_sfm_c.cc:2263] [aether_sfm] exact-site-geometric-conflict image_id=18 site_key=4995750761217563334 gap_m=0.0202892 a_views=2 a_rms_px=0.484386 a_max_px=0.493142 a_angle_deg=6.39242 b_views=2 b_rms_px=0.41176 b_max_px=0.413107 b_angle_deg=3.01559 winner=none
W20260718 14:08:36.549286 0x16b0db000 aether_sfm_c.cc:2263] [aether_sfm] exact-site-geometric-conflict image_id=18 site_key=4991007858900257408 gap_m=0.0145986 a_views=4 a_rms_px=1.45456 a_max_px=1.68319 a_angle_deg=11.5186 b_views=3 b_rms_px=0.84566 b_max_px=0.904097 b_angle_deg=5.48462 winner=none
W20260718 14:08:36.549296 0x16b0db000 aether_sfm_c.cc:2263] [aether_sfm] exact-site-geometric-conflict image_id=18 site_key=4991811082205014300 gap_m=0.0139603 a_views=2 a_rms_px=1.6419 a_max_px=1.73304 a_angle_deg=7.9813 b_views=2 b_rms_px=1.51521 b_max_px=1.54634 b_angle_deg=5.68064 winner=none
W20260718 14:08:36.549313 0x16b0db000 aether_sfm_c.cc:2263] [aether_sfm] exact-site-geometric-conflict image_id=18 site_key=4981465639862534557 gap_m=0.0128899 a_views=2 a_rms_px=0.488655 a_max_px=0.494135 a_angle_deg=2.32032 b_views=3 b_rms_px=1.41614 b_max_px=1.84087 b_angle_deg=4.62595 winner=none
W20260718 14:08:36.549408 0x16b0db000 aether_sfm_c.cc:2263] [aether_sfm] exact-site-geometric-conflict image_id=18 site_key=4984247829484338407 gap_m=0.0271089 a_views=3 a_rms_px=0.988412 a_max_px=1.257 a_angle_deg=7.50149 b_views=2 b_rms_px=0.506678 b_max_px=0.513565 b_angle_deg=2.45673 winner=none
W20260718 14:08:36.549448 0x16b0db000 aether_sfm_c.cc:2263] [aether_sfm] exact-site-geometric-conflict image_id=18 site_key=4987595138016024289 gap_m=0.0256623 a_views=3 a_rms_px=1.53093 a_max_px=1.93073 a_angle_deg=8.05086 b_views=2 b_rms_px=0.708701 b_max_px=0.717095 b_angle_deg=2.66505 winner=none
W20260718 14:08:36.549505 0x16b0db000 aether_sfm_c.cc:2263] [aether_sfm] exact-site-geometric-conflict image_id=18 site_key=4966127285149113670 gap_m=0.0723776 a_views=2 a_rms_px=0.00728585 a_max_px=0.00737894 a_angle_deg=1.54433 b_views=3 b_rms_px=1.42212 b_max_px=1.7477 b_angle_deg=3.33668 winner=none
W20260718 14:08:36.549861 0x16b0db000 aether_sfm_c.cc:2263] [aether_sfm] exact-site-geometric-conflict image_id=20 site_key=4988409296308566795 gap_m=0.0659329 a_views=3 a_rms_px=1.72532 a_max_px=1.90682 a_angle_deg=4.73792 b_views=2 b_rms_px=1.1955 b_max_px=1.21335 b_angle_deg=2.87523 winner=none
W20260718 14:08:36.550055 0x16b0db000 aether_sfm_c.cc:2263] [aether_sfm] exact-site-geometric-conflict image_id=21 site_key=4988267016925549067 gap_m=0.0677613 a_views=2 a_rms_px=1.1955 a_max_px=1.21335 a_angle_deg=2.87523 b_views=3 b_rms_px=1.72532 b_max_px=1.90682 b_angle_deg=4.73792 winner=none
W20260718 14:08:36.550134 0x16b0db000 aether_sfm_c.cc:2263] [aether_sfm] exact-site-geometric-conflict image_id=21 site_key=4985720771338458914 gap_m=0.0555824 a_views=3 a_rms_px=1.46091 a_max_px=1.56918 a_angle_deg=2.84053 b_views=2 b_rms_px=1.04326 b_max_px=1.05625 b_angle_deg=1.84897 winner=none
W20260718 14:08:36.550147 0x16b0db000 aether_sfm_c.cc:2263] [aether_sfm] exact-site-geometric-conflict image_id=21 site_key=4998360641047719183 gap_m=0.0735666 a_views=2 a_rms_px=0.702584 a_max_px=0.721611 a_angle_deg=2.21037 b_views=2 b_rms_px=0.707494 b_max_px=0.732545 b_angle_deg=3.6173 winner=b
W20260718 14:08:36.550168 0x16b0db000 aether_sfm_c.cc:2263] [aether_sfm] exact-site-geometric-conflict image_id=21 site_key=5002152427149033195 gap_m=0.087183 a_views=2 a_rms_px=0.14425 a_max_px=0.149342 a_angle_deg=2.24883 b_views=2 b_rms_px=0.454302 b_max_px=0.461589 b_angle_deg=3.87067 winner=a
W20260718 14:08:36.550183 0x16b0db000 aether_sfm_c.cc:2263] [aether_sfm] exact-site-geometric-conflict image_id=21 site_key=5002152427149033195 gap_m=0.087183 a_views=2 a_rms_px=0.454302 a_max_px=0.461589 a_angle_deg=3.87067 b_views=2 b_rms_px=0.14425 b_max_px=0.149342 b_angle_deg=2.24883 winner=b
W20260718 14:08:36.550205 0x16b0db000 aether_sfm_c.cc:2263] [aether_sfm] exact-site-geometric-conflict image_id=21 site_key=5002412156711560729 gap_m=0.0271623 a_views=2 a_rms_px=0.460067 a_max_px=0.474765 a_angle_deg=2.2482 b_views=3 b_rms_px=1.01758 b_max_px=1.26055 b_angle_deg=3.49339 winner=none
W20260718 14:08:36.550241 0x16b0db000 aether_sfm_c.cc:2263] [aether_sfm] exact-site-geometric-conflict image_id=21 site_key=4988753232998114324 gap_m=0.0378672 a_views=2 a_rms_px=0.70935 a_max_px=0.720529 a_angle_deg=1.87675 b_views=3 b_rms_px=1.13733 b_max_px=1.41468 b_angle_deg=4.02331 winner=none
W20260718 14:08:36.550254 0x16b0db000 aether_sfm_c.cc:2263] [aether_sfm] exact-site-geometric-conflict image_id=21 site_key=4976854395465686496 gap_m=0.0124349 a_views=4 a_rms_px=0.890918 a_max_px=1.25614 a_angle_deg=4.45875 b_views=2 b_rms_px=0.817264 b_max_px=0.818591 b_angle_deg=4.47254 winner=a
W20260718 14:08:36.550296 0x16b0db000 aether_sfm_c.cc:2263] [aether_sfm] exact-site-geometric-conflict image_id=21 site_key=4995126096880532387 gap_m=0.0225878 a_views=2 a_rms_px=0.497609 a_max_px=0.509484 a_angle_deg=2.12089 b_views=3 b_rms_px=0.857394 b_max_px=1.13163 b_angle_deg=3.22831 winner=none
W20260718 14:08:36.550380 0x16b0db000 aether_sfm_c.cc:2263] [aether_sfm] exact-site-geometric-conflict image_id=21 site_key=4997455837462945252 gap_m=0.0302293 a_views=4 a_rms_px=1.42032 a_max_px=1.71055 a_angle_deg=5.55692 b_views=3 b_rms_px=1.17233 b_max_px=1.41779 b_angle_deg=3.30996 winner=a
W20260718 14:08:36.550426 0x16b0db000 aether_sfm_c.cc:2263] [aether_sfm] exact-site-geometric-conflict image_id=22 site_key=4991799816508919102 gap_m=0.0235934 a_views=2 a_rms_px=0.497609 a_max_px=0.509484 a_angle_deg=2.12089 b_views=3 b_rms_px=0.857394 b_max_px=1.13163 b_angle_deg=3.22831 winner=none
W20260718 14:08:36.550467 0x16b0db000 aether_sfm_c.cc:2263] [aether_sfm] exact-site-geometric-conflict image_id=22 site_key=4998772266417889546 gap_m=0.02876 a_views=2 a_rms_px=0.460067 a_max_px=0.474765 a_angle_deg=2.2482 b_views=3 b_rms_px=1.01758 b_max_px=1.26055 b_angle_deg=3.49339 winner=none
W20260718 14:08:36.550509 0x16b0db000 aether_sfm_c.cc:2263] [aether_sfm] exact-site-geometric-conflict image_id=22 site_key=4985464022489187645 gap_m=0.0389065 a_views=2 a_rms_px=0.70935 a_max_px=0.720529 a_angle_deg=1.87675 b_views=3 b_rms_px=1.13733 b_max_px=1.41468 b_angle_deg=4.02331 winner=none
W20260718 14:08:36.550515 0x16b0db000 aether_sfm_c.cc:2263] [aether_sfm] exact-site-geometric-conflict image_id=22 site_key=4982524070130141503 gap_m=0.0568129 a_views=3 a_rms_px=1.46091 a_max_px=1.56918 a_angle_deg=2.84053 b_views=2 b_rms_px=1.04326 b_max_px=1.05625 b_angle_deg=1.84897 winner=none
W20260718 14:08:36.550526 0x16b0db000 aether_sfm_c.cc:2263] [aether_sfm] exact-site-geometric-conflict image_id=22 site_key=4949139091758384752 gap_m=0.0605807 a_views=3 a_rms_px=1.45859 a_max_px=1.55392 a_angle_deg=6.48042 b_views=2 b_rms_px=0.810361 b_max_px=0.818701 b_angle_deg=2.09439 winner=none
W20260718 14:08:36.550556 0x16b0db000 aether_sfm_c.cc:2263] [aether_sfm] exact-site-geometric-conflict image_id=22 site_key=4997247875150176207 gap_m=0.0437423 a_views=2 a_rms_px=0.0593305 a_max_px=0.0597609 a_angle_deg=1.6228 b_views=3 b_rms_px=1.27879 b_max_px=1.5859 b_angle_deg=5.82013 winner=none
W20260718 14:08:36.550561 0x16b0db000 aether_sfm_c.cc:2263] [aether_sfm] exact-site-geometric-conflict image_id=22 site_key=4997247875150176207 gap_m=0.0333783 a_views=2 a_rms_px=0.0593305 a_max_px=0.0597609 a_angle_deg=1.6228 b_views=3 b_rms_px=1.24087 b_max_px=1.66457 b_angle_deg=3.44835 winner=none
W20260718 14:08:36.550569 0x16b0db000 aether_sfm_c.cc:2263] [aether_sfm] exact-site-geometric-conflict image_id=22 site_key=4991648672313103157 gap_m=0.0166565 a_views=4 a_rms_px=1.27869 a_max_px=1.90289 a_angle_deg=5.18164 b_views=3 b_rms_px=1.16537 b_max_px=1.45925 b_angle_deg=4.33526 winner=a
W20260718 14:08:36.550593 0x16b0db000 aether_sfm_c.cc:2263] [aether_sfm] exact-site-geometric-conflict image_id=22 site_key=4999135277053349934 gap_m=0.0325943 a_views=2 a_rms_px=0.165994 a_max_px=0.166958 a_angle_deg=1.67571 b_views=2 b_rms_px=0.885258 b_max_px=0.913907 b_angle_deg=2.24446 winner=a
W20260718 14:08:36.550603 0x16b0db000 aether_sfm_c.cc:2263] [aether_sfm] exact-site-geometric-conflict image_id=22 site_key=4994518917352569695 gap_m=0.0920823 a_views=3 a_rms_px=1.73454 a_max_px=1.96891 a_angle_deg=4.65378 b_views=2 b_rms_px=0.270365 b_max_px=0.271272 b_angle_deg=1.50077 winner=none
W20260718 14:08:36.550619 0x16b0db000 aether_sfm_c.cc:2263] [aether_sfm] exact-site-geometric-conflict image_id=22 site_key=4998806252489240823 gap_m=0.0224631 a_views=2 a_rms_px=0.00242903 a_max_px=0.00251523 a_angle_deg=2.24446 b_views=2 b_rms_px=1.30007 b_max_px=1.30497 b_angle_deg=1.56339 winner=a
W20260718 14:08:36.550632 0x16b0db000 aether_sfm_c.cc:2263] [aether_sfm] exact-site-geometric-conflict image_id=22 site_key=4995865372423511767 gap_m=0.0804722 a_views=2 a_rms_px=0.387884 a_max_px=0.392126 a_angle_deg=1.59386 b_views=2 b_rms_px=1.17954 b_max_px=1.21265 b_angle_deg=2.21402 winner=a
W20260718 14:08:36.550642 0x16b0db000 aether_sfm_c.cc:2263] [aether_sfm] exact-site-geometric-conflict image_id=22 site_key=4991260437335931921 gap_m=0.07567 a_views=2 a_rms_px=0.468344 a_max_px=0.472482 a_angle_deg=1.44921 b_views=2 b_rms_px=1.2751 b_max_px=1.30457 b_angle_deg=2.11409 winner=a
W20260718 14:08:36.550650 0x16b0db000 aether_sfm_c.cc:2263] [aether_sfm] exact-site-geometric-conflict image_id=22 site_key=4990814782939346000 gap_m=0.0442039 a_views=3 a_rms_px=1.30946 a_max_px=1.75897 a_angle_deg=3.18678 b_views=2 b_rms_px=0.965431 b_max_px=0.974213 b_angle_deg=1.43795 winner=none
W20260718 14:08:36.550675 0x16b0db000 aether_sfm_c.cc:2263] [aether_sfm] exact-site-geometric-conflict image_id=22 site_key=4999596844299404141 gap_m=0.0226846 a_views=2 a_rms_px=1.15525 a_max_px=1.15985 a_angle_deg=1.58872 b_views=2 b_rms_px=0.332912 b_max_px=0.344979 b_angle_deg=2.25956 winner=b
W20260718 14:08:36.550686 0x16b0db000 aether_sfm_c.cc:2263] [aether_sfm] exact-site-geometric-conflict image_id=22 site_key=4986835736254749576 gap_m=0.0533736 a_views=2 a_rms_px=0.236495 a_max_px=0.241289 a_angle_deg=1.94657 b_views=2 b_rms_px=1.10768 b_max_px=1.11159 b_angle_deg=1.29212 winner=a
W20260718 14:08:36.550724 0x16b0db000 aether_sfm_c.cc:2263] [aether_sfm] exact-site-geometric-conflict image_id=22 site_key=4973584155828069476 gap_m=0.0466568 a_views=4 a_rms_px=0.574136 a_max_px=0.877534 a_angle_deg=6.14966 b_views=2 b_rms_px=0.709615 b_max_px=0.711984 b_angle_deg=1.33281 winner=a
W20260718 14:08:36.550729 0x16b0db000 aether_sfm_c.cc:2263] [aether_sfm] exact-site-geometric-conflict image_id=22 site_key=4973584155828069476 gap_m=0.0466568 a_views=4 a_rms_px=0.574136 a_max_px=0.877534 a_angle_deg=6.14966 b_views=2 b_rms_px=0.709615 b_max_px=0.711984 b_angle_deg=1.33281 winner=a
W20260718 14:08:36.550765 0x16b0db000 aether_sfm_c.cc:2263] [aether_sfm] exact-site-geometric-conflict image_id=22 site_key=4994157860925943368 gap_m=0.0318215 a_views=3 a_rms_px=1.17233 a_max_px=1.41779 a_angle_deg=3.30996 b_views=4 b_rms_px=1.42032 b_max_px=1.71055 b_angle_deg=5.55692 winner=b
W20260718 14:08:36.550800 0x16b0db000 aether_sfm_c.cc:2263] [aether_sfm] exact-site-geometric-conflict image_id=23 site_key=4991918069842510451 gap_m=0.0166296 a_views=4 a_rms_px=1.27869 a_max_px=1.90289 a_angle_deg=5.18164 b_views=3 b_rms_px=1.16537 b_max_px=1.45925 b_angle_deg=4.33526 winner=a
W20260718 14:08:36.550811 0x16b0db000 aether_sfm_c.cc:2263] [aether_sfm] exact-site-geometric-conflict image_id=23 site_key=4999475971039449420 gap_m=0.0227224 a_views=3 a_rms_px=0.96623 a_max_px=1.25339 a_angle_deg=6.02139 b_views=2 b_rms_px=0.524076 b_max_px=0.52854 b_angle_deg=3.34403 winner=none
W20260718 14:08:36.550886 0x16b0db000 aether_sfm_c.cc:2263] [aether_sfm] exact-site-geometric-conflict image_id=23 site_key=4949055911129560966 gap_m=0.0607201 a_views=2 a_rms_px=0.810361 a_max_px=0.818701 a_angle_deg=2.09439 b_views=3 b_rms_px=1.45859 b_max_px=1.55392 b_angle_deg=6.48042 winner=none
W20260718 14:08:36.550931 0x16b0db000 aether_sfm_c.cc:2263] [aether_sfm] exact-site-geometric-conflict image_id=23 site_key=4999530341030983192 gap_m=0.0294545 a_views=2 a_rms_px=0.551048 a_max_px=0.555985 a_angle_deg=3.26223 b_views=3 b_rms_px=1.01758 b_max_px=1.26055 b_angle_deg=3.49339 winner=none
W20260718 14:08:36.550943 0x16b0db000 aether_sfm_c.cc:2263] [aether_sfm] exact-site-geometric-conflict image_id=23 site_key=4991397472563259021 gap_m=0.0436023 a_views=3 a_rms_px=1.30946 a_max_px=1.75897 a_angle_deg=3.18678 b_views=2 b_rms_px=0.965431 b_max_px=0.974213 b_angle_deg=1.43795 winner=none
W20260718 14:08:36.551002 0x16b0db000 aether_sfm_c.cc:2263] [aether_sfm] exact-site-geometric-conflict image_id=23 site_key=4997968201295771555 gap_m=0.0329769 a_views=3 a_rms_px=1.24087 a_max_px=1.66457 a_angle_deg=3.44835 b_views=2 b_rms_px=0.0593305 b_max_px=0.0597609 b_angle_deg=1.6228 winner=none
W20260718 14:08:36.551014 0x16b0db000 aether_sfm_c.cc:2263] [aether_sfm] exact-site-geometric-conflict image_id=23 site_key=4973506816353253394 gap_m=0.0462732 a_views=2 a_rms_px=0.709615 a_max_px=0.711984 a_angle_deg=1.33281 b_views=4 b_rms_px=0.574136 b_max_px=0.877534 b_angle_deg=6.14966 winner=b
W20260718 14:08:36.551020 0x16b0db000 aether_sfm_c.cc:2263] [aether_sfm] exact-site-geometric-conflict image_id=23 site_key=4973506816353253394 gap_m=0.0462732 a_views=2 a_rms_px=0.709615 a_max_px=0.711984 a_angle_deg=1.33281 b_views=4 b_rms_px=0.574136 b_max_px=0.877534 b_angle_deg=6.14966 winner=b
W20260718 14:08:36.551026 0x16b0db000 aether_sfm_c.cc:2263] [aether_sfm] exact-site-geometric-conflict image_id=23 site_key=4994736182568815160 gap_m=0.0917185 a_views=3 a_rms_px=1.73454 a_max_px=1.96891 a_angle_deg=4.65378 b_views=2 b_rms_px=0.270365 b_max_px=0.271272 b_angle_deg=1.50077 winner=none
W20260718 14:08:36.551039 0x16b0db000 aether_sfm_c.cc:2263] [aether_sfm] exact-site-geometric-conflict image_id=23 site_key=4994336634648491858 gap_m=0.0350473 a_views=2 a_rms_px=0.891247 a_max_px=0.899438 a_angle_deg=2.93876 b_views=3 b_rms_px=1.59468 b_max_px=1.88994 b_angle_deg=4.32273 winner=none
W20260718 14:08:36.551059 0x16b0db000 aether_sfm_c.cc:2263] [aether_sfm] exact-site-geometric-conflict image_id=23 site_key=4994245443899664262 gap_m=0.0317517 a_views=4 a_rms_px=1.42032 a_max_px=1.71055 a_angle_deg=5.55692 b_views=3 b_rms_px=1.17233 b_max_px=1.41779 b_angle_deg=3.30996 winner=a
W20260718 14:08:36.551084 0x16b0db000 aether_sfm_c.cc:2263] [aether_sfm] exact-site-geometric-conflict image_id=24 site_key=4990549959549103398 gap_m=0.0167042 a_views=4 a_rms_px=1.27869 a_max_px=1.90289 a_angle_deg=5.18164 b_views=3 b_rms_px=1.16537 b_max_px=1.45925 b_angle_deg=4.33526 winner=a
W20260718 14:08:36.551162 0x16b0db000 aether_sfm_c.cc:2263] [aether_sfm] exact-site-geometric-conflict image_id=24 site_key=4998363166486609443 gap_m=0.0228761 a_views=2 a_rms_px=0.524076 a_max_px=0.52854 a_angle_deg=3.34403 b_views=3 b_rms_px=0.96623 b_max_px=1.25339 b_angle_deg=6.02139 winner=none
W20260718 14:08:36.551180 0x16b0db000 aether_sfm_c.cc:2263] [aether_sfm] exact-site-geometric-conflict image_id=24 site_key=4972421503886341352 gap_m=0.0124768 a_views=4 a_rms_px=0.890918 a_max_px=1.25614 a_angle_deg=4.45875 b_views=2 b_rms_px=0.817264 b_max_px=0.818591 b_angle_deg=4.47254 winner=a
W20260718 14:08:36.551192 0x16b0db000 aether_sfm_c.cc:2263] [aether_sfm] exact-site-geometric-conflict image_id=24 site_key=4993242384354707352 gap_m=0.0351437 a_views=2 a_rms_px=0.891247 a_max_px=0.899438 a_angle_deg=2.93876 b_views=3 b_rms_px=1.59468 b_max_px=1.88994 b_angle_deg=4.32273 winner=none
W20260718 14:08:36.551208 0x16b0db000 aether_sfm_c.cc:2263] [aether_sfm] exact-site-geometric-conflict image_id=24 site_key=4992467409043724665 gap_m=0.05768 a_views=2 a_rms_px=0.789688 a_max_px=0.795635 a_angle_deg=3.19621 b_views=2 b_rms_px=0.61645 b_max_px=0.619564 b_angle_deg=4.50662 winner=none
W20260718 14:08:36.551553 0x16b0db000 aether_sfm_c.cc:2263] [aether_sfm] exact-site-geometric-conflict image_id=26 site_key=4987161449376918764 gap_m=0.0578232 a_views=2 a_rms_px=0.516619 a_max_px=0.572065 a_angle_deg=6.77691 b_views=3 b_rms_px=1.51447 b_max_px=1.97095 b_angle_deg=13.299 winner=none
W20260718 14:08:36.551763 0x16b0db000 aether_sfm_c.cc:2263] [aether_sfm] exact-site-geometric-conflict image_id=27 site_key=4913072520506695436 gap_m=0.0167616 a_views=3 a_rms_px=1.61277 a_max_px=1.91463 a_angle_deg=19.0491 b_views=2 b_rms_px=0.447831 b_max_px=0.453827 b_angle_deg=2.56973 winner=none
W20260718 14:08:36.551794 0x16b0db000 aether_sfm_c.cc:2263] [aether_sfm] exact-site-geometric-conflict image_id=27 site_key=4952905675007276634 gap_m=0.0204331 a_views=3 a_rms_px=0.4907 a_max_px=0.559128 a_angle_deg=3.20977 b_views=2 b_rms_px=0.402061 b_max_px=0.403213 b_angle_deg=1.91326 winner=a
W20260718 14:08:36.551818 0x16b0db000 aether_sfm_c.cc:2263] [aether_sfm] exact-site-geometric-conflict image_id=27 site_key=4944514807853670006 gap_m=0.0147031 a_views=2 a_rms_px=0.42525 a_max_px=0.425734 a_angle_deg=2.31916 b_views=3 b_rms_px=1.26673 b_max_px=1.71359 b_angle_deg=3.96933 winner=none
W20260718 14:08:36.551849 0x16b0db000 aether_sfm_c.cc:2263] [aether_sfm] exact-site-geometric-conflict image_id=27 site_key=4919696566966411072 gap_m=0.0345316 a_views=2 a_rms_px=0.653838 a_max_px=0.658875 a_angle_deg=2.7822 b_views=3 b_rms_px=1.48667 b_max_px=1.8698 b_angle_deg=4.94263 winner=none
W20260718 14:08:36.551857 0x16b0db000 aether_sfm_c.cc:2263] [aether_sfm] exact-site-geometric-conflict image_id=27 site_key=4903793668871010303 gap_m=0.0657061 a_views=3 a_rms_px=0.971423 a_max_px=1.34979 a_angle_deg=7.00461 b_views=2 b_rms_px=0.203484 b_max_px=0.205034 b_angle_deg=1.7798 winner=none
W20260718 14:08:36.551879 0x16b0db000 aether_sfm_c.cc:2263] [aether_sfm] exact-site-geometric-conflict image_id=27 site_key=4961291916479638428 gap_m=0.0187426 a_views=2 a_rms_px=0.213321 a_max_px=0.214433 a_angle_deg=2.04513 b_views=3 b_rms_px=0.583242 b_max_px=0.701124 b_angle_deg=3.41977 winner=none
W20260718 14:08:36.551884 0x16b0db000 aether_sfm_c.cc:2263] [aether_sfm] exact-site-geometric-conflict image_id=27 site_key=4961291916479638428 gap_m=0.0187426 a_views=2 a_rms_px=0.213321 a_max_px=0.214433 a_angle_deg=2.04513 b_views=3 b_rms_px=0.583242 b_max_px=0.701124 b_angle_deg=3.41977 winner=none
W20260718 14:08:36.551893 0x16b0db000 aether_sfm_c.cc:2263] [aether_sfm] exact-site-geometric-conflict image_id=27 site_key=5000063436662400214 gap_m=0.0165218 a_views=2 a_rms_px=0.675802 a_max_px=0.696113 a_angle_deg=2.33019 b_views=3 b_rms_px=1.025 b_max_px=1.44399 b_angle_deg=4.25677 winner=none
W20260718 14:08:36.551898 0x16b0db000 aether_sfm_c.cc:2263] [aether_sfm] exact-site-geometric-conflict image_id=27 site_key=5000063436662400214 gap_m=0.0165218 a_views=2 a_rms_px=0.675802 a_max_px=0.696113 a_angle_deg=2.33019 b_views=3 b_rms_px=1.025 b_max_px=1.44399 b_angle_deg=4.25677 winner=none
W20260718 14:08:36.551973 0x16b0db000 aether_sfm_c.cc:2263] [aether_sfm] exact-site-geometric-conflict image_id=28 site_key=4935996968575298727 gap_m=0.0715389 a_views=2 a_rms_px=1.07579 a_max_px=1.14291 a_angle_deg=3.72683 b_views=2 b_rms_px=0.853052 b_max_px=0.863514 b_angle_deg=4.02436 winner=b
W20260718 14:08:36.551987 0x16b0db000 aether_sfm_c.cc:2263] [aether_sfm] exact-site-geometric-conflict image_id=28 site_key=4911840380295158016 gap_m=0.0658835 a_views=3 a_rms_px=0.971423 a_max_px=1.34979 a_angle_deg=7.00461 b_views=2 b_rms_px=0.203484 b_max_px=0.205034 b_angle_deg=1.7798 winner=none
W20260718 14:08:36.551999 0x16b0db000 aether_sfm_c.cc:2263] [aether_sfm] exact-site-geometric-conflict image_id=28 site_key=4920257128915026614 gap_m=0.0170587 a_views=3 a_rms_px=1.61277 a_max_px=1.91463 a_angle_deg=19.0491 b_views=2 b_rms_px=0.447831 b_max_px=0.453827 b_angle_deg=2.56973 winner=none
W20260718 14:08:36.552006 0x16b0db000 aether_sfm_c.cc:2263] [aether_sfm] exact-site-geometric-conflict image_id=28 site_key=4934349354698806710 gap_m=0.0677531 a_views=2 a_rms_px=1.86528 a_max_px=1.88622 a_angle_deg=3.66896 b_views=2 b_rms_px=0.307461 b_max_px=0.325073 b_angle_deg=3.25519 winner=b
W20260718 14:08:36.552051 0x16b0db000 aether_sfm_c.cc:2263] [aether_sfm] exact-site-geometric-conflict image_id=28 site_key=4936566270783484715 gap_m=0.0538813 a_views=2 a_rms_px=0.777342 a_max_px=0.787458 a_angle_deg=4.22883 b_views=2 b_rms_px=0.105409 b_max_px=0.112268 b_angle_deg=3.95631 winner=b
W20260718 14:08:36.552069 0x16b0db000 aether_sfm_c.cc:2263] [aether_sfm] exact-site-geometric-conflict image_id=28 site_key=4936982204015533002 gap_m=0.0925699 a_views=2 a_rms_px=1.56333 a_max_px=1.62681 a_angle_deg=2.08144 b_views=2 b_rms_px=0.468376 b_max_px=0.471006 b_angle_deg=2.69433 winner=b
W20260718 14:08:36.552098 0x16b0db000 aether_sfm_c.cc:2263] [aether_sfm] exact-site-geometric-conflict image_id=28 site_key=4956703826256846803 gap_m=0.0202509 a_views=3 a_rms_px=0.4907 a_max_px=0.559128 a_angle_deg=3.20977 b_views=2 b_rms_px=0.402061 b_max_px=0.403213 b_angle_deg=1.91326 winner=a
W20260718 14:08:36.552111 0x16b0db000 aether_sfm_c.cc:2263] [aether_sfm] exact-site-geometric-conflict image_id=28 site_key=4959224478137120775 gap_m=0.0245037 a_views=3 a_rms_px=0.400444 a_max_px=0.482604 a_angle_deg=3.82748 b_views=2 b_rms_px=0.0145551 b_max_px=0.0148289 b_angle_deg=1.59393 winner=none
W20260718 14:08:36.552119 0x16b0db000 aether_sfm_c.cc:2263] [aether_sfm] exact-site-geometric-conflict image_id=28 site_key=4937043759485650231 gap_m=0.0367612 a_views=2 a_rms_px=1.48177 a_max_px=1.54658 a_angle_deg=2.30061 b_views=3 b_rms_px=1.60367 b_max_px=1.96816 b_angle_deg=5.19294 winner=b
W20260718 14:08:36.552136 0x16b0db000 aether_sfm_c.cc:2263] [aether_sfm] exact-site-geometric-conflict image_id=28 site_key=5001379040976862419 gap_m=0.0254108 a_views=2 a_rms_px=1.76565 a_max_px=1.83497 a_angle_deg=2.13704 b_views=3 b_rms_px=1.52806 b_max_px=1.91655 b_angle_deg=4.34667 winner=b
W20260718 14:08:36.552144 0x16b0db000 aether_sfm_c.cc:2263] [aether_sfm] exact-site-geometric-conflict image_id=28 site_key=4948152065333251348 gap_m=0.0146317 a_views=3 a_rms_px=1.26673 a_max_px=1.71359 a_angle_deg=3.96933 b_views=2 b_rms_px=0.42525 b_max_px=0.425734 b_angle_deg=2.31916 winner=none
W20260718 14:08:36.552154 0x16b0db000 aether_sfm_c.cc:2263] [aether_sfm] exact-site-geometric-conflict image_id=28 site_key=4959925189167323112 gap_m=0.0508256 a_views=2 a_rms_px=1.4941 a_max_px=1.51762 a_angle_deg=1.3976 b_views=3 b_rms_px=1.3762 b_max_px=1.80397 b_angle_deg=3.39039 winner=b
W20260718 14:08:36.552196 0x16b0db000 aether_sfm_c.cc:2263] [aether_sfm] exact-site-geometric-conflict image_id=28 site_key=4927071850447708961 gap_m=0.0347004 a_views=2 a_rms_px=0.653838 a_max_px=0.658875 a_angle_deg=2.7822 b_views=3 b_rms_px=1.48667 b_max_px=1.8698 b_angle_deg=4.94263 winner=none
W20260718 14:08:36.552203 0x16b0db000 aether_sfm_c.cc:2263] [aether_sfm] exact-site-geometric-conflict image_id=28 site_key=4946254381276889376 gap_m=0.019563 a_views=2 a_rms_px=1.01124 a_max_px=1.0453 a_angle_deg=1.97127 b_views=3 b_rms_px=1.02909 b_max_px=1.39521 b_angle_deg=4.68436 winner=b
W20260718 14:08:36.552211 0x16b0db000 aether_sfm_c.cc:2263] [aether_sfm] exact-site-geometric-conflict image_id=28 site_key=5002872332388703821 gap_m=0.0159821 a_views=3 a_rms_px=1.025 a_max_px=1.44399 a_angle_deg=4.25677 b_views=2 b_rms_px=0.675802 b_max_px=0.696113 b_angle_deg=2.33019 winner=none
W20260718 14:08:36.552217 0x16b0db000 aether_sfm_c.cc:2263] [aether_sfm] exact-site-geometric-conflict image_id=28 site_key=5002872332388703821 gap_m=0.0159821 a_views=2 a_rms_px=0.675802 a_max_px=0.696113 a_angle_deg=2.33019 b_views=3 b_rms_px=1.025 b_max_px=1.44399 b_angle_deg=4.25677 winner=none
W20260718 14:08:36.552231 0x16b0db000 aether_sfm_c.cc:2263] [aether_sfm] exact-site-geometric-conflict image_id=28 site_key=4965036990523256674 gap_m=0.0185563 a_views=2 a_rms_px=0.213321 a_max_px=0.214433 a_angle_deg=2.04513 b_views=3 b_rms_px=0.583242 b_max_px=0.701124 b_angle_deg=3.41977 winner=none
W20260718 14:08:36.552236 0x16b0db000 aether_sfm_c.cc:2263] [aether_sfm] exact-site-geometric-conflict image_id=28 site_key=4965036990523256674 gap_m=0.0185563 a_views=2 a_rms_px=0.213321 a_max_px=0.214433 a_angle_deg=2.04513 b_views=3 b_rms_px=0.583242 b_max_px=0.701124 b_angle_deg=3.41977 winner=none
W20260718 14:08:36.552251 0x16b0db000 aether_sfm_c.cc:2263] [aether_sfm] exact-site-geometric-conflict image_id=28 site_key=4946047153389620503 gap_m=0.0698512 a_views=2 a_rms_px=1.79202 a_max_px=1.89355 a_angle_deg=3.8336 b_views=2 b_rms_px=0.721467 b_max_px=0.729288 b_angle_deg=4.0064 winner=b
W20260718 14:08:36.552268 0x16b0db000 aether_sfm_c.cc:2263] [aether_sfm] exact-site-geometric-conflict image_id=28 site_key=4998820151009602695 gap_m=0.0518771 a_views=3 a_rms_px=1.21197 a_max_px=1.34375 a_angle_deg=3.34963 b_views=2 b_rms_px=0.447311 b_max_px=0.473563 b_angle_deg=1.49805 winner=none
W20260718 14:08:36.552305 0x16b0db000 aether_sfm_c.cc:2263] [aether_sfm] exact-site-geometric-conflict image_id=29 site_key=4994090571675056588 gap_m=0.0557838 a_views=2 a_rms_px=0.447311 a_max_px=0.473563 a_angle_deg=1.49805 b_views=3 b_rms_px=1.21197 b_max_px=1.34375 b_angle_deg=3.34963 winner=none
W20260718 14:08:36.552360 0x16b0db000 aether_sfm_c.cc:2263] [aether_sfm] exact-site-geometric-conflict image_id=29 site_key=4951630224336421396 gap_m=0.0244783 a_views=3 a_rms_px=0.400444 a_max_px=0.482604 a_angle_deg=3.82748 b_views=2 b_rms_px=0.0145551 b_max_px=0.0148289 b_angle_deg=1.59393 winner=none
W20260718 14:08:36.552405 0x16b0db000 aether_sfm_c.cc:2263] [aether_sfm] exact-site-geometric-conflict image_id=29 site_key=4996849774619673112 gap_m=0.0267258 a_views=2 a_rms_px=1.76565 a_max_px=1.83497 a_angle_deg=2.13704 b_views=3 b_rms_px=1.52806 b_max_px=1.91655 b_angle_deg=4.34667 winner=b
W20260718 14:08:36.552418 0x16b0db000 aether_sfm_c.cc:2263] [aether_sfm] exact-site-geometric-conflict image_id=29 site_key=4918720990912072660 gap_m=0.0357448 a_views=2 a_rms_px=1.48177 a_max_px=1.54658 a_angle_deg=2.30061 b_views=3 b_rms_px=1.60367 b_max_px=1.96816 b_angle_deg=5.19294 winner=b
W20260718 14:08:36.552433 0x16b0db000 aether_sfm_c.cc:2263] [aether_sfm] exact-site-geometric-conflict image_id=29 site_key=4952379919468686294 gap_m=0.0509976 a_views=2 a_rms_px=1.4941 a_max_px=1.51762 a_angle_deg=1.3976 b_views=3 b_rms_px=1.3762 b_max_px=1.80397 b_angle_deg=3.39039 winner=b
W20260718 14:08:36.552453 0x16b0db000 aether_sfm_c.cc:2263] [aether_sfm] exact-site-geometric-conflict image_id=29 site_key=4937619495555052844 gap_m=0.0192148 a_views=3 a_rms_px=1.02909 a_max_px=1.39521 a_angle_deg=4.68436 b_views=2 b_rms_px=1.01124 b_max_px=1.0453 b_angle_deg=1.97127 winner=a
W20260718 14:08:36.553110 0x16b0db000 aether_sfm_c.cc:2263] [aether_sfm] exact-site-geometric-conflict image_id=35 site_key=4967447317547603387 gap_m=0.0443567 a_views=2 a_rms_px=0.0389952 a_max_px=0.0424095 a_angle_deg=8.43242 b_views=2 b_rms_px=0.687884 b_max_px=0.724471 b_angle_deg=10.0894 winner=a
W20260718 14:08:36.554146 0x16b0db000 aether_sfm_c.cc:2263] [aether_sfm] exact-site-geometric-conflict image_id=42 site_key=4951631293768611776 gap_m=0.0282889 a_views=3 a_rms_px=1.23304 a_max_px=1.4644 a_angle_deg=4.35984 b_views=3 b_rms_px=0.503246 b_max_px=0.646904 b_angle_deg=8.99329 winner=b
W20260718 14:08:36.554225 0x16b0db000 aether_sfm_c.cc:2263] [aether_sfm] exact-site-geometric-conflict image_id=42 site_key=4941922000497159371 gap_m=0.0417192 a_views=2 a_rms_px=1.41673 a_max_px=1.46542 a_angle_deg=3.92544 b_views=2 b_rms_px=1.06288 b_max_px=1.07871 b_angle_deg=1.98836 winner=b
W20260718 14:08:36.554334 0x16b0db000 aether_sfm_c.cc:2263] [aether_sfm] exact-site-geometric-conflict image_id=42 site_key=4957172639098380640 gap_m=0.0273348 a_views=2 a_rms_px=0.502821 a_max_px=0.511253 a_angle_deg=1.58052 b_views=3 b_rms_px=0.660004 b_max_px=0.725001 b_angle_deg=5.70624 winner=b
W20260718 14:08:36.554368 0x16b0db000 aether_sfm_c.cc:2263] [aether_sfm] exact-site-geometric-conflict image_id=42 site_key=4963856467220690492 gap_m=0.0401865 a_views=2 a_rms_px=0.506432 a_max_px=0.511171 a_angle_deg=2.92886 b_views=3 b_rms_px=1.32208 b_max_px=1.86348 b_angle_deg=5.42036 winner=none
W20260718 14:08:36.554389 0x16b0db000 aether_sfm_c.cc:2263] [aether_sfm] exact-site-geometric-conflict image_id=42 site_key=4937913636364890163 gap_m=0.0174504 a_views=3 a_rms_px=1.07236 a_max_px=1.31655 a_angle_deg=9.38599 b_views=2 b_rms_px=1.02922 b_max_px=1.04257 b_angle_deg=1.87891 winner=a
W20260718 14:08:36.554395 0x16b0db000 aether_sfm_c.cc:2263] [aether_sfm] exact-site-geometric-conflict image_id=42 site_key=4937913636364890163 gap_m=0.0174504 a_views=2 a_rms_px=1.02922 a_max_px=1.04257 a_angle_deg=1.87891 b_views=3 b_rms_px=1.07236 b_max_px=1.31655 b_angle_deg=9.38599 winner=b
W20260718 14:08:36.554553 0x16b0db000 aether_sfm_c.cc:2263] [aether_sfm] exact-site-geometric-conflict image_id=43 site_key=4937107874746077739 gap_m=0.0700912 a_views=2 a_rms_px=1.87279 a_max_px=1.97094 a_angle_deg=4.45553 b_views=2 b_rms_px=0.000211212 b_max_px=0.000215324 b_angle_deg=1.93185 winner=b
W20260718 14:08:36.554584 0x16b0db000 aether_sfm_c.cc:2263] [aether_sfm] exact-site-geometric-conflict image_id=43 site_key=4995910641378428730 gap_m=0.0472734 a_views=2 a_rms_px=1.03748 a_max_px=1.08928 a_angle_deg=6.22694 b_views=2 b_rms_px=0.452189 b_max_px=0.453752 b_angle_deg=4.61756 winner=b
W20260718 14:08:36.554612 0x16b0db000 aether_sfm_c.cc:2263] [aether_sfm] exact-site-geometric-conflict image_id=43 site_key=4912415197238281843 gap_m=0.0748795 a_views=2 a_rms_px=0.043901 a_max_px=0.0490011 a_angle_deg=4.40642 b_views=2 b_rms_px=1.58154 b_max_px=1.60163 b_angle_deg=2.06623 winner=a
W20260718 14:08:36.554637 0x16b0db000 aether_sfm_c.cc:2263] [aether_sfm] exact-site-geometric-conflict image_id=43 site_key=4965945341732795071 gap_m=0.0503497 a_views=5 a_rms_px=1.24101 a_max_px=1.58396 a_angle_deg=6.62971 b_views=2 b_rms_px=0.0180706 b_max_px=0.0183295 b_angle_deg=1.56058 winner=a
W20260718 14:08:36.554644 0x16b0db000 aether_sfm_c.cc:2263] [aether_sfm] exact-site-geometric-conflict image_id=43 site_key=4964702863527094697 gap_m=0.0429156 a_views=4 a_rms_px=1.19385 a_max_px=1.30664 a_angle_deg=5.48503 b_views=2 b_rms_px=0.185708 b_max_px=0.188445 b_angle_deg=1.42514 winner=a
W20260718 14:08:36.554669 0x16b0db000 aether_sfm_c.cc:2263] [aether_sfm] exact-site-geometric-conflict image_id=43 site_key=4953165344406897238 gap_m=0.0470524 a_views=3 a_rms_px=1.57562 a_max_px=1.78099 a_angle_deg=3.90052 b_views=2 b_rms_px=0.206499 b_max_px=0.21126 b_angle_deg=1.99318 winner=none
W20260718 14:08:36.554708 0x16b0db000 aether_sfm_c.cc:2263] [aether_sfm] exact-site-geometric-conflict image_id=43 site_key=4958298461695752644 gap_m=0.0281367 a_views=3 a_rms_px=1.23304 a_max_px=1.4644 a_angle_deg=4.35984 b_views=3 b_rms_px=0.503246 b_max_px=0.646904 b_angle_deg=8.99329 winner=b
W20260718 14:08:36.554719 0x16b0db000 aether_sfm_c.cc:2263] [aether_sfm] exact-site-geometric-conflict image_id=43 site_key=4963515932130712748 gap_m=0.0271328 a_views=3 a_rms_px=0.660004 a_max_px=0.725001 a_angle_deg=5.70624 b_views=2 b_rms_px=0.502821 b_max_px=0.511253 b_angle_deg=1.58052 winner=a
W20260718 14:08:36.554729 0x16b0db000 aether_sfm_c.cc:2263] [aether_sfm] exact-site-geometric-conflict image_id=43 site_key=4968169967301731465 gap_m=0.0230185 a_views=2 a_rms_px=0.0130648 a_max_px=0.0130735 a_angle_deg=2.52873 b_views=3 b_rms_px=0.602032 b_max_px=0.8268 b_angle_deg=5.42607 winner=none
W20260718 14:08:36.554738 0x16b0db000 aether_sfm_c.cc:2263] [aether_sfm] exact-site-geometric-conflict image_id=43 site_key=4944637326057697027 gap_m=0.0173948 a_views=3 a_rms_px=1.07236 a_max_px=1.31655 a_angle_deg=9.38599 b_views=2 b_rms_px=1.02922 b_max_px=1.04257 b_angle_deg=1.87891 winner=a
W20260718 14:08:36.554743 0x16b0db000 aether_sfm_c.cc:2263] [aether_sfm] exact-site-geometric-conflict image_id=43 site_key=4944637326057697027 gap_m=0.0173948 a_views=2 a_rms_px=1.02922 a_max_px=1.04257 a_angle_deg=1.87891 b_views=3 b_rms_px=1.07236 b_max_px=1.31655 b_angle_deg=9.38599 winner=b
W20260718 14:08:36.554776 0x16b0db000 aether_sfm_c.cc:2263] [aether_sfm] exact-site-geometric-conflict image_id=43 site_key=4968957054417422342 gap_m=0.0404501 a_views=2 a_rms_px=0.506432 a_max_px=0.511171 a_angle_deg=2.92886 b_views=3 b_rms_px=1.32208 b_max_px=1.86348 b_angle_deg=5.42036 winner=none
W20260718 14:08:36.554795 0x16b0db000 aether_sfm_c.cc:2263] [aether_sfm] exact-site-geometric-conflict image_id=43 site_key=4968635773677009839 gap_m=0.0233842 a_views=2 a_rms_px=0.152111 a_max_px=0.153616 a_angle_deg=1.8446 b_views=3 b_rms_px=0.36796 b_max_px=0.514606 b_angle_deg=3.81042 winner=b
W20260718 14:08:36.554814 0x16b0db000 aether_sfm_c.cc:2263] [aether_sfm] exact-site-geometric-conflict image_id=43 site_key=4946997178665245297 gap_m=0.0482554 a_views=2 a_rms_px=0.0448212 a_max_px=0.0459067 a_angle_deg=2.06713 b_views=2 b_rms_px=1.29697 b_max_px=1.37128 b_angle_deg=9.4398 winner=a
W20260718 14:08:36.554963 0x16b0db000 aether_sfm_c.cc:2263] [aether_sfm] exact-site-geometric-conflict image_id=44 site_key=4968257241027699952 gap_m=0.0232013 a_views=2 a_rms_px=0.152111 a_max_px=0.153616 a_angle_deg=1.8446 b_views=3 b_rms_px=0.36796 b_max_px=0.514606 b_angle_deg=3.81042 winner=b
W20260718 14:08:36.555014 0x16b0db000 aether_sfm_c.cc:2263] [aether_sfm] exact-site-geometric-conflict image_id=44 site_key=4964393058941911214 gap_m=0.0421113 a_views=2 a_rms_px=0.185708 a_max_px=0.188445 a_angle_deg=1.42514 b_views=4 b_rms_px=1.19385 b_max_px=1.30664 b_angle_deg=5.48503 winner=b
W20260718 14:08:36.555038 0x16b0db000 aether_sfm_c.cc:2263] [aether_sfm] exact-site-geometric-conflict image_id=44 site_key=4965640570849549436 gap_m=0.049457 a_views=2 a_rms_px=0.0180706 a_max_px=0.0183295 a_angle_deg=1.56058 b_views=5 b_rms_px=1.24101 b_max_px=1.58396 b_angle_deg=6.62971 winner=b
W20260718 14:08:36.555045 0x16b0db000 aether_sfm_c.cc:2263] [aether_sfm] exact-site-geometric-conflict image_id=44 site_key=4952411465963775289 gap_m=0.0457696 a_views=2 a_rms_px=0.206499 a_max_px=0.21126 a_angle_deg=1.99318 b_views=3 b_rms_px=1.57562 b_max_px=1.78099 b_angle_deg=3.90052 winner=none
W20260718 14:08:36.555072 0x16b0db000 aether_sfm_c.cc:2263] [aether_sfm] exact-site-geometric-conflict image_id=44 site_key=4967415010834759017 gap_m=0.0233429 a_views=2 a_rms_px=0.0130648 a_max_px=0.0130735 a_angle_deg=2.52873 b_views=3 b_rms_px=0.602032 b_max_px=0.8268 b_angle_deg=5.42607 winner=none
W20260718 14:08:36.555709 0x16b0db000 aether_sfm_c.cc:2263] [aether_sfm] exact-site-geometric-conflict image_id=48 site_key=4993352030571393241 gap_m=0.0362769 a_views=2 a_rms_px=0.427706 a_max_px=0.440461 a_angle_deg=11.0633 b_views=2 b_rms_px=1.58751 b_max_px=1.81983 b_angle_deg=13.1966 winner=a
W20260718 14:08:36.555868 0x16b0db000 aether_sfm_c.cc:2263] [aether_sfm] exact-site-geometric-conflict image_id=49 site_key=4872834990543001067 gap_m=0.0312873 a_views=2 a_rms_px=0.607328 a_max_px=0.636348 a_angle_deg=5.70974 b_views=2 b_rms_px=0.518668 b_max_px=0.556138 b_angle_deg=5.8277 winner=none
W20260718 14:08:36.556796 0x16b0db000 aether_sfm_c.cc:2263] [aether_sfm] exact-site-geometric-conflict image_id=52 site_key=4975536622190262204 gap_m=0.0141875 a_views=2 a_rms_px=0.430711 a_max_px=0.434552 a_angle_deg=4.75054 b_views=3 b_rms_px=1.13185 b_max_px=1.53617 b_angle_deg=11.5035 winner=none
W20260718 14:08:36.557034 0x16b0db000 aether_sfm_c.cc:2263] [aether_sfm] exact-site-geometric-conflict image_id=53 site_key=4967769259735403762 gap_m=0.0143262 a_views=3 a_rms_px=1.13185 a_max_px=1.53617 a_angle_deg=11.5035 b_views=2 b_rms_px=0.430711 b_max_px=0.434552 b_angle_deg=4.75054 winner=none
W20260718 14:08:36.557075 0x16b0db000 aether_sfm_c.cc:2263] [aether_sfm] exact-site-geometric-conflict image_id=53 site_key=4989769228980210028 gap_m=0.0189353 a_views=2 a_rms_px=1.93808 a_max_px=1.94117 a_angle_deg=24.5913 b_views=2 b_rms_px=1.84772 b_max_px=1.86432 b_angle_deg=11.0453 winner=none
W20260718 14:08:36.557359 0x16b0db000 aether_sfm_c.cc:2263] [aether_sfm] exact-site-geometric-conflict image_id=54 site_key=4996595061590511886 gap_m=0.0167158 a_views=2 a_rms_px=1.05188 a_max_px=1.11272 a_angle_deg=11.3937 b_views=2 b_rms_px=1.43533 b_max_px=1.60384 b_angle_deg=13.3929 winner=a
W20260718 14:08:36.557489 0x16b0db000 aether_sfm_c.cc:2263] [aether_sfm] exact-site-geometric-conflict image_id=55 site_key=4992023841983168380 gap_m=0.029051 a_views=2 a_rms_px=1.68816 a_max_px=1.90107 a_angle_deg=11.3761 b_views=2 b_rms_px=0.659636 b_max_px=0.729106 b_angle_deg=2.05105 winner=b
W20260718 14:08:36.557507 0x16b0db000 aether_sfm_c.cc:2263] [aether_sfm] exact-site-geometric-conflict image_id=55 site_key=4991986763543608934 gap_m=0.0366407 a_views=2 a_rms_px=0.72859 a_max_px=0.844442 a_angle_deg=1.66148 b_views=3 b_rms_px=1.30837 b_max_px=1.62056 b_angle_deg=4.1269 winner=none
W20260718 14:08:36.557530 0x16b0db000 aether_sfm_c.cc:2263] [aether_sfm] exact-site-geometric-conflict image_id=55 site_key=4973436073947556599 gap_m=0.0136893 a_views=2 a_rms_px=0.208163 a_max_px=0.227885 a_angle_deg=7.68185 b_views=2 b_rms_px=0.203805 b_max_px=0.220294 b_angle_deg=13.9953 winner=b
W20260718 14:08:36.557604 0x16b0db000 aether_sfm_c.cc:2263] [aether_sfm] exact-site-geometric-conflict image_id=55 site_key=4980829469296640563 gap_m=0.0322602 a_views=2 a_rms_px=0.798047 a_max_px=0.930289 a_angle_deg=2.3341 b_views=3 b_rms_px=1.53519 b_max_px=1.83716 b_angle_deg=4.58867 winner=none
W20260718 14:08:36.557625 0x16b0db000 aether_sfm_c.cc:2263] [aether_sfm] exact-site-geometric-conflict image_id=55 site_key=4961729900050624275 gap_m=0.0389274 a_views=2 a_rms_px=1.1985 a_max_px=1.23948 a_angle_deg=12.9838 b_views=2 b_rms_px=1.33798 b_max_px=1.42201 b_angle_deg=5.01649 winner=none
W20260718 14:08:36.557644 0x16b0db000 aether_sfm_c.cc:2263] [aether_sfm] exact-site-geometric-conflict image_id=55 site_key=4994278223086781654 gap_m=0.0223036 a_views=2 a_rms_px=0.318532 a_max_px=0.371615 a_angle_deg=2.68909 b_views=3 b_rms_px=1.40558 b_max_px=1.9543 b_angle_deg=4.32557 winner=none
W20260718 14:08:36.557760 0x16b0db000 aether_sfm_c.cc:2263] [aether_sfm] exact-site-geometric-conflict image_id=55 site_key=4991276401718508349 gap_m=0.027108 a_views=2 a_rms_px=0.0979277 a_max_px=0.107789 a_angle_deg=2.78781 b_views=2 b_rms_px=1.63209 b_max_px=1.88864 b_angle_deg=1.57527 winner=a
W20260718 14:08:36.557838 0x16b0db000 aether_sfm_c.cc:2263] [aether_sfm] exact-site-geometric-conflict image_id=56 site_key=4968229667344361238 gap_m=0.0131933 a_views=2 a_rms_px=0.0335011 a_max_px=0.0363129 a_angle_deg=1.49773 b_views=5 b_rms_px=0.621512 b_max_px=0.959493 b_angle_deg=16.0482 winner=b
W20260718 14:08:36.557852 0x16b0db000 aether_sfm_c.cc:2263] [aether_sfm] exact-site-geometric-conflict image_id=56 site_key=4991208803233868876 gap_m=0.0224429 a_views=3 a_rms_px=1.40558 a_max_px=1.9543 a_angle_deg=4.32557 b_views=2 b_rms_px=0.318532 b_max_px=0.371615 b_angle_deg=2.68909 winner=none
W20260718 14:08:36.557861 0x16b0db000 aether_sfm_c.cc:2263] [aether_sfm] exact-site-geometric-conflict image_id=56 site_key=4981532430891490595 gap_m=0.0325815 a_views=2 a_rms_px=0.798047 a_max_px=0.930289 a_angle_deg=2.3341 b_views=3 b_rms_px=1.53519 b_max_px=1.83716 b_angle_deg=4.58867 winner=none
W20260718 14:08:36.557925 0x16b0db000 aether_sfm_c.cc:2263] [aether_sfm] exact-site-geometric-conflict image_id=56 site_key=4989529067293428075 gap_m=0.0369517 a_views=2 a_rms_px=0.72859 a_max_px=0.844442 a_angle_deg=1.66148 b_views=3 b_rms_px=1.30837 b_max_px=1.62056 b_angle_deg=4.1269 winner=none
W20260718 14:08:36.557953 0x16b0db000 aether_sfm_c.cc:2263] [aether_sfm] exact-site-geometric-conflict image_id=56 site_key=4974266707734073256 gap_m=0.0153813 a_views=2 a_rms_px=0.373466 a_max_px=0.403012 a_angle_deg=2.02083 b_views=3 b_rms_px=0.879679 b_max_px=1.10052 b_angle_deg=11.8131 winner=none
W20260718 14:08:36.557959 0x16b0db000 aether_sfm_c.cc:2263] [aether_sfm] exact-site-geometric-conflict image_id=56 site_key=4974266707734073256 gap_m=0.0153813 a_views=2 a_rms_px=0.373466 a_max_px=0.403012 a_angle_deg=2.02083 b_views=3 b_rms_px=0.879679 b_max_px=1.10052 b_angle_deg=11.8131 winner=none
W20260718 14:08:36.558024 0x16b0db000 aether_sfm_c.cc:2263] [aether_sfm] exact-site-geometric-conflict image_id=56 site_key=4993624017954736426 gap_m=0.0162456 a_views=2 a_rms_px=1.55967 a_max_px=1.83076 a_angle_deg=4.61471 b_views=2 b_rms_px=1.84384 b_max_px=1.98935 b_angle_deg=30.9119 winner=a
W20260718 14:08:36.558067 0x16b0db000 aether_sfm_c.cc:2263] [aether_sfm] exact-site-geometric-conflict image_id=56 site_key=4967305742569296927 gap_m=0.0296976 a_views=2 a_rms_px=0.0427899 a_max_px=0.0463994 a_angle_deg=1.6695 b_views=4 b_rms_px=0.798345 b_max_px=1.12513 b_angle_deg=10.3999 winner=b
W20260718 14:08:36.558142 0x16b0db000 aether_sfm_c.cc:2263] [aether_sfm] exact-site-geometric-conflict image_id=57 site_key=4972874829088767824 gap_m=0.0145689 a_views=2 a_rms_px=0.271739 a_max_px=0.292725 a_angle_deg=5.04304 b_views=2 b_rms_px=0.631855 b_max_px=0.677743 b_angle_deg=3.00089 winner=a
W20260718 14:08:36.558149 0x16b0db000 aether_sfm_c.cc:2263] [aether_sfm] exact-site-geometric-conflict image_id=57 site_key=4956380913424645651 gap_m=0.0432813 a_views=2 a_rms_px=0.135668 a_max_px=0.145395 a_angle_deg=3.06865 b_views=2 b_rms_px=1.33798 b_max_px=1.42201 b_angle_deg=5.01649 winner=a
W20260718 14:08:36.558160 0x16b0db000 aether_sfm_c.cc:2263] [aether_sfm] exact-site-geometric-conflict image_id=57 site_key=4958461601748790642 gap_m=0.0130579 a_views=2 a_rms_px=0.0335011 a_max_px=0.0363129 a_angle_deg=1.49773 b_views=5 b_rms_px=0.621512 b_max_px=0.959493 b_angle_deg=16.0482 winner=b
W20260718 14:08:36.558206 0x16b0db000 aether_sfm_c.cc:2263] [aether_sfm] exact-site-geometric-conflict image_id=57 site_key=4983292461248120725 gap_m=0.0319999 a_views=2 a_rms_px=1.83685 a_max_px=1.98706 a_angle_deg=3.39675 b_views=2 b_rms_px=0.855645 b_max_px=0.942427 b_angle_deg=5.47319 winner=b
W20260718 14:08:36.558223 0x16b0db000 aether_sfm_c.cc:2263] [aether_sfm] exact-site-geometric-conflict image_id=57 site_key=4957210739768166013 gap_m=0.0294467 a_views=2 a_rms_px=0.0427899 a_max_px=0.0463994 a_angle_deg=1.6695 b_views=4 b_rms_px=0.798345 b_max_px=1.12513 b_angle_deg=10.3999 winner=b
W20260718 14:08:36.558248 0x16b0db000 aether_sfm_c.cc:2263] [aether_sfm] exact-site-geometric-conflict image_id=57 site_key=4967466129532036633 gap_m=0.0154835 a_views=3 a_rms_px=0.879679 a_max_px=1.10052 a_angle_deg=11.8131 b_views=2 b_rms_px=0.373466 b_max_px=0.403012 b_angle_deg=2.02083 winner=none
W20260718 14:08:36.558253 0x16b0db000 aether_sfm_c.cc:2263] [aether_sfm] exact-site-geometric-conflict image_id=57 site_key=4967466129532036633 gap_m=0.0154835 a_views=2 a_rms_px=0.373466 a_max_px=0.403012 a_angle_deg=2.02083 b_views=3 b_rms_px=0.879679 b_max_px=1.10052 b_angle_deg=11.8131 winner=none
W20260718 14:08:36.558267 0x16b0db000 aether_sfm_c.cc:2263] [aether_sfm] exact-site-geometric-conflict image_id=57 site_key=4969934344155586432 gap_m=0.0120206 a_views=3 a_rms_px=0.530686 a_max_px=0.630145 a_angle_deg=5.53554 b_views=2 b_rms_px=0.202618 b_max_px=0.217909 b_angle_deg=2.64379 winner=none
W20260718 14:08:36.558296 0x16b0db000 aether_sfm_c.cc:2263] [aether_sfm] exact-site-geometric-conflict image_id=57 site_key=4992558531066516351 gap_m=0.0131796 a_views=2 a_rms_px=1.04742 a_max_px=1.11518 a_angle_deg=22.9927 b_views=2 b_rms_px=1.59505 b_max_px=1.79831 b_angle_deg=4.19889 winner=a
W20260718 14:08:36.558328 0x16b0db000 aether_sfm_c.cc:2263] [aether_sfm] exact-site-geometric-conflict image_id=57 site_key=4983295845684668537 gap_m=0.0711204 a_views=2 a_rms_px=1.4646 a_max_px=1.503 a_angle_deg=20.1148 b_views=2 b_rms_px=0.0700185 b_max_px=0.0759983 b_angle_deg=2.81866 winner=b
W20260718 14:08:36.558334 0x16b0db000 aether_sfm_c.cc:2263] [aether_sfm] exact-site-geometric-conflict image_id=57 site_key=4952605486838079830 gap_m=0.0515544 a_views=2 a_rms_px=1.66525 a_max_px=1.77891 a_angle_deg=3.93633 b_views=2 b_rms_px=0.805292 b_max_px=0.829555 b_angle_deg=13.4889 winner=b
W20260718 14:08:36.558462 0x16b0db000 aether_sfm_c.cc:2263] [aether_sfm] exact-site-geometric-conflict image_id=58 site_key=4957062803907128069 gap_m=0.03542 a_views=2 a_rms_px=0.748186 a_max_px=0.804483 a_angle_deg=7.61316 b_views=2 b_rms_px=0.457316 b_max_px=0.462796 b_angle_deg=5.33646 winner=b
W20260718 14:08:36.558479 0x16b0db000 aether_sfm_c.cc:2263] [aether_sfm] exact-site-geometric-conflict image_id=58 site_key=4912237016221397782 gap_m=0.015958 a_views=3 a_rms_px=1.2625 a_max_px=1.74975 a_angle_deg=15.4668 b_views=2 b_rms_px=0.34011 b_max_px=0.340838 b_angle_deg=5.40919 winner=none
W20260718 14:08:36.558562 0x16b0db000 aether_sfm_c.cc:2263] [aether_sfm] exact-site-geometric-conflict image_id=58 site_key=4957527210130507546 gap_m=0.0163819 a_views=2 a_rms_px=0.329772 a_max_px=0.354524 a_angle_deg=7.46683 b_views=2 b_rms_px=1.73671 b_max_px=1.7573 b_angle_deg=5.19946 winner=a
W20260718 14:08:36.558576 0x16b0db000 aether_sfm_c.cc:2263] [aether_sfm] exact-site-geometric-conflict image_id=58 site_key=4903384289767768047 gap_m=0.0313177 a_views=2 a_rms_px=0.721297 a_max_px=0.773424 a_angle_deg=19.0293 b_views=2 b_rms_px=0.649413 b_max_px=0.686418 b_angle_deg=15.7225 winner=none
W20260718 14:08:36.558586 0x16b0db000 aether_sfm_c.cc:2263] [aether_sfm] exact-site-geometric-conflict image_id=58 site_key=4957553675728982287 gap_m=0.0251864 a_views=2 a_rms_px=0.909526 a_max_px=0.919941 a_angle_deg=5.5775 b_views=2 b_rms_px=0.941119 b_max_px=0.975202 b_angle_deg=9.53432 winner=b
W20260718 14:08:36.558591 0x16b0db000 aether_sfm_c.cc:2263] [aether_sfm] exact-site-geometric-conflict image_id=58 site_key=4957553675728982287 gap_m=0.0251864 a_views=2 a_rms_px=0.941119 a_max_px=0.975202 a_angle_deg=9.53432 b_views=2 b_rms_px=0.909526 b_max_px=0.919941 b_angle_deg=5.5775 winner=a
W20260718 14:08:36.558603 0x16b0db000 aether_sfm_c.cc:2263] [aether_sfm] exact-site-geometric-conflict image_id=58 site_key=4988818520784182064 gap_m=0.0163903 a_views=2 a_rms_px=1.27606 a_max_px=1.44887 a_angle_deg=11.4161 b_views=2 b_rms_px=0.749487 b_max_px=0.752839 b_angle_deg=12.5694 winner=b
W20260718 14:08:36.558715 0x16b0db000 aether_sfm_c.cc:2263] [aether_sfm] exact-site-geometric-conflict image_id=59 site_key=4919272262849761402 gap_m=0.0161734 a_views=3 a_rms_px=1.2625 a_max_px=1.74975 a_angle_deg=15.4668 b_views=2 b_rms_px=0.34011 b_max_px=0.340838 b_angle_deg=5.40919 winner=none
W20260718 14:08:36.558725 0x16b0db000 aether_sfm_c.cc:2263] [aether_sfm] exact-site-geometric-conflict image_id=59 site_key=4988874960943903127 gap_m=0.0131045 a_views=2 a_rms_px=1.21059 a_max_px=1.23048 a_angle_deg=18.5945 b_views=2 b_rms_px=0.316382 b_max_px=0.325541 b_angle_deg=5.95637 winner=b
W20260718 14:08:36.558857 0x16b0db000 aether_sfm_c.cc:2263] [aether_sfm] exact-site-geometric-conflict image_id=59 site_key=4961118313875958121 gap_m=0.0164245 a_views=2 a_rms_px=0.713719 a_max_px=0.738785 a_angle_deg=12.9321 b_views=2 b_rms_px=1.31636 b_max_px=1.44985 b_angle_deg=8.9343 winner=a
W20260718 14:08:36.558905 0x16b0db000 aether_sfm_c.cc:2263] [aether_sfm] exact-site-geometric-conflict image_id=60 site_key=4862892115484995882 gap_m=0.0141141 a_views=2 a_rms_px=0.457686 a_max_px=0.472491 a_angle_deg=3.11589 b_views=2 b_rms_px=0.00560134 b_max_px=0.00568481 b_angle_deg=18.1313 winner=b
W20260718 14:08:36.559053 0x16b0db000 aether_sfm_c.cc:2263] [aether_sfm] exact-site-geometric-conflict image_id=60 site_key=4955451430967775178 gap_m=0.015915 a_views=4 a_rms_px=0.905163 a_max_px=1.21258 a_angle_deg=13.2692 b_views=2 b_rms_px=0.368077 b_max_px=0.375649 b_angle_deg=3.23894 winner=a
W20260718 14:08:36.559090 0x16b0db000 aether_sfm_c.cc:2263] [aether_sfm] exact-site-geometric-conflict image_id=60 site_key=4793822628974890341 gap_m=0.0151144 a_views=3 a_rms_px=1.19679 a_max_px=1.32824 a_angle_deg=16.0254 b_views=2 b_rms_px=0.482654 b_max_px=0.498791 b_angle_deg=3.40696 winner=none
W20260718 14:08:36.559177 0x16b0db000 aether_sfm_c.cc:2263] [aether_sfm] exact-site-geometric-conflict image_id=60 site_key=4901814118439169410 gap_m=0.014496 a_views=2 a_rms_px=0.237893 a_max_px=0.244787 a_angle_deg=3.00674 b_views=3 b_rms_px=0.67356 b_max_px=0.824149 b_angle_deg=20.856 winner=none
W20260718 14:08:36.559201 0x16b0db000 aether_sfm_c.cc:2263] [aether_sfm] exact-site-geometric-conflict image_id=60 site_key=4909546008764992502 gap_m=0.0299454 a_views=2 a_rms_px=0.0716837 a_max_px=0.0739348 a_angle_deg=2.22929 b_views=3 b_rms_px=1.31616 b_max_px=1.59611 b_angle_deg=4.94347 winner=none
W20260718 14:08:36.559208 0x16b0db000 aether_sfm_c.cc:2263] [aether_sfm] exact-site-geometric-conflict image_id=60 site_key=4910891158160538370 gap_m=0.0280847 a_views=3 a_rms_px=1.07305 a_max_px=1.49006 a_angle_deg=5.29434 b_views=2 b_rms_px=0.228163 b_max_px=0.234946 b_angle_deg=2.49638 winner=none
W20260718 14:08:36.559218 0x16b0db000 aether_sfm_c.cc:2263] [aether_sfm] exact-site-geometric-conflict image_id=60 site_key=4910891158160538370 gap_m=0.0280847 a_views=3 a_rms_px=1.07305 a_max_px=1.49006 a_angle_deg=5.29434 b_views=2 b_rms_px=0.228163 b_max_px=0.234946 b_angle_deg=2.49638 winner=none
W20260718 14:08:36.559229 0x16b0db000 aether_sfm_c.cc:2263] [aether_sfm] exact-site-geometric-conflict image_id=60 site_key=4951038175985285914 gap_m=0.0284328 a_views=3 a_rms_px=0.68422 a_max_px=0.850286 a_angle_deg=10.8136 b_views=2 b_rms_px=0.368702 b_max_px=0.378149 b_angle_deg=1.90129 winner=none
W20260718 14:08:36.559250 0x16b0db000 aether_sfm_c.cc:2263] [aether_sfm] exact-site-geometric-conflict image_id=60 site_key=4961868906675019852 gap_m=0.013855 a_views=3 a_rms_px=0.803811 a_max_px=1.0517 a_angle_deg=6.68978 b_views=2 b_rms_px=0.140323 b_max_px=0.143197 b_angle_deg=3.70688 winner=none
W20260718 14:08:36.559262 0x16b0db000 aether_sfm_c.cc:2263] [aether_sfm] exact-site-geometric-conflict image_id=60 site_key=4956066779522336921 gap_m=0.0154966 a_views=3 a_rms_px=0.998845 a_max_px=1.24926 a_angle_deg=6.05942 b_views=2 b_rms_px=0.742304 b_max_px=0.757686 b_angle_deg=3.25614 winner=none
W20260718 14:08:36.559280 0x16b0db000 aether_sfm_c.cc:2263] [aether_sfm] exact-site-geometric-conflict image_id=60 site_key=4979619572726084864 gap_m=0.0167555 a_views=2 a_rms_px=0.501622 a_max_px=0.524555 a_angle_deg=14.3 b_views=2 b_rms_px=0.665054 b_max_px=0.685553 b_angle_deg=3.57784 winner=none
W20260718 14:08:36.559328 0x16b0db000 aether_sfm_c.cc:2263] [aether_sfm] exact-site-geometric-conflict image_id=61 site_key=4991417920879998454 gap_m=0.0129535 a_views=4 a_rms_px=1.16372 a_max_px=1.60732 a_angle_deg=15.5547 b_views=2 b_rms_px=0.265071 b_max_px=0.266679 b_angle_deg=3.38677 winner=a
W20260718 14:08:36.559353 0x16b0db000 aether_sfm_c.cc:2263] [aether_sfm] exact-site-geometric-conflict image_id=61 site_key=4996325346224570656 gap_m=0.0150774 a_views=2 a_rms_px=0.490682 a_max_px=0.493961 a_angle_deg=3.63463 b_views=3 b_rms_px=1.22831 b_max_px=1.6389 b_angle_deg=19.484 winner=none
W20260718 14:08:36.559367 0x16b0db000 aether_sfm_c.cc:2263] [aether_sfm] exact-site-geometric-conflict image_id=61 site_key=4996594413047005012 gap_m=0.0142472 a_views=2 a_rms_px=0.599928 a_max_px=0.602897 a_angle_deg=3.74272 b_views=4 b_rms_px=1.2118 b_max_px=1.84136 b_angle_deg=29.8595 winner=b
W20260718 14:08:36.559387 0x16b0db000 aether_sfm_c.cc:2263] [aether_sfm] exact-site-geometric-conflict image_id=61 site_key=4989062006777380821 gap_m=0.0124532 a_views=2 a_rms_px=1.21059 a_max_px=1.23048 a_angle_deg=18.5945 b_views=3 b_rms_px=0.634805 b_max_px=0.796488 b_angle_deg=7.85003 winner=b
W20260718 14:08:36.559420 0x16b0db000 aether_sfm_c.cc:2263] [aether_sfm] exact-site-geometric-conflict image_id=61 site_key=4919379783065037093 gap_m=0.0286005 a_views=2 a_rms_px=0.565256 a_max_px=0.571949 a_angle_deg=2.69134 b_views=3 b_rms_px=1.31595 b_max_px=1.8231 b_angle_deg=4.90009 winner=none
W20260718 14:08:36.559446 0x16b0db000 aether_sfm_c.cc:2263] [aether_sfm] exact-site-geometric-conflict image_id=61 site_key=4830469617816534267 gap_m=0.0152195 a_views=2 a_rms_px=0.482654 a_max_px=0.498791 a_angle_deg=3.40696 b_views=3 b_rms_px=1.19679 b_max_px=1.32824 b_angle_deg=16.0254 winner=none
W20260718 14:08:36.559455 0x16b0db000 aether_sfm_c.cc:2263] [aether_sfm] exact-site-geometric-conflict image_id=61 site_key=4989624587367194728 gap_m=0.0158508 a_views=3 a_rms_px=0.971553 a_max_px=1.23421 a_angle_deg=22.1979 b_views=2 b_rms_px=0.343441 b_max_px=0.344186 b_angle_deg=3.58121 winner=none
W20260718 14:08:36.559465 0x16b0db000 aether_sfm_c.cc:2263] [aether_sfm] exact-site-geometric-conflict image_id=61 site_key=4954867371250256577 gap_m=0.015945 a_views=2 a_rms_px=0.368077 a_max_px=0.375649 a_angle_deg=3.23894 b_views=4 b_rms_px=0.905163 b_max_px=1.21258 b_angle_deg=13.2692 winner=b
W20260718 14:08:36.559471 0x16b0db000 aether_sfm_c.cc:2263] [aether_sfm] exact-site-geometric-conflict image_id=61 site_key=4968752382042420402 gap_m=0.0168043 a_views=3 a_rms_px=0.805875 a_max_px=1.06881 a_angle_deg=7.05849 b_views=2 b_rms_px=0.133034 b_max_px=0.13344 b_angle_deg=3.33547 winner=none
W20260718 14:08:36.559495 0x16b0db000 aether_sfm_c.cc:2263] [aether_sfm] exact-site-geometric-conflict image_id=61 site_key=4988633132809193277 gap_m=0.0187583 a_views=2 a_rms_px=0.347646 a_max_px=0.349218 a_angle_deg=3.38493 b_views=4 b_rms_px=1.42321 b_max_px=1.66846 b_angle_deg=20.7319 winner=b
W20260718 14:08:36.559559 0x16b0db000 aether_sfm_c.cc:2263] [aether_sfm] exact-site-geometric-conflict image_id=61 site_key=4990680784239689810 gap_m=0.0132176 a_views=2 a_rms_px=0.259249 a_max_px=0.260533 a_angle_deg=3.47432 b_views=3 b_rms_px=1.00122 b_max_px=1.3415 b_angle_deg=14.2503 winner=none
W20260718 14:08:36.559593 0x16b0db000 aether_sfm_c.cc:2263] [aether_sfm] exact-site-geometric-conflict image_id=61 site_key=4904065175223345646 gap_m=0.0146266 a_views=3 a_rms_px=0.67356 a_max_px=0.824149 a_angle_deg=20.856 b_views=2 b_rms_px=0.237893 b_max_px=0.244787 b_angle_deg=3.00674 winner=none
W20260718 14:08:36.559625 0x16b0db000 aether_sfm_c.cc:2263] [aether_sfm] exact-site-geometric-conflict image_id=61 site_key=4949303481643709051 gap_m=0.0289139 a_views=3 a_rms_px=0.68422 a_max_px=0.850286 a_angle_deg=10.8136 b_views=2 b_rms_px=0.368702 b_max_px=0.378149 b_angle_deg=1.90129 winner=none
W20260718 14:08:36.559637 0x16b0db000 aether_sfm_c.cc:2263] [aether_sfm] exact-site-geometric-conflict image_id=61 site_key=4909825520941156070 gap_m=0.0304608 a_views=3 a_rms_px=1.31616 a_max_px=1.59611 a_angle_deg=4.94347 b_views=2 b_rms_px=0.0716837 b_max_px=0.0739348 b_angle_deg=2.22929 winner=none
W20260718 14:08:36.559644 0x16b0db000 aether_sfm_c.cc:2263] [aether_sfm] exact-site-geometric-conflict image_id=61 site_key=4911595915048808416 gap_m=0.0284785 a_views=2 a_rms_px=0.228163 a_max_px=0.234946 a_angle_deg=2.49638 b_views=3 b_rms_px=1.07305 b_max_px=1.49006 b_angle_deg=5.29434 winner=none
W20260718 14:08:36.559649 0x16b0db000 aether_sfm_c.cc:2263] [aether_sfm] exact-site-geometric-conflict image_id=61 site_key=4911595915048808416 gap_m=0.0284785 a_views=2 a_rms_px=0.228163 a_max_px=0.234946 a_angle_deg=2.49638 b_views=3 b_rms_px=1.07305 b_max_px=1.49006 b_angle_deg=5.29434 winner=none
W20260718 14:08:36.559660 0x16b0db000 aether_sfm_c.cc:2263] [aether_sfm] exact-site-geometric-conflict image_id=61 site_key=5000901672543139673 gap_m=0.0125641 a_views=2 a_rms_px=0.499688 a_max_px=0.501839 a_angle_deg=3.82152 b_views=3 b_rms_px=1.32915 b_max_px=1.48603 b_angle_deg=23.5123 winner=none
W20260718 14:08:36.559686 0x16b0db000 aether_sfm_c.cc:2263] [aether_sfm] exact-site-geometric-conflict image_id=61 site_key=4961121792819674568 gap_m=0.0138376 a_views=3 a_rms_px=0.803811 a_max_px=1.0517 a_angle_deg=6.68978 b_views=2 b_rms_px=0.140323 b_max_px=0.143197 b_angle_deg=3.70688 winner=none
W20260718 14:08:36.559695 0x16b0db000 aether_sfm_c.cc:2263] [aether_sfm] exact-site-geometric-conflict image_id=61 site_key=4955617092151306133 gap_m=0.0143045 a_views=2 a_rms_px=0.437766 a_max_px=0.439968 a_angle_deg=3.01782 b_views=3 b_rms_px=0.772378 b_max_px=1.02038 b_angle_deg=6.29229 winner=none
W20260718 14:08:36.559707 0x16b0db000 aether_sfm_c.cc:2263] [aether_sfm] exact-site-geometric-conflict image_id=61 site_key=4983852559334729146 gap_m=0.018633 a_views=2 a_rms_px=0.52973 a_max_px=0.530665 a_angle_deg=3.9582 b_views=2 b_rms_px=0.0426216 b_max_px=0.042638 b_angle_deg=20.521 winner=b
W20260718 14:08:36.559728 0x16b0db000 aether_sfm_c.cc:2263] [aether_sfm] exact-site-geometric-conflict image_id=61 site_key=4955485051972076767 gap_m=0.0155329 a_views=2 a_rms_px=0.742304 a_max_px=0.757686 a_angle_deg=3.25614 b_views=3 b_rms_px=0.998845 b_max_px=1.24926 b_angle_deg=6.05942 winner=none
W20260718 14:08:36.559739 0x16b0db000 aether_sfm_c.cc:2263] [aether_sfm] exact-site-geometric-conflict image_id=62 site_key=4988996542891052274 gap_m=0.0159452 a_views=3 a_rms_px=0.971553 a_max_px=1.23421 a_angle_deg=22.1979 b_views=2 b_rms_px=0.343441 b_max_px=0.344186 b_angle_deg=3.58121 winner=none
W20260718 14:08:36.559751 0x16b0db000 aether_sfm_c.cc:2263] [aether_sfm] exact-site-geometric-conflict image_id=62 site_key=4991489247411381548 gap_m=0.0125505 a_views=2 a_rms_px=0.665582 a_max_px=0.727745 a_angle_deg=11.8652 b_views=3 b_rms_px=0.568736 b_max_px=0.732942 b_angle_deg=7.92455 winner=b
W20260718 14:08:36.559772 0x16b0db000 aether_sfm_c.cc:2263] [aether_sfm] exact-site-geometric-conflict image_id=62 site_key=4995673490451767919 gap_m=0.015231 a_views=2 a_rms_px=0.490682 a_max_px=0.493961 a_angle_deg=3.63463 b_views=3 b_rms_px=1.22831 b_max_px=1.6389 b_angle_deg=19.484 winner=none
W20260718 14:08:36.559797 0x16b0db000 aether_sfm_c.cc:2263] [aether_sfm] exact-site-geometric-conflict image_id=62 site_key=4995933559316974138 gap_m=0.014379 a_views=2 a_rms_px=0.599928 a_max_px=0.602897 a_angle_deg=3.74272 b_views=4 b_rms_px=1.2118 b_max_px=1.84136 b_angle_deg=29.8595 winner=b
W20260718 14:08:36.559803 0x16b0db000 aether_sfm_c.cc:2263] [aether_sfm] exact-site-geometric-conflict image_id=62 site_key=4999495130887909002 gap_m=0.0134123 a_views=2 a_rms_px=1.69341 a_max_px=1.73361 a_angle_deg=45.9967 b_views=2 b_rms_px=0.571792 b_max_px=0.573261 b_angle_deg=3.71748 winner=b
W20260718 14:08:36.559817 0x16b0db000 aether_sfm_c.cc:2263] [aether_sfm] exact-site-geometric-conflict image_id=62 site_key=5000217063347993533 gap_m=0.0126806 a_views=2 a_rms_px=0.499688 a_max_px=0.501839 a_angle_deg=3.82152 b_views=3 b_rms_px=1.32915 b_max_px=1.48603 b_angle_deg=23.5123 winner=none
W20260718 14:08:36.559827 0x16b0db000 aether_sfm_c.cc:2263] [aether_sfm] exact-site-geometric-conflict image_id=62 site_key=4915367678021494731 gap_m=0.028348 a_views=2 a_rms_px=0.565256 a_max_px=0.571949 a_angle_deg=2.69134 b_views=3 b_rms_px=1.31595 b_max_px=1.8231 b_angle_deg=4.90009 winner=none
W20260718 14:08:36.559851 0x16b0db000 aether_sfm_c.cc:2263] [aether_sfm] exact-site-geometric-conflict image_id=62 site_key=4967660317894111034 gap_m=0.0910145 a_views=2 a_rms_px=0.569335 a_max_px=0.571582 a_angle_deg=3.31957 b_views=2 b_rms_px=1.72907 b_max_px=1.76706 b_angle_deg=10.2254 winner=a
W20260718 14:08:36.559872 0x16b0db000 aether_sfm_c.cc:2263] [aether_sfm] exact-site-geometric-conflict image_id=62 site_key=4967475329352901669 gap_m=0.0168001 a_views=2 a_rms_px=0.133034 a_max_px=0.13344 a_angle_deg=3.33547 b_views=3 b_rms_px=0.805875 b_max_px=1.06881 b_angle_deg=7.05849 winner=none
W20260718 14:08:36.559914 0x16b0db000 aether_sfm_c.cc:2263] [aether_sfm] exact-site-geometric-conflict image_id=62 site_key=4990068764288435613 gap_m=0.0133282 a_views=2 a_rms_px=0.259249 a_max_px=0.260533 a_angle_deg=3.47432 b_views=3 b_rms_px=1.00122 b_max_px=1.3415 b_angle_deg=14.2503 winner=none
W20260718 14:08:36.559925 0x16b0db000 aether_sfm_c.cc:2263] [aether_sfm] exact-site-geometric-conflict image_id=62 site_key=4990806858709666525 gap_m=0.0130738 a_views=4 a_rms_px=1.16372 a_max_px=1.60732 a_angle_deg=15.5547 b_views=2 b_rms_px=0.265071 b_max_px=0.266679 b_angle_deg=3.38677 winner=a
W20260718 14:08:36.559931 0x16b0db000 aether_sfm_c.cc:2263] [aether_sfm] exact-site-geometric-conflict image_id=62 site_key=4988029148742820143 gap_m=0.018909 a_views=2 a_rms_px=0.347646 a_max_px=0.349218 a_angle_deg=3.38493 b_views=4 b_rms_px=1.42321 b_max_px=1.66846 b_angle_deg=20.7319 winner=b
W20260718 14:08:36.560074 0x16b0db000 aether_sfm_c.cc:2263] [aether_sfm] exact-site-geometric-conflict image_id=62 site_key=4991690367835340670 gap_m=0.0141193 a_views=2 a_rms_px=1.56415 a_max_px=1.58698 a_angle_deg=15.6356 b_views=2 b_rms_px=0.0515231 b_max_px=0.0519022 b_angle_deg=3.26205 winner=b
W20260718 14:08:36.560094 0x16b0db000 aether_sfm_c.cc:2263] [aether_sfm] exact-site-geometric-conflict image_id=62 site_key=4954203201803620268 gap_m=0.0142672 a_views=3 a_rms_px=0.772378 a_max_px=1.02038 a_angle_deg=6.29229 b_views=2 b_rms_px=0.437766 b_max_px=0.439968 b_angle_deg=3.01782 winner=none
W20260718 14:08:36.560105 0x16b0db000 aether_sfm_c.cc:2263] [aether_sfm] exact-site-geometric-conflict image_id=62 site_key=4923249363915193149 gap_m=0.0724304 a_views=2 a_rms_px=1.91585 a_max_px=1.9753 a_angle_deg=7.53663 b_views=3 b_rms_px=1.22944 b_max_px=1.71134 b_angle_deg=5.13855 winner=b
W20260718 14:08:36.560196 0x16b0db000 aether_sfm_c.cc:2263] [aether_sfm] exact-site-geometric-conflict image_id=63 site_key=4972159399209955606 gap_m=0.0126011 a_views=2 a_rms_px=1.43031 a_max_px=1.50179 a_angle_deg=9.98434 b_views=2 b_rms_px=1.40721 b_max_px=1.50512 b_angle_deg=7.1616 winner=a
W20260718 14:08:36.562059 0x16b0db000 aether_sfm_c.cc:2263] [aether_sfm] exact-site-geometric-conflict image_id=72 site_key=4899642969522794374 gap_m=0.0128556 a_views=2 a_rms_px=1.35679 a_max_px=1.42597 a_angle_deg=10.1669 b_views=2 b_rms_px=0.0518939 b_max_px=0.0563316 b_angle_deg=13.3035 winner=b
W20260718 14:08:36.562830 0x16b0db000 aether_sfm_c.cc:2263] [aether_sfm] exact-site-geometric-conflict image_id=76 site_key=4914916569007544350 gap_m=0.0503356 a_views=2 a_rms_px=1.35855 a_max_px=1.45372 a_angle_deg=4.40447 b_views=2 b_rms_px=1.51534 b_max_px=1.69595 b_angle_deg=3.42065 winner=none
W20260718 14:08:36.562882 0x16b0db000 aether_sfm_c.cc:2263] [aether_sfm] exact-site-geometric-conflict image_id=76 site_key=4919011962059138547 gap_m=0.0556281 a_views=2 a_rms_px=1.3019 a_max_px=1.38814 a_angle_deg=4.34987 b_views=2 b_rms_px=1.78488 b_max_px=1.98434 b_angle_deg=3.40485 winner=a
W20260718 14:08:36.563395 0x16b0db000 aether_sfm_c.cc:2263] [aether_sfm] exact-site-geometric-conflict image_id=80 site_key=4976909585798336873 gap_m=0.0234552 a_views=3 a_rms_px=0.812429 a_max_px=1.1296 a_angle_deg=5.45019 b_views=2 b_rms_px=0.697346 b_max_px=0.698499 b_angle_deg=1.99691 winner=a
W20260718 14:08:36.563414 0x16b0db000 aether_sfm_c.cc:2263] [aether_sfm] exact-site-geometric-conflict image_id=80 site_key=4994292048587427589 gap_m=0.0187755 a_views=3 a_rms_px=0.86014 a_max_px=1.02108 a_angle_deg=32.5715 b_views=2 b_rms_px=0.0834419 b_max_px=0.0837542 b_angle_deg=2.49405 winner=none
W20260718 14:08:36.563445 0x16b0db000 aether_sfm_c.cc:2263] [aether_sfm] exact-site-geometric-conflict image_id=80 site_key=4905527126260417268 gap_m=0.0154183 a_views=3 a_rms_px=0.605285 a_max_px=0.835057 a_angle_deg=5.45854 b_views=2 b_rms_px=0.362671 b_max_px=0.363396 b_angle_deg=2.39362 winner=a
W20260718 14:08:36.563470 0x16b0db000 aether_sfm_c.cc:2263] [aether_sfm] exact-site-geometric-conflict image_id=80 site_key=4989144822333311270 gap_m=0.0230244 a_views=3 a_rms_px=1.48996 a_max_px=1.54193 a_angle_deg=8.65227 b_views=2 b_rms_px=0.899522 b_max_px=0.900566 b_angle_deg=2.42367 winner=none
W20260718 14:08:36.563492 0x16b0db000 aether_sfm_c.cc:2263] [aether_sfm] exact-site-geometric-conflict image_id=80 site_key=4955007928349523900 gap_m=0.0321365 a_views=2 a_rms_px=0.0203134 a_max_px=0.0203416 a_angle_deg=2.79886 b_views=3 b_rms_px=1.50127 b_max_px=1.62986 b_angle_deg=8.06956 winner=none
W20260718 14:08:36.563523 0x16b0db000 aether_sfm_c.cc:2263] [aether_sfm] exact-site-geometric-conflict image_id=80 site_key=4978391332334389453 gap_m=0.0251658 a_views=2 a_rms_px=0.0822504 a_max_px=0.0823761 a_angle_deg=2.2303 b_views=3 b_rms_px=0.945682 b_max_px=1.13574 b_angle_deg=6.4306 winner=none
W20260718 14:08:36.563542 0x16b0db000 aether_sfm_c.cc:2263] [aether_sfm] exact-site-geometric-conflict image_id=80 site_key=4972177047223148407 gap_m=0.0276107 a_views=2 a_rms_px=0.627734 a_max_px=0.653257 a_angle_deg=7.55913 b_views=2 b_rms_px=0.115182 b_max_px=0.115296 b_angle_deg=3.14171 winner=b
W20260718 14:08:36.563547 0x16b0db000 aether_sfm_c.cc:2263] [aether_sfm] exact-site-geometric-conflict image_id=80 site_key=4972177047223148407 gap_m=0.0276107 a_views=2 a_rms_px=0.627734 a_max_px=0.653257 a_angle_deg=7.55913 b_views=2 b_rms_px=0.115182 b_max_px=0.115296 b_angle_deg=3.14171 winner=b
W20260718 14:08:36.563574 0x16b0db000 aether_sfm_c.cc:2263] [aether_sfm] exact-site-geometric-conflict image_id=80 site_key=5001689249277163946 gap_m=0.0143747 a_views=2 a_rms_px=0.0525717 a_max_px=0.0526553 a_angle_deg=2.61875 b_views=3 b_rms_px=1.07628 b_max_px=1.2352 b_angle_deg=9.30498 winner=none
W20260718 14:08:36.563601 0x16b0db000 aether_sfm_c.cc:2263] [aether_sfm] exact-site-geometric-conflict image_id=80 site_key=4910815519488616133 gap_m=0.0130975 a_views=3 a_rms_px=1.36312 a_max_px=1.84835 a_angle_deg=8.06891 b_views=2 b_rms_px=0.189678 b_max_px=0.190326 b_angle_deg=2.9646 winner=none
W20260718 14:08:36.563609 0x16b0db000 aether_sfm_c.cc:2263] [aether_sfm] exact-site-geometric-conflict image_id=80 site_key=4910815519488616133 gap_m=0.0130975 a_views=3 a_rms_px=1.36312 a_max_px=1.84835 a_angle_deg=8.06891 b_views=2 b_rms_px=0.189678 b_max_px=0.190326 b_angle_deg=2.9646 winner=none
W20260718 14:08:36.563616 0x16b0db000 aether_sfm_c.cc:2263] [aether_sfm] exact-site-geometric-conflict image_id=80 site_key=4907266991742207247 gap_m=0.0140499 a_views=3 a_rms_px=0.575745 a_max_px=0.662499 a_angle_deg=5.45221 b_views=2 b_rms_px=0.240791 b_max_px=0.241256 b_angle_deg=2.39132 winner=none
W20260718 14:08:36.563676 0x16b0db000 aether_sfm_c.cc:2263] [aether_sfm] exact-site-geometric-conflict image_id=81 site_key=4954407479034280882 gap_m=0.032091 a_views=3 a_rms_px=1.50127 a_max_px=1.62986 a_angle_deg=8.06956 b_views=2 b_rms_px=0.0203134 b_max_px=0.0203416 b_angle_deg=2.79886 winner=none
W20260718 14:08:36.563699 0x16b0db000 aether_sfm_c.cc:2263] [aether_sfm] exact-site-geometric-conflict image_id=81 site_key=4976332612775826575 gap_m=0.0235103 a_views=2 a_rms_px=0.697346 a_max_px=0.698499 a_angle_deg=1.99691 b_views=3 b_rms_px=0.812429 b_max_px=1.1296 b_angle_deg=5.45019 winner=b
W20260718 14:08:36.563722 0x16b0db000 aether_sfm_c.cc:2263] [aether_sfm] exact-site-geometric-conflict image_id=81 site_key=4902935714791163721 gap_m=0.015392 a_views=3 a_rms_px=0.605285 a_max_px=0.835057 a_angle_deg=5.45854 b_views=2 b_rms_px=0.362671 b_max_px=0.363396 b_angle_deg=2.39362 winner=a
W20260718 14:08:36.563728 0x16b0db000 aether_sfm_c.cc:2263] [aether_sfm] exact-site-geometric-conflict image_id=81 site_key=4904773746045481196 gap_m=0.0140271 a_views=3 a_rms_px=0.575745 a_max_px=0.662499 a_angle_deg=5.45221 b_views=2 b_rms_px=0.240791 b_max_px=0.241256 b_angle_deg=2.39132 winner=none
W20260718 14:08:36.563746 0x16b0db000 aether_sfm_c.cc:2263] [aether_sfm] exact-site-geometric-conflict image_id=81 site_key=5001578525017403305 gap_m=0.0144091 a_views=3 a_rms_px=1.07628 a_max_px=1.2352 a_angle_deg=9.30498 b_views=2 b_rms_px=0.0525717 b_max_px=0.0526553 b_angle_deg=2.61875 winner=none
W20260718 14:08:36.563804 0x16b0db000 aether_sfm_c.cc:2263] [aether_sfm] exact-site-geometric-conflict image_id=81 site_key=4977911563011666263 gap_m=0.0252148 a_views=2 a_rms_px=0.0822504 a_max_px=0.0823761 a_angle_deg=2.2303 b_views=3 b_rms_px=0.945682 b_max_px=1.13574 b_angle_deg=6.4306 winner=none
W20260718 14:08:36.563810 0x16b0db000 aether_sfm_c.cc:2263] [aether_sfm] exact-site-geometric-conflict image_id=81 site_key=4909043888426823759 gap_m=0.0130596 a_views=3 a_rms_px=1.36312 a_max_px=1.84835 a_angle_deg=8.06891 b_views=2 b_rms_px=0.189678 b_max_px=0.190326 b_angle_deg=2.9646 winner=none
W20260718 14:08:36.563816 0x16b0db000 aether_sfm_c.cc:2263] [aether_sfm] exact-site-geometric-conflict image_id=81 site_key=4909043888426823759 gap_m=0.0130596 a_views=3 a_rms_px=1.36312 a_max_px=1.84835 a_angle_deg=8.06891 b_views=2 b_rms_px=0.189678 b_max_px=0.190326 b_angle_deg=2.9646 winner=none
W20260718 14:08:36.563830 0x16b0db000 aether_sfm_c.cc:2263] [aether_sfm] exact-site-geometric-conflict image_id=81 site_key=4993801619155898771 gap_m=0.0188475 a_views=2 a_rms_px=0.0834419 a_max_px=0.0837542 a_angle_deg=2.49405 b_views=3 b_rms_px=0.86014 b_max_px=1.02108 b_angle_deg=32.5715 winner=none
W20260718 14:08:36.563854 0x16b0db000 aether_sfm_c.cc:2263] [aether_sfm] exact-site-geometric-conflict image_id=81 site_key=4989008512954411472 gap_m=0.0230543 a_views=2 a_rms_px=0.899522 a_max_px=0.900566 a_angle_deg=2.42367 b_views=3 b_rms_px=1.48996 b_max_px=1.54193 b_angle_deg=8.65227 winner=none
W20260718 14:08:36.565835 0x16b0db000 aether_sfm_c.cc:2263] [aether_sfm] exact-site-geometric-conflict image_id=95 site_key=4990444432175307699 gap_m=0.017588 a_views=2 a_rms_px=0.326194 a_max_px=0.343741 a_angle_deg=6.48736 b_views=2 b_rms_px=1.90677 b_max_px=1.96573 b_angle_deg=8.23197 winner=a
W20260718 14:08:36.565887 0x16b0db000 aether_sfm_c.cc:2263] [aether_sfm] exact-site-geometric-conflict image_id=95 site_key=4979924180342664220 gap_m=0.0142126 a_views=2 a_rms_px=0.313112 a_max_px=0.343654 a_angle_deg=5.69004 b_views=2 b_rms_px=0.970771 b_max_px=1.00737 b_angle_deg=4.48266 winner=a
W20260718 14:08:36.565930 0x16b0db000 aether_sfm_c.cc:2263] [aether_sfm] exact-site-geometric-conflict image_id=95 site_key=4972414069284502435 gap_m=0.0648852 a_views=2 a_rms_px=0.400518 a_max_px=0.405264 a_angle_deg=2.13411 b_views=3 b_rms_px=1.17186 b_max_px=1.51696 b_angle_deg=5.21338 winner=none
W20260718 14:08:36.566042 0x16b0db000 aether_sfm_c.cc:2263] [aether_sfm] exact-site-geometric-conflict image_id=95 site_key=4992039862211893209 gap_m=0.018175 a_views=2 a_rms_px=0.345543 a_max_px=0.353931 a_angle_deg=3.6313 b_views=3 b_rms_px=1.2125 b_max_px=1.54803 b_angle_deg=7.14901 winner=none
W20260718 14:08:36.566181 0x16b0db000 aether_sfm_c.cc:2263] [aether_sfm] exact-site-geometric-conflict image_id=96 site_key=4973238660054695229 gap_m=0.0640278 a_views=2 a_rms_px=0.400518 a_max_px=0.405264 a_angle_deg=2.13411 b_views=3 b_rms_px=1.17186 b_max_px=1.51696 b_angle_deg=5.21338 winner=none
W20260718 14:08:36.566266 0x16b0db000 aether_sfm_c.cc:2263] [aether_sfm] exact-site-geometric-conflict image_id=96 site_key=4993729802995483013 gap_m=0.0178036 a_views=3 a_rms_px=1.2125 a_max_px=1.54803 a_angle_deg=7.14901 b_views=2 b_rms_px=0.345543 b_max_px=0.353931 b_angle_deg=3.6313 winner=none
W20260718 14:08:36.566279 0x16b0db000 aether_sfm_c.cc:2263] [aether_sfm] exact-site-geometric-conflict image_id=96 site_key=4952371960890516880 gap_m=0.0138848 a_views=2 a_rms_px=0.00994888 a_max_px=0.010097 a_angle_deg=4.39203 b_views=3 b_rms_px=0.937104 b_max_px=1.24167 b_angle_deg=7.95493 winner=none
W20260718 14:08:36.566301 0x16b0db000 aether_sfm_c.cc:2263] [aether_sfm] exact-site-geometric-conflict image_id=96 site_key=4952102962786758805 gap_m=0.0198559 a_views=2 a_rms_px=0.700601 a_max_px=0.707186 a_angle_deg=3.13758 b_views=3 b_rms_px=0.984994 b_max_px=1.23899 b_angle_deg=4.93153 winner=none
W20260718 14:08:36.566327 0x16b0db000 aether_sfm_c.cc:2263] [aether_sfm] exact-site-geometric-conflict image_id=96 site_key=4969332919865849372 gap_m=0.0363094 a_views=2 a_rms_px=0.745074 a_max_px=0.750883 a_angle_deg=1.60436 b_views=2 b_rms_px=1.46869 b_max_px=1.48658 b_angle_deg=1.8584 winner=a
W20260718 14:08:36.566464 0x16b0db000 aether_sfm_c.cc:2263] [aether_sfm] exact-site-geometric-conflict image_id=97 site_key=4985613723553517426 gap_m=0.0138441 a_views=2 a_rms_px=0.45258 a_max_px=0.481249 a_angle_deg=2.7846 b_views=4 b_rms_px=1.46165 b_max_px=1.99395 b_angle_deg=13.6334 winner=b
W20260718 14:08:36.566488 0x16b0db000 aether_sfm_c.cc:2263] [aether_sfm] exact-site-geometric-conflict image_id=97 site_key=4995694548687234694 gap_m=0.0283636 a_views=2 a_rms_px=1.23121 a_max_px=1.27747 a_angle_deg=4.49843 b_views=2 b_rms_px=0.471535 b_max_px=0.505955 b_angle_deg=5.53019 winner=b
W20260718 14:08:36.566513 0x16b0db000 aether_sfm_c.cc:2263] [aether_sfm] exact-site-geometric-conflict image_id=97 site_key=4975866900868369882 gap_m=0.0197273 a_views=2 a_rms_px=1.21264 a_max_px=1.26531 a_angle_deg=1.47522 b_views=4 b_rms_px=1.24902 b_max_px=1.27956 b_angle_deg=5.15076 winner=b
W20260718 14:08:36.566519 0x16b0db000 aether_sfm_c.cc:2263] [aether_sfm] exact-site-geometric-conflict image_id=97 site_key=4975866900868369882 gap_m=0.0197273 a_views=2 a_rms_px=1.21264 a_max_px=1.26531 a_angle_deg=1.47522 b_views=4 b_rms_px=1.24902 b_max_px=1.27956 b_angle_deg=5.15076 winner=b
W20260718 14:08:36.566542 0x16b0db000 aether_sfm_c.cc:2263] [aether_sfm] exact-site-geometric-conflict image_id=97 site_key=4959175979360813360 gap_m=0.0178979 a_views=3 a_rms_px=0.818438 a_max_px=1.03692 a_angle_deg=5.95104 b_views=2 b_rms_px=0.481027 b_max_px=0.50144 b_angle_deg=2.52169 winner=none
W20260718 14:08:36.566547 0x16b0db000 aether_sfm_c.cc:2263] [aether_sfm] exact-site-geometric-conflict image_id=97 site_key=4959175979360813360 gap_m=0.0178979 a_views=3 a_rms_px=0.818438 a_max_px=1.03692 a_angle_deg=5.95104 b_views=2 b_rms_px=0.481027 b_max_px=0.50144 b_angle_deg=2.52169 winner=none
W20260718 14:08:36.566562 0x16b0db000 aether_sfm_c.cc:2263] [aether_sfm] exact-site-geometric-conflict image_id=97 site_key=4983028823246250601 gap_m=0.0219596 a_views=2 a_rms_px=0.945131 a_max_px=1.00237 a_angle_deg=2.23931 b_views=3 b_rms_px=1.2891 b_max_px=1.73632 b_angle_deg=6.19873 winner=none
W20260718 14:08:36.566579 0x16b0db000 aether_sfm_c.cc:2263] [aether_sfm] exact-site-geometric-conflict image_id=97 site_key=4954234009604126639 gap_m=0.0172061 a_views=3 a_rms_px=0.937104 a_max_px=1.24167 a_angle_deg=7.95493 b_views=2 b_rms_px=0.514584 b_max_px=0.538372 b_angle_deg=3.61182 winner=none
W20260718 14:08:36.566585 0x16b0db000 aether_sfm_c.cc:2263] [aether_sfm] exact-site-geometric-conflict image_id=97 site_key=4954234009604126639 gap_m=0.0139407 a_views=3 a_rms_px=0.937104 a_max_px=1.24167 a_angle_deg=7.95493 b_views=2 b_rms_px=0.00994888 b_max_px=0.010097 b_angle_deg=4.39203 winner=none
W20260718 14:08:36.566590 0x16b0db000 aether_sfm_c.cc:2263] [aether_sfm] exact-site-geometric-conflict image_id=97 site_key=4954234009604126639 gap_m=0.0311468 a_views=2 a_rms_px=0.514584 a_max_px=0.538372 a_angle_deg=3.61182 b_views=2 b_rms_px=0.00994888 b_max_px=0.010097 b_angle_deg=4.39203 winner=b
W20260718 14:08:36.566610 0x16b0db000 aether_sfm_c.cc:2263] [aether_sfm] exact-site-geometric-conflict image_id=97 site_key=4910400410891078127 gap_m=0.0790879 a_views=3 a_rms_px=1.10801 a_max_px=1.50715 a_angle_deg=5.0592 b_views=2 b_rms_px=0.672736 b_max_px=0.687021 b_angle_deg=1.1639 winner=none
W20260718 14:08:36.566616 0x16b0db000 aether_sfm_c.cc:2263] [aether_sfm] exact-site-geometric-conflict image_id=97 site_key=4910400410891078127 gap_m=0.0790879 a_views=3 a_rms_px=1.10801 a_max_px=1.50715 a_angle_deg=5.0592 b_views=2 b_rms_px=0.672736 b_max_px=0.687021 b_angle_deg=1.1639 winner=none
W20260718 14:08:36.566623 0x16b0db000 aether_sfm_c.cc:2263] [aether_sfm] exact-site-geometric-conflict image_id=97 site_key=4953366404729535281 gap_m=0.0199825 a_views=3 a_rms_px=0.984994 a_max_px=1.23899 a_angle_deg=4.93153 b_views=2 b_rms_px=0.700601 b_max_px=0.707186 b_angle_deg=3.13758 winner=none
W20260718 14:08:36.566636 0x16b0db000 aether_sfm_c.cc:2263] [aether_sfm] exact-site-geometric-conflict image_id=97 site_key=4978707759747398297 gap_m=0.0530536 a_views=2 a_rms_px=0.667617 a_max_px=0.69897 a_angle_deg=2.26333 b_views=3 b_rms_px=1.28993 b_max_px=1.72581 b_angle_deg=4.56136 winner=none
W20260718 14:08:36.566642 0x16b0db000 aether_sfm_c.cc:2263] [aether_sfm] exact-site-geometric-conflict image_id=97 site_key=4978707759747398297 gap_m=0.0530536 a_views=2 a_rms_px=0.667617 a_max_px=0.69897 a_angle_deg=2.26333 b_views=3 b_rms_px=1.28993 b_max_px=1.72581 b_angle_deg=4.56136 winner=none
W20260718 14:08:36.566753 0x16b0db000 aether_sfm_c.cc:2263] [aether_sfm] exact-site-geometric-conflict image_id=98 site_key=4915183608593696135 gap_m=0.079883 a_views=2 a_rms_px=0.672736 a_max_px=0.687021 a_angle_deg=1.1639 b_views=3 b_rms_px=1.10801 b_max_px=1.50715 b_angle_deg=5.0592 winner=none
W20260718 14:08:36.566760 0x16b0db000 aether_sfm_c.cc:2263] [aether_sfm] exact-site-geometric-conflict image_id=98 site_key=4915183608593696135 gap_m=0.079883 a_views=3 a_rms_px=1.10801 a_max_px=1.50715 a_angle_deg=5.0592 b_views=2 b_rms_px=0.672736 b_max_px=0.687021 b_angle_deg=1.1639 winner=none
W20260718 14:08:36.566770 0x16b0db000 aether_sfm_c.cc:2263] [aether_sfm] exact-site-geometric-conflict image_id=98 site_key=4992484481518730171 gap_m=0.0120837 a_views=2 a_rms_px=0.462049 a_max_px=0.503526 a_angle_deg=5.15373 b_views=2 b_rms_px=0.612602 b_max_px=0.672277 b_angle_deg=14.1868 winner=none
W20260718 14:08:36.566804 0x16b0db000 aether_sfm_c.cc:2263] [aether_sfm] exact-site-geometric-conflict image_id=98 site_key=4990076319126456436 gap_m=0.0135165 a_views=2 a_rms_px=0.45258 a_max_px=0.481249 a_angle_deg=2.7846 b_views=4 b_rms_px=1.46165 b_max_px=1.99395 b_angle_deg=13.6334 winner=b
W20260718 14:08:36.566829 0x16b0db000 aether_sfm_c.cc:2263] [aether_sfm] exact-site-geometric-conflict image_id=98 site_key=4987047375028877768 gap_m=0.0213979 a_views=2 a_rms_px=0.945131 a_max_px=1.00237 a_angle_deg=2.23931 b_views=3 b_rms_px=1.2891 b_max_px=1.73632 b_angle_deg=6.19873 winner=none
W20260718 14:08:36.566835 0x16b0db000 aether_sfm_c.cc:2263] [aether_sfm] exact-site-geometric-conflict image_id=98 site_key=4978665776434394204 gap_m=0.0194391 a_views=2 a_rms_px=1.21264 a_max_px=1.26531 a_angle_deg=1.47522 b_views=4 b_rms_px=1.24902 b_max_px=1.27956 b_angle_deg=5.15076 winner=b
W20260718 14:08:36.566841 0x16b0db000 aether_sfm_c.cc:2263] [aether_sfm] exact-site-geometric-conflict image_id=98 site_key=4978665776434394204 gap_m=0.0194391 a_views=4 a_rms_px=1.24902 a_max_px=1.27956 a_angle_deg=5.15076 b_views=2 b_rms_px=1.21264 b_max_px=1.26531 b_angle_deg=1.47522 winner=a
W20260718 14:08:36.566855 0x16b0db000 aether_sfm_c.cc:2263] [aether_sfm] exact-site-geometric-conflict image_id=98 site_key=4963572234870851237 gap_m=0.0179315 a_views=3 a_rms_px=0.818438 a_max_px=1.03692 a_angle_deg=5.95104 b_views=2 b_rms_px=0.481027 b_max_px=0.50144 b_angle_deg=2.52169 winner=none
W20260718 14:08:36.566861 0x16b0db000 aether_sfm_c.cc:2263] [aether_sfm] exact-site-geometric-conflict image_id=98 site_key=4963572234870851237 gap_m=0.0179315 a_views=2 a_rms_px=0.481027 a_max_px=0.50144 a_angle_deg=2.52169 b_views=3 b_rms_px=0.818438 b_max_px=1.03692 b_angle_deg=5.95104 winner=none
W20260718 14:08:36.566877 0x16b0db000 aether_sfm_c.cc:2263] [aether_sfm] exact-site-geometric-conflict image_id=98 site_key=4958312622218124329 gap_m=0.0173351 a_views=2 a_rms_px=0.514584 a_max_px=0.538372 a_angle_deg=3.61182 b_views=3 b_rms_px=0.937104 b_max_px=1.24167 b_angle_deg=7.95493 winner=none
W20260718 14:08:36.566900 0x16b0db000 aether_sfm_c.cc:2263] [aether_sfm] exact-site-geometric-conflict image_id=98 site_key=4981900848888262236 gap_m=0.0523701 a_views=2 a_rms_px=0.667617 a_max_px=0.69897 a_angle_deg=2.26333 b_views=3 b_rms_px=1.28993 b_max_px=1.72581 b_angle_deg=4.56136 winner=none
W20260718 14:08:36.566906 0x16b0db000 aether_sfm_c.cc:2263] [aether_sfm] exact-site-geometric-conflict image_id=98 site_key=4981900848888262236 gap_m=0.0523701 a_views=3 a_rms_px=1.28993 a_max_px=1.72581 a_angle_deg=4.56136 b_views=2 b_rms_px=0.667617 b_max_px=0.69897 b_angle_deg=2.26333 winner=none
W20260718 14:08:36.602108 0x16b0db000 aether_sfm_c.cc:2575] [aether_sfm] exact-site-birth-owner topology phase=pre_stage1 accepted=0 exact_birth_accepted=0 exact_aliases=0 raw_rows=65 raw_rewrites=0 tvg_rows=62 tvg_rewrites=0 deduplicated=244 risk_duplicate_sites=177740 risk_verified_sites=19807 risk_competing_sites=8900 risk_competing_aliases=0 weighted_sites=0 weighted_support=0 geometric_components=31931 geometric_conflicts=372 geometric_decisions=148 suppressed_components=113 suppressed_observations=229
I20260718 14:08:36.614139 0x16b0db000 database_cache.cc:72] Loading rigs...
I20260718 14:08:36.614241 0x16b0db000 database_cache.cc:82]  0 in 0.000s
I20260718 14:08:36.614250 0x16b0db000 database_cache.cc:90] Loading cameras...
I20260718 14:08:36.614280 0x16b0db000 database_cache.cc:108]  1 in 0.000s
I20260718 14:08:36.614287 0x16b0db000 database_cache.cc:116] Loading frames...
I20260718 14:08:36.614317 0x16b0db000 database_cache.cc:126]  0 in 0.000s
I20260718 14:08:36.614323 0x16b0db000 database_cache.cc:134] Loading matches...
I20260718 14:08:36.615361 0x16b0db000 database_cache.cc:139]  579 in 0.001s
I20260718 14:08:36.615367 0x16b0db000 database_cache.cc:147] Loading images...
I20260718 14:08:36.629570 0x16b0db000 database_cache.cc:236]  105 in 0.014s (loaded all 105)
I20260718 14:08:36.629619 0x16b0db000 database_cache.cc:255] Loading pose priors...
I20260718 14:08:36.629695 0x16b0db000 database_cache.cc:263]  0 in 0.000s
I20260718 14:08:36.629704 0x16b0db000 database_cache.cc:271] Building correspondence graph...
I20260718 14:08:36.660497 0x16b0db000 database_cache.cc:300]  in 0.031s (ignored 9)
W20260718 14:08:36.660769 0x16b167000 aether_sfm_c.cc:6091] [aether_sfm] stored-pair replay: finalize enrichment skipped (matcher_calls=0)
W20260718 14:08:39.676082 0x16b0db000 levenberg_marquardt_strategy.cc:123] Linear solver failure. Failed to compute a step: Eigen failure. Unable to perform dense Cholesky factorization.
W20260718 14:08:39.717111 0x16b0db000 levenberg_marquardt_strategy.cc:123] Linear solver failure. Failed to compute a step: Eigen failure. Unable to perform dense Cholesky factorization.
W20260718 14:08:39.834017 0x16b0db000 levenberg_marquardt_strategy.cc:123] Linear solver failure. Failed to compute a step: Eigen failure. Unable to perform dense Cholesky factorization.
W20260718 14:08:39.951215 0x16b0db000 levenberg_marquardt_strategy.cc:123] Linear solver failure. Failed to compute a step: Eigen failure. Unable to perform dense Cholesky factorization.
W20260718 14:08:39.992081 0x16b0db000 levenberg_marquardt_strategy.cc:123] Linear solver failure. Failed to compute a step: Eigen failure. Unable to perform dense Cholesky factorization.
W20260718 14:08:40.108041 0x16b0db000 levenberg_marquardt_strategy.cc:123] Linear solver failure. Failed to compute a step: Eigen failure. Unable to perform dense Cholesky factorization.
W20260718 14:08:40.223553 0x16b0db000 levenberg_marquardt_strategy.cc:123] Linear solver failure. Failed to compute a step: Eigen failure. Unable to perform dense Cholesky factorization.
W20260718 14:08:40.339451 0x16b0db000 levenberg_marquardt_strategy.cc:123] Linear solver failure. Failed to compute a step: Eigen failure. Unable to perform dense Cholesky factorization.
W20260718 14:08:40.455546 0x16b0db000 levenberg_marquardt_strategy.cc:123] Linear solver failure. Failed to compute a step: Eigen failure. Unable to perform dense Cholesky factorization.
W20260718 14:08:40.496465 0x16b0db000 levenberg_marquardt_strategy.cc:123] Linear solver failure. Failed to compute a step: Eigen failure. Unable to perform dense Cholesky factorization.
W20260718 14:08:40.614021 0x16b0db000 levenberg_marquardt_strategy.cc:123] Linear solver failure. Failed to compute a step: Eigen failure. Unable to perform dense Cholesky factorization.
W20260718 14:08:40.735012 0x16b0db000 levenberg_marquardt_strategy.cc:123] Linear solver failure. Failed to compute a step: Eigen failure. Unable to perform dense Cholesky factorization.
I20260718 14:08:40.748721 0x16b0db000 bundle_adjustment_ceres.cc:1051] [AETHER] solver_used=DENSE_SCHUR sparse_backend=EIGEN_SPARSE dense_backend=EIGEN mixed=0 threads=3
W20260718 14:08:40.961047 0x16b0db000 aether_sfm_c.cc:2263] [aether_sfm] exact-site-geometric-conflict image_id=3 site_key=4887465848181231376 gap_m=0.0416214 a_views=2 a_rms_px=0.920208 a_max_px=0.935558 a_angle_deg=2.92168 b_views=3 b_rms_px=1.38043 b_max_px=1.69157 b_angle_deg=3.59975 winner=none
W20260718 14:08:40.961235 0x16b0db000 aether_sfm_c.cc:2263] [aether_sfm] exact-site-geometric-conflict image_id=4 site_key=5000662064914723709 gap_m=0.029507 a_views=3 a_rms_px=1.24568 a_max_px=1.73324 a_angle_deg=5.62141 b_views=2 b_rms_px=0.572974 b_max_px=0.581684 b_angle_deg=1.54602 winner=none
W20260718 14:08:40.961291 0x16b0db000 aether_sfm_c.cc:2263] [aether_sfm] exact-site-geometric-conflict image_id=4 site_key=4884694383095745329 gap_m=0.0415167 a_views=2 a_rms_px=0.920208 a_max_px=0.935558 a_angle_deg=2.92168 b_views=3 b_rms_px=1.38043 b_max_px=1.69157 b_angle_deg=3.59975 winner=none
W20260718 14:08:40.961312 0x16b0db000 aether_sfm_c.cc:2263] [aether_sfm] exact-site-geometric-conflict image_id=4 site_key=4882602291637601302 gap_m=0.0286654 a_views=2 a_rms_px=1.70357 a_max_px=1.76717 a_angle_deg=1.43321 b_views=3 b_rms_px=1.47447 b_max_px=1.94015 b_angle_deg=7.01038 winner=b
W20260718 14:08:40.961321 0x16b0db000 aether_sfm_c.cc:2263] [aether_sfm] exact-site-geometric-conflict image_id=4 site_key=4882201133102966443 gap_m=0.0221122 a_views=2 a_rms_px=1.50751 a_max_px=1.56196 a_angle_deg=1.48421 b_views=3 b_rms_px=1.29868 b_max_px=1.72973 b_angle_deg=7.21303 winner=b
W20260718 14:08:40.961378 0x16b0db000 aether_sfm_c.cc:2263] [aether_sfm] exact-site-geometric-conflict image_id=4 site_key=4882352732563527532 gap_m=0.0328184 a_views=3 a_rms_px=1.41023 a_max_px=1.84049 a_angle_deg=7.19565 b_views=2 b_rms_px=1.5842 b_max_px=1.64153 b_angle_deg=1.4704 winner=a
W20260718 14:08:40.961402 0x16b0db000 aether_sfm_c.cc:2263] [aether_sfm] exact-site-geometric-conflict image_id=4 site_key=4883443345018559854 gap_m=0.0276274 a_views=2 a_rms_px=1.36242 a_max_px=1.41272 a_angle_deg=1.4454 b_views=3 b_rms_px=1.20404 b_max_px=1.56797 b_angle_deg=7.06391 winner=b
W20260718 14:08:40.961552 0x16b0db000 aether_sfm_c.cc:2263] [aether_sfm] exact-site-geometric-conflict image_id=5 site_key=4857282097922854075 gap_m=0.0217059 a_views=2 a_rms_px=1.50751 a_max_px=1.56196 a_angle_deg=1.48421 b_views=3 b_rms_px=1.29868 b_max_px=1.72973 b_angle_deg=7.21303 winner=b
W20260718 14:08:40.961578 0x16b0db000 aether_sfm_c.cc:2263] [aether_sfm] exact-site-geometric-conflict image_id=5 site_key=4857577673277103401 gap_m=0.0322034 a_views=3 a_rms_px=1.41023 a_max_px=1.84049 a_angle_deg=7.19565 b_views=2 b_rms_px=1.5842 b_max_px=1.64153 b_angle_deg=1.4704 winner=a
W20260718 14:08:40.961585 0x16b0db000 aether_sfm_c.cc:2263] [aether_sfm] exact-site-geometric-conflict image_id=5 site_key=4998158292254329672 gap_m=0.0308989 a_views=2 a_rms_px=0.572974 a_max_px=0.581684 a_angle_deg=1.54602 b_views=3 b_rms_px=1.24568 b_max_px=1.73324 b_angle_deg=5.62141 winner=none
W20260718 14:08:40.961593 0x16b0db000 aether_sfm_c.cc:2263] [aether_sfm] exact-site-geometric-conflict image_id=5 site_key=4857751473423008722 gap_m=0.0280757 a_views=2 a_rms_px=1.70357 a_max_px=1.76717 a_angle_deg=1.43321 b_views=3 b_rms_px=1.47447 b_max_px=1.94015 b_angle_deg=7.01038 winner=b
W20260718 14:08:40.961606 0x16b0db000 aether_sfm_c.cc:2263] [aether_sfm] exact-site-geometric-conflict image_id=5 site_key=4859792622270860278 gap_m=0.0270722 a_views=2 a_rms_px=1.36242 a_max_px=1.41272 a_angle_deg=1.4454 b_views=3 b_rms_px=1.20404 b_max_px=1.56797 b_angle_deg=7.06391 winner=b
W20260718 14:08:40.961698 0x16b0db000 aether_sfm_c.cc:2263] [aether_sfm] exact-site-geometric-conflict image_id=6 site_key=4998698788118736320 gap_m=0.0543072 a_views=3 a_rms_px=1.19228 a_max_px=1.53586 a_angle_deg=15.1046 b_views=2 b_rms_px=1.53051 b_max_px=1.59018 b_angle_deg=3.7382 winner=a
W20260718 14:08:40.961839 0x16b0db000 aether_sfm_c.cc:2263] [aether_sfm] exact-site-geometric-conflict image_id=6 site_key=4971243153838542063 gap_m=0.0901035 a_views=3 a_rms_px=1.43981 a_max_px=1.94696 a_angle_deg=3.45264 b_views=2 b_rms_px=1.17262 b_max_px=1.18638 b_angle_deg=1.53728 winner=none
W20260718 14:08:40.962825 0x16b0db000 aether_sfm_c.cc:2263] [aether_sfm] exact-site-geometric-conflict image_id=13 site_key=4968471465417015877 gap_m=0.0418538 a_views=2 a_rms_px=0.774726 a_max_px=0.776082 a_angle_deg=2.5455 b_views=3 b_rms_px=1.47525 b_max_px=1.82578 b_angle_deg=4.59475 winner=none
W20260718 14:08:40.962841 0x16b0db000 aether_sfm_c.cc:2263] [aether_sfm] exact-site-geometric-conflict image_id=13 site_key=4973779718569233786 gap_m=0.013234 a_views=4 a_rms_px=1.43141 a_max_px=1.85215 a_angle_deg=19.3764 b_views=2 b_rms_px=1.43043 b_max_px=1.46752 b_angle_deg=8.9679 winner=a
W20260718 14:08:40.963069 0x16b0db000 aether_sfm_c.cc:2263] [aether_sfm] exact-site-geometric-conflict image_id=15 site_key=4972239813886582271 gap_m=0.0425441 a_views=3 a_rms_px=1.47525 a_max_px=1.82578 a_angle_deg=4.59475 b_views=2 b_rms_px=0.774726 b_max_px=0.776082 b_angle_deg=2.5455 winner=none
W20260718 14:08:40.963510 0x16b0db000 aether_sfm_c.cc:2263] [aether_sfm] exact-site-geometric-conflict image_id=18 site_key=4949994928425125910 gap_m=0.0746546 a_views=3 a_rms_px=0.616532 a_max_px=0.884237 a_angle_deg=8.84371 b_views=2 b_rms_px=0.319752 b_max_px=0.354166 b_angle_deg=9.10592 winner=none
W20260718 14:08:40.963520 0x16b0db000 aether_sfm_c.cc:2263] [aether_sfm] exact-site-geometric-conflict image_id=18 site_key=4966127285149113670 gap_m=0.0897543 a_views=2 a_rms_px=1.17262 a_max_px=1.18638 a_angle_deg=1.53728 b_views=3 b_rms_px=1.43981 b_max_px=1.94696 b_angle_deg=3.45264 winner=none
W20260718 14:08:40.963888 0x16b0db000 aether_sfm_c.cc:2263] [aether_sfm] exact-site-geometric-conflict image_id=21 site_key=4961156994363923733 gap_m=0.015787 a_views=2 a_rms_px=1.11732 a_max_px=1.12828 a_angle_deg=5.2459 b_views=3 b_rms_px=1.33115 b_max_px=1.67225 b_angle_deg=11.8476 winner=b
W20260718 14:08:40.964053 0x16b0db000 aether_sfm_c.cc:2263] [aether_sfm] exact-site-geometric-conflict image_id=22 site_key=4961702365017261576 gap_m=0.0157671 a_views=3 a_rms_px=1.33115 a_max_px=1.67225 a_angle_deg=11.8476 b_views=2 b_rms_px=1.11732 b_max_px=1.12828 b_angle_deg=5.2459 winner=a
W20260718 14:08:40.964742 0x16b0db000 aether_sfm_c.cc:2263] [aether_sfm] exact-site-geometric-conflict image_id=27 site_key=4929020391200912718 gap_m=0.0185557 a_views=2 a_rms_px=1.36495 a_max_px=1.43788 a_angle_deg=8.54607 b_views=2 b_rms_px=1.44768 b_max_px=1.46842 b_angle_deg=4.40276 winner=none
W20260718 14:08:40.964751 0x16b0db000 aether_sfm_c.cc:2263] [aether_sfm] exact-site-geometric-conflict image_id=27 site_key=4929020391200912718 gap_m=0.0185557 a_views=2 a_rms_px=1.36495 a_max_px=1.43788 a_angle_deg=8.54607 b_views=2 b_rms_px=1.44768 b_max_px=1.46842 b_angle_deg=4.40276 winner=none
W20260718 14:08:40.964853 0x16b0db000 aether_sfm_c.cc:2263] [aether_sfm] exact-site-geometric-conflict image_id=27 site_key=4959671146143959662 gap_m=0.0137484 a_views=2 a_rms_px=0.696047 a_max_px=0.697502 a_angle_deg=2.79396 b_views=3 b_rms_px=0.716109 b_max_px=0.846365 b_angle_deg=4.91408 winner=b
W20260718 14:08:40.964872 0x16b0db000 aether_sfm_c.cc:2263] [aether_sfm] exact-site-geometric-conflict image_id=27 site_key=4961291916479638428 gap_m=0.0207338 a_views=2 a_rms_px=0.171252 a_max_px=0.172127 a_angle_deg=2.09986 b_views=3 b_rms_px=1.41901 b_max_px=1.96391 b_angle_deg=3.56224 winner=none
W20260718 14:08:40.964878 0x16b0db000 aether_sfm_c.cc:2263] [aether_sfm] exact-site-geometric-conflict image_id=27 site_key=4961291916479638428 gap_m=0.0207338 a_views=2 a_rms_px=0.171252 a_max_px=0.172127 a_angle_deg=2.09986 b_views=3 b_rms_px=1.41901 b_max_px=1.96391 b_angle_deg=3.56224 winner=none
W20260718 14:08:40.964963 0x16b0db000 aether_sfm_c.cc:2263] [aether_sfm] exact-site-geometric-conflict image_id=28 site_key=4963028552144219641 gap_m=0.0136857 a_views=2 a_rms_px=0.696047 a_max_px=0.697502 a_angle_deg=2.79396 b_views=3 b_rms_px=0.716109 b_max_px=0.846365 b_angle_deg=4.91408 winner=b
W20260718 14:08:40.965053 0x16b0db000 aether_sfm_c.cc:2263] [aether_sfm] exact-site-geometric-conflict image_id=28 site_key=4960841503259035936 gap_m=0.0273851 a_views=2 a_rms_px=0.00209644 a_max_px=0.00210233 a_angle_deg=2.39673 b_views=2 b_rms_px=1.20651 b_max_px=1.22698 b_angle_deg=1.73512 winner=a
W20260718 14:08:40.965070 0x16b0db000 aether_sfm_c.cc:2263] [aether_sfm] exact-site-geometric-conflict image_id=28 site_key=4965036990523256674 gap_m=0.0205454 a_views=2 a_rms_px=0.171252 a_max_px=0.172127 a_angle_deg=2.09986 b_views=3 b_rms_px=1.41901 b_max_px=1.96391 b_angle_deg=3.56224 winner=none
W20260718 14:08:40.965075 0x16b0db000 aether_sfm_c.cc:2263] [aether_sfm] exact-site-geometric-conflict image_id=28 site_key=4965036990523256674 gap_m=0.0205454 a_views=2 a_rms_px=0.171252 a_max_px=0.172127 a_angle_deg=2.09986 b_views=3 b_rms_px=1.41901 b_max_px=1.96391 b_angle_deg=3.56224 winner=none
W20260718 14:08:40.966721 0x16b0db000 aether_sfm_c.cc:2263] [aether_sfm] exact-site-geometric-conflict image_id=42 site_key=4963856467220690492 gap_m=0.034701 a_views=2 a_rms_px=0.798763 a_max_px=0.806235 a_angle_deg=2.98578 b_views=3 b_rms_px=1.52323 b_max_px=1.71222 b_angle_deg=5.45817 winner=none
W20260718 14:08:40.966993 0x16b0db000 aether_sfm_c.cc:2263] [aether_sfm] exact-site-geometric-conflict image_id=43 site_key=4953165344406897238 gap_m=0.0360952 a_views=3 a_rms_px=1.41103 a_max_px=1.72214 a_angle_deg=3.94756 b_views=2 b_rms_px=0.590213 b_max_px=0.604227 b_angle_deg=1.99677 winner=none
W20260718 14:08:40.967050 0x16b0db000 aether_sfm_c.cc:2263] [aether_sfm] exact-site-geometric-conflict image_id=43 site_key=4968169967301731465 gap_m=0.0145883 a_views=2 a_rms_px=0.751298 a_max_px=0.752092 a_angle_deg=2.51333 b_views=3 b_rms_px=0.911217 b_max_px=1.12716 b_angle_deg=5.46493 winner=b
W20260718 14:08:40.967095 0x16b0db000 aether_sfm_c.cc:2263] [aether_sfm] exact-site-geometric-conflict image_id=43 site_key=4968957054417422342 gap_m=0.0349529 a_views=2 a_rms_px=0.798763 a_max_px=0.806235 a_angle_deg=2.98578 b_views=3 b_rms_px=1.52323 b_max_px=1.71222 b_angle_deg=5.45817 winner=none
W20260718 14:08:40.967325 0x16b0db000 aether_sfm_c.cc:2263] [aether_sfm] exact-site-geometric-conflict image_id=44 site_key=4952411465963775289 gap_m=0.0351118 a_views=2 a_rms_px=0.590213 a_max_px=0.604227 a_angle_deg=1.99677 b_views=3 b_rms_px=1.41103 b_max_px=1.72214 b_angle_deg=3.94756 winner=none
W20260718 14:08:40.967359 0x16b0db000 aether_sfm_c.cc:2263] [aether_sfm] exact-site-geometric-conflict image_id=44 site_key=4967415010834759017 gap_m=0.0147973 a_views=2 a_rms_px=0.751298 a_max_px=0.752092 a_angle_deg=2.51333 b_views=3 b_rms_px=0.911217 b_max_px=1.12716 b_angle_deg=5.46493 winner=b
W20260718 14:08:40.969739 0x16b0db000 aether_sfm_c.cc:2263] [aether_sfm] exact-site-geometric-conflict image_id=56 site_key=4919858963974316384 gap_m=0.0126907 a_views=2 a_rms_px=0.85109 a_max_px=0.861053 a_angle_deg=14.7913 b_views=2 b_rms_px=0.841916 b_max_px=0.877743 b_angle_deg=15.9178 winner=none
W20260718 14:08:40.969762 0x16b0db000 aether_sfm_c.cc:2263] [aether_sfm] exact-site-geometric-conflict image_id=56 site_key=4973468148758116633 gap_m=0.041318 a_views=3 a_rms_px=1.3994 a_max_px=1.85239 a_angle_deg=16.4995 b_views=2 b_rms_px=0.26347 b_max_px=0.284834 b_angle_deg=2.56018 winner=none
W20260718 14:08:40.969845 0x16b0db000 aether_sfm_c.cc:2263] [aether_sfm] exact-site-geometric-conflict image_id=56 site_key=4972159278951653652 gap_m=0.0128669 a_views=2 a_rms_px=1.36819 a_max_px=1.48237 a_angle_deg=1.66864 b_views=3 b_rms_px=1.20355 b_max_px=1.45519 b_angle_deg=6.32955 winner=b
W20260718 14:08:40.969858 0x16b0db000 aether_sfm_c.cc:2263] [aether_sfm] exact-site-geometric-conflict image_id=56 site_key=4989568276038192630 gap_m=0.018777 a_views=2 a_rms_px=1.30902 a_max_px=1.44036 a_angle_deg=14.6177 b_views=2 b_rms_px=1.26417 b_max_px=1.34956 b_angle_deg=7.92631 winner=a
W20260718 14:08:40.969869 0x16b0db000 aether_sfm_c.cc:2263] [aether_sfm] exact-site-geometric-conflict image_id=57 site_key=4904813238268028764 gap_m=0.0261045 a_views=2 a_rms_px=0.792013 a_max_px=0.806589 a_angle_deg=10.0855 b_views=2 b_rms_px=1.50468 b_max_px=1.56307 b_angle_deg=7.43905 winner=a
W20260718 14:08:40.969973 0x16b0db000 aether_sfm_c.cc:2263] [aether_sfm] exact-site-geometric-conflict image_id=57 site_key=4962885765955033969 gap_m=0.0128452 a_views=2 a_rms_px=1.36819 a_max_px=1.48237 a_angle_deg=1.66864 b_views=3 b_rms_px=1.20355 b_max_px=1.45519 b_angle_deg=6.32955 winner=b
W20260718 14:08:40.970048 0x16b0db000 aether_sfm_c.cc:2263] [aether_sfm] exact-site-geometric-conflict image_id=57 site_key=4964856052134605072 gap_m=0.0415157 a_views=2 a_rms_px=0.26347 a_max_px=0.284834 a_angle_deg=2.56018 b_views=3 b_rms_px=1.3994 b_max_px=1.85239 b_angle_deg=16.4995 winner=none
W20260718 14:08:40.970150 0x16b0db000 aether_sfm_c.cc:2263] [aether_sfm] exact-site-geometric-conflict image_id=58 site_key=4912237016221397782 gap_m=0.0141342 a_views=3 a_rms_px=1.36675 a_max_px=1.73098 a_angle_deg=15.48 b_views=2 b_rms_px=0.304186 b_max_px=0.304582 b_angle_deg=5.47917 winner=none
W20260718 14:08:40.970227 0x16b0db000 aether_sfm_c.cc:2263] [aether_sfm] exact-site-geometric-conflict image_id=58 site_key=4903384289767768047 gap_m=0.0303898 a_views=2 a_rms_px=0.33079 a_max_px=0.354496 a_angle_deg=19.0342 b_views=2 b_rms_px=1.85454 b_max_px=1.95978 b_angle_deg=15.8101 winner=a
W20260718 14:08:40.970244 0x16b0db000 aether_sfm_c.cc:2263] [aether_sfm] exact-site-geometric-conflict image_id=58 site_key=4968512658443194373 gap_m=0.0127953 a_views=2 a_rms_px=0.613602 a_max_px=0.624292 a_angle_deg=6.66864 b_views=3 b_rms_px=1.27191 b_max_px=1.62436 b_angle_deg=16.3055 winner=none
W20260718 14:08:40.970270 0x16b0db000 aether_sfm_c.cc:2263] [aether_sfm] exact-site-geometric-conflict image_id=58 site_key=4871947955243491667 gap_m=0.0218493 a_views=2 a_rms_px=1.7323 a_max_px=1.73465 a_angle_deg=5.63289 b_views=2 b_rms_px=1.20456 b_max_px=1.27078 b_angle_deg=10.9358 winner=b
W20260718 14:08:40.970335 0x16b0db000 aether_sfm_c.cc:2263] [aether_sfm] exact-site-geometric-conflict image_id=59 site_key=4972542355676457289 gap_m=0.0127869 a_views=2 a_rms_px=0.613602 a_max_px=0.624292 a_angle_deg=6.66864 b_views=3 b_rms_px=1.27191 b_max_px=1.62436 b_angle_deg=16.3055 winner=none
W20260718 14:08:40.970356 0x16b0db000 aether_sfm_c.cc:2263] [aether_sfm] exact-site-geometric-conflict image_id=59 site_key=4919272262849761402 gap_m=0.0143263 a_views=3 a_rms_px=1.36675 a_max_px=1.73098 a_angle_deg=15.48 b_views=2 b_rms_px=0.304186 b_max_px=0.304582 b_angle_deg=5.47917 winner=none
W20260718 14:08:40.970642 0x16b0db000 aether_sfm_c.cc:2263] [aether_sfm] exact-site-geometric-conflict image_id=60 site_key=4987340528053100289 gap_m=0.0124391 a_views=2 a_rms_px=0.163638 a_max_px=0.167735 a_angle_deg=4.40923 b_views=2 b_rms_px=1.27079 b_max_px=1.30112 b_angle_deg=7.56098 winner=a
W20260718 14:08:40.970681 0x16b0db000 aether_sfm_c.cc:2263] [aether_sfm] exact-site-geometric-conflict image_id=60 site_key=4895252795685952953 gap_m=0.0120116 a_views=2 a_rms_px=0.886283 a_max_px=0.912271 a_angle_deg=2.9151 b_views=3 b_rms_px=0.934346 b_max_px=1.13331 b_angle_deg=5.96846 winner=b
W20260718 14:08:40.970758 0x16b0db000 aether_sfm_c.cc:2263] [aether_sfm] exact-site-geometric-conflict image_id=60 site_key=4979619572726084864 gap_m=0.0120034 a_views=2 a_rms_px=1.73823 a_max_px=1.81643 a_angle_deg=14.2627 b_views=2 b_rms_px=1.00552 b_max_px=1.03737 b_angle_deg=3.51279 winner=b
W20260718 14:08:40.970809 0x16b0db000 aether_sfm_c.cc:2263] [aether_sfm] exact-site-geometric-conflict image_id=61 site_key=4981528526773911346 gap_m=0.0149632 a_views=3 a_rms_px=0.987544 a_max_px=1.33841 a_angle_deg=15.3307 b_views=2 b_rms_px=0.275998 b_max_px=0.27638 b_angle_deg=3.86393 winner=none
W20260718 14:08:40.970861 0x16b0db000 aether_sfm_c.cc:2263] [aether_sfm] exact-site-geometric-conflict image_id=61 site_key=4967075532320404189 gap_m=0.0145953 a_views=2 a_rms_px=0.0406924 a_max_px=0.040813 a_angle_deg=3.42769 b_views=4 b_rms_px=0.98718 b_max_px=1.40412 b_angle_deg=21.0073 winner=b
W20260718 14:08:40.970867 0x16b0db000 aether_sfm_c.cc:2263] [aether_sfm] exact-site-geometric-conflict image_id=61 site_key=4967075532320404189 gap_m=0.0145953 a_views=2 a_rms_px=0.0406924 a_max_px=0.040813 a_angle_deg=3.42769 b_views=4 b_rms_px=0.98718 b_max_px=1.40412 b_angle_deg=21.0073 winner=b
W20260718 14:08:40.970901 0x16b0db000 aether_sfm_c.cc:2263] [aether_sfm] exact-site-geometric-conflict image_id=61 site_key=4986303637047811971 gap_m=0.0131333 a_views=2 a_rms_px=1.05913 a_max_px=1.06076 a_angle_deg=3.59601 b_views=3 b_rms_px=1.2956 b_max_px=1.71704 b_angle_deg=7.71624 winner=b
W20260718 14:08:40.970937 0x16b0db000 aether_sfm_c.cc:2263] [aether_sfm] exact-site-geometric-conflict image_id=61 site_key=4899387947248652295 gap_m=0.0121146 a_views=2 a_rms_px=0.886283 a_max_px=0.912271 a_angle_deg=2.9151 b_views=3 b_rms_px=0.934346 b_max_px=1.13331 b_angle_deg=5.96846 winner=b
W20260718 14:08:40.970959 0x16b0db000 aether_sfm_c.cc:2263] [aether_sfm] exact-site-geometric-conflict image_id=61 site_key=4915934347410284246 gap_m=0.0141979 a_views=3 a_rms_px=1.32591 a_max_px=1.71847 a_angle_deg=6.03187 b_views=2 b_rms_px=1.42108 b_max_px=1.43411 b_angle_deg=3.03177 winner=a
W20260718 14:08:40.970980 0x16b0db000 aether_sfm_c.cc:2263] [aether_sfm] exact-site-geometric-conflict image_id=61 site_key=4999484122876783473 gap_m=0.0125388 a_views=2 a_rms_px=1.45595 a_max_px=1.4987 a_angle_deg=5.14267 b_views=2 b_rms_px=0.492748 b_max_px=0.49536 b_angle_deg=3.90242 winner=b
W20260718 14:08:40.971017 0x16b0db000 aether_sfm_c.cc:2263] [aether_sfm] exact-site-geometric-conflict image_id=61 site_key=4998305128586873739 gap_m=0.0183775 a_views=2 a_rms_px=1.71306 a_max_px=1.76469 a_angle_deg=5.10259 b_views=2 b_rms_px=0.174029 b_max_px=0.174778 b_angle_deg=3.89913 winner=b
W20260718 14:08:40.971085 0x16b0db000 aether_sfm_c.cc:2263] [aether_sfm] exact-site-geometric-conflict image_id=62 site_key=4985672465835620255 gap_m=0.0131912 a_views=2 a_rms_px=1.05913 a_max_px=1.06076 a_angle_deg=3.59601 b_views=3 b_rms_px=1.2956 b_max_px=1.71704 b_angle_deg=7.71624 winner=b
W20260718 14:08:40.971115 0x16b0db000 aether_sfm_c.cc:2263] [aether_sfm] exact-site-geometric-conflict image_id=62 site_key=4980935417561827914 gap_m=0.0149892 a_views=3 a_rms_px=0.987544 a_max_px=1.33841 a_angle_deg=15.3307 b_views=2 b_rms_px=0.275998 b_max_px=0.27638 b_angle_deg=3.86393 winner=none
W20260718 14:08:40.971148 0x16b0db000 aether_sfm_c.cc:2263] [aether_sfm] exact-site-geometric-conflict image_id=62 site_key=4965834282478327140 gap_m=0.0145927 a_views=2 a_rms_px=0.0406924 a_max_px=0.040813 a_angle_deg=3.42769 b_views=4 b_rms_px=0.98718 b_max_px=1.40412 b_angle_deg=21.0073 winner=b
W20260718 14:08:40.971154 0x16b0db000 aether_sfm_c.cc:2263] [aether_sfm] exact-site-geometric-conflict image_id=62 site_key=4965834282478327140 gap_m=0.0145927 a_views=2 a_rms_px=0.0406924 a_max_px=0.040813 a_angle_deg=3.42769 b_views=4 b_rms_px=0.98718 b_max_px=1.40412 b_angle_deg=21.0073 winner=b
W20260718 14:08:40.971310 0x16b0db000 aether_sfm_c.cc:2263] [aether_sfm] exact-site-geometric-conflict image_id=62 site_key=4912255338555388073 gap_m=0.0141065 a_views=2 a_rms_px=1.42108 a_max_px=1.43411 a_angle_deg=3.03177 b_views=3 b_rms_px=1.32591 b_max_px=1.71847 b_angle_deg=6.03187 winner=b
W20260718 14:08:40.971648 0x16b0db000 aether_sfm_c.cc:2263] [aether_sfm] exact-site-geometric-conflict image_id=65 site_key=4972117712263518426 gap_m=0.0565465 a_views=2 a_rms_px=1.29227 a_max_px=1.31865 a_angle_deg=7.10861 b_views=2 b_rms_px=0.0465789 b_max_px=0.0571535 b_angle_deg=23.2082 winner=b
W20260718 14:08:40.971653 0x16b0db000 aether_sfm_c.cc:2263] [aether_sfm] exact-site-geometric-conflict image_id=65 site_key=4972117712263518426 gap_m=0.0565465 a_views=2 a_rms_px=0.0465789 a_max_px=0.0571535 a_angle_deg=23.2082 b_views=2 b_rms_px=1.29227 b_max_px=1.31865 b_angle_deg=7.10861 winner=a
W20260718 14:08:40.973949 0x16b0db000 aether_sfm_c.cc:2263] [aether_sfm] exact-site-geometric-conflict image_id=80 site_key=4905702979396847049 gap_m=0.0134452 a_views=3 a_rms_px=0.732468 a_max_px=0.963648 a_angle_deg=8.71715 b_views=2 b_rms_px=0.332594 b_max_px=0.334203 b_angle_deg=3.01103 winner=none
W20260718 14:08:40.974005 0x16b0db000 aether_sfm_c.cc:2263] [aether_sfm] exact-site-geometric-conflict image_id=80 site_key=4910815519488616133 gap_m=0.0153243 a_views=3 a_rms_px=0.899261 a_max_px=1.08115 a_angle_deg=8.09313 b_views=2 b_rms_px=0.580801 b_max_px=0.583109 b_angle_deg=2.94435 winner=none
W20260718 14:08:40.974012 0x16b0db000 aether_sfm_c.cc:2263] [aether_sfm] exact-site-geometric-conflict image_id=80 site_key=4910815519488616133 gap_m=0.0153243 a_views=3 a_rms_px=0.899261 a_max_px=1.08115 a_angle_deg=8.09313 b_views=2 b_rms_px=0.580801 b_max_px=0.583109 b_angle_deg=2.94435 winner=none
W20260718 14:08:40.974019 0x16b0db000 aether_sfm_c.cc:2263] [aether_sfm] exact-site-geometric-conflict image_id=80 site_key=4907266991742207247 gap_m=0.0134329 a_views=3 a_rms_px=0.90547 a_max_px=1.2018 a_angle_deg=5.47767 b_views=2 b_rms_px=0.637911 b_max_px=0.639449 b_angle_deg=2.37167 winner=none
W20260718 14:08:40.974078 0x16b0db000 aether_sfm_c.cc:2263] [aether_sfm] exact-site-geometric-conflict image_id=81 site_key=4904101961614617401 gap_m=0.0133896 a_views=3 a_rms_px=0.732468 a_max_px=0.963648 a_angle_deg=8.71715 b_views=2 b_rms_px=0.332594 b_max_px=0.334203 b_angle_deg=3.01103 winner=none
W20260718 14:08:40.974103 0x16b0db000 aether_sfm_c.cc:2263] [aether_sfm] exact-site-geometric-conflict image_id=81 site_key=4904773746045481196 gap_m=0.0134064 a_views=3 a_rms_px=0.90547 a_max_px=1.2018 a_angle_deg=5.47767 b_views=2 b_rms_px=0.637911 b_max_px=0.639449 b_angle_deg=2.37167 winner=none
W20260718 14:08:40.974167 0x16b0db000 aether_sfm_c.cc:2263] [aether_sfm] exact-site-geometric-conflict image_id=81 site_key=4909043888426823759 gap_m=0.0152731 a_views=3 a_rms_px=0.899261 a_max_px=1.08115 a_angle_deg=8.09313 b_views=2 b_rms_px=0.580801 b_max_px=0.583109 b_angle_deg=2.94435 winner=none
W20260718 14:08:40.974173 0x16b0db000 aether_sfm_c.cc:2263] [aether_sfm] exact-site-geometric-conflict image_id=81 site_key=4909043888426823759 gap_m=0.0152731 a_views=3 a_rms_px=0.899261 a_max_px=1.08115 a_angle_deg=8.09313 b_views=2 b_rms_px=0.580801 b_max_px=0.583109 b_angle_deg=2.94435 winner=none
W20260718 14:08:40.976112 0x16b0db000 aether_sfm_c.cc:2263] [aether_sfm] exact-site-geometric-conflict image_id=97 site_key=4959175979360813360 gap_m=0.0132739 a_views=3 a_rms_px=1.55125 a_max_px=1.87946 a_angle_deg=5.89387 b_views=2 b_rms_px=0.902593 b_max_px=0.941892 b_angle_deg=2.52286 winner=none
W20260718 14:08:40.976133 0x16b0db000 aether_sfm_c.cc:2263] [aether_sfm] exact-site-geometric-conflict image_id=97 site_key=4959175979360813360 gap_m=0.0132739 a_views=3 a_rms_px=1.55125 a_max_px=1.87946 a_angle_deg=5.89387 b_views=2 b_rms_px=0.902593 b_max_px=0.941892 b_angle_deg=2.52286 winner=none
W20260718 14:08:40.976288 0x16b0db000 aether_sfm_c.cc:2263] [aether_sfm] exact-site-geometric-conflict image_id=98 site_key=4963572234870851237 gap_m=0.0133181 a_views=3 a_rms_px=1.55125 a_max_px=1.87946 a_angle_deg=5.89387 b_views=2 b_rms_px=0.902593 b_max_px=0.941892 b_angle_deg=2.52286 winner=none
W20260718 14:08:40.976295 0x16b0db000 aether_sfm_c.cc:2263] [aether_sfm] exact-site-geometric-conflict image_id=98 site_key=4963572234870851237 gap_m=0.0133181 a_views=2 a_rms_px=0.902593 a_max_px=0.941892 a_angle_deg=2.52286 b_views=3 b_rms_px=1.55125 b_max_px=1.87946 b_angle_deg=5.89387 winner=none
W20260718 14:08:41.007851 0x16b0db000 aether_sfm_c.cc:2575] [aether_sfm] exact-site-birth-owner topology phase=post_enrichment accepted=0 exact_birth_accepted=0 exact_aliases=0 raw_rows=18 raw_rewrites=0 tvg_rows=17 tvg_rewrites=0 deduplicated=53 risk_duplicate_sites=177740 risk_verified_sites=12150 risk_competing_sites=5186 risk_competing_aliases=0 weighted_sites=0 weighted_support=0 geometric_components=20411 geometric_conflicts=79 geometric_decisions=36 suppressed_components=26 suppressed_observations=52
I20260718 14:08:41.385257 0x16b0db000 incremental_pipeline.cc:325] Loading database
I20260718 14:08:41.385317 0x16b0db000 database_cache.cc:72] Loading rigs...
I20260718 14:08:41.385330 0x16b0db000 database_cache.cc:82]  0 in 0.000s
I20260718 14:08:41.385338 0x16b0db000 database_cache.cc:90] Loading cameras...
I20260718 14:08:41.385351 0x16b0db000 database_cache.cc:108]  1 in 0.000s
I20260718 14:08:41.385356 0x16b0db000 database_cache.cc:116] Loading frames...
I20260718 14:08:41.385365 0x16b0db000 database_cache.cc:126]  0 in 0.000s
I20260718 14:08:41.385369 0x16b0db000 database_cache.cc:134] Loading matches...
I20260718 14:08:41.387027 0x16b0db000 database_cache.cc:139]  579 in 0.002s
I20260718 14:08:41.387035 0x16b0db000 database_cache.cc:147] Loading images...
I20260718 14:08:41.399336 0x16b0db000 database_cache.cc:236]  105 in 0.012s (loaded all 105)
I20260718 14:08:41.399395 0x16b0db000 database_cache.cc:255] Loading pose priors...
I20260718 14:08:41.399421 0x16b0db000 database_cache.cc:263]  0 in 0.000s
I20260718 14:08:41.399428 0x16b0db000 database_cache.cc:271] Building correspondence graph...
I20260718 14:08:41.430437 0x16b0db000 database_cache.cc:300]  in 0.031s (ignored 9)
I20260718 14:08:41.430510 0x16b0db000 timer.cc:90] Elapsed time: 0.001 [minutes]
W20260718 14:08:44.090807 0x16b0db000 levenberg_marquardt_strategy.cc:123] Linear solver failure. Failed to compute a step: Eigen failure. Unable to perform dense Cholesky factorization.
W20260718 14:08:44.243890 0x16b0db000 levenberg_marquardt_strategy.cc:123] Linear solver failure. Failed to compute a step: Eigen failure. Unable to perform dense Cholesky factorization.
W20260718 14:08:44.310347 0x16b0db000 levenberg_marquardt_strategy.cc:123] Linear solver failure. Failed to compute a step: Eigen failure. Unable to perform dense Cholesky factorization.
W20260718 14:08:44.553850 0x16b0db000 levenberg_marquardt_strategy.cc:123] Linear solver failure. Failed to compute a step: Eigen failure. Unable to perform dense Cholesky factorization.
W20260718 14:08:44.619950 0x16b0db000 levenberg_marquardt_strategy.cc:123] Linear solver failure. Failed to compute a step: Eigen failure. Unable to perform dense Cholesky factorization.
W20260718 14:08:44.773371 0x16b0db000 levenberg_marquardt_strategy.cc:123] Linear solver failure. Failed to compute a step: Eigen failure. Unable to perform dense Cholesky factorization.
W20260718 14:08:44.917859 0x16b0db000 levenberg_marquardt_strategy.cc:123] Linear solver failure. Failed to compute a step: Eigen failure. Unable to perform dense Cholesky factorization.
W20260718 14:08:45.061154 0x16b0db000 levenberg_marquardt_strategy.cc:123] Linear solver failure. Failed to compute a step: Eigen failure. Unable to perform dense Cholesky factorization.
W20260718 14:08:45.210571 0x16b0db000 levenberg_marquardt_strategy.cc:123] Linear solver failure. Failed to compute a step: Eigen failure. Unable to perform dense Cholesky factorization.
W20260718 14:08:45.276869 0x16b0db000 levenberg_marquardt_strategy.cc:123] Linear solver failure. Failed to compute a step: Eigen failure. Unable to perform dense Cholesky factorization.
W20260718 14:08:45.430072 0x16b0db000 levenberg_marquardt_strategy.cc:123] Linear solver failure. Failed to compute a step: Eigen failure. Unable to perform dense Cholesky factorization.
W20260718 14:08:45.497115 0x16b0db000 levenberg_marquardt_strategy.cc:123] Linear solver failure. Failed to compute a step: Eigen failure. Unable to perform dense Cholesky factorization.
W20260718 14:08:45.738443 0x16b0db000 levenberg_marquardt_strategy.cc:123] Linear solver failure. Failed to compute a step: Eigen failure. Unable to perform dense Cholesky factorization.
W20260718 14:08:45.891060 0x16b0db000 levenberg_marquardt_strategy.cc:123] Linear solver failure. Failed to compute a step: Eigen failure. Unable to perform dense Cholesky factorization.
W20260718 14:08:45.953801 0x16b0db000 levenberg_marquardt_strategy.cc:123] Linear solver failure. Failed to compute a step: Eigen failure. Unable to perform dense Cholesky factorization.
I20260718 14:08:45.967516 0x16b0db000 bundle_adjustment_ceres.cc:1051] [AETHER] solver_used=DENSE_SCHUR sparse_backend=EIGEN_SPARSE dense_backend=EIGEN mixed=0 threads=6
W20260718 14:08:48.577042 0x16b0db000 levenberg_marquardt_strategy.cc:123] Linear solver failure. Failed to compute a step: Eigen failure. Unable to perform dense Cholesky factorization.
W20260718 14:08:48.729319 0x16b0db000 levenberg_marquardt_strategy.cc:123] Linear solver failure. Failed to compute a step: Eigen failure. Unable to perform dense Cholesky factorization.
W20260718 14:08:48.882308 0x16b0db000 levenberg_marquardt_strategy.cc:123] Linear solver failure. Failed to compute a step: Eigen failure. Unable to perform dense Cholesky factorization.
W20260718 14:08:48.948179 0x16b0db000 levenberg_marquardt_strategy.cc:123] Linear solver failure. Failed to compute a step: Eigen failure. Unable to perform dense Cholesky factorization.
W20260718 14:08:49.090042 0x16b0db000 levenberg_marquardt_strategy.cc:123] Linear solver failure. Failed to compute a step: Eigen failure. Unable to perform dense Cholesky factorization.
W20260718 14:08:49.233239 0x16b0db000 levenberg_marquardt_strategy.cc:123] Linear solver failure. Failed to compute a step: Eigen failure. Unable to perform dense Cholesky factorization.
W20260718 14:08:49.380688 0x16b0db000 levenberg_marquardt_strategy.cc:123] Linear solver failure. Failed to compute a step: Eigen failure. Unable to perform dense Cholesky factorization.
W20260718 14:08:49.446667 0x16b0db000 levenberg_marquardt_strategy.cc:123] Linear solver failure. Failed to compute a step: Eigen failure. Unable to perform dense Cholesky factorization.
W20260718 14:08:49.599923 0x16b0db000 levenberg_marquardt_strategy.cc:123] Linear solver failure. Failed to compute a step: Eigen failure. Unable to perform dense Cholesky factorization.
W20260718 14:08:49.753340 0x16b0db000 levenberg_marquardt_strategy.cc:123] Linear solver failure. Failed to compute a step: Eigen failure. Unable to perform dense Cholesky factorization.
W20260718 14:08:49.819742 0x16b0db000 levenberg_marquardt_strategy.cc:123] Linear solver failure. Failed to compute a step: Eigen failure. Unable to perform dense Cholesky factorization.
W20260718 14:08:50.061627 0x16b0db000 levenberg_marquardt_strategy.cc:123] Linear solver failure. Failed to compute a step: Eigen failure. Unable to perform dense Cholesky factorization.
W20260718 14:08:50.215739 0x16b0db000 levenberg_marquardt_strategy.cc:123] Linear solver failure. Failed to compute a step: Eigen failure. Unable to perform dense Cholesky factorization.
W20260718 14:08:50.282414 0x16b0db000 levenberg_marquardt_strategy.cc:123] Linear solver failure. Failed to compute a step: Eigen failure. Unable to perform dense Cholesky factorization.
W20260718 14:08:50.348644 0x16b0db000 levenberg_marquardt_strategy.cc:123] Linear solver failure. Failed to compute a step: Eigen failure. Unable to perform dense Cholesky factorization.
I20260718 14:08:50.442510 0x16b0db000 bundle_adjustment_ceres.cc:1051] [AETHER] solver_used=DENSE_SCHUR sparse_backend=EIGEN_SPARSE dense_backend=EIGEN mixed=0 threads=6
W20260718 14:08:53.102853 0x16b0db000 levenberg_marquardt_strategy.cc:123] Linear solver failure. Failed to compute a step: Eigen failure. Unable to perform dense Cholesky factorization.
W20260718 14:08:53.162349 0x16b0db000 levenberg_marquardt_strategy.cc:123] Linear solver failure. Failed to compute a step: Eigen failure. Unable to perform dense Cholesky factorization.
W20260718 14:08:53.304704 0x16b0db000 levenberg_marquardt_strategy.cc:123] Linear solver failure. Failed to compute a step: Eigen failure. Unable to perform dense Cholesky factorization.
W20260718 14:08:53.365037 0x16b0db000 levenberg_marquardt_strategy.cc:123] Linear solver failure. Failed to compute a step: Eigen failure. Unable to perform dense Cholesky factorization.
W20260718 14:08:53.603451 0x16b0db000 levenberg_marquardt_strategy.cc:123] Linear solver failure. Failed to compute a step: Eigen failure. Unable to perform dense Cholesky factorization.
W20260718 14:08:53.669315 0x16b0db000 levenberg_marquardt_strategy.cc:123] Linear solver failure. Failed to compute a step: Eigen failure. Unable to perform dense Cholesky factorization.
W20260718 14:08:53.908459 0x16b0db000 levenberg_marquardt_strategy.cc:123] Linear solver failure. Failed to compute a step: Eigen failure. Unable to perform dense Cholesky factorization.
W20260718 14:08:53.974790 0x16b0db000 levenberg_marquardt_strategy.cc:123] Linear solver failure. Failed to compute a step: Eigen failure. Unable to perform dense Cholesky factorization.
W20260718 14:08:54.213993 0x16b0db000 levenberg_marquardt_strategy.cc:123] Linear solver failure. Failed to compute a step: Eigen failure. Unable to perform dense Cholesky factorization.
W20260718 14:08:54.279846 0x16b0db000 levenberg_marquardt_strategy.cc:123] Linear solver failure. Failed to compute a step: Eigen failure. Unable to perform dense Cholesky factorization.
W20260718 14:08:54.512766 0x16b0db000 levenberg_marquardt_strategy.cc:123] Linear solver failure. Failed to compute a step: Eigen failure. Unable to perform dense Cholesky factorization.
W20260718 14:08:54.574003 0x16b0db000 levenberg_marquardt_strategy.cc:123] Linear solver failure. Failed to compute a step: Eigen failure. Unable to perform dense Cholesky factorization.
W20260718 14:08:54.715796 0x16b0db000 levenberg_marquardt_strategy.cc:123] Linear solver failure. Failed to compute a step: Eigen failure. Unable to perform dense Cholesky factorization.
W20260718 14:08:54.777820 0x16b0db000 levenberg_marquardt_strategy.cc:123] Linear solver failure. Failed to compute a step: Eigen failure. Unable to perform dense Cholesky factorization.
I20260718 14:08:54.875862 0x16b0db000 bundle_adjustment_ceres.cc:1051] [AETHER] solver_used=DENSE_SCHUR sparse_backend=EIGEN_SPARSE dense_backend=EIGEN mixed=0 threads=6
I20260718 14:08:56.967135 0x16b0db000 bundle_adjustment_ceres.cc:1051] [AETHER] solver_used=DENSE_SCHUR sparse_backend=EIGEN_SPARSE dense_backend=EIGEN mixed=0 threads=6
W20260718 14:08:57.164795 0x16b0db000 aether_sfm_c.cc:4466] [aether_sfm] track-upgrade: eligible=47090 attempted=6801 accepted=2254 obs_added=2318 pre{n=65933 2view=46840 lt3=6457 theta_p50=7.46039deg} post{n=65933 2view=44598 lt3=6060 theta_p50=7.70848deg} in 74ms
W20260718 14:08:57.184728 0x16b0db000 aether_sfm_c.cc:5918] [aether_sfm] ghost_mask: n=65933 region=16168 band15=4401 cell_ghost=1200 bim_cells=25/66 (13ms)
W20260718 14:08:57.184772 0x16b0db000 aether_sfm_c.cc:5740] [aether_sfm] l1_plan: sfm_fed_frames.jsonl missing/empty — no JPEG mapping, plan skipped
W20260718 14:08:57.184784 0x16b0db000 aether_sfm_c.cc:6270] [aether_sfm] finalize worker: cache_pre=46ms enrich=370ms stage1=4171ms (ok, rounds=1) stage2=15659ms (rounds<=4) temporal=47ms upgrade=74ms total=20771ms
       29.80 real        59.85 user        29.75 sys
           687570944  maximum resident set size
                   0  average shared memory size
                   0  average unshared data size
                   0  average unshared stack size
               80439  page reclaims
                  28  page faults
                   0  swaps
                   0  block input operations
                   0  block output operations
                   0  messages sent
                   0  messages received
                   0  signals received
                 474  voluntary context switches
             3652374  involuntary context switches
        499689150241  instructions retired
        228528878345  cycles elapsed
           536003400  peak memory footprint
