1 0.97211206630645386 -0.19786186508153722 -0.032561515941764596 -0.12160822573916003 -1.9440656304170574 2.1039271939056654 0.092393381037218766 1 f00000.jpg

2 0.97172656171694882 -0.2008215269478302 -0.028683369706050201 -0.12081170419460854 -1.9729433407464076 2.1050024904747309 0.25883607239099754 1 f00001.jpg

3 0.97126949474676794 -0.20309744526052476 -0.028820055436286348 -0.12064990968772304 -1.9768794536713825 2.0949147225843592 0.25288428749457936 1 f00002.jpg

4 0.97108816769647666 -0.20336483394654278 -0.029247190533383222 -0.12155293793115696 -1.9711204375632536 2.1056870807763697 0.25576579636006458 1 f00003.jpg

5 0.97069986762983551 -0.20508722923891917 -0.029735645748117687 -0.12164204354771643 -1.9693547064492412 2.09777741214319 0.25234194154266498 1 f00004.jpg

6 0.97077193373287851 -0.20413890605860616 -0.029355079004101708 -0.12274949713293425 -1.9625715987439489 2.1230042933658542 0.26980216884342306 1 f00005.jpg

7 0.9705420055687618 -0.20494920600956171 -0.02900816257909055 -0.12329868160853028 -1.9604479730909243 2.1297366877816777 0.26851013805342749 1 f00006.jpg

8 0.97033051488816879 -0.20536368325825133 -0.0287560377446094 -0.12432835464484954 -1.9531690870421696 2.1441504155467763 0.27498004409996307 1 f00007.jpg

9 0.96991534857298833 -0.2070141840004322 -0.029059362711970509 -0.12475935902347675 -1.9428595692506485 2.1481053970842927 0.23506150195522341 1 f00008.jpg

10 0.96992529389562387 -0.20611891460659584 -0.027501464409723852 -0.12650528351894913 -1.9275774259892036 2.1820113240040109 0.22352180721472856 1 f00009.jpg

11 0.96975073155107794 -0.20723560244149083 -0.02500301126166278 -0.12653763536873125 -1.9223327966089978 2.195306461883582 0.23983914033841239 1 f00010.jpg

12 0.96958316733587779 -0.20851984070987833 -0.022838024376731797 -0.12612050702333136 -1.9204465696359219 2.2035718825521045 0.25368763917158133 1 f00011.jpg

13 0.96925021919006971 -0.21052961380423058 -0.022160913172022175 -0.12545990689788999 -1.919226777349412 2.199109105722453 0.25473993586701782 1 f00012.jpg

14 0.96901853602611321 -0.2113752066117642 -0.021940793338980708 -0.12586580335936351 -1.9154081846566797 2.2118763552252845 0.25631995605615893 1 f00013.jpg

15 0.96868656318871216 -0.21265812375478588 -0.021946644903324191 -0.12625850258982119 -1.9119725571657729 2.2213203938232078 0.25706787964947775 1 f00014.jpg

16 0.96835054143594046 -0.21411764020947116 -0.02123295992761862 -0.12649121101705776 -1.9080130060506766 2.2308856609958991 0.25883645518290033 1 f00015.jpg

17 0.96805162470722717 -0.21570568659137193 -0.020320788439107534 -0.1262306390344847 -1.9034812423263787 2.2345616338723659 0.26481590976100344 1 f00016.jpg

18 0.9679262138857011 -0.2163635316400434 -0.019108070331117524 -0.12625588420886549 -1.8976026103993784 2.2465632789368075 0.27372934662981008 1 f00017.jpg

19 0.96778134395292736 -0.21710261428735078 -0.018340992898099442 -0.12621146202218012 -1.8924104349401771 2.2539744462859557 0.28034540575109618 1 f00018.jpg

20 0.96757867230984451 -0.21808025035920223 -0.017966712812416706 -0.12613371684487135 -1.8884532210648726 2.2584241008382695 0.28337812665898354 1 f00019.jpg

21 0.96734999528057619 -0.21919202525927309 -0.017771020754084849 -0.12598822768324736 -1.8856112857106833 2.259315767447085 0.28588949300913824 1 f00020.jpg

22 0.96688677830807612 -0.22096016663522736 -0.021966159544487794 -0.12579368238679292 -1.8530400382508612 2.2478848869717383 0.13112113106618262 1 f00021.jpg

23 0.96700530448170008 -0.2197662096262549 -0.021424462779994585 -0.12706119236554306 -1.8396783297650912 2.2714622276214445 0.12244561121547683 1 f00022.jpg

24 0.96686884943753648 -0.22032300785498737 -0.020587103979620849 -0.1272736082100252 -1.8348929999444106 2.280735707049752 0.13049012847544975 1 f00023.jpg

25 0.96664880368912753 -0.22133892666445742 -0.019750462479077788 -0.12731492096871458 -1.832471515970989 2.2884023527483244 0.13454870041243172 1 f00024.jpg

26 0.96630369358422918 -0.22295827796298978 -0.019253152131803175 -0.1271852750370242 -1.8312984252981563 2.2944600654441998 0.1341791604098567 1 f00025.jpg

27 0.96580709814863042 -0.22518015672850089 -0.019067042721885898 -0.12707082302122233 -1.8310203818025992 2.3019457871623463 0.1307907694387839 1 f00026.jpg

28 0.9652351540667794 -0.2276056519811693 -0.019331403321611318 -0.12705534772501251 -1.8272808854687606 2.3094939325035915 0.12681095590247049 1 f00027.jpg

29 0.9648026375878308 -0.22932107819658168 -0.019395618135173584 -0.12724591779494027 -1.8215130629766305 2.3197482145724715 0.12782730934093822 1 f00028.jpg

30 0.96463561627669925 -0.22988368650393515 -0.019237901119672465 -0.12752067146287571 -1.8139382123430621 2.3293326297966686 0.13424542234940418 1 f00029.jpg

31 0.96477571764882286 -0.2291526846354954 -0.018479940155904345 -0.12788805093275241 -1.8078861784948568 2.3405074230829408 0.14661460682866961 1 f00030.jpg

32 0.9649428359721921 -0.2283982629673626 -0.017064103640443459 -0.12817321540159715 -1.8050199223319197 2.3518206010228133 0.15862995699691237 1 f00031.jpg

33 0.96500716756791294 -0.22811973045641082 -0.0154802042199868 -0.12838581851729958 -1.8022536374729901 2.3630216778139697 0.16924960017095142 1 f00032.jpg

34 0.96494569307041733 -0.22845049964455397 -0.01397738217610478 -0.12843212769595488 -1.8011771070123137 2.3721312922489779 0.17681645344687152 1 f00033.jpg

35 0.96478229159289552 -0.22927484887229857 -0.013098429153339662 -0.12828329843383066 -1.8015132695533695 2.3796324070615058 0.17981669348099388 1 f00034.jpg

36 0.96468664701407303 -0.22963490966700995 -0.013320727275645141 -0.12833565194370511 -1.7971394438622617 2.3879760690777032 0.18317976251710261 1 f00035.jpg

37 0.96483066193688283 -0.22894344498678817 -0.013598496590135165 -0.12845922961977313 -1.7925044320338832 2.3990274097587809 0.18911922722029822 1 f00036.jpg

38 0.96510528055101297 -0.22779690811832953 -0.013475688247952583 -0.12844754544374329 -1.787656940421904 2.4110535466332279 0.19891567084448075 1 f00037.jpg

39 0.96540874909060881 -0.22653935611441134 -0.012827914546055662 -0.12845743232282536 -1.7822274449008881 2.4237978120794503 0.21171751995861476 1 f00038.jpg

40 0.9656622445983446 -0.22549483593304567 -0.011951627353049084 -0.12847438238197789 -1.7772322405903449 2.4349837914902301 0.22581161124764809 1 f00039.jpg

41 0.96587264257292249 -0.22457692336246612 -0.011277154929264892 -0.12856154012359158 -1.7721378422077496 2.4481182579159442 0.23715530905540666 1 f00040.jpg

42 0.96600367524960173 -0.22405020474771475 -0.010939897316226622 -0.12852518742830038 -1.7676423437390902 2.46040455591198 0.24548624522991816 1 f00041.jpg

43 0.96609760989840465 -0.22371350522114111 -0.010758748105085439 -0.12842089031568268 -1.7620117280863898 2.4740905618047986 0.25375299601559881 1 f00042.jpg

44 0.96613933617735259 -0.22376711823697457 -0.010360040423528781 -0.12804580996317513 -1.7574444520477235 2.4870529116446169 0.26145139081010571 1 f00043.jpg

45 0.96610110442338892 -0.22418003924974925 -0.0099531620350635612 -0.12764364692140179 -1.7517779263530142 2.5007144622092206 0.26897686639473656 1 f00044.jpg

46 0.96593087972408354 -0.2250903165796051 -0.0097616282118246807 -0.12734439756897942 -1.7460808775910692 2.5134586406334933 0.27323905472567089 1 f00045.jpg

47 0.96565168764512077 -0.2262405957888643 -0.0099032907006273204 -0.12741246327784247 -1.7386611534541003 2.5279757522385062 0.27512122740491968 1 f00046.jpg

48 0.96530448436604754 -0.22741046485773825 -0.010018167395737234 -0.12795065165140024 -1.7281889415072735 2.5456440929779114 0.27803490079386328 1 f00047.jpg

49 0.96506251086431716 -0.22797287497830901 -0.0096299047424248784 -0.12880210919483365 -1.7128393711628649 2.5687444674591324 0.2868778534868926 1 f00048.jpg

50 0.96499965142242816 -0.22802861219867837 -0.0084317943981318845 -0.12925760951125331 -1.6979096053062142 2.5888741613907333 0.30330065370891074 1 f00049.jpg

51 0.96518953417338371 -0.22742132871531839 -0.0065827831996203645 -0.12901693428721758 -1.6858750900384709 2.6048592075451631 0.32488883711450922 1 f00050.jpg

52 0.96544586938546839 -0.22672278391613962 -0.0044707625161160515 -0.12841754094506058 -1.6769284923473913 2.6166061095669528 0.34545376355424223 1 f00051.jpg

53 0.96568373715379607 -0.22609479159201354 -0.0030325624982540885 -0.12777663548685375 -1.6679436333501352 2.6257256448427535 0.36193483965718254 1 f00052.jpg

54 0.96591567148409918 -0.22525174516910768 -0.0023314873665301944 -0.12752698164056595 -1.6592191430968888 2.6347362512977397 0.37537137353166056 1 f00053.jpg

55 0.96611037800889832 -0.2245509748557909 -0.002097194249456509 -0.12729178673857219 -1.6528189229702115 2.643337253816322 0.38201107434304488 1 f00054.jpg

56 0.96625737207932616 -0.22426739507777424 -0.0020873771174624374 -0.12667465912390094 -1.649593553964658 2.6529996104069489 0.3868703314283275 1 f00055.jpg

57 0.96634528275264031 -0.22455441970365275 -0.0025276607670584694 -0.12548194302099394 -1.6461196338751998 2.6580534557979143 0.38853932605582975 1 f00056.jpg

58 0.96657307650173352 -0.2242704389031733 -0.0027799355809001703 -0.12422370938882332 -1.6404225006327897 2.6652934500638317 0.39571941880426109 1 f00057.jpg

59 0.96691531070219128 -0.22362503282298013 -0.0027146732729394656 -0.1227161650868763 -1.6352689497857145 2.6681086331829986 0.40523442534608017 1 f00058.jpg

60 0.96732848090249834 -0.22260878122320293 -0.0021693643212741011 -0.12131048765719139 -1.631218040858649 2.6706968354049199 0.41657794319510327 1 f00059.jpg

61 0.96767492178061565 -0.22182065382283603 -0.0014641664946663201 -0.11999458117334494 -1.6276163023611123 2.6736348504872947 0.42594125291100898 1 f00060.jpg

62 0.96788818601372195 -0.22156767290580956 -0.0009628440194448275 -0.11874046753136278 -1.6243915819025896 2.6756793486841461 0.43262790367015796 1 f00061.jpg

63 0.96814431745967 -0.2210320950116112 -0.00076787099500278441 -0.11764694606942508 -1.6180393307200431 2.6790987265777484 0.44244100888203441 1 f00062.jpg

64 0.96863847421703719 -0.21948393732194674 -0.00069321850987015998 -0.11647243009503373 -1.6101093827077406 2.6801367616393534 0.45863064943555715 1 f00063.jpg

65 0.96944866022738285 -0.21650926473330273 -0.00062495153529482279 -0.11529372447603073 -1.602325038927138 2.6795761399059441 0.47806801374666036 1 f00064.jpg

66 0.97038897241815947 -0.21253157957829641 -1.7934079258584655e-05 -0.11478488388962098 -1.593722949983057 2.6828677625139252 0.5026166818118748 1 f00065.jpg

67 0.97126628462287479 -0.20850339238316459 0.0015486218066470285 -0.11474206504193769 -1.5818941216211229 2.6896340592049715 0.52933679134987743 1 f00066.jpg

68 0.97216828284068346 -0.20451386038181371 0.0038390285666448148 -0.11422859803915358 -1.5721177417865664 2.6932992695095943 0.55996986316263853 1 f00067.jpg

69 0.97315602687263392 -0.20059504458814767 0.0059852507623036821 -0.11266389049496303 -1.5665744692044858 2.6865722254538116 0.58783330492033259 1 f00068.jpg

70 0.97422013681513531 -0.1963799927724067 0.0074415764117464027 -0.11079100325890175 -1.5642043943788555 2.6790502072454134 0.61632234283177623 1 f00069.jpg

71 0.9753122539628456 -0.19204855639011442 0.0076940764449419134 -0.10873895551294502 -1.5641198434660786 2.6679720771247943 0.63802296861518404 1 f00070.jpg

72 0.97647212500128777 -0.18719720200456888 0.0076040445235098925 -0.10677815864685417 -1.564644781793195 2.6584578452106946 0.6601517125898938 1 f00071.jpg

73 0.97840749253504944 -0.17922459885892505 0.0093600371773572937 -0.10251688358106802 -1.5693812053712872 2.6418450743926432 0.70110424869008092 1 f00072.jpg

74 0.97907076120347269 -0.17672445997594882 0.0095993151270492242 -0.10048265000364653 -1.5708151195328899 2.6332107235050852 0.71399837414476863 1 f00073.jpg

75 0.97969961627288848 -0.17425628456162001 0.0085570955266897931 -0.098743026496460981 -1.572227358159979 2.6226561287439218 0.72146479798083363 1 f00074.jpg

76 0.98044686750251209 -0.17089569233296276 0.0071329479684931517 -0.097302227106199859 -1.5709255377315532 2.615568611862316 0.73144456899928378 1 f00075.jpg

77 0.98119812146646124 -0.16750796127540435 0.0068369625412808234 -0.095627324982224024 -1.5709929785283043 2.6085798273158414 0.74347652675733977 1 f00076.jpg

78 0.98187787524143144 -0.16437234361651387 0.0079416494537314711 -0.093992026094455672 -1.5694597699188408 2.607043187369424 0.76197080124456285 1 f00077.jpg

79 0.98228514527510202 -0.16292422398500128 0.0093964316310203768 -0.092104819001846153 -1.5695211983101649 2.6011559550545726 0.77413722608775837 1 f00078.jpg

80 0.98249519535626617 -0.16256700458080223 0.0098921129494851136 -0.090428459153491958 -1.5684810969924663 2.5934563658857992 0.77923372050656547 1 f00079.jpg

81 0.9826811806301845 -0.16208632481102606 0.0091954443518954872 -0.089337362551691515 -1.5654761654483007 2.5874193861469683 0.78002869865411639 1 f00080.jpg

82 0.98291350290213986 -0.16104551167227152 0.0081295389262836162 -0.088765418827982362 -1.5628260966791352 2.5867598244850938 0.78090009979429853 1 f00081.jpg

83 0.98308578000875735 -0.1605117569261261 0.0066983761518344511 -0.087940074994218603 -1.5637125259641247 2.5845789876459744 0.77626230557419207 1 f00082.jpg

84 0.98312964872485997 -0.16078209004364646 0.0046904063987101173 -0.087081647935402365 -1.5656811817678733 2.5831605022081576 0.7662470650641221 1 f00083.jpg

85 0.98306447365094018 -0.16138618276518485 0.002289353423263927 -0.08679573445040481 -1.5616323969853136 2.5849848851864925 0.7549728944162748 1 f00084.jpg

86 0.98306063136531374 -0.1611764501213977 0.00039794996100573547 -0.087257026202608973 -1.546832805389375 2.590687023669394 0.75330150880110147 1 f00085.jpg

87 0.98338689304979876 -0.15907141148090381 0.00056658666301269141 -0.087442458833752665 -1.5292324331807561 2.5957063266699967 0.76874884284758249 1 f00086.jpg

88 0.98404105368369488 -0.15579763181043024 0.0029982112320061662 -0.085914569874684307 -1.5174615922824999 2.5909370072472901 0.79711677035713213 1 f00087.jpg

89 0.98485750705641228 -0.15222100868368288 0.0064033509950177734 -0.082725161867388722 -1.5114067299773193 2.5759282741554017 0.82883364372169566 1 f00088.jpg

90 0.98566554948838636 -0.14887718318154008 0.0097811336243317851 -0.078761274143521354 -1.5107774274931363 2.554730539828646 0.86109795114333376 1 f00089.jpg

91 0.98641154949627285 -0.14563378970184812 0.011975182506013255 -0.075097598639284641 -1.5087054124574248 2.53481824360113 0.88576116586714992 1 f00090.jpg

92 0.98696733601363651 -0.14328618587520217 0.013139829274446098 -0.072054781008060301 -1.5105414400880439 2.5146256111445475 0.89954169021629427 1 f00091.jpg

93 0.98740965655915003 -0.14139594998222971 0.012853905356729152 -0.069743333584244546 -1.5106430864400191 2.4977475285065527 0.90546167143253808 1 f00092.jpg

94 0.98786087818019641 -0.1391529303733362 0.011678369282038718 -0.068051179420179089 -1.5083023571905629 2.4862569842979778 0.90949001784697736 1 f00093.jpg

95 0.98841714386367407 -0.13601020596913491 0.0097948721979824079 -0.066609564382588402 -1.5025687944414166 2.4746330114652761 0.91551821804368028 1 f00094.jpg

96 0.98914104081442733 -0.13163735923565437 0.0077853777425673319 -0.06489217921614622 -1.4993749506333434 2.4598431999814521 0.92513519474503503 1 f00095.jpg

97 0.98988511766095622 -0.12700481432821706 0.0057560728207145979 -0.062961087955117082 -1.5012215221839775 2.4426197709125055 0.93161583414578186 1 f00096.jpg

98 0.99042617080591233 -0.12334831993135144 0.0044887920011518305 -0.061814584842261523 -1.5037543873233965 2.436387767970543 0.9345982118585664 1 f00097.jpg

99 0.99067595869165093 -0.12150781973328691 0.0043217755261780958 -0.06146801501873108 -1.4977138287568872 2.4399445657427732 0.93518207585067781 1 f00098.jpg

100 0.99079245560138407 -0.1206377721041032 0.005617272252656241 -0.061198726437535086 -1.48183588718991 2.4470417613992068 0.94392023661751279 1 f00099.jpg

101 0.99100230104876974 -0.11907524972301282 0.0082889463056612968 -0.060554253265866574 -1.4602941256267763 2.4510032333535583 0.96497384878834258 1 f00100.jpg

102 0.9914270031731639 -0.11599307838181677 0.011688946827627483 -0.059003997056550586 -1.4393443864241171 2.4419255435140261 0.99745575312933998 1 f00101.jpg

103 0.99203718882169245 -0.11097684474916676 0.016009868961232711 -0.057358870457113569 -1.4248406366041766 2.433629238608257 1.0405191027428879 1 f00102.jpg

104 0.99243195822683461 -0.1075775456618068 0.020511398783837998 -0.055544238939457612 -1.4171953387840552 2.4277996904890733 1.068603297057769 1 f00103.jpg

105 0.99259311587416099 -0.10648368255431886 0.023827741873128659 -0.053407587346018887 -1.4097369104917885 2.416058460950381 1.086304158448794 1 f00104.jpg

106 0.99283309795765451 -0.10508708097475776 0.025404856322911971 -0.050928756976997884 -1.4041490494928772 2.400187628049363 1.1042420136689928 1 f00105.jpg

107 0.99327461836380981 -0.10233909454431463 0.02591252043820778 -0.047547697385027912 -1.4093287523547737 2.3801731486237148 1.1205338832050504 1 f00106.jpg

108 0.99377573996305169 -0.099137397710944791 0.025292843853102404 -0.044066167133259081 -1.4125625890052835 2.3592215580551019 1.1371385404141783 1 f00107.jpg

109 0.99447924334693194 -0.093771488506766171 0.023977511112172046 -0.040534201067758055 -1.4152914337727527 2.33350324180411 1.1625889412378954 1 f00108.jpg

110 0.99520898506543742 -0.087030873444010934 0.023050781292295566 -0.038123019219493341 -1.4201620989879051 2.3140712190399588 1.1915990219747377 1 f00109.jpg

111 0.99571373817127184 -0.081655124305602886 0.022841282148066126 -0.036944121609002019 -1.4249680899273476 2.3056236044459539 1.2106229753752518 1 f00110.jpg

112 0.99600771944720545 -0.078039594281039404 0.023219507341864301 -0.036596434318499495 -1.4231136878829975 2.3055429711905013 1.2264691564773407 1 f00111.jpg

113 0.99618451166844091 -0.075767868600864943 0.024096488516894055 -0.035986220150843864 -1.4188478720762228 2.306272537175925 1.2403594868147809 1 f00112.jpg

114 0.9963534447948863 -0.07377903084475565 0.025047161858284275 -0.034772220748996545 -1.4149284120097407 2.3045080901285018 1.2587996714688283 1 f00113.jpg

115 0.99662944676906451 -0.070511481654333838 0.025447417329241911 -0.033321250561334725 -1.4079456244968411 2.2991492424673368 1.2851802311654399 1 f00114.jpg

116 0.99693851515371745 -0.0663520964734719 0.026226125103371727 -0.031987289018274183 -1.4057101994995054 2.2913671331237704 1.3127967192705798 1 f00115.jpg

117 0.99716717954795253 -0.062932604442277038 0.027192187367863569 -0.030946539009134584 -1.4053179286683994 2.2877211633791315 1.3345330169024734 1 f00116.jpg

118 0.99729985584884862 -0.061057921106330675 0.027671569254203384 -0.029986864608526054 -1.4066454756250106 2.2840715812108647 1.3479184466986809 1 f00117.jpg

119 0.99733062902132974 -0.061142042796589906 0.02718162899590534 -0.02923056728335691 -1.4145149109194155 2.2831346467268201 1.3473407670924977 1 f00118.jpg

120 0.99731795305930837 -0.062394841743222108 0.025187477660069554 -0.028798874952869806 -1.4215823376055281 2.2882582717533011 1.3408865050168153 1 f00119.jpg

121 0.99738718007948435 -0.062822996199776826 0.021917951565731442 -0.028136942988531616 -1.4239439066474333 2.2955825718203666 1.3428924925731973 1 f00120.jpg

122 0.99762891754255334 -0.060282182855253524 0.01864480870176519 -0.027476761482271076 -1.4204851646739018 2.3004278158245692 1.362691019723077 1 f00121.jpg

123 0.99793394740416297 -0.055602845568879733 0.017102257265862973 -0.027270368156701901 -1.4150788728785637 2.3034808604246417 1.3925444225677193 1 f00122.jpg

124 0.99816085252493669 -0.051067957405030111 0.017901540868459707 -0.027322354358745457 -1.4114870090385516 2.3072098827594441 1.4238351585472173 1 f00123.jpg

125 0.99825297712056338 -0.04851786046346579 0.019812192838284896 -0.027285305585939945 -1.4091454231321459 2.3128872660850464 1.4467562599465651 1 f00124.jpg

126 0.99821615992973833 -0.04836312679177316 0.021989644851599068 -0.027238971003864975 -1.408358634549423 2.3217270542200832 1.4625398316237992 1 f00125.jpg

127 0.99810518281482075 -0.049845056702051846 0.023575261325203774 -0.027307900212398914 -1.406172848667516 2.3342418201854782 1.4729929057337128 1 f00126.jpg

128 0.99794262247332532 -0.052368698020836081 0.024579382830752821 -0.027638662383047786 -1.4047436783180238 2.3514408214089992 1.4768256734043419 1 f00127.jpg

129 0.9977540651851966 -0.055807136212243522 0.024350629055671067 -0.027918377796645383 -1.4024682674431248 2.3673520438380828 1.4759197611599484 1 f00128.jpg

130 0.99762111377247098 -0.058539920496193776 0.022845872451630434 -0.028341792032242401 -1.4014303719082402 2.3841150078389886 1.4767543744881757 1 f00129.jpg

131 0.99755675785051046 -0.059713410887363851 0.021132710425964721 -0.0294657763689611 -1.397571219117036 2.4044539383557026 1.4852927166365029 1 f00130.jpg

132 0.99752677210579954 -0.059664195553719733 0.020577730786200683 -0.03093670468558191 -1.3877439989868943 2.4277040234109433 1.5017152718462108 1 f00131.jpg

133 0.99749059271167417 -0.05923536376938917 0.021867721110402364 -0.032023302519571466 -1.3759968835073912 2.4493933906349317 1.5237338245958933 1 f00132.jpg

134 0.99740572605551781 -0.059513216940373384 0.024525762332487128 -0.03222548095970753 -1.366327856558154 2.4655067237140758 1.5450623730451256 1 f00133.jpg

135 0.9972757221111066 -0.060776361289326356 0.027191734772286355 -0.031748662275306566 -1.3587155287638011 2.4769619405966727 1.561653102066527 1 f00134.jpg

136 0.99713811560475651 -0.062617620114558153 0.028847946285990984 -0.031022702243092143 -1.3512269373402623 2.4880461885934109 1.5737837178360934 1 f00135.jpg

137 0.99701798559744537 -0.064464449270432128 0.02949252704323942 -0.03049035952685298 -1.3444075309569206 2.4993086504107787 1.5838561641167797 1 f00136.jpg

138 0.99691797592685893 -0.066048820466929253 0.029579592183470404 -0.030284489678421133 -1.3395346603908982 2.5134891610129086 1.5917547517103221 1 f00137.jpg

139 0.99684344447509954 -0.067245603712303231 0.029309518926909896 -0.030366562015783926 -1.3332268351460979 2.5294018908237801 1.6013335927479924 1 f00138.jpg

140 0.9968097399432313 -0.067771867845840522 0.029111302694023806 -0.030493414673511833 -1.3258648974477409 2.5466263552883195 1.6134064667117405 1 f00139.jpg

141 0.99679104640771032 -0.068066639357048722 0.029144720735782604 -0.03041591131779341 -1.318995004632137 2.5619417314556934 1.6261961517432797 1 f00140.jpg

142 0.9967620230106301 -0.068448115150435029 0.029561155651448602 -0.030107525515404417 -1.3148391559513641 2.5760235466205752 1.6377273321785755 1 f00141.jpg

143 0.99665342023318426 -0.069988441205909357 0.030151276953678901 -0.029571583202931215 -1.3147501052966108 2.5891314643762735 1.640769891072186 1 f00142.jpg

144 0.99645784273887361 -0.072860805133285175 0.030319867902696206 -0.029047828316109917 -1.3153093647723857 2.6079056122092759 1.6358619693473857 1 f00143.jpg

145 0.99620718886615023 -0.076745051480925572 0.029480557931649016 -0.028501414502323807 -1.314770026400278 2.6281601478075629 1.6276196195032657 1 f00144.jpg

146 0.99598585308648069 -0.08027883751948045 0.027941821034860578 -0.028048945352217022 -1.3158143338365795 2.6497720348943146 1.6179532312460467 1 f00145.jpg

147 0.99581764236048798 -0.083220504844232435 0.025616582152415229 -0.02766516683297993 -1.3151782766653812 2.6713781034998703 1.6101181686448227 1 f00146.jpg

148 0.99573084017574665 -0.085061359365512554 0.023428335978277197 -0.027125120074987925 -1.3170050811662284 2.6916732811034878 1.6066357558075297 1 f00147.jpg

149 0.99570414935648921 -0.086149901110720281 0.02120612654246834 -0.02649040750818937 -1.3179617870338773 2.7085921063544731 1.6049410321746447 1 f00148.jpg

150 0.99575831722780062 -0.086256979543515327 0.018939991093111574 -0.025814412429518291 -1.3183466144746343 2.7216693370619414 1.6089560825676128 1 f00149.jpg

151 0.99588462192574401 -0.085414046619597839 0.016803870900767338 -0.025216866867909318 -1.3194603409208658 2.734209032501608 1.616445769362425 1 f00150.jpg

152 0.99597941988542138 -0.084726725309442918 0.015618052926323928 -0.024544930348818928 -1.3219196682263199 2.7465623350924941 1.6221686336235317 1 f00151.jpg

153 0.99602845907785742 -0.084519580367131489 0.015259295876340132 -0.023471325716968437 -1.3209830565418645 2.7608183004346505 1.629039932528086 1 f00152.jpg

154 0.99606297096414109 -0.084553247186418962 0.015326976189510446 -0.021780497359014932 -1.3194099807321014 2.7703112444945353 1.6385131864360862 1 f00153.jpg

155 0.99615879442395883 -0.083923695249191826 0.014992837287812399 -0.019992110883684328 -1.3154194388301588 2.7768686265866545 1.6523155222562387 1 f00154.jpg

156 0.99638935462877798 -0.081652760511057992 0.014125317239053978 -0.018481236329459506 -1.3095703701516468 2.7803596788202802 1.6750401648183029 1 f00155.jpg

157 0.99672819064674811 -0.077857301321092545 0.012932528408992141 -0.017432851459526551 -1.3031653155820639 2.7802678184030345 1.7019306130904479 1 f00156.jpg

158 0.99703914039878494 -0.074040739901751029 0.012414192363838951 -0.016637583226157077 -1.303630894560742 2.7792285755338928 1.7264855977214335 1 f00157.jpg

159 0.99722691802884089 -0.071613242163611285 0.012197491491661286 -0.016162880523711069 -1.3028286461478322 2.7858488332785583 1.7409650383842254 1 f00158.jpg

160 0.99725885834975725 -0.071216090751397051 0.012349574296641432 -0.015828009215277446 -1.3009644113424421 2.800140281064361 1.747670773596149 1 f00159.jpg

161 0.99723738251646588 -0.071591630664950959 0.012242245419949505 -0.015568196989966886 -1.2920713257384882 2.8186217904303419 1.7568185502491869 1 f00160.jpg

162 0.99727225768124506 -0.07122934881988037 0.011957241922259387 -0.015213424718317981 -1.2801568176865987 2.8344724469610441 1.7737419915350083 1 f00161.jpg

163 0.9973952974547351 -0.069641644418885665 0.011855375291666694 -0.014564067237825601 -1.2714272787735137 2.8441306243182409 1.7945406420561096 1 f00162.jpg

164 0.99753929705757516 -0.067767566109903518 0.011888159838992367 -0.013475142487595754 -1.2664471281374847 2.8510545356403534 1.8154611391481237 1 f00163.jpg

165 0.9976700920256466 -0.066053697646548518 0.012103442588864633 -0.012033419391601859 -1.2620323219710947 2.8574550455696768 1.835935764248096 1 f00164.jpg

166 0.99776646250805823 -0.064761647442263884 0.012638808340155825 -0.010405567666422873 -1.2567169377389 2.8636558516523407 1.8559460363149392 1 f00165.jpg

167 0.99786601471311143 -0.063384321156327056 0.013178097201115957 -0.0084960147295147209 -1.2501603886750081 2.8678297979549252 1.8777919084967021 1 f00166.jpg

168 0.99799459958444237 -0.061465808645212547 0.013645385810765652 -0.0065220406280339285 -1.2426826682093131 2.8688675432642667 1.9021245387198737 1 f00167.jpg

169 0.99814337218384375 -0.059007419528383093 0.014313625071899745 -0.0048013689054957759 -1.2345559389929046 2.870886627881605 1.9289246059880312 1 f00168.jpg

170 0.99824373553774692 -0.057080883993385907 0.015539949088570693 -0.0031188338371322065 -1.2274840314284283 2.8727887486217916 1.9517442050696565 1 f00169.jpg

171 0.99828346941403945 -0.056004134427082589 0.017070886703225256 -0.0014954761475432592 -1.2192311058784033 2.8780057432146435 1.9705956996482072 1 f00170.jpg

172 0.99827750269713245 -0.055708822447364248 0.018399216310119343 0.0001534583954437234 -1.2105172885454167 2.8837606911919509 1.9854371483495388 1 f00171.jpg

173 0.99827920342702481 -0.055528812140850925 0.018795230530483941 0.0013864835505178271 -1.1999813819009555 2.8901322233461726 1.9984668246587327 1 f00172.jpg

174 0.99832601956236 -0.054861859781912693 0.018202134493143687 0.0020043218148626837 -1.1878087234787074 2.8952870917333291 2.0137217723210221 1 f00173.jpg

175 0.99844289259633279 -0.052992479690937601 0.017279076856758814 0.0022407193155635358 -1.1766648721925725 2.9002507989183548 2.0329520540115724 1 f00174.jpg

176 0.99858235064220402 -0.050435216398354618 0.016831518695816602 0.0025055760084708892 -1.1658734446197199 2.9052774756661734 2.0547950500628955 1 f00175.jpg

177 0.99867268329638936 -0.048356673712596353 0.017468195027395366 0.0030603770235148515 -1.1565584390891848 2.9093326357702534 2.0763116852223726 1 f00176.jpg

178 0.99868678165552816 -0.047560196240501125 0.018626962188515547 0.0039719214139544434 -1.1468266847988005 2.9138501640337151 2.089342740408882 1 f00177.jpg

179 0.99865224400202746 -0.047852249366818728 0.019429506223809134 0.00513342655023753 -1.1365597423034448 2.9198391236559886 2.0967867915896847 1 f00178.jpg

180 0.99863132427223456 -0.048238844601954267 0.019127985032959247 0.0065278053227155689 -1.1266726862600525 2.9219510611232957 2.1048594500349695 1 f00179.jpg

181 0.99868617258120496 -0.047499280571206746 0.01758974718871369 0.0077683868441638477 -1.1191651834877834 2.9215031133681495 2.1176321197808097 1 f00180.jpg

182 0.99877541979900375 -0.046190412242427058 0.015489842649293331 0.0086122817474757283 -1.1175967578062913 2.9182617188400948 2.1282451987846458 1 f00181.jpg

183 0.99885068334555005 -0.045140775130257785 0.013513458536021409 0.0087754908217986451 -1.1177486087279178 2.9208268641372546 2.1336141348413271 1 f00182.jpg

184 0.9988664225076902 -0.045221765173726752 0.012307028160710082 0.0083306061671832438 -1.1131553821591709 2.9330383663607873 2.1360480724172839 1 f00183.jpg

185 0.9988269232477831 -0.046204077736309246 0.012420015492366956 0.0074634985812691958 -1.1003195463245818 2.9540663154054161 2.1412625939626611 1 f00184.jpg

186 0.9987520690849423 -0.047571154428190328 0.013576091159360022 0.0068541603239700979 -1.0797348535613513 2.9743984659857836 2.1505201171008164 1 f00185.jpg

187 0.99869536919047364 -0.048362178529422782 0.014951674559294833 0.006716150181868304 -1.056743283368093 2.9872564222641578 2.1654985141319574 1 f00186.jpg

188 0.99868381101755699 -0.048219002105722775 0.016019188999243542 0.0069970730439694638 -1.0376756971266099 2.9924513819178302 2.1841639190456217 1 f00187.jpg

189 0.99869714304868773 -0.047591117520864944 0.016886252785064369 0.0073455065436965564 -1.023739448256241 2.997019197385153 2.2016437813141416 1 f00188.jpg

190 0.9986737007226576 -0.047544412849500353 0.0182538697918046 0.0075607228048782168 -1.0118248960789837 3.0046238995024925 2.2168628485474899 1 f00189.jpg

191 0.99861570702899016 -0.048101526571009932 0.019787506130263116 0.007833735869521654 -0.99765451063444299 3.0153449888420587 2.2295807896435282 1 f00190.jpg

192 0.99854906550265288 -0.048965146750243306 0.020863136913605865 0.0081797130531120407 -0.98175981987413741 3.0254222338677064 2.2413722647521328 1 f00191.jpg

193 0.99850361909819885 -0.049780180679482769 0.021015275411723485 0.0084151327194592826 -0.96818506483889921 3.0350366778256026 2.251621807187564 1 f00192.jpg

194 0.99848273688442579 -0.050437108475705913 0.020496157404213695 0.0082601309951903564 -0.95770745015283154 3.0455829652080566 2.2612646579194964 1 f00193.jpg

195 0.99849168237684038 -0.050644335001284346 0.019801997880806967 0.0075757795951193856 -0.94580919764469773 3.0607423883782974 2.2709341748965666 1 f00194.jpg

196 0.99847340700720766 -0.051213119267859868 0.019526589694676345 0.0068398983306098282 -0.93433779442263465 3.0749628599435961 2.2784668257492227 1 f00195.jpg

197 0.99842674845146551 -0.052230556573861282 0.019426717989525229 0.0062128548008539399 -0.92353571226769982 3.0925318349860569 2.2815819538220792 1 f00196.jpg

198 0.99834071267898961 -0.054124116045958098 0.01875357932684707 0.0058910722524236131 -0.91209993274233603 3.1087960901025729 2.2817333654584124 1 f00197.jpg

199 0.99826194735639417 -0.055994595405132325 0.017540405379592727 0.0054794091612795038 -0.90312327113147972 3.1247675249806832 2.2811531727270031 1 f00198.jpg

200 0.99824790976790101 -0.056875553778699829 0.015665281983281331 0.0045695696479990632 -0.88898696348176154 3.1429143554324184 2.2856972379551208 1 f00199.jpg

201 0.99822958696325925 -0.057586989254296984 0.014477517917566319 0.003439746318058586 -0.87792679972927401 3.161301066503075 2.2885265521378937 1 f00200.jpg

202 0.99816486107155478 -0.058824850320938031 0.014201658259309543 0.0022045429025653188 -0.86440420223768377 3.1813855970508582 2.2912760893152702 1 f00201.jpg

203 0.99807492197789371 -0.060248267062450886 0.014704078961554748 0.00062168857667057719 -0.84072959856096086 3.2079979700793615 2.2960392730879877 1 f00202.jpg

204 0.99794740085560518 -0.061940601240055106 0.016235559925154547 -0.00086812296449731159 -0.8122390422428839 3.2332299222978071 2.3030500195792176 1 f00203.jpg

205 0.99782147059045734 -0.063407382331160181 0.01809191711860025 -0.0021211387463432908 -0.78143581668955708 3.2565770108057936 2.3110615722327261 1 f00204.jpg

206 0.99769734390014264 -0.064921118448992371 0.019421532817884727 -0.0028394395459620352 -0.75595339440915355 3.2728232598922053 2.3174883906325032 1 f00205.jpg

207 0.99765638385250344 -0.065483305548772852 0.019606293363131144 -0.0030446203889032807 -0.73518596791560653 3.2835713016046988 2.3291330830463703 1 f00206.jpg

208 0.99769565828940321 -0.064909121088174412 0.019526889728974938 -0.0029799341517211986 -0.72103813536057038 3.2906620379776035 2.3454689883550324 1 f00207.jpg

209 0.99775262290060251 -0.063906928517962105 0.019979063726151124 -0.0025386994695769075 -0.70906752046506161 3.2972440423603198 2.3641802849940814 1 f00208.jpg

210 0.99774557995304858 -0.063690640858679759 0.02107881160888379 -0.0017157075287519265 -0.69620385336051005 3.304202336606505 2.3767176102362915 1 f00209.jpg

211 0.99770556503816998 -0.063871398071958782 0.02244117388631053 -0.00066611921284261935 -0.6809944923558745 3.3119654842107251 2.3893117712237824 1 f00210.jpg

212 0.99769804844342524 -0.063594491802224595 0.023542824939590482 0.00028308737398642772 -0.66290061820614676 3.3161150991071509 2.4062951054635726 1 f00211.jpg

213 0.99775030545541743 -0.062448670264204038 0.024357821480620111 0.0010899901701997567 -0.64559225939658471 3.3175951581539387 2.4255353697516373 1 f00212.jpg

214 0.99780499145628232 -0.061316315301897815 0.024938003328016354 0.0018985501675137114 -0.6323457129190837 3.316828300823615 2.441558453487044 1 f00213.jpg

215 0.99786005015185342 -0.060318352911387797 0.025096765342525296 0.0026774955351580414 -0.62135154728275011 3.3178920644557168 2.454845258508342 1 f00214.jpg

216 0.99791557539035547 -0.059434640124822892 0.024944366124526104 0.0031315403894504735 -0.60909456545281293 3.320092878888822 2.4686164254192011 1 f00215.jpg

217 0.99796944712572755 -0.058423413251617116 0.025169347560159705 0.0031923864111513579 -0.59515217063979242 3.3247411535235378 2.4819611382833786 1 f00216.jpg

218 0.99797749501971167 -0.057915369763783336 0.025993637728807927 0.003325684430292603 -0.58121699760059031 3.3318948131108423 2.4907584440197108 1 f00217.jpg

219 0.99791719051372396 -0.058386028751989935 0.027122481403935177 0.0040894408249912001 -0.56956201479395363 3.3408500838680326 2.4932982056938853 1 f00218.jpg

220 0.99786324448660202 -0.058873681760968875 0.027841067916688843 0.0052640132826050085 -0.55651112809167291 3.348692906883088 2.499169049127933 1 f00219.jpg

221 0.99786664439110095 -0.058526723363027132 0.028189984765938394 0.0064890232645611941 -0.54522668488568249 3.3535434466155181 2.5082776433450191 1 f00220.jpg

222 0.99791273013826964 -0.057699974161863871 0.027944419667323368 0.0077463164898963427 -0.53839575980132481 3.3545783500283561 2.5175662529915916 1 f00221.jpg

223 0.99799090206649232 -0.056680846719095672 0.026943602479417236 0.0086881121739663461 -0.53590043925465058 3.3542574907828921 2.5240801094246597 1 f00222.jpg

224 0.99809945278411127 -0.055544550059755914 0.025086570961728945 0.009107648878806161 -0.53512601282190186 3.3559758939912916 2.52916947154716 1 f00223.jpg

225 0.99817551774759905 -0.055066903614537137 0.023096171072931788 0.008935254746878056 -0.53551992218437294 3.3635719568194271 2.5265236958645456 1 f00224.jpg

226 0.99817577053832784 -0.055856485866412509 0.021329161459447101 0.0083815850712129457 -0.533136659346922 3.3798422477011267 2.5186971033145835 1 f00225.jpg

227 0.99811861885718767 -0.057445691479220094 0.019892858192288775 0.0079680244750383305 -0.52873405298060072 3.4000484976895895 2.507395858854248 1 f00226.jpg

228 0.99806772343695938 -0.05879917553877087 0.018406535649868053 0.008042128741532175 -0.52466644865026213 3.4195977321905424 2.4993773625318454 1 f00227.jpg

229 0.99803998808743477 -0.05977384319845163 0.016561312246357728 0.0083061895235239623 -0.5223323253429798 3.4370995477479886 2.4921219646623065 1 f00228.jpg

230 0.99804277294356347 -0.060298856564958231 0.01426938986088102 0.0084294593587218129 -0.52230324215250856 3.4522827628507673 2.4883505102846426 1 f00229.jpg

231 0.99806974883980859 -0.060403034601229588 0.011807946760503516 0.0082959179783720777 -0.52274980565551299 3.4666581097789169 2.4875307053153541 1 f00230.jpg

232 0.99809641669373972 -0.060379944659797395 0.0096596809251052792 0.0080309296111418949 -0.52216952857915955 3.4815619611940751 2.4862947506104627 1 f00231.jpg

233 0.99811938781448573 -0.060241494121281387 0.0083087876612157833 0.0077210169323635629 -0.51760781426265667 3.4975613157756165 2.4880617841731105 1 f00232.jpg

234 0.99814080333442745 -0.059924207573218487 0.0080063744456116727 0.0077410615461990752 -0.50963228154854923 3.5107327831698125 2.4956708567054426 1 f00233.jpg

235 0.99818257720085024 -0.059061657924088858 0.008658651696727129 0.0082638300272778204 -0.49851605077444577 3.5218400607139695 2.5090906647380753 1 f00234.jpg

236 0.99821879766999799 -0.058091299624627238 0.010260070356668772 0.0089086386425670881 -0.48340364327154933 3.5300689352480106 2.5254033114377843 1 f00235.jpg

237 0.99823378365366477 -0.05730174037582289 0.012544634847151672 0.0094050974977569601 -0.46207093706670743 3.5396383689025526 2.542321616617258 1 f00236.jpg

238 0.99822471354563802 -0.05673514169139067 0.015252449621145168 0.0097932499479413959 -0.43805477752444577 3.5509878593489774 2.5570449730217075 1 f00237.jpg

239 0.99818171567971914 -0.056693058632275792 0.017652795686742856 0.010370071843944683 -0.41531452296069965 3.5651863210978672 2.5656411174808786 1 f00238.jpg

240 0.99810355463553146 -0.057426854553978196 0.019195195608237615 0.011090314040378279 -0.3976396568134648 3.5803362308788773 2.5697053485346131 1 f00239.jpg

241 0.99806568156282693 -0.05784776376222784 0.019453419123553577 0.011836215554067102 -0.38373907225374748 3.5951261944434165 2.5765669182214865 1 f00240.jpg

242 0.99809955682947438 -0.057267615219035457 0.019072453184782387 0.012407112212137264 -0.37208074422519977 3.6045432403358681 2.5930847395037868 1 f00241.jpg

243 0.99819107849778477 -0.055529470399869246 0.019092706085717857 0.012904158200461559 -0.36057912555799748 3.6086848080149991 2.6157800727962712 1 f00242.jpg

244 0.99825663457746405 -0.053818973881736551 0.020046579261666201 0.013614118858722534 -0.34676504021758164 3.6121993482529495 2.6365693022581445 1 f00243.jpg

245 0.99825366200175147 -0.052820402763835497 0.021816374605728807 0.014955840030710542 -0.33143360044540171 3.6181768267182535 2.6534520868310887 1 f00244.jpg

246 0.99821531071878045 -0.052193778503294187 0.023866576972729075 0.016504224785169327 -0.31243508448106461 3.6257037338516818 2.6713596729096492 1 f00245.jpg

247 0.99819021083691573 -0.051092164293821095 0.026202525376531415 0.017869566335534794 -0.29155112634183467 3.6316883916307088 2.6931859936165288 1 f00246.jpg

248 0.99820162902171694 -0.049196830376372506 0.028721048156502966 0.018662290644512605 -0.26401005431795049 3.6337382886546425 2.7227265493514894 1 f00247.jpg

249 0.99823001906319409 -0.046494912869902087 0.031809969746158906 0.019057228105430948 -0.23236120024746554 3.6335158173180799 2.7569160108676205 1 f00248.jpg

250 0.99825567496710932 -0.043602249805791221 0.034908489892194826 0.019127167623070152 -0.19633344016939383 3.6320757219251121 2.7889418827650982 1 f00249.jpg

251 0.99823114584718864 -0.041502398877778707 0.038018149734610394 0.019150734679248365 -0.16089479963768638 3.6333310514032293 2.8149475518698854 1 f00250.jpg

252 0.99815254526201058 -0.041058125894345252 0.040516584560542461 0.01908227084398938 -0.12807813799866519 3.6435457510994449 2.8272831918746713 1 f00251.jpg

253 0.99806849513737061 -0.041631416377167094 0.042031450990392433 0.018959464979201267 -0.099291030692464477 3.6604271299936237 2.8318298013624563 1 f00252.jpg

254 0.9980299365961155 -0.042153317345543458 0.04259333074376688 0.018578258015005501 -0.07272047842219953 3.6770176830586139 2.8416585688917144 1 f00253.jpg

255 0.99804974394859991 -0.041755097042778661 0.042782422103056356 0.01796899646825607 -0.047955539953590837 3.6892247483248402 2.8587199283894376 1 f00254.jpg

256 0.99808627206170875 -0.040710729117127767 0.043068957480187374 0.017649219764073777 -0.026546165414932186 3.6973351526559295 2.8785844011894359 1 f00255.jpg

257 0.9981061711507524 -0.039437124042348615 0.043722065179142934 0.017809137388507031 -0.0060067115687648855 3.70466536025098 2.8997466171929922 1 f00256.jpg

258 0.99811044095882973 -0.037844077005564108 0.044727631637453281 0.018515195183154261 0.012473457241937574 3.7093491388174371 2.9234191289067155 1 f00257.jpg

259 0.99812016359294264 -0.035812364779848928 0.045596571636556185 0.019863690821864857 0.027372414119689482 3.7100391493950151 2.9510884067848902 1 f00258.jpg

260 0.9981312626509008 -0.033134300825407345 0.046714404593121178 0.021304108318347958 0.043670870695426793 3.7087008085051143 2.9850179335113767 1 f00259.jpg

261 0.99808935604032456 -0.029909863433946603 0.049007681712702464 0.022831657003332551 0.0639683308555965 3.7042715886833482 3.0231896236710742 1 f00260.jpg

262 0.99794241209546286 -0.027068115913581228 0.052613519576984055 0.024699732786049217 0.090168131177423144 3.6987417452884777 3.0586139604069373 1 f00261.jpg

263 0.99770783465799173 -0.025705479432555241 0.056536469235448826 0.026868804134041215 0.11698693855259949 3.7030294103016219 3.07991062150256 1 f00262.jpg

264 0.99748454053635272 -0.025862100429881577 0.059363085489928122 0.028840375057382517 0.13871407595598115 3.7212317865731084 3.0866296219533815 1 f00263.jpg

265 0.99738140387823271 -0.026589039323825572 0.060086613730576999 0.030215178902556313 0.15389349546962125 3.7426466285183153 3.0917427651127682 1 f00264.jpg

266 0.99743180308961488 -0.026238550812982851 0.059069244387282949 0.030857106218004599 0.16201680364964108 3.7587230640752334 3.1081747414932797 1 f00265.jpg

267 0.99758275465037582 -0.024503801064927649 0.057269355286786616 0.03079662810398285 0.1676811138919912 3.7668689355390388 3.1362867573714381 1 f00266.jpg

268 0.9976995158616353 -0.022991020788736494 0.056033488292722776 0.030452211780137562 0.17167230769068367 3.7755176821749172 3.1571180240364627 1 f00267.jpg

269 0.99775453231584188 -0.023469258673379755 0.05505372995039564 0.030069485513835596 0.17568498721625117 3.7965900416255884 3.1582144428012935 1 f00268.jpg

270 0.99779800956436926 -0.025672761818982551 0.053551765302544727 0.029533876192434912 0.17688635204838637 3.8286293107052027 3.1517056676121604 1 f00269.jpg

271 0.99793184447458416 -0.027317269861779677 0.050769933763795093 0.02842911142600155 0.17999884989687781 3.8606415484455354 3.1534372102826493 1 f00270.jpg

272 0.99811352661180952 -0.027326768152214093 0.047976437898106516 0.026849527807773284 0.18245011082063911 3.8842548125693073 3.1705703304302895 1 f00271.jpg

273 0.99825614233160642 -0.026276774137708847 0.046401865024484047 0.025319406793679954 0.19048949661041928 3.9002788962081461 3.1955959634035711 1 f00272.jpg

274 0.99827820971963044 -0.025430737459674873 0.046967603355832756 0.024247429270719462 0.20208688932268085 3.9176798680178195 3.2147034635148852 1 f00273.jpg

275 0.99820586177217907 -0.026130368703411282 0.048368467823779855 0.023722408719736063 0.21836293319249567 3.9444409440927997 3.2190983243119544 1 f00274.jpg

276 0.9981172864133192 -0.028153365309232719 0.049184667813382571 0.023455042885615528 0.22994225458858342 3.9781897025381125 3.2134302697907478 1 f00275.jpg

277 0.99814716562679606 -0.029612946428544364 0.047901738030468835 0.023037635483596875 0.23591598053034152 4.0098234932689083 3.2150910854216597 1 f00276.jpg

278 0.9982934488444849 -0.029569382736126838 0.045257629717587407 0.022081407363047138 0.23490478113508992 4.0330882791762059 3.2294517224836485 1 f00277.jpg

279 0.9984704412131743 -0.028723564873803935 0.042356081966651624 0.020921213276118081 0.2318410101385634 4.0511928464265683 3.2497143805026272 1 f00278.jpg

280 0.99857267724588461 -0.028401202634765588 0.040431841384298187 0.020279204845380368 0.22591333323787036 4.0704162062389271 3.2620974330145507 1 f00279.jpg

281 0.99859364190384314 -0.029968507481369453 0.03885030369513276 0.020081852786950051 0.2224168811220619 4.1001385178717484 3.2581909383545167 1 f00280.jpg

282 0.99861273158584685 -0.031940072609965293 0.036940884038243325 0.01969302320103309 0.22130004188685015 4.1373238946019164 3.2550716865710072 1 f00281.jpg

283 0.99868981538274615 -0.032959963936497874 0.034225357172891796 0.018997851311850663 0.22128878472696145 4.1684112786886827 3.2606622123078242 1 f00282.jpg

284 0.99880283387549951 -0.032736244153546035 0.031419238155109316 0.01827755002020813 0.2168952490287947 4.1931062870569695 3.2746213250165273 1 f00283.jpg

285 0.99889578439575877 -0.032247659666874748 0.02916188947694583 0.017801251768498384 0.21364422390797985 4.2116693679709973 3.2891252777668281 1 f00284.jpg

286 0.99893243965283685 -0.032329295941994525 0.027977277725740424 0.017494843931371219 0.21488453626969953 4.2359930476737198 3.2981124663814465 1 f00285.jpg

287 0.99888036740090935 -0.034360679053114636 0.027535424573823443 0.017296119494644956 0.22006204117510086 4.2726364594764767 3.2872420597304584 1 f00286.jpg

288 0.99880294535380509 -0.037137479769619161 0.026995696442924953 0.01687353912155377 0.23137218816785848 4.3162341325717275 3.2771238496290982 1 f00287.jpg

289 0.99877211103952612 -0.038789573769303871 0.026290061696462887 0.016077059197530077 0.24745626656530986 4.35427176071203 3.2779722053174409 1 f00288.jpg

290 0.99885039847898305 -0.037262814734704358 0.026066528126025616 0.015162460482305351 0.26916750755630564 4.3799676973591168 3.3086911944570887 1 f00289.jpg

291 0.99896257833503366 -0.033500885427356943 0.027126994655670349 0.014682776398036158 0.29255626456133876 4.3879721717668669 3.3485896921604681 1 f00290.jpg

292 0.99901529309427128 -0.029895913964779919 0.029133151683708756 0.015031232981754969 0.31590278482848261 4.3931769427705847 3.3862407432320376 1 f00291.jpg

293 0.99899736923648152 -0.028018636869578794 0.031294020170567746 0.015488594130002017 0.34120728207113643 4.4061329632665727 3.4042295411024242 1 f00292.jpg

294 0.99897276305233373 -0.026642055800987316 0.032916200835083752 0.016128957339703154 0.36326586273806016 4.4263601549467362 3.4225951969376061 1 f00293.jpg

295 0.99898347016569466 -0.024741884619153345 0.033630060721177725 0.016996602516038975 0.38084183400556892 4.4432892800023254 3.4463555596452737 1 f00294.jpg

296 0.99901448436455798 -0.022010102050719259 0.034074208002022655 0.018015653931215046 0.39362453784996793 4.4550119237495798 3.4788723655630962 1 f00295.jpg

297 0.99903140652607858 -0.019354634150892874 0.034723307096284135 0.018866341874002476 0.40959632149313929 4.4645289872942806 3.5066911941958074 1 f00296.jpg

298 0.99900185400186026 -0.016588860225549468 0.036359390217918557 0.019952447475079037 0.4282237767038623 4.4775760829971434 3.5377637598420999 1 f00297.jpg

299 0.99891020990910173 -0.013780634038850909 0.038928350173993459 0.02175017741474599 0.45321873414507485 4.4887152809858737 3.5699887539168818 1 f00298.jpg

300 0.99873984486380096 -0.010842556715311686 0.042297986727549274 0.024739473804053558 0.46988799225363159 4.4970684453076482 3.602078752030863 1 f00299.jpg

301 0.99857150528121597 -0.0092515483169771685 0.044393927256832388 0.028258395511097181 0.47914063348767649 4.5104765769300812 3.6172192363396851 1 f00300.jpg

302 0.99847196399610649 -0.0090428949642803822 0.044839941038772695 0.031005529378822772 0.48192274461326862 4.5353807727816031 3.6244001746571901 1 f00301.jpg

303 0.99845434797459065 -0.0089674475643415717 0.043798838188712372 0.033017596340961269 0.48099589792104641 4.5616309965970592 3.6340783069515674 1 f00302.jpg

304 0.99846821637950689 -0.0078245055342737405 0.042489874893894525 0.034563109301246016 0.47978713981452448 4.5837988868353419 3.6575320608637374 1 f00303.jpg

305 0.99845803024378488 -0.0061895076936566316 0.041817480912093717 0.035979857231220096 0.48090918172859032 4.5999519603051526 3.6828698092143406 1 f00304.jpg

306 0.99840625696334628 -0.0055904010462856247 0.042047736078004237 0.037224741279109123 0.48718254090859459 4.6224836414548927 3.6957848507495505 1 f00305.jpg

307 0.99834788716674938 -0.0064983200897862775 0.042334349650026283 0.038302361094407211 0.49711458356837851 4.6554407387805901 3.6965499416977861 1 f00306.jpg

308 0.99829922322689046 -0.007882038235454622 0.042427419836764929 0.039197556350301907 0.50649021629359292 4.6916664550963549 3.6967491405952897 1 f00307.jpg

309 0.9982551081670199 -0.0095899644642089485 0.042292870598489095 0.040075986532644076 0.51272907086088138 4.7296007952766397 3.6906263215755621 1 f00308.jpg

310 0.99819108347449936 -0.01308774500010154 0.041961888732246738 0.041017943595921778 0.51286662697123619 4.7752976395504714 3.668272200617809 1 f00309.jpg

311 0.99813581310572042 -0.017621248637613794 0.040681836074394892 0.041944944937970595 0.50966269614691528 4.8341187922015507 3.637164244608905 1 f00310.jpg

312 0.99811230389555639 -0.021115541936478379 0.038256044191963295 0.043155970430708825 0.49785488560347335 4.8877944504200759 3.6204444998541319 1 f00311.jpg

313 0.99810687203418269 -0.02222926630667222 0.035541348480157844 0.045003825013209341 0.47248963308446273 4.9247552864188426 3.6263370618075692 1 f00312.jpg

314 0.99812595086506728 -0.021371221956536433 0.032793426898291296 0.047036669036571853 0.44708744135471645 4.9451410158523119 3.6513125575082057 1 f00313.jpg

315 0.99811665786980086 -0.02038305976912538 0.030982443962199489 0.048864673573037185 0.42735630967955657 4.9594400177977738 3.6730163433846403 1 f00314.jpg

316 0.99805181790900455 -0.020466786640196116 0.030344268582441818 0.050526278087252484 0.4139271274842668 4.9817468511189311 3.6816797438151285 1 f00315.jpg

317 0.99793312106929444 -0.021606603934998084 0.030332085741641073 0.052369887472263676 0.40367059690410867 5.0115924030477794 3.6800588930214109 1 f00316.jpg

318 0.99777587927382283 -0.023189915712982366 0.030614571729144606 0.054481836848759561 0.39271579513288923 5.0443618728037052 3.6773251161106795 1 f00317.jpg

319 0.99759207403297989 -0.024400913105857108 0.030892256357079807 0.057099192317808051 0.37848681979845433 5.0777371829273381 3.6748053041149036 1 f00318.jpg

320 0.99737981218073524 -0.025367089410046888 0.031378705995339304 0.060044965144846106 0.36100832649128001 5.1058821670342551 3.6772966903909765 1 f00319.jpg

321 0.9971609592766657 -0.026286929427522299 0.031868551944718153 0.062955651316301764 0.34533904200678356 5.1337134215186211 3.6793308081709548 1 f00320.jpg

322 0.99698291116208126 -0.027212101052334396 0.031856603489387063 0.065343195676513338 0.32899749402625639 5.1618960784792405 3.6791486146427421 1 f00321.jpg

323 0.99686965386607174 -0.028370596948398691 0.030641710360713795 0.067134849488932516 0.31056757530886475 5.1885056409959196 3.6792416652937003 1 f00322.jpg

324 0.99682694433371488 -0.029393434961862173 0.028408299693623056 0.068301080079083101 0.28695454130474346 5.2151917697640879 3.6800436765684972 1 f00323.jpg

325 0.99682818556989627 -0.029588822304272434 0.025784788413206434 0.069233046549737984 0.26221447137928006 5.2395541140732416 3.6888774802584381 1 f00324.jpg

326 0.99681507302006844 -0.028870306754870054 0.02373420178698778 0.070447876145475333 0.23667602946460595 5.2560606678676027 3.7058944958513407 1 f00325.jpg

327 0.9967741943183096 -0.027838454394932224 0.022249968708286202 0.071910812055400952 0.21501079364207348 5.270018758658356 3.7257781697695758 1 f00326.jpg

328 0.99671262308214259 -0.027441706818849911 0.021260000637892396 0.073204590624225296 0.19942285160115789 5.285451100272514 3.7381085950695629 1 f00327.jpg

329 0.99665073644677737 -0.027527179850154907 0.020678646964044672 0.074175180952444547 0.19080283759132646 5.3062729000163866 3.7479710662285299 1 f00328.jpg

330 0.9965474752167216 -0.028478763884069232 0.020450586437083095 0.075258641770841683 0.18181935636825711 5.3312043820916797 3.748266458315733 1 f00329.jpg

331 0.99641005126364735 -0.029872055364131258 0.019686930851071996 0.076727405812809624 0.17122480767343856 5.3619182712320859 3.7443288343178143 1 f00330.jpg

332 0.99626940761647442 -0.030829348154313957 0.018359622853237001 0.078484030150004505 0.15273456059143004 5.3889366635928519 3.747804852238525 1 f00331.jpg

333 0.99617754022346638 -0.029957480380667628 0.01633444083678498 0.080411714110041166 0.12933023922551909 5.4046369980466871 3.7708889317039556 1 f00332.jpg

334 0.99612864240571553 -0.027517048981019202 0.014306626270210338 0.0822548493347635 0.10538455829464694 5.4046129703991195 3.80962420063844 1 f00333.jpg

335 0.99607936552243503 -0.024723146971226594 0.012606257158613974 0.083998487276341724 0.086285358441936855 5.4001213909655732 3.8493928865614695 1 f00334.jpg

336 0.99599933125287565 -0.023335463116406593 0.011444471403843672 0.085497440776058573 0.072652363990862071 5.4035170472497303 3.8728439959174832 1 f00335.jpg

337 0.99586914328918608 -0.02294553785996432 0.010312344651946224 0.087245672010461767 0.056718116542900002 5.4168328532197423 3.8852582930377881 1 f00336.jpg

338 0.99568729664171296 -0.023325041540965725 0.0085467157014118642 0.089385140790571888 0.031973563630685493 5.432447721164877 3.8932049054280253 1 f00337.jpg

339 0.99549879462442725 -0.023814708610967766 0.0059115168372097003 0.091542686893988923 0.0011892606030523807 5.4507504977846573 3.9018820383369119 1 f00338.jpg

340 0.9953176735506376 -0.02331760053127608 0.0031343946052983258 0.09375070023027185 -0.035277483357085603 5.4625189892356323 3.9211590016743756 1 f00339.jpg

341 0.99513013377559467 -0.021300858793553794 0.00081079209230277768 0.096237377783307473 -0.069369196780613568 5.4629888569341043 3.9556035062929622 1 f00340.jpg

342 0.99488842825429868 -0.018902666586905689 -0.00029453058498331931 0.099194847514011489 -0.10097497750912068 5.4546318046447473 3.9935370753620045 1 f00341.jpg

343 0.99457476318710347 -0.017419507416654927 -0.00058567134604541428 0.10255368438897196 -0.12942817492871658 5.4527913493072431 4.0204540528305586 1 f00342.jpg

344 0.99418668692204404 -0.016828397628127732 -0.00052226059100059599 0.10634549273061383 -0.16082555464273937 5.4575283241188739 4.0398983492909117 1 f00343.jpg

345 0.99374731800733229 -0.016242327119090301 -0.00086733479240971379 0.11046131672830979 -0.19664913504800019 5.4627733817974704 4.0602944496690121 1 f00344.jpg

346 0.99330837417087725 -0.015614227808929107 -0.0013630442949521719 0.11442382532579946 -0.23521415656749231 5.4657419380208685 4.0831056300617821 1 f00345.jpg

347 0.99290079109021578 -0.01492612439611616 -0.0016028763956249929 0.11799432465248989 -0.26993410334097995 5.4699808069053164 4.1064942526175487 1 f00346.jpg

348 0.99252079893080636 -0.014078525980651659 -0.0013195639840860715 0.12125393827359832 -0.2977815280791401 5.4745857372494937 4.1319906093030019 1 f00347.jpg

349 0.99215291748640633 -0.013189174795653826 -0.00061538922362145364 0.12433123214834593 -0.32161530699214608 5.4800035683279544 4.1560871808951534 1 f00348.jpg

350 0.9917487692610133 -0.012656571170233534 6.1861363934782114e-05 0.12757031805498739 -0.34781091456846219 5.4874643807322618 4.1766595281432757 1 f00349.jpg

351 0.99127509897221833 -0.012439791196901046 0.00058540100060990832 0.13121961384741357 -0.38085868983467724 5.4956727339493883 4.1940914517251384 1 f00350.jpg

352 0.99076782329138779 -0.011500840086847585 0.00057503562746217174 0.13507968145420379 -0.41593180564354493 5.500581174889871 4.2219753898149772 1 f00351.jpg

353 0.99026380210828702 -0.0090092923796554637 0.00028476999286432524 0.13891131628096476 -0.45402076217788018 5.4912217840345505 4.2666599232860998 1 f00352.jpg

354 0.9898032165145525 -0.0055434975866487787 -0.00031521422724834674 0.14233328090066041 -0.48906796072408437 5.4706567616258299 4.3197024220077607 1 f00353.jpg

355 0.98937419925210268 -0.0025717566754385524 -0.00096719967977447984 0.14536555453972841 -0.52312875277175241 5.4509534643029198 4.3643863123232673 1 f00354.jpg

356 0.98897705955558302 -0.0015208147430681531 -0.0016117354105113686 0.14805223775504606 -0.55523122928073987 5.4473810835158618 4.3866162551905266 1 f00355.jpg

357 0.98848670309969022 -0.001959313601320469 -0.0021877164333381268 0.15127925430184272 -0.59681385229995843 5.4557265187504189 4.3937853629707018 1 f00356.jpg

358 0.98781563904601344 -0.0025607040454836186 -0.0033627740992239136 0.15557119849530002 -0.65061667436489101 5.4648070143579757 4.4007424106756394 1 f00357.jpg

359 0.98698991564058902 -0.0024398295110320111 -0.0048668054429503466 0.16068997436219093 -0.71487081368549887 5.4617849781397885 4.4153819615902536 1 f00358.jpg

360 0.98608767278372156 -0.002154555926470372 -0.0066126844211364345 0.16608049818533963 -0.78470989118025725 5.4505558240235441 4.4281434227240402 1 f00359.jpg

361 0.985185156291572 -0.00230828370979347 -0.0086161657232873574 0.17126190859994239 -0.85482252167839667 5.4443122208200601 4.4356047072877942 1 f00360.jpg

362 0.98427370196049679 -0.0026153100981779419 -0.010845534648595565 0.1762975160354138 -0.92610691697868419 5.4375634838632534 4.440173412348928 1 f00361.jpg

363 0.98316573741174418 -0.002544594566208337 -0.013729739593807109 0.18218164580659854 -1.011801864929319 5.4236882614228534 4.4475697314078975 1 f00362.jpg

364 0.98183644833458061 -0.0029752836936906969 -0.016847196396091224 0.18895636634490551 -1.1092507506108444 5.4056022537673281 4.4444930748838694 1 f00363.jpg

365 0.98049693429429696 -0.0033611267431778221 -0.019524463510966469 0.19553327080349572 -1.2013160234157092 5.3898371053662597 4.4444023502083096 1 f00364.jpg

366 0.97928901369393662 -0.003039966038691071 -0.021205896752389142 0.20133081286223195 -1.2734683781392429 5.3718643208569601 4.4517512272306581 1 f00365.jpg

367 0.97812577831256753 -0.0013396050769163791 -0.021788664601417009 0.20686570850085476 -1.3318431945495253 5.3404319515431178 4.4732526139528632 1 f00366.jpg

368 0.97694837557994996 0.0006896553668482014 -0.021933403994942344 0.21234481772901084 -1.386326230215299 5.3046722178613308 4.4966610540045711 1 f00367.jpg

369 0.97577875064887132 0.0017133368840011472 -0.022073131368011006 0.21763655743110305 -1.4397075587009376 5.2744401630175446 4.5097746031837422 1 f00368.jpg

370 0.97466691317075016 0.0024073843886949454 -0.022587588197598259 0.22250486226152585 -1.491988065098953 5.2478026282865544 4.5183779291379125 1 f00369.jpg

371 0.9735212190407021 0.0031629106817182683 -0.023346631053145016 0.22737934579022864 -1.544933439254639 5.2188035224482503 4.5257207137691964 1 f00370.jpg

372 0.972311125518451 0.0037911214325440593 -0.0236674937272724 0.23245763556397969 -1.5971887726666325 5.1866862790575015 4.5317602007943538 1 f00371.jpg

373 0.97102885626968971 0.0047319977873027923 -0.023595853591477388 0.23774735367992553 -1.6451712695710019 5.1530036364685126 4.5409150230931399 1 f00372.jpg

374 0.96982252002750069 0.0070623375359945883 -0.023372901585937408 0.24258629497044795 -1.6813199597402457 5.1090952039792059 4.5684619587684931 1 f00373.jpg

375 0.96861006500597002 0.010979790715371683 -0.022824143160565503 0.24729141645831856 -1.7086700666543526 5.0491621849440333 4.6082376600795705 1 f00374.jpg

376 0.9674703480896486 0.015173051364499235 -0.021891187808083551 0.25157837740142436 -1.7290617388911782 4.987626967940141 4.6500553685011958 1 f00375.jpg

377 0.96631081068777569 0.018385701584149022 -0.020986782427127728 0.25586116955987853 -1.7506320002126423 4.9331330976769356 4.6786423628069853 1 f00376.jpg

378 0.96535519951989435 0.019667362184452208 -0.020014548032191562 0.25942619661799399 -1.7700844067325285 4.8977422179176662 4.686604795408341 1 f00377.jpg

379 0.96447612305353925 0.020355203434130029 -0.019601649488256108 0.26265423866770121 -1.7856449747221523 4.8697911961101292 4.6918655534233968 1 f00378.jpg

380 0.96366048243973412 0.02196956129378913 -0.019611424303393236 0.26550179848236488 -1.7982960375514947 4.8358682867850202 4.7065036567915666 1 f00379.jpg

381 0.96281223209283406 0.024899847374613534 -0.020324366022069676 0.2682527231528804 -1.8104957830723536 4.7881001164318988 4.7304709796240543 1 f00380.jpg

382 0.96191656474030041 0.027673402534253776 -0.021389323252726182 0.2710962967677456 -1.8327226530668683 4.736822076974919 4.7493741894521921 1 f00381.jpg

383 0.96104925347325787 0.028844642001274502 -0.022860450068933121 0.27391553232512666 -1.8575772588220671 4.7010760280332828 4.7492961410283741 1 f00382.jpg

384 0.96026260223736082 0.029317005143760771 -0.023882533111378147 0.27652463283750606 -1.8790375917113646 4.6749191127851581 4.7456123108822075 1 f00383.jpg

385 0.95945825957886299 0.030509096875190732 -0.024622854640334368 0.27911065576777871 -1.8909644418470251 4.6430633301996744 4.7498309924600557 1 f00384.jpg

386 0.95875439851054711 0.031990382766363318 -0.025107178132610892 0.28131165698093502 -1.899302463995197 4.6085415922290522 4.7557403181310436 1 f00385.jpg

387 0.95813145880741124 0.033027428639969811 -0.026295522845189163 0.28319929745554184 -1.9065973736242232 4.578088781227506 4.7572077596201234 1 f00386.jpg

388 0.95755944381279079 0.034348004621692359 -0.028104771345170955 0.28479860949640184 -1.918405187884624 4.544579411602288 4.7601268458139057 1 f00387.jpg

389 0.95694684283466591 0.036537666574762317 -0.030043765179326162 0.28638280514703579 -1.9293365274266649 4.5043227940375603 4.7685269993665678 1 f00388.jpg

390 0.95639221340261205 0.038536005366713269 -0.030948468363520859 0.28787341443624448 -1.9354218730308597 4.4686821599599504 4.7749784952606129 1 f00389.jpg

391 0.95591215424660569 0.039385337632750976 -0.030801005113913548 0.28936490220332661 -1.933186839244927 4.4453066762135611 4.7739975904586514 1 f00390.jpg

392 0.95548897505645447 0.03956614706710361 -0.030344710727175379 0.29078262857797027 -1.9281318779942878 4.4278778730556168 4.7687891778467293 1 f00391.jpg

393 0.9551291698764941 0.039505832846490924 -0.03031558762303321 0.29197349737470141 -1.9229187752584145 4.4137894612552317 4.7631037736998207 1 f00392.jpg

394 0.95467348656662332 0.040630951004284092 -0.030872005786509747 0.29324832331307876 -1.9180407869342937 4.3887230949259557 4.7692194032156179 1 f00393.jpg

395 0.95412182725926487 0.042422904823499641 -0.031237709266879018 0.29474741968936186 -1.9158298086597616 4.3544434938116261 4.7787084828015756 1 f00394.jpg

396 0.95369178406747979 0.042835589292104043 -0.030697388093192612 0.29613301682933302 -1.9135148645168574 4.33401433871233 4.7753060063477459 1 f00395.jpg

397 0.95338442665168721 0.041997353555209095 -0.029502102236817481 0.29736170445435883 -1.9031874054213322 4.3293439697748379 4.7650006266998428 1 f00396.jpg

398 0.95314064666136022 0.041266181290675462 -0.027964066076576338 0.29839239429334513 -1.8859838641016928 4.32773181291771 4.7588625453183981 1 f00397.jpg

399 0.95288161492207724 0.041309406947639175 -0.026407626376492539 0.29935396792140134 -1.8649527295964932 4.3190048366388742 4.759508989553213 1 f00398.jpg

400 0.95261934416346439 0.041193076097842091 -0.024924724506617094 0.3003302743904428 -1.8476769895884473 4.3078867418535136 4.7583762916795003 1 f00399.jpg

401 0.9524165857716852 0.040538339419401208 -0.024125969588591461 0.30112659758900984 -1.8342182142215764 4.2997630907436069 4.751599705314856 1 f00400.jpg

402 0.95230310457821921 0.039625353197957347 -0.024184383272165891 0.3016019628589493 -1.8290480829028799 4.2941872551791107 4.7401533023438063 1 f00401.jpg

403 0.95241806285425556 0.037972154498389754 -0.024887146159693653 0.30139439110196609 -1.8262804044421219 4.2944206544153039 4.7196351834976671 1 f00402.jpg

404 0.95274511464568079 0.036206440255595052 -0.026056167845049324 0.30047781335738782 -1.8220830925604374 4.299335257303726 4.6999805400599799 1 f00403.jpg

405 0.95313301187000476 0.034450062035997923 -0.027384066789598299 0.29933387345135365 -1.8178558085079448 4.3042159338641204 4.6804418882848893 1 f00404.jpg

406 0.95351911617899787 0.033029454418994041 -0.028492752887262392 0.29815853711559676 -1.8121457906602638 4.3080300371218003 4.6638245283241577 1 f00405.jpg

407 0.95371975685104016 0.032719716780484742 -0.029160496202313188 0.29748564837153413 -1.8017504871737342 4.3002265483683697 4.6577332748377804 1 f00406.jpg

408 0.95362355360959861 0.034357643001854794 -0.029380104004522432 0.29758776832565337 -1.7896723817669717 4.2705993749213746 4.6700738838550313 1 f00407.jpg

409 0.95337603554251782 0.035991168423143538 -0.029453443920301609 0.29817992100408858 -1.7798206735693016 4.2307349144381687 4.6805971077519963 1 f00408.jpg

410 0.95339683472953574 0.035369260465183391 -0.029925827939279288 0.29814079855665093 -1.7766582010718843 4.2104939090047084 4.6673479394274695 1 f00409.jpg

411 0.95391969130308085 0.031068837020716708 -0.031274145600480995 0.2968061281836612 -1.7783542978939868 4.2241409010349766 4.6219358156515247 1 f00410.jpg

412 0.95476551954896438 0.024746151054208541 -0.033888046670670538 0.2943841554520934 -1.7825590640756863 4.2604539166392712 4.5589518895231373 1 f00411.jpg

413 0.95557169986019508 0.01932170077565383 -0.037338950583385877 0.29174509605949772 -1.78669104405371 4.2850178378864525 4.5035073098559932 1 f00412.jpg

414 0.95628171346163848 0.016649048666535386 -0.04058314144228347 0.28913855209579026 -1.7871562019019329 4.2920021771981283 4.4702220058937439 1 f00413.jpg

415 0.95685920476141084 0.015481029160861581 -0.043002117877732192 0.28693486692542347 -1.7825326476288159 4.282421401780045 4.4476710221773574 1 f00414.jpg

416 0.95736238352595537 0.01372878497981533 -0.04393862900461834 0.28519849921357088 -1.7723179711448689 4.2773084092832274 4.4238009759687067 1 f00415.jpg

417 0.95801713074777073 0.010683537899953233 -0.043265043455290364 0.28322636746348545 -1.7478375202486152 4.2888491016680028 4.3913597915622393 1 f00416.jpg

418 0.95885050471345468 0.0061811822194511251 -0.041037463185215117 0.28086193977191753 -1.7117656699557213 4.3160304387821968 4.3493005567481715 1 f00417.jpg

419 0.9597602884424582 0.00087593457677343379 -0.038903888489934021 0.27811132470259242 -1.6653015570444085 4.3505311431775473 4.3043362656402939 1 f00418.jpg

420 0.96058253682454775 -0.0030463582111553084 -0.037612263300241248 0.27542190780473225 -1.6245624575947915 4.37345100365033 4.2687404818121957 1 f00419.jpg

421 0.961190685144649 -0.0040235598320817944 -0.037571512480835886 0.27328494142074972 -1.5890304461286591 4.3665825943349494 4.2601691750866033 1 f00420.jpg

422 0.96161456741190721 -0.0027196295362284348 -0.037680339475351085 0.27179076395900381 -1.5619578144053989 4.3329378902695321 4.2660991318031281 1 f00421.jpg

423 0.96205804054393118 -0.002204607458542712 -0.037448501018500509 0.27025372541778581 -1.5337293947016108 4.3009948314029343 4.2616341124030228 1 f00422.jpg

424 0.96260721410251859 -0.0039167057747651387 -0.036585047430319595 0.26839065758365166 -1.5032161238169075 4.2903882948116516 4.2367766436299394 1 f00423.jpg

425 0.96324334796806976 -0.0072210356592435519 -0.0354207083417723 0.26618693179763647 -1.4668728985585586 4.2974581983960833 4.2010548100599232 1 f00424.jpg

426 0.96401111312537147 -0.010479457089843599 -0.033726458114210274 0.26350575092956674 -1.4258070439781894 4.3071304587084338 4.1663934804796057 1 f00425.jpg

427 0.9647557664795654 -0.01263734822833427 -0.032355639507747912 0.26084424675700224 -1.3797153678177598 4.3090333761311852 4.1432965573630387 1 f00426.jpg

428 0.96551340833157595 -0.014757087362282135 -0.030934548838278536 0.25808746655484671 -1.3372375858829271 4.3046226605371398 4.1179490208505252 1 f00427.jpg

429 0.9663335152921505 -0.017980000904819503 -0.029917082162448247 0.2549141521874847 -1.2962248123331317 4.3070200724539598 4.0811797619683219 1 f00428.jpg

430 0.96729213106526168 -0.021367289607995367 -0.029616516436413248 0.25102237762439783 -1.2559813039176342 4.3148145062742103 4.0436899796976853 1 f00429.jpg

431 0.96837958978734062 -0.023664016821833916 -0.029572742844988193 0.2465896130654783 -1.2131063845042351 4.3131776632225423 4.0170446607113686 1 f00430.jpg

432 0.96960911542070649 -0.024942063034582837 -0.029057877605642088 0.24164373886718105 -1.165048376902303 4.3058804917776961 3.9964507612239575 1 f00431.jpg

433 0.97079239122240357 -0.027203943939566346 -0.027931055120918459 0.23673177804986895 -1.1132428157538183 4.3047909328864549 3.9675411709807555 1 f00432.jpg

434 0.97188622632073973 -0.03086841796108377 -0.026416155942202708 0.23191914661331559 -1.0647560370065039 4.312759664740951 3.9277202430580092 1 f00433.jpg

435 0.97303797085039889 -0.034988998464063573 -0.025258976709852377 0.22657197833225395 -1.0137427877273584 4.3265837535476797 3.885425588143546 1 f00434.jpg

436 0.97432251943271497 -0.039348550938641723 -0.023515584434693489 0.2204412324271717 -0.95710419473945796 4.3418780281074394 3.8409835512133501 1 f00435.jpg

437 0.97564796690707223 -0.043230839625519143 -0.020694002978923424 0.21404181230795996 -0.88875455240600121 4.356153917896699 3.802260946964763 1 f00436.jpg

438 0.97695423376759927 -0.046154996840748218 -0.016209758482062925 0.20776762288708023 -0.80950771306337566 4.3669888172580151 3.7712019725094841 1 f00437.jpg

439 0.97800152145020625 -0.048148369111736249 -0.010714381553564 0.20268191981744457 -0.72860714853835562 4.3638830150608419 3.7476554527610908 1 f00438.jpg

440 0.9788146047085865 -0.048590167274458404 -0.0051885790880246306 0.19883169742388421 -0.65373981658267122 4.3483549608417489 3.733719794776599 1 f00439.jpg

441 0.97943275867691659 -0.048910210788292295 -0.00010916683856809161 0.19575303469875419 -0.59167764937625811 4.323385805968945 3.7187354925229053 1 f00440.jpg

442 0.97997677542154427 -0.051016808536532669 0.0036145632354709092 0.19243113005372448 -0.53632725734248721 4.3067493538216564 3.6876632471598016 1 f00441.jpg

443 0.98062975785813455 -0.055119467242340181 0.006109858705392845 0.18785577436058837 -0.48532368998238345 4.3071831755333365 3.6387223756731211 1 f00442.jpg

444 0.98140032234635421 -0.059615777758772602 0.0080872915432129173 0.18230184326052148 -0.43460556760762592 4.3141792382343995 3.5867931615460318 1 f00443.jpg

445 0.98224915228222875 -0.062458102503067249 0.010307047202417315 0.17657676248738449 -0.3825706541439019 4.307345003065131 3.5507498467996825 1 f00444.jpg

446 0.9831342500662732 -0.063214756894441101 0.012466040204116107 0.17115939559087157 -0.32918807685669732 4.2845095609408634 3.5305921277246179 1 f00445.jpg

447 0.98411708230510875 -0.063242887471247636 0.014289721504692519 0.16525649566324513 -0.27654391010398988 4.2547047522119206 3.5119815159321948 1 f00446.jpg

448 0.98510998376163084 -0.063610038517414078 0.015294283806468504 0.15899109338520043 -0.22687604707334152 4.2237791853556574 3.4915509278348016 1 f00447.jpg

449 0.98609507384206507 -0.063800050340707529 0.015896941209536053 0.15262157836006107 -0.18515760813341542 4.1924589060198256 3.472633043305581 1 f00448.jpg

450 0.98703041100423339 -0.063714519630012054 0.016309459192466853 0.14644258015338552 -0.14931259157338267 4.1587866318242508 3.4548785819654664 1 f00449.jpg

451 0.98795450889825376 -0.064024358913077659 0.016454669256139167 0.13991430832138171 -0.11512372340717242 4.1266622823354515 3.4349303544054171 1 f00450.jpg

452 0.98891115862577261 -0.064491363053265957 0.016027377436246125 0.13281079628358558 -0.080732824756552565 4.0961096861458701 3.4151633247096189 1 f00451.jpg

453 0.98984290911102824 -0.06513404198061376 0.015321082033095445 0.12543458973991606 -0.050998937556695233 4.0632505893500577 3.3948174748951843 1 f00452.jpg

454 0.99069395872782007 -0.066229891098037119 0.014520687578376146 0.11801792786518814 -0.024107020920531477 4.0359773590777559 3.3703664554598221 1 f00453.jpg

455 0.99142778130079712 -0.068431830510555222 0.014368432762227861 0.11037022776959182 0.00012627617417188759 4.0160043787087254 3.3382057700129377 1 f00454.jpg

456 0.99205242304807117 -0.071618387459648505 0.014280147033660451 0.10246401272069662 0.029709158482445399 4.0038333448490295 3.2995711138899484 1 f00455.jpg

457 0.99266833147497002 -0.074864802441567457 0.013806084498769473 0.093884168382636191 0.060605543056277349 3.99347797970101 3.2615498110074945 1 f00456.jpg

458 0.99323925865258256 -0.078034961218197252 0.012396844851798493 0.085044918347079862 0.090527574033210684 3.9790281808579513 3.2275277341674049 1 f00457.jpg

459 0.99372419900047992 -0.081681307595171809 0.010479679207445983 0.075700440118316795 0.11307667363948412 3.9662258456808517 3.190048781218207 1 f00458.jpg

460 0.99398523685670348 -0.086345867433174628 0.008914154166684821 0.066770337303532587 0.1295577725742583 3.9585080074505914 3.14670403715379 1 f00459.jpg

461 0.99414554381011155 -0.090762306693021585 0.0079934007802645712 0.058077077666021555 0.14907405684689745 3.9574275330489588 3.1011840633925125 1 f00460.jpg

462 0.99417179647178355 -0.094990229882497793 0.0078652421815902946 0.050372942065795914 0.17359059655648906 3.9467701662517776 3.0691289905315848 1 f00461.jpg

463 0.99421723574517806 -0.098098745524818537 0.0080682814976828585 0.042937479052094787 0.19880653342754992 3.9343452561167087 3.0410167713045033 1 f00462.jpg

464 0.9942078668277281 -0.10110112152017905 0.0080173910666784115 0.035566869495416077 0.22220561057853527 3.9168349397622828 3.0125706735833968 1 f00463.jpg

465 0.99415569621541455 -0.10398022341158336 0.0073728197787323755 0.028075012915965664 0.23952352889823034 3.8984576037571474 2.9814140868175394 1 f00464.jpg

466 0.99405568488352725 -0.10669362315141095 0.0057407102738293494 0.020900008974153006 0.25333144365039695 3.8740382040113008 2.9598947823024853 1 f00465.jpg

467 0.99394542571476541 -0.10900806013573128 0.0032224511633343997 0.013392137045200484 0.26189867709669035 3.8525583957497211 2.9361847059764377 1 f00466.jpg

468 0.99369987412333971 -0.111924004110921 5.3582837440118847e-05 0.0057943593189266453 0.26892198438884363 3.8329915298728969 2.9082356043387074 1 f00467.jpg

469 0.99343459163809988 -0.11435569437451802 -0.0023353863437740063 -0.0022434953954532924 0.27413053149721694 3.8213495416035421 2.8785149120367546 1 f00468.jpg

470 0.99316570200561727 -0.11626598848506256 -0.0031623352154487748 -0.009700923526509737 0.29310678109364857 3.8003700351670884 2.8708875134427534 1 f00469.jpg

471 0.99319096215092539 -0.11538252893128559 -0.0010425814042267602 -0.016046736215000516 0.3212905246164644 3.7740521417829047 2.8778233371168125 1 f00470.jpg

472 0.99323738300616837 -0.1140997678312614 0.003566689537227395 -0.021166546852441907 0.35804207947284278 3.7354449197987591 2.8769025094273837 1 f00471.jpg

473 0.99313494264657431 -0.11387159893052468 0.0088471254703103366 -0.025258127846430823 0.39576409117330691 3.6984636098085928 2.8685920009402279 1 f00472.jpg

474 0.99277804815269344 -0.11553484582485708 0.013433758412834389 -0.029376532151723665 0.43196471948417703 3.6754718288619799 2.8385750650711263 1 f00473.jpg

475 0.99211509149187793 -0.11946412025398838 0.017212078425310997 -0.033759643989307114 0.4664229987302107 3.6635081812500969 2.7956170177431034 1 f00474.jpg

476 0.99122637210371489 -0.12465766304218887 0.020885087858535527 -0.038659531762671194 0.50376926848478754 3.6597004770735646 2.7433168967769292 1 f00475.jpg

477 0.99021436839315702 -0.13032040374438419 0.024817700834279113 -0.043314878747867235 0.54309513479931815 3.6598919230718998 2.6893991168341875 1 f00476.jpg

478 0.98916180319730995 -0.1357125259300459 0.029520686079995598 -0.047639967406579262 0.58406800166695327 3.6588238153601944 2.640886852051934 1 f00477.jpg

479 0.9884386015966341 -0.13874799434819668 0.034690025507819085 -0.050346073017764642 0.61806752868233716 3.6477417222843425 2.610775778288021 1 f00478.jpg

480 0.98817764809989739 -0.13905831750683328 0.039065089243445192 -0.051396876659265373 0.63956799834966283 3.6220059649314438 2.5938713423949404 1 f00479.jpg

481 0.98804871293786789 -0.13876198030761219 0.042007942303240099 -0.052346790411441579 0.65136615184447366 3.590121424196286 2.5724269675618521 1 f00480.jpg

482 0.98750341887167747 -0.14134230747543294 0.043358853965540872 -0.054583510486823597 0.65961861178819314 3.568389692409875 2.5317628687753855 1 f00481.jpg

483 0.98617929667236914 -0.14833202730793155 0.043936321240548595 -0.059309393567603459 0.67603332705617136 3.5691146335211896 2.4577181367230185 1 f00482.jpg

484 0.98442514647878698 -0.15684983130617178 0.045251924257959021 -0.065249710730386323 0.70422396014688227 3.5830714227699505 2.3845738734526685 1 f00483.jpg

485 0.98310940889370546 -0.16217814167418371 0.047850844903903782 -0.070031686755065867 0.73711173313868728 3.5869173552957716 2.3337434990955122 1 f00484.jpg

486 0.98279692261438223 -0.16184344640161002 0.051748935646821856 -0.072380628734286967 0.75923694254158669 3.568974128592588 2.3294050202553471 1 f00485.jpg

487 0.98332126720072222 -0.15761380715664849 0.054552426700096794 -0.072534171295215971 0.76907855540408465 3.526809772250497 2.345796324006765 1 f00486.jpg

488 0.98382618624079732 -0.15436469690479027 0.055735118660290746 -0.071771666863074041 0.75416062134965789 3.4778003794694032 2.3453563234552215 1 f00487.jpg

489 0.98378269346618108 -0.15482386617051572 0.055041785353857585 -0.071913728630213031 0.73258518564391106 3.4461834867243204 2.3113849518169376 1 f00488.jpg

490 0.98307882950630787 -0.15896805894493388 0.053551553011564793 -0.07360300525002543 0.72031527740936263 3.4325371716519473 2.2656276826120783 1 f00489.jpg

491 0.98207623010976752 -0.16431664882244856 0.052809883196051899 -0.075745847476715991 0.71460227714052316 3.4267920930726397 2.2120216276771174 1 f00490.jpg

492 0.98132273554694471 -0.16799246020983677 0.053153386518536259 -0.077194167609472647 0.71258623236483887 3.4195016572508572 2.1777621321522305 1 f00491.jpg

493 0.98101088551868487 -0.16930789196729037 0.054459835099213635 -0.077373164420260404 0.70864806448346163 3.3999351605344295 2.1561146606801365 1 f00492.jpg

494 0.98102846677616296 -0.16901300908934369 0.056112635425547001 -0.07661019696474819 0.70119890912690164 3.3723873267197906 2.1479995261615255 1 f00493.jpg

495 0.98100299901752952 -0.16917182335062475 0.057358596253563307 -0.075657131446150688 0.6869883028658329 3.3393516006248603 2.1295788651764687 1 f00494.jpg

496 0.98055632453911745 -0.17169588547336334 0.057666432335008441 -0.075527477778671193 0.67079098170413209 3.3148401843982342 2.0905920055227525 1 f00495.jpg

497 0.97956240895743307 -0.1771778253186457 0.056781973133194212 -0.076428480947668145 0.6573833453407173 3.3026670217837326 2.0332197725036036 1 f00496.jpg

498 0.97850031888609801 -0.18271865181618718 0.055631298586329384 -0.077821454855840938 0.64512622883678739 3.2983108210689727 1.9864253051622258 1 f00497.jpg

499 0.97799280202284444 -0.18526239952761564 0.054893342619302871 -0.078706057256443238 0.63320009409208999 3.2850296693089267 1.9635056058362346 1 f00498.jpg

500 0.97827744863505806 -0.1837981500131311 0.05489092136472646 -0.078603182477308103 0.62320063280999072 3.2547450574114918 1.9668533181501087 1 f00499.jpg

501 0.97903546725450485 -0.17953170614302702 0.055971315148497479 -0.078263223979563493 0.61911798126111539 3.2200534719661142 1.9759748448946228 1 f00500.jpg

502 0.97916544958377139 -0.1783709661984629 0.058626159076477953 -0.077342059907768018 0.59672416684924201 3.1683820562143525 1.962245634581939 1 f00501.jpg

503 0.97866412892880217 -0.18035793165758848 0.060449771501701798 -0.077674734383948993 0.58290049449611492 3.1383076967355414 1.925538470179291 1 f00502.jpg

504 0.97763304873024992 -0.18482263824279258 0.061319385274049072 -0.079461609680296655 0.57645617402950211 3.1242022993775662 1.8790777101877132 1 f00503.jpg

505 0.97674200790570664 -0.18836931637001469 0.061971689426274117 -0.081557098724001048 0.57101278228503594 3.1116428032784382 1.8452685887829785 1 f00504.jpg

506 0.97654262821691296 -0.18832531382743442 0.063095548864909229 -0.083168642891659164 0.56810041175665071 3.0917956011181276 1.8406553026245338 1 f00505.jpg

507 0.97674069055091128 -0.18631065902941657 0.065028496413968725 -0.083888356810057033 0.56350160171398689 3.0557851943484153 1.8405247814571233 1 f00506.jpg

508 0.97644059065746902 -0.18635345025961783 0.068359043298323097 -0.084635723498816762 0.55167242016621398 3.0195336158738812 1.8169593862855562 1 f00507.jpg

509 0.97515229519373647 -0.19087659417069736 0.071285341437081415 -0.086962791309738691 0.55132677863294377 3.0029565150164501 1.7643859907458321 1 f00508.jpg

510 0.97352450710772176 -0.19703473966044527 0.073133896950870747 -0.089882025702510748 0.55039826581586659 2.998500519626166 1.7144625004807308 1 f00509.jpg

511 0.97230716440438769 -0.20187891157492507 0.07324130950188297 -0.092192156345704268 0.53862978096821956 2.9915577094018375 1.6806503381019215 1 f00510.jpg

512 0.97192581776193998 -0.20338394452495065 0.072009315948241628 -0.093860717522951428 0.52023616787172089 2.9774108966285855 1.672669285877517 1 f00511.jpg

513 0.97211933004467577 -0.20240581805558261 0.070802049190638483 -0.094883943853259628 0.50232514631049663 2.9508768968097443 1.6702220345843968 1 f00512.jpg

514 0.97228925927422138 -0.20104258427154589 0.071468107822177968 -0.09553944302600717 0.48630891107940549 2.9201742404807485 1.6691759502156838 1 f00513.jpg

515 0.9720212224338326 -0.20117472721533008 0.073506414414725177 -0.096437955743396725 0.47759453252514861 2.8896254830714767 1.6550962542931025 1 f00514.jpg

516 0.97133439484375705 -0.20300652087896814 0.075967466692906618 -0.097605275873749592 0.46979057021363846 2.8665506710828912 1.6327976107369748 1 f00515.jpg

517 0.97029858928024393 -0.20662471619637851 0.07766035616390321 -0.098973447843502302 0.46039028757606038 2.851417574194651 1.5993314952101387 1 f00516.jpg

518 0.9692252295399687 -0.21068945552938556 0.078361837114961183 -0.10035850853761537 0.45205445030316366 2.841571302071491 1.5713211749350096 1 f00517.jpg

519 0.96844061578370733 -0.21347559494577314 0.079176862720341801 -0.10140004177900497 0.44475697375772266 2.831350142088922 1.5552915106708558 1 f00518.jpg

520 0.9678800409970828 -0.21502679717284723 0.081027882083655869 -0.10201071052644352 0.44007924459090481 2.8127925052283569 1.5473713297190497 1 f00519.jpg

521 0.96736686056293986 -0.21580952289526623 0.084146519493677727 -0.10269844287730306 0.43837557261651472 2.7908177881130913 1.5353202338734273 1 f00520.jpg

522 0.9665221971933986 -0.21784511080514082 0.087444084642936626 -0.10359479760923344 0.43255827812167813 2.7716725939785909 1.5140721881202963 1 f00521.jpg

523 0.96508452324920457 -0.2225896451728977 0.0892729954673393 -0.10533776685951354 0.42614749016477732 2.7633958934908374 1.4721512382574762 1 f00522.jpg

524 0.96354553734529569 -0.22825285094295394 0.089396268243037036 -0.10718647639790692 0.41495174589989081 2.760764836874483 1.435124125843535 1 f00523.jpg

525 0.96242199103787918 -0.23236195902802728 0.088675141335801663 -0.10903462969357904 0.40505774576458475 2.7583241080264664 1.4093665752774229 1 f00524.jpg

526 0.96195493937202758 -0.23370401482319353 0.088367523616915411 -0.11052741217946989 0.39669677984891349 2.7505940323864433 1.402735258853264 1 f00525.jpg

527 0.96169523186502159 -0.2337364572876294 0.088953736225070509 -0.11223538815502597 0.39077711752658628 2.7348832993039691 1.3948027313640887 1 f00526.jpg

528 0.9611324773830312 -0.23465527339653439 0.090396417821185487 -0.11397258982690792 0.3792572678118431 2.7191276478743656 1.3773188815112714 1 f00527.jpg

529 0.95998123397407409 -0.23782277748016997 0.091508398518704959 -0.11620055907685301 0.3713822274434766 2.7084565322261942 1.347590953640502 1 f00528.jpg

530 0.95866309008350759 -0.24168795252796293 0.092592857376153415 -0.11823102840329229 0.36499471722566768 2.7050159578204309 1.3220838703866897 1 f00529.jpg

531 0.95759559657614779 -0.24464772734527837 0.094004149767340534 -0.11967197980013175 0.35983929919103969 2.6991821457017502 1.3087278867323362 1 f00530.jpg

532 0.95672686789004158 -0.2465276240556625 0.09606442147328044 -0.12111753697042517 0.35836165643418172 2.6906134069583887 1.2981308314754167 1 f00531.jpg

533 0.95577536286437437 -0.24825918809733696 0.099042017555687256 -0.12268459571284961 0.35743874873704429 2.6774824196184128 1.2855526302018694 1 f00532.jpg

534 0.95458779801280647 -0.25062427213894545 0.10260346391648802 -0.12418590617386309 0.35363299357302502 2.6668811322258721 1.2671647763542113 1 f00533.jpg

535 0.95283606781934393 -0.25536821490576478 0.10552805130790947 -0.12551626613936834 0.34748586815768295 2.6589858129971118 1.2356380468786781 1 f00534.jpg

536 0.95065497395081544 -0.26188022120695004 0.10788767272426547 -0.12662590697529499 0.33963114899380831 2.6567464993723169 1.1993633665419889 1 f00535.jpg

537 0.94880204377215416 -0.26749556056763774 0.1099792713737547 -0.12698569477891697 0.33320645461668602 2.6575466861766848 1.1764682076152722 1 f00536.jpg

538 0.94744866709311948 -0.2713058485424325 0.11225127723385553 -0.12701893768061664 0.32708050470527306 2.6546056833128913 1.1620325436970829 1 f00537.jpg

539 0.94653648633622578 -0.27336314009387069 0.11505746521567382 -0.12689780679916185 0.31807429545599797 2.6455165996346426 1.1543676305670416 1 f00538.jpg

540 0.94539332877310578 -0.27594131599551985 0.11815439310062607 -0.12699363538771782 0.30670454063321667 2.6329516822437484 1.1401551198172752 1 f00539.jpg

541 0.94392152476413604 -0.27967476869355296 0.12061121757630094 -0.12746416373993269 0.29543441113595709 2.6259484229550223 1.1170299611226757 1 f00540.jpg

542 0.94202002089077341 -0.28493937156015575 0.12217723824948126 -0.1283766225976479 0.28249734224618084 2.6198766795518837 1.0880226599206304 1 f00541.jpg

543 0.94029924603740378 -0.28978996355166481 0.12341243767492382 -0.12895144494478114 0.26711473003889274 2.6172461543334182 1.0658004151577092 1 f00542.jpg

544 0.93918718479646157 -0.2930233632533783 0.12444463763077195 -0.12875664125287534 0.24984481209097206 2.6125208246018894 1.0528230465180655 1 f00543.jpg

545 0.93856612572600473 -0.29477577724913129 0.12535789792486385 -0.12839885597117781 0.23354278635088405 2.6030305036191148 1.0460021236657209 1 f00544.jpg

546 0.9381140336987126 -0.29571275401105057 0.12674042390248275 -0.1281908414893605 0.21681105274015516 2.5894962091130167 1.040599130474086 1 f00545.jpg

547 0.93720123184993676 -0.2976405070318362 0.12881119985935591 -0.12834194319700895 0.20086446817905398 2.5744196439321092 1.0276372186761984 1 f00546.jpg

548 0.9358002961677846 -0.30066333497911929 0.13117471877872469 -0.12912225929266291 0.18765159255112901 2.5667572565113401 1.0107820574558335 1 f00547.jpg

549 0.93429261730657898 -0.30403743584776499 0.13327427567043626 -0.12998657736111349 0.17587411151082322 2.5603174873926187 0.99620492443911346 1 f00548.jpg

550 0.9333978547971542 -0.30598860840651698 0.13470705871313521 -0.13035882984428238 0.16390064065893495 2.5545417038015228 0.98947698654116467 1 f00549.jpg

551 0.93326766619030099 -0.30623583633782203 0.13528019258861032 -0.13011666026828511 0.14621820242934666 2.5431434557404042 0.98999537452991626 1 f00550.jpg

552 0.93327478211366599 -0.30614280565350827 0.13578333086039429 -0.12975997332669037 0.12489827796187375 2.5274167647026382 0.98848460782568592 1 f00551.jpg

553 0.93273195445884516 -0.30732832591409598 0.13691705420104575 -0.12966927736024778 0.1042129568560697 2.5104434524251173 0.97972991890284844 1 f00552.jpg

554 0.93134815211191091 -0.31069778619774457 0.1383485009673108 -0.13006612737238069 0.084618842648865045 2.4974876825625474 0.95912384759218694 1 f00553.jpg

555 0.92967085092644375 -0.31511285657559018 0.13904878744922633 -0.1306959496976563 0.066280572852910433 2.4905743014674058 0.93663316327999813 1 f00554.jpg

556 0.92823584739249043 -0.31919689178187383 0.13901798272310878 -0.13101738957837694 0.048153898023622514 2.4850746458798034 0.91995859215882048 1 f00555.jpg

557 0.92720289845932691 -0.32217801878219299 0.138958350846592 -0.13109800163312277 0.031609719810048634 2.4775426258711608 0.91039370566091204 1 f00556.jpg

558 0.92627312631718917 -0.32445152878993544 0.13997308461615862 -0.13098410785852166 0.014944253222717811 2.4664168432835538 0.90344634931854584 1 f00557.jpg

559 0.92522564329555745 -0.32678045933228572 0.14162757162100079 -0.13081923155117353 -0.0013062991341380344 2.452056923097242 0.89522849320797382 1 f00558.jpg

560 0.92401689249798014 -0.32950510819366197 0.14306726163252151 -0.13096153901672708 -0.018097428244600925 2.4391724850773113 0.88444958429867448 1 f00559.jpg

561 0.92276849327954114 -0.33259574430001221 0.14357161542677574 -0.13139851569889011 -0.03619836553715116 2.4283127111538279 0.87152353833177243 1 f00560.jpg

562 0.921734890682954 -0.33529647915133798 0.14348064112242284 -0.13188770977425154 -0.05492941014295185 2.4174498146905514 0.86195767295989834 1 f00561.jpg

563 0.9212421574726436 -0.33645252461747882 0.14353313816701627 -0.13232847094107403 -0.072286930533365351 2.4074675587829608 0.86222594509427386 1 f00562.jpg

564 0.92127980768482287 -0.33608544254151418 0.14383864608263239 -0.13266700854773575 -0.088100345056146084 2.3958461006011267 0.86601081457669871 1 f00563.jpg

565 0.92132716358873079 -0.33575712538734287 0.14424387263986549 -0.13272948274979354 -0.10954324311275783 2.3775591885462792 0.86593250648430209 1 f00564.jpg

566 0.92085789858585054 -0.33687144439569289 0.14470435690352393 -0.13266125906213411 -0.13941488580041428 2.3575006742964106 0.85589379895443418 1 f00565.jpg

567 0.9198874252537953 -0.33927666052930222 0.14471072647521036 -0.13325643745441851 -0.16448544887447814 2.3443233297625685 0.8442396561349419 1 f00566.jpg

568 0.91900842920437786 -0.34150047885955526 0.14414110056547702 -0.1342545087427969 -0.18801856123399338 2.3347978540251177 0.83340667414588376 1 f00567.jpg

569 0.91876224715029342 -0.34225323560642484 0.1428502967771979 -0.13539737308730598 -0.21251756941557337 2.3259039030259268 0.82601010209135683 1 f00568.jpg

570 0.9189239083115559 -0.34222872333954124 0.14116381797587946 -0.1361290863455481 -0.24197233499896295 2.3140108163384943 0.82076507799072551 1 f00569.jpg

571 0.91927035747355901 -0.34165066548479772 0.13940864630743793 -0.1370476631648968 -0.27007851212770484 2.3017373696466525 0.81654336049955756 1 f00570.jpg

572 0.91959719138137308 -0.34072948397764014 0.13811388797436897 -0.13845207943697987 -0.2980998115499231 2.2888530667510656 0.81222075989571074 1 f00571.jpg

573 0.91991178301892951 -0.33975889777454005 0.13689856779530116 -0.13994636466003871 -0.32642601478910754 2.2757818801561092 0.80536142315555603 1 f00572.jpg

574 0.92007313152500436 -0.33921490069386756 0.13581877972341194 -0.14125134642708245 -0.35818948697772651 2.2629047333758812 0.79697496344719754 1 f00573.jpg

575 0.9200804465998963 -0.33940432766975837 0.13448855565759013 -0.14201937382171126 -0.38925720967783128 2.2506212565672885 0.78729550242760793 1 f00574.jpg

576 0.92007811105407056 -0.33959145850054057 0.13322237148049484 -0.14277853693661688 -0.41841183236055968 2.238603594428489 0.78074416364720611 1 f00575.jpg

577 0.92027068837294612 -0.339046039770872 0.13207928092638638 -0.14389130129107847 -0.44218839257788622 2.2275242917744964 0.77705226988898513 1 f00576.jpg

578 0.92055218754680279 -0.33821411717319927 0.13134311796404496 -0.1447199582332537 -0.47001396599362816 2.2138267535417806 0.77441911762477433 1 f00577.jpg

579 0.92091582506453407 -0.33723683409661503 0.1307402661728049 -0.14523203391560818 -0.49664540343917701 2.1997476753737799 0.77228140609178664 1 f00578.jpg

580 0.92109409265367992 -0.33686872070886803 0.13041886140113509 -0.14524482117203505 -0.52578376705554952 2.1834184374028665 0.76848261188158817 1 f00579.jpg

581 0.92112838647909878 -0.33687406535956033 0.12999692260998205 -0.14539312164773111 -0.55094487137547055 2.1704644392874655 0.76296339544120984 1 f00580.jpg

582 0.92083844661605252 -0.33750213934259138 0.12982095001038524 -0.14592937370971326 -0.57576956657666833 2.1553260493632016 0.75668075466684026 1 f00581.jpg

583 0.92018213767806989 -0.33882210613625835 0.13033037046220114 -0.14655513783826601 -0.60106666309158174 2.1418681678941875 0.74969642168533768 1 f00582.jpg

584 0.91904601655268403 -0.34118572057797419 0.13146416729075644 -0.14718660350344834 -0.62182394308835787 2.1313244318236229 0.74229395285819788 1 f00583.jpg

585 0.91828367801033361 -0.34278135381835234 0.13214272974647362 -0.14762902543003098 -0.63537779953294837 2.1208566131000808 0.74146987254579588 1 f00584.jpg

586 0.91823547712427378 -0.34290300441219163 0.13213923791277427 -0.14764944943778571 -0.65706876611315546 2.1068074340703014 0.7420316451450315 1 f00585.jpg

587 0.91868132386129786 -0.34211217330855098 0.13076233079187846 -0.14793613117973328 -0.68284126360514463 2.0861810157492631 0.74138483984042136 1 f00586.jpg

588 0.91914897926690919 -0.34134525785192971 0.1289240305401225 -0.14841550863669634 -0.71278047500003461 2.0664332647359069 0.73572070408544576 1 f00587.jpg

589 0.9194942997087644 -0.34072115414697762 0.12716688012658117 -0.14922436972127731 -0.73645140135679343 2.0525866078660391 0.73000746969461239 1 f00588.jpg

590 0.91944786810054568 -0.34094647988610755 0.12625635848341177 -0.14976797935854003 -0.76176313065575396 2.0380883955100084 0.72546828788214357 1 f00589.jpg

591 0.91916068559302466 -0.34168910554715709 0.12557909329331812 -0.15040638463234157 -0.78526762534206129 2.0206352833379828 0.72049799129028325 1 f00590.jpg

592 0.9190939740323506 -0.341799215566994 0.12467179843020305 -0.15131591393963639 -0.80595156892654629 2.0061036783735218 0.7184133374601871 1 f00591.jpg

593 0.91930683191250939 -0.34118589306689884 0.12350444661529607 -0.15236071290650272 -0.82439740783909232 1.992271113786779 0.71762348416378174 1 f00592.jpg

594 0.91946581754455581 -0.34083177753408089 0.12260829500620873 -0.15291669557556381 -0.84892610720477879 1.9735329245869737 0.71732000126156026 1 f00593.jpg

595 0.91965415391179406 -0.34053899954955319 0.12140848732094031 -0.15339297958189912 -0.87224264209437452 1.9539190122209105 0.71437510140542981 1 f00594.jpg

596 0.91987738944040975 -0.34043946695821103 0.11980175082736064 -0.15353858873978535 -0.90015608676765702 1.9303182774511116 0.71111043180382894 1 f00595.jpg

597 0.92028671213387969 -0.34007628278665858 0.11738075723468568 -0.1537603563563554 -0.92719841182653395 1.90901445536186 0.70587724876949975 1 f00596.jpg

598 0.92052583890597495 -0.34013256724770591 0.11460357118383187 -0.15429853555963136 -0.95440093233620837 1.8866614184561983 0.69831911290629434 1 f00597.jpg

599 0.92089111852349104 -0.33961317654786727 0.11203833713220339 -0.15514460722910525 -0.97636557420857462 1.8671590318304003 0.69613100339544165 1 f00598.jpg

600 0.92130647246953357 -0.33866715987520557 0.11063837181885912 -0.15575008600022511 -0.99652385251888687 1.8495363904789817 0.69866777041599226 1 f00599.jpg

601 0.92189797473971247 -0.33731209515101179 0.10970561577857454 -0.15585041707449629 -1.010590688654013 1.8296459740391291 0.70435471160696517 1 f00600.jpg

602 0.92253200376213085 -0.33618561988361201 0.10923428640932266 -0.15486058791941107 -1.0368636084125438 1.7997095941553733 0.70887708812522443 1 f00601.jpg

603 0.92344188638490632 -0.33460749304751064 0.10759496112284729 -0.15400075456737169 -1.0624310420644183 1.7700993730193537 0.71073611175423856 1 f00602.jpg

604 0.92419873455292123 -0.3334953974266372 0.10547070913697602 -0.1533409549343292 -1.0914938751736858 1.7398448076677846 0.70614960878612032 1 f00603.jpg

605 0.92475017335789422 -0.33292282945194984 0.10300258821080309 -0.15293780868748266 -1.1190423729640486 1.7107134570771863 0.69764739186253577 1 f00604.jpg

606 0.92530078964678086 -0.33230192556441895 0.10029880701147852 -0.1527547978208772 -1.1434127421956226 1.6825961927859172 0.69277691711384626 1 f00605.jpg

607 0.92621776463200267 -0.33063174325790506 0.097586565834597544 -0.15257838968525902 -1.1649829180732034 1.6558435585761557 0.69315730569840373 1 f00606.jpg

608 0.92733474432910679 -0.3283758839039112 0.095211738279946279 -0.15216529079953531 -1.1866875348083552 1.6238896181093183 0.69330205378510312 1 f00607.jpg

609 0.9286738159732516 -0.32522999185233831 0.093511906923083657 -0.15180882447676278 -1.2044149244487947 1.5960019156911649 0.69480335449216346 1 f00608.jpg

610 0.92988694178245779 -0.3222989239878909 0.092845464369952141 -0.15104105019710645 -1.2238816810041868 1.5631491259224775 0.70218192388436229 1 f00609.jpg

611 0.93095976936616776 -0.31957890114306908 0.093025105672452937 -0.15009851258592666 -1.2464335206026862 1.5301008163155072 0.7085717867895428 1 f00610.jpg

612 0.93174857696190405 -0.31788847291832445 0.092960140639719663 -0.14882849313006463 -1.2724429620592763 1.4941146543577997 0.71017606465400018 1 f00611.jpg

613 0.93243946531943134 -0.31684215978752955 0.091414069310232327 -0.14768600891123773 -1.2958982545357984 1.458467585057545 0.70571650401053421 1 f00612.jpg

614 0.93316441486699564 -0.31585219823653155 0.088970383686316074 -0.14671685152633215 -1.3216565487643579 1.4210142928694764 0.70162499171272785 1 f00613.jpg

615 0.93424237239469121 -0.31351147283341896 0.086371083936645873 -0.14643012628475327 -1.3415034573515903 1.3892652714404197 0.70015457063999709 1 f00614.jpg

616 0.93551564218218097 -0.31025234961340797 0.084553494770172377 -0.14630334689942087 -1.3558613036722615 1.3573920183357058 0.7019913643057647 1 f00615.jpg

617 0.936702889375013 -0.30682308209645209 0.084564906449502486 -0.14593173036224663 -1.3714328741093296 1.3269035531115394 0.70562694487013589 1 f00616.jpg

618 0.93771879953158044 -0.30381447285000457 0.085527536236575261 -0.14513875994105038 -1.389260048384553 1.2929877694824676 0.71470355663510299 1 f00617.jpg

619 0.93872771244389497 -0.30103527703371846 0.08588111531760953 -0.14419597048076679 -1.4082510488178184 1.2563414682651246 0.71913193587058744 1 f00618.jpg

620 0.93958934334689614 -0.29887868295504111 0.08515075970145948 -0.14350173123092844 -1.4301606955448156 1.2187285699526929 0.71575611807726236 1 f00619.jpg

621 0.94037940366891515 -0.29700176708890763 0.083401888995827025 -0.14325031383313125 -1.4493235955449535 1.1859473130797977 0.70812149201702546 1 f00620.jpg

622 0.94112880582307556 -0.29508975930641362 0.081686696379071208 -0.1432685884525553 -1.4648727431576249 1.1549061920065444 0.70653004639544614 1 f00621.jpg

623 0.94209184390243539 -0.29228164754038294 0.080674744896726699 -0.14326891393263602 -1.4768818932876713 1.1255930138712569 0.70743002888328121 1 f00622.jpg

624 0.94323447869515897 -0.28871916889665405 0.080444581930263714 -0.14310356022951787 -1.4864775684160352 1.0932289811344083 0.71105335574741391 1 f00623.jpg

625 0.9442762178513413 -0.28527728221379012 0.081035777402378939 -0.14280230892345636 -1.4998175644455967 1.0627444992476922 0.71140799446262959 1 f00624.jpg

626 0.94499394787950797 -0.28296711058712454 0.081770660913565857 -0.14223083987248336 -1.5161032854115561 1.0308308714124332 0.71472616500917641 1 f00625.jpg

627 0.94542958919940256 -0.28178087083140219 0.081623924564747471 -0.14177435465694843 -1.5301046953287465 0.99952943235902625 0.71271739788764821 1 f00626.jpg

628 0.94577936230218351 -0.2809724244396013 0.080722867391417763 -0.14156169406981955 -1.5411894301541544 0.96867142110588522 0.71054269750310706 1 f00627.jpg

629 0.94618647233323883 -0.27980991421567047 0.079683812459758349 -0.14173235873320703 -1.5502241048363088 0.93989677492547141 0.70557706263292252 1 f00628.jpg

630 0.94673289965755747 -0.27803856430814955 0.079157597868021207 -0.14186418915011562 -1.5575917977051503 0.91116991208899245 0.70710272063665258 1 f00629.jpg

631 0.94743664933139371 -0.27597162869782371 0.078790907219226977 -0.14140526368259637 -1.5649540243700475 0.87836971773313499 0.70711545878994686 1 f00630.jpg

632 0.94814311569240806 -0.27397720049988888 0.078376665252523889 -0.14077721447461122 -1.5744575374128356 0.84511804053604 0.70500946532030673 1 f00631.jpg

633 0.94868712360527463 -0.2725672679419246 0.077594151424819055 -0.1402817650904371 -1.5861772954449453 0.81364009350691013 0.69648917015803724 1 f00632.jpg

634 0.94887489738505137 -0.27207950836255074 0.076998270096546972 -0.14028697959483039 -1.5978985544100357 0.78590571385392338 0.69117579479254732 1 f00633.jpg

635 0.94880947115274228 -0.27218220701694701 0.076623535416432909 -0.14073474146251988 -1.6051090375633341 0.76239314843438277 0.68776575693271458 1 f00634.jpg

636 0.94870570463685466 -0.27218607774691411 0.07663902471325991 -0.14141670679676324 -1.6081700049607086 0.73918493739081903 0.68800979688926833 1 f00635.jpg

637 0.9488293456235698 -0.27151660607380107 0.076703867177789264 -0.14183836670550065 -1.60915339899111 0.71356528655328932 0.68681539010495696 1 f00636.jpg

638 0.94922417145727334 -0.27015574940335901 0.076903587755776756 -0.14168691391886923 -1.6137324387185936 0.68265094163920614 0.6871750835550936 1 f00637.jpg

639 0.94965886845251535 -0.26876392692418699 0.077051334057028506 -0.14134028821893421 -1.6225653541528073 0.6535190917185888 0.68220224411774077 1 f00638.jpg

640 0.94986679643232674 -0.2682383946765371 0.076747833843562707 -0.14110635229167939 -1.6318282798116126 0.62517737123399308 0.67416432788348468 1 f00639.jpg

641 0.94992435252893737 -0.2683948608449957 0.075609855922447622 -0.14103571473872242 -1.6379793990668894 0.59646321373937228 0.66313608607938024 1 f00640.jpg

642 0.95005457513083302 -0.26826009580644661 0.07409655073123074 -0.14121801032666637 -1.6440639686028884 0.56663496155249138 0.65282034013682355 1 f00641.jpg

643 0.95028165212030047 -0.26754799699144755 0.072839487234242856 -0.14169424846771397 -1.650365215228633 0.54201237521859369 0.64266162817146122 1 f00642.jpg

644 0.95040596005758449 -0.26703126563512319 0.072245290103047574 -0.14213877837611197 -1.6551464800875142 0.51837866048358705 0.63454485038807895 1 f00643.jpg

645 0.95045236138305833 -0.26699465583193882 0.072118712604294338 -0.14196145177777253 -1.6596615127358514 0.49270242980288548 0.62705720204133719 1 f00644.jpg

646 0.95033808509470352 -0.26781894701869802 0.071838029960500538 -0.14131465984717187 -1.6687708700619184 0.46028871427428081 0.61852277610665585 1 f00645.jpg

647 0.95013807385769022 -0.26890755920100895 0.070444377315403511 -0.14129386014685572 -1.6777505794381535 0.43141953349964496 0.60595643035609692 1 f00646.jpg

648 0.94992948625259721 -0.26983672408630582 0.06795484000254938 -0.14214166596207975 -1.6813657258406316 0.4046731860019584 0.59186127958597845 1 f00647.jpg

649 0.95000228263197128 -0.269556838114696 0.066035287656882602 -0.14308778705300701 -1.6834524959842898 0.38323068107623093 0.58007699167605586 1 f00648.jpg

650 0.95018517553673765 -0.2687916662277634 0.065394280967439697 -0.14360626857304318 -1.6846570874081817 0.35884556995802835 0.57540306134692998 1 f00649.jpg

651 0.95039653454252804 -0.26791816658960671 0.065730627843821124 -0.1436863518364685 -1.6877330267883481 0.33431869734719033 0.57119764194184308 1 f00650.jpg

652 0.95036913776368914 -0.26784346623967553 0.066194067460295172 -0.1437940367751025 -1.6926446011933052 0.30752599647158785 0.56609771573036194 1 f00651.jpg

653 0.95027538543054624 -0.26795634860760181 0.066147492802581448 -0.14422411823838108 -1.6964705033499465 0.28299272340082932 0.55886858133559103 1 f00652.jpg

654 0.95029046514554305 -0.26780220847354547 0.0656250604651928 -0.14464909411779978 -1.6987123782071849 0.25578834822931595 0.55323437498031924 1 f00653.jpg

655 0.95058081548867002 -0.26689926467715164 0.064649047713686278 -0.14484956461587103 -1.6992726119989641 0.22625512571453449 0.54447687206838835 1 f00654.jpg

656 0.95110099051497221 -0.26525990140666478 0.063600299450072798 -0.14491063610731444 -1.7022300543703799 0.19616728127959401 0.53361611128918873 1 f00655.jpg

657 0.95157456763078352 -0.26343176522136086 0.06291788909399286 -0.14543344368680114 -1.7063022158734582 0.17113085636649128 0.52094976979907137 1 f00656.jpg

658 0.95171662461645745 -0.26232895746190477 0.063343138331104359 -0.14631005205376421 -1.7140913380438336 0.14907921996828624 0.5121351483212534 1 f00657.jpg

659 0.95160740349376505 -0.26199708386247783 0.064089032320306022 -0.14728704491454192 -1.7191244104560319 0.127417882946433 0.50577541052859876 1 f00658.jpg

660 0.95144773442701569 -0.26182376435869537 0.06455995155709747 -0.14841677036537035 -1.7226219823535811 0.10484228516329877 0.50076826107546601 1 f00659.jpg

661 0.95149059011145443 -0.2609913432358153 0.064624438293761841 -0.1495755917940432 -1.7243829730491744 0.082641012008183287 0.49508156284762039 1 f00660.jpg

662 0.95167581801082612 -0.25975422701064854 0.064849659316147445 -0.15045065852333461 -1.7291576172637424 0.056583048276219253 0.48752318966239616 1 f00661.jpg

663 0.95195707543502317 -0.25842348085471467 0.064635543196139178 -0.15105388981377196 -1.7336420613605685 0.028695403875497631 0.47507888428997536 1 f00662.jpg

664 0.95225825237871686 -0.25733286851622467 0.063530412295095845 -0.15148565038134387 -1.7397054049300567 -0.0027377840657002725 0.4581789088015078 1 f00663.jpg

665 0.95282471476145036 -0.25536810519532749 0.061720555622513315 -0.15199594337467731 -1.7430095881106233 -0.030568677568471272 0.43860880593095869 1 f00664.jpg

666 0.95340478871706946 -0.25336061143972766 0.060839444102406784 -0.15207324374641662 -1.7492232099594347 -0.058353000059488298 0.42178360815999338 1 f00665.jpg

667 0.95354461746294972 -0.25285011498226551 0.060983244998348042 -0.15198857092020154 -1.7578186513792313 -0.08238653871098553 0.40674057278298664 1 f00666.jpg

668 0.95311255853529708 -0.25464059023461905 0.060959687493541422 -0.1517186114751754 -1.7633184444950802 -0.11029418480186293 0.39696120802013335 1 f00667.jpg

669 0.95249282534220869 -0.25754006955312003 0.060050613674461996 -0.1510776424343187 -1.7673321423698618 -0.14122249991759908 0.38625517396028902 1 f00668.jpg

670 0.95193736340763602 -0.26058561136170044 0.057339020781110535 -0.15040821784607331 -1.7691804997571778 -0.17678954108760628 0.37238043877387 1 f00669.jpg

671 0.95156607236423152 -0.26266891505239998 0.053738031170926598 -0.15046353377605207 -1.7730007797381662 -0.20657805073195792 0.35303622190784589 1 f00670.jpg

672 0.95138763948493543 -0.2635364415028284 0.050304742844345739 -0.15125983036706372 -1.7753445155022607 -0.23036024697067961 0.3334974310244484 1 f00671.jpg

673 0.95124080658232213 -0.26387010340001849 0.048141630654697398 -0.15230193637043463 -1.7781401129051202 -0.24918518586797736 0.31659287445028444 1 f00672.jpg

674 0.95112890771654246 -0.26413160426059279 0.047168668589443276 -0.1528509510607052 -1.7805155762884104 -0.26972328762848063 0.30655839167286941 1 f00673.jpg

675 0.95117745540275878 -0.26416003385285969 0.046737230672208967 -0.15263209399560052 -1.7809708404268427 -0.29453551614079604 0.29921146784306774 1 f00674.jpg

676 0.95128765744564658 -0.26412635724686001 0.046119572270384775 -0.1521908185557739 -1.782010699602637 -0.32284412708934046 0.2882805493323064 1 f00675.jpg

677 0.95140169983941347 -0.26407290296587999 0.044725702954226475 -0.15198657492389639 -1.7839317973659137 -0.3508629355639562 0.27143127456400329 1 f00676.jpg

678 0.95144599456139189 -0.26408427718226146 0.042744514615583991 -0.15225938542003289 -1.7877313106007833 -0.37724321316769044 0.25311203408594823 1 f00677.jpg

679 0.95148319212457655 -0.26385968399197435 0.040912226721674105 -0.15291825258207928 -1.7917864170697395 -0.39773657089293907 0.23660239188153945 1 f00678.jpg

680 0.95157047117400118 -0.26358011358910005 0.039874100763488241 -0.15313137561698409 -1.7948807927309496 -0.41893627942732142 0.22525356301109534 1 f00679.jpg

681 0.95169399313328562 -0.26337642414829632 0.03921731760235117 -0.15288363103012109 -1.794238908468788 -0.4429912184572054 0.21646532298858617 1 f00680.jpg

682 0.95171206316700119 -0.26358670645138782 0.03876908853878918 -0.15252263693757642 -1.7971138989496704 -0.46934879152904024 0.20734175251592785 1 f00681.jpg

683 0.95161404984472475 -0.26384385352136702 0.038057900400612535 -0.15286830055383066 -1.7988990839099279 -0.49159241050447994 0.19876509823453398 1 f00682.jpg

684 0.95138911431918094 -0.26404068156347515 0.038133097164290697 -0.15390626541866437 -1.8049127677583137 -0.50684194915126135 0.19282926248814172 1 f00683.jpg

685 0.95109199085279428 -0.26419190454502423 0.038941255342070463 -0.1552747279531469 -1.8088630237286143 -0.51887657677597776 0.19236596365242251 1 f00684.jpg

686 0.95092410155987428 -0.26411709208186462 0.039935053879580906 -0.1561752420020549 -1.8101478175052905 -0.53837484078173925 0.19541740684704889 1 f00685.jpg

687 0.95109824443510116 -0.26293364956652987 0.040823870543628946 -0.15688032684798728 -1.8129731390426849 -0.5589737372390543 0.19256025820972891 1 f00686.jpg

688 0.95122436187008086 -0.26163180732707209 0.041404728930558125 -0.15813493985142743 -1.8199292159373586 -0.57669472790778675 0.1831272647931958 1 f00687.jpg

689 0.95092262979550102 -0.26112590445731293 0.042151641241542012 -0.16056977705907916 -1.8308258699472795 -0.5857731131894921 0.17457229551483258 1 f00688.jpg

690 0.9502335388292843 -0.26150565846858131 0.043544531486985227 -0.16363033352794404 -1.8452308658161649 -0.58830062613886369 0.17247531986183218 1 f00689.jpg

691 0.94931634062258041 -0.26272535914835216 0.04517627385625516 -0.16653220519703085 -1.8576621097172783 -0.59237105953914104 0.17757765357676045 1 f00690.jpg

692 0.94845012243466342 -0.2641490022671597 0.046595803278829874 -0.16880906661591202 -1.8668670531584273 -0.60128551087128668 0.18574231364411561 1 f00691.jpg

693 0.94761785887159111 -0.265587288541552 0.047997299471954788 -0.17082167589673086 -1.8763707344740768 -0.61180152015967215 0.19297395178848109 1 f00692.jpg

694 0.94673212546222352 -0.26715305730243866 0.049253379628520153 -0.17292088129231264 -1.8865190742029969 -0.62167035029920348 0.20074439973669914 1 f00693.jpg

695 0.94584184897314905 -0.26859373569837763 0.050164393167041625 -0.17528301552867687 -1.8970890187322154 -0.63043808791934541 0.20745372712788418 1 f00694.jpg

696 0.94497615137574154 -0.26983303263450814 0.050894404036445039 -0.17782004236904619 -1.9083286926121961 -0.63777681976051326 0.21284557251875943 1 f00695.jpg

697 0.94407608896372963 -0.27107022622883881 0.051719537316701487 -0.18046151988426859 -1.9191719321491174 -0.64328416653344012 0.21934723053318303 1 f00696.jpg

698 0.94324440822064837 -0.27236531316727219 0.052832140799506308 -0.18252640204177328 -1.9288204484045604 -0.65136297923138531 0.22956901491223322 1 f00697.jpg

699 0.94264877313244666 -0.27331473668775835 0.054040042124008411 -0.18382605655464179 -1.9347891250647717 -0.66369251930978834 0.24016751409920031 1 f00698.jpg

700 0.94219898131635316 -0.27429940260092994 0.055130574589182885 -0.18434081773895669 -1.9400076491553324 -0.68127615446013234 0.24822895997036973 1 f00699.jpg

701 0.94177182156364858 -0.27546329178927764 0.055494185111081909 -0.18467865714304571 -1.9444945346014104 -0.70082550253403941 0.25279247650667908 1 f00700.jpg

702 0.94140528516727673 -0.27651374609542606 0.054800783112307259 -0.18518399350286693 -1.948449830110758 -0.72244197156755241 0.25317073640068555 1 f00701.jpg

703 0.94113761319865652 -0.27702112412351465 0.05324078278212592 -0.18623831201132404 -1.9522389191617047 -0.74155777688234858 0.24780455358955097 1 f00702.jpg

704 0.94094710225297973 -0.27690992776165313 0.052050516813244692 -0.18769706009479858 -1.9584027579867647 -0.75488380192793791 0.24229089970549567 1 f00703.jpg

705 0.94071466281535798 -0.27674361865902103 0.051647123619296492 -0.18921275675163007 -1.965267191895641 -0.76647407004217905 0.23809314572044271 1 f00704.jpg

706 0.94029851647692997 -0.27722877416071628 0.05150374697160158 -0.19060501235937322 -1.972779040250487 -0.77982199776354677 0.23479809491515791 1 f00705.jpg

707 0.9398114607292567 -0.27800802269594277 0.050684658017932434 -0.19208597824994841 -1.9784179839686675 -0.7955791911153296 0.23160165665041879 1 f00706.jpg

708 0.93955291564655696 -0.27807181318728014 0.04903090896255502 -0.19368106612959635 -1.9817928898291843 -0.81337317600494707 0.2255304345029506 1 f00707.jpg

709 0.93966164478229353 -0.27671147540701024 0.04708484467085175 -0.19557548441824932 -1.9832920802276239 -0.83095154546771266 0.21464760020737161 1 f00708.jpg

710 0.94011719649505499 -0.27421326679890062 0.046077167058480507 -0.19713862087783851 -1.9888435186297289 -0.84657384037355332 0.20018185985777986 1 f00709.jpg

711 0.94072713745735836 -0.27146690121173078 0.045859934413077778 -0.19807837038256715 -1.9945087908562062 -0.86487081429841606 0.18545858178562741 1 f00710.jpg

712 0.94119651559039341 -0.26958247440115407 0.045517606329655028 -0.1985007709059935 -1.9975923170259375 -0.8871982123034684 0.17067088079565015 1 f00711.jpg

713 0.94147529074030878 -0.26849331845502272 0.044382532837063678 -0.19891155232772897 -1.9990827882015232 -0.9136412704706387 0.15554311889003009 1 f00712.jpg

714 0.94159455154640381 -0.26776360712433195 0.042874779267042758 -0.19965997220448617 -2.004259637046554 -0.93707986266304411 0.13838879744277421 1 f00713.jpg

715 0.94168656127241746 -0.2666742010626334 0.040864507209488005 -0.20110042977840756 -2.0058060406752465 -0.95613859471654616 0.12532348832661858 1 f00714.jpg

716 0.94183753432928896 -0.26482952949696537 0.040711189390611351 -0.20285457424801312 -2.0152801710844908 -0.96670661407172886 0.1124522343958609 1 f00715.jpg

717 0.94172630535134927 -0.26415760759962365 0.040796905821602336 -0.20422521056893367 -2.0195132610478503 -0.98507464676321521 0.10641981293478056 1 f00716.jpg

718 0.94166613897664875 -0.26367646431412972 0.040649824291726928 -0.20515164307570999 -2.0231794548482589 -1.0069845409978282 0.10132948825840221 1 f00717.jpg

719 0.94181105696361955 -0.26254571381930081 0.039944444932920806 -0.20607309978545812 -2.0244107324947498 -1.0292568694225401 0.093029993868136873 1 f00718.jpg

720 0.94194798951323511 -0.26125951070768311 0.039446686669403049 -0.20717483444560517 -2.0280978180989213 -1.0489576116793473 0.082977936450300202 1 f00719.jpg

721 0.94192635672739999 -0.2601297635994172 0.039274569701296273 -0.20872171129697439 -2.0310871068974903 -1.0648588804290349 0.07707896363727039 1 f00720.jpg

722 0.94175984072366314 -0.25949584213393445 0.040068103660788557 -0.21010677615053619 -2.0382482844114818 -1.077437016616722 0.075571512180044667 1 f00721.jpg

723 0.94162409213696618 -0.25908065040063144 0.040580318750162152 -0.21112679466461648 -2.0388876535254132 -1.0978628235583225 0.079948177636724349 1 f00722.jpg

724 0.94192592544989195 -0.25760609979696786 0.040951294927217857 -0.21151274135744849 -2.0346506637330783 -1.123431583320287 0.082449047161371566 1 f00723.jpg

725 0.94280067807829449 -0.25464931532091889 0.041222640266131302 -0.21114284631780561 -2.0253782252430708 -1.1502239129528553 0.079175722821562086 1 f00724.jpg

726 0.94371118538527443 -0.25182361125978281 0.041886483993712004 -0.2103320941973566 -2.0222913712866228 -1.1842197903606806 0.070746362006809838 1 f00725.jpg

727 0.94450123756760107 -0.24877499950320409 0.042091124764150396 -0.21037288102685656 -2.0175785481316773 -1.2102753227445076 0.057817713764398079 1 f00726.jpg

728 0.94514129345913456 -0.24594791327963808 0.042592603418604685 -0.21072121270961475 -2.0153235879836444 -1.2351282934880443 0.046746124639103104 1 f00727.jpg

729 0.94554745794912842 -0.24370374381987372 0.043367502300947644 -0.21134746215248851 -2.0125234383570594 -1.2574308509619299 0.039168294667035336 1 f00728.jpg

730 0.94560650658229362 -0.24281262265019538 0.044878273030283196 -0.21179307259867067 -2.0165815012334396 -1.2787568259783926 0.03608143185425388 1 f00729.jpg

731 0.94541183861984701 -0.24310800471413599 0.04569260401953943 -0.21214886136688099 -2.0140431041874218 -1.3035396372857038 0.039375918903376383 1 f00730.jpg

732 0.9451402320531388 -0.24411594419669447 0.045680355619037868 -0.21220427105506467 -2.0093514109938932 -1.3335888695194416 0.043613504184145141 1 f00731.jpg

733 0.94487020345914974 -0.2449871684212144 0.044378357803117385 -0.21267850686592296 -2.0003501198812481 -1.3639703159553374 0.048384585756729652 1 f00732.jpg

734 0.94467117931230249 -0.24512849935201758 0.043566499380101591 -0.21356577889234593 -2.0011042615551347 -1.3868033720032278 0.046067205170734218 1 f00733.jpg

735 0.9444692245313403 -0.24497017384219658 0.043290642452760285 -0.21469377754588187 -2.0003358098301525 -1.4056778547453519 0.046787900690044688 1 f00734.jpg

736 0.94433429145434267 -0.24494953669843883 0.043761582867147666 -0.21521476324733407 -1.9972977932944966 -1.4260803929808037 0.051620369956333755 1 f00735.jpg

737 0.94436449892653684 -0.24475610835550599 0.043838682574201454 -0.2152865776123935 -1.9867593614118011 -1.4538126540054692 0.059457672084045447 1 f00736.jpg

738 0.94474459326161941 -0.24344468823871335 0.043916839441452596 -0.21508986141788544 -1.9787985479108494 -1.4820580343739986 0.058460277837142402 1 f00737.jpg

739 0.94551906021022913 -0.24068634875822104 0.042970568792527739 -0.21498213534674526 -1.9637291369925045 -1.5142041059527063 0.047383869570225057 1 f00738.jpg

740 0.94635731836365666 -0.23783482503751852 0.04216800580087731 -0.21462591005211115 -1.952260455206404 -1.5411107333976828 0.027988873871604581 1 f00739.jpg

741 0.9467468071727192 -0.23660532537458653 0.041274396648937187 -0.21444073142459652 -1.941080489491577 -1.5630412276806349 0.014217508410305958 1 f00740.jpg

742 0.94671947894055086 -0.23722336542999437 0.040610312893265298 -0.21400491951193371 -1.931080394255986 -1.5837692926234175 0.012210579094090254 1 f00741.jpg

743 0.94652318208325192 -0.23857609137380884 0.039432366568698446 -0.21358933229584595 -1.9140076979612635 -1.6098479947554085 0.021380416873198835 1 f00742.jpg

744 0.9464174440877815 -0.23896936974581878 0.038902971010062321 -0.21371527951043909 -1.898721773988211 -1.6271845683620478 0.027360816542038088 1 f00743.jpg

745 0.94616005851938834 -0.23917937968764977 0.039335055555495733 -0.21453932366646522 -1.8878419305660163 -1.6373809309155607 0.032788526929709016 1 f00744.jpg

746 0.9456889765213029 -0.24003272630944067 0.040001367175876282 -0.21553779392628111 -1.8776704541912732 -1.6451853416917954 0.042540001517405661 1 f00745.jpg

747 0.94512519363070702 -0.24175419202926401 0.039575425071417543 -0.21616443909952912 -1.8624980910513176 -1.6618310334724717 0.054637516515592566 1 f00746.jpg

748 0.9448253346413984 -0.24286005679943312 0.038414917747688508 -0.21644485192673241 -1.8444029041774173 -1.6786675334867178 0.065022479500997848 1 f00747.jpg

749 0.9447629768391147 -0.24286396582985706 0.037984810813883517 -0.21678829729235857 -1.8260785334005085 -1.6876121037670275 0.072806750549612539 1 f00748.jpg

750 0.94462231197149682 -0.24302133642560997 0.038841429999426004 -0.21707293954598328 -1.8102236521690154 -1.6910836786220236 0.081690852987278351 1 f00749.jpg

751 0.9440309881976563 -0.24465258670940251 0.039821249126360987 -0.21763472438232853 -1.7938077688773171 -1.6938202587833868 0.097524242130597447 1 f00750.jpg

752 0.94310703573074328 -0.24771568303574629 0.040060719673010267 -0.21813114924876084 -1.7739226859643014 -1.7005707090334334 0.12244445336718617 1 f00751.jpg

753 0.94224507309515348 -0.25066711265544112 0.040125163555095718 -0.21847240583324709 -1.7527004945260116 -1.707147292015863 0.15268724690343813 1 f00752.jpg

754 0.94165267399649266 -0.25306112967793809 0.040572242985631411 -0.21818386581160409 -1.7255525679886385 -1.7188584207379858 0.18242070426406309 1 f00753.jpg

755 0.94131901939083673 -0.25458121057348332 0.041977590985089047 -0.21758858612321802 -1.6985440653288564 -1.7271785918976987 0.20959368503583037 1 f00754.jpg

756 0.9409130353600178 -0.25627932474414605 0.04347728714107256 -0.2170559676699442 -1.6712830364674156 -1.7369067823340685 0.23652320546482467 1 f00755.jpg

757 0.94041230391887409 -0.25823552230605529 0.044369392678353881 -0.21672671882042718 -1.6417943661502572 -1.7468048520777211 0.26557158800438602 1 f00756.jpg

758 0.94001004179103864 -0.25991379435853895 0.045041772451035821 -0.21632655770530534 -1.6121775786294972 -1.7627254731442745 0.29488268617477242 1 f00757.jpg

759 0.93998293825202728 -0.26009554640999916 0.045677011658994626 -0.21609255687939424 -1.5811199831290697 -1.7799539881194382 0.32028953489190698 1 f00758.jpg

760 0.94025650853513698 -0.25900594083493422 0.046742299636197436 -0.21598328221008969 -1.5527095745287891 -1.7974342571124202 0.33817198150769323 1 f00759.jpg

761 0.94091151753503943 -0.2568754606251123 0.048110484661015987 -0.21537384976878662 -1.5213686034556062 -1.8198572330626874 0.35304400415204518 1 f00760.jpg

762 0.94186522988173593 -0.25413365339263233 0.049925851576523302 -0.21404061366361499 -1.49126306915968 -1.8454842165148135 0.36177802695197048 1 f00761.jpg

763 0.94284741285568985 -0.25126716316584752 0.051577968828299722 -0.21270468240607246 -1.4622774174913125 -1.8702409019986377 0.37097994401228812 1 f00762.jpg

764 0.94375788507121372 -0.24857062197103322 0.052698785270106407 -0.21155741133295275 -1.4333220595679188 -1.8975642555838734 0.37942060193071281 1 f00763.jpg

765 0.94460659183012596 -0.24590889929052345 0.053199779733946004 -0.21075337092691293 -1.40057976856425 -1.9304508115834569 0.39108726889525203 1 f00764.jpg

766 0.9456690621485383 -0.24214552893071578 0.054923931610110575 -0.209902190199283 -1.378180961830195 -1.9581090623144022 0.39633448351335104 1 f00765.jpg

767 0.94691498408359531 -0.23822328566825327 0.056648756918379187 -0.208308899048957 -1.3535170525061524 -1.9929187575822471 0.40510532327092996 1 f00766.jpg

768 0.94819028645883963 -0.23413060023476659 0.057499500317426469 -0.20691024663379529 -1.3265146763822686 -2.0292657602085589 0.4063505100822159 1 f00767.jpg

769 0.94950172563179169 -0.22987016787250208 0.057391700730110969 -0.20569971227938574 -1.2947486730076352 -2.0710451130648222 0.40757295425699053 1 f00768.jpg

770 0.95103041401995692 -0.22423846316022558 0.058812437567866957 -0.20444891889148464 -1.2788204721709775 -2.0993598289504285 0.40226342161549328 1 f00769.jpg

771 0.95244195686240662 -0.21917127321368107 0.06009514251396058 -0.20299469365535028 -1.2556811776041679 -2.1358102838352964 0.40232502534992715 1 f00770.jpg

772 0.95378193341757911 -0.21460318240554732 0.061875693501555848 -0.20103953875130481 -1.2358047954477465 -2.1697454491069283 0.40243959562867238 1 f00771.jpg

773 0.955016872773232 -0.21094373661629393 0.062700001529881824 -0.19878184652766004 -1.2100178749268171 -2.2073598976928794 0.40566617250667109 1 f00772.jpg

774 0.95616215403214999 -0.20754870340618781 0.063271628230040788 -0.19665749915049946 -1.1902466531540141 -2.2389342102842011 0.40968435272909487 1 f00773.jpg

775 0.95719189959292239 -0.20456909099521317 0.063161354740826514 -0.1947968111401929 -1.1671822169729449 -2.2763359508149539 0.41770058401806631 1 f00774.jpg

776 0.95832461760171295 -0.20122941400241484 0.063427719870165891 -0.19260730669122852 -1.1446098722734943 -2.313510535460559 0.42427323286512353 1 f00775.jpg

777 0.95959335338706875 -0.19796335109488178 0.06353797160719353 -0.18961548966972697 -1.1138823269188249 -2.364137036117802 0.43024203223092655 1 f00776.jpg

778 0.96117049458431181 -0.19342099438402149 0.064073560428777404 -0.18610260107269991 -1.0856388943828361 -2.4094757722799383 0.42610953107344857 1 f00777.jpg

779 0.96294332605614508 -0.18803380021667243 0.06480718848308914 -0.18216330338715631 -1.0576932773719567 -2.4506880674327669 0.41444482571035751 1 f00778.jpg

780 0.96482437097260254 -0.18248716340803625 0.064864834773135011 -0.17777773082831688 -1.0234533506049373 -2.4902807734047525 0.39747674371844294 1 f00779.jpg

781 0.96672846522181577 -0.17683459779691646 0.064322445022798547 -0.17328653328566748 -0.98989590274213746 -2.5328448660967582 0.37773080436413947 1 f00780.jpg

782 0.96852836971877709 -0.17069827410416882 0.064223978818355121 -0.16938174875849082 -0.96737267910724711 -2.5598420043184285 0.3503066571277782 1 f00781.jpg

783 0.96992235160915274 -0.16611744606190046 0.064170883516913885 -0.1659449416870008 -0.94542061558835278 -2.5871752904261043 0.33162627313511117 1 f00782.jpg

784 0.97116171412280405 -0.16216499135968923 0.06453282267074574 -0.1624283084856657 -0.92256260829523895 -2.6090222510056322 0.31536742704227555 1 f00783.jpg

785 0.97235641823186814 -0.1587008789563327 0.064999741002734299 -0.15846785355823806 -0.89567208658396869 -2.6298283946893624 0.29799743560147102 1 f00784.jpg

786 0.97350712507339499 -0.15508212055900478 0.065400236183535285 -0.1547779778308099 -0.87076329763277527 -2.6445638340732431 0.27592122525360419 1 f00785.jpg

787 0.97456620426936058 -0.15110914005197093 0.065618022802427609 -0.15192437714950396 -0.84993909880290253 -2.6466959130280281 0.24703538861430374 1 f00786.jpg

788 0.97528803112658857 -0.14789850227062246 0.0656906658807586 -0.15041285112474023 -0.83867289587960581 -2.640933883361813 0.22076799448113493 1 f00787.jpg

789 0.97576618309953933 -0.14536485717204747 0.065271028524941724 -0.14996368578427346 -0.83338689056586845 -2.6350986162926566 0.19816009478658345 1 f00788.jpg

790 0.97620693867273067 -0.1424261738715962 0.064258396227773865 -0.15035177550580389 -0.83168819505230196 -2.6307993349203227 0.17426358207143133 1 f00789.jpg

791 0.97674657503309226 -0.13809984199789913 0.063300185404146933 -0.15128664293016367 -0.83438615649874259 -2.6260809413143402 0.14106550820467395 1 f00790.jpg

792 0.97743296581943628 -0.13245024130028688 0.062717594080779662 -0.15214543799153765 -0.83296338441685192 -2.6171882800710731 0.10015813689934723 1 f00791.jpg

793 0.9780844431976391 -0.12697802936135508 0.063153776830195615 -0.1524434403520008 -0.82968306708945283 -2.6046285818007249 0.057348875746885367 1 f00792.jpg

794 0.97863434357239976 -0.1229654703588523 0.063863483461928716 -0.1519071103015073 -0.82407825435391258 -2.5944442806328922 0.022934250975174927 1 f00793.jpg

795 0.97913572113816039 -0.1203193479990305 0.063809111310638766 -0.15081409550200411 -0.813057516654483 -2.583342616546541 -0.0059384798221188504 1 f00794.jpg

796 0.97959570685847963 -0.1184208599774232 0.06280289073181361 -0.14974828193462655 -0.7979622209470999 -2.5783435386338507 -0.028926615342504958 1 f00795.jpg

797 0.98013524698099208 -0.11604447188004577 0.061807541650946277 -0.14848705656271524 -0.77776005176063068 -2.5750178123296585 -0.05238368207549874 1 f00796.jpg

798 0.98072222509026408 -0.11305395876724306 0.061744229310034836 -0.14693661819971204 -0.75243263512423986 -2.5677147059664662 -0.078059500001771684 1 f00797.jpg

799 0.98123810027848191 -0.11065199076279843 0.062903555211631657 -0.14481391591917003 -0.72477626856757904 -2.5594272558886009 -0.099820244186396456 1 f00798.jpg

800 0.98171741603494389 -0.10933310930705041 0.0644894936128797 -0.14183896318177519 -0.69214542981535998 -2.5552388780970858 -0.1143914081731197 1 f00799.jpg

801 0.98219978259831653 -0.10833664800656692 0.065978765299671005 -0.13854082536224818 -0.6591312917075749 -2.555253852049256 -0.12735579439425529 1 f00800.jpg

802 0.98274652460309364 -0.10695599323575068 0.066763083994987385 -0.13532322234921121 -0.62185642950099529 -2.5548838134588912 -0.14241538752741761 1 f00801.jpg

803 0.98334730059474162 -0.1050895494812638 0.067540887727773558 -0.13199432369539021 -0.58310621224764869 -2.5510493845834419 -0.16205275948474163 1 f00802.jpg

804 0.9839322700988814 -0.10335693028580011 0.068498392738924663 -0.12846245759809122 -0.54134887530463627 -2.5466462607317557 -0.17897933594386065 1 f00803.jpg

805 0.98449196131800043 -0.10180262812222216 0.069698463121803805 -0.12471538496153481 -0.49836514593361947 -2.5420517181758897 -0.19470944035156143 1 f00804.jpg

806 0.98498924583831027 -0.10030031646856265 0.07055724015248882 -0.12148130704452507 -0.45621210876609841 -2.5411214414756103 -0.2095934451894603 1 f00805.jpg

807 0.9855913848223784 -0.097299535028698245 0.071260871909563581 -0.11859304693696847 -0.4147432743452541 -2.5379073251124193 -0.23184185108143382 1 f00806.jpg

808 0.98635516130868439 -0.092626834138148748 0.072266452751140867 -0.11533137111830551 -0.37149988339237783 -2.5340743737328713 -0.2646806521448295 1 f00807.jpg

809 0.98731065546169106 -0.08656742012166016 0.073727073406834112 -0.11085156756740051 -0.32329715945632148 -2.5270381993411517 -0.30572697036136059 1 f00808.jpg

810 0.98837449690681334 -0.080125005669887894 0.075125877042823724 -0.10512820710518139 -0.26378182217665602 -2.5265113638552137 -0.35253916575903255 1 f00809.jpg

811 0.98956104761505548 -0.072232128856935113 0.076785256981123359 -0.098262286326608397 -0.19942001177030841 -2.5153147356424554 -0.41041472359316616 1 f00810.jpg

812 0.99073608426647497 -0.063701430648412008 0.077581812264792216 -0.091461475340094855 -0.13854913166661909 -2.5040510954063371 -0.47265722979282981 1 f00811.jpg

813 0.99196799827809945 -0.053719331498179326 0.076740028195473778 -0.08499818755765913 -0.078126083992457657 -2.4853567187125067 -0.54415399507612883 1 f00812.jpg

814 0.99312816191808462 -0.044054097961666462 0.074968832278465777 -0.078328568509782939 -0.01367989127027845 -2.4666554576459649 -0.61719054880911695 1 f00813.jpg

815 0.994200067173999 -0.034145701842825157 0.073131986666239546 -0.071077492943441609 0.059026270268142431 -2.4311801985333878 -0.68555794502012068 1 f00814.jpg

816 0.99497621232624611 -0.026819690732196661 0.072093572748299029 -0.064074627289836927 0.13356435783714382 -2.4130406701242144 -0.73798321404110712 1 f00815.jpg

817 0.9955642376949807 -0.019805645828880725 0.072281963112676331 -0.056876206138360599 0.20911357448357148 -2.3940107248281763 -0.78495705263884197 1 f00816.jpg

818 0.99595732738398313 -0.011839476177566097 0.074498590087086786 -0.048772829618862132 0.27233164507318791 -2.3653673874152781 -0.83804306370004389 1 f00817.jpg

819 0.99627409515493037 -0.0035002840812043824 0.076538190501198131 -0.039592685301414896 0.33970192299731 -2.32502294332863 -0.889117583719917 1 f00818.jpg

820 0.99655840515343042 0.0036625619599127985 0.076902347821305742 -0.030723926466396927 0.41261874671929616 -2.2870161503959654 -0.93387850653826276 1 f00819.jpg

821 0.99680250409886761 0.0094807571904593768 0.076153617429734102 -0.022260045320892954 0.48664004398673133 -2.2540534333768005 -0.97078151551339031 1 f00820.jpg

822 0.99695711885371496 0.014329062605286155 0.075354229637212847 -0.0138896078970604 0.55727538648390162 -2.2168093751738249 -1.0007001845430599 1 f00821.jpg

823 0.9970412077302836 0.017749116765092936 0.074573732011489299 -0.0057059123438259699 0.62738351438244988 -2.1831146780957877 -1.0205093820159357 1 f00822.jpg

824 0.99702058375971769 0.020992392189436045 0.074169595094555923 0.0028541536582177653 0.69671920025476197 -2.1517022805974659 -1.0343526838670223 1 f00823.jpg

825 0.9968880258107754 0.024798177219529597 0.073886476712179169 0.01183650965207789 0.77004197235701766 -2.1212777699478478 -1.0505795034638346 1 f00824.jpg

826 0.99657468873315647 0.029778321763060799 0.074370732962096592 0.020521583956088232 0.83945487837614241 -2.0831154918863826 -1.0729585703964237 1 f00825.jpg

827 0.9961199886708676 0.034494837368996945 0.075921187796765363 0.02812556859455298 0.89863343048581945 -2.042558945055204 -1.0948727646916205 1 f00826.jpg

828 0.99559642465916154 0.038890342520023116 0.077763979654456791 0.035043743134432724 0.95124852997864107 -1.999913488154395 -1.1095927723275278 1 f00827.jpg

829 0.99497561579787752 0.044029164171205233 0.079249766444446451 0.042478596828530411 1.0021368801331108 -1.9594402488490119 -1.1227462518930031 1 f00828.jpg

830 0.99416972336310838 0.049984872790374633 0.080559966553393383 0.051363074568871306 1.0593035676015727 -1.9138656819384112 -1.1462578804881598 1 f00829.jpg

831 0.99337981051654733 0.05382476976677307 0.081653830065992375 0.0602668918496434 1.1165999276607383 -1.8640915867140282 -1.1602079899694879 1 f00830.jpg

832 0.99290393353714235 0.056225895391930007 0.08157044171897683 0.065777583503937448 1.1626622718334378 -1.830815358838692 -1.1617153697864746 1 f00831.jpg

833 0.9924661991998236 0.059650003112256683 0.082324153729766925 0.068377293652502794 1.1893491605601432 -1.8013663282138455 -1.1699392717867148 1 f00832.jpg

834 0.99183700804273867 0.063948607638602675 0.084762055915390974 0.070606790997107316 1.2140363965804399 -1.7745318388998637 -1.1792288374550965 1 f00833.jpg

835 0.99073796159731731 0.070112657281050317 0.089249674280644967 0.074545304210135555 1.2297157686295306 -1.7278711492688867 -1.1976477739647733 1 f00834.jpg

836 0.9897421137709419 0.074732580250767636 0.09221689685088641 0.079508701489107617 1.2566033035025255 -1.6782672563869891 -1.2111447433014437 1 f00835.jpg

837 0.98921212939216374 0.076041478297234552 0.093301137205369575 0.083498230148765964 1.2814469453536856 -1.6386720397617849 -1.2078658612967264 1 f00836.jpg

838 0.98908078837471514 0.074869918732649365 0.093436869747375265 0.085925786053024783 1.3091674409699989 -1.6157123688899655 -1.1920235037647648 1 f00837.jpg

839 0.98895356432424708 0.07378543644940011 0.094620105490972384 0.087026390337734794 1.3262180824768051 -1.5952473084950198 -1.1757327045547581 1 f00838.jpg

840 0.98883143080468527 0.07405022963548899 0.095653615822041987 0.087059466595308943 1.3368099671902707 -1.5730305438997436 -1.1607048249899179 1 f00839.jpg

841 0.98879332189048208 0.075290616076133285 0.095965116487563992 0.086080114621152795 1.3424656480156953 -1.5497367889584193 -1.1515863393933599 1 f00840.jpg

842 0.98888762037514089 0.076525239440719928 0.096061767747973106 0.083769318813440533 1.3417030026417336 -1.5296840970976979 -1.1427623098579738 1 f00841.jpg

843 0.98893821770424117 0.07698082280325097 0.097192643876905613 0.081417101770511549 1.3368950277330232 -1.5140630027531328 -1.1332449340712107 1 f00842.jpg

844 0.98870072751325921 0.077268139060328353 0.10035209306861395 0.080187053304459702 1.3315821440352202 -1.4973212731714352 -1.1225687372405619 1 f00843.jpg

845 0.98795100943321668 0.080641918751973976 0.10458348113054883 0.080696836211256173 1.3293490142915609 -1.4693185634612875 -1.1199467864582526 1 f00844.jpg

846 0.98672471843198561 0.08755016821335633 0.10830054224941439 0.083548133609402747 1.3325532964901199 -1.4240377436137621 -1.1326165783745537 1 f00845.jpg

847 0.9858540166092904 0.094202311527103483 0.10899748172151229 0.085658224454206872 1.341798494141186 -1.3804237503982675 -1.1458540902877958 1 f00846.jpg

848 0.98563941739206984 0.099435542460954346 0.10730915585232324 0.084334197386214352 1.3458251521031899 -1.3541115273592672 -1.1515788899825272 1 f00847.jpg

849 0.98551430205912638 0.10426980693269546 0.10628892876734594 0.081191326018371174 1.3408128034060733 -1.3349376538271078 -1.1564174492687274 1 f00848.jpg

850 0.98521740223511323 0.10797782372989063 0.10733645444530371 0.078526081417347307 1.3356269341265543 -1.3147129194279905 -1.1609406861681772 1 f00849.jpg

851 0.98481320206709244 0.11047162096708978 0.10970555806763022 0.076835333827178026 1.3279359621041837 -1.288990035720526 -1.1598740535655172 1 f00850.jpg

852 0.98457084748304569 0.11183401281759257 0.11140797248891537 0.075509360542533349 1.3260490290174913 -1.2665607947993309 -1.1514603176191225 1 f00851.jpg

853 0.98443757543760124 0.11283796765776408 0.1124914570972441 0.074134507495082644 1.3253726143276316 -1.2464076100453632 -1.1386189859558535 1 f00852.jpg

854 0.98409526765996935 0.11540478454967389 0.11375827736362842 0.072782513034082383 1.3241154745303687 -1.2270980101130693 -1.1286481783927986 1 f00853.jpg

855 0.98338318492391874 0.1203777054642146 0.11550966995280725 0.071583767597502609 1.3255827254516246 -1.204717429785626 -1.1285130319232208 1 f00854.jpg

856 0.98239107091710653 0.12673295324711778 0.11783542356475725 0.070436888750993534 1.3244906188494086 -1.1754783163575593 -1.1363406114276646 1 f00855.jpg

857 0.98152639669197439 0.13181925866482497 0.12007261640464623 0.069369895716132696 1.3244922705080444 -1.1474489514732613 -1.1414190957960373 1 f00856.jpg

858 0.98103654314035527 0.13442479599062834 0.12166128281891024 0.068525962298660301 1.3304018660272845 -1.1230335952974702 -1.1368067388811682 1 f00857.jpg

859 0.98078264639586321 0.13526776143978622 0.12302485582093774 0.068065542633800533 1.3372725649578461 -1.1017696542879978 -1.1235303438588486 1 f00858.jpg

860 0.98070668487975232 0.13476839788334669 0.12405733169332991 0.068276318129008445 1.3492324547928973 -1.0828329149931473 -1.1038094657072937 1 f00859.jpg

861 0.98065304754774996 0.13415481622595157 0.124841898693364 0.068822859206261605 1.3637957131975169 -1.0657114942102093 -1.0810390600059032 1 f00860.jpg

862 0.98048213562806719 0.13421711742120543 0.1258420582448285 0.069313227324018845 1.383014144791737 -1.0507356669488088 -1.0598710721176487 1 f00861.jpg

863 0.98011998240236486 0.13474419651492331 0.12788501840259964 0.069672402494122751 1.4014772844858139 -1.0360529649130281 -1.042550704972131 1 f00862.jpg

864 0.9796333898103039 0.13563386784262663 0.13063983128902659 0.069678618984579305 1.4188333795188068 -1.0187858672963896 -1.0260046481781551 1 f00863.jpg

865 0.97891038842322742 0.13786112797384498 0.13367866028477784 0.069704925330505499 1.4296494774666062 -0.9900649248491501 -1.0113755389784393 1 f00864.jpg

866 0.97823664208851557 0.14060249110712475 0.1357405884470633 0.069702971370672051 1.4470435286463699 -0.96439895378485863 -0.99704090395013067 1 f00865.jpg

867 0.977610774765726 0.1428824856998977 0.13788202579884304 0.069644205098360515 1.4643393934929343 -0.94386513612432277 -0.9829317181914099 1 f00866.jpg

868 0.97709085769732751 0.14392353559854329 0.14067511945757699 0.069209699253153012 1.482293453680394 -0.92711037686660203 -0.96692048247851303 1 f00867.jpg

869 0.97653607978642776 0.14438680525786102 0.14447237969670074 0.068245636106319146 1.4971659670384565 -0.91122138965818056 -0.94886760497464873 1 f00868.jpg

870 0.97589342645447574 0.14508535138916945 0.1485606918989999 0.067171287301297469 1.5141811561335858 -0.89339906157234583 -0.92881908132000957 1 f00869.jpg

871 0.97516004448188465 0.14586557985553622 0.15292106700478578 0.066342049452936466 1.5289860421682395 -0.86986808064007359 -0.91025715311544675 1 f00870.jpg

872 0.97459809113200901 0.14560125018893119 0.15712289394929391 0.065354670087654707 1.5463357581717538 -0.84727470755101619 -0.88808359534438652 1 f00871.jpg

873 0.97406686672906884 0.14437948830585684 0.16194386717636922 0.064206591414873365 1.5606178016071723 -0.8311692992989469 -0.86070805496961966 1 f00872.jpg

874 0.97338536997836311 0.1437067187147128 0.16674863893129735 0.063751015073457359 1.5798871756962634 -0.81000713844288874 -0.83459483822133873 1 f00873.jpg

875 0.97267950437669237 0.14307937854320882 0.17134879163962261 0.063737467825777369 1.5992467664830672 -0.78564675018815933 -0.80726568891210149 1 f00874.jpg

876 0.97241243557937851 0.14071751098563165 0.17504668263300169 0.063018220633159469 1.6263242350165155 -0.77181770688991591 -0.77884661928910803 1 f00875.jpg

877 0.97195385763134168 0.1377163915917787 0.18045370577570041 0.06145204792607236 1.6315390267259917 -0.7549908198526194 -0.74495254610053274 1 f00876.jpg

878 0.97181635419269963 0.13396174390160312 0.18450291077123787 0.059882391496934688 1.6599588856343224 -0.74642051107993868 -0.71124854037678442 1 f00877.jpg

879 0.97129811681333589 0.13185855400504412 0.1890818290173247 0.058663037306561895 1.6737625576123658 -0.72250286249056506 -0.67868356934773977 1 f00878.jpg

880 0.97096117583904251 0.13051896780957137 0.19189597016353188 0.05809587498424014 1.6916478969684752 -0.69502738173512091 -0.64841217301777887 1 f00879.jpg

881 0.9709534734971228 0.12891116968696278 0.1930039890926574 0.058143983593590909 1.7134753368276376 -0.66607089991491575 -0.61804264996208402 1 f00880.jpg

882 0.97124898358624301 0.12579747080371889 0.19360588437373052 0.058027319065611177 1.7336928030444774 -0.64989665662862217 -0.5827926344788934 1 f00881.jpg

883 0.97166025655938471 0.12204832055571396 0.19426759188192694 0.056926760112267903 1.7576270574379889 -0.6434966101717724 -0.54825119995078697 1 f00882.jpg

884 0.97190008392310046 0.11824381958436445 0.19611112067164382 0.054489029623241751 1.7734623486414174 -0.63469659981445392 -0.51869632402245969 1 f00883.jpg

885 0.97205757971237994 0.11442072109729925 0.19846045068177279 0.05123875313151572 1.7850861759822489 -0.62515392312348583 -0.4891526369830807 1 f00884.jpg

886 0.9719448831665205 0.11192938696236901 0.20105796800441522 0.04868932041610656 1.7859093521146026 -0.60342023649255327 -0.46135452003160482 1 f00885.jpg

887 0.97198804546015172 0.10998666442454666 0.20226506832177618 0.047233624338006396 1.7939777344141827 -0.5789029171521145 -0.43265927466687937 1 f00886.jpg

888 0.97220634357247515 0.10784615819193963 0.20261473690190593 0.04616600557605658 1.8047920339038221 -0.55653581168475019 -0.4058817841358266 1 f00887.jpg

889 0.97253420084865483 0.10564139090095757 0.20257886954342799 0.044485124734984109 1.8142522364790898 -0.5371023849876353 -0.3776653353392645 1 f00888.jpg

890 0.97284681637874759 0.10338514912481087 0.20271591978020015 0.042271014535300459 1.8161702083770925 -0.52025089018681347 -0.35181213290696262 1 f00889.jpg

891 0.97331266444605724 0.1011455777653625 0.20211511400222881 0.039768203621658782 1.8209653043703113 -0.50070835507684985 -0.32685627510159404 1 f00890.jpg

892 0.97379602149579125 0.098578678667448197 0.20156953068836159 0.037057751270447824 1.821867084972256 -0.48625241800485697 -0.30141158435344001 1 f00891.jpg

893 0.97416919065959673 0.095815311652315646 0.20157113927860906 0.034393165491390772 1.8240141967744552 -0.47504861936272175 -0.27652597233277676 1 f00892.jpg

894 0.97424711593362578 0.093100790162390881 0.20287102331916682 0.031908429350027433 1.8193372913025063 -0.46129705062589527 -0.25548400659213616 1 f00893.jpg

895 0.97435279168319688 0.090514948686878788 0.20388073714323166 0.029602811104778103 1.8194756063924982 -0.43902097174431615 -0.235998359626402 1 f00894.jpg

896 0.9746442321274098 0.087373991621299357 0.20420283263170155 0.027122122227487423 1.8215142385521821 -0.41511259510413107 -0.21487773755708761 1 f00895.jpg

897 0.97497009385367805 0.083953165872064722 0.20445471288257563 0.024154759595430744 1.8181367075225283 -0.39135789005366428 -0.1900122297127638 1 f00896.jpg

898 0.97533771444823814 0.07986325648225813 0.20468836979994745 0.020997007109986171 1.8184129292123976 -0.37963997399602473 -0.16691661839433608 1 f00897.jpg

899 0.97542243611268631 0.076475754262282647 0.20587311490689511 0.017854710766087627 1.8138157648458246 -0.36519806543459254 -0.14521199936206677 1 f00898.jpg

900 0.9753375455520723 0.07395209720041003 0.20737834661422502 0.015555735651859023 1.810746608645353 -0.34426185479426291 -0.12787058447130425 1 f00899.jpg

901 0.97522046733423262 0.071598180104476633 0.20885260593245478 0.014118416814534022 1.8041690621205602 -0.32006955798863346 -0.11305440131149881 1 f00900.jpg

902 0.97545866993779728 0.069045363360605932 0.20864023936968998 0.013504501373345697 1.8097673399961571 -0.28546567256304078 -0.096545753761714204 1 f00901.jpg

903 0.97587010844858468 0.064996965101613416 0.2080809592250332 0.012459549434750932 1.8107201133035034 -0.25855451253439482 -0.074361731982617738 1 f00902.jpg

904 0.97635405664440278 0.0601362388563857 0.20735320729436887 0.011001648738447823 1.8119435581542391 -0.23490135920131519 -0.053040200644518053 1 f00903.jpg

905 0.97670202760819647 0.055369635344702663 0.20712849705891168 0.0092270501216903146 1.8097267021262817 -0.2093249316144849 -0.03274172056765131 1 f00904.jpg

906 0.97700617623648822 0.05083403741422246 0.20692232745871536 0.0076146329519743783 1.811726736950084 -0.1837586800417958 -0.01449509322482974 1 f00905.jpg

907 0.97722584084720698 0.046403058953797975 0.20697185452350886 0.0062500828233610856 1.8123488215748347 -0.15703629981413672 0.0031197554168266406 1 f00906.jpg

908 0.97744308583968575 0.042323283555096125 0.20685369537907172 0.0050301412832861204 1.8132099562920585 -0.1257649828487199 0.019125710222460061 1 f00907.jpg

909 0.97764502290071564 0.038613890034104918 0.20665643734329803 0.0035062228206979721 1.8107485688475704 -0.090968200696123672 0.034812369283644999 1 f00908.jpg

910 0.97793279474019135 0.034138523066383562 0.20610403601375615 0.001771031712366753 1.8122471995793294 -0.061321548067041466 0.049331137368983952 1 f00909.jpg

911 0.97817158574110596 0.029305284820469034 0.20572191025362038 -0.00021159376749695335 1.8128919932638317 -0.0243863509107115 0.063888418925037688 1 f00910.jpg

912 0.9784528295568542 0.023328585150673781 0.20513268836551887 -0.0025333004135789038 1.8157340664853974 0.0067742149065148308 0.077081313763211437 1 f00911.jpg

913 0.97865084934548474 0.017681949160224246 0.20470946707969032 -0.0048885414192823655 1.8128426079446147 0.041338440267294559 0.090514510594027847 1 f00912.jpg

914 0.97890455486771 0.011969656618973645 0.20384281226231446 -0.0071209317273635648 1.8131609520585632 0.068975154547142911 0.10406439746327685 1 f00913.jpg

915 0.97905348748036647 0.0074057909856109919 0.20327612411775933 -0.0088453533604540106 1.8118707617736072 0.1008740627242747 0.11579202469886599 1 f00914.jpg

916 0.97905642087069522 0.0029727895929097651 0.20330893511290107 -0.010254958661941338 1.8072975530950688 0.13274736595525066 0.1234760210771683 1 f00915.jpg

917 0.97908446028706253 -0.0022203978590691763 0.20312791449837875 -0.011302203735420275 1.8074318285242199 0.1673915991216931 0.13104737726936619 1 f00916.jpg

918 0.97909034171897558 -0.0082301895493520176 0.20286249952068588 -0.012695393685175057 1.8042451899087706 0.20373062819534324 0.13684050851780646 1 f00917.jpg

919 0.97906262823950552 -0.015037604875048821 0.20252053111559401 -0.013988384503996193 1.7985700920828092 0.23682763264297307 0.14618597498214173 1 f00918.jpg

920 0.97918961251218428 -0.021270526886712923 0.20126032930330023 -0.01515081789626836 1.7993470003856527 0.27829208672091993 0.15309358803043516 1 f00919.jpg

921 0.97929527756023083 -0.028138194179592155 0.19977973108327546 -0.016645132166378404 1.7991453071964185 0.30410897232913953 0.16554878186890545 1 f00920.jpg

922 0.97927829409130707 -0.033843069897595231 0.19880335579029823 -0.018598254435337212 1.792139702394955 0.33428641210059334 0.17304252397532874 1 f00921.jpg

923 0.97923901148399817 -0.038823522536399278 0.19786120867978707 -0.020847891631511829 1.7886173658480136 0.36515305850944968 0.17756555299433902 1 f00922.jpg

924 0.9790299238978708 -0.044453906355496869 0.19741479726693634 -0.023487361331576743 1.7831934363073474 0.38575786575551912 0.18155793913380971 1 f00923.jpg

925 0.97870382901268893 -0.049823182463383409 0.19741794274069763 -0.026127025264106218 1.7737580117673255 0.40481026002149384 0.18418984993083962 1 f00924.jpg

926 0.97851243561052281 -0.054304216200630653 0.19692205459139572 -0.02803872097482216 1.7702642890537765 0.42992821944075132 0.18700120991029204 1 f00925.jpg

927 0.97819522857191232 -0.05862761170686083 0.19697873178482025 -0.029937888521750038 1.7509730120741078 0.4516226566480484 0.18994153413169926 1 f00926.jpg

928 0.97805384752922764 -0.062794989070191404 0.19613494228920636 -0.031599764147174955 1.7405791080736017 0.47168797608099755 0.19248187703105771 1 f00927.jpg

929 0.97790812360577528 -0.067034517940002022 0.19518989363945904 -0.033211151913215053 1.7354519080992963 0.49173317560734686 0.19279303314402502 1 f00928.jpg

930 0.97762761979268786 -0.071767036922188415 0.19460468888863006 -0.034967763618109111 1.7334542768088712 0.50823636263216099 0.19109027824494576 1 f00929.jpg

931 0.97703737518949896 -0.076752164080306856 0.19529218924841332 -0.03698693837511919 1.7211244581469092 0.51587271234054588 0.19239143100553957 1 f00930.jpg

932 0.97656546560736357 -0.080310735004210126 0.19591320676784099 -0.038575803816619382 1.7141495159657008 0.53159258936378806 0.19090693178406554 1 f00931.jpg

933 0.97612994644088469 -0.083218173219235608 0.19654266103408113 -0.040200070908038392 1.7045578149792553 0.54202590675614593 0.18975123852848275 1 f00932.jpg

934 0.97577662296222245 -0.085609252889547571 0.19682669116088616 -0.042311836958342161 1.6972502289791942 0.55487939303364842 0.18616160837927637 1 f00933.jpg

935 0.97534414851332396 -0.088928149475410792 0.19684165965739644 -0.045265187672407552 1.6906515315303741 0.56831674258676346 0.18107802059172548 1 f00934.jpg

936 0.97484769872042032 -0.093112315423667422 0.19643309940668596 -0.049153824606308294 1.6856720363487803 0.58631596229020544 0.17394709636220987 1 f00935.jpg

937 0.97417964435905924 -0.098759399321799557 0.19593220227570937 -0.053208774402765439 1.6797003096615402 0.5924056710489366 0.17009416861995957 1 f00936.jpg

938 0.97333703659636228 -0.10439496617267527 0.19617137207477048 -0.056863846211097267 1.6640428088611121 0.5931683358835772 0.17030809503979458 1 f00937.jpg

939 0.9726053851890083 -0.1093497233418276 0.19617236387476938 -0.059981716865991588 1.6466693666685142 0.58960740400686029 0.17340480083480339 1 f00938.jpg

940 0.97218899459552499 -0.11246418757230026 0.19542363883798125 -0.063324297740805086 1.6324145894306472 0.59754757245769985 0.17439487801399045 1 f00939.jpg

941 0.9718094980706008 -0.1162336531209084 0.19385212603310928 -0.067062586994374743 1.6291139687513831 0.59198369192793598 0.17323826721024821 1 f00940.jpg

942 0.97122081379774983 -0.11975633265962544 0.19324100740940198 -0.071038473303932648 1.6218005653289751 0.58918133101345183 0.17321145933185458 1 f00941.jpg

943 0.97047322768751254 -0.12327790359918037 0.19335231380461343 -0.074827505453375034 1.6157900893158768 0.58416385931030168 0.17207815681884214 1 f00942.jpg

944 0.96969420848992027 -0.12645977598487498 0.19376709846540466 -0.078456221112549504 1.6079524436373882 0.58648585337422565 0.16872895172216365 1 f00943.jpg

945 0.96894268687422835 -0.12999705841766548 0.19374326026344219 -0.08194134156942702 1.5970653058045967 0.58604583444222158 0.16877985929718831 1 f00944.jpg

946 0.9683687796085102 -0.13347691563123801 0.19303422716616109 -0.084756160929224153 1.5863518293625949 0.5847387776551537 0.17047662352696386 1 f00945.jpg

947 0.96797221422739532 -0.13635398885890179 0.19202736227073069 -0.086964787962272624 1.576521656431066 0.57964431943586159 0.17821459685098656 1 f00946.jpg

948 0.96767872798604571 -0.13846493580808006 0.19097477351686554 -0.089185070696584989 1.5703741492584085 0.57489102087447164 0.1807422993387465 1 f00947.jpg

949 0.96735264843427093 -0.14067777960886921 0.18965160533448436 -0.092037408077217581 1.5678754157459966 0.56934215184571069 0.18063960070211213 1 f00948.jpg

950 0.96683901478349987 -0.14330565154716896 0.18880909436686683 -0.095062798251886224 1.5609619870549647 0.56281937512683078 0.17994629111520799 1 f00949.jpg

951 0.96629573650570499 -0.14605163097875401 0.18809848583633962 -0.097777453052428173 1.5539995482705156 0.55628321051887464 0.18075714578384519 1 f00950.jpg

952 0.96587266600752053 -0.14824859428986492 0.18736122572970978 -0.10004058398302315 1.5466714556744077 0.55106629923400041 0.18201120083012445 1 f00951.jpg

953 0.96555350363554004 -0.15004871187428845 0.18630405081736209 -0.10238464890324701 1.5400268522714633 0.54192203618015033 0.18285817867682777 1 f00952.jpg

954 0.96522536124303615 -0.15181931333765233 0.18514589152902883 -0.10493758602546892 1.5334013504188218 0.53105054769452753 0.18232523397041511 1 f00953.jpg

955 0.96480288809490811 -0.15408699711244089 0.18409675625737773 -0.10733577586298028 1.5225173026366632 0.52473156988621905 0.17804681974176881 1 f00954.jpg

956 0.96424407657964284 -0.15774519180846655 0.18258358247242149 -0.1096040631268712 1.5113170158243714 0.51513474869266651 0.17388656384550805 1 f00955.jpg

957 0.96368373756705572 -0.16195954396153991 0.18075410369934866 -0.11140338443873922 1.4985706468160651 0.50610398715682481 0.1765700468573711 1 f00956.jpg

958 0.96323130129153656 -0.1659562368902055 0.17856503711653016 -0.11295359741516164 1.4887202832376261 0.49361052316158138 0.18035387720590054 1 f00957.jpg

959 0.96301086703385863 -0.16881406087793044 0.17598834663203783 -0.11462977219867307 1.4854914186894681 0.47856968650504395 0.18678150133007454 1 f00958.jpg

960 0.9626549913596526 -0.17115003871132894 0.17419167103198474 -0.11687725870562372 1.4783910451743847 0.46044434975390919 0.18877096999392667 1 f00959.jpg

961 0.96213433039785368 -0.17317311411892539 0.17304826767164175 -0.11984531643778394 1.4688394683392527 0.44187941452624352 0.19138233610489055 1 f00960.jpg

962 0.96156429553315625 -0.17514291617836877 0.17205252395092743 -0.12295118328213137 1.4576501496939891 0.42245899194144482 0.18962870212455379 1 f00961.jpg

963 0.96097716195275762 -0.17751099481414212 0.17055514202036409 -0.12618908215741503 1.4446547374919778 0.39970772745009159 0.18828727507199725 1 f00962.jpg

964 0.96050929197453205 -0.1796314056248349 0.16827509529791959 -0.12976112841026585 1.432429136584098 0.38111473120032024 0.18833911359384359 1 f00963.jpg

965 0.96010216162027928 -0.18180277268989728 0.16521801533863548 -0.13362110051146703 1.4227444532343121 0.35084191725468916 0.19207893373183629 1 f00964.jpg

966 0.95991733973435334 -0.18266925451567967 0.16235338661975196 -0.1372298152192353 1.4109249575182066 0.31981943182607769 0.19825936492885446 1 f00965.jpg

967 0.95991754908601701 -0.18245059406744804 0.159696069426326 -0.14059603511804167 1.4016097886440571 0.28285377360010883 0.20367290492232804 1 f00966.jpg

968 0.96004735290798249 -0.18074802035790108 0.1583162717166231 -0.14344055012731236 1.391380915501466 0.25050742196299736 0.2065207680962477 1 f00967.jpg

969 0.96018975425912323 -0.17835875436725529 0.15795400165584675 -0.14585720385798115 1.3807878152707178 0.21559774548754687 0.20437279256835816 1 f00968.jpg

970 0.9603133541336506 -0.17555517311157309 0.15812617200424214 -0.14823885048673488 1.3654964570916877 0.18739582509740427 0.19864960074466156 1 f00969.jpg

971 0.96035666807246534 -0.1735288738959663 0.15779949762946505 -0.15067222226090377 1.34694082395399 0.15809271881838824 0.1903577478545819 1 f00970.jpg

972 0.96039917819934717 -0.17235953902831971 0.15655998381483577 -0.15301823188058336 1.3281315823165027 0.13413656658210305 0.18295869277579196 1 f00971.jpg

973 0.96041647414391484 -0.17243193809603999 0.15446629203753345 -0.15494382059827488 1.3110578444797438 0.10579502101883037 0.17893235284933393 1 f00972.jpg

974 0.9605497197508075 -0.17245829725142908 0.15213040836963074 -0.15639280816287876 1.2969036400584968 0.078880084831434827 0.1794624311925912 1 f00973.jpg

975 0.96076576746152109 -0.17210832575969282 0.14998185709443718 -0.15752240101260143 1.28435283861669 0.05277715448186876 0.18057814142822004 1 f00974.jpg

976 0.96096565561029512 -0.17154391249262702 0.14805301482148031 -0.15873877795443786 1.2786572861941605 0.023681609525956614 0.18216114655251256 1 f00975.jpg

977 0.96103251535279222 -0.1706230276308027 0.14754880894886213 -0.1597924774654754 1.2639238674410702 -0.00053991875030419195 0.17874374844140167 1 f00976.jpg

978 0.96094685188282303 -0.17032796387252841 0.14718957058359397 -0.16094956629624077 1.2466754936726194 -0.021713629748604812 0.17114029715072543 1 f00977.jpg

979 0.96071118423150959 -0.17103459735055421 0.14621397811077666 -0.16248895226028631 1.2289591450549961 -0.041939388730319854 0.16305725902384066 1 f00978.jpg

980 0.96039410420932114 -0.17246811837490386 0.14482000369915971 -0.16408863236912682 1.211084296016135 -0.061779477794721011 0.15976681037774065 1 f00979.jpg

981 0.96010771942603335 -0.17420600554920768 0.14331787072055469 -0.16524352532325803 1.1958279757925898 -0.082223608926171601 0.15870406652489602 1 f00980.jpg

982 0.95996435136937541 -0.17594805724306886 0.14176357674131507 -0.16557117370446686 1.1808097284168999 -0.10329532769474888 0.15650642392723843 1 f00981.jpg

983 0.9601704130896993 -0.17715776321143872 0.13939843687612405 -0.16509385378495084 1.1712250272930154 -0.12773655985220525 0.15608591885568981 1 f00982.jpg

984 0.96061283138364784 -0.17725775576409811 0.137031332557567 -0.16439309626642723 1.1584374782305933 -0.1453853162839033 0.15238026336521887 1 f00983.jpg

985 0.96098906892615854 -0.17737205734918693 0.13482366238988461 -0.16389552384347977 1.1479364860926302 -0.16037268052148804 0.14731739668814586 1 f00984.jpg

986 0.96110092379449841 -0.17800111323016723 0.13338676836462157 -0.16373328310220187 1.1330839543566369 -0.17363153421264746 0.14143783797373635 1 f00985.jpg

987 0.96100605979345599 -0.17922389682377662 0.13229204233464822 -0.16384432667164708 1.1217548626103984 -0.18802012078049921 0.1344898111822477 1 f00986.jpg

988 0.96077669768446183 -0.18078182189399922 0.13175577688481543 -0.16390999150968277 1.1124903713324319 -0.20413115640653101 0.1299560486441346 1 f00987.jpg

989 0.9607564411370374 -0.18170691817437454 0.13103433966995859 -0.16358379665640255 1.1093779321036434 -0.22646876931152576 0.12792851892940846 1 f00988.jpg

990 0.96111790183281098 -0.18088210366325871 0.13035387236655296 -0.16291688466789736 1.1043004173051665 -0.2505927018195348 0.12187108752562734 1 f00989.jpg

991 0.96171081024871419 -0.17897886060451706 0.12964546205104865 -0.16208312397359242 1.0928028628591517 -0.26713493609126093 0.10974659707693457 1 f00990.jpg

992 0.96226287711727854 -0.17756588749839561 0.1284078409434293 -0.16134415794546775 1.0789093765383071 -0.28156745674423717 0.096541825416455007 1 f00991.jpg

993 0.96273447248183952 -0.17666655401472181 0.12649453958940868 -0.16102917636795236 1.0695052573848864 -0.29743316117343804 0.087666819248036043 1 f00992.jpg

994 0.96303895064850065 -0.17618071051448539 0.12453064248780753 -0.16127137333705066 1.0586965760926905 -0.31212269702399892 0.079056001485165034 1 f00993.jpg

995 0.96311064809817482 -0.17650062209738951 0.12239777690947748 -0.16212400848352351 1.0496788200506886 -0.33120422416606726 0.073839340118655519 1 f00994.jpg

996 0.96304620246207062 -0.17692756920258657 0.12049981266586621 -0.16345776924618538 1.0382344109435186 -0.3490743552360287 0.068938419619982205 1 f00995.jpg

997 0.96300051877431703 -0.17724571163692363 0.11824712074501745 -0.16501992904564816 1.0326716313068529 -0.37485555966368084 0.06822772882208071 1 f00996.jpg

998 0.96316917905182498 -0.17622847727899549 0.11635516289208445 -0.16646360680015973 1.0244454017906262 -0.40107221825255307 0.067117328238904317 1 f00997.jpg

999 0.96363634105138163 -0.17372107618171848 0.11450048742612295 -0.16767715489758889 1.0181411379539924 -0.42566117287423721 0.063425375791813524 1 f00998.jpg

1000 0.96416820658220725 -0.17058018675969774 0.11295581865471929 -0.16888769147904251 1.0101745180698465 -0.44698945082147273 0.056199900017586631 1 f00999.jpg

1001 0.9644846879297666 -0.16784700722085169 0.11224109575363163 -0.1702897687474213 0.99338796699934206 -0.46595449331589323 0.046199068694825415 1 f01000.jpg

1002 0.96461361217407726 -0.16597957526512797 0.11168768845381 -0.17174754743847634 0.97560259934058358 -0.48129522595080265 0.037054673628043891 1 f01001.jpg

1003 0.96448885893110858 -0.1654834111666314 0.11103626656418722 -0.17334194280067203 0.95887363966148498 -0.49838979465196376 0.03067421298518409 1 f01002.jpg

1004 0.96419931139979886 -0.16556755577542798 0.11055212486375167 -0.1751722011587897 0.94317801734643802 -0.51444090891171979 0.026763364212821071 1 f01003.jpg

1005 0.96369337346177208 -0.1664092939293699 0.11053501005920802 -0.17715823545917728 0.92581255637558069 -0.53158775254453139 0.023473820527874348 1 f01004.jpg

1006 0.96309375913370054 -0.1679769405848453 0.11062331155196976 -0.17887605063492443 0.90839066504072075 -0.54930718937161271 0.019992061988158227 1 f01005.jpg

1007 0.96250505076854287 -0.17031308166421241 0.11031047960880028 -0.1800252191987593 0.89196363034028192 -0.57125514725645854 0.018223606163824589 1 f01006.jpg

1008 0.96213103155576152 -0.17242861149873348 0.10928152893214038 -0.18063720405364467 0.87839794139121419 -0.59202916551787099 0.015829174519084194 1 f01007.jpg

1009 0.96188621324690782 -0.17426598802108684 0.10777088261306993 -0.18108482831357856 0.86451386031702993 -0.61067817763326393 0.011395227243331732 1 f01008.jpg

1010 0.96168136028303763 -0.17574796310084864 0.10615190090548023 -0.18169586864929832 0.85227597970673241 -0.62984869868022375 0.0085098816288583182 1 f01009.jpg

1011 0.96137979669895823 -0.17712868890028166 0.10504991816538556 -0.18258923506324659 0.83945730462541324 -0.64641950473694909 0.0019518331841730482 1 f01010.jpg

1012 0.96087672767846677 -0.17899354051067939 0.10451290209460838 -0.18372337890735299 0.82448088227073557 -0.66364989374045247 -0.0046839886832486044 1 f01011.jpg

1013 0.96039557628593653 -0.18053378572836734 0.10395062726222358 -0.18504636271155028 0.81457233060773371 -0.68503284091606464 -0.012880972323037367 1 f01012.jpg

1014 0.96011130676325196 -0.18112401229954289 0.10369767621232365 -0.18608375195604931 0.80620695137292142 -0.70873920469401575 -0.022089557118994286 1 f01013.jpg

1015 0.96014582080903332 -0.18076218798745242 0.10410377097963612 -0.18603074757888094 0.79495729690954609 -0.72751704286497954 -0.03921998480161569 1 f01014.jpg

1016 0.96029401024872385 -0.18081038623477919 0.10479829813841865 -0.18482514660441987 0.78117699242599337 -0.73844860127828293 -0.062065043655851075 1 f01015.jpg

1017 0.96043917981146909 -0.18202011793238862 0.10463769930865206 -0.18296505249457884 0.77471478836732677 -0.7488929046348286 -0.084316312186312123 1 f01016.jpg

1018 0.96051586089960039 -0.18367254353161327 0.10422703676769274 -0.18113641963877228 0.76794587805640802 -0.75764106530093955 -0.10464656470276404 1 f01017.jpg

1019 0.96037022835637131 -0.18594221116576684 0.1035041529306627 -0.18000391362306981 0.75969845084595444 -0.76500164429101025 -0.12451095658452282 1 f01018.jpg

1020 0.95992452204559209 -0.1889816067679771 0.10290188146829835 -0.17956076149655087 0.74859894616004208 -0.77218699001796709 -0.14221024817837577 1 f01019.jpg

1021 0.95934312443373282 -0.19264759617646798 0.10242475726542212 -0.1790442470124971 0.7384902308146003 -0.78178502762460511 -0.15835654433051638 1 f01020.jpg

1022 0.95886810616364515 -0.19636557260762075 0.10196127997280187 -0.17781005107399148 0.72775545924073437 -0.79289811836285595 -0.17588079468665466 1 f01021.jpg

1023 0.95863397758056412 -0.19946321279820739 0.10095688843292547 -0.17619032449662311 0.71914000738727768 -0.80159680353463358 -0.19625397076879547 1 f01022.jpg

1024 0.95858243732969506 -0.20211921254562742 0.099185478530189872 -0.17444132426616482 0.71514894340603785 -0.81276197201058575 -0.21789979982785071 1 f01023.jpg

1025 0.95879808812562539 -0.20356114299372882 0.097045192662286339 -0.17277533924398203 0.71446021391194114 -0.82032945133713098 -0.24180761134130335 1 f01024.jpg

1026 0.95905972458621624 -0.20413091782119869 0.095006384715584882 -0.1717812560477994 0.71146060403472844 -0.82695288930947275 -0.26860656245082137 1 f01025.jpg

1027 0.95919921234645178 -0.20403008241395315 0.093327219054765001 -0.17204251418648325 0.70422251542093872 -0.83248556478898295 -0.298117251564467 1 f01026.jpg

1028 0.95923110641163067 -0.20325702831980136 0.092330995489365367 -0.17331258524084753 0.69184450510484252 -0.83369057198841579 -0.32960567210484609 1 f01027.jpg

1029 0.95915968954554887 -0.20232086010508044 0.091577292551501835 -0.1751929193950631 0.68042425325198075 -0.83518325141412164 -0.3623668085816551 1 f01028.jpg

1030 0.9589373376004332 -0.20145756255973099 0.091451168615308026 -0.17745623911877972 0.66403054069812373 -0.83275864852350812 -0.39634661216513656 1 f01029.jpg

1031 0.95842425766652917 -0.20144032449190524 0.091285431015055429 -0.18031003319103617 0.64779932770056681 -0.8302892715480179 -0.4282729231757435 1 f01030.jpg

1032 0.95757017738046035 -0.20214611095530452 0.091356911711056754 -0.18398429253557913 0.62958891156273977 -0.82681079769810806 -0.45765042859404842 1 f01031.jpg

1033 0.95637748958794833 -0.20359445423847869 0.091969572140211869 -0.18823653580837171 0.60970055907772425 -0.82359892746907648 -0.48455266267581198 1 f01032.jpg

1034 0.95490418260446197 -0.20573303529691081 0.093345077427885073 -0.19266192346181465 0.58734871312949277 -0.82127055356382173 -0.51016087587464121 1 f01033.jpg

1035 0.9532909997219956 -0.20860161645044814 0.094566092911012117 -0.19692356267050781 0.56792984043385442 -0.82111595809754101 -0.53576072265705676 1 f01034.jpg

1036 0.95156890682561268 -0.21188632248533962 0.095554726601429135 -0.20122151010882219 0.54875769650191231 -0.82085141470995582 -0.56141882019805533 1 f01035.jpg

1037 0.94977660202139069 -0.21574779998215249 0.09603526841650295 -0.20531566008400373 0.5316715380064676 -0.82327962015332146 -0.58904497379841292 1 f01036.jpg

1038 0.94781957486634993 -0.22014939213170456 0.096977060953070876 -0.20920742886693805 0.51013948955693256 -0.82187160322704467 -0.61509891801658101 1 f01037.jpg

1039 0.94595166520596075 -0.22508488724850911 0.097409340927658877 -0.21218779636547208 0.4969899877152627 -0.82575014827935789 -0.64038574497160494 1 f01038.jpg

1040 0.94429010322708173 -0.23001624902519927 0.09759169564739463 -0.21420687914358252 0.48785407526506774 -0.83273730614041563 -0.66790885277929579 1 f01039.jpg

1041 0.94254186058090972 -0.23520034008802068 0.097802110684243382 -0.21617212637355498 0.47391474484429624 -0.8404013966433227 -0.69857774176972498 1 f01040.jpg

1042 0.9405868559158822 -0.24043344631090627 0.098316309580821215 -0.21868248133708551 0.45629400340737974 -0.8457483194801767 -0.72992431893595677 1 f01041.jpg

1043 0.93843005193946472 -0.24610345254378493 0.098961020388846854 -0.22133423753798279 0.43628617481313037 -0.85530691929345082 -0.76273014717996157 1 f01042.jpg

1044 0.93619605233198044 -0.25175778757020162 0.099463898671099615 -0.22419166098880494 0.41856327957288797 -0.86532129824967019 -0.79660090531828087 1 f01043.jpg

1045 0.93407344135579107 -0.25763204862541422 0.099552673561188895 -0.22632233398770407 0.40203111690644339 -0.88252680056047927 -0.82996808259865773 1 f01044.jpg

1046 0.93234599126023809 -0.26203942703943311 0.098974298544036415 -0.22862716261530575 0.39082030575192694 -0.89700893414222593 -0.86661097118532737 1 f01045.jpg

1047 0.93138234288485611 -0.263959324368021 0.097878638371240861 -0.2308076658000974 0.38272563583857955 -0.90808948991486815 -0.91053465432782299 1 f01046.jpg

1048 0.93076691528285671 -0.26450267119051468 0.097203903148022894 -0.23294352869463525 0.3676608939590939 -0.91722310590679568 -0.96219471333371454 1 f01047.jpg

1049 0.93000391414811434 -0.26514726676364464 0.097102349279012748 -0.23528871702964016 0.34242803877200023 -0.92714024933798045 -1.0202712597024994 1 f01048.jpg

1050 0.92886489391011839 -0.26662207577821667 0.097167878480445169 -0.23807788843289457 0.31196780483560216 -0.9398893783289004 -1.0744966181322706 1 f01049.jpg

1051 0.92745450494190973 -0.26875433243283597 0.096595541056398476 -0.24138879739863736 0.28505580417020243 -0.9554287055226155 -1.1267871548638979 1 f01050.jpg

1052 0.92611902466387741 -0.27118902681689905 0.095329319517287056 -0.24427931703298697 0.26070633111727476 -0.97539888972787536 -1.1743022803625607 1 f01051.jpg

1053 0.92526772030598958 -0.27241624563753175 0.092794820770780495 -0.24709948626135961 0.24669814035408713 -0.99533387464436829 -1.2206316388681713 1 f01052.jpg

1054 0.92491958882420822 -0.27175517933742938 0.09003436556743126 -0.25013334389762454 0.23327722283828364 -1.0086046878704 -1.2692233867547491 1 f01053.jpg

1055 0.92480109357993312 -0.26948798826484077 0.087906602522148533 -0.2537549816798495 0.21493457719115258 -1.017028479137742 -1.3229391785199152 1 f01054.jpg

1056 0.92453798454248393 -0.26698535783590188 0.085938336308730143 -0.25799793834805218 0.19285309913906146 -1.0236822875985565 -1.3812149254991959 1 f01055.jpg

1057 0.92376497879146358 -0.26536551340247827 0.083725829770764107 -0.26311479183855213 0.16335952237816509 -1.032029619151311 -1.4347285110404828 1 f01056.jpg

1058 0.92264025009723694 -0.2646432540359141 0.080918902283344279 -0.2686094716257218 0.13243296940881241 -1.0404748447797953 -1.4814913422399922 1 f01057.jpg

1059 0.92127990358667822 -0.26502024548711794 0.077923070627016949 -0.27374368265464272 0.099651097437939803 -1.0500678975559186 -1.5241806834132474 1 f01058.jpg

1060 0.91973374357883653 -0.26690435252897754 0.075083947238565873 -0.27787462710838184 0.066129714672101825 -1.0604390804744097 -1.5573650302677275 1 f01059.jpg

1061 0.91844699970020194 -0.26892879670237169 0.072130630821408456 -0.2809440925579616 0.042704702540552614 -1.0732099422681749 -1.5795749665403733 1 f01060.jpg

1062 0.91784068361886773 -0.26892101661299322 0.070041903766058539 -0.28345034491901694 0.021743772162619433 -1.0781518228269378 -1.6004794169521079 1 f01061.jpg

1063 0.91764886227798992 -0.26752042009238675 0.069183021467841194 -0.28559954470217008 -0.0079288091666549713 -1.0760026671962366 -1.6321786724661573 1 f01062.jpg

1064 0.91759136042940059 -0.26721131578804502 0.068891919302269886 -0.28614351545158634 -0.046484127653226626 -1.0763539485679257 -1.6630705773482548 1 f01063.jpg

1065 0.91737117034061666 -0.26869431843853603 0.067761173218751497 -0.28573050672050487 -0.081860110991119811 -1.0827238515863888 -1.6863657544362916 1 f01064.jpg

1066 0.91695929151882449 -0.27072462543228865 0.065290893266876607 -0.28571127758325782 -0.10715040720529175 -1.0915552729584048 -1.697607519768829 1 f01065.jpg

1067 0.91648853335477654 -0.2723057546154195 0.062688347552622231 -0.28630144134051849 -0.134100070824062 -1.0979268872518817 -1.7084522923907546 1 f01066.jpg

1068 0.91612709597246378 -0.27399157554190923 0.060426055093965279 -0.28633625761140624 -0.16524319937158979 -1.1012767085888389 -1.7178199424189187 1 f01067.jpg

1069 0.91591756392803769 -0.27626418902209748 0.058031482745102808 -0.28531642252505551 -0.19598095378576844 -1.1062856243260257 -1.7266164452764186 1 f01068.jpg

1070 0.91575327284401242 -0.27836940030991958 0.055338137642548899 -0.28433098805587503 -0.22236654635998226 -1.1113501077572543 -1.72630452256449 1 f01069.jpg

1071 0.91581650750884447 -0.27927897893524334 0.052696667731442194 -0.28373656392716573 -0.24500566662794881 -1.1130996810534646 -1.731108363599047 1 f01070.jpg

1072 0.9161690787240474 -0.27915977967175271 0.051650396259854417 -0.28290682771850845 -0.27942412858466992 -1.1052721345382401 -1.7356992137133518 1 f01071.jpg

1073 0.91651459316314887 -0.27979373268874491 0.050992451616462639 -0.28127608775938923 -0.31734510238727937 -1.1004082861641458 -1.73977175482313 1 f01072.jpg

1074 0.91664285043273785 -0.28198052619877723 0.049694506137158048 -0.27889661822078632 -0.35183584612654722 -1.1061104446713144 -1.7358881216704813 1 f01073.jpg

1075 0.91671986747393497 -0.28464443426257857 0.047753896139004895 -0.27626399697653897 -0.38152947745240279 -1.1138005556415749 -1.7264555499475793 1 f01074.jpg

1076 0.91684888221237648 -0.28636053098888409 0.045953948061860039 -0.27436109078221854 -0.4108421035442742 -1.1162429621833911 -1.7142377994716265 1 f01075.jpg

1077 0.91703786224993 -0.28734534525346755 0.045218526437229387 -0.27281769852428844 -0.44705950610985384 -1.1132770407195332 -1.7076753794983097 1 f01076.jpg

1078 0.91719081533443414 -0.28900393579991157 0.044826065298947886 -0.2706073857604967 -0.4837135284006106 -1.1129891380486772 -1.6971688170904173 1 f01077.jpg

1079 0.91721331159646124 -0.29175332110306651 0.044144881113007933 -0.26767698841533422 -0.51744789470414854 -1.1180209401093566 -1.6822714907754375 1 f01078.jpg

1080 0.91679985040430734 -0.29549341957536585 0.043640416392403465 -0.2650607238792565 -0.55511552149661103 -1.1258261558052669 -1.661431373158017 1 f01079.jpg

1081 0.91590583763745104 -0.29962952698734335 0.043299758273303103 -0.26355981118610472 -0.59261695369700318 -1.1322749019811176 -1.6386896489439806 1 f01080.jpg

1082 0.91483861268683209 -0.3039952474344364 0.043210753593446512 -0.26227854096054998 -0.62931921705127869 -1.1377144838744468 -1.6130166831139368 1 f01081.jpg

1083 0.9136994866436341 -0.30900388395938738 0.043305693890145235 -0.26037370197826487 -0.66540863051958166 -1.1457301323089266 -1.5851466407811301 1 f01082.jpg

1084 0.91285315352419205 -0.31363776244338998 0.043172593642375204 -0.2578111735915084 -0.69677975389244418 -1.1549990754556714 -1.5543978399725837 1 f01083.jpg

1085 0.91239214530585133 -0.31682972455883895 0.042990230854220428 -0.25556083203663615 -0.72618868190209784 -1.1591284586583801 -1.5308843939477188 1 f01084.jpg

1086 0.91183445985669287 -0.3194871146407407 0.043271701606877544 -0.25419178042657203 -0.76042922658029422 -1.1591026373021278 -1.5107775233915819 1 f01085.jpg

1087 0.91074064198672544 -0.32277693835318327 0.044367155640655694 -0.25376778085743834 -0.80113659320348396 -1.1544687868595453 -1.4898380803058162 1 f01086.jpg

1088 0.90905074145864162 -0.32728528825909475 0.045849625229781171 -0.25378908843554276 -0.84331217607408948 -1.1532002944228881 -1.4594474277978138 1 f01087.jpg

1089 0.90721639624008032 -0.3318623831366927 0.047525240971210372 -0.25410061102371112 -0.88627845087349577 -1.1523836043192877 -1.4295788923569828 1 f01088.jpg

1090 0.90538064640928606 -0.33677040663551966 0.04821469715935283 -0.2540608614089977 -0.92346637453369562 -1.1583823735672449 -1.399548442277863 1 f01089.jpg

1091 0.90392020816262841 -0.34131155174836952 0.047763590458841237 -0.25328505945837326 -0.95403233212335348 -1.1647422951437598 -1.3743533949453928 1 f01090.jpg

1092 0.90257948447312886 -0.34616929310384309 0.045897387559797859 -0.25181446450788708 -0.98083505370035018 -1.1771652625445126 -1.3500768532390153 1 f01091.jpg

1093 0.90087117612862189 -0.35093528018772613 0.043360642930453518 -0.25178444706703751 -1.0065406748535901 -1.1855237080127246 -1.3273523536666101 1 f01092.jpg

1094 0.89883133587663366 -0.35498659609333327 0.042061114054878668 -0.25360916569547953 -1.0384244592516161 -1.1869545761698275 -1.3044906240495999 1 f01093.jpg

1095 0.8972248128146284 -0.35696497055177917 0.043477721734893185 -0.25626808771570858 -1.0771900735347508 -1.1714397828309073 -1.2843975358755306 1 f01094.jpg

1096 0.89554550452094239 -0.35941563338626098 0.047141780499921668 -0.25806259771842072 -1.1284415096828151 -1.1553927340978396 -1.2625477355110188 1 f01095.jpg

1097 0.89364763261656488 -0.36355536301550617 0.049924266430411514 -0.25831951990288754 -1.1729843426727611 -1.1537659466238992 -1.233735605672118 1 f01096.jpg

1098 0.89185515696355688 -0.3682982863732604 0.050600858633065945 -0.25766316065286715 -1.2066946106594405 -1.1645257717357134 -1.2033512833124551 1 f01097.jpg

1099 0.89057430771334389 -0.37201759666022005 0.049529365893080789 -0.25695749090128167 -1.232854695231147 -1.175952870119505 -1.1813024228823685 1 f01098.jpg

1100 0.88937286866315413 -0.37573161514214398 0.047764497641686159 -0.25604727421627782 -1.259831395624438 -1.1880448935603165 -1.1632270077690021 1 f01099.jpg

1101 0.88775599386019344 -0.38020575647831717 0.046208730027991154 -0.25533826852873454 -1.290750659425389 -1.1954772942459273 -1.1420530609407236 1 f01100.jpg

1102 0.88531584021761689 -0.38638482338098662 0.044879467147116235 -0.25477139703901136 -1.3237495047200749 -1.2108323620891441 -1.1128258297820102 1 f01101.jpg

1103 0.88301738206020541 -0.39146891350958951 0.044703432741257605 -0.25501763828471014 -1.360285188802743 -1.2164285230114955 -1.0817048545675383 1 f01102.jpg

1104 0.88110375131844565 -0.39514571591313169 0.045324426203380785 -0.25585491786830233 -1.4002314965320111 -1.2170050382472013 -1.0558603132513884 1 f01103.jpg

1105 0.87970769168508478 -0.39709686691265428 0.046558973676562365 -0.25741157209503451 -1.4438669067029217 -1.2097952118002129 -1.0382798264177107 1 f01104.jpg

1106 0.87853966988575094 -0.3982228877702646 0.048193946632682741 -0.25935289395129596 -1.4918026761051388 -1.1982582559518922 -1.0259596292316326 1 f01105.jpg

1107 0.87745890497165846 -0.39925218003194457 0.049441132664798756 -0.26118794234516135 -1.538238200244489 -1.1869237279757014 -1.0164005060534635 1 f01106.jpg

1108 0.8762838843489269 -0.40067614107223226 0.049651841066329597 -0.26290659688289786 -1.5804024992166139 -1.1804277673323518 -1.0073754184210568 1 f01107.jpg

1109 0.87515140894537169 -0.4021580858379078 0.048725300895260323 -0.26458407070114304 -1.6172458822319953 -1.1773881541978479 -0.99952651730812658 1 f01108.jpg

1110 0.87386906244669738 -0.40350217903809604 0.047804216154181976 -0.26693371860430481 -1.6546899172806433 -1.1694096757545864 -0.99389754970674371 1 f01109.jpg

1111 0.87242992276165976 -0.40458495918088488 0.048385198488489024 -0.26988129472402178 -1.6978874414851086 -1.1516379226678113 -0.98576059428792639 1 f01110.jpg

1112 0.87058567290138755 -0.40649973563355518 0.049891143940245644 -0.27267090938532845 -1.741353237681921 -1.1339858010105677 -0.97038348994707413 1 f01111.jpg

1113 0.86835795807919769 -0.40954540913868309 0.051459516079701229 -0.27491622851115755 -1.7848581530400764 -1.1218701897572552 -0.94992471505213005 1 f01112.jpg

1114 0.86625768645667311 -0.41261861165534153 0.051959591254280166 -0.27684599120637321 -1.8200729236466253 -1.1157264257232347 -0.92880248103679697 1 f01113.jpg

1115 0.86495763897395839 -0.4147007898750904 0.051733399185687097 -0.27784022938780406 -1.8503690875134904 -1.1139316428601218 -0.9127631078726558 1 f01114.jpg

1116 0.86444289510604444 -0.41539912063832529 0.050978946658036539 -0.27853760728351051 -1.8754959487431386 -1.1118887370101247 -0.90432680619238159 1 f01115.jpg

1117 0.86430447901266982 -0.41511060041281533 0.050926980011222776 -0.27940543962222031 -1.9043410395624925 -1.1040944731467659 -0.90179240343917877 1 f01116.jpg

1118 0.86395751343592297 -0.4150988913008905 0.051611352183944859 -0.28036867468412774 -1.9379592644651786 -1.0924106278530232 -0.90005136513358064 1 f01117.jpg

1119 0.862899921601189 -0.41648300142943262 0.052017476487710448 -0.28149567840527007 -1.9729544048045622 -1.0827188669934649 -0.89603036284030468 1 f01118.jpg

1120 0.86113252731960366 -0.41944408828032625 0.051870150940093666 -0.28253657221728118 -2.0107110780397033 -1.077550172565527 -0.88758267074310737 1 f01119.jpg

1121 0.8592297160591218 -0.42319987383457963 0.0503311991672016 -0.28300694729590942 -2.042609839566865 -1.0814795458654287 -0.87587073878444854 1 f01120.jpg

1122 0.85789640951395296 -0.42595666199964294 0.047857751733504338 -0.28334485744443394 -2.0689900313485334 -1.0907324838673487 -0.87047052549457749 1 f01121.jpg

1123 0.85747950598473488 -0.42653327520744566 0.045326318190121201 -0.28415451225752092 -2.0957929130723687 -1.0958888718654549 -0.87864612508410544 1 f01122.jpg

1124 0.85758668185264797 -0.42541159058891148 0.043075199155668799 -0.28585763750384313 -2.1253512985351053 -1.0911670992668898 -0.89812823860308943 1 f01123.jpg

1125 0.85763226049032648 -0.4239681601393846 0.041240223766328764 -0.28812696662753012 -2.1583140941044641 -1.080249620911242 -0.92298686755775916 1 f01124.jpg

1126 0.85744505699058204 -0.42267406948672592 0.040729381044412843 -0.29064707592832728 -2.1955681633738728 -1.0613383366995222 -0.94207627394611193 1 f01125.jpg

1127 0.85691029655751205 -0.42194063255510694 0.041567014964383552 -0.29316041601768672 -2.2363705869147292 -1.0384019033652012 -0.9526678053722355 1 f01126.jpg

1128 0.85605035545912744 -0.42191946049638424 0.043584623214720584 -0.29540165604135249 -2.280771807140527 -1.0144030425538264 -0.954195798987726 1 f01127.jpg

1129 0.85496058009848686 -0.42259464104877842 0.045747265171209452 -0.29725975772692154 -2.3238213772456406 -0.99564113761231887 -0.95033535790434942 1 f01128.jpg

1130 0.85400283009277245 -0.42377947391208498 0.046902605256571021 -0.29814471201830611 -2.3602362471037015 -0.98860650046828158 -0.94725955505197057 1 f01129.jpg

1131 0.8536586889571921 -0.42475267199507782 0.045916119692924015 -0.29789884248394793 -2.3861419548704177 -0.99650875922294224 -0.95109398917769072 1 f01130.jpg

1132 0.85422229950794581 -0.42436779469519698 0.043445815990906078 -0.29720144501966528 -2.4025338336633353 -1.008740792481337 -0.96504289966928125 1 f01131.jpg

1133 0.85519003718738562 -0.42307139081104755 0.040844047900490454 -0.29663506590379052 -2.4162690583236293 -1.0181889759640257 -0.98372729303712125 1 f01132.jpg

1134 0.85619669907355156 -0.42125478480583511 0.039577309257318324 -0.2964882044292747 -2.4308211881989541 -1.0197530227350922 -0.99854376678558188 1 f01133.jpg

1135 0.85700454586546171 -0.41987917599021957 0.039753553846400995 -0.29608164565249606 -2.4489594772299754 -1.0198866597145397 -1.0047178395184098 1 f01134.jpg

1136 0.85762248289489196 -0.41899918829687227 0.041077687432716004 -0.29535737782378568 -2.4695070601350659 -1.0202609265949636 -1.001373506070329 1 f01135.jpg

1137 0.85816459501368791 -0.4185837040965486 0.042398252528326894 -0.29418293409433238 -2.4878867624339498 -1.0262843561337458 -0.99601061029931048 1 f01136.jpg

1138 0.85878125290396756 -0.4180667250995091 0.043080001132882351 -0.29301721199897551 -2.5038911763690845 -1.0371427245970575 -0.99322219552689639 1 f01137.jpg

1139 0.85965007022296658 -0.41709527700177873 0.04253544585674543 -0.29193153737516003 -2.5158147649289799 -1.0514881701304302 -0.99903306148385351 1 f01138.jpg

1140 0.86094190826790851 -0.41501632341561728 0.041387552274320318 -0.2912516993999128 -2.5242936164373915 -1.0618935757586747 -1.0097011229486306 1 f01139.jpg

1141 0.86246545873012492 -0.41255443485236204 0.040186794889604707 -0.29040866429496204 -2.5310875599948357 -1.070889211542861 -1.0254323877948952 1 f01140.jpg

1142 0.86387641891182421 -0.41033455674835567 0.039668360668084504 -0.28942962106204673 -2.5395670186148971 -1.0771068011484806 -1.0347225854158431 1 f01141.jpg

1143 0.86496694466820168 -0.40905265602213708 0.039266806247677172 -0.28803858623403022 -2.5475293077333965 -1.0884020312741995 -1.0371231969210399 1 f01142.jpg

1144 0.86590367331639906 -0.40812015770086923 0.039025639424756182 -0.28657593214168103 -2.5557683686153561 -1.1001431834530717 -1.0349148042425111 1 f01143.jpg

1145 0.86668292946541259 -0.40744561528937617 0.038457195655767114 -0.28525394731188247 -2.562893778302036 -1.1138812066210082 -1.0335706572315397 1 f01144.jpg

1146 0.86768693563911004 -0.40612867094866972 0.037701848426342568 -0.2841785617880353 -2.5690326589136201 -1.1266383327635476 -1.0331968731643326 1 f01145.jpg

1147 0.86910850559198993 -0.40394190147515663 0.037082512161137809 -0.28303044541552752 -2.5749765285004789 -1.1376901563216144 -1.0363760877485289 1 f01146.jpg

1148 0.8706124090017644 -0.40185171453672025 0.036207615833750727 -0.28149287978860288 -2.5798597642218835 -1.1507905148343633 -1.0397904817245387 1 f01147.jpg

1149 0.87210174618531011 -0.40005057788100928 0.034314595286030557 -0.27967943790696881 -2.5809074677508135 -1.1719944783137366 -1.046377939058875 1 f01148.jpg

1150 0.8738957504557624 -0.39783758672457553 0.031218088812870502 -0.27759125140284624 -2.5769566989327672 -1.1972839578626857 -1.0586223126975784 1 f01149.jpg

1151 0.87624142679436012 -0.39450213964547742 0.026961899311805097 -0.27539440765931589 -2.5673285892267415 -1.2239798406071538 -1.0789034655013172 1 f01150.jpg

1152 0.87936480444708065 -0.38952667692057669 0.022760839912239091 -0.27288908522227168 -2.5546368275243769 -1.2496079018370478 -1.1051046374041449 1 f01151.jpg

1153 0.88355743130693865 -0.38259075021071864 0.018398436162973372 -0.26946628913880971 -2.5313115887446735 -1.2738345524750518 -1.1436186482207182 1 f01152.jpg

1154 0.88874103410550398 -0.37421288778861922 0.013988771344371636 -0.2644019727351799 -2.5044394983166476 -1.3062327264393381 -1.1836888173453195 1 f01153.jpg

1155 0.89453221882159073 -0.36478089719193291 0.0090008195363958463 -0.25819758283462146 -2.4702407257706551 -1.3561329298554932 -1.2309349186819831 1 f01154.jpg

1156 0.90066606095999346 -0.35463561266536336 0.0038356877026523369 -0.25103688247769096 -2.4346136866185306 -1.4047396230833422 -1.2874096466577507 1 f01155.jpg

1157 0.90631487156779511 -0.34543214208579492 -0.0026614712130423207 -0.24343973660857063 -2.3906475901408908 -1.4615197057047746 -1.3466559460640581 1 f01156.jpg

1158 0.91109810577528394 -0.33827068419288575 -0.0089026228791169049 -0.2353591493319056 -2.3491344858647047 -1.5235410873167756 -1.3875768051383204 1 f01157.jpg

1159 0.9152321271580981 -0.33288169803869294 -0.014964092544430546 -0.22653036101781915 -2.3090401100273623 -1.5948849727950183 -1.4188465934254104 1 f01158.jpg

1160 0.91825219858333818 -0.32847846190003654 -0.020419355552534265 -0.22022227358618635 -2.2744362561374887 -1.652705443613083 -1.4471095046592994 1 f01159.jpg

1161 0.92076654157130067 -0.32434206052239406 -0.024509397008802107 -0.215384523950028 -2.2529259976268161 -1.6899058904648188 -1.4761694832459729 1 f01160.jpg

1162 0.92179905927098027 -0.3227785091892989 -0.028773244385240211 -0.21277365612362503 -2.239730515995654 -1.7329104129921069 -1.4846308022643986 1 f01161.jpg

1163 0.92291417027127254 -0.31961817404465398 -0.033398665767797077 -0.21203345551535027 -2.2260396494743295 -1.7621938731521911 -1.5053759473519119 1 f01162.jpg

1164 0.9245502923576554 -0.31450270682683001 -0.036883130453083689 -0.21197744924390574 -2.2185727685218155 -1.7747331596253124 -1.5365404474510405 1 f01163.jpg

1165 0.92640304162075759 -0.30895907273491996 -0.03893790759539912 -0.21167318016858042 -2.2164809421418958 -1.7801778120306753 -1.5623730454851323 1 f01164.jpg

1166 0.92817800718687671 -0.30395031830822811 -0.038526983663645264 -0.21122372618790872 -2.2254615029504814 -1.7765743732536874 -1.5805203579461615 1 f01165.jpg

1167 0.92950778321061622 -0.30076837167178488 -0.035314082343716885 -0.21049128994096322 -2.2449693498811487 -1.7704613030983398 -1.5766241544594612 1 f01166.jpg

1168 0.92965496426405536 -0.30091206438709145 -0.030441025839164266 -0.21039705528204397 -2.2750287986171025 -1.7701957292843191 -1.5523732634177001 1 f01167.jpg

1169 0.92853575356580564 -0.30329769037686072 -0.026240863544542508 -0.2124694859091098 -2.3095890200524392 -1.7671886792566198 -1.5161099572215084 1 f01168.jpg

1170 0.92719808250910907 -0.304939841770272 -0.024197328612822706 -0.2161709924586476 -2.3391835768398508 -1.7613964031707878 -1.4882621918252663 1 f01169.jpg

1171 0.92681462841316464 -0.30335223899321978 -0.022155712717131484 -0.22022985277015861 -2.3644428866336695 -1.7401557391477624 -1.4750252794325569 1 f01170.jpg

1172 0.92723202489470935 -0.30014658387569487 -0.017708201906867092 -0.22324699277399532 -2.3930896469080611 -1.7123494369693544 -1.4623672704265529 1 f01171.jpg

1173 0.92816758292228063 -0.29622798555271457 -0.011252840144102329 -0.22500509366741753 -2.4197073486932368 -1.6870108208242263 -1.4428823795277412 1 f01172.jpg

1174 0.92926358275536014 -0.29288003324916445 -0.0049263604522507337 -0.22509156106201036 -2.4408068990906409 -1.6801255092198757 -1.4260272552074178 1 f01173.jpg

1175 0.93011616190269686 -0.29023854163170643 0.00015054872376521762 -0.22504553240173036 -2.456645304218279 -1.675824788718294 -1.4107628069370157 1 f01174.jpg

1176 0.93015040181499109 -0.2897097666672262 0.0048746590024608292 -0.22553207931610059 -2.4732257386576562 -1.6735684416661138 -1.3927743705496274 1 f01175.jpg

1177 0.92956488543004689 -0.29133305244833591 0.0091525520060024394 -0.22572196862143135 -2.4860729580722807 -1.6807179450029937 -1.3553855029963511 1 f01176.jpg

1178 0.92902770409291957 -0.29322157702025514 0.012267664744130793 -0.22534004570718624 -2.490010589921992 -1.6996460781879146 -1.3170894521293364 1 f01177.jpg

1179 0.92911729497207196 -0.29298681508248198 0.015280654722577006 -0.22509171455842936 -2.4890380511125225 -1.7151118886506889 -1.2860573018783239 1 f01178.jpg

1180 0.92986018788016489 -0.29036368173608429 0.019558659105269504 -0.22509203046339887 -2.4898125394940984 -1.7188077289360433 -1.267761587816965 1 f01179.jpg

1181 0.9300953253782529 -0.28901043099586188 0.025284566501695274 -0.22529169354845169 -2.5013211403491598 -1.7238789953599107 -1.2470869329421841 1 f01180.jpg

1182 0.92936664491806775 -0.2899373013137726 0.03063786623335998 -0.22644054798840124 -2.5164886579551142 -1.7356501274519265 -1.2138546000094119 1 f01181.jpg

1183 0.92833745987030958 -0.29147958791354101 0.034655310645687012 -0.2280969527971452 -2.5277746233678342 -1.7509440933750118 -1.1807133965776877 1 f01182.jpg

1184 0.92768291071624509 -0.29265442618239557 0.036622580395543565 -0.22894669817680569 -2.5264111994953886 -1.7778041557127455 -1.1575833305691807 1 f01183.jpg

1185 0.92758940899225328 -0.29346631497346176 0.036699326151867842 -0.22827301584133222 -2.514007543030873 -1.8174759838094023 -1.1457893092279774 1 f01184.jpg

1186 0.92788605645292255 -0.2933117710578047 0.035422907007239962 -0.22746623674368802 -2.4936635283355915 -1.8607324423791396 -1.1432999085605344 1 f01185.jpg

1187 0.92917804127845016 -0.28869260247619311 0.034995663749583801 -0.22816672062373736 -2.4770712804540329 -1.8787026638222788 -1.1588695494444821 1 f01186.jpg

1188 0.9309528466271304 -0.28092504954824699 0.037622622685147961 -0.23020089520992526 -2.47909156939276 -1.8735057859715258 -1.1927384854095524 1 f01187.jpg

1189 0.93168870639166768 -0.27628429364082047 0.041980433153467986 -0.23207926814315075 -2.4919696865362355 -1.8737225179779895 -1.216773943226189 1 f01188.jpg

1190 0.93086439090375195 -0.27783762374184534 0.045483604783561143 -0.23287117098680221 -2.5020775207723474 -1.8965471955469992 -1.2119239085734901 1 f01189.jpg

1191 0.92863671629658162 -0.28506265630352884 0.045014247901080863 -0.23312410560252697 -2.4952406576690476 -1.9508671000521967 -1.1797888769334086 1 f01190.jpg

1192 0.92625619263315884 -0.29304352675931034 0.041826856956235593 -0.23329267256035577 -2.4820741610884918 -2.0085517880638579 -1.1509527517750697 1 f01191.jpg

1193 0.92453288225488928 -0.298108690566664 0.037532461381447814 -0.23443863286742003 -2.4622337700248722 -2.0534713274189027 -1.1360922818776593 1 f01192.jpg

1194 0.92398417105330799 -0.29894675115906827 0.034551057929495983 -0.23598795734172839 -2.4384667842602012 -2.0824451157084556 -1.133198962483118 1 f01193.jpg

1195 0.92437515606018927 -0.2978216553470609 0.034662787163354046 -0.23586293403395547 -2.420873047252337 -2.1053964994793577 -1.1404324743198764 1 f01194.jpg

1196 0.92483414279428944 -0.29772615041796963 0.036052826348901799 -0.23396824868238536 -2.397481260557456 -2.1373012059435728 -1.1446729534580613 1 f01195.jpg

1197 0.92446393333361809 -0.30065345379551361 0.037481661991575953 -0.23144991186110278 -2.3757865640626519 -2.1786648842009684 -1.1358028125377826 1 f01196.jpg

1198 0.92318880815192828 -0.30524294554182213 0.038267473111207033 -0.2304013220484171 -2.3549940489985377 -2.2157800150861351 -1.1135309042105523 1 f01197.jpg

1199 0.92154521163960335 -0.30953434100513566 0.039892465824818507 -0.23097944889762009 -2.3423723406612065 -2.2371723947600821 -1.0878545737972716 1 f01198.jpg

1200 0.92002884026059528 -0.3130167613173811 0.042557669724533224 -0.23185401650767029 -2.3317069757166049 -2.2516086010812417 -1.0624648942298118 1 f01199.jpg

1201 0.91935722096676786 -0.31479306449490685 0.04508722854333766 -0.2316349900693995 -2.3084796846338542 -2.2701093559699168 -1.045480300664684 1 f01200.jpg

1202 0.91976494290830579 -0.31438742340423481 0.047666010496380237 -0.23004553733008137 -2.2757429810093841 -2.2911273650478852 -1.0437797539036335 1 f01201.jpg

1203 0.92072628166176318 -0.31312446474124384 0.049835819261261446 -0.22744796098530451 -2.2326960475957125 -2.309889807812366 -1.056739872783016 1 f01202.jpg

1204 0.92139661914002335 -0.31309069110666776 0.05134154493114744 -0.22442489867162377 -2.1861681271575497 -2.3295118075402144 -1.0697244506497661 1 f01203.jpg

1205 0.9215085736934685 -0.31436977799551941 0.052570093174359109 -0.22187829230485409 -2.1410952820353351 -2.3387547479216724 -1.0760031040572577 1 f01204.jpg

1206 0.92076219896271472 -0.31767289931162224 0.053387773641695335 -0.22006964268130502 -2.0933415016695851 -2.3503826317213772 -1.0603584171532112 1 f01205.jpg

1207 0.91943699066299922 -0.32184074479181879 0.054795301286477568 -0.21920682049000931 -2.0506770005044661 -2.3489387123786378 -1.0386272516025332 1 f01206.jpg

1208 0.91752318040627845 -0.32690979739879988 0.056279077537222895 -0.21934872512367412 -2.0069173577055142 -2.3449305022698259 -1.0057066345802923 1 f01207.jpg

1209 0.91578385610592827 -0.33122547931653279 0.058354662117722764 -0.21960041929927052 -1.9608481449916146 -2.3357893044744888 -0.97393899108056203 1 f01208.jpg

1210 0.91451991252111864 -0.33472754866343724 0.061815152152976303 -0.2186085193500811 -1.9159043290080695 -2.3294226309620822 -0.9389850621914031 1 f01209.jpg

1211 0.91411718841172418 -0.33711998809358817 0.064585387510528169 -0.21579760702597836 -1.8525092960029794 -2.3295418328074584 -0.91560306157071802 1 f01210.jpg

1212 0.91418188613535178 -0.33903588369149823 0.065653948381319036 -0.21216905451426507 -1.7737808590049013 -2.3353838922116075 -0.90636475503044123 1 f01211.jpg

1213 0.91386408007726505 -0.34152498570181478 0.066111874249403541 -0.20938564270059504 -1.7011952571099349 -2.3357356170930101 -0.90016214082744705 1 f01212.jpg

1214 0.91293396655850523 -0.34417497655716089 0.067547883668139325 -0.20864429450043914 -1.6441193168429258 -2.3191618249157311 -0.88327887781037429 1 f01213.jpg

1215 0.91175077028437168 -0.34643931149294449 0.070124319236036736 -0.20921977963336244 -1.5897074470850001 -2.2931453586154995 -0.86051757181279875 1 f01214.jpg

1216 0.91045919436871836 -0.3483269026760733 0.075250005508459381 -0.2099282280507658 -1.5464321415272706 -2.2636171127031091 -0.83705135498027239 1 f01215.jpg

1217 0.90950768573849716 -0.34942761615787232 0.081660930597251505 -0.20982755553744245 -1.502671006648967 -2.2313960861483242 -0.81725112073294848 1 f01216.jpg

1218 0.90842808907542461 -0.3512195761336378 0.088699481516218703 -0.20865190700790409 -1.4616380569175835 -2.2083802319786647 -0.79165842588451696 1 f01217.jpg

1219 0.90720682506525652 -0.35400189771750024 0.093104413120543961 -0.20734030294399022 -1.4101505522597697 -2.1932109366839234 -0.77583791942092362 1 f01218.jpg

1220 0.90563526973697306 -0.35803749497946952 0.093745006136668738 -0.20699223227383357 -1.3505288269734714 -2.1887896405706417 -0.76158964896752379 1 f01219.jpg

1221 0.90428463398572556 -0.36135220239339577 0.091672690616091373 -0.20806250108549304 -1.2834976590918892 -2.1772668556032126 -0.75231002222428078 1 f01220.jpg

1222 0.90289586482205564 -0.36417498400087461 0.090502340928920399 -0.20967824064881024 -1.2286071465648689 -2.1593836625700411 -0.74211092805617429 1 f01221.jpg

1223 0.90173960568775446 -0.36674477032997571 0.089395617276130657 -0.21064752688205635 -1.1661099303484677 -2.1436923546338433 -0.72636435250446407 1 f01222.jpg

1224 0.90078264777714168 -0.3690101603336578 0.088361068401444809 -0.2112213166919531 -1.1024038519958794 -2.1300106331030526 -0.71691012013409405 1 f01223.jpg

1225 0.90020981362809027 -0.37029234188938948 0.087117663499224493 -0.21193486190852831 -1.0376860142386679 -2.1157935026541228 -0.70728972302321824 1 f01224.jpg

1226 0.89973771170016381 -0.37059990995710923 0.086988050811530326 -0.21344984399231692 -0.98463912071663962 -2.0939594172144269 -0.70612287727071366 1 f01225.jpg

1227 0.89920290349871035 -0.37071996260007867 0.087748858280814537 -0.21517663799701589 -0.93783695707257775 -2.0680078268426265 -0.70578279579525871 1 f01226.jpg

1228 0.89827239684267812 -0.37197104179631485 0.088586008419349313 -0.21655660749051253 -0.89163165599423433 -2.0452453527835606 -0.70094101736297976 1 f01227.jpg

1229 0.89699960800067957 -0.37450689147462146 0.088656608719846888 -0.21743113211989629 -0.84387421743632074 -2.0291604920900839 -0.68875565933853966 1 f01228.jpg

1230 0.89550394536518685 -0.37698294507119162 0.088576942514776366 -0.21934144208418019 -0.79722334203830525 -2.0095312941573003 -0.67069899412013312 1 f01229.jpg

1231 0.89447620050823318 -0.37794004902657174 0.088770352315836437 -0.22179601127132914 -0.75223811615154046 -1.9860400052046157 -0.66000307158027016 1 f01230.jpg

1232 0.89393320329050396 -0.37772625233269064 0.089856169626789634 -0.22390215526760762 -0.70921137231164655 -1.9573806414898767 -0.65436073186756005 1 f01231.jpg

1233 0.89339321601236632 -0.37841395950006779 0.090534645632988561 -0.22462171484224688 -0.66887606037599712 -1.9388487012016262 -0.64882650038448353 1 f01232.jpg

1234 0.89297708766590156 -0.3794425399721677 0.089110847131480306 -0.22511005461041839 -0.62094113797279615 -1.9242741798492964 -0.64200523438577417 1 f01233.jpg

1235 0.89271031768867126 -0.37992560867464187 0.085972898504362086 -0.22656893275150003 -0.56959678598131547 -1.9089521839459349 -0.63663717239130202 1 f01234.jpg

1236 0.89288830333062696 -0.37862920435016878 0.08307709675777078 -0.22910390521074198 -0.51881655675550942 -1.8855084363174557 -0.63587387418547658 1 f01235.jpg

1237 0.8935160789749288 -0.37622365411926101 0.081926250902312175 -0.23102568711619345 -0.47604152897639895 -1.8589634463300504 -0.64467432233653466 1 f01236.jpg

1238 0.89395635706680665 -0.37474143669060617 0.082417534724159872 -0.23155612118209426 -0.44164365148105678 -1.8330147533436902 -0.65080194860919705 1 f01237.jpg

1239 0.8936160913112704 -0.37551639609943138 0.083007434934682392 -0.23140329158338585 -0.40820351888111872 -1.8105419827050513 -0.64546673824081324 1 f01238.jpg

1240 0.89263082500308255 -0.37810614415289318 0.082634206373531818 -0.23112235275966692 -0.37108813843506289 -1.7926319629155163 -0.63133770148597423 1 f01239.jpg

1241 0.89161023516539706 -0.38093130949767812 0.08066111426800418 -0.23111968898761853 -0.32478195606522181 -1.779506969047796 -0.60971373630510883 1 f01240.jpg

1242 0.89100593684633556 -0.38270267658992968 0.078505194139586787 -0.2312661158245912 -0.28094585244908893 -1.7643514811753112 -0.59057954705959392 1 f01241.jpg

1243 0.89082650763784332 -0.3831729958817921 0.07683494293855439 -0.23173903439076793 -0.24179577267768679 -1.7417994003550057 -0.57903933748130787 1 f01242.jpg

1244 0.89032352191276554 -0.38399727654371674 0.076275434925272695 -0.23249123846463648 -0.21078911722143667 -1.7186159444251077 -0.56828634345506746 1 f01243.jpg

1245 0.88913209635953527 -0.3861320072329279 0.076855686577130974 -0.23332250567470922 -0.18390139594032251 -1.6937857077718008 -0.55107149314591664 1 f01244.jpg

1246 0.88758229771387809 -0.38940101363228086 0.078050377775778196 -0.233393774330343 -0.15453459242979367 -1.6727908322520735 -0.52534890889135499 1 f01245.jpg

1247 0.88643933647442463 -0.39233661374826234 0.079104257125609714 -0.23246462261586101 -0.12319734240654975 -1.65321570512974 -0.50132499559274735 1 f01246.jpg

1248 0.88582712715426293 -0.39447366730156941 0.079097568893138084 -0.23118045159241249 -0.084516048993004037 -1.6372397021854004 -0.47995671721660715 1 f01247.jpg

1249 0.88564695668513738 -0.39545178060245795 0.078982644461338139 -0.2302370500301695 -0.048291477520730597 -1.6159805843424611 -0.4629640508240751 1 f01248.jpg

1250 0.88537377031665609 -0.39622185156011752 0.079597466828394817 -0.22975154940944845 -0.021139023580245005 -1.5925558361103811 -0.44872176514668333 1 f01249.jpg

1251 0.88491243580184353 -0.39717959714017842 0.080964047920020502 -0.22939740958262389 0.0017010405159282548 -1.5646331780476794 -0.43437065226964922 1 f01250.jpg

1252 0.88375320271536417 -0.39945141481139829 0.082894364832084483 -0.22923212727407169 0.017709383872299238 -1.5400461265318643 -0.41768110546892639 1 f01251.jpg

1253 0.88208648014051394 -0.40258225779489559 0.084624774454603674 -0.22954218525271275 0.034084278070444167 -1.5147936815287424 -0.39535805746361735 1 f01252.jpg

1254 0.88044176845057598 -0.40551148704378831 0.085832439139140543 -0.23025099051813661 0.057112537550087834 -1.4910496527532833 -0.3685276215924293 1 f01253.jpg

1255 0.87976875831425017 -0.40650357589987191 0.086957732364667958 -0.23065152819093679 0.088207840737454773 -1.4626505235004827 -0.3448274282368044 1 f01254.jpg

1256 0.87949850494998794 -0.40683480309839759 0.088592298189558882 -0.23047608873833164 0.11109189463851382 -1.4365236606815062 -0.33101762971098009 1 f01255.jpg

1257 0.87904588616571944 -0.40749447153351498 0.090412972520309429 -0.2303303716073688 0.12712172908517325 -1.4082031892520186 -0.32056985070539645 1 f01256.jpg

1258 0.8779481939705267 -0.40940425083531223 0.091728087292121452 -0.23061024717821349 0.14403592029465559 -1.3843386974887186 -0.30484099251613633 1 f01257.jpg

1259 0.87643531330989044 -0.41194852487492412 0.092973079964604646 -0.23133430536490829 0.16076287291884048 -1.3581516760028278 -0.28439573798504281 1 f01258.jpg

1260 0.87491270097868412 -0.41444336841009988 0.094017516171356105 -0.2322179293251129 0.18493567507253439 -1.3317253309703867 -0.2601688802378247 1 f01259.jpg

1261 0.8738943290502601 -0.41589297425101007 0.095489970149996842 -0.23285918754302631 0.21652914341022675 -1.3062817604776007 -0.23693221853811025 1 f01260.jpg

1262 0.87326054743310721 -0.41650659987195626 0.098581747627388069 -0.23285168583169644 0.24331929193499682 -1.2839725779805067 -0.22112716277461222 1 f01261.jpg

1263 0.87273236273927712 -0.4169293801279238 0.1030365082192862 -0.23214562883595904 0.26341776828908614 -1.2591255427113848 -0.21100645682870742 1 f01262.jpg

1264 0.87192526555674132 -0.41883990584191078 0.10642632756132164 -0.23020187088717828 0.28308830773819915 -1.24316769978038 -0.20040081942379845 1 f01263.jpg

1265 0.8711074114536882 -0.42118546669192919 0.10729258768367175 -0.22861098177055675 0.31470214214922393 -1.2275322690233756 -0.1814836864790661 1 f01264.jpg

1266 0.87063459075833127 -0.4227309631463394 0.10647131915400092 -0.22794253743004556 0.35496922847493867 -1.2142151304956352 -0.16051696704516968 1 f01265.jpg

1267 0.8708012168686835 -0.4222813274978921 0.10598663514931499 -0.22836495859996697 0.40012906914493085 -1.1947595538165068 -0.14481400881885959 1 f01266.jpg

1268 0.8709552166976503 -0.42131244526225636 0.10801549336763717 -0.22861646302668268 0.43307531022652446 -1.1783367331068872 -0.13521812148259066 1 f01267.jpg

1269 0.87104090553240687 -0.4202571516884116 0.11218507582909613 -0.22822396041005016 0.46256965277702078 -1.1609040574715435 -0.12795964370257221 1 f01268.jpg

1270 0.87071634314868518 -0.42030428742813608 0.11746143168672535 -0.22671605106258613 0.48467465563073708 -1.1502994436138811 -0.12276692074486238 1 f01269.jpg

1271 0.87053564634514091 -0.42047470272490972 0.12134412074498761 -0.22504292295353945 0.5172456437548546 -1.1422550227791513 -0.11528578078760819 1 f01270.jpg

1272 0.870808312700178 -0.41973152927041346 0.12388781872900986 -0.22398690640114871 0.55694269047424827 -1.1370506110493375 -0.10592747312132385 1 f01271.jpg

1273 0.87160825144544263 -0.4175436628725735 0.12627367189019595 -0.22363207595186116 0.59388097143242047 -1.1309313842484945 -0.10138731221963239 1 f01272.jpg

1274 0.87249867164561601 -0.41500780642836682 0.12923634460618283 -0.22318726624290927 0.62515174958053454 -1.1245626234744928 -0.10046279620729841 1 f01273.jpg

1275 0.87300824193278914 -0.41302930171818419 0.1329503106814223 -0.22268277959762442 0.65351137949418758 -1.1218429656453903 -0.099514338506331457 1 f01274.jpg

1276 0.87322883353743197 -0.41144660501054009 0.1369829096459679 -0.2223033467338737 0.68280293846129547 -1.1217547598713553 -0.098113296306956158 1 f01275.jpg

1277 0.87334439630688754 -0.40997796012734611 0.14099185982458098 -0.22205614855794137 0.71069436912211192 -1.1216293790126837 -0.095836795091894619 1 f01276.jpg

1278 0.8735921604256196 -0.40843714892366018 0.14435710373938254 -0.22175856065096528 0.74082555821820051 -1.1216075642971104 -0.090779252172334679 1 f01277.jpg

1279 0.87417966594347296 -0.40663563819310966 0.14687761372697666 -0.22109802348304497 0.77367459441537945 -1.1239876377080951 -0.086278451515524601 1 f01278.jpg

1280 0.87492549549998366 -0.40484378565002305 0.14896950322322122 -0.22003402840036579 0.80557686519454474 -1.1294787196638265 -0.084404187198277608 1 f01279.jpg

1281 0.87546038182362873 -0.40347584561903704 0.15107654134344828 -0.2189800002624229 0.83100260010350668 -1.1350403414762467 -0.082915154742148667 1 f01280.jpg

1282 0.87614211623705518 -0.40176536522164874 0.15216386775510984 -0.21864523963209501 0.86910393184084378 -1.1409938162938393 -0.076696775668215117 1 f01281.jpg

1283 0.87699308186431801 -0.39969216881801872 0.15344748214525172 -0.21813567972928538 0.9009012644711758 -1.1489502975848864 -0.069665585933622751 1 f01282.jpg

1284 0.87792294769429424 -0.3978215058998642 0.15481275802293731 -0.21684639104365305 0.93109976022463425 -1.1576763042048821 -0.067482997653251595 1 f01283.jpg

1285 0.87840526824611054 -0.39708035837709837 0.15651060536994779 -0.21502512438160482 0.95557759382435581 -1.1669160020620797 -0.063832945286899742 1 f01284.jpg

1286 0.87853916504132668 -0.39684325811225013 0.1579751887928503 -0.21384153877393727 0.99015641233301999 -1.1794807649925818 -0.053252527496520069 1 f01285.jpg

1287 0.87876168433750201 -0.39589191434389454 0.15982924888459585 -0.21331222538435896 1.0333824246692767 -1.1953922307046163 -0.040761537522109488 1 f01286.jpg

1288 0.87962214859722854 -0.39334533031787317 0.16271652547647214 -0.21229144860587884 1.0695117853745362 -1.2085136734645021 -0.037491819237376753 1 f01287.jpg

1289 0.8806985504696232 -0.39089306726512613 0.16570792955025515 -0.21003227192251731 1.090286019107559 -1.223558670769624 -0.039867376294159595 1 f01288.jpg

1290 0.88172726879795527 -0.38902261647454633 0.16744117738465522 -0.20780250105673798 1.1110666929316406 -1.2304572715414845 -0.039107011606875804 1 f01289.jpg

1291 0.88218089590717219 -0.38808724320033355 0.16821940496190735 -0.20699611193412515 1.1359643023854582 -1.2377702339033538 -0.031186365091584185 1 f01290.jpg

1292 0.88203658968465692 -0.38792461154686042 0.16921293093846035 -0.20710609410853537 1.1618809030103368 -1.255276249388338 -0.016954831702390979 1 f01291.jpg

1293 0.88188386951761588 -0.38738843579174792 0.17099606178267915 -0.20729541083746247 1.1914722108418632 -1.2783680938210338 -0.0051285076867894335 1 f01292.jpg

1294 0.88221415462299757 -0.38602064106918937 0.17327085495624184 -0.20655135166368446 1.2268477006772862 -1.3013657029412746 0.0015061031979191689 1 f01293.jpg

1295 0.88303103217607171 -0.38394887503448588 0.17604193417700906 -0.20456953581858206 1.2528997598902543 -1.3184085617332715 0.0047734066663026962 1 f01294.jpg

1296 0.88433179123608685 -0.3813130946449162 0.17780271030463318 -0.2023457513016223 1.2844927220325399 -1.3339138789299294 0.0054482318201187858 1 f01295.jpg

1297 0.88599594812104099 -0.37813737965177607 0.17885848228587059 -0.20008234639162836 1.3150255749968622 -1.3498568046185784 0.0098768926905905309 1 f01296.jpg

1298 0.88788853512670296 -0.37445396186972846 0.1797411075602712 -0.19781636404410349 1.3450386420947682 -1.364968932402987 0.0092738561283962195 1 f01297.jpg

1299 0.88932142743242537 -0.37148334900764113 0.18105917951487363 -0.19576795864753008 1.3669074827313741 -1.3806005269323178 0.012046565403854908 1 f01298.jpg

1300 0.88999049005358 -0.36977778038711179 0.18266166305557524 -0.19446346082476462 1.3876669276759002 -1.3982638151350388 0.016661506185868435 1 f01299.jpg

1301 0.89012516040305023 -0.36852608095261208 0.18502389994880158 -0.19398938868631047 1.4057504063287869 -1.4172859681648831 0.027809465421051966 1 f01300.jpg

1302 0.89023414311846971 -0.36707905521451034 0.18762493459614119 -0.19373440986758025 1.4327307262775932 -1.4410279316541761 0.033453272121462686 1 f01301.jpg

1303 0.89055816472488003 -0.3652612422317309 0.19103981781063392 -0.19233868091485259 1.4520809454154784 -1.4644002091040309 0.035784879146118977 1 f01302.jpg

1304 0.89140514729860088 -0.36305093441374348 0.19382688009505047 -0.18979468628885698 1.4735354774086025 -1.4866906244929257 0.035053154730730909 1 f01303.jpg

1305 0.89281945514540606 -0.36026371160249321 0.19558024436706681 -0.18663291946913829 1.4947718212115157 -1.5027871006840778 0.033143462606303534 1 f01304.jpg

1306 0.89447022676658061 -0.35722605923879708 0.19607221157064361 -0.18403326840182435 1.5269967364365151 -1.5168049486156578 0.031620442987047241 1 f01305.jpg

1307 0.89573144727397913 -0.35479312710268346 0.19661734578299322 -0.18201272115545647 1.5581647333131281 -1.5346607472841844 0.02991731731540772 1 f01306.jpg

1308 0.89627315284744125 -0.3533804516800198 0.19819051160189483 -0.18038074444438262 1.5839425851625559 -1.5603647587912515 0.032769907886148371 1 f01307.jpg

1309 0.89653217475449387 -0.35220646896365887 0.2006174412021425 -0.17869892315186126 1.6099192767560853 -1.5870333879533602 0.032567513923441704 1 f01308.jpg

1310 0.89712153502376679 -0.35013663010440454 0.20393632427809014 -0.17603200645244785 1.6353216669022801 -1.6105257160894895 0.027141860527026326 1 f01309.jpg

1311 0.89795507616990056 -0.34786844420089041 0.20740324701634913 -0.17218629398716764 1.6609512623637286 -1.6323370688180852 0.017703740335670341 1 f01310.jpg

1312 0.89895598672250498 -0.34557268301623351 0.21034465026669547 -0.16796661213738456 1.6876582603816717 -1.6447277257699013 0.0077565229801079306 1 f01311.jpg

1313 0.89968737002290822 -0.34408160058944443 0.21257123376015424 -0.16426794859239302 1.7125341778241894 -1.6607000038240014 0.0031862464490796756 1 f01312.jpg

1314 0.90035246016446913 -0.3424478655979783 0.21420019216035471 -0.16190486250154873 1.7416928850666116 -1.6729795425659395 -0.00093111197993668376 1 f01313.jpg

1315 0.90046878360567673 -0.34167745201016542 0.21634306665372754 -0.16002551687282845 1.7598469372456296 -1.6913228193626757 0.001338508117392734 1 f01314.jpg

1316 0.90038058703794555 -0.34109801433218612 0.21873663052143097 -0.15849678095146827 1.7734647167268771 -1.7118950201973366 0.0014154687825481606 1 f01315.jpg

1317 0.90023842498738937 -0.34056706729524922 0.2210124878863482 -0.15728423649058365 1.7894242119319026 -1.730458763530514 0.0039982048507079711 1 f01316.jpg

1318 0.89998769189888228 -0.34007594887588827 0.22347605248302183 -0.15629765639091592 1.8041180242374413 -1.7508915377051497 0.004119877126270613 1 f01317.jpg

1319 0.89972458573864034 -0.3391505269495671 0.22653088587210499 -0.15542312451261336 1.8103111671453576 -1.7715059483315898 0.0029442403068074899 1 f01318.jpg

1320 0.89970689073329602 -0.3377652857432602 0.22926875767549926 -0.15452494707241518 1.8124286414542465 -1.7921640335009947 0.00047474472224202756 1 f01319.jpg

1321 0.89996186959012714 -0.33614714849123428 0.23107970994776914 -0.15386973547618388 1.8104311012463339 -1.8133336559018409 -0.00077208047753565931 1 f01320.jpg

1322 0.90059782049490544 -0.33404020276625679 0.23171338436795438 -0.15378431701722201 1.8094417736748125 -1.8322511917749589 -0.0036328803070595009 1 f01321.jpg

1323 0.90133847288599089 -0.33185229172085318 0.23189194904732024 -0.1539127601669214 1.8105292468631113 -1.8538873285884796 -0.0051666804114605391 1 f01322.jpg

1324 0.90209006510123169 -0.32957175594046079 0.23235636705578344 -0.15370911105271479 1.813696911961554 -1.8739347162780811 -0.011761803733501134 1 f01323.jpg

1325 0.90263093853985132 -0.32773581355583015 0.23325848528365747 -0.15309181672036037 1.8139203996059994 -1.8942102686500688 -0.0077954808708043041 1 f01324.jpg

1326 0.90303712735153097 -0.32619205231143361 0.23402451710366459 -0.15282413758286278 1.8122478515451603 -1.912867178639581 -0.013350724233929759 1 f01325.jpg

1327 0.90315806345947103 -0.32537262827353136 0.23473207150488556 -0.15277113531534037 1.8053048821361239 -1.932992809301104 -0.015712465911831529 1 f01326.jpg

1328 0.90328966711132319 -0.32489139715413412 0.23509811517697779 -0.15245403761586934 1.7990450765027493 -1.9536239852874471 -0.017127369771127145 1 f01327.jpg

1329 0.90370142335327819 -0.32434034990821381 0.23501253828663629 -0.15131484295584327 1.7946345039999902 -1.9709342563955172 -0.026008645488856959 1 f01328.jpg

1330 0.90433362582368004 -0.32368932348361196 0.23445444435040219 -0.14978994823305672 1.7895854052669173 -1.9901992542506965 -0.031010047282964495 1 f01329.jpg

1331 0.90518452365265401 -0.32245112088875838 0.23363769569321141 -0.14859232795964614 1.7868832281058136 -2.0128635874789556 -0.043659961528051072 1 f01330.jpg

1332 0.90608213631082057 -0.32027177842937826 0.23356184333008023 -0.14795274766072428 1.7835371817753818 -2.0400587509195773 -0.058245872565430505 1 f01331.jpg

1333 0.90654675361386383 -0.31786862037583863 0.23528122473401664 -0.14756445703551796 1.7681767715051793 -2.0686002212994659 -0.087269257976716696 1 f01332.jpg

1334 0.90689517895904737 -0.3157223547826789 0.23701039670330271 -0.14726371218280751 1.751301848902181 -2.0883604038886285 -0.11178173760461381 1 f01333.jpg

1335 0.90687655865228478 -0.31502275522880929 0.23812918645391046 -0.14707162069494731 1.7234547706892784 -2.1027619258264534 -0.13484900832666627 1 f01334.jpg

1336 0.90659354333672371 -0.31622401377020437 0.23755000105494867 -0.14717512457619092 1.6906098203074724 -2.1274074086643808 -0.13545133632957035 1 f01335.jpg

1337 0.9067663182397131 -0.31690180039683119 0.2356598885548534 -0.14769058852058511 1.6551833408524763 -2.1518456505533297 -0.14981784130860518 1 f01336.jpg

1338 0.90742171644663827 -0.31699538243744529 0.23271313366246554 -0.14813626650948603 1.6299010513075343 -2.182722719344222 -0.15166914567677192 1 f01337.jpg

1339 0.90829745654117966 -0.31649234843762658 0.22979027055794457 -0.14840739664237507 1.6073017576936288 -2.216379644723725 -0.15867388751147307 1 f01338.jpg

1340 0.90920409163955973 -0.31589403411586947 0.22747697866229211 -0.14769259674933349 1.5844294117195075 -2.245556948366167 -0.17260151378996882 1 f01339.jpg

1341 0.90994971469096964 -0.31595419754906873 0.22520749221694372 -0.14644469001744317 1.5578967123176901 -2.2787012363001127 -0.16384553881804767 1 f01340.jpg

1342 0.91106989340088118 -0.31551941376558995 0.22211051702819179 -0.14514154161022272 1.5342364287452732 -2.3106928566442031 -0.17650258426256438 1 f01341.jpg

1343 0.91244669112436283 -0.31427397128719081 0.21875479446739651 -0.14428876160362072 1.5043260252996022 -2.3424716776845167 -0.19407249248768027 1 f01342.jpg

1344 0.91411678920610351 -0.31236261223826034 0.2148278281586084 -0.14376751516204889 1.4760864590813618 -2.3711647126032593 -0.21657365249214575 1 f01343.jpg

1345 0.91562404446507151 -0.31046592681431912 0.2110598399036106 -0.14386542831623764 1.4413227372352875 -2.4016223504789345 -0.23952550589870181 1 f01344.jpg

1346 0.91713024929034281 -0.30857152581538194 0.20720545579688002 -0.14395005516014081 1.4137191942714147 -2.4292124817060636 -0.26301154906345059 1 f01345.jpg

1347 0.91833676818798538 -0.30681662726733594 0.20445935014619188 -0.14393578972632773 1.378501203740409 -2.4636277721810651 -0.28484658919443862 1 f01346.jpg

1348 0.91988818484585444 -0.30372623636654733 0.2021745208907578 -0.14381086129428153 1.3438324635676309 -2.4988649119683188 -0.31836075976407924 1 f01347.jpg

1349 0.92177616506959781 -0.29894071250560889 0.20067487404370338 -0.14384973703058529 1.3001574844456714 -2.5225009018813163 -0.36242063821631754 1 f01348.jpg

1350 0.92357549061819411 -0.29420705782900458 0.19884974875028849 -0.1446004760535369 1.2545558266542443 -2.5352141784312532 -0.4070966488918859 1 f01349.jpg

1351 0.92462542777488399 -0.29162223987586011 0.19641095665283095 -0.14644802364189879 1.1990168064589057 -2.5483544605720594 -0.4371999235651301 1 f01350.jpg

1352 0.92527608862748401 -0.29077378056021219 0.19255350042773522 -0.14912383386290334 1.150597978922169 -2.5654029821276594 -0.45175774271371516 1 f01351.jpg

1353 0.92552887037334663 -0.29120900358141838 0.18866750639590105 -0.15165156896289633 1.1049587122449818 -2.58622065000276 -0.45865135319523415 1 f01352.jpg

1354 0.92556274150304452 -0.2924025622918095 0.18518623348092006 -0.15342885007619611 1.0652971243938771 -2.6183655379032413 -0.46298935169453387 1 f01353.jpg

1355 0.92593077453170325 -0.29237888394072814 0.18250098088445257 -0.15446741072765632 1.0283264838883746 -2.6471962778912954 -0.47519819980428546 1 f01354.jpg

1356 0.92652543234536389 -0.29135008220261843 0.18078231467032399 -0.15486609545089303 0.99022551084420551 -2.6747487110836534 -0.49813925080073596 1 f01355.jpg

1357 0.92725530056581085 -0.28968506711974751 0.17961142544810585 -0.15498356464133617 0.95256773518417659 -2.6943220336500526 -0.52740462914626773 1 f01356.jpg

1358 0.92767867211171084 -0.28889881830106368 0.17865393083591805 -0.15502427903453725 0.91092414440892688 -2.7158744731517905 -0.55360938872230969 1 f01357.jpg

1359 0.92812859426811645 -0.28846409836943027 0.17690749889529939 -0.15514352480336047 0.87104961045189255 -2.7373627862463872 -0.57651591197520868 1 f01358.jpg

1360 0.92864632529289992 -0.28816537519077096 0.17430042065030413 -0.15555089977972408 0.83227499332864763 -2.7652850619376994 -0.59704019624796956 1 f01359.jpg

1361 0.92971793618438336 -0.28653113060478425 0.1711317020039104 -0.15568690022168855 0.8006315106452454 -2.7938211027178363 -0.63121615301848244 1 f01360.jpg

1362 0.9314392212677135 -0.28302779351696633 0.16814219759894608 -0.15506271817464898 0.77044993708412768 -2.8183890961578539 -0.67434538061526084 1 f01361.jpg

1363 0.93357970707382498 -0.27809101678715531 0.16516602296316515 -0.1543194795894848 0.74029395811880261 -2.8306859190719251 -0.7343493072170687 1 f01362.jpg

1364 0.93558737359368394 -0.27326508035641645 0.16190515118623497 -0.15423742817239888 0.70976566995855894 -2.8383494584376514 -0.78769486985146009 1 f01363.jpg

1365 0.93712584200065285 -0.26918506502055056 0.15889561530528748 -0.15519903498798862 0.67873131366330974 -2.8465696436885568 -0.8384176442877761 1 f01364.jpg

1366 0.93792125123867576 -0.26625751166279238 0.15742972897101096 -0.15692846903646451 0.6355280792172463 -2.855958756294156 -0.8782271705203949 1 f01365.jpg

1367 0.93822349600434352 -0.26443249644400241 0.15670954752888028 -0.15891583962297379 0.58755255304318565 -2.8680662631992573 -0.91534578135126321 1 f01366.jpg

1368 0.93826318548370313 -0.26347308052992002 0.15612114020247628 -0.16084253226037015 0.53579112072702295 -2.881181525926868 -0.94179155631734879 1 f01367.jpg

1369 0.93846463623109133 -0.26296157808651344 0.15456697912884482 -0.16200118504775912 0.49397174994540677 -2.8973692914334674 -0.96671748743717878 1 f01368.jpg

1370 0.93896616390518428 -0.26217343671809079 0.15226766384874502 -0.16254904080508456 0.4583057874932715 -2.912769219423478 -0.99255439789777311 1 f01369.jpg

1371 0.93975736766731321 -0.26092225938605829 0.14923371798350699 -0.16280344556763751 0.43228190248914677 -2.9251554069744894 -1.0199314084958928 1 f01370.jpg

1372 0.94044003734706016 -0.25987811982839376 0.14632471097406657 -0.16317162114618602 0.40526405105113622 -2.9372171232871378 -1.0466080353502656 1 f01371.jpg

1373 0.94087402809666154 -0.2594183272491063 0.14359658341851483 -0.16382373445556306 0.37880767728272463 -2.9503206319403992 -1.0681711989738851 1 f01372.jpg

1374 0.94101634516566324 -0.25956267112130516 0.14159983221761838 -0.16451427113588679 0.34976052215344222 -2.9644210883855857 -1.0861961775558331 1 f01373.jpg

1375 0.94103289164930126 -0.26018325934785763 0.14007093717981303 -0.16474799223920994 0.32165758405107098 -2.9830894001069965 -1.1004051455647483 1 f01374.jpg

1376 0.94133131371629664 -0.26034573758520951 0.13849331557107664 -0.16411903082974297 0.29839960394369852 -3.0014666540581088 -1.1193021110603276 1 f01375.jpg

1377 0.94191629340397698 -0.26025489487592923 0.13641165731872434 -0.16264361549347581 0.2823055830611621 -3.017788491898171 -1.1411090061190581 1 f01376.jpg

1378 0.94254655887152083 -0.26021085086159557 0.13377428725909052 -0.16124744190734078 0.26934771814973629 -3.0338147360709993 -1.1628199417509073 1 f01377.jpg

1379 0.94309712342478114 -0.26023761070909451 0.13108890948736926 -0.16018707678753949 0.25821890674874109 -3.0507623444771061 -1.1827830353049544 1 f01378.jpg

1380 0.94350170726353921 -0.26032697450558889 0.12907578911697709 -0.15929166770230727 0.24251572589435724 -3.0672379786965087 -1.2024093577977049 1 f01379.jpg

1381 0.94382118227983469 -0.26044983921746367 0.12753181899482888 -0.15843955401149989 0.22496776131827753 -3.0843548331927702 -1.2227818435559126 1 f01380.jpg

1382 0.9441460708239221 -0.26021738151413165 0.12617379660679079 -0.15797241643878104 0.20296201978973566 -3.1001353241621779 -1.2456357789489301 1 f01381.jpg

1383 0.94448010512832603 -0.25957097739993462 0.12496975584364367 -0.15799619879227703 0.17645195247304127 -3.1132959849962782 -1.271836710273927 1 f01382.jpg

1384 0.94475659125930245 -0.25890083507368922 0.12360757933197933 -0.15851342909020977 0.14818247715294477 -3.1255937820233632 -1.2982728538902268 1 f01383.jpg

1385 0.9449960925228118 -0.2583300103893813 0.12215468421356666 -0.15914215021018926 0.11762558751183316 -3.1395300187613517 -1.324567744581604 1 f01384.jpg

1386 0.94543865843768049 -0.25712567702475736 0.12026640293154316 -0.1599003491929471 0.086608683211737869 -3.1495840609709775 -1.3560695794728128 1 f01385.jpg

1387 0.94591194675477674 -0.25586552188596723 0.11776777456759192 -0.16097880285928187 0.057685114153173775 -3.1596499482865679 -1.3883979107857154 1 f01386.jpg

1388 0.94631149683928872 -0.25469922021324237 0.11502932735893157 -0.16245341492226059 0.028919863644658431 -3.1700835063156285 -1.4194417672601674 1 f01387.jpg

1389 0.9465974260870228 -0.25360171253326114 0.1127323315375376 -0.16410638546909664 -0.001999096474885745 -3.1834487201090198 -1.4490146944985587 1 f01388.jpg

1390 0.94697381945849202 -0.25173957690997423 0.11095124570236946 -0.16600479437194549 -0.035446264618973267 -3.1941063120069608 -1.4857756642865405 1 f01389.jpg

1391 0.94736981512138696 -0.24945556589480031 0.1098311466100694 -0.16792698793014124 -0.074943917809775371 -3.2043288434623238 -1.5275800587411807 1 f01390.jpg

1392 0.94804298297667144 -0.24621691568553458 0.10836388159870471 -0.16984993972285939 -0.11089305489064707 -3.2079435502867697 -1.5760722633242776 1 f01391.jpg

1393 0.94878167985040784 -0.24326394584385005 0.10666605090452015 -0.1710506656437005 -0.14703011114689726 -3.2108182995145116 -1.6259769614733297 1 f01392.jpg

1394 0.9495820106929671 -0.24084741433843265 0.1030642937599941 -0.17223321203109093 -0.16961408674549622 -3.2109790263598019 -1.6720719981110588 1 f01393.jpg

1395 0.94997881049905231 -0.23986010203044941 0.098231564703747096 -0.17423533152779269 -0.18698194363969481 -3.2219885588315824 -1.7044112924587995 1 f01394.jpg

1396 0.95007784211698942 -0.2387916962461539 0.093958334348702696 -0.1774892986312889 -0.20951676225123958 -3.2365351256635995 -1.7337952824574432 1 f01395.jpg

1397 0.94993194476748544 -0.23690939558684013 0.092383588314214032 -0.18157233049981322 -0.25044852934084244 -3.2459902012470554 -1.770378790577088 1 f01396.jpg

1398 0.94987310733953201 -0.23401373463769662 0.092533525962311819 -0.18551603307272127 -0.2962109769596401 -3.2411251854483263 -1.8106078839370188 1 f01397.jpg

1399 0.94970102894932507 -0.23163419920811451 0.093274625546705736 -0.18897988675763741 -0.34510980088340176 -3.2350798284581694 -1.8492140965887269 1 f01398.jpg

1400 0.94942328246238417 -0.23021020278471724 0.093329903411547455 -0.19206306875961923 -0.39142519198868148 -3.2324562032053379 -1.8791735414756328 1 f01399.jpg

1401 0.94916417143837906 -0.22981626085893217 0.091837664405708522 -0.19451916434896269 -0.42331801192357738 -3.2366076132203929 -1.9037912640505328 1 f01400.jpg

1402 0.94889996856661329 -0.22998740822427 0.089873161543558774 -0.19651324776393139 -0.44985016095119301 -3.2407507480942912 -1.9203602545700333 1 f01401.jpg

1403 0.94850769437149618 -0.2314225218143878 0.086976281691341181 -0.19801993974922513 -0.46355896796018525 -3.2524454977623307 -1.9279839548791216 1 f01402.jpg

1404 0.94773114911996426 -0.23392118167127968 0.084712873295281252 -0.19977557120759237 -0.484459787556828 -3.2694994719960042 -1.9252874172388319 1 f01403.jpg

1405 0.94683644922502808 -0.23665558051297536 0.082764774282598028 -0.20160572107199243 -0.50281329834293798 -3.2887198088581706 -1.9208278183374914 1 f01404.jpg

1406 0.94587295284265138 -0.23892594378589532 0.082581562003863532 -0.20351667274143598 -0.5349557607543689 -3.2989289194724285 -1.9150583153096394 1 f01405.jpg

1407 0.94469360020626691 -0.24183760364700194 0.082865527574823253 -0.20543096049851894 -0.57173011219453029 -3.3082794362092298 -1.9063566804339787 1 f01406.jpg

1408 0.94319551865462337 -0.24593390604507731 0.082776210790119556 -0.20747729122599523 -0.6101674121431776 -3.3234322840945265 -1.8864154177083043 1 f01407.jpg

1409 0.94166526610530576 -0.2505987499809052 0.081723801873062718 -0.20925585613369069 -0.64143894610597463 -3.3437874116895436 -1.8634895263623443 1 f01408.jpg

1410 0.94027033252650249 -0.25501977700585565 0.080158677869982417 -0.21078709986268232 -0.67005870166686277 -3.3613545109760343 -1.8403482950830605 1 f01409.jpg

1411 0.93872773088939443 -0.2600194461487037 0.077663683835974606 -0.21248173356031705 -0.69169938864897496 -3.3827405545272731 -1.8122898915909129 1 f01410.jpg

1412 0.93700009748422197 -0.26507453187121982 0.075565256176609211 -0.2146070873172109 -0.71715462649189399 -3.4052106242800044 -1.7813254159959757 1 f01411.jpg

1413 0.93529891896220052 -0.26961813023470288 0.074361387669834522 -0.21677725909490106 -0.74400489537562697 -3.4228043418708136 -1.7527114376210482 1 f01412.jpg

1414 0.93348648764614905 -0.2742233937637909 0.074811029920217764 -0.21864998855934367 -0.78280833244733472 -3.437164480145031 -1.7208147435792962 1 f01413.jpg

1415 0.93160737693564877 -0.27930143586302508 0.075312584530667276 -0.22006003220766837 -0.82030308760769388 -3.4541453960986357 -1.6855135970816721 1 f01414.jpg

1416 0.929691354530227 -0.28488339724133033 0.075363193294484848 -0.22098829015231997 -0.85324458550346693 -3.4751927459799337 -1.6453141091000192 1 f01415.jpg

1417 0.92787618761114687 -0.29087730312595433 0.074663032492731263 -0.22104661628119471 -0.87882318956282857 -3.5014200000665161 -1.6028815784950197 1 f01416.jpg

1418 0.9261896783155753 -0.29724655509243725 0.072825605496710535 -0.22025802244506068 -0.89263978092700125 -3.5296832130979339 -1.5556309685271137 1 f01417.jpg

1419 0.9245233727854536 -0.30395900430919304 0.070045748511079781 -0.21899554787323181 -0.89650442883131853 -3.5649340774110776 -1.5032641685060573 1 f01418.jpg

1420 0.92295573308920731 -0.30990040797102081 0.067293390841914533 -0.21814227340466627 -0.9010823104544643 -3.5985585015609605 -1.4575352028217012 1 f01419.jpg

1421 0.92160447729057571 -0.31450431534454926 0.065138109692612425 -0.21792028297818916 -0.9093279095761635 -3.62658342794614 -1.4191734701567058 1 f01420.jpg

1422 0.92043139367790172 -0.31771697124236115 0.064696013225480825 -0.2183492651452329 -0.93419052595188679 -3.6413577515584699 -1.3927551586984133 1 f01421.jpg

1423 0.91900548381123381 -0.32129372162936415 0.064629234851324394 -0.21913997163677351 -0.9662155357449228 -3.6537207545641639 -1.3645556734683115 1 f01422.jpg

1424 0.91716532518512239 -0.32615297876997196 0.06373764617577099 -0.21993070085260444 -0.99819765309911268 -3.6725095802030445 -1.3265019284330701 1 f01423.jpg

1425 0.91535119458756631 -0.33128554836827795 0.061109804295527967 -0.22056216318400484 -1.0187194383627081 -3.7000432464965773 -1.2834528504848153 1 f01424.jpg

1426 0.91402245108782765 -0.33482207672791237 0.057960174618297902 -0.22158012997835627 -1.0364174047776948 -3.7235711940897249 -1.2544945190169439 1 f01425.jpg

1427 0.91309755868213005 -0.33682078799123671 0.055156876418064119 -0.22307470517631123 -1.0555200693958515 -3.7421569530669103 -1.2326307511237042 1 f01426.jpg

1428 0.91252877331773585 -0.33766441443001832 0.053658022875777499 -0.22448785641081831 -1.0793757837200886 -3.7547053340816539 -1.2236202867946506 1 f01427.jpg

1429 0.91215273760350379 -0.3383581031822378 0.053069386857711939 -0.22511067827160328 -1.1034827206069169 -3.7711470333944614 -1.2135320324931087 1 f01428.jpg

1430 0.91205611905186101 -0.33858810003396189 0.052808842271432704 -0.22521758455635671 -1.1265229859058821 -3.7839344327610349 -1.2117807282828497 1 f01429.jpg

1431 0.91202671512954558 -0.33887141377912133 0.052217514524144942 -0.2250483658911383 -1.1454023369461588 -3.7996471178696094 -1.206158312915186 1 f01430.jpg

1432 0.91208927775560189 -0.33892321458927149 0.051481531059829361 -0.22488631789300895 -1.1636969051120305 -3.811715778777979 -1.207406288913514 1 f01431.jpg

1433 0.91173094096133112 -0.34000835200803192 0.050488208202163397 -0.22492654954692318 -1.1852183976393584 -3.8262300979702117 -1.1960288449389549 1 f01432.jpg

1434 0.91092893495002158 -0.342210123956459 0.048796615549985996 -0.2252101170982132 -1.2050944188493096 -3.8440946164559615 -1.1764528641605287 1 f01433.jpg

1435 0.90994352505200604 -0.34481242173716115 0.046732347769133986 -0.22566183262498721 -1.2224917453285873 -3.8670024672672656 -1.1478141143541609 1 f01434.jpg

1436 0.90914088911897273 -0.34667785403189599 0.045407977640712943 -0.22630825177704833 -1.2427802246725257 -3.8862603091997143 -1.1283037792455757 1 f01435.jpg

1437 0.90850230978918178 -0.34802707220613555 0.045197036510387034 -0.22684342179138575 -1.2677682427303059 -3.9029134192993453 -1.1105713067119829 1 f01436.jpg

1438 0.90793889817364148 -0.34933661887129275 0.04563800019993907 -0.22699792253797393 -1.2945172550781292 -3.9179071677659971 -1.0959146896518168 1 f01437.jpg

1439 0.90721525645706302 -0.35136817309631069 0.045822886383568101 -0.22671821380292159 -1.3188829972444602 -3.9364948826418149 -1.0754515021598772 1 f01438.jpg

1440 0.90643261006545084 -0.35372866857657526 0.04502967734407174 -0.22633665322979948 -1.3362743075915533 -3.9596986310164461 -1.0528782405318564 1 f01439.jpg

1441 0.90598444271462564 -0.35536710489717593 0.043823806495227012 -0.22580054096555616 -1.3479444242740644 -3.9849280798178959 -1.0359174116874692 1 f01440.jpg

1442 0.90602724618547026 -0.35587032044294142 0.043007208550627507 -0.22499183142971058 -1.3575810098839152 -4.0082847036502836 -1.0309895854903708 1 f01441.jpg

1443 0.90652940924100622 -0.35560170971955768 0.042312345208946653 -0.22352073655166937 -1.3625260612999117 -4.0316712903780241 -1.0355389463325517 1 f01442.jpg

1444 0.9071672227958254 -0.3555066257440147 0.041378185560404401 -0.22124763207036566 -1.3624173442921457 -4.0555894746964842 -1.0415289263704843 1 f01443.jpg

1445 0.90745060505336539 -0.35667974180356626 0.039469969604010231 -0.21852936341526605 -1.3549253520919975 -4.0828683717020118 -1.0376249176422174 1 f01444.jpg

1446 0.90721161151836793 -0.35889222424204736 0.036654774400285209 -0.216379044314612 -1.3469059135058383 -4.1117708452917574 -1.0218061187710807 1 f01445.jpg

1447 0.90670835579480946 -0.36127784483881575 0.033724465994782758 -0.2149905503827087 -1.3399612996643677 -4.1418836854688212 -1.0030100288964539 1 f01446.jpg

1448 0.90661032883197978 -0.36265152491061697 0.031868966258289361 -0.21336811412392759 -1.3342226545431684 -4.1710800008774926 -0.99053753443082604 1 f01447.jpg

1449 0.90729089065328961 -0.36243130111229099 0.03070373557180861 -0.21100728028565999 -1.3227381117712664 -4.201139063822632 -0.99580752794125471 1 f01448.jpg

1450 0.90878560917164997 -0.36049545033739089 0.029742093939856037 -0.20800758326711444 -1.3062290422081235 -4.2285286476929969 -1.0207097565356189 1 f01449.jpg

1451 0.91070378731750967 -0.35753504350324361 0.02851274382824991 -0.2048763721663934 -1.2867827572697912 -4.2499255012240562 -1.0599738502628944 1 f01450.jpg

1452 0.91232667562674807 -0.3548779268136556 0.027291426452576335 -0.20242744883654956 -1.2744157774469651 -4.2660319616410023 -1.0958440980181916 1 f01451.jpg

1453 0.91337049460668229 -0.35327408497981566 0.02606351696158558 -0.2006799779430187 -1.2695081597772224 -4.2786238170812689 -1.121013656891767 1 f01452.jpg

1454 0.91374553668005809 -0.35309167623170368 0.024335960321582646 -0.19950720139479847 -1.2667565538406984 -4.2935220921042543 -1.1307735657126146 1 f01453.jpg

1455 0.91382887914526101 -0.35331412171245402 0.022328164967387067 -0.1989657359644165 -1.2667520146618338 -4.3097143672115061 -1.1349269901447629 1 f01454.jpg

1456 0.91414005101491536 -0.35249348280230142 0.020745126130034031 -0.1991631277475833 -1.2730523456000422 -4.3222398804961735 -1.1481118058723492 1 f01455.jpg

1457 0.91484297939917936 -0.35020356352599363 0.020191916734977014 -0.20003018181338733 -1.2889117100499907 -4.3241771582301034 -1.1764009154710255 1 f01456.jpg

1458 0.91565951943205115 -0.34762158657675635 0.020189397706704686 -0.20079657676256396 -1.3077594156953372 -4.322520038472164 -1.2078250287912529 1 f01457.jpg

1459 0.91636056076915717 -0.3455110296986556 0.019880441138171095 -0.20127150589082524 -1.3241983604695966 -4.3216865264706028 -1.2361243217985318 1 f01458.jpg

1460 0.91686093552345127 -0.34409719656847348 0.018701664351548873 -0.20152764568481121 -1.3343420792579765 -4.3240260179890146 -1.2573657759428092 1 f01459.jpg

1461 0.91726788163327888 -0.34278624087235243 0.017118004679548 -0.20204999457655953 -1.3436063557589648 -4.3275704859232889 -1.2764921207587507 1 f01460.jpg

1462 0.91775125812062608 -0.34089572143597152 0.015898806584392616 -0.20315010035401851 -1.3554061499645054 -4.3266865659014107 -1.2999585725491398 1 f01461.jpg

1463 0.91828913097164044 -0.33859661436384175 0.015910068053549744 -0.2045587309679662 -1.3748183423006062 -4.32196404343156 -1.3252171014450513 1 f01462.jpg

1464 0.91894013614544157 -0.33616163471122795 0.017367447823503277 -0.20553041936747507 -1.3980025896802013 -4.3136119887600834 -1.3501848269205992 1 f01463.jpg

1465 0.91932896001200326 -0.33488522230919904 0.020497283623816719 -0.20558699503181546 -1.4236969803014843 -4.3060422423142493 -1.3584317388696354 1 f01464.jpg

1466 0.91956714140726636 -0.33498952802471699 0.025027141375127938 -0.20384290704470454 -1.4409691255988966 -4.3083984376740911 -1.3500604115966934 1 f01465.jpg

1467 0.91997912421024108 -0.33547816654763957 0.031418977275049199 -0.20026397243184263 -1.454768059479959 -4.317084046508687 -1.332238902446399 1 f01466.jpg

1468 0.92098245041968929 -0.33446928129729497 0.039345459860014448 -0.1958917065008603 -1.4699463374370583 -4.3206344682197377 -1.3247024450554596 1 f01467.jpg

1469 0.92210624887737991 -0.33202059731545375 0.048045653602501542 -0.19280561171678701 -1.5025919769246103 -4.3085256842367485 -1.3339206104100223 1 f01468.jpg

1470 0.92236268292918078 -0.33097778327231081 0.055383549582955272 -0.19139866915791898 -1.546291518725035 -4.2932625389774257 -1.3333910610767852 1 f01469.jpg

1471 0.92177174228287706 -0.33230806033494736 0.059501414509449624 -0.19070340803611791 -1.5782383768334654 -4.2896505270489405 -1.3127031040083099 1 f01470.jpg

1472 0.92079393023879119 -0.33527561213557411 0.060670036471437407 -0.18986297326512008 -1.5904581201678893 -4.3012514396534787 -1.2783983837192698 1 f01471.jpg

1473 0.92040924896812493 -0.33739522068696137 0.060153232999576881 -0.18812992327439282 -1.5838745536767 -4.3192120458017955 -1.2553240932822114 1 f01472.jpg

1474 0.92071823351917814 -0.33791893102440623 0.058691862250296385 -0.18612897632082939 -1.5686104947578228 -4.3327702362633156 -1.2532979328789879 1 f01473.jpg

1475 0.9210826992281218 -0.33811125046046925 0.056401838204885001 -0.18467884595103459 -1.55364976594298 -4.344565756032563 -1.2577794236985282 1 f01474.jpg

1476 0.92147177907266975 -0.33786844905732932 0.053754799970974827 -0.18397035898297154 -1.5403215299201458 -4.3538142120544254 -1.2667311498691338 1 f01475.jpg

1477 0.92198926974000106 -0.33687394841339152 0.051707917047861589 -0.18378797751550793 -1.532949333666993 -4.3602827806132414 -1.2819434461876618 1 f01476.jpg

1478 0.92282082578204505 -0.3347765779932465 0.050808386558277373 -0.18369777947874324 -1.5328161859035807 -4.3590994856550696 -1.3081784655406223 1 f01477.jpg

1479 0.92351633755737916 -0.33259218363707665 0.050774514014174037 -0.18417915836150342 -1.5474452718016023 -4.3495749258669409 -1.3361869973678282 1 f01478.jpg

1480 0.92352975610042376 -0.33199565450631002 0.049967702890217881 -0.18540470235108347 -1.567223127809682 -4.3408573330963414 -1.349965250696149 1 f01479.jpg

1481 0.92281084010120085 -0.33335931294106308 0.047958724445104475 -0.1870606388762116 -1.586247505233441 -4.338904652518246 -1.3454276672297623 1 f01480.jpg

1482 0.92175329956778751 -0.33576065273617572 0.044878642686856769 -0.18873671142801018 -1.5995613337310994 -4.3430878589191941 -1.3300063732678515 1 f01481.jpg

1483 0.920841780446507 -0.33776874824448422 0.041328030479151366 -0.19040662275817694 -1.6073772207616996 -4.3502631545636303 -1.3216069660934062 1 f01482.jpg

1484 0.92035879908970042 -0.33880620322657817 0.038549080212812621 -0.1914784740071396 -1.6148214767358919 -4.3557182102818937 -1.3188656075553582 1 f01483.jpg

1485 0.92017546789169014 -0.33935734036604542 0.036285558645698664 -0.19182560325400416 -1.6206421123845656 -4.3612544147427901 -1.3247581119442209 1 f01484.jpg

1486 0.9199681221160515 -0.34025060839398402 0.033885905495765027 -0.19167661095324975 -1.6239015792887126 -4.3694156235850592 -1.3267092676971364 1 f01485.jpg

1487 0.91954459507360631 -0.34163926750926227 0.031214862927037314 -0.19169241221055261 -1.6288083295609472 -4.3804683483097424 -1.3210869229605051 1 f01486.jpg

1488 0.91914207521643088 -0.34304613892550756 0.028751933562031508 -0.19149547893247845 -1.6343401882245612 -4.3916811955261839 -1.3157147717129414 1 f01487.jpg

1489 0.91880777459330376 -0.3445812652424759 0.026869306645031885 -0.19061496623090801 -1.6389315140526377 -4.4060149122574384 -1.3080275499024849 1 f01488.jpg

1490 0.91897472250084444 -0.34566815388553057 0.025082389762641238 -0.1880687653962228 -1.631762941087286 -4.4269182513420864 -1.3048425976387885 1 f01489.jpg

1491 0.91979592259296716 -0.34599397249351804 0.023051207632301254 -0.18366347923906629 -1.6087889478211299 -4.4561818071828787 -1.3105233243101027 1 f01490.jpg

1492 0.92135113472906438 -0.34493282158739336 0.020878161159943145 -0.17803802265754151 -1.5745871473651567 -4.4857399273495853 -1.3341907272824625 1 f01491.jpg

1493 0.92315036085324342 -0.34323675947507493 0.018620714042855147 -0.17214879380963719 -1.53826357119183 -4.5125542277580406 -1.3675002974969355 1 f01492.jpg

1494 0.92481573519513072 -0.34148297353808094 0.016908533441282399 -0.166791295384213 -1.5125532069615619 -4.5340011617068967 -1.4009257598477725 1 f01493.jpg

1495 0.92630369860463568 -0.34010262970570282 0.014967367005504446 -0.16145475261992162 -1.4857879231080036 -4.5569525874069585 -1.4315815279542596 1 f01494.jpg

1496 0.92779055536540689 -0.33865592628282387 0.013312597004737452 -0.15601161408453554 -1.4638728849979044 -4.5781805962326336 -1.4640187879422866 1 f01495.jpg

1497 0.92919071987433977 -0.33733458511456277 0.010877989389056621 -0.15063748913149777 -1.4399690515428087 -4.5983620171297144 -1.4992605286499865 1 f01496.jpg

1498 0.93041417840823826 -0.33593674942542384 0.0081284593022552254 -0.1463211712356513 -1.4229380791153066 -4.6134595220829482 -1.5349504194012704 1 f01497.jpg

1499 0.93158782731025469 -0.3344062126905617 0.0053109577898742769 -0.14243734990748902 -1.4090387650330207 -4.6272569959889323 -1.5728199659017583 1 f01498.jpg

1500 0.93267725990336159 -0.33283276336982009 0.0034225141504804612 -0.13900995246260778 -1.4067876766444443 -4.638402553803826 -1.6103461695554471 1 f01499.jpg

1501 0.93378924693318355 -0.33113765968309405 0.0016407777322277653 -0.13558318664198057 -1.406055829458851 -4.6496253460272507 -1.6488219406488582 1 f01500.jpg

1502 0.93485577346513316 -0.32929658800775669 0.00014809910806931473 -0.13269671439795921 -1.4144328335345893 -4.6558442331077368 -1.6891207684112448 1 f01501.jpg

1503 0.93569052723792157 -0.32789554989000586 -0.0023078564053220876 -0.13023985334130397 -1.4223165309183483 -4.6625772347707466 -1.7274338271518763 1 f01502.jpg

1504 0.93617579410356477 -0.32711894338885389 -0.0058264022979613471 -0.12858511751747548 -1.4272599966371622 -4.672799270606447 -1.7620251869823558 1 f01503.jpg

1505 0.93665162333557306 -0.32615915001496093 -0.0093353022404484703 -0.12734519031527317 -1.4346914467911742 -4.6818767043311071 -1.7958386948452525 1 f01504.jpg

1506 0.93747590263765423 -0.32411278314182307 -0.012042355104813619 -0.12627278986902016 -1.4472868201563629 -4.6855016262711455 -1.8402542953468484 1 f01505.jpg

1507 0.93842507286901777 -0.32165784667336966 -0.014833376901046556 -0.12519817576123585 -1.4604707247661197 -4.6866556519066336 -1.8957466396531459 1 f01506.jpg

1508 0.93913234273310897 -0.31949002046255248 -0.018537916160248542 -0.12495165193744576 -1.4711647716457403 -4.6848522933772294 -1.9484139230680884 1 f01507.jpg

1509 0.93945158574534426 -0.31772825002570493 -0.022330508045075255 -0.1264152901614706 -1.493492447044046 -4.6785758861699502 -2.0018109358683929 1 f01508.jpg

1510 0.93985594948581075 -0.31508965531867666 -0.025097317635918558 -0.1294582093757021 -1.5313322096524338 -4.6569370700765367 -2.0599464404145595 1 f01509.jpg

1511 0.94015064049494412 -0.31212651226310795 -0.027044558616832946 -0.13402389849812721 -1.5875356760734403 -4.6184550899627181 -2.1153381478507107 1 f01510.jpg

1512 0.93990891755295669 -0.31025833569381478 -0.028340886632616594 -0.13967027594234044 -1.6574997750964631 -4.5765661335821246 -2.1545950864854015 1 f01511.jpg

1513 0.93895966172343848 -0.31026699123056006 -0.029621962371374058 -0.14564232610821826 -1.7241166780207324 -4.5457264983447674 -2.169673576231375 1 f01512.jpg

1514 0.93781352273157326 -0.3117190844962297 -0.02993765273950948 -0.14980235609320788 -1.7922475640878333 -4.52454064631611 -2.1850672836331988 1 f01513.jpg

1515 0.93683692004357177 -0.31277663197219402 -0.030619919891958121 -0.15352453954079792 -1.844983764729883 -4.5056169565797326 -2.1923514478201143 1 f01514.jpg

1516 0.9363052527400999 -0.31313325016491927 -0.031564062550409874 -0.15583244619707973 -1.8818559369518462 -4.4892499147467131 -2.2080447208722309 1 f01515.jpg

1517 0.93596797528123254 -0.31310627176876832 -0.032702763727060567 -0.15766718451100009 -1.910551352810554 -4.4741919804389108 -2.2269352296342868 1 f01516.jpg

1518 0.93565846005591746 -0.31328697585333221 -0.033751472046231253 -0.15891933495071336 -1.9347494710476736 -4.4616522690042091 -2.2440858457983013 1 f01517.jpg

1519 0.93516043082119948 -0.313955718561851 -0.034682545818585313 -0.16032434757129735 -1.9595214848974676 -4.4492481716575494 -2.2533791739187077 1 f01518.jpg

1520 0.93452315062007862 -0.31496115978636896 -0.035102729870604248 -0.16196835226913933 -1.9886637327253252 -4.4358877263252268 -2.2558310502126999 1 f01519.jpg

1521 0.93381017021418478 -0.31615737057916471 -0.034884698742318997 -0.16378687623458446 -2.0216807699479555 -4.4218206982568979 -2.2536282974087007 1 f01520.jpg

1522 0.93308326615061743 -0.31751739068777873 -0.034420884257070926 -0.16538901948884069 -2.0536068771116867 -4.4108389855189314 -2.2477162055684841 1 f01521.jpg

1523 0.93272101209912561 -0.3179988845545344 -0.033722184903626093 -0.166646443874994 -2.0822376959105133 -4.3996297570879461 -2.2498531851607115 1 f01522.jpg

1524 0.93269831717804375 -0.31776130769253608 -0.033444007851495122 -0.16728149570590245 -2.1001768734449868 -4.3890035931402469 -2.259121464468635 1 f01523.jpg

1525 0.93261258995171037 -0.317655309589922 -0.033912450548943082 -0.1678654432891388 -2.1116641394217401 -4.3813140312288876 -2.2687451469665816 1 f01524.jpg

1526 0.93245036226189826 -0.31758225569859899 -0.034200685021481526 -0.16884355459153877 -2.1264184743313437 -4.3696068669658272 -2.2765293206140989 1 f01525.jpg

1527 0.93200095210645417 -0.31830958200868653 -0.033772443008781045 -0.17003722347573655 -2.1480901398969925 -4.3579782222036005 -2.2719945338549246 1 f01526.jpg

1528 0.93117234823277595 -0.32001506961662823 -0.032615082181717166 -0.17159449151765155 -2.1794024620098416 -4.3478091824682998 -2.2543611310394698 1 f01527.jpg

1529 0.93018349077400686 -0.32195448404356941 -0.031087586407333154 -0.17360168682097324 -2.2161120771604867 -4.3370434339518331 -2.235906585559722 1 f01528.jpg

1530 0.92960479586393574 -0.32307918461544433 -0.029300513358786195 -0.17491782039546788 -2.2480947482067837 -4.3284427040922031 -2.2212875954154616 1 f01529.jpg

1531 0.92968635553362855 -0.32269610488954764 -0.028280101773429878 -0.17535888933098862 -2.2637601467472752 -4.3207637155316467 -2.2239806753539009 1 f01530.jpg

1532 0.92996440242809331 -0.32203306491513461 -0.028348175177252036 -0.17509225077667762 -2.266029099145952 -4.3197235234701559 -2.2332257644268187 1 f01531.jpg

1533 0.93022848121530888 -0.32134306923680428 -0.028907622475309085 -0.17486553105788141 -2.2638607278252314 -4.3183461448311276 -2.244174704360129 1 f01532.jpg

1534 0.93025749833433014 -0.32121667618856942 -0.02918197599246369 -0.17489781590488193 -2.2658405043363752 -4.3154438777574793 -2.2470615088315493 1 f01533.jpg

1535 0.92990085716924564 -0.32204038426291859 -0.028831491150983792 -0.17533719473547085 -2.2758315704247671 -4.3129407841119241 -2.2382663646214205 1 f01534.jpg

1536 0.92919461114479796 -0.32369845895788274 -0.028245911422687862 -0.17612169308651976 -2.2900408185162187 -4.3123614695772172 -2.2190550975616925 1 f01535.jpg

1537 0.92853393116639527 -0.32507959680696197 -0.027290495438426775 -0.17720954621922957 -2.3082670683970368 -4.3099566216098921 -2.2015303971849072 1 f01536.jpg

1538 0.92829831873484558 -0.325356203748769 -0.026106558412627635 -0.17811237948019532 -2.3244576568807678 -4.3051135525465947 -2.1953611726678277 1 f01537.jpg

1539 0.92854338976690232 -0.32444504633757981 -0.02493510419064892 -0.1786640025472373 -2.3342974729149195 -4.2971637867225034 -2.2011954534026099 1 f01538.jpg

1540 0.9289757547649411 -0.32337800027861335 -0.024110603691020086 -0.17846398735982599 -2.3350032009086155 -4.2931391345084213 -2.2096086391637901 1 f01539.jpg

1541 0.92924358339390201 -0.3229578559263766 -0.023594688559973032 -0.17789850108546607 -2.3308334771862906 -4.2947865306554434 -2.2109386275905121 1 f01540.jpg

1542 0.92935163780069474 -0.32294639414099974 -0.02301289098898952 -0.1774304558885543 -2.3282010760847416 -4.2985659922229109 -2.2078798977567016 1 f01541.jpg

1543 0.9294466770058093 -0.32274311662674138 -0.022013446411625667 -0.1774293195895178 -2.3294096826743869 -4.2969595486373144 -2.2038554149290399 1 f01542.jpg

1544 0.92947896611114333 -0.32281504530554678 -0.020527994545082185 -0.17730735890338067 -2.3337330365812696 -4.2967240163708897 -2.1953126124849738 1 f01543.jpg

1545 0.92945942849203633 -0.32310555529589885 -0.018987832318523006 -0.1770520633825802 -2.3368965508043265 -4.2971049204398906 -2.1836665969489704 1 f01544.jpg

1546 0.9292416150899907 -0.32383769337254281 -0.017521376957587487 -0.17700895594744742 -2.3418214193660756 -4.2992833150367096 -2.1675402150266225 1 f01545.jpg

1547 0.9289851575338326 -0.32421661781150379 -0.01612101916889663 -0.17779278544886221 -2.3503919341903385 -4.2972211694428513 -2.1582276891758156 1 f01546.jpg

1548 0.92888303622973134 -0.32383310537716681 -0.01442630927229264 -0.17916558393619603 -2.3622852253279221 -4.2906663748777083 -2.1537662399081636 1 f01547.jpg

1549 0.92920839907195119 -0.32217707466369544 -0.012197252260669632 -0.1806236714624499 -2.374207305813997 -4.2792840443134397 -2.1616789639535354 1 f01548.jpg

1550 0.92983957873131307 -0.32026330558052912 -0.0092921363982794766 -0.18095145516011196 -2.38340424698286 -4.2744500335840829 -2.1690546841590415 1 f01549.jpg

1551 0.93066292592158739 -0.31848913827591752 -0.0072456395927652344 -0.17994078976770414 -2.3747160206357019 -4.2807873819660847 -2.1769096857982593 1 f01550.jpg

1552 0.93144127499943863 -0.3175582560108885 -0.006347760338839512 -0.17757705709191016 -2.3480505544150856 -4.3013889314677041 -2.1749858749539004 1 f01551.jpg

1553 0.93199301468273865 -0.31724112659889331 -0.0069933269174301616 -0.17520896539695233 -2.3069301908487359 -4.3304901020287341 -2.1707425311881594 1 f01552.jpg

1554 0.93243699329052798 -0.3170152974133531 -0.006838017902322191 -0.17325067463189744 -2.2754620393405292 -4.3583792811186894 -2.1629632502779077 1 f01553.jpg

1555 0.93303595596763789 -0.3159957628925138 -0.0062203480535150792 -0.17190663156383895 -2.2462988691908086 -4.379612815749466 -2.1596404819198201 1 f01554.jpg

1556 0.93381112120073728 -0.31451889575146069 -0.0050133978473163518 -0.17043919730839313 -2.2214465672412258 -4.3983344922847971 -2.1606237924875535 1 f01555.jpg

1557 0.93447308215875458 -0.3131468749006765 -0.0049167297008015295 -0.16933670372871998 -2.1908380502613771 -4.4193307378791076 -2.1645720551849252 1 f01556.jpg

1558 0.93503381357354065 -0.31144748036293807 -0.0055947788319440474 -0.1693544593434877 -2.1612183809332577 -4.4328207029247935 -2.1786669410449968 1 f01557.jpg

1559 0.93572494268622552 -0.30870735511771569 -0.0057665622834108627 -0.170544267832479 -2.13739504349219 -4.431040831585471 -2.198898961991234 1 f01558.jpg

1560 0.93666865379942821 -0.30530056573109515 -0.0043043904766895506 -0.17153678840547457 -2.1199474210223674 -4.4199725878565772 -2.2243538840110499 1 f01559.jpg

1561 0.93764761539093222 -0.30198923306667258 -0.0026655161045484989 -0.17208238575577231 -2.096811988672111 -4.4051913765511586 -2.2483483039358103 1 f01560.jpg

1562 0.93818313651907503 -0.30024811533286794 -0.0013840329312210784 -0.17222530604744682 -2.0672974843696932 -4.3903543129008114 -2.2573402599438843 1 f01561.jpg

1563 0.93788238420829595 -0.30134316483367884 -0.00084960460946992983 -0.17195408855794037 -2.0298788328486848 -4.3854829750330158 -2.2366063646792362 1 f01562.jpg

1564 0.93662279427011019 -0.30520722340199991 -0.00030505717555000364 -0.1720063922562568 -2.0008738705297193 -4.3883288196441113 -2.186433424415366 1 f01563.jpg

1565 0.93479518754739788 -0.31010307603360782 8.343291723906073e-05 -0.17318785353386809 -1.9768769198099474 -4.394007477900451 -2.1251166381600806 1 f01564.jpg

1566 0.93325994161779735 -0.31328723223139299 0.002008368291598334 -0.17570702305013872 -1.9707593244864356 -4.3847817453797235 -2.074658629906303 1 f01565.jpg

1567 0.93237096949551079 -0.31404294049111064 0.0060558352822824768 -0.17895455744051494 -1.9833545951420384 -4.3607275763332751 -2.0491964145490336 1 f01566.jpg

1568 0.9320455014641017 -0.31333523393494161 0.010369127554657277 -0.1816719449150572 -1.9903187910179287 -4.3314314365293551 -2.0389333435917973 1 f01567.jpg

1569 0.93183968182128663 -0.31255699282578187 0.013746357848839942 -0.18383136637907863 -1.9886472888323288 -4.3039864896037638 -2.035497171810666 1 f01568.jpg

1570 0.93134776264082775 -0.31250899411704064 0.015765694285744127 -0.18622813026921656 -1.9778907827614276 -4.2807501857719732 -2.0284381012585961 1 f01569.jpg

1571 0.93059075920393319 -0.31337451547262901 0.016633159363555302 -0.18846906893740167 -1.9581577172521147 -4.2673822675173421 -2.0090506613692165 1 f01570.jpg

1572 0.9297639629820903 -0.3144385164569003 0.017590455251172442 -0.19067765572367951 -1.9388786913893963 -4.2558469827304748 -1.9863593670986499 1 f01571.jpg

1573 0.92897686400584689 -0.31544567691649589 0.019047553373162874 -0.19269977106123012 -1.920608997632109 -4.2476170742916928 -1.9625698746393181 1 f01572.jpg

1574 0.92844724819721958 -0.31584769159496706 0.020625182238156441 -0.19442362224479626 -1.8969391012609758 -4.2392207758157259 -1.944710082060239 1 f01573.jpg

1575 0.92826059515385384 -0.31536066615082142 0.022502438242579619 -0.19589169967781614 -1.8720454978821111 -4.2292468306101485 -1.9333642359523247 1 f01574.jpg

1576 0.92818290041321039 -0.31469083813449289 0.024644898422285778 -0.19707564222015722 -1.8478665202351816 -4.2190842409268443 -1.9232661906976047 1 f01575.jpg

1577 0.92808428775509655 -0.3142585410867107 0.026491038185328903 -0.19798825488404997 -1.8188577665587082 -4.2090356654387051 -1.9100604004659409 1 f01576.jpg

1578 0.92751224403573229 -0.31515687617990262 0.027910185425734216 -0.19904321668880867 -1.7869494037789471 -4.2058582140015996 -1.8854485848388287 1 f01577.jpg

1579 0.92695013574496898 -0.31618902417016836 0.029267717713684572 -0.19982829513493011 -1.7509842066223158 -4.2061404787632082 -1.8548090114699425 1 f01578.jpg

1580 0.92653839771423885 -0.31660941035794143 0.031353704628339432 -0.2007536401662649 -1.7188640509118802 -4.2039421020548478 -1.8268795697202513 1 f01579.jpg

1581 0.92641303269885023 -0.31619785761909119 0.034629102057924917 -0.20144138843216586 -1.6913535795569474 -4.1993933794648735 -1.8049879756002365 1 f01580.jpg

1582 0.92661838296158006 -0.31498017906094067 0.038631586424234816 -0.20167662156717647 -1.6633421984763241 -4.1914627589645965 -1.7942547426442048 1 f01581.jpg

1583 0.92686662021446287 -0.31368057015377043 0.042604683174824569 -0.20176126786823673 -1.6365265417755461 -4.1796455728556907 -1.7793786319658706 1 f01582.jpg

1584 0.92687720585738342 -0.31336684947889154 0.045421959502289548 -0.20158548684033312 -1.5988287433653372 -4.1741901825903414 -1.7579505180167765 1 f01583.jpg

1585 0.92648567549153038 -0.31467724213039422 0.048288299679275226 -0.20067577459249553 -1.5602720018231615 -4.176697546634788 -1.7175426439865653 1 f01584.jpg

1586 0.92594177542550948 -0.31688874733030803 0.051099160490681028 -0.1990030807159299 -1.5138781635415957 -4.183516465610448 -1.671545808771743 1 f01585.jpg

1587 0.9257039218563089 -0.31912408097447026 0.053735011932400781 -0.19581781965560136 -1.4576820639434509 -4.1957414581473742 -1.627151209131221 1 f01586.jpg

1588 0.92581158817624587 -0.32024537110392753 0.055387689889006657 -0.19299743338667869 -1.40227930788531 -4.2000767959909542 -1.6044986485273054 1 f01587.jpg

1589 0.92595951522225117 -0.32071246916532825 0.055629334274778022 -0.19143632220505391 -1.3491351720763296 -4.1963126807390818 -1.5933489287802161 1 f01588.jpg

1590 0.9257744207187385 -0.32142331282827719 0.055564774893932918 -0.19115787115462693 -1.3045879504324083 -4.1886281756954711 -1.5754792759933556 1 f01589.jpg

1591 0.92512862669264995 -0.32254234606472809 0.056560018426050809 -0.19210524038786114 -1.2767710731976725 -4.1818580019470231 -1.5476765727569206 1 f01590.jpg

1592 0.92483525137261402 -0.32224267005567148 0.058663377685783114 -0.19338569629742888 -1.256093706078576 -4.1677543822582583 -1.5371491105546071 1 f01591.jpg

1593 0.92519163103702429 -0.31966247167729728 0.061718371515276163 -0.1950056221695059 -1.2472411636394787 -4.1430789799426728 -1.5493753088229307 1 f01592.jpg

1594 0.92586360275388202 -0.31563449519231351 0.064229091542486266 -0.1975501919511112 -1.2425080524602825 -4.1032788830455216 -1.5824024190879113 1 f01593.jpg

1595 0.92581070130637944 -0.31343192512227935 0.065454428716345534 -0.20087481530084508 -1.2387732106778424 -4.0672384198451539 -1.5951144213441464 1 f01594.jpg

1596 0.9249225553147199 -0.31343941958426996 0.065654418560896988 -0.20484993103292962 -1.2340640161770724 -4.0380804528868959 -1.5878025769055883 1 f01595.jpg

1597 0.92347224997834954 -0.31505784254420394 0.065716729853797909 -0.20885131263326795 -1.2284472337569448 -4.0200928253121431 -1.5598085966354114 1 f01596.jpg

1598 0.92228581365839346 -0.3162173685385527 0.065881760529938702 -0.21226174263984185 -1.2169229160177066 -4.0065773075049762 -1.5371279403470886 1 f01597.jpg

1599 0.92200049680375218 -0.31518339227795311 0.066836888173319384 -0.21472620591139871 -1.2001506760250129 -3.9896279751160644 -1.5322087901724482 1 f01598.jpg

1600 0.92229954858000018 -0.31276920255195878 0.068695785038146315 -0.21637896788304589 -1.1825004105188726 -3.9648737637115405 -1.5463729641567707 1 f01599.jpg

1601 0.92233349389223818 -0.31171500581352518 0.070533116719776148 -0.21716298174644136 -1.1603243235253464 -3.9455540331133347 -1.5441744527869044 1 f01600.jpg

1602 0.92205351128016766 -0.31249727706737235 0.071722106357763243 -0.21683798933996251 -1.1287256552656537 -3.9350674586733994 -1.528565122959314 1 f01601.jpg

1603 0.92169265298705627 -0.31451293534126723 0.071824732688440571 -0.21541929975500157 -1.0835743968076834 -3.933775514406459 -1.4994691273289533 1 f01602.jpg

1604 0.92114044546680152 -0.31710974826436511 0.071635847442851758 -0.21403269059206551 -1.0379364104379771 -3.934816412772792 -1.4654576881758277 1 f01603.jpg

1605 0.9205284502582084 -0.31957331026848756 0.071872383602221049 -0.21291930890503211 -0.99247859919761749 -3.9354707281393622 -1.4311199721872483 1 f01604.jpg

1606 0.91982450594226972 -0.32158276365520688 0.073951657748179606 -0.21222289392107815 -0.96151768049877784 -3.9309565060100757 -1.3988240508620557 1 f01605.jpg

1607 0.91912494564206138 -0.32311262913075595 0.077149236898558154 -0.21179130869952495 -0.93880128722289735 -3.9217251423522588 -1.3739435113415295 1 f01606.jpg

1608 0.91832743457894062 -0.32475512999561623 0.080736431890827506 -0.2114011755093399 -0.92360906319594105 -3.9137819974099304 -1.3464557475184968 1 f01607.jpg

1609 0.9176818181722336 -0.32639346918574291 0.083253765582749273 -0.21070404453947089 -0.89938079070821131 -3.9090578424521039 -1.3227448953723713 1 f01608.jpg

1610 0.91726330236676257 -0.32776947412436946 0.084937722170063013 -0.20971597296347244 -0.86900737927544114 -3.9029051530761034 -1.30164029595805 1 f01609.jpg

1611 0.91683381012713872 -0.32944866265810452 0.085900563399641305 -0.20856758254380045 -0.83534549827368931 -3.8987470726439462 -1.2828908829296273 1 f01610.jpg

1612 0.91638378309472568 -0.33135215071377572 0.08616291695281432 -0.20741857689352874 -0.79803000692219705 -3.8948068225244312 -1.2585631690733419 1 f01611.jpg

1613 0.91566074096187333 -0.33374600881350058 0.08625753930233479 -0.20673327254150231 -0.76212125388988206 -3.8916835914153665 -1.2322524016454124 1 f01612.jpg

1614 0.91481052210148228 -0.33629219346905792 0.087058522812939507 -0.20603417888741893 -0.72948293149400534 -3.888250166678068 -1.1993948922894664 1 f01613.jpg

1615 0.91411676180379375 -0.33838671652147428 0.088472851913439884 -0.20507932695780245 -0.70100372068689132 -3.8808117974111678 -1.1754566494280985 1 f01614.jpg

1616 0.91342919645314069 -0.3405816152887462 0.08942930557738793 -0.20409229700854811 -0.67182088061614376 -3.875723349721643 -1.1479058200209709 1 f01615.jpg

1617 0.91293069362735135 -0.34247010556813784 0.089468797540539588 -0.20314307689872893 -0.63557739387862477 -3.8732607222931232 -1.1284911703476275 1 f01616.jpg

1618 0.91273675900924744 -0.34351330623277698 0.089942312996130716 -0.20204107881128633 -0.59845751886959953 -3.8689765582754072 -1.110676495104465 1 f01617.jpg

1619 0.91281306413503083 -0.34396261578138193 0.091359811158766777 -0.20028832665505117 -0.56209542124699419 -3.8589716900064985 -1.1049964117036601 1 f01618.jpg

1620 0.91266793232567001 -0.34553687147325957 0.092691146899779614 -0.19761039204268271 -0.52209748392249056 -3.8506368374968529 -1.086425275650184 1 f01619.jpg

1621 0.91228386763567459 -0.34847503988367029 0.092582358317390118 -0.19424674606839229 -0.47355862066069215 -3.8473078574598936 -1.0632956294999683 1 f01620.jpg

1622 0.91156992145286908 -0.35261917724370945 0.09070021217034363 -0.19098027556434824 -0.41788726475065707 -3.847143643765901 -1.0223990147155737 1 f01621.jpg

1623 0.91058703322548418 -0.35716978961467916 0.087636200456017291 -0.18862898154273083 -0.36071685377801238 -3.8463878426632068 -0.97699287846272853 1 f01622.jpg

1624 0.90928256347488723 -0.36177164277984747 0.084646066142421095 -0.18751411074242236 -0.30935397522887276 -3.843817224933308 -0.9265553769708319 1 f01623.jpg

1625 0.90766645667658652 -0.36629018930286039 0.082836843870571719 -0.18737971593053482 -0.27223184712027865 -3.8393170708893587 -0.87337024772972438 1 f01624.jpg

1626 0.90586002750095806 -0.37097079890471718 0.081904628396887072 -0.1873230065505187 -0.24337553384600211 -3.83326835859333 -0.82042010956620193 1 f01625.jpg

1627 0.90410953661170979 -0.37535594054464383 0.080619197990905347 -0.18760172872579928 -0.2130532324982943 -3.8261438149758309 -0.76427834074830414 1 f01626.jpg

1628 0.90243329248820436 -0.37903548072945586 0.079760385287517374 -0.18863864369708649 -0.19132267813654799 -3.8158808586931401 -0.71762357666276577 1 f01627.jpg

1629 0.90095701061280131 -0.38193929415329037 0.07913339220907048 -0.19009667763224411 -0.17120675536803431 -3.8047001316008666 -0.67525203248802967 1 f01628.jpg

1630 0.899807176134922 -0.38408750294683169 0.079020658733000515 -0.19125786611161927 -0.1526131914706407 -3.7958664951126906 -0.64232533679045634 1 f01629.jpg

1631 0.89922896492401772 -0.38506184256456155 0.078888990510489101 -0.19207075055484255 -0.13201797781083283 -3.7844123318785918 -0.6165663374289867 1 f01630.jpg

1632 0.89902560738086856 -0.38540597938421939 0.078317240650781259 -0.19256582808276076 -0.10640730515530994 -3.7742231849890779 -0.60216008542749622 1 f01631.jpg

1633 0.89918136713765673 -0.38525183465132667 0.077431736017739991 -0.19250511460093575 -0.073731522226362478 -3.7659845362317035 -0.58820377851044736 1 f01632.jpg

1634 0.89953262317165383 -0.38500204573828251 0.076857904184198439 -0.19159161566121766 -0.038642138922503129 -3.7550351962733672 -0.57991842313933428 1 f01633.jpg

1635 0.89947676279773159 -0.38604397001401985 0.076181276851616075 -0.19002110267016706 0.0012759678289192978 -3.7466767932212393 -0.55521954090276704 1 f01634.jpg

1636 0.89892343012515796 -0.38831867531201586 0.075538642814302365 -0.18825298568074653 0.041424709547960556 -3.7387983510935312 -0.52395041659594166 1 f01635.jpg

1637 0.89798628584849804 -0.39150327448003835 0.074422870122026988 -0.18656648386628391 0.080974933900752388 -3.7349553375579614 -0.48345091252984246 1 f01636.jpg

1638 0.89698850330589142 -0.39490330378214289 0.07241535564226434 -0.1849838421760413 0.12309319180079398 -3.7366567509883413 -0.44078839576194118 1 f01637.jpg

1639 0.89662266980322036 -0.39730731391504437 0.069187821404932862 -0.18283252356677801 0.17635023143537457 -3.7421805210417105 -0.40425963578880825 1 f01638.jpg

1640 0.89739522629521706 -0.39735160038138895 0.065429968903894312 -0.18031204248785104 0.23786621552430273 -3.7459281339773671 -0.38802056023519688 1 f01639.jpg

1641 0.89883350766117376 -0.39549939954730323 0.062356023379610388 -0.17829828045024318 0.2951207694268792 -3.7467574940883788 -0.38616900047339126 1 f01640.jpg

1642 0.90030324855416144 -0.39287479229792965 0.061104349448848641 -0.17711498157445113 0.33695524419856338 -3.7412740687545147 -0.39336610618766582 1 f01641.jpg

1643 0.9013374967180724 -0.39096697344094866 0.060963001784122256 -0.17612227315672443 0.37218899246171083 -3.7371941559869861 -0.39373635329704804 1 f01642.jpg

1644 0.90217998406515598 -0.38955553017445482 0.061089920258407204 -0.1748879267002606 0.40562957520683124 -3.7343885507907371 -0.39381474776949255 1 f01643.jpg

1645 0.90317660036984437 -0.38779099613302592 0.060734285544150363 -0.17378584068320213 0.4397493691249677 -3.7311113861423362 -0.39560957963117854 1 f01644.jpg

1646 0.90421789900074967 -0.38562183921263404 0.060247878377536312 -0.17336660981844254 0.46934920248938578 -3.7257979768204503 -0.39879829539630607 1 f01645.jpg

1647 0.90497964301420164 -0.3838092647734373 0.060073985029200465 -0.17347452356664178 0.49509296924975871 -3.7172778978820977 -0.39626259674506087 1 f01646.jpg

1648 0.90531037437506845 -0.38304569774763453 0.060379662459304033 -0.17333036620050726 0.52135252483943018 -3.71007469927443 -0.38717647242084902 1 f01647.jpg

1649 0.90554561949793233 -0.38291423327847601 0.060741542551554409 -0.17226225927149955 0.55090613904729169 -3.7030514781354293 -0.37552921216763763 1 f01648.jpg

1650 0.90590657017570986 -0.38284707227437115 0.060104880751437904 -0.17073022190953191 0.58476163993810581 -3.6954383320519666 -0.36184715152685981 1 f01649.jpg

1651 0.9064359757167012 -0.38237216227447934 0.058298939207154177 -0.16960714941113797 0.6217994033571852 -3.6878022025307686 -0.3500087353626688 1 f01650.jpg

1652 0.90692531584046487 -0.38151728066714508 0.056629287542187039 -0.16948203395193959 0.65744271059676818 -3.6819304277809479 -0.3368683592476987 1 f01651.jpg

1653 0.90749992179957661 -0.38005703111763878 0.056681554649174626 -0.16966952111195729 0.68390877985860543 -3.6748589196952341 -0.33115570582713716 1 f01652.jpg

1654 0.90814125495652354 -0.37809979151112383 0.058098627189530155 -0.1701310031238478 0.69803876092695738 -3.6663940423220778 -0.33368137121850755 1 f01653.jpg

1655 0.9087321034970236 -0.37599921707811218 0.059349918192497894 -0.17119620334885974 0.70668715294434881 -3.6562168814403346 -0.33824881591398376 1 f01654.jpg

1656 0.90921755989700115 -0.37424104663266083 0.059855377955676366 -0.1722916176719427 0.71415944106553597 -3.6485503860033202 -0.34008604115836311 1 f01655.jpg

1657 0.90987087291990854 -0.37244773128157654 0.058897957121335956 -0.17305696380701832 0.72805951984780626 -3.6400570787026196 -0.34167671211062028 1 f01656.jpg

1658 0.91060051250426255 -0.37066347125447752 0.056422231457127291 -0.17387302695345069 0.7459865445739875 -3.6300269814026076 -0.33985043546799687 1 f01657.jpg

1659 0.91137320283816015 -0.36889616423242272 0.052622421398903454 -0.17477238319951041 0.77263105870297044 -3.6207441350485365 -0.33527649866225095 1 f01658.jpg

1660 0.91223062136082855 -0.36684563026818517 0.049263915326971566 -0.17559226535196365 0.80108987282422461 -3.612775296755228 -0.32993742521861208 1 f01659.jpg

1661 0.91301728925227121 -0.36470590215024012 0.047445373859298069 -0.17645954483270604 0.82408491874209466 -3.6021290630500431 -0.32949819928719326 1 f01660.jpg

1662 0.91331649015545946 -0.36349437423606312 0.04721838441385235 -0.17746901949971866 0.83669249842555671 -3.5902036984713144 -0.32401739486018383 1 f01661.jpg

1663 0.91309585293494211 -0.36350981654267783 0.047515483099647947 -0.17849049133196593 0.84538656282487945 -3.5771481775267153 -0.31306296188342408 1 f01662.jpg

1664 0.9123684346714076 -0.36496408598932883 0.047517947813066848 -0.17924034141022596 0.85689925423195323 -3.5675140836058379 -0.2867430447342969 1 f01663.jpg

1665 0.91153627808253923 -0.3667959364010423 0.047412407769390458 -0.17976211605515049 0.87396038761104955 -3.5589499637401731 -0.25681579145541839 1 f01664.jpg

1666 0.91070796523759823 -0.36855565770633109 0.04824876754556643 -0.18013824040381576 0.88967160097957787 -3.5504726594734777 -0.22766702298311184 1 f01665.jpg

1667 0.90998851807444692 -0.37018117957809094 0.049895939822241712 -0.17999218440838491 0.90298005021271555 -3.5375907577416328 -0.2055624417242585 1 f01666.jpg

1668 0.90910713898008455 -0.37259562929366224 0.050957799092603034 -0.17916475545805199 0.92099628774195497 -3.524042059750474 -0.17648704549513283 1 f01667.jpg

1669 0.9080340344956912 -0.37576204902084209 0.050992190287848266 -0.17797997427459247 0.94474724042479696 -3.5091584082745704 -0.13899987397119651 1 f01668.jpg

1670 0.90679971341924059 -0.37930765293730706 0.050755980944409244 -0.17681576446783986 0.97334215530704882 -3.4972175778557983 -0.096133068678602246 1 f01669.jpg

1671 0.90561817728963767 -0.38252250920213005 0.051471506747846701 -0.17573540027384579 1.0020709638515066 -3.4847077041908721 -0.056433697019962412 1 f01670.jpg

1672 0.90442238614269888 -0.38552604887687542 0.053664660670337073 -0.17467088273799217 1.0255117732163057 -3.4712921540330197 -0.022838415968966349 1 f01671.jpg

1673 0.90319866933788606 -0.38845499131270117 0.056704207515722055 -0.17354975160032543 1.0420848609559665 -3.4598621695413039 0.010178282053975581 1 f01672.jpg

1674 0.90215745766278665 -0.39105740023922803 0.05909272667479408 -0.17231970565112981 1.0557955568820745 -3.444983274319402 0.034855484208031938 1 f01673.jpg

1675 0.90128914785292358 -0.3935887125684473 0.059182560424809919 -0.17106496380856651 1.0789464024727931 -3.4298786701856159 0.066730419984544057 1 f01674.jpg

1676 0.90098229140211206 -0.39527075110791648 0.057937563870510016 -0.16921933279366713 1.1179553007964689 -3.416762662290429 0.096122620195144254 1 f01675.jpg

1677 0.90136549693495527 -0.3955190748293359 0.057564273768635515 -0.16670709872958128 1.1634509948531124 -3.3999066969573133 0.11496954768800495 1 f01676.jpg

1678 0.90195434573266986 -0.39515468054857267 0.058945903815780354 -0.16387958102780451 1.204677186624787 -3.3766618028229707 0.11935927407734051 1 f01677.jpg

1679 0.90200132357685081 -0.3960695458648788 0.061184513390674093 -0.16055834585952225 1.2459938359723655 -3.3441756379893901 0.13228045723100867 1 f01678.jpg

1680 0.9010539250716858 -0.39951058809347434 0.063368636367921435 -0.15645296430233044 1.2944184168321835 -3.3092301023155692 0.16117853314824096 1 f01679.jpg

1681 0.89924852199722305 -0.4050537956211121 0.065430119960895469 -0.15166547972641037 1.3462344345103334 -3.273558371723853 0.2095133046808865 1 f01680.jpg

1682 0.89674441230428903 -0.41210774899823566 0.067291169094692724 -0.14658977037471868 1.3949468052832927 -3.2381669925752554 0.26294934394765712 1 f01681.jpg

1683 0.89417614124316747 -0.41896293221640601 0.068500892922412793 -0.14222066491526639 1.4413385379766757 -3.1979486623225886 0.31966686773303282 1 f01682.jpg

1684 0.89137857282742627 -0.42579341358144185 0.069139909606399819 -0.13915416542246017 1.4814254468774486 -3.1623356765656787 0.37868220352545434 1 f01683.jpg

1685 0.88882422314852461 -0.43174802016725999 0.069436650376744818 -0.13698065195688078 1.5140719548905355 -3.127130415389106 0.43641562460784322 1 f01684.jpg

1686 0.88663826737287021 -0.43682344015101471 0.068537592804343059 -0.13550078722005018 1.5484199088473038 -3.1031182751532342 0.48944002941109421 1 f01685.jpg

1687 0.8855739783229537 -0.43940197417955096 0.067862397006086095 -0.13445939564403356 1.5880497543216463 -3.0770183963629303 0.52888323899989664 1 f01686.jpg

1688 0.88520030470200528 -0.44041148264685209 0.069073416808937554 -0.1329925170775253 1.6289951466579391 -3.053460602053828 0.54889386649223304 1 f01687.jpg

1689 0.88531651727553029 -0.44038418091733728 0.072392053181039723 -0.13052137017793319 1.6627522788703408 -3.022178118695948 0.54938421177864349 1 f01688.jpg

1690 0.88501499634118308 -0.44133900995365788 0.075366004507088413 -0.12762562402972855 1.6960350023277917 -2.9812826888945803 0.54969262742292657 1 f01689.jpg

1691 0.88366242487377811 -0.44438288291746492 0.077294920617274374 -0.12525999953267999 1.7228736550145352 -2.9364850926608339 0.57124723419082768 1 f01690.jpg

1692 0.88163175132424121 -0.44866052688491836 0.077827117154830691 -0.12398438009550489 1.755052070271562 -2.9002115680087002 0.60910719047439199 1 f01691.jpg

1693 0.87994053156301577 -0.45184695579258738 0.079094319883449324 -0.12362474677727853 1.7892245110111307 -2.8741398821624604 0.6432776025432998 1 f01692.jpg

1694 0.878910062159862 -0.45315185027973731 0.083021076065680557 -0.12360422384002849 1.8236198700125326 -2.8614400165252678 0.65911397083066947 1 f01693.jpg

1695 0.8788220791657162 -0.45214314744196327 0.0902818812317083 -0.12283122287670298 1.8481063725486695 -2.8489555394092889 0.64437861389196771 1 f01694.jpg

1696 0.87908912899496994 -0.45027437677712356 0.098923685150666768 -0.12111727134083423 1.8604485055208855 -2.8305605443201562 0.61125431854862644 1 f01695.jpg

1697 0.87923285491883119 -0.44869268511973304 0.10634688531806726 -0.1196444780776374 1.8658340525471639 -2.8068708178094375 0.58084933655925663 1 f01696.jpg

1698 0.8793727800020319 -0.44757319510147264 0.11105654605470469 -0.11852507075111751 1.8808650704184426 -2.7827233033057808 0.56491041769968275 1 f01697.jpg

1699 0.87970900540800401 -0.44628704062268421 0.11439847931553924 -0.11769847537925111 1.8965526899148131 -2.7649859190007766 0.55280372685824142 1 f01698.jpg

1700 0.8807814115303858 -0.44359808894764519 0.11707365518065438 -0.11721177350069947 1.9149295251571223 -2.7496209785514791 0.53699351028701792 1 f01699.jpg

1701 0.88278704461249058 -0.43913840053280573 0.11922723125849873 -0.11674487726777001 1.936385608208296 -2.7343264693126383 0.51426275778408015 1 f01700.jpg

1702 0.88543552672724979 -0.43365480127034445 0.12095387604465656 -0.11540191165742918 1.9636295144445808 -2.7292930038528742 0.47480485060922933 1 f01701.jpg

