REPLAY src_db=../replay_cap50/session.db poses=poses_cap50.jsonl out=arm_3deg k=12 max_frames=0 ratio=0.700 AETHER_INCREMENTAL_GLOBAL_BA=(unset)
SOURCE n_images=201 n_poses=201
I20260807 13:00:01.089097 0x20b9da080 database_cache.cc:72] Loading rigs...
I20260807 13:00:01.089116 0x20b9da080 database_cache.cc:82]  0 in 0.000s
I20260807 13:00:01.089123 0x20b9da080 database_cache.cc:90] Loading cameras...
I20260807 13:00:01.089136 0x20b9da080 database_cache.cc:108]  3 in 0.000s
I20260807 13:00:01.089145 0x20b9da080 database_cache.cc:116] Loading frames...
I20260807 13:00:01.089155 0x20b9da080 database_cache.cc:126]  0 in 0.000s
I20260807 13:00:01.089165 0x20b9da080 database_cache.cc:134] Loading matches...
I20260807 13:00:01.089186 0x20b9da080 database_cache.cc:139]  3 in 0.000s
I20260807 13:00:01.089194 0x20b9da080 database_cache.cc:147] Loading images...
I20260807 13:00:01.089488 0x20b9da080 database_cache.cc:236]  3 in 0.000s (loaded all 3)
I20260807 13:00:01.089494 0x20b9da080 database_cache.cc:255] Loading pose priors...
I20260807 13:00:01.089500 0x20b9da080 database_cache.cc:263]  0 in 0.000s
I20260807 13:00:01.089504 0x20b9da080 database_cache.cc:271] Building correspondence graph...
I20260807 13:00:01.089646 0x20b9da080 database_cache.cc:300]  in 0.000s (ignored 0)
I20260807 13:00:01.159467 0x20b9da080 database_cache.cc:72] Loading rigs...
I20260807 13:00:01.159481 0x20b9da080 database_cache.cc:82]  0 in 0.000s
I20260807 13:00:01.159486 0x20b9da080 database_cache.cc:90] Loading cameras...
I20260807 13:00:01.159495 0x20b9da080 database_cache.cc:108]  4 in 0.000s
I20260807 13:00:01.159499 0x20b9da080 database_cache.cc:116] Loading frames...
I20260807 13:00:01.159505 0x20b9da080 database_cache.cc:126]  0 in 0.000s
I20260807 13:00:01.159508 0x20b9da080 database_cache.cc:134] Loading matches...
I20260807 13:00:01.159531 0x20b9da080 database_cache.cc:139]  6 in 0.000s
I20260807 13:00:01.159537 0x20b9da080 database_cache.cc:147] Loading images...
I20260807 13:00:01.159875 0x20b9da080 database_cache.cc:236]  4 in 0.000s (loaded all 4)
I20260807 13:00:01.159881 0x20b9da080 database_cache.cc:255] Loading pose priors...
I20260807 13:00:01.159886 0x20b9da080 database_cache.cc:263]  0 in 0.000s
I20260807 13:00:01.159890 0x20b9da080 database_cache.cc:271] Building correspondence graph...
I20260807 13:00:01.160142 0x20b9da080 database_cache.cc:300]  in 0.000s (ignored 0)
I20260807 13:00:01.162877 0x20b9da080 official_bundle_adjustment_ceres.cc:1434] [AETHER gravity] injected 3/3 roll/pitch anchors, sigma_rad=0.00872665
I20260807 13:00:01.163312 0x20b9da080 official_bundle_adjustment_ceres.cc:923] [AETHER] solver_used=DENSE_SCHUR sparse_backend=EIGEN_SPARSE dense_backend=EIGEN mixed=0 threads=1
I20260807 13:00:01.165108 0x20b9da080 official_bundle_adjustment_ceres.cc:1434] [AETHER gravity] injected 3/3 roll/pitch anchors, sigma_rad=0.00872665
I20260807 13:00:01.165674 0x20b9da080 official_bundle_adjustment_ceres.cc:923] [AETHER] solver_used=DENSE_SCHUR sparse_backend=EIGEN_SPARSE dense_backend=EIGEN mixed=0 threads=1
I20260807 13:00:01.245815 0x20b9da080 database_cache.cc:72] Loading rigs...
I20260807 13:00:01.245828 0x20b9da080 database_cache.cc:82]  0 in 0.000s
I20260807 13:00:01.245833 0x20b9da080 database_cache.cc:90] Loading cameras...
I20260807 13:00:01.245842 0x20b9da080 database_cache.cc:108]  5 in 0.000s
I20260807 13:00:01.245846 0x20b9da080 database_cache.cc:116] Loading frames...
I20260807 13:00:01.245851 0x20b9da080 database_cache.cc:126]  0 in 0.000s
I20260807 13:00:01.245854 0x20b9da080 database_cache.cc:134] Loading matches...
I20260807 13:00:01.245882 0x20b9da080 database_cache.cc:139]  10 in 0.000s
I20260807 13:00:01.245885 0x20b9da080 database_cache.cc:147] Loading images...
I20260807 13:00:01.246253 0x20b9da080 database_cache.cc:236]  5 in 0.000s (loaded all 5)
I20260807 13:00:01.246260 0x20b9da080 database_cache.cc:255] Loading pose priors...
I20260807 13:00:01.246265 0x20b9da080 database_cache.cc:263]  0 in 0.000s
I20260807 13:00:01.246268 0x20b9da080 database_cache.cc:271] Building correspondence graph...
I20260807 13:00:01.246668 0x20b9da080 database_cache.cc:300]  in 0.000s (ignored 0)
I20260807 13:00:01.249084 0x20b9da080 official_bundle_adjustment_ceres.cc:1434] [AETHER gravity] injected 4/4 roll/pitch anchors, sigma_rad=0.00872665
I20260807 13:00:01.264788 0x20b9da080 official_bundle_adjustment_ceres.cc:923] [AETHER] solver_used=DENSE_SCHUR sparse_backend=EIGEN_SPARSE dense_backend=EIGEN mixed=0 threads=1
I20260807 13:00:01.398356 0x20b9da080 database_cache.cc:72] Loading rigs...
I20260807 13:00:01.398373 0x20b9da080 database_cache.cc:82]  0 in 0.000s
I20260807 13:00:01.398378 0x20b9da080 database_cache.cc:90] Loading cameras...
I20260807 13:00:01.398387 0x20b9da080 database_cache.cc:108]  6 in 0.000s
I20260807 13:00:01.398391 0x20b9da080 database_cache.cc:116] Loading frames...
I20260807 13:00:01.398396 0x20b9da080 database_cache.cc:126]  0 in 0.000s
I20260807 13:00:01.398399 0x20b9da080 database_cache.cc:134] Loading matches...
I20260807 13:00:01.398434 0x20b9da080 database_cache.cc:139]  15 in 0.000s
I20260807 13:00:01.398438 0x20b9da080 database_cache.cc:147] Loading images...
I20260807 13:00:01.398889 0x20b9da080 database_cache.cc:236]  6 in 0.000s (loaded all 6)
I20260807 13:00:01.398894 0x20b9da080 database_cache.cc:255] Loading pose priors...
I20260807 13:00:01.398899 0x20b9da080 database_cache.cc:263]  0 in 0.000s
I20260807 13:00:01.398902 0x20b9da080 database_cache.cc:271] Building correspondence graph...
I20260807 13:00:01.399362 0x20b9da080 database_cache.cc:300]  in 0.000s (ignored 0)
I20260807 13:00:01.401519 0x20b9da080 official_bundle_adjustment_ceres.cc:1434] [AETHER gravity] injected 5/5 roll/pitch anchors, sigma_rad=0.00872665
I20260807 13:00:01.404387 0x20b9da080 official_bundle_adjustment_ceres.cc:923] [AETHER] solver_used=DENSE_SCHUR sparse_backend=EIGEN_SPARSE dense_backend=EIGEN mixed=0 threads=1
I20260807 13:00:01.405872 0x20b9da080 official_bundle_adjustment_ceres.cc:1434] [AETHER gravity] injected 4/4 roll/pitch anchors, sigma_rad=0.00872665
I20260807 13:00:01.406210 0x20b9da080 official_bundle_adjustment_ceres.cc:923] [AETHER] solver_used=DENSE_SCHUR sparse_backend=EIGEN_SPARSE dense_backend=EIGEN mixed=0 threads=1
I20260807 13:00:01.549114 0x20b9da080 database_cache.cc:72] Loading rigs...
I20260807 13:00:01.549133 0x20b9da080 database_cache.cc:82]  0 in 0.000s
I20260807 13:00:01.549137 0x20b9da080 database_cache.cc:90] Loading cameras...
I20260807 13:00:01.549152 0x20b9da080 database_cache.cc:108]  7 in 0.000s
I20260807 13:00:01.549157 0x20b9da080 database_cache.cc:116] Loading frames...
I20260807 13:00:01.549163 0x20b9da080 database_cache.cc:126]  0 in 0.000s
I20260807 13:00:01.549166 0x20b9da080 database_cache.cc:134] Loading matches...
I20260807 13:00:01.549216 0x20b9da080 database_cache.cc:139]  21 in 0.000s
I20260807 13:00:01.549219 0x20b9da080 database_cache.cc:147] Loading images...
I20260807 13:00:01.549773 0x20b9da080 database_cache.cc:236]  7 in 0.001s (loaded all 7)
I20260807 13:00:01.549779 0x20b9da080 database_cache.cc:255] Loading pose priors...
I20260807 13:00:01.549788 0x20b9da080 database_cache.cc:263]  0 in 0.000s
I20260807 13:00:01.549792 0x20b9da080 database_cache.cc:271] Building correspondence graph...
I20260807 13:00:01.550466 0x20b9da080 database_cache.cc:300]  in 0.001s (ignored 0)
I20260807 13:00:01.553182 0x20b9da080 official_bundle_adjustment_ceres.cc:1434] [AETHER gravity] injected 2/2 roll/pitch anchors, sigma_rad=0.00872665
I20260807 13:00:01.555523 0x20b9da080 official_bundle_adjustment_ceres.cc:923] [AETHER] solver_used=DENSE_SCHUR sparse_backend=EIGEN_SPARSE dense_backend=EIGEN mixed=0 threads=1
I20260807 13:00:01.557039 0x20b9da080 official_bundle_adjustment_ceres.cc:1434] [AETHER gravity] injected 2/2 roll/pitch anchors, sigma_rad=0.00872665
I20260807 13:00:01.557153 0x20b9da080 official_bundle_adjustment_ceres.cc:923] [AETHER] solver_used=DENSE_SCHUR sparse_backend=EIGEN_SPARSE dense_backend=EIGEN mixed=0 threads=1
I20260807 13:00:01.675673 0x20b9da080 database_cache.cc:72] Loading rigs...
I20260807 13:00:01.675687 0x20b9da080 database_cache.cc:82]  0 in 0.000s
I20260807 13:00:01.675693 0x20b9da080 database_cache.cc:90] Loading cameras...
I20260807 13:00:01.675704 0x20b9da080 database_cache.cc:108]  8 in 0.000s
I20260807 13:00:01.675707 0x20b9da080 database_cache.cc:116] Loading frames...
I20260807 13:00:01.675713 0x20b9da080 database_cache.cc:126]  0 in 0.000s
I20260807 13:00:01.675716 0x20b9da080 database_cache.cc:134] Loading matches...
I20260807 13:00:01.675758 0x20b9da080 database_cache.cc:139]  28 in 0.000s
I20260807 13:00:01.675762 0x20b9da080 database_cache.cc:147] Loading images...
I20260807 13:00:01.676342 0x20b9da080 database_cache.cc:236]  8 in 0.001s (loaded all 8)
I20260807 13:00:01.676347 0x20b9da080 database_cache.cc:255] Loading pose priors...
I20260807 13:00:01.676352 0x20b9da080 database_cache.cc:263]  0 in 0.000s
I20260807 13:00:01.676355 0x20b9da080 database_cache.cc:271] Building correspondence graph...
I20260807 13:00:01.677103 0x20b9da080 database_cache.cc:300]  in 0.001s (ignored 0)
I20260807 13:00:01.679782 0x20b9da080 official_bundle_adjustment_ceres.cc:1434] [AETHER gravity] injected 2/2 roll/pitch anchors, sigma_rad=0.00872665
I20260807 13:00:01.681846 0x20b9da080 official_bundle_adjustment_ceres.cc:923] [AETHER] solver_used=DENSE_SCHUR sparse_backend=EIGEN_SPARSE dense_backend=EIGEN mixed=0 threads=1
I20260807 13:00:01.683376 0x20b9da080 official_bundle_adjustment_ceres.cc:1434] [AETHER gravity] injected 3/3 roll/pitch anchors, sigma_rad=0.00872665
I20260807 13:00:01.684148 0x20b9da080 official_bundle_adjustment_ceres.cc:923] [AETHER] solver_used=DENSE_SCHUR sparse_backend=EIGEN_SPARSE dense_backend=EIGEN mixed=0 threads=1
I20260807 13:00:01.804647 0x20b9da080 database_cache.cc:72] Loading rigs...
I20260807 13:00:01.804660 0x20b9da080 database_cache.cc:82]  0 in 0.000s
I20260807 13:00:01.804664 0x20b9da080 database_cache.cc:90] Loading cameras...
I20260807 13:00:01.804674 0x20b9da080 database_cache.cc:108]  9 in 0.000s
I20260807 13:00:01.804677 0x20b9da080 database_cache.cc:116] Loading frames...
I20260807 13:00:01.804683 0x20b9da080 database_cache.cc:126]  0 in 0.000s
I20260807 13:00:01.804686 0x20b9da080 database_cache.cc:134] Loading matches...
I20260807 13:00:01.804736 0x20b9da080 database_cache.cc:139]  36 in 0.000s
I20260807 13:00:01.804740 0x20b9da080 database_cache.cc:147] Loading images...
I20260807 13:00:01.805376 0x20b9da080 database_cache.cc:236]  9 in 0.001s (loaded all 9)
I20260807 13:00:01.805382 0x20b9da080 database_cache.cc:255] Loading pose priors...
I20260807 13:00:01.805388 0x20b9da080 database_cache.cc:263]  0 in 0.000s
I20260807 13:00:01.805391 0x20b9da080 database_cache.cc:271] Building correspondence graph...
I20260807 13:00:01.806243 0x20b9da080 database_cache.cc:300]  in 0.001s (ignored 0)
I20260807 13:00:01.809804 0x20b9da080 official_bundle_adjustment_ceres.cc:1434] [AETHER gravity] injected 2/2 roll/pitch anchors, sigma_rad=0.00872665
I20260807 13:00:01.811822 0x20b9da080 official_bundle_adjustment_ceres.cc:923] [AETHER] solver_used=DENSE_SCHUR sparse_backend=EIGEN_SPARSE dense_backend=EIGEN mixed=0 threads=1
I20260807 13:00:01.813617 0x20b9da080 official_bundle_adjustment_ceres.cc:1434] [AETHER gravity] injected 4/4 roll/pitch anchors, sigma_rad=0.00872665
I20260807 13:00:01.814471 0x20b9da080 official_bundle_adjustment_ceres.cc:923] [AETHER] solver_used=DENSE_SCHUR sparse_backend=EIGEN_SPARSE dense_backend=EIGEN mixed=0 threads=1
I20260807 13:00:01.934202 0x20b9da080 database_cache.cc:72] Loading rigs...
I20260807 13:00:01.934224 0x20b9da080 database_cache.cc:82]  0 in 0.000s
I20260807 13:00:01.934229 0x20b9da080 database_cache.cc:90] Loading cameras...
I20260807 13:00:01.934244 0x20b9da080 database_cache.cc:108]  10 in 0.000s
I20260807 13:00:01.934248 0x20b9da080 database_cache.cc:116] Loading frames...
I20260807 13:00:01.934253 0x20b9da080 database_cache.cc:126]  0 in 0.000s
I20260807 13:00:01.934257 0x20b9da080 database_cache.cc:134] Loading matches...
I20260807 13:00:01.934331 0x20b9da080 database_cache.cc:139]  45 in 0.000s
I20260807 13:00:01.934337 0x20b9da080 database_cache.cc:147] Loading images...
I20260807 13:00:01.935124 0x20b9da080 database_cache.cc:236]  10 in 0.001s (loaded all 10)
I20260807 13:00:01.935138 0x20b9da080 database_cache.cc:255] Loading pose priors...
I20260807 13:00:01.935150 0x20b9da080 database_cache.cc:263]  0 in 0.000s
I20260807 13:00:01.935153 0x20b9da080 database_cache.cc:271] Building correspondence graph...
I20260807 13:00:01.936243 0x20b9da080 database_cache.cc:300]  in 0.001s (ignored 0)
I20260807 13:00:01.939617 0x20b9da080 official_bundle_adjustment_ceres.cc:1434] [AETHER gravity] injected 2/2 roll/pitch anchors, sigma_rad=0.00872665
I20260807 13:00:01.944273 0x20b9da080 official_bundle_adjustment_ceres.cc:923] [AETHER] solver_used=DENSE_SCHUR sparse_backend=EIGEN_SPARSE dense_backend=EIGEN mixed=0 threads=1
I20260807 13:00:01.945561 0x20b9da080 official_bundle_adjustment_ceres.cc:1434] [AETHER gravity] injected 2/2 roll/pitch anchors, sigma_rad=0.00872665
I20260807 13:00:01.945659 0x20b9da080 official_bundle_adjustment_ceres.cc:923] [AETHER] solver_used=DENSE_SCHUR sparse_backend=EIGEN_SPARSE dense_backend=EIGEN mixed=0 threads=1
I20260807 13:00:02.069007 0x20b9da080 database_cache.cc:72] Loading rigs...
I20260807 13:00:02.069039 0x20b9da080 database_cache.cc:82]  0 in 0.000s
I20260807 13:00:02.069045 0x20b9da080 database_cache.cc:90] Loading cameras...
I20260807 13:00:02.069073 0x20b9da080 database_cache.cc:108]  11 in 0.000s
I20260807 13:00:02.069078 0x20b9da080 database_cache.cc:116] Loading frames...
I20260807 13:00:02.069084 0x20b9da080 database_cache.cc:126]  0 in 0.000s
I20260807 13:00:02.069088 0x20b9da080 database_cache.cc:134] Loading matches...
I20260807 13:00:02.069204 0x20b9da080 database_cache.cc:139]  55 in 0.000s
I20260807 13:00:02.069209 0x20b9da080 database_cache.cc:147] Loading images...
I20260807 13:00:02.069983 0x20b9da080 database_cache.cc:236]  11 in 0.001s (loaded all 11)
I20260807 13:00:02.069990 0x20b9da080 database_cache.cc:255] Loading pose priors...
I20260807 13:00:02.069996 0x20b9da080 database_cache.cc:263]  0 in 0.000s
I20260807 13:00:02.069999 0x20b9da080 database_cache.cc:271] Building correspondence graph...
I20260807 13:00:02.071147 0x20b9da080 database_cache.cc:300]  in 0.001s (ignored 0)
I20260807 13:00:02.075899 0x20b9da080 official_bundle_adjustment_ceres.cc:1434] [AETHER gravity] injected 3/3 roll/pitch anchors, sigma_rad=0.00872665
I20260807 13:00:02.083771 0x20b9da080 official_bundle_adjustment_ceres.cc:923] [AETHER] solver_used=DENSE_SCHUR sparse_backend=EIGEN_SPARSE dense_backend=EIGEN mixed=0 threads=1
I20260807 13:00:02.085609 0x20b9da080 official_bundle_adjustment_ceres.cc:1434] [AETHER gravity] injected 4/4 roll/pitch anchors, sigma_rad=0.00872665
I20260807 13:00:02.086826 0x20b9da080 official_bundle_adjustment_ceres.cc:923] [AETHER] solver_used=DENSE_SCHUR sparse_backend=EIGEN_SPARSE dense_backend=EIGEN mixed=0 threads=1
I20260807 13:00:02.284019 0x20b9da080 database_cache.cc:72] Loading rigs...
I20260807 13:00:02.284039 0x20b9da080 database_cache.cc:82]  0 in 0.000s
I20260807 13:00:02.284045 0x20b9da080 database_cache.cc:90] Loading cameras...
I20260807 13:00:02.284058 0x20b9da080 database_cache.cc:108]  12 in 0.000s
I20260807 13:00:02.284064 0x20b9da080 database_cache.cc:116] Loading frames...
I20260807 13:00:02.284071 0x20b9da080 database_cache.cc:126]  0 in 0.000s
I20260807 13:00:02.284074 0x20b9da080 database_cache.cc:134] Loading matches...
I20260807 13:00:02.284165 0x20b9da080 database_cache.cc:139]  66 in 0.000s
I20260807 13:00:02.284172 0x20b9da080 database_cache.cc:147] Loading images...
I20260807 13:00:02.285097 0x20b9da080 database_cache.cc:236]  12 in 0.001s (loaded all 12)
I20260807 13:00:02.285106 0x20b9da080 database_cache.cc:255] Loading pose priors...
I20260807 13:00:02.285115 0x20b9da080 database_cache.cc:263]  0 in 0.000s
I20260807 13:00:02.285119 0x20b9da080 database_cache.cc:271] Building correspondence graph...
I20260807 13:00:02.286510 0x20b9da080 database_cache.cc:300]  in 0.001s (ignored 0)
I20260807 13:00:02.290974 0x20b9da080 official_bundle_adjustment_ceres.cc:1434] [AETHER gravity] injected 6/6 roll/pitch anchors, sigma_rad=0.00872665
I20260807 13:00:02.297878 0x20b9da080 official_bundle_adjustment_ceres.cc:923] [AETHER] solver_used=DENSE_SCHUR sparse_backend=EIGEN_SPARSE dense_backend=EIGEN mixed=0 threads=1
I20260807 13:00:02.299796 0x20b9da080 official_bundle_adjustment_ceres.cc:1434] [AETHER gravity] injected 6/6 roll/pitch anchors, sigma_rad=0.00872665
I20260807 13:00:02.303738 0x20b9da080 official_bundle_adjustment_ceres.cc:923] [AETHER] solver_used=DENSE_SCHUR sparse_backend=EIGEN_SPARSE dense_backend=EIGEN mixed=0 threads=1
I20260807 13:00:02.482489 0x20b9da080 database_cache.cc:72] Loading rigs...
I20260807 13:00:02.482507 0x20b9da080 database_cache.cc:82]  0 in 0.000s
I20260807 13:00:02.482513 0x20b9da080 database_cache.cc:90] Loading cameras...
I20260807 13:00:02.482528 0x20b9da080 database_cache.cc:108]  13 in 0.000s
I20260807 13:00:02.482533 0x20b9da080 database_cache.cc:116] Loading frames...
I20260807 13:00:02.482540 0x20b9da080 database_cache.cc:126]  0 in 0.000s
I20260807 13:00:02.482543 0x20b9da080 database_cache.cc:134] Loading matches...
I20260807 13:00:02.482644 0x20b9da080 database_cache.cc:139]  78 in 0.000s
I20260807 13:00:02.482648 0x20b9da080 database_cache.cc:147] Loading images...
I20260807 13:00:02.483602 0x20b9da080 database_cache.cc:236]  13 in 0.001s (loaded all 13)
I20260807 13:00:02.483610 0x20b9da080 database_cache.cc:255] Loading pose priors...
I20260807 13:00:02.483622 0x20b9da080 database_cache.cc:263]  0 in 0.000s
I20260807 13:00:02.483626 0x20b9da080 database_cache.cc:271] Building correspondence graph...
I20260807 13:00:02.485229 0x20b9da080 database_cache.cc:300]  in 0.002s (ignored 0)
I20260807 13:00:02.489649 0x20b9da080 official_bundle_adjustment_ceres.cc:1434] [AETHER gravity] injected 6/6 roll/pitch anchors, sigma_rad=0.00872665
I20260807 13:00:02.494626 0x20b9da080 official_bundle_adjustment_ceres.cc:923] [AETHER] solver_used=DENSE_SCHUR sparse_backend=EIGEN_SPARSE dense_backend=EIGEN mixed=0 threads=1
I20260807 13:00:02.496392 0x20b9da080 official_bundle_adjustment_ceres.cc:1434] [AETHER gravity] injected 3/3 roll/pitch anchors, sigma_rad=0.00872665
I20260807 13:00:02.497431 0x20b9da080 official_bundle_adjustment_ceres.cc:923] [AETHER] solver_used=DENSE_SCHUR sparse_backend=EIGEN_SPARSE dense_backend=EIGEN mixed=0 threads=1
I20260807 13:00:02.824309 0x20b9da080 database_cache.cc:72] Loading rigs...
I20260807 13:00:02.824328 0x20b9da080 database_cache.cc:82]  0 in 0.000s
I20260807 13:00:02.824334 0x20b9da080 database_cache.cc:90] Loading cameras...
I20260807 13:00:02.824350 0x20b9da080 database_cache.cc:108]  14 in 0.000s
I20260807 13:00:02.824354 0x20b9da080 database_cache.cc:116] Loading frames...
I20260807 13:00:02.824361 0x20b9da080 database_cache.cc:126]  0 in 0.000s
I20260807 13:00:02.824365 0x20b9da080 database_cache.cc:134] Loading matches...
I20260807 13:00:02.824454 0x20b9da080 database_cache.cc:139]  90 in 0.000s
I20260807 13:00:02.824459 0x20b9da080 database_cache.cc:147] Loading images...
I20260807 13:00:02.825508 0x20b9da080 database_cache.cc:236]  14 in 0.001s (loaded all 14)
I20260807 13:00:02.825516 0x20b9da080 database_cache.cc:255] Loading pose priors...
I20260807 13:00:02.825523 0x20b9da080 database_cache.cc:263]  0 in 0.000s
I20260807 13:00:02.825526 0x20b9da080 database_cache.cc:271] Building correspondence graph...
I20260807 13:00:02.827218 0x20b9da080 database_cache.cc:300]  in 0.002s (ignored 0)
I20260807 13:00:02.830777 0x20b9da080 official_bundle_adjustment_ceres.cc:1434] [AETHER gravity] injected 6/6 roll/pitch anchors, sigma_rad=0.00872665
I20260807 13:00:02.837829 0x20b9da080 official_bundle_adjustment_ceres.cc:923] [AETHER] solver_used=DENSE_SCHUR sparse_backend=EIGEN_SPARSE dense_backend=EIGEN mixed=0 threads=1
I20260807 13:00:02.840370 0x20b9da080 official_bundle_adjustment_ceres.cc:1434] [AETHER gravity] injected 5/5 roll/pitch anchors, sigma_rad=0.00872665
I20260807 13:00:02.843136 0x20b9da080 official_bundle_adjustment_ceres.cc:923] [AETHER] solver_used=DENSE_SCHUR sparse_backend=EIGEN_SPARSE dense_backend=EIGEN mixed=0 threads=1
I20260807 13:00:03.082686 0x20b9da080 database_cache.cc:72] Loading rigs...
I20260807 13:00:03.082711 0x20b9da080 database_cache.cc:82]  0 in 0.000s
I20260807 13:00:03.082717 0x20b9da080 database_cache.cc:90] Loading cameras...
I20260807 13:00:03.082733 0x20b9da080 database_cache.cc:108]  15 in 0.000s
I20260807 13:00:03.082737 0x20b9da080 database_cache.cc:116] Loading frames...
I20260807 13:00:03.082743 0x20b9da080 database_cache.cc:126]  0 in 0.000s
I20260807 13:00:03.082746 0x20b9da080 database_cache.cc:134] Loading matches...
I20260807 13:00:03.082836 0x20b9da080 database_cache.cc:139]  102 in 0.000s
I20260807 13:00:03.082840 0x20b9da080 database_cache.cc:147] Loading images...
I20260807 13:00:03.083940 0x20b9da080 database_cache.cc:236]  15 in 0.001s (loaded all 15)
I20260807 13:00:03.083950 0x20b9da080 database_cache.cc:255] Loading pose priors...
I20260807 13:00:03.083956 0x20b9da080 database_cache.cc:263]  0 in 0.000s
I20260807 13:00:03.083960 0x20b9da080 database_cache.cc:271] Building correspondence graph...
I20260807 13:00:03.085816 0x20b9da080 database_cache.cc:300]  in 0.002s (ignored 0)
I20260807 13:00:03.088826 0x20b9da080 official_bundle_adjustment_ceres.cc:1434] [AETHER gravity] injected 2/2 roll/pitch anchors, sigma_rad=0.00872665
W20260807 13:00:03.089827 0x20b9da080 levenberg_marquardt_strategy.cc:123] Linear solver failure. Failed to compute a step: Eigen failure. Unable to perform dense Cholesky factorization.
I20260807 13:00:03.089849 0x20b9da080 official_bundle_adjustment_ceres.cc:923] [AETHER] solver_used=DENSE_SCHUR sparse_backend=EIGEN_SPARSE dense_backend=EIGEN mixed=0 threads=1
I20260807 13:00:03.091233 0x20b9da080 official_bundle_adjustment_ceres.cc:1434] [AETHER gravity] injected 2/2 roll/pitch anchors, sigma_rad=0.00872665
I20260807 13:00:03.091334 0x20b9da080 official_bundle_adjustment_ceres.cc:923] [AETHER] solver_used=DENSE_SCHUR sparse_backend=EIGEN_SPARSE dense_backend=EIGEN mixed=0 threads=1
I20260807 13:00:03.349595 0x20b9da080 database_cache.cc:72] Loading rigs...
I20260807 13:00:03.349615 0x20b9da080 database_cache.cc:82]  0 in 0.000s
I20260807 13:00:03.349621 0x20b9da080 database_cache.cc:90] Loading cameras...
I20260807 13:00:03.349636 0x20b9da080 database_cache.cc:108]  16 in 0.000s
I20260807 13:00:03.349642 0x20b9da080 database_cache.cc:116] Loading frames...
I20260807 13:00:03.349650 0x20b9da080 database_cache.cc:126]  0 in 0.000s
I20260807 13:00:03.349655 0x20b9da080 database_cache.cc:134] Loading matches...
I20260807 13:00:03.349758 0x20b9da080 database_cache.cc:139]  113 in 0.000s
I20260807 13:00:03.349765 0x20b9da080 database_cache.cc:147] Loading images...
I20260807 13:00:03.351025 0x20b9da080 database_cache.cc:236]  16 in 0.001s (loaded all 16)
I20260807 13:00:03.351039 0x20b9da080 database_cache.cc:255] Loading pose priors...
I20260807 13:00:03.351049 0x20b9da080 database_cache.cc:263]  0 in 0.000s
I20260807 13:00:03.351053 0x20b9da080 database_cache.cc:271] Building correspondence graph...
I20260807 13:00:03.353111 0x20b9da080 database_cache.cc:300]  in 0.002s (ignored 0)
I20260807 13:00:03.610353 0x20b9da080 database_cache.cc:72] Loading rigs...
I20260807 13:00:03.610375 0x20b9da080 database_cache.cc:82]  0 in 0.000s
I20260807 13:00:03.610382 0x20b9da080 database_cache.cc:90] Loading cameras...
I20260807 13:00:03.610400 0x20b9da080 database_cache.cc:108]  17 in 0.000s
I20260807 13:00:03.610404 0x20b9da080 database_cache.cc:116] Loading frames...
I20260807 13:00:03.610411 0x20b9da080 database_cache.cc:126]  0 in 0.000s
I20260807 13:00:03.610415 0x20b9da080 database_cache.cc:134] Loading matches...
I20260807 13:00:03.610535 0x20b9da080 database_cache.cc:139]  123 in 0.000s
I20260807 13:00:03.610544 0x20b9da080 database_cache.cc:147] Loading images...
I20260807 13:00:03.611859 0x20b9da080 database_cache.cc:236]  17 in 0.001s (loaded all 17)
I20260807 13:00:03.611864 0x20b9da080 database_cache.cc:255] Loading pose priors...
I20260807 13:00:03.611871 0x20b9da080 database_cache.cc:263]  0 in 0.000s
I20260807 13:00:03.611875 0x20b9da080 database_cache.cc:271] Building correspondence graph...
I20260807 13:00:03.613938 0x20b9da080 database_cache.cc:300]  in 0.002s (ignored 0)
I20260807 13:00:03.814260 0x20b9da080 database_cache.cc:72] Loading rigs...
I20260807 13:00:03.814280 0x20b9da080 database_cache.cc:82]  0 in 0.000s
I20260807 13:00:03.814286 0x20b9da080 database_cache.cc:90] Loading cameras...
I20260807 13:00:03.814302 0x20b9da080 database_cache.cc:108]  18 in 0.000s
I20260807 13:00:03.814306 0x20b9da080 database_cache.cc:116] Loading frames...
I20260807 13:00:03.814313 0x20b9da080 database_cache.cc:126]  0 in 0.000s
I20260807 13:00:03.814316 0x20b9da080 database_cache.cc:134] Loading matches...
I20260807 13:00:03.814438 0x20b9da080 database_cache.cc:139]  128 in 0.000s
I20260807 13:00:03.814442 0x20b9da080 database_cache.cc:147] Loading images...
I20260807 13:00:03.815821 0x20b9da080 database_cache.cc:236]  18 in 0.001s (loaded all 18)
I20260807 13:00:03.815829 0x20b9da080 database_cache.cc:255] Loading pose priors...
I20260807 13:00:03.815835 0x20b9da080 database_cache.cc:263]  0 in 0.000s
I20260807 13:00:03.815838 0x20b9da080 database_cache.cc:271] Building correspondence graph...
I20260807 13:00:03.817998 0x20b9da080 database_cache.cc:300]  in 0.002s (ignored 0)
I20260807 13:00:03.821011 0x20b9da080 official_bundle_adjustment_ceres.cc:1434] [AETHER gravity] injected 2/2 roll/pitch anchors, sigma_rad=0.00872665
I20260807 13:00:03.822719 0x20b9da080 official_bundle_adjustment_ceres.cc:923] [AETHER] solver_used=DENSE_SCHUR sparse_backend=EIGEN_SPARSE dense_backend=EIGEN mixed=0 threads=1
I20260807 13:00:03.825058 0x20b9da080 official_bundle_adjustment_ceres.cc:1434] [AETHER gravity] injected 2/2 roll/pitch anchors, sigma_rad=0.00872665
I20260807 13:00:03.828701 0x20b9da080 official_bundle_adjustment_ceres.cc:923] [AETHER] solver_used=DENSE_SCHUR sparse_backend=EIGEN_SPARSE dense_backend=EIGEN mixed=0 threads=1
I20260807 13:00:03.978731 0x20b9da080 database_cache.cc:72] Loading rigs...
I20260807 13:00:03.978750 0x20b9da080 database_cache.cc:82]  0 in 0.000s
I20260807 13:00:03.978756 0x20b9da080 database_cache.cc:90] Loading cameras...
I20260807 13:00:03.978779 0x20b9da080 database_cache.cc:108]  19 in 0.000s
I20260807 13:00:03.978783 0x20b9da080 database_cache.cc:116] Loading frames...
I20260807 13:00:03.978789 0x20b9da080 database_cache.cc:126]  0 in 0.000s
I20260807 13:00:03.978793 0x20b9da080 database_cache.cc:134] Loading matches...
I20260807 13:00:03.978921 0x20b9da080 database_cache.cc:139]  135 in 0.000s
I20260807 13:00:03.978925 0x20b9da080 database_cache.cc:147] Loading images...
I20260807 13:00:03.980301 0x20b9da080 database_cache.cc:236]  19 in 0.001s (loaded all 19)
I20260807 13:00:03.980306 0x20b9da080 database_cache.cc:255] Loading pose priors...
I20260807 13:00:03.980312 0x20b9da080 database_cache.cc:263]  0 in 0.000s
I20260807 13:00:03.980315 0x20b9da080 database_cache.cc:271] Building correspondence graph...
I20260807 13:00:03.982437 0x20b9da080 database_cache.cc:300]  in 0.002s (ignored 0)
I20260807 13:00:03.985838 0x20b9da080 official_bundle_adjustment_ceres.cc:1434] [AETHER gravity] injected 6/6 roll/pitch anchors, sigma_rad=0.00872665
I20260807 13:00:03.993059 0x20b9da080 official_bundle_adjustment_ceres.cc:923] [AETHER] solver_used=DENSE_SCHUR sparse_backend=EIGEN_SPARSE dense_backend=EIGEN mixed=0 threads=1
I20260807 13:00:03.994745 0x20b9da080 official_bundle_adjustment_ceres.cc:1434] [AETHER gravity] injected 5/5 roll/pitch anchors, sigma_rad=0.00872665
I20260807 13:00:04.001593 0x20b9da080 official_bundle_adjustment_ceres.cc:923] [AETHER] solver_used=DENSE_SCHUR sparse_backend=EIGEN_SPARSE dense_backend=EIGEN mixed=0 threads=1
I20260807 13:00:04.142339 0x20b9da080 database_cache.cc:72] Loading rigs...
I20260807 13:00:04.142359 0x20b9da080 database_cache.cc:82]  0 in 0.000s
I20260807 13:00:04.142365 0x20b9da080 database_cache.cc:90] Loading cameras...
I20260807 13:00:04.142380 0x20b9da080 database_cache.cc:108]  20 in 0.000s
I20260807 13:00:04.142384 0x20b9da080 database_cache.cc:116] Loading frames...
I20260807 13:00:04.142390 0x20b9da080 database_cache.cc:126]  0 in 0.000s
I20260807 13:00:04.142403 0x20b9da080 database_cache.cc:134] Loading matches...
I20260807 13:00:04.142594 0x20b9da080 database_cache.cc:139]  141 in 0.000s
I20260807 13:00:04.142598 0x20b9da080 database_cache.cc:147] Loading images...
I20260807 13:00:04.143974 0x20b9da080 database_cache.cc:236]  20 in 0.001s (loaded all 20)
I20260807 13:00:04.143979 0x20b9da080 database_cache.cc:255] Loading pose priors...
I20260807 13:00:04.143985 0x20b9da080 database_cache.cc:263]  0 in 0.000s
I20260807 13:00:04.143989 0x20b9da080 database_cache.cc:271] Building correspondence graph...
I20260807 13:00:04.146388 0x20b9da080 database_cache.cc:300]  in 0.002s (ignored 0)
I20260807 13:00:04.150324 0x20b9da080 official_bundle_adjustment_ceres.cc:1434] [AETHER gravity] injected 3/3 roll/pitch anchors, sigma_rad=0.00872665
I20260807 13:00:04.166045 0x20b9da080 official_bundle_adjustment_ceres.cc:923] [AETHER] solver_used=DENSE_SCHUR sparse_backend=EIGEN_SPARSE dense_backend=EIGEN mixed=0 threads=1
I20260807 13:00:04.169080 0x20b9da080 official_bundle_adjustment_ceres.cc:1434] [AETHER gravity] injected 3/3 roll/pitch anchors, sigma_rad=0.00872665
I20260807 13:00:04.175678 0x20b9da080 official_bundle_adjustment_ceres.cc:923] [AETHER] solver_used=DENSE_SCHUR sparse_backend=EIGEN_SPARSE dense_backend=EIGEN mixed=0 threads=1
I20260807 13:00:04.316674 0x20b9da080 database_cache.cc:72] Loading rigs...
I20260807 13:00:04.316696 0x20b9da080 database_cache.cc:82]  0 in 0.000s
I20260807 13:00:04.316704 0x20b9da080 database_cache.cc:90] Loading cameras...
I20260807 13:00:04.316722 0x20b9da080 database_cache.cc:108]  21 in 0.000s
I20260807 13:00:04.316727 0x20b9da080 database_cache.cc:116] Loading frames...
I20260807 13:00:04.316735 0x20b9da080 database_cache.cc:126]  0 in 0.000s
I20260807 13:00:04.316738 0x20b9da080 database_cache.cc:134] Loading matches...
I20260807 13:00:04.316883 0x20b9da080 database_cache.cc:139]  146 in 0.000s
I20260807 13:00:04.316888 0x20b9da080 database_cache.cc:147] Loading images...
I20260807 13:00:04.318563 0x20b9da080 database_cache.cc:236]  21 in 0.002s (loaded all 21)
I20260807 13:00:04.318589 0x20b9da080 database_cache.cc:255] Loading pose priors...
I20260807 13:00:04.318603 0x20b9da080 database_cache.cc:263]  0 in 0.000s
I20260807 13:00:04.318607 0x20b9da080 database_cache.cc:271] Building correspondence graph...
I20260807 13:00:04.321152 0x20b9da080 database_cache.cc:300]  in 0.003s (ignored 0)
I20260807 13:00:04.325680 0x20b9da080 official_bundle_adjustment_ceres.cc:1434] [AETHER gravity] injected 5/5 roll/pitch anchors, sigma_rad=0.00872665
I20260807 13:00:04.358323 0x20b9da080 official_bundle_adjustment_ceres.cc:923] [AETHER] solver_used=DENSE_SCHUR sparse_backend=EIGEN_SPARSE dense_backend=EIGEN mixed=0 threads=6
I20260807 13:00:04.361703 0x20b9da080 official_bundle_adjustment_ceres.cc:1434] [AETHER gravity] injected 5/5 roll/pitch anchors, sigma_rad=0.00872665
I20260807 13:00:04.372867 0x20b9da080 official_bundle_adjustment_ceres.cc:923] [AETHER] solver_used=DENSE_SCHUR sparse_backend=EIGEN_SPARSE dense_backend=EIGEN mixed=0 threads=6
I20260807 13:00:04.516070 0x20b9da080 database_cache.cc:72] Loading rigs...
I20260807 13:00:04.516100 0x20b9da080 database_cache.cc:82]  0 in 0.000s
I20260807 13:00:04.516107 0x20b9da080 database_cache.cc:90] Loading cameras...
I20260807 13:00:04.516124 0x20b9da080 database_cache.cc:108]  22 in 0.000s
I20260807 13:00:04.516129 0x20b9da080 database_cache.cc:116] Loading frames...
I20260807 13:00:04.516135 0x20b9da080 database_cache.cc:126]  0 in 0.000s
I20260807 13:00:04.516139 0x20b9da080 database_cache.cc:134] Loading matches...
I20260807 13:00:04.516322 0x20b9da080 database_cache.cc:139]  156 in 0.000s
I20260807 13:00:04.516330 0x20b9da080 database_cache.cc:147] Loading images...
I20260807 13:00:04.518012 0x20b9da080 database_cache.cc:236]  22 in 0.002s (loaded all 22)
I20260807 13:00:04.518028 0x20b9da080 database_cache.cc:255] Loading pose priors...
I20260807 13:00:04.518036 0x20b9da080 database_cache.cc:263]  0 in 0.000s
I20260807 13:00:04.518040 0x20b9da080 database_cache.cc:271] Building correspondence graph...
I20260807 13:00:04.520428 0x20b9da080 database_cache.cc:300]  in 0.002s (ignored 0)
I20260807 13:00:04.671075 0x20b9da080 database_cache.cc:72] Loading rigs...
I20260807 13:00:04.671094 0x20b9da080 database_cache.cc:82]  0 in 0.000s
I20260807 13:00:04.671100 0x20b9da080 database_cache.cc:90] Loading cameras...
I20260807 13:00:04.671117 0x20b9da080 database_cache.cc:108]  23 in 0.000s
I20260807 13:00:04.671122 0x20b9da080 database_cache.cc:116] Loading frames...
I20260807 13:00:04.671128 0x20b9da080 database_cache.cc:126]  0 in 0.000s
I20260807 13:00:04.671131 0x20b9da080 database_cache.cc:134] Loading matches...
I20260807 13:00:04.671291 0x20b9da080 database_cache.cc:139]  167 in 0.000s
I20260807 13:00:04.671295 0x20b9da080 database_cache.cc:147] Loading images...
I20260807 13:00:04.672883 0x20b9da080 database_cache.cc:236]  23 in 0.002s (loaded all 23)
I20260807 13:00:04.672889 0x20b9da080 database_cache.cc:255] Loading pose priors...
I20260807 13:00:04.672895 0x20b9da080 database_cache.cc:263]  0 in 0.000s
I20260807 13:00:04.672898 0x20b9da080 database_cache.cc:271] Building correspondence graph...
I20260807 13:00:04.675497 0x20b9da080 database_cache.cc:300]  in 0.003s (ignored 0)
I20260807 13:00:04.679275 0x20b9da080 official_bundle_adjustment_ceres.cc:1434] [AETHER gravity] injected 2/2 roll/pitch anchors, sigma_rad=0.00872665
I20260807 13:00:04.679941 0x20b9da080 official_bundle_adjustment_ceres.cc:923] [AETHER] solver_used=DENSE_SCHUR sparse_backend=EIGEN_SPARSE dense_backend=EIGEN mixed=0 threads=1
I20260807 13:00:04.681746 0x20b9da080 official_bundle_adjustment_ceres.cc:1434] [AETHER gravity] injected 2/2 roll/pitch anchors, sigma_rad=0.00872665
I20260807 13:00:04.682197 0x20b9da080 official_bundle_adjustment_ceres.cc:923] [AETHER] solver_used=DENSE_SCHUR sparse_backend=EIGEN_SPARSE dense_backend=EIGEN mixed=0 threads=1
I20260807 13:00:04.837290 0x20b9da080 database_cache.cc:72] Loading rigs...
I20260807 13:00:04.837309 0x20b9da080 database_cache.cc:82]  0 in 0.000s
I20260807 13:00:04.837314 0x20b9da080 database_cache.cc:90] Loading cameras...
I20260807 13:00:04.837331 0x20b9da080 database_cache.cc:108]  24 in 0.000s
I20260807 13:00:04.837335 0x20b9da080 database_cache.cc:116] Loading frames...
I20260807 13:00:04.837341 0x20b9da080 database_cache.cc:126]  0 in 0.000s
I20260807 13:00:04.837345 0x20b9da080 database_cache.cc:134] Loading matches...
I20260807 13:00:04.837496 0x20b9da080 database_cache.cc:139]  179 in 0.000s
I20260807 13:00:04.837502 0x20b9da080 database_cache.cc:147] Loading images...
I20260807 13:00:04.839144 0x20b9da080 database_cache.cc:236]  24 in 0.002s (loaded all 24)
I20260807 13:00:04.839151 0x20b9da080 database_cache.cc:255] Loading pose priors...
I20260807 13:00:04.839158 0x20b9da080 database_cache.cc:263]  0 in 0.000s
I20260807 13:00:04.839163 0x20b9da080 database_cache.cc:271] Building correspondence graph...
I20260807 13:00:04.841819 0x20b9da080 database_cache.cc:300]  in 0.003s (ignored 0)
I20260807 13:00:04.846074 0x20b9da080 official_bundle_adjustment_ceres.cc:1434] [AETHER gravity] injected 2/2 roll/pitch anchors, sigma_rad=0.00872665
I20260807 13:00:04.847909 0x20b9da080 official_bundle_adjustment_ceres.cc:923] [AETHER] solver_used=DENSE_SCHUR sparse_backend=EIGEN_SPARSE dense_backend=EIGEN mixed=0 threads=1
I20260807 13:00:04.849040 0x20b9da080 official_bundle_adjustment_ceres.cc:1434] [AETHER gravity] injected 3/3 roll/pitch anchors, sigma_rad=0.00872665
I20260807 13:00:04.849540 0x20b9da080 official_bundle_adjustment_ceres.cc:923] [AETHER] solver_used=DENSE_SCHUR sparse_backend=EIGEN_SPARSE dense_backend=EIGEN mixed=0 threads=1
I20260807 13:00:05.011395 0x20b9da080 database_cache.cc:72] Loading rigs...
I20260807 13:00:05.011412 0x20b9da080 database_cache.cc:82]  0 in 0.000s
I20260807 13:00:05.011417 0x20b9da080 database_cache.cc:90] Loading cameras...
I20260807 13:00:05.011435 0x20b9da080 database_cache.cc:108]  25 in 0.000s
I20260807 13:00:05.011439 0x20b9da080 database_cache.cc:116] Loading frames...
I20260807 13:00:05.011446 0x20b9da080 database_cache.cc:126]  0 in 0.000s
I20260807 13:00:05.011458 0x20b9da080 database_cache.cc:134] Loading matches...
I20260807 13:00:05.011632 0x20b9da080 database_cache.cc:139]  190 in 0.000s
I20260807 13:00:05.011636 0x20b9da080 database_cache.cc:147] Loading images...
I20260807 13:00:05.013368 0x20b9da080 database_cache.cc:236]  25 in 0.002s (loaded all 25)
I20260807 13:00:05.013376 0x20b9da080 database_cache.cc:255] Loading pose priors...
I20260807 13:00:05.013382 0x20b9da080 database_cache.cc:263]  0 in 0.000s
I20260807 13:00:05.013385 0x20b9da080 database_cache.cc:271] Building correspondence graph...
I20260807 13:00:05.016177 0x20b9da080 database_cache.cc:300]  in 0.003s (ignored 0)
I20260807 13:00:05.019968 0x20b9da080 official_bundle_adjustment_ceres.cc:1434] [AETHER gravity] injected 3/3 roll/pitch anchors, sigma_rad=0.00872665
I20260807 13:00:05.020856 0x20b9da080 official_bundle_adjustment_ceres.cc:923] [AETHER] solver_used=DENSE_SCHUR sparse_backend=EIGEN_SPARSE dense_backend=EIGEN mixed=0 threads=1
I20260807 13:00:05.022623 0x20b9da080 official_bundle_adjustment_ceres.cc:1434] [AETHER gravity] injected 3/3 roll/pitch anchors, sigma_rad=0.00872665
I20260807 13:00:05.022821 0x20b9da080 official_bundle_adjustment_ceres.cc:923] [AETHER] solver_used=DENSE_SCHUR sparse_backend=EIGEN_SPARSE dense_backend=EIGEN mixed=0 threads=1
  fed 25/201 frames (last n_kp=8192)
I20260807 13:00:05.193046 0x20b9da080 database_cache.cc:72] Loading rigs...
I20260807 13:00:05.193060 0x20b9da080 database_cache.cc:82]  0 in 0.000s
I20260807 13:00:05.193064 0x20b9da080 database_cache.cc:90] Loading cameras...
I20260807 13:00:05.193080 0x20b9da080 database_cache.cc:108]  26 in 0.000s
I20260807 13:00:05.193083 0x20b9da080 database_cache.cc:116] Loading frames...
I20260807 13:00:05.193089 0x20b9da080 database_cache.cc:126]  0 in 0.000s
I20260807 13:00:05.193093 0x20b9da080 database_cache.cc:134] Loading matches...
I20260807 13:00:05.193272 0x20b9da080 database_cache.cc:139]  202 in 0.000s
I20260807 13:00:05.193276 0x20b9da080 database_cache.cc:147] Loading images...
I20260807 13:00:05.195044 0x20b9da080 database_cache.cc:236]  26 in 0.002s (loaded all 26)
I20260807 13:00:05.195052 0x20b9da080 database_cache.cc:255] Loading pose priors...
I20260807 13:00:05.195058 0x20b9da080 database_cache.cc:263]  0 in 0.000s
I20260807 13:00:05.195062 0x20b9da080 database_cache.cc:271] Building correspondence graph...
I20260807 13:00:05.197901 0x20b9da080 database_cache.cc:300]  in 0.003s (ignored 0)
I20260807 13:00:05.202392 0x20b9da080 official_bundle_adjustment_ceres.cc:1434] [AETHER gravity] injected 4/4 roll/pitch anchors, sigma_rad=0.00872665
I20260807 13:00:05.207054 0x20b9da080 official_bundle_adjustment_ceres.cc:923] [AETHER] solver_used=DENSE_SCHUR sparse_backend=EIGEN_SPARSE dense_backend=EIGEN mixed=0 threads=1
I20260807 13:00:05.208151 0x20b9da080 official_bundle_adjustment_ceres.cc:1434] [AETHER gravity] injected 4/4 roll/pitch anchors, sigma_rad=0.00872665
I20260807 13:00:05.212608 0x20b9da080 official_bundle_adjustment_ceres.cc:923] [AETHER] solver_used=DENSE_SCHUR sparse_backend=EIGEN_SPARSE dense_backend=EIGEN mixed=0 threads=1
I20260807 13:00:05.342234 0x20b9da080 database_cache.cc:72] Loading rigs...
I20260807 13:00:05.342254 0x20b9da080 database_cache.cc:82]  0 in 0.000s
I20260807 13:00:05.342260 0x20b9da080 database_cache.cc:90] Loading cameras...
I20260807 13:00:05.342280 0x20b9da080 database_cache.cc:108]  27 in 0.000s
I20260807 13:00:05.342285 0x20b9da080 database_cache.cc:116] Loading frames...
I20260807 13:00:05.342291 0x20b9da080 database_cache.cc:126]  0 in 0.000s
I20260807 13:00:05.342294 0x20b9da080 database_cache.cc:134] Loading matches...
I20260807 13:00:05.342482 0x20b9da080 database_cache.cc:139]  213 in 0.000s
I20260807 13:00:05.342487 0x20b9da080 database_cache.cc:147] Loading images...
I20260807 13:00:05.344238 0x20b9da080 database_cache.cc:236]  27 in 0.002s (loaded all 27)
I20260807 13:00:05.344244 0x20b9da080 database_cache.cc:255] Loading pose priors...
I20260807 13:00:05.344252 0x20b9da080 database_cache.cc:263]  0 in 0.000s
I20260807 13:00:05.344262 0x20b9da080 database_cache.cc:271] Building correspondence graph...
I20260807 13:00:05.347415 0x20b9da080 database_cache.cc:300]  in 0.003s (ignored 0)
I20260807 13:00:05.351154 0x20b9da080 official_bundle_adjustment_ceres.cc:1434] [AETHER gravity] injected 4/4 roll/pitch anchors, sigma_rad=0.00872665
I20260807 13:00:05.357344 0x20b9da080 official_bundle_adjustment_ceres.cc:923] [AETHER] solver_used=DENSE_SCHUR sparse_backend=EIGEN_SPARSE dense_backend=EIGEN mixed=0 threads=1
I20260807 13:00:05.358619 0x20b9da080 official_bundle_adjustment_ceres.cc:1434] [AETHER gravity] injected 4/4 roll/pitch anchors, sigma_rad=0.00872665
I20260807 13:00:05.364630 0x20b9da080 official_bundle_adjustment_ceres.cc:923] [AETHER] solver_used=DENSE_SCHUR sparse_backend=EIGEN_SPARSE dense_backend=EIGEN mixed=0 threads=1
I20260807 13:00:05.490575 0x20b9da080 database_cache.cc:72] Loading rigs...
I20260807 13:00:05.490591 0x20b9da080 database_cache.cc:82]  0 in 0.000s
I20260807 13:00:05.490598 0x20b9da080 database_cache.cc:90] Loading cameras...
I20260807 13:00:05.490613 0x20b9da080 database_cache.cc:108]  28 in 0.000s
I20260807 13:00:05.490620 0x20b9da080 database_cache.cc:116] Loading frames...
I20260807 13:00:05.490626 0x20b9da080 database_cache.cc:126]  0 in 0.000s
I20260807 13:00:05.490630 0x20b9da080 database_cache.cc:134] Loading matches...
I20260807 13:00:05.490798 0x20b9da080 database_cache.cc:139]  224 in 0.000s
I20260807 13:00:05.490802 0x20b9da080 database_cache.cc:147] Loading images...
I20260807 13:00:05.492650 0x20b9da080 database_cache.cc:236]  28 in 0.002s (loaded all 28)
I20260807 13:00:05.492657 0x20b9da080 database_cache.cc:255] Loading pose priors...
I20260807 13:00:05.492663 0x20b9da080 database_cache.cc:263]  0 in 0.000s
I20260807 13:00:05.492667 0x20b9da080 database_cache.cc:271] Building correspondence graph...
I20260807 13:00:05.495860 0x20b9da080 database_cache.cc:300]  in 0.003s (ignored 0)
I20260807 13:00:05.499053 0x20b9da080 official_bundle_adjustment_ceres.cc:1434] [AETHER gravity] injected 4/4 roll/pitch anchors, sigma_rad=0.00872665
I20260807 13:00:05.502565 0x20b9da080 official_bundle_adjustment_ceres.cc:923] [AETHER] solver_used=DENSE_SCHUR sparse_backend=EIGEN_SPARSE dense_backend=EIGEN mixed=0 threads=1
I20260807 13:00:05.503777 0x20b9da080 official_bundle_adjustment_ceres.cc:1434] [AETHER gravity] injected 6/6 roll/pitch anchors, sigma_rad=0.00872665
I20260807 13:00:05.514398 0x20b9da080 official_bundle_adjustment_ceres.cc:923] [AETHER] solver_used=DENSE_SCHUR sparse_backend=EIGEN_SPARSE dense_backend=EIGEN mixed=0 threads=1
I20260807 13:00:05.619286 0x20b9da080 database_cache.cc:72] Loading rigs...
I20260807 13:00:05.619307 0x20b9da080 database_cache.cc:82]  0 in 0.000s
I20260807 13:00:05.619313 0x20b9da080 database_cache.cc:90] Loading cameras...
I20260807 13:00:05.619330 0x20b9da080 database_cache.cc:108]  29 in 0.000s
I20260807 13:00:05.619334 0x20b9da080 database_cache.cc:116] Loading frames...
I20260807 13:00:05.619340 0x20b9da080 database_cache.cc:126]  0 in 0.000s
I20260807 13:00:05.619343 0x20b9da080 database_cache.cc:134] Loading matches...
I20260807 13:00:05.619523 0x20b9da080 database_cache.cc:139]  233 in 0.000s
I20260807 13:00:05.619527 0x20b9da080 database_cache.cc:147] Loading images...
I20260807 13:00:05.621452 0x20b9da080 database_cache.cc:236]  29 in 0.002s (loaded all 29)
I20260807 13:00:05.621458 0x20b9da080 database_cache.cc:255] Loading pose priors...
I20260807 13:00:05.621463 0x20b9da080 database_cache.cc:263]  0 in 0.000s
I20260807 13:00:05.621467 0x20b9da080 database_cache.cc:271] Building correspondence graph...
I20260807 13:00:05.624560 0x20b9da080 database_cache.cc:300]  in 0.003s (ignored 0)
I20260807 13:00:05.627613 0x20b9da080 official_bundle_adjustment_ceres.cc:1434] [AETHER gravity] injected 3/3 roll/pitch anchors, sigma_rad=0.00872665
I20260807 13:00:05.629766 0x20b9da080 official_bundle_adjustment_ceres.cc:923] [AETHER] solver_used=DENSE_SCHUR sparse_backend=EIGEN_SPARSE dense_backend=EIGEN mixed=0 threads=1
I20260807 13:00:05.630595 0x20b9da080 official_bundle_adjustment_ceres.cc:1434] [AETHER gravity] injected 4/4 roll/pitch anchors, sigma_rad=0.00872665
I20260807 13:00:05.632032 0x20b9da080 official_bundle_adjustment_ceres.cc:923] [AETHER] solver_used=DENSE_SCHUR sparse_backend=EIGEN_SPARSE dense_backend=EIGEN mixed=0 threads=1
I20260807 13:00:05.758669 0x20b9da080 database_cache.cc:72] Loading rigs...
I20260807 13:00:05.758688 0x20b9da080 database_cache.cc:82]  0 in 0.000s
I20260807 13:00:05.758695 0x20b9da080 database_cache.cc:90] Loading cameras...
I20260807 13:00:05.758712 0x20b9da080 database_cache.cc:108]  30 in 0.000s
I20260807 13:00:05.758716 0x20b9da080 database_cache.cc:116] Loading frames...
I20260807 13:00:05.758722 0x20b9da080 database_cache.cc:126]  0 in 0.000s
I20260807 13:00:05.758726 0x20b9da080 database_cache.cc:134] Loading matches...
I20260807 13:00:05.758908 0x20b9da080 database_cache.cc:139]  242 in 0.000s
I20260807 13:00:05.758912 0x20b9da080 database_cache.cc:147] Loading images...
I20260807 13:00:05.761031 0x20b9da080 database_cache.cc:236]  30 in 0.002s (loaded all 30)
I20260807 13:00:05.761037 0x20b9da080 database_cache.cc:255] Loading pose priors...
I20260807 13:00:05.761043 0x20b9da080 database_cache.cc:263]  0 in 0.000s
I20260807 13:00:05.761047 0x20b9da080 database_cache.cc:271] Building correspondence graph...
I20260807 13:00:05.764190 0x20b9da080 database_cache.cc:300]  in 0.003s (ignored 0)
I20260807 13:00:05.767582 0x20b9da080 official_bundle_adjustment_ceres.cc:1434] [AETHER gravity] injected 4/4 roll/pitch anchors, sigma_rad=0.00872665
I20260807 13:00:05.771061 0x20b9da080 official_bundle_adjustment_ceres.cc:923] [AETHER] solver_used=DENSE_SCHUR sparse_backend=EIGEN_SPARSE dense_backend=EIGEN mixed=0 threads=1
I20260807 13:00:05.771944 0x20b9da080 official_bundle_adjustment_ceres.cc:1434] [AETHER gravity] injected 2/2 roll/pitch anchors, sigma_rad=0.00872665
I20260807 13:00:05.772361 0x20b9da080 official_bundle_adjustment_ceres.cc:923] [AETHER] solver_used=DENSE_SCHUR sparse_backend=EIGEN_SPARSE dense_backend=EIGEN mixed=0 threads=1
I20260807 13:00:05.873726 0x20b9da080 database_cache.cc:72] Loading rigs...
I20260807 13:00:05.873745 0x20b9da080 database_cache.cc:82]  0 in 0.000s
I20260807 13:00:05.873751 0x20b9da080 database_cache.cc:90] Loading cameras...
I20260807 13:00:05.873770 0x20b9da080 database_cache.cc:108]  31 in 0.000s
I20260807 13:00:05.873773 0x20b9da080 database_cache.cc:116] Loading frames...
I20260807 13:00:05.873779 0x20b9da080 database_cache.cc:126]  0 in 0.000s
I20260807 13:00:05.873782 0x20b9da080 database_cache.cc:134] Loading matches...
I20260807 13:00:05.873976 0x20b9da080 database_cache.cc:139]  250 in 0.000s
I20260807 13:00:05.873980 0x20b9da080 database_cache.cc:147] Loading images...
I20260807 13:00:05.876052 0x20b9da080 database_cache.cc:236]  31 in 0.002s (loaded all 31)
I20260807 13:00:05.876059 0x20b9da080 database_cache.cc:255] Loading pose priors...
I20260807 13:00:05.876068 0x20b9da080 database_cache.cc:263]  0 in 0.000s
I20260807 13:00:05.876073 0x20b9da080 database_cache.cc:271] Building correspondence graph...
I20260807 13:00:05.879400 0x20b9da080 database_cache.cc:300]  in 0.003s (ignored 0)
I20260807 13:00:05.882390 0x20b9da080 official_bundle_adjustment_ceres.cc:1434] [AETHER gravity] injected 2/2 roll/pitch anchors, sigma_rad=0.00872665
I20260807 13:00:05.883528 0x20b9da080 official_bundle_adjustment_ceres.cc:923] [AETHER] solver_used=DENSE_SCHUR sparse_backend=EIGEN_SPARSE dense_backend=EIGEN mixed=0 threads=1
I20260807 13:00:05.884683 0x20b9da080 official_bundle_adjustment_ceres.cc:1434] [AETHER gravity] injected 2/2 roll/pitch anchors, sigma_rad=0.00872665
I20260807 13:00:05.884851 0x20b9da080 official_bundle_adjustment_ceres.cc:923] [AETHER] solver_used=DENSE_SCHUR sparse_backend=EIGEN_SPARSE dense_backend=EIGEN mixed=0 threads=1
I20260807 13:00:06.003713 0x20b9da080 database_cache.cc:72] Loading rigs...
I20260807 13:00:06.003730 0x20b9da080 database_cache.cc:82]  0 in 0.000s
I20260807 13:00:06.003736 0x20b9da080 database_cache.cc:90] Loading cameras...
I20260807 13:00:06.003754 0x20b9da080 database_cache.cc:108]  32 in 0.000s
I20260807 13:00:06.003769 0x20b9da080 database_cache.cc:116] Loading frames...
I20260807 13:00:06.003775 0x20b9da080 database_cache.cc:126]  0 in 0.000s
I20260807 13:00:06.003779 0x20b9da080 database_cache.cc:134] Loading matches...
I20260807 13:00:06.003975 0x20b9da080 database_cache.cc:139]  260 in 0.000s
I20260807 13:00:06.003979 0x20b9da080 database_cache.cc:147] Loading images...
I20260807 13:00:06.006105 0x20b9da080 database_cache.cc:236]  32 in 0.002s (loaded all 32)
I20260807 13:00:06.006112 0x20b9da080 database_cache.cc:255] Loading pose priors...
I20260807 13:00:06.006118 0x20b9da080 database_cache.cc:263]  0 in 0.000s
I20260807 13:00:06.006121 0x20b9da080 database_cache.cc:271] Building correspondence graph...
I20260807 13:00:06.009412 0x20b9da080 database_cache.cc:300]  in 0.003s (ignored 0)
I20260807 13:00:06.138585 0x20b9da080 database_cache.cc:72] Loading rigs...
I20260807 13:00:06.138601 0x20b9da080 database_cache.cc:82]  0 in 0.000s
I20260807 13:00:06.138606 0x20b9da080 database_cache.cc:90] Loading cameras...
I20260807 13:00:06.138624 0x20b9da080 database_cache.cc:108]  33 in 0.000s
I20260807 13:00:06.138628 0x20b9da080 database_cache.cc:116] Loading frames...
I20260807 13:00:06.138634 0x20b9da080 database_cache.cc:126]  0 in 0.000s
I20260807 13:00:06.138637 0x20b9da080 database_cache.cc:134] Loading matches...
I20260807 13:00:06.138827 0x20b9da080 database_cache.cc:139]  272 in 0.000s
I20260807 13:00:06.138831 0x20b9da080 database_cache.cc:147] Loading images...
I20260807 13:00:06.141056 0x20b9da080 database_cache.cc:236]  33 in 0.002s (loaded all 33)
I20260807 13:00:06.141062 0x20b9da080 database_cache.cc:255] Loading pose priors...
I20260807 13:00:06.141068 0x20b9da080 database_cache.cc:263]  0 in 0.000s
I20260807 13:00:06.141071 0x20b9da080 database_cache.cc:271] Building correspondence graph...
I20260807 13:00:06.144493 0x20b9da080 database_cache.cc:300]  in 0.003s (ignored 0)
I20260807 13:00:06.267651 0x20b9da080 database_cache.cc:72] Loading rigs...
I20260807 13:00:06.267691 0x20b9da080 database_cache.cc:82]  0 in 0.000s
I20260807 13:00:06.267699 0x20b9da080 database_cache.cc:90] Loading cameras...
I20260807 13:00:06.267727 0x20b9da080 database_cache.cc:108]  34 in 0.000s
I20260807 13:00:06.267731 0x20b9da080 database_cache.cc:116] Loading frames...
I20260807 13:00:06.267739 0x20b9da080 database_cache.cc:126]  0 in 0.000s
I20260807 13:00:06.267742 0x20b9da080 database_cache.cc:134] Loading matches...
I20260807 13:00:06.268400 0x20b9da080 database_cache.cc:139]  284 in 0.001s
I20260807 13:00:06.268406 0x20b9da080 database_cache.cc:147] Loading images...
I20260807 13:00:06.271123 0x20b9da080 database_cache.cc:236]  34 in 0.003s (loaded all 34)
I20260807 13:00:06.271140 0x20b9da080 database_cache.cc:255] Loading pose priors...
I20260807 13:00:06.271150 0x20b9da080 database_cache.cc:263]  0 in 0.000s
I20260807 13:00:06.271155 0x20b9da080 database_cache.cc:271] Building correspondence graph...
I20260807 13:00:06.274639 0x20b9da080 database_cache.cc:300]  in 0.003s (ignored 0)
I20260807 13:00:06.438540 0x20b9da080 database_cache.cc:72] Loading rigs...
I20260807 13:00:06.438566 0x20b9da080 database_cache.cc:82]  0 in 0.000s
I20260807 13:00:06.438572 0x20b9da080 database_cache.cc:90] Loading cameras...
I20260807 13:00:06.438598 0x20b9da080 database_cache.cc:108]  35 in 0.000s
I20260807 13:00:06.438604 0x20b9da080 database_cache.cc:116] Loading frames...
I20260807 13:00:06.438612 0x20b9da080 database_cache.cc:126]  0 in 0.000s
I20260807 13:00:06.438616 0x20b9da080 database_cache.cc:134] Loading matches...
I20260807 13:00:06.438916 0x20b9da080 database_cache.cc:139]  296 in 0.000s
I20260807 13:00:06.438922 0x20b9da080 database_cache.cc:147] Loading images...
I20260807 13:00:06.442977 0x20b9da080 database_cache.cc:236]  35 in 0.004s (loaded all 35)
I20260807 13:00:06.442997 0x20b9da080 database_cache.cc:255] Loading pose priors...
I20260807 13:00:06.443005 0x20b9da080 database_cache.cc:263]  0 in 0.000s
I20260807 13:00:06.443010 0x20b9da080 database_cache.cc:271] Building correspondence graph...
I20260807 13:00:06.446953 0x20b9da080 database_cache.cc:300]  in 0.004s (ignored 0)
I20260807 13:00:06.597563 0x20b9da080 database_cache.cc:72] Loading rigs...
I20260807 13:00:06.597582 0x20b9da080 database_cache.cc:82]  0 in 0.000s
I20260807 13:00:06.597588 0x20b9da080 database_cache.cc:90] Loading cameras...
I20260807 13:00:06.597608 0x20b9da080 database_cache.cc:108]  36 in 0.000s
I20260807 13:00:06.597612 0x20b9da080 database_cache.cc:116] Loading frames...
I20260807 13:00:06.597619 0x20b9da080 database_cache.cc:126]  0 in 0.000s
I20260807 13:00:06.597622 0x20b9da080 database_cache.cc:134] Loading matches...
I20260807 13:00:06.597856 0x20b9da080 database_cache.cc:139]  308 in 0.000s
I20260807 13:00:06.597861 0x20b9da080 database_cache.cc:147] Loading images...
I20260807 13:00:06.600735 0x20b9da080 database_cache.cc:236]  36 in 0.003s (loaded all 36)
I20260807 13:00:06.600758 0x20b9da080 database_cache.cc:255] Loading pose priors...
I20260807 13:00:06.600769 0x20b9da080 database_cache.cc:263]  0 in 0.000s
I20260807 13:00:06.600774 0x20b9da080 database_cache.cc:271] Building correspondence graph...
I20260807 13:00:06.604748 0x20b9da080 database_cache.cc:300]  in 0.004s (ignored 0)
I20260807 13:00:06.609783 0x20b9da080 official_bundle_adjustment_ceres.cc:1434] [AETHER gravity] injected 2/2 roll/pitch anchors, sigma_rad=0.00872665
I20260807 13:00:06.613157 0x20b9da080 official_bundle_adjustment_ceres.cc:923] [AETHER] solver_used=DENSE_SCHUR sparse_backend=EIGEN_SPARSE dense_backend=EIGEN mixed=0 threads=1
I20260807 13:00:06.614296 0x20b9da080 official_bundle_adjustment_ceres.cc:1434] [AETHER gravity] injected 2/2 roll/pitch anchors, sigma_rad=0.00872665
I20260807 13:00:06.615245 0x20b9da080 official_bundle_adjustment_ceres.cc:923] [AETHER] solver_used=DENSE_SCHUR sparse_backend=EIGEN_SPARSE dense_backend=EIGEN mixed=0 threads=1
I20260807 13:00:06.849664 0x20b9da080 database_cache.cc:72] Loading rigs...
I20260807 13:00:06.849685 0x20b9da080 database_cache.cc:82]  0 in 0.000s
I20260807 13:00:06.849689 0x20b9da080 database_cache.cc:90] Loading cameras...
I20260807 13:00:06.849717 0x20b9da080 database_cache.cc:108]  37 in 0.000s
I20260807 13:00:06.849721 0x20b9da080 database_cache.cc:116] Loading frames...
I20260807 13:00:06.849728 0x20b9da080 database_cache.cc:126]  0 in 0.000s
I20260807 13:00:06.849731 0x20b9da080 database_cache.cc:134] Loading matches...
I20260807 13:00:06.849995 0x20b9da080 database_cache.cc:139]  320 in 0.000s
I20260807 13:00:06.850000 0x20b9da080 database_cache.cc:147] Loading images...
I20260807 13:00:06.852921 0x20b9da080 database_cache.cc:236]  37 in 0.003s (loaded all 37)
I20260807 13:00:06.852952 0x20b9da080 database_cache.cc:255] Loading pose priors...
I20260807 13:00:06.852965 0x20b9da080 database_cache.cc:263]  0 in 0.000s
I20260807 13:00:06.852971 0x20b9da080 database_cache.cc:271] Building correspondence graph...
I20260807 13:00:06.857019 0x20b9da080 database_cache.cc:300]  in 0.004s (ignored 0)
I20260807 13:00:06.861857 0x20b9da080 official_bundle_adjustment_ceres.cc:1434] [AETHER gravity] injected 2/2 roll/pitch anchors, sigma_rad=0.00872665
I20260807 13:00:06.864459 0x20b9da080 official_bundle_adjustment_ceres.cc:923] [AETHER] solver_used=DENSE_SCHUR sparse_backend=EIGEN_SPARSE dense_backend=EIGEN mixed=0 threads=1
I20260807 13:00:06.865834 0x20b9da080 official_bundle_adjustment_ceres.cc:1434] [AETHER gravity] injected 2/2 roll/pitch anchors, sigma_rad=0.00872665
I20260807 13:00:06.866433 0x20b9da080 official_bundle_adjustment_ceres.cc:923] [AETHER] solver_used=DENSE_SCHUR sparse_backend=EIGEN_SPARSE dense_backend=EIGEN mixed=0 threads=1
I20260807 13:00:07.143347 0x20b9da080 database_cache.cc:72] Loading rigs...
I20260807 13:00:07.143365 0x20b9da080 database_cache.cc:82]  0 in 0.000s
I20260807 13:00:07.143370 0x20b9da080 database_cache.cc:90] Loading cameras...
I20260807 13:00:07.143390 0x20b9da080 database_cache.cc:108]  38 in 0.000s
I20260807 13:00:07.143394 0x20b9da080 database_cache.cc:116] Loading frames...
I20260807 13:00:07.143400 0x20b9da080 database_cache.cc:126]  0 in 0.000s
I20260807 13:00:07.143414 0x20b9da080 database_cache.cc:134] Loading matches...
I20260807 13:00:07.143685 0x20b9da080 database_cache.cc:139]  332 in 0.000s
I20260807 13:00:07.143691 0x20b9da080 database_cache.cc:147] Loading images...
I20260807 13:00:07.146316 0x20b9da080 database_cache.cc:236]  38 in 0.003s (loaded all 38)
I20260807 13:00:07.146327 0x20b9da080 database_cache.cc:255] Loading pose priors...
I20260807 13:00:07.146336 0x20b9da080 database_cache.cc:263]  0 in 0.000s
I20260807 13:00:07.146339 0x20b9da080 database_cache.cc:271] Building correspondence graph...
I20260807 13:00:07.150264 0x20b9da080 database_cache.cc:300]  in 0.004s (ignored 0)
I20260807 13:00:07.432410 0x20b9da080 database_cache.cc:72] Loading rigs...
I20260807 13:00:07.432434 0x20b9da080 database_cache.cc:82]  0 in 0.000s
I20260807 13:00:07.432443 0x20b9da080 database_cache.cc:90] Loading cameras...
I20260807 13:00:07.432468 0x20b9da080 database_cache.cc:108]  39 in 0.000s
I20260807 13:00:07.432473 0x20b9da080 database_cache.cc:116] Loading frames...
I20260807 13:00:07.432481 0x20b9da080 database_cache.cc:126]  0 in 0.000s
I20260807 13:00:07.432487 0x20b9da080 database_cache.cc:134] Loading matches...
I20260807 13:00:07.432742 0x20b9da080 database_cache.cc:139]  344 in 0.000s
I20260807 13:00:07.432748 0x20b9da080 database_cache.cc:147] Loading images...
I20260807 13:00:07.436273 0x20b9da080 database_cache.cc:236]  39 in 0.004s (loaded all 39)
I20260807 13:00:07.436302 0x20b9da080 database_cache.cc:255] Loading pose priors...
I20260807 13:00:07.436314 0x20b9da080 database_cache.cc:263]  0 in 0.000s
I20260807 13:00:07.436319 0x20b9da080 database_cache.cc:271] Building correspondence graph...
I20260807 13:00:07.440582 0x20b9da080 database_cache.cc:300]  in 0.004s (ignored 0)
I20260807 13:00:07.816413 0x20b9da080 database_cache.cc:72] Loading rigs...
I20260807 13:00:07.816651 0x20b9da080 database_cache.cc:82]  0 in 0.000s
I20260807 13:00:07.816664 0x20b9da080 database_cache.cc:90] Loading cameras...
I20260807 13:00:07.816694 0x20b9da080 database_cache.cc:108]  40 in 0.000s
I20260807 13:00:07.816699 0x20b9da080 database_cache.cc:116] Loading frames...
I20260807 13:00:07.816707 0x20b9da080 database_cache.cc:126]  0 in 0.000s
I20260807 13:00:07.816711 0x20b9da080 database_cache.cc:134] Loading matches...
I20260807 13:00:07.817203 0x20b9da080 database_cache.cc:139]  362 in 0.000s
I20260807 13:00:07.817216 0x20b9da080 database_cache.cc:147] Loading images...
I20260807 13:00:07.820663 0x20b9da080 database_cache.cc:236]  40 in 0.003s (loaded all 40)
I20260807 13:00:07.820689 0x20b9da080 database_cache.cc:255] Loading pose priors...
I20260807 13:00:07.820698 0x20b9da080 database_cache.cc:263]  0 in 0.000s
I20260807 13:00:07.820703 0x20b9da080 database_cache.cc:271] Building correspondence graph...
I20260807 13:00:07.825032 0x20b9da080 database_cache.cc:300]  in 0.004s (ignored 0)
I20260807 13:00:07.830790 0x20b9da080 official_bundle_adjustment_ceres.cc:1434] [AETHER gravity] injected 4/4 roll/pitch anchors, sigma_rad=0.00872665
I20260807 13:00:07.838254 0x20b9da080 official_bundle_adjustment_ceres.cc:923] [AETHER] solver_used=DENSE_SCHUR sparse_backend=EIGEN_SPARSE dense_backend=EIGEN mixed=0 threads=1
I20260807 13:00:07.841027 0x20b9da080 official_bundle_adjustment_ceres.cc:1434] [AETHER gravity] injected 4/4 roll/pitch anchors, sigma_rad=0.00872665
I20260807 13:00:07.844869 0x20b9da080 official_bundle_adjustment_ceres.cc:923] [AETHER] solver_used=DENSE_SCHUR sparse_backend=EIGEN_SPARSE dense_backend=EIGEN mixed=0 threads=1
I20260807 13:00:08.160665 0x20b9da080 database_cache.cc:72] Loading rigs...
I20260807 13:00:08.160689 0x20b9da080 database_cache.cc:82]  0 in 0.000s
I20260807 13:00:08.160697 0x20b9da080 database_cache.cc:90] Loading cameras...
I20260807 13:00:08.160718 0x20b9da080 database_cache.cc:108]  41 in 0.000s
I20260807 13:00:08.160723 0x20b9da080 database_cache.cc:116] Loading frames...
I20260807 13:00:08.160730 0x20b9da080 database_cache.cc:126]  0 in 0.000s
I20260807 13:00:08.160734 0x20b9da080 database_cache.cc:134] Loading matches...
I20260807 13:00:08.160995 0x20b9da080 database_cache.cc:139]  374 in 0.000s
I20260807 13:00:08.160999 0x20b9da080 database_cache.cc:147] Loading images...
I20260807 13:00:08.163799 0x20b9da080 database_cache.cc:236]  41 in 0.003s (loaded all 41)
I20260807 13:00:08.163810 0x20b9da080 database_cache.cc:255] Loading pose priors...
I20260807 13:00:08.163818 0x20b9da080 database_cache.cc:263]  0 in 0.000s
I20260807 13:00:08.163821 0x20b9da080 database_cache.cc:271] Building correspondence graph...
I20260807 13:00:08.168325 0x20b9da080 database_cache.cc:300]  in 0.005s (ignored 0)
I20260807 13:00:08.173478 0x20b9da080 official_bundle_adjustment_ceres.cc:1434] [AETHER gravity] injected 3/3 roll/pitch anchors, sigma_rad=0.00872665
I20260807 13:00:08.187164 0x20b9da080 official_bundle_adjustment_ceres.cc:923] [AETHER] solver_used=DENSE_SCHUR sparse_backend=EIGEN_SPARSE dense_backend=EIGEN mixed=0 threads=1
I20260807 13:00:08.190043 0x20b9da080 official_bundle_adjustment_ceres.cc:1434] [AETHER gravity] injected 4/4 roll/pitch anchors, sigma_rad=0.00872665
I20260807 13:00:08.194885 0x20b9da080 official_bundle_adjustment_ceres.cc:923] [AETHER] solver_used=DENSE_SCHUR sparse_backend=EIGEN_SPARSE dense_backend=EIGEN mixed=0 threads=1
I20260807 13:00:08.535031 0x20b9da080 database_cache.cc:72] Loading rigs...
I20260807 13:00:08.535050 0x20b9da080 database_cache.cc:82]  0 in 0.000s
I20260807 13:00:08.535056 0x20b9da080 database_cache.cc:90] Loading cameras...
I20260807 13:00:08.535077 0x20b9da080 database_cache.cc:108]  42 in 0.000s
I20260807 13:00:08.535082 0x20b9da080 database_cache.cc:116] Loading frames...
I20260807 13:00:08.535088 0x20b9da080 database_cache.cc:126]  0 in 0.000s
I20260807 13:00:08.535091 0x20b9da080 database_cache.cc:134] Loading matches...
I20260807 13:00:08.535459 0x20b9da080 database_cache.cc:139]  386 in 0.000s
I20260807 13:00:08.535464 0x20b9da080 database_cache.cc:147] Loading images...
I20260807 13:00:08.538613 0x20b9da080 database_cache.cc:236]  42 in 0.003s (loaded all 42)
I20260807 13:00:08.538630 0x20b9da080 database_cache.cc:255] Loading pose priors...
I20260807 13:00:08.538639 0x20b9da080 database_cache.cc:263]  0 in 0.000s
I20260807 13:00:08.538643 0x20b9da080 database_cache.cc:271] Building correspondence graph...
I20260807 13:00:08.543451 0x20b9da080 database_cache.cc:300]  in 0.005s (ignored 0)
I20260807 13:00:08.550447 0x20b9da080 official_bundle_adjustment_ceres.cc:1434] [AETHER gravity] injected 6/6 roll/pitch anchors, sigma_rad=0.00872665
I20260807 13:00:08.574355 0x20b9da080 official_bundle_adjustment_ceres.cc:923] [AETHER] solver_used=DENSE_SCHUR sparse_backend=EIGEN_SPARSE dense_backend=EIGEN mixed=0 threads=1
I20260807 13:00:08.578166 0x20b9da080 official_bundle_adjustment_ceres.cc:1434] [AETHER gravity] injected 6/6 roll/pitch anchors, sigma_rad=0.00872665
I20260807 13:00:08.583000 0x20b9da080 official_bundle_adjustment_ceres.cc:923] [AETHER] solver_used=DENSE_SCHUR sparse_backend=EIGEN_SPARSE dense_backend=EIGEN mixed=0 threads=1
I20260807 13:00:08.948873 0x20b9da080 database_cache.cc:72] Loading rigs...
I20260807 13:00:08.948894 0x20b9da080 database_cache.cc:82]  0 in 0.000s
I20260807 13:00:08.948900 0x20b9da080 database_cache.cc:90] Loading cameras...
I20260807 13:00:08.948931 0x20b9da080 database_cache.cc:108]  43 in 0.000s
I20260807 13:00:08.948935 0x20b9da080 database_cache.cc:116] Loading frames...
I20260807 13:00:08.948946 0x20b9da080 database_cache.cc:126]  0 in 0.000s
I20260807 13:00:08.948950 0x20b9da080 database_cache.cc:134] Loading matches...
I20260807 13:00:08.950649 0x20b9da080 database_cache.cc:139]  398 in 0.002s
I20260807 13:00:08.950664 0x20b9da080 database_cache.cc:147] Loading images...
I20260807 13:00:08.953927 0x20b9da080 database_cache.cc:236]  43 in 0.003s (loaded all 43)
I20260807 13:00:08.953949 0x20b9da080 database_cache.cc:255] Loading pose priors...
I20260807 13:00:08.953962 0x20b9da080 database_cache.cc:263]  0 in 0.000s
I20260807 13:00:08.953967 0x20b9da080 database_cache.cc:271] Building correspondence graph...
I20260807 13:00:08.958604 0x20b9da080 database_cache.cc:300]  in 0.005s (ignored 0)
I20260807 13:00:08.966218 0x20b9da080 official_bundle_adjustment_ceres.cc:1434] [AETHER gravity] injected 6/6 roll/pitch anchors, sigma_rad=0.00872665
I20260807 13:00:08.982889 0x20b9da080 official_bundle_adjustment_ceres.cc:923] [AETHER] solver_used=DENSE_SCHUR sparse_backend=EIGEN_SPARSE dense_backend=EIGEN mixed=0 threads=1
I20260807 13:00:08.986446 0x20b9da080 official_bundle_adjustment_ceres.cc:1434] [AETHER gravity] injected 6/6 roll/pitch anchors, sigma_rad=0.00872665
I20260807 13:00:08.988460 0x20b9da080 official_bundle_adjustment_ceres.cc:923] [AETHER] solver_used=DENSE_SCHUR sparse_backend=EIGEN_SPARSE dense_backend=EIGEN mixed=0 threads=1
I20260807 13:00:09.372182 0x20b9da080 database_cache.cc:72] Loading rigs...
I20260807 13:00:09.372206 0x20b9da080 database_cache.cc:82]  0 in 0.000s
I20260807 13:00:09.372212 0x20b9da080 database_cache.cc:90] Loading cameras...
I20260807 13:00:09.372238 0x20b9da080 database_cache.cc:108]  44 in 0.000s
I20260807 13:00:09.372243 0x20b9da080 database_cache.cc:116] Loading frames...
I20260807 13:00:09.372249 0x20b9da080 database_cache.cc:126]  0 in 0.000s
I20260807 13:00:09.372252 0x20b9da080 database_cache.cc:134] Loading matches...
I20260807 13:00:09.373883 0x20b9da080 database_cache.cc:139]  410 in 0.002s
I20260807 13:00:09.373893 0x20b9da080 database_cache.cc:147] Loading images...
I20260807 13:00:09.376943 0x20b9da080 database_cache.cc:236]  44 in 0.003s (loaded all 44)
I20260807 13:00:09.376954 0x20b9da080 database_cache.cc:255] Loading pose priors...
I20260807 13:00:09.376963 0x20b9da080 database_cache.cc:263]  0 in 0.000s
I20260807 13:00:09.376967 0x20b9da080 database_cache.cc:271] Building correspondence graph...
I20260807 13:00:09.381946 0x20b9da080 database_cache.cc:300]  in 0.005s (ignored 0)
I20260807 13:00:09.390920 0x20b9da080 official_bundle_adjustment_ceres.cc:1434] [AETHER gravity] injected 6/6 roll/pitch anchors, sigma_rad=0.00872665
I20260807 13:00:09.416332 0x20b9da080 official_bundle_adjustment_ceres.cc:923] [AETHER] solver_used=DENSE_SCHUR sparse_backend=EIGEN_SPARSE dense_backend=EIGEN mixed=0 threads=1
I20260807 13:00:09.421316 0x20b9da080 official_bundle_adjustment_ceres.cc:1434] [AETHER gravity] injected 5/5 roll/pitch anchors, sigma_rad=0.00872665
I20260807 13:00:09.429353 0x20b9da080 official_bundle_adjustment_ceres.cc:923] [AETHER] solver_used=DENSE_SCHUR sparse_backend=EIGEN_SPARSE dense_backend=EIGEN mixed=0 threads=1
I20260807 13:00:09.929813 0x20b9da080 database_cache.cc:72] Loading rigs...
I20260807 13:00:09.929837 0x20b9da080 database_cache.cc:82]  0 in 0.000s
I20260807 13:00:09.929843 0x20b9da080 database_cache.cc:90] Loading cameras...
I20260807 13:00:09.929869 0x20b9da080 database_cache.cc:108]  45 in 0.000s
I20260807 13:00:09.929873 0x20b9da080 database_cache.cc:116] Loading frames...
I20260807 13:00:09.929880 0x20b9da080 database_cache.cc:126]  0 in 0.000s
I20260807 13:00:09.929883 0x20b9da080 database_cache.cc:134] Loading matches...
I20260807 13:00:09.930198 0x20b9da080 database_cache.cc:139]  425 in 0.000s
I20260807 13:00:09.930203 0x20b9da080 database_cache.cc:147] Loading images...
I20260807 13:00:09.933368 0x20b9da080 database_cache.cc:236]  45 in 0.003s (loaded all 45)
I20260807 13:00:09.933378 0x20b9da080 database_cache.cc:255] Loading pose priors...
I20260807 13:00:09.933386 0x20b9da080 database_cache.cc:263]  0 in 0.000s
I20260807 13:00:09.933390 0x20b9da080 database_cache.cc:271] Building correspondence graph...
I20260807 13:00:09.939101 0x20b9da080 database_cache.cc:300]  in 0.006s (ignored 0)
I20260807 13:00:09.948453 0x20b9da080 official_bundle_adjustment_ceres.cc:1434] [AETHER gravity] injected 6/6 roll/pitch anchors, sigma_rad=0.00872665
I20260807 13:00:09.973316 0x20b9da080 official_bundle_adjustment_ceres.cc:923] [AETHER] solver_used=DENSE_SCHUR sparse_backend=EIGEN_SPARSE dense_backend=EIGEN mixed=0 threads=6
I20260807 13:00:09.978808 0x20b9da080 official_bundle_adjustment_ceres.cc:1434] [AETHER gravity] injected 5/5 roll/pitch anchors, sigma_rad=0.00872665
I20260807 13:00:09.987074 0x20b9da080 official_bundle_adjustment_ceres.cc:923] [AETHER] solver_used=DENSE_SCHUR sparse_backend=EIGEN_SPARSE dense_backend=EIGEN mixed=0 threads=1
I20260807 13:00:10.303801 0x20b9da080 database_cache.cc:72] Loading rigs...
I20260807 13:00:10.303821 0x20b9da080 database_cache.cc:82]  0 in 0.000s
I20260807 13:00:10.303830 0x20b9da080 database_cache.cc:90] Loading cameras...
I20260807 13:00:10.303852 0x20b9da080 database_cache.cc:108]  46 in 0.000s
I20260807 13:00:10.303855 0x20b9da080 database_cache.cc:116] Loading frames...
I20260807 13:00:10.303862 0x20b9da080 database_cache.cc:126]  0 in 0.000s
I20260807 13:00:10.303865 0x20b9da080 database_cache.cc:134] Loading matches...
I20260807 13:00:10.304182 0x20b9da080 database_cache.cc:139]  437 in 0.000s
I20260807 13:00:10.304186 0x20b9da080 database_cache.cc:147] Loading images...
I20260807 13:00:10.307451 0x20b9da080 database_cache.cc:236]  46 in 0.003s (loaded all 46)
I20260807 13:00:10.307462 0x20b9da080 database_cache.cc:255] Loading pose priors...
I20260807 13:00:10.307469 0x20b9da080 database_cache.cc:263]  0 in 0.000s
I20260807 13:00:10.307473 0x20b9da080 database_cache.cc:271] Building correspondence graph...
I20260807 13:00:10.313033 0x20b9da080 database_cache.cc:300]  in 0.006s (ignored 0)
I20260807 13:00:10.321432 0x20b9da080 official_bundle_adjustment_ceres.cc:1434] [AETHER gravity] injected 4/4 roll/pitch anchors, sigma_rad=0.00872665
I20260807 13:00:10.330567 0x20b9da080 official_bundle_adjustment_ceres.cc:923] [AETHER] solver_used=DENSE_SCHUR sparse_backend=EIGEN_SPARSE dense_backend=EIGEN mixed=0 threads=1
I20260807 13:00:10.336698 0x20b9da080 official_bundle_adjustment_ceres.cc:1434] [AETHER gravity] injected 3/3 roll/pitch anchors, sigma_rad=0.00872665
I20260807 13:00:10.362327 0x20b9da080 official_bundle_adjustment_ceres.cc:923] [AETHER] solver_used=DENSE_SCHUR sparse_backend=EIGEN_SPARSE dense_backend=EIGEN mixed=0 threads=1
I20260807 13:00:10.649346 0x20b9da080 database_cache.cc:72] Loading rigs...
I20260807 13:00:10.649368 0x20b9da080 database_cache.cc:82]  0 in 0.000s
I20260807 13:00:10.649373 0x20b9da080 database_cache.cc:90] Loading cameras...
I20260807 13:00:10.649401 0x20b9da080 database_cache.cc:108]  47 in 0.000s
I20260807 13:00:10.649405 0x20b9da080 database_cache.cc:116] Loading frames...
I20260807 13:00:10.649416 0x20b9da080 database_cache.cc:126]  0 in 0.000s
I20260807 13:00:10.649419 0x20b9da080 database_cache.cc:134] Loading matches...
I20260807 13:00:10.649781 0x20b9da080 database_cache.cc:139]  449 in 0.000s
I20260807 13:00:10.649786 0x20b9da080 database_cache.cc:147] Loading images...
I20260807 13:00:10.654278 0x20b9da080 database_cache.cc:236]  47 in 0.005s (loaded all 47)
I20260807 13:00:10.654306 0x20b9da080 database_cache.cc:255] Loading pose priors...
I20260807 13:00:10.654319 0x20b9da080 database_cache.cc:263]  0 in 0.000s
I20260807 13:00:10.654324 0x20b9da080 database_cache.cc:271] Building correspondence graph...
I20260807 13:00:10.660155 0x20b9da080 database_cache.cc:300]  in 0.006s (ignored 0)
I20260807 13:00:10.670769 0x20b9da080 official_bundle_adjustment_ceres.cc:1434] [AETHER gravity] injected 4/4 roll/pitch anchors, sigma_rad=0.00872665
W20260807 13:00:10.687399 0x20b9da080 levenberg_marquardt_strategy.cc:123] Linear solver failure. Failed to compute a step: Eigen failure. Unable to perform dense Cholesky factorization.
W20260807 13:00:10.688828 0x20b9da080 levenberg_marquardt_strategy.cc:123] Linear solver failure. Failed to compute a step: Eigen failure. Unable to perform dense Cholesky factorization.
W20260807 13:00:10.689421 0x20b9da080 levenberg_marquardt_strategy.cc:123] Linear solver failure. Failed to compute a step: Eigen failure. Unable to perform dense Cholesky factorization.
W20260807 13:00:10.689888 0x20b9da080 levenberg_marquardt_strategy.cc:123] Linear solver failure. Failed to compute a step: Eigen failure. Unable to perform dense Cholesky factorization.
I20260807 13:00:10.693689 0x20b9da080 official_bundle_adjustment_ceres.cc:923] [AETHER] solver_used=DENSE_SCHUR sparse_backend=EIGEN_SPARSE dense_backend=EIGEN mixed=0 threads=6
I20260807 13:00:10.698462 0x20b9da080 official_bundle_adjustment_ceres.cc:1434] [AETHER gravity] injected 2/2 roll/pitch anchors, sigma_rad=0.00872665
I20260807 13:00:10.703944 0x20b9da080 official_bundle_adjustment_ceres.cc:923] [AETHER] solver_used=DENSE_SCHUR sparse_backend=EIGEN_SPARSE dense_backend=EIGEN mixed=0 threads=1
I20260807 13:00:10.965364 0x20b9da080 database_cache.cc:72] Loading rigs...
I20260807 13:00:10.965380 0x20b9da080 database_cache.cc:82]  0 in 0.000s
I20260807 13:00:10.965385 0x20b9da080 database_cache.cc:90] Loading cameras...
I20260807 13:00:10.965410 0x20b9da080 database_cache.cc:108]  48 in 0.000s
I20260807 13:00:10.965414 0x20b9da080 database_cache.cc:116] Loading frames...
I20260807 13:00:10.965420 0x20b9da080 database_cache.cc:126]  0 in 0.000s
I20260807 13:00:10.965424 0x20b9da080 database_cache.cc:134] Loading matches...
I20260807 13:00:10.965765 0x20b9da080 database_cache.cc:139]  461 in 0.000s
I20260807 13:00:10.965770 0x20b9da080 database_cache.cc:147] Loading images...
I20260807 13:00:10.969783 0x20b9da080 database_cache.cc:236]  48 in 0.004s (loaded all 48)
I20260807 13:00:10.969809 0x20b9da080 database_cache.cc:255] Loading pose priors...
I20260807 13:00:10.969819 0x20b9da080 database_cache.cc:263]  0 in 0.000s
I20260807 13:00:10.969824 0x20b9da080 database_cache.cc:271] Building correspondence graph...
I20260807 13:00:10.976281 0x20b9da080 database_cache.cc:300]  in 0.006s (ignored 0)
I20260807 13:00:10.986168 0x20b9da080 official_bundle_adjustment_ceres.cc:1434] [AETHER gravity] injected 2/2 roll/pitch anchors, sigma_rad=0.00872665
I20260807 13:00:10.987964 0x20b9da080 official_bundle_adjustment_ceres.cc:923] [AETHER] solver_used=DENSE_SCHUR sparse_backend=EIGEN_SPARSE dense_backend=EIGEN mixed=0 threads=1
I20260807 13:00:10.991954 0x20b9da080 official_bundle_adjustment_ceres.cc:1434] [AETHER gravity] injected 2/2 roll/pitch anchors, sigma_rad=0.00872665
I20260807 13:00:10.992186 0x20b9da080 official_bundle_adjustment_ceres.cc:923] [AETHER] solver_used=DENSE_SCHUR sparse_backend=EIGEN_SPARSE dense_backend=EIGEN mixed=0 threads=1
I20260807 13:00:11.207183 0x20b9da080 database_cache.cc:72] Loading rigs...
I20260807 13:00:11.207203 0x20b9da080 database_cache.cc:82]  0 in 0.000s
I20260807 13:00:11.207209 0x20b9da080 database_cache.cc:90] Loading cameras...
I20260807 13:00:11.207233 0x20b9da080 database_cache.cc:108]  49 in 0.000s
I20260807 13:00:11.207237 0x20b9da080 database_cache.cc:116] Loading frames...
I20260807 13:00:11.207244 0x20b9da080 database_cache.cc:126]  0 in 0.000s
I20260807 13:00:11.207247 0x20b9da080 database_cache.cc:134] Loading matches...
I20260807 13:00:11.208551 0x20b9da080 database_cache.cc:139]  470 in 0.001s
I20260807 13:00:11.208556 0x20b9da080 database_cache.cc:147] Loading images...
I20260807 13:00:11.212440 0x20b9da080 database_cache.cc:236]  49 in 0.004s (loaded all 49)
I20260807 13:00:11.212452 0x20b9da080 database_cache.cc:255] Loading pose priors...
I20260807 13:00:11.212460 0x20b9da080 database_cache.cc:263]  0 in 0.000s
I20260807 13:00:11.212464 0x20b9da080 database_cache.cc:271] Building correspondence graph...
I20260807 13:00:11.219145 0x20b9da080 database_cache.cc:300]  in 0.007s (ignored 0)
I20260807 13:00:11.449457 0x20b9da080 database_cache.cc:72] Loading rigs...
I20260807 13:00:11.449479 0x20b9da080 database_cache.cc:82]  0 in 0.000s
I20260807 13:00:11.449484 0x20b9da080 database_cache.cc:90] Loading cameras...
I20260807 13:00:11.449509 0x20b9da080 database_cache.cc:108]  50 in 0.000s
I20260807 13:00:11.449513 0x20b9da080 database_cache.cc:116] Loading frames...
I20260807 13:00:11.449519 0x20b9da080 database_cache.cc:126]  0 in 0.000s
I20260807 13:00:11.449523 0x20b9da080 database_cache.cc:134] Loading matches...
I20260807 13:00:11.449898 0x20b9da080 database_cache.cc:139]  478 in 0.000s
I20260807 13:00:11.449903 0x20b9da080 database_cache.cc:147] Loading images...
I20260807 13:00:11.456327 0x20b9da080 database_cache.cc:236]  50 in 0.006s (loaded all 50)
I20260807 13:00:11.456365 0x20b9da080 database_cache.cc:255] Loading pose priors...
I20260807 13:00:11.456374 0x20b9da080 database_cache.cc:263]  0 in 0.000s
I20260807 13:00:11.456380 0x20b9da080 database_cache.cc:271] Building correspondence graph...
I20260807 13:00:11.463076 0x20b9da080 database_cache.cc:300]  in 0.007s (ignored 0)
  fed 50/201 frames (last n_kp=8192)
I20260807 13:00:11.594203 0x20b9da080 database_cache.cc:72] Loading rigs...
I20260807 13:00:11.594232 0x20b9da080 database_cache.cc:82]  0 in 0.000s
I20260807 13:00:11.594239 0x20b9da080 database_cache.cc:90] Loading cameras...
I20260807 13:00:11.594267 0x20b9da080 database_cache.cc:108]  51 in 0.000s
I20260807 13:00:11.594271 0x20b9da080 database_cache.cc:116] Loading frames...
I20260807 13:00:11.594277 0x20b9da080 database_cache.cc:126]  0 in 0.000s
I20260807 13:00:11.594281 0x20b9da080 database_cache.cc:134] Loading matches...
I20260807 13:00:11.594667 0x20b9da080 database_cache.cc:139]  486 in 0.000s
I20260807 13:00:11.594671 0x20b9da080 database_cache.cc:147] Loading images...
I20260807 13:00:11.598302 0x20b9da080 database_cache.cc:236]  51 in 0.004s (loaded all 51)
I20260807 13:00:11.598330 0x20b9da080 database_cache.cc:255] Loading pose priors...
I20260807 13:00:11.598344 0x20b9da080 database_cache.cc:263]  0 in 0.000s
I20260807 13:00:11.598349 0x20b9da080 database_cache.cc:271] Building correspondence graph...
I20260807 13:00:11.605458 0x20b9da080 database_cache.cc:300]  in 0.007s (ignored 0)
I20260807 13:00:11.746128 0x20b9da080 database_cache.cc:72] Loading rigs...
I20260807 13:00:11.746159 0x20b9da080 database_cache.cc:82]  0 in 0.000s
I20260807 13:00:11.746165 0x20b9da080 database_cache.cc:90] Loading cameras...
I20260807 13:00:11.746211 0x20b9da080 database_cache.cc:108]  52 in 0.000s
I20260807 13:00:11.746217 0x20b9da080 database_cache.cc:116] Loading frames...
I20260807 13:00:11.746243 0x20b9da080 database_cache.cc:126]  0 in 0.000s
I20260807 13:00:11.746246 0x20b9da080 database_cache.cc:134] Loading matches...
I20260807 13:00:11.747027 0x20b9da080 database_cache.cc:139]  493 in 0.001s
I20260807 13:00:11.747039 0x20b9da080 database_cache.cc:147] Loading images...
I20260807 13:00:11.756201 0x20b9da080 database_cache.cc:236]  52 in 0.009s (loaded all 52)
I20260807 13:00:11.756223 0x20b9da080 database_cache.cc:255] Loading pose priors...
I20260807 13:00:11.756394 0x20b9da080 database_cache.cc:263]  0 in 0.000s
I20260807 13:00:11.756406 0x20b9da080 database_cache.cc:271] Building correspondence graph...
I20260807 13:00:11.792151 0x20b9da080 database_cache.cc:300]  in 0.036s (ignored 0)
I20260807 13:00:12.076412 0x20b9da080 database_cache.cc:72] Loading rigs...
I20260807 13:00:12.076436 0x20b9da080 database_cache.cc:82]  0 in 0.000s
I20260807 13:00:12.076442 0x20b9da080 database_cache.cc:90] Loading cameras...
I20260807 13:00:12.076483 0x20b9da080 database_cache.cc:108]  53 in 0.000s
I20260807 13:00:12.076489 0x20b9da080 database_cache.cc:116] Loading frames...
I20260807 13:00:12.076496 0x20b9da080 database_cache.cc:126]  0 in 0.000s
I20260807 13:00:12.076502 0x20b9da080 database_cache.cc:134] Loading matches...
I20260807 13:00:12.080026 0x20b9da080 database_cache.cc:139]  500 in 0.004s
I20260807 13:00:12.080049 0x20b9da080 database_cache.cc:147] Loading images...
I20260807 13:00:12.088818 0x20b9da080 database_cache.cc:236]  53 in 0.009s (loaded all 53)
I20260807 13:00:12.088845 0x20b9da080 database_cache.cc:255] Loading pose priors...
I20260807 13:00:12.088859 0x20b9da080 database_cache.cc:263]  0 in 0.000s
I20260807 13:00:12.088863 0x20b9da080 database_cache.cc:271] Building correspondence graph...
I20260807 13:00:12.100303 0x20b9da080 database_cache.cc:300]  in 0.011s (ignored 0)
I20260807 13:00:12.289430 0x20b9da080 database_cache.cc:72] Loading rigs...
I20260807 13:00:12.289457 0x20b9da080 database_cache.cc:82]  0 in 0.000s
I20260807 13:00:12.289463 0x20b9da080 database_cache.cc:90] Loading cameras...
I20260807 13:00:12.289698 0x20b9da080 database_cache.cc:108]  54 in 0.000s
I20260807 13:00:12.289704 0x20b9da080 database_cache.cc:116] Loading frames...
I20260807 13:00:12.289710 0x20b9da080 database_cache.cc:126]  0 in 0.000s
I20260807 13:00:12.289715 0x20b9da080 database_cache.cc:134] Loading matches...
I20260807 13:00:12.293234 0x20b9da080 database_cache.cc:139]  508 in 0.004s
I20260807 13:00:12.293245 0x20b9da080 database_cache.cc:147] Loading images...
I20260807 13:00:12.305333 0x20b9da080 database_cache.cc:236]  54 in 0.012s (loaded all 54)
I20260807 13:00:12.305371 0x20b9da080 database_cache.cc:255] Loading pose priors...
I20260807 13:00:12.306151 0x20b9da080 database_cache.cc:263]  0 in 0.001s
I20260807 13:00:12.306164 0x20b9da080 database_cache.cc:271] Building correspondence graph...
I20260807 13:00:12.313945 0x20b9da080 database_cache.cc:300]  in 0.008s (ignored 0)
I20260807 13:00:12.494266 0x20b9da080 database_cache.cc:72] Loading rigs...
I20260807 13:00:12.494286 0x20b9da080 database_cache.cc:82]  0 in 0.000s
I20260807 13:00:12.494292 0x20b9da080 database_cache.cc:90] Loading cameras...
I20260807 13:00:12.494320 0x20b9da080 database_cache.cc:108]  55 in 0.000s
I20260807 13:00:12.494325 0x20b9da080 database_cache.cc:116] Loading frames...
I20260807 13:00:12.494331 0x20b9da080 database_cache.cc:126]  0 in 0.000s
I20260807 13:00:12.494335 0x20b9da080 database_cache.cc:134] Loading matches...
I20260807 13:00:12.494732 0x20b9da080 database_cache.cc:139]  516 in 0.000s
I20260807 13:00:12.494738 0x20b9da080 database_cache.cc:147] Loading images...
I20260807 13:00:12.498531 0x20b9da080 database_cache.cc:236]  55 in 0.004s (loaded all 55)
I20260807 13:00:12.498544 0x20b9da080 database_cache.cc:255] Loading pose priors...
I20260807 13:00:12.498553 0x20b9da080 database_cache.cc:263]  0 in 0.000s
I20260807 13:00:12.498556 0x20b9da080 database_cache.cc:271] Building correspondence graph...
I20260807 13:00:12.506450 0x20b9da080 database_cache.cc:300]  in 0.008s (ignored 0)
I20260807 13:00:12.563863 0x20b9da080 database_cache.cc:72] Loading rigs...
I20260807 13:00:12.563878 0x20b9da080 database_cache.cc:82]  0 in 0.000s
I20260807 13:00:12.563882 0x20b9da080 database_cache.cc:90] Loading cameras...
I20260807 13:00:12.563902 0x20b9da080 database_cache.cc:108]  56 in 0.000s
I20260807 13:00:12.563905 0x20b9da080 database_cache.cc:116] Loading frames...
I20260807 13:00:12.563911 0x20b9da080 database_cache.cc:126]  0 in 0.000s
I20260807 13:00:12.563914 0x20b9da080 database_cache.cc:134] Loading matches...
I20260807 13:00:12.564283 0x20b9da080 database_cache.cc:139]  522 in 0.000s
I20260807 13:00:12.564288 0x20b9da080 database_cache.cc:147] Loading images...
I20260807 13:00:12.568226 0x20b9da080 database_cache.cc:236]  56 in 0.004s (loaded all 56)
I20260807 13:00:12.568242 0x20b9da080 database_cache.cc:255] Loading pose priors...
I20260807 13:00:12.568253 0x20b9da080 database_cache.cc:263]  0 in 0.000s
I20260807 13:00:12.568257 0x20b9da080 database_cache.cc:271] Building correspondence graph...
I20260807 13:00:12.575686 0x20b9da080 database_cache.cc:300]  in 0.007s (ignored 0)
I20260807 13:00:12.732675 0x20b9da080 database_cache.cc:72] Loading rigs...
I20260807 13:00:12.732694 0x20b9da080 database_cache.cc:82]  0 in 0.000s
I20260807 13:00:12.732702 0x20b9da080 database_cache.cc:90] Loading cameras...
I20260807 13:00:12.732726 0x20b9da080 database_cache.cc:108]  57 in 0.000s
I20260807 13:00:12.732734 0x20b9da080 database_cache.cc:116] Loading frames...
I20260807 13:00:12.732743 0x20b9da080 database_cache.cc:126]  0 in 0.000s
I20260807 13:00:12.732747 0x20b9da080 database_cache.cc:134] Loading matches...
I20260807 13:00:12.733122 0x20b9da080 database_cache.cc:139]  533 in 0.000s
I20260807 13:00:12.733129 0x20b9da080 database_cache.cc:147] Loading images...
I20260807 13:00:12.737471 0x20b9da080 database_cache.cc:236]  57 in 0.004s (loaded all 57)
I20260807 13:00:12.737782 0x20b9da080 database_cache.cc:255] Loading pose priors...
I20260807 13:00:12.737799 0x20b9da080 database_cache.cc:263]  0 in 0.000s
I20260807 13:00:12.737806 0x20b9da080 database_cache.cc:271] Building correspondence graph...
I20260807 13:00:12.745354 0x20b9da080 database_cache.cc:300]  in 0.008s (ignored 0)
I20260807 13:00:12.755480 0x20b9da080 official_bundle_adjustment_ceres.cc:1434] [AETHER gravity] injected 2/2 roll/pitch anchors, sigma_rad=0.00872665
I20260807 13:00:12.755681 0x20b9da080 official_bundle_adjustment_ceres.cc:923] [AETHER] solver_used=DENSE_SCHUR sparse_backend=EIGEN_SPARSE dense_backend=EIGEN mixed=0 threads=1
I20260807 13:00:12.984969 0x20b9da080 database_cache.cc:72] Loading rigs...
I20260807 13:00:12.985221 0x20b9da080 database_cache.cc:82]  0 in 0.000s
I20260807 13:00:12.985232 0x20b9da080 database_cache.cc:90] Loading cameras...
I20260807 13:00:12.985264 0x20b9da080 database_cache.cc:108]  58 in 0.000s
I20260807 13:00:12.985270 0x20b9da080 database_cache.cc:116] Loading frames...
I20260807 13:00:12.985279 0x20b9da080 database_cache.cc:126]  0 in 0.000s
I20260807 13:00:12.985284 0x20b9da080 database_cache.cc:134] Loading matches...
I20260807 13:00:12.985888 0x20b9da080 database_cache.cc:139]  545 in 0.001s
I20260807 13:00:12.985900 0x20b9da080 database_cache.cc:147] Loading images...
I20260807 13:00:12.990236 0x20b9da080 database_cache.cc:236]  58 in 0.004s (loaded all 58)
I20260807 13:00:12.990255 0x20b9da080 database_cache.cc:255] Loading pose priors...
I20260807 13:00:12.990266 0x20b9da080 database_cache.cc:263]  0 in 0.000s
I20260807 13:00:12.990272 0x20b9da080 database_cache.cc:271] Building correspondence graph...
I20260807 13:00:12.998040 0x20b9da080 database_cache.cc:300]  in 0.008s (ignored 0)
I20260807 13:00:13.332757 0x20b9da080 database_cache.cc:72] Loading rigs...
I20260807 13:00:13.332778 0x20b9da080 database_cache.cc:82]  0 in 0.000s
I20260807 13:00:13.332786 0x20b9da080 database_cache.cc:90] Loading cameras...
I20260807 13:00:13.332813 0x20b9da080 database_cache.cc:108]  59 in 0.000s
I20260807 13:00:13.332819 0x20b9da080 database_cache.cc:116] Loading frames...
I20260807 13:00:13.332826 0x20b9da080 database_cache.cc:126]  0 in 0.000s
I20260807 13:00:13.332830 0x20b9da080 database_cache.cc:134] Loading matches...
I20260807 13:00:13.333236 0x20b9da080 database_cache.cc:139]  557 in 0.000s
I20260807 13:00:13.333242 0x20b9da080 database_cache.cc:147] Loading images...
I20260807 13:00:13.337616 0x20b9da080 database_cache.cc:236]  59 in 0.004s (loaded all 59)
I20260807 13:00:13.337656 0x20b9da080 database_cache.cc:255] Loading pose priors...
I20260807 13:00:13.337673 0x20b9da080 database_cache.cc:263]  0 in 0.000s
I20260807 13:00:13.337683 0x20b9da080 database_cache.cc:271] Building correspondence graph...
I20260807 13:00:13.346076 0x20b9da080 database_cache.cc:300]  in 0.008s (ignored 0)
I20260807 13:00:13.358155 0x20b9da080 official_bundle_adjustment_ceres.cc:1434] [AETHER gravity] injected 2/2 roll/pitch anchors, sigma_rad=0.00872665
I20260807 13:00:13.358814 0x20b9da080 official_bundle_adjustment_ceres.cc:923] [AETHER] solver_used=DENSE_SCHUR sparse_backend=EIGEN_SPARSE dense_backend=EIGEN mixed=0 threads=1
I20260807 13:00:13.586184 0x20b9da080 database_cache.cc:72] Loading rigs...
I20260807 13:00:13.586209 0x20b9da080 database_cache.cc:82]  0 in 0.000s
I20260807 13:00:13.586217 0x20b9da080 database_cache.cc:90] Loading cameras...
I20260807 13:00:13.586241 0x20b9da080 database_cache.cc:108]  60 in 0.000s
I20260807 13:00:13.586246 0x20b9da080 database_cache.cc:116] Loading frames...
I20260807 13:00:13.586253 0x20b9da080 database_cache.cc:126]  0 in 0.000s
I20260807 13:00:13.586257 0x20b9da080 database_cache.cc:134] Loading matches...
I20260807 13:00:13.586684 0x20b9da080 database_cache.cc:139]  569 in 0.000s
I20260807 13:00:13.586690 0x20b9da080 database_cache.cc:147] Loading images...
I20260807 13:00:13.590885 0x20b9da080 database_cache.cc:236]  60 in 0.004s (loaded all 60)
I20260807 13:00:13.590907 0x20b9da080 database_cache.cc:255] Loading pose priors...
I20260807 13:00:13.590918 0x20b9da080 database_cache.cc:263]  0 in 0.000s
I20260807 13:00:13.590923 0x20b9da080 database_cache.cc:271] Building correspondence graph...
I20260807 13:00:13.599436 0x20b9da080 database_cache.cc:300]  in 0.009s (ignored 0)
I20260807 13:00:13.611328 0x20b9da080 official_bundle_adjustment_ceres.cc:1434] [AETHER gravity] injected 5/5 roll/pitch anchors, sigma_rad=0.00872665
I20260807 13:00:13.618127 0x20b9da080 official_bundle_adjustment_ceres.cc:923] [AETHER] solver_used=DENSE_SCHUR sparse_backend=EIGEN_SPARSE dense_backend=EIGEN mixed=0 threads=1
I20260807 13:00:13.620867 0x20b9da080 official_bundle_adjustment_ceres.cc:1434] [AETHER gravity] injected 5/5 roll/pitch anchors, sigma_rad=0.00872665
I20260807 13:00:13.625235 0x20b9da080 official_bundle_adjustment_ceres.cc:923] [AETHER] solver_used=DENSE_SCHUR sparse_backend=EIGEN_SPARSE dense_backend=EIGEN mixed=0 threads=1
I20260807 13:00:13.776776 0x20b9da080 database_cache.cc:72] Loading rigs...
I20260807 13:00:13.776801 0x20b9da080 database_cache.cc:82]  0 in 0.000s
I20260807 13:00:13.776808 0x20b9da080 database_cache.cc:90] Loading cameras...
I20260807 13:00:13.776831 0x20b9da080 database_cache.cc:108]  61 in 0.000s
I20260807 13:00:13.776836 0x20b9da080 database_cache.cc:116] Loading frames...
I20260807 13:00:13.776843 0x20b9da080 database_cache.cc:126]  0 in 0.000s
I20260807 13:00:13.776847 0x20b9da080 database_cache.cc:134] Loading matches...
I20260807 13:00:13.777260 0x20b9da080 database_cache.cc:139]  581 in 0.000s
I20260807 13:00:13.777266 0x20b9da080 database_cache.cc:147] Loading images...
I20260807 13:00:13.781420 0x20b9da080 database_cache.cc:236]  61 in 0.004s (loaded all 61)
I20260807 13:00:13.781434 0x20b9da080 database_cache.cc:255] Loading pose priors...
I20260807 13:00:13.781443 0x20b9da080 database_cache.cc:263]  0 in 0.000s
I20260807 13:00:13.781447 0x20b9da080 database_cache.cc:271] Building correspondence graph...
I20260807 13:00:13.789997 0x20b9da080 database_cache.cc:300]  in 0.009s (ignored 0)
I20260807 13:00:13.797825 0x20b9da080 official_bundle_adjustment_ceres.cc:1434] [AETHER gravity] injected 5/5 roll/pitch anchors, sigma_rad=0.00872665
I20260807 13:00:13.808445 0x20b9da080 official_bundle_adjustment_ceres.cc:923] [AETHER] solver_used=DENSE_SCHUR sparse_backend=EIGEN_SPARSE dense_backend=EIGEN mixed=0 threads=1
I20260807 13:00:13.811412 0x20b9da080 official_bundle_adjustment_ceres.cc:1434] [AETHER gravity] injected 5/5 roll/pitch anchors, sigma_rad=0.00872665
I20260807 13:00:13.819943 0x20b9da080 official_bundle_adjustment_ceres.cc:923] [AETHER] solver_used=DENSE_SCHUR sparse_backend=EIGEN_SPARSE dense_backend=EIGEN mixed=0 threads=1
I20260807 13:00:14.041549 0x20b9da080 database_cache.cc:72] Loading rigs...
I20260807 13:00:14.041569 0x20b9da080 database_cache.cc:82]  0 in 0.000s
I20260807 13:00:14.041576 0x20b9da080 database_cache.cc:90] Loading cameras...
I20260807 13:00:14.041599 0x20b9da080 database_cache.cc:108]  62 in 0.000s
I20260807 13:00:14.041604 0x20b9da080 database_cache.cc:116] Loading frames...
I20260807 13:00:14.041610 0x20b9da080 database_cache.cc:126]  0 in 0.000s
I20260807 13:00:14.041614 0x20b9da080 database_cache.cc:134] Loading matches...
I20260807 13:00:14.042623 0x20b9da080 database_cache.cc:139]  593 in 0.001s
I20260807 13:00:14.042631 0x20b9da080 database_cache.cc:147] Loading images...
I20260807 13:00:14.046964 0x20b9da080 database_cache.cc:236]  62 in 0.004s (loaded all 62)
I20260807 13:00:14.046978 0x20b9da080 database_cache.cc:255] Loading pose priors...
I20260807 13:00:14.046989 0x20b9da080 database_cache.cc:263]  0 in 0.000s
I20260807 13:00:14.046993 0x20b9da080 database_cache.cc:271] Building correspondence graph...
I20260807 13:00:14.055710 0x20b9da080 database_cache.cc:300]  in 0.009s (ignored 0)
I20260807 13:00:14.062981 0x20b9da080 official_bundle_adjustment_ceres.cc:1434] [AETHER gravity] injected 6/6 roll/pitch anchors, sigma_rad=0.00872665
I20260807 13:00:14.077643 0x20b9da080 official_bundle_adjustment_ceres.cc:923] [AETHER] solver_used=DENSE_SCHUR sparse_backend=EIGEN_SPARSE dense_backend=EIGEN mixed=0 threads=1
I20260807 13:00:14.080019 0x20b9da080 official_bundle_adjustment_ceres.cc:1434] [AETHER gravity] injected 5/5 roll/pitch anchors, sigma_rad=0.00872665
I20260807 13:00:14.084618 0x20b9da080 official_bundle_adjustment_ceres.cc:923] [AETHER] solver_used=DENSE_SCHUR sparse_backend=EIGEN_SPARSE dense_backend=EIGEN mixed=0 threads=1
I20260807 13:00:14.255075 0x20b9da080 database_cache.cc:72] Loading rigs...
I20260807 13:00:14.255098 0x20b9da080 database_cache.cc:82]  0 in 0.000s
I20260807 13:00:14.255105 0x20b9da080 database_cache.cc:90] Loading cameras...
I20260807 13:00:14.255130 0x20b9da080 database_cache.cc:108]  63 in 0.000s
I20260807 13:00:14.255135 0x20b9da080 database_cache.cc:116] Loading frames...
I20260807 13:00:14.255141 0x20b9da080 database_cache.cc:126]  0 in 0.000s
I20260807 13:00:14.255145 0x20b9da080 database_cache.cc:134] Loading matches...
I20260807 13:00:14.255583 0x20b9da080 database_cache.cc:139]  604 in 0.000s
I20260807 13:00:14.255589 0x20b9da080 database_cache.cc:147] Loading images...
I20260807 13:00:14.259905 0x20b9da080 database_cache.cc:236]  63 in 0.004s (loaded all 63)
I20260807 13:00:14.259922 0x20b9da080 database_cache.cc:255] Loading pose priors...
I20260807 13:00:14.259931 0x20b9da080 database_cache.cc:263]  0 in 0.000s
I20260807 13:00:14.259935 0x20b9da080 database_cache.cc:271] Building correspondence graph...
I20260807 13:00:14.268943 0x20b9da080 database_cache.cc:300]  in 0.009s (ignored 0)
I20260807 13:00:14.442134 0x20b9da080 database_cache.cc:72] Loading rigs...
I20260807 13:00:14.442167 0x20b9da080 database_cache.cc:82]  0 in 0.000s
I20260807 13:00:14.442175 0x20b9da080 database_cache.cc:90] Loading cameras...
I20260807 13:00:14.442205 0x20b9da080 database_cache.cc:108]  64 in 0.000s
I20260807 13:00:14.442210 0x20b9da080 database_cache.cc:116] Loading frames...
I20260807 13:00:14.442218 0x20b9da080 database_cache.cc:126]  0 in 0.000s
I20260807 13:00:14.442223 0x20b9da080 database_cache.cc:134] Loading matches...
I20260807 13:00:14.443776 0x20b9da080 database_cache.cc:139]  612 in 0.002s
I20260807 13:00:14.443802 0x20b9da080 database_cache.cc:147] Loading images...
I20260807 13:00:14.448434 0x20b9da080 database_cache.cc:236]  64 in 0.005s (loaded all 64)
I20260807 13:00:14.448461 0x20b9da080 database_cache.cc:255] Loading pose priors...
I20260807 13:00:14.448487 0x20b9da080 database_cache.cc:263]  0 in 0.000s
I20260807 13:00:14.448492 0x20b9da080 database_cache.cc:271] Building correspondence graph...
I20260807 13:00:14.458378 0x20b9da080 database_cache.cc:300]  in 0.010s (ignored 0)
I20260807 13:00:14.465151 0x20b9da080 official_bundle_adjustment_ceres.cc:1434] [AETHER gravity] injected 3/3 roll/pitch anchors, sigma_rad=0.00872665
I20260807 13:00:14.470542 0x20b9da080 official_bundle_adjustment_ceres.cc:923] [AETHER] solver_used=DENSE_SCHUR sparse_backend=EIGEN_SPARSE dense_backend=EIGEN mixed=0 threads=1
I20260807 13:00:14.472201 0x20b9da080 official_bundle_adjustment_ceres.cc:1434] [AETHER gravity] injected 2/2 roll/pitch anchors, sigma_rad=0.00872665
I20260807 13:00:14.475393 0x20b9da080 official_bundle_adjustment_ceres.cc:923] [AETHER] solver_used=DENSE_SCHUR sparse_backend=EIGEN_SPARSE dense_backend=EIGEN mixed=0 threads=1
I20260807 13:00:14.685984 0x20b9da080 database_cache.cc:72] Loading rigs...
I20260807 13:00:14.686075 0x20b9da080 database_cache.cc:82]  0 in 0.000s
I20260807 13:00:14.686089 0x20b9da080 database_cache.cc:90] Loading cameras...
I20260807 13:00:14.686164 0x20b9da080 database_cache.cc:108]  65 in 0.000s
I20260807 13:00:14.686184 0x20b9da080 database_cache.cc:116] Loading frames...
I20260807 13:00:14.686222 0x20b9da080 database_cache.cc:126]  0 in 0.000s
I20260807 13:00:14.686298 0x20b9da080 database_cache.cc:134] Loading matches...
I20260807 13:00:14.687269 0x20b9da080 database_cache.cc:139]  623 in 0.001s
I20260807 13:00:14.687279 0x20b9da080 database_cache.cc:147] Loading images...
I20260807 13:00:14.692041 0x20b9da080 database_cache.cc:236]  65 in 0.005s (loaded all 65)
I20260807 13:00:14.692059 0x20b9da080 database_cache.cc:255] Loading pose priors...
I20260807 13:00:14.692074 0x20b9da080 database_cache.cc:263]  0 in 0.000s
I20260807 13:00:14.692080 0x20b9da080 database_cache.cc:271] Building correspondence graph...
I20260807 13:00:14.701155 0x20b9da080 database_cache.cc:300]  in 0.009s (ignored 0)
I20260807 13:00:14.709589 0x20b9da080 official_bundle_adjustment_ceres.cc:1434] [AETHER gravity] injected 4/4 roll/pitch anchors, sigma_rad=0.00872665
I20260807 13:00:14.721039 0x20b9da080 official_bundle_adjustment_ceres.cc:923] [AETHER] solver_used=DENSE_SCHUR sparse_backend=EIGEN_SPARSE dense_backend=EIGEN mixed=0 threads=1
I20260807 13:00:14.723828 0x20b9da080 official_bundle_adjustment_ceres.cc:1434] [AETHER gravity] injected 4/4 roll/pitch anchors, sigma_rad=0.00872665
I20260807 13:00:14.731900 0x20b9da080 official_bundle_adjustment_ceres.cc:923] [AETHER] solver_used=DENSE_SCHUR sparse_backend=EIGEN_SPARSE dense_backend=EIGEN mixed=0 threads=1
I20260807 13:00:14.889381 0x20b9da080 database_cache.cc:72] Loading rigs...
I20260807 13:00:14.889408 0x20b9da080 database_cache.cc:82]  0 in 0.000s
I20260807 13:00:14.889417 0x20b9da080 database_cache.cc:90] Loading cameras...
I20260807 13:00:14.889443 0x20b9da080 database_cache.cc:108]  66 in 0.000s
I20260807 13:00:14.889448 0x20b9da080 database_cache.cc:116] Loading frames...
I20260807 13:00:14.889455 0x20b9da080 database_cache.cc:126]  0 in 0.000s
I20260807 13:00:14.889459 0x20b9da080 database_cache.cc:134] Loading matches...
I20260807 13:00:14.889918 0x20b9da080 database_cache.cc:139]  635 in 0.000s
I20260807 13:00:14.889926 0x20b9da080 database_cache.cc:147] Loading images...
I20260807 13:00:14.894575 0x20b9da080 database_cache.cc:236]  66 in 0.005s (loaded all 66)
I20260807 13:00:14.894593 0x20b9da080 database_cache.cc:255] Loading pose priors...
I20260807 13:00:14.894606 0x20b9da080 database_cache.cc:263]  0 in 0.000s
I20260807 13:00:14.894611 0x20b9da080 database_cache.cc:271] Building correspondence graph...
I20260807 13:00:14.904068 0x20b9da080 database_cache.cc:300]  in 0.009s (ignored 0)
I20260807 13:00:14.913141 0x20b9da080 official_bundle_adjustment_ceres.cc:1434] [AETHER gravity] injected 4/4 roll/pitch anchors, sigma_rad=0.00872665
I20260807 13:00:14.925326 0x20b9da080 official_bundle_adjustment_ceres.cc:923] [AETHER] solver_used=DENSE_SCHUR sparse_backend=EIGEN_SPARSE dense_backend=EIGEN mixed=0 threads=1
I20260807 13:00:14.928517 0x20b9da080 official_bundle_adjustment_ceres.cc:1434] [AETHER gravity] injected 4/4 roll/pitch anchors, sigma_rad=0.00872665
I20260807 13:00:14.944456 0x20b9da080 official_bundle_adjustment_ceres.cc:923] [AETHER] solver_used=DENSE_SCHUR sparse_backend=EIGEN_SPARSE dense_backend=EIGEN mixed=0 threads=1
I20260807 13:00:15.108078 0x20b9da080 database_cache.cc:72] Loading rigs...
I20260807 13:00:15.108103 0x20b9da080 database_cache.cc:82]  0 in 0.000s
I20260807 13:00:15.108112 0x20b9da080 database_cache.cc:90] Loading cameras...
I20260807 13:00:15.108140 0x20b9da080 database_cache.cc:108]  67 in 0.000s
I20260807 13:00:15.108146 0x20b9da080 database_cache.cc:116] Loading frames...
I20260807 13:00:15.108153 0x20b9da080 database_cache.cc:126]  0 in 0.000s
I20260807 13:00:15.108158 0x20b9da080 database_cache.cc:134] Loading matches...
I20260807 13:00:15.108613 0x20b9da080 database_cache.cc:139]  647 in 0.000s
I20260807 13:00:15.108620 0x20b9da080 database_cache.cc:147] Loading images...
I20260807 13:00:15.113201 0x20b9da080 database_cache.cc:236]  67 in 0.005s (loaded all 67)
I20260807 13:00:15.113218 0x20b9da080 database_cache.cc:255] Loading pose priors...
I20260807 13:00:15.113230 0x20b9da080 database_cache.cc:263]  0 in 0.000s
I20260807 13:00:15.113236 0x20b9da080 database_cache.cc:271] Building correspondence graph...
I20260807 13:00:15.122468 0x20b9da080 database_cache.cc:300]  in 0.009s (ignored 0)
I20260807 13:00:15.129712 0x20b9da080 official_bundle_adjustment_ceres.cc:1434] [AETHER gravity] injected 3/3 roll/pitch anchors, sigma_rad=0.00872665
I20260807 13:00:15.136978 0x20b9da080 official_bundle_adjustment_ceres.cc:923] [AETHER] solver_used=DENSE_SCHUR sparse_backend=EIGEN_SPARSE dense_backend=EIGEN mixed=0 threads=1
I20260807 13:00:15.139099 0x20b9da080 official_bundle_adjustment_ceres.cc:1434] [AETHER gravity] injected 3/3 roll/pitch anchors, sigma_rad=0.00872665
I20260807 13:00:15.143965 0x20b9da080 official_bundle_adjustment_ceres.cc:923] [AETHER] solver_used=DENSE_SCHUR sparse_backend=EIGEN_SPARSE dense_backend=EIGEN mixed=0 threads=1
I20260807 13:00:15.314312 0x20b9da080 database_cache.cc:72] Loading rigs...
I20260807 13:00:15.314336 0x20b9da080 database_cache.cc:82]  0 in 0.000s
I20260807 13:00:15.314344 0x20b9da080 database_cache.cc:90] Loading cameras...
I20260807 13:00:15.314376 0x20b9da080 database_cache.cc:108]  68 in 0.000s
I20260807 13:00:15.314384 0x20b9da080 database_cache.cc:116] Loading frames...
I20260807 13:00:15.314394 0x20b9da080 database_cache.cc:126]  0 in 0.000s
I20260807 13:00:15.314402 0x20b9da080 database_cache.cc:134] Loading matches...
I20260807 13:00:15.314916 0x20b9da080 database_cache.cc:139]  652 in 0.001s
I20260807 13:00:15.314925 0x20b9da080 database_cache.cc:147] Loading images...
I20260807 13:00:15.319841 0x20b9da080 database_cache.cc:236]  68 in 0.005s (loaded all 68)
I20260807 13:00:15.319868 0x20b9da080 database_cache.cc:255] Loading pose priors...
I20260807 13:00:15.319882 0x20b9da080 database_cache.cc:263]  0 in 0.000s
I20260807 13:00:15.319889 0x20b9da080 database_cache.cc:271] Building correspondence graph...
I20260807 13:00:15.328908 0x20b9da080 database_cache.cc:300]  in 0.009s (ignored 0)
I20260807 13:00:15.453031 0x20b9da080 database_cache.cc:72] Loading rigs...
I20260807 13:00:15.453054 0x20b9da080 database_cache.cc:82]  0 in 0.000s
I20260807 13:00:15.453061 0x20b9da080 database_cache.cc:90] Loading cameras...
I20260807 13:00:15.453087 0x20b9da080 database_cache.cc:108]  69 in 0.000s
I20260807 13:00:15.453092 0x20b9da080 database_cache.cc:116] Loading frames...
I20260807 13:00:15.453099 0x20b9da080 database_cache.cc:126]  0 in 0.000s
I20260807 13:00:15.453103 0x20b9da080 database_cache.cc:134] Loading matches...
I20260807 13:00:15.453584 0x20b9da080 database_cache.cc:139]  657 in 0.000s
I20260807 13:00:15.453590 0x20b9da080 database_cache.cc:147] Loading images...
I20260807 13:00:15.458326 0x20b9da080 database_cache.cc:236]  69 in 0.005s (loaded all 69)
I20260807 13:00:15.458341 0x20b9da080 database_cache.cc:255] Loading pose priors...
I20260807 13:00:15.458353 0x20b9da080 database_cache.cc:263]  0 in 0.000s
I20260807 13:00:15.458359 0x20b9da080 database_cache.cc:271] Building correspondence graph...
I20260807 13:00:15.467682 0x20b9da080 database_cache.cc:300]  in 0.009s (ignored 0)
I20260807 13:00:15.473818 0x20b9da080 official_bundle_adjustment_ceres.cc:1434] [AETHER gravity] injected 2/2 roll/pitch anchors, sigma_rad=0.00872665
I20260807 13:00:15.473975 0x20b9da080 official_bundle_adjustment_ceres.cc:923] [AETHER] solver_used=DENSE_SCHUR sparse_backend=EIGEN_SPARSE dense_backend=EIGEN mixed=0 threads=1
I20260807 13:00:15.475228 0x20b9da080 official_bundle_adjustment_ceres.cc:1434] [AETHER gravity] injected 2/2 roll/pitch anchors, sigma_rad=0.00872665
I20260807 13:00:15.475276 0x20b9da080 official_bundle_adjustment_ceres.cc:923] [AETHER] solver_used=DENSE_SCHUR sparse_backend=EIGEN_SPARSE dense_backend=EIGEN mixed=0 threads=1
I20260807 13:00:15.687934 0x20b9da080 database_cache.cc:72] Loading rigs...
I20260807 13:00:15.687962 0x20b9da080 database_cache.cc:82]  0 in 0.000s
I20260807 13:00:15.687970 0x20b9da080 database_cache.cc:90] Loading cameras...
I20260807 13:00:15.687997 0x20b9da080 database_cache.cc:108]  70 in 0.000s
I20260807 13:00:15.688003 0x20b9da080 database_cache.cc:116] Loading frames...
I20260807 13:00:15.688010 0x20b9da080 database_cache.cc:126]  0 in 0.000s
I20260807 13:00:15.688015 0x20b9da080 database_cache.cc:134] Loading matches...
I20260807 13:00:15.688749 0x20b9da080 database_cache.cc:139]  668 in 0.001s
I20260807 13:00:15.688758 0x20b9da080 database_cache.cc:147] Loading images...
I20260807 13:00:15.693662 0x20b9da080 database_cache.cc:236]  70 in 0.005s (loaded all 70)
I20260807 13:00:15.693681 0x20b9da080 database_cache.cc:255] Loading pose priors...
I20260807 13:00:15.693694 0x20b9da080 database_cache.cc:263]  0 in 0.000s
I20260807 13:00:15.693699 0x20b9da080 database_cache.cc:271] Building correspondence graph...
I20260807 13:00:15.703358 0x20b9da080 database_cache.cc:300]  in 0.010s (ignored 0)
I20260807 13:00:15.710703 0x20b9da080 official_bundle_adjustment_ceres.cc:1434] [AETHER gravity] injected 4/4 roll/pitch anchors, sigma_rad=0.00872665
I20260807 13:00:15.714439 0x20b9da080 official_bundle_adjustment_ceres.cc:923] [AETHER] solver_used=DENSE_SCHUR sparse_backend=EIGEN_SPARSE dense_backend=EIGEN mixed=0 threads=1
I20260807 13:00:15.716302 0x20b9da080 official_bundle_adjustment_ceres.cc:1434] [AETHER gravity] injected 4/4 roll/pitch anchors, sigma_rad=0.00872665
I20260807 13:00:15.718344 0x20b9da080 official_bundle_adjustment_ceres.cc:923] [AETHER] solver_used=DENSE_SCHUR sparse_backend=EIGEN_SPARSE dense_backend=EIGEN mixed=0 threads=1
I20260807 13:00:15.934981 0x20b9da080 database_cache.cc:72] Loading rigs...
I20260807 13:00:15.935011 0x20b9da080 database_cache.cc:82]  0 in 0.000s
I20260807 13:00:15.935018 0x20b9da080 database_cache.cc:90] Loading cameras...
I20260807 13:00:15.935052 0x20b9da080 database_cache.cc:108]  71 in 0.000s
I20260807 13:00:15.935060 0x20b9da080 database_cache.cc:116] Loading frames...
I20260807 13:00:15.935072 0x20b9da080 database_cache.cc:126]  0 in 0.000s
I20260807 13:00:15.935077 0x20b9da080 database_cache.cc:134] Loading matches...
I20260807 13:00:15.935735 0x20b9da080 database_cache.cc:139]  680 in 0.001s
I20260807 13:00:15.935758 0x20b9da080 database_cache.cc:147] Loading images...
I20260807 13:00:15.941302 0x20b9da080 database_cache.cc:236]  71 in 0.006s (loaded all 71)
I20260807 13:00:15.941333 0x20b9da080 database_cache.cc:255] Loading pose priors...
I20260807 13:00:15.941349 0x20b9da080 database_cache.cc:263]  0 in 0.000s
I20260807 13:00:15.941356 0x20b9da080 database_cache.cc:271] Building correspondence graph...
I20260807 13:00:15.951522 0x20b9da080 database_cache.cc:300]  in 0.010s (ignored 0)
I20260807 13:00:15.960252 0x20b9da080 official_bundle_adjustment_ceres.cc:1434] [AETHER gravity] injected 3/3 roll/pitch anchors, sigma_rad=0.00872665
I20260807 13:00:15.961634 0x20b9da080 official_bundle_adjustment_ceres.cc:923] [AETHER] solver_used=DENSE_SCHUR sparse_backend=EIGEN_SPARSE dense_backend=EIGEN mixed=0 threads=1
I20260807 13:00:15.964666 0x20b9da080 official_bundle_adjustment_ceres.cc:1434] [AETHER gravity] injected 3/3 roll/pitch anchors, sigma_rad=0.00872665
I20260807 13:00:15.967191 0x20b9da080 official_bundle_adjustment_ceres.cc:923] [AETHER] solver_used=DENSE_SCHUR sparse_backend=EIGEN_SPARSE dense_backend=EIGEN mixed=0 threads=1
I20260807 13:00:16.223796 0x20b9da080 database_cache.cc:72] Loading rigs...
I20260807 13:00:16.223822 0x20b9da080 database_cache.cc:82]  0 in 0.000s
I20260807 13:00:16.223830 0x20b9da080 database_cache.cc:90] Loading cameras...
I20260807 13:00:16.223857 0x20b9da080 database_cache.cc:108]  72 in 0.000s
I20260807 13:00:16.223863 0x20b9da080 database_cache.cc:116] Loading frames...
I20260807 13:00:16.223870 0x20b9da080 database_cache.cc:126]  0 in 0.000s
I20260807 13:00:16.223874 0x20b9da080 database_cache.cc:134] Loading matches...
I20260807 13:00:16.224360 0x20b9da080 database_cache.cc:139]  692 in 0.000s
I20260807 13:00:16.224367 0x20b9da080 database_cache.cc:147] Loading images...
I20260807 13:00:16.229340 0x20b9da080 database_cache.cc:236]  72 in 0.005s (loaded all 72)
I20260807 13:00:16.229361 0x20b9da080 database_cache.cc:255] Loading pose priors...
I20260807 13:00:16.229374 0x20b9da080 database_cache.cc:263]  0 in 0.000s
I20260807 13:00:16.229379 0x20b9da080 database_cache.cc:271] Building correspondence graph...
I20260807 13:00:16.239170 0x20b9da080 database_cache.cc:300]  in 0.010s (ignored 0)
I20260807 13:00:16.247636 0x20b9da080 official_bundle_adjustment_ceres.cc:1434] [AETHER gravity] injected 2/2 roll/pitch anchors, sigma_rad=0.00872665
I20260807 13:00:16.248521 0x20b9da080 official_bundle_adjustment_ceres.cc:923] [AETHER] solver_used=DENSE_SCHUR sparse_backend=EIGEN_SPARSE dense_backend=EIGEN mixed=0 threads=1
I20260807 13:00:16.251687 0x20b9da080 official_bundle_adjustment_ceres.cc:1434] [AETHER gravity] injected 2/2 roll/pitch anchors, sigma_rad=0.00872665
I20260807 13:00:16.252149 0x20b9da080 official_bundle_adjustment_ceres.cc:923] [AETHER] solver_used=DENSE_SCHUR sparse_backend=EIGEN_SPARSE dense_backend=EIGEN mixed=0 threads=1
I20260807 13:00:16.562323 0x20b9da080 database_cache.cc:72] Loading rigs...
I20260807 13:00:16.562357 0x20b9da080 database_cache.cc:82]  0 in 0.000s
I20260807 13:00:16.562366 0x20b9da080 database_cache.cc:90] Loading cameras...
I20260807 13:00:16.562403 0x20b9da080 database_cache.cc:108]  73 in 0.000s
I20260807 13:00:16.562409 0x20b9da080 database_cache.cc:116] Loading frames...
I20260807 13:00:16.562417 0x20b9da080 database_cache.cc:126]  0 in 0.000s
I20260807 13:00:16.562421 0x20b9da080 database_cache.cc:134] Loading matches...
I20260807 13:00:16.567139 0x20b9da080 database_cache.cc:139]  704 in 0.005s
I20260807 13:00:16.567165 0x20b9da080 database_cache.cc:147] Loading images...
I20260807 13:00:16.572399 0x20b9da080 database_cache.cc:236]  73 in 0.005s (loaded all 73)
I20260807 13:00:16.572434 0x20b9da080 database_cache.cc:255] Loading pose priors...
I20260807 13:00:16.572457 0x20b9da080 database_cache.cc:263]  0 in 0.000s
I20260807 13:00:16.572463 0x20b9da080 database_cache.cc:271] Building correspondence graph...
I20260807 13:00:16.582208 0x20b9da080 database_cache.cc:300]  in 0.010s (ignored 0)
I20260807 13:00:16.838406 0x20b9da080 database_cache.cc:72] Loading rigs...
I20260807 13:00:16.838432 0x20b9da080 database_cache.cc:82]  0 in 0.000s
I20260807 13:00:16.838440 0x20b9da080 database_cache.cc:90] Loading cameras...
I20260807 13:00:16.838470 0x20b9da080 database_cache.cc:108]  74 in 0.000s
I20260807 13:00:16.838475 0x20b9da080 database_cache.cc:116] Loading frames...
I20260807 13:00:16.838482 0x20b9da080 database_cache.cc:126]  0 in 0.000s
I20260807 13:00:16.838487 0x20b9da080 database_cache.cc:134] Loading matches...
I20260807 13:00:16.838979 0x20b9da080 database_cache.cc:139]  716 in 0.000s
I20260807 13:00:16.838986 0x20b9da080 database_cache.cc:147] Loading images...
I20260807 13:00:16.844083 0x20b9da080 database_cache.cc:236]  74 in 0.005s (loaded all 74)
I20260807 13:00:16.844106 0x20b9da080 database_cache.cc:255] Loading pose priors...
I20260807 13:00:16.844120 0x20b9da080 database_cache.cc:263]  0 in 0.000s
I20260807 13:00:16.844125 0x20b9da080 database_cache.cc:271] Building correspondence graph...
I20260807 13:00:16.854278 0x20b9da080 database_cache.cc:300]  in 0.010s (ignored 0)
I20260807 13:00:16.862602 0x20b9da080 official_bundle_adjustment_ceres.cc:1434] [AETHER gravity] injected 6/6 roll/pitch anchors, sigma_rad=0.00872665
I20260807 13:00:16.874858 0x20b9da080 official_bundle_adjustment_ceres.cc:923] [AETHER] solver_used=DENSE_SCHUR sparse_backend=EIGEN_SPARSE dense_backend=EIGEN mixed=0 threads=1
I20260807 13:00:16.877111 0x20b9da080 official_bundle_adjustment_ceres.cc:1434] [AETHER gravity] injected 4/4 roll/pitch anchors, sigma_rad=0.00872665
I20260807 13:00:16.882496 0x20b9da080 official_bundle_adjustment_ceres.cc:923] [AETHER] solver_used=DENSE_SCHUR sparse_backend=EIGEN_SPARSE dense_backend=EIGEN mixed=0 threads=1
I20260807 13:00:17.122898 0x20b9da080 database_cache.cc:72] Loading rigs...
I20260807 13:00:17.122923 0x20b9da080 database_cache.cc:82]  0 in 0.000s
I20260807 13:00:17.122930 0x20b9da080 database_cache.cc:90] Loading cameras...
I20260807 13:00:17.122961 0x20b9da080 database_cache.cc:108]  75 in 0.000s
I20260807 13:00:17.122967 0x20b9da080 database_cache.cc:116] Loading frames...
I20260807 13:00:17.122975 0x20b9da080 database_cache.cc:126]  0 in 0.000s
I20260807 13:00:17.122979 0x20b9da080 database_cache.cc:134] Loading matches...
I20260807 13:00:17.125068 0x20b9da080 database_cache.cc:139]  729 in 0.002s
I20260807 13:00:17.125089 0x20b9da080 database_cache.cc:147] Loading images...
I20260807 13:00:17.130908 0x20b9da080 database_cache.cc:236]  75 in 0.006s (loaded all 75)
I20260807 13:00:17.130939 0x20b9da080 database_cache.cc:255] Loading pose priors...
I20260807 13:00:17.130959 0x20b9da080 database_cache.cc:263]  0 in 0.000s
I20260807 13:00:17.130966 0x20b9da080 database_cache.cc:271] Building correspondence graph...
I20260807 13:00:17.142058 0x20b9da080 database_cache.cc:300]  in 0.011s (ignored 0)
I20260807 13:00:17.150448 0x20b9da080 official_bundle_adjustment_ceres.cc:1434] [AETHER gravity] injected 2/2 roll/pitch anchors, sigma_rad=0.00872665
I20260807 13:00:17.152612 0x20b9da080 official_bundle_adjustment_ceres.cc:923] [AETHER] solver_used=DENSE_SCHUR sparse_backend=EIGEN_SPARSE dense_backend=EIGEN mixed=0 threads=1
I20260807 13:00:17.154573 0x20b9da080 official_bundle_adjustment_ceres.cc:1434] [AETHER gravity] injected 2/2 roll/pitch anchors, sigma_rad=0.00872665
I20260807 13:00:17.154825 0x20b9da080 official_bundle_adjustment_ceres.cc:923] [AETHER] solver_used=DENSE_SCHUR sparse_backend=EIGEN_SPARSE dense_backend=EIGEN mixed=0 threads=1
  fed 75/201 frames (last n_kp=8192)
I20260807 13:00:17.303829 0x20b9da080 database_cache.cc:72] Loading rigs...
I20260807 13:00:17.303856 0x20b9da080 database_cache.cc:82]  0 in 0.000s
I20260807 13:00:17.303865 0x20b9da080 database_cache.cc:90] Loading cameras...
I20260807 13:00:17.303896 0x20b9da080 database_cache.cc:108]  76 in 0.000s
I20260807 13:00:17.303901 0x20b9da080 database_cache.cc:116] Loading frames...
I20260807 13:00:17.303910 0x20b9da080 database_cache.cc:126]  0 in 0.000s
I20260807 13:00:17.303914 0x20b9da080 database_cache.cc:134] Loading matches...
I20260807 13:00:17.304836 0x20b9da080 database_cache.cc:139]  740 in 0.001s
I20260807 13:00:17.304844 0x20b9da080 database_cache.cc:147] Loading images...
I20260807 13:00:17.310698 0x20b9da080 database_cache.cc:236]  76 in 0.006s (loaded all 76)
I20260807 13:00:17.310744 0x20b9da080 database_cache.cc:255] Loading pose priors...
I20260807 13:00:17.310761 0x20b9da080 database_cache.cc:263]  0 in 0.000s
I20260807 13:00:17.310770 0x20b9da080 database_cache.cc:271] Building correspondence graph...
I20260807 13:00:17.321261 0x20b9da080 database_cache.cc:300]  in 0.010s (ignored 0)
I20260807 13:00:17.461059 0x20b9da080 database_cache.cc:72] Loading rigs...
I20260807 13:00:17.461088 0x20b9da080 database_cache.cc:82]  0 in 0.000s
I20260807 13:00:17.461099 0x20b9da080 database_cache.cc:90] Loading cameras...
I20260807 13:00:17.461133 0x20b9da080 database_cache.cc:108]  77 in 0.000s
I20260807 13:00:17.461139 0x20b9da080 database_cache.cc:116] Loading frames...
I20260807 13:00:17.461147 0x20b9da080 database_cache.cc:126]  0 in 0.000s
I20260807 13:00:17.461152 0x20b9da080 database_cache.cc:134] Loading matches...
I20260807 13:00:17.462067 0x20b9da080 database_cache.cc:139]  748 in 0.001s
I20260807 13:00:17.462076 0x20b9da080 database_cache.cc:147] Loading images...
I20260807 13:00:17.467704 0x20b9da080 database_cache.cc:236]  77 in 0.006s (loaded all 77)
I20260807 13:00:17.467730 0x20b9da080 database_cache.cc:255] Loading pose priors...
I20260807 13:00:17.467745 0x20b9da080 database_cache.cc:263]  0 in 0.000s
I20260807 13:00:17.467751 0x20b9da080 database_cache.cc:271] Building correspondence graph...
I20260807 13:00:17.478236 0x20b9da080 database_cache.cc:300]  in 0.010s (ignored 0)
I20260807 13:00:17.486011 0x20b9da080 official_bundle_adjustment_ceres.cc:1434] [AETHER gravity] injected 3/3 roll/pitch anchors, sigma_rad=0.00872665
I20260807 13:00:17.490603 0x20b9da080 official_bundle_adjustment_ceres.cc:923] [AETHER] solver_used=DENSE_SCHUR sparse_backend=EIGEN_SPARSE dense_backend=EIGEN mixed=0 threads=1
I20260807 13:00:17.492146 0x20b9da080 official_bundle_adjustment_ceres.cc:1434] [AETHER gravity] injected 3/3 roll/pitch anchors, sigma_rad=0.00872665
I20260807 13:00:17.496923 0x20b9da080 official_bundle_adjustment_ceres.cc:923] [AETHER] solver_used=DENSE_SCHUR sparse_backend=EIGEN_SPARSE dense_backend=EIGEN mixed=0 threads=1
I20260807 13:00:17.620362 0x20b9da080 database_cache.cc:72] Loading rigs...
I20260807 13:00:17.620392 0x20b9da080 database_cache.cc:82]  0 in 0.000s
I20260807 13:00:17.620401 0x20b9da080 database_cache.cc:90] Loading cameras...
I20260807 13:00:17.620433 0x20b9da080 database_cache.cc:108]  78 in 0.000s
I20260807 13:00:17.620438 0x20b9da080 database_cache.cc:116] Loading frames...
I20260807 13:00:17.620445 0x20b9da080 database_cache.cc:126]  0 in 0.000s
I20260807 13:00:17.620450 0x20b9da080 database_cache.cc:134] Loading matches...
I20260807 13:00:17.620985 0x20b9da080 database_cache.cc:139]  755 in 0.001s
I20260807 13:00:17.620995 0x20b9da080 database_cache.cc:147] Loading images...
I20260807 13:00:17.626394 0x20b9da080 database_cache.cc:236]  78 in 0.005s (loaded all 78)
I20260807 13:00:17.626416 0x20b9da080 database_cache.cc:255] Loading pose priors...
I20260807 13:00:17.626433 0x20b9da080 database_cache.cc:263]  0 in 0.000s
I20260807 13:00:17.626437 0x20b9da080 database_cache.cc:271] Building correspondence graph...
I20260807 13:00:17.637000 0x20b9da080 database_cache.cc:300]  in 0.011s (ignored 0)
I20260807 13:00:17.644542 0x20b9da080 official_bundle_adjustment_ceres.cc:1434] [AETHER gravity] injected 4/4 roll/pitch anchors, sigma_rad=0.00872665
I20260807 13:00:17.649549 0x20b9da080 official_bundle_adjustment_ceres.cc:923] [AETHER] solver_used=DENSE_SCHUR sparse_backend=EIGEN_SPARSE dense_backend=EIGEN mixed=0 threads=1
I20260807 13:00:17.651268 0x20b9da080 official_bundle_adjustment_ceres.cc:1434] [AETHER gravity] injected 4/4 roll/pitch anchors, sigma_rad=0.00872665
I20260807 13:00:17.654535 0x20b9da080 official_bundle_adjustment_ceres.cc:923] [AETHER] solver_used=DENSE_SCHUR sparse_backend=EIGEN_SPARSE dense_backend=EIGEN mixed=0 threads=1
I20260807 13:00:17.757669 0x20b9da080 database_cache.cc:72] Loading rigs...
I20260807 13:00:17.757694 0x20b9da080 database_cache.cc:82]  0 in 0.000s
I20260807 13:00:17.757701 0x20b9da080 database_cache.cc:90] Loading cameras...
I20260807 13:00:17.757733 0x20b9da080 database_cache.cc:108]  79 in 0.000s
I20260807 13:00:17.757738 0x20b9da080 database_cache.cc:116] Loading frames...
I20260807 13:00:17.757746 0x20b9da080 database_cache.cc:126]  0 in 0.000s
I20260807 13:00:17.757750 0x20b9da080 database_cache.cc:134] Loading matches...
I20260807 13:00:17.759547 0x20b9da080 database_cache.cc:139]  762 in 0.002s
I20260807 13:00:17.759554 0x20b9da080 database_cache.cc:147] Loading images...
I20260807 13:00:17.765067 0x20b9da080 database_cache.cc:236]  79 in 0.006s (loaded all 79)
I20260807 13:00:17.765092 0x20b9da080 database_cache.cc:255] Loading pose priors...
I20260807 13:00:17.765110 0x20b9da080 database_cache.cc:263]  0 in 0.000s
I20260807 13:00:17.765115 0x20b9da080 database_cache.cc:271] Building correspondence graph...
I20260807 13:00:17.775751 0x20b9da080 database_cache.cc:300]  in 0.011s (ignored 0)
I20260807 13:00:17.782740 0x20b9da080 official_bundle_adjustment_ceres.cc:1434] [AETHER gravity] injected 3/3 roll/pitch anchors, sigma_rad=0.00872665
I20260807 13:00:17.785245 0x20b9da080 official_bundle_adjustment_ceres.cc:923] [AETHER] solver_used=DENSE_SCHUR sparse_backend=EIGEN_SPARSE dense_backend=EIGEN mixed=0 threads=1
I20260807 13:00:17.786776 0x20b9da080 official_bundle_adjustment_ceres.cc:1434] [AETHER gravity] injected 3/3 roll/pitch anchors, sigma_rad=0.00872665
I20260807 13:00:17.787651 0x20b9da080 official_bundle_adjustment_ceres.cc:923] [AETHER] solver_used=DENSE_SCHUR sparse_backend=EIGEN_SPARSE dense_backend=EIGEN mixed=0 threads=1
I20260807 13:00:17.920307 0x20b9da080 database_cache.cc:72] Loading rigs...
I20260807 13:00:17.920331 0x20b9da080 database_cache.cc:82]  0 in 0.000s
I20260807 13:00:17.920340 0x20b9da080 database_cache.cc:90] Loading cameras...
I20260807 13:00:17.920369 0x20b9da080 database_cache.cc:108]  80 in 0.000s
I20260807 13:00:17.920375 0x20b9da080 database_cache.cc:116] Loading frames...
I20260807 13:00:17.920383 0x20b9da080 database_cache.cc:126]  0 in 0.000s
I20260807 13:00:17.920387 0x20b9da080 database_cache.cc:134] Loading matches...
I20260807 13:00:17.920893 0x20b9da080 database_cache.cc:139]  770 in 0.001s
I20260807 13:00:17.920901 0x20b9da080 database_cache.cc:147] Loading images...
I20260807 13:00:17.926461 0x20b9da080 database_cache.cc:236]  80 in 0.006s (loaded all 80)
I20260807 13:00:17.926484 0x20b9da080 database_cache.cc:255] Loading pose priors...
I20260807 13:00:17.926500 0x20b9da080 database_cache.cc:263]  0 in 0.000s
I20260807 13:00:17.926506 0x20b9da080 database_cache.cc:271] Building correspondence graph...
I20260807 13:00:17.937394 0x20b9da080 database_cache.cc:300]  in 0.011s (ignored 0)
I20260807 13:00:18.032799 0x20b9da080 database_cache.cc:72] Loading rigs...
I20260807 13:00:18.032826 0x20b9da080 database_cache.cc:82]  0 in 0.000s
I20260807 13:00:18.032833 0x20b9da080 database_cache.cc:90] Loading cameras...
I20260807 13:00:18.032863 0x20b9da080 database_cache.cc:108]  81 in 0.000s
I20260807 13:00:18.032868 0x20b9da080 database_cache.cc:116] Loading frames...
I20260807 13:00:18.032876 0x20b9da080 database_cache.cc:126]  0 in 0.000s
I20260807 13:00:18.032880 0x20b9da080 database_cache.cc:134] Loading matches...
I20260807 13:00:18.034661 0x20b9da080 database_cache.cc:139]  780 in 0.002s
I20260807 13:00:18.034694 0x20b9da080 database_cache.cc:147] Loading images...
I20260807 13:00:18.041043 0x20b9da080 database_cache.cc:236]  81 in 0.006s (loaded all 81)
I20260807 13:00:18.041070 0x20b9da080 database_cache.cc:255] Loading pose priors...
I20260807 13:00:18.041084 0x20b9da080 database_cache.cc:263]  0 in 0.000s
I20260807 13:00:18.041090 0x20b9da080 database_cache.cc:271] Building correspondence graph...
I20260807 13:00:18.051969 0x20b9da080 database_cache.cc:300]  in 0.011s (ignored 0)
I20260807 13:00:18.059926 0x20b9da080 official_bundle_adjustment_ceres.cc:1434] [AETHER gravity] injected 5/5 roll/pitch anchors, sigma_rad=0.00872665
I20260807 13:00:18.066708 0x20b9da080 official_bundle_adjustment_ceres.cc:923] [AETHER] solver_used=DENSE_SCHUR sparse_backend=EIGEN_SPARSE dense_backend=EIGEN mixed=0 threads=1
I20260807 13:00:18.068771 0x20b9da080 official_bundle_adjustment_ceres.cc:1434] [AETHER gravity] injected 5/5 roll/pitch anchors, sigma_rad=0.00872665
I20260807 13:00:18.071415 0x20b9da080 official_bundle_adjustment_ceres.cc:923] [AETHER] solver_used=DENSE_SCHUR sparse_backend=EIGEN_SPARSE dense_backend=EIGEN mixed=0 threads=1
I20260807 13:00:18.154552 0x20b9da080 database_cache.cc:72] Loading rigs...
I20260807 13:00:18.154576 0x20b9da080 database_cache.cc:82]  0 in 0.000s
I20260807 13:00:18.154583 0x20b9da080 database_cache.cc:90] Loading cameras...
I20260807 13:00:18.154613 0x20b9da080 database_cache.cc:108]  82 in 0.000s
I20260807 13:00:18.154618 0x20b9da080 database_cache.cc:116] Loading frames...
I20260807 13:00:18.154625 0x20b9da080 database_cache.cc:126]  0 in 0.000s
I20260807 13:00:18.154630 0x20b9da080 database_cache.cc:134] Loading matches...
I20260807 13:00:18.155140 0x20b9da080 database_cache.cc:139]  783 in 0.001s
I20260807 13:00:18.155146 0x20b9da080 database_cache.cc:147] Loading images...
I20260807 13:00:18.160859 0x20b9da080 database_cache.cc:236]  82 in 0.006s (loaded all 82)
I20260807 13:00:18.160881 0x20b9da080 database_cache.cc:255] Loading pose priors...
I20260807 13:00:18.160893 0x20b9da080 database_cache.cc:263]  0 in 0.000s
I20260807 13:00:18.160898 0x20b9da080 database_cache.cc:271] Building correspondence graph...
I20260807 13:00:18.171613 0x20b9da080 database_cache.cc:300]  in 0.011s (ignored 0)
I20260807 13:00:18.178375 0x20b9da080 official_bundle_adjustment_ceres.cc:1434] [AETHER gravity] injected 2/2 roll/pitch anchors, sigma_rad=0.00872665
I20260807 13:00:18.178988 0x20b9da080 official_bundle_adjustment_ceres.cc:923] [AETHER] solver_used=DENSE_SCHUR sparse_backend=EIGEN_SPARSE dense_backend=EIGEN mixed=0 threads=1
I20260807 13:00:18.179999 0x20b9da080 official_bundle_adjustment_ceres.cc:1434] [AETHER gravity] injected 2/2 roll/pitch anchors, sigma_rad=0.00872665
I20260807 13:00:18.180113 0x20b9da080 official_bundle_adjustment_ceres.cc:923] [AETHER] solver_used=DENSE_SCHUR sparse_backend=EIGEN_SPARSE dense_backend=EIGEN mixed=0 threads=1
I20260807 13:00:18.281307 0x20b9da080 database_cache.cc:72] Loading rigs...
I20260807 13:00:18.281330 0x20b9da080 database_cache.cc:82]  0 in 0.000s
I20260807 13:00:18.281337 0x20b9da080 database_cache.cc:90] Loading cameras...
I20260807 13:00:18.281368 0x20b9da080 database_cache.cc:108]  83 in 0.000s
I20260807 13:00:18.281373 0x20b9da080 database_cache.cc:116] Loading frames...
I20260807 13:00:18.281380 0x20b9da080 database_cache.cc:126]  0 in 0.000s
I20260807 13:00:18.281385 0x20b9da080 database_cache.cc:134] Loading matches...
I20260807 13:00:18.281921 0x20b9da080 database_cache.cc:139]  787 in 0.001s
I20260807 13:00:18.281931 0x20b9da080 database_cache.cc:147] Loading images...
I20260807 13:00:18.288117 0x20b9da080 database_cache.cc:236]  83 in 0.006s (loaded all 83)
I20260807 13:00:18.288150 0x20b9da080 database_cache.cc:255] Loading pose priors...
I20260807 13:00:18.288170 0x20b9da080 database_cache.cc:263]  0 in 0.000s
I20260807 13:00:18.288175 0x20b9da080 database_cache.cc:271] Building correspondence graph...
I20260807 13:00:18.299659 0x20b9da080 database_cache.cc:300]  in 0.011s (ignored 0)
I20260807 13:00:18.307089 0x20b9da080 official_bundle_adjustment_ceres.cc:1434] [AETHER gravity] injected 2/2 roll/pitch anchors, sigma_rad=0.00872665
I20260807 13:00:18.307301 0x20b9da080 official_bundle_adjustment_ceres.cc:923] [AETHER] solver_used=DENSE_SCHUR sparse_backend=EIGEN_SPARSE dense_backend=EIGEN mixed=0 threads=1
I20260807 13:00:18.308620 0x20b9da080 official_bundle_adjustment_ceres.cc:1434] [AETHER gravity] injected 2/2 roll/pitch anchors, sigma_rad=0.00872665
I20260807 13:00:18.308704 0x20b9da080 official_bundle_adjustment_ceres.cc:923] [AETHER] solver_used=DENSE_SCHUR sparse_backend=EIGEN_SPARSE dense_backend=EIGEN mixed=0 threads=1
I20260807 13:00:18.431339 0x20b9da080 database_cache.cc:72] Loading rigs...
I20260807 13:00:18.431371 0x20b9da080 database_cache.cc:82]  0 in 0.000s
I20260807 13:00:18.431381 0x20b9da080 database_cache.cc:90] Loading cameras...
I20260807 13:00:18.431412 0x20b9da080 database_cache.cc:108]  84 in 0.000s
I20260807 13:00:18.431418 0x20b9da080 database_cache.cc:116] Loading frames...
I20260807 13:00:18.431426 0x20b9da080 database_cache.cc:126]  0 in 0.000s
I20260807 13:00:18.431430 0x20b9da080 database_cache.cc:134] Loading matches...
I20260807 13:00:18.431970 0x20b9da080 database_cache.cc:139]  796 in 0.001s
I20260807 13:00:18.431978 0x20b9da080 database_cache.cc:147] Loading images...
I20260807 13:00:18.438289 0x20b9da080 database_cache.cc:236]  84 in 0.006s (loaded all 84)
I20260807 13:00:18.438318 0x20b9da080 database_cache.cc:255] Loading pose priors...
I20260807 13:00:18.438336 0x20b9da080 database_cache.cc:263]  0 in 0.000s
I20260807 13:00:18.438342 0x20b9da080 database_cache.cc:271] Building correspondence graph...
I20260807 13:00:18.449158 0x20b9da080 database_cache.cc:300]  in 0.011s (ignored 0)
I20260807 13:00:18.456658 0x20b9da080 official_bundle_adjustment_ceres.cc:1434] [AETHER gravity] injected 3/3 roll/pitch anchors, sigma_rad=0.00872665
I20260807 13:00:18.457517 0x20b9da080 official_bundle_adjustment_ceres.cc:923] [AETHER] solver_used=DENSE_SCHUR sparse_backend=EIGEN_SPARSE dense_backend=EIGEN mixed=0 threads=1
I20260807 13:00:18.459048 0x20b9da080 official_bundle_adjustment_ceres.cc:1434] [AETHER gravity] injected 3/3 roll/pitch anchors, sigma_rad=0.00872665
I20260807 13:00:18.461584 0x20b9da080 official_bundle_adjustment_ceres.cc:923] [AETHER] solver_used=DENSE_SCHUR sparse_backend=EIGEN_SPARSE dense_backend=EIGEN mixed=0 threads=1
I20260807 13:00:18.657212 0x20b9da080 database_cache.cc:72] Loading rigs...
I20260807 13:00:18.657239 0x20b9da080 database_cache.cc:82]  0 in 0.000s
I20260807 13:00:18.657246 0x20b9da080 database_cache.cc:90] Loading cameras...
I20260807 13:00:18.657277 0x20b9da080 database_cache.cc:108]  85 in 0.000s
I20260807 13:00:18.657283 0x20b9da080 database_cache.cc:116] Loading frames...
I20260807 13:00:18.657290 0x20b9da080 database_cache.cc:126]  0 in 0.000s
I20260807 13:00:18.657295 0x20b9da080 database_cache.cc:134] Loading matches...
I20260807 13:00:18.657838 0x20b9da080 database_cache.cc:139]  807 in 0.001s
I20260807 13:00:18.657845 0x20b9da080 database_cache.cc:147] Loading images...
I20260807 13:00:18.664015 0x20b9da080 database_cache.cc:236]  85 in 0.006s (loaded all 85)
I20260807 13:00:18.664042 0x20b9da080 database_cache.cc:255] Loading pose priors...
I20260807 13:00:18.664057 0x20b9da080 database_cache.cc:263]  0 in 0.000s
I20260807 13:00:18.664066 0x20b9da080 database_cache.cc:271] Building correspondence graph...
I20260807 13:00:18.675385 0x20b9da080 database_cache.cc:300]  in 0.011s (ignored 0)
I20260807 13:00:18.683559 0x20b9da080 official_bundle_adjustment_ceres.cc:1434] [AETHER gravity] injected 3/3 roll/pitch anchors, sigma_rad=0.00872665
I20260807 13:00:18.685486 0x20b9da080 official_bundle_adjustment_ceres.cc:923] [AETHER] solver_used=DENSE_SCHUR sparse_backend=EIGEN_SPARSE dense_backend=EIGEN mixed=0 threads=1
I20260807 13:00:18.687532 0x20b9da080 official_bundle_adjustment_ceres.cc:1434] [AETHER gravity] injected 4/4 roll/pitch anchors, sigma_rad=0.00872665
I20260807 13:00:18.688278 0x20b9da080 official_bundle_adjustment_ceres.cc:923] [AETHER] solver_used=DENSE_SCHUR sparse_backend=EIGEN_SPARSE dense_backend=EIGEN mixed=0 threads=1
I20260807 13:00:18.882198 0x20b9da080 database_cache.cc:72] Loading rigs...
I20260807 13:00:18.882228 0x20b9da080 database_cache.cc:82]  0 in 0.000s
I20260807 13:00:18.882237 0x20b9da080 database_cache.cc:90] Loading cameras...
I20260807 13:00:18.882269 0x20b9da080 database_cache.cc:108]  86 in 0.000s
I20260807 13:00:18.882275 0x20b9da080 database_cache.cc:116] Loading frames...
I20260807 13:00:18.882283 0x20b9da080 database_cache.cc:126]  0 in 0.000s
I20260807 13:00:18.882288 0x20b9da080 database_cache.cc:134] Loading matches...
I20260807 13:00:18.882817 0x20b9da080 database_cache.cc:139]  816 in 0.001s
I20260807 13:00:18.882828 0x20b9da080 database_cache.cc:147] Loading images...
I20260807 13:00:18.889082 0x20b9da080 database_cache.cc:236]  86 in 0.006s (loaded all 86)
I20260807 13:00:18.889130 0x20b9da080 database_cache.cc:255] Loading pose priors...
I20260807 13:00:18.889150 0x20b9da080 database_cache.cc:263]  0 in 0.000s
I20260807 13:00:18.889157 0x20b9da080 database_cache.cc:271] Building correspondence graph...
I20260807 13:00:18.900023 0x20b9da080 database_cache.cc:300]  in 0.011s (ignored 0)
I20260807 13:00:19.073258 0x20b9da080 database_cache.cc:72] Loading rigs...
I20260807 13:00:19.073288 0x20b9da080 database_cache.cc:82]  0 in 0.000s
I20260807 13:00:19.073296 0x20b9da080 database_cache.cc:90] Loading cameras...
I20260807 13:00:19.073336 0x20b9da080 database_cache.cc:108]  87 in 0.000s
I20260807 13:00:19.073345 0x20b9da080 database_cache.cc:116] Loading frames...
I20260807 13:00:19.073355 0x20b9da080 database_cache.cc:126]  0 in 0.000s
I20260807 13:00:19.073361 0x20b9da080 database_cache.cc:134] Loading matches...
I20260807 13:00:19.073926 0x20b9da080 database_cache.cc:139]  826 in 0.001s
I20260807 13:00:19.073937 0x20b9da080 database_cache.cc:147] Loading images...
I20260807 13:00:19.081631 0x20b9da080 database_cache.cc:236]  87 in 0.008s (loaded all 87)
I20260807 13:00:19.081688 0x20b9da080 database_cache.cc:255] Loading pose priors...
I20260807 13:00:19.081707 0x20b9da080 database_cache.cc:263]  0 in 0.000s
I20260807 13:00:19.081714 0x20b9da080 database_cache.cc:271] Building correspondence graph...
I20260807 13:00:19.093423 0x20b9da080 database_cache.cc:300]  in 0.012s (ignored 0)
I20260807 13:00:19.101638 0x20b9da080 official_bundle_adjustment_ceres.cc:1434] [AETHER gravity] injected 2/2 roll/pitch anchors, sigma_rad=0.00872665
W20260807 13:00:19.102546 0x20b9da080 levenberg_marquardt_strategy.cc:123] Linear solver failure. Failed to compute a step: Eigen failure. Unable to perform dense Cholesky factorization.
W20260807 13:00:19.102648 0x20b9da080 levenberg_marquardt_strategy.cc:123] Linear solver failure. Failed to compute a step: Eigen failure. Unable to perform dense Cholesky factorization.
W20260807 13:00:19.102674 0x20b9da080 levenberg_marquardt_strategy.cc:123] Linear solver failure. Failed to compute a step: Eigen failure. Unable to perform dense Cholesky factorization.
W20260807 13:00:19.102759 0x20b9da080 levenberg_marquardt_strategy.cc:123] Linear solver failure. Failed to compute a step: Eigen failure. Unable to perform dense Cholesky factorization.
W20260807 13:00:19.102848 0x20b9da080 levenberg_marquardt_strategy.cc:123] Linear solver failure. Failed to compute a step: Eigen failure. Unable to perform dense Cholesky factorization.
W20260807 13:00:19.102874 0x20b9da080 levenberg_marquardt_strategy.cc:123] Linear solver failure. Failed to compute a step: Eigen failure. Unable to perform dense Cholesky factorization.
W20260807 13:00:19.103027 0x20b9da080 levenberg_marquardt_strategy.cc:123] Linear solver failure. Failed to compute a step: Eigen failure. Unable to perform dense Cholesky factorization.
W20260807 13:00:19.103050 0x20b9da080 levenberg_marquardt_strategy.cc:123] Linear solver failure. Failed to compute a step: Eigen failure. Unable to perform dense Cholesky factorization.
W20260807 13:00:19.103068 0x20b9da080 levenberg_marquardt_strategy.cc:123] Linear solver failure. Failed to compute a step: Eigen failure. Unable to perform dense Cholesky factorization.
I20260807 13:00:19.103085 0x20b9da080 official_bundle_adjustment_ceres.cc:923] [AETHER] solver_used=DENSE_SCHUR sparse_backend=EIGEN_SPARSE dense_backend=EIGEN mixed=0 threads=1
I20260807 13:00:19.104766 0x20b9da080 official_bundle_adjustment_ceres.cc:1434] [AETHER gravity] injected 2/2 roll/pitch anchors, sigma_rad=0.00872665
I20260807 13:00:19.104906 0x20b9da080 official_bundle_adjustment_ceres.cc:923] [AETHER] solver_used=DENSE_SCHUR sparse_backend=EIGEN_SPARSE dense_backend=EIGEN mixed=0 threads=1
I20260807 13:00:19.283553 0x20b9da080 database_cache.cc:72] Loading rigs...
I20260807 13:00:19.283578 0x20b9da080 database_cache.cc:82]  0 in 0.000s
I20260807 13:00:19.283584 0x20b9da080 database_cache.cc:90] Loading cameras...
I20260807 13:00:19.283617 0x20b9da080 database_cache.cc:108]  88 in 0.000s
I20260807 13:00:19.283624 0x20b9da080 database_cache.cc:116] Loading frames...
I20260807 13:00:19.283633 0x20b9da080 database_cache.cc:126]  0 in 0.000s
I20260807 13:00:19.283638 0x20b9da080 database_cache.cc:134] Loading matches...
I20260807 13:00:19.284920 0x20b9da080 database_cache.cc:139]  835 in 0.001s
I20260807 13:00:19.284939 0x20b9da080 database_cache.cc:147] Loading images...
I20260807 13:00:19.291426 0x20b9da080 database_cache.cc:236]  88 in 0.006s (loaded all 88)
I20260807 13:00:19.291453 0x20b9da080 database_cache.cc:255] Loading pose priors...
I20260807 13:00:19.291470 0x20b9da080 database_cache.cc:263]  0 in 0.000s
I20260807 13:00:19.291476 0x20b9da080 database_cache.cc:271] Building correspondence graph...
I20260807 13:00:19.303126 0x20b9da080 database_cache.cc:300]  in 0.012s (ignored 0)
I20260807 13:00:19.540539 0x20b9da080 database_cache.cc:72] Loading rigs...
I20260807 13:00:19.540563 0x20b9da080 database_cache.cc:82]  0 in 0.000s
I20260807 13:00:19.540571 0x20b9da080 database_cache.cc:90] Loading cameras...
I20260807 13:00:19.540608 0x20b9da080 database_cache.cc:108]  89 in 0.000s
I20260807 13:00:19.540614 0x20b9da080 database_cache.cc:116] Loading frames...
I20260807 13:00:19.540622 0x20b9da080 database_cache.cc:126]  0 in 0.000s
I20260807 13:00:19.540627 0x20b9da080 database_cache.cc:134] Loading matches...
I20260807 13:00:19.542413 0x20b9da080 database_cache.cc:139]  846 in 0.002s
I20260807 13:00:19.542434 0x20b9da080 database_cache.cc:147] Loading images...
I20260807 13:00:19.548843 0x20b9da080 database_cache.cc:236]  89 in 0.006s (loaded all 89)
I20260807 13:00:19.549458 0x20b9da080 database_cache.cc:255] Loading pose priors...
I20260807 13:00:19.549479 0x20b9da080 database_cache.cc:263]  0 in 0.000s
I20260807 13:00:19.549485 0x20b9da080 database_cache.cc:271] Building correspondence graph...
I20260807 13:00:19.561524 0x20b9da080 database_cache.cc:300]  in 0.012s (ignored 0)
I20260807 13:00:19.571352 0x20b9da080 official_bundle_adjustment_ceres.cc:1434] [AETHER gravity] injected 3/3 roll/pitch anchors, sigma_rad=0.00872665
W20260807 13:00:19.575170 0x20b9da080 levenberg_marquardt_strategy.cc:123] Linear solver failure. Failed to compute a step: Eigen failure. Unable to perform dense Cholesky factorization.
I20260807 13:00:19.575512 0x20b9da080 official_bundle_adjustment_ceres.cc:923] [AETHER] solver_used=DENSE_SCHUR sparse_backend=EIGEN_SPARSE dense_backend=EIGEN mixed=0 threads=1
I20260807 13:00:19.578510 0x20b9da080 official_bundle_adjustment_ceres.cc:1434] [AETHER gravity] injected 3/3 roll/pitch anchors, sigma_rad=0.00872665
I20260807 13:00:19.579491 0x20b9da080 official_bundle_adjustment_ceres.cc:923] [AETHER] solver_used=DENSE_SCHUR sparse_backend=EIGEN_SPARSE dense_backend=EIGEN mixed=0 threads=1
I20260807 13:00:19.851377 0x20b9da080 database_cache.cc:72] Loading rigs...
I20260807 13:00:19.851405 0x20b9da080 database_cache.cc:82]  0 in 0.000s
I20260807 13:00:19.851413 0x20b9da080 database_cache.cc:90] Loading cameras...
I20260807 13:00:19.851453 0x20b9da080 database_cache.cc:108]  90 in 0.000s
I20260807 13:00:19.851458 0x20b9da080 database_cache.cc:116] Loading frames...
I20260807 13:00:19.851466 0x20b9da080 database_cache.cc:126]  0 in 0.000s
I20260807 13:00:19.851471 0x20b9da080 database_cache.cc:134] Loading matches...
I20260807 13:00:19.852247 0x20b9da080 database_cache.cc:139]  859 in 0.001s
I20260807 13:00:19.855425 0x20b9da080 database_cache.cc:147] Loading images...
I20260807 13:00:19.872487 0x20b9da080 database_cache.cc:236]  90 in 0.017s (loaded all 90)
I20260807 13:00:19.874465 0x20b9da080 database_cache.cc:255] Loading pose priors...
I20260807 13:00:19.874485 0x20b9da080 database_cache.cc:263]  0 in 0.000s
I20260807 13:00:19.874495 0x20b9da080 database_cache.cc:271] Building correspondence graph...
I20260807 13:00:19.886273 0x20b9da080 database_cache.cc:300]  in 0.012s (ignored 0)
I20260807 13:00:19.896950 0x20b9da080 official_bundle_adjustment_ceres.cc:1434] [AETHER gravity] injected 5/5 roll/pitch anchors, sigma_rad=0.00872665
I20260807 13:00:19.903675 0x20b9da080 official_bundle_adjustment_ceres.cc:923] [AETHER] solver_used=DENSE_SCHUR sparse_backend=EIGEN_SPARSE dense_backend=EIGEN mixed=0 threads=1
I20260807 13:00:19.907059 0x20b9da080 official_bundle_adjustment_ceres.cc:1434] [AETHER gravity] injected 5/5 roll/pitch anchors, sigma_rad=0.00872665
I20260807 13:00:19.915921 0x20b9da080 official_bundle_adjustment_ceres.cc:923] [AETHER] solver_used=DENSE_SCHUR sparse_backend=EIGEN_SPARSE dense_backend=EIGEN mixed=0 threads=1
I20260807 13:00:20.099850 0x20b9da080 database_cache.cc:72] Loading rigs...
I20260807 13:00:20.099876 0x20b9da080 database_cache.cc:82]  0 in 0.000s
I20260807 13:00:20.099884 0x20b9da080 database_cache.cc:90] Loading cameras...
I20260807 13:00:20.099917 0x20b9da080 database_cache.cc:108]  91 in 0.000s
I20260807 13:00:20.099922 0x20b9da080 database_cache.cc:116] Loading frames...
I20260807 13:00:20.099929 0x20b9da080 database_cache.cc:126]  0 in 0.000s
I20260807 13:00:20.099932 0x20b9da080 database_cache.cc:134] Loading matches...
I20260807 13:00:20.100522 0x20b9da080 database_cache.cc:139]  871 in 0.001s
I20260807 13:00:20.100530 0x20b9da080 database_cache.cc:147] Loading images...
I20260807 13:00:20.107078 0x20b9da080 database_cache.cc:236]  91 in 0.007s (loaded all 91)
I20260807 13:00:20.107115 0x20b9da080 database_cache.cc:255] Loading pose priors...
I20260807 13:00:20.107134 0x20b9da080 database_cache.cc:263]  0 in 0.000s
I20260807 13:00:20.107140 0x20b9da080 database_cache.cc:271] Building correspondence graph...
I20260807 13:00:20.119132 0x20b9da080 database_cache.cc:300]  in 0.012s (ignored 0)
I20260807 13:00:20.130965 0x20b9da080 official_bundle_adjustment_ceres.cc:1434] [AETHER gravity] injected 4/4 roll/pitch anchors, sigma_rad=0.00872665
I20260807 13:00:20.135391 0x20b9da080 official_bundle_adjustment_ceres.cc:923] [AETHER] solver_used=DENSE_SCHUR sparse_backend=EIGEN_SPARSE dense_backend=EIGEN mixed=0 threads=1
I20260807 13:00:20.138946 0x20b9da080 official_bundle_adjustment_ceres.cc:1434] [AETHER gravity] injected 4/4 roll/pitch anchors, sigma_rad=0.00872665
W20260807 13:00:20.140917 0x20b9da080 levenberg_marquardt_strategy.cc:123] Linear solver failure. Failed to compute a step: Eigen failure. Unable to perform dense Cholesky factorization.
W20260807 13:00:20.141040 0x20b9da080 levenberg_marquardt_strategy.cc:123] Linear solver failure. Failed to compute a step: Eigen failure. Unable to perform dense Cholesky factorization.
W20260807 13:00:20.141062 0x20b9da080 levenberg_marquardt_strategy.cc:123] Linear solver failure. Failed to compute a step: Eigen failure. Unable to perform dense Cholesky factorization.
W20260807 13:00:20.141258 0x20b9da080 levenberg_marquardt_strategy.cc:123] Linear solver failure. Failed to compute a step: Eigen failure. Unable to perform dense Cholesky factorization.
W20260807 13:00:20.141278 0x20b9da080 levenberg_marquardt_strategy.cc:123] Linear solver failure. Failed to compute a step: Eigen failure. Unable to perform dense Cholesky factorization.
W20260807 13:00:20.141395 0x20b9da080 levenberg_marquardt_strategy.cc:123] Linear solver failure. Failed to compute a step: Eigen failure. Unable to perform dense Cholesky factorization.
W20260807 13:00:20.141412 0x20b9da080 levenberg_marquardt_strategy.cc:123] Linear solver failure. Failed to compute a step: Eigen failure. Unable to perform dense Cholesky factorization.
I20260807 13:00:20.141428 0x20b9da080 official_bundle_adjustment_ceres.cc:923] [AETHER] solver_used=DENSE_SCHUR sparse_backend=EIGEN_SPARSE dense_backend=EIGEN mixed=0 threads=1
I20260807 13:00:20.411572 0x20b9da080 database_cache.cc:72] Loading rigs...
I20260807 13:00:20.411596 0x20b9da080 database_cache.cc:82]  0 in 0.000s
I20260807 13:00:20.411605 0x20b9da080 database_cache.cc:90] Loading cameras...
I20260807 13:00:20.411640 0x20b9da080 database_cache.cc:108]  92 in 0.000s
I20260807 13:00:20.411645 0x20b9da080 database_cache.cc:116] Loading frames...
I20260807 13:00:20.411652 0x20b9da080 database_cache.cc:126]  0 in 0.000s
I20260807 13:00:20.411656 0x20b9da080 database_cache.cc:134] Loading matches...
I20260807 13:00:20.412235 0x20b9da080 database_cache.cc:139]  883 in 0.001s
I20260807 13:00:20.412242 0x20b9da080 database_cache.cc:147] Loading images...
I20260807 13:00:20.435454 0x20b9da080 database_cache.cc:236]  92 in 0.023s (loaded all 92)
I20260807 13:00:20.435492 0x20b9da080 database_cache.cc:255] Loading pose priors...
I20260807 13:00:20.435504 0x20b9da080 database_cache.cc:263]  0 in 0.000s
I20260807 13:00:20.435511 0x20b9da080 database_cache.cc:271] Building correspondence graph...
I20260807 13:00:20.447903 0x20b9da080 database_cache.cc:300]  in 0.012s (ignored 0)
I20260807 13:00:20.463294 0x20b9da080 official_bundle_adjustment_ceres.cc:1434] [AETHER gravity] injected 5/5 roll/pitch anchors, sigma_rad=0.00872665
I20260807 13:00:20.469581 0x20b9da080 official_bundle_adjustment_ceres.cc:923] [AETHER] solver_used=DENSE_SCHUR sparse_backend=EIGEN_SPARSE dense_backend=EIGEN mixed=0 threads=1
I20260807 13:00:20.474148 0x20b9da080 official_bundle_adjustment_ceres.cc:1434] [AETHER gravity] injected 5/5 roll/pitch anchors, sigma_rad=0.00872665
W20260807 13:00:20.478884 0x20b9da080 levenberg_marquardt_strategy.cc:123] Linear solver failure. Failed to compute a step: Eigen failure. Unable to perform dense Cholesky factorization.
W20260807 13:00:20.480647 0x20b9da080 levenberg_marquardt_strategy.cc:123] Linear solver failure. Failed to compute a step: Eigen failure. Unable to perform dense Cholesky factorization.
W20260807 13:00:20.481732 0x20b9da080 levenberg_marquardt_strategy.cc:123] Linear solver failure. Failed to compute a step: Eigen failure. Unable to perform dense Cholesky factorization.
W20260807 13:00:20.482169 0x20b9da080 levenberg_marquardt_strategy.cc:123] Linear solver failure. Failed to compute a step: Eigen failure. Unable to perform dense Cholesky factorization.
W20260807 13:00:20.482941 0x20b9da080 levenberg_marquardt_strategy.cc:123] Linear solver failure. Failed to compute a step: Eigen failure. Unable to perform dense Cholesky factorization.
I20260807 13:00:20.483333 0x20b9da080 official_bundle_adjustment_ceres.cc:923] [AETHER] solver_used=DENSE_SCHUR sparse_backend=EIGEN_SPARSE dense_backend=EIGEN mixed=0 threads=1
I20260807 13:00:20.745216 0x20b9da080 database_cache.cc:72] Loading rigs...
I20260807 13:00:20.745240 0x20b9da080 database_cache.cc:82]  0 in 0.000s
I20260807 13:00:20.745247 0x20b9da080 database_cache.cc:90] Loading cameras...
I20260807 13:00:20.745282 0x20b9da080 database_cache.cc:108]  93 in 0.000s
I20260807 13:00:20.745287 0x20b9da080 database_cache.cc:116] Loading frames...
I20260807 13:00:20.745295 0x20b9da080 database_cache.cc:126]  0 in 0.000s
I20260807 13:00:20.745301 0x20b9da080 database_cache.cc:134] Loading matches...
I20260807 13:00:20.745925 0x20b9da080 database_cache.cc:139]  895 in 0.001s
I20260807 13:00:20.748518 0x20b9da080 database_cache.cc:147] Loading images...
I20260807 13:00:20.755485 0x20b9da080 database_cache.cc:236]  93 in 0.007s (loaded all 93)
I20260807 13:00:20.756481 0x20b9da080 database_cache.cc:255] Loading pose priors...
I20260807 13:00:20.756503 0x20b9da080 database_cache.cc:263]  0 in 0.000s
I20260807 13:00:20.756508 0x20b9da080 database_cache.cc:271] Building correspondence graph...
I20260807 13:00:20.769010 0x20b9da080 database_cache.cc:300]  in 0.013s (ignored 0)
I20260807 13:00:20.781635 0x20b9da080 official_bundle_adjustment_ceres.cc:1434] [AETHER gravity] injected 4/4 roll/pitch anchors, sigma_rad=0.00872665
I20260807 13:00:20.792862 0x20b9da080 official_bundle_adjustment_ceres.cc:923] [AETHER] solver_used=DENSE_SCHUR sparse_backend=EIGEN_SPARSE dense_backend=EIGEN mixed=0 threads=1
I20260807 13:00:20.795624 0x20b9da080 official_bundle_adjustment_ceres.cc:1434] [AETHER gravity] injected 4/4 roll/pitch anchors, sigma_rad=0.00872665
I20260807 13:00:20.802700 0x20b9da080 official_bundle_adjustment_ceres.cc:923] [AETHER] solver_used=DENSE_SCHUR sparse_backend=EIGEN_SPARSE dense_backend=EIGEN mixed=0 threads=1
I20260807 13:00:21.049645 0x20b9da080 database_cache.cc:72] Loading rigs...
I20260807 13:00:21.049676 0x20b9da080 database_cache.cc:82]  0 in 0.000s
I20260807 13:00:21.049684 0x20b9da080 database_cache.cc:90] Loading cameras...
I20260807 13:00:21.049727 0x20b9da080 database_cache.cc:108]  94 in 0.000s
I20260807 13:00:21.049733 0x20b9da080 database_cache.cc:116] Loading frames...
I20260807 13:00:21.049742 0x20b9da080 database_cache.cc:126]  0 in 0.000s
I20260807 13:00:21.049748 0x20b9da080 database_cache.cc:134] Loading matches...
I20260807 13:00:21.050478 0x20b9da080 database_cache.cc:139]  907 in 0.001s
I20260807 13:00:21.050490 0x20b9da080 database_cache.cc:147] Loading images...
I20260807 13:00:21.057620 0x20b9da080 database_cache.cc:236]  94 in 0.007s (loaded all 94)
I20260807 13:00:21.059415 0x20b9da080 database_cache.cc:255] Loading pose priors...
I20260807 13:00:21.059441 0x20b9da080 database_cache.cc:263]  0 in 0.000s
I20260807 13:00:21.059447 0x20b9da080 database_cache.cc:271] Building correspondence graph...
I20260807 13:00:21.072561 0x20b9da080 database_cache.cc:300]  in 0.013s (ignored 0)
I20260807 13:00:21.381517 0x20b9da080 database_cache.cc:72] Loading rigs...
I20260807 13:00:21.381541 0x20b9da080 database_cache.cc:82]  0 in 0.000s
I20260807 13:00:21.381548 0x20b9da080 database_cache.cc:90] Loading cameras...
I20260807 13:00:21.381582 0x20b9da080 database_cache.cc:108]  95 in 0.000s
I20260807 13:00:21.381587 0x20b9da080 database_cache.cc:116] Loading frames...
I20260807 13:00:21.381596 0x20b9da080 database_cache.cc:126]  0 in 0.000s
I20260807 13:00:21.381600 0x20b9da080 database_cache.cc:134] Loading matches...
I20260807 13:00:21.382590 0x20b9da080 database_cache.cc:139]  922 in 0.001s
I20260807 13:00:21.382597 0x20b9da080 database_cache.cc:147] Loading images...
I20260807 13:00:21.389469 0x20b9da080 database_cache.cc:236]  95 in 0.007s (loaded all 95)
I20260807 13:00:21.389847 0x20b9da080 database_cache.cc:255] Loading pose priors...
I20260807 13:00:21.389867 0x20b9da080 database_cache.cc:263]  0 in 0.000s
I20260807 13:00:21.389873 0x20b9da080 database_cache.cc:271] Building correspondence graph...
I20260807 13:00:21.402521 0x20b9da080 database_cache.cc:300]  in 0.013s (ignored 0)
I20260807 13:00:21.412282 0x20b9da080 official_bundle_adjustment_ceres.cc:1434] [AETHER gravity] injected 3/3 roll/pitch anchors, sigma_rad=0.00872665
I20260807 13:00:21.414016 0x20b9da080 official_bundle_adjustment_ceres.cc:923] [AETHER] solver_used=DENSE_SCHUR sparse_backend=EIGEN_SPARSE dense_backend=EIGEN mixed=0 threads=1
I20260807 13:00:21.418896 0x20b9da080 official_bundle_adjustment_ceres.cc:1434] [AETHER gravity] injected 2/2 roll/pitch anchors, sigma_rad=0.00872665
I20260807 13:00:21.419174 0x20b9da080 official_bundle_adjustment_ceres.cc:923] [AETHER] solver_used=DENSE_SCHUR sparse_backend=EIGEN_SPARSE dense_backend=EIGEN mixed=0 threads=1
I20260807 13:00:21.694880 0x20b9da080 database_cache.cc:72] Loading rigs...
I20260807 13:00:21.694905 0x20b9da080 database_cache.cc:82]  0 in 0.000s
I20260807 13:00:21.694913 0x20b9da080 database_cache.cc:90] Loading cameras...
I20260807 13:00:21.694949 0x20b9da080 database_cache.cc:108]  96 in 0.000s
I20260807 13:00:21.694954 0x20b9da080 database_cache.cc:116] Loading frames...
I20260807 13:00:21.694961 0x20b9da080 database_cache.cc:126]  0 in 0.000s
I20260807 13:00:21.694965 0x20b9da080 database_cache.cc:134] Loading matches...
I20260807 13:00:21.695562 0x20b9da080 database_cache.cc:139]  934 in 0.001s
I20260807 13:00:21.698624 0x20b9da080 database_cache.cc:147] Loading images...
I20260807 13:00:21.705579 0x20b9da080 database_cache.cc:236]  96 in 0.007s (loaded all 96)
I20260807 13:00:21.707703 0x20b9da080 database_cache.cc:255] Loading pose priors...
I20260807 13:00:21.707723 0x20b9da080 database_cache.cc:263]  0 in 0.000s
I20260807 13:00:21.707729 0x20b9da080 database_cache.cc:271] Building correspondence graph...
I20260807 13:00:21.720008 0x20b9da080 database_cache.cc:300]  in 0.012s (ignored 0)
I20260807 13:00:21.731767 0x20b9da080 official_bundle_adjustment_ceres.cc:1434] [AETHER gravity] injected 6/6 roll/pitch anchors, sigma_rad=0.00872665
I20260807 13:00:21.768409 0x20b9da080 official_bundle_adjustment_ceres.cc:923] [AETHER] solver_used=DENSE_SCHUR sparse_backend=EIGEN_SPARSE dense_backend=EIGEN mixed=0 threads=6
I20260807 13:00:21.772472 0x20b9da080 official_bundle_adjustment_ceres.cc:1434] [AETHER gravity] injected 6/6 roll/pitch anchors, sigma_rad=0.00872665
I20260807 13:00:21.789197 0x20b9da080 official_bundle_adjustment_ceres.cc:923] [AETHER] solver_used=DENSE_SCHUR sparse_backend=EIGEN_SPARSE dense_backend=EIGEN mixed=0 threads=1
I20260807 13:00:22.120027 0x20b9da080 database_cache.cc:72] Loading rigs...
I20260807 13:00:22.120056 0x20b9da080 database_cache.cc:82]  0 in 0.000s
I20260807 13:00:22.120065 0x20b9da080 database_cache.cc:90] Loading cameras...
I20260807 13:00:22.120104 0x20b9da080 database_cache.cc:108]  97 in 0.000s
I20260807 13:00:22.120108 0x20b9da080 database_cache.cc:116] Loading frames...
I20260807 13:00:22.120116 0x20b9da080 database_cache.cc:126]  0 in 0.000s
I20260807 13:00:22.120123 0x20b9da080 database_cache.cc:134] Loading matches...
I20260807 13:00:22.122312 0x20b9da080 database_cache.cc:139]  946 in 0.002s
I20260807 13:00:22.122320 0x20b9da080 database_cache.cc:147] Loading images...
I20260807 13:00:22.130079 0x20b9da080 database_cache.cc:236]  97 in 0.008s (loaded all 97)
I20260807 13:00:22.130104 0x20b9da080 database_cache.cc:255] Loading pose priors...
I20260807 13:00:22.130114 0x20b9da080 database_cache.cc:263]  0 in 0.000s
I20260807 13:00:22.130120 0x20b9da080 database_cache.cc:271] Building correspondence graph...
I20260807 13:00:22.142713 0x20b9da080 database_cache.cc:300]  in 0.013s (ignored 0)
I20260807 13:00:22.154925 0x20b9da080 official_bundle_adjustment_ceres.cc:1434] [AETHER gravity] injected 5/5 roll/pitch anchors, sigma_rad=0.00872665
I20260807 13:00:22.193433 0x20b9da080 official_bundle_adjustment_ceres.cc:923] [AETHER] solver_used=DENSE_SCHUR sparse_backend=EIGEN_SPARSE dense_backend=EIGEN mixed=0 threads=6
I20260807 13:00:22.198351 0x20b9da080 official_bundle_adjustment_ceres.cc:1434] [AETHER gravity] injected 5/5 roll/pitch anchors, sigma_rad=0.00872665
I20260807 13:00:22.212097 0x20b9da080 official_bundle_adjustment_ceres.cc:923] [AETHER] solver_used=DENSE_SCHUR sparse_backend=EIGEN_SPARSE dense_backend=EIGEN mixed=0 threads=6
I20260807 13:00:22.529098 0x20b9da080 database_cache.cc:72] Loading rigs...
I20260807 13:00:22.529122 0x20b9da080 database_cache.cc:82]  0 in 0.000s
I20260807 13:00:22.529130 0x20b9da080 database_cache.cc:90] Loading cameras...
I20260807 13:00:22.529166 0x20b9da080 database_cache.cc:108]  98 in 0.000s
I20260807 13:00:22.529170 0x20b9da080 database_cache.cc:116] Loading frames...
I20260807 13:00:22.529177 0x20b9da080 database_cache.cc:126]  0 in 0.000s
I20260807 13:00:22.529181 0x20b9da080 database_cache.cc:134] Loading matches...
I20260807 13:00:22.529822 0x20b9da080 database_cache.cc:139]  958 in 0.001s
I20260807 13:00:22.529829 0x20b9da080 database_cache.cc:147] Loading images...
I20260807 13:00:22.536757 0x20b9da080 database_cache.cc:236]  98 in 0.007s (loaded all 98)
I20260807 13:00:22.536785 0x20b9da080 database_cache.cc:255] Loading pose priors...
I20260807 13:00:22.536800 0x20b9da080 database_cache.cc:263]  0 in 0.000s
I20260807 13:00:22.536804 0x20b9da080 database_cache.cc:271] Building correspondence graph...
I20260807 13:00:22.549696 0x20b9da080 database_cache.cc:300]  in 0.013s (ignored 0)
I20260807 13:00:22.846552 0x20b9da080 database_cache.cc:72] Loading rigs...
I20260807 13:00:22.846575 0x20b9da080 database_cache.cc:82]  0 in 0.000s
I20260807 13:00:22.846584 0x20b9da080 database_cache.cc:90] Loading cameras...
I20260807 13:00:22.846620 0x20b9da080 database_cache.cc:108]  99 in 0.000s
I20260807 13:00:22.846624 0x20b9da080 database_cache.cc:116] Loading frames...
I20260807 13:00:22.846631 0x20b9da080 database_cache.cc:126]  0 in 0.000s
I20260807 13:00:22.846635 0x20b9da080 database_cache.cc:134] Loading matches...
I20260807 13:00:22.848884 0x20b9da080 database_cache.cc:139]  970 in 0.002s
I20260807 13:00:22.848895 0x20b9da080 database_cache.cc:147] Loading images...
I20260807 13:00:22.855948 0x20b9da080 database_cache.cc:236]  99 in 0.007s (loaded all 99)
I20260807 13:00:22.855989 0x20b9da080 database_cache.cc:255] Loading pose priors...
I20260807 13:00:22.856011 0x20b9da080 database_cache.cc:263]  0 in 0.000s
I20260807 13:00:22.856016 0x20b9da080 database_cache.cc:271] Building correspondence graph...
I20260807 13:00:22.868845 0x20b9da080 database_cache.cc:300]  in 0.013s (ignored 0)
I20260807 13:00:23.218979 0x20b9da080 database_cache.cc:72] Loading rigs...
I20260807 13:00:23.219013 0x20b9da080 database_cache.cc:82]  0 in 0.000s
I20260807 13:00:23.219022 0x20b9da080 database_cache.cc:90] Loading cameras...
I20260807 13:00:23.219060 0x20b9da080 database_cache.cc:108]  100 in 0.000s
I20260807 13:00:23.219065 0x20b9da080 database_cache.cc:116] Loading frames...
I20260807 13:00:23.219072 0x20b9da080 database_cache.cc:126]  0 in 0.000s
I20260807 13:00:23.219076 0x20b9da080 database_cache.cc:134] Loading matches...
I20260807 13:00:23.221019 0x20b9da080 database_cache.cc:139]  984 in 0.002s
I20260807 13:00:23.221028 0x20b9da080 database_cache.cc:147] Loading images...
I20260807 13:00:23.228807 0x20b9da080 database_cache.cc:236]  100 in 0.008s (loaded all 100)
I20260807 13:00:23.228831 0x20b9da080 database_cache.cc:255] Loading pose priors...
I20260807 13:00:23.228845 0x20b9da080 database_cache.cc:263]  0 in 0.000s
I20260807 13:00:23.228850 0x20b9da080 database_cache.cc:271] Building correspondence graph...
I20260807 13:00:23.242505 0x20b9da080 database_cache.cc:300]  in 0.014s (ignored 0)
  fed 100/201 frames (last n_kp=8192)
I20260807 13:00:23.511515 0x20b9da080 database_cache.cc:72] Loading rigs...
I20260807 13:00:23.511538 0x20b9da080 database_cache.cc:82]  0 in 0.000s
I20260807 13:00:23.511545 0x20b9da080 database_cache.cc:90] Loading cameras...
I20260807 13:00:23.511581 0x20b9da080 database_cache.cc:108]  101 in 0.000s
I20260807 13:00:23.511586 0x20b9da080 database_cache.cc:116] Loading frames...
I20260807 13:00:23.511592 0x20b9da080 database_cache.cc:126]  0 in 0.000s
I20260807 13:00:23.511596 0x20b9da080 database_cache.cc:134] Loading matches...
I20260807 13:00:23.512247 0x20b9da080 database_cache.cc:139]  996 in 0.001s
I20260807 13:00:23.512253 0x20b9da080 database_cache.cc:147] Loading images...
I20260807 13:00:23.519596 0x20b9da080 database_cache.cc:236]  101 in 0.007s (loaded all 101)
I20260807 13:00:23.519623 0x20b9da080 database_cache.cc:255] Loading pose priors...
I20260807 13:00:23.519637 0x20b9da080 database_cache.cc:263]  0 in 0.000s
I20260807 13:00:23.519641 0x20b9da080 database_cache.cc:271] Building correspondence graph...
I20260807 13:00:23.532992 0x20b9da080 database_cache.cc:300]  in 0.013s (ignored 0)
I20260807 13:00:23.544392 0x20b9da080 official_bundle_adjustment_ceres.cc:1434] [AETHER gravity] injected 3/3 roll/pitch anchors, sigma_rad=0.00872665
I20260807 13:00:23.545792 0x20b9da080 official_bundle_adjustment_ceres.cc:923] [AETHER] solver_used=DENSE_SCHUR sparse_backend=EIGEN_SPARSE dense_backend=EIGEN mixed=0 threads=1
I20260807 13:00:23.549229 0x20b9da080 official_bundle_adjustment_ceres.cc:1434] [AETHER gravity] injected 3/3 roll/pitch anchors, sigma_rad=0.00872665
I20260807 13:00:23.549840 0x20b9da080 official_bundle_adjustment_ceres.cc:923] [AETHER] solver_used=DENSE_SCHUR sparse_backend=EIGEN_SPARSE dense_backend=EIGEN mixed=0 threads=1
I20260807 13:00:23.793981 0x20b9da080 database_cache.cc:72] Loading rigs...
I20260807 13:00:23.794000 0x20b9da080 database_cache.cc:82]  0 in 0.000s
I20260807 13:00:23.794007 0x20b9da080 database_cache.cc:90] Loading cameras...
I20260807 13:00:23.794042 0x20b9da080 database_cache.cc:108]  102 in 0.000s
I20260807 13:00:23.794046 0x20b9da080 database_cache.cc:116] Loading frames...
I20260807 13:00:23.794053 0x20b9da080 database_cache.cc:126]  0 in 0.000s
I20260807 13:00:23.794057 0x20b9da080 database_cache.cc:134] Loading matches...
I20260807 13:00:23.794703 0x20b9da080 database_cache.cc:139]  1007 in 0.001s
I20260807 13:00:23.794709 0x20b9da080 database_cache.cc:147] Loading images...
I20260807 13:00:23.802017 0x20b9da080 database_cache.cc:236]  102 in 0.007s (loaded all 102)
I20260807 13:00:23.802046 0x20b9da080 database_cache.cc:255] Loading pose priors...
I20260807 13:00:23.802058 0x20b9da080 database_cache.cc:263]  0 in 0.000s
I20260807 13:00:23.802064 0x20b9da080 database_cache.cc:271] Building correspondence graph...
I20260807 13:00:23.815499 0x20b9da080 database_cache.cc:300]  in 0.013s (ignored 0)
I20260807 13:00:23.827241 0x20b9da080 official_bundle_adjustment_ceres.cc:1434] [AETHER gravity] injected 2/2 roll/pitch anchors, sigma_rad=0.00872665
W20260807 13:00:23.828577 0x20b9da080 levenberg_marquardt_strategy.cc:123] Linear solver failure. Failed to compute a step: Eigen failure. Unable to perform dense Cholesky factorization.
I20260807 13:00:23.828662 0x20b9da080 official_bundle_adjustment_ceres.cc:923] [AETHER] solver_used=DENSE_SCHUR sparse_backend=EIGEN_SPARSE dense_backend=EIGEN mixed=0 threads=1
I20260807 13:00:23.832347 0x20b9da080 official_bundle_adjustment_ceres.cc:1434] [AETHER gravity] injected 2/2 roll/pitch anchors, sigma_rad=0.00872665
I20260807 13:00:23.832482 0x20b9da080 official_bundle_adjustment_ceres.cc:923] [AETHER] solver_used=DENSE_SCHUR sparse_backend=EIGEN_SPARSE dense_backend=EIGEN mixed=0 threads=1
I20260807 13:00:24.061481 0x20b9da080 database_cache.cc:72] Loading rigs...
I20260807 13:00:24.061501 0x20b9da080 database_cache.cc:82]  0 in 0.000s
I20260807 13:00:24.061508 0x20b9da080 database_cache.cc:90] Loading cameras...
I20260807 13:00:24.061545 0x20b9da080 database_cache.cc:108]  103 in 0.000s
I20260807 13:00:24.061550 0x20b9da080 database_cache.cc:116] Loading frames...
I20260807 13:00:24.061557 0x20b9da080 database_cache.cc:126]  0 in 0.000s
I20260807 13:00:24.061560 0x20b9da080 database_cache.cc:134] Loading matches...
I20260807 13:00:24.062869 0x20b9da080 database_cache.cc:139]  1019 in 0.001s
I20260807 13:00:24.062875 0x20b9da080 database_cache.cc:147] Loading images...
I20260807 13:00:24.070223 0x20b9da080 database_cache.cc:236]  103 in 0.007s (loaded all 103)
I20260807 13:00:24.070258 0x20b9da080 database_cache.cc:255] Loading pose priors...
I20260807 13:00:24.070274 0x20b9da080 database_cache.cc:263]  0 in 0.000s
I20260807 13:00:24.070281 0x20b9da080 database_cache.cc:271] Building correspondence graph...
I20260807 13:00:24.083603 0x20b9da080 database_cache.cc:300]  in 0.013s (ignored 0)
I20260807 13:00:24.094765 0x20b9da080 official_bundle_adjustment_ceres.cc:1434] [AETHER gravity] injected 3/3 roll/pitch anchors, sigma_rad=0.00872665
W20260807 13:00:24.106024 0x20b9da080 levenberg_marquardt_strategy.cc:123] Linear solver failure. Failed to compute a step: Eigen failure. Unable to perform dense Cholesky factorization.
I20260807 13:00:24.106092 0x20b9da080 official_bundle_adjustment_ceres.cc:923] [AETHER] solver_used=DENSE_SCHUR sparse_backend=EIGEN_SPARSE dense_backend=EIGEN mixed=0 threads=1
I20260807 13:00:24.110009 0x20b9da080 official_bundle_adjustment_ceres.cc:1434] [AETHER gravity] injected 3/3 roll/pitch anchors, sigma_rad=0.00872665
I20260807 13:00:24.112085 0x20b9da080 official_bundle_adjustment_ceres.cc:923] [AETHER] solver_used=DENSE_SCHUR sparse_backend=EIGEN_SPARSE dense_backend=EIGEN mixed=0 threads=1
I20260807 13:00:24.386165 0x20b9da080 database_cache.cc:72] Loading rigs...
I20260807 13:00:24.386190 0x20b9da080 database_cache.cc:82]  0 in 0.000s
I20260807 13:00:24.386198 0x20b9da080 database_cache.cc:90] Loading cameras...
I20260807 13:00:24.386235 0x20b9da080 database_cache.cc:108]  104 in 0.000s
I20260807 13:00:24.386239 0x20b9da080 database_cache.cc:116] Loading frames...
I20260807 13:00:24.386246 0x20b9da080 database_cache.cc:126]  0 in 0.000s
I20260807 13:00:24.386249 0x20b9da080 database_cache.cc:134] Loading matches...
I20260807 13:00:24.387834 0x20b9da080 database_cache.cc:139]  1031 in 0.002s
I20260807 13:00:24.387843 0x20b9da080 database_cache.cc:147] Loading images...
I20260807 13:00:24.395191 0x20b9da080 database_cache.cc:236]  104 in 0.007s (loaded all 104)
I20260807 13:00:24.395221 0x20b9da080 database_cache.cc:255] Loading pose priors...
I20260807 13:00:24.395239 0x20b9da080 database_cache.cc:263]  0 in 0.000s
I20260807 13:00:24.395244 0x20b9da080 database_cache.cc:271] Building correspondence graph...
I20260807 13:00:24.409902 0x20b9da080 database_cache.cc:300]  in 0.015s (ignored 0)
I20260807 13:00:24.421894 0x20b9da080 official_bundle_adjustment_ceres.cc:1434] [AETHER gravity] injected 5/5 roll/pitch anchors, sigma_rad=0.00872665
I20260807 13:00:24.469281 0x20b9da080 official_bundle_adjustment_ceres.cc:923] [AETHER] solver_used=DENSE_SCHUR sparse_backend=EIGEN_SPARSE dense_backend=EIGEN mixed=0 threads=6
I20260807 13:00:24.473458 0x20b9da080 official_bundle_adjustment_ceres.cc:1434] [AETHER gravity] injected 4/4 roll/pitch anchors, sigma_rad=0.00872665
I20260807 13:00:24.486196 0x20b9da080 official_bundle_adjustment_ceres.cc:923] [AETHER] solver_used=DENSE_SCHUR sparse_backend=EIGEN_SPARSE dense_backend=EIGEN mixed=0 threads=1
I20260807 13:00:24.742230 0x20b9da080 database_cache.cc:72] Loading rigs...
I20260807 13:00:24.742255 0x20b9da080 database_cache.cc:82]  0 in 0.000s
I20260807 13:00:24.742263 0x20b9da080 database_cache.cc:90] Loading cameras...
I20260807 13:00:24.742305 0x20b9da080 database_cache.cc:108]  105 in 0.000s
I20260807 13:00:24.742310 0x20b9da080 database_cache.cc:116] Loading frames...
I20260807 13:00:24.742317 0x20b9da080 database_cache.cc:126]  0 in 0.000s
I20260807 13:00:24.742321 0x20b9da080 database_cache.cc:134] Loading matches...
I20260807 13:00:24.743745 0x20b9da080 database_cache.cc:139]  1043 in 0.001s
I20260807 13:00:24.743751 0x20b9da080 database_cache.cc:147] Loading images...
I20260807 13:00:24.751059 0x20b9da080 database_cache.cc:236]  105 in 0.007s (loaded all 105)
I20260807 13:00:24.751078 0x20b9da080 database_cache.cc:255] Loading pose priors...
I20260807 13:00:24.751089 0x20b9da080 database_cache.cc:263]  0 in 0.000s
I20260807 13:00:24.751094 0x20b9da080 database_cache.cc:271] Building correspondence graph...
I20260807 13:00:24.765244 0x20b9da080 database_cache.cc:300]  in 0.014s (ignored 0)
I20260807 13:00:24.777888 0x20b9da080 official_bundle_adjustment_ceres.cc:1434] [AETHER gravity] injected 3/3 roll/pitch anchors, sigma_rad=0.00872665
I20260807 13:00:24.783218 0x20b9da080 official_bundle_adjustment_ceres.cc:923] [AETHER] solver_used=DENSE_SCHUR sparse_backend=EIGEN_SPARSE dense_backend=EIGEN mixed=0 threads=1
I20260807 13:00:24.787399 0x20b9da080 official_bundle_adjustment_ceres.cc:1434] [AETHER gravity] injected 3/3 roll/pitch anchors, sigma_rad=0.00872665
I20260807 13:00:24.789014 0x20b9da080 official_bundle_adjustment_ceres.cc:923] [AETHER] solver_used=DENSE_SCHUR sparse_backend=EIGEN_SPARSE dense_backend=EIGEN mixed=0 threads=1
I20260807 13:00:24.984755 0x20b9da080 database_cache.cc:72] Loading rigs...
I20260807 13:00:24.984784 0x20b9da080 database_cache.cc:82]  0 in 0.000s
I20260807 13:00:24.984794 0x20b9da080 database_cache.cc:90] Loading cameras...
I20260807 13:00:24.984840 0x20b9da080 database_cache.cc:108]  106 in 0.000s
I20260807 13:00:24.984847 0x20b9da080 database_cache.cc:116] Loading frames...
I20260807 13:00:24.984855 0x20b9da080 database_cache.cc:126]  0 in 0.000s
I20260807 13:00:24.984860 0x20b9da080 database_cache.cc:134] Loading matches...
I20260807 13:00:24.989544 0x20b9da080 database_cache.cc:139]  1055 in 0.005s
I20260807 13:00:24.989555 0x20b9da080 database_cache.cc:147] Loading images...
I20260807 13:00:24.997490 0x20b9da080 database_cache.cc:236]  106 in 0.008s (loaded all 106)
I20260807 13:00:24.997520 0x20b9da080 database_cache.cc:255] Loading pose priors...
I20260807 13:00:24.997532 0x20b9da080 database_cache.cc:263]  0 in 0.000s
I20260807 13:00:24.997538 0x20b9da080 database_cache.cc:271] Building correspondence graph...
I20260807 13:00:25.012351 0x20b9da080 database_cache.cc:300]  in 0.015s (ignored 0)
I20260807 13:00:25.026213 0x20b9da080 official_bundle_adjustment_ceres.cc:1434] [AETHER gravity] injected 3/3 roll/pitch anchors, sigma_rad=0.00872665
I20260807 13:00:25.033099 0x20b9da080 official_bundle_adjustment_ceres.cc:923] [AETHER] solver_used=DENSE_SCHUR sparse_backend=EIGEN_SPARSE dense_backend=EIGEN mixed=0 threads=1
I20260807 13:00:25.037909 0x20b9da080 official_bundle_adjustment_ceres.cc:1434] [AETHER gravity] injected 2/2 roll/pitch anchors, sigma_rad=0.00872665
I20260807 13:00:25.039649 0x20b9da080 official_bundle_adjustment_ceres.cc:923] [AETHER] solver_used=DENSE_SCHUR sparse_backend=EIGEN_SPARSE dense_backend=EIGEN mixed=0 threads=1
I20260807 13:00:25.322391 0x20b9da080 database_cache.cc:72] Loading rigs...
I20260807 13:00:25.322416 0x20b9da080 database_cache.cc:82]  0 in 0.000s
I20260807 13:00:25.322423 0x20b9da080 database_cache.cc:90] Loading cameras...
I20260807 13:00:25.322458 0x20b9da080 database_cache.cc:108]  107 in 0.000s
I20260807 13:00:25.322462 0x20b9da080 database_cache.cc:116] Loading frames...
I20260807 13:00:25.322469 0x20b9da080 database_cache.cc:126]  0 in 0.000s
I20260807 13:00:25.322472 0x20b9da080 database_cache.cc:134] Loading matches...
I20260807 13:00:25.323193 0x20b9da080 database_cache.cc:139]  1067 in 0.001s
I20260807 13:00:25.323200 0x20b9da080 database_cache.cc:147] Loading images...
I20260807 13:00:25.330713 0x20b9da080 database_cache.cc:236]  107 in 0.008s (loaded all 107)
I20260807 13:00:25.330742 0x20b9da080 database_cache.cc:255] Loading pose priors...
I20260807 13:00:25.330755 0x20b9da080 database_cache.cc:263]  0 in 0.000s
I20260807 13:00:25.330761 0x20b9da080 database_cache.cc:271] Building correspondence graph...
I20260807 13:00:25.345946 0x20b9da080 database_cache.cc:300]  in 0.015s (ignored 0)
I20260807 13:00:25.363042 0x20b9da080 official_bundle_adjustment_ceres.cc:1434] [AETHER gravity] injected 5/5 roll/pitch anchors, sigma_rad=0.00872665
I20260807 13:00:25.376988 0x20b9da080 official_bundle_adjustment_ceres.cc:923] [AETHER] solver_used=DENSE_SCHUR sparse_backend=EIGEN_SPARSE dense_backend=EIGEN mixed=0 threads=1
I20260807 13:00:25.382752 0x20b9da080 official_bundle_adjustment_ceres.cc:1434] [AETHER gravity] injected 4/4 roll/pitch anchors, sigma_rad=0.00872665
I20260807 13:00:25.393292 0x20b9da080 official_bundle_adjustment_ceres.cc:923] [AETHER] solver_used=DENSE_SCHUR sparse_backend=EIGEN_SPARSE dense_backend=EIGEN mixed=0 threads=1
I20260807 13:00:25.767338 0x20b9da080 database_cache.cc:72] Loading rigs...
I20260807 13:00:25.767361 0x20b9da080 database_cache.cc:82]  0 in 0.000s
I20260807 13:00:25.767369 0x20b9da080 database_cache.cc:90] Loading cameras...
I20260807 13:00:25.767407 0x20b9da080 database_cache.cc:108]  108 in 0.000s
I20260807 13:00:25.767412 0x20b9da080 database_cache.cc:116] Loading frames...
I20260807 13:00:25.767419 0x20b9da080 database_cache.cc:126]  0 in 0.000s
I20260807 13:00:25.767423 0x20b9da080 database_cache.cc:134] Loading matches...
I20260807 13:00:25.768134 0x20b9da080 database_cache.cc:139]  1079 in 0.001s
I20260807 13:00:25.768140 0x20b9da080 database_cache.cc:147] Loading images...
I20260807 13:00:25.776422 0x20b9da080 database_cache.cc:236]  108 in 0.008s (loaded all 108)
I20260807 13:00:25.776455 0x20b9da080 database_cache.cc:255] Loading pose priors...
I20260807 13:00:25.776471 0x20b9da080 database_cache.cc:263]  0 in 0.000s
I20260807 13:00:25.776476 0x20b9da080 database_cache.cc:271] Building correspondence graph...
I20260807 13:00:25.792003 0x20b9da080 database_cache.cc:300]  in 0.016s (ignored 0)
I20260807 13:00:25.807302 0x20b9da080 official_bundle_adjustment_ceres.cc:1434] [AETHER gravity] injected 6/6 roll/pitch anchors, sigma_rad=0.00872665
I20260807 13:00:25.821736 0x20b9da080 official_bundle_adjustment_ceres.cc:923] [AETHER] solver_used=DENSE_SCHUR sparse_backend=EIGEN_SPARSE dense_backend=EIGEN mixed=0 threads=1
I20260807 13:00:25.826048 0x20b9da080 official_bundle_adjustment_ceres.cc:1434] [AETHER gravity] injected 3/3 roll/pitch anchors, sigma_rad=0.00872665
I20260807 13:00:25.830080 0x20b9da080 official_bundle_adjustment_ceres.cc:923] [AETHER] solver_used=DENSE_SCHUR sparse_backend=EIGEN_SPARSE dense_backend=EIGEN mixed=0 threads=1
I20260807 13:00:26.118854 0x20b9da080 database_cache.cc:72] Loading rigs...
I20260807 13:00:26.118886 0x20b9da080 database_cache.cc:82]  0 in 0.000s
I20260807 13:00:26.118893 0x20b9da080 database_cache.cc:90] Loading cameras...
I20260807 13:00:26.118930 0x20b9da080 database_cache.cc:108]  109 in 0.000s
I20260807 13:00:26.118935 0x20b9da080 database_cache.cc:116] Loading frames...
I20260807 13:00:26.118942 0x20b9da080 database_cache.cc:126]  0 in 0.000s
I20260807 13:00:26.118946 0x20b9da080 database_cache.cc:134] Loading matches...
I20260807 13:00:26.119665 0x20b9da080 database_cache.cc:139]  1091 in 0.001s
I20260807 13:00:26.119672 0x20b9da080 database_cache.cc:147] Loading images...
I20260807 13:00:26.127519 0x20b9da080 database_cache.cc:236]  109 in 0.008s (loaded all 109)
I20260807 13:00:26.127547 0x20b9da080 database_cache.cc:255] Loading pose priors...
I20260807 13:00:26.127560 0x20b9da080 database_cache.cc:263]  0 in 0.000s
I20260807 13:00:26.127565 0x20b9da080 database_cache.cc:271] Building correspondence graph...
I20260807 13:00:26.142778 0x20b9da080 database_cache.cc:300]  in 0.015s (ignored 0)
I20260807 13:00:26.158710 0x20b9da080 official_bundle_adjustment_ceres.cc:1434] [AETHER gravity] injected 6/6 roll/pitch anchors, sigma_rad=0.00872665
I20260807 13:00:26.170703 0x20b9da080 official_bundle_adjustment_ceres.cc:923] [AETHER] solver_used=DENSE_SCHUR sparse_backend=EIGEN_SPARSE dense_backend=EIGEN mixed=0 threads=1
I20260807 13:00:26.175808 0x20b9da080 official_bundle_adjustment_ceres.cc:1434] [AETHER gravity] injected 4/4 roll/pitch anchors, sigma_rad=0.00872665
I20260807 13:00:26.186781 0x20b9da080 official_bundle_adjustment_ceres.cc:923] [AETHER] solver_used=DENSE_SCHUR sparse_backend=EIGEN_SPARSE dense_backend=EIGEN mixed=0 threads=1
I20260807 13:00:26.603350 0x20b9da080 database_cache.cc:72] Loading rigs...
I20260807 13:00:26.603378 0x20b9da080 database_cache.cc:82]  0 in 0.000s
I20260807 13:00:26.603388 0x20b9da080 database_cache.cc:90] Loading cameras...
I20260807 13:00:26.603426 0x20b9da080 database_cache.cc:108]  110 in 0.000s
I20260807 13:00:26.603431 0x20b9da080 database_cache.cc:116] Loading frames...
I20260807 13:00:26.603439 0x20b9da080 database_cache.cc:126]  0 in 0.000s
I20260807 13:00:26.603443 0x20b9da080 database_cache.cc:134] Loading matches...
I20260807 13:00:26.604178 0x20b9da080 database_cache.cc:139]  1107 in 0.001s
I20260807 13:00:26.604184 0x20b9da080 database_cache.cc:147] Loading images...
I20260807 13:00:26.612060 0x20b9da080 database_cache.cc:236]  110 in 0.008s (loaded all 110)
I20260807 13:00:26.612108 0x20b9da080 database_cache.cc:255] Loading pose priors...
I20260807 13:00:26.612130 0x20b9da080 database_cache.cc:263]  0 in 0.000s
I20260807 13:00:26.612141 0x20b9da080 database_cache.cc:271] Building correspondence graph...
I20260807 13:00:26.627779 0x20b9da080 database_cache.cc:300]  in 0.016s (ignored 0)
I20260807 13:00:26.644572 0x20b9da080 official_bundle_adjustment_ceres.cc:1434] [AETHER gravity] injected 6/6 roll/pitch anchors, sigma_rad=0.00872665
I20260807 13:00:26.663646 0x20b9da080 official_bundle_adjustment_ceres.cc:923] [AETHER] solver_used=DENSE_SCHUR sparse_backend=EIGEN_SPARSE dense_backend=EIGEN mixed=0 threads=1
I20260807 13:00:26.669186 0x20b9da080 official_bundle_adjustment_ceres.cc:1434] [AETHER gravity] injected 6/6 roll/pitch anchors, sigma_rad=0.00872665
I20260807 13:00:26.680861 0x20b9da080 official_bundle_adjustment_ceres.cc:923] [AETHER] solver_used=DENSE_SCHUR sparse_backend=EIGEN_SPARSE dense_backend=EIGEN mixed=0 threads=1
I20260807 13:00:26.999976 0x20b9da080 database_cache.cc:72] Loading rigs...
I20260807 13:00:27.000006 0x20b9da080 database_cache.cc:82]  0 in 0.000s
I20260807 13:00:27.000016 0x20b9da080 database_cache.cc:90] Loading cameras...
I20260807 13:00:27.000054 0x20b9da080 database_cache.cc:108]  111 in 0.000s
I20260807 13:00:27.000059 0x20b9da080 database_cache.cc:116] Loading frames...
I20260807 13:00:27.000067 0x20b9da080 database_cache.cc:126]  0 in 0.000s
I20260807 13:00:27.000071 0x20b9da080 database_cache.cc:134] Loading matches...
I20260807 13:00:27.000849 0x20b9da080 database_cache.cc:139]  1119 in 0.001s
I20260807 13:00:27.000860 0x20b9da080 database_cache.cc:147] Loading images...
I20260807 13:00:27.008853 0x20b9da080 database_cache.cc:236]  111 in 0.008s (loaded all 111)
I20260807 13:00:27.008891 0x20b9da080 database_cache.cc:255] Loading pose priors...
I20260807 13:00:27.008907 0x20b9da080 database_cache.cc:263]  0 in 0.000s
I20260807 13:00:27.008913 0x20b9da080 database_cache.cc:271] Building correspondence graph...
I20260807 13:00:27.024733 0x20b9da080 database_cache.cc:300]  in 0.016s (ignored 0)
I20260807 13:00:27.042289 0x20b9da080 official_bundle_adjustment_ceres.cc:1434] [AETHER gravity] injected 4/4 roll/pitch anchors, sigma_rad=0.00872665
I20260807 13:00:27.052998 0x20b9da080 official_bundle_adjustment_ceres.cc:923] [AETHER] solver_used=DENSE_SCHUR sparse_backend=EIGEN_SPARSE dense_backend=EIGEN mixed=0 threads=1
I20260807 13:00:27.057806 0x20b9da080 official_bundle_adjustment_ceres.cc:1434] [AETHER gravity] injected 5/5 roll/pitch anchors, sigma_rad=0.00872665
I20260807 13:00:27.066558 0x20b9da080 official_bundle_adjustment_ceres.cc:923] [AETHER] solver_used=DENSE_SCHUR sparse_backend=EIGEN_SPARSE dense_backend=EIGEN mixed=0 threads=1
I20260807 13:00:27.364214 0x20b9da080 database_cache.cc:72] Loading rigs...
I20260807 13:00:27.364243 0x20b9da080 database_cache.cc:82]  0 in 0.000s
I20260807 13:00:27.364252 0x20b9da080 database_cache.cc:90] Loading cameras...
I20260807 13:00:27.364292 0x20b9da080 database_cache.cc:108]  112 in 0.000s
I20260807 13:00:27.364298 0x20b9da080 database_cache.cc:116] Loading frames...
I20260807 13:00:27.364305 0x20b9da080 database_cache.cc:126]  0 in 0.000s
I20260807 13:00:27.364309 0x20b9da080 database_cache.cc:134] Loading matches...
I20260807 13:00:27.365127 0x20b9da080 database_cache.cc:139]  1131 in 0.001s
I20260807 13:00:27.365137 0x20b9da080 database_cache.cc:147] Loading images...
I20260807 13:00:27.373021 0x20b9da080 database_cache.cc:236]  112 in 0.008s (loaded all 112)
I20260807 13:00:27.373075 0x20b9da080 database_cache.cc:255] Loading pose priors...
I20260807 13:00:27.373103 0x20b9da080 database_cache.cc:263]  0 in 0.000s
I20260807 13:00:27.373111 0x20b9da080 database_cache.cc:271] Building correspondence graph...
I20260807 13:00:27.389429 0x20b9da080 database_cache.cc:300]  in 0.016s (ignored 0)
I20260807 13:00:27.403708 0x20b9da080 official_bundle_adjustment_ceres.cc:1434] [AETHER gravity] injected 3/3 roll/pitch anchors, sigma_rad=0.00872665
I20260807 13:00:27.410211 0x20b9da080 official_bundle_adjustment_ceres.cc:923] [AETHER] solver_used=DENSE_SCHUR sparse_backend=EIGEN_SPARSE dense_backend=EIGEN mixed=0 threads=1
I20260807 13:00:27.710271 0x20b9da080 database_cache.cc:72] Loading rigs...
I20260807 13:00:27.710297 0x20b9da080 database_cache.cc:82]  0 in 0.000s
I20260807 13:00:27.710305 0x20b9da080 database_cache.cc:90] Loading cameras...
I20260807 13:00:27.710352 0x20b9da080 database_cache.cc:108]  113 in 0.000s
I20260807 13:00:27.710358 0x20b9da080 database_cache.cc:116] Loading frames...
I20260807 13:00:27.710365 0x20b9da080 database_cache.cc:126]  0 in 0.000s
I20260807 13:00:27.710370 0x20b9da080 database_cache.cc:134] Loading matches...
I20260807 13:00:27.711432 0x20b9da080 database_cache.cc:139]  1143 in 0.001s
I20260807 13:00:27.711443 0x20b9da080 database_cache.cc:147] Loading images...
I20260807 13:00:27.719234 0x20b9da080 database_cache.cc:236]  113 in 0.008s (loaded all 113)
I20260807 13:00:27.719268 0x20b9da080 database_cache.cc:255] Loading pose priors...
I20260807 13:00:27.719289 0x20b9da080 database_cache.cc:263]  0 in 0.000s
I20260807 13:00:27.719294 0x20b9da080 database_cache.cc:271] Building correspondence graph...
I20260807 13:00:27.735709 0x20b9da080 database_cache.cc:300]  in 0.016s (ignored 0)
I20260807 13:00:27.748827 0x20b9da080 official_bundle_adjustment_ceres.cc:1434] [AETHER gravity] injected 2/2 roll/pitch anchors, sigma_rad=0.00872665
I20260807 13:00:27.754198 0x20b9da080 official_bundle_adjustment_ceres.cc:923] [AETHER] solver_used=DENSE_SCHUR sparse_backend=EIGEN_SPARSE dense_backend=EIGEN mixed=0 threads=1
I20260807 13:00:27.756591 0x20b9da080 official_bundle_adjustment_ceres.cc:1434] [AETHER gravity] injected 2/2 roll/pitch anchors, sigma_rad=0.00872665
I20260807 13:00:27.756784 0x20b9da080 official_bundle_adjustment_ceres.cc:923] [AETHER] solver_used=DENSE_SCHUR sparse_backend=EIGEN_SPARSE dense_backend=EIGEN mixed=0 threads=1
I20260807 13:00:28.003870 0x20b9da080 database_cache.cc:72] Loading rigs...
I20260807 13:00:28.003904 0x20b9da080 database_cache.cc:82]  0 in 0.000s
I20260807 13:00:28.003913 0x20b9da080 database_cache.cc:90] Loading cameras...
I20260807 13:00:28.003956 0x20b9da080 database_cache.cc:108]  114 in 0.000s
I20260807 13:00:28.003967 0x20b9da080 database_cache.cc:116] Loading frames...
I20260807 13:00:28.003974 0x20b9da080 database_cache.cc:126]  0 in 0.000s
I20260807 13:00:28.003979 0x20b9da080 database_cache.cc:134] Loading matches...
I20260807 13:00:28.005138 0x20b9da080 database_cache.cc:139]  1155 in 0.001s
I20260807 13:00:28.005146 0x20b9da080 database_cache.cc:147] Loading images...
I20260807 13:00:28.013383 0x20b9da080 database_cache.cc:236]  114 in 0.008s (loaded all 114)
I20260807 13:00:28.013413 0x20b9da080 database_cache.cc:255] Loading pose priors...
I20260807 13:00:28.013430 0x20b9da080 database_cache.cc:263]  0 in 0.000s
I20260807 13:00:28.013435 0x20b9da080 database_cache.cc:271] Building correspondence graph...
I20260807 13:00:28.029790 0x20b9da080 database_cache.cc:300]  in 0.016s (ignored 0)
I20260807 13:00:28.041381 0x20b9da080 official_bundle_adjustment_ceres.cc:1434] [AETHER gravity] injected 6/6 roll/pitch anchors, sigma_rad=0.00872665
I20260807 13:00:28.048745 0x20b9da080 official_bundle_adjustment_ceres.cc:923] [AETHER] solver_used=DENSE_SCHUR sparse_backend=EIGEN_SPARSE dense_backend=EIGEN mixed=0 threads=1
I20260807 13:00:28.051615 0x20b9da080 official_bundle_adjustment_ceres.cc:1434] [AETHER gravity] injected 6/6 roll/pitch anchors, sigma_rad=0.00872665
I20260807 13:00:28.056359 0x20b9da080 official_bundle_adjustment_ceres.cc:923] [AETHER] solver_used=DENSE_SCHUR sparse_backend=EIGEN_SPARSE dense_backend=EIGEN mixed=0 threads=1
I20260807 13:00:28.219635 0x20b9da080 database_cache.cc:72] Loading rigs...
I20260807 13:00:28.219666 0x20b9da080 database_cache.cc:82]  0 in 0.000s
I20260807 13:00:28.219678 0x20b9da080 database_cache.cc:90] Loading cameras...
I20260807 13:00:28.219716 0x20b9da080 database_cache.cc:108]  115 in 0.000s
I20260807 13:00:28.219721 0x20b9da080 database_cache.cc:116] Loading frames...
I20260807 13:00:28.219729 0x20b9da080 database_cache.cc:126]  0 in 0.000s
I20260807 13:00:28.219734 0x20b9da080 database_cache.cc:134] Loading matches...
I20260807 13:00:28.220520 0x20b9da080 database_cache.cc:139]  1163 in 0.001s
I20260807 13:00:28.220527 0x20b9da080 database_cache.cc:147] Loading images...
I20260807 13:00:28.228912 0x20b9da080 database_cache.cc:236]  115 in 0.008s (loaded all 115)
I20260807 13:00:28.228979 0x20b9da080 database_cache.cc:255] Loading pose priors...
I20260807 13:00:28.229001 0x20b9da080 database_cache.cc:263]  0 in 0.000s
I20260807 13:00:28.229008 0x20b9da080 database_cache.cc:271] Building correspondence graph...
I20260807 13:00:28.245734 0x20b9da080 database_cache.cc:300]  in 0.017s (ignored 0)
I20260807 13:00:28.256402 0x20b9da080 official_bundle_adjustment_ceres.cc:1434] [AETHER gravity] injected 5/5 roll/pitch anchors, sigma_rad=0.00872665
I20260807 13:00:28.265367 0x20b9da080 official_bundle_adjustment_ceres.cc:923] [AETHER] solver_used=DENSE_SCHUR sparse_backend=EIGEN_SPARSE dense_backend=EIGEN mixed=0 threads=1
I20260807 13:00:28.268075 0x20b9da080 official_bundle_adjustment_ceres.cc:1434] [AETHER gravity] injected 5/5 roll/pitch anchors, sigma_rad=0.00872665
I20260807 13:00:28.270267 0x20b9da080 official_bundle_adjustment_ceres.cc:923] [AETHER] solver_used=DENSE_SCHUR sparse_backend=EIGEN_SPARSE dense_backend=EIGEN mixed=0 threads=1
I20260807 13:00:28.344515 0x20b9da080 database_cache.cc:72] Loading rigs...
I20260807 13:00:28.344550 0x20b9da080 database_cache.cc:82]  0 in 0.000s
I20260807 13:00:28.344558 0x20b9da080 database_cache.cc:90] Loading cameras...
I20260807 13:00:28.344597 0x20b9da080 database_cache.cc:108]  116 in 0.000s
I20260807 13:00:28.344603 0x20b9da080 database_cache.cc:116] Loading frames...
I20260807 13:00:28.344611 0x20b9da080 database_cache.cc:126]  0 in 0.000s
I20260807 13:00:28.344615 0x20b9da080 database_cache.cc:134] Loading matches...
I20260807 13:00:28.345403 0x20b9da080 database_cache.cc:139]  1164 in 0.001s
I20260807 13:00:28.345414 0x20b9da080 database_cache.cc:147] Loading images...
I20260807 13:00:28.353538 0x20b9da080 database_cache.cc:236]  116 in 0.008s (loaded all 116)
I20260807 13:00:28.353563 0x20b9da080 database_cache.cc:255] Loading pose priors...
I20260807 13:00:28.353579 0x20b9da080 database_cache.cc:263]  0 in 0.000s
I20260807 13:00:28.353584 0x20b9da080 database_cache.cc:271] Building correspondence graph...
I20260807 13:00:28.370401 0x20b9da080 database_cache.cc:300]  in 0.017s (ignored 0)
I20260807 13:00:28.464071 0x20b9da080 database_cache.cc:72] Loading rigs...
I20260807 13:00:28.464102 0x20b9da080 database_cache.cc:82]  0 in 0.000s
I20260807 13:00:28.464110 0x20b9da080 database_cache.cc:90] Loading cameras...
I20260807 13:00:28.464152 0x20b9da080 database_cache.cc:108]  117 in 0.000s
I20260807 13:00:28.464157 0x20b9da080 database_cache.cc:116] Loading frames...
I20260807 13:00:28.464165 0x20b9da080 database_cache.cc:126]  0 in 0.000s
I20260807 13:00:28.464169 0x20b9da080 database_cache.cc:134] Loading matches...
I20260807 13:00:28.464993 0x20b9da080 database_cache.cc:139]  1166 in 0.001s
I20260807 13:00:28.465001 0x20b9da080 database_cache.cc:147] Loading images...
I20260807 13:00:28.473266 0x20b9da080 database_cache.cc:236]  117 in 0.008s (loaded all 117)
I20260807 13:00:28.473289 0x20b9da080 database_cache.cc:255] Loading pose priors...
I20260807 13:00:28.473304 0x20b9da080 database_cache.cc:263]  0 in 0.000s
I20260807 13:00:28.473310 0x20b9da080 database_cache.cc:271] Building correspondence graph...
I20260807 13:00:28.490098 0x20b9da080 database_cache.cc:300]  in 0.017s (ignored 0)
I20260807 13:00:28.613028 0x20b9da080 database_cache.cc:72] Loading rigs...
I20260807 13:00:28.613060 0x20b9da080 database_cache.cc:82]  0 in 0.000s
I20260807 13:00:28.613074 0x20b9da080 database_cache.cc:90] Loading cameras...
I20260807 13:00:28.613119 0x20b9da080 database_cache.cc:108]  118 in 0.000s
I20260807 13:00:28.613129 0x20b9da080 database_cache.cc:116] Loading frames...
I20260807 13:00:28.613140 0x20b9da080 database_cache.cc:126]  0 in 0.000s
I20260807 13:00:28.613149 0x20b9da080 database_cache.cc:134] Loading matches...
I20260807 13:00:28.613946 0x20b9da080 database_cache.cc:139]  1176 in 0.001s
I20260807 13:00:28.613961 0x20b9da080 database_cache.cc:147] Loading images...
I20260807 13:00:28.622258 0x20b9da080 database_cache.cc:236]  118 in 0.008s (loaded all 118)
I20260807 13:00:28.622284 0x20b9da080 database_cache.cc:255] Loading pose priors...
I20260807 13:00:28.622305 0x20b9da080 database_cache.cc:263]  0 in 0.000s
I20260807 13:00:28.622315 0x20b9da080 database_cache.cc:271] Building correspondence graph...
I20260807 13:00:28.639212 0x20b9da080 database_cache.cc:300]  in 0.017s (ignored 0)
I20260807 13:00:28.651165 0x20b9da080 official_bundle_adjustment_ceres.cc:1434] [AETHER gravity] injected 6/6 roll/pitch anchors, sigma_rad=0.00872665
I20260807 13:00:28.662125 0x20b9da080 official_bundle_adjustment_ceres.cc:923] [AETHER] solver_used=DENSE_SCHUR sparse_backend=EIGEN_SPARSE dense_backend=EIGEN mixed=0 threads=1
I20260807 13:00:28.664904 0x20b9da080 official_bundle_adjustment_ceres.cc:1434] [AETHER gravity] injected 5/5 roll/pitch anchors, sigma_rad=0.00872665
I20260807 13:00:28.666998 0x20b9da080 official_bundle_adjustment_ceres.cc:923] [AETHER] solver_used=DENSE_SCHUR sparse_backend=EIGEN_SPARSE dense_backend=EIGEN mixed=0 threads=1
I20260807 13:00:28.775388 0x20b9da080 database_cache.cc:72] Loading rigs...
I20260807 13:00:28.775419 0x20b9da080 database_cache.cc:82]  0 in 0.000s
I20260807 13:00:28.775427 0x20b9da080 database_cache.cc:90] Loading cameras...
I20260807 13:00:28.775464 0x20b9da080 database_cache.cc:108]  119 in 0.000s
I20260807 13:00:28.775470 0x20b9da080 database_cache.cc:116] Loading frames...
I20260807 13:00:28.775477 0x20b9da080 database_cache.cc:126]  0 in 0.000s
I20260807 13:00:28.775482 0x20b9da080 database_cache.cc:134] Loading matches...
I20260807 13:00:28.776284 0x20b9da080 database_cache.cc:139]  1186 in 0.001s
I20260807 13:00:28.776291 0x20b9da080 database_cache.cc:147] Loading images...
I20260807 13:00:28.784808 0x20b9da080 database_cache.cc:236]  119 in 0.009s (loaded all 119)
I20260807 13:00:28.784835 0x20b9da080 database_cache.cc:255] Loading pose priors...
I20260807 13:00:28.784854 0x20b9da080 database_cache.cc:263]  0 in 0.000s
I20260807 13:00:28.784860 0x20b9da080 database_cache.cc:271] Building correspondence graph...
I20260807 13:00:28.801532 0x20b9da080 database_cache.cc:300]  in 0.017s (ignored 0)
I20260807 13:00:28.813409 0x20b9da080 official_bundle_adjustment_ceres.cc:1434] [AETHER gravity] injected 4/4 roll/pitch anchors, sigma_rad=0.00872665
I20260807 13:00:28.817779 0x20b9da080 official_bundle_adjustment_ceres.cc:923] [AETHER] solver_used=DENSE_SCHUR sparse_backend=EIGEN_SPARSE dense_backend=EIGEN mixed=0 threads=1
I20260807 13:00:28.819763 0x20b9da080 official_bundle_adjustment_ceres.cc:1434] [AETHER gravity] injected 4/4 roll/pitch anchors, sigma_rad=0.00872665
I20260807 13:00:28.821002 0x20b9da080 official_bundle_adjustment_ceres.cc:923] [AETHER] solver_used=DENSE_SCHUR sparse_backend=EIGEN_SPARSE dense_backend=EIGEN mixed=0 threads=1
I20260807 13:00:29.009659 0x20b9da080 database_cache.cc:72] Loading rigs...
I20260807 13:00:29.009688 0x20b9da080 database_cache.cc:82]  0 in 0.000s
I20260807 13:00:29.009698 0x20b9da080 database_cache.cc:90] Loading cameras...
I20260807 13:00:29.009744 0x20b9da080 database_cache.cc:108]  120 in 0.000s
I20260807 13:00:29.009750 0x20b9da080 database_cache.cc:116] Loading frames...
I20260807 13:00:29.009759 0x20b9da080 database_cache.cc:126]  0 in 0.000s
I20260807 13:00:29.009765 0x20b9da080 database_cache.cc:134] Loading matches...
I20260807 13:00:29.016978 0x20b9da080 database_cache.cc:139]  1196 in 0.007s
I20260807 13:00:29.016991 0x20b9da080 database_cache.cc:147] Loading images...
I20260807 13:00:29.027746 0x20b9da080 database_cache.cc:236]  120 in 0.011s (loaded all 120)
I20260807 13:00:29.027791 0x20b9da080 database_cache.cc:255] Loading pose priors...
I20260807 13:00:29.027808 0x20b9da080 database_cache.cc:263]  0 in 0.000s
I20260807 13:00:29.027815 0x20b9da080 database_cache.cc:271] Building correspondence graph...
I20260807 13:00:29.051764 0x20b9da080 database_cache.cc:300]  in 0.024s (ignored 0)
I20260807 13:00:29.080098 0x20b9da080 official_bundle_adjustment_ceres.cc:1434] [AETHER gravity] injected 3/3 roll/pitch anchors, sigma_rad=0.00872665
I20260807 13:00:29.088797 0x20b9da080 official_bundle_adjustment_ceres.cc:923] [AETHER] solver_used=DENSE_SCHUR sparse_backend=EIGEN_SPARSE dense_backend=EIGEN mixed=0 threads=1
I20260807 13:00:29.092659 0x20b9da080 official_bundle_adjustment_ceres.cc:1434] [AETHER gravity] injected 3/3 roll/pitch anchors, sigma_rad=0.00872665
I20260807 13:00:29.093139 0x20b9da080 official_bundle_adjustment_ceres.cc:923] [AETHER] solver_used=DENSE_SCHUR sparse_backend=EIGEN_SPARSE dense_backend=EIGEN mixed=0 threads=1
I20260807 13:00:29.202879 0x20b9da080 database_cache.cc:72] Loading rigs...
I20260807 13:00:29.202904 0x20b9da080 database_cache.cc:82]  0 in 0.000s
I20260807 13:00:29.202913 0x20b9da080 database_cache.cc:90] Loading cameras...
I20260807 13:00:29.202950 0x20b9da080 database_cache.cc:108]  121 in 0.000s
I20260807 13:00:29.202955 0x20b9da080 database_cache.cc:116] Loading frames...
I20260807 13:00:29.202963 0x20b9da080 database_cache.cc:126]  0 in 0.000s
I20260807 13:00:29.202967 0x20b9da080 database_cache.cc:134] Loading matches...
I20260807 13:00:29.204510 0x20b9da080 database_cache.cc:139]  1205 in 0.002s
I20260807 13:00:29.204673 0x20b9da080 database_cache.cc:147] Loading images...
I20260807 13:00:29.213554 0x20b9da080 database_cache.cc:236]  121 in 0.009s (loaded all 121)
I20260807 13:00:29.216347 0x20b9da080 database_cache.cc:255] Loading pose priors...
I20260807 13:00:29.216374 0x20b9da080 database_cache.cc:263]  0 in 0.000s
I20260807 13:00:29.216383 0x20b9da080 database_cache.cc:271] Building correspondence graph...
I20260807 13:00:29.233448 0x20b9da080 database_cache.cc:300]  in 0.017s (ignored 0)
I20260807 13:00:29.366278 0x20b9da080 database_cache.cc:72] Loading rigs...
I20260807 13:00:29.366306 0x20b9da080 database_cache.cc:82]  0 in 0.000s
I20260807 13:00:29.366315 0x20b9da080 database_cache.cc:90] Loading cameras...
I20260807 13:00:29.366354 0x20b9da080 database_cache.cc:108]  122 in 0.000s
I20260807 13:00:29.366359 0x20b9da080 database_cache.cc:116] Loading frames...
I20260807 13:00:29.366367 0x20b9da080 database_cache.cc:126]  0 in 0.000s
I20260807 13:00:29.366372 0x20b9da080 database_cache.cc:134] Loading matches...
I20260807 13:00:29.368848 0x20b9da080 database_cache.cc:139]  1214 in 0.002s
I20260807 13:00:29.368858 0x20b9da080 database_cache.cc:147] Loading images...
I20260807 13:00:29.377529 0x20b9da080 database_cache.cc:236]  122 in 0.009s (loaded all 122)
I20260807 13:00:29.377556 0x20b9da080 database_cache.cc:255] Loading pose priors...
I20260807 13:00:29.377573 0x20b9da080 database_cache.cc:263]  0 in 0.000s
I20260807 13:00:29.377578 0x20b9da080 database_cache.cc:271] Building correspondence graph...
I20260807 13:00:29.394673 0x20b9da080 database_cache.cc:300]  in 0.017s (ignored 0)
I20260807 13:00:29.525728 0x20b9da080 database_cache.cc:72] Loading rigs...
I20260807 13:00:29.525757 0x20b9da080 database_cache.cc:82]  0 in 0.000s
I20260807 13:00:29.525769 0x20b9da080 database_cache.cc:90] Loading cameras...
I20260807 13:00:29.525812 0x20b9da080 database_cache.cc:108]  123 in 0.000s
I20260807 13:00:29.525818 0x20b9da080 database_cache.cc:116] Loading frames...
I20260807 13:00:29.525826 0x20b9da080 database_cache.cc:126]  0 in 0.000s
I20260807 13:00:29.525831 0x20b9da080 database_cache.cc:134] Loading matches...
I20260807 13:00:29.526639 0x20b9da080 database_cache.cc:139]  1223 in 0.001s
I20260807 13:00:29.526650 0x20b9da080 database_cache.cc:147] Loading images...
I20260807 13:00:29.535187 0x20b9da080 database_cache.cc:236]  123 in 0.009s (loaded all 123)
I20260807 13:00:29.535212 0x20b9da080 database_cache.cc:255] Loading pose priors...
I20260807 13:00:29.535227 0x20b9da080 database_cache.cc:263]  0 in 0.000s
I20260807 13:00:29.535232 0x20b9da080 database_cache.cc:271] Building correspondence graph...
I20260807 13:00:29.552364 0x20b9da080 database_cache.cc:300]  in 0.017s (ignored 0)
I20260807 13:00:29.675344 0x20b9da080 database_cache.cc:72] Loading rigs...
I20260807 13:00:29.675368 0x20b9da080 database_cache.cc:82]  0 in 0.000s
I20260807 13:00:29.675374 0x20b9da080 database_cache.cc:90] Loading cameras...
I20260807 13:00:29.675416 0x20b9da080 database_cache.cc:108]  124 in 0.000s
I20260807 13:00:29.675424 0x20b9da080 database_cache.cc:116] Loading frames...
I20260807 13:00:29.675432 0x20b9da080 database_cache.cc:126]  0 in 0.000s
I20260807 13:00:29.675436 0x20b9da080 database_cache.cc:134] Loading matches...
I20260807 13:00:29.676242 0x20b9da080 database_cache.cc:139]  1231 in 0.001s
I20260807 13:00:29.676249 0x20b9da080 database_cache.cc:147] Loading images...
I20260807 13:00:29.684924 0x20b9da080 database_cache.cc:236]  124 in 0.009s (loaded all 124)
I20260807 13:00:29.684952 0x20b9da080 database_cache.cc:255] Loading pose priors...
I20260807 13:00:29.684968 0x20b9da080 database_cache.cc:263]  0 in 0.000s
I20260807 13:00:29.684973 0x20b9da080 database_cache.cc:271] Building correspondence graph...
I20260807 13:00:29.702292 0x20b9da080 database_cache.cc:300]  in 0.017s (ignored 0)
I20260807 13:00:29.714061 0x20b9da080 official_bundle_adjustment_ceres.cc:1434] [AETHER gravity] injected 2/2 roll/pitch anchors, sigma_rad=0.00872665
I20260807 13:00:29.714478 0x20b9da080 official_bundle_adjustment_ceres.cc:923] [AETHER] solver_used=DENSE_SCHUR sparse_backend=EIGEN_SPARSE dense_backend=EIGEN mixed=0 threads=1
I20260807 13:00:29.716728 0x20b9da080 official_bundle_adjustment_ceres.cc:1434] [AETHER gravity] injected 2/2 roll/pitch anchors, sigma_rad=0.00872665
I20260807 13:00:29.717391 0x20b9da080 official_bundle_adjustment_ceres.cc:923] [AETHER] solver_used=DENSE_SCHUR sparse_backend=EIGEN_SPARSE dense_backend=EIGEN mixed=0 threads=1
I20260807 13:00:29.867044 0x20b9da080 database_cache.cc:72] Loading rigs...
I20260807 13:00:29.867062 0x20b9da080 database_cache.cc:82]  0 in 0.000s
I20260807 13:00:29.867069 0x20b9da080 database_cache.cc:90] Loading cameras...
I20260807 13:00:29.867108 0x20b9da080 database_cache.cc:108]  125 in 0.000s
I20260807 13:00:29.867114 0x20b9da080 database_cache.cc:116] Loading frames...
I20260807 13:00:29.867121 0x20b9da080 database_cache.cc:126]  0 in 0.000s
I20260807 13:00:29.867125 0x20b9da080 database_cache.cc:134] Loading matches...
I20260807 13:00:29.867913 0x20b9da080 database_cache.cc:139]  1235 in 0.001s
I20260807 13:00:29.867921 0x20b9da080 database_cache.cc:147] Loading images...
I20260807 13:00:29.876998 0x20b9da080 database_cache.cc:236]  125 in 0.009s (loaded all 125)
I20260807 13:00:29.877043 0x20b9da080 database_cache.cc:255] Loading pose priors...
I20260807 13:00:29.877062 0x20b9da080 database_cache.cc:263]  0 in 0.000s
I20260807 13:00:29.877068 0x20b9da080 database_cache.cc:271] Building correspondence graph...
I20260807 13:00:29.894419 0x20b9da080 database_cache.cc:300]  in 0.017s (ignored 0)
I20260807 13:00:29.905090 0x20b9da080 official_bundle_adjustment_ceres.cc:1434] [AETHER gravity] injected 2/2 roll/pitch anchors, sigma_rad=0.00872665
I20260807 13:00:29.905488 0x20b9da080 official_bundle_adjustment_ceres.cc:923] [AETHER] solver_used=DENSE_SCHUR sparse_backend=EIGEN_SPARSE dense_backend=EIGEN mixed=0 threads=1
I20260807 13:00:29.907502 0x20b9da080 official_bundle_adjustment_ceres.cc:1434] [AETHER gravity] injected 2/2 roll/pitch anchors, sigma_rad=0.00872665
I20260807 13:00:29.908096 0x20b9da080 official_bundle_adjustment_ceres.cc:923] [AETHER] solver_used=DENSE_SCHUR sparse_backend=EIGEN_SPARSE dense_backend=EIGEN mixed=0 threads=1
  fed 125/201 frames (last n_kp=8192)
I20260807 13:00:29.979761 0x20b9da080 database_cache.cc:72] Loading rigs...
I20260807 13:00:29.979790 0x20b9da080 database_cache.cc:82]  0 in 0.000s
I20260807 13:00:29.979798 0x20b9da080 database_cache.cc:90] Loading cameras...
I20260807 13:00:29.979840 0x20b9da080 database_cache.cc:108]  126 in 0.000s
I20260807 13:00:29.979846 0x20b9da080 database_cache.cc:116] Loading frames...
I20260807 13:00:29.979853 0x20b9da080 database_cache.cc:126]  0 in 0.000s
I20260807 13:00:29.979858 0x20b9da080 database_cache.cc:134] Loading matches...
I20260807 13:00:29.980675 0x20b9da080 database_cache.cc:139]  1240 in 0.001s
I20260807 13:00:29.980682 0x20b9da080 database_cache.cc:147] Loading images...
I20260807 13:00:29.989440 0x20b9da080 database_cache.cc:236]  126 in 0.009s (loaded all 126)
I20260807 13:00:29.989478 0x20b9da080 database_cache.cc:255] Loading pose priors...
I20260807 13:00:29.989491 0x20b9da080 database_cache.cc:263]  0 in 0.000s
I20260807 13:00:29.989496 0x20b9da080 database_cache.cc:271] Building correspondence graph...
I20260807 13:00:30.006739 0x20b9da080 database_cache.cc:300]  in 0.017s (ignored 0)
I20260807 13:00:30.017553 0x20b9da080 official_bundle_adjustment_ceres.cc:1434] [AETHER gravity] injected 2/2 roll/pitch anchors, sigma_rad=0.00872665
I20260807 13:00:30.018288 0x20b9da080 official_bundle_adjustment_ceres.cc:923] [AETHER] solver_used=DENSE_SCHUR sparse_backend=EIGEN_SPARSE dense_backend=EIGEN mixed=0 threads=1
I20260807 13:00:30.086854 0x20b9da080 database_cache.cc:72] Loading rigs...
I20260807 13:00:30.086873 0x20b9da080 database_cache.cc:82]  0 in 0.000s
I20260807 13:00:30.086878 0x20b9da080 database_cache.cc:90] Loading cameras...
I20260807 13:00:30.086916 0x20b9da080 database_cache.cc:108]  127 in 0.000s
I20260807 13:00:30.086920 0x20b9da080 database_cache.cc:116] Loading frames...
I20260807 13:00:30.086927 0x20b9da080 database_cache.cc:126]  0 in 0.000s
I20260807 13:00:30.086931 0x20b9da080 database_cache.cc:134] Loading matches...
I20260807 13:00:30.087726 0x20b9da080 database_cache.cc:139]  1241 in 0.001s
I20260807 13:00:30.087732 0x20b9da080 database_cache.cc:147] Loading images...
I20260807 13:00:30.098037 0x20b9da080 database_cache.cc:236]  127 in 0.010s (loaded all 127)
I20260807 13:00:30.098073 0x20b9da080 database_cache.cc:255] Loading pose priors...
I20260807 13:00:30.098087 0x20b9da080 database_cache.cc:263]  0 in 0.000s
I20260807 13:00:30.098093 0x20b9da080 database_cache.cc:271] Building correspondence graph...
I20260807 13:00:30.115309 0x20b9da080 database_cache.cc:300]  in 0.017s (ignored 0)
I20260807 13:00:30.189701 0x20b9da080 database_cache.cc:72] Loading rigs...
I20260807 13:00:30.189720 0x20b9da080 database_cache.cc:82]  0 in 0.000s
I20260807 13:00:30.189725 0x20b9da080 database_cache.cc:90] Loading cameras...
I20260807 13:00:30.189765 0x20b9da080 database_cache.cc:108]  128 in 0.000s
I20260807 13:00:30.189780 0x20b9da080 database_cache.cc:116] Loading frames...
I20260807 13:00:30.189797 0x20b9da080 database_cache.cc:126]  0 in 0.000s
I20260807 13:00:30.189804 0x20b9da080 database_cache.cc:134] Loading matches...
I20260807 13:00:30.192367 0x20b9da080 database_cache.cc:139]  1246 in 0.003s
I20260807 13:00:30.192390 0x20b9da080 database_cache.cc:147] Loading images...
I20260807 13:00:30.201435 0x20b9da080 database_cache.cc:236]  128 in 0.009s (loaded all 128)
I20260807 13:00:30.201462 0x20b9da080 database_cache.cc:255] Loading pose priors...
I20260807 13:00:30.201479 0x20b9da080 database_cache.cc:263]  0 in 0.000s
I20260807 13:00:30.201485 0x20b9da080 database_cache.cc:271] Building correspondence graph...
I20260807 13:00:30.218990 0x20b9da080 database_cache.cc:300]  in 0.018s (ignored 0)
I20260807 13:00:30.229345 0x20b9da080 official_bundle_adjustment_ceres.cc:1434] [AETHER gravity] injected 3/3 roll/pitch anchors, sigma_rad=0.00872665
W20260807 13:00:30.229704 0x20b9da080 levenberg_marquardt_strategy.cc:123] Linear solver failure. Failed to compute a step: Eigen failure. Unable to perform dense Cholesky factorization.
W20260807 13:00:30.229724 0x20b9da080 levenberg_marquardt_strategy.cc:123] Linear solver failure. Failed to compute a step: Eigen failure. Unable to perform dense Cholesky factorization.
W20260807 13:00:30.229754 0x20b9da080 levenberg_marquardt_strategy.cc:123] Linear solver failure. Failed to compute a step: Eigen failure. Unable to perform dense Cholesky factorization.
W20260807 13:00:30.229787 0x20b9da080 levenberg_marquardt_strategy.cc:123] Linear solver failure. Failed to compute a step: Eigen failure. Unable to perform dense Cholesky factorization.
W20260807 13:00:30.229819 0x20b9da080 levenberg_marquardt_strategy.cc:123] Linear solver failure. Failed to compute a step: Eigen failure. Unable to perform dense Cholesky factorization.
W20260807 13:00:30.229831 0x20b9da080 levenberg_marquardt_strategy.cc:123] Linear solver failure. Failed to compute a step: Eigen failure. Unable to perform dense Cholesky factorization.
W20260807 13:00:30.229862 0x20b9da080 levenberg_marquardt_strategy.cc:123] Linear solver failure. Failed to compute a step: Eigen failure. Unable to perform dense Cholesky factorization.
W20260807 13:00:30.229874 0x20b9da080 levenberg_marquardt_strategy.cc:123] Linear solver failure. Failed to compute a step: Eigen failure. Unable to perform dense Cholesky factorization.
I20260807 13:00:30.229904 0x20b9da080 official_bundle_adjustment_ceres.cc:923] [AETHER] solver_used=DENSE_SCHUR sparse_backend=EIGEN_SPARSE dense_backend=EIGEN mixed=0 threads=1
I20260807 13:00:30.231363 0x20b9da080 official_bundle_adjustment_ceres.cc:1434] [AETHER gravity] injected 3/3 roll/pitch anchors, sigma_rad=0.00872665
I20260807 13:00:30.231456 0x20b9da080 official_bundle_adjustment_ceres.cc:923] [AETHER] solver_used=DENSE_SCHUR sparse_backend=EIGEN_SPARSE dense_backend=EIGEN mixed=0 threads=1
I20260807 13:00:30.292999 0x20b9da080 database_cache.cc:72] Loading rigs...
I20260807 13:00:30.293024 0x20b9da080 database_cache.cc:82]  0 in 0.000s
I20260807 13:00:30.293031 0x20b9da080 database_cache.cc:90] Loading cameras...
I20260807 13:00:30.293073 0x20b9da080 database_cache.cc:108]  129 in 0.000s
I20260807 13:00:30.293078 0x20b9da080 database_cache.cc:116] Loading frames...
I20260807 13:00:30.293084 0x20b9da080 database_cache.cc:126]  0 in 0.000s
I20260807 13:00:30.293088 0x20b9da080 database_cache.cc:134] Loading matches...
I20260807 13:00:30.293944 0x20b9da080 database_cache.cc:139]  1252 in 0.001s
I20260807 13:00:30.293953 0x20b9da080 database_cache.cc:147] Loading images...
I20260807 13:00:30.303096 0x20b9da080 database_cache.cc:236]  129 in 0.009s (loaded all 129)
I20260807 13:00:30.303120 0x20b9da080 database_cache.cc:255] Loading pose priors...
I20260807 13:00:30.303134 0x20b9da080 database_cache.cc:263]  0 in 0.000s
I20260807 13:00:30.303139 0x20b9da080 database_cache.cc:271] Building correspondence graph...
I20260807 13:00:30.321072 0x20b9da080 database_cache.cc:300]  in 0.018s (ignored 0)
I20260807 13:00:30.446732 0x20b9da080 database_cache.cc:72] Loading rigs...
I20260807 13:00:30.446759 0x20b9da080 database_cache.cc:82]  0 in 0.000s
I20260807 13:00:30.446767 0x20b9da080 database_cache.cc:90] Loading cameras...
I20260807 13:00:30.446816 0x20b9da080 database_cache.cc:108]  130 in 0.000s
I20260807 13:00:30.446821 0x20b9da080 database_cache.cc:116] Loading frames...
I20260807 13:00:30.446828 0x20b9da080 database_cache.cc:126]  0 in 0.000s
I20260807 13:00:30.446832 0x20b9da080 database_cache.cc:134] Loading matches...
I20260807 13:00:30.447676 0x20b9da080 database_cache.cc:139]  1258 in 0.001s
I20260807 13:00:30.447682 0x20b9da080 database_cache.cc:147] Loading images...
I20260807 13:00:30.456701 0x20b9da080 database_cache.cc:236]  130 in 0.009s (loaded all 130)
I20260807 13:00:30.456728 0x20b9da080 database_cache.cc:255] Loading pose priors...
I20260807 13:00:30.456746 0x20b9da080 database_cache.cc:263]  0 in 0.000s
I20260807 13:00:30.456750 0x20b9da080 database_cache.cc:271] Building correspondence graph...
I20260807 13:00:30.474683 0x20b9da080 database_cache.cc:300]  in 0.018s (ignored 0)
I20260807 13:00:30.555166 0x20b9da080 database_cache.cc:72] Loading rigs...
I20260807 13:00:30.555187 0x20b9da080 database_cache.cc:82]  0 in 0.000s
I20260807 13:00:30.555192 0x20b9da080 database_cache.cc:90] Loading cameras...
I20260807 13:00:30.555234 0x20b9da080 database_cache.cc:108]  131 in 0.000s
I20260807 13:00:30.555238 0x20b9da080 database_cache.cc:116] Loading frames...
I20260807 13:00:30.555245 0x20b9da080 database_cache.cc:126]  0 in 0.000s
I20260807 13:00:30.555248 0x20b9da080 database_cache.cc:134] Loading matches...
I20260807 13:00:30.556085 0x20b9da080 database_cache.cc:139]  1267 in 0.001s
I20260807 13:00:30.556090 0x20b9da080 database_cache.cc:147] Loading images...
I20260807 13:00:30.565493 0x20b9da080 database_cache.cc:236]  131 in 0.009s (loaded all 131)
I20260807 13:00:30.565525 0x20b9da080 database_cache.cc:255] Loading pose priors...
I20260807 13:00:30.565540 0x20b9da080 database_cache.cc:263]  0 in 0.000s
I20260807 13:00:30.565546 0x20b9da080 database_cache.cc:271] Building correspondence graph...
I20260807 13:00:30.583222 0x20b9da080 database_cache.cc:300]  in 0.018s (ignored 0)
I20260807 13:00:30.666752 0x20b9da080 database_cache.cc:72] Loading rigs...
I20260807 13:00:30.666777 0x20b9da080 database_cache.cc:82]  0 in 0.000s
I20260807 13:00:30.666785 0x20b9da080 database_cache.cc:90] Loading cameras...
I20260807 13:00:30.666827 0x20b9da080 database_cache.cc:108]  132 in 0.000s
I20260807 13:00:30.666832 0x20b9da080 database_cache.cc:116] Loading frames...
I20260807 13:00:30.666838 0x20b9da080 database_cache.cc:126]  0 in 0.000s
I20260807 13:00:30.666842 0x20b9da080 database_cache.cc:134] Loading matches...
I20260807 13:00:30.667664 0x20b9da080 database_cache.cc:139]  1276 in 0.001s
I20260807 13:00:30.667670 0x20b9da080 database_cache.cc:147] Loading images...
I20260807 13:00:30.677450 0x20b9da080 database_cache.cc:236]  132 in 0.010s (loaded all 132)
I20260807 13:00:30.677490 0x20b9da080 database_cache.cc:255] Loading pose priors...
I20260807 13:00:30.677511 0x20b9da080 database_cache.cc:263]  0 in 0.000s
I20260807 13:00:30.677521 0x20b9da080 database_cache.cc:271] Building correspondence graph...
I20260807 13:00:30.694941 0x20b9da080 database_cache.cc:300]  in 0.017s (ignored 0)
I20260807 13:00:30.782714 0x20b9da080 database_cache.cc:72] Loading rigs...
I20260807 13:00:30.782737 0x20b9da080 database_cache.cc:82]  0 in 0.000s
I20260807 13:00:30.782745 0x20b9da080 database_cache.cc:90] Loading cameras...
I20260807 13:00:30.782786 0x20b9da080 database_cache.cc:108]  133 in 0.000s
I20260807 13:00:30.782791 0x20b9da080 database_cache.cc:116] Loading frames...
I20260807 13:00:30.782798 0x20b9da080 database_cache.cc:126]  0 in 0.000s
I20260807 13:00:30.782802 0x20b9da080 database_cache.cc:134] Loading matches...
I20260807 13:00:30.783695 0x20b9da080 database_cache.cc:139]  1283 in 0.001s
I20260807 13:00:30.783701 0x20b9da080 database_cache.cc:147] Loading images...
I20260807 13:00:30.793265 0x20b9da080 database_cache.cc:236]  133 in 0.010s (loaded all 133)
I20260807 13:00:30.793292 0x20b9da080 database_cache.cc:255] Loading pose priors...
I20260807 13:00:30.793305 0x20b9da080 database_cache.cc:263]  0 in 0.000s
I20260807 13:00:30.793311 0x20b9da080 database_cache.cc:271] Building correspondence graph...
I20260807 13:00:30.810733 0x20b9da080 database_cache.cc:300]  in 0.017s (ignored 0)
I20260807 13:00:30.884453 0x20b9da080 database_cache.cc:72] Loading rigs...
I20260807 13:00:30.884475 0x20b9da080 database_cache.cc:82]  0 in 0.000s
I20260807 13:00:30.884484 0x20b9da080 database_cache.cc:90] Loading cameras...
I20260807 13:00:30.884531 0x20b9da080 database_cache.cc:108]  134 in 0.000s
I20260807 13:00:30.884535 0x20b9da080 database_cache.cc:116] Loading frames...
I20260807 13:00:30.884542 0x20b9da080 database_cache.cc:126]  0 in 0.000s
I20260807 13:00:30.884547 0x20b9da080 database_cache.cc:134] Loading matches...
I20260807 13:00:30.885422 0x20b9da080 database_cache.cc:139]  1287 in 0.001s
I20260807 13:00:30.885428 0x20b9da080 database_cache.cc:147] Loading images...
I20260807 13:00:30.894982 0x20b9da080 database_cache.cc:236]  134 in 0.010s (loaded all 134)
I20260807 13:00:30.895002 0x20b9da080 database_cache.cc:255] Loading pose priors...
I20260807 13:00:30.895015 0x20b9da080 database_cache.cc:263]  0 in 0.000s
I20260807 13:00:30.895020 0x20b9da080 database_cache.cc:271] Building correspondence graph...
I20260807 13:00:30.913134 0x20b9da080 database_cache.cc:300]  in 0.018s (ignored 0)
I20260807 13:00:31.037393 0x20b9da080 database_cache.cc:72] Loading rigs...
I20260807 13:00:31.037415 0x20b9da080 database_cache.cc:82]  0 in 0.000s
I20260807 13:00:31.037422 0x20b9da080 database_cache.cc:90] Loading cameras...
I20260807 13:00:31.037468 0x20b9da080 database_cache.cc:108]  135 in 0.000s
I20260807 13:00:31.037473 0x20b9da080 database_cache.cc:116] Loading frames...
I20260807 13:00:31.037479 0x20b9da080 database_cache.cc:126]  0 in 0.000s
I20260807 13:00:31.037483 0x20b9da080 database_cache.cc:134] Loading matches...
I20260807 13:00:31.040246 0x20b9da080 database_cache.cc:139]  1296 in 0.003s
I20260807 13:00:31.040270 0x20b9da080 database_cache.cc:147] Loading images...
I20260807 13:00:31.050680 0x20b9da080 database_cache.cc:236]  135 in 0.010s (loaded all 135)
I20260807 13:00:31.050712 0x20b9da080 database_cache.cc:255] Loading pose priors...
I20260807 13:00:31.050726 0x20b9da080 database_cache.cc:263]  0 in 0.000s
I20260807 13:00:31.050732 0x20b9da080 database_cache.cc:271] Building correspondence graph...
I20260807 13:00:31.068261 0x20b9da080 database_cache.cc:300]  in 0.018s (ignored 0)
I20260807 13:00:31.151738 0x20b9da080 database_cache.cc:72] Loading rigs...
I20260807 13:00:31.151757 0x20b9da080 database_cache.cc:82]  0 in 0.000s
I20260807 13:00:31.151762 0x20b9da080 database_cache.cc:90] Loading cameras...
I20260807 13:00:31.151803 0x20b9da080 database_cache.cc:108]  136 in 0.000s
I20260807 13:00:31.151808 0x20b9da080 database_cache.cc:116] Loading frames...
I20260807 13:00:31.151815 0x20b9da080 database_cache.cc:126]  0 in 0.000s
I20260807 13:00:31.151819 0x20b9da080 database_cache.cc:134] Loading matches...
I20260807 13:00:31.152634 0x20b9da080 database_cache.cc:139]  1301 in 0.001s
I20260807 13:00:31.152640 0x20b9da080 database_cache.cc:147] Loading images...
I20260807 13:00:31.163326 0x20b9da080 database_cache.cc:236]  136 in 0.011s (loaded all 136)
I20260807 13:00:31.163377 0x20b9da080 database_cache.cc:255] Loading pose priors...
I20260807 13:00:31.163406 0x20b9da080 database_cache.cc:263]  0 in 0.000s
I20260807 13:00:31.163412 0x20b9da080 database_cache.cc:271] Building correspondence graph...
I20260807 13:00:31.181257 0x20b9da080 database_cache.cc:300]  in 0.018s (ignored 0)
I20260807 13:00:31.192440 0x20b9da080 official_bundle_adjustment_ceres.cc:1434] [AETHER gravity] injected 2/2 roll/pitch anchors, sigma_rad=0.00872665
I20260807 13:00:31.193329 0x20b9da080 official_bundle_adjustment_ceres.cc:923] [AETHER] solver_used=DENSE_SCHUR sparse_backend=EIGEN_SPARSE dense_backend=EIGEN mixed=0 threads=1
I20260807 13:00:31.194878 0x20b9da080 official_bundle_adjustment_ceres.cc:1434] [AETHER gravity] injected 3/3 roll/pitch anchors, sigma_rad=0.00872665
I20260807 13:00:31.195802 0x20b9da080 official_bundle_adjustment_ceres.cc:923] [AETHER] solver_used=DENSE_SCHUR sparse_backend=EIGEN_SPARSE dense_backend=EIGEN mixed=0 threads=1
I20260807 13:00:31.279582 0x20b9da080 database_cache.cc:72] Loading rigs...
I20260807 13:00:31.279610 0x20b9da080 database_cache.cc:82]  0 in 0.000s
I20260807 13:00:31.279616 0x20b9da080 database_cache.cc:90] Loading cameras...
I20260807 13:00:31.279655 0x20b9da080 database_cache.cc:108]  137 in 0.000s
I20260807 13:00:31.279659 0x20b9da080 database_cache.cc:116] Loading frames...
I20260807 13:00:31.279666 0x20b9da080 database_cache.cc:126]  0 in 0.000s
I20260807 13:00:31.279669 0x20b9da080 database_cache.cc:134] Loading matches...
I20260807 13:00:31.280864 0x20b9da080 database_cache.cc:139]  1309 in 0.001s
I20260807 13:00:31.280871 0x20b9da080 database_cache.cc:147] Loading images...
I20260807 13:00:31.290522 0x20b9da080 database_cache.cc:236]  137 in 0.010s (loaded all 137)
I20260807 13:00:31.290555 0x20b9da080 database_cache.cc:255] Loading pose priors...
I20260807 13:00:31.290565 0x20b9da080 database_cache.cc:263]  0 in 0.000s
I20260807 13:00:31.290570 0x20b9da080 database_cache.cc:271] Building correspondence graph...
I20260807 13:00:31.308330 0x20b9da080 database_cache.cc:300]  in 0.018s (ignored 0)
I20260807 13:00:31.319641 0x20b9da080 official_bundle_adjustment_ceres.cc:1434] [AETHER gravity] injected 5/5 roll/pitch anchors, sigma_rad=0.00872665
I20260807 13:00:31.321437 0x20b9da080 official_bundle_adjustment_ceres.cc:923] [AETHER] solver_used=DENSE_SCHUR sparse_backend=EIGEN_SPARSE dense_backend=EIGEN mixed=0 threads=1
I20260807 13:00:31.323180 0x20b9da080 official_bundle_adjustment_ceres.cc:1434] [AETHER gravity] injected 5/5 roll/pitch anchors, sigma_rad=0.00872665
I20260807 13:00:31.324674 0x20b9da080 official_bundle_adjustment_ceres.cc:923] [AETHER] solver_used=DENSE_SCHUR sparse_backend=EIGEN_SPARSE dense_backend=EIGEN mixed=0 threads=1
I20260807 13:00:31.420053 0x20b9da080 database_cache.cc:72] Loading rigs...
I20260807 13:00:31.420082 0x20b9da080 database_cache.cc:82]  0 in 0.000s
I20260807 13:00:31.420090 0x20b9da080 database_cache.cc:90] Loading cameras...
I20260807 13:00:31.420134 0x20b9da080 database_cache.cc:108]  138 in 0.000s
I20260807 13:00:31.420139 0x20b9da080 database_cache.cc:116] Loading frames...
I20260807 13:00:31.420147 0x20b9da080 database_cache.cc:126]  0 in 0.000s
I20260807 13:00:31.420151 0x20b9da080 database_cache.cc:134] Loading matches...
I20260807 13:00:31.421002 0x20b9da080 database_cache.cc:139]  1311 in 0.001s
I20260807 13:00:31.421009 0x20b9da080 database_cache.cc:147] Loading images...
I20260807 13:00:31.430722 0x20b9da080 database_cache.cc:236]  138 in 0.010s (loaded all 138)
I20260807 13:00:31.430745 0x20b9da080 database_cache.cc:255] Loading pose priors...
I20260807 13:00:31.430758 0x20b9da080 database_cache.cc:263]  0 in 0.000s
I20260807 13:00:31.430763 0x20b9da080 database_cache.cc:271] Building correspondence graph...
I20260807 13:00:31.447989 0x20b9da080 database_cache.cc:300]  in 0.017s (ignored 0)
I20260807 13:00:31.459026 0x20b9da080 official_bundle_adjustment_ceres.cc:1434] [AETHER gravity] injected 3/3 roll/pitch anchors, sigma_rad=0.00872665
I20260807 13:00:31.461384 0x20b9da080 official_bundle_adjustment_ceres.cc:923] [AETHER] solver_used=DENSE_SCHUR sparse_backend=EIGEN_SPARSE dense_backend=EIGEN mixed=0 threads=1
I20260807 13:00:31.463079 0x20b9da080 official_bundle_adjustment_ceres.cc:1434] [AETHER gravity] injected 3/3 roll/pitch anchors, sigma_rad=0.00872665
I20260807 13:00:31.464466 0x20b9da080 official_bundle_adjustment_ceres.cc:923] [AETHER] solver_used=DENSE_SCHUR sparse_backend=EIGEN_SPARSE dense_backend=EIGEN mixed=0 threads=1
I20260807 13:00:31.559181 0x20b9da080 database_cache.cc:72] Loading rigs...
I20260807 13:00:31.559208 0x20b9da080 database_cache.cc:82]  0 in 0.000s
I20260807 13:00:31.559232 0x20b9da080 database_cache.cc:90] Loading cameras...
I20260807 13:00:31.559331 0x20b9da080 database_cache.cc:108]  139 in 0.000s
I20260807 13:00:31.559359 0x20b9da080 database_cache.cc:116] Loading frames...
I20260807 13:00:31.559411 0x20b9da080 database_cache.cc:126]  0 in 0.000s
I20260807 13:00:31.559416 0x20b9da080 database_cache.cc:134] Loading matches...
I20260807 13:00:31.565207 0x20b9da080 database_cache.cc:139]  1314 in 0.006s
I20260807 13:00:31.565230 0x20b9da080 database_cache.cc:147] Loading images...
I20260807 13:00:31.606159 0x20b9da080 database_cache.cc:236]  139 in 0.041s (loaded all 139)
I20260807 13:00:31.606320 0x20b9da080 database_cache.cc:255] Loading pose priors...
I20260807 13:00:31.606432 0x20b9da080 database_cache.cc:263]  0 in 0.000s
I20260807 13:00:31.606487 0x20b9da080 database_cache.cc:271] Building correspondence graph...
I20260807 13:00:31.627746 0x20b9da080 database_cache.cc:300]  in 0.021s (ignored 0)
I20260807 13:00:31.639473 0x20b9da080 official_bundle_adjustment_ceres.cc:1434] [AETHER gravity] injected 2/2 roll/pitch anchors, sigma_rad=0.00872665
W20260807 13:00:31.640137 0x20b9da080 levenberg_marquardt_strategy.cc:123] Linear solver failure. Failed to compute a step: Eigen failure. Unable to perform dense Cholesky factorization.
W20260807 13:00:31.640230 0x20b9da080 levenberg_marquardt_strategy.cc:123] Linear solver failure. Failed to compute a step: Eigen failure. Unable to perform dense Cholesky factorization.
W20260807 13:00:31.640646 0x20b9da080 levenberg_marquardt_strategy.cc:123] Linear solver failure. Failed to compute a step: Eigen failure. Unable to perform dense Cholesky factorization.
W20260807 13:00:31.640727 0x20b9da080 levenberg_marquardt_strategy.cc:123] Linear solver failure. Failed to compute a step: Eigen failure. Unable to perform dense Cholesky factorization.
W20260807 13:00:31.640744 0x20b9da080 levenberg_marquardt_strategy.cc:123] Linear solver failure. Failed to compute a step: Eigen failure. Unable to perform dense Cholesky factorization.
W20260807 13:00:31.640760 0x20b9da080 levenberg_marquardt_strategy.cc:123] Linear solver failure. Failed to compute a step: Eigen failure. Unable to perform dense Cholesky factorization.
I20260807 13:00:31.640826 0x20b9da080 official_bundle_adjustment_ceres.cc:923] [AETHER] solver_used=DENSE_SCHUR sparse_backend=EIGEN_SPARSE dense_backend=EIGEN mixed=0 threads=1
I20260807 13:00:31.643524 0x20b9da080 official_bundle_adjustment_ceres.cc:1434] [AETHER gravity] injected 2/2 roll/pitch anchors, sigma_rad=0.00872665
I20260807 13:00:31.643676 0x20b9da080 official_bundle_adjustment_ceres.cc:923] [AETHER] solver_used=DENSE_SCHUR sparse_backend=EIGEN_SPARSE dense_backend=EIGEN mixed=0 threads=1
I20260807 13:00:31.804045 0x20b9da080 database_cache.cc:72] Loading rigs...
I20260807 13:00:31.804077 0x20b9da080 database_cache.cc:82]  0 in 0.000s
I20260807 13:00:31.804087 0x20b9da080 database_cache.cc:90] Loading cameras...
I20260807 13:00:31.804144 0x20b9da080 database_cache.cc:108]  140 in 0.000s
I20260807 13:00:31.804150 0x20b9da080 database_cache.cc:116] Loading frames...
I20260807 13:00:31.804159 0x20b9da080 database_cache.cc:126]  0 in 0.000s
I20260807 13:00:31.804164 0x20b9da080 database_cache.cc:134] Loading matches...
I20260807 13:00:31.805027 0x20b9da080 database_cache.cc:139]  1317 in 0.001s
I20260807 13:00:31.805033 0x20b9da080 database_cache.cc:147] Loading images...
I20260807 13:00:31.815502 0x20b9da080 database_cache.cc:236]  140 in 0.010s (loaded all 140)
I20260807 13:00:31.815523 0x20b9da080 database_cache.cc:255] Loading pose priors...
I20260807 13:00:31.815539 0x20b9da080 database_cache.cc:263]  0 in 0.000s
I20260807 13:00:31.815546 0x20b9da080 database_cache.cc:271] Building correspondence graph...
I20260807 13:00:31.833851 0x20b9da080 database_cache.cc:300]  in 0.018s (ignored 0)
I20260807 13:00:31.916639 0x20b9da080 database_cache.cc:72] Loading rigs...
I20260807 13:00:31.916667 0x20b9da080 database_cache.cc:82]  0 in 0.000s
I20260807 13:00:31.916675 0x20b9da080 database_cache.cc:90] Loading cameras...
I20260807 13:00:31.916715 0x20b9da080 database_cache.cc:108]  141 in 0.000s
I20260807 13:00:31.916720 0x20b9da080 database_cache.cc:116] Loading frames...
I20260807 13:00:31.916727 0x20b9da080 database_cache.cc:126]  0 in 0.000s
I20260807 13:00:31.916731 0x20b9da080 database_cache.cc:134] Loading matches...
I20260807 13:00:31.917617 0x20b9da080 database_cache.cc:139]  1320 in 0.001s
I20260807 13:00:31.917627 0x20b9da080 database_cache.cc:147] Loading images...
I20260807 13:00:31.928069 0x20b9da080 database_cache.cc:236]  141 in 0.010s (loaded all 141)
I20260807 13:00:31.928097 0x20b9da080 database_cache.cc:255] Loading pose priors...
I20260807 13:00:31.928113 0x20b9da080 database_cache.cc:263]  0 in 0.000s
I20260807 13:00:31.928119 0x20b9da080 database_cache.cc:271] Building correspondence graph...
I20260807 13:00:31.946014 0x20b9da080 database_cache.cc:300]  in 0.018s (ignored 0)
I20260807 13:00:32.044487 0x20b9da080 database_cache.cc:72] Loading rigs...
I20260807 13:00:32.044512 0x20b9da080 database_cache.cc:82]  0 in 0.000s
I20260807 13:00:32.044519 0x20b9da080 database_cache.cc:90] Loading cameras...
I20260807 13:00:32.044562 0x20b9da080 database_cache.cc:108]  142 in 0.000s
I20260807 13:00:32.044566 0x20b9da080 database_cache.cc:116] Loading frames...
I20260807 13:00:32.044573 0x20b9da080 database_cache.cc:126]  0 in 0.000s
I20260807 13:00:32.044577 0x20b9da080 database_cache.cc:134] Loading matches...
I20260807 13:00:32.045422 0x20b9da080 database_cache.cc:139]  1324 in 0.001s
I20260807 13:00:32.045428 0x20b9da080 database_cache.cc:147] Loading images...
I20260807 13:00:32.055827 0x20b9da080 database_cache.cc:236]  142 in 0.010s (loaded all 142)
I20260807 13:00:32.055856 0x20b9da080 database_cache.cc:255] Loading pose priors...
I20260807 13:00:32.055871 0x20b9da080 database_cache.cc:263]  0 in 0.000s
I20260807 13:00:32.055877 0x20b9da080 database_cache.cc:271] Building correspondence graph...
I20260807 13:00:32.075492 0x20b9da080 database_cache.cc:300]  in 0.020s (ignored 0)
I20260807 13:00:32.088121 0x20b9da080 official_bundle_adjustment_ceres.cc:1434] [AETHER gravity] injected 2/2 roll/pitch anchors, sigma_rad=0.00872665
I20260807 13:00:32.091162 0x20b9da080 official_bundle_adjustment_ceres.cc:923] [AETHER] solver_used=DENSE_SCHUR sparse_backend=EIGEN_SPARSE dense_backend=EIGEN mixed=0 threads=1
I20260807 13:00:32.094730 0x20b9da080 official_bundle_adjustment_ceres.cc:1434] [AETHER gravity] injected 2/2 roll/pitch anchors, sigma_rad=0.00872665
I20260807 13:00:32.095982 0x20b9da080 official_bundle_adjustment_ceres.cc:923] [AETHER] solver_used=DENSE_SCHUR sparse_backend=EIGEN_SPARSE dense_backend=EIGEN mixed=0 threads=1
I20260807 13:00:32.208911 0x20b9da080 database_cache.cc:72] Loading rigs...
I20260807 13:00:32.208934 0x20b9da080 database_cache.cc:82]  0 in 0.000s
I20260807 13:00:32.208941 0x20b9da080 database_cache.cc:90] Loading cameras...
I20260807 13:00:32.208992 0x20b9da080 database_cache.cc:108]  143 in 0.000s
I20260807 13:00:32.208997 0x20b9da080 database_cache.cc:116] Loading frames...
I20260807 13:00:32.209005 0x20b9da080 database_cache.cc:126]  0 in 0.000s
I20260807 13:00:32.209010 0x20b9da080 database_cache.cc:134] Loading matches...
I20260807 13:00:32.209989 0x20b9da080 database_cache.cc:139]  1335 in 0.001s
I20260807 13:00:32.210005 0x20b9da080 database_cache.cc:147] Loading images...
I20260807 13:00:32.220173 0x20b9da080 database_cache.cc:236]  143 in 0.010s (loaded all 143)
I20260807 13:00:32.220194 0x20b9da080 database_cache.cc:255] Loading pose priors...
I20260807 13:00:32.220206 0x20b9da080 database_cache.cc:263]  0 in 0.000s
I20260807 13:00:32.220210 0x20b9da080 database_cache.cc:271] Building correspondence graph...
I20260807 13:00:32.238479 0x20b9da080 database_cache.cc:300]  in 0.018s (ignored 0)
I20260807 13:00:32.251732 0x20b9da080 official_bundle_adjustment_ceres.cc:1434] [AETHER gravity] injected 2/2 roll/pitch anchors, sigma_rad=0.00872665
I20260807 13:00:32.257868 0x20b9da080 official_bundle_adjustment_ceres.cc:923] [AETHER] solver_used=DENSE_SCHUR sparse_backend=EIGEN_SPARSE dense_backend=EIGEN mixed=0 threads=1
I20260807 13:00:32.261199 0x20b9da080 official_bundle_adjustment_ceres.cc:1434] [AETHER gravity] injected 2/2 roll/pitch anchors, sigma_rad=0.00872665
I20260807 13:00:32.262005 0x20b9da080 official_bundle_adjustment_ceres.cc:923] [AETHER] solver_used=DENSE_SCHUR sparse_backend=EIGEN_SPARSE dense_backend=EIGEN mixed=0 threads=1
I20260807 13:00:32.388709 0x20b9da080 database_cache.cc:72] Loading rigs...
I20260807 13:00:32.388730 0x20b9da080 database_cache.cc:82]  0 in 0.000s
I20260807 13:00:32.388737 0x20b9da080 database_cache.cc:90] Loading cameras...
I20260807 13:00:32.388779 0x20b9da080 database_cache.cc:108]  144 in 0.000s
I20260807 13:00:32.388783 0x20b9da080 database_cache.cc:116] Loading frames...
I20260807 13:00:32.388790 0x20b9da080 database_cache.cc:126]  0 in 0.000s
I20260807 13:00:32.388794 0x20b9da080 database_cache.cc:134] Loading matches...
I20260807 13:00:32.389656 0x20b9da080 database_cache.cc:139]  1347 in 0.001s
I20260807 13:00:32.389662 0x20b9da080 database_cache.cc:147] Loading images...
I20260807 13:00:32.400974 0x20b9da080 database_cache.cc:236]  144 in 0.011s (loaded all 144)
I20260807 13:00:32.401004 0x20b9da080 database_cache.cc:255] Loading pose priors...
I20260807 13:00:32.401015 0x20b9da080 database_cache.cc:263]  0 in 0.000s
I20260807 13:00:32.401021 0x20b9da080 database_cache.cc:271] Building correspondence graph...
I20260807 13:00:32.419978 0x20b9da080 database_cache.cc:300]  in 0.019s (ignored 0)
I20260807 13:00:32.433980 0x20b9da080 official_bundle_adjustment_ceres.cc:1434] [AETHER gravity] injected 5/5 roll/pitch anchors, sigma_rad=0.00872665
I20260807 13:00:32.469087 0x20b9da080 official_bundle_adjustment_ceres.cc:923] [AETHER] solver_used=DENSE_SCHUR sparse_backend=EIGEN_SPARSE dense_backend=EIGEN mixed=0 threads=6
I20260807 13:00:32.473010 0x20b9da080 official_bundle_adjustment_ceres.cc:1434] [AETHER gravity] injected 3/3 roll/pitch anchors, sigma_rad=0.00872665
I20260807 13:00:32.475080 0x20b9da080 official_bundle_adjustment_ceres.cc:923] [AETHER] solver_used=DENSE_SCHUR sparse_backend=EIGEN_SPARSE dense_backend=EIGEN mixed=0 threads=1
I20260807 13:00:32.697437 0x20b9da080 database_cache.cc:72] Loading rigs...
I20260807 13:00:32.697463 0x20b9da080 database_cache.cc:82]  0 in 0.000s
I20260807 13:00:32.697469 0x20b9da080 database_cache.cc:90] Loading cameras...
I20260807 13:00:32.697515 0x20b9da080 database_cache.cc:108]  145 in 0.000s
I20260807 13:00:32.697520 0x20b9da080 database_cache.cc:116] Loading frames...
I20260807 13:00:32.697527 0x20b9da080 database_cache.cc:126]  0 in 0.000s
I20260807 13:00:32.697531 0x20b9da080 database_cache.cc:134] Loading matches...
I20260807 13:00:32.698939 0x20b9da080 database_cache.cc:139]  1360 in 0.001s
I20260807 13:00:32.698953 0x20b9da080 database_cache.cc:147] Loading images...
I20260807 13:00:32.710240 0x20b9da080 database_cache.cc:236]  145 in 0.011s (loaded all 145)
I20260807 13:00:32.710314 0x20b9da080 database_cache.cc:255] Loading pose priors...
I20260807 13:00:32.710345 0x20b9da080 database_cache.cc:263]  0 in 0.000s
I20260807 13:00:32.710352 0x20b9da080 database_cache.cc:271] Building correspondence graph...
I20260807 13:00:32.728515 0x20b9da080 database_cache.cc:300]  in 0.018s (ignored 0)
I20260807 13:00:32.742004 0x20b9da080 official_bundle_adjustment_ceres.cc:1434] [AETHER gravity] injected 4/4 roll/pitch anchors, sigma_rad=0.00872665
I20260807 13:00:32.759428 0x20b9da080 official_bundle_adjustment_ceres.cc:923] [AETHER] solver_used=DENSE_SCHUR sparse_backend=EIGEN_SPARSE dense_backend=EIGEN mixed=0 threads=1
I20260807 13:00:32.764408 0x20b9da080 official_bundle_adjustment_ceres.cc:1434] [AETHER gravity] injected 3/3 roll/pitch anchors, sigma_rad=0.00872665
I20260807 13:00:32.779062 0x20b9da080 official_bundle_adjustment_ceres.cc:923] [AETHER] solver_used=DENSE_SCHUR sparse_backend=EIGEN_SPARSE dense_backend=EIGEN mixed=0 threads=1
I20260807 13:00:32.920022 0x20b9da080 database_cache.cc:72] Loading rigs...
I20260807 13:00:32.920045 0x20b9da080 database_cache.cc:82]  0 in 0.000s
I20260807 13:00:32.920053 0x20b9da080 database_cache.cc:90] Loading cameras...
I20260807 13:00:32.920440 0x20b9da080 database_cache.cc:108]  146 in 0.000s
I20260807 13:00:32.920449 0x20b9da080 database_cache.cc:116] Loading frames...
I20260807 13:00:32.920456 0x20b9da080 database_cache.cc:126]  0 in 0.000s
I20260807 13:00:32.920460 0x20b9da080 database_cache.cc:134] Loading matches...
I20260807 13:00:32.924460 0x20b9da080 database_cache.cc:139]  1372 in 0.004s
I20260807 13:00:32.924492 0x20b9da080 database_cache.cc:147] Loading images...
I20260807 13:00:32.935471 0x20b9da080 database_cache.cc:236]  146 in 0.011s (loaded all 146)
I20260807 13:00:32.935497 0x20b9da080 database_cache.cc:255] Loading pose priors...
I20260807 13:00:32.935510 0x20b9da080 database_cache.cc:263]  0 in 0.000s
I20260807 13:00:32.935515 0x20b9da080 database_cache.cc:271] Building correspondence graph...
I20260807 13:00:32.955971 0x20b9da080 database_cache.cc:300]  in 0.020s (ignored 0)
I20260807 13:00:32.969198 0x20b9da080 official_bundle_adjustment_ceres.cc:1434] [AETHER gravity] injected 4/4 roll/pitch anchors, sigma_rad=0.00872665
I20260807 13:00:32.971546 0x20b9da080 official_bundle_adjustment_ceres.cc:923] [AETHER] solver_used=DENSE_SCHUR sparse_backend=EIGEN_SPARSE dense_backend=EIGEN mixed=0 threads=1
I20260807 13:00:32.974899 0x20b9da080 official_bundle_adjustment_ceres.cc:1434] [AETHER gravity] injected 4/4 roll/pitch anchors, sigma_rad=0.00872665
I20260807 13:00:32.975650 0x20b9da080 official_bundle_adjustment_ceres.cc:923] [AETHER] solver_used=DENSE_SCHUR sparse_backend=EIGEN_SPARSE dense_backend=EIGEN mixed=0 threads=1
I20260807 13:00:33.142033 0x20b9da080 database_cache.cc:72] Loading rigs...
I20260807 13:00:33.142083 0x20b9da080 database_cache.cc:82]  0 in 0.000s
I20260807 13:00:33.142093 0x20b9da080 database_cache.cc:90] Loading cameras...
I20260807 13:00:33.142151 0x20b9da080 database_cache.cc:108]  147 in 0.000s
I20260807 13:00:33.142156 0x20b9da080 database_cache.cc:116] Loading frames...
I20260807 13:00:33.142164 0x20b9da080 database_cache.cc:126]  0 in 0.000s
I20260807 13:00:33.142168 0x20b9da080 database_cache.cc:134] Loading matches...
I20260807 13:00:33.143159 0x20b9da080 database_cache.cc:139]  1384 in 0.001s
I20260807 13:00:33.143165 0x20b9da080 database_cache.cc:147] Loading images...
I20260807 13:00:33.153462 0x20b9da080 database_cache.cc:236]  147 in 0.010s (loaded all 147)
I20260807 13:00:33.153488 0x20b9da080 database_cache.cc:255] Loading pose priors...
I20260807 13:00:33.153506 0x20b9da080 database_cache.cc:263]  0 in 0.000s
I20260807 13:00:33.153513 0x20b9da080 database_cache.cc:271] Building correspondence graph...
I20260807 13:00:33.172391 0x20b9da080 database_cache.cc:300]  in 0.019s (ignored 0)
I20260807 13:00:33.186241 0x20b9da080 official_bundle_adjustment_ceres.cc:1434] [AETHER gravity] injected 4/4 roll/pitch anchors, sigma_rad=0.00872665
I20260807 13:00:33.187198 0x20b9da080 official_bundle_adjustment_ceres.cc:923] [AETHER] solver_used=DENSE_SCHUR sparse_backend=EIGEN_SPARSE dense_backend=EIGEN mixed=0 threads=1
I20260807 13:00:33.191147 0x20b9da080 official_bundle_adjustment_ceres.cc:1434] [AETHER gravity] injected 5/5 roll/pitch anchors, sigma_rad=0.00872665
I20260807 13:00:33.192461 0x20b9da080 official_bundle_adjustment_ceres.cc:923] [AETHER] solver_used=DENSE_SCHUR sparse_backend=EIGEN_SPARSE dense_backend=EIGEN mixed=0 threads=1
I20260807 13:00:33.389557 0x20b9da080 database_cache.cc:72] Loading rigs...
I20260807 13:00:33.389577 0x20b9da080 database_cache.cc:82]  0 in 0.000s
I20260807 13:00:33.389583 0x20b9da080 database_cache.cc:90] Loading cameras...
I20260807 13:00:33.389626 0x20b9da080 database_cache.cc:108]  148 in 0.000s
I20260807 13:00:33.389630 0x20b9da080 database_cache.cc:116] Loading frames...
I20260807 13:00:33.389637 0x20b9da080 database_cache.cc:126]  0 in 0.000s
I20260807 13:00:33.389641 0x20b9da080 database_cache.cc:134] Loading matches...
I20260807 13:00:33.392482 0x20b9da080 database_cache.cc:139]  1395 in 0.003s
I20260807 13:00:33.392502 0x20b9da080 database_cache.cc:147] Loading images...
I20260807 13:00:33.405934 0x20b9da080 database_cache.cc:236]  148 in 0.013s (loaded all 148)
I20260807 13:00:33.405965 0x20b9da080 database_cache.cc:255] Loading pose priors...
I20260807 13:00:33.405980 0x20b9da080 database_cache.cc:263]  0 in 0.000s
I20260807 13:00:33.405985 0x20b9da080 database_cache.cc:271] Building correspondence graph...
I20260807 13:00:33.424877 0x20b9da080 database_cache.cc:300]  in 0.019s (ignored 0)
I20260807 13:00:33.439765 0x20b9da080 official_bundle_adjustment_ceres.cc:1434] [AETHER gravity] injected 2/2 roll/pitch anchors, sigma_rad=0.00872665
W20260807 13:00:33.440678 0x20b9da080 levenberg_marquardt_strategy.cc:123] Linear solver failure. Failed to compute a step: Eigen failure. Unable to perform dense Cholesky factorization.
W20260807 13:00:33.440892 0x20b9da080 levenberg_marquardt_strategy.cc:123] Linear solver failure. Failed to compute a step: Eigen failure. Unable to perform dense Cholesky factorization.
W20260807 13:00:33.440916 0x20b9da080 levenberg_marquardt_strategy.cc:123] Linear solver failure. Failed to compute a step: Eigen failure. Unable to perform dense Cholesky factorization.
W20260807 13:00:33.441155 0x20b9da080 levenberg_marquardt_strategy.cc:123] Linear solver failure. Failed to compute a step: Eigen failure. Unable to perform dense Cholesky factorization.
W20260807 13:00:33.441394 0x20b9da080 levenberg_marquardt_strategy.cc:123] Linear solver failure. Failed to compute a step: Eigen failure. Unable to perform dense Cholesky factorization.
W20260807 13:00:33.442869 0x20b9da080 levenberg_marquardt_strategy.cc:123] Linear solver failure. Failed to compute a step: Eigen failure. Unable to perform dense Cholesky factorization.
I20260807 13:00:33.446441 0x20b9da080 official_bundle_adjustment_ceres.cc:923] [AETHER] solver_used=DENSE_SCHUR sparse_backend=EIGEN_SPARSE dense_backend=EIGEN mixed=0 threads=1
I20260807 13:00:33.451182 0x20b9da080 official_bundle_adjustment_ceres.cc:1434] [AETHER gravity] injected 2/2 roll/pitch anchors, sigma_rad=0.00872665
I20260807 13:00:33.451359 0x20b9da080 official_bundle_adjustment_ceres.cc:923] [AETHER] solver_used=DENSE_SCHUR sparse_backend=EIGEN_SPARSE dense_backend=EIGEN mixed=0 threads=1
I20260807 13:00:33.686102 0x20b9da080 database_cache.cc:72] Loading rigs...
I20260807 13:00:33.686122 0x20b9da080 database_cache.cc:82]  0 in 0.000s
I20260807 13:00:33.686127 0x20b9da080 database_cache.cc:90] Loading cameras...
I20260807 13:00:33.686176 0x20b9da080 database_cache.cc:108]  149 in 0.000s
I20260807 13:00:33.686180 0x20b9da080 database_cache.cc:116] Loading frames...
I20260807 13:00:33.686187 0x20b9da080 database_cache.cc:126]  0 in 0.000s
I20260807 13:00:33.686191 0x20b9da080 database_cache.cc:134] Loading matches...
I20260807 13:00:33.687580 0x20b9da080 database_cache.cc:139]  1407 in 0.001s
I20260807 13:00:33.687588 0x20b9da080 database_cache.cc:147] Loading images...
I20260807 13:00:33.698393 0x20b9da080 database_cache.cc:236]  149 in 0.011s (loaded all 149)
I20260807 13:00:33.698437 0x20b9da080 database_cache.cc:255] Loading pose priors...
I20260807 13:00:33.698458 0x20b9da080 database_cache.cc:263]  0 in 0.000s
I20260807 13:00:33.698464 0x20b9da080 database_cache.cc:271] Building correspondence graph...
I20260807 13:00:33.717750 0x20b9da080 database_cache.cc:300]  in 0.019s (ignored 0)
I20260807 13:00:33.996641 0x20b9da080 database_cache.cc:72] Loading rigs...
I20260807 13:00:33.996664 0x20b9da080 database_cache.cc:82]  0 in 0.000s
I20260807 13:00:33.996670 0x20b9da080 database_cache.cc:90] Loading cameras...
I20260807 13:00:33.996720 0x20b9da080 database_cache.cc:108]  150 in 0.000s
I20260807 13:00:33.996725 0x20b9da080 database_cache.cc:116] Loading frames...
I20260807 13:00:33.996732 0x20b9da080 database_cache.cc:126]  0 in 0.000s
I20260807 13:00:33.996736 0x20b9da080 database_cache.cc:134] Loading matches...
I20260807 13:00:33.997662 0x20b9da080 database_cache.cc:139]  1419 in 0.001s
I20260807 13:00:33.997669 0x20b9da080 database_cache.cc:147] Loading images...
I20260807 13:00:34.008901 0x20b9da080 database_cache.cc:236]  150 in 0.011s (loaded all 150)
I20260807 13:00:34.008989 0x20b9da080 database_cache.cc:255] Loading pose priors...
I20260807 13:00:34.009017 0x20b9da080 database_cache.cc:263]  0 in 0.000s
I20260807 13:00:34.009026 0x20b9da080 database_cache.cc:271] Building correspondence graph...
I20260807 13:00:34.029692 0x20b9da080 database_cache.cc:300]  in 0.021s (ignored 0)
  fed 150/201 frames (last n_kp=8192)
I20260807 13:00:34.217624 0x20b9da080 database_cache.cc:72] Loading rigs...
I20260807 13:00:34.217652 0x20b9da080 database_cache.cc:82]  0 in 0.000s
I20260807 13:00:34.217659 0x20b9da080 database_cache.cc:90] Loading cameras...
I20260807 13:00:34.217707 0x20b9da080 database_cache.cc:108]  151 in 0.000s
I20260807 13:00:34.217712 0x20b9da080 database_cache.cc:116] Loading frames...
I20260807 13:00:34.217720 0x20b9da080 database_cache.cc:126]  0 in 0.000s
I20260807 13:00:34.217724 0x20b9da080 database_cache.cc:134] Loading matches...
I20260807 13:00:34.218675 0x20b9da080 database_cache.cc:139]  1430 in 0.001s
I20260807 13:00:34.218687 0x20b9da080 database_cache.cc:147] Loading images...
I20260807 13:00:34.230096 0x20b9da080 database_cache.cc:236]  151 in 0.011s (loaded all 151)
I20260807 13:00:34.230134 0x20b9da080 database_cache.cc:255] Loading pose priors...
I20260807 13:00:34.230150 0x20b9da080 database_cache.cc:263]  0 in 0.000s
I20260807 13:00:34.230156 0x20b9da080 database_cache.cc:271] Building correspondence graph...
I20260807 13:00:34.250547 0x20b9da080 database_cache.cc:300]  in 0.020s (ignored 0)
I20260807 13:00:34.468858 0x20b9da080 database_cache.cc:72] Loading rigs...
I20260807 13:00:34.468881 0x20b9da080 database_cache.cc:82]  0 in 0.000s
I20260807 13:00:34.468888 0x20b9da080 database_cache.cc:90] Loading cameras...
I20260807 13:00:34.468931 0x20b9da080 database_cache.cc:108]  152 in 0.000s
I20260807 13:00:34.468936 0x20b9da080 database_cache.cc:116] Loading frames...
I20260807 13:00:34.468942 0x20b9da080 database_cache.cc:126]  0 in 0.000s
I20260807 13:00:34.468946 0x20b9da080 database_cache.cc:134] Loading matches...
I20260807 13:00:34.469873 0x20b9da080 database_cache.cc:139]  1441 in 0.001s
I20260807 13:00:34.469878 0x20b9da080 database_cache.cc:147] Loading images...
I20260807 13:00:34.480876 0x20b9da080 database_cache.cc:236]  152 in 0.011s (loaded all 152)
I20260807 13:00:34.480899 0x20b9da080 database_cache.cc:255] Loading pose priors...
I20260807 13:00:34.480913 0x20b9da080 database_cache.cc:263]  0 in 0.000s
I20260807 13:00:34.480917 0x20b9da080 database_cache.cc:271] Building correspondence graph...
I20260807 13:00:34.500957 0x20b9da080 database_cache.cc:300]  in 0.020s (ignored 0)
I20260807 13:00:34.518425 0x20b9da080 official_bundle_adjustment_ceres.cc:1434] [AETHER gravity] injected 4/4 roll/pitch anchors, sigma_rad=0.00872665
I20260807 13:00:34.519206 0x20b9da080 official_bundle_adjustment_ceres.cc:923] [AETHER] solver_used=DENSE_SCHUR sparse_backend=EIGEN_SPARSE dense_backend=EIGEN mixed=0 threads=1
I20260807 13:00:34.525863 0x20b9da080 official_bundle_adjustment_ceres.cc:1434] [AETHER gravity] injected 4/4 roll/pitch anchors, sigma_rad=0.00872665
I20260807 13:00:34.526466 0x20b9da080 official_bundle_adjustment_ceres.cc:923] [AETHER] solver_used=DENSE_SCHUR sparse_backend=EIGEN_SPARSE dense_backend=EIGEN mixed=0 threads=1
I20260807 13:00:34.780987 0x20b9da080 database_cache.cc:72] Loading rigs...
I20260807 13:00:34.781013 0x20b9da080 database_cache.cc:82]  0 in 0.000s
I20260807 13:00:34.781018 0x20b9da080 database_cache.cc:90] Loading cameras...
I20260807 13:00:34.781062 0x20b9da080 database_cache.cc:108]  153 in 0.000s
I20260807 13:00:34.781066 0x20b9da080 database_cache.cc:116] Loading frames...
I20260807 13:00:34.781073 0x20b9da080 database_cache.cc:126]  0 in 0.000s
I20260807 13:00:34.781077 0x20b9da080 database_cache.cc:134] Loading matches...
I20260807 13:00:34.781993 0x20b9da080 database_cache.cc:139]  1451 in 0.001s
I20260807 13:00:34.781999 0x20b9da080 database_cache.cc:147] Loading images...
I20260807 13:00:34.793211 0x20b9da080 database_cache.cc:236]  153 in 0.011s (loaded all 153)
I20260807 13:00:34.793262 0x20b9da080 database_cache.cc:255] Loading pose priors...
I20260807 13:00:34.793282 0x20b9da080 database_cache.cc:263]  0 in 0.000s
I20260807 13:00:34.793292 0x20b9da080 database_cache.cc:271] Building correspondence graph...
I20260807 13:00:34.813014 0x20b9da080 database_cache.cc:300]  in 0.020s (ignored 0)
I20260807 13:00:34.828198 0x20b9da080 official_bundle_adjustment_ceres.cc:1434] [AETHER gravity] injected 4/4 roll/pitch anchors, sigma_rad=0.00872665
I20260807 13:00:34.830529 0x20b9da080 official_bundle_adjustment_ceres.cc:923] [AETHER] solver_used=DENSE_SCHUR sparse_backend=EIGEN_SPARSE dense_backend=EIGEN mixed=0 threads=1
I20260807 13:00:34.835477 0x20b9da080 official_bundle_adjustment_ceres.cc:1434] [AETHER gravity] injected 5/5 roll/pitch anchors, sigma_rad=0.00872665
I20260807 13:00:34.843084 0x20b9da080 official_bundle_adjustment_ceres.cc:923] [AETHER] solver_used=DENSE_SCHUR sparse_backend=EIGEN_SPARSE dense_backend=EIGEN mixed=0 threads=1
I20260807 13:00:35.033389 0x20b9da080 database_cache.cc:72] Loading rigs...
I20260807 13:00:35.033414 0x20b9da080 database_cache.cc:82]  0 in 0.000s
I20260807 13:00:35.033422 0x20b9da080 database_cache.cc:90] Loading cameras...
I20260807 13:00:35.033465 0x20b9da080 database_cache.cc:108]  154 in 0.000s
I20260807 13:00:35.033470 0x20b9da080 database_cache.cc:116] Loading frames...
I20260807 13:00:35.033476 0x20b9da080 database_cache.cc:126]  0 in 0.000s
I20260807 13:00:35.033480 0x20b9da080 database_cache.cc:134] Loading matches...
I20260807 13:00:35.034400 0x20b9da080 database_cache.cc:139]  1462 in 0.001s
I20260807 13:00:35.034406 0x20b9da080 database_cache.cc:147] Loading images...
I20260807 13:00:35.045548 0x20b9da080 database_cache.cc:236]  154 in 0.011s (loaded all 154)
I20260807 13:00:35.045578 0x20b9da080 database_cache.cc:255] Loading pose priors...
I20260807 13:00:35.045595 0x20b9da080 database_cache.cc:263]  0 in 0.000s
I20260807 13:00:35.045599 0x20b9da080 database_cache.cc:271] Building correspondence graph...
I20260807 13:00:35.065265 0x20b9da080 database_cache.cc:300]  in 0.020s (ignored 0)
I20260807 13:00:35.082026 0x20b9da080 official_bundle_adjustment_ceres.cc:1434] [AETHER gravity] injected 2/2 roll/pitch anchors, sigma_rad=0.00872665
I20260807 13:00:35.093466 0x20b9da080 official_bundle_adjustment_ceres.cc:923] [AETHER] solver_used=DENSE_SCHUR sparse_backend=EIGEN_SPARSE dense_backend=EIGEN mixed=0 threads=1
I20260807 13:00:35.098834 0x20b9da080 official_bundle_adjustment_ceres.cc:1434] [AETHER gravity] injected 2/2 roll/pitch anchors, sigma_rad=0.00872665
I20260807 13:00:35.101161 0x20b9da080 official_bundle_adjustment_ceres.cc:923] [AETHER] solver_used=DENSE_SCHUR sparse_backend=EIGEN_SPARSE dense_backend=EIGEN mixed=0 threads=1
I20260807 13:00:35.408730 0x20b9da080 database_cache.cc:72] Loading rigs...
I20260807 13:00:35.408771 0x20b9da080 database_cache.cc:82]  0 in 0.000s
I20260807 13:00:35.408780 0x20b9da080 database_cache.cc:90] Loading cameras...
I20260807 13:00:35.408842 0x20b9da080 database_cache.cc:108]  155 in 0.000s
I20260807 13:00:35.408847 0x20b9da080 database_cache.cc:116] Loading frames...
I20260807 13:00:35.408854 0x20b9da080 database_cache.cc:126]  0 in 0.000s
I20260807 13:00:35.408858 0x20b9da080 database_cache.cc:134] Loading matches...
I20260807 13:00:35.414163 0x20b9da080 database_cache.cc:139]  1473 in 0.005s
I20260807 13:00:35.414180 0x20b9da080 database_cache.cc:147] Loading images...
I20260807 13:00:35.427839 0x20b9da080 database_cache.cc:236]  155 in 0.014s (loaded all 155)
I20260807 13:00:35.427917 0x20b9da080 database_cache.cc:255] Loading pose priors...
I20260807 13:00:35.427954 0x20b9da080 database_cache.cc:263]  0 in 0.000s
I20260807 13:00:35.427965 0x20b9da080 database_cache.cc:271] Building correspondence graph...
I20260807 13:00:35.448745 0x20b9da080 database_cache.cc:300]  in 0.021s (ignored 0)
I20260807 13:00:35.466713 0x20b9da080 official_bundle_adjustment_ceres.cc:1434] [AETHER gravity] injected 4/4 roll/pitch anchors, sigma_rad=0.00872665
I20260807 13:00:35.492411 0x20b9da080 official_bundle_adjustment_ceres.cc:923] [AETHER] solver_used=DENSE_SCHUR sparse_backend=EIGEN_SPARSE dense_backend=EIGEN mixed=0 threads=1
I20260807 13:00:35.497448 0x20b9da080 official_bundle_adjustment_ceres.cc:1434] [AETHER gravity] injected 4/4 roll/pitch anchors, sigma_rad=0.00872665
I20260807 13:00:35.514929 0x20b9da080 official_bundle_adjustment_ceres.cc:923] [AETHER] solver_used=DENSE_SCHUR sparse_backend=EIGEN_SPARSE dense_backend=EIGEN mixed=0 threads=1
I20260807 13:00:35.865216 0x20b9da080 database_cache.cc:72] Loading rigs...
I20260807 13:00:35.865240 0x20b9da080 database_cache.cc:82]  0 in 0.000s
I20260807 13:00:35.865248 0x20b9da080 database_cache.cc:90] Loading cameras...
I20260807 13:00:35.865293 0x20b9da080 database_cache.cc:108]  156 in 0.000s
I20260807 13:00:35.865298 0x20b9da080 database_cache.cc:116] Loading frames...
I20260807 13:00:35.865305 0x20b9da080 database_cache.cc:126]  0 in 0.000s
I20260807 13:00:35.865308 0x20b9da080 database_cache.cc:134] Loading matches...
I20260807 13:00:35.867900 0x20b9da080 database_cache.cc:139]  1484 in 0.003s
I20260807 13:00:35.867912 0x20b9da080 database_cache.cc:147] Loading images...
I20260807 13:00:35.879124 0x20b9da080 database_cache.cc:236]  156 in 0.011s (loaded all 156)
I20260807 13:00:35.879178 0x20b9da080 database_cache.cc:255] Loading pose priors...
I20260807 13:00:35.879203 0x20b9da080 database_cache.cc:263]  0 in 0.000s
I20260807 13:00:35.879209 0x20b9da080 database_cache.cc:271] Building correspondence graph...
I20260807 13:00:35.900187 0x20b9da080 database_cache.cc:300]  in 0.021s (ignored 0)
I20260807 13:00:35.916848 0x20b9da080 official_bundle_adjustment_ceres.cc:1434] [AETHER gravity] injected 5/5 roll/pitch anchors, sigma_rad=0.00872665
I20260807 13:00:35.942524 0x20b9da080 official_bundle_adjustment_ceres.cc:923] [AETHER] solver_used=DENSE_SCHUR sparse_backend=EIGEN_SPARSE dense_backend=EIGEN mixed=0 threads=1
I20260807 13:00:35.948106 0x20b9da080 official_bundle_adjustment_ceres.cc:1434] [AETHER gravity] injected 6/6 roll/pitch anchors, sigma_rad=0.00872665
I20260807 13:00:35.972309 0x20b9da080 official_bundle_adjustment_ceres.cc:923] [AETHER] solver_used=DENSE_SCHUR sparse_backend=EIGEN_SPARSE dense_backend=EIGEN mixed=0 threads=1
I20260807 13:00:36.274389 0x20b9da080 database_cache.cc:72] Loading rigs...
I20260807 13:00:36.274414 0x20b9da080 database_cache.cc:82]  0 in 0.000s
I20260807 13:00:36.274421 0x20b9da080 database_cache.cc:90] Loading cameras...
I20260807 13:00:36.274465 0x20b9da080 database_cache.cc:108]  157 in 0.000s
I20260807 13:00:36.274470 0x20b9da080 database_cache.cc:116] Loading frames...
I20260807 13:00:36.274478 0x20b9da080 database_cache.cc:126]  0 in 0.000s
I20260807 13:00:36.274483 0x20b9da080 database_cache.cc:134] Loading matches...
I20260807 13:00:36.275703 0x20b9da080 database_cache.cc:139]  1496 in 0.001s
I20260807 13:00:36.275719 0x20b9da080 database_cache.cc:147] Loading images...
I20260807 13:00:36.286573 0x20b9da080 database_cache.cc:236]  157 in 0.011s (loaded all 157)
I20260807 13:00:36.286592 0x20b9da080 database_cache.cc:255] Loading pose priors...
I20260807 13:00:36.286604 0x20b9da080 database_cache.cc:263]  0 in 0.000s
I20260807 13:00:36.286609 0x20b9da080 database_cache.cc:271] Building correspondence graph...
I20260807 13:00:36.307758 0x20b9da080 database_cache.cc:300]  in 0.021s (ignored 0)
I20260807 13:00:36.324198 0x20b9da080 official_bundle_adjustment_ceres.cc:1434] [AETHER gravity] injected 4/4 roll/pitch anchors, sigma_rad=0.00872665
I20260807 13:00:36.330970 0x20b9da080 official_bundle_adjustment_ceres.cc:923] [AETHER] solver_used=DENSE_SCHUR sparse_backend=EIGEN_SPARSE dense_backend=EIGEN mixed=0 threads=1
I20260807 13:00:36.335486 0x20b9da080 official_bundle_adjustment_ceres.cc:1434] [AETHER gravity] injected 4/4 roll/pitch anchors, sigma_rad=0.00872665
I20260807 13:00:36.344053 0x20b9da080 official_bundle_adjustment_ceres.cc:923] [AETHER] solver_used=DENSE_SCHUR sparse_backend=EIGEN_SPARSE dense_backend=EIGEN mixed=0 threads=1
I20260807 13:00:36.647478 0x20b9da080 database_cache.cc:72] Loading rigs...
I20260807 13:00:36.647507 0x20b9da080 database_cache.cc:82]  0 in 0.000s
I20260807 13:00:36.647515 0x20b9da080 database_cache.cc:90] Loading cameras...
I20260807 13:00:36.647557 0x20b9da080 database_cache.cc:108]  158 in 0.000s
I20260807 13:00:36.647562 0x20b9da080 database_cache.cc:116] Loading frames...
I20260807 13:00:36.647569 0x20b9da080 database_cache.cc:126]  0 in 0.000s
I20260807 13:00:36.647573 0x20b9da080 database_cache.cc:134] Loading matches...
I20260807 13:00:36.649293 0x20b9da080 database_cache.cc:139]  1508 in 0.002s
I20260807 13:00:36.649301 0x20b9da080 database_cache.cc:147] Loading images...
I20260807 13:00:36.661172 0x20b9da080 database_cache.cc:236]  158 in 0.012s (loaded all 158)
I20260807 13:00:36.661204 0x20b9da080 database_cache.cc:255] Loading pose priors...
I20260807 13:00:36.661219 0x20b9da080 database_cache.cc:263]  0 in 0.000s
I20260807 13:00:36.661225 0x20b9da080 database_cache.cc:271] Building correspondence graph...
I20260807 13:00:36.681829 0x20b9da080 database_cache.cc:300]  in 0.021s (ignored 0)
I20260807 13:00:36.697395 0x20b9da080 official_bundle_adjustment_ceres.cc:1434] [AETHER gravity] injected 3/3 roll/pitch anchors, sigma_rad=0.00872665
W20260807 13:00:36.699634 0x20b9da080 levenberg_marquardt_strategy.cc:123] Linear solver failure. Failed to compute a step: Eigen failure. Unable to perform dense Cholesky factorization.
W20260807 13:00:36.700092 0x20b9da080 levenberg_marquardt_strategy.cc:123] Linear solver failure. Failed to compute a step: Eigen failure. Unable to perform dense Cholesky factorization.
W20260807 13:00:36.700265 0x20b9da080 levenberg_marquardt_strategy.cc:123] Linear solver failure. Failed to compute a step: Eigen failure. Unable to perform dense Cholesky factorization.
W20260807 13:00:36.700305 0x20b9da080 levenberg_marquardt_strategy.cc:123] Linear solver failure. Failed to compute a step: Eigen failure. Unable to perform dense Cholesky factorization.
W20260807 13:00:36.700475 0x20b9da080 levenberg_marquardt_strategy.cc:123] Linear solver failure. Failed to compute a step: Eigen failure. Unable to perform dense Cholesky factorization.
W20260807 13:00:36.700516 0x20b9da080 levenberg_marquardt_strategy.cc:123] Linear solver failure. Failed to compute a step: Eigen failure. Unable to perform dense Cholesky factorization.
I20260807 13:00:36.700545 0x20b9da080 official_bundle_adjustment_ceres.cc:923] [AETHER] solver_used=DENSE_SCHUR sparse_backend=EIGEN_SPARSE dense_backend=EIGEN mixed=0 threads=1
I20260807 13:00:36.704207 0x20b9da080 official_bundle_adjustment_ceres.cc:1434] [AETHER gravity] injected 3/3 roll/pitch anchors, sigma_rad=0.00872665
I20260807 13:00:36.711949 0x20b9da080 official_bundle_adjustment_ceres.cc:923] [AETHER] solver_used=DENSE_SCHUR sparse_backend=EIGEN_SPARSE dense_backend=EIGEN mixed=0 threads=1
I20260807 13:00:36.893954 0x20b9da080 database_cache.cc:72] Loading rigs...
I20260807 13:00:36.893981 0x20b9da080 database_cache.cc:82]  0 in 0.000s
I20260807 13:00:36.893990 0x20b9da080 database_cache.cc:90] Loading cameras...
I20260807 13:00:36.894033 0x20b9da080 database_cache.cc:108]  159 in 0.000s
I20260807 13:00:36.894038 0x20b9da080 database_cache.cc:116] Loading frames...
I20260807 13:00:36.894045 0x20b9da080 database_cache.cc:126]  0 in 0.000s
I20260807 13:00:36.894048 0x20b9da080 database_cache.cc:134] Loading matches...
I20260807 13:00:36.895266 0x20b9da080 database_cache.cc:139]  1518 in 0.001s
I20260807 13:00:36.895273 0x20b9da080 database_cache.cc:147] Loading images...
I20260807 13:00:36.906920 0x20b9da080 database_cache.cc:236]  159 in 0.012s (loaded all 159)
I20260807 13:00:36.906950 0x20b9da080 database_cache.cc:255] Loading pose priors...
I20260807 13:00:36.906959 0x20b9da080 database_cache.cc:263]  0 in 0.000s
I20260807 13:00:36.906964 0x20b9da080 database_cache.cc:271] Building correspondence graph...
I20260807 13:00:36.927857 0x20b9da080 database_cache.cc:300]  in 0.021s (ignored 0)
I20260807 13:00:36.943512 0x20b9da080 official_bundle_adjustment_ceres.cc:1434] [AETHER gravity] injected 3/3 roll/pitch anchors, sigma_rad=0.00872665
I20260807 13:00:36.947205 0x20b9da080 official_bundle_adjustment_ceres.cc:923] [AETHER] solver_used=DENSE_SCHUR sparse_backend=EIGEN_SPARSE dense_backend=EIGEN mixed=0 threads=1
I20260807 13:00:36.950281 0x20b9da080 official_bundle_adjustment_ceres.cc:1434] [AETHER gravity] injected 2/2 roll/pitch anchors, sigma_rad=0.00872665
I20260807 13:00:36.950893 0x20b9da080 official_bundle_adjustment_ceres.cc:923] [AETHER] solver_used=DENSE_SCHUR sparse_backend=EIGEN_SPARSE dense_backend=EIGEN mixed=0 threads=1
I20260807 13:00:37.182802 0x20b9da080 database_cache.cc:72] Loading rigs...
I20260807 13:00:37.182823 0x20b9da080 database_cache.cc:82]  0 in 0.000s
I20260807 13:00:37.182830 0x20b9da080 database_cache.cc:90] Loading cameras...
I20260807 13:00:37.182875 0x20b9da080 database_cache.cc:108]  160 in 0.000s
I20260807 13:00:37.182879 0x20b9da080 database_cache.cc:116] Loading frames...
I20260807 13:00:37.182885 0x20b9da080 database_cache.cc:126]  0 in 0.000s
I20260807 13:00:37.182889 0x20b9da080 database_cache.cc:134] Loading matches...
I20260807 13:00:37.183870 0x20b9da080 database_cache.cc:139]  1530 in 0.001s
I20260807 13:00:37.183876 0x20b9da080 database_cache.cc:147] Loading images...
I20260807 13:00:37.195121 0x20b9da080 database_cache.cc:236]  160 in 0.011s (loaded all 160)
I20260807 13:00:37.195149 0x20b9da080 database_cache.cc:255] Loading pose priors...
I20260807 13:00:37.195167 0x20b9da080 database_cache.cc:263]  0 in 0.000s
I20260807 13:00:37.195172 0x20b9da080 database_cache.cc:271] Building correspondence graph...
I20260807 13:00:37.215848 0x20b9da080 database_cache.cc:300]  in 0.021s (ignored 0)
I20260807 13:00:37.231775 0x20b9da080 official_bundle_adjustment_ceres.cc:1434] [AETHER gravity] injected 6/6 roll/pitch anchors, sigma_rad=0.00872665
I20260807 13:00:37.247996 0x20b9da080 official_bundle_adjustment_ceres.cc:923] [AETHER] solver_used=DENSE_SCHUR sparse_backend=EIGEN_SPARSE dense_backend=EIGEN mixed=0 threads=1
I20260807 13:00:37.252126 0x20b9da080 official_bundle_adjustment_ceres.cc:1434] [AETHER gravity] injected 5/5 roll/pitch anchors, sigma_rad=0.00872665
I20260807 13:00:37.263190 0x20b9da080 official_bundle_adjustment_ceres.cc:923] [AETHER] solver_used=DENSE_SCHUR sparse_backend=EIGEN_SPARSE dense_backend=EIGEN mixed=0 threads=1
I20260807 13:00:37.503234 0x20b9da080 database_cache.cc:72] Loading rigs...
I20260807 13:00:37.503261 0x20b9da080 database_cache.cc:82]  0 in 0.000s
I20260807 13:00:37.503270 0x20b9da080 database_cache.cc:90] Loading cameras...
I20260807 13:00:37.503322 0x20b9da080 database_cache.cc:108]  161 in 0.000s
I20260807 13:00:37.503327 0x20b9da080 database_cache.cc:116] Loading frames...
I20260807 13:00:37.503334 0x20b9da080 database_cache.cc:126]  0 in 0.000s
I20260807 13:00:37.503337 0x20b9da080 database_cache.cc:134] Loading matches...
I20260807 13:00:37.504380 0x20b9da080 database_cache.cc:139]  1541 in 0.001s
I20260807 13:00:37.504386 0x20b9da080 database_cache.cc:147] Loading images...
I20260807 13:00:37.515869 0x20b9da080 database_cache.cc:236]  161 in 0.011s (loaded all 161)
I20260807 13:00:37.515901 0x20b9da080 database_cache.cc:255] Loading pose priors...
I20260807 13:00:37.515919 0x20b9da080 database_cache.cc:263]  0 in 0.000s
I20260807 13:00:37.515926 0x20b9da080 database_cache.cc:271] Building correspondence graph...
I20260807 13:00:37.537040 0x20b9da080 database_cache.cc:300]  in 0.021s (ignored 0)
I20260807 13:00:37.552075 0x20b9da080 official_bundle_adjustment_ceres.cc:1434] [AETHER gravity] injected 6/6 roll/pitch anchors, sigma_rad=0.00872665
I20260807 13:00:37.561029 0x20b9da080 official_bundle_adjustment_ceres.cc:923] [AETHER] solver_used=DENSE_SCHUR sparse_backend=EIGEN_SPARSE dense_backend=EIGEN mixed=0 threads=1
I20260807 13:00:37.564200 0x20b9da080 official_bundle_adjustment_ceres.cc:1434] [AETHER gravity] injected 4/4 roll/pitch anchors, sigma_rad=0.00872665
I20260807 13:00:37.570998 0x20b9da080 official_bundle_adjustment_ceres.cc:923] [AETHER] solver_used=DENSE_SCHUR sparse_backend=EIGEN_SPARSE dense_backend=EIGEN mixed=0 threads=1
I20260807 13:00:37.772638 0x20b9da080 database_cache.cc:72] Loading rigs...
I20260807 13:00:37.772663 0x20b9da080 database_cache.cc:82]  0 in 0.000s
I20260807 13:00:37.772671 0x20b9da080 database_cache.cc:90] Loading cameras...
I20260807 13:00:37.772723 0x20b9da080 database_cache.cc:108]  162 in 0.000s
I20260807 13:00:37.772728 0x20b9da080 database_cache.cc:116] Loading frames...
I20260807 13:00:37.772735 0x20b9da080 database_cache.cc:126]  0 in 0.000s
I20260807 13:00:37.772739 0x20b9da080 database_cache.cc:134] Loading matches...
I20260807 13:00:37.773858 0x20b9da080 database_cache.cc:139]  1552 in 0.001s
I20260807 13:00:37.773880 0x20b9da080 database_cache.cc:147] Loading images...
I20260807 13:00:37.785303 0x20b9da080 database_cache.cc:236]  162 in 0.011s (loaded all 162)
I20260807 13:00:37.785341 0x20b9da080 database_cache.cc:255] Loading pose priors...
I20260807 13:00:37.785357 0x20b9da080 database_cache.cc:263]  0 in 0.000s
I20260807 13:00:37.785363 0x20b9da080 database_cache.cc:271] Building correspondence graph...
I20260807 13:00:37.806877 0x20b9da080 database_cache.cc:300]  in 0.022s (ignored 0)
I20260807 13:00:37.820843 0x20b9da080 official_bundle_adjustment_ceres.cc:1434] [AETHER gravity] injected 3/3 roll/pitch anchors, sigma_rad=0.00872665
I20260807 13:00:37.822714 0x20b9da080 official_bundle_adjustment_ceres.cc:923] [AETHER] solver_used=DENSE_SCHUR sparse_backend=EIGEN_SPARSE dense_backend=EIGEN mixed=0 threads=1
I20260807 13:00:37.825326 0x20b9da080 official_bundle_adjustment_ceres.cc:1434] [AETHER gravity] injected 2/2 roll/pitch anchors, sigma_rad=0.00872665
I20260807 13:00:37.825654 0x20b9da080 official_bundle_adjustment_ceres.cc:923] [AETHER] solver_used=DENSE_SCHUR sparse_backend=EIGEN_SPARSE dense_backend=EIGEN mixed=0 threads=1
I20260807 13:00:38.028722 0x20b9da080 database_cache.cc:72] Loading rigs...
I20260807 13:00:38.028748 0x20b9da080 database_cache.cc:82]  0 in 0.000s
I20260807 13:00:38.028756 0x20b9da080 database_cache.cc:90] Loading cameras...
I20260807 13:00:38.028805 0x20b9da080 database_cache.cc:108]  163 in 0.000s
I20260807 13:00:38.028812 0x20b9da080 database_cache.cc:116] Loading frames...
I20260807 13:00:38.028821 0x20b9da080 database_cache.cc:126]  0 in 0.000s
I20260807 13:00:38.028825 0x20b9da080 database_cache.cc:134] Loading matches...
I20260807 13:00:38.030741 0x20b9da080 database_cache.cc:139]  1561 in 0.002s
I20260807 13:00:38.030760 0x20b9da080 database_cache.cc:147] Loading images...
I20260807 13:00:38.049728 0x20b9da080 database_cache.cc:236]  163 in 0.019s (loaded all 163)
I20260807 13:00:38.049771 0x20b9da080 database_cache.cc:255] Loading pose priors...
I20260807 13:00:38.049784 0x20b9da080 database_cache.cc:263]  0 in 0.000s
I20260807 13:00:38.049790 0x20b9da080 database_cache.cc:271] Building correspondence graph...
I20260807 13:00:38.072208 0x20b9da080 database_cache.cc:300]  in 0.022s (ignored 0)
I20260807 13:00:38.087664 0x20b9da080 official_bundle_adjustment_ceres.cc:1434] [AETHER gravity] injected 2/2 roll/pitch anchors, sigma_rad=0.00872665
I20260807 13:00:38.091208 0x20b9da080 official_bundle_adjustment_ceres.cc:923] [AETHER] solver_used=DENSE_SCHUR sparse_backend=EIGEN_SPARSE dense_backend=EIGEN mixed=0 threads=1
I20260807 13:00:38.094216 0x20b9da080 official_bundle_adjustment_ceres.cc:1434] [AETHER gravity] injected 3/3 roll/pitch anchors, sigma_rad=0.00872665
I20260807 13:00:38.097828 0x20b9da080 official_bundle_adjustment_ceres.cc:923] [AETHER] solver_used=DENSE_SCHUR sparse_backend=EIGEN_SPARSE dense_backend=EIGEN mixed=0 threads=1
I20260807 13:00:38.251723 0x20b9da080 database_cache.cc:72] Loading rigs...
I20260807 13:00:38.251747 0x20b9da080 database_cache.cc:82]  0 in 0.000s
I20260807 13:00:38.251754 0x20b9da080 database_cache.cc:90] Loading cameras...
I20260807 13:00:38.251801 0x20b9da080 database_cache.cc:108]  164 in 0.000s
I20260807 13:00:38.251807 0x20b9da080 database_cache.cc:116] Loading frames...
I20260807 13:00:38.251815 0x20b9da080 database_cache.cc:126]  0 in 0.000s
I20260807 13:00:38.251820 0x20b9da080 database_cache.cc:134] Loading matches...
I20260807 13:00:38.252846 0x20b9da080 database_cache.cc:139]  1566 in 0.001s
I20260807 13:00:38.252853 0x20b9da080 database_cache.cc:147] Loading images...
I20260807 13:00:38.265532 0x20b9da080 database_cache.cc:236]  164 in 0.013s (loaded all 164)
I20260807 13:00:38.265551 0x20b9da080 database_cache.cc:255] Loading pose priors...
I20260807 13:00:38.265562 0x20b9da080 database_cache.cc:263]  0 in 0.000s
I20260807 13:00:38.265566 0x20b9da080 database_cache.cc:271] Building correspondence graph...
I20260807 13:00:38.288824 0x20b9da080 database_cache.cc:300]  in 0.023s (ignored 0)
I20260807 13:00:38.485679 0x20b9da080 database_cache.cc:72] Loading rigs...
I20260807 13:00:38.485705 0x20b9da080 database_cache.cc:82]  0 in 0.000s
I20260807 13:00:38.485713 0x20b9da080 database_cache.cc:90] Loading cameras...
I20260807 13:00:38.485763 0x20b9da080 database_cache.cc:108]  165 in 0.000s
I20260807 13:00:38.485768 0x20b9da080 database_cache.cc:116] Loading frames...
I20260807 13:00:38.485775 0x20b9da080 database_cache.cc:126]  0 in 0.000s
I20260807 13:00:38.485778 0x20b9da080 database_cache.cc:134] Loading matches...
I20260807 13:00:38.486868 0x20b9da080 database_cache.cc:139]  1569 in 0.001s
I20260807 13:00:38.486878 0x20b9da080 database_cache.cc:147] Loading images...
I20260807 13:00:38.499075 0x20b9da080 database_cache.cc:236]  165 in 0.012s (loaded all 165)
I20260807 13:00:38.499118 0x20b9da080 database_cache.cc:255] Loading pose priors...
I20260807 13:00:38.499138 0x20b9da080 database_cache.cc:263]  0 in 0.000s
I20260807 13:00:38.499145 0x20b9da080 database_cache.cc:271] Building correspondence graph...
I20260807 13:00:38.521625 0x20b9da080 database_cache.cc:300]  in 0.022s (ignored 0)
I20260807 13:00:38.646757 0x20b9da080 database_cache.cc:72] Loading rigs...
I20260807 13:00:38.646781 0x20b9da080 database_cache.cc:82]  0 in 0.000s
I20260807 13:00:38.646788 0x20b9da080 database_cache.cc:90] Loading cameras...
I20260807 13:00:38.646838 0x20b9da080 database_cache.cc:108]  166 in 0.000s
I20260807 13:00:38.646843 0x20b9da080 database_cache.cc:116] Loading frames...
I20260807 13:00:38.646851 0x20b9da080 database_cache.cc:126]  0 in 0.000s
I20260807 13:00:38.646864 0x20b9da080 database_cache.cc:134] Loading matches...
I20260807 13:00:38.648225 0x20b9da080 database_cache.cc:139]  1576 in 0.001s
I20260807 13:00:38.648239 0x20b9da080 database_cache.cc:147] Loading images...
I20260807 13:00:38.660806 0x20b9da080 database_cache.cc:236]  166 in 0.013s (loaded all 166)
I20260807 13:00:38.660848 0x20b9da080 database_cache.cc:255] Loading pose priors...
I20260807 13:00:38.660867 0x20b9da080 database_cache.cc:263]  0 in 0.000s
I20260807 13:00:38.660873 0x20b9da080 database_cache.cc:271] Building correspondence graph...
I20260807 13:00:38.683602 0x20b9da080 database_cache.cc:300]  in 0.023s (ignored 0)
I20260807 13:00:38.698174 0x20b9da080 official_bundle_adjustment_ceres.cc:1434] [AETHER gravity] injected 4/4 roll/pitch anchors, sigma_rad=0.00872665
I20260807 13:00:38.702188 0x20b9da080 official_bundle_adjustment_ceres.cc:923] [AETHER] solver_used=DENSE_SCHUR sparse_backend=EIGEN_SPARSE dense_backend=EIGEN mixed=0 threads=1
I20260807 13:00:38.705040 0x20b9da080 official_bundle_adjustment_ceres.cc:1434] [AETHER gravity] injected 3/3 roll/pitch anchors, sigma_rad=0.00872665
I20260807 13:00:38.707521 0x20b9da080 official_bundle_adjustment_ceres.cc:923] [AETHER] solver_used=DENSE_SCHUR sparse_backend=EIGEN_SPARSE dense_backend=EIGEN mixed=0 threads=1
I20260807 13:00:38.851169 0x20b9da080 database_cache.cc:72] Loading rigs...
I20260807 13:00:38.851193 0x20b9da080 database_cache.cc:82]  0 in 0.000s
I20260807 13:00:38.851199 0x20b9da080 database_cache.cc:90] Loading cameras...
I20260807 13:00:38.851245 0x20b9da080 database_cache.cc:108]  167 in 0.000s
I20260807 13:00:38.851250 0x20b9da080 database_cache.cc:116] Loading frames...
I20260807 13:00:38.851257 0x20b9da080 database_cache.cc:126]  0 in 0.000s
I20260807 13:00:38.851260 0x20b9da080 database_cache.cc:134] Loading matches...
I20260807 13:00:38.852287 0x20b9da080 database_cache.cc:139]  1584 in 0.001s
I20260807 13:00:38.852294 0x20b9da080 database_cache.cc:147] Loading images...
I20260807 13:00:38.864258 0x20b9da080 database_cache.cc:236]  167 in 0.012s (loaded all 167)
I20260807 13:00:38.864298 0x20b9da080 database_cache.cc:255] Loading pose priors...
I20260807 13:00:38.864321 0x20b9da080 database_cache.cc:263]  0 in 0.000s
I20260807 13:00:38.864327 0x20b9da080 database_cache.cc:271] Building correspondence graph...
I20260807 13:00:38.886736 0x20b9da080 database_cache.cc:300]  in 0.022s (ignored 0)
I20260807 13:00:39.084632 0x20b9da080 database_cache.cc:72] Loading rigs...
I20260807 13:00:39.084654 0x20b9da080 database_cache.cc:82]  0 in 0.000s
I20260807 13:00:39.084660 0x20b9da080 database_cache.cc:90] Loading cameras...
I20260807 13:00:39.084707 0x20b9da080 database_cache.cc:108]  168 in 0.000s
I20260807 13:00:39.084711 0x20b9da080 database_cache.cc:116] Loading frames...
I20260807 13:00:39.084718 0x20b9da080 database_cache.cc:126]  0 in 0.000s
I20260807 13:00:39.084721 0x20b9da080 database_cache.cc:134] Loading matches...
I20260807 13:00:39.085764 0x20b9da080 database_cache.cc:139]  1590 in 0.001s
I20260807 13:00:39.085771 0x20b9da080 database_cache.cc:147] Loading images...
I20260807 13:00:39.097685 0x20b9da080 database_cache.cc:236]  168 in 0.012s (loaded all 168)
I20260807 13:00:39.097721 0x20b9da080 database_cache.cc:255] Loading pose priors...
I20260807 13:00:39.097740 0x20b9da080 database_cache.cc:263]  0 in 0.000s
I20260807 13:00:39.097746 0x20b9da080 database_cache.cc:271] Building correspondence graph...
I20260807 13:00:39.119313 0x20b9da080 database_cache.cc:300]  in 0.022s (ignored 0)
I20260807 13:00:39.133734 0x20b9da080 official_bundle_adjustment_ceres.cc:1434] [AETHER gravity] injected 3/3 roll/pitch anchors, sigma_rad=0.00872665
I20260807 13:00:39.137916 0x20b9da080 official_bundle_adjustment_ceres.cc:923] [AETHER] solver_used=DENSE_SCHUR sparse_backend=EIGEN_SPARSE dense_backend=EIGEN mixed=0 threads=1
I20260807 13:00:39.140948 0x20b9da080 official_bundle_adjustment_ceres.cc:1434] [AETHER gravity] injected 3/3 roll/pitch anchors, sigma_rad=0.00872665
I20260807 13:00:39.145422 0x20b9da080 official_bundle_adjustment_ceres.cc:923] [AETHER] solver_used=DENSE_SCHUR sparse_backend=EIGEN_SPARSE dense_backend=EIGEN mixed=0 threads=1
I20260807 13:00:39.302886 0x20b9da080 database_cache.cc:72] Loading rigs...
I20260807 13:00:39.302911 0x20b9da080 database_cache.cc:82]  0 in 0.000s
I20260807 13:00:39.302919 0x20b9da080 database_cache.cc:90] Loading cameras...
I20260807 13:00:39.302972 0x20b9da080 database_cache.cc:108]  169 in 0.000s
I20260807 13:00:39.302977 0x20b9da080 database_cache.cc:116] Loading frames...
I20260807 13:00:39.302983 0x20b9da080 database_cache.cc:126]  0 in 0.000s
I20260807 13:00:39.302987 0x20b9da080 database_cache.cc:134] Loading matches...
I20260807 13:00:39.304008 0x20b9da080 database_cache.cc:139]  1598 in 0.001s
I20260807 13:00:39.304014 0x20b9da080 database_cache.cc:147] Loading images...
I20260807 13:00:39.316060 0x20b9da080 database_cache.cc:236]  169 in 0.012s (loaded all 169)
I20260807 13:00:39.316089 0x20b9da080 database_cache.cc:255] Loading pose priors...
I20260807 13:00:39.316105 0x20b9da080 database_cache.cc:263]  0 in 0.000s
I20260807 13:00:39.316110 0x20b9da080 database_cache.cc:271] Building correspondence graph...
I20260807 13:00:39.337869 0x20b9da080 database_cache.cc:300]  in 0.022s (ignored 0)
I20260807 13:00:39.541449 0x20b9da080 database_cache.cc:72] Loading rigs...
I20260807 13:00:39.541475 0x20b9da080 database_cache.cc:82]  0 in 0.000s
I20260807 13:00:39.541483 0x20b9da080 database_cache.cc:90] Loading cameras...
I20260807 13:00:39.541535 0x20b9da080 database_cache.cc:108]  170 in 0.000s
I20260807 13:00:39.541540 0x20b9da080 database_cache.cc:116] Loading frames...
I20260807 13:00:39.541548 0x20b9da080 database_cache.cc:126]  0 in 0.000s
I20260807 13:00:39.541552 0x20b9da080 database_cache.cc:134] Loading matches...
I20260807 13:00:39.542960 0x20b9da080 database_cache.cc:139]  1607 in 0.001s
I20260807 13:00:39.542969 0x20b9da080 database_cache.cc:147] Loading images...
I20260807 13:00:39.554727 0x20b9da080 database_cache.cc:236]  170 in 0.012s (loaded all 170)
I20260807 13:00:39.554751 0x20b9da080 database_cache.cc:255] Loading pose priors...
I20260807 13:00:39.554766 0x20b9da080 database_cache.cc:263]  0 in 0.000s
I20260807 13:00:39.554770 0x20b9da080 database_cache.cc:271] Building correspondence graph...
I20260807 13:00:39.576950 0x20b9da080 database_cache.cc:300]  in 0.022s (ignored 0)
I20260807 13:00:39.592383 0x20b9da080 official_bundle_adjustment_ceres.cc:1434] [AETHER gravity] injected 3/3 roll/pitch anchors, sigma_rad=0.00872665
I20260807 13:00:39.595309 0x20b9da080 official_bundle_adjustment_ceres.cc:923] [AETHER] solver_used=DENSE_SCHUR sparse_backend=EIGEN_SPARSE dense_backend=EIGEN mixed=0 threads=1
I20260807 13:00:39.598860 0x20b9da080 official_bundle_adjustment_ceres.cc:1434] [AETHER gravity] injected 3/3 roll/pitch anchors, sigma_rad=0.00872665
I20260807 13:00:39.600068 0x20b9da080 official_bundle_adjustment_ceres.cc:923] [AETHER] solver_used=DENSE_SCHUR sparse_backend=EIGEN_SPARSE dense_backend=EIGEN mixed=0 threads=1
I20260807 13:00:39.716185 0x20b9da080 database_cache.cc:72] Loading rigs...
I20260807 13:00:39.716205 0x20b9da080 database_cache.cc:82]  0 in 0.000s
I20260807 13:00:39.716212 0x20b9da080 database_cache.cc:90] Loading cameras...
I20260807 13:00:39.716258 0x20b9da080 database_cache.cc:108]  171 in 0.000s
I20260807 13:00:39.716263 0x20b9da080 database_cache.cc:116] Loading frames...
I20260807 13:00:39.716269 0x20b9da080 database_cache.cc:126]  0 in 0.000s
I20260807 13:00:39.716273 0x20b9da080 database_cache.cc:134] Loading matches...
I20260807 13:00:39.717280 0x20b9da080 database_cache.cc:139]  1613 in 0.001s
I20260807 13:00:39.717286 0x20b9da080 database_cache.cc:147] Loading images...
I20260807 13:00:39.729273 0x20b9da080 database_cache.cc:236]  171 in 0.012s (loaded all 171)
I20260807 13:00:39.729297 0x20b9da080 database_cache.cc:255] Loading pose priors...
I20260807 13:00:39.729311 0x20b9da080 database_cache.cc:263]  0 in 0.000s
I20260807 13:00:39.729316 0x20b9da080 database_cache.cc:271] Building correspondence graph...
I20260807 13:00:39.751031 0x20b9da080 database_cache.cc:300]  in 0.022s (ignored 0)
I20260807 13:00:39.909814 0x20b9da080 database_cache.cc:72] Loading rigs...
I20260807 13:00:39.909835 0x20b9da080 database_cache.cc:82]  0 in 0.000s
I20260807 13:00:39.909843 0x20b9da080 database_cache.cc:90] Loading cameras...
I20260807 13:00:39.909890 0x20b9da080 database_cache.cc:108]  172 in 0.000s
I20260807 13:00:39.909895 0x20b9da080 database_cache.cc:116] Loading frames...
I20260807 13:00:39.909902 0x20b9da080 database_cache.cc:126]  0 in 0.000s
I20260807 13:00:39.909905 0x20b9da080 database_cache.cc:134] Loading matches...
I20260807 13:00:39.910919 0x20b9da080 database_cache.cc:139]  1624 in 0.001s
I20260807 13:00:39.910926 0x20b9da080 database_cache.cc:147] Loading images...
I20260807 13:00:39.922765 0x20b9da080 database_cache.cc:236]  172 in 0.012s (loaded all 172)
I20260807 13:00:39.922791 0x20b9da080 database_cache.cc:255] Loading pose priors...
I20260807 13:00:39.922806 0x20b9da080 database_cache.cc:263]  0 in 0.000s
I20260807 13:00:39.922810 0x20b9da080 database_cache.cc:271] Building correspondence graph...
I20260807 13:00:39.944755 0x20b9da080 database_cache.cc:300]  in 0.022s (ignored 0)
I20260807 13:00:39.960780 0x20b9da080 official_bundle_adjustment_ceres.cc:1434] [AETHER gravity] injected 4/4 roll/pitch anchors, sigma_rad=0.00872665
I20260807 13:00:39.965194 0x20b9da080 official_bundle_adjustment_ceres.cc:923] [AETHER] solver_used=DENSE_SCHUR sparse_backend=EIGEN_SPARSE dense_backend=EIGEN mixed=0 threads=1
I20260807 13:00:39.969375 0x20b9da080 official_bundle_adjustment_ceres.cc:1434] [AETHER gravity] injected 4/4 roll/pitch anchors, sigma_rad=0.00872665
I20260807 13:00:39.976196 0x20b9da080 official_bundle_adjustment_ceres.cc:923] [AETHER] solver_used=DENSE_SCHUR sparse_backend=EIGEN_SPARSE dense_backend=EIGEN mixed=0 threads=1
I20260807 13:00:40.201824 0x20b9da080 database_cache.cc:72] Loading rigs...
I20260807 13:00:40.201848 0x20b9da080 database_cache.cc:82]  0 in 0.000s
I20260807 13:00:40.201857 0x20b9da080 database_cache.cc:90] Loading cameras...
I20260807 13:00:40.201906 0x20b9da080 database_cache.cc:108]  173 in 0.000s
I20260807 13:00:40.201911 0x20b9da080 database_cache.cc:116] Loading frames...
I20260807 13:00:40.201918 0x20b9da080 database_cache.cc:126]  0 in 0.000s
I20260807 13:00:40.201922 0x20b9da080 database_cache.cc:134] Loading matches...
I20260807 13:00:40.202948 0x20b9da080 database_cache.cc:139]  1635 in 0.001s
I20260807 13:00:40.202956 0x20b9da080 database_cache.cc:147] Loading images...
I20260807 13:00:40.215243 0x20b9da080 database_cache.cc:236]  173 in 0.012s (loaded all 173)
I20260807 13:00:40.215287 0x20b9da080 database_cache.cc:255] Loading pose priors...
I20260807 13:00:40.215305 0x20b9da080 database_cache.cc:263]  0 in 0.000s
I20260807 13:00:40.215311 0x20b9da080 database_cache.cc:271] Building correspondence graph...
I20260807 13:00:40.237793 0x20b9da080 database_cache.cc:300]  in 0.022s (ignored 0)
I20260807 13:00:40.427348 0x20b9da080 database_cache.cc:72] Loading rigs...
I20260807 13:00:40.427374 0x20b9da080 database_cache.cc:82]  0 in 0.000s
I20260807 13:00:40.427382 0x20b9da080 database_cache.cc:90] Loading cameras...
I20260807 13:00:40.427430 0x20b9da080 database_cache.cc:108]  174 in 0.000s
I20260807 13:00:40.427435 0x20b9da080 database_cache.cc:116] Loading frames...
I20260807 13:00:40.427442 0x20b9da080 database_cache.cc:126]  0 in 0.000s
I20260807 13:00:40.427446 0x20b9da080 database_cache.cc:134] Loading matches...
I20260807 13:00:40.428945 0x20b9da080 database_cache.cc:139]  1646 in 0.002s
I20260807 13:00:40.428969 0x20b9da080 database_cache.cc:147] Loading images...
I20260807 13:00:40.441247 0x20b9da080 database_cache.cc:236]  174 in 0.012s (loaded all 174)
I20260807 13:00:40.441275 0x20b9da080 database_cache.cc:255] Loading pose priors...
I20260807 13:00:40.441286 0x20b9da080 database_cache.cc:263]  0 in 0.000s
I20260807 13:00:40.441292 0x20b9da080 database_cache.cc:271] Building correspondence graph...
I20260807 13:00:40.464049 0x20b9da080 database_cache.cc:300]  in 0.023s (ignored 0)
I20260807 13:00:40.635311 0x20b9da080 database_cache.cc:72] Loading rigs...
I20260807 13:00:40.635334 0x20b9da080 database_cache.cc:82]  0 in 0.000s
I20260807 13:00:40.635342 0x20b9da080 database_cache.cc:90] Loading cameras...
I20260807 13:00:40.635392 0x20b9da080 database_cache.cc:108]  175 in 0.000s
I20260807 13:00:40.635398 0x20b9da080 database_cache.cc:116] Loading frames...
I20260807 13:00:40.635405 0x20b9da080 database_cache.cc:126]  0 in 0.000s
I20260807 13:00:40.635408 0x20b9da080 database_cache.cc:134] Loading matches...
I20260807 13:00:40.636436 0x20b9da080 database_cache.cc:139]  1656 in 0.001s
I20260807 13:00:40.636444 0x20b9da080 database_cache.cc:147] Loading images...
I20260807 13:00:40.648878 0x20b9da080 database_cache.cc:236]  175 in 0.012s (loaded all 175)
I20260807 13:00:40.648922 0x20b9da080 database_cache.cc:255] Loading pose priors...
I20260807 13:00:40.648940 0x20b9da080 database_cache.cc:263]  0 in 0.000s
I20260807 13:00:40.648945 0x20b9da080 database_cache.cc:271] Building correspondence graph...
I20260807 13:00:40.671389 0x20b9da080 database_cache.cc:300]  in 0.022s (ignored 0)
I20260807 13:00:40.686243 0x20b9da080 official_bundle_adjustment_ceres.cc:1434] [AETHER gravity] injected 2/2 roll/pitch anchors, sigma_rad=0.00872665
W20260807 13:00:40.686518 0x20b9da080 levenberg_marquardt_strategy.cc:123] Linear solver failure. Failed to compute a step: Eigen failure. Unable to perform dense Cholesky factorization.
W20260807 13:00:40.686556 0x20b9da080 levenberg_marquardt_strategy.cc:123] Linear solver failure. Failed to compute a step: Eigen failure. Unable to perform dense Cholesky factorization.
W20260807 13:00:40.686567 0x20b9da080 levenberg_marquardt_strategy.cc:123] Linear solver failure. Failed to compute a step: Eigen failure. Unable to perform dense Cholesky factorization.
W20260807 13:00:40.686614 0x20b9da080 levenberg_marquardt_strategy.cc:123] Linear solver failure. Failed to compute a step: Eigen failure. Unable to perform dense Cholesky factorization.
W20260807 13:00:40.686647 0x20b9da080 levenberg_marquardt_strategy.cc:123] Linear solver failure. Failed to compute a step: Eigen failure. Unable to perform dense Cholesky factorization.
W20260807 13:00:40.686657 0x20b9da080 levenberg_marquardt_strategy.cc:123] Linear solver failure. Failed to compute a step: Eigen failure. Unable to perform dense Cholesky factorization.
W20260807 13:00:40.686703 0x20b9da080 levenberg_marquardt_strategy.cc:123] Linear solver failure. Failed to compute a step: Eigen failure. Unable to perform dense Cholesky factorization.
W20260807 13:00:40.686714 0x20b9da080 levenberg_marquardt_strategy.cc:123] Linear solver failure. Failed to compute a step: Eigen failure. Unable to perform dense Cholesky factorization.
I20260807 13:00:40.686762 0x20b9da080 official_bundle_adjustment_ceres.cc:923] [AETHER] solver_used=DENSE_SCHUR sparse_backend=EIGEN_SPARSE dense_backend=EIGEN mixed=0 threads=1
I20260807 13:00:40.689151 0x20b9da080 official_bundle_adjustment_ceres.cc:1434] [AETHER gravity] injected 2/2 roll/pitch anchors, sigma_rad=0.00872665
I20260807 13:00:40.689202 0x20b9da080 official_bundle_adjustment_ceres.cc:923] [AETHER] solver_used=DENSE_SCHUR sparse_backend=EIGEN_SPARSE dense_backend=EIGEN mixed=0 threads=1
  fed 175/201 frames (last n_kp=8168)
I20260807 13:00:40.808876 0x20b9da080 database_cache.cc:72] Loading rigs...
I20260807 13:00:40.808900 0x20b9da080 database_cache.cc:82]  0 in 0.000s
I20260807 13:00:40.808907 0x20b9da080 database_cache.cc:90] Loading cameras...
I20260807 13:00:40.808969 0x20b9da080 database_cache.cc:108]  176 in 0.000s
I20260807 13:00:40.808973 0x20b9da080 database_cache.cc:116] Loading frames...
I20260807 13:00:40.808980 0x20b9da080 database_cache.cc:126]  0 in 0.000s
I20260807 13:00:40.808987 0x20b9da080 database_cache.cc:134] Loading matches...
I20260807 13:00:40.810082 0x20b9da080 database_cache.cc:139]  1667 in 0.001s
I20260807 13:00:40.810094 0x20b9da080 database_cache.cc:147] Loading images...
I20260807 13:00:40.822345 0x20b9da080 database_cache.cc:236]  176 in 0.012s (loaded all 176)
I20260807 13:00:40.822366 0x20b9da080 database_cache.cc:255] Loading pose priors...
I20260807 13:00:40.822380 0x20b9da080 database_cache.cc:263]  0 in 0.000s
I20260807 13:00:40.822385 0x20b9da080 database_cache.cc:271] Building correspondence graph...
I20260807 13:00:40.845638 0x20b9da080 database_cache.cc:300]  in 0.023s (ignored 0)
I20260807 13:00:40.979949 0x20b9da080 database_cache.cc:72] Loading rigs...
I20260807 13:00:40.979971 0x20b9da080 database_cache.cc:82]  0 in 0.000s
I20260807 13:00:40.979979 0x20b9da080 database_cache.cc:90] Loading cameras...
I20260807 13:00:40.980029 0x20b9da080 database_cache.cc:108]  177 in 0.000s
I20260807 13:00:40.980035 0x20b9da080 database_cache.cc:116] Loading frames...
I20260807 13:00:40.980043 0x20b9da080 database_cache.cc:126]  0 in 0.000s
I20260807 13:00:40.980047 0x20b9da080 database_cache.cc:134] Loading matches...
I20260807 13:00:40.981113 0x20b9da080 database_cache.cc:139]  1674 in 0.001s
I20260807 13:00:40.981120 0x20b9da080 database_cache.cc:147] Loading images...
I20260807 13:00:40.994018 0x20b9da080 database_cache.cc:236]  177 in 0.013s (loaded all 177)
I20260807 13:00:40.994047 0x20b9da080 database_cache.cc:255] Loading pose priors...
I20260807 13:00:40.994065 0x20b9da080 database_cache.cc:263]  0 in 0.000s
I20260807 13:00:40.994070 0x20b9da080 database_cache.cc:271] Building correspondence graph...
I20260807 13:00:41.017279 0x20b9da080 database_cache.cc:300]  in 0.023s (ignored 0)
I20260807 13:00:41.031592 0x20b9da080 official_bundle_adjustment_ceres.cc:1434] [AETHER gravity] injected 2/2 roll/pitch anchors, sigma_rad=0.00872665
I20260807 13:00:41.032262 0x20b9da080 official_bundle_adjustment_ceres.cc:923] [AETHER] solver_used=DENSE_SCHUR sparse_backend=EIGEN_SPARSE dense_backend=EIGEN mixed=0 threads=1
I20260807 13:00:41.034688 0x20b9da080 official_bundle_adjustment_ceres.cc:1434] [AETHER gravity] injected 4/4 roll/pitch anchors, sigma_rad=0.00872665
I20260807 13:00:41.035336 0x20b9da080 official_bundle_adjustment_ceres.cc:923] [AETHER] solver_used=DENSE_SCHUR sparse_backend=EIGEN_SPARSE dense_backend=EIGEN mixed=0 threads=1
I20260807 13:00:41.185257 0x20b9da080 database_cache.cc:72] Loading rigs...
I20260807 13:00:41.185281 0x20b9da080 database_cache.cc:82]  0 in 0.000s
I20260807 13:00:41.185289 0x20b9da080 database_cache.cc:90] Loading cameras...
I20260807 13:00:41.185342 0x20b9da080 database_cache.cc:108]  178 in 0.000s
I20260807 13:00:41.185347 0x20b9da080 database_cache.cc:116] Loading frames...
I20260807 13:00:41.185354 0x20b9da080 database_cache.cc:126]  0 in 0.000s
I20260807 13:00:41.185358 0x20b9da080 database_cache.cc:134] Loading matches...
I20260807 13:00:41.186430 0x20b9da080 database_cache.cc:139]  1678 in 0.001s
I20260807 13:00:41.186440 0x20b9da080 database_cache.cc:147] Loading images...
I20260807 13:00:41.199410 0x20b9da080 database_cache.cc:236]  178 in 0.013s (loaded all 178)
I20260807 13:00:41.199431 0x20b9da080 database_cache.cc:255] Loading pose priors...
I20260807 13:00:41.199444 0x20b9da080 database_cache.cc:263]  0 in 0.000s
I20260807 13:00:41.199449 0x20b9da080 database_cache.cc:271] Building correspondence graph...
I20260807 13:00:41.222928 0x20b9da080 database_cache.cc:300]  in 0.023s (ignored 0)
I20260807 13:00:41.451301 0x20b9da080 database_cache.cc:72] Loading rigs...
I20260807 13:00:41.451325 0x20b9da080 database_cache.cc:82]  0 in 0.000s
I20260807 13:00:41.451332 0x20b9da080 database_cache.cc:90] Loading cameras...
I20260807 13:00:41.451382 0x20b9da080 database_cache.cc:108]  179 in 0.000s
I20260807 13:00:41.451388 0x20b9da080 database_cache.cc:116] Loading frames...
I20260807 13:00:41.451397 0x20b9da080 database_cache.cc:126]  0 in 0.000s
I20260807 13:00:41.451402 0x20b9da080 database_cache.cc:134] Loading matches...
I20260807 13:00:41.452474 0x20b9da080 database_cache.cc:139]  1685 in 0.001s
I20260807 13:00:41.452482 0x20b9da080 database_cache.cc:147] Loading images...
I20260807 13:00:41.465324 0x20b9da080 database_cache.cc:236]  179 in 0.013s (loaded all 179)
I20260807 13:00:41.465365 0x20b9da080 database_cache.cc:255] Loading pose priors...
I20260807 13:00:41.465384 0x20b9da080 database_cache.cc:263]  0 in 0.000s
I20260807 13:00:41.465390 0x20b9da080 database_cache.cc:271] Building correspondence graph...
I20260807 13:00:41.488178 0x20b9da080 database_cache.cc:300]  in 0.023s (ignored 0)
I20260807 13:00:41.705134 0x20b9da080 database_cache.cc:72] Loading rigs...
I20260807 13:00:41.705186 0x20b9da080 database_cache.cc:82]  0 in 0.000s
I20260807 13:00:41.705199 0x20b9da080 database_cache.cc:90] Loading cameras...
I20260807 13:00:41.705313 0x20b9da080 database_cache.cc:108]  180 in 0.000s
I20260807 13:00:41.705328 0x20b9da080 database_cache.cc:116] Loading frames...
I20260807 13:00:41.705350 0x20b9da080 database_cache.cc:126]  0 in 0.000s
I20260807 13:00:41.705359 0x20b9da080 database_cache.cc:134] Loading matches...
I20260807 13:00:41.708905 0x20b9da080 database_cache.cc:139]  1695 in 0.004s
I20260807 13:00:41.708958 0x20b9da080 database_cache.cc:147] Loading images...
I20260807 13:00:41.722077 0x20b9da080 database_cache.cc:236]  180 in 0.013s (loaded all 180)
I20260807 13:00:41.722108 0x20b9da080 database_cache.cc:255] Loading pose priors...
I20260807 13:00:41.722124 0x20b9da080 database_cache.cc:263]  0 in 0.000s
I20260807 13:00:41.722129 0x20b9da080 database_cache.cc:271] Building correspondence graph...
I20260807 13:00:41.745009 0x20b9da080 database_cache.cc:300]  in 0.023s (ignored 0)
I20260807 13:00:41.760943 0x20b9da080 official_bundle_adjustment_ceres.cc:1434] [AETHER gravity] injected 3/3 roll/pitch anchors, sigma_rad=0.00872665
I20260807 13:00:41.763946 0x20b9da080 official_bundle_adjustment_ceres.cc:923] [AETHER] solver_used=DENSE_SCHUR sparse_backend=EIGEN_SPARSE dense_backend=EIGEN mixed=0 threads=1
I20260807 13:00:41.767391 0x20b9da080 official_bundle_adjustment_ceres.cc:1434] [AETHER gravity] injected 3/3 roll/pitch anchors, sigma_rad=0.00872665
I20260807 13:00:41.770687 0x20b9da080 official_bundle_adjustment_ceres.cc:923] [AETHER] solver_used=DENSE_SCHUR sparse_backend=EIGEN_SPARSE dense_backend=EIGEN mixed=0 threads=1
I20260807 13:00:41.931926 0x20b9da080 database_cache.cc:72] Loading rigs...
I20260807 13:00:41.931947 0x20b9da080 database_cache.cc:82]  0 in 0.000s
I20260807 13:00:41.931954 0x20b9da080 database_cache.cc:90] Loading cameras...
I20260807 13:00:41.932002 0x20b9da080 database_cache.cc:108]  181 in 0.000s
I20260807 13:00:41.932006 0x20b9da080 database_cache.cc:116] Loading frames...
I20260807 13:00:41.932013 0x20b9da080 database_cache.cc:126]  0 in 0.000s
I20260807 13:00:41.932017 0x20b9da080 database_cache.cc:134] Loading matches...
I20260807 13:00:41.933138 0x20b9da080 database_cache.cc:139]  1706 in 0.001s
I20260807 13:00:41.933145 0x20b9da080 database_cache.cc:147] Loading images...
I20260807 13:00:41.946458 0x20b9da080 database_cache.cc:236]  181 in 0.013s (loaded all 181)
I20260807 13:00:41.946498 0x20b9da080 database_cache.cc:255] Loading pose priors...
I20260807 13:00:41.946517 0x20b9da080 database_cache.cc:263]  0 in 0.000s
I20260807 13:00:41.946523 0x20b9da080 database_cache.cc:271] Building correspondence graph...
I20260807 13:00:41.971736 0x20b9da080 database_cache.cc:300]  in 0.025s (ignored 0)
I20260807 13:00:41.987578 0x20b9da080 official_bundle_adjustment_ceres.cc:1434] [AETHER gravity] injected 2/2 roll/pitch anchors, sigma_rad=0.00872665
I20260807 13:00:41.988391 0x20b9da080 official_bundle_adjustment_ceres.cc:923] [AETHER] solver_used=DENSE_SCHUR sparse_backend=EIGEN_SPARSE dense_backend=EIGEN mixed=0 threads=1
I20260807 13:00:41.994172 0x20b9da080 official_bundle_adjustment_ceres.cc:1434] [AETHER gravity] injected 2/2 roll/pitch anchors, sigma_rad=0.00872665
I20260807 13:00:41.995106 0x20b9da080 official_bundle_adjustment_ceres.cc:923] [AETHER] solver_used=DENSE_SCHUR sparse_backend=EIGEN_SPARSE dense_backend=EIGEN mixed=0 threads=1
I20260807 13:00:42.306289 0x20b9da080 database_cache.cc:72] Loading rigs...
I20260807 13:00:42.306315 0x20b9da080 database_cache.cc:82]  0 in 0.000s
I20260807 13:00:42.306324 0x20b9da080 database_cache.cc:90] Loading cameras...
I20260807 13:00:42.306374 0x20b9da080 database_cache.cc:108]  182 in 0.000s
I20260807 13:00:42.306380 0x20b9da080 database_cache.cc:116] Loading frames...
I20260807 13:00:42.306387 0x20b9da080 database_cache.cc:126]  0 in 0.000s
I20260807 13:00:42.306391 0x20b9da080 database_cache.cc:134] Loading matches...
I20260807 13:00:42.308554 0x20b9da080 database_cache.cc:139]  1716 in 0.002s
I20260807 13:00:42.308573 0x20b9da080 database_cache.cc:147] Loading images...
I20260807 13:00:42.322030 0x20b9da080 database_cache.cc:236]  182 in 0.013s (loaded all 182)
I20260807 13:00:42.322067 0x20b9da080 database_cache.cc:255] Loading pose priors...
I20260807 13:00:42.322082 0x20b9da080 database_cache.cc:263]  0 in 0.000s
I20260807 13:00:42.322088 0x20b9da080 database_cache.cc:271] Building correspondence graph...
I20260807 13:00:42.346455 0x20b9da080 database_cache.cc:300]  in 0.024s (ignored 0)
I20260807 13:00:42.362673 0x20b9da080 official_bundle_adjustment_ceres.cc:1434] [AETHER gravity] injected 4/4 roll/pitch anchors, sigma_rad=0.00872665
I20260807 13:00:42.365767 0x20b9da080 official_bundle_adjustment_ceres.cc:923] [AETHER] solver_used=DENSE_SCHUR sparse_backend=EIGEN_SPARSE dense_backend=EIGEN mixed=0 threads=1
I20260807 13:00:42.369287 0x20b9da080 official_bundle_adjustment_ceres.cc:1434] [AETHER gravity] injected 4/4 roll/pitch anchors, sigma_rad=0.00872665
I20260807 13:00:42.370532 0x20b9da080 official_bundle_adjustment_ceres.cc:923] [AETHER] solver_used=DENSE_SCHUR sparse_backend=EIGEN_SPARSE dense_backend=EIGEN mixed=0 threads=1
I20260807 13:00:42.672254 0x20b9da080 database_cache.cc:72] Loading rigs...
I20260807 13:00:42.672278 0x20b9da080 database_cache.cc:82]  0 in 0.000s
I20260807 13:00:42.672284 0x20b9da080 database_cache.cc:90] Loading cameras...
I20260807 13:00:42.672335 0x20b9da080 database_cache.cc:108]  183 in 0.000s
I20260807 13:00:42.672341 0x20b9da080 database_cache.cc:116] Loading frames...
I20260807 13:00:42.672348 0x20b9da080 database_cache.cc:126]  0 in 0.000s
I20260807 13:00:42.672352 0x20b9da080 database_cache.cc:134] Loading matches...
I20260807 13:00:42.673543 0x20b9da080 database_cache.cc:139]  1728 in 0.001s
I20260807 13:00:42.673560 0x20b9da080 database_cache.cc:147] Loading images...
I20260807 13:00:42.686893 0x20b9da080 database_cache.cc:236]  183 in 0.013s (loaded all 183)
I20260807 13:00:42.686931 0x20b9da080 database_cache.cc:255] Loading pose priors...
I20260807 13:00:42.686947 0x20b9da080 database_cache.cc:263]  0 in 0.000s
I20260807 13:00:42.686953 0x20b9da080 database_cache.cc:271] Building correspondence graph...
I20260807 13:00:42.710671 0x20b9da080 database_cache.cc:300]  in 0.024s (ignored 0)
I20260807 13:00:42.727443 0x20b9da080 official_bundle_adjustment_ceres.cc:1434] [AETHER gravity] injected 3/3 roll/pitch anchors, sigma_rad=0.00872665
I20260807 13:00:42.730969 0x20b9da080 official_bundle_adjustment_ceres.cc:923] [AETHER] solver_used=DENSE_SCHUR sparse_backend=EIGEN_SPARSE dense_backend=EIGEN mixed=0 threads=1
I20260807 13:00:42.735218 0x20b9da080 official_bundle_adjustment_ceres.cc:1434] [AETHER gravity] injected 4/4 roll/pitch anchors, sigma_rad=0.00872665
I20260807 13:00:42.739015 0x20b9da080 official_bundle_adjustment_ceres.cc:923] [AETHER] solver_used=DENSE_SCHUR sparse_backend=EIGEN_SPARSE dense_backend=EIGEN mixed=0 threads=1
I20260807 13:00:42.961135 0x20b9da080 database_cache.cc:72] Loading rigs...
I20260807 13:00:42.961162 0x20b9da080 database_cache.cc:82]  0 in 0.000s
I20260807 13:00:42.961171 0x20b9da080 database_cache.cc:90] Loading cameras...
I20260807 13:00:42.961230 0x20b9da080 database_cache.cc:108]  184 in 0.000s
I20260807 13:00:42.961235 0x20b9da080 database_cache.cc:116] Loading frames...
I20260807 13:00:42.961242 0x20b9da080 database_cache.cc:126]  0 in 0.000s
I20260807 13:00:42.961246 0x20b9da080 database_cache.cc:134] Loading matches...
I20260807 13:00:42.963582 0x20b9da080 database_cache.cc:139]  1739 in 0.002s
I20260807 13:00:42.963590 0x20b9da080 database_cache.cc:147] Loading images...
I20260807 13:00:42.976218 0x20b9da080 database_cache.cc:236]  184 in 0.013s (loaded all 184)
I20260807 13:00:42.976257 0x20b9da080 database_cache.cc:255] Loading pose priors...
I20260807 13:00:42.976274 0x20b9da080 database_cache.cc:263]  0 in 0.000s
I20260807 13:00:42.976279 0x20b9da080 database_cache.cc:271] Building correspondence graph...
I20260807 13:00:42.999193 0x20b9da080 database_cache.cc:300]  in 0.023s (ignored 0)
I20260807 13:00:43.015938 0x20b9da080 official_bundle_adjustment_ceres.cc:1434] [AETHER gravity] injected 5/5 roll/pitch anchors, sigma_rad=0.00872665
W20260807 13:00:43.022539 0x20b9da080 levenberg_marquardt_strategy.cc:123] Linear solver failure. Failed to compute a step: Eigen failure. Unable to perform dense Cholesky factorization.
I20260807 13:00:43.022856 0x20b9da080 official_bundle_adjustment_ceres.cc:923] [AETHER] solver_used=DENSE_SCHUR sparse_backend=EIGEN_SPARSE dense_backend=EIGEN mixed=0 threads=1
I20260807 13:00:43.026624 0x20b9da080 official_bundle_adjustment_ceres.cc:1434] [AETHER gravity] injected 4/4 roll/pitch anchors, sigma_rad=0.00872665
I20260807 13:00:43.027618 0x20b9da080 official_bundle_adjustment_ceres.cc:923] [AETHER] solver_used=DENSE_SCHUR sparse_backend=EIGEN_SPARSE dense_backend=EIGEN mixed=0 threads=1
I20260807 13:00:43.302504 0x20b9da080 database_cache.cc:72] Loading rigs...
I20260807 13:00:43.302532 0x20b9da080 database_cache.cc:82]  0 in 0.000s
I20260807 13:00:43.302540 0x20b9da080 database_cache.cc:90] Loading cameras...
I20260807 13:00:43.302595 0x20b9da080 database_cache.cc:108]  185 in 0.000s
I20260807 13:00:43.302601 0x20b9da080 database_cache.cc:116] Loading frames...
I20260807 13:00:43.302608 0x20b9da080 database_cache.cc:126]  0 in 0.000s
I20260807 13:00:43.302612 0x20b9da080 database_cache.cc:134] Loading matches...
I20260807 13:00:43.303776 0x20b9da080 database_cache.cc:139]  1750 in 0.001s
I20260807 13:00:43.303782 0x20b9da080 database_cache.cc:147] Loading images...
I20260807 13:00:43.316481 0x20b9da080 database_cache.cc:236]  185 in 0.013s (loaded all 185)
I20260807 13:00:43.316507 0x20b9da080 database_cache.cc:255] Loading pose priors...
I20260807 13:00:43.316521 0x20b9da080 database_cache.cc:263]  0 in 0.000s
I20260807 13:00:43.316526 0x20b9da080 database_cache.cc:271] Building correspondence graph...
I20260807 13:00:43.339173 0x20b9da080 database_cache.cc:300]  in 0.023s (ignored 0)
I20260807 13:00:43.356130 0x20b9da080 official_bundle_adjustment_ceres.cc:1434] [AETHER gravity] injected 2/2 roll/pitch anchors, sigma_rad=0.00872665
I20260807 13:00:43.360462 0x20b9da080 official_bundle_adjustment_ceres.cc:923] [AETHER] solver_used=DENSE_SCHUR sparse_backend=EIGEN_SPARSE dense_backend=EIGEN mixed=0 threads=1
I20260807 13:00:43.365641 0x20b9da080 official_bundle_adjustment_ceres.cc:1434] [AETHER gravity] injected 2/2 roll/pitch anchors, sigma_rad=0.00872665
I20260807 13:00:43.368461 0x20b9da080 official_bundle_adjustment_ceres.cc:923] [AETHER] solver_used=DENSE_SCHUR sparse_backend=EIGEN_SPARSE dense_backend=EIGEN mixed=0 threads=1
I20260807 13:00:43.608329 0x20b9da080 database_cache.cc:72] Loading rigs...
I20260807 13:00:43.608352 0x20b9da080 database_cache.cc:82]  0 in 0.000s
I20260807 13:00:43.608358 0x20b9da080 database_cache.cc:90] Loading cameras...
I20260807 13:00:43.608414 0x20b9da080 database_cache.cc:108]  186 in 0.000s
I20260807 13:00:43.608419 0x20b9da080 database_cache.cc:116] Loading frames...
I20260807 13:00:43.608426 0x20b9da080 database_cache.cc:126]  0 in 0.000s
I20260807 13:00:43.608430 0x20b9da080 database_cache.cc:134] Loading matches...
I20260807 13:00:43.610260 0x20b9da080 database_cache.cc:139]  1762 in 0.002s
I20260807 13:00:43.610279 0x20b9da080 database_cache.cc:147] Loading images...
I20260807 13:00:43.623510 0x20b9da080 database_cache.cc:236]  186 in 0.013s (loaded all 186)
I20260807 13:00:43.623545 0x20b9da080 database_cache.cc:255] Loading pose priors...
I20260807 13:00:43.623571 0x20b9da080 database_cache.cc:263]  0 in 0.000s
I20260807 13:00:43.623585 0x20b9da080 database_cache.cc:271] Building correspondence graph...
I20260807 13:00:43.654562 0x20b9da080 database_cache.cc:300]  in 0.031s (ignored 0)
I20260807 13:00:43.673385 0x20b9da080 official_bundle_adjustment_ceres.cc:1434] [AETHER gravity] injected 5/5 roll/pitch anchors, sigma_rad=0.00872665
I20260807 13:00:43.681042 0x20b9da080 official_bundle_adjustment_ceres.cc:923] [AETHER] solver_used=DENSE_SCHUR sparse_backend=EIGEN_SPARSE dense_backend=EIGEN mixed=0 threads=1
I20260807 13:00:43.685160 0x20b9da080 official_bundle_adjustment_ceres.cc:1434] [AETHER gravity] injected 5/5 roll/pitch anchors, sigma_rad=0.00872665
I20260807 13:00:43.689265 0x20b9da080 official_bundle_adjustment_ceres.cc:923] [AETHER] solver_used=DENSE_SCHUR sparse_backend=EIGEN_SPARSE dense_backend=EIGEN mixed=0 threads=1
I20260807 13:00:43.836419 0x20b9da080 database_cache.cc:72] Loading rigs...
I20260807 13:00:43.836445 0x20b9da080 database_cache.cc:82]  0 in 0.000s
I20260807 13:00:43.836455 0x20b9da080 database_cache.cc:90] Loading cameras...
I20260807 13:00:43.836505 0x20b9da080 database_cache.cc:108]  187 in 0.000s
I20260807 13:00:43.836511 0x20b9da080 database_cache.cc:116] Loading frames...
I20260807 13:00:43.836517 0x20b9da080 database_cache.cc:126]  0 in 0.000s
I20260807 13:00:43.836524 0x20b9da080 database_cache.cc:134] Loading matches...
I20260807 13:00:43.837713 0x20b9da080 database_cache.cc:139]  1772 in 0.001s
I20260807 13:00:43.837915 0x20b9da080 database_cache.cc:147] Loading images...
I20260807 13:00:43.851776 0x20b9da080 database_cache.cc:236]  187 in 0.014s (loaded all 187)
I20260807 13:00:43.851817 0x20b9da080 database_cache.cc:255] Loading pose priors...
I20260807 13:00:43.851833 0x20b9da080 database_cache.cc:263]  0 in 0.000s
I20260807 13:00:43.851840 0x20b9da080 database_cache.cc:271] Building correspondence graph...
I20260807 13:00:43.874773 0x20b9da080 database_cache.cc:300]  in 0.023s (ignored 0)
I20260807 13:00:43.889402 0x20b9da080 official_bundle_adjustment_ceres.cc:1434] [AETHER gravity] injected 6/6 roll/pitch anchors, sigma_rad=0.00872665
I20260807 13:00:43.895695 0x20b9da080 official_bundle_adjustment_ceres.cc:923] [AETHER] solver_used=DENSE_SCHUR sparse_backend=EIGEN_SPARSE dense_backend=EIGEN mixed=0 threads=1
I20260807 13:00:43.897971 0x20b9da080 official_bundle_adjustment_ceres.cc:1434] [AETHER gravity] injected 4/4 roll/pitch anchors, sigma_rad=0.00872665
I20260807 13:00:43.901524 0x20b9da080 official_bundle_adjustment_ceres.cc:923] [AETHER] solver_used=DENSE_SCHUR sparse_backend=EIGEN_SPARSE dense_backend=EIGEN mixed=0 threads=1
I20260807 13:00:44.041357 0x20b9da080 database_cache.cc:72] Loading rigs...
I20260807 13:00:44.041381 0x20b9da080 database_cache.cc:82]  0 in 0.000s
I20260807 13:00:44.041388 0x20b9da080 database_cache.cc:90] Loading cameras...
I20260807 13:00:44.041435 0x20b9da080 database_cache.cc:108]  188 in 0.000s
I20260807 13:00:44.041440 0x20b9da080 database_cache.cc:116] Loading frames...
I20260807 13:00:44.041447 0x20b9da080 database_cache.cc:126]  0 in 0.000s
I20260807 13:00:44.041450 0x20b9da080 database_cache.cc:134] Loading matches...
I20260807 13:00:44.042565 0x20b9da080 database_cache.cc:139]  1781 in 0.001s
I20260807 13:00:44.042570 0x20b9da080 database_cache.cc:147] Loading images...
I20260807 13:00:44.055478 0x20b9da080 database_cache.cc:236]  188 in 0.013s (loaded all 188)
I20260807 13:00:44.055495 0x20b9da080 database_cache.cc:255] Loading pose priors...
I20260807 13:00:44.055508 0x20b9da080 database_cache.cc:263]  0 in 0.000s
I20260807 13:00:44.055513 0x20b9da080 database_cache.cc:271] Building correspondence graph...
I20260807 13:00:44.078273 0x20b9da080 database_cache.cc:300]  in 0.023s (ignored 0)
I20260807 13:00:44.093964 0x20b9da080 official_bundle_adjustment_ceres.cc:1434] [AETHER gravity] injected 4/4 roll/pitch anchors, sigma_rad=0.00872665
I20260807 13:00:44.097360 0x20b9da080 official_bundle_adjustment_ceres.cc:923] [AETHER] solver_used=DENSE_SCHUR sparse_backend=EIGEN_SPARSE dense_backend=EIGEN mixed=0 threads=1
I20260807 13:00:44.100561 0x20b9da080 official_bundle_adjustment_ceres.cc:1434] [AETHER gravity] injected 5/5 roll/pitch anchors, sigma_rad=0.00872665
I20260807 13:00:44.105651 0x20b9da080 official_bundle_adjustment_ceres.cc:923] [AETHER] solver_used=DENSE_SCHUR sparse_backend=EIGEN_SPARSE dense_backend=EIGEN mixed=0 threads=1
I20260807 13:00:44.422277 0x20b9da080 database_cache.cc:72] Loading rigs...
I20260807 13:00:44.422305 0x20b9da080 database_cache.cc:82]  0 in 0.000s
I20260807 13:00:44.422311 0x20b9da080 database_cache.cc:90] Loading cameras...
I20260807 13:00:44.422363 0x20b9da080 database_cache.cc:108]  189 in 0.000s
I20260807 13:00:44.422367 0x20b9da080 database_cache.cc:116] Loading frames...
I20260807 13:00:44.422375 0x20b9da080 database_cache.cc:126]  0 in 0.000s
I20260807 13:00:44.422379 0x20b9da080 database_cache.cc:134] Loading matches...
I20260807 13:00:44.423512 0x20b9da080 database_cache.cc:139]  1791 in 0.001s
I20260807 13:00:44.423519 0x20b9da080 database_cache.cc:147] Loading images...
I20260807 13:00:44.436691 0x20b9da080 database_cache.cc:236]  189 in 0.013s (loaded all 189)
I20260807 13:00:44.436708 0x20b9da080 database_cache.cc:255] Loading pose priors...
I20260807 13:00:44.436724 0x20b9da080 database_cache.cc:263]  0 in 0.000s
I20260807 13:00:44.436729 0x20b9da080 database_cache.cc:271] Building correspondence graph...
I20260807 13:00:44.460017 0x20b9da080 database_cache.cc:300]  in 0.023s (ignored 0)
I20260807 13:00:44.480871 0x20b9da080 official_bundle_adjustment_ceres.cc:1434] [AETHER gravity] injected 4/4 roll/pitch anchors, sigma_rad=0.00872665
I20260807 13:00:44.499375 0x20b9da080 official_bundle_adjustment_ceres.cc:923] [AETHER] solver_used=DENSE_SCHUR sparse_backend=EIGEN_SPARSE dense_backend=EIGEN mixed=0 threads=1
I20260807 13:00:44.504043 0x20b9da080 official_bundle_adjustment_ceres.cc:1434] [AETHER gravity] injected 3/3 roll/pitch anchors, sigma_rad=0.00872665
I20260807 13:00:44.509939 0x20b9da080 official_bundle_adjustment_ceres.cc:923] [AETHER] solver_used=DENSE_SCHUR sparse_backend=EIGEN_SPARSE dense_backend=EIGEN mixed=0 threads=1
I20260807 13:00:44.895539 0x20b9da080 database_cache.cc:72] Loading rigs...
I20260807 13:00:44.895563 0x20b9da080 database_cache.cc:82]  0 in 0.000s
I20260807 13:00:44.895572 0x20b9da080 database_cache.cc:90] Loading cameras...
I20260807 13:00:44.895623 0x20b9da080 database_cache.cc:108]  190 in 0.000s
I20260807 13:00:44.895719 0x20b9da080 database_cache.cc:116] Loading frames...
I20260807 13:00:44.895730 0x20b9da080 database_cache.cc:126]  0 in 0.000s
I20260807 13:00:44.895735 0x20b9da080 database_cache.cc:134] Loading matches...
I20260807 13:00:44.896894 0x20b9da080 database_cache.cc:139]  1805 in 0.001s
I20260807 13:00:44.896903 0x20b9da080 database_cache.cc:147] Loading images...
I20260807 13:00:44.910163 0x20b9da080 database_cache.cc:236]  190 in 0.013s (loaded all 190)
I20260807 13:00:44.910185 0x20b9da080 database_cache.cc:255] Loading pose priors...
I20260807 13:00:44.910199 0x20b9da080 database_cache.cc:263]  0 in 0.000s
I20260807 13:00:44.910204 0x20b9da080 database_cache.cc:271] Building correspondence graph...
I20260807 13:00:44.934017 0x20b9da080 database_cache.cc:300]  in 0.024s (ignored 0)
I20260807 13:00:44.955777 0x20b9da080 official_bundle_adjustment_ceres.cc:1434] [AETHER gravity] injected 4/4 roll/pitch anchors, sigma_rad=0.00872665
I20260807 13:00:44.973441 0x20b9da080 official_bundle_adjustment_ceres.cc:923] [AETHER] solver_used=DENSE_SCHUR sparse_backend=EIGEN_SPARSE dense_backend=EIGEN mixed=0 threads=1
I20260807 13:00:44.978644 0x20b9da080 official_bundle_adjustment_ceres.cc:1434] [AETHER gravity] injected 5/5 roll/pitch anchors, sigma_rad=0.00872665
I20260807 13:00:45.003394 0x20b9da080 official_bundle_adjustment_ceres.cc:923] [AETHER] solver_used=DENSE_SCHUR sparse_backend=EIGEN_SPARSE dense_backend=EIGEN mixed=0 threads=1
I20260807 13:00:45.296603 0x20b9da080 database_cache.cc:72] Loading rigs...
I20260807 13:00:45.296626 0x20b9da080 database_cache.cc:82]  0 in 0.000s
I20260807 13:00:45.296634 0x20b9da080 database_cache.cc:90] Loading cameras...
I20260807 13:00:45.296682 0x20b9da080 database_cache.cc:108]  191 in 0.000s
I20260807 13:00:45.296687 0x20b9da080 database_cache.cc:116] Loading frames...
I20260807 13:00:45.296693 0x20b9da080 database_cache.cc:126]  0 in 0.000s
I20260807 13:00:45.296697 0x20b9da080 database_cache.cc:134] Loading matches...
I20260807 13:00:45.297792 0x20b9da080 database_cache.cc:139]  1817 in 0.001s
I20260807 13:00:45.297799 0x20b9da080 database_cache.cc:147] Loading images...
I20260807 13:00:45.310869 0x20b9da080 database_cache.cc:236]  191 in 0.013s (loaded all 191)
I20260807 13:00:45.310901 0x20b9da080 database_cache.cc:255] Loading pose priors...
I20260807 13:00:45.310916 0x20b9da080 database_cache.cc:263]  0 in 0.000s
I20260807 13:00:45.310922 0x20b9da080 database_cache.cc:271] Building correspondence graph...
I20260807 13:00:45.335272 0x20b9da080 database_cache.cc:300]  in 0.024s (ignored 0)
I20260807 13:00:45.357580 0x20b9da080 official_bundle_adjustment_ceres.cc:1434] [AETHER gravity] injected 6/6 roll/pitch anchors, sigma_rad=0.00872665
I20260807 13:00:45.386735 0x20b9da080 official_bundle_adjustment_ceres.cc:923] [AETHER] solver_used=DENSE_SCHUR sparse_backend=EIGEN_SPARSE dense_backend=EIGEN mixed=0 threads=6
I20260807 13:00:45.393254 0x20b9da080 official_bundle_adjustment_ceres.cc:1434] [AETHER gravity] injected 6/6 roll/pitch anchors, sigma_rad=0.00872665
I20260807 13:00:45.427418 0x20b9da080 official_bundle_adjustment_ceres.cc:923] [AETHER] solver_used=DENSE_SCHUR sparse_backend=EIGEN_SPARSE dense_backend=EIGEN mixed=0 threads=6
I20260807 13:00:45.750412 0x20b9da080 database_cache.cc:72] Loading rigs...
I20260807 13:00:45.750437 0x20b9da080 database_cache.cc:82]  0 in 0.000s
I20260807 13:00:45.750445 0x20b9da080 database_cache.cc:90] Loading cameras...
I20260807 13:00:45.750494 0x20b9da080 database_cache.cc:108]  192 in 0.000s
I20260807 13:00:45.750499 0x20b9da080 database_cache.cc:116] Loading frames...
I20260807 13:00:45.750506 0x20b9da080 database_cache.cc:126]  0 in 0.000s
I20260807 13:00:45.750509 0x20b9da080 database_cache.cc:134] Loading matches...
I20260807 13:00:45.757809 0x20b9da080 database_cache.cc:139]  1829 in 0.007s
I20260807 13:00:45.757835 0x20b9da080 database_cache.cc:147] Loading images...
I20260807 13:00:45.778745 0x20b9da080 database_cache.cc:236]  192 in 0.021s (loaded all 192)
I20260807 13:00:45.778777 0x20b9da080 database_cache.cc:255] Loading pose priors...
I20260807 13:00:45.778787 0x20b9da080 database_cache.cc:263]  0 in 0.000s
I20260807 13:00:45.778792 0x20b9da080 database_cache.cc:271] Building correspondence graph...
I20260807 13:00:45.803141 0x20b9da080 database_cache.cc:300]  in 0.024s (ignored 0)
I20260807 13:00:45.824260 0x20b9da080 official_bundle_adjustment_ceres.cc:1434] [AETHER gravity] injected 6/6 roll/pitch anchors, sigma_rad=0.00872665
I20260807 13:00:45.840724 0x20b9da080 official_bundle_adjustment_ceres.cc:923] [AETHER] solver_used=DENSE_SCHUR sparse_backend=EIGEN_SPARSE dense_backend=EIGEN mixed=0 threads=1
I20260807 13:00:45.846060 0x20b9da080 official_bundle_adjustment_ceres.cc:1434] [AETHER gravity] injected 5/5 roll/pitch anchors, sigma_rad=0.00872665
I20260807 13:00:45.859412 0x20b9da080 official_bundle_adjustment_ceres.cc:923] [AETHER] solver_used=DENSE_SCHUR sparse_backend=EIGEN_SPARSE dense_backend=EIGEN mixed=0 threads=1
I20260807 13:00:46.159219 0x20b9da080 database_cache.cc:72] Loading rigs...
I20260807 13:00:46.159241 0x20b9da080 database_cache.cc:82]  0 in 0.000s
I20260807 13:00:46.159249 0x20b9da080 database_cache.cc:90] Loading cameras...
I20260807 13:00:46.159550 0x20b9da080 database_cache.cc:108]  193 in 0.000s
I20260807 13:00:46.159557 0x20b9da080 database_cache.cc:116] Loading frames...
I20260807 13:00:46.159566 0x20b9da080 database_cache.cc:126]  0 in 0.000s
I20260807 13:00:46.159571 0x20b9da080 database_cache.cc:134] Loading matches...
I20260807 13:00:46.161522 0x20b9da080 database_cache.cc:139]  1841 in 0.002s
I20260807 13:00:46.161533 0x20b9da080 database_cache.cc:147] Loading images...
I20260807 13:00:46.175176 0x20b9da080 database_cache.cc:236]  193 in 0.014s (loaded all 193)
I20260807 13:00:46.175209 0x20b9da080 database_cache.cc:255] Loading pose priors...
I20260807 13:00:46.175226 0x20b9da080 database_cache.cc:263]  0 in 0.000s
I20260807 13:00:46.175233 0x20b9da080 database_cache.cc:271] Building correspondence graph...
I20260807 13:00:46.200012 0x20b9da080 database_cache.cc:300]  in 0.025s (ignored 0)
I20260807 13:00:46.220027 0x20b9da080 official_bundle_adjustment_ceres.cc:1434] [AETHER gravity] injected 6/6 roll/pitch anchors, sigma_rad=0.00872665
I20260807 13:00:46.238102 0x20b9da080 official_bundle_adjustment_ceres.cc:923] [AETHER] solver_used=DENSE_SCHUR sparse_backend=EIGEN_SPARSE dense_backend=EIGEN mixed=0 threads=1
I20260807 13:00:46.242841 0x20b9da080 official_bundle_adjustment_ceres.cc:1434] [AETHER gravity] injected 4/4 roll/pitch anchors, sigma_rad=0.00872665
I20260807 13:00:46.248322 0x20b9da080 official_bundle_adjustment_ceres.cc:923] [AETHER] solver_used=DENSE_SCHUR sparse_backend=EIGEN_SPARSE dense_backend=EIGEN mixed=0 threads=1
I20260807 13:00:46.589783 0x20b9da080 database_cache.cc:72] Loading rigs...
I20260807 13:00:46.589809 0x20b9da080 database_cache.cc:82]  0 in 0.000s
I20260807 13:00:46.589815 0x20b9da080 database_cache.cc:90] Loading cameras...
I20260807 13:00:46.589871 0x20b9da080 database_cache.cc:108]  194 in 0.000s
I20260807 13:00:46.589876 0x20b9da080 database_cache.cc:116] Loading frames...
I20260807 13:00:46.589883 0x20b9da080 database_cache.cc:126]  0 in 0.000s
I20260807 13:00:46.589886 0x20b9da080 database_cache.cc:134] Loading matches...
I20260807 13:00:46.593108 0x20b9da080 database_cache.cc:139]  1853 in 0.003s
I20260807 13:00:46.593129 0x20b9da080 database_cache.cc:147] Loading images...
I20260807 13:00:46.607410 0x20b9da080 database_cache.cc:236]  194 in 0.014s (loaded all 194)
I20260807 13:00:46.607444 0x20b9da080 database_cache.cc:255] Loading pose priors...
I20260807 13:00:46.607458 0x20b9da080 database_cache.cc:263]  0 in 0.000s
I20260807 13:00:46.607464 0x20b9da080 database_cache.cc:271] Building correspondence graph...
I20260807 13:00:46.632459 0x20b9da080 database_cache.cc:300]  in 0.025s (ignored 0)
I20260807 13:00:46.656245 0x20b9da080 official_bundle_adjustment_ceres.cc:1434] [AETHER gravity] injected 6/6 roll/pitch anchors, sigma_rad=0.00872665
I20260807 13:00:46.691662 0x20b9da080 official_bundle_adjustment_ceres.cc:923] [AETHER] solver_used=DENSE_SCHUR sparse_backend=EIGEN_SPARSE dense_backend=EIGEN mixed=0 threads=6
I20260807 13:00:46.697943 0x20b9da080 official_bundle_adjustment_ceres.cc:1434] [AETHER gravity] injected 4/4 roll/pitch anchors, sigma_rad=0.00872665
I20260807 13:00:46.708716 0x20b9da080 official_bundle_adjustment_ceres.cc:923] [AETHER] solver_used=DENSE_SCHUR sparse_backend=EIGEN_SPARSE dense_backend=EIGEN mixed=0 threads=1
I20260807 13:00:47.136851 0x20b9da080 database_cache.cc:72] Loading rigs...
I20260807 13:00:47.136876 0x20b9da080 database_cache.cc:82]  0 in 0.000s
I20260807 13:00:47.136883 0x20b9da080 database_cache.cc:90] Loading cameras...
I20260807 13:00:47.136934 0x20b9da080 database_cache.cc:108]  195 in 0.000s
I20260807 13:00:47.136939 0x20b9da080 database_cache.cc:116] Loading frames...
I20260807 13:00:47.136945 0x20b9da080 database_cache.cc:126]  0 in 0.000s
I20260807 13:00:47.136949 0x20b9da080 database_cache.cc:134] Loading matches...
I20260807 13:00:47.138202 0x20b9da080 database_cache.cc:139]  1869 in 0.001s
I20260807 13:00:47.138213 0x20b9da080 database_cache.cc:147] Loading images...
I20260807 13:00:47.153729 0x20b9da080 database_cache.cc:236]  195 in 0.016s (loaded all 195)
I20260807 13:00:47.153782 0x20b9da080 database_cache.cc:255] Loading pose priors...
I20260807 13:00:47.153807 0x20b9da080 database_cache.cc:263]  0 in 0.000s
I20260807 13:00:47.153817 0x20b9da080 database_cache.cc:271] Building correspondence graph...
I20260807 13:00:47.179488 0x20b9da080 database_cache.cc:300]  in 0.026s (ignored 0)
I20260807 13:00:47.203247 0x20b9da080 official_bundle_adjustment_ceres.cc:1434] [AETHER gravity] injected 6/6 roll/pitch anchors, sigma_rad=0.00872665
I20260807 13:00:47.250356 0x20b9da080 official_bundle_adjustment_ceres.cc:923] [AETHER] solver_used=DENSE_SCHUR sparse_backend=EIGEN_SPARSE dense_backend=EIGEN mixed=0 threads=6
I20260807 13:00:47.257255 0x20b9da080 official_bundle_adjustment_ceres.cc:1434] [AETHER gravity] injected 5/5 roll/pitch anchors, sigma_rad=0.00872665
I20260807 13:00:47.266786 0x20b9da080 official_bundle_adjustment_ceres.cc:923] [AETHER] solver_used=DENSE_SCHUR sparse_backend=EIGEN_SPARSE dense_backend=EIGEN mixed=0 threads=1
I20260807 13:00:47.625555 0x20b9da080 database_cache.cc:72] Loading rigs...
I20260807 13:00:47.625578 0x20b9da080 database_cache.cc:82]  0 in 0.000s
I20260807 13:00:47.625584 0x20b9da080 database_cache.cc:90] Loading cameras...
I20260807 13:00:47.625634 0x20b9da080 database_cache.cc:108]  196 in 0.000s
I20260807 13:00:47.625639 0x20b9da080 database_cache.cc:116] Loading frames...
I20260807 13:00:47.625646 0x20b9da080 database_cache.cc:126]  0 in 0.000s
I20260807 13:00:47.625650 0x20b9da080 database_cache.cc:134] Loading matches...
I20260807 13:00:47.626870 0x20b9da080 database_cache.cc:139]  1881 in 0.001s
I20260807 13:00:47.626880 0x20b9da080 database_cache.cc:147] Loading images...
I20260807 13:00:47.641192 0x20b9da080 database_cache.cc:236]  196 in 0.014s (loaded all 196)
I20260807 13:00:47.641230 0x20b9da080 database_cache.cc:255] Loading pose priors...
I20260807 13:00:47.641248 0x20b9da080 database_cache.cc:263]  0 in 0.000s
I20260807 13:00:47.641255 0x20b9da080 database_cache.cc:271] Building correspondence graph...
I20260807 13:00:47.668344 0x20b9da080 database_cache.cc:300]  in 0.027s (ignored 0)
I20260807 13:00:47.698414 0x20b9da080 official_bundle_adjustment_ceres.cc:1434] [AETHER gravity] injected 6/6 roll/pitch anchors, sigma_rad=0.00872665
I20260807 13:00:47.732308 0x20b9da080 official_bundle_adjustment_ceres.cc:923] [AETHER] solver_used=DENSE_SCHUR sparse_backend=EIGEN_SPARSE dense_backend=EIGEN mixed=0 threads=6
I20260807 13:00:47.741488 0x20b9da080 official_bundle_adjustment_ceres.cc:1434] [AETHER gravity] injected 5/5 roll/pitch anchors, sigma_rad=0.00872665
I20260807 13:00:47.760172 0x20b9da080 official_bundle_adjustment_ceres.cc:923] [AETHER] solver_used=DENSE_SCHUR sparse_backend=EIGEN_SPARSE dense_backend=EIGEN mixed=0 threads=1
I20260807 13:00:48.072636 0x20b9da080 database_cache.cc:72] Loading rigs...
I20260807 13:00:48.072661 0x20b9da080 database_cache.cc:82]  0 in 0.000s
I20260807 13:00:48.072668 0x20b9da080 database_cache.cc:90] Loading cameras...
I20260807 13:00:48.072741 0x20b9da080 database_cache.cc:108]  197 in 0.000s
I20260807 13:00:48.072746 0x20b9da080 database_cache.cc:116] Loading frames...
I20260807 13:00:48.072753 0x20b9da080 database_cache.cc:126]  0 in 0.000s
I20260807 13:00:48.072757 0x20b9da080 database_cache.cc:134] Loading matches...
I20260807 13:00:48.074273 0x20b9da080 database_cache.cc:139]  1893 in 0.002s
I20260807 13:00:48.074303 0x20b9da080 database_cache.cc:147] Loading images...
I20260807 13:00:48.090045 0x20b9da080 database_cache.cc:236]  197 in 0.016s (loaded all 197)
I20260807 13:00:48.090080 0x20b9da080 database_cache.cc:255] Loading pose priors...
I20260807 13:00:48.090094 0x20b9da080 database_cache.cc:263]  0 in 0.000s
I20260807 13:00:48.090099 0x20b9da080 database_cache.cc:271] Building correspondence graph...
I20260807 13:00:48.117221 0x20b9da080 database_cache.cc:300]  in 0.027s (ignored 0)
I20260807 13:00:48.149704 0x20b9da080 official_bundle_adjustment_ceres.cc:1434] [AETHER gravity] injected 6/6 roll/pitch anchors, sigma_rad=0.00872665
I20260807 13:00:48.181812 0x20b9da080 official_bundle_adjustment_ceres.cc:923] [AETHER] solver_used=DENSE_SCHUR sparse_backend=EIGEN_SPARSE dense_backend=EIGEN mixed=0 threads=6
I20260807 13:00:48.194199 0x20b9da080 official_bundle_adjustment_ceres.cc:1434] [AETHER gravity] injected 6/6 roll/pitch anchors, sigma_rad=0.00872665
I20260807 13:00:48.201611 0x20b9da080 official_bundle_adjustment_ceres.cc:923] [AETHER] solver_used=DENSE_SCHUR sparse_backend=EIGEN_SPARSE dense_backend=EIGEN mixed=0 threads=1
I20260807 13:00:48.647409 0x20b9da080 database_cache.cc:72] Loading rigs...
I20260807 13:00:48.647435 0x20b9da080 database_cache.cc:82]  0 in 0.000s
I20260807 13:00:48.647442 0x20b9da080 database_cache.cc:90] Loading cameras...
I20260807 13:00:48.647513 0x20b9da080 database_cache.cc:108]  198 in 0.000s
I20260807 13:00:48.647518 0x20b9da080 database_cache.cc:116] Loading frames...
I20260807 13:00:48.647526 0x20b9da080 database_cache.cc:126]  0 in 0.000s
I20260807 13:00:48.647530 0x20b9da080 database_cache.cc:134] Loading matches...
I20260807 13:00:48.650585 0x20b9da080 database_cache.cc:139]  1905 in 0.003s
I20260807 13:00:48.650607 0x20b9da080 database_cache.cc:147] Loading images...
I20260807 13:00:48.665693 0x20b9da080 database_cache.cc:236]  198 in 0.015s (loaded all 198)
I20260807 13:00:48.665729 0x20b9da080 database_cache.cc:255] Loading pose priors...
I20260807 13:00:48.665741 0x20b9da080 database_cache.cc:263]  0 in 0.000s
I20260807 13:00:48.665747 0x20b9da080 database_cache.cc:271] Building correspondence graph...
I20260807 13:00:48.695700 0x20b9da080 database_cache.cc:300]  in 0.030s (ignored 0)
I20260807 13:00:49.087160 0x20b9da080 database_cache.cc:72] Loading rigs...
I20260807 13:00:49.087183 0x20b9da080 database_cache.cc:82]  0 in 0.000s
I20260807 13:00:49.087191 0x20b9da080 database_cache.cc:90] Loading cameras...
I20260807 13:00:49.087284 0x20b9da080 database_cache.cc:108]  199 in 0.000s
I20260807 13:00:49.087291 0x20b9da080 database_cache.cc:116] Loading frames...
I20260807 13:00:49.087298 0x20b9da080 database_cache.cc:126]  0 in 0.000s
I20260807 13:00:49.087303 0x20b9da080 database_cache.cc:134] Loading matches...
I20260807 13:00:49.106804 0x20b9da080 database_cache.cc:139]  1917 in 0.020s
I20260807 13:00:49.106837 0x20b9da080 database_cache.cc:147] Loading images...
I20260807 13:00:49.121049 0x20b9da080 database_cache.cc:236]  199 in 0.014s (loaded all 199)
I20260807 13:00:49.121093 0x20b9da080 database_cache.cc:255] Loading pose priors...
I20260807 13:00:49.121113 0x20b9da080 database_cache.cc:263]  0 in 0.000s
I20260807 13:00:49.121119 0x20b9da080 database_cache.cc:271] Building correspondence graph...
I20260807 13:00:49.148746 0x20b9da080 database_cache.cc:300]  in 0.028s (ignored 0)
I20260807 13:00:49.173181 0x20b9da080 official_bundle_adjustment_ceres.cc:1434] [AETHER gravity] injected 4/4 roll/pitch anchors, sigma_rad=0.00872665
I20260807 13:00:49.183423 0x20b9da080 official_bundle_adjustment_ceres.cc:923] [AETHER] solver_used=DENSE_SCHUR sparse_backend=EIGEN_SPARSE dense_backend=EIGEN mixed=0 threads=1
I20260807 13:00:49.190146 0x20b9da080 official_bundle_adjustment_ceres.cc:1434] [AETHER gravity] injected 4/4 roll/pitch anchors, sigma_rad=0.00872665
I20260807 13:00:49.194839 0x20b9da080 official_bundle_adjustment_ceres.cc:923] [AETHER] solver_used=DENSE_SCHUR sparse_backend=EIGEN_SPARSE dense_backend=EIGEN mixed=0 threads=1
I20260807 13:00:49.573595 0x20b9da080 database_cache.cc:72] Loading rigs...
I20260807 13:00:49.573624 0x20b9da080 database_cache.cc:82]  0 in 0.000s
I20260807 13:00:49.573631 0x20b9da080 database_cache.cc:90] Loading cameras...
I20260807 13:00:49.573681 0x20b9da080 database_cache.cc:108]  200 in 0.000s
I20260807 13:00:49.573685 0x20b9da080 database_cache.cc:116] Loading frames...
I20260807 13:00:49.573692 0x20b9da080 database_cache.cc:126]  0 in 0.000s
I20260807 13:00:49.573696 0x20b9da080 database_cache.cc:134] Loading matches...
I20260807 13:00:49.575055 0x20b9da080 database_cache.cc:139]  1931 in 0.001s
I20260807 13:00:49.575068 0x20b9da080 database_cache.cc:147] Loading images...
I20260807 13:00:49.589151 0x20b9da080 database_cache.cc:236]  200 in 0.014s (loaded all 200)
I20260807 13:00:49.589174 0x20b9da080 database_cache.cc:255] Loading pose priors...
I20260807 13:00:49.589187 0x20b9da080 database_cache.cc:263]  0 in 0.000s
I20260807 13:00:49.589192 0x20b9da080 database_cache.cc:271] Building correspondence graph...
I20260807 13:00:49.616830 0x20b9da080 database_cache.cc:300]  in 0.028s (ignored 0)
I20260807 13:00:49.642651 0x20b9da080 official_bundle_adjustment_ceres.cc:1434] [AETHER gravity] injected 4/4 roll/pitch anchors, sigma_rad=0.00872665
I20260807 13:00:49.668213 0x20b9da080 official_bundle_adjustment_ceres.cc:923] [AETHER] solver_used=DENSE_SCHUR sparse_backend=EIGEN_SPARSE dense_backend=EIGEN mixed=0 threads=1
I20260807 13:00:49.674526 0x20b9da080 official_bundle_adjustment_ceres.cc:1434] [AETHER gravity] injected 3/3 roll/pitch anchors, sigma_rad=0.00872665
I20260807 13:00:49.677403 0x20b9da080 official_bundle_adjustment_ceres.cc:923] [AETHER] solver_used=DENSE_SCHUR sparse_backend=EIGEN_SPARSE dense_backend=EIGEN mixed=0 threads=1
  fed 200/201 frames (last n_kp=8192)
I20260807 13:00:50.001628 0x20b9da080 database_cache.cc:72] Loading rigs...
I20260807 13:00:50.001656 0x20b9da080 database_cache.cc:82]  0 in 0.000s
I20260807 13:00:50.001662 0x20b9da080 database_cache.cc:90] Loading cameras...
I20260807 13:00:50.001720 0x20b9da080 database_cache.cc:108]  201 in 0.000s
I20260807 13:00:50.001725 0x20b9da080 database_cache.cc:116] Loading frames...
I20260807 13:00:50.001732 0x20b9da080 database_cache.cc:126]  0 in 0.000s
I20260807 13:00:50.001736 0x20b9da080 database_cache.cc:134] Loading matches...
I20260807 13:00:50.002970 0x20b9da080 database_cache.cc:139]  1943 in 0.001s
I20260807 13:00:50.002980 0x20b9da080 database_cache.cc:147] Loading images...
I20260807 13:00:50.017548 0x20b9da080 database_cache.cc:236]  201 in 0.015s (loaded all 201)
I20260807 13:00:50.017590 0x20b9da080 database_cache.cc:255] Loading pose priors...
I20260807 13:00:50.017606 0x20b9da080 database_cache.cc:263]  0 in 0.000s
I20260807 13:00:50.017613 0x20b9da080 database_cache.cc:271] Building correspondence graph...
I20260807 13:00:50.046546 0x20b9da080 database_cache.cc:300]  in 0.029s (ignored 0)
I20260807 13:00:50.071854 0x20b9da080 official_bundle_adjustment_ceres.cc:1434] [AETHER gravity] injected 4/4 roll/pitch anchors, sigma_rad=0.00872665
I20260807 13:00:50.089429 0x20b9da080 official_bundle_adjustment_ceres.cc:923] [AETHER] solver_used=DENSE_SCHUR sparse_backend=EIGEN_SPARSE dense_backend=EIGEN mixed=0 threads=1
I20260807 13:00:50.095858 0x20b9da080 official_bundle_adjustment_ceres.cc:1434] [AETHER gravity] injected 4/4 roll/pitch anchors, sigma_rad=0.00872665
I20260807 13:00:50.099106 0x20b9da080 official_bundle_adjustment_ceres.cc:923] [AETHER] solver_used=DENSE_SCHUR sparse_backend=EIGEN_SPARSE dense_backend=EIGEN mixed=0 threads=1
STREAMED fed=201 missing_pose=0 stream_ms=49091.9
FINALIZE_ASYNC phase1={"solve_ms":1.2,"n_models":1,"n_registered":201,"n_points3d":17067,"reproj_px":1.0866,"track_len":2.057,"phase1":"live_reuse"}
I20260807 13:00:50.105388 0x16fe2f000 database_cache.cc:72] Loading rigs...
I20260807 13:00:50.105408 0x16fe2f000 database_cache.cc:82]  0 in 0.000s
I20260807 13:00:50.105416 0x16fe2f000 database_cache.cc:90] Loading cameras...
I20260807 13:00:50.105467 0x16fe2f000 database_cache.cc:108]  201 in 0.000s
I20260807 13:00:50.105473 0x16fe2f000 database_cache.cc:116] Loading frames...
I20260807 13:00:50.105481 0x16fe2f000 database_cache.cc:126]  0 in 0.000s
I20260807 13:00:50.105486 0x16fe2f000 database_cache.cc:134] Loading matches...
I20260807 13:00:50.106656 0x16fe2f000 database_cache.cc:139]  1943 in 0.001s
I20260807 13:00:50.106666 0x16fe2f000 database_cache.cc:147] Loading images...
I20260807 13:00:50.120839 0x16fe2f000 database_cache.cc:236]  201 in 0.014s (loaded all 201)
I20260807 13:00:50.120864 0x16fe2f000 database_cache.cc:255] Loading pose priors...
I20260807 13:00:50.120879 0x16fe2f000 database_cache.cc:263]  0 in 0.000s
I20260807 13:00:50.120884 0x16fe2f000 database_cache.cc:271] Building correspondence graph...
I20260807 13:00:50.148528 0x16fe2f000 database_cache.cc:300]  in 0.028s (ignored 0)
I20260807 13:00:50.508706 0x16fe2f000 official_bundle_adjustment_ceres.cc:1434] [AETHER gravity] injected 188/189 roll/pitch anchors, sigma_rad=0.00872665
W20260807 13:00:50.572273 0x16febb000 official_aether_sfm_c.cc:5025] [aether_sfm] finalize re-match: starved_frames=3 candidates=73 attempted=73 written=0 inliers=0 failed=0 gpu_fail_capture=0
I20260807 13:00:51.420738 0x16fe2f000 official_bundle_adjustment_ceres.cc:923] [AETHER] solver_used=DENSE_SCHUR sparse_backend=EIGEN_SPARSE dense_backend=LAPACK mixed=0 threads=6
I20260807 13:00:51.471835 0x16fe2f000 official_incremental_pipeline.cc:320] Loading database
I20260807 13:00:51.472066 0x16fe2f000 database_cache.cc:72] Loading rigs...
I20260807 13:00:51.472076 0x16fe2f000 database_cache.cc:82]  0 in 0.000s
I20260807 13:00:51.472083 0x16fe2f000 database_cache.cc:90] Loading cameras...
I20260807 13:00:51.472449 0x16fe2f000 database_cache.cc:108]  201 in 0.000s
I20260807 13:00:51.472455 0x16fe2f000 database_cache.cc:116] Loading frames...
I20260807 13:00:51.472462 0x16fe2f000 database_cache.cc:126]  0 in 0.000s
I20260807 13:00:51.472467 0x16fe2f000 database_cache.cc:134] Loading matches...
I20260807 13:00:51.483788 0x16fe2f000 database_cache.cc:139]  1943 in 0.011s
I20260807 13:00:51.483812 0x16fe2f000 database_cache.cc:147] Loading images...
I20260807 13:00:51.499954 0x16fe2f000 database_cache.cc:236]  201 in 0.016s (loaded all 201)
I20260807 13:00:51.499999 0x16fe2f000 database_cache.cc:255] Loading pose priors...
I20260807 13:00:51.500022 0x16fe2f000 database_cache.cc:263]  0 in 0.000s
I20260807 13:00:51.500028 0x16fe2f000 database_cache.cc:271] Building correspondence graph...
I20260807 13:00:51.529927 0x16fe2f000 database_cache.cc:300]  in 0.030s (ignored 0)
I20260807 13:00:51.531169 0x16fe2f000 timer.cc:90] Elapsed time: 0.001 [minutes]
I20260807 13:00:51.886590 0x16fe2f000 official_bundle_adjustment_ceres.cc:1434] [AETHER gravity] injected 192/193 roll/pitch anchors, sigma_rad=0.00872665
W20260807 13:00:52.507200 0x16fe2f000 levenberg_marquardt_strategy.cc:123] Linear solver failure. Failed to compute a step: LAPACK::dpotrf numerical failure. The leading minor of order 15 is not positive definite.
W20260807 13:00:52.652742 0x16fe2f000 levenberg_marquardt_strategy.cc:123] Linear solver failure. Failed to compute a step: LAPACK::dpotrf numerical failure. The leading minor of order 3 is not positive definite.
W20260807 13:00:52.659748 0x16fe2f000 levenberg_marquardt_strategy.cc:123] Linear solver failure. Failed to compute a step: LAPACK::dpotrf numerical failure. The leading minor of order 15 is not positive definite.
W20260807 13:00:52.767666 0x16fe2f000 levenberg_marquardt_strategy.cc:123] Linear solver failure. Failed to compute a step: LAPACK::dpotrf numerical failure. The leading minor of order 15 is not positive definite.
W20260807 13:00:52.794930 0x16fe2f000 levenberg_marquardt_strategy.cc:123] Linear solver failure. Failed to compute a step: LAPACK::dpotrf numerical failure. The leading minor of order 15 is not positive definite.
I20260807 13:00:52.907107 0x16fe2f000 official_bundle_adjustment_ceres.cc:923] [AETHER] solver_used=DENSE_SCHUR sparse_backend=EIGEN_SPARSE dense_backend=LAPACK mixed=0 threads=6
I20260807 13:00:53.001396 0x16fe2f000 official_bundle_adjustment_ceres.cc:1434] [AETHER gravity] injected 190/191 roll/pitch anchors, sigma_rad=0.00872665
I20260807 13:00:53.689849 0x16fe2f000 official_bundle_adjustment_ceres.cc:923] [AETHER] solver_used=DENSE_SCHUR sparse_backend=EIGEN_SPARSE dense_backend=LAPACK mixed=0 threads=6
I20260807 13:00:53.792915 0x16fe2f000 official_bundle_adjustment_ceres.cc:1434] [AETHER gravity] injected 190/191 roll/pitch anchors, sigma_rad=0.00872665
I20260807 13:00:54.503344 0x16fe2f000 official_bundle_adjustment_ceres.cc:923] [AETHER] solver_used=DENSE_SCHUR sparse_backend=EIGEN_SPARSE dense_backend=LAPACK mixed=0 threads=6
I20260807 13:00:54.559091 0x16fe2f000 official_bundle_adjustment_ceres.cc:1434] [AETHER gravity] injected 190/191 roll/pitch anchors, sigma_rad=0.00872665
I20260807 13:00:55.175000 0x16fe2f000 official_bundle_adjustment_ceres.cc:923] [AETHER] solver_used=DENSE_SCHUR sparse_backend=EIGEN_SPARSE dense_backend=LAPACK mixed=0 threads=6
W20260807 13:00:55.204818 0x16fe2f000 official_aether_sfm_c.cc:6644] [aether_sfm] finalize worker: cache_pre=43ms enrich=426ms stage1=1321ms (ok, rounds=1) stage2=3733ms (rounds<=4) temporal=0ms upgrade=0ms total=5099ms
W20260807 13:00:55.205348 0x16fe2f000 official_aether_sfm_c.cc:6673] [aether_sfm] delivered-point provenance: live-created=11613 official-retriangulated=10242 live-dropped-by-official-filtering=5454 (live model had 17067; capture-time official TriangulateImage added 60310 obs)
REFINED finalize_ms=5296.1
W20260807 13:00:55.405743 0x20b9da080 official_aether_sfm_c.cc:8608] [aether_sfm] deliver-filter(get_points): kept 21855/21855 (min_tri_angle=3deg, mirror_ghost=0)
RESULT incr=off n_reg=191 n_points=21855 track3plus=3416 n_obs=48504 mean_reproj_px=0.7380 stream_ms=49091.9 finalize_ms=5296.1 total_ms=54388.0
