# 3D point list with one line of data per point:
#   POINT3D_ID, X, Y, Z, R, G, B, ERROR, TRACK[] as (IMAGE_ID, POINT2D_IDX)
# Number of points: 2497, mean track length: 3.158590308370044
1 2.525207768416565 1.7181276668510115 7.1766127270185827 0 0 0 1.4340493835538599 19 70 2 69 18 98
2 2.4153106034424865 -1.3395577585990861 7.8231184393158886 0 0 0 1.4450283552134895 2 70 16 109 18 104
3 -1.2391947684180935 0.03957858106115076 4.635712313443368 0 0 0 1.247343560534983 2 76 16 107 18 108 7 100 3 96
5 2.8461914462236173 -2.1366675458566271 7.2619328662262106 0 0 0 1.3076536223932196 19 143 2 97 5 138
6 2.8117657738679362 -2.4513566733023406 7.2958431460176847 0 0 0 0.41716380896463434 2 104 20 160
7 2.175333132132347 -2.8861638405054912 8.0743669627568195 0 0 0 2.0536455515244207 19 191 2 121 7 227 5 168
8 2.1089121196312997 1.6991608502728932 7.0527607078033627 0 0 0 1.4328473508907225 19 166 2 153
9 2.6721384383816296 -0.49456129110968811 6.5402850716469043 0 0 0 2.1627888574132794 19 185 2 179 18 326 7 269 11 147 1 209
10 2.5409437186921959 -2.6670676406382108 7.5773589141834288 0 0 0 1.9315076778137918 19 232 2 194 7 358
13 2.7964471169292557 -0.82042987502187958 7.0324218620174417 0 0 0 0.36637748909058876 19 226 2 372
14 3.0520488468041442 -0.2201582531122723 6.9265083696787739 0 0 0 1.9999784533106251 19 387 2 398 18 743 7 854 1 408 5 680 15 696 13 477
15 3.0520488468041442 -0.2201582531122723 6.9265083696787739 0 0 0 1.9999784533106251 19 386 2 399 18 742 7 855 1 409 5 681 15 695 13 483
16 2.3861225923036984 1.763405514647082 7.2433585180475726 0 0 0 2.0415549409624196 19 427 2 430 16 602 7 892 1 280 8 1278
17 2.8557420917743435 1.7174537643200614 7.3861200623902432 0 0 0 1.3306396050680842 19 435 2 437 16 618 18 500 8 781 10 1493
18 2.5876387172871542 2.0270734507944588 7.5339507260822591 0 0 0 1.6289250616659821 19 316 7 560 18 508
20 -0.844051418374416 -0.64806588079664051 5.0696862034211296 0 0 0 0.90443838629076645 19 1740 2 538 16 744
21 -1.0984609518936173 -0.17924467136275998 4.6794804566702286 0 0 0 2.0180604742083941 19 939 2 550 16 746 18 990 1 802 8 828
22 -1.0971563380231495 -0.17739919513356184 4.6705677003531267 0 0 0 1.8702010267444404 2 551 18 993 7 1453 1 803 5 1235 10 1378
23 0.4837478081339055 0.10065268073237627 5.3993566743877084 0 0 0 1.2016112258495268 19 677 2 571 16 1184 7 1233 11 608
24 2.7471474560109392 1.609254739597523 7.3433687377547159 0 0 0 1.8789631179538488 19 574 2 596 16 591 18 645 7 765 5 786 8 775 10 1498 11 414 20 583
25 1.9075411003122469 0.0023989141274797037 6.3377886109216002 0 0 0 1.990923925532194 11 1223 5 940 2 748 1 415 19 1126
26 -1.0539671868349139 -0.2061734285279323 4.7291365379969941 0 0 0 1.8492487747795769 19 1742 18 2039 11 1957 7 2438
27 -0.8262384058064729 -0.43492244027278826 5.0147934288608385 0 0 0 0.59627331648739701 19 4337 2 849
28 -1.371248900427483 -0.17525768054157626 4.6171805271482018 0 0 0 2.0941044796599417 19 2544 2 955 18 2545 7 2437 8 1635 17 1828
29 -1.3756881787837161 -0.1744550035281642 4.6225946394129336 0 0 0 1.9847610526871111 19 2545 2 958 18 2543 7 2436 5 3889 11 2480
30 -0.37037967605348199 0.32148078796772972 4.6194535955217102 0 0 0 1.0668854446320075 2 984 16 1662 7 3349 1 1189 10 2263
31 2.74923108407845 1.5185023556993842 7.4060464146439449 0 0 0 1.6711991118683407 19 911 2 1208 16 1867 18 1643 1 1038 11 1238
32 1.6092967974243144 1.3624512180958526 6.6347043998100066 0 0 0 1.5275463341418918 19 1291 2 1220 18 1646 10 2258
33 1.6099490254891058 1.3414676382395914 6.7595030588459668 0 0 0 1.0169144507582693 19 5186 2 1223
35 2.5802750864003157 -3.0768048864826749 7.4479048096672535 0 0 0 0.56299199205885497 19 2941 2 1487
37 2.9213961392915859 -2.1244192699718938 7.1213545823095439 0 0 0 1.2901398966777244 19 4183 2 1518 1 2819 20 2092
40 -1.3950756992189051 -0.056409653315958423 4.6220936523845193 0 0 0 1.1297030676720625 19 2549 2 1819 7 5919
41 -0.30937498879887915 -0.26747801054817455 4.5665275692319911 0 0 0 2.1691383067911554 19 4791 2 1841 16 4295 18 3316 7 4310 4 2925 3 1629 10 2544
42 2.6472285495850882 3.1615981276346314 7.6184844301184027 0 0 0 1.2471284989492946 19 3010 2 1975 18 2858 10 3182
43 3.282918629127582 -2.2349734607982126 6.7032716050145602 0 0 0 2.3894781041231266 19 4182 2 2339 1 2393 15 8206
45 0.80246526346596103 -0.059850078692079429 5.3844962099755103 0 0 0 0.68897010576759121 19 5029 2 2404
46 1.6698689165824137 1.4480622010531807 6.5839949966966174 0 0 0 1.5502607441251923 19 2989 16 4709 7 4362 8 8687 10 5347 11 2642 18 3944 20 5946
47 1.2572077947645692 3.1466472300077157 6.7346720821572132 0 0 0 1.1825461227870131 19 5056 2 2455 7 4587 1 1823 5 3842 20 10795
49 -0.28725347673975693 1.5613749672411579 4.716151898950125 0 0 0 0.21726786415289151 19 6439 2 2616
50 2.6759093672430945 -3.1698573447717053 7.4072487153683904 0 0 0 1.7498544404515932 19 5637 2 2753 4 2700 10 3772 8 3193 11 4683
51 2.871491646939726 -2.1465939700063674 7.1867110070338818 0 0 0 1.8373980073147509 19 4184 2 2788 7 4656 20 3923
52 2.8010556740455455 1.5655948194065412 7.3750006689893048 0 0 0 1.9016952278550545 19 3243 16 4710 7 4374 10 9017 8 7055 11 2062 20 3127
54 -1.2307807468359024 0.23433448337258272 4.8688163891120686 0 0 0 1.7682733086317086 19 10704 2 3314 16 4153 18 8494 1 6804 5 8573 4 6196
56 2.7424704669544373 3.5599602803653556 7.4592760183506712 0 0 0 0.15627462670874451 19 7013 18 7062
58 2.5168296953887372 2.3174183070550747 7.2839933319067285 0 0 0 1.8235250771698237 19 5195 16 4727 7 4392 1 2640 11 4364 20 4388
59 2.8283062570823176 1.5364822056913789 7.3429180687017164 0 0 0 1.8643621555313257 19 3952 2 4064 1 2657 5 4380
60 2.7588761758622011 -0.21531955316995549 6.7714199339889225 0 0 0 2.2512354100520193 19 4067 2 4137 16 5149 18 5036 5 4905 8 3046 20 3152
61 2.7830939250537852 -0.24132681572895009 6.7698267496223199 0 0 0 1.6846571029253865 19 4069 2 4153 16 5152 18 7239 7 4499 1 3135 5 4431 5 10966 11 4900 20 7695
62 2.6854934311293914 -3.1215302941434175 7.3685351692306256 0 0 0 1.1759741549126854 19 5131 2 4303 16 3259 8 3195 10 3782
63 -0.0830410567451519 0.048495469042729715 4.4798645972083664 0 0 0 1.6936915901227243 19 6516 2 4524 7 13075
64 -0.020273807970455294 0.051999634494266436 4.482723791543699 0 0 0 1.5669822344820314 19 8181 2 4533 16 8831
65 -0.06710448971713287 0.036805110002684785 4.5450592255316939 0 0 0 1.4364422674101114 19 6513 18 11196 2 4536
66 0.10825767936641795 1.452860916544394 5.5482430485602565 0 0 0 0.86256444511580277 2 4589 11 7061
67 2.0131284999790342 1.8150679392902478 7.127251092441143 0 0 0 1.7708528026408239 19 5544 2 4848 11 10180
69 2.463873249148925 3.1387515485881368 7.8452971639097431 0 0 0 1.9680796388881079 19 5252 2 4939 16 7481 1 2607 5 2510 11 4380
70 1.1880752715379013 3.0378453587309062 6.6994224175132722 0 0 0 1.2801840882321085 19 5061 16 10557 7 7930 1 2890 5 3905 4 3130 3 1366
71 1.6837383237852701 1.4152029002714246 6.5774614614729776 0 0 0 1.8792747260598361 2 5292 19 5549 20 12572
72 1.6987195399560109 1.4283034363144986 6.6183550508414681 0 0 0 0.62645335678269398 2 5293 1 7877
73 3.7631361653982975 2.8161287119163707 6.2279855020572539 0 0 0 0.34889546096836233 19 6094 2 5337
74 -0.26713453236850376 1.5836496305778238 4.7020531797346807 0 0 0 1.3289515215383334 19 9833 2 6002 16 10741
75 -1.0648885208175096 0.3521914537633824 4.9808314195862833 0 0 0 1.6848703891249699 19 10697 2 6780 16 10936 11 9610
76 -1.0369200943237658 0.27245260227188151 4.9665891253516188 0 0 0 1.9341517241279926 19 10722 2 6806 7 13074 1 7308
77 2.450944701322447 1.6093487234568757 7.2045971909324278 0 0 0 2.1537801655263937 19 5553 2 7805 7 6638 1 3175 5 4382 11 7431
78 2.8002618313938261 1.4996487789951882 7.3954687107326853 0 0 0 2.2910382720129485 19 3951 16 4707 7 4358 5 4117 8 3071
79 2.8521847107775189 1.6004699449107427 7.4040195849873003 0 0 0 2.2900807864357353 19 6761 2 7825 16 10310 5 13299 8 8030 10 13157
80 1.9689498679490749 -0.12123271904902798 6.2012026038683308 0 0 0 1.881534233295489 19 8461 2 7916 1 12879 11 10420
81 1.7360280246943154 2.2549951897824072 6.6930291825393846 0 0 0 0.96138335573329903 19 8357 2 8248 16 8563 1 7049 4 9296 11 7428
82 -1.2503027766273556 0.46067593054151412 4.9322434176674648 0 0 0 1.6128639867449603 19 12686 2 8325 11 12270
83 1.9411094179643504 -0.1521730679967592 6.2163189077313907 0 0 0 1.2218502677062337 19 8457 2 8470 18 9902
84 -0.18471908440261967 0.056591474500371448 4.4921581633140795 0 0 0 2.4727218168537957 19 9895 2 8731 5 7288
85 -0.94039680546283333 0.50116004726028118 5.119917374962335 0 0 0 2.0221631006464471 16 14 7 20 4 17
86 2.2109776529351661 2.0825264654202602 7.0997386286091606 0 0 0 0.47687524424059657 2 34 16 31
87 2.2109776529351661 2.0825264654202602 7.0997386286091606 0 0 0 0.47687524424059657 2 33 16 32
89 1.7361332670148002 -1.9187820055160845 8.4828385003798754 0 0 0 2.0750558312580658 2 47 19 80 16 54
90 1.0465911309105906 -1.459272036878597 7.7741473133953587 0 0 0 0.43308210853049917 2 37 16 63
95 -3.817076053765327 1.9590977269567156 4.5723542428221915 0 0 0 0.74825693671956683 19 108 16 89
98 -4.2426682517750809 1.2544637344190381 5.5987245462693966 0 0 0 1.6956021846172189 19 130 16 99 8 84 11 165
99 2.8829043181541119 -0.31574627832626634 6.7554042770203715 0 0 0 2.0302235686900203 2 72 18 70 7 97 5 88 15 62 14 184
100 -3.2901303157714659 0.975271669655842 6.3410192751715098 0 0 0 1.7106453346327051 2 62 16 108
101 -1.1348912996775613 -1.8749207454263905 6.7218345784990596 0 0 0 0.21583683225844655 2 123 5 373 4 191
102 0.082792635352886487 0.17329136233692771 4.4940799120465904 0 0 0 0.075332736901913527 2 98 16 132
103 -1.4635376634002812 -0.13309879062661631 4.5856714397629927 0 0 0 1.6608432823251642 2 68 16 139 18 135
105 2.6572439630406435 -1.4214180719973788 7.6234582103488515 0 0 0 2.2098038407566598 19 114 16 144 10 251
107 3.0802515974904723 0.22774000687157819 6.9619079216196056 0 0 0 2.3356821954915108 2 181 16 165 18 321 7 347 1 212 10 545
108 2.7730529025243245 -0.66374959208831863 6.8213091432404793 0 0 0 2.1254008178247057 2 332 16 173 18 457 19 228 7 874 8 127 11 169 20 183
109 -0.32156166320581742 -1.3373484683850481 7.1278457447246604 0 0 0 0.22174237965542204 19 211 10 245
110 3.0425113469344711 -0.79583693556266755 7.0723209179092716 0 0 0 1.3287873391493876 16 186 8 138 10 269 11 252
113 -0.43022284481164436 1.2657742050590124 4.740519862163743 0 0 0 2.0482509969122811 19 198 8 226
114 -1.6715108750788514 -0.3528036979345191 4.606183870919212 0 0 0 1.5778528413123314 2 129 16 211 18 223 7 320 5 451
115 -1.6717189334335756 -0.35154720409132895 4.602061084884431 0 0 0 1.899409633364306 2 130 16 212 18 224 7 323 5 448 3 377 8 155
116 -0.65633372898237641 0.68603233928344365 4.9156499943297689 0 0 0 1.0474935172402007 16 217 1 132
117 -2.1325247821532152 2.1926620462324604 4.8778011775280135 0 0 0 1.4013016423946936 16 257 18 569 7 430 5 736
118 -0.87267777436426686 2.1584438102275101 5.3717065583189862 0 0 0 0.74990533568089979 2 235 18 568
119 -2.0340075689306234 2.2031384646944718 5.028013703319381 0 0 0 1.5494689156400634 2 236 16 260 8 327
120 -0.19238240194975648 0.82899732542702531 4.5936510208773784 0 0 0 1.5652495565721638 2 225 16 265 7 315 3 256
121 -3.9062519488127911 1.6396614027211367 5.1197508599446202 0 0 0 0.51228331076203926 16 266 11 536
122 -1.5494758450443109 0.37797083491648353 4.7368585070294911 0 0 0 0.992432667579774 2 219 16 269 18 355
123 -1.5494758450443109 0.37797083491648353 4.7368585070294911 0 0 0 0.992432667579774 2 218 16 270 18 354
125 -0.76265023786602781 0.84425352821307598 4.940590898941827 0 0 0 1.0714424596705776 2 214 16 273 5 754
126 -1.121951608880136 -0.3530000705649457 4.7001396816901959 0 0 0 1.9132641749721604 2 197 16 274 8 296
127 -1.6872305250623678 -0.60741950009932644 4.927701780407804 0 0 0 1.8796090263876937 2 248 16 275
128 -1.2979096273408779 -0.74981016672050349 4.8702154525738628 0 0 0 2.0676163243762407 2 185 16 282 4 474
129 1.8248171080687812 2.2258847415582284 6.8206214889714269 0 0 0 1.9732354069100673 2 145 16 288 7 568
130 3.0245133666688933 0.73747470702567064 7.1050468514576934 0 0 0 0.50084570186255872 2 183 7 340 1 197
131 1.0345885676389037 3.1462813572173172 6.6208610411384488 0 0 0 1.9921691472521188 16 295 7 264 1 151 18 239 5 275 4 265 3 278
132 1.0345087047280954 3.1475624576281414 6.6226522860620509 0 0 0 2.0768556991113223 16 296 7 263 1 152 18 238 5 276 4 269
133 1.6175842779377563 -3.1925807831872404 8.5708724276229411 0 0 0 1.7716236436854498 16 313 18 334 5 443 2 192
136 1.861204738485021 1.5017872575548628 6.7241955502872175 0 0 0 1.5917537810269842 2 314 16 353 7 342
137 2.0200536929239061 1.3633518354700125 6.8012890088908105 0 0 0 2.2499402517248597 19 315 16 359 7 557 1 231 5 297 11 336
138 1.1822716729258416 3.0330311284640969 6.585726480302279 0 0 0 0.41966435946586067 16 377 8 602
139 1.1801067386792965 3.0236919105265718 6.5677652144592891 0 0 0 0.36280142847389235 16 387 7 894
140 0.040015453785828076 0.014510604470724112 4.442473732317298 0 0 0 2.0678921507041084 16 399 18 394 7 368 3 425 4 321
141 1.7048216205221813 -2.9503849022502666 8.5288978721633928 0 0 0 2.0581369225114954 2 342 16 418 18 441 1 433 5 615 3 312 8 260 12 107 7 621
142 0.8923006655117478 -1.8483038264795799 8.5181326619867974 0 0 0 1.0102265415187568 2 349 7 501 10 599
143 -1.1482361423351248 -0.62140074335513074 4.8777067455726666 0 0 0 1.2234884543342708 19 516 16 452 8 291 10 603 11 304
144 -1.455650094255444 -1.1316646255208569 5.6195600812324127 0 0 0 1.9130986229125961 2 237 16 453 3 373 7 931
145 -1.3046722098840535 -0.42244643731181941 4.7923536979411079 0 0 0 1.9999874904961819 16 455 7 942
146 -1.5238517377829159 -0.39958136330227262 4.7052607626646843 0 0 0 1.5383737226541321 2 249 16 456 18 408 7 925 5 1082 3 705 8 297
147 -1.6095178353924389 -0.48383592886842341 4.7563447428504304 0 0 0 1.3191955938232869 2 539 16 457 18 971 7 1447 5 1172 4 862 3 976
148 -1.5237635074938427 -0.39967916717519364 4.7061604530323571 0 0 0 1.615819957588881 2 250 16 458 18 403 7 928 5 1080 3 704
149 -2.5141628755346996 -0.41190436997240182 5.881105774989793 0 0 0 2.0762423027411478 2 251 8 287 18 380
152 -1.4360537200496493 -0.35678690875983143 4.6951187078302272 0 0 0 1.4417483608489345 2 262 16 473 7 932 8 584
153 -1.4264520362337145 -0.35943536403982684 4.6634218848407736 0 0 0 1.7262367495987567 2 261 19 770 16 474 11 627
155 -1.6131651070046933 0.65899472669192793 4.9084098010076671 0 0 0 1.7527175083715782 2 220 16 484 18 270
156 -0.50995626709408304 0.23580940767196937 4.6291614117528415 0 0 0 1.1415248286844033 2 302 16 487
157 -1.0426539441481184 0.31817496949124779 4.9783795829365323 0 0 0 2.4110217495678374 7 1009 11 598 15 584
158 -0.47937820448849827 0.32574190325608204 4.6252523395367326 0 0 0 2.9991448259864675 2 211 16 494 18 263 8 575
159 -0.47937820448849827 0.32574190325608204 4.6252523395367326 0 0 0 2.9991448259864675 2 210 16 497 18 264 8 572
160 -1.5692134157103932 -0.11852714292281429 4.4733754070587768 0 0 0 1.2384603141964561 2 258 16 498 7 574 5 502
161 0.035034463364467743 0.87355165809908952 4.6265643222004744 0 0 0 0.4858977058406207 16 512 5 401
162 0.035034463364467743 0.87355165809908952 4.6265643222004744 0 0 0 0.4858977058406207 16 513 5 400
163 -1.9275155057831015 0.19559660423374195 4.7483722759200315 0 0 0 2.5372868799344235 2 265 16 516 18 377
164 -1.2115129687319321 2.0661155283655259 6.4745977227738347 0 0 0 1.1451364369436676 16 534 18 451 7 394 5 574 3 446
167 -1.0270933655253036 -0.046136931556224135 4.5808615792367746 0 0 0 1.6912600720536033 2 532 16 561
168 -1.026354237890871 -0.045850516500060876 4.586856214746887 0 0 0 1.9464508611740883 2 533 16 562 8 812
169 1.0357508638091377 -2.4557290390116608 8.4486846236509408 0 0 0 1.9026725789553378 19 1238 7 857 16 571
170 1.5947266228480939 -1.1497150643230081 8.4570400602585654 0 0 0 0.54263278386417579 19 538 16 574
171 2.0427082623167427 0.059632493382792182 6.2876349445678175 0 0 0 1.2276018131291013 19 680 16 583 18 663 8 777
173 0.022711620390834141 -0.069446928414014328 4.4076145156064968 0 0 0 1.8520736047358572 2 335 16 585 18 387 1 331 4 435
175 1.9068810438436377 2.3100355891654751 6.7287053459905009 0 0 0 1.4277193569971309 2 763 16 601 7 1222 1 261 5 661
176 1.0357508638091377 -2.4557290390116608 8.4486846236509408 0 0 0 1.9026725789553378 19 1237 7 858 16 608
179 -1.5073681735169451 2.1727591332925327 6.0412508610451887 0 0 0 1.4028020719203562 2 303 8 561 10 313
180 -1.5073681735169451 2.1727591332925327 6.0412508610451887 0 0 0 1.4028020719203562 2 301 8 560 10 316
181 -1.5586024326264898 2.4014612657899845 6.1093378706933263 0 0 0 0.32401210073143816 2 483 8 1108
182 -1.1655175184500759 2.1995972499239054 6.1699800652076764 0 0 0 1.1435097426706111 16 676 10 809
183 -1.0807956191235231 2.1900091330060807 6.2500284987096295 0 0 0 0.93078469401156627 16 690 18 561
184 -2.0627701174872994 1.9792887633596354 6.2559367823929373 0 0 0 1.9081823615883158 2 294 16 691 18 338
185 -0.10088683932337447 0.47640361791915209 4.4599760239139101 0 0 0 0.020619322164341081 2 328 8 540
186 -1.1398686931517747 0.65218045553223714 4.866858287607581 0 0 0 2.2032209680865913 2 506 1 527
187 -1.1882010911830896 1.0058369884286644 4.9219497656943707 0 0 0 2.0836335148367087 2 243 5 1129 7 993 18 608 3 859
188 -1.7711589699185353 -0.50535125217235732 4.749405709246453 0 0 0 1.6799550780386041 2 461 16 733 18 960 7 1611
189 -0.30811251169905951 -0.39221626157998818 4.2306791352135296 0 0 0 2.1500664037569193 2 843 16 734 18 2046 7 4300
191 -1.3436570895545283 -0.30948319927275691 4.6202742644841388 0 0 0 0.46542974515945867 2 491 16 736
192 -0.98709563755365803 -0.21978215920109451 4.7795324789415323 0 0 0 2.6258216524913429 16 743 18 389 7 938 2 254 10 849
193 -1.5122494614042961 -0.15654312741864476 4.4877658407681853 0 0 0 1.6617336693663252 2 537 16 745 18 1229 7 1460 5 1165 3 696 8 827
194 -1.3384920034608783 -0.15213486317073371 4.6025429290354838 0 0 0 1.0168633572152297 16 750 3 699 2 548 8 826
195 -0.33574482530695776 0.22876520945963813 4.6347076284915056 0 0 0 1.8652079206754242 2 269 16 752 7 957 3 412
196 -0.33574482530695765 0.22876520945963813 4.6347076284915056 0 0 0 1.8652079206754246 2 271 16 753 7 951 3 411
197 -1.5002316295060107 0.4567595749066462 4.9038663351613332 0 0 0 2.0268138145684 2 208 18 211 7 377 3 329
198 -1.4902615354555522 0.60008678327848342 4.8833694535496335 0 0 0 2.2942129354688694 2 523 16 759 19 755 18 941 5 1110 7 1458 4 836
199 2.8515214202955939 3.2532504399069531 7.3611636779831242 0 0 0 2.2160525372692828 2 458 19 617 16 769 18 635 7 889 1 421 8 800 10 682
201 3.1577423100528845 -0.54612948163031583 6.8767930301127445 0 0 0 1.9663287414058548 19 602 16 839 18 1207 7 1250 5 823
202 3.1754677727182097 -0.55113253687910846 6.9270882783401033 0 0 0 1.9036067167080433 2 619 16 840 18 1159 7 1249
204 -0.23737509040000235 -0.26974951287647325 4.5116847526082431 0 0 0 1.9021794352466219 2 827 16 890 18 2167
205 -1.4710712408923134 -0.062694847383365337 4.4819996295516145 0 0 0 1.5001846113557205 2 808 16 896 18 1285 7 1641 5 1177 8 1052 10 1356
206 -1.5600550343008532 0.072624508056653617 4.6081775196990362 0 0 0 1.6435371419766236 16 898 7 1464 2 543 3 931
207 -1.5542187298690098 0.072744702069919565 4.59257643717301 0 0 0 0.72723382083724875 2 542 16 899 7 1465
208 -0.53713068842504919 -0.2342703382316931 4.7419259993787906 0 0 0 1.9358029465016007 2 834 16 900 4 1042 3 973
209 -0.53849880672950001 -0.23389163647492534 4.7440157358574577 0 0 0 2.3940159197489219 2 833 16 902 7 1634 4 1041 3 974
211 -0.37193716094114482 0.46231368239943649 4.6802244182704635 0 0 0 0.30067119701225881 2 788 5 3459
212 -0.37193716094114482 0.46231368239943649 4.6802244182704635 0 0 0 0.30067119701225881 2 786 5 3460
216 -1.5388066849340338 0.53362539292277167 4.8689782769805179 0 0 0 1.942186933726177 2 519 16 917 19 958 18 935 7 991 1 790 5 1119 4 841 3 923 11 1983 20 4994
217 -1.5419496643449293 0.53291760576364411 4.8799995303621637 0 0 0 1.5357328539559463 2 520 16 918 19 959 18 936 7 992 1 789 5 1120 4 840 3 922
218 -1.7152840092012611 2.1001361145221797 6.2554571552686049 0 0 0 1.4697671680234561 16 939 18 1158 7 1391 4 810 3 564
219 -2.2097241000839518 1.9928547141877 5.5461519514721989 0 0 0 1.2427510429049586 2 902 16 941 18 1054 7 1756 5 3034
220 -2.129184282123763 2.1290102140519602 5.1279568383026799 0 0 0 1.7305255253264733 16 943 7 1394 8 961 10 1084 17 1084 9 592
221 -1.4454374662278138 1.9848039372730852 6.6564103039727947 0 0 0 1.8611226809744388 16 949 18 1834 7 1739
222 -1.6100940010736355 2.2323660960312193 6.1060211052061737 0 0 0 0.13930227632964357 18 1920 7 1761
225 2.9271633658280551 -0.9276182381187803 7.1632603056962818 0 0 0 1.947174143514222 2 626 16 1067 7 761 10 972 11 443 20 557
226 3.5873322504516945 -3.0895809600287842 6.2949891629136223 0 0 0 1.0919970365139002 19 1030 16 1102 10 1268
227 -1.5521049089756909 -0.78196307871475113 4.8424266006403585 0 0 0 1.8992791324112854 2 855 18 1307 19 1749 7 1615 5 3957 4 1543
228 -1.0295809693919211 -0.47652279040537221 4.8921815744089114 0 0 0 0.81358095102526173 2 838 8 1042 18 1306
229 -1.1626210690191645 0.4377599961649794 4.9522279863669585 0 0 0 1.9473294182833591 2 509 19 945 16 1151 7 1007 4 847 8 1068
230 -0.37571488671145337 0.94209967028235808 4.6217118207029557 0 0 0 0.19348026790433853 2 284 7 1425
232 -3.9309472258436498 1.6499013330361605 4.9413405834750161 0 0 0 2.8673059290012866 16 1209 7 3214 4 2393
233 1.7039870279746485 2.2928089062649062 6.6578049311796468 0 0 0 1.4810659279686553 2 1204 16 1227 18 1411 7 2847 4 1141
234 2.5946855806852338 2.2978471106666327 7.2056792402767709 0 0 0 1.2600752767118324 2 578 16 1231 18 1412 5 772 8 1275 10 1511
235 1.7321384325251068 2.3650328167548333 6.6545979228575813 0 0 0 2.0932980298508239 2 1202 7 1930 1 847 19 1284 4 658 3 824 11 1757
236 2.8295568138208522 2.9292241692933771 7.4686597715302643 0 0 0 1.0219347677389219 16 1237 18 1414 7 1199 8 1258
237 1.6636859957708388 2.4097610926955921 6.5844741810338023 0 0 0 1.4295158848059184 2 769 16 1238 18 647
239 -0.40805357022350336 -0.28748092887251936 4.6428388761110053 0 0 0 1.6220586012385909 2 257 18 381 7 940 4 485 3 381
240 2.9659247969544702 0.43140429781489442 7.3725784201820153 0 0 0 2.2487913958159758 2 1173 16 1380 7 1261
241 -1.3733205963182193 -0.32003178889115985 4.6801611120545106 0 0 0 1.8406364894263199 19 1725 16 1383 7 1644 1 808 8 1059
242 -1.7553456741904856 0.56998199031213481 4.8999727161022024 0 0 0 1.4453236568438979 2 790 16 1385 18 1561
243 3.0081165159468135 0.32327818511283235 7.1431813547600678 0 0 0 1.7989315104852586 19 3188 16 1386 5 1332 7 1904 11 3269
244 2.7173694066163514 -0.54433257814142211 6.4497702710028255 0 0 0 0.17040060604876878 16 1405 8 1664
246 3.029270988092716 -1.0561272843438119 7.0068418220068818 0 0 0 1.5932810991710733 19 1444 16 1417 20 1575
247 3.2270250470216557 -2.6934535949473237 6.6810889270875089 0 0 0 1.3072404278145646 18 3143 20 1841
248 3.4922396613990903 -2.6599533538781119 6.5929198401330327 0 0 0 1.5700912826977811 2 1117 16 1471 18 3892
249 3.4857627333624603 -2.6564904630479802 6.5811983913043006 0 0 0 1.7487252100024253 2 1116 16 1472 18 3893 5 1970
250 2.6305867502240612 -3.2047270864654402 7.4771755650121472 0 0 0 1.3216381843060305 19 2936 16 1492
251 2.6318917360766667 -3.2076363686055958 7.4882961764914429 0 0 0 1.1713826624486001 19 2935 16 1493 10 1737
252 3.5166717701896046 -3.1561685011735463 6.3514924147629372 0 0 0 1.7854310816627752 19 3063 7 3839 5 1962
253 -3.8280663082224469 1.677471583112613 5.123660683573604 0 0 0 0.9298327982867356 16 1551 8 1746
254 -1.3743858299257006 -0.56019173601823868 4.8805845948085169 0 0 0 1.3588692407173903 2 1855 4 2493
255 -0.97448323682054683 -0.42063938874424439 4.9002085532221891 0 0 0 1.7310214125333039 2 847 17 1282 9 2025
256 -1.5279056999624594 -0.48223343509433941 4.7705953147643188 0 0 0 1.982831921290062 2 846 7 1629 5 2947 19 1752 4 1037 3 919
257 -1.5339760349337317 -0.29235651573715665 4.5980108335871046 0 0 0 1.7787605600529324 19 2541 16 1610 18 2522 7 2637 5 3991 17 1211
258 -1.5316166388721144 -0.29573945618906261 4.5921650710322215 0 0 0 0.75781208395895594 19 2542 16 1611 17 1209 9 1089
259 -1.5347073331428494 -0.29287413606039026 4.5996502458728301 0 0 0 1.3939307376670302 19 2543 16 1612 7 2634 18 2523
261 -0.50589318255267113 -0.27789991498567146 4.6992048220450711 0 0 0 1.8753806925340328 2 830 16 1626 10 2297
262 -1.5165564361638566 -0.031444420331250861 4.4757798012965244 0 0 0 1.6508599734895224 2 828 16 1631 18 1290 7 1655 5 2935 3 1341
263 -1.4046430244507433 -0.10417105859422457 4.631308929629256 0 0 0 0.8781462605116791 2 817 16 1636 8 1017
265 -1.8101945323275337 0.31869276080416364 4.8643765183543817 0 0 0 2.1428640341392859 16 1646 18 2978 7 2396
266 -2.0605779827999684 0.68385103925978608 5.4687579220272742 0 0 0 2.0635420311722865 2 1092 16 1647 18 1570
267 -1.6387131100464278 0.55247589114024964 4.9259683823564435 0 0 0 1.4155196867181306 2 806 16 1655 18 1279 7 1686 5 1192
269 -1.5484410642511339 0.59231665496667829 4.8918879126425807 0 0 0 1.216492508631001 2 993 19 2586 16 1667 18 1963 7 2377 1 1409 5 6217
271 -0.10451751233064553 0.83878184527352073 4.5648396512538056 0 0 0 0.36387798944938854 2 758 16 1685
272 -1.7553456741904856 0.56998199031213481 4.8999727161022024 0 0 0 1.4453236568438979 2 789 16 1701 18 1562
273 -1.6556319688794812 2.1530661917450522 6.2642495016158364 0 0 0 0.56536362827717701 16 1705 10 1075
275 2.1581404159605464 1.4832480172453941 6.9444014676890413 0 0 0 1.1302907601921857 2 2427 16 1751 1 3186 7 11554 8 1280
276 -1.0684330222427336 2.2797301957900298 6.175632326538306 0 0 0 1.4753761722076248 2 1038 16 1798 8 1750
277 1.6075639538170643 3.5136260368030525 7.1763512123251898 0 0 0 1.4894859601651289 19 1192 16 1824 18 3783 11 1260 20 1339
278 2.9580687652517672 3.2447870561349745 7.2375266781855663 0 0 0 2.2795371770897388 19 1844 16 1827 18 2848 2 1305 11 1734 20 1769
279 2.9618670865545735 2.9434248983810667 7.2217764591955582 0 0 0 1.880131272839797 19 1841 16 1840 10 2219 8 1445 11 1722
280 3.0238166804512407 2.5425573318424952 7.122520990867506 0 0 0 0.86064725832506594 19 1808 16 1844
283 1.6379279675221214 1.5172777770433419 6.6409202323558301 0 0 0 1.4044567832112909 2 751 16 1860 1 403
284 3.0209489596055641 2.0536217454044796 7.1292240827325788 0 0 0 1.0663445573113186 2 1241 16 1865 18 1637 1 1037 10 3184
285 2.6426443444034851 1.587874809600178 7.2622002246955741 0 0 0 1.903298434223456 2 1876 16 1870 18 1635 7 2904 8 1401
286 2.831458408340255 2.2386421129219007 7.3662588570625687 0 0 0 1.9123613043102032 2 1913 16 1871 18 1638 7 2871 1 1047 5 4072
287 0.16165751273444676 -0.40492702462577213 4.3677588334008419 0 0 0 1.5285818304117935 2 1239 16 1895 18 3310
289 2.1432903006699728 -3.2133582056282117 8.0385615107779476 0 0 0 2.3235201827723744 2 1257 16 1913 1 1342 5 3782 8 1557 10 1429 11 1570
290 -1.1357698114355779 2.6877403337494341 4.4776195889048562 0 0 0 1.0245269997868196 19 2004 16 1952 18 1866
292 -2.2935685731939013 2.108062858495011 5.1348936374730254 0 0 0 0.89752629688028907 2 1046 16 2027 10 2358 17 1400 9 1201
293 3.4426800942523692 -3.6525968250508556 6.4164497119221364 0 0 0 1.7412527684119783 19 1250 16 2031 7 3870 5 1881 10 1288
295 -0.87494358059834676 -0.11101171023757413 4.8508281014789771 0 0 0 0.8898629827742166 2 1828 16 2076 18 2547
296 -1.4601518927846051 -0.31054825906181638 4.5851860044919679 0 0 0 3.0257249236320978 2 961 16 2085 18 2551
297 -1.4743322133389705 -0.30291633253862094 4.6355367188762022 0 0 0 1.9619511573223327 19 2526 16 2086 7 5845 1 1485
298 -2.2650673986106105 2.1326406231684985 5.0858208777347436 0 0 0 1.6883198462792204 16 2200 10 2356 17 2242 8 1900 19 3672
299 -1.5170189528500344 0.71835609911537923 4.903214694133001 0 0 0 2.0123198159434184 2 1757 16 2228 19 2477
300 -0.86583489536135561 0.48151801227528324 5.1411740094008804 0 0 0 1.2984528358660432 2 1775 16 2324 18 2587
301 -0.45396444221997129 0.27194883048682805 4.5943461103766339 0 0 0 1.2435818934224006 2 976 16 2325 7 1665 5 3379 4 1017 10 2666
302 -0.47894950983512546 0.19698065984200216 4.580937559500077 0 0 0 1.1976417780829129 2 1814 16 2328 7 4984 1 3541 19 4807 8 2829 10 2665
303 -0.55504729176242318 -0.06336548210137935 4.6017732894599996 0 0 0 2.3018269727760852 2 1847 16 2333 18 3322 7 3371
304 -4.0358010016991877 1.6446651142042745 5.1454378909587186 0 0 0 0.98236522949458571 16 2366 11 3816 20 3380
305 -4.0358010016991877 1.6446651142042745 5.1454378909587186 0 0 0 0.98236522949458571 16 2367 11 3815 20 3382
306 -4.0358010016991877 1.6446651142042745 5.1454378909587186 0 0 0 0.98236522949458571 16 2369 11 3817 20 3381
307 -4.112515775612982 1.5965552618277177 5.1022167289918947 0 0 0 2.3791129147353334 19 3395 16 2383 20 3398
308 -4.1272800455963594 1.6175282297520099 5.0753871171752172 0 0 0 1.3527174307447034 19 6396 16 2398 1 3732 11 5413
309 -4.1288808233556118 1.6187167214761622 5.0787880578617752 0 0 0 1.3686357513926222 19 6468 16 2399 11 5406
310 0.022281915004639385 0.42893607864136385 4.5122504702099162 0 0 0 1.907036069701467 2 2526 16 2460 18 1975 7 3090
311 0.67317000523751247 -0.050769524091285684 5.5029745735286859 0 0 0 1.3526616924881836 16 2468 7 4540
312 1.2078632948702146 2.5273130557933561 6.3603052907053481 0 0 0 2.4776161292616754 19 1266 16 2475 1 1787 11 2208 20 5862
313 1.6086700506428713 2.8151826657815069 6.8957308710534395 0 0 0 1.4719413640917445 2 1432 16 2509 1 627
315 1.7149891366618257 -2.8825372585647062 8.4685606548738495 0 0 0 2.0633535031290586 2 2369 16 2541 18 3852 7 3019 5 2710 9 1455 17 1663
316 1.7149891366618257 -2.8825372585647062 8.4685606548738495 0 0 0 2.0633535031290586 2 2371 16 2542 18 3849 7 3018 5 2709 9 1436 17 1662
317 1.6855823112756187 1.4096221617334552 6.6129354069667361 0 0 0 1.1841622716875537 19 2983 16 2549 18 3946 7 4363 8 2952 10 5350
318 1.6825198374943828 1.4051463733613259 6.5918893384770207 0 0 0 1.1162717236298154 19 2982 16 2550 18 3947 7 4364 11 2654
319 2.7025827064147285 1.9742751444564162 7.5142886545030434 0 0 0 1.9945323253026908 2 3018 16 2553 18 1633 7 1938 1 1634 5 2153
320 1.7070287675951046 -3.0932497409309265 8.4809956777667814 0 0 0 1.9644746389273737 2 1409 16 2576 7 3029 10 2331 11 2160 8 4772 19 2937
321 1.5861790577150443 -3.3191944460715268 8.4339401878369351 0 0 0 2.1468954089833829 2 1413 16 2577 18 3848 19 2938 7 4475 1 1344 5 3779 8 3010 10 3074 3 1651 12 689
322 1.7232686802353916 -3.327058095829261 8.4970139112921927 0 0 0 1.7121895909931146 19 2947 16 2582 18 3847 7 3027 1 1935 5 3772 10 3095
323 2.6406702492996845 1.6939146698141543 7.285287206407669 0 0 0 1.8710744242786788 2 2115 7 2902 1 569 20 986 18 1630
324 2.9879122822886961 2.0854170775839518 7.3169475451983077 0 0 0 0.88487352777457817 2 1902 16 2637 7 4386
326 3.0563083252317651 2.0828629079198655 7.0871481509866454 0 0 0 2.4757769555436089 2 3101 16 2644 18 5114 7 4390 5 4372
327 -2.629738002289276 -0.01530628741480135 5.5876982248306613 0 0 0 0.54261925128863286 2 1433 16 2675
328 -4.393581824556863 1.5669977545883389 5.0688346298802358 0 0 0 1.2610219817195067 19 2320 16 2698 11 2903
329 -4.396383582895262 1.5660140270836529 5.0707952991847671 0 0 0 1.6605558756428076 19 2319 16 2699 11 2915 20 4574
330 -1.0419914134976824 2.6424891017758245 4.4452199549377625 0 0 0 1.273561289924183 19 4503 16 2720 18 2642 7 5066 1 1250 5 3545
332 -2.1292953477058378 2.0913262591345272 5.1827179178108285 0 0 0 1.172512056381753 16 2743 18 2945 7 2652 5 6222 10 2809
333 -1.7029620644746086 2.3724745584389142 5.1055805398993535 0 0 0 1.5968191020198095 2 1675 16 2744 8 2558
334 -1.6238438961091017 2.362706309105763 6.0968542265172072 0 0 0 0.5886889196330497 2 1689 18 2614 7 2907
337 -1.3813142010363959 0.4872828645628165 4.9272275702060542 0 0 0 1.4127002650740426 2 1781 16 2765 19 2572 18 2572
338 -1.5199406327740623 0.63244050180276501 4.8647759267760682 0 0 0 1.4436419977720685 2 991 16 2770 18 1974 1 1422 19 2585 5 2906 8 2687 10 1894
339 -2.629738002289276 -0.01530628741480135 5.5876982248306613 0 0 0 0.54261925128863286 2 1436 16 2783
340 -1.5768194151613821 -0.37460997499902027 4.6340925382452474 0 0 0 2.098260447356433 2 836 18 3007 7 1642 5 3956 8 1854 16 2790
341 -1.5195611845646719 -0.2454594764116787 4.5712694825539186 0 0 0 2.2485248082916245 2 953 16 2793 18 2544 7 2440 1 1234 19 4353 8 2655 10 2709 11 5362 17 2951 9 2043
342 -1.5201356284334093 -0.24562840849468043 4.5711785134212839 0 0 0 2.0635464692346446 2 952 19 4352 16 2794 18 2546 1 1478 8 2658 11 5361 17 2952 10 2708
343 -1.3805555632875195 -0.55122721689461118 4.7602430676472149 0 0 0 1.7231645790850862 2 3277 16 2796 4 3829 8 2659
344 -1.4213651410279016 -0.13074205763136784 4.5625013757662405 0 0 0 1.8949242664757324 2 1845 16 2797 19 4375 8 2667 10 2681 11 4769 20 4914
345 -1.42698742258736 -0.12668571210353141 4.5788552836448657 0 0 0 1.0245838370565346 2 1844 16 2798 18 2537 7 2426 5 3876
346 -1.7141934417913856 -0.034389809128829746 4.5650456915632311 0 0 0 2.6917454207378437 2 1618 16 2801 4 2524
347 -1.7121536227951586 -0.035245228411837894 4.5578486105494287 0 0 0 2.1763625809537617 2 1596 16 2802 18 5772 7 5931 4 2523
348 -1.7913453084196744 0.24916507450579967 4.8199660360055541 0 0 0 1.5941292223609278 2 1099 16 2822 18 1577 7 2298 1 1231 5 2920 4 2540 15 1965
349 -1.6668087494245836 0.35210058536293309 4.8222310290110366 0 0 0 2.0109302317048803 2 978 16 2823 7 2410 5 2975
350 -1.6740050318205555 0.35457008232152709 4.8421705843657463 0 0 0 1.4379460654179981 16 2826 5 2976 2 979 15 1947
351 -1.5044332776414042 0.070198679725087657 4.6736610122515359 0 0 0 1.7323861997027774 2 959 18 1992
352 1.9680405437695037 2.3078428402813009 6.7323899587553075 0 0 0 1.6722513393150578 2 1371 16 2890 7 4414 1 2623 10 3187
353 3.3900700575229306 -2.4968212893035839 6.5313386734361805 0 0 0 0.67642729892703557 2 1498 1 1273 11 3246 15 3637
354 3.5276684808958336 -2.5468650606846608 6.4142178249415291 0 0 0 1.2277229468791031 2 2119 16 3079
356 3.3545312717070175 -2.7120440955066605 6.5610027132515478 0 0 0 1.717817042780915 2 1478 16 3084 5 4535 11 3250 15 3624
358 -1.6501130823976173 0.60253538772639337 4.933046512869014 0 0 0 2.3431014194793849 19 4392 16 3105 18 2576 7 2389 1 1417 3 1918 11 12285
359 3.5697431898360215 -3.4410078045784385 6.3055185347082343 0 0 0 1.7769460891464541 19 3048 16 3115
360 3.4881379242080386 -3.6384166820516417 6.3911555259587933 0 0 0 1.5449700395757249 19 3060 16 3117 5 1886 10 3763
362 2.5449421797821139 3.0974957326685102 8.0383575969731371 0 0 0 0.82747764050821893 2 1207 16 3148
365 3.0498185027376588 -1.1384885310656412 6.986942592096403 0 0 0 1.7060444941135502 19 3138 8 3275 11 4861 17 2447 16 3353 9 4952
366 2.7314452711071473 -0.44702040523804237 6.5375476287982623 0 0 0 1.6889473580767589 2 1607 16 3361 18 2408 7 2285
367 3.4110833704748464 -0.8693000231968564 6.5716076760856907 0 0 0 0.38064573776136346 19 3157 10 1625
369 3.5364073258219886 2.5128160641423514 6.4822206142873009 0 0 0 1.4742759763580207 19 3283 16 3484 11 3352 17 4643
371 3.2386205203551768 2.7755561337873282 6.875455410751238 0 0 0 0.47525444751084633 2 1963 16 3488
372 -4.4331686316879422 1.5288022123847651 5.0536098650150603 0 0 0 0.68321756090229324 19 3389 16 3574
374 -4.0701230602431275 1.5828872714708819 5.161168063418561 0 0 0 2.2207994113172198 19 6399 16 3730 10 3364 11 5389
376 3.3870270239635776 -2.4258624841480159 6.612665162273303 0 0 0 1.5674528543480648 2 1503 16 3744 18 9464
377 3.3293532071905028 -2.63980123355456 6.616995583302911 0 0 0 1.7117343593647165 19 4225 16 3758 18 4606
378 3.4647018566558172 -3.4335691836845448 6.3729594845816715 0 0 0 2.0737066780033846 19 4277 16 3806 7 6347 5 5362
379 -4.0525023318917412 1.6073570862043602 5.133752001948034 0 0 0 1.0948653845248491 16 3840 11 5436 20 4582
380 -4.0384462075022904 1.6723060433779517 4.972956682835564 0 0 0 2.2208513784862181 19 3405 10 3378 11 3810 20 4585
381 -2.1387824199580936 2.1616500337090687 5.0228701864933729 0 0 0 2.1007029123876069 2 3079 19 7632 16 3976 18 8725 7 7961 1 3672 8 3676 10 4763 11 6477 20 7001 17 4303 9 2290
382 -2.1112742531581743 2.173345376291663 5.0082990948096127 0 0 0 1.8096231860708931 16 3977 18 8704 2 2066 7 7963 8 2566 19 7634 10 2811 17 2798 9 1514
383 -2.1169945898379856 2.1400459618453649 4.9697216689567236 0 0 0 2.592511434073236 2 3080 16 3978 18 8724 4 3728
385 -2.3077301452276049 2.0731655798978723 5.1041068446877036 0 0 0 1.451002535956013 2 3072 16 3984 18 8589 7 7571 5 7928 4 5850
386 -1.7495606754400606 -0.3653495133746435 4.5839791429720256 0 0 0 2.2685493165554247 2 1417 7 7689 18 5776 5 7650 8 2676
387 -1.4702846096690323 -0.22992292506882242 4.5601549936401984 0 0 0 2.1343998668938688 19 4361 16 4098 1 2806 10 7970 11 2475
388 -1.3711003740968244 -0.24871152677044148 4.6311261592153903 0 0 0 2.1254253436250221 19 2537 16 4110 20 6872
389 -1.3711003740968244 -0.24871152677044148 4.6311261592153903 0 0 0 2.1254253436250221 19 2539 16 4111 20 6871
390 -1.6110171849100154 -0.2327074392523118 4.5586843103055603 0 0 0 1.6951033898581791 19 7293 18 5755 1 6840 4 4766 11 8061 20 6883
391 -1.5574377585409658 -0.20930274423712214 4.5639562080064797 0 0 0 1.6237017535655356 2 1857 19 4358 16 4119 18 8524 7 7698 11 4776
393 -2.2185931879383785 0.18068455029065975 4.957608498358737 0 0 0 0.52991319892624422 16 4131 18 5782
394 -1.4630217372011396 -0.1520172680523873 4.518854745513071 0 0 0 2.1107452244578631 2 1848 18 5988 19 4367 7 5835 1 2933 5 7674 16 4141
396 -1.4438536480305948 0.4332730738748074 4.9460179374425541 0 0 0 1.8591659278210597 2 1777 16 4154 18 1987 19 2576 5 2977 11 2501
397 -1.4615955338647557 0.50359396289982961 4.9514098707546923 0 0 0 2.1335430127821451 2 3331 16 4159 7 7757
398 -1.7476778705773686 0.67991429811582793 5.0660737898160804 0 0 0 1.5508728208702123 16 4161 18 1964 7 2375 5 2900 15 876
399 -1.7520870243193145 0.68016040362899965 5.0844821208583495 0 0 0 0.0084936769989890238 16 4162 7 2374
400 -1.901693749780341 0.80493611529247877 5.2806727658124872 0 0 0 0.91068038469079127 2 1771 19 12978 18 2972
402 -1.4752195491207334 2.1167607658003651 6.0870673951655911 0 0 0 0.8114220128024624 16 4190 18 8106 10 2823
403 -1.0093289218839772 2.5914710541595269 4.4147176371594794 0 0 0 2.3011932104890134 19 7110 16 4216 18 7958 7 8505 1 3372 5 6607 4 3422
404 -0.76036346443712055 -0.50904695004251277 4.9843976719134409 0 0 0 1.4618231162450961 2 2688 16 4309 18 5965 7 9001 1 4968
405 -0.76217107963971087 -0.51094060393963647 5.0027105214569518 0 0 0 1.2701909742106507 2 2687 16 4310 18 5966 7 9002
406 -0.49179389949586161 0.12394816701159218 4.6155554288451901 0 0 0 1.9373611292964275 2 3496 16 4312 18 7877 10 4907 7 11482
407 -0.55656031490239655 0.21946617347835889 4.6387789810125462 0 0 0 1.6306425265149642 2 1794 16 4316 3 1619 10 2675
408 -0.41800083707127 -0.32120903477983087 4.6757757413742853 0 0 0 1.7969924990234216 2 1842 16 4321 18 3327 7 3359
409 -1.04393946242369 0.43780203111704663 4.9575648519536326 0 0 0 1.4140732385146018 19 4396 16 4328 18 8480 1 5269
410 -0.30658929312404642 0.66808307022171376 4.5999494507384151 0 0 0 0.48457781165334785 19 4833 16 4332
411 -0.65312418462819577 0.84578236469093282 4.6386584005503355 0 0 0 1.8514242305161726 2 2084 16 4339 18 6045 7 4986 4 2872
412 -1.1248124137050604 2.0653484530777133 6.4953348777052575 0 0 0 1.7207511567495313 16 4359 18 6077 7 5051 1 1951
413 -1.1261027883237591 2.0647715566934228 6.4959044034522 0 0 0 1.9283560996996403 16 4360 18 6076 7 5050 1 1948 5 6649
414 -0.04972365966484317 -0.10105810578080655 4.3844158034717893 0 0 0 1.6424573696043998 19 4804 16 4465
415 0.11692015103459248 -0.12448264730545935 4.4038020855386923 0 0 0 1.0338297350916312 2 1369 1 812 4 2241
416 -0.028418038210521201 -0.0069905330990391815 4.4434204148245362 0 0 0 2.1776141399228357 16 4476 4 2054 19 2732
417 0.13180574676842205 -0.17139065486978181 4.4041014861054801 0 0 0 1.8113365678372462 2 2549 16 4487 7 8011
418 1.2169723892155995 3.0045473767006738 6.708073622892317 0 0 0 1.3049766624541232 7 7605 1 8406 5 5787
419 1.5599224517130652 3.4121892277640926 7.0640824398691837 0 0 0 2.093458378456468 2 4882 16 4521 3 1701
420 3.0046137455110093 2.7920474484795341 7.2471018328073704 0 0 0 0.9519097246854078 19 3873 1 5848
421 1.5944635192618932 -3.2623572521961886 8.47821705083153 0 0 0 1.6275400108199416 2 2364 16 4616 7 8397 5 3778
422 1.4845884211180473 -3.3382460942793104 8.3864243202389375 0 0 0 1.5388435935513738 2 5384 16 4618 1 2913 5 5911 10 7835
423 1.9109161416739953 -2.9698660890597299 8.1887042283553484 0 0 0 1.1835153695948233 2 2387 16 4622 18 4380
424 1.6935376889109237 -2.8586307375794564 8.5378739554548204 0 0 0 1.6288421037494514 16 4630 18 7626 7 8373 19 5136 5 5894 3 2866 20 6767 12 1891 9 2837
425 1.805635308452775 -2.8260543800145705 8.5306949827374883 0 0 0 1.112141755743727 2 1392 11 1553
426 1.805635308452775 -2.8260543800145705 8.5306949827374883 0 0 0 1.112141755743727 2 1390 11 1551
427 1.6636291906859624 -2.5156832978193471 8.6804577242509726 0 0 0 1.3498615567023702 2 4790 16 4633 1 3697 8 4977
428 1.6250820678382156 -2.5170079595982546 8.6789758886694965 0 0 0 2.3123108580795981 2 4794 19 8416
429 1.8004301979042934 -1.8056515621172267 8.502925411128933 0 0 0 2.1365998854245651 2 4787 19 5606 16 4640 1 3350 3 2890 8 3024 10 5257 20 4870 11 4313 17 1697 12 4408
430 1.8004301979042934 -1.8056515621172267 8.502925411128933 0 0 0 2.1365998854245651 2 4788 19 5604 16 4641 1 3355 3 2891 8 3023 10 5258 20 4872 11 4310 17 1684 12 4411
431 2.2545719977108005 -0.92022500926045336 7.9759457016468547 0 0 0 1.1601546643341873 19 5160 16 4654 10 9100
433 1.6703249610377204 1.4460805091333604 6.5822439762889786 0 0 0 1.7660064989879392 19 8474 16 4712 8 8686 10 5348 11 2643 20 5943
435 2.5061621055194809 2.1770517667451457 7.2838388679640369 0 0 0 2.3240918631122081 2 3103 16 4720 18 5116
436 2.1177712330252181 2.1921960369329461 6.8918865821480724 0 0 0 2.5133282241817247 2 2420 1 3222 7 7048 16 4730
438 3.1391736380117266 2.2880900959593755 6.995716616250097 0 0 0 2.0396370381456888 2 1932 16 4749 10 5387
439 2.8624589124555735 3.512778502417897 7.375084603566525 0 0 0 1.3269819802015601 16 4794 18 5200 2 1989 7 4472 10 5442 20 4258
440 2.8446111763560884 3.4678312609946009 7.3846372466788761 0 0 0 1.1018014511145287 19 4354 16 4799 10 5438
441 2.8022084485887686 3.461354526535354 7.4130777853270704 0 0 0 1.0735702450385811 19 3811 16 4805 7 4448 10 8899
442 3.0117466184254473 3.2938924899301281 7.1122900709830219 0 0 0 2.974221885348852 19 3817 16 4806 1 1564
444 2.6754655266718923 -3.1689823734053983 7.4044974210699932 0 0 0 1.5309401781448095 2 2752 16 5010 4 2701 10 3771 8 3194 11 4684 1 3025
445 2.9462058284019563 -1.0177286831410937 7.1049099387579115 0 0 0 1.439838851156801 19 4103 16 5119
446 3.1027079172951084 -0.9079147094574852 6.9398584684597502 0 0 0 2.0402618125041667 16 5126 8 3887 19 4107 20 1666
447 2.9677959661173161 -0.94361864671787876 7.1207185598152138 0 0 0 0.93778684027927073 19 6327 16 5128 10 5828
448 2.7588609479259327 -0.21449510467930519 6.7754186682847148 0 0 0 2.2152476367217626 19 4064 16 5150 18 5041 5 4904 8 3045 20 3153
449 2.6994855612273616 -0.24875614869755508 6.744256556027409 0 0 0 1.478687767359782 2 2928 16 5156 18 5030
450 2.6994855612273616 -0.24875614869755508 6.744256556027409 0 0 0 1.478687767359782 2 2929 16 5162 18 5031
452 3.138334416191757 -0.08486772257182254 6.8913165253915221 0 0 0 0.77549173464056798 19 4051 16 5304 8 3830
453 2.8635230407651622 0.63787824485668154 7.2845161570355037 0 0 0 1.4300874907598708 2 2958 16 5371 1 2671 13 3377 14 4666
454 3.3643522736712859 2.149492668010283 6.6724936930055243 0 0 0 0.19937829566768878 16 5457 10 5394
455 3.3379792728027788 2.8992321149041 6.7318383043295968 0 0 0 1.4899818208584494 19 3304 16 5528 18 6286 20 2920
456 -2.9290570824869411 2.2675862491889354 3.7497028961585825 0 0 0 0.65712487550533483 19 7774 7 7426
457 -2.2862611806892379 2.0767668110758972 5.2435974863783414 0 0 0 1.1869663438757765 19 8035 16 5871 10 4765 20 4922 11 6503 17 2778 9 1522
458 -2.1660111064758962 2.1354308095956829 5.1117027166061542 0 0 0 1.7947171556949708 19 11866 16 5878 1 10090 18 11442 10 10509 20 9989 11 6112 17 9153 9 6777
459 -2.1925241693959561 2.1148304204965509 5.1625493560848943 0 0 0 1.1490604364275907 19 7161 16 5879 1 10085 8 3674 2 3069 10 7762 11 6548 20 7003 17 4302 9 2243
460 -2.2781935237492124 2.0930345360622877 5.1800372071671967 0 0 0 1.5776896691984057 16 5884 18 8710 7 7923 1 6167 19 10686 2 3075 10 4599 11 9033 20 7007 17 4295 9 2238
461 -2.2239255404417824 2.1101312091163802 5.1563480886945365 0 0 0 1.3528837931057722 19 7647 16 5890 1 3669 10 7281 17 4292 9 4185
462 3.0958722221832131 -0.16285956117636868 6.9742211524946791 0 0 0 1.7715622033471836 2 4148 16 6017 7 4550 5 2105 11 6516 20 9144
463 -1.5167349716529597 -0.31386443463018815 4.6187618314045231 0 0 0 2.0629304559216095 19 7288 7 7695 1 3804 5 7664
464 -1.5992443552381053 -0.039910198378556819 4.5688833897173451 0 0 0 2.0288330063992497 2 3303 7 7713 5 3870 18 5762
465 -1.5119186958621726 0.00047094753075191745 4.4990956200461358 0 0 0 1.0152555703347155 2 3297 16 6184 18 6020 7 5910 5 5564
467 -1.4929042608058203 0.42492852777879908 4.8779594290452994 0 0 0 1.8442331066174196 2 1782 18 2577 19 2578 7 5945 1 1184 5 2990 11 2502 20 2024
468 -1.5873410079259147 0.55633148144399702 4.8908326172491172 0 0 0 1.9816643521288442 2 1769 16 6243 7 2365 5 2995 10 10395
469 -1.5865534953463782 0.55715081102021047 4.8892910719987617 0 0 0 1.5394573361521218 19 7243 16 6244 7 2363 5 2993
470 -1.2566592874885334 0.70725164172882127 4.8056430683527136 0 0 0 2.8618139752175691 19 10651 16 6245 18 12987
471 -1.3641461464655928 0.59659187128305247 4.8746218066909268 0 0 0 1.9107524508367242 19 7239 16 6250 10 8030 11 5437 20 11128
472 -1.3641461464655928 0.59659187128305247 4.8746218066909268 0 0 0 1.9107524508367242 19 7238 16 6251 10 8028 11 5438 20 11127
473 -1.4566972802989786 0.65256188441081719 4.8763023832949939 0 0 0 1.6792641340395404 2 3566 19 11824 16 6257 7 9942 1 6475 5 8555 10 7160 11 8101
474 -1.4537447651908986 0.6505940026591901 4.8742925629550173 0 0 0 1.3706287639742687 19 11822 16 6258 10 7161 11 8095
476 -1.4799356096611103 0.64061794986378728 4.8743028725645852 0 0 0 1.6373263637091882 2 3279 16 6272 18 6039 7 7752 5 5848 8 4243 17 4843
479 3.236694833498615 2.4863971854118696 6.8306569883788626 0 0 0 1.187763711715395 19 6891 16 6433 10 8947
480 3.2526488993503464 2.4970162775073859 6.8627328210701481 0 0 0 0.57429442630599425 16 6434 20 4890
481 -2.0582743488089132 2.2500850987457568 6.4777210328297805 0 0 0 1.3339492105170474 16 6502 18 2626 1 2755 10 10521
482 -1.6350786689873267 2.205387114405053 6.1904708911332005 0 0 0 1.3381200112066804 16 6514 18 8085 1 5358 10 2818
483 -1.6393262913978877 2.2081925757747594 6.2022567212494764 0 0 0 0.30490954545117244 16 6515 18 8086
486 -1.9935483001605137 2.2124913011776917 4.9507795151893044 0 0 0 1.6805706944350556 19 11872 16 6529 1 6180 10 4664
488 -1.0351791034421896 2.6700993780562587 4.4236700615668765 0 0 0 1.7659337244657634 19 7085 16 6599 18 8034 7 8685 1 3549 10 9518
489 -1.0932900569428665 2.6916492972573711 4.4479482205093985 0 0 0 1.5032889956412117 19 7095 18 6192 7 8827
490 -1.0698502919841371 2.6524559572031783 4.4344434935995967 0 0 0 1.2261934598658624 19 11907 16 6604 18 8049 1 5299 5 6603 17 6928
491 3.059365662536194 0.60927896628635836 7.0253611269284981 0 0 0 1.9032319565060507 19 6669 16 6847 5 10453 8 5167 11 6452 20 7672 13 7553 15 6739
492 3.0117881709141927 -1.010746539384128 7.0285218377742202 0 0 0 0.36805843968841051 19 6309 16 6944 8 6195
493 3.0264837012075474 -1.0088599002375955 7.0639614521339542 0 0 0 1.0528785934736593 16 6945 8 6194 12 1263
494 2.1376855879527086 -4.0863112870094112 8.0303143175450291 0 0 0 0.6352029081071433 16 7170 7 8406 5 5947
495 1.5474577113684678 2.77317219365638 6.8225503510339474 0 0 0 2.0760656328798386 19 5494 16 7412 8 8762
496 2.4665381228812615 3.1436191043256243 7.8507244989963185 0 0 0 1.9777291733631452 2 4938 16 7480 1 2605
497 -0.68534463846800375 -0.044161558907361141 4.715930917377591 0 0 0 1.6746150083905824 2 2672 16 7483 7 4327
499 -1.0206634285693046 0.29836732692160522 4.9930747296930136 0 0 0 1.9553741865733443 2 3599 19 7259 16 7529 7 8930 1 6743
500 -0.47496486649035663 0.14165018731014711 4.6047242668382991 0 0 0 1.8149284244407748 2 3505 16 7535 18 7858 4 3266 3 2580 8 6089 10 12900
501 -0.43367353938379855 0.14703838034498593 4.6228016770158629 0 0 0 1.5823184952449187 2 3499 16 7582 4 3273 10 9403
502 -1.0471497107959753 0.33137050128759216 4.9758051201177533 0 0 0 0.25768768303113776 2 3584 16 7591
503 -0.53192450770724642 0.18475406993050841 4.6941233707301295 0 0 0 0.49738771747265081 2 3502 18 7880
504 0.010885005411012031 0.51185555597441068 4.5344524409333085 0 0 0 2.7113986404446386 16 7623 18 7851
505 -0.044585831619955316 0.41570744369242918 4.5287536785397791 0 0 0 0.18576669386626535 19 6502 16 7630
506 -0.010262240410220896 0.58584048554010681 4.5063438107148821 0 0 0 1.8798532464051778 2 5762 8 9508
507 -0.11590290630421063 1.0597070685682608 4.6503058913717004 0 0 0 2.031494926934569 2 4588 16 7672 18 5717
508 -0.14335321000709458 1.0953002998368442 4.6836600072190349 0 0 0 1.2967213709673739 2 2502 16 7675 7 5024
509 -0.081682456075124157 0.91023037758094305 4.609202755390343 0 0 0 0.7940725346160924 2 4577 16 7683
510 -1.1836181603305727 2.1825452022515464 6.2240940143054431 0 0 0 1.6661070159341618 19 6423 10 4749
513 0.12660460512135094 3.0272719663794505 5.6901037436331396 0 0 0 1.4714495309662787 19 6388 16 7804 18 7738
515 0.066190027998737494 -0.1206857051711607 4.3586758122411204 0 0 0 2.0033636319938402 2 2546 16 7920 7 4532 4 3855 8 9737
516 0.04052935352874578 -0.12819388566952145 4.3721621999069216 0 0 0 1.1485553493933953 2 4507 16 7937 7 11288 1 4347 19 9894
517 3.0822088391300171 2.7778561855681043 7.0646777421333615 0 0 0 2.4926629572928012 2 3952 16 8099 18 12773 8 5048
518 2.9474322525952061 3.0065486852836605 7.2075421378757474 0 0 0 2.385157369726985 19 6954 16 8105 18 4556 1 2243 8 5047 10 8912 17 5359
519 2.4491609039840987 2.2918854655169576 7.2646044400230618 0 0 0 1.492381431588278 16 8148 18 7140 19 5299 17 8146
521 2.6035387224442794 2.1893729344892043 7.301828758944187 0 0 0 0.74634085813384188 2 4033 16 8154 1 3182
522 2.8468401363313349 1.8807390521230367 7.3477218602650973 0 0 0 0.99756462022120596 19 3255 16 8173 11 6341
523 2.5782398302469898 1.5520949253372858 7.2109322381016678 0 0 0 1.3897144825999592 19 5199 16 8176 18 7183 7 9084 5 10392
524 2.6540354601750136 1.5358654366613547 7.2813762748398849 0 0 0 2.0967432903912804 2 5592 16 8184 5 13289
525 2.3471181611230563 -0.060810923164624719 6.4805372987100984 0 0 0 2.4397392384276593 19 1321 16 8220 5 4896 11 1231
526 2.3484454835442889 -0.057612528220325983 6.462249151720437 0 0 0 2.1027629859835919 19 1322 5 4897 11 1230 20 973
527 1.9575284361125525 -0.13886053449641883 6.2350420467027483 0 0 0 1.5891908888870727 2 5339 16 8235 11 7462
528 1.9581546277576842 -0.13831300957614573 6.2369352482629088 0 0 0 1.2958406283037511 2 5340 16 8236 1 8714 11 7463
530 1.6654955845282582 -2.9819455647716384 8.5070855139550456 0 0 0 2.21036643109775 2 5383 16 8300 18 7641 1 5266 5 3688 4 7165 12 4477
531 0.22644674541124568 -0.35893108679028274 4.3184093174965668 0 0 0 1.0170727069426666 2 4501 16 8302 1 8315
532 1.6409817967420022 -3.2542277720936719 8.5194099695124841 0 0 0 1.7459969065605612 2 4754 16 8314 1 4325 5 8318
533 1.4523106820231069 -2.9631893769372768 8.4707393258125556 0 0 0 0.98365877419290992 2 5369 16 8315 18 9856 19 8411 1 9990 20 3782
534 1.807469850421993 -3.4577176663856273 8.3420639950623769 0 0 0 0.99973095987572558 2 5395 16 8329
536 0.51366205324187542 -4.0876951941632083 7.4040480271031202 0 0 0 1.7453855051925034 19 8189 16 8336 8 5328
537 0.51366205324187542 -4.0876951941632083 7.4040480271031202 0 0 0 1.7453855051925034 19 8205 16 8337 8 5329
538 -1.624418622541943 2.433619524111355 6.130539279263675 0 0 0 2.1868037663620652 2 6634 16 8492 10 7217
539 1.7326838837122773 2.2556251676824681 6.7033370457064265 0 0 0 1.7383382643156797 19 8356 16 8562 11 7429 20 8779
540 1.5075409461482341 2.6736708037768189 6.6891230695092814 0 0 0 1.4529899519213398 2 11008 18 7578
541 -1.5599613775657895 -0.047914544057580305 4.5154824661854036 0 0 0 2.3508886920974583 2 6820 16 8694 5 12567 4 5732
542 -1.2442436639733727 0.48136613122730126 4.9371222733335074 0 0 0 1.4484295099822213 19 10694 16 8731 18 8470 11 8049
543 -1.2400486031576368 0.47869949662772321 4.929830187034109 0 0 0 1.1132179584891657 19 10693 16 8733 11 8048
544 -1.4388533793508111 0.59656064620571125 4.9035028868020607 0 0 0 1.1919268966155816 19 7237 16 8739 1 6622 10 7163
545 -1.3823403592258343 0.47411771389797991 4.9280558892139767 0 0 0 1.283468752627384 19 13003 16 8744 18 12977 1 6718
546 -1.3892287114150108 0.53961951897712557 4.9293383513966242 0 0 0 1.3015112846080636 19 11792 18 12988 2 6757
547 -1.1540537294386739 0.58533047655286785 4.921060216313804 0 0 0 0.97634785195614804 19 10640 16 8762 10 10950
548 -2.1131541241329641 2.0526403121701189 5.4754764926819579 0 0 0 0.10772821474785368 16 8891 11 12852
549 -2.1934842917934114 2.0363117239564938 5.4387283978023842 0 0 0 1.188020953252009 19 7171 16 8899 10 7221 20 6986 17 4290 9 3584
550 -2.1934842917934114 2.0363117239564938 5.4387283978023842 0 0 0 1.188020953252009 19 7172 16 8900 10 7220 20 6985 17 4289 9 3585
551 -0.048740507417348304 0.0023596660703500147 4.4891448207056248 0 0 0 1.6751463260747819 2 4522 16 9084 18 7885
552 2.8558378688929209 -0.63397833265808923 6.7785142952001491 0 0 0 1.2949654594158428 19 9103 16 9209 20 9119
553 3.0487100621360912 -0.93664769131070924 6.9694842102834951 0 0 0 1.0291899822133146 2 8908 16 9223
554 3.4299452216254096 -1.3271532992250212 6.5133030925542066 0 0 0 1.7165796848702013 19 11111 16 9488
555 -1.6935936553912689 2.2927498001098452 6.219655396849368 0 0 0 1.7417566008828607 16 9917 18 13139 7 10008 10 7225
556 -2.196191716340266 2.1255876747072247 5.1374343001093701 0 0 0 1.3185454848269149 19 10779 16 9985 20 7008 11 6613
557 -2.0981204403926053 2.1856594376326224 4.9772292455734268 0 0 0 1.4579251793685641 2 7177 16 9987 18 11596 8 6905 10 7772 17 4298 9 6665
558 -2.216869839886169 2.0904025008779343 5.2070280658900749 0 0 0 1.664689592379007 19 11864 16 10004 1 6179 10 7555 11 6114 9 4188
559 -2.2171801129448596 2.0917121635425908 5.2091046121173825 0 0 0 1.576886442635441 19 11861 16 10005 7 9239 1 6178 10 7528 11 6115 20 9984 17 6986 9 4189
560 -0.98452160646317177 2.5530069658887435 4.4252945503660159 0 0 0 2.1280387501278528 19 10505 16 10087 18 9284 1 5024 5 8767 4 5038
561 -1.0601442563203263 2.6742175659660385 4.4305313175367242 0 0 0 0.87449061785562776 19 10494 16 10138 18 8048
562 -1.1818161057540282 2.8282286453288101 4.4482173524643098 0 0 0 1.4717590066962167 19 11916 16 10153 18 8016 10 7854
563 -1.0979789917729061 2.768509890460205 4.4498325240406187 0 0 0 1.9941726375609028 19 12848 16 10158 4 7539
565 2.5620581052352964 2.2388915982930717 7.2393410175310331 0 0 0 1.0540424348623052 19 5520 1 5704 20 7607 2 5986
566 1.9322825928336185 -0.11767026689170995 6.1987851655703725 0 0 0 1.911927063793158 2 8453 16 10326 5 11463 11 10412 20 8947 1 8723
567 1.6085623594793204 -3.0813921947579912 8.5967868395526317 0 0 0 1.0009023804426649 2 5385 16 10375 1 5054
568 1.6626865929178865 -3.2090662691907221 8.5238150617686212 0 0 0 2.143980882652849 2 9632 16 10381 18 11393 5 8312 19 8402
569 1.5216607475909745 -3.3161622007181299 8.434413686607396 0 0 0 1.3448884833978856 2 4753 16 10382 18 7651 5 5915 8 4974
570 1.5217594482909351 -3.316892586795213 8.4388672775657749 0 0 0 1.3790811182161253 2 4752 16 10383 18 7650 7 4492 5 5916 8 4973
571 1.6490433092046868 -3.0345466652885409 8.5726855256433154 0 0 0 1.4240483336759755 2 4760 19 8403 16 10386 18 7645 7 9204
572 1.7154256422672658 -3.1572834160262699 8.4344958987887431 0 0 0 1.726062967894348 2 9809 16 10393 18 11404 8 7511
573 1.1149853572038595 2.9904752013164195 6.5490102053648105 0 0 0 2.1074764749955954 2 10817 16 10551 18 7428
574 1.5444401860095847 3.5374856017559999 7.1235480230959816 0 0 0 0.8512425510878121 19 8510 16 10574 18 11292 1 7960 5 11532 11 10584 20 12769
575 0.013043571597069349 0.94017787697667188 4.6537190480838877 0 0 0 1.5989104337405675 2 2509 16 10762 18 9387 4 13096
576 -0.79197057618361066 2.2252978078322596 5.9910520418530595 0 0 0 0.68827436153155941 16 10836 10 8114
577 -1.062812829019453 0.30646082685777143 4.9785885516135808 0 0 0 1.9722893952623792 19 10700 16 10942 11 9334
578 -0.46812189527687997 0.2358936036263321 4.5995204278777297 0 0 0 0.84746011207846506 2 3508 16 11125 7 8887
579 -0.49142841386512121 0.10097733652924755 4.5875869522099819 0 0 0 1.357838753355149 2 3501 16 11131 4 4938
581 2.3257626852613691 3.324708157848292 8.0561199692427294 0 0 0 1.534334611706883 16 11271 18 7077 5 4714
582 1.8921147589364298 2.3055174446166453 6.6985299152045732 0 0 0 2.3218751744398509 16 11279 2 7280 1 5861 5 11381 4 4390 11 7418
584 1.9174620717138011 2.3014533634182475 6.7236395520916137 0 0 0 2.0891640523483264 2 5285 16 11299 18 9950 4 6436 10 10840 20 2316
585 1.9220552364010071 2.3060528294359046 6.7360974945793357 0 0 0 1.6486490396237459 2 5284 16 11300 18 9951 4 6435 8 4699 10 10841
587 2.1207590395002569 1.4103921537997111 6.8773236715215464 0 0 0 1.0284443168809474 2 13201 16 11320 8 11199
588 2.1520716881996362 1.3929117643308735 6.9742665971145792 0 0 0 2.0291945223631775 16 11327 7 7105 5 4831
589 2.1462934297288121 1.5322241827416219 6.9435469891238499 0 0 0 0.0032024063607924255 19 8869 16 11328
590 3.2713964151177226 -2.7751223991162761 6.6798223933914 0 0 0 2.0422828924341232 2 6077 16 11454 11 9984
591 3.5882664854251911 -2.5080841328254335 6.4267915883858953 0 0 0 0.37918557900411715 2 3858 16 11502
592 3.4601590037623753 -2.4187501337116166 6.5933102427942076 0 0 0 0.34825191913520565 2 9714 16 11516
593 3.3787698938946602 -2.1223212021705207 6.578333406253754 0 0 0 1.4224868242154087 2 9759 16 11542 11 10023
594 3.3787698938946602 -2.1223212021705207 6.578333406253754 0 0 0 1.4224868242154087 2 9760 16 11543 11 10024
596 -1.1435505829638317 0.88857066026209308 5.1948193937647815 0 0 0 1.4978309073651666 16 215 7 148
597 -0.41184264038968188 0.46028682794810188 4.7141324796437267 0 0 0 1.2603318550665559 2 126 18 220 7 210
599 -2.670434582868463 0.07722497953902141 5.5146038666814272 0 0 0 0.39534365920956321 18 373 8 288
600 -2.670434582868463 0.07722497953902141 5.5146038666814272 0 0 0 0.39534365920956321 18 375 8 289
603 -1.6650423012601177 0.52571816229739032 4.8102593218492826 0 0 0 0.80497697570458682 16 913 18 946
604 -1.6650423012601177 0.52571816229739032 4.8102593218492826 0 0 0 0.80497697570458682 16 914 18 945
605 -1.6650423012601177 0.52571816229739032 4.8102593218492826 0 0 0 0.80497697570458682 16 915 18 947
607 -2.053652297365522 2.200342153426861 6.482435225937655 0 0 0 1.1006506035272154 16 2755 18 1908 1 1313
610 -1.4799356096611103 0.64061794986378728 4.8743028725645852 0 0 0 1.6373263637091882 2 3268 16 6270 18 6038 7 7753 5 5854 8 4242 17 4842
611 -1.9664102946606414 2.2167306050528812 4.9244368649727246 0 0 0 0.36137083694371752 16 6528 1 10083
612 -1.1746177040969124 -0.23296678816697167 4.6178755906720275 0 0 0 1.4823782749374583 2 3296 16 7394
613 -0.046925000009974495 3.0736934806351819 5.6375532559450967 0 0 0 2.2938782437163745 18 7747 7 8658 1 4432 4 3951 5 8432 13 11392 14 9727
615 1.9394258604699266 2.2347302819096404 6.7373135521366434 0 0 0 1.590451144133554 2 4860 16 8147 7 7052 1 3208 5 2157 10 8607
617 1.1062043974077855 0.5955511674262024 5.8056847024621447 0 0 0 1.203429971515684 2 6 18 7 7 6
621 2.224256692072776 4.4774686884223982 8.2224996164165969 0 0 0 2.8227715227326118 16 116 7 139 8 111
622 2.4726040159712133 1.3873438716565925 7.1278975611383348 0 0 0 2.0056585214443432 2 96 7 144 5 110 10 194
623 0.85367635582532764 4.1149566066281977 6.8591259371353184 0 0 0 1.2375838258847427 16 115 11 78
624 -0.92355593064959396 0.91257290767353583 5.0281234233171714 0 0 0 1.5675134549081196 2 84 18 127
625 2.6219117001867227 -0.020003700662953504 6.7164057160264585 0 0 0 0.18645550493665147 16 163 18 154
626 3.1638842814112951 1.5972431937149585 7.5999618289517574 0 0 0 1.5852990931825921 2 163 18 159 1 97
627 1.5905853407123809 2.7713106059640751 6.8098686824777941 0 0 0 1.5135371078515696 2 141 7 229
628 1.5828794141005924 3.3428439944875636 7.2075824102968937 0 0 0 1.6872290910289363 18 163 5 158
632 1.7800261008711258 -3.3872809515374529 8.5230872320566089 0 0 0 1.8432747930519999 2 128 18 193 7 231 1 172 5 189 3 140
633 -0.053406036212287622 0.1880518073887455 4.4718939553434174 0 0 0 1.1550773899821902 18 194 7 217 4 172 3 164
634 -0.4295166906644392 1.25794185083188 4.7459767472555736 0 0 0 1.7098426061451171 2 134 18 202 1 142 3 210 4 234
635 0.43835657666350497 3.0898785388671381 6.0212385832989401 0 0 0 1.5239074286570606 16 291 18 231 1 156
636 2.759583726189196 3.2921868702541368 7.4698479762047905 0 0 0 1.3876878144698841 2 151 18 232 10 398
637 -1.731553808888076 -0.84709924832846739 5.1154155267534644 0 0 0 2.5132428643941878 2 202 18 250
638 -1.1536454570283801 -0.67515479357077557 4.9706438884352542 0 0 0 0.37022844648094466 18 252 4 490
639 -0.18515752214343123 -0.33950309300953335 4.4655511084443491 0 0 0 1.9381445625883555 2 207 18 255 7 468
640 -0.62444888872582283 0.21449498480974041 4.7773184323141793 0 0 0 0.62556241177860306 18 260 8 739
641 -1.0669024132021028 -0.26156126248520634 4.7348438205382415 0 0 0 1.7842554936939397 2 203 19 505 18 261 7 361 1 302 5 641
643 2.3926367283582803 3.0063025091031843 7.9603423983775032 0 0 0 0.98293605924942495 19 259 18 341 7 268 11 388
644 0.43835657666350497 3.0898785388671381 6.0212385832989401 0 0 0 1.5239074286570606 16 290 18 353 1 157
645 -0.29312499067966713 0.40618822204785532 4.5782039173933846 0 0 0 1.6354449557042778 2 221 18 362 7 365 1 330 4 317 8 565 10 554
646 -0.31110425698409522 0.23881797022251866 4.5782848819017712 0 0 0 0.10684317325547596 18 379 1 321
647 -0.22887876530598622 0.076527580270014994 4.4795953239506323 0 0 0 1.4728170161131768 16 757 1 328 3 379
648 0.16017355016493548 -0.13568712675181002 4.4998447283616834 0 0 0 1.2976161934600667 2 378 18 390
649 -1.099718940540533 0.20800646835348774 4.956389922073754 0 0 0 1.351777113117435 19 501 18 397 7 958 1 384 11 550
650 -0.6251059303469505 -0.40425715291910153 4.8611781733318695 0 0 0 2.2526479642547081 2 263 18 399 3 371
651 -0.37856159988277061 -0.59008672453881383 4.6661378436510503 0 0 0 1.6521440369992686 2 201 18 400 7 611
652 -1.3524991510340907 0.36941589068217973 4.8967101098394048 0 0 0 1.0498833902748002 2 514 19 536 7 999
654 -1.3567026859970686 0.37363651259045377 4.9012484349376226 0 0 0 1.7373669965599252 19 535 18 420 7 997
655 3.5592100268655282 -1.5886223378317459 6.651871862974895 0 0 0 1.6364115862407658 2 361 18 450 7 792
656 2.752962931107489 -0.66037487060402511 6.7793753247957014 0 0 0 0.97308876916619325 2 331 18 458 7 875
657 2.8366807792317155 -0.8310852012204164 7.1231178514661151 0 0 0 0.15639558144267193 2 373 18 462
658 2.2449360918455898 -0.055938622134540435 6.4952270142175976 0 0 0 1.5993948549701222 16 391 18 469 7 522
659 2.2449360918455898 -0.055938622134540435 6.4952270142175976 0 0 0 1.5993948549701222 16 390 18 471 7 523
660 2.3895119005763403 1.7630736959701014 7.2490078167837373 0 0 0 1.4910400835729931 2 432 7 891 1 279 8 1277
661 0.018873490470094612 1.983322701414407 4.9469520028514991 0 0 0 2.3920789529889128 16 661 7 580 5 348 4 356 3 276
662 -0.91873120596717606 2.1692723695247751 6.1429786025597934 0 0 0 1.4647793036079348 16 536 18 567 7 400 4 533
663 -2.1183118663488769 2.17630594788307 4.8465611058724951 0 0 0 1.3206675016582876 16 258 4 573
664 -1.0706156926030805 2.6942242094713387 4.4470003960465334 0 0 0 1.0617592532353941 16 660 18 572 7 439 19 722 5 327
665 2.8978309766113202 3.3956578361837706 7.2923640309118047 0 0 0 1.8171357101596757 16 615 18 626 7 900 11 807
666 1.4884284011816655 4.3324534546229492 7.3919005227060968 0 0 0 1.8400622235066781 16 1264 18 634 7 827 5 889
667 2.5410918741204669 2.576291075519717 7.4330896116792973 0 0 0 1.4816394321254751 16 1302 18 644 7 1213 5 593
668 2.5941097566928826 2.3522103900604567 7.2084098410586144 0 0 0 1.6305204826868049 19 447 1 274 7 879 5 317
669 2.8292268335448369 2.1245502374239913 7.3661565812376733 0 0 0 1.8096532816710362 2 444 18 649 8 784 20 1009
670 1.6632161193777704 -2.8358071238810849 8.5770527350630328 0 0 0 1.4724326999331956 16 575 7 1291 3 663 8 751 10 637
671 1.6632161193777704 -2.8358071238810849 8.5770527350630328 0 0 0 1.4724326999331956 16 589 7 1283 3 662 8 752 10 620
672 2.5081226684836011 -2.9316092536915694 7.612145055928389 0 0 0 2.5413746191779913 19 666 18 752 10 607
673 2.5334695384160164 -2.9455712077112879 7.6602417605469748 0 0 0 1.5969939703454317 18 753 7 1167 10 608 2 362
674 -1.8029492269482894 -0.16220311495941342 4.669843774046611 0 0 0 2.2523173210478209 2 531 18 808 7 946 5 1092 4 489 3 695
675 -1.5923196130200739 0.037458914584600662 4.4958399885488127 0 0 0 0.99926015607089713 18 840 7 1012 5 1089 2 527
677 -0.45717383603878231 0.57364889635064598 4.6693509044292316 0 0 0 0.51574333751604939 2 782 18 930 7 1003
678 -1.2070088426681127 0.8423386083206037 4.8297880376887639 0 0 0 1.5787629604000508 19 970 7 378 1 474 5 504
679 -2.0191505299063839 0.2263291644846904 4.7636387628943355 0 0 0 1.785646908445701 2 529 18 944 7 1010 4 837
680 -0.44144901816598875 0.50095925489354021 4.5260491237140243 0 0 0 0.19514353009132979 18 957 7 1468
682 -1.7093427851912577 -0.13017746657476212 4.6342894111063968 0 0 0 1.7961174043772277 16 557 18 966 7 949
683 -1.7257566316785475 -0.55328110380882034 4.8377595271819231 0 0 0 2.2504425730645492 2 422 18 968 5 1161 7 924 4 865
684 -0.67739399889241247 0.10659685258858756 4.7651973145156648 0 0 0 0.059819395346913946 2 524 7 1004
685 -0.98532320102522764 0.11860942158444134 5.0551108580349657 0 0 0 0.9927441058718085 2 515 18 980 7 1471 1 798
686 -1.1875024546648096 -0.072495344973179179 4.5859778733181304 0 0 0 0.32651229722842395 2 546 18 989 5 1170
687 -1.0695037070689144 -0.59613493533171236 4.9568690752795037 0 0 0 2.2994862893515582 19 925 18 992 8 839 16 739 10 879
688 -2.5135552320303578 2.0140325002656363 5.3221413738865628 0 0 0 1.5217164968079555 19 1929 18 1051 1 870
689 3.0401988830628217 2.1158126021162693 7.1050723557884607 0 0 0 1.5850117509971517 2 579 18 1099 1 550 5 1020 10 2179 16 1234 11 1006 19 1169 20 1341 8 1377
690 -1.1015927906044356 2.7344062093055901 4.3963156046680476 0 0 0 1.5643942724614763 16 1961 18 1198 7 1380 4 780
691 -1.1015927906044356 2.7344062093055901 4.3963156046680476 0 0 0 1.5643942724614763 16 1963 18 1202 7 1377 4 779
693 -0.059389092700999499 1.0781704854221996 4.736290250220847 0 0 0 0.18022695078951884 2 2503 1 332
696 -0.73168900728318131 -0.23124468496848161 4.9743075833680805 0 0 0 2.2276128556685411 2 825 18 1287 7 1301
697 -0.73168900728318131 -0.23124468496848161 4.9743075833680805 0 0 0 2.2276128556685411 2 823 18 1289 7 1300
698 -1.4817042260283126 0.15457685275737185 4.736162919450102 0 0 0 1.6030042797751796 2 819 19 956 18 1291 5 1181
700 -1.3931596285036421 0.29321144479060818 4.9223341935044793 0 0 0 1.6131975579202695 2 977 18 1294 7 1668 4 1665
701 3.3609674247429715 -2.1860983645834069 6.5425171892132177 0 0 0 0.1456761095061779 19 1403 7 1020
702 3.8162025826439177 -2.2765560790269608 5.934335185421407 0 0 0 1.3793013997069927 19 1047 18 1402
703 1.8156731314263297 2.3531792624856509 6.7595320639214407 0 0 0 0.26193595488228916 2 767 18 1410
705 2.5160763298613427 4.210071786562068 7.8237226877628974 0 0 0 1.3537766740912225 16 1256 8 2983
706 1.64601373100786 3.8440228753002574 7.3046810657475918 0 0 0 1.5006115120253203 16 1832 18 1434 7 1172
707 1.5148161790238353 4.0323572164047494 7.2229586409164304 0 0 0 2.7963360686165935 16 1814 18 1450 3 491
708 -1.923972635001552 -1.1654189697439461 5.6390966572955223 0 0 0 0.78402824607909982 2 928 18 1468 5 5523
709 -1.923972635001552 -1.1654189697439461 5.6390966572955223 0 0 0 0.78402824607909982 2 931 18 1470 5 5525
710 -0.30581638828333696 -0.45127887227715063 4.3111581242545807 0 0 0 2.9231614084013238 2 840 18 1474 7 1626 4 2937
711 -0.30581638828333696 -0.45127887227715063 4.3111581242545807 0 0 0 2.9231614084013238 2 839 18 1476 7 1627 4 2938
712 2.0202211427845067 -0.50302111842413688 5.8357632345884909 0 0 0 0.16403845417126689 18 1490 7 1903
713 3.3495786719146263 -3.1143441853579721 6.8300458059625146 0 0 0 2.075642944519132 2 643 18 1504 7 1856
714 -0.75351823829911568 -0.41410228578252217 4.9076615529765322 0 0 0 1.1949057172480961 2 944 18 1515 5 1558 4 1043 10 2699
715 0.64712798583071851 4.0383591593371611 6.5896678108971392 0 0 0 0.33050848539974803 16 2531 18 1531 4 1261
716 1.4351814453420246 -1.5232883054586663 8.8976718514853506 0 0 0 0.11588680952037025 16 1905 17 682
717 2.2037125000777658 4.313017893938583 8.0917810452719348 0 0 0 1.1702583424805746 16 1815 5 890
718 -1.8503026273023544 0.60661184499756626 5.0230358247844977 0 0 0 1.0014513373054521 2 1090 18 1566 7 1692
720 -1.789715239107597 0.24825046239856216 4.8156230027647799 0 0 0 0.60964573821471701 2 1098 18 1576 5 2922
721 2.4141545938612672 3.7286271988378537 7.9454541881957468 0 0 0 2.038149476324052 19 1262 18 1588 7 1969
722 -1.6685143396183508 -0.27806568849385732 4.5436901302571968 0 0 0 2.202768568293354 16 1613 18 1591 5 5543
723 -2.3774691892636555 0.14091326485988928 5.1581528110436006 0 0 0 2.3309241435515045 16 1629 19 10219 18 1593 7 1505
724 2.4499377498336887 3.2786588927363542 7.8546725828537483 0 0 0 2.4494513425897231 16 1838 18 1624 20 3092
726 2.6415676846697065 1.6943136503770893 7.2901027724909069 0 0 0 2.1738195654786479 7 2900 1 568 8 4894 20 985 18 1627
727 3.0203748121430736 2.0533306720466546 7.1257185902282867 0 0 0 0.81444374596989155 16 1866 18 1636 1 1035 5 1372 10 3183
730 3.1174774794911744 -0.65939055112214418 6.9653042056760173 0 0 0 1.6712176469878766 2 2009 18 1667 7 2282 1 1730
731 0.82581442177390174 -0.066561333740983372 5.5614242674312733 0 0 0 1.6016633203733153 16 2456 18 1668
732 2.9723332925689814 -0.29125583738537875 6.83940272501646 0 0 0 0.87110359514307423 19 596 18 1671 7 1902 1 584
733 2.6590434754036294 -2.6702462720510667 7.4097227961401968 0 0 0 2.0490868485606533 2 1118 18 1698 5 1604 12 709
734 2.6368590475027043 -2.7902444491747374 7.4167646243294589 0 0 0 0.97730773635774637 19 1227 18 1702 7 1862
735 1.5596854771556055 -3.0338928842886803 8.650922967998973 0 0 0 1.6242121663564124 16 1918 18 1703 7 3756 5 3977 4 1077 10 3068 19 5135
736 2.5231607654673778 -2.8402571227235169 7.6260875899108678 0 0 0 2.102198279994238 2 1499 18 1709 7 1864 10 1258 16 1474
737 2.4685611440709616 -3.0457873271459164 7.6894203082480193 0 0 0 1.1926293610834928 16 1083 18 1711 10 705
738 -0.75267556880252762 -0.41384743982422639 4.90692246807098 0 0 0 1.3005347351644605 2 945 18 1721 5 1557
739 -2.2907485961782372 2.1007331282183284 5.1389080923435797 0 0 0 2.1327427282543616 19 2438 18 1751 7 2755 1 1849 8 1945 20 2674 11 2299
740 -2.0765686281435509 2.1586686903076155 5.0934710209103402 0 0 0 1.7119277857934607 2 1055 19 2648 18 1763 7 1778 5 3036 7 2751 8 2081 10 2069 20 2665 17 2238 9 1221
741 -2.6414480078614671 2.323140694501499 3.3978493789211583 0 0 0 1.7019813577628515 18 1790 7 3161 5 5462
742 -2.3838243089319993 2.4758330188758038 3.4441129475955199 0 0 0 0.34734240719081605 18 1792 7 1572
743 -1.0386678496676289 0.94461398226434767 5.1857095151345929 0 0 0 1.9457665154961465 2 799 18 1835 5 1385 3 1100
745 -1.4287457264267027 0.58372254605310936 4.9051126802831657 0 0 0 2.7603608605798851 2 793 18 1962 7 1701 3 873 4 839 19 1694
746 -0.033684543943852806 0.5702920199189393 4.4843054594590654 0 0 0 1.9043393393309844 2 1331 18 1967
747 -0.99162590769346659 0.3259248319736896 5.0033711245122294 0 0 0 0.89705659995384879 2 1810 7 3104 8 2683
748 -1.4577732185171006 0.078443951226446235 4.6629832466722156 0 0 0 0.98257276072932997 2 969 5 2938 18 1988
749 -1.4577732185171006 0.078443951226446235 4.6629832466722156 0 0 0 0.98257276072932997 2 968 5 2939 18 1991
750 -1.4315195774131089 0.11221462038020087 4.7813160610903926 0 0 0 1.5472074175626087 2 963 18 1994 7 2402
751 -1.4508769310349448 -0.84250057885760288 4.8799685893308489 0 0 0 1.9309253664678601 2 927 18 2037 7 1620 19 2525 4 1551 3 1129
753 3.5716242001374185 -1.4575777620464745 6.5004192675815071 0 0 0 0.71456072711543184 2 1127 18 2111 7 2119
754 3.5716242001374185 -1.4575777620464745 6.5004192675815071 0 0 0 0.71456072711543184 2 1126 18 2112 7 2122
756 -1.3665763559608339 -0.56067798835851612 4.8231305007174363 0 0 0 0.72413388199758999 19 7311 18 2510
757 -1.4254744546581595 -0.12741253195610208 4.5671326045502001 0 0 0 1.8214393007094476 2 1843 19 4376 18 2538 7 2425 5 3877 11 4767 20 4915
758 -1.4413693676783721 -0.079953849885583836 4.5767388670498228 0 0 0 2.2788207854904017 2 1837 7 5929 4 3823
759 -1.4413693676783721 -0.079953849885583836 4.5767388670498228 0 0 0 2.2788207854904017 2 1836 7 5927 4 3824
760 -1.5177292014896175 0.025590134429677586 4.5525423027353105 0 0 0 1.0514864919336104 2 3306 18 2542 7 5914 5 3864
761 -1.0299082509745461 -0.036482498179748808 5.0076826980942082 0 0 0 1.5130410604548634 2 3290 18 2560 7 4325
762 -1.126927415021314 0.38809301465251617 4.9290879133868275 0 0 0 1.5720568042465415 16 2319 18 2570 7 2386 1 1420
763 -1.5501923709302308 0.48710716268941884 4.8607221613342722 0 0 0 1.4023563311584279 2 3323 18 2574 5 2911 4 2560
764 -1.5501923709302308 0.48710716268941884 4.8607221613342722 0 0 0 1.4023563311584279 2 3324 18 2575 5 2912 4 2561
765 -1.2762437569804199 0.3247673722146921 4.9108409160963769 0 0 0 1.3316929548947711 2 3329 18 2578 7 5951 4 2884
766 -1.6116460145115326 0.28117376495050261 4.7429094362589437 0 0 0 0.62521601727137499 2 1784 7 5941
767 -0.90401472366046509 0.96288935163479195 5.0692614715414006 0 0 0 1.8267584606200504 2 1738 18 2589 3 856
772 2.6823069233939352 4.1400874058353789 7.4608434757437152 0 0 0 2.1043724470973841 16 3192 5 2280 10 2976
773 2.3070878333800873 4.1293696021414688 8.0612086864177019 0 0 0 1.2394164576392193 16 3177 18 2834 7 3771 8 1475 10 2980 11 2693
774 2.8107369144749357 3.7763469346722554 7.4493750730195725 0 0 0 1.6689373440323336 16 3174 18 2836 7 2814
775 2.3839278374856083 3.9010917352120709 7.9960461376173821 0 0 0 1.4233877848891554 16 3161 8 2989 10 2969
776 2.2926993275301188 3.6475794101986083 8.0910124438594604 0 0 0 0.94669894425704981 19 1272 18 2849 1 1074
777 3.2055603403212376 3.441379731605863 6.981364854423675 0 0 0 1.7025639910047548 16 3182 20 2897
778 2.2424425605146161 3.4416262160071143 8.0138543131971662 0 0 0 0.91010922539913253 16 3155 18 2851 7 2826
779 2.7985212277064653 3.2317867125584874 7.4500942941851402 0 0 0 1.3840164628033467 19 1830 18 2859 10 3198 11 2070
780 2.7152696456923753 2.7338032888591695 7.627942996974804 0 0 0 0.36497135723332208 2 2020 7 1937
781 1.8154378487256146 2.4760059721985725 6.7778160801580301 0 0 0 2.1895834298428616 16 4742 1 1605
782 1.8154378487256146 2.4760059721985725 6.7778160801580301 0 0 0 2.1895834298428616 16 4740 1 1606
783 1.8154378487256146 2.4760059721985725 6.7778160801580301 0 0 0 2.1895834298428616 16 4741 1 1607
784 -2.2539685002472587 2.147026509746004 5.0379585375020746 0 0 0 1.1308299817803265 16 2209 18 2947 8 2553 19 3646 10 3316 17 2806 9 1519
785 -2.244257469865238 2.0145032041890762 5.5110733868120461 0 0 0 1.8191456917339579 16 2753 18 2948 7 6013 8 2535 10 2826 17 2123 9 1497
787 -2.1123857885560349 0.23219189200466578 4.8006528066322636 0 0 0 1.8291443511469643 2 1720 18 2981 7 1674
788 -1.8971046713476842 0.22672891503355447 4.7271250208721263 0 0 0 1.4134734293704716 2 1339 4 3784 18 2984
789 -1.8765064935941695 0.22360575647376948 4.775002459324833 0 0 0 1.5813036750239322 2 1101 18 2986 7 2400 4 3794
790 -1.7242769546655947 0.065633932537381132 4.6126479958471318 0 0 0 1.5486469719453666 2 3001 18 2994 7 7703 5 5565
791 -1.8973352082225732 -0.20524072261372783 4.7988479583406836 0 0 0 1.104004641507853 2 2994 7 2418 4 2527
792 -1.8771895563893 -0.20028614667613312 4.7459987137477118 0 0 0 2.7740766540287645 2 2995 7 2417 3 1838
793 -1.817077458905574 -0.80045076450313635 5.1889320225114242 0 0 0 0.21676364886696226 2 1656 18 3024
794 2.5002370661853859 2.3640121877223375 7.2714306857733915 0 0 0 1.4340882382733584 16 2665 18 3033 7 2850
795 2.4975524905446242 2.3650472116372727 7.2688403011297433 0 0 0 1.7687147030206534 16 2666 18 3034 7 2851 1 1632
796 3.0226999576912705 1.9393555154211091 7.2041920260083421 0 0 0 1.8915058716586726 2 1899 18 3058 7 2899
797 3.1284929249866478 0.24851696228963996 6.9223373232515586 0 0 0 1.4537095093736472 16 3385 19 4030 18 3074
798 3.0034130487562489 0.30470379985047213 7.0840670388718365 0 0 0 2.0960870809328465 2 1644 18 3077 11 3271
799 2.9184801069604713 -0.90321959049998313 7.1582662296670927 0 0 0 0.42086586703093931 19 3152 18 3082 20 3868
800 2.8716632252565617 -0.0014691544265072755 7.1301737280232667 0 0 0 2.4994665222903456 18 3088 7 3396 5 2111
801 3.042216843278617 -1.1422488514391731 7.090354257283086 0 0 0 1.6836608542200786 2 1582 18 3094 7 4608
802 3.0136807469086531 -0.97288485197665098 6.611030593279823 0 0 0 2.6016814977226028 16 5132 18 3101
803 2.7388520177555238 -1.8246915524110587 7.4230729056756557 0 0 0 1.0801297714441818 2 2814 18 3126
804 3.3348027361526684 -2.4451010328584424 6.5385944695803753 0 0 0 2.6582385101217536 18 3137 20 1970
806 -2.3914418657088876 2.5116816316036745 3.426065766883768 0 0 0 1.0640495939924155 16 3921 4 3011
807 -2.9572928201620337 2.2641462262342724 3.7668749742412668 0 0 0 0.52767112211249279 16 5693 5 12239
808 0.13623822277067654 -0.28003614766720925 4.3476163113385917 0 0 0 2.4058200334692201 2 1355 18 3317 7 3007
809 -0.096431762811403754 0.082162358575015998 4.4446735718060335 0 0 0 0.90873280685255797 18 3330 8 1813
810 -0.52741255171528556 0.15440546674034747 4.6893965988535866 0 0 0 2.1325532614554845 2 1790 18 3332 7 4326 3 1625
811 -0.4219096957417412 0.31183808929382145 4.6292099449628736 0 0 0 0.94054655676206167 1 1226 19 1508 5 3453
812 -0.45126005430287802 0.41356693777748055 4.6299022025418797 0 0 0 0.56366175948096398 2 983 16 2318 7 3346
813 -0.28268937729762916 0.14798981907043043 4.5521692677991572 0 0 0 1.7573308831843171 18 3358 7 1658 1 1217 3 1288
815 -0.16935571231149243 0.86850033207511579 4.520480503373026 0 0 0 1.7624359286785758 2 1006 7 1434 4 440
816 -0.55479853063812812 1.031780129520826 4.6475483513251721 0 0 0 0.87508680962534946 2 1011 10 4947
817 0.016409898639133287 1.8764741368708342 4.8884434998454482 0 0 0 1.6248993727323231 18 3376 8 1680
818 -2.401963628191508 2.418183586287574 3.4487536330939297 0 0 0 1.8031223024807934 18 3403 7 2714
819 -2.386615367740196 2.4104869321891425 3.4172944502791243 0 0 0 1.2111062483718387 16 3920 7 2715 4 2997
820 -0.97805227166051179 4.7518805030183211 7.1674440941809809 0 0 0 0.15367254829852869 16 4405 18 3444
821 3.6873589750687636 3.1607490802212168 6.3279133431298611 0 0 0 1.4897556239161009 16 3543 18 3516 7 3512
822 1.4451060189777105 4.044215562868839 7.2109699573257622 0 0 0 1.46247770703427 16 2535 18 3775 7 2923
823 1.4451060189777105 4.044215562868839 7.2109699573257622 0 0 0 1.46247770703427 16 2536 18 3776 7 2929
824 1.2079434132643776 2.5159357828465461 6.3466980251330378 0 0 0 1.6587624428145376 16 2474 18 3797 7 1948 5 907
825 1.7089248177467242 2.8972944747953639 7.0023655495785206 0 0 0 0.17156712541141425 2 4870 7 4435
826 1.1584392967214121 3.2185067689162081 6.7538077891270181 0 0 0 1.5699263104333974 19 2899 18 3815 1 1804 11 2306
827 1.8046286749085452 -2.5832680799853063 8.4419033140724817 0 0 0 1.7887851002741577 2 1384 18 3827 17 1665
828 1.8046286749085452 -2.5832680799853063 8.4419033140724817 0 0 0 1.7887851002741577 2 1386 18 3828 17 1664
829 2.1584412639972843 -3.7091755644385871 8.1352785772757397 0 0 0 0.32453603038202028 2 3171 18 3846
830 3.5550085031084624 -1.4803302293339893 6.6054390600367485 0 0 0 1.349588774589157 2 1538 18 3858 7 3747
831 3.8949962139317775 -1.9337070008436628 5.8493039404064442 0 0 0 1.4151446604621172 19 2211 18 3861
832 1.6925464340478635 -2.6494050883868225 8.6885068958148164 0 0 0 2.8758243287755945 19 2913 18 3884 8 4955
833 1.2248588246014449 3.0107464417799483 6.6498797020378229 0 0 0 2.2344806747215151 2 5065 16 2484 7 7911 5 9714 4 4415 13 7066 14 9206
834 1.1877779104437978 3.0385319053527602 6.7064390687370601 0 0 0 1.1860092413942767 19 5060 18 3970 7 7929 1 2897 5 3904 4 3129 3 1367
835 0.68237647052335892 3.1797212100467238 6.3022261847715937 0 0 0 1.3841647336307794 2 4723 18 3972 1 4444 4 6710
836 0.6876787668559815 3.1831758302543411 6.3187907666056642 0 0 0 2.4306459886923277 2 4722 16 2506 18 3973 7 2974 4 6709
837 1.7079827119850941 3.6705201828550185 7.2888662575012351 0 0 0 0.28247496042849085 16 4527 18 3983 7 4470
838 0.34117357097526768 3.1491324167560331 5.902785330617994 0 0 0 0.26921779484636393 16 7772 4 2161
839 0.74706784416436356 3.2028711594293333 6.3305953190827999 0 0 0 1.9567150229158843 16 2497 18 3988 5 3896
840 1.5340540180644457 3.9434651579596731 7.2608350620911315 0 0 0 0.44524067711009524 16 4430 18 3993 7 5565 5 4306
841 1.4784851316990071 3.9989928843311744 7.3097428790366603 0 0 0 1.4985625884310563 18 3997 7 7580 5 4299 4 3154
842 1.4784851316990066 3.9989928843311739 7.3097428790366603 0 0 0 1.4985625884310068 18 3998 7 7578 5 4298 4 3153
843 0.71525090373064004 3.9934305009391093 6.5857764202440352 0 0 0 0.9092054024367926 16 4555 18 4017 7 5641 5 3936 4 3183
844 0.60699814858323864 3.9873428697075628 6.5916441001789092 0 0 0 1.1395962445313403 16 4558 18 4021 7 5643 5 3927 4 1321 11 2377 13 3047 10 8176
845 0.60556650385650157 3.9814055644324378 6.5770984392785001 0 0 0 0.87684903063520048 16 4556 18 4022 7 5644 4 1320 10 8175
846 0.60750988314710286 3.9901651483509979 6.5966331502893878 0 0 0 0.65524164912287974 16 4557 18 4023 7 5645
847 3.4293438225610235 0.80716330125593716 6.5616511336824228 0 0 0 1.0518537998653064 2 2205 1 1918
848 3.7336972351835094 3.168460346541059 6.3251214054896163 0 0 0 1.2669917647606757 16 5542 18 4246 7 4135
849 1.6017967183127095 -3.3570140074448651 8.3677529719536228 0 0 0 1.2976089764403784 2 2204 18 4391 1 1348
850 1.7844662192424907 -3.3250470612900345 8.4678872707589399 0 0 0 0.1554158509069774 16 4620 18 4399
851 3.5609984454048869 -1.5064414971297042 6.5152315367008953 0 0 0 1.9138049855399319 2 1545 18 4670 7 4402
852 3.481280860708361 -2.2381234817960296 6.4347511861646387 0 0 0 1.9948373740737904 2 1515 19 4187 5 2060
853 3.481280860708361 -2.2381234817960296 6.4347511861646387 0 0 0 1.9948373740737904 2 1514 19 4189 5 2056
854 2.7602742561838389 -1.913439103652093 7.3133052786054584 0 0 0 1.4843928913069795 2 2807 18 4731 7 4648 1 3088 20 4504
855 2.8803243107586711 -1.7665848935519801 7.2269691986250963 0 0 0 0.93892647468462054 2 1541 18 4907
857 3.1064600322738696 0.74687313420979196 7.015070578312506 0 0 0 1.2602408537031458 2 1655 18 5069 1 2028 7 4357 10 3129
860 2.8043588896779172 0.54202075315599962 7.1954000692334645 0 0 0 1.5427005487989534 16 4703 18 5092
861 3.0263350190327571 2.1777021092505469 7.138230397254639 0 0 0 1.156841576062468 16 4738 18 5115 5 4778 10 12163 2 5649
863 2.8881669875476157 2.4018404838847878 7.2616762259892145 0 0 0 1.8790349092389984 2 3104 18 5122 1 2632
864 1.9468452157117513 2.3176337055602967 6.6424296296330336 0 0 0 1.2786676884942503 16 4736 18 5133 8 2949
865 1.8362525899691287 2.2906205587524386 6.7537461856148333 0 0 0 1.78062186996093 2 4850 7 7046 1 3209 4 6437 3 3412 10 10836
866 3.2104477680238723 2.5610994462363839 6.915601536881451 0 0 0 2.3857984283014946 2 3128 18 5148 10 8933
867 2.6303798700021845 2.9709829221383064 7.6176854984875204 0 0 0 1.1568096688429532 16 4773 18 5158 5 4342
868 2.6376148320622956 2.9753925311378135 7.6380771179899423 0 0 0 1.5411051435605598 16 4774 18 5159 5 4341 8 5642
869 2.8470658960798678 3.0018383220150353 7.3582917477556373 0 0 0 1.2693135360559875 19 3847 18 5162 8 4842 20 7533
870 3.0236190384178263 2.9035452788207183 7.101868696367502 0 0 0 0.060464802749330325 2 3156 1 2210
871 2.7074433815373395 3.2689397762878296 7.6066010412155904 0 0 0 0.53246534058418171 2 2723 18 5184 8 4726
872 2.7519900730436424 3.4051952176372375 7.4763067669155303 0 0 0 2.1270686410484667 19 3829 18 5189 11 4402
873 2.2990655531626012 3.8315840020777081 8.0783794374059639 0 0 0 1.1403827383194458 16 4789 18 5204 7 4460 11 4403
874 2.9079999362198721 3.7482856461743168 7.2596687318412796 0 0 0 1.3346019198239412 16 4822 18 5206
875 2.7012316464972845 3.8206703719711843 7.5588090386226696 0 0 0 1.0748544089399668 16 4811 18 5210 20 5729
876 2.4135937547188595 4.4921740549129465 8.0166292681327231 0 0 0 0.68927422392558013 16 4833 18 5232 8 4744
877 2.8981861228376404 3.6776399797499666 7.3524228113896157 0 0 0 1.8966128042512533 16 4813 18 5256 10 8084
879 -0.28391362408516219 1.5397372597735131 4.6819183196522367 0 0 0 1.7213885339119772 16 7722 18 5703 7 5026 1 2851
880 -0.42621531409330704 1.3554974361295518 4.7276293886588787 0 0 0 1.0802449248384465 2 2633 10 8109
881 -0.64689694217876093 0.82348372815428439 4.6752469846333682 0 0 0 2.05673993039693 2 2629 18 5712 7 8837
882 -0.060478710559217053 0.84853891928891212 4.5588111230886952 0 0 0 1.3127492018330884 18 5723 8 9500 4 5971
883 -0.068030781780436006 0.87508907641538791 4.6063298657742848 0 0 0 0.56977870894147087 7 8839 8 9499
884 -1.6348606271168968 -0.30037364753830736 4.5769703704123241 0 0 0 1.9730869569653722 18 5748 7 5881 5 5546 4 2503 10 2885 2 1822
885 -1.6352884776059093 -0.29817006080314934 4.5634809276944619 0 0 0 2.0684898670200043 18 5749 7 5851 5 5547 4 2502 10 2886 17 2936
886 -1.7038209298465028 -0.40282773853978915 4.6158201669201429 0 0 0 1.8398271216300561 16 4055 7 9242 5 7663 8 6555
887 -1.6912015193716647 -0.01580380208156831 4.544277703695295 0 0 0 0.76520982545774374 19 7285 18 5770
891 -2.2410737985647651 2.1082513515372132 5.0239215943568949 0 0 0 1.7980774379890294 2 2024 18 5836 5 7933 4 5868
892 -1.5331930367440341 -0.74497991697991117 4.7934677125610099 0 0 0 1.8767879563712218 2 8096 18 5949 19 11744 1 6814
893 -1.4851402872093682 -0.46841779463146682 4.7831981405301676 0 0 0 0.96691546411692098 2 3275 5 12548
894 -1.4408842503443771 -0.24148654731281469 4.6246940230059597 0 0 0 1.0586179575827896 19 4355 18 5970 20 2712
896 -1.4908499068439496 -0.20139342828081108 4.5634650230865796 0 0 0 1.9956554778606099 2 3280 18 5972 8 4205
897 -1.4903786492432201 -0.09642642850316506 4.4743621453701454 0 0 0 0.875014252122572 19 4365 18 5976 7 5911 1 1897 5 3939 2 1838
898 -1.4883663453528335 -0.095826775192627708 4.4703893898255496 0 0 0 0.43429518617692514 19 4366 18 5977 7 5912 1 1898
899 -1.2096555487767524 -0.22139419516787617 4.6415318376083698 0 0 0 0.26780678467071017 19 7279 18 5979
900 -0.93266105047835979 -0.074134549265497535 4.9745274823934835 0 0 0 1.5309944372180107 2 2673 18 5980 7 4321
901 -1.1328485313963303 -0.27935330387653068 4.6961681674979925 0 0 0 1.8016615571972114 19 7001 18 5982 1 3799
902 -1.5378928932073124 0.023050055792115425 4.5118976941153131 0 0 0 0.77272822914627026 16 8693 18 5983 7 7719 5 7840
903 -0.63784960317459405 0.1541236283773264 4.8054707547773265 0 0 0 2.1697540954457697 2 3189 18 5992 7 4941 4 2894
904 -1.6416674708796444 0.3858236533871558 4.7922981166710974 0 0 0 0.6692111590225035 18 5999 5 5670
905 -1.0007168581789745 0.32971208604447061 5.0049771597373329 0 0 0 1.2798445791715674 16 4314 18 6015 1 3828 10 4914
907 -1.4010029896699865 0.39909644148381801 4.9387469310257659 0 0 0 0.96642587508738798 19 11784 18 6030 7 7743
908 -1.7214889048355508 0.65287497616508228 5.0497481551290253 0 0 0 0.96380747019286028 2 3543 18 6032 5 12631
909 -1.8584611438568941 1.9766310694496672 6.5344903938629866 0 0 0 1.6884866459260393 16 9885 19 10565 18 6082
910 -0.60444280337313883 0.12391477695892784 4.7658541250647239 0 0 0 1.4332632829185694 2 1817 18 6088 7 4324
911 0.096791576643668997 0.11116996057168473 4.5068461921209506 0 0 0 1.8558920214766577 2 4528 18 6099 7 8001
912 0.073304462211236793 0.087707264526685563 4.4706267077112303 0 0 0 2.0090217873172302 2 2530 18 6105 10 5095
913 0.22121296380433311 -0.20222810878499481 4.4023544846156675 0 0 0 0.8293909369013317 2 4505 7 8010
914 -0.50362193805738631 -0.36659180602433877 4.7352514433048585 0 0 0 0.43430837645909648 18 6123 5 7497
915 -1.4807714033345403 -0.0049102433187403803 4.6291658244007259 0 0 0 1.5313059191124372 2 3305 18 6158 7 5918
916 -1.1532491967569609 2.7705029361736608 4.4753048403555686 0 0 0 1.9629222407898059 19 7088 7 8873 5 8800
917 -1.0129592313992224 2.6068913253767985 4.4773300380453254 0 0 0 0.34712986354494768 16 6583 19 4501
918 -0.98204478671395401 2.5299206205332592 4.4446835130240787 0 0 0 0.52378779848367829 16 4217 18 6213 5 6625
919 3.6369037941241169 0.65436189742018847 6.2493858447449773 0 0 0 2.3430916798484178 16 6838 18 6547 7 10873 15 2452
920 3.7518990428362282 0.50273804389480836 6.2089034572672492 0 0 0 1.331883960847889 16 5389 18 6565 7 3935
923 3.0335143371503008 1.9472226581860861 7.0846786960032633 0 0 0 1.9476826761526587 16 4724 18 6896 10 8986
924 2.8301670071639129 4.2060344104955396 7.3817102190464361 0 0 0 0.98755635479398063 18 6985 10 8846 20 8678
925 2.832010765348707 4.2082423206727224 7.388152276341601 0 0 0 1.0196646422753026 18 6986 10 8847
926 2.7367296784704593 3.5182041032132347 7.5132093620238818 0 0 0 1.968434037148592 2 2001 7 2811 1 1896 16 4797 5 2639 10 5428 20 4307
927 3.0743499908965153 3.3553509047686547 7.0986390688108294 0 0 0 1.6772801347288013 16 4807 18 7076 20 7428
928 3.1331501446714367 3.1796222884568257 6.8592919147941398 0 0 0 1.5098406103448816 16 8065 18 7085 1 2251
929 2.9336992870207936 3.0168391519222175 7.2601978356865695 0 0 0 1.9314313089709849 2 3144 18 7099 7 6980 8 5028 10 8921 17 5375
930 2.5335858196669849 2.9416487146128976 7.7765840248199103 0 0 0 1.3576297862815743 2 3968 18 7109
931 1.9899940736494257 2.4020994850044515 6.719492323544868 0 0 0 2.4086376074375786 2 4851 16 11287 18 7130
932 2.0036916864600052 2.285478541953518 6.6581012413175884 0 0 0 2.7328099888926065 16 8142 18 7144 8 5654
933 2.8727927667615902 2.1331513867279872 7.257381744526838 0 0 0 1.0632073048495774 1 3205 13 2838
934 2.238833829706024 1.4835657952525081 6.9451474311743127 0 0 0 1.2927656824470424 2 4060 11 4343 18 7174
935 2.9320983371792444 1.1446199567928754 7.1103437598131007 0 0 0 0.16622403042473902 2 2969 18 7200
936 2.9560219666157628 1.1509364475685611 7.165799711589659 0 0 0 1.3698417500243902 2 2970 18 7201 17 4725
937 1.9627596056945815 -0.088195809888465676 6.265546459779471 0 0 0 1.0179562867962533 16 10341 18 7231 7 7152
939 2.5785518324446275 -3.1341134847037324 7.5211531440663402 0 0 0 0.99213675003983703 2 4308 11 6686
940 1.5388040856195377 4.1445378331005829 7.3310731298023031 0 0 0 1.4863574595719033 18 7512 5 4649 11 3797
941 1.5824271007098718 3.6721553134744678 7.1205829964757532 0 0 0 0.71123799705362767 16 4530 18 7518 5 10813
942 1.5824271007098718 3.6721553134744678 7.1205829964757532 0 0 0 0.71123799705362767 16 4531 18 7520 5 10814
943 1.6630742793109936 3.6218709859314036 7.2268618708413355 0 0 0 1.7452154514398899 16 10567 19 5435 18 7531 5 4675
945 1.61260178622767 3.2901769168072921 7.0453894177622178 0 0 0 1.1712658091577772 16 7284 1 3069 18 7551
946 1.0779319386701494 -2.9359505994991677 8.2127049565542531 0 0 0 1.5588709163734709 19 5009 18 7638
947 1.5775592648741823 -2.9543827203680664 8.5762936621758108 0 0 0 1.6199500014496113 2 4778 18 7639 7 3888 1 3664
948 1.5785415970993519 -2.9628594698935897 8.5900110181531222 0 0 0 1.846494314231282 2 4776 16 8311 18 7640 7 4503 1 3665 11 4304 20 3824
949 1.6318970970957296 -3.2905276660296225 8.4230669924135064 0 0 0 2.7265435228841324 2 5375 18 7643 7 8393 8 5291 12 1240
950 1.5376935303263131 -3.3636061138378528 8.3841676765704705 0 0 0 1.5675067848198427 18 7654 11 4295 12 1873
951 2.0913373147105756 -3.2366153664695196 8.0793767404530108 0 0 0 1.8744241359005935 18 7663 7 8391 1 5043 16 8309
952 -0.075030270186401168 3.4720592226410663 5.7632632007283711 0 0 0 1.8898756547337943 16 7788 18 7722 10 12489
953 -0.3065596019357818 1.5429871092257585 4.6816884602940689 0 0 0 1.0067321134972689 19 6440 18 7751 1 4281
954 -0.35949810342003091 0.28501312676358154 4.6865085043972803 0 0 0 2.8918107382541325 19 4824 18 7836 1 3623 10 11337
955 -0.33617969054670899 0.27087508583455072 4.6465789947423586 0 0 0 1.8503143434431542 18 7853 7 12859 16 11110
956 -0.30113537097367743 0.30587040281746158 4.5774146446952608 0 0 0 1.8059831758707923 2 1773 18 7873 4 2227
958 0.20280352300949528 -0.21262208728323598 4.5046346916912379 0 0 0 1.7923466875172167 2 5806 18 7895 3 1216
959 -0.32292824528286068 -0.30187826082580704 4.5895226175880541 0 0 0 0.69280453631561922 2 3477 10 8505
960 -0.31918362691628921 -0.27036548568380492 4.4130695033153309 0 0 0 1.138363413246881 7 8978 4 4718 3 2484
961 -0.3229082792802746 -0.34914131567505696 4.5953646299174356 0 0 0 1.7075659001516705 2 3452 18 7923 7 8983
962 -1.3304555768335122 2.8991959285685689 4.502527725891464 0 0 0 1.2547837998058864 16 4232 5 6589 7 8898 8 6731
963 -1.3046220253612448 2.8956971766277366 4.5061701789810371 0 0 0 1.2653738648618253 16 6616 18 8019 7 8891 5 8826 8 6726
964 -1.3027252837830885 2.8956963380690763 4.5047614885147187 0 0 0 1.6709491148581279 16 6615 18 8021 7 8895 5 8827 8 6727 15 2225
965 -1.2098872363195423 2.8919651156610344 4.4184674591990927 0 0 0 0.82398039946148005 16 13272 18 8030 7 8882
966 -1.058036961667048 2.6674405043658846 4.419020247401706 0 0 0 0.17327800172434174 16 10137 18 8047
967 -1.0563345310622594 2.7050608458000123 4.4347407683300046 0 0 0 1.3227712105214022 19 7103 18 8050 7 8667
969 -1.678119824895854 2.4240864080780145 6.2166061046906931 0 0 0 0.62937795263032814 16 9922 18 8071 10 7231
970 -1.7188209361240132 2.0709660529483385 6.3331358520974792 0 0 0 1.6676943970204425 16 8493 18 8105 7 7810
971 -1.6958371890931785 0.59942393739815647 4.9634554533372421 0 0 0 1.6040203075946387 16 8724 18 8459 7 9476 5 7870
972 -1.1975051805729704 0.71538412854148403 4.8457854163087442 0 0 0 0.65370869081593552 16 6246 18 8465 1 3851
974 -1.5661260490150102 0.48665850052029597 4.7939604810565033 0 0 0 0.083200307697397335 2 3330 5 8565
975 -0.65421073812453356 0.20737206000356978 4.8113513342372931 0 0 0 0.82133084653533195 2 2666 18 8499
977 -0.93704363859621653 -0.090167059933518409 4.7617281365417394 0 0 0 1.3740091822491749 2 6260 18 8517 7 8932
978 -1.486683120311497 -0.83675684943155693 4.8618571549962946 0 0 0 2.5824504141828162 2 3262 19 7316 18 8534 4 5761 8 11008
979 -1.4360431280693997 -0.26572938993188078 4.653681641225206 0 0 0 1.6693080321163463 19 11536 18 8540 4 5731
980 -1.7018912007542522 0.4879841573447592 4.870294427227007 0 0 0 1.3127719837232315 2 3320 18 8605 7 5956
981 -2.2409416470460379 2.1076662059511668 5.1233186068051308 0 0 0 2.0319020227112867 16 3982 18 8703 5 12678 7 9443 17 4294 9 4184
982 -2.1852354249012236 2.2224491643747553 4.8714187259233315 0 0 0 1.48975758923435 16 9989 18 8708 7 6021
983 -1.6132173474796896 0.10144018553194813 4.6429998379344699 0 0 0 1.1332452824550656 2 3614 18 8792 7 7718 5 12584
984 -1.7012732280969924 0.027776038766040508 4.5525927444034062 0 0 0 1.4801075728091844 19 7273 18 8804 7 7712 5 7830 1 3353 15 2883
985 -1.7177204131335759 0.096132487590598642 4.6033806743415688 0 0 0 0.55957991187725298 2 3739 18 8811 7 7704
986 -2.3857082576649784 2.4293463752840623 3.4124296354417845 0 0 0 0.21112417023275426 16 10626 4 8791
987 0.67571755532769529 4.00086499487215 6.571771576426559 0 0 0 1.0944025110498725 16 8664 18 9342 7 7844 4 3177 10 12487
988 1.8302057370817542 -3.7740491485072623 7.9428783940923919 0 0 0 1.9522151007930479 5 8283 8 5875
989 -1.7209202369659935 -0.36230873831621196 4.5623634302285012 0 0 0 1.6669199324322541 2 3732 19 13035 18 9378 1 9675
990 -0.43339047686446958 -0.35552019675349844 4.6958782942837347 0 0 0 1.2221485124976634 2 6270 18 9403 7 12814
991 -1.458367939174672 0.54915922646574278 4.9264481996491734 0 0 0 1.1165381037103559 2 3578 18 9413 7 10380
992 -1.1192754673028491 0.67632387759315493 4.8518244179196861 0 0 0 1.4058208393621499 19 10636 18 9414 11 8149
993 2.8684208301453964 4.0109024927136216 7.3632876846822084 0 0 0 0.89062538254990686 18 9454 20 12447
996 3.3465006554333732 3.03358236387324 6.7007154515460297 0 0 0 2.2968029806963206 16 9039 18 9691 8 11107
997 0.64070032029591872 3.923754152759972 6.5822619247770939 0 0 0 1.1354601058797675 18 9744 4 6658 16 5802
998 0.64070032029591872 3.923754152759972 6.5822619247770939 0 0 0 1.1354601058797675 16 5805 18 9745 4 6659
999 0.59576194796852766 4.0136469645176458 6.669137981403181 0 0 0 0.16807803951975736 4 6646 8 9567
1000 0.4660285813281097 1.2204413936959184 5.7741672450003927 0 0 0 1.9406643189768715 19 5966 7 7951 1 4612 20 5851
1001 1.2249438960282355 -2.7091042574619735 9.0483132385100795 0 0 0 1.1104317792735698 2 10629 18 9848
1002 1.5365687158421191 -3.0688233851716982 8.6241173693118043 0 0 0 0.79549871940454486 19 8408 18 9861
1003 2.0796401155164559 1.3579941161575064 6.8183500799281029 0 0 0 0.8160095060050514 19 5185 18 9903
1005 2.5535768116632509 2.4276515631946438 7.2749291486359233 0 0 0 0.38113642970551992 19 5511 18 9938 1 2619
1006 2.6295945144532418 2.8990153559971876 7.5950266160014017 0 0 0 1.5756834239003705 19 5489 18 9944 1 5812
1007 2.309794019396775 3.4300312446648511 7.9794860156111662 0 0 0 1.9488317419471859 2 5247 18 9975 13 4354
1008 2.3565001901175977 3.7574825624997805 7.9390129082916072 0 0 0 2.172171614834046 2 7309 18 9976 10 10866
1009 1.1966897086671204 4.5709848436375546 7.3073702002295766 0 0 0 1.9434379044400369 16 5626 4 6613
1010 1.2713432288693858 4.4100110021335732 7.2527752025341492 0 0 0 1.047729752270887 16 9022 18 10184 11 7805 20 8665
1011 1.2751035851217558 4.1929317470430574 7.2137966645445655 0 0 0 0.9175653481835363 16 8652 5 11217 4 8237
1012 1.5369784198254424 3.5906846049437275 6.9966560075247255 0 0 0 0.6972418397260971 16 10585 7 4477
1013 1.5416591638816084 3.9846096135693534 7.2756766816812215 0 0 0 0.004121556780132091 16 10674 18 10213
1014 -2.4795456077050835 0.02704078265418753 5.3026302288329861 0 0 0 1.9227033461595266 16 13290 18 10961 7 10087 4 8732
1015 -0.056769425655039576 3.121016991318891 5.6307533626940591 0 0 0 1.5821125213968497 18 11111 5 8430 13 5526
1016 0.013533813907525075 3.0120367814315832 5.5837029303484194 0 0 0 1.9914313322732669 18 11116 1 6943 4 3949
1017 -0.033451973138580803 0.024297543297533739 4.4878717166357021 0 0 0 1.9324440548441697 2 4514 18 11193 3 2064 7 13073 16 8606
1018 -0.094092710339917063 0.044418175828473482 4.4981862825573469 0 0 0 1.2239902330253116 19 6515 18 11198 1 4900
1019 1.1795342989002933 3.5257595359075711 6.8606695019013495 0 0 0 1.7371683867188275 19 5908 18 11294 7 7890 1 2971
1020 1.2237855590611282 3.1267232589285077 6.7282465918532459 0 0 0 1.6234510581427468 16 10568 18 11298 1 5217 2 5242
1021 1.229420677105628 3.0826763717782573 6.7350900445499873 0 0 0 0.20215094311907958 18 11306 20 10822
1023 1.6233261270641024 -2.5034500503786545 8.7177122588020843 0 0 0 0.61982381984202872 16 4637 18 11376 4 2265
1024 1.6087962214138751 -3.0031116886335143 8.5949765904785824 0 0 0 2.7314342573049095 2 5361 18 11387 1 9833 5 8335 3 3606 8 4775
1025 1.6753989255657862 -3.3924803554398895 8.5026163706847147 0 0 0 0.87247774955703894 2 5393 18 11396 8 7510
1026 2.0098058715020932 -3.747489241836893 8.2309282382463955 0 0 0 1.5943462636361987 16 10405 18 11405 4 3581 8 5893
1027 -1.6639319550851097 -0.30789375884887815 4.5527426743009478 0 0 0 0.38962667647454241 16 6159 17 4829
1028 -1.7484834689312521 -0.43788579107994008 4.6265267918455626 0 0 0 2.2199377282954189 16 8609 18 11490 7 9533
1029 -1.7354497662305197 -0.43280451409153381 4.5808690345413554 0 0 0 1.9897956589158874 2 7135 18 11491 7 9530 8 6549 10 10441
1030 -1.6673598408686225 -0.24944963393263336 4.5053949497207828 0 0 0 0.43046219513962369 18 11494 1 10980
1031 -2.2337050199509445 2.026685405829856 5.4386328186154005 0 0 0 1.578085462224381 2 3068 18 11559 7 6003
1032 -2.3127928890266638 2.1089939523840155 5.0869975925649173 0 0 0 1.556461537258188 18 11565 1 10100 5 12691 17 6973 9 4178
1033 -2.2883632230153297 2.0646584470981448 5.2758893707526644 0 0 0 1.7263973303945905 19 12899 18 11575 1 11510 10 7218 20 9979 11 9032 17 4280 9 4176
1034 -2.1811374304134175 2.1705087184187248 4.9742841850736301 0 0 0 1.7018060974314722 16 9986 18 11581 7 9426 1 11490 10 7766 17 6978 9 4247
1036 3.1505994257488954 0.63798482378749544 6.9450396517852084 0 0 0 2.1100299743073019 2 2511 18 11845 10 3131
1037 -0.88433755773863487 2.1530911986712171 6.1279606907537243 0 0 0 2.0253549740171093 16 10848 18 12407 7 11699
1038 -0.44214657653409467 0.30768341102389474 4.6024223173172718 0 0 0 0.75925136153539885 2 6071 10 8026
1039 -0.58871720572998787 0.15414791277693901 4.7188658378162307 0 0 0 1.9683019171313987 2 6236 16 11121 18 12502
1040 -0.37671658477937198 -0.30885191336585033 4.593681846656251 0 0 0 0.67251692239371641 2 6266 7 12757 1 6924
1041 -0.55952686664924245 -0.40722859837978315 4.8387284464191698 0 0 0 1.7833184634064925 2 3443 18 12536 3 3790
1042 -0.55545201211835338 -0.40162426374972893 4.8104908633292132 0 0 0 0.40722826354820824 2 3442 18 12539 7 9083
1043 2.7894212786491965 2.5378177183325654 7.4058610985897646 0 0 0 1.6522989845355265 19 3872 18 12711 7 7047 8 5093 16 3096
1044 3.1522420606247992 3.2312559841573485 7.0241119440739617 0 0 0 2.0166524746457024 16 10221 18 12804 7 9287
1045 -1.4188957542956742 0.016816705765849926 4.6347205814411589 0 0 0 1.5986420041445819 2 6823 18 12916 19 7272 11 5408
1046 -1.4427712101052821 0.035694676896175857 4.6985670270095534 0 0 0 1.7089823804398101 19 7265 18 12930 11 4758
1047 -1.2391345053958516 0.21302640056102992 4.9172014669587574 0 0 0 0.089181400721249665 19 8152 18 12936
1048 -1.3507402092171681 0.48682340527278734 4.9517905181484574 0 0 0 1.5177363715995753 16 8723 18 12960 1 8973
1049 -1.394599215873864 0.52294114024582083 4.9337500349369749 0 0 0 1.7130646770982747 2 6767 18 12965 11 8034
1050 -1.2802559187059406 0.5513248689867547 4.9324610052029048 0 0 0 1.8225752001894788 19 10691 18 12969 10 9593
1051 -1.2362702501345804 0.54381272265048919 4.9223446070900181 0 0 0 1.2416453160855248 16 8751 18 12972 1 7232
1052 -1.2362702501345804 0.54381272265048919 4.9223446070900181 0 0 0 1.2416453160855248 16 8750 18 12973 1 7233
1053 -1.3741231547279196 0.46549786594532533 4.90008223728484 0 0 0 0.078158696137965361 16 8743 20 11081
1054 -1.3816883126012933 0.47427620530146875 4.9253556687110613 0 0 0 1.5142959038843717 16 8742 18 12976 1 6678
1055 -1.2906427295505312 0.64086409017829449 4.8842016028913555 0 0 0 1.2147222463768388 16 8741 18 12986 10 10962
1056 -1.3945328661176672 0.54047277500049895 4.9372102836945819 0 0 0 0.67642665596374818 19 11793 18 12989
1057 -1.6143994003663256 0.58480572595721392 4.9074883215708542 0 0 0 0.64501935647768038 19 12840 18 12990 11 12262
1058 -1.360381317617039 0.90775481597487329 4.8933057202826511 0 0 0 2.6286162915522402 19 12966 18 13029 1 7174
1059 -1.2230358319554357 0.85436042089003117 4.8266100661984472 0 0 0 0.71757574702935778 18 13047 1 6360
1060 -1.6308649816953396 2.0857716919832661 6.2111066141030884 0 0 0 1.5232910283793171 16 9902 18 13102 10 4746
1061 -2.2023471828370869 2.2928426904960082 6.444693488824381 0 0 0 1.730200850564984 16 8909 18 13117 1 7037
1062 -0.21304434364443342 0.51849917227107334 4.5178571992322283 0 0 0 1.5652467106886028 2 80 7 99 5 131 16 83
1063 1.5678497910127813 -3.5714485298714642 8.3600653870525345 0 0 0 1.9612880504434116 16 143 18 131 5 207
1064 3.4468627855121827 -0.51198382139573739 6.8018354258542582 0 0 0 1.2610491268876516 2 169 7 271
1065 -1.9551754616023882 0.81810617071666614 5.5500343783975543 0 0 0 0.63343219307458276 2 209 18 356
1066 2.4772871901279538 1.904993925820704 7.4174072953294115 0 0 0 1.8601263940685546 19 321 7 572 5 364 11 341
1067 2.5363189744002508 1.9974794408056724 7.36315770393559 0 0 0 0.87949135512836996 2 440 18 509 7 559
1068 -2.1419015242205117 2.2752011776736758 6.4177729178264862 0 0 0 0.78836774959323863 16 934 18 890
1069 -1.7850152743543977 0.17230708084871374 4.7795138624046212 0 0 0 2.0648488654561499 2 522 18 955 7 1457 5 1108 4 1019
1070 -2.3822009604554619 2.5249681381282771 3.5023713481829382 0 0 0 0.92784298398883203 16 1801 18 1220
1071 1.5930653635293692 -2.3587760849412107 8.594863561126008 0 0 0 0.86162895113876037 16 1167 3 795
1072 -2.332216787288421 0.57726055404754129 6.6829670414565268 0 0 0 0.47545541315395223 2 797 18 1560
1073 -2.522375220845507 -0.46953504436624538 5.7707069719014275 0 0 0 1.5819066096101417 2 1107 18 1574 7 1515 4 1024
1074 1.6997776272102223 -2.687156200074369 8.5673008589753099 0 0 0 2.3061805505387127 7 3008 10 1432
1076 -0.62777798187975187 0.061442535669175187 4.8090112346568983 0 0 0 2.4443338795574467 16 1643 18 2071 7 3364
1077 3.5071630703351313 -2.7761744030215061 6.6865322819306217 0 0 0 2.2370487244698141 2 1473 18 2083 7 3811 5 1856
1078 -1.7189026958433993 0.29698878503058335 5.0554645406387628 0 0 0 1.7586005676948222 2 1785 18 2585
1079 -1.1088401367092267 1.0288791786510896 5.2210919542257068 0 0 0 1.3142304889980325 18 2600 7 3040
1080 -1.2080669488168947 1.9798525894912284 6.5725165686690836 0 0 0 0.85372391307361961 2 3184 5 6645
1082 2.7039322997621529 2.5386198574651426 7.4673143930832371 0 0 0 1.4266821937483545 16 3137 5 2494 7 4413
1083 -1.7596486387792691 0.29737963355354141 4.8362604895003676 0 0 0 2.3954763228869713 2 2049 18 2974 1 3708
1084 2.4369521736353623 2.1085513176494657 7.1885342011396967 0 0 0 0.98887821540771925 2 1900 18 3039
1085 3.2895443326631639 -2.6606252535407897 6.79124447003736 0 0 0 0.43969703566180651 2 2763 7 4681
1086 2.7269713357920931 1.9100097913607381 7.4133959965536285 0 0 0 2.0176370430227695 2 4038 18 5105
1087 1.8812862570047271 2.2554934555753374 6.7439471333140659 0 0 0 1.3131639454595418 16 1859 5 4362 3 1255 8 2961 10 5203
1088 4.5023441323841737 2.0224680275457114 5.7035809040373691 0 0 0 0.050012526165740936 18 5480 7 5319
1089 -1.6745350186802859 0.020794573695323188 4.6701064277077569 0 0 0 0.99096671696947303 2 3315 4 3807
1090 -2.0752026042558049 0.48760913184454352 4.8907930928598971 0 0 0 0.56974911177488308 2 2007 19 1665
1091 -2.0752026042558049 0.48760913184454352 4.8907930928598971 0 0 0 0.56974911177488308 2 2008 19 1659
1092 -1.4908499068439496 -0.20139342828081108 4.5634650230865796 0 0 0 1.9956554778606099 2 3278 18 5971 8 4204
1093 3.5108874598802253 -2.5755414599567388 6.4125431094416081 0 0 0 0.55090339929205712 18 6835 7 6257 10 7205
1094 -0.32773718320650264 1.5059174655852223 4.6909924386988866 0 0 0 2.6144636623467825 2 2617 19 9823 1 4272
1095 3.1170465139849175 -1.7929687050150718 7.0548036719307374 0 0 0 2.3990456812860277 2 2835 18 9478 7 4641
1101 1.7339916177228489 -1.8777487893248253 8.4857745346881721 0 0 0 0.19857780252807927 18 83 7 93
1103 2.6687749627799482 -1.4524449516504438 7.4501581303684512 0 0 0 0.94044229881369334 18 85 7 123
1104 -1.1490547246118146 0.42778399112292637 4.8861229885809943 0 0 0 2.0111023949422528 7 129 5 112 4 131 3 91
1106 -2.4763289750505728 1.9462216589818802 6.2033465899053466 0 0 0 2.482969157488375 18 129 7 153 3 127
1107 1.7388679286027622 0.9918130115920526 8.1781851603669189 0 0 0 0.026816251930724053 18 128 7 154
1109 -1.517034251625397 -0.62336697018306331 4.8808507227165805 0 0 0 1.2177455235127177 18 88 7 170 5 195
1110 0.24667945993301563 1.3835701591535354 5.6284737238661267 0 0 0 0.99095896112717674 19 291 5 163
1111 -0.53746936379090993 0.85218686510878827 4.7226133061038373 0 0 0 1.5068609280919363 18 206 7 187 1 180 4 232 3 171
1114 1.5905853407123809 2.7713106059640751 6.8098686824777941 0 0 0 1.5135371078515696 2 142 7 228
1115 0.14842036420485949 -0.075608250864546242 4.555949164833021 0 0 0 3.1636299096389866 18 124 7 239 5 231 3 112
1116 3.4847224748384105 0.78283784200761697 6.4754367916677635 0 0 0 1.8515595970787835 18 151 5 179
1117 -1.5690984342175525 -1.3694951004704052 5.8357221429760839 0 0 0 1.8958195044550885 2 191 19 274 7 305 18 221 4 327 3 316
1118 -0.52776416970085738 0.97559616624062617 4.6639116348328207 0 0 0 1.320101191877415 18 309 7 308 4 236 3 252
1119 -1.8137662936992958 -0.35360709148842967 4.6392882493618863 0 0 0 1.3051787049217773 18 374 7 311 4 318
1120 -1.8076393102407577 -0.3494615887931069 4.6207660468011253 0 0 0 1.2712429550973203 18 376 7 312
1122 2.5470463963097361 1.6343238176316697 7.3312419453281636 0 0 0 0.60017518371427081 7 336 1 227
1123 -0.10712301010154325 0.04278231257323957 4.4400329049818934 0 0 0 1.8723673722017946 18 600 7 362 4 315 3 303
1124 -0.60926999690503703 0.1928371333526514 4.7349285533598717 0 0 0 0.45804218269629232 2 266 4 316 3 402
1125 0.039954875792878007 0.013646244204983331 4.4413534677575885 0 0 0 2.0936896289714073 16 400 7 367 4 322 3 427
1126 -1.8320398627874721 0.09214709326539372 4.6202464523389457 0 0 0 2.5905405844019791 18 406 7 370 5 642 3 403
1127 -1.155009102011479 0.64457134230045188 4.9050305459032648 0 0 0 2.3555731018795432 16 700 7 381 5 644 3 410
1128 -1.3773806729743765 1.3077793198362255 5.9443985950340732 0 0 0 0.27570663592841871 18 1249 3 562
1130 -0.087303061550511193 1.4469786515327889 5.1411338967982747 0 0 0 1.44800751126526 18 411 1 140
1131 -1.0708036828464165 2.6933573292870476 4.4471606659042928 0 0 0 0.82494906265096801 18 573 7 440 5 328
1132 2.7921777686618738 0.85753822405196245 7.4597778763642086 0 0 0 1.4254003173414003 16 381 18 473 7 538 1 282 5 405
1134 3.1963995227138255 -0.2870813317802644 6.9439018391982614 0 0 0 0.74452474911654765 18 476 7 541 5 427 15 769
1135 3.0967512271745989 0.76258351252975798 6.9411573598335021 0 0 0 2.0479191709432367 2 180 7 545 1 295
1136 2.0215296620425649 1.3644386755590174 6.80431375681869 0 0 0 2.1186091561552218 16 358 7 558 1 232 5 298 11 335
1137 2.4451119745237735 1.896871403696665 7.3193242219428463 0 0 0 1.2528241650471914 2 448 7 573 5 309
1138 3.2101161130748048 0.71124574604097313 6.6207869814153115 0 0 0 1.399928204140096 18 673 7 747 1 286
1139 3.2252554919064167 0.90163702591168826 6.8326574557133046 0 0 0 1.8303116104977413 18 662 1 428 7 755
1140 -1.581670967796273 0.049524866802636645 4.4382346564276078 0 0 0 1.9305151202882718 16 480 7 821 5 1090
1142 3.2769301007808225 -2.4477106808828162 6.6909201711109416 0 0 0 1.623190253416543 2 364 11 813
1143 1.3502452911231051 -2.9900729767930301 8.3770708076938725 0 0 0 2.4922771094990299 16 565 7 859 4 454
1144 2.72832538939995 1.0671843648579098 7.4621386794641866 0 0 0 1.1801498998183224 16 396 7 865 5 403
1145 1.8632355833562719 0.019665047385234204 6.247217298411627 0 0 0 1.3960834884897924 18 691 7 872 16 395
1146 -1.8077385049065378 -0.078670746635972705 4.724278533926844 0 0 0 1.552578484326651 2 528 7 936 5 1099 4 856 3 682
1148 -1.4743178062058928 -0.27319603159544759 4.5933815303976253 0 0 0 1.828963725286844 18 388 7 947 5 1085
1149 -1.7172503742140122 -0.13293818065991175 4.6555362291546478 0 0 0 0.96660922639605873 18 967 7 948 3 691
1150 -0.091901106951400274 1.9605084133087698 4.9281193616882009 0 0 0 0.57438452357177394 2 445 7 954
1152 -1.1626321109571893 0.43752268595796284 4.9452310657515115 0 0 0 1.848770118517689 2 510 7 1005 4 848 8 1069
1153 -1.7189196309021426 0.53584883298981401 4.9889701569389757 0 0 0 1.037080906412154 2 512 7 1052
1154 3.4103618512550797 0.56055310786866175 6.4820238239100441 0 0 0 1.0902582754367725 18 1086 1 381
1156 1.367347638990676 4.1269537794147428 7.2437488550911135 0 0 0 0.48205078023639081 16 1828 7 1180
1157 2.4287001937190551 3.0593788595335107 7.8120741036057018 0 0 0 0.49849658626587567 19 1247 7 1185
1158 0.9630499235819624 3.2292645230479895 6.5257463856913072 0 0 0 0.71204966770282085 16 1251 7 1195 8 1114
1159 0.63352922532617495 3.2091905502870106 6.3208946698979434 0 0 0 0.59994440823794926 16 1845 7 1197
1160 0.63352922532617495 3.2091905502870106 6.3208946698979434 0 0 0 0.59994440823794926 16 1846 7 1198
1161 2.0201615749749622 2.3409013175376518 6.6353937352020065 0 0 0 0.37646450582825103 7 1217 1 553
1162 3.1191793977013589 2.2047564014601631 7.0006760850891485 0 0 0 1.3741054332535592 18 1236 7 1220 1 417
1163 2.830683270781452 1.4923989447136186 7.339943293098294 0 0 0 0.52234031243332568 2 584 7 1230 1 560 5 792
1164 2.7762503639224088 1.4097233880576161 7.4567607288163344 0 0 0 1.3677231115509936 1 570 5 788 8 780 10 1495
1165 2.0441674273004691 0.034747551112455123 6.291444562076844 0 0 0 1.0860462204735664 2 609 7 1234 15 1103
1166 2.8216463254989765 -0.4825654653571565 6.5982735174536131 0 0 0 0.93146711638249968 18 719 7 1245 5 1027
1168 2.9620928773715596 -1.3996240475827477 7.0845159115380412 0 0 0 0.82016182823056183 18 1491 7 1323
1169 -1.0174173034101941 2.4457606518295627 4.7169171662185354 0 0 0 2.5608658300580203 18 1174 7 1386
1170 -1.7153184244949291 2.1024161718502627 6.2529317748020565 0 0 0 0.80657868726550208 18 1117 7 1390 4 808 5 1217
1171 -1.6254110631444392 2.1203778387257635 6.1396823887068059 0 0 0 0.69356668610400363 18 1072 7 1410 4 795
1172 -1.629834248355607 2.1257387254981515 6.1729619011443111 0 0 0 1.5892330058297355 18 1044 7 1411 1 1311 4 794 5 883
1173 -1.184672261538481 2.0322775681962235 6.8476676445162719 0 0 0 0.76116412316143356 7 1414 3 559
1174 -1.9053993434995153 1.928773258353609 6.3291063173234638 0 0 0 0.86829412623942992 18 1237 7 1419
1175 -0.069965128251425784 0.46986646152067085 4.4003075529263898 0 0 0 0.52639498013229502 18 953 7 1426
1176 -0.14483190414904598 -0.26955555037523954 4.4442080709994549 0 0 0 1.959795493423764 18 988 7 1428 3 693
1177 -1.6208212630080301 0.81477098808871562 5.0451529721473953 0 0 0 1.3110937583063915 18 1264 7 1429 1 1398
1178 -0.88306707980988886 0.8782170840731236 5.0503953170045479 0 0 0 1.6324808896718894 18 940 7 1433 4 820
1180 -0.12057300095945245 0.10017483170530446 4.4512915165421099 0 0 0 1.4535635136772622 2 391 7 1454 3 971
1181 -1.9770468683773892 -0.061079031957948671 4.8278700850305203 0 0 0 1.7524892193324548 18 1069 7 1456 5 1174 4 850
1182 -1.668958277530697 0.0016974710803365665 4.5820116832137812 0 0 0 1.9566873425222757 16 1641 7 1461 3 964
1183 -1.4695323334721675 0.37133049786931616 4.9470620485008148 0 0 0 2.1555566879265147 2 805 18 950 3 893
1184 -1.7447038416870051 0.3188083251433112 4.9318259484777291 0 0 0 2.4095890397080986 18 1071 5 1190
1186 -1.2013762035274735 -0.73674239186620427 5.0369329170965615 0 0 0 1.6177585655260136 2 939 7 1617 4 1593
1187 -0.24079166217498563 -0.26653685897080737 4.4716989486078251 0 0 0 3.4667493827719227 18 2118 7 1640 4 1049 3 1259
1188 -1.5857133012554543 -0.38103175513977522 4.6618140921590596 0 0 0 1.4141025382822983 2 835 7 1643 5 3955
1189 -0.78019595876173797 -0.32680870619888641 4.813363846903516 0 0 0 1.3953630062712152 18 1993 1 1476
1190 -1.0448428700770691 0.017458967938784365 5.1479825711179785 0 0 0 1.1009758929026479 18 1448 7 1648 4 1622
1191 -0.85535803988205916 0.094960012936491658 4.9376108275253392 0 0 0 1.139589443979844 2 1833 7 1650 3 1295
1192 -0.28382518446333144 0.14691147447034322 4.5537738366244316 0 0 0 1.479098707874078 7 1657 1 1218 3 1291
1193 0.044251152790675811 0.22958769719438549 4.4635460280245622 0 0 0 1.6730596341658923 2 749 7 1671 8 1078
1194 -0.44601726196871516 0.35578600128608667 4.6087854886548874 0 0 0 0.49872994515527558 2 811 10 1340
1195 -1.4063666785088933 0.22441930385504277 4.9330599740969401 0 0 0 0.89781927778605175 2 518 4 842
1196 -0.10009294913147872 0.71379017314704163 4.5588684631814838 0 0 0 0.30095229008721786 7 1702 3 808 8 1107
1197 -0.68717123476552722 0.89704688589282222 4.7161140703594286 0 0 0 1.4560111571079821 18 2593 7 1707 5 1530 4 997
1198 -0.035808824285998832 0.56300524824799836 4.4978513508245452 0 0 0 1.2789454906071083 16 1669 7 1710 8 1762
1199 -0.22057801927152182 0.90425131174443052 4.5151206499486776 0 0 0 1.5620148518891217 18 1292 7 1713 1 1175
1200 -1.982887645303109 1.9911768536204499 6.3695785383611767 0 0 0 1.2594188471470193 18 1913 7 1752 4 2965
1201 -1.9025270792909168 2.073528963299049 6.61318964121463 0 0 0 1.6573217549093797 18 1923 1 1323 7 1759
1202 -2.2051443247335691 2.1611793677509339 4.9072360633661392 0 0 0 2.1379607728244596 16 2096 18 1036 7 1774 4 943
1204 -1.3022492480398897 2.7671864146524441 4.4758103561060674 0 0 0 0.22597105227382322 18 2651 5 1449
1206 1.6643422442109419 -2.5005625808755148 8.6121810746907137 0 0 0 1.2566222589120637 18 1689 7 1877 5 1584 19 2959
1207 0.041334543572516584 0.66952607190043445 4.5695369776758872 0 0 0 1.8188509838380977 2 1228 7 1910 5 1552
1208 1.7429091115779196 2.3764113489969838 6.7103244504557704 0 0 0 1.4231841603722706 16 1232 7 1931 1 848 4 657
1209 1.6504294241528896 4.1166154395355408 7.4159440078207215 0 0 0 0.94540803515059224 18 1541 7 1960 5 2692
1210 2.9426860799921926 2.9287312822312095 7.1710475532324969 0 0 0 1.9409327759927397 18 1621 7 1965 1 1060
1211 1.6535203088652821 4.1767104535300561 7.4097627387078671 0 0 0 2.19717609586157 18 1538 7 1968 5 1627
1212 1.4566502818948814 4.1527745683645465 7.3281182205867346 0 0 0 0.62275870055904048 7 1971 8 1504
1213 1.6059995957313489 4.4754438920852042 7.5086726465642926 0 0 0 0.30520216368859221 7 1978 5 1642
1215 4.0461914117055704 -2.2743893903011294 5.6965252069025416 0 0 0 0.93817816928049491 18 2088 19 1390
1216 3.7905021802573411 -1.3443994457300221 6.4396061330391188 0 0 0 1.8745884843508278 2 1311 18 1362 7 2103
1217 3.6899495798930455 -1.3057649278353467 6.2835294660073613 0 0 0 1.7776472848477325 2 1312 5 1286
1218 3.6084451933736879 3.9446025821942237 6.3063905904372666 0 0 0 0.038436823857419575 18 1505 10 3248
1219 3.6701517148777318 3.0929095522383516 6.3507258894286656 0 0 0 0.041698634395550369 7 2242 10 3207
1221 -1.5149245097777315 0.71812477871360803 4.8946928659272348 0 0 0 1.2980620418390336 2 1758 7 2371 1 2791 5 5810
1222 -1.9905240263243964 0.029476930330757552 4.8047032513393964 0 0 0 0.54793894317267655 18 2987 7 2413 4 1787
1223 -1.5873926458488303 -0.32900667394766053 4.651003404011683 0 0 0 1.4214173453753929 18 1581 7 2433 1 1499 5 3953 4 2517
1224 -1.5873926458488303 -0.32900667394766053 4.651003404011683 0 0 0 1.4214173453753929 18 1584 7 2434 1 1498 5 3950 4 2516
1225 -1.5873926458488303 -0.32900667394766053 4.651003404011683 0 0 0 1.4214173453753929 18 1580 7 2435 1 1497 5 3951 4 2513
1227 -0.039089212950316754 3.4554177048603996 5.7413119111434501 0 0 0 2.1091047151132338 16 2407 7 2531 5 3915 8 4599
1228 -1.0446492364473015 2.6051351785837804 4.4270292116390699 0 0 0 1.6126325971105793 19 7116 7 2532 5 2728 4 1731
1229 3.9923535470226197 3.2311504326497644 5.9248056607942141 0 0 0 2.0199876689156224 18 3491 7 2581 10 5963
1230 -1.2092934674473017 0.33609335174425636 4.9079225636699508 0 0 0 1.4853072372248273 2 1803 7 2601 1 1456
1231 -2.1831030735752028 2.142030435106562 5.0627072783378768 0 0 0 2.0126700481371693 16 2040 7 2607 17 2235
1232 -0.57137278562501703 2.2144797407960284 6.2867406284803602 0 0 0 2.1171956283497093 18 1899 7 2679 4 2818
1233 -1.5233524437863319 2.097447002878889 6.1374531251584239 0 0 0 1.6482852397925123 18 1901 7 2739 1 1307 4 3374
1234 -2.3723389804182227 2.025975360046556 5.3068850188807852 0 0 0 1.2561783859515248 16 1777 18 2956 7 2745 10 1100 17 1110 9 1187
1235 -2.289312615529564 0.16799527568775111 5.0427180222537134 0 0 0 1.6010401931369234 18 2971 7 2770 4 1522
1237 2.4198003728447883 4.3946676089150722 7.9960883639170053 0 0 0 1.2760585851043642 18 1534 7 2797 8 2984
1238 2.7665514055853433 3.6870195916397521 7.49143300138795 0 0 0 1.1662905401288444 18 2841 7 2818 8 1483 20 2930 16 3169
1239 2.7803305191614798 3.7386452248648663 7.6738600448097527 0 0 0 0.93252260123468633 16 3170 7 2821
1240 2.8043459396089414 3.2374811929873832 7.4569438877781336 0 0 0 0.4479765976501166 18 2860 7 2833 10 3197
1243 2.5257724293297104 2.7644780771953865 7.7925707553098444 0 0 0 1.3130103554924235 18 3025 7 2854 1 1613 11 2680
1244 1.6094672539093255 2.1817563818621566 6.8588240301734551 0 0 0 2.4847738131134851 2 1201 7 2865 5 1389
1245 2.7256377151784243 2.3737660896804438 7.3329866826489214 0 0 0 1.6148533322767453 2 4024 7 2866 5 1393 8 3087
1246 -0.97004281263587144 1.0130977801600769 5.0658356208405948 0 0 0 1.1660568776631519 2 2085 16 2298 7 2873
1247 2.8009900892137289 1.9985804662032614 7.3771924072960475 0 0 0 0.3422097716702982 2 1898 13 1195
1248 1.8106151574136469 2.2037074632279623 7.0585696593194767 0 0 0 0.89209931036277212 18 3945 5 2147
1249 3.0068607711611568 1.7923835062776814 7.0006922120242567 0 0 0 1.6141013896447272 18 3048 7 2881 1 1655
1250 3.0068607711611568 1.7923835062776814 7.0006922120242567 0 0 0 1.6141013896447272 18 3049 7 2891 1 1656
1251 2.9740761251024956 1.929547372723426 7.0907828811604041 0 0 0 1.5719708718053436 7 2895 1 1641 5 2141
1252 1.5161810767124806 4.1212580235257334 7.3656876233610706 0 0 0 1.826056340418091 18 3788 7 2917 5 4295 4 3163
1253 2.9623527485489736 1.526034773642178 7.3024290385735782 0 0 0 1.4657445637000517 18 3050 7 2926 1 2666
1254 0.4389233807288867 2.6996854471693195 5.816406324039165 0 0 0 1.9908423494536729 16 4503 7 2975 5 1472
1256 0.39030170700943351 2.684122523194322 5.8214455183375939 0 0 0 1.1842964380712289 18 1606 7 2982 5 2249 3 1524
1257 2.9623527485489736 1.526034773642178 7.3024290385735782 0 0 0 1.4657445637000517 18 3052 7 2994 1 2667
1258 1.5335154226032546 -2.3950967650334323 8.685014287805469 0 0 0 2.332644560399693 2 1259 7 3012 8 3017
1259 1.6521704347766319 -2.7191057362439324 8.5268461310122206 0 0 0 2.2955799510155055 5 3787 7 3017 12 704
1260 1.9602783770510075 -3.7355714672898874 8.3913625094647557 0 0 0 0.088528810711817341 2 2104 7 3036
1262 2.967988424973 -0.15093953246561043 7.0912575511782387 0 0 0 1.7340522479649967 2 2708 18 1653 19 6404 7 3053
1263 -1.0595078878839312 1.1518257338653828 5.3563928691821783 0 0 0 1.2446249961323324 18 2592 7 3073 3 1087 4 1658
1264 -2.7130372094921897 2.4442105867222987 3.3312837138034692 0 0 0 1.3549250098542993 19 9489 7 3158 5 2402 4 1821
1265 -0.73317274341681771 -0.037564453461468875 4.7632646893605024 0 0 0 1.416174444062787 18 2539 7 3358 4 2905
1266 2.3532982107422056 -0.13697736959368129 6.5380010722249411 0 0 0 1.528854016677522 16 2630 7 3398
1267 2.9540060319353887 -0.6776101191814492 6.858224287061879 0 0 0 1.9469922839363385 2 1600 1 3127
1269 3.5382435997870196 3.8907391668658637 6.4662293989769761 0 0 0 2.1652246409174798 18 4283 7 3494 10 8800
1270 3.3303643916430334 0.84955713924437837 6.5613003147325761 0 0 0 1.3671168773870572 18 3647 7 3652 1 1666
1271 3.3303643916430334 0.84955713924437837 6.5613003147325761 0 0 0 1.3671168773870572 18 3648 7 3653 1 1669
1272 -1.2287164769000418 2.815217851885655 4.3808367543466735 0 0 0 1.0948959613573477 18 6190 3 2678
1273 4.0917507021461574 -1.8899114458122184 5.6479840103373151 0 0 0 1.3351333661930813 19 2210 7 3802 5 3144
1275 3.774057794995723 2.935105363478514 6.1874529338858268 0 0 0 0.31343951228841616 18 2354 7 3880 10 4071
1276 3.4407999213027081 0.92703865189351031 6.2070804052110971 0 0 0 0.84587915946501147 7 3885 1 1684
1278 3.6623779043692415 0.63725405765804788 6.2196233845474111 0 0 0 1.3047142888616252 16 5408 18 3680 5 2545
1279 3.6465406435344416 1.254092461700677 6.3878421002237857 0 0 0 1.9213567875854132 16 5426 18 4091 7 3991
1280 3.7880520469964174 3.0082347373365121 6.1781460922737343 0 0 0 1.8898029370748111 18 4225 7 4121 10 5992
1281 3.4290189439409455 3.1576068926845289 6.6384113211078279 0 0 0 0.23391164492249894 18 4223 10 8877
1282 3.8212369477135182 3.9553921355389301 6.1232838221531027 0 0 0 1.4611892299992884 18 9085 7 4186 10 8786
1283 0.028059682198016477 -1.1388365437490862 5.802160564238048 0 0 0 1.4962011872516718 2 2577 7 4287 4 5921
1284 -0.30001444732784316 -0.29990509157838646 4.4501921270731719 0 0 0 1.1908002901276509 18 6124 7 4318 3 1623
1285 2.8044608095473968 0.59361996274639373 7.3688673836694862 0 0 0 0.53649406334850147 16 4694 1 2677
1286 2.7351964734374969 1.1560626474396181 7.5138795905156233 0 0 0 2.29008871608263 2 2716 7 4359 5 4393
1287 3.0747131111390735 2.0967804567051029 7.0228296178921399 0 0 0 1.520590348797549 18 7149 7 4391 1 2057 5 3365
1288 2.8337364675679275 2.4654195341447531 7.4843907235415772 0 0 0 1.3774524163275605 18 2921 7 4400 1 1064
1289 2.8825085432207458 2.4072455104064727 7.2616089033482032 0 0 0 0.47394279063824568 2 3107 5 2482
1290 2.1885605495008789 2.325833358238576 6.9270574800271065 0 0 0 1.8331033924692737 18 5124 7 4410 5 4361
1291 2.9072010871748195 2.98497831110932 7.408869210757719 0 0 0 0.94693080177973932 18 5169 7 4437
1292 2.7265927736802107 3.4069078228018679 7.5305600037997946 0 0 0 1.567404140808319 16 4784 18 5186 7 4450 1 2532 17 5383
1293 2.4503269586091241 3.2703270312995896 7.8412274218327758 0 0 0 1.607972937428447 2 1423 7 4452 20 3093 16 1837
1294 2.7014106777670293 3.5500834030227364 7.553791000303673 0 0 0 2.672180244608128 7 4459 8 2977 10 8905 17 5301
1295 1.6933088114980388 3.442709229605756 7.2255974756864099 0 0 0 1.9139206674512643 16 4524 7 4463 1 2877 5 4323 8 5628
1296 2.8110878577905813 3.7074840721174374 7.3784009525543217 0 0 0 2.2409705386719447 18 5209 7 4471 10 5450 20 4222
1297 2.7710941155646736 4.1941419357246161 7.5696005055647726 0 0 0 0.31765215200239938 7 4484 8 4758
1298 1.6410486879137538 4.28931523841268 7.4763614902700901 0 0 0 1.5728085904882778 18 4004 7 4502 5 2696
1299 2.1846628700242934 -0.18383402765911858 6.3470801491251922 0 0 0 2.3508097585654215 18 5023 7 4517 1 3139
1300 0.10705005084304627 0.0063888186269734411 4.5596892923895966 0 0 0 1.1250152902119952 18 6110 7 4534 5 6769
1302 1.5085196729709822 3.437185426722873 7.0459518764223521 0 0 0 2.1116339658312886 2 4902 5 2509
1303 1.0140549453780034 3.9715695402874767 6.9665482300538581 0 0 0 1.0741274363875661 18 7508 7 4596 5 5738 4 3167
1304 1.4472936609792451 3.999005406854645 7.314599226752283 0 0 0 0.71186004759709487 16 5807 5 4656
1305 2.7180617048877309 -1.6953128298509212 7.448782568875207 0 0 0 1.768568803630288 2 2844 7 4643 4 1400
1306 3.2659603542773428 -2.0275335380591542 6.7566758139155176 0 0 0 0.71293858172228441 2 2802 5 4503
1307 3.8949962139317775 -1.9337070008436628 5.8493039404064442 0 0 0 1.4151446604621172 18 3860 19 2213
1308 4.102349159450343 -2.1615866222594189 5.6141218307945371 0 0 0 2.4094672532636583 19 2250 7 4774 5 3146
1312 3.4552133994995131 -3.9009856913312055 6.3634795502103625 0 0 0 2.139621037887848 16 3145 7 4956 5 4089
1313 -0.39746942981129468 0.48020421883845354 4.580050266865431 0 0 0 0.7632951381403239 2 2651 7 4957
1314 -0.44743806203660569 0.64043890253228297 4.6888931559043474 0 0 0 2.2613594586776302 18 4944 7 4975 3 1613
1315 -0.44743806203660569 0.64043890253228297 4.6888931559043474 0 0 0 2.2613594586776302 18 4943 7 4976 3 1612
1316 -0.13058816571824042 0.71826411122645839 4.5854370369389699 0 0 0 1.7991255188421631 2 2518 7 4977 3 2424
1317 -0.58314747450342552 0.53449872126695919 4.5061058132936882 0 0 0 0.874276319967208 18 3351 7 4979 3 1595
1318 -0.98296674867366352 0.75811287256335891 5.1129750011291444 0 0 0 0.40764760363989078 2 3186 7 4980
1319 -0.5866716987973053 0.5329784470450295 4.535369739156498 0 0 0 1.1092578437739278 18 3350 7 4983 4 2885
1320 -0.65541814461379899 0.84884621681533534 4.6794667898083064 0 0 0 1.1472641266043222 18 6046 7 4987 3 2613
1321 -1.1533086731982831 1.1514229891306422 5.4426279292434172 0 0 0 1.4486635021548935 18 6040 7 5014 5 3489
1322 -0.98897496344610059 2.574616730302802 4.4213642264768938 0 0 0 1.9956477973400388 18 6205 7 5063 1 2723 5 3521 4 3425
1323 3.5424178548632681 3.7618408536350891 6.4609218988895067 0 0 0 1.8961592826843978 18 9042 7 5103 10 8058
1324 2.5261926615579018 3.7408578232055669 7.9264697683620611 0 0 0 0.56101870356313654 18 5203 7 5615
1325 3.0313436769815745 2.4898489410634723 6.9680762797135021 0 0 0 1.3936463440554994 7 5617 1 2412
1326 2.6089278003223222 -0.11398122461054713 6.7259643576413257 0 0 0 2.0158637545286342 16 4911 7 5622 15 1404
1327 2.6089278003223222 -0.11398122461054713 6.7259643576413257 0 0 0 2.0158637545286342 16 4910 7 5623 15 1405
1328 2.8279375736779389 3.2725772257676025 7.4193916466093208 0 0 0 1.8207442419219728 16 4785 7 5737 1 1550 17 5199
1329 -2.574848914735977 2.4247021366210539 3.376253449364397 0 0 0 1.4834016816415598 18 4898 7 5742 5 4228
1331 -1.4806748223626061 -0.74263711254368925 4.782889622010658 0 0 0 1.7146557253528576 7 5787 4 3831 8 1031
1332 -2.0768991476272429 2.2203366574264618 4.7986668479919246 0 0 0 2.2582055283566564 16 2055 7 5804 4 2987
1333 -1.111675243144004 -0.57136103062305676 4.919385157252421 0 0 0 1.7295311409537271 2 1871 7 5827 8 1861 19 4347
1334 -1.6085069034844615 -0.19422780939618639 4.5274183310410958 0 0 0 0.23965152120598429 18 3012 7 5838 1 2865
1335 -1.6060005333727922 -0.29357157015047836 4.5986406178569847 0 0 0 1.3631565810965753 18 3008 19 2529 7 5839 1 1465 4 2520
1336 -1.6085069034844615 -0.19422780939618639 4.5274183310410958 0 0 0 0.23965152120598429 18 3011 7 5843 1 2866
1337 -1.4489313200692349 -0.15412284134594298 4.5791692670770221 0 0 0 1.611735362624773 16 4123 7 5872 8 2663
1338 -1.7457123505333965 -0.091327614440645494 4.6975519309419695 0 0 0 0.43328687446343672 2 2093 7 5891
1339 0.60217676987096391 -3.9099674570841767 7.4192747178522982 0 0 0 0.78911019502997592 19 2861 7 5898
1340 -1.4674970253208188 -0.018120706275280049 4.4988093274689893 0 0 0 0.67721819148520235 18 2535 7 5902 5 3938
1341 -1.484181145681982 -0.0064580597002814452 4.6314799842305749 0 0 0 1.665958082666861 18 6157 7 5915 5 2942 4 3808
1342 -1.7900691228498802 0.21777738239356129 4.7429908743683749 0 0 0 0.61732196882719625 2 1454 7 5922
1343 -1.7308186380603059 0.19894818271566894 4.7896849516417905 0 0 0 1.9413631685524144 16 2819 7 5924 5 3632
1344 -1.3421843456858185 0.24243877682990767 4.8938940289797408 0 0 0 1.8247935715459995 2 3317 18 2568 7 5949
1346 -1.853869876568085 0.42453738045510447 4.9724761219334344 0 0 0 0.58689629210111616 2 3012 4 2538
1347 -1.4371326264039657 0.56341922541459288 4.9002885837557768 0 0 0 1.6480827792936659 2 3585 7 5957 5 5836
1348 -1.2070216942387282 1.0648860774446332 4.8785776997994956 0 0 0 1.6068932277553325 18 8299 7 5962 5 3025
1349 -1.194492727033277 1.126987475332933 5.3997242153614184 0 0 0 1.343016812052471 18 2604 7 5971 4 2848
1350 -1.4132799352719898 2.0978656295749638 5.9917693031857766 0 0 0 0.31325283745080057 2 3212 7 6017
1351 -1.1579776609082411 2.8246272291756438 4.4517257523420177 0 0 0 1.1771036878486896 18 8012 7 6043 5 6587
1352 -1.2076161196027237 2.8625828531608235 4.4725896162788121 0 0 0 0.017206675001433983 18 5921 7 6045
1353 -1.1657155529266769 2.7942212535237663 4.470349403641996 0 0 0 1.3935651733744159 16 4225 7 6056 10 4807
1354 3.6270098988498338 3.9866546469485287 6.3323803436329076 0 0 0 2.0807333908232484 18 9631 7 6253 10 8818
1355 3.8674215363221531 3.9252355736400664 6.0622855735098531 0 0 0 2.3637332408854337 18 9069 7 6288 10 12058
1356 3.7566549151700146 3.3374085757534737 6.2241348668834346 0 0 0 1.8133727110127886 18 6232 7 6370 10 8836
1358 2.3584425657862318 3.7336901506790854 7.9911140377678507 0 0 0 1.3949228314108826 19 8170 7 6574 5 4700 10 8619
1359 2.4376847360011116 1.604601135256863 7.194322646472548 0 0 0 2.6260383678995258 16 8177 18 5094
1361 3.3584139701965823 0.64093679685716365 6.5473046433747433 0 0 0 1.4742377987553628 18 6562 7 6696 1 4063 5 6406
1362 2.7741580173264628 4.2612792670996988 7.5249018974250124 0 0 0 1.7120902006442593 18 7002 7 6786 10 8533 17 5366
1363 2.7653102872625324 4.2516997481558318 7.5027370116263725 0 0 0 1.6432969373162194 18 7003 7 6788 10 8534
1364 2.7751515988802193 4.1364364066112769 7.4332534018217409 0 0 0 0.15516702934834772 7 6876 10 8883
1365 2.7863671163690653 4.1396685607072667 7.4560270437207876 0 0 0 3.0033475174371889 16 8041 18 6998 7 6877 10 8884
1366 1.7130989223817117 4.0553902704566491 7.4140609810430949 0 0 0 2.123887723603147 18 4010 7 6902 5 4660
1367 2.7164972897664303 3.6569848426447242 7.5626263394975091 0 0 0 2.2842346595869114 7 6927 10 5476 18 9457 20 7461
1368 1.5462288864185167 3.2052632921351334 6.8873584170061104 0 0 0 0.48121175697170882 18 3966 7 6952
1369 2.7106996759061075 3.3679683941156258 7.5478276227557588 0 0 0 1.9197831532414917 16 4780 7 6963 10 5420 18 5199
1370 2.3457513836579578 3.0412737310311599 7.9817554430424691 0 0 0 1.3622413991821833 18 7100 19 9239 7 6999
1372 2.034421974304939 2.5125524554256486 6.931163823538272 0 0 0 1.8861911895513528 18 7120 7 7035 3 3288
1374 2.4345520039236184 2.3948280338276309 7.2470123977685681 0 0 0 2.8961582320856252 16 8137 7 7055 1 2620
1375 2.8983565799691502 2.1406405827893251 7.3310157172865358 0 0 0 2.8951288621780353 2 4040 1 3211
1376 2.3369122667012379 1.8857414277787987 7.261043314379207 0 0 0 2.0164953965048547 2 4840 7 7079 5 4073 11 7422
1377 2.2203743599620274 1.4099667196583763 7.11423797412764 0 0 0 1.3517061001464521 16 4713 7 7103 5 10928 4 6471
1378 2.2203743599620265 1.4099667196583763 7.1142379741276383 0 0 0 1.351706100146286 7 7104 5 10930 4 6472 16 4714
1379 1.994529187434144 -0.16869644477415602 6.274708331188533 0 0 0 2.0804325055569675 16 4667 7 7147 4 2470
1380 2.8652292293068347 -2.0959259709133331 7.1773379355354887 0 0 0 2.52356549913207 2 2806 7 7274 20 4521
1381 3.1267280981378054 -2.4916012035409034 6.8793607190870532 0 0 0 2.0141699585066983 2 2769 7 7277 15 3615 5 5281
1383 -1.4665209747562926 -0.25110951697280298 4.6043897910555618 0 0 0 2.5612865700858958 19 4349 7 7697 1 3802 20 4954
1384 -1.1493737198156866 -0.26448583626175115 4.7143473797415778 0 0 0 1.4222431209071376 2 3286 16 7358 7 7700
1385 -1.4013696897593371 0.029938567216630959 4.6350255639183287 0 0 0 1.7324590821784618 2 3615 7 7705 18 5991
1386 -1.1030546579650384 -0.26913711585857142 4.7217895874765778 0 0 0 0.70191065075321624 7 7707 11 5368
1387 -1.1030546579650384 -0.26913711585857142 4.7217895874765778 0 0 0 0.70191065075321624 7 7708 11 5369
1388 -1.6357282944126519 -0.00052071070231907894 4.5177754580496243 0 0 0 0.22925171284020338 2 1831 7 7710
1389 -1.7623147141781947 0.094047971244467399 4.6486910896110629 0 0 0 1.1520151769304576 18 8806 7 7711 15 2887
1391 -1.1647498993850791 0.22175974438112303 4.9120632848816994 0 0 0 1.5457641917843847 16 7538 7 7723
1392 -1.2829099261725168 0.72819893113283096 4.8316975005760581 0 0 0 1.1189269840271121 18 8463 7 7756 1 3843
1393 -1.3947332865817819 0.70730266312685164 4.8460909401679046 0 0 0 0.97782194278436707 18 8457 7 7775 1 3852
1394 -1.9952756211985232 1.8693735677770114 6.1297170715145999 0 0 0 1.1813782883352024 18 8130 7 7791
1395 -1.8963041030371943 1.9236513009478111 6.5171902440791483 0 0 0 0.58750456674197982 7 7806 1 6302
1396 -2.2084057634288801 2.0237864899315685 5.5402503505568852 0 0 0 1.0670270138421774 2 3070 16 2771 8 2533 10 4767 20 5023 17 2793
1397 -2.1192975825315026 2.0372899036793291 5.502030499741922 0 0 0 1.7444199361411645 18 11556 7 7818 10 7210 17 6992 9 3830
1398 1.297074897062352 4.256248217317891 7.1938074065880393 0 0 0 1.9139145400789115 18 7498 7 7820 5 4624 4 4611
1400 0.73143713178165026 4.0704535517236931 6.6085321875236316 0 0 0 0.68718259950558558 7 7827 4 3171 8 8929
1401 1.2723234202524956 4.276929898757607 7.1886764103171972 0 0 0 1.7344508829957426 18 7488 7 7828 5 4631 4 4623
1402 0.65205218442624935 4.008297147886652 6.6321426863191943 0 0 0 1.8128036803445475 7 7835 8 6011 4 3174
1403 1.5217804548461948 4.0199020173679916 7.3446424321415646 0 0 0 1.2424410973587219 18 7509 7 7847 5 4300 4 1327
1404 -0.012208888388155674 3.1002299181662472 5.5892341193743142 0 0 0 1.0144525355479002 18 7739 7 7874 4 3966
1405 1.0249604137741541 3.1713534376251777 6.5780436321855653 0 0 0 1.3050852857779061 1 3199 4 4571 2 5224
1406 1.2380913705569057 3.0219478616603563 6.7137475542370249 0 0 0 0.49584951840443559 18 3960 19 8273
1407 0.46483430677039272 1.2183288750984778 5.7640105755388147 0 0 0 1.3006893814850702 19 5965 7 7952 1 4614
1410 1.7624941742016802 -3.3315263914393416 8.3357312016917735 0 0 0 1.4589051752394913 16 4614 7 8386 8 3025
1411 1.7745685620904077 -3.3417290096979393 8.4275715936302262 0 0 0 1.3173835019793789 5 5924 8 3026 10 3063
1412 -1.0069771924609938 2.5855276360726012 4.3943020390576777 0 0 0 1.8036311468408028 18 7956 7 8504 5 6606 4 3421
1413 -1.0083909757627714 2.5903834172779523 4.4132311395518533 0 0 0 1.9004276192740879 18 7957 7 8506 1 3374 5 6608 4 3419
1414 -0.93063557133093178 2.6222315167273433 4.5477594795366718 0 0 0 1.6624766998941531 18 6209 5 2735 4 5039
1415 -0.78753835020278906 2.2194632787014617 5.9816310603650571 0 0 0 2.2811272537229708 18 12424 7 8716 1 4809
1416 -0.35749927702368678 1.5022851208355781 4.6721461900337848 0 0 0 1.0612427494190726 18 7797 1 9327
1417 -0.7129963079083852 0.80709470810127248 5.0448710458885282 0 0 0 1.3134116139181569 18 6035 7 8812 3 1124
1418 -1.1561428304143533 2.6511321144548203 4.5028832980505964 0 0 0 0.42440417881923603 19 12863 7 8819 4 5040
1419 -1.1284145061909667 2.8132876869086108 4.4448158228909405 0 0 0 1.7735984788474122 19 11716 7 8862 5 3549 18 2655
1420 -0.24942499812875354 0.095845453037545547 4.5567466549852558 0 0 0 0.42423533194919028 2 3491 7 8921
1422 -1.4808497057301968 0.055503457295537816 4.5003747843995123 0 0 0 0.026675314801310863 18 8509 7 8927
1423 -0.64206594281780838 0.13252076854962661 4.7591996614487178 0 0 0 0.27932848663468518 2 2664 7 8929
1424 -0.35902751263610239 -0.25054034658817464 4.8002589452832032 0 0 0 2.0890675456626258 18 6112 7 8939 4 2921
1425 -0.092597149141713575 -0.057991955822933441 4.3698698467343782 0 0 0 2.176744311970626 18 7889 4 3852
1426 -0.47545633425878592 -0.67869058109709057 4.7289324260673915 0 0 0 0.05501608455439283 16 4287 7 8982
1427 2.5621550428203448 2.7398987836849327 7.7281938896841371 0 0 0 0.0034830697915394066 19 9224 5 4742
1428 2.1482022422207807 -0.49764333541910627 5.9486837821834566 0 0 0 1.2116578337236128 18 6906 7 9095 1 3122
1429 -1.0281859918599809 2.097968803317432 6.264090141814572 0 0 0 0.81618593038690712 16 10854 7 9144 1 10663
1430 -1.0281859918599809 2.097968803317432 6.264090141814572 0 0 0 0.81618593038690712 16 10855 7 9152 1 10661
1432 1.2084847876085307 3.2104686985054793 6.6117181506457321 0 0 0 1.0930465225959283 18 7542 7 9174 5 4561
1433 0.56749970019123497 2.8489131564328929 5.9860704670142519 0 0 0 0.89924928421984851 18 9763 5 5789
1434 3.4516390784142406 3.5247471784042488 6.5629161623793326 0 0 0 1.3605027382288601 18 4244 10 8839
1435 -1.4257761929436403 -0.50852514346147637 4.7506783857093993 0 0 0 0.28594740121290124 2 3281 7 9281
1436 -2.1974440940303608 2.0661301522965472 5.1820719946092026 0 0 0 2.2589211615951785 18 11576 7 9421 4 8907
1437 -2.0086306068387221 2.2211453612528205 4.905596554005899 0 0 0 0.68504720006225173 18 8588 7 9429
1438 -1.5852482889222792 0.075916557738214874 4.5721161339951149 0 0 0 0.79405839543165058 2 6828 7 9505 5 12581
1439 -1.5620783243750302 -0.23514407431593617 4.5916659255299432 0 0 0 1.3359643170407887 2 3611 7 9511 8 6539
1440 -1.5620783243750302 -0.23514407431593617 4.5916659255299432 0 0 0 1.3359643170407887 2 3609 7 9514 8 6541
1441 -1.5607958824291326 -0.23673917885362983 4.5852050420049117 0 0 0 1.4082995018289841 2 3610 7 9515 8 6540 19 12846 11 8051 20 12659
1442 -2.0815753226063189 2.2624353116697917 5.140899052224734 0 0 0 2.3345757553175761 18 8719 7 9548
1443 -1.2879890277333887 -0.11783207016587041 4.5915215746173059 0 0 0 0.41640970944316386 16 4128 7 9731 15 8893
1444 2.7405059712353879 2.5656456677210371 7.4742385484055029 0 0 0 1.5697309024289925 18 7142 7 9911 5 10356
1445 -1.4196715232433452 0.49127129555136007 4.9169290130715737 0 0 0 1.030826570506751 2 8119 18 12959 7 9929 1 6726
1446 -1.371937216319538 0.45984176556019146 4.9186265374870528 0 0 0 1.7006607838090513 19 12995 7 9935 1 12558
1447 -1.371937216319538 0.45984176556019146 4.9186265374870528 0 0 0 1.7006607838090513 19 12996 7 9937 1 12564
1448 -0.76627638395062181 -1.4256249419162697 5.7497862564657689 0 0 0 1.3296491818830976 2 6309 3 2540
1449 -0.77922126311727002 -1.4524543254584261 5.8524424244946536 0 0 0 1.4124553274488107 2 6310 5 12827
1450 -0.70132173036165613 -1.386819858406521 5.7989169491773058 0 0 0 2.3132269264989298 18 8553 7 10290 4 6160
1451 -1.1246831037091143 0.31889927753141128 4.8844329662795607 0 0 0 0.66116741310900706 7 10355 1 6742
1452 -1.1772306193723077 0.2448788258002608 4.9377820366769374 0 0 0 1.5896436545802268 16 7494 19 7264 7 10419
1453 3.3868121719986868 0.71403112278893099 6.4830719178960212 0 0 0 1.0013748676662788 18 12698 7 10518 5 9853
1455 -0.47370598371885758 -0.37025862548343075 4.7204434640938793 0 0 0 0.91969782912252984 16 11179 7 11320
1456 1.5817831635918003 3.5236658480648306 7.0452465999181397 0 0 0 0.95733238065967152 16 10594 7 11955 5 10826
1457 -0.32763781961991523 0.11610136910632343 4.6117387740576214 0 0 0 1.3292963013080574 19 9879 7 12847
1458 0.0073738248635852191 0.067229304787694025 4.4720531059955855 0 0 0 1.6136727627465699 2 5789 16 8642 7 12851
1460 -0.05267686092719686 0.40609702426025363 4.5546001203000941 0 0 0 2.1209970871852994 2 2523 7 12867 1 4920
1461 0.003132390957188412 0.45337217117600159 4.5108292166580579 0 0 0 1.2827578740072696 2 5754 16 10846 7 12868
1462 -0.018426555853898921 0.56952335550927025 4.4902618166942254 0 0 0 0.20359405893310628 7 12883 8 9879
1463 -0.082625064404671947 0.90614966148600273 4.5763779447775654 0 0 0 2.0083218904179185 2 4576 7 12905 15 11879 5 7324
1464 -0.027514680764218133 3.3955411132905522 5.7326370416008734 0 0 0 2.7080897991084698 16 10707 7 13007 4 4840
1465 -0.86498053704048961 -0.26173637534552729 4.9149641265432971 0 0 0 1.7385243520032208 2 27 16 65 7 88 5 95 4 67
1466 -2.3548983894780862 2.0223966717564084 5.1692866475212726 0 0 0 2.5318447084873519 18 93 7 119 1 146
1467 2.6567864991613681 -4.5167626686407676 7.4183525620131991 0 0 0 2.7093615940482465 19 239 5 286 15 401
1468 -1.5740367779557125 1.9757764243840279 6.7623989778715226 0 0 0 0.85538095505629008 1 346 4 379
1469 2.7780740622303952 0.85326819014825317 7.4087642878258722 0 0 0 0.8142642421827655 2 403 7 539 8 463
1470 3.0054013604290848 -0.92359111522269177 7.6406749068259003 0 0 0 2.1893809289125241 18 463 7 864
1472 -1.3211477357565145 2.1083598269500152 6.4941657028552227 0 0 0 0.28201212170575063 7 1751 10 1847
1473 0.65092423794479515 -3.9137038786616021 7.4330542454780071 0 0 0 0.30475501815395356 5 7255 8 3009
1474 1.839617913539253 3.6515147848880734 7.5694984813808324 0 0 0 3.4675428527992573 16 1839 7 2803
1475 -0.75217781421570118 0.1760577871316753 4.9813125555591053 0 0 0 1.8012466943848304 18 2566 3 2432
1478 2.5589821502854133 2.6759157425810702 7.7349558275290589 0 0 0 0.30444649869193191 19 5497 1 2613
1480 -0.61252672682783416 0.17924324044576237 4.7216771541025215 0 0 0 2.0880408810538373 2 2657 7 8922
1481 1.6259664174696213 0.86485908064942585 8.0126506766461549 0 0 0 2.7102912771128307 18 11347 7 9183
1482 2.1472152670122906 1.4801031880507718 6.8901147513349832 0 0 0 0.31230559887999204 7 11547 1 3190
1483 2.1557154671084047 1.4828593144496862 6.9335076879535427 0 0 0 0.85727557467475135 2 2425 7 11549 1 3192
1484 2.5770090481432222 1.7529204262228077 7.3296565866566317 0 0 0 1.2980733576784778 7 109 16 82 5 81 8 137 1 30
1485 -0.97208338182886644 0.14284516454028118 4.5667296200620893 0 0 0 0.97196245673060977 2 52 1 43
1486 2.4822953277434081 1.3609252201790294 7.1372122361271053 0 0 0 1.6118364154815845 16 70 1 62
1487 -0.21127774422372617 0.54051339617616723 4.7157375224126952 0 0 0 1.4802130672729668 18 96 1 81
1488 0.69861410603543905 3.1205617362490181 6.3528758141247774 0 0 0 1.9366077010701817 1 84 4 208 18 156
1490 0.45056118429951031 -0.14594753588785719 5.3203944894484687 0 0 0 1.0302271906326643 19 144 1 104
1491 -0.25670782025056216 1.3097435688725287 4.7793058284641701 0 0 0 1.7139285222624061 18 280 1 221 3 245
1492 2.4151908038961256 2.3305066237091925 7.5299727459419721 0 0 0 1.5933746362895564 18 295 19 445
1493 1.6760446159146583 1.2722623533531499 6.6223878932363816 0 0 0 1.1596579646273544 1 234 5 299 16 569
1495 -1.1767101727323013 0.17936575963546281 4.6667840743276745 0 0 0 0.11704134131274346 18 253 1 251
1497 2.7432567111222248 2.2019814937308291 7.3608573808602245 0 0 0 2.1590715517777599 7 570 1 275 5 351
1498 2.7432567111222248 2.2019814937308291 7.3608573808602245 0 0 0 2.1590715517777599 7 569 1 276 5 352
1499 2.9675618053220858 1.2159346057947549 7.0896454290345989 0 0 0 0.18916968013794161 7 876 1 285
1502 -0.31110425698409522 0.23881797022251866 4.5782848819017712 0 0 0 0.10684317325547596 18 378 1 326
1503 -1.3684856255308036 0.27540639509006476 4.804379111081575 0 0 0 0.92738871779515852 1 329 11 553
1504 2.7509551967559043 1.6160259050277537 7.3503429736393189 0 0 0 2.3149538230785054 19 572 1 389 5 787
1505 -0.43448772092641641 1.1406547218517955 4.762247802979668 0 0 0 0.15261126444676049 18 909 1 401
1506 -0.021200478627178779 3.1079550012995543 5.6923031154526917 0 0 0 1.2853233565021076 19 730 1 404 7 609 15 213
1507 1.9058271290450173 0.0026938589065825949 6.3518977960448666 0 0 0 1.863904752961494 19 1127 1 413 11 1224
1508 1.2096584592534461 3.0680441553717559 6.7367870943195625 0 0 0 2.2326533123600525 1 414 5 601 18 630 4 366 3 397 19 712 15 511
1509 2.6006748365630989 -1.4388219642682401 7.5075744516375424 0 0 0 1.0813372366800322 19 1234 1 437
1510 -1.464946145023964 0.077867104317778338 4.6937686719905463 0 0 0 1.5319447626167844 19 943 1 475 11 620
1511 0.51266001041710996 2.6292160673609404 5.8647995336735717 0 0 0 0.7905398100535207 7 1204 1 530
1513 0.5269792027103668 2.5767246044157996 5.6778153210205993 0 0 0 1.7658608733030789 1 532 4 426
1515 -2.0975894093165444 0.50234627599767312 4.9095149502762769 0 0 0 2.1713993062447763 18 5800 1 535
1517 2.8813361747731956 1.0206121100428573 7.3290157200959065 0 0 0 1.7223886209258137 19 1122 5 785 8 1297
1518 2.5958992130432534 2.2977298168882578 7.2286018117127009 0 0 0 1.8479247237154726 19 1212 1 562 11 1263 20 1346
1520 1.8775519453550811 1.0485688937822979 6.5816193517816739 0 0 0 1.3957077211442921 18 1374 20 1079
1521 3.0123816243059269 0.094852314722487757 7.0718557732506637 0 0 0 1.4322864334891019 18 1484 1 576 20 1823
1522 0.046448393816100372 3.137575872658978 5.646339727603447 0 0 0 1.8648827308211082 7 1191 1 623 4 417 3 982
1524 -1.9548301152876495 0.32791434660512331 4.7600068064942347 0 0 0 1.610142121089174 19 1393 1 667 11 1117
1525 -2.1416665391588299 2.1210072685620673 5.1555574095126113 0 0 0 1.2582456335408101 19 982 1 687
1526 -1.5321373658993878 0.42859000498777367 4.8376383649517622 0 0 0 1.3282311982532142 19 944 1 780 11 957
1527 -1.4879459730674063 0.4868702360825648 4.8754551301198923 0 0 0 2.1211215505462109 19 949 1 792 5 1117 11 885 20 1166
1528 -1.3583847540067044 -0.15402266531694686 4.6305450107296764 0 0 0 1.5659694043385872 19 942 1 801 5 1168
1529 2.6072939401463597 -2.992008432515358 7.5117603493818663 0 0 0 1.1948283822480956 16 1479 1 822
1530 1.7340326748169184 2.361420452194487 6.6366660457795641 0 0 0 1.9917854849188092 19 1285 1 851 11 1758
1531 1.4790378202733006 2.7140598272458067 6.8522232532834177 0 0 0 1.8428839528514642 7 1935 1 856 3 821
1534 3.0102773746127918 3.0967309888374084 7.1660126252532503 0 0 0 2.4143779300563142 2 1296 1 1066 8 1488 17 1555
1535 -1.3402579225045201 2.1516950031009889 6.6289463914640177 0 0 0 1.848885298992073 18 1897 1 1086
1537 -0.96487762614733075 2.0941163313048801 6.2312678871073404 0 0 0 1.3150433769021861 2 679 18 2644 1 1317
1538 -0.35465541416345137 1.2655854612994597 4.8156254579177764 0 0 0 2.2089235332358026 18 5714 1 1333 10 8338
1539 1.4141100869500789 -2.9976490255140131 8.429780126179903 0 0 0 1.8828901635581765 16 8317 1 1353
1540 1.6930488954524587 -3.0874632586292372 8.4978055820430374 0 0 0 2.4631039966917601 18 1707 1 1356 5 1585 3 1200
1541 1.7186814196036402 -2.8255880223336973 8.5813044692598393 0 0 0 1.3337966375225652 10 9123 20 4540 5 5888 19 5134 17 11895
1542 2.3600691356643506 2.5571752549747737 7.440760663756298 0 0 0 1.8687854168675682 19 5214 1 1413
1543 -1.2001261621784991 0.17694345728421931 4.8882087050920546 0 0 0 0.21704598852835066 19 2557 1 1439
1544 -1.288800950172224 0.2409508587243657 4.8396278702512694 0 0 0 0.89254190415804657 19 2565 1 1445 11 2491
1545 -1.288800950172224 0.2409508587243657 4.8396278702512694 0 0 0 0.89254190415804657 19 2566 1 1446 11 2492
1546 -0.8288107230375048 0.14561846360840022 4.916748176089186 0 0 0 0.28803600586735995 1 1450 4 1661
1547 -0.61730460019565947 0.072815036135994035 4.6686213705625166 0 0 0 0.85847087262747968 2 970 1 1453
1548 2.4157099795411212 -0.13558445661011345 6.5137219418377779 0 0 0 1.697332124318002 19 1317 1 1459 5 2103 7 3397 20 1367
1550 2.6911174140496961 3.1329303596435265 7.5787117727143771 0 0 0 1.9490059622199407 2 1983 19 5260 1 1581 8 2981
1551 2.3666053152624777 3.0945318837930524 8.0052911493163528 0 0 0 1.3411258528057548 18 2863 1 1593 3 1270
1553 2.9423198550166849 1.3277386340612503 7.1708338769033491 0 0 0 0.57510584823021382 7 4371 1 1663
1554 2.8784810030500614 0.71458493132562251 7.2889119865624794 0 0 0 1.8252412595144591 18 3053 1 1676 8 3061
1555 2.9081596754908428 0.43112116687758245 7.2618363731327689 0 0 0 2.3898119722107802 19 3196 1 1698 5 2121
1556 1.7839207646609572 2.6715270572681726 6.9045871769699323 0 0 0 2.3348663876385256 1 1793 4 1363
1557 0.61428610729015043 3.158765160124664 6.2692040175815871 0 0 0 1.615385877019031 18 1610 1 1807 5 3897 4 1990
1559 -3.6913563960621958 1.9918242139173867 4.7941320833201511 0 0 0 2.6356771778269645 19 2342 1 1859 11 1205
1560 2.7151691173346659 -3.2311235781725607 7.3549842281067317 0 0 0 0.9267601477135059 19 1947 10 5689
1561 -1.3279279556075445 0.36318504394798251 4.8770762824353415 0 0 0 2.3644249199830245 19 1715 1 1941 11 2499
1562 -1.8743430094625406 1.9810841107879444 6.595659130206279 0 0 0 0.71135843220689887 5 1778 3 1072
1563 -1.1138052668002612 2.061883811118304 6.4469451081259583 0 0 0 0.12943747735268102 2 2611 1 1952
1564 3.1382204983026023 0.522112900509349 6.9237508484117827 0 0 0 1.7201055163282213 2 4104 1 2023 13 6420
1565 3.1382204983026027 0.52211290050934922 6.9237508484117818 0 0 0 1.7201055163281023 2 4105 1 2024 13 6419
1566 0.29991520709343961 1.1491695356171072 5.5711899559980127 0 0 0 0.085030884404103224 7 5889 1 2158
1568 2.8869441722373916 3.6373961733648064 7.3232936604966099 0 0 0 1.2191191865273945 2 3176 19 3804 1 2282
1569 -0.94076655659308339 0.14446975661116737 5.0977834405576345 0 0 0 0.90078629347784578 7 4328 1 2300
1570 -0.060930238599845775 -0.0083396907490049035 4.4953380513574297 0 0 0 1.8219085967944775 19 4819 1 2307 5 3435
1571 2.8237607206592217 3.7121877709790487 7.33659782191289 0 0 0 0.63437525891230828 2 3887 1 2531
1572 2.2660438858849719 3.424951268656212 8.1430370540581869 0 0 0 1.973706456945582 19 5467 1 2583 11 7389
1573 -1.3610538802776113 -0.55361709924100366 4.7909526414421375 0 0 0 1.4979985439936518 18 2511 1 2601 20 2715
1575 -1.3403901750020406 -0.59394313260936804 4.7922375861989153 0 0 0 1.6909439519109 7 2421 18 2524 1 2634
1576 2.7395400607204436 1.9176515541757388 7.4189740749411737 0 0 0 1.3909401563800141 19 5539 1 2639 5 4807
1577 2.7395400607204436 1.9176515541757388 7.4189740749411737 0 0 0 1.3909401563800141 19 5541 1 2641 5 4808
1578 2.8476617697670741 1.0260675114782107 7.3123629003366943 0 0 0 1.4894708818679963 1 2652 8 4982
1579 2.84850397611577 0.5339713193678689 7.3079458520598584 0 0 0 2.4538976741994789 19 4011 1 2672 5 4401 11 4920 20 4439
1580 -1.048572120331466 2.6031818728195613 4.441289391431738 0 0 0 1.7028469165328586 18 8057 1 2702
1581 -1.5454631681633644 2.0677098884061627 6.2733292135257326 0 0 0 0.033459526914057555 7 2557 1 2767
1582 -1.4070184037714109 0.33216549810296347 4.9001712134484903 0 0 0 0.71242265634295487 19 4389 1 2780 5 3021 11 4645
1583 -1.8133133398752186 0.19083199216228663 4.7236835132292363 0 0 0 0.69299590032903724 2 1608 1 2786
1584 2.8673385476878934 -2.134935037105703 7.1699535571915236 0 0 0 1.7393841606473872 18 4655 1 2807 5 5049
1586 1.2427535621803667 3.225035335450336 6.7416075706597054 0 0 0 1.7996668228416848 19 5064 1 2882 11 3767
1587 1.6595813033771432 -2.6937061760176406 8.5896963982060512 0 0 0 2.3103712313276707 16 2540 1 2899
1588 1.4477777590496392 -2.9616314751780508 8.5745387206978005 0 0 0 1.3691296030379281 19 8409 1 2923
1589 1.6722611894317203 2.5632456933674002 6.6620324753298235 0 0 0 1.6087474232704526 7 4436 19 5216 1 2949
1590 3.0365994971687136 -0.15711616584528423 6.989735179871551 0 0 0 2.72608919994873 19 4056 1 2993 11 2713
1591 2.5788449814971823 -3.0491119983644617 7.5245289129686714 0 0 0 0.7549341476052831 2 2746 1 3037 8 3984
1592 3.1731143542749072 -2.2485601490060358 6.8053867439577527 0 0 0 1.1286561098547843 2 4273 1 3066 15 11582
1593 3.0528374395996707 -1.116094442808109 7.0113917718172578 0 0 0 2.2233065590108652 2 4190 1 3105 12 1285
1594 3.0705418063499375 -0.09436329766790931 6.9692589740536635 0 0 0 2.1666617955839578 16 9206 1 3140 20 6317
1595 2.9746497921553519 0.41193514751931026 7.1303485347455942 0 0 0 1.7117036575438107 2 4120 19 4024 1 3152 5 4392 13 5452
1596 2.8378286389601084 0.5723622919361514 7.3249355498774262 0 0 0 0.97244323124240728 18 7218 11 8897 20 9824
1597 2.9563471249237696 1.1515315353772346 7.1530248738523845 0 0 0 0.12773255407170783 16 6832 5 4842
1598 2.2934600609020612 1.4738692333693759 7.0370726655988145 0 0 0 1.7717403451061604 18 9908 1 3183 5 4822 11 9473
1599 2.2934600609020612 1.4738692333693759 7.0370726655988145 0 0 0 1.7717403451061604 18 9907 1 3184 5 4821 11 9474
1600 2.876569904599287 2.1173612160693924 7.2690212384739565 0 0 0 0.39034905194972686 16 10298 18 7157 2 4041
1604 2.5249552938240791 2.3417813581414233 7.1848353677073513 0 0 0 1.2604368463389051 19 9154 1 3223
1605 2.367195912870121 3.7195008693216001 7.9945704042717951 0 0 0 0.94159602017196598 2 4875 1 3290
1606 2.3395388641369972 3.7241785787568356 8.0221325055778649 0 0 0 1.502840433062318 19 9511 1 3292 8 5622 10 10860 5 10279
1607 1.6295306936688254 1.4279621822895074 6.5324340447597455 0 0 0 1.9561653895089073 19 5557 1 3312 5 11435
1608 1.6917277167340721 2.3041480773953023 6.6681192458973824 0 0 0 0.70500785241401231 19 5523 1 3315 11 10602
1610 -0.91618743537344061 2.1656982905952056 6.1357772194465072 0 0 0 0.07430081003962008 1 3391 4 3395
1611 -0.33499040560697579 0.29083539460758234 4.6254286855028433 0 0 0 1.8359801777231135 19 4825 1 3621 5 7558 16 7606
1612 -0.31267522237621709 0.68002951381964338 4.6063860588626451 0 0 0 0.16312428979590254 18 5819 1 3641
1613 -2.2310179833218307 2.1168144497682357 5.0487297046777817 0 0 0 0.00031632718450539353 19 3673 1 3679
1614 -0.63168117624757736 0.75940601971433552 4.8363980180134885 0 0 0 1.426101156595726 18 5908 1 3690 4 1642
1615 -4.0262711387574681 1.6021701289334422 5.2693250007573367 0 0 0 1.7137880597543547 7 5490 1 3761 5 5151
1616 -1.2574287563664628 0.22285144361536599 4.8474171002964201 0 0 0 0.78931312744208471 19 10718 1 3837 11 4642
1617 -1.4949518593497899 0.645165540018381 4.9020172052750679 0 0 0 1.7295922409390125 1 3848 4 3328
1618 3.4064362351913648 0.475662047745122 6.5554283963596474 0 0 0 1.572907319107641 18 6566 1 4064 5 3287 13 6208
1619 2.9915309465819075 2.023110853454694 7.148398987220566 0 0 0 0.56364370360272775 2 4036 1 4174 5 4790
1620 3.0541432254414103 3.2235495171680193 7.0311240774266981 0 0 0 1.7163649413031608 2 5936 1 4243
1621 3.0541432254414103 3.2235495171680193 7.0311240774266981 0 0 0 1.7163649413031608 2 5934 1 4245
1622 -0.33269227325408923 1.4984113417602525 4.6921987379494254 0 0 0 0.4199919785915488 16 7707 10 12531
1623 -0.35601204159689942 1.4435337346225976 4.7097370217485484 0 0 0 1.247604318555156 1 4287 10 8134
1624 -0.96913952998024688 2.0787642359966774 6.3592584572844677 0 0 0 1.2777080048549436 18 8112 1 4292 4 5007
1625 0.25076561735369701 3.0369550880047678 5.8168676762318841 0 0 0 1.6086137410050299 7 4576 1 4435 5 5777
1626 0.40187208513733091 1.2297169959205787 5.606549459128038 0 0 0 1.5927412639837923 18 7430 1 4458 7 9645
1627 0.3960743636507485 1.2137917119603738 5.7335186206996616 0 0 0 0.88764599697982438 19 5954 1 4554 11 7047
1628 -0.49218675490599961 0.13480123067302963 4.6282949425165665 0 0 0 0.77150355570488793 19 9882 1 4925 5 7469
1629 -0.0440440320541374 3.2117799821068731 5.7061552379035625 0 0 0 2.0960078479456201 7 10448 1 4955 4 6982
1631 1.6911642992099871 -2.8917478174280618 8.5134949140466585 0 0 0 1.3411503745955675 2 9609 12 1898 1 5057
1632 1.9194503122730846 -2.9628822897767981 8.2736597359653903 0 0 0 1.9469490659803237 2 4769 12 1205 4 4827
1633 1.9498885564412423 -3.0178893836884564 8.4128899302288325 0 0 0 1.8863209840140376 2 4768 16 4624 1 5065
1634 1.5181772374228297 -3.2181918237558667 8.3863321085749174 0 0 0 0.88139136810522933 2 5372 1 5261
1635 -1.1248273779483002 0.35322704472927496 4.9445871350917008 0 0 0 0.54686373640212294 19 10708 1 5267 11 9322
1637 -1.0566589793710932 2.7093440152808572 4.4081744370320388 0 0 0 0.65901665423662814 1 5301 5 8777 4 5036
1638 1.5333920484449881 2.6731055903060366 6.7339146171102904 0 0 0 2.4537360014616239 16 8598 1 5302
1639 -1.5635524761958761 2.2125338949073377 6.1099221801118695 0 0 0 1.0856695910705818 7 7854 18 6095 1 5348 10 4755
1640 2.9713332048848282 -1.933846941841745 7.0599351720093013 0 0 0 2.5530853211084819 2 5161 1 5486 20 6673 12 1153
1643 3.1162319237871365 -0.96749963157241714 6.9405310067710566 0 0 0 2.658356433177786 2 4181 1 5589 20 4378 7 4610
1644 2.7866961727674995 -1.9960285524540125 7.2678965397011934 0 0 0 1.5482302639465586 18 7299 1 5591 11 8362 20 8962
1645 2.8414498545149862 0.49217582724896547 7.3279757733620796 0 0 0 0.9737954615921024 16 10331 1 5646 11 6480
1646 2.5555864973731088 2.2416788910881382 7.2672928510139085 0 0 0 1.9302572005146861 18 9939 16 10284 17 5406
1647 2.517989105811814 2.364724506283689 7.2697081193844211 0 0 0 1.6849920709520216 2 7678 1 5722 11 9457
1648 -2.2556181939130835 2.0741555890272401 5.2525750858332803 0 0 0 1.3349782296930404 16 8401 1 6163 11 6622 20 6996
1649 -2.2077666093580421 2.0807669371423736 5.2204080063476006 0 0 0 1.2854404855342414 16 9996 1 6173 10 7241
1650 2.7262827413138959 3.5791608855343737 7.4679756921341598 0 0 0 1.0729359433792938 2 3911 1 6267
1651 -1.2464935346293644 0.65333909964951487 4.8802376383593717 0 0 0 0.89515944090599397 1 6548 10 8052
1652 -1.2443539141011273 0.65549563116351639 4.8819383015283284 0 0 0 2.2732116026903468 18 13002 1 6549 10 8051
1653 -1.2529797035933385 0.63111420242751115 4.8728794227356316 0 0 0 0.92654628251743942 18 8323 1 6567 11 8137
1654 -1.5463355814332143 0.46861536634744483 4.8277757018761509 0 0 0 0.36737757601236648 19 13001 1 6640
1655 -1.4337117735202973 0.49609202221041676 4.8929549542215538 0 0 0 1.6182883080581774 19 7245 1 6657 11 5445 20 6924
1656 -1.5545451310147795 0.45431623163180246 4.8069742645504006 0 0 0 0.93703828682381507 19 11777 1 6727 15 7638
1657 -1.084383593308242 0.26424161559572462 4.9359588759425312 0 0 0 2.037334171704845 18 8496 1 6771 11 5426
1659 -1.1607822699750261 0.20347859403506982 4.9082383753063086 0 0 0 1.9346809733492645 19 10724 1 6797 11 9317
1660 -1.6805725351509482 -0.31377843525466936 4.5550611326172339 0 0 0 1.5378096175146947 19 11747 1 6836 11 12088
1662 1.1532326766283174 3.0586827075385217 6.729631799086822 0 0 0 1.3413916667029901 19 8274 1 7003 5 3699 4 3124
1663 1.7968617528521884 1.2740504470831311 6.5824107054111494 0 0 0 1.8457779456787669 1 7050 4 6473
1664 -1.3123448249139693 0.64983741081388047 4.8623725530814426 0 0 0 2.3683727991693995 19 12127 1 7198 10 10959
1665 -1.3123448249139693 0.64983741081388047 4.8623725530814426 0 0 0 2.3683727991693995 19 12126 1 7199 10 10958
1666 -1.147701421378732 0.6856782420737213 4.8515150804452123 0 0 0 1.5335841465560367 19 10650 1 7207 11 8144
1667 -1.5917492162170475 2.1325183481273968 6.1449542663783374 0 0 0 1.0232937992905564 18 5918 1 7288 4 2810
1668 -1.2933791629738633 0.28155259677643213 4.8608127754747468 0 0 0 1.9252717095478842 19 12706 1 7297 11 12253
1669 -1.2009850724135174 0.21180951048846022 4.904408576621015 0 0 0 0.78920710626182855 2 8313 1 7305 5 12790 4 10949
1670 -1.5663144530714197 2.1156441230045306 6.1308369417645583 0 0 0 1.1583290041754453 16 6510 1 7367 10 9477
1671 -1.5663144530714197 2.1156441230045306 6.1308369417645583 0 0 0 1.1583290041754453 16 6512 1 7381 10 9480
1672 -1.6597819848029858 -1.3271882456740085 5.7790835149979909 0 0 0 2.0443198741320709 18 9407 1 7385
1673 -1.4136368087603846 2.1401078755090461 5.957635803510855 0 0 0 2.1325032875746319 19 10550 1 7405 4 9746
1674 1.7324352475796385 -3.4347255980613394 8.482320404753418 0 0 0 1.3439163997206753 16 10390 1 7775 8 7527
1676 1.767904096586753 -2.9204338548657591 8.4460682636353432 0 0 0 1.5440583419379774 1 7797 20 6782 2 5175
1677 1.5457318974977665 3.5301362388366866 7.1091264142508592 0 0 0 1.7336399070043182 19 8511 1 7958 5 11534 11 10585 20 12768 13 4337
1678 1.5439120746543269 3.5305140849908394 7.1014432592874837 0 0 0 1.3292656493781156 19 8512 1 7959 5 11535 13 4336
1679 0.14490104815503563 3.0661412969420589 5.7591828289821496 0 0 0 0.92729626184302416 18 11114 1 8216 5 8445
1680 1.8715286238234627 2.3043425055251223 6.7095968780557493 0 0 0 1.7830952189201983 2 8246 1 8777 4 6442 5 11370
1681 1.8784337805264406 2.3089950071163372 6.7398008877707039 0 0 0 2.7528397364405239 2 8245 1 8778 5 11369 4 6441 8 10931
1682 2.0049568947476568 2.2881895864080537 6.6460731769708179 0 0 0 0.5610444526775078 19 8483 1 8792 5 11380 11 7409
1683 -0.76253694727694987 -1.405104209352162 5.755396909368935 0 0 0 1.5879980096187118 2 6304 1 8875 9 9735
1684 -2.1757602517393009 2.0106290811512704 5.5147071235884795 0 0 0 0.69978604547948708 19 11848 1 9536
1686 -1.560097121255023 -0.087269911216562315 4.4585804163691964 0 0 0 0.76429722039436143 19 13038 1 9670 11 12066
1687 -1.492893392618361 -0.025161579725233252 4.4628001148444101 0 0 0 1.372422066922423 19 11772 1 9676 5 7683 15 5849
1688 -2.0356214284914738 -0.19883238206126869 4.9012256617435082 0 0 0 0.92749651272740818 19 11764 1 9738
1689 -0.16710566815697708 -1.1465839360196195 5.815064227168854 0 0 0 1.239739900688738 18 12570 1 9759 10 12216
1690 3.3120261667827942 2.9201578962277375 6.7751507883386308 0 0 0 2.192915443388221 2 7583 19 13151 1 9960
1691 -2.2435740029683378 2.0922640767586138 5.2108169453941811 0 0 0 1.1662552122512482 16 13192 1 10081 17 9142 9 8997
1692 -2.2435740029683378 2.0922640767586138 5.2108169453941811 0 0 0 1.1662552122512482 16 13194 1 10082 17 9143 9 8996
1693 -2.2202270009958553 2.149481246011093 5.0445565303310191 0 0 0 1.9155650558691626 19 10845 1 10094 10 7787 11 9024 20 9986 9 4168 12 5198
1694 2.994678966117529 -0.23460135787461012 6.9449040148637113 0 0 0 0.72305275355012544 19 6375 1 10413 11 8913
1695 1.7241649530607257 -3.5025319805035777 8.5677101356678218 0 0 0 1.8866390380516467 18 7665 1 10472 5 8300
1696 -1.1879010711578866 2.0366604710600109 6.6094818210445334 0 0 0 1.1410936218821166 16 7670 1 10476 10 8074
1697 2.8524372512475811 1.6281246530089657 7.4264446615251698 0 0 0 0.10424197880691756 18 12516 1 10503
1698 2.5576691861701559 2.2292083242939018 7.2814332934775532 0 0 0 1.6463054187661497 1 10531 11 9448 19 5522 20 7623
1699 1.662528710145398 -3.2946204949032274 8.5400151594909524 0 0 0 1.0368961899378708 2 10698 1 10549
1700 -2.2532001080843509 2.0227037475307976 5.4803586641417725 0 0 0 1.0443785109610295 1 10857 11 8197
1701 2.7796892208648925 2.2897798168679508 7.3956171264637636 0 0 0 1.6242437452126051 19 9228 5 10355 2 7782
1702 2.6109689472507007 1.6121598161538646 7.1836869406316035 0 0 0 0.54536033091141412 19 8133 1 11168 5 13295
1703 3.3023109184471613 -2.2552628789121885 6.6570296887315692 0 0 0 1.1750836278282675 2 9738 1 11944
1704 -1.371937216319538 0.45984176556019146 4.9186265374870528 0 0 0 1.7006607838090513 7 9936 19 12994 1 12562
1705 1.9647316209004204 2.3225882021528506 6.6493476680623864 0 0 0 1.3671959342486251 2 8227 1 12815 5 11385
1706 -1.3263877163986966 0.60943825127127682 4.8863151752713279 0 0 0 1.0946193306954177 19 12523 1 13022
1707 -1.3263877163986966 0.60943825127127682 4.8863151752713279 0 0 0 1.0946193306954177 19 12448 1 13023
1708 1.7909940250691614 -1.7785646116534695 8.5043754770628812 0 0 0 1.7028439634038481 2 7267 1 13252 3 5711 17 3938 9 8488
1709 2.9071464530917792 2.4832064066361483 7.237522872871514 0 0 0 0.74771413200064796 7 2838 1 1057 19 3275 16 1854 8 1264
1710 -1.5868218563940304 -0.24812032617204591 4.5690462199713116 0 0 0 2.6878894178342692 2 2079 7 7692 1 2813 18 5756 19 4381 5 7675
1711 -1.4797841077838345 -2.0823086453278639 6.4181911453533855 0 0 0 2.2038968997448229 2 3 1 8
1717 -0.22530585889523236 0.90317318012015746 4.5341631658064694 0 0 0 0.37800850496143701 18 1293 1 1174
1719 0.61212864422512503 3.1627947953891731 6.288651329119892 0 0 0 0.62800335053443934 1 1808 5 3898
1722 0.91552621331448703 -0.074609872259611118 5.6284410605295543 0 0 0 0.97606381384004681 2 2403 1 2935
1723 2.6807665604245838 2.2486678900587864 7.2648064957776404 0 0 0 1.0199956748691497 19 2993 1 3215 11 2651
1724 2.5249552938240787 2.3417813581414246 7.184835367707354 0 0 0 1.2604368463386346 19 9168 1 3221
1725 3.4150548453041365 3.0230589632842992 6.5938800083884272 0 0 0 2.1378875338747472 2 5336 1 4238
1726 1.5915221771488013 -3.0639726649148651 8.7030665546025769 0 0 0 0.54356693378473064 2 2373 1 5056
1727 2.7262827413138986 3.5791608855343773 7.4679756921341678 0 0 0 1.0729359433794494 2 3912 1 6268
1729 -1.5481267883170764 -0.04702261532563095 4.4831853767320391 0 0 0 0.10551946516684491 19 11758 1 6852
1733 0.091706990912416339 2.8275154938129834 5.5924123320234003 0 0 0 1.9087697866433047 7 45 5 30 3 30
1734 1.0075496038036453 -0.19157614140531876 5.6961541519304726 0 0 0 1.4050293041268735 7 28 5 41 3 21
1735 -0.066410211246655762 0.97748899478041518 4.592847790618892 0 0 0 0.75332037460053602 5 59 4 54
1737 -0.8670287047831402 -0.26803004900416644 4.9445068321619585 0 0 0 0.89614040576416709 7 87 5 96 4 71
1739 0.50664685609900706 2.7952653197524682 5.9416578811695739 0 0 0 0.83618054267864872 7 184 5 149 4 164
1740 0.50664685609900706 2.7952653197524682 5.9416578811695739 0 0 0 0.83618054267864872 7 183 5 150 4 165
1741 1.560137211084238 3.31962191964588 7.097140693640327 0 0 0 0.977570521039414 1 147 7 215 19 213
1743 2.2290800055642461 -2.9429746528370213 8.2410945785662673 0 0 0 0.20283168665192228 16 195 18 142
1744 -1.143202103858131 0.89613300156971476 5.102831556237625 0 0 0 0.21435837745892966 18 92 5 190
1745 -1.4600928516235556 -1.5172203897815157 5.9086459204627362 0 0 0 0.1629360242794814 2 204 5 210
1746 1.8515636754120628 1.5116339383845616 6.7502592377198232 0 0 0 1.4767613779120512 1 237 18 301 8 786 5 223
1747 -1.1120891230078032 -0.39355180640561843 4.7161495233220911 0 0 0 1.8109501478418799 7 216 5 246 4 248
1748 -1.8498158629770323 0.42213001059394362 4.8316714869397401 0 0 0 1.361401474801474 7 225 15 188
1749 -0.0072480720958059113 0.52787882167642242 4.43836998103209 0 0 0 0.94069326616547377 7 193 5 288 4 179
1751 0.38248851587798888 3.3628483248504653 6.0291733228487985 0 0 0 1.6503557897831997 7 276 5 307 4 258
1752 -1.0659071267098015 2.6899696938955318 4.4214246217440687 0 0 0 1.5267035092054766 7 442 5 326 4 354
1753 0.019337950307420457 1.9827650465533209 4.9368883052656107 0 0 0 1.8481988764685613 7 578 5 349 4 355 3 277
1754 2.8497021295010687 1.697754209435832 7.3248202179845405 0 0 0 1.0342508931858931 1 291 7 566 5 358 11 392
1755 2.7293435103507639 1.0666133627496064 7.4594677689583522 0 0 0 1.0852419054395006 16 397 5 402
1756 0.46747986824844012 0.7294730784957717 5.2301972175082856 0 0 0 0.66507410622990482 7 878 5 404
1757 -0.88087147295015411 0.59613518359445095 5.0113342125486966 0 0 0 0.78236504320560329 5 406 3 296
1758 0.64181569936485827 -4.0029039869312104 7.441053300749604 0 0 0 0.42846753636037865 19 238 5 442
1760 -0.12320479177709688 0.015305080703358896 4.4995653521095669 0 0 0 0.30514862994340997 1 257 5 550
1761 -0.72042765120159036 -0.36157612366874131 4.959630176794084 0 0 0 1.2315337705969172 1 496 2 242
1762 2.4727973771222227 -4.4210571677242658 7.5519937936801655 0 0 0 0.78214106127563543 5 626 8 413
1764 2.8220464390099473 2.3537240761864489 7.416579862308323 0 0 0 1.4217777264920533 2 397 5 651 10 662 17 853
1765 3.1170063020704366 -0.16700207444784376 7.6802165464992207 0 0 0 1.325219541099435 18 7233 5 678
1766 4.2039911301910742 -1.3776178430498258 5.5050565569027485 0 0 0 1.2067052494461727 5 702 18 437
1767 3.3678709012197565 -2.2567501783519677 6.4128798130308571 0 0 0 1.2694633834060609 1 452 7 812 5 706
1768 3.3746788773452483 -2.2646093242504448 6.4260294881220741 0 0 0 0.50487469058786516 1 454 5 707
1769 3.8627988472770691 -1.8039546416034515 5.9984549061036843 0 0 0 0.9211403442887367 7 793 5 708
1770 -2.5242100832628132 2.4134213694251869 3.4123653275877923 0 0 0 1.8599120520421395 7 663 5 732
1771 2.3609595517966189 2.5194019088589723 7.3546553895160249 0 0 0 2.8188330162017197 18 1632 5 757
1772 2.8320927924556862 0.64839529094467618 7.3796080612806509 0 0 0 1.8711125534573796 16 1277 5 802 8 1311
1773 2.9036136367299363 -1.9216871498401156 7.1221664502171462 0 0 0 1.1624868086260178 1 442 7 1368 5 827
1774 2.287962832601885 4.3234001378912463 8.1197447122146009 0 0 0 1.3376244856581494 5 886 8 1490 3 657
1775 2.3927064075174185 -4.3429372791509975 7.5916162427927212 0 0 0 2.1242896960615574 7 1265 5 915 8 419
1776 0.49927295486030104 -3.9754352003636102 7.3133395309196336 0 0 0 0.67148056880583618 7 835 5 935
1777 -0.31152372700448877 0.11369415470613375 4.4838966612554998 0 0 0 0.31571814120422376 2 306 5 939
1779 -0.78825330065033272 2.7459749462393215 4.8349384068720882 0 0 0 0.59397875199227279 7 1779 4 941
1780 -1.1431196808717237 2.709379887212374 4.5096823457584145 0 0 0 0.11904301513034611 7 1359 5 991
1781 -2.6294898491681202 2.3576985278309293 3.4231302236580783 0 0 0 1.3527706506395729 7 675 5 1056
1783 0.15459553139854276 2.6896530983271347 5.6349832311826917 0 0 0 1.4131627902868322 7 1479 3 1268 4 1294
1785 -1.7216244970288099 -0.55580362740719547 4.830957919224665 0 0 0 0.86745434005274835 2 421 5 1162
1787 3.4015917082418161 -3.4360798841430422 6.5749086138621315 0 0 0 0.45160635332576149 7 1268 5 1222
1788 3.4546841680856248 -3.5833520395656882 6.4116978261749269 0 0 0 1.2491877503898421 19 1039 5 1232 10 695
1789 3.383292547399062 -2.1996241137333459 6.615720518598895 0 0 0 1.7337257663488814 18 1379 5 1280
1790 4.1863776492947409 -1.5071709704443645 5.4371624358951776 0 0 0 2.145848976851819 18 1368 5 1283
1791 4.0389025916882488 -1.2204887277265797 5.1231917160265441 0 0 0 2.2238407151253523 7 2106 5 1295 18 1375
1793 -1.1655793550942872 2.6113787974964264 4.4877370991936596 0 0 0 0.77146353605133078 7 1304 5 1458 3 899
1795 0.170899930959552 0.89623006884404877 4.6692648536273529 0 0 0 0.61215000658744567 7 1917 5 1526
1796 0.38052241346373 0.58290401680417181 5.6187007696031399 0 0 0 2.248530575694053 1 873 5 1533
1797 1.6418999240870915 -3.0529153954595225 8.58957774409153 0 0 0 2.2240678905195659 5 1583 8 1219
1798 2.0738025758773575 -2.8748535555197248 8.0889997728928869 0 0 0 2.2914185295609149 2 1403 5 1590 20 1831
1799 2.0444135834813699 -2.8406955368711229 7.9943857994946343 0 0 0 0.30346881490509026 2 1402 5 1591
1800 2.2225221803297059 -3.9693934159180735 7.9779402945864453 0 0 0 1.4316717870118187 7 1852 19 1358 5 1607
1801 1.3173932924284897 4.3743898892225106 7.242813043494702 0 0 0 1.7710666853322916 18 3773 5 1634
1802 1.6071502627130725 3.860661068981472 7.7483906788953165 0 0 0 2.2484809712410594 7 2947 5 1636
1803 1.3239585875568001 4.2108116569167011 7.2163854654128068 0 0 0 1.7715940007612627 16 2090 5 1653 4 1266
1804 3.4881379242080386 -3.6384166820516417 6.3911555259587933 0 0 0 1.5449700395757249 16 3118 19 3059 5 1887 10 3765
1805 3.6100808140865817 -3.106863547709434 6.29996522918964 0 0 0 1.6153838442681627 7 2029 5 1893
1806 3.3958999306369266 -2.7524719502029602 6.5412524379738279 0 0 0 0.36509316762175814 18 2085 5 1955 10 1719
1807 2.9692900833093159 1.0243687271589723 7.1823394628521751 0 0 0 1.0629465353216165 1 1679 5 2123 8 3093
1809 0.54194695091058143 3.2749911087435266 6.2605818988312247 0 0 0 0.81500422788168203 18 2365 5 2230
1811 1.7293341728225138 2.3034523055021126 6.7265848041724325 0 0 0 1.4395987040878211 7 2846 5 2486 4 1142
1812 2.6584240706129014 2.668787004725603 7.5762925256782294 0 0 0 2.3928822966569849 7 2853 19 5222 5 2487
1813 2.7181363631330226 2.5877875762042066 7.5544611119796521 0 0 0 0.59704558389050011 1 1617 11 4375
1814 2.7123357051777064 2.5441125004162979 7.4824163553789464 0 0 0 1.8300918019763728 19 2987 5 2495
1815 1.591813005290299 3.9035124203097045 7.2039373817866386 0 0 0 1.6189367374676802 18 3792 5 2684
1816 1.6207430089828467 1.3686950089075152 6.5682457822210409 0 0 0 0.92283075647373503 5 2708 4 1308
1819 -1.4819911419257952 -0.31906990581109512 4.645469403476258 0 0 0 2.2656033289057893 2 960 5 2930 18 2550
1820 -0.85758785611237787 -0.62040346863156226 4.9977487522476967 0 0 0 0.83191257085152392 7 1628 4 871 3 694
1821 4.2093018625505483 -1.5328799939327873 5.5570108469664214 0 0 0 1.964923863962061 7 3755 18 3226 5 3120
1822 4.0924791896340418 -2.3395183760375713 5.5842418778191902 0 0 0 1.9524682799630513 5 3147 15 5176
1823 3.8185228110334974 -2.0724361769609363 5.5145716131591103 0 0 0 1.2055902356860759 7 4772 5 3148 18 3887
1824 3.8185228110334974 -2.0724361769609363 5.5145716131591103 0 0 0 1.2055902356860759 7 4773 5 3149 18 3886
1825 4.1475584724219896 -2.2541956224133939 5.7418850989284813 0 0 0 1.2869877945976462 18 4750 5 3153
1826 -0.8683555739996569 0.65123186482277273 5.1662026977391156 0 0 0 1.9384117110467587 7 3088 5 3461 4 999
1827 2.2188038953382887 -3.8367769387728261 7.8699403298322359 0 0 0 2.658892693639284 5 3750 8 3176 10 3592
1828 2.0153843842102011 -3.4928091389539406 8.1757723802139672 0 0 0 0.95021883200108981 19 5138 5 3774 8 3187
1829 1.5649395065718976 -3.2744200497068343 8.3538350612808348 0 0 0 1.5089666495725709 7 4485 5 3780 3 1393
1830 1.8495094530383207 -2.5973486839500257 8.4307371587295172 0 0 0 1.9312734742640731 2 2386 5 3790 12 963
1831 -0.9590588918377031 0.1022980386408352 5.0957537956713423 0 0 0 0.60682412463878166 1 10141 5 3859 4 2899
1832 -1.5685466501639518 0.083311015188551357 4.6320473821846653 0 0 0 0.26553832461324606 18 1981 5 3860
1833 -1.9224711661483371 -0.19011169817764723 4.8517401358256995 0 0 0 1.6999459778523509 7 5850 5 3866 4 2543
1835 0.077193356895932985 1.9660725566518964 4.9385522291620623 0 0 0 0.89790163015291569 7 4574 5 3882
1836 1.1608665519647592 2.9861125286147909 6.5602235938739319 0 0 0 0.84134630083258943 2 5234 18 3969
1837 0.29345842425015961 3.0636165138505183 5.8417211270940834 0 0 0 1.7636375849719692 5 3906 4 3957
1838 0.28749900482074259 3.0568101832486505 5.8047608561628863 0 0 0 1.7007217112008945 7 4593 5 3907 4 3956
1839 -1.5373980265197384 -0.25194152626137001 4.6319746677313978 0 0 0 1.7363646457386792 7 2439 5 3937 4 1544 3 1338
1843 3.467988136226889 -3.1853815880946108 6.3241245826645871 0 0 0 0.43097911742886219 16 3104 5 4111 8 2383
1845 2.6351271370937979 3.1228070006903681 7.5558313766176708 0 0 0 1.2589902624278329 1 2592 7 4441 5 4336
1846 1.8290615109159798 2.2827595693632654 6.722150834250967 0 0 0 0.55404523915011594 1 3213 5 4357 3 3001
1847 3.0948794195699794 0.76734221046986983 7.0843651131922964 0 0 0 1.4915651769723837 1 1923 5 4386 8 4910
1848 3.4769620414589917 -2.8763165385580285 6.4760750070337991 0 0 0 0.85535697633119678 7 4788 5 4390 15 8165
1849 3.224335319947726 -3.1790498884507823 6.7216716540344459 0 0 0 0.15523183124338016 5 4421 8 3516
1850 3.3778349993173253 -0.052280630361255624 6.5782319806757927 0 0 0 0.59525387316158163 7 3901 5 4426 15 4685 13 5678
1852 1.5096420796551207 4.4919895657152535 7.4828846289103099 0 0 0 1.7262497320645018 18 7489 5 4613 4 4620
1853 2.3247933955123368 4.3105274181271378 8.0104341110968083 0 0 0 2.339048159991242 7 4491 5 4637 10 8832
1854 1.54112159908783 4.1494431132107357 7.3445149849538476 0 0 0 1.9001032305836554 18 7511 5 4650 11 3796 20 8747
1855 2.6923481881265512 3.902178727601274 7.3978089185177289 0 0 0 1.8744402539831966 18 7032 5 4666
1856 1.6398204551163664 2.6463232091042461 6.8102326136288296 0 0 0 0.22893348610945444 7 7025 5 4738 15 7266
1857 1.7587176896874994 2.3575768576686889 6.6968361369599068 0 0 0 2.6863270801620858 18 7572 5 4744 4 3106
1859 3.1036711703173561 0.80796510678463007 7.0368718837908855 0 0 0 1.2450553632739749 2 5545 18 7211 5 4864
1860 2.7529116799087787 -0.44222513408430408 6.5644892475085799 0 0 0 1.0810364983874274 1 5615 2 4156 5 4910
1861 3.2897657432106326 -1.5340693337159226 6.6943229741794363 0 0 0 1.448773119745187 1 3928 5 5022 20 4463
1862 3.2897657432106326 -1.5340693337159226 6.6943229741794363 0 0 0 1.448773119745187 1 3926 5 5023 20 4466
1863 3.162253317403088 -1.9253913657008661 6.8804142501593066 0 0 0 0.74047786962434503 1 3072 15 6241
1864 3.643487353510273 -3.1653355371690006 6.2157209626819734 0 0 0 1.6577046247846543 7 6271 5 5355 10 4353
1865 3.5637473316562729 -3.8448199919722614 6.4338447812803246 0 0 0 1.0359324837344204 7 4936 5 5389
1869 -1.8698840794726981 -0.37573378967284415 4.7397867806441329 0 0 0 2.000123536218489 7 7694 5 5556 4 3827
1870 -1.6546213900804323 -0.27172583730831606 4.5612742247704086 0 0 0 1.3273871309203298 7 2420 5 5558 3 1908 10 1932
1871 -1.7552351123713172 -0.015739189943050028 4.620189544879012 0 0 0 1.617524212338175 7 5928 5 5569 4 3788
1873 -1.4137496457496173 0.5299175893714595 4.8978998746626257 0 0 0 1.4595906360383093 2 3332 5 5728 8 6354
1874 0.72765299492117563 3.181756028040172 6.3329618723631267 0 0 0 1.7600608828854547 2 4471 7 11183 5 5770
1875 1.2468261475987241 2.9768538923429992 6.6807753978671318 0 0 0 2.3387457912800897 16 7060 5 5788 11 3753 20 5870
1876 1.655606640302431 1.3211762398033711 6.7206939979946911 0 0 0 2.1494401244451868 7 5619 5 5853
1877 -2.2503590818513706 2.1384954108493615 5.026079224506657 0 0 0 2.4882780505347775 16 2210 10 3317 17 2808 5 6124
1878 3.8541751444123102 0.55747683335428744 6.0137961470367509 0 0 0 0.083303458188368637 5 6380 11 3607
1879 0.13383324278073711 0.25320768238968178 4.5389557184081459 0 0 0 0.58031253725881471 2 4531 5 6503
1880 -1.1575648128243816 2.823689299287627 4.4449901579179976 0 0 0 1.7355410075889439 18 8013 5 6588 10 7831
1882 -2.7387608160506205 2.4324780733430282 3.3759830601116372 0 0 0 2.0382346200223522 7 3169 5 7184
1883 0.65120762745273775 -3.9131137869849995 7.4345302036950045 0 0 0 0.56825396228763025 16 12021 5 7254 8 3008
1885 -0.712404893100828 0.99001947117822708 4.8438157788069756 0 0 0 2.1387427827362067 7 11750 5 7427 4 4989
1886 -1.5577029837252323 -0.34969507107703451 4.6753798944129343 0 0 0 1.3308536967641855 7 5846 5 7649 4 2508
1887 -1.814549939844617 -0.50826712898028903 4.7095936307433997 0 0 0 2.0933151558145866 7 8919 5 7653 4 8942
1888 -1.6033306486910279 -0.2294553410961668 4.5765169324762587 0 0 0 0.25642304258744192 16 4113 5 7669
1889 -1.6236417789398434 -0.014894935792940545 4.5336875780086352 0 0 0 2.1920133968949052 19 7291 5 7687 11 7595
1890 -1.7387570069141012 -0.0015788180415322259 4.6415657432607933 0 0 0 1.2190295896419341 7 8934 5 7692 4 5780
1891 -4.0983664267592257 1.5868630150978691 5.2295912435537923 0 0 0 0.59036999750064745 7 7255 5 7783
1892 -4.0983664267592257 1.5868630150978691 5.2295912435537923 0 0 0 0.59036999750064745 7 7254 5 7784
1893 -3.9317655579513322 1.6002533609842591 5.2683327408731078 0 0 0 2.3598291216554426 1 3744 5 7793 11 5287
1895 -1.925216121430255 0.18210232695566922 4.7186919693279519 0 0 0 1.5930743920903554 7 7728 5 7853 4 5803
1896 -1.8663722575276234 0.25233873396060791 4.8061624442279989 0 0 0 0.8691701164934118 7 7735 5 7864 15 5351
1897 -1.7320806613034008 0.62962452218860987 5.0322050007938204 0 0 0 0.71264390180458048 2 3340 5 7877
1898 -2.2405201996702124 2.1081652372091018 5.0249803066953511 0 0 0 2.0117471385869083 2 2023 5 7931 4 5867
1899 1.8259892863477047 -3.1854780024867688 8.404760165268824 0 0 0 2.7296750953951356 16 10395 18 7649 10 5239 11 9195
1900 1.6425265204985828 -3.2546610931497542 8.5332534373455573 0 0 0 1.1145793997471207 16 8313 5 8319
1901 1.5038629539030988 -3.2705534715210418 8.4425916187254622 0 0 0 2.0167391287999141 2 9624 19 8398 5 8327
1903 -1.5960394153988755 0.50348310121565765 4.9545064951029012 0 0 0 1.7579566126229202 7 7754 5 8568 4 5825
1904 -1.0627340459251555 2.6771992696740177 4.4524991827618035 0 0 0 0.88758111672518902 7 11626 5 8806
1905 -1.0627340459251555 2.6771992696740177 4.4524991827618035 0 0 0 0.88758111672518902 7 11623 5 8810
1906 -1.1335759405931451 2.7796843919972094 4.4573633113589972 0 0 0 0.027494897429261866 19 12858 5 8817
1907 -1.3087779873053016 2.8991103424223699 4.5164976802165278 0 0 0 1.0767654660942496 5 8828 13 7810 18 8018
1908 1.0414286720902135 4.0634336870837284 7.0576903197685965 0 0 0 0.70961629585577368 8 9798 18 11429
1909 3.4657197015092795 0.89537434711121044 6.5162274375409721 0 0 0 1.2478018777139668 18 6514 5 9836 15 6681 13 9564 14 7465
1910 3.6900120913545766 0.73476878416361291 6.2704070389914621 0 0 0 1.2791394252872266 19 11287 5 9840
1911 3.3561949480752182 0.61220724793676096 6.6423060651050863 0 0 0 1.6097843496188238 1 6407 18 12702 5 9862 13 6385
1912 2.6672568938103498 3.4056438315884008 7.5610152322901483 0 0 0 1.1947826419171415 5 10303 10 8918 2 3924
1913 2.5896261002471208 3.254638111808644 7.6621895008974779 0 0 0 0.30645181982815461 1 10955 13 3774
1914 2.7100667946864925 3.2146510523526732 7.5054574013586803 0 0 0 0.48667435718213153 2 5908 5 10311
1916 3.1259063132814688 0.84056966742151151 6.982128148606896 0 0 0 0.82666766098981792 2 5553 5 10428 11 8871
1917 3.3084950270405913 -1.5188946822029215 6.6496362892705889 0 0 0 1.4967520667989231 1 6603 5 10561 20 4482 15 6288
1919 3.5262139028524575 -2.9887094059938621 6.3681126852180743 0 0 0 1.5040730781266689 16 7253 5 10666 15 12636
1920 1.3175190580764731 4.3267346912286131 7.2715300725478427 0 0 0 1.6149506738704105 7 7837 5 10781 4 6639
1921 1.3175190580764731 4.3267346912286131 7.2715300725478427 0 0 0 1.6149506738704105 7 7838 5 10782 4 6638
1922 1.4313746505422476 4.1806755625312242 7.4351872620817536 0 0 0 0.03818849464940563 18 4009 5 10795
1924 2.8865192877396733 -2.5323770590073917 7.1835477529289742 0 0 0 1.2996726107542145 16 9392 18 7357 5 11051
1925 3.280467198280578 -2.7442347112766439 6.5507309935986493 0 0 0 0.20631757986049429 18 11695 5 11096
1926 1.2768561465370782 4.190711833558149 7.2170894827246608 0 0 0 1.8551481267257823 18 10198 5 11216 4 8236 20 12366
1927 1.4140799785075169 4.1352438289828193 7.2294175035126562 0 0 0 1.1509465119907696 18 10196 5 11219
1928 1.5894403635637981 3.7071760017100002 7.2637530931195808 0 0 0 1.1662282317716957 18 10209 5 11254 4 6377
1929 1.521235943273475 3.5400888271793978 7.1157680391382749 0 0 0 0.82114803382145407 19 8514 5 11270
1930 1.5517053634763633 2.6351470775650179 6.7072722813657748 0 0 0 2.2142817206322616 18 11340 5 11353 4 6431
1931 1.5517053634763633 2.6351470775650179 6.7072722813657748 0 0 0 2.2142817206322616 18 11338 5 11354 4 6433
1932 1.5517053634763633 2.6351470775650179 6.7072722813657748 0 0 0 2.2142817206322616 18 11339 5 11355 4 6432
1933 2.5429832237792072 -0.1113162408045328 6.6368830308617985 0 0 0 1.6457250672478851 1 11235 5 11474 13 8912
1934 2.5292267046189458 -0.10123288163809227 6.5846473607609024 0 0 0 1.2562368271969444 1 11236 5 11475 11 6524
1935 2.7798491572749109 -0.44607341564562586 6.669537190731905 0 0 0 0.81824052254966184 1 11257 5 11482
1936 -1.614430245318335 -3.7087062799687227 5.4497245204340761 0 0 0 3.1904329968526448 7 7654 5 12532 4 8917
1937 -2.0031409708132411 0.18484700311532559 4.8309526123347855 0 0 0 2.6071062072938345 7 5952 5 12590
1938 3.5447725765915878 -2.1575438669435156 6.3310142284908544 0 0 0 0.1102996019508401 19 11050 5 12997
1939 3.0374238594219189 0.61380361939613959 7.0433683189261718 0 0 0 1.7040964738555398 16 9179 5 13216 8 5171 11 8888
1941 2.6109689472507007 1.6121598161538646 7.1836869406316035 0 0 0 0.54536033091141412 1 11170 19 8132 5 13296
1942 -1.5992443552381053 -0.039910198378556819 4.5688833897173451 0 0 0 2.0288330063992497 18 5766 5 3869 2 3304 7 7714
1943 2.7030543131997962 2.4320170453294399 7.3784260995726232 0 0 0 1.0248480129397184 2 4002 7 2862 5 2160
1944 0.54014783696358448 3.2745999909293104 6.2447041747921217 0 0 0 1.7838929466512741 18 2366 5 2229 16 2505 7 2941
1945 -0.69751167004110382 -0.48483281937638861 4.9256817007731843 0 0 0 1.7567648481223928 5 6806 2 948 16 1614 3 1636 8 1643
1946 1.9291476633271916 2.1940519918188182 6.7304155798507699 0 0 0 0.95047338036044204 1 1604 5 4373 19 2996 16 4735
1947 2.014374809864095 -0.065862711484959313 6.3191885228710252 0 0 0 1.4690198799579259 7 30 5 12
1948 2.014374809864095 -0.065862711484959313 6.3191885228710252 0 0 0 1.4690198799579259 7 29 5 13
1949 2.3430628722832014 -2.5887886825831647 8.0596297703473763 0 0 0 1.7846007994693536 19 20 5 25
1950 3.8551485365265932 -1.5682079140521616 8.528506999977278 0 0 0 0.28339270258107396 18 32 5 87
1951 0.11613490813694503 2.4548279725893529 5.3351485166442618 0 0 0 0.89350682820837801 7 162 4 112
1952 -0.034234587656614246 -0.16320977137584605 4.257356881902238 0 0 0 2.018954865696994 7 150 5 183
1953 -0.15487845040217582 1.3783717481478654 4.7179377659067701 0 0 0 1.4430116984555765 5 382 3 524 4 437
1954 3.3756349442073517 -0.12803570977751672 7.1114260089834884 0 0 0 0.019427407769736414 18 482 5 420
1955 3.3756349442073517 -0.12803570977751672 7.1114260089834884 0 0 0 0.019427407769736414 18 483 5 422
1956 1.8178531050096935 2.3644469441905076 6.6805665601172386 0 0 0 0.19557453398681968 5 761 3 511
1957 -2.4703304219714788 -0.50162577316034407 5.8500455626903811 0 0 0 2.6658489465029938 5 1160 8 996 4 1021
1959 -0.026156215899685965 0.49340612988953769 4.6993389125726814 0 0 0 1.6630310194279425 18 1275 5 1540
1960 3.4114372666205806 -2.9744302437262919 6.5707818736402892 0 0 0 2.2399614680085227 16 1097 5 1958
1962 0.62960253848609338 3.1935609651865597 6.8496085302060665 0 0 0 2.8899355177774941 7 4573 5 2244
1964 -1.4286851870538577 0.072819414205143609 4.7200453723183271 0 0 0 1.8168501678168993 18 2429 5 3867 15 2899
1965 3.7221352832651067 -2.8886210096745799 5.9496308426686246 0 0 0 1.9341597945422655 7 4891 19 3070
1966 1.7732794489677763 1.4151871728635439 6.6240304374002328 0 0 0 0.089743006316723467 2 8420 4 9278
1969 3.7893143770387105 0.92299333791751936 6.0040444670120623 0 0 0 2.858786688706898 7 6669 5 6416
1970 0.13213191461767373 -0.27325714764751036 4.4491143187274025 0 0 0 1.9039271635002613 1 2135 5 6804
1971 0.085510858323954178 3.0506358126947202 5.715855473986676 0 0 0 1.5005880818937407 7 7594 4 7313
1973 2.9698890688502275 -0.17047036533582394 6.9227608890676704 0 0 0 1.022456265673459 18 11793 5 13168
1974 -1.4626217157055292 0.093187539769889999 4.7334168705565194 0 0 0 1.7113972725259134 2 8105 5 13242 15 10487
1976 -1.3664887284138862 0.80618722409887988 5.1137936390457357 0 0 0 0.71423871572125841 7 80 4 48
1977 -1.0228873022073202 0.65435007483440133 5.0858454645938531 0 0 0 1.4808917115515441 5 58 4 79
1981 -0.68682838977005056 0.69654142680668141 5.0766631323441356 0 0 0 2.1291331928006181 18 199 4 162 3 193
1982 -0.68801320253979892 0.69316267527869491 5.0687868708084718 0 0 0 1.2732102969341315 7 219 4 163 3 189
1984 0.10645737232032106 0.17270425088678965 4.5292027998544047 0 0 0 1.2571957489245285 18 134 3 124
1985 -0.88258012501033745 -0.83978443036033878 5.3083689365540856 0 0 0 2.7177297230245578 7 218 4 185 3 162
1986 -1.4766386779364946 -0.18390696920470484 4.74875907309469 0 0 0 1.1257979742842208 5 201 4 187
1988 0.91989585217882208 3.3393936880116333 6.7421923027370498 0 0 0 2.3872634041740826 18 559 4 214
1989 -1.4777664510529489 2.0963581948790764 6.7328323023571999 0 0 0 0.91006778907017782 7 201 4 217 3 199
1990 -0.43784019396868723 1.2463004044662012 4.7211727124566707 0 0 0 2.3423209053926688 5 360 7 290
1992 -2.4231636516621275 0.34342837621820266 5.3251693428923232 0 0 0 2.5761368492212093 5 252 4 243 3 239
1994 0.21915731671315708 -0.14168327280368739 4.3113908855390441 0 0 0 0.36856800124444089 7 524 3 149
1995 0.21915731671315708 -0.14168327280368739 4.3113908855390441 0 0 0 0.36856800124444089 7 525 3 148
1996 -1.6429894130830023 0.65919812380790155 5.0297683361936008 0 0 0 0.94670846427183097 7 304 4 286 3 249
1999 -1.0554443384744951 0.011060181842833942 4.9128989930289091 0 0 0 0.69809002982648793 7 460 18 205
2000 -0.84768681573423776 -1.3950426359631056 6.5204192932065492 0 0 0 2.5333432070222415 2 241 4 328 3 314
2001 1.633192278807724 -3.4406580622546472 8.3691924179653885 0 0 0 2.2109615718379074 5 610 18 762 4 339
2002 2.3317806437921478 -3.5723698332637652 7.6902449681318981 0 0 0 0.37831504833449364 7 620 18 431
2003 0.66877572069931224 2.5005399440187581 5.9417527863791504 0 0 0 1.3486434708444666 5 271 4 343
2004 -1.4741481861512726 2.1289912988276676 5.8755212319373937 0 0 0 1.7303713036438135 7 395 3 265
2005 0.044857137358700776 3.1485542592135638 5.6824393780962907 0 0 0 2.2460538136394894 7 1190 16 1976 4 416
2006 1.4020674461912337 2.7010675129450781 6.7495497788875785 0 0 0 2.3206938035668303 18 1424 4 428
2008 -0.22299973268314968 1.1058230614867062 4.7543365536263238 0 0 0 0.90734096960731458 18 926 4 434
2009 0.23932489458318243 -0.23164683499188973 4.2784087585491184 0 0 0 1.388441754752737 7 861 4 442 3 482
2011 -0.82718529887712733 -0.44625486325549157 5.0734652115761829 0 0 0 2.2193134184567138 5 570 7 943 4 477 3 308
2012 -2.3265753631802859 -0.53080874072650863 5.5307746293731812 0 0 0 2.608144340207009 7 960 4 478
2013 -1.9414262412707224 0.17432134058356916 4.8394851543352386 0 0 0 0.88584846646900239 5 645 4 492 3 393
2018 -1.3618685927516148 1.9920619791031604 6.5513752307304189 0 0 0 1.0022824012162881 5 571 4 505
2019 -0.62098040293984225 1.0298230711616083 4.6345549187414496 0 0 0 1.2556361487640004 5 389 4 506 3 439
2020 -1.0585338814286209 2.1561678918231046 6.0457895930745336 0 0 0 0.10854685909306186 7 952 3 574
2023 0.019776542180306101 0.9009569415672205 4.662625875758863 0 0 0 2.0726647377586476 2 417 4 726
2024 0.019776542180306101 0.9009569415672205 4.662625875758863 0 0 0 2.0726647377586476 2 416 4 727
2026 -0.9879800412338966 1.1671453301181487 5.2511204235677802 0 0 0 2.3629164418100133 7 1420 4 786 3 804
2027 -2.4646360874332944 0.61423625537573912 6.3055995257201447 0 0 0 0.68717959162132503 4 828 3 330
2028 -2.4646360874332944 0.61423625537573912 6.3055995257201447 0 0 0 0.68717959162132503 4 830 3 331
2029 -1.7354490912900487 0.29006888854059693 4.9785604308264331 0 0 0 0.22348914142999554 7 1474 4 852
2030 -1.3580478522455146 -0.1544463530728456 4.6143097224136476 0 0 0 0.41866127629076288 5 1167 4 859
2031 -0.99257228974816536 2.4095267261636608 4.6028745126174817 0 0 0 1.7896587738777765 5 1473 4 876 3 594
2032 0.48496786530389258 0.10627596832087498 5.3037849441023361 0 0 0 2.2277324985224816 5 964 18 672 3 536
2033 -2.1270428176589027 2.1274116675957155 5.1224773820987561 0 0 0 1.5364489936102752 7 1395 8 960 10 1085
2034 -0.95609304791254202 2.0810270872660621 6.0681258747143954 0 0 0 0.99166614840981093 5 2744 4 939
2035 -1.3926555729688066 1.864239465207886 6.64362352576146 0 0 0 0.74081537481903825 5 2752 3 1887
2036 -1.2931166959259599 1.1704943439319442 5.5180720207695524 0 0 0 2.2333653296409479 7 1733 4 971 3 1088
2037 -0.5870032305146492 0.10256827331362793 4.6915323086252965 0 0 0 1.9767362111418263 16 905 4 1003 10 1350
2038 -0.36419116862014805 0.45466360100468389 4.5774099913494553 0 0 0 1.4560980996050759 7 1681 16 908 4 1011
2039 -0.7997889460427472 0.09752762992047305 4.9005144511184877 0 0 0 1.9051915514483533 5 1550 7 1652 4 1026
2040 -0.24948410940902566 -0.25320919592653002 4.3904357503675824 0 0 0 2.4079797813223678 7 1639 4 1050 3 1273
2041 -0.059491757415590325 1.090595693877966 4.7126157015165386 0 0 0 2.6338678384342629 18 1250 4 1115
2042 -4.1672881726520297 1.5342599698902577 5.1627743409996549 0 0 0 2.176288196988081 19 2321 4 1229 11 1590
2044 0.040801804065165474 3.091406062755039 5.6069162583414958 0 0 0 1.1650012558182172 7 3675 18 2374 4 1272
2045 1.2146261052070648 2.9928536010740907 6.7263322967146824 0 0 0 2.3041656981912935 18 3817 4 1358
2046 -1.828800002825496 0.34707209310681009 4.8751851322237956 0 0 0 2.0341691356080198 5 2918 4 1525 15 1931
2047 -0.95221042976843862 0.15202838618925468 5.0408291394909712 0 0 0 1.5692644903294171 5 3858 4 1602
2048 -0.56372416811561188 -0.39301672297429358 4.7988668646463344 0 0 0 1.7013111264660405 5 3427 4 1608 3 1634
2049 -1.2863077222905128 0.20349292599899665 4.8543706347920823 0 0 0 0.22082353157814619 7 2401 4 1639
2050 -1.1162345532521523 1.0278227805652356 5.2361857920621215 0 0 0 1.3258353642141152 5 1514 4 1657 3 1573
2051 -0.75185645907083487 1.0109351604895485 4.8068404835813192 0 0 0 1.7954446175886165 5 2777 4 1668 3 1096
2052 -1.04285834133519 2.6031405487078136 4.424847189888129 0 0 0 1.2570403990801013 5 2727 4 1732
2053 -1.1047862452697168 2.6434469306500046 4.4819882526663664 0 0 0 3.1530482113275449 5 2721 4 1742
2054 -1.2665015598878486 2.7122261500769675 4.4410041796217303 0 0 0 1.3450263323308476 18 1859 4 1743
2055 -2.6226658745085034 2.353470594209178 3.3072808979842256 0 0 0 0.55875226907368658 7 1596 4 1829
2056 -0.23760045017923723 1.3873748097897129 4.7190190609752234 0 0 0 0.58616530934006306 5 973 3 1073
2058 -0.10747720078870616 -0.3295159732502555 4.2830156084659601 0 0 0 0.60406067773867655 4 2069 3 1665
2060 0.40229713803451872 1.2111549456394601 5.7177218831474512 0 0 0 1.3184616690493915 19 5953 4 2206 11 7048 10 11323
2062 -3.0376840388674373 2.2296275968604666 3.0932377024694424 0 0 0 1.6996559539644291 7 5543 4 2269
2063 -1.3743858299257006 -0.56019173601823868 4.8805845948085169 0 0 0 1.3588692407173903 2 1854 4 2492
2064 -1.7472010786304371 0.67392619386223651 5.0778092621099145 0 0 0 0.0081183119303536895 5 2898 15 875
2065 1.6972479012295341 1.4141909279783555 6.5872908453473933 0 0 0 1.1679924570669815 1 2941 5 4553 4 2610 3 1686
2066 1.694959869626653 1.4141583669240914 6.5725348348701749 0 0 0 1.060124109836402 1 2942 5 4554 4 2612
2068 -0.6269485872742695 1.5446808259850442 4.8654324076987496 0 0 0 1.1313303053095911 18 12441 3 4568
2069 -1.1887316564288721 2.6706023164358457 4.4590628321201553 0 0 0 0.58510067156729784 7 6041 4 2777 11 8982
2070 -1.1197424806587726 2.5953650134080073 4.4312494862668599 0 0 0 2.0872236234779722 19 4498 4 2792 11 5894
2071 -0.7010047555279848 1.433745409092642 4.7318878280064229 0 0 0 0.37835383990864324 5 6678 4 2830
2072 -0.48527046243891747 0.5956061069550117 4.8226786945939777 0 0 0 0.41933440342522371 4 2874 3 1184
2073 -0.58565616724308356 0.53406018235456687 4.4976592550724677 0 0 0 1.2732070384814695 7 4504 4 2886 3 1596
2074 -0.67483429859940547 0.18670483529490509 4.9691393907000672 0 0 0 0.71960367483086196 7 8883 4 2888
2075 -1.1400085222226644 -0.23508228956986332 4.6651643798357618 0 0 0 2.2918597838133836 2 1835 4 2923 3 1840
2077 1.5590091219552662 3.637780857433726 7.1373276714474079 0 0 0 0.34972463457325764 16 4551 4 3158
2078 -0.45892865656030479 0.15470467926270531 4.605067864700926 0 0 0 1.0861308324954513 16 11134 4 3262 10 12918
2080 -0.53683415237957244 0.1275392671555062 4.6390684193474696 0 0 0 0.91340209895319036 16 7549 4 3291
2081 -0.94013644031497168 2.619372814508981 4.4873465253533071 0 0 0 0.82603582398180309 1 3557 4 3424
2082 -1.28050978413078 2.910709953963762 4.4955921284694744 0 0 0 2.3990457347982175 7 8897 15 3710 4 3457
2085 0.15294457874387321 -0.19325742680902619 4.4571974313157963 0 0 0 0.26753014734825514 18 11203 4 3631
2086 -1.9577773164231136 1.9042191043060375 6.2977453269132688 0 0 0 1.6066289041219433 7 6002 4 3754
2087 -0.023484883480500564 -0.035292154175156493 4.424947567573259 0 0 0 0.28276116673603868 16 8660 4 3846
2088 -0.051512250068962949 -0.01558791461340722 4.4212202662557409 0 0 0 2.2202175100480024 1 1464 4 3865 3 2438
2089 0.29790447484730975 3.0421508804993329 5.8742071459885885 0 0 0 0.98661853007450273 5 8413 4 3952
2091 -2.9360263420493853 2.241837505177763 3.7323630981410321 0 0 0 0.83846904573705394 7 5532 18 3315 4 4145
2092 1.8209521934541477 2.2647192680276311 6.7672374644976481 0 0 0 0.21492611120055194 18 5142 4 4371
2093 1.0192991890280443 3.1629098802803877 6.5572942047915985 0 0 0 0.14515492702562771 2 5225 4 4572
2094 0.70435992283031301 4.0167711130552464 6.5411911984281454 0 0 0 1.4183899908906206 5 9761 4 4607 10 12491
2095 1.5430428544649182 2.7411469456485809 6.7234548461906467 0 0 0 0.17722995598514202 2 9531 4 4706
2097 -0.58288694007527253 0.17879950249235796 4.718520669115259 0 0 0 1.2317090094743897 18 12504 4 4950
2098 -1.1645245795207129 2.8244830570073369 4.3967144484956417 0 0 0 1.9340464173435237 5 8821 4 5073
2099 -3.8031831179086115 1.8304913885305381 4.730806828688495 0 0 0 1.0580540284215116 7 11430 4 5499
2100 -1.9351524412166476 0.17631338361742074 4.7545264963511231 0 0 0 2.0100978196582018 5 7854 7 7725 4 5802 15 5913
2101 -1.8982739363149277 0.20171750135674324 4.6800491087396203 0 0 0 0.12010533850058988 7 9484 15 5360
2102 -1.8290112243650372 0.72591919171533892 5.327589874702257 0 0 0 0.9290496252546564 5 7886 7 9483 4 5818
2103 -1.6249004241142355 0.47919949118831712 5.0199612266832636 0 0 0 2.0087095669907997 18 8472 4 5832
2104 1.0935039992535316 -2.3809194268125293 8.3872998637782636 0 0 0 0.76810668627298784 4 5899 20 11518
2105 1.1601716647860869 -2.4517712797801865 8.319334323342817 0 0 0 0.94574539275099023 3 2872 11 10460
2106 -0.22314136543061217 0.082883517601234399 4.466036238396117 0 0 0 2.2767380644145727 16 11230 4 5964
2107 -1.1295324749633942 -0.24979079325421211 4.6743575699356184 0 0 0 1.1488008691386666 16 10952 4 6132
2108 -1.1295324749633942 -0.24979079325421211 4.6743575699356184 0 0 0 1.1488008691386666 16 10991 4 6133
2110 -1.3981554621152503 0.32516578965359894 4.8891574019925157 0 0 0 2.4048453996522867 2 3604 4 6213 3 3710
2111 -1.6526398698560101 2.2835323228323969 6.1846652602890897 0 0 0 2.708179518394072 1 7430 18 13132 4 6257
2112 1.77158205732948 1.458874628755656 6.6315844388060654 0 0 0 2.6510428302856877 19 5555 4 6583
2113 1.1178744748418827 3.5549890835188815 6.7774341934585856 0 0 0 1.4060242702618335 5 9723 4 6704
2114 1.2009711430262897 3.1722573670055665 6.7119474866182181 0 0 0 1.6719968357277135 2 9480 5 9728 4 6715 13 7038 14 6566
2115 1.7835272336572823 -2.9782680804453991 8.4664628290350841 0 0 0 2.0518470833941311 1 7808 2 9613 18 7642 4 6820
2116 1.8053513132312693 -3.6639916570263402 8.3522374320826884 0 0 0 0.54926585612077727 1 5033 4 7133
2117 2.0190479142444477 -3.096368060674914 7.8856678206072015 0 0 0 0.58464105539589473 5 8317 4 7143
2118 -0.96421541858956683 2.5324002521470228 4.3974442754468734 0 0 0 1.9921619605037839 7 8520 4 7329
2119 0.624735221902881 3.9639463046438883 6.6793848321789184 0 0 0 0.56538959576943237 16 8546 4 8233
2120 -3.8175485942490224 1.5311187168405189 4.8173530934260835 0 0 0 1.8504416175315268 7 9256 4 8312
2123 -3.9490701244995381 1.5795759055924241 4.9985992632079812 0 0 0 0.32778699023756391 7 7301 4 8452
2124 -2.8503228886734333 2.2578534118257156 3.9706911828161937 0 0 0 0.156718497248654 18 8929 4 8586
2125 -1.5975787402914219 -0.44686898604317604 4.6774119934616225 0 0 0 1.2819617445764118 16 6169 17 4818 8 7107
2127 -2.1405435258223973 2.1066036954463581 5.0648799051330737 0 0 0 1.3653408348045111 2 7064 4 9043
2128 1.9661303422652308 -0.0940066168089735 6.2496002424239432 0 0 0 1.6304633734809717 5 10949 4 9245
2129 1.7250746726751141 1.346712362900115 6.6080539025309193 0 0 0 1.7295485441497196 4 9275 11 10388 20 8953
2130 -1.2010925764970251 0.93996660513129837 4.8850442500942215 0 0 0 0.19695279966874768 2 13261 5 8414
2131 -2.2040037545198876 2.0751147397178538 5.172250889716735 0 0 0 1.6597477072144213 18 11562 4 11274 8 6915
2132 -1.7455384645962371 -0.41241790704436454 4.628665468040726 0 0 0 1.7852800900705301 7 9526 4 11639 17 4815
2134 -3.7908786834624832 1.6022294639460113 5.0862833375489584 0 0 0 2.3840099610378398 7 11301 4 12752 3 4424
2135 -1.6518690758626278 -0.58747802368036139 4.8217544444803622 0 0 0 2.578284515235052 7 911 5 1107 4 721 16 463 18 965
2136 -0.42603575392170057 0.19617597871629719 4.6472057940131037 0 0 0 1.6176403032493387 4 495 19 267 2 217 18 229 3 297
2137 -1.2911274426387964 0.2422120340439339 4.8475844490138948 0 0 0 1.9682911204331781 19 2564 18 2588 4 1610 7 2395 5 2925
2138 -1.4714524530253668 0.41662842396395627 4.9372193502599417 0 0 0 1.2174626594583398 19 4394 2 8117 18 6028
2140 -1.2917737134740457 1.0304982753375664 4.9999174541677274 0 0 0 1.3131799472545982 7 302 4 173 3 184
2141 0.43394790647958414 -0.089027179506840762 4.8563927492755345 0 0 0 0.016687066392792587 7 236 4 242
2143 -0.16001433564541209 1.5058678715912415 5.0334076371050163 0 0 0 1.8278769802771215 5 221 4 431
2145 -1.2277559661665938 0.14314668610916709 4.9901174218808562 0 0 0 0.63947690386999989 7 970 4 831
2146 -0.16222295615748525 1.120783899177016 4.6161503651415554 0 0 0 0.076869957410414858 3 812 7 1717
2147 0.50220388182871245 -3.7892388302322799 6.8618441522633553 0 0 0 2.6167411363623208 5 2813 4 2109
2148 -0.14599427199719817 0.76816173794633857 4.5612392819563787 0 0 0 2.5883323844102053 16 2307 4 2220
2149 -0.040392214007659202 0.66881518158081621 4.5141254403647011 0 0 0 0.94832793015702488 4 2231 8 9505
2150 -3.9920879335664088 -3.2484316585669104 3.8763609837868462 0 0 0 1.640049009337321 19 3345 4 2617
2151 -0.58529904609201333 -0.41486117275593537 4.7786049579203205 0 0 0 2.6805326440720894 5 6798 4 2928
2152 -0.50335647877433276 0.18212957394676352 4.5188940383151932 0 0 0 0.60872741370941075 5 7478 4 3275
2153 -1.5852086507565573 2.2827362611609705 5.9459287243037204 0 0 0 0.1028629191498117 16 2745 4 3418
2154 1.895937396661673 3.5527024272386885 7.8741899077730215 0 0 0 1.0182067110470376 5 4080 4 4535
2157 2.0909458833393764 1.4683898833826772 6.8394615519349644 0 0 0 1.7522073257585302 5 11432 19 5550
2159 1.6919066509121692 -1.8273179240730932 8.2460921851429898 0 0 0 3.1838248336831998 18 82 3 39
2160 -1.0514874604022086 0.22589418844654474 4.4618330222482978 0 0 0 2.90685891367945 4 91 3 50
2161 -0.54229968917579341 1.4314511536170638 4.8231512868656594 0 0 0 2.6342121464174983 4 43 7 118 3 73
2163 -1.4618952455102805 -0.59054619568436795 4.7162196071258489 0 0 0 1.0079757890153715 2 78 4 128 3 84
2164 -5.2256214381614186 1.7959682161052684 4.6705551199020574 0 0 0 1.7282267928541981 4 118 3 92
2165 -0.20737684922379762 1.7726577932577408 4.7880543229970458 0 0 0 0.62604048986548899 7 195 3 120
2166 -2.4193462115302529 2.0448729672043107 5.4682016725107241 0 0 0 1.8084218407946229 4 149 3 123
2168 -1.1211713392306466 -1.7748792934314703 6.4519167590725983 0 0 0 0.72002105509124403 7 211 18 201
2169 -0.48733746686776885 0.30971831256623356 4.6549800704612041 0 0 0 3.1682567236757664 4 239 7 321 3 172
2170 -0.48733746686776885 0.30971831256623356 4.6549800704612041 0 0 0 3.1682567236757664 4 240 7 324 3 173
2171 0.24265579412856056 1.3487007156454329 5.2261740007846447 0 0 0 1.8998348349040981 1 148 7 182 3 178
2173 1.51577189249325 3.1829841555647485 6.9240545155070352 0 0 0 1.7057578461461713 16 150 3 196
2175 -1.6321388871921469 0.66091994171946988 4.94732244005613 0 0 0 1.6405232103357923 4 285 5 453 3 250
2176 -0.8846625374587429 1.4294087143159497 5.4628827610507589 0 0 0 2.5469074781203775 4 231 7 328 3 267
2178 -1.4976919980880441 0.46075837741734404 4.8593783064875451 0 0 0 2.5047661548417812 4 304 16 758
2179 -3.1782500768596766 2.2224476830270548 3.2238564006110253 0 0 0 1.0912271787498442 4 587 3 337
2181 1.7290106188614747 -2.6957875956780515 8.5797123962580422 0 0 0 0.34496343449092132 2 355 3 361
2184 -1.7552724319814195 -0.89857315098799839 5.2415145791769344 0 0 0 0.46694333799394772 7 309 3 436
2185 -0.67957673950595732 2.1316744325720922 6.3539285144318658 0 0 0 0.74841801265872876 7 742 3 437
2186 -1.1723089652117482 -0.65942285916844667 5.0313295891258036 0 0 0 0.081204510551258546 2 199 3 479
2187 1.6805049605777378 2.6986151000602399 6.8612894195043284 0 0 0 1.2110050374963703 4 406 3 505
2189 -1.3777498379727058 0.37370793810543168 4.9770087135318342 0 0 0 1.0281915874178227 4 500 18 412 3 532
2190 -2.4776560649485782 2.3768945154610774 3.3183265957708614 0 0 0 2.9484997072565786 4 778 3 625
2191 -0.44512009446961959 0.35636763396116455 4.6139728421305586 0 0 0 0.88619051483697986 2 810 10 1341 17 1308
2192 -1.596387422863915 0.048238784473651666 4.4204733127359352 0 0 0 1.4182112740587929 4 857 3 690
2193 -0.80061097386820557 -0.31521949948961459 4.9114994769063536 0 0 0 1.4571323272999068 5 1547 3 697
2194 -1.5435681165538611 -0.39508053003399823 4.718587992258839 0 0 0 2.724406776138796 4 1036 19 791
2195 2.6364195383349878 -2.5701188054191118 7.523610883017759 0 0 0 1.9622587302836134 3 783 20 770
2196 0.38098737614747502 0.63349214977506885 5.5218695312715136 0 0 0 2.7164209957137704 19 1215 3 798
2198 -2.2377552030462255 1.9245653898879089 5.9562695477704155 0 0 0 0.77971631018085197 5 3053 3 955
2199 -1.0552532314124354 -0.10892638037730722 4.6193862691562062 0 0 0 0.46039108870404089 5 1169 3 977
2202 -1.6211376602266514 0.54635698002565236 4.8856005480297089 0 0 0 1.541481348030354 16 1656 10 2859
2203 -1.6401148415198128 0.56123938226685899 4.8346881626869598 0 0 0 0.1810317136837537 4 1001 3 1181
2205 1.7421938706852593 2.3000190554625344 6.7335921829497991 0 0 0 1.872488512241762 5 2488 3 1253
2206 0.15459553139854298 2.6896530983271356 5.6349832311826935 0 0 0 1.4131627902867017 4 1296 7 1947 3 1269
2207 1.5034974248806598 4.0009467827391898 7.348020153968581 0 0 0 1.0154529311652827 16 4537 3 1327 8 5603
2208 0.9972779451949022 3.2273674354192039 6.583248462537215 0 0 0 0.12586086966419099 5 1463 4 1246
2209 -0.3247262525175495 0.28721740873004076 4.4836005165553212 0 0 0 0.69110688882340943 4 3195 3 1614
2210 -0.32472625251755172 0.28721740873004264 4.4836005165553026 0 0 0 0.69110688882381166 4 3198 3 1615
2211 -0.55564532260928112 0.22062759229256149 4.6393377951157149 0 0 0 1.3396230727272684 2 1793 3 1622 10 2674
2212 -0.47725231861858858 0.17359760982346389 4.5591562049581924 0 0 0 0.50660538315017822 18 6089 3 1627
2213 -0.56372416811561188 -0.3930167229742943 4.798866864646337 0 0 0 1.7013111264662661 4 1614 5 3429 3 1632
2214 -0.78057748709670982 -0.13071397725659001 4.9816938729097062 0 0 0 0.21292159454887188 7 4322 3 1666
2216 2.3191063670119005 4.148136626860575 8.1607570333350417 0 0 0 0.81751383117598109 5 2668 3 1693
2217 -2.0823173587882509 2.3466234004259445 4.8181044068115595 0 0 0 1.3553085274842358 7 6031 3 1944
2219 -0.01335690344325954 -0.044256363425601013 4.4400476968315061 0 0 0 1.3982052717541724 2 4521 3 2067
2220 1.3901458664442783 -0.42798793702881094 5.4329604103742781 0 0 0 0.69734961511129434 4 4291 7 7982 3 2143
2222 -0.24272396671163851 -0.18938046180299159 4.3403898658309732 0 0 0 3.3083234835007209 18 6119 3 2431
2223 -0.086204396570231892 0.0090630124210038 4.4946091557141319 0 0 0 0.56293789955206885 18 7888 3 2440
2224 -0.3021558248725601 -0.29167317201192361 4.5496356202596688 0 0 0 2.3897727659227916 16 7372 18 7915
2225 -0.16410355196633214 -0.28833483012060679 4.43887136960433 0 0 0 0.33493125570632054 16 4304 3 2486
2226 1.5745462182862988 1.4032857978315532 6.4128332716391627 0 0 0 1.193035061506126 4 4370 3 2804
2227 1.1601716647860869 -2.4517712797801865 8.319334323342817 0 0 0 0.94574539275099023 3 2873 11 10459
2228 1.7608398650539587 -2.8831275714415572 8.4390649075680422 0 0 0 1.7033818131340068 7 8377 20 10249 1 7807
2229 1.660255511600782 -1.6371950729509581 7.9034296717114536 0 0 0 0.91123716037921909 4 2096 7 8360
2230 1.660255511600782 -1.6371950729509581 7.9034296717114536 0 0 0 0.91123716037921909 4 2095 7 8359
2233 -2.0960505626972319 2.1532115257118241 5.0279689747038834 0 0 0 0.0022222431484870417 3 3291 4 2981
2234 1.0506479801952526 -2.2586345637850185 8.4433702764764202 0 0 0 1.218843400040039 19 8542 3 3480 8 8094
2235 1.9402478082126653 -0.11768280096825404 6.1517461105359965 0 0 0 0.083593653473306814 4 4569 3 4251
2236 -0.16454464112460584 0.054313952905550605 4.4952223808494711 0 0 0 1.7831631983562382 2 8733 3 4462
2237 -1.4756469396850767 -0.76058534276204948 4.7892869025873912 0 0 0 1.3167778694996333 1 10994 3 5614
2239 0.56100086950473216 0.034969432127908893 5.3875529620826876 0 0 0 2.6363455591006253 18 1661 3 1228 11 1776 4 2040
2240 -0.98854371524024209 0.8047824735709932 5.1087084128293139 0 0 0 1.5274901469090079 19 968 1 501 5 710 16 559 4 504 3 419
2241 -0.98854371524024209 0.8047824735709932 5.1087084128293139 0 0 0 1.5274901469090079 19 967 1 503 5 716 16 560 4 503 3 418
2242 -1.4076404283417563 1.6680833569785591 6.4620439057502823 0 0 0 2.7761293901160351 7 17 3 12
2243 0.16747952173720107 -1.4621166470533549 6.1048268218315487 0 0 0 2.6762643084352344 2 5 3 15
2244 -0.48007306887126389 2.9754014218126774 5.5881620968849912 0 0 0 2.3793794754048165 18 61 3 38
2245 -0.54026348860554763 1.4269768527553459 4.7872128726464593 0 0 0 1.7482193495919327 7 116 3 74
2246 1.8483412118539548 1.0191516424933853 8.5217067944769003 0 0 0 0.94297430712650754 4 120 3 82
2247 0.074592426004006104 2.9543264868752228 5.553085585162818 0 0 0 0.51161832733681656 16 535 18 185
2248 -3.9382342142198188 1.7623698543364055 4.6815611473282619 0 0 0 1.448188275962385 4 829 3 352
2249 -1.0727763421200234 0.054667482532222533 4.7287760440882352 0 0 0 1.0272332697825017 4 326 5 226 3 380
2250 -0.11272814725587443 1.4395225815707644 4.790205380386408 0 0 0 2.7758273003092189 7 420 3 422
2251 -0.72994339702011612 2.089362547705234 5.6381741296984407 0 0 0 1.7466713358067296 7 414 3 443
2252 1.3978630367132556 2.6250769499184887 6.7142819345892688 0 0 0 2.5238296619810621 1 628 18 1613
2253 -0.023736656870892388 0.087347360490376905 4.2963958548455787 0 0 0 2.8848335893627839 18 969 3 525
2254 0.066296748477304393 0.12068612073454192 4.767182282073934 0 0 0 1.5908139536828738 4 704 3 586
2255 -2.3928759764350547 2.4467473645780413 3.6468921213604459 0 0 0 0.25107193864327459 4 782 3 756
2256 0.6833884997500963 -0.038823123088992925 5.2810337199273825 0 0 0 0.82159727761653967 1 531 3 797
2257 -1.4823499896199432 0.16757393445212881 4.6918544262496837 0 0 0 3.4219176733463854 4 1025 3 937
2258 -0.88657559213912862 2.6546869733776561 4.4846184469991881 0 0 0 0.34335847746754466 18 1865 3 1009
2259 -1.3338088043405893 2.4224447244176663 5.7622690636173637 0 0 0 0.32264365847751053 18 2694 3 1032
2260 0.85758163373953467 3.0672681385401463 6.3372636044290118 0 0 0 3.469770841494987 1 902 3 1523
2261 1.7812107434303512 1.7823967515774444 7.0045431188027667 0 0 0 2.4724708730830502 7 4377 3 1692
2262 -2.3651996553174497 1.8327419524559947 7.3657344002199689 0 0 0 0.73165362255765942 7 2514 3 1910
2263 -1.5058591923931515 -0.094403100563385314 4.4701165870310282 0 0 0 1.6413093853720349 3 1915 8 4211
2264 -0.079931317609626101 -0.26884455343275099 4.3882067296832377 0 0 0 0.67471034464771107 2 2548 19 6540
2265 -0.44261883762278481 0.051924630462941157 5.0256717862636284 0 0 0 2.3547381160015251 7 12852 3 2591
2266 0.46705186695758383 1.3564347691462708 5.9052800070696589 0 0 0 1.9779126051967864 4 2030 3 3154
2267 -0.48299419277450029 -0.71474358423148243 4.7718271300141692 0 0 0 2.5978619496547122 2 3445 3 6132
2270 1.6795191202822284 1.2647189131809053 6.7575628159333183 0 0 0 0.3568121562215803 7 341 8 159
2271 -0.0046864031458549319 0.53725445702242669 4.5141606613497069 0 0 0 0.64685219346861822 16 203 8 228
2273 -0.41909507962986181 0.19901754507358793 4.5931975287412667 0 0 0 2.0322441310118915 16 500 8 312
2275 -1.0583562468574885 -0.25239901521241975 4.696883001308338 0 0 0 1.7959501435905778 16 465 17 573 9 461
2277 3.0631017310129467 -0.22972309755849052 6.9165579395971681 0 0 0 1.714525376977998 16 844 8 662 10 1597
2278 1.6000974570951589 -2.718215126085759 8.2645324166952037 0 0 0 1.0127728827472362 4 683 18 744
2279 1.6000974570951589 -2.718215126085759 8.2645324166952037 0 0 0 1.0127728827472362 4 684 18 745
2280 2.6974246639075186 -0.61119332917072233 6.846823725534529 0 0 0 1.3645974671024304 8 757 20 564
2281 1.6797714751292705 -1.2703785411214468 8.5294461106140584 0 0 0 1.2495190989080251 19 1224 8 762 10 1440
2282 2.7026795253943434 -0.7462895375279136 7.0628245047334719 0 0 0 0.14022547010879641 16 830 10 1444
2283 2.070562866148618 0.031684711826658975 6.3627445440893533 0 0 0 1.4352721706482605 2 610 7 1235 10 2279
2284 3.1844818775082433 2.7621934833104063 6.9046166859308169 0 0 0 0.44983140782958198 16 612 8 799
2288 -1.5399287745711359 -0.77167644373804956 4.8396073546301848 0 0 0 0.64383298500502906 16 1130 8 857
2289 -2.1253315888483617 2.0988233965850842 5.2104490607959244 0 0 0 2.4804167099106453 19 2636 8 976 17 2115
2290 -2.1200008977566762 2.0836810763928768 5.1946160479715493 0 0 0 1.8360588842848731 2 740 4 1466 8 977 17 2113
2291 3.752210681583187 1.8202709847446175 6.1868296449162807 0 0 0 1.2401884933441778 19 1171 8 978 20 2122 11 1000
2292 -1.5037163344626172 -0.47439493563528301 4.6867028164445612 0 0 0 2.6323724288226931 16 1598 18 1308
2293 2.9745405187137433 -0.13809351581203927 6.8828903699560673 0 0 0 0.794866456459703 16 854 8 1216
2294 3.4534162045088617 2.7916428632002517 6.6564773313523125 0 0 0 0.90754642623758774 16 969 8 1249
2295 1.6096776850280667 -2.3886628338958773 8.7290172209371022 0 0 0 2.5422422820130768 1 1365 18 1494 7 1481 8 1324 20 1623
2296 0.77445320126488282 -1.2652423622156306 8.1054344636845297 0 0 0 0.50736777228523866 2 1380 8 1455
2297 1.5047334022408654 -2.9309273840076848 8.5051191384709242 0 0 0 1.6756793695227061 16 2587 8 1461 10 3077
2298 1.511607997788202 -2.9318169848746751 8.5342433976695844 0 0 0 2.2960487804599041 16 2588 8 1462 10 3078 20 1385
2300 2.5903290084093205 -2.9737526462736521 7.4383748257937814 0 0 0 0.10698246124098987 16 1480 8 1567
2301 -0.36207421129087902 0.32555457557573508 4.6319672392496649 0 0 0 0.75106431406312357 18 1982 19 1710
2302 2.9832057367291172 -1.0380036008570688 7.0605837891105976 0 0 0 2.6410258001479527 16 1414 8 1647 10 3879 20 2111
2303 2.8651377590172356 -0.7747459979065594 7.133490582078891 0 0 0 1.7475758902087881 16 5131 8 1649 10 5844 17 655
2304 -0.6166865544143284 0.04172006195732713 4.6884703588367422 0 0 0 0.71921789571735295 16 1642 10 1909
2305 -0.62192045969136334 -0.37094616097375449 4.81538680108343 0 0 0 1.4895333426042245 16 1635 17 3098 10 1937
2306 -1.2474957922603607 -0.19495573484671527 4.6340418125393974 0 0 0 3.1070836161889233 2 3291 8 1847 10 2700
2307 -1.566548079763151 -0.37094981087286794 4.7191674880340209 0 0 0 1.654781335951806 16 2672 8 1855 17 1101
2308 -1.5787476909807405 -0.7682574036066242 4.8072035531349107 0 0 0 1.0805188872220206 16 2660 10 2714 17 1847
2309 -2.2885881233158001 2.0876758415503796 5.1474308826018795 0 0 0 1.8405922166748243 4 1470 5 3035
2310 -2.1485645173837562 2.0583633669532118 5.4364081228300911 0 0 0 0.65264365752024278 2 3063 8 1974
2311 2.7439942198766505 -4.1764503725769346 7.2466377032238141 0 0 0 0.38623564415538975 5 2470 8 2054
2313 -1.3869170684437178 -0.32548125801507322 4.6751057843319348 0 0 0 0.11816654654290033 18 2379 8 2654
2314 -1.3286282387268675 -0.59203023991998793 4.7853561887413596 0 0 0 1.9337065554003221 16 2668 8 2660 10 2094 17 1840 9 1978
2315 -1.5003218347384215 2.1471588896103846 6.1362416850698613 0 0 0 0.46923975953902564 2 1700 8 2716
2316 -0.39321995120063574 -0.61182951338003799 4.6379891197578287 0 0 0 1.9428044404054599 19 9925 8 2813 10 5065 2 6268 17 5994
2317 0.59518429053246003 -3.9699975626755801 7.3529283968964672 0 0 0 2.4365442429995365 19 2859 8 3013
2318 2.7019029283966614 -0.70770385809000491 7.3649096621834138 0 0 0 1.8049138100358069 8 3060 10 5276
2319 3.1337567244875375 2.2846673771490522 6.9811873562437681 0 0 0 1.0419659579793776 19 3274 8 3090 17 4685
2321 3.0915154888217966 2.5828309456592198 7.0575642913246712 0 0 0 1.6126213740015551 16 2955 8 3108 10 3179 20 4335 17 3423
2322 3.4880531816031324 2.5837370283629624 6.5869227747903922 0 0 0 2.6804932481607504 2 1960 19 3286 20 1774
2324 3.3201758900301481 2.982520079062422 6.7001307033563879 0 0 0 0.30535056897062551 16 1774 8 3127
2326 2.9727523443662109 -0.88950278384754322 7.0794099788652636 0 0 0 1.5182734175000829 16 2067 20 3869 19 4113
2327 3.114961066846258 -0.97353113847831863 6.9044665490479753 0 0 0 1.9847369122042469 19 4108 8 3301 10 5851
2328 -2.6466761250099351 -0.019232200548080024 5.5961986371636891 0 0 0 0.97201595093442239 18 8801 8 3590
2329 -2.6466761250099351 -0.019232200548080024 5.5961986371636891 0 0 0 0.97201595093442239 18 8802 8 3591
2330 3.1305299493999463 -0.25480690502873676 6.9307954856392806 0 0 0 1.046023965948635 19 3166 8 3847
2331 -1.2238286129063809 2.1888304709835635 6.1312890512987561 0 0 0 3.0078085106434571 18 6091 19 2687 8 4169
2332 -1.4655919703766358 -0.27176165275612896 4.5751004547614658 0 0 0 0.99638098787252694 16 6177 10 7966
2333 -1.0097789990270285 -0.088767735214651478 4.6009452710124963 0 0 0 1.9940537031666352 16 4301 8 4216 17 1810
2334 0.48628116160011398 1.2334799302460988 5.7958646128043272 0 0 0 1.9740110134090048 4 7029 8 4542 10 11319
2335 2.8807781750722956 3.2157988875988464 7.3055490907079106 0 0 0 2.6086325220837416 16 3160 8 4819 10 5217
2336 3.1822990290496835 2.6562777743323829 6.8954454793014026 0 0 0 1.4268620376678605 16 1849 8 4838 10 3178
2337 2.7424931425056238 -0.34552399853945975 6.7214145581813192 0 0 0 1.6305182010836865 2 1164 5 1328
2338 1.8037703249605295 -1.8426256943387154 8.5309766076720663 0 0 0 1.4867899396194868 1 13121 10 9106 11 9502 17 3678
2339 3.0667548616827092 3.1434520318328416 7.1381330957461895 0 0 0 0.98372231002615607 7 6962 8 5018
2340 2.9466297634319152 3.0086363549165007 7.2092752305866865 0 0 0 2.5357324845146354 1 2242 8 5046 10 8911 19 6953 17 5358
2341 3.1343977870348172 2.5917054154198893 6.9913454250132414 0 0 0 1.8723049938724274 16 4756 8 5077 11 6207 17 6242 19 6894 20 7523
2344 1.6292617642440894 -2.9425980755376622 8.5825930895789266 0 0 0 0.62387691510541077 16 10377 8 5286 20 4548
2345 1.0282357835675078 -2.2960204317440391 8.4291180340146781 0 0 0 1.8563421121655515 16 8299 8 5288 17 6736
2346 1.5403261992015689 -3.4034469360657895 8.3947167178391737 0 0 0 0.17648818223356999 3 3732 12 971
2347 1.6966311415222299 2.7054399316436251 6.8684989737268571 0 0 0 1.9422116792680593 2 1406 16 4495 8 5650
2348 1.985871358635894 2.206662973391007 6.854630877120333 0 0 0 1.9962410513434721 2 2434 8 5658 10 8984
2349 2.5855995767996225 -3.2405345278119575 7.5073409137558222 0 0 0 0.54742149434716048 1 3017 8 5927 10 7735
2350 1.3845298279857627 4.2267568560408231 7.2852997215446003 0 0 0 0.90520613787134618 18 7514 8 5993 20 5744
2351 -0.0011163850032777593 0.54174412270192529 4.4865876221402399 0 0 0 1.5723555231513091 2 2524 16 7610 8 6058
2353 3.3956977125181673 0.63256395049998226 6.6282570140476462 0 0 0 2.0372896185423492 2 4618 16 9596 8 6313
2354 -2.2955857570664167 2.0851947629506151 5.0694213833460546 0 0 0 0.80133941479278414 3 5648 8 6907
2356 3.4497213590182048 -2.9367518691346617 6.454234086759306 0 0 0 0.85672976013963564 16 11452 10 6263
2357 2.3575859124733314 3.6652585652872509 8.0023325437738713 0 0 0 0.88010335945783691 2 4732 18 7068 8 7156 10 10852
2358 -2.2637042666537712 2.0936229262167361 5.232588276813285 0 0 0 0.62326512611676421 2 7091 8 7468 17 6989
2359 -2.2606495961792414 2.0892008801531481 5.2280359041108921 0 0 0 1.5250884286468351 2 7090 8 7469 10 10503 17 6987
2360 1.6234769882370246 -3.2677845884761072 8.4981666457074905 0 0 0 0.95726430370380777 8 7514 11 4301
2361 1.806822797452031 -3.3042793662752383 8.5666955616257621 0 0 0 0.28208746750134589 2 9954 8 7531
2362 1.8257463557348736 -3.1205465382142519 8.4162412523681951 0 0 0 1.1859824366294862 8 7560 12 3324 20 10824
2363 3.0154769004165107 3.2730636953986645 7.1804664568039032 0 0 0 1.9808405475835984 2 3921 8 7655 9 11255
2364 2.9690003837381935 -0.9005356781747007 7.0926497710589516 0 0 0 0.87682130591119067 8 7814 17 8428
2365 3.0659732350655693 -1.1156227256413447 6.9585624818559513 0 0 0 1.5367316280941192 16 8534 19 9077 8 7819 10 10650 12 2014
2366 3.0693576673266021 -0.98466132172733423 6.9740972302023811 0 0 0 1.9837036817080302 18 7258 8 7820
2367 -1.4786736257245805 -0.10067064824050609 4.4784025973064567 0 0 0 1.5563215303752906 16 6181 8 8616 10 9553
2368 1.5229026327611794 2.6571221737128905 6.6591115751475805 0 0 0 0.11125501561542878 2 5260 8 8760
2369 -0.010262240410220896 0.58584048554010681 4.5063438107148821 0 0 0 1.8798532464051778 2 5763 8 9507
2371 2.8123001058935593 1.6650593737222454 7.3493319711635046 0 0 0 1.4208843608418646 8 11206 15 9820 5 13294
2377 1.5373336206977382 -3.0371079785612478 8.5129040305956885 0 0 0 0.99483078085038068 2 9611 8 12103
2379 -2.1515684195282407 2.1587609779233929 4.9839034583022954 0 0 0 1.923958653944446 4 11508 17 7353 9 8982
2380 -2.1871105832164583 2.1376143170565811 5.1399551138519985 0 0 0 0.69116160751888944 8 12381 10 10500 17 9147 9 6764
2381 2.3235910086713645 -1.1248112337363014 7.9031232242266105 0 0 0 1.7690878649317625 2 7306 17 7692 20 9873
2382 1.5344615365282985 -3.3160690144820406 8.3576891080640241 0 0 0 0.67645714696806836 2 9977 8 13247
2383 -0.6671771307504184 0.040313961837871358 4.7684895779817618 0 0 0 2.0534744361322979 16 94 8 109 18 78 7 73 2 50
2384 -0.6671771307504184 0.040313961837871358 4.7684895779817618 0 0 0 2.0534744361322979 16 92 8 112 2 53 18 79 7 72
2385 2.5993837077674882 2.073803378737046 7.2978032135039719 0 0 0 0.31599209795809147 19 82 8 76
2386 2.4583613903666084 -4.272732255327595 7.5243185790592761 0 0 0 1.3591135802443928 7 214 8 104
2387 2.7706275160604372 1.2685598828657869 7.4154927621273385 0 0 0 1.2935908434436749 2 136 8 161
2388 2.3422725969648428 -3.5954420862725951 7.7645993030945997 0 0 0 2.0088097080188039 19 355 8 255
2389 1.6438334405664101 -3.2560023690711293 8.6469626499440544 0 0 0 0.4923895755817298 1 338 19 544
2390 2.7010093398875576 -0.060188594300622504 6.94154914857151 0 0 0 1.5243997900175399 2 337 7 353
2391 3.0330464559186554 1.541160778766403 7.3196765742624095 0 0 0 0.51794704502335742 2 164 11 177
2392 3.0315175094783431 1.551217258893105 7.3494547395093139 0 0 0 2.0626115918617978 16 343 8 491 11 176
2393 -3.7880182701366856 1.6776313419690634 5.2559836453786906 0 0 0 1.1188693363634763 8 581 10 515
2394 2.7644454763555797 -0.49449988171845566 6.4166093081366968 0 0 0 1.9491980656303389 16 837 8 675
2395 2.8893123197479191 3.0211406277430775 7.2830887318051163 0 0 0 1.23283984803221 19 616 11 774 20 997
2396 -1.7735501033993739 2.2386461247395353 5.1392732847230267 0 0 0 0.13378838961438111 16 1995 8 1365
2397 3.2158336003460692 -3.2766159249626741 6.7598176471940308 0 0 0 1.029230528376321 7 4725 8 1573
2398 -0.40977854543372705 0.31923989153182719 4.6010988101162464 0 0 0 0.48458387541736003 2 985 17 1776
2399 -0.86279992026827923 -0.65381795779681418 4.9398561658516567 0 0 0 2.5413268186091691 18 2516 8 1848
2400 3.3365333379925053 2.1275969513071806 6.7101655398235138 0 0 0 0.68706818750439891 19 3263 9 2463
2401 0.99682128904414302 3.0552813904597258 6.5675523840058512 0 0 0 0.46381175778232875 2 2450 8 4561
2402 3.0464005014340607 0.84921360810160551 7.0530695933079199 0 0 0 1.8176017068781085 5 10434 8 5170 13 6454
2403 1.07803760363037 -2.4054867955484269 8.4035781492373811 0 0 0 2.2841471556793529 2 5860 17 7568 19 8545
2404 1.602918315039622 3.2345759355849486 7.180373801147927 0 0 0 0.62918286979524218 18 7543 8 5639
2406 3.4865149178699104 2.6481091755858208 6.4693898244684638 0 0 0 2.3773718631982335 2 4964 8 7229 10 12111
2409 -2.2618309254871121 2.0258515908004608 5.4779408739124396 0 0 0 1.5542738334160506 8 2542 10 7268 20 7000 17 2787 9 2765
2410 0.93219139734218071 -1.3130322092238029 8.3685055406291191 0 0 0 0.78738852307051133 10 124 17 54
2411 2.203764805649409 -3.7381899430267516 8.0602034236197131 0 0 0 1.1172691862780209 2 198 10 239
2412 1.6397226289207401 -3.1868508426898146 8.4806314046224323 0 0 0 1.4100672396283802 8 353 10 284
2413 2.7875764343338432 -0.85913386381905832 7.242026668359224 0 0 0 1.281931426513669 11 164 20 84
2414 2.2252871084739616 -1.0872322898721525 7.9408293255579228 0 0 0 0.75879737373038192 10 345 9 194
2415 -0.80492841380783364 -0.45807325360043233 5.0303464355701122 0 0 0 0.94775343760667341 8 480 10 380
2417 -0.9773808378561315 0.80982956117201021 5.1053497500330716 0 0 0 1.3665148813019059 2 272 10 519 18 404
2418 2.5368901175626406 1.9580344131295313 7.4845572866224925 0 0 0 0.75784511077138927 8 476 10 738
2421 -1.233753661125119 -0.49455135506011888 4.7943964328174564 0 0 0 1.2192869394319092 8 830 10 861 17 759 9 1082
2422 -1.2349251026261681 -0.49388245112396373 4.7934971405061884 0 0 0 0.49444173791838758 8 831 10 863 17 761
2423 -1.2593223791896799 2.2707976673490786 5.2196681069917616 0 0 0 0.40568508146381344 2 1045 10 1162
2424 3.1656445855861186 -0.70718017339756567 6.8740560616358017 0 0 0 1.2282257862741401 19 1449 10 1223 20 1073
2425 3.510488070469723 -3.1465400790958906 6.3649582048740738 0 0 0 1.8569644221522335 16 1498 10 1271
2426 3.0896760347683809 -3.7204871069547059 6.8905768240377379 0 0 0 0.70997811724292315 16 1095 10 1287
2428 1.7125743983235056 -1.2667952212137132 8.6066210580317613 0 0 0 0.57518904504500712 10 1439 17 430
2431 2.6055005938726286 -3.1780749084835174 7.4338889760040168 0 0 0 1.3314875209971884 4 1075 5 3765 8 1054
2432 -1.5698967326733664 -0.37390381483881402 4.639866232251193 0 0 0 0.74551201173498371 10 1942 9 1098
2433 -1.6177392631655887 -0.26578474176913203 4.557987435911671 0 0 0 1.6611108450688949 16 2804 10 1953 17 1232
2434 -1.6169680633105086 -0.26668845692774468 4.5538181043053774 0 0 0 1.535891342512937 16 2805 10 1968 17 1229 9 1112
2436 -0.70247785976825483 0.80234074954248413 4.9397873737959692 0 0 0 0.12937238216412086 2 1002 10 2211
2438 1.6354464506371056 1.3603079895547838 6.6463228639369651 0 0 0 2.5326432303705788 7 1923 8 1406
2439 -2.2641492759195985 2.130798895371703 5.0812753405863313 0 0 0 1.0869271259876161 8 1842 10 2355 11 5186 17 2243 9 1209
2440 -1.1731909795986206 -0.75294320752385735 4.9288438447529579 0 0 0 2.0907630246622606 8 2649 16 2344 10 2711
2442 -1.6694485358114803 2.2532106238547303 6.2767362967355886 0 0 0 0.33600022450965505 2 3358 8 4275
2444 2.7176993347172878 4.3670717729652671 7.5663336063167517 0 0 0 1.4392482589415962 5 3686 10 2994 17 3310
2445 1.5645409038281486 -3.378422345709132 8.4181380157246704 0 0 0 1.1059294283154588 3 1422 7 3022 10 3034 11 1817
2446 1.4716619717585104 -3.2582663013410418 8.356465932542525 0 0 0 1.4958979642626626 2 4762 10 3060 17 2551
2447 2.2202147464425206 -0.94803270239824067 8.0026400667754256 0 0 0 2.0578213478514793 16 2605 19 2966 10 3107
2449 -3.8676896829642637 1.619320042480765 5.2261554285402072 0 0 0 1.8493598763249164 8 3422 10 3371 17 2581
2450 2.1514574414393315 -3.9032195130402858 8.0216539100796389 0 0 0 0.61027616056190181 19 5124 10 3545
2451 3.4310629718553156 -2.7063965101750163 6.5264999318424488 0 0 0 2.2781660379725568 16 3083 10 3733 15 3634
2452 2.9320715014480436 -0.79519189304677096 7.143292019991577 0 0 0 2.1067095038059045 10 3889 20 3862
2458 -2.2060071930736265 2.0225363035673176 5.5372090151841329 0 0 0 1.1161725499022899 10 4766 17 2794 20 5024 9 2752
2459 -2.2082012114230416 2.0148247939894857 5.5261390740219909 0 0 0 1.9401838245001752 16 6504 10 4768 9 2753
2460 -0.93845034015146822 2.2340591223756112 6.1555814394240773 0 0 0 1.168368504290163 16 7701 10 4954
2462 1.4757193382996536 3.9575269072123405 7.242059521809094 0 0 0 1.7698016900264975 3 1328 10 5139
2464 1.756357887590148 -2.9745815279321408 8.640843889861479 0 0 0 2.6145525453348748 4 8348 10 5255
2465 3.3103239820681525 3.1753020692038589 6.7896000481570171 0 0 0 0.18781372930065518 16 3522 20 2909
2466 2.8772076711410697 3.7791138898836021 7.3936232054144924 0 0 0 1.283019691740793 8 4754 10 5453 17 5356
2468 3.7072629705156781 3.4707198427432462 6.2733179381883435 0 0 0 1.2737768796804283 7 4144 10 5474 9 4531
2470 3.2164949082458332 -2.8997623881469492 6.7558736382991942 0 0 0 1.4214381957341802 5 5314 10 5715 15 8187
2471 2.8634875158307267 -0.7705381646506636 7.1372351132314078 0 0 0 2.348192456557201 8 1650 10 5843 17 652 9 830
2472 2.8164442200452493 -0.73660981039773366 6.8900932703220485 0 0 0 0.68834051298288834 8 1674 10 5852
2473 3.7110250658462687 2.9519281582685193 6.2665128295866346 0 0 0 1.1057434029240936 16 5544 18 4209 10 6015
2475 -2.1667061786204624 2.0501884404763464 5.4234242147494074 0 0 0 2.313448152712128 16 6525 10 7554 17 2788
2476 2.9975403970200132 -0.94845262302694244 7.0738331162196291 0 0 0 0.43002102188722025 16 5120 10 7560
2477 2.9953765320215697 -0.94706893149370419 7.0704593767648474 0 0 0 1.6058821959884118 19 6334 10 7562 11 6579 20 6906
2478 -0.22067440882698158 -1.2737583969713568 7.1223855231404007 0 0 0 0.66997107326287586 8 8900 10 8439
2479 -0.32292824528286068 -0.30187826082580704 4.5895226175880541 0 0 0 0.69280453631561922 2 3476 10 8507
2480 0.019422158874230863 0.27321072688534909 4.4521391047844494 0 0 0 0.98934591008613149 8 4532 17 5930
2481 2.3509990893491297 3.7304995751532619 7.9805039165253566 0 0 0 0.17132113663723006 5 4701 10 8618
2483 3.5618702255092964 4.0715127879494997 6.4367818941541266 0 0 0 1.7094989703377508 7 3484 18 4293 10 8797
2484 3.7589923427791221 3.3614857696661367 6.2017326227759737 0 0 0 0.87301194109496616 7 6339 10 8822
2485 3.0650043246911491 2.6261078240905493 7.0923419951415427 0 0 0 2.1140043666575696 16 7436 10 8930 17 6229
2486 3.0650043246911491 2.6261078240905493 7.0923419951415427 0 0 0 2.1140043666575696 16 7437 10 8931 17 6228
2487 3.1137176336298982 2.5984979305483793 7.0204645674991735 0 0 0 0.57265221141703193 8 4988 10 8950 17 6240
2488 1.7948619355080218 1.3804572665444952 6.6179251070298077 0 0 0 0.16749367473106272 18 3940 10 9015
2489 2.0640886048823508 -3.1615334075623509 8.1366572601710665 0 0 0 0.028858156227092785 2 5396 10 9119
2490 1.7084194050151862 -3.2547931688817258 8.4810622611397761 0 0 0 0.15341297360176312 2 9735 12 5559
2491 -2.1637295192210133 2.1528493331456269 5.0033074453663149 0 0 0 0.33135290635421843 10 9316 11 12115
2492 -2.1637295192210133 2.1528493331456269 5.0033074453663149 0 0 0 0.33135290635421843 10 9317 11 12114
2493 -1.0919759914849256 0.52635159696932943 4.9379177999434285 0 0 0 2.0008057072223626 16 10912 19 10663 10 9623
2494 -1.3050385306816534 2.0183472327474639 6.6485967079926764 0 0 0 1.9959172163430798 4 9693 16 10881 10 10374
2495 -1.6447020174704252 -0.31605733025431265 4.5737907355234837 0 0 0 2.0688202737466517 10 10428 17 4940 9 2351
2496 -2.2581827081459656 2.0828788614180689 5.2252209118658044 0 0 0 1.315339817578802 8 7471 10 10504 17 6988 9 6779
2497 -2.2379100047704612 2.0884801492190253 5.2587590816114824 0 0 0 0.91223327121064079 2 7979 10 10518 9 8992
2498 1.8650062099893281 2.2639765617910781 6.692110560243945 0 0 0 1.4140004004292752 10 10854 11 4358 1 2636
2500 -1.3129023600650469 0.63534169010581698 4.8811362088999184 0 0 0 1.951332402347365 1 7221 16 8764 10 10947
2501 -0.29617017690762026 0.14810558120248857 4.5826648340037286 0 0 0 2.1121324503017687 2 1811 10 11360
2502 3.5815865281812198 3.9581729964377703 6.4446922371539266 0 0 0 1.5925031149002542 7 6264 18 9642 10 12067
2503 -3.816998814013306 1.6391565851697105 5.1427722408936383 0 0 0 0.66181105776974025 10 12335 17 6407
2504 1.7521939433727436 -3.2428192108937037 8.4553691649450595 0 0 0 1.7469078635294111 2 9604 8 7429 10 12421 17 6627 9 6428
2506 0.5783843796150927 4.0144657524092304 6.6077549102850126 0 0 0 1.8596493423737823 18 9750 10 12480
2507 2.8189427961473403 3.0903880608405037 7.397051796759829 0 0 0 1.8834456676895837 2 1957 1 1575 10 5407 19 3297 16 3156 20 4325 17 3288
2508 3.0866998889107569 0.84837583330345656 7.0180993648760817 0 0 0 1.2891794485810293 2 5557 1 5277 10 9027 16 9169 5 10407 8 5166 11 6421 17 6173 12 4148
2509 2.7706539923251974 3.8221504545244325 7.4994758299070057 0 0 0 2.0754510607991503 16 4819 7 5754 10 5463 8 2994 18 5218 17 5179
2510 3.1636257205372522 -0.008982090536820829 6.9020726608905703 0 0 0 2.3850057217963925 2 1176 10 1584 16 3388 18 3076 17 1989
2511 2.8240178057945444 -0.48672792633897566 6.6039437049212788 0 0 0 1.7232522123409617 2 1163 10 3907 18 733 7 1014 5 1028
2512 2.7069706834439531 1.8432201269978765 7.3939108003881779 0 0 0 0.54631205665586835 19 434 5 362 11 395
2513 -0.81983323184887635 0.91971816660392158 4.9457539460068123 0 0 0 1.8520612718959479 16 1682 3 1099 10 1841 18 2590 7 3051
2515 -2.1115301023109296 2.1758738950285346 5.010801209455388 0 0 0 1.5843267409183266 8 2568 19 7633 16 3979 2 2067 10 2810 17 2799 9 1516
2517 1.7155891635402496 -1.8559568711226244 8.4244910194699614 0 0 0 1.9618319686398673 7 70 10 70
2518 -2.4472996578038835 -0.37940762099623626 5.7513065342767389 0 0 0 0.054327309403941676 4 245 5 314
2519 -1.1781602647607261 -0.073952981357553002 4.6130260925218582 0 0 0 3.5064462790161812 7 1451 10 842
2520 -1.2889362777971871 -0.43167457594691722 4.7172449796240734 0 0 0 0.97589068566482884 8 832 10 852
2521 -1.0820264432146554 -0.4558172705521647 4.7755746229072535 0 0 0 2.5225469175497723 8 829 10 1382
2522 1.4551932768511717 -1.7644296842899072 8.8180990196463007 0 0 0 0.46013100487125214 8 765 10 1438
2523 3.7075610132890007 -3.2131763276916914 6.1355934548576352 0 0 0 1.8058303794092188 16 3556 10 1741
2524 -1.5531826043021388 2.2066554347535257 6.5226617255260102 0 0 0 1.4207316568308519 2 1704 16 4184
2525 1.24249898621192 -3.032239688911603 8.3840011738421119 0 0 0 1.9004254414186874 4 2255 10 5241 3 2099
2526 3.3330244919472487 2.8973888607306155 6.7251592335380366 0 0 0 0.90175233283797196 8 3120 10 5434
2528 3.4552612708987884 -2.6136237402975389 6.423399430440317 0 0 0 0.81432210111507819 2 9697 10 7206
2531 3.7925027857727827 3.2984482901505379 6.2031073533508012 0 0 0 2.1365560160534285 18 6246 10 9714
2532 2.7275839402095765 3.9863911556248448 7.5553742020615937 0 0 0 0.58993016109667451 8 5582 20 8717
2534 1.7433078240685747 -3.2590535050588136 8.540213343653182 0 0 0 0.71815348269459056 2 9873 8 12092
2535 1.8522024676268245 -3.5974878249368416 8.393941953456844 0 0 0 0.79492171743286644 8 12063 10 12450
2543 2.9149632095076816 0.22464841601537267 7.0863287368811978 0 0 0 0.78635187209371327 19 125 20 165
2544 -1.1614372418458059 -1.8778251886409933 6.8718896151933428 0 0 0 0.28884619349578705 10 101 16 119 11 166
2545 -0.34574224703792167 -1.3341338290834817 7.1973031738524291 0 0 0 1.6679384990081008 16 185 11 254 20 286
2547 2.7608799046546588 3.2833925646357547 7.5178250827149897 0 0 0 1.4201757076178139 19 339 11 330 20 399
2548 3.0862857134588686 -0.38379171547844265 6.9661814518347471 0 0 0 2.6905023420494452 19 400 20 375
2551 3.0189262748596772 0.67793396940596218 6.9479400346604301 0 0 0 1.6719856878267472 19 415 11 416 20 584
2552 2.7216313134069208 1.069247265191307 7.4521397862475016 0 0 0 1.3630191277037544 19 413 11 417 20 574
2554 1.386087495112688 3.0266654522422227 6.8345052314096408 0 0 0 1.2910372399368839 19 661 20 989
2555 -1.0035194695454392 -0.054757198974645677 4.5387996447656986 0 0 0 2.2283374105213962 19 1063 11 594 20 780
2557 -1.4909179897837064 -0.37995600147211317 4.6437800072872539 0 0 0 2.0702209744925804 19 792 11 610 20 783
2558 -1.8135433472197735 -0.45895435716679811 4.6608885295268223 0 0 0 1.1989633581291714 19 926 11 744 20 441
2560 2.8893123197479196 3.0211406277430779 7.2830887318051163 0 0 0 1.23283984803221 19 820 11 772 20 996
2561 3.1942947482988906 2.7492693632624325 6.900925707313105 0 0 0 1.0449992692754499 19 1174 11 793 20 1317 17 1184
2562 3.4382664354949282 2.8266500716501688 6.6836863540564178 0 0 0 1.3833197649520657 19 1202 11 979 20 1312
2563 3.4382664354949282 2.8266500716501688 6.6836863540564178 0 0 0 1.3833197649520657 19 1204 11 980 20 1311
2564 3.2217559933120339 2.5832464899103154 6.8670901752354077 0 0 0 1.8830446919875341 19 1176 11 994 20 1335
2565 -1.4898541852356766 0.49115758760837802 4.881986603046375 0 0 0 0.61655763314607859 1 794 11 1056
2566 2.7095930668006249 -0.64237248917628365 6.8621047529204562 0 0 0 0.0052630458003940384 16 1409 11 1061
2569 2.0930548672842066 -3.004261000431439 8.165010277392815 0 0 0 1.7791345372223262 7 1861 11 1093
2570 -1.0928515970783275 -0.17999966436803183 4.6850952984221328 0 0 0 1.4362430634097563 19 940 11 1122
2571 -1.2043927047760508 -0.066601477634071926 4.5895869991776106 0 0 0 0.17370802671280072 1 797 11 1131
2575 1.9082105595721424 -0.074022881732754661 6.2610542925891988 0 0 0 2.2163843373414802 19 683 11 1229 20 1391
2576 3.8327763156419556 1.1353587465739259 6.0633675021234996 0 0 0 1.446990900408937 8 3381 11 1367 20 4084
2577 2.7573820631821944 -0.33446133667560196 6.7892372176145486 0 0 0 0.59008362580986562 18 1660 19 1497
2578 2.4640490010930827 3.0441126007359665 7.8863336945934561 0 0 0 0.94367907697932207 5 888 11 1737
2579 1.7317684863955092 2.3646757188639262 6.6472249996649664 0 0 0 2.4768593027265511 19 1283 11 1756
2580 0.74532067764872389 -0.076478568888779616 5.2903549025614289 0 0 0 2.5891765419072192 19 1326 11 1781
2582 3.4256999274837621 2.2657106708993933 6.6358837862126094 0 0 0 1.6479086679476527 19 1806 11 1840 20 2946
2583 3.0236106444674875 2.5528402853561287 7.1469588479204003 0 0 0 0.69459393738680786 19 1807 11 1842 20 1754
2584 3.5405727711001469 2.0484113814168889 6.4683066096905026 0 0 0 0.11345968183740548 16 1712 10 4026
2585 -1.3261174055213913 -0.51439564710586105 4.704752242396312 0 0 0 1.6860592845755555 19 2524 11 1939 20 2036
2586 -1.4115296059795346 -0.45288947358058329 4.7186770691448725 0 0 0 0.93307383853720793 19 2519 20 2045
2587 1.6284191390599907 3.3365381469731181 7.091098597035951 0 0 0 2.181041441755589 8 5643 19 5255 11 2119
2588 -2.0584309832654859 2.1438093602065025 5.0578218509771551 0 0 0 2.9741459862287476 4 2973 11 2304
2589 0.89459464114085108 -0.075883101500843125 5.5688995348015906 0 0 0 1.4606842830609708 19 2871 11 2341
2591 -1.4347736524806554 -0.035009690749453676 4.6361805820742443 0 0 0 1.4437445104172784 1 1447 20 2716
2592 -1.3296661227264743 0.36135346956928599 4.8810894927336799 0 0 0 1.5731327580137779 1 1942 11 2500 20 4982
2593 2.2065819305496923 1.4599292530426526 6.9977851470947741 0 0 0 0.029304184889650878 2 2421 11 2637
2595 2.6462246975373489 2.3119597434503825 7.2375257824814669 0 0 0 1.7200906972547336 19 5212 11 2658 20 4394
2596 1.9195213268998359 2.3248488996186194 6.7497384476264699 0 0 0 1.2630394748871376 19 5208 11 2660
2597 1.9195213268998359 2.3248488996186194 6.7497384476264699 0 0 0 1.2630394748871376 19 5210 11 2661
2598 1.9195213268998359 2.3248488996186194 6.7497384476264699 0 0 0 1.2630394748871376 19 5211 11 2662
2599 2.69293543846659 3.1073915546698241 7.5480744000589297 0 0 0 1.0432359182119015 16 4771 11 2681 20 4345
2601 3.096938243982966 0.56291949502336702 6.9800635367748622 0 0 0 0.87914059138868972 5 2130 11 3279 13 2607
2602 3.3191998648597378 1.4481659942503304 6.7181429984300243 0 0 0 1.7632802037621182 16 3436 11 3318 13 1705
2603 3.7648408539585261 1.6829056034685539 6.1724304626030602 0 0 0 2.2345730568677702 19 2063 11 3332 20 3483 17 4650
2604 3.3718946929777496 2.1498201329247797 6.6828745023656344 0 0 0 0.93786520934796713 8 3118 11 3337 20 4329 13 1205
2605 3.393730551651688 2.0235183854981846 6.6576874155307175 0 0 0 1.3244493975512279 8 3095 11 3350 20 2954
2606 3.2764389620549368 3.0930689695299578 6.8163609529777238 0 0 0 0.42853610963792577 8 4812 11 3381
2607 1.5298858503462702 2.8324931274051788 6.8253620578435905 0 0 0 1.1647419182646777 19 5483 11 3650 20 12742
2610 1.1977478050099957 3.0102835124636536 6.6983906265147279 0 0 0 1.3489114382722247 2 1444 11 4271 16 4507
2611 1.610905317532719 -3.287169412717827 8.5635668054382688 0 0 0 1.5310783301006932 18 4438 11 4300
2612 1.6703339839671263 -2.7179229773129818 8.5943422704573642 0 0 0 1.9520024344548323 11 4302 19 5611 12 1886 2 4789
2615 2.0818066930297934 1.4564481098807474 6.8476881309755049 0 0 0 1.5791195604136368 16 11319 18 9911 11 4342 20 12586
2616 2.6230258003438558 3.1268427154778466 7.6246503577833629 0 0 0 1.8322731343460485 16 4763 18 5179 11 4385
2617 2.6583935828412062 3.1147728163477488 7.5983883191766024 0 0 0 0.51960862532993068 18 5173 11 4399
2618 2.6465599759098941 3.1344378575534853 7.593181780283258 0 0 0 1.3718857301486875 1 2590 20 4342
2619 0.39000030081641646 1.2335817728726672 5.7115738389134583 0 0 0 0.60420211604844676 10 5117 11 4436 20 3700
2620 -1.584618400194165 -0.41779631903363312 4.7345406802982914 0 0 0 2.0625710255647682 19 4340 11 4777 20 9086
2621 3.1287777868970306 -1.1430643974846884 6.844866670931645 0 0 0 1.9497195808638541 11 4860 20 4269 19 6302
2623 3.4503422604763512 1.7683923248088473 6.5559729102488484 0 0 0 1.1138253599783126 16 6472 11 5025 14 4211
2624 3.751209951126246 1.7427179132368416 6.2246591492787315 0 0 0 0.77423676729668867 19 3723 11 5049
2629 -0.25140883688971766 -1.4236254911772366 7.199134609314962 0 0 0 1.0190031111997344 10 5052 11 6079
2630 3.3830173596594619 2.8093769088761857 6.7769660007687698 0 0 0 2.9807627728169148 19 3853 11 6169 20 9633
2631 3.8262168618110808 1.8774099717779857 6.1077767120097279 0 0 0 1.9013765097772375 19 8107 11 6220 20 6760
2632 3.7424448475468002 1.8829426001122775 6.2016517598849425 0 0 0 0.32936821053886967 16 6425 20 9397
2633 3.0813378287806765 2.2951114232301557 7.0602757894066182 0 0 0 1.2060676614987733 19 6822 11 6275 20 7558
2634 3.4815469624595887 1.5121333084361281 6.5150764066950293 0 0 0 0.56667746732759128 8 7316 11 6305 14 4210
2635 3.3676048096872777 1.559953641709938 6.6668777212158137 0 0 0 1.1381475262854177 8 5102 11 6323 20 7582 13 6452
2636 3.359182335705146 1.5120027360145434 6.6803869653783599 0 0 0 2.0435602945117828 16 6490 11 6336 17 6234
2637 3.0954689659502894 0.5498548877800109 6.9946709962506137 0 0 0 1.1137075580411173 19 9143 11 6450 20 7675
2638 3.3951939734860659 -0.57373193848383508 6.5730805398785623 0 0 0 1.0468750614428393 10 7512 19 6357 11 6537
2640 3.1512940995337377 -0.63864503178296195 6.9874945211349742 0 0 0 0.4540611844059016 19 9104 20 4212
2641 2.9962518650655725 -0.94783018557086218 7.0679471180481075 0 0 0 1.4288031161252113 10 7561 11 6580 20 6908
2642 3.0238042461808616 -1.1034740153973581 7.0241415711859982 0 0 0 1.4044502400390084 10 7553 11 6582 20 6606 1 10391
2643 3.0809519910413563 -1.050979660961207 6.9743783240680912 0 0 0 1.3453343245478289 2 8895 11 6584 15 12164
2644 1.9535613663710074 2.3467144042034866 6.8080789182840631 0 0 0 1.2233704472722418 19 5518 20 2315
2645 2.625375409204552 2.2221222258994779 7.2062259292630255 0 0 0 1.0170602333271719 19 5525 11 7413 20 7611
2646 2.625375409204552 2.2221222258994779 7.2062259292630255 0 0 0 1.0170602333271719 19 5524 11 7414 20 7610
2648 2.3091776549736611 1.8882842502650821 7.2772099414785592 0 0 0 1.8611020439468842 16 11322 18 5120
2649 1.9402478082126631 -0.11768280096825322 6.1517461105359912 0 0 0 0.083593653473412202 3 4252 4 4617
2650 1.2437399087604324 4.1942030443481642 7.2548547086223119 0 0 0 0.14488222046707366 11 7820 20 8567
2651 1.5738234075604978 3.5900491989916499 7.134469776583785 0 0 0 0.79311813177045465 19 5426 11 7834 20 12941
2653 -1.2918218715062288 0.63217191135459627 4.8497017424195397 0 0 0 1.7992836584643357 19 10681 11 8102 20 11129
2654 -1.2918218715062288 0.63217191135459627 4.8497017424195397 0 0 0 1.7992836584643357 19 10680 11 8107 20 11130
2655 -1.3736763549612814 0.60925115273392327 4.8437911945879373 0 0 0 2.1569795108458401 19 11789 11 8120
2656 2.80969777693528 -2.0162839089880555 7.3481786287858597 0 0 0 1.5832224995965625 2 5151 16 9344
2657 3.4666424220096066 0.89268119632822074 6.5188389330197207 0 0 0 2.0165311797285068 5 9834 11 8564 20 9264 13 9563 15 6680
2658 2.7673349266392946 -0.20156684394004346 6.729799019510696 0 0 0 0.67482498563165694 11 8916 20 7685
2659 -2.2376222062350584 2.1122865218331994 5.1028530148036708 0 0 0 0.94613808907861774 19 10617 11 9025 20 9998
2660 -1.1639415617864612 0.166608957540678 4.9267558767085049 0 0 0 0.92928087751482946 1 7313 19 10732 11 9308
2661 2.5311382156811666 2.3397793889937462 7.2705251895857419 0 0 0 0.2469408130680307 16 10281 11 9463
2662 2.5543979731595163 2.2660268017432688 7.2189438889724533 0 0 0 1.946568655862265 8 5111 11 9468 20 11447
2664 -4.0933641277057076 1.6046493954904288 5.288764677181117 0 0 0 2.7042104259287441 19 9728 11 9874 20 12321
2665 -4.4332569644221405 1.4666703628676907 5.0088455510549581 0 0 0 2.1993924798881843 19 6213 11 9876 20 12326
2667 -1.4386134587337136 0.090447345255567829 4.7123517847744605 0 0 0 1.1257978222866962 1 6795 11 12244
2668 -1.472779036503167 0.49435144774538897 4.9168606828711789 0 0 0 0.076710988348145534 1 6882 11 12266
2669 -1.4755034855800013 0.65171890040539715 4.8659845669548556 0 0 0 0.61831047632989367 1 3849 11 12293
2670 2.8257718504223419 -1.0822679316075163 7.3184547826826272 0 0 0 2.2075904145100727 16 1063 2 629 19 1069 7 1981 11 1072
2671 1.8922083756012806 2.3066507538500542 6.7012399273657142 0 0 0 2.1016099984208565 16 11280 7 12070 1 5836 4 4391 11 7419 2 7281
2672 2.6074324605960668 -3.1022537741259222 7.506691962640974 0 0 0 1.2577989670964591 2 1488 11 2745 8 2132 10 1743
2673 2.7723893440150724 1.2128503642509163 7.4978855972429503 0 0 0 1.4758511472871643 1 127 11 125 5 164 20 103
2675 -1.72332277369755 -2.0537135490838034 6.5005641094042179 0 0 0 1.0096403106940186 16 4 11 4
2677 -1.1861668590987153 0.40977217129521598 4.9447588681077956 0 0 0 1.0801921099078891 1 69 11 95
2678 2.2381125928009591 1.9926018408521844 7.4095231719593562 0 0 0 2.0603517227458816 16 160 11 123
2679 3.4873442730441737 1.7934771147364714 6.5199082397057166 0 0 0 0.54458208095830385 8 494 20 389 17 490
2681 2.6635922768229854 -2.6616757490207426 7.3989279935734826 0 0 0 3.1130575672791441 7 1296 11 1089
2682 3.4849086682540173 -2.4145732781940286 6.454103359743419 0 0 0 2.8705822601496025 2 1505 11 3235
2684 -4.002494238765518 1.6985863569977868 4.9419431807968515 0 0 0 1.3094687605854234 19 7913 20 6073
2686 3.5094360262430393 -2.4007243369918894 6.4392865949092073 0 0 0 3.0695000960183885 2 3465 11 5657
2687 3.5070847098434315 1.9111491798174776 6.4674816138381619 0 0 0 1.7126925017255104 16 5465 17 4658 11 6263
2688 3.0948714854287207 -0.66823407378204958 6.9357449182060158 0 0 0 1.3797133731290789 10 7525 20 4228
2689 3.6142654696414271 -2.2046753671155441 6.428145012373597 0 0 0 0.17429668563990949 5 10636 16 7433
2690 -1.3372861186098759 0.46053240753925784 4.9048988293193503 0 0 0 0.1915839205296915 11 8077 20 11108
2691 2.8061334545722199 -2.0013365308626221 7.2482461469913808 0 0 0 3.269505213427502 1 5487 11 8355
2692 1.1805769869371754 -1.6451788970213759 8.8165804407136967 0 0 0 0.83604319780473257 11 16 20 17
2693 2.1649113790606798 2.045946989391596 7.0508120239682759 0 0 0 2.6932807340540403 11 17 20 32
2694 3.1642066185834468 -1.0266550688031684 6.9265642588341318 0 0 0 0.9614980669293689 11 62 19 96 20 86
2695 2.6325980482999216 2.144977535119307 7.4644990368080233 0 0 0 0.22024868549857801 16 81 20 97
2696 -1.5840383255069672 -1.0979084346829706 5.2201588725984971 0 0 0 2.6517892278248665 11 311 20 147
2697 0.90797791905335989 -1.8634373744459463 8.5710020709797696 0 0 0 1.6172604000149307 16 436 20 226 12 158
2698 1.049635827978292 3.1529421335273464 6.6313704412883094 0 0 0 0.88752548802813214 11 180 19 160 20 247
2699 0.2644239955748906 0.88661053182272431 5.5691522838490615 0 0 0 1.1471265714247738 11 302 20 264
2700 -0.37316488546038729 -1.2021415006359226 7.1012689768066437 0 0 0 2.4322749154901522 20 409 17 374
2701 1.2216832875763466 3.0735832094223503 6.6718058037425934 0 0 0 1.4690970997469588 11 400 20 508
2702 2.9483575877204045 -1.3076317548846699 7.1297957556281846 0 0 0 1.0829230308950739 11 832 19 627 20 549
2703 2.8865733142516183 -0.76472095132275186 7.0838294810469806 0 0 0 1.7870906273329503 11 1068 19 3167 20 571
2704 2.97840166334483 1.4875675270300019 7.1930890684002318 0 0 0 1.9610435082071733 8 492 11 412 20 581
2705 3.7186566164387775 1.7796017222544771 6.2473664602591175 0 0 0 0.92595522372963501 11 419 19 448 20 606
2706 1.7084966362612568 -2.923189601112683 8.5050066052479956 0 0 0 0.060857276681480069 11 714 17 370
2707 -2.1598111953468262 0.49438753836829619 4.9891280940619378 0 0 0 2.008961856104166 11 1202 20 778
2708 -3.7967429345991559 1.675048038262958 5.2360619642068658 0 0 0 0.22047447628310454 19 1005 20 781
2710 2.530597209685395 -1.0473444548811865 7.6602410896617261 0 0 0 0.95260839967211242 20 1059 12 641
2711 2.9027330835932772 -1.2511971394013452 7.1722622802491598 0 0 0 1.5542412894233859 8 1169 20 1061 12 500
2712 2.966211695131491 -1.4047134501194076 7.0750966158643207 0 0 0 0.4295464819307836 11 1080 20 1065
2713 -2.1024151289644486 2.1055013500185891 5.1153005580456492 0 0 0 0.99091706605240892 11 1244 20 1148
2714 -1.846466343076667 -0.39912381209064662 4.6199672850786646 0 0 0 0.2217616704083919 11 1193 20 1172
2715 -1.1230852410813941 0.43086528984046535 4.9140825108962121 0 0 0 1.5961411956045897 11 1118 20 1258
2716 3.0675916261876641 -1.0460286289288936 7.1084076310384372 0 0 0 0.37552716757699472 8 1654 10 3884
2717 2.4077384281097669 1.788823058501392 7.2836430621565293 0 0 0 0.31576414094300143 11 764 20 1729
2719 2.9584371063705759 -0.1812570917347241 6.9137423830782359 0 0 0 0.79447193531896243 11 3255 19 4071 20 1821
2720 -1.4115296059795353 -0.45288947358058346 4.7186770691448734 0 0 0 0.93307383853720793 19 2520 20 2044
2721 2.8339598979713818 -1.8052035730706115 7.2494050535036818 0 0 0 0.82427348640324705 19 1419 20 2153
2724 -2.2921165608562273 2.1057985741806737 5.1369543460796399 0 0 0 1.6691687786890299 11 2298 20 2675 17 1401 8 1968 9 1202
2726 3.3994197674062243 1.7828134783231229 6.6078405507684277 0 0 0 1.5938497199237505 8 1383 11 3357 20 2971
2727 2.7643888257056579 2.5047945818441422 7.4957807444288775 0 0 0 0.56565930839311285 1 2626 20 2983
2728 3.2843020827123208 1.8296346852394241 6.7712667335930652 0 0 0 1.7523834931324991 8 3085 11 1825 20 2988 13 1225
2729 3.4627596050209979 1.5152003590383334 6.5471535950117481 0 0 0 1.5946763862874376 8 3101 11 5002 20 2990 14 2847
2730 3.0596044449813449 -0.7223896071388155 6.9881407463687726 0 0 0 1.2527986065460694 19 8238 20 3898 12 4765
2731 3.0596044449813449 -0.7223896071388155 6.9881407463687726 0 0 0 1.2527986065460694 19 8237 20 3902 12 4766
2732 3.0698814737329334 3.1532440569374796 7.092898549181391 0 0 0 1.5042731310723279 11 4414 16 3173 20 4233 17 5175
2733 3.2689200305986357 1.9670026526468922 6.7901198059624255 0 0 0 1.5584224953639265 11 3320 20 4365 13 2392 14 1979
2734 3.4461530741232549 1.6651635755961334 6.5692965394086968 0 0 0 2.0881654617516068 11 5022 19 3939 20 4367 17 4678
2735 3.0187154897673625 -0.9316177857691067 7.0485554290978278 0 0 0 1.02800289500577 11 8417 12 1169 8 3278
2738 3.3770147479756552 -2.6986623641377783 6.5120576601627196 0 0 0 1.5164409711826039 20 4785 16 3091
2739 1.5169136584445522 -2.1830077512262047 8.79402447070097 0 0 0 1.2591054926015832 16 8285 20 4871 17 3950
2742 -2.2397315634707589 2.1194842668212779 5.1292492349110645 0 0 0 1.1382447418996582 11 5188 19 3662 20 5042
2744 1.6993676463263432 1.3160094359846328 6.7023316540049107 0 0 0 1.1971838886644841 19 1130 20 5982 10 788
2745 -3.8467558312128087 1.6452063452029282 5.2000049194747398 0 0 0 2.5520852399527074 10 4500 20 6055
2746 3.531845167935157 1.0086519970742294 6.4442868479929256 0 0 0 1.088193918867036 11 8583 20 6455 14 7452 13 7588
2747 3.5593005996446991 1.3135185714953757 6.4158178008719675 0 0 0 1.5531752430990411 11 6344 20 6479 13 6380
2748 3.5593005996446991 1.3135185714953757 6.4158178008719675 0 0 0 1.5531752430990411 11 6345 20 6480 13 6379
2749 3.9213519606752274 1.3087624385136429 5.9723398594892574 0 0 0 2.0820088124669489 11 7286 20 6526 13 7890
2751 3.0710931403293715 -0.91582565317604825 6.9689216193662302 0 0 0 2.0370468071973988 10 7542 11 4875 20 6579 12 1253
2752 3.9209059903045271 1.5845087172285144 5.9787757653599032 0 0 0 1.9708817640588723 11 7481 20 6724 13 7892
2753 3.3532135568352954 0.32838711296729561 6.6363812745907369 0 0 0 1.165092570673504 20 7174 2 11949
2754 3.7357809588805941 2.4942291754802355 6.2138030669777162 0 0 0 1.4516121964287301 11 6144 20 7379 17 8051
2755 3.7357809588805941 2.4942291754802355 6.2138030669777162 0 0 0 1.4516121964287301 11 6146 20 7382 17 8052
2756 2.7491218531548931 3.5710658673422757 7.4878807112052268 0 0 0 1.219410313150185 18 7063 20 7467 19 7012
2757 3.5495314676832423 1.6807995832905767 6.4589120056456641 0 0 0 1.8392556261154862 11 5035 19 6803 20 7530
2758 3.3387851039300198 1.8973159019023356 6.6997184017331408 0 0 0 1.8888958118016685 8 5087 11 6293 20 7563
2759 3.3694129140291071 1.5599290968641151 6.6678457594022449 0 0 0 0.68256714730971291 8 5103 20 7583 13 6451
2760 2.7494782913524829 1.0592248667863819 7.4120180674549179 0 0 0 1.1400599856691147 16 8192 20 7674
2761 1.5324475361490395 -2.9482976945681107 8.5912584436508581 0 0 0 1.4404166814889487 20 7783 12 4049
2762 -0.21021124421660287 -1.2986134859891341 7.1692136485269593 0 0 0 0.0090029900892346169 11 10899 20 7856
2763 3.2628755955419346 -2.686727093689445 6.6556658310747716 0 0 0 2.6066099729052818 16 11476 20 7987 15 12596
2764 1.4704594143316359 4.0060156198467691 7.3915871303004081 0 0 0 1.6235236639834321 11 2363 20 8734
2765 2.3267238704480642 1.4709544988904386 7.0788240497701906 0 0 0 0.94870324778055537 1 8749 20 8975
2766 3.0837941109873395 2.1039045431025754 7.0486592339058589 0 0 0 1.2677523832370621 11 6304 16 8159 19 9218 20 8977
2767 3.7378934927529106 1.3924727139887507 6.2018950168514264 0 0 0 1.0666090183310104 8 11718 20 9350 14 10722
2768 3.0678620035736919 -0.87394167049188376 6.973757505922249 0 0 0 0.92943091054624338 11 8424 19 9086 20 9451
2769 1.7683881537096813 -1.2786474046063228 8.5489825972410323 0 0 0 2.1949760590859615 11 7515 20 9862 17 6760 12 2201
2770 1.7427299042091338 -1.2520403413069159 8.5448935298982125 0 0 0 2.0403447589504746 11 9510 20 9866 12 6026
2772 -2.1708463291838571 2.1714760918224876 4.9714908589944473 0 0 0 0.42097540871832523 19 10715 20 9992
2775 1.101623850598467 -2.4739833968437148 8.2428480568699278 0 0 0 2.5878498199916251 11 7527 20 11491
2776 2.702513496051 4.1570184164945818 7.568476915349942 0 0 0 0.33909334731656648 7 6897 20 12468
2777 1.5332258561859482 2.6994924739600834 6.7551050177484235 0 0 0 1.0496116640059296 19 5476 20 12741
2779 3.3822600308698281 2.6208224631983015 6.6647660730991483 0 0 0 1.9091122706546118 11 1154 20 1783 19 1820 16 3485
2780 3.0787797546383886 -0.84369690343477988 6.9485658993959101 0 0 0 1.6712623275097893 5 10525 8 11583 20 9521 16 9217 19 6333 18 7264
2781 2.5179663881459731 2.3245118436344692 7.2348721562022886 0 0 0 1.014506880673216 19 8959 20 11444 16 10282
2782 2.433388641090664 3.2466669368998669 7.9190510162674022 0 0 0 2.8592412101804094 2 780 7 1202 20 1765 16 1244 1 538 11 1250
2783 2.3465666294212841 -2.5990803076526245 7.8712307214116919 0 0 0 2.3140656747606063 16 18 20 19
2784 1.4356447847079334 -1.2771933064003969 8.4090331919590007 0 0 0 0.93053183177651921 11 368 20 273
2785 2.1126388069478876 1.4529123375417472 6.8985715329656383 0 0 0 2.8174298152261654 11 767 20 966
2786 2.7740236868249046 -0.34705932454919591 6.6191486829037771 0 0 0 0.80811973578669272 11 1457 20 1708
2787 3.7194014394312709 1.95524899087351 6.3593951803744533 0 0 0 1.6610296665354025 11 1824 20 2139
2788 2.5837396255347023 -0.51065084757013768 6.5210261676399366 0 0 0 1.0576940237688175 10 10651 20 3160
2789 -0.18878613578676615 -1.3462287500190302 7.1274255696446369 0 0 0 1.8982736007447922 8 10708 10 5061
2790 2.8151807958951554 0.56190076596231975 7.291805969161131 0 0 0 2.4010119202488918 1 2670 11 4658
2792 3.3015680424249121 -2.7933798391657647 6.5258457374598828 0 0 0 0.65843038274359778 19 8939 20 4771
2793 1.5679344093080056 -2.4310941957458287 8.7354506210640128 0 0 0 1.9153904545691254 1 2960 20 4864
2794 1.1173338500634773 -2.3904194685382634 8.2248284422714963 0 0 0 0.26577574434386264 11 10457 20 4904
2795 -0.32266613957313933 -0.18393651947131928 4.4462752817990934 0 0 0 1.3813888467129931 11 5404 20 5583
2796 1.8146754575622253 2.2527034009689006 6.7155357255437824 0 0 0 1.9895925535884735 8 4700 18 5141
2798 1.4704594143316336 4.0060156198467771 7.3915871303004188 0 0 0 1.6235236639831911 11 2362 20 8733
2799 -1.1007522177498594 0.63658793836728544 4.8521774750629421 0 0 0 0.66635359788035842 11 8135 20 11163
2800 3.0814335296028692 -0.95428742579342496 6.9467238169275349 0 0 0 1.9429755477224675 2 1592 8 3287 16 3354 20 2313 18 3081
2803 1.8010763318814491 -1.8068500589209668 8.5031188596800522 0 0 0 2.0707228637953912 16 4642 1 3358 8 3022 20 4869 11 4311 17 1706
2804 -1.2845681722764313 -0.75069282370378099 4.8120261615916613 0 0 0 0.28298995874165561 10 229 17 101
2805 -0.30571271780785947 -1.3306588179525221 7.1052515692651603 0 0 0 1.09260993427076 8 181 17 184 9 206
2807 -1.5187207092009214 -0.40775605985297159 4.6900233977299433 0 0 0 0.83892072409243212 10 491 17 268 9 243
2808 -2.3860471688247138 2.1096081899775863 5.2176127308852198 0 0 0 1.9415104613001379 10 283 17 320 9 222
2809 -0.12266092160650086 -0.77442578033482301 5.1253018537188648 0 0 0 1.1036155703496078 8 603 17 333 9 529
2810 -1.4271784334474642 -0.3299961052407111 4.6862500223073482 0 0 0 0.66576964250637449 10 855 9 289
2812 -1.7176373766820165 -0.56402713086846146 4.7914120626506991 0 0 0 1.3070746791897434 10 866 17 591 9 430
2813 -2.2239335805256246 1.99159508396652 5.5726675176863356 0 0 0 1.2951228907683145 8 974 10 1064 17 922
2816 -0.17595518044169656 -0.3976204799120942 4.4490164930687248 0 0 0 1.095360772900289 8 1819 17 1301 9 696
2817 1.6602490467469697 -1.3890782267780639 8.6965621826292026 0 0 0 1.712159339182481 8 1513 17 1345 12 646
2818 2.9758928734345766 -0.8991981041885313 7.0867794133428923 0 0 0 2.150819582886442 10 1623 17 1373 9 957
2819 3.682582900166806 1.640499899224231 6.2512545043101566 0 0 0 2.1804448431388832 8 1995 16 1594 17 1583
2820 -0.57547896713963065 0.096081147700980973 4.6502542984681492 0 0 0 0.90799272993025915 8 1816 17 1795 9 2101
2821 -1.6125393348157986 -0.4285918471169306 4.6710397824023042 0 0 0 0.90135863211315537 10 1782 17 1830 9 1085
2822 -1.9425155391632141 -1.2174966889897278 6.1053076167233806 0 0 0 1.3983251583366505 10 2901 17 1897 9 1834
2823 3.1513707559760675 -1.2037111342516542 6.8564076395768163 0 0 0 0.26217714661639857 11 1491 12 491
2825 1.8872941350947288 -3.2856252826514667 8.3238153780064277 0 0 0 0.11923762268482649 17 2544 12 2772
2826 -2.2966744553751841 2.0823192181441827 5.2417551384567878 0 0 0 1.6220459725199241 2 3067 8 3644
2829 -1.5946934446969914 -0.29723407206912206 4.568070137963276 0 0 0 0.63370462165264707 10 2877 17 2934 9 1858
2830 -1.4148633129519719 -0.25292268539344542 4.6328397658218945 0 0 0 1.6252138747670708 8 4209 17 2963
2831 -0.079010301176602196 -0.38730664112587565 4.4958755489375912 0 0 0 1.8284619277502534 8 4500 17 3127 9 2097
2832 2.5402615641539668 4.290412011685679 7.8991729738990246 0 0 0 1.6451361175783012 10 2990 17 3309
2833 3.3781582453810546 1.2855927533211167 6.6430968620467743 0 0 0 0.57015673897210506 8 3088 17 3422 14 1967
2834 3.5135654689452549 1.4162869950931212 6.4894881784666341 0 0 0 0.87322991705938235 8 3392 17 3428 14 1938
2835 3.4046404366919401 2.4815905672089142 6.6447554652991299 0 0 0 0.9373858943742811 8 1486 11 1861 17 3436 9 1894
2836 1.6056334339530465 -2.486793997836195 8.6590749735163328 0 0 0 2.2860795209352918 7 4512 17 3683 9 6003
2837 1.4256546626599662 -2.9653224453739999 8.4292517325480514 0 0 0 1.3538790012483106 10 5235 17 3698 9 6036
2838 -2.2908532289070709 2.0495826104355626 5.2622616883227158 0 0 0 1.0643734966346969 8 3652 17 4281 9 4175
2839 -1.6968157790503324 -0.39519386901864295 4.6159354441905789 0 0 0 0.2077441651815061 10 10444 9 2350
2840 3.0477757742987426 4.9507134617609863 7.2610949757871399 0 0 0 1.9048246094270358 10 5498 17 5153 9 4370
2841 2.9804186246414388 2.7714697101512553 7.1578874939980386 0 0 0 0.48921675063723641 1 5847 17 5352
2842 3.4354701783575665 2.0270324059336469 6.5877426388804148 0 0 0 0.4213636335919595 8 5066 17 6266 13 4093
2844 1.6851358985029448 -2.5321069131306726 8.7075838109918333 0 0 0 0.73591956665688141 4 3601 17 6743
2845 3.0048849546877134 -1.0162395548031335 7.0655112419962158 0 0 0 2.7600878188116833 1 10394 17 6850 12 5321
2846 -2.3209444957821987 2.1223848073415947 5.0933873232259943 0 0 0 2.1326466175999053 10 11176 19 10662 16 13199
2847 -2.3151592286841782 2.1180376643061458 5.0930148319941555 0 0 0 1.0463253480811445 11 9017 19 10648 17 6975 9 4179
2848 -2.3243329733519422 2.0717423830517552 5.227290309649562 0 0 0 1.2686909736668261 16 5877 17 6985 9 6772
2850 -1.4829969216821821 -0.10843951449511358 4.4544177903051194 0 0 0 2.1063067691235142 10 9554 17 7392 9 5248
2852 2.3615289670663278 -1.0368187657267303 7.8328393988453699 0 0 0 1.4732908829752009 8 12126 17 7648 12 5371
2853 -2.1995630609669719 2.1701148892508968 5.0027132591894317 0 0 0 1.7705566669877963 16 9984 17 9168 9 8988
2854 -2.180776211178983 2.1106170121846697 5.2082044899406617 0 0 0 1.191338913472997 16 2742 10 2820 17 2028 2 915 20 1996 9 1508
2855 -2.171592400860626 2.0121979906078504 5.5623129983593875 0 0 0 1.2912261434767924 18 8718 7 7823 10 4761 17 2783 8 2556 20 5027
2856 -2.1183823755209863 2.0396650789820634 5.5049504271186507 0 0 0 1.7719710580113781 16 8884 18 11555 10 7209 20 11230 17 6993 1 9530 7 7822 9 3831
2857 -2.1713057611913742 2.0140320735003931 5.5642040089550191 0 0 0 1.2172084531300462 7 7832 10 4759 17 2782 11 4579 20 5026 8 2555
2858 -2.2456847174714918 2.0199214981509437 5.5142472046556632 0 0 0 1.5188370658577077 2 2030 16 2750 18 2949 10 2825 8 2534 19 4454 17 2141 11 2904 20 2679 9 1498
2859 -2.3025568722724721 2.1314848539811191 5.0526941966175922 0 0 0 1.8345982373391854 8 971 19 3652 16 2006 18 5832 7 2314 5 6127 10 3325 17 2173 11 2372 20 2664 9 1205
2860 2.7647637988921017 4.3063424288284056 7.5421573224771326 0 0 0 0.97858560846966702 17 1594 7 1178 5 597
2861 -2.1835521599245493 2.1431476024820206 5.0638817671878584 0 0 0 1.5060110804592191 19 2433 7 2585 1 1855 11 2293 8 1943 16 2042 10 2066 20 2666 9 1220 17 2236
2862 -1.4271784334474642 -0.3299961052407111 4.6862500223073482 0 0 0 0.66576964250637449 10 856 9 288
2863 -0.36322503923829952 0.35214293064821151 4.645920622406809 0 0 0 2.5305672843828049 8 1616 17 1596
2864 1.6922733983466214 -2.9779293403206806 8.44012530359716 0 0 0 0.93115686354338378 10 9111 9 3878
2865 1.7436656503703729 -2.8477195192775842 8.5574033202071753 0 0 0 0.58392362958316291 4 3597 9 9290
2866 -2.3162745203848054 2.0988771667312802 5.1866620166708186 0 0 0 1.4515721024277199 20 9980 17 6994 8 6909
2868 2.3879345404642582 -1.3336529401159549 7.6702750419792691 0 0 0 1.3284916207463313 17 59 9 35 8 59 19 106
2870 2.2432633780600821 -1.0727895065315036 7.9659719802912186 0 0 0 2.1831668401768614 17 222 9 195
2871 1.5182065038330266 -1.1263398874671955 8.2445137642086319 0 0 0 1.5394961267387222 8 254 17 214 9 208
2872 1.594258981142163 -2.3689863919238379 8.673026229203856 0 0 0 2.1435351314529596 17 612 9 444
2873 2.7874011703865063 -1.0866932280622725 7.2504984654784517 0 0 0 2.5001343883465195 17 659 9 832
2874 2.497954395207898 -1.0625071491330984 7.564707833193304 0 0 0 1.8100164280344166 8 1318 9 850
2875 1.5486757750638778 -2.9937217967087277 8.6086825217794161 0 0 0 0.67674146545059388 17 1163 9 994
2876 -1.5698967326733664 -0.3739038148388138 4.6398662322511939 0 0 0 0.74551201173487036 10 1943 9 1097
2877 -1.3870370720153946 -0.1207249314771754 4.6018487967971309 0 0 0 2.0153142116846539 10 1927 17 1217 9 1105
2878 -1.6392667016818276 -0.3002405071281869 4.5547214212670184 0 0 0 1.3770673509505977 17 2935 9 2347 16 6163
2879 1.5502886571284611 -3.0571391145384239 8.5424478835197135 0 0 0 1.0123340930934506 10 9122 17 1656 9 3422
2880 -2.2386855611047287 2.0616103778545249 5.2680778093769884 0 0 0 1.8763749813730388 10 7229 17 11256 9 3642
2881 1.7654353885432048 -3.2798513433809746 8.3795109551600451 0 0 0 0.44206716366176502 17 4781 9 3846
2882 2.2502023194537868 -0.93332620308411218 7.9345400574737619 0 0 0 1.3279685817703573 8 4950 17 6807 9 4601
2883 -2.2044080146075085 2.2291747878025676 4.9067800792288425 0 0 0 0.031012006488703912 10 6611 9 6756
2884 3.4919350908023752 4.5374638355720114 6.6148672341689725 0 0 0 0.24367805962725853 10 8768 9 7324
2885 1.4558546773975918 -1.2842393703252857 8.4097434429326068 0 0 0 1.7752796864858904 17 5841 9 7379 12 6037
2886 -2.2696077306355367 2.1279111091425125 5.0563187045660518 0 0 0 1.5016937835347886 1 11629 9 8990 12 9814
2887 -2.2437114196009591 2.1185230587595587 5.0920018957729232 0 0 0 1.146461549052858 17 11253 9 8999 12 10685
2888 1.6090896338611069 -2.9142830523356613 8.6021271099805183 0 0 0 0.79937157042970697 17 6728 9 9295
2889 1.4735357908008784 -2.9069002705922782 8.2101886283662999 0 0 0 0.85253328272854612 17 3684 9 9298
2890 1.6353086566214898 -2.8616953501198337 8.5800828988456956 0 0 0 2.3831269844367164 17 11909 9 9303 12 4481
2891 -2.1716794968078399 2.0584962542145813 5.4406176456014617 0 0 0 1.9697494993280349 16 6524 10 7580 20 9985 9 7922 11 5811 19 7169
2892 1.0392155889454435 -2.3821465587017969 8.4113683740816096 0 0 0 1.7565912736354581 9 2212 12 632
2893 1.0392155889454435 -2.3821465587017969 8.4113683740816096 0 0 0 1.7565912736354581 9 2215 12 633
2894 1.773720487369588 -2.8836434253529046 8.534676928756225 0 0 0 0.6313668037133966 4 10294 17 6613
2895 -1.5889333055357771 2.1792870404585098 6.1324638059884693 0 0 0 2.813105369695704 2 8387 18 8099 1 7421 4 3387 7 9168 10 4663
2896 1.8679134084602382 0.025989549994346075 6.3185480151746658 0 0 0 2.1581825098670069 7 515 15 536
2898 -1.5387883088934455 0.11333035327249767 4.6529682042369931 0 0 0 0.37720819459553429 1 1221 15 905
2900 3.1818408753870928 -0.59433203676367308 6.7173640590824464 0 0 0 0.54314177247641748 1 519 13 2260
2901 3.4380806051980164 -0.0023473574947899005 6.4903998798908917 0 0 0 1.8239641289111903 1 1705 15 2459 13 3405
2905 -1.4912418476556444 -0.021073507009271669 4.4603485143037975 0 0 0 0.2860634394210898 5 7685 15 5850
2907 1.9199921422158168 2.3054535401606073 6.6682762887720735 0 0 0 0.63817653181639589 5 11377 15 9860
2908 3.4693386501770531 -2.6228514051959024 6.4111935478383124 0 0 0 2.0367759737822504 16 7357 15 11554 5 12956
2911 -0.094016809623401934 0.88813509311117078 4.5590420610965383 0 0 0 0.055101093441765683 2 5743 15 13252
2912 2.4368808403925644 2.6592975637322298 7.3704422070756399 0 0 0 2.3854902908228377 16 3074 15 3025
2914 -1.5405589651834328 0.025488027058285612 4.5018960923977227 0 0 0 3.1848210090220244 4 5793 15 5382
2915 -1.7818353471056065 0.34274006669197099 4.825182575226048 0 0 0 2.7826181433009247 4 8981 15 5939
2916 1.6946835073227007 -1.281162876200769 8.5417658289627134 0 0 0 1.1912561744989041 17 429 12 237
2917 2.9347550917258545 -0.90403175473974662 7.1738611900983642 0 0 0 0.53783579385836655 17 1942 12 488
2919 1.6423681759834954 -3.0165193601581772 8.5728454772487908 0 0 0 1.0620312691656817 8 7039 12 1890 5 8324
2920 1.7062073775015227 -2.872462694249271 8.5432792087053411 0 0 0 0.83604487250616799 1 5053 2 4781 11 7536
2921 1.7349820887309031 -2.8693530594220213 8.4643609730982767 0 0 0 0.9431410092981436 1 5070 20 10240
2922 1.7349820887309031 -2.8693530594220213 8.4643609730982767 0 0 0 0.9431410092981436 1 5071 20 10247
2923 2.9837328308823925 -0.97209796248769709 7.0370934834999215 0 0 0 2.173079070550461 17 3896 12 4731
2924 1.7192727670893697 -2.904980780813283 8.4838235018170121 0 0 0 1.6087955079929817 1 13297 12 4953
2925 3.0479690547809821 -0.75883907886844704 7.0172630042748212 0 0 0 0.29442771653611477 17 8442 12 5277
2926 1.8177691157002183 -1.8380557446670511 8.470900197447591 0 0 0 0.40786873483400465 17 6763 12 5402
2927 1.7327274645987045 -3.2648959683894656 8.4561483717448862 0 0 0 1.4944753964612711 1 13311 12 5575 10 12434
2928 1.7928292723985806 -1.8397637189017408 8.497119315548046 0 0 0 2.7564346434331863 9 11968 20 7778 12 7451
2929 2.7995219085220451 1.5313033573203829 7.4136009658973929 0 0 0 0.7570680496779425 11 8857 12 8925
2931 1.4180048359816644 -1.3339931059177577 8.3542278634112179 0 0 0 0.514927301761825 17 88 12 47
2932 3.1457913274723297 -0.626922348413393 6.9078683050662688 0 0 0 3.0882966622200954 11 6552 12 1303
2933 3.0736961629098261 -0.81916212101516039 6.8437692134991295 0 0 0 0.30781969845225898 11 4868 20 6574
2934 1.7188662935074994 -2.8445402445283561 8.5391089496730004 0 0 0 2.5478601136407648 17 6618 12 11154
2935 -0.03475225220654201 0.85442057261635185 4.6171884620957853 0 0 0 1.7719850233528593 15 4203 7 3087 5 2779
2936 -1.2767306200783182 2.89040898572852 4.492625199196782 0 0 0 1.8670423194640395 14 2174 13 1023 15 3731
2937 -1.1070069171183725 2.7890079246786112 4.4422381847239576 0 0 0 0.40146347211994704 4 10326 13 7840
2940 0.63290625122056898 0.083200085355794581 5.4224386921431273 0 0 0 1.0711550388960938 4 3859 11 3720
2942 2.9744871619588831 0.78125236587995139 7.019410547776614 0 0 0 1.3930031171662165 15 341 13 274 14 237
2943 2.6942390875729925 2.2487613757974008 7.330931891347098 0 0 0 0.95397209001090622 15 255 13 284 14 224
2944 1.9473536537325116 -0.40814387990460965 5.6145575709468289 0 0 0 2.1433806722856588 15 428 13 288 14 244
2945 3.3125173124224565 -0.78542644064789213 6.6531595639150298 0 0 0 1.3832466661537548 15 216 13 364 14 419
2946 3.2162868462191256 -0.30502186513530499 6.9701292871482181 0 0 0 1.4919598066231887 2 329 10 952
2947 2.7558649621070779 1.6192344137725039 7.3262443253216221 0 0 0 0.88320771563353395 15 1176 13 913 14 690
2948 2.8201520922198311 2.3641089964799247 7.3633038792773728 0 0 0 0.74984104883908087 11 2666 13 1183 14 464
2949 2.780339260899781 1.5292718684926401 7.2107884261854975 0 0 0 2.026611877769303 15 1826 13 1197 14 1537
2950 3.0927169229599465 -0.44974340323921225 6.8707688946491094 0 0 0 1.4866874723926193 15 1401 13 1428 14 1341
2951 3.3896470190482701 0.81214487824801551 6.5698574611653653 0 0 0 0.3521496630154281 15 1889 13 1732 14 1957
2952 3.2441006119036491 2.0517365163571251 6.838731820210822 0 0 0 1.7040292648738431 11 5031 13 1744 14 1982 8 3102
2953 2.6678366745469999 1.6530799903771587 7.2952375848350428 0 0 0 1.3228184670794541 15 2577 13 1770 14 2004
2954 3.2664145842816024 1.9684469319726992 6.7873161714060233 0 0 0 1.3935573674131234 11 3321 13 2391 14 1977
2955 3.421844546200318 0.81676006662335043 6.5379673739723589 0 0 0 1.204923225458415 5 3307 15 2440 13 2741 14 3036
2956 3.4523413280960256 0.73269547997477558 6.5249790906670793 0 0 0 1.2380645072189083 5 6437 13 2743 14 4725
2957 3.3930781045296001 1.3070095446121537 6.6061320390479032 0 0 0 1.4679798605830179 11 4999 13 2765 14 3023
2958 3.3998732083891827 1.0555209340695861 6.5417264522052685 0 0 0 1.1079486606729856 15 2549 13 2769 14 4716
2959 3.4426463999311601 1.333694561977153 6.5577781978056322 0 0 0 1.2084792204273078 5 6470 13 2775 14 4703
2960 2.9562712044616264 1.1562157942616271 7.1547745556423452 0 0 0 0.8538130583496466 8 5157 13 2815 14 3001
2961 1.333954158019788 -0.48579695193156625 5.5884570771701698 0 0 0 2.9036916609643204 15 4193 13 3900 14 3426
2962 2.0054142575028981 -0.46273509252018186 5.5926503681839579 0 0 0 2.4590974901469811 15 2363 13 3922 14 3507
2963 1.5525553636455665 3.5360629884056936 7.0620251637780225 0 0 0 0.58434285074943293 5 10829 13 4339 14 4770
2964 2.3051493414020512 3.3159674156707002 8.001007557200623 0 0 0 2.5245339352386416 1 5950 15 7094 13 4357
2965 3.2440892064812741 1.9337957047300611 6.8475172372913953 0 0 0 1.0013720279204836 8 7269 13 4740 14 6766
2966 3.3294166695148442 1.9259150574544512 6.7285156044286527 0 0 0 0.67379029611581887 8 12214 13 4764 14 4166
2967 3.4379046750502713 1.8935714755987418 6.5873770292689544 0 0 0 0.70650352265213012 8 7264 13 4772 14 4178
2968 3.4434730244717877 1.9627391713271909 6.5596315764070345 0 0 0 0.991828780705862 11 6247 13 4786 14 6818
2969 3.4346902863629651 1.9309472376362582 6.5665902028129803 0 0 0 0.2289852897265062 8 7307 13 4787 14 4200
2970 3.53218938625086 1.7917175176230551 6.4575556020992249 0 0 0 0.49081525455241271 8 5079 13 4815 14 4202
2971 3.4908772572585693 1.5471184489164589 6.480428010637306 0 0 0 1.0224877507945729 5 9790 13 4822 14 6844
2972 4.0613768904822427 1.0912158734499753 5.788322080332386 0 0 0 0.64504688595614779 11 4323 13 4868
2973 3.411790309483707 0.69600058342262949 6.5024347697369214 0 0 0 1.2085665856122518 15 4656 13 6364
2974 3.4392889993004827 0.92588950568882789 6.5187908122833242 0 0 0 0.98516077442624506 5 9843 13 6381 14 8218
2976 2.996423527180101 2.0237903918992108 7.1521444715762037 0 0 0 2.1070613657262949 1 4175 13 6501 14 6721
2977 3.4522707787550719 1.1313202914331926 6.5468058761141936 0 0 0 0.83353581750066186 15 9780 13 7575 14 7464
2978 3.495686778191093 0.95224998406587835 6.4842245306823898 0 0 0 1.0142623924863887 5 9833 13 7586 14 11895
2979 3.3616962072555436 0.35781182749569207 6.6173968580046711 0 0 0 0.87367917945817153 5 10466 13 7595 14 7461
2980 -0.72982996054246752 1.3221531721874888 5.0388387770557523 0 0 0 1.4636386556268466 15 6636 13 7991 14 9523
2981 3.0302234976847489 2.4987760871417595 7.077581291152061 0 0 0 0.69857506568479311 1 7704 13 8551 14 4359
2982 2.3656511547152861 -0.10102824490106876 6.5054262586216645 0 0 0 1.2964859585634578 15 9198 13 8926 14 9353
2983 3.4655475561409705 0.89168183133674683 6.5218748289841697 0 0 0 1.9470548151084437 5 9835 11 8565 13 9562
2984 2.4618341423162926 2.2931698877616364 7.2438118984565216 0 0 0 1.4380718462366704 5 10365 13 10667 2 7786 14 13304
2985 -1.7684066714960691 -3.8176023655096256 5.2242184055953738 0 0 0 2.2373164232840015 15 8322 13 12504
2986 1.8660365342296596 0.17120657546609025 6.1538052197789277 0 0 0 1.2735156914286412 15 838 13 579
2988 -2.0379047405732065 -5.1959895005991834 5.1218041103793999 0 0 0 0.11089628264562566 13 2356 14 1333
2989 -2.0379047405732065 -5.1959895005991834 5.1218041103793999 0 0 0 0.11089628264562566 13 2351 14 1350
2990 3.4418996132528954 1.3984499874794329 6.5622253393741516 0 0 0 0.98646649009402554 11 3312 13 1712 14 1948
2991 3.3906590402844072 0.95139334882812643 6.5867418758632361 0 0 0 0.28435306791830012 13 1726 15 2186 14 1983
2992 3.5262813258395211 1.9077815252148376 6.5039009897665379 0 0 0 0.50846527145456599 13 4110 14 2766
2993 3.3526773924854751 0.85918181558447471 6.6244357343761937 0 0 0 0.74905209178668841 13 2751 15 2552 14 3033
2994 -1.7472099045312719 0.65799497022435616 5.0016799666799896 0 0 0 0.85883934865115719 13 3177 14 3860
2995 3.2879289500064441 1.6123937082468323 6.6998062018992846 0 0 0 2.2217049953093757 8 7321 13 6437 14 4181
2996 3.4362828409185915 1.5087513644489579 6.5542299397322221 0 0 0 1.0866214763295201 8 5104 11 6331 14 4207
2997 3.2721478594618421 1.1877277059242768 6.7365402950372459 0 0 0 1.997113326363918 13 2790 15 4613 14 4677
2998 3.2776983606740777 1.1531163245680818 6.6834298261171012 0 0 0 2.0339231615799647 13 6421 15 4626 14 4702
2999 3.4244523512263871 1.0317516022077302 6.5692280243891199 0 0 0 0.58991002172542906 11 4970 13 2768 14 4715
3000 -0.34585156876629569 0.47118223177701463 4.599426640191087 0 0 0 2.4870256174062102 13 8119 15 7565 14 7742
3001 0.71411055848545602 4.0770955639354138 6.5990919609339587 0 0 0 2.02299683376626 13 10350 15 12963 14 8853
3002 -0.012785462446827014 3.4019061639032104 5.7435046550625994 0 0 0 1.7184601078719135 15 9977 14 10818 13 12632
3003 1.8986970416906928 2.3371341378105681 6.6420963187149562 0 0 0 0.10858581497853008 13 7436 14 12014
3004 2.0407283727833128 0.03742542880835438 6.2860396631113691 0 0 0 0.72800590138313448 15 1079 14 1324 7 1236
3005 -1.296267253430742 2.8947142611777683 4.5262910984437577 0 0 0 0.97216339998269996 15 2226 14 2175
