frame,t,wall_ms,cpu_ms,sw_solver_ms,sw_solves,sw_iters,stop_budget,stop_time,stop_iter,stop_conv,init_solver_ms,bk_work_ms,bk_track_ms,bk_track_n
0,1403715886.584058285,4.0915,3.7586,0.0000,0,0,0,0,0,0,0.0000,0.0007,0.0000,0
1,1403715886.634057999,4.4181,3.9066,0.0000,0,0,0,0,0,0,0.0000,0.0006,0.0000,0
2,1403715886.684058189,3.1669,3.1704,0.0000,0,0,0,0,0,0,0.0000,0.0003,0.0000,0
3,1403715886.734058142,3.5080,3.4872,0.0000,0,0,0,0,0,0,0.0000,0.0004,0.0000,0
4,1403715886.784058094,3.2513,3.2547,0.0000,0,0,0,0,0,0,0.0000,0.0002,0.0000,0
5,1403715886.834058046,3.1433,3.1469,0.0000,0,0,0,0,0,0,0.0000,0.0002,0.0000,0
6,1403715886.884058237,3.3660,3.3623,0.0000,0,0,0,0,0,0,0.0000,0.0004,0.0000,0
7,1403715886.934058189,3.1978,3.2015,0.0000,0,0,0,0,0,0,0.0000,0.0003,0.0000,0
8,1403715886.984058142,3.3463,3.3457,0.0000,0,0,0,0,0,0,0.0000,0.0002,0.0000,0
9,1403715887.034058094,3.3239,3.3171,0.0000,0,0,0,0,0,0,0.0000,0.0003,0.0000,0
10,1403715887.084058285,3.5496,3.5423,0.0000,0,0,0,0,0,0,0.0000,0.0005,0.0000,0
11,1403715887.134057999,3.6165,3.5253,0.0000,0,0,0,0,0,0,0.0000,0.0003,0.0000,0
12,1403715887.184058189,3.5338,3.5289,0.0000,0,0,0,0,0,0,0.0000,0.0005,0.0000,0
13,1403715887.234058142,3.2980,3.3018,0.0000,0,0,0,0,0,0,0.0000,0.0004,0.0000,0
14,1403715887.284058094,3.3865,3.3858,0.0000,0,0,0,0,0,0,0.0000,0.0004,0.0000,0
15,1403715887.334058046,3.3952,3.3931,0.0000,0,0,0,0,0,0,0.0000,0.0003,0.0000,0
16,1403715887.384058237,3.3927,3.3746,0.0000,0,0,0,0,0,0,0.0000,0.0002,0.0000,0
17,1403715887.434058189,3.3629,3.3559,0.0000,0,0,0,0,0,0,0.0000,0.0002,0.0000,0
18,1403715887.484058142,3.2846,3.2880,0.0000,0,0,0,0,0,0,0.0000,0.0001,0.0000,0
19,1403715887.534058094,3.8913,3.8841,0.0000,0,0,0,0,0,0,0.0000,0.0007,0.0000,0
20,1403715887.584058285,3.5170,3.5209,0.0000,0,0,0,0,0,0,0.0000,0.0004,0.0000,0
21,1403715887.634057999,3.3956,3.3994,0.0000,0,0,0,0,0,0,0.0000,0.0005,0.0000,0
22,1403715887.684058189,3.4850,3.4886,0.0000,0,0,0,0,0,0,0.0000,0.0003,0.0000,0
23,1403715887.734058142,3.4403,3.4438,0.0000,0,0,0,0,0,0,0.0000,0.0004,0.0000,0
24,1403715887.784058094,3.5054,3.4981,0.0000,0,0,0,0,0,0,0.0000,0.0010,0.0000,0
25,1403715887.834058046,3.5258,3.5297,0.0000,0,0,0,0,0,0,0.0000,0.0005,0.0000,0
26,1403715887.884058237,3.6362,3.6401,0.0000,0,0,0,0,0,0,0.0000,0.0004,0.0000,0
27,1403715887.934058189,3.5427,3.5465,0.0000,0,0,0,0,0,0,0.0000,0.0005,0.0000,0
28,1403715887.984058142,3.6378,3.6310,0.0000,0,0,0,0,0,0,0.0000,0.0007,0.0000,0
29,1403715888.034058094,3.6380,3.6206,0.0000,0,0,0,0,0,0,0.0000,0.0006,0.0000,0
30,1403715888.084058285,3.4626,3.4662,0.0000,0,0,0,0,0,0,0.0000,0.0005,0.0000,0
31,1403715888.134057999,3.6905,3.6882,0.0000,0,0,0,0,0,0,0.0000,0.0004,0.0000,0
32,1403715888.184058189,3.4288,3.4330,0.0000,0,0,0,0,0,0,0.0000,0.0006,0.0000,0
33,1403715888.234058142,3.6013,3.6008,0.0000,0,0,0,0,0,0,0.0000,0.0006,0.0000,0
34,1403715888.284058094,3.5322,3.5296,0.0000,0,0,0,0,0,0,0.0000,0.0003,0.0000,0
35,1403715888.334058046,3.9577,3.9614,0.0000,0,0,0,0,0,0,0.0000,0.4055,0.0000,0
36,1403715888.384058237,4.0790,4.0675,0.0000,0,0,0,0,0,0,0.0000,0.4610,0.0000,0
37,1403715888.434058189,3.9170,3.9208,0.0000,0,0,0,0,0,0,0.0000,0.4589,0.0000,0
38,1403715888.484058142,3.9714,3.9648,0.0000,0,0,0,0,0,0,0.0000,0.4640,0.0000,0
39,1403715888.534058094,4.1833,4.1759,0.0000,0,0,0,0,0,0,0.0000,0.4810,0.0000,0
40,1403715888.584058285,3.9161,3.9198,0.0000,0,0,0,0,0,0,0.0000,0.4700,0.0000,0
41,1403715888.634057999,4.1588,4.1444,0.0000,0,0,0,0,0,0,0.0000,0.4770,0.0000,0
42,1403715888.684058189,3.9540,3.9578,0.0000,0,0,0,0,0,0,0.0000,0.4859,0.0000,0
43,1403715888.734058142,4.3962,4.2759,0.0000,0,0,0,0,0,0,0.0000,0.5064,0.0000,0
44,1403715888.784058094,3.9654,3.9588,0.0000,0,0,0,0,0,0,0.0000,0.4729,0.0000,0
45,1403715888.834058046,3.9643,3.9205,0.0000,0,0,0,0,0,0,0.0000,0.4739,0.0000,0
46,1403715888.884058237,4.0020,3.9556,0.0000,0,0,0,0,0,0,0.0000,0.4640,0.0000,0
47,1403715888.934058189,3.8797,3.8787,0.0000,0,0,0,0,0,0,0.0000,0.4604,0.0000,0
48,1403715888.984058142,4.2191,4.1823,0.0000,0,0,0,0,0,0,0.0000,0.4817,0.0000,0
49,1403715889.034058094,3.9328,3.9209,0.0000,0,0,0,0,0,0,0.0000,0.4626,0.0000,0
50,1403715889.084058285,3.7513,3.7547,0.0000,0,0,0,0,0,0,0.0000,0.4594,0.0000,0
51,1403715889.134057999,3.9183,3.9217,0.0000,0,0,0,0,0,0,0.0000,0.4689,0.0000,0
52,1403715889.184058189,3.8098,3.8131,0.0000,0,0,0,0,0,0,0.0000,0.4727,0.0000,0
53,1403715889.234058142,3.9165,3.9200,0.0000,0,0,0,0,0,0,0.0000,0.4741,0.0000,0
54,1403715889.284058094,3.9237,3.9121,0.0000,0,0,0,0,0,0,0.0000,0.4780,0.0000,0
55,1403715889.334058046,3.8639,3.8670,0.0000,0,0,0,0,0,0,0.0000,0.4839,0.0000,0
56,1403715889.384058237,3.9262,3.9134,0.0000,0,0,0,0,0,0,0.0000,0.4921,0.0000,0
57,1403715889.434058189,4.0433,4.0260,0.0000,0,0,0,0,0,0,0.0000,0.4850,0.0000,0
58,1403715889.484058142,3.9679,3.9579,0.0000,0,0,0,0,0,0,0.0000,0.4912,0.0000,0
59,1403715889.534058094,3.9049,3.9040,0.0000,0,0,0,0,0,0,0.0000,0.5026,0.0000,0
60,1403715889.584058285,3.9302,3.9130,0.0000,0,0,0,0,0,0,0.0000,0.4960,0.0000,0
61,1403715889.634057999,3.8310,3.8343,0.0000,0,0,0,0,0,0,0.0000,0.4860,0.0000,0
62,1403715889.684058189,3.8720,3.8713,0.0000,0,0,0,0,0,0,0.0000,0.4969,0.0000,0
63,1403715889.734058142,3.9146,3.9181,0.0000,0,0,0,0,0,0,0.0000,0.4972,0.0000,0
64,1403715889.784058094,4.0081,3.9773,0.0000,0,0,0,0,0,0,0.0000,0.5057,0.0000,0
65,1403715889.834058046,4.2548,4.1762,0.0000,0,0,0,0,0,0,0.0000,0.5071,0.0000,0
66,1403715889.884058237,4.3966,4.3117,0.0000,0,0,0,0,0,0,0.0000,0.5206,0.0000,0
67,1403715889.934058189,4.0362,4.0112,0.0000,0,0,0,0,0,0,0.0000,0.5156,0.0000,0
68,1403715889.984058142,3.9714,3.9603,0.0000,0,0,0,0,0,0,0.0000,0.5122,0.0000,0
69,1403715890.034058094,4.0692,4.0415,0.0000,0,0,0,0,0,0,0.0000,0.5041,0.0000,0
70,1403715890.084058285,4.2090,4.1810,0.0000,0,0,0,0,0,0,0.0000,0.5202,0.0000,0
71,1403715890.134057999,3.9862,3.9897,0.0000,0,0,0,0,0,0,0.0000,0.5310,0.0000,0
72,1403715890.184058189,4.3617,4.3388,0.0000,0,0,0,0,0,0,0.0000,0.5311,0.0000,0
73,1403715890.234058142,4.2944,4.2460,0.0000,0,0,0,0,0,0,0.0000,0.5333,0.0000,0
74,1403715890.284058094,4.4305,4.3803,0.0000,0,0,0,0,0,0,0.0000,0.5186,0.0000,0
75,1403715890.334058046,4.3800,4.3165,0.0000,0,0,0,0,0,0,0.0000,0.5273,0.0000,0
76,1403715890.384058237,4.0522,4.0453,0.0000,0,0,0,0,0,0,0.0000,0.5220,0.0000,0
77,1403715890.434058189,4.3881,4.2459,0.0000,0,0,0,0,0,0,0.0000,0.5423,0.0000,0
78,1403715890.484058142,4.1963,4.1526,0.0000,0,0,0,0,0,0,0.0000,0.5300,0.0000,0
79,1403715890.534058094,4.1878,4.1640,0.0000,0,0,0,0,0,0,0.0000,0.5263,0.0000,0
80,1403715890.584058285,4.1056,4.0874,0.0000,0,0,0,0,0,0,0.0000,0.5211,0.0000,0
81,1403715890.634057999,4.0867,4.0869,0.0000,0,0,0,0,0,0,0.0000,0.5520,0.0000,0
82,1403715890.684058189,4.0985,4.0935,0.0000,0,0,0,0,0,0,0.0000,0.5297,0.0000,0
83,1403715890.734058142,4.2242,4.1835,0.0000,0,0,0,0,0,0,0.0000,0.5352,0.0000,0
84,1403715890.784058094,4.2901,4.2622,0.0000,0,0,0,0,0,0,0.0000,0.5376,0.0000,0
85,1403715890.834058046,3.9227,3.9267,0.0000,0,0,0,0,0,0,0.0000,0.5350,0.0000,0
86,1403715890.884058237,4.2009,4.1660,0.0000,0,0,0,0,0,0,0.0000,0.5178,0.0000,0
87,1403715890.934058189,4.3711,4.3100,0.0000,0,0,0,0,0,0,0.0000,0.5176,0.0000,0
88,1403715890.984058142,4.1502,4.1096,0.0000,0,0,0,0,0,0,0.0000,0.5263,0.0000,0
89,1403715891.034058094,4.2659,4.2051,0.0000,0,0,0,0,0,0,0.0000,0.5468,0.0000,0
90,1403715891.084058285,4.3184,4.2880,0.0000,0,0,0,0,0,0,0.0000,0.5454,0.0000,0
91,1403715891.134057999,4.1325,4.1085,0.0000,0,0,0,0,0,0,0.0000,0.5399,0.0000,0
92,1403715891.184058189,4.3160,4.2484,0.0000,0,0,0,0,0,0,0.0000,0.5308,0.0000,0
93,1403715891.234058142,4.1052,3.9790,0.0000,0,0,0,0,0,0,0.0000,0.5276,0.0000,0
94,1403715891.284058094,4.5022,4.4357,0.0000,0,0,0,0,0,0,0.0000,0.5364,0.0000,0
95,1403715891.334058046,4.0694,4.0250,0.0000,0,0,0,0,0,0,0.0000,0.5375,0.0000,0
96,1403715891.384058237,4.1958,4.1664,0.0000,0,0,0,0,0,0,0.0000,0.5252,0.0000,0
97,1403715891.434058189,4.3489,4.1876,0.0000,0,0,0,0,0,0,0.0000,0.5271,0.0000,0
98,1403715891.484058142,4.1306,4.1132,0.0000,0,0,0,0,0,0,0.0000,0.5351,0.0000,0
99,1403715891.534058094,3.9359,3.9346,0.0000,0,0,0,0,0,0,0.0000,0.5383,0.0000,0
100,1403715891.584058285,4.0793,4.0749,0.0000,0,0,0,0,0,0,0.0000,0.5278,0.0000,0
101,1403715891.634057999,4.1625,4.1003,0.0000,0,0,0,0,0,0,0.0000,0.5244,0.0000,0
102,1403715891.684058189,4.0967,4.0904,0.0000,0,0,0,0,0,0,0.0000,0.5343,0.0000,0
103,1403715891.734058142,3.8455,3.8488,0.0000,0,0,0,0,0,0,0.0000,0.5250,0.0000,0
104,1403715891.784058094,3.9354,3.9332,0.0000,0,0,0,0,0,0,0.0000,0.5287,0.0000,0
105,1403715891.834058046,4.0591,4.0577,0.0000,0,0,0,0,0,0,0.0000,0.5341,0.0000,0
106,1403715891.884058237,4.1661,4.1493,0.0000,0,0,0,0,0,0,0.0000,0.5579,0.0000,0
107,1403715891.934058189,4.2388,4.0499,0.0000,0,0,0,0,0,0,0.0000,0.5353,0.0000,0
108,1403715891.984058142,4.2301,4.1944,0.0000,0,0,0,0,0,0,0.0000,0.5477,0.0000,0
109,1403715892.034058094,4.2530,4.2371,0.0000,0,0,0,0,0,0,0.0000,0.5437,0.0000,0
110,1403715892.084058285,4.3668,4.1688,0.0000,0,0,0,0,0,0,0.0000,0.5627,0.0000,0
111,1403715892.134057999,4.1130,4.1030,0.0000,0,0,0,0,0,0,0.0000,0.5398,0.0000,0
112,1403715892.184058189,4.2706,4.1898,0.0000,0,0,0,0,0,0,0.0000,0.5385,0.0000,0
113,1403715892.234058142,3.9512,3.9484,0.0000,0,0,0,0,0,0,0.0000,0.5395,0.0000,0
114,1403715892.284058094,3.9499,3.9473,0.0000,0,0,0,0,0,0,0.0000,0.5516,0.0000,0
115,1403715892.334058046,4.0225,4.0262,0.0000,0,0,0,0,0,0,0.0000,0.5439,0.0000,0
116,1403715892.384058237,4.2642,4.2525,0.0000,0,0,0,0,0,0,0.0000,0.5584,0.0000,0
117,1403715892.434058189,4.1111,4.1147,0.0000,0,0,0,0,0,0,0.0000,0.5606,0.0000,0
118,1403715892.484058142,4.1839,4.1308,0.0000,0,0,0,0,0,0,0.0000,0.5533,0.0000,0
119,1403715892.534058094,4.2995,4.2147,0.0000,0,0,0,0,0,0,0.0000,0.5572,0.0000,0
120,1403715892.584058285,4.3366,4.3349,0.0000,0,0,0,0,0,0,0.0000,0.5906,0.0000,0
121,1403715892.634057999,4.1573,4.1107,0.0000,0,0,0,0,0,0,0.0000,0.5571,0.0000,0
122,1403715892.684058189,4.1125,4.1090,0.0000,0,0,0,0,0,0,0.0000,0.5474,0.0000,0
123,1403715892.734058142,4.1950,4.1731,0.0000,0,0,0,0,0,0,0.0000,0.5468,0.0000,0
124,1403715892.784058094,4.2310,4.1817,0.0000,0,0,0,0,0,0,0.0000,0.5532,0.0000,0
125,1403715892.834058046,4.1410,4.1415,0.0000,0,0,0,0,0,0,0.0000,0.5885,0.0000,0
126,1403715892.884058237,4.1479,4.1327,0.0000,0,0,0,0,0,0,0.0000,0.5530,0.0000,0
127,1403715892.934058189,4.9078,4.8592,0.0000,0,0,0,0,0,0,0.0000,0.5954,0.0000,0
128,1403715892.984058142,4.2217,4.2131,0.0000,0,0,0,0,0,0,0.0000,0.5673,0.0000,0
129,1403715893.034058094,4.3368,4.2987,0.0000,0,0,0,0,0,0,0.0000,0.5651,0.0000,0
130,1403715893.084058285,4.1160,4.1193,0.0000,0,0,0,0,0,0,0.0000,0.5571,0.0000,0
131,1403715893.134057999,4.0843,4.0879,0.0000,0,0,0,0,0,0,0.0000,0.5667,0.0000,0
132,1403715893.184058189,4.0627,4.0662,0.0000,0,0,0,0,0,0,0.0000,0.5680,0.0000,0
133,1403715893.234058142,4.1909,4.1775,0.0000,0,0,0,0,0,0,0.0000,0.5480,0.0000,0
134,1403715893.284058094,4.0315,4.0318,0.0000,0,0,0,0,0,0,0.0000,0.5453,0.0000,0
135,1403715893.334058046,4.1430,4.1353,0.0000,0,0,0,0,0,0,0.0000,0.5786,0.0000,0
136,1403715893.384058237,4.1327,4.1292,0.0000,0,0,0,0,0,0,0.0000,0.5586,0.0000,0
137,1403715893.434058189,4.0324,4.0359,0.0000,0,0,0,0,0,0,0.0000,0.5525,0.0000,0
138,1403715893.484058142,20.9073,18.8730,0.0000,0,0,0,0,0,0,12.4690,17.3964,0.0000,0
139,1403715893.534058094,5.7622,5.7657,0.0000,0,0,0,0,0,0,0.0000,2.3651,0.0000,0
140,1403715893.584058285,35.5045,35.3249,0.0000,0,0,0,0,0,0,26.9139,32.0033,0.0000,0
141,1403715893.634057999,4.9892,4.9927,0.3669,2,3,0,0,0,2,0.0000,0.5797,0.5109,1
142,1403715893.684058189,4.5675,4.5555,0.8512,2,6,0,0,0,2,0.0000,1.1246,1.0623,1
143,1403715893.734058142,4.8272,4.8306,1.0779,2,5,0,0,0,2,0.0000,1.4145,1.3552,1
144,1403715893.784058094,20.0574,19.5997,15.4862,2,14,0,0,1,1,0.0000,16.6389,16.5712,1
145,1403715893.834058046,4.2436,4.2471,0.5622,2,5,0,0,0,2,0.0000,0.7913,0.7223,1
146,1403715893.884058237,4.7056,4.7091,0.9260,2,6,0,0,0,2,0.0000,1.2228,1.1584,1
147,1403715893.934058189,5.0877,5.0871,1.1740,2,5,0,0,0,2,0.0000,1.5516,1.4855,1
148,1403715893.984058142,15.5271,15.5170,10.7930,2,13,0,0,1,1,0.0000,12.0471,11.9755,1
149,1403715894.034058094,4.3999,4.3562,0.4880,2,4,0,0,0,2,0.0000,0.7399,0.6639,1
150,1403715894.084058285,4.3975,4.3919,0.6893,2,4,0,0,0,2,0.0000,0.9910,0.9227,1
151,1403715894.134057999,4.8012,4.7970,0.9699,2,4,0,0,0,2,0.0000,1.3703,1.2888,1
152,1403715894.184058189,19.3683,18.9790,11.7681,2,13,0,0,1,1,0.0000,15.6816,15.6118,1
153,1403715894.234058142,4.1921,4.1764,0.4430,2,4,0,0,0,2,0.0000,0.6680,0.6059,1
154,1403715894.284058094,4.2172,4.2209,0.6602,2,4,0,0,0,2,0.0000,0.9635,0.8935,1
155,1403715894.334058046,5.2694,5.2052,1.1101,2,5,0,0,0,2,0.0000,1.4718,1.4058,1
156,1403715894.384058237,23.8607,23.8537,16.3372,2,13,0,0,1,1,0.0000,20.4279,20.3524,1
157,1403715894.434058189,4.3082,4.2947,0.4897,2,5,0,0,0,2,0.0000,0.7131,0.6457,1
158,1403715894.484058142,4.4932,4.4897,0.7770,2,5,0,0,0,2,0.0000,1.0871,1.0060,1
159,1403715894.534058094,5.0961,5.0763,1.0271,2,5,0,0,0,2,0.0000,1.3791,1.3131,1
160,1403715894.584058285,32.8262,32.8300,25.5959,2,13,0,0,1,1,0.0000,29.5194,29.4451,1
161,1403715894.634057999,4.0145,3.9908,0.3259,2,3,0,0,0,2,0.0000,0.5418,0.4716,1
162,1403715894.684058189,4.6527,4.6423,0.7880,2,6,0,0,0,2,0.0000,1.0742,1.0023,1
163,1403715894.734058142,4.7853,4.7889,1.0512,2,5,0,0,0,2,0.0000,1.3978,1.3283,1
164,1403715894.784058094,22.9186,22.8993,15.3680,2,13,0,0,1,1,0.0000,19.2710,19.2028,1
165,1403715894.834058046,4.1803,4.1808,0.4640,2,5,0,0,0,2,0.0000,0.6659,0.6047,1
166,1403715894.884058237,4.4556,4.4053,0.5701,2,4,0,0,0,2,0.0000,0.8280,0.7622,1
167,1403715894.934058189,4.6115,4.6109,0.9308,2,5,0,0,0,2,0.0000,1.2427,1.1813,1
168,1403715894.984058142,22.0254,21.9800,14.5121,2,13,0,0,1,1,0.0000,18.3320,18.2799,1
169,1403715895.034058094,3.8375,3.8220,0.2739,2,4,0,0,0,2,0.0000,0.4450,0.3762,1
170,1403715895.084058285,4.3018,4.2611,0.4361,2,4,0,0,0,2,0.0000,0.6447,0.5772,1
171,1403715895.134057999,4.4794,4.4405,0.5488,2,4,0,0,0,2,0.0000,0.7832,0.7259,1
172,1403715895.184058189,20.9238,20.9019,13.7699,2,13,0,0,1,1,0.0000,17.5751,17.5079,1
173,1403715895.234058142,3.6867,3.6906,0.3269,2,4,0,0,0,2,0.0000,0.5181,0.4460,1
174,1403715895.284058094,3.9464,3.9232,0.3939,2,4,0,0,0,2,0.0000,0.5776,0.5238,1
175,1403715895.334058046,3.9849,3.9668,0.5128,2,4,0,0,0,2,0.0000,0.7535,0.6840,1
176,1403715895.384058237,19.8469,19.8363,12.8918,2,13,0,0,1,1,0.0000,16.6118,16.5448,1
177,1403715895.434058189,3.5944,3.5920,0.2229,2,4,0,0,0,2,0.0000,0.3465,0.3020,1
178,1403715895.484058142,3.5434,3.5373,0.3209,2,4,0,0,0,2,0.0000,0.4952,0.4376,1
179,1403715895.534058094,3.8033,3.7857,0.4652,2,4,0,0,0,2,0.0000,0.6664,0.6043,1
180,1403715895.584058285,19.1075,19.1015,12.2473,2,13,0,0,1,1,0.0000,15.8623,15.8112,1
181,1403715895.634057999,3.3994,3.3994,0.2410,2,4,0,0,0,2,0.0000,0.3770,0.3223,1
182,1403715895.684058189,3.5918,3.5574,0.3140,2,4,0,0,0,2,0.0000,0.4658,0.4140,1
183,1403715895.734058142,3.7504,3.7387,0.4320,2,4,0,0,0,2,0.0000,0.6082,0.5601,1
184,1403715895.784058094,17.8687,17.8722,11.4691,2,13,0,0,1,1,0.0000,14.9951,14.9425,1
185,1403715895.834058046,3.4155,3.4161,0.2580,2,4,0,0,0,2,0.0000,0.4006,0.3511,1
186,1403715895.884058237,3.6301,3.6101,0.3281,2,4,0,0,0,2,0.0000,0.4661,0.4292,1
187,1403715895.934058189,3.4090,3.3845,0.4213,2,4,0,0,0,2,0.0000,0.5887,0.5454,1
188,1403715895.984058142,17.0860,17.0667,10.7751,2,13,0,0,1,1,0.0000,14.1630,14.1240,1
189,1403715896.034058094,3.2604,3.2498,0.2079,2,4,0,0,0,2,0.0000,0.3191,0.2805,1
190,1403715896.084058285,3.2107,3.2143,0.2882,2,4,0,0,0,2,0.0000,0.4223,0.3787,1
191,1403715896.134057999,3.5813,3.5559,0.3760,2,4,0,0,0,2,0.0000,0.5321,0.4900,1
192,1403715896.184058189,16.3916,16.3639,10.1380,2,13,0,0,1,1,0.0000,13.4342,13.3863,1
193,1403715896.234058142,3.5665,3.5378,0.2229,2,4,0,0,0,2,0.0000,0.3504,0.3055,1
194,1403715896.284058094,3.3972,3.4010,0.3152,2,4,0,0,0,2,0.0000,0.4618,0.4169,1
195,1403715896.334058046,3.6008,3.5809,0.3688,2,4,0,0,0,2,0.0000,0.5305,0.4875,1
196,1403715896.384058237,15.8575,15.8610,9.7809,2,13,0,0,1,1,0.0000,12.9798,12.9413,1
197,1403715896.434058189,3.0927,3.0967,0.2069,2,4,0,0,0,2,0.0000,0.3316,0.2883,1
198,1403715896.484058142,3.6192,3.5305,0.2551,2,4,0,0,0,2,0.0000,0.3625,0.3337,1
199,1403715896.534058094,3.7456,3.7023,0.3340,2,4,0,0,0,2,0.0000,0.4737,0.4345,1
200,1403715896.584058285,14.8703,14.8742,9.0408,2,13,0,0,1,1,0.0000,12.1421,12.1021,1
201,1403715896.634057999,3.3802,3.3550,0.1647,2,4,0,0,0,2,0.0000,0.2572,0.2268,1
202,1403715896.684058189,3.0850,3.0845,0.2601,2,4,0,0,0,2,0.0000,0.3722,0.3358,1
203,1403715896.734058142,3.1871,3.1905,0.3302,2,4,0,0,0,2,0.0000,0.4599,0.4241,1
204,1403715896.784058094,14.2145,14.1981,8.4250,2,13,0,0,1,1,0.0000,11.3853,11.3509,1
205,1403715896.834058046,3.2441,3.2221,0.1569,2,4,0,0,0,2,0.0000,0.2550,0.2142,1
206,1403715896.884058237,3.2372,3.1860,0.2251,2,4,0,0,0,2,0.0000,0.3388,0.2947,1
207,1403715896.934058189,3.1624,3.1660,0.3271,2,4,0,0,0,2,0.0000,0.4533,0.4168,1
208,1403715896.984058142,13.9042,13.8723,8.0760,2,13,0,0,1,1,0.0000,11.0740,11.0395,1
209,1403715897.034058094,13.7103,13.6848,7.7951,2,13,0,0,1,1,0.0000,10.7317,10.6978,1
210,1403715897.084058285,3.0267,3.0234,0.1640,2,4,0,0,0,2,0.0000,0.2596,0.2177,1
211,1403715897.134057999,3.3240,3.3160,0.2360,2,4,0,0,0,2,0.0000,0.3442,0.3061,1
212,1403715897.184058189,3.2677,3.2555,0.3221,2,4,0,0,0,2,0.0000,0.4612,0.4181,1
213,1403715897.234058142,13.3847,13.3809,7.7410,2,13,0,0,1,1,0.0000,10.5900,10.5530,1
214,1403715897.284058094,3.0457,3.0498,0.1440,2,3,0,0,0,2,0.0000,0.2353,0.1970,1
215,1403715897.334058046,13.3857,13.3739,7.7491,2,13,0,0,1,1,0.0000,10.5735,10.5353,1
216,1403715897.384058237,3.1483,3.1474,0.1640,2,4,0,0,0,2,0.0000,0.2527,0.2189,1
217,1403715897.434058189,3.3000,3.2895,0.2580,2,4,0,0,0,2,0.0000,0.3668,0.3301,1
218,1403715897.484058142,13.5003,13.4895,7.7353,2,13,0,0,1,1,0.0000,10.6736,10.6384,1
219,1403715897.534058094,3.1563,3.1417,0.1721,2,4,0,0,0,2,0.0000,0.2659,0.2286,1
220,1403715897.584058285,3.3036,3.3072,0.2739,2,4,0,0,0,2,0.0000,0.3902,0.3509,1
221,1403715897.634057999,7.3307,3.4368,0.3610,2,4,0,0,0,2,0.0000,0.4979,0.4580,1
222,1403715897.684058189,13.7962,13.7883,7.9670,2,13,0,0,1,1,0.0000,10.8118,10.7692,1
223,1403715897.734058142,3.2143,3.1946,0.1919,2,4,0,0,0,2,0.0000,0.2949,0.2575,1
224,1403715897.784058094,3.5155,3.4946,0.2782,2,4,0,0,0,2,0.0000,0.4013,0.3592,1
225,1403715897.834058046,3.6275,3.6036,0.3462,2,4,0,0,0,2,0.0000,0.4886,0.4439,1
226,1403715897.884058237,13.9930,13.9942,7.9548,2,13,0,0,1,1,0.0000,10.7991,10.7545,1
227,1403715897.934058189,3.9591,3.8902,0.1800,2,4,0,0,0,2,0.0000,0.2859,0.2418,1
228,1403715897.984058142,3.5843,3.5773,0.2558,2,4,0,0,0,2,0.0000,0.3674,0.3313,1
229,1403715898.034058094,3.5651,3.5517,0.3459,2,4,0,0,0,2,0.0000,0.4761,0.4410,1
230,1403715898.084058285,13.5526,13.5429,7.6499,2,13,0,0,1,1,0.0000,10.4263,10.3904,1
231,1403715898.134057999,3.4908,3.4813,0.1628,2,4,0,0,0,2,0.0000,0.2518,0.2143,1
232,1403715898.184058189,3.5182,3.5123,0.2129,2,4,0,0,0,2,0.0000,0.3148,0.2779,1
233,1403715898.234058142,13.7837,13.7607,7.6480,2,13,0,0,1,1,0.0000,10.3773,10.3390,1
234,1403715898.284058094,3.3441,3.3479,0.1419,2,4,0,0,0,2,0.0000,0.2313,0.1923,1
235,1403715898.334058046,13.6905,13.6208,7.6351,2,13,0,0,1,1,0.0000,10.4062,10.3706,1
236,1403715898.384058237,3.4144,3.4123,0.1459,2,4,0,0,0,2,0.0000,0.2348,0.1968,1
237,1403715898.434058189,14.0860,14.0484,7.6721,2,13,0,0,1,1,0.0000,10.4022,10.3718,1
238,1403715898.484058142,14.0347,14.0030,7.6919,2,13,0,0,1,1,0.0000,10.4290,10.3890,1
239,1403715898.534058094,13.4216,13.4230,7.5209,2,13,0,0,1,1,0.0000,10.1825,10.1436,1
240,1403715898.584058285,3.4445,3.4481,0.1478,2,3,0,0,0,2,0.0000,0.2526,0.2097,1
241,1403715898.634057999,3.6508,3.6543,0.2840,2,4,0,0,0,2,0.0000,0.4072,0.3678,1
242,1403715898.684058189,3.6235,3.6210,0.3500,2,4,0,0,0,2,0.0000,0.4851,0.4476,1
243,1403715898.734058142,13.3284,13.3300,7.4182,2,13,0,0,1,1,0.0000,10.0699,10.0498,1
244,1403715898.784058094,13.9760,13.9735,7.7579,2,13,0,0,1,1,0.0000,10.5431,10.4975,1
245,1403715898.834058046,3.7336,3.7333,0.2060,2,4,0,0,0,2,0.0000,0.3119,0.2742,1
246,1403715898.884058237,4.4042,4.3910,0.2952,2,4,0,0,0,2,0.0000,0.4192,0.3808,1
247,1403715898.934058189,4.0200,4.0212,0.3619,2,4,0,0,0,2,0.0000,0.5033,0.4683,1
248,1403715898.984058142,13.9190,13.9189,7.5939,2,13,0,0,1,1,0.0000,10.3311,10.2845,1
249,1403715899.034058094,3.9968,3.9934,0.1779,2,4,0,0,0,2,0.0000,0.2784,0.2388,1
250,1403715899.084058285,4.5407,4.5201,0.2661,2,4,0,0,0,2,0.0000,0.3870,0.3434,1
251,1403715899.134057999,4.2442,4.2252,0.3538,2,4,0,0,0,2,0.0000,0.5060,0.4510,1
252,1403715899.184058189,14.1568,14.1480,7.7088,2,13,0,0,1,1,0.0000,10.4740,10.4310,1
253,1403715899.234058142,4.0496,4.0453,0.1852,2,4,0,0,0,2,0.0000,0.2988,0.2485,1
254,1403715899.284058094,4.1288,4.1307,0.2589,2,4,0,0,0,2,0.0000,0.3866,0.3378,1
255,1403715899.334058046,4.2879,4.2843,0.3729,2,4,0,0,0,2,0.0000,0.5232,0.4759,1
256,1403715899.384058237,14.0786,14.0822,7.7360,2,13,0,0,1,1,0.0000,10.4040,10.3590,1
257,1403715899.434058189,3.9614,3.9614,0.2091,2,4,0,0,0,2,0.0000,0.3298,0.2798,1
258,1403715899.484058142,4.2045,4.2037,0.2990,2,4,0,0,0,2,0.0000,0.4441,0.3922,1
259,1403715899.534058094,4.3332,4.3276,0.4010,2,4,0,0,0,2,0.0000,0.5644,0.5168,1
260,1403715899.584058285,14.0988,14.0986,7.9303,2,13,0,0,1,1,0.0000,10.5813,10.5292,1
261,1403715899.634057999,3.9751,3.9663,0.2220,2,4,0,0,0,2,0.0000,0.3566,0.3007,1
262,1403715899.684058189,4.0532,4.0547,0.3180,2,4,0,0,0,2,0.0000,0.4753,0.4181,1
263,1403715899.734058142,4.2610,4.2468,0.4010,2,4,0,0,0,2,0.0000,0.5805,0.5212,1
264,1403715899.784058094,14.3825,14.3832,8.0979,2,13,0,0,1,1,0.0000,10.7255,10.6678,1
265,1403715899.834058046,4.7061,4.6232,0.2129,2,4,0,0,0,2,0.0000,0.3464,0.2929,1
266,1403715899.884058237,4.0077,3.9939,0.3140,2,4,0,0,0,2,0.0000,0.4696,0.4129,1
267,1403715899.934058189,4.3292,4.3070,0.4129,2,4,0,0,0,2,0.0000,0.5930,0.5317,1
268,1403715899.984058142,14.1802,14.1642,7.8812,2,13,0,0,1,1,0.0000,10.4473,10.3928,1
269,1403715900.034058094,3.9233,3.9120,0.2031,2,4,0,0,0,2,0.0000,0.3350,0.2762,1
270,1403715900.084058285,3.9370,3.9185,0.3080,2,4,0,0,0,2,0.0000,0.4575,0.4021,1
271,1403715900.134057999,4.3406,4.3055,0.3657,2,4,0,0,0,2,0.0000,0.5342,0.4808,1
272,1403715900.184058189,15.1770,14.9472,8.0869,2,13,0,0,1,1,0.0000,11.0362,10.9666,1
273,1403715900.234058142,4.2958,4.1936,0.2110,2,4,0,0,0,2,0.0000,0.3454,0.2854,1
274,1403715900.284058094,4.0350,4.0173,0.3071,2,4,0,0,0,2,0.0000,0.4569,0.3975,1
275,1403715900.334058046,4.2749,4.2580,0.3850,2,4,0,0,0,2,0.0000,0.5535,0.4978,1
276,1403715900.384058237,14.0705,14.0741,7.5960,2,13,0,0,1,1,0.0000,10.5252,10.4708,1
277,1403715900.434058189,14.3010,14.2990,7.6349,2,13,0,0,1,1,0.0000,10.5009,10.4445,1
278,1403715900.484058142,17.3820,17.3010,10.1929,2,13,0,0,1,1,0.0000,13.0784,13.0188,1
279,1403715900.534058094,13.7826,13.7865,7.2699,2,13,0,0,1,1,0.0000,10.1032,10.0507,1
280,1403715900.584058285,16.6319,16.6028,10.2620,2,13,0,0,1,1,0.0000,13.1743,13.1143,1
281,1403715900.634057999,4.1210,4.1153,0.2110,2,4,0,0,0,2,0.0000,0.3336,0.2800,1
282,1403715900.684058189,14.5825,14.5062,7.9620,2,13,0,0,1,1,0.0000,10.8535,10.8113,1
283,1403715900.734058142,3.9343,3.8762,0.1540,2,3,0,0,0,2,0.0000,0.2671,0.2142,1
284,1403715900.784058094,15.2694,15.1785,8.5952,2,13,0,0,1,1,0.0000,11.7965,11.7527,1
285,1403715900.834058046,6.0175,5.3183,0.3948,2,3,0,0,0,2,0.0000,0.6588,0.5046,1
286,1403715900.884058237,5.2907,4.5905,0.3140,2,4,0,0,0,2,0.0000,0.4588,0.4048,1
287,1403715900.934058189,16.7813,16.4310,9.2270,2,13,0,0,1,1,0.0000,12.4988,12.4395,1
288,1403715900.984058142,4.4057,4.2650,0.2263,2,4,0,0,0,2,0.0000,0.3418,0.2940,1
289,1403715901.034058094,4.5696,4.4006,0.3121,2,4,0,0,0,2,0.0000,0.4507,0.3990,1
290,1403715901.084058285,5.3665,5.0238,0.5112,2,4,0,0,0,2,0.0000,0.6713,0.6220,1
291,1403715901.134057999,18.4039,17.1312,10.4799,2,13,0,0,1,1,0.0000,13.8661,13.7342,1
292,1403715901.184058189,5.0355,4.7252,0.2360,2,4,0,0,0,2,0.0000,0.3781,0.3137,1
293,1403715901.234058142,3.9627,3.9523,0.3040,2,4,0,0,0,2,0.0000,0.4466,0.3921,1
294,1403715901.284058094,4.7845,4.4107,0.3920,2,4,0,0,0,2,0.0000,0.5400,0.4965,1
295,1403715901.334058046,22.3220,22.2510,15.4500,2,13,0,0,1,1,0.0000,18.5664,18.5067,1
296,1403715901.384058237,3.9461,3.9103,0.2489,2,4,0,0,0,2,0.0000,0.3903,0.3333,1
297,1403715901.434058189,4.5530,4.3462,0.2809,2,4,0,0,0,2,0.0000,0.3993,0.3603,1
298,1403715901.484058142,15.5515,15.4650,8.7960,2,13,0,0,1,1,0.0000,11.8463,11.7881,1
299,1403715901.534058094,3.8630,3.8214,0.2189,2,4,0,0,0,2,0.0000,0.3459,0.2935,1
300,1403715901.584058285,14.8807,14.6925,8.3899,2,13,0,0,1,1,0.0000,11.2055,11.1667,1
301,1403715901.634057999,14.6460,14.6423,8.4829,2,13,0,0,1,1,0.0000,11.4657,11.4015,1
302,1403715901.684058189,3.6836,3.6749,0.2809,2,4,0,0,0,2,0.0000,0.4274,0.3752,1
303,1403715901.734058142,3.8455,3.7946,0.3808,2,4,0,0,0,2,0.0000,0.5411,0.4961,1
304,1403715901.784058094,3.9947,3.9683,0.4849,2,4,0,0,0,2,0.0000,0.6892,0.6283,1
305,1403715901.834058046,15.3582,15.1180,8.4701,2,13,0,0,1,1,0.0000,11.5318,11.4699,1
306,1403715901.884058237,4.3892,4.2863,0.2329,2,4,0,0,0,2,0.0000,0.3748,0.3151,1
307,1403715901.934058189,3.9549,3.9459,0.3459,2,4,0,0,0,2,0.0000,0.5121,0.4479,1
308,1403715901.984058142,4.0558,4.0557,0.4091,2,4,0,0,0,2,0.0000,0.5850,0.5293,1
309,1403715902.034058094,14.4615,14.4398,8.1110,2,13,0,0,1,1,0.0000,11.0569,11.0040,1
310,1403715902.084058285,3.6827,3.6713,0.2029,2,4,0,0,0,2,0.0000,0.3433,0.2780,1
311,1403715902.134057999,4.0382,3.9913,0.3402,2,4,0,0,0,2,0.0000,0.5163,0.4450,1
312,1403715902.184058189,3.9359,3.9205,0.3960,2,4,0,0,0,2,0.0000,0.5672,0.5091,1
313,1403715902.234058142,14.7162,14.7062,8.0600,2,13,0,0,1,1,0.0000,11.0547,10.9923,1
314,1403715902.284058094,3.8799,3.8551,0.2310,2,4,0,0,0,2,0.0000,0.3744,0.3118,1
315,1403715902.334058046,4.0239,3.9969,0.3200,2,4,0,0,0,2,0.0000,0.4735,0.4170,1
316,1403715902.384058237,4.0478,4.0370,0.4079,2,4,0,0,0,2,0.0000,0.5827,0.5248,1
317,1403715902.434058189,14.5699,14.5307,7.9808,2,13,0,0,1,1,0.0000,10.9801,10.9180,1
318,1403715902.484058142,14.6261,14.6010,8.0500,2,13,0,0,1,1,0.0000,11.0255,10.9814,1
319,1403715902.534058094,18.7615,18.2821,10.4210,2,13,0,0,1,1,0.0000,14.2002,13.9980,1
320,1403715902.584058285,4.6122,3.9862,0.2408,2,4,0,0,0,2,0.0000,0.3841,0.3284,1
321,1403715902.634057999,3.6542,3.6513,0.3271,2,4,0,0,0,2,0.0000,0.4739,0.4271,1
322,1403715902.684058189,3.8647,3.8443,0.4129,2,4,0,0,0,2,0.0000,0.5715,0.5284,1
323,1403715902.734058142,14.4497,14.4420,8.1861,2,13,0,0,1,1,0.0000,11.0374,10.9910,1
324,1403715902.784058094,3.8520,3.8170,0.1769,2,4,0,0,0,2,0.0000,0.2795,0.2394,1
325,1403715902.834058046,3.8568,3.8328,0.2961,2,4,0,0,0,2,0.0000,0.4350,0.3860,1
326,1403715902.884058237,4.5170,4.3140,0.3791,2,4,0,0,0,2,0.0000,0.5322,0.4809,1
327,1403715902.934058189,15.5128,15.4994,8.4341,2,13,0,0,1,1,0.0000,11.3658,11.3385,1
328,1403715902.984058142,20.0666,20.0035,9.1178,2,13,0,0,1,1,0.0000,15.2374,15.1717,1
329,1403715903.034058094,3.9485,3.9429,0.2198,2,3,0,0,0,2,0.0000,0.3562,0.3075,1
330,1403715903.084058285,4.3988,4.3662,0.3762,2,4,0,0,0,2,0.0000,0.5410,0.4885,1
331,1403715903.134057999,4.6026,4.4522,0.4580,2,4,0,0,0,2,0.0000,0.6468,0.5921,1
332,1403715903.184058189,14.8028,14.7936,8.2231,2,13,0,0,1,1,0.0000,11.1987,11.1481,1
333,1403715903.234058142,4.4520,4.4340,0.2599,2,4,0,0,0,2,0.0000,0.4049,0.3461,1
334,1403715903.284058094,4.6638,4.6306,0.3469,2,4,0,0,0,2,0.0000,0.5108,0.4530,1
335,1403715903.334058046,5.0162,4.9671,0.4151,2,4,0,0,0,2,0.0000,0.6050,0.5440,1
336,1403715903.384058237,15.1899,15.1790,8.3418,2,13,0,0,1,1,0.0000,11.2995,11.2415,1
337,1403715903.434058189,4.3582,4.2767,0.2601,2,4,0,0,0,2,0.0000,0.4152,0.3514,1
338,1403715903.484058142,4.2835,4.2360,0.3340,2,4,0,0,0,2,0.0000,0.4992,0.4382,1
339,1403715903.534058094,6.1124,5.1948,0.4230,2,4,0,0,0,2,0.0000,0.6105,0.5498,1
340,1403715903.584058285,16.0694,15.8669,8.3520,2,13,0,0,1,1,0.0000,11.3283,11.2650,1
341,1403715903.634057999,5.6544,5.0379,0.2651,2,4,0,0,0,2,0.0000,0.4241,0.3559,1
342,1403715903.684058189,4.2530,4.2566,0.3090,2,4,0,0,0,2,0.0000,0.4731,0.4055,1
343,1403715903.734058142,4.0613,4.0653,0.4010,2,4,0,0,0,2,0.0000,0.5754,0.5180,1
344,1403715903.784058094,14.8246,14.7693,8.0430,2,13,0,0,1,1,0.0000,10.8539,10.7971,1
345,1403715903.834058046,4.2556,4.2241,0.1841,2,4,0,0,0,2,0.0000,0.3025,0.2513,1
346,1403715903.884058237,4.2023,4.1767,0.2387,2,4,0,0,0,2,0.0000,0.3532,0.3118,1
347,1403715903.934058189,4.2633,4.1251,0.2980,2,4,0,0,0,2,0.0000,0.4245,0.3788,1
348,1403715903.984058142,14.4898,14.4224,7.8330,2,13,0,0,1,1,0.0000,10.5320,10.4915,1
349,1403715904.034058094,3.7518,3.7384,0.1638,2,4,0,0,0,2,0.0000,0.2674,0.2199,1
350,1403715904.084058285,4.0668,4.0465,0.2360,2,4,0,0,0,2,0.0000,0.3452,0.3038,1
351,1403715904.134057999,13.8280,13.8119,7.6311,2,13,0,0,1,1,0.0000,10.3638,10.3250,1
352,1403715904.184058189,3.6703,3.6642,0.1738,2,4,0,0,0,2,0.0000,0.2915,0.2406,1
353,1403715904.234058142,3.9408,3.9252,0.2582,2,4,0,0,0,2,0.0000,0.3815,0.3345,1
354,1403715904.284058094,13.7900,13.7848,7.7372,2,13,0,0,1,1,0.0000,10.4362,10.3871,1
355,1403715904.334058046,3.6755,3.6794,0.1650,2,4,0,0,0,2,0.0000,0.2706,0.2279,1
356,1403715904.384058237,3.9553,3.9303,0.2272,2,4,0,0,0,2,0.0000,0.3385,0.2986,1
357,1403715904.434058189,3.9475,3.9242,0.3190,2,4,0,0,0,2,0.0000,0.4567,0.4078,1
358,1403715904.484058142,17.5445,16.2079,10.4663,2,13,0,0,1,1,0.0000,13.0304,12.9772,1
359,1403715904.534058094,3.4586,3.4587,0.1674,2,4,0,0,0,2,0.0000,0.2705,0.2268,1
360,1403715904.584058285,3.6700,3.6539,0.2449,2,4,0,0,0,2,0.0000,0.3570,0.3170,1
361,1403715904.634057999,14.1689,14.0319,7.9081,2,13,0,0,1,1,0.0000,10.6589,10.6172,1
362,1403715904.684058189,3.3163,3.2973,0.1600,2,4,0,0,0,2,0.0000,0.2511,0.2148,1
363,1403715904.734058142,13.4821,13.4361,7.2801,2,13,0,0,1,1,0.0000,9.9053,9.8710,1
364,1403715904.784058094,22.4209,22.3858,13.5560,2,13,0,0,1,1,0.0000,19.2424,19.2027,1
365,1403715904.834058046,3.2128,3.2120,0.1490,2,4,0,0,0,2,0.0000,0.2339,0.1991,1
366,1403715904.884058237,29.0149,29.0164,23.4609,2,13,0,0,1,1,0.0000,26.0930,26.0636,1
367,1403715904.934058189,13.3725,13.3605,7.4351,2,13,0,0,1,1,0.0000,9.9220,9.8765,1
368,1403715904.984058142,3.9628,3.8960,0.1752,2,4,0,0,0,2,0.0000,0.2727,0.2319,1
369,1403715905.034058094,3.5257,3.5042,0.2627,2,4,0,0,0,2,0.0000,0.3721,0.3347,1
370,1403715905.084058285,18.7355,18.6445,12.8543,2,13,0,0,1,1,0.0000,15.4626,15.4269,1
371,1403715905.134057999,3.2876,3.2365,0.1729,2,4,0,0,0,2,0.0000,0.2692,0.2305,1
372,1403715905.184058189,13.3248,13.2782,7.3562,2,13,0,0,1,1,0.0000,10.0709,10.0474,1
373,1403715905.234058142,13.5211,13.5169,7.6220,2,13,0,0,1,1,0.0000,10.3218,10.2815,1
374,1403715905.284058094,3.3180,3.3164,0.1528,2,3,0,0,0,2,0.0000,0.2574,0.2170,1
375,1403715905.334058046,3.5004,3.4872,0.2601,2,4,0,0,0,2,0.0000,0.3693,0.3392,1
376,1403715905.384058237,3.5575,3.5440,0.3772,2,4,0,0,0,2,0.0000,0.5206,0.4829,1
377,1403715905.434058189,13.6471,13.5258,7.7059,2,13,0,0,1,1,0.0000,10.3775,10.3417,1
378,1403715905.484058142,3.7259,3.6502,0.1979,2,4,0,0,0,2,0.0000,0.4062,0.2715,1
379,1403715905.534058094,3.8191,3.7633,0.3052,2,4,0,0,0,2,0.0000,0.4434,0.3920,1
380,1403715905.584058285,3.4618,3.4585,0.3612,2,4,0,0,0,2,0.0000,0.4987,0.4583,1
381,1403715905.634057999,13.2762,13.2755,7.8099,2,13,0,0,1,1,0.0000,10.4547,10.4237,1
382,1403715905.684058189,13.4618,13.4277,7.7949,2,13,0,0,1,1,0.0000,10.4143,10.3770,1
383,1403715905.734058142,13.2492,13.2408,7.7381,2,13,0,0,1,1,0.0000,10.3282,10.2918,1
384,1403715905.784058094,13.0702,13.0700,7.6637,2,13,0,0,1,1,0.0000,10.2392,10.2079,1
385,1403715905.834058046,13.1532,13.1267,7.6833,2,13,0,0,1,1,0.0000,10.2510,10.2210,1
386,1403715905.884058237,3.1247,3.1149,0.1340,2,3,0,0,0,2,0.0000,0.2163,0.1853,1
387,1403715905.934058189,12.9769,12.9803,7.6318,2,13,0,0,1,1,0.0000,10.2060,10.1772,1
388,1403715905.984058142,3.3358,3.3316,0.1700,2,4,0,0,0,2,0.0000,0.2620,0.2222,1
389,1403715906.034058094,13.4160,13.3955,7.6523,2,13,0,0,1,1,0.0000,10.2104,10.1764,1
390,1403715906.084058285,13.0239,13.0208,7.5531,2,13,0,0,1,1,0.0000,10.1007,10.0757,1
391,1403715906.134057999,13.2449,13.2455,7.5428,2,13,0,0,1,1,0.0000,10.2813,10.2356,1
392,1403715906.184058189,3.7088,3.6840,0.1991,2,4,0,0,0,2,0.0000,0.3111,0.2632,1
393,1403715906.234058142,13.5401,13.5152,7.5502,2,13,0,0,1,1,0.0000,10.1654,10.1332,1
394,1403715906.284058094,14.0536,14.0428,8.0218,2,13,0,0,1,1,0.0000,10.7380,10.6883,1
395,1403715906.334058046,4.0475,3.9514,0.2229,2,4,0,0,0,2,0.0000,0.3448,0.2976,1
396,1403715906.384058237,3.7102,3.7049,0.3140,2,4,0,0,0,2,0.0000,0.4445,0.4049,1
397,1403715906.434058189,3.8079,3.7913,0.4191,2,4,0,0,0,2,0.0000,0.6217,0.5434,1
398,1403715906.484058142,14.7415,14.7453,8.5962,2,13,0,0,1,1,0.0000,11.4545,11.3983,1
399,1403715906.534058094,3.7365,3.7363,0.2069,2,4,0,0,0,2,0.0000,0.3248,0.2767,1
400,1403715906.584058285,3.7265,3.7276,0.3119,2,4,0,0,0,2,0.0000,0.4488,0.3996,1
401,1403715906.634057999,3.9411,3.9272,0.3870,2,4,0,0,0,2,0.0000,0.5469,0.4912,1
402,1403715906.684058189,14.7440,14.7382,8.3220,2,13,0,0,1,1,0.0000,11.2358,11.1819,1
403,1403715906.734058142,4.2665,4.2159,0.1922,2,4,0,0,0,2,0.0000,0.3108,0.2572,1
404,1403715906.784058094,3.7901,3.7848,0.2630,2,4,0,0,0,2,0.0000,0.3942,0.3412,1
405,1403715906.834058046,14.2952,14.2597,7.9889,2,13,0,0,1,1,0.0000,10.6943,10.6538,1
406,1403715906.884058237,3.6763,3.6719,0.1872,2,4,0,0,0,2,0.0000,0.3080,0.2463,1
407,1403715906.934058189,3.8745,3.7958,0.2570,2,4,0,0,0,2,0.0000,0.3853,0.3309,1
408,1403715906.984058142,14.3154,14.3125,8.1000,2,13,0,0,1,1,0.0000,10.8312,10.7753,1
409,1403715907.034058094,3.4230,3.4268,0.2091,2,4,0,0,0,2,0.0000,0.3325,0.2815,1
410,1403715907.084058285,3.7562,3.7059,0.2739,2,4,0,0,0,2,0.0000,0.4043,0.3545,1
411,1403715907.134057999,3.7005,3.7002,0.3431,2,4,0,0,0,2,0.0000,0.4865,0.4434,1
412,1403715907.184058189,13.7428,13.7154,7.8058,2,13,0,0,1,1,0.0000,10.4884,10.4438,1
413,1403715907.234058142,3.9301,3.8924,0.2151,2,4,0,0,0,2,0.0000,0.3421,0.2897,1
414,1403715907.284058094,3.6922,3.6959,0.2780,2,4,0,0,0,2,0.0000,0.4021,0.3631,1
415,1403715907.334058046,3.9923,3.9722,0.3779,2,4,0,0,0,2,0.0000,0.5261,0.4782,1
416,1403715907.384058237,13.5260,13.5297,7.6110,2,13,0,0,1,1,0.0000,10.3843,10.3436,1
417,1403715907.434058189,3.5490,3.5525,0.2089,2,4,0,0,0,2,0.0000,0.3300,0.2811,1
418,1403715907.484058142,3.4971,3.4975,0.2692,2,4,0,0,0,2,0.0000,0.3955,0.3480,1
419,1403715907.534058094,3.7018,3.6998,0.3638,2,4,0,0,0,2,0.0000,0.5147,0.4668,1
420,1403715907.584058285,13.8391,13.8233,7.7271,2,13,0,0,1,1,0.0000,10.3654,10.3182,1
421,1403715907.634057999,3.5380,3.5202,0.2031,2,4,0,0,0,2,0.0000,0.3222,0.2716,1
422,1403715907.684058189,3.6487,3.6190,0.2689,2,4,0,0,0,2,0.0000,0.3960,0.3492,1
423,1403715907.734058142,3.4283,3.4294,0.3312,2,4,0,0,0,2,0.0000,0.4829,0.4305,1
424,1403715907.784058094,19.1000,19.0889,13.3941,2,13,0,0,1,1,0.0000,16.0564,16.0149,1
425,1403715907.834058046,3.4142,3.4019,0.1729,2,4,0,0,0,2,0.0000,0.2838,0.2357,1
426,1403715907.884058237,3.5364,3.5140,0.2508,2,4,0,0,0,2,0.0000,0.3699,0.3241,1
427,1403715907.934058189,3.4012,3.3946,0.2758,2,4,0,0,0,2,0.0000,0.3987,0.3580,1
428,1403715907.984058142,13.0027,13.0060,7.4310,2,13,0,0,1,1,0.0000,10.0993,10.0543,1
429,1403715908.034058094,3.2166,3.2080,0.1712,2,4,0,0,0,2,0.0000,0.2748,0.2345,1
430,1403715908.084058285,3.3302,3.3339,0.2670,2,4,0,0,0,2,0.0000,0.3924,0.3485,1
431,1403715908.134057999,3.9227,3.8759,0.3140,2,4,0,0,0,2,0.0000,0.4426,0.4036,1
432,1403715908.184058189,12.5800,12.5842,7.0670,2,13,0,0,1,1,0.0000,9.7830,9.7464,1
433,1403715908.234058142,3.2113,3.2147,0.1640,2,4,0,0,0,2,0.0000,0.2563,0.2174,1
434,1403715908.284058094,3.3885,3.3922,0.2348,2,4,0,0,0,2,0.0000,0.3425,0.3035,1
435,1403715908.334058046,3.6441,3.5792,0.3240,2,4,0,0,0,2,0.0000,0.4537,0.4097,1
436,1403715908.384058237,13.5387,13.4757,7.4151,2,13,0,0,1,1,0.0000,10.2057,10.1594,1
437,1403715908.434058189,3.5400,3.5189,0.1647,2,4,0,0,0,2,0.0000,0.2809,0.2266,1
438,1403715908.484058142,3.6170,3.6038,0.2470,2,4,0,0,0,2,0.0000,0.3773,0.3275,1
439,1403715908.534058094,3.8265,3.8193,0.3331,2,4,0,0,0,2,0.0000,0.4837,0.4262,1
440,1403715908.584058285,13.6857,13.6329,7.3640,2,13,0,0,1,1,0.0000,10.1867,10.1339,1
441,1403715908.634057999,3.8185,3.8122,0.2089,2,4,0,0,0,2,0.0000,0.3433,0.2827,1
442,1403715908.684058189,3.8221,3.7928,0.2632,2,4,0,0,0,2,0.0000,0.3987,0.3448,1
443,1403715908.734058142,4.6522,4.6276,0.3579,2,4,0,0,0,2,0.0000,0.5136,0.4586,1
444,1403715908.784058094,14.3256,14.2882,7.5498,2,13,0,0,1,1,0.0000,10.4947,10.4350,1
445,1403715908.834058046,3.9906,3.9815,0.2170,2,4,0,0,0,2,0.0000,0.3549,0.2962,1
446,1403715908.884058237,4.1243,4.1284,0.2868,2,4,0,0,0,2,0.0000,0.4421,0.3846,1
447,1403715908.934058189,4.1442,4.1477,0.4072,2,4,0,0,0,2,0.0000,0.5902,0.5256,1
448,1403715908.984058142,20.4428,20.3968,13.5128,2,13,0,0,1,1,0.0000,16.3821,16.3203,1
449,1403715909.034058094,4.0821,4.0677,0.2382,2,4,0,0,0,2,0.0000,0.3890,0.3247,1
450,1403715909.084058285,4.6525,4.6328,0.3190,2,4,0,0,0,2,0.0000,0.4874,0.4251,1
451,1403715909.134057999,4.5911,4.5618,0.4091,2,4,0,0,0,2,0.0000,0.5966,0.5325,1
452,1403715909.184058189,19.6790,19.6159,13.2761,2,13,0,0,1,1,0.0000,16.2042,16.1447,1
453,1403715909.234058142,3.6890,3.6829,0.2520,2,4,0,0,0,2,0.0000,0.4045,0.3429,1
454,1403715909.284058094,4.1500,4.0973,0.3331,2,4,0,0,0,2,0.0000,0.5109,0.4474,1
455,1403715909.334058046,4.0895,4.0703,0.4132,2,4,0,0,0,2,0.0000,0.6012,0.5443,1
456,1403715909.384058237,13.4183,13.4120,7.2162,2,13,0,0,1,1,0.0000,9.9215,9.8554,1
457,1403715909.434058189,3.7832,3.7848,0.2279,2,4,0,0,0,2,0.0000,0.3686,0.3101,1
458,1403715909.484058142,4.5608,4.5250,0.3338,2,4,0,0,0,2,0.0000,0.4987,0.4381,1
459,1403715909.534058094,4.1961,4.1954,0.4091,2,4,0,0,0,2,0.0000,0.5863,0.5275,1
460,1403715909.584058285,14.2279,14.2317,7.5829,2,13,0,0,1,1,0.0000,10.4823,10.4066,1
461,1403715909.634057999,4.7363,4.6838,0.2153,2,4,0,0,0,2,0.0000,0.3555,0.2958,1
462,1403715909.684058189,5.0889,5.0869,0.3047,2,4,0,0,0,2,0.0000,0.4612,0.4055,1
463,1403715909.734058142,4.8389,4.7972,0.3941,2,4,0,0,0,2,0.0000,0.5617,0.5081,1
464,1403715909.784058094,13.7178,13.7124,7.2491,2,13,0,0,1,1,0.0000,9.9649,9.9152,1
465,1403715909.834058046,3.8647,3.8685,0.1740,2,4,0,0,0,2,0.0000,0.2884,0.2372,1
466,1403715909.884058237,3.9620,3.9658,0.2551,2,4,0,0,0,2,0.0000,0.3744,0.3301,1
467,1403715909.934058189,13.7812,13.7728,7.1809,2,13,0,0,1,1,0.0000,9.7805,9.7408,1
468,1403715909.984058142,13.9782,13.9676,7.2019,2,13,0,0,1,1,0.0000,9.7952,9.7536,1
469,1403715910.034058094,13.9099,13.9138,7.1974,2,13,0,0,1,1,0.0000,9.7457,9.7112,1
470,1403715910.084058285,13.9832,13.9760,7.3082,2,13,0,0,1,1,0.0000,9.8823,9.8477,1
471,1403715910.134057999,14.4378,14.4325,7.4391,2,13,0,0,1,1,0.0000,10.0760,10.0365,1
472,1403715910.184058189,14.1138,14.1179,7.5643,2,13,0,0,1,1,0.0000,10.1157,10.0768,1
473,1403715910.234058142,14.0235,14.0275,7.5409,2,13,0,0,1,1,0.0000,10.0580,10.0215,1
474,1403715910.284058094,4.1829,4.1716,0.1519,2,3,0,0,0,2,0.0000,0.2408,0.2086,1
475,1403715910.334058046,4.4152,4.3975,0.2739,2,4,0,0,0,2,0.0000,0.3814,0.3491,1
476,1403715910.384058237,31.5338,31.5320,25.0118,2,13,0,0,1,1,0.0000,27.6370,27.6031,1
477,1403715910.434058189,3.9552,3.9510,0.1621,2,4,0,0,0,2,0.0000,0.2493,0.2141,1
478,1403715910.484058142,3.8265,3.8197,0.2372,2,4,0,0,0,2,0.0000,0.3370,0.3052,1
479,1403715910.534058094,13.6390,13.6327,7.5550,2,13,0,0,1,1,0.0000,10.1246,10.0865,1
480,1403715910.584058285,13.6056,13.5843,7.5309,2,13,0,0,1,1,0.0000,9.9987,9.9670,1
481,1403715910.634057999,13.8673,13.8655,7.8080,2,13,0,0,1,1,0.0000,10.3784,10.3434,1
482,1403715910.684058189,3.7671,3.7640,0.1550,2,4,0,0,0,2,0.0000,0.2484,0.2083,1
483,1403715910.734058142,13.7221,13.7161,7.8080,2,13,0,0,1,1,0.0000,10.3532,10.3209,1
484,1403715910.784058094,3.8489,3.8306,0.1469,2,4,0,0,0,2,0.0000,0.2368,0.1977,1
485,1403715910.834058046,13.7034,13.7070,7.7760,2,13,0,0,1,1,0.0000,10.3154,10.2783,1
486,1403715910.884058237,3.5889,3.5869,0.1612,2,4,0,0,0,2,0.0000,0.2463,0.2148,1
487,1403715910.934058189,3.6329,3.6365,0.2470,2,4,0,0,0,2,0.0000,0.3519,0.3171,1
488,1403715910.984058142,13.6865,13.6618,7.7231,2,13,0,0,1,1,0.0000,10.3317,10.3005,1
489,1403715911.034058094,13.5203,13.5218,7.6778,2,13,0,0,1,1,0.0000,10.2199,10.1909,1
490,1403715911.084058285,13.7330,13.6864,7.7240,2,13,0,0,1,1,0.0000,10.3195,10.2812,1
491,1403715911.134057999,3.8426,3.7139,0.1590,2,4,0,0,0,2,0.0000,0.2476,0.2120,1
492,1403715911.184058189,13.7852,13.7179,7.7012,2,13,0,0,1,1,0.0000,10.2606,10.2308,1
493,1403715911.234058142,13.4907,13.4875,7.5581,2,13,0,0,1,1,0.0000,10.2830,10.2465,1
494,1403715911.284058094,3.5416,3.5402,0.1621,2,4,0,0,0,2,0.0000,0.2499,0.2147,1
495,1403715911.334058046,13.5999,13.6034,7.6380,2,13,0,0,1,1,0.0000,10.2625,10.2287,1
496,1403715911.384058237,13.7999,13.7436,7.7844,2,13,0,0,1,1,0.0000,10.3927,10.3537,1
497,1403715911.434058189,19.3647,19.3290,13.4487,2,13,0,0,1,1,0.0000,16.0085,15.9717,1
498,1403715911.484058142,36.8404,36.8238,30.8371,2,13,0,0,1,1,0.0000,33.4025,33.3703,1
499,1403715911.534058094,37.5927,37.5336,31.3969,2,13,0,0,1,1,0.0000,34.0769,34.0358,1
500,1403715911.584058285,3.5866,3.5825,0.1550,2,3,0,0,0,2,0.0000,0.2582,0.2130,1
501,1403715911.634057999,19.5550,19.5490,13.7370,2,13,0,0,1,1,0.0000,16.3885,16.3495,1
502,1403715911.684058189,3.6659,3.6369,0.1950,2,4,0,0,0,2,0.0000,0.3010,0.2593,1
503,1403715911.734058142,3.7280,3.7015,0.2949,2,4,0,0,0,2,0.0000,0.4222,0.3769,1
504,1403715911.784058094,14.0888,14.0512,8.1170,2,13,0,0,1,1,0.0000,10.8015,10.7660,1
505,1403715911.834058046,3.3541,3.3586,0.1907,2,4,0,0,0,2,0.0000,0.2932,0.2531,1
506,1403715911.884058237,3.6700,3.6587,0.2851,2,4,0,0,0,2,0.0000,0.4107,0.3641,1
507,1403715911.934058189,3.6130,3.6168,0.3538,2,4,0,0,0,2,0.0000,0.4895,0.4500,1
508,1403715911.984058142,14.0013,13.9655,8.0900,2,13,0,0,1,1,0.0000,10.8091,10.7712,1
509,1403715912.034058094,3.5658,3.4985,0.1931,2,4,0,0,0,2,0.0000,0.2955,0.2551,1
510,1403715912.084058285,3.5377,3.5180,0.2558,2,4,0,0,0,2,0.0000,0.3572,0.3252,1
511,1403715912.134057999,13.4766,13.4802,7.6580,2,13,0,0,1,1,0.0000,10.3311,10.2860,1
512,1403715912.184058189,3.3285,3.3320,0.1800,2,4,0,0,0,2,0.0000,0.2874,0.2440,1
513,1403715912.234058142,3.3931,3.3893,0.2470,2,4,0,0,0,2,0.0000,0.3577,0.3202,1
514,1403715912.284058094,3.6074,3.6086,0.3428,2,4,0,0,0,2,0.0000,0.4734,0.4308,1
515,1403715912.334058046,13.2708,13.2708,7.5102,2,13,0,0,1,1,0.0000,10.2013,10.1547,1
516,1403715912.384058237,3.2969,3.3007,0.1571,2,4,0,0,0,2,0.0000,0.2529,0.2108,1
517,1403715912.434058189,3.6445,3.5953,0.2432,2,4,0,0,0,2,0.0000,0.3580,0.3124,1
518,1403715912.484058142,3.6024,3.5975,0.3591,2,4,0,0,0,2,0.0000,0.5043,0.4537,1
519,1403715912.534058094,13.1015,13.0987,7.4971,2,13,0,0,1,1,0.0000,10.1277,10.0872,1
520,1403715912.584058285,3.4980,3.4384,0.1640,2,4,0,0,0,2,0.0000,0.2599,0.2196,1
521,1403715912.634057999,3.4801,3.4835,0.2480,2,4,0,0,0,2,0.0000,0.3625,0.3194,1
522,1403715912.684058189,3.3984,3.3993,0.3119,2,4,0,0,0,2,0.0000,0.4314,0.3936,1
523,1403715912.734058142,13.9688,13.9669,7.3738,2,13,0,0,1,1,0.0000,10.0530,10.0157,1
524,1403715912.784058094,3.6234,3.5647,0.1578,2,4,0,0,0,2,0.0000,0.2540,0.2111,1
525,1403715912.834058046,12.8937,12.8870,7.1568,2,13,0,0,1,1,0.0000,9.7355,9.7037,1
526,1403715912.884058237,12.3893,12.3711,7.0860,2,13,0,0,1,1,0.0000,9.6297,9.5995,1
527,1403715912.934058189,12.1679,12.1698,6.9599,2,13,0,0,1,1,0.0000,9.5216,9.4918,1
528,1403715912.984058142,12.4330,12.4255,6.8970,2,13,0,0,1,1,0.0000,9.3671,9.3378,1
529,1403715913.034058094,12.6059,12.5744,6.9683,2,13,0,0,1,1,0.0000,9.4457,9.4088,1
530,1403715913.084058285,3.1196,3.1099,0.1421,2,3,0,0,0,2,0.0000,0.2275,0.1941,1
531,1403715913.134057999,12.2103,12.2111,6.9230,2,13,0,0,1,1,0.0000,9.2735,9.2417,1
532,1403715913.184058189,34.7644,34.7642,29.3329,2,13,0,0,1,1,0.0000,31.7481,31.7069,1
533,1403715913.234058142,3.2240,3.2083,0.1779,2,4,0,0,0,2,0.0000,0.2704,0.2354,1
534,1403715913.284058094,12.6220,12.6255,7.2739,2,13,0,0,1,1,0.0000,9.9108,9.8785,1
535,1403715913.334058046,2.8818,2.8853,0.1509,2,4,0,0,0,2,0.0000,0.2315,0.1992,1
536,1403715913.384058237,12.5891,12.5929,7.3581,2,13,0,0,1,1,0.0000,9.9417,9.9107,1
537,1403715913.434058189,12.6906,12.6952,7.4618,2,13,0,0,1,1,0.0000,9.9788,9.9488,1
538,1403715913.484058142,3.0253,3.0291,0.1540,2,4,0,0,0,2,0.0000,0.2398,0.2050,1
539,1403715913.534058094,13.3654,13.3450,7.7379,2,13,0,0,1,1,0.0000,10.3378,10.3002,1
540,1403715913.584058285,3.2635,3.2562,0.1819,2,4,0,0,0,2,0.0000,0.2801,0.2423,1
541,1403715913.634057999,3.3304,3.3340,0.2928,2,4,0,0,0,2,0.0000,0.4173,0.3768,1
542,1403715913.684058189,3.5186,3.5150,0.3679,2,4,0,0,0,2,0.0000,0.5192,0.4763,1
543,1403715913.734058142,13.7109,13.7099,8.0571,2,13,0,0,1,1,0.0000,10.7060,10.6628,1
544,1403715913.784058094,3.5370,3.5248,0.2260,2,4,0,0,0,2,0.0000,0.3522,0.3070,1
545,1403715913.834058046,3.4843,3.4878,0.3409,2,4,0,0,0,2,0.0000,0.4924,0.4457,1
546,1403715913.884058237,3.7556,3.7482,0.4289,2,4,0,0,0,2,0.0000,0.6031,0.5559,1
547,1403715913.934058189,13.7695,13.7709,8.0628,2,13,0,0,1,1,0.0000,10.7747,10.7265,1
548,1403715913.984058142,3.3709,3.3742,0.2220,2,4,0,0,0,2,0.0000,0.3436,0.3018,1
549,1403715914.034058094,3.5709,3.5672,0.3099,2,4,0,0,0,2,0.0000,0.4651,0.4136,1
550,1403715914.084058285,3.6842,3.6785,0.4342,2,4,0,0,0,2,0.0000,0.6170,0.5668,1
551,1403715914.134057999,13.9945,13.9867,8.1370,2,13,0,0,1,1,0.0000,10.9399,10.8938,1
552,1403715914.184058189,3.3747,3.3763,0.2341,2,4,0,0,0,2,0.0000,0.3687,0.3203,1
553,1403715914.234058142,3.7697,3.6960,0.3428,2,4,0,0,0,2,0.0000,0.4952,0.4484,1
554,1403715914.284058094,3.6532,3.6231,0.3800,2,4,0,0,0,2,0.0000,0.5460,0.5041,1
555,1403715914.334058046,13.9262,13.9176,8.0521,2,13,0,0,1,1,0.0000,10.8068,10.7628,1
556,1403715914.384058237,3.1812,3.1795,0.1969,2,4,0,0,0,2,0.0000,0.3133,0.2720,1
557,1403715914.434058189,3.2954,3.2961,0.3028,2,4,0,0,0,2,0.0000,0.4351,0.3962,1
558,1403715914.484058142,3.4075,3.3994,0.3741,2,4,0,0,0,2,0.0000,0.5199,0.4841,1
559,1403715914.534058094,13.9005,13.9040,8.1699,2,13,0,0,1,1,0.0000,10.9634,10.9164,1
560,1403715914.584058285,3.6945,3.6696,0.2151,2,4,0,0,0,2,0.0000,0.3489,0.2953,1
561,1403715914.634057999,3.9854,3.8393,0.3180,2,4,0,0,0,2,0.0000,0.4754,0.4181,1
562,1403715914.684058189,3.9055,3.8630,0.3812,2,4,0,0,0,2,0.0000,0.5439,0.4948,1
563,1403715914.734058142,14.0826,14.0810,8.0130,2,13,0,0,1,1,0.0000,10.8499,10.7941,1
564,1403715914.784058094,3.4790,3.4792,0.2182,2,4,0,0,0,2,0.0000,0.3436,0.2965,1
565,1403715914.834058046,3.5388,3.5330,0.3040,2,4,0,0,0,2,0.0000,0.4525,0.4019,1
566,1403715914.884058237,3.6730,3.6733,0.4010,2,4,0,0,0,2,0.0000,0.5717,0.5229,1
567,1403715914.934058189,14.3250,14.2868,7.8349,2,13,0,0,1,1,0.0000,10.5545,10.5200,1
568,1403715914.984058142,3.5865,3.5737,0.1569,2,4,0,0,0,2,0.0000,0.2715,0.2143,1
569,1403715915.034058094,3.3437,3.3473,0.2227,2,4,0,0,0,2,0.0000,0.3490,0.2956,1
570,1403715915.084058285,3.6952,3.6683,0.3259,2,4,0,0,0,2,0.0000,0.4721,0.4204,1
571,1403715915.134057999,14.2140,14.2097,8.1253,2,13,0,0,1,1,0.0000,11.0690,11.0072,1
572,1403715915.184058189,3.6778,3.6811,0.2971,2,4,0,0,0,2,0.0000,0.4691,0.4064,1
573,1403715915.234058142,3.8699,3.8636,0.3791,2,4,0,0,0,2,0.0000,0.5627,0.5090,1
574,1403715915.284058094,3.7526,3.7420,0.4537,2,4,0,0,0,2,0.0000,0.6388,0.5941,1
575,1403715915.334058046,14.1927,14.1789,8.1620,2,13,0,0,1,1,0.0000,11.0595,11.0139,1
576,1403715915.384058237,3.7879,3.7618,0.1569,2,4,0,0,0,2,0.0000,0.2520,0.2170,1
577,1403715915.434058189,3.2157,3.2005,0.2558,2,4,0,0,0,2,0.0000,0.3820,0.3417,1
578,1403715915.484058142,3.1645,3.1589,0.3278,2,4,0,0,0,2,0.0000,0.4618,0.4248,1
579,1403715915.534058094,13.6273,13.6307,8.0171,2,13,0,0,1,1,0.0000,10.9329,10.8989,1
580,1403715915.584058285,3.3119,3.3012,0.1760,2,4,0,0,0,2,0.0000,0.2869,0.2388,1
581,1403715915.634057999,3.2398,3.2433,0.2480,2,4,0,0,0,2,0.0000,0.3722,0.3271,1
582,1403715915.684058189,3.9102,3.8583,0.3359,2,4,0,0,0,2,0.0000,0.4778,0.4331,1
583,1403715915.734058142,14.1745,14.1708,8.0352,2,13,0,0,1,1,0.0000,11.1095,11.0602,1
584,1403715915.784058094,3.5249,3.5259,0.2282,2,4,0,0,0,2,0.0000,0.3678,0.3178,1
585,1403715915.834058046,3.6925,3.6960,0.3421,2,4,0,0,0,2,0.0000,0.5132,0.4605,1
586,1403715915.884058237,3.8273,3.8308,0.4342,2,4,0,0,0,2,0.0000,0.6241,0.5709,1
587,1403715915.934058189,14.7197,14.6895,8.2850,2,13,0,0,1,1,0.0000,11.3311,11.2782,1
588,1403715915.984058142,3.6619,3.6597,0.2429,2,4,0,0,0,2,0.0000,0.3904,0.3338,1
589,1403715916.034058094,3.7067,3.7038,0.3479,2,4,0,0,0,2,0.0000,0.5187,0.4630,1
590,1403715916.084058285,4.1577,4.1327,0.4370,2,4,0,0,0,2,0.0000,0.6452,0.5880,1
591,1403715916.134057999,14.4435,14.4402,8.1592,2,13,0,0,1,1,0.0000,11.2001,11.1449,1
592,1403715916.184058189,3.5165,3.5145,0.2272,2,4,0,0,0,2,0.0000,0.3640,0.3120,1
593,1403715916.234058142,3.6113,3.5880,0.3262,2,4,0,0,0,2,0.0000,0.4931,0.4367,1
594,1403715916.284058094,3.7290,3.7263,0.4282,2,4,0,0,0,2,0.0000,0.6141,0.5610,1
595,1403715916.334058046,14.4297,14.4333,8.3001,2,13,0,0,1,1,0.0000,11.3208,11.2672,1
596,1403715916.384058237,3.4272,3.4278,0.2182,2,4,0,0,0,2,0.0000,0.3582,0.3009,1
597,1403715916.434058189,3.6976,3.6971,0.3390,2,4,0,0,0,2,0.0000,0.5061,0.4475,1
598,1403715916.484058142,3.7648,3.7685,0.4120,2,4,0,0,0,2,0.0000,0.5964,0.5400,1
599,1403715916.534058094,15.2910,15.2395,8.7018,2,13,0,0,1,1,0.0000,11.7351,11.6804,1
600,1403715916.584058285,3.4669,3.4664,0.2129,2,4,0,0,0,2,0.0000,0.3460,0.2935,1
601,1403715916.634057999,3.6189,3.6037,0.3119,2,4,0,0,0,2,0.0000,0.4685,0.4144,1
602,1403715916.684058189,3.6255,3.6239,0.3910,2,4,0,0,0,2,0.0000,0.5592,0.5107,1
603,1403715916.734058142,39.2479,39.2492,32.9330,2,13,0,0,1,1,0.0000,35.9385,35.9093,1
604,1403715916.784058094,18.1228,18.1262,9.1882,2,13,0,0,1,1,0.0000,15.1127,15.0526,1
605,1403715916.834058046,3.4902,3.4937,0.2632,2,4,0,0,0,2,0.0000,0.4134,0.3614,1
606,1403715916.884058237,3.9170,3.9049,0.3781,2,4,0,0,0,2,0.0000,0.5441,0.4988,1
607,1403715916.934058189,3.8457,3.8493,0.4811,2,4,0,0,0,2,0.0000,0.6787,0.6285,1
608,1403715916.984058142,15.7691,15.7428,9.0308,2,13,0,0,1,1,0.0000,12.2167,12.1557,1
609,1403715917.034058094,3.8097,3.8135,0.1459,2,3,0,0,0,2,0.0000,0.2461,0.2108,1
610,1403715917.084058285,18.8600,18.8560,9.4621,2,13,0,0,1,1,0.0000,15.6514,15.6075,1
611,1403715917.134057999,4.0920,4.0824,0.2229,2,4,0,0,0,2,0.0000,0.3615,0.3070,1
612,1403715917.184058189,4.1757,4.1650,0.3090,2,4,0,0,0,2,0.0000,0.4536,0.4075,1
613,1403715917.234058142,4.0837,4.0774,0.3960,2,4,0,0,0,2,0.0000,0.5570,0.5117,1
614,1403715917.284058094,15.5793,15.5743,8.8110,2,13,0,0,1,1,0.0000,11.9065,11.8590,1
615,1403715917.334058046,3.6883,3.6922,0.1802,2,4,0,0,0,2,0.0000,0.3011,0.2511,1
616,1403715917.384058237,3.8135,3.8077,0.2770,2,4,0,0,0,2,0.0000,0.4210,0.3685,1
617,1403715917.434058189,4.3161,4.3124,0.3908,2,4,0,0,0,2,0.0000,0.5822,0.5087,1
618,1403715917.484058142,40.8588,40.8524,34.4570,2,13,0,0,1,1,0.0000,37.4984,37.4467,1
619,1403715917.534058094,3.7195,3.7165,0.2491,2,4,0,0,0,2,0.0000,0.3984,0.3386,1
620,1403715917.584058285,3.6258,3.6275,0.3180,2,4,0,0,0,2,0.0000,0.4735,0.4225,1
621,1403715917.634057999,3.8646,3.8682,0.3963,2,4,0,0,0,2,0.0000,0.5778,0.5244,1
622,1403715917.684058189,14.9755,14.9752,8.8470,2,13,0,0,1,1,0.0000,11.9170,11.8609,1
623,1403715917.734058142,3.7205,3.7039,0.2739,2,4,0,0,0,2,0.0000,0.4365,0.3791,1
624,1403715917.784058094,3.6928,3.6965,0.3631,2,4,0,0,0,2,0.0000,0.5344,0.4837,1
625,1403715917.834058046,3.9073,3.9111,0.5181,2,4,0,0,0,2,0.0000,0.7515,0.6827,1
626,1403715917.884058237,14.9949,14.9982,8.7507,2,13,0,0,1,1,0.0000,11.7599,11.7009,1
627,1403715917.934058189,3.6048,3.6029,0.2251,2,4,0,0,0,2,0.0000,0.3680,0.3053,1
628,1403715917.984058142,3.6256,3.6230,0.3071,2,4,0,0,0,2,0.0000,0.4690,0.4075,1
629,1403715918.034058094,3.6506,3.6542,0.4108,2,4,0,0,0,2,0.0000,0.5995,0.5404,1
630,1403715918.084058285,14.1922,14.1902,8.2519,2,13,0,0,1,1,0.0000,11.0910,11.0387,1
631,1403715918.134057999,14.1896,14.1931,8.0976,2,13,0,0,1,1,0.0000,10.9210,10.8628,1
632,1403715918.184058189,3.5695,3.5712,0.1531,2,3,0,0,0,2,0.0000,0.2687,0.2128,1
633,1403715918.234058142,3.7312,3.7247,0.2468,2,4,0,0,0,2,0.0000,0.3692,0.3227,1
634,1403715918.284058094,14.1819,14.1732,7.9939,2,13,0,0,1,1,0.0000,10.9050,10.8545,1
635,1403715918.334058046,3.5798,3.5732,0.1829,2,4,0,0,0,2,0.0000,0.2984,0.2417,1
636,1403715918.384058237,3.7168,3.7055,0.2539,2,4,0,0,0,2,0.0000,0.3731,0.3275,1
637,1403715918.434058189,14.0658,14.0602,7.7798,2,13,0,0,1,1,0.0000,10.5677,10.5229,1
638,1403715918.484058142,3.6390,3.6337,0.1712,2,4,0,0,0,2,0.0000,0.2839,0.2297,1
639,1403715918.534058094,14.0788,14.0769,7.9770,2,13,0,0,1,1,0.0000,10.7501,10.7230,1
640,1403715918.584058285,17.5742,17.5694,8.4279,2,13,0,0,1,1,0.0000,14.2407,14.1892,1
641,1403715918.634057999,3.8598,3.8571,0.1941,2,3,0,0,0,2,0.0000,0.3188,0.2684,1
642,1403715918.684058189,4.3846,4.3826,0.3068,2,4,0,0,0,2,0.0000,0.4317,0.3947,1
643,1403715918.734058142,4.5120,4.5109,0.3860,2,4,0,0,0,2,0.0000,0.5397,0.4949,1
644,1403715918.784058094,14.9875,14.9808,8.0931,2,13,0,0,1,1,0.0000,11.0683,11.0182,1
645,1403715918.834058046,4.2736,4.2590,0.1810,2,4,0,0,0,2,0.0000,0.2851,0.2457,1
646,1403715918.884058237,4.1404,4.1325,0.2553,2,4,0,0,0,2,0.0000,0.3822,0.3327,1
647,1403715918.934058189,4.1140,4.0810,0.3109,2,4,0,0,0,2,0.0000,0.4517,0.4035,1
648,1403715918.984058142,14.6523,14.6536,8.3280,2,13,0,0,1,1,0.0000,11.3367,11.2890,1
649,1403715919.034058094,3.6862,3.6825,0.2179,2,4,0,0,0,2,0.0000,0.3488,0.2972,1
650,1403715919.084058285,3.8276,3.8311,0.2978,2,4,0,0,0,2,0.0000,0.4604,0.3989,1
651,1403715919.134057999,4.0285,4.0201,0.3910,2,4,0,0,0,2,0.0000,0.5619,0.5051,1
652,1403715919.184058189,14.8387,14.8400,8.2571,2,13,0,0,1,1,0.0000,11.3103,11.2304,1
653,1403715919.234058142,3.8744,3.8714,0.2639,2,4,0,0,0,2,0.0000,0.4348,0.3673,1
654,1403715919.284058094,3.8907,3.8576,0.3471,2,4,0,0,0,2,0.0000,0.5242,0.4625,1
655,1403715919.334058046,3.8759,3.8794,0.4098,2,4,0,0,0,2,0.0000,0.5965,0.5403,1
656,1403715919.384058237,14.5713,14.5749,8.2901,2,13,0,0,1,1,0.0000,11.2579,11.1914,1
657,1403715919.434058189,3.6892,3.6906,0.2780,2,4,0,0,0,2,0.0000,0.4473,0.3842,1
658,1403715919.484058142,3.8863,3.8871,0.3850,2,4,0,0,0,2,0.0000,0.5780,0.5141,1
659,1403715919.534058094,3.8465,3.8497,0.4430,2,4,0,0,0,2,0.0000,0.6585,0.5914,1
660,1403715919.584058285,14.7002,14.6988,8.3742,2,13,0,0,1,1,0.0000,11.3898,11.3305,1
661,1403715919.634057999,3.8935,3.8890,0.2830,2,4,0,0,0,2,0.0000,0.4612,0.3880,1
662,1403715919.684058189,3.9020,3.9056,0.3989,2,4,0,0,0,2,0.0000,0.6001,0.5331,1
663,1403715919.734058142,3.9891,3.9925,0.4911,2,4,0,0,0,2,0.0000,0.7140,0.6485,1
664,1403715919.784058094,14.5330,14.5367,8.3599,2,13,0,0,1,1,0.0000,11.2872,11.2230,1
665,1403715919.834058046,3.8177,3.8133,0.2272,2,4,0,0,0,2,0.0000,0.3830,0.3148,1
666,1403715919.884058237,3.9264,3.9298,0.3419,2,4,0,0,0,2,0.0000,0.5350,0.4593,1
667,1403715919.934058189,3.8908,3.8890,0.4349,2,4,0,0,0,2,0.0000,0.6384,0.5736,1
668,1403715919.984058142,14.5985,14.5903,8.2910,2,13,0,0,1,1,0.0000,11.2034,11.1430,1
669,1403715920.034058094,3.8992,3.8925,0.1891,2,4,0,0,0,2,0.0000,0.3318,0.2612,1
670,1403715920.084058285,3.9494,3.9422,0.3071,2,4,0,0,0,2,0.0000,0.4717,0.4051,1
671,1403715920.134057999,4.2087,4.2028,0.3998,2,4,0,0,0,2,0.0000,0.5842,0.5221,1
672,1403715920.184058189,14.5782,14.5819,8.1561,2,13,0,0,1,1,0.0000,11.0751,11.0125,1
673,1403715920.234058142,3.8749,3.8758,0.1972,2,4,0,0,0,2,0.0000,0.3393,0.2702,1
674,1403715920.284058094,4.1397,4.1161,0.2949,2,4,0,0,0,2,0.0000,0.4503,0.3915,1
675,1403715920.334058046,4.3427,4.3325,0.3982,2,4,0,0,0,2,0.0000,0.5714,0.5179,1
676,1403715920.384058237,15.6021,15.5557,8.6229,2,13,0,0,1,1,0.0000,11.6990,11.6197,1
677,1403715920.434058189,4.1232,4.1267,0.2069,2,4,0,0,0,2,0.0000,0.3507,0.2837,1
678,1403715920.484058142,4.2315,4.1988,0.2899,2,4,0,0,0,2,0.0000,0.4357,0.3790,1
679,1403715920.534058094,4.5910,4.5745,0.4101,2,4,0,0,0,2,0.0000,0.5939,0.5272,1
680,1403715920.584058285,15.1822,15.1792,8.2071,2,13,0,0,1,1,0.0000,11.3648,11.3035,1
681,1403715920.634057999,4.5561,4.4961,0.2122,2,4,0,0,0,2,0.0000,0.3479,0.2859,1
682,1403715920.684058189,4.6244,4.6175,0.3149,2,4,0,0,0,2,0.0000,0.4725,0.4094,1
683,1403715920.734058142,4.8735,4.8122,0.3769,2,4,0,0,0,2,0.0000,0.5469,0.4877,1
684,1403715920.784058094,16.3821,16.3379,8.5630,2,13,0,0,1,1,0.0000,11.9336,11.8682,1
685,1403715920.834058046,5.6603,5.5796,0.2348,2,4,0,0,0,2,0.0000,0.3868,0.3183,1
686,1403715920.884058237,6.7461,6.5131,0.3879,2,4,0,0,0,2,0.0000,0.5725,0.4933,1
687,1403715920.934058189,5.6538,5.4742,0.4189,2,4,0,0,0,2,0.0000,0.6285,0.5422,1
688,1403715920.984058142,17.0570,16.9810,8.5943,2,13,0,0,1,1,0.0000,11.9450,11.8778,1
689,1403715921.034058094,4.7490,4.7180,0.2582,2,4,0,0,0,2,0.0000,0.4110,0.3489,1
690,1403715921.084058285,4.9053,4.8761,0.3600,2,4,0,0,0,2,0.0000,0.5492,0.4815,1
691,1403715921.134057999,4.8758,4.8727,0.4721,2,4,0,0,0,2,0.0000,0.6887,0.6120,1
692,1403715921.184058189,16.2837,16.2184,8.9710,2,13,0,0,1,1,0.0000,12.3328,12.2598,1
693,1403715921.234058142,4.2381,4.2365,0.2789,2,4,0,0,0,2,0.0000,0.4388,0.3761,1
694,1403715921.284058094,4.3930,4.3854,0.3669,2,4,0,0,0,2,0.0000,0.5556,0.4888,1
695,1403715921.334058046,4.5198,4.5096,0.4919,2,4,0,0,0,2,0.0000,0.7025,0.6400,1
696,1403715921.384058237,16.7337,16.6573,9.7449,2,13,0,0,1,1,0.0000,13.0212,12.9794,1
697,1403715921.434058189,3.8192,3.8102,0.1860,2,4,0,0,0,2,0.0000,0.3259,0.2544,1
698,1403715921.484058142,3.8165,3.7934,0.2680,2,4,0,0,0,2,0.0000,0.4105,0.3544,1
699,1403715921.534058094,3.7788,3.7735,0.3428,2,4,0,0,0,2,0.0000,0.4978,0.4466,1
700,1403715921.584058285,16.5013,16.4810,9.7442,2,13,0,0,1,1,0.0000,13.1478,13.0846,1
701,1403715921.634057999,3.8532,3.8364,0.2761,2,4,0,0,0,2,0.0000,0.4369,0.3760,1
702,1403715921.684058189,3.9058,3.8912,0.3052,2,4,0,0,0,2,0.0000,0.4389,0.4037,1
703,1403715921.734058142,3.5881,3.4621,0.3469,2,4,0,0,0,2,0.0000,0.5209,0.4656,1
704,1403715921.784058094,15.7648,15.7606,9.2912,2,13,0,0,1,1,0.0000,12.6120,12.5646,1
705,1403715921.834058046,3.5263,3.5260,0.1898,2,4,0,0,0,2,0.0000,0.3065,0.2625,1
706,1403715921.884058237,3.4387,3.4424,0.2649,2,4,0,0,0,2,0.0000,0.4117,0.3522,1
707,1403715921.934058189,3.6217,3.6251,0.3412,2,4,0,0,0,2,0.0000,0.4905,0.4428,1
708,1403715921.984058142,15.2590,15.2625,8.9998,2,13,0,0,1,1,0.0000,12.2097,12.1693,1
709,1403715922.034058094,3.3153,3.3187,0.1848,2,4,0,0,0,2,0.0000,0.3078,0.2590,1
710,1403715922.084058285,3.8138,3.7973,0.3250,2,4,0,0,0,2,0.0000,0.4893,0.4329,1
711,1403715922.134057999,3.8090,3.7713,0.3340,2,4,0,0,0,2,0.0000,0.4968,0.4494,1
712,1403715922.184058189,15.7321,15.2947,8.7898,2,13,0,0,1,1,0.0000,11.9499,11.8995,1
713,1403715922.234058142,13.9237,13.9272,8.1289,2,13,0,0,1,1,0.0000,11.1176,11.0723,1
714,1403715922.284058094,14.0870,14.0888,8.2219,2,13,0,0,1,1,0.0000,11.1608,11.1166,1
715,1403715922.334058046,3.1631,3.1667,0.1681,2,4,0,0,0,2,0.0000,0.2621,0.2288,1
716,1403715922.384058237,14.2495,14.2132,8.1739,2,13,0,0,1,1,0.0000,11.1308,11.0958,1
717,1403715922.434058189,3.4073,3.3835,0.1690,2,4,0,0,0,2,0.0000,0.2778,0.2273,1
718,1403715922.484058142,13.9928,13.9963,8.1830,2,13,0,0,1,1,0.0000,11.1251,11.0838,1
719,1403715922.534058094,3.1295,3.1287,0.1750,2,4,0,0,0,2,0.0000,0.2752,0.2400,1
720,1403715922.584058285,3.2307,3.2328,0.2778,2,4,0,0,0,2,0.0000,0.3971,0.3609,1
721,1403715922.634057999,3.4493,3.4528,0.3378,2,4,0,0,0,2,0.0000,0.4725,0.4334,1
722,1403715922.684058189,13.9405,13.9207,7.8809,2,13,0,0,1,1,0.0000,10.8562,10.8040,1
723,1403715922.734058142,3.2758,3.2707,0.1481,2,4,0,0,0,2,0.0000,0.2323,0.2015,1
724,1403715922.784058094,13.4562,13.4487,7.8108,2,13,0,0,1,1,0.0000,10.6604,10.6277,1
725,1403715922.834058046,2.9827,2.9861,0.1590,2,4,0,0,0,2,0.0000,0.2469,0.2115,1
726,1403715922.884058237,3.1028,3.1024,0.2341,2,4,0,0,0,2,0.0000,0.3427,0.3028,1
727,1403715922.934058189,3.6415,3.6299,0.3300,2,4,0,0,0,2,0.0000,0.4687,0.4221,1
728,1403715922.984058142,13.5532,13.5001,7.6060,2,13,0,0,1,1,0.0000,10.5549,10.5090,1
729,1403715923.034058094,3.1789,3.1828,0.1922,2,4,0,0,0,2,0.0000,0.3067,0.2585,1
730,1403715923.084058285,3.4355,3.4310,0.2780,2,4,0,0,0,2,0.0000,0.4049,0.3626,1
731,1403715923.134057999,3.6469,3.6504,0.4051,2,4,0,0,0,2,0.0000,0.5680,0.5161,1
732,1403715923.184058189,37.2449,37.2420,31.3051,2,13,0,0,1,1,0.0000,34.2775,34.2202,1
733,1403715923.234058142,3.8338,3.7004,0.2151,2,4,0,0,0,2,0.0000,0.3526,0.2916,1
734,1403715923.284058094,3.8414,3.8329,0.3068,2,4,0,0,0,2,0.0000,0.4552,0.3999,1
735,1403715923.334058046,4.1381,4.0552,0.3910,2,4,0,0,0,2,0.0000,0.5624,0.5042,1
736,1403715923.384058237,19.7796,19.6827,13.5961,2,13,0,0,1,1,0.0000,16.5060,16.4538,1
737,1403715923.434058189,3.6699,3.6438,0.1860,2,4,0,0,0,2,0.0000,0.3120,0.2510,1
738,1403715923.484058142,3.5842,3.5758,0.2739,2,4,0,0,0,2,0.0000,0.4101,0.3559,1
739,1403715923.534058094,3.6548,3.6586,0.3421,2,4,0,0,0,2,0.0000,0.4917,0.4396,1
740,1403715923.584058285,13.4772,13.4811,7.6752,2,13,0,0,1,1,0.0000,10.5027,10.4572,1
741,1403715923.634057999,3.4130,3.4018,0.1888,2,4,0,0,0,2,0.0000,0.3101,0.2523,1
742,1403715923.684058189,3.3160,3.3196,0.2480,2,4,0,0,0,2,0.0000,0.3701,0.3242,1
743,1403715923.734058142,3.4291,3.4239,0.3591,2,4,0,0,0,2,0.0000,0.5165,0.4583,1
744,1403715923.784058094,13.4630,13.4667,7.6859,2,13,0,0,1,1,0.0000,10.4962,10.4489,1
745,1403715923.834058046,3.4256,3.4081,0.1719,2,4,0,0,0,2,0.0000,0.2902,0.2320,1
746,1403715923.884058237,3.5370,3.5187,0.2398,2,4,0,0,0,2,0.0000,0.3716,0.3177,1
747,1403715923.934058189,3.8940,3.8570,0.3688,2,4,0,0,0,2,0.0000,0.5229,0.4702,1
748,1403715923.984058142,13.4115,13.3992,7.4670,2,13,0,0,1,1,0.0000,10.2951,10.2428,1
749,1403715924.034058094,3.4707,3.4598,0.1619,2,4,0,0,0,2,0.0000,0.2717,0.2178,1
750,1403715924.084058285,3.3859,3.3859,0.2320,2,4,0,0,0,2,0.0000,0.3488,0.3040,1
751,1403715924.134057999,13.2432,13.2408,7.3681,2,13,0,0,1,1,0.0000,10.2127,10.1665,1
752,1403715924.184058189,3.6323,3.6168,0.1841,2,4,0,0,0,2,0.0000,0.2967,0.2495,1
753,1403715924.234058142,3.8433,3.7860,0.2463,2,4,0,0,0,2,0.0000,0.3717,0.3229,1
754,1403715924.284058094,13.9202,13.8706,7.4251,2,13,0,0,1,1,0.0000,10.3923,10.3367,1
755,1403715924.334058046,3.6492,3.6170,0.1721,2,4,0,0,0,2,0.0000,0.2867,0.2343,1
756,1403715924.384058237,3.5298,3.5332,0.2410,2,4,0,0,0,2,0.0000,0.3517,0.3099,1
757,1403715924.434058189,4.0220,3.9619,0.3350,2,4,0,0,0,2,0.0000,0.4849,0.4302,1
758,1403715924.484058142,13.3057,13.3095,7.2882,2,13,0,0,1,1,0.0000,10.1642,10.1159,1
759,1403715924.534058094,3.2513,3.2550,0.1388,2,4,0,0,0,2,0.0000,0.2317,0.1890,1
760,1403715924.584058285,3.3305,3.3344,0.2010,2,4,0,0,0,2,0.0000,0.3028,0.2621,1
761,1403715924.634057999,13.0621,13.0656,7.3581,2,13,0,0,1,1,0.0000,10.2215,10.1802,1
762,1403715924.684058189,3.1016,3.1052,0.1471,2,4,0,0,0,2,0.0000,0.2368,0.1981,1
763,1403715924.734058142,3.1252,3.1287,0.1981,2,4,0,0,0,2,0.0000,0.2921,0.2573,1
764,1403715924.784058094,3.4627,3.4555,0.2940,2,4,0,0,0,2,0.0000,0.4159,0.3755,1
765,1403715924.834058046,13.5335,13.5060,7.3340,2,13,0,0,1,1,0.0000,10.2120,10.1767,1
766,1403715924.884058237,3.3699,3.3736,0.1590,2,4,0,0,0,2,0.0000,0.2545,0.2131,1
767,1403715924.934058189,3.6740,3.6122,0.2062,2,4,0,0,0,2,0.0000,0.3166,0.2733,1
768,1403715924.984058142,13.1631,13.1666,7.2241,2,13,0,0,1,1,0.0000,10.0202,9.9913,1
769,1403715925.034058094,14.1133,14.1167,7.4658,2,13,0,0,1,1,0.0000,10.3593,10.3165,1
770,1403715925.084058285,3.5122,3.5158,0.1502,2,4,0,0,0,2,0.0000,0.2372,0.2028,1
771,1403715925.134057999,14.4053,14.3873,7.3569,2,13,0,0,1,1,0.0000,10.2740,10.2381,1
772,1403715925.184058189,4.5423,4.3542,0.1452,2,4,0,0,0,2,0.0000,0.2325,0.1948,1
773,1403715925.234058142,14.4644,14.4575,7.5061,2,13,0,0,1,1,0.0000,10.7248,10.6844,1
774,1403715925.284058094,14.2288,14.0882,7.5781,2,13,0,0,1,1,0.0000,10.4264,10.3915,1
775,1403715925.334058046,3.9583,3.9398,0.1681,2,4,0,0,0,2,0.0000,0.2750,0.2293,1
776,1403715925.384058237,13.5531,13.5465,7.3900,2,13,0,0,1,1,0.0000,10.1555,10.1126,1
777,1403715925.434058189,13.1640,13.1635,7.2901,2,13,0,0,1,1,0.0000,9.9067,9.8737,1
778,1403715925.484058142,3.3764,3.3779,0.1500,2,4,0,0,0,2,0.0000,0.2394,0.2035,1
779,1403715925.534058094,13.3991,13.3955,7.3700,2,13,0,0,1,1,0.0000,10.0376,10.0034,1
780,1403715925.584058285,14.1502,14.0708,7.4532,2,13,0,0,1,1,0.0000,10.1775,10.1437,1
781,1403715925.634057999,13.5886,13.4833,7.5600,2,13,0,0,1,1,0.0000,10.1975,10.1573,1
782,1403715925.684058189,3.6639,3.6592,0.1833,2,4,0,0,0,2,0.0000,0.2827,0.2437,1
783,1403715925.734058142,13.7468,13.7303,7.6990,2,13,0,0,1,1,0.0000,10.3213,10.2865,1
784,1403715925.784058094,3.8781,3.8522,0.1619,2,4,0,0,0,2,0.0000,0.2693,0.2193,1
785,1403715925.834058046,13.5367,13.5287,7.6361,2,13,0,0,1,1,0.0000,10.2857,10.2414,1
786,1403715925.884058237,3.8367,3.8233,0.1762,2,4,0,0,0,2,0.0000,0.2753,0.2354,1
787,1403715925.934058189,3.7209,3.7205,0.2699,2,4,0,0,0,2,0.0000,0.3813,0.3452,1
788,1403715925.984058142,3.6950,3.6937,0.3300,2,4,0,0,0,2,0.0000,0.4540,0.4200,1
789,1403715926.034058094,13.5790,13.5826,7.6509,2,13,0,0,1,1,0.0000,10.2960,10.2657,1
790,1403715926.084058285,3.6402,3.6241,0.1569,2,4,0,0,0,2,0.0000,0.2618,0.2120,1
791,1403715926.134057999,22.1256,22.0611,16.1510,2,13,0,0,1,1,0.0000,18.7808,18.7470,1
792,1403715926.184058189,3.4826,3.4687,0.1430,2,4,0,0,0,2,0.0000,0.2236,0.1912,1
793,1403715926.234058142,27.5858,27.5802,21.4920,2,13,0,0,1,1,0.0000,24.1357,24.1021,1
794,1403715926.284058094,3.8176,3.8047,0.1631,2,4,0,0,0,2,0.0000,0.2678,0.2257,1
795,1403715926.334058046,36.7576,36.7532,30.5920,2,13,0,0,1,1,0.0000,33.1946,33.1602,1
796,1403715926.384058237,3.8030,3.7712,0.1390,2,4,0,0,0,2,0.0000,0.2235,0.1847,1
797,1403715926.434058189,36.6906,36.6883,30.6809,2,13,0,0,1,1,0.0000,33.3097,33.2720,1
798,1403715926.484058142,3.7200,3.7201,0.1602,2,4,0,0,0,2,0.0000,0.2455,0.2136,1
799,1403715926.534058094,3.7285,3.7256,0.2682,2,4,0,0,0,2,0.0000,0.3867,0.3450,1
800,1403715926.584058285,4.0183,3.9962,0.3228,2,4,0,0,0,2,0.0000,0.4492,0.4111,1
801,1403715926.634057999,14.0537,14.0298,7.7178,2,13,0,0,1,1,0.0000,10.3602,10.3234,1
802,1403715926.684058189,3.5940,3.5917,0.1740,2,4,0,0,0,2,0.0000,0.2775,0.2380,1
803,1403715926.734058142,3.5997,3.5786,0.2520,2,4,0,0,0,2,0.0000,0.3668,0.3313,1
804,1403715926.784058094,3.6520,3.6586,0.3180,2,4,0,0,0,2,0.0000,0.4369,0.4039,1
805,1403715926.834058046,13.4972,13.4962,7.6280,2,13,0,0,1,1,0.0000,10.2541,10.2078,1
806,1403715926.884058237,3.7557,3.7199,0.1800,2,4,0,0,0,2,0.0000,0.2896,0.2469,1
807,1403715926.934058189,3.7780,3.7817,0.2558,2,4,0,0,0,2,0.0000,0.3818,0.3386,1
808,1403715926.984058142,4.0800,4.0833,0.3719,2,4,0,0,0,2,0.0000,0.5251,0.4765,1
809,1403715927.034058094,13.6958,13.6993,7.4561,2,13,0,0,1,1,0.0000,10.1802,10.1337,1
810,1403715927.084058285,3.6984,3.6044,0.2069,2,4,0,0,0,2,0.0000,0.3327,0.2832,1
811,1403715927.134057999,4.0635,4.0202,0.2871,2,4,0,0,0,2,0.0000,0.4255,0.3778,1
812,1403715927.184058189,3.7608,3.7646,0.3660,2,4,0,0,0,2,0.0000,0.5219,0.4730,1
813,1403715927.234058142,13.5272,13.5309,7.4272,2,13,0,0,1,1,0.0000,10.0728,10.0269,1
814,1403715927.284058094,3.7465,3.7053,0.1569,2,4,0,0,0,2,0.0000,0.2610,0.2123,1
815,1403715927.334058046,3.5447,3.5484,0.2470,2,4,0,0,0,2,0.0000,0.3818,0.3254,1
816,1403715927.384058237,3.8587,3.8185,0.3300,2,4,0,0,0,2,0.0000,0.4881,0.4300,1
817,1403715927.434058189,13.5280,13.5318,7.4389,2,13,0,0,1,1,0.0000,10.1668,10.1068,1
818,1403715927.484058142,14.3087,14.2438,7.7143,2,13,0,0,1,1,0.0000,10.3901,10.3258,1
819,1403715927.534058094,3.7473,3.7510,0.1571,2,3,0,0,0,2,0.0000,0.2788,0.2202,1
820,1403715927.584058285,3.7256,3.7240,0.2570,2,4,0,0,0,2,0.0000,0.3919,0.3392,1
821,1403715927.634057999,4.0172,4.0143,0.3779,2,4,0,0,0,2,0.0000,0.5375,0.4850,1
822,1403715927.684058189,14.1073,14.0539,7.7829,2,13,0,0,1,1,0.0000,10.4412,10.3812,1
823,1403715927.734058142,3.8960,3.8995,0.1712,2,4,0,0,0,2,0.0000,0.2793,0.2289,1
824,1403715927.784058094,3.9562,3.9479,0.2651,2,4,0,0,0,2,0.0000,0.4040,0.3469,1
825,1403715927.834058046,4.1345,4.1380,0.3400,2,4,0,0,0,2,0.0000,0.4940,0.4411,1
826,1403715927.884058237,14.5517,14.5392,7.8449,2,13,0,0,1,1,0.0000,10.5596,10.5060,1
827,1403715927.934058189,4.1660,4.1629,0.1931,2,4,0,0,0,2,0.0000,0.3247,0.2623,1
828,1403715927.984058142,4.1386,4.0265,0.2899,2,4,0,0,0,2,0.0000,0.4283,0.3718,1
829,1403715928.034058094,3.8040,3.8080,0.3390,2,4,0,0,0,2,0.0000,0.4778,0.4325,1
830,1403715928.084058285,13.4870,13.4906,7.6120,2,13,0,0,1,1,0.0000,10.2360,10.1918,1
831,1403715928.134057999,3.5567,3.5562,0.1421,2,4,0,0,0,2,0.0000,0.2362,0.1918,1
832,1403715928.184058189,3.9722,3.9717,0.2401,2,4,0,0,0,2,0.0000,0.3491,0.3042,1
833,1403715928.234058142,4.0303,4.0275,0.3240,2,4,0,0,0,2,0.0000,0.4541,0.4056,1
834,1403715928.284058094,13.9538,13.9574,7.5457,2,13,0,0,1,1,0.0000,10.3055,10.2619,1
835,1403715928.334058046,4.0859,4.0728,0.1750,2,4,0,0,0,2,0.0000,0.2860,0.2356,1
836,1403715928.384058237,3.8582,3.8548,0.2358,2,4,0,0,0,2,0.0000,0.3444,0.3035,1
837,1403715928.434058189,4.1621,4.1610,0.3049,2,4,0,0,0,2,0.0000,0.4347,0.3852,1
838,1403715928.484058142,13.6221,13.6257,7.4742,2,13,0,0,1,1,0.0000,10.2271,10.1826,1
839,1403715928.534058094,4.1417,4.0843,0.1800,2,4,0,0,0,2,0.0000,0.2879,0.2370,1
840,1403715928.584058285,3.9461,3.9425,0.2441,2,4,0,0,0,2,0.0000,0.3541,0.3088,1
841,1403715928.634057999,4.2465,4.2319,0.3288,2,4,0,0,0,2,0.0000,0.4692,0.4134,1
842,1403715928.684058189,14.0698,14.0695,7.6590,2,13,0,0,1,1,0.0000,10.5472,10.4965,1
843,1403715928.734058142,14.3666,14.3630,7.6439,2,13,0,0,1,1,0.0000,10.4872,10.4413,1
844,1403715928.784058094,23.4425,23.4140,16.3431,2,13,0,0,1,1,0.0000,19.1325,19.0788,1
845,1403715928.834058046,4.2289,4.2130,0.1960,2,4,0,0,0,2,0.0000,0.3171,0.2606,1
846,1403715928.884058237,20.8784,20.8739,13.8590,2,13,0,0,1,1,0.0000,16.6142,16.5616,1
847,1403715928.934058189,4.4540,4.4404,0.2198,2,4,0,0,0,2,0.0000,0.3577,0.2959,1
848,1403715928.984058142,4.4917,4.4957,0.3209,2,4,0,0,0,2,0.0000,0.4853,0.4231,1
849,1403715929.034058094,4.6925,4.6834,0.4220,2,4,0,0,0,2,0.0000,0.6102,0.5443,1
850,1403715929.084058285,15.3055,15.2896,8.3859,2,13,0,0,1,1,0.0000,11.2979,11.2360,1
851,1403715929.134057999,4.1030,4.1046,0.2339,2,4,0,0,0,2,0.0000,0.3794,0.3210,1
852,1403715929.184058189,4.1632,4.1631,0.3498,2,4,0,0,0,2,0.0000,0.5195,0.4595,1
853,1403715929.234058142,4.6762,4.6237,0.4859,2,4,0,0,0,2,0.0000,0.7057,0.6315,1
854,1403715929.284058094,14.1598,14.1595,7.8681,2,13,0,0,1,1,0.0000,10.5372,10.4780,1
855,1403715929.334058046,4.0216,4.0123,0.2341,2,4,0,0,0,2,0.0000,0.3766,0.3141,1
856,1403715929.384058237,4.0702,4.0681,0.3040,2,4,0,0,0,2,0.0000,0.4542,0.3988,1
857,1403715929.434058189,4.2424,4.2369,0.4141,2,4,0,0,0,2,0.0000,0.5895,0.5336,1
858,1403715929.484058142,13.8022,13.7958,7.4539,2,13,0,0,1,1,0.0000,10.0461,10.0030,1
859,1403715929.534058094,13.5960,13.5995,7.5710,2,13,0,0,1,1,0.0000,10.3658,10.3165,1
860,1403715929.584058285,3.6707,3.6646,0.1860,2,4,0,0,0,2,0.0000,0.2976,0.2505,1
861,1403715929.634057999,3.9660,3.9589,0.2518,2,4,0,0,0,2,0.0000,0.3635,0.3240,1
862,1403715929.684058189,3.5792,3.5731,0.3462,2,4,0,0,0,2,0.0000,0.4977,0.4410,1
863,1403715929.734058142,13.5803,13.5621,7.5409,2,13,0,0,1,1,0.0000,10.3969,10.3441,1
864,1403715929.784058094,3.6233,3.5927,0.1581,2,4,0,0,0,2,0.0000,0.2601,0.2089,1
865,1403715929.834058046,13.6725,13.6759,7.7140,2,13,0,0,1,1,0.0000,10.5378,10.4870,1
866,1403715929.884058237,3.5110,3.5096,0.1302,2,3,0,0,0,2,0.0000,0.2275,0.1815,1
867,1403715929.934058189,3.6075,3.6017,0.2589,2,4,0,0,0,2,0.0000,0.3802,0.3328,1
868,1403715929.984058142,3.6418,3.6452,0.3290,2,4,0,0,0,2,0.0000,0.4654,0.4195,1
869,1403715930.034058094,13.9735,13.9770,8.0111,2,13,0,0,1,1,0.0000,10.8538,10.8080,1
870,1403715930.084058285,3.5481,3.5481,0.1612,2,4,0,0,0,2,0.0000,0.2667,0.2188,1
871,1403715930.134057999,3.5521,3.5494,0.2680,2,4,0,0,0,2,0.0000,0.3998,0.3500,1
872,1403715930.184058189,3.6638,3.6617,0.3302,2,4,0,0,0,2,0.0000,0.4788,0.4315,1
873,1403715930.234058142,14.5483,14.5433,8.4009,2,13,0,0,1,1,0.0000,11.3602,11.3085,1
874,1403715930.284058094,3.5290,3.5296,0.2050,2,4,0,0,0,2,0.0000,0.3276,0.2788,1
875,1403715930.334058046,3.6568,3.6580,0.3138,2,4,0,0,0,2,0.0000,0.4625,0.4129,1
876,1403715930.384058237,3.6877,3.6916,0.4120,2,4,0,0,0,2,0.0000,0.5896,0.5393,1
877,1403715930.434058189,14.3594,14.3630,8.2688,2,13,0,0,1,1,0.0000,11.2508,11.1986,1
878,1403715930.484058142,3.6327,3.6307,0.2151,2,4,0,0,0,2,0.0000,0.3452,0.2935,1
879,1403715930.534058094,3.8150,3.8072,0.3271,2,4,0,0,0,2,0.0000,0.4799,0.4287,1
880,1403715930.584058285,4.1113,4.0770,0.4139,2,4,0,0,0,2,0.0000,0.5901,0.5374,1
881,1403715930.634057999,14.8879,14.8550,8.1470,2,13,0,0,1,1,0.0000,11.1441,11.0853,1
882,1403715930.684058189,3.7574,3.7553,0.2170,2,4,0,0,0,2,0.0000,0.3505,0.2923,1
883,1403715930.734058142,3.8902,3.8938,0.3178,2,4,0,0,0,2,0.0000,0.4760,0.4196,1
884,1403715930.784058094,4.1089,4.0887,0.3908,2,4,0,0,0,2,0.0000,0.5837,0.5223,1
885,1403715930.834058046,14.6942,14.6753,8.1727,2,13,0,0,1,1,0.0000,11.2123,11.1567,1
886,1403715930.884058237,3.8536,3.8453,0.2322,2,4,0,0,0,2,0.0000,0.3721,0.3177,1
887,1403715930.934058189,4.1407,4.1023,0.3462,2,4,0,0,0,2,0.0000,0.5226,0.4635,1
888,1403715930.984058142,4.4516,4.4429,0.4780,2,4,0,0,0,2,0.0000,0.6897,0.6289,1
889,1403715931.034058094,15.0990,15.0736,8.3327,2,13,0,0,1,1,0.0000,11.3930,11.3372,1
890,1403715931.084058285,3.8176,3.8213,0.2270,2,4,0,0,0,2,0.0000,0.3696,0.3122,1
891,1403715931.134057999,4.0434,4.0340,0.3419,2,4,0,0,0,2,0.0000,0.5162,0.4575,1
892,1403715931.184058189,4.4389,4.4133,0.4869,2,4,0,0,0,2,0.0000,0.7006,0.6373,1
893,1403715931.234058142,15.3744,15.3749,8.7509,2,13,0,0,1,1,0.0000,11.7777,11.7194,1
894,1403715931.284058094,4.2373,4.2286,0.2530,2,4,0,0,0,2,0.0000,0.4018,0.3434,1
895,1403715931.334058046,4.3149,4.3130,0.4070,2,4,0,0,0,2,0.0000,0.6122,0.5389,1
896,1403715931.384058237,4.1529,4.1564,0.4590,2,4,0,0,0,2,0.0000,0.6602,0.6064,1
897,1403715931.434058189,15.6890,15.6796,8.9672,2,13,0,0,1,1,0.0000,12.1502,12.0922,1
898,1403715931.484058142,4.1482,4.1235,0.2301,2,4,0,0,0,2,0.0000,0.3719,0.3146,1
899,1403715931.534058094,4.1762,4.1550,0.3350,2,4,0,0,0,2,0.0000,0.4965,0.4412,1
900,1403715931.584058285,4.7318,4.6592,0.4179,2,4,0,0,0,2,0.0000,0.5989,0.5470,1
901,1403715931.634057999,15.6563,15.5735,8.8320,2,13,0,0,1,1,0.0000,12.0001,11.9453,1
902,1403715931.684058189,4.4613,4.4413,0.2160,2,4,0,0,0,2,0.0000,0.3533,0.2985,1
903,1403715931.734058142,3.9975,3.9945,0.3161,2,4,0,0,0,2,0.0000,0.4719,0.4182,1
904,1403715931.784058094,4.0613,4.0574,0.4120,2,4,0,0,0,2,0.0000,0.5906,0.5373,1
905,1403715931.834058046,15.5149,15.5149,8.8310,2,13,0,0,1,1,0.0000,11.9920,11.9452,1
906,1403715931.884058237,3.8801,3.8803,0.2041,2,4,0,0,0,2,0.0000,0.3301,0.2800,1
907,1403715931.934058189,4.1840,4.1853,0.2940,2,4,0,0,0,2,0.0000,0.4371,0.3892,1
908,1403715931.984058142,4.1645,4.1682,0.3660,2,4,0,0,0,2,0.0000,0.5218,0.4755,1
909,1403715932.034058094,15.8424,15.8355,8.7881,2,13,0,0,1,1,0.0000,12.0040,11.9638,1
910,1403715932.084058285,3.8624,3.8350,0.1757,2,4,0,0,0,2,0.0000,0.2839,0.2375,1
911,1403715932.134057999,3.9335,3.9320,0.2539,2,4,0,0,0,2,0.0000,0.3736,0.3304,1
912,1403715932.184058189,4.2923,4.2752,0.3428,2,4,0,0,0,2,0.0000,0.4912,0.4431,1
913,1403715932.234058142,15.8749,15.7972,8.8577,2,13,0,0,1,1,0.0000,12.0770,12.0356,1
914,1403715932.284058094,3.5855,3.5892,0.1712,2,4,0,0,0,2,0.0000,0.2757,0.2310,1
915,1403715932.334058046,4.1885,4.0585,0.2792,2,4,0,0,0,2,0.0000,0.4032,0.3616,1
916,1403715932.384058237,16.3245,16.2573,9.1531,2,13,0,0,1,1,0.0000,12.5510,12.4974,1
917,1403715932.434058189,3.4127,3.4161,0.1750,2,4,0,0,0,2,0.0000,0.2786,0.2337,1
918,1403715932.484058142,3.8868,3.8286,0.2508,2,4,0,0,0,2,0.0000,0.3690,0.3276,1
919,1403715932.534058094,4.0766,4.0324,0.3579,2,4,0,0,0,2,0.0000,0.5120,0.4566,1
920,1403715932.584058285,15.5865,15.5733,8.8658,2,13,0,0,1,1,0.0000,12.1394,12.0907,1
921,1403715932.634057999,3.5483,3.5518,0.1950,2,4,0,0,0,2,0.0000,0.3098,0.2659,1
922,1403715932.684058189,3.6846,3.6830,0.3021,2,4,0,0,0,2,0.0000,0.4439,0.3920,1
923,1403715932.734058142,3.9431,3.9122,0.3929,2,4,0,0,0,2,0.0000,0.5524,0.5058,1
924,1403715932.784058094,15.3873,15.3800,8.7872,2,13,0,0,1,1,0.0000,12.0849,12.0412,1
925,1403715932.834058046,3.5292,3.5267,0.2038,2,4,0,0,0,2,0.0000,0.3370,0.2818,1
926,1403715932.884058237,3.8540,3.7109,0.2758,2,4,0,0,0,2,0.0000,0.4056,0.3604,1
927,1403715932.934058189,4.0963,4.0117,0.3519,2,4,0,0,0,2,0.0000,0.4972,0.4524,1
928,1403715932.984058142,15.6049,15.5512,8.5201,2,13,0,0,1,1,0.0000,11.7207,11.6794,1
929,1403715933.034058094,3.8466,3.8206,0.1590,2,4,0,0,0,2,0.0000,0.2591,0.2147,1
930,1403715933.084058285,3.9115,3.8981,0.2069,2,4,0,0,0,2,0.0000,0.3102,0.2725,1
931,1403715933.134057999,14.6705,14.6370,8.2910,2,13,0,0,1,1,0.0000,11.4016,11.3617,1
932,1403715933.184058189,3.7080,3.6616,0.1483,2,4,0,0,0,2,0.0000,0.2444,0.2028,1
933,1403715933.234058142,4.4710,4.2440,0.2263,2,4,0,0,0,2,0.0000,0.3340,0.2928,1
934,1403715933.284058094,4.3686,4.3146,0.3161,2,4,0,0,0,2,0.0000,0.4446,0.3999,1
935,1403715933.334058046,15.4426,15.3688,8.1160,2,13,0,0,1,1,0.0000,11.3640,11.3139,1
936,1403715933.384058237,4.3108,4.2735,0.1693,2,4,0,0,0,2,0.0000,0.2739,0.2254,1
937,1403715933.434058189,4.5444,4.4853,0.2630,2,4,0,0,0,2,0.0000,0.3904,0.3395,1
938,1403715933.484058142,15.0116,14.9795,7.8940,2,13,0,0,1,1,0.0000,10.9430,10.8907,1
939,1403715933.534058094,4.1302,4.1207,0.1779,2,4,0,0,0,2,0.0000,0.2890,0.2422,1
940,1403715933.584058285,4.3661,4.3465,0.2549,2,4,0,0,0,2,0.0000,0.3890,0.3315,1
941,1403715933.634057999,4.4882,4.4712,0.3331,2,4,0,0,0,2,0.0000,0.4893,0.4270,1
942,1403715933.684058189,14.6357,14.6216,7.8549,2,13,0,0,1,1,0.0000,10.9716,10.9106,1
943,1403715933.734058142,4.4943,4.4364,0.2582,2,4,0,0,0,2,0.0000,0.4210,0.3557,1
944,1403715933.784058094,4.2631,4.2637,0.3488,2,4,0,0,0,2,0.0000,0.5253,0.4630,1
945,1403715933.834058046,4.3172,4.2630,0.4427,2,4,0,0,0,2,0.0000,0.6367,0.5760,1
946,1403715933.884058237,14.7864,14.7588,7.8118,2,13,0,0,1,1,0.0000,10.7968,10.7398,1
947,1403715933.934058189,4.3104,4.3145,0.1931,2,4,0,0,0,2,0.0000,0.3218,0.2643,1
948,1403715933.984058142,4.2309,4.2240,0.2608,2,4,0,0,0,2,0.0000,0.3955,0.3433,1
949,1403715934.034058094,4.2122,4.2100,0.3209,2,4,0,0,0,2,0.0000,0.4672,0.4138,1
950,1403715934.084058285,15.3668,14.8491,8.4431,2,13,0,0,1,1,0.0000,11.8777,11.8271,1
951,1403715934.134057999,16.3103,15.8199,8.6827,2,13,0,0,1,1,0.0000,11.8995,11.8513,1
952,1403715934.184058189,16.5208,15.9415,8.9090,2,13,0,0,1,1,0.0000,12.0817,12.0216,1
953,1403715934.234058142,4.5104,4.3632,0.2158,2,4,0,0,0,2,0.0000,0.3919,0.3300,1
954,1403715934.284058094,14.5335,14.4910,7.8640,2,13,0,0,1,1,0.0000,10.5331,10.4883,1
955,1403715934.334058046,4.2675,4.2488,0.1791,2,4,0,0,0,2,0.0000,0.3050,0.2503,1
956,1403715934.384058237,3.9505,3.9457,0.2770,2,4,0,0,0,2,0.0000,0.4125,0.3638,1
957,1403715934.434058189,20.9282,20.8119,14.6439,2,13,0,0,1,1,0.0000,17.5424,17.5079,1
958,1403715934.484058142,17.5528,17.2909,8.2200,2,13,0,0,1,1,0.0000,13.8215,13.7751,1
959,1403715934.534058094,3.7649,3.7115,0.1709,2,3,0,0,0,2,0.0000,0.2879,0.2372,1
960,1403715934.584058285,4.0964,4.0154,0.2918,2,4,0,0,0,2,0.0000,0.4300,0.3803,1
961,1403715934.634057999,37.9274,37.8831,31.8511,2,13,0,0,1,1,0.0000,34.5580,34.5043,1
962,1403715934.684058189,3.5057,3.5033,0.2310,2,4,0,0,0,2,0.0000,0.3717,0.3162,1
963,1403715934.734058142,3.5902,3.5906,0.3169,2,4,0,0,0,2,0.0000,0.4585,0.4155,1
964,1403715934.784058094,3.7169,3.7123,0.4399,2,4,0,0,0,2,0.0000,0.6229,0.5685,1
965,1403715934.834058046,13.9672,13.9678,7.9370,2,13,0,0,1,1,0.0000,10.5126,10.4607,1
966,1403715934.884058237,3.7923,3.7744,0.1769,2,4,0,0,0,2,0.0000,0.2860,0.2411,1
967,1403715934.934058189,3.6913,3.6834,0.2992,2,4,0,0,0,2,0.0000,0.4309,0.3872,1
968,1403715934.984058142,13.6354,13.6389,7.6928,2,13,0,0,1,1,0.0000,10.1088,10.0709,1
969,1403715935.034058094,3.5799,3.5803,0.1631,2,4,0,0,0,2,0.0000,0.2593,0.2180,1
970,1403715935.084058285,14.0113,13.9905,7.8161,2,13,0,0,1,1,0.0000,10.4917,10.4480,1
971,1403715935.134057999,3.6226,3.6262,0.1683,2,4,0,0,0,2,0.0000,0.2661,0.2247,1
972,1403715935.184058189,13.9757,13.9795,7.8382,2,13,0,0,1,1,0.0000,10.5410,10.5004,1
973,1403715935.234058142,3.7240,3.6976,0.1900,2,4,0,0,0,2,0.0000,0.3062,0.2561,1
974,1403715935.284058094,3.5797,3.5666,0.2720,2,4,0,0,0,2,0.0000,0.4009,0.3551,1
975,1403715935.334058046,3.5032,3.4994,0.3500,2,4,0,0,0,2,0.0000,0.4888,0.4491,1
976,1403715935.384058237,13.2670,13.2706,7.5309,2,13,0,0,1,1,0.0000,10.2789,10.2303,1
977,1403715935.434058189,3.5473,3.5450,0.1619,2,4,0,0,0,2,0.0000,0.2672,0.2156,1
978,1403715935.484058142,13.9854,13.9445,7.7019,2,13,0,0,1,1,0.0000,10.4116,10.3585,1
979,1403715935.534058094,3.6432,3.6355,0.1631,2,4,0,0,0,2,0.0000,0.2748,0.2207,1
980,1403715935.584058285,3.6013,3.5675,0.2632,2,4,0,0,0,2,0.0000,0.3851,0.3363,1
981,1403715935.634057999,3.8112,3.7866,0.3519,2,4,0,0,0,2,0.0000,0.4983,0.4471,1
982,1403715935.684058189,19.4213,19.4128,13.3088,2,13,0,0,1,1,0.0000,16.0597,16.0063,1
983,1403715935.734058142,3.5963,3.5912,0.1979,2,4,0,0,0,2,0.0000,0.3197,0.2678,1
984,1403715935.784058094,3.6661,3.6586,0.2782,2,4,0,0,0,2,0.0000,0.4151,0.3626,1
985,1403715935.834058046,4.0234,3.9575,0.3650,2,4,0,0,0,2,0.0000,0.5245,0.4680,1
986,1403715935.884058237,36.7208,36.7064,30.6571,2,13,0,0,1,1,0.0000,33.3477,33.2945,1
987,1403715935.934058189,3.5639,3.5674,0.2110,2,4,0,0,0,2,0.0000,0.3445,0.2899,1
988,1403715935.984058142,3.8013,3.8007,0.3188,2,4,0,0,0,2,0.0000,0.4726,0.4173,1
989,1403715936.034058094,3.8807,3.8678,0.3870,2,4,0,0,0,2,0.0000,0.5546,0.5003,1
990,1403715936.084058285,13.7856,13.7773,7.5910,2,13,0,0,1,1,0.0000,10.2340,10.1823,1
991,1403715936.134057999,3.7490,3.7420,0.1440,2,4,0,0,0,2,0.0000,0.2415,0.1934,1
992,1403715936.184058189,13.4613,13.3936,7.3500,2,13,0,0,1,1,0.0000,9.9885,9.9371,1
993,1403715936.234058142,13.2017,13.1754,7.2663,2,13,0,0,1,1,0.0000,9.7306,9.6869,1
994,1403715936.284058094,13.1656,13.1527,7.2098,2,13,0,0,1,1,0.0000,9.8942,9.8445,1
995,1403715936.334058046,3.5956,3.5891,0.1850,2,4,0,0,0,2,0.0000,0.3031,0.2473,1
996,1403715936.384058237,3.6948,3.6930,0.2589,2,4,0,0,0,2,0.0000,0.3846,0.3373,1
997,1403715936.434058189,13.1449,13.1138,7.1471,2,13,0,0,1,1,0.0000,9.8580,9.8053,1
998,1403715936.484058142,3.4953,3.4990,0.2010,2,4,0,0,0,2,0.0000,0.3183,0.2682,1
999,1403715936.534058094,3.6474,3.6403,0.3021,2,4,0,0,0,2,0.0000,0.4482,0.3931,1
1000,1403715936.584058285,3.7412,3.7338,0.3641,2,4,0,0,0,2,0.0000,0.5340,0.4785,1
1001,1403715936.634057999,13.2652,13.2644,7.3090,2,13,0,0,1,1,0.0000,10.1275,10.0745,1
1002,1403715936.684058189,3.5776,3.5701,0.2270,2,4,0,0,0,2,0.0000,0.3655,0.3057,1
1003,1403715936.734058142,3.7512,3.7014,0.3090,2,4,0,0,0,2,0.0000,0.4598,0.4061,1
1004,1403715936.784058094,3.8061,3.7598,0.3829,2,4,0,0,0,2,0.0000,0.5571,0.5035,1
1005,1403715936.834058046,13.0774,13.0695,7.2560,2,13,0,0,1,1,0.0000,9.9370,9.8878,1
1006,1403715936.884058237,3.5287,3.5322,0.1881,2,4,0,0,0,2,0.0000,0.3060,0.2536,1
1007,1403715936.934058189,3.7293,3.7149,0.3109,2,4,0,0,0,2,0.0000,0.4570,0.4044,1
1008,1403715936.984058142,3.6702,3.6739,0.3850,2,4,0,0,0,2,0.0000,0.5502,0.4982,1
1009,1403715937.034058094,12.9712,12.9749,7.2410,2,13,0,0,1,1,0.0000,9.9346,9.8807,1
1010,1403715937.084058285,3.4220,3.4118,0.1631,2,4,0,0,0,2,0.0000,0.2706,0.2194,1
1011,1403715937.134057999,3.5450,3.5402,0.2530,2,4,0,0,0,2,0.0000,0.3834,0.3310,1
1012,1403715937.184058189,3.8240,3.8245,0.3729,2,4,0,0,0,2,0.0000,0.5373,0.4771,1
1013,1403715937.234058142,13.4947,13.4513,7.3950,2,13,0,0,1,1,0.0000,10.1805,10.1245,1
1014,1403715937.284058094,3.4847,3.4844,0.1581,2,4,0,0,0,2,0.0000,0.2675,0.2146,1
1015,1403715937.334058046,3.5537,3.5572,0.2570,2,4,0,0,0,2,0.0000,0.3921,0.3362,1
1016,1403715937.384058237,3.7891,3.7925,0.3700,2,4,0,0,0,2,0.0000,0.5315,0.4715,1
1017,1403715937.434058189,24.7961,24.7752,18.6508,2,13,0,0,1,1,0.0000,21.5055,21.4519,1
1018,1403715937.484058142,3.4635,3.4635,0.1383,2,3,0,0,0,2,0.0000,0.2509,0.1940,1
1019,1403715937.534058094,14.0617,14.0502,8.0247,2,13,0,0,1,1,0.0000,10.8652,10.8145,1
1020,1403715937.584058285,3.3764,3.3799,0.1931,2,4,0,0,0,2,0.0000,0.3073,0.2564,1
1021,1403715937.634057999,3.4925,3.4960,0.2811,2,4,0,0,0,2,0.0000,0.4166,0.3659,1
1022,1403715937.684058189,3.6770,3.6806,0.3629,2,4,0,0,0,2,0.0000,0.5182,0.4663,1
1023,1403715937.734058142,14.9114,14.8960,8.3690,2,13,0,0,1,1,0.0000,11.3886,11.3422,1
1024,1403715937.784058094,3.5746,3.5688,0.1900,2,4,0,0,0,2,0.0000,0.3168,0.2556,1
1025,1403715937.834058046,3.7111,3.7147,0.2677,2,4,0,0,0,2,0.0000,0.4081,0.3476,1
1026,1403715937.884058237,3.8808,3.8629,0.3619,2,4,0,0,0,2,0.0000,0.5166,0.4624,1
1027,1403715937.934058189,14.9228,14.9111,8.5371,2,13,0,0,1,1,0.0000,11.6010,11.5449,1
1028,1403715937.984058142,3.9253,3.9161,0.2339,2,4,0,0,0,2,0.0000,0.3783,0.3168,1
1029,1403715938.034058094,4.1067,4.0710,0.3269,2,4,0,0,0,2,0.0000,0.4903,0.4333,1
1030,1403715938.084058285,4.1289,4.1113,0.4191,2,4,0,0,0,2,0.0000,0.6175,0.5560,1
1031,1403715938.134057999,15.0723,15.0612,8.4310,2,13,0,0,1,1,0.0000,11.5769,11.5203,1
1032,1403715938.184058189,3.9088,3.9055,0.2570,2,4,0,0,0,2,0.0000,0.4075,0.3481,1
1033,1403715938.234058142,4.1817,4.1565,0.3681,2,4,0,0,0,2,0.0000,0.5485,0.4859,1
1034,1403715938.284058094,4.2168,4.2076,0.4661,2,4,0,0,0,2,0.0000,0.6660,0.6063,1
1035,1403715938.334058046,14.8411,14.8329,8.3489,2,13,0,0,1,1,0.0000,11.3852,11.3313,1
1036,1403715938.384058237,3.9570,3.9574,0.2091,2,4,0,0,0,2,0.0000,0.3490,0.2875,1
1037,1403715938.434058189,4.0418,4.0400,0.3059,2,4,0,0,0,2,0.0000,0.4584,0.4025,1
1038,1403715938.484058142,4.0419,4.0225,0.3691,2,4,0,0,0,2,0.0000,0.5278,0.4760,1
1039,1403715938.534058094,14.7602,14.7508,8.1611,2,13,0,0,1,1,0.0000,11.2870,11.2289,1
1040,1403715938.584058285,3.9859,3.8877,0.2260,2,4,0,0,0,2,0.0000,0.3660,0.3061,1
1041,1403715938.634057999,4.0415,4.0237,0.3121,2,4,0,0,0,2,0.0000,0.4662,0.4069,1
1042,1403715938.684058189,4.1987,4.1658,0.3870,2,4,0,0,0,2,0.0000,0.5604,0.5012,1
1043,1403715938.734058142,14.7942,14.7810,8.1699,2,13,0,0,1,1,0.0000,11.2272,11.1634,1
1044,1403715938.784058094,4.5262,4.5320,0.3190,2,4,0,0,0,2,0.0000,0.5847,0.4615,1
1045,1403715938.834058046,4.2479,4.2087,0.3419,2,4,0,0,0,2,0.0000,0.5213,0.4554,1
1046,1403715938.884058237,4.1720,4.1504,0.4301,2,4,0,0,0,2,0.0000,0.6235,0.5635,1
1047,1403715938.934058189,14.5179,14.5219,8.1880,2,13,0,0,1,1,0.0000,11.2470,11.1869,1
1048,1403715938.984058142,3.7660,3.7637,0.2408,2,4,0,0,0,2,0.0000,0.3959,0.3297,1
1049,1403715939.034058094,4.0638,4.0340,0.3319,2,4,0,0,0,2,0.0000,0.5075,0.4438,1
1050,1403715939.084058285,3.9750,3.9745,0.4110,2,4,0,0,0,2,0.0000,0.6120,0.5492,1
1051,1403715939.134057999,14.7254,14.7106,8.0221,2,13,0,0,1,1,0.0000,11.0681,11.0070,1
1052,1403715939.184058189,4.2377,4.2295,0.2010,2,4,0,0,0,2,0.0000,0.3325,0.2753,1
1053,1403715939.234058142,4.0731,4.0724,0.2658,2,4,0,0,0,2,0.0000,0.3982,0.3500,1
1054,1403715939.284058094,4.5750,4.5033,0.3092,2,4,0,0,0,2,0.0000,0.4560,0.4074,1
1055,1403715939.334058046,14.7402,14.7190,7.9257,2,13,0,0,1,1,0.0000,10.9257,10.8749,1
1056,1403715939.384058237,3.9521,3.9559,0.1860,2,4,0,0,0,2,0.0000,0.3037,0.2552,1
1057,1403715939.434058189,4.1869,4.1428,0.2749,2,4,0,0,0,2,0.0000,0.4087,0.3603,1
1058,1403715939.484058142,3.9769,3.9490,0.3631,2,4,0,0,0,2,0.0000,0.5121,0.4634,1
1059,1403715939.534058094,14.5339,14.4434,8.0059,2,13,0,0,1,1,0.0000,11.0287,10.9837,1
1060,1403715939.584058285,3.6854,3.6892,0.1862,2,4,0,0,0,2,0.0000,0.3102,0.2582,1
1061,1403715939.634057999,4.1335,4.0822,0.2809,2,4,0,0,0,2,0.0000,0.4132,0.3667,1
1062,1403715939.684058189,3.8527,3.8565,0.3438,2,4,0,0,0,2,0.0000,0.4926,0.4454,1
1063,1403715939.734058142,15.2700,15.2604,8.2920,2,13,0,0,1,1,0.0000,11.4518,11.4000,1
1064,1403715939.784058094,3.8827,3.8862,0.2310,2,4,0,0,0,2,0.0000,0.3740,0.3153,1
1065,1403715939.834058046,3.9916,3.9922,0.3359,2,4,0,0,0,2,0.0000,0.5003,0.4447,1
1066,1403715939.884058237,4.2167,4.1765,0.4280,2,4,0,0,0,2,0.0000,0.6242,0.5654,1
1067,1403715939.934058189,15.2685,15.2721,8.6279,2,13,0,0,1,1,0.0000,11.8499,11.7868,1
1068,1403715939.984058142,3.8583,3.8517,0.2708,2,4,0,0,0,2,0.0000,0.4319,0.3656,1
1069,1403715940.034058094,3.9428,3.9466,0.3521,2,4,0,0,0,2,0.0000,0.5206,0.4644,1
1070,1403715940.084058285,4.2074,4.2084,0.4530,2,4,0,0,0,2,0.0000,0.6542,0.5944,1
1071,1403715940.134057999,15.3751,15.3747,8.5850,2,13,0,0,1,1,0.0000,11.8217,11.7587,1
1072,1403715940.184058189,4.0411,4.0389,0.2110,2,4,0,0,0,2,0.0000,0.3527,0.2881,1
1073,1403715940.234058142,4.1032,4.1070,0.3281,2,4,0,0,0,2,0.0000,0.4954,0.4297,1
1074,1403715940.284058094,4.0057,3.9935,0.4170,2,4,0,0,0,2,0.0000,0.6034,0.5415,1
1075,1403715940.334058046,16.0478,16.0007,8.4271,2,13,0,0,1,1,0.0000,11.5974,11.5321,1
1076,1403715940.384058237,4.1903,4.1940,0.2341,2,4,0,0,0,2,0.0000,0.3813,0.3173,1
1077,1403715940.434058189,4.5047,4.4601,0.3190,2,4,0,0,0,2,0.0000,0.4760,0.4152,1
1078,1403715940.484058142,4.5520,4.5322,0.3929,2,4,0,0,0,2,0.0000,0.5525,0.5025,1
1079,1403715940.534058094,15.3208,15.3242,8.1229,2,13,0,0,1,1,0.0000,11.4238,11.3756,1
1080,1403715940.584058285,3.9727,3.9762,0.1869,2,4,0,0,0,2,0.0000,0.3008,0.2503,1
1081,1403715940.634057999,3.8700,3.8473,0.2620,2,4,0,0,0,2,0.0000,0.3899,0.3415,1
1082,1403715940.684058189,3.8743,3.8780,0.3197,2,4,0,0,0,2,0.0000,0.4521,0.4070,1
1083,1403715940.734058142,14.3920,14.3834,8.0030,2,13,0,0,1,1,0.0000,11.0395,10.9905,1
1084,1403715940.784058094,3.6157,3.6099,0.1709,2,4,0,0,0,2,0.0000,0.2811,0.2320,1
1085,1403715940.834058046,3.5428,3.5461,0.2360,2,4,0,0,0,2,0.0000,0.3613,0.3124,1
1086,1403715940.884058237,3.8750,3.8632,0.3161,2,4,0,0,0,2,0.0000,0.4535,0.4082,1
1087,1403715940.934058189,14.7428,14.7440,7.9188,2,13,0,0,1,1,0.0000,10.9488,10.9037,1
1088,1403715940.984058142,4.2577,4.2365,0.1371,2,4,0,0,0,2,0.0000,0.2287,0.1842,1
1089,1403715941.034058094,14.2463,14.2500,7.6189,2,13,0,0,1,1,0.0000,10.4971,10.4509,1
1090,1403715941.084058285,4.1761,4.1839,0.1333,2,4,0,0,0,2,0.0000,0.2240,0.1793,1
1091,1403715941.134057999,4.1788,4.1824,0.2050,2,4,0,0,0,2,0.0000,0.3085,0.2643,1
1092,1403715941.184058189,14.4953,14.4991,7.5679,2,13,0,0,1,1,0.0000,10.4432,10.3995,1
1093,1403715941.234058142,4.2913,4.2878,0.1760,2,4,0,0,0,2,0.0000,0.2896,0.2377,1
1094,1403715941.284058094,4.0180,4.0215,0.2279,2,4,0,0,0,2,0.0000,0.3352,0.2935,1
1095,1403715941.334058046,14.1933,14.1859,7.5102,2,13,0,0,1,1,0.0000,10.4033,10.3711,1
1096,1403715941.384058237,3.7521,3.7557,0.1471,2,4,0,0,0,2,0.0000,0.2338,0.1970,1
1097,1403715941.434058189,3.9664,3.9700,0.2449,2,4,0,0,0,2,0.0000,0.3516,0.3156,1
1098,1403715941.484058142,14.0812,14.0847,7.7143,2,13,0,0,1,1,0.0000,10.5757,10.5399,1
1099,1403715941.534058094,3.7583,3.7457,0.1709,2,4,0,0,0,2,0.0000,0.2767,0.2302,1
1100,1403715941.584058285,3.6547,3.6558,0.2642,2,4,0,0,0,2,0.0000,0.3887,0.3432,1
1101,1403715941.634057999,3.7258,3.7295,0.3321,2,4,0,0,0,2,0.0000,0.4574,0.4237,1
1102,1403715941.684058189,13.8732,13.8682,7.6959,2,13,0,0,1,1,0.0000,10.6115,10.5604,1
1103,1403715941.734058142,3.8503,3.8478,0.1948,2,4,0,0,0,2,0.0000,0.3112,0.2647,1
1104,1403715941.784058094,3.8461,3.8371,0.2661,2,4,0,0,0,2,0.0000,0.3870,0.3486,1
1105,1403715941.834058046,3.8395,3.8408,0.3300,2,4,0,0,0,2,0.0000,0.4756,0.4297,1
1106,1403715941.884058237,13.7078,13.6854,7.5421,2,13,0,0,1,1,0.0000,10.3473,10.3048,1
1107,1403715941.934058189,3.8018,3.7937,0.1929,2,4,0,0,0,2,0.0000,0.3065,0.2640,1
1108,1403715941.984058142,4.0676,4.0449,0.2859,2,4,0,0,0,2,0.0000,0.4198,0.3731,1
1109,1403715942.034058094,4.3987,4.3620,0.3400,2,4,0,0,0,2,0.0000,0.4775,0.4393,1
1110,1403715942.084058285,13.6304,13.6262,7.2641,2,13,0,0,1,1,0.0000,9.8890,9.8533,1
1111,1403715942.134057999,36.2839,36.2689,29.7849,2,13,0,0,1,1,0.0000,32.4220,32.3710,1
1112,1403715942.184058189,3.8398,3.8435,0.2179,2,4,0,0,0,2,0.0000,0.3431,0.2902,1
1113,1403715942.234058142,22.0818,22.0700,15.6682,2,13,0,0,1,1,0.0000,18.1190,18.0876,1
1114,1403715942.284058094,14.0333,14.0368,7.8371,2,13,0,0,1,1,0.0000,10.2820,10.2248,1
1115,1403715942.334058046,4.0162,4.0166,0.2351,2,4,0,0,0,2,0.0000,0.3648,0.3196,1
1116,1403715942.384058237,4.5652,4.5559,0.3347,2,4,0,0,0,2,0.0000,0.4803,0.4359,1
1117,1403715942.434058189,4.3304,4.3312,0.4129,2,4,0,0,0,2,0.0000,0.5820,0.5317,1
1118,1403715942.484058142,37.3946,37.3981,30.8740,2,13,0,0,1,1,0.0000,33.3259,33.2815,1
1119,1403715942.534058094,4.3429,4.3200,0.2072,2,4,0,0,0,2,0.0000,0.3280,0.2825,1
1120,1403715942.584058285,4.6290,4.6119,0.2880,2,4,0,0,0,2,0.0000,0.4287,0.3790,1
1121,1403715942.634057999,4.4182,4.4060,0.3841,2,4,0,0,0,2,0.0000,0.5506,0.4967,1
1122,1403715942.684058189,14.0388,14.0271,7.5839,2,13,0,0,1,1,0.0000,10.3582,10.3068,1
1123,1403715942.734058142,3.8893,3.8930,0.2148,2,4,0,0,0,2,0.0000,0.3428,0.2954,1
1124,1403715942.784058094,3.5464,3.5465,0.2918,2,4,0,0,0,2,0.0000,0.4368,0.3870,1
1125,1403715942.834058046,3.8277,3.8275,0.3698,2,4,0,0,0,2,0.0000,0.5316,0.4808,1
1126,1403715942.884058237,13.7975,13.8009,7.7767,2,13,0,0,1,1,0.0000,10.5267,10.4769,1
1127,1403715942.934058189,3.6245,3.6210,0.1502,2,4,0,0,0,2,0.0000,0.2570,0.2040,1
1128,1403715942.984058142,13.9418,13.9425,7.9811,2,13,0,0,1,1,0.0000,10.6268,10.5730,1
1129,1403715943.034058094,3.8201,3.7971,0.1931,2,4,0,0,0,2,0.0000,0.3160,0.2599,1
1130,1403715943.084058285,4.0352,4.0322,0.3197,2,4,0,0,0,2,0.0000,0.5068,0.4280,1
1131,1403715943.134057999,4.3518,4.3260,0.4377,2,4,0,0,0,2,0.0000,0.6330,0.5653,1
1132,1403715943.184058189,16.1178,16.1180,8.5657,2,13,0,0,1,1,0.0000,11.3556,11.2792,1
1133,1403715943.234058142,5.2342,5.2097,0.1688,2,4,0,0,0,2,0.0000,0.2977,0.2291,1
1134,1403715943.284058094,26.7722,26.7686,19.8119,2,13,0,0,1,1,0.0000,22.3739,22.3089,1
1135,1403715943.334058046,4.3196,4.3233,0.1681,2,4,0,0,0,2,0.0000,0.2828,0.2270,1
1136,1403715943.384058237,4.6280,4.6240,0.2770,2,4,0,0,0,2,0.0000,0.4226,0.3614,1
1137,1403715943.434058189,14.6474,14.6366,8.0259,2,13,0,0,1,1,0.0000,10.5423,10.4950,1
1138,1403715943.484058142,4.3142,4.3062,0.2301,2,4,0,0,0,2,0.0000,0.3508,0.3020,1
1139,1403715943.534058094,4.2580,4.2585,0.2770,2,4,0,0,0,2,0.0000,0.4055,0.3566,1
1140,1403715943.584058285,4.4146,4.4004,0.3572,2,4,0,0,0,2,0.0000,0.5012,0.4575,1
1141,1403715943.634057999,14.0226,14.0262,7.8900,2,13,0,0,1,1,0.0000,10.4779,10.4292,1
1142,1403715943.684058189,4.0395,4.0455,0.2332,2,4,0,0,0,2,0.0000,0.3595,0.3144,1
1143,1403715943.734058142,4.3574,4.3261,0.3428,2,4,0,0,0,2,0.0000,0.5025,0.4469,1
1144,1403715943.784058094,4.4453,4.4312,0.4179,2,4,0,0,0,2,0.0000,0.5916,0.5444,1
1145,1403715943.834058046,14.5042,14.5076,8.0590,2,13,0,0,1,1,0.0000,10.9212,10.8764,1
1146,1403715943.884058237,3.9943,3.9893,0.2539,2,4,0,0,0,2,0.0000,0.3942,0.3441,1
1147,1403715943.934058189,4.1887,4.1242,0.3641,2,4,0,0,0,2,0.0000,0.5322,0.4775,1
1148,1403715943.984058142,4.1274,4.1268,0.4091,2,4,0,0,0,2,0.0000,0.5962,0.5443,1
1149,1403715944.034058094,14.2116,14.2150,7.7050,2,13,0,0,1,1,0.0000,10.5454,10.5020,1
1150,1403715944.084058285,4.1737,4.1803,0.2208,2,4,0,0,0,2,0.0000,0.3490,0.2944,1
1151,1403715944.134057999,4.3360,4.3365,0.2861,2,4,0,0,0,2,0.0000,0.4140,0.3686,1
1152,1403715944.184058189,4.7465,4.7023,0.3581,2,4,0,0,0,2,0.0000,0.5006,0.4577,1
1153,1403715944.234058142,14.8836,14.8625,7.9699,2,13,0,0,1,1,0.0000,10.8084,10.7672,1
1154,1403715944.284058094,4.0295,4.0304,0.1698,2,4,0,0,0,2,0.0000,0.2716,0.2265,1
1155,1403715944.334058046,4.0341,4.0403,0.2618,2,4,0,0,0,2,0.0000,0.3883,0.3410,1
1156,1403715944.384058237,3.9747,3.9783,0.3257,2,4,0,0,0,2,0.0000,0.4643,0.4176,1
1157,1403715944.434058189,14.3596,14.3614,7.9792,2,13,0,0,1,1,0.0000,10.9380,10.8985,1
1158,1403715944.484058142,3.7519,3.7558,0.1938,2,4,0,0,0,2,0.0000,0.3093,0.2640,1
1159,1403715944.534058094,3.6186,3.6211,0.2859,2,4,0,0,0,2,0.0000,0.4186,0.3727,1
1160,1403715944.584058285,3.8491,3.8527,0.3519,2,4,0,0,0,2,0.0000,0.5149,0.4602,1
1161,1403715944.634057999,14.9298,14.9333,8.6248,2,13,0,0,1,1,0.0000,11.6971,11.6470,1
1162,1403715944.684058189,3.6417,3.6454,0.2360,2,4,0,0,0,2,0.0000,0.3814,0.3226,1
1163,1403715944.734058142,4.1660,4.1488,0.3381,2,4,0,0,0,2,0.0000,0.5150,0.4492,1
1164,1403715944.784058094,3.8553,3.8539,0.4039,2,4,0,0,0,2,0.0000,0.5764,0.5233,1
1165,1403715944.834058046,15.1610,15.1490,8.6601,2,13,0,0,1,1,0.0000,11.7442,11.6971,1
1166,1403715944.884058237,3.8540,3.8355,0.1800,2,4,0,0,0,2,0.0000,0.2933,0.2468,1
1167,1403715944.934058189,4.0273,4.0309,0.2511,2,4,0,0,0,2,0.0000,0.3671,0.3245,1
1168,1403715944.984058142,14.9045,14.9034,8.2083,2,13,0,0,1,1,0.0000,11.1702,11.1280,1
1169,1403715945.034058094,14.0296,14.0332,7.6201,2,13,0,0,1,1,0.0000,10.4561,10.4162,1
1170,1403715945.084058285,14.1189,14.1225,7.6523,2,13,0,0,1,1,0.0000,10.5160,10.4745,1
1171,1403715945.134057999,14.1780,14.1750,7.9639,2,13,0,0,1,1,0.0000,10.8150,10.7765,1
1172,1403715945.184058189,14.3009,14.2938,8.1630,2,13,0,0,1,1,0.0000,10.9145,10.8716,1
1173,1403715945.234058142,14.2463,14.2090,7.8011,2,13,0,0,1,1,0.0000,10.5154,10.4825,1
1174,1403715945.284058094,14.2554,14.2258,7.9501,2,13,0,0,1,1,0.0000,10.6824,10.6423,1
1175,1403715945.334058046,3.7288,3.7325,0.1819,2,3,0,0,0,2,0.0000,0.3000,0.2537,1
1176,1403715945.384058237,4.3122,4.3051,0.3009,2,4,0,0,0,2,0.0000,0.4310,0.3904,1
1177,1403715945.434058189,14.7461,14.6951,8.3368,2,13,0,0,1,1,0.0000,11.2262,11.1839,1
1178,1403715945.484058142,4.1610,4.1428,0.1941,2,4,0,0,0,2,0.0000,0.3066,0.2576,1
1179,1403715945.534058094,4.1686,4.1451,0.2959,2,4,0,0,0,2,0.0000,0.4303,0.3811,1
1180,1403715945.584058285,4.3866,4.3503,0.3769,2,4,0,0,0,2,0.0000,0.5413,0.4824,1
1181,1403715945.634057999,15.5190,15.4802,8.6098,2,13,0,0,1,1,0.0000,11.4193,11.3734,1
1182,1403715945.684058189,4.0883,4.0923,0.1671,2,4,0,0,0,2,0.0000,0.2696,0.2247,1
1183,1403715945.734058142,4.1232,4.1219,0.2952,2,4,0,0,0,2,0.0000,0.4362,0.3883,1
1184,1403715945.784058094,4.3155,4.3115,0.3810,2,4,0,0,0,2,0.0000,0.5314,0.4850,1
1185,1403715945.834058046,14.8866,14.8557,8.3020,2,13,0,0,1,1,0.0000,10.9891,10.9416,1
1186,1403715945.884058237,4.0278,4.0257,0.2122,2,4,0,0,0,2,0.0000,0.3355,0.2834,1
1187,1403715945.934058189,4.1004,4.0809,0.2720,2,4,0,0,0,2,0.0000,0.4024,0.3500,1
1188,1403715945.984058142,4.0183,4.0080,0.3328,2,4,0,0,0,2,0.0000,0.4797,0.4272,1
1189,1403715946.034058094,14.5805,14.5665,8.1623,2,13,0,0,1,1,0.0000,11.0073,10.9502,1
1190,1403715946.084058285,3.8144,3.8184,0.2270,2,4,0,0,0,2,0.0000,0.3618,0.3043,1
1191,1403715946.134057999,3.8438,3.8291,0.2708,2,4,0,0,0,2,0.0000,0.4029,0.3541,1
1192,1403715946.184058189,3.8304,3.8340,0.3660,2,4,0,0,0,2,0.0000,0.5196,0.4677,1
1193,1403715946.234058142,14.2849,14.2882,8.1539,2,13,0,0,1,1,0.0000,11.0104,10.9542,1
1194,1403715946.284058094,3.8053,3.7884,0.2508,2,4,0,0,0,2,0.0000,0.4000,0.3430,1
1195,1403715946.334058046,3.6528,3.6565,0.3300,2,4,0,0,0,2,0.0000,0.4856,0.4360,1
1196,1403715946.384058237,3.9142,3.9140,0.4191,2,4,0,0,0,2,0.0000,0.5981,0.5461,1
1197,1403715946.434058189,14.0132,14.0171,7.9241,2,13,0,0,1,1,0.0000,10.7183,10.6667,1
1198,1403715946.484058142,3.9335,3.9371,0.1600,2,4,0,0,0,2,0.0000,0.2679,0.2181,1
1199,1403715946.534058094,3.9114,3.9155,0.2222,2,4,0,0,0,2,0.0000,0.3298,0.2885,1
1200,1403715946.584058285,4.3860,4.3625,0.3042,2,4,0,0,0,2,0.0000,0.4214,0.3844,1
1201,1403715946.634057999,14.0366,14.0402,7.7081,2,13,0,0,1,1,0.0000,10.4871,10.4497,1
1202,1403715946.684058189,3.7032,3.6845,0.1259,2,4,0,0,0,2,0.0000,0.2073,0.1707,1
1203,1403715946.734058142,13.3044,13.2918,7.3631,2,13,0,0,1,1,0.0000,10.0495,10.0207,1
1204,1403715946.784058094,13.3862,13.3872,7.4670,2,13,0,0,1,1,0.0000,10.2209,10.1810,1
1205,1403715946.834058046,3.4864,3.4814,0.1760,2,4,0,0,0,2,0.0000,0.2823,0.2357,1
1206,1403715946.884058237,13.1382,13.1395,7.2198,2,13,0,0,1,1,0.0000,9.9278,9.8965,1
1207,1403715946.934058189,13.2585,13.2572,7.4329,2,13,0,0,1,1,0.0000,10.2500,10.1985,1
1208,1403715946.984058142,3.4143,3.4125,0.2017,2,4,0,0,0,2,0.0000,0.3179,0.2716,1
1209,1403715947.034058094,13.2139,13.2001,7.3469,2,13,0,0,1,1,0.0000,10.0300,10.0045,1
1210,1403715947.084058285,13.6827,13.6445,7.7260,2,13,0,0,1,1,0.0000,10.4727,10.4234,1
1211,1403715947.134057999,3.5946,3.5820,0.1931,2,4,0,0,0,2,0.0000,0.2984,0.2605,1
1212,1403715947.184058189,13.7535,13.7569,7.9160,2,13,0,0,1,1,0.0000,10.5929,10.5598,1
1213,1403715947.234058142,3.3042,3.3053,0.1590,2,4,0,0,0,2,0.0000,0.2557,0.2137,1
1214,1403715947.284058094,3.6099,3.5969,0.2520,2,4,0,0,0,2,0.0000,0.3743,0.3264,1
1215,1403715947.334058046,3.7227,3.7006,0.3219,2,4,0,0,0,2,0.0000,0.4636,0.4143,1
1216,1403715947.384058237,13.9944,13.9813,7.9689,2,13,0,0,1,1,0.0000,10.6394,10.6010,1
1217,1403715947.434058189,3.5315,3.5240,0.1590,2,4,0,0,0,2,0.0000,0.2564,0.2182,1
1218,1403715947.484058142,3.7078,3.7115,0.2398,2,4,0,0,0,2,0.0000,0.3561,0.3164,1
1219,1403715947.534058094,3.6453,3.6490,0.3180,2,4,0,0,0,2,0.0000,0.4481,0.4097,1
1220,1403715947.584058285,13.4905,13.4938,7.6661,2,13,0,0,1,1,0.0000,10.2044,10.1628,1
1221,1403715947.634057999,3.6493,3.6527,0.1540,2,4,0,0,0,2,0.0000,0.2515,0.2067,1
1222,1403715947.684058189,18.6408,18.6315,12.8908,2,13,0,0,1,1,0.0000,15.2596,15.2198,1
1223,1403715947.734058142,3.7624,3.7509,0.1249,2,4,0,0,0,2,0.0000,0.2088,0.1685,1
1224,1403715947.784058094,3.5795,3.5717,0.2260,2,4,0,0,0,2,0.0000,0.3302,0.2867,1
1225,1403715947.834058046,3.8318,3.8110,0.2818,2,4,0,0,0,2,0.0000,0.3946,0.3517,1
1226,1403715947.884058237,13.1774,13.1812,7.4210,2,13,0,0,1,1,0.0000,9.8571,9.8160,1
1227,1403715947.934058189,12.8656,12.8717,7.2870,2,13,0,0,1,1,0.0000,9.5855,9.5595,1
1228,1403715947.984058142,13.7947,13.7605,7.8301,2,13,0,0,1,1,0.0000,10.4674,10.4083,1
1229,1403715948.034058094,3.6054,3.6008,0.2542,2,4,0,0,0,2,0.0000,0.3907,0.3448,1
1230,1403715948.084058285,3.6215,3.6252,0.3510,2,4,0,0,0,2,0.0000,0.5085,0.4658,1
1231,1403715948.134057999,3.9992,3.9414,0.4640,2,4,0,0,0,2,0.0000,0.6623,0.6085,1
1232,1403715948.184058189,13.5530,13.5564,7.8790,2,13,0,0,1,1,0.0000,10.4968,10.4446,1
1233,1403715948.234058142,3.6066,3.6103,0.2701,2,4,0,0,0,2,0.0000,0.4244,0.3713,1
1234,1403715948.284058094,3.9407,3.9371,0.5069,2,5,0,0,0,2,0.0000,0.7013,0.6461,1
1235,1403715948.334058046,4.2453,4.2410,0.6540,2,5,0,0,0,2,0.0000,0.8742,0.8310,1
1236,1403715948.384058237,14.2380,14.2360,8.1711,2,13,0,0,1,1,0.0000,10.7218,10.6738,1
1237,1403715948.434058189,3.9078,3.8985,0.2358,2,4,0,0,0,2,0.0000,0.3755,0.3212,1
1238,1403715948.484058142,4.3453,4.2897,0.3450,2,4,0,0,0,2,0.0000,0.5017,0.4561,1
1239,1403715948.534058094,4.3003,4.3009,0.4542,2,4,0,0,0,2,0.0000,0.6336,0.5899,1
1240,1403715948.584058285,13.6322,13.6315,7.9629,2,13,0,0,1,1,0.0000,10.4509,10.4117,1
1241,1403715948.634057999,3.4819,3.4855,0.1473,2,3,0,0,0,2,0.0000,0.2555,0.2069,1
1242,1403715948.684058189,3.6326,3.6337,0.2291,2,4,0,0,0,2,0.0000,0.3310,0.3016,1
1243,1403715948.734058142,13.9189,13.9060,8.0378,2,13,0,0,1,1,0.0000,10.5526,10.4833,1
1244,1403715948.784058094,13.6042,13.5798,8.0390,2,13,0,0,1,1,0.0000,10.4088,10.3668,1
1245,1403715948.834058046,14.0061,14.0039,8.1451,2,13,0,0,1,1,0.0000,10.7963,10.7697,1
1246,1403715948.884058237,14.3894,14.3930,8.5549,2,13,0,0,1,1,0.0000,11.3416,11.2950,1
1247,1403715948.934058189,3.3229,3.3214,0.1891,2,3,0,0,0,2,0.0000,0.3077,0.2653,1
1248,1403715948.984058142,14.5459,14.5394,8.5652,2,13,0,0,1,1,0.0000,11.3171,11.2920,1
1249,1403715949.034058094,15.1996,15.2031,9.2368,2,13,0,0,1,1,0.0000,12.1562,12.1019,1
1250,1403715949.084058285,3.7040,3.6621,0.2210,2,4,0,0,0,2,0.0000,0.3460,0.2967,1
1251,1403715949.134057999,14.7571,14.7498,8.5802,2,13,0,0,1,1,0.0000,11.4507,11.4214,1
1252,1403715949.184058189,14.5843,14.5802,8.5020,2,13,0,0,1,1,0.0000,11.3510,11.3104,1
1253,1403715949.234058142,3.3135,3.3175,0.1612,2,4,0,0,0,2,0.0000,0.2512,0.2174,1
1254,1403715949.284058094,13.8853,13.8890,8.2850,2,13,0,0,1,1,0.0000,11.0162,10.9875,1
1255,1403715949.334058046,14.3250,14.3285,8.2493,2,13,0,0,1,1,0.0000,10.8979,10.8689,1
1256,1403715949.384058237,3.8769,3.8713,0.1590,2,4,0,0,0,2,0.0000,0.2464,0.2110,1
1257,1403715949.434058189,14.1790,14.1829,8.1758,2,13,0,0,1,1,0.0000,10.7730,10.7513,1
1258,1403715949.484058142,14.2601,14.2638,8.3940,2,13,0,0,1,1,0.0000,11.0913,11.0466,1
1259,1403715949.534058094,3.6347,3.5790,0.1571,2,3,0,0,0,2,0.0000,0.2574,0.2210,1
1260,1403715949.584058285,3.8341,3.8290,0.2851,2,4,0,0,0,2,0.0000,0.4090,0.3691,1
1261,1403715949.634057999,3.7358,3.7235,0.3560,2,4,0,0,0,2,0.0000,0.5030,0.4582,1
1262,1403715949.684058189,38.8191,38.8190,32.8579,2,13,0,0,1,1,0.0000,35.6602,35.6200,1
1263,1403715949.734058142,3.7473,3.6867,0.2179,2,4,0,0,0,2,0.0000,0.3431,0.2931,1
1264,1403715949.784058094,3.9265,3.9089,0.2980,2,4,0,0,0,2,0.0000,0.4433,0.3921,1
1265,1403715949.834058046,3.8245,3.8218,0.4108,2,4,0,0,0,2,0.0000,0.5832,0.5304,1
1266,1403715949.884058237,14.4726,14.4503,8.3218,2,13,0,0,1,1,0.0000,11.1469,11.0981,1
1267,1403715949.934058189,3.9522,3.9091,0.1860,2,4,0,0,0,2,0.0000,0.3016,0.2519,1
1268,1403715949.984058142,3.7510,3.7530,0.2878,2,4,0,0,0,2,0.0000,0.4236,0.3755,1
1269,1403715950.034058094,3.8970,3.8966,0.3679,2,4,0,0,0,2,0.0000,0.5171,0.4742,1
1270,1403715950.084058285,14.6148,14.5357,8.2171,2,13,0,0,1,1,0.0000,11.0290,10.9868,1
1271,1403715950.134057999,14.0204,14.0197,7.7982,2,13,0,0,1,1,0.0000,10.5398,10.4966,1
1272,1403715950.184058189,3.6840,3.6678,0.1302,2,3,0,0,0,2,0.0000,0.2254,0.1823,1
1273,1403715950.234058142,3.6812,3.6847,0.2489,2,4,0,0,0,2,0.0000,0.3614,0.3215,1
1274,1403715950.284058094,13.7553,13.7560,7.7708,2,13,0,0,1,1,0.0000,10.5002,10.4625,1
1275,1403715950.334058046,13.7028,13.7070,7.7319,2,13,0,0,1,1,0.0000,10.4097,10.3694,1
1276,1403715950.384058237,3.7537,3.7470,0.1311,2,3,0,0,0,2,0.0000,0.2218,0.1825,1
1277,1403715950.434058189,14.3454,14.3430,7.9162,2,13,0,0,1,1,0.0000,10.6817,10.6421,1
1278,1403715950.484058142,14.4054,14.3899,7.8452,2,13,0,0,1,1,0.0000,10.5411,10.5041,1
1279,1403715950.534058094,14.3625,14.3473,8.1739,2,13,0,0,1,1,0.0000,11.0091,10.9594,1
1280,1403715950.584058285,3.8221,3.7914,0.1841,2,3,0,0,0,2,0.0000,0.3078,0.2543,1
1281,1403715950.634057999,14.1296,14.1212,7.9179,2,13,0,0,1,1,0.0000,10.7101,10.6725,1
1282,1403715950.684058189,14.4859,14.4805,8.2870,2,13,0,0,1,1,0.0000,11.2473,11.1920,1
1283,1403715950.734058142,3.6988,3.6950,0.2539,2,4,0,0,0,2,0.0000,0.3971,0.3421,1
1284,1403715950.784058094,15.0001,14.9863,8.4629,2,13,0,0,1,1,0.0000,11.3155,11.2819,1
1285,1403715950.834058046,18.4956,18.4994,9.1500,2,13,0,0,1,1,0.0000,15.0189,14.9625,1
1286,1403715950.884058237,4.1056,4.1067,0.2298,2,3,0,0,0,2,0.0000,0.3812,0.3202,1
1287,1403715950.934058189,14.3130,14.3026,8.4212,2,13,0,0,1,1,0.0000,11.0350,11.0055,1
1288,1403715950.984058142,13.6821,13.6821,8.4221,2,13,0,0,1,1,0.0000,11.0868,11.0559,1
1289,1403715951.034058094,2.8203,2.8237,0.1640,2,4,0,0,0,2,0.0000,0.2420,0.2177,1
1290,1403715951.084058285,13.3312,13.3373,8.1320,2,13,0,0,1,1,0.0000,10.6814,10.6593,1
1291,1403715951.134057999,13.2515,13.2549,8.1072,2,13,0,0,1,1,0.0000,10.6609,10.6358,1
1292,1403715951.184058189,13.7982,13.7970,8.1661,2,13,0,0,1,1,0.0000,10.8132,10.7792,1
1293,1403715951.234058142,3.4065,3.4043,0.1752,2,4,0,0,0,2,0.0000,0.2711,0.2316,1
1294,1403715951.284058094,14.0737,14.0703,8.2400,2,13,0,0,1,1,0.0000,10.9371,10.8983,1
1295,1403715951.334058046,3.4174,3.4156,0.1750,2,4,0,0,0,2,0.0000,0.2661,0.2315,1
1296,1403715951.384058237,13.6598,13.6572,7.8771,2,13,0,0,1,1,0.0000,10.4028,10.3812,1
1297,1403715951.434058189,13.8804,13.8788,7.9989,2,13,0,0,1,1,0.0000,10.6280,10.5789,1
1298,1403715951.484058142,3.5855,3.5891,0.2229,2,4,0,0,0,2,0.0000,0.3463,0.2983,1
1299,1403715951.534058094,3.9635,3.9670,0.3078,2,4,0,0,0,2,0.0000,0.4362,0.3969,1
1300,1403715951.584058285,4.0270,4.0309,0.4010,2,4,0,0,0,2,0.0000,0.5593,0.5140,1
1301,1403715951.634057999,13.9290,13.9325,8.0748,2,13,0,0,1,1,0.0000,10.6549,10.6078,1
1302,1403715951.684058189,3.8136,3.8171,0.2592,2,4,0,0,0,2,0.0000,0.4001,0.3502,1
1303,1403715951.734058142,3.9151,3.9140,0.3409,2,4,0,0,0,2,0.0000,0.4985,0.4534,1
1304,1403715951.784058094,4.1375,4.1209,0.4370,2,4,0,0,0,2,0.0000,0.6234,0.5749,1
1305,1403715951.834058046,37.4182,37.4028,31.2481,2,13,0,0,1,1,0.0000,33.8366,33.7892,1
1306,1403715951.884058237,4.2616,4.2418,0.2058,2,4,0,0,0,2,0.0000,0.3196,0.2781,1
1307,1403715951.934058189,4.3181,4.3195,0.2701,2,4,0,0,0,2,0.0000,0.3886,0.3488,1
1308,1403715951.984058142,4.3727,4.3467,0.3281,2,4,0,0,0,2,0.0000,0.4507,0.4180,1
1309,1403715952.034058094,27.7182,27.7191,21.7190,2,13,0,0,1,1,0.0000,24.0709,24.0421,1
1310,1403715952.084058285,13.6729,13.6646,7.7300,2,13,0,0,1,1,0.0000,10.0498,10.0121,1
1311,1403715952.134057999,27.5335,27.5295,21.3501,2,13,0,0,1,1,0.0000,23.7356,23.7111,1
1312,1403715952.184058189,14.0263,14.0104,7.7581,2,13,0,0,1,1,0.0000,10.2495,10.2168,1
1313,1403715952.234058142,13.3295,13.3331,7.5741,2,13,0,0,1,1,0.0000,10.0235,9.9915,1
1314,1403715952.284058094,13.4802,13.4577,7.4992,2,13,0,0,1,1,0.0000,9.9157,9.8898,1
1315,1403715952.334058046,14.4282,14.4279,8.1999,2,13,0,0,1,1,0.0000,11.0352,10.9946,1
1316,1403715952.384058237,3.8602,3.8488,0.1841,2,4,0,0,0,2,0.0000,0.2891,0.2459,1
1317,1403715952.434058189,68.6902,61.1484,60.6191,2,13,0,0,1,1,0.0000,64.0981,63.9590,1
1318,1403715952.484058142,14.2915,14.2196,7.9980,2,13,0,0,1,1,0.0000,10.8590,10.8066,1
1319,1403715952.534058094,4.0957,3.8713,0.1900,2,3,0,0,0,2,0.0000,0.3111,0.2656,1
1320,1403715952.584058285,13.3473,13.3311,7.5252,2,13,0,0,1,1,0.0000,10.1187,10.0947,1
1321,1403715952.634057999,35.6583,35.6600,29.9790,2,12,0,0,0,2,0.0000,32.7051,32.6547,1
1322,1403715952.684058189,3.4898,3.4548,0.1779,2,3,0,0,0,2,0.0000,0.2861,0.2480,1
1323,1403715952.734058142,37.2064,37.1791,31.2929,2,13,0,0,1,1,0.0000,33.7927,33.7650,1
1324,1403715952.784058094,37.4098,37.4132,31.7321,2,13,0,0,1,1,0.0000,34.3484,34.2990,1
1325,1403715952.834058046,3.4319,3.4310,0.2120,2,4,0,0,0,2,0.0000,0.3307,0.2852,1
1326,1403715952.884058237,3.7397,3.7375,0.3428,2,4,0,0,0,2,0.0000,0.4900,0.4421,1
1327,1403715952.934058189,3.9368,3.9273,0.4089,2,4,0,0,0,2,0.0000,0.5728,0.5281,1
1328,1403715952.984058142,13.4820,13.4833,7.9060,2,13,0,0,1,1,0.0000,10.4804,10.4441,1
1329,1403715953.034058094,13.5253,13.5035,7.7708,2,13,0,0,1,1,0.0000,10.2133,10.1879,1
1330,1403715953.084058285,25.9177,25.9215,20.2308,2,13,0,0,1,1,0.0000,22.9458,22.9030,1
1331,1403715953.134057999,3.6302,3.5955,0.1769,2,3,0,0,0,2,0.0000,0.2961,0.2470,1
1332,1403715953.184058189,37.1165,37.0861,31.3158,2,13,0,0,1,1,0.0000,33.9397,33.8995,1
1333,1403715953.234058142,3.2669,3.2707,0.1721,2,4,0,0,0,2,0.0000,0.2647,0.2315,1
1334,1403715953.284058094,3.6966,3.7002,0.2708,2,4,0,0,0,2,0.0000,0.3867,0.3496,1
1335,1403715953.334058046,37.0371,37.0388,31.3797,2,13,0,0,1,1,0.0000,33.8645,33.8357,1
1336,1403715953.384058237,3.4225,3.4260,0.1543,2,4,0,0,0,2,0.0000,0.2469,0.2036,1
1337,1403715953.434058189,3.5249,3.5266,0.2182,2,4,0,0,0,2,0.0000,0.3187,0.2785,1
1338,1403715953.484058142,13.6365,13.6340,7.6361,2,13,0,0,1,1,0.0000,10.1795,10.1368,1
1339,1403715953.534058094,3.6100,3.5969,0.1502,2,4,0,0,0,2,0.0000,0.2465,0.2057,1
1340,1403715953.584058285,3.9740,3.8577,0.2491,2,4,0,0,0,2,0.0000,0.3693,0.3258,1
1341,1403715953.634057999,3.7577,3.7547,0.3350,2,4,0,0,0,2,0.0000,0.4800,0.4359,1
1342,1403715953.684058189,13.4185,13.4220,7.7589,2,13,0,0,1,1,0.0000,10.3314,10.2812,1
1343,1403715953.734058142,3.3784,3.3821,0.2089,2,4,0,0,0,2,0.0000,0.3316,0.2833,1
1344,1403715953.784058094,13.0853,13.0731,7.3161,2,13,0,0,1,1,0.0000,9.6566,9.6343,1
1345,1403715953.834058046,13.6166,13.6202,7.8919,2,13,0,0,1,1,0.0000,10.4394,10.3733,1
1346,1403715953.884058237,4.1998,4.1938,0.2432,2,3,0,0,0,2,0.0000,0.3929,0.3493,1
1347,1403715953.934058189,4.1361,4.1277,0.4349,2,4,0,0,0,2,0.0000,0.6101,0.5685,1
1348,1403715953.984058142,4.3789,4.3624,0.4869,2,4,0,0,0,2,0.0000,0.6693,0.6338,1
1349,1403715954.034058094,13.8505,13.8459,7.7760,2,13,0,0,1,1,0.0000,10.1431,10.1090,1
1350,1403715954.084058285,13.8085,13.8068,7.8461,2,13,0,0,1,1,0.0000,10.2298,10.1995,1
1351,1403715954.134057999,14.2516,14.2478,8.0762,2,13,0,0,1,1,0.0000,10.5371,10.5024,1
1352,1403715954.184058189,14.1727,14.1132,7.9501,2,13,0,0,1,1,0.0000,10.3992,10.3696,1
1353,1403715954.234058142,14.0301,14.0145,8.0790,2,13,0,0,1,1,0.0000,10.4378,10.4073,1
1354,1403715954.284058094,14.4315,14.3838,8.2932,2,13,0,0,1,1,0.0000,10.9081,10.8775,1
1355,1403715954.334058046,14.0138,13.9300,8.1770,2,13,0,0,1,1,0.0000,10.4555,10.4227,1
1356,1403715954.384058237,14.1458,14.0970,8.2319,2,13,0,0,1,1,0.0000,10.7313,10.6975,1
1357,1403715954.434058189,3.4287,3.4196,0.1349,2,3,0,0,0,2,0.0000,0.2233,0.1858,1
1358,1403715954.484058142,3.7012,3.6433,0.2580,2,4,0,0,0,2,0.0000,0.3725,0.3321,1
1359,1403715954.534058094,14.5612,14.5321,8.5022,2,13,0,0,1,1,0.0000,11.2311,11.1981,1
1360,1403715954.584058285,3.4441,3.4401,0.1740,2,4,0,0,0,2,0.0000,0.2875,0.2333,1
1361,1403715954.634057999,14.0458,14.0302,7.9882,2,13,0,0,1,1,0.0000,10.7543,10.7080,1
1362,1403715954.684058189,3.6096,3.6132,0.1869,2,4,0,0,0,2,0.0000,0.2886,0.2502,1
1363,1403715954.734058142,3.7826,3.7690,0.3021,2,4,0,0,0,2,0.0000,0.4471,0.3875,1
1364,1403715954.784058094,3.6879,3.6943,0.3777,2,4,0,0,0,2,0.0000,0.5295,0.4832,1
1365,1403715954.834058046,14.0589,14.0525,8.0950,2,13,0,0,1,1,0.0000,10.8300,10.7863,1
1366,1403715954.884058237,3.5141,3.5152,0.2091,2,4,0,0,0,2,0.0000,0.3274,0.2778,1
1367,1403715954.934058189,3.5644,3.5560,0.2799,2,4,0,0,0,2,0.0000,0.4000,0.3587,1
1368,1403715954.984058142,3.7157,3.7000,0.3700,2,4,0,0,0,2,0.0000,0.5206,0.4789,1
1369,1403715955.034058094,14.0194,14.0202,8.1201,2,13,0,0,1,1,0.0000,10.8745,10.8282,1
1370,1403715955.084058285,3.3750,3.3563,0.1588,2,4,0,0,0,2,0.0000,0.2545,0.2107,1
1371,1403715955.134057999,13.7312,13.7350,7.9420,2,13,0,0,1,1,0.0000,10.7052,10.6649,1
1372,1403715955.184058189,13.6015,13.6053,7.8831,2,13,0,0,1,1,0.0000,10.5223,10.4808,1
1373,1403715955.234058142,13.6388,13.6088,7.7229,2,13,0,0,1,1,0.0000,10.3375,10.2955,1
1374,1403715955.284058094,13.7730,13.7476,7.7629,2,13,0,0,1,1,0.0000,10.3628,10.3265,1
1375,1403715955.334058046,24.9749,24.9702,19.1209,2,13,0,0,1,1,0.0000,21.7303,21.6882,1
1376,1403715955.384058237,3.6867,3.6700,0.1647,2,3,0,0,0,2,0.0000,0.2755,0.2257,1
1377,1403715955.434058189,28.2607,28.2465,21.8139,2,13,0,0,1,1,0.0000,24.4468,24.4220,1
1378,1403715955.484058142,17.7514,17.7545,8.5151,2,13,0,0,1,1,0.0000,14.0735,14.0208,1
1379,1403715955.534058094,4.3466,4.3411,0.2062,2,3,0,0,0,2,0.0000,0.3358,0.2869,1
1380,1403715955.584058285,4.2700,4.2746,0.3679,2,4,0,0,0,2,0.0000,0.5208,0.4777,1
1381,1403715955.634057999,4.1758,4.1677,0.4611,2,4,0,0,0,2,0.0000,0.6436,0.5990,1
1382,1403715955.684058189,14.3869,14.3867,8.2610,2,13,0,0,1,1,0.0000,10.9849,10.9356,1
1383,1403715955.734058142,4.1319,4.1354,0.2251,2,4,0,0,0,2,0.0000,0.3478,0.3003,1
1384,1403715955.784058094,4.4265,4.4094,0.3169,2,4,0,0,0,2,0.0000,0.4550,0.4139,1
1385,1403715955.834058046,4.6474,4.6441,0.4218,2,4,0,0,0,2,0.0000,0.5792,0.5425,1
1386,1403715955.884058237,14.9787,14.9821,8.2533,2,13,0,0,1,1,0.0000,10.8438,10.8164,1
1387,1403715955.934058189,14.3284,14.3117,8.4639,2,13,0,0,1,1,0.0000,11.0473,11.0083,1
1388,1403715955.984058142,3.3850,3.3832,0.1402,2,4,0,0,0,2,0.0000,0.2185,0.1890,1
1389,1403715956.034058094,14.1883,14.1812,8.4569,2,13,0,0,1,1,0.0000,11.0291,11.0008,1
1390,1403715956.084058285,14.0458,14.0319,8.4481,2,13,0,0,1,1,0.0000,10.9175,10.8867,1
1391,1403715956.134057999,13.7796,13.7815,8.3802,2,13,0,0,1,1,0.0000,10.7897,10.7567,1
1392,1403715956.184058189,14.2809,14.2643,8.6720,2,13,0,0,1,1,0.0000,11.3188,11.2825,1
1393,1403715956.234058142,14.3845,14.3445,8.8301,2,13,0,0,1,1,0.0000,11.4348,11.3959,1
1394,1403715956.284058094,3.0923,3.0962,0.1950,2,4,0,0,0,2,0.0000,0.2973,0.2607,1
1395,1403715956.334058046,3.3437,3.3155,0.2820,2,4,0,0,0,2,0.0000,0.3902,0.3600,1
1396,1403715956.384058237,20.7518,20.7401,14.6718,2,13,0,0,1,1,0.0000,17.5521,17.5109,1
1397,1403715956.434058189,3.3176,3.3165,0.1800,2,4,0,0,0,2,0.0000,0.2770,0.2412,1
1398,1403715956.484058142,3.4454,3.4400,0.2632,2,4,0,0,0,2,0.0000,0.3757,0.3389,1
1399,1403715956.534058094,3.6696,3.6534,0.3471,2,4,0,0,0,2,0.0000,0.4751,0.4388,1
1400,1403715956.584058285,14.1999,14.1203,8.1320,2,13,0,0,1,1,0.0000,11.0690,11.0324,1
1401,1403715956.634057999,3.2713,3.2303,0.1659,2,4,0,0,0,2,0.0000,0.2560,0.2220,1
1402,1403715956.684058189,3.1717,3.1751,0.2692,2,4,0,0,0,2,0.0000,0.3769,0.3424,1
1403,1403715956.734058142,3.3499,3.3541,0.3378,2,4,0,0,0,2,0.0000,0.4667,0.4295,1
1404,1403715956.784058094,13.7868,13.7867,7.9119,2,13,0,0,1,1,0.0000,10.7970,10.7539,1
1405,1403715956.834058046,3.4755,3.4417,0.1869,2,4,0,0,0,2,0.0000,0.2919,0.2491,1
1406,1403715956.884058237,3.3462,3.3317,0.2792,2,4,0,0,0,2,0.0000,0.4000,0.3585,1
1407,1403715956.934058189,3.5333,3.5104,0.3419,2,4,0,0,0,2,0.0000,0.4782,0.4343,1
1408,1403715956.984058142,13.8667,13.8704,7.8738,2,13,0,0,1,1,0.0000,10.6193,10.5738,1
1409,1403715957.034058094,3.5283,3.5198,0.1752,2,4,0,0,0,2,0.0000,0.2906,0.2352,1
1410,1403715957.084058285,3.9734,3.9711,0.2558,2,4,0,0,0,2,0.0000,0.3685,0.3277,1
1411,1403715957.134057999,3.6777,3.6632,0.3149,2,4,0,0,0,2,0.0000,0.4466,0.4030,1
1412,1403715957.184058189,14.2995,14.2533,7.7322,2,13,0,0,1,1,0.0000,10.5434,10.4934,1
1413,1403715957.234058142,3.4502,3.4497,0.1798,2,4,0,0,0,2,0.0000,0.2875,0.2406,1
1414,1403715957.284058094,3.4264,3.4300,0.2499,2,4,0,0,0,2,0.0000,0.3655,0.3217,1
1415,1403715957.334058046,3.5333,3.5369,0.3312,2,4,0,0,0,2,0.0000,0.4608,0.4179,1
1416,1403715957.384058237,13.7675,13.7603,7.3462,2,13,0,0,1,1,0.0000,10.0796,10.0464,1
1417,1403715957.434058189,14.5908,14.5795,7.9181,2,13,0,0,1,1,0.0000,10.7910,10.7434,1
1418,1403715957.484058142,3.8963,3.8541,0.1769,2,4,0,0,0,2,0.0000,0.2843,0.2386,1
1419,1403715957.534058094,14.7576,14.7614,7.6418,2,13,0,0,1,1,0.0000,10.4343,10.4003,1
1420,1403715957.584058285,15.1901,15.1491,8.1298,2,13,0,0,1,1,0.0000,11.0392,10.9772,1
1421,1403715957.634057999,4.2083,4.2125,0.2780,2,4,0,0,0,2,0.0000,0.4272,0.3740,1
1422,1403715957.684058189,4.8337,4.7778,0.4241,2,4,0,0,0,2,0.0000,0.6166,0.5592,1
1423,1403715957.734058142,4.6758,4.6656,0.5560,2,4,0,0,0,2,0.0000,0.7793,0.7243,1
1424,1403715957.784058094,34.0352,34.0179,26.3669,2,13,0,0,1,1,0.0000,29.2300,29.1787,1
1425,1403715957.834058046,4.8992,4.8905,0.2282,2,4,0,0,0,2,0.0000,0.3595,0.3083,1
1426,1403715957.884058237,4.6508,4.6425,0.2890,2,4,0,0,0,2,0.0000,0.4245,0.3740,1
1427,1403715957.934058189,15.2413,15.2019,8.1391,2,13,0,0,1,1,0.0000,10.9255,10.8831,1
1428,1403715957.984058142,14.4865,14.4461,8.1880,2,13,0,0,1,1,0.0000,10.8271,10.7873,1
1429,1403715958.034058094,14.9878,14.9062,8.5351,2,13,0,0,1,1,0.0000,11.1531,11.0994,1
1430,1403715958.084058285,4.4289,4.3792,0.1886,2,4,0,0,0,2,0.0000,0.3045,0.2595,1
1431,1403715958.134057999,14.6669,14.6600,8.3940,2,13,0,0,1,1,0.0000,10.9781,10.9385,1
1432,1403715958.184058189,3.5231,3.5188,0.1779,2,4,0,0,0,2,0.0000,0.2865,0.2376,1
1433,1403715958.234058142,3.2907,3.2940,0.2620,2,4,0,0,0,2,0.0000,0.3857,0.3424,1
1434,1403715958.284058094,13.8411,13.8447,8.1270,2,13,0,0,1,1,0.0000,10.8717,10.8351,1
1435,1403715958.334058046,3.1772,3.1811,0.1781,2,4,0,0,0,2,0.0000,0.2844,0.2420,1
1436,1403715958.384058237,3.3808,3.3844,0.2620,2,4,0,0,0,2,0.0000,0.3791,0.3409,1
1437,1403715958.434058189,14.1438,14.1323,8.2078,2,13,0,0,1,1,0.0000,10.9373,10.9070,1
1438,1403715958.484058142,14.1889,14.1705,8.2791,2,13,0,0,1,1,0.0000,11.0452,10.9961,1
1439,1403715958.534058094,3.1913,3.1901,0.1571,2,3,0,0,0,2,0.0000,0.2617,0.2211,1
1440,1403715958.584058285,3.0957,3.0968,0.2639,2,4,0,0,0,2,0.0000,0.3786,0.3456,1
1441,1403715958.634057999,3.4135,3.3877,0.3920,2,4,0,0,0,2,0.0000,0.5388,0.5029,1
1442,1403715958.684058189,13.7351,13.7311,8.2290,2,13,0,0,1,1,0.0000,10.9785,10.9460,1
1443,1403715958.734058142,3.3150,3.3053,0.1841,2,4,0,0,0,2,0.0000,0.2839,0.2498,1
1444,1403715958.784058094,13.6369,13.6314,7.9441,2,13,0,0,1,1,0.0000,10.6265,10.5944,1
1445,1403715958.834058046,13.4750,13.4705,7.5357,2,13,0,0,1,1,0.0000,10.2859,10.2542,1
1446,1403715958.884058237,13.5769,13.5805,7.7801,2,13,0,0,1,1,0.0000,10.3451,10.3109,1
1447,1403715958.934058189,13.5356,13.5238,7.7820,2,13,0,0,1,1,0.0000,10.3395,10.3059,1
1448,1403715958.984058142,13.4336,13.4282,7.5519,2,13,0,0,1,1,0.0000,10.1626,10.1236,1
1449,1403715959.034058094,36.3810,36.3365,30.3962,2,13,0,0,1,1,0.0000,32.9134,32.8791,1
1450,1403715959.084058285,3.5444,3.5419,0.1349,2,3,0,0,0,2,0.0000,0.2296,0.1865,1
1451,1403715959.134057999,13.6048,13.5150,7.6950,2,13,0,0,1,1,0.0000,10.3192,10.2757,1
1452,1403715959.184058189,3.8741,3.8477,0.1841,2,4,0,0,0,2,0.0000,0.2786,0.2412,1
1453,1403715959.234058142,4.0462,4.0344,0.2940,2,4,0,0,0,2,0.0000,0.4240,0.3785,1
1454,1403715959.284058094,3.9515,3.9438,0.3932,2,4,0,0,0,2,0.0000,0.5430,0.5000,1
1455,1403715959.334058046,14.3372,14.3345,7.8518,2,13,0,0,1,1,0.0000,10.4811,10.4441,1
1456,1403715959.384058237,3.8539,3.8526,0.1650,2,4,0,0,0,2,0.0000,0.2620,0.2206,1
1457,1403715959.434058189,14.3679,14.3672,8.1072,2,13,0,0,1,1,0.0000,10.9483,10.8934,1
1458,1403715959.484058142,15.0114,14.9889,8.1041,2,13,0,0,1,1,0.0000,10.8096,10.7717,1
1459,1403715959.534058094,4.4171,4.4030,0.1438,2,3,0,0,0,2,0.0000,0.2738,0.2044,1
1460,1403715959.584058285,15.3092,15.3130,8.5042,2,13,0,0,1,1,0.0000,11.3121,11.2488,1
1461,1403715959.634057999,4.6558,4.6598,0.3409,2,4,0,0,0,2,0.0000,0.5280,0.4630,1
1462,1403715959.684058189,4.9246,4.9285,0.4969,2,4,0,0,0,2,0.0000,0.7192,0.6575,1
1463,1403715959.734058142,5.2428,5.2465,0.5748,2,4,0,0,0,2,0.0000,0.8112,0.7563,1
1464,1403715959.784058094,15.5358,15.5355,8.6269,2,13,0,0,1,1,0.0000,11.3088,11.2586,1
1465,1403715959.834058046,4.4574,4.4573,0.1590,2,4,0,0,0,2,0.0000,0.2663,0.2174,1
1466,1403715959.884058237,15.3200,15.3197,8.4572,2,13,0,0,1,1,0.0000,11.2686,11.2202,1
1467,1403715959.934058189,14.5112,14.5009,7.8492,2,13,0,0,1,1,0.0000,10.5153,10.4756,1
1468,1403715959.984058142,14.5470,14.5130,8.0717,2,13,0,0,1,1,0.0000,10.8169,10.7665,1
1469,1403715960.034058094,3.7215,3.7234,0.2131,2,4,0,0,0,2,0.0000,0.3300,0.2815,1
1470,1403715960.084058285,14.2266,14.1989,8.0779,2,13,0,0,1,1,0.0000,10.7413,10.7075,1
1471,1403715960.134057999,14.5585,14.5204,8.3008,2,13,0,0,1,1,0.0000,11.0691,11.0225,1
1472,1403715960.184058189,3.4649,3.4590,0.1900,2,4,0,0,0,2,0.0000,0.2979,0.2577,1
1473,1403715960.234058142,14.1086,14.1023,8.0950,2,13,0,0,1,1,0.0000,10.7279,10.7000,1
1474,1403715960.284058094,14.0519,14.0349,8.3909,2,13,0,0,1,1,0.0000,11.0898,11.0544,1
1475,1403715960.334058046,3.2658,3.2588,0.2041,2,4,0,0,0,2,0.0000,0.3110,0.2732,1
1476,1403715960.384058237,3.4656,3.4546,0.2871,2,4,0,0,0,2,0.0000,0.4045,0.3716,1
1477,1403715960.434058189,3.4582,3.4490,0.3889,2,4,0,0,0,2,0.0000,0.5296,0.4946,1
1478,1403715960.484058142,14.1353,14.1058,8.4050,2,13,0,0,1,1,0.0000,11.1617,11.1273,1
1479,1403715960.534058094,3.2144,3.2043,0.1900,2,4,0,0,0,2,0.0000,0.2916,0.2553,1
1480,1403715960.584058285,3.2601,3.2569,0.2689,2,4,0,0,0,2,0.0000,0.3782,0.3480,1
1481,1403715960.634057999,3.5279,3.5261,0.3421,2,4,0,0,0,2,0.0000,0.4653,0.4355,1
1482,1403715960.684058189,13.6642,13.6573,7.9217,2,13,0,0,1,1,0.0000,10.5214,10.4897,1
1483,1403715960.734058142,3.4505,3.4342,0.1478,2,4,0,0,0,2,0.0000,0.2361,0.1991,1
1484,1403715960.784058094,3.6933,3.6562,0.2401,2,4,0,0,0,2,0.0000,0.3413,0.3050,1
1485,1403715960.834058046,3.5817,3.5737,0.3188,2,4,0,0,0,2,0.0000,0.4411,0.4024,1
1486,1403715960.884058237,13.6116,13.5902,7.7858,2,13,0,0,1,1,0.0000,10.3210,10.2853,1
1487,1403715960.934058189,3.3811,3.3819,0.1829,2,4,0,0,0,2,0.0000,0.2828,0.2449,1
1488,1403715960.984058142,3.9160,3.8989,0.2551,2,4,0,0,0,2,0.0000,0.3576,0.3263,1
1489,1403715961.034058094,3.6740,3.6775,0.3171,2,4,0,0,0,2,0.0000,0.4425,0.3998,1
1490,1403715961.084058285,13.6212,13.6248,7.8559,2,13,0,0,1,1,0.0000,10.4007,10.3539,1
1491,1403715961.134057999,3.8830,3.8767,0.1531,2,4,0,0,0,2,0.0000,0.2448,0.2073,1
1492,1403715961.184058189,3.8416,3.8053,0.2151,2,4,0,0,0,2,0.0000,0.3377,0.2767,1
1493,1403715961.234058142,3.9317,3.9351,0.2921,2,4,0,0,0,2,0.0000,0.4182,0.3665,1
1494,1403715961.284058094,14.2045,14.2078,7.6461,2,13,0,0,1,1,0.0000,10.3491,10.3007,1
1495,1403715961.334058046,4.0769,4.0565,0.2007,2,4,0,0,0,2,0.0000,0.3320,0.2707,1
1496,1403715961.384058237,4.5247,4.5283,0.2520,2,4,0,0,0,2,0.0000,0.3777,0.3275,1
1497,1403715961.434058189,4.1045,4.1041,0.3061,2,4,0,0,0,2,0.0000,0.4308,0.3880,1
1498,1403715961.484058142,13.9127,13.8049,7.3559,2,13,0,0,1,1,0.0000,9.9724,9.9235,1
1499,1403715961.534058094,4.0102,4.0142,0.1371,2,4,0,0,0,2,0.0000,0.2292,0.1843,1
1500,1403715961.584058285,13.5660,13.5479,7.3049,2,13,0,0,1,1,0.0000,9.8958,9.8626,1
1501,1403715961.634057999,13.5141,13.5175,7.2761,2,13,0,0,1,1,0.0000,9.9467,9.8996,1
1502,1403715961.684058189,3.7235,3.6907,0.1497,2,3,0,0,0,2,0.0000,0.2503,0.2081,1
1503,1403715961.734058142,13.2756,13.2616,7.2610,2,13,0,0,1,1,0.0000,9.8635,9.8338,1
1504,1403715961.784058094,12.9641,12.9675,7.1352,2,13,0,0,1,1,0.0000,9.7766,9.7363,1
1505,1403715961.834058046,3.6770,3.6616,0.1557,2,4,0,0,0,2,0.0000,0.2526,0.2127,1
1506,1403715961.884058237,13.0091,13.0127,7.1740,2,13,0,0,1,1,0.0000,9.7527,9.7228,1
1507,1403715961.934058189,13.3985,13.2770,7.3133,2,13,0,0,1,1,0.0000,9.8568,9.8228,1
1508,1403715961.984058142,3.4647,3.4685,0.1490,2,3,0,0,0,2,0.0000,0.2344,0.2037,1
1509,1403715962.034058094,16.5694,16.5731,10.5119,2,13,0,0,1,1,0.0000,13.4145,13.3883,1
1510,1403715962.084058285,13.3179,13.3216,7.5052,2,13,0,0,1,1,0.0000,10.0715,10.0373,1
1511,1403715962.134057999,13.2770,13.2543,7.6540,2,13,0,0,1,1,0.0000,10.1148,10.0840,1
1512,1403715962.184058189,36.1544,36.1481,30.7240,2,13,0,0,1,1,0.0000,33.1787,33.1489,1
1513,1403715962.234058142,3.0945,3.0945,0.1440,2,3,0,0,0,2,0.0000,0.2328,0.1984,1
1514,1403715962.284058094,13.3129,13.3070,7.8871,2,13,0,0,1,1,0.0000,10.2842,10.2512,1
1515,1403715962.334058046,3.3588,3.3493,0.1402,2,4,0,0,0,2,0.0000,0.2110,0.1864,1
1516,1403715962.384058237,13.4457,13.4389,7.7381,2,13,0,0,1,1,0.0000,10.2402,10.2120,1
1517,1403715962.434058189,13.3794,13.3827,7.7240,2,13,0,0,1,1,0.0000,10.2453,10.2135,1
1518,1403715962.484058142,3.2630,3.2665,0.1228,2,3,0,0,0,2,0.0000,0.1933,0.1680,1
1519,1403715962.534058094,13.2523,13.0958,7.5650,2,13,0,0,1,1,0.0000,10.0552,10.0340,1
1520,1403715962.584058285,13.2508,13.2216,7.6108,2,13,0,0,1,1,0.0000,10.1014,10.0757,1
1521,1403715962.634057999,13.5608,13.5567,7.5710,2,13,0,0,1,1,0.0000,10.0669,10.0398,1
1522,1403715962.684058189,3.4320,3.4264,0.1190,2,3,0,0,0,2,0.0000,0.1945,0.1660,1
1523,1403715962.734058142,13.3140,13.3108,7.6201,2,13,0,0,1,1,0.0000,10.1721,10.1385,1
1524,1403715962.784058094,3.6248,3.6103,0.1831,2,4,0,0,0,2,0.0000,0.2798,0.2458,1
1525,1403715962.834058046,3.4893,3.4905,0.2630,2,4,0,0,0,2,0.0000,0.3753,0.3416,1
1526,1403715962.884058237,3.6097,3.6133,0.3731,2,4,0,0,0,2,0.0000,0.5033,0.4722,1
1527,1403715962.934058189,13.3736,13.3702,7.6759,2,13,0,0,1,1,0.0000,10.2554,10.2238,1
1528,1403715962.984058142,3.6597,3.6338,0.2072,2,4,0,0,0,2,0.0000,0.3070,0.2679,1
1529,1403715963.034058094,3.7586,3.7447,0.2630,2,4,0,0,0,2,0.0000,0.3718,0.3379,1
1530,1403715963.084058285,3.6604,3.6638,0.3259,2,4,0,0,0,2,0.0000,0.4490,0.4190,1
1531,1403715963.134057999,33.4214,33.3361,26.8681,2,13,0,0,1,1,0.0000,29.4876,29.4372,1
1532,1403715963.184058189,3.7202,3.7140,0.1841,2,4,0,0,0,2,0.0000,0.2873,0.2475,1
1533,1403715963.234058142,4.3317,4.3335,0.2520,2,4,0,0,0,2,0.0000,0.3577,0.3230,1
1534,1403715963.284058094,4.2345,4.2379,0.2980,2,4,0,0,0,2,0.0000,0.4238,0.3765,1
1535,1403715963.334058046,13.6850,13.6727,7.3380,2,13,0,0,1,1,0.0000,9.9120,9.8737,1
1536,1403715963.384058237,3.9876,3.9785,0.1960,2,4,0,0,0,2,0.0000,0.3155,0.2626,1
1537,1403715963.434058189,3.7335,3.7370,0.2499,2,4,0,0,0,2,0.0000,0.3698,0.3273,1
1538,1403715963.484058142,4.3293,4.3094,0.3319,2,4,0,0,0,2,0.0000,0.4677,0.4247,1
1539,1403715963.534058094,13.6122,13.5814,7.2768,2,13,0,0,1,1,0.0000,9.8056,9.7664,1
1540,1403715963.584058285,3.4239,3.4301,0.1669,2,4,0,0,0,2,0.0000,0.2604,0.2233,1
1541,1403715963.634057999,3.4237,3.4271,0.2370,2,4,0,0,0,2,0.0000,0.3415,0.3058,1
1542,1403715963.684058189,3.5924,3.5842,0.2959,2,4,0,0,0,2,0.0000,0.4124,0.3753,1
1543,1403715963.734058142,12.9185,12.9086,7.2217,2,13,0,0,1,1,0.0000,9.7628,9.7134,1
1544,1403715963.784058094,3.3747,3.3747,0.1872,2,4,0,0,0,2,0.0000,0.2999,0.2549,1
1545,1403715963.834058046,3.5472,3.5471,0.2260,2,4,0,0,0,2,0.0000,0.3338,0.2965,1
1546,1403715963.884058237,3.5140,3.5151,0.3259,2,4,0,0,0,2,0.0000,0.4659,0.4118,1
1547,1403715963.934058189,13.0765,13.0518,7.2138,2,13,0,0,1,1,0.0000,9.7716,9.7196,1
1548,1403715963.984058142,3.7780,3.7397,0.2189,2,4,0,0,0,2,0.0000,0.3501,0.3000,1
1549,1403715964.034058094,3.6584,3.5864,0.2511,2,4,0,0,0,2,0.0000,0.3830,0.3370,1
1550,1403715964.084058285,3.5345,3.5316,0.2968,2,4,0,0,0,2,0.0000,0.4233,0.3849,1
1551,1403715964.134057999,12.7234,12.7196,7.0982,2,13,0,0,1,1,0.0000,9.5151,9.4761,1
1552,1403715964.184058189,3.4057,3.4009,0.1388,2,4,0,0,0,2,0.0000,0.2363,0.1893,1
1553,1403715964.234058142,3.8210,3.8173,0.2222,2,4,0,0,0,2,0.0000,0.3478,0.2901,1
1554,1403715964.284058094,3.9930,3.9220,0.2739,2,4,0,0,0,2,0.0000,0.4080,0.3563,1
1555,1403715964.334058046,21.4040,21.3816,15.3942,2,13,0,0,1,1,0.0000,18.0442,17.9927,1
1556,1403715964.384058237,13.1140,13.1152,7.0989,2,13,0,0,1,1,0.0000,9.5393,9.4797,1
1557,1403715964.434058189,12.7433,12.7402,6.9320,2,13,0,0,1,1,0.0000,9.3255,9.2657,1
1558,1403715964.484058142,12.7877,12.7778,7.0000,2,13,0,0,1,1,0.0000,9.3740,9.3077,1
1559,1403715964.534058094,3.6087,3.6085,0.1552,2,3,0,0,0,2,0.0000,0.2792,0.2119,1
1560,1403715964.584058285,3.8060,3.8095,0.2699,2,4,0,0,0,2,0.0000,0.4068,0.3447,1
1561,1403715964.634057999,4.0936,4.0583,0.4497,2,13,0,0,1,1,0.0000,0.6123,0.5486,1
1562,1403715964.684058189,12.6471,12.6488,6.8443,2,13,0,0,1,1,0.0000,9.3401,9.2751,1
1563,1403715964.734058142,3.6660,3.6625,0.1979,2,4,0,0,0,2,0.0000,0.3292,0.2638,1
1564,1403715964.784058094,3.7572,3.7609,0.2890,2,4,0,0,0,2,0.0000,0.4354,0.3726,1
1565,1403715964.834058046,3.8503,3.8541,0.4401,2,13,0,0,1,1,0.0000,0.5955,0.5389,1
1566,1403715964.884058237,12.4406,12.4445,6.7179,2,13,0,0,1,1,0.0000,9.0863,9.0387,1
1567,1403715964.934058189,12.8542,12.8575,7.0400,2,13,0,0,1,1,0.0000,9.6179,9.5511,1
1568,1403715964.984058142,3.5547,3.5585,0.1831,2,3,0,0,0,2,0.0000,0.3178,0.2561,1
1569,1403715965.034058094,3.6172,3.6217,0.2968,2,4,0,0,0,2,0.0000,0.4295,0.3798,1
1570,1403715965.084058285,12.7413,12.7420,7.0031,2,13,0,0,1,1,0.0000,9.4146,9.3707,1
1571,1403715965.134057999,3.4562,3.4597,0.1459,2,3,0,0,0,2,0.0000,0.2452,0.1997,1
1572,1403715965.184058189,12.5699,12.5689,7.0760,2,13,0,0,1,1,0.0000,9.3474,9.3027,1
1573,1403715965.234058142,12.7956,12.7975,7.3280,2,13,0,0,1,1,0.0000,9.5711,9.5181,1
1574,1403715965.284058094,13.0649,13.0624,7.5192,2,13,0,0,1,1,0.0000,9.8219,9.7794,1
1575,1403715965.334058046,13.9066,13.8925,7.6568,2,13,0,0,1,1,0.0000,10.2565,10.2195,1
1576,1403715965.384058237,14.1370,14.1257,7.8208,2,13,0,0,1,1,0.0000,10.4847,10.4418,1
1577,1403715965.434058189,3.4130,3.4058,0.1509,2,3,0,0,0,2,0.0000,0.2497,0.2072,1
1578,1403715965.484058142,14.0820,14.0672,7.7169,2,13,0,0,1,1,0.0000,10.4012,10.3664,1
1579,1403715965.534058094,14.2403,14.2437,7.9970,2,13,0,0,1,1,0.0000,10.7595,10.7058,1
1580,1403715965.584058285,3.8381,3.8416,0.2151,2,3,0,0,0,2,0.0000,0.3556,0.3058,1
1581,1403715965.634057999,4.3965,4.3520,0.4101,2,4,0,0,0,2,0.0000,0.5830,0.5338,1
1582,1403715965.684058189,4.8477,4.8411,0.5069,2,4,0,0,0,2,0.0000,0.6966,0.6533,1
1583,1403715965.734058142,20.6714,20.6722,14.0102,2,13,0,0,1,1,0.0000,16.7291,16.6904,1
1584,1403715965.784058094,4.3479,4.3405,0.1271,2,3,0,0,0,2,0.0000,0.2100,0.1789,1
1585,1403715965.834058046,15.3142,15.3081,8.7039,2,13,0,0,1,1,0.0000,11.6085,11.5680,1
1586,1403715965.884058237,4.3396,4.3218,0.1612,2,4,0,0,0,2,0.0000,0.2551,0.2175,1
1587,1403715965.934058189,15.0932,15.0965,8.7428,2,13,0,0,1,1,0.0000,11.5181,11.4879,1
1588,1403715965.984058142,3.6641,3.6508,0.1550,2,4,0,0,0,2,0.0000,0.2469,0.2060,1
1589,1403715966.034058094,3.6027,3.6070,0.2599,2,4,0,0,0,2,0.0000,0.3735,0.3353,1
1590,1403715966.084058285,3.6517,3.6554,0.3269,2,4,0,0,0,2,0.0000,0.4457,0.4160,1
1591,1403715966.134057999,14.9789,14.9665,8.9519,2,13,0,0,1,1,0.0000,11.7693,11.7318,1
1592,1403715966.184058189,3.3457,3.3492,0.1631,2,4,0,0,0,2,0.0000,0.2600,0.2220,1
1593,1403715966.234058142,3.6234,3.6114,0.2329,2,4,0,0,0,2,0.0000,0.3394,0.3068,1
1594,1403715966.284058094,3.4758,3.4792,0.3493,2,4,0,0,0,2,0.0000,0.4864,0.4447,1
1595,1403715966.334058046,14.7800,14.7835,8.8189,2,13,0,0,1,1,0.0000,11.6251,11.5935,1
1596,1403715966.384058237,3.3080,3.3116,0.1690,2,4,0,0,0,2,0.0000,0.2632,0.2262,1
1597,1403715966.434058189,3.6181,3.6217,0.2391,2,4,0,0,0,2,0.0000,0.3547,0.3186,1
1598,1403715966.484058142,3.6682,3.6718,0.3331,2,4,0,0,0,2,0.0000,0.4593,0.4257,1
1599,1403715966.534058094,14.6829,14.6865,8.4839,2,13,0,0,1,1,0.0000,11.2528,11.2170,1
1600,1403715966.584058285,3.4909,3.4948,0.1421,2,4,0,0,0,2,0.0000,0.2337,0.1963,1
1601,1403715966.634057999,3.6143,3.5961,0.2210,2,4,0,0,0,2,0.0000,0.3222,0.2865,1
1602,1403715966.684058189,14.5190,14.4937,8.2412,2,13,0,0,1,1,0.0000,11.0138,10.9768,1
1603,1403715966.734058142,3.4682,3.4718,0.1438,2,4,0,0,0,2,0.0000,0.2520,0.1945,1
1604,1403715966.784058094,3.5054,3.5118,0.2220,2,4,0,0,0,2,0.0000,0.3327,0.2860,1
1605,1403715966.834058046,3.7817,3.7852,0.2770,2,4,0,0,0,2,0.0000,0.4018,0.3561,1
1606,1403715966.884058237,14.6834,14.6869,8.1842,2,13,0,0,1,1,0.0000,11.1684,11.1137,1
1607,1403715966.934058189,4.1140,4.1173,0.2270,2,4,0,0,0,2,0.0000,0.3540,0.3097,1
1608,1403715966.984058142,3.9406,3.9443,0.2868,2,4,0,0,0,2,0.0000,0.4240,0.3811,1
1609,1403715967.034058094,4.1375,4.1330,0.3741,2,4,0,0,0,2,0.0000,0.5233,0.4805,1
1610,1403715967.084058285,14.4720,14.4716,8.1360,2,13,0,0,1,1,0.0000,11.0011,10.9657,1
1611,1403715967.134057999,3.6040,3.6021,0.1519,2,4,0,0,0,2,0.0000,0.2467,0.2059,1
1612,1403715967.184058189,13.7639,13.7627,7.6890,2,13,0,0,1,1,0.0000,10.5999,10.5571,1
1613,1403715967.234058142,3.4687,3.4723,0.1471,2,4,0,0,0,2,0.0000,0.2320,0.1961,1
1614,1403715967.284058094,13.3610,13.3617,7.4470,2,13,0,0,1,1,0.0000,10.1788,10.1505,1
1615,1403715967.334058046,16.8451,16.8068,7.8640,2,13,0,0,1,1,0.0000,13.5615,13.5171,1
1616,1403715967.384058237,3.2922,3.2842,0.1900,2,4,0,0,0,2,0.0000,0.2965,0.2560,1
1617,1403715967.434058189,3.3371,3.3389,0.2818,2,4,0,0,0,2,0.0000,0.3940,0.3627,1
1618,1403715967.484058142,3.2716,3.2696,0.3550,2,4,0,0,0,2,0.0000,0.4925,0.4554,1
1619,1403715967.534058094,13.3946,13.3896,7.7300,2,13,0,0,1,1,0.0000,10.5133,10.4790,1
1620,1403715967.584058285,3.0415,3.0420,0.1750,2,4,0,0,0,2,0.0000,0.2698,0.2361,1
1621,1403715967.634057999,3.3434,3.3352,0.2868,2,4,0,0,0,2,0.0000,0.4077,0.3723,1
1622,1403715967.684058189,3.8703,3.8670,0.3479,2,4,0,0,0,2,0.0000,0.4786,0.4430,1
1623,1403715967.734058142,36.8065,36.8100,30.6668,2,13,0,0,1,1,0.0000,33.4250,33.3916,1
1624,1403715967.784058094,3.9164,3.8780,0.1502,2,4,0,0,0,2,0.0000,0.2406,0.2028,1
1625,1403715967.834058046,3.7490,3.7341,0.2499,2,4,0,0,0,2,0.0000,0.3730,0.3217,1
1626,1403715967.884058237,3.6239,3.6301,0.3209,2,4,0,0,0,2,0.0000,0.4428,0.4060,1
1627,1403715967.934058189,13.8868,13.8736,7.7260,2,13,0,0,1,1,0.0000,10.5463,10.5079,1
1628,1403715967.984058142,3.4392,3.4291,0.1771,2,4,0,0,0,2,0.0000,0.2851,0.2394,1
1629,1403715968.034058094,3.7495,3.7358,0.2561,2,4,0,0,0,2,0.0000,0.3696,0.3318,1
1630,1403715968.084058285,3.7229,3.7223,0.3180,2,4,0,0,0,2,0.0000,0.4550,0.4036,1
1631,1403715968.134057999,13.9225,13.9049,7.7031,2,13,0,0,1,1,0.0000,10.6150,10.5604,1
1632,1403715968.184058189,3.4606,3.4622,0.1659,2,4,0,0,0,2,0.0000,0.2700,0.2208,1
1633,1403715968.234058142,3.6073,3.6108,0.2298,2,4,0,0,0,2,0.0000,0.3557,0.3007,1
1634,1403715968.284058094,4.0209,4.0052,0.3030,2,4,0,0,0,2,0.0000,0.4491,0.3939,1
1635,1403715968.334058046,14.1440,14.1013,7.3793,2,13,0,0,1,1,0.0000,10.1733,10.1236,1
1636,1403715968.384058237,3.7912,3.7948,0.1564,2,4,0,0,0,2,0.0000,0.2538,0.2050,1
1637,1403715968.434058189,13.7399,13.7412,7.5171,2,13,0,0,1,1,0.0000,10.2920,10.2388,1
1638,1403715968.484058142,3.6576,3.6560,0.1521,2,4,0,0,0,2,0.0000,0.2529,0.2071,1
1639,1403715968.534058094,3.7252,3.7073,0.2482,2,4,0,0,0,2,0.0000,0.3658,0.3170,1
1640,1403715968.584058285,3.7802,3.7794,0.3591,2,4,0,0,0,2,0.0000,0.5141,0.4560,1
1641,1403715968.634057999,13.8108,13.8143,7.6773,2,13,0,0,1,1,0.0000,10.6120,10.5677,1
1642,1403715968.684058189,3.6247,3.5779,0.1941,2,4,0,0,0,2,0.0000,0.3134,0.2614,1
1643,1403715968.734058142,3.6193,3.6119,0.3068,2,4,0,0,0,2,0.0000,0.4549,0.3981,1
1644,1403715968.784058094,3.5544,3.5579,0.3510,2,4,0,0,0,2,0.0000,0.4945,0.4511,1
1645,1403715968.834058046,13.6386,13.6408,7.8368,2,13,0,0,1,1,0.0000,10.6919,10.6445,1
1646,1403715968.884058237,3.4090,3.4005,0.2160,2,4,0,0,0,2,0.0000,0.3395,0.2886,1
1647,1403715968.934058189,3.4555,3.4592,0.3042,2,4,0,0,0,2,0.0000,0.4399,0.3955,1
1648,1403715968.984058142,3.4469,3.4503,0.3498,2,4,0,0,0,2,0.0000,0.5021,0.4585,1
1649,1403715969.034058094,27.7934,27.7860,21.8120,2,13,0,0,1,1,0.0000,24.6583,24.6170,1
1650,1403715969.084058285,3.3789,3.3825,0.1707,2,4,0,0,0,2,0.0000,0.2689,0.2248,1
1651,1403715969.134057999,3.5244,3.5263,0.2201,2,4,0,0,0,2,0.0000,0.3303,0.2841,1
1652,1403715969.184058189,14.2328,14.1458,7.5440,2,13,0,0,1,1,0.0000,10.4496,10.4053,1
1653,1403715969.234058142,4.1657,4.1692,0.1364,2,4,0,0,0,2,0.0000,0.2239,0.1857,1
1654,1403715969.284058094,4.3355,4.3107,0.2210,2,4,0,0,0,2,0.0000,0.3321,0.2833,1
1655,1403715969.334058046,14.1937,14.1621,7.2970,2,13,0,0,1,1,0.0000,10.1449,10.1034,1
1656,1403715969.384058237,3.6561,3.6599,0.1647,2,4,0,0,0,2,0.0000,0.2602,0.2194,1
1657,1403715969.434058189,4.0152,3.9850,0.2263,2,4,0,0,0,2,0.0000,0.3404,0.2924,1
1658,1403715969.484058142,3.6005,3.6040,0.2921,2,4,0,0,0,2,0.0000,0.4151,0.3678,1
1659,1403715969.534058094,13.5842,13.5633,7.2050,2,13,0,0,1,1,0.0000,10.1794,10.1272,1
1660,1403715969.584058285,3.6977,3.6807,0.2298,2,4,0,0,0,2,0.0000,0.3626,0.3112,1
1661,1403715969.634057999,3.8515,3.8066,0.2911,2,4,0,0,0,2,0.0000,0.4295,0.3838,1
1662,1403715969.684058189,3.8346,3.8286,0.3741,2,4,0,0,0,2,0.0000,0.5299,0.4812,1
1663,1403715969.734058142,29.9252,29.9123,23.4611,2,13,0,0,1,1,0.0000,26.4527,26.4069,1
1664,1403715969.784058094,3.8327,3.8261,0.1829,2,4,0,0,0,2,0.0000,0.3095,0.2546,1
1665,1403715969.834058046,4.2110,4.1884,0.2792,2,4,0,0,0,2,0.0000,0.4236,0.3642,1
1666,1403715969.884058237,4.4836,4.4675,0.3419,2,4,0,0,0,2,0.0000,0.4944,0.4405,1
1667,1403715969.934058189,14.1560,14.1598,7.5951,2,13,0,0,1,1,0.0000,10.5608,10.5080,1
1668,1403715969.984058142,15.0286,15.0097,7.9732,2,13,0,0,1,1,0.0000,10.8785,10.8245,1
1669,1403715970.034058094,4.0746,4.0683,0.1731,2,4,0,0,0,2,0.0000,0.2920,0.2342,1
1670,1403715970.084058285,33.6644,33.6608,27.2250,2,13,0,0,1,1,0.0000,30.0583,30.0043,1
1671,1403715970.134057999,3.7168,3.7205,0.1960,2,4,0,0,0,2,0.0000,0.3156,0.2623,1
1672,1403715970.184058189,3.9101,3.8890,0.2742,2,4,0,0,0,2,0.0000,0.4142,0.3582,1
1673,1403715970.234058142,4.3573,4.2628,0.3631,2,4,0,0,0,2,0.0000,0.5217,0.4671,1
1674,1403715970.284058094,13.9640,13.9620,7.7791,2,13,0,0,1,1,0.0000,10.6118,10.5560,1
1675,1403715970.334058046,3.6960,3.6872,0.2227,2,4,0,0,0,2,0.0000,0.3614,0.3036,1
1676,1403715970.384058237,3.8338,3.7944,0.3040,2,4,0,0,0,2,0.0000,0.4501,0.3973,1
1677,1403715970.434058189,3.6941,3.6976,0.4020,2,4,0,0,0,2,0.0000,0.5709,0.5186,1
1678,1403715970.484058142,13.6379,13.6008,7.5860,2,13,0,0,1,1,0.0000,10.3247,10.2769,1
1679,1403715970.534058094,3.6114,3.5856,0.2131,2,4,0,0,0,2,0.0000,0.3370,0.2908,1
1680,1403715970.584058285,3.6069,3.6104,0.2799,2,4,0,0,0,2,0.0000,0.4123,0.3693,1
1681,1403715970.634057999,3.9043,3.8968,0.3860,2,4,0,0,0,2,0.0000,0.5420,0.4972,1
1682,1403715970.684058189,13.2935,13.2970,7.3259,2,13,0,0,1,1,0.0000,9.8720,9.8180,1
1683,1403715970.734058142,3.8705,3.8499,0.1638,2,4,0,0,0,2,0.0000,0.2672,0.2266,1
1684,1403715970.784058094,4.2380,4.2364,0.2458,2,4,0,0,0,2,0.0000,0.3727,0.3283,1
1685,1403715970.834058046,4.0475,4.0510,0.3109,2,4,0,0,0,2,0.0000,0.4584,0.4129,1
1686,1403715970.884058237,13.4431,13.4467,7.2172,2,13,0,0,1,1,0.0000,9.8088,9.7717,1
1687,1403715970.934058189,4.1362,4.1133,0.1540,2,4,0,0,0,2,0.0000,0.2581,0.2080,1
1688,1403715970.984058142,3.7697,3.7735,0.2329,2,4,0,0,0,2,0.0000,0.3485,0.3016,1
1689,1403715971.034058094,3.8473,3.8295,0.2928,2,4,0,0,0,2,0.0000,0.4286,0.3698,1
1690,1403715971.084058285,13.2843,13.2757,7.3280,2,13,0,0,1,1,0.0000,10.0282,9.9806,1
1691,1403715971.134057999,3.7153,3.6982,0.1638,2,4,0,0,0,2,0.0000,0.2768,0.2240,1
1692,1403715971.184058189,3.8252,3.8142,0.2687,2,4,0,0,0,2,0.0000,0.4003,0.3497,1
1693,1403715971.234058142,4.0496,4.0509,0.3462,2,4,0,0,0,2,0.0000,0.4891,0.4441,1
1694,1403715971.284058094,36.8548,36.8215,30.4210,2,13,0,0,1,1,0.0000,33.1535,33.1059,1
1695,1403715971.334058046,4.0342,4.0328,0.1230,2,3,0,0,0,2,0.0000,0.2206,0.1739,1
1696,1403715971.384058237,14.2892,14.2835,7.7758,2,13,0,0,1,1,0.0000,10.3778,10.3316,1
1697,1403715971.434058189,4.3593,4.3548,0.1490,2,4,0,0,0,2,0.0000,0.2471,0.2007,1
1698,1403715971.484058142,27.9347,27.9202,21.3902,2,13,0,0,1,1,0.0000,23.9711,23.9315,1
1699,1403715971.534058094,4.2617,4.2410,0.1631,2,4,0,0,0,2,0.0000,0.2670,0.2172,1
1700,1403715971.584058285,3.8400,3.8414,0.2742,2,4,0,0,0,2,0.0000,0.4062,0.3482,1
1701,1403715971.634057999,13.3325,13.3362,7.4940,2,13,0,0,1,1,0.0000,10.0698,10.0238,1
1702,1403715971.684058189,3.5200,3.5213,0.1960,2,4,0,0,0,2,0.0000,0.3106,0.2623,1
1703,1403715971.734058142,3.8739,3.8777,0.2751,2,4,0,0,0,2,0.0000,0.4115,0.3585,1
1704,1403715971.784058094,3.8276,3.8312,0.3471,2,4,0,0,0,2,0.0000,0.4913,0.4437,1
1705,1403715971.834058046,13.5245,13.5113,7.5729,2,13,0,0,1,1,0.0000,10.1997,10.1524,1
1706,1403715971.884058237,3.7076,3.6838,0.1750,2,4,0,0,0,2,0.0000,0.2854,0.2337,1
1707,1403715971.934058189,3.7361,3.7398,0.2859,2,4,0,0,0,2,0.0000,0.4171,0.3689,1
1708,1403715971.984058142,3.8750,3.8765,0.3800,2,4,0,0,0,2,0.0000,0.5344,0.4875,1
1709,1403715972.034058094,13.6972,13.6731,7.6249,2,13,0,0,1,1,0.0000,10.1781,10.1265,1
1710,1403715972.084058285,3.7170,3.7208,0.1531,2,3,0,0,0,2,0.0000,0.2684,0.2150,1
1711,1403715972.134057999,4.0411,4.0445,0.3071,2,4,0,0,0,2,0.0000,0.4527,0.3981,1
1712,1403715972.184058189,3.9916,3.9951,0.4239,2,4,0,0,0,2,0.0000,0.6008,0.5465,1
1713,1403715972.234058142,13.7463,13.7498,7.6089,2,13,0,0,1,1,0.0000,10.1566,10.1057,1
1714,1403715972.284058094,3.8913,3.8947,0.1800,2,4,0,0,0,2,0.0000,0.2909,0.2413,1
1715,1403715972.334058046,3.7943,3.7978,0.2701,2,4,0,0,0,2,0.0000,0.4085,0.3598,1
1716,1403715972.384058237,3.8582,3.8647,0.3729,2,4,0,0,0,2,0.0000,0.5261,0.4796,1
1717,1403715972.434058189,13.4665,13.4410,7.5369,2,13,0,0,1,1,0.0000,9.8805,9.8189,1
1718,1403715972.484058142,3.6072,3.6107,0.1731,2,4,0,0,0,2,0.0000,0.2825,0.2322,1
1719,1403715972.534058094,3.6589,3.6625,0.2682,2,4,0,0,0,2,0.0000,0.3955,0.3482,1
1720,1403715972.584058285,3.8293,3.8330,0.3629,2,4,0,0,0,2,0.0000,0.5176,0.4688,1
1721,1403715972.634057999,13.6188,13.6226,7.4770,2,13,0,0,1,1,0.0000,10.2621,10.2112,1
1722,1403715972.684058189,3.7035,3.7070,0.1550,2,4,0,0,0,2,0.0000,0.2593,0.2089,1
1723,1403715972.734058142,4.0772,4.0690,0.2420,2,4,0,0,0,2,0.0000,0.3628,0.3153,1
1724,1403715972.784058094,3.7660,3.7696,0.3233,2,4,0,0,0,2,0.0000,0.4643,0.4144,1
1725,1403715972.834058046,13.9219,13.9229,7.7462,2,13,0,0,1,1,0.0000,10.5933,10.5443,1
1726,1403715972.884058237,3.4760,3.4795,0.1502,2,4,0,0,0,2,0.0000,0.2503,0.2014,1
1727,1403715972.934058189,4.0335,4.0097,0.2699,2,4,0,0,0,2,0.0000,0.4070,0.3515,1
1728,1403715972.984058142,4.0011,3.9947,0.3459,2,4,0,0,0,2,0.0000,0.5041,0.4480,1
1729,1403715973.034058094,14.3941,14.3217,7.9627,2,13,0,0,1,1,0.0000,10.8091,10.7591,1
1730,1403715973.084058285,3.9347,3.9108,0.2010,2,4,0,0,0,2,0.0000,0.3286,0.2754,1
1731,1403715973.134057999,3.7523,3.7556,0.2851,2,4,0,0,0,2,0.0000,0.4242,0.3742,1
1732,1403715973.184058189,4.0728,4.0594,0.3760,2,4,0,0,0,2,0.0000,0.5367,0.4880,1
1733,1403715973.234058142,14.4250,14.4166,8.1980,2,13,0,0,1,1,0.0000,11.0404,10.9918,1
1734,1403715973.284058094,3.6473,3.6508,0.2031,2,4,0,0,0,2,0.0000,0.3256,0.2723,1
1735,1403715973.334058046,3.5861,3.5895,0.2909,2,4,0,0,0,2,0.0000,0.4256,0.3805,1
1736,1403715973.384058237,3.6835,3.6873,0.3779,2,4,0,0,0,2,0.0000,0.5395,0.4903,1
1737,1403715973.434058189,14.6841,14.6621,8.2581,2,13,0,0,1,1,0.0000,11.2091,11.1585,1
1738,1403715973.484058142,3.5933,3.5968,0.2069,2,4,0,0,0,2,0.0000,0.3300,0.2792,1
1739,1403715973.534058094,3.7261,3.7043,0.3099,2,4,0,0,0,2,0.0000,0.4547,0.4023,1
1740,1403715973.584058285,3.8426,3.8461,0.3951,2,4,0,0,0,2,0.0000,0.5628,0.5109,1
1741,1403715973.634057999,26.6117,26.6151,20.2239,2,13,0,0,1,1,0.0000,23.2369,23.1861,1
1742,1403715973.684058189,4.0921,4.0740,0.2320,2,4,0,0,0,2,0.0000,0.3700,0.3167,1
1743,1403715973.734058142,4.3912,4.3341,0.3526,2,4,0,0,0,2,0.0000,0.5233,0.4669,1
1744,1403715973.784058094,4.3331,4.3186,0.4549,2,4,0,0,0,2,0.0000,0.6502,0.5963,1
1745,1403715973.834058046,41.6563,41.6597,35.1052,2,13,0,0,1,1,0.0000,38.2580,38.2081,1
1746,1403715973.884058237,3.8760,3.8693,0.2511,2,4,0,0,0,2,0.0000,0.4014,0.3404,1
1747,1403715973.934058189,3.8522,3.8510,0.3750,2,4,0,0,0,2,0.0000,0.5503,0.4946,1
1748,1403715973.984058142,3.9927,3.9960,0.4690,2,4,0,0,0,2,0.0000,0.6712,0.6169,1
1749,1403715974.034058094,16.4935,16.4140,9.6428,2,13,0,0,1,1,0.0000,12.8748,12.8217,1
1750,1403715974.084058285,3.7747,3.7765,0.2420,2,4,0,0,0,2,0.0000,0.3888,0.3327,1
1751,1403715974.134057999,4.0083,4.0121,0.3741,2,4,0,0,0,2,0.0000,0.5549,0.4977,1
1752,1403715974.184058189,4.3011,4.2525,0.4749,2,4,0,0,0,2,0.0000,0.6818,0.6252,1
1753,1403715974.234058142,16.2101,16.2045,9.7401,2,13,0,0,1,1,0.0000,12.9589,12.9028,1
1754,1403715974.284058094,3.7326,3.7322,0.2811,2,4,0,0,0,2,0.0000,0.4357,0.3765,1
1755,1403715974.334058046,3.8026,3.8036,0.3769,2,4,0,0,0,2,0.0000,0.5650,0.5085,1
1756,1403715974.384058237,3.9991,3.9939,0.5050,2,4,0,0,0,2,0.0000,0.7265,0.6696,1
1757,1403715974.434058189,16.1240,16.1197,9.6321,2,13,0,0,1,1,0.0000,12.8008,12.7397,1
1758,1403715974.484058142,3.8276,3.8188,0.2992,2,4,0,0,0,2,0.0000,0.4655,0.4044,1
1759,1403715974.534058094,3.8505,3.8540,0.4170,2,4,0,0,0,2,0.0000,0.6240,0.5629,1
1760,1403715974.584058285,4.1555,4.1044,0.6599,2,5,0,0,0,2,0.0000,0.8944,0.8381,1
1761,1403715974.634057999,15.8906,15.8943,9.5232,2,13,0,0,1,1,0.0000,12.7272,12.6681,1
1762,1403715974.684058189,3.6873,3.6856,0.2811,2,4,0,0,0,2,0.0000,0.4398,0.3838,1
1763,1403715974.734058142,4.0988,4.0768,0.4170,2,4,0,0,0,2,0.0000,0.6258,0.5653,1
1764,1403715974.784058094,4.2154,4.2101,0.6609,2,5,0,0,0,2,0.0000,0.9038,0.8438,1
1765,1403715974.834058046,16.2578,16.2614,9.7008,2,13,0,0,1,1,0.0000,13.0193,12.9619,1
1766,1403715974.884058237,3.9081,3.8578,0.2871,2,4,0,0,0,2,0.0000,0.4739,0.3974,1
1767,1403715974.934058189,4.0617,4.0560,0.4301,2,4,0,0,0,2,0.0000,0.6397,0.5800,1
1768,1403715974.984058142,4.1740,4.1775,0.6981,2,5,0,0,0,2,0.0000,0.9436,0.8863,1
1769,1403715975.034058094,16.5439,16.5350,9.9430,2,13,0,0,1,1,0.0000,13.1128,13.0539,1
1770,1403715975.084058285,3.7109,3.7143,0.2987,2,4,0,0,0,2,0.0000,0.4725,0.4108,1
1771,1403715975.134057999,4.0866,4.0725,0.4377,2,4,0,0,0,2,0.0000,0.6534,0.5906,1
1772,1403715975.184058189,4.2471,4.2477,0.6721,2,5,0,0,0,2,0.0000,0.9195,0.8612,1
1773,1403715975.234058142,16.4687,16.4723,10.0529,2,13,0,0,1,1,0.0000,13.2140,13.1549,1
1774,1403715975.284058094,3.7766,3.7672,0.2830,2,4,0,0,0,2,0.0000,0.4504,0.3908,1
1775,1403715975.334058046,4.0390,4.0244,0.4292,2,4,0,0,0,2,0.0000,0.6360,0.5736,1
1776,1403715975.384058237,4.0594,4.0583,0.5550,2,4,0,0,0,2,0.0000,0.7971,0.7390,1
1777,1403715975.434058189,16.6853,16.6767,10.0799,2,13,0,0,1,1,0.0000,13.2595,13.1943,1
1778,1403715975.484058142,3.8501,3.8495,0.3030,2,4,0,0,0,2,0.0000,0.4803,0.4152,1
1779,1403715975.534058094,4.1910,4.1495,0.4230,2,4,0,0,0,2,0.0000,0.6356,0.5715,1
1780,1403715975.584058285,4.1186,4.1143,0.5560,2,4,0,0,0,2,0.0000,0.8083,0.7463,1
1781,1403715975.634057999,17.2725,17.2430,10.3478,2,13,0,0,1,1,0.0000,13.6927,13.6261,1
1782,1403715975.684058189,4.2989,4.2155,0.3202,2,4,0,0,0,2,0.0000,0.5169,0.4358,1
1783,1403715975.734058142,4.1171,4.1208,0.4592,2,4,0,0,0,2,0.0000,0.6950,0.6192,1
1784,1403715975.784058094,4.2516,4.2558,0.6280,2,4,0,0,0,2,0.0000,0.9078,0.8354,1
1785,1403715975.834058046,17.4978,17.4977,10.5100,2,13,0,0,1,1,0.0000,13.8968,13.8188,1
1786,1403715975.884058237,4.0123,4.0047,0.3290,2,4,0,0,0,2,0.0000,0.5237,0.4475,1
1787,1403715975.934058189,4.2762,4.1895,0.4899,2,4,0,0,0,2,0.0000,0.7340,0.6558,1
1788,1403715975.984058142,4.5072,4.5108,0.7648,2,5,0,0,0,2,0.0000,1.0505,0.9732,1
1789,1403715976.034058094,17.9111,17.8615,10.6192,2,13,0,0,1,1,0.0000,14.1450,14.0647,1
1790,1403715976.084058285,4.0343,4.0220,0.3309,2,4,0,0,0,2,0.0000,0.5355,0.4517,1
1791,1403715976.134057999,4.2244,4.2281,0.6013,2,5,0,0,0,2,0.0000,0.8502,0.7707,1
1792,1403715976.184058189,4.6255,4.6293,0.8090,2,5,0,0,0,2,0.0000,1.0971,1.0223,1
1793,1403715976.234058142,18.1946,18.1841,11.1768,2,13,0,0,1,1,0.0000,14.6068,14.5309,1
1794,1403715976.284058094,3.9583,3.9544,0.3800,2,5,0,0,0,2,0.0000,0.5707,0.5007,1
1795,1403715976.334058046,4.1166,4.1202,0.6440,2,6,0,0,0,2,0.0000,0.8749,0.8090,1
1796,1403715976.384058237,4.4321,4.4334,0.8292,2,6,0,0,0,2,0.0000,1.0970,1.0369,1
1797,1403715976.434058189,17.9406,17.9306,11.0600,2,14,0,0,1,1,0.0000,14.5777,14.5169,1
1798,1403715976.484058142,3.8670,3.8705,0.3750,2,5,0,0,0,2,0.0000,0.5554,0.4940,1
1799,1403715976.534058094,4.2417,4.2453,0.6464,2,6,0,0,0,2,0.0000,0.8903,0.8255,1
1800,1403715976.584058285,4.3720,4.3692,0.8228,2,6,0,0,0,2,0.0000,1.0886,1.0322,1
1801,1403715976.634057999,17.6833,17.6814,11.0500,2,14,0,0,1,1,0.0000,14.4136,14.3520,1
1802,1403715976.684058189,3.8049,3.8088,0.3729,2,5,0,0,0,2,0.0000,0.5472,0.4864,1
1803,1403715976.734058142,4.3058,4.2871,0.6230,2,6,0,0,0,2,0.0000,0.8478,0.7843,1
1804,1403715976.784058094,4.8138,4.7505,0.7670,2,5,0,0,0,2,0.0000,1.0400,0.9759,1
1805,1403715976.834058046,17.7671,17.7709,11.1260,2,13,0,0,1,1,0.0000,14.5391,14.4807,1
1806,1403715976.884058237,3.8574,3.8532,0.3140,2,4,0,0,0,2,0.0000,0.4906,0.4280,1
1807,1403715976.934058189,4.2701,4.2646,0.5522,2,5,0,0,0,2,0.0000,0.7801,0.7175,1
1808,1403715976.984058142,4.2924,4.2984,0.7777,2,5,0,0,0,2,0.0000,1.0490,0.9896,1
1809,1403715977.034058094,18.2115,18.2097,11.3759,2,13,0,0,1,1,0.0000,14.8433,14.7808,1
1810,1403715977.084058285,3.7534,3.7567,0.3221,2,4,0,0,0,2,0.0000,0.5047,0.4398,1
1811,1403715977.134057999,4.1061,4.0924,0.4499,2,4,0,0,0,2,0.0000,0.6750,0.6151,1
1812,1403715977.184058189,4.5732,4.5586,0.7980,2,5,0,0,0,2,0.0000,1.0717,1.0142,1
1813,1403715977.234058142,49.8251,49.8260,43.0479,2,13,0,0,1,1,0.0000,46.5482,46.4864,1
1814,1403715977.284058094,4.3157,4.1925,0.3331,2,4,0,0,0,2,0.0000,0.5297,0.4559,1
1815,1403715977.334058046,4.0403,4.0437,0.5538,2,5,0,0,0,2,0.0000,0.7758,0.7135,1
1816,1403715977.384058237,4.4400,4.4208,0.7617,2,5,0,0,0,2,0.0000,1.0175,0.9630,1
1817,1403715977.434058189,18.5073,18.5075,11.5910,2,13,0,0,1,1,0.0000,15.0830,15.0266,1
1818,1403715977.484058142,3.9681,3.9627,0.2937,2,4,0,0,0,2,0.0000,0.4626,0.4047,1
1819,1403715977.534058094,4.1033,4.1082,0.4373,2,4,0,0,0,2,0.0000,0.6390,0.5840,1
1820,1403715977.584058285,4.7375,4.7065,0.7479,2,5,0,0,0,2,0.0000,1.0110,0.9499,1
1821,1403715977.634057999,18.9750,18.9717,11.8821,2,13,0,0,1,1,0.0000,15.4908,15.4328,1
1822,1403715977.684058189,4.1137,4.0949,0.2780,2,4,0,0,0,2,0.0000,0.4350,0.3807,1
1823,1403715977.734058142,4.2441,4.2261,0.3979,2,4,0,0,0,2,0.0000,0.5877,0.5330,1
1824,1403715977.784058094,4.5340,4.5153,0.5181,2,4,0,0,0,2,0.0000,0.7386,0.6846,1
1825,1403715977.834058046,19.1550,19.1478,11.8160,2,13,0,0,1,1,0.0000,15.3692,15.3197,1
1826,1403715977.884058237,4.0687,4.0668,0.2308,2,4,0,0,0,2,0.0000,0.3656,0.3176,1
1827,1403715977.934058189,4.4800,4.4818,0.3750,2,4,0,0,0,2,0.0000,0.5525,0.4957,1
1828,1403715977.984058142,4.2735,4.2768,0.4499,2,4,0,0,0,2,0.0000,0.6489,0.5969,1
1829,1403715978.034058094,18.9517,18.9002,11.5802,2,13,0,0,1,1,0.0000,15.1088,15.0598,1
1830,1403715978.084058285,4.3313,4.2972,0.1988,2,4,0,0,0,2,0.0000,0.3194,0.2709,1
1831,1403715978.134057999,4.2468,4.2124,0.2871,2,4,0,0,0,2,0.0000,0.4270,0.3768,1
1832,1403715978.184058189,4.2257,4.2294,0.3610,2,4,0,0,0,2,0.0000,0.5139,0.4690,1
1833,1403715978.234058142,18.3713,18.3574,11.2081,2,13,0,0,1,1,0.0000,14.6641,14.6186,1
1834,1403715978.284058094,4.2169,4.1795,0.1581,2,4,0,0,0,2,0.0000,0.2603,0.2157,1
1835,1403715978.334058046,4.1930,4.1605,0.2091,2,4,0,0,0,2,0.0000,0.3086,0.2713,1
1836,1403715978.384058237,18.0609,18.0432,10.5457,2,13,0,0,1,1,0.0000,14.0942,14.0531,1
1837,1403715978.434058189,4.0149,4.0184,0.1318,2,4,0,0,0,2,0.0000,0.2115,0.1766,1
1838,1403715978.484058142,16.8524,16.8088,9.9699,2,13,0,0,1,1,0.0000,13.1269,13.0971,1
1839,1403715978.534058094,16.2844,16.2196,9.3412,2,13,0,0,1,1,0.0000,12.3628,12.3228,1
1840,1403715978.584058285,15.7334,15.7356,9.0489,2,13,0,0,1,1,0.0000,11.9716,11.9364,1
1841,1403715978.634057999,4.2624,4.2132,0.1478,2,4,0,0,0,2,0.0000,0.2377,0.1995,1
1842,1403715978.684058189,20.6146,20.6117,14.2109,2,13,0,0,1,1,0.0000,16.9719,16.9369,1
1843,1403715978.734058142,3.9703,3.9755,0.1562,2,4,0,0,0,2,0.0000,0.2491,0.2125,1
1844,1403715978.784058094,3.7420,3.7459,0.2408,2,4,0,0,0,2,0.0000,0.3370,0.3073,1
1845,1403715978.834058046,19.7113,19.6955,13.4690,2,13,0,0,1,1,0.0000,16.1151,16.0864,1
1846,1403715978.884058237,4.0046,3.9840,0.1509,2,4,0,0,0,2,0.0000,0.2395,0.2053,1
1847,1403715978.934058189,3.9987,3.9628,0.2439,2,4,0,0,0,2,0.0000,0.3520,0.3170,1
1848,1403715978.984058142,30.2658,30.2459,24.0338,2,13,0,0,1,1,0.0000,26.7866,26.7526,1
1849,1403715979.034058094,3.5603,3.5575,0.1688,2,4,0,0,0,2,0.0000,0.2649,0.2257,1
1850,1403715979.084058285,3.9131,3.8915,0.2320,2,4,0,0,0,2,0.0000,0.3287,0.2968,1
1851,1403715979.134057999,35.5186,35.5118,29.6922,2,13,0,0,1,1,0.0000,32.2718,32.2431,1
1852,1403715979.184058189,21.5880,21.5875,13.2608,2,13,0,0,1,1,0.0000,18.3620,18.3270,1
1853,1403715979.234058142,13.1234,13.1252,7.3311,2,13,0,0,1,1,0.0000,9.8190,9.7917,1
1854,1403715979.284058094,13.5031,13.5040,7.5562,2,13,0,0,1,1,0.0000,10.0641,10.0374,1
1855,1403715979.334058046,13.2133,13.2049,7.5212,2,13,0,0,1,1,0.0000,10.0178,9.9872,1
1856,1403715979.384058237,13.1678,13.1605,7.4949,2,13,0,0,1,1,0.0000,10.0193,9.9874,1
1857,1403715979.434058189,12.8495,12.8452,7.2522,2,13,0,0,1,1,0.0000,9.7038,9.6778,1
1858,1403715979.484058142,35.8444,35.8482,30.2711,2,13,0,0,1,1,0.0000,32.7744,32.7395,1
1859,1403715979.534058094,3.4866,3.4796,0.1469,2,3,0,0,0,2,0.0000,0.2316,0.2010,1
1860,1403715979.584058285,35.9420,35.9388,30.4601,2,13,0,0,1,1,0.0000,32.9247,32.8946,1
1861,1403715979.634057999,3.3471,3.3262,0.1543,2,4,0,0,0,2,0.0000,0.2342,0.2002,1
1862,1403715979.684058189,13.1996,13.1953,7.6001,2,13,0,0,1,1,0.0000,10.1162,10.0865,1
1863,1403715979.734058142,3.4537,3.4529,0.1421,2,4,0,0,0,2,0.0000,0.2179,0.1875,1
1864,1403715979.784058094,13.2408,13.2412,7.5569,2,13,0,0,1,1,0.0000,10.0899,10.0595,1
1865,1403715979.834058046,3.3720,3.3740,0.1519,2,4,0,0,0,2,0.0000,0.2369,0.1981,1
1866,1403715979.884058237,13.5021,13.5056,7.6549,2,13,0,0,1,1,0.0000,10.1862,10.1587,1
1867,1403715979.934058189,16.4565,16.4600,8.1658,2,13,0,0,1,1,0.0000,13.4776,13.4447,1
1868,1403715979.984058142,13.0286,13.0265,7.7348,2,13,0,0,1,1,0.0000,10.1873,10.1565,1
1869,1403715980.034058094,35.6098,35.6137,30.5798,2,13,0,0,1,1,0.0000,32.9485,32.9042,1
1870,1403715980.084058285,32.1096,32.1067,26.8009,2,11,0,0,0,2,0.0000,29.3174,29.2902,1
1871,1403715980.134057999,13.4828,13.4868,7.6320,2,13,0,0,1,1,0.0000,10.2238,10.1832,1
1872,1403715980.184058189,14.2133,14.2056,7.8042,2,13,0,0,1,1,0.0000,10.4659,10.4200,1
1873,1403715980.234058142,14.7362,14.6312,7.9231,2,13,0,0,1,1,0.0000,10.9225,10.8698,1
1874,1403715980.284058094,4.0712,3.5077,0.2258,2,3,0,0,0,2,0.0000,0.3511,0.2995,1
1875,1403715980.334058046,42.9524,41.8573,36.8149,2,13,0,0,1,1,0.0000,39.6547,39.6230,1
1876,1403715980.384058237,41.1875,40.3840,35.4218,2,13,0,0,1,1,0.0000,38.1873,38.1452,1
1877,1403715980.434058189,3.3118,3.2854,0.1640,2,3,0,0,0,2,0.0000,0.2624,0.2286,1
1878,1403715980.484058142,3.3185,3.3086,0.2923,2,4,0,0,0,2,0.0000,0.4120,0.3758,1
1879,1403715980.534058094,39.3768,39.3673,33.4709,2,13,0,0,1,1,0.0000,36.1923,36.1532,1
1880,1403715980.584058285,3.7841,3.6815,0.1850,2,4,0,0,0,2,0.0000,0.2865,0.2432,1
1881,1403715980.634057999,38.2066,38.1140,32.1810,2,13,0,0,1,1,0.0000,34.7280,34.6922,1
1882,1403715980.684058189,3.1149,3.1187,0.1857,2,4,0,0,0,2,0.0000,0.2858,0.2457,1
1883,1403715980.734058142,3.1622,3.1660,0.2549,2,4,0,0,0,2,0.0000,0.3670,0.3252,1
1884,1403715980.784058094,38.4900,38.4504,32.5382,2,13,0,0,1,1,0.0000,35.2789,35.2450,1
1885,1403715980.834058046,3.3972,3.3886,0.1631,2,4,0,0,0,2,0.0000,0.2715,0.2202,1
1886,1403715980.884058237,36.9869,36.9577,31.3201,2,13,0,0,1,1,0.0000,33.9053,33.8690,1
1887,1403715980.934058189,3.3488,3.3222,0.1760,2,4,0,0,0,2,0.0000,0.2733,0.2342,1
1888,1403715980.984058142,13.3771,13.3808,7.8461,2,13,0,0,1,1,0.0000,10.4075,10.3665,1
1889,1403715981.034058094,3.0952,3.0968,0.1740,2,4,0,0,0,2,0.0000,0.2697,0.2306,1
1890,1403715981.084058285,13.1592,13.1538,7.4830,2,13,0,0,1,1,0.0000,10.1720,10.1376,1
1891,1403715981.134057999,13.2179,13.1945,7.5920,2,13,0,0,1,1,0.0000,10.0915,10.0565,1
1892,1403715981.184058189,12.6880,12.6368,7.1990,2,13,0,0,1,1,0.0000,9.6112,9.5808,1
1893,1403715981.234058142,12.4377,12.4344,7.2331,2,13,0,0,1,1,0.0000,9.5458,9.5177,1
1894,1403715981.284058094,12.4648,12.4141,7.0848,2,13,0,0,1,1,0.0000,9.3567,9.3236,1
1895,1403715981.334058046,12.7152,12.7090,7.0989,2,13,0,0,1,1,0.0000,9.5338,9.4881,1
1896,1403715981.384058237,35.2753,35.2002,29.5119,2,13,0,0,1,1,0.0000,31.8664,31.8310,1
1897,1403715981.434058189,3.0668,3.0707,0.1390,2,3,0,0,0,2,0.0000,0.2283,0.1910,1
1898,1403715981.484058142,29.6083,29.5852,23.8152,2,13,0,0,1,1,0.0000,26.4177,26.3820,1
1899,1403715981.534058094,12.9983,12.9903,7.3950,2,13,0,0,1,1,0.0000,10.0827,10.0483,1
1900,1403715981.584058285,35.6574,35.6279,30.1709,2,13,0,0,1,1,0.0000,32.6725,32.6385,1
1901,1403715981.634057999,3.1293,3.1329,0.1550,2,3,0,0,0,2,0.0000,0.2434,0.2095,1
1902,1403715981.684058189,3.4504,3.4261,0.2589,2,4,0,0,0,2,0.0000,0.3652,0.3310,1
1903,1403715981.734058142,26.5860,26.5262,20.9429,2,9,0,0,0,2,0.0000,23.4812,23.4479,1
1904,1403715981.784058094,3.5610,3.5430,0.1712,2,4,0,0,0,2,0.0000,0.2639,0.2242,1
1905,1403715981.834058046,3.3907,3.3855,0.2627,2,4,0,0,0,2,0.0000,0.3665,0.3340,1
1906,1403715981.884058237,13.5925,13.5593,7.6902,2,13,0,0,1,1,0.0000,10.1758,10.1442,1
1907,1403715981.934058189,3.5393,3.5239,0.1650,2,4,0,0,0,2,0.0000,0.2531,0.2170,1
1908,1403715981.984058142,3.3445,3.3460,0.2463,2,4,0,0,0,2,0.0000,0.3472,0.3115,1
1909,1403715982.034058094,3.7655,3.7545,0.3188,2,4,0,0,0,2,0.0000,0.4408,0.4013,1
1910,1403715982.084058285,13.3123,13.3069,7.5939,2,13,0,0,1,1,0.0000,10.1772,10.1353,1
1911,1403715982.134057999,3.4383,3.4187,0.1769,2,4,0,0,0,2,0.0000,0.2728,0.2354,1
1912,1403715982.184058189,3.5053,3.5090,0.2501,2,4,0,0,0,2,0.0000,0.3657,0.3256,1
1913,1403715982.234058142,3.5183,3.5142,0.3521,2,4,0,0,0,2,0.0000,0.4849,0.4466,1
1914,1403715982.284058094,13.6657,13.6174,7.8130,2,13,0,0,1,1,0.0000,10.3288,10.2915,1
1915,1403715982.334058046,3.2469,3.2464,0.1738,2,4,0,0,0,2,0.0000,0.2757,0.2318,1
1916,1403715982.384058237,3.4474,3.4253,0.2608,2,4,0,0,0,2,0.0000,0.3728,0.3316,1
1917,1403715982.434058189,3.5112,3.5095,0.3159,2,4,0,0,0,2,0.0000,0.4496,0.4055,1
1918,1403715982.484058142,13.1837,13.1838,7.5040,2,13,0,0,1,1,0.0000,10.0438,10.0074,1
1919,1403715982.534058094,3.5430,3.5153,0.1440,2,4,0,0,0,2,0.0000,0.2350,0.1930,1
1920,1403715982.584058285,13.0091,13.0099,7.4429,2,13,0,0,1,1,0.0000,9.9765,9.9385,1
1921,1403715982.634057999,12.8850,12.8886,7.3681,2,13,0,0,1,1,0.0000,9.8392,9.8013,1
1922,1403715982.684058189,13.2446,13.2245,7.4749,2,13,0,0,1,1,0.0000,9.9030,9.8666,1
1923,1403715982.734058142,18.7275,18.6917,13.0050,2,13,0,0,1,1,0.0000,15.4316,15.3901,1
1924,1403715982.784058094,18.8831,18.8712,13.2589,2,13,0,0,1,1,0.0000,15.7150,15.6694,1
1925,1403715982.834058046,3.4094,3.4107,0.1841,2,4,0,0,0,2,0.0000,0.2819,0.2423,1
1926,1403715982.884058237,3.6625,3.6355,0.2749,2,4,0,0,0,2,0.0000,0.3952,0.3510,1
1927,1403715982.934058189,18.9065,18.8667,13.0391,2,13,0,0,1,1,0.0000,15.4570,15.4155,1
1928,1403715982.984058142,3.7277,3.7078,0.1841,2,4,0,0,0,2,0.0000,0.2895,0.2466,1
1929,1403715983.034058094,3.9884,3.9883,0.2780,2,4,0,0,0,2,0.0000,0.3934,0.3533,1
1930,1403715983.084058285,3.8037,3.8075,0.3541,2,4,0,0,0,2,0.0000,0.4935,0.4490,1
1931,1403715983.134057999,19.6589,19.6211,13.3030,2,13,0,0,1,1,0.0000,16.0378,15.9957,1
1932,1403715983.184058189,3.9469,3.9385,0.1931,2,4,0,0,0,2,0.0000,0.3015,0.2580,1
1933,1403715983.234058142,4.0153,3.9860,0.2880,2,4,0,0,0,2,0.0000,0.4208,0.3736,1
1934,1403715983.284058094,4.7527,4.7032,0.3741,2,4,0,0,0,2,0.0000,0.5225,0.4766,1
1935,1403715983.334058046,37.4880,37.3386,30.7789,2,13,0,0,1,1,0.0000,33.4282,33.3821,1
1936,1403715983.384058237,4.0608,4.0622,0.2232,2,4,0,0,0,2,0.0000,0.3570,0.3012,1
1937,1403715983.434058189,4.2969,4.2207,0.3011,2,4,0,0,0,2,0.0000,0.4449,0.3964,1
1938,1403715983.484058142,4.2662,4.2044,0.3860,2,4,0,0,0,2,0.0000,0.5430,0.4981,1
1939,1403715983.534058094,14.1218,14.1254,7.7248,2,13,0,0,1,1,0.0000,10.3841,10.3405,1
1940,1403715983.584058285,4.1753,4.1753,0.1867,2,4,0,0,0,2,0.0000,0.3057,0.2554,1
1941,1403715983.634057999,4.3723,4.3301,0.2620,2,4,0,0,0,2,0.0000,0.3885,0.3399,1
1942,1403715983.684058189,4.2890,4.1933,0.3381,2,4,0,0,0,2,0.0000,0.4738,0.4300,1
1943,1403715983.734058142,20.3189,20.3150,13.6242,2,13,0,0,1,1,0.0000,16.2682,16.2236,1
1944,1403715983.784058094,4.0130,4.0113,0.1869,2,4,0,0,0,2,0.0000,0.3011,0.2543,1
1945,1403715983.834058046,4.4151,4.3182,0.2511,2,4,0,0,0,2,0.0000,0.3692,0.3276,1
1946,1403715983.884058237,4.1465,4.1287,0.3378,2,4,0,0,0,2,0.0000,0.4714,0.4290,1
1947,1403715983.934058189,14.5321,14.5268,8.1060,2,13,0,0,1,1,0.0000,10.8128,10.7729,1
1948,1403715983.984058142,3.9923,3.9894,0.1557,2,4,0,0,0,2,0.0000,0.2586,0.2132,1
1949,1403715984.034058094,19.8624,19.8180,13.6631,2,13,0,0,1,1,0.0000,16.2586,16.2216,1
1950,1403715984.084058285,37.1474,37.1513,31.1398,2,13,0,0,1,1,0.0000,33.7189,33.6823,1
1951,1403715984.134057999,19.7340,19.7380,13.7057,2,13,0,0,1,1,0.0000,16.2638,16.2235,1
1952,1403715984.184058189,32.8382,32.8185,26.4747,2,13,0,0,1,1,0.0000,28.9834,28.9228,1
1953,1403715984.234058142,15.7875,15.7834,10.0391,2,13,0,0,1,1,0.0000,12.4185,12.3851,1
1954,1403715984.284058094,15.9125,15.9067,10.1359,2,13,0,0,1,1,0.0000,12.7394,12.7048,1
1955,1403715984.334058046,13.3722,13.3632,7.4251,2,13,0,0,1,1,0.0000,10.0079,9.9703,1
1956,1403715984.384058237,35.0256,35.0290,29.2518,2,13,0,0,1,1,0.0000,31.8103,31.7808,1
1957,1403715984.434058189,21.4141,21.4132,15.4269,2,13,0,0,1,1,0.0000,18.1087,18.0750,1
1958,1403715984.484058142,35.2288,35.2122,29.3992,2,13,0,0,1,1,0.0000,31.9258,31.9006,1
1959,1403715984.534058094,37.5803,37.5135,30.8928,2,13,0,0,1,1,0.0000,33.4607,33.4301,1
1960,1403715984.584058285,14.3852,14.3517,7.7319,2,13,0,0,1,1,0.0000,10.3160,10.2732,1
1961,1403715984.634057999,14.2573,14.2608,7.4310,2,13,0,0,1,1,0.0000,9.8613,9.8319,1
1962,1403715984.684058189,14.3644,14.3602,7.3631,2,13,0,0,1,1,0.0000,9.8351,9.8053,1
1963,1403715984.734058142,36.8330,36.8365,29.9449,2,13,0,0,1,1,0.0000,32.4668,32.4343,1
1964,1403715984.784058094,19.9505,19.9390,12.8250,2,13,0,0,1,1,0.0000,15.4475,15.4177,1
1965,1403715984.834058046,13.2718,13.2720,7.3280,2,13,0,0,1,1,0.0000,9.7378,9.7123,1
1966,1403715984.884058237,34.8970,34.8472,28.7030,2,12,0,0,0,2,0.0000,31.1340,31.1043,1
1967,1403715984.934058189,23.9840,23.9395,18.0099,2,13,0,0,1,1,0.0000,20.4248,20.3951,1
1968,1403715984.984058142,18.9069,18.8757,13.0107,2,13,0,0,1,1,0.0000,15.4411,15.4182,1
1969,1403715985.034058094,28.7854,28.7824,23.1090,2,10,0,0,0,2,0.0000,25.3862,25.3505,1
1970,1403715985.084058285,28.6833,28.6798,23.2921,2,10,0,0,0,2,0.0000,25.5489,25.5139,1
1971,1403715985.134057999,35.1110,35.0999,29.5331,2,13,0,0,1,1,0.0000,31.7392,31.7162,1
1972,1403715985.184058189,36.0792,36.0529,30.1650,2,13,0,0,1,1,0.0000,32.7366,32.6975,1
1973,1403715985.234058142,3.1561,3.1594,0.1688,2,3,0,0,0,2,0.0000,0.2616,0.2285,1
1974,1403715985.284058094,35.2738,35.2776,30.0660,2,12,0,0,1,1,0.0000,32.4978,32.4693,1
1975,1403715985.334058046,2.9381,2.9416,0.1659,2,4,0,0,0,2,0.0000,0.2509,0.2165,1
1976,1403715985.384058237,3.2764,3.2567,0.2580,2,4,0,0,0,2,0.0000,0.3586,0.3271,1
1977,1403715985.434058189,3.1568,3.1606,0.3378,2,4,0,0,0,2,0.0000,0.4549,0.4247,1
1978,1403715985.484058142,18.4751,18.4695,12.9039,2,13,0,0,1,1,0.0000,15.4284,15.3918,1
1979,1403715985.534058094,3.1569,3.1607,0.2120,2,4,0,0,0,2,0.0000,0.3163,0.2803,1
1980,1403715985.584058285,12.9685,12.9488,7.5009,2,13,0,0,1,1,0.0000,9.9799,9.9576,1
1981,1403715985.634057999,13.2557,13.2415,7.5450,2,13,0,0,1,1,0.0000,10.0867,10.0467,1
1982,1403715985.684058189,3.7022,3.6539,0.1681,2,3,0,0,0,2,0.0000,0.2776,0.2311,1
1983,1403715985.734058142,3.3567,3.3371,0.2687,2,4,0,0,0,2,0.0000,0.3763,0.3451,1
1984,1403715985.784058094,3.4542,3.4497,0.3488,2,4,0,0,0,2,0.0000,0.4737,0.4423,1
1985,1403715985.834058046,13.4100,13.3992,7.5741,2,13,0,0,1,1,0.0000,10.1903,10.1513,1
1986,1403715985.884058237,3.4709,3.4441,0.2179,2,4,0,0,0,2,0.0000,0.3417,0.2936,1
1987,1403715985.934058189,3.7051,3.7034,0.3178,2,4,0,0,0,2,0.0000,0.4711,0.4210,1
1988,1403715985.984058142,3.5628,3.5663,0.4020,2,4,0,0,0,2,0.0000,0.5591,0.5147,1
1989,1403715986.034058094,13.5272,13.5096,7.7841,2,13,0,0,1,1,0.0000,10.4706,10.4277,1
1990,1403715986.084058285,3.4704,3.4675,0.2351,2,4,0,0,0,2,0.0000,0.3612,0.3140,1
1991,1403715986.134057999,3.4394,3.4400,0.3688,2,4,0,0,0,2,0.0000,0.5250,0.4802,1
1992,1403715986.184058189,3.8667,3.8094,0.4654,2,4,0,0,0,2,0.0000,0.6451,0.6021,1
1993,1403715986.234058142,13.6128,13.6130,7.8809,2,13,0,0,1,1,0.0000,10.5747,10.5292,1
1994,1403715986.284058094,3.3456,3.3492,0.2151,2,4,0,0,0,2,0.0000,0.3388,0.2909,1
1995,1403715986.334058046,3.4743,3.4778,0.3369,2,4,0,0,0,2,0.0000,0.4887,0.4398,1
1996,1403715986.384058237,3.5737,3.5750,0.4280,2,4,0,0,0,2,0.0000,0.5992,0.5544,1
1997,1403715986.434058189,13.4650,13.4686,7.8714,2,13,0,0,1,1,0.0000,10.5511,10.5048,1
1998,1403715986.484058142,3.3988,3.4003,0.2170,2,4,0,0,0,2,0.0000,0.3390,0.2933,1
1999,1403715986.534058094,3.5239,3.5275,0.3130,2,4,0,0,0,2,0.0000,0.4548,0.4118,1
2000,1403715986.584058285,3.6035,3.6082,0.4232,2,4,0,0,0,2,0.0000,0.5850,0.5438,1
2001,1403715986.634057999,13.8147,13.8112,7.9451,2,13,0,0,1,1,0.0000,10.6620,10.6188,1
2002,1403715986.684058189,3.4915,3.4657,0.1760,2,4,0,0,0,2,0.0000,0.2748,0.2329,1
2003,1403715986.734058142,3.3750,3.3750,0.2580,2,4,0,0,0,2,0.0000,0.3750,0.3355,1
2004,1403715986.784058094,3.5553,3.5480,0.3331,2,4,0,0,0,2,0.0000,0.4657,0.4288,1
2005,1403715986.834058046,13.5392,13.5394,7.9160,2,13,0,0,1,1,0.0000,10.6915,10.6502,1
2006,1403715986.884058237,3.1662,3.1632,0.1657,2,4,0,0,0,2,0.0000,0.2628,0.2223,1
2007,1403715986.934058189,3.4141,3.4084,0.2439,2,4,0,0,0,2,0.0000,0.3589,0.3215,1
2008,1403715986.984058142,3.3759,3.3794,0.3672,2,4,0,0,0,2,0.0000,0.5102,0.4705,1
2009,1403715987.034058094,13.9665,13.9537,8.0330,2,13,0,0,1,1,0.0000,10.8264,10.7783,1
2010,1403715987.084058285,3.2398,3.2165,0.1829,2,4,0,0,0,2,0.0000,0.2875,0.2476,1
2011,1403715987.134057999,3.6787,3.5461,0.2670,2,4,0,0,0,2,0.0000,0.3853,0.3470,1
2012,1403715987.184058189,3.3555,3.3593,0.3560,2,4,0,0,0,2,0.0000,0.5017,0.4619,1
2013,1403715987.234058142,13.5058,13.5092,7.9088,2,13,0,0,1,1,0.0000,10.6063,10.5741,1
2014,1403715987.284058094,3.0568,3.0604,0.1621,2,4,0,0,0,2,0.0000,0.2592,0.2173,1
2015,1403715987.334058046,3.3220,3.2280,0.2391,2,4,0,0,0,2,0.0000,0.3523,0.3118,1
2016,1403715987.384058237,3.4448,3.4484,0.3490,2,4,0,0,0,2,0.0000,0.4913,0.4522,1
2017,1403715987.434058189,14.1305,14.1188,8.1222,2,13,0,0,1,1,0.0000,10.9488,10.9090,1
2018,1403715987.484058142,3.2625,3.2662,0.2141,2,4,0,0,0,2,0.0000,0.3305,0.2882,1
2019,1403715987.534058094,3.4823,3.4730,0.2918,2,4,0,0,0,2,0.0000,0.4283,0.3898,1
2020,1403715987.584058285,3.5392,3.5269,0.3691,2,4,0,0,0,2,0.0000,0.5237,0.4850,1
2021,1403715987.634057999,14.0816,14.0740,8.1499,2,13,0,0,1,1,0.0000,11.0379,10.9971,1
2022,1403715987.684058189,3.5381,3.5262,0.1850,2,4,0,0,0,2,0.0000,0.2960,0.2534,1
2023,1403715987.734058142,3.2070,3.2104,0.2639,2,4,0,0,0,2,0.0000,0.3876,0.3493,1
2024,1403715987.784058094,3.2795,3.2830,0.3452,2,4,0,0,0,2,0.0000,0.4912,0.4546,1
2025,1403715987.834058046,13.8270,13.8308,8.1189,2,13,0,0,1,1,0.0000,11.0268,10.9913,1
2026,1403715987.884058237,3.1975,3.2008,0.1829,2,4,0,0,0,2,0.0000,0.2867,0.2469,1
2027,1403715987.934058189,3.2873,3.2908,0.2828,2,4,0,0,0,2,0.0000,0.4082,0.3702,1
2028,1403715987.984058142,3.2641,3.2676,0.3591,2,4,0,0,0,2,0.0000,0.5009,0.4648,1
2029,1403715988.034058094,14.1384,14.1418,8.3749,2,13,0,0,1,1,0.0000,11.3777,11.3385,1
2030,1403715988.084058285,3.1982,3.2020,0.1941,2,4,0,0,0,2,0.0000,0.3056,0.2598,1
2031,1403715988.134057999,14.6167,14.6204,8.3950,2,13,0,0,1,1,0.0000,11.3313,11.3022,1
2032,1403715988.184058189,15.3402,15.3438,8.8720,2,13,0,0,1,1,0.0000,11.9959,11.9236,1
2033,1403715988.234058142,3.8392,3.8353,0.3231,2,4,0,0,0,2,0.0000,0.4982,0.4410,1
2034,1403715988.284058094,4.1723,4.1625,0.4458,2,4,0,0,0,2,0.0000,0.6348,0.5851,1
2035,1403715988.334058046,3.9165,3.9200,0.5898,2,4,0,0,0,2,0.0000,0.8263,0.7722,1
2036,1403715988.384058237,15.2884,15.2747,8.9757,2,13,0,0,1,1,0.0000,12.0942,12.0357,1
2037,1403715988.434058189,3.6157,3.6194,0.2789,2,4,0,0,0,2,0.0000,0.4227,0.3756,1
2038,1403715988.484058142,3.7322,3.7258,0.4098,2,4,0,0,0,2,0.0000,0.6016,0.5441,1
2039,1403715988.534058094,4.0966,4.0981,0.7381,2,13,0,0,1,1,0.0000,0.9705,0.9100,1
2040,1403715988.584058285,15.5316,15.5207,9.0692,2,13,0,0,1,1,0.0000,12.1361,12.0862,1
2041,1403715988.634057999,3.4136,3.4087,0.2420,2,4,0,0,0,2,0.0000,0.3814,0.3262,1
2042,1403715988.684058189,3.6895,3.6913,0.4089,2,4,0,0,0,2,0.0000,0.6091,0.5340,1
2043,1403715988.734058142,3.7543,3.7578,0.5960,2,13,0,0,1,1,0.0000,0.7862,0.7353,1
2044,1403715988.784058094,15.1140,15.1175,9.1300,2,13,0,0,1,1,0.0000,12.1715,12.1207,1
2045,1403715988.834058046,3.5402,3.5198,0.2792,2,4,0,0,0,2,0.0000,0.4351,0.3799,1
2046,1403715988.884058237,3.6877,3.6299,0.3030,2,4,0,0,0,2,0.0000,0.4275,0.3951,1
2047,1403715988.934058189,3.6029,3.6062,0.3860,2,4,0,0,0,2,0.0000,0.5617,0.4989,1
2048,1403715988.984058142,15.1555,15.1395,9.0168,2,13,0,0,1,1,0.0000,12.0545,12.0093,1
2049,1403715989.034058094,4.0256,3.9600,0.2668,2,5,0,0,0,2,0.0000,0.3929,0.3450,1
2050,1403715989.084058285,3.7411,3.7445,0.3450,2,5,0,0,0,2,0.0000,0.4894,0.4417,1
2051,1403715989.134057999,4.0241,4.0157,0.3991,2,4,0,0,0,2,0.0000,0.5664,0.5155,1
2052,1403715989.184058189,15.3595,15.3599,8.9648,2,13,0,0,1,1,0.0000,11.9600,11.9098,1
2053,1403715989.234058142,3.8272,3.8310,0.2239,2,4,0,0,0,2,0.0000,0.3600,0.3065,1
2054,1403715989.284058094,4.2016,4.1627,0.3321,2,4,0,0,0,2,0.0000,0.4940,0.4404,1
2055,1403715989.334058046,4.4025,4.3917,0.5252,2,13,0,0,1,1,0.0000,0.7107,0.6523,1
2056,1403715989.384058237,15.3871,15.3908,8.7988,2,13,0,0,1,1,0.0000,11.8563,11.7960,1
2057,1403715989.434058189,3.9830,3.9722,0.2382,2,4,0,0,0,2,0.0000,0.3838,0.3265,1
2058,1403715989.484058142,4.0828,4.0839,0.3440,2,4,0,0,0,2,0.0000,0.5154,0.4576,1
2059,1403715989.534058094,4.2409,4.2445,0.5531,2,13,0,0,1,1,0.0000,0.7436,0.6907,1
2060,1403715989.584058285,21.4085,21.4090,14.9941,2,13,0,0,1,1,0.0000,17.8987,17.8450,1
2061,1403715989.634057999,3.7881,3.7930,0.2222,2,4,0,0,0,2,0.0000,0.3589,0.3037,1
2062,1403715989.684058189,3.8454,3.8490,0.3300,2,4,0,0,0,2,0.0000,0.4870,0.4356,1
2063,1403715989.734058142,4.2395,4.2138,0.4539,2,4,0,0,0,2,0.0000,0.6464,0.5919,1
2064,1403715989.784058094,14.8571,14.8557,8.6400,2,13,0,0,1,1,0.0000,11.5331,11.4837,1
2065,1403715989.834058046,3.5921,3.5826,0.2007,2,4,0,0,0,2,0.0000,0.3311,0.2772,1
2066,1403715989.884058237,3.6857,3.6631,0.3088,2,4,0,0,0,2,0.0000,0.4546,0.4054,1
2067,1403715989.934058189,3.8636,3.8596,0.4010,2,4,0,0,0,2,0.0000,0.5673,0.5198,1
2068,1403715989.984058142,15.3530,15.3274,8.9900,2,13,0,0,1,1,0.0000,12.0111,11.9598,1
2069,1403715990.034058094,3.7234,3.7247,0.2329,2,4,0,0,0,2,0.0000,0.3703,0.3167,1
2070,1403715990.084058285,4.0330,4.0099,0.3507,2,4,0,0,0,2,0.0000,0.5193,0.4676,1
2071,1403715990.134057999,4.3185,4.2768,0.5598,2,13,0,0,1,1,0.0000,0.7473,0.6952,1
2072,1403715990.184058189,15.3070,15.2967,8.6222,2,13,0,0,1,1,0.0000,11.7231,11.6556,1
2073,1403715990.234058142,3.9264,3.9300,0.2372,2,4,0,0,0,2,0.0000,0.3763,0.3209,1
2074,1403715990.284058094,3.9398,3.9434,0.3242,2,4,0,0,0,2,0.0000,0.4825,0.4316,1
2075,1403715990.334058046,4.7515,4.6853,0.5641,2,13,0,0,1,1,0.0000,0.7558,0.6987,1
2076,1403715990.384058237,21.0421,21.0454,14.4808,2,13,0,0,1,1,0.0000,17.5195,17.4642,1
2077,1403715990.434058189,3.8683,3.8703,0.2429,2,4,0,0,0,2,0.0000,0.3830,0.3248,1
2078,1403715990.484058142,4.0616,4.0652,0.3240,2,4,0,0,0,2,0.0000,0.4843,0.4299,1
2079,1403715990.534058094,4.4011,4.3695,0.5460,2,13,0,0,1,1,0.0000,0.7412,0.6819,1
2080,1403715990.584058285,33.1853,33.0950,26.3190,2,13,0,0,1,1,0.0000,29.3740,29.3179,1
2081,1403715990.634057999,4.1524,4.0781,0.2110,2,4,0,0,0,2,0.0000,0.3485,0.2887,1
2082,1403715990.684058189,4.3161,4.3018,0.2787,2,4,0,0,0,2,0.0000,0.4233,0.3689,1
2083,1403715990.734058142,4.3634,4.3521,0.4539,2,13,0,0,1,1,0.0000,0.6170,0.5635,1
2084,1403715990.784058094,14.6795,14.6809,8.0619,2,13,0,0,1,1,0.0000,11.1170,11.0569,1
2085,1403715990.834058046,4.1112,4.1102,0.1600,2,4,0,0,0,2,0.0000,0.2706,0.2175,1
2086,1403715990.884058237,4.0448,4.0467,0.2291,2,4,0,0,0,2,0.0000,0.3449,0.2996,1
2087,1403715990.934058189,15.8109,15.7534,8.3630,2,13,0,0,1,1,0.0000,11.4926,11.4487,1
2088,1403715990.984058142,16.2700,16.2735,8.6730,2,13,0,0,1,1,0.0000,11.7292,11.6850,1
2089,1403715991.034058094,4.9103,4.9105,0.1531,2,4,0,0,0,2,0.0000,0.2478,0.2084,1
2090,1403715991.084058285,16.5290,16.5239,8.7302,2,13,0,0,1,1,0.0000,11.8528,11.8139,1
2091,1403715991.134057999,16.7515,16.7407,8.9972,2,13,0,0,1,1,0.0000,12.1010,12.0618,1
2092,1403715991.184058189,4.9643,4.9680,0.1609,2,3,0,0,0,2,0.0000,0.2841,0.2223,1
2093,1403715991.234058142,4.8755,4.8811,0.2859,2,4,0,0,0,2,0.0000,0.4439,0.3680,1
2094,1403715991.284058094,5.0729,5.0531,0.4220,2,13,0,0,1,1,0.0000,0.5777,0.5198,1
2095,1403715991.334058046,41.8855,41.8736,34.1589,2,13,0,0,1,1,0.0000,37.4178,37.3553,1
2096,1403715991.384058237,4.8867,4.8907,0.2429,2,3,0,0,0,2,0.0000,0.4103,0.3451,1
2097,1403715991.434058189,4.9715,4.9751,0.4239,2,4,0,0,0,2,0.0000,0.6390,0.5645,1
2098,1403715991.484058142,5.3518,5.3556,0.7062,2,5,0,0,0,2,0.0000,0.9470,0.8810,1
2099,1403715991.534058094,16.7817,16.7356,9.1491,2,13,0,0,1,1,0.0000,12.2423,12.1670,1
2100,1403715991.584058285,4.8594,4.8480,0.1829,2,4,0,0,0,2,0.0000,0.3102,0.2448,1
2101,1403715991.634057999,4.7469,4.7502,0.2799,2,4,0,0,0,2,0.0000,0.4403,0.3641,1
2102,1403715991.684058189,4.8458,4.8516,0.4218,2,13,0,0,1,1,0.0000,0.5941,0.5274,1
2103,1403715991.734058142,15.6628,15.6667,8.3640,2,13,0,0,1,1,0.0000,11.3485,11.2808,1
2104,1403715991.784058094,14.9129,14.9167,7.6721,2,13,0,0,1,1,0.0000,10.5406,10.4712,1
2105,1403715991.834058046,14.8458,14.8302,7.6931,2,13,0,0,1,1,0.0000,10.4696,10.3981,1
2106,1403715991.884058237,14.8518,14.8400,7.5240,2,13,0,0,1,1,0.0000,10.3004,10.2209,1
2107,1403715991.934058189,4.9170,4.8954,0.1800,2,4,0,0,0,2,0.0000,0.3207,0.2381,1
2108,1403715991.984058142,5.2149,5.1422,0.2713,2,4,0,0,0,2,0.0000,0.4284,0.3462,1
2109,1403715992.034058094,4.9642,4.9640,0.3781,2,4,0,0,0,2,0.0000,0.5632,0.4794,1
2110,1403715992.084058285,14.5751,14.5758,7.3817,2,13,0,0,1,1,0.0000,10.1012,10.0214,1
2111,1403715992.134057999,4.5830,4.5783,0.1621,2,4,0,0,0,2,0.0000,0.2932,0.2153,1
2112,1403715992.184058189,4.6692,4.6686,0.2730,2,4,0,0,0,2,0.0000,0.4143,0.3489,1
2113,1403715992.234058142,14.7859,14.7735,7.5178,2,13,0,0,1,1,0.0000,10.2682,10.1994,1
2114,1403715992.284058094,5.0621,5.0038,0.3030,2,13,0,0,1,1,0.0000,0.4451,0.3735,1
2115,1403715992.334058046,17.9780,17.9725,7.9620,2,13,0,0,1,1,0.0000,13.5635,13.4946,1
2116,1403715992.384058237,4.5608,4.5647,0.1659,2,3,0,0,0,2,0.0000,0.2976,0.2305,1
2117,1403715992.434058189,4.6195,4.6230,0.2382,2,4,0,0,0,2,0.0000,0.3727,0.3079,1
2118,1403715992.484058142,4.7575,4.7607,0.3712,2,13,0,0,1,1,0.0000,0.5267,0.4516,1
2119,1403715992.534058094,4.8446,4.8515,0.4511,2,13,0,0,1,1,0.0000,0.6329,0.5506,1
2120,1403715992.584058285,5.1074,5.0877,0.5479,2,13,0,0,1,1,0.0000,0.7138,0.6491,1
2121,1403715992.634057999,5.0388,5.0420,0.6177,2,13,0,0,1,1,0.0000,0.8035,0.7288,1
2122,1403715992.684058189,5.1812,5.1848,0.7181,2,13,0,0,1,1,0.0000,0.9132,0.8429,1
2123,1403715992.734058142,5.2033,5.2067,0.7710,2,13,0,0,1,1,0.0000,0.9769,0.9014,1
2124,1403715992.784058094,4.9002,4.9038,0.3662,2,13,0,0,1,1,0.0000,0.6866,0.6235,1
2125,1403715992.834058046,24.2676,24.2653,14.1201,2,13,0,0,1,1,0.0000,19.9558,19.8928,1
2126,1403715992.884058237,4.7494,4.7440,0.1771,2,3,0,0,0,2,0.0000,0.3090,0.2428,1
2127,1403715992.934058189,4.6812,4.6808,0.2680,2,4,0,0,0,2,0.0000,0.4075,0.3409,1
2128,1403715992.984058142,4.7891,4.7902,0.3788,2,13,0,0,1,1,0.0000,0.5257,0.4597,1
2129,1403715993.034058094,25.5035,25.5072,14.5957,2,13,0,0,1,1,0.0000,21.2310,21.1709,1
2130,1403715993.084058285,5.3702,5.3118,0.4652,2,4,0,0,0,2,0.0000,0.7072,0.6375,1
2131,1403715993.134057999,40.0482,40.0085,27.8108,2,14,0,0,1,1,0.0000,35.4605,35.3765,1
2132,1403715993.184058189,5.7867,5.7618,0.6340,2,5,0,0,0,2,0.0000,0.9033,0.8265,1
2133,1403715993.234058142,6.0514,6.0553,1.2879,2,7,0,0,0,2,0.0000,1.6597,1.5813,1
2134,1403715993.284058094,8.1395,8.1369,3.1831,2,12,0,0,0,2,0.0000,3.6410,3.5553,1
2135,1403715993.334058046,35.6277,35.6316,27.2350,2,14,0,0,1,1,0.0000,31.2355,31.1575,1
2136,1403715993.384058237,6.0264,5.9703,1.1590,2,9,0,0,0,2,0.0000,1.4570,1.3764,1
2137,1403715993.434058189,6.4245,6.4031,1.5280,2,10,0,0,0,2,0.0000,1.8399,1.7605,1
2138,1403715993.484058142,6.7035,6.7072,1.9770,2,14,0,0,1,1,0.0000,2.2961,2.2178,1
2139,1403715993.534058094,7.3422,7.2956,2.1791,2,14,0,0,1,1,0.0000,2.5146,2.4319,1
2140,1403715993.584058285,7.0775,7.0812,2.3122,2,14,0,0,1,1,0.0000,2.6628,2.5789,1
2141,1403715993.634057999,6.1968,6.2004,1.3549,2,14,0,0,1,1,0.0000,1.7098,1.6278,1
2142,1403715993.684058189,6.3530,6.3497,1.4441,2,14,0,0,1,1,0.0000,1.8173,1.7278,1
2143,1403715993.734058142,41.6405,41.6419,30.2680,2,14,0,0,1,1,0.0000,37.3221,37.2468,1
2144,1403715993.784058094,5.3349,5.3168,0.4861,2,5,0,0,0,2,0.0000,0.7157,0.6391,1
2145,1403715993.834058046,5.6196,5.6110,0.8941,2,6,0,0,0,2,0.0000,1.1882,1.1140,1
2146,1403715993.884058237,6.4066,6.3950,1.6110,2,14,0,0,1,1,0.0000,1.9638,1.8936,1
2147,1403715993.934058189,21.5876,21.5912,13.6018,2,14,0,0,1,1,0.0000,17.3135,17.2406,1
2148,1403715993.984058142,5.2483,5.2440,0.5779,2,5,0,0,0,2,0.0000,0.8333,0.7593,1
