I20260617 13:42:00.060646 0x16f613000 misc.cc:44] 
==============================================================================
Feature extraction
==============================================================================
I20260617 13:42:00.061104 0x16fdbb000 sift.cc:715] Creating Covariant SIFT CPU feature extractor
I20260617 13:42:00.061106 0x16fd2f000 sift.cc:715] Creating Covariant SIFT CPU feature extractor
I20260617 13:42:00.061131 0x16ff5f000 sift.cc:715] Creating Covariant SIFT CPU feature extractor
I20260617 13:42:00.061142 0x16fed3000 sift.cc:715] Creating Covariant SIFT CPU feature extractor
I20260617 13:42:00.061135 0x16fe47000 sift.cc:715] Creating Covariant SIFT CPU feature extractor
I20260617 13:42:00.061170 0x17018f000 sift.cc:715] Creating Covariant SIFT CPU feature extractor
I20260617 13:42:00.061159 0x170103000 sift.cc:715] Creating Covariant SIFT CPU feature extractor
I20260617 13:42:00.061165 0x16ffeb000 sift.cc:715] Creating Covariant SIFT CPU feature extractor
I20260617 13:42:00.061145 0x170077000 sift.cc:715] Creating Covariant SIFT CPU feature extractor
I20260617 13:42:00.061188 0x170333000 sift.cc:715] Creating Covariant SIFT CPU feature extractor
I20260617 13:42:00.061195 0x1702a7000 sift.cc:715] Creating Covariant SIFT CPU feature extractor
I20260617 13:42:00.061175 0x17021b000 sift.cc:715] Creating Covariant SIFT CPU feature extractor
I20260617 13:42:01.692666 0x1703bf000 feature_extraction.cc:262] Processed file [1/436]
I20260617 13:42:01.692731 0x1703bf000 feature_extraction.cc:265]   Name:            cell_101_slot_10.json
E20260617 13:42:01.692743 0x1703bf000 feature_extraction.cc:269] cell_101_slot_10.json BITMAP_ERROR: Failed to read the image file format.
I20260617 13:42:02.457768 0x1703bf000 feature_extraction.cc:262] Processed file [2/436]
I20260617 13:42:02.457859 0x1703bf000 feature_extraction.cc:265]   Name:            cell_101_slot_7.json
E20260617 13:42:02.457874 0x1703bf000 feature_extraction.cc:269] cell_101_slot_7.json BITMAP_ERROR: Failed to read the image file format.
I20260617 13:42:11.967485 0x1703bf000 feature_extraction.cc:262] Processed file [3/436]
I20260617 13:42:11.967592 0x1703bf000 feature_extraction.cc:265]   Name:            cell_100_slot_2.jpg
I20260617 13:42:11.967625 0x1703bf000 feature_extraction.cc:274]   Dimensions:      4224 x 2376
I20260617 13:42:11.967635 0x1703bf000 feature_extraction.cc:277]   Camera:          #4 - SIMPLE_RADIAL
I20260617 13:42:11.967672 0x1703bf000 feature_extraction.cc:280]   Focal Length:    5068.80px
I20260617 13:42:11.967742 0x1703bf000 feature_extraction.cc:284]   Features:        8623 (SIFT)
I20260617 13:42:11.971056 0x1703bf000 feature_extraction.cc:262] Processed file [4/436]
I20260617 13:42:11.971238 0x1703bf000 feature_extraction.cc:265]   Name:            cell_101_slot_9.json
E20260617 13:42:11.971268 0x1703bf000 feature_extraction.cc:269] cell_101_slot_9.json BITMAP_ERROR: Failed to read the image file format.
I20260617 13:42:12.012209 0x1703bf000 feature_extraction.cc:262] Processed file [5/436]
I20260617 13:42:12.012279 0x1703bf000 feature_extraction.cc:265]   Name:            cell_100_slot_1.jpg
I20260617 13:42:12.012292 0x1703bf000 feature_extraction.cc:274]   Dimensions:      4224 x 2376
I20260617 13:42:12.012302 0x1703bf000 feature_extraction.cc:277]   Camera:          #1 - SIMPLE_RADIAL
I20260617 13:42:12.012311 0x1703bf000 feature_extraction.cc:280]   Focal Length:    5068.80px
I20260617 13:42:12.012323 0x1703bf000 feature_extraction.cc:284]   Features:        8613 (SIFT)
I20260617 13:42:12.892703 0x1703bf000 feature_extraction.cc:262] Processed file [6/436]
I20260617 13:42:12.892750 0x1703bf000 feature_extraction.cc:265]   Name:            cell_100_slot_10.jpg
I20260617 13:42:12.892769 0x1703bf000 feature_extraction.cc:274]   Dimensions:      4224 x 2376
I20260617 13:42:12.892774 0x1703bf000 feature_extraction.cc:277]   Camera:          #2 - SIMPLE_RADIAL
I20260617 13:42:12.892778 0x1703bf000 feature_extraction.cc:280]   Focal Length:    5068.80px
I20260617 13:42:12.892785 0x1703bf000 feature_extraction.cc:284]   Features:        10450 (SIFT)
I20260617 13:42:13.595389 0x1703bf000 feature_extraction.cc:262] Processed file [7/436]
I20260617 13:42:13.595429 0x1703bf000 feature_extraction.cc:265]   Name:            cell_100_slot_5.jpg
I20260617 13:42:13.595434 0x1703bf000 feature_extraction.cc:274]   Dimensions:      4224 x 2376
I20260617 13:42:13.595438 0x1703bf000 feature_extraction.cc:277]   Camera:          #7 - SIMPLE_RADIAL
I20260617 13:42:13.595441 0x1703bf000 feature_extraction.cc:280]   Focal Length:    5068.80px
I20260617 13:42:13.595447 0x1703bf000 feature_extraction.cc:284]   Features:        8560 (SIFT)
I20260617 13:42:13.908428 0x1703bf000 feature_extraction.cc:262] Processed file [8/436]
I20260617 13:42:13.908494 0x1703bf000 feature_extraction.cc:265]   Name:            cell_100_slot_6.jpg
I20260617 13:42:13.908506 0x1703bf000 feature_extraction.cc:274]   Dimensions:      4224 x 2376
I20260617 13:42:13.908515 0x1703bf000 feature_extraction.cc:277]   Camera:          #8 - SIMPLE_RADIAL
I20260617 13:42:13.908524 0x1703bf000 feature_extraction.cc:280]   Focal Length:    5068.80px
I20260617 13:42:13.908536 0x1703bf000 feature_extraction.cc:284]   Features:        8265 (SIFT)
I20260617 13:42:13.957576 0x1703bf000 feature_extraction.cc:262] Processed file [9/436]
I20260617 13:42:13.957637 0x1703bf000 feature_extraction.cc:265]   Name:            cell_100_slot_7.jpg
I20260617 13:42:13.957648 0x1703bf000 feature_extraction.cc:274]   Dimensions:      4224 x 2376
I20260617 13:42:13.957656 0x1703bf000 feature_extraction.cc:277]   Camera:          #9 - SIMPLE_RADIAL
I20260617 13:42:13.957664 0x1703bf000 feature_extraction.cc:280]   Focal Length:    5068.80px
I20260617 13:42:13.957674 0x1703bf000 feature_extraction.cc:284]   Features:        8505 (SIFT)
I20260617 13:42:14.137842 0x1703bf000 feature_extraction.cc:262] Processed file [10/436]
I20260617 13:42:14.137911 0x1703bf000 feature_extraction.cc:265]   Name:            cell_100_slot_11.jpg
I20260617 13:42:14.137923 0x1703bf000 feature_extraction.cc:274]   Dimensions:      4224 x 2376
I20260617 13:42:14.137932 0x1703bf000 feature_extraction.cc:277]   Camera:          #3 - SIMPLE_RADIAL
I20260617 13:42:14.137941 0x1703bf000 feature_extraction.cc:280]   Focal Length:    5068.80px
I20260617 13:42:14.137952 0x1703bf000 feature_extraction.cc:284]   Features:        9312 (SIFT)
I20260617 13:42:14.475362 0x1703bf000 feature_extraction.cc:262] Processed file [11/436]
I20260617 13:42:14.475419 0x1703bf000 feature_extraction.cc:265]   Name:            cell_100_slot_3.jpg
I20260617 13:42:14.475447 0x1703bf000 feature_extraction.cc:274]   Dimensions:      4224 x 2376
I20260617 13:42:14.475457 0x1703bf000 feature_extraction.cc:277]   Camera:          #5 - SIMPLE_RADIAL
I20260617 13:42:14.475556 0x1703bf000 feature_extraction.cc:280]   Focal Length:    5068.80px
I20260617 13:42:14.475574 0x1703bf000 feature_extraction.cc:284]   Features:        9567 (SIFT)
I20260617 13:42:14.915101 0x1703bf000 feature_extraction.cc:262] Processed file [12/436]
I20260617 13:42:14.915252 0x1703bf000 feature_extraction.cc:265]   Name:            cell_100_slot_8.jpg
I20260617 13:42:14.915262 0x1703bf000 feature_extraction.cc:274]   Dimensions:      4224 x 2376
I20260617 13:42:14.915271 0x1703bf000 feature_extraction.cc:277]   Camera:          #10 - SIMPLE_RADIAL
I20260617 13:42:14.915279 0x1703bf000 feature_extraction.cc:280]   Focal Length:    5068.80px
I20260617 13:42:14.915294 0x1703bf000 feature_extraction.cc:284]   Features:        9233 (SIFT)
I20260617 13:42:15.297244 0x1703bf000 feature_extraction.cc:262] Processed file [13/436]
I20260617 13:42:15.297302 0x1703bf000 feature_extraction.cc:265]   Name:            cell_100_slot_4.jpg
I20260617 13:42:15.297320 0x1703bf000 feature_extraction.cc:274]   Dimensions:      4224 x 2376
I20260617 13:42:15.297329 0x1703bf000 feature_extraction.cc:277]   Camera:          #6 - SIMPLE_RADIAL
I20260617 13:42:15.297338 0x1703bf000 feature_extraction.cc:280]   Focal Length:    5068.80px
I20260617 13:42:15.297348 0x1703bf000 feature_extraction.cc:284]   Features:        9596 (SIFT)
I20260617 13:42:15.879211 0x1703bf000 feature_extraction.cc:262] Processed file [14/436]
I20260617 13:42:15.879298 0x1703bf000 feature_extraction.cc:265]   Name:            cell_100_slot_9.jpg
I20260617 13:42:15.879308 0x1703bf000 feature_extraction.cc:274]   Dimensions:      4224 x 2376
I20260617 13:42:15.879317 0x1703bf000 feature_extraction.cc:277]   Camera:          #11 - SIMPLE_RADIAL
I20260617 13:42:15.879327 0x1703bf000 feature_extraction.cc:280]   Focal Length:    5068.80px
I20260617 13:42:15.879342 0x1703bf000 feature_extraction.cc:284]   Features:        10079 (SIFT)
I20260617 13:42:16.947519 0x1703bf000 feature_extraction.cc:262] Processed file [15/436]
I20260617 13:42:16.947585 0x1703bf000 feature_extraction.cc:265]   Name:            cell_101_slot_0.jpg
I20260617 13:42:16.947592 0x1703bf000 feature_extraction.cc:274]   Dimensions:      4224 x 2376
I20260617 13:42:16.947596 0x1703bf000 feature_extraction.cc:277]   Camera:          #12 - SIMPLE_RADIAL
I20260617 13:42:16.947600 0x1703bf000 feature_extraction.cc:280]   Focal Length:    5068.80px
I20260617 13:42:16.947610 0x1703bf000 feature_extraction.cc:284]   Features:        11741 (SIFT)
I20260617 13:42:22.272660 0x1703bf000 feature_extraction.cc:262] Processed file [16/436]
I20260617 13:42:22.272822 0x1703bf000 feature_extraction.cc:265]   Name:            cell_101_slot_10.jpg
I20260617 13:42:22.272829 0x1703bf000 feature_extraction.cc:274]   Dimensions:      3840 x 2160
I20260617 13:42:22.272833 0x1703bf000 feature_extraction.cc:277]   Camera:          #14 - SIMPLE_RADIAL
I20260617 13:42:22.272856 0x1703bf000 feature_extraction.cc:280]   Focal Length:    4608.00px
I20260617 13:42:22.272886 0x1703bf000 feature_extraction.cc:284]   Features:        8745 (SIFT)
I20260617 13:42:22.299783 0x1703bf000 feature_extraction.cc:262] Processed file [17/436]
I20260617 13:42:22.299816 0x1703bf000 feature_extraction.cc:265]   Name:            cell_102_slot_1.json
E20260617 13:42:22.299824 0x1703bf000 feature_extraction.cc:269] cell_102_slot_1.json BITMAP_ERROR: Failed to read the image file format.
I20260617 13:42:22.711669 0x1703bf000 feature_extraction.cc:262] Processed file [18/436]
I20260617 13:42:22.711735 0x1703bf000 feature_extraction.cc:265]   Name:            cell_101_slot_7.jpg
I20260617 13:42:22.711745 0x1703bf000 feature_extraction.cc:274]   Dimensions:      3840 x 2160
I20260617 13:42:22.711754 0x1703bf000 feature_extraction.cc:277]   Camera:          #21 - SIMPLE_RADIAL
I20260617 13:42:22.711762 0x1703bf000 feature_extraction.cc:280]   Focal Length:    4608.00px
I20260617 13:42:22.711772 0x1703bf000 feature_extraction.cc:284]   Features:        9415 (SIFT)
I20260617 13:42:24.019382 0x1703bf000 feature_extraction.cc:262] Processed file [19/436]
I20260617 13:42:24.019448 0x1703bf000 feature_extraction.cc:265]   Name:            cell_101_slot_9.jpg
I20260617 13:42:24.019458 0x1703bf000 feature_extraction.cc:274]   Dimensions:      3840 x 2160
I20260617 13:42:24.019466 0x1703bf000 feature_extraction.cc:277]   Camera:          #23 - SIMPLE_RADIAL
I20260617 13:42:24.019474 0x1703bf000 feature_extraction.cc:280]   Focal Length:    4608.00px
I20260617 13:42:24.019483 0x1703bf000 feature_extraction.cc:284]   Features:        9192 (SIFT)
I20260617 13:42:24.497388 0x1703bf000 feature_extraction.cc:262] Processed file [20/436]
I20260617 13:42:24.497453 0x1703bf000 feature_extraction.cc:265]   Name:            cell_101_slot_1.jpg
I20260617 13:42:24.497463 0x1703bf000 feature_extraction.cc:274]   Dimensions:      4224 x 2376
I20260617 13:42:24.497472 0x1703bf000 feature_extraction.cc:277]   Camera:          #13 - SIMPLE_RADIAL
I20260617 13:42:24.497480 0x1703bf000 feature_extraction.cc:280]   Focal Length:    5068.80px
I20260617 13:42:24.497489 0x1703bf000 feature_extraction.cc:284]   Features:        10883 (SIFT)
I20260617 13:42:24.931076 0x1703bf000 feature_extraction.cc:262] Processed file [21/436]
I20260617 13:42:24.931146 0x1703bf000 feature_extraction.cc:265]   Name:            cell_101_slot_2.jpg
I20260617 13:42:24.931156 0x1703bf000 feature_extraction.cc:274]   Dimensions:      4224 x 2376
I20260617 13:42:24.931182 0x1703bf000 feature_extraction.cc:277]   Camera:          #16 - SIMPLE_RADIAL
I20260617 13:42:24.931191 0x1703bf000 feature_extraction.cc:280]   Focal Length:    5068.80px
I20260617 13:42:24.931201 0x1703bf000 feature_extraction.cc:284]   Features:        10784 (SIFT)
I20260617 13:42:25.532384 0x1703bf000 feature_extraction.cc:262] Processed file [22/436]
I20260617 13:42:25.532450 0x1703bf000 feature_extraction.cc:265]   Name:            cell_101_slot_3.jpg
I20260617 13:42:25.532464 0x1703bf000 feature_extraction.cc:274]   Dimensions:      4224 x 2376
I20260617 13:42:25.532474 0x1703bf000 feature_extraction.cc:277]   Camera:          #17 - SIMPLE_RADIAL
I20260617 13:42:25.532484 0x1703bf000 feature_extraction.cc:280]   Focal Length:    5068.80px
I20260617 13:42:25.532496 0x1703bf000 feature_extraction.cc:284]   Features:        10132 (SIFT)
I20260617 13:42:26.284581 0x1703bf000 feature_extraction.cc:262] Processed file [23/436]
I20260617 13:42:26.284621 0x1703bf000 feature_extraction.cc:265]   Name:            cell_101_slot_5.jpg
I20260617 13:42:26.284626 0x1703bf000 feature_extraction.cc:274]   Dimensions:      4224 x 2376
I20260617 13:42:26.284630 0x1703bf000 feature_extraction.cc:277]   Camera:          #19 - SIMPLE_RADIAL
I20260617 13:42:26.284634 0x1703bf000 feature_extraction.cc:280]   Focal Length:    5068.80px
I20260617 13:42:26.284639 0x1703bf000 feature_extraction.cc:284]   Features:        10942 (SIFT)
I20260617 13:42:26.793237 0x1703bf000 feature_extraction.cc:262] Processed file [24/436]
I20260617 13:42:26.793313 0x1703bf000 feature_extraction.cc:265]   Name:            cell_102_slot_0.jpg
I20260617 13:42:26.793325 0x1703bf000 feature_extraction.cc:274]   Dimensions:      4224 x 2376
I20260617 13:42:26.793334 0x1703bf000 feature_extraction.cc:277]   Camera:          #24 - SIMPLE_RADIAL
I20260617 13:42:26.793347 0x1703bf000 feature_extraction.cc:280]   Focal Length:    5068.80px
I20260617 13:42:26.793359 0x1703bf000 feature_extraction.cc:284]   Features:        11315 (SIFT)
I20260617 13:42:27.301252 0x1703bf000 feature_extraction.cc:262] Processed file [25/436]
I20260617 13:42:27.301319 0x1703bf000 feature_extraction.cc:265]   Name:            cell_101_slot_11.jpg
I20260617 13:42:27.301330 0x1703bf000 feature_extraction.cc:274]   Dimensions:      4224 x 2376
I20260617 13:42:27.301339 0x1703bf000 feature_extraction.cc:277]   Camera:          #15 - SIMPLE_RADIAL
I20260617 13:42:27.301347 0x1703bf000 feature_extraction.cc:280]   Focal Length:    5068.80px
I20260617 13:42:27.301361 0x1703bf000 feature_extraction.cc:284]   Features:        11944 (SIFT)
I20260617 13:42:28.007519 0x1703bf000 feature_extraction.cc:262] Processed file [26/436]
I20260617 13:42:28.007595 0x1703bf000 feature_extraction.cc:265]   Name:            cell_101_slot_6.jpg
I20260617 13:42:28.007605 0x1703bf000 feature_extraction.cc:274]   Dimensions:      4224 x 2376
I20260617 13:42:28.007613 0x1703bf000 feature_extraction.cc:277]   Camera:          #20 - SIMPLE_RADIAL
I20260617 13:42:28.007622 0x1703bf000 feature_extraction.cc:280]   Focal Length:    5068.80px
I20260617 13:42:28.007632 0x1703bf000 feature_extraction.cc:284]   Features:        11484 (SIFT)
I20260617 13:42:28.351434 0x1703bf000 feature_extraction.cc:262] Processed file [27/436]
I20260617 13:42:28.351511 0x1703bf000 feature_extraction.cc:265]   Name:            cell_101_slot_4.jpg
I20260617 13:42:28.351523 0x1703bf000 feature_extraction.cc:274]   Dimensions:      4224 x 2376
I20260617 13:42:28.351532 0x1703bf000 feature_extraction.cc:277]   Camera:          #18 - SIMPLE_RADIAL
I20260617 13:42:28.351542 0x1703bf000 feature_extraction.cc:280]   Focal Length:    5068.80px
I20260617 13:42:28.351553 0x1703bf000 feature_extraction.cc:284]   Features:        11883 (SIFT)
I20260617 13:42:29.174920 0x1703bf000 feature_extraction.cc:262] Processed file [28/436]
I20260617 13:42:29.174990 0x1703bf000 feature_extraction.cc:265]   Name:            cell_101_slot_8.jpg
I20260617 13:42:29.175000 0x1703bf000 feature_extraction.cc:274]   Dimensions:      4224 x 2376
I20260617 13:42:29.175030 0x1703bf000 feature_extraction.cc:277]   Camera:          #22 - SIMPLE_RADIAL
I20260617 13:42:29.175039 0x1703bf000 feature_extraction.cc:280]   Focal Length:    5068.80px
I20260617 13:42:29.175049 0x1703bf000 feature_extraction.cc:284]   Features:        12484 (SIFT)
I20260617 13:42:31.064243 0x1703bf000 feature_extraction.cc:262] Processed file [29/436]
I20260617 13:42:31.064317 0x1703bf000 feature_extraction.cc:265]   Name:            cell_102_slot_1.jpg
I20260617 13:42:31.064328 0x1703bf000 feature_extraction.cc:274]   Dimensions:      3840 x 2160
I20260617 13:42:31.064335 0x1703bf000 feature_extraction.cc:277]   Camera:          #25 - SIMPLE_RADIAL
I20260617 13:42:31.064344 0x1703bf000 feature_extraction.cc:280]   Focal Length:    4608.00px
I20260617 13:42:31.064354 0x1703bf000 feature_extraction.cc:284]   Features:        9781 (SIFT)
I20260617 13:42:35.204643 0x1703bf000 feature_extraction.cc:262] Processed file [30/436]
I20260617 13:42:35.204909 0x1703bf000 feature_extraction.cc:265]   Name:            cell_102_slot_2.jpg
I20260617 13:42:35.204926 0x1703bf000 feature_extraction.cc:274]   Dimensions:      4224 x 2376
I20260617 13:42:35.204931 0x1703bf000 feature_extraction.cc:277]   Camera:          #27 - SIMPLE_RADIAL
I20260617 13:42:35.204944 0x1703bf000 feature_extraction.cc:280]   Focal Length:    5068.80px
I20260617 13:42:35.204955 0x1703bf000 feature_extraction.cc:284]   Features:        11723 (SIFT)
I20260617 13:42:35.296361 0x1703bf000 feature_extraction.cc:262] Processed file [31/436]
I20260617 13:42:35.296446 0x1703bf000 feature_extraction.cc:265]   Name:            cell_102_slot_10.jpg
I20260617 13:42:35.296458 0x1703bf000 feature_extraction.cc:274]   Dimensions:      4224 x 2376
I20260617 13:42:35.296469 0x1703bf000 feature_extraction.cc:277]   Camera:          #26 - SIMPLE_RADIAL
I20260617 13:42:35.296479 0x1703bf000 feature_extraction.cc:280]   Focal Length:    5068.80px
I20260617 13:42:35.296491 0x1703bf000 feature_extraction.cc:284]   Features:        12085 (SIFT)
I20260617 13:42:36.199928 0x1703bf000 feature_extraction.cc:262] Processed file [32/436]
I20260617 13:42:36.200004 0x1703bf000 feature_extraction.cc:265]   Name:            cell_102_slot_5.jpg
I20260617 13:42:36.200017 0x1703bf000 feature_extraction.cc:274]   Dimensions:      4224 x 2376
I20260617 13:42:36.200027 0x1703bf000 feature_extraction.cc:277]   Camera:          #29 - SIMPLE_RADIAL
I20260617 13:42:36.200038 0x1703bf000 feature_extraction.cc:280]   Focal Length:    5068.80px
I20260617 13:42:36.200049 0x1703bf000 feature_extraction.cc:284]   Features:        12013 (SIFT)
I20260617 13:42:38.113064 0x1703bf000 feature_extraction.cc:262] Processed file [33/436]
I20260617 13:42:38.113154 0x1703bf000 feature_extraction.cc:265]   Name:            cell_102_slot_3.jpg
I20260617 13:42:38.113167 0x1703bf000 feature_extraction.cc:274]   Dimensions:      4224 x 2376
I20260617 13:42:38.113176 0x1703bf000 feature_extraction.cc:277]   Camera:          #28 - SIMPLE_RADIAL
I20260617 13:42:38.113190 0x1703bf000 feature_extraction.cc:280]   Focal Length:    5068.80px
I20260617 13:42:38.113210 0x1703bf000 feature_extraction.cc:284]   Features:        12528 (SIFT)
I20260617 13:42:38.630592 0x1703bf000 feature_extraction.cc:262] Processed file [34/436]
I20260617 13:42:38.630656 0x1703bf000 feature_extraction.cc:265]   Name:            cell_103_slot_1.jpg
I20260617 13:42:38.630668 0x1703bf000 feature_extraction.cc:274]   Dimensions:      4224 x 2376
I20260617 13:42:38.630676 0x1703bf000 feature_extraction.cc:277]   Camera:          #35 - SIMPLE_RADIAL
I20260617 13:42:38.630686 0x1703bf000 feature_extraction.cc:280]   Focal Length:    5068.80px
I20260617 13:42:38.630697 0x1703bf000 feature_extraction.cc:284]   Features:        10873 (SIFT)
I20260617 13:42:38.803371 0x1703bf000 feature_extraction.cc:262] Processed file [35/436]
I20260617 13:42:38.803433 0x1703bf000 feature_extraction.cc:265]   Name:            cell_103_slot_0.jpg
I20260617 13:42:38.803445 0x1703bf000 feature_extraction.cc:274]   Dimensions:      4224 x 2376
I20260617 13:42:38.803468 0x1703bf000 feature_extraction.cc:277]   Camera:          #34 - SIMPLE_RADIAL
I20260617 13:42:38.803477 0x1703bf000 feature_extraction.cc:280]   Focal Length:    5068.80px
I20260617 13:42:38.803485 0x1703bf000 feature_extraction.cc:284]   Features:        11777 (SIFT)
I20260617 13:42:38.895178 0x1703bf000 feature_extraction.cc:262] Processed file [36/436]
I20260617 13:42:38.895221 0x1703bf000 feature_extraction.cc:265]   Name:            cell_104_slot_4.json
E20260617 13:42:38.895230 0x1703bf000 feature_extraction.cc:269] cell_104_slot_4.json BITMAP_ERROR: Failed to read the image file format.
I20260617 13:42:39.395792 0x1703bf000 feature_extraction.cc:262] Processed file [37/436]
I20260617 13:42:39.395858 0x1703bf000 feature_extraction.cc:265]   Name:            cell_102_slot_7.jpg
I20260617 13:42:39.395868 0x1703bf000 feature_extraction.cc:274]   Dimensions:      4224 x 2376
I20260617 13:42:39.395876 0x1703bf000 feature_extraction.cc:277]   Camera:          #31 - SIMPLE_RADIAL
I20260617 13:42:39.395883 0x1703bf000 feature_extraction.cc:280]   Focal Length:    5068.80px
I20260617 13:42:39.395894 0x1703bf000 feature_extraction.cc:284]   Features:        12081 (SIFT)
I20260617 13:42:39.492322 0x1703bf000 feature_extraction.cc:262] Processed file [38/436]
I20260617 13:42:39.492391 0x1703bf000 feature_extraction.cc:265]   Name:            cell_102_slot_6.jpg
I20260617 13:42:39.492401 0x1703bf000 feature_extraction.cc:274]   Dimensions:      4224 x 2376
I20260617 13:42:39.492409 0x1703bf000 feature_extraction.cc:277]   Camera:          #30 - SIMPLE_RADIAL
I20260617 13:42:39.492417 0x1703bf000 feature_extraction.cc:280]   Focal Length:    5068.80px
I20260617 13:42:39.492427 0x1703bf000 feature_extraction.cc:284]   Features:        13167 (SIFT)
I20260617 13:42:40.074474 0x1703bf000 feature_extraction.cc:262] Processed file [39/436]
I20260617 13:42:40.074541 0x1703bf000 feature_extraction.cc:265]   Name:            cell_102_slot_8.jpg
I20260617 13:42:40.074551 0x1703bf000 feature_extraction.cc:274]   Dimensions:      4224 x 2376
I20260617 13:42:40.074559 0x1703bf000 feature_extraction.cc:277]   Camera:          #32 - SIMPLE_RADIAL
I20260617 13:42:40.074568 0x1703bf000 feature_extraction.cc:280]   Focal Length:    5068.80px
I20260617 13:42:40.074577 0x1703bf000 feature_extraction.cc:284]   Features:        11799 (SIFT)
I20260617 13:42:40.568296 0x1703bf000 feature_extraction.cc:262] Processed file [40/436]
I20260617 13:42:40.568359 0x1703bf000 feature_extraction.cc:265]   Name:            cell_103_slot_2.jpg
I20260617 13:42:40.568369 0x1703bf000 feature_extraction.cc:274]   Dimensions:      4224 x 2376
I20260617 13:42:40.568378 0x1703bf000 feature_extraction.cc:277]   Camera:          #36 - SIMPLE_RADIAL
I20260617 13:42:40.568387 0x1703bf000 feature_extraction.cc:280]   Focal Length:    5068.80px
I20260617 13:42:40.568397 0x1703bf000 feature_extraction.cc:284]   Features:        11032 (SIFT)
I20260617 13:42:40.658707 0x1703bf000 feature_extraction.cc:262] Processed file [41/436]
I20260617 13:42:40.658777 0x1703bf000 feature_extraction.cc:265]   Name:            cell_102_slot_9.jpg
I20260617 13:42:40.658787 0x1703bf000 feature_extraction.cc:274]   Dimensions:      4224 x 2376
I20260617 13:42:40.658795 0x1703bf000 feature_extraction.cc:277]   Camera:          #33 - SIMPLE_RADIAL
I20260617 13:42:40.658804 0x1703bf000 feature_extraction.cc:280]   Focal Length:    5068.80px
I20260617 13:42:40.658813 0x1703bf000 feature_extraction.cc:284]   Features:        11865 (SIFT)
I20260617 13:42:44.554941 0x1703bf000 feature_extraction.cc:262] Processed file [42/436]
I20260617 13:42:44.555233 0x1703bf000 feature_extraction.cc:265]   Name:            cell_103_slot_3.jpg
I20260617 13:42:44.555258 0x1703bf000 feature_extraction.cc:274]   Dimensions:      4224 x 2376
I20260617 13:42:44.555264 0x1703bf000 feature_extraction.cc:277]   Camera:          #37 - SIMPLE_RADIAL
I20260617 13:42:44.555273 0x1703bf000 feature_extraction.cc:280]   Focal Length:    5068.80px
I20260617 13:42:44.555281 0x1703bf000 feature_extraction.cc:284]   Features:        12147 (SIFT)
I20260617 13:42:44.637082 0x1703bf000 feature_extraction.cc:262] Processed file [43/436]
I20260617 13:42:44.637104 0x1703bf000 feature_extraction.cc:265]   Name:            cell_105_slot_2.json
E20260617 13:42:44.637108 0x1703bf000 feature_extraction.cc:269] cell_105_slot_2.json BITMAP_ERROR: Failed to read the image file format.
I20260617 13:42:47.466746 0x1703bf000 feature_extraction.cc:262] Processed file [44/436]
I20260617 13:42:47.466788 0x1703bf000 feature_extraction.cc:265]   Name:            cell_105_slot_2.jpg
I20260617 13:42:47.466794 0x1703bf000 feature_extraction.cc:274]   Dimensions:      3840 x 2160
I20260617 13:42:47.466798 0x1703bf000 feature_extraction.cc:277]   Camera:          #48 - SIMPLE_RADIAL
I20260617 13:42:47.466802 0x1703bf000 feature_extraction.cc:280]   Focal Length:    4608.00px
I20260617 13:42:47.466807 0x1703bf000 feature_extraction.cc:284]   Features:        8617 (SIFT)
I20260617 13:42:47.634513 0x1703bf000 feature_extraction.cc:262] Processed file [45/436]
I20260617 13:42:47.634561 0x1703bf000 feature_extraction.cc:265]   Name:            cell_104_slot_2.jpg
I20260617 13:42:47.634570 0x1703bf000 feature_extraction.cc:274]   Dimensions:      4224 x 2376
I20260617 13:42:47.634577 0x1703bf000 feature_extraction.cc:277]   Camera:          #43 - SIMPLE_RADIAL
I20260617 13:42:47.634585 0x1703bf000 feature_extraction.cc:280]   Focal Length:    5068.80px
I20260617 13:42:47.634594 0x1703bf000 feature_extraction.cc:284]   Features:        8601 (SIFT)
I20260617 13:42:47.720829 0x1703bf000 feature_extraction.cc:262] Processed file [46/436]
I20260617 13:42:47.720877 0x1703bf000 feature_extraction.cc:265]   Name:            cell_104_slot_3.jpg
I20260617 13:42:47.720887 0x1703bf000 feature_extraction.cc:274]   Dimensions:      4224 x 2376
I20260617 13:42:47.720894 0x1703bf000 feature_extraction.cc:277]   Camera:          #44 - SIMPLE_RADIAL
I20260617 13:42:47.720902 0x1703bf000 feature_extraction.cc:280]   Focal Length:    5068.80px
I20260617 13:42:47.720911 0x1703bf000 feature_extraction.cc:284]   Features:        8768 (SIFT)
I20260617 13:42:47.919583 0x1703bf000 feature_extraction.cc:262] Processed file [47/436]
I20260617 13:42:47.919643 0x1703bf000 feature_extraction.cc:265]   Name:            cell_104_slot_4.jpg
I20260617 13:42:47.919654 0x1703bf000 feature_extraction.cc:274]   Dimensions:      3840 x 2160
I20260617 13:42:47.919661 0x1703bf000 feature_extraction.cc:277]   Camera:          #45 - SIMPLE_RADIAL
I20260617 13:42:47.919670 0x1703bf000 feature_extraction.cc:280]   Focal Length:    4608.00px
I20260617 13:42:47.919680 0x1703bf000 feature_extraction.cc:284]   Features:        9098 (SIFT)
I20260617 13:42:48.098900 0x1703bf000 feature_extraction.cc:262] Processed file [48/436]
I20260617 13:42:48.098952 0x1703bf000 feature_extraction.cc:265]   Name:            cell_104_slot_1.jpg
I20260617 13:42:48.098963 0x1703bf000 feature_extraction.cc:274]   Dimensions:      4224 x 2376
I20260617 13:42:48.098971 0x1703bf000 feature_extraction.cc:277]   Camera:          #42 - SIMPLE_RADIAL
I20260617 13:42:48.098979 0x1703bf000 feature_extraction.cc:280]   Focal Length:    5068.80px
I20260617 13:42:48.098990 0x1703bf000 feature_extraction.cc:284]   Features:        10091 (SIFT)
I20260617 13:42:48.595415 0x1703bf000 feature_extraction.cc:262] Processed file [49/436]
I20260617 13:42:48.595496 0x1703bf000 feature_extraction.cc:265]   Name:            cell_103_slot_4.jpg
I20260617 13:42:48.595507 0x1703bf000 feature_extraction.cc:274]   Dimensions:      4224 x 2376
I20260617 13:42:48.595515 0x1703bf000 feature_extraction.cc:277]   Camera:          #38 - SIMPLE_RADIAL
I20260617 13:42:48.595524 0x1703bf000 feature_extraction.cc:280]   Focal Length:    5068.80px
I20260617 13:42:48.595535 0x1703bf000 feature_extraction.cc:284]   Features:        11985 (SIFT)
I20260617 13:42:48.710778 0x1703bf000 feature_extraction.cc:262] Processed file [50/436]
I20260617 13:42:48.710837 0x1703bf000 feature_extraction.cc:265]   Name:            cell_103_slot_5.jpg
I20260617 13:42:48.710848 0x1703bf000 feature_extraction.cc:274]   Dimensions:      4224 x 2376
I20260617 13:42:48.710876 0x1703bf000 feature_extraction.cc:277]   Camera:          #39 - SIMPLE_RADIAL
I20260617 13:42:48.710885 0x1703bf000 feature_extraction.cc:280]   Focal Length:    5068.80px
I20260617 13:42:48.710895 0x1703bf000 feature_extraction.cc:284]   Features:        12182 (SIFT)
I20260617 13:42:48.981426 0x1703bf000 feature_extraction.cc:262] Processed file [51/436]
I20260617 13:42:48.981491 0x1703bf000 feature_extraction.cc:265]   Name:            cell_105_slot_0.jpg
I20260617 13:42:48.981505 0x1703bf000 feature_extraction.cc:274]   Dimensions:      4224 x 2376
I20260617 13:42:48.981513 0x1703bf000 feature_extraction.cc:277]   Camera:          #46 - SIMPLE_RADIAL
I20260617 13:42:48.981522 0x1703bf000 feature_extraction.cc:280]   Focal Length:    5068.80px
I20260617 13:42:48.981531 0x1703bf000 feature_extraction.cc:284]   Features:        9554 (SIFT)
I20260617 13:42:49.012012 0x1703bf000 feature_extraction.cc:262] Processed file [52/436]
I20260617 13:42:49.012122 0x1703bf000 feature_extraction.cc:265]   Name:            cell_104_slot_0.jpg
I20260617 13:42:49.012161 0x1703bf000 feature_extraction.cc:274]   Dimensions:      4224 x 2376
I20260617 13:42:49.012173 0x1703bf000 feature_extraction.cc:277]   Camera:          #41 - SIMPLE_RADIAL
I20260617 13:42:49.012183 0x1703bf000 feature_extraction.cc:280]   Focal Length:    5068.80px
I20260617 13:42:49.012194 0x1703bf000 feature_extraction.cc:284]   Features:        11134 (SIFT)
I20260617 13:42:49.110012 0x1703bf000 feature_extraction.cc:262] Processed file [53/436]
I20260617 13:42:49.110035 0x1703bf000 feature_extraction.cc:265]   Name:            cell_105_slot_1.jpg
I20260617 13:42:49.110039 0x1703bf000 feature_extraction.cc:274]   Dimensions:      4224 x 2376
I20260617 13:42:49.110041 0x1703bf000 feature_extraction.cc:277]   Camera:          #47 - SIMPLE_RADIAL
I20260617 13:42:49.110045 0x1703bf000 feature_extraction.cc:280]   Focal Length:    5068.80px
I20260617 13:42:49.110050 0x1703bf000 feature_extraction.cc:284]   Features:        8461 (SIFT)
I20260617 13:42:50.585561 0x1703bf000 feature_extraction.cc:262] Processed file [54/436]
I20260617 13:42:50.585868 0x1703bf000 feature_extraction.cc:265]   Name:            cell_103_slot_6.jpg
I20260617 13:42:50.585895 0x1703bf000 feature_extraction.cc:274]   Dimensions:      4224 x 2376
I20260617 13:42:50.585902 0x1703bf000 feature_extraction.cc:277]   Camera:          #40 - SIMPLE_RADIAL
I20260617 13:42:50.585908 0x1703bf000 feature_extraction.cc:280]   Focal Length:    5068.80px
I20260617 13:42:50.585914 0x1703bf000 feature_extraction.cc:284]   Features:        12122 (SIFT)
I20260617 13:42:54.972262 0x1703bf000 feature_extraction.cc:262] Processed file [55/436]
I20260617 13:42:54.972336 0x1703bf000 feature_extraction.cc:265]   Name:            cell_105_slot_7.jpg
I20260617 13:42:54.972348 0x1703bf000 feature_extraction.cc:274]   Dimensions:      4224 x 2376
I20260617 13:42:54.972357 0x1703bf000 feature_extraction.cc:277]   Camera:          #53 - SIMPLE_RADIAL
I20260617 13:42:54.972366 0x1703bf000 feature_extraction.cc:280]   Focal Length:    5068.80px
I20260617 13:42:54.972378 0x1703bf000 feature_extraction.cc:284]   Features:        8597 (SIFT)
I20260617 13:42:55.309781 0x1703bf000 feature_extraction.cc:262] Processed file [56/436]
I20260617 13:42:55.309856 0x1703bf000 feature_extraction.cc:265]   Name:            cell_105_slot_8.jpg
I20260617 13:42:55.309869 0x1703bf000 feature_extraction.cc:274]   Dimensions:      4224 x 2376
I20260617 13:42:55.309879 0x1703bf000 feature_extraction.cc:277]   Camera:          #54 - SIMPLE_RADIAL
I20260617 13:42:55.309888 0x1703bf000 feature_extraction.cc:280]   Focal Length:    5068.80px
I20260617 13:42:55.309900 0x1703bf000 feature_extraction.cc:284]   Features:        8293 (SIFT)
I20260617 13:42:55.509495 0x1703bf000 feature_extraction.cc:262] Processed file [57/436]
I20260617 13:42:55.509574 0x1703bf000 feature_extraction.cc:265]   Name:            cell_105_slot_3.jpg
I20260617 13:42:55.509590 0x1703bf000 feature_extraction.cc:274]   Dimensions:      4224 x 2376
I20260617 13:42:55.509620 0x1703bf000 feature_extraction.cc:277]   Camera:          #49 - SIMPLE_RADIAL
I20260617 13:42:55.509631 0x1703bf000 feature_extraction.cc:280]   Focal Length:    5068.80px
I20260617 13:42:55.509640 0x1703bf000 feature_extraction.cc:284]   Features:        12970 (SIFT)
I20260617 13:42:55.513401 0x1703bf000 feature_extraction.cc:262] Processed file [58/436]
I20260617 13:42:55.513435 0x1703bf000 feature_extraction.cc:265]   Name:            cell_107_slot_4.json
E20260617 13:42:55.513443 0x1703bf000 feature_extraction.cc:269] cell_107_slot_4.json BITMAP_ERROR: Failed to read the image file format.
I20260617 13:42:56.194287 0x1703bf000 feature_extraction.cc:262] Processed file [59/436]
I20260617 13:42:56.194560 0x1703bf000 feature_extraction.cc:265]   Name:            cell_105_slot_4.jpg
I20260617 13:42:56.194586 0x1703bf000 feature_extraction.cc:274]   Dimensions:      4224 x 2376
I20260617 13:42:56.194592 0x1703bf000 feature_extraction.cc:277]   Camera:          #50 - SIMPLE_RADIAL
I20260617 13:42:56.194598 0x1703bf000 feature_extraction.cc:280]   Focal Length:    5068.80px
I20260617 13:42:56.194604 0x1703bf000 feature_extraction.cc:284]   Features:        8392 (SIFT)
I20260617 13:42:56.518088 0x1703bf000 feature_extraction.cc:262] Processed file [60/436]
I20260617 13:42:56.518162 0x1703bf000 feature_extraction.cc:265]   Name:            cell_106_slot_2.jpg
I20260617 13:42:56.518174 0x1703bf000 feature_extraction.cc:274]   Dimensions:      4224 x 2376
I20260617 13:42:56.518184 0x1703bf000 feature_extraction.cc:277]   Camera:          #59 - SIMPLE_RADIAL
I20260617 13:42:56.518194 0x1703bf000 feature_extraction.cc:280]   Focal Length:    5068.80px
I20260617 13:42:56.518206 0x1703bf000 feature_extraction.cc:284]   Features:        9837 (SIFT)
I20260617 13:42:56.779808 0x1703bf000 feature_extraction.cc:262] Processed file [61/436]
I20260617 13:42:56.779882 0x1703bf000 feature_extraction.cc:265]   Name:            cell_105_slot_6.jpg
I20260617 13:42:56.779894 0x1703bf000 feature_extraction.cc:274]   Dimensions:      4224 x 2376
I20260617 13:42:56.779903 0x1703bf000 feature_extraction.cc:277]   Camera:          #52 - SIMPLE_RADIAL
I20260617 13:42:56.779913 0x1703bf000 feature_extraction.cc:280]   Focal Length:    5068.80px
I20260617 13:42:56.779924 0x1703bf000 feature_extraction.cc:284]   Features:        10039 (SIFT)
I20260617 13:42:57.111224 0x1703bf000 feature_extraction.cc:262] Processed file [62/436]
I20260617 13:42:57.111295 0x1703bf000 feature_extraction.cc:265]   Name:            cell_106_slot_10.jpg
I20260617 13:42:57.111308 0x1703bf000 feature_extraction.cc:274]   Dimensions:      4224 x 2376
I20260617 13:42:57.111318 0x1703bf000 feature_extraction.cc:277]   Camera:          #58 - SIMPLE_RADIAL
I20260617 13:42:57.111329 0x1703bf000 feature_extraction.cc:280]   Focal Length:    5068.80px
I20260617 13:42:57.111340 0x1703bf000 feature_extraction.cc:284]   Features:        9197 (SIFT)
I20260617 13:42:57.387291 0x1703bf000 feature_extraction.cc:262] Processed file [63/436]
I20260617 13:42:57.387350 0x1703bf000 feature_extraction.cc:265]   Name:            cell_105_slot_5.jpg
I20260617 13:42:57.387362 0x1703bf000 feature_extraction.cc:274]   Dimensions:      4224 x 2376
I20260617 13:42:57.387372 0x1703bf000 feature_extraction.cc:277]   Camera:          #51 - SIMPLE_RADIAL
I20260617 13:42:57.387384 0x1703bf000 feature_extraction.cc:280]   Focal Length:    5068.80px
I20260617 13:42:57.387397 0x1703bf000 feature_extraction.cc:284]   Features:        8996 (SIFT)
I20260617 13:42:58.271469 0x1703bf000 feature_extraction.cc:262] Processed file [64/436]
I20260617 13:42:58.271540 0x1703bf000 feature_extraction.cc:265]   Name:            cell_106_slot_1.jpg
I20260617 13:42:58.271555 0x1703bf000 feature_extraction.cc:274]   Dimensions:      4224 x 2376
I20260617 13:42:58.271565 0x1703bf000 feature_extraction.cc:277]   Camera:          #57 - SIMPLE_RADIAL
I20260617 13:42:58.271575 0x1703bf000 feature_extraction.cc:280]   Focal Length:    5068.80px
I20260617 13:42:58.271603 0x1703bf000 feature_extraction.cc:284]   Features:        9498 (SIFT)
I20260617 13:42:58.451374 0x1703bf000 feature_extraction.cc:262] Processed file [65/436]
I20260617 13:42:58.451462 0x1703bf000 feature_extraction.cc:265]   Name:            cell_106_slot_0.jpg
I20260617 13:42:58.451473 0x1703bf000 feature_extraction.cc:274]   Dimensions:      4224 x 2376
I20260617 13:42:58.451482 0x1703bf000 feature_extraction.cc:277]   Camera:          #56 - SIMPLE_RADIAL
I20260617 13:42:58.451491 0x1703bf000 feature_extraction.cc:280]   Focal Length:    5068.80px
I20260617 13:42:58.451500 0x1703bf000 feature_extraction.cc:284]   Features:        10168 (SIFT)
I20260617 13:42:59.698375 0x1703bf000 feature_extraction.cc:262] Processed file [66/436]
I20260617 13:42:59.698457 0x1703bf000 feature_extraction.cc:265]   Name:            cell_105_slot_9.jpg
I20260617 13:42:59.698467 0x1703bf000 feature_extraction.cc:274]   Dimensions:      4224 x 2376
I20260617 13:42:59.698476 0x1703bf000 feature_extraction.cc:277]   Camera:          #55 - SIMPLE_RADIAL
I20260617 13:42:59.698488 0x1703bf000 feature_extraction.cc:280]   Focal Length:    5068.80px
I20260617 13:42:59.698501 0x1703bf000 feature_extraction.cc:284]   Features:        11734 (SIFT)
I20260617 13:43:00.878854 0x1703bf000 feature_extraction.cc:262] Processed file [67/436]
I20260617 13:43:00.878917 0x1703bf000 feature_extraction.cc:265]   Name:            cell_106_slot_3.jpg
I20260617 13:43:00.878927 0x1703bf000 feature_extraction.cc:274]   Dimensions:      4224 x 2376
I20260617 13:43:00.878935 0x1703bf000 feature_extraction.cc:277]   Camera:          #60 - SIMPLE_RADIAL
I20260617 13:43:00.878943 0x1703bf000 feature_extraction.cc:280]   Focal Length:    5068.80px
I20260617 13:43:00.878952 0x1703bf000 feature_extraction.cc:284]   Features:        11099 (SIFT)
I20260617 13:43:03.052886 0x1703bf000 feature_extraction.cc:262] Processed file [68/436]
I20260617 13:43:03.052958 0x1703bf000 feature_extraction.cc:265]   Name:            cell_106_slot_9.jpg
I20260617 13:43:03.052970 0x1703bf000 feature_extraction.cc:274]   Dimensions:      4224 x 2376
I20260617 13:43:03.052980 0x1703bf000 feature_extraction.cc:277]   Camera:          #66 - SIMPLE_RADIAL
I20260617 13:43:03.052990 0x1703bf000 feature_extraction.cc:280]   Focal Length:    5068.80px
I20260617 13:43:03.053002 0x1703bf000 feature_extraction.cc:284]   Features:        6245 (SIFT)
I20260617 13:43:03.172470 0x1703bf000 feature_extraction.cc:262] Processed file [69/436]
I20260617 13:43:03.172539 0x1703bf000 feature_extraction.cc:265]   Name:            cell_106_slot_8.jpg
I20260617 13:43:03.172551 0x1703bf000 feature_extraction.cc:274]   Dimensions:      4224 x 2376
I20260617 13:43:03.172560 0x1703bf000 feature_extraction.cc:277]   Camera:          #65 - SIMPLE_RADIAL
I20260617 13:43:03.172570 0x1703bf000 feature_extraction.cc:280]   Focal Length:    5068.80px
I20260617 13:43:03.172581 0x1703bf000 feature_extraction.cc:284]   Features:        6462 (SIFT)
I20260617 13:43:04.181647 0x1703bf000 feature_extraction.cc:262] Processed file [70/436]
I20260617 13:43:04.181723 0x1703bf000 feature_extraction.cc:265]   Name:            cell_106_slot_5.jpg
I20260617 13:43:04.181734 0x1703bf000 feature_extraction.cc:274]   Dimensions:      4224 x 2376
I20260617 13:43:04.181743 0x1703bf000 feature_extraction.cc:277]   Camera:          #62 - SIMPLE_RADIAL
I20260617 13:43:04.181752 0x1703bf000 feature_extraction.cc:280]   Focal Length:    5068.80px
I20260617 13:43:04.181763 0x1703bf000 feature_extraction.cc:284]   Features:        8192 (SIFT)
I20260617 13:43:04.294866 0x1703bf000 feature_extraction.cc:262] Processed file [71/436]
I20260617 13:43:04.294944 0x1703bf000 feature_extraction.cc:265]   Name:            cell_106_slot_7.jpg
I20260617 13:43:04.294968 0x1703bf000 feature_extraction.cc:274]   Dimensions:      4224 x 2376
I20260617 13:43:04.294973 0x1703bf000 feature_extraction.cc:277]   Camera:          #64 - SIMPLE_RADIAL
I20260617 13:43:04.294978 0x1703bf000 feature_extraction.cc:280]   Focal Length:    5068.80px
I20260617 13:43:04.294984 0x1703bf000 feature_extraction.cc:284]   Features:        8638 (SIFT)
I20260617 13:43:04.706069 0x1703bf000 feature_extraction.cc:262] Processed file [72/436]
I20260617 13:43:04.706135 0x1703bf000 feature_extraction.cc:265]   Name:            cell_106_slot_4.jpg
I20260617 13:43:04.706145 0x1703bf000 feature_extraction.cc:274]   Dimensions:      4224 x 2376
I20260617 13:43:04.706153 0x1703bf000 feature_extraction.cc:277]   Camera:          #61 - SIMPLE_RADIAL
I20260617 13:43:04.706161 0x1703bf000 feature_extraction.cc:280]   Focal Length:    5068.80px
I20260617 13:43:04.706170 0x1703bf000 feature_extraction.cc:284]   Features:        8554 (SIFT)
I20260617 13:43:05.179423 0x1703bf000 feature_extraction.cc:262] Processed file [73/436]
I20260617 13:43:05.179503 0x1703bf000 feature_extraction.cc:265]   Name:            cell_106_slot_6.jpg
I20260617 13:43:05.179515 0x1703bf000 feature_extraction.cc:274]   Dimensions:      4224 x 2376
I20260617 13:43:05.179522 0x1703bf000 feature_extraction.cc:277]   Camera:          #63 - SIMPLE_RADIAL
I20260617 13:43:05.179530 0x1703bf000 feature_extraction.cc:280]   Focal Length:    5068.80px
I20260617 13:43:05.179540 0x1703bf000 feature_extraction.cc:284]   Features:        8605 (SIFT)
I20260617 13:43:07.971223 0x1703bf000 feature_extraction.cc:262] Processed file [74/436]
I20260617 13:43:07.971312 0x1703bf000 feature_extraction.cc:265]   Name:            cell_107_slot_0.jpg
I20260617 13:43:07.971323 0x1703bf000 feature_extraction.cc:274]   Dimensions:      4224 x 2376
I20260617 13:43:07.971331 0x1703bf000 feature_extraction.cc:277]   Camera:          #67 - SIMPLE_RADIAL
I20260617 13:43:07.971339 0x1703bf000 feature_extraction.cc:280]   Focal Length:    5068.80px
I20260617 13:43:07.971348 0x1703bf000 feature_extraction.cc:284]   Features:        9807 (SIFT)
I20260617 13:43:08.280048 0x1703bf000 feature_extraction.cc:262] Processed file [75/436]
I20260617 13:43:08.280110 0x1703bf000 feature_extraction.cc:265]   Name:            cell_107_slot_4.jpg
I20260617 13:43:08.280120 0x1703bf000 feature_extraction.cc:274]   Dimensions:      3840 x 2160
I20260617 13:43:08.280128 0x1703bf000 feature_extraction.cc:277]   Camera:          #71 - SIMPLE_RADIAL
I20260617 13:43:08.280135 0x1703bf000 feature_extraction.cc:280]   Focal Length:    4608.00px
I20260617 13:43:08.280145 0x1703bf000 feature_extraction.cc:284]   Features:        10142 (SIFT)
I20260617 13:43:09.581382 0x1703bf000 feature_extraction.cc:262] Processed file [76/436]
I20260617 13:43:09.581447 0x1703bf000 feature_extraction.cc:265]   Name:            cell_107_slot_3.jpg
I20260617 13:43:09.581458 0x1703bf000 feature_extraction.cc:274]   Dimensions:      4224 x 2376
I20260617 13:43:09.581466 0x1703bf000 feature_extraction.cc:277]   Camera:          #70 - SIMPLE_RADIAL
I20260617 13:43:09.581474 0x1703bf000 feature_extraction.cc:280]   Focal Length:    5068.80px
I20260617 13:43:09.581483 0x1703bf000 feature_extraction.cc:284]   Features:        11583 (SIFT)
I20260617 13:43:09.621663 0x1703bf000 feature_extraction.cc:262] Processed file [77/436]
I20260617 13:43:09.621721 0x1703bf000 feature_extraction.cc:265]   Name:            cell_107_slot_1.jpg
I20260617 13:43:09.621733 0x1703bf000 feature_extraction.cc:274]   Dimensions:      4224 x 2376
I20260617 13:43:09.621741 0x1703bf000 feature_extraction.cc:277]   Camera:          #68 - SIMPLE_RADIAL
I20260617 13:43:09.621749 0x1703bf000 feature_extraction.cc:280]   Focal Length:    5068.80px
I20260617 13:43:09.621759 0x1703bf000 feature_extraction.cc:284]   Features:        11016 (SIFT)
I20260617 13:43:09.755311 0x1703bf000 feature_extraction.cc:262] Processed file [78/436]
I20260617 13:43:09.755372 0x1703bf000 feature_extraction.cc:265]   Name:            cell_107_slot_2.jpg
I20260617 13:43:09.755381 0x1703bf000 feature_extraction.cc:274]   Dimensions:      4224 x 2376
I20260617 13:43:09.755388 0x1703bf000 feature_extraction.cc:277]   Camera:          #69 - SIMPLE_RADIAL
I20260617 13:43:09.755396 0x1703bf000 feature_extraction.cc:280]   Focal Length:    5068.80px
I20260617 13:43:09.755405 0x1703bf000 feature_extraction.cc:284]   Features:        10709 (SIFT)
I20260617 13:43:12.269268 0x1703bf000 feature_extraction.cc:262] Processed file [79/436]
I20260617 13:43:12.269334 0x1703bf000 feature_extraction.cc:265]   Name:            cell_107_slot_5.jpg
I20260617 13:43:12.269344 0x1703bf000 feature_extraction.cc:274]   Dimensions:      4224 x 2376
I20260617 13:43:12.269352 0x1703bf000 feature_extraction.cc:277]   Camera:          #72 - SIMPLE_RADIAL
I20260617 13:43:12.269360 0x1703bf000 feature_extraction.cc:280]   Focal Length:    5068.80px
I20260617 13:43:12.269369 0x1703bf000 feature_extraction.cc:284]   Features:        10880 (SIFT)
I20260617 13:43:12.896724 0x1703bf000 feature_extraction.cc:262] Processed file [80/436]
I20260617 13:43:12.896794 0x1703bf000 feature_extraction.cc:265]   Name:            cell_108_slot_2.jpg
I20260617 13:43:12.896803 0x1703bf000 feature_extraction.cc:274]   Dimensions:      4224 x 2376
I20260617 13:43:12.896811 0x1703bf000 feature_extraction.cc:277]   Camera:          #77 - SIMPLE_RADIAL
I20260617 13:43:12.896819 0x1703bf000 feature_extraction.cc:280]   Focal Length:    5068.80px
I20260617 13:43:12.896829 0x1703bf000 feature_extraction.cc:284]   Features:        8783 (SIFT)
I20260617 13:43:14.003134 0x1703bf000 feature_extraction.cc:262] Processed file [81/436]
I20260617 13:43:14.003203 0x1703bf000 feature_extraction.cc:265]   Name:            cell_108_slot_0.jpg
I20260617 13:43:14.003214 0x1703bf000 feature_extraction.cc:274]   Dimensions:      4224 x 2376
I20260617 13:43:14.003221 0x1703bf000 feature_extraction.cc:277]   Camera:          #75 - SIMPLE_RADIAL
I20260617 13:43:14.003229 0x1703bf000 feature_extraction.cc:280]   Focal Length:    5068.80px
I20260617 13:43:14.003238 0x1703bf000 feature_extraction.cc:284]   Features:        11650 (SIFT)
I20260617 13:43:14.096752 0x1703bf000 feature_extraction.cc:262] Processed file [82/436]
I20260617 13:43:14.096794 0x1703bf000 feature_extraction.cc:265]   Name:            cell_113_slot_2.json
E20260617 13:43:14.096803 0x1703bf000 feature_extraction.cc:269] cell_113_slot_2.json BITMAP_ERROR: Failed to read the image file format.
I20260617 13:43:14.142849 0x1703bf000 feature_extraction.cc:262] Processed file [83/436]
I20260617 13:43:14.142909 0x1703bf000 feature_extraction.cc:265]   Name:            cell_107_slot_6.jpg
I20260617 13:43:14.142919 0x1703bf000 feature_extraction.cc:274]   Dimensions:      4224 x 2376
I20260617 13:43:14.142926 0x1703bf000 feature_extraction.cc:277]   Camera:          #73 - SIMPLE_RADIAL
I20260617 13:43:14.142933 0x1703bf000 feature_extraction.cc:280]   Focal Length:    5068.80px
I20260617 13:43:14.142942 0x1703bf000 feature_extraction.cc:284]   Features:        10306 (SIFT)
I20260617 13:43:14.325789 0x1703bf000 feature_extraction.cc:262] Processed file [84/436]
I20260617 13:43:14.325855 0x1703bf000 feature_extraction.cc:265]   Name:            cell_108_slot_1.jpg
I20260617 13:43:14.325866 0x1703bf000 feature_extraction.cc:274]   Dimensions:      4224 x 2376
I20260617 13:43:14.325874 0x1703bf000 feature_extraction.cc:277]   Camera:          #76 - SIMPLE_RADIAL
I20260617 13:43:14.325882 0x1703bf000 feature_extraction.cc:280]   Focal Length:    5068.80px
I20260617 13:43:14.325891 0x1703bf000 feature_extraction.cc:284]   Features:        12025 (SIFT)
I20260617 13:43:15.544176 0x1703bf000 feature_extraction.cc:262] Processed file [85/436]
I20260617 13:43:15.544243 0x1703bf000 feature_extraction.cc:265]   Name:            cell_108_slot_3.jpg
I20260617 13:43:15.544254 0x1703bf000 feature_extraction.cc:274]   Dimensions:      4224 x 2376
I20260617 13:43:15.544262 0x1703bf000 feature_extraction.cc:277]   Camera:          #78 - SIMPLE_RADIAL
I20260617 13:43:15.544271 0x1703bf000 feature_extraction.cc:280]   Focal Length:    5068.80px
I20260617 13:43:15.544280 0x1703bf000 feature_extraction.cc:284]   Features:        10117 (SIFT)
I20260617 13:43:15.618248 0x1703bf000 feature_extraction.cc:262] Processed file [86/436]
I20260617 13:43:15.618314 0x1703bf000 feature_extraction.cc:265]   Name:            cell_107_slot_7.jpg
I20260617 13:43:15.618351 0x1703bf000 feature_extraction.cc:274]   Dimensions:      4224 x 2376
I20260617 13:43:15.618360 0x1703bf000 feature_extraction.cc:277]   Camera:          #74 - SIMPLE_RADIAL
I20260617 13:43:15.618369 0x1703bf000 feature_extraction.cc:280]   Focal Length:    5068.80px
I20260617 13:43:15.618380 0x1703bf000 feature_extraction.cc:284]   Features:        11160 (SIFT)
I20260617 13:43:16.962396 0x1703bf000 feature_extraction.cc:262] Processed file [87/436]
I20260617 13:43:16.962470 0x1703bf000 feature_extraction.cc:265]   Name:            cell_112_slot_0.jpg
I20260617 13:43:16.962481 0x1703bf000 feature_extraction.cc:274]   Dimensions:      4224 x 2376
I20260617 13:43:16.962489 0x1703bf000 feature_extraction.cc:277]   Camera:          #80 - SIMPLE_RADIAL
I20260617 13:43:16.962496 0x1703bf000 feature_extraction.cc:280]   Focal Length:    5068.80px
I20260617 13:43:16.962505 0x1703bf000 feature_extraction.cc:284]   Features:        8925 (SIFT)
I20260617 13:43:18.329529 0x1703bf000 feature_extraction.cc:262] Processed file [88/436]
I20260617 13:43:18.329597 0x1703bf000 feature_extraction.cc:265]   Name:            cell_112_slot_1.jpg
I20260617 13:43:18.329607 0x1703bf000 feature_extraction.cc:274]   Dimensions:      4224 x 2376
I20260617 13:43:18.329614 0x1703bf000 feature_extraction.cc:277]   Camera:          #81 - SIMPLE_RADIAL
I20260617 13:43:18.329623 0x1703bf000 feature_extraction.cc:280]   Focal Length:    5068.80px
I20260617 13:43:18.329632 0x1703bf000 feature_extraction.cc:284]   Features:        10126 (SIFT)
I20260617 13:43:18.766766 0x1703bf000 feature_extraction.cc:262] Processed file [89/436]
I20260617 13:43:18.766834 0x1703bf000 feature_extraction.cc:265]   Name:            cell_108_slot_4.jpg
I20260617 13:43:18.766844 0x1703bf000 feature_extraction.cc:274]   Dimensions:      4224 x 2376
I20260617 13:43:18.766852 0x1703bf000 feature_extraction.cc:277]   Camera:          #79 - SIMPLE_RADIAL
I20260617 13:43:18.766860 0x1703bf000 feature_extraction.cc:280]   Focal Length:    5068.80px
I20260617 13:43:18.766869 0x1703bf000 feature_extraction.cc:284]   Features:        10941 (SIFT)
I20260617 13:43:20.087484 0x1703bf000 feature_extraction.cc:262] Processed file [90/436]
I20260617 13:43:20.087550 0x1703bf000 feature_extraction.cc:265]   Name:            cell_113_slot_0.jpg
I20260617 13:43:20.087561 0x1703bf000 feature_extraction.cc:274]   Dimensions:      4224 x 2376
I20260617 13:43:20.087569 0x1703bf000 feature_extraction.cc:277]   Camera:          #84 - SIMPLE_RADIAL
I20260617 13:43:20.087576 0x1703bf000 feature_extraction.cc:280]   Focal Length:    5068.80px
I20260617 13:43:20.087585 0x1703bf000 feature_extraction.cc:284]   Features:        9232 (SIFT)
I20260617 13:43:20.531160 0x1703bf000 feature_extraction.cc:262] Processed file [91/436]
I20260617 13:43:20.531231 0x1703bf000 feature_extraction.cc:265]   Name:            cell_113_slot_1.jpg
I20260617 13:43:20.531241 0x1703bf000 feature_extraction.cc:274]   Dimensions:      4224 x 2376
I20260617 13:43:20.531249 0x1703bf000 feature_extraction.cc:277]   Camera:          #85 - SIMPLE_RADIAL
I20260617 13:43:20.531258 0x1703bf000 feature_extraction.cc:280]   Focal Length:    5068.80px
I20260617 13:43:20.531267 0x1703bf000 feature_extraction.cc:284]   Features:        8936 (SIFT)
I20260617 13:43:21.188302 0x1703bf000 feature_extraction.cc:262] Processed file [92/436]
I20260617 13:43:21.188374 0x1703bf000 feature_extraction.cc:265]   Name:            cell_113_slot_2.jpg
I20260617 13:43:21.188384 0x1703bf000 feature_extraction.cc:274]   Dimensions:      3840 x 2160
I20260617 13:43:21.188392 0x1703bf000 feature_extraction.cc:277]   Camera:          #86 - SIMPLE_RADIAL
I20260617 13:43:21.188400 0x1703bf000 feature_extraction.cc:280]   Focal Length:    4608.00px
I20260617 13:43:21.188410 0x1703bf000 feature_extraction.cc:284]   Features:        8368 (SIFT)
I20260617 13:43:22.383627 0x1703bf000 feature_extraction.cc:262] Processed file [93/436]
I20260617 13:43:22.383707 0x1703bf000 feature_extraction.cc:265]   Name:            cell_114_slot_1.jpg
I20260617 13:43:22.383739 0x1703bf000 feature_extraction.cc:274]   Dimensions:      4224 x 2376
I20260617 13:43:22.383749 0x1703bf000 feature_extraction.cc:277]   Camera:          #88 - SIMPLE_RADIAL
I20260617 13:43:22.383758 0x1703bf000 feature_extraction.cc:280]   Focal Length:    5068.80px
I20260617 13:43:22.383768 0x1703bf000 feature_extraction.cc:284]   Features:        9009 (SIFT)
I20260617 13:43:23.164368 0x1703bf000 feature_extraction.cc:262] Processed file [94/436]
I20260617 13:43:23.164441 0x1703bf000 feature_extraction.cc:265]   Name:            cell_112_slot_3.jpg
I20260617 13:43:23.164452 0x1703bf000 feature_extraction.cc:274]   Dimensions:      4224 x 2376
I20260617 13:43:23.164460 0x1703bf000 feature_extraction.cc:277]   Camera:          #83 - SIMPLE_RADIAL
I20260617 13:43:23.164469 0x1703bf000 feature_extraction.cc:280]   Focal Length:    5068.80px
I20260617 13:43:23.164478 0x1703bf000 feature_extraction.cc:284]   Features:        12760 (SIFT)
I20260617 13:43:23.225077 0x1703bf000 feature_extraction.cc:262] Processed file [95/436]
I20260617 13:43:23.225152 0x1703bf000 feature_extraction.cc:265]   Name:            cell_112_slot_2.jpg
I20260617 13:43:23.225164 0x1703bf000 feature_extraction.cc:274]   Dimensions:      4224 x 2376
I20260617 13:43:23.225172 0x1703bf000 feature_extraction.cc:277]   Camera:          #82 - SIMPLE_RADIAL
I20260617 13:43:23.225180 0x1703bf000 feature_extraction.cc:280]   Focal Length:    5068.80px
I20260617 13:43:23.225189 0x1703bf000 feature_extraction.cc:284]   Features:        12610 (SIFT)
I20260617 13:43:24.146870 0x1703bf000 feature_extraction.cc:262] Processed file [96/436]
I20260617 13:43:24.146939 0x1703bf000 feature_extraction.cc:265]   Name:            cell_114_slot_4.jpg
I20260617 13:43:24.146949 0x1703bf000 feature_extraction.cc:274]   Dimensions:      4224 x 2376
I20260617 13:43:24.146957 0x1703bf000 feature_extraction.cc:277]   Camera:          #91 - SIMPLE_RADIAL
I20260617 13:43:24.146964 0x1703bf000 feature_extraction.cc:280]   Focal Length:    5068.80px
I20260617 13:43:24.146974 0x1703bf000 feature_extraction.cc:284]   Features:        8337 (SIFT)
I20260617 13:43:24.226741 0x1703bf000 feature_extraction.cc:262] Processed file [97/436]
I20260617 13:43:24.226791 0x1703bf000 feature_extraction.cc:265]   Name:            cell_114_slot_0.jpg
I20260617 13:43:24.226802 0x1703bf000 feature_extraction.cc:274]   Dimensions:      4224 x 2376
I20260617 13:43:24.226810 0x1703bf000 feature_extraction.cc:277]   Camera:          #87 - SIMPLE_RADIAL
I20260617 13:43:24.226818 0x1703bf000 feature_extraction.cc:280]   Focal Length:    5068.80px
I20260617 13:43:24.226828 0x1703bf000 feature_extraction.cc:284]   Features:        9166 (SIFT)
I20260617 13:43:24.875394 0x1703bf000 feature_extraction.cc:262] Processed file [98/436]
I20260617 13:43:24.875464 0x1703bf000 feature_extraction.cc:265]   Name:            cell_114_slot_3.jpg
I20260617 13:43:24.875474 0x1703bf000 feature_extraction.cc:274]   Dimensions:      4224 x 2376
I20260617 13:43:24.875481 0x1703bf000 feature_extraction.cc:277]   Camera:          #90 - SIMPLE_RADIAL
I20260617 13:43:24.875489 0x1703bf000 feature_extraction.cc:280]   Focal Length:    5068.80px
I20260617 13:43:24.875498 0x1703bf000 feature_extraction.cc:284]   Features:        8914 (SIFT)
I20260617 13:43:25.112063 0x1703bf000 feature_extraction.cc:262] Processed file [99/436]
I20260617 13:43:25.112135 0x1703bf000 feature_extraction.cc:265]   Name:            cell_114_slot_2.jpg
I20260617 13:43:25.112147 0x1703bf000 feature_extraction.cc:274]   Dimensions:      4224 x 2376
I20260617 13:43:25.112155 0x1703bf000 feature_extraction.cc:277]   Camera:          #89 - SIMPLE_RADIAL
I20260617 13:43:25.112163 0x1703bf000 feature_extraction.cc:280]   Focal Length:    5068.80px
I20260617 13:43:25.112173 0x1703bf000 feature_extraction.cc:284]   Features:        8693 (SIFT)
I20260617 13:43:25.270287 0x1703bf000 feature_extraction.cc:262] Processed file [100/436]
I20260617 13:43:25.270368 0x1703bf000 feature_extraction.cc:265]   Name:            cell_114_slot_6.jpg
I20260617 13:43:25.270385 0x1703bf000 feature_extraction.cc:274]   Dimensions:      4224 x 2376
I20260617 13:43:25.270415 0x1703bf000 feature_extraction.cc:277]   Camera:          #93 - SIMPLE_RADIAL
I20260617 13:43:25.270427 0x1703bf000 feature_extraction.cc:280]   Focal Length:    5068.80px
I20260617 13:43:25.270440 0x1703bf000 feature_extraction.cc:284]   Features:        7339 (SIFT)
I20260617 13:43:25.409042 0x1703bf000 feature_extraction.cc:262] Processed file [101/436]
I20260617 13:43:25.409117 0x1703bf000 feature_extraction.cc:265]   Name:            cell_114_slot_8.jpg
I20260617 13:43:25.409128 0x1703bf000 feature_extraction.cc:274]   Dimensions:      4224 x 2376
I20260617 13:43:25.409136 0x1703bf000 feature_extraction.cc:277]   Camera:          #95 - SIMPLE_RADIAL
I20260617 13:43:25.409145 0x1703bf000 feature_extraction.cc:280]   Focal Length:    5068.80px
I20260617 13:43:25.409154 0x1703bf000 feature_extraction.cc:284]   Features:        4091 (SIFT)
I20260617 13:43:26.522449 0x1703bf000 feature_extraction.cc:262] Processed file [102/436]
I20260617 13:43:26.522517 0x1703bf000 feature_extraction.cc:265]   Name:            cell_114_slot_5.jpg
I20260617 13:43:26.522530 0x1703bf000 feature_extraction.cc:274]   Dimensions:      4224 x 2376
I20260617 13:43:26.522538 0x1703bf000 feature_extraction.cc:277]   Camera:          #92 - SIMPLE_RADIAL
I20260617 13:43:26.522546 0x1703bf000 feature_extraction.cc:280]   Focal Length:    5068.80px
I20260617 13:43:26.522555 0x1703bf000 feature_extraction.cc:284]   Features:        8808 (SIFT)
I20260617 13:43:27.926394 0x1703bf000 feature_extraction.cc:262] Processed file [103/436]
I20260617 13:43:27.926463 0x1703bf000 feature_extraction.cc:265]   Name:            cell_114_slot_9.jpg
I20260617 13:43:27.926473 0x1703bf000 feature_extraction.cc:274]   Dimensions:      4224 x 2376
I20260617 13:43:27.926480 0x1703bf000 feature_extraction.cc:277]   Camera:          #96 - SIMPLE_RADIAL
I20260617 13:43:27.926487 0x1703bf000 feature_extraction.cc:280]   Focal Length:    5068.80px
I20260617 13:43:27.926497 0x1703bf000 feature_extraction.cc:284]   Features:        6609 (SIFT)
I20260617 13:43:28.010400 0x1703bf000 feature_extraction.cc:262] Processed file [104/436]
I20260617 13:43:28.010454 0x1703bf000 feature_extraction.cc:265]   Name:            cell_114_slot_7.jpg
I20260617 13:43:28.010465 0x1703bf000 feature_extraction.cc:274]   Dimensions:      4224 x 2376
I20260617 13:43:28.010472 0x1703bf000 feature_extraction.cc:277]   Camera:          #94 - SIMPLE_RADIAL
I20260617 13:43:28.010479 0x1703bf000 feature_extraction.cc:280]   Focal Length:    5068.80px
I20260617 13:43:28.010489 0x1703bf000 feature_extraction.cc:284]   Features:        8666 (SIFT)
I20260617 13:43:31.698071 0x1703bf000 feature_extraction.cc:262] Processed file [105/436]
I20260617 13:43:31.698353 0x1703bf000 feature_extraction.cc:265]   Name:            cell_33_slot_1.jpg
I20260617 13:43:31.698379 0x1703bf000 feature_extraction.cc:274]   Dimensions:      4224 x 2376
I20260617 13:43:31.698385 0x1703bf000 feature_extraction.cc:277]   Camera:          #99 - SIMPLE_RADIAL
I20260617 13:43:31.698390 0x1703bf000 feature_extraction.cc:280]   Focal Length:    5068.80px
I20260617 13:43:31.698395 0x1703bf000 feature_extraction.cc:284]   Features:        9192 (SIFT)
I20260617 13:43:31.919598 0x1703bf000 feature_extraction.cc:262] Processed file [106/436]
I20260617 13:43:31.919667 0x1703bf000 feature_extraction.cc:265]   Name:            cell_116_slot_0.jpg
I20260617 13:43:31.919678 0x1703bf000 feature_extraction.cc:274]   Dimensions:      4224 x 2376
I20260617 13:43:31.919688 0x1703bf000 feature_extraction.cc:277]   Camera:          #97 - SIMPLE_RADIAL
I20260617 13:43:31.919697 0x1703bf000 feature_extraction.cc:280]   Focal Length:    5068.80px
I20260617 13:43:31.919708 0x1703bf000 feature_extraction.cc:284]   Features:        11229 (SIFT)
I20260617 13:43:32.528268 0x1703bf000 feature_extraction.cc:262] Processed file [107/436]
I20260617 13:43:32.528348 0x1703bf000 feature_extraction.cc:265]   Name:            cell_33_slot_2.jpg
I20260617 13:43:32.528360 0x1703bf000 feature_extraction.cc:274]   Dimensions:      4224 x 2376
I20260617 13:43:32.528390 0x1703bf000 feature_extraction.cc:277]   Camera:          #100 - SIMPLE_RADIAL
I20260617 13:43:32.528399 0x1703bf000 feature_extraction.cc:280]   Focal Length:    5068.80px
I20260617 13:43:32.528408 0x1703bf000 feature_extraction.cc:284]   Features:        8888 (SIFT)
I20260617 13:43:32.791894 0x1703bf000 feature_extraction.cc:262] Processed file [108/436]
I20260617 13:43:32.791961 0x1703bf000 feature_extraction.cc:265]   Name:            cell_33_slot_6.jpg
I20260617 13:43:32.791971 0x1703bf000 feature_extraction.cc:274]   Dimensions:      4224 x 2376
I20260617 13:43:32.791979 0x1703bf000 feature_extraction.cc:277]   Camera:          #104 - SIMPLE_RADIAL
I20260617 13:43:32.791987 0x1703bf000 feature_extraction.cc:280]   Focal Length:    5068.80px
I20260617 13:43:32.791997 0x1703bf000 feature_extraction.cc:284]   Features:        8222 (SIFT)
I20260617 13:43:32.924232 0x1703bf000 feature_extraction.cc:262] Processed file [109/436]
I20260617 13:43:32.924301 0x1703bf000 feature_extraction.cc:265]   Name:            cell_33_slot_7.jpg
I20260617 13:43:32.924311 0x1703bf000 feature_extraction.cc:274]   Dimensions:      4224 x 2376
I20260617 13:43:32.924319 0x1703bf000 feature_extraction.cc:277]   Camera:          #105 - SIMPLE_RADIAL
I20260617 13:43:32.924327 0x1703bf000 feature_extraction.cc:280]   Focal Length:    5068.80px
I20260617 13:43:32.924336 0x1703bf000 feature_extraction.cc:284]   Features:        8244 (SIFT)
I20260617 13:43:33.004918 0x1703bf000 feature_extraction.cc:262] Processed file [110/436]
I20260617 13:43:33.004984 0x1703bf000 feature_extraction.cc:265]   Name:            cell_33_slot_0.jpg
I20260617 13:43:33.004995 0x1703bf000 feature_extraction.cc:274]   Dimensions:      4224 x 2376
I20260617 13:43:33.005003 0x1703bf000 feature_extraction.cc:277]   Camera:          #98 - SIMPLE_RADIAL
I20260617 13:43:33.005010 0x1703bf000 feature_extraction.cc:280]   Focal Length:    5068.80px
I20260617 13:43:33.005019 0x1703bf000 feature_extraction.cc:284]   Features:        12636 (SIFT)
I20260617 13:43:34.087379 0x1703bf000 feature_extraction.cc:262] Processed file [111/436]
I20260617 13:43:34.087452 0x1703bf000 feature_extraction.cc:265]   Name:            cell_33_slot_3.jpg
I20260617 13:43:34.087462 0x1703bf000 feature_extraction.cc:274]   Dimensions:      4224 x 2376
I20260617 13:43:34.087470 0x1703bf000 feature_extraction.cc:277]   Camera:          #101 - SIMPLE_RADIAL
I20260617 13:43:34.087478 0x1703bf000 feature_extraction.cc:280]   Focal Length:    5068.80px
I20260617 13:43:34.087488 0x1703bf000 feature_extraction.cc:284]   Features:        13058 (SIFT)
I20260617 13:43:34.862394 0x1703bf000 feature_extraction.cc:262] Processed file [112/436]
I20260617 13:43:34.862462 0x1703bf000 feature_extraction.cc:265]   Name:            cell_33_slot_4.jpg
I20260617 13:43:34.862472 0x1703bf000 feature_extraction.cc:274]   Dimensions:      4224 x 2376
I20260617 13:43:34.862480 0x1703bf000 feature_extraction.cc:277]   Camera:          #102 - SIMPLE_RADIAL
I20260617 13:43:34.862488 0x1703bf000 feature_extraction.cc:280]   Focal Length:    5068.80px
I20260617 13:43:34.862497 0x1703bf000 feature_extraction.cc:284]   Features:        12799 (SIFT)
I20260617 13:43:35.003363 0x1703bf000 feature_extraction.cc:262] Processed file [113/436]
I20260617 13:43:35.003448 0x1703bf000 feature_extraction.cc:265]   Name:            cell_33_slot_5.jpg
I20260617 13:43:35.003462 0x1703bf000 feature_extraction.cc:274]   Dimensions:      4224 x 2376
I20260617 13:43:35.003472 0x1703bf000 feature_extraction.cc:277]   Camera:          #103 - SIMPLE_RADIAL
I20260617 13:43:35.003481 0x1703bf000 feature_extraction.cc:280]   Focal Length:    5068.80px
I20260617 13:43:35.003492 0x1703bf000 feature_extraction.cc:284]   Features:        12865 (SIFT)
I20260617 13:43:36.492713 0x1703bf000 feature_extraction.cc:262] Processed file [114/436]
I20260617 13:43:36.492777 0x1703bf000 feature_extraction.cc:265]   Name:            cell_41_slot_0.jpg
I20260617 13:43:36.492787 0x1703bf000 feature_extraction.cc:274]   Dimensions:      4224 x 2376
I20260617 13:43:36.492814 0x1703bf000 feature_extraction.cc:277]   Camera:          #106 - SIMPLE_RADIAL
I20260617 13:43:36.492824 0x1703bf000 feature_extraction.cc:280]   Focal Length:    5068.80px
I20260617 13:43:36.492833 0x1703bf000 feature_extraction.cc:284]   Features:        10142 (SIFT)
I20260617 13:43:37.231986 0x1703bf000 feature_extraction.cc:262] Processed file [115/436]
I20260617 13:43:37.232062 0x1703bf000 feature_extraction.cc:265]   Name:            cell_41_slot_2.jpg
I20260617 13:43:37.232079 0x1703bf000 feature_extraction.cc:274]   Dimensions:      4224 x 2376
I20260617 13:43:37.232090 0x1703bf000 feature_extraction.cc:277]   Camera:          #108 - SIMPLE_RADIAL
I20260617 13:43:37.232102 0x1703bf000 feature_extraction.cc:280]   Focal Length:    5068.80px
I20260617 13:43:37.232117 0x1703bf000 feature_extraction.cc:284]   Features:        9905 (SIFT)
I20260617 13:43:37.475563 0x1703bf000 feature_extraction.cc:262] Processed file [116/436]
I20260617 13:43:37.475644 0x1703bf000 feature_extraction.cc:265]   Name:            cell_41_slot_1.jpg
I20260617 13:43:37.475658 0x1703bf000 feature_extraction.cc:274]   Dimensions:      4224 x 2376
I20260617 13:43:37.475667 0x1703bf000 feature_extraction.cc:277]   Camera:          #107 - SIMPLE_RADIAL
I20260617 13:43:37.475678 0x1703bf000 feature_extraction.cc:280]   Focal Length:    5068.80px
I20260617 13:43:37.475689 0x1703bf000 feature_extraction.cc:284]   Features:        9716 (SIFT)
I20260617 13:43:40.507958 0x1703bf000 feature_extraction.cc:262] Processed file [117/436]
I20260617 13:43:40.508545 0x1703bf000 feature_extraction.cc:265]   Name:            cell_41_slot_4.jpg
I20260617 13:43:40.508565 0x1703bf000 feature_extraction.cc:274]   Dimensions:      4224 x 2376
I20260617 13:43:40.508570 0x1703bf000 feature_extraction.cc:277]   Camera:          #110 - SIMPLE_RADIAL
I20260617 13:43:40.508575 0x1703bf000 feature_extraction.cc:280]   Focal Length:    5068.80px
I20260617 13:43:40.508581 0x1703bf000 feature_extraction.cc:284]   Features:        10570 (SIFT)
I20260617 13:43:41.396657 0x1703bf000 feature_extraction.cc:262] Processed file [118/436]
I20260617 13:43:41.396732 0x1703bf000 feature_extraction.cc:265]   Name:            cell_41_slot_3.jpg
I20260617 13:43:41.396744 0x1703bf000 feature_extraction.cc:274]   Dimensions:      4224 x 2376
I20260617 13:43:41.396753 0x1703bf000 feature_extraction.cc:277]   Camera:          #109 - SIMPLE_RADIAL
I20260617 13:43:41.396763 0x1703bf000 feature_extraction.cc:280]   Focal Length:    5068.80px
I20260617 13:43:41.396774 0x1703bf000 feature_extraction.cc:284]   Features:        10222 (SIFT)
I20260617 13:43:41.485352 0x1703bf000 feature_extraction.cc:262] Processed file [119/436]
I20260617 13:43:41.485411 0x1703bf000 feature_extraction.cc:265]   Name:            cell_50_slot_0.json
E20260617 13:43:41.485425 0x1703bf000 feature_extraction.cc:269] cell_50_slot_0.json BITMAP_ERROR: Failed to read the image file format.
I20260617 13:43:41.830896 0x1703bf000 feature_extraction.cc:262] Processed file [120/436]
I20260617 13:43:41.830971 0x1703bf000 feature_extraction.cc:265]   Name:            cell_43_slot_0.jpg
I20260617 13:43:41.830982 0x1703bf000 feature_extraction.cc:274]   Dimensions:      4224 x 2376
I20260617 13:43:41.830992 0x1703bf000 feature_extraction.cc:277]   Camera:          #111 - SIMPLE_RADIAL
I20260617 13:43:41.831001 0x1703bf000 feature_extraction.cc:280]   Focal Length:    5068.80px
I20260617 13:43:41.831012 0x1703bf000 feature_extraction.cc:284]   Features:        11303 (SIFT)
I20260617 13:43:42.185178 0x1703bf000 feature_extraction.cc:262] Processed file [121/436]
I20260617 13:43:42.185285 0x1703bf000 feature_extraction.cc:265]   Name:            cell_43_slot_3.jpg
I20260617 13:43:42.185297 0x1703bf000 feature_extraction.cc:274]   Dimensions:      4224 x 2376
I20260617 13:43:42.185306 0x1703bf000 feature_extraction.cc:277]   Camera:          #114 - SIMPLE_RADIAL
I20260617 13:43:42.185316 0x1703bf000 feature_extraction.cc:280]   Focal Length:    5068.80px
I20260617 13:43:42.185341 0x1703bf000 feature_extraction.cc:284]   Features:        10807 (SIFT)
I20260617 13:43:42.370181 0x1703bf000 feature_extraction.cc:262] Processed file [122/436]
I20260617 13:43:42.370258 0x1703bf000 feature_extraction.cc:265]   Name:            cell_48_slot_2.jpg
I20260617 13:43:42.370270 0x1703bf000 feature_extraction.cc:274]   Dimensions:      4224 x 2376
I20260617 13:43:42.370278 0x1703bf000 feature_extraction.cc:277]   Camera:          #118 - SIMPLE_RADIAL
I20260617 13:43:42.370286 0x1703bf000 feature_extraction.cc:280]   Focal Length:    5068.80px
I20260617 13:43:42.370296 0x1703bf000 feature_extraction.cc:284]   Features:        7672 (SIFT)
I20260617 13:43:42.394509 0x1703bf000 feature_extraction.cc:262] Processed file [123/436]
I20260617 13:43:42.394584 0x1703bf000 feature_extraction.cc:265]   Name:            cell_43_slot_2.jpg
I20260617 13:43:42.394596 0x1703bf000 feature_extraction.cc:274]   Dimensions:      4224 x 2376
I20260617 13:43:42.394604 0x1703bf000 feature_extraction.cc:277]   Camera:          #113 - SIMPLE_RADIAL
I20260617 13:43:42.394613 0x1703bf000 feature_extraction.cc:280]   Focal Length:    5068.80px
I20260617 13:43:42.394624 0x1703bf000 feature_extraction.cc:284]   Features:        11065 (SIFT)
I20260617 13:43:42.461407 0x1703bf000 feature_extraction.cc:262] Processed file [124/436]
I20260617 13:43:42.461466 0x1703bf000 feature_extraction.cc:265]   Name:            cell_43_slot_1.jpg
I20260617 13:43:42.461477 0x1703bf000 feature_extraction.cc:274]   Dimensions:      4224 x 2376
I20260617 13:43:42.461485 0x1703bf000 feature_extraction.cc:277]   Camera:          #112 - SIMPLE_RADIAL
I20260617 13:43:42.461494 0x1703bf000 feature_extraction.cc:280]   Focal Length:    5068.80px
I20260617 13:43:42.461505 0x1703bf000 feature_extraction.cc:284]   Features:        11216 (SIFT)
I20260617 13:43:42.608279 0x1703bf000 feature_extraction.cc:262] Processed file [125/436]
I20260617 13:43:42.608346 0x1703bf000 feature_extraction.cc:265]   Name:            cell_48_slot_1.jpg
I20260617 13:43:42.608357 0x1703bf000 feature_extraction.cc:274]   Dimensions:      4224 x 2376
I20260617 13:43:42.608365 0x1703bf000 feature_extraction.cc:277]   Camera:          #117 - SIMPLE_RADIAL
I20260617 13:43:42.608373 0x1703bf000 feature_extraction.cc:280]   Focal Length:    5068.80px
I20260617 13:43:42.608382 0x1703bf000 feature_extraction.cc:284]   Features:        8558 (SIFT)
I20260617 13:43:42.610660 0x1703bf000 feature_extraction.cc:262] Processed file [126/436]
I20260617 13:43:42.610696 0x1703bf000 feature_extraction.cc:265]   Name:            cell_50_slot_3.json
E20260617 13:43:42.610704 0x1703bf000 feature_extraction.cc:269] cell_50_slot_3.json BITMAP_ERROR: Failed to read the image file format.
I20260617 13:43:43.578318 0x1703bf000 feature_extraction.cc:262] Processed file [127/436]
I20260617 13:43:43.578392 0x1703bf000 feature_extraction.cc:265]   Name:            cell_43_slot_4.jpg
I20260617 13:43:43.578403 0x1703bf000 feature_extraction.cc:274]   Dimensions:      4224 x 2376
I20260617 13:43:43.578410 0x1703bf000 feature_extraction.cc:277]   Camera:          #115 - SIMPLE_RADIAL
I20260617 13:43:43.578418 0x1703bf000 feature_extraction.cc:280]   Focal Length:    5068.80px
I20260617 13:43:43.578427 0x1703bf000 feature_extraction.cc:284]   Features:        10758 (SIFT)
I20260617 13:43:44.636275 0x1703bf000 feature_extraction.cc:262] Processed file [128/436]
I20260617 13:43:44.636343 0x1703bf000 feature_extraction.cc:265]   Name:            cell_48_slot_0.jpg
I20260617 13:43:44.636353 0x1703bf000 feature_extraction.cc:274]   Dimensions:      4224 x 2376
I20260617 13:43:44.636361 0x1703bf000 feature_extraction.cc:277]   Camera:          #116 - SIMPLE_RADIAL
I20260617 13:43:44.636369 0x1703bf000 feature_extraction.cc:280]   Focal Length:    5068.80px
I20260617 13:43:44.636377 0x1703bf000 feature_extraction.cc:284]   Features:        12554 (SIFT)
I20260617 13:43:46.528033 0x1703bf000 feature_extraction.cc:262] Processed file [129/436]
I20260617 13:43:46.528104 0x1703bf000 feature_extraction.cc:265]   Name:            cell_49_slot_0.jpg
I20260617 13:43:46.528114 0x1703bf000 feature_extraction.cc:274]   Dimensions:      4224 x 2376
I20260617 13:43:46.528121 0x1703bf000 feature_extraction.cc:277]   Camera:          #119 - SIMPLE_RADIAL
I20260617 13:43:46.528129 0x1703bf000 feature_extraction.cc:280]   Focal Length:    5068.80px
I20260617 13:43:46.528138 0x1703bf000 feature_extraction.cc:284]   Features:        11707 (SIFT)
I20260617 13:43:47.174410 0x1703bf000 feature_extraction.cc:262] Processed file [130/436]
I20260617 13:43:47.174481 0x1703bf000 feature_extraction.cc:265]   Name:            cell_49_slot_1.jpg
I20260617 13:43:47.174491 0x1703bf000 feature_extraction.cc:274]   Dimensions:      4224 x 2376
I20260617 13:43:47.174498 0x1703bf000 feature_extraction.cc:277]   Camera:          #120 - SIMPLE_RADIAL
I20260617 13:43:47.174506 0x1703bf000 feature_extraction.cc:280]   Focal Length:    5068.80px
I20260617 13:43:47.174516 0x1703bf000 feature_extraction.cc:284]   Features:        12326 (SIFT)
I20260617 13:43:48.762902 0x1703bf000 feature_extraction.cc:262] Processed file [131/436]
I20260617 13:43:48.763061 0x1703bf000 feature_extraction.cc:265]   Name:            cell_49_slot_2.jpg
I20260617 13:43:48.763073 0x1703bf000 feature_extraction.cc:274]   Dimensions:      4224 x 2376
I20260617 13:43:48.763078 0x1703bf000 feature_extraction.cc:277]   Camera:          #121 - SIMPLE_RADIAL
I20260617 13:43:48.763083 0x1703bf000 feature_extraction.cc:280]   Focal Length:    5068.80px
I20260617 13:43:48.763091 0x1703bf000 feature_extraction.cc:284]   Features:        8271 (SIFT)
I20260617 13:43:49.765002 0x1703bf000 feature_extraction.cc:262] Processed file [132/436]
I20260617 13:43:49.765037 0x1703bf000 feature_extraction.cc:265]   Name:            cell_49_slot_3.jpg
I20260617 13:43:49.765042 0x1703bf000 feature_extraction.cc:274]   Dimensions:      4224 x 2376
I20260617 13:43:49.765046 0x1703bf000 feature_extraction.cc:277]   Camera:          #122 - SIMPLE_RADIAL
I20260617 13:43:49.765050 0x1703bf000 feature_extraction.cc:280]   Focal Length:    5068.80px
I20260617 13:43:49.765055 0x1703bf000 feature_extraction.cc:284]   Features:        8317 (SIFT)
I20260617 13:43:50.158256 0x1703bf000 feature_extraction.cc:262] Processed file [133/436]
I20260617 13:43:50.158329 0x1703bf000 feature_extraction.cc:265]   Name:            cell_49_slot_4.jpg
I20260617 13:43:50.158341 0x1703bf000 feature_extraction.cc:274]   Dimensions:      4224 x 2376
I20260617 13:43:50.158351 0x1703bf000 feature_extraction.cc:277]   Camera:          #123 - SIMPLE_RADIAL
I20260617 13:43:50.158360 0x1703bf000 feature_extraction.cc:280]   Focal Length:    5068.80px
I20260617 13:43:50.158371 0x1703bf000 feature_extraction.cc:284]   Features:        8466 (SIFT)
I20260617 13:43:50.753261 0x1703bf000 feature_extraction.cc:262] Processed file [134/436]
I20260617 13:43:50.753339 0x1703bf000 feature_extraction.cc:265]   Name:            cell_49_slot_6.jpg
I20260617 13:43:50.753354 0x1703bf000 feature_extraction.cc:274]   Dimensions:      4224 x 2376
I20260617 13:43:50.753363 0x1703bf000 feature_extraction.cc:277]   Camera:          #125 - SIMPLE_RADIAL
I20260617 13:43:50.753373 0x1703bf000 feature_extraction.cc:280]   Focal Length:    5068.80px
I20260617 13:43:50.753384 0x1703bf000 feature_extraction.cc:284]   Features:        8438 (SIFT)
I20260617 13:43:50.857904 0x1703bf000 feature_extraction.cc:262] Processed file [135/436]
I20260617 13:43:50.857966 0x1703bf000 feature_extraction.cc:265]   Name:            cell_49_slot_5.jpg
I20260617 13:43:50.857978 0x1703bf000 feature_extraction.cc:274]   Dimensions:      4224 x 2376
I20260617 13:43:50.857987 0x1703bf000 feature_extraction.cc:277]   Camera:          #124 - SIMPLE_RADIAL
I20260617 13:43:50.857997 0x1703bf000 feature_extraction.cc:280]   Focal Length:    5068.80px
I20260617 13:43:50.858007 0x1703bf000 feature_extraction.cc:284]   Features:        8390 (SIFT)
I20260617 13:43:51.564349 0x1703bf000 feature_extraction.cc:262] Processed file [136/436]
I20260617 13:43:51.564426 0x1703bf000 feature_extraction.cc:265]   Name:            cell_50_slot_0.jpg
I20260617 13:43:51.564437 0x1703bf000 feature_extraction.cc:274]   Dimensions:      3840 x 2160
I20260617 13:43:51.564447 0x1703bf000 feature_extraction.cc:277]   Camera:          #126 - SIMPLE_RADIAL
I20260617 13:43:51.564457 0x1703bf000 feature_extraction.cc:280]   Focal Length:    4608.00px
I20260617 13:43:51.564468 0x1703bf000 feature_extraction.cc:284]   Features:        9471 (SIFT)
I20260617 13:43:52.352344 0x1703bf000 feature_extraction.cc:262] Processed file [137/436]
I20260617 13:43:52.352426 0x1703bf000 feature_extraction.cc:265]   Name:            cell_50_slot_3.jpg
I20260617 13:43:52.352438 0x1703bf000 feature_extraction.cc:274]   Dimensions:      3840 x 2160
I20260617 13:43:52.352448 0x1703bf000 feature_extraction.cc:277]   Camera:          #129 - SIMPLE_RADIAL
I20260617 13:43:52.352458 0x1703bf000 feature_extraction.cc:280]   Focal Length:    4608.00px
I20260617 13:43:52.352470 0x1703bf000 feature_extraction.cc:284]   Features:        10263 (SIFT)
I20260617 13:43:52.640788 0x1703bf000 feature_extraction.cc:262] Processed file [138/436]
I20260617 13:43:52.640856 0x1703bf000 feature_extraction.cc:265]   Name:            cell_50_slot_2.jpg
I20260617 13:43:52.640868 0x1703bf000 feature_extraction.cc:274]   Dimensions:      4224 x 2376
I20260617 13:43:52.640877 0x1703bf000 feature_extraction.cc:277]   Camera:          #128 - SIMPLE_RADIAL
I20260617 13:43:52.640887 0x1703bf000 feature_extraction.cc:280]   Focal Length:    5068.80px
I20260617 13:43:52.640897 0x1703bf000 feature_extraction.cc:284]   Features:        8333 (SIFT)
I20260617 13:43:53.447093 0x1703bf000 feature_extraction.cc:262] Processed file [139/436]
I20260617 13:43:53.447166 0x1703bf000 feature_extraction.cc:265]   Name:            cell_50_slot_1.jpg
I20260617 13:43:53.447178 0x1703bf000 feature_extraction.cc:274]   Dimensions:      4224 x 2376
I20260617 13:43:53.447188 0x1703bf000 feature_extraction.cc:277]   Camera:          #127 - SIMPLE_RADIAL
I20260617 13:43:53.447198 0x1703bf000 feature_extraction.cc:280]   Focal Length:    5068.80px
I20260617 13:43:53.447210 0x1703bf000 feature_extraction.cc:284]   Features:        11360 (SIFT)
I20260617 13:43:54.166822 0x1703bf000 feature_extraction.cc:262] Processed file [140/436]
I20260617 13:43:54.166893 0x1703bf000 feature_extraction.cc:265]   Name:            cell_50_slot_4.jpg
I20260617 13:43:54.166905 0x1703bf000 feature_extraction.cc:274]   Dimensions:      4224 x 2376
I20260617 13:43:54.166915 0x1703bf000 feature_extraction.cc:277]   Camera:          #130 - SIMPLE_RADIAL
I20260617 13:43:54.166925 0x1703bf000 feature_extraction.cc:280]   Focal Length:    5068.80px
I20260617 13:43:54.166936 0x1703bf000 feature_extraction.cc:284]   Features:        8942 (SIFT)
I20260617 13:43:56.235596 0x1703bf000 feature_extraction.cc:262] Processed file [141/436]
I20260617 13:43:56.235756 0x1703bf000 feature_extraction.cc:265]   Name:            cell_50_slot_5.jpg
I20260617 13:43:56.235780 0x1703bf000 feature_extraction.cc:274]   Dimensions:      4224 x 2376
I20260617 13:43:56.235786 0x1703bf000 feature_extraction.cc:277]   Camera:          #131 - SIMPLE_RADIAL
I20260617 13:43:56.235791 0x1703bf000 feature_extraction.cc:280]   Focal Length:    5068.80px
I20260617 13:43:56.235797 0x1703bf000 feature_extraction.cc:284]   Features:        9514 (SIFT)
I20260617 13:43:57.521507 0x1703bf000 feature_extraction.cc:262] Processed file [142/436]
I20260617 13:43:57.521583 0x1703bf000 feature_extraction.cc:265]   Name:            cell_50_slot_6.jpg
I20260617 13:43:57.521595 0x1703bf000 feature_extraction.cc:274]   Dimensions:      4224 x 2376
I20260617 13:43:57.521604 0x1703bf000 feature_extraction.cc:277]   Camera:          #132 - SIMPLE_RADIAL
I20260617 13:43:57.521614 0x1703bf000 feature_extraction.cc:280]   Focal Length:    5068.80px
I20260617 13:43:57.521626 0x1703bf000 feature_extraction.cc:284]   Features:        9752 (SIFT)
I20260617 13:43:58.923847 0x1703bf000 feature_extraction.cc:262] Processed file [143/436]
I20260617 13:43:58.923922 0x1703bf000 feature_extraction.cc:265]   Name:            cell_50_slot_7.jpg
I20260617 13:43:58.923939 0x1703bf000 feature_extraction.cc:274]   Dimensions:      4224 x 2376
I20260617 13:43:58.923949 0x1703bf000 feature_extraction.cc:277]   Camera:          #133 - SIMPLE_RADIAL
I20260617 13:43:58.923959 0x1703bf000 feature_extraction.cc:280]   Focal Length:    5068.80px
I20260617 13:43:58.923970 0x1703bf000 feature_extraction.cc:284]   Features:        9541 (SIFT)
I20260617 13:43:59.442583 0x1703bf000 feature_extraction.cc:262] Processed file [144/436]
I20260617 13:43:59.442653 0x1703bf000 feature_extraction.cc:265]   Name:            cell_51_slot_0.jpg
I20260617 13:43:59.442667 0x1703bf000 feature_extraction.cc:274]   Dimensions:      4224 x 2376
I20260617 13:43:59.442677 0x1703bf000 feature_extraction.cc:277]   Camera:          #134 - SIMPLE_RADIAL
I20260617 13:43:59.442687 0x1703bf000 feature_extraction.cc:280]   Focal Length:    5068.80px
I20260617 13:43:59.442698 0x1703bf000 feature_extraction.cc:284]   Features:        9402 (SIFT)
I20260617 13:43:59.617565 0x1703bf000 feature_extraction.cc:262] Processed file [145/436]
I20260617 13:43:59.617631 0x1703bf000 feature_extraction.cc:265]   Name:            cell_51_slot_1.jpg
I20260617 13:43:59.617645 0x1703bf000 feature_extraction.cc:274]   Dimensions:      4224 x 2376
I20260617 13:43:59.617655 0x1703bf000 feature_extraction.cc:277]   Camera:          #135 - SIMPLE_RADIAL
I20260617 13:43:59.617665 0x1703bf000 feature_extraction.cc:280]   Focal Length:    5068.80px
I20260617 13:43:59.617676 0x1703bf000 feature_extraction.cc:284]   Features:        9184 (SIFT)
I20260617 13:43:59.703956 0x1703bf000 feature_extraction.cc:262] Processed file [146/436]
I20260617 13:43:59.704008 0x1703bf000 feature_extraction.cc:265]   Name:            cell_55_slot_0.json
E20260617 13:43:59.704022 0x1703bf000 feature_extraction.cc:269] cell_55_slot_0.json BITMAP_ERROR: Failed to read the image file format.
I20260617 13:44:00.707410 0x1703bf000 feature_extraction.cc:262] Processed file [147/436]
I20260617 13:44:00.707486 0x1703bf000 feature_extraction.cc:265]   Name:            cell_51_slot_2.jpg
I20260617 13:44:00.707498 0x1703bf000 feature_extraction.cc:274]   Dimensions:      4224 x 2376
I20260617 13:44:00.707508 0x1703bf000 feature_extraction.cc:277]   Camera:          #136 - SIMPLE_RADIAL
I20260617 13:44:00.707518 0x1703bf000 feature_extraction.cc:280]   Focal Length:    5068.80px
I20260617 13:44:00.707529 0x1703bf000 feature_extraction.cc:284]   Features:        9418 (SIFT)
I20260617 13:44:01.027057 0x1703bf000 feature_extraction.cc:262] Processed file [148/436]
I20260617 13:44:01.027131 0x1703bf000 feature_extraction.cc:265]   Name:            cell_51_slot_4.jpg
I20260617 13:44:01.027142 0x1703bf000 feature_extraction.cc:274]   Dimensions:      4224 x 2376
I20260617 13:44:01.027152 0x1703bf000 feature_extraction.cc:277]   Camera:          #138 - SIMPLE_RADIAL
I20260617 13:44:01.027161 0x1703bf000 feature_extraction.cc:280]   Focal Length:    5068.80px
I20260617 13:44:01.027172 0x1703bf000 feature_extraction.cc:284]   Features:        9510 (SIFT)
I20260617 13:44:01.467591 0x1703bf000 feature_extraction.cc:262] Processed file [149/436]
I20260617 13:44:01.467698 0x1703bf000 feature_extraction.cc:265]   Name:            cell_51_slot_3.jpg
I20260617 13:44:01.467711 0x1703bf000 feature_extraction.cc:274]   Dimensions:      4224 x 2376
I20260617 13:44:01.467720 0x1703bf000 feature_extraction.cc:277]   Camera:          #137 - SIMPLE_RADIAL
I20260617 13:44:01.467730 0x1703bf000 feature_extraction.cc:280]   Focal Length:    5068.80px
I20260617 13:44:01.467742 0x1703bf000 feature_extraction.cc:284]   Features:        9595 (SIFT)
I20260617 13:44:02.508923 0x1703bf000 feature_extraction.cc:262] Processed file [150/436]
I20260617 13:44:02.509005 0x1703bf000 feature_extraction.cc:265]   Name:            cell_51_slot_5.jpg
I20260617 13:44:02.509019 0x1703bf000 feature_extraction.cc:274]   Dimensions:      4224 x 2376
I20260617 13:44:02.509028 0x1703bf000 feature_extraction.cc:277]   Camera:          #139 - SIMPLE_RADIAL
I20260617 13:44:02.509037 0x1703bf000 feature_extraction.cc:280]   Focal Length:    5068.80px
I20260617 13:44:02.509047 0x1703bf000 feature_extraction.cc:284]   Features:        9520 (SIFT)
I20260617 13:44:02.511529 0x1703bf000 feature_extraction.cc:262] Processed file [151/436]
I20260617 13:44:02.511567 0x1703bf000 feature_extraction.cc:265]   Name:            cell_55_slot_2.json
E20260617 13:44:02.511577 0x1703bf000 feature_extraction.cc:269] cell_55_slot_2.json BITMAP_ERROR: Failed to read the image file format.
I20260617 13:44:03.507301 0x1703bf000 feature_extraction.cc:262] Processed file [152/436]
I20260617 13:44:03.507379 0x1703bf000 feature_extraction.cc:265]   Name:            cell_51_slot_6.jpg
I20260617 13:44:03.507392 0x1703bf000 feature_extraction.cc:274]   Dimensions:      4224 x 2376
I20260617 13:44:03.507401 0x1703bf000 feature_extraction.cc:277]   Camera:          #140 - SIMPLE_RADIAL
I20260617 13:44:03.507411 0x1703bf000 feature_extraction.cc:280]   Focal Length:    5068.80px
I20260617 13:44:03.507422 0x1703bf000 feature_extraction.cc:284]   Features:        9923 (SIFT)
I20260617 13:44:04.003880 0x1703bf000 feature_extraction.cc:262] Processed file [153/436]
I20260617 13:44:04.003942 0x1703bf000 feature_extraction.cc:265]   Name:            cell_54_slot_1.jpg
I20260617 13:44:04.003953 0x1703bf000 feature_extraction.cc:274]   Dimensions:      4224 x 2376
I20260617 13:44:04.003963 0x1703bf000 feature_extraction.cc:277]   Camera:          #142 - SIMPLE_RADIAL
I20260617 13:44:04.003973 0x1703bf000 feature_extraction.cc:280]   Focal Length:    5068.80px
I20260617 13:44:04.003983 0x1703bf000 feature_extraction.cc:284]   Features:        9087 (SIFT)
I20260617 13:44:04.172374 0x1703bf000 feature_extraction.cc:262] Processed file [154/436]
I20260617 13:44:04.172425 0x1703bf000 feature_extraction.cc:265]   Name:            cell_54_slot_0.jpg
I20260617 13:44:04.172432 0x1703bf000 feature_extraction.cc:274]   Dimensions:      4224 x 2376
I20260617 13:44:04.172438 0x1703bf000 feature_extraction.cc:277]   Camera:          #141 - SIMPLE_RADIAL
I20260617 13:44:04.172442 0x1703bf000 feature_extraction.cc:280]   Focal Length:    5068.80px
I20260617 13:44:04.172449 0x1703bf000 feature_extraction.cc:284]   Features:        9823 (SIFT)
I20260617 13:44:05.598760 0x1703bf000 feature_extraction.cc:262] Processed file [155/436]
I20260617 13:44:05.599005 0x1703bf000 feature_extraction.cc:265]   Name:            cell_54_slot_2.jpg
I20260617 13:44:05.599020 0x1703bf000 feature_extraction.cc:274]   Dimensions:      4224 x 2376
I20260617 13:44:05.599025 0x1703bf000 feature_extraction.cc:277]   Camera:          #143 - SIMPLE_RADIAL
I20260617 13:44:05.599031 0x1703bf000 feature_extraction.cc:280]   Focal Length:    5068.80px
I20260617 13:44:05.599037 0x1703bf000 feature_extraction.cc:284]   Features:        8786 (SIFT)
I20260617 13:44:07.685429 0x1703bf000 feature_extraction.cc:262] Processed file [156/436]
I20260617 13:44:07.685500 0x1703bf000 feature_extraction.cc:265]   Name:            cell_54_slot_3.jpg
I20260617 13:44:07.685512 0x1703bf000 feature_extraction.cc:274]   Dimensions:      4224 x 2376
I20260617 13:44:07.685521 0x1703bf000 feature_extraction.cc:277]   Camera:          #144 - SIMPLE_RADIAL
I20260617 13:44:07.685531 0x1703bf000 feature_extraction.cc:280]   Focal Length:    5068.80px
I20260617 13:44:07.685541 0x1703bf000 feature_extraction.cc:284]   Features:        11693 (SIFT)
I20260617 13:44:07.688589 0x1703bf000 feature_extraction.cc:262] Processed file [157/436]
I20260617 13:44:07.688617 0x1703bf000 feature_extraction.cc:265]   Name:            cell_55_slot_5.json
E20260617 13:44:07.688624 0x1703bf000 feature_extraction.cc:269] cell_55_slot_5.json BITMAP_ERROR: Failed to read the image file format.
I20260617 13:44:08.275134 0x1703bf000 feature_extraction.cc:262] Processed file [158/436]
I20260617 13:44:08.275211 0x1703bf000 feature_extraction.cc:265]   Name:            cell_54_slot_5.jpg
I20260617 13:44:08.275223 0x1703bf000 feature_extraction.cc:274]   Dimensions:      4224 x 2376
I20260617 13:44:08.275232 0x1703bf000 feature_extraction.cc:277]   Camera:          #146 - SIMPLE_RADIAL
I20260617 13:44:08.275242 0x1703bf000 feature_extraction.cc:280]   Focal Length:    5068.80px
I20260617 13:44:08.275252 0x1703bf000 feature_extraction.cc:284]   Features:        8361 (SIFT)
I20260617 13:44:08.621883 0x1703bf000 feature_extraction.cc:262] Processed file [159/436]
I20260617 13:44:08.621962 0x1703bf000 feature_extraction.cc:265]   Name:            cell_54_slot_4.jpg
I20260617 13:44:08.621977 0x1703bf000 feature_extraction.cc:274]   Dimensions:      4224 x 2376
I20260617 13:44:08.621987 0x1703bf000 feature_extraction.cc:277]   Camera:          #145 - SIMPLE_RADIAL
I20260617 13:44:08.621996 0x1703bf000 feature_extraction.cc:280]   Focal Length:    5068.80px
I20260617 13:44:08.622007 0x1703bf000 feature_extraction.cc:284]   Features:        10761 (SIFT)
I20260617 13:44:09.225064 0x1703bf000 feature_extraction.cc:262] Processed file [160/436]
I20260617 13:44:09.225147 0x1703bf000 feature_extraction.cc:265]   Name:            cell_55_slot_1.jpg
I20260617 13:44:09.225160 0x1703bf000 feature_extraction.cc:274]   Dimensions:      4224 x 2376
I20260617 13:44:09.225170 0x1703bf000 feature_extraction.cc:277]   Camera:          #150 - SIMPLE_RADIAL
I20260617 13:44:09.225181 0x1703bf000 feature_extraction.cc:280]   Focal Length:    5068.80px
I20260617 13:44:09.225193 0x1703bf000 feature_extraction.cc:284]   Features:        8362 (SIFT)
I20260617 13:44:09.756750 0x1703bf000 feature_extraction.cc:262] Processed file [161/436]
I20260617 13:44:09.756825 0x1703bf000 feature_extraction.cc:265]   Name:            cell_54_slot_6.jpg
I20260617 13:44:09.756836 0x1703bf000 feature_extraction.cc:274]   Dimensions:      4224 x 2376
I20260617 13:44:09.756846 0x1703bf000 feature_extraction.cc:277]   Camera:          #147 - SIMPLE_RADIAL
I20260617 13:44:09.756856 0x1703bf000 feature_extraction.cc:280]   Focal Length:    5068.80px
I20260617 13:44:09.756867 0x1703bf000 feature_extraction.cc:284]   Features:        10077 (SIFT)
I20260617 13:44:09.900227 0x1703bf000 feature_extraction.cc:262] Processed file [162/436]
I20260617 13:44:09.900310 0x1703bf000 feature_extraction.cc:265]   Name:            cell_54_slot_7.jpg
I20260617 13:44:09.900327 0x1703bf000 feature_extraction.cc:274]   Dimensions:      4224 x 2376
I20260617 13:44:09.900338 0x1703bf000 feature_extraction.cc:277]   Camera:          #148 - SIMPLE_RADIAL
I20260617 13:44:09.900349 0x1703bf000 feature_extraction.cc:280]   Focal Length:    5068.80px
I20260617 13:44:09.900360 0x1703bf000 feature_extraction.cc:284]   Features:        8669 (SIFT)
I20260617 13:44:10.682899 0x1703bf000 feature_extraction.cc:262] Processed file [163/436]
I20260617 13:44:10.682977 0x1703bf000 feature_extraction.cc:265]   Name:            cell_55_slot_0.jpg
I20260617 13:44:10.682989 0x1703bf000 feature_extraction.cc:274]   Dimensions:      4224 x 2376
I20260617 13:44:10.682999 0x1703bf000 feature_extraction.cc:277]   Camera:          #149 - SIMPLE_RADIAL
I20260617 13:44:10.683009 0x1703bf000 feature_extraction.cc:280]   Focal Length:    5068.80px
I20260617 13:44:10.683021 0x1703bf000 feature_extraction.cc:284]   Features:        11279 (SIFT)
I20260617 13:44:11.563378 0x1703bf000 feature_extraction.cc:262] Processed file [164/436]
I20260617 13:44:11.563438 0x1703bf000 feature_extraction.cc:265]   Name:            cell_55_slot_11.jpg
I20260617 13:44:11.563450 0x1703bf000 feature_extraction.cc:274]   Dimensions:      4224 x 2376
I20260617 13:44:11.563460 0x1703bf000 feature_extraction.cc:277]   Camera:          #152 - SIMPLE_RADIAL
I20260617 13:44:11.563471 0x1703bf000 feature_extraction.cc:280]   Focal Length:    5068.80px
I20260617 13:44:11.563483 0x1703bf000 feature_extraction.cc:284]   Features:        9999 (SIFT)
I20260617 13:44:11.627868 0x1703bf000 feature_extraction.cc:262] Processed file [165/436]
I20260617 13:44:11.627935 0x1703bf000 feature_extraction.cc:265]   Name:            cell_55_slot_2.jpg
I20260617 13:44:11.627947 0x1703bf000 feature_extraction.cc:274]   Dimensions:      4224 x 2376
I20260617 13:44:11.627956 0x1703bf000 feature_extraction.cc:277]   Camera:          #153 - SIMPLE_RADIAL
I20260617 13:44:11.627966 0x1703bf000 feature_extraction.cc:280]   Focal Length:    5068.80px
I20260617 13:44:11.627978 0x1703bf000 feature_extraction.cc:284]   Features:        8374 (SIFT)
I20260617 13:44:11.633931 0x1703bf000 feature_extraction.cc:262] Processed file [166/436]
I20260617 13:44:11.633994 0x1703bf000 feature_extraction.cc:265]   Name:            cell_56_slot_3.json
E20260617 13:44:11.634006 0x1703bf000 feature_extraction.cc:269] cell_56_slot_3.json BITMAP_ERROR: Failed to read the image file format.
I20260617 13:44:12.492307 0x1703bf000 feature_extraction.cc:262] Processed file [167/436]
I20260617 13:44:12.492473 0x1703bf000 feature_extraction.cc:265]   Name:            cell_55_slot_10.jpg
I20260617 13:44:12.492501 0x1703bf000 feature_extraction.cc:274]   Dimensions:      4224 x 2376
I20260617 13:44:12.492508 0x1703bf000 feature_extraction.cc:277]   Camera:          #151 - SIMPLE_RADIAL
I20260617 13:44:12.492515 0x1703bf000 feature_extraction.cc:280]   Focal Length:    5068.80px
I20260617 13:44:12.492524 0x1703bf000 feature_extraction.cc:284]   Features:        9193 (SIFT)
I20260617 13:44:13.014988 0x1703bf000 feature_extraction.cc:262] Processed file [168/436]
I20260617 13:44:13.015075 0x1703bf000 feature_extraction.cc:265]   Name:            cell_55_slot_3.jpg
I20260617 13:44:13.015095 0x1703bf000 feature_extraction.cc:274]   Dimensions:      4224 x 2376
I20260617 13:44:13.015105 0x1703bf000 feature_extraction.cc:277]   Camera:          #154 - SIMPLE_RADIAL
I20260617 13:44:13.015117 0x1703bf000 feature_extraction.cc:280]   Focal Length:    5068.80px
I20260617 13:44:13.015129 0x1703bf000 feature_extraction.cc:284]   Features:        10327 (SIFT)
I20260617 13:44:13.105002 0x1703bf000 feature_extraction.cc:262] Processed file [169/436]
I20260617 13:44:13.105063 0x1703bf000 feature_extraction.cc:265]   Name:            cell_55_slot_5.jpg
I20260617 13:44:13.105074 0x1703bf000 feature_extraction.cc:274]   Dimensions:      3840 x 2160
I20260617 13:44:13.105083 0x1703bf000 feature_extraction.cc:277]   Camera:          #156 - SIMPLE_RADIAL
I20260617 13:44:13.105093 0x1703bf000 feature_extraction.cc:280]   Focal Length:    4608.00px
I20260617 13:44:13.105104 0x1703bf000 feature_extraction.cc:284]   Features:        4944 (SIFT)
I20260617 13:44:13.108892 0x1703bf000 feature_extraction.cc:262] Processed file [170/436]
I20260617 13:44:13.108920 0x1703bf000 feature_extraction.cc:265]   Name:            cell_56_slot_4.json
E20260617 13:44:13.108926 0x1703bf000 feature_extraction.cc:269] cell_56_slot_4.json BITMAP_ERROR: Failed to read the image file format.
I20260617 13:44:16.005935 0x1703bf000 feature_extraction.cc:262] Processed file [171/436]
I20260617 13:44:16.005976 0x1703bf000 feature_extraction.cc:265]   Name:            cell_55_slot_4.jpg
I20260617 13:44:16.005982 0x1703bf000 feature_extraction.cc:274]   Dimensions:      4224 x 2376
I20260617 13:44:16.005986 0x1703bf000 feature_extraction.cc:277]   Camera:          #155 - SIMPLE_RADIAL
I20260617 13:44:16.005991 0x1703bf000 feature_extraction.cc:280]   Focal Length:    5068.80px
I20260617 13:44:16.005996 0x1703bf000 feature_extraction.cc:284]   Features:        10405 (SIFT)
I20260617 13:44:18.352063 0x1703bf000 feature_extraction.cc:262] Processed file [172/436]
I20260617 13:44:18.352219 0x1703bf000 feature_extraction.cc:265]   Name:            cell_55_slot_9.jpg
I20260617 13:44:18.352247 0x1703bf000 feature_extraction.cc:274]   Dimensions:      4224 x 2376
I20260617 13:44:18.352254 0x1703bf000 feature_extraction.cc:277]   Camera:          #160 - SIMPLE_RADIAL
I20260617 13:44:18.352259 0x1703bf000 feature_extraction.cc:280]   Focal Length:    5068.80px
I20260617 13:44:18.352265 0x1703bf000 feature_extraction.cc:284]   Features:        8337 (SIFT)
I20260617 13:44:18.740998 0x1703bf000 feature_extraction.cc:262] Processed file [173/436]
I20260617 13:44:18.741058 0x1703bf000 feature_extraction.cc:265]   Name:            cell_55_slot_6.jpg
I20260617 13:44:18.741070 0x1703bf000 feature_extraction.cc:274]   Dimensions:      4224 x 2376
I20260617 13:44:18.741082 0x1703bf000 feature_extraction.cc:277]   Camera:          #157 - SIMPLE_RADIAL
I20260617 13:44:18.741092 0x1703bf000 feature_extraction.cc:280]   Focal Length:    5068.80px
I20260617 13:44:18.741103 0x1703bf000 feature_extraction.cc:284]   Features:        11384 (SIFT)
I20260617 13:44:19.007191 0x1703bf000 feature_extraction.cc:262] Processed file [174/436]
I20260617 13:44:19.007267 0x1703bf000 feature_extraction.cc:265]   Name:            cell_55_slot_7.jpg
I20260617 13:44:19.007280 0x1703bf000 feature_extraction.cc:274]   Dimensions:      4224 x 2376
I20260617 13:44:19.007291 0x1703bf000 feature_extraction.cc:277]   Camera:          #158 - SIMPLE_RADIAL
I20260617 13:44:19.007301 0x1703bf000 feature_extraction.cc:280]   Focal Length:    5068.80px
I20260617 13:44:19.007314 0x1703bf000 feature_extraction.cc:284]   Features:        12079 (SIFT)
I20260617 13:44:19.014261 0x1703bf000 feature_extraction.cc:262] Processed file [175/436]
I20260617 13:44:19.014321 0x1703bf000 feature_extraction.cc:265]   Name:            cell_58_slot_0.json
E20260617 13:44:19.014333 0x1703bf000 feature_extraction.cc:269] cell_58_slot_0.json BITMAP_ERROR: Failed to read the image file format.
I20260617 13:44:19.404341 0x1703bf000 feature_extraction.cc:262] Processed file [176/436]
I20260617 13:44:19.404418 0x1703bf000 feature_extraction.cc:265]   Name:            cell_55_slot_8.jpg
I20260617 13:44:19.404430 0x1703bf000 feature_extraction.cc:274]   Dimensions:      4224 x 2376
I20260617 13:44:19.404439 0x1703bf000 feature_extraction.cc:277]   Camera:          #159 - SIMPLE_RADIAL
I20260617 13:44:19.404448 0x1703bf000 feature_extraction.cc:280]   Focal Length:    5068.80px
I20260617 13:44:19.404458 0x1703bf000 feature_extraction.cc:284]   Features:        11939 (SIFT)
I20260617 13:44:20.046954 0x1703bf000 feature_extraction.cc:262] Processed file [177/436]
I20260617 13:44:20.047033 0x1703bf000 feature_extraction.cc:265]   Name:            cell_56_slot_11.jpg
I20260617 13:44:20.047044 0x1703bf000 feature_extraction.cc:274]   Dimensions:      4224 x 2376
I20260617 13:44:20.047054 0x1703bf000 feature_extraction.cc:277]   Camera:          #164 - SIMPLE_RADIAL
I20260617 13:44:20.047064 0x1703bf000 feature_extraction.cc:280]   Focal Length:    5068.80px
I20260617 13:44:20.047075 0x1703bf000 feature_extraction.cc:284]   Features:        8542 (SIFT)
I20260617 13:44:20.978186 0x1703bf000 feature_extraction.cc:262] Processed file [178/436]
I20260617 13:44:20.978260 0x1703bf000 feature_extraction.cc:265]   Name:            cell_56_slot_10.jpg
I20260617 13:44:20.978273 0x1703bf000 feature_extraction.cc:274]   Dimensions:      4224 x 2376
I20260617 13:44:20.978283 0x1703bf000 feature_extraction.cc:277]   Camera:          #163 - SIMPLE_RADIAL
I20260617 13:44:20.978293 0x1703bf000 feature_extraction.cc:280]   Focal Length:    5068.80px
I20260617 13:44:20.978304 0x1703bf000 feature_extraction.cc:284]   Features:        10891 (SIFT)
I20260617 13:44:21.207315 0x1703bf000 feature_extraction.cc:262] Processed file [179/436]
I20260617 13:44:21.207399 0x1703bf000 feature_extraction.cc:265]   Name:            cell_56_slot_0.jpg
I20260617 13:44:21.207414 0x1703bf000 feature_extraction.cc:274]   Dimensions:      4224 x 2376
I20260617 13:44:21.207425 0x1703bf000 feature_extraction.cc:277]   Camera:          #161 - SIMPLE_RADIAL
I20260617 13:44:21.207435 0x1703bf000 feature_extraction.cc:280]   Focal Length:    5068.80px
I20260617 13:44:21.207446 0x1703bf000 feature_extraction.cc:284]   Features:        8423 (SIFT)
I20260617 13:44:21.447053 0x1703bf000 feature_extraction.cc:262] Processed file [180/436]
I20260617 13:44:21.447132 0x1703bf000 feature_extraction.cc:265]   Name:            cell_56_slot_1.jpg
I20260617 13:44:21.447146 0x1703bf000 feature_extraction.cc:274]   Dimensions:      4224 x 2376
I20260617 13:44:21.447155 0x1703bf000 feature_extraction.cc:277]   Camera:          #162 - SIMPLE_RADIAL
I20260617 13:44:21.447165 0x1703bf000 feature_extraction.cc:280]   Focal Length:    5068.80px
I20260617 13:44:21.447176 0x1703bf000 feature_extraction.cc:284]   Features:        8263 (SIFT)
I20260617 13:44:22.548988 0x1703bf000 feature_extraction.cc:262] Processed file [181/436]
I20260617 13:44:22.549084 0x1703bf000 feature_extraction.cc:265]   Name:            cell_56_slot_3.jpg
I20260617 13:44:22.549104 0x1703bf000 feature_extraction.cc:274]   Dimensions:      3840 x 2160
I20260617 13:44:22.549116 0x1703bf000 feature_extraction.cc:277]   Camera:          #166 - SIMPLE_RADIAL
I20260617 13:44:22.549127 0x1703bf000 feature_extraction.cc:280]   Focal Length:    4608.00px
I20260617 13:44:22.549141 0x1703bf000 feature_extraction.cc:284]   Features:        8594 (SIFT)
I20260617 13:44:23.338647 0x1703bf000 feature_extraction.cc:262] Processed file [182/436]
I20260617 13:44:23.338723 0x1703bf000 feature_extraction.cc:265]   Name:            cell_56_slot_4.jpg
I20260617 13:44:23.338735 0x1703bf000 feature_extraction.cc:274]   Dimensions:      4224 x 2376
I20260617 13:44:23.338745 0x1703bf000 feature_extraction.cc:277]   Camera:          #167 - SIMPLE_RADIAL
I20260617 13:44:23.338755 0x1703bf000 feature_extraction.cc:280]   Focal Length:    5068.80px
I20260617 13:44:23.338766 0x1703bf000 feature_extraction.cc:284]   Features:        11718 (SIFT)
I20260617 13:44:23.443053 0x1703bf000 feature_extraction.cc:262] Processed file [183/436]
I20260617 13:44:23.443143 0x1703bf000 feature_extraction.cc:265]   Name:            cell_56_slot_2.jpg
I20260617 13:44:23.443155 0x1703bf000 feature_extraction.cc:274]   Dimensions:      4224 x 2376
I20260617 13:44:23.443165 0x1703bf000 feature_extraction.cc:277]   Camera:          #165 - SIMPLE_RADIAL
I20260617 13:44:23.443176 0x1703bf000 feature_extraction.cc:280]   Focal Length:    5068.80px
I20260617 13:44:23.443188 0x1703bf000 feature_extraction.cc:284]   Features:        11742 (SIFT)
I20260617 13:44:24.924274 0x1703bf000 feature_extraction.cc:262] Processed file [184/436]
I20260617 13:44:24.924352 0x1703bf000 feature_extraction.cc:265]   Name:            cell_56_slot_5.jpg
I20260617 13:44:24.924366 0x1703bf000 feature_extraction.cc:274]   Dimensions:      4224 x 2376
I20260617 13:44:24.924376 0x1703bf000 feature_extraction.cc:277]   Camera:          #168 - SIMPLE_RADIAL
I20260617 13:44:24.924387 0x1703bf000 feature_extraction.cc:280]   Focal Length:    5068.80px
I20260617 13:44:24.924399 0x1703bf000 feature_extraction.cc:284]   Features:        10189 (SIFT)
I20260617 13:44:28.141918 0x1703bf000 feature_extraction.cc:262] Processed file [185/436]
I20260617 13:44:28.142258 0x1703bf000 feature_extraction.cc:265]   Name:            cell_56_slot_9.jpg
I20260617 13:44:28.142284 0x1703bf000 feature_extraction.cc:274]   Dimensions:      4224 x 2376
I20260617 13:44:28.142290 0x1703bf000 feature_extraction.cc:277]   Camera:          #172 - SIMPLE_RADIAL
I20260617 13:44:28.142300 0x1703bf000 feature_extraction.cc:280]   Focal Length:    5068.80px
I20260617 13:44:28.142308 0x1703bf000 feature_extraction.cc:284]   Features:        11157 (SIFT)
I20260617 13:44:28.305773 0x1703bf000 feature_extraction.cc:262] Processed file [186/436]
I20260617 13:44:28.305830 0x1703bf000 feature_extraction.cc:265]   Name:            cell_56_slot_7.jpg
I20260617 13:44:28.305842 0x1703bf000 feature_extraction.cc:274]   Dimensions:      4224 x 2376
I20260617 13:44:28.305851 0x1703bf000 feature_extraction.cc:277]   Camera:          #170 - SIMPLE_RADIAL
I20260617 13:44:28.305861 0x1703bf000 feature_extraction.cc:280]   Focal Length:    5068.80px
I20260617 13:44:28.305872 0x1703bf000 feature_extraction.cc:284]   Features:        9944 (SIFT)
I20260617 13:44:28.660447 0x1703bf000 feature_extraction.cc:262] Processed file [187/436]
I20260617 13:44:28.660522 0x1703bf000 feature_extraction.cc:265]   Name:            cell_58_slot_0.jpg
I20260617 13:44:28.660533 0x1703bf000 feature_extraction.cc:274]   Dimensions:      4224 x 2376
I20260617 13:44:28.660543 0x1703bf000 feature_extraction.cc:277]   Camera:          #173 - SIMPLE_RADIAL
I20260617 13:44:28.660553 0x1703bf000 feature_extraction.cc:280]   Focal Length:    5068.80px
I20260617 13:44:28.660564 0x1703bf000 feature_extraction.cc:284]   Features:        11092 (SIFT)
I20260617 13:44:28.971075 0x1703bf000 feature_extraction.cc:262] Processed file [188/436]
I20260617 13:44:28.971154 0x1703bf000 feature_extraction.cc:265]   Name:            cell_58_slot_10.jpg
I20260617 13:44:28.971167 0x1703bf000 feature_extraction.cc:274]   Dimensions:      4224 x 2376
I20260617 13:44:28.971177 0x1703bf000 feature_extraction.cc:277]   Camera:          #175 - SIMPLE_RADIAL
I20260617 13:44:28.971186 0x1703bf000 feature_extraction.cc:280]   Focal Length:    5068.80px
I20260617 13:44:28.971198 0x1703bf000 feature_extraction.cc:284]   Features:        9158 (SIFT)
I20260617 13:44:29.188034 0x1703bf000 feature_extraction.cc:262] Processed file [189/436]
I20260617 13:44:29.188113 0x1703bf000 feature_extraction.cc:265]   Name:            cell_56_slot_6.jpg
I20260617 13:44:29.188130 0x1703bf000 feature_extraction.cc:274]   Dimensions:      4224 x 2376
I20260617 13:44:29.188141 0x1703bf000 feature_extraction.cc:277]   Camera:          #169 - SIMPLE_RADIAL
I20260617 13:44:29.188153 0x1703bf000 feature_extraction.cc:280]   Focal Length:    5068.80px
I20260617 13:44:29.188165 0x1703bf000 feature_extraction.cc:284]   Features:        11020 (SIFT)
I20260617 13:44:29.465353 0x1703bf000 feature_extraction.cc:262] Processed file [190/436]
I20260617 13:44:29.465434 0x1703bf000 feature_extraction.cc:265]   Name:            cell_56_slot_8.jpg
I20260617 13:44:29.465447 0x1703bf000 feature_extraction.cc:274]   Dimensions:      4224 x 2376
I20260617 13:44:29.465456 0x1703bf000 feature_extraction.cc:277]   Camera:          #171 - SIMPLE_RADIAL
I20260617 13:44:29.465466 0x1703bf000 feature_extraction.cc:280]   Focal Length:    5068.80px
I20260617 13:44:29.465477 0x1703bf000 feature_extraction.cc:284]   Features:        11648 (SIFT)
I20260617 13:44:30.531503 0x1703bf000 feature_extraction.cc:262] Processed file [191/436]
I20260617 13:44:30.531588 0x1703bf000 feature_extraction.cc:265]   Name:            cell_58_slot_1.jpg
I20260617 13:44:30.531607 0x1703bf000 feature_extraction.cc:274]   Dimensions:      4224 x 2376
I20260617 13:44:30.531619 0x1703bf000 feature_extraction.cc:277]   Camera:          #174 - SIMPLE_RADIAL
I20260617 13:44:30.531631 0x1703bf000 feature_extraction.cc:280]   Focal Length:    5068.80px
I20260617 13:44:30.531644 0x1703bf000 feature_extraction.cc:284]   Features:        9175 (SIFT)
I20260617 13:44:31.346565 0x1703bf000 feature_extraction.cc:262] Processed file [192/436]
I20260617 13:44:31.346647 0x1703bf000 feature_extraction.cc:265]   Name:            cell_58_slot_11.jpg
I20260617 13:44:31.346661 0x1703bf000 feature_extraction.cc:274]   Dimensions:      4224 x 2376
I20260617 13:44:31.346672 0x1703bf000 feature_extraction.cc:277]   Camera:          #176 - SIMPLE_RADIAL
I20260617 13:44:31.346682 0x1703bf000 feature_extraction.cc:280]   Focal Length:    5068.80px
I20260617 13:44:31.346693 0x1703bf000 feature_extraction.cc:284]   Features:        9493 (SIFT)
I20260617 13:44:31.904541 0x1703bf000 feature_extraction.cc:262] Processed file [193/436]
I20260617 13:44:31.904618 0x1703bf000 feature_extraction.cc:265]   Name:            cell_58_slot_2.jpg
I20260617 13:44:31.904630 0x1703bf000 feature_extraction.cc:274]   Dimensions:      4224 x 2376
I20260617 13:44:31.904639 0x1703bf000 feature_extraction.cc:277]   Camera:          #177 - SIMPLE_RADIAL
I20260617 13:44:31.904649 0x1703bf000 feature_extraction.cc:280]   Focal Length:    5068.80px
I20260617 13:44:31.904661 0x1703bf000 feature_extraction.cc:284]   Features:        8981 (SIFT)
I20260617 13:44:32.892306 0x1703bf000 feature_extraction.cc:262] Processed file [194/436]
I20260617 13:44:32.892390 0x1703bf000 feature_extraction.cc:265]   Name:            cell_58_slot_3.jpg
I20260617 13:44:32.892403 0x1703bf000 feature_extraction.cc:274]   Dimensions:      4224 x 2376
I20260617 13:44:32.892412 0x1703bf000 feature_extraction.cc:277]   Camera:          #178 - SIMPLE_RADIAL
I20260617 13:44:32.892421 0x1703bf000 feature_extraction.cc:280]   Focal Length:    5068.80px
I20260617 13:44:32.892433 0x1703bf000 feature_extraction.cc:284]   Features:        8800 (SIFT)
I20260617 13:44:33.470488 0x1703bf000 feature_extraction.cc:262] Processed file [195/436]
I20260617 13:44:33.470564 0x1703bf000 feature_extraction.cc:265]   Name:            cell_58_slot_5.jpg
I20260617 13:44:33.470576 0x1703bf000 feature_extraction.cc:274]   Dimensions:      4224 x 2376
I20260617 13:44:33.470586 0x1703bf000 feature_extraction.cc:277]   Camera:          #180 - SIMPLE_RADIAL
I20260617 13:44:33.470596 0x1703bf000 feature_extraction.cc:280]   Focal Length:    5068.80px
I20260617 13:44:33.470606 0x1703bf000 feature_extraction.cc:284]   Features:        10774 (SIFT)
I20260617 13:44:34.066664 0x1703bf000 feature_extraction.cc:262] Processed file [196/436]
I20260617 13:44:34.066762 0x1703bf000 feature_extraction.cc:265]   Name:            cell_58_slot_4.jpg
I20260617 13:44:34.066778 0x1703bf000 feature_extraction.cc:274]   Dimensions:      4224 x 2376
I20260617 13:44:34.066787 0x1703bf000 feature_extraction.cc:277]   Camera:          #179 - SIMPLE_RADIAL
I20260617 13:44:34.066797 0x1703bf000 feature_extraction.cc:280]   Focal Length:    5068.80px
I20260617 13:44:34.066809 0x1703bf000 feature_extraction.cc:284]   Features:        12333 (SIFT)
I20260617 13:44:36.561418 0x1703bf000 feature_extraction.cc:262] Processed file [197/436]
I20260617 13:44:36.562270 0x1703bf000 feature_extraction.cc:265]   Name:            cell_58_slot_6.jpg
I20260617 13:44:36.562301 0x1703bf000 feature_extraction.cc:274]   Dimensions:      4224 x 2376
I20260617 13:44:36.562307 0x1703bf000 feature_extraction.cc:277]   Camera:          #181 - SIMPLE_RADIAL
I20260617 13:44:36.562313 0x1703bf000 feature_extraction.cc:280]   Focal Length:    5068.80px
I20260617 13:44:36.562318 0x1703bf000 feature_extraction.cc:284]   Features:        9491 (SIFT)
I20260617 13:44:37.052678 0x1703bf000 feature_extraction.cc:262] Processed file [198/436]
I20260617 13:44:37.052756 0x1703bf000 feature_extraction.cc:265]   Name:            cell_58_slot_8.jpg
I20260617 13:44:37.052767 0x1703bf000 feature_extraction.cc:274]   Dimensions:      4224 x 2376
I20260617 13:44:37.052777 0x1703bf000 feature_extraction.cc:277]   Camera:          #183 - SIMPLE_RADIAL
I20260617 13:44:37.052786 0x1703bf000 feature_extraction.cc:280]   Focal Length:    5068.80px
I20260617 13:44:37.052798 0x1703bf000 feature_extraction.cc:284]   Features:        9873 (SIFT)
I20260617 13:44:37.321241 0x1703bf000 feature_extraction.cc:262] Processed file [199/436]
I20260617 13:44:37.321320 0x1703bf000 feature_extraction.cc:265]   Name:            cell_58_slot_7.jpg
I20260617 13:44:37.321332 0x1703bf000 feature_extraction.cc:274]   Dimensions:      4224 x 2376
I20260617 13:44:37.321341 0x1703bf000 feature_extraction.cc:277]   Camera:          #182 - SIMPLE_RADIAL
I20260617 13:44:37.321351 0x1703bf000 feature_extraction.cc:280]   Focal Length:    5068.80px
I20260617 13:44:37.321361 0x1703bf000 feature_extraction.cc:284]   Features:        8571 (SIFT)
I20260617 13:44:37.383747 0x1703bf000 feature_extraction.cc:262] Processed file [200/436]
I20260617 13:44:37.383860 0x1703bf000 feature_extraction.cc:265]   Name:            cell_58_slot_9.jpg
I20260617 13:44:37.383874 0x1703bf000 feature_extraction.cc:274]   Dimensions:      4224 x 2376
I20260617 13:44:37.383885 0x1703bf000 feature_extraction.cc:277]   Camera:          #184 - SIMPLE_RADIAL
I20260617 13:44:37.383897 0x1703bf000 feature_extraction.cc:280]   Focal Length:    5068.80px
I20260617 13:44:37.383908 0x1703bf000 feature_extraction.cc:284]   Features:        9078 (SIFT)
I20260617 13:44:39.262576 0x1703bf000 feature_extraction.cc:262] Processed file [201/436]
I20260617 13:44:39.262649 0x1703bf000 feature_extraction.cc:265]   Name:            cell_60_slot_1.jpg
I20260617 13:44:39.262662 0x1703bf000 feature_extraction.cc:274]   Dimensions:      4224 x 2376
I20260617 13:44:39.262673 0x1703bf000 feature_extraction.cc:277]   Camera:          #186 - SIMPLE_RADIAL
I20260617 13:44:39.262684 0x1703bf000 feature_extraction.cc:280]   Focal Length:    5068.80px
I20260617 13:44:39.262695 0x1703bf000 feature_extraction.cc:284]   Features:        8258 (SIFT)
I20260617 13:44:40.945699 0x1703bf000 feature_extraction.cc:262] Processed file [202/436]
I20260617 13:44:40.945777 0x1703bf000 feature_extraction.cc:265]   Name:            cell_60_slot_10.jpg
I20260617 13:44:40.945789 0x1703bf000 feature_extraction.cc:274]   Dimensions:      4224 x 2376
I20260617 13:44:40.945799 0x1703bf000 feature_extraction.cc:277]   Camera:          #187 - SIMPLE_RADIAL
I20260617 13:44:40.945808 0x1703bf000 feature_extraction.cc:280]   Focal Length:    5068.80px
I20260617 13:44:40.945820 0x1703bf000 feature_extraction.cc:284]   Features:        12488 (SIFT)
I20260617 13:44:41.075633 0x1703bf000 feature_extraction.cc:262] Processed file [203/436]
I20260617 13:44:41.075718 0x1703bf000 feature_extraction.cc:265]   Name:            cell_60_slot_11.jpg
I20260617 13:44:41.075733 0x1703bf000 feature_extraction.cc:274]   Dimensions:      4224 x 2376
I20260617 13:44:41.075742 0x1703bf000 feature_extraction.cc:277]   Camera:          #188 - SIMPLE_RADIAL
I20260617 13:44:41.075752 0x1703bf000 feature_extraction.cc:280]   Focal Length:    5068.80px
I20260617 13:44:41.075764 0x1703bf000 feature_extraction.cc:284]   Features:        11803 (SIFT)
I20260617 13:44:41.135712 0x1703bf000 feature_extraction.cc:262] Processed file [204/436]
I20260617 13:44:41.135790 0x1703bf000 feature_extraction.cc:265]   Name:            cell_60_slot_0.jpg
I20260617 13:44:41.135802 0x1703bf000 feature_extraction.cc:274]   Dimensions:      4224 x 2376
I20260617 13:44:41.135812 0x1703bf000 feature_extraction.cc:277]   Camera:          #185 - SIMPLE_RADIAL
I20260617 13:44:41.135822 0x1703bf000 feature_extraction.cc:280]   Focal Length:    5068.80px
I20260617 13:44:41.135834 0x1703bf000 feature_extraction.cc:284]   Features:        13369 (SIFT)
I20260617 13:44:41.237945 0x1703bf000 feature_extraction.cc:262] Processed file [205/436]
I20260617 13:44:41.238030 0x1703bf000 feature_extraction.cc:265]   Name:            cell_60_slot_2.jpg
I20260617 13:44:41.238049 0x1703bf000 feature_extraction.cc:274]   Dimensions:      4224 x 2376
I20260617 13:44:41.238059 0x1703bf000 feature_extraction.cc:277]   Camera:          #189 - SIMPLE_RADIAL
I20260617 13:44:41.238069 0x1703bf000 feature_extraction.cc:280]   Focal Length:    5068.80px
I20260617 13:44:41.238080 0x1703bf000 feature_extraction.cc:284]   Features:        8385 (SIFT)
I20260617 13:44:42.083674 0x1703bf000 feature_extraction.cc:262] Processed file [206/436]
I20260617 13:44:42.083753 0x1703bf000 feature_extraction.cc:265]   Name:            cell_60_slot_3.jpg
I20260617 13:44:42.083772 0x1703bf000 feature_extraction.cc:274]   Dimensions:      4224 x 2376
I20260617 13:44:42.083783 0x1703bf000 feature_extraction.cc:277]   Camera:          #190 - SIMPLE_RADIAL
I20260617 13:44:42.083794 0x1703bf000 feature_extraction.cc:280]   Focal Length:    5068.80px
I20260617 13:44:42.083807 0x1703bf000 feature_extraction.cc:284]   Features:        8371 (SIFT)
I20260617 13:44:43.008942 0x1703bf000 feature_extraction.cc:262] Processed file [207/436]
I20260617 13:44:43.009225 0x1703bf000 feature_extraction.cc:265]   Name:            cell_60_slot_4.jpg
I20260617 13:44:43.009249 0x1703bf000 feature_extraction.cc:274]   Dimensions:      4224 x 2376
I20260617 13:44:43.009255 0x1703bf000 feature_extraction.cc:277]   Camera:          #191 - SIMPLE_RADIAL
I20260617 13:44:43.009260 0x1703bf000 feature_extraction.cc:280]   Focal Length:    5068.80px
I20260617 13:44:43.009265 0x1703bf000 feature_extraction.cc:284]   Features:        8260 (SIFT)
I20260617 13:44:43.640630 0x1703bf000 feature_extraction.cc:262] Processed file [208/436]
I20260617 13:44:43.640725 0x1703bf000 feature_extraction.cc:265]   Name:            cell_60_slot_5.jpg
I20260617 13:44:43.640742 0x1703bf000 feature_extraction.cc:274]   Dimensions:      4224 x 2376
I20260617 13:44:43.640753 0x1703bf000 feature_extraction.cc:277]   Camera:          #192 - SIMPLE_RADIAL
I20260617 13:44:43.640762 0x1703bf000 feature_extraction.cc:280]   Focal Length:    5068.80px
I20260617 13:44:43.640774 0x1703bf000 feature_extraction.cc:284]   Features:        8488 (SIFT)
I20260617 13:44:46.589262 0x1703bf000 feature_extraction.cc:262] Processed file [209/436]
I20260617 13:44:46.589338 0x1703bf000 feature_extraction.cc:265]   Name:            cell_60_slot_6.jpg
I20260617 13:44:46.589349 0x1703bf000 feature_extraction.cc:274]   Dimensions:      4224 x 2376
I20260617 13:44:46.589359 0x1703bf000 feature_extraction.cc:277]   Camera:          #193 - SIMPLE_RADIAL
I20260617 13:44:46.589369 0x1703bf000 feature_extraction.cc:280]   Focal Length:    5068.80px
I20260617 13:44:46.589379 0x1703bf000 feature_extraction.cc:284]   Features:        8691 (SIFT)
I20260617 13:44:46.939069 0x1703bf000 feature_extraction.cc:262] Processed file [210/436]
I20260617 13:44:46.939141 0x1703bf000 feature_extraction.cc:265]   Name:            cell_60_slot_9.jpg
I20260617 13:44:46.939153 0x1703bf000 feature_extraction.cc:274]   Dimensions:      4224 x 2376
I20260617 13:44:46.939162 0x1703bf000 feature_extraction.cc:277]   Camera:          #196 - SIMPLE_RADIAL
I20260617 13:44:46.939171 0x1703bf000 feature_extraction.cc:280]   Focal Length:    5068.80px
I20260617 13:44:46.939182 0x1703bf000 feature_extraction.cc:284]   Features:        8390 (SIFT)
I20260617 13:44:47.151027 0x1703bf000 feature_extraction.cc:262] Processed file [211/436]
I20260617 13:44:47.151109 0x1703bf000 feature_extraction.cc:265]   Name:            cell_60_slot_7.jpg
I20260617 13:44:47.151124 0x1703bf000 feature_extraction.cc:274]   Dimensions:      4224 x 2376
I20260617 13:44:47.151135 0x1703bf000 feature_extraction.cc:277]   Camera:          #194 - SIMPLE_RADIAL
I20260617 13:44:47.151146 0x1703bf000 feature_extraction.cc:280]   Focal Length:    5068.80px
I20260617 13:44:47.151158 0x1703bf000 feature_extraction.cc:284]   Features:        8799 (SIFT)
I20260617 13:44:47.256441 0x1703bf000 feature_extraction.cc:262] Processed file [212/436]
I20260617 13:44:47.256516 0x1703bf000 feature_extraction.cc:265]   Name:            cell_60_slot_8.jpg
I20260617 13:44:47.256527 0x1703bf000 feature_extraction.cc:274]   Dimensions:      4224 x 2376
I20260617 13:44:47.256536 0x1703bf000 feature_extraction.cc:277]   Camera:          #195 - SIMPLE_RADIAL
I20260617 13:44:47.256545 0x1703bf000 feature_extraction.cc:280]   Focal Length:    5068.80px
I20260617 13:44:47.256556 0x1703bf000 feature_extraction.cc:284]   Features:        8610 (SIFT)
I20260617 13:44:49.274913 0x1703bf000 feature_extraction.cc:262] Processed file [213/436]
I20260617 13:44:49.274985 0x1703bf000 feature_extraction.cc:265]   Name:            cell_66_slot_0.jpg
I20260617 13:44:49.274997 0x1703bf000 feature_extraction.cc:274]   Dimensions:      4224 x 2376
I20260617 13:44:49.275006 0x1703bf000 feature_extraction.cc:277]   Camera:          #197 - SIMPLE_RADIAL
I20260617 13:44:49.275016 0x1703bf000 feature_extraction.cc:280]   Focal Length:    5068.80px
I20260617 13:44:49.275027 0x1703bf000 feature_extraction.cc:284]   Features:        9200 (SIFT)
I20260617 13:44:50.154575 0x1703bf000 feature_extraction.cc:262] Processed file [214/436]
I20260617 13:44:50.154654 0x1703bf000 feature_extraction.cc:265]   Name:            cell_66_slot_2.jpg
I20260617 13:44:50.154667 0x1703bf000 feature_extraction.cc:274]   Dimensions:      4224 x 2376
I20260617 13:44:50.154677 0x1703bf000 feature_extraction.cc:277]   Camera:          #199 - SIMPLE_RADIAL
I20260617 13:44:50.154687 0x1703bf000 feature_extraction.cc:280]   Focal Length:    5068.80px
I20260617 13:44:50.154698 0x1703bf000 feature_extraction.cc:284]   Features:        8244 (SIFT)
I20260617 13:44:50.331032 0x1703bf000 feature_extraction.cc:262] Processed file [215/436]
I20260617 13:44:50.331102 0x1703bf000 feature_extraction.cc:265]   Name:            cell_66_slot_3.jpg
I20260617 13:44:50.331114 0x1703bf000 feature_extraction.cc:274]   Dimensions:      4224 x 2376
I20260617 13:44:50.331123 0x1703bf000 feature_extraction.cc:277]   Camera:          #200 - SIMPLE_RADIAL
I20260617 13:44:50.331132 0x1703bf000 feature_extraction.cc:280]   Focal Length:    5068.80px
I20260617 13:44:50.331142 0x1703bf000 feature_extraction.cc:284]   Features:        8387 (SIFT)
I20260617 13:44:50.834119 0x1703bf000 feature_extraction.cc:262] Processed file [216/436]
I20260617 13:44:50.834196 0x1703bf000 feature_extraction.cc:265]   Name:            cell_66_slot_1.jpg
I20260617 13:44:50.834210 0x1703bf000 feature_extraction.cc:274]   Dimensions:      4224 x 2376
I20260617 13:44:50.834220 0x1703bf000 feature_extraction.cc:277]   Camera:          #198 - SIMPLE_RADIAL
I20260617 13:44:50.834230 0x1703bf000 feature_extraction.cc:280]   Focal Length:    5068.80px
I20260617 13:44:50.834241 0x1703bf000 feature_extraction.cc:284]   Features:        8912 (SIFT)
I20260617 13:44:51.646113 0x1703bf000 feature_extraction.cc:262] Processed file [217/436]
I20260617 13:44:51.646181 0x1703bf000 feature_extraction.cc:265]   Name:            cell_67_slot_0.jpg
I20260617 13:44:51.646193 0x1703bf000 feature_extraction.cc:274]   Dimensions:      4224 x 2376
I20260617 13:44:51.646202 0x1703bf000 feature_extraction.cc:277]   Camera:          #201 - SIMPLE_RADIAL
I20260617 13:44:51.646212 0x1703bf000 feature_extraction.cc:280]   Focal Length:    5068.80px
I20260617 13:44:51.646222 0x1703bf000 feature_extraction.cc:284]   Features:        11782 (SIFT)
I20260617 13:44:52.550561 0x1703bf000 feature_extraction.cc:262] Processed file [218/436]
I20260617 13:44:52.550639 0x1703bf000 feature_extraction.cc:265]   Name:            cell_67_slot_1.jpg
I20260617 13:44:52.550651 0x1703bf000 feature_extraction.cc:274]   Dimensions:      4224 x 2376
I20260617 13:44:52.550661 0x1703bf000 feature_extraction.cc:277]   Camera:          #202 - SIMPLE_RADIAL
I20260617 13:44:52.550671 0x1703bf000 feature_extraction.cc:280]   Focal Length:    5068.80px
I20260617 13:44:52.550682 0x1703bf000 feature_extraction.cc:284]   Features:        12001 (SIFT)
I20260617 13:44:53.106531 0x1703bf000 feature_extraction.cc:262] Processed file [219/436]
I20260617 13:44:53.106611 0x1703bf000 feature_extraction.cc:265]   Name:            cell_67_slot_2.jpg
I20260617 13:44:53.106622 0x1703bf000 feature_extraction.cc:274]   Dimensions:      4224 x 2376
I20260617 13:44:53.106632 0x1703bf000 feature_extraction.cc:277]   Camera:          #203 - SIMPLE_RADIAL
I20260617 13:44:53.106642 0x1703bf000 feature_extraction.cc:280]   Focal Length:    5068.80px
I20260617 13:44:53.106653 0x1703bf000 feature_extraction.cc:284]   Features:        11833 (SIFT)
I20260617 13:44:54.138650 0x1703bf000 feature_extraction.cc:262] Processed file [220/436]
I20260617 13:44:54.138733 0x1703bf000 feature_extraction.cc:265]   Name:            cell_67_slot_3.jpg
I20260617 13:44:54.138745 0x1703bf000 feature_extraction.cc:274]   Dimensions:      4224 x 2376
I20260617 13:44:54.138755 0x1703bf000 feature_extraction.cc:277]   Camera:          #204 - SIMPLE_RADIAL
I20260617 13:44:54.138765 0x1703bf000 feature_extraction.cc:280]   Focal Length:    5068.80px
I20260617 13:44:54.138776 0x1703bf000 feature_extraction.cc:284]   Features:        12284 (SIFT)
I20260617 13:44:56.482650 0x1703bf000 feature_extraction.cc:262] Processed file [221/436]
I20260617 13:44:56.483487 0x1703bf000 feature_extraction.cc:265]   Name:            cell_67_slot_4.jpg
I20260617 13:44:56.483516 0x1703bf000 feature_extraction.cc:274]   Dimensions:      4224 x 2376
I20260617 13:44:56.483522 0x1703bf000 feature_extraction.cc:277]   Camera:          #205 - SIMPLE_RADIAL
I20260617 13:44:56.483528 0x1703bf000 feature_extraction.cc:280]   Focal Length:    5068.80px
I20260617 13:44:56.483533 0x1703bf000 feature_extraction.cc:284]   Features:        11502 (SIFT)
I20260617 13:44:56.977742 0x1703bf000 feature_extraction.cc:262] Processed file [222/436]
I20260617 13:44:56.977806 0x1703bf000 feature_extraction.cc:265]   Name:            cell_67_slot_5.jpg
I20260617 13:44:56.977817 0x1703bf000 feature_extraction.cc:274]   Dimensions:      4224 x 2376
I20260617 13:44:56.977827 0x1703bf000 feature_extraction.cc:277]   Camera:          #206 - SIMPLE_RADIAL
I20260617 13:44:56.977836 0x1703bf000 feature_extraction.cc:280]   Focal Length:    5068.80px
I20260617 13:44:56.977846 0x1703bf000 feature_extraction.cc:284]   Features:        11631 (SIFT)
I20260617 13:44:57.551028 0x1703bf000 feature_extraction.cc:262] Processed file [223/436]
I20260617 13:44:57.551103 0x1703bf000 feature_extraction.cc:265]   Name:            cell_68_slot_0.jpg
I20260617 13:44:57.551115 0x1703bf000 feature_extraction.cc:274]   Dimensions:      4224 x 2376
I20260617 13:44:57.551125 0x1703bf000 feature_extraction.cc:277]   Camera:          #208 - SIMPLE_RADIAL
I20260617 13:44:57.551135 0x1703bf000 feature_extraction.cc:280]   Focal Length:    5068.80px
I20260617 13:44:57.551146 0x1703bf000 feature_extraction.cc:284]   Features:        9111 (SIFT)
I20260617 13:44:57.652662 0x1703bf000 feature_extraction.cc:262] Processed file [224/436]
I20260617 13:44:57.652719 0x1703bf000 feature_extraction.cc:265]   Name:            cell_67_slot_6.jpg
I20260617 13:44:57.652733 0x1703bf000 feature_extraction.cc:274]   Dimensions:      4224 x 2376
I20260617 13:44:57.652744 0x1703bf000 feature_extraction.cc:277]   Camera:          #207 - SIMPLE_RADIAL
I20260617 13:44:57.652755 0x1703bf000 feature_extraction.cc:280]   Focal Length:    5068.80px
I20260617 13:44:57.652767 0x1703bf000 feature_extraction.cc:284]   Features:        12511 (SIFT)
I20260617 13:44:59.627715 0x1703bf000 feature_extraction.cc:262] Processed file [225/436]
I20260617 13:44:59.627790 0x1703bf000 feature_extraction.cc:265]   Name:            cell_68_slot_1.jpg
I20260617 13:44:59.627802 0x1703bf000 feature_extraction.cc:274]   Dimensions:      4224 x 2376
I20260617 13:44:59.627812 0x1703bf000 feature_extraction.cc:277]   Camera:          #209 - SIMPLE_RADIAL
I20260617 13:44:59.627822 0x1703bf000 feature_extraction.cc:280]   Focal Length:    5068.80px
I20260617 13:44:59.627832 0x1703bf000 feature_extraction.cc:284]   Features:        12403 (SIFT)
I20260617 13:44:59.872316 0x1703bf000 feature_extraction.cc:262] Processed file [226/436]
I20260617 13:44:59.872378 0x1703bf000 feature_extraction.cc:265]   Name:            cell_68_slot_2.jpg
I20260617 13:44:59.872390 0x1703bf000 feature_extraction.cc:274]   Dimensions:      4224 x 2376
I20260617 13:44:59.872400 0x1703bf000 feature_extraction.cc:277]   Camera:          #210 - SIMPLE_RADIAL
I20260617 13:44:59.872411 0x1703bf000 feature_extraction.cc:280]   Focal Length:    5068.80px
I20260617 13:44:59.872421 0x1703bf000 feature_extraction.cc:284]   Features:        8553 (SIFT)
I20260617 13:45:00.067564 0x1703bf000 feature_extraction.cc:262] Processed file [227/436]
I20260617 13:45:00.067681 0x1703bf000 feature_extraction.cc:265]   Name:            cell_68_slot_3.jpg
I20260617 13:45:00.067694 0x1703bf000 feature_extraction.cc:274]   Dimensions:      4224 x 2376
I20260617 13:45:00.067703 0x1703bf000 feature_extraction.cc:277]   Camera:          #211 - SIMPLE_RADIAL
I20260617 13:45:00.067714 0x1703bf000 feature_extraction.cc:280]   Focal Length:    5068.80px
I20260617 13:45:00.067728 0x1703bf000 feature_extraction.cc:284]   Features:        8485 (SIFT)
I20260617 13:45:00.507133 0x1703bf000 feature_extraction.cc:262] Processed file [228/436]
I20260617 13:45:00.507217 0x1703bf000 feature_extraction.cc:265]   Name:            cell_68_slot_4.jpg
I20260617 13:45:00.507232 0x1703bf000 feature_extraction.cc:274]   Dimensions:      4224 x 2376
I20260617 13:45:00.507241 0x1703bf000 feature_extraction.cc:277]   Camera:          #212 - SIMPLE_RADIAL
I20260617 13:45:00.507251 0x1703bf000 feature_extraction.cc:280]   Focal Length:    5068.80px
I20260617 13:45:00.507262 0x1703bf000 feature_extraction.cc:284]   Features:        8798 (SIFT)
I20260617 13:45:01.695315 0x1703bf000 feature_extraction.cc:262] Processed file [229/436]
I20260617 13:45:01.695393 0x1703bf000 feature_extraction.cc:265]   Name:            cell_68_slot_5.jpg
I20260617 13:45:01.695406 0x1703bf000 feature_extraction.cc:274]   Dimensions:      4224 x 2376
I20260617 13:45:01.695416 0x1703bf000 feature_extraction.cc:277]   Camera:          #213 - SIMPLE_RADIAL
I20260617 13:45:01.695426 0x1703bf000 feature_extraction.cc:280]   Focal Length:    5068.80px
I20260617 13:45:01.695437 0x1703bf000 feature_extraction.cc:284]   Features:        8758 (SIFT)
I20260617 13:45:02.299374 0x1703bf000 feature_extraction.cc:262] Processed file [230/436]
I20260617 13:45:02.299455 0x1703bf000 feature_extraction.cc:265]   Name:            cell_69_slot_0.jpg
I20260617 13:45:02.299468 0x1703bf000 feature_extraction.cc:274]   Dimensions:      4224 x 2376
I20260617 13:45:02.299478 0x1703bf000 feature_extraction.cc:277]   Camera:          #215 - SIMPLE_RADIAL
I20260617 13:45:02.299488 0x1703bf000 feature_extraction.cc:280]   Focal Length:    5068.80px
I20260617 13:45:02.299498 0x1703bf000 feature_extraction.cc:284]   Features:        8224 (SIFT)
I20260617 13:45:03.564693 0x1703bf000 feature_extraction.cc:262] Processed file [231/436]
I20260617 13:45:03.564772 0x1703bf000 feature_extraction.cc:265]   Name:            cell_69_slot_1.jpg
I20260617 13:45:03.564784 0x1703bf000 feature_extraction.cc:274]   Dimensions:      4224 x 2376
I20260617 13:45:03.564793 0x1703bf000 feature_extraction.cc:277]   Camera:          #216 - SIMPLE_RADIAL
I20260617 13:45:03.564803 0x1703bf000 feature_extraction.cc:280]   Focal Length:    5068.80px
I20260617 13:45:03.564813 0x1703bf000 feature_extraction.cc:284]   Features:        8522 (SIFT)
I20260617 13:45:04.282855 0x1703bf000 feature_extraction.cc:262] Processed file [232/436]
I20260617 13:45:04.282930 0x1703bf000 feature_extraction.cc:265]   Name:            cell_68_slot_6.jpg
I20260617 13:45:04.282942 0x1703bf000 feature_extraction.cc:274]   Dimensions:      4224 x 2376
I20260617 13:45:04.282951 0x1703bf000 feature_extraction.cc:277]   Camera:          #214 - SIMPLE_RADIAL
I20260617 13:45:04.282961 0x1703bf000 feature_extraction.cc:280]   Focal Length:    5068.80px
I20260617 13:45:04.282973 0x1703bf000 feature_extraction.cc:284]   Features:        10548 (SIFT)
I20260617 13:45:06.399519 0x1703bf000 feature_extraction.cc:262] Processed file [233/436]
I20260617 13:45:06.399592 0x1703bf000 feature_extraction.cc:265]   Name:            cell_69_slot_2.jpg
I20260617 13:45:06.399603 0x1703bf000 feature_extraction.cc:274]   Dimensions:      4224 x 2376
I20260617 13:45:06.399613 0x1703bf000 feature_extraction.cc:277]   Camera:          #217 - SIMPLE_RADIAL
I20260617 13:45:06.399623 0x1703bf000 feature_extraction.cc:280]   Focal Length:    5068.80px
I20260617 13:45:06.399634 0x1703bf000 feature_extraction.cc:284]   Features:        8837 (SIFT)
I20260617 13:45:07.000720 0x1703bf000 feature_extraction.cc:262] Processed file [234/436]
I20260617 13:45:07.000815 0x1703bf000 feature_extraction.cc:265]   Name:            cell_69_slot_3.jpg
I20260617 13:45:07.000828 0x1703bf000 feature_extraction.cc:274]   Dimensions:      4224 x 2376
I20260617 13:45:07.000837 0x1703bf000 feature_extraction.cc:277]   Camera:          #218 - SIMPLE_RADIAL
I20260617 13:45:07.000847 0x1703bf000 feature_extraction.cc:280]   Focal Length:    5068.80px
I20260617 13:45:07.000863 0x1703bf000 feature_extraction.cc:284]   Features:        9037 (SIFT)
I20260617 13:45:07.047001 0x1703bf000 feature_extraction.cc:262] Processed file [235/436]
I20260617 13:45:07.047059 0x1703bf000 feature_extraction.cc:265]   Name:            cell_71_slot_3.json
E20260617 13:45:07.047073 0x1703bf000 feature_extraction.cc:269] cell_71_slot_3.json BITMAP_ERROR: Failed to read the image file format.
I20260617 13:45:07.329439 0x1703bf000 feature_extraction.cc:262] Processed file [236/436]
I20260617 13:45:07.329510 0x1703bf000 feature_extraction.cc:265]   Name:            cell_69_slot_4.jpg
I20260617 13:45:07.329523 0x1703bf000 feature_extraction.cc:274]   Dimensions:      4224 x 2376
I20260617 13:45:07.329533 0x1703bf000 feature_extraction.cc:277]   Camera:          #219 - SIMPLE_RADIAL
I20260617 13:45:07.329544 0x1703bf000 feature_extraction.cc:280]   Focal Length:    5068.80px
I20260617 13:45:07.329556 0x1703bf000 feature_extraction.cc:284]   Features:        8661 (SIFT)
I20260617 13:45:09.220957 0x1703bf000 feature_extraction.cc:262] Processed file [237/436]
I20260617 13:45:09.221033 0x1703bf000 feature_extraction.cc:265]   Name:            cell_69_slot_5.jpg
I20260617 13:45:09.221045 0x1703bf000 feature_extraction.cc:274]   Dimensions:      4224 x 2376
I20260617 13:45:09.221068 0x1703bf000 feature_extraction.cc:277]   Camera:          #220 - SIMPLE_RADIAL
I20260617 13:45:09.221077 0x1703bf000 feature_extraction.cc:280]   Focal Length:    5068.80px
I20260617 13:45:09.221087 0x1703bf000 feature_extraction.cc:284]   Features:        10227 (SIFT)
I20260617 13:45:10.774603 0x1703bf000 feature_extraction.cc:262] Processed file [238/436]
I20260617 13:45:10.774678 0x1703bf000 feature_extraction.cc:265]   Name:            cell_70_slot_0.jpg
I20260617 13:45:10.774688 0x1703bf000 feature_extraction.cc:274]   Dimensions:      4224 x 2376
I20260617 13:45:10.774696 0x1703bf000 feature_extraction.cc:277]   Camera:          #221 - SIMPLE_RADIAL
I20260617 13:45:10.774704 0x1703bf000 feature_extraction.cc:280]   Focal Length:    5068.80px
I20260617 13:45:10.774713 0x1703bf000 feature_extraction.cc:284]   Features:        10421 (SIFT)
I20260617 13:45:10.936588 0x1703bf000 feature_extraction.cc:262] Processed file [239/436]
I20260617 13:45:10.936654 0x1703bf000 feature_extraction.cc:265]   Name:            cell_70_slot_2.jpg
I20260617 13:45:10.936663 0x1703bf000 feature_extraction.cc:274]   Dimensions:      4224 x 2376
I20260617 13:45:10.936671 0x1703bf000 feature_extraction.cc:277]   Camera:          #223 - SIMPLE_RADIAL
I20260617 13:45:10.936679 0x1703bf000 feature_extraction.cc:280]   Focal Length:    5068.80px
I20260617 13:45:10.936688 0x1703bf000 feature_extraction.cc:284]   Features:        9844 (SIFT)
I20260617 13:45:11.549159 0x1703bf000 feature_extraction.cc:262] Processed file [240/436]
I20260617 13:45:11.549229 0x1703bf000 feature_extraction.cc:265]   Name:            cell_70_slot_3.jpg
I20260617 13:45:11.549239 0x1703bf000 feature_extraction.cc:274]   Dimensions:      4224 x 2376
I20260617 13:45:11.549247 0x1703bf000 feature_extraction.cc:277]   Camera:          #224 - SIMPLE_RADIAL
I20260617 13:45:11.549255 0x1703bf000 feature_extraction.cc:280]   Focal Length:    5068.80px
I20260617 13:45:11.549264 0x1703bf000 feature_extraction.cc:284]   Features:        10001 (SIFT)
I20260617 13:45:11.633269 0x1703bf000 feature_extraction.cc:262] Processed file [241/436]
I20260617 13:45:11.633325 0x1703bf000 feature_extraction.cc:265]   Name:            cell_70_slot_1.jpg
I20260617 13:45:11.633339 0x1703bf000 feature_extraction.cc:274]   Dimensions:      4224 x 2376
I20260617 13:45:11.633350 0x1703bf000 feature_extraction.cc:277]   Camera:          #222 - SIMPLE_RADIAL
I20260617 13:45:11.633359 0x1703bf000 feature_extraction.cc:280]   Focal Length:    5068.80px
I20260617 13:45:11.633370 0x1703bf000 feature_extraction.cc:284]   Features:        10546 (SIFT)
I20260617 13:45:12.809083 0x1703bf000 feature_extraction.cc:262] Processed file [242/436]
I20260617 13:45:12.809154 0x1703bf000 feature_extraction.cc:265]   Name:            cell_71_slot_0.jpg
I20260617 13:45:12.809164 0x1703bf000 feature_extraction.cc:274]   Dimensions:      4224 x 2376
I20260617 13:45:12.809172 0x1703bf000 feature_extraction.cc:277]   Camera:          #226 - SIMPLE_RADIAL
I20260617 13:45:12.809180 0x1703bf000 feature_extraction.cc:280]   Focal Length:    5068.80px
I20260617 13:45:12.809189 0x1703bf000 feature_extraction.cc:284]   Features:        9344 (SIFT)
I20260617 13:45:13.175656 0x1703bf000 feature_extraction.cc:262] Processed file [243/436]
I20260617 13:45:13.175725 0x1703bf000 feature_extraction.cc:265]   Name:            cell_70_slot_4.jpg
I20260617 13:45:13.175734 0x1703bf000 feature_extraction.cc:274]   Dimensions:      4224 x 2376
I20260617 13:45:13.175742 0x1703bf000 feature_extraction.cc:277]   Camera:          #225 - SIMPLE_RADIAL
I20260617 13:45:13.175750 0x1703bf000 feature_extraction.cc:280]   Focal Length:    5068.80px
I20260617 13:45:13.175760 0x1703bf000 feature_extraction.cc:284]   Features:        10305 (SIFT)
I20260617 13:45:15.926675 0x1703bf000 feature_extraction.cc:262] Processed file [244/436]
I20260617 13:45:15.926982 0x1703bf000 feature_extraction.cc:265]   Name:            cell_71_slot_1.jpg
I20260617 13:45:15.927005 0x1703bf000 feature_extraction.cc:274]   Dimensions:      4224 x 2376
I20260617 13:45:15.927010 0x1703bf000 feature_extraction.cc:277]   Camera:          #227 - SIMPLE_RADIAL
I20260617 13:45:15.927015 0x1703bf000 feature_extraction.cc:280]   Focal Length:    5068.80px
I20260617 13:45:15.927020 0x1703bf000 feature_extraction.cc:284]   Features:        11436 (SIFT)
I20260617 13:45:16.154620 0x1703bf000 feature_extraction.cc:262] Processed file [245/436]
I20260617 13:45:16.154699 0x1703bf000 feature_extraction.cc:265]   Name:            cell_71_slot_2.jpg
I20260617 13:45:16.154711 0x1703bf000 feature_extraction.cc:274]   Dimensions:      4224 x 2376
I20260617 13:45:16.154720 0x1703bf000 feature_extraction.cc:277]   Camera:          #228 - SIMPLE_RADIAL
I20260617 13:45:16.154729 0x1703bf000 feature_extraction.cc:280]   Focal Length:    5068.80px
I20260617 13:45:16.154740 0x1703bf000 feature_extraction.cc:284]   Features:        10883 (SIFT)
I20260617 13:45:16.501935 0x1703bf000 feature_extraction.cc:262] Processed file [246/436]
I20260617 13:45:16.502011 0x1703bf000 feature_extraction.cc:265]   Name:            cell_71_slot_3.jpg
I20260617 13:45:16.502026 0x1703bf000 feature_extraction.cc:274]   Dimensions:      3840 x 2160
I20260617 13:45:16.502036 0x1703bf000 feature_extraction.cc:277]   Camera:          #229 - SIMPLE_RADIAL
I20260617 13:45:16.502045 0x1703bf000 feature_extraction.cc:280]   Focal Length:    4608.00px
I20260617 13:45:16.502056 0x1703bf000 feature_extraction.cc:284]   Features:        9217 (SIFT)
I20260617 13:45:18.595194 0x1703bf000 feature_extraction.cc:262] Processed file [247/436]
I20260617 13:45:18.595275 0x1703bf000 feature_extraction.cc:265]   Name:            cell_71_slot_4.jpg
I20260617 13:45:18.595287 0x1703bf000 feature_extraction.cc:274]   Dimensions:      4224 x 2376
I20260617 13:45:18.595296 0x1703bf000 feature_extraction.cc:277]   Camera:          #230 - SIMPLE_RADIAL
I20260617 13:45:18.595306 0x1703bf000 feature_extraction.cc:280]   Focal Length:    5068.80px
I20260617 13:45:18.595318 0x1703bf000 feature_extraction.cc:284]   Features:        10366 (SIFT)
I20260617 13:45:19.047698 0x1703bf000 feature_extraction.cc:262] Processed file [248/436]
I20260617 13:45:19.047770 0x1703bf000 feature_extraction.cc:265]   Name:            cell_71_slot_5.jpg
I20260617 13:45:19.047781 0x1703bf000 feature_extraction.cc:274]   Dimensions:      4224 x 2376
I20260617 13:45:19.047791 0x1703bf000 feature_extraction.cc:277]   Camera:          #231 - SIMPLE_RADIAL
I20260617 13:45:19.047800 0x1703bf000 feature_extraction.cc:280]   Focal Length:    5068.80px
I20260617 13:45:19.047810 0x1703bf000 feature_extraction.cc:284]   Features:        10555 (SIFT)
I20260617 13:45:19.954415 0x1703bf000 feature_extraction.cc:262] Processed file [249/436]
I20260617 13:45:19.954495 0x1703bf000 feature_extraction.cc:265]   Name:            cell_71_slot_6.jpg
I20260617 13:45:19.954507 0x1703bf000 feature_extraction.cc:274]   Dimensions:      4224 x 2376
I20260617 13:45:19.954516 0x1703bf000 feature_extraction.cc:277]   Camera:          #232 - SIMPLE_RADIAL
I20260617 13:45:19.954526 0x1703bf000 feature_extraction.cc:280]   Focal Length:    5068.80px
I20260617 13:45:19.954537 0x1703bf000 feature_extraction.cc:284]   Features:        10586 (SIFT)
I20260617 13:45:21.247548 0x1703bf000 feature_extraction.cc:262] Processed file [250/436]
I20260617 13:45:21.247627 0x1703bf000 feature_extraction.cc:265]   Name:            cell_71_slot_7.jpg
I20260617 13:45:21.247640 0x1703bf000 feature_extraction.cc:274]   Dimensions:      4224 x 2376
I20260617 13:45:21.247649 0x1703bf000 feature_extraction.cc:277]   Camera:          #233 - SIMPLE_RADIAL
I20260617 13:45:21.247659 0x1703bf000 feature_extraction.cc:280]   Focal Length:    5068.80px
I20260617 13:45:21.247670 0x1703bf000 feature_extraction.cc:284]   Features:        9507 (SIFT)
I20260617 13:45:21.333751 0x1703bf000 feature_extraction.cc:262] Processed file [251/436]
I20260617 13:45:21.333811 0x1703bf000 feature_extraction.cc:265]   Name:            cell_72_slot_2.jpg
I20260617 13:45:21.333826 0x1703bf000 feature_extraction.cc:274]   Dimensions:      4224 x 2376
I20260617 13:45:21.333835 0x1703bf000 feature_extraction.cc:277]   Camera:          #236 - SIMPLE_RADIAL
I20260617 13:45:21.333845 0x1703bf000 feature_extraction.cc:280]   Focal Length:    5068.80px
I20260617 13:45:21.333856 0x1703bf000 feature_extraction.cc:284]   Features:        11653 (SIFT)
I20260617 13:45:21.868251 0x1703bf000 feature_extraction.cc:262] Processed file [252/436]
I20260617 13:45:21.868346 0x1703bf000 feature_extraction.cc:265]   Name:            cell_72_slot_0.jpg
I20260617 13:45:21.868370 0x1703bf000 feature_extraction.cc:274]   Dimensions:      4224 x 2376
I20260617 13:45:21.868382 0x1703bf000 feature_extraction.cc:277]   Camera:          #234 - SIMPLE_RADIAL
I20260617 13:45:21.868394 0x1703bf000 feature_extraction.cc:280]   Focal Length:    5068.80px
I20260617 13:45:21.868406 0x1703bf000 feature_extraction.cc:284]   Features:        11330 (SIFT)
I20260617 13:45:23.094121 0x1703bf000 feature_extraction.cc:262] Processed file [253/436]
I20260617 13:45:23.094199 0x1703bf000 feature_extraction.cc:265]   Name:            cell_72_slot_1.jpg
I20260617 13:45:23.094213 0x1703bf000 feature_extraction.cc:274]   Dimensions:      4224 x 2376
I20260617 13:45:23.094223 0x1703bf000 feature_extraction.cc:277]   Camera:          #235 - SIMPLE_RADIAL
I20260617 13:45:23.094235 0x1703bf000 feature_extraction.cc:280]   Focal Length:    5068.80px
I20260617 13:45:23.094247 0x1703bf000 feature_extraction.cc:284]   Features:        11385 (SIFT)
I20260617 13:45:24.083972 0x1703bf000 feature_extraction.cc:262] Processed file [254/436]
I20260617 13:45:24.084050 0x1703bf000 feature_extraction.cc:265]   Name:            cell_72_slot_3.jpg
I20260617 13:45:24.084062 0x1703bf000 feature_extraction.cc:274]   Dimensions:      4224 x 2376
I20260617 13:45:24.084073 0x1703bf000 feature_extraction.cc:277]   Camera:          #237 - SIMPLE_RADIAL
I20260617 13:45:24.084083 0x1703bf000 feature_extraction.cc:280]   Focal Length:    5068.80px
I20260617 13:45:24.084095 0x1703bf000 feature_extraction.cc:284]   Features:        10134 (SIFT)
I20260617 13:45:24.790533 0x1703bf000 feature_extraction.cc:262] Processed file [255/436]
I20260617 13:45:24.790610 0x1703bf000 feature_extraction.cc:265]   Name:            cell_72_slot_4.jpg
I20260617 13:45:24.790622 0x1703bf000 feature_extraction.cc:274]   Dimensions:      4224 x 2376
I20260617 13:45:24.790632 0x1703bf000 feature_extraction.cc:277]   Camera:          #238 - SIMPLE_RADIAL
I20260617 13:45:24.790642 0x1703bf000 feature_extraction.cc:280]   Focal Length:    5068.80px
I20260617 13:45:24.790653 0x1703bf000 feature_extraction.cc:284]   Features:        10342 (SIFT)
I20260617 13:45:25.679740 0x1703bf000 feature_extraction.cc:262] Processed file [256/436]
I20260617 13:45:25.679819 0x1703bf000 feature_extraction.cc:265]   Name:            cell_72_slot_5.jpg
I20260617 13:45:25.679831 0x1703bf000 feature_extraction.cc:274]   Dimensions:      4224 x 2376
I20260617 13:45:25.679841 0x1703bf000 feature_extraction.cc:277]   Camera:          #239 - SIMPLE_RADIAL
I20260617 13:45:25.679852 0x1703bf000 feature_extraction.cc:280]   Focal Length:    5068.80px
I20260617 13:45:25.679863 0x1703bf000 feature_extraction.cc:284]   Features:        9534 (SIFT)
I20260617 13:45:26.278442 0x1703bf000 feature_extraction.cc:262] Processed file [257/436]
I20260617 13:45:26.278526 0x1703bf000 feature_extraction.cc:265]   Name:            cell_73_slot_1.jpg
I20260617 13:45:26.278538 0x1703bf000 feature_extraction.cc:274]   Dimensions:      4224 x 2376
I20260617 13:45:26.278548 0x1703bf000 feature_extraction.cc:277]   Camera:          #241 - SIMPLE_RADIAL
I20260617 13:45:26.278558 0x1703bf000 feature_extraction.cc:280]   Focal Length:    5068.80px
I20260617 13:45:26.278569 0x1703bf000 feature_extraction.cc:284]   Features:        8282 (SIFT)
I20260617 13:45:26.730938 0x1703bf000 feature_extraction.cc:262] Processed file [258/436]
I20260617 13:45:26.731014 0x1703bf000 feature_extraction.cc:265]   Name:            cell_73_slot_0.jpg
I20260617 13:45:26.731025 0x1703bf000 feature_extraction.cc:274]   Dimensions:      4224 x 2376
I20260617 13:45:26.731040 0x1703bf000 feature_extraction.cc:277]   Camera:          #240 - SIMPLE_RADIAL
I20260617 13:45:26.731050 0x1703bf000 feature_extraction.cc:280]   Focal Length:    5068.80px
I20260617 13:45:26.731060 0x1703bf000 feature_extraction.cc:284]   Features:        8278 (SIFT)
I20260617 13:45:28.715296 0x1703bf000 feature_extraction.cc:262] Processed file [259/436]
I20260617 13:45:28.715381 0x1703bf000 feature_extraction.cc:265]   Name:            cell_73_slot_10.jpg
I20260617 13:45:28.715393 0x1703bf000 feature_extraction.cc:274]   Dimensions:      4224 x 2376
I20260617 13:45:28.715403 0x1703bf000 feature_extraction.cc:277]   Camera:          #242 - SIMPLE_RADIAL
I20260617 13:45:28.715412 0x1703bf000 feature_extraction.cc:280]   Focal Length:    5068.80px
I20260617 13:45:28.715423 0x1703bf000 feature_extraction.cc:284]   Features:        9924 (SIFT)
I20260617 13:45:29.213313 0x1703bf000 feature_extraction.cc:262] Processed file [260/436]
I20260617 13:45:29.213388 0x1703bf000 feature_extraction.cc:265]   Name:            cell_73_slot_2.jpg
I20260617 13:45:29.213400 0x1703bf000 feature_extraction.cc:274]   Dimensions:      4224 x 2376
I20260617 13:45:29.213409 0x1703bf000 feature_extraction.cc:277]   Camera:          #244 - SIMPLE_RADIAL
I20260617 13:45:29.213419 0x1703bf000 feature_extraction.cc:280]   Focal Length:    5068.80px
I20260617 13:45:29.213430 0x1703bf000 feature_extraction.cc:284]   Features:        10052 (SIFT)
I20260617 13:45:31.543545 0x1703bf000 feature_extraction.cc:262] Processed file [261/436]
I20260617 13:45:31.543926 0x1703bf000 feature_extraction.cc:265]   Name:            cell_73_slot_3.jpg
I20260617 13:45:31.543949 0x1703bf000 feature_extraction.cc:274]   Dimensions:      4224 x 2376
I20260617 13:45:31.543956 0x1703bf000 feature_extraction.cc:277]   Camera:          #245 - SIMPLE_RADIAL
I20260617 13:45:31.543962 0x1703bf000 feature_extraction.cc:280]   Focal Length:    5068.80px
I20260617 13:45:31.543968 0x1703bf000 feature_extraction.cc:284]   Features:        9295 (SIFT)
I20260617 13:45:31.991422 0x1703bf000 feature_extraction.cc:262] Processed file [262/436]
I20260617 13:45:31.991499 0x1703bf000 feature_extraction.cc:265]   Name:            cell_73_slot_4.jpg
I20260617 13:45:31.991511 0x1703bf000 feature_extraction.cc:274]   Dimensions:      4224 x 2376
I20260617 13:45:31.991520 0x1703bf000 feature_extraction.cc:277]   Camera:          #246 - SIMPLE_RADIAL
I20260617 13:45:31.991530 0x1703bf000 feature_extraction.cc:280]   Focal Length:    5068.80px
I20260617 13:45:31.991541 0x1703bf000 feature_extraction.cc:284]   Features:        9741 (SIFT)
I20260617 13:45:32.640970 0x1703bf000 feature_extraction.cc:262] Processed file [263/436]
I20260617 13:45:32.641052 0x1703bf000 feature_extraction.cc:265]   Name:            cell_73_slot_5.jpg
I20260617 13:45:32.641065 0x1703bf000 feature_extraction.cc:274]   Dimensions:      4224 x 2376
I20260617 13:45:32.641076 0x1703bf000 feature_extraction.cc:277]   Camera:          #247 - SIMPLE_RADIAL
I20260617 13:45:32.641086 0x1703bf000 feature_extraction.cc:280]   Focal Length:    5068.80px
I20260617 13:45:32.641098 0x1703bf000 feature_extraction.cc:284]   Features:        9901 (SIFT)
I20260617 13:45:33.059584 0x1703bf000 feature_extraction.cc:262] Processed file [264/436]
I20260617 13:45:33.059659 0x1703bf000 feature_extraction.cc:265]   Name:            cell_76_slot_0.jpg
I20260617 13:45:33.059672 0x1703bf000 feature_extraction.cc:274]   Dimensions:      4224 x 2376
I20260617 13:45:33.059682 0x1703bf000 feature_extraction.cc:277]   Camera:          #254 - SIMPLE_RADIAL
I20260617 13:45:33.059692 0x1703bf000 feature_extraction.cc:280]   Focal Length:    5068.80px
I20260617 13:45:33.059704 0x1703bf000 feature_extraction.cc:284]   Features:        4336 (SIFT)
I20260617 13:45:33.825216 0x1703bf000 feature_extraction.cc:262] Processed file [265/436]
I20260617 13:45:33.825296 0x1703bf000 feature_extraction.cc:265]   Name:            cell_73_slot_11.jpg
I20260617 13:45:33.825308 0x1703bf000 feature_extraction.cc:274]   Dimensions:      4224 x 2376
I20260617 13:45:33.825326 0x1703bf000 feature_extraction.cc:277]   Camera:          #243 - SIMPLE_RADIAL
I20260617 13:45:33.825335 0x1703bf000 feature_extraction.cc:280]   Focal Length:    5068.80px
I20260617 13:45:33.825346 0x1703bf000 feature_extraction.cc:284]   Features:        15428 (SIFT)
I20260617 13:45:34.056464 0x1703bf000 feature_extraction.cc:262] Processed file [266/436]
I20260617 13:45:34.056550 0x1703bf000 feature_extraction.cc:265]   Name:            cell_73_slot_7.jpg
I20260617 13:45:34.056566 0x1703bf000 feature_extraction.cc:274]   Dimensions:      4224 x 2376
I20260617 13:45:34.056576 0x1703bf000 feature_extraction.cc:277]   Camera:          #249 - SIMPLE_RADIAL
I20260617 13:45:34.056586 0x1703bf000 feature_extraction.cc:280]   Focal Length:    5068.80px
I20260617 13:45:34.056597 0x1703bf000 feature_extraction.cc:284]   Features:        10593 (SIFT)
I20260617 13:45:35.290766 0x1703bf000 feature_extraction.cc:262] Processed file [267/436]
I20260617 13:45:35.290850 0x1703bf000 feature_extraction.cc:265]   Name:            cell_73_slot_6.jpg
I20260617 13:45:35.290863 0x1703bf000 feature_extraction.cc:274]   Dimensions:      4224 x 2376
I20260617 13:45:35.290873 0x1703bf000 feature_extraction.cc:277]   Camera:          #248 - SIMPLE_RADIAL
I20260617 13:45:35.290884 0x1703bf000 feature_extraction.cc:280]   Focal Length:    5068.80px
I20260617 13:45:35.290895 0x1703bf000 feature_extraction.cc:284]   Features:        11061 (SIFT)
I20260617 13:45:36.133839 0x1703bf000 feature_extraction.cc:262] Processed file [268/436]
I20260617 13:45:36.133915 0x1703bf000 feature_extraction.cc:265]   Name:            cell_73_slot_9.jpg
I20260617 13:45:36.133927 0x1703bf000 feature_extraction.cc:274]   Dimensions:      4224 x 2376
I20260617 13:45:36.133937 0x1703bf000 feature_extraction.cc:277]   Camera:          #251 - SIMPLE_RADIAL
I20260617 13:45:36.133947 0x1703bf000 feature_extraction.cc:280]   Focal Length:    5068.80px
I20260617 13:45:36.133959 0x1703bf000 feature_extraction.cc:284]   Features:        11130 (SIFT)
I20260617 13:45:36.540392 0x1703bf000 feature_extraction.cc:262] Processed file [269/436]
I20260617 13:45:36.540474 0x1703bf000 feature_extraction.cc:265]   Name:            cell_74_slot_1.jpg
I20260617 13:45:36.540488 0x1703bf000 feature_extraction.cc:274]   Dimensions:      4224 x 2376
I20260617 13:45:36.540498 0x1703bf000 feature_extraction.cc:277]   Camera:          #253 - SIMPLE_RADIAL
I20260617 13:45:36.540508 0x1703bf000 feature_extraction.cc:280]   Focal Length:    5068.80px
I20260617 13:45:36.540519 0x1703bf000 feature_extraction.cc:284]   Features:        10853 (SIFT)
I20260617 13:45:36.644490 0x1703bf000 feature_extraction.cc:262] Processed file [270/436]
I20260617 13:45:36.644572 0x1703bf000 feature_extraction.cc:265]   Name:            cell_73_slot_8.jpg
I20260617 13:45:36.644584 0x1703bf000 feature_extraction.cc:274]   Dimensions:      4224 x 2376
I20260617 13:45:36.644595 0x1703bf000 feature_extraction.cc:277]   Camera:          #250 - SIMPLE_RADIAL
I20260617 13:45:36.644606 0x1703bf000 feature_extraction.cc:280]   Focal Length:    5068.80px
I20260617 13:45:36.644619 0x1703bf000 feature_extraction.cc:284]   Features:        10975 (SIFT)
I20260617 13:45:37.408219 0x1703bf000 feature_extraction.cc:262] Processed file [271/436]
I20260617 13:45:37.408295 0x1703bf000 feature_extraction.cc:265]   Name:            cell_76_slot_1.jpg
I20260617 13:45:37.408307 0x1703bf000 feature_extraction.cc:274]   Dimensions:      4224 x 2376
I20260617 13:45:37.408317 0x1703bf000 feature_extraction.cc:277]   Camera:          #255 - SIMPLE_RADIAL
I20260617 13:45:37.408326 0x1703bf000 feature_extraction.cc:280]   Focal Length:    5068.80px
I20260617 13:45:37.408337 0x1703bf000 feature_extraction.cc:284]   Features:        10424 (SIFT)
I20260617 13:45:37.503843 0x1703bf000 feature_extraction.cc:262] Processed file [272/436]
I20260617 13:45:37.503922 0x1703bf000 feature_extraction.cc:265]   Name:            cell_74_slot_0.jpg
I20260617 13:45:37.503937 0x1703bf000 feature_extraction.cc:274]   Dimensions:      4224 x 2376
I20260617 13:45:37.503949 0x1703bf000 feature_extraction.cc:277]   Camera:          #252 - SIMPLE_RADIAL
I20260617 13:45:37.503958 0x1703bf000 feature_extraction.cc:280]   Focal Length:    5068.80px
I20260617 13:45:37.503970 0x1703bf000 feature_extraction.cc:284]   Features:        10059 (SIFT)
I20260617 13:45:40.949528 0x1703bf000 feature_extraction.cc:262] Processed file [273/436]
I20260617 13:45:40.949607 0x1703bf000 feature_extraction.cc:265]   Name:            cell_76_slot_2.jpg
I20260617 13:45:40.949618 0x1703bf000 feature_extraction.cc:274]   Dimensions:      4224 x 2376
I20260617 13:45:40.949627 0x1703bf000 feature_extraction.cc:277]   Camera:          #256 - SIMPLE_RADIAL
I20260617 13:45:40.949637 0x1703bf000 feature_extraction.cc:280]   Focal Length:    5068.80px
I20260617 13:45:40.949648 0x1703bf000 feature_extraction.cc:284]   Features:        8479 (SIFT)
I20260617 13:45:43.302709 0x1703bf000 feature_extraction.cc:262] Processed file [274/436]
I20260617 13:45:43.302790 0x1703bf000 feature_extraction.cc:265]   Name:            cell_77_slot_3.jpg
I20260617 13:45:43.302801 0x1703bf000 feature_extraction.cc:274]   Dimensions:      4224 x 2376
I20260617 13:45:43.302812 0x1703bf000 feature_extraction.cc:277]   Camera:          #260 - SIMPLE_RADIAL
I20260617 13:45:43.302821 0x1703bf000 feature_extraction.cc:280]   Focal Length:    5068.80px
I20260617 13:45:43.302832 0x1703bf000 feature_extraction.cc:284]   Features:        8332 (SIFT)
I20260617 13:45:43.413557 0x1703bf000 feature_extraction.cc:262] Processed file [275/436]
I20260617 13:45:43.413634 0x1703bf000 feature_extraction.cc:265]   Name:            cell_77_slot_0.jpg
I20260617 13:45:43.413646 0x1703bf000 feature_extraction.cc:274]   Dimensions:      4224 x 2376
I20260617 13:45:43.413655 0x1703bf000 feature_extraction.cc:277]   Camera:          #257 - SIMPLE_RADIAL
I20260617 13:45:43.413664 0x1703bf000 feature_extraction.cc:280]   Focal Length:    5068.80px
I20260617 13:45:43.413675 0x1703bf000 feature_extraction.cc:284]   Features:        13182 (SIFT)
I20260617 13:45:44.506087 0x1703bf000 feature_extraction.cc:262] Processed file [276/436]
I20260617 13:45:44.506167 0x1703bf000 feature_extraction.cc:265]   Name:            cell_77_slot_1.jpg
I20260617 13:45:44.506179 0x1703bf000 feature_extraction.cc:274]   Dimensions:      4224 x 2376
I20260617 13:45:44.506189 0x1703bf000 feature_extraction.cc:277]   Camera:          #258 - SIMPLE_RADIAL
I20260617 13:45:44.506198 0x1703bf000 feature_extraction.cc:280]   Focal Length:    5068.80px
I20260617 13:45:44.506209 0x1703bf000 feature_extraction.cc:284]   Features:        13874 (SIFT)
I20260617 13:45:44.830329 0x1703bf000 feature_extraction.cc:262] Processed file [277/436]
I20260617 13:45:44.830412 0x1703bf000 feature_extraction.cc:265]   Name:            cell_77_slot_4.jpg
I20260617 13:45:44.830426 0x1703bf000 feature_extraction.cc:274]   Dimensions:      4224 x 2376
I20260617 13:45:44.830436 0x1703bf000 feature_extraction.cc:277]   Camera:          #261 - SIMPLE_RADIAL
I20260617 13:45:44.830445 0x1703bf000 feature_extraction.cc:280]   Focal Length:    5068.80px
I20260617 13:45:44.830456 0x1703bf000 feature_extraction.cc:284]   Features:        12331 (SIFT)
I20260617 13:45:44.917296 0x1703bf000 feature_extraction.cc:262] Processed file [278/436]
I20260617 13:45:44.917380 0x1703bf000 feature_extraction.cc:265]   Name:            cell_77_slot_2.jpg
I20260617 13:45:44.917394 0x1703bf000 feature_extraction.cc:274]   Dimensions:      4224 x 2376
I20260617 13:45:44.917403 0x1703bf000 feature_extraction.cc:277]   Camera:          #259 - SIMPLE_RADIAL
I20260617 13:45:44.917413 0x1703bf000 feature_extraction.cc:280]   Focal Length:    5068.80px
I20260617 13:45:44.917424 0x1703bf000 feature_extraction.cc:284]   Features:        13999 (SIFT)
I20260617 13:45:45.734651 0x1703bf000 feature_extraction.cc:262] Processed file [279/436]
I20260617 13:45:45.734771 0x1703bf000 feature_extraction.cc:265]   Name:            cell_77_slot_5.jpg
I20260617 13:45:45.734799 0x1703bf000 feature_extraction.cc:274]   Dimensions:      4224 x 2376
I20260617 13:45:45.734811 0x1703bf000 feature_extraction.cc:277]   Camera:          #262 - SIMPLE_RADIAL
I20260617 13:45:45.734825 0x1703bf000 feature_extraction.cc:280]   Focal Length:    5068.80px
I20260617 13:45:45.734838 0x1703bf000 feature_extraction.cc:284]   Features:        12362 (SIFT)
I20260617 13:45:46.458150 0x1703bf000 feature_extraction.cc:262] Processed file [280/436]
I20260617 13:45:46.458193 0x1703bf000 feature_extraction.cc:265]   Name:            cell_78_slot_0.jpg
I20260617 13:45:46.458199 0x1703bf000 feature_extraction.cc:274]   Dimensions:      4224 x 2376
I20260617 13:45:46.458203 0x1703bf000 feature_extraction.cc:277]   Camera:          #263 - SIMPLE_RADIAL
I20260617 13:45:46.458208 0x1703bf000 feature_extraction.cc:280]   Focal Length:    5068.80px
I20260617 13:45:46.458214 0x1703bf000 feature_extraction.cc:284]   Features:        9068 (SIFT)
I20260617 13:45:47.226302 0x1703bf000 feature_extraction.cc:262] Processed file [281/436]
I20260617 13:45:47.226382 0x1703bf000 feature_extraction.cc:265]   Name:            cell_78_slot_1.jpg
I20260617 13:45:47.226393 0x1703bf000 feature_extraction.cc:274]   Dimensions:      4224 x 2376
I20260617 13:45:47.226403 0x1703bf000 feature_extraction.cc:277]   Camera:          #264 - SIMPLE_RADIAL
I20260617 13:45:47.226413 0x1703bf000 feature_extraction.cc:280]   Focal Length:    5068.80px
I20260617 13:45:47.226424 0x1703bf000 feature_extraction.cc:284]   Features:        9374 (SIFT)
I20260617 13:45:47.758081 0x1703bf000 feature_extraction.cc:262] Processed file [282/436]
I20260617 13:45:47.758161 0x1703bf000 feature_extraction.cc:265]   Name:            cell_78_slot_2.jpg
I20260617 13:45:47.758174 0x1703bf000 feature_extraction.cc:274]   Dimensions:      4224 x 2376
I20260617 13:45:47.758184 0x1703bf000 feature_extraction.cc:277]   Camera:          #267 - SIMPLE_RADIAL
I20260617 13:45:47.758195 0x1703bf000 feature_extraction.cc:280]   Focal Length:    5068.80px
I20260617 13:45:47.758207 0x1703bf000 feature_extraction.cc:284]   Features:        9389 (SIFT)
I20260617 13:45:48.076406 0x1703bf000 feature_extraction.cc:262] Processed file [283/436]
I20260617 13:45:48.076489 0x1703bf000 feature_extraction.cc:265]   Name:            cell_78_slot_10.jpg
I20260617 13:45:48.076502 0x1703bf000 feature_extraction.cc:274]   Dimensions:      4224 x 2376
I20260617 13:45:48.076511 0x1703bf000 feature_extraction.cc:277]   Camera:          #265 - SIMPLE_RADIAL
I20260617 13:45:48.076522 0x1703bf000 feature_extraction.cc:280]   Focal Length:    5068.80px
I20260617 13:45:48.076533 0x1703bf000 feature_extraction.cc:284]   Features:        13313 (SIFT)
I20260617 13:45:48.318210 0x1703bf000 feature_extraction.cc:262] Processed file [284/436]
I20260617 13:45:48.318299 0x1703bf000 feature_extraction.cc:265]   Name:            cell_78_slot_11.jpg
I20260617 13:45:48.318322 0x1703bf000 feature_extraction.cc:274]   Dimensions:      4224 x 2376
I20260617 13:45:48.318336 0x1703bf000 feature_extraction.cc:277]   Camera:          #266 - SIMPLE_RADIAL
I20260617 13:45:48.318349 0x1703bf000 feature_extraction.cc:280]   Focal Length:    5068.80px
I20260617 13:45:48.318363 0x1703bf000 feature_extraction.cc:284]   Features:        12768 (SIFT)
I20260617 13:45:51.722842 0x1703bf000 feature_extraction.cc:262] Processed file [285/436]
I20260617 13:45:51.723676 0x1703bf000 feature_extraction.cc:265]   Name:            cell_78_slot_3.jpg
I20260617 13:45:51.723707 0x1703bf000 feature_extraction.cc:274]   Dimensions:      4224 x 2376
I20260617 13:45:51.723713 0x1703bf000 feature_extraction.cc:277]   Camera:          #268 - SIMPLE_RADIAL
I20260617 13:45:51.723719 0x1703bf000 feature_extraction.cc:280]   Focal Length:    5068.80px
I20260617 13:45:51.723724 0x1703bf000 feature_extraction.cc:284]   Features:        9869 (SIFT)
I20260617 13:45:53.738829 0x1703bf000 feature_extraction.cc:262] Processed file [286/436]
I20260617 13:45:53.738903 0x1703bf000 feature_extraction.cc:265]   Name:            cell_78_slot_4.jpg
I20260617 13:45:53.738914 0x1703bf000 feature_extraction.cc:274]   Dimensions:      4224 x 2376
I20260617 13:45:53.738929 0x1703bf000 feature_extraction.cc:277]   Camera:          #269 - SIMPLE_RADIAL
I20260617 13:45:53.738939 0x1703bf000 feature_extraction.cc:280]   Focal Length:    5068.80px
I20260617 13:45:53.738949 0x1703bf000 feature_extraction.cc:284]   Features:        9462 (SIFT)
I20260617 13:45:53.763531 0x1703bf000 feature_extraction.cc:262] Processed file [287/436]
I20260617 13:45:53.763589 0x1703bf000 feature_extraction.cc:265]   Name:            cell_78_slot_5.jpg
I20260617 13:45:53.763600 0x1703bf000 feature_extraction.cc:274]   Dimensions:      4224 x 2376
I20260617 13:45:53.763609 0x1703bf000 feature_extraction.cc:277]   Camera:          #270 - SIMPLE_RADIAL
I20260617 13:45:53.763618 0x1703bf000 feature_extraction.cc:280]   Focal Length:    5068.80px
I20260617 13:45:53.763629 0x1703bf000 feature_extraction.cc:284]   Features:        9195 (SIFT)
I20260617 13:45:54.146910 0x1703bf000 feature_extraction.cc:262] Processed file [288/436]
I20260617 13:45:54.146990 0x1703bf000 feature_extraction.cc:265]   Name:            cell_78_slot_7.jpg
I20260617 13:45:54.147002 0x1703bf000 feature_extraction.cc:274]   Dimensions:      4224 x 2376
I20260617 13:45:54.147011 0x1703bf000 feature_extraction.cc:277]   Camera:          #272 - SIMPLE_RADIAL
I20260617 13:45:54.147021 0x1703bf000 feature_extraction.cc:280]   Focal Length:    5068.80px
I20260617 13:45:54.147031 0x1703bf000 feature_extraction.cc:284]   Features:        8443 (SIFT)
I20260617 13:45:54.439626 0x1703bf000 feature_extraction.cc:262] Processed file [289/436]
I20260617 13:45:54.439706 0x1703bf000 feature_extraction.cc:265]   Name:            cell_79_slot_0.jpg
I20260617 13:45:54.439721 0x1703bf000 feature_extraction.cc:274]   Dimensions:      4224 x 2376
I20260617 13:45:54.439733 0x1703bf000 feature_extraction.cc:277]   Camera:          #275 - SIMPLE_RADIAL
I20260617 13:45:54.439744 0x1703bf000 feature_extraction.cc:280]   Focal Length:    5068.80px
I20260617 13:45:54.439756 0x1703bf000 feature_extraction.cc:284]   Features:        9934 (SIFT)
I20260617 13:45:54.500191 0x1703bf000 feature_extraction.cc:262] Processed file [290/436]
I20260617 13:45:54.500272 0x1703bf000 feature_extraction.cc:265]   Name:            cell_78_slot_8.jpg
I20260617 13:45:54.500286 0x1703bf000 feature_extraction.cc:274]   Dimensions:      4224 x 2376
I20260617 13:45:54.500296 0x1703bf000 feature_extraction.cc:277]   Camera:          #273 - SIMPLE_RADIAL
I20260617 13:45:54.500305 0x1703bf000 feature_extraction.cc:280]   Focal Length:    5068.80px
I20260617 13:45:54.500317 0x1703bf000 feature_extraction.cc:284]   Features:        8432 (SIFT)
I20260617 13:45:55.416358 0x1703bf000 feature_extraction.cc:262] Processed file [291/436]
I20260617 13:45:55.416435 0x1703bf000 feature_extraction.cc:265]   Name:            cell_80_slot_0.jpg
I20260617 13:45:55.416448 0x1703bf000 feature_extraction.cc:274]   Dimensions:      4224 x 2376
I20260617 13:45:55.416458 0x1703bf000 feature_extraction.cc:277]   Camera:          #278 - SIMPLE_RADIAL
I20260617 13:45:55.416468 0x1703bf000 feature_extraction.cc:280]   Focal Length:    5068.80px
I20260617 13:45:55.416479 0x1703bf000 feature_extraction.cc:284]   Features:        8901 (SIFT)
I20260617 13:45:55.498654 0x1703bf000 feature_extraction.cc:262] Processed file [292/436]
I20260617 13:45:55.498679 0x1703bf000 feature_extraction.cc:265]   Name:            cell_78_slot_6.jpg
I20260617 13:45:55.498683 0x1703bf000 feature_extraction.cc:274]   Dimensions:      4224 x 2376
I20260617 13:45:55.498687 0x1703bf000 feature_extraction.cc:277]   Camera:          #271 - SIMPLE_RADIAL
I20260617 13:45:55.498691 0x1703bf000 feature_extraction.cc:280]   Focal Length:    5068.80px
I20260617 13:45:55.498696 0x1703bf000 feature_extraction.cc:284]   Features:        9678 (SIFT)
I20260617 13:45:57.294798 0x1703bf000 feature_extraction.cc:262] Processed file [293/436]
I20260617 13:45:57.294879 0x1703bf000 feature_extraction.cc:265]   Name:            cell_80_slot_1.jpg
I20260617 13:45:57.294894 0x1703bf000 feature_extraction.cc:274]   Dimensions:      4224 x 2376
I20260617 13:45:57.294905 0x1703bf000 feature_extraction.cc:277]   Camera:          #279 - SIMPLE_RADIAL
I20260617 13:45:57.294915 0x1703bf000 feature_extraction.cc:280]   Focal Length:    5068.80px
I20260617 13:45:57.294926 0x1703bf000 feature_extraction.cc:284]   Features:        11006 (SIFT)
I20260617 13:45:57.377835 0x1703bf000 feature_extraction.cc:262] Processed file [294/436]
I20260617 13:45:57.377895 0x1703bf000 feature_extraction.cc:265]   Name:            cell_81_slot_2.json
E20260617 13:45:57.377914 0x1703bf000 feature_extraction.cc:269] cell_81_slot_2.json BITMAP_ERROR: Failed to read the image file format.
I20260617 13:45:57.478000 0x1703bf000 feature_extraction.cc:262] Processed file [295/436]
I20260617 13:45:57.478080 0x1703bf000 feature_extraction.cc:265]   Name:            cell_78_slot_9.jpg
I20260617 13:45:57.478096 0x1703bf000 feature_extraction.cc:274]   Dimensions:      4224 x 2376
I20260617 13:45:57.478107 0x1703bf000 feature_extraction.cc:277]   Camera:          #274 - SIMPLE_RADIAL
I20260617 13:45:57.478117 0x1703bf000 feature_extraction.cc:280]   Focal Length:    5068.80px
I20260617 13:45:57.478129 0x1703bf000 feature_extraction.cc:284]   Features:        13390 (SIFT)
I20260617 13:45:57.650458 0x1703bf000 feature_extraction.cc:262] Processed file [296/436]
I20260617 13:45:57.650537 0x1703bf000 feature_extraction.cc:265]   Name:            cell_79_slot_1.jpg
I20260617 13:45:57.650549 0x1703bf000 feature_extraction.cc:274]   Dimensions:      4224 x 2376
I20260617 13:45:57.650559 0x1703bf000 feature_extraction.cc:277]   Camera:          #276 - SIMPLE_RADIAL
I20260617 13:45:57.650568 0x1703bf000 feature_extraction.cc:280]   Focal Length:    5068.80px
I20260617 13:45:57.650578 0x1703bf000 feature_extraction.cc:284]   Features:        9827 (SIFT)
I20260617 13:45:57.957038 0x1703bf000 feature_extraction.cc:262] Processed file [297/436]
I20260617 13:45:57.957121 0x1703bf000 feature_extraction.cc:265]   Name:            cell_79_slot_2.jpg
I20260617 13:45:57.957134 0x1703bf000 feature_extraction.cc:274]   Dimensions:      4224 x 2376
I20260617 13:45:57.957144 0x1703bf000 feature_extraction.cc:277]   Camera:          #277 - SIMPLE_RADIAL
I20260617 13:45:57.957155 0x1703bf000 feature_extraction.cc:280]   Focal Length:    5068.80px
I20260617 13:45:57.957167 0x1703bf000 feature_extraction.cc:284]   Features:        9201 (SIFT)
I20260617 13:46:01.543762 0x1703bf000 feature_extraction.cc:262] Processed file [298/436]
I20260617 13:46:01.543824 0x1703bf000 feature_extraction.cc:265]   Name:            cell_80_slot_10.jpg
I20260617 13:46:01.543835 0x1703bf000 feature_extraction.cc:274]   Dimensions:      4224 x 2376
I20260617 13:46:01.543844 0x1703bf000 feature_extraction.cc:277]   Camera:          #280 - SIMPLE_RADIAL
I20260617 13:46:01.543852 0x1703bf000 feature_extraction.cc:280]   Focal Length:    5068.80px
I20260617 13:46:01.543862 0x1703bf000 feature_extraction.cc:284]   Features:        9150 (SIFT)
I20260617 13:46:02.969764 0x1703bf000 feature_extraction.cc:262] Processed file [299/436]
I20260617 13:46:02.970590 0x1703bf000 feature_extraction.cc:265]   Name:            cell_80_slot_2.jpg
I20260617 13:46:02.970614 0x1703bf000 feature_extraction.cc:274]   Dimensions:      4224 x 2376
I20260617 13:46:02.970620 0x1703bf000 feature_extraction.cc:277]   Camera:          #281 - SIMPLE_RADIAL
I20260617 13:46:02.970625 0x1703bf000 feature_extraction.cc:280]   Focal Length:    5068.80px
I20260617 13:46:02.970631 0x1703bf000 feature_extraction.cc:284]   Features:        8253 (SIFT)
I20260617 13:46:03.283852 0x1703bf000 feature_extraction.cc:262] Processed file [300/436]
I20260617 13:46:03.283929 0x1703bf000 feature_extraction.cc:265]   Name:            cell_80_slot_3.jpg
I20260617 13:46:03.283940 0x1703bf000 feature_extraction.cc:274]   Dimensions:      4224 x 2376
I20260617 13:46:03.283950 0x1703bf000 feature_extraction.cc:277]   Camera:          #282 - SIMPLE_RADIAL
I20260617 13:46:03.283959 0x1703bf000 feature_extraction.cc:280]   Focal Length:    5068.80px
I20260617 13:46:03.283970 0x1703bf000 feature_extraction.cc:284]   Features:        8268 (SIFT)
I20260617 13:46:03.638777 0x1703bf000 feature_extraction.cc:262] Processed file [301/436]
I20260617 13:46:03.638854 0x1703bf000 feature_extraction.cc:265]   Name:            cell_80_slot_4.jpg
I20260617 13:46:03.638869 0x1703bf000 feature_extraction.cc:274]   Dimensions:      4224 x 2376
I20260617 13:46:03.638879 0x1703bf000 feature_extraction.cc:277]   Camera:          #283 - SIMPLE_RADIAL
I20260617 13:46:03.638889 0x1703bf000 feature_extraction.cc:280]   Focal Length:    5068.80px
I20260617 13:46:03.638900 0x1703bf000 feature_extraction.cc:284]   Features:        8429 (SIFT)
I20260617 13:46:03.999818 0x1703bf000 feature_extraction.cc:262] Processed file [302/436]
I20260617 13:46:03.999896 0x1703bf000 feature_extraction.cc:265]   Name:            cell_80_slot_6.jpg
I20260617 13:46:03.999907 0x1703bf000 feature_extraction.cc:274]   Dimensions:      4224 x 2376
I20260617 13:46:03.999917 0x1703bf000 feature_extraction.cc:277]   Camera:          #285 - SIMPLE_RADIAL
I20260617 13:46:03.999926 0x1703bf000 feature_extraction.cc:280]   Focal Length:    5068.80px
I20260617 13:46:03.999937 0x1703bf000 feature_extraction.cc:284]   Features:        8801 (SIFT)
I20260617 13:46:04.412405 0x1703bf000 feature_extraction.cc:262] Processed file [303/436]
I20260617 13:46:04.412487 0x1703bf000 feature_extraction.cc:265]   Name:            cell_80_slot_5.jpg
I20260617 13:46:04.412501 0x1703bf000 feature_extraction.cc:274]   Dimensions:      4224 x 2376
I20260617 13:46:04.412512 0x1703bf000 feature_extraction.cc:277]   Camera:          #284 - SIMPLE_RADIAL
I20260617 13:46:04.412522 0x1703bf000 feature_extraction.cc:280]   Focal Length:    5068.80px
I20260617 13:46:04.412533 0x1703bf000 feature_extraction.cc:284]   Features:        9456 (SIFT)
I20260617 13:46:05.122922 0x1703bf000 feature_extraction.cc:262] Processed file [304/436]
I20260617 13:46:05.123004 0x1703bf000 feature_extraction.cc:265]   Name:            cell_81_slot_0.jpg
I20260617 13:46:05.123016 0x1703bf000 feature_extraction.cc:274]   Dimensions:      4224 x 2376
I20260617 13:46:05.123026 0x1703bf000 feature_extraction.cc:277]   Camera:          #289 - SIMPLE_RADIAL
I20260617 13:46:05.123036 0x1703bf000 feature_extraction.cc:280]   Focal Length:    5068.80px
I20260617 13:46:05.123047 0x1703bf000 feature_extraction.cc:284]   Features:        8287 (SIFT)
I20260617 13:46:05.242363 0x1703bf000 feature_extraction.cc:262] Processed file [305/436]
I20260617 13:46:05.242445 0x1703bf000 feature_extraction.cc:265]   Name:            cell_80_slot_8.jpg
I20260617 13:46:05.242460 0x1703bf000 feature_extraction.cc:274]   Dimensions:      4224 x 2376
I20260617 13:46:05.242470 0x1703bf000 feature_extraction.cc:277]   Camera:          #287 - SIMPLE_RADIAL
I20260617 13:46:05.242481 0x1703bf000 feature_extraction.cc:280]   Focal Length:    5068.80px
I20260617 13:46:05.242493 0x1703bf000 feature_extraction.cc:284]   Features:        9189 (SIFT)
I20260617 13:46:05.826858 0x1703bf000 feature_extraction.cc:262] Processed file [306/436]
I20260617 13:46:05.826937 0x1703bf000 feature_extraction.cc:265]   Name:            cell_80_slot_7.jpg
I20260617 13:46:05.826949 0x1703bf000 feature_extraction.cc:274]   Dimensions:      4224 x 2376
I20260617 13:46:05.826959 0x1703bf000 feature_extraction.cc:277]   Camera:          #286 - SIMPLE_RADIAL
I20260617 13:46:05.826969 0x1703bf000 feature_extraction.cc:280]   Focal Length:    5068.80px
I20260617 13:46:05.826980 0x1703bf000 feature_extraction.cc:284]   Features:        11829 (SIFT)
I20260617 13:46:06.096497 0x1703bf000 feature_extraction.cc:262] Processed file [307/436]
I20260617 13:46:06.096589 0x1703bf000 feature_extraction.cc:265]   Name:            cell_81_slot_2.jpg
I20260617 13:46:06.096606 0x1703bf000 feature_extraction.cc:274]   Dimensions:      3840 x 2160
I20260617 13:46:06.096616 0x1703bf000 feature_extraction.cc:277]   Camera:          #291 - SIMPLE_RADIAL
I20260617 13:46:06.096628 0x1703bf000 feature_extraction.cc:280]   Focal Length:    4608.00px
I20260617 13:46:06.096642 0x1703bf000 feature_extraction.cc:284]   Features:        9400 (SIFT)
I20260617 13:46:07.310437 0x1703bf000 feature_extraction.cc:262] Processed file [308/436]
I20260617 13:46:07.310493 0x1703bf000 feature_extraction.cc:265]   Name:            cell_81_slot_1.jpg
I20260617 13:46:07.310509 0x1703bf000 feature_extraction.cc:274]   Dimensions:      4224 x 2376
I20260617 13:46:07.310520 0x1703bf000 feature_extraction.cc:277]   Camera:          #290 - SIMPLE_RADIAL
I20260617 13:46:07.310531 0x1703bf000 feature_extraction.cc:280]   Focal Length:    5068.80px
I20260617 13:46:07.310543 0x1703bf000 feature_extraction.cc:284]   Features:        10636 (SIFT)
I20260617 13:46:07.935888 0x1703bf000 feature_extraction.cc:262] Processed file [309/436]
I20260617 13:46:07.935971 0x1703bf000 feature_extraction.cc:265]   Name:            cell_80_slot_9.jpg
I20260617 13:46:07.935984 0x1703bf000 feature_extraction.cc:274]   Dimensions:      4224 x 2376
I20260617 13:46:07.935994 0x1703bf000 feature_extraction.cc:277]   Camera:          #288 - SIMPLE_RADIAL
I20260617 13:46:07.936004 0x1703bf000 feature_extraction.cc:280]   Focal Length:    5068.80px
I20260617 13:46:07.936015 0x1703bf000 feature_extraction.cc:284]   Features:        9685 (SIFT)
I20260617 13:46:10.203170 0x1703bf000 feature_extraction.cc:262] Processed file [310/436]
I20260617 13:46:10.203263 0x1703bf000 feature_extraction.cc:265]   Name:            cell_81_slot_3.jpg
I20260617 13:46:10.203277 0x1703bf000 feature_extraction.cc:274]   Dimensions:      4224 x 2376
I20260617 13:46:10.203288 0x1703bf000 feature_extraction.cc:277]   Camera:          #292 - SIMPLE_RADIAL
I20260617 13:46:10.203298 0x1703bf000 feature_extraction.cc:280]   Focal Length:    5068.80px
I20260617 13:46:10.203309 0x1703bf000 feature_extraction.cc:284]   Features:        8425 (SIFT)
I20260617 13:46:11.984722 0x1703bf000 feature_extraction.cc:262] Processed file [311/436]
I20260617 13:46:11.985058 0x1703bf000 feature_extraction.cc:265]   Name:            cell_81_slot_5.jpg
I20260617 13:46:11.985084 0x1703bf000 feature_extraction.cc:274]   Dimensions:      4224 x 2376
I20260617 13:46:11.985090 0x1703bf000 feature_extraction.cc:277]   Camera:          #294 - SIMPLE_RADIAL
I20260617 13:46:11.985096 0x1703bf000 feature_extraction.cc:280]   Focal Length:    5068.80px
I20260617 13:46:11.985102 0x1703bf000 feature_extraction.cc:284]   Features:        10153 (SIFT)
I20260617 13:46:12.049742 0x1703bf000 feature_extraction.cc:262] Processed file [312/436]
I20260617 13:46:12.049822 0x1703bf000 feature_extraction.cc:265]   Name:            cell_81_slot_6.jpg
I20260617 13:46:12.049834 0x1703bf000 feature_extraction.cc:274]   Dimensions:      4224 x 2376
I20260617 13:46:12.049843 0x1703bf000 feature_extraction.cc:277]   Camera:          #295 - SIMPLE_RADIAL
I20260617 13:46:12.049853 0x1703bf000 feature_extraction.cc:280]   Focal Length:    5068.80px
I20260617 13:46:12.049864 0x1703bf000 feature_extraction.cc:284]   Features:        9422 (SIFT)
I20260617 13:46:12.603658 0x1703bf000 feature_extraction.cc:262] Processed file [313/436]
I20260617 13:46:12.603740 0x1703bf000 feature_extraction.cc:265]   Name:            cell_81_slot_8.jpg
I20260617 13:46:12.603754 0x1703bf000 feature_extraction.cc:274]   Dimensions:      4224 x 2376
I20260617 13:46:12.603764 0x1703bf000 feature_extraction.cc:277]   Camera:          #297 - SIMPLE_RADIAL
I20260617 13:46:12.603774 0x1703bf000 feature_extraction.cc:280]   Focal Length:    5068.80px
I20260617 13:46:12.603785 0x1703bf000 feature_extraction.cc:284]   Features:        9475 (SIFT)
I20260617 13:46:13.060466 0x1703bf000 feature_extraction.cc:262] Processed file [314/436]
I20260617 13:46:13.060543 0x1703bf000 feature_extraction.cc:265]   Name:            cell_81_slot_9.jpg
I20260617 13:46:13.060556 0x1703bf000 feature_extraction.cc:274]   Dimensions:      4224 x 2376
I20260617 13:46:13.060565 0x1703bf000 feature_extraction.cc:277]   Camera:          #298 - SIMPLE_RADIAL
I20260617 13:46:13.060574 0x1703bf000 feature_extraction.cc:280]   Focal Length:    5068.80px
I20260617 13:46:13.060584 0x1703bf000 feature_extraction.cc:284]   Features:        9068 (SIFT)
I20260617 13:46:14.325924 0x1703bf000 feature_extraction.cc:262] Processed file [315/436]
I20260617 13:46:14.326012 0x1703bf000 feature_extraction.cc:265]   Name:            cell_81_slot_4.jpg
I20260617 13:46:14.326027 0x1703bf000 feature_extraction.cc:274]   Dimensions:      4224 x 2376
I20260617 13:46:14.326037 0x1703bf000 feature_extraction.cc:277]   Camera:          #293 - SIMPLE_RADIAL
I20260617 13:46:14.326047 0x1703bf000 feature_extraction.cc:280]   Focal Length:    5068.80px
I20260617 13:46:14.326059 0x1703bf000 feature_extraction.cc:284]   Features:        12859 (SIFT)
I20260617 13:46:14.912254 0x1703bf000 feature_extraction.cc:262] Processed file [316/436]
I20260617 13:46:14.912337 0x1703bf000 feature_extraction.cc:265]   Name:            cell_82_slot_10.jpg
I20260617 13:46:14.912349 0x1703bf000 feature_extraction.cc:274]   Dimensions:      4224 x 2376
I20260617 13:46:14.912359 0x1703bf000 feature_extraction.cc:277]   Camera:          #301 - SIMPLE_RADIAL
I20260617 13:46:14.912368 0x1703bf000 feature_extraction.cc:280]   Focal Length:    5068.80px
I20260617 13:46:14.912380 0x1703bf000 feature_extraction.cc:284]   Features:        8682 (SIFT)
I20260617 13:46:14.962352 0x1703bf000 feature_extraction.cc:262] Processed file [317/436]
I20260617 13:46:14.962437 0x1703bf000 feature_extraction.cc:265]   Name:            cell_81_slot_7.jpg
I20260617 13:46:14.962449 0x1703bf000 feature_extraction.cc:274]   Dimensions:      4224 x 2376
I20260617 13:46:14.962459 0x1703bf000 feature_extraction.cc:277]   Camera:          #296 - SIMPLE_RADIAL
I20260617 13:46:14.962469 0x1703bf000 feature_extraction.cc:280]   Focal Length:    5068.80px
I20260617 13:46:14.962480 0x1703bf000 feature_extraction.cc:284]   Features:        12733 (SIFT)
I20260617 13:46:15.235537 0x1703bf000 feature_extraction.cc:262] Processed file [318/436]
I20260617 13:46:15.235635 0x1703bf000 feature_extraction.cc:265]   Name:            cell_82_slot_0.jpg
I20260617 13:46:15.235650 0x1703bf000 feature_extraction.cc:274]   Dimensions:      4224 x 2376
I20260617 13:46:15.235660 0x1703bf000 feature_extraction.cc:277]   Camera:          #299 - SIMPLE_RADIAL
I20260617 13:46:15.235670 0x1703bf000 feature_extraction.cc:280]   Focal Length:    5068.80px
I20260617 13:46:15.235681 0x1703bf000 feature_extraction.cc:284]   Features:        8899 (SIFT)
I20260617 13:46:15.889054 0x1703bf000 feature_extraction.cc:262] Processed file [319/436]
I20260617 13:46:15.889133 0x1703bf000 feature_extraction.cc:265]   Name:            cell_82_slot_1.jpg
I20260617 13:46:15.889144 0x1703bf000 feature_extraction.cc:274]   Dimensions:      4224 x 2376
I20260617 13:46:15.889154 0x1703bf000 feature_extraction.cc:277]   Camera:          #300 - SIMPLE_RADIAL
I20260617 13:46:15.889164 0x1703bf000 feature_extraction.cc:280]   Focal Length:    5068.80px
I20260617 13:46:15.889175 0x1703bf000 feature_extraction.cc:284]   Features:        9206 (SIFT)
I20260617 13:46:16.049537 0x1703bf000 feature_extraction.cc:262] Processed file [320/436]
I20260617 13:46:16.049615 0x1703bf000 feature_extraction.cc:265]   Name:            cell_82_slot_2.jpg
I20260617 13:46:16.049628 0x1703bf000 feature_extraction.cc:274]   Dimensions:      4224 x 2376
I20260617 13:46:16.049638 0x1703bf000 feature_extraction.cc:277]   Camera:          #303 - SIMPLE_RADIAL
I20260617 13:46:16.049648 0x1703bf000 feature_extraction.cc:280]   Focal Length:    5068.80px
I20260617 13:46:16.049659 0x1703bf000 feature_extraction.cc:284]   Features:        8502 (SIFT)
I20260617 13:46:17.783627 0x1703bf000 feature_extraction.cc:262] Processed file [321/436]
I20260617 13:46:17.783702 0x1703bf000 feature_extraction.cc:265]   Name:            cell_82_slot_11.jpg
I20260617 13:46:17.783715 0x1703bf000 feature_extraction.cc:274]   Dimensions:      4224 x 2376
I20260617 13:46:17.783724 0x1703bf000 feature_extraction.cc:277]   Camera:          #302 - SIMPLE_RADIAL
I20260617 13:46:17.783734 0x1703bf000 feature_extraction.cc:280]   Focal Length:    5068.80px
I20260617 13:46:17.783746 0x1703bf000 feature_extraction.cc:284]   Features:        12339 (SIFT)
I20260617 13:46:19.418003 0x1703bf000 feature_extraction.cc:262] Processed file [322/436]
I20260617 13:46:19.418390 0x1703bf000 feature_extraction.cc:265]   Name:            cell_82_slot_3.jpg
I20260617 13:46:19.418414 0x1703bf000 feature_extraction.cc:274]   Dimensions:      4224 x 2376
I20260617 13:46:19.418420 0x1703bf000 feature_extraction.cc:277]   Camera:          #304 - SIMPLE_RADIAL
I20260617 13:46:19.418426 0x1703bf000 feature_extraction.cc:280]   Focal Length:    5068.80px
I20260617 13:46:19.418432 0x1703bf000 feature_extraction.cc:284]   Features:        8543 (SIFT)
I20260617 13:46:21.339544 0x1703bf000 feature_extraction.cc:262] Processed file [323/436]
I20260617 13:46:21.339645 0x1703bf000 feature_extraction.cc:265]   Name:            cell_82_slot_4.jpg
I20260617 13:46:21.339657 0x1703bf000 feature_extraction.cc:274]   Dimensions:      4224 x 2376
I20260617 13:46:21.339666 0x1703bf000 feature_extraction.cc:277]   Camera:          #305 - SIMPLE_RADIAL
I20260617 13:46:21.340022 0x1703bf000 feature_extraction.cc:280]   Focal Length:    5068.80px
I20260617 13:46:21.340042 0x1703bf000 feature_extraction.cc:284]   Features:        8669 (SIFT)
I20260617 13:46:21.482817 0x1703bf000 feature_extraction.cc:262] Processed file [324/436]
I20260617 13:46:21.482882 0x1703bf000 feature_extraction.cc:265]   Name:            cell_82_slot_5.jpg
I20260617 13:46:21.482894 0x1703bf000 feature_extraction.cc:274]   Dimensions:      4224 x 2376
I20260617 13:46:21.482903 0x1703bf000 feature_extraction.cc:277]   Camera:          #306 - SIMPLE_RADIAL
I20260617 13:46:21.482913 0x1703bf000 feature_extraction.cc:280]   Focal Length:    5068.80px
I20260617 13:46:21.482923 0x1703bf000 feature_extraction.cc:284]   Features:        8755 (SIFT)
I20260617 13:46:22.075697 0x1703bf000 feature_extraction.cc:262] Processed file [325/436]
I20260617 13:46:22.075779 0x1703bf000 feature_extraction.cc:265]   Name:            cell_82_slot_7.jpg
I20260617 13:46:22.075794 0x1703bf000 feature_extraction.cc:274]   Dimensions:      4224 x 2376
I20260617 13:46:22.075804 0x1703bf000 feature_extraction.cc:277]   Camera:          #308 - SIMPLE_RADIAL
I20260617 13:46:22.075814 0x1703bf000 feature_extraction.cc:280]   Focal Length:    5068.80px
I20260617 13:46:22.075825 0x1703bf000 feature_extraction.cc:284]   Features:        8494 (SIFT)
I20260617 13:46:22.110473 0x1703bf000 feature_extraction.cc:262] Processed file [326/436]
I20260617 13:46:22.110532 0x1703bf000 feature_extraction.cc:265]   Name:            cell_82_slot_6.jpg
I20260617 13:46:22.110545 0x1703bf000 feature_extraction.cc:274]   Dimensions:      4224 x 2376
I20260617 13:46:22.110555 0x1703bf000 feature_extraction.cc:277]   Camera:          #307 - SIMPLE_RADIAL
I20260617 13:46:22.110564 0x1703bf000 feature_extraction.cc:280]   Focal Length:    5068.80px
I20260617 13:46:22.110575 0x1703bf000 feature_extraction.cc:284]   Features:        9117 (SIFT)
I20260617 13:46:22.117226 0x1703bf000 feature_extraction.cc:262] Processed file [327/436]
I20260617 13:46:22.117272 0x1703bf000 feature_extraction.cc:265]   Name:            cell_84_slot_4.json
E20260617 13:46:22.117281 0x1703bf000 feature_extraction.cc:269] cell_84_slot_4.json BITMAP_ERROR: Failed to read the image file format.
I20260617 13:46:23.156198 0x1703bf000 feature_extraction.cc:262] Processed file [328/436]
I20260617 13:46:23.156269 0x1703bf000 feature_extraction.cc:265]   Name:            cell_82_slot_8.jpg
I20260617 13:46:23.156282 0x1703bf000 feature_extraction.cc:274]   Dimensions:      4224 x 2376
I20260617 13:46:23.156291 0x1703bf000 feature_extraction.cc:277]   Camera:          #309 - SIMPLE_RADIAL
I20260617 13:46:23.156301 0x1703bf000 feature_extraction.cc:280]   Focal Length:    5068.80px
I20260617 13:46:23.156312 0x1703bf000 feature_extraction.cc:284]   Features:        8398 (SIFT)
I20260617 13:46:23.978967 0x1703bf000 feature_extraction.cc:262] Processed file [329/436]
I20260617 13:46:23.979052 0x1703bf000 feature_extraction.cc:265]   Name:            cell_82_slot_9.jpg
I20260617 13:46:23.979065 0x1703bf000 feature_extraction.cc:274]   Dimensions:      4224 x 2376
I20260617 13:46:23.979076 0x1703bf000 feature_extraction.cc:277]   Camera:          #310 - SIMPLE_RADIAL
I20260617 13:46:23.979086 0x1703bf000 feature_extraction.cc:280]   Focal Length:    5068.80px
I20260617 13:46:23.979098 0x1703bf000 feature_extraction.cc:284]   Features:        8563 (SIFT)
I20260617 13:46:24.984586 0x1703bf000 feature_extraction.cc:262] Processed file [330/436]
I20260617 13:46:24.984696 0x1703bf000 feature_extraction.cc:265]   Name:            cell_83_slot_2.jpg
I20260617 13:46:24.984708 0x1703bf000 feature_extraction.cc:274]   Dimensions:      4224 x 2376
I20260617 13:46:24.984718 0x1703bf000 feature_extraction.cc:277]   Camera:          #313 - SIMPLE_RADIAL
I20260617 13:46:24.984729 0x1703bf000 feature_extraction.cc:280]   Focal Length:    5068.80px
I20260617 13:46:24.984741 0x1703bf000 feature_extraction.cc:284]   Features:        8672 (SIFT)
I20260617 13:46:26.395479 0x1703bf000 feature_extraction.cc:262] Processed file [331/436]
I20260617 13:46:26.395557 0x1703bf000 feature_extraction.cc:265]   Name:            cell_83_slot_3.jpg
I20260617 13:46:26.395569 0x1703bf000 feature_extraction.cc:274]   Dimensions:      4224 x 2376
I20260617 13:46:26.395578 0x1703bf000 feature_extraction.cc:277]   Camera:          #314 - SIMPLE_RADIAL
I20260617 13:46:26.395588 0x1703bf000 feature_extraction.cc:280]   Focal Length:    5068.80px
I20260617 13:46:26.395599 0x1703bf000 feature_extraction.cc:284]   Features:        12275 (SIFT)
I20260617 13:46:26.535547 0x1703bf000 feature_extraction.cc:262] Processed file [332/436]
I20260617 13:46:26.535646 0x1703bf000 feature_extraction.cc:265]   Name:            cell_83_slot_0.jpg
I20260617 13:46:26.535659 0x1703bf000 feature_extraction.cc:274]   Dimensions:      4224 x 2376
I20260617 13:46:26.535668 0x1703bf000 feature_extraction.cc:277]   Camera:          #311 - SIMPLE_RADIAL
I20260617 13:46:26.535679 0x1703bf000 feature_extraction.cc:280]   Focal Length:    5068.80px
I20260617 13:46:26.535690 0x1703bf000 feature_extraction.cc:284]   Features:        10675 (SIFT)
I20260617 13:46:27.986735 0x1703bf000 feature_extraction.cc:262] Processed file [333/436]
I20260617 13:46:27.986818 0x1703bf000 feature_extraction.cc:265]   Name:            cell_83_slot_1.jpg
I20260617 13:46:27.986830 0x1703bf000 feature_extraction.cc:274]   Dimensions:      4224 x 2376
I20260617 13:46:27.986840 0x1703bf000 feature_extraction.cc:277]   Camera:          #312 - SIMPLE_RADIAL
I20260617 13:46:27.986850 0x1703bf000 feature_extraction.cc:280]   Focal Length:    5068.80px
I20260617 13:46:27.986861 0x1703bf000 feature_extraction.cc:284]   Features:        12814 (SIFT)
I20260617 13:46:28.457415 0x1703bf000 feature_extraction.cc:262] Processed file [334/436]
I20260617 13:46:28.457492 0x1703bf000 feature_extraction.cc:265]   Name:            cell_83_slot_4.jpg
I20260617 13:46:28.457504 0x1703bf000 feature_extraction.cc:274]   Dimensions:      4224 x 2376
I20260617 13:46:28.457513 0x1703bf000 feature_extraction.cc:277]   Camera:          #315 - SIMPLE_RADIAL
I20260617 13:46:28.457523 0x1703bf000 feature_extraction.cc:280]   Focal Length:    5068.80px
I20260617 13:46:28.457534 0x1703bf000 feature_extraction.cc:284]   Features:        13147 (SIFT)
I20260617 13:46:29.023096 0x1703bf000 feature_extraction.cc:262] Processed file [335/436]
I20260617 13:46:29.023911 0x1703bf000 feature_extraction.cc:265]   Name:            cell_83_slot_5.jpg
I20260617 13:46:29.023937 0x1703bf000 feature_extraction.cc:274]   Dimensions:      4224 x 2376
I20260617 13:46:29.023942 0x1703bf000 feature_extraction.cc:277]   Camera:          #316 - SIMPLE_RADIAL
I20260617 13:46:29.023948 0x1703bf000 feature_extraction.cc:280]   Focal Length:    5068.80px
I20260617 13:46:29.023953 0x1703bf000 feature_extraction.cc:284]   Features:        11393 (SIFT)
I20260617 13:46:30.876532 0x1703bf000 feature_extraction.cc:262] Processed file [336/436]
I20260617 13:46:30.876612 0x1703bf000 feature_extraction.cc:265]   Name:            cell_84_slot_4.jpg
I20260617 13:46:30.876626 0x1703bf000 feature_extraction.cc:274]   Dimensions:      3840 x 2160
I20260617 13:46:30.876635 0x1703bf000 feature_extraction.cc:277]   Camera:          #321 - SIMPLE_RADIAL
I20260617 13:46:30.876645 0x1703bf000 feature_extraction.cc:280]   Focal Length:    4608.00px
I20260617 13:46:30.876657 0x1703bf000 feature_extraction.cc:284]   Features:        9175 (SIFT)
I20260617 13:46:30.967071 0x1703bf000 feature_extraction.cc:262] Processed file [337/436]
I20260617 13:46:30.967094 0x1703bf000 feature_extraction.cc:265]   Name:            cell_85_slot_9.json
E20260617 13:46:30.967099 0x1703bf000 feature_extraction.cc:269] cell_85_slot_9.json BITMAP_ERROR: Failed to read the image file format.
I20260617 13:46:30.967125 0x1703bf000 feature_extraction.cc:262] Processed file [338/436]
I20260617 13:46:30.967189 0x1703bf000 feature_extraction.cc:265]   Name:            cell_84_slot_3.jpg
I20260617 13:46:30.967201 0x1703bf000 feature_extraction.cc:274]   Dimensions:      4224 x 2376
I20260617 13:46:30.967210 0x1703bf000 feature_extraction.cc:277]   Camera:          #320 - SIMPLE_RADIAL
I20260617 13:46:30.967219 0x1703bf000 feature_extraction.cc:280]   Focal Length:    5068.80px
I20260617 13:46:30.967229 0x1703bf000 feature_extraction.cc:284]   Features:        10440 (SIFT)
I20260617 13:46:30.969992 0x1703bf000 feature_extraction.cc:262] Processed file [339/436]
I20260617 13:46:30.970046 0x1703bf000 feature_extraction.cc:265]   Name:            cell_86_slot_2.json
E20260617 13:46:30.970059 0x1703bf000 feature_extraction.cc:269] cell_86_slot_2.json BITMAP_ERROR: Failed to read the image file format.
I20260617 13:46:33.403105 0x1703bf000 feature_extraction.cc:262] Processed file [340/436]
I20260617 13:46:33.403183 0x1703bf000 feature_extraction.cc:265]   Name:            cell_84_slot_0.jpg
I20260617 13:46:33.403196 0x1703bf000 feature_extraction.cc:274]   Dimensions:      4224 x 2376
I20260617 13:46:33.403205 0x1703bf000 feature_extraction.cc:277]   Camera:          #317 - SIMPLE_RADIAL
I20260617 13:46:33.403214 0x1703bf000 feature_extraction.cc:280]   Focal Length:    5068.80px
I20260617 13:46:33.403226 0x1703bf000 feature_extraction.cc:284]   Features:        10703 (SIFT)
I20260617 13:46:33.551881 0x1703bf000 feature_extraction.cc:262] Processed file [341/436]
I20260617 13:46:33.551957 0x1703bf000 feature_extraction.cc:265]   Name:            cell_84_slot_1.jpg
I20260617 13:46:33.551968 0x1703bf000 feature_extraction.cc:274]   Dimensions:      4224 x 2376
I20260617 13:46:33.551978 0x1703bf000 feature_extraction.cc:277]   Camera:          #318 - SIMPLE_RADIAL
I20260617 13:46:33.551988 0x1703bf000 feature_extraction.cc:280]   Focal Length:    5068.80px
I20260617 13:46:33.551998 0x1703bf000 feature_extraction.cc:284]   Features:        11042 (SIFT)
I20260617 13:46:34.488461 0x1703bf000 feature_extraction.cc:262] Processed file [342/436]
I20260617 13:46:34.488541 0x1703bf000 feature_extraction.cc:265]   Name:            cell_85_slot_0.jpg
I20260617 13:46:34.488554 0x1703bf000 feature_extraction.cc:274]   Dimensions:      4224 x 2376
I20260617 13:46:34.488563 0x1703bf000 feature_extraction.cc:277]   Camera:          #322 - SIMPLE_RADIAL
I20260617 13:46:34.488573 0x1703bf000 feature_extraction.cc:280]   Focal Length:    5068.80px
I20260617 13:46:34.488585 0x1703bf000 feature_extraction.cc:284]   Features:        9622 (SIFT)
I20260617 13:46:35.129190 0x1703bf000 feature_extraction.cc:262] Processed file [343/436]
I20260617 13:46:35.129565 0x1703bf000 feature_extraction.cc:265]   Name:            cell_84_slot_2.jpg
I20260617 13:46:35.129589 0x1703bf000 feature_extraction.cc:274]   Dimensions:      4224 x 2376
I20260617 13:46:35.129595 0x1703bf000 feature_extraction.cc:277]   Camera:          #319 - SIMPLE_RADIAL
I20260617 13:46:35.129604 0x1703bf000 feature_extraction.cc:280]   Focal Length:    5068.80px
I20260617 13:46:35.129611 0x1703bf000 feature_extraction.cc:284]   Features:        11517 (SIFT)
I20260617 13:46:35.613162 0x1703bf000 feature_extraction.cc:262] Processed file [344/436]
I20260617 13:46:35.613241 0x1703bf000 feature_extraction.cc:265]   Name:            cell_85_slot_1.jpg
I20260617 13:46:35.613257 0x1703bf000 feature_extraction.cc:274]   Dimensions:      4224 x 2376
I20260617 13:46:35.613268 0x1703bf000 feature_extraction.cc:277]   Camera:          #323 - SIMPLE_RADIAL
I20260617 13:46:35.613278 0x1703bf000 feature_extraction.cc:280]   Focal Length:    5068.80px
I20260617 13:46:35.613289 0x1703bf000 feature_extraction.cc:284]   Features:        9513 (SIFT)
I20260617 13:46:37.392716 0x1703bf000 feature_extraction.cc:262] Processed file [345/436]
I20260617 13:46:37.392788 0x1703bf000 feature_extraction.cc:265]   Name:            cell_85_slot_2.jpg
I20260617 13:46:37.392799 0x1703bf000 feature_extraction.cc:274]   Dimensions:      4224 x 2376
I20260617 13:46:37.392808 0x1703bf000 feature_extraction.cc:277]   Camera:          #325 - SIMPLE_RADIAL
I20260617 13:46:37.392818 0x1703bf000 feature_extraction.cc:280]   Focal Length:    5068.80px
I20260617 13:46:37.392828 0x1703bf000 feature_extraction.cc:284]   Features:        9460 (SIFT)
I20260617 13:46:38.449878 0x1703bf000 feature_extraction.cc:262] Processed file [346/436]
I20260617 13:46:38.449951 0x1703bf000 feature_extraction.cc:265]   Name:            cell_85_slot_10.jpg
I20260617 13:46:38.449963 0x1703bf000 feature_extraction.cc:274]   Dimensions:      4224 x 2376
I20260617 13:46:38.449973 0x1703bf000 feature_extraction.cc:277]   Camera:          #324 - SIMPLE_RADIAL
I20260617 13:46:38.449982 0x1703bf000 feature_extraction.cc:280]   Focal Length:    5068.80px
I20260617 13:46:38.449993 0x1703bf000 feature_extraction.cc:284]   Features:        13388 (SIFT)
I20260617 13:46:38.784300 0x1703bf000 feature_extraction.cc:262] Processed file [347/436]
I20260617 13:46:38.784373 0x1703bf000 feature_extraction.cc:265]   Name:            cell_85_slot_3.jpg
I20260617 13:46:38.784385 0x1703bf000 feature_extraction.cc:274]   Dimensions:      4224 x 2376
I20260617 13:46:38.784394 0x1703bf000 feature_extraction.cc:277]   Camera:          #326 - SIMPLE_RADIAL
I20260617 13:46:38.784404 0x1703bf000 feature_extraction.cc:280]   Focal Length:    5068.80px
I20260617 13:46:38.784416 0x1703bf000 feature_extraction.cc:284]   Features:        9326 (SIFT)
I20260617 13:46:39.625711 0x1703bf000 feature_extraction.cc:262] Processed file [348/436]
I20260617 13:46:39.625784 0x1703bf000 feature_extraction.cc:265]   Name:            cell_85_slot_7.jpg
I20260617 13:46:39.625797 0x1703bf000 feature_extraction.cc:274]   Dimensions:      4224 x 2376
I20260617 13:46:39.625806 0x1703bf000 feature_extraction.cc:277]   Camera:          #327 - SIMPLE_RADIAL
I20260617 13:46:39.625817 0x1703bf000 feature_extraction.cc:280]   Focal Length:    5068.80px
I20260617 13:46:39.625827 0x1703bf000 feature_extraction.cc:284]   Features:        9687 (SIFT)
I20260617 13:46:40.985342 0x1703bf000 feature_extraction.cc:262] Processed file [349/436]
I20260617 13:46:40.985414 0x1703bf000 feature_extraction.cc:265]   Name:            cell_85_slot_9.jpg
I20260617 13:46:40.985426 0x1703bf000 feature_extraction.cc:274]   Dimensions:      3840 x 2160
I20260617 13:46:40.985435 0x1703bf000 feature_extraction.cc:277]   Camera:          #329 - SIMPLE_RADIAL
I20260617 13:46:40.985444 0x1703bf000 feature_extraction.cc:280]   Focal Length:    4608.00px
I20260617 13:46:40.985456 0x1703bf000 feature_extraction.cc:284]   Features:        11138 (SIFT)
I20260617 13:46:41.357658 0x1703bf000 feature_extraction.cc:262] Processed file [350/436]
I20260617 13:46:41.357731 0x1703bf000 feature_extraction.cc:265]   Name:            cell_85_slot_8.jpg
I20260617 13:46:41.357742 0x1703bf000 feature_extraction.cc:274]   Dimensions:      4224 x 2376
I20260617 13:46:41.357752 0x1703bf000 feature_extraction.cc:277]   Camera:          #328 - SIMPLE_RADIAL
I20260617 13:46:41.357762 0x1703bf000 feature_extraction.cc:280]   Focal Length:    5068.80px
I20260617 13:46:41.357773 0x1703bf000 feature_extraction.cc:284]   Features:        13339 (SIFT)
I20260617 13:46:41.732192 0x1703bf000 feature_extraction.cc:262] Processed file [351/436]
I20260617 13:46:41.732275 0x1703bf000 feature_extraction.cc:265]   Name:            cell_86_slot_2.jpg
I20260617 13:46:41.732303 0x1703bf000 feature_extraction.cc:274]   Dimensions:      3840 x 2160
I20260617 13:46:41.732312 0x1703bf000 feature_extraction.cc:277]   Camera:          #332 - SIMPLE_RADIAL
I20260617 13:46:41.732320 0x1703bf000 feature_extraction.cc:280]   Focal Length:    4608.00px
I20260617 13:46:41.732330 0x1703bf000 feature_extraction.cc:284]   Features:        11599 (SIFT)
I20260617 13:46:43.928258 0x1703bf000 feature_extraction.cc:262] Processed file [352/436]
I20260617 13:46:43.929064 0x1703bf000 feature_extraction.cc:265]   Name:            cell_86_slot_1.jpg
I20260617 13:46:43.929089 0x1703bf000 feature_extraction.cc:274]   Dimensions:      4224 x 2376
I20260617 13:46:43.929095 0x1703bf000 feature_extraction.cc:277]   Camera:          #331 - SIMPLE_RADIAL
I20260617 13:46:43.929100 0x1703bf000 feature_extraction.cc:280]   Focal Length:    5068.80px
I20260617 13:46:43.929105 0x1703bf000 feature_extraction.cc:284]   Features:        9099 (SIFT)
I20260617 13:46:45.128188 0x1703bf000 feature_extraction.cc:262] Processed file [353/436]
I20260617 13:46:45.128259 0x1703bf000 feature_extraction.cc:265]   Name:            cell_86_slot_0.jpg
I20260617 13:46:45.128271 0x1703bf000 feature_extraction.cc:274]   Dimensions:      4224 x 2376
I20260617 13:46:45.128280 0x1703bf000 feature_extraction.cc:277]   Camera:          #330 - SIMPLE_RADIAL
I20260617 13:46:45.128290 0x1703bf000 feature_extraction.cc:280]   Focal Length:    5068.80px
I20260617 13:46:45.128301 0x1703bf000 feature_extraction.cc:284]   Features:        10424 (SIFT)
I20260617 13:46:46.651657 0x1703bf000 feature_extraction.cc:262] Processed file [354/436]
I20260617 13:46:46.651731 0x1703bf000 feature_extraction.cc:265]   Name:            cell_87_slot_1.jpg
I20260617 13:46:46.651744 0x1703bf000 feature_extraction.cc:274]   Dimensions:      4224 x 2376
I20260617 13:46:46.651753 0x1703bf000 feature_extraction.cc:277]   Camera:          #335 - SIMPLE_RADIAL
I20260617 13:46:46.651763 0x1703bf000 feature_extraction.cc:280]   Focal Length:    5068.80px
I20260617 13:46:46.651774 0x1703bf000 feature_extraction.cc:284]   Features:        10412 (SIFT)
I20260617 13:46:46.786703 0x1703bf000 feature_extraction.cc:262] Processed file [355/436]
I20260617 13:46:46.786779 0x1703bf000 feature_extraction.cc:265]   Name:            cell_86_slot_3.jpg
I20260617 13:46:46.786791 0x1703bf000 feature_extraction.cc:274]   Dimensions:      4224 x 2376
I20260617 13:46:46.786801 0x1703bf000 feature_extraction.cc:277]   Camera:          #333 - SIMPLE_RADIAL
I20260617 13:46:46.786812 0x1703bf000 feature_extraction.cc:280]   Focal Length:    5068.80px
I20260617 13:46:46.786823 0x1703bf000 feature_extraction.cc:284]   Features:        12994 (SIFT)
I20260617 13:46:47.228461 0x1703bf000 feature_extraction.cc:262] Processed file [356/436]
I20260617 13:46:47.228541 0x1703bf000 feature_extraction.cc:265]   Name:            cell_87_slot_0.jpg
I20260617 13:46:47.228553 0x1703bf000 feature_extraction.cc:274]   Dimensions:      4224 x 2376
I20260617 13:46:47.228562 0x1703bf000 feature_extraction.cc:277]   Camera:          #334 - SIMPLE_RADIAL
I20260617 13:46:47.228572 0x1703bf000 feature_extraction.cc:280]   Focal Length:    5068.80px
I20260617 13:46:47.228583 0x1703bf000 feature_extraction.cc:284]   Features:        11936 (SIFT)
I20260617 13:46:48.757059 0x1703bf000 feature_extraction.cc:262] Processed file [357/436]
I20260617 13:46:48.757159 0x1703bf000 feature_extraction.cc:265]   Name:            cell_88_slot_0.jpg
I20260617 13:46:48.757173 0x1703bf000 feature_extraction.cc:274]   Dimensions:      4224 x 2376
I20260617 13:46:48.757184 0x1703bf000 feature_extraction.cc:277]   Camera:          #338 - SIMPLE_RADIAL
I20260617 13:46:48.757195 0x1703bf000 feature_extraction.cc:280]   Focal Length:    5068.80px
I20260617 13:46:48.757207 0x1703bf000 feature_extraction.cc:284]   Features:        10557 (SIFT)
I20260617 13:46:48.960638 0x1703bf000 feature_extraction.cc:262] Processed file [358/436]
I20260617 13:46:48.960716 0x1703bf000 feature_extraction.cc:265]   Name:            cell_87_slot_2.jpg
I20260617 13:46:48.960728 0x1703bf000 feature_extraction.cc:274]   Dimensions:      4224 x 2376
I20260617 13:46:48.960737 0x1703bf000 feature_extraction.cc:277]   Camera:          #336 - SIMPLE_RADIAL
I20260617 13:46:48.960746 0x1703bf000 feature_extraction.cc:280]   Focal Length:    5068.80px
I20260617 13:46:48.960757 0x1703bf000 feature_extraction.cc:284]   Features:        10987 (SIFT)
I20260617 13:46:50.707644 0x1703bf000 feature_extraction.cc:262] Processed file [359/436]
I20260617 13:46:50.707714 0x1703bf000 feature_extraction.cc:265]   Name:            cell_87_slot_3.jpg
I20260617 13:46:50.707726 0x1703bf000 feature_extraction.cc:274]   Dimensions:      4224 x 2376
I20260617 13:46:50.707736 0x1703bf000 feature_extraction.cc:277]   Camera:          #337 - SIMPLE_RADIAL
I20260617 13:46:50.707746 0x1703bf000 feature_extraction.cc:280]   Focal Length:    5068.80px
I20260617 13:46:50.707758 0x1703bf000 feature_extraction.cc:284]   Features:        11311 (SIFT)
I20260617 13:46:50.779259 0x1703bf000 feature_extraction.cc:262] Processed file [360/436]
I20260617 13:46:50.779339 0x1703bf000 feature_extraction.cc:265]   Name:            cell_88_slot_1.jpg
I20260617 13:46:50.779352 0x1703bf000 feature_extraction.cc:274]   Dimensions:      4224 x 2376
I20260617 13:46:50.779362 0x1703bf000 feature_extraction.cc:277]   Camera:          #339 - SIMPLE_RADIAL
I20260617 13:46:50.779372 0x1703bf000 feature_extraction.cc:280]   Focal Length:    5068.80px
I20260617 13:46:50.779383 0x1703bf000 feature_extraction.cc:284]   Features:        11521 (SIFT)
I20260617 13:46:52.085261 0x1703bf000 feature_extraction.cc:262] Processed file [361/436]
I20260617 13:46:52.085338 0x1703bf000 feature_extraction.cc:265]   Name:            cell_88_slot_3.jpg
I20260617 13:46:52.085351 0x1703bf000 feature_extraction.cc:274]   Dimensions:      4224 x 2376
I20260617 13:46:52.085361 0x1703bf000 feature_extraction.cc:277]   Camera:          #341 - SIMPLE_RADIAL
I20260617 13:46:52.085372 0x1703bf000 feature_extraction.cc:280]   Focal Length:    5068.80px
I20260617 13:46:52.085389 0x1703bf000 feature_extraction.cc:284]   Features:        10513 (SIFT)
I20260617 13:46:52.336019 0x1703bf000 feature_extraction.cc:262] Processed file [362/436]
I20260617 13:46:52.336119 0x1703bf000 feature_extraction.cc:265]   Name:            cell_88_slot_2.jpg
I20260617 13:46:52.336135 0x1703bf000 feature_extraction.cc:274]   Dimensions:      4224 x 2376
I20260617 13:46:52.336145 0x1703bf000 feature_extraction.cc:277]   Camera:          #340 - SIMPLE_RADIAL
I20260617 13:46:52.336156 0x1703bf000 feature_extraction.cc:280]   Focal Length:    5068.80px
I20260617 13:46:52.336169 0x1703bf000 feature_extraction.cc:284]   Features:        10840 (SIFT)
I20260617 13:46:52.963485 0x1703bf000 feature_extraction.cc:262] Processed file [363/436]
I20260617 13:46:52.963560 0x1703bf000 feature_extraction.cc:265]   Name:            cell_88_slot_5.jpg
I20260617 13:46:52.963573 0x1703bf000 feature_extraction.cc:274]   Dimensions:      4224 x 2376
I20260617 13:46:52.963582 0x1703bf000 feature_extraction.cc:277]   Camera:          #343 - SIMPLE_RADIAL
I20260617 13:46:52.963592 0x1703bf000 feature_extraction.cc:280]   Focal Length:    5068.80px
I20260617 13:46:52.963603 0x1703bf000 feature_extraction.cc:284]   Features:        10721 (SIFT)
I20260617 13:46:55.255376 0x1703bf000 feature_extraction.cc:262] Processed file [364/436]
I20260617 13:46:55.255444 0x1703bf000 feature_extraction.cc:265]   Name:            cell_88_slot_4.jpg
I20260617 13:46:55.255456 0x1703bf000 feature_extraction.cc:274]   Dimensions:      4224 x 2376
I20260617 13:46:55.255465 0x1703bf000 feature_extraction.cc:277]   Camera:          #342 - SIMPLE_RADIAL
I20260617 13:46:55.255475 0x1703bf000 feature_extraction.cc:280]   Focal Length:    5068.80px
I20260617 13:46:55.255486 0x1703bf000 feature_extraction.cc:284]   Features:        10731 (SIFT)
I20260617 13:46:56.261118 0x1703bf000 feature_extraction.cc:262] Processed file [365/436]
I20260617 13:46:56.261188 0x1703bf000 feature_extraction.cc:265]   Name:            cell_88_slot_6.jpg
I20260617 13:46:56.261199 0x1703bf000 feature_extraction.cc:274]   Dimensions:      4224 x 2376
I20260617 13:46:56.261208 0x1703bf000 feature_extraction.cc:277]   Camera:          #344 - SIMPLE_RADIAL
I20260617 13:46:56.261218 0x1703bf000 feature_extraction.cc:280]   Focal Length:    5068.80px
I20260617 13:46:56.261229 0x1703bf000 feature_extraction.cc:284]   Features:        10907 (SIFT)
I20260617 13:46:57.218427 0x1703bf000 feature_extraction.cc:262] Processed file [366/436]
I20260617 13:46:57.218508 0x1703bf000 feature_extraction.cc:265]   Name:            cell_88_slot_9.jpg
I20260617 13:46:57.218520 0x1703bf000 feature_extraction.cc:274]   Dimensions:      4224 x 2376
I20260617 13:46:57.218530 0x1703bf000 feature_extraction.cc:277]   Camera:          #347 - SIMPLE_RADIAL
I20260617 13:46:57.218540 0x1703bf000 feature_extraction.cc:280]   Focal Length:    5068.80px
I20260617 13:46:57.218551 0x1703bf000 feature_extraction.cc:284]   Features:        10664 (SIFT)
I20260617 13:46:57.774075 0x1703bf000 feature_extraction.cc:262] Processed file [367/436]
I20260617 13:46:57.774149 0x1703bf000 feature_extraction.cc:265]   Name:            cell_88_slot_7.jpg
I20260617 13:46:57.774161 0x1703bf000 feature_extraction.cc:274]   Dimensions:      4224 x 2376
I20260617 13:46:57.774171 0x1703bf000 feature_extraction.cc:277]   Camera:          #345 - SIMPLE_RADIAL
I20260617 13:46:57.774181 0x1703bf000 feature_extraction.cc:280]   Focal Length:    5068.80px
I20260617 13:46:57.774192 0x1703bf000 feature_extraction.cc:284]   Features:        11078 (SIFT)
I20260617 13:46:58.874676 0x1703bf000 feature_extraction.cc:262] Processed file [368/436]
I20260617 13:46:58.874751 0x1703bf000 feature_extraction.cc:265]   Name:            cell_88_slot_8.jpg
I20260617 13:46:58.874764 0x1703bf000 feature_extraction.cc:274]   Dimensions:      4224 x 2376
I20260617 13:46:58.874774 0x1703bf000 feature_extraction.cc:277]   Camera:          #346 - SIMPLE_RADIAL
I20260617 13:46:58.874784 0x1703bf000 feature_extraction.cc:280]   Focal Length:    5068.80px
I20260617 13:46:58.874794 0x1703bf000 feature_extraction.cc:284]   Features:        12005 (SIFT)
I20260617 13:47:00.009907 0x1703bf000 feature_extraction.cc:262] Processed file [369/436]
I20260617 13:47:00.009991 0x1703bf000 feature_extraction.cc:265]   Name:            cell_89_slot_1.jpg
I20260617 13:47:00.010004 0x1703bf000 feature_extraction.cc:274]   Dimensions:      4224 x 2376
I20260617 13:47:00.010013 0x1703bf000 feature_extraction.cc:277]   Camera:          #349 - SIMPLE_RADIAL
I20260617 13:47:00.010024 0x1703bf000 feature_extraction.cc:280]   Focal Length:    5068.80px
I20260617 13:47:00.010036 0x1703bf000 feature_extraction.cc:284]   Features:        11022 (SIFT)
I20260617 13:47:00.058419 0x1703bf000 feature_extraction.cc:262] Processed file [370/436]
I20260617 13:47:00.058487 0x1703bf000 feature_extraction.cc:265]   Name:            cell_89_slot_0.jpg
I20260617 13:47:00.058497 0x1703bf000 feature_extraction.cc:274]   Dimensions:      4224 x 2376
I20260617 13:47:00.058506 0x1703bf000 feature_extraction.cc:277]   Camera:          #348 - SIMPLE_RADIAL
I20260617 13:47:00.058515 0x1703bf000 feature_extraction.cc:280]   Focal Length:    5068.80px
I20260617 13:47:00.058526 0x1703bf000 feature_extraction.cc:284]   Features:        10695 (SIFT)
I20260617 13:47:00.190794 0x1703bf000 feature_extraction.cc:262] Processed file [371/436]
I20260617 13:47:00.190870 0x1703bf000 feature_extraction.cc:265]   Name:            cell_90_slot_1.jpg
I20260617 13:47:00.190882 0x1703bf000 feature_extraction.cc:274]   Dimensions:      4224 x 2376
I20260617 13:47:00.190891 0x1703bf000 feature_extraction.cc:277]   Camera:          #352 - SIMPLE_RADIAL
I20260617 13:47:00.190900 0x1703bf000 feature_extraction.cc:280]   Focal Length:    5068.80px
I20260617 13:47:00.190911 0x1703bf000 feature_extraction.cc:284]   Features:        8925 (SIFT)
I20260617 13:47:01.316231 0x1703bf000 feature_extraction.cc:262] Processed file [372/436]
I20260617 13:47:01.316309 0x1703bf000 feature_extraction.cc:265]   Name:            cell_90_slot_0.jpg
I20260617 13:47:01.316325 0x1703bf000 feature_extraction.cc:274]   Dimensions:      4224 x 2376
I20260617 13:47:01.316335 0x1703bf000 feature_extraction.cc:277]   Camera:          #351 - SIMPLE_RADIAL
I20260617 13:47:01.316345 0x1703bf000 feature_extraction.cc:280]   Focal Length:    5068.80px
I20260617 13:47:01.316355 0x1703bf000 feature_extraction.cc:284]   Features:        10317 (SIFT)
I20260617 13:47:01.597662 0x1703bf000 feature_extraction.cc:262] Processed file [373/436]
I20260617 13:47:01.597745 0x1703bf000 feature_extraction.cc:265]   Name:            cell_89_slot_2.jpg
I20260617 13:47:01.597757 0x1703bf000 feature_extraction.cc:274]   Dimensions:      4224 x 2376
I20260617 13:47:01.597767 0x1703bf000 feature_extraction.cc:277]   Camera:          #350 - SIMPLE_RADIAL
I20260617 13:47:01.597776 0x1703bf000 feature_extraction.cc:280]   Focal Length:    5068.80px
I20260617 13:47:01.597788 0x1703bf000 feature_extraction.cc:284]   Features:        11340 (SIFT)
I20260617 13:47:02.025631 0x1703bf000 feature_extraction.cc:262] Processed file [374/436]
I20260617 13:47:02.025711 0x1703bf000 feature_extraction.cc:265]   Name:            cell_90_slot_2.jpg
I20260617 13:47:02.025728 0x1703bf000 feature_extraction.cc:274]   Dimensions:      4224 x 2376
I20260617 13:47:02.025739 0x1703bf000 feature_extraction.cc:277]   Camera:          #353 - SIMPLE_RADIAL
I20260617 13:47:02.025750 0x1703bf000 feature_extraction.cc:280]   Focal Length:    5068.80px
I20260617 13:47:02.025762 0x1703bf000 feature_extraction.cc:284]   Features:        10049 (SIFT)
I20260617 13:47:02.921405 0x1703bf000 feature_extraction.cc:262] Processed file [375/436]
I20260617 13:47:02.921494 0x1703bf000 feature_extraction.cc:265]   Name:            cell_90_slot_3.jpg
I20260617 13:47:02.921509 0x1703bf000 feature_extraction.cc:274]   Dimensions:      4224 x 2376
I20260617 13:47:02.921519 0x1703bf000 feature_extraction.cc:277]   Camera:          #354 - SIMPLE_RADIAL
I20260617 13:47:02.921528 0x1703bf000 feature_extraction.cc:280]   Focal Length:    5068.80px
I20260617 13:47:02.921539 0x1703bf000 feature_extraction.cc:284]   Features:        9465 (SIFT)
I20260617 13:47:03.520010 0x1703bf000 feature_extraction.cc:262] Processed file [376/436]
I20260617 13:47:03.520100 0x1703bf000 feature_extraction.cc:265]   Name:            cell_90_slot_4.jpg
I20260617 13:47:03.520120 0x1703bf000 feature_extraction.cc:274]   Dimensions:      4224 x 2376
I20260617 13:47:03.520132 0x1703bf000 feature_extraction.cc:277]   Camera:          #355 - SIMPLE_RADIAL
I20260617 13:47:03.520143 0x1703bf000 feature_extraction.cc:280]   Focal Length:    5068.80px
I20260617 13:47:03.520154 0x1703bf000 feature_extraction.cc:284]   Features:        10200 (SIFT)
I20260617 13:47:04.641726 0x1703bf000 feature_extraction.cc:262] Processed file [377/436]
I20260617 13:47:04.641806 0x1703bf000 feature_extraction.cc:265]   Name:            cell_91_slot_1.jpg
I20260617 13:47:04.641818 0x1703bf000 feature_extraction.cc:274]   Dimensions:      4224 x 2376
I20260617 13:47:04.641827 0x1703bf000 feature_extraction.cc:277]   Camera:          #357 - SIMPLE_RADIAL
I20260617 13:47:04.641838 0x1703bf000 feature_extraction.cc:280]   Focal Length:    5068.80px
I20260617 13:47:04.641849 0x1703bf000 feature_extraction.cc:284]   Features:        8457 (SIFT)
I20260617 13:47:04.726609 0x1703bf000 feature_extraction.cc:262] Processed file [378/436]
I20260617 13:47:04.726630 0x1703bf000 feature_extraction.cc:265]   Name:            cell_92_slot_3.json
E20260617 13:47:04.726635 0x1703bf000 feature_extraction.cc:269] cell_92_slot_3.json BITMAP_ERROR: Failed to read the image file format.
I20260617 13:47:05.461240 0x1703bf000 feature_extraction.cc:262] Processed file [379/436]
I20260617 13:47:05.461327 0x1703bf000 feature_extraction.cc:265]   Name:            cell_91_slot_0.jpg
I20260617 13:47:05.461343 0x1703bf000 feature_extraction.cc:274]   Dimensions:      4224 x 2376
I20260617 13:47:05.461353 0x1703bf000 feature_extraction.cc:277]   Camera:          #356 - SIMPLE_RADIAL
I20260617 13:47:05.461363 0x1703bf000 feature_extraction.cc:280]   Focal Length:    5068.80px
I20260617 13:47:05.461375 0x1703bf000 feature_extraction.cc:284]   Features:        10283 (SIFT)
I20260617 13:47:06.975798 0x1703bf000 feature_extraction.cc:262] Processed file [380/436]
I20260617 13:47:06.975878 0x1703bf000 feature_extraction.cc:265]   Name:            cell_91_slot_2.jpg
I20260617 13:47:06.975890 0x1703bf000 feature_extraction.cc:274]   Dimensions:      4224 x 2376
I20260617 13:47:06.975900 0x1703bf000 feature_extraction.cc:277]   Camera:          #358 - SIMPLE_RADIAL
I20260617 13:47:06.975909 0x1703bf000 feature_extraction.cc:280]   Focal Length:    5068.80px
I20260617 13:47:06.975919 0x1703bf000 feature_extraction.cc:284]   Features:        10326 (SIFT)
I20260617 13:47:07.967688 0x1703bf000 feature_extraction.cc:262] Processed file [381/436]
I20260617 13:47:07.967764 0x1703bf000 feature_extraction.cc:265]   Name:            cell_92_slot_0.jpg
I20260617 13:47:07.967776 0x1703bf000 feature_extraction.cc:274]   Dimensions:      4224 x 2376
I20260617 13:47:07.967785 0x1703bf000 feature_extraction.cc:277]   Camera:          #363 - SIMPLE_RADIAL
I20260617 13:47:07.967794 0x1703bf000 feature_extraction.cc:280]   Focal Length:    5068.80px
I20260617 13:47:07.967805 0x1703bf000 feature_extraction.cc:284]   Features:        7011 (SIFT)
I20260617 13:47:08.357400 0x1703bf000 feature_extraction.cc:262] Processed file [382/436]
I20260617 13:47:08.357479 0x1703bf000 feature_extraction.cc:265]   Name:            cell_91_slot_3.jpg
I20260617 13:47:08.357492 0x1703bf000 feature_extraction.cc:274]   Dimensions:      4224 x 2376
I20260617 13:47:08.357502 0x1703bf000 feature_extraction.cc:277]   Camera:          #359 - SIMPLE_RADIAL
I20260617 13:47:08.357512 0x1703bf000 feature_extraction.cc:280]   Focal Length:    5068.80px
I20260617 13:47:08.357523 0x1703bf000 feature_extraction.cc:284]   Features:        9138 (SIFT)
I20260617 13:47:08.539420 0x1703bf000 feature_extraction.cc:262] Processed file [383/436]
I20260617 13:47:08.539500 0x1703bf000 feature_extraction.cc:265]   Name:            cell_92_slot_1.jpg
I20260617 13:47:08.539513 0x1703bf000 feature_extraction.cc:274]   Dimensions:      4224 x 2376
I20260617 13:47:08.539523 0x1703bf000 feature_extraction.cc:277]   Camera:          #364 - SIMPLE_RADIAL
I20260617 13:47:08.539533 0x1703bf000 feature_extraction.cc:280]   Focal Length:    5068.80px
I20260617 13:47:08.539544 0x1703bf000 feature_extraction.cc:284]   Features:        7399 (SIFT)
I20260617 13:47:09.880210 0x1703bf000 feature_extraction.cc:262] Processed file [384/436]
I20260617 13:47:09.880288 0x1703bf000 feature_extraction.cc:265]   Name:            cell_92_slot_3.jpg
I20260617 13:47:09.880300 0x1703bf000 feature_extraction.cc:274]   Dimensions:      3840 x 2160
I20260617 13:47:09.880310 0x1703bf000 feature_extraction.cc:277]   Camera:          #367 - SIMPLE_RADIAL
I20260617 13:47:09.880320 0x1703bf000 feature_extraction.cc:280]   Focal Length:    4608.00px
I20260617 13:47:09.880331 0x1703bf000 feature_extraction.cc:284]   Features:        6773 (SIFT)
I20260617 13:47:10.394296 0x1703bf000 feature_extraction.cc:262] Processed file [385/436]
I20260617 13:47:10.394375 0x1703bf000 feature_extraction.cc:265]   Name:            cell_91_slot_4.jpg
I20260617 13:47:10.394387 0x1703bf000 feature_extraction.cc:274]   Dimensions:      4224 x 2376
I20260617 13:47:10.394396 0x1703bf000 feature_extraction.cc:277]   Camera:          #360 - SIMPLE_RADIAL
I20260617 13:47:10.394406 0x1703bf000 feature_extraction.cc:280]   Focal Length:    5068.80px
I20260617 13:47:10.394417 0x1703bf000 feature_extraction.cc:284]   Features:        9718 (SIFT)
I20260617 13:47:10.678296 0x1703bf000 feature_extraction.cc:262] Processed file [386/436]
I20260617 13:47:10.678379 0x1703bf000 feature_extraction.cc:265]   Name:            cell_91_slot_5.jpg
I20260617 13:47:10.678391 0x1703bf000 feature_extraction.cc:274]   Dimensions:      4224 x 2376
I20260617 13:47:10.678401 0x1703bf000 feature_extraction.cc:277]   Camera:          #361 - SIMPLE_RADIAL
I20260617 13:47:10.678412 0x1703bf000 feature_extraction.cc:280]   Focal Length:    5068.80px
I20260617 13:47:10.678423 0x1703bf000 feature_extraction.cc:284]   Features:        9497 (SIFT)
I20260617 13:47:10.867181 0x1703bf000 feature_extraction.cc:262] Processed file [387/436]
I20260617 13:47:10.867263 0x1703bf000 feature_extraction.cc:265]   Name:            cell_91_slot_6.jpg
I20260617 13:47:10.867279 0x1703bf000 feature_extraction.cc:274]   Dimensions:      4224 x 2376
I20260617 13:47:10.867289 0x1703bf000 feature_extraction.cc:277]   Camera:          #362 - SIMPLE_RADIAL
I20260617 13:47:10.867300 0x1703bf000 feature_extraction.cc:280]   Focal Length:    5068.80px
I20260617 13:47:10.867312 0x1703bf000 feature_extraction.cc:284]   Features:        9438 (SIFT)
I20260617 13:47:11.103687 0x1703bf000 feature_extraction.cc:262] Processed file [388/436]
I20260617 13:47:11.103762 0x1703bf000 feature_extraction.cc:265]   Name:            cell_92_slot_10.jpg
I20260617 13:47:11.103777 0x1703bf000 feature_extraction.cc:274]   Dimensions:      4224 x 2376
I20260617 13:47:11.103787 0x1703bf000 feature_extraction.cc:277]   Camera:          #365 - SIMPLE_RADIAL
I20260617 13:47:11.103797 0x1703bf000 feature_extraction.cc:280]   Focal Length:    5068.80px
I20260617 13:47:11.103807 0x1703bf000 feature_extraction.cc:284]   Features:        8639 (SIFT)
I20260617 13:47:11.364716 0x1703bf000 feature_extraction.cc:262] Processed file [389/436]
I20260617 13:47:11.364801 0x1703bf000 feature_extraction.cc:265]   Name:            cell_92_slot_2.jpg
I20260617 13:47:11.364822 0x1703bf000 feature_extraction.cc:274]   Dimensions:      4224 x 2376
I20260617 13:47:11.364835 0x1703bf000 feature_extraction.cc:277]   Camera:          #366 - SIMPLE_RADIAL
I20260617 13:47:11.364847 0x1703bf000 feature_extraction.cc:280]   Focal Length:    5068.80px
I20260617 13:47:11.364860 0x1703bf000 feature_extraction.cc:284]   Features:        8329 (SIFT)
I20260617 13:47:14.349761 0x1703bf000 feature_extraction.cc:262] Processed file [390/436]
I20260617 13:47:14.349839 0x1703bf000 feature_extraction.cc:265]   Name:            cell_92_slot_8.jpg
I20260617 13:47:14.349852 0x1703bf000 feature_extraction.cc:274]   Dimensions:      4224 x 2376
I20260617 13:47:14.349861 0x1703bf000 feature_extraction.cc:277]   Camera:          #372 - SIMPLE_RADIAL
I20260617 13:47:14.349871 0x1703bf000 feature_extraction.cc:280]   Focal Length:    5068.80px
I20260617 13:47:14.349882 0x1703bf000 feature_extraction.cc:284]   Features:        5942 (SIFT)
I20260617 13:47:14.784060 0x1703bf000 feature_extraction.cc:262] Processed file [391/436]
I20260617 13:47:14.784140 0x1703bf000 feature_extraction.cc:265]   Name:            cell_92_slot_7.jpg
I20260617 13:47:14.784151 0x1703bf000 feature_extraction.cc:274]   Dimensions:      4224 x 2376
I20260617 13:47:14.784162 0x1703bf000 feature_extraction.cc:277]   Camera:          #371 - SIMPLE_RADIAL
I20260617 13:47:14.784172 0x1703bf000 feature_extraction.cc:280]   Focal Length:    5068.80px
I20260617 13:47:14.784182 0x1703bf000 feature_extraction.cc:284]   Features:        7864 (SIFT)
I20260617 13:47:14.926555 0x1703bf000 feature_extraction.cc:262] Processed file [392/436]
I20260617 13:47:14.926629 0x1703bf000 feature_extraction.cc:265]   Name:            cell_92_slot_4.jpg
I20260617 13:47:14.926648 0x1703bf000 feature_extraction.cc:274]   Dimensions:      4224 x 2376
I20260617 13:47:14.926661 0x1703bf000 feature_extraction.cc:277]   Camera:          #368 - SIMPLE_RADIAL
I20260617 13:47:14.926672 0x1703bf000 feature_extraction.cc:280]   Focal Length:    5068.80px
I20260617 13:47:14.926684 0x1703bf000 feature_extraction.cc:284]   Features:        10182 (SIFT)
I20260617 13:47:15.005556 0x1703bf000 feature_extraction.cc:262] Processed file [393/436]
I20260617 13:47:15.005641 0x1703bf000 feature_extraction.cc:265]   Name:            cell_92_slot_5.jpg
I20260617 13:47:15.005655 0x1703bf000 feature_extraction.cc:274]   Dimensions:      4224 x 2376
I20260617 13:47:15.005665 0x1703bf000 feature_extraction.cc:277]   Camera:          #369 - SIMPLE_RADIAL
I20260617 13:47:15.005675 0x1703bf000 feature_extraction.cc:280]   Focal Length:    5068.80px
I20260617 13:47:15.005686 0x1703bf000 feature_extraction.cc:284]   Features:        8930 (SIFT)
I20260617 13:47:15.694972 0x1703bf000 feature_extraction.cc:262] Processed file [394/436]
I20260617 13:47:15.695057 0x1703bf000 feature_extraction.cc:265]   Name:            cell_92_slot_6.jpg
I20260617 13:47:15.695074 0x1703bf000 feature_extraction.cc:274]   Dimensions:      4224 x 2376
I20260617 13:47:15.695083 0x1703bf000 feature_extraction.cc:277]   Camera:          #370 - SIMPLE_RADIAL
I20260617 13:47:15.695093 0x1703bf000 feature_extraction.cc:280]   Focal Length:    5068.80px
I20260617 13:47:15.695105 0x1703bf000 feature_extraction.cc:284]   Features:        9889 (SIFT)
I20260617 13:47:18.339107 0x1703bf000 feature_extraction.cc:262] Processed file [395/436]
I20260617 13:47:18.339399 0x1703bf000 feature_extraction.cc:265]   Name:            cell_92_slot_9.jpg
I20260617 13:47:18.339420 0x1703bf000 feature_extraction.cc:274]   Dimensions:      4224 x 2376
I20260617 13:47:18.339426 0x1703bf000 feature_extraction.cc:277]   Camera:          #373 - SIMPLE_RADIAL
I20260617 13:47:18.339431 0x1703bf000 feature_extraction.cc:280]   Focal Length:    5068.80px
I20260617 13:47:18.339437 0x1703bf000 feature_extraction.cc:284]   Features:        9932 (SIFT)
I20260617 13:47:20.552786 0x1703bf000 feature_extraction.cc:262] Processed file [396/436]
I20260617 13:47:20.552865 0x1703bf000 feature_extraction.cc:265]   Name:            cell_93_slot_0.jpg
I20260617 13:47:20.552877 0x1703bf000 feature_extraction.cc:274]   Dimensions:      4224 x 2376
I20260617 13:47:20.552887 0x1703bf000 feature_extraction.cc:277]   Camera:          #374 - SIMPLE_RADIAL
I20260617 13:47:20.552897 0x1703bf000 feature_extraction.cc:280]   Focal Length:    5068.80px
I20260617 13:47:20.552908 0x1703bf000 feature_extraction.cc:284]   Features:        9354 (SIFT)
I20260617 13:47:20.682489 0x1703bf000 feature_extraction.cc:262] Processed file [397/436]
I20260617 13:47:20.682567 0x1703bf000 feature_extraction.cc:265]   Name:            cell_93_slot_1.jpg
I20260617 13:47:20.682579 0x1703bf000 feature_extraction.cc:274]   Dimensions:      4224 x 2376
I20260617 13:47:20.682588 0x1703bf000 feature_extraction.cc:277]   Camera:          #375 - SIMPLE_RADIAL
I20260617 13:47:20.682598 0x1703bf000 feature_extraction.cc:280]   Focal Length:    5068.80px
I20260617 13:47:20.682609 0x1703bf000 feature_extraction.cc:284]   Features:        9298 (SIFT)
I20260617 13:47:21.412483 0x1703bf000 feature_extraction.cc:262] Processed file [398/436]
I20260617 13:47:21.412562 0x1703bf000 feature_extraction.cc:265]   Name:            cell_93_slot_4.jpg
I20260617 13:47:21.412575 0x1703bf000 feature_extraction.cc:274]   Dimensions:      4224 x 2376
I20260617 13:47:21.412585 0x1703bf000 feature_extraction.cc:277]   Camera:          #378 - SIMPLE_RADIAL
I20260617 13:47:21.412594 0x1703bf000 feature_extraction.cc:280]   Focal Length:    5068.80px
I20260617 13:47:21.412604 0x1703bf000 feature_extraction.cc:284]   Features:        11953 (SIFT)
I20260617 13:47:21.652728 0x1703bf000 feature_extraction.cc:262] Processed file [399/436]
I20260617 13:47:21.652809 0x1703bf000 feature_extraction.cc:265]   Name:            cell_93_slot_2.jpg
I20260617 13:47:21.652823 0x1703bf000 feature_extraction.cc:274]   Dimensions:      4224 x 2376
I20260617 13:47:21.652832 0x1703bf000 feature_extraction.cc:277]   Camera:          #376 - SIMPLE_RADIAL
I20260617 13:47:21.652841 0x1703bf000 feature_extraction.cc:280]   Focal Length:    5068.80px
I20260617 13:47:21.652852 0x1703bf000 feature_extraction.cc:284]   Features:        12870 (SIFT)
I20260617 13:47:21.793031 0x1703bf000 feature_extraction.cc:262] Processed file [400/436]
I20260617 13:47:21.793110 0x1703bf000 feature_extraction.cc:265]   Name:            cell_93_slot_3.jpg
I20260617 13:47:21.793124 0x1703bf000 feature_extraction.cc:274]   Dimensions:      4224 x 2376
I20260617 13:47:21.793134 0x1703bf000 feature_extraction.cc:277]   Camera:          #377 - SIMPLE_RADIAL
I20260617 13:47:21.793145 0x1703bf000 feature_extraction.cc:280]   Focal Length:    5068.80px
I20260617 13:47:21.793162 0x1703bf000 feature_extraction.cc:284]   Features:        12742 (SIFT)
I20260617 13:47:22.378344 0x1703bf000 feature_extraction.cc:262] Processed file [401/436]
I20260617 13:47:22.378426 0x1703bf000 feature_extraction.cc:265]   Name:            cell_94_slot_0.jpg
I20260617 13:47:22.378442 0x1703bf000 feature_extraction.cc:274]   Dimensions:      4224 x 2376
I20260617 13:47:22.378453 0x1703bf000 feature_extraction.cc:277]   Camera:          #379 - SIMPLE_RADIAL
I20260617 13:47:22.378464 0x1703bf000 feature_extraction.cc:280]   Focal Length:    5068.80px
I20260617 13:47:22.378477 0x1703bf000 feature_extraction.cc:284]   Features:        9804 (SIFT)
I20260617 13:47:24.793991 0x1703bf000 feature_extraction.cc:262] Processed file [402/436]
I20260617 13:47:24.794068 0x1703bf000 feature_extraction.cc:265]   Name:            cell_94_slot_1.jpg
I20260617 13:47:24.794080 0x1703bf000 feature_extraction.cc:274]   Dimensions:      4224 x 2376
I20260617 13:47:24.794089 0x1703bf000 feature_extraction.cc:277]   Camera:          #380 - SIMPLE_RADIAL
I20260617 13:47:24.794099 0x1703bf000 feature_extraction.cc:280]   Focal Length:    5068.80px
I20260617 13:47:24.794110 0x1703bf000 feature_extraction.cc:284]   Features:        9330 (SIFT)
I20260617 13:47:25.074276 0x1703bf000 feature_extraction.cc:262] Processed file [403/436]
I20260617 13:47:25.074353 0x1703bf000 feature_extraction.cc:265]   Name:            cell_94_slot_2.jpg
I20260617 13:47:25.074364 0x1703bf000 feature_extraction.cc:274]   Dimensions:      4224 x 2376
I20260617 13:47:25.074374 0x1703bf000 feature_extraction.cc:277]   Camera:          #381 - SIMPLE_RADIAL
I20260617 13:47:25.074383 0x1703bf000 feature_extraction.cc:280]   Focal Length:    5068.80px
I20260617 13:47:25.074394 0x1703bf000 feature_extraction.cc:284]   Features:        9634 (SIFT)
I20260617 13:47:25.470198 0x1703bf000 feature_extraction.cc:262] Processed file [404/436]
I20260617 13:47:25.470264 0x1703bf000 feature_extraction.cc:265]   Name:            cell_96_slot_0.jpg
I20260617 13:47:25.470274 0x1703bf000 feature_extraction.cc:274]   Dimensions:      4224 x 2376
I20260617 13:47:25.470284 0x1703bf000 feature_extraction.cc:277]   Camera:          #383 - SIMPLE_RADIAL
I20260617 13:47:25.470294 0x1703bf000 feature_extraction.cc:280]   Focal Length:    5068.80px
I20260617 13:47:25.470306 0x1703bf000 feature_extraction.cc:284]   Features:        12035 (SIFT)
I20260617 13:47:25.480039 0x1703bf000 feature_extraction.cc:262] Processed file [405/436]
I20260617 13:47:25.480110 0x1703bf000 feature_extraction.cc:265]   Name:            cell_94_slot_3.jpg
I20260617 13:47:25.480122 0x1703bf000 feature_extraction.cc:274]   Dimensions:      4224 x 2376
I20260617 13:47:25.480132 0x1703bf000 feature_extraction.cc:277]   Camera:          #382 - SIMPLE_RADIAL
I20260617 13:47:25.480142 0x1703bf000 feature_extraction.cc:280]   Focal Length:    5068.80px
I20260617 13:47:25.480154 0x1703bf000 feature_extraction.cc:284]   Features:        9134 (SIFT)
I20260617 13:47:25.622621 0x1703bf000 feature_extraction.cc:262] Processed file [406/436]
I20260617 13:47:25.622676 0x1703bf000 feature_extraction.cc:265]   Name:            cell_96_slot_1.jpg
I20260617 13:47:25.622694 0x1703bf000 feature_extraction.cc:274]   Dimensions:      4224 x 2376
I20260617 13:47:25.622705 0x1703bf000 feature_extraction.cc:277]   Camera:          #384 - SIMPLE_RADIAL
I20260617 13:47:25.622717 0x1703bf000 feature_extraction.cc:280]   Focal Length:    5068.80px
I20260617 13:47:25.622729 0x1703bf000 feature_extraction.cc:284]   Features:        11083 (SIFT)
I20260617 13:47:28.673066 0x1703bf000 feature_extraction.cc:262] Processed file [407/436]
I20260617 13:47:28.673887 0x1703bf000 feature_extraction.cc:265]   Name:            cell_96_slot_10.jpg
I20260617 13:47:28.673911 0x1703bf000 feature_extraction.cc:274]   Dimensions:      4224 x 2376
I20260617 13:47:28.673918 0x1703bf000 feature_extraction.cc:277]   Camera:          #385 - SIMPLE_RADIAL
I20260617 13:47:28.673923 0x1703bf000 feature_extraction.cc:280]   Focal Length:    5068.80px
I20260617 13:47:28.673928 0x1703bf000 feature_extraction.cc:284]   Features:        9670 (SIFT)
I20260617 13:47:29.734899 0x1703bf000 feature_extraction.cc:262] Processed file [408/436]
I20260617 13:47:29.734977 0x1703bf000 feature_extraction.cc:265]   Name:            cell_96_slot_11.jpg
I20260617 13:47:29.734989 0x1703bf000 feature_extraction.cc:274]   Dimensions:      4224 x 2376
I20260617 13:47:29.734998 0x1703bf000 feature_extraction.cc:277]   Camera:          #386 - SIMPLE_RADIAL
I20260617 13:47:29.735009 0x1703bf000 feature_extraction.cc:280]   Focal Length:    5068.80px
I20260617 13:47:29.735019 0x1703bf000 feature_extraction.cc:284]   Features:        8958 (SIFT)
I20260617 13:47:30.587331 0x1703bf000 feature_extraction.cc:262] Processed file [409/436]
I20260617 13:47:30.587410 0x1703bf000 feature_extraction.cc:265]   Name:            cell_96_slot_2.jpg
I20260617 13:47:30.587421 0x1703bf000 feature_extraction.cc:274]   Dimensions:      4224 x 2376
I20260617 13:47:30.587431 0x1703bf000 feature_extraction.cc:277]   Camera:          #387 - SIMPLE_RADIAL
I20260617 13:47:30.587441 0x1703bf000 feature_extraction.cc:280]   Focal Length:    5068.80px
I20260617 13:47:30.587452 0x1703bf000 feature_extraction.cc:284]   Features:        11584 (SIFT)
I20260617 13:47:31.368312 0x1703bf000 feature_extraction.cc:262] Processed file [410/436]
I20260617 13:47:31.368415 0x1703bf000 feature_extraction.cc:265]   Name:            cell_96_slot_3.jpg
I20260617 13:47:31.368426 0x1703bf000 feature_extraction.cc:274]   Dimensions:      4224 x 2376
I20260617 13:47:31.368435 0x1703bf000 feature_extraction.cc:277]   Camera:          #388 - SIMPLE_RADIAL
I20260617 13:47:31.368445 0x1703bf000 feature_extraction.cc:280]   Focal Length:    5068.80px
I20260617 13:47:31.368458 0x1703bf000 feature_extraction.cc:284]   Features:        8742 (SIFT)
I20260617 13:47:31.986839 0x1703bf000 feature_extraction.cc:262] Processed file [411/436]
I20260617 13:47:31.987200 0x1703bf000 feature_extraction.cc:265]   Name:            cell_96_slot_4.jpg
I20260617 13:47:31.987225 0x1703bf000 feature_extraction.cc:274]   Dimensions:      4224 x 2376
I20260617 13:47:31.987230 0x1703bf000 feature_extraction.cc:277]   Camera:          #389 - SIMPLE_RADIAL
I20260617 13:47:31.987235 0x1703bf000 feature_extraction.cc:280]   Focal Length:    5068.80px
I20260617 13:47:31.987241 0x1703bf000 feature_extraction.cc:284]   Features:        9179 (SIFT)
I20260617 13:47:32.469916 0x1703bf000 feature_extraction.cc:262] Processed file [412/436]
I20260617 13:47:32.469996 0x1703bf000 feature_extraction.cc:265]   Name:            cell_96_slot_5.jpg
I20260617 13:47:32.470010 0x1703bf000 feature_extraction.cc:274]   Dimensions:      4224 x 2376
I20260617 13:47:32.470021 0x1703bf000 feature_extraction.cc:277]   Camera:          #390 - SIMPLE_RADIAL
I20260617 13:47:32.470030 0x1703bf000 feature_extraction.cc:280]   Focal Length:    5068.80px
I20260617 13:47:32.470042 0x1703bf000 feature_extraction.cc:284]   Features:        9942 (SIFT)
I20260617 13:47:33.348187 0x1703bf000 feature_extraction.cc:262] Processed file [413/436]
I20260617 13:47:33.348262 0x1703bf000 feature_extraction.cc:265]   Name:            cell_96_slot_6.jpg
I20260617 13:47:33.348274 0x1703bf000 feature_extraction.cc:274]   Dimensions:      4224 x 2376
I20260617 13:47:33.348284 0x1703bf000 feature_extraction.cc:277]   Camera:          #391 - SIMPLE_RADIAL
I20260617 13:47:33.348293 0x1703bf000 feature_extraction.cc:280]   Focal Length:    5068.80px
I20260617 13:47:33.348304 0x1703bf000 feature_extraction.cc:284]   Features:        12863 (SIFT)
I20260617 13:47:34.472573 0x1703bf000 feature_extraction.cc:262] Processed file [414/436]
I20260617 13:47:34.472648 0x1703bf000 feature_extraction.cc:265]   Name:            cell_97_slot_0.jpg
I20260617 13:47:34.472661 0x1703bf000 feature_extraction.cc:274]   Dimensions:      4224 x 2376
I20260617 13:47:34.472671 0x1703bf000 feature_extraction.cc:277]   Camera:          #395 - SIMPLE_RADIAL
I20260617 13:47:34.472681 0x1703bf000 feature_extraction.cc:280]   Focal Length:    5068.80px
I20260617 13:47:34.472692 0x1703bf000 feature_extraction.cc:284]   Features:        8365 (SIFT)
I20260617 13:47:35.303666 0x1703bf000 feature_extraction.cc:262] Processed file [415/436]
I20260617 13:47:35.303766 0x1703bf000 feature_extraction.cc:265]   Name:            cell_96_slot_8.jpg
I20260617 13:47:35.303773 0x1703bf000 feature_extraction.cc:274]   Dimensions:      4224 x 2376
I20260617 13:47:35.303778 0x1703bf000 feature_extraction.cc:277]   Camera:          #393 - SIMPLE_RADIAL
I20260617 13:47:35.303789 0x1703bf000 feature_extraction.cc:280]   Focal Length:    5068.80px
I20260617 13:47:35.303796 0x1703bf000 feature_extraction.cc:284]   Features:        9553 (SIFT)
I20260617 13:47:35.352843 0x1703bf000 feature_extraction.cc:262] Processed file [416/436]
I20260617 13:47:35.352889 0x1703bf000 feature_extraction.cc:265]   Name:            cell_97_slot_1.jpg
I20260617 13:47:35.352895 0x1703bf000 feature_extraction.cc:274]   Dimensions:      4224 x 2376
I20260617 13:47:35.352899 0x1703bf000 feature_extraction.cc:277]   Camera:          #396 - SIMPLE_RADIAL
I20260617 13:47:35.352904 0x1703bf000 feature_extraction.cc:280]   Focal Length:    5068.80px
I20260617 13:47:35.352910 0x1703bf000 feature_extraction.cc:284]   Features:        12168 (SIFT)
I20260617 13:47:35.430503 0x1703bf000 feature_extraction.cc:262] Processed file [417/436]
I20260617 13:47:35.430571 0x1703bf000 feature_extraction.cc:265]   Name:            cell_96_slot_9.jpg
I20260617 13:47:35.430582 0x1703bf000 feature_extraction.cc:274]   Dimensions:      4224 x 2376
I20260617 13:47:35.430591 0x1703bf000 feature_extraction.cc:277]   Camera:          #394 - SIMPLE_RADIAL
I20260617 13:47:35.430600 0x1703bf000 feature_extraction.cc:280]   Focal Length:    5068.80px
I20260617 13:47:35.430611 0x1703bf000 feature_extraction.cc:284]   Features:        9934 (SIFT)
I20260617 13:47:35.445439 0x1703bf000 feature_extraction.cc:262] Processed file [418/436]
I20260617 13:47:35.445512 0x1703bf000 feature_extraction.cc:265]   Name:            cell_96_slot_7.jpg
I20260617 13:47:35.445524 0x1703bf000 feature_extraction.cc:274]   Dimensions:      4224 x 2376
I20260617 13:47:35.445534 0x1703bf000 feature_extraction.cc:277]   Camera:          #392 - SIMPLE_RADIAL
I20260617 13:47:35.445544 0x1703bf000 feature_extraction.cc:280]   Focal Length:    5068.80px
I20260617 13:47:35.445555 0x1703bf000 feature_extraction.cc:284]   Features:        10036 (SIFT)
I20260617 13:47:36.818711 0x1703bf000 feature_extraction.cc:262] Processed file [419/436]
I20260617 13:47:36.818785 0x1703bf000 feature_extraction.cc:265]   Name:            cell_97_slot_2.jpg
I20260617 13:47:36.818797 0x1703bf000 feature_extraction.cc:274]   Dimensions:      4224 x 2376
I20260617 13:47:36.818807 0x1703bf000 feature_extraction.cc:277]   Camera:          #397 - SIMPLE_RADIAL
I20260617 13:47:36.818817 0x1703bf000 feature_extraction.cc:280]   Focal Length:    5068.80px
I20260617 13:47:36.818832 0x1703bf000 feature_extraction.cc:284]   Features:        8227 (SIFT)
I20260617 13:47:38.105487 0x1703bf000 feature_extraction.cc:262] Processed file [420/436]
I20260617 13:47:38.105565 0x1703bf000 feature_extraction.cc:265]   Name:            cell_97_slot_3.jpg
I20260617 13:47:38.105577 0x1703bf000 feature_extraction.cc:274]   Dimensions:      4224 x 2376
I20260617 13:47:38.105588 0x1703bf000 feature_extraction.cc:277]   Camera:          #398 - SIMPLE_RADIAL
I20260617 13:47:38.105598 0x1703bf000 feature_extraction.cc:280]   Focal Length:    5068.80px
I20260617 13:47:38.105610 0x1703bf000 feature_extraction.cc:284]   Features:        8275 (SIFT)
I20260617 13:47:38.667058 0x1703bf000 feature_extraction.cc:262] Processed file [421/436]
I20260617 13:47:38.667129 0x1703bf000 feature_extraction.cc:265]   Name:            cell_97_slot_4.jpg
I20260617 13:47:38.667140 0x1703bf000 feature_extraction.cc:274]   Dimensions:      4224 x 2376
I20260617 13:47:38.667150 0x1703bf000 feature_extraction.cc:277]   Camera:          #399 - SIMPLE_RADIAL
I20260617 13:47:38.667159 0x1703bf000 feature_extraction.cc:280]   Focal Length:    5068.80px
I20260617 13:47:38.667170 0x1703bf000 feature_extraction.cc:284]   Features:        8557 (SIFT)
I20260617 13:47:39.142919 0x1703bf000 feature_extraction.cc:262] Processed file [422/436]
I20260617 13:47:39.142990 0x1703bf000 feature_extraction.cc:265]   Name:            cell_97_slot_6.jpg
I20260617 13:47:39.143002 0x1703bf000 feature_extraction.cc:274]   Dimensions:      4224 x 2376
I20260617 13:47:39.143010 0x1703bf000 feature_extraction.cc:277]   Camera:          #401 - SIMPLE_RADIAL
I20260617 13:47:39.143020 0x1703bf000 feature_extraction.cc:280]   Focal Length:    5068.80px
I20260617 13:47:39.143030 0x1703bf000 feature_extraction.cc:284]   Features:        9347 (SIFT)
I20260617 13:47:39.660304 0x1703bf000 feature_extraction.cc:262] Processed file [423/436]
I20260617 13:47:39.660382 0x1703bf000 feature_extraction.cc:265]   Name:            cell_97_slot_5.jpg
I20260617 13:47:39.660394 0x1703bf000 feature_extraction.cc:274]   Dimensions:      4224 x 2376
I20260617 13:47:39.660403 0x1703bf000 feature_extraction.cc:277]   Camera:          #400 - SIMPLE_RADIAL
I20260617 13:47:39.660413 0x1703bf000 feature_extraction.cc:280]   Focal Length:    5068.80px
I20260617 13:47:39.660424 0x1703bf000 feature_extraction.cc:284]   Features:        8637 (SIFT)
I20260617 13:47:40.729811 0x1703bf000 feature_extraction.cc:262] Processed file [424/436]
I20260617 13:47:40.729926 0x1703bf000 feature_extraction.cc:265]   Name:            cell_97_slot_7.jpg
I20260617 13:47:40.729940 0x1703bf000 feature_extraction.cc:274]   Dimensions:      4224 x 2376
I20260617 13:47:40.729951 0x1703bf000 feature_extraction.cc:277]   Camera:          #402 - SIMPLE_RADIAL
I20260617 13:47:40.729961 0x1703bf000 feature_extraction.cc:280]   Focal Length:    5068.80px
I20260617 13:47:40.729973 0x1703bf000 feature_extraction.cc:284]   Features:        9101 (SIFT)
I20260617 13:47:41.383698 0x1703bf000 feature_extraction.cc:262] Processed file [425/436]
I20260617 13:47:41.383773 0x1703bf000 feature_extraction.cc:265]   Name:            cell_98_slot_0.jpg
I20260617 13:47:41.383785 0x1703bf000 feature_extraction.cc:274]   Dimensions:      4224 x 2376
I20260617 13:47:41.383795 0x1703bf000 feature_extraction.cc:277]   Camera:          #403 - SIMPLE_RADIAL
I20260617 13:47:41.383804 0x1703bf000 feature_extraction.cc:280]   Focal Length:    5068.80px
I20260617 13:47:41.383816 0x1703bf000 feature_extraction.cc:284]   Features:        8479 (SIFT)
I20260617 13:47:42.427607 0x1703bf000 feature_extraction.cc:262] Processed file [426/436]
I20260617 13:47:42.427937 0x1703bf000 feature_extraction.cc:265]   Name:            cell_98_slot_1.jpg
I20260617 13:47:42.427962 0x1703bf000 feature_extraction.cc:274]   Dimensions:      4224 x 2376
I20260617 13:47:42.427967 0x1703bf000 feature_extraction.cc:277]   Camera:          #404 - SIMPLE_RADIAL
I20260617 13:47:42.427973 0x1703bf000 feature_extraction.cc:280]   Focal Length:    5068.80px
I20260617 13:47:42.427978 0x1703bf000 feature_extraction.cc:284]   Features:        8675 (SIFT)
I20260617 13:47:43.228622 0x1703bf000 feature_extraction.cc:262] Processed file [427/436]
I20260617 13:47:43.228711 0x1703bf000 feature_extraction.cc:265]   Name:            cell_98_slot_3.jpg
I20260617 13:47:43.228723 0x1703bf000 feature_extraction.cc:274]   Dimensions:      4224 x 2376
I20260617 13:47:43.228733 0x1703bf000 feature_extraction.cc:277]   Camera:          #406 - SIMPLE_RADIAL
I20260617 13:47:43.228743 0x1703bf000 feature_extraction.cc:280]   Focal Length:    5068.80px
I20260617 13:47:43.228753 0x1703bf000 feature_extraction.cc:284]   Features:        9215 (SIFT)
I20260617 13:47:43.285697 0x1703bf000 feature_extraction.cc:262] Processed file [428/436]
I20260617 13:47:43.285793 0x1703bf000 feature_extraction.cc:265]   Name:            cell_98_slot_2.jpg
I20260617 13:47:43.285805 0x1703bf000 feature_extraction.cc:274]   Dimensions:      4224 x 2376
I20260617 13:47:43.285815 0x1703bf000 feature_extraction.cc:277]   Camera:          #405 - SIMPLE_RADIAL
I20260617 13:47:43.285825 0x1703bf000 feature_extraction.cc:280]   Focal Length:    5068.80px
I20260617 13:47:43.285840 0x1703bf000 feature_extraction.cc:284]   Features:        8889 (SIFT)
I20260617 13:47:43.596945 0x1703bf000 feature_extraction.cc:262] Processed file [429/436]
I20260617 13:47:43.597011 0x1703bf000 feature_extraction.cc:265]   Name:            cell_99_slot_1.jpg
I20260617 13:47:43.597023 0x1703bf000 feature_extraction.cc:274]   Dimensions:      4224 x 2376
I20260617 13:47:43.597028 0x1703bf000 feature_extraction.cc:277]   Camera:          #408 - SIMPLE_RADIAL
I20260617 13:47:43.597032 0x1703bf000 feature_extraction.cc:280]   Focal Length:    5068.80px
I20260617 13:47:43.597038 0x1703bf000 feature_extraction.cc:284]   Features:        8919 (SIFT)
I20260617 13:47:44.024883 0x1703bf000 feature_extraction.cc:262] Processed file [430/436]
I20260617 13:47:44.024941 0x1703bf000 feature_extraction.cc:265]   Name:            cell_99_slot_0.jpg
I20260617 13:47:44.024949 0x1703bf000 feature_extraction.cc:274]   Dimensions:      4224 x 2376
I20260617 13:47:44.024954 0x1703bf000 feature_extraction.cc:277]   Camera:          #407 - SIMPLE_RADIAL
I20260617 13:47:44.024958 0x1703bf000 feature_extraction.cc:280]   Focal Length:    5068.80px
I20260617 13:47:44.024963 0x1703bf000 feature_extraction.cc:284]   Features:        9403 (SIFT)
I20260617 13:47:44.850016 0x1703bf000 feature_extraction.cc:262] Processed file [431/436]
I20260617 13:47:44.850066 0x1703bf000 feature_extraction.cc:265]   Name:            cell_99_slot_2.jpg
I20260617 13:47:44.850072 0x1703bf000 feature_extraction.cc:274]   Dimensions:      4224 x 2376
I20260617 13:47:44.850076 0x1703bf000 feature_extraction.cc:277]   Camera:          #409 - SIMPLE_RADIAL
I20260617 13:47:44.850080 0x1703bf000 feature_extraction.cc:280]   Focal Length:    5068.80px
I20260617 13:47:44.850085 0x1703bf000 feature_extraction.cc:284]   Features:        9589 (SIFT)
I20260617 13:47:45.373127 0x1703bf000 feature_extraction.cc:262] Processed file [432/436]
I20260617 13:47:45.373174 0x1703bf000 feature_extraction.cc:265]   Name:            cell_99_slot_3.jpg
I20260617 13:47:45.373180 0x1703bf000 feature_extraction.cc:274]   Dimensions:      4224 x 2376
I20260617 13:47:45.373184 0x1703bf000 feature_extraction.cc:277]   Camera:          #410 - SIMPLE_RADIAL
I20260617 13:47:45.373189 0x1703bf000 feature_extraction.cc:280]   Focal Length:    5068.80px
I20260617 13:47:45.373194 0x1703bf000 feature_extraction.cc:284]   Features:        9063 (SIFT)
I20260617 13:47:45.782408 0x1703bf000 feature_extraction.cc:262] Processed file [433/436]
I20260617 13:47:45.782442 0x1703bf000 feature_extraction.cc:265]   Name:            cell_99_slot_4.jpg
I20260617 13:47:45.782447 0x1703bf000 feature_extraction.cc:274]   Dimensions:      4224 x 2376
I20260617 13:47:45.782451 0x1703bf000 feature_extraction.cc:277]   Camera:          #411 - SIMPLE_RADIAL
I20260617 13:47:45.782455 0x1703bf000 feature_extraction.cc:280]   Focal Length:    5068.80px
I20260617 13:47:45.782459 0x1703bf000 feature_extraction.cc:284]   Features:        9208 (SIFT)
I20260617 13:47:45.954650 0x1703bf000 feature_extraction.cc:262] Processed file [434/436]
I20260617 13:47:45.954685 0x1703bf000 feature_extraction.cc:265]   Name:            cell_99_slot_5.jpg
I20260617 13:47:45.954690 0x1703bf000 feature_extraction.cc:274]   Dimensions:      4224 x 2376
I20260617 13:47:45.954694 0x1703bf000 feature_extraction.cc:277]   Camera:          #412 - SIMPLE_RADIAL
I20260617 13:47:45.954697 0x1703bf000 feature_extraction.cc:280]   Focal Length:    5068.80px
I20260617 13:47:45.954702 0x1703bf000 feature_extraction.cc:284]   Features:        8902 (SIFT)
I20260617 13:47:46.140914 0x1703bf000 feature_extraction.cc:262] Processed file [435/436]
I20260617 13:47:46.140948 0x1703bf000 feature_extraction.cc:265]   Name:            cell_99_slot_6.jpg
I20260617 13:47:46.140953 0x1703bf000 feature_extraction.cc:274]   Dimensions:      4224 x 2376
I20260617 13:47:46.140957 0x1703bf000 feature_extraction.cc:277]   Camera:          #413 - SIMPLE_RADIAL
I20260617 13:47:46.140961 0x1703bf000 feature_extraction.cc:280]   Focal Length:    5068.80px
I20260617 13:47:46.140966 0x1703bf000 feature_extraction.cc:284]   Features:        8840 (SIFT)
I20260617 13:47:47.429479 0x1703bf000 feature_extraction.cc:262] Processed file [436/436]
I20260617 13:47:47.429510 0x1703bf000 feature_extraction.cc:265]   Name:            cell_99_slot_7.jpg
I20260617 13:47:47.429515 0x1703bf000 feature_extraction.cc:274]   Dimensions:      4224 x 2376
I20260617 13:47:47.429521 0x1703bf000 feature_extraction.cc:277]   Camera:          #414 - SIMPLE_RADIAL
I20260617 13:47:47.429526 0x1703bf000 feature_extraction.cc:280]   Focal Length:    5068.80px
I20260617 13:47:47.429531 0x1703bf000 feature_extraction.cc:284]   Features:        10055 (SIFT)
I20260617 13:47:47.430816 0x16f613000 timer.cc:90] Elapsed time: 5.792 [minutes]
OpenImageIO exited with a pending error message that was never
retrieved via OIIO::geterror(). This was the error message:
OpenImageIO could not find a format reader for "/Users/kaidongwang/Developer/Aether3D-cross/pocketworld_research_benchmarks/data/official_da3_base_k35_strict_seq_2026_06_02/capture_seq_k35_strict/photos_highres/cell_92_slot_3.json". Is it a file format that OpenImageIO doesn't know about?
