frame,t,wall_ms,cpu_ms,sw_solver_ms,sw_solves,sw_iters,stop_budget,stop_time,stop_iter,stop_conv,init_solver_ms,bk_work_ms,bk_track_ms,bk_track_n
0,1403715886.584058285,4.3965,4.0520,nan,-1,-1,-1,-1,-1,-1,nan,0.0005,0.0000,0
1,1403715886.634057999,4.8478,3.9906,nan,-1,-1,-1,-1,-1,-1,nan,0.0007,0.0000,0
2,1403715886.684058189,3.3799,3.3810,nan,-1,-1,-1,-1,-1,-1,nan,0.0008,0.0000,0
3,1403715886.734058142,3.4121,3.4160,nan,-1,-1,-1,-1,-1,-1,nan,0.0004,0.0000,0
4,1403715886.784058094,3.7541,3.7582,nan,-1,-1,-1,-1,-1,-1,nan,0.0011,0.0000,0
5,1403715886.834058046,3.3090,3.3126,nan,-1,-1,-1,-1,-1,-1,nan,0.0004,0.0000,0
6,1403715886.884058237,3.3591,3.3631,nan,-1,-1,-1,-1,-1,-1,nan,0.0006,0.0000,0
7,1403715886.934058189,3.5158,3.5152,nan,-1,-1,-1,-1,-1,-1,nan,0.0004,0.0000,0
8,1403715886.984058142,3.3702,3.3718,nan,-1,-1,-1,-1,-1,-1,nan,0.0004,0.0000,0
9,1403715887.034058094,4.1473,4.0845,nan,-1,-1,-1,-1,-1,-1,nan,0.0008,0.0000,0
10,1403715887.084058285,3.5522,3.5388,nan,-1,-1,-1,-1,-1,-1,nan,0.0007,0.0000,0
11,1403715887.134057999,3.4506,3.4321,nan,-1,-1,-1,-1,-1,-1,nan,0.0003,0.0000,0
12,1403715887.184058189,3.4513,3.4349,nan,-1,-1,-1,-1,-1,-1,nan,0.0003,0.0000,0
13,1403715887.234058142,3.8722,3.7435,nan,-1,-1,-1,-1,-1,-1,nan,0.0003,0.0000,0
14,1403715887.284058094,3.3625,3.3557,nan,-1,-1,-1,-1,-1,-1,nan,0.0004,0.0000,0
15,1403715887.334058046,3.3770,3.3824,nan,-1,-1,-1,-1,-1,-1,nan,0.0008,0.0000,0
16,1403715887.384058237,3.4023,3.3903,nan,-1,-1,-1,-1,-1,-1,nan,0.0002,0.0000,0
17,1403715887.434058189,3.4516,3.4529,nan,-1,-1,-1,-1,-1,-1,nan,0.0004,0.0000,0
18,1403715887.484058142,3.3084,3.3119,nan,-1,-1,-1,-1,-1,-1,nan,0.0003,0.0000,0
19,1403715887.534058094,3.6304,3.6184,nan,-1,-1,-1,-1,-1,-1,nan,0.0001,0.0000,0
20,1403715887.584058285,3.4069,3.4106,nan,-1,-1,-1,-1,-1,-1,nan,0.0004,0.0000,0
21,1403715887.634057999,3.5153,3.5153,nan,-1,-1,-1,-1,-1,-1,nan,0.0005,0.0000,0
22,1403715887.684058189,4.1010,4.0182,nan,-1,-1,-1,-1,-1,-1,nan,0.0005,0.0000,0
23,1403715887.734058142,3.6220,3.5944,nan,-1,-1,-1,-1,-1,-1,nan,0.0004,0.0000,0
24,1403715887.784058094,3.8019,3.7153,nan,-1,-1,-1,-1,-1,-1,nan,0.0004,0.0000,0
25,1403715887.834058046,3.5108,3.5008,nan,-1,-1,-1,-1,-1,-1,nan,0.0003,0.0000,0
26,1403715887.884058237,3.7396,3.6562,nan,-1,-1,-1,-1,-1,-1,nan,0.0006,0.0000,0
27,1403715887.934058189,3.5659,3.5464,nan,-1,-1,-1,-1,-1,-1,nan,0.0004,0.0000,0
28,1403715887.984058142,3.3519,3.3555,nan,-1,-1,-1,-1,-1,-1,nan,0.0005,0.0000,0
29,1403715888.034058094,3.6790,3.5825,nan,-1,-1,-1,-1,-1,-1,nan,0.0005,0.0000,0
30,1403715888.084058285,3.3455,3.3490,nan,-1,-1,-1,-1,-1,-1,nan,0.0005,0.0000,0
31,1403715888.134057999,3.4192,3.4227,nan,-1,-1,-1,-1,-1,-1,nan,0.0004,0.0000,0
32,1403715888.184058189,3.9155,3.7519,nan,-1,-1,-1,-1,-1,-1,nan,0.0004,0.0000,0
33,1403715888.234058142,3.4760,3.4817,nan,-1,-1,-1,-1,-1,-1,nan,0.0005,0.0000,0
34,1403715888.284058094,3.7013,3.6652,nan,-1,-1,-1,-1,-1,-1,nan,0.0008,0.0000,0
35,1403715888.334058046,4.3308,4.0897,nan,-1,-1,-1,-1,-1,-1,nan,0.4116,0.0000,0
36,1403715888.384058237,4.4297,4.3969,nan,-1,-1,-1,-1,-1,-1,nan,0.4672,0.0000,0
37,1403715888.434058189,4.2320,4.2083,nan,-1,-1,-1,-1,-1,-1,nan,0.4682,0.0000,0
38,1403715888.484058142,5.0715,4.7734,nan,-1,-1,-1,-1,-1,-1,nan,0.4722,0.0000,0
39,1403715888.534058094,4.1833,4.1783,nan,-1,-1,-1,-1,-1,-1,nan,0.4574,0.0000,0
40,1403715888.584058285,4.2285,4.2228,nan,-1,-1,-1,-1,-1,-1,nan,0.4612,0.0000,0
41,1403715888.634057999,4.5528,4.4510,nan,-1,-1,-1,-1,-1,-1,nan,0.4743,0.0000,0
42,1403715888.684058189,4.2691,4.2605,nan,-1,-1,-1,-1,-1,-1,nan,0.4716,0.0000,0
43,1403715888.734058142,4.0687,4.0112,nan,-1,-1,-1,-1,-1,-1,nan,0.4809,0.0000,0
44,1403715888.784058094,4.0510,4.0032,nan,-1,-1,-1,-1,-1,-1,nan,0.4654,0.0000,0
45,1403715888.834058046,3.9855,3.9813,nan,-1,-1,-1,-1,-1,-1,nan,0.4709,0.0000,0
46,1403715888.884058237,4.1548,4.1440,nan,-1,-1,-1,-1,-1,-1,nan,0.4668,0.0000,0
47,1403715888.934058189,4.2853,4.2393,nan,-1,-1,-1,-1,-1,-1,nan,0.4818,0.0000,0
48,1403715888.984058142,5.1664,5.0080,nan,-1,-1,-1,-1,-1,-1,nan,0.4861,0.0000,0
49,1403715889.034058094,3.9397,3.9438,nan,-1,-1,-1,-1,-1,-1,nan,0.4789,0.0000,0
50,1403715889.084058285,3.9280,3.9313,nan,-1,-1,-1,-1,-1,-1,nan,0.4690,0.0000,0
51,1403715889.134057999,4.3426,4.3432,nan,-1,-1,-1,-1,-1,-1,nan,0.4926,0.0000,0
52,1403715889.184058189,4.2011,4.1315,nan,-1,-1,-1,-1,-1,-1,nan,0.4847,0.0000,0
53,1403715889.234058142,4.5381,4.4673,nan,-1,-1,-1,-1,-1,-1,nan,0.5255,0.0000,0
54,1403715889.284058094,4.1038,4.0676,nan,-1,-1,-1,-1,-1,-1,nan,0.4921,0.0000,0
55,1403715889.334058046,4.5341,4.3952,nan,-1,-1,-1,-1,-1,-1,nan,0.5033,0.0000,0
56,1403715889.384058237,4.0064,3.9122,nan,-1,-1,-1,-1,-1,-1,nan,0.5003,0.0000,0
57,1403715889.434058189,4.5231,4.3869,nan,-1,-1,-1,-1,-1,-1,nan,0.5131,0.0000,0
58,1403715889.484058142,4.4936,4.4321,nan,-1,-1,-1,-1,-1,-1,nan,0.5188,0.0000,0
59,1403715889.534058094,4.2403,4.1607,nan,-1,-1,-1,-1,-1,-1,nan,0.5132,0.0000,0
60,1403715889.584058285,4.4185,4.3085,nan,-1,-1,-1,-1,-1,-1,nan,0.5170,0.0000,0
61,1403715889.634057999,4.3310,4.2614,nan,-1,-1,-1,-1,-1,-1,nan,0.5102,0.0000,0
62,1403715889.684058189,4.1890,4.1734,nan,-1,-1,-1,-1,-1,-1,nan,0.5100,0.0000,0
63,1403715889.734058142,4.1116,4.1155,nan,-1,-1,-1,-1,-1,-1,nan,0.5189,0.0000,0
64,1403715889.784058094,4.5022,4.3723,nan,-1,-1,-1,-1,-1,-1,nan,0.5320,0.0000,0
65,1403715889.834058046,4.2061,4.2100,nan,-1,-1,-1,-1,-1,-1,nan,0.5220,0.0000,0
66,1403715889.884058237,4.3409,4.3120,nan,-1,-1,-1,-1,-1,-1,nan,0.5403,0.0000,0
67,1403715889.934058189,4.2245,4.2110,nan,-1,-1,-1,-1,-1,-1,nan,0.5170,0.0000,0
68,1403715889.984058142,4.2605,4.2528,nan,-1,-1,-1,-1,-1,-1,nan,0.5201,0.0000,0
69,1403715890.034058094,4.5032,4.4811,nan,-1,-1,-1,-1,-1,-1,nan,0.5347,0.0000,0
70,1403715890.084058285,4.3422,4.3319,nan,-1,-1,-1,-1,-1,-1,nan,0.5382,0.0000,0
71,1403715890.134057999,4.4093,4.3681,nan,-1,-1,-1,-1,-1,-1,nan,0.5331,0.0000,0
72,1403715890.184058189,4.4648,4.3752,nan,-1,-1,-1,-1,-1,-1,nan,0.5380,0.0000,0
73,1403715890.234058142,4.1205,4.1240,nan,-1,-1,-1,-1,-1,-1,nan,0.5160,0.0000,0
74,1403715890.284058094,4.2905,4.2778,nan,-1,-1,-1,-1,-1,-1,nan,0.5287,0.0000,0
75,1403715890.334058046,4.2935,4.2787,nan,-1,-1,-1,-1,-1,-1,nan,0.5282,0.0000,0
76,1403715890.384058237,4.2669,4.1003,nan,-1,-1,-1,-1,-1,-1,nan,0.5313,0.0000,0
77,1403715890.434058189,4.5113,4.4595,nan,-1,-1,-1,-1,-1,-1,nan,0.5320,0.0000,0
78,1403715890.484058142,4.5536,4.5572,nan,-1,-1,-1,-1,-1,-1,nan,0.5535,0.0000,0
79,1403715890.534058094,4.6918,4.5333,nan,-1,-1,-1,-1,-1,-1,nan,0.5576,0.0000,0
80,1403715890.584058285,4.5172,4.4104,nan,-1,-1,-1,-1,-1,-1,nan,0.5455,0.0000,0
81,1403715890.634057999,4.4377,4.4069,nan,-1,-1,-1,-1,-1,-1,nan,0.5389,0.0000,0
82,1403715890.684058189,4.4112,4.3521,nan,-1,-1,-1,-1,-1,-1,nan,0.5330,0.0000,0
83,1403715890.734058142,4.6693,4.5757,nan,-1,-1,-1,-1,-1,-1,nan,0.5424,0.0000,0
84,1403715890.784058094,4.2352,4.2234,nan,-1,-1,-1,-1,-1,-1,nan,0.5549,0.0000,0
85,1403715890.834058046,4.3738,4.2646,nan,-1,-1,-1,-1,-1,-1,nan,0.5283,0.0000,0
86,1403715890.884058237,4.3440,4.3088,nan,-1,-1,-1,-1,-1,-1,nan,0.5376,0.0000,0
87,1403715890.934058189,4.3362,4.2484,nan,-1,-1,-1,-1,-1,-1,nan,0.5267,0.0000,0
88,1403715890.984058142,4.2490,4.2063,nan,-1,-1,-1,-1,-1,-1,nan,0.5342,0.0000,0
89,1403715891.034058094,4.5412,4.4705,nan,-1,-1,-1,-1,-1,-1,nan,0.5508,0.0000,0
90,1403715891.084058285,4.1896,4.1701,nan,-1,-1,-1,-1,-1,-1,nan,0.5453,0.0000,0
91,1403715891.134057999,4.2368,4.2100,nan,-1,-1,-1,-1,-1,-1,nan,0.5275,0.0000,0
92,1403715891.184058189,4.7233,4.6191,nan,-1,-1,-1,-1,-1,-1,nan,0.5418,0.0000,0
93,1403715891.234058142,4.8303,4.7296,nan,-1,-1,-1,-1,-1,-1,nan,0.5467,0.0000,0
94,1403715891.284058094,4.5107,4.4726,nan,-1,-1,-1,-1,-1,-1,nan,0.8295,0.0000,0
95,1403715891.334058046,4.2970,4.2705,nan,-1,-1,-1,-1,-1,-1,nan,0.5595,0.0000,0
96,1403715891.384058237,4.2438,4.2243,nan,-1,-1,-1,-1,-1,-1,nan,0.5654,0.0000,0
97,1403715891.434058189,4.4641,4.3812,nan,-1,-1,-1,-1,-1,-1,nan,0.5467,0.0000,0
98,1403715891.484058142,4.2397,4.2147,nan,-1,-1,-1,-1,-1,-1,nan,0.5623,0.0000,0
99,1403715891.534058094,4.3458,4.2992,nan,-1,-1,-1,-1,-1,-1,nan,0.5452,0.0000,0
100,1403715891.584058285,4.0540,4.0537,nan,-1,-1,-1,-1,-1,-1,nan,0.5319,0.0000,0
101,1403715891.634057999,4.6145,4.5812,nan,-1,-1,-1,-1,-1,-1,nan,0.5403,0.0000,0
102,1403715891.684058189,4.1257,4.1293,nan,-1,-1,-1,-1,-1,-1,nan,0.5498,0.0000,0
103,1403715891.734058142,4.8346,4.6579,nan,-1,-1,-1,-1,-1,-1,nan,0.5661,0.0000,0
104,1403715891.784058094,4.3063,4.2706,nan,-1,-1,-1,-1,-1,-1,nan,0.5477,0.0000,0
105,1403715891.834058046,4.6594,4.5061,nan,-1,-1,-1,-1,-1,-1,nan,0.5568,0.0000,0
106,1403715891.884058237,4.2311,4.2142,nan,-1,-1,-1,-1,-1,-1,nan,0.5476,0.0000,0
107,1403715891.934058189,4.5720,4.4712,nan,-1,-1,-1,-1,-1,-1,nan,0.5441,0.0000,0
108,1403715891.984058142,4.2014,4.1972,nan,-1,-1,-1,-1,-1,-1,nan,0.5564,0.0000,0
109,1403715892.034058094,4.3078,4.2803,nan,-1,-1,-1,-1,-1,-1,nan,0.5352,0.0000,0
110,1403715892.084058285,4.2219,4.1856,nan,-1,-1,-1,-1,-1,-1,nan,0.5495,0.0000,0
111,1403715892.134057999,4.3618,4.3389,nan,-1,-1,-1,-1,-1,-1,nan,0.5471,0.0000,0
112,1403715892.184058189,4.4662,4.2724,nan,-1,-1,-1,-1,-1,-1,nan,0.5485,0.0000,0
113,1403715892.234058142,4.1917,4.1742,nan,-1,-1,-1,-1,-1,-1,nan,0.5414,0.0000,0
114,1403715892.284058094,4.1810,4.1761,nan,-1,-1,-1,-1,-1,-1,nan,0.5592,0.0000,0
115,1403715892.334058046,4.5677,4.4400,nan,-1,-1,-1,-1,-1,-1,nan,0.5777,0.0000,0
116,1403715892.384058237,4.2247,4.2165,nan,-1,-1,-1,-1,-1,-1,nan,0.5553,0.0000,0
117,1403715892.434058189,4.4562,4.4297,nan,-1,-1,-1,-1,-1,-1,nan,0.5675,0.0000,0
118,1403715892.484058142,4.4515,4.4299,nan,-1,-1,-1,-1,-1,-1,nan,0.5486,0.0000,0
119,1403715892.534058094,4.4727,4.4243,nan,-1,-1,-1,-1,-1,-1,nan,0.5570,0.0000,0
120,1403715892.584058285,4.1885,4.1918,nan,-1,-1,-1,-1,-1,-1,nan,0.5623,0.0000,0
121,1403715892.634057999,4.5844,4.3815,nan,-1,-1,-1,-1,-1,-1,nan,0.5422,0.0000,0
122,1403715892.684058189,4.2671,4.2563,nan,-1,-1,-1,-1,-1,-1,nan,0.5567,0.0000,0
123,1403715892.734058142,4.5244,4.4552,nan,-1,-1,-1,-1,-1,-1,nan,0.5673,0.0000,0
124,1403715892.784058094,4.5162,4.5003,nan,-1,-1,-1,-1,-1,-1,nan,0.5877,0.0000,0
125,1403715892.834058046,4.4490,4.3450,nan,-1,-1,-1,-1,-1,-1,nan,0.5787,0.0000,0
126,1403715892.884058237,4.7266,4.6643,nan,-1,-1,-1,-1,-1,-1,nan,0.5728,0.0000,0
127,1403715892.934058189,4.7918,4.7145,nan,-1,-1,-1,-1,-1,-1,nan,0.5765,0.0000,0
128,1403715892.984058142,4.3113,4.3148,nan,-1,-1,-1,-1,-1,-1,nan,0.5941,0.0000,0
129,1403715893.034058094,4.2684,4.2640,nan,-1,-1,-1,-1,-1,-1,nan,0.5872,0.0000,0
130,1403715893.084058285,4.4121,4.4061,nan,-1,-1,-1,-1,-1,-1,nan,0.5956,0.0000,0
131,1403715893.134057999,4.8615,4.6568,nan,-1,-1,-1,-1,-1,-1,nan,0.5904,0.0000,0
132,1403715893.184058189,4.5835,4.5625,nan,-1,-1,-1,-1,-1,-1,nan,0.5898,0.0000,0
133,1403715893.234058142,4.5815,4.4537,nan,-1,-1,-1,-1,-1,-1,nan,0.5846,0.0000,0
134,1403715893.284058094,4.4801,4.4744,nan,-1,-1,-1,-1,-1,-1,nan,0.5952,0.0000,0
135,1403715893.334058046,4.4426,4.4212,nan,-1,-1,-1,-1,-1,-1,nan,0.5934,0.0000,0
136,1403715893.384058237,4.4212,4.3995,nan,-1,-1,-1,-1,-1,-1,nan,0.5848,0.0000,0
137,1403715893.434058189,4.3910,4.3724,nan,-1,-1,-1,-1,-1,-1,nan,0.5921,0.0000,0
138,1403715893.484058142,22.2755,19.7962,nan,-1,-1,-1,-1,-1,-1,nan,18.2606,0.0000,0
139,1403715893.534058094,6.2304,6.2140,nan,-1,-1,-1,-1,-1,-1,nan,2.4431,0.0000,0
140,1403715893.584058285,37.8058,37.5768,nan,-1,-1,-1,-1,-1,-1,nan,34.0259,0.0000,0
141,1403715893.634057999,5.6340,5.5861,nan,-1,-1,-1,-1,-1,-1,nan,0.5955,0.5309,1
142,1403715893.684058189,4.9605,4.9028,nan,-1,-1,-1,-1,-1,-1,nan,1.2695,1.1924,1
143,1403715893.734058142,5.1180,5.1115,nan,-1,-1,-1,-1,-1,-1,nan,1.5314,1.4603,1
144,1403715893.784058094,20.3222,20.1261,nan,-1,-1,-1,-1,-1,-1,nan,16.6534,16.5788,1
145,1403715893.834058046,4.2830,4.2798,nan,-1,-1,-1,-1,-1,-1,nan,0.8327,0.7578,1
146,1403715893.884058237,4.7252,4.7287,nan,-1,-1,-1,-1,-1,-1,nan,1.3211,1.2416,1
147,1403715893.934058189,4.9845,4.9862,nan,-1,-1,-1,-1,-1,-1,nan,1.5635,1.4969,1
148,1403715893.984058142,15.4550,15.4503,nan,-1,-1,-1,-1,-1,-1,nan,11.9300,11.8553,1
149,1403715894.034058094,4.4433,4.4457,nan,-1,-1,-1,-1,-1,-1,nan,0.7070,0.6404,1
150,1403715894.084058285,4.8554,4.8321,nan,-1,-1,-1,-1,-1,-1,nan,1.0409,0.9634,1
151,1403715894.134057999,4.9437,4.9244,nan,-1,-1,-1,-1,-1,-1,nan,1.3120,1.2390,1
152,1403715894.184058189,19.0437,18.8430,nan,-1,-1,-1,-1,-1,-1,nan,15.4388,15.3708,1
153,1403715894.234058142,4.5848,4.5582,nan,-1,-1,-1,-1,-1,-1,nan,0.7066,0.6397,1
154,1403715894.284058094,4.4661,4.4592,nan,-1,-1,-1,-1,-1,-1,nan,0.9786,0.9041,1
155,1403715894.334058046,5.2811,5.1730,nan,-1,-1,-1,-1,-1,-1,nan,1.5040,1.4340,1
156,1403715894.384058237,24.2021,24.1949,nan,-1,-1,-1,-1,-1,-1,nan,20.5746,20.5058,1
157,1403715894.434058189,4.1458,4.1495,nan,-1,-1,-1,-1,-1,-1,nan,0.7441,0.6723,1
158,1403715894.484058142,4.7437,4.7335,nan,-1,-1,-1,-1,-1,-1,nan,1.1467,1.0630,1
159,1403715894.534058094,5.1528,5.1147,nan,-1,-1,-1,-1,-1,-1,nan,1.4367,1.3670,1
160,1403715894.584058285,32.8677,32.8617,nan,-1,-1,-1,-1,-1,-1,nan,29.3864,29.3066,1
161,1403715894.634057999,4.5721,4.4450,nan,-1,-1,-1,-1,-1,-1,nan,0.5925,0.5194,1
162,1403715894.684058189,4.7629,4.7530,nan,-1,-1,-1,-1,-1,-1,nan,1.0906,1.0147,1
163,1403715894.734058142,4.8892,4.8716,nan,-1,-1,-1,-1,-1,-1,nan,1.3587,1.2875,1
164,1403715894.784058094,22.4803,22.4772,nan,-1,-1,-1,-1,-1,-1,nan,19.0289,18.9664,1
165,1403715894.834058046,4.0750,4.0737,nan,-1,-1,-1,-1,-1,-1,nan,0.6520,0.5885,1
166,1403715894.884058237,4.4438,4.4191,nan,-1,-1,-1,-1,-1,-1,nan,0.8615,0.7854,1
167,1403715894.934058189,4.6966,4.7003,nan,-1,-1,-1,-1,-1,-1,nan,1.2665,1.1960,1
168,1403715894.984058142,21.6560,21.6469,nan,-1,-1,-1,-1,-1,-1,nan,18.1261,18.0706,1
169,1403715895.034058094,3.8095,3.7982,nan,-1,-1,-1,-1,-1,-1,nan,0.4278,0.3640,1
170,1403715895.084058285,3.8670,3.8706,nan,-1,-1,-1,-1,-1,-1,nan,0.5953,0.5378,1
171,1403715895.134057999,4.1325,4.1118,nan,-1,-1,-1,-1,-1,-1,nan,0.7338,0.6873,1
172,1403715895.184058189,20.7387,20.7198,nan,-1,-1,-1,-1,-1,-1,nan,17.4408,17.3785,1
173,1403715895.234058142,4.1419,4.0888,nan,-1,-1,-1,-1,-1,-1,nan,0.4869,0.4243,1
174,1403715895.284058094,3.9741,3.9719,nan,-1,-1,-1,-1,-1,-1,nan,0.5856,0.5378,1
175,1403715895.334058046,3.8283,3.8130,nan,-1,-1,-1,-1,-1,-1,nan,0.7418,0.6781,1
176,1403715895.384058237,20.3008,20.2768,nan,-1,-1,-1,-1,-1,-1,nan,17.0419,16.9845,1
177,1403715895.434058189,4.1830,4.0667,nan,-1,-1,-1,-1,-1,-1,nan,0.3846,0.3336,1
178,1403715895.484058142,3.7660,3.7396,nan,-1,-1,-1,-1,-1,-1,nan,0.5027,0.4463,1
179,1403715895.534058094,3.5321,3.5357,nan,-1,-1,-1,-1,-1,-1,nan,0.6319,0.5743,1
180,1403715895.584058285,18.8115,18.8151,nan,-1,-1,-1,-1,-1,-1,nan,15.6884,15.6428,1
181,1403715895.634057999,3.5809,3.5698,nan,-1,-1,-1,-1,-1,-1,nan,0.3791,0.3207,1
182,1403715895.684058189,3.9515,3.9030,nan,-1,-1,-1,-1,-1,-1,nan,0.5434,0.4805,1
183,1403715895.734058142,8.6745,5.2261,nan,-1,-1,-1,-1,-1,-1,nan,1.4308,1.2662,1
184,1403715895.784058094,38.5987,33.5000,nan,-1,-1,-1,-1,-1,-1,nan,29.3770,28.9375,1
185,1403715895.834058046,4.3040,4.1346,nan,-1,-1,-1,-1,-1,-1,nan,0.4413,0.3842,1
186,1403715895.884058237,3.8117,3.7598,nan,-1,-1,-1,-1,-1,-1,nan,0.5077,0.4644,1
187,1403715895.934058189,3.7257,3.6805,nan,-1,-1,-1,-1,-1,-1,nan,0.6341,0.5795,1
188,1403715895.984058142,17.2236,17.2275,nan,-1,-1,-1,-1,-1,-1,nan,14.4089,14.3599,1
189,1403715896.034058094,3.5811,3.5602,nan,-1,-1,-1,-1,-1,-1,nan,0.3586,0.3108,1
190,1403715896.084058285,3.7381,3.6800,nan,-1,-1,-1,-1,-1,-1,nan,0.5009,0.4450,1
191,1403715896.134057999,3.8020,3.7856,nan,-1,-1,-1,-1,-1,-1,nan,0.6331,0.5792,1
192,1403715896.184058189,16.9170,16.8365,nan,-1,-1,-1,-1,-1,-1,nan,13.5380,13.4841,1
193,1403715896.234058142,3.3238,3.3277,nan,-1,-1,-1,-1,-1,-1,nan,0.3747,0.3225,1
194,1403715896.284058094,3.6530,3.6451,nan,-1,-1,-1,-1,-1,-1,nan,0.5123,0.4606,1
195,1403715896.334058046,3.7486,3.7149,nan,-1,-1,-1,-1,-1,-1,nan,0.5985,0.5511,1
196,1403715896.384058237,15.9630,15.9582,nan,-1,-1,-1,-1,-1,-1,nan,13.0542,13.0029,1
197,1403715896.434058189,3.5143,3.4987,nan,-1,-1,-1,-1,-1,-1,nan,0.3844,0.3324,1
198,1403715896.484058142,3.4440,3.4265,nan,-1,-1,-1,-1,-1,-1,nan,0.3989,0.3606,1
199,1403715896.534058094,3.3041,3.2959,nan,-1,-1,-1,-1,-1,-1,nan,0.5132,0.4670,1
200,1403715896.584058285,15.2165,15.1154,nan,-1,-1,-1,-1,-1,-1,nan,12.1604,12.1215,1
201,1403715896.634057999,3.3020,3.2950,nan,-1,-1,-1,-1,-1,-1,nan,0.3523,0.2993,1
202,1403715896.684058189,3.2240,3.2171,nan,-1,-1,-1,-1,-1,-1,nan,0.4017,0.3581,1
203,1403715896.734058142,3.4204,3.3808,nan,-1,-1,-1,-1,-1,-1,nan,0.4843,0.4443,1
204,1403715896.784058094,14.2882,14.2918,nan,-1,-1,-1,-1,-1,-1,nan,11.5684,11.5319,1
205,1403715896.834058046,3.4347,3.3871,nan,-1,-1,-1,-1,-1,-1,nan,0.3086,0.2616,1
206,1403715896.884058237,3.1988,3.2025,nan,-1,-1,-1,-1,-1,-1,nan,0.4001,0.3562,1
207,1403715896.934058189,3.2950,3.2991,nan,-1,-1,-1,-1,-1,-1,nan,0.4970,0.4560,1
208,1403715896.984058142,14.1642,14.1681,nan,-1,-1,-1,-1,-1,-1,nan,11.3504,11.3106,1
209,1403715897.034058094,13.5438,13.5444,nan,-1,-1,-1,-1,-1,-1,nan,10.8227,10.7810,1
210,1403715897.084058285,3.0256,3.0257,nan,-1,-1,-1,-1,-1,-1,nan,0.2585,0.2148,1
211,1403715897.134057999,3.1543,3.1551,nan,-1,-1,-1,-1,-1,-1,nan,0.3740,0.3303,1
212,1403715897.184058189,3.5416,3.5110,nan,-1,-1,-1,-1,-1,-1,nan,0.5228,0.4812,1
213,1403715897.234058142,13.7555,13.7254,nan,-1,-1,-1,-1,-1,-1,nan,10.6665,10.6239,1
214,1403715897.284058094,3.1048,3.1036,nan,-1,-1,-1,-1,-1,-1,nan,0.2406,0.2028,1
215,1403715897.334058046,13.7119,13.6492,nan,-1,-1,-1,-1,-1,-1,nan,10.7479,10.7077,1
216,1403715897.384058237,3.1823,3.1817,nan,-1,-1,-1,-1,-1,-1,nan,0.2621,0.2252,1
217,1403715897.434058189,3.7180,3.6775,nan,-1,-1,-1,-1,-1,-1,nan,0.3944,0.3550,1
218,1403715897.484058142,13.9413,13.8112,nan,-1,-1,-1,-1,-1,-1,nan,10.7766,10.7345,1
219,1403715897.534058094,3.1733,3.1769,nan,-1,-1,-1,-1,-1,-1,nan,0.3069,0.2596,1
220,1403715897.584058285,3.3390,3.3342,nan,-1,-1,-1,-1,-1,-1,nan,0.4108,0.3709,1
221,1403715897.634057999,3.5744,3.5645,nan,-1,-1,-1,-1,-1,-1,nan,0.5302,0.4908,1
222,1403715897.684058189,13.8428,13.8260,nan,-1,-1,-1,-1,-1,-1,nan,10.8751,10.8332,1
223,1403715897.734058142,3.4595,3.4138,nan,-1,-1,-1,-1,-1,-1,nan,0.3014,0.2615,1
224,1403715897.784058094,3.9164,3.9100,nan,-1,-1,-1,-1,-1,-1,nan,0.5356,0.4698,1
225,1403715897.834058046,4.0140,3.9741,nan,-1,-1,-1,-1,-1,-1,nan,0.5500,0.4987,1
226,1403715897.884058237,14.6816,14.4573,nan,-1,-1,-1,-1,-1,-1,nan,11.1162,11.0635,1
227,1403715897.934058189,3.8503,3.8237,nan,-1,-1,-1,-1,-1,-1,nan,0.3326,0.2805,1
228,1403715897.984058142,3.7560,3.7409,nan,-1,-1,-1,-1,-1,-1,nan,0.4201,0.3734,1
229,1403715898.034058094,3.5831,3.5847,nan,-1,-1,-1,-1,-1,-1,nan,0.5595,0.5107,1
230,1403715898.084058285,13.9779,13.9645,nan,-1,-1,-1,-1,-1,-1,nan,10.6020,10.5580,1
231,1403715898.134057999,3.9018,3.8543,nan,-1,-1,-1,-1,-1,-1,nan,0.2920,0.2401,1
232,1403715898.184058189,4.7939,4.4550,nan,-1,-1,-1,-1,-1,-1,nan,0.4113,0.3570,1
233,1403715898.234058142,14.9353,14.8010,nan,-1,-1,-1,-1,-1,-1,nan,11.0996,11.0511,1
234,1403715898.284058094,3.6856,3.6627,nan,-1,-1,-1,-1,-1,-1,nan,0.3080,0.2564,1
235,1403715898.334058046,13.7892,13.7668,nan,-1,-1,-1,-1,-1,-1,nan,10.5147,10.4676,1
236,1403715898.384058237,3.5450,3.5441,nan,-1,-1,-1,-1,-1,-1,nan,0.2838,0.2399,1
237,1403715898.434058189,14.5952,14.5365,nan,-1,-1,-1,-1,-1,-1,nan,10.9974,10.9621,1
238,1403715898.484058142,14.1645,14.1645,nan,-1,-1,-1,-1,-1,-1,nan,10.9149,10.8683,1
239,1403715898.534058094,14.9469,14.8827,nan,-1,-1,-1,-1,-1,-1,nan,11.0663,11.0045,1
240,1403715898.584058285,4.1891,4.1140,nan,-1,-1,-1,-1,-1,-1,nan,0.3222,0.2676,1
241,1403715898.634057999,4.1222,4.0833,nan,-1,-1,-1,-1,-1,-1,nan,0.4721,0.4249,1
242,1403715898.684058189,4.1705,4.1476,nan,-1,-1,-1,-1,-1,-1,nan,0.5761,0.5301,1
243,1403715898.734058142,14.5851,14.5652,nan,-1,-1,-1,-1,-1,-1,nan,10.9420,10.9044,1
244,1403715898.784058094,15.5441,15.3861,nan,-1,-1,-1,-1,-1,-1,nan,11.0954,11.0402,1
245,1403715898.834058046,4.0347,3.9712,nan,-1,-1,-1,-1,-1,-1,nan,0.3659,0.3209,1
246,1403715898.884058237,4.3953,4.3679,nan,-1,-1,-1,-1,-1,-1,nan,0.4977,0.4495,1
247,1403715898.934058189,4.2271,4.2286,nan,-1,-1,-1,-1,-1,-1,nan,0.6170,0.5662,1
248,1403715898.984058142,14.5641,14.5401,nan,-1,-1,-1,-1,-1,-1,nan,10.7869,10.7425,1
249,1403715899.034058094,4.2841,4.2789,nan,-1,-1,-1,-1,-1,-1,nan,0.3528,0.3012,1
250,1403715899.084058285,4.2403,4.2340,nan,-1,-1,-1,-1,-1,-1,nan,0.4502,0.3973,1
251,1403715899.134057999,4.6797,4.6342,nan,-1,-1,-1,-1,-1,-1,nan,0.5789,0.5235,1
252,1403715899.184058189,14.5073,14.4953,nan,-1,-1,-1,-1,-1,-1,nan,10.7025,10.6453,1
253,1403715899.234058142,4.3396,4.3067,nan,-1,-1,-1,-1,-1,-1,nan,0.3370,0.2714,1
254,1403715899.284058094,4.6238,4.5306,nan,-1,-1,-1,-1,-1,-1,nan,0.4860,0.4208,1
255,1403715899.334058046,4.5758,4.5749,nan,-1,-1,-1,-1,-1,-1,nan,0.5926,0.5370,1
256,1403715899.384058237,15.3936,15.2819,nan,-1,-1,-1,-1,-1,-1,nan,11.5655,11.5138,1
257,1403715899.434058189,4.2360,4.2166,nan,-1,-1,-1,-1,-1,-1,nan,0.4125,0.3485,1
258,1403715899.484058142,4.4820,4.4319,nan,-1,-1,-1,-1,-1,-1,nan,0.5085,0.4490,1
259,1403715899.534058094,4.3201,4.3237,nan,-1,-1,-1,-1,-1,-1,nan,0.6116,0.5546,1
260,1403715899.584058285,14.6649,14.6332,nan,-1,-1,-1,-1,-1,-1,nan,10.9190,10.8570,1
261,1403715899.634057999,4.0807,4.0747,nan,-1,-1,-1,-1,-1,-1,nan,0.3795,0.3198,1
262,1403715899.684058189,4.3441,4.3203,nan,-1,-1,-1,-1,-1,-1,nan,0.4890,0.4234,1
263,1403715899.734058142,4.5319,4.3974,nan,-1,-1,-1,-1,-1,-1,nan,0.5960,0.5423,1
264,1403715899.784058094,14.4066,14.3224,nan,-1,-1,-1,-1,-1,-1,nan,10.6315,10.5708,1
265,1403715899.834058046,3.9785,3.9824,nan,-1,-1,-1,-1,-1,-1,nan,0.3591,0.3117,1
266,1403715899.884058237,4.2391,4.2195,nan,-1,-1,-1,-1,-1,-1,nan,0.5271,0.4604,1
267,1403715899.934058189,4.3406,4.2980,nan,-1,-1,-1,-1,-1,-1,nan,0.5532,0.5057,1
268,1403715899.984058142,14.2640,14.2588,nan,-1,-1,-1,-1,-1,-1,nan,10.5023,10.4441,1
269,1403715900.034058094,3.9004,3.9015,nan,-1,-1,-1,-1,-1,-1,nan,0.3696,0.3138,1
270,1403715900.084058285,4.0260,3.9614,nan,-1,-1,-1,-1,-1,-1,nan,0.4459,0.3923,1
271,1403715900.134057999,4.6465,4.5887,nan,-1,-1,-1,-1,-1,-1,nan,0.5902,0.5317,1
272,1403715900.184058189,14.6955,14.6608,nan,-1,-1,-1,-1,-1,-1,nan,10.7454,10.6928,1
273,1403715900.234058142,3.9784,3.9622,nan,-1,-1,-1,-1,-1,-1,nan,0.3431,0.2884,1
274,1403715900.284058094,3.9522,3.9295,nan,-1,-1,-1,-1,-1,-1,nan,0.4290,0.3765,1
275,1403715900.334058046,4.3729,4.3333,nan,-1,-1,-1,-1,-1,-1,nan,0.5485,0.4945,1
276,1403715900.384058237,13.6932,13.6844,nan,-1,-1,-1,-1,-1,-1,nan,10.2422,10.1860,1
277,1403715900.434058189,13.6133,13.6170,nan,-1,-1,-1,-1,-1,-1,nan,10.1444,10.0923,1
278,1403715900.484058142,16.7344,16.6817,nan,-1,-1,-1,-1,-1,-1,nan,12.7365,12.6806,1
279,1403715900.534058094,13.8211,13.7642,nan,-1,-1,-1,-1,-1,-1,nan,9.9348,9.8749,1
280,1403715900.584058285,16.4742,16.4432,nan,-1,-1,-1,-1,-1,-1,nan,13.0515,12.9977,1
281,1403715900.634057999,4.0553,4.0475,nan,-1,-1,-1,-1,-1,-1,nan,0.3202,0.2696,1
282,1403715900.684058189,14.7251,14.6535,nan,-1,-1,-1,-1,-1,-1,nan,11.0198,10.9801,1
283,1403715900.734058142,3.8655,3.8069,nan,-1,-1,-1,-1,-1,-1,nan,0.2817,0.2260,1
284,1403715900.784058094,14.7377,14.7382,nan,-1,-1,-1,-1,-1,-1,nan,11.5003,11.4570,1
285,1403715900.834058046,3.8023,3.7898,nan,-1,-1,-1,-1,-1,-1,nan,0.2601,0.2185,1
286,1403715900.884058237,3.7830,3.7633,nan,-1,-1,-1,-1,-1,-1,nan,0.4274,0.3780,1
287,1403715900.934058189,14.9172,14.9025,nan,-1,-1,-1,-1,-1,-1,nan,11.5214,11.4773,1
288,1403715900.984058142,3.7157,3.6972,nan,-1,-1,-1,-1,-1,-1,nan,0.3084,0.2694,1
289,1403715901.034058094,3.7152,3.7073,nan,-1,-1,-1,-1,-1,-1,nan,0.4074,0.3645,1
290,1403715901.084058285,3.8028,3.7953,nan,-1,-1,-1,-1,-1,-1,nan,0.4850,0.4412,1
291,1403715901.134057999,15.1691,15.1518,nan,-1,-1,-1,-1,-1,-1,nan,11.6935,11.6306,1
292,1403715901.184058189,3.6145,3.5976,nan,-1,-1,-1,-1,-1,-1,nan,0.3057,0.2599,1
293,1403715901.234058142,3.6732,3.6738,nan,-1,-1,-1,-1,-1,-1,nan,0.4013,0.3567,1
294,1403715901.284058094,3.8218,3.8197,nan,-1,-1,-1,-1,-1,-1,nan,0.5048,0.4683,1
295,1403715901.334058046,21.5725,21.4286,nan,-1,-1,-1,-1,-1,-1,nan,18.1705,18.1183,1
296,1403715901.384058237,4.3293,4.1260,nan,-1,-1,-1,-1,-1,-1,nan,0.3655,0.3095,1
297,1403715901.434058189,3.9493,3.8972,nan,-1,-1,-1,-1,-1,-1,nan,0.3871,0.3498,1
298,1403715901.484058142,15.1565,15.0925,nan,-1,-1,-1,-1,-1,-1,nan,11.4460,11.3878,1
299,1403715901.534058094,3.4469,3.4457,nan,-1,-1,-1,-1,-1,-1,nan,0.3176,0.2679,1
300,1403715901.584058285,14.3703,14.3603,nan,-1,-1,-1,-1,-1,-1,nan,11.2103,11.1782,1
301,1403715901.634057999,14.8251,14.7898,nan,-1,-1,-1,-1,-1,-1,nan,11.5940,11.5328,1
302,1403715901.684058189,3.5261,3.5262,nan,-1,-1,-1,-1,-1,-1,nan,0.4156,0.3678,1
303,1403715901.734058142,3.9975,3.9640,nan,-1,-1,-1,-1,-1,-1,nan,0.5081,0.4664,1
304,1403715901.784058094,4.2916,4.2454,nan,-1,-1,-1,-1,-1,-1,nan,0.6656,0.6108,1
305,1403715901.834058046,15.0103,14.9930,nan,-1,-1,-1,-1,-1,-1,nan,11.2452,11.1861,1
306,1403715901.884058237,3.7419,3.7269,nan,-1,-1,-1,-1,-1,-1,nan,0.3677,0.3062,1
307,1403715901.934058189,3.9520,3.9309,nan,-1,-1,-1,-1,-1,-1,nan,0.4744,0.4134,1
308,1403715901.984058142,4.0734,4.0620,nan,-1,-1,-1,-1,-1,-1,nan,0.6255,0.5606,1
309,1403715902.034058094,14.2527,14.2540,nan,-1,-1,-1,-1,-1,-1,nan,10.9744,10.9152,1
310,1403715902.084058285,3.7529,3.7382,nan,-1,-1,-1,-1,-1,-1,nan,0.3447,0.2774,1
311,1403715902.134057999,4.0228,3.9082,nan,-1,-1,-1,-1,-1,-1,nan,0.4685,0.4063,1
312,1403715902.184058189,3.8966,3.8445,nan,-1,-1,-1,-1,-1,-1,nan,0.5668,0.5071,1
313,1403715902.234058142,14.2176,14.1826,nan,-1,-1,-1,-1,-1,-1,nan,10.9712,10.8976,1
314,1403715902.284058094,4.0949,4.0225,nan,-1,-1,-1,-1,-1,-1,nan,0.3625,0.3038,1
315,1403715902.334058046,3.6926,3.6841,nan,-1,-1,-1,-1,-1,-1,nan,0.4350,0.3889,1
316,1403715902.384058237,3.9351,3.9201,nan,-1,-1,-1,-1,-1,-1,nan,0.5493,0.4915,1
317,1403715902.434058189,14.6804,14.5169,nan,-1,-1,-1,-1,-1,-1,nan,11.3173,11.2490,1
318,1403715902.484058142,14.2613,14.2651,nan,-1,-1,-1,-1,-1,-1,nan,10.8704,10.8317,1
319,1403715902.534058094,14.8073,14.8110,nan,-1,-1,-1,-1,-1,-1,nan,11.6343,11.5760,1
320,1403715902.584058285,3.4617,3.4688,nan,-1,-1,-1,-1,-1,-1,nan,0.3517,0.3045,1
321,1403715902.634057999,4.0333,4.0067,nan,-1,-1,-1,-1,-1,-1,nan,0.4753,0.4311,1
322,1403715902.684058189,3.8826,3.8867,nan,-1,-1,-1,-1,-1,-1,nan,0.5512,0.5118,1
323,1403715902.734058142,14.7105,14.7142,nan,-1,-1,-1,-1,-1,-1,nan,11.3364,11.2890,1
324,1403715902.784058094,3.7700,3.7258,nan,-1,-1,-1,-1,-1,-1,nan,0.2729,0.2315,1
325,1403715902.834058046,3.6808,3.6845,nan,-1,-1,-1,-1,-1,-1,nan,0.3753,0.3354,1
326,1403715902.884058237,4.9971,4.7757,nan,-1,-1,-1,-1,-1,-1,nan,0.6320,0.5376,1
327,1403715902.934058189,16.0842,16.0508,nan,-1,-1,-1,-1,-1,-1,nan,12.1275,12.1017,1
328,1403715902.984058142,18.7103,18.6075,nan,-1,-1,-1,-1,-1,-1,nan,14.8394,14.7634,1
329,1403715903.034058094,4.2033,4.1512,nan,-1,-1,-1,-1,-1,-1,nan,0.3338,0.2877,1
330,1403715903.084058285,4.0422,4.0337,nan,-1,-1,-1,-1,-1,-1,nan,0.4965,0.4503,1
331,1403715903.134057999,4.2707,4.2474,nan,-1,-1,-1,-1,-1,-1,nan,0.6567,0.6007,1
332,1403715903.184058189,14.6698,14.6380,nan,-1,-1,-1,-1,-1,-1,nan,11.0790,11.0387,1
333,1403715903.234058142,4.0310,4.0305,nan,-1,-1,-1,-1,-1,-1,nan,0.3434,0.2988,1
334,1403715903.284058094,4.4967,4.4829,nan,-1,-1,-1,-1,-1,-1,nan,0.4498,0.4008,1
335,1403715903.334058046,4.8892,4.8513,nan,-1,-1,-1,-1,-1,-1,nan,0.6046,0.5515,1
336,1403715903.384058237,15.1915,15.1278,nan,-1,-1,-1,-1,-1,-1,nan,11.0452,10.9912,1
337,1403715903.434058189,3.9836,3.9338,nan,-1,-1,-1,-1,-1,-1,nan,0.3638,0.3112,1
338,1403715903.484058142,4.1561,4.1405,nan,-1,-1,-1,-1,-1,-1,nan,0.5204,0.4576,1
339,1403715903.534058094,4.3327,4.2750,nan,-1,-1,-1,-1,-1,-1,nan,0.5648,0.5124,1
340,1403715903.584058285,15.2724,15.2221,nan,-1,-1,-1,-1,-1,-1,nan,11.1347,11.0776,1
341,1403715903.634057999,4.5384,4.3942,nan,-1,-1,-1,-1,-1,-1,nan,0.3995,0.3366,1
342,1403715903.684058189,4.6839,4.5058,nan,-1,-1,-1,-1,-1,-1,nan,0.5152,0.4477,1
343,1403715903.734058142,4.6742,4.5357,nan,-1,-1,-1,-1,-1,-1,nan,0.6122,0.5530,1
344,1403715903.784058094,15.0335,14.9950,nan,-1,-1,-1,-1,-1,-1,nan,11.1517,11.0972,1
345,1403715903.834058046,4.5512,4.4957,nan,-1,-1,-1,-1,-1,-1,nan,0.3340,0.2782,1
346,1403715903.884058237,4.2877,4.2048,nan,-1,-1,-1,-1,-1,-1,nan,0.4015,0.3507,1
347,1403715903.934058189,4.5045,4.3078,nan,-1,-1,-1,-1,-1,-1,nan,0.5207,0.4660,1
348,1403715903.984058142,14.8883,14.8186,nan,-1,-1,-1,-1,-1,-1,nan,11.2056,11.1589,1
349,1403715904.034058094,3.9671,3.9388,nan,-1,-1,-1,-1,-1,-1,nan,0.3065,0.2504,1
350,1403715904.084058285,4.3200,4.1128,nan,-1,-1,-1,-1,-1,-1,nan,0.3898,0.3421,1
351,1403715904.134057999,14.4968,14.4597,nan,-1,-1,-1,-1,-1,-1,nan,10.7624,10.7168,1
352,1403715904.184058189,3.6735,3.6724,nan,-1,-1,-1,-1,-1,-1,nan,0.3230,0.2677,1
353,1403715904.234058142,3.8141,3.7985,nan,-1,-1,-1,-1,-1,-1,nan,0.4337,0.3711,1
354,1403715904.284058094,13.9647,13.9362,nan,-1,-1,-1,-1,-1,-1,nan,10.6391,10.5904,1
355,1403715904.334058046,4.2445,4.1393,nan,-1,-1,-1,-1,-1,-1,nan,0.3205,0.2673,1
356,1403715904.384058237,4.1221,4.0143,nan,-1,-1,-1,-1,-1,-1,nan,0.4036,0.3518,1
357,1403715904.434058189,3.8745,3.8553,nan,-1,-1,-1,-1,-1,-1,nan,0.4875,0.4383,1
358,1403715904.484058142,13.2890,13.2871,nan,-1,-1,-1,-1,-1,-1,nan,10.0893,10.0499,1
359,1403715904.534058094,3.9850,3.8972,nan,-1,-1,-1,-1,-1,-1,nan,0.3518,0.2947,1
360,1403715904.584058285,3.7268,3.7192,nan,-1,-1,-1,-1,-1,-1,nan,0.4005,0.3555,1
361,1403715904.634057999,13.4826,13.4572,nan,-1,-1,-1,-1,-1,-1,nan,10.1667,10.1143,1
362,1403715904.684058189,3.5823,3.5489,nan,-1,-1,-1,-1,-1,-1,nan,0.2844,0.2427,1
363,1403715904.734058142,13.1714,13.1636,nan,-1,-1,-1,-1,-1,-1,nan,9.8553,9.8135,1
364,1403715904.784058094,23.3825,23.3170,nan,-1,-1,-1,-1,-1,-1,nan,20.0934,20.0435,1
365,1403715904.834058046,3.5418,3.5384,nan,-1,-1,-1,-1,-1,-1,nan,0.3061,0.2593,1
366,1403715904.884058237,29.6024,29.5748,nan,-1,-1,-1,-1,-1,-1,nan,26.5634,26.5239,1
367,1403715904.934058189,13.2463,13.2279,nan,-1,-1,-1,-1,-1,-1,nan,9.8993,9.8490,1
368,1403715904.984058142,3.7975,3.7889,nan,-1,-1,-1,-1,-1,-1,nan,0.3077,0.2561,1
369,1403715905.034058094,4.1290,4.0418,nan,-1,-1,-1,-1,-1,-1,nan,0.4294,0.3806,1
370,1403715905.084058285,19.1781,19.0742,nan,-1,-1,-1,-1,-1,-1,nan,15.7522,15.7033,1
371,1403715905.134057999,3.5022,3.4894,nan,-1,-1,-1,-1,-1,-1,nan,0.3001,0.2533,1
372,1403715905.184058189,13.4139,13.4019,nan,-1,-1,-1,-1,-1,-1,nan,10.0423,10.0070,1
373,1403715905.234058142,13.7604,13.7523,nan,-1,-1,-1,-1,-1,-1,nan,10.3735,10.3215,1
374,1403715905.284058094,3.8480,3.7885,nan,-1,-1,-1,-1,-1,-1,nan,0.3304,0.2776,1
375,1403715905.334058046,3.8392,3.8205,nan,-1,-1,-1,-1,-1,-1,nan,0.4690,0.4235,1
376,1403715905.384058237,4.2335,4.1536,nan,-1,-1,-1,-1,-1,-1,nan,0.5882,0.5358,1
377,1403715905.434058189,13.7138,13.7060,nan,-1,-1,-1,-1,-1,-1,nan,10.6490,10.5971,1
378,1403715905.484058142,3.5626,3.5477,nan,-1,-1,-1,-1,-1,-1,nan,0.3366,0.2870,1
379,1403715905.534058094,3.6780,3.6678,nan,-1,-1,-1,-1,-1,-1,nan,0.4346,0.3881,1
380,1403715905.584058285,3.5650,3.5567,nan,-1,-1,-1,-1,-1,-1,nan,0.5795,0.5293,1
381,1403715905.634057999,13.5235,13.5271,nan,-1,-1,-1,-1,-1,-1,nan,10.6570,10.6173,1
382,1403715905.684058189,13.4035,13.4072,nan,-1,-1,-1,-1,-1,-1,nan,10.5888,10.5428,1
383,1403715905.734058142,13.3548,13.3565,nan,-1,-1,-1,-1,-1,-1,nan,10.4933,10.4452,1
384,1403715905.784058094,13.7454,13.6518,nan,-1,-1,-1,-1,-1,-1,nan,10.4596,10.4203,1
385,1403715905.834058046,13.5382,13.4867,nan,-1,-1,-1,-1,-1,-1,nan,10.3738,10.3320,1
386,1403715905.884058237,3.5106,3.4566,nan,-1,-1,-1,-1,-1,-1,nan,0.2497,0.2110,1
387,1403715905.934058189,13.3083,13.2985,nan,-1,-1,-1,-1,-1,-1,nan,10.4382,10.4019,1
388,1403715905.984058142,3.4531,3.4461,nan,-1,-1,-1,-1,-1,-1,nan,0.2671,0.2214,1
389,1403715906.034058094,13.4870,13.4883,nan,-1,-1,-1,-1,-1,-1,nan,10.3118,10.2685,1
390,1403715906.084058285,13.2573,13.2495,nan,-1,-1,-1,-1,-1,-1,nan,10.2253,10.1947,1
391,1403715906.134057999,13.3694,13.3525,nan,-1,-1,-1,-1,-1,-1,nan,10.2738,10.2218,1
392,1403715906.184058189,3.6707,3.6434,nan,-1,-1,-1,-1,-1,-1,nan,0.3305,0.2795,1
393,1403715906.234058142,13.5318,13.5084,nan,-1,-1,-1,-1,-1,-1,nan,10.2611,10.2301,1
394,1403715906.284058094,13.9414,13.9253,nan,-1,-1,-1,-1,-1,-1,nan,10.8472,10.7914,1
395,1403715906.334058046,3.6310,3.6122,nan,-1,-1,-1,-1,-1,-1,nan,0.3628,0.3136,1
396,1403715906.384058237,4.0693,3.9884,nan,-1,-1,-1,-1,-1,-1,nan,0.5724,0.5278,1
397,1403715906.434058189,3.7421,3.7461,nan,-1,-1,-1,-1,-1,-1,nan,0.5965,0.5425,1
398,1403715906.484058142,14.3881,14.3706,nan,-1,-1,-1,-1,-1,-1,nan,11.1119,11.0664,1
399,1403715906.534058094,4.0047,3.9510,nan,-1,-1,-1,-1,-1,-1,nan,0.3375,0.2846,1
400,1403715906.584058285,3.7936,3.7931,nan,-1,-1,-1,-1,-1,-1,nan,0.4100,0.3661,1
401,1403715906.634057999,3.8986,3.8937,nan,-1,-1,-1,-1,-1,-1,nan,0.5923,0.5282,1
402,1403715906.684058189,14.7750,14.7078,nan,-1,-1,-1,-1,-1,-1,nan,11.0615,11.0008,1
403,1403715906.734058142,4.1172,3.9981,nan,-1,-1,-1,-1,-1,-1,nan,0.3046,0.2554,1
404,1403715906.784058094,4.1978,4.0103,nan,-1,-1,-1,-1,-1,-1,nan,0.4548,0.4016,1
405,1403715906.834058046,14.3477,14.3132,nan,-1,-1,-1,-1,-1,-1,nan,10.7194,10.6844,1
406,1403715906.884058237,3.5164,3.4972,nan,-1,-1,-1,-1,-1,-1,nan,0.2847,0.2322,1
407,1403715906.934058189,3.5964,3.5735,nan,-1,-1,-1,-1,-1,-1,nan,0.3648,0.3172,1
408,1403715906.984058142,14.1078,14.0384,nan,-1,-1,-1,-1,-1,-1,nan,10.6497,10.6062,1
409,1403715907.034058094,3.6595,3.6393,nan,-1,-1,-1,-1,-1,-1,nan,0.3045,0.2557,1
410,1403715907.084058285,3.8892,3.8765,nan,-1,-1,-1,-1,-1,-1,nan,0.4620,0.4036,1
411,1403715907.134057999,4.3435,4.1239,nan,-1,-1,-1,-1,-1,-1,nan,0.5480,0.4929,1
412,1403715907.184058189,14.2360,14.1473,nan,-1,-1,-1,-1,-1,-1,nan,10.5955,10.5378,1
413,1403715907.234058142,3.6630,3.6621,nan,-1,-1,-1,-1,-1,-1,nan,0.3690,0.3134,1
414,1403715907.284058094,3.8299,3.7895,nan,-1,-1,-1,-1,-1,-1,nan,0.4520,0.4020,1
415,1403715907.334058046,4.4858,4.2971,nan,-1,-1,-1,-1,-1,-1,nan,0.5588,0.5082,1
416,1403715907.384058237,13.9973,13.9545,nan,-1,-1,-1,-1,-1,-1,nan,10.7286,10.6745,1
417,1403715907.434058189,3.9335,3.8711,nan,-1,-1,-1,-1,-1,-1,nan,0.3354,0.2871,1
418,1403715907.484058142,4.0183,3.9760,nan,-1,-1,-1,-1,-1,-1,nan,0.4178,0.3673,1
419,1403715907.534058094,3.9974,3.9509,nan,-1,-1,-1,-1,-1,-1,nan,0.4866,0.4415,1
420,1403715907.584058285,14.0777,13.9642,nan,-1,-1,-1,-1,-1,-1,nan,10.5403,10.4896,1
421,1403715907.634057999,3.7011,3.6501,nan,-1,-1,-1,-1,-1,-1,nan,0.3074,0.2596,1
422,1403715907.684058189,3.7027,3.6861,nan,-1,-1,-1,-1,-1,-1,nan,0.3845,0.3379,1
423,1403715907.734058142,3.9817,3.8710,nan,-1,-1,-1,-1,-1,-1,nan,0.5400,0.4878,1
424,1403715907.784058094,19.1395,19.1169,nan,-1,-1,-1,-1,-1,-1,nan,15.9191,15.8695,1
425,1403715907.834058046,3.3337,3.3381,nan,-1,-1,-1,-1,-1,-1,nan,0.2900,0.2394,1
426,1403715907.884058237,3.3536,3.3557,nan,-1,-1,-1,-1,-1,-1,nan,0.3941,0.3457,1
427,1403715907.934058189,3.3747,3.3704,nan,-1,-1,-1,-1,-1,-1,nan,0.4570,0.4116,1
428,1403715907.984058142,13.0259,13.0295,nan,-1,-1,-1,-1,-1,-1,nan,10.1223,10.0761,1
429,1403715908.034058094,3.2370,3.2355,nan,-1,-1,-1,-1,-1,-1,nan,0.3040,0.2592,1
430,1403715908.084058285,3.5510,3.5507,nan,-1,-1,-1,-1,-1,-1,nan,0.3986,0.3518,1
431,1403715908.134057999,3.6562,3.6359,nan,-1,-1,-1,-1,-1,-1,nan,0.5082,0.4603,1
432,1403715908.184058189,12.7136,12.7170,nan,-1,-1,-1,-1,-1,-1,nan,9.8388,9.7989,1
433,1403715908.234058142,3.4790,3.4672,nan,-1,-1,-1,-1,-1,-1,nan,0.3052,0.2571,1
434,1403715908.284058094,3.5021,3.4798,nan,-1,-1,-1,-1,-1,-1,nan,0.3735,0.3272,1
435,1403715908.334058046,3.5256,3.5276,nan,-1,-1,-1,-1,-1,-1,nan,0.4974,0.4505,1
436,1403715908.384058237,13.2045,13.1478,nan,-1,-1,-1,-1,-1,-1,nan,9.8588,9.7955,1
437,1403715908.434058189,3.4661,3.4562,nan,-1,-1,-1,-1,-1,-1,nan,0.2986,0.2400,1
438,1403715908.484058142,3.4855,3.4892,nan,-1,-1,-1,-1,-1,-1,nan,0.3674,0.3214,1
439,1403715908.534058094,3.7345,3.6577,nan,-1,-1,-1,-1,-1,-1,nan,0.4988,0.4422,1
440,1403715908.584058285,15.5363,14.4507,nan,-1,-1,-1,-1,-1,-1,nan,10.1995,10.1383,1
441,1403715908.634057999,3.9288,3.8965,nan,-1,-1,-1,-1,-1,-1,nan,0.3331,0.2733,1
442,1403715908.684058189,3.9627,3.9485,nan,-1,-1,-1,-1,-1,-1,nan,0.4721,0.4050,1
443,1403715908.734058142,4.0585,4.0329,nan,-1,-1,-1,-1,-1,-1,nan,0.5581,0.4987,1
444,1403715908.784058094,14.2471,14.2345,nan,-1,-1,-1,-1,-1,-1,nan,10.5197,10.4617,1
445,1403715908.834058046,5.3367,5.0540,nan,-1,-1,-1,-1,-1,-1,nan,0.4271,0.3365,1
446,1403715908.884058237,5.0465,4.8696,nan,-1,-1,-1,-1,-1,-1,nan,0.5371,0.4685,1
447,1403715908.934058189,4.7078,4.6532,nan,-1,-1,-1,-1,-1,-1,nan,0.6397,0.5760,1
448,1403715908.984058142,21.6951,21.2773,nan,-1,-1,-1,-1,-1,-1,nan,17.8629,17.8020,1
449,1403715909.034058094,4.5763,4.4755,nan,-1,-1,-1,-1,-1,-1,nan,0.4469,0.3684,1
450,1403715909.084058285,4.7980,4.6934,nan,-1,-1,-1,-1,-1,-1,nan,0.5638,0.4972,1
451,1403715909.134057999,4.7617,4.6476,nan,-1,-1,-1,-1,-1,-1,nan,0.6990,0.6219,1
452,1403715909.184058189,22.0711,20.6162,nan,-1,-1,-1,-1,-1,-1,nan,17.8513,17.7671,1
453,1403715909.234058142,4.3607,4.3597,nan,-1,-1,-1,-1,-1,-1,nan,0.4626,0.3915,1
454,1403715909.284058094,5.6802,5.0083,nan,-1,-1,-1,-1,-1,-1,nan,0.5885,0.5130,1
455,1403715909.334058046,5.4221,5.2660,nan,-1,-1,-1,-1,-1,-1,nan,0.7048,0.6318,1
456,1403715909.384058237,15.2834,15.2055,nan,-1,-1,-1,-1,-1,-1,nan,11.4966,11.4304,1
457,1403715909.434058189,4.4171,4.3653,nan,-1,-1,-1,-1,-1,-1,nan,0.4306,0.3589,1
458,1403715909.484058142,4.5079,4.4894,nan,-1,-1,-1,-1,-1,-1,nan,0.6583,0.5458,1
459,1403715909.534058094,5.0556,4.8441,nan,-1,-1,-1,-1,-1,-1,nan,0.6904,0.6124,1
460,1403715909.584058285,14.4503,14.3953,nan,-1,-1,-1,-1,-1,-1,nan,10.4680,10.3735,1
461,1403715909.634057999,4.6271,4.5769,nan,-1,-1,-1,-1,-1,-1,nan,0.3881,0.3265,1
462,1403715909.684058189,4.8880,4.8650,nan,-1,-1,-1,-1,-1,-1,nan,0.5208,0.4573,1
463,1403715909.734058142,4.9156,4.8184,nan,-1,-1,-1,-1,-1,-1,nan,0.6055,0.5456,1
464,1403715909.784058094,14.4441,14.4110,nan,-1,-1,-1,-1,-1,-1,nan,10.4358,10.3790,1
465,1403715909.834058046,4.2732,4.2517,nan,-1,-1,-1,-1,-1,-1,nan,0.3158,0.2625,1
466,1403715909.884058237,4.5284,4.4907,nan,-1,-1,-1,-1,-1,-1,nan,0.4201,0.3670,1
467,1403715909.934058189,14.6891,14.6440,nan,-1,-1,-1,-1,-1,-1,nan,10.4810,10.4295,1
468,1403715909.984058142,14.4583,14.4280,nan,-1,-1,-1,-1,-1,-1,nan,10.1565,10.0756,1
469,1403715910.034058094,14.4484,14.4443,nan,-1,-1,-1,-1,-1,-1,nan,10.0378,9.9994,1
470,1403715910.084058285,14.6008,14.5369,nan,-1,-1,-1,-1,-1,-1,nan,10.0784,10.0400,1
471,1403715910.134057999,14.7770,14.7569,nan,-1,-1,-1,-1,-1,-1,nan,10.3359,10.2897,1
472,1403715910.184058189,14.3127,14.3166,nan,-1,-1,-1,-1,-1,-1,nan,10.3115,10.2702,1
473,1403715910.234058142,14.5145,14.5079,nan,-1,-1,-1,-1,-1,-1,nan,10.4758,10.4362,1
474,1403715910.284058094,4.3527,4.0702,nan,-1,-1,-1,-1,-1,-1,nan,0.2715,0.2342,1
475,1403715910.334058046,4.1496,4.1482,nan,-1,-1,-1,-1,-1,-1,nan,0.3962,0.3637,1
476,1403715910.384058237,30.8283,30.8247,nan,-1,-1,-1,-1,-1,-1,nan,26.9866,26.9525,1
477,1403715910.434058189,4.0660,4.0613,nan,-1,-1,-1,-1,-1,-1,nan,0.2830,0.2445,1
478,1403715910.484058142,3.7666,3.7681,nan,-1,-1,-1,-1,-1,-1,nan,0.3606,0.3248,1
479,1403715910.534058094,13.6162,13.6198,nan,-1,-1,-1,-1,-1,-1,nan,10.2493,10.2185,1
480,1403715910.584058285,13.6813,13.6544,nan,-1,-1,-1,-1,-1,-1,nan,10.2297,10.2014,1
481,1403715910.634057999,14.1347,14.1197,nan,-1,-1,-1,-1,-1,-1,nan,10.5733,10.5369,1
482,1403715910.684058189,3.8703,3.7127,nan,-1,-1,-1,-1,-1,-1,nan,0.2860,0.2437,1
483,1403715910.734058142,14.5189,14.2415,nan,-1,-1,-1,-1,-1,-1,nan,10.4817,10.4406,1
484,1403715910.784058094,3.6385,3.6365,nan,-1,-1,-1,-1,-1,-1,nan,0.2740,0.2347,1
485,1403715910.834058046,14.5268,14.4876,nan,-1,-1,-1,-1,-1,-1,nan,10.8217,10.7815,1
486,1403715910.884058237,3.8488,3.7674,nan,-1,-1,-1,-1,-1,-1,nan,0.2676,0.2329,1
487,1403715910.934058189,4.0909,4.0615,nan,-1,-1,-1,-1,-1,-1,nan,0.4350,0.3905,1
488,1403715910.984058142,14.0660,14.0380,nan,-1,-1,-1,-1,-1,-1,nan,10.7385,10.6998,1
489,1403715911.034058094,22.4016,20.4915,nan,-1,-1,-1,-1,-1,-1,nan,18.6483,18.6105,1
490,1403715911.084058285,29.4524,25.7747,nan,-1,-1,-1,-1,-1,-1,nan,17.5265,17.4169,1
491,1403715911.134057999,3.8260,3.7807,nan,-1,-1,-1,-1,-1,-1,nan,0.2895,0.2468,1
492,1403715911.184058189,13.9804,13.9325,nan,-1,-1,-1,-1,-1,-1,nan,10.3987,10.3613,1
493,1403715911.234058142,13.4476,13.4452,nan,-1,-1,-1,-1,-1,-1,nan,10.2730,10.2286,1
494,1403715911.284058094,3.5832,3.5828,nan,-1,-1,-1,-1,-1,-1,nan,0.2570,0.2218,1
495,1403715911.334058046,13.9100,13.8566,nan,-1,-1,-1,-1,-1,-1,nan,10.3495,10.3148,1
496,1403715911.384058237,13.7800,13.7678,nan,-1,-1,-1,-1,-1,-1,nan,10.4172,10.3827,1
497,1403715911.434058189,19.4401,19.3995,nan,-1,-1,-1,-1,-1,-1,nan,16.0689,16.0342,1
498,1403715911.484058142,37.0681,37.0095,nan,-1,-1,-1,-1,-1,-1,nan,33.4941,33.4631,1
499,1403715911.534058094,36.9197,36.8951,nan,-1,-1,-1,-1,-1,-1,nan,33.4932,33.4589,1
500,1403715911.584058285,3.7518,3.7296,nan,-1,-1,-1,-1,-1,-1,nan,0.2823,0.2355,1
501,1403715911.634057999,19.6396,19.6252,nan,-1,-1,-1,-1,-1,-1,nan,16.4287,16.3902,1
502,1403715911.684058189,3.3941,3.3938,nan,-1,-1,-1,-1,-1,-1,nan,0.2775,0.2386,1
503,1403715911.734058142,3.5374,3.5300,nan,-1,-1,-1,-1,-1,-1,nan,0.3753,0.3357,1
504,1403715911.784058094,13.5527,13.5367,nan,-1,-1,-1,-1,-1,-1,nan,10.6669,10.6385,1
505,1403715911.834058046,3.8159,3.8008,nan,-1,-1,-1,-1,-1,-1,nan,0.2837,0.2463,1
506,1403715911.884058237,3.7259,3.7146,nan,-1,-1,-1,-1,-1,-1,nan,0.3866,0.3477,1
507,1403715911.934058189,3.5224,3.5127,nan,-1,-1,-1,-1,-1,-1,nan,0.4782,0.4408,1
508,1403715911.984058142,13.3172,13.3209,nan,-1,-1,-1,-1,-1,-1,nan,10.4743,10.4384,1
509,1403715912.034058094,3.6968,3.5975,nan,-1,-1,-1,-1,-1,-1,nan,0.2490,0.2158,1
510,1403715912.084058285,3.6240,3.6027,nan,-1,-1,-1,-1,-1,-1,nan,0.3821,0.3478,1
511,1403715912.134057999,13.6546,13.6517,nan,-1,-1,-1,-1,-1,-1,nan,10.5552,10.5128,1
512,1403715912.184058189,3.4468,3.4052,nan,-1,-1,-1,-1,-1,-1,nan,0.2845,0.2395,1
513,1403715912.234058142,3.5800,3.5650,nan,-1,-1,-1,-1,-1,-1,nan,0.3822,0.3438,1
514,1403715912.284058094,3.9317,3.9090,nan,-1,-1,-1,-1,-1,-1,nan,0.5115,0.4660,1
515,1403715912.334058046,13.9091,13.8885,nan,-1,-1,-1,-1,-1,-1,nan,10.5463,10.5022,1
516,1403715912.384058237,3.3545,3.3443,nan,-1,-1,-1,-1,-1,-1,nan,0.2667,0.2272,1
517,1403715912.434058189,3.4404,3.4442,nan,-1,-1,-1,-1,-1,-1,nan,0.3508,0.3065,1
518,1403715912.484058142,3.6875,3.6680,nan,-1,-1,-1,-1,-1,-1,nan,0.4285,0.3886,1
519,1403715912.534058094,13.4445,13.4487,nan,-1,-1,-1,-1,-1,-1,nan,10.3332,10.2895,1
520,1403715912.584058285,3.3569,3.3608,nan,-1,-1,-1,-1,-1,-1,nan,0.2890,0.2445,1
521,1403715912.634057999,3.5620,3.5609,nan,-1,-1,-1,-1,-1,-1,nan,0.4006,0.3522,1
522,1403715912.684058189,3.5370,3.5373,nan,-1,-1,-1,-1,-1,-1,nan,0.4477,0.4084,1
523,1403715912.734058142,13.6707,13.6547,nan,-1,-1,-1,-1,-1,-1,nan,10.2203,10.1772,1
524,1403715912.784058094,3.3546,3.3585,nan,-1,-1,-1,-1,-1,-1,nan,0.2411,0.1980,1
525,1403715912.834058046,12.8656,12.8695,nan,-1,-1,-1,-1,-1,-1,nan,9.9176,9.8860,1
526,1403715912.884058237,12.3665,12.3630,nan,-1,-1,-1,-1,-1,-1,nan,9.7125,9.6835,1
527,1403715912.934058189,12.4543,12.4172,nan,-1,-1,-1,-1,-1,-1,nan,9.7144,9.6846,1
528,1403715912.984058142,12.5213,12.5072,nan,-1,-1,-1,-1,-1,-1,nan,9.4587,9.4289,1
529,1403715913.034058094,12.6642,12.6576,nan,-1,-1,-1,-1,-1,-1,nan,9.5485,9.5115,1
530,1403715913.084058285,3.3766,3.3654,nan,-1,-1,-1,-1,-1,-1,nan,0.2380,0.2022,1
531,1403715913.134057999,12.4463,12.4477,nan,-1,-1,-1,-1,-1,-1,nan,9.5099,9.4798,1
532,1403715913.184058189,34.8620,34.8627,nan,-1,-1,-1,-1,-1,-1,nan,31.9031,31.8625,1
533,1403715913.234058142,3.0738,3.0778,nan,-1,-1,-1,-1,-1,-1,nan,0.2793,0.2461,1
534,1403715913.284058094,12.7253,12.7250,nan,-1,-1,-1,-1,-1,-1,nan,9.9948,9.9661,1
535,1403715913.334058046,3.1803,3.1657,nan,-1,-1,-1,-1,-1,-1,nan,0.2486,0.2140,1
536,1403715913.384058237,12.9460,12.9078,nan,-1,-1,-1,-1,-1,-1,nan,10.1590,10.1274,1
537,1403715913.434058189,12.8906,12.8904,nan,-1,-1,-1,-1,-1,-1,nan,10.1476,10.1212,1
538,1403715913.484058142,3.3849,3.3087,nan,-1,-1,-1,-1,-1,-1,nan,0.2628,0.2261,1
539,1403715913.534058094,13.4718,13.4712,nan,-1,-1,-1,-1,-1,-1,nan,10.5952,10.5561,1
540,1403715913.584058285,3.4824,3.4770,nan,-1,-1,-1,-1,-1,-1,nan,0.3155,0.2721,1
541,1403715913.634057999,3.5236,3.5274,nan,-1,-1,-1,-1,-1,-1,nan,0.4532,0.4069,1
542,1403715913.684058189,3.7372,3.7410,nan,-1,-1,-1,-1,-1,-1,nan,0.6033,0.5535,1
543,1403715913.734058142,14.8907,14.8208,nan,-1,-1,-1,-1,-1,-1,nan,11.3339,11.2855,1
544,1403715913.784058094,4.0130,4.0021,nan,-1,-1,-1,-1,-1,-1,nan,0.4541,0.3836,1
545,1403715913.834058046,3.9693,3.9630,nan,-1,-1,-1,-1,-1,-1,nan,0.5384,0.4810,1
546,1403715913.884058237,3.9996,4.0031,nan,-1,-1,-1,-1,-1,-1,nan,0.6323,0.5818,1
547,1403715913.934058189,14.8371,14.7681,nan,-1,-1,-1,-1,-1,-1,nan,11.5379,11.4777,1
548,1403715913.984058142,3.5545,3.5581,nan,-1,-1,-1,-1,-1,-1,nan,0.4129,0.3594,1
549,1403715914.034058094,4.1092,4.0992,nan,-1,-1,-1,-1,-1,-1,nan,0.5300,0.4713,1
550,1403715914.084058285,4.1896,4.1732,nan,-1,-1,-1,-1,-1,-1,nan,0.7095,0.6432,1
551,1403715914.134057999,14.9406,14.8556,nan,-1,-1,-1,-1,-1,-1,nan,11.3664,11.3094,1
552,1403715914.184058189,3.6061,3.6097,nan,-1,-1,-1,-1,-1,-1,nan,0.4239,0.3642,1
553,1403715914.234058142,3.7544,3.7322,nan,-1,-1,-1,-1,-1,-1,nan,0.5738,0.5167,1
554,1403715914.284058094,3.8962,3.8201,nan,-1,-1,-1,-1,-1,-1,nan,0.6075,0.5601,1
555,1403715914.334058046,14.0805,14.0298,nan,-1,-1,-1,-1,-1,-1,nan,10.9440,10.8987,1
556,1403715914.384058237,3.2538,3.2563,nan,-1,-1,-1,-1,-1,-1,nan,0.3295,0.2867,1
557,1403715914.434058189,3.4091,3.4013,nan,-1,-1,-1,-1,-1,-1,nan,0.4436,0.4024,1
558,1403715914.484058142,3.5702,3.5641,nan,-1,-1,-1,-1,-1,-1,nan,0.5673,0.5225,1
559,1403715914.534058094,13.7930,13.7964,nan,-1,-1,-1,-1,-1,-1,nan,10.9281,10.8783,1
560,1403715914.584058285,3.6258,3.6108,nan,-1,-1,-1,-1,-1,-1,nan,0.3652,0.3130,1
561,1403715914.634057999,3.6328,3.6352,nan,-1,-1,-1,-1,-1,-1,nan,0.4679,0.4200,1
562,1403715914.684058189,3.9671,3.9475,nan,-1,-1,-1,-1,-1,-1,nan,0.6218,0.5683,1
563,1403715914.734058142,14.2835,14.2750,nan,-1,-1,-1,-1,-1,-1,nan,11.0425,10.9846,1
564,1403715914.784058094,3.6943,3.6873,nan,-1,-1,-1,-1,-1,-1,nan,0.3608,0.3138,1
565,1403715914.834058046,3.4940,3.4974,nan,-1,-1,-1,-1,-1,-1,nan,0.4599,0.4071,1
566,1403715914.884058237,3.7576,3.7615,nan,-1,-1,-1,-1,-1,-1,nan,0.5851,0.5398,1
567,1403715914.934058189,14.2069,14.2114,nan,-1,-1,-1,-1,-1,-1,nan,10.8203,10.7870,1
568,1403715914.984058142,3.5075,3.4824,nan,-1,-1,-1,-1,-1,-1,nan,0.2797,0.2195,1
569,1403715915.034058094,3.5010,3.5050,nan,-1,-1,-1,-1,-1,-1,nan,0.3887,0.3295,1
570,1403715915.084058285,3.8937,3.8870,nan,-1,-1,-1,-1,-1,-1,nan,0.4902,0.4341,1
571,1403715915.134057999,14.6347,14.6075,nan,-1,-1,-1,-1,-1,-1,nan,11.2326,11.1642,1
572,1403715915.184058189,3.6661,3.6698,nan,-1,-1,-1,-1,-1,-1,nan,0.4828,0.4233,1
573,1403715915.234058142,3.9582,3.9629,nan,-1,-1,-1,-1,-1,-1,nan,0.6463,0.5835,1
574,1403715915.284058094,4.1387,4.1232,nan,-1,-1,-1,-1,-1,-1,nan,0.7427,0.6712,1
575,1403715915.334058046,15.1765,15.1711,nan,-1,-1,-1,-1,-1,-1,nan,11.8483,11.7884,1
576,1403715915.384058237,3.8721,3.8396,nan,-1,-1,-1,-1,-1,-1,nan,0.2962,0.2515,1
577,1403715915.434058189,3.2605,3.2258,nan,-1,-1,-1,-1,-1,-1,nan,0.4191,0.3728,1
578,1403715915.484058142,3.4438,3.3618,nan,-1,-1,-1,-1,-1,-1,nan,0.5404,0.4916,1
579,1403715915.534058094,14.8978,14.8263,nan,-1,-1,-1,-1,-1,-1,nan,11.8277,11.7880,1
580,1403715915.584058285,3.3625,3.3309,nan,-1,-1,-1,-1,-1,-1,nan,0.2896,0.2398,1
581,1403715915.634057999,3.4887,3.4482,nan,-1,-1,-1,-1,-1,-1,nan,0.4073,0.3541,1
582,1403715915.684058189,3.7505,3.7083,nan,-1,-1,-1,-1,-1,-1,nan,0.4981,0.4494,1
583,1403715915.734058142,14.6236,14.6111,nan,-1,-1,-1,-1,-1,-1,nan,11.2763,11.2180,1
584,1403715915.784058094,3.6358,3.6304,nan,-1,-1,-1,-1,-1,-1,nan,0.4206,0.3578,1
585,1403715915.834058046,3.8748,3.8675,nan,-1,-1,-1,-1,-1,-1,nan,0.5610,0.5017,1
586,1403715915.884058237,4.1380,4.0876,nan,-1,-1,-1,-1,-1,-1,nan,0.7042,0.6405,1
587,1403715915.934058189,14.7531,14.7570,nan,-1,-1,-1,-1,-1,-1,nan,11.5017,11.4366,1
588,1403715915.984058142,3.6801,3.6764,nan,-1,-1,-1,-1,-1,-1,nan,0.4157,0.3535,1
589,1403715916.034058094,3.7140,3.7176,nan,-1,-1,-1,-1,-1,-1,nan,0.5453,0.4856,1
590,1403715916.084058285,3.7932,3.7912,nan,-1,-1,-1,-1,-1,-1,nan,0.6723,0.6140,1
591,1403715916.134057999,15.1518,15.1474,nan,-1,-1,-1,-1,-1,-1,nan,11.7599,11.7050,1
592,1403715916.184058189,3.7113,3.7131,nan,-1,-1,-1,-1,-1,-1,nan,0.4400,0.3705,1
593,1403715916.234058142,4.2005,4.1879,nan,-1,-1,-1,-1,-1,-1,nan,0.5549,0.4822,1
594,1403715916.284058094,4.0212,4.0088,nan,-1,-1,-1,-1,-1,-1,nan,0.6800,0.6133,1
595,1403715916.334058046,15.0145,15.0165,nan,-1,-1,-1,-1,-1,-1,nan,11.6288,11.5570,1
596,1403715916.384058237,3.7358,3.7103,nan,-1,-1,-1,-1,-1,-1,nan,0.4249,0.3572,1
597,1403715916.434058189,3.6495,3.6456,nan,-1,-1,-1,-1,-1,-1,nan,0.5102,0.4508,1
598,1403715916.484058142,3.8116,3.8134,nan,-1,-1,-1,-1,-1,-1,nan,0.6205,0.5543,1
599,1403715916.534058094,14.9107,14.8920,nan,-1,-1,-1,-1,-1,-1,nan,11.6409,11.5788,1
600,1403715916.584058285,3.5531,3.5543,nan,-1,-1,-1,-1,-1,-1,nan,0.3574,0.3016,1
601,1403715916.634057999,3.6988,3.6850,nan,-1,-1,-1,-1,-1,-1,nan,0.4834,0.4275,1
602,1403715916.684058189,3.7994,3.7928,nan,-1,-1,-1,-1,-1,-1,nan,0.5960,0.5438,1
603,1403715916.734058142,39.8596,39.8432,nan,-1,-1,-1,-1,-1,-1,nan,36.5435,36.5114,1
604,1403715916.784058094,18.5580,18.5570,nan,-1,-1,-1,-1,-1,-1,nan,15.3843,15.3219,1
605,1403715916.834058046,3.8610,3.8062,nan,-1,-1,-1,-1,-1,-1,nan,0.4387,0.3840,1
606,1403715916.884058237,3.9136,3.8776,nan,-1,-1,-1,-1,-1,-1,nan,0.5214,0.4755,1
607,1403715916.934058189,3.9238,3.8891,nan,-1,-1,-1,-1,-1,-1,nan,0.7025,0.6492,1
608,1403715916.984058142,14.9609,14.9537,nan,-1,-1,-1,-1,-1,-1,nan,11.8244,11.7687,1
609,1403715917.034058094,3.7365,3.6828,nan,-1,-1,-1,-1,-1,-1,nan,0.2523,0.2191,1
610,1403715917.084058285,18.3573,18.3521,nan,-1,-1,-1,-1,-1,-1,nan,15.3247,15.2793,1
611,1403715917.134057999,3.9235,3.9069,nan,-1,-1,-1,-1,-1,-1,nan,0.3102,0.2637,1
612,1403715917.184058189,3.9549,3.9347,nan,-1,-1,-1,-1,-1,-1,nan,0.4465,0.4065,1
613,1403715917.234058142,3.8699,3.8633,nan,-1,-1,-1,-1,-1,-1,nan,0.5153,0.4758,1
614,1403715917.284058094,15.2126,15.1812,nan,-1,-1,-1,-1,-1,-1,nan,11.7577,11.7155,1
615,1403715917.334058046,3.4753,3.4713,nan,-1,-1,-1,-1,-1,-1,nan,0.2730,0.2313,1
616,1403715917.384058237,3.6776,3.6550,nan,-1,-1,-1,-1,-1,-1,nan,0.4163,0.3673,1
617,1403715917.434058189,3.5955,3.5992,nan,-1,-1,-1,-1,-1,-1,nan,0.4898,0.4392,1
618,1403715917.484058142,41.2775,41.2513,nan,-1,-1,-1,-1,-1,-1,nan,38.0600,38.0136,1
619,1403715917.534058094,3.9977,3.9648,nan,-1,-1,-1,-1,-1,-1,nan,0.4113,0.3460,1
620,1403715917.584058285,4.0936,4.0304,nan,-1,-1,-1,-1,-1,-1,nan,0.5283,0.4698,1
621,1403715917.634057999,3.9725,3.9577,nan,-1,-1,-1,-1,-1,-1,nan,0.6205,0.5654,1
622,1403715917.684058189,15.1214,15.1066,nan,-1,-1,-1,-1,-1,-1,nan,11.9714,11.9133,1
623,1403715917.734058142,3.5533,3.5571,nan,-1,-1,-1,-1,-1,-1,nan,0.4890,0.4295,1
624,1403715917.784058094,3.6158,3.6193,nan,-1,-1,-1,-1,-1,-1,nan,0.5600,0.5057,1
625,1403715917.834058046,3.6815,3.6827,nan,-1,-1,-1,-1,-1,-1,nan,0.6812,0.6270,1
626,1403715917.884058237,15.1791,15.1658,nan,-1,-1,-1,-1,-1,-1,nan,11.9419,11.8838,1
627,1403715917.934058189,3.6070,3.5965,nan,-1,-1,-1,-1,-1,-1,nan,0.4088,0.3394,1
628,1403715917.984058142,4.1857,4.1518,nan,-1,-1,-1,-1,-1,-1,nan,0.5324,0.4578,1
629,1403715918.034058094,4.1263,4.1130,nan,-1,-1,-1,-1,-1,-1,nan,0.7160,0.6405,1
630,1403715918.084058285,14.9531,14.9448,nan,-1,-1,-1,-1,-1,-1,nan,11.7173,11.6568,1
631,1403715918.134057999,14.8619,14.8345,nan,-1,-1,-1,-1,-1,-1,nan,11.5627,11.4955,1
632,1403715918.184058189,3.6748,3.6713,nan,-1,-1,-1,-1,-1,-1,nan,0.3308,0.2602,1
633,1403715918.234058142,3.7805,3.7830,nan,-1,-1,-1,-1,-1,-1,nan,0.4171,0.3609,1
634,1403715918.284058094,14.5023,14.4772,nan,-1,-1,-1,-1,-1,-1,nan,11.0105,10.9522,1
635,1403715918.334058046,3.5703,3.5536,nan,-1,-1,-1,-1,-1,-1,nan,0.2976,0.2419,1
636,1403715918.384058237,3.6201,3.6234,nan,-1,-1,-1,-1,-1,-1,nan,0.3811,0.3349,1
637,1403715918.434058189,14.4033,14.3188,nan,-1,-1,-1,-1,-1,-1,nan,10.8506,10.8027,1
638,1403715918.484058142,3.7741,3.7592,nan,-1,-1,-1,-1,-1,-1,nan,0.2940,0.2369,1
639,1403715918.534058094,14.4318,14.4232,nan,-1,-1,-1,-1,-1,-1,nan,11.0365,11.0008,1
640,1403715918.584058285,17.5173,17.5224,nan,-1,-1,-1,-1,-1,-1,nan,14.3691,14.3128,1
641,1403715918.634057999,3.8258,3.8251,nan,-1,-1,-1,-1,-1,-1,nan,0.3207,0.2750,1
642,1403715918.684058189,4.2762,4.2804,nan,-1,-1,-1,-1,-1,-1,nan,0.4836,0.4435,1
643,1403715918.734058142,4.5533,4.5571,nan,-1,-1,-1,-1,-1,-1,nan,0.5957,0.5437,1
644,1403715918.784058094,15.9732,15.9387,nan,-1,-1,-1,-1,-1,-1,nan,11.6112,11.5502,1
645,1403715918.834058046,4.6230,4.5864,nan,-1,-1,-1,-1,-1,-1,nan,0.3204,0.2740,1
646,1403715918.884058237,4.1000,4.0632,nan,-1,-1,-1,-1,-1,-1,nan,0.4195,0.3685,1
647,1403715918.934058189,4.1407,4.1444,nan,-1,-1,-1,-1,-1,-1,nan,0.5122,0.4600,1
648,1403715918.984058142,15.1547,15.1584,nan,-1,-1,-1,-1,-1,-1,nan,11.8404,11.7891,1
649,1403715919.034058094,3.8542,3.8498,nan,-1,-1,-1,-1,-1,-1,nan,0.3930,0.3307,1
650,1403715919.084058285,3.7545,3.7582,nan,-1,-1,-1,-1,-1,-1,nan,0.4693,0.4140,1
651,1403715919.134057999,4.4334,4.3946,nan,-1,-1,-1,-1,-1,-1,nan,0.6059,0.5459,1
652,1403715919.184058189,15.5193,15.4970,nan,-1,-1,-1,-1,-1,-1,nan,11.8295,11.7678,1
653,1403715919.234058142,3.9701,3.9740,nan,-1,-1,-1,-1,-1,-1,nan,0.4526,0.3870,1
654,1403715919.284058094,4.1787,4.0984,nan,-1,-1,-1,-1,-1,-1,nan,0.6051,0.5307,1
655,1403715919.334058046,4.4746,4.4579,nan,-1,-1,-1,-1,-1,-1,nan,0.7288,0.6559,1
656,1403715919.384058237,16.0049,15.9573,nan,-1,-1,-1,-1,-1,-1,nan,12.0710,11.9990,1
657,1403715919.434058189,4.1849,4.1253,nan,-1,-1,-1,-1,-1,-1,nan,0.5496,0.4521,1
658,1403715919.484058142,4.5507,4.3862,nan,-1,-1,-1,-1,-1,-1,nan,0.6253,0.5555,1
659,1403715919.534058094,4.5355,4.4927,nan,-1,-1,-1,-1,-1,-1,nan,0.7552,0.6817,1
660,1403715919.584058285,15.9591,15.9025,nan,-1,-1,-1,-1,-1,-1,nan,12.1500,12.0716,1
661,1403715919.634057999,3.9847,3.9884,nan,-1,-1,-1,-1,-1,-1,nan,0.4901,0.4171,1
662,1403715919.684058189,4.1781,4.1821,nan,-1,-1,-1,-1,-1,-1,nan,0.6812,0.6023,1
663,1403715919.734058142,4.1874,4.1947,nan,-1,-1,-1,-1,-1,-1,nan,0.7883,0.7153,1
664,1403715919.784058094,15.0689,15.0649,nan,-1,-1,-1,-1,-1,-1,nan,11.5907,11.5177,1
665,1403715919.834058046,3.8881,3.8921,nan,-1,-1,-1,-1,-1,-1,nan,0.4576,0.3729,1
666,1403715919.884058237,3.9812,3.9852,nan,-1,-1,-1,-1,-1,-1,nan,0.5687,0.4965,1
667,1403715919.934058189,4.1870,4.1782,nan,-1,-1,-1,-1,-1,-1,nan,0.7131,0.6390,1
668,1403715919.984058142,15.2955,15.2931,nan,-1,-1,-1,-1,-1,-1,nan,11.7269,11.6516,1
669,1403715920.034058094,4.3086,4.2875,nan,-1,-1,-1,-1,-1,-1,nan,0.5851,0.4385,1
670,1403715920.084058285,4.5035,4.5041,nan,-1,-1,-1,-1,-1,-1,nan,0.6519,0.5182,1
671,1403715920.134057999,4.1290,4.1263,nan,-1,-1,-1,-1,-1,-1,nan,0.6209,0.5534,1
672,1403715920.184058189,15.5060,15.5014,nan,-1,-1,-1,-1,-1,-1,nan,11.5665,11.4985,1
673,1403715920.234058142,4.1116,4.0713,nan,-1,-1,-1,-1,-1,-1,nan,0.3837,0.3043,1
674,1403715920.284058094,4.0487,4.0522,nan,-1,-1,-1,-1,-1,-1,nan,0.4915,0.4250,1
675,1403715920.334058046,4.3932,4.3815,nan,-1,-1,-1,-1,-1,-1,nan,0.6228,0.5634,1
676,1403715920.384058237,15.0147,15.0047,nan,-1,-1,-1,-1,-1,-1,nan,11.2570,11.2013,1
677,1403715920.434058189,3.9482,3.9423,nan,-1,-1,-1,-1,-1,-1,nan,0.3067,0.2497,1
678,1403715920.484058142,3.9840,3.9776,nan,-1,-1,-1,-1,-1,-1,nan,0.4124,0.3590,1
679,1403715920.534058094,4.5522,4.4958,nan,-1,-1,-1,-1,-1,-1,nan,0.5327,0.4616,1
680,1403715920.584058285,15.0827,15.0168,nan,-1,-1,-1,-1,-1,-1,nan,11.1592,11.1041,1
681,1403715920.634057999,3.9729,3.9745,nan,-1,-1,-1,-1,-1,-1,nan,0.3049,0.2538,1
682,1403715920.684058189,4.4150,4.3936,nan,-1,-1,-1,-1,-1,-1,nan,0.4171,0.3654,1
683,1403715920.734058142,4.5518,4.5512,nan,-1,-1,-1,-1,-1,-1,nan,0.5347,0.4823,1
684,1403715920.784058094,15.5686,15.5236,nan,-1,-1,-1,-1,-1,-1,nan,11.2368,11.1825,1
685,1403715920.834058046,4.2679,4.2710,nan,-1,-1,-1,-1,-1,-1,nan,0.3033,0.2524,1
686,1403715920.884058237,4.5765,4.5634,nan,-1,-1,-1,-1,-1,-1,nan,0.4116,0.3617,1
687,1403715920.934058189,4.5427,4.5349,nan,-1,-1,-1,-1,-1,-1,nan,0.5222,0.4692,1
688,1403715920.984058142,15.5472,15.5487,nan,-1,-1,-1,-1,-1,-1,nan,11.5629,11.5120,1
689,1403715921.034058094,4.5387,4.5170,nan,-1,-1,-1,-1,-1,-1,nan,0.3646,0.3136,1
690,1403715921.084058285,4.4208,4.4194,nan,-1,-1,-1,-1,-1,-1,nan,0.5157,0.4593,1
691,1403715921.134057999,4.8412,4.8234,nan,-1,-1,-1,-1,-1,-1,nan,0.6193,0.5616,1
692,1403715921.184058189,16.4355,16.4065,nan,-1,-1,-1,-1,-1,-1,nan,12.3888,12.3235,1
693,1403715921.234058142,4.3648,4.3609,nan,-1,-1,-1,-1,-1,-1,nan,0.4523,0.3815,1
694,1403715921.284058094,4.3721,4.3654,nan,-1,-1,-1,-1,-1,-1,nan,0.5866,0.5218,1
695,1403715921.334058046,4.5435,4.5410,nan,-1,-1,-1,-1,-1,-1,nan,0.6581,0.6000,1
696,1403715921.384058237,16.7797,16.7663,nan,-1,-1,-1,-1,-1,-1,nan,13.1590,13.1172,1
697,1403715921.434058189,3.7481,3.7313,nan,-1,-1,-1,-1,-1,-1,nan,0.3519,0.2762,1
698,1403715921.484058142,3.6042,3.6035,nan,-1,-1,-1,-1,-1,-1,nan,0.4247,0.3717,1
699,1403715921.534058094,3.8088,3.7124,nan,-1,-1,-1,-1,-1,-1,nan,0.5093,0.4584,1
700,1403715921.584058285,16.5569,16.5500,nan,-1,-1,-1,-1,-1,-1,nan,13.3192,13.2678,1
701,1403715921.634057999,3.7371,3.7337,nan,-1,-1,-1,-1,-1,-1,nan,0.4112,0.3590,1
702,1403715921.684058189,3.7261,3.7168,nan,-1,-1,-1,-1,-1,-1,nan,0.4365,0.4015,1
703,1403715921.734058142,3.8541,3.8243,nan,-1,-1,-1,-1,-1,-1,nan,0.5652,0.5085,1
704,1403715921.784058094,15.9355,15.9376,nan,-1,-1,-1,-1,-1,-1,nan,12.6861,12.6353,1
705,1403715921.834058046,3.4452,3.4387,nan,-1,-1,-1,-1,-1,-1,nan,0.3176,0.2737,1
706,1403715921.884058237,3.3735,3.3769,nan,-1,-1,-1,-1,-1,-1,nan,0.4154,0.3673,1
707,1403715921.934058189,3.9605,3.9597,nan,-1,-1,-1,-1,-1,-1,nan,0.4907,0.4409,1
708,1403715921.984058142,15.4345,15.4317,nan,-1,-1,-1,-1,-1,-1,nan,12.4031,12.3614,1
709,1403715922.034058094,3.2391,3.2341,nan,-1,-1,-1,-1,-1,-1,nan,0.2960,0.2523,1
710,1403715922.084058285,3.3450,3.3297,nan,-1,-1,-1,-1,-1,-1,nan,0.3980,0.3578,1
711,1403715922.134057999,3.3535,3.3556,nan,-1,-1,-1,-1,-1,-1,nan,0.4828,0.4480,1
712,1403715922.184058189,14.6000,14.5780,nan,-1,-1,-1,-1,-1,-1,nan,11.7771,11.7400,1
713,1403715922.234058142,14.0168,14.0157,nan,-1,-1,-1,-1,-1,-1,nan,11.1471,11.1086,1
714,1403715922.284058094,14.2434,14.2172,nan,-1,-1,-1,-1,-1,-1,nan,11.2280,11.1896,1
715,1403715922.334058046,2.9818,2.9855,nan,-1,-1,-1,-1,-1,-1,nan,0.2636,0.2283,1
716,1403715922.384058237,13.9287,13.9321,nan,-1,-1,-1,-1,-1,-1,nan,11.1319,11.0990,1
717,1403715922.434058189,3.2341,3.2361,nan,-1,-1,-1,-1,-1,-1,nan,0.2859,0.2321,1
718,1403715922.484058142,14.2399,14.2206,nan,-1,-1,-1,-1,-1,-1,nan,11.1290,11.0908,1
719,1403715922.534058094,3.1532,3.1521,nan,-1,-1,-1,-1,-1,-1,nan,0.3070,0.2668,1
720,1403715922.584058285,3.4350,3.4260,nan,-1,-1,-1,-1,-1,-1,nan,0.4089,0.3671,1
721,1403715922.634057999,3.5663,3.5649,nan,-1,-1,-1,-1,-1,-1,nan,0.5230,0.4780,1
722,1403715922.684058189,14.0583,14.0337,nan,-1,-1,-1,-1,-1,-1,nan,10.9239,10.8771,1
723,1403715922.734058142,3.1971,3.1898,nan,-1,-1,-1,-1,-1,-1,nan,0.2368,0.2054,1
724,1403715922.784058094,13.4907,13.4911,nan,-1,-1,-1,-1,-1,-1,nan,10.7727,10.7403,1
725,1403715922.834058046,3.0141,3.0050,nan,-1,-1,-1,-1,-1,-1,nan,0.2350,0.2019,1
726,1403715922.884058237,3.1930,3.1800,nan,-1,-1,-1,-1,-1,-1,nan,0.3564,0.3165,1
727,1403715922.934058189,3.4490,3.4088,nan,-1,-1,-1,-1,-1,-1,nan,0.4251,0.3890,1
728,1403715922.984058142,13.2087,13.2078,nan,-1,-1,-1,-1,-1,-1,nan,10.4719,10.4375,1
729,1403715923.034058094,3.2145,3.1990,nan,-1,-1,-1,-1,-1,-1,nan,0.2730,0.2343,1
730,1403715923.084058285,3.0833,3.0869,nan,-1,-1,-1,-1,-1,-1,nan,0.3703,0.3366,1
731,1403715923.134057999,3.5691,3.5583,nan,-1,-1,-1,-1,-1,-1,nan,0.4489,0.4115,1
732,1403715923.184058189,36.6905,36.6939,nan,-1,-1,-1,-1,-1,-1,nan,33.8464,33.7961,1
733,1403715923.234058142,3.4491,3.4320,nan,-1,-1,-1,-1,-1,-1,nan,0.3086,0.2590,1
734,1403715923.284058094,3.6587,3.6407,nan,-1,-1,-1,-1,-1,-1,nan,0.4376,0.3870,1
735,1403715923.334058046,3.5970,3.6008,nan,-1,-1,-1,-1,-1,-1,nan,0.5121,0.4615,1
736,1403715923.384058237,19.3494,19.3326,nan,-1,-1,-1,-1,-1,-1,nan,16.0764,16.0358,1
737,1403715923.434058189,3.5437,3.5360,nan,-1,-1,-1,-1,-1,-1,nan,0.3066,0.2509,1
738,1403715923.484058142,3.4152,3.3889,nan,-1,-1,-1,-1,-1,-1,nan,0.3608,0.3190,1
739,1403715923.534058094,3.5374,3.5415,nan,-1,-1,-1,-1,-1,-1,nan,0.5015,0.4579,1
740,1403715923.584058285,13.5971,13.6008,nan,-1,-1,-1,-1,-1,-1,nan,10.5895,10.5453,1
741,1403715923.634057999,3.4458,3.4379,nan,-1,-1,-1,-1,-1,-1,nan,0.2938,0.2426,1
742,1403715923.684058189,3.4578,3.4512,nan,-1,-1,-1,-1,-1,-1,nan,0.3824,0.3339,1
743,1403715923.734058142,3.4008,3.4007,nan,-1,-1,-1,-1,-1,-1,nan,0.4747,0.4282,1
744,1403715923.784058094,13.5730,13.5707,nan,-1,-1,-1,-1,-1,-1,nan,10.6152,10.5735,1
745,1403715923.834058046,3.6620,3.6247,nan,-1,-1,-1,-1,-1,-1,nan,0.2975,0.2385,1
746,1403715923.884058237,3.6216,3.6178,nan,-1,-1,-1,-1,-1,-1,nan,0.4050,0.3497,1
747,1403715923.934058189,3.8646,3.8380,nan,-1,-1,-1,-1,-1,-1,nan,0.5049,0.4532,1
748,1403715923.984058142,13.6968,13.6921,nan,-1,-1,-1,-1,-1,-1,nan,10.4993,10.4464,1
749,1403715924.034058094,3.4811,3.4349,nan,-1,-1,-1,-1,-1,-1,nan,0.2657,0.2121,1
750,1403715924.084058285,3.3975,3.4014,nan,-1,-1,-1,-1,-1,-1,nan,0.3182,0.2746,1
751,1403715924.134057999,13.4771,13.4400,nan,-1,-1,-1,-1,-1,-1,nan,10.2562,10.2107,1
752,1403715924.184058189,3.6333,3.6218,nan,-1,-1,-1,-1,-1,-1,nan,0.2760,0.2337,1
753,1403715924.234058142,3.7588,3.7494,nan,-1,-1,-1,-1,-1,-1,nan,0.3730,0.3277,1
754,1403715924.284058094,13.7957,13.7409,nan,-1,-1,-1,-1,-1,-1,nan,10.1890,10.1450,1
755,1403715924.334058046,3.3710,3.3745,nan,-1,-1,-1,-1,-1,-1,nan,0.2670,0.2204,1
756,1403715924.384058237,3.4516,3.4555,nan,-1,-1,-1,-1,-1,-1,nan,0.3348,0.2925,1
757,1403715924.434058189,3.8613,3.8236,nan,-1,-1,-1,-1,-1,-1,nan,0.4395,0.4005,1
758,1403715924.484058142,13.1397,13.1432,nan,-1,-1,-1,-1,-1,-1,nan,10.1983,10.1619,1
759,1403715924.534058094,3.5985,3.5840,nan,-1,-1,-1,-1,-1,-1,nan,0.2258,0.1868,1
760,1403715924.584058285,3.3908,3.3944,nan,-1,-1,-1,-1,-1,-1,nan,0.3393,0.2956,1
761,1403715924.634057999,13.5222,13.5051,nan,-1,-1,-1,-1,-1,-1,nan,10.4441,10.3994,1
762,1403715924.684058189,3.4180,3.4111,nan,-1,-1,-1,-1,-1,-1,nan,0.2794,0.2379,1
763,1403715924.734058142,3.5747,3.4787,nan,-1,-1,-1,-1,-1,-1,nan,0.3547,0.3133,1
764,1403715924.784058094,3.6792,3.6563,nan,-1,-1,-1,-1,-1,-1,nan,0.4028,0.3658,1
765,1403715924.834058046,13.5516,13.5455,nan,-1,-1,-1,-1,-1,-1,nan,10.2770,10.2410,1
766,1403715924.884058237,3.4809,3.4560,nan,-1,-1,-1,-1,-1,-1,nan,0.2486,0.2078,1
767,1403715924.934058189,3.5332,3.4736,nan,-1,-1,-1,-1,-1,-1,nan,0.3233,0.2817,1
768,1403715924.984058142,13.0494,13.0528,nan,-1,-1,-1,-1,-1,-1,nan,9.9840,9.9599,1
769,1403715925.034058094,14.4845,14.4637,nan,-1,-1,-1,-1,-1,-1,nan,10.6251,10.5814,1
770,1403715925.084058285,3.7029,3.6990,nan,-1,-1,-1,-1,-1,-1,nan,0.2787,0.2292,1
771,1403715925.134057999,15.0294,14.9983,nan,-1,-1,-1,-1,-1,-1,nan,10.7822,10.7462,1
772,1403715925.184058189,4.2315,4.2265,nan,-1,-1,-1,-1,-1,-1,nan,0.3001,0.2489,1
773,1403715925.234058142,14.2463,14.2472,nan,-1,-1,-1,-1,-1,-1,nan,10.4618,10.4132,1
774,1403715925.284058094,14.3510,14.2825,nan,-1,-1,-1,-1,-1,-1,nan,10.4671,10.4131,1
775,1403715925.334058046,3.8579,3.8425,nan,-1,-1,-1,-1,-1,-1,nan,0.2767,0.2310,1
776,1403715925.384058237,13.9400,13.9270,nan,-1,-1,-1,-1,-1,-1,nan,10.4054,10.3538,1
777,1403715925.434058189,13.7006,13.6536,nan,-1,-1,-1,-1,-1,-1,nan,10.1799,10.1418,1
778,1403715925.484058142,3.9076,3.8783,nan,-1,-1,-1,-1,-1,-1,nan,0.3133,0.2510,1
779,1403715925.534058094,14.3517,14.3321,nan,-1,-1,-1,-1,-1,-1,nan,10.4721,10.4245,1
780,1403715925.584058285,13.8141,13.7920,nan,-1,-1,-1,-1,-1,-1,nan,10.0540,10.0102,1
781,1403715925.634057999,13.8873,13.8732,nan,-1,-1,-1,-1,-1,-1,nan,10.2784,10.2352,1
782,1403715925.684058189,3.8533,3.8092,nan,-1,-1,-1,-1,-1,-1,nan,0.3413,0.2881,1
783,1403715925.734058142,16.4925,16.0835,nan,-1,-1,-1,-1,-1,-1,nan,10.7478,10.6944,1
784,1403715925.784058094,3.7695,3.7571,nan,-1,-1,-1,-1,-1,-1,nan,0.2606,0.2210,1
785,1403715925.834058046,15.0006,14.9362,nan,-1,-1,-1,-1,-1,-1,nan,10.7996,10.7503,1
786,1403715925.884058237,3.8460,3.8434,nan,-1,-1,-1,-1,-1,-1,nan,0.3084,0.2639,1
787,1403715925.934058189,3.8498,3.8168,nan,-1,-1,-1,-1,-1,-1,nan,0.3981,0.3588,1
788,1403715925.984058142,3.7454,3.7376,nan,-1,-1,-1,-1,-1,-1,nan,0.4755,0.4391,1
789,1403715926.034058094,14.0259,13.9878,nan,-1,-1,-1,-1,-1,-1,nan,10.4022,10.3645,1
790,1403715926.084058285,3.5002,3.4903,nan,-1,-1,-1,-1,-1,-1,nan,0.2318,0.1972,1
791,1403715926.134057999,22.3517,22.3518,nan,-1,-1,-1,-1,-1,-1,nan,18.9905,18.9543,1
792,1403715926.184058189,3.7239,3.6803,nan,-1,-1,-1,-1,-1,-1,nan,0.2669,0.2280,1
793,1403715926.234058142,28.5464,28.5278,nan,-1,-1,-1,-1,-1,-1,nan,24.9270,24.8896,1
794,1403715926.284058094,3.7021,3.6998,nan,-1,-1,-1,-1,-1,-1,nan,0.2704,0.2312,1
795,1403715926.334058046,37.3219,37.2652,nan,-1,-1,-1,-1,-1,-1,nan,33.4988,33.4600,1
796,1403715926.384058237,3.6833,3.6793,nan,-1,-1,-1,-1,-1,-1,nan,0.2569,0.2119,1
797,1403715926.434058189,37.1567,37.1499,nan,-1,-1,-1,-1,-1,-1,nan,33.6777,33.6312,1
798,1403715926.484058142,3.9341,3.9298,nan,-1,-1,-1,-1,-1,-1,nan,0.3046,0.2612,1
799,1403715926.534058094,3.8311,3.8114,nan,-1,-1,-1,-1,-1,-1,nan,0.4060,0.3655,1
800,1403715926.584058285,3.9482,3.9413,nan,-1,-1,-1,-1,-1,-1,nan,0.5256,0.4763,1
801,1403715926.634057999,13.6528,13.6564,nan,-1,-1,-1,-1,-1,-1,nan,10.2750,10.2365,1
802,1403715926.684058189,3.6068,3.6108,nan,-1,-1,-1,-1,-1,-1,nan,0.2917,0.2505,1
803,1403715926.734058142,3.5711,3.5730,nan,-1,-1,-1,-1,-1,-1,nan,0.4033,0.3650,1
804,1403715926.784058094,3.8448,3.8428,nan,-1,-1,-1,-1,-1,-1,nan,0.4912,0.4521,1
805,1403715926.834058046,13.8387,13.7823,nan,-1,-1,-1,-1,-1,-1,nan,10.4289,10.3773,1
806,1403715926.884058237,3.7287,3.7231,nan,-1,-1,-1,-1,-1,-1,nan,0.3222,0.2745,1
807,1403715926.934058189,3.9852,3.9819,nan,-1,-1,-1,-1,-1,-1,nan,0.4537,0.4010,1
808,1403715926.984058142,3.8345,3.8380,nan,-1,-1,-1,-1,-1,-1,nan,0.5133,0.4645,1
809,1403715927.034058094,13.7708,13.7712,nan,-1,-1,-1,-1,-1,-1,nan,10.3206,10.2636,1
810,1403715927.084058285,3.8093,3.7424,nan,-1,-1,-1,-1,-1,-1,nan,0.3743,0.3155,1
811,1403715927.134057999,4.0846,4.0287,nan,-1,-1,-1,-1,-1,-1,nan,0.4657,0.4087,1
812,1403715927.184058189,4.0870,4.0792,nan,-1,-1,-1,-1,-1,-1,nan,0.5585,0.5017,1
813,1403715927.234058142,14.4410,14.4035,nan,-1,-1,-1,-1,-1,-1,nan,10.6320,10.5781,1
814,1403715927.284058094,3.7645,3.7410,nan,-1,-1,-1,-1,-1,-1,nan,0.2912,0.2343,1
815,1403715927.334058046,3.7276,3.7221,nan,-1,-1,-1,-1,-1,-1,nan,0.4179,0.3604,1
816,1403715927.384058237,4.4133,4.3364,nan,-1,-1,-1,-1,-1,-1,nan,0.5239,0.4642,1
817,1403715927.434058189,14.6245,14.5851,nan,-1,-1,-1,-1,-1,-1,nan,10.7890,10.7245,1
818,1403715927.484058142,15.0885,14.9699,nan,-1,-1,-1,-1,-1,-1,nan,11.0419,10.9733,1
819,1403715927.534058094,3.9544,3.9521,nan,-1,-1,-1,-1,-1,-1,nan,0.3236,0.2591,1
820,1403715927.584058285,3.9245,3.9222,nan,-1,-1,-1,-1,-1,-1,nan,0.4690,0.4092,1
821,1403715927.634057999,4.2126,4.1975,nan,-1,-1,-1,-1,-1,-1,nan,0.5887,0.5288,1
822,1403715927.684058189,14.3222,14.3156,nan,-1,-1,-1,-1,-1,-1,nan,10.8098,10.7450,1
823,1403715927.734058142,4.0180,3.9892,nan,-1,-1,-1,-1,-1,-1,nan,0.3015,0.2446,1
824,1403715927.784058094,4.1474,4.1105,nan,-1,-1,-1,-1,-1,-1,nan,0.4350,0.3734,1
825,1403715927.834058046,4.3869,4.3708,nan,-1,-1,-1,-1,-1,-1,nan,0.5539,0.4808,1
826,1403715927.884058237,14.8169,14.8026,nan,-1,-1,-1,-1,-1,-1,nan,10.6694,10.6081,1
827,1403715927.934058189,4.0721,4.0760,nan,-1,-1,-1,-1,-1,-1,nan,0.3358,0.2753,1
828,1403715927.984058142,4.1839,4.1643,nan,-1,-1,-1,-1,-1,-1,nan,0.4589,0.3985,1
829,1403715928.034058094,4.2180,4.1372,nan,-1,-1,-1,-1,-1,-1,nan,0.5524,0.4925,1
830,1403715928.084058285,13.9810,13.9540,nan,-1,-1,-1,-1,-1,-1,nan,10.4942,10.4220,1
831,1403715928.134057999,3.7180,3.7219,nan,-1,-1,-1,-1,-1,-1,nan,0.3174,0.2583,1
832,1403715928.184058189,4.0602,4.0558,nan,-1,-1,-1,-1,-1,-1,nan,0.3530,0.3058,1
833,1403715928.234058142,4.1472,4.1431,nan,-1,-1,-1,-1,-1,-1,nan,0.4614,0.4152,1
834,1403715928.284058094,14.4711,14.4580,nan,-1,-1,-1,-1,-1,-1,nan,10.6431,10.5913,1
835,1403715928.334058046,4.0071,4.0030,nan,-1,-1,-1,-1,-1,-1,nan,0.2941,0.2404,1
836,1403715928.384058237,3.9061,3.9097,nan,-1,-1,-1,-1,-1,-1,nan,0.3707,0.3251,1
837,1403715928.434058189,4.1476,4.1475,nan,-1,-1,-1,-1,-1,-1,nan,0.4380,0.3869,1
838,1403715928.484058142,13.8920,13.8895,nan,-1,-1,-1,-1,-1,-1,nan,10.3313,10.2845,1
839,1403715928.534058094,3.9741,3.9614,nan,-1,-1,-1,-1,-1,-1,nan,0.2702,0.2200,1
840,1403715928.584058285,4.0635,4.0248,nan,-1,-1,-1,-1,-1,-1,nan,0.3297,0.2855,1
841,1403715928.634057999,4.3406,4.3397,nan,-1,-1,-1,-1,-1,-1,nan,0.4828,0.4245,1
842,1403715928.684058189,13.7518,13.7530,nan,-1,-1,-1,-1,-1,-1,nan,10.3085,10.2689,1
843,1403715928.734058142,14.1210,14.1122,nan,-1,-1,-1,-1,-1,-1,nan,10.3357,10.2884,1
844,1403715928.784058094,22.6673,22.6494,nan,-1,-1,-1,-1,-1,-1,nan,18.6072,18.5504,1
845,1403715928.834058046,3.9267,3.9307,nan,-1,-1,-1,-1,-1,-1,nan,0.2923,0.2424,1
846,1403715928.884058237,20.1870,20.1888,nan,-1,-1,-1,-1,-1,-1,nan,16.2845,16.2381,1
847,1403715928.934058189,4.3837,4.3667,nan,-1,-1,-1,-1,-1,-1,nan,0.3177,0.2650,1
848,1403715928.984058142,4.4329,4.4325,nan,-1,-1,-1,-1,-1,-1,nan,0.4749,0.4154,1
849,1403715929.034058094,4.4623,4.4581,nan,-1,-1,-1,-1,-1,-1,nan,0.5464,0.4929,1
850,1403715929.084058285,14.5787,14.5825,nan,-1,-1,-1,-1,-1,-1,nan,10.9215,10.8678,1
851,1403715929.134057999,4.1128,4.1171,nan,-1,-1,-1,-1,-1,-1,nan,0.4041,0.3432,1
852,1403715929.184058189,4.2293,4.2329,nan,-1,-1,-1,-1,-1,-1,nan,0.5279,0.4683,1
853,1403715929.234058142,4.5973,4.5088,nan,-1,-1,-1,-1,-1,-1,nan,0.6688,0.6071,1
854,1403715929.284058094,14.2894,14.2902,nan,-1,-1,-1,-1,-1,-1,nan,10.6964,10.6359,1
855,1403715929.334058046,4.0781,4.0801,nan,-1,-1,-1,-1,-1,-1,nan,0.3781,0.3123,1
856,1403715929.384058237,4.0770,4.0805,nan,-1,-1,-1,-1,-1,-1,nan,0.4588,0.4023,1
857,1403715929.434058189,4.3660,4.3482,nan,-1,-1,-1,-1,-1,-1,nan,0.5781,0.5232,1
858,1403715929.484058142,13.8581,13.8572,nan,-1,-1,-1,-1,-1,-1,nan,10.0862,10.0438,1
859,1403715929.534058094,14.1897,14.1320,nan,-1,-1,-1,-1,-1,-1,nan,10.6417,10.5873,1
860,1403715929.584058285,3.9689,3.9352,nan,-1,-1,-1,-1,-1,-1,nan,0.3267,0.2733,1
861,1403715929.634057999,3.6998,3.6972,nan,-1,-1,-1,-1,-1,-1,nan,0.3939,0.3537,1
862,1403715929.684058189,3.9155,3.8152,nan,-1,-1,-1,-1,-1,-1,nan,0.4991,0.4452,1
863,1403715929.734058142,13.6425,13.6409,nan,-1,-1,-1,-1,-1,-1,nan,10.5405,10.4827,1
864,1403715929.784058094,3.8495,3.8208,nan,-1,-1,-1,-1,-1,-1,nan,0.3033,0.2400,1
865,1403715929.834058046,14.4662,14.4411,nan,-1,-1,-1,-1,-1,-1,nan,10.7623,10.7079,1
866,1403715929.884058237,3.6237,3.6276,nan,-1,-1,-1,-1,-1,-1,nan,0.3070,0.2428,1
867,1403715929.934058189,3.8108,3.8129,nan,-1,-1,-1,-1,-1,-1,nan,0.4045,0.3522,1
868,1403715929.984058142,3.9687,3.9551,nan,-1,-1,-1,-1,-1,-1,nan,0.5671,0.5012,1
869,1403715930.034058094,14.6534,14.6514,nan,-1,-1,-1,-1,-1,-1,nan,11.2999,11.2404,1
870,1403715930.084058285,3.9930,3.9570,nan,-1,-1,-1,-1,-1,-1,nan,0.3305,0.2622,1
871,1403715930.134057999,3.8383,3.8158,nan,-1,-1,-1,-1,-1,-1,nan,0.4789,0.4105,1
872,1403715930.184058189,3.8837,3.8875,nan,-1,-1,-1,-1,-1,-1,nan,0.5887,0.5247,1
873,1403715930.234058142,15.0536,15.0574,nan,-1,-1,-1,-1,-1,-1,nan,11.7828,11.7203,1
874,1403715930.284058094,3.8071,3.7896,nan,-1,-1,-1,-1,-1,-1,nan,0.3870,0.3241,1
875,1403715930.334058046,3.9563,3.9602,nan,-1,-1,-1,-1,-1,-1,nan,0.5320,0.4681,1
876,1403715930.384058237,4.0962,4.0743,nan,-1,-1,-1,-1,-1,-1,nan,0.6920,0.6285,1
877,1403715930.434058189,15.2181,15.2180,nan,-1,-1,-1,-1,-1,-1,nan,11.8847,11.8202,1
878,1403715930.484058142,3.9042,3.8929,nan,-1,-1,-1,-1,-1,-1,nan,0.4113,0.3445,1
879,1403715930.534058094,3.9989,3.9985,nan,-1,-1,-1,-1,-1,-1,nan,0.5245,0.4594,1
880,1403715930.584058285,4.3467,4.3277,nan,-1,-1,-1,-1,-1,-1,nan,0.6606,0.5925,1
881,1403715930.634057999,15.4963,15.4690,nan,-1,-1,-1,-1,-1,-1,nan,11.7553,11.6856,1
882,1403715930.684058189,3.8652,3.8658,nan,-1,-1,-1,-1,-1,-1,nan,0.3991,0.3326,1
883,1403715930.734058142,3.9495,3.9530,nan,-1,-1,-1,-1,-1,-1,nan,0.4826,0.4272,1
884,1403715930.784058094,4.0202,4.0240,nan,-1,-1,-1,-1,-1,-1,nan,0.6164,0.5562,1
885,1403715930.834058046,15.0875,15.0825,nan,-1,-1,-1,-1,-1,-1,nan,11.6364,11.5740,1
886,1403715930.884058237,3.9402,3.9438,nan,-1,-1,-1,-1,-1,-1,nan,0.4452,0.3810,1
887,1403715930.934058189,3.9078,3.9000,nan,-1,-1,-1,-1,-1,-1,nan,0.5363,0.4762,1
888,1403715930.984058142,4.2667,4.2613,nan,-1,-1,-1,-1,-1,-1,nan,0.6599,0.5986,1
889,1403715931.034058094,15.9182,15.8773,nan,-1,-1,-1,-1,-1,-1,nan,12.0055,11.9407,1
890,1403715931.084058285,4.1623,4.1346,nan,-1,-1,-1,-1,-1,-1,nan,0.4313,0.3609,1
891,1403715931.134057999,4.3300,4.2775,nan,-1,-1,-1,-1,-1,-1,nan,0.5829,0.5145,1
892,1403715931.184058189,4.3459,4.3417,nan,-1,-1,-1,-1,-1,-1,nan,0.7093,0.6433,1
893,1403715931.234058142,16.0500,16.0384,nan,-1,-1,-1,-1,-1,-1,nan,12.3515,12.2885,1
894,1403715931.284058094,4.3836,4.3535,nan,-1,-1,-1,-1,-1,-1,nan,0.4316,0.3665,1
895,1403715931.334058046,4.5510,4.4542,nan,-1,-1,-1,-1,-1,-1,nan,0.5630,0.5013,1
896,1403715931.384058237,4.5846,4.5272,nan,-1,-1,-1,-1,-1,-1,nan,0.7394,0.6778,1
897,1403715931.434058189,15.8931,15.8103,nan,-1,-1,-1,-1,-1,-1,nan,11.9155,11.8543,1
898,1403715931.484058142,4.0752,4.0668,nan,-1,-1,-1,-1,-1,-1,nan,0.3802,0.3173,1
899,1403715931.534058094,4.0127,4.0164,nan,-1,-1,-1,-1,-1,-1,nan,0.5172,0.4540,1
900,1403715931.584058285,4.4327,4.4083,nan,-1,-1,-1,-1,-1,-1,nan,0.6018,0.5480,1
901,1403715931.634057999,15.2849,15.2886,nan,-1,-1,-1,-1,-1,-1,nan,11.8132,11.7495,1
902,1403715931.684058189,3.8087,3.8015,nan,-1,-1,-1,-1,-1,-1,nan,0.3700,0.3129,1
903,1403715931.734058142,4.0032,4.0019,nan,-1,-1,-1,-1,-1,-1,nan,0.4692,0.4178,1
904,1403715931.784058094,3.9827,3.9861,nan,-1,-1,-1,-1,-1,-1,nan,0.5643,0.5125,1
905,1403715931.834058046,15.4785,15.4611,nan,-1,-1,-1,-1,-1,-1,nan,11.7068,11.6546,1
906,1403715931.884058237,4.0643,4.0355,nan,-1,-1,-1,-1,-1,-1,nan,0.3555,0.2979,1
907,1403715931.934058189,4.1682,4.1616,nan,-1,-1,-1,-1,-1,-1,nan,0.4401,0.3909,1
908,1403715931.984058142,4.2380,4.2340,nan,-1,-1,-1,-1,-1,-1,nan,0.5483,0.5030,1
909,1403715932.034058094,16.0973,16.0716,nan,-1,-1,-1,-1,-1,-1,nan,11.8261,11.7760,1
910,1403715932.084058285,3.7802,3.7812,nan,-1,-1,-1,-1,-1,-1,nan,0.2915,0.2402,1
911,1403715932.134057999,4.4914,4.4864,nan,-1,-1,-1,-1,-1,-1,nan,0.5260,0.4444,1
912,1403715932.184058189,4.5918,4.5794,nan,-1,-1,-1,-1,-1,-1,nan,0.4990,0.4485,1
913,1403715932.234058142,16.1215,16.1063,nan,-1,-1,-1,-1,-1,-1,nan,12.2227,12.1781,1
914,1403715932.284058094,3.7017,3.6889,nan,-1,-1,-1,-1,-1,-1,nan,0.3130,0.2621,1
915,1403715932.334058046,3.8542,3.8400,nan,-1,-1,-1,-1,-1,-1,nan,0.3988,0.3492,1
916,1403715932.384058237,15.6513,15.5873,nan,-1,-1,-1,-1,-1,-1,nan,12.0021,11.9472,1
917,1403715932.434058189,3.4885,3.4905,nan,-1,-1,-1,-1,-1,-1,nan,0.2742,0.2259,1
918,1403715932.484058142,3.8046,3.7905,nan,-1,-1,-1,-1,-1,-1,nan,0.3731,0.3325,1
919,1403715932.534058094,3.7195,3.7175,nan,-1,-1,-1,-1,-1,-1,nan,0.5030,0.4536,1
920,1403715932.584058285,15.3316,15.3069,nan,-1,-1,-1,-1,-1,-1,nan,11.9160,11.8655,1
921,1403715932.634057999,3.7891,3.6908,nan,-1,-1,-1,-1,-1,-1,nan,0.2938,0.2550,1
922,1403715932.684058189,3.7168,3.6977,nan,-1,-1,-1,-1,-1,-1,nan,0.3774,0.3357,1
923,1403715932.734058142,3.9903,3.9703,nan,-1,-1,-1,-1,-1,-1,nan,0.5563,0.5107,1
924,1403715932.784058094,14.7905,14.7910,nan,-1,-1,-1,-1,-1,-1,nan,11.5465,11.5065,1
925,1403715932.834058046,3.8435,3.7407,nan,-1,-1,-1,-1,-1,-1,nan,0.3204,0.2642,1
926,1403715932.884058237,3.7642,3.7481,nan,-1,-1,-1,-1,-1,-1,nan,0.4381,0.3908,1
927,1403715932.934058189,3.8524,3.8426,nan,-1,-1,-1,-1,-1,-1,nan,0.4706,0.4272,1
928,1403715932.984058142,14.9747,14.9530,nan,-1,-1,-1,-1,-1,-1,nan,11.3573,11.3167,1
929,1403715933.034058094,3.5488,3.5525,nan,-1,-1,-1,-1,-1,-1,nan,0.2457,0.2015,1
930,1403715933.084058285,4.0491,4.0355,nan,-1,-1,-1,-1,-1,-1,nan,0.3279,0.2891,1
931,1403715933.134057999,14.2618,14.2519,nan,-1,-1,-1,-1,-1,-1,nan,11.0308,10.9931,1
932,1403715933.184058189,3.6873,3.6779,nan,-1,-1,-1,-1,-1,-1,nan,0.2441,0.2020,1
933,1403715933.234058142,4.2912,4.2749,nan,-1,-1,-1,-1,-1,-1,nan,0.3426,0.3059,1
934,1403715933.284058094,4.2160,4.1924,nan,-1,-1,-1,-1,-1,-1,nan,0.4236,0.3870,1
935,1403715933.334058046,14.4223,14.4221,nan,-1,-1,-1,-1,-1,-1,nan,10.7246,10.6883,1
936,1403715933.384058237,3.9949,3.9860,nan,-1,-1,-1,-1,-1,-1,nan,0.2388,0.2025,1
937,1403715933.434058189,3.9322,3.9333,nan,-1,-1,-1,-1,-1,-1,nan,0.3141,0.2768,1
938,1403715933.484058142,14.2920,14.2691,nan,-1,-1,-1,-1,-1,-1,nan,10.5663,10.5265,1
939,1403715933.534058094,4.2181,4.1933,nan,-1,-1,-1,-1,-1,-1,nan,0.2430,0.2037,1
940,1403715933.584058285,4.0100,4.0116,nan,-1,-1,-1,-1,-1,-1,nan,0.3752,0.3238,1
941,1403715933.634057999,3.8647,3.8463,nan,-1,-1,-1,-1,-1,-1,nan,0.4552,0.4074,1
942,1403715933.684058189,13.8173,13.8233,nan,-1,-1,-1,-1,-1,-1,nan,10.4990,10.4535,1
943,1403715933.734058142,3.7194,3.7228,nan,-1,-1,-1,-1,-1,-1,nan,0.3721,0.3233,1
944,1403715933.784058094,4.0557,4.0015,nan,-1,-1,-1,-1,-1,-1,nan,0.4547,0.4054,1
945,1403715933.834058046,4.0717,4.0611,nan,-1,-1,-1,-1,-1,-1,nan,0.6034,0.5515,1
946,1403715933.884058237,14.0867,14.0881,nan,-1,-1,-1,-1,-1,-1,nan,10.3270,10.2835,1
947,1403715933.934058189,4.1710,4.1518,nan,-1,-1,-1,-1,-1,-1,nan,0.2812,0.2377,1
948,1403715933.984058142,4.2365,4.2202,nan,-1,-1,-1,-1,-1,-1,nan,0.3670,0.3265,1
949,1403715934.034058094,4.0974,4.0917,nan,-1,-1,-1,-1,-1,-1,nan,0.4435,0.3983,1
950,1403715934.084058285,13.4335,13.4247,nan,-1,-1,-1,-1,-1,-1,nan,10.1371,10.0989,1
951,1403715934.134057999,13.7009,13.7045,nan,-1,-1,-1,-1,-1,-1,nan,10.2242,10.1909,1
952,1403715934.184058189,13.9437,13.9473,nan,-1,-1,-1,-1,-1,-1,nan,10.4014,10.3543,1
953,1403715934.234058142,4.0676,4.0574,nan,-1,-1,-1,-1,-1,-1,nan,0.2737,0.2333,1
954,1403715934.284058094,14.0245,13.9953,nan,-1,-1,-1,-1,-1,-1,nan,10.1537,10.1207,1
955,1403715934.334058046,3.5462,3.5532,nan,-1,-1,-1,-1,-1,-1,nan,0.2430,0.2063,1
956,1403715934.384058237,3.7524,3.6528,nan,-1,-1,-1,-1,-1,-1,nan,0.3370,0.3069,1
957,1403715934.434058189,19.9058,19.8706,nan,-1,-1,-1,-1,-1,-1,nan,16.2543,16.2257,1
958,1403715934.484058142,16.5797,16.5572,nan,-1,-1,-1,-1,-1,-1,nan,13.1983,13.1493,1
959,1403715934.534058094,3.5132,3.4956,nan,-1,-1,-1,-1,-1,-1,nan,0.2581,0.2130,1
960,1403715934.584058285,3.6698,3.6537,nan,-1,-1,-1,-1,-1,-1,nan,0.4088,0.3683,1
961,1403715934.634057999,36.8393,36.8433,nan,-1,-1,-1,-1,-1,-1,nan,33.7541,33.7166,1
962,1403715934.684058189,3.4028,3.4006,nan,-1,-1,-1,-1,-1,-1,nan,0.3232,0.2820,1
963,1403715934.734058142,3.7609,3.7053,nan,-1,-1,-1,-1,-1,-1,nan,0.4560,0.4165,1
964,1403715934.784058094,3.7093,3.6744,nan,-1,-1,-1,-1,-1,-1,nan,0.5550,0.5114,1
965,1403715934.834058046,13.7100,13.7057,nan,-1,-1,-1,-1,-1,-1,nan,10.5831,10.5460,1
966,1403715934.884058237,3.5100,3.5111,nan,-1,-1,-1,-1,-1,-1,nan,0.2743,0.2347,1
967,1403715934.934058189,3.6023,3.6058,nan,-1,-1,-1,-1,-1,-1,nan,0.3564,0.3228,1
968,1403715934.984058142,14.0252,14.0003,nan,-1,-1,-1,-1,-1,-1,nan,10.5141,10.4788,1
969,1403715935.034058094,3.6608,3.6605,nan,-1,-1,-1,-1,-1,-1,nan,0.2568,0.2153,1
970,1403715935.084058285,14.1390,14.1264,nan,-1,-1,-1,-1,-1,-1,nan,10.7826,10.7470,1
971,1403715935.134057999,4.2769,3.7676,nan,-1,-1,-1,-1,-1,-1,nan,0.2688,0.2283,1
972,1403715935.184058189,14.5582,14.5233,nan,-1,-1,-1,-1,-1,-1,nan,10.8713,10.8269,1
973,1403715935.234058142,4.4128,4.2525,nan,-1,-1,-1,-1,-1,-1,nan,0.3191,0.2681,1
974,1403715935.284058094,4.2318,4.0677,nan,-1,-1,-1,-1,-1,-1,nan,0.4686,0.4147,1
975,1403715935.334058046,4.2192,4.1516,nan,-1,-1,-1,-1,-1,-1,nan,0.5481,0.5005,1
976,1403715935.384058237,13.7648,13.7480,nan,-1,-1,-1,-1,-1,-1,nan,10.4980,10.4467,1
977,1403715935.434058189,3.6460,3.6497,nan,-1,-1,-1,-1,-1,-1,nan,0.2681,0.2183,1
978,1403715935.484058142,13.8900,13.8720,nan,-1,-1,-1,-1,-1,-1,nan,10.3543,10.3054,1
979,1403715935.534058094,3.6429,3.6303,nan,-1,-1,-1,-1,-1,-1,nan,0.2632,0.2159,1
980,1403715935.584058285,3.9382,3.9133,nan,-1,-1,-1,-1,-1,-1,nan,0.4434,0.3879,1
981,1403715935.634057999,4.3280,4.1731,nan,-1,-1,-1,-1,-1,-1,nan,0.5210,0.4656,1
982,1403715935.684058189,19.5300,19.5338,nan,-1,-1,-1,-1,-1,-1,nan,16.4199,16.3630,1
983,1403715935.734058142,3.7952,3.7863,nan,-1,-1,-1,-1,-1,-1,nan,0.3570,0.2934,1
984,1403715935.784058094,3.7708,3.7710,nan,-1,-1,-1,-1,-1,-1,nan,0.4916,0.4232,1
985,1403715935.834058046,3.8840,3.8831,nan,-1,-1,-1,-1,-1,-1,nan,0.5375,0.4784,1
986,1403715935.884058237,37.5793,37.5782,nan,-1,-1,-1,-1,-1,-1,nan,34.2388,34.1831,1
987,1403715935.934058189,3.6604,3.6643,nan,-1,-1,-1,-1,-1,-1,nan,0.4013,0.3383,1
988,1403715935.984058142,3.8655,3.8664,nan,-1,-1,-1,-1,-1,-1,nan,0.4913,0.4323,1
989,1403715936.034058094,4.2238,4.1990,nan,-1,-1,-1,-1,-1,-1,nan,0.6578,0.5679,1
990,1403715936.084058285,14.5322,14.5184,nan,-1,-1,-1,-1,-1,-1,nan,10.6587,10.5742,1
991,1403715936.134057999,3.7788,3.7734,nan,-1,-1,-1,-1,-1,-1,nan,0.2710,0.2161,1
992,1403715936.184058189,13.3789,13.3759,nan,-1,-1,-1,-1,-1,-1,nan,10.0129,9.9592,1
993,1403715936.234058142,13.0369,13.0384,nan,-1,-1,-1,-1,-1,-1,nan,9.7204,9.6787,1
994,1403715936.284058094,13.1093,13.0967,nan,-1,-1,-1,-1,-1,-1,nan,9.8803,9.8283,1
995,1403715936.334058046,3.6014,3.6082,nan,-1,-1,-1,-1,-1,-1,nan,0.3181,0.2630,1
996,1403715936.384058237,3.6387,3.6375,nan,-1,-1,-1,-1,-1,-1,nan,0.3890,0.3490,1
997,1403715936.434058189,13.2667,13.2524,nan,-1,-1,-1,-1,-1,-1,nan,10.0396,9.9932,1
998,1403715936.484058142,3.4083,3.4071,nan,-1,-1,-1,-1,-1,-1,nan,0.2910,0.2469,1
999,1403715936.534058094,3.5344,3.4468,nan,-1,-1,-1,-1,-1,-1,nan,0.4438,0.3958,1
1000,1403715936.584058285,3.6251,3.6176,nan,-1,-1,-1,-1,-1,-1,nan,0.5325,0.4902,1
1001,1403715936.634057999,12.8413,12.8447,nan,-1,-1,-1,-1,-1,-1,nan,9.8534,9.8075,1
1002,1403715936.684058189,3.6312,3.6244,nan,-1,-1,-1,-1,-1,-1,nan,0.3097,0.2664,1
1003,1403715936.734058142,3.5773,3.5809,nan,-1,-1,-1,-1,-1,-1,nan,0.4674,0.4170,1
1004,1403715936.784058094,3.7716,3.7020,nan,-1,-1,-1,-1,-1,-1,nan,0.5754,0.5284,1
1005,1403715936.834058046,13.2570,13.1780,nan,-1,-1,-1,-1,-1,-1,nan,10.0809,10.0357,1
1006,1403715936.884058237,3.6130,3.5985,nan,-1,-1,-1,-1,-1,-1,nan,0.3042,0.2530,1
1007,1403715936.934058189,3.7986,3.7755,nan,-1,-1,-1,-1,-1,-1,nan,0.4585,0.4078,1
1008,1403715936.984058142,3.8363,3.8376,nan,-1,-1,-1,-1,-1,-1,nan,0.6067,0.5495,1
1009,1403715937.034058094,13.5420,13.5413,nan,-1,-1,-1,-1,-1,-1,nan,10.2935,10.2333,1
1010,1403715937.084058285,3.6252,3.6079,nan,-1,-1,-1,-1,-1,-1,nan,0.3030,0.2480,1
1011,1403715937.134057999,3.9266,3.8946,nan,-1,-1,-1,-1,-1,-1,nan,0.4570,0.3930,1
1012,1403715937.184058189,3.9526,3.9075,nan,-1,-1,-1,-1,-1,-1,nan,0.5706,0.5103,1
1013,1403715937.234058142,13.5427,13.5463,nan,-1,-1,-1,-1,-1,-1,nan,10.3039,10.2486,1
1014,1403715937.284058094,3.7371,3.7293,nan,-1,-1,-1,-1,-1,-1,nan,0.2873,0.2342,1
1015,1403715937.334058046,3.8039,3.8060,nan,-1,-1,-1,-1,-1,-1,nan,0.4627,0.3970,1
1016,1403715937.384058237,4.2312,4.2155,nan,-1,-1,-1,-1,-1,-1,nan,0.5586,0.4948,1
1017,1403715937.434058189,26.2259,26.2112,nan,-1,-1,-1,-1,-1,-1,nan,22.6804,22.6235,1
1018,1403715937.484058142,3.7490,3.7439,nan,-1,-1,-1,-1,-1,-1,nan,0.3098,0.2447,1
1019,1403715937.534058094,15.1145,15.1013,nan,-1,-1,-1,-1,-1,-1,nan,11.6622,11.5954,1
1020,1403715937.584058285,4.0941,4.0563,nan,-1,-1,-1,-1,-1,-1,nan,0.3249,0.2681,1
1021,1403715937.634057999,3.7313,3.7098,nan,-1,-1,-1,-1,-1,-1,nan,0.4557,0.4000,1
1022,1403715937.684058189,4.1860,4.0069,nan,-1,-1,-1,-1,-1,-1,nan,0.5810,0.5240,1
1023,1403715937.734058142,15.7537,15.7153,nan,-1,-1,-1,-1,-1,-1,nan,12.1137,12.0609,1
1024,1403715937.784058094,3.6488,3.6531,nan,-1,-1,-1,-1,-1,-1,nan,0.3331,0.2677,1
1025,1403715937.834058046,4.4687,4.3654,nan,-1,-1,-1,-1,-1,-1,nan,0.4407,0.3758,1
1026,1403715937.884058237,3.8128,3.8167,nan,-1,-1,-1,-1,-1,-1,nan,0.5309,0.4727,1
1027,1403715937.934058189,15.2062,15.1743,nan,-1,-1,-1,-1,-1,-1,nan,11.7862,11.7212,1
1028,1403715937.984058142,3.9095,3.9004,nan,-1,-1,-1,-1,-1,-1,nan,0.4152,0.3483,1
1029,1403715938.034058094,4.1543,4.1479,nan,-1,-1,-1,-1,-1,-1,nan,0.5531,0.4885,1
1030,1403715938.084058285,4.1055,4.1010,nan,-1,-1,-1,-1,-1,-1,nan,0.6276,0.5681,1
1031,1403715938.134057999,15.1306,15.1347,nan,-1,-1,-1,-1,-1,-1,nan,11.6750,11.6107,1
1032,1403715938.184058189,4.0438,4.0227,nan,-1,-1,-1,-1,-1,-1,nan,0.4458,0.3791,1
1033,1403715938.234058142,4.3088,4.1056,nan,-1,-1,-1,-1,-1,-1,nan,0.5692,0.5080,1
1034,1403715938.284058094,4.2000,4.1798,nan,-1,-1,-1,-1,-1,-1,nan,0.6783,0.6211,1
1035,1403715938.334058046,14.8604,14.8643,nan,-1,-1,-1,-1,-1,-1,nan,11.4087,11.3566,1
1036,1403715938.384058237,4.0445,4.0387,nan,-1,-1,-1,-1,-1,-1,nan,0.3619,0.3006,1
1037,1403715938.434058189,4.3514,4.2835,nan,-1,-1,-1,-1,-1,-1,nan,0.4502,0.3964,1
1038,1403715938.484058142,4.0633,4.0189,nan,-1,-1,-1,-1,-1,-1,nan,0.5478,0.4928,1
1039,1403715938.534058094,14.8736,14.8621,nan,-1,-1,-1,-1,-1,-1,nan,11.3151,11.2601,1
1040,1403715938.584058285,3.8040,3.8108,nan,-1,-1,-1,-1,-1,-1,nan,0.3577,0.2976,1
1041,1403715938.634057999,3.9577,3.9492,nan,-1,-1,-1,-1,-1,-1,nan,0.4809,0.4203,1
1042,1403715938.684058189,4.5164,4.4239,nan,-1,-1,-1,-1,-1,-1,nan,0.5762,0.5162,1
1043,1403715938.734058142,14.8057,14.7040,nan,-1,-1,-1,-1,-1,-1,nan,11.3545,11.2797,1
1044,1403715938.784058094,4.3325,4.3193,nan,-1,-1,-1,-1,-1,-1,nan,0.4605,0.3878,1
1045,1403715938.834058046,4.3516,4.2799,nan,-1,-1,-1,-1,-1,-1,nan,0.5769,0.5037,1
1046,1403715938.884058237,4.3009,4.3049,nan,-1,-1,-1,-1,-1,-1,nan,0.6737,0.6096,1
1047,1403715938.934058189,15.2807,15.2564,nan,-1,-1,-1,-1,-1,-1,nan,11.8121,11.7329,1
1048,1403715938.984058142,4.3009,4.2821,nan,-1,-1,-1,-1,-1,-1,nan,0.4885,0.3887,1
1049,1403715939.034058094,3.8190,3.8224,nan,-1,-1,-1,-1,-1,-1,nan,0.5185,0.4478,1
1050,1403715939.084058285,3.8115,3.8151,nan,-1,-1,-1,-1,-1,-1,nan,0.6124,0.5595,1
1051,1403715939.134057999,14.9243,14.9283,nan,-1,-1,-1,-1,-1,-1,nan,11.4144,11.3530,1
1052,1403715939.184058189,4.1135,4.1152,nan,-1,-1,-1,-1,-1,-1,nan,0.3490,0.2928,1
1053,1403715939.234058142,4.1275,4.1310,nan,-1,-1,-1,-1,-1,-1,nan,0.4187,0.3680,1
1054,1403715939.284058094,4.4761,4.4676,nan,-1,-1,-1,-1,-1,-1,nan,0.5457,0.4854,1
1055,1403715939.334058046,14.9269,14.9232,nan,-1,-1,-1,-1,-1,-1,nan,11.1625,11.1059,1
1056,1403715939.384058237,4.0526,4.0546,nan,-1,-1,-1,-1,-1,-1,nan,0.3269,0.2760,1
1057,1403715939.434058189,4.3653,4.2362,nan,-1,-1,-1,-1,-1,-1,nan,0.4058,0.3560,1
1058,1403715939.484058142,3.9024,3.9040,nan,-1,-1,-1,-1,-1,-1,nan,0.5326,0.4782,1
1059,1403715939.534058094,14.4801,14.4844,nan,-1,-1,-1,-1,-1,-1,nan,11.2794,11.2310,1
1060,1403715939.584058285,3.7450,3.7490,nan,-1,-1,-1,-1,-1,-1,nan,0.3602,0.3015,1
1061,1403715939.634057999,3.8985,3.9002,nan,-1,-1,-1,-1,-1,-1,nan,0.4198,0.3700,1
1062,1403715939.684058189,3.9265,3.9300,nan,-1,-1,-1,-1,-1,-1,nan,0.5659,0.5058,1
1063,1403715939.734058142,14.8368,14.7760,nan,-1,-1,-1,-1,-1,-1,nan,11.1670,11.1155,1
1064,1403715939.784058094,3.8077,3.8118,nan,-1,-1,-1,-1,-1,-1,nan,0.3840,0.3232,1
1065,1403715939.834058046,3.9043,3.8969,nan,-1,-1,-1,-1,-1,-1,nan,0.4824,0.4296,1
1066,1403715939.884058237,3.9550,3.9536,nan,-1,-1,-1,-1,-1,-1,nan,0.6439,0.5922,1
1067,1403715939.934058189,14.7014,14.7048,nan,-1,-1,-1,-1,-1,-1,nan,11.4748,11.4177,1
1068,1403715939.984058142,3.6412,3.6455,nan,-1,-1,-1,-1,-1,-1,nan,0.3963,0.3420,1
1069,1403715940.034058094,3.8309,3.8295,nan,-1,-1,-1,-1,-1,-1,nan,0.4680,0.4204,1
1070,1403715940.084058285,4.1360,4.1253,nan,-1,-1,-1,-1,-1,-1,nan,0.5992,0.5471,1
1071,1403715940.134057999,14.9732,14.9453,nan,-1,-1,-1,-1,-1,-1,nan,11.4669,11.4114,1
1072,1403715940.184058189,3.9683,3.9558,nan,-1,-1,-1,-1,-1,-1,nan,0.3048,0.2549,1
1073,1403715940.234058142,4.1697,4.1695,nan,-1,-1,-1,-1,-1,-1,nan,0.4790,0.4149,1
1074,1403715940.284058094,3.9180,3.9079,nan,-1,-1,-1,-1,-1,-1,nan,0.5358,0.4845,1
1075,1403715940.334058046,15.4648,15.3700,nan,-1,-1,-1,-1,-1,-1,nan,11.4679,11.4104,1
1076,1403715940.384058237,4.0379,4.0414,nan,-1,-1,-1,-1,-1,-1,nan,0.3481,0.2929,1
1077,1403715940.434058189,4.1923,4.1960,nan,-1,-1,-1,-1,-1,-1,nan,0.4699,0.4137,1
1078,1403715940.484058142,4.7145,4.7041,nan,-1,-1,-1,-1,-1,-1,nan,0.6075,0.5403,1
1079,1403715940.534058094,15.6403,15.6301,nan,-1,-1,-1,-1,-1,-1,nan,11.3749,11.3142,1
1080,1403715940.584058285,3.9750,3.9788,nan,-1,-1,-1,-1,-1,-1,nan,0.2959,0.2432,1
1081,1403715940.634057999,3.8747,3.8767,nan,-1,-1,-1,-1,-1,-1,nan,0.4210,0.3664,1
1082,1403715940.684058189,3.9492,3.9484,nan,-1,-1,-1,-1,-1,-1,nan,0.4587,0.4123,1
1083,1403715940.734058142,14.4766,14.4802,nan,-1,-1,-1,-1,-1,-1,nan,11.2281,11.1772,1
1084,1403715940.784058094,3.5817,3.5860,nan,-1,-1,-1,-1,-1,-1,nan,0.3113,0.2570,1
1085,1403715940.834058046,3.8429,3.8315,nan,-1,-1,-1,-1,-1,-1,nan,0.4258,0.3715,1
1086,1403715940.884058237,3.9693,3.9045,nan,-1,-1,-1,-1,-1,-1,nan,0.4612,0.4107,1
1087,1403715940.934058189,14.9165,14.9175,nan,-1,-1,-1,-1,-1,-1,nan,11.1020,11.0571,1
1088,1403715940.984058142,4.2063,4.2044,nan,-1,-1,-1,-1,-1,-1,nan,0.2482,0.1992,1
1089,1403715941.034058094,14.3694,14.3695,nan,-1,-1,-1,-1,-1,-1,nan,10.5997,10.5496,1
1090,1403715941.084058285,4.5063,4.5031,nan,-1,-1,-1,-1,-1,-1,nan,0.2754,0.2198,1
1091,1403715941.134057999,4.4484,4.4528,nan,-1,-1,-1,-1,-1,-1,nan,0.3711,0.3180,1
1092,1403715941.184058189,15.0533,15.0497,nan,-1,-1,-1,-1,-1,-1,nan,10.9054,10.8513,1
1093,1403715941.234058142,4.1839,4.1877,nan,-1,-1,-1,-1,-1,-1,nan,0.3055,0.2461,1
1094,1403715941.284058094,4.5717,4.5535,nan,-1,-1,-1,-1,-1,-1,nan,0.4288,0.3716,1
1095,1403715941.334058046,15.3330,15.2990,nan,-1,-1,-1,-1,-1,-1,nan,11.1853,11.1358,1
1096,1403715941.384058237,4.1703,4.1494,nan,-1,-1,-1,-1,-1,-1,nan,0.2914,0.2432,1
1097,1403715941.434058189,4.1171,4.1211,nan,-1,-1,-1,-1,-1,-1,nan,0.4137,0.3683,1
1098,1403715941.484058142,14.8442,14.8458,nan,-1,-1,-1,-1,-1,-1,nan,11.1354,11.0908,1
1099,1403715941.534058094,3.9804,3.9709,nan,-1,-1,-1,-1,-1,-1,nan,0.3116,0.2570,1
1100,1403715941.584058285,3.7580,3.7586,nan,-1,-1,-1,-1,-1,-1,nan,0.4175,0.3660,1
1101,1403715941.634057999,3.8195,3.8261,nan,-1,-1,-1,-1,-1,-1,nan,0.5293,0.4844,1
1102,1403715941.684058189,14.6161,14.5635,nan,-1,-1,-1,-1,-1,-1,nan,11.1015,11.0411,1
1103,1403715941.734058142,4.5282,4.4580,nan,-1,-1,-1,-1,-1,-1,nan,0.3493,0.2947,1
1104,1403715941.784058094,4.3052,4.2864,nan,-1,-1,-1,-1,-1,-1,nan,0.4752,0.4202,1
1105,1403715941.834058046,3.9846,3.9854,nan,-1,-1,-1,-1,-1,-1,nan,0.5573,0.4985,1
1106,1403715941.884058237,13.6330,13.6366,nan,-1,-1,-1,-1,-1,-1,nan,10.3845,10.3319,1
1107,1403715941.934058189,3.8371,3.8283,nan,-1,-1,-1,-1,-1,-1,nan,0.3462,0.2973,1
1108,1403715941.984058142,4.2176,4.2036,nan,-1,-1,-1,-1,-1,-1,nan,0.4497,0.3938,1
1109,1403715942.034058094,4.1358,4.1196,nan,-1,-1,-1,-1,-1,-1,nan,0.4940,0.4514,1
1110,1403715942.084058285,13.8402,13.8094,nan,-1,-1,-1,-1,-1,-1,nan,9.9481,9.9110,1
1111,1403715942.134057999,37.0854,37.0892,nan,-1,-1,-1,-1,-1,-1,nan,33.4560,33.4054,1
1112,1403715942.184058189,4.2142,4.1828,nan,-1,-1,-1,-1,-1,-1,nan,0.3448,0.2886,1
1113,1403715942.234058142,22.4086,22.4124,nan,-1,-1,-1,-1,-1,-1,nan,18.5399,18.4971,1
1114,1403715942.284058094,14.3940,14.3858,nan,-1,-1,-1,-1,-1,-1,nan,10.4776,10.4128,1
1115,1403715942.334058046,4.0690,4.0684,nan,-1,-1,-1,-1,-1,-1,nan,0.4095,0.3597,1
1116,1403715942.384058237,4.2957,4.2695,nan,-1,-1,-1,-1,-1,-1,nan,0.5071,0.4606,1
1117,1403715942.434058189,4.7993,4.8060,nan,-1,-1,-1,-1,-1,-1,nan,0.7622,0.6801,1
1118,1403715942.484058142,37.5158,37.4684,nan,-1,-1,-1,-1,-1,-1,nan,33.3740,33.3191,1
1119,1403715942.534058094,4.1696,4.1667,nan,-1,-1,-1,-1,-1,-1,nan,0.3303,0.2881,1
1120,1403715942.584058285,4.4028,4.3872,nan,-1,-1,-1,-1,-1,-1,nan,0.4271,0.3817,1
1121,1403715942.634057999,4.1434,4.1428,nan,-1,-1,-1,-1,-1,-1,nan,0.4950,0.4500,1
1122,1403715942.684058189,14.1272,14.0889,nan,-1,-1,-1,-1,-1,-1,nan,10.5448,10.4972,1
1123,1403715942.734058142,3.7581,3.7618,nan,-1,-1,-1,-1,-1,-1,nan,0.3469,0.2995,1
1124,1403715942.784058094,3.7809,3.7743,nan,-1,-1,-1,-1,-1,-1,nan,0.5043,0.4395,1
1125,1403715942.834058046,3.7297,3.7331,nan,-1,-1,-1,-1,-1,-1,nan,0.5174,0.4698,1
1126,1403715942.884058237,13.9057,13.9070,nan,-1,-1,-1,-1,-1,-1,nan,10.5908,10.5426,1
1127,1403715942.934058189,3.7458,3.7405,nan,-1,-1,-1,-1,-1,-1,nan,0.2901,0.2308,1
1128,1403715942.984058142,14.0442,14.0384,nan,-1,-1,-1,-1,-1,-1,nan,10.7616,10.7098,1
1129,1403715943.034058094,3.5182,3.5217,nan,-1,-1,-1,-1,-1,-1,nan,0.3120,0.2573,1
1130,1403715943.084058285,4.1657,4.1072,nan,-1,-1,-1,-1,-1,-1,nan,0.4628,0.4007,1
1131,1403715943.134057999,3.8789,3.8782,nan,-1,-1,-1,-1,-1,-1,nan,0.5667,0.5123,1
1132,1403715943.184058189,14.7495,14.7477,nan,-1,-1,-1,-1,-1,-1,nan,10.8221,10.7678,1
1133,1403715943.234058142,4.3410,4.3386,nan,-1,-1,-1,-1,-1,-1,nan,0.2690,0.2108,1
1134,1403715943.284058094,26.3899,26.3757,nan,-1,-1,-1,-1,-1,-1,nan,22.3312,22.2782,1
1135,1403715943.334058046,4.3695,4.3711,nan,-1,-1,-1,-1,-1,-1,nan,0.2880,0.2350,1
1136,1403715943.384058237,4.5930,4.5793,nan,-1,-1,-1,-1,-1,-1,nan,0.3837,0.3356,1
1137,1403715943.434058189,14.8265,14.7856,nan,-1,-1,-1,-1,-1,-1,nan,10.7588,10.7115,1
1138,1403715943.484058142,4.1996,4.2033,nan,-1,-1,-1,-1,-1,-1,nan,0.3109,0.2622,1
1139,1403715943.534058094,4.3330,4.3269,nan,-1,-1,-1,-1,-1,-1,nan,0.4319,0.3808,1
1140,1403715943.584058285,4.4205,4.4084,nan,-1,-1,-1,-1,-1,-1,nan,0.5047,0.4613,1
1141,1403715943.634057999,14.1827,14.1864,nan,-1,-1,-1,-1,-1,-1,nan,10.5596,10.5092,1
1142,1403715943.684058189,4.0362,4.0396,nan,-1,-1,-1,-1,-1,-1,nan,0.3706,0.3223,1
1143,1403715943.734058142,4.2600,4.2575,nan,-1,-1,-1,-1,-1,-1,nan,0.4763,0.4326,1
1144,1403715943.784058094,4.4476,4.4377,nan,-1,-1,-1,-1,-1,-1,nan,0.5998,0.5547,1
1145,1403715943.834058046,14.8262,14.8188,nan,-1,-1,-1,-1,-1,-1,nan,11.2178,11.1752,1
1146,1403715943.884058237,3.9752,3.9750,nan,-1,-1,-1,-1,-1,-1,nan,0.3947,0.3438,1
1147,1403715943.934058189,4.0670,4.0705,nan,-1,-1,-1,-1,-1,-1,nan,0.5506,0.4965,1
1148,1403715943.984058142,4.3693,4.3519,nan,-1,-1,-1,-1,-1,-1,nan,0.6211,0.5747,1
1149,1403715944.034058094,14.6880,14.6474,nan,-1,-1,-1,-1,-1,-1,nan,10.7365,10.6904,1
1150,1403715944.084058285,4.5990,4.5642,nan,-1,-1,-1,-1,-1,-1,nan,0.3236,0.2715,1
1151,1403715944.134057999,4.5266,4.5243,nan,-1,-1,-1,-1,-1,-1,nan,0.4301,0.3753,1
1152,1403715944.184058189,4.8380,4.8203,nan,-1,-1,-1,-1,-1,-1,nan,0.5673,0.5169,1
1153,1403715944.234058142,14.7295,14.7217,nan,-1,-1,-1,-1,-1,-1,nan,10.6899,10.6437,1
1154,1403715944.284058094,4.1200,4.1237,nan,-1,-1,-1,-1,-1,-1,nan,0.2944,0.2463,1
1155,1403715944.334058046,4.1582,4.1550,nan,-1,-1,-1,-1,-1,-1,nan,0.3795,0.3350,1
1156,1403715944.384058237,4.0484,4.0519,nan,-1,-1,-1,-1,-1,-1,nan,0.4719,0.4261,1
1157,1403715944.434058189,14.5037,14.5073,nan,-1,-1,-1,-1,-1,-1,nan,11.0502,11.0064,1
1158,1403715944.484058142,3.8060,3.8054,nan,-1,-1,-1,-1,-1,-1,nan,0.3102,0.2652,1
1159,1403715944.534058094,3.7159,3.7080,nan,-1,-1,-1,-1,-1,-1,nan,0.4108,0.3665,1
1160,1403715944.584058285,3.8100,3.8168,nan,-1,-1,-1,-1,-1,-1,nan,0.5558,0.5061,1
1161,1403715944.634057999,15.0765,15.0803,nan,-1,-1,-1,-1,-1,-1,nan,11.8287,11.7825,1
1162,1403715944.684058189,3.6298,3.6352,nan,-1,-1,-1,-1,-1,-1,nan,0.3630,0.3067,1
1163,1403715944.734058142,4.1981,4.1388,nan,-1,-1,-1,-1,-1,-1,nan,0.4953,0.4322,1
1164,1403715944.784058094,4.2824,4.2678,nan,-1,-1,-1,-1,-1,-1,nan,0.6466,0.5821,1
1165,1403715944.834058046,16.0983,16.0483,nan,-1,-1,-1,-1,-1,-1,nan,12.3064,12.2537,1
1166,1403715944.884058237,4.2986,4.1981,nan,-1,-1,-1,-1,-1,-1,nan,0.3295,0.2710,1
1167,1403715944.934058189,4.3309,4.3215,nan,-1,-1,-1,-1,-1,-1,nan,0.4414,0.3855,1
1168,1403715944.984058142,15.1222,15.1257,nan,-1,-1,-1,-1,-1,-1,nan,11.4441,11.3953,1
1169,1403715945.034058094,14.4782,14.4359,nan,-1,-1,-1,-1,-1,-1,nan,10.6267,10.5823,1
1170,1403715945.084058285,14.5077,14.4811,nan,-1,-1,-1,-1,-1,-1,nan,10.6822,10.6361,1
1171,1403715945.134057999,14.2892,14.2833,nan,-1,-1,-1,-1,-1,-1,nan,10.8538,10.8147,1
1172,1403715945.184058189,14.6645,14.6680,nan,-1,-1,-1,-1,-1,-1,nan,11.2620,11.2195,1
1173,1403715945.234058142,14.3332,14.3295,nan,-1,-1,-1,-1,-1,-1,nan,10.7770,10.7421,1
1174,1403715945.284058094,14.0877,14.0865,nan,-1,-1,-1,-1,-1,-1,nan,10.7246,10.6819,1
1175,1403715945.334058046,3.7686,3.7545,nan,-1,-1,-1,-1,-1,-1,nan,0.3135,0.2683,1
1176,1403715945.384058237,4.1928,4.1799,nan,-1,-1,-1,-1,-1,-1,nan,0.3937,0.3617,1
1177,1403715945.434058189,14.6818,14.6360,nan,-1,-1,-1,-1,-1,-1,nan,11.0199,10.9701,1
1178,1403715945.484058142,4.0515,3.9442,nan,-1,-1,-1,-1,-1,-1,nan,0.2689,0.2268,1
1179,1403715945.534058094,4.4037,4.2892,nan,-1,-1,-1,-1,-1,-1,nan,0.4320,0.3875,1
1180,1403715945.584058285,4.4640,4.3787,nan,-1,-1,-1,-1,-1,-1,nan,0.5216,0.4695,1
1181,1403715945.634057999,15.7216,15.6475,nan,-1,-1,-1,-1,-1,-1,nan,11.4056,11.3616,1
1182,1403715945.684058189,4.4737,4.4486,nan,-1,-1,-1,-1,-1,-1,nan,0.3215,0.2723,1
1183,1403715945.734058142,3.9445,3.9372,nan,-1,-1,-1,-1,-1,-1,nan,0.3860,0.3425,1
1184,1403715945.784058094,4.2351,4.2111,nan,-1,-1,-1,-1,-1,-1,nan,0.5175,0.4732,1
1185,1403715945.834058046,15.1804,15.1388,nan,-1,-1,-1,-1,-1,-1,nan,11.1859,11.1421,1
1186,1403715945.884058237,3.9821,3.9428,nan,-1,-1,-1,-1,-1,-1,nan,0.3135,0.2615,1
1187,1403715945.934058189,4.1958,4.1059,nan,-1,-1,-1,-1,-1,-1,nan,0.4387,0.3815,1
1188,1403715945.984058142,3.8786,3.8801,nan,-1,-1,-1,-1,-1,-1,nan,0.5045,0.4530,1
1189,1403715946.034058094,25.9925,23.1582,nan,-1,-1,-1,-1,-1,-1,nan,22.5611,22.5121,1
1190,1403715946.084058285,12.9688,10.3555,nan,-1,-1,-1,-1,-1,-1,nan,0.3941,0.3265,1
1191,1403715946.134057999,6.4516,6.3673,nan,-1,-1,-1,-1,-1,-1,nan,0.5400,0.4630,1
1192,1403715946.184058189,4.2153,4.2153,nan,-1,-1,-1,-1,-1,-1,nan,0.5797,0.5174,1
1193,1403715946.234058142,15.0019,14.9903,nan,-1,-1,-1,-1,-1,-1,nan,11.4662,11.4049,1
1194,1403715946.284058094,4.0473,4.0394,nan,-1,-1,-1,-1,-1,-1,nan,0.4535,0.3808,1
1195,1403715946.334058046,4.1473,4.1350,nan,-1,-1,-1,-1,-1,-1,nan,0.5754,0.5072,1
1196,1403715946.384058237,4.9242,4.7410,nan,-1,-1,-1,-1,-1,-1,nan,0.6768,0.6049,1
1197,1403715946.434058189,15.7376,15.6707,nan,-1,-1,-1,-1,-1,-1,nan,11.6488,11.5770,1
1198,1403715946.484058142,4.8076,4.5610,nan,-1,-1,-1,-1,-1,-1,nan,0.3055,0.2467,1
1199,1403715946.534058094,4.3389,4.3429,nan,-1,-1,-1,-1,-1,-1,nan,0.4385,0.3786,1
1200,1403715946.584058285,4.5576,4.5298,nan,-1,-1,-1,-1,-1,-1,nan,0.4822,0.4349,1
1201,1403715946.634057999,15.5225,15.4106,nan,-1,-1,-1,-1,-1,-1,nan,11.4457,11.3886,1
1202,1403715946.684058189,4.2828,4.2435,nan,-1,-1,-1,-1,-1,-1,nan,0.2614,0.2142,1
1203,1403715946.734058142,14.6432,14.5889,nan,-1,-1,-1,-1,-1,-1,nan,10.7419,10.7043,1
1204,1403715946.784058094,14.0567,14.0608,nan,-1,-1,-1,-1,-1,-1,nan,10.7520,10.6973,1
1205,1403715946.834058046,3.8359,3.8333,nan,-1,-1,-1,-1,-1,-1,nan,0.3369,0.2765,1
1206,1403715946.884058237,14.0197,13.9864,nan,-1,-1,-1,-1,-1,-1,nan,10.5457,10.5064,1
1207,1403715946.934058189,14.3231,14.2910,nan,-1,-1,-1,-1,-1,-1,nan,10.8643,10.7985,1
1208,1403715946.984058142,3.7746,3.7647,nan,-1,-1,-1,-1,-1,-1,nan,0.3600,0.3063,1
1209,1403715947.034058094,13.6571,13.6568,nan,-1,-1,-1,-1,-1,-1,nan,10.2915,10.2537,1
1210,1403715947.084058285,14.2363,14.2325,nan,-1,-1,-1,-1,-1,-1,nan,10.9687,10.9187,1
1211,1403715947.134057999,3.5968,3.5925,nan,-1,-1,-1,-1,-1,-1,nan,0.3172,0.2752,1
1212,1403715947.184058189,13.9808,13.9282,nan,-1,-1,-1,-1,-1,-1,nan,10.7582,10.7229,1
1213,1403715947.234058142,3.5545,3.5513,nan,-1,-1,-1,-1,-1,-1,nan,0.3250,0.2758,1
1214,1403715947.284058094,3.6621,3.6525,nan,-1,-1,-1,-1,-1,-1,nan,0.4401,0.3855,1
1215,1403715947.334058046,3.7283,3.7198,nan,-1,-1,-1,-1,-1,-1,nan,0.5074,0.4567,1
1216,1403715947.384058237,13.9737,13.9815,nan,-1,-1,-1,-1,-1,-1,nan,10.7245,10.6830,1
1217,1403715947.434058189,3.6053,3.6089,nan,-1,-1,-1,-1,-1,-1,nan,0.2949,0.2532,1
1218,1403715947.484058142,4.0014,3.9223,nan,-1,-1,-1,-1,-1,-1,nan,0.4098,0.3666,1
1219,1403715947.534058094,3.9921,3.8818,nan,-1,-1,-1,-1,-1,-1,nan,0.5041,0.4600,1
1220,1403715947.584058285,13.5972,13.5982,nan,-1,-1,-1,-1,-1,-1,nan,10.4151,10.3751,1
1221,1403715947.634057999,3.6345,3.6073,nan,-1,-1,-1,-1,-1,-1,nan,0.2459,0.2041,1
1222,1403715947.684058189,18.9554,18.9451,nan,-1,-1,-1,-1,-1,-1,nan,15.4861,15.4453,1
1223,1403715947.734058142,3.5959,3.5969,nan,-1,-1,-1,-1,-1,-1,nan,0.2575,0.2064,1
1224,1403715947.784058094,3.6328,3.6309,nan,-1,-1,-1,-1,-1,-1,nan,0.3770,0.3268,1
1225,1403715947.834058046,3.6633,3.6669,nan,-1,-1,-1,-1,-1,-1,nan,0.4004,0.3544,1
1226,1403715947.884058237,13.3280,13.3197,nan,-1,-1,-1,-1,-1,-1,nan,10.0177,9.9715,1
1227,1403715947.934058189,13.1930,13.1808,nan,-1,-1,-1,-1,-1,-1,nan,9.8098,9.7813,1
1228,1403715947.984058142,13.6665,13.6700,nan,-1,-1,-1,-1,-1,-1,nan,10.6176,10.5580,1
1229,1403715948.034058094,3.6056,3.6093,nan,-1,-1,-1,-1,-1,-1,nan,0.4187,0.3705,1
1230,1403715948.084058285,3.8486,3.8473,nan,-1,-1,-1,-1,-1,-1,nan,0.5529,0.5086,1
1231,1403715948.134057999,4.2721,4.2375,nan,-1,-1,-1,-1,-1,-1,nan,0.7383,0.6775,1
1232,1403715948.184058189,13.7645,13.7642,nan,-1,-1,-1,-1,-1,-1,nan,10.5523,10.4971,1
1233,1403715948.234058142,3.7890,3.7815,nan,-1,-1,-1,-1,-1,-1,nan,0.4670,0.4045,1
1234,1403715948.284058094,4.0127,4.0068,nan,-1,-1,-1,-1,-1,-1,nan,0.7234,0.6668,1
1235,1403715948.334058046,4.2652,4.2594,nan,-1,-1,-1,-1,-1,-1,nan,0.9213,0.8672,1
1236,1403715948.384058237,14.6484,14.6482,nan,-1,-1,-1,-1,-1,-1,nan,10.9958,10.9422,1
1237,1403715948.434058189,4.0688,4.0386,nan,-1,-1,-1,-1,-1,-1,nan,0.4111,0.3555,1
1238,1403715948.484058142,4.2299,4.2183,nan,-1,-1,-1,-1,-1,-1,nan,0.5130,0.4636,1
1239,1403715948.534058094,4.3800,4.3784,nan,-1,-1,-1,-1,-1,-1,nan,0.6200,0.5763,1
1240,1403715948.584058285,13.9058,13.9099,nan,-1,-1,-1,-1,-1,-1,nan,10.6290,10.5795,1
1241,1403715948.634057999,3.5608,3.5569,nan,-1,-1,-1,-1,-1,-1,nan,0.2475,0.1994,1
1242,1403715948.684058189,3.6649,3.6688,nan,-1,-1,-1,-1,-1,-1,nan,0.3808,0.3427,1
1243,1403715948.734058142,25.7289,23.8588,nan,-1,-1,-1,-1,-1,-1,nan,22.3202,22.2742,1
1244,1403715948.784058094,22.9412,21.5001,nan,-1,-1,-1,-1,-1,-1,nan,12.6155,12.5617,1
1245,1403715948.834058046,14.3699,14.2335,nan,-1,-1,-1,-1,-1,-1,nan,10.9930,10.9526,1
1246,1403715948.884058237,14.5770,14.5782,nan,-1,-1,-1,-1,-1,-1,nan,11.4655,11.4126,1
1247,1403715948.934058189,3.5208,3.4777,nan,-1,-1,-1,-1,-1,-1,nan,0.3469,0.3007,1
1248,1403715948.984058142,14.5043,14.5039,nan,-1,-1,-1,-1,-1,-1,nan,11.3053,11.2733,1
1249,1403715949.034058094,15.2239,15.2275,nan,-1,-1,-1,-1,-1,-1,nan,12.0727,12.0193,1
1250,1403715949.084058285,3.5152,3.5155,nan,-1,-1,-1,-1,-1,-1,nan,0.3633,0.3090,1
1251,1403715949.134057999,15.3692,15.3198,nan,-1,-1,-1,-1,-1,-1,nan,11.8020,11.7633,1
1252,1403715949.184058189,15.2039,15.1262,nan,-1,-1,-1,-1,-1,-1,nan,11.5655,11.5169,1
1253,1403715949.234058142,3.3678,3.3468,nan,-1,-1,-1,-1,-1,-1,nan,0.2821,0.2437,1
1254,1403715949.284058094,14.5548,14.5435,nan,-1,-1,-1,-1,-1,-1,nan,11.4263,11.3925,1
1255,1403715949.334058046,15.2081,15.0616,nan,-1,-1,-1,-1,-1,-1,nan,11.0564,11.0210,1
1256,1403715949.384058237,3.7728,3.7660,nan,-1,-1,-1,-1,-1,-1,nan,0.2646,0.2260,1
1257,1403715949.434058189,14.5713,14.5621,nan,-1,-1,-1,-1,-1,-1,nan,11.1710,11.1420,1
1258,1403715949.484058142,14.6301,14.6176,nan,-1,-1,-1,-1,-1,-1,nan,11.3580,11.3064,1
1259,1403715949.534058094,3.4548,3.4546,nan,-1,-1,-1,-1,-1,-1,nan,0.2818,0.2409,1
1260,1403715949.584058285,3.7602,3.7586,nan,-1,-1,-1,-1,-1,-1,nan,0.4237,0.3900,1
1261,1403715949.634057999,3.8072,3.8053,nan,-1,-1,-1,-1,-1,-1,nan,0.5350,0.4858,1
1262,1403715949.684058189,39.2273,39.2152,nan,-1,-1,-1,-1,-1,-1,nan,35.9367,35.8971,1
1263,1403715949.734058142,3.6518,3.6445,nan,-1,-1,-1,-1,-1,-1,nan,0.3555,0.3058,1
1264,1403715949.784058094,3.7824,3.7833,nan,-1,-1,-1,-1,-1,-1,nan,0.5083,0.4380,1
1265,1403715949.834058046,3.9194,3.9177,nan,-1,-1,-1,-1,-1,-1,nan,0.6216,0.5624,1
1266,1403715949.884058237,14.6690,14.6586,nan,-1,-1,-1,-1,-1,-1,nan,11.2705,11.2195,1
1267,1403715949.934058189,3.6302,3.6340,nan,-1,-1,-1,-1,-1,-1,nan,0.3424,0.2878,1
1268,1403715949.984058142,3.8191,3.8130,nan,-1,-1,-1,-1,-1,-1,nan,0.4512,0.4014,1
1269,1403715950.034058094,4.0545,4.0466,nan,-1,-1,-1,-1,-1,-1,nan,0.5445,0.4985,1
1270,1403715950.084058285,14.9321,14.9288,nan,-1,-1,-1,-1,-1,-1,nan,11.3786,11.3271,1
1271,1403715950.134057999,14.2923,14.2854,nan,-1,-1,-1,-1,-1,-1,nan,10.6666,10.6086,1
1272,1403715950.184058189,3.7878,3.7823,nan,-1,-1,-1,-1,-1,-1,nan,0.2475,0.1988,1
1273,1403715950.234058142,3.8594,3.8411,nan,-1,-1,-1,-1,-1,-1,nan,0.3708,0.3257,1
1274,1403715950.284058094,13.9648,13.9660,nan,-1,-1,-1,-1,-1,-1,nan,10.6280,10.5867,1
1275,1403715950.334058046,14.0083,14.0082,nan,-1,-1,-1,-1,-1,-1,nan,10.5915,10.5467,1
1276,1403715950.384058237,3.7401,3.7260,nan,-1,-1,-1,-1,-1,-1,nan,0.2392,0.1977,1
1277,1403715950.434058189,14.5574,14.4905,nan,-1,-1,-1,-1,-1,-1,nan,10.8775,10.8322,1
1278,1403715950.484058142,14.7438,14.7108,nan,-1,-1,-1,-1,-1,-1,nan,11.0035,10.9636,1
1279,1403715950.534058094,14.8939,14.8078,nan,-1,-1,-1,-1,-1,-1,nan,11.2753,11.2181,1
1280,1403715950.584058285,3.7686,3.7665,nan,-1,-1,-1,-1,-1,-1,nan,0.2953,0.2433,1
1281,1403715950.634057999,14.4577,14.3852,nan,-1,-1,-1,-1,-1,-1,nan,10.7603,10.7250,1
1282,1403715950.684058189,15.0672,15.0671,nan,-1,-1,-1,-1,-1,-1,nan,11.6849,11.6094,1
1283,1403715950.734058142,3.7011,3.6630,nan,-1,-1,-1,-1,-1,-1,nan,0.3862,0.3356,1
1284,1403715950.784058094,15.0467,14.9680,nan,-1,-1,-1,-1,-1,-1,nan,11.2029,11.1694,1
1285,1403715950.834058046,18.0431,18.0470,nan,-1,-1,-1,-1,-1,-1,nan,14.6269,14.5760,1
1286,1403715950.884058237,3.9986,3.9993,nan,-1,-1,-1,-1,-1,-1,nan,0.3440,0.2953,1
1287,1403715950.934058189,14.5357,14.5353,nan,-1,-1,-1,-1,-1,-1,nan,11.0746,11.0445,1
1288,1403715950.984058142,13.6752,13.6790,nan,-1,-1,-1,-1,-1,-1,nan,11.0349,11.0027,1
1289,1403715951.034058094,3.0227,3.0192,nan,-1,-1,-1,-1,-1,-1,nan,0.2728,0.2425,1
1290,1403715951.084058285,14.2142,14.2126,nan,-1,-1,-1,-1,-1,-1,nan,11.3168,11.2845,1
1291,1403715951.134057999,13.9604,13.9446,nan,-1,-1,-1,-1,-1,-1,nan,11.1453,11.1100,1
1292,1403715951.184058189,14.4648,14.4659,nan,-1,-1,-1,-1,-1,-1,nan,11.2883,11.2437,1
1293,1403715951.234058142,3.5116,3.5151,nan,-1,-1,-1,-1,-1,-1,nan,0.2831,0.2395,1
1294,1403715951.284058094,14.6468,14.6452,nan,-1,-1,-1,-1,-1,-1,nan,11.3887,11.3440,1
1295,1403715951.334058046,3.6152,3.6090,nan,-1,-1,-1,-1,-1,-1,nan,0.3002,0.2587,1
1296,1403715951.384058237,14.6923,14.6824,nan,-1,-1,-1,-1,-1,-1,nan,11.1895,11.1577,1
1297,1403715951.434058189,14.4102,14.3504,nan,-1,-1,-1,-1,-1,-1,nan,10.8804,10.8257,1
1298,1403715951.484058142,4.0723,4.0359,nan,-1,-1,-1,-1,-1,-1,nan,0.3716,0.3195,1
1299,1403715951.534058094,4.3250,4.3236,nan,-1,-1,-1,-1,-1,-1,nan,0.5228,0.4700,1
1300,1403715951.584058285,4.7104,4.5658,nan,-1,-1,-1,-1,-1,-1,nan,0.6522,0.5939,1
1301,1403715951.634057999,14.6765,14.6382,nan,-1,-1,-1,-1,-1,-1,nan,10.9515,10.8926,1
1302,1403715951.684058189,3.8500,3.8479,nan,-1,-1,-1,-1,-1,-1,nan,0.4183,0.3652,1
1303,1403715951.734058142,4.2414,4.1854,nan,-1,-1,-1,-1,-1,-1,nan,0.5407,0.4865,1
1304,1403715951.784058094,4.2702,4.2717,nan,-1,-1,-1,-1,-1,-1,nan,0.7057,0.6432,1
1305,1403715951.834058046,37.6936,37.5433,nan,-1,-1,-1,-1,-1,-1,nan,33.9434,33.8888,1
1306,1403715951.884058237,4.2152,4.2189,nan,-1,-1,-1,-1,-1,-1,nan,0.3272,0.2860,1
1307,1403715951.934058189,4.2783,4.2740,nan,-1,-1,-1,-1,-1,-1,nan,0.4045,0.3612,1
1308,1403715951.984058142,4.4464,4.4477,nan,-1,-1,-1,-1,-1,-1,nan,0.5021,0.4613,1
1309,1403715952.034058094,27.8318,27.8328,nan,-1,-1,-1,-1,-1,-1,nan,24.2113,24.1793,1
1310,1403715952.084058285,13.7227,13.7216,nan,-1,-1,-1,-1,-1,-1,nan,10.2484,10.2118,1
1311,1403715952.134057999,27.8783,27.8698,nan,-1,-1,-1,-1,-1,-1,nan,24.0905,24.0581,1
1312,1403715952.184058189,13.8102,13.7971,nan,-1,-1,-1,-1,-1,-1,nan,10.2129,10.1815,1
1313,1403715952.234058142,13.5115,13.5141,nan,-1,-1,-1,-1,-1,-1,nan,10.1870,10.1473,1
1314,1403715952.284058094,13.8050,13.7768,nan,-1,-1,-1,-1,-1,-1,nan,10.1387,10.1064,1
1315,1403715952.334058046,14.1496,14.1383,nan,-1,-1,-1,-1,-1,-1,nan,10.7222,10.6830,1
1316,1403715952.384058237,3.6777,3.6563,nan,-1,-1,-1,-1,-1,-1,nan,0.2541,0.2186,1
1317,1403715952.434058189,37.5957,37.5800,nan,-1,-1,-1,-1,-1,-1,nan,34.1127,34.0858,1
1318,1403715952.484058142,14.5980,14.5704,nan,-1,-1,-1,-1,-1,-1,nan,11.1072,11.0509,1
1319,1403715952.534058094,3.5949,3.5210,nan,-1,-1,-1,-1,-1,-1,nan,0.3349,0.2897,1
1320,1403715952.584058285,14.4074,14.3872,nan,-1,-1,-1,-1,-1,-1,nan,11.0306,10.9972,1
1321,1403715952.634057999,38.9797,38.7667,nan,-1,-1,-1,-1,-1,-1,nan,35.2639,35.2042,1
1322,1403715952.684058189,3.6397,3.6367,nan,-1,-1,-1,-1,-1,-1,nan,0.3617,0.3129,1
1323,1403715952.734058142,39.2600,39.1812,nan,-1,-1,-1,-1,-1,-1,nan,35.2756,35.2368,1
1324,1403715952.784058094,39.8608,39.8345,nan,-1,-1,-1,-1,-1,-1,nan,36.4990,36.4448,1
1325,1403715952.834058046,3.6884,3.6788,nan,-1,-1,-1,-1,-1,-1,nan,0.3547,0.3065,1
1326,1403715952.884058237,4.1157,4.0569,nan,-1,-1,-1,-1,-1,-1,nan,0.4806,0.4312,1
1327,1403715952.934058189,3.9484,3.9466,nan,-1,-1,-1,-1,-1,-1,nan,0.5967,0.5595,1
1328,1403715952.984058142,13.9010,13.8921,nan,-1,-1,-1,-1,-1,-1,nan,10.6912,10.6474,1
1329,1403715953.034058094,13.5760,13.5732,nan,-1,-1,-1,-1,-1,-1,nan,10.3483,10.3207,1
1330,1403715953.084058285,25.4862,25.4788,nan,-1,-1,-1,-1,-1,-1,nan,22.3688,22.3193,1
1331,1403715953.134057999,3.5033,3.4849,nan,-1,-1,-1,-1,-1,-1,nan,0.2592,0.2210,1
1332,1403715953.184058189,38.9584,38.8932,nan,-1,-1,-1,-1,-1,-1,nan,36.0616,36.0270,1
1333,1403715953.234058142,3.4005,3.3880,nan,-1,-1,-1,-1,-1,-1,nan,0.2985,0.2597,1
1334,1403715953.284058094,3.7957,3.7938,nan,-1,-1,-1,-1,-1,-1,nan,0.3900,0.3472,1
1335,1403715953.334058046,37.4982,37.4939,nan,-1,-1,-1,-1,-1,-1,nan,34.2616,34.2222,1
1336,1403715953.384058237,3.5090,3.5125,nan,-1,-1,-1,-1,-1,-1,nan,0.2979,0.2434,1
1337,1403715953.434058189,3.6258,3.6231,nan,-1,-1,-1,-1,-1,-1,nan,0.3612,0.3148,1
1338,1403715953.484058142,13.9887,13.9256,nan,-1,-1,-1,-1,-1,-1,nan,10.4472,10.4029,1
1339,1403715953.534058094,3.6641,3.6615,nan,-1,-1,-1,-1,-1,-1,nan,0.2770,0.2330,1
1340,1403715953.584058285,3.6177,3.6166,nan,-1,-1,-1,-1,-1,-1,nan,0.4044,0.3613,1
1341,1403715953.634057999,3.8675,3.8605,nan,-1,-1,-1,-1,-1,-1,nan,0.5201,0.4738,1
1342,1403715953.684058189,13.7463,13.7468,nan,-1,-1,-1,-1,-1,-1,nan,10.5274,10.4723,1
1343,1403715953.734058142,3.4619,3.4642,nan,-1,-1,-1,-1,-1,-1,nan,0.3582,0.2982,1
1344,1403715953.784058094,13.2205,13.2159,nan,-1,-1,-1,-1,-1,-1,nan,9.7970,9.7661,1
1345,1403715953.834058046,14.0763,14.0835,nan,-1,-1,-1,-1,-1,-1,nan,10.7791,10.7050,1
1346,1403715953.884058237,4.1901,4.1880,nan,-1,-1,-1,-1,-1,-1,nan,0.4143,0.3670,1
1347,1403715953.934058189,4.8904,4.7540,nan,-1,-1,-1,-1,-1,-1,nan,0.6702,0.6169,1
1348,1403715953.984058142,4.8045,4.7986,nan,-1,-1,-1,-1,-1,-1,nan,0.7906,0.7365,1
1349,1403715954.034058094,15.0043,14.8121,nan,-1,-1,-1,-1,-1,-1,nan,11.0064,10.9548,1
1350,1403715954.084058285,14.7755,14.7462,nan,-1,-1,-1,-1,-1,-1,nan,10.8448,10.8030,1
1351,1403715954.134057999,14.8955,14.8028,nan,-1,-1,-1,-1,-1,-1,nan,10.7396,10.6971,1
1352,1403715954.184058189,14.4277,14.4283,nan,-1,-1,-1,-1,-1,-1,nan,10.7460,10.6966,1
1353,1403715954.234058142,14.1153,14.0979,nan,-1,-1,-1,-1,-1,-1,nan,10.3234,10.2847,1
1354,1403715954.284058094,14.2395,14.2000,nan,-1,-1,-1,-1,-1,-1,nan,10.6536,10.6146,1
1355,1403715954.334058046,14.0307,14.0246,nan,-1,-1,-1,-1,-1,-1,nan,10.6149,10.5676,1
1356,1403715954.384058237,14.5476,14.5299,nan,-1,-1,-1,-1,-1,-1,nan,11.1282,11.0844,1
1357,1403715954.434058189,3.5792,3.5609,nan,-1,-1,-1,-1,-1,-1,nan,0.2609,0.2168,1
1358,1403715954.484058142,3.5045,3.5026,nan,-1,-1,-1,-1,-1,-1,nan,0.4159,0.3725,1
1359,1403715954.534058094,14.5661,14.5436,nan,-1,-1,-1,-1,-1,-1,nan,11.3252,11.2942,1
1360,1403715954.584058285,3.4325,3.4179,nan,-1,-1,-1,-1,-1,-1,nan,0.2603,0.2103,1
1361,1403715954.634057999,13.9202,13.8918,nan,-1,-1,-1,-1,-1,-1,nan,10.6035,10.5602,1
1362,1403715954.684058189,3.5786,3.5717,nan,-1,-1,-1,-1,-1,-1,nan,0.2931,0.2532,1
1363,1403715954.734058142,3.3994,3.3992,nan,-1,-1,-1,-1,-1,-1,nan,0.4437,0.3857,1
1364,1403715954.784058094,3.7790,3.7723,nan,-1,-1,-1,-1,-1,-1,nan,0.5571,0.5132,1
1365,1403715954.834058046,13.7580,13.6908,nan,-1,-1,-1,-1,-1,-1,nan,10.7253,10.6843,1
1366,1403715954.884058237,3.4605,3.4521,nan,-1,-1,-1,-1,-1,-1,nan,0.3149,0.2667,1
1367,1403715954.934058189,3.3692,3.3690,nan,-1,-1,-1,-1,-1,-1,nan,0.3827,0.3439,1
1368,1403715954.984058142,3.5408,3.5372,nan,-1,-1,-1,-1,-1,-1,nan,0.4579,0.4198,1
1369,1403715955.034058094,13.9828,13.9252,nan,-1,-1,-1,-1,-1,-1,nan,10.6934,10.6456,1
1370,1403715955.084058285,3.3608,3.3569,nan,-1,-1,-1,-1,-1,-1,nan,0.2875,0.2411,1
1371,1403715955.134057999,13.7428,13.7189,nan,-1,-1,-1,-1,-1,-1,nan,10.6282,10.5884,1
1372,1403715955.184058189,14.0622,14.0613,nan,-1,-1,-1,-1,-1,-1,nan,10.7949,10.7538,1
1373,1403715955.234058142,14.6695,14.6600,nan,-1,-1,-1,-1,-1,-1,nan,11.3957,11.3489,1
1374,1403715955.284058094,14.1305,14.1295,nan,-1,-1,-1,-1,-1,-1,nan,10.6660,10.6205,1
1375,1403715955.334058046,25.7721,25.7717,nan,-1,-1,-1,-1,-1,-1,nan,22.3968,22.3477,1
1376,1403715955.384058237,3.6752,3.6760,nan,-1,-1,-1,-1,-1,-1,nan,0.2722,0.2202,1
1377,1403715955.434058189,29.6572,29.6525,nan,-1,-1,-1,-1,-1,-1,nan,25.7451,25.7160,1
1378,1403715955.484058142,18.6436,18.6180,nan,-1,-1,-1,-1,-1,-1,nan,14.6080,14.5417,1
1379,1403715955.534058094,4.3309,4.3297,nan,-1,-1,-1,-1,-1,-1,nan,0.3511,0.3029,1
1380,1403715955.584058285,4.4130,4.4131,nan,-1,-1,-1,-1,-1,-1,nan,0.5509,0.5026,1
1381,1403715955.634057999,4.4410,4.4076,nan,-1,-1,-1,-1,-1,-1,nan,0.6967,0.6453,1
1382,1403715955.684058189,14.5263,14.5301,nan,-1,-1,-1,-1,-1,-1,nan,11.0885,11.0349,1
1383,1403715955.734058142,4.4016,4.3831,nan,-1,-1,-1,-1,-1,-1,nan,0.3838,0.3317,1
1384,1403715955.784058094,4.5421,4.5124,nan,-1,-1,-1,-1,-1,-1,nan,0.4890,0.4427,1
1385,1403715955.834058046,4.7087,4.7043,nan,-1,-1,-1,-1,-1,-1,nan,0.6079,0.5697,1
1386,1403715955.884058237,15.2392,15.1964,nan,-1,-1,-1,-1,-1,-1,nan,10.8523,10.8234,1
1387,1403715955.934058189,14.2731,14.2736,nan,-1,-1,-1,-1,-1,-1,nan,11.1572,11.1202,1
1388,1403715955.984058142,3.4482,3.4503,nan,-1,-1,-1,-1,-1,-1,nan,0.2588,0.2232,1
1389,1403715956.034058094,14.1254,14.1250,nan,-1,-1,-1,-1,-1,-1,nan,11.0740,11.0445,1
1390,1403715956.084058285,14.6011,14.5482,nan,-1,-1,-1,-1,-1,-1,nan,11.3385,11.2998,1
1391,1403715956.134057999,14.0281,14.0153,nan,-1,-1,-1,-1,-1,-1,nan,10.8513,10.8123,1
1392,1403715956.184058189,13.8225,13.7950,nan,-1,-1,-1,-1,-1,-1,nan,10.6848,10.6521,1
1393,1403715956.234058142,13.2620,13.2643,nan,-1,-1,-1,-1,-1,-1,nan,10.4813,10.4416,1
1394,1403715956.284058094,3.0278,3.0297,nan,-1,-1,-1,-1,-1,-1,nan,0.2803,0.2472,1
1395,1403715956.334058046,3.1230,3.1242,nan,-1,-1,-1,-1,-1,-1,nan,0.3603,0.3365,1
1396,1403715956.384058237,19.5381,19.5355,nan,-1,-1,-1,-1,-1,-1,nan,16.7932,16.7607,1
1397,1403715956.434058189,3.3268,3.3151,nan,-1,-1,-1,-1,-1,-1,nan,0.2815,0.2466,1
1398,1403715956.484058142,3.2612,3.2680,nan,-1,-1,-1,-1,-1,-1,nan,0.3511,0.3215,1
1399,1403715956.534058094,3.8668,3.7982,nan,-1,-1,-1,-1,-1,-1,nan,0.5098,0.4707,1
1400,1403715956.584058285,13.4339,13.4183,nan,-1,-1,-1,-1,-1,-1,nan,10.4818,10.4504,1
1401,1403715956.634057999,3.1346,3.0805,nan,-1,-1,-1,-1,-1,-1,nan,0.2397,0.2096,1
1402,1403715956.684058189,2.9865,2.9862,nan,-1,-1,-1,-1,-1,-1,nan,0.3288,0.2995,1
1403,1403715956.734058142,3.2727,3.2677,nan,-1,-1,-1,-1,-1,-1,nan,0.4268,0.3949,1
1404,1403715956.784058094,13.1870,13.1905,nan,-1,-1,-1,-1,-1,-1,nan,10.3231,10.2832,1
1405,1403715956.834058046,3.0564,3.0630,nan,-1,-1,-1,-1,-1,-1,nan,0.2682,0.2328,1
1406,1403715956.884058237,3.2520,3.2530,nan,-1,-1,-1,-1,-1,-1,nan,0.3619,0.3277,1
1407,1403715956.934058189,3.7818,3.6855,nan,-1,-1,-1,-1,-1,-1,nan,0.5026,0.4608,1
1408,1403715956.984058142,13.5423,13.4716,nan,-1,-1,-1,-1,-1,-1,nan,10.2952,10.2586,1
1409,1403715957.034058094,3.3352,3.3264,nan,-1,-1,-1,-1,-1,-1,nan,0.2708,0.2292,1
1410,1403715957.084058285,3.4046,3.3972,nan,-1,-1,-1,-1,-1,-1,nan,0.3545,0.3179,1
1411,1403715957.134057999,3.4713,3.4712,nan,-1,-1,-1,-1,-1,-1,nan,0.4414,0.4048,1
1412,1403715957.184058189,13.4326,13.4325,nan,-1,-1,-1,-1,-1,-1,nan,10.2277,10.1798,1
1413,1403715957.234058142,3.4126,3.4031,nan,-1,-1,-1,-1,-1,-1,nan,0.2664,0.2235,1
1414,1403715957.284058094,3.7488,3.7066,nan,-1,-1,-1,-1,-1,-1,nan,0.3835,0.3426,1
1415,1403715957.334058046,3.4523,3.4561,nan,-1,-1,-1,-1,-1,-1,nan,0.4048,0.3696,1
1416,1403715957.384058237,13.6327,13.6364,nan,-1,-1,-1,-1,-1,-1,nan,10.0455,10.0152,1
1417,1403715957.434058189,14.2547,14.2521,nan,-1,-1,-1,-1,-1,-1,nan,10.3065,10.2608,1
1418,1403715957.484058142,3.7098,3.7073,nan,-1,-1,-1,-1,-1,-1,nan,0.2848,0.2397,1
1419,1403715957.534058094,14.2198,14.2008,nan,-1,-1,-1,-1,-1,-1,nan,10.0146,9.9870,1
1420,1403715957.584058285,14.4395,14.4429,nan,-1,-1,-1,-1,-1,-1,nan,10.4839,10.4286,1
1421,1403715957.634057999,4.2666,4.1974,nan,-1,-1,-1,-1,-1,-1,nan,0.4243,0.3701,1
1422,1403715957.684058189,4.4384,4.3997,nan,-1,-1,-1,-1,-1,-1,nan,0.5945,0.5416,1
1423,1403715957.734058142,4.5913,4.5735,nan,-1,-1,-1,-1,-1,-1,nan,0.7293,0.6833,1
1424,1403715957.784058094,31.8951,31.8988,nan,-1,-1,-1,-1,-1,-1,nan,27.6353,27.5942,1
1425,1403715957.834058046,4.5413,4.5433,nan,-1,-1,-1,-1,-1,-1,nan,0.3097,0.2684,1
1426,1403715957.884058237,4.8069,4.7858,nan,-1,-1,-1,-1,-1,-1,nan,0.4247,0.3825,1
1427,1403715957.934058189,14.4112,14.4001,nan,-1,-1,-1,-1,-1,-1,nan,10.3933,10.3519,1
1428,1403715957.984058142,13.9278,13.9264,nan,-1,-1,-1,-1,-1,-1,nan,10.3537,10.3183,1
1429,1403715958.034058094,14.8027,14.7120,nan,-1,-1,-1,-1,-1,-1,nan,10.9120,10.8594,1
1430,1403715958.084058285,4.3267,4.2560,nan,-1,-1,-1,-1,-1,-1,nan,0.3084,0.2663,1
1431,1403715958.134057999,15.0951,15.0161,nan,-1,-1,-1,-1,-1,-1,nan,11.0119,10.9748,1
1432,1403715958.184058189,3.6355,3.5813,nan,-1,-1,-1,-1,-1,-1,nan,0.2750,0.2305,1
1433,1403715958.234058142,3.6160,3.6070,nan,-1,-1,-1,-1,-1,-1,nan,0.4139,0.3678,1
1434,1403715958.284058094,14.0675,14.0581,nan,-1,-1,-1,-1,-1,-1,nan,10.9694,10.9333,1
1435,1403715958.334058046,3.3573,3.3288,nan,-1,-1,-1,-1,-1,-1,nan,0.2871,0.2469,1
1436,1403715958.384058237,3.5042,3.4685,nan,-1,-1,-1,-1,-1,-1,nan,0.3973,0.3610,1
1437,1403715958.434058189,14.3584,14.3430,nan,-1,-1,-1,-1,-1,-1,nan,10.9974,10.9660,1
1438,1403715958.484058142,14.6477,14.5944,nan,-1,-1,-1,-1,-1,-1,nan,11.3775,11.3328,1
1439,1403715958.534058094,3.2664,3.2608,nan,-1,-1,-1,-1,-1,-1,nan,0.2784,0.2355,1
1440,1403715958.584058285,3.4883,3.4705,nan,-1,-1,-1,-1,-1,-1,nan,0.4088,0.3776,1
1441,1403715958.634057999,3.4988,3.4855,nan,-1,-1,-1,-1,-1,-1,nan,0.6038,0.5625,1
1442,1403715958.684058189,15.0515,14.9841,nan,-1,-1,-1,-1,-1,-1,nan,12.1422,12.0980,1
1443,1403715958.734058142,4.0963,4.0642,nan,-1,-1,-1,-1,-1,-1,nan,0.3020,0.2627,1
1444,1403715958.784058094,14.0104,13.9928,nan,-1,-1,-1,-1,-1,-1,nan,10.9334,10.8972,1
1445,1403715958.834058046,14.1187,14.0703,nan,-1,-1,-1,-1,-1,-1,nan,10.7445,10.7035,1
1446,1403715958.884058237,13.4779,13.4815,nan,-1,-1,-1,-1,-1,-1,nan,10.3379,10.2988,1
1447,1403715958.934058189,13.9771,13.9378,nan,-1,-1,-1,-1,-1,-1,nan,10.6173,10.5821,1
1448,1403715958.984058142,13.3413,13.3450,nan,-1,-1,-1,-1,-1,-1,nan,10.2677,10.2320,1
1449,1403715959.034058094,36.6074,36.6027,nan,-1,-1,-1,-1,-1,-1,nan,33.3740,33.3331,1
1450,1403715959.084058285,3.4881,3.4901,nan,-1,-1,-1,-1,-1,-1,nan,0.2317,0.1907,1
1451,1403715959.134057999,14.3096,14.2973,nan,-1,-1,-1,-1,-1,-1,nan,10.9116,10.8629,1
1452,1403715959.184058189,3.8046,3.8083,nan,-1,-1,-1,-1,-1,-1,nan,0.3297,0.2849,1
1453,1403715959.234058142,3.9867,3.9904,nan,-1,-1,-1,-1,-1,-1,nan,0.4368,0.3845,1
1454,1403715959.284058094,4.3018,4.2342,nan,-1,-1,-1,-1,-1,-1,nan,0.6083,0.5533,1
1455,1403715959.334058046,15.0060,14.9495,nan,-1,-1,-1,-1,-1,-1,nan,10.8611,10.8154,1
1456,1403715959.384058237,3.8770,3.8711,nan,-1,-1,-1,-1,-1,-1,nan,0.2806,0.2359,1
1457,1403715959.434058189,14.3586,14.3610,nan,-1,-1,-1,-1,-1,-1,nan,11.0485,10.9996,1
1458,1403715959.484058142,14.6985,14.6992,nan,-1,-1,-1,-1,-1,-1,nan,10.5710,10.5389,1
1459,1403715959.534058094,4.4030,4.3939,nan,-1,-1,-1,-1,-1,-1,nan,0.2978,0.2298,1
1460,1403715959.584058285,15.0220,15.0175,nan,-1,-1,-1,-1,-1,-1,nan,11.0755,11.0146,1
1461,1403715959.634057999,4.5626,4.5476,nan,-1,-1,-1,-1,-1,-1,nan,0.5012,0.4440,1
1462,1403715959.684058189,4.8212,4.8215,nan,-1,-1,-1,-1,-1,-1,nan,0.7134,0.6558,1
1463,1403715959.734058142,5.2334,5.2373,nan,-1,-1,-1,-1,-1,-1,nan,0.8504,0.7905,1
1464,1403715959.784058094,15.4515,15.4555,nan,-1,-1,-1,-1,-1,-1,nan,11.3105,11.2549,1
1465,1403715959.834058046,4.3878,4.3914,nan,-1,-1,-1,-1,-1,-1,nan,0.3094,0.2527,1
1466,1403715959.884058237,15.3008,15.2989,nan,-1,-1,-1,-1,-1,-1,nan,11.2797,11.2287,1
1467,1403715959.934058189,15.4580,15.3596,nan,-1,-1,-1,-1,-1,-1,nan,11.0188,10.9776,1
1468,1403715959.984058142,14.8547,14.8431,nan,-1,-1,-1,-1,-1,-1,nan,11.1680,11.1135,1
1469,1403715960.034058094,3.8765,3.8681,nan,-1,-1,-1,-1,-1,-1,nan,0.3107,0.2660,1
1470,1403715960.084058285,14.3999,14.4037,nan,-1,-1,-1,-1,-1,-1,nan,11.0353,10.9968,1
1471,1403715960.134057999,14.5239,14.5130,nan,-1,-1,-1,-1,-1,-1,nan,11.2040,11.1568,1
1472,1403715960.184058189,3.5552,3.5508,nan,-1,-1,-1,-1,-1,-1,nan,0.3450,0.2955,1
1473,1403715960.234058142,14.4367,14.4146,nan,-1,-1,-1,-1,-1,-1,nan,11.1771,11.1389,1
1474,1403715960.284058094,14.2813,14.2340,nan,-1,-1,-1,-1,-1,-1,nan,11.3523,11.3105,1
1475,1403715960.334058046,3.1655,3.1691,nan,-1,-1,-1,-1,-1,-1,nan,0.3167,0.2794,1
1476,1403715960.384058237,3.7094,3.6519,nan,-1,-1,-1,-1,-1,-1,nan,0.4208,0.3895,1
1477,1403715960.434058189,3.5477,3.5312,nan,-1,-1,-1,-1,-1,-1,nan,0.5655,0.5265,1
1478,1403715960.484058142,14.2165,14.2202,nan,-1,-1,-1,-1,-1,-1,nan,11.4757,11.4435,1
1479,1403715960.534058094,3.1064,3.1099,nan,-1,-1,-1,-1,-1,-1,nan,0.2640,0.2349,1
1480,1403715960.584058285,3.2105,3.1990,nan,-1,-1,-1,-1,-1,-1,nan,0.3862,0.3571,1
1481,1403715960.634057999,3.4969,3.5007,nan,-1,-1,-1,-1,-1,-1,nan,0.4579,0.4302,1
1482,1403715960.684058189,13.6821,13.6816,nan,-1,-1,-1,-1,-1,-1,nan,10.5897,10.5619,1
1483,1403715960.734058142,3.3955,3.3860,nan,-1,-1,-1,-1,-1,-1,nan,0.2313,0.1973,1
1484,1403715960.784058094,3.5315,3.5352,nan,-1,-1,-1,-1,-1,-1,nan,0.3565,0.3212,1
1485,1403715960.834058046,3.7822,3.7407,nan,-1,-1,-1,-1,-1,-1,nan,0.4666,0.4251,1
1486,1403715960.884058237,13.7562,13.7515,nan,-1,-1,-1,-1,-1,-1,nan,10.4996,10.4641,1
1487,1403715960.934058189,3.4644,3.4575,nan,-1,-1,-1,-1,-1,-1,nan,0.2667,0.2310,1
1488,1403715960.984058142,3.6580,3.6616,nan,-1,-1,-1,-1,-1,-1,nan,0.3261,0.2974,1
1489,1403715961.034058094,4.0676,4.0143,nan,-1,-1,-1,-1,-1,-1,nan,0.4749,0.4294,1
1490,1403715961.084058285,13.8442,13.8325,nan,-1,-1,-1,-1,-1,-1,nan,10.6309,10.5827,1
1491,1403715961.134057999,4.1255,4.0288,nan,-1,-1,-1,-1,-1,-1,nan,0.3039,0.2552,1
1492,1403715961.184058189,3.7524,3.7480,nan,-1,-1,-1,-1,-1,-1,nan,0.3442,0.2892,1
1493,1403715961.234058142,3.9838,3.9682,nan,-1,-1,-1,-1,-1,-1,nan,0.4365,0.3840,1
1494,1403715961.284058094,14.4656,14.4587,nan,-1,-1,-1,-1,-1,-1,nan,10.5110,10.4658,1
1495,1403715961.334058046,3.9800,3.9350,nan,-1,-1,-1,-1,-1,-1,nan,0.3011,0.2465,1
1496,1403715961.384058237,4.5812,4.5685,nan,-1,-1,-1,-1,-1,-1,nan,0.3685,0.3194,1
1497,1403715961.434058189,4.2139,4.2077,nan,-1,-1,-1,-1,-1,-1,nan,0.4350,0.3932,1
1498,1403715961.484058142,13.9670,13.9525,nan,-1,-1,-1,-1,-1,-1,nan,10.1734,10.1314,1
1499,1403715961.534058094,4.1919,4.1862,nan,-1,-1,-1,-1,-1,-1,nan,0.2450,0.2029,1
1500,1403715961.584058285,13.5826,13.5602,nan,-1,-1,-1,-1,-1,-1,nan,10.0777,10.0410,1
1501,1403715961.634057999,13.6224,13.6222,nan,-1,-1,-1,-1,-1,-1,nan,10.0871,10.0438,1
1502,1403715961.684058189,3.4970,3.4969,nan,-1,-1,-1,-1,-1,-1,nan,0.2510,0.2102,1
1503,1403715961.734058142,13.5422,13.4747,nan,-1,-1,-1,-1,-1,-1,nan,9.9368,9.9019,1
1504,1403715961.784058094,13.4365,13.4335,nan,-1,-1,-1,-1,-1,-1,nan,10.0992,10.0450,1
1505,1403715961.834058046,3.7129,3.6916,nan,-1,-1,-1,-1,-1,-1,nan,0.2714,0.2334,1
1506,1403715961.884058237,13.0257,13.0097,nan,-1,-1,-1,-1,-1,-1,nan,9.7901,9.7588,1
1507,1403715961.934058189,13.0960,13.0649,nan,-1,-1,-1,-1,-1,-1,nan,9.9047,9.8695,1
1508,1403715961.984058142,3.6853,3.6658,nan,-1,-1,-1,-1,-1,-1,nan,0.2466,0.2131,1
1509,1403715962.034058094,16.1438,16.1095,nan,-1,-1,-1,-1,-1,-1,nan,12.7431,12.7152,1
1510,1403715962.084058285,13.5246,13.5186,nan,-1,-1,-1,-1,-1,-1,nan,10.2486,10.2212,1
1511,1403715962.134057999,13.2849,13.2786,nan,-1,-1,-1,-1,-1,-1,nan,10.1671,10.1377,1
1512,1403715962.184058189,36.1828,36.1833,nan,-1,-1,-1,-1,-1,-1,nan,33.2463,33.2168,1
1513,1403715962.234058142,3.1618,3.1584,nan,-1,-1,-1,-1,-1,-1,nan,0.2574,0.2230,1
1514,1403715962.284058094,13.4534,13.4314,nan,-1,-1,-1,-1,-1,-1,nan,10.4800,10.4397,1
1515,1403715962.334058046,3.2577,3.2593,nan,-1,-1,-1,-1,-1,-1,nan,0.2341,0.2060,1
1516,1403715962.384058237,13.7277,13.7028,nan,-1,-1,-1,-1,-1,-1,nan,10.4884,10.4577,1
1517,1403715962.434058189,13.7072,13.7029,nan,-1,-1,-1,-1,-1,-1,nan,10.5162,10.4793,1
1518,1403715962.484058142,3.7042,3.6514,nan,-1,-1,-1,-1,-1,-1,nan,0.2377,0.2030,1
1519,1403715962.534058094,13.5788,13.5328,nan,-1,-1,-1,-1,-1,-1,nan,10.2815,10.2542,1
1520,1403715962.584058285,13.3092,13.2938,nan,-1,-1,-1,-1,-1,-1,nan,10.1820,10.1558,1
1521,1403715962.634057999,13.7855,13.7665,nan,-1,-1,-1,-1,-1,-1,nan,10.1937,10.1666,1
1522,1403715962.684058189,3.5158,3.5126,nan,-1,-1,-1,-1,-1,-1,nan,0.2026,0.1722,1
1523,1403715962.734058142,13.3407,13.3445,nan,-1,-1,-1,-1,-1,-1,nan,10.2359,10.1997,1
1524,1403715962.784058094,3.6809,3.6745,nan,-1,-1,-1,-1,-1,-1,nan,0.2696,0.2345,1
1525,1403715962.834058046,3.6203,3.5974,nan,-1,-1,-1,-1,-1,-1,nan,0.4323,0.3942,1
1526,1403715962.884058237,4.1335,4.1258,nan,-1,-1,-1,-1,-1,-1,nan,0.5555,0.5183,1
1527,1403715962.934058189,13.5170,13.5145,nan,-1,-1,-1,-1,-1,-1,nan,10.3304,10.2965,1
1528,1403715962.984058142,3.4706,3.4717,nan,-1,-1,-1,-1,-1,-1,nan,0.2816,0.2429,1
1529,1403715963.034058094,3.6419,3.6385,nan,-1,-1,-1,-1,-1,-1,nan,0.3775,0.3447,1
1530,1403715963.084058285,3.7826,3.7849,nan,-1,-1,-1,-1,-1,-1,nan,0.4538,0.4250,1
1531,1403715963.134057999,33.2549,33.2519,nan,-1,-1,-1,-1,-1,-1,nan,29.4827,29.4380,1
1532,1403715963.184058189,3.6640,3.6657,nan,-1,-1,-1,-1,-1,-1,nan,0.3050,0.2658,1
1533,1403715963.234058142,4.3442,4.3323,nan,-1,-1,-1,-1,-1,-1,nan,0.3642,0.3300,1
1534,1403715963.284058094,4.1524,4.1570,nan,-1,-1,-1,-1,-1,-1,nan,0.4108,0.3620,1
1535,1403715963.334058046,13.6524,13.6501,nan,-1,-1,-1,-1,-1,-1,nan,10.0520,10.0166,1
1536,1403715963.384058237,4.2592,4.1717,nan,-1,-1,-1,-1,-1,-1,nan,0.3820,0.3164,1
1537,1403715963.434058189,4.0564,4.0476,nan,-1,-1,-1,-1,-1,-1,nan,0.4416,0.3929,1
1538,1403715963.484058142,4.4681,4.4462,nan,-1,-1,-1,-1,-1,-1,nan,0.5073,0.4600,1
1539,1403715963.534058094,14.2677,14.2682,nan,-1,-1,-1,-1,-1,-1,nan,10.3596,10.3125,1
1540,1403715963.584058285,3.7392,3.7258,nan,-1,-1,-1,-1,-1,-1,nan,0.3422,0.2920,1
1541,1403715963.634057999,3.6055,3.6040,nan,-1,-1,-1,-1,-1,-1,nan,0.3617,0.3231,1
1542,1403715963.684058189,3.9028,3.8941,nan,-1,-1,-1,-1,-1,-1,nan,0.4502,0.4039,1
1543,1403715963.734058142,13.1574,13.1346,nan,-1,-1,-1,-1,-1,-1,nan,9.9401,9.8838,1
1544,1403715963.784058094,3.4605,3.4592,nan,-1,-1,-1,-1,-1,-1,nan,0.3229,0.2740,1
1545,1403715963.834058046,3.6250,3.6242,nan,-1,-1,-1,-1,-1,-1,nan,0.3731,0.3315,1
1546,1403715963.884058237,3.7456,3.7337,nan,-1,-1,-1,-1,-1,-1,nan,0.5062,0.4475,1
1547,1403715963.934058189,13.1523,13.0722,nan,-1,-1,-1,-1,-1,-1,nan,9.9163,9.8640,1
1548,1403715963.984058142,3.6024,3.5760,nan,-1,-1,-1,-1,-1,-1,nan,0.3657,0.3151,1
1549,1403715964.034058094,3.6435,3.6340,nan,-1,-1,-1,-1,-1,-1,nan,0.4435,0.3952,1
1550,1403715964.084058285,3.6580,3.6560,nan,-1,-1,-1,-1,-1,-1,nan,0.4559,0.4150,1
1551,1403715964.134057999,12.7473,12.7418,nan,-1,-1,-1,-1,-1,-1,nan,9.5392,9.5045,1
1552,1403715964.184058189,3.5766,3.4213,nan,-1,-1,-1,-1,-1,-1,nan,0.2939,0.2402,1
1553,1403715964.234058142,3.6714,3.5744,nan,-1,-1,-1,-1,-1,-1,nan,0.3320,0.2807,1
1554,1403715964.284058094,3.9144,3.9050,nan,-1,-1,-1,-1,-1,-1,nan,0.4591,0.4039,1
1555,1403715964.334058046,21.3613,21.3612,nan,-1,-1,-1,-1,-1,-1,nan,17.8285,17.7785,1
1556,1403715964.384058237,12.6493,12.6553,nan,-1,-1,-1,-1,-1,-1,nan,9.2643,9.2111,1
1557,1403715964.434058189,12.4679,12.4672,nan,-1,-1,-1,-1,-1,-1,nan,9.1590,9.1082,1
1558,1403715964.484058142,12.1051,12.1086,nan,-1,-1,-1,-1,-1,-1,nan,8.9061,8.8524,1
1559,1403715964.534058094,3.7498,3.7396,nan,-1,-1,-1,-1,-1,-1,nan,0.2373,0.1862,1
1560,1403715964.584058285,3.9586,3.9213,nan,-1,-1,-1,-1,-1,-1,nan,0.3701,0.3170,1
1561,1403715964.634057999,4.1063,4.0754,nan,-1,-1,-1,-1,-1,-1,nan,0.5845,0.5202,1
1562,1403715964.684058189,12.3707,12.3742,nan,-1,-1,-1,-1,-1,-1,nan,9.0807,9.0267,1
1563,1403715964.734058142,3.5622,3.5483,nan,-1,-1,-1,-1,-1,-1,nan,0.2818,0.2290,1
1564,1403715964.784058094,4.1652,4.0660,nan,-1,-1,-1,-1,-1,-1,nan,0.3918,0.3341,1
1565,1403715964.834058046,3.8587,3.8530,nan,-1,-1,-1,-1,-1,-1,nan,0.5549,0.5052,1
1566,1403715964.884058237,12.3873,12.3912,nan,-1,-1,-1,-1,-1,-1,nan,9.1180,9.0689,1
1567,1403715964.934058189,12.9127,12.8878,nan,-1,-1,-1,-1,-1,-1,nan,9.5030,9.4166,1
1568,1403715964.984058142,3.5329,3.5366,nan,-1,-1,-1,-1,-1,-1,nan,0.3044,0.2462,1
1569,1403715965.034058094,4.0218,3.9217,nan,-1,-1,-1,-1,-1,-1,nan,0.5069,0.4424,1
1570,1403715965.084058285,13.4259,13.4292,nan,-1,-1,-1,-1,-1,-1,nan,9.8998,9.8323,1
1571,1403715965.134057999,3.5174,3.5245,nan,-1,-1,-1,-1,-1,-1,nan,0.2977,0.2387,1
1572,1403715965.184058189,13.0489,13.0530,nan,-1,-1,-1,-1,-1,-1,nan,9.8017,9.7485,1
1573,1403715965.234058142,13.2803,13.2841,nan,-1,-1,-1,-1,-1,-1,nan,9.9937,9.9367,1
1574,1403715965.284058094,13.5626,13.5669,nan,-1,-1,-1,-1,-1,-1,nan,10.1734,10.1252,1
1575,1403715965.334058046,14.1219,14.1228,nan,-1,-1,-1,-1,-1,-1,nan,10.7642,10.7167,1
1576,1403715965.384058237,15.3392,15.2943,nan,-1,-1,-1,-1,-1,-1,nan,11.3178,11.2568,1
1577,1403715965.434058189,4.0560,3.9720,nan,-1,-1,-1,-1,-1,-1,nan,0.3035,0.2494,1
1578,1403715965.484058142,15.1427,15.1244,nan,-1,-1,-1,-1,-1,-1,nan,11.1322,11.0899,1
1579,1403715965.534058094,15.7135,15.5198,nan,-1,-1,-1,-1,-1,-1,nan,11.7712,11.6951,1
1580,1403715965.584058285,4.2899,4.2849,nan,-1,-1,-1,-1,-1,-1,nan,0.4275,0.3613,1
1581,1403715965.634057999,4.7563,4.6274,nan,-1,-1,-1,-1,-1,-1,nan,0.7017,0.6401,1
1582,1403715965.684058189,5.1596,5.1493,nan,-1,-1,-1,-1,-1,-1,nan,0.7968,0.7410,1
1583,1403715965.734058142,22.0732,22.0388,nan,-1,-1,-1,-1,-1,-1,nan,18.0080,17.9622,1
1584,1403715965.784058094,4.7382,4.6912,nan,-1,-1,-1,-1,-1,-1,nan,0.2745,0.2244,1
1585,1403715965.834058046,15.6152,15.6190,nan,-1,-1,-1,-1,-1,-1,nan,11.8200,11.7786,1
1586,1403715965.884058237,4.3454,4.2671,nan,-1,-1,-1,-1,-1,-1,nan,0.2990,0.2525,1
1587,1403715965.934058189,15.1450,15.1319,nan,-1,-1,-1,-1,-1,-1,nan,11.6021,11.5635,1
1588,1403715965.984058142,3.6881,3.6800,nan,-1,-1,-1,-1,-1,-1,nan,0.2699,0.2260,1
1589,1403715966.034058094,3.5232,3.5248,nan,-1,-1,-1,-1,-1,-1,nan,0.3781,0.3398,1
1590,1403715966.084058285,3.6883,3.6877,nan,-1,-1,-1,-1,-1,-1,nan,0.4658,0.4310,1
1591,1403715966.134057999,15.5122,15.4838,nan,-1,-1,-1,-1,-1,-1,nan,12.1316,12.0829,1
1592,1403715966.184058189,3.4610,3.4607,nan,-1,-1,-1,-1,-1,-1,nan,0.2830,0.2412,1
1593,1403715966.234058142,3.4793,3.4809,nan,-1,-1,-1,-1,-1,-1,nan,0.4065,0.3659,1
1594,1403715966.284058094,3.8753,3.8114,nan,-1,-1,-1,-1,-1,-1,nan,0.5183,0.4727,1
1595,1403715966.334058046,15.5039,15.4692,nan,-1,-1,-1,-1,-1,-1,nan,11.9626,11.9237,1
1596,1403715966.384058237,3.4466,3.4500,nan,-1,-1,-1,-1,-1,-1,nan,0.3058,0.2577,1
1597,1403715966.434058189,3.7974,3.8013,nan,-1,-1,-1,-1,-1,-1,nan,0.4033,0.3624,1
1598,1403715966.484058142,3.9587,3.9280,nan,-1,-1,-1,-1,-1,-1,nan,0.4754,0.4380,1
1599,1403715966.534058094,15.1133,15.1020,nan,-1,-1,-1,-1,-1,-1,nan,11.5037,11.4666,1
1600,1403715966.584058285,3.7698,3.7735,nan,-1,-1,-1,-1,-1,-1,nan,0.2472,0.2047,1
1601,1403715966.634057999,3.5018,3.5104,nan,-1,-1,-1,-1,-1,-1,nan,0.3339,0.2950,1
1602,1403715966.684058189,14.8213,14.8181,nan,-1,-1,-1,-1,-1,-1,nan,11.3305,11.2927,1
1603,1403715966.734058142,3.7095,3.7043,nan,-1,-1,-1,-1,-1,-1,nan,0.2965,0.2302,1
1604,1403715966.784058094,3.5841,3.5879,nan,-1,-1,-1,-1,-1,-1,nan,0.3311,0.2793,1
1605,1403715966.834058046,4.0919,4.0764,nan,-1,-1,-1,-1,-1,-1,nan,0.4663,0.4164,1
1606,1403715966.884058237,15.0183,15.0028,nan,-1,-1,-1,-1,-1,-1,nan,11.3277,11.2732,1
1607,1403715966.934058189,4.2573,4.2537,nan,-1,-1,-1,-1,-1,-1,nan,0.3850,0.3353,1
1608,1403715966.984058142,4.3827,4.3602,nan,-1,-1,-1,-1,-1,-1,nan,0.5034,0.4564,1
1609,1403715967.034058094,4.4887,4.4886,nan,-1,-1,-1,-1,-1,-1,nan,0.6134,0.5575,1
1610,1403715967.084058285,14.6698,14.6704,nan,-1,-1,-1,-1,-1,-1,nan,11.0889,11.0483,1
1611,1403715967.134057999,3.6700,3.6695,nan,-1,-1,-1,-1,-1,-1,nan,0.2733,0.2323,1
1612,1403715967.184058189,13.9657,13.9690,nan,-1,-1,-1,-1,-1,-1,nan,10.7029,10.6574,1
1613,1403715967.234058142,3.5755,3.5742,nan,-1,-1,-1,-1,-1,-1,nan,0.2438,0.2028,1
1614,1403715967.284058094,13.5405,13.5385,nan,-1,-1,-1,-1,-1,-1,nan,10.2582,10.2274,1
1615,1403715967.334058046,16.9720,16.9757,nan,-1,-1,-1,-1,-1,-1,nan,13.7016,13.6562,1
1616,1403715967.384058237,3.4413,3.4302,nan,-1,-1,-1,-1,-1,-1,nan,0.3082,0.2658,1
1617,1403715967.434058189,3.3596,3.3616,nan,-1,-1,-1,-1,-1,-1,nan,0.4275,0.3885,1
1618,1403715967.484058142,3.3282,3.3318,nan,-1,-1,-1,-1,-1,-1,nan,0.5456,0.4976,1
1619,1403715967.534058094,13.9169,13.8984,nan,-1,-1,-1,-1,-1,-1,nan,11.0140,10.9747,1
1620,1403715967.584058285,3.6398,3.5940,nan,-1,-1,-1,-1,-1,-1,nan,0.3088,0.2671,1
1621,1403715967.634057999,3.6814,3.6727,nan,-1,-1,-1,-1,-1,-1,nan,0.4586,0.4133,1
1622,1403715967.684058189,4.0873,4.0732,nan,-1,-1,-1,-1,-1,-1,nan,0.5719,0.5255,1
1623,1403715967.734058142,37.5720,37.5499,nan,-1,-1,-1,-1,-1,-1,nan,33.9470,33.9004,1
1624,1403715967.784058094,3.8215,3.8071,nan,-1,-1,-1,-1,-1,-1,nan,0.3000,0.2477,1
1625,1403715967.834058046,3.8015,3.7797,nan,-1,-1,-1,-1,-1,-1,nan,0.4137,0.3653,1
1626,1403715967.884058237,3.7024,3.6973,nan,-1,-1,-1,-1,-1,-1,nan,0.4463,0.4063,1
1627,1403715967.934058189,14.0695,14.0345,nan,-1,-1,-1,-1,-1,-1,nan,10.5184,10.4730,1
1628,1403715967.984058142,3.4334,3.4236,nan,-1,-1,-1,-1,-1,-1,nan,0.3098,0.2584,1
1629,1403715968.034058094,3.8830,3.8335,nan,-1,-1,-1,-1,-1,-1,nan,0.3719,0.3347,1
1630,1403715968.084058285,4.3024,4.2093,nan,-1,-1,-1,-1,-1,-1,nan,0.5355,0.4722,1
1631,1403715968.134057999,15.1013,15.0505,nan,-1,-1,-1,-1,-1,-1,nan,11.2251,11.1600,1
1632,1403715968.184058189,4.2503,4.1229,nan,-1,-1,-1,-1,-1,-1,nan,0.3010,0.2444,1
1633,1403715968.234058142,4.3648,4.3552,nan,-1,-1,-1,-1,-1,-1,nan,0.4483,0.3781,1
1634,1403715968.284058094,4.1079,4.1084,nan,-1,-1,-1,-1,-1,-1,nan,0.5347,0.4745,1
1635,1403715968.334058046,13.9864,13.9900,nan,-1,-1,-1,-1,-1,-1,nan,10.2664,10.2147,1
1636,1403715968.384058237,3.9648,3.9501,nan,-1,-1,-1,-1,-1,-1,nan,0.2583,0.2074,1
1637,1403715968.434058189,13.9892,13.9779,nan,-1,-1,-1,-1,-1,-1,nan,10.3683,10.3163,1
1638,1403715968.484058142,3.7685,3.7635,nan,-1,-1,-1,-1,-1,-1,nan,0.2915,0.2398,1
1639,1403715968.534058094,3.7978,3.7855,nan,-1,-1,-1,-1,-1,-1,nan,0.3664,0.3157,1
1640,1403715968.584058285,3.8049,3.7962,nan,-1,-1,-1,-1,-1,-1,nan,0.5134,0.4601,1
1641,1403715968.634057999,14.0567,13.9878,nan,-1,-1,-1,-1,-1,-1,nan,10.6575,10.6110,1
1642,1403715968.684058189,3.6260,3.6240,nan,-1,-1,-1,-1,-1,-1,nan,0.3390,0.2875,1
1643,1403715968.734058142,3.6410,3.6347,nan,-1,-1,-1,-1,-1,-1,nan,0.4115,0.3638,1
1644,1403715968.784058094,3.6900,3.6750,nan,-1,-1,-1,-1,-1,-1,nan,0.5222,0.4782,1
1645,1403715968.834058046,13.6600,13.6613,nan,-1,-1,-1,-1,-1,-1,nan,10.6642,10.6131,1
1646,1403715968.884058237,3.4421,3.4378,nan,-1,-1,-1,-1,-1,-1,nan,0.3537,0.3017,1
1647,1403715968.934058189,3.5287,3.5259,nan,-1,-1,-1,-1,-1,-1,nan,0.4435,0.3972,1
1648,1403715968.984058142,3.5607,3.5644,nan,-1,-1,-1,-1,-1,-1,nan,0.5517,0.5046,1
1649,1403715969.034058094,27.5940,27.5902,nan,-1,-1,-1,-1,-1,-1,nan,24.4844,24.4441,1
1650,1403715969.084058285,3.4904,3.4546,nan,-1,-1,-1,-1,-1,-1,nan,0.2811,0.2271,1
1651,1403715969.134057999,3.8641,3.8248,nan,-1,-1,-1,-1,-1,-1,nan,0.3650,0.3089,1
1652,1403715969.184058189,14.5535,14.5425,nan,-1,-1,-1,-1,-1,-1,nan,10.7228,10.6709,1
1653,1403715969.234058142,4.4088,4.3958,nan,-1,-1,-1,-1,-1,-1,nan,0.2655,0.2184,1
1654,1403715969.284058094,4.2543,4.2392,nan,-1,-1,-1,-1,-1,-1,nan,0.3517,0.3006,1
1655,1403715969.334058046,14.1950,14.1286,nan,-1,-1,-1,-1,-1,-1,nan,10.2342,10.1880,1
1656,1403715969.384058237,4.1562,4.0930,nan,-1,-1,-1,-1,-1,-1,nan,0.2588,0.2156,1
1657,1403715969.434058189,3.8365,3.8401,nan,-1,-1,-1,-1,-1,-1,nan,0.3522,0.2973,1
1658,1403715969.484058142,3.7785,3.7538,nan,-1,-1,-1,-1,-1,-1,nan,0.4319,0.3795,1
1659,1403715969.534058094,13.8052,13.7145,nan,-1,-1,-1,-1,-1,-1,nan,10.1729,10.1201,1
1660,1403715969.584058285,3.6850,3.6838,nan,-1,-1,-1,-1,-1,-1,nan,0.3693,0.3126,1
1661,1403715969.634057999,3.8314,3.8187,nan,-1,-1,-1,-1,-1,-1,nan,0.4610,0.4118,1
1662,1403715969.684058189,3.7955,3.7967,nan,-1,-1,-1,-1,-1,-1,nan,0.5249,0.4758,1
1663,1403715969.734058142,30.2677,30.2382,nan,-1,-1,-1,-1,-1,-1,nan,26.7581,26.7106,1
1664,1403715969.784058094,3.8417,3.8376,nan,-1,-1,-1,-1,-1,-1,nan,0.2943,0.2461,1
1665,1403715969.834058046,4.0495,4.0450,nan,-1,-1,-1,-1,-1,-1,nan,0.3898,0.3412,1
1666,1403715969.884058237,4.1842,4.1856,nan,-1,-1,-1,-1,-1,-1,nan,0.4746,0.4272,1
1667,1403715969.934058189,14.0694,14.0732,nan,-1,-1,-1,-1,-1,-1,nan,10.3597,10.3103,1
1668,1403715969.984058142,14.2507,14.2416,nan,-1,-1,-1,-1,-1,-1,nan,10.4540,10.4067,1
1669,1403715970.034058094,4.3582,4.3508,nan,-1,-1,-1,-1,-1,-1,nan,0.3860,0.3040,1
1670,1403715970.084058285,33.6839,33.6788,nan,-1,-1,-1,-1,-1,-1,nan,29.5761,29.5261,1
1671,1403715970.134057999,3.6726,3.6735,nan,-1,-1,-1,-1,-1,-1,nan,0.3006,0.2469,1
1672,1403715970.184058189,3.7863,3.7880,nan,-1,-1,-1,-1,-1,-1,nan,0.3844,0.3347,1
1673,1403715970.234058142,3.7072,3.7058,nan,-1,-1,-1,-1,-1,-1,nan,0.4974,0.4506,1
1674,1403715970.284058094,13.9534,13.9397,nan,-1,-1,-1,-1,-1,-1,nan,10.5124,10.4634,1
1675,1403715970.334058046,3.6267,3.6303,nan,-1,-1,-1,-1,-1,-1,nan,0.3484,0.2921,1
1676,1403715970.384058237,3.6901,3.6970,nan,-1,-1,-1,-1,-1,-1,nan,0.4887,0.4331,1
1677,1403715970.434058189,4.0105,3.9840,nan,-1,-1,-1,-1,-1,-1,nan,0.6323,0.5734,1
1678,1403715970.484058142,14.3557,14.3595,nan,-1,-1,-1,-1,-1,-1,nan,10.7797,10.7202,1
1679,1403715970.534058094,3.9218,3.9037,nan,-1,-1,-1,-1,-1,-1,nan,0.3857,0.3313,1
1680,1403715970.584058285,4.0513,4.0390,nan,-1,-1,-1,-1,-1,-1,nan,0.5428,0.4686,1
1681,1403715970.634057999,4.1308,4.1346,nan,-1,-1,-1,-1,-1,-1,nan,0.5895,0.5345,1
1682,1403715970.684058189,13.8610,13.8206,nan,-1,-1,-1,-1,-1,-1,nan,10.1731,10.1173,1
1683,1403715970.734058142,3.9643,3.9645,nan,-1,-1,-1,-1,-1,-1,nan,0.3253,0.2706,1
1684,1403715970.784058094,4.5534,4.5528,nan,-1,-1,-1,-1,-1,-1,nan,0.4370,0.3805,1
1685,1403715970.834058046,4.5005,4.4502,nan,-1,-1,-1,-1,-1,-1,nan,0.5295,0.4722,1
1686,1403715970.884058237,13.8490,13.8528,nan,-1,-1,-1,-1,-1,-1,nan,10.1713,10.1257,1
1687,1403715970.934058189,4.2256,4.2253,nan,-1,-1,-1,-1,-1,-1,nan,0.3043,0.2384,1
1688,1403715970.984058142,3.9934,3.9917,nan,-1,-1,-1,-1,-1,-1,nan,0.4148,0.3583,1
1689,1403715971.034058094,3.9477,3.9447,nan,-1,-1,-1,-1,-1,-1,nan,0.4805,0.4229,1
1690,1403715971.084058285,13.5098,13.4988,nan,-1,-1,-1,-1,-1,-1,nan,10.1085,10.0531,1
1691,1403715971.134057999,3.6053,3.6037,nan,-1,-1,-1,-1,-1,-1,nan,0.3249,0.2682,1
1692,1403715971.184058189,3.7841,3.7842,nan,-1,-1,-1,-1,-1,-1,nan,0.4009,0.3517,1
1693,1403715971.234058142,4.2153,4.2022,nan,-1,-1,-1,-1,-1,-1,nan,0.5447,0.4975,1
1694,1403715971.284058094,37.2727,37.2710,nan,-1,-1,-1,-1,-1,-1,nan,33.8724,33.8291,1
1695,1403715971.334058046,4.2668,4.2300,nan,-1,-1,-1,-1,-1,-1,nan,0.2481,0.1982,1
1696,1403715971.384058237,14.4371,14.4294,nan,-1,-1,-1,-1,-1,-1,nan,10.4966,10.4528,1
1697,1403715971.434058189,4.4445,4.4329,nan,-1,-1,-1,-1,-1,-1,nan,0.2697,0.2183,1
1698,1403715971.484058142,27.9851,27.9805,nan,-1,-1,-1,-1,-1,-1,nan,24.1499,24.1082,1
1699,1403715971.534058094,4.3927,4.3513,nan,-1,-1,-1,-1,-1,-1,nan,0.2624,0.2153,1
1700,1403715971.584058285,3.6824,3.6860,nan,-1,-1,-1,-1,-1,-1,nan,0.3728,0.3252,1
1701,1403715971.634057999,13.5854,13.5760,nan,-1,-1,-1,-1,-1,-1,nan,10.1384,10.0928,1
1702,1403715971.684058189,3.7543,3.7126,nan,-1,-1,-1,-1,-1,-1,nan,0.3486,0.2760,1
1703,1403715971.734058142,3.9138,3.9147,nan,-1,-1,-1,-1,-1,-1,nan,0.4054,0.3595,1
1704,1403715971.784058094,4.0092,3.9925,nan,-1,-1,-1,-1,-1,-1,nan,0.5129,0.4659,1
1705,1403715971.834058046,13.6750,13.6764,nan,-1,-1,-1,-1,-1,-1,nan,10.3414,10.2979,1
1706,1403715971.884058237,3.5827,3.5862,nan,-1,-1,-1,-1,-1,-1,nan,0.2779,0.2296,1
1707,1403715971.934058189,3.9523,3.9273,nan,-1,-1,-1,-1,-1,-1,nan,0.4386,0.3772,1
1708,1403715971.984058142,3.8293,3.8290,nan,-1,-1,-1,-1,-1,-1,nan,0.5430,0.4965,1
1709,1403715972.034058094,13.5222,13.5257,nan,-1,-1,-1,-1,-1,-1,nan,10.1605,10.1137,1
1710,1403715972.084058285,3.7400,3.7381,nan,-1,-1,-1,-1,-1,-1,nan,0.2764,0.2290,1
1711,1403715972.134057999,3.8622,3.8655,nan,-1,-1,-1,-1,-1,-1,nan,0.4452,0.3970,1
1712,1403715972.184058189,4.1232,4.1186,nan,-1,-1,-1,-1,-1,-1,nan,0.6045,0.5503,1
1713,1403715972.234058142,13.6773,13.5985,nan,-1,-1,-1,-1,-1,-1,nan,10.0477,9.9950,1
1714,1403715972.284058094,3.9997,3.9885,nan,-1,-1,-1,-1,-1,-1,nan,0.2999,0.2489,1
1715,1403715972.334058046,4.0174,3.9971,nan,-1,-1,-1,-1,-1,-1,nan,0.4443,0.3923,1
1716,1403715972.384058237,3.9593,3.9612,nan,-1,-1,-1,-1,-1,-1,nan,0.5803,0.5196,1
1717,1403715972.434058189,13.3143,13.3178,nan,-1,-1,-1,-1,-1,-1,nan,9.9928,9.9453,1
1718,1403715972.484058142,3.7685,3.7155,nan,-1,-1,-1,-1,-1,-1,nan,0.2877,0.2369,1
1719,1403715972.534058094,3.7885,3.7822,nan,-1,-1,-1,-1,-1,-1,nan,0.4175,0.3708,1
1720,1403715972.584058285,3.9265,3.9303,nan,-1,-1,-1,-1,-1,-1,nan,0.5351,0.4871,1
1721,1403715972.634057999,13.7537,13.7572,nan,-1,-1,-1,-1,-1,-1,nan,10.4145,10.3661,1
1722,1403715972.684058189,3.7786,3.7766,nan,-1,-1,-1,-1,-1,-1,nan,0.2821,0.2305,1
1723,1403715972.734058142,3.9184,3.9220,nan,-1,-1,-1,-1,-1,-1,nan,0.3969,0.3487,1
1724,1403715972.784058094,3.8990,3.8872,nan,-1,-1,-1,-1,-1,-1,nan,0.5013,0.4503,1
1725,1403715972.834058046,13.7254,13.7317,nan,-1,-1,-1,-1,-1,-1,nan,10.5615,10.5140,1
1726,1403715972.884058237,3.6958,3.6938,nan,-1,-1,-1,-1,-1,-1,nan,0.3015,0.2446,1
1727,1403715972.934058189,3.7675,3.7527,nan,-1,-1,-1,-1,-1,-1,nan,0.4056,0.3511,1
1728,1403715972.984058142,3.7819,3.7786,nan,-1,-1,-1,-1,-1,-1,nan,0.5036,0.4559,1
1729,1403715973.034058094,14.2019,14.2054,nan,-1,-1,-1,-1,-1,-1,nan,10.9706,10.9235,1
1730,1403715973.084058285,3.6575,3.6639,nan,-1,-1,-1,-1,-1,-1,nan,0.3362,0.2825,1
1731,1403715973.134057999,3.7500,3.7478,nan,-1,-1,-1,-1,-1,-1,nan,0.4355,0.3850,1
1732,1403715973.184058189,3.8881,3.8896,nan,-1,-1,-1,-1,-1,-1,nan,0.5770,0.5284,1
1733,1403715973.234058142,14.9194,14.9202,nan,-1,-1,-1,-1,-1,-1,nan,11.4834,11.4253,1
1734,1403715973.284058094,3.8701,3.8683,nan,-1,-1,-1,-1,-1,-1,nan,0.3595,0.2980,1
1735,1403715973.334058046,3.7616,3.7587,nan,-1,-1,-1,-1,-1,-1,nan,0.4554,0.4018,1
1736,1403715973.384058237,3.9463,3.9456,nan,-1,-1,-1,-1,-1,-1,nan,0.5661,0.5098,1
1737,1403715973.434058189,14.6368,14.6305,nan,-1,-1,-1,-1,-1,-1,nan,11.4017,11.3456,1
1738,1403715973.484058142,3.5983,3.5931,nan,-1,-1,-1,-1,-1,-1,nan,0.3572,0.3020,1
1739,1403715973.534058094,3.5667,3.5703,nan,-1,-1,-1,-1,-1,-1,nan,0.4653,0.4100,1
1740,1403715973.584058285,3.9148,3.9183,nan,-1,-1,-1,-1,-1,-1,nan,0.5538,0.5038,1
1741,1403715973.634057999,27.2143,27.1836,nan,-1,-1,-1,-1,-1,-1,nan,23.5470,23.4955,1
1742,1403715973.684058189,3.9660,3.9675,nan,-1,-1,-1,-1,-1,-1,nan,0.3873,0.3316,1
1743,1403715973.734058142,4.0205,4.0241,nan,-1,-1,-1,-1,-1,-1,nan,0.5022,0.4509,1
1744,1403715973.784058094,4.0389,4.0424,nan,-1,-1,-1,-1,-1,-1,nan,0.6716,0.6138,1
1745,1403715973.834058046,42.2486,42.2186,nan,-1,-1,-1,-1,-1,-1,nan,38.7261,38.6750,1
1746,1403715973.884058237,3.9460,3.9397,nan,-1,-1,-1,-1,-1,-1,nan,0.4262,0.3665,1
1747,1403715973.934058189,3.9953,3.9884,nan,-1,-1,-1,-1,-1,-1,nan,0.5589,0.5021,1
1748,1403715973.984058142,4.3542,4.2566,nan,-1,-1,-1,-1,-1,-1,nan,0.7230,0.6625,1
1749,1403715974.034058094,16.4344,16.4109,nan,-1,-1,-1,-1,-1,-1,nan,12.9166,12.8645,1
1750,1403715974.084058285,3.8394,3.8415,nan,-1,-1,-1,-1,-1,-1,nan,0.4320,0.3677,1
1751,1403715974.134057999,4.0572,4.0487,nan,-1,-1,-1,-1,-1,-1,nan,0.5519,0.4972,1
1752,1403715974.184058189,4.1875,4.1883,nan,-1,-1,-1,-1,-1,-1,nan,0.7216,0.6684,1
1753,1403715974.234058142,16.6203,16.5930,nan,-1,-1,-1,-1,-1,-1,nan,13.0959,13.0089,1
1754,1403715974.284058094,3.9048,3.8930,nan,-1,-1,-1,-1,-1,-1,nan,0.4421,0.3778,1
1755,1403715974.334058046,3.9331,3.9320,nan,-1,-1,-1,-1,-1,-1,nan,0.6420,0.5775,1
1756,1403715974.384058237,4.2116,4.1995,nan,-1,-1,-1,-1,-1,-1,nan,0.7827,0.7190,1
1757,1403715974.434058189,16.3959,16.3561,nan,-1,-1,-1,-1,-1,-1,nan,13.0298,12.9615,1
1758,1403715974.484058142,3.9105,3.9064,nan,-1,-1,-1,-1,-1,-1,nan,0.4975,0.4267,1
1759,1403715974.534058094,3.9800,3.9736,nan,-1,-1,-1,-1,-1,-1,nan,0.6500,0.5842,1
1760,1403715974.584058285,4.3966,4.3888,nan,-1,-1,-1,-1,-1,-1,nan,0.9714,0.9020,1
1761,1403715974.634057999,17.1577,17.1366,nan,-1,-1,-1,-1,-1,-1,nan,13.8003,13.7292,1
1762,1403715974.684058189,3.9045,3.9085,nan,-1,-1,-1,-1,-1,-1,nan,0.5014,0.4288,1
1763,1403715974.734058142,4.5055,4.4676,nan,-1,-1,-1,-1,-1,-1,nan,0.7231,0.6485,1
1764,1403715974.784058094,4.6530,4.6117,nan,-1,-1,-1,-1,-1,-1,nan,1.0266,0.9538,1
1765,1403715974.834058046,17.2199,17.1935,nan,-1,-1,-1,-1,-1,-1,nan,13.7572,13.6890,1
1766,1403715974.884058237,4.2988,4.2812,nan,-1,-1,-1,-1,-1,-1,nan,0.5428,0.4653,1
1767,1403715974.934058189,4.1292,4.1311,nan,-1,-1,-1,-1,-1,-1,nan,0.7067,0.6371,1
1768,1403715974.984058142,4.5718,4.5496,nan,-1,-1,-1,-1,-1,-1,nan,1.0435,0.9718,1
1769,1403715975.034058094,17.0860,17.0669,nan,-1,-1,-1,-1,-1,-1,nan,13.4245,13.3335,1
1770,1403715975.084058285,4.1848,4.1729,nan,-1,-1,-1,-1,-1,-1,nan,0.4927,0.4261,1
1771,1403715975.134057999,4.2679,4.1786,nan,-1,-1,-1,-1,-1,-1,nan,0.7363,0.6485,1
1772,1403715975.184058189,4.5003,4.4979,nan,-1,-1,-1,-1,-1,-1,nan,1.0733,0.9963,1
1773,1403715975.234058142,16.9270,16.9180,nan,-1,-1,-1,-1,-1,-1,nan,13.4748,13.4087,1
1774,1403715975.284058094,3.9195,3.9096,nan,-1,-1,-1,-1,-1,-1,nan,0.5060,0.4313,1
1775,1403715975.334058046,4.0930,4.0837,nan,-1,-1,-1,-1,-1,-1,nan,0.6963,0.6223,1
1776,1403715975.384058237,4.3236,4.3008,nan,-1,-1,-1,-1,-1,-1,nan,0.8829,0.8011,1
1777,1403715975.434058189,16.5670,16.5569,nan,-1,-1,-1,-1,-1,-1,nan,13.2123,13.1432,1
1778,1403715975.484058142,3.9106,3.9139,nan,-1,-1,-1,-1,-1,-1,nan,0.4935,0.4240,1
1779,1403715975.534058094,4.2489,4.2172,nan,-1,-1,-1,-1,-1,-1,nan,0.6826,0.6133,1
1780,1403715975.584058285,4.2642,4.2541,nan,-1,-1,-1,-1,-1,-1,nan,0.8556,0.7886,1
1781,1403715975.634057999,17.0540,17.0459,nan,-1,-1,-1,-1,-1,-1,nan,13.6521,13.5856,1
1782,1403715975.684058189,3.8681,3.8690,nan,-1,-1,-1,-1,-1,-1,nan,0.4865,0.4172,1
1783,1403715975.734058142,4.1285,4.1174,nan,-1,-1,-1,-1,-1,-1,nan,0.6770,0.6021,1
1784,1403715975.784058094,4.3076,4.3083,nan,-1,-1,-1,-1,-1,-1,nan,0.8891,0.8227,1
1785,1403715975.834058046,17.3747,17.3599,nan,-1,-1,-1,-1,-1,-1,nan,13.9020,13.8324,1
1786,1403715975.884058237,3.9487,3.9445,nan,-1,-1,-1,-1,-1,-1,nan,0.5088,0.4362,1
1787,1403715975.934058189,4.1080,4.1050,nan,-1,-1,-1,-1,-1,-1,nan,0.7047,0.6269,1
1788,1403715975.984058142,4.4833,4.4870,nan,-1,-1,-1,-1,-1,-1,nan,1.0309,0.9582,1
1789,1403715976.034058094,17.8979,17.8981,nan,-1,-1,-1,-1,-1,-1,nan,14.3085,14.2320,1
1790,1403715976.084058285,3.9668,3.9708,nan,-1,-1,-1,-1,-1,-1,nan,0.5140,0.4393,1
1791,1403715976.134057999,4.8708,4.8083,nan,-1,-1,-1,-1,-1,-1,nan,0.8213,0.7448,1
1792,1403715976.184058189,4.7172,4.7209,nan,-1,-1,-1,-1,-1,-1,nan,1.0738,1.0002,1
1793,1403715976.234058142,18.5452,18.5264,nan,-1,-1,-1,-1,-1,-1,nan,14.9604,14.8837,1
1794,1403715976.284058094,4.4690,4.4315,nan,-1,-1,-1,-1,-1,-1,nan,0.6399,0.5574,1
1795,1403715976.334058046,4.3727,4.3766,nan,-1,-1,-1,-1,-1,-1,nan,0.9456,0.8636,1
1796,1403715976.384058237,4.6027,4.6064,nan,-1,-1,-1,-1,-1,-1,nan,1.1643,1.0883,1
1797,1403715976.434058189,18.6247,18.6213,nan,-1,-1,-1,-1,-1,-1,nan,15.0675,14.9798,1
1798,1403715976.484058142,4.2298,4.2173,nan,-1,-1,-1,-1,-1,-1,nan,0.6387,0.5552,1
1799,1403715976.534058094,4.5228,4.5165,nan,-1,-1,-1,-1,-1,-1,nan,0.9074,0.8268,1
1800,1403715976.584058285,4.4517,4.4525,nan,-1,-1,-1,-1,-1,-1,nan,1.1315,1.0641,1
1801,1403715976.634057999,17.8009,17.8045,nan,-1,-1,-1,-1,-1,-1,nan,14.5382,14.4712,1
1802,1403715976.684058189,4.1498,4.0551,nan,-1,-1,-1,-1,-1,-1,nan,0.5908,0.5135,1
1803,1403715976.734058142,4.3020,4.2942,nan,-1,-1,-1,-1,-1,-1,nan,0.9119,0.8390,1
1804,1403715976.784058094,4.4290,4.4305,nan,-1,-1,-1,-1,-1,-1,nan,1.0645,0.9985,1
1805,1403715976.834058046,18.2301,18.2069,nan,-1,-1,-1,-1,-1,-1,nan,14.7722,14.7033,1
1806,1403715976.884058237,4.0039,4.0048,nan,-1,-1,-1,-1,-1,-1,nan,0.5357,0.4599,1
1807,1403715976.934058189,4.2985,4.1962,nan,-1,-1,-1,-1,-1,-1,nan,0.8421,0.7747,1
1808,1403715976.984058142,4.4877,4.4890,nan,-1,-1,-1,-1,-1,-1,nan,1.1390,1.0691,1
1809,1403715977.034058094,18.4028,18.3975,nan,-1,-1,-1,-1,-1,-1,nan,15.0575,14.9909,1
1810,1403715977.084058285,3.8844,3.8852,nan,-1,-1,-1,-1,-1,-1,nan,0.5261,0.4572,1
1811,1403715977.134057999,3.9600,3.9635,nan,-1,-1,-1,-1,-1,-1,nan,0.7363,0.6719,1
1812,1403715977.184058189,4.4749,4.4785,nan,-1,-1,-1,-1,-1,-1,nan,1.1406,1.0725,1
1813,1403715977.234058142,50.1345,50.1382,nan,-1,-1,-1,-1,-1,-1,nan,46.8839,46.8195,1
1814,1403715977.284058094,3.8342,3.8321,nan,-1,-1,-1,-1,-1,-1,nan,0.5062,0.4382,1
1815,1403715977.334058046,4.1725,4.1673,nan,-1,-1,-1,-1,-1,-1,nan,0.8203,0.7536,1
1816,1403715977.384058237,4.4422,4.4355,nan,-1,-1,-1,-1,-1,-1,nan,1.0451,0.9826,1
1817,1403715977.434058189,18.7966,18.7875,nan,-1,-1,-1,-1,-1,-1,nan,15.2042,15.1400,1
1818,1403715977.484058142,3.9484,3.9521,nan,-1,-1,-1,-1,-1,-1,nan,0.4935,0.4357,1
1819,1403715977.534058094,4.1914,4.1899,nan,-1,-1,-1,-1,-1,-1,nan,0.6568,0.5992,1
1820,1403715977.584058285,4.4117,4.4149,nan,-1,-1,-1,-1,-1,-1,nan,0.9623,0.9068,1
1821,1403715977.634057999,19.1790,19.1635,nan,-1,-1,-1,-1,-1,-1,nan,15.4082,15.3407,1
1822,1403715977.684058189,4.0307,4.0314,nan,-1,-1,-1,-1,-1,-1,nan,0.4663,0.4040,1
1823,1403715977.734058142,4.2136,4.2118,nan,-1,-1,-1,-1,-1,-1,nan,0.6040,0.5498,1
1824,1403715977.784058094,4.7755,4.7003,nan,-1,-1,-1,-1,-1,-1,nan,0.7217,0.6696,1
1825,1403715977.834058046,19.1794,19.1688,nan,-1,-1,-1,-1,-1,-1,nan,15.4262,15.3727,1
1826,1403715977.884058237,4.1449,4.1414,nan,-1,-1,-1,-1,-1,-1,nan,0.3960,0.3405,1
1827,1403715977.934058189,4.5298,4.5226,nan,-1,-1,-1,-1,-1,-1,nan,0.5185,0.4659,1
1828,1403715977.984058142,4.3306,4.3293,nan,-1,-1,-1,-1,-1,-1,nan,0.6770,0.6222,1
1829,1403715978.034058094,18.8983,18.9003,nan,-1,-1,-1,-1,-1,-1,nan,15.2154,15.1633,1
1830,1403715978.084058285,4.0726,4.0737,nan,-1,-1,-1,-1,-1,-1,nan,0.3229,0.2775,1
1831,1403715978.134057999,4.0148,4.0187,nan,-1,-1,-1,-1,-1,-1,nan,0.4369,0.3884,1
1832,1403715978.184058189,4.4267,4.4266,nan,-1,-1,-1,-1,-1,-1,nan,0.6082,0.5467,1
1833,1403715978.234058142,19.5739,19.5564,nan,-1,-1,-1,-1,-1,-1,nan,15.2540,15.2003,1
1834,1403715978.284058094,4.4634,4.4306,nan,-1,-1,-1,-1,-1,-1,nan,0.3020,0.2465,1
1835,1403715978.334058046,4.1769,4.1807,nan,-1,-1,-1,-1,-1,-1,nan,0.4222,0.3668,1
1836,1403715978.384058237,18.4097,18.2878,nan,-1,-1,-1,-1,-1,-1,nan,14.3727,14.3263,1
1837,1403715978.434058189,4.2230,4.2079,nan,-1,-1,-1,-1,-1,-1,nan,0.2560,0.2126,1
1838,1403715978.484058142,17.1909,17.1667,nan,-1,-1,-1,-1,-1,-1,nan,13.4030,13.3684,1
1839,1403715978.534058094,16.2900,16.2870,nan,-1,-1,-1,-1,-1,-1,nan,12.5834,12.5436,1
1840,1403715978.584058285,16.1124,16.0925,nan,-1,-1,-1,-1,-1,-1,nan,12.1506,12.1030,1
1841,1403715978.634057999,4.4973,4.4905,nan,-1,-1,-1,-1,-1,-1,nan,0.2806,0.2351,1
1842,1403715978.684058189,21.0321,21.0181,nan,-1,-1,-1,-1,-1,-1,nan,17.2840,17.2445,1
1843,1403715978.734058142,4.1512,4.1077,nan,-1,-1,-1,-1,-1,-1,nan,0.3167,0.2711,1
1844,1403715978.784058094,3.8709,3.8675,nan,-1,-1,-1,-1,-1,-1,nan,0.3836,0.3435,1
1845,1403715978.834058046,19.9411,19.8958,nan,-1,-1,-1,-1,-1,-1,nan,16.3374,16.3040,1
1846,1403715978.884058237,3.6918,3.6780,nan,-1,-1,-1,-1,-1,-1,nan,0.2380,0.2071,1
1847,1403715978.934058189,3.8669,3.8331,nan,-1,-1,-1,-1,-1,-1,nan,0.3456,0.3129,1
1848,1403715978.984058142,31.2033,31.1966,nan,-1,-1,-1,-1,-1,-1,nan,27.7654,27.7153,1
1849,1403715979.034058094,3.7564,3.6471,nan,-1,-1,-1,-1,-1,-1,nan,0.2788,0.2352,1
1850,1403715979.084058285,3.5661,3.5699,nan,-1,-1,-1,-1,-1,-1,nan,0.3646,0.3283,1
1851,1403715979.134057999,36.8675,36.8548,nan,-1,-1,-1,-1,-1,-1,nan,33.5785,33.5405,1
1852,1403715979.184058189,21.7595,21.7594,nan,-1,-1,-1,-1,-1,-1,nan,18.4666,18.4360,1
1853,1403715979.234058142,13.5371,13.5187,nan,-1,-1,-1,-1,-1,-1,nan,10.1395,10.1112,1
1854,1403715979.284058094,14.1938,14.1490,nan,-1,-1,-1,-1,-1,-1,nan,10.5033,10.4704,1
1855,1403715979.334058046,13.7987,13.7682,nan,-1,-1,-1,-1,-1,-1,nan,10.3232,10.2887,1
1856,1403715979.384058237,13.5219,13.5166,nan,-1,-1,-1,-1,-1,-1,nan,10.0778,10.0468,1
1857,1403715979.434058189,13.2400,13.2378,nan,-1,-1,-1,-1,-1,-1,nan,9.9403,9.9117,1
1858,1403715979.484058142,36.3237,36.1847,nan,-1,-1,-1,-1,-1,-1,nan,32.9920,32.9551,1
1859,1403715979.534058094,3.7132,3.6823,nan,-1,-1,-1,-1,-1,-1,nan,0.2386,0.2051,1
1860,1403715979.584058285,35.9457,35.9346,nan,-1,-1,-1,-1,-1,-1,nan,32.7489,32.7170,1
1861,1403715979.634057999,3.4576,3.4585,nan,-1,-1,-1,-1,-1,-1,nan,0.2524,0.2183,1
1862,1403715979.684058189,13.4610,13.4598,nan,-1,-1,-1,-1,-1,-1,nan,10.3605,10.3298,1
1863,1403715979.734058142,3.7995,3.7624,nan,-1,-1,-1,-1,-1,-1,nan,0.2646,0.2263,1
1864,1403715979.784058094,13.7402,13.7190,nan,-1,-1,-1,-1,-1,-1,nan,10.3150,10.2749,1
1865,1403715979.834058046,3.3345,3.3385,nan,-1,-1,-1,-1,-1,-1,nan,0.2394,0.1996,1
1866,1403715979.884058237,13.4350,13.4370,nan,-1,-1,-1,-1,-1,-1,nan,10.1577,10.1294,1
1867,1403715979.934058189,16.1107,16.0577,nan,-1,-1,-1,-1,-1,-1,nan,13.1486,13.1133,1
1868,1403715979.984058142,12.8130,12.8131,nan,-1,-1,-1,-1,-1,-1,nan,9.9690,9.9424,1
1869,1403715980.034058094,35.0417,35.0372,nan,-1,-1,-1,-1,-1,-1,nan,32.3656,32.3450,1
1870,1403715980.084058285,32.2990,31.7386,nan,-1,-1,-1,-1,-1,-1,nan,28.8112,28.7853,1
1871,1403715980.134057999,13.5802,13.5077,nan,-1,-1,-1,-1,-1,-1,nan,10.2254,10.1863,1
1872,1403715980.184058189,13.9465,13.9454,nan,-1,-1,-1,-1,-1,-1,nan,10.3911,10.3510,1
1873,1403715980.234058142,14.3234,14.3273,nan,-1,-1,-1,-1,-1,-1,nan,10.8152,10.7712,1
1874,1403715980.284058094,3.6170,3.6207,nan,-1,-1,-1,-1,-1,-1,nan,0.2995,0.2567,1
1875,1403715980.334058046,38.2717,38.2675,nan,-1,-1,-1,-1,-1,-1,nan,35.2244,35.1906,1
1876,1403715980.384058237,37.9238,37.9131,nan,-1,-1,-1,-1,-1,-1,nan,34.9037,34.8634,1
1877,1403715980.434058189,3.0826,3.0865,nan,-1,-1,-1,-1,-1,-1,nan,0.2793,0.2445,1
1878,1403715980.484058142,3.7728,3.7412,nan,-1,-1,-1,-1,-1,-1,nan,0.4473,0.4081,1
1879,1403715980.534058094,38.7731,38.7730,nan,-1,-1,-1,-1,-1,-1,nan,35.6870,35.6497,1
1880,1403715980.584058285,3.3830,3.3751,nan,-1,-1,-1,-1,-1,-1,nan,0.2725,0.2338,1
1881,1403715980.634057999,37.9882,37.9483,nan,-1,-1,-1,-1,-1,-1,nan,34.7010,34.6648,1
1882,1403715980.684058189,3.6080,3.5937,nan,-1,-1,-1,-1,-1,-1,nan,0.2869,0.2490,1
1883,1403715980.734058142,3.5352,3.5168,nan,-1,-1,-1,-1,-1,-1,nan,0.4182,0.3752,1
1884,1403715980.784058094,38.0614,38.0374,nan,-1,-1,-1,-1,-1,-1,nan,34.7659,34.7237,1
1885,1403715980.834058046,3.5285,3.5117,nan,-1,-1,-1,-1,-1,-1,nan,0.2673,0.2220,1
1886,1403715980.884058237,37.3242,37.2894,nan,-1,-1,-1,-1,-1,-1,nan,34.1734,34.1336,1
1887,1403715980.934058189,3.6138,3.6044,nan,-1,-1,-1,-1,-1,-1,nan,0.2995,0.2560,1
1888,1403715980.984058142,14.0534,13.9992,nan,-1,-1,-1,-1,-1,-1,nan,10.6983,10.6554,1
1889,1403715981.034058094,3.3059,3.2954,nan,-1,-1,-1,-1,-1,-1,nan,0.2790,0.2390,1
1890,1403715981.084058285,13.3942,13.3339,nan,-1,-1,-1,-1,-1,-1,nan,10.2315,10.2004,1
1891,1403715981.134057999,13.3196,13.3133,nan,-1,-1,-1,-1,-1,-1,nan,10.2472,10.2113,1
1892,1403715981.184058189,13.2992,13.2533,nan,-1,-1,-1,-1,-1,-1,nan,10.0767,10.0390,1
1893,1403715981.234058142,12.9327,12.9084,nan,-1,-1,-1,-1,-1,-1,nan,9.8617,9.8278,1
1894,1403715981.284058094,12.6826,12.6787,nan,-1,-1,-1,-1,-1,-1,nan,9.6793,9.6407,1
1895,1403715981.334058046,12.6010,12.5124,nan,-1,-1,-1,-1,-1,-1,nan,9.5319,9.4956,1
1896,1403715981.384058237,35.0783,35.0789,nan,-1,-1,-1,-1,-1,-1,nan,32.0435,32.0062,1
1897,1403715981.434058189,3.2126,3.2053,nan,-1,-1,-1,-1,-1,-1,nan,0.2682,0.2302,1
1898,1403715981.484058142,29.0416,29.0287,nan,-1,-1,-1,-1,-1,-1,nan,26.1606,26.1288,1
1899,1403715981.534058094,12.9146,12.9159,nan,-1,-1,-1,-1,-1,-1,nan,10.1120,10.0847,1
1900,1403715981.584058285,35.8055,35.7975,nan,-1,-1,-1,-1,-1,-1,nan,32.8320,32.7910,1
1901,1403715981.634057999,3.1660,3.1708,nan,-1,-1,-1,-1,-1,-1,nan,0.2595,0.2254,1
1902,1403715981.684058189,3.5874,3.5339,nan,-1,-1,-1,-1,-1,-1,nan,0.3720,0.3405,1
1903,1403715981.734058142,27.6541,27.6061,nan,-1,-1,-1,-1,-1,-1,nan,24.5662,24.5369,1
1904,1403715981.784058094,3.4333,3.4157,nan,-1,-1,-1,-1,-1,-1,nan,0.3058,0.2620,1
1905,1403715981.834058046,3.6201,3.6074,nan,-1,-1,-1,-1,-1,-1,nan,0.4164,0.3788,1
1906,1403715981.884058237,13.9067,13.8612,nan,-1,-1,-1,-1,-1,-1,nan,10.6915,10.6502,1
1907,1403715981.934058189,4.1810,4.0223,nan,-1,-1,-1,-1,-1,-1,nan,0.2886,0.2465,1
1908,1403715981.984058142,3.5269,3.5274,nan,-1,-1,-1,-1,-1,-1,nan,0.3553,0.3180,1
1909,1403715982.034058094,3.7098,3.7018,nan,-1,-1,-1,-1,-1,-1,nan,0.4798,0.4399,1
1910,1403715982.084058285,13.1710,13.1749,nan,-1,-1,-1,-1,-1,-1,nan,10.1577,10.1152,1
1911,1403715982.134057999,3.3481,3.3415,nan,-1,-1,-1,-1,-1,-1,nan,0.2969,0.2558,1
1912,1403715982.184058189,3.4360,3.4395,nan,-1,-1,-1,-1,-1,-1,nan,0.3615,0.3286,1
1913,1403715982.234058142,3.6075,3.6035,nan,-1,-1,-1,-1,-1,-1,nan,0.5150,0.4753,1
1914,1403715982.284058094,13.4663,13.4111,nan,-1,-1,-1,-1,-1,-1,nan,10.0879,10.0481,1
1915,1403715982.334058046,3.2240,3.2245,nan,-1,-1,-1,-1,-1,-1,nan,0.2578,0.2175,1
1916,1403715982.384058237,3.3885,3.3147,nan,-1,-1,-1,-1,-1,-1,nan,0.3470,0.3087,1
1917,1403715982.434058189,3.4435,3.4412,nan,-1,-1,-1,-1,-1,-1,nan,0.4311,0.3929,1
1918,1403715982.484058142,13.1951,13.2013,nan,-1,-1,-1,-1,-1,-1,nan,10.1968,10.1613,1
1919,1403715982.534058094,3.4871,3.4680,nan,-1,-1,-1,-1,-1,-1,nan,0.2680,0.2251,1
1920,1403715982.584058285,13.3220,13.3253,nan,-1,-1,-1,-1,-1,-1,nan,10.2371,10.1973,1
1921,1403715982.634057999,12.8860,12.8191,nan,-1,-1,-1,-1,-1,-1,nan,9.6311,9.5963,1
1922,1403715982.684058189,12.8133,12.8172,nan,-1,-1,-1,-1,-1,-1,nan,9.6409,9.6022,1
1923,1403715982.734058142,18.5482,18.5205,nan,-1,-1,-1,-1,-1,-1,nan,15.3832,15.3504,1
1924,1403715982.784058094,18.7524,18.7540,nan,-1,-1,-1,-1,-1,-1,nan,15.5984,15.5550,1
1925,1403715982.834058046,3.6252,3.6290,nan,-1,-1,-1,-1,-1,-1,nan,0.3112,0.2671,1
1926,1403715982.884058237,3.7805,3.6785,nan,-1,-1,-1,-1,-1,-1,nan,0.4052,0.3587,1
1927,1403715982.934058189,19.1325,19.0953,nan,-1,-1,-1,-1,-1,-1,nan,15.7407,15.6973,1
1928,1403715982.984058142,3.6642,3.6683,nan,-1,-1,-1,-1,-1,-1,nan,0.3174,0.2714,1
1929,1403715983.034058094,4.2686,4.2629,nan,-1,-1,-1,-1,-1,-1,nan,0.4227,0.3775,1
1930,1403715983.084058285,4.0805,4.0810,nan,-1,-1,-1,-1,-1,-1,nan,0.5522,0.4939,1
1931,1403715983.134057999,20.6935,20.6624,nan,-1,-1,-1,-1,-1,-1,nan,16.8662,16.8238,1
1932,1403715983.184058189,4.0929,4.0676,nan,-1,-1,-1,-1,-1,-1,nan,0.3260,0.2797,1
1933,1403715983.234058142,4.2808,4.1831,nan,-1,-1,-1,-1,-1,-1,nan,0.4563,0.4026,1
1934,1403715983.284058094,4.2870,4.2817,nan,-1,-1,-1,-1,-1,-1,nan,0.5343,0.4880,1
1935,1403715983.334058046,37.5424,37.5231,nan,-1,-1,-1,-1,-1,-1,nan,33.9918,33.9452,1
1936,1403715983.384058237,4.0350,4.0384,nan,-1,-1,-1,-1,-1,-1,nan,0.3470,0.2990,1
1937,1403715983.434058189,4.1543,4.1543,nan,-1,-1,-1,-1,-1,-1,nan,0.4399,0.3960,1
1938,1403715983.484058142,4.0097,4.0049,nan,-1,-1,-1,-1,-1,-1,nan,0.5623,0.5201,1
1939,1403715983.534058094,14.1976,14.1924,nan,-1,-1,-1,-1,-1,-1,nan,10.3889,10.3484,1
1940,1403715983.584058285,4.1330,4.1368,nan,-1,-1,-1,-1,-1,-1,nan,0.3407,0.2901,1
1941,1403715983.634057999,4.1387,4.1392,nan,-1,-1,-1,-1,-1,-1,nan,0.3783,0.3324,1
1942,1403715983.684058189,4.3639,4.3079,nan,-1,-1,-1,-1,-1,-1,nan,0.5025,0.4577,1
1943,1403715983.734058142,20.3599,20.3282,nan,-1,-1,-1,-1,-1,-1,nan,16.1446,16.1021,1
1944,1403715983.784058094,3.9386,3.9267,nan,-1,-1,-1,-1,-1,-1,nan,0.3115,0.2639,1
1945,1403715983.834058046,3.9575,3.9578,nan,-1,-1,-1,-1,-1,-1,nan,0.3684,0.3309,1
1946,1403715983.884058237,4.1318,4.1283,nan,-1,-1,-1,-1,-1,-1,nan,0.4916,0.4471,1
1947,1403715983.934058189,14.3465,14.3423,nan,-1,-1,-1,-1,-1,-1,nan,10.6809,10.6399,1
1948,1403715983.984058142,3.7891,3.7850,nan,-1,-1,-1,-1,-1,-1,nan,0.2520,0.2121,1
1949,1403715984.034058094,20.6852,20.6652,nan,-1,-1,-1,-1,-1,-1,nan,16.9796,16.9377,1
1950,1403715984.084058285,37.8640,37.8428,nan,-1,-1,-1,-1,-1,-1,nan,34.2675,34.2270,1
1951,1403715984.134057999,20.3279,20.2250,nan,-1,-1,-1,-1,-1,-1,nan,16.6205,16.5720,1
1952,1403715984.184058189,32.8349,32.8008,nan,-1,-1,-1,-1,-1,-1,nan,29.3711,29.3318,1
1953,1403715984.234058142,15.9878,15.9764,nan,-1,-1,-1,-1,-1,-1,nan,12.4484,12.4133,1
1954,1403715984.284058094,16.1491,16.1189,nan,-1,-1,-1,-1,-1,-1,nan,12.6581,12.6210,1
1955,1403715984.334058046,13.1481,13.1515,nan,-1,-1,-1,-1,-1,-1,nan,9.8810,9.8418,1
1956,1403715984.384058237,35.4377,35.4386,nan,-1,-1,-1,-1,-1,-1,nan,32.1615,32.1307,1
1957,1403715984.434058189,22.0034,21.9635,nan,-1,-1,-1,-1,-1,-1,nan,18.2714,18.2200,1
1958,1403715984.484058142,35.1243,35.1177,nan,-1,-1,-1,-1,-1,-1,nan,31.7062,31.6724,1
1959,1403715984.534058094,38.0101,37.9446,nan,-1,-1,-1,-1,-1,-1,nan,34.0547,34.0237,1
1960,1403715984.584058285,14.5395,14.5407,nan,-1,-1,-1,-1,-1,-1,nan,10.7318,10.6946,1
1961,1403715984.634057999,15.2352,15.1431,nan,-1,-1,-1,-1,-1,-1,nan,10.4002,10.3616,1
1962,1403715984.684058189,14.4382,14.4051,nan,-1,-1,-1,-1,-1,-1,nan,9.9507,9.9175,1
1963,1403715984.734058142,36.8860,36.8852,nan,-1,-1,-1,-1,-1,-1,nan,32.4638,32.4291,1
1964,1403715984.784058094,19.6485,19.6450,nan,-1,-1,-1,-1,-1,-1,nan,15.2170,15.1832,1
1965,1403715984.834058046,13.2436,13.2380,nan,-1,-1,-1,-1,-1,-1,nan,9.5977,9.5719,1
1966,1403715984.884058237,34.8215,34.8112,nan,-1,-1,-1,-1,-1,-1,nan,31.3052,31.2718,1
1967,1403715984.934058189,23.7418,23.7192,nan,-1,-1,-1,-1,-1,-1,nan,20.2543,20.2224,1
1968,1403715984.984058142,18.1410,18.1392,nan,-1,-1,-1,-1,-1,-1,nan,14.7299,14.7068,1
1969,1403715985.034058094,29.0064,28.9992,nan,-1,-1,-1,-1,-1,-1,nan,25.7003,25.6678,1
1970,1403715985.084058285,28.9951,28.9991,nan,-1,-1,-1,-1,-1,-1,nan,25.7806,25.7365,1
1971,1403715985.134057999,37.2210,37.1694,nan,-1,-1,-1,-1,-1,-1,nan,33.7590,33.7324,1
1972,1403715985.184058189,36.8935,36.8936,nan,-1,-1,-1,-1,-1,-1,nan,33.8158,33.7759,1
1973,1403715985.234058142,3.4378,3.3984,nan,-1,-1,-1,-1,-1,-1,nan,0.2622,0.2280,1
1974,1403715985.284058094,37.5292,37.4273,nan,-1,-1,-1,-1,-1,-1,nan,34.2800,34.2452,1
1975,1403715985.334058046,3.1918,3.1761,nan,-1,-1,-1,-1,-1,-1,nan,0.2740,0.2359,1
1976,1403715985.384058237,3.3420,3.3160,nan,-1,-1,-1,-1,-1,-1,nan,0.4050,0.3685,1
1977,1403715985.434058189,3.3815,3.3488,nan,-1,-1,-1,-1,-1,-1,nan,0.5030,0.4670,1
1978,1403715985.484058142,19.4315,19.3918,nan,-1,-1,-1,-1,-1,-1,nan,16.3181,16.2775,1
1979,1403715985.534058094,3.3161,3.3103,nan,-1,-1,-1,-1,-1,-1,nan,0.3428,0.2996,1
1980,1403715985.584058285,14.0807,14.0558,nan,-1,-1,-1,-1,-1,-1,nan,10.7389,10.6959,1
1981,1403715985.634057999,14.3698,14.2434,nan,-1,-1,-1,-1,-1,-1,nan,10.5980,10.5537,1
1982,1403715985.684058189,4.5023,4.4672,nan,-1,-1,-1,-1,-1,-1,nan,0.3057,0.2519,1
1983,1403715985.734058142,4.0664,4.0509,nan,-1,-1,-1,-1,-1,-1,nan,0.4813,0.4259,1
1984,1403715985.784058094,4.3422,4.2977,nan,-1,-1,-1,-1,-1,-1,nan,0.5956,0.5434,1
1985,1403715985.834058046,15.1967,15.0607,nan,-1,-1,-1,-1,-1,-1,nan,11.1157,11.0586,1
1986,1403715985.884058237,4.3415,4.1745,nan,-1,-1,-1,-1,-1,-1,nan,0.4012,0.3426,1
1987,1403715985.934058189,3.8610,3.8332,nan,-1,-1,-1,-1,-1,-1,nan,0.4972,0.4406,1
1988,1403715985.984058142,4.1055,4.0662,nan,-1,-1,-1,-1,-1,-1,nan,0.6452,0.5917,1
1989,1403715986.034058094,14.4261,14.3808,nan,-1,-1,-1,-1,-1,-1,nan,11.1090,11.0539,1
1990,1403715986.084058285,4.2004,4.1377,nan,-1,-1,-1,-1,-1,-1,nan,0.4562,0.3938,1
1991,1403715986.134057999,4.2975,4.1459,nan,-1,-1,-1,-1,-1,-1,nan,0.6102,0.5508,1
1992,1403715986.184058189,4.3889,4.3592,nan,-1,-1,-1,-1,-1,-1,nan,0.7667,0.7073,1
1993,1403715986.234058142,14.7208,14.5603,nan,-1,-1,-1,-1,-1,-1,nan,11.0182,10.9602,1
1994,1403715986.284058094,3.6461,3.6342,nan,-1,-1,-1,-1,-1,-1,nan,0.4079,0.3504,1
1995,1403715986.334058046,3.6920,3.6870,nan,-1,-1,-1,-1,-1,-1,nan,0.5186,0.4694,1
1996,1403715986.384058237,3.9824,3.8971,nan,-1,-1,-1,-1,-1,-1,nan,0.6586,0.6079,1
1997,1403715986.434058189,13.9593,13.9452,nan,-1,-1,-1,-1,-1,-1,nan,10.7894,10.7392,1
1998,1403715986.484058142,3.8177,3.7907,nan,-1,-1,-1,-1,-1,-1,nan,0.4005,0.3472,1
1999,1403715986.534058094,3.8161,3.7164,nan,-1,-1,-1,-1,-1,-1,nan,0.5126,0.4648,1
2000,1403715986.584058285,3.9000,3.8825,nan,-1,-1,-1,-1,-1,-1,nan,0.6651,0.6152,1
2001,1403715986.634057999,14.5532,14.4558,nan,-1,-1,-1,-1,-1,-1,nan,10.7530,10.7072,1
2002,1403715986.684058189,3.6714,3.6186,nan,-1,-1,-1,-1,-1,-1,nan,0.3236,0.2726,1
2003,1403715986.734058142,3.7536,3.7575,nan,-1,-1,-1,-1,-1,-1,nan,0.4307,0.3762,1
2004,1403715986.784058094,3.6018,3.6055,nan,-1,-1,-1,-1,-1,-1,nan,0.5276,0.4815,1
2005,1403715986.834058046,14.5422,14.4206,nan,-1,-1,-1,-1,-1,-1,nan,11.5199,11.4649,1
2006,1403715986.884058237,3.3910,3.3894,nan,-1,-1,-1,-1,-1,-1,nan,0.3497,0.2952,1
2007,1403715986.934058189,3.5012,3.4992,nan,-1,-1,-1,-1,-1,-1,nan,0.4449,0.3970,1
2008,1403715986.984058142,3.5992,3.5960,nan,-1,-1,-1,-1,-1,-1,nan,0.5598,0.5135,1
2009,1403715987.034058094,14.1229,14.1024,nan,-1,-1,-1,-1,-1,-1,nan,11.2013,11.1617,1
2010,1403715987.084058285,3.3552,3.3590,nan,-1,-1,-1,-1,-1,-1,nan,0.3456,0.2906,1
2011,1403715987.134057999,3.2836,3.2874,nan,-1,-1,-1,-1,-1,-1,nan,0.4105,0.3680,1
2012,1403715987.184058189,3.5668,3.5555,nan,-1,-1,-1,-1,-1,-1,nan,0.5552,0.5119,1
2013,1403715987.234058142,14.3643,14.3510,nan,-1,-1,-1,-1,-1,-1,nan,11.2261,11.1880,1
2014,1403715987.284058094,3.5253,3.4018,nan,-1,-1,-1,-1,-1,-1,nan,0.2808,0.2323,1
2015,1403715987.334058046,3.3307,3.3295,nan,-1,-1,-1,-1,-1,-1,nan,0.4055,0.3575,1
2016,1403715987.384058237,3.7581,3.6793,nan,-1,-1,-1,-1,-1,-1,nan,0.5397,0.4930,1
2017,1403715987.434058189,14.3139,14.3073,nan,-1,-1,-1,-1,-1,-1,nan,11.1518,11.1018,1
2018,1403715987.484058142,3.4871,3.4792,nan,-1,-1,-1,-1,-1,-1,nan,0.3772,0.3243,1
2019,1403715987.534058094,3.5079,3.5019,nan,-1,-1,-1,-1,-1,-1,nan,0.4806,0.4343,1
2020,1403715987.584058285,3.6055,3.6002,nan,-1,-1,-1,-1,-1,-1,nan,0.6345,0.5797,1
2021,1403715987.634057999,14.4812,14.4819,nan,-1,-1,-1,-1,-1,-1,nan,11.5141,11.4616,1
2022,1403715987.684058189,3.3621,3.3659,nan,-1,-1,-1,-1,-1,-1,nan,0.3492,0.3005,1
2023,1403715987.734058142,3.3416,3.3426,nan,-1,-1,-1,-1,-1,-1,nan,0.4600,0.4156,1
2024,1403715987.784058094,3.8157,3.7973,nan,-1,-1,-1,-1,-1,-1,nan,0.6088,0.5637,1
2025,1403715987.834058046,15.1687,15.1534,nan,-1,-1,-1,-1,-1,-1,nan,11.7508,11.7049,1
2026,1403715987.884058237,3.2616,3.2656,nan,-1,-1,-1,-1,-1,-1,nan,0.3308,0.2819,1
2027,1403715987.934058189,3.4444,3.4442,nan,-1,-1,-1,-1,-1,-1,nan,0.4488,0.4037,1
2028,1403715987.984058142,3.6218,3.5939,nan,-1,-1,-1,-1,-1,-1,nan,0.5865,0.5407,1
2029,1403715988.034058094,14.6238,14.6282,nan,-1,-1,-1,-1,-1,-1,nan,11.6518,11.6026,1
2030,1403715988.084058285,3.2367,3.2408,nan,-1,-1,-1,-1,-1,-1,nan,0.3398,0.2868,1
2031,1403715988.134057999,15.7109,15.5571,nan,-1,-1,-1,-1,-1,-1,nan,11.8625,11.8242,1
2032,1403715988.184058189,15.3112,15.3008,nan,-1,-1,-1,-1,-1,-1,nan,11.9300,11.8575,1
2033,1403715988.234058142,3.9790,3.9576,nan,-1,-1,-1,-1,-1,-1,nan,0.5333,0.4746,1
2034,1403715988.284058094,4.1664,4.1553,nan,-1,-1,-1,-1,-1,-1,nan,0.7057,0.6581,1
2035,1403715988.334058046,4.4621,4.4331,nan,-1,-1,-1,-1,-1,-1,nan,0.8880,0.8321,1
2036,1403715988.384058237,15.3713,15.3662,nan,-1,-1,-1,-1,-1,-1,nan,11.8793,11.8114,1
2037,1403715988.434058189,3.7281,3.7213,nan,-1,-1,-1,-1,-1,-1,nan,0.4207,0.3759,1
2038,1403715988.484058142,3.8814,3.8045,nan,-1,-1,-1,-1,-1,-1,nan,0.6015,0.5488,1
2039,1403715988.534058094,4.1379,4.1352,nan,-1,-1,-1,-1,-1,-1,nan,0.9941,0.9407,1
2040,1403715988.584058285,15.4197,15.3463,nan,-1,-1,-1,-1,-1,-1,nan,12.0041,11.9623,1
2041,1403715988.634057999,3.3202,3.3238,nan,-1,-1,-1,-1,-1,-1,nan,0.3794,0.3273,1
2042,1403715988.684058189,3.7245,3.6487,nan,-1,-1,-1,-1,-1,-1,nan,0.5212,0.4729,1
2043,1403715988.734058142,3.8827,3.8496,nan,-1,-1,-1,-1,-1,-1,nan,0.8030,0.7545,1
2044,1403715988.784058094,15.1974,15.2010,nan,-1,-1,-1,-1,-1,-1,nan,12.2110,12.1602,1
2045,1403715988.834058046,3.4869,3.4755,nan,-1,-1,-1,-1,-1,-1,nan,0.4240,0.3755,1
2046,1403715988.884058237,3.7020,3.7037,nan,-1,-1,-1,-1,-1,-1,nan,0.4144,0.3868,1
2047,1403715988.934058189,3.8238,3.7760,nan,-1,-1,-1,-1,-1,-1,nan,0.5907,0.5265,1
2048,1403715988.984058142,15.1903,15.1920,nan,-1,-1,-1,-1,-1,-1,nan,12.0863,12.0387,1
2049,1403715989.034058094,3.9374,3.9232,nan,-1,-1,-1,-1,-1,-1,nan,0.4095,0.3574,1
2050,1403715989.084058285,3.9002,3.8997,nan,-1,-1,-1,-1,-1,-1,nan,0.5530,0.5022,1
2051,1403715989.134057999,4.1683,4.1468,nan,-1,-1,-1,-1,-1,-1,nan,0.5974,0.5415,1
2052,1403715989.184058189,16.2137,16.2057,nan,-1,-1,-1,-1,-1,-1,nan,12.3612,12.2826,1
2053,1403715989.234058142,4.1977,4.1573,nan,-1,-1,-1,-1,-1,-1,nan,0.4483,0.3720,1
2054,1403715989.284058094,4.1337,4.1244,nan,-1,-1,-1,-1,-1,-1,nan,0.4952,0.4383,1
2055,1403715989.334058046,4.3580,4.3505,nan,-1,-1,-1,-1,-1,-1,nan,0.7013,0.6432,1
2056,1403715989.384058237,15.4695,15.4732,nan,-1,-1,-1,-1,-1,-1,nan,11.9457,11.8917,1
2057,1403715989.434058189,4.1459,4.1474,nan,-1,-1,-1,-1,-1,-1,nan,0.4023,0.3453,1
2058,1403715989.484058142,4.5187,4.4278,nan,-1,-1,-1,-1,-1,-1,nan,0.5582,0.4908,1
2059,1403715989.534058094,4.3579,4.3615,nan,-1,-1,-1,-1,-1,-1,nan,0.7729,0.7147,1
2060,1403715989.584058285,21.8922,21.8916,nan,-1,-1,-1,-1,-1,-1,nan,18.2773,18.2203,1
2061,1403715989.634057999,3.8798,3.8837,nan,-1,-1,-1,-1,-1,-1,nan,0.4213,0.3584,1
2062,1403715989.684058189,4.0305,4.0293,nan,-1,-1,-1,-1,-1,-1,nan,0.5251,0.4641,1
2063,1403715989.734058142,4.2421,4.1943,nan,-1,-1,-1,-1,-1,-1,nan,0.6534,0.5935,1
2064,1403715989.784058094,15.0599,15.0579,nan,-1,-1,-1,-1,-1,-1,nan,11.7087,11.6573,1
2065,1403715989.834058046,3.7795,3.7571,nan,-1,-1,-1,-1,-1,-1,nan,0.3570,0.3005,1
2066,1403715989.884058237,3.9798,3.9542,nan,-1,-1,-1,-1,-1,-1,nan,0.4902,0.4342,1
2067,1403715989.934058189,4.0045,3.9902,nan,-1,-1,-1,-1,-1,-1,nan,0.5899,0.5398,1
2068,1403715989.984058142,15.4067,15.3938,nan,-1,-1,-1,-1,-1,-1,nan,12.1055,12.0503,1
2069,1403715990.034058094,3.9991,3.9949,nan,-1,-1,-1,-1,-1,-1,nan,0.4215,0.3548,1
2070,1403715990.084058285,4.4370,4.3852,nan,-1,-1,-1,-1,-1,-1,nan,0.5954,0.5242,1
2071,1403715990.134057999,4.4751,4.4717,nan,-1,-1,-1,-1,-1,-1,nan,0.8343,0.7713,1
2072,1403715990.184058189,15.7844,15.7488,nan,-1,-1,-1,-1,-1,-1,nan,12.1267,12.0577,1
2073,1403715990.234058142,4.2143,4.1890,nan,-1,-1,-1,-1,-1,-1,nan,0.4076,0.3457,1
2074,1403715990.284058094,4.0818,4.0838,nan,-1,-1,-1,-1,-1,-1,nan,0.5554,0.4963,1
2075,1403715990.334058046,4.3000,4.3022,nan,-1,-1,-1,-1,-1,-1,nan,0.7708,0.7135,1
2076,1403715990.384058237,21.4047,21.4061,nan,-1,-1,-1,-1,-1,-1,nan,17.8018,17.7434,1
2077,1403715990.434058189,3.9363,3.9401,nan,-1,-1,-1,-1,-1,-1,nan,0.4115,0.3510,1
2078,1403715990.484058142,4.4285,4.4323,nan,-1,-1,-1,-1,-1,-1,nan,0.5745,0.5060,1
2079,1403715990.534058094,4.9579,4.9180,nan,-1,-1,-1,-1,-1,-1,nan,0.8508,0.7787,1
2080,1403715990.584058285,33.8298,33.8043,nan,-1,-1,-1,-1,-1,-1,nan,29.9854,29.9134,1
2081,1403715990.634057999,3.9955,4.0023,nan,-1,-1,-1,-1,-1,-1,nan,0.3767,0.3114,1
2082,1403715990.684058189,4.3535,4.3352,nan,-1,-1,-1,-1,-1,-1,nan,0.5190,0.4525,1
2083,1403715990.734058142,4.8673,4.8380,nan,-1,-1,-1,-1,-1,-1,nan,0.6984,0.6290,1
2084,1403715990.784058094,15.6305,15.6061,nan,-1,-1,-1,-1,-1,-1,nan,11.7995,11.7158,1
2085,1403715990.834058046,4.5781,4.5514,nan,-1,-1,-1,-1,-1,-1,nan,0.3472,0.2752,1
2086,1403715990.884058237,4.2685,4.2343,nan,-1,-1,-1,-1,-1,-1,nan,0.4177,0.3635,1
2087,1403715990.934058189,15.6528,15.6486,nan,-1,-1,-1,-1,-1,-1,nan,11.5775,11.5316,1
2088,1403715990.984058142,16.6373,16.6250,nan,-1,-1,-1,-1,-1,-1,nan,11.8703,11.8225,1
2089,1403715991.034058094,5.2743,5.2428,nan,-1,-1,-1,-1,-1,-1,nan,0.2908,0.2289,1
2090,1403715991.084058285,16.7111,16.6935,nan,-1,-1,-1,-1,-1,-1,nan,11.9306,11.8849,1
2091,1403715991.134057999,16.2214,16.1888,nan,-1,-1,-1,-1,-1,-1,nan,11.4985,11.4587,1
2092,1403715991.184058189,4.7243,4.7176,nan,-1,-1,-1,-1,-1,-1,nan,0.2725,0.2155,1
2093,1403715991.234058142,4.6591,4.6578,nan,-1,-1,-1,-1,-1,-1,nan,0.4071,0.3399,1
2094,1403715991.284058094,4.7810,4.7845,nan,-1,-1,-1,-1,-1,-1,nan,0.5816,0.5247,1
2095,1403715991.334058046,41.7232,41.7208,nan,-1,-1,-1,-1,-1,-1,nan,37.2620,37.2007,1
2096,1403715991.384058237,4.8339,4.8322,nan,-1,-1,-1,-1,-1,-1,nan,0.4195,0.3512,1
2097,1403715991.434058189,5.0477,5.0468,nan,-1,-1,-1,-1,-1,-1,nan,0.6169,0.5548,1
2098,1403715991.484058142,5.6753,5.6502,nan,-1,-1,-1,-1,-1,-1,nan,1.0272,0.9531,1
2099,1403715991.534058094,16.5563,16.5518,nan,-1,-1,-1,-1,-1,-1,nan,12.1989,12.1334,1
2100,1403715991.584058285,4.6731,4.6664,nan,-1,-1,-1,-1,-1,-1,nan,0.3165,0.2526,1
2101,1403715991.634057999,4.6866,4.6903,nan,-1,-1,-1,-1,-1,-1,nan,0.4486,0.3819,1
2102,1403715991.684058189,5.1767,5.1500,nan,-1,-1,-1,-1,-1,-1,nan,0.6270,0.5615,1
2103,1403715991.734058142,15.9252,15.8616,nan,-1,-1,-1,-1,-1,-1,nan,11.5009,11.4352,1
2104,1403715991.784058094,15.0105,15.0140,nan,-1,-1,-1,-1,-1,-1,nan,10.7040,10.6289,1
2105,1403715991.834058046,14.6953,14.6898,nan,-1,-1,-1,-1,-1,-1,nan,10.3243,10.2576,1
2106,1403715991.884058237,14.5009,14.5002,nan,-1,-1,-1,-1,-1,-1,nan,10.1145,10.0423,1
2107,1403715991.934058189,4.7880,4.7819,nan,-1,-1,-1,-1,-1,-1,nan,0.3151,0.2307,1
2108,1403715991.984058142,4.8518,4.8357,nan,-1,-1,-1,-1,-1,-1,nan,0.4322,0.3538,1
2109,1403715992.034058094,5.2415,5.1394,nan,-1,-1,-1,-1,-1,-1,nan,0.5150,0.4475,1
2110,1403715992.084058285,14.9664,14.9414,nan,-1,-1,-1,-1,-1,-1,nan,10.2187,10.1387,1
2111,1403715992.134057999,4.5764,4.5800,nan,-1,-1,-1,-1,-1,-1,nan,0.2879,0.2142,1
2112,1403715992.184058189,5.0645,5.0550,nan,-1,-1,-1,-1,-1,-1,nan,0.4346,0.3675,1
2113,1403715992.234058142,14.7360,14.7397,nan,-1,-1,-1,-1,-1,-1,nan,10.3475,10.2781,1
2114,1403715992.284058094,4.7137,4.7172,nan,-1,-1,-1,-1,-1,-1,nan,0.4451,0.3752,1
2115,1403715992.334058046,17.9142,17.9121,nan,-1,-1,-1,-1,-1,-1,nan,13.6053,13.5387,1
2116,1403715992.384058237,4.6918,4.6835,nan,-1,-1,-1,-1,-1,-1,nan,0.3159,0.2457,1
2117,1403715992.434058189,4.8177,4.7298,nan,-1,-1,-1,-1,-1,-1,nan,0.3769,0.3152,1
2118,1403715992.484058142,5.0593,5.0355,nan,-1,-1,-1,-1,-1,-1,nan,0.5226,0.4575,1
2119,1403715992.534058094,4.8602,4.8640,nan,-1,-1,-1,-1,-1,-1,nan,0.6422,0.5711,1
2120,1403715992.584058285,5.0935,5.0974,nan,-1,-1,-1,-1,-1,-1,nan,0.7545,0.6888,1
2121,1403715992.634057999,5.4004,5.3892,nan,-1,-1,-1,-1,-1,-1,nan,0.8495,0.7824,1
2122,1403715992.684058189,5.2059,5.2102,nan,-1,-1,-1,-1,-1,-1,nan,0.9114,0.8387,1
2123,1403715992.734058142,5.6673,5.6296,nan,-1,-1,-1,-1,-1,-1,nan,1.0015,0.9323,1
2124,1403715992.784058094,5.0738,5.0745,nan,-1,-1,-1,-1,-1,-1,nan,0.7461,0.6758,1
2125,1403715992.834058046,25.0956,25.0849,nan,-1,-1,-1,-1,-1,-1,nan,20.7285,20.6615,1
2126,1403715992.884058237,4.8553,4.8088,nan,-1,-1,-1,-1,-1,-1,nan,0.3487,0.2689,1
2127,1403715992.934058189,5.1023,5.1027,nan,-1,-1,-1,-1,-1,-1,nan,0.4663,0.3912,1
2128,1403715992.984058142,5.2251,5.2174,nan,-1,-1,-1,-1,-1,-1,nan,0.6124,0.5335,1
2129,1403715993.034058094,27.3690,27.2809,nan,-1,-1,-1,-1,-1,-1,nan,22.4201,22.3367,1
2130,1403715993.084058285,5.3673,5.3437,nan,-1,-1,-1,-1,-1,-1,nan,0.7806,0.7043,1
2131,1403715993.134057999,39.1798,39.1821,nan,-1,-1,-1,-1,-1,-1,nan,34.7260,34.6521,1
2132,1403715993.184058189,5.4683,5.4615,nan,-1,-1,-1,-1,-1,-1,nan,0.9068,0.8277,1
2133,1403715993.234058142,6.1231,6.1269,nan,-1,-1,-1,-1,-1,-1,nan,1.6332,1.5625,1
2134,1403715993.284058094,8.3156,8.3075,nan,-1,-1,-1,-1,-1,-1,nan,3.7786,3.6997,1
2135,1403715993.334058046,34.9840,34.9832,nan,-1,-1,-1,-1,-1,-1,nan,30.5140,30.4360,1
2136,1403715993.384058237,5.7543,5.7607,nan,-1,-1,-1,-1,-1,-1,nan,1.4162,1.3429,1
2137,1403715993.434058189,6.1802,6.1620,nan,-1,-1,-1,-1,-1,-1,nan,1.7149,1.6513,1
2138,1403715993.484058142,6.7397,6.7298,nan,-1,-1,-1,-1,-1,-1,nan,2.3056,2.2362,1
2139,1403715993.534058094,7.1959,7.1221,nan,-1,-1,-1,-1,-1,-1,nan,2.4734,2.3973,1
2140,1403715993.584058285,7.1432,7.0926,nan,-1,-1,-1,-1,-1,-1,nan,2.6159,2.5380,1
2141,1403715993.634057999,6.0313,6.0236,nan,-1,-1,-1,-1,-1,-1,nan,1.6526,1.5799,1
2142,1403715993.684058189,6.0381,6.0285,nan,-1,-1,-1,-1,-1,-1,nan,1.7013,1.6358,1
2143,1403715993.734058142,41.5890,41.5808,nan,-1,-1,-1,-1,-1,-1,nan,37.1536,37.0858,1
2144,1403715993.784058094,5.2023,5.1810,nan,-1,-1,-1,-1,-1,-1,nan,0.7375,0.6567,1
2145,1403715993.834058046,5.6555,5.6480,nan,-1,-1,-1,-1,-1,-1,nan,1.1523,1.0822,1
2146,1403715993.884058237,7.1156,6.8815,nan,-1,-1,-1,-1,-1,-1,nan,2.0020,1.9295,1
2147,1403715993.934058189,21.9854,21.9801,nan,-1,-1,-1,-1,-1,-1,nan,17.5932,17.5167,1
2148,1403715993.984058142,5.3259,5.3210,nan,-1,-1,-1,-1,-1,-1,nan,0.8405,0.7687,1
