frame,t,wall_ms,cpu_ms,sw_solver_ms,sw_solves,sw_iters,stop_budget,stop_time,stop_iter,stop_conv,init_solver_ms,bk_work_ms,bk_track_ms,bk_track_n
0,1403715886.584058285,4.2399,3.8760,0.0000,0,0,0,0,0,0,0.0000,0.0005,0.0000,0
1,1403715886.634057999,3.7398,3.7299,0.0000,0,0,0,0,0,0,0.0000,0.0007,0.0000,0
2,1403715886.684058189,3.5825,3.5458,0.0000,0,0,0,0,0,0,0.0000,0.0003,0.0000,0
3,1403715886.734058142,3.3887,3.3878,0.0000,0,0,0,0,0,0,0.0000,0.0005,0.0000,0
4,1403715886.784058094,3.7621,3.6118,0.0000,0,0,0,0,0,0,0.0000,0.0003,0.0000,0
5,1403715886.834058046,3.4490,3.4370,0.0000,0,0,0,0,0,0,0.0000,0.0003,0.0000,0
6,1403715886.884058237,3.2841,3.2852,0.0000,0,0,0,0,0,0,0.0000,0.0003,0.0000,0
7,1403715886.934058189,3.5259,3.5060,0.0000,0,0,0,0,0,0,0.0000,0.0003,0.0000,0
8,1403715886.984058142,3.6094,3.5984,0.0000,0,0,0,0,0,0,0.0000,0.0003,0.0000,0
9,1403715887.034058094,3.3121,3.3039,0.0000,0,0,0,0,0,0,0.0000,0.0002,0.0000,0
10,1403715887.084058285,3.3284,3.3286,0.0000,0,0,0,0,0,0,0.0000,0.0002,0.0000,0
11,1403715887.134057999,3.3370,3.3378,0.0000,0,0,0,0,0,0,0.0000,0.0003,0.0000,0
12,1403715887.184058189,3.4111,3.3325,0.0000,0,0,0,0,0,0,0.0000,0.0004,0.0000,0
13,1403715887.234058142,3.3946,3.3927,0.0000,0,0,0,0,0,0,0.0000,0.0002,0.0000,0
14,1403715887.284058094,3.5206,3.5055,0.0000,0,0,0,0,0,0,0.0000,0.0002,0.0000,0
15,1403715887.334058046,3.3026,3.3041,0.0000,0,0,0,0,0,0,0.0000,0.0003,0.0000,0
16,1403715887.384058237,3.3138,3.3087,0.0000,0,0,0,0,0,0,0.0000,0.0003,0.0000,0
17,1403715887.434058189,3.3127,3.3161,0.0000,0,0,0,0,0,0,0.0000,0.0003,0.0000,0
18,1403715887.484058142,3.3041,3.3074,0.0000,0,0,0,0,0,0,0.0000,0.0003,0.0000,0
19,1403715887.534058094,3.3340,3.3349,0.0000,0,0,0,0,0,0,0.0000,0.0002,0.0000,0
20,1403715887.584058285,3.3419,3.3335,0.0000,0,0,0,0,0,0,0.0000,0.0002,0.0000,0
21,1403715887.634057999,3.5267,3.5195,0.0000,0,0,0,0,0,0,0.0000,0.0002,0.0000,0
22,1403715887.684058189,3.4073,3.4051,0.0000,0,0,0,0,0,0,0.0000,0.0003,0.0000,0
23,1403715887.734058142,3.5025,3.4377,0.0000,0,0,0,0,0,0,0.0000,0.0003,0.0000,0
24,1403715887.784058094,3.3010,3.3046,0.0000,0,0,0,0,0,0,0.0000,0.0003,0.0000,0
25,1403715887.834058046,3.3880,3.3630,0.0000,0,0,0,0,0,0,0.0000,0.0004,0.0000,0
26,1403715887.884058237,3.6961,3.6536,0.0000,0,0,0,0,0,0,0.0000,0.0002,0.0000,0
27,1403715887.934058189,3.3255,3.3293,0.0000,0,0,0,0,0,0,0.0000,0.0002,0.0000,0
28,1403715887.984058142,3.6888,3.6682,0.0000,0,0,0,0,0,0,0.0000,0.0004,0.0000,0
29,1403715888.034058094,3.4491,3.4442,0.0000,0,0,0,0,0,0,0.0000,0.0002,0.0000,0
30,1403715888.084058285,3.4042,3.3832,0.0000,0,0,0,0,0,0,0.0000,0.0003,0.0000,0
31,1403715888.134057999,3.4040,3.4074,0.0000,0,0,0,0,0,0,0.0000,0.0002,0.0000,0
32,1403715888.184058189,3.5310,3.5194,0.0000,0,0,0,0,0,0,0.0000,0.0003,0.0000,0
33,1403715888.234058142,3.3829,3.3840,0.0000,0,0,0,0,0,0,0.0000,0.0003,0.0000,0
34,1403715888.284058094,3.4153,3.4110,0.0000,0,0,0,0,0,0,0.0000,0.0002,0.0000,0
35,1403715888.334058046,3.7836,3.7832,0.0000,0,0,0,0,0,0,0.0000,0.4294,0.0000,0
36,1403715888.384058237,4.1125,4.0840,0.0000,0,0,0,0,0,0,0.0000,0.4538,0.0000,0
37,1403715888.434058189,4.0101,3.9388,0.0000,0,0,0,0,0,0,0.0000,0.4431,0.0000,0
38,1403715888.484058142,3.9293,3.9136,0.0000,0,0,0,0,0,0,0.0000,0.4361,0.0000,0
39,1403715888.534058094,3.8885,3.8755,0.0000,0,0,0,0,0,0,0.0000,0.4383,0.0000,0
40,1403715888.584058285,3.9757,3.9483,0.0000,0,0,0,0,0,0,0.0000,0.4448,0.0000,0
41,1403715888.634057999,4.1518,4.1383,0.0000,0,0,0,0,0,0,0.0000,0.4464,0.0000,0
42,1403715888.684058189,4.0629,4.0478,0.0000,0,0,0,0,0,0,0.0000,0.4683,0.0000,0
43,1403715888.734058142,3.9296,3.9203,0.0000,0,0,0,0,0,0,0.0000,0.4606,0.0000,0
44,1403715888.784058094,3.9698,3.9733,0.0000,0,0,0,0,0,0,0.0000,0.4803,0.0000,0
45,1403715888.834058046,3.9360,3.9394,0.0000,0,0,0,0,0,0,0.0000,0.4805,0.0000,0
46,1403715888.884058237,3.9734,3.9644,0.0000,0,0,0,0,0,0,0.0000,0.4625,0.0000,0
47,1403715888.934058189,3.9469,3.9378,0.0000,0,0,0,0,0,0,0.0000,0.4802,0.0000,0
48,1403715888.984058142,4.2517,4.2007,0.0000,0,0,0,0,0,0,0.0000,0.4683,0.0000,0
49,1403715889.034058094,4.0969,4.0948,0.0000,0,0,0,0,0,0,0.0000,0.4772,0.0000,0
50,1403715889.084058285,3.9848,3.9803,0.0000,0,0,0,0,0,0,0.0000,0.4777,0.0000,0
51,1403715889.134057999,4.1269,4.0843,0.0000,0,0,0,0,0,0,0.0000,0.4776,0.0000,0
52,1403715889.184058189,3.8437,3.8504,0.0000,0,0,0,0,0,0,0.0000,0.4862,0.0000,0
53,1403715889.234058142,4.0782,4.0817,0.0000,0,0,0,0,0,0,0.0000,0.4733,0.0000,0
54,1403715889.284058094,4.2712,4.1851,0.0000,0,0,0,0,0,0,0.0000,0.4962,0.0000,0
55,1403715889.334058046,4.0771,4.0704,0.0000,0,0,0,0,0,0,0.0000,0.4803,0.0000,0
56,1403715889.384058237,3.8670,3.8704,0.0000,0,0,0,0,0,0,0.0000,0.4966,0.0000,0
57,1403715889.434058189,3.8863,3.8899,0.0000,0,0,0,0,0,0,0.0000,0.5117,0.0000,0
58,1403715889.484058142,4.3973,4.3693,0.0000,0,0,0,0,0,0,0.0000,0.5195,0.0000,0
59,1403715889.534058094,4.1725,4.1655,0.0000,0,0,0,0,0,0,0.0000,0.5222,0.0000,0
60,1403715889.584058285,4.2715,4.2402,0.0000,0,0,0,0,0,0,0.0000,0.5094,0.0000,0
61,1403715889.634057999,4.2616,4.2411,0.0000,0,0,0,0,0,0,0.0000,0.4991,0.0000,0
62,1403715889.684058189,4.2067,4.1891,0.0000,0,0,0,0,0,0,0.0000,0.5050,0.0000,0
63,1403715889.734058142,3.9472,3.9492,0.0000,0,0,0,0,0,0,0.0000,0.4921,0.0000,0
64,1403715889.784058094,4.0375,3.9730,0.0000,0,0,0,0,0,0,0.0000,0.4943,0.0000,0
65,1403715889.834058046,4.1519,4.0779,0.0000,0,0,0,0,0,0,0.0000,0.4901,0.0000,0
66,1403715889.884058237,3.9920,3.9925,0.0000,0,0,0,0,0,0,0.0000,0.5231,0.0000,0
67,1403715889.934058189,4.0212,4.0175,0.0000,0,0,0,0,0,0,0.0000,0.5008,0.0000,0
68,1403715889.984058142,3.9603,3.9569,0.0000,0,0,0,0,0,0,0.0000,0.4972,0.0000,0
69,1403715890.034058094,4.0353,4.0192,0.0000,0,0,0,0,0,0,0.0000,0.4965,0.0000,0
70,1403715890.084058285,3.9590,3.9559,0.0000,0,0,0,0,0,0,0.0000,0.5041,0.0000,0
71,1403715890.134057999,4.0044,3.9806,0.0000,0,0,0,0,0,0,0.0000,0.5024,0.0000,0
72,1403715890.184058189,3.9060,3.9034,0.0000,0,0,0,0,0,0,0.0000,0.4920,0.0000,0
73,1403715890.234058142,4.0676,4.0617,0.0000,0,0,0,0,0,0,0.0000,0.5057,0.0000,0
74,1403715890.284058094,4.1052,4.0840,0.0000,0,0,0,0,0,0,0.0000,0.4958,0.0000,0
75,1403715890.334058046,4.3367,4.2992,0.0000,0,0,0,0,0,0,0.0000,0.5368,0.0000,0
76,1403715890.384058237,4.2283,4.2135,0.0000,0,0,0,0,0,0,0.0000,0.5395,0.0000,0
77,1403715890.434058189,4.2636,4.1930,0.0000,0,0,0,0,0,0,0.0000,0.5335,0.0000,0
78,1403715890.484058142,4.0555,4.0592,0.0000,0,0,0,0,0,0,0.0000,0.5268,0.0000,0
79,1403715890.534058094,4.5017,4.3647,0.0000,0,0,0,0,0,0,0.0000,0.5459,0.0000,0
80,1403715890.584058285,4.3002,4.2556,0.0000,0,0,0,0,0,0,0.0000,0.5386,0.0000,0
81,1403715890.634057999,4.6044,4.5315,0.0000,0,0,0,0,0,0,0.0000,0.5516,0.0000,0
82,1403715890.684058189,4.2994,4.2801,0.0000,0,0,0,0,0,0,0.0000,0.5440,0.0000,0
83,1403715890.734058142,4.3872,4.3501,0.0000,0,0,0,0,0,0,0.0000,0.5395,0.0000,0
84,1403715890.784058094,4.3071,4.3036,0.0000,0,0,0,0,0,0,0.0000,0.5381,0.0000,0
85,1403715890.834058046,4.4808,4.4067,0.0000,0,0,0,0,0,0,0.0000,0.5424,0.0000,0
86,1403715890.884058237,4.1297,4.1217,0.0000,0,0,0,0,0,0,0.0000,0.5308,0.0000,0
87,1403715890.934058189,3.9697,3.9710,0.0000,0,0,0,0,0,0,0.0000,0.5360,0.0000,0
88,1403715890.984058142,4.0305,4.0312,0.0000,0,0,0,0,0,0,0.0000,0.5350,0.0000,0
89,1403715891.034058094,4.2322,4.2002,0.0000,0,0,0,0,0,0,0.0000,0.5221,0.0000,0
90,1403715891.084058285,4.0797,4.0716,0.0000,0,0,0,0,0,0,0.0000,0.5551,0.0000,0
91,1403715891.134057999,4.1635,4.1413,0.0000,0,0,0,0,0,0,0.0000,0.5358,0.0000,0
92,1403715891.184058189,4.0333,4.0369,0.0000,0,0,0,0,0,0,0.0000,0.5339,0.0000,0
93,1403715891.234058142,4.0370,4.0369,0.0000,0,0,0,0,0,0,0.0000,0.5518,0.0000,0
94,1403715891.284058094,4.2328,4.2184,0.0000,0,0,0,0,0,0,0.0000,0.5535,0.0000,0
95,1403715891.334058046,4.6363,4.5708,0.0000,0,0,0,0,0,0,0.0000,0.5641,0.0000,0
96,1403715891.384058237,4.2197,4.2210,0.0000,0,0,0,0,0,0,0.0000,0.5517,0.0000,0
97,1403715891.434058189,4.2620,4.2628,0.0000,0,0,0,0,0,0,0.0000,0.5714,0.0000,0
98,1403715891.484058142,3.9983,4.0050,0.0000,0,0,0,0,0,0,0.0000,0.5383,0.0000,0
99,1403715891.534058094,4.1753,4.1678,0.0000,0,0,0,0,0,0,0.0000,0.5401,0.0000,0
100,1403715891.584058285,3.9968,4.0006,0.0000,0,0,0,0,0,0,0.0000,0.5365,0.0000,0
101,1403715891.634057999,4.0228,4.0264,0.0000,0,0,0,0,0,0,0.0000,0.5679,0.0000,0
102,1403715891.684058189,4.0529,4.0564,0.0000,0,0,0,0,0,0,0.0000,0.5542,0.0000,0
103,1403715891.734058142,4.0190,4.0228,0.0000,0,0,0,0,0,0,0.0000,0.5454,0.0000,0
104,1403715891.784058094,4.0618,4.0656,0.0000,0,0,0,0,0,0,0.0000,0.5568,0.0000,0
105,1403715891.834058046,4.2115,4.2126,0.0000,0,0,0,0,0,0,0.0000,0.5662,0.0000,0
106,1403715891.884058237,5.1133,4.9830,0.0000,0,0,0,0,0,0,0.0000,0.5645,0.0000,0
107,1403715891.934058189,4.4259,4.3992,0.0000,0,0,0,0,0,0,0.0000,0.5790,0.0000,0
108,1403715891.984058142,4.2758,4.2285,0.0000,0,0,0,0,0,0,0.0000,0.5645,0.0000,0
109,1403715892.034058094,4.1635,4.1568,0.0000,0,0,0,0,0,0,0.0000,0.5842,0.0000,0
110,1403715892.084058285,4.1097,4.1071,0.0000,0,0,0,0,0,0,0.0000,0.5527,0.0000,0
111,1403715892.134057999,4.2200,4.2200,0.0000,0,0,0,0,0,0,0.0000,0.5667,0.0000,0
112,1403715892.184058189,4.4219,4.4066,0.0000,0,0,0,0,0,0,0.0000,0.5757,0.0000,0
113,1403715892.234058142,4.6563,4.6269,0.0000,0,0,0,0,0,0,0.0000,0.5799,0.0000,0
114,1403715892.284058094,4.5412,4.4619,0.0000,0,0,0,0,0,0,0.0000,0.5834,0.0000,0
115,1403715892.334058046,4.2691,4.2523,0.0000,0,0,0,0,0,0,0.0000,0.5699,0.0000,0
116,1403715892.384058237,4.0798,4.0810,0.0000,0,0,0,0,0,0,0.0000,0.5259,0.0000,0
117,1403715892.434058189,4.0908,4.0815,0.0000,0,0,0,0,0,0,0.0000,0.5329,0.0000,0
118,1403715892.484058142,4.3255,4.3217,0.0000,0,0,0,0,0,0,0.0000,0.5608,0.0000,0
119,1403715892.534058094,4.4193,4.3898,0.0000,0,0,0,0,0,0,0.0000,0.5633,0.0000,0
120,1403715892.584058285,4.1359,4.1368,0.0000,0,0,0,0,0,0,0.0000,0.5565,0.0000,0
121,1403715892.634057999,4.0801,4.0838,0.0000,0,0,0,0,0,0,0.0000,0.5697,0.0000,0
122,1403715892.684058189,4.1486,4.1457,0.0000,0,0,0,0,0,0,0.0000,0.5635,0.0000,0
123,1403715892.734058142,4.0529,4.0564,0.0000,0,0,0,0,0,0,0.0000,0.5651,0.0000,0
124,1403715892.784058094,4.3940,4.3846,0.0000,0,0,0,0,0,0,0.0000,0.5880,0.0000,0
125,1403715892.834058046,4.0660,4.0699,0.0000,0,0,0,0,0,0,0.0000,0.5667,0.0000,0
126,1403715892.884058237,4.0893,4.0902,0.0000,0,0,0,0,0,0,0.0000,0.5837,0.0000,0
127,1403715892.934058189,4.2456,4.2257,0.0000,0,0,0,0,0,0,0.0000,0.5683,0.0000,0
128,1403715892.984058142,4.1695,4.1685,0.0000,0,0,0,0,0,0,0.0000,0.5659,0.0000,0
129,1403715893.034058094,4.1140,4.1157,0.0000,0,0,0,0,0,0,0.0000,0.5646,0.0000,0
130,1403715893.084058285,4.0885,4.0922,0.0000,0,0,0,0,0,0,0.0000,0.5745,0.0000,0
131,1403715893.134057999,4.1290,4.1237,0.0000,0,0,0,0,0,0,0.0000,0.5657,0.0000,0
132,1403715893.184058189,4.2228,4.2080,0.0000,0,0,0,0,0,0,0.0000,0.5637,0.0000,0
133,1403715893.234058142,4.1270,4.1222,0.0000,0,0,0,0,0,0,0.0000,0.5699,0.0000,0
134,1403715893.284058094,4.3264,4.2406,0.0000,0,0,0,0,0,0,0.0000,0.5787,0.0000,0
135,1403715893.334058046,4.2293,4.2251,0.0000,0,0,0,0,0,0,0.0000,0.5785,0.0000,0
136,1403715893.384058237,4.0919,4.0814,0.0000,0,0,0,0,0,0,0.0000,0.5703,0.0000,0
137,1403715893.434058189,4.2097,4.1972,0.0000,0,0,0,0,0,0,0.0000,0.5658,0.0000,0
138,1403715893.484058142,18.6923,18.6651,0.0000,0,0,0,0,0,0,11.0097,15.1698,0.0000,0
139,1403715893.534058094,6.2409,6.2279,0.0000,0,0,0,0,0,0,0.0000,2.4043,0.0000,0
140,1403715893.584058285,36.3651,36.3327,0.0000,0,0,0,0,0,0,27.5984,32.6967,0.0000,0
141,1403715893.634057999,5.0128,5.0046,0.3569,2,3,0,0,0,2,0.0000,0.5649,0.4957,1
142,1403715893.684058189,4.5298,4.5295,0.9003,2,6,0,0,0,2,0.0000,1.1874,1.1168,1
143,1403715893.734058142,5.0099,4.9860,1.1640,2,5,0,0,0,2,0.0000,1.5144,1.4490,1
144,1403715893.784058094,20.2585,20.2413,15.5830,2,14,0,0,1,1,0.0000,16.7412,16.6738,1
145,1403715893.834058046,4.4894,4.4762,0.6220,2,5,0,0,0,2,0.0000,0.8658,0.7908,1
146,1403715893.884058237,4.9139,4.8610,0.9911,2,6,0,0,0,2,0.0000,1.3095,1.2320,1
147,1403715893.934058189,5.2738,5.2523,1.2300,2,5,0,0,0,2,0.0000,1.6120,1.5417,1
148,1403715893.984058142,16.3037,16.1109,11.0180,2,13,0,0,1,1,0.0000,12.2112,12.1370,1
149,1403715894.034058094,5.2798,5.2274,0.4830,2,4,0,0,0,2,0.0000,0.7274,0.6499,1
150,1403715894.084058285,4.8477,4.8343,0.7370,2,4,0,0,0,2,0.0000,1.0521,0.9779,1
151,1403715894.134057999,5.5496,5.3831,0.9670,2,4,0,0,0,2,0.0000,1.3784,1.2878,1
152,1403715894.184058189,19.0651,19.0404,11.9588,2,13,0,0,1,1,0.0000,15.4950,15.4225,1
153,1403715894.234058142,4.2939,4.2912,0.4930,2,4,0,0,0,2,0.0000,0.7321,0.6596,1
154,1403715894.284058094,4.7746,4.6882,0.6888,2,4,0,0,0,2,0.0000,0.9785,0.9084,1
155,1403715894.334058046,5.0803,4.9578,1.1220,2,5,0,0,0,2,0.0000,1.4834,1.4130,1
156,1403715894.384058237,23.6254,23.5952,16.1149,2,13,0,0,1,1,0.0000,20.0628,19.9916,1
157,1403715894.434058189,4.2398,4.2248,0.5138,2,5,0,0,0,2,0.0000,0.7462,0.6715,1
158,1403715894.484058142,4.3518,4.3552,0.7689,2,5,0,0,0,2,0.0000,1.0577,0.9806,1
159,1403715894.534058094,4.7344,4.7327,1.0409,2,5,0,0,0,2,0.0000,1.3749,1.3109,1
160,1403715894.584058285,32.4014,32.3890,25.2380,2,13,0,0,1,1,0.0000,29.0741,29.0057,1
161,1403715894.634057999,4.1145,4.0938,0.3297,2,3,0,0,0,2,0.0000,0.5401,0.4709,1
162,1403715894.684058189,4.4230,4.4225,0.7849,2,6,0,0,0,2,0.0000,1.0588,0.9836,1
163,1403715894.734058142,4.7910,4.7885,1.0328,2,5,0,0,0,2,0.0000,1.3638,1.2942,1
164,1403715894.784058094,22.0913,22.0888,14.9279,2,13,0,0,1,1,0.0000,18.6897,18.6269,1
165,1403715894.834058046,3.9403,3.9440,0.4559,2,5,0,0,0,2,0.0000,0.6491,0.5872,1
166,1403715894.884058237,4.0303,4.0339,0.5469,2,4,0,0,0,2,0.0000,0.7927,0.7320,1
167,1403715894.934058189,4.6251,4.6315,0.9038,2,5,0,0,0,2,0.0000,1.1953,1.1372,1
168,1403715894.984058142,20.9545,20.9555,14.0080,2,13,0,0,1,1,0.0000,17.6053,17.5500,1
169,1403715895.034058094,3.5397,3.5434,0.2668,2,4,0,0,0,2,0.0000,0.4294,0.3588,1
170,1403715895.084058285,3.7469,3.7508,0.4091,2,4,0,0,0,2,0.0000,0.5888,0.5335,1
171,1403715895.134057999,3.8883,3.8851,0.4950,2,4,0,0,0,2,0.0000,0.6882,0.6501,1
172,1403715895.184058189,20.1501,20.1240,13.3512,2,13,0,0,1,1,0.0000,16.9944,16.9332,1
173,1403715895.234058142,3.7693,3.7547,0.2999,2,4,0,0,0,2,0.0000,0.4721,0.4064,1
174,1403715895.284058094,3.9737,3.9650,0.3772,2,4,0,0,0,2,0.0000,0.5425,0.4963,1
175,1403715895.334058046,3.8320,3.7744,0.5028,2,4,0,0,0,2,0.0000,0.7093,0.6520,1
176,1403715895.384058237,19.6033,19.5722,12.4550,2,13,0,0,1,1,0.0000,16.0440,15.9859,1
177,1403715895.434058189,4.0050,3.9810,0.2129,2,4,0,0,0,2,0.0000,0.3321,0.2856,1
178,1403715895.484058142,3.5221,3.5124,0.3259,2,4,0,0,0,2,0.0000,0.4738,0.4256,1
179,1403715895.534058094,3.5262,3.5277,0.4199,2,4,0,0,0,2,0.0000,0.5867,0.5400,1
180,1403715895.584058285,18.3501,18.3501,11.9338,2,13,0,0,1,1,0.0000,15.4159,15.3792,1
181,1403715895.634057999,3.5745,3.5038,0.2201,2,4,0,0,0,2,0.0000,0.3468,0.2947,1
182,1403715895.684058189,3.5283,3.5240,0.3088,2,4,0,0,0,2,0.0000,0.4699,0.4100,1
183,1403715895.734058142,3.4758,3.4798,0.4170,2,4,0,0,0,2,0.0000,0.5860,0.5382,1
184,1403715895.784058094,17.6921,17.6935,11.3292,2,13,0,0,1,1,0.0000,14.7930,14.7330,1
185,1403715895.834058046,3.3827,3.3725,0.2520,2,4,0,0,0,2,0.0000,0.3920,0.3427,1
186,1403715895.884058237,3.9070,3.8801,0.3300,2,4,0,0,0,2,0.0000,0.4688,0.4309,1
187,1403715895.934058189,3.4855,3.4683,0.4160,2,4,0,0,0,2,0.0000,0.5811,0.5342,1
188,1403715895.984058142,16.7720,16.7573,10.5288,2,13,0,0,1,1,0.0000,13.8838,13.8379,1
189,1403715896.034058094,3.5763,3.5149,0.1960,2,4,0,0,0,2,0.0000,0.3037,0.2643,1
190,1403715896.084058285,3.4351,3.4200,0.3114,2,4,0,0,0,2,0.0000,0.4535,0.4062,1
191,1403715896.134057999,3.3913,3.3919,0.4072,2,4,0,0,0,2,0.0000,0.5650,0.5210,1
192,1403715896.184058189,16.9140,16.8823,10.3400,2,13,0,0,1,1,0.0000,13.6682,13.6092,1
193,1403715896.234058142,3.2980,3.3014,0.2201,2,4,0,0,0,2,0.0000,0.3431,0.2977,1
194,1403715896.284058094,3.6481,3.6348,0.3138,2,4,0,0,0,2,0.0000,0.4622,0.4161,1
195,1403715896.334058046,3.7781,3.6605,0.4048,2,4,0,0,0,2,0.0000,0.5666,0.5230,1
196,1403715896.384058237,15.4188,15.4195,9.4199,2,13,0,0,1,1,0.0000,12.6179,12.5777,1
197,1403715896.434058189,3.1843,3.1790,0.2091,2,4,0,0,0,2,0.0000,0.3407,0.2875,1
198,1403715896.484058142,3.4078,3.3824,0.2708,2,4,0,0,0,2,0.0000,0.3877,0.3525,1
199,1403715896.534058094,3.3775,3.3743,0.3660,2,4,0,0,0,2,0.0000,0.5183,0.4698,1
200,1403715896.584058285,15.2660,15.2698,9.2509,2,13,0,0,1,1,0.0000,12.4782,12.4334,1
201,1403715896.634057999,3.1625,3.1664,0.1829,2,4,0,0,0,2,0.0000,0.2897,0.2485,1
202,1403715896.684058189,3.1637,3.1621,0.2761,2,4,0,0,0,2,0.0000,0.4115,0.3656,1
203,1403715896.734058142,3.2519,3.2514,0.3600,2,4,0,0,0,2,0.0000,0.5023,0.4623,1
204,1403715896.784058094,14.8968,14.8922,8.6358,2,13,0,0,1,1,0.0000,12.0764,12.0376,1
205,1403715896.834058046,4.1052,4.0442,0.1817,2,4,0,0,0,2,0.0000,0.3051,0.2466,1
206,1403715896.884058237,3.4156,3.4078,0.3052,2,4,0,0,0,2,0.0000,0.4485,0.3930,1
207,1403715896.934058189,3.5037,3.5081,0.3798,2,4,0,0,0,2,0.0000,0.5361,0.4807,1
208,1403715896.984058142,14.3507,14.3549,8.3981,2,13,0,0,1,1,0.0000,11.4547,11.3997,1
209,1403715897.034058094,13.9859,13.9845,8.0719,2,13,0,0,1,1,0.0000,11.1221,11.0732,1
210,1403715897.084058285,3.0652,3.0690,0.1929,2,4,0,0,0,2,0.0000,0.3010,0.2515,1
211,1403715897.134057999,3.3017,3.2871,0.3033,2,4,0,0,0,2,0.0000,0.4325,0.3867,1
212,1403715897.184058189,3.5186,3.5147,0.4029,2,4,0,0,0,2,0.0000,0.5610,0.5073,1
213,1403715897.234058142,14.2304,14.2125,8.1301,2,13,0,0,1,1,0.0000,11.1594,11.1084,1
214,1403715897.284058094,3.3505,3.2868,0.1729,2,3,0,0,0,2,0.0000,0.2810,0.2317,1
215,1403715897.334058046,14.2070,14.2108,8.2099,2,13,0,0,1,1,0.0000,11.2582,11.2146,1
216,1403715897.384058237,3.2990,3.2981,0.2060,2,4,0,0,0,2,0.0000,0.3116,0.2682,1
217,1403715897.434058189,3.3970,3.3803,0.2959,2,4,0,0,0,2,0.0000,0.4186,0.3744,1
218,1403715897.484058142,13.7226,13.6735,7.7991,2,13,0,0,1,1,0.0000,10.6012,10.5605,1
219,1403715897.534058094,3.3555,3.3340,0.1860,2,4,0,0,0,2,0.0000,0.2884,0.2475,1
220,1403715897.584058285,3.4006,3.3969,0.2849,2,4,0,0,0,2,0.0000,0.3984,0.3623,1
221,1403715897.634057999,3.6130,3.5736,0.3676,2,4,0,0,0,2,0.0000,0.5041,0.4654,1
222,1403715897.684058189,13.9600,13.9412,7.8652,2,13,0,0,1,1,0.0000,10.7677,10.7229,1
223,1403715897.734058142,3.2646,3.2595,0.2239,2,4,0,0,0,2,0.0000,0.3350,0.2925,1
224,1403715897.784058094,3.5688,3.5585,0.2859,2,4,0,0,0,2,0.0000,0.4045,0.3650,1
225,1403715897.834058046,3.5100,3.5123,0.3631,2,4,0,0,0,2,0.0000,0.5060,0.4634,1
226,1403715897.884058237,13.6464,13.6456,7.7140,2,13,0,0,1,1,0.0000,10.5400,10.4963,1
227,1403715897.934058189,3.5007,3.4798,0.1822,2,4,0,0,0,2,0.0000,0.2819,0.2402,1
228,1403715897.984058142,3.8742,3.8413,0.2770,2,4,0,0,0,2,0.0000,0.3949,0.3567,1
229,1403715898.034058094,3.5431,3.5397,0.3512,2,4,0,0,0,2,0.0000,0.4829,0.4459,1
230,1403715898.084058285,13.6321,13.5568,7.5688,2,13,0,0,1,1,0.0000,10.3655,10.3258,1
231,1403715898.134057999,3.6337,3.6235,0.1869,2,4,0,0,0,2,0.0000,0.2865,0.2438,1
232,1403715898.184058189,3.4915,3.4716,0.2270,2,4,0,0,0,2,0.0000,0.3259,0.2906,1
233,1403715898.234058142,13.5910,13.5618,7.6058,2,13,0,0,1,1,0.0000,10.3682,10.3304,1
234,1403715898.284058094,3.2805,3.2872,0.1450,2,4,0,0,0,2,0.0000,0.2323,0.1948,1
235,1403715898.334058046,13.2396,13.2371,7.5550,2,13,0,0,1,1,0.0000,10.2543,10.2219,1
236,1403715898.384058237,3.3548,3.3562,0.1631,2,4,0,0,0,2,0.0000,0.2583,0.2190,1
237,1403715898.434058189,13.2431,13.2428,7.4968,2,13,0,0,1,1,0.0000,10.1083,10.0804,1
238,1403715898.484058142,13.7885,13.7513,7.6327,2,13,0,0,1,1,0.0000,10.3467,10.3108,1
239,1403715898.534058094,13.5262,13.5182,7.5388,2,13,0,0,1,1,0.0000,10.2080,10.1590,1
240,1403715898.584058285,3.5097,3.4939,0.1609,2,3,0,0,0,2,0.0000,0.2641,0.2225,1
241,1403715898.634057999,3.6638,3.6418,0.2799,2,4,0,0,0,2,0.0000,0.3935,0.3595,1
242,1403715898.684058189,3.6718,3.6735,0.3681,2,4,0,0,0,2,0.0000,0.5027,0.4653,1
243,1403715898.734058142,13.6725,13.6597,7.4339,2,13,0,0,1,1,0.0000,10.0704,10.0478,1
244,1403715898.784058094,13.7593,13.7630,7.6780,2,13,0,0,1,1,0.0000,10.4275,10.3831,1
245,1403715898.834058046,4.0038,3.9927,0.1981,2,4,0,0,0,2,0.0000,0.2957,0.2608,1
246,1403715898.884058237,4.1802,4.1398,0.3049,2,4,0,0,0,2,0.0000,0.4323,0.3917,1
247,1403715898.934058189,4.2780,4.2699,0.4091,2,4,0,0,0,2,0.0000,0.5640,0.5185,1
248,1403715898.984058142,14.1566,14.1466,7.6609,2,13,0,0,1,1,0.0000,10.4131,10.3687,1
249,1403715899.034058094,3.9069,3.9106,0.1760,2,4,0,0,0,2,0.0000,0.2711,0.2340,1
250,1403715899.084058285,3.9329,3.9393,0.2520,2,4,0,0,0,2,0.0000,0.3650,0.3257,1
251,1403715899.134057999,4.3383,4.3300,0.3681,2,4,0,0,0,2,0.0000,0.5439,0.4720,1
252,1403715899.184058189,14.1395,14.1164,7.6740,2,13,0,0,1,1,0.0000,10.4103,10.3561,1
253,1403715899.234058142,3.8928,3.8970,0.1771,2,4,0,0,0,2,0.0000,0.2835,0.2377,1
254,1403715899.284058094,4.3942,4.3821,0.2720,2,4,0,0,0,2,0.0000,0.3965,0.3497,1
255,1403715899.334058046,4.2880,4.2915,0.3822,2,4,0,0,0,2,0.0000,0.5267,0.4809,1
256,1403715899.384058237,13.9711,13.9747,7.7491,2,13,0,0,1,1,0.0000,10.3861,10.3396,1
257,1403715899.434058189,4.1092,4.0902,0.1929,2,4,0,0,0,2,0.0000,0.3077,0.2602,1
258,1403715899.484058142,4.2138,4.2178,0.3190,2,4,0,0,0,2,0.0000,0.4713,0.4140,1
259,1403715899.534058094,4.2082,4.2117,0.4070,2,4,0,0,0,2,0.0000,0.5634,0.5206,1
260,1403715899.584058285,14.0049,13.9487,7.9319,2,13,0,0,1,1,0.0000,10.5300,10.4840,1
261,1403715899.634057999,3.7854,3.7891,0.2172,2,4,0,0,0,2,0.0000,0.3426,0.2891,1
262,1403715899.684058189,4.2437,4.2387,0.3109,2,4,0,0,0,2,0.0000,0.4522,0.4034,1
263,1403715899.734058142,4.2204,4.1829,0.3769,2,4,0,0,0,2,0.0000,0.5380,0.4883,1
264,1403715899.784058094,14.2424,14.1595,7.8578,2,13,0,0,1,1,0.0000,10.3737,10.3285,1
265,1403715899.834058046,4.1697,4.1500,0.2201,2,4,0,0,0,2,0.0000,0.3388,0.2944,1
266,1403715899.884058237,3.8834,3.8872,0.3130,2,4,0,0,0,2,0.0000,0.4559,0.4063,1
267,1403715899.934058189,4.2706,4.2418,0.4082,2,4,0,0,0,2,0.0000,0.5815,0.5277,1
268,1403715899.984058142,13.9127,13.9164,7.8130,2,13,0,0,1,1,0.0000,10.3036,10.2555,1
269,1403715900.034058094,3.8396,3.8430,0.2091,2,4,0,0,0,2,0.0000,0.3365,0.2825,1
270,1403715900.084058285,4.1758,4.1447,0.2880,2,4,0,0,0,2,0.0000,0.4246,0.3740,1
271,1403715900.134057999,4.0433,4.0468,0.3877,2,4,0,0,0,2,0.0000,0.5505,0.4985,1
272,1403715900.184058189,14.2075,14.1772,7.7522,2,13,0,0,1,1,0.0000,10.5293,10.4745,1
273,1403715900.234058142,4.2030,4.1526,0.1969,2,4,0,0,0,2,0.0000,0.3223,0.2679,1
274,1403715900.284058094,3.7369,3.7403,0.2749,2,4,0,0,0,2,0.0000,0.4073,0.3579,1
275,1403715900.334058046,3.7434,3.7466,0.3290,2,4,0,0,0,2,0.0000,0.4703,0.4284,1
276,1403715900.384058237,13.6221,13.5680,7.4599,2,13,0,0,1,1,0.0000,10.2015,10.1553,1
277,1403715900.434058189,13.5892,13.5928,7.5119,2,13,0,0,1,1,0.0000,10.2597,10.2072,1
278,1403715900.484058142,15.8849,15.8845,9.5170,2,13,0,0,1,1,0.0000,12.2235,12.1761,1
279,1403715900.534058094,13.7302,13.5960,7.0388,2,13,0,0,1,1,0.0000,9.7730,9.7242,1
280,1403715900.584058285,15.9299,15.8813,9.8181,2,13,0,0,1,1,0.0000,12.5942,12.5386,1
281,1403715900.634057999,3.9722,3.9715,0.2010,2,4,0,0,0,2,0.0000,0.3180,0.2636,1
282,1403715900.684058189,14.9387,14.9427,8.3060,2,13,0,0,1,1,0.0000,11.3668,11.3226,1
283,1403715900.734058142,3.6059,3.5945,0.1662,2,3,0,0,0,2,0.0000,0.2764,0.2225,1
284,1403715900.784058094,14.5868,14.5681,8.2569,2,13,0,0,1,1,0.0000,11.1962,11.1558,1
285,1403715900.834058046,3.9528,3.9127,0.1609,2,3,0,0,0,2,0.0000,0.2570,0.2174,1
286,1403715900.884058237,3.6373,3.6412,0.2711,2,4,0,0,0,2,0.0000,0.3984,0.3463,1
287,1403715900.934058189,14.6017,14.5998,8.3070,2,13,0,0,1,1,0.0000,11.2405,11.1883,1
288,1403715900.984058142,3.6664,3.6652,0.1907,2,4,0,0,0,2,0.0000,0.2982,0.2538,1
289,1403715901.034058094,3.6711,3.6544,0.2511,2,4,0,0,0,2,0.0000,0.3680,0.3240,1
290,1403715901.084058285,3.6666,3.6688,0.3271,2,4,0,0,0,2,0.0000,0.4514,0.4114,1
291,1403715901.134057999,15.0522,14.9997,8.5850,2,13,0,0,1,1,0.0000,11.6575,11.6135,1
292,1403715901.184058189,3.5382,3.5286,0.1769,2,4,0,0,0,2,0.0000,0.2777,0.2322,1
293,1403715901.234058142,3.8463,3.8446,0.2952,2,4,0,0,0,2,0.0000,0.4277,0.3754,1
294,1403715901.284058094,4.0850,3.9526,0.3381,2,4,0,0,0,2,0.0000,0.4589,0.4264,1
295,1403715901.334058046,21.4235,21.3927,15.1501,2,13,0,0,1,1,0.0000,18.1258,18.0726,1
296,1403715901.384058237,3.9350,3.9005,0.2260,2,4,0,0,0,2,0.0000,0.3558,0.2996,1
297,1403715901.434058189,3.8968,3.8705,0.2789,2,4,0,0,0,2,0.0000,0.3930,0.3557,1
298,1403715901.484058142,14.6347,14.6268,8.5311,2,13,0,0,1,1,0.0000,11.4627,11.4107,1
299,1403715901.534058094,3.4528,3.4497,0.2038,2,4,0,0,0,2,0.0000,0.3236,0.2713,1
300,1403715901.584058285,14.7295,14.6585,8.1601,2,13,0,0,1,1,0.0000,10.9323,10.8989,1
301,1403715901.634057999,14.3779,14.3629,8.3311,2,13,0,0,1,1,0.0000,11.2004,11.1360,1
302,1403715901.684058189,3.7762,3.7219,0.2692,2,4,0,0,0,2,0.0000,0.4078,0.3593,1
303,1403715901.734058142,4.0841,4.0434,0.3550,2,4,0,0,0,2,0.0000,0.5077,0.4617,1
304,1403715901.784058094,3.8356,3.8229,0.4837,2,4,0,0,0,2,0.0000,0.6885,0.6255,1
305,1403715901.834058046,14.0831,14.0783,8.0521,2,13,0,0,1,1,0.0000,10.9345,10.8872,1
306,1403715901.884058237,3.5439,3.5475,0.2141,2,4,0,0,0,2,0.0000,0.3385,0.2884,1
307,1403715901.934058189,3.6710,3.6672,0.3219,2,4,0,0,0,2,0.0000,0.4757,0.4207,1
308,1403715901.984058142,3.8632,3.8497,0.3972,2,4,0,0,0,2,0.0000,0.5645,0.5119,1
309,1403715902.034058094,13.9604,13.9490,7.8173,2,13,0,0,1,1,0.0000,10.6538,10.6073,1
310,1403715902.084058285,3.4874,3.4915,0.1881,2,4,0,0,0,2,0.0000,0.3202,0.2563,1
311,1403715902.134057999,3.6744,3.6675,0.3021,2,4,0,0,0,2,0.0000,0.4509,0.3954,1
312,1403715902.184058189,3.8936,3.8763,0.4089,2,4,0,0,0,2,0.0000,0.5786,0.5244,1
313,1403715902.234058142,14.3512,14.3084,7.9892,2,13,0,0,1,1,0.0000,10.9101,10.8530,1
314,1403715902.284058094,3.5678,3.5612,0.2141,2,4,0,0,0,2,0.0000,0.3472,0.2917,1
315,1403715902.334058046,3.9271,3.9191,0.2861,2,4,0,0,0,2,0.0000,0.4239,0.3775,1
316,1403715902.384058237,3.7985,3.8022,0.3989,2,4,0,0,0,2,0.0000,0.5748,0.5145,1
317,1403715902.434058189,14.0842,14.0845,7.8711,2,13,0,0,1,1,0.0000,10.8428,10.7845,1
318,1403715902.484058142,14.1475,14.1486,7.9579,2,13,0,0,1,1,0.0000,10.8119,10.7753,1
319,1403715902.534058094,14.7483,14.7520,8.6017,2,13,0,0,1,1,0.0000,11.5805,11.5250,1
320,1403715902.584058285,3.5805,3.5874,0.2220,2,4,0,0,0,2,0.0000,0.3521,0.3005,1
321,1403715902.634057999,3.8258,3.8198,0.3288,2,4,0,0,0,2,0.0000,0.4734,0.4281,1
322,1403715902.684058189,3.9320,3.9310,0.3998,2,4,0,0,0,2,0.0000,0.5663,0.5213,1
323,1403715902.734058142,14.9102,14.8720,8.2450,2,13,0,0,1,1,0.0000,11.1711,11.1233,1
324,1403715902.784058094,3.8991,3.8635,0.1903,2,4,0,0,0,2,0.0000,0.3042,0.2539,1
325,1403715902.834058046,3.6241,3.6280,0.2770,2,4,0,0,0,2,0.0000,0.4051,0.3596,1
326,1403715902.884058237,3.9740,3.9427,0.3760,2,4,0,0,0,2,0.0000,0.5294,0.4775,1
327,1403715902.934058189,15.0398,14.9867,8.1770,2,13,0,0,1,1,0.0000,11.0529,11.0256,1
328,1403715902.984058142,18.5091,18.4771,8.8429,2,13,0,0,1,1,0.0000,14.6831,14.6194,1
329,1403715903.034058094,4.2644,4.0318,0.2029,2,3,0,0,0,2,0.0000,0.3309,0.2872,1
330,1403715903.084058285,4.0353,4.0417,0.3262,2,4,0,0,0,2,0.0000,0.4687,0.4250,1
331,1403715903.134057999,4.0729,4.0641,0.4539,2,4,0,0,0,2,0.0000,0.6241,0.5775,1
332,1403715903.184058189,14.3563,14.3484,8.0030,2,13,0,0,1,1,0.0000,10.8484,10.8040,1
333,1403715903.234058142,4.1574,4.1462,0.2048,2,4,0,0,0,2,0.0000,0.3285,0.2808,1
334,1403715903.284058094,4.4381,4.4093,0.3419,2,4,0,0,0,2,0.0000,0.4952,0.4399,1
335,1403715903.334058046,4.7913,4.6971,0.4110,2,4,0,0,0,2,0.0000,0.5834,0.5275,1
336,1403715903.384058237,14.9065,14.8595,8.1210,2,13,0,0,1,1,0.0000,11.0447,10.9958,1
337,1403715903.434058189,3.8657,3.8601,0.2170,2,4,0,0,0,2,0.0000,0.3487,0.2963,1
338,1403715903.484058142,3.9488,3.9511,0.3011,2,4,0,0,0,2,0.0000,0.4514,0.3989,1
339,1403715903.534058094,4.3980,4.2470,0.3889,2,4,0,0,0,2,0.0000,0.5535,0.5015,1
340,1403715903.584058285,14.6817,14.6708,8.0829,2,13,0,0,1,1,0.0000,10.9430,10.8870,1
341,1403715903.634057999,4.1101,4.0983,0.2129,2,4,0,0,0,2,0.0000,0.3427,0.2907,1
342,1403715903.684058189,3.9786,3.9723,0.2949,2,4,0,0,0,2,0.0000,0.4456,0.3881,1
343,1403715903.734058142,4.2495,4.2329,0.3948,2,4,0,0,0,2,0.0000,0.5504,0.5036,1
344,1403715903.784058094,14.2927,14.2534,7.7760,2,13,0,0,1,1,0.0000,10.4970,10.4485,1
345,1403715903.834058046,3.9578,3.9563,0.1521,2,4,0,0,0,2,0.0000,0.2492,0.2094,1
346,1403715903.884058237,3.8693,3.8727,0.1962,2,4,0,0,0,2,0.0000,0.2906,0.2579,1
347,1403715903.934058189,4.4296,4.3527,0.2961,2,4,0,0,0,2,0.0000,0.4389,0.3763,1
348,1403715903.984058142,14.1196,13.9793,7.7150,2,13,0,0,1,1,0.0000,10.3249,10.2912,1
349,1403715904.034058094,3.6133,3.6168,0.1411,2,4,0,0,0,2,0.0000,0.2307,0.1925,1
350,1403715904.084058285,3.7246,3.7041,0.2100,2,4,0,0,0,2,0.0000,0.3069,0.2709,1
351,1403715904.134057999,13.5164,13.4878,7.4630,2,13,0,0,1,1,0.0000,10.0470,10.0101,1
352,1403715904.184058189,3.4051,3.4015,0.1400,2,4,0,0,0,2,0.0000,0.2292,0.1905,1
353,1403715904.234058142,3.5164,3.5199,0.2120,2,4,0,0,0,2,0.0000,0.3092,0.2723,1
354,1403715904.284058094,13.4255,13.4043,7.4837,2,13,0,0,1,1,0.0000,10.0621,10.0250,1
355,1403715904.334058046,3.6713,3.6657,0.1607,2,4,0,0,0,2,0.0000,0.2572,0.2194,1
356,1403715904.384058237,3.5168,3.5207,0.2398,2,4,0,0,0,2,0.0000,0.3483,0.3081,1
357,1403715904.434058189,3.8062,3.6996,0.2930,2,4,0,0,0,2,0.0000,0.4156,0.3738,1
358,1403715904.484058142,12.9446,12.9481,7.3199,2,13,0,0,1,1,0.0000,9.8051,9.7677,1
359,1403715904.534058094,3.6805,3.6730,0.1709,2,4,0,0,0,2,0.0000,0.2756,0.2250,1
360,1403715904.584058285,3.8070,3.7808,0.2308,2,4,0,0,0,2,0.0000,0.3311,0.2965,1
361,1403715904.634057999,13.0285,13.0275,7.4511,2,13,0,0,1,1,0.0000,9.9780,9.9378,1
362,1403715904.684058189,3.2719,3.2756,0.1547,2,4,0,0,0,2,0.0000,0.2503,0.2120,1
363,1403715904.734058142,12.6973,12.6799,7.0291,2,13,0,0,1,1,0.0000,9.4470,9.4183,1
364,1403715904.784058094,21.5149,21.4975,12.9859,2,13,0,0,1,1,0.0000,18.4483,18.4043,1
365,1403715904.834058046,3.4264,3.3424,0.1619,2,4,0,0,0,2,0.0000,0.2576,0.2170,1
366,1403715904.884058237,28.4661,28.4458,22.8820,2,13,0,0,1,1,0.0000,25.4028,25.3689,1
367,1403715904.934058189,12.8603,12.8516,7.2439,2,13,0,0,1,1,0.0000,9.6960,9.6497,1
368,1403715904.984058142,3.3789,3.3763,0.1638,2,4,0,0,0,2,0.0000,0.2549,0.2160,1
369,1403715905.034058094,3.4953,3.4864,0.2530,2,4,0,0,0,2,0.0000,0.3663,0.3271,1
370,1403715905.084058285,18.4427,18.4264,12.6891,2,13,0,0,1,1,0.0000,15.3007,15.2622,1
371,1403715905.134057999,4.0099,3.9357,0.2401,2,4,0,0,0,2,0.0000,0.3883,0.3240,1
372,1403715905.184058189,13.1468,13.1314,7.3462,2,13,0,0,1,1,0.0000,9.9467,9.9157,1
373,1403715905.234058142,13.6188,13.6046,7.5250,2,13,0,0,1,1,0.0000,10.2154,10.1662,1
374,1403715905.284058094,3.5259,3.4230,0.1609,2,3,0,0,0,2,0.0000,0.2685,0.2266,1
375,1403715905.334058046,3.5623,3.5204,0.2990,2,4,0,0,0,2,0.0000,0.4203,0.3830,1
376,1403715905.384058237,3.4474,3.4506,0.3879,2,4,0,0,0,2,0.0000,0.5285,0.4909,1
377,1403715905.434058189,13.0259,13.0295,7.5428,2,13,0,0,1,1,0.0000,10.1590,10.1237,1
378,1403715905.484058142,3.3715,3.3515,0.1850,2,4,0,0,0,2,0.0000,0.2874,0.2460,1
379,1403715905.534058094,3.3529,3.3564,0.2818,2,4,0,0,0,2,0.0000,0.4058,0.3627,1
380,1403715905.584058285,3.3913,3.3846,0.3610,2,4,0,0,0,2,0.0000,0.4958,0.4591,1
381,1403715905.634057999,13.2442,13.1752,7.6618,2,13,0,0,1,1,0.0000,10.3587,10.3273,1
382,1403715905.684058189,13.0700,13.0738,7.8068,2,13,0,0,1,1,0.0000,10.3848,10.3497,1
383,1403715905.734058142,13.1845,13.1885,7.8089,2,13,0,0,1,1,0.0000,10.3975,10.3599,1
384,1403715905.784058094,13.2042,13.1931,7.6921,2,13,0,0,1,1,0.0000,10.2893,10.2595,1
385,1403715905.834058046,13.1516,13.1413,7.6911,2,13,0,0,1,1,0.0000,10.2864,10.2555,1
386,1403715905.884058237,3.0023,3.0058,0.1528,2,3,0,0,0,2,0.0000,0.2414,0.2065,1
387,1403715905.934058189,13.5037,13.4317,7.8061,2,13,0,0,1,1,0.0000,10.4456,10.4128,1
388,1403715905.984058142,3.4875,3.4708,0.1528,2,4,0,0,0,2,0.0000,0.2399,0.2012,1
389,1403715906.034058094,13.8555,13.8083,7.7720,2,13,0,0,1,1,0.0000,10.4532,10.4139,1
390,1403715906.084058285,13.6738,13.5729,7.9579,2,13,0,0,1,1,0.0000,10.6281,10.6001,1
391,1403715906.134057999,14.5477,14.3079,8.0142,2,13,0,0,1,1,0.0000,10.8528,10.7946,1
392,1403715906.184058189,3.8934,3.7575,0.2191,2,4,0,0,0,2,0.0000,0.3384,0.2848,1
393,1403715906.234058142,14.9945,14.4591,8.0407,2,13,0,0,1,1,0.0000,10.9533,10.9149,1
394,1403715906.284058094,15.7352,15.2788,8.6479,2,13,0,0,1,1,0.0000,11.4593,11.3983,1
395,1403715906.334058046,4.9721,4.3244,0.2422,2,4,0,0,0,2,0.0000,0.3720,0.3186,1
396,1403715906.384058237,4.3383,4.2553,0.3612,2,4,0,0,0,2,0.0000,0.5080,0.4584,1
397,1403715906.434058189,4.6242,4.4722,0.4668,2,4,0,0,0,2,0.0000,0.6515,0.5932,1
398,1403715906.484058142,15.9050,15.5768,9.0699,2,13,0,0,1,1,0.0000,11.9503,11.8830,1
399,1403715906.534058094,3.6846,3.6758,0.2210,2,4,0,0,0,2,0.0000,0.3428,0.2905,1
400,1403715906.584058285,4.0895,4.0131,0.3040,2,4,0,0,0,2,0.0000,0.4343,0.3876,1
401,1403715906.634057999,4.0876,3.9114,0.3729,2,4,0,0,0,2,0.0000,0.5262,0.4755,1
402,1403715906.684058189,15.0836,15.0186,8.5280,2,13,0,0,1,1,0.0000,11.4800,11.3913,1
403,1403715906.734058142,4.0657,3.9931,0.2081,2,4,0,0,0,2,0.0000,0.3220,0.2742,1
404,1403715906.784058094,4.3643,4.2812,0.3219,2,4,0,0,0,2,0.0000,0.4661,0.4082,1
405,1403715906.834058046,15.0021,14.8635,8.0440,2,13,0,0,1,1,0.0000,10.8177,10.7748,1
406,1403715906.884058237,3.5690,3.5557,0.1678,2,4,0,0,0,2,0.0000,0.2770,0.2220,1
407,1403715906.934058189,4.2049,4.1073,0.2329,2,4,0,0,0,2,0.0000,0.3449,0.2972,1
408,1403715906.984058142,14.2824,14.1668,8.0330,2,13,0,0,1,1,0.0000,10.8122,10.7610,1
409,1403715907.034058094,4.2611,4.0102,0.2279,2,4,0,0,0,2,0.0000,0.3601,0.3040,1
410,1403715907.084058285,4.2900,4.1913,0.3180,2,4,0,0,0,2,0.0000,0.4682,0.4086,1
411,1403715907.134057999,4.3828,4.3307,0.4189,2,4,0,0,0,2,0.0000,0.5880,0.5307,1
412,1403715907.184058189,14.8043,14.6020,8.0862,2,13,0,0,1,1,0.0000,10.8114,10.7530,1
413,1403715907.234058142,4.2201,4.1365,0.2401,2,4,0,0,0,2,0.0000,0.3802,0.3192,1
414,1403715907.284058094,4.3906,4.3064,0.3190,2,4,0,0,0,2,0.0000,0.4612,0.4103,1
415,1403715907.334058046,4.6452,4.5247,0.4349,2,4,0,0,0,2,0.0000,0.6043,0.5500,1
416,1403715907.384058237,14.7000,14.5482,7.9918,2,13,0,0,1,1,0.0000,10.7188,10.6527,1
417,1403715907.434058189,4.1697,3.9773,0.2310,2,4,0,0,0,2,0.0000,0.3594,0.3059,1
418,1403715907.484058142,4.9960,4.4753,0.6690,2,4,0,0,0,2,0.0000,0.8204,0.7589,1
419,1403715907.534058094,7.7428,6.6510,0.4261,2,4,0,0,0,2,0.0000,0.6137,0.5479,1
420,1403715907.584058285,14.4853,14.4235,8.0371,2,13,0,0,1,1,0.0000,10.9319,10.8812,1
421,1403715907.634057999,4.6991,4.2187,0.2100,2,4,0,0,0,2,0.0000,0.3517,0.2915,1
422,1403715907.684058189,4.1725,4.0845,0.2980,2,4,0,0,0,2,0.0000,0.4429,0.3867,1
423,1403715907.734058142,3.8894,3.8377,0.4070,2,4,0,0,0,2,0.0000,0.5711,0.5139,1
424,1403715907.784058094,19.6910,19.6568,13.5252,2,13,0,0,1,1,0.0000,16.3853,16.3296,1
425,1403715907.834058046,3.8577,3.7116,0.1991,2,4,0,0,0,2,0.0000,0.3277,0.2708,1
426,1403715907.884058237,3.6269,3.6295,0.3049,2,4,0,0,0,2,0.0000,0.4500,0.3924,1
427,1403715907.934058189,3.7847,3.7704,0.3703,2,4,0,0,0,2,0.0000,0.5230,0.4683,1
428,1403715907.984058142,13.7772,13.6936,7.7212,2,13,0,0,1,1,0.0000,10.5211,10.4698,1
429,1403715908.034058094,3.5614,3.5244,0.2298,2,4,0,0,0,2,0.0000,0.3613,0.3047,1
430,1403715908.084058285,3.6471,3.6411,0.2849,2,4,0,0,0,2,0.0000,0.4205,0.3728,1
431,1403715908.134057999,4.0878,4.0540,0.3510,2,4,0,0,0,2,0.0000,0.5050,0.4503,1
432,1403715908.184058189,13.6579,13.5941,7.7107,2,13,0,0,1,1,0.0000,10.5225,10.4715,1
433,1403715908.234058142,3.6855,3.6153,0.2160,2,4,0,0,0,2,0.0000,0.3390,0.2870,1
434,1403715908.284058094,3.5455,3.5128,0.2773,2,4,0,0,0,2,0.0000,0.4051,0.3534,1
435,1403715908.334058046,3.5733,3.5680,0.3681,2,4,0,0,0,2,0.0000,0.5163,0.4620,1
436,1403715908.384058237,13.5915,13.4348,7.4432,2,13,0,0,1,1,0.0000,10.2232,10.1727,1
437,1403715908.434058189,3.6932,3.6137,0.2141,2,4,0,0,0,2,0.0000,0.3580,0.2866,1
438,1403715908.484058142,3.6873,3.6731,0.2661,2,4,0,0,0,2,0.0000,0.4003,0.3451,1
439,1403715908.534058094,3.8378,3.8277,0.3602,2,4,0,0,0,2,0.0000,0.5187,0.4565,1
440,1403715908.584058285,13.4039,13.3812,7.2541,2,13,0,0,1,1,0.0000,10.0069,9.9551,1
441,1403715908.634057999,3.6963,3.6945,0.2081,2,4,0,0,0,2,0.0000,0.3330,0.2782,1
442,1403715908.684058189,3.4260,3.4293,0.2582,2,4,0,0,0,2,0.0000,0.3817,0.3325,1
443,1403715908.734058142,3.9309,3.9068,0.3593,2,4,0,0,0,2,0.0000,0.5024,0.4533,1
444,1403715908.784058094,13.7419,13.7296,7.3609,2,13,0,0,1,1,0.0000,10.1186,10.0615,1
445,1403715908.834058046,3.7914,3.7750,0.2198,2,4,0,0,0,2,0.0000,0.3690,0.3039,1
446,1403715908.884058237,4.1252,4.0955,0.3178,2,4,0,0,0,2,0.0000,0.4778,0.4178,1
447,1403715908.934058189,4.2569,4.1949,0.4280,2,4,0,0,0,2,0.0000,0.6065,0.5473,1
448,1403715908.984058142,19.5688,19.5505,13.1738,2,13,0,0,1,1,0.0000,15.9903,15.9353,1
449,1403715909.034058094,4.2278,4.2226,0.2460,2,4,0,0,0,2,0.0000,0.3917,0.3344,1
450,1403715909.084058285,4.2573,4.2069,0.3312,2,4,0,0,0,2,0.0000,0.4922,0.4311,1
451,1403715909.134057999,4.1220,4.1134,0.4430,2,4,0,0,0,2,0.0000,0.6331,0.5690,1
452,1403715909.184058189,20.0147,19.9375,13.5908,2,13,0,0,1,1,0.0000,16.5110,16.4394,1
453,1403715909.234058142,3.8342,3.8224,0.2599,2,4,0,0,0,2,0.0000,0.4065,0.3482,1
454,1403715909.284058094,4.1347,4.0738,0.3419,2,4,0,0,0,2,0.0000,0.5130,0.4475,1
455,1403715909.334058046,4.2899,4.2060,0.4351,2,4,0,0,0,2,0.0000,0.6258,0.5619,1
456,1403715909.384058237,15.2907,14.8847,8.4469,2,13,0,0,1,1,0.0000,11.5408,11.4761,1
457,1403715909.434058189,4.1731,4.0922,0.2391,2,4,0,0,0,2,0.0000,0.3957,0.3288,1
458,1403715909.484058142,4.2552,4.1217,0.3331,2,4,0,0,0,2,0.0000,0.4981,0.4344,1
459,1403715909.534058094,4.8314,4.6567,0.4210,2,4,0,0,0,2,0.0000,0.6327,0.5458,1
460,1403715909.584058285,14.0710,14.0418,7.4563,2,13,0,0,1,1,0.0000,10.2422,10.1845,1
461,1403715909.634057999,4.4166,4.3645,0.2370,2,4,0,0,0,2,0.0000,0.3820,0.3194,1
462,1403715909.684058189,4.4790,4.4608,0.2971,2,4,0,0,0,2,0.0000,0.4399,0.3887,1
463,1403715909.734058142,4.5072,4.3668,0.3979,2,4,0,0,0,2,0.0000,0.5630,0.5111,1
464,1403715909.784058094,14.6010,14.3155,7.4019,2,13,0,0,1,1,0.0000,10.0915,10.0380,1
465,1403715909.834058046,3.9910,3.9858,0.1850,2,4,0,0,0,2,0.0000,0.3046,0.2507,1
466,1403715909.884058237,4.3455,4.3047,0.2348,2,4,0,0,0,2,0.0000,0.3538,0.3081,1
467,1403715909.934058189,14.0673,14.0209,7.3669,2,13,0,0,1,1,0.0000,10.0534,10.0088,1
468,1403715909.984058142,14.5142,14.4805,7.4041,2,13,0,0,1,1,0.0000,10.0847,10.0430,1
469,1403715910.034058094,14.5657,14.5638,7.4320,2,13,0,0,1,1,0.0000,10.2110,10.1722,1
470,1403715910.084058285,14.7979,14.7717,7.5910,2,13,0,0,1,1,0.0000,10.3691,10.3286,1
471,1403715910.134057999,15.2725,15.1879,7.6880,2,13,0,0,1,1,0.0000,10.3979,10.3515,1
472,1403715910.184058189,14.8942,14.8630,7.7968,2,13,0,0,1,1,0.0000,10.4878,10.4436,1
473,1403715910.234058142,14.8206,14.7905,7.7901,2,13,0,0,1,1,0.0000,10.4117,10.3705,1
474,1403715910.284058094,4.2665,4.1635,0.1581,2,3,0,0,0,2,0.0000,0.2525,0.2160,1
475,1403715910.334058046,4.4076,4.3527,0.2990,2,4,0,0,0,2,0.0000,0.4161,0.3796,1
476,1403715910.384058237,30.9833,30.8731,24.3073,2,13,0,0,1,1,0.0000,26.9876,26.9520,1
477,1403715910.434058189,4.1227,4.1138,0.1762,2,4,0,0,0,2,0.0000,0.2707,0.2316,1
478,1403715910.484058142,3.9880,3.9012,0.2618,2,4,0,0,0,2,0.0000,0.3751,0.3386,1
479,1403715910.534058094,14.0976,13.9976,7.7600,2,13,0,0,1,1,0.0000,10.3922,10.3547,1
480,1403715910.584058285,14.0783,14.0495,7.6711,2,13,0,0,1,1,0.0000,10.2953,10.2608,1
481,1403715910.634057999,14.0210,14.0218,7.9350,2,13,0,0,1,1,0.0000,10.5440,10.5062,1
482,1403715910.684058189,3.7466,3.7337,0.1750,2,4,0,0,0,2,0.0000,0.2767,0.2327,1
483,1403715910.734058142,13.9019,13.9037,7.9110,2,13,0,0,1,1,0.0000,10.5228,10.4914,1
484,1403715910.784058094,3.7897,3.7750,0.1738,2,4,0,0,0,2,0.0000,0.2680,0.2294,1
485,1403715910.834058046,13.8833,13.8829,7.9198,2,13,0,0,1,1,0.0000,10.4571,10.4214,1
486,1403715910.884058237,3.8729,3.8386,0.1841,2,4,0,0,0,2,0.0000,0.2757,0.2402,1
487,1403715910.934058189,4.0657,3.9738,0.2620,2,4,0,0,0,2,0.0000,0.3767,0.3345,1
488,1403715910.984058142,13.8464,13.8470,7.8847,2,13,0,0,1,1,0.0000,10.5074,10.4700,1
489,1403715911.034058094,13.9003,13.8815,7.8771,2,13,0,0,1,1,0.0000,10.5235,10.4925,1
490,1403715911.084058285,13.8048,13.8060,7.8430,2,13,0,0,1,1,0.0000,10.5518,10.5146,1
491,1403715911.134057999,3.6640,3.6298,0.1709,2,4,0,0,0,2,0.0000,0.2604,0.2246,1
492,1403715911.184058189,13.8167,13.6803,7.5958,2,13,0,0,1,1,0.0000,10.2357,10.2038,1
493,1403715911.234058142,13.4880,13.4795,7.6313,2,13,0,0,1,1,0.0000,10.2904,10.2480,1
494,1403715911.284058094,3.6089,3.5940,0.1671,2,4,0,0,0,2,0.0000,0.2558,0.2199,1
495,1403715911.334058046,14.1715,14.1410,7.9350,2,13,0,0,1,1,0.0000,10.5528,10.5187,1
496,1403715911.384058237,14.1616,14.1481,8.1151,2,13,0,0,1,1,0.0000,10.7700,10.7274,1
497,1403715911.434058189,19.7953,19.7757,13.5708,2,13,0,0,1,1,0.0000,16.2369,16.1947,1
498,1403715911.484058142,37.3290,37.3088,31.2672,2,13,0,0,1,1,0.0000,33.9098,33.8796,1
499,1403715911.534058094,38.5990,38.5406,32.1069,2,13,1,0,0,1,0.0000,34.7355,34.6921,1
500,1403715911.584058285,3.6324,3.6066,0.1621,2,3,0,0,0,2,0.0000,0.2611,0.2179,1
501,1403715911.634057999,20.0471,20.0348,14.0889,2,13,0,0,1,1,0.0000,16.9335,16.8993,1
502,1403715911.684058189,3.7268,3.6970,0.1850,2,4,0,0,0,2,0.0000,0.2882,0.2474,1
503,1403715911.734058142,3.7166,3.7098,0.2952,2,4,0,0,0,2,0.0000,0.4214,0.3766,1
504,1403715911.784058094,14.6054,14.5360,8.1787,2,13,0,0,1,1,0.0000,10.9986,10.9568,1
505,1403715911.834058046,3.6086,3.5961,0.1969,2,4,0,0,0,2,0.0000,0.3033,0.2598,1
506,1403715911.884058237,3.6711,3.6423,0.2680,2,4,0,0,0,2,0.0000,0.3849,0.3417,1
507,1403715911.934058189,3.6034,3.6071,0.3500,2,4,0,0,0,2,0.0000,0.4784,0.4400,1
508,1403715911.984058142,13.8957,13.8332,7.9560,2,13,0,0,1,1,0.0000,10.6701,10.6339,1
509,1403715912.034058094,3.7099,3.6721,0.1788,2,4,0,0,0,2,0.0000,0.2742,0.2374,1
510,1403715912.084058285,3.3934,3.3970,0.2401,2,4,0,0,0,2,0.0000,0.3405,0.3083,1
511,1403715912.134057999,13.7343,13.7384,7.8700,2,13,0,0,1,1,0.0000,10.6239,10.5790,1
512,1403715912.184058189,3.5117,3.5154,0.1941,2,4,0,0,0,2,0.0000,0.3088,0.2576,1
513,1403715912.234058142,3.5070,3.5104,0.2921,2,4,0,0,0,2,0.0000,0.4128,0.3715,1
514,1403715912.284058094,3.7639,3.7148,0.3290,2,4,0,0,0,2,0.0000,0.4546,0.4133,1
515,1403715912.334058046,13.7700,13.7740,7.8399,2,13,0,0,1,1,0.0000,10.6775,10.6341,1
516,1403715912.384058237,3.6718,3.6561,0.1910,2,4,0,0,0,2,0.0000,0.2956,0.2487,1
517,1403715912.434058189,3.8126,3.7437,0.2511,2,4,0,0,0,2,0.0000,0.3818,0.3284,1
518,1403715912.484058142,3.6341,3.6376,0.3278,2,4,0,0,0,2,0.0000,0.4667,0.4178,1
519,1403715912.534058094,13.4990,13.4788,7.5150,2,13,0,0,1,1,0.0000,10.1741,10.1305,1
520,1403715912.584058285,3.5751,3.5662,0.1931,2,4,0,0,0,2,0.0000,0.3088,0.2560,1
521,1403715912.634057999,3.6003,3.5849,0.2401,2,4,0,0,0,2,0.0000,0.3682,0.3211,1
522,1403715912.684058189,3.6997,3.6886,0.3529,2,4,0,0,0,2,0.0000,0.4960,0.4457,1
523,1403715912.734058142,13.6918,13.6921,7.6342,2,13,0,0,1,1,0.0000,10.4375,10.3917,1
524,1403715912.784058094,3.5040,3.4944,0.1607,2,4,0,0,0,2,0.0000,0.2613,0.2146,1
525,1403715912.834058046,13.3471,13.3507,7.5130,2,13,0,0,1,1,0.0000,10.2422,10.1991,1
526,1403715912.884058237,12.8215,12.8213,7.3571,2,13,0,0,1,1,0.0000,10.0057,9.9677,1
527,1403715912.934058189,12.6193,12.6197,7.2420,2,13,0,0,1,1,0.0000,9.8987,9.8608,1
528,1403715912.984058142,12.8507,12.8500,7.1449,2,13,0,0,1,1,0.0000,9.7667,9.7245,1
529,1403715913.034058094,13.1162,13.1144,7.2429,2,13,0,0,1,1,0.0000,9.8618,9.8176,1
530,1403715913.084058285,3.2301,3.2318,0.1609,2,3,0,0,0,2,0.0000,0.2540,0.2158,1
531,1403715913.134057999,13.3036,13.2688,7.3903,2,13,0,0,1,1,0.0000,9.9627,9.9230,1
532,1403715913.184058189,37.1429,37.1295,31.2140,2,13,0,0,1,1,0.0000,33.7389,33.6760,1
533,1403715913.234058142,3.2862,3.2715,0.2050,2,4,0,0,0,2,0.0000,0.3090,0.2697,1
534,1403715913.284058094,13.1647,13.0994,7.3261,2,13,0,0,1,1,0.0000,9.9138,9.8778,1
535,1403715913.334058046,3.0937,3.0973,0.1981,2,4,0,0,0,2,0.0000,0.2854,0.2508,1
536,1403715913.384058237,12.5858,12.5895,7.2961,2,13,0,0,1,1,0.0000,9.8876,9.8588,1
537,1403715913.434058189,12.6267,12.6305,7.4549,2,13,0,0,1,1,0.0000,9.9654,9.9375,1
538,1403715913.484058142,2.9167,2.9202,0.1509,2,4,0,0,0,2,0.0000,0.2305,0.1998,1
539,1403715913.534058094,13.2676,13.2095,7.6449,2,13,0,0,1,1,0.0000,10.2819,10.2490,1
540,1403715913.584058285,3.1969,3.1822,0.1869,2,4,0,0,0,2,0.0000,0.2817,0.2457,1
541,1403715913.634057999,3.3651,3.3688,0.2830,2,4,0,0,0,2,0.0000,0.4008,0.3623,1
542,1403715913.684058189,3.5252,3.5287,0.4332,2,4,0,0,0,2,0.0000,0.5963,0.5478,1
543,1403715913.734058142,13.8359,13.8353,8.1799,2,13,0,0,1,1,0.0000,10.8788,10.8378,1
544,1403715913.784058094,3.4083,3.4117,0.2382,2,4,0,0,0,2,0.0000,0.3690,0.3185,1
545,1403715913.834058046,3.6204,3.6156,0.3431,2,4,0,0,0,2,0.0000,0.4981,0.4473,1
546,1403715913.884058237,3.9125,3.8480,0.4241,2,4,0,0,0,2,0.0000,0.5870,0.5433,1
547,1403715913.934058189,14.0122,14.0098,8.1780,2,13,0,0,1,1,0.0000,10.9917,10.9446,1
548,1403715913.984058142,3.4848,3.4294,0.2420,2,4,0,0,0,2,0.0000,0.3700,0.3234,1
549,1403715914.034058094,3.6667,3.6569,0.3390,2,4,0,0,0,2,0.0000,0.4921,0.4428,1
550,1403715914.084058285,3.7950,3.7911,0.4389,2,4,0,0,0,2,0.0000,0.6228,0.5717,1
551,1403715914.134057999,14.0651,14.0668,8.2731,2,13,0,0,1,1,0.0000,11.0580,11.0073,1
552,1403715914.184058189,3.5029,3.5022,0.2611,2,4,0,0,0,2,0.0000,0.3991,0.3487,1
553,1403715914.234058142,3.5870,3.5665,0.3600,2,4,0,0,0,2,0.0000,0.5166,0.4688,1
554,1403715914.284058094,3.5266,3.5284,0.4361,2,4,0,0,0,2,0.0000,0.6014,0.5602,1
555,1403715914.334058046,13.8892,13.8820,8.1770,2,13,0,0,1,1,0.0000,10.9601,10.9173,1
556,1403715914.384058237,3.2475,3.2492,0.1991,2,4,0,0,0,2,0.0000,0.3086,0.2678,1
557,1403715914.434058189,3.2466,3.2505,0.3061,2,4,0,0,0,2,0.0000,0.4384,0.3981,1
558,1403715914.484058142,3.4854,3.4828,0.3932,2,4,0,0,0,2,0.0000,0.5465,0.5071,1
559,1403715914.534058094,14.0185,13.9359,8.0860,2,13,0,0,1,1,0.0000,10.8786,10.8324,1
560,1403715914.584058285,3.6238,3.6011,0.2201,2,4,0,0,0,2,0.0000,0.3500,0.2963,1
561,1403715914.634057999,3.7825,3.7528,0.3140,2,4,0,0,0,2,0.0000,0.4645,0.4158,1
562,1403715914.684058189,3.8901,3.7925,0.3958,2,4,0,0,0,2,0.0000,0.5648,0.5167,1
563,1403715914.734058142,14.3486,14.2703,8.1160,2,13,0,0,1,1,0.0000,10.9593,10.9095,1
564,1403715914.784058094,3.5750,3.5683,0.2201,2,4,0,0,0,2,0.0000,0.3415,0.2971,1
565,1403715914.834058046,3.8070,3.7625,0.3180,2,4,0,0,0,2,0.0000,0.4618,0.4130,1
566,1403715914.884058237,3.7419,3.7414,0.4001,2,4,0,0,0,2,0.0000,0.5685,0.5182,1
567,1403715914.934058189,13.9622,13.9491,7.8690,2,13,0,0,1,1,0.0000,10.5842,10.5491,1
568,1403715914.984058142,3.2237,3.2182,0.1593,2,4,0,0,0,2,0.0000,0.2701,0.2132,1
569,1403715915.034058094,3.5082,3.5061,0.2501,2,4,0,0,0,2,0.0000,0.3792,0.3235,1
570,1403715915.084058285,3.6042,3.6062,0.3402,2,4,0,0,0,2,0.0000,0.4840,0.4360,1
571,1403715915.134057999,14.3294,14.3211,8.1162,2,13,0,0,1,1,0.0000,11.0965,11.0355,1
572,1403715915.184058189,3.5917,3.5927,0.3021,2,4,0,0,0,2,0.0000,0.4769,0.4095,1
573,1403715915.234058142,3.7091,3.7070,0.3762,2,4,0,0,0,2,0.0000,0.5484,0.5017,1
574,1403715915.284058094,3.7880,3.7916,0.4501,2,4,0,0,0,2,0.0000,0.6308,0.5856,1
575,1403715915.334058046,14.1205,14.1181,8.1289,2,13,0,0,1,1,0.0000,10.9988,10.9522,1
576,1403715915.384058237,3.4042,3.4039,0.1519,2,4,0,0,0,2,0.0000,0.2439,0.2094,1
577,1403715915.434058189,3.0633,3.0560,0.2491,2,4,0,0,0,2,0.0000,0.3589,0.3259,1
578,1403715915.484058142,3.1095,3.1069,0.3011,2,4,0,0,0,2,0.0000,0.4204,0.3896,1
579,1403715915.534058094,13.7882,13.7737,8.0588,2,13,0,0,1,1,0.0000,10.9622,10.9295,1
580,1403715915.584058285,3.1899,3.1878,0.1609,2,4,0,0,0,2,0.0000,0.2665,0.2202,1
581,1403715915.634057999,3.3138,3.3042,0.2410,2,4,0,0,0,2,0.0000,0.3652,0.3190,1
582,1403715915.684058189,3.4382,3.4058,0.3130,2,4,0,0,0,2,0.0000,0.4499,0.4060,1
583,1403715915.734058142,14.4070,14.3905,8.1182,2,13,0,0,1,1,0.0000,11.1664,11.1175,1
584,1403715915.784058094,3.4907,3.4944,0.2389,2,4,0,0,0,2,0.0000,0.3802,0.3288,1
585,1403715915.834058046,3.6677,3.6713,0.3400,2,4,0,0,0,2,0.0000,0.4952,0.4465,1
586,1403715915.884058237,3.8688,3.8487,0.4396,2,4,0,0,0,2,0.0000,0.6276,0.5743,1
587,1403715915.934058189,14.6737,14.6555,8.4600,2,13,0,0,1,1,0.0000,11.5022,11.4488,1
588,1403715915.984058142,3.9174,3.8796,0.2499,2,4,0,0,0,2,0.0000,0.3987,0.3402,1
589,1403715916.034058094,4.1947,4.1815,0.3541,2,4,0,0,0,2,0.0000,0.5305,0.4716,1
590,1403715916.084058285,3.7360,3.7397,0.4270,2,4,0,0,0,2,0.0000,0.6175,0.5641,1
591,1403715916.134057999,14.4478,14.4485,8.2860,2,13,0,0,1,1,0.0000,11.3517,11.2990,1
592,1403715916.184058189,3.6589,3.6355,0.2398,2,4,0,0,0,2,0.0000,0.3764,0.3228,1
593,1403715916.234058142,3.8043,3.7657,0.3271,2,4,0,0,0,2,0.0000,0.4896,0.4336,1
594,1403715916.284058094,3.7610,3.7431,0.4280,2,4,0,0,0,2,0.0000,0.6092,0.5560,1
595,1403715916.334058046,14.4797,14.4834,8.3687,2,13,0,0,1,1,0.0000,11.4110,11.3465,1
596,1403715916.384058237,3.8965,3.8457,0.2539,2,4,0,0,0,2,0.0000,0.4127,0.3472,1
597,1403715916.434058189,3.5728,3.5717,0.3090,2,4,0,0,0,2,0.0000,0.4699,0.4111,1
598,1403715916.484058142,3.6795,3.6716,0.3748,2,4,0,0,0,2,0.0000,0.5535,0.4974,1
599,1403715916.534058094,14.7350,14.7384,8.5680,2,13,0,0,1,1,0.0000,11.6162,11.5670,1
600,1403715916.584058285,3.5605,3.5561,0.2248,2,4,0,0,0,2,0.0000,0.3546,0.3032,1
601,1403715916.634057999,3.5922,3.5870,0.3190,2,4,0,0,0,2,0.0000,0.4710,0.4180,1
602,1403715916.684058189,3.6963,3.6998,0.4032,2,4,0,0,0,2,0.0000,0.5694,0.5214,1
603,1403715916.734058142,39.0470,39.0340,32.7039,2,13,1,0,0,1,0.0000,35.7121,35.6851,1
604,1403715916.784058094,18.2067,18.2103,9.2409,2,13,0,0,1,1,0.0000,15.2423,15.1872,1
605,1403715916.834058046,3.8075,3.7883,0.2878,2,4,0,0,0,2,0.0000,0.4460,0.3860,1
606,1403715916.884058237,3.6845,3.6786,0.3731,2,4,0,0,0,2,0.0000,0.5295,0.4863,1
607,1403715916.934058189,3.7051,3.7060,0.4680,2,4,0,0,0,2,0.0000,0.6626,0.6115,1
608,1403715916.984058142,15.0088,15.0125,8.7581,2,13,0,0,1,1,0.0000,11.9622,11.9119,1
609,1403715917.034058094,3.7457,3.6322,0.1478,2,3,0,0,0,2,0.0000,0.2396,0.2074,1
610,1403715917.084058285,18.5629,18.5096,9.3639,2,13,0,0,1,1,0.0000,15.2752,15.2307,1
611,1403715917.134057999,4.0217,4.0236,0.2007,2,4,0,0,0,2,0.0000,0.3264,0.2734,1
612,1403715917.184058189,4.6540,4.3862,0.3266,2,4,0,0,0,2,0.0000,0.4691,0.4235,1
613,1403715917.234058142,4.0155,4.0110,0.3939,2,4,0,0,0,2,0.0000,0.5495,0.5058,1
614,1403715917.284058094,15.5428,15.4917,8.9152,2,13,0,0,1,1,0.0000,12.0459,11.9992,1
615,1403715917.334058046,3.7377,3.6851,0.1771,2,4,0,0,0,2,0.0000,0.2873,0.2428,1
616,1403715917.384058237,3.6502,3.6363,0.2680,2,4,0,0,0,2,0.0000,0.3987,0.3487,1
617,1403715917.434058189,3.9829,3.9827,0.3831,2,4,0,0,0,2,0.0000,0.5605,0.5040,1
618,1403715917.484058142,39.1999,39.1727,32.7651,2,12,1,0,0,1,0.0000,35.8422,35.7931,1
619,1403715917.534058094,3.7452,3.7126,0.2160,2,4,0,0,0,2,0.0000,0.3519,0.2973,1
620,1403715917.584058285,3.7508,3.7406,0.3521,2,4,0,0,0,2,0.0000,0.5210,0.4689,1
621,1403715917.634057999,4.1734,4.1190,0.4392,2,4,0,0,0,2,0.0000,0.6252,0.5693,1
622,1403715917.684058189,15.4118,15.3894,9.0060,2,13,0,0,1,1,0.0000,12.1544,12.1003,1
623,1403715917.734058142,3.6122,3.6096,0.2692,2,4,0,0,0,2,0.0000,0.4234,0.3676,1
624,1403715917.784058094,3.6006,3.6042,0.3521,2,4,0,0,0,2,0.0000,0.5183,0.4685,1
625,1403715917.834058046,3.8998,3.8929,0.5100,2,4,0,0,0,2,0.0000,0.7220,0.6658,1
626,1403715917.884058237,15.1397,15.0157,8.8460,2,13,0,0,1,1,0.0000,11.8718,11.8088,1
627,1403715917.934058189,3.6430,3.6312,0.2198,2,4,0,0,0,2,0.0000,0.3632,0.2995,1
628,1403715917.984058142,3.6822,3.6858,0.3231,2,4,0,0,0,2,0.0000,0.4873,0.4263,1
629,1403715918.034058094,3.7942,3.7347,0.4270,2,4,0,0,0,2,0.0000,0.6138,0.5540,1
630,1403715918.084058285,15.0803,15.0540,8.7061,2,13,0,0,1,1,0.0000,11.7128,11.6536,1
631,1403715918.134057999,14.4978,14.4968,8.3711,2,13,0,0,1,1,0.0000,11.3043,11.2357,1
632,1403715918.184058189,3.7270,3.7113,0.1760,2,3,0,0,0,2,0.0000,0.3072,0.2416,1
633,1403715918.234058142,3.8995,3.8960,0.3119,2,4,0,0,0,2,0.0000,0.4646,0.4019,1
634,1403715918.284058094,14.6548,14.6509,8.2760,2,13,0,0,1,1,0.0000,11.3103,11.2525,1
635,1403715918.334058046,3.6789,3.6561,0.1872,2,4,0,0,0,2,0.0000,0.3079,0.2473,1
636,1403715918.384058237,4.0046,3.9855,0.2890,2,4,0,0,0,2,0.0000,0.4321,0.3780,1
637,1403715918.434058189,15.1571,15.1242,8.1699,2,13,0,0,1,1,0.0000,11.1398,11.0809,1
638,1403715918.484058142,4.2042,4.1285,0.1781,2,4,0,0,0,2,0.0000,0.2953,0.2359,1
639,1403715918.534058094,14.9693,14.9544,8.3761,2,13,0,0,1,1,0.0000,11.3018,11.2640,1
640,1403715918.584058285,17.5103,17.5142,8.5580,2,13,0,0,1,1,0.0000,14.4424,14.3847,1
641,1403715918.634057999,3.7585,3.7621,0.2003,2,3,0,0,0,2,0.0000,0.3281,0.2771,1
642,1403715918.684058189,4.2622,4.2630,0.3080,2,4,0,0,0,2,0.0000,0.4321,0.3956,1
643,1403715918.734058142,4.7939,4.7631,0.4070,2,4,0,0,0,2,0.0000,0.5644,0.5152,1
644,1403715918.784058094,15.0899,15.0705,8.0981,2,13,0,0,1,1,0.0000,11.0850,11.0362,1
645,1403715918.834058046,4.2626,4.2611,0.2198,2,4,0,0,0,2,0.0000,0.3421,0.2930,1
646,1403715918.884058237,4.0631,4.0673,0.2851,2,4,0,0,0,2,0.0000,0.4209,0.3667,1
647,1403715918.934058189,4.1353,4.1189,0.3541,2,4,0,0,0,2,0.0000,0.5045,0.4507,1
648,1403715918.984058142,14.9750,14.9760,8.5049,2,13,0,0,1,1,0.0000,11.6186,11.5605,1
649,1403715919.034058094,3.6607,3.6682,0.2332,2,4,0,0,0,2,0.0000,0.3672,0.3139,1
650,1403715919.084058285,3.8777,3.8750,0.3526,2,4,0,0,0,2,0.0000,0.5280,0.4659,1
651,1403715919.134057999,3.8543,3.8600,0.3850,2,4,0,0,0,2,0.0000,0.5545,0.4995,1
652,1403715919.184058189,15.1373,15.1386,8.4040,2,13,0,0,1,1,0.0000,11.6568,11.5864,1
653,1403715919.234058142,4.2611,4.1715,0.2990,2,4,0,0,0,2,0.0000,0.4735,0.4046,1
654,1403715919.284058094,4.2206,4.2011,0.3753,2,4,0,0,0,2,0.0000,0.5612,0.4956,1
655,1403715919.334058046,4.1977,4.1451,0.4869,2,4,0,0,0,2,0.0000,0.7059,0.6328,1
656,1403715919.384058237,15.3738,15.3221,8.5459,2,13,0,0,1,1,0.0000,11.7503,11.6797,1
657,1403715919.434058189,4.0032,3.9868,0.3033,2,4,0,0,0,2,0.0000,0.4887,0.4125,1
658,1403715919.484058142,3.8935,3.8975,0.3972,2,4,0,0,0,2,0.0000,0.5968,0.5310,1
659,1403715919.534058094,4.0950,4.0798,0.5052,2,4,0,0,0,2,0.0000,0.7295,0.6566,1
660,1403715919.584058285,14.8413,14.8458,8.4698,2,13,0,0,1,1,0.0000,11.4898,11.4211,1
661,1403715919.634057999,4.0431,4.0343,0.2968,2,4,0,0,0,2,0.0000,0.4715,0.4033,1
662,1403715919.684058189,4.2295,4.1755,0.4389,2,4,0,0,0,2,0.0000,0.6777,0.5884,1
663,1403715919.734058142,4.1792,4.1722,0.5069,2,4,0,0,0,2,0.0000,0.7292,0.6622,1
664,1403715919.784058094,14.6943,14.6969,8.3382,2,13,0,0,1,1,0.0000,11.2974,11.2313,1
665,1403715919.834058046,3.9368,3.8672,0.2382,2,4,0,0,0,2,0.0000,0.3978,0.3260,1
666,1403715919.884058237,4.0226,3.8172,0.3550,2,4,0,0,0,2,0.0000,0.5508,0.4733,1
667,1403715919.934058189,3.9783,3.9795,0.4683,2,4,0,0,0,2,0.0000,0.6850,0.6088,1
668,1403715919.984058142,14.7967,14.7868,8.4620,2,13,0,0,1,1,0.0000,11.4145,11.3435,1
669,1403715920.034058094,3.9055,3.8900,0.1972,2,4,0,0,0,2,0.0000,0.3384,0.2688,1
670,1403715920.084058285,4.0889,4.0422,0.3233,2,4,0,0,0,2,0.0000,0.4931,0.4220,1
671,1403715920.134057999,4.1159,4.1192,0.4048,2,4,0,0,0,2,0.0000,0.5992,0.5300,1
672,1403715920.184058189,14.8257,14.8173,8.2550,2,13,0,0,1,1,0.0000,11.2073,11.1348,1
673,1403715920.234058142,3.8642,3.8679,0.2182,2,4,0,0,0,2,0.0000,0.3660,0.2961,1
674,1403715920.284058094,4.1749,4.1625,0.3283,2,4,0,0,0,2,0.0000,0.5000,0.4367,1
675,1403715920.334058046,4.3607,4.2969,0.4139,2,4,0,0,0,2,0.0000,0.5927,0.5353,1
676,1403715920.384058237,15.0091,14.9947,8.3370,2,13,0,0,1,1,0.0000,11.3185,11.2508,1
677,1403715920.434058189,3.8507,3.8544,0.1941,2,4,0,0,0,2,0.0000,0.3290,0.2680,1
678,1403715920.484058142,4.0559,4.0540,0.2878,2,4,0,0,0,2,0.0000,0.4275,0.3714,1
679,1403715920.534058094,4.2142,4.2030,0.3860,2,4,0,0,0,2,0.0000,0.5542,0.4948,1
680,1403715920.584058285,14.6993,14.7009,8.0011,2,13,0,0,1,1,0.0000,11.0635,11.0072,1
681,1403715920.634057999,3.9873,3.9814,0.1791,2,4,0,0,0,2,0.0000,0.2970,0.2423,1
682,1403715920.684058189,4.2569,4.2603,0.2542,2,4,0,0,0,2,0.0000,0.3891,0.3359,1
683,1403715920.734058142,4.5905,4.5919,0.3710,2,4,0,0,0,2,0.0000,0.5370,0.4772,1
684,1403715920.784058094,15.6151,15.5898,8.2021,2,13,0,0,1,1,0.0000,11.3160,11.2517,1
685,1403715920.834058046,4.3111,4.3150,0.1998,2,4,0,0,0,2,0.0000,0.3241,0.2665,1
686,1403715920.884058237,4.8714,4.8364,0.2739,2,4,0,0,0,2,0.0000,0.4090,0.3577,1
687,1403715920.934058189,4.5052,4.5087,0.3669,2,4,0,0,0,2,0.0000,0.5219,0.4684,1
688,1403715920.984058142,15.5684,15.5720,8.4169,2,13,0,0,1,1,0.0000,11.5955,11.5382,1
689,1403715921.034058094,4.7943,4.7647,0.2358,2,4,0,0,0,2,0.0000,0.3795,0.3212,1
690,1403715921.084058285,4.4490,4.3974,0.3250,2,4,0,0,0,2,0.0000,0.4863,0.4287,1
691,1403715921.134057999,4.9058,4.8651,0.4327,2,4,0,0,0,2,0.0000,0.6320,0.5610,1
692,1403715921.184058189,16.3369,16.1524,8.8820,2,13,0,0,1,1,0.0000,12.1589,12.0984,1
693,1403715921.234058142,4.2457,4.2492,0.2732,2,4,0,0,0,2,0.0000,0.4342,0.3750,1
694,1403715921.284058094,4.4765,4.4368,0.3779,2,4,0,0,0,2,0.0000,0.5755,0.5019,1
695,1403715921.334058046,4.6288,4.6193,0.4981,2,4,0,0,0,2,0.0000,0.7262,0.6593,1
696,1403715921.384058237,17.0907,16.9999,9.7830,2,13,0,0,1,1,0.0000,13.1275,13.0848,1
697,1403715921.434058189,3.4586,3.4619,0.1879,2,4,0,0,0,2,0.0000,0.3250,0.2565,1
698,1403715921.484058142,3.8769,3.8710,0.3109,2,4,0,0,0,2,0.0000,0.4874,0.4097,1
699,1403715921.534058094,4.2269,4.1991,0.3588,2,4,0,0,0,2,0.0000,0.5255,0.4667,1
700,1403715921.584058285,16.4243,16.4281,9.8011,2,13,0,0,1,1,0.0000,13.2401,13.1741,1
701,1403715921.634057999,3.7255,3.7290,0.2508,2,4,0,0,0,2,0.0000,0.4042,0.3454,1
702,1403715921.684058189,3.8770,3.8806,0.2980,2,4,0,0,0,2,0.0000,0.4461,0.4032,1
703,1403715921.734058142,3.7604,3.7636,0.3791,2,4,0,0,0,2,0.0000,0.5785,0.5029,1
704,1403715921.784058094,16.9378,16.8629,9.9571,2,13,0,0,1,1,0.0000,13.4085,13.3015,1
705,1403715921.834058046,3.5830,3.5521,0.2110,2,4,0,0,0,2,0.0000,0.3493,0.2915,1
706,1403715921.884058237,3.4842,3.4878,0.3021,2,4,0,0,0,2,0.0000,0.4560,0.3978,1
707,1403715921.934058189,3.5475,3.5513,0.3729,2,4,0,0,0,2,0.0000,0.5383,0.4825,1
708,1403715921.984058142,15.2440,15.2481,9.0950,2,13,0,0,1,1,0.0000,12.3001,12.2546,1
709,1403715922.034058094,3.1649,3.1685,0.1960,2,4,0,0,0,2,0.0000,0.3242,0.2716,1
710,1403715922.084058285,3.2393,3.2427,0.2701,2,4,0,0,0,2,0.0000,0.3975,0.3568,1
711,1403715922.134057999,3.6697,3.6634,0.3951,2,4,0,0,0,2,0.0000,0.5489,0.5040,1
712,1403715922.184058189,14.7813,14.7654,8.6541,2,13,0,0,1,1,0.0000,11.8060,11.7601,1
713,1403715922.234058142,14.3773,14.3553,8.2867,2,13,0,0,1,1,0.0000,11.3537,11.3105,1
714,1403715922.284058094,13.9479,13.9485,8.0881,2,13,0,0,1,1,0.0000,11.0255,10.9825,1
715,1403715922.334058046,3.1639,3.1680,0.1910,2,4,0,0,0,2,0.0000,0.2995,0.2570,1
716,1403715922.384058237,13.8167,13.8207,8.0979,2,13,0,0,1,1,0.0000,11.0002,10.9618,1
717,1403715922.434058189,3.3045,3.2833,0.1757,2,4,0,0,0,2,0.0000,0.2882,0.2378,1
718,1403715922.484058142,14.0579,14.0398,8.0922,2,13,0,0,1,1,0.0000,11.0016,10.9583,1
719,1403715922.534058094,3.1858,3.1750,0.1771,2,4,0,0,0,2,0.0000,0.2789,0.2415,1
720,1403715922.584058285,3.3136,3.3072,0.2780,2,4,0,0,0,2,0.0000,0.3973,0.3603,1
721,1403715922.634057999,3.5861,3.5747,0.3519,2,4,0,0,0,2,0.0000,0.4949,0.4515,1
722,1403715922.684058189,14.8937,14.6584,8.2588,2,13,0,0,1,1,0.0000,11.4191,11.3587,1
723,1403715922.734058142,3.3065,3.2970,0.1502,2,4,0,0,0,2,0.0000,0.2391,0.2044,1
724,1403715922.784058094,13.3808,13.3843,7.7989,2,13,0,0,1,1,0.0000,10.6881,10.6542,1
725,1403715922.834058046,2.9592,2.9630,0.1481,2,4,0,0,0,2,0.0000,0.2353,0.1998,1
726,1403715922.884058237,3.3998,3.3924,0.2630,2,4,0,0,0,2,0.0000,0.3825,0.3369,1
727,1403715922.934058189,3.2495,3.2533,0.3438,2,4,0,0,0,2,0.0000,0.4746,0.4332,1
728,1403715922.984058142,13.3383,13.3259,7.5238,2,13,0,0,1,1,0.0000,10.4514,10.4053,1
729,1403715923.034058094,3.4097,3.3929,0.1991,2,4,0,0,0,2,0.0000,0.3170,0.2662,1
730,1403715923.084058285,3.2121,3.2157,0.2899,2,4,0,0,0,2,0.0000,0.4183,0.3739,1
731,1403715923.134057999,3.3981,3.3911,0.3552,2,4,0,0,0,2,0.0000,0.4981,0.4515,1
732,1403715923.184058189,37.0344,37.0262,31.2538,2,13,0,0,1,1,0.0000,34.1199,34.0660,1
733,1403715923.234058142,3.1989,3.2025,0.1991,2,4,0,0,0,2,0.0000,0.3203,0.2667,1
734,1403715923.284058094,3.5645,3.5483,0.2811,2,4,0,0,0,2,0.0000,0.4189,0.3671,1
735,1403715923.334058046,3.9322,3.9026,0.3819,2,4,0,0,0,2,0.0000,0.5497,0.4917,1
736,1403715923.384058237,20.0798,19.9983,13.7851,2,13,0,0,1,1,0.0000,16.7763,16.7210,1
737,1403715923.434058189,3.6210,3.6142,0.1929,2,4,0,0,0,2,0.0000,0.3195,0.2592,1
738,1403715923.484058142,3.7906,3.7823,0.3111,2,4,0,0,0,2,0.0000,0.4553,0.3982,1
739,1403715923.534058094,3.6314,3.6350,0.3629,2,4,0,0,0,2,0.0000,0.5149,0.4619,1
740,1403715923.584058285,13.9041,13.9057,7.8969,2,13,0,0,1,1,0.0000,10.7969,10.7414,1
741,1403715923.634057999,3.7505,3.6995,0.1931,2,4,0,0,0,2,0.0000,0.3183,0.2571,1
742,1403715923.684058189,3.5791,3.5828,0.2911,2,4,0,0,0,2,0.0000,0.4317,0.3731,1
743,1403715923.734058142,3.7930,3.7574,0.3648,2,4,0,0,0,2,0.0000,0.5211,0.4631,1
744,1403715923.784058094,14.0226,14.0231,8.0361,2,13,0,0,1,1,0.0000,10.9487,10.8959,1
745,1403715923.834058046,3.8308,3.6816,0.2041,2,4,0,0,0,2,0.0000,0.3467,0.2744,1
746,1403715923.884058237,4.0404,3.8808,0.2849,2,4,0,0,0,2,0.0000,0.4334,0.3690,1
747,1403715923.934058189,3.8075,3.7985,0.3788,2,4,0,0,0,2,0.0000,0.5468,0.4860,1
748,1403715923.984058142,14.1855,14.1500,7.6268,2,13,0,0,1,1,0.0000,10.5995,10.5386,1
749,1403715924.034058094,3.6430,3.6130,0.1910,2,4,0,0,0,2,0.0000,0.3262,0.2565,1
750,1403715924.084058285,4.2226,4.2232,0.3681,2,4,0,0,0,2,0.0000,0.5787,0.4803,1
751,1403715924.134057999,14.6322,14.6091,7.7918,2,13,0,0,1,1,0.0000,10.7958,10.7220,1
752,1403715924.184058189,3.6372,3.6416,0.2100,2,4,0,0,0,2,0.0000,0.3437,0.2862,1
753,1403715924.234058142,3.8733,3.8522,0.2990,2,4,0,0,0,2,0.0000,0.4450,0.3866,1
754,1403715924.284058094,14.5604,14.5229,7.6487,2,13,0,0,1,1,0.0000,10.7114,10.6461,1
755,1403715924.334058046,3.7484,3.7152,0.1891,2,4,0,0,0,2,0.0000,0.3085,0.2534,1
756,1403715924.384058237,3.7923,3.7583,0.2861,2,4,0,0,0,2,0.0000,0.4158,0.3662,1
757,1403715924.434058189,3.6239,3.6185,0.3588,2,4,0,0,0,2,0.0000,0.5046,0.4518,1
758,1403715924.484058142,13.2801,13.2796,7.2708,2,13,0,0,1,1,0.0000,10.1466,10.1000,1
759,1403715924.534058094,3.4727,3.4625,0.1609,2,4,0,0,0,2,0.0000,0.2690,0.2189,1
760,1403715924.584058285,3.5864,3.5788,0.2439,2,4,0,0,0,2,0.0000,0.3702,0.3146,1
761,1403715924.634057999,13.4792,13.4643,7.3791,2,13,0,0,1,1,0.0000,10.3563,10.3022,1
762,1403715924.684058189,3.4227,3.4162,0.2041,2,4,0,0,0,2,0.0000,0.3209,0.2694,1
763,1403715924.734058142,3.5249,3.5139,0.2410,2,4,0,0,0,2,0.0000,0.3649,0.3150,1
764,1403715924.784058094,3.9165,3.8845,0.3490,2,4,0,0,0,2,0.0000,0.4973,0.4418,1
765,1403715924.834058046,13.5295,13.5228,7.4058,2,13,0,0,1,1,0.0000,10.3184,10.2779,1
766,1403715924.884058237,3.4525,3.4436,0.1681,2,4,0,0,0,2,0.0000,0.2692,0.2264,1
767,1403715924.934058189,3.5274,3.5175,0.2391,2,4,0,0,0,2,0.0000,0.3542,0.3085,1
768,1403715924.984058142,13.1832,13.1590,7.2069,2,13,0,0,1,1,0.0000,10.0526,10.0270,1
769,1403715925.034058094,14.2353,14.2300,7.4708,2,13,0,0,1,1,0.0000,10.3871,10.3375,1
770,1403715925.084058285,3.5595,3.5632,0.1709,2,4,0,0,0,2,0.0000,0.2663,0.2293,1
771,1403715925.134057999,14.1904,14.1940,7.4499,2,13,0,0,1,1,0.0000,10.2098,10.1781,1
772,1403715925.184058189,4.1255,4.1230,0.1471,2,4,0,0,0,2,0.0000,0.2431,0.2015,1
773,1403715925.234058142,13.8926,13.8480,7.3338,2,13,0,0,1,1,0.0000,10.1565,10.1183,1
774,1403715925.284058094,13.5066,13.4924,7.3011,2,13,0,0,1,1,0.0000,10.0180,9.9790,1
775,1403715925.334058046,4.0088,3.9965,0.1559,2,4,0,0,0,2,0.0000,0.2513,0.2113,1
776,1403715925.384058237,13.3247,13.2499,7.1850,2,13,0,0,1,1,0.0000,9.8684,9.8297,1
777,1403715925.434058189,13.2574,13.2144,7.2432,2,13,0,0,1,1,0.0000,9.8888,9.8543,1
778,1403715925.484058142,3.6738,3.6247,0.1609,2,4,0,0,0,2,0.0000,0.2520,0.2126,1
779,1403715925.534058094,13.5187,13.5058,7.3309,2,13,0,0,1,1,0.0000,9.9974,9.9579,1
780,1403715925.584058285,14.1115,14.0831,7.4930,2,13,0,0,1,1,0.0000,10.1080,10.0697,1
781,1403715925.634057999,13.5905,13.5923,7.5991,2,13,0,0,1,1,0.0000,10.2610,10.2200,1
782,1403715925.684058189,4.0373,3.9564,0.2010,2,4,0,0,0,2,0.0000,0.3142,0.2681,1
783,1403715925.734058142,14.3850,14.3889,8.0540,2,13,0,0,1,1,0.0000,10.7923,10.7434,1
784,1403715925.784058094,3.8886,3.8761,0.1912,2,4,0,0,0,2,0.0000,0.2956,0.2506,1
785,1403715925.834058046,14.3967,14.3683,8.1129,2,13,0,0,1,1,0.0000,10.9580,10.9100,1
786,1403715925.884058237,4.2660,4.0892,0.2530,2,4,0,0,0,2,0.0000,0.3832,0.3279,1
787,1403715925.934058189,3.9060,3.9054,0.3002,2,4,0,0,0,2,0.0000,0.4347,0.3895,1
788,1403715925.984058142,3.9216,3.9170,0.3881,2,4,0,0,0,2,0.0000,0.5343,0.4876,1
789,1403715926.034058094,13.7219,13.7235,7.7040,2,13,0,0,1,1,0.0000,10.3862,10.3469,1
790,1403715926.084058285,3.5250,3.5189,0.1721,2,4,0,0,0,2,0.0000,0.2642,0.2263,1
791,1403715926.134057999,22.3535,22.3500,16.3760,2,13,0,0,1,1,0.0000,19.0318,18.9956,1
792,1403715926.184058189,3.4631,3.4644,0.1538,2,4,0,0,0,2,0.0000,0.2392,0.2035,1
793,1403715926.234058142,27.9235,27.9171,21.7369,2,13,0,0,1,1,0.0000,24.4309,24.3920,1
794,1403715926.284058094,3.7075,3.7086,0.1888,2,4,0,0,0,2,0.0000,0.2858,0.2468,1
795,1403715926.334058046,37.0753,36.9904,30.8371,2,13,0,0,1,1,0.0000,33.4652,33.4271,1
796,1403715926.384058237,3.7028,3.7065,0.1652,2,4,0,0,0,2,0.0000,0.2621,0.2165,1
797,1403715926.434058189,37.6647,37.6524,31.5809,2,13,0,0,1,1,0.0000,34.2542,34.2140,1
798,1403715926.484058142,3.7626,3.7666,0.1838,2,4,0,0,0,2,0.0000,0.2822,0.2444,1
799,1403715926.534058094,3.7600,3.7592,0.2630,2,4,0,0,0,2,0.0000,0.3782,0.3359,1
800,1403715926.584058285,4.0311,4.0117,0.3521,2,4,0,0,0,2,0.0000,0.4908,0.4472,1
801,1403715926.634057999,14.1572,14.0917,7.8721,2,13,0,0,1,1,0.0000,10.4903,10.4477,1
802,1403715926.684058189,3.6209,3.6243,0.1969,2,4,0,0,0,2,0.0000,0.3147,0.2697,1
803,1403715926.734058142,3.5697,3.5698,0.2739,2,4,0,0,0,2,0.0000,0.3905,0.3532,1
804,1403715926.784058094,3.7622,3.7440,0.3359,2,4,0,0,0,2,0.0000,0.4590,0.4237,1
805,1403715926.834058046,13.6434,13.6327,7.5901,2,13,0,0,1,1,0.0000,10.2173,10.1767,1
806,1403715926.884058237,4.0203,4.0011,0.2329,2,4,0,0,0,2,0.0000,0.3684,0.3042,1
807,1403715926.934058189,3.8031,3.7884,0.2711,2,4,0,0,0,2,0.0000,0.3962,0.3526,1
808,1403715926.984058142,3.8102,3.8115,0.3810,2,4,0,0,0,2,0.0000,0.5380,0.4873,1
809,1403715927.034058094,13.7509,13.7214,7.5011,2,13,0,0,1,1,0.0000,10.2222,10.1793,1
810,1403715927.084058285,3.5997,3.5965,0.2100,2,4,0,0,0,2,0.0000,0.3283,0.2822,1
811,1403715927.134057999,3.6074,3.6108,0.3090,2,4,0,0,0,2,0.0000,0.4479,0.4000,1
812,1403715927.184058189,3.8758,3.8660,0.3540,2,4,0,0,0,2,0.0000,0.4983,0.4553,1
813,1403715927.234058142,13.8059,13.7915,7.4651,2,13,0,0,1,1,0.0000,10.1270,10.0811,1
814,1403715927.284058094,3.8238,3.7830,0.1600,2,4,0,0,0,2,0.0000,0.2595,0.2129,1
815,1403715927.334058046,3.5711,3.5520,0.2317,2,4,0,0,0,2,0.0000,0.3527,0.3048,1
816,1403715927.384058237,3.6312,3.5973,0.3309,2,4,0,0,0,2,0.0000,0.4728,0.4258,1
817,1403715927.434058189,13.5374,13.5201,7.4551,2,13,0,0,1,1,0.0000,10.1789,10.1307,1
818,1403715927.484058142,13.6258,13.6158,7.5221,2,13,0,0,1,1,0.0000,10.1105,10.0553,1
819,1403715927.534058094,3.8718,3.8621,0.1590,2,3,0,0,0,2,0.0000,0.2810,0.2211,1
820,1403715927.584058285,3.7575,3.7510,0.2949,2,4,0,0,0,2,0.0000,0.4335,0.3809,1
821,1403715927.634057999,4.1890,4.1632,0.3908,2,4,0,0,0,2,0.0000,0.5537,0.4996,1
822,1403715927.684058189,14.5814,14.4638,8.0280,2,13,0,0,1,1,0.0000,10.7460,10.6810,1
823,1403715927.734058142,4.3132,4.2873,0.2081,2,4,0,0,0,2,0.0000,0.3344,0.2732,1
824,1403715927.784058094,4.3290,4.2950,0.3071,2,4,0,0,0,2,0.0000,0.4588,0.3957,1
825,1403715927.834058046,4.4842,4.4659,0.4160,2,4,0,0,0,2,0.0000,0.5960,0.5284,1
826,1403715927.884058237,14.5997,14.5886,7.8349,2,13,0,0,1,1,0.0000,10.5114,10.4527,1
827,1403715927.934058189,4.1351,4.1386,0.2279,2,4,0,0,0,2,0.0000,0.3595,0.2996,1
828,1403715927.984058142,4.1484,4.1361,0.3159,2,4,0,0,0,2,0.0000,0.4641,0.4054,1
829,1403715928.034058094,3.8115,3.8084,0.3529,2,4,0,0,0,2,0.0000,0.4950,0.4473,1
830,1403715928.084058285,14.0509,14.0422,7.8139,2,13,0,0,1,1,0.0000,10.5479,10.4968,1
831,1403715928.134057999,3.7251,3.7117,0.1841,2,4,0,0,0,2,0.0000,0.3017,0.2457,1
832,1403715928.184058189,4.0418,4.0412,0.2639,2,4,0,0,0,2,0.0000,0.3869,0.3340,1
833,1403715928.234058142,4.3305,4.3310,0.3328,2,4,0,0,0,2,0.0000,0.4718,0.4167,1
834,1403715928.284058094,14.9814,14.9440,8.0652,2,13,0,0,1,1,0.0000,11.0154,10.9473,1
835,1403715928.334058046,4.0029,3.9966,0.1819,2,4,0,0,0,2,0.0000,0.3001,0.2446,1
836,1403715928.384058237,4.3418,4.3152,0.2768,2,4,0,0,0,2,0.0000,0.4040,0.3535,1
837,1403715928.434058189,4.3261,4.3305,0.3319,2,4,0,0,0,2,0.0000,0.4733,0.4189,1
838,1403715928.484058142,14.6620,14.6286,8.0237,2,13,0,0,1,1,0.0000,11.0173,10.9650,1
839,1403715928.534058094,4.3190,4.2756,0.1662,2,4,0,0,0,2,0.0000,0.2759,0.2218,1
840,1403715928.584058285,4.3920,4.3167,0.2549,2,4,0,0,0,2,0.0000,0.3713,0.3239,1
841,1403715928.634057999,4.3791,4.3258,0.3531,2,4,0,0,0,2,0.0000,0.4968,0.4413,1
842,1403715928.684058189,14.1182,14.0918,7.5750,2,13,0,0,1,1,0.0000,10.4284,10.3821,1
843,1403715928.734058142,14.5759,14.5619,7.6411,2,13,0,0,1,1,0.0000,10.5229,10.4720,1
844,1403715928.784058094,22.9937,22.9417,16.1970,2,13,0,0,1,1,0.0000,18.9104,18.8571,1
845,1403715928.834058046,3.9182,3.9219,0.1609,2,3,0,0,0,2,0.0000,0.2700,0.2189,1
846,1403715928.884058237,21.6536,21.6503,14.6661,2,13,0,0,1,1,0.0000,17.5007,17.4433,1
847,1403715928.934058189,4.4250,4.4250,0.2279,2,4,0,0,0,2,0.0000,0.3668,0.3049,1
848,1403715928.984058142,4.6042,4.6076,0.3331,2,4,0,0,0,2,0.0000,0.4955,0.4311,1
849,1403715929.034058094,4.6232,4.6270,0.4468,2,4,0,0,0,2,0.0000,0.6341,0.5690,1
850,1403715929.084058285,15.2130,15.2175,8.4331,2,13,0,0,1,1,0.0000,11.3460,11.2809,1
851,1403715929.134057999,4.2387,4.2430,0.2689,2,4,0,0,0,2,0.0000,0.4304,0.3623,1
852,1403715929.184058189,4.3924,4.3842,0.3779,2,4,0,0,0,2,0.0000,0.5711,0.5063,1
853,1403715929.234058142,4.5369,4.5235,0.5152,2,4,0,0,0,2,0.0000,0.7392,0.6647,1
854,1403715929.284058094,15.1304,15.1336,8.4021,2,13,0,0,1,1,0.0000,11.3088,11.2244,1
855,1403715929.334058046,4.6572,4.5170,0.2491,2,4,0,0,0,2,0.0000,0.4106,0.3351,1
856,1403715929.384058237,4.5104,4.5081,0.3660,2,4,0,0,0,2,0.0000,0.5502,0.4775,1
857,1403715929.434058189,4.5090,4.4823,0.4530,2,4,0,0,0,2,0.0000,0.6482,0.5817,1
858,1403715929.484058142,14.7963,14.7769,7.7841,2,13,0,0,1,1,0.0000,10.5105,10.4608,1
859,1403715929.534058094,14.3153,14.2898,7.9291,2,13,0,0,1,1,0.0000,10.9426,10.8651,1
860,1403715929.584058285,3.8267,3.8310,0.2229,2,4,0,0,0,2,0.0000,0.3607,0.2967,1
861,1403715929.634057999,3.7369,3.7404,0.3052,2,4,0,0,0,2,0.0000,0.4360,0.3864,1
862,1403715929.684058189,3.6310,3.5815,0.3481,2,4,0,0,0,2,0.0000,0.5040,0.4410,1
863,1403715929.734058142,13.7825,13.7799,7.7031,2,13,0,0,1,1,0.0000,10.6144,10.5558,1
864,1403715929.784058094,3.4788,3.4828,0.1621,2,4,0,0,0,2,0.0000,0.2765,0.2202,1
865,1403715929.834058046,13.8920,13.8926,7.8471,2,13,0,0,1,1,0.0000,10.6786,10.6252,1
866,1403715929.884058237,3.9039,3.8950,0.1781,2,3,0,0,0,2,0.0000,0.3065,0.2430,1
867,1403715929.934058189,3.8231,3.7981,0.2940,2,4,0,0,0,2,0.0000,0.4307,0.3742,1
868,1403715929.984058142,3.8852,3.8733,0.3679,2,4,0,0,0,2,0.0000,0.5240,0.4660,1
869,1403715930.034058094,14.4487,14.4065,8.0078,2,13,0,0,1,1,0.0000,10.8698,10.8084,1
870,1403715930.084058285,3.7553,3.7522,0.2022,2,4,0,0,0,2,0.0000,0.3260,0.2671,1
871,1403715930.134057999,3.7959,3.7841,0.2758,2,4,0,0,0,2,0.0000,0.4136,0.3596,1
872,1403715930.184058189,3.7357,3.7037,0.3560,2,4,0,0,0,2,0.0000,0.5162,0.4616,1
873,1403715930.234058142,14.9208,14.9152,8.5342,2,13,0,0,1,1,0.0000,11.5673,11.5135,1
874,1403715930.284058094,3.6782,3.6736,0.2432,2,4,0,0,0,2,0.0000,0.3739,0.3207,1
875,1403715930.334058046,3.7632,3.7515,0.3481,2,4,0,0,0,2,0.0000,0.5091,0.4512,1
876,1403715930.384058237,3.9048,3.8918,0.4342,2,4,0,0,0,2,0.0000,0.6191,0.5662,1
877,1403715930.434058189,14.5454,14.5264,8.3058,2,13,0,0,1,1,0.0000,11.2883,11.2275,1
878,1403715930.484058142,3.9430,3.8428,0.2303,2,4,0,0,0,2,0.0000,0.3670,0.3106,1
879,1403715930.534058094,3.9481,3.9419,0.3459,2,4,0,0,0,2,0.0000,0.5105,0.4530,1
880,1403715930.584058285,4.0655,4.0683,0.4480,2,4,0,0,0,2,0.0000,0.6370,0.5758,1
881,1403715930.634057999,15.0333,15.0240,8.4338,2,13,0,0,1,1,0.0000,11.5085,11.4465,1
882,1403715930.684058189,3.9526,3.9442,0.2403,2,4,0,0,0,2,0.0000,0.3925,0.3218,1
883,1403715930.734058142,3.9500,3.9492,0.3431,2,4,0,0,0,2,0.0000,0.5041,0.4471,1
884,1403715930.784058094,4.0399,4.0436,0.4508,2,4,0,0,0,2,0.0000,0.6432,0.5860,1
885,1403715930.834058046,15.0020,14.9763,8.3270,2,13,0,0,1,1,0.0000,11.5581,11.5012,1
886,1403715930.884058237,4.0468,4.0407,0.2720,2,4,0,0,0,2,0.0000,0.4275,0.3634,1
887,1403715930.934058189,4.0066,4.0078,0.3829,2,4,0,0,0,2,0.0000,0.5686,0.5040,1
888,1403715930.984058142,4.1983,4.2019,0.4811,2,4,0,0,0,2,0.0000,0.6882,0.6295,1
889,1403715931.034058094,15.3057,15.2881,8.4851,2,13,0,0,1,1,0.0000,11.5220,11.4625,1
890,1403715931.084058285,3.9130,3.9089,0.2491,2,4,0,0,0,2,0.0000,0.4018,0.3366,1
891,1403715931.134057999,4.0892,4.0903,0.3762,2,4,0,0,0,2,0.0000,0.5589,0.4963,1
892,1403715931.184058189,4.1890,4.1909,0.4840,2,4,0,0,0,2,0.0000,0.6967,0.6371,1
893,1403715931.234058142,15.4556,15.4481,8.7838,2,13,0,0,1,1,0.0000,11.8325,11.7692,1
894,1403715931.284058094,4.1813,4.1705,0.2718,2,4,0,0,0,2,0.0000,0.4329,0.3672,1
895,1403715931.334058046,4.2984,4.3022,0.4191,2,4,0,0,0,2,0.0000,0.6209,0.5527,1
896,1403715931.384058237,4.3745,4.3110,0.4778,2,4,0,0,0,2,0.0000,0.6845,0.6263,1
897,1403715931.434058189,15.3302,15.3338,8.7960,2,13,0,0,1,1,0.0000,11.9029,11.8463,1
898,1403715931.484058142,4.0059,3.9993,0.2298,2,4,0,0,0,2,0.0000,0.3765,0.3138,1
899,1403715931.534058094,4.0035,4.0071,0.3238,2,4,0,0,0,2,0.0000,0.4898,0.4277,1
900,1403715931.584058285,4.3214,4.3251,0.4220,2,4,0,0,0,2,0.0000,0.6092,0.5506,1
901,1403715931.634057999,15.6015,15.5951,8.8203,2,13,0,0,1,1,0.0000,11.9293,11.8678,1
902,1403715931.684058189,4.0517,4.0461,0.2282,2,4,0,0,0,2,0.0000,0.3677,0.3109,1
903,1403715931.734058142,4.0759,4.0794,0.3300,2,4,0,0,0,2,0.0000,0.5011,0.4385,1
904,1403715931.784058094,4.0207,4.0247,0.4330,2,4,0,0,0,2,0.0000,0.6183,0.5605,1
905,1403715931.834058046,15.2533,15.2546,8.5809,2,13,0,0,1,1,0.0000,11.6935,11.6392,1
906,1403715931.884058237,4.3439,4.1562,0.2151,2,4,0,0,0,2,0.0000,0.3541,0.2990,1
907,1403715931.934058189,4.3679,4.3546,0.2971,2,4,0,0,0,2,0.0000,0.4438,0.3901,1
908,1403715931.984058142,4.4367,4.4259,0.3848,2,4,0,0,0,2,0.0000,0.5509,0.4982,1
909,1403715932.034058094,15.5209,15.5245,8.6172,2,13,0,0,1,1,0.0000,11.7181,11.6712,1
910,1403715932.084058285,3.7683,3.7718,0.1717,2,4,0,0,0,2,0.0000,0.2833,0.2341,1
911,1403715932.134057999,4.0997,4.0427,0.2561,2,4,0,0,0,2,0.0000,0.3772,0.3325,1
912,1403715932.184058189,4.3022,4.3064,0.3459,2,4,0,0,0,2,0.0000,0.4989,0.4455,1
913,1403715932.234058142,16.1465,16.1348,9.0122,2,13,0,0,1,1,0.0000,12.2128,12.1601,1
914,1403715932.284058094,3.5888,3.5928,0.1771,2,4,0,0,0,2,0.0000,0.2916,0.2411,1
915,1403715932.334058046,4.0231,3.9787,0.2780,2,4,0,0,0,2,0.0000,0.4055,0.3616,1
916,1403715932.384058237,15.5665,15.5418,8.8520,2,13,0,0,1,1,0.0000,12.0379,11.9854,1
917,1403715932.434058189,3.6967,3.6915,0.1690,2,4,0,0,0,2,0.0000,0.2783,0.2300,1
918,1403715932.484058142,3.8333,3.8235,0.2789,2,4,0,0,0,2,0.0000,0.4072,0.3589,1
919,1403715932.534058094,3.8667,3.8582,0.3469,2,4,0,0,0,2,0.0000,0.4943,0.4407,1
920,1403715932.584058285,15.2939,15.2654,8.7891,2,13,0,0,1,1,0.0000,11.9359,11.8873,1
921,1403715932.634057999,3.6534,3.6571,0.1979,2,4,0,0,0,2,0.0000,0.3125,0.2675,1
922,1403715932.684058189,3.7618,3.7255,0.2780,2,4,0,0,0,2,0.0000,0.4099,0.3642,1
923,1403715932.734058142,3.7220,3.7258,0.3607,2,4,0,0,0,2,0.0000,0.5090,0.4646,1
924,1403715932.784058094,14.8411,14.8448,8.5211,2,13,0,0,1,1,0.0000,11.5872,11.5427,1
925,1403715932.834058046,3.8144,3.7797,0.1869,2,4,0,0,0,2,0.0000,0.3127,0.2582,1
926,1403715932.884058237,3.8738,3.8398,0.2761,2,4,0,0,0,2,0.0000,0.4090,0.3618,1
927,1403715932.934058189,3.9001,3.9033,0.3588,2,4,0,0,0,2,0.0000,0.5052,0.4586,1
928,1403715932.984058142,14.8623,14.8615,8.2560,2,13,0,0,1,1,0.0000,11.2633,11.2192,1
929,1403715933.034058094,3.6344,3.6379,0.1540,2,4,0,0,0,2,0.0000,0.2589,0.2069,1
930,1403715933.084058285,3.9356,3.9389,0.2229,2,4,0,0,0,2,0.0000,0.3348,0.2896,1
931,1403715933.134057999,14.0638,14.0674,7.9153,2,13,0,0,1,1,0.0000,10.8956,10.8545,1
932,1403715933.184058189,3.8192,3.7959,0.1509,2,4,0,0,0,2,0.0000,0.2464,0.2052,1
933,1403715933.234058142,4.2233,4.2279,0.2391,2,4,0,0,0,2,0.0000,0.3508,0.3090,1
934,1403715933.284058094,4.0315,4.0353,0.2799,2,4,0,0,0,2,0.0000,0.3959,0.3571,1
935,1403715933.334058046,15.0292,15.0331,8.0571,2,13,0,0,1,1,0.0000,11.0736,11.0092,1
936,1403715933.384058237,4.0320,4.0205,0.1521,2,4,0,0,0,2,0.0000,0.2467,0.2032,1
937,1403715933.434058189,3.9780,3.9821,0.2429,2,4,0,0,0,2,0.0000,0.3544,0.3107,1
938,1403715933.484058142,14.1740,14.1775,7.6041,2,13,0,0,1,1,0.0000,10.5407,10.4947,1
939,1403715933.534058094,3.8720,3.8744,0.1950,2,4,0,0,0,2,0.0000,0.3036,0.2587,1
940,1403715933.584058285,3.9859,3.9894,0.2279,2,4,0,0,0,2,0.0000,0.3460,0.2970,1
941,1403715933.634057999,3.7188,3.7224,0.3090,2,4,0,0,0,2,0.0000,0.4367,0.3918,1
942,1403715933.684058189,13.9769,13.9581,7.5600,2,13,0,0,1,1,0.0000,10.5115,10.4658,1
943,1403715933.734058142,3.8090,3.8104,0.2389,2,4,0,0,0,2,0.0000,0.3738,0.3233,1
944,1403715933.784058094,4.0680,4.0558,0.3328,2,4,0,0,0,2,0.0000,0.4843,0.4337,1
945,1403715933.834058046,4.0655,4.0438,0.3982,2,4,0,0,0,2,0.0000,0.5719,0.5180,1
946,1403715933.884058237,13.8951,13.8823,7.4623,2,13,0,0,1,1,0.0000,10.2566,10.2137,1
947,1403715933.934058189,3.9912,3.9945,0.1769,2,4,0,0,0,2,0.0000,0.2830,0.2378,1
948,1403715933.984058142,4.1311,4.1207,0.2336,2,4,0,0,0,2,0.0000,0.3447,0.3038,1
949,1403715934.034058094,4.0375,4.0390,0.3021,2,4,0,0,0,2,0.0000,0.4241,0.3833,1
950,1403715934.084058285,13.7715,13.7207,7.3748,2,13,0,0,1,1,0.0000,10.1593,10.1010,1
951,1403715934.134057999,13.6988,13.6802,7.4570,2,13,0,0,1,1,0.0000,10.1123,10.0781,1
952,1403715934.184058189,14.0002,13.9982,7.6771,2,13,0,0,1,1,0.0000,10.3413,10.2885,1
953,1403715934.234058142,3.7520,3.7559,0.1869,2,4,0,0,0,2,0.0000,0.2856,0.2455,1
954,1403715934.284058094,13.9850,13.9460,7.5870,2,13,0,0,1,1,0.0000,10.0962,10.0658,1
955,1403715934.334058046,3.6091,3.6049,0.1450,2,4,0,0,0,2,0.0000,0.2303,0.1945,1
956,1403715934.384058237,3.6301,3.6318,0.2210,2,4,0,0,0,2,0.0000,0.3168,0.2849,1
957,1403715934.434058189,13.4854,13.4826,7.4830,2,13,0,0,1,1,0.0000,10.1635,10.1324,1
958,1403715934.484058142,13.7580,13.7483,7.6761,2,13,0,0,1,1,0.0000,10.3917,10.3482,1
959,1403715934.534058094,3.4412,3.4420,0.1559,2,3,0,0,0,2,0.0000,0.2655,0.2197,1
960,1403715934.584058285,3.5762,3.5622,0.2561,2,4,0,0,0,2,0.0000,0.3754,0.3347,1
961,1403715934.634057999,37.8971,37.8702,31.7450,2,13,1,0,0,1,0.0000,34.4557,34.4117,1
962,1403715934.684058189,3.3208,3.3247,0.2189,2,4,0,0,0,2,0.0000,0.3430,0.2966,1
963,1403715934.734058142,3.6091,3.5948,0.3190,2,4,0,0,0,2,0.0000,0.4598,0.4182,1
964,1403715934.784058094,3.9888,3.9278,0.4458,2,4,0,0,0,2,0.0000,0.6275,0.5696,1
965,1403715934.834058046,14.0497,14.0492,8.1120,2,13,0,0,1,1,0.0000,10.8251,10.7753,1
966,1403715934.884058237,3.6428,3.6317,0.1900,2,4,0,0,0,2,0.0000,0.3021,0.2574,1
967,1403715934.934058189,4.1182,4.0664,0.2959,2,4,0,0,0,2,0.0000,0.4355,0.3838,1
968,1403715934.984058142,14.4009,14.3865,8.0681,2,13,0,0,1,1,0.0000,10.7265,10.6858,1
969,1403715935.034058094,13.9707,13.9260,7.9689,2,13,0,0,1,1,0.0000,10.4740,10.4330,1
970,1403715935.084058285,3.6101,3.6102,0.1562,2,4,0,0,0,2,0.0000,0.2463,0.2082,1
971,1403715935.134057999,13.9507,13.9510,7.8702,2,13,0,0,1,1,0.0000,10.5488,10.5021,1
972,1403715935.184058189,3.8383,3.8252,0.1709,2,4,0,0,0,2,0.0000,0.2664,0.2250,1
973,1403715935.234058142,3.6828,3.6865,0.2320,2,4,0,0,0,2,0.0000,0.3448,0.2996,1
974,1403715935.284058094,3.6746,3.6574,0.3390,2,4,0,0,0,2,0.0000,0.4710,0.4268,1
975,1403715935.334058046,13.7222,13.7176,7.9691,2,13,0,0,1,1,0.0000,10.7090,10.6736,1
976,1403715935.384058237,3.5330,3.5087,0.1829,2,4,0,0,0,2,0.0000,0.2922,0.2459,1
977,1403715935.434058189,3.7920,3.7507,0.3018,2,4,0,0,0,2,0.0000,0.4358,0.3867,1
978,1403715935.484058142,3.8886,3.8896,0.3469,2,4,0,0,0,2,0.0000,0.4881,0.4418,1
979,1403715935.534058094,13.5385,13.5420,7.5378,2,13,0,0,1,1,0.0000,10.3121,10.2652,1
980,1403715935.584058285,3.6165,3.5054,0.1600,2,4,0,0,0,2,0.0000,0.2585,0.2127,1
981,1403715935.634057999,3.4167,3.4203,0.2561,2,4,0,0,0,2,0.0000,0.3700,0.3274,1
982,1403715935.684058189,13.4580,13.4584,7.7209,2,13,0,0,1,1,0.0000,10.4387,10.3907,1
983,1403715935.734058142,3.5275,3.5222,0.1841,2,4,0,0,0,2,0.0000,0.2951,0.2475,1
984,1403715935.784058094,3.6150,3.6134,0.2968,2,4,0,0,0,2,0.0000,0.4371,0.3851,1
985,1403715935.834058046,4.1794,4.1618,0.4358,2,4,0,0,0,2,0.0000,0.6203,0.5530,1
986,1403715935.884058237,38.3867,38.3589,32.3780,2,13,1,0,0,1,0.0000,35.1083,35.0567,1
987,1403715935.934058189,3.8099,3.7962,0.2279,2,4,0,0,0,2,0.0000,0.3568,0.3043,1
988,1403715935.984058142,3.8092,3.8047,0.3469,2,4,0,0,0,2,0.0000,0.5006,0.4468,1
989,1403715936.034058094,3.8181,3.8137,0.4060,2,4,0,0,0,2,0.0000,0.5744,0.5235,1
990,1403715936.084058285,14.3581,14.3358,7.8609,2,13,0,0,1,1,0.0000,10.5063,10.4603,1
991,1403715936.134057999,3.6411,3.6394,0.1500,2,4,0,0,0,2,0.0000,0.2464,0.2004,1
992,1403715936.184058189,3.5676,3.5710,0.2520,2,4,0,0,0,2,0.0000,0.3685,0.3217,1
993,1403715936.234058142,13.4811,13.4330,7.4980,2,13,0,0,1,1,0.0000,10.0368,9.9980,1
994,1403715936.284058094,13.3033,13.2877,7.3121,2,13,0,0,1,1,0.0000,9.7845,9.7313,1
995,1403715936.334058046,3.6460,3.6332,0.1960,2,4,0,0,0,2,0.0000,0.3102,0.2568,1
996,1403715936.384058237,3.9156,3.8868,0.2561,2,4,0,0,0,2,0.0000,0.3686,0.3273,1
997,1403715936.434058189,13.1069,13.1038,7.2181,2,13,0,0,1,1,0.0000,9.9692,9.9165,1
998,1403715936.484058142,3.6542,3.5868,0.2038,2,4,0,0,0,2,0.0000,0.3140,0.2682,1
999,1403715936.534058094,3.4553,3.4496,0.2689,2,4,0,0,0,2,0.0000,0.3956,0.3515,1
1000,1403715936.584058285,3.6052,3.6054,0.3850,2,4,0,0,0,2,0.0000,0.5393,0.4935,1
1001,1403715936.634057999,13.0457,12.9907,7.2000,2,13,0,0,1,1,0.0000,9.9839,9.9400,1
1002,1403715936.684058189,3.5325,3.5173,0.1879,2,4,0,0,0,2,0.0000,0.3027,0.2535,1
1003,1403715936.734058142,3.5355,3.5370,0.2701,2,4,0,0,0,2,0.0000,0.4017,0.3536,1
1004,1403715936.784058094,3.7461,3.7465,0.4120,2,4,0,0,0,2,0.0000,0.5745,0.5250,1
1005,1403715936.834058046,13.0353,13.0353,7.1039,2,13,0,0,1,1,0.0000,9.8511,9.8071,1
1006,1403715936.884058237,3.6269,3.5849,0.1607,2,4,0,0,0,2,0.0000,0.2623,0.2150,1
1007,1403715936.934058189,3.7202,3.7127,0.2780,2,4,0,0,0,2,0.0000,0.4106,0.3590,1
1008,1403715936.984058142,3.7961,3.7858,0.3340,2,4,0,0,0,2,0.0000,0.4799,0.4320,1
1009,1403715937.034058094,13.0789,13.0824,7.1728,2,13,0,0,1,1,0.0000,9.8791,9.8262,1
1010,1403715937.084058285,3.4193,3.4228,0.1328,2,3,0,0,0,2,0.0000,0.2366,0.1850,1
1011,1403715937.134057999,3.5581,3.5618,0.2699,2,4,0,0,0,2,0.0000,0.3939,0.3453,1
1012,1403715937.184058189,13.2007,13.2042,7.2410,2,13,0,0,1,1,0.0000,9.9907,9.9381,1
1013,1403715937.234058142,3.8554,3.8433,0.1657,2,4,0,0,0,2,0.0000,0.2729,0.2195,1
1014,1403715937.284058094,3.5650,3.5686,0.2751,2,4,0,0,0,2,0.0000,0.4024,0.3537,1
1015,1403715937.334058046,3.6545,3.6580,0.3459,2,4,0,0,0,2,0.0000,0.4933,0.4430,1
1016,1403715937.384058237,19.4414,19.4475,13.3288,2,13,0,0,1,1,0.0000,16.2410,16.1890,1
1017,1403715937.434058189,3.7164,3.6163,0.1631,2,3,0,0,0,2,0.0000,0.2773,0.2228,1
1018,1403715937.484058142,3.6203,3.6165,0.2882,2,4,0,0,0,2,0.0000,0.4269,0.3700,1
1019,1403715937.534058094,3.6783,3.6819,0.3710,2,4,0,0,0,2,0.0000,0.5228,0.4741,1
1020,1403715937.584058285,14.1746,14.1782,8.2109,2,13,0,0,1,1,0.0000,11.1270,11.0788,1
1021,1403715937.634057999,3.6373,3.5888,0.1590,2,4,0,0,0,2,0.0000,0.2632,0.2144,1
1022,1403715937.684058189,3.8534,3.8451,0.2630,2,4,0,0,0,2,0.0000,0.3915,0.3405,1
1023,1403715937.734058142,14.7069,14.6536,8.2879,2,13,0,0,1,1,0.0000,11.1532,11.1045,1
1024,1403715937.784058094,3.5100,3.5137,0.1721,2,4,0,0,0,2,0.0000,0.2832,0.2314,1
1025,1403715937.834058046,3.7207,3.7240,0.2770,2,4,0,0,0,2,0.0000,0.4119,0.3575,1
1026,1403715937.884058237,3.7248,3.7314,0.3378,2,4,0,0,0,2,0.0000,0.4768,0.4311,1
1027,1403715937.934058189,14.7135,14.6900,8.4093,2,13,0,0,1,1,0.0000,11.4439,11.3889,1
1028,1403715937.984058142,4.1034,4.0946,0.2129,2,4,0,0,0,2,0.0000,0.3408,0.2862,1
1029,1403715938.034058094,4.0092,4.0023,0.3009,2,4,0,0,0,2,0.0000,0.4454,0.3969,1
1030,1403715938.084058285,3.9068,3.9103,0.4120,2,4,0,0,0,2,0.0000,0.5825,0.5287,1
1031,1403715938.134057999,15.0460,15.0242,8.4162,2,13,0,0,1,1,0.0000,11.4295,11.3631,1
1032,1403715938.184058189,4.0272,4.0187,0.2248,2,4,0,0,0,2,0.0000,0.3612,0.3042,1
1033,1403715938.234058142,4.1067,4.0955,0.3088,2,4,0,0,0,2,0.0000,0.4669,0.4136,1
1034,1403715938.284058094,4.0353,4.0392,0.4218,2,4,0,0,0,2,0.0000,0.6065,0.5492,1
1035,1403715938.334058046,14.8963,14.8767,8.2288,2,13,0,0,1,1,0.0000,11.2914,11.2415,1
1036,1403715938.384058237,4.1574,4.1422,0.2038,2,4,0,0,0,2,0.0000,0.3289,0.2737,1
1037,1403715938.434058189,4.2941,4.1987,0.3121,2,4,0,0,0,2,0.0000,0.4587,0.4039,1
1038,1403715938.484058142,3.9877,3.9277,0.3533,2,4,0,0,0,2,0.0000,0.5089,0.4584,1
1039,1403715938.534058094,14.7082,14.6577,8.1928,2,13,0,0,1,1,0.0000,11.1896,11.1404,1
1040,1403715938.584058285,3.9610,3.9500,0.2108,2,4,0,0,0,2,0.0000,0.3501,0.2816,1
1041,1403715938.634057999,3.7721,3.7755,0.2799,2,4,0,0,0,2,0.0000,0.4190,0.3662,1
1042,1403715938.684058189,4.2693,4.2345,0.3881,2,4,0,0,0,2,0.0000,0.5583,0.5004,1
1043,1403715938.734058142,20.4185,20.4220,14.0491,2,13,0,0,1,1,0.0000,17.0592,17.0026,1
1044,1403715938.784058094,3.7965,3.8000,0.2511,2,4,0,0,0,2,0.0000,0.4002,0.3424,1
1045,1403715938.834058046,3.9728,3.9761,0.3462,2,4,0,0,0,2,0.0000,0.5136,0.4563,1
1046,1403715938.884058237,4.0220,4.0259,0.4268,2,4,0,0,0,2,0.0000,0.6082,0.5536,1
1047,1403715938.934058189,14.5229,14.4779,8.0991,2,13,0,0,1,1,0.0000,11.0802,11.0246,1
1048,1403715938.984058142,3.6683,3.6751,0.2608,2,4,0,0,0,2,0.0000,0.4066,0.3500,1
1049,1403715939.034058094,3.9446,3.9106,0.3381,2,4,0,0,0,2,0.0000,0.4965,0.4461,1
1050,1403715939.084058285,3.8467,3.8336,0.4170,2,4,0,0,0,2,0.0000,0.5984,0.5448,1
1051,1403715939.134057999,14.6888,14.6648,8.0509,2,13,0,0,1,1,0.0000,11.0268,10.9716,1
1052,1403715939.184058189,4.0447,4.0480,0.1929,2,4,0,0,0,2,0.0000,0.3129,0.2660,1
1053,1403715939.234058142,4.3398,4.3360,0.3130,2,4,0,0,0,2,0.0000,0.4670,0.4081,1
1054,1403715939.284058094,5.2030,5.0946,0.3939,2,4,0,0,0,2,0.0000,0.5780,0.5115,1
1055,1403715939.334058046,15.6908,15.6737,8.3010,2,13,0,0,1,1,0.0000,11.4990,11.4335,1
1056,1403715939.384058237,4.5895,4.5147,0.2320,2,4,0,0,0,2,0.0000,0.3810,0.3113,1
1057,1403715939.434058189,4.4315,4.3930,0.3102,2,4,0,0,0,2,0.0000,0.4630,0.4033,1
1058,1403715939.484058142,3.9939,3.9713,0.3641,2,4,0,0,0,2,0.0000,0.5221,0.4676,1
1059,1403715939.534058094,14.4245,14.3943,7.9651,2,13,0,0,1,1,0.0000,11.0203,10.9722,1
1060,1403715939.584058285,3.7832,3.7869,0.2348,2,4,0,0,0,2,0.0000,0.3808,0.3153,1
1061,1403715939.634057999,3.8641,3.8649,0.2789,2,4,0,0,0,2,0.0000,0.4143,0.3683,1
1062,1403715939.684058189,3.8240,3.8274,0.3619,2,4,0,0,0,2,0.0000,0.5156,0.4677,1
1063,1403715939.734058142,14.8526,14.8390,8.1310,2,13,0,0,1,1,0.0000,11.2245,11.1780,1
1064,1403715939.784058094,4.9655,4.9703,0.2658,2,4,0,0,0,2,0.0000,0.4504,0.3669,1
1065,1403715939.834058046,5.0363,4.9655,0.3259,2,4,0,0,0,2,0.0000,0.4888,0.4301,1
1066,1403715939.884058237,4.0955,4.0000,0.4239,2,4,0,0,0,2,0.0000,0.6015,0.5478,1
1067,1403715939.934058189,14.9874,14.9910,8.4980,2,13,0,0,1,1,0.0000,11.7566,11.7030,1
1068,1403715939.984058142,3.7106,3.7051,0.2279,2,4,0,0,0,2,0.0000,0.3710,0.3097,1
1069,1403715940.034058094,4.0387,4.0312,0.3309,2,4,0,0,0,2,0.0000,0.4855,0.4330,1
1070,1403715940.084058285,4.0578,4.0551,0.4191,2,4,0,0,0,2,0.0000,0.6189,0.5438,1
1071,1403715940.134057999,14.8245,14.8282,8.2898,2,13,0,0,1,1,0.0000,11.3731,11.3245,1
1072,1403715940.184058189,4.0393,4.0366,0.2060,2,4,0,0,0,2,0.0000,0.3419,0.2803,1
1073,1403715940.234058142,4.1999,4.1987,0.3040,2,4,0,0,0,2,0.0000,0.4672,0.3976,1
1074,1403715940.284058094,3.8746,3.8784,0.4001,2,4,0,0,0,2,0.0000,0.5767,0.5156,1
1075,1403715940.334058046,15.2740,15.2777,8.1751,2,13,0,0,1,1,0.0000,11.3614,11.2984,1
1076,1403715940.384058237,4.5201,4.4050,0.2480,2,4,0,0,0,2,0.0000,0.4146,0.3389,1
1077,1403715940.434058189,4.4313,4.4348,0.3211,2,4,0,0,0,2,0.0000,0.4901,0.4228,1
1078,1403715940.484058142,5.1031,5.0543,0.4289,2,4,0,0,0,2,0.0000,0.6291,0.5513,1
1079,1403715940.534058094,15.7493,15.7279,8.4889,2,13,0,0,1,1,0.0000,11.6684,11.5991,1
1080,1403715940.584058285,4.1770,4.1814,0.2069,2,4,0,0,0,2,0.0000,0.3454,0.2825,1
1081,1403715940.634057999,4.1453,4.1224,0.2778,2,4,0,0,0,2,0.0000,0.4200,0.3614,1
1082,1403715940.684058189,4.1706,4.1609,0.3569,2,4,0,0,0,2,0.0000,0.5146,0.4569,1
1083,1403715940.734058142,15.1339,15.0122,8.2729,2,13,0,0,1,1,0.0000,11.4287,11.3688,1
1084,1403715940.784058094,3.8461,3.8500,0.2069,2,4,0,0,0,2,0.0000,0.3423,0.2822,1
1085,1403715940.834058046,3.9890,3.9679,0.2799,2,4,0,0,0,2,0.0000,0.4302,0.3665,1
1086,1403715940.884058237,4.1838,4.1883,0.3800,2,4,0,0,0,2,0.0000,0.5505,0.4866,1
1087,1403715940.934058189,15.4704,15.4494,8.2738,2,13,0,0,1,1,0.0000,11.3772,11.3137,1
1088,1403715940.984058142,4.2432,4.2424,0.1719,2,4,0,0,0,2,0.0000,0.2878,0.2306,1
1089,1403715941.034058094,14.3982,14.3984,7.6649,2,13,0,0,1,1,0.0000,10.6535,10.5985,1
1090,1403715941.084058285,4.3400,4.3438,0.1562,2,4,0,0,0,2,0.0000,0.2684,0.2125,1
1091,1403715941.134057999,4.7295,4.6992,0.2933,2,4,0,0,0,2,0.0000,0.4291,0.3693,1
1092,1403715941.184058189,15.1347,15.1068,7.8051,2,13,0,0,1,1,0.0000,10.9909,10.9386,1
1093,1403715941.234058142,4.6166,4.5850,0.1929,2,4,0,0,0,2,0.0000,0.3147,0.2580,1
1094,1403715941.284058094,4.5679,4.4622,0.2730,2,4,0,0,0,2,0.0000,0.4034,0.3511,1
1095,1403715941.334058046,14.9745,14.8998,7.7131,2,13,0,0,1,1,0.0000,10.7919,10.7500,1
1096,1403715941.384058237,4.3045,4.2478,0.1779,2,4,0,0,0,2,0.0000,0.2860,0.2396,1
1097,1403715941.434058189,4.2199,4.1869,0.2828,2,4,0,0,0,2,0.0000,0.4101,0.3652,1
1098,1403715941.484058142,14.4095,14.3920,7.7021,2,13,0,0,1,1,0.0000,10.6067,10.5603,1
1099,1403715941.534058094,3.9955,3.9495,0.1881,2,4,0,0,0,2,0.0000,0.3066,0.2540,1
1100,1403715941.584058285,4.0445,3.9465,0.2851,2,4,0,0,0,2,0.0000,0.4168,0.3702,1
1101,1403715941.634057999,3.8587,3.8546,0.3633,2,4,0,0,0,2,0.0000,0.5074,0.4658,1
1102,1403715941.684058189,14.0525,14.0243,7.6900,2,13,0,0,1,1,0.0000,10.5480,10.4802,1
1103,1403715941.734058142,4.0749,4.0375,0.1903,2,4,0,0,0,2,0.0000,0.3048,0.2595,1
1104,1403715941.784058094,4.0289,4.0230,0.3152,2,4,0,0,0,2,0.0000,0.4582,0.4093,1
1105,1403715941.834058046,4.2802,4.2318,0.3729,2,4,0,0,0,2,0.0000,0.5398,0.4835,1
1106,1403715941.884058237,13.7860,13.7538,7.4840,2,13,0,0,1,1,0.0000,10.2589,10.2123,1
1107,1403715941.934058189,4.1865,4.1498,0.2189,2,4,0,0,0,2,0.0000,0.3658,0.3032,1
1108,1403715941.984058142,4.3794,4.3794,0.3130,2,4,0,0,0,2,0.0000,0.4695,0.4090,1
1109,1403715942.034058094,4.2907,4.2644,0.3710,2,4,0,0,0,2,0.0000,0.5205,0.4753,1
1110,1403715942.084058285,13.6706,13.6665,7.1781,2,13,0,0,1,1,0.0000,9.8270,9.7867,1
1111,1403715942.134057999,36.0926,36.0925,29.8321,2,13,0,0,1,1,0.0000,32.4627,32.4123,1
1112,1403715942.184058189,3.8787,3.8827,0.1998,2,4,0,0,0,2,0.0000,0.3198,0.2689,1
1113,1403715942.234058142,37.1590,37.1605,30.8068,2,13,0,0,1,1,0.0000,33.2965,33.2660,1
1114,1403715942.284058094,20.3503,20.3155,11.4760,2,13,0,0,1,1,0.0000,16.2607,16.1973,1
1115,1403715942.334058046,4.1437,4.1230,0.2160,2,3,0,0,0,2,0.0000,0.3518,0.3032,1
1116,1403715942.384058237,4.4573,4.4456,0.3419,2,4,0,0,0,2,0.0000,0.4852,0.4430,1
1117,1403715942.434058189,4.3873,4.3887,0.4370,2,4,0,0,0,2,0.0000,0.6175,0.5622,1
1118,1403715942.484058142,38.0620,38.0635,31.1880,2,13,0,0,1,1,0.0000,34.0503,33.9984,1
1119,1403715942.534058094,4.0995,4.1013,0.2062,2,4,0,0,0,2,0.0000,0.3255,0.2806,1
1120,1403715942.584058285,4.2265,4.2281,0.2971,2,4,0,0,0,2,0.0000,0.4399,0.3918,1
1121,1403715942.634057999,4.3441,4.3271,0.3529,2,4,0,0,0,2,0.0000,0.5089,0.4596,1
1122,1403715942.684058189,14.8352,14.7812,8.1029,2,13,0,0,1,1,0.0000,10.9282,10.8722,1
1123,1403715942.734058142,14.4568,14.4605,8.3010,2,13,0,0,1,1,0.0000,10.9963,10.9466,1
1124,1403715942.784058094,3.6305,3.6120,0.1521,2,3,0,0,0,2,0.0000,0.2668,0.2136,1
1125,1403715942.834058046,3.6632,3.6622,0.2832,2,4,0,0,0,2,0.0000,0.4268,0.3693,1
1126,1403715942.884058237,4.1042,4.0858,0.3631,2,4,0,0,0,2,0.0000,0.5181,0.4642,1
1127,1403715942.934058189,14.5610,14.5687,8.5409,2,13,0,0,1,1,0.0000,11.2847,11.2215,1
1128,1403715942.984058142,3.7441,3.7395,0.2117,2,4,0,0,0,2,0.0000,0.3453,0.2865,1
1129,1403715943.034058094,3.7287,3.7324,0.3121,2,4,0,0,0,2,0.0000,0.4629,0.4093,1
1130,1403715943.084058285,4.0430,4.0231,0.4261,2,4,0,0,0,2,0.0000,0.6289,0.5554,1
1131,1403715943.134057999,23.4791,23.4826,17.5169,2,13,0,0,1,1,0.0000,20.1585,20.0960,1
1132,1403715943.184058189,4.2847,4.2216,0.1991,2,4,0,0,0,2,0.0000,0.3220,0.2675,1
1133,1403715943.234058142,4.5160,4.4934,0.2937,2,4,0,0,0,2,0.0000,0.4340,0.3798,1
1134,1403715943.284058094,4.5375,4.5342,0.3829,2,4,0,0,0,2,0.0000,0.5447,0.4886,1
1135,1403715943.334058046,15.2015,15.2033,8.5289,2,13,0,0,1,1,0.0000,11.1487,11.0969,1
1136,1403715943.384058237,4.4063,4.4010,0.1800,2,4,0,0,0,2,0.0000,0.2962,0.2411,1
1137,1403715943.434058189,4.3185,4.3140,0.2661,2,4,0,0,0,2,0.0000,0.4046,0.3471,1
1138,1403715943.484058142,4.4691,4.4652,0.3490,2,4,0,0,0,2,0.0000,0.4965,0.4458,1
1139,1403715943.534058094,15.1977,15.1834,8.3849,2,13,0,0,1,1,0.0000,11.0956,11.0444,1
1140,1403715943.584058285,4.4618,4.4328,0.2222,2,4,0,0,0,2,0.0000,0.3690,0.2962,1
1141,1403715943.634057999,4.0386,4.0423,0.3090,2,4,0,0,0,2,0.0000,0.4584,0.4053,1
1142,1403715943.684058189,4.2074,4.2111,0.3879,2,4,0,0,0,2,0.0000,0.5497,0.5011,1
1143,1403715943.734058142,14.6157,14.6173,8.1229,2,13,0,0,1,1,0.0000,10.8285,10.7832,1
1144,1403715943.784058094,4.0731,4.0704,0.2441,2,4,0,0,0,2,0.0000,0.3848,0.3350,1
1145,1403715943.834058046,4.1123,4.1172,0.3622,2,4,0,0,0,2,0.0000,0.5252,0.4740,1
1146,1403715943.884058237,4.3339,4.3081,0.4268,2,4,0,0,0,2,0.0000,0.6020,0.5555,1
1147,1403715943.934058189,20.5940,20.5947,14.2720,2,13,0,0,1,1,0.0000,17.1434,17.0928,1
1148,1403715943.984058142,3.9319,3.9320,0.2060,2,4,0,0,0,2,0.0000,0.3322,0.2800,1
1149,1403715944.034058094,4.2498,4.2360,0.3002,2,4,0,0,0,2,0.0000,0.4384,0.3914,1
1150,1403715944.084058285,4.9211,4.8946,0.4230,2,4,0,0,0,2,0.0000,0.6164,0.5483,1
1151,1403715944.134057999,15.2430,15.2302,8.0743,2,13,0,0,1,1,0.0000,11.1059,11.0324,1
1152,1403715944.184058189,4.9525,4.8707,0.1991,2,4,0,0,0,2,0.0000,0.3270,0.2637,1
1153,1403715944.234058142,14.6843,14.6839,7.6029,2,13,0,0,1,1,0.0000,10.5402,10.4841,1
1154,1403715944.284058094,4.0951,4.0988,0.1938,2,4,0,0,0,2,0.0000,0.3069,0.2550,1
1155,1403715944.334058046,4.0802,4.0812,0.2632,2,4,0,0,0,2,0.0000,0.3838,0.3375,1
1156,1403715944.384058237,14.7367,14.7370,8.0481,2,13,0,0,1,1,0.0000,11.1138,11.0592,1
1157,1403715944.434058189,3.8368,3.8373,0.2060,2,4,0,0,0,2,0.0000,0.3221,0.2749,1
1158,1403715944.484058142,3.9811,3.9105,0.2880,2,4,0,0,0,2,0.0000,0.4308,0.3734,1
1159,1403715944.534058094,3.7858,3.7897,0.3891,2,4,0,0,0,2,0.0000,0.5434,0.4937,1
1160,1403715944.584058285,14.8832,14.8873,8.4763,2,13,0,0,1,1,0.0000,11.6140,11.5601,1
1161,1403715944.634057999,3.7779,3.7728,0.2172,2,4,0,0,0,2,0.0000,0.3531,0.2926,1
1162,1403715944.684058189,3.7472,3.7488,0.2840,2,4,0,0,0,2,0.0000,0.4337,0.3740,1
1163,1403715944.734058142,3.8517,3.8506,0.3889,2,4,0,0,0,2,0.0000,0.5560,0.4963,1
1164,1403715944.784058094,14.6654,14.6639,8.2490,2,13,0,0,1,1,0.0000,11.3516,11.2934,1
1165,1403715944.834058046,3.7057,3.7063,0.2050,2,4,0,0,0,2,0.0000,0.3354,0.2771,1
1166,1403715944.884058237,3.9891,3.9780,0.2899,2,4,0,0,0,2,0.0000,0.4308,0.3739,1
1167,1403715944.934058189,4.1876,4.1830,0.3271,2,4,0,0,0,2,0.0000,0.4741,0.4224,1
1168,1403715944.984058142,14.4034,14.4068,7.7131,2,13,0,0,1,1,0.0000,10.6637,10.6143,1
1169,1403715945.034058094,13.7283,13.7277,7.2961,2,13,0,0,1,1,0.0000,10.1046,10.0575,1
1170,1403715945.084058285,14.1850,14.1566,7.5872,2,13,0,0,1,1,0.0000,10.4368,10.3877,1
1171,1403715945.134057999,14.5262,14.4612,7.9329,2,13,0,0,1,1,0.0000,10.8652,10.8175,1
1172,1403715945.184058189,14.4293,14.4328,8.1539,2,13,0,0,1,1,0.0000,11.0320,10.9766,1
1173,1403715945.234058142,14.6335,14.6218,8.0430,2,13,0,0,1,1,0.0000,10.7855,10.7455,1
1174,1403715945.284058094,14.5741,14.5628,8.0891,2,13,0,0,1,1,0.0000,10.8330,10.7792,1
1175,1403715945.334058046,4.1821,4.1624,0.2258,2,4,0,0,0,2,0.0000,0.3535,0.3042,1
1176,1403715945.384058237,4.4866,4.4368,0.3200,2,4,0,0,0,2,0.0000,0.4525,0.4102,1
1177,1403715945.434058189,14.8488,14.7515,8.1360,2,13,0,0,1,1,0.0000,10.8303,10.7801,1
1178,1403715945.484058142,4.2853,4.2835,0.2809,2,4,0,0,0,2,0.0000,0.4558,0.3814,1
1179,1403715945.534058094,5.4213,5.3107,0.3817,2,4,0,0,0,2,0.0000,0.5798,0.4986,1
1180,1403715945.584058285,4.2635,4.2672,0.3829,2,4,0,0,0,2,0.0000,0.5453,0.4862,1
1181,1403715945.634057999,15.4904,15.4909,8.4980,2,13,0,0,1,1,0.0000,11.3723,11.3221,1
1182,1403715945.684058189,4.1627,4.1597,0.1829,2,4,0,0,0,2,0.0000,0.2883,0.2418,1
1183,1403715945.734058142,14.9537,14.9184,8.2748,2,13,0,0,1,1,0.0000,11.0552,11.0012,1
1184,1403715945.784058094,4.0647,4.0658,0.1938,2,4,0,0,0,2,0.0000,0.3085,0.2598,1
1185,1403715945.834058046,4.3331,4.3222,0.2780,2,4,0,0,0,2,0.0000,0.3990,0.3552,1
1186,1403715945.884058237,4.1380,4.1420,0.3972,2,4,0,0,0,2,0.0000,0.5549,0.4978,1
1187,1403715945.934058189,14.2817,14.2825,7.9870,2,13,0,0,1,1,0.0000,10.7242,10.6720,1
1188,1403715945.984058142,3.7505,3.7181,0.1972,2,4,0,0,0,2,0.0000,0.3179,0.2658,1
1189,1403715946.034058094,4.3325,4.2948,0.3211,2,4,0,0,0,2,0.0000,0.4705,0.4112,1
1190,1403715946.084058285,4.1313,3.9994,0.3750,2,4,0,0,0,2,0.0000,0.5374,0.4754,1
1191,1403715946.134057999,15.5598,15.4554,8.6250,2,13,0,0,1,1,0.0000,11.5830,11.5270,1
1192,1403715946.184058189,4.0355,4.0328,0.2639,2,4,0,0,0,2,0.0000,0.4125,0.3519,1
1193,1403715946.234058142,4.0546,4.0483,0.3338,2,4,0,0,0,2,0.0000,0.4953,0.4347,1
1194,1403715946.284058094,4.0276,4.0093,0.4160,2,4,0,0,0,2,0.0000,0.5855,0.5328,1
1195,1403715946.334058046,14.1645,14.1695,8.0929,2,13,0,0,1,1,0.0000,10.9816,10.9258,1
1196,1403715946.384058237,3.9692,3.9499,0.2451,2,4,0,0,0,2,0.0000,0.3844,0.3267,1
1197,1403715946.434058189,4.0249,4.0019,0.3200,2,4,0,0,0,2,0.0000,0.4629,0.4122,1
1198,1403715946.484058142,4.6845,4.6581,0.4160,2,4,0,0,0,2,0.0000,0.5982,0.5278,1
1199,1403715946.534058094,15.1339,15.1104,8.3082,2,13,0,0,1,1,0.0000,11.2527,11.1997,1
1200,1403715946.584058285,4.3493,4.3365,0.1581,2,4,0,0,0,2,0.0000,0.2607,0.2145,1
1201,1403715946.634057999,14.4962,14.4702,7.8850,2,13,0,0,1,1,0.0000,10.7462,10.6954,1
1202,1403715946.684058189,3.8564,3.8577,0.1631,2,4,0,0,0,2,0.0000,0.2593,0.2164,1
1203,1403715946.734058142,13.4806,13.4549,7.4399,2,13,0,0,1,1,0.0000,10.1118,10.0799,1
1204,1403715946.784058094,13.1625,13.1613,7.3240,2,13,0,0,1,1,0.0000,10.0183,9.9763,1
1205,1403715946.834058046,3.4109,3.4081,0.1709,2,4,0,0,0,2,0.0000,0.2715,0.2279,1
1206,1403715946.884058237,14.1057,14.0555,7.7732,2,13,0,0,1,1,0.0000,10.6166,10.5694,1
1207,1403715946.934058189,14.4274,14.3613,7.8950,2,13,0,0,1,1,0.0000,10.8368,10.7775,1
1208,1403715946.984058142,3.6514,3.6401,0.2379,2,4,0,0,0,2,0.0000,0.3698,0.3158,1
1209,1403715947.034058094,13.6052,13.5959,7.5071,2,13,0,0,1,1,0.0000,10.2500,10.2168,1
1210,1403715947.084058285,13.9986,13.9907,7.9560,2,13,0,0,1,1,0.0000,10.7490,10.6977,1
1211,1403715947.134057999,3.6840,3.6634,0.2038,2,4,0,0,0,2,0.0000,0.3109,0.2717,1
1212,1403715947.184058189,14.1438,14.1293,8.0311,2,13,0,0,1,1,0.0000,10.6858,10.6527,1
1213,1403715947.234058142,3.5453,3.5310,0.1678,2,4,0,0,0,2,0.0000,0.2759,0.2284,1
1214,1403715947.284058094,3.9372,3.9047,0.2971,2,4,0,0,0,2,0.0000,0.4529,0.3813,1
1215,1403715947.334058046,3.6297,3.6303,0.3593,2,4,0,0,0,2,0.0000,0.5120,0.4568,1
1216,1403715947.384058237,25.5083,25.4833,19.5141,2,13,0,0,1,1,0.0000,22.1798,22.1407,1
1217,1403715947.434058189,3.7812,3.7497,0.1872,2,4,0,0,0,2,0.0000,0.2895,0.2478,1
1218,1403715947.484058142,3.6548,3.6427,0.2809,2,4,0,0,0,2,0.0000,0.4021,0.3601,1
1219,1403715947.534058094,3.7052,3.7065,0.3781,2,4,0,0,0,2,0.0000,0.5209,0.4790,1
1220,1403715947.584058285,13.5421,13.5323,7.7057,2,13,0,0,1,1,0.0000,10.1889,10.1536,1
1221,1403715947.634057999,3.5400,3.5376,0.1502,2,4,0,0,0,2,0.0000,0.2321,0.1962,1
1222,1403715947.684058189,13.1705,13.1593,7.4391,2,13,0,0,1,1,0.0000,9.8671,9.8264,1
1223,1403715947.734058142,3.6615,3.6608,0.1392,2,4,0,0,0,2,0.0000,0.2317,0.1871,1
1224,1403715947.784058094,3.6313,3.6253,0.2098,2,4,0,0,0,2,0.0000,0.3069,0.2661,1
1225,1403715947.834058046,13.5070,13.5002,7.6571,2,13,0,0,1,1,0.0000,10.1948,10.1520,1
1226,1403715947.884058237,3.7728,3.7767,0.2000,2,4,0,0,0,2,0.0000,0.3153,0.2658,1
1227,1403715947.934058189,13.5617,13.5510,7.5591,2,13,0,0,1,1,0.0000,9.9638,9.9360,1
1228,1403715947.984058142,14.1719,14.1359,8.0631,2,13,0,0,1,1,0.0000,10.6815,10.6181,1
1229,1403715948.034058094,3.7953,3.7860,0.2830,2,4,0,0,0,2,0.0000,0.4400,0.3786,1
1230,1403715948.084058285,3.8806,3.8792,0.4110,2,4,0,0,0,2,0.0000,0.5953,0.5397,1
1231,1403715948.134057999,3.9501,3.9519,0.4911,2,4,0,0,0,2,0.0000,0.6915,0.6344,1
1232,1403715948.184058189,13.5850,13.5885,7.8132,2,13,0,0,1,1,0.0000,10.4541,10.4009,1
1233,1403715948.234058142,3.7592,3.7547,0.2573,2,4,0,0,0,2,0.0000,0.4067,0.3501,1
1234,1403715948.284058094,3.9937,3.9875,0.4961,2,5,0,0,0,2,0.0000,0.6825,0.6246,1
1235,1403715948.334058046,4.0871,4.0881,0.6227,2,5,0,0,0,2,0.0000,0.8203,0.7729,1
1236,1403715948.384058237,14.3716,14.3170,8.1460,2,13,0,0,1,1,0.0000,10.6710,10.6230,1
1237,1403715948.434058189,3.8383,3.8379,0.2129,2,4,0,0,0,2,0.0000,0.3333,0.2881,1
1238,1403715948.484058142,3.9457,3.9490,0.3252,2,4,0,0,0,2,0.0000,0.4780,0.4313,1
1239,1403715948.534058094,4.5549,4.5153,0.4039,2,4,0,0,0,2,0.0000,0.5620,0.5231,1
1240,1403715948.584058285,13.7190,13.7029,7.8421,2,13,0,0,1,1,0.0000,10.3526,10.3095,1
1241,1403715948.634057999,3.5937,3.5842,0.1509,2,3,0,0,0,2,0.0000,0.2601,0.2106,1
1242,1403715948.684058189,13.9487,13.9416,8.1580,2,13,0,0,1,1,0.0000,10.6217,10.5876,1
1243,1403715948.734058142,3.3952,3.3970,0.1581,2,4,0,0,0,2,0.0000,0.2548,0.2100,1
1244,1403715948.784058094,13.7659,13.6657,7.9012,2,13,0,0,1,1,0.0000,10.3395,10.2898,1
1245,1403715948.834058046,13.3485,13.3520,8.0059,2,13,0,0,1,1,0.0000,10.2329,10.2047,1
1246,1403715948.884058237,14.0459,14.0413,8.3108,2,13,0,0,1,1,0.0000,10.9694,10.9185,1
1247,1403715948.934058189,3.4344,3.4306,0.1881,2,3,0,0,0,2,0.0000,0.3103,0.2646,1
1248,1403715948.984058142,14.2710,14.2648,8.3270,2,13,0,0,1,1,0.0000,11.0372,11.0075,1
1249,1403715949.034058094,15.1225,15.1034,8.9831,2,13,0,0,1,1,0.0000,11.8314,11.7805,1
1250,1403715949.084058285,3.5745,3.5620,0.2332,2,4,0,0,0,2,0.0000,0.3583,0.3110,1
1251,1403715949.134057999,14.7866,14.7610,8.5568,2,13,0,0,1,1,0.0000,11.4186,11.3880,1
1252,1403715949.184058189,15.1496,15.1197,8.8439,2,13,0,0,1,1,0.0000,11.8457,11.8047,1
1253,1403715949.234058142,3.7475,3.7106,0.1619,2,3,0,0,0,2,0.0000,0.2636,0.2239,1
1254,1403715949.284058094,14.2115,14.1839,8.3299,2,13,0,0,1,1,0.0000,11.0877,11.0527,1
1255,1403715949.334058046,14.3668,14.3707,8.2939,2,13,0,0,1,1,0.0000,11.0093,10.9735,1
1256,1403715949.384058237,4.1945,4.1632,0.2019,2,4,0,0,0,2,0.0000,0.3150,0.2689,1
1257,1403715949.434058189,14.9960,14.9719,8.4960,2,13,0,0,1,1,0.0000,11.2225,11.1845,1
1258,1403715949.484058142,14.6888,14.6815,8.6570,2,13,0,0,1,1,0.0000,11.4620,11.4147,1
1259,1403715949.534058094,3.5929,3.5970,0.1819,2,3,0,0,0,2,0.0000,0.2947,0.2517,1
1260,1403715949.584058285,3.8728,3.8799,0.3006,2,4,0,0,0,2,0.0000,0.4230,0.3878,1
1261,1403715949.634057999,3.7742,3.7780,0.3669,2,4,0,0,0,2,0.0000,0.5142,0.4705,1
1262,1403715949.684058189,39.5126,39.4839,33.3011,2,13,1,0,0,1,0.0000,36.1469,36.1013,1
1263,1403715949.734058142,3.7222,3.7203,0.2439,2,4,0,0,0,2,0.0000,0.3820,0.3257,1
1264,1403715949.784058094,3.9433,3.9257,0.3431,2,4,0,0,0,2,0.0000,0.5032,0.4427,1
1265,1403715949.834058046,3.7030,3.7064,0.4051,2,4,0,0,0,2,0.0000,0.5748,0.5214,1
1266,1403715949.884058237,14.6732,14.6772,8.4748,2,13,0,0,1,1,0.0000,11.3345,11.2813,1
1267,1403715949.934058189,3.5997,3.6013,0.1960,2,4,0,0,0,2,0.0000,0.3160,0.2637,1
1268,1403715949.984058142,3.7990,3.7820,0.2971,2,4,0,0,0,2,0.0000,0.4365,0.3892,1
1269,1403715950.034058094,4.1175,4.1146,0.4232,2,4,0,0,0,2,0.0000,0.5868,0.5381,1
1270,1403715950.084058285,14.8101,14.8016,8.5530,2,13,0,0,1,1,0.0000,11.3801,11.3336,1
1271,1403715950.134057999,3.8061,3.8096,0.1612,2,4,0,0,0,2,0.0000,0.2593,0.2149,1
1272,1403715950.184058189,14.1374,14.1221,7.9327,2,13,0,0,1,1,0.0000,10.7069,10.6631,1
1273,1403715950.234058142,3.6421,3.6459,0.1471,2,3,0,0,0,2,0.0000,0.2468,0.2013,1
1274,1403715950.284058094,13.9381,13.9302,7.9200,2,13,0,0,1,1,0.0000,10.6105,10.5715,1
1275,1403715950.334058046,3.8983,3.8810,0.1428,2,3,0,0,0,2,0.0000,0.2438,0.1973,1
1276,1403715950.384058237,14.4466,14.4063,7.9372,2,13,0,0,1,1,0.0000,10.7245,10.6759,1
1277,1403715950.434058189,3.9322,3.9359,0.1621,2,4,0,0,0,2,0.0000,0.2679,0.2176,1
1278,1403715950.484058142,21.1197,21.0794,14.0610,2,13,0,0,1,1,0.0000,16.9005,16.8595,1
1279,1403715950.534058094,43.0537,43.0368,33.5870,2,13,1,0,0,1,0.0000,39.3428,39.2875,1
1280,1403715950.584058285,4.5201,4.3623,0.2170,2,4,0,0,0,2,0.0000,0.3458,0.2893,1
1281,1403715950.634057999,14.6448,14.5997,8.0431,2,13,0,0,1,1,0.0000,10.8415,10.8022,1
1282,1403715950.684058189,14.6510,14.6435,8.4028,2,13,0,0,1,1,0.0000,11.3715,11.3103,1
1283,1403715950.734058142,3.7059,3.6859,0.2623,2,4,0,0,0,2,0.0000,0.3974,0.3464,1
1284,1403715950.784058094,15.1479,15.1134,8.5211,2,13,0,0,1,1,0.0000,11.3375,11.2999,1
1285,1403715950.834058046,18.0475,18.0451,8.9090,2,13,0,0,1,1,0.0000,14.5181,14.4638,1
1286,1403715950.884058237,4.1333,4.1276,0.2267,2,3,0,0,0,2,0.0000,0.3693,0.3142,1
1287,1403715950.934058189,14.8335,14.8191,8.8890,2,13,0,0,1,1,0.0000,11.6207,11.5918,1
1288,1403715950.984058142,17.5335,17.5144,9.2828,2,13,0,0,1,1,0.0000,14.8103,14.7798,1
1289,1403715951.034058094,2.8482,2.8460,0.1311,2,3,0,0,0,2,0.0000,0.2059,0.1813,1
1290,1403715951.084058285,14.0587,14.0564,8.6632,2,13,0,0,1,1,0.0000,11.2852,11.2630,1
1291,1403715951.134057999,13.9430,13.9304,8.6091,2,13,0,0,1,1,0.0000,11.2492,11.2259,1
1292,1403715951.184058189,14.4615,14.4559,8.6980,2,13,0,0,1,1,0.0000,11.3409,11.3038,1
1293,1403715951.234058142,3.4086,3.4122,0.1678,2,4,0,0,0,2,0.0000,0.2575,0.2208,1
1294,1403715951.284058094,14.8450,14.8276,8.8141,2,13,0,0,1,1,0.0000,11.5992,11.5514,1
1295,1403715951.334058046,3.4848,3.4812,0.2079,2,4,0,0,0,2,0.0000,0.3118,0.2715,1
1296,1403715951.384058237,26.3427,26.3200,20.2382,2,13,0,0,1,1,0.0000,22.9332,22.9089,1
1297,1403715951.434058189,17.7836,17.7018,8.7919,2,13,0,0,1,1,0.0000,14.1641,14.1128,1
1298,1403715951.484058142,3.7208,3.7222,0.2341,2,4,0,0,0,2,0.0000,0.3588,0.3101,1
1299,1403715951.534058094,4.0220,4.0255,0.3202,2,4,0,0,0,2,0.0000,0.4545,0.4136,1
1300,1403715951.584058285,4.5339,4.5227,0.4599,2,4,0,0,0,2,0.0000,0.6346,0.5833,1
1301,1403715951.634057999,37.4995,37.4898,31.3752,2,13,0,0,1,1,0.0000,33.9596,33.9105,1
1302,1403715951.684058189,4.1332,4.1278,0.3421,2,5,0,0,0,2,0.0000,0.4933,0.4372,1
1303,1403715951.734058142,4.1395,4.1434,0.3977,2,4,0,0,0,2,0.0000,0.5739,0.5182,1
1304,1403715951.784058094,4.6110,4.5716,0.4849,2,4,0,0,0,2,0.0000,0.6982,0.6331,1
1305,1403715951.834058046,14.1156,14.1130,8.1708,2,13,0,0,1,1,0.0000,10.7423,10.6950,1
1306,1403715951.884058237,4.0807,4.0825,0.2098,2,4,0,0,0,2,0.0000,0.3235,0.2791,1
1307,1403715951.934058189,4.3953,4.3817,0.3002,2,4,0,0,0,2,0.0000,0.4273,0.3847,1
1308,1403715951.984058142,29.0747,29.0770,22.6622,2,13,0,0,1,1,0.0000,25.1490,25.1116,1
1309,1403715952.034058094,29.8247,29.7841,23.2148,2,13,0,0,1,1,0.0000,25.8947,25.8526,1
1310,1403715952.084058285,14.1977,14.1907,7.9179,2,13,0,0,1,1,0.0000,10.5488,10.5050,1
1311,1403715952.134057999,14.1132,14.1081,7.8251,2,13,0,0,1,1,0.0000,10.4287,10.3940,1
1312,1403715952.184058189,15.2512,15.1607,8.3299,2,13,0,0,1,1,0.0000,10.9743,10.9332,1
1313,1403715952.234058142,14.0792,14.0779,7.9911,2,13,0,0,1,1,0.0000,10.5278,10.4857,1
1314,1403715952.284058094,14.6729,14.6157,8.0922,2,13,0,0,1,1,0.0000,10.7566,10.7234,1
1315,1403715952.334058046,13.9740,13.9596,7.8011,2,13,0,0,1,1,0.0000,10.5126,10.4742,1
1316,1403715952.384058237,3.5060,3.5094,0.1581,2,3,0,0,0,2,0.0000,0.2504,0.2120,1
1317,1403715952.434058189,13.7136,13.7142,7.7350,2,13,0,0,1,1,0.0000,10.4403,10.4120,1
1318,1403715952.484058142,42.9340,42.8578,33.7999,2,13,1,0,0,1,0.0000,39.4499,39.3967,1
1319,1403715952.534058094,3.4639,3.4148,0.2010,2,3,0,0,0,2,0.0000,0.3174,0.2738,1
1320,1403715952.584058285,13.7010,13.6913,7.8869,2,13,0,0,1,1,0.0000,10.4038,10.3838,1
1321,1403715952.634057999,37.6672,37.6588,31.9951,2,13,1,0,0,1,0.0000,34.5963,34.5485,1
1322,1403715952.684058189,3.4491,3.4313,0.1891,2,3,0,0,0,2,0.0000,0.2989,0.2582,1
1323,1403715952.734058142,36.5687,36.5723,30.8359,2,12,0,0,0,2,0.0000,33.3868,33.3554,1
1324,1403715952.784058094,14.0489,14.0481,8.2269,2,13,0,0,1,1,0.0000,10.9255,10.8749,1
1325,1403715952.834058046,3.4515,3.4520,0.2260,2,4,0,0,0,2,0.0000,0.3472,0.2980,1
1326,1403715952.884058237,3.6557,3.6549,0.3090,2,4,0,0,0,2,0.0000,0.4464,0.4026,1
1327,1403715952.934058189,3.6768,3.6804,0.4041,2,4,0,0,0,2,0.0000,0.5484,0.5158,1
1328,1403715952.984058142,13.7769,13.7831,8.1630,2,13,0,0,1,1,0.0000,10.8299,10.7951,1
1329,1403715953.034058094,13.8948,13.8832,8.0800,2,13,0,0,1,1,0.0000,10.6719,10.6490,1
1330,1403715953.084058285,13.9413,13.9450,8.2400,2,13,0,0,1,1,0.0000,10.9507,10.9022,1
1331,1403715953.134057999,3.8440,3.8070,0.1712,2,3,0,0,0,2,0.0000,0.2801,0.2354,1
1332,1403715953.184058189,13.6669,13.6563,7.9930,2,13,0,0,1,1,0.0000,10.5579,10.5236,1
1333,1403715953.234058142,3.3623,3.3666,0.2031,2,4,0,0,0,2,0.0000,0.3075,0.2684,1
1334,1403715953.284058094,3.7235,3.7273,0.2758,2,4,0,0,0,2,0.0000,0.3930,0.3520,1
1335,1403715953.334058046,37.6282,37.5930,31.6720,2,13,0,0,1,1,0.0000,34.2362,34.2070,1
1336,1403715953.384058237,3.4009,3.4044,0.1578,2,4,0,0,0,2,0.0000,0.2559,0.2089,1
1337,1403715953.434058189,3.6470,3.6227,0.2391,2,4,0,0,0,2,0.0000,0.3629,0.3085,1
1338,1403715953.484058142,38.0845,38.0264,31.6420,2,13,0,0,1,1,0.0000,34.2965,34.2595,1
1339,1403715953.534058094,4.1797,4.1299,0.1900,2,4,0,0,0,2,0.0000,0.3015,0.2509,1
1340,1403715953.584058285,3.9320,3.8275,0.2918,2,4,0,0,0,2,0.0000,0.4285,0.3736,1
1341,1403715953.634057999,3.9925,3.9891,0.3889,2,4,0,0,0,2,0.0000,0.5415,0.4872,1
1342,1403715953.684058189,36.6390,36.6322,30.6680,2,13,0,0,1,1,0.0000,33.3714,33.3215,1
1343,1403715953.734058142,3.9802,3.9694,0.3109,2,4,0,0,0,2,0.0000,0.4985,0.4138,1
1344,1403715953.784058094,14.3916,14.3557,7.9641,2,13,0,0,1,1,0.0000,10.5054,10.4706,1
1345,1403715953.834058046,18.0215,17.9639,8.7459,2,13,0,0,1,1,0.0000,14.0013,13.9114,1
1346,1403715953.884058237,4.6128,4.6002,0.3381,2,4,0,0,0,2,0.0000,0.5069,0.4524,1
1347,1403715953.934058189,4.7021,4.5886,0.5243,2,4,0,0,0,2,0.0000,0.7441,0.6885,1
1348,1403715953.984058142,4.7897,4.7693,0.5560,2,4,0,0,0,2,0.0000,0.7753,0.7275,1
1349,1403715954.034058094,15.5102,15.1923,8.8580,2,13,0,0,1,1,0.0000,11.7213,11.6746,1
1350,1403715954.084058285,16.1999,15.6874,8.9872,2,13,0,0,1,1,0.0000,11.7425,11.6987,1
1351,1403715954.134057999,14.6737,14.6335,8.0938,2,13,0,0,1,1,0.0000,10.7313,10.6836,1
1352,1403715954.184058189,15.2517,14.9844,8.7879,2,13,0,0,1,1,0.0000,11.5720,11.5274,1
1353,1403715954.234058142,14.8567,14.8336,8.6021,2,13,0,0,1,1,0.0000,11.1839,11.1431,1
1354,1403715954.284058094,14.7881,14.7692,8.5969,2,13,0,0,1,1,0.0000,11.1283,11.0831,1
1355,1403715954.334058046,15.1592,15.1504,8.8818,2,13,0,0,1,1,0.0000,11.6363,11.5875,1
1356,1403715954.384058237,14.5359,14.5303,8.5950,2,13,0,0,1,1,0.0000,11.2026,11.1597,1
1357,1403715954.434058189,3.8804,3.8563,0.1760,2,3,0,0,0,2,0.0000,0.2849,0.2361,1
1358,1403715954.484058142,3.5351,3.5389,0.2820,2,4,0,0,0,2,0.0000,0.4057,0.3595,1
1359,1403715954.534058094,14.8023,14.7997,8.6148,2,13,0,0,1,1,0.0000,11.4349,11.3966,1
1360,1403715954.584058285,3.4430,3.4466,0.1757,2,4,0,0,0,2,0.0000,0.2858,0.2323,1
1361,1403715954.634057999,14.4385,14.4314,8.2028,2,13,0,0,1,1,0.0000,11.0277,10.9663,1
1362,1403715954.684058189,3.4848,3.4847,0.2029,2,4,0,0,0,2,0.0000,0.3070,0.2660,1
1363,1403715954.734058142,3.4062,3.4077,0.2918,2,4,0,0,0,2,0.0000,0.4322,0.3728,1
1364,1403715954.784058094,3.4992,3.5057,0.3631,2,4,0,0,0,2,0.0000,0.5044,0.4610,1
1365,1403715954.834058046,13.7594,13.7570,7.9861,2,13,0,0,1,1,0.0000,10.6952,10.6518,1
1366,1403715954.884058237,3.2873,3.2910,0.1831,2,4,0,0,0,2,0.0000,0.2878,0.2418,1
1367,1403715954.934058189,3.4057,3.3904,0.2501,2,4,0,0,0,2,0.0000,0.3647,0.3227,1
1368,1403715954.984058142,3.6590,3.6411,0.3610,2,4,0,0,0,2,0.0000,0.4936,0.4520,1
1369,1403715955.034058094,13.5820,13.5773,7.8349,2,13,0,0,1,1,0.0000,10.5232,10.4819,1
1370,1403715955.084058285,13.2780,13.2717,7.5991,2,13,0,0,1,1,0.0000,10.2502,10.2054,1
1371,1403715955.134057999,12.9600,12.9635,7.4291,2,13,0,0,1,1,0.0000,10.0170,9.9805,1
1372,1403715955.184058189,13.2269,13.2140,7.5381,2,13,0,0,1,1,0.0000,10.1309,10.0939,1
1373,1403715955.234058142,13.5123,13.3419,7.5781,2,13,0,0,1,1,0.0000,10.1587,10.1155,1
1374,1403715955.284058094,13.8043,13.6480,7.6241,2,13,0,0,1,1,0.0000,10.2092,10.1689,1
1375,1403715955.334058046,3.8627,3.8320,0.1659,2,4,0,0,0,2,0.0000,0.2806,0.2191,1
1376,1403715955.384058237,19.0895,19.0840,13.1302,2,13,0,0,1,1,0.0000,15.7873,15.7409,1
1377,1403715955.434058189,16.8106,16.8000,10.2730,2,13,0,0,1,1,0.0000,12.8460,12.8193,1
1378,1403715955.484058142,14.2302,14.2246,7.6952,2,13,0,0,1,1,0.0000,10.4512,10.3908,1
1379,1403715955.534058094,4.5045,4.4969,0.2449,2,4,0,0,0,2,0.0000,0.3758,0.3248,1
1380,1403715955.584058285,4.3435,4.3377,0.3560,2,4,0,0,0,2,0.0000,0.5064,0.4623,1
1381,1403715955.634057999,4.5126,4.5101,0.5052,2,4,0,0,0,2,0.0000,0.7122,0.6514,1
1382,1403715955.684058189,14.3141,14.2849,7.9830,2,13,0,0,1,1,0.0000,10.7367,10.6832,1
1383,1403715955.734058142,4.5065,4.4602,0.2301,2,4,0,0,0,2,0.0000,0.3616,0.3088,1
1384,1403715955.784058094,4.2965,4.2898,0.3488,2,4,0,0,0,2,0.0000,0.4995,0.4527,1
1385,1403715955.834058046,4.6445,4.6422,0.4151,2,4,0,0,0,2,0.0000,0.5723,0.5345,1
1386,1403715955.884058237,14.7815,14.7230,7.9198,2,13,0,0,1,1,0.0000,10.5414,10.5084,1
1387,1403715955.934058189,14.7103,14.6937,8.5399,2,13,0,0,1,1,0.0000,11.2711,11.2297,1
1388,1403715955.984058142,3.6249,3.6131,0.1762,2,4,0,0,0,2,0.0000,0.2738,0.2338,1
1389,1403715956.034058094,14.1256,13.9836,8.1532,2,13,0,0,1,1,0.0000,10.7068,10.6767,1
1390,1403715956.084058285,14.0036,13.9833,8.2488,2,13,0,0,1,1,0.0000,10.7471,10.7057,1
1391,1403715956.134057999,13.4165,13.4179,8.0068,2,13,0,0,1,1,0.0000,10.4135,10.3794,1
1392,1403715956.184058189,13.2616,13.2521,7.9989,2,13,0,0,1,1,0.0000,10.2985,10.2665,1
1393,1403715956.234058142,18.9851,18.9833,13.8271,2,13,0,0,1,1,0.0000,16.2153,16.1786,1
1394,1403715956.284058094,3.0053,3.0070,0.1769,2,4,0,0,0,2,0.0000,0.2722,0.2366,1
1395,1403715956.334058046,3.1904,3.1923,0.2770,2,4,0,0,0,2,0.0000,0.3825,0.3550,1
1396,1403715956.384058237,17.0944,17.0751,11.2710,2,13,0,0,1,1,0.0000,13.9987,13.9593,1
1397,1403715956.434058189,3.1171,3.1209,0.1700,2,4,0,0,0,2,0.0000,0.2612,0.2275,1
1398,1403715956.484058142,3.4583,3.4228,0.2890,2,4,0,0,0,2,0.0000,0.4145,0.3761,1
1399,1403715956.534058094,3.5239,3.5099,0.3352,2,4,0,0,0,2,0.0000,0.4612,0.4250,1
1400,1403715956.584058285,13.3378,13.3413,7.7739,2,13,0,0,1,1,0.0000,10.4707,10.4356,1
1401,1403715956.634057999,3.1591,3.1422,0.1559,2,4,0,0,0,2,0.0000,0.2420,0.2090,1
1402,1403715956.684058189,3.0399,3.0381,0.2351,2,4,0,0,0,2,0.0000,0.3317,0.3024,1
1403,1403715956.734058142,3.3218,3.3165,0.3579,2,4,0,0,0,2,0.0000,0.4838,0.4478,1
1404,1403715956.784058094,13.0596,13.0634,7.5481,2,13,0,0,1,1,0.0000,10.2281,10.1891,1
1405,1403715956.834058046,3.5718,3.5527,0.1860,2,4,0,0,0,2,0.0000,0.2887,0.2460,1
1406,1403715956.884058237,3.5178,3.5012,0.2658,2,4,0,0,0,2,0.0000,0.3895,0.3439,1
1407,1403715956.934058189,3.7767,3.7595,0.3757,2,4,0,0,0,2,0.0000,0.5179,0.4698,1
1408,1403715956.984058142,14.1934,14.1806,8.0101,2,13,0,0,1,1,0.0000,10.7951,10.7500,1
1409,1403715957.034058094,4.0098,3.8433,0.1860,2,4,0,0,0,2,0.0000,0.3027,0.2480,1
1410,1403715957.084058285,3.7471,3.6187,0.2933,2,4,0,0,0,2,0.0000,0.4130,0.3716,1
1411,1403715957.134057999,3.6383,3.5991,0.3610,2,4,0,0,0,2,0.0000,0.5003,0.4523,1
1412,1403715957.184058189,13.1253,13.1287,7.4170,2,13,0,0,1,1,0.0000,10.0740,10.0304,1
1413,1403715957.234058142,3.5979,3.6016,0.1929,2,4,0,0,0,2,0.0000,0.2936,0.2494,1
1414,1403715957.284058094,3.4482,3.4516,0.2382,2,4,0,0,0,2,0.0000,0.3438,0.3020,1
1415,1403715957.334058046,3.4945,3.4980,0.3190,2,4,0,0,0,2,0.0000,0.4408,0.3994,1
1416,1403715957.384058237,14.2086,14.0900,7.3831,2,13,0,0,1,1,0.0000,10.0315,9.9913,1
1417,1403715957.434058189,13.9326,13.9363,7.4787,2,13,0,0,1,1,0.0000,10.2653,10.2170,1
1418,1403715957.484058142,3.8905,3.8751,0.1802,2,4,0,0,0,2,0.0000,0.2855,0.2381,1
1419,1403715957.534058094,14.0603,14.0640,7.3459,2,13,0,0,1,1,0.0000,9.9307,9.9006,1
1420,1403715957.584058285,14.3911,14.3965,7.6702,2,13,0,0,1,1,0.0000,10.3873,10.3269,1
1421,1403715957.634057999,4.1745,4.1528,0.2427,2,3,0,0,0,2,0.0000,0.3882,0.3359,1
1422,1403715957.684058189,4.5285,4.5263,0.4120,2,4,0,0,0,2,0.0000,0.5968,0.5407,1
1423,1403715957.734058142,4.7058,4.6051,0.5498,2,4,0,0,0,2,0.0000,0.7686,0.7127,1
1424,1403715957.784058094,31.7540,31.7356,24.5361,2,13,0,0,1,1,0.0000,27.1975,27.1564,1
1425,1403715957.834058046,4.6055,4.5998,0.1941,2,4,0,0,0,2,0.0000,0.2996,0.2608,1
1426,1403715957.884058237,4.5018,4.5054,0.2728,2,4,0,0,0,2,0.0000,0.3918,0.3540,1
1427,1403715957.934058189,14.3607,14.3575,7.7949,2,13,0,0,1,1,0.0000,10.3926,10.3547,1
1428,1403715957.984058142,13.5947,13.5962,7.7310,2,13,0,0,1,1,0.0000,10.1678,10.1367,1
1429,1403715958.034058094,14.1210,14.1006,7.9868,2,13,0,0,1,1,0.0000,10.4989,10.4365,1
1430,1403715958.084058285,3.6933,3.6571,0.1910,2,4,0,0,0,2,0.0000,0.2944,0.2556,1
1431,1403715958.134057999,14.7477,14.7293,8.2641,2,13,0,0,1,1,0.0000,10.7609,10.6972,1
1432,1403715958.184058189,3.4863,3.4864,0.1891,2,4,0,0,0,2,0.0000,0.3052,0.2525,1
1433,1403715958.234058142,3.8550,3.8278,0.3059,2,4,0,0,0,2,0.0000,0.4481,0.3942,1
1434,1403715958.284058094,14.6378,14.6115,8.5900,2,13,0,0,1,1,0.0000,11.4888,11.4445,1
1435,1403715958.334058046,3.6500,3.5977,0.1981,2,4,0,0,0,2,0.0000,0.3130,0.2661,1
1436,1403715958.384058237,3.6064,3.6013,0.2928,2,4,0,0,0,2,0.0000,0.4246,0.3791,1
1437,1403715958.434058189,14.5460,14.5216,8.3899,2,13,0,0,1,1,0.0000,11.0901,11.0568,1
1438,1403715958.484058142,14.0717,14.0640,8.2908,2,13,0,0,1,1,0.0000,11.0566,11.0123,1
1439,1403715958.534058094,3.2164,3.1884,0.1750,2,3,0,0,0,2,0.0000,0.2811,0.2397,1
1440,1403715958.584058285,3.2008,3.2012,0.3011,2,4,0,0,0,2,0.0000,0.4184,0.3858,1
1441,1403715958.634057999,3.4900,3.4390,0.3781,2,4,0,0,0,2,0.0000,0.5148,0.4859,1
1442,1403715958.684058189,13.9200,13.9215,8.4081,2,13,0,0,1,1,0.0000,11.1538,11.1137,1
1443,1403715958.734058142,3.0900,3.0895,0.1793,2,4,0,0,0,2,0.0000,0.2700,0.2373,1
1444,1403715958.784058094,13.6800,13.6709,7.9622,2,13,0,0,1,1,0.0000,10.6936,10.6642,1
1445,1403715958.834058046,13.5868,13.5692,7.6251,2,13,0,0,1,1,0.0000,10.2762,10.2406,1
1446,1403715958.884058237,14.4708,14.1181,7.8731,2,13,0,0,1,1,0.0000,10.5305,10.4937,1
1447,1403715958.934058189,14.0222,14.0063,7.8981,2,13,0,0,1,1,0.0000,10.5331,10.4974,1
1448,1403715958.984058142,13.7196,13.7171,7.7889,2,13,0,0,1,1,0.0000,10.4643,10.4230,1
1449,1403715959.034058094,37.9242,37.7939,31.5502,2,13,0,0,1,1,0.0000,34.2395,34.2007,1
1450,1403715959.084058285,3.9925,3.9919,0.1712,2,3,0,0,0,2,0.0000,0.2753,0.2280,1
1451,1403715959.134057999,14.7225,14.6485,8.1861,2,13,0,0,1,1,0.0000,10.9211,10.8709,1
1452,1403715959.184058189,3.7541,3.7545,0.2081,2,4,0,0,0,2,0.0000,0.3120,0.2705,1
1453,1403715959.234058142,4.2595,4.1870,0.3169,2,4,0,0,0,2,0.0000,0.4581,0.4044,1
1454,1403715959.284058094,4.0170,4.0208,0.3941,2,4,0,0,0,2,0.0000,0.5437,0.4998,1
1455,1403715959.334058046,15.1649,15.1300,8.0860,2,13,0,0,1,1,0.0000,10.8734,10.8329,1
1456,1403715959.384058237,4.0997,4.1008,0.2000,2,4,0,0,0,2,0.0000,0.3129,0.2624,1
1457,1403715959.434058189,14.1143,14.1138,8.0249,2,13,0,0,1,1,0.0000,10.7731,10.7260,1
1458,1403715959.484058142,14.7225,14.7218,7.9920,2,13,0,0,1,1,0.0000,10.5715,10.5390,1
1459,1403715959.534058094,4.4460,4.3730,0.1650,2,3,0,0,0,2,0.0000,0.2895,0.2209,1
1460,1403715959.584058285,15.0965,15.0946,8.5461,2,13,0,0,1,1,0.0000,11.3041,11.2453,1
1461,1403715959.634057999,4.6814,4.6552,0.3159,2,4,0,0,0,2,0.0000,0.4746,0.4240,1
1462,1403715959.684058189,4.8178,4.7958,0.4530,2,4,0,0,0,2,0.0000,0.6524,0.5987,1
1463,1403715959.734058142,5.4207,5.3933,0.5898,2,4,0,0,0,2,0.0000,0.8210,0.7680,1
1464,1403715959.784058094,15.7651,15.7553,8.7109,2,13,0,0,1,1,0.0000,11.4292,11.3808,1
1465,1403715959.834058046,4.4185,4.4131,0.1922,2,4,0,0,0,2,0.0000,0.3036,0.2513,1
1466,1403715959.884058237,14.6672,14.6664,8.0998,2,13,0,0,1,1,0.0000,10.7989,10.7520,1
1467,1403715959.934058189,14.3104,14.2975,7.8430,2,13,0,0,1,1,0.0000,10.4588,10.4225,1
1468,1403715959.984058142,14.4648,14.3859,7.9691,2,13,0,0,1,1,0.0000,10.6388,10.5940,1
1469,1403715960.034058094,3.9428,3.9097,0.1841,2,4,0,0,0,2,0.0000,0.2855,0.2456,1
1470,1403715960.084058285,14.2046,14.1697,8.0299,2,13,0,0,1,1,0.0000,10.6931,10.6612,1
1471,1403715960.134057999,13.9339,13.9375,8.1139,2,13,0,0,1,1,0.0000,10.8534,10.8130,1
1472,1403715960.184058189,3.4287,3.4276,0.2222,2,4,0,0,0,2,0.0000,0.3318,0.2918,1
1473,1403715960.234058142,13.9093,13.8967,8.1232,2,13,0,0,1,1,0.0000,10.7848,10.7585,1
1474,1403715960.284058094,13.9838,13.9776,8.3790,2,13,0,0,1,1,0.0000,11.0851,11.0447,1
1475,1403715960.334058046,3.1536,3.1571,0.1938,2,4,0,0,0,2,0.0000,0.2939,0.2584,1
1476,1403715960.384058237,3.6533,3.6410,0.3109,2,4,0,0,0,2,0.0000,0.4281,0.3944,1
1477,1403715960.434058189,3.3645,3.3664,0.3781,2,4,0,0,0,2,0.0000,0.5144,0.4802,1
1478,1403715960.484058142,14.5056,14.4693,8.7712,2,13,0,0,1,1,0.0000,11.6504,11.6134,1
1479,1403715960.534058094,3.6316,3.6219,0.2270,2,4,0,0,0,2,0.0000,0.3450,0.3016,1
1480,1403715960.584058285,3.5799,3.5795,0.3319,2,4,0,0,0,2,0.0000,0.4646,0.4220,1
1481,1403715960.634057999,3.9656,3.9424,0.3817,2,4,0,0,0,2,0.0000,0.5190,0.4830,1
1482,1403715960.684058189,14.1245,14.1255,8.2180,2,13,0,0,1,1,0.0000,10.9925,10.9521,1
1483,1403715960.734058142,3.4564,3.4561,0.1709,2,4,0,0,0,2,0.0000,0.2728,0.2291,1
1484,1403715960.784058094,3.6597,3.6589,0.2758,2,4,0,0,0,2,0.0000,0.3949,0.3515,1
1485,1403715960.834058046,3.9423,3.8946,0.3469,2,4,0,0,0,2,0.0000,0.4775,0.4335,1
1486,1403715960.884058237,13.6678,13.6467,7.8511,2,13,0,0,1,1,0.0000,10.4028,10.3671,1
1487,1403715960.934058189,3.6297,3.6077,0.1931,2,4,0,0,0,2,0.0000,0.2942,0.2520,1
1488,1403715960.984058142,3.7135,3.7125,0.2520,2,4,0,0,0,2,0.0000,0.3557,0.3233,1
1489,1403715961.034058094,3.7285,3.7320,0.3428,2,4,0,0,0,2,0.0000,0.4775,0.4328,1
1490,1403715961.084058285,13.4120,13.4061,7.7541,2,13,0,0,1,1,0.0000,10.3102,10.2635,1
1491,1403715961.134057999,3.7421,3.7276,0.1571,2,4,0,0,0,2,0.0000,0.2464,0.2106,1
1492,1403715961.184058189,3.8430,3.8341,0.2191,2,4,0,0,0,2,0.0000,0.3321,0.2789,1
1493,1403715961.234058142,3.7875,3.7911,0.2680,2,4,0,0,0,2,0.0000,0.3858,0.3380,1
1494,1403715961.284058094,14.4615,14.3646,7.6761,2,13,0,0,1,1,0.0000,10.4322,10.3853,1
1495,1403715961.334058046,3.8004,3.8044,0.1740,2,4,0,0,0,2,0.0000,0.2916,0.2374,1
1496,1403715961.384058237,4.7962,4.7450,0.2589,2,4,0,0,0,2,0.0000,0.3815,0.3335,1
1497,1403715961.434058189,4.0570,4.0607,0.2899,2,4,0,0,0,2,0.0000,0.4038,0.3673,1
1498,1403715961.484058142,13.8597,13.8511,7.4418,2,13,0,0,1,1,0.0000,10.0912,10.0483,1
1499,1403715961.534058094,4.0318,4.0359,0.1390,2,4,0,0,0,2,0.0000,0.2294,0.1859,1
1500,1403715961.584058285,13.5377,13.5415,7.3750,2,13,0,0,1,1,0.0000,10.0428,10.0146,1
1501,1403715961.634057999,13.6531,13.6564,7.4341,2,13,0,0,1,1,0.0000,10.1310,10.0840,1
1502,1403715961.684058189,3.5753,3.5790,0.1512,2,3,0,0,0,2,0.0000,0.2534,0.2097,1
1503,1403715961.734058142,13.4185,13.3984,7.3051,2,13,0,0,1,1,0.0000,9.9547,9.9251,1
1504,1403715961.784058094,13.6174,13.5763,7.4048,2,13,0,0,1,1,0.0000,10.1433,10.0935,1
1505,1403715961.834058046,3.5682,3.5595,0.1709,2,4,0,0,0,2,0.0000,0.2622,0.2265,1
1506,1403715961.884058237,13.0878,13.0912,7.2670,2,13,0,0,1,1,0.0000,9.9611,9.9339,1
1507,1403715961.934058189,21.9227,21.9262,13.5269,2,13,0,0,1,1,0.0000,18.8160,18.7828,1
1508,1403715961.984058142,3.4433,3.4382,0.1330,2,3,0,0,0,2,0.0000,0.2131,0.1847,1
1509,1403715962.034058094,16.2443,16.2082,10.2751,2,13,0,0,1,1,0.0000,12.8652,12.8368,1
1510,1403715962.084058285,13.8030,13.7670,7.8230,2,13,0,0,1,1,0.0000,10.3671,10.3339,1
1511,1403715962.134057999,13.3383,13.3390,7.8521,2,13,0,0,1,1,0.0000,10.3234,10.2956,1
1512,1403715962.184058189,13.4172,13.4208,8.0361,2,13,0,0,1,1,0.0000,10.4708,10.4446,1
1513,1403715962.234058142,3.0704,3.0718,0.1609,2,3,0,0,0,2,0.0000,0.2448,0.2139,1
1514,1403715962.284058094,3.6194,3.6045,0.2959,2,4,0,0,0,2,0.0000,0.4217,0.3728,1
1515,1403715962.334058046,13.5209,13.5070,7.8881,2,13,0,0,1,1,0.0000,10.4273,10.4015,1
1516,1403715962.384058237,3.3454,3.3362,0.1600,2,4,0,0,0,2,0.0000,0.2384,0.2063,1
1517,1403715962.434058189,14.1084,13.9199,7.9069,2,13,0,0,1,1,0.0000,10.5406,10.5060,1
1518,1403715962.484058142,3.6251,3.5775,0.1531,2,4,0,0,0,2,0.0000,0.2297,0.1994,1
1519,1403715962.534058094,13.4249,13.4072,7.6690,2,13,0,0,1,1,0.0000,10.1896,10.1641,1
1520,1403715962.584058285,13.4059,13.3761,7.5729,2,13,0,0,1,1,0.0000,10.0462,10.0203,1
1521,1403715962.634057999,13.7070,13.6980,7.6091,2,13,0,0,1,1,0.0000,10.1476,10.1152,1
1522,1403715962.684058189,14.0028,13.9765,7.6599,2,13,0,0,1,1,0.0000,10.2467,10.2113,1
1523,1403715962.734058142,3.7608,3.7294,0.1781,2,3,0,0,0,2,0.0000,0.2886,0.2447,1
1524,1403715962.784058094,4.5934,4.5290,0.3088,2,4,0,0,0,2,0.0000,0.4365,0.3937,1
1525,1403715962.834058046,4.3980,4.0766,0.4139,2,4,0,0,0,2,0.0000,0.5692,0.5246,1
1526,1403715962.884058237,13.7992,13.7771,7.7770,2,13,0,0,1,1,0.0000,10.3988,10.3603,1
1527,1403715962.934058189,3.6482,3.6314,0.2100,2,4,0,0,0,2,0.0000,0.3148,0.2761,1
1528,1403715962.984058142,3.6279,3.6319,0.2818,2,4,0,0,0,2,0.0000,0.4005,0.3624,1
1529,1403715963.034058094,3.9176,3.9121,0.3622,2,4,0,0,0,2,0.0000,0.4942,0.4597,1
1530,1403715963.084058285,13.6269,13.5930,7.4670,2,13,0,0,1,1,0.0000,10.0646,10.0361,1
1531,1403715963.134057999,4.0123,4.0137,0.1700,2,4,0,0,0,2,0.0000,0.2710,0.2228,1
1532,1403715963.184058189,3.6748,3.6784,0.2329,2,4,0,0,0,2,0.0000,0.3358,0.2958,1
1533,1403715963.234058142,13.9075,13.9112,7.4363,2,13,0,0,1,1,0.0000,10.0173,9.9814,1
1534,1403715963.284058094,4.1100,4.1141,0.1819,2,4,0,0,0,2,0.0000,0.2923,0.2380,1
1535,1403715963.334058046,3.9025,3.9065,0.2167,2,4,0,0,0,2,0.0000,0.3220,0.2832,1
1536,1403715963.384058237,4.0143,4.0182,0.2961,2,4,0,0,0,2,0.0000,0.4230,0.3719,1
1537,1403715963.434058189,13.4998,13.5033,7.4141,2,13,0,0,1,1,0.0000,10.0611,10.0178,1
1538,1403715963.484058142,4.0521,4.0558,0.2220,2,4,0,0,0,2,0.0000,0.3406,0.2966,1
1539,1403715963.534058094,4.1827,4.1864,0.2990,2,4,0,0,0,2,0.0000,0.4261,0.3851,1
1540,1403715963.584058285,3.6510,3.6529,0.3550,2,4,0,0,0,2,0.0000,0.4912,0.4530,1
1541,1403715963.634057999,13.1514,13.1271,7.3659,2,13,0,0,1,1,0.0000,9.8820,9.8455,1
1542,1403715963.684058189,3.6305,3.5917,0.1540,2,4,0,0,0,2,0.0000,0.2463,0.2088,1
1543,1403715963.734058142,3.5279,3.5150,0.2689,2,4,0,0,0,2,0.0000,0.4035,0.3445,1
1544,1403715963.784058094,3.5413,3.5449,0.3130,2,4,0,0,0,2,0.0000,0.4417,0.3954,1
1545,1403715963.834058046,13.2662,13.2544,7.3018,2,13,0,0,1,1,0.0000,9.8335,9.7895,1
1546,1403715963.884058237,3.5373,3.5346,0.2048,2,4,0,0,0,2,0.0000,0.3418,0.2796,1
1547,1403715963.934058189,3.7125,3.7132,0.3231,2,4,0,0,0,2,0.0000,0.4745,0.4212,1
1548,1403715963.984058142,3.9142,3.9153,0.4129,2,4,0,0,0,2,0.0000,0.5872,0.5315,1
1549,1403715964.034058094,13.5738,13.5773,7.7820,2,13,0,0,1,1,0.0000,10.3870,10.3275,1
1550,1403715964.084058285,3.7024,3.6940,0.2410,2,4,0,0,0,2,0.0000,0.3767,0.3240,1
1551,1403715964.134057999,4.0517,4.0210,0.3133,2,4,0,0,0,2,0.0000,0.4547,0.4046,1
1552,1403715964.184058189,3.9294,3.9310,0.3760,2,4,0,0,0,2,0.0000,0.5442,0.4839,1
1553,1403715964.234058142,14.0569,14.0606,7.9348,2,13,0,0,1,1,0.0000,10.6887,10.6222,1
1554,1403715964.284058094,4.1795,4.1420,0.1972,2,4,0,0,0,2,0.0000,0.3268,0.2647,1
1555,1403715964.334058046,3.9703,3.9675,0.2959,2,4,0,0,0,2,0.0000,0.4448,0.3814,1
1556,1403715964.384058237,4.0305,4.0342,0.3700,2,4,0,0,0,2,0.0000,0.5312,0.4730,1
1557,1403715964.434058189,13.8264,13.8252,7.6790,2,13,0,0,1,1,0.0000,10.3245,10.2670,1
1558,1403715964.484058142,13.2538,13.2577,7.3020,2,13,0,0,1,1,0.0000,9.8561,9.7917,1
1559,1403715964.534058094,3.7307,3.7346,0.1690,2,4,0,0,0,2,0.0000,0.2889,0.2249,1
1560,1403715964.584058285,13.4511,13.4513,7.3130,2,13,0,0,1,1,0.0000,9.7862,9.7166,1
1561,1403715964.634057999,3.8847,3.8885,0.2038,2,4,0,0,0,2,0.0000,0.3395,0.2696,1
1562,1403715964.684058189,4.4699,4.3840,0.2949,2,4,0,0,0,2,0.0000,0.4524,0.3828,1
1563,1403715964.734058142,4.1730,4.1667,0.5019,2,13,0,0,1,1,0.0000,0.6799,0.6129,1
1564,1403715964.784058094,13.1110,13.0978,7.1619,2,13,0,0,1,1,0.0000,9.4907,9.4220,1
1565,1403715964.834058046,3.5798,3.5751,0.1559,2,4,0,0,0,2,0.0000,0.2621,0.2060,1
1566,1403715964.884058237,12.9034,12.8957,7.0298,2,13,0,0,1,1,0.0000,9.4321,9.3863,1
1567,1403715964.934058189,12.8536,12.8503,7.1502,2,13,0,0,1,1,0.0000,9.6731,9.6098,1
1568,1403715964.984058142,3.6217,3.6254,0.1929,2,3,0,0,0,2,0.0000,0.3242,0.2637,1
1569,1403715965.034058094,3.9882,3.9840,0.3731,2,4,0,0,0,2,0.0000,0.5326,0.4709,1
1570,1403715965.084058285,4.1514,4.1556,0.4249,2,4,0,0,0,2,0.0000,0.6042,0.5430,1
1571,1403715965.134057999,14.0101,14.0102,7.5850,2,13,0,0,1,1,0.0000,10.1124,10.0527,1
1572,1403715965.184058189,3.8376,3.8241,0.1922,2,4,0,0,0,2,0.0000,0.3520,0.2838,1
1573,1403715965.234058142,13.1189,13.1100,7.4081,2,13,0,0,1,1,0.0000,9.7823,9.7227,1
1574,1403715965.284058094,12.6414,12.6430,7.2298,2,13,0,0,1,1,0.0000,9.4152,9.3672,1
1575,1403715965.334058046,13.1478,13.1373,7.2639,2,13,0,0,1,1,0.0000,9.9248,9.8863,1
1576,1403715965.384058237,13.9645,13.9647,7.6051,2,13,0,0,1,1,0.0000,10.3432,10.2949,1
1577,1403715965.434058189,3.5205,3.5135,0.1578,2,3,0,0,0,2,0.0000,0.2605,0.2168,1
1578,1403715965.484058142,14.3446,14.2970,7.7209,2,13,0,0,1,1,0.0000,10.2924,10.2550,1
1579,1403715965.534058094,14.4143,14.3858,8.0571,2,13,0,0,1,1,0.0000,10.7572,10.6955,1
1580,1403715965.584058285,4.0291,4.0192,0.2172,2,3,0,0,0,2,0.0000,0.3607,0.3067,1
1581,1403715965.634057999,4.1265,4.1300,0.3860,2,4,0,0,0,2,0.0000,0.5594,0.5053,1
1582,1403715965.684058189,4.9676,4.9610,0.5219,2,4,0,0,0,2,0.0000,0.7275,0.6736,1
1583,1403715965.734058142,14.3907,14.3840,7.8549,2,13,0,0,1,1,0.0000,10.3892,10.3493,1
1584,1403715965.784058094,14.6273,14.6166,7.8421,2,13,0,0,1,1,0.0000,10.4893,10.4519,1
1585,1403715965.834058046,17.4912,17.4681,10.7930,2,13,0,0,1,1,0.0000,13.5483,13.5054,1
1586,1403715965.884058237,4.5628,4.4244,0.1519,2,3,0,0,0,2,0.0000,0.2506,0.2095,1
1587,1403715965.934058189,14.5009,14.4855,8.1880,2,13,0,0,1,1,0.0000,10.9295,10.8950,1
1588,1403715965.984058142,3.6921,3.6592,0.1271,2,3,0,0,0,2,0.0000,0.2208,0.1765,1
1589,1403715966.034058094,3.5010,3.4967,0.2470,2,4,0,0,0,2,0.0000,0.3550,0.3166,1
1590,1403715966.084058285,14.5427,14.5370,8.4710,2,13,0,0,1,1,0.0000,11.2770,11.2413,1
1591,1403715966.134057999,3.8087,3.7871,0.2170,2,4,0,0,0,2,0.0000,0.3383,0.2830,1
1592,1403715966.184058189,3.6984,3.6765,0.3099,2,4,0,0,0,2,0.0000,0.4428,0.3934,1
1593,1403715966.234058142,3.7159,3.7162,0.3731,2,4,0,0,0,2,0.0000,0.5120,0.4723,1
1594,1403715966.284058094,14.8465,14.8474,8.6811,2,13,0,0,1,1,0.0000,11.5276,11.4736,1
1595,1403715966.334058046,3.7236,3.6967,0.2229,2,4,0,0,0,2,0.0000,0.3383,0.2941,1
1596,1403715966.384058237,3.5777,3.5777,0.3121,2,4,0,0,0,2,0.0000,0.4449,0.4000,1
1597,1403715966.434058189,3.7845,3.7853,0.3731,2,4,0,0,0,2,0.0000,0.5135,0.4744,1
1598,1403715966.484058142,14.2436,14.2403,8.2138,2,13,0,0,1,1,0.0000,10.9632,10.9272,1
1599,1403715966.534058094,3.7782,3.7687,0.1628,2,4,0,0,0,2,0.0000,0.2545,0.2188,1
1600,1403715966.584058285,3.6454,3.6411,0.2429,2,4,0,0,0,2,0.0000,0.3506,0.3115,1
1601,1403715966.634057999,14.1280,14.1314,8.1439,2,13,0,0,1,1,0.0000,10.9736,10.9377,1
1602,1403715966.684058189,3.4791,3.4826,0.1569,2,4,0,0,0,2,0.0000,0.2411,0.2085,1
1603,1403715966.734058142,3.6598,3.6591,0.2341,2,4,0,0,0,2,0.0000,0.3599,0.3045,1
1604,1403715966.784058094,3.6870,3.6907,0.3250,2,4,0,0,0,2,0.0000,0.4586,0.4112,1
1605,1403715966.834058046,14.6401,14.6220,8.1160,2,13,0,0,1,1,0.0000,10.9800,10.9365,1
1606,1403715966.884058237,3.8045,3.8083,0.1650,2,4,0,0,0,2,0.0000,0.2799,0.2281,1
1607,1403715966.934058189,4.6935,4.6358,0.2868,2,4,0,0,0,2,0.0000,0.4251,0.3716,1
1608,1403715966.984058142,4.0938,4.0799,0.3190,2,4,0,0,0,2,0.0000,0.4418,0.4055,1
1609,1403715967.034058094,14.1298,14.1192,7.5459,2,13,0,0,1,1,0.0000,10.3677,10.3200,1
1610,1403715967.084058285,3.8332,3.8347,0.1469,2,4,0,0,0,2,0.0000,0.2409,0.1993,1
1611,1403715967.134057999,32.4384,32.4354,26.4101,2,13,0,0,1,1,0.0000,29.0746,29.0431,1
1612,1403715967.184058189,13.7957,13.7799,7.6690,2,13,0,0,1,1,0.0000,10.4108,10.3638,1
1613,1403715967.234058142,3.9749,3.9114,0.1831,2,4,0,0,0,2,0.0000,0.2847,0.2452,1
1614,1403715967.284058094,13.7697,13.7521,7.6139,2,13,0,0,1,1,0.0000,10.3531,10.3210,1
1615,1403715967.334058046,17.0110,16.9930,8.0960,2,13,0,0,1,1,0.0000,13.7640,13.7250,1
1616,1403715967.384058237,3.3800,3.3836,0.1721,2,3,0,0,0,2,0.0000,0.2793,0.2374,1
1617,1403715967.434058189,3.9986,3.9734,0.2999,2,4,0,0,0,2,0.0000,0.4245,0.3871,1
1618,1403715967.484058142,3.4649,3.4687,0.3841,2,4,0,0,0,2,0.0000,0.5359,0.4893,1
1619,1403715967.534058094,37.9405,37.9086,31.9509,2,13,1,0,0,1,0.0000,34.8109,34.7700,1
1620,1403715967.584058285,3.4596,3.4367,0.2041,2,4,0,0,0,2,0.0000,0.3091,0.2685,1
1621,1403715967.634057999,3.4420,3.4291,0.3242,2,4,0,0,0,2,0.0000,0.4499,0.4099,1
1622,1403715967.684058189,4.0824,4.0681,0.3712,2,4,0,0,0,2,0.0000,0.5052,0.4670,1
1623,1403715967.734058142,37.7057,37.7048,31.3120,2,13,0,0,1,1,0.0000,34.3039,34.2571,1
1624,1403715967.784058094,3.7217,3.7017,0.1738,2,4,0,0,0,2,0.0000,0.2755,0.2289,1
1625,1403715967.834058046,3.4611,3.4650,0.2570,2,4,0,0,0,2,0.0000,0.3760,0.3319,1
1626,1403715967.884058237,13.9926,13.9740,7.8330,2,13,0,0,1,1,0.0000,10.6562,10.6117,1
1627,1403715967.934058189,3.5063,3.5055,0.2151,2,4,0,0,0,2,0.0000,0.3330,0.2813,1
1628,1403715967.984058142,3.5313,3.5150,0.2620,2,4,0,0,0,2,0.0000,0.3816,0.3357,1
1629,1403715968.034058094,3.7902,3.7913,0.3312,2,4,0,0,0,2,0.0000,0.4532,0.4162,1
1630,1403715968.084058285,13.7058,13.7070,7.6761,2,13,0,0,1,1,0.0000,10.3927,10.3418,1
1631,1403715968.134057999,3.6611,3.6540,0.2120,2,4,0,0,0,2,0.0000,0.3399,0.2852,1
1632,1403715968.184058189,3.7560,3.7328,0.2720,2,4,0,0,0,2,0.0000,0.4007,0.3512,1
1633,1403715968.234058142,3.9222,3.9032,0.3631,2,4,0,0,0,2,0.0000,0.5212,0.4609,1
1634,1403715968.284058094,13.8035,13.8076,7.6990,2,13,0,0,1,1,0.0000,10.3293,10.2750,1
1635,1403715968.334058046,4.2027,4.2039,0.2229,2,4,0,0,0,2,0.0000,0.3603,0.3006,1
1636,1403715968.384058237,4.2690,4.2463,0.3028,2,4,0,0,0,2,0.0000,0.4527,0.3937,1
1637,1403715968.434058189,3.9872,3.9891,0.3769,2,4,0,0,0,2,0.0000,0.5420,0.4851,1
1638,1403715968.484058142,14.9706,14.9315,8.3010,2,13,0,0,1,1,0.0000,11.0380,10.9805,1
1639,1403715968.534058094,4.1802,4.1673,0.1972,2,4,0,0,0,2,0.0000,0.3284,0.2651,1
1640,1403715968.584058285,3.8191,3.8005,0.2830,2,4,0,0,0,2,0.0000,0.4242,0.3664,1
1641,1403715968.634057999,4.0122,3.9953,0.3529,2,4,0,0,0,2,0.0000,0.4965,0.4478,1
1642,1403715968.684058189,14.2140,14.1578,8.0369,2,13,0,0,1,1,0.0000,10.7807,10.7254,1
1643,1403715968.734058142,3.7894,3.7425,0.2050,2,4,0,0,0,2,0.0000,0.3290,0.2737,1
1644,1403715968.784058094,3.7827,3.7620,0.2830,2,4,0,0,0,2,0.0000,0.4177,0.3653,1
1645,1403715968.834058046,3.7152,3.6980,0.3860,2,4,0,0,0,2,0.0000,0.5432,0.4873,1
1646,1403715968.884058237,13.5834,13.5400,7.5428,2,13,0,0,1,1,0.0000,10.1935,10.1369,1
1647,1403715968.934058189,3.8205,3.8097,0.1900,2,4,0,0,0,2,0.0000,0.3218,0.2585,1
1648,1403715968.984058142,3.7083,3.6389,0.2761,2,4,0,0,0,2,0.0000,0.4090,0.3543,1
1649,1403715969.034058094,3.9077,3.9050,0.3650,2,4,0,0,0,2,0.0000,0.5210,0.4619,1
1650,1403715969.084058285,13.5797,13.4871,7.2649,2,13,0,0,1,1,0.0000,9.9135,9.8600,1
1651,1403715969.134057999,13.9681,13.9461,7.4830,2,13,0,0,1,1,0.0000,10.2058,10.1478,1
1652,1403715969.184058189,4.1468,4.1507,0.1621,2,3,0,0,0,2,0.0000,0.2833,0.2223,1
1653,1403715969.234058142,14.4560,14.4557,7.4737,2,13,0,0,1,1,0.0000,10.2385,10.1820,1
1654,1403715969.284058094,14.8062,14.8064,7.8740,2,13,0,0,1,1,0.0000,10.7600,10.6965,1
1655,1403715969.334058046,4.2625,4.2667,0.1860,2,3,0,0,0,2,0.0000,0.3093,0.2585,1
1656,1403715969.384058237,4.2260,4.2191,0.3240,2,4,0,0,0,2,0.0000,0.4695,0.4158,1
1657,1403715969.434058189,34.1245,34.1252,27.5729,2,13,0,0,1,1,0.0000,30.5680,30.5033,1
1658,1403715969.484058142,3.5976,3.5929,0.1709,2,3,0,0,0,2,0.0000,0.2937,0.2353,1
1659,1403715969.534058094,3.9153,3.8921,0.2980,2,4,0,0,0,2,0.0000,0.4450,0.3837,1
1660,1403715969.584058285,3.9900,3.9726,0.4153,2,4,0,0,0,2,0.0000,0.5901,0.5269,1
1661,1403715969.634057999,14.7930,14.7718,8.4128,2,13,0,0,1,1,0.0000,11.4943,11.4366,1
1662,1403715969.684058189,4.0525,4.0288,0.2401,2,4,0,0,0,2,0.0000,0.3789,0.3176,1
1663,1403715969.734058142,3.9486,3.9501,0.3529,2,4,0,0,0,2,0.0000,0.5113,0.4538,1
1664,1403715969.784058094,4.0896,4.0914,0.4280,2,4,0,0,0,2,0.0000,0.6022,0.5476,1
1665,1403715969.834058046,14.8790,14.8715,8.3749,2,13,0,0,1,1,0.0000,11.3009,11.2465,1
1666,1403715969.884058237,4.5117,4.4404,0.2060,2,4,0,0,0,2,0.0000,0.3248,0.2725,1
1667,1403715969.934058189,4.1472,4.1344,0.2832,2,4,0,0,0,2,0.0000,0.4160,0.3658,1
1668,1403715969.984058142,4.3280,4.3315,0.3741,2,4,0,0,0,2,0.0000,0.5228,0.4757,1
1669,1403715970.034058094,15.3341,15.3006,8.5449,2,13,0,0,1,1,0.0000,11.4307,11.3809,1
1670,1403715970.084058285,3.9015,3.8885,0.1829,2,4,0,0,0,2,0.0000,0.2937,0.2432,1
1671,1403715970.134057999,3.9235,3.9062,0.2513,2,4,0,0,0,2,0.0000,0.3671,0.3231,1
1672,1403715970.184058189,3.9696,3.9560,0.3450,2,4,0,0,0,2,0.0000,0.4940,0.4388,1
1673,1403715970.234058142,14.9667,14.9668,8.5948,2,13,0,0,1,1,0.0000,11.5732,11.5171,1
1674,1403715970.284058094,3.6327,3.6306,0.2029,2,4,0,0,0,2,0.0000,0.3277,0.2710,1
1675,1403715970.334058046,3.8130,3.8047,0.2873,2,4,0,0,0,2,0.0000,0.4244,0.3684,1
1676,1403715970.384058237,4.0912,3.9413,0.3629,2,4,0,0,0,2,0.0000,0.5170,0.4614,1
1677,1403715970.434058189,14.3073,14.2903,8.2800,2,13,0,0,1,1,0.0000,11.0538,10.9987,1
1678,1403715970.484058142,3.6837,3.6366,0.2091,2,4,0,0,0,2,0.0000,0.3318,0.2809,1
1679,1403715970.534058094,3.8421,3.8145,0.3252,2,4,0,0,0,2,0.0000,0.4710,0.4173,1
1680,1403715970.584058285,3.9918,3.9823,0.3662,2,4,0,0,0,2,0.0000,0.5275,0.4683,1
1681,1403715970.634057999,14.4382,14.3945,8.0690,2,13,0,0,1,1,0.0000,10.9351,10.8868,1
1682,1403715970.684058189,3.7601,3.7592,0.1612,2,4,0,0,0,2,0.0000,0.2752,0.2189,1
1683,1403715970.734058142,14.5455,14.5305,7.9072,2,13,0,0,1,1,0.0000,10.8191,10.7672,1
1684,1403715970.784058094,4.2202,4.2236,0.1531,2,4,0,0,0,2,0.0000,0.2558,0.2042,1
1685,1403715970.834058046,14.2428,14.2464,7.7121,2,13,0,0,1,1,0.0000,10.5294,10.4795,1
1686,1403715970.884058237,4.0372,4.0043,0.1760,2,4,0,0,0,2,0.0000,0.2820,0.2334,1
1687,1403715970.934058189,4.2952,4.2670,0.2699,2,4,0,0,0,2,0.0000,0.4055,0.3471,1
1688,1403715970.984058142,13.9181,13.9217,7.4501,2,13,0,0,1,1,0.0000,10.3645,10.3099,1
1689,1403715971.034058094,3.5841,3.5880,0.1941,2,4,0,0,0,2,0.0000,0.3121,0.2627,1
1690,1403715971.084058285,4.3241,4.2867,0.2968,2,4,0,0,0,2,0.0000,0.4540,0.3879,1
1691,1403715971.134057999,4.3142,4.2018,0.3681,2,4,0,0,0,2,0.0000,0.5350,0.4722,1
1692,1403715971.184058189,14.2294,14.2273,7.7190,2,13,0,0,1,1,0.0000,10.7113,10.6504,1
1693,1403715971.234058142,4.0769,3.9704,0.2341,2,4,0,0,0,2,0.0000,0.3655,0.3124,1
1694,1403715971.284058094,3.9664,3.9702,0.3250,2,4,0,0,0,2,0.0000,0.4767,0.4220,1
1695,1403715971.334058046,4.3584,4.3623,0.3629,2,4,0,0,0,2,0.0000,0.5196,0.4666,1
1696,1403715971.384058237,14.1834,14.1869,7.3938,2,13,0,0,1,1,0.0000,10.2500,10.2044,1
1697,1403715971.434058189,4.1082,4.1118,0.1631,2,4,0,0,0,2,0.0000,0.2808,0.2235,1
1698,1403715971.484058142,13.9620,13.9502,7.0841,2,13,0,0,1,1,0.0000,9.9806,9.9303,1
1699,1403715971.534058094,4.2567,4.2563,0.1521,2,4,0,0,0,2,0.0000,0.2657,0.2139,1
1700,1403715971.584058285,4.0762,4.0578,0.2632,2,4,0,0,0,2,0.0000,0.3931,0.3363,1
1701,1403715971.634057999,13.1569,13.1172,6.9311,2,13,0,0,1,1,0.0000,9.7182,9.6649,1
1702,1403715971.684058189,3.5157,3.5151,0.1578,2,4,0,0,0,2,0.0000,0.2666,0.2146,1
1703,1403715971.734058142,14.1015,14.1053,7.3998,2,13,0,0,1,1,0.0000,10.3798,10.3156,1
1704,1403715971.784058094,4.1496,4.1333,0.2189,2,4,0,0,0,2,0.0000,0.3592,0.2958,1
1705,1403715971.834058046,3.8498,3.8478,0.3321,2,4,0,0,0,2,0.0000,0.4827,0.4270,1
1706,1403715971.884058237,4.0756,4.0588,0.4227,2,4,0,0,0,2,0.0000,0.5995,0.5415,1
1707,1403715971.934058189,13.6975,13.6900,7.3268,2,13,0,0,1,1,0.0000,10.2497,10.1998,1
1708,1403715971.984058142,3.7063,3.7103,0.2320,2,4,0,0,0,2,0.0000,0.3655,0.3107,1
1709,1403715972.034058094,4.0303,4.0077,0.3290,2,4,0,0,0,2,0.0000,0.4845,0.4311,1
1710,1403715972.084058285,4.3293,4.2972,0.4411,2,4,0,0,0,2,0.0000,0.6173,0.5683,1
1711,1403715972.134057999,14.0441,14.0329,7.6311,2,13,0,0,1,1,0.0000,10.4127,10.3597,1
1712,1403715972.184058189,3.9965,3.9874,0.2139,2,4,0,0,0,2,0.0000,0.3469,0.2888,1
1713,1403715972.234058142,4.0632,4.0559,0.3388,2,4,0,0,0,2,0.0000,0.4968,0.4420,1
1714,1403715972.284058094,4.5294,4.4987,0.4351,2,4,0,0,0,2,0.0000,0.6189,0.5624,1
1715,1403715972.334058046,14.4984,14.4398,7.9429,2,13,0,0,1,1,0.0000,10.7530,10.7010,1
1716,1403715972.384058237,3.8515,3.8518,0.2139,2,4,0,0,0,2,0.0000,0.3400,0.2848,1
1717,1403715972.434058189,4.1396,4.1180,0.3400,2,4,0,0,0,2,0.0000,0.4967,0.4442,1
1718,1403715972.484058142,4.3338,4.2927,0.4680,2,4,0,0,0,2,0.0000,0.6757,0.6088,1
1719,1403715972.534058094,14.7807,14.7345,8.3210,2,13,0,0,1,1,0.0000,11.2079,11.1497,1
1720,1403715972.584058285,3.9250,3.9161,0.2022,2,3,0,0,0,2,0.0000,0.3517,0.2799,1
1721,1403715972.634057999,4.1088,4.0670,0.3240,2,4,0,0,0,2,0.0000,0.4880,0.4282,1
1722,1403715972.684058189,4.2922,4.2710,0.4740,2,4,0,0,0,2,0.0000,0.6700,0.6076,1
1723,1403715972.734058142,14.7350,14.6993,8.2290,2,13,0,0,1,1,0.0000,10.9880,10.9308,1
1724,1403715972.784058094,3.8365,3.8244,0.2081,2,4,0,0,0,2,0.0000,0.3363,0.2795,1
1725,1403715972.834058046,4.0198,3.9341,0.3219,2,4,0,0,0,2,0.0000,0.4783,0.4203,1
1726,1403715972.884058237,4.1685,4.1528,0.4590,2,4,0,0,0,2,0.0000,0.6618,0.5891,1
1727,1403715972.934058189,14.3079,14.3043,8.2149,2,13,0,0,1,1,0.0000,10.9194,10.8607,1
1728,1403715972.984058142,3.8239,3.7552,0.2339,2,4,0,0,0,2,0.0000,0.3712,0.3118,1
1729,1403715973.034058094,3.8173,3.8090,0.3409,2,4,0,0,0,2,0.0000,0.5003,0.4426,1
1730,1403715973.084058285,4.4265,4.3599,0.4132,2,4,0,0,0,2,0.0000,0.5997,0.5395,1
1731,1403715973.134057999,14.7652,14.7550,8.3780,2,13,0,0,1,1,0.0000,11.3158,11.2605,1
1732,1403715973.184058189,3.8854,3.8893,0.2441,2,4,0,0,0,2,0.0000,0.3852,0.3288,1
1733,1403715973.234058142,3.8116,3.7986,0.3409,2,4,0,0,0,2,0.0000,0.5001,0.4483,1
1734,1403715973.284058094,4.1084,4.0481,0.4189,2,4,0,0,0,2,0.0000,0.6007,0.5469,1
1735,1403715973.334058046,20.8478,20.8491,14.6463,2,13,0,0,1,1,0.0000,17.5985,17.5456,1
1736,1403715973.384058237,3.6148,3.6185,0.2401,2,4,0,0,0,2,0.0000,0.3840,0.3225,1
1737,1403715973.434058189,3.7759,3.7795,0.3300,2,4,0,0,0,2,0.0000,0.4971,0.4358,1
1738,1403715973.484058142,3.9403,3.9354,0.3831,2,4,0,0,0,2,0.0000,0.5551,0.5011,1
1739,1403715973.534058094,14.7123,14.7160,8.5530,2,13,0,0,1,1,0.0000,11.5802,11.5205,1
1740,1403715973.584058285,3.7432,3.7466,0.2420,2,4,0,0,0,2,0.0000,0.3908,0.3292,1
1741,1403715973.634057999,4.4954,4.5013,0.4311,2,4,0,0,0,2,0.0000,0.6991,0.5859,1
1742,1403715973.684058189,4.3905,4.3838,0.5162,2,4,0,0,0,2,0.0000,0.7389,0.6698,1
1743,1403715973.734058142,15.7989,15.7938,9.0332,2,13,0,0,1,1,0.0000,12.1905,12.1310,1
1744,1403715973.784058094,3.9358,3.9394,0.2551,2,4,0,0,0,2,0.0000,0.4093,0.3487,1
1745,1403715973.834058046,4.1045,4.0987,0.3569,2,4,0,0,0,2,0.0000,0.5361,0.4753,1
1746,1403715973.884058237,4.0273,4.0305,0.4549,2,4,0,0,0,2,0.0000,0.6568,0.5986,1
1747,1403715973.934058189,16.0678,15.9752,9.1939,2,13,0,0,1,1,0.0000,12.3897,12.3269,1
1748,1403715973.984058142,3.9633,3.8818,0.2551,2,4,0,0,0,2,0.0000,0.4080,0.3500,1
1749,1403715974.034058094,4.0837,4.0627,0.3958,2,4,0,0,0,2,0.0000,0.5820,0.5255,1
1750,1403715974.084058285,4.1004,4.0990,0.4752,2,4,0,0,0,2,0.0000,0.6795,0.6260,1
1751,1403715974.134057999,16.0532,16.0542,9.4109,2,13,0,0,1,1,0.0000,12.6270,12.5711,1
1752,1403715974.184058189,4.1490,4.1286,0.2680,2,4,0,0,0,2,0.0000,0.4276,0.3683,1
1753,1403715974.234058142,3.9221,3.9135,0.3800,2,4,0,0,0,2,0.0000,0.5663,0.5080,1
1754,1403715974.284058094,4.1745,4.1519,0.4790,2,4,0,0,0,2,0.0000,0.6873,0.6297,1
1755,1403715974.334058046,16.0079,15.8999,9.4280,2,13,0,0,1,1,0.0000,12.5743,12.5200,1
1756,1403715974.384058237,3.6539,3.6535,0.2651,2,4,0,0,0,2,0.0000,0.4242,0.3626,1
1757,1403715974.434058189,3.8008,3.8022,0.3870,2,4,0,0,0,2,0.0000,0.5743,0.5155,1
1758,1403715974.484058142,4.0420,4.0300,0.4861,2,4,0,0,0,2,0.0000,0.7089,0.6454,1
1759,1403715974.534058094,15.6790,15.6715,9.2807,2,13,0,0,1,1,0.0000,12.3851,12.3288,1
1760,1403715974.584058285,3.7817,3.7710,0.2580,2,4,0,0,0,2,0.0000,0.4198,0.3561,1
1761,1403715974.634057999,3.9378,3.9367,0.3989,2,4,0,0,0,2,0.0000,0.5991,0.5314,1
1762,1403715974.684058189,4.2911,4.2532,0.5438,2,4,0,0,0,2,0.0000,0.7815,0.7158,1
1763,1403715974.734058142,16.3985,16.3689,9.4659,2,13,0,0,1,1,0.0000,12.8433,12.7704,1
1764,1403715974.784058094,3.8918,3.8957,0.2959,2,4,0,0,0,2,0.0000,0.4734,0.4010,1
1765,1403715974.834058046,4.1594,4.1637,0.4432,2,4,0,0,0,2,0.0000,0.6719,0.5899,1
1766,1403715974.884058237,4.3586,4.3555,0.5791,2,4,0,0,0,2,0.0000,0.8506,0.7629,1
1767,1403715974.934058189,16.6750,16.6739,9.7671,2,13,0,0,1,1,0.0000,13.1020,13.0255,1
1768,1403715974.984058142,4.2069,4.2068,0.3169,2,4,0,0,0,2,0.0000,0.5075,0.4289,1
1769,1403715975.034058094,4.1645,4.1660,0.4659,2,4,0,0,0,2,0.0000,0.6934,0.6173,1
1770,1403715975.084058285,4.5462,4.4775,0.7019,2,5,0,0,0,2,0.0000,0.9618,0.8882,1
1771,1403715975.134057999,16.6473,16.6417,9.8579,2,13,0,0,1,1,0.0000,13.1587,13.0876,1
1772,1403715975.184058189,3.9559,3.9598,0.3140,2,4,0,0,0,2,0.0000,0.4989,0.4225,1
1773,1403715975.234058142,4.0465,4.0504,0.4470,2,4,0,0,0,2,0.0000,0.6714,0.5990,1
1774,1403715975.284058094,4.2909,4.2944,0.6821,2,5,0,0,0,2,0.0000,0.9349,0.8632,1
1775,1403715975.334058046,16.8914,16.8704,10.1051,2,13,0,0,1,1,0.0000,13.4491,13.3677,1
1776,1403715975.384058237,4.3412,4.2581,0.3090,2,4,0,0,0,2,0.0000,0.5078,0.4210,1
1777,1403715975.434058189,4.1782,4.1516,0.4389,2,4,0,0,0,2,0.0000,0.6512,0.5787,1
1778,1403715975.484058142,4.4420,4.4271,0.5732,2,4,0,0,0,2,0.0000,0.8233,0.7501,1
1779,1403715975.534058094,16.1542,16.1492,9.5139,2,13,0,0,1,1,0.0000,12.7431,12.6718,1
1780,1403715975.584058285,3.8419,3.8397,0.2902,2,4,0,0,0,2,0.0000,0.4595,0.3905,1
1781,1403715975.634057999,4.2385,4.2028,0.4041,2,4,0,0,0,2,0.0000,0.6001,0.5402,1
1782,1403715975.684058189,4.3927,4.3766,0.5331,2,4,0,0,0,2,0.0000,0.7901,0.7109,1
1783,1403715975.734058142,16.4155,16.4028,9.7351,2,13,0,0,1,1,0.0000,12.9743,12.9125,1
1784,1403715975.784058094,3.7828,3.7864,0.3018,2,4,0,0,0,2,0.0000,0.4740,0.4079,1
1785,1403715975.834058046,3.8903,3.8880,0.3853,2,4,0,0,0,2,0.0000,0.5815,0.5214,1
1786,1403715975.884058237,4.2842,4.2785,0.6919,2,5,0,0,0,2,0.0000,0.9407,0.8715,1
1787,1403715975.934058189,16.2750,16.2730,9.7609,2,13,0,0,1,1,0.0000,13.0040,12.9438,1
1788,1403715975.984058142,3.7246,3.7214,0.2611,2,4,0,0,0,2,0.0000,0.4180,0.3540,1
1789,1403715976.034058094,4.0135,4.0039,0.4320,2,4,0,0,0,2,0.0000,0.6383,0.5689,1
1790,1403715976.084058285,4.4305,4.4217,0.7038,2,5,0,0,0,2,0.0000,0.9576,0.8859,1
1791,1403715976.134057999,17.0346,17.0383,10.2599,2,13,0,0,1,1,0.0000,13.5783,13.5018,1
1792,1403715976.184058189,4.0617,4.0465,0.2890,2,4,0,0,0,2,0.0000,0.4780,0.3965,1
1793,1403715976.234058142,4.0771,4.0753,0.5238,2,5,0,0,0,2,0.0000,0.7324,0.6663,1
1794,1403715976.284058094,4.3225,4.3033,0.6781,2,5,0,0,0,2,0.0000,0.9168,0.8537,1
1795,1403715976.334058046,16.6878,16.6888,10.1271,2,13,0,0,1,1,0.0000,13.3656,13.3021,1
1796,1403715976.384058237,3.8046,3.8051,0.2801,2,4,0,0,0,2,0.0000,0.4459,0.3825,1
1797,1403715976.434058189,3.9785,3.9801,0.5112,2,5,0,0,0,2,0.0000,0.7189,0.6526,1
1798,1403715976.484058142,4.5819,4.5280,0.7501,2,5,0,0,0,2,0.0000,1.0139,0.9428,1
1799,1403715976.534058094,17.4452,17.4254,10.4301,2,13,0,0,1,1,0.0000,13.8223,13.7423,1
1800,1403715976.584058285,4.1821,4.1479,0.3419,2,5,0,0,0,2,0.0000,0.5150,0.4493,1
1801,1403715976.634057999,4.0422,4.0455,0.5860,2,6,0,0,0,2,0.0000,0.7957,0.7332,1
1802,1403715976.684058189,4.2568,4.2602,0.7482,2,5,0,0,0,2,0.0000,1.0065,0.9451,1
1803,1403715976.734058142,17.4539,17.4574,10.8569,2,13,0,0,1,1,0.0000,14.2858,14.2279,1
1804,1403715976.784058094,4.0382,3.9729,0.3018,2,4,0,0,0,2,0.0000,0.4834,0.4124,1
1805,1403715976.834058046,4.1852,4.1679,0.4580,2,4,0,0,0,2,0.0000,0.6818,0.6120,1
1806,1403715976.884058237,4.5503,4.5452,0.7660,2,5,0,0,0,2,0.0000,1.0409,0.9689,1
1807,1403715976.934058189,17.8367,17.8027,10.8371,2,13,0,0,1,1,0.0000,14.2542,14.1817,1
1808,1403715976.984058142,3.9042,3.9054,0.3440,2,4,0,0,0,2,0.0000,0.5418,0.4689,1
1809,1403715977.034058094,4.6123,4.5846,0.5190,2,4,0,0,0,2,0.0000,0.7810,0.6906,1
1810,1403715977.084058285,4.5910,4.5685,0.6628,2,4,0,0,0,2,0.0000,0.9552,0.8846,1
1811,1403715977.134057999,40.7493,40.7480,34.0390,2,11,1,0,0,1,0.0000,37.4445,37.3803,1
1812,1403715977.184058189,3.9290,3.9089,0.3190,2,4,0,0,0,2,0.0000,0.5029,0.4361,1
1813,1403715977.234058142,4.1518,4.1280,0.4690,2,4,0,0,0,2,0.0000,0.6982,0.6312,1
1814,1403715977.284058094,4.3920,4.3911,0.7670,2,5,0,0,0,2,0.0000,1.0411,0.9778,1
1815,1403715977.334058046,18.4268,18.4013,11.2538,2,13,0,0,1,1,0.0000,14.7298,14.6537,1
1816,1403715977.384058237,3.8544,3.8611,0.3352,2,4,0,0,0,2,0.0000,0.5219,0.4517,1
1817,1403715977.434058189,3.9431,3.9467,0.4189,2,4,0,0,0,2,0.0000,0.6269,0.5652,1
1818,1403715977.484058142,4.3875,4.3910,0.7319,2,5,0,0,0,2,0.0000,0.9765,0.9188,1
1819,1403715977.534058094,18.2614,18.2650,11.3618,2,13,0,0,1,1,0.0000,14.7885,14.7310,1
1820,1403715977.584058285,4.1093,4.0941,0.3109,2,4,0,0,0,2,0.0000,0.4798,0.4162,1
1821,1403715977.634057999,4.1811,4.1675,0.4151,2,4,0,0,0,2,0.0000,0.6039,0.5491,1
1822,1403715977.684058189,4.2550,4.2447,0.5379,2,4,0,0,0,2,0.0000,0.7668,0.7087,1
1823,1403715977.734058142,18.2314,18.2318,11.1902,2,13,0,0,1,1,0.0000,14.7027,14.6483,1
1824,1403715977.784058094,4.1293,4.1251,0.2711,2,4,0,0,0,2,0.0000,0.4220,0.3657,1
1825,1403715977.834058046,4.4581,4.4288,0.3581,2,4,0,0,0,2,0.0000,0.5455,0.4799,1
1826,1403715977.884058237,4.4961,4.4894,0.5000,2,4,0,0,0,2,0.0000,0.7125,0.6565,1
1827,1403715977.934058189,19.0052,19.0030,11.5979,2,13,0,0,1,1,0.0000,15.1253,15.0754,1
1828,1403715977.984058142,4.0887,4.0786,0.2329,2,4,0,0,0,2,0.0000,0.3714,0.3206,1
1829,1403715978.034058094,4.1498,4.1493,0.3440,2,4,0,0,0,2,0.0000,0.4996,0.4523,1
1830,1403715978.084058285,4.2722,4.2721,0.4401,2,4,0,0,0,2,0.0000,0.6207,0.5721,1
1831,1403715978.134057999,18.6341,18.5970,11.3540,2,13,0,0,1,1,0.0000,14.7754,14.7293,1
1832,1403715978.184058189,4.1219,4.1051,0.2012,2,4,0,0,0,2,0.0000,0.3210,0.2702,1
1833,1403715978.234058142,4.0896,4.0899,0.3021,2,4,0,0,0,2,0.0000,0.4369,0.3899,1
1834,1403715978.284058094,4.1355,4.1360,0.3560,2,4,0,0,0,2,0.0000,0.5072,0.4581,1
1835,1403715978.334058046,17.7951,17.7924,10.8120,2,13,0,0,1,1,0.0000,14.1777,14.1412,1
1836,1403715978.384058237,3.9278,3.9207,0.1450,2,4,0,0,0,2,0.0000,0.2295,0.1954,1
1837,1403715978.434058189,4.1634,4.1668,0.2401,2,4,0,0,0,2,0.0000,0.3421,0.3051,1
1838,1403715978.484058142,17.3547,17.3357,10.1647,2,13,0,0,1,1,0.0000,13.4137,13.3654,1
1839,1403715978.534058094,16.9023,16.8917,9.9089,2,13,0,0,1,1,0.0000,13.1979,13.1593,1
1840,1403715978.584058285,17.2253,17.1450,9.5382,2,13,0,0,1,1,0.0000,12.8433,12.7959,1
1841,1403715978.634057999,4.3938,4.3765,0.1998,2,4,0,0,0,2,0.0000,0.3132,0.2639,1
1842,1403715978.684058189,28.2446,28.2000,21.4539,2,13,0,0,1,1,0.0000,24.3805,24.3376,1
1843,1403715978.734058142,3.9822,3.9859,0.1721,2,4,0,0,0,2,0.0000,0.2714,0.2293,1
1844,1403715978.784058094,4.0464,4.0305,0.2811,2,4,0,0,0,2,0.0000,0.3919,0.3563,1
1845,1403715978.834058046,32.4629,32.4621,26.3340,2,13,0,0,1,1,0.0000,29.0680,29.0376,1
1846,1403715978.884058237,3.6827,3.6792,0.1612,2,4,0,0,0,2,0.0000,0.2562,0.2146,1
1847,1403715978.934058189,13.9094,13.9132,7.8478,2,13,0,0,1,1,0.0000,10.5858,10.5530,1
1848,1403715978.984058142,3.7224,3.7146,0.1640,2,4,0,0,0,2,0.0000,0.2586,0.2201,1
1849,1403715979.034058094,13.3840,13.3816,7.5090,2,13,0,0,1,1,0.0000,10.1636,10.1304,1
1850,1403715979.084058285,3.4537,3.4572,0.1550,2,4,0,0,0,2,0.0000,0.2451,0.2133,1
1851,1403715979.134057999,13.5057,13.4456,7.3128,2,13,0,0,1,1,0.0000,9.8990,9.8547,1
1852,1403715979.184058189,3.4690,3.4652,0.1569,2,4,0,0,0,2,0.0000,0.2438,0.2094,1
1853,1403715979.234058142,13.0296,13.0140,7.3040,2,13,0,0,1,1,0.0000,9.7292,9.6973,1
1854,1403715979.284058094,18.5415,18.5433,12.8181,2,13,0,0,1,1,0.0000,15.1621,15.1335,1
1855,1403715979.334058046,19.0710,19.0465,12.9919,2,6,0,0,0,2,0.0000,15.5775,15.5350,1
1856,1403715979.384058237,14.2964,14.1298,7.9918,2,13,0,0,1,1,0.0000,10.6338,10.5952,1
1857,1403715979.434058189,13.6630,13.6522,7.6201,2,13,0,0,1,1,0.0000,10.2808,10.2505,1
1858,1403715979.484058142,14.0622,13.9844,7.7019,2,13,0,0,1,1,0.0000,10.3979,10.3531,1
1859,1403715979.534058094,3.7419,3.7260,0.1760,2,3,0,0,0,2,0.0000,0.2740,0.2360,1
1860,1403715979.584058285,36.0885,36.0643,30.3719,2,13,0,0,1,1,0.0000,32.9933,32.9555,1
1861,1403715979.634057999,3.7264,3.6831,0.1678,2,4,0,0,0,2,0.0000,0.2598,0.2218,1
1862,1403715979.684058189,13.6469,13.6354,7.7171,2,13,0,0,1,1,0.0000,10.3445,10.3038,1
1863,1403715979.734058142,3.5918,3.5936,0.1860,2,4,0,0,0,2,0.0000,0.2809,0.2406,1
1864,1403715979.784058094,13.5746,13.5783,7.6880,2,13,0,0,1,1,0.0000,10.3763,10.3402,1
1865,1403715979.834058046,3.5875,3.5916,0.1800,2,4,0,0,0,2,0.0000,0.2799,0.2354,1
1866,1403715979.884058237,13.9680,13.9561,7.7898,2,13,0,0,1,1,0.0000,10.4391,10.4077,1
1867,1403715979.934058189,16.7085,16.6707,8.0752,2,13,0,0,1,1,0.0000,13.3822,13.3441,1
1868,1403715979.984058142,13.2493,13.2406,7.7200,2,13,0,0,1,1,0.0000,10.1845,10.1512,1
1869,1403715980.034058094,35.9147,35.9184,30.8650,2,13,0,0,1,1,0.0000,33.2409,33.2108,1
1870,1403715980.084058285,12.6607,12.6643,7.3748,2,13,0,0,1,1,0.0000,9.8688,9.8385,1
1871,1403715980.134057999,18.8485,18.8172,12.9089,2,13,0,0,1,1,0.0000,15.5088,15.4762,1
1872,1403715980.184058189,37.2552,37.1993,30.9319,2,12,0,0,0,2,0.0000,33.5260,33.4860,1
1873,1403715980.234058142,37.8151,37.7999,31.5559,2,13,0,0,1,1,0.0000,34.1892,34.1382,1
1874,1403715980.284058094,3.3837,3.3872,0.1771,2,3,0,0,0,2,0.0000,0.2761,0.2384,1
1875,1403715980.334058046,36.7050,36.6994,31.0497,2,13,0,0,1,1,0.0000,33.5984,33.5637,1
1876,1403715980.384058237,3.1590,3.1568,0.1810,2,4,0,0,0,2,0.0000,0.2772,0.2358,1
1877,1403715980.434058189,36.7968,36.7715,31.2908,2,13,0,0,1,1,0.0000,33.8145,33.7853,1
1878,1403715980.484058142,3.0600,3.0604,0.1910,2,4,0,0,0,2,0.0000,0.2837,0.2493,1
1879,1403715980.534058094,3.2767,3.2804,0.2573,2,4,0,0,0,2,0.0000,0.3602,0.3269,1
1880,1403715980.584058285,36.9571,36.9527,31.2979,2,13,0,0,1,1,0.0000,33.9684,33.9370,1
1881,1403715980.634057999,3.3213,3.3249,0.1798,2,4,0,0,0,2,0.0000,0.2698,0.2346,1
1882,1403715980.684058189,3.1391,3.1433,0.2699,2,4,0,0,0,2,0.0000,0.3737,0.3398,1
1883,1403715980.734058142,36.9805,36.9601,31.1842,2,13,0,0,1,1,0.0000,33.7667,33.7322,1
1884,1403715980.784058094,3.5309,3.4853,0.1791,2,4,0,0,0,2,0.0000,0.2672,0.2324,1
1885,1403715980.834058046,3.4349,3.4290,0.2539,2,4,0,0,0,2,0.0000,0.3644,0.3227,1
1886,1403715980.884058237,35.7923,35.7892,30.3850,2,13,0,0,1,1,0.0000,32.9127,32.8787,1
1887,1403715980.934058189,3.3312,3.3291,0.1559,2,4,0,0,0,2,0.0000,0.2438,0.2066,1
1888,1403715980.984058142,3.2825,3.2861,0.2289,2,4,0,0,0,2,0.0000,0.3230,0.2886,1
1889,1403715981.034058094,36.1375,36.1023,30.7069,2,13,0,0,1,1,0.0000,33.2103,33.1807,1
1890,1403715981.084058285,3.3303,3.2635,0.1509,2,4,0,0,0,2,0.0000,0.2304,0.1982,1
1891,1403715981.134057999,12.8094,12.7200,7.4022,2,13,0,0,1,1,0.0000,9.8429,9.8130,1
1892,1403715981.184058189,3.1980,3.1938,0.1574,2,4,0,0,0,2,0.0000,0.2407,0.2090,1
1893,1403715981.234058142,12.4239,12.4230,7.2408,2,13,0,0,1,1,0.0000,9.6443,9.6205,1
1894,1403715981.284058094,12.3295,12.3351,7.1042,2,13,0,0,1,1,0.0000,9.4974,9.4675,1
1895,1403715981.334058046,12.3054,12.3092,7.0829,2,13,0,0,1,1,0.0000,9.4413,9.4084,1
1896,1403715981.384058237,12.4678,12.4611,7.0682,2,13,0,0,1,1,0.0000,9.4109,9.3781,1
1897,1403715981.434058189,3.1084,3.0758,0.1462,2,3,0,0,0,2,0.0000,0.2310,0.1985,1
1898,1403715981.484058142,3.3152,3.2945,0.2630,2,4,0,0,0,2,0.0000,0.3641,0.3350,1
1899,1403715981.534058094,17.3730,17.3695,12.2769,2,13,0,0,1,1,0.0000,14.5349,14.5093,1
1900,1403715981.584058285,3.0615,3.0598,0.1521,2,4,0,0,0,2,0.0000,0.2283,0.1974,1
1901,1403715981.634057999,25.8695,25.8728,20.6130,2,13,0,0,1,1,0.0000,22.9648,22.9370,1
1902,1403715981.684058189,3.1880,3.1782,0.1848,2,4,0,0,0,2,0.0000,0.2811,0.2418,1
1903,1403715981.734058142,3.3370,3.3260,0.2389,2,4,0,0,0,2,0.0000,0.3340,0.3050,1
1904,1403715981.784058094,3.5281,3.5210,0.3829,2,4,0,0,0,2,0.0000,0.5243,0.4800,1
1905,1403715981.834058046,12.7115,12.7087,7.3440,2,13,0,0,1,1,0.0000,9.7347,9.7014,1
1906,1403715981.884058237,3.4100,3.4118,0.1631,2,4,0,0,0,2,0.0000,0.2490,0.2112,1
1907,1403715981.934058189,35.6615,35.6398,29.9878,2,13,0,0,1,1,0.0000,32.5325,32.4955,1
1908,1403715981.984058142,3.6295,3.6333,0.1779,2,4,0,0,0,2,0.0000,0.2790,0.2365,1
1909,1403715982.034058094,3.4720,3.4757,0.2539,2,4,0,0,0,2,0.0000,0.3653,0.3232,1
1910,1403715982.084058285,4.0632,3.9796,0.3507,2,4,0,0,0,2,0.0000,0.4985,0.4435,1
1911,1403715982.134057999,36.1529,36.1063,29.8939,2,13,0,0,1,1,0.0000,32.6231,32.5734,1
1912,1403715982.184058189,3.7707,3.7290,0.1962,2,4,0,0,0,2,0.0000,0.3067,0.2561,1
1913,1403715982.234058142,3.4538,3.4581,0.2842,2,4,0,0,0,2,0.0000,0.4085,0.3584,1
1914,1403715982.284058094,19.2500,19.2223,13.3500,2,13,0,0,1,1,0.0000,15.9955,15.9530,1
1915,1403715982.334058046,3.4846,3.4788,0.1912,2,4,0,0,0,2,0.0000,0.2962,0.2458,1
1916,1403715982.384058237,31.1522,31.1337,25.3291,2,13,0,0,1,1,0.0000,27.9897,27.9451,1
1917,1403715982.434058189,3.5804,3.5811,0.2017,2,4,0,0,0,2,0.0000,0.3239,0.2647,1
1918,1403715982.484058142,3.7251,3.6920,0.2949,2,4,0,0,0,2,0.0000,0.4183,0.3709,1
1919,1403715982.534058094,14.1471,14.1298,7.7991,2,13,0,0,1,1,0.0000,10.3604,10.3115,1
1920,1403715982.584058285,14.1238,14.0935,7.8640,2,13,0,0,1,1,0.0000,10.4512,10.4038,1
1921,1403715982.634057999,13.9104,13.8632,7.6451,2,13,0,0,1,1,0.0000,10.3555,10.3094,1
1922,1403715982.684058189,3.8552,3.8022,0.1891,2,4,0,0,0,2,0.0000,0.2965,0.2484,1
1923,1403715982.734058142,13.0233,13.0239,7.3082,2,13,0,0,1,1,0.0000,9.8705,9.8248,1
1924,1403715982.784058094,13.5015,13.4726,7.3740,2,13,0,0,1,1,0.0000,9.8909,9.8437,1
1925,1403715982.834058046,3.6363,3.6410,0.1969,2,4,0,0,0,2,0.0000,0.3060,0.2567,1
1926,1403715982.884058237,13.5040,13.4973,7.6652,2,13,0,0,1,1,0.0000,10.2832,10.2330,1
1927,1403715982.934058189,3.5976,3.5981,0.1869,2,4,0,0,0,2,0.0000,0.2986,0.2472,1
1928,1403715982.984058142,3.7385,3.7422,0.2642,2,4,0,0,0,2,0.0000,0.3859,0.3382,1
1929,1403715983.034058094,19.3349,19.3154,12.8169,2,13,0,0,1,1,0.0000,15.4708,15.4255,1
1930,1403715983.084058285,3.7460,3.7499,0.1981,2,4,0,0,0,2,0.0000,0.3156,0.2612,1
1931,1403715983.134057999,3.8971,3.8978,0.2551,2,4,0,0,0,2,0.0000,0.3707,0.3257,1
1932,1403715983.184058189,4.1852,4.1519,0.3400,2,4,0,0,0,2,0.0000,0.4747,0.4270,1
1933,1403715983.234058142,13.7848,13.7125,7.3903,2,13,0,0,1,1,0.0000,10.1225,10.0728,1
1934,1403715983.284058094,4.3452,4.3204,0.2351,2,4,0,0,0,2,0.0000,0.3666,0.3134,1
1935,1403715983.334058046,4.2130,4.1707,0.3021,2,4,0,0,0,2,0.0000,0.4400,0.3925,1
1936,1403715983.384058237,4.4053,4.3858,0.4249,2,4,0,0,0,2,0.0000,0.5935,0.5402,1
1937,1403715983.434058189,14.6116,14.6130,7.8568,2,13,0,0,1,1,0.0000,10.6423,10.5935,1
1938,1403715983.484058142,3.8612,3.8649,0.2239,2,4,0,0,0,2,0.0000,0.3469,0.2988,1
1939,1403715983.534058094,4.5852,4.4477,0.3300,2,4,0,0,0,2,0.0000,0.4748,0.4232,1
1940,1403715983.584058285,4.5180,4.5179,0.3970,2,4,0,0,0,2,0.0000,0.5583,0.5035,1
1941,1403715983.634057999,20.6046,20.6085,13.7441,2,13,0,0,1,1,0.0000,16.5078,16.4568,1
1942,1403715983.684058189,4.1005,4.1041,0.2160,2,4,0,0,0,2,0.0000,0.3415,0.2898,1
1943,1403715983.734058142,4.6855,4.6258,0.3088,2,4,0,0,0,2,0.0000,0.4527,0.3977,1
1944,1403715983.784058094,4.2485,4.2457,0.3588,2,4,0,0,0,2,0.0000,0.5038,0.4543,1
1945,1403715983.834058046,19.8469,19.8493,13.5419,2,13,0,0,1,1,0.0000,16.1821,16.1373,1
1946,1403715983.884058237,4.0608,4.0470,0.1900,2,4,0,0,0,2,0.0000,0.2975,0.2506,1
1947,1403715983.934058189,14.3793,14.2948,7.7510,2,13,0,0,1,1,0.0000,10.4445,10.4033,1
1948,1403715983.984058142,14.4120,14.4083,7.7660,2,13,0,0,1,1,0.0000,10.4909,10.4439,1
1949,1403715984.034058094,36.2820,36.2007,30.0782,2,13,0,0,1,1,0.0000,32.5934,32.5503,1
1950,1403715984.084058285,34.9465,34.9136,29.1009,2,13,0,0,1,1,0.0000,31.5107,31.4774,1
1951,1403715984.134057999,13.9442,13.8291,7.4120,2,13,0,0,1,1,0.0000,9.9087,9.8586,1
1952,1403715984.184058189,18.7520,18.7216,12.8620,2,13,0,0,1,1,0.0000,15.3019,15.2609,1
1953,1403715984.234058142,13.1326,13.1180,7.1659,2,13,0,0,1,1,0.0000,9.6050,9.5675,1
1954,1403715984.284058094,12.8391,12.8314,7.2269,2,13,0,0,1,1,0.0000,9.5670,9.5300,1
1955,1403715984.334058046,32.0169,32.0078,26.1538,2,11,0,0,0,2,0.0000,28.6646,28.6285,1
1956,1403715984.384058237,35.5125,35.5041,29.7301,2,13,0,0,1,1,0.0000,32.2030,32.1757,1
1957,1403715984.434058189,29.7192,29.7109,23.7617,2,13,0,0,1,1,0.0000,26.2767,26.2399,1
1958,1403715984.484058142,18.5360,18.5187,12.6550,2,6,0,0,0,2,0.0000,15.1541,15.1223,1
1959,1403715984.534058094,13.6400,13.6413,7.2932,2,13,0,0,1,1,0.0000,9.8057,9.7737,1
1960,1403715984.584058285,13.5396,13.5290,7.4120,2,13,0,0,1,1,0.0000,9.9137,9.8792,1
1961,1403715984.634057999,14.1445,14.1477,7.3130,2,13,0,0,1,1,0.0000,9.7515,9.7220,1
1962,1403715984.684058189,14.6547,14.6220,7.5450,2,13,0,0,1,1,0.0000,10.0740,10.0406,1
1963,1403715984.734058142,41.1967,40.9504,30.8681,2,13,0,0,1,1,0.0000,33.5209,33.4761,1
1964,1403715984.784058094,26.8766,26.8382,19.3110,2,13,0,0,1,1,0.0000,21.8753,21.8394,1
1965,1403715984.834058046,13.9238,13.8757,7.4451,2,13,0,0,1,1,0.0000,9.9290,9.8984,1
1966,1403715984.884058237,34.4996,34.4975,28.5802,2,12,0,0,0,2,0.0000,31.0519,31.0165,1
1967,1403715984.934058189,23.9833,23.9661,17.9598,2,13,0,0,1,1,0.0000,20.4433,20.4077,1
1968,1403715984.984058142,18.2160,18.1959,12.3100,2,13,0,0,1,1,0.0000,14.6280,14.6027,1
1969,1403715985.034058094,31.9601,31.9185,26.1040,2,11,0,0,0,2,0.0000,28.4280,28.3874,1
1970,1403715985.084058285,29.3550,29.3345,23.8430,2,10,0,0,0,2,0.0000,26.1408,26.1022,1
1971,1403715985.134057999,35.0122,34.9967,29.3419,2,13,0,0,1,1,0.0000,31.5728,31.5473,1
1972,1403715985.184058189,35.9687,35.9580,30.3910,2,13,0,0,1,1,0.0000,32.9007,32.8654,1
1973,1403715985.234058142,3.0650,3.0685,0.1509,2,3,0,0,0,2,0.0000,0.2333,0.2050,1
1974,1403715985.284058094,35.4940,35.4920,30.2320,2,12,0,0,1,1,0.0000,32.6867,32.6560,1
1975,1403715985.334058046,3.1623,3.1604,0.1760,2,4,0,0,0,2,0.0000,0.2688,0.2292,1
1976,1403715985.384058237,3.0662,3.0700,0.2601,2,4,0,0,0,2,0.0000,0.3598,0.3261,1
1977,1403715985.434058189,3.3608,3.3591,0.3371,2,4,0,0,0,2,0.0000,0.4553,0.4217,1
1978,1403715985.484058142,18.4415,18.4452,13.0000,2,13,0,0,1,1,0.0000,15.5546,15.5095,1
1979,1403715985.534058094,3.2080,3.2067,0.1919,2,4,0,0,0,2,0.0000,0.2904,0.2562,1
1980,1403715985.584058285,13.0185,12.9905,7.3910,2,13,0,0,1,1,0.0000,9.8698,9.8393,1
1981,1403715985.634057999,12.8985,12.9022,7.4770,2,13,0,0,1,1,0.0000,9.9799,9.9437,1
1982,1403715985.684058189,3.3638,3.3579,0.1638,2,3,0,0,0,2,0.0000,0.2675,0.2263,1
1983,1403715985.734058142,3.2875,3.2911,0.2701,2,4,0,0,0,2,0.0000,0.3772,0.3462,1
1984,1403715985.784058094,3.6392,3.6255,0.3691,2,4,0,0,0,2,0.0000,0.5027,0.4674,1
1985,1403715985.834058046,14.2732,14.1167,7.6551,2,13,0,0,1,1,0.0000,10.3178,10.2709,1
1986,1403715985.884058237,3.4588,3.4605,0.2103,2,4,0,0,0,2,0.0000,0.3316,0.2859,1
1987,1403715985.934058189,3.5995,3.5794,0.2918,2,4,0,0,0,2,0.0000,0.4282,0.3817,1
1988,1403715985.984058142,3.7262,3.6910,0.4139,2,4,0,0,0,2,0.0000,0.5764,0.5294,1
1989,1403715986.034058094,13.5380,13.5375,7.8070,2,13,0,0,1,1,0.0000,10.5013,10.4571,1
1990,1403715986.084058285,3.7351,3.7182,0.2809,2,4,0,0,0,2,0.0000,0.4253,0.3705,1
1991,1403715986.134057999,3.8690,3.7629,0.3722,2,4,0,0,0,2,0.0000,0.5328,0.4838,1
1992,1403715986.184058189,3.8254,3.8222,0.4771,2,4,0,0,0,2,0.0000,0.6659,0.6177,1
1993,1403715986.234058142,13.7566,13.7418,7.8788,2,13,0,0,1,1,0.0000,10.5808,10.5306,1
1994,1403715986.284058094,3.4858,3.4824,0.2401,2,4,0,0,0,2,0.0000,0.3722,0.3200,1
1995,1403715986.334058046,3.7790,3.7795,0.3891,2,4,0,0,0,2,0.0000,0.5560,0.5016,1
1996,1403715986.384058237,3.6588,3.6628,0.4461,2,4,0,0,0,2,0.0000,0.6211,0.5739,1
1997,1403715986.434058189,13.7802,13.7839,8.0152,2,13,0,0,1,1,0.0000,10.7400,10.6902,1
1998,1403715986.484058142,3.4813,3.4780,0.2301,2,4,0,0,0,2,0.0000,0.3604,0.3096,1
1999,1403715986.534058094,3.6892,3.6804,0.3259,2,4,0,0,0,2,0.0000,0.4713,0.4275,1
2000,1403715986.584058285,3.8107,3.7344,0.4220,2,4,0,0,0,2,0.0000,0.5885,0.5447,1
2001,1403715986.634057999,13.8977,13.8940,7.9489,2,13,0,0,1,1,0.0000,10.6885,10.6487,1
2002,1403715986.684058189,3.3844,3.3848,0.1948,2,4,0,0,0,2,0.0000,0.3027,0.2582,1
2003,1403715986.734058142,3.5481,3.5388,0.2809,2,4,0,0,0,2,0.0000,0.4067,0.3618,1
2004,1403715986.784058094,3.4710,3.4694,0.3381,2,4,0,0,0,2,0.0000,0.4744,0.4354,1
2005,1403715986.834058046,13.6278,13.6240,7.9319,2,13,0,0,1,1,0.0000,10.7174,10.6752,1
2006,1403715986.884058237,3.3577,3.3537,0.1900,2,4,0,0,0,2,0.0000,0.3023,0.2544,1
2007,1403715986.934058189,3.7672,3.7579,0.3049,2,4,0,0,0,2,0.0000,0.4477,0.3988,1
2008,1403715986.984058142,3.7611,3.7583,0.4270,2,4,0,0,0,2,0.0000,0.5927,0.5437,1
2009,1403715987.034058094,14.4781,14.4776,8.3899,2,13,0,0,1,1,0.0000,11.3210,11.2726,1
2010,1403715987.084058285,3.4911,3.4885,0.2067,2,4,0,0,0,2,0.0000,0.3279,0.2772,1
2011,1403715987.134057999,3.5145,3.5165,0.3259,2,4,0,0,0,2,0.0000,0.4673,0.4205,1
2012,1403715987.184058189,3.6328,3.6322,0.4020,2,4,0,0,0,2,0.0000,0.5700,0.5155,1
2013,1403715987.234058142,14.3922,14.3888,8.2960,2,13,0,0,1,1,0.0000,11.1113,11.0738,1
2014,1403715987.284058094,3.3080,3.3118,0.1860,2,4,0,0,0,2,0.0000,0.2970,0.2467,1
2015,1403715987.334058046,3.5920,3.5758,0.2999,2,4,0,0,0,2,0.0000,0.4382,0.3863,1
2016,1403715987.384058237,3.6880,3.6895,0.3822,2,4,0,0,0,2,0.0000,0.5365,0.4886,1
2017,1403715987.434058189,14.5481,14.5365,8.4009,2,13,0,0,1,1,0.0000,11.3979,11.3480,1
2018,1403715987.484058142,3.8325,3.7382,0.2601,2,4,0,0,0,2,0.0000,0.4000,0.3430,1
2019,1403715987.534058094,3.5730,3.5767,0.3419,2,4,0,0,0,2,0.0000,0.4931,0.4465,1
2020,1403715987.584058285,3.8415,3.7984,0.4940,2,4,0,0,0,2,0.0000,0.6956,0.6349,1
2021,1403715987.634057999,14.4282,14.4319,8.4250,2,13,0,0,1,1,0.0000,11.4549,11.4049,1
2022,1403715987.684058189,3.4710,3.4480,0.2317,2,4,0,0,0,2,0.0000,0.3578,0.3080,1
2023,1403715987.734058142,3.3220,3.3259,0.3061,2,4,0,0,0,2,0.0000,0.4519,0.4029,1
2024,1403715987.784058094,3.6242,3.5914,0.4330,2,4,0,0,0,2,0.0000,0.6024,0.5570,1
2025,1403715987.834058046,14.5158,14.5170,8.4589,2,13,0,0,1,1,0.0000,11.5024,11.4563,1
2026,1403715987.884058237,3.2490,3.2530,0.2141,2,4,0,0,0,2,0.0000,0.3374,0.2870,1
2027,1403715987.934058189,3.4022,3.4061,0.3171,2,4,0,0,0,2,0.0000,0.4568,0.4127,1
2028,1403715987.984058142,3.5057,3.5098,0.4079,2,4,0,0,0,2,0.0000,0.5752,0.5263,1
2029,1403715988.034058094,14.9185,14.8435,8.6300,2,13,0,0,1,1,0.0000,11.7434,11.6829,1
2030,1403715988.084058285,3.2018,3.2057,0.2081,2,4,0,0,0,2,0.0000,0.3205,0.2765,1
2031,1403715988.134057999,14.4824,14.4767,8.3110,2,13,0,0,1,1,0.0000,11.1975,11.1686,1
2032,1403715988.184058189,14.8650,14.8367,8.5640,2,13,0,0,1,1,0.0000,11.6013,11.5337,1
2033,1403715988.234058142,3.7726,3.7725,0.3278,2,4,0,0,0,2,0.0000,0.4888,0.4362,1
2034,1403715988.284058094,4.0423,4.0231,0.4520,2,4,0,0,0,2,0.0000,0.6314,0.5893,1
2035,1403715988.334058046,3.9582,3.9533,0.5980,2,4,0,0,0,2,0.0000,0.8234,0.7741,1
2036,1403715988.384058237,15.3666,15.3297,8.7960,2,13,0,0,1,1,0.0000,11.8322,11.7702,1
2037,1403715988.434058189,3.5051,3.5086,0.2711,2,4,0,0,0,2,0.0000,0.4061,0.3642,1
2038,1403715988.484058142,3.5905,3.5918,0.4101,2,4,0,0,0,2,0.0000,0.5898,0.5351,1
2039,1403715988.534058094,4.0090,4.0042,0.7288,2,13,0,0,1,1,0.0000,0.9409,0.8905,1
2040,1403715988.584058285,15.7935,15.6880,9.2082,2,13,0,0,1,1,0.0000,12.2709,12.2314,1
2041,1403715988.634057999,3.7335,3.7223,0.2768,2,4,0,0,0,2,0.0000,0.4331,0.3729,1
2042,1403715988.684058189,3.8330,3.8290,0.3991,2,4,0,0,0,2,0.0000,0.5800,0.5197,1
2043,1403715988.734058142,4.0617,4.0655,0.6402,2,13,0,0,1,1,0.0000,0.8397,0.7848,1
2044,1403715988.784058094,15.9286,15.9267,9.4240,2,13,0,0,1,1,0.0000,12.5820,12.5141,1
2045,1403715988.834058046,3.7498,3.7189,0.2971,2,4,0,0,0,2,0.0000,0.4591,0.3993,1
2046,1403715988.884058237,3.6942,3.6975,0.3090,2,4,0,0,0,2,0.0000,0.4396,0.4040,1
2047,1403715988.934058189,3.8435,3.8098,0.4311,2,4,0,0,0,2,0.0000,0.6222,0.5519,1
2048,1403715988.984058142,15.3196,15.3090,9.0590,2,13,0,0,1,1,0.0000,12.1341,12.0873,1
2049,1403715989.034058094,3.8802,3.8783,0.2499,2,4,0,0,0,2,0.0000,0.3936,0.3372,1
2050,1403715989.084058285,4.2419,4.2058,0.3560,2,4,0,0,0,2,0.0000,0.5363,0.4719,1
2051,1403715989.134057999,4.2312,4.2298,0.4442,2,4,0,0,0,2,0.0000,0.6334,0.5702,1
2052,1403715989.184058189,15.5528,15.5568,9.0258,2,13,0,0,1,1,0.0000,12.1146,12.0575,1
2053,1403715989.234058142,3.8813,3.8850,0.2239,2,4,0,0,0,2,0.0000,0.3604,0.3056,1
2054,1403715989.284058094,4.0473,4.0490,0.3412,2,4,0,0,0,2,0.0000,0.5080,0.4501,1
2055,1403715989.334058046,4.3451,4.3285,0.5062,2,13,0,0,1,1,0.0000,0.6815,0.6281,1
2056,1403715989.384058237,16.1137,16.0780,9.3641,2,13,0,0,1,1,0.0000,12.4512,12.3937,1
2057,1403715989.434058189,4.3272,4.2808,0.2651,2,4,0,0,0,2,0.0000,0.4233,0.3565,1
2058,1403715989.484058142,4.4240,4.4167,0.3970,2,4,0,0,0,2,0.0000,0.5845,0.5212,1
2059,1403715989.534058094,4.8651,4.8063,0.6230,2,13,0,0,1,1,0.0000,0.8418,0.7771,1
2060,1403715989.584058285,21.7515,21.7551,15.1820,2,13,0,0,1,1,0.0000,18.1740,18.1154,1
2061,1403715989.634057999,4.0095,3.9563,0.2351,2,4,0,0,0,2,0.0000,0.3781,0.3183,1
2062,1403715989.684058189,4.0381,4.0297,0.3622,2,4,0,0,0,2,0.0000,0.5383,0.4749,1
2063,1403715989.734058142,4.0873,4.0910,0.4520,2,4,0,0,0,2,0.0000,0.6410,0.5838,1
2064,1403715989.784058094,14.9780,14.9815,8.7669,2,13,0,0,1,1,0.0000,11.7172,11.6645,1
2065,1403715989.834058046,3.7479,3.7088,0.2151,2,4,0,0,0,2,0.0000,0.3472,0.2912,1
2066,1403715989.884058237,3.6617,3.6587,0.3259,2,4,0,0,0,2,0.0000,0.4821,0.4270,1
2067,1403715989.934058189,3.8909,3.8907,0.4230,2,4,0,0,0,2,0.0000,0.5997,0.5466,1
2068,1403715989.984058142,15.4674,15.4448,8.9741,2,13,0,0,1,1,0.0000,12.0745,12.0196,1
2069,1403715990.034058094,4.2159,4.1744,0.2561,2,4,0,0,0,2,0.0000,0.4022,0.3435,1
2070,1403715990.084058285,3.9333,3.9371,0.3319,2,4,0,0,0,2,0.0000,0.4928,0.4390,1
2071,1403715990.134057999,4.2651,4.2645,0.6120,2,13,0,0,1,1,0.0000,0.8129,0.7538,1
2072,1403715990.184058189,15.1932,15.1947,8.7030,2,13,0,0,1,1,0.0000,11.8318,11.7747,1
2073,1403715990.234058142,3.8897,3.8932,0.2408,2,4,0,0,0,2,0.0000,0.3802,0.3253,1
2074,1403715990.284058094,4.0943,3.9881,0.3340,2,4,0,0,0,2,0.0000,0.4960,0.4420,1
2075,1403715990.334058046,4.3515,4.3481,0.5732,2,13,0,0,1,1,0.0000,0.7652,0.7093,1
2076,1403715990.384058237,21.5051,21.4683,14.7700,2,13,0,0,1,1,0.0000,17.8361,17.7773,1
2077,1403715990.434058189,4.0414,4.0402,0.2451,2,4,0,0,0,2,0.0000,0.3936,0.3344,1
2078,1403715990.484058142,4.1858,4.1790,0.3600,2,4,0,0,0,2,0.0000,0.5358,0.4771,1
2079,1403715990.534058094,4.6087,4.5947,0.5260,2,13,0,0,1,1,0.0000,0.7120,0.6550,1
2080,1403715990.584058285,34.1051,34.0845,27.3216,2,13,0,0,1,1,0.0000,30.4953,30.4335,1
2081,1403715990.634057999,4.2495,4.2375,0.2420,2,4,0,0,0,2,0.0000,0.3941,0.3259,1
2082,1403715990.684058189,4.2276,4.2225,0.3331,2,4,0,0,0,2,0.0000,0.5003,0.4381,1
2083,1403715990.734058142,4.3375,4.3387,0.4802,2,13,0,0,1,1,0.0000,0.6610,0.5962,1
2084,1403715990.784058094,14.8860,14.8814,8.2750,2,13,0,0,1,1,0.0000,11.3706,11.3016,1
2085,1403715990.834058046,4.1755,4.1735,0.1731,2,4,0,0,0,2,0.0000,0.2933,0.2356,1
2086,1403715990.884058237,4.1173,4.1119,0.2713,2,4,0,0,0,2,0.0000,0.4000,0.3486,1
2087,1403715990.934058189,15.6141,15.6156,8.5418,2,13,0,0,1,1,0.0000,11.6277,11.5765,1
2088,1403715990.984058142,4.8508,4.8544,0.1559,2,4,0,0,0,2,0.0000,0.2546,0.2064,1
2089,1403715991.034058094,16.5674,16.5522,8.7512,2,13,0,0,1,1,0.0000,11.8614,11.8168,1
2090,1403715991.084058285,16.4177,16.4214,8.8291,2,13,0,0,1,1,0.0000,11.8569,11.8122,1
2091,1403715991.134057999,16.2545,16.2527,8.5611,2,13,0,0,1,1,0.0000,11.6865,11.6503,1
2092,1403715991.184058189,5.2252,5.2150,0.1791,2,3,0,0,0,2,0.0000,0.3173,0.2477,1
2093,1403715991.234058142,5.1871,5.1814,0.3006,2,4,0,0,0,2,0.0000,0.4653,0.3846,1
2094,1403715991.284058094,5.2467,5.2069,0.4640,2,13,0,0,1,1,0.0000,0.6419,0.5697,1
2095,1403715991.334058046,39.2320,39.1843,31.2591,2,12,1,0,0,1,0.0000,34.5303,34.4583,1
2096,1403715991.384058237,4.9175,4.8950,0.2351,2,3,0,0,0,2,0.0000,0.3985,0.3317,1
2097,1403715991.434058189,5.1808,5.1812,0.4759,2,4,0,0,0,2,0.0000,0.7065,0.6216,1
2098,1403715991.484058142,5.3752,5.3760,0.7219,2,5,0,0,0,2,0.0000,0.9649,0.8996,1
2099,1403715991.534058094,16.6243,16.6279,9.1617,2,13,0,0,1,1,0.0000,12.3220,12.2410,1
2100,1403715991.584058285,4.7352,4.7298,0.2131,2,4,0,0,0,2,0.0000,0.3577,0.2839,1
2101,1403715991.634057999,4.8805,4.8808,0.3021,2,4,0,0,0,2,0.0000,0.4739,0.3934,1
2102,1403715991.684058189,4.9907,4.9944,0.4919,2,13,0,0,1,1,0.0000,0.6855,0.6123,1
2103,1403715991.734058142,16.2374,16.2040,8.5680,2,13,0,0,1,1,0.0000,11.6072,11.5273,1
2104,1403715991.784058094,4.6957,4.6995,0.1807,2,4,0,0,0,2,0.0000,0.3250,0.2422,1
2105,1403715991.834058046,4.8167,4.8206,0.2651,2,4,0,0,0,2,0.0000,0.4208,0.3422,1
2106,1403715991.884058237,4.9795,4.9721,0.3490,2,4,0,0,0,2,0.0000,0.5278,0.4412,1
2107,1403715991.934058189,15.9150,15.9034,8.2149,2,13,0,0,1,1,0.0000,11.3476,11.2572,1
2108,1403715991.984058142,5.0950,5.0280,0.1810,2,4,0,0,0,2,0.0000,0.3312,0.2378,1
2109,1403715992.034058094,5.0903,5.0498,0.2890,2,4,0,0,0,2,0.0000,0.4638,0.3689,1
2110,1403715992.084058285,5.2177,5.1717,0.3641,2,4,0,0,0,2,0.0000,0.5458,0.4617,1
2111,1403715992.134057999,15.9401,15.9185,8.0440,2,13,0,0,1,1,0.0000,11.1040,11.0174,1
2112,1403715992.184058189,4.8784,4.8593,0.1669,2,4,0,0,0,2,0.0000,0.3042,0.2228,1
2113,1403715992.234058142,15.9834,15.8853,8.0221,2,13,0,0,1,1,0.0000,11.0045,10.9085,1
2114,1403715992.284058094,5.2490,5.1825,0.3211,2,13,0,0,1,1,0.0000,0.4893,0.3985,1
2115,1403715992.334058046,18.1418,18.1351,7.9141,2,13,0,0,1,1,0.0000,13.6526,13.5738,1
2116,1403715992.384058237,4.9027,4.8475,0.1829,2,3,0,0,0,2,0.0000,0.3429,0.2524,1
2117,1403715992.434058189,5.5016,5.4660,0.3190,2,4,0,0,0,2,0.0000,0.5038,0.4086,1
2118,1403715992.484058142,6.1513,6.0431,0.3500,2,4,0,0,0,2,0.0000,0.5434,0.4382,1
2119,1403715992.534058094,5.5829,5.5855,0.5248,2,13,0,0,1,1,0.0000,0.7298,0.6302,1
2120,1403715992.584058285,5.5822,5.5762,0.6151,2,13,0,0,1,1,0.0000,0.8372,0.7333,1
2121,1403715992.634057999,5.6723,5.6434,0.6869,2,13,0,0,1,1,0.0000,0.9065,0.8109,1
2122,1403715992.684058189,5.8926,5.8836,0.7830,2,13,0,0,1,1,0.0000,1.0022,0.9173,1
2123,1403715992.734058142,5.8612,5.7459,0.8609,2,13,0,0,1,1,0.0000,1.0933,1.0048,1
2124,1403715992.784058094,5.4693,5.4495,0.4768,2,13,0,0,1,1,0.0000,0.8405,0.7552,1
2125,1403715992.834058046,19.0094,18.9740,8.1849,2,13,0,0,1,1,0.0000,14.1416,14.0623,1
2126,1403715992.884058237,5.0201,5.0104,0.1979,2,3,0,0,0,2,0.0000,0.3466,0.2657,1
2127,1403715992.934058189,4.9968,4.9895,0.2942,2,4,0,0,0,2,0.0000,0.4519,0.3738,1
2128,1403715992.984058142,5.1280,5.1225,0.4189,2,13,0,0,1,1,0.0000,0.5945,0.5127,1
2129,1403715993.034058094,18.7967,18.7963,8.1940,2,13,0,0,1,1,0.0000,14.2881,14.2073,1
2130,1403715993.084058285,4.7794,4.7731,0.1900,2,3,0,0,0,2,0.0000,0.3381,0.2600,1
2131,1403715993.134057999,25.6919,25.6909,14.9608,2,13,0,0,1,1,0.0000,21.2984,21.2027,1
2132,1403715993.184058189,5.4683,5.4225,0.2580,2,4,0,0,0,2,0.0000,0.4266,0.3405,1
2133,1403715993.234058142,4.9616,4.9623,0.3800,2,4,0,0,0,2,0.0000,0.5634,0.4872,1
2134,1403715993.284058094,5.4808,5.4505,0.6309,2,13,0,0,1,1,0.0000,0.8790,0.7789,1
2135,1403715993.334058046,41.7617,41.5797,34.1780,2,13,1,0,0,1,0.0000,37.1063,37.0307,1
2136,1403715993.384058237,5.0290,5.0197,0.3679,2,13,0,0,1,1,0.0000,0.5286,0.4545,1
2137,1403715993.434058189,5.0139,5.0097,0.4702,2,13,0,0,1,1,0.0000,0.6412,0.5717,1
2138,1403715993.484058142,4.9853,4.9892,0.5231,2,13,0,0,1,1,0.0000,0.7045,0.6312,1
2139,1403715993.534058094,5.1268,5.1304,0.6182,2,13,0,0,1,1,0.0000,0.8008,0.7317,1
2140,1403715993.584058285,5.1993,5.1976,0.6740,2,13,0,0,1,1,0.0000,0.8755,0.8028,1
2141,1403715993.634057999,5.3372,5.3382,0.8409,2,13,0,0,1,1,0.0000,1.0588,0.9810,1
2142,1403715993.684058189,6.0148,5.9750,0.9210,2,13,0,0,1,1,0.0000,1.1658,1.0765,1
2143,1403715993.734058142,20.6610,20.5932,9.5680,2,13,0,0,1,1,0.0000,15.8976,15.8133,1
2144,1403715993.784058094,5.0460,4.9820,0.2420,2,4,0,0,0,2,0.0000,0.4087,0.3222,1
2145,1403715993.834058046,4.9258,4.9205,0.3512,2,4,0,0,0,2,0.0000,0.5387,0.4660,1
2146,1403715993.884058237,5.1302,5.1336,0.5012,2,4,0,0,0,2,0.0000,0.7176,0.6435,1
2147,1403715993.934058189,16.1549,16.1598,8.8031,2,13,0,0,1,1,0.0000,11.8395,11.7679,1
2148,1403715993.984058142,4.7080,4.7120,0.2208,2,4,0,0,0,2,0.0000,0.3662,0.2956,1
